timestamp,source,namespace,metric,dims,stat,value
2026-09-30T11:20:00+00:00,backend,CWAgent,diskio_read_bytes,name=nvme0n1,average,421888.0
2026-09-30T11:21:00+00:00,backend,CWAgent,diskio_read_bytes,name=nvme0n1,average,831488.0
2026-09-30T11:22:00+00:00,backend,CWAgent,diskio_read_bytes,name=nvme0n1,average,35471360.0
2026-09-30T11:23:00+00:00,backend,CWAgent,diskio_read_bytes,name=nvme0n1,average,471040.0
2026-09-30T11:24:00+00:00,backend,CWAgent,diskio_read_bytes,name=nvme0n1,average,376832.0
2026-09-30T11:25:00+00:00,backend,CWAgent,diskio_read_bytes,name=nvme0n1,average,37883904.0
2026-09-30T11:26:00+00:00,backend,CWAgent,diskio_read_bytes,name=nvme0n1,average,20922368.0
2026-09-30T11:27:00+00:00,backend,CWAgent,diskio_read_bytes,name=nvme0n1,average,2605056.0
2026-09-30T11:28:00+00:00,backend,CWAgent,diskio_read_bytes,name=nvme0n1,average,2797568.0
2026-09-30T11:29:00+00:00,backend,CWAgent,diskio_read_bytes,name=nvme0n1,average,1540096.0
2026-09-30T11:30:00+00:00,backend,CWAgent,diskio_read_bytes,name=nvme0n1,average,978944.0
2026-09-30T11:31:00+00:00,backend,CWAgent,diskio_read_bytes,name=nvme0n1,average,737280.0
2026-09-30T11:32:00+00:00,backend,CWAgent,diskio_read_bytes,name=nvme0n1,average,1634304.0
2026-09-30T11:20:00+00:00,backend,CWAgent,diskio_read_bytes,name=nvme0n1,maximum,421888.0
2026-09-30T11:21:00+00:00,backend,CWAgent,diskio_read_bytes,name=nvme0n1,maximum,831488.0
2026-09-30T11:22:00+00:00,backend,CWAgent,diskio_read_bytes,name=nvme0n1,maximum,35471360.0
2026-09-30T11:23:00+00:00,backend,CWAgent,diskio_read_bytes,name=nvme0n1,maximum,471040.0
2026-09-30T11:24:00+00:00,backend,CWAgent,diskio_read_bytes,name=nvme0n1,maximum,376832.0
2026-09-30T11:25:00+00:00,backend,CWAgent,diskio_read_bytes,name=nvme0n1,maximum,37883904.0
2026-09-30T11:26:00+00:00,backend,CWAgent,diskio_read_bytes,name=nvme0n1,maximum,20922368.0
2026-09-30T11:27:00+00:00,backend,CWAgent,diskio_read_bytes,name=nvme0n1,maximum,2605056.0
2026-09-30T11:28:00+00:00,backend,CWAgent,diskio_read_bytes,name=nvme0n1,maximum,2797568.0
2026-09-30T11:29:00+00:00,backend,CWAgent,diskio_read_bytes,name=nvme0n1,maximum,1540096.0
2026-09-30T11:30:00+00:00,backend,CWAgent,diskio_read_bytes,name=nvme0n1,maximum,978944.0
2026-09-30T11:31:00+00:00,backend,CWAgent,diskio_read_bytes,name=nvme0n1,maximum,737280.0
2026-09-30T11:32:00+00:00,backend,CWAgent,diskio_read_bytes,name=nvme0n1,maximum,1634304.0
2026-09-30T11:20:00+00:00,backend,CWAgent,net_bytes_recv,interface=docker0,average,0.0
2026-09-30T11:21:00+00:00,backend,CWAgent,net_bytes_recv,interface=docker0,average,0.0
2026-09-30T11:22:00+00:00,backend,CWAgent,net_bytes_recv,interface=docker0,average,0.0
2026-09-30T11:23:00+00:00,backend,CWAgent,net_bytes_recv,interface=docker0,average,0.0
2026-09-30T11:24:00+00:00,backend,CWAgent,net_bytes_recv,interface=docker0,average,0.0
2026-09-30T11:25:00+00:00,backend,CWAgent,net_bytes_recv,interface=docker0,average,0.0
2026-09-30T11:26:00+00:00,backend,CWAgent,net_bytes_recv,interface=docker0,average,0.0
2026-09-30T11:27:00+00:00,backend,CWAgent,net_bytes_recv,interface=docker0,average,0.0
2026-09-30T11:28:00+00:00,backend,CWAgent,net_bytes_recv,interface=docker0,average,0.0
2026-09-30T11:29:00+00:00,backend,CWAgent,net_bytes_recv,interface=docker0,average,0.0
2026-09-30T11:30:00+00:00,backend,CWAgent,net_bytes_recv,interface=docker0,average,0.0
2026-09-30T11:31:00+00:00,backend,CWAgent,net_bytes_recv,interface=docker0,average,0.0
2026-09-30T11:32:00+00:00,backend,CWAgent,net_bytes_recv,interface=docker0,average,0.0
2026-09-30T11:20:00+00:00,backend,CWAgent,net_bytes_recv,interface=docker0,maximum,0.0
2026-09-30T11:21:00+00:00,backend,CWAgent,net_bytes_recv,interface=docker0,maximum,0.0
2026-09-30T11:22:00+00:00,backend,CWAgent,net_bytes_recv,interface=docker0,maximum,0.0
2026-09-30T11:23:00+00:00,backend,CWAgent,net_bytes_recv,interface=docker0,maximum,0.0
2026-09-30T11:24:00+00:00,backend,CWAgent,net_bytes_recv,interface=docker0,maximum,0.0
2026-09-30T11:25:00+00:00,backend,CWAgent,net_bytes_recv,interface=docker0,maximum,0.0
2026-09-30T11:26:00+00:00,backend,CWAgent,net_bytes_recv,interface=docker0,maximum,0.0
2026-09-30T11:27:00+00:00,backend,CWAgent,net_bytes_recv,interface=docker0,maximum,0.0
2026-09-30T11:28:00+00:00,backend,CWAgent,net_bytes_recv,interface=docker0,maximum,0.0
2026-09-30T11:29:00+00:00,backend,CWAgent,net_bytes_recv,interface=docker0,maximum,0.0
2026-09-30T11:30:00+00:00,backend,CWAgent,net_bytes_recv,interface=docker0,maximum,0.0
2026-09-30T11:31:00+00:00,backend,CWAgent,net_bytes_recv,interface=docker0,maximum,0.0
2026-09-30T11:32:00+00:00,backend,CWAgent,net_bytes_recv,interface=docker0,maximum,0.0
2026-09-30T11:20:00+00:00,backend,CWAgent,net_bytes_recv,interface=ens5,average,1867517.0
2026-09-30T11:21:00+00:00,backend,CWAgent,net_bytes_recv,interface=ens5,average,10522.0
2026-09-30T11:22:00+00:00,backend,CWAgent,net_bytes_recv,interface=ens5,average,394191.0
2026-09-30T11:23:00+00:00,backend,CWAgent,net_bytes_recv,interface=ens5,average,3757151.0
2026-09-30T11:24:00+00:00,backend,CWAgent,net_bytes_recv,interface=ens5,average,9486130.0
2026-09-30T11:25:00+00:00,backend,CWAgent,net_bytes_recv,interface=ens5,average,10939350.0
2026-09-30T11:26:00+00:00,backend,CWAgent,net_bytes_recv,interface=ens5,average,8380761.0
2026-09-30T11:27:00+00:00,backend,CWAgent,net_bytes_recv,interface=ens5,average,8618465.0
2026-09-30T11:28:00+00:00,backend,CWAgent,net_bytes_recv,interface=ens5,average,8653580.0
2026-09-30T11:29:00+00:00,backend,CWAgent,net_bytes_recv,interface=ens5,average,8489491.0
2026-09-30T11:30:00+00:00,backend,CWAgent,net_bytes_recv,interface=ens5,average,7614413.0
2026-09-30T11:31:00+00:00,backend,CWAgent,net_bytes_recv,interface=ens5,average,2554844.0
2026-09-30T11:32:00+00:00,backend,CWAgent,net_bytes_recv,interface=ens5,average,10381.0
2026-09-30T11:20:00+00:00,backend,CWAgent,net_bytes_recv,interface=ens5,maximum,1867517.0
2026-09-30T11:21:00+00:00,backend,CWAgent,net_bytes_recv,interface=ens5,maximum,10522.0
2026-09-30T11:22:00+00:00,backend,CWAgent,net_bytes_recv,interface=ens5,maximum,394191.0
2026-09-30T11:23:00+00:00,backend,CWAgent,net_bytes_recv,interface=ens5,maximum,3757151.0
2026-09-30T11:24:00+00:00,backend,CWAgent,net_bytes_recv,interface=ens5,maximum,9486130.0
2026-09-30T11:25:00+00:00,backend,CWAgent,net_bytes_recv,interface=ens5,maximum,10939350.0
2026-09-30T11:26:00+00:00,backend,CWAgent,net_bytes_recv,interface=ens5,maximum,8380761.0
2026-09-30T11:27:00+00:00,backend,CWAgent,net_bytes_recv,interface=ens5,maximum,8618465.0
2026-09-30T11:28:00+00:00,backend,CWAgent,net_bytes_recv,interface=ens5,maximum,8653580.0
2026-09-30T11:29:00+00:00,backend,CWAgent,net_bytes_recv,interface=ens5,maximum,8489491.0
2026-09-30T11:30:00+00:00,backend,CWAgent,net_bytes_recv,interface=ens5,maximum,7614413.0
2026-09-30T11:31:00+00:00,backend,CWAgent,net_bytes_recv,interface=ens5,maximum,2554844.0
2026-09-30T11:32:00+00:00,backend,CWAgent,net_bytes_recv,interface=ens5,maximum,10381.0
2026-09-30T11:20:00+00:00,backend,CWAgent,diskio_read_bytes,name=nvme0n1p14,average,0.0
2026-09-30T11:21:00+00:00,backend,CWAgent,diskio_read_bytes,name=nvme0n1p14,average,0.0
2026-09-30T11:22:00+00:00,backend,CWAgent,diskio_read_bytes,name=nvme0n1p14,average,0.0
2026-09-30T11:23:00+00:00,backend,CWAgent,diskio_read_bytes,name=nvme0n1p14,average,0.0
2026-09-30T11:24:00+00:00,backend,CWAgent,diskio_read_bytes,name=nvme0n1p14,average,0.0
2026-09-30T11:25:00+00:00,backend,CWAgent,diskio_read_bytes,name=nvme0n1p14,average,0.0
2026-09-30T11:26:00+00:00,backend,CWAgent,diskio_read_bytes,name=nvme0n1p14,average,0.0
2026-09-30T11:27:00+00:00,backend,CWAgent,diskio_read_bytes,name=nvme0n1p14,average,0.0
2026-09-30T11:28:00+00:00,backend,CWAgent,diskio_read_bytes,name=nvme0n1p14,average,0.0
2026-09-30T11:29:00+00:00,backend,CWAgent,diskio_read_bytes,name=nvme0n1p14,average,0.0
2026-09-30T11:30:00+00:00,backend,CWAgent,diskio_read_bytes,name=nvme0n1p14,average,0.0
2026-09-30T11:31:00+00:00,backend,CWAgent,diskio_read_bytes,name=nvme0n1p14,average,0.0
2026-09-30T11:32:00+00:00,backend,CWAgent,diskio_read_bytes,name=nvme0n1p14,average,0.0
2026-09-30T11:20:00+00:00,backend,CWAgent,diskio_read_bytes,name=nvme0n1p14,maximum,0.0
2026-09-30T11:21:00+00:00,backend,CWAgent,diskio_read_bytes,name=nvme0n1p14,maximum,0.0
2026-09-30T11:22:00+00:00,backend,CWAgent,diskio_read_bytes,name=nvme0n1p14,maximum,0.0
2026-09-30T11:23:00+00:00,backend,CWAgent,diskio_read_bytes,name=nvme0n1p14,maximum,0.0
2026-09-30T11:24:00+00:00,backend,CWAgent,diskio_read_bytes,name=nvme0n1p14,maximum,0.0
2026-09-30T11:25:00+00:00,backend,CWAgent,diskio_read_bytes,name=nvme0n1p14,maximum,0.0
2026-09-30T11:26:00+00:00,backend,CWAgent,diskio_read_bytes,name=nvme0n1p14,maximum,0.0
2026-09-30T11:27:00+00:00,backend,CWAgent,diskio_read_bytes,name=nvme0n1p14,maximum,0.0
2026-09-30T11:28:00+00:00,backend,CWAgent,diskio_read_bytes,name=nvme0n1p14,maximum,0.0
2026-09-30T11:29:00+00:00,backend,CWAgent,diskio_read_bytes,name=nvme0n1p14,maximum,0.0
2026-09-30T11:30:00+00:00,backend,CWAgent,diskio_read_bytes,name=nvme0n1p14,maximum,0.0
2026-09-30T11:31:00+00:00,backend,CWAgent,diskio_read_bytes,name=nvme0n1p14,maximum,0.0
2026-09-30T11:32:00+00:00,backend,CWAgent,diskio_read_bytes,name=nvme0n1p14,maximum,0.0
2026-09-30T11:20:00+00:00,backend,CWAgent,procstat_cpu_usage,exe=dockerd;process_name=dockerd,average,0.13335867913937782
2026-09-30T11:21:00+00:00,backend,CWAgent,procstat_cpu_usage,exe=dockerd;process_name=dockerd,average,0.06666057170283977
2026-09-30T11:22:00+00:00,backend,CWAgent,procstat_cpu_usage,exe=dockerd;process_name=dockerd,average,0.10000195841501767
2026-09-30T11:23:00+00:00,backend,CWAgent,procstat_cpu_usage,exe=dockerd;process_name=dockerd,average,0.0833403098506805
2026-09-30T11:24:00+00:00,backend,CWAgent,procstat_cpu_usage,exe=dockerd;process_name=dockerd,average,0.11666260893113581
2026-09-30T11:25:00+00:00,backend,CWAgent,procstat_cpu_usage,exe=dockerd;process_name=dockerd,average,0.06666158195339834
2026-09-30T11:26:00+00:00,backend,CWAgent,procstat_cpu_usage,exe=dockerd;process_name=dockerd,average,0.13331726620526985
2026-09-30T11:27:00+00:00,backend,CWAgent,procstat_cpu_usage,exe=dockerd;process_name=dockerd,average,0.08334394969119652
2026-09-30T11:28:00+00:00,backend,CWAgent,procstat_cpu_usage,exe=dockerd;process_name=dockerd,average,0.1333056569305148
2026-09-30T11:29:00+00:00,backend,CWAgent,procstat_cpu_usage,exe=dockerd;process_name=dockerd,average,0.06666840486753975
2026-09-30T11:30:00+00:00,backend,CWAgent,procstat_cpu_usage,exe=dockerd;process_name=dockerd,average,0.13335349086921156
2026-09-30T11:31:00+00:00,backend,CWAgent,procstat_cpu_usage,exe=dockerd;process_name=dockerd,average,0.06667219384042757
2026-09-30T11:32:00+00:00,backend,CWAgent,procstat_cpu_usage,exe=dockerd;process_name=dockerd,average,0.1166670295905739
2026-09-30T11:20:00+00:00,backend,CWAgent,procstat_cpu_usage,exe=dockerd;process_name=dockerd,maximum,0.13335867913937782
2026-09-30T11:21:00+00:00,backend,CWAgent,procstat_cpu_usage,exe=dockerd;process_name=dockerd,maximum,0.06666057170283977
2026-09-30T11:22:00+00:00,backend,CWAgent,procstat_cpu_usage,exe=dockerd;process_name=dockerd,maximum,0.10000195841501767
2026-09-30T11:23:00+00:00,backend,CWAgent,procstat_cpu_usage,exe=dockerd;process_name=dockerd,maximum,0.0833403098506805
2026-09-30T11:24:00+00:00,backend,CWAgent,procstat_cpu_usage,exe=dockerd;process_name=dockerd,maximum,0.11666260893113581
2026-09-30T11:25:00+00:00,backend,CWAgent,procstat_cpu_usage,exe=dockerd;process_name=dockerd,maximum,0.06666158195339834
2026-09-30T11:26:00+00:00,backend,CWAgent,procstat_cpu_usage,exe=dockerd;process_name=dockerd,maximum,0.13331726620526985
2026-09-30T11:27:00+00:00,backend,CWAgent,procstat_cpu_usage,exe=dockerd;process_name=dockerd,maximum,0.08334394969119652
2026-09-30T11:28:00+00:00,backend,CWAgent,procstat_cpu_usage,exe=dockerd;process_name=dockerd,maximum,0.1333056569305148
2026-09-30T11:29:00+00:00,backend,CWAgent,procstat_cpu_usage,exe=dockerd;process_name=dockerd,maximum,0.06666840486753975
2026-09-30T11:30:00+00:00,backend,CWAgent,procstat_cpu_usage,exe=dockerd;process_name=dockerd,maximum,0.13335349086921156
2026-09-30T11:31:00+00:00,backend,CWAgent,procstat_cpu_usage,exe=dockerd;process_name=dockerd,maximum,0.06667219384042757
2026-09-30T11:32:00+00:00,backend,CWAgent,procstat_cpu_usage,exe=dockerd;process_name=dockerd,maximum,0.1166670295905739
2026-09-30T11:20:00+00:00,backend,CWAgent,diskio_read_bytes,name=nvme0n1p1,average,421888.0
2026-09-30T11:21:00+00:00,backend,CWAgent,diskio_read_bytes,name=nvme0n1p1,average,831488.0
2026-09-30T11:22:00+00:00,backend,CWAgent,diskio_read_bytes,name=nvme0n1p1,average,35471360.0
2026-09-30T11:23:00+00:00,backend,CWAgent,diskio_read_bytes,name=nvme0n1p1,average,471040.0
2026-09-30T11:24:00+00:00,backend,CWAgent,diskio_read_bytes,name=nvme0n1p1,average,376832.0
2026-09-30T11:25:00+00:00,backend,CWAgent,diskio_read_bytes,name=nvme0n1p1,average,37883904.0
2026-09-30T11:26:00+00:00,backend,CWAgent,diskio_read_bytes,name=nvme0n1p1,average,20922368.0
2026-09-30T11:27:00+00:00,backend,CWAgent,diskio_read_bytes,name=nvme0n1p1,average,2605056.0
2026-09-30T11:28:00+00:00,backend,CWAgent,diskio_read_bytes,name=nvme0n1p1,average,2797568.0
2026-09-30T11:29:00+00:00,backend,CWAgent,diskio_read_bytes,name=nvme0n1p1,average,1540096.0
2026-09-30T11:30:00+00:00,backend,CWAgent,diskio_read_bytes,name=nvme0n1p1,average,978944.0
2026-09-30T11:31:00+00:00,backend,CWAgent,diskio_read_bytes,name=nvme0n1p1,average,737280.0
2026-09-30T11:32:00+00:00,backend,CWAgent,diskio_read_bytes,name=nvme0n1p1,average,1634304.0
2026-09-30T11:20:00+00:00,backend,CWAgent,diskio_read_bytes,name=nvme0n1p1,maximum,421888.0
2026-09-30T11:21:00+00:00,backend,CWAgent,diskio_read_bytes,name=nvme0n1p1,maximum,831488.0
2026-09-30T11:22:00+00:00,backend,CWAgent,diskio_read_bytes,name=nvme0n1p1,maximum,35471360.0
2026-09-30T11:23:00+00:00,backend,CWAgent,diskio_read_bytes,name=nvme0n1p1,maximum,471040.0
2026-09-30T11:24:00+00:00,backend,CWAgent,diskio_read_bytes,name=nvme0n1p1,maximum,376832.0
2026-09-30T11:25:00+00:00,backend,CWAgent,diskio_read_bytes,name=nvme0n1p1,maximum,37883904.0
2026-09-30T11:26:00+00:00,backend,CWAgent,diskio_read_bytes,name=nvme0n1p1,maximum,20922368.0
2026-09-30T11:27:00+00:00,backend,CWAgent,diskio_read_bytes,name=nvme0n1p1,maximum,2605056.0
2026-09-30T11:28:00+00:00,backend,CWAgent,diskio_read_bytes,name=nvme0n1p1,maximum,2797568.0
2026-09-30T11:29:00+00:00,backend,CWAgent,diskio_read_bytes,name=nvme0n1p1,maximum,1540096.0
2026-09-30T11:30:00+00:00,backend,CWAgent,diskio_read_bytes,name=nvme0n1p1,maximum,978944.0
2026-09-30T11:31:00+00:00,backend,CWAgent,diskio_read_bytes,name=nvme0n1p1,maximum,737280.0
2026-09-30T11:32:00+00:00,backend,CWAgent,diskio_read_bytes,name=nvme0n1p1,maximum,1634304.0
2026-09-30T11:20:00+00:00,backend,CWAgent,cpu_usage_steal,cpu=cpu-total,average,0.7879295892707368
2026-09-30T11:21:00+00:00,backend,CWAgent,cpu_usage_steal,cpu=cpu-total,average,0.10856856522464817
2026-09-30T11:22:00+00:00,backend,CWAgent,cpu_usage_steal,cpu=cpu-total,average,0.06691201070592362
2026-09-30T11:23:00+00:00,backend,CWAgent,cpu_usage_steal,cpu=cpu-total,average,0.18617246340018223
2026-09-30T11:24:00+00:00,backend,CWAgent,cpu_usage_steal,cpu=cpu-total,average,0.9804757438826814
2026-09-30T11:25:00+00:00,backend,CWAgent,cpu_usage_steal,cpu=cpu-total,average,0.5549389567147492
2026-09-30T11:26:00+00:00,backend,CWAgent,cpu_usage_steal,cpu=cpu-total,average,0.15994612341105846
2026-09-30T11:27:00+00:00,backend,CWAgent,cpu_usage_steal,cpu=cpu-total,average,0.1262519989899874
2026-09-30T11:28:00+00:00,backend,CWAgent,cpu_usage_steal,cpu=cpu-total,average,0.1429893178568446
2026-09-30T11:29:00+00:00,backend,CWAgent,cpu_usage_steal,cpu=cpu-total,average,0.016779931202278917
2026-09-30T11:30:00+00:00,backend,CWAgent,cpu_usage_steal,cpu=cpu-total,average,1.8498090793381703
2026-09-30T11:31:00+00:00,backend,CWAgent,cpu_usage_steal,cpu=cpu-total,average,0.33604973536082955
2026-09-30T11:32:00+00:00,backend,CWAgent,cpu_usage_steal,cpu=cpu-total,average,0.09189640768588034
2026-09-30T11:20:00+00:00,backend,CWAgent,cpu_usage_steal,cpu=cpu-total,maximum,0.7879295892707368
2026-09-30T11:21:00+00:00,backend,CWAgent,cpu_usage_steal,cpu=cpu-total,maximum,0.10856856522464817
2026-09-30T11:22:00+00:00,backend,CWAgent,cpu_usage_steal,cpu=cpu-total,maximum,0.06691201070592362
2026-09-30T11:23:00+00:00,backend,CWAgent,cpu_usage_steal,cpu=cpu-total,maximum,0.18617246340018223
2026-09-30T11:24:00+00:00,backend,CWAgent,cpu_usage_steal,cpu=cpu-total,maximum,0.9804757438826814
2026-09-30T11:25:00+00:00,backend,CWAgent,cpu_usage_steal,cpu=cpu-total,maximum,0.5549389567147492
2026-09-30T11:26:00+00:00,backend,CWAgent,cpu_usage_steal,cpu=cpu-total,maximum,0.15994612341105846
2026-09-30T11:27:00+00:00,backend,CWAgent,cpu_usage_steal,cpu=cpu-total,maximum,0.1262519989899874
2026-09-30T11:28:00+00:00,backend,CWAgent,cpu_usage_steal,cpu=cpu-total,maximum,0.1429893178568446
2026-09-30T11:29:00+00:00,backend,CWAgent,cpu_usage_steal,cpu=cpu-total,maximum,0.016779931202278917
2026-09-30T11:30:00+00:00,backend,CWAgent,cpu_usage_steal,cpu=cpu-total,maximum,1.8498090793381703
2026-09-30T11:31:00+00:00,backend,CWAgent,cpu_usage_steal,cpu=cpu-total,maximum,0.33604973536082955
2026-09-30T11:32:00+00:00,backend,CWAgent,cpu_usage_steal,cpu=cpu-total,maximum,0.09189640768588034
2026-09-30T11:20:00+00:00,backend,CWAgent,diskio_write_bytes,name=nvme0n1p14,average,0.0
2026-09-30T11:21:00+00:00,backend,CWAgent,diskio_write_bytes,name=nvme0n1p14,average,0.0
2026-09-30T11:22:00+00:00,backend,CWAgent,diskio_write_bytes,name=nvme0n1p14,average,0.0
2026-09-30T11:23:00+00:00,backend,CWAgent,diskio_write_bytes,name=nvme0n1p14,average,0.0
2026-09-30T11:24:00+00:00,backend,CWAgent,diskio_write_bytes,name=nvme0n1p14,average,0.0
2026-09-30T11:25:00+00:00,backend,CWAgent,diskio_write_bytes,name=nvme0n1p14,average,0.0
2026-09-30T11:26:00+00:00,backend,CWAgent,diskio_write_bytes,name=nvme0n1p14,average,0.0
2026-09-30T11:27:00+00:00,backend,CWAgent,diskio_write_bytes,name=nvme0n1p14,average,0.0
2026-09-30T11:28:00+00:00,backend,CWAgent,diskio_write_bytes,name=nvme0n1p14,average,0.0
2026-09-30T11:29:00+00:00,backend,CWAgent,diskio_write_bytes,name=nvme0n1p14,average,0.0
2026-09-30T11:30:00+00:00,backend,CWAgent,diskio_write_bytes,name=nvme0n1p14,average,0.0
2026-09-30T11:31:00+00:00,backend,CWAgent,diskio_write_bytes,name=nvme0n1p14,average,0.0
2026-09-30T11:32:00+00:00,backend,CWAgent,diskio_write_bytes,name=nvme0n1p14,average,0.0
2026-09-30T11:20:00+00:00,backend,CWAgent,diskio_write_bytes,name=nvme0n1p14,maximum,0.0
2026-09-30T11:21:00+00:00,backend,CWAgent,diskio_write_bytes,name=nvme0n1p14,maximum,0.0
2026-09-30T11:22:00+00:00,backend,CWAgent,diskio_write_bytes,name=nvme0n1p14,maximum,0.0
2026-09-30T11:23:00+00:00,backend,CWAgent,diskio_write_bytes,name=nvme0n1p14,maximum,0.0
2026-09-30T11:24:00+00:00,backend,CWAgent,diskio_write_bytes,name=nvme0n1p14,maximum,0.0
2026-09-30T11:25:00+00:00,backend,CWAgent,diskio_write_bytes,name=nvme0n1p14,maximum,0.0
2026-09-30T11:26:00+00:00,backend,CWAgent,diskio_write_bytes,name=nvme0n1p14,maximum,0.0
2026-09-30T11:27:00+00:00,backend,CWAgent,diskio_write_bytes,name=nvme0n1p14,maximum,0.0
2026-09-30T11:28:00+00:00,backend,CWAgent,diskio_write_bytes,name=nvme0n1p14,maximum,0.0
2026-09-30T11:29:00+00:00,backend,CWAgent,diskio_write_bytes,name=nvme0n1p14,maximum,0.0
2026-09-30T11:30:00+00:00,backend,CWAgent,diskio_write_bytes,name=nvme0n1p14,maximum,0.0
2026-09-30T11:31:00+00:00,backend,CWAgent,diskio_write_bytes,name=nvme0n1p14,maximum,0.0
2026-09-30T11:32:00+00:00,backend,CWAgent,diskio_write_bytes,name=nvme0n1p14,maximum,0.0
2026-09-30T11:20:00+00:00,backend,CWAgent,diskio_writes,name=nvme0n1,average,61.0
2026-09-30T11:21:00+00:00,backend,CWAgent,diskio_writes,name=nvme0n1,average,42.0
2026-09-30T11:22:00+00:00,backend,CWAgent,diskio_writes,name=nvme0n1,average,144.0
2026-09-30T11:23:00+00:00,backend,CWAgent,diskio_writes,name=nvme0n1,average,67.0
2026-09-30T11:24:00+00:00,backend,CWAgent,diskio_writes,name=nvme0n1,average,102.0
2026-09-30T11:25:00+00:00,backend,CWAgent,diskio_writes,name=nvme0n1,average,845.0
2026-09-30T11:26:00+00:00,backend,CWAgent,diskio_writes,name=nvme0n1,average,1002.0
2026-09-30T11:27:00+00:00,backend,CWAgent,diskio_writes,name=nvme0n1,average,338.0
2026-09-30T11:28:00+00:00,backend,CWAgent,diskio_writes,name=nvme0n1,average,124.0
2026-09-30T11:29:00+00:00,backend,CWAgent,diskio_writes,name=nvme0n1,average,62.0
2026-09-30T11:30:00+00:00,backend,CWAgent,diskio_writes,name=nvme0n1,average,54.0
2026-09-30T11:31:00+00:00,backend,CWAgent,diskio_writes,name=nvme0n1,average,86.0
2026-09-30T11:32:00+00:00,backend,CWAgent,diskio_writes,name=nvme0n1,average,47.0
2026-09-30T11:20:00+00:00,backend,CWAgent,diskio_writes,name=nvme0n1,maximum,61.0
2026-09-30T11:21:00+00:00,backend,CWAgent,diskio_writes,name=nvme0n1,maximum,42.0
2026-09-30T11:22:00+00:00,backend,CWAgent,diskio_writes,name=nvme0n1,maximum,144.0
2026-09-30T11:23:00+00:00,backend,CWAgent,diskio_writes,name=nvme0n1,maximum,67.0
2026-09-30T11:24:00+00:00,backend,CWAgent,diskio_writes,name=nvme0n1,maximum,102.0
2026-09-30T11:25:00+00:00,backend,CWAgent,diskio_writes,name=nvme0n1,maximum,845.0
2026-09-30T11:26:00+00:00,backend,CWAgent,diskio_writes,name=nvme0n1,maximum,1002.0
2026-09-30T11:27:00+00:00,backend,CWAgent,diskio_writes,name=nvme0n1,maximum,338.0
2026-09-30T11:28:00+00:00,backend,CWAgent,diskio_writes,name=nvme0n1,maximum,124.0
2026-09-30T11:29:00+00:00,backend,CWAgent,diskio_writes,name=nvme0n1,maximum,62.0
2026-09-30T11:30:00+00:00,backend,CWAgent,diskio_writes,name=nvme0n1,maximum,54.0
2026-09-30T11:31:00+00:00,backend,CWAgent,diskio_writes,name=nvme0n1,maximum,86.0
2026-09-30T11:32:00+00:00,backend,CWAgent,diskio_writes,name=nvme0n1,maximum,47.0
2026-09-30T11:20:00+00:00,backend,CWAgent,diskio_reads,name=nvme0n1p1,average,25.0
2026-09-30T11:21:00+00:00,backend,CWAgent,diskio_reads,name=nvme0n1p1,average,33.0
2026-09-30T11:22:00+00:00,backend,CWAgent,diskio_reads,name=nvme0n1p1,average,1000.0
2026-09-30T11:23:00+00:00,backend,CWAgent,diskio_reads,name=nvme0n1p1,average,30.0
2026-09-30T11:24:00+00:00,backend,CWAgent,diskio_reads,name=nvme0n1p1,average,30.0
2026-09-30T11:25:00+00:00,backend,CWAgent,diskio_reads,name=nvme0n1p1,average,5980.0
2026-09-30T11:26:00+00:00,backend,CWAgent,diskio_reads,name=nvme0n1p1,average,1952.0
2026-09-30T11:27:00+00:00,backend,CWAgent,diskio_reads,name=nvme0n1p1,average,301.0
2026-09-30T11:28:00+00:00,backend,CWAgent,diskio_reads,name=nvme0n1p1,average,164.0
2026-09-30T11:29:00+00:00,backend,CWAgent,diskio_reads,name=nvme0n1p1,average,120.0
2026-09-30T11:30:00+00:00,backend,CWAgent,diskio_reads,name=nvme0n1p1,average,108.0
2026-09-30T11:31:00+00:00,backend,CWAgent,diskio_reads,name=nvme0n1p1,average,109.0
2026-09-30T11:32:00+00:00,backend,CWAgent,diskio_reads,name=nvme0n1p1,average,198.0
2026-09-30T11:20:00+00:00,backend,CWAgent,diskio_reads,name=nvme0n1p1,maximum,25.0
2026-09-30T11:21:00+00:00,backend,CWAgent,diskio_reads,name=nvme0n1p1,maximum,33.0
2026-09-30T11:22:00+00:00,backend,CWAgent,diskio_reads,name=nvme0n1p1,maximum,1000.0
2026-09-30T11:23:00+00:00,backend,CWAgent,diskio_reads,name=nvme0n1p1,maximum,30.0
2026-09-30T11:24:00+00:00,backend,CWAgent,diskio_reads,name=nvme0n1p1,maximum,30.0
2026-09-30T11:25:00+00:00,backend,CWAgent,diskio_reads,name=nvme0n1p1,maximum,5980.0
2026-09-30T11:26:00+00:00,backend,CWAgent,diskio_reads,name=nvme0n1p1,maximum,1952.0
2026-09-30T11:27:00+00:00,backend,CWAgent,diskio_reads,name=nvme0n1p1,maximum,301.0
2026-09-30T11:28:00+00:00,backend,CWAgent,diskio_reads,name=nvme0n1p1,maximum,164.0
2026-09-30T11:29:00+00:00,backend,CWAgent,diskio_reads,name=nvme0n1p1,maximum,120.0
2026-09-30T11:30:00+00:00,backend,CWAgent,diskio_reads,name=nvme0n1p1,maximum,108.0
2026-09-30T11:31:00+00:00,backend,CWAgent,diskio_reads,name=nvme0n1p1,maximum,109.0
2026-09-30T11:32:00+00:00,backend,CWAgent,diskio_reads,name=nvme0n1p1,maximum,198.0
2026-09-30T11:20:00+00:00,backend,CWAgent,procstat_cpu_usage,exe=amazon-cloudwatch-agent;process_name=amazon-cloudwatch-agent,average,0.3500462883942718
2026-09-30T11:21:00+00:00,backend,CWAgent,procstat_cpu_usage,exe=amazon-cloudwatch-agent;process_name=amazon-cloudwatch-agent,average,0.34998262699655736
2026-09-30T11:22:00+00:00,backend,CWAgent,procstat_cpu_usage,exe=amazon-cloudwatch-agent;process_name=amazon-cloudwatch-agent,average,0.3833434981142475
2026-09-30T11:23:00+00:00,backend,CWAgent,procstat_cpu_usage,exe=amazon-cloudwatch-agent;process_name=amazon-cloudwatch-agent,average,0.2833424601528782
2026-09-30T11:24:00+00:00,backend,CWAgent,procstat_cpu_usage,exe=amazon-cloudwatch-agent;process_name=amazon-cloudwatch-agent,average,0.33332112651926227
2026-09-30T11:25:00+00:00,backend,CWAgent,procstat_cpu_usage,exe=amazon-cloudwatch-agent;process_name=amazon-cloudwatch-agent,average,0.31659765517413124
2026-09-30T11:26:00+00:00,backend,CWAgent,procstat_cpu_usage,exe=amazon-cloudwatch-agent;process_name=amazon-cloudwatch-agent,average,0.34993860414675043
2026-09-30T11:27:00+00:00,backend,CWAgent,procstat_cpu_usage,exe=amazon-cloudwatch-agent;process_name=amazon-cloudwatch-agent,average,0.3168201421689989
2026-09-30T11:28:00+00:00,backend,CWAgent,procstat_cpu_usage,exe=amazon-cloudwatch-agent;process_name=amazon-cloudwatch-agent,average,0.3831913883859806
2026-09-30T11:29:00+00:00,backend,CWAgent,procstat_cpu_usage,exe=amazon-cloudwatch-agent;process_name=amazon-cloudwatch-agent,average,0.3166979809448941
2026-09-30T11:30:00+00:00,backend,CWAgent,procstat_cpu_usage,exe=amazon-cloudwatch-agent;process_name=amazon-cloudwatch-agent,average,0.3500596132909828
2026-09-30T11:31:00+00:00,backend,CWAgent,procstat_cpu_usage,exe=amazon-cloudwatch-agent;process_name=amazon-cloudwatch-agent,average,0.35002088947419885
2026-09-30T11:32:00+00:00,backend,CWAgent,procstat_cpu_usage,exe=amazon-cloudwatch-agent;process_name=amazon-cloudwatch-agent,average,0.3833362952962146
2026-09-30T11:20:00+00:00,backend,CWAgent,procstat_cpu_usage,exe=amazon-cloudwatch-agent;process_name=amazon-cloudwatch-agent,maximum,0.3500462883942718
2026-09-30T11:21:00+00:00,backend,CWAgent,procstat_cpu_usage,exe=amazon-cloudwatch-agent;process_name=amazon-cloudwatch-agent,maximum,0.34998262699655736
2026-09-30T11:22:00+00:00,backend,CWAgent,procstat_cpu_usage,exe=amazon-cloudwatch-agent;process_name=amazon-cloudwatch-agent,maximum,0.3833434981142475
2026-09-30T11:23:00+00:00,backend,CWAgent,procstat_cpu_usage,exe=amazon-cloudwatch-agent;process_name=amazon-cloudwatch-agent,maximum,0.2833424601528782
2026-09-30T11:24:00+00:00,backend,CWAgent,procstat_cpu_usage,exe=amazon-cloudwatch-agent;process_name=amazon-cloudwatch-agent,maximum,0.33332112651926227
2026-09-30T11:25:00+00:00,backend,CWAgent,procstat_cpu_usage,exe=amazon-cloudwatch-agent;process_name=amazon-cloudwatch-agent,maximum,0.31659765517413124
2026-09-30T11:26:00+00:00,backend,CWAgent,procstat_cpu_usage,exe=amazon-cloudwatch-agent;process_name=amazon-cloudwatch-agent,maximum,0.34993860414675043
2026-09-30T11:27:00+00:00,backend,CWAgent,procstat_cpu_usage,exe=amazon-cloudwatch-agent;process_name=amazon-cloudwatch-agent,maximum,0.3168201421689989
2026-09-30T11:28:00+00:00,backend,CWAgent,procstat_cpu_usage,exe=amazon-cloudwatch-agent;process_name=amazon-cloudwatch-agent,maximum,0.3831913883859806
2026-09-30T11:29:00+00:00,backend,CWAgent,procstat_cpu_usage,exe=amazon-cloudwatch-agent;process_name=amazon-cloudwatch-agent,maximum,0.3166979809448941
2026-09-30T11:30:00+00:00,backend,CWAgent,procstat_cpu_usage,exe=amazon-cloudwatch-agent;process_name=amazon-cloudwatch-agent,maximum,0.3500596132909828
2026-09-30T11:31:00+00:00,backend,CWAgent,procstat_cpu_usage,exe=amazon-cloudwatch-agent;process_name=amazon-cloudwatch-agent,maximum,0.35002088947419885
2026-09-30T11:32:00+00:00,backend,CWAgent,procstat_cpu_usage,exe=amazon-cloudwatch-agent;process_name=amazon-cloudwatch-agent,maximum,0.3833362952962146
2026-09-30T11:20:00+00:00,backend,CWAgent,cpu_usage_idle,cpu=cpu-total,average,93.20201173512122
2026-09-30T11:21:00+00:00,backend,CWAgent,cpu_usage_idle,cpu=cpu-total,average,98.83080006681023
2026-09-30T11:22:00+00:00,backend,CWAgent,cpu_usage_idle,cpu=cpu-total,average,98.36901973904551
2026-09-30T11:23:00+00:00,backend,CWAgent,cpu_usage_idle,cpu=cpu-total,average,88.46576965388779
2026-09-30T11:24:00+00:00,backend,CWAgent,cpu_usage_idle,cpu=cpu-total,average,74.44794952681308
2026-09-30T11:25:00+00:00,backend,CWAgent,cpu_usage_idle,cpu=cpu-total,average,60.21514556475869
2026-09-30T11:26:00+00:00,backend,CWAgent,cpu_usage_idle,cpu=cpu-total,average,5.934843000251891
2026-09-30T11:27:00+00:00,backend,CWAgent,cpu_usage_idle,cpu=cpu-total,average,4.191566366467056
2026-09-30T11:28:00+00:00,backend,CWAgent,cpu_usage_idle,cpu=cpu-total,average,5.181259988224312
2026-09-30T11:29:00+00:00,backend,CWAgent,cpu_usage_idle,cpu=cpu-total,average,4.497021562212133
2026-09-30T11:30:00+00:00,backend,CWAgent,cpu_usage_idle,cpu=cpu-total,average,64.22571064912994
2026-09-30T11:31:00+00:00,backend,CWAgent,cpu_usage_idle,cpu=cpu-total,average,91.6743678064354
2026-09-30T11:32:00+00:00,backend,CWAgent,cpu_usage_idle,cpu=cpu-total,average,98.68838763575631
2026-09-30T11:20:00+00:00,backend,CWAgent,cpu_usage_idle,cpu=cpu-total,maximum,93.20201173512122
2026-09-30T11:21:00+00:00,backend,CWAgent,cpu_usage_idle,cpu=cpu-total,maximum,98.83080006681023
2026-09-30T11:22:00+00:00,backend,CWAgent,cpu_usage_idle,cpu=cpu-total,maximum,98.36901973904551
2026-09-30T11:23:00+00:00,backend,CWAgent,cpu_usage_idle,cpu=cpu-total,maximum,88.46576965388779
2026-09-30T11:24:00+00:00,backend,CWAgent,cpu_usage_idle,cpu=cpu-total,maximum,74.44794952681308
2026-09-30T11:25:00+00:00,backend,CWAgent,cpu_usage_idle,cpu=cpu-total,maximum,60.21514556475869
2026-09-30T11:26:00+00:00,backend,CWAgent,cpu_usage_idle,cpu=cpu-total,maximum,5.934843000251891
2026-09-30T11:27:00+00:00,backend,CWAgent,cpu_usage_idle,cpu=cpu-total,maximum,4.191566366467056
2026-09-30T11:28:00+00:00,backend,CWAgent,cpu_usage_idle,cpu=cpu-total,maximum,5.181259988224312
2026-09-30T11:29:00+00:00,backend,CWAgent,cpu_usage_idle,cpu=cpu-total,maximum,4.497021562212133
2026-09-30T11:30:00+00:00,backend,CWAgent,cpu_usage_idle,cpu=cpu-total,maximum,64.22571064912994
2026-09-30T11:31:00+00:00,backend,CWAgent,cpu_usage_idle,cpu=cpu-total,maximum,91.6743678064354
2026-09-30T11:32:00+00:00,backend,CWAgent,cpu_usage_idle,cpu=cpu-total,maximum,98.68838763575631
2026-09-30T11:20:00+00:00,backend,CWAgent,net_bytes_sent,interface=ens5,average,8045174.0
2026-09-30T11:21:00+00:00,backend,CWAgent,net_bytes_sent,interface=ens5,average,56365.0
2026-09-30T11:22:00+00:00,backend,CWAgent,net_bytes_sent,interface=ens5,average,588653.0
2026-09-30T11:23:00+00:00,backend,CWAgent,net_bytes_sent,interface=ens5,average,16917553.0
2026-09-30T11:24:00+00:00,backend,CWAgent,net_bytes_sent,interface=ens5,average,43080302.0
2026-09-30T11:25:00+00:00,backend,CWAgent,net_bytes_sent,interface=ens5,average,49865184.0
2026-09-30T11:26:00+00:00,backend,CWAgent,net_bytes_sent,interface=ens5,average,38770013.0
2026-09-30T11:27:00+00:00,backend,CWAgent,net_bytes_sent,interface=ens5,average,39985073.0
2026-09-30T11:28:00+00:00,backend,CWAgent,net_bytes_sent,interface=ens5,average,40097195.0
2026-09-30T11:29:00+00:00,backend,CWAgent,net_bytes_sent,interface=ens5,average,39619340.0
2026-09-30T11:30:00+00:00,backend,CWAgent,net_bytes_sent,interface=ens5,average,35145339.0
2026-09-30T11:31:00+00:00,backend,CWAgent,net_bytes_sent,interface=ens5,average,11293712.0
2026-09-30T11:32:00+00:00,backend,CWAgent,net_bytes_sent,interface=ens5,average,56026.0
2026-09-30T11:20:00+00:00,backend,CWAgent,net_bytes_sent,interface=ens5,maximum,8045174.0
2026-09-30T11:21:00+00:00,backend,CWAgent,net_bytes_sent,interface=ens5,maximum,56365.0
2026-09-30T11:22:00+00:00,backend,CWAgent,net_bytes_sent,interface=ens5,maximum,588653.0
2026-09-30T11:23:00+00:00,backend,CWAgent,net_bytes_sent,interface=ens5,maximum,16917553.0
2026-09-30T11:24:00+00:00,backend,CWAgent,net_bytes_sent,interface=ens5,maximum,43080302.0
2026-09-30T11:25:00+00:00,backend,CWAgent,net_bytes_sent,interface=ens5,maximum,49865184.0
2026-09-30T11:26:00+00:00,backend,CWAgent,net_bytes_sent,interface=ens5,maximum,38770013.0
2026-09-30T11:27:00+00:00,backend,CWAgent,net_bytes_sent,interface=ens5,maximum,39985073.0
2026-09-30T11:28:00+00:00,backend,CWAgent,net_bytes_sent,interface=ens5,maximum,40097195.0
2026-09-30T11:29:00+00:00,backend,CWAgent,net_bytes_sent,interface=ens5,maximum,39619340.0
2026-09-30T11:30:00+00:00,backend,CWAgent,net_bytes_sent,interface=ens5,maximum,35145339.0
2026-09-30T11:31:00+00:00,backend,CWAgent,net_bytes_sent,interface=ens5,maximum,11293712.0
2026-09-30T11:32:00+00:00,backend,CWAgent,net_bytes_sent,interface=ens5,maximum,56026.0
2026-09-30T11:20:00+00:00,backend,CWAgent,diskio_write_bytes,name=nvme0n1p15,average,0.0
2026-09-30T11:21:00+00:00,backend,CWAgent,diskio_write_bytes,name=nvme0n1p15,average,0.0
2026-09-30T11:22:00+00:00,backend,CWAgent,diskio_write_bytes,name=nvme0n1p15,average,0.0
2026-09-30T11:23:00+00:00,backend,CWAgent,diskio_write_bytes,name=nvme0n1p15,average,0.0
2026-09-30T11:24:00+00:00,backend,CWAgent,diskio_write_bytes,name=nvme0n1p15,average,0.0
2026-09-30T11:25:00+00:00,backend,CWAgent,diskio_write_bytes,name=nvme0n1p15,average,0.0
2026-09-30T11:26:00+00:00,backend,CWAgent,diskio_write_bytes,name=nvme0n1p15,average,0.0
2026-09-30T11:27:00+00:00,backend,CWAgent,diskio_write_bytes,name=nvme0n1p15,average,0.0
2026-09-30T11:28:00+00:00,backend,CWAgent,diskio_write_bytes,name=nvme0n1p15,average,0.0
2026-09-30T11:29:00+00:00,backend,CWAgent,diskio_write_bytes,name=nvme0n1p15,average,0.0
2026-09-30T11:30:00+00:00,backend,CWAgent,diskio_write_bytes,name=nvme0n1p15,average,0.0
2026-09-30T11:31:00+00:00,backend,CWAgent,diskio_write_bytes,name=nvme0n1p15,average,0.0
2026-09-30T11:32:00+00:00,backend,CWAgent,diskio_write_bytes,name=nvme0n1p15,average,0.0
2026-09-30T11:20:00+00:00,backend,CWAgent,diskio_write_bytes,name=nvme0n1p15,maximum,0.0
2026-09-30T11:21:00+00:00,backend,CWAgent,diskio_write_bytes,name=nvme0n1p15,maximum,0.0
2026-09-30T11:22:00+00:00,backend,CWAgent,diskio_write_bytes,name=nvme0n1p15,maximum,0.0
2026-09-30T11:23:00+00:00,backend,CWAgent,diskio_write_bytes,name=nvme0n1p15,maximum,0.0
2026-09-30T11:24:00+00:00,backend,CWAgent,diskio_write_bytes,name=nvme0n1p15,maximum,0.0
2026-09-30T11:25:00+00:00,backend,CWAgent,diskio_write_bytes,name=nvme0n1p15,maximum,0.0
2026-09-30T11:26:00+00:00,backend,CWAgent,diskio_write_bytes,name=nvme0n1p15,maximum,0.0
2026-09-30T11:27:00+00:00,backend,CWAgent,diskio_write_bytes,name=nvme0n1p15,maximum,0.0
2026-09-30T11:28:00+00:00,backend,CWAgent,diskio_write_bytes,name=nvme0n1p15,maximum,0.0
2026-09-30T11:29:00+00:00,backend,CWAgent,diskio_write_bytes,name=nvme0n1p15,maximum,0.0
2026-09-30T11:30:00+00:00,backend,CWAgent,diskio_write_bytes,name=nvme0n1p15,maximum,0.0
2026-09-30T11:31:00+00:00,backend,CWAgent,diskio_write_bytes,name=nvme0n1p15,maximum,0.0
2026-09-30T11:32:00+00:00,backend,CWAgent,diskio_write_bytes,name=nvme0n1p15,maximum,0.0
2026-09-30T11:20:00+00:00,backend,CWAgent,cpu_usage_user,cpu=cpu-total,average,3.8809723386420756
2026-09-30T11:21:00+00:00,backend,CWAgent,cpu_usage_user,cpu=cpu-total,average,0.609654250876907
2026-09-30T11:22:00+00:00,backend,CWAgent,cpu_usage_user,cpu=cpu-total,average,0.7109401137503776
2026-09-30T11:23:00+00:00,backend,CWAgent,cpu_usage_user,cpu=cpu-total,average,7.599221460607493
2026-09-30T11:24:00+00:00,backend,CWAgent,cpu_usage_user,cpu=cpu-total,average,15.500042629380301
2026-09-30T11:25:00+00:00,backend,CWAgent,cpu_usage_user,cpu=cpu-total,average,23.315973704430725
2026-09-30T11:26:00+00:00,backend,CWAgent,cpu_usage_user,cpu=cpu-total,average,55.19824901085885
2026-09-30T11:27:00+00:00,backend,CWAgent,cpu_usage_user,cpu=cpu-total,average,55.97171955222563
2026-09-30T11:28:00+00:00,backend,CWAgent,cpu_usage_user,cpu=cpu-total,average,54.840608966271844
2026-09-30T11:29:00+00:00,backend,CWAgent,cpu_usage_user,cpu=cpu-total,average,55.810051178790765
2026-09-30T11:30:00+00:00,backend,CWAgent,cpu_usage_user,cpu=cpu-total,average,20.534577853203324
2026-09-30T11:31:00+00:00,backend,CWAgent,cpu_usage_user,cpu=cpu-total,average,5.099554734100835
2026-09-30T11:32:00+00:00,backend,CWAgent,cpu_usage_user,cpu=cpu-total,average,0.7017543859650296
2026-09-30T11:20:00+00:00,backend,CWAgent,cpu_usage_user,cpu=cpu-total,maximum,3.8809723386420756
2026-09-30T11:21:00+00:00,backend,CWAgent,cpu_usage_user,cpu=cpu-total,maximum,0.609654250876907
2026-09-30T11:22:00+00:00,backend,CWAgent,cpu_usage_user,cpu=cpu-total,maximum,0.7109401137503776
2026-09-30T11:23:00+00:00,backend,CWAgent,cpu_usage_user,cpu=cpu-total,maximum,7.599221460607493
2026-09-30T11:24:00+00:00,backend,CWAgent,cpu_usage_user,cpu=cpu-total,maximum,15.500042629380301
2026-09-30T11:25:00+00:00,backend,CWAgent,cpu_usage_user,cpu=cpu-total,maximum,23.315973704430725
2026-09-30T11:26:00+00:00,backend,CWAgent,cpu_usage_user,cpu=cpu-total,maximum,55.19824901085885
2026-09-30T11:27:00+00:00,backend,CWAgent,cpu_usage_user,cpu=cpu-total,maximum,55.97171955222563
2026-09-30T11:28:00+00:00,backend,CWAgent,cpu_usage_user,cpu=cpu-total,maximum,54.840608966271844
2026-09-30T11:29:00+00:00,backend,CWAgent,cpu_usage_user,cpu=cpu-total,maximum,55.810051178790765
2026-09-30T11:30:00+00:00,backend,CWAgent,cpu_usage_user,cpu=cpu-total,maximum,20.534577853203324
2026-09-30T11:31:00+00:00,backend,CWAgent,cpu_usage_user,cpu=cpu-total,maximum,5.099554734100835
2026-09-30T11:32:00+00:00,backend,CWAgent,cpu_usage_user,cpu=cpu-total,maximum,0.7017543859650296
2026-09-30T11:20:00+00:00,backend,CWAgent,diskio_write_bytes,name=nvme0n1,average,942080.0
2026-09-30T11:21:00+00:00,backend,CWAgent,diskio_write_bytes,name=nvme0n1,average,225280.0
2026-09-30T11:22:00+00:00,backend,CWAgent,diskio_write_bytes,name=nvme0n1,average,880640.0
2026-09-30T11:23:00+00:00,backend,CWAgent,diskio_write_bytes,name=nvme0n1,average,1114112.0
2026-09-30T11:24:00+00:00,backend,CWAgent,diskio_write_bytes,name=nvme0n1,average,2682880.0
2026-09-30T11:25:00+00:00,backend,CWAgent,diskio_write_bytes,name=nvme0n1,average,9658368.0
2026-09-30T11:26:00+00:00,backend,CWAgent,diskio_write_bytes,name=nvme0n1,average,9355264.0
2026-09-30T11:27:00+00:00,backend,CWAgent,diskio_write_bytes,name=nvme0n1,average,4370432.0
2026-09-30T11:28:00+00:00,backend,CWAgent,diskio_write_bytes,name=nvme0n1,average,1089536.0
2026-09-30T11:29:00+00:00,backend,CWAgent,diskio_write_bytes,name=nvme0n1,average,2445312.0
2026-09-30T11:30:00+00:00,backend,CWAgent,diskio_write_bytes,name=nvme0n1,average,2322432.0
2026-09-30T11:31:00+00:00,backend,CWAgent,diskio_write_bytes,name=nvme0n1,average,2310144.0
2026-09-30T11:32:00+00:00,backend,CWAgent,diskio_write_bytes,name=nvme0n1,average,778240.0
2026-09-30T11:20:00+00:00,backend,CWAgent,diskio_write_bytes,name=nvme0n1,maximum,942080.0
2026-09-30T11:21:00+00:00,backend,CWAgent,diskio_write_bytes,name=nvme0n1,maximum,225280.0
2026-09-30T11:22:00+00:00,backend,CWAgent,diskio_write_bytes,name=nvme0n1,maximum,880640.0
2026-09-30T11:23:00+00:00,backend,CWAgent,diskio_write_bytes,name=nvme0n1,maximum,1114112.0
2026-09-30T11:24:00+00:00,backend,CWAgent,diskio_write_bytes,name=nvme0n1,maximum,2682880.0
2026-09-30T11:25:00+00:00,backend,CWAgent,diskio_write_bytes,name=nvme0n1,maximum,9658368.0
2026-09-30T11:26:00+00:00,backend,CWAgent,diskio_write_bytes,name=nvme0n1,maximum,9355264.0
2026-09-30T11:27:00+00:00,backend,CWAgent,diskio_write_bytes,name=nvme0n1,maximum,4370432.0
2026-09-30T11:28:00+00:00,backend,CWAgent,diskio_write_bytes,name=nvme0n1,maximum,1089536.0
2026-09-30T11:29:00+00:00,backend,CWAgent,diskio_write_bytes,name=nvme0n1,maximum,2445312.0
2026-09-30T11:30:00+00:00,backend,CWAgent,diskio_write_bytes,name=nvme0n1,maximum,2322432.0
2026-09-30T11:31:00+00:00,backend,CWAgent,diskio_write_bytes,name=nvme0n1,maximum,2310144.0
2026-09-30T11:32:00+00:00,backend,CWAgent,diskio_write_bytes,name=nvme0n1,maximum,778240.0
2026-09-30T11:20:00+00:00,backend,CWAgent,diskio_reads,name=nvme0n1,average,25.0
2026-09-30T11:21:00+00:00,backend,CWAgent,diskio_reads,name=nvme0n1,average,33.0
2026-09-30T11:22:00+00:00,backend,CWAgent,diskio_reads,name=nvme0n1,average,1000.0
2026-09-30T11:23:00+00:00,backend,CWAgent,diskio_reads,name=nvme0n1,average,30.0
2026-09-30T11:24:00+00:00,backend,CWAgent,diskio_reads,name=nvme0n1,average,30.0
2026-09-30T11:25:00+00:00,backend,CWAgent,diskio_reads,name=nvme0n1,average,5980.0
2026-09-30T11:26:00+00:00,backend,CWAgent,diskio_reads,name=nvme0n1,average,1952.0
2026-09-30T11:27:00+00:00,backend,CWAgent,diskio_reads,name=nvme0n1,average,301.0
2026-09-30T11:28:00+00:00,backend,CWAgent,diskio_reads,name=nvme0n1,average,164.0
2026-09-30T11:29:00+00:00,backend,CWAgent,diskio_reads,name=nvme0n1,average,120.0
2026-09-30T11:30:00+00:00,backend,CWAgent,diskio_reads,name=nvme0n1,average,108.0
2026-09-30T11:31:00+00:00,backend,CWAgent,diskio_reads,name=nvme0n1,average,109.0
2026-09-30T11:32:00+00:00,backend,CWAgent,diskio_reads,name=nvme0n1,average,198.0
2026-09-30T11:20:00+00:00,backend,CWAgent,diskio_reads,name=nvme0n1,maximum,25.0
2026-09-30T11:21:00+00:00,backend,CWAgent,diskio_reads,name=nvme0n1,maximum,33.0
2026-09-30T11:22:00+00:00,backend,CWAgent,diskio_reads,name=nvme0n1,maximum,1000.0
2026-09-30T11:23:00+00:00,backend,CWAgent,diskio_reads,name=nvme0n1,maximum,30.0
2026-09-30T11:24:00+00:00,backend,CWAgent,diskio_reads,name=nvme0n1,maximum,30.0
2026-09-30T11:25:00+00:00,backend,CWAgent,diskio_reads,name=nvme0n1,maximum,5980.0
2026-09-30T11:26:00+00:00,backend,CWAgent,diskio_reads,name=nvme0n1,maximum,1952.0
2026-09-30T11:27:00+00:00,backend,CWAgent,diskio_reads,name=nvme0n1,maximum,301.0
2026-09-30T11:28:00+00:00,backend,CWAgent,diskio_reads,name=nvme0n1,maximum,164.0
2026-09-30T11:29:00+00:00,backend,CWAgent,diskio_reads,name=nvme0n1,maximum,120.0
2026-09-30T11:30:00+00:00,backend,CWAgent,diskio_reads,name=nvme0n1,maximum,108.0
2026-09-30T11:31:00+00:00,backend,CWAgent,diskio_reads,name=nvme0n1,maximum,109.0
2026-09-30T11:32:00+00:00,backend,CWAgent,diskio_reads,name=nvme0n1,maximum,198.0
2026-09-30T11:20:00+00:00,backend,CWAgent,diskio_reads,name=nvme0n1p15,average,0.0
2026-09-30T11:21:00+00:00,backend,CWAgent,diskio_reads,name=nvme0n1p15,average,0.0
2026-09-30T11:22:00+00:00,backend,CWAgent,diskio_reads,name=nvme0n1p15,average,0.0
2026-09-30T11:23:00+00:00,backend,CWAgent,diskio_reads,name=nvme0n1p15,average,0.0
2026-09-30T11:24:00+00:00,backend,CWAgent,diskio_reads,name=nvme0n1p15,average,0.0
2026-09-30T11:25:00+00:00,backend,CWAgent,diskio_reads,name=nvme0n1p15,average,0.0
2026-09-30T11:26:00+00:00,backend,CWAgent,diskio_reads,name=nvme0n1p15,average,0.0
2026-09-30T11:27:00+00:00,backend,CWAgent,diskio_reads,name=nvme0n1p15,average,0.0
2026-09-30T11:28:00+00:00,backend,CWAgent,diskio_reads,name=nvme0n1p15,average,0.0
2026-09-30T11:29:00+00:00,backend,CWAgent,diskio_reads,name=nvme0n1p15,average,0.0
2026-09-30T11:30:00+00:00,backend,CWAgent,diskio_reads,name=nvme0n1p15,average,0.0
2026-09-30T11:31:00+00:00,backend,CWAgent,diskio_reads,name=nvme0n1p15,average,0.0
2026-09-30T11:32:00+00:00,backend,CWAgent,diskio_reads,name=nvme0n1p15,average,0.0
2026-09-30T11:20:00+00:00,backend,CWAgent,diskio_reads,name=nvme0n1p15,maximum,0.0
2026-09-30T11:21:00+00:00,backend,CWAgent,diskio_reads,name=nvme0n1p15,maximum,0.0
2026-09-30T11:22:00+00:00,backend,CWAgent,diskio_reads,name=nvme0n1p15,maximum,0.0
2026-09-30T11:23:00+00:00,backend,CWAgent,diskio_reads,name=nvme0n1p15,maximum,0.0
2026-09-30T11:24:00+00:00,backend,CWAgent,diskio_reads,name=nvme0n1p15,maximum,0.0
2026-09-30T11:25:00+00:00,backend,CWAgent,diskio_reads,name=nvme0n1p15,maximum,0.0
2026-09-30T11:26:00+00:00,backend,CWAgent,diskio_reads,name=nvme0n1p15,maximum,0.0
2026-09-30T11:27:00+00:00,backend,CWAgent,diskio_reads,name=nvme0n1p15,maximum,0.0
2026-09-30T11:28:00+00:00,backend,CWAgent,diskio_reads,name=nvme0n1p15,maximum,0.0
2026-09-30T11:29:00+00:00,backend,CWAgent,diskio_reads,name=nvme0n1p15,maximum,0.0
2026-09-30T11:30:00+00:00,backend,CWAgent,diskio_reads,name=nvme0n1p15,maximum,0.0
2026-09-30T11:31:00+00:00,backend,CWAgent,diskio_reads,name=nvme0n1p15,maximum,0.0
2026-09-30T11:32:00+00:00,backend,CWAgent,diskio_reads,name=nvme0n1p15,maximum,0.0
2026-09-30T11:20:00+00:00,backend,CWAgent,diskio_writes,name=nvme0n1p15,average,0.0
2026-09-30T11:21:00+00:00,backend,CWAgent,diskio_writes,name=nvme0n1p15,average,0.0
2026-09-30T11:22:00+00:00,backend,CWAgent,diskio_writes,name=nvme0n1p15,average,0.0
2026-09-30T11:23:00+00:00,backend,CWAgent,diskio_writes,name=nvme0n1p15,average,0.0
2026-09-30T11:24:00+00:00,backend,CWAgent,diskio_writes,name=nvme0n1p15,average,0.0
2026-09-30T11:25:00+00:00,backend,CWAgent,diskio_writes,name=nvme0n1p15,average,0.0
2026-09-30T11:26:00+00:00,backend,CWAgent,diskio_writes,name=nvme0n1p15,average,0.0
2026-09-30T11:27:00+00:00,backend,CWAgent,diskio_writes,name=nvme0n1p15,average,0.0
2026-09-30T11:28:00+00:00,backend,CWAgent,diskio_writes,name=nvme0n1p15,average,0.0
2026-09-30T11:29:00+00:00,backend,CWAgent,diskio_writes,name=nvme0n1p15,average,0.0
2026-09-30T11:30:00+00:00,backend,CWAgent,diskio_writes,name=nvme0n1p15,average,0.0
2026-09-30T11:31:00+00:00,backend,CWAgent,diskio_writes,name=nvme0n1p15,average,0.0
2026-09-30T11:32:00+00:00,backend,CWAgent,diskio_writes,name=nvme0n1p15,average,0.0
2026-09-30T11:20:00+00:00,backend,CWAgent,diskio_writes,name=nvme0n1p15,maximum,0.0
2026-09-30T11:21:00+00:00,backend,CWAgent,diskio_writes,name=nvme0n1p15,maximum,0.0
2026-09-30T11:22:00+00:00,backend,CWAgent,diskio_writes,name=nvme0n1p15,maximum,0.0
2026-09-30T11:23:00+00:00,backend,CWAgent,diskio_writes,name=nvme0n1p15,maximum,0.0
2026-09-30T11:24:00+00:00,backend,CWAgent,diskio_writes,name=nvme0n1p15,maximum,0.0
2026-09-30T11:25:00+00:00,backend,CWAgent,diskio_writes,name=nvme0n1p15,maximum,0.0
2026-09-30T11:26:00+00:00,backend,CWAgent,diskio_writes,name=nvme0n1p15,maximum,0.0
2026-09-30T11:27:00+00:00,backend,CWAgent,diskio_writes,name=nvme0n1p15,maximum,0.0
2026-09-30T11:28:00+00:00,backend,CWAgent,diskio_writes,name=nvme0n1p15,maximum,0.0
2026-09-30T11:29:00+00:00,backend,CWAgent,diskio_writes,name=nvme0n1p15,maximum,0.0
2026-09-30T11:30:00+00:00,backend,CWAgent,diskio_writes,name=nvme0n1p15,maximum,0.0
2026-09-30T11:31:00+00:00,backend,CWAgent,diskio_writes,name=nvme0n1p15,maximum,0.0
2026-09-30T11:32:00+00:00,backend,CWAgent,diskio_writes,name=nvme0n1p15,maximum,0.0
2026-09-30T11:20:00+00:00,backend,CWAgent,cpu_usage_system,cpu=cpu-total,average,1.4082145850796501
2026-09-30T11:21:00+00:00,backend,CWAgent,cpu_usage_system,cpu=cpu-total,average,0.40921997661600346
2026-09-30T11:22:00+00:00,backend,CWAgent,cpu_usage_system,cpu=cpu-total,average,0.4683840749414297
2026-09-30T11:23:00+00:00,backend,CWAgent,cpu_usage_system,cpu=cpu-total,average,2.4202420242024894
2026-09-30T11:24:00+00:00,backend,CWAgent,cpu_usage_system,cpu=cpu-total,average,5.482138289709087
2026-09-30T11:25:00+00:00,backend,CWAgent,cpu_usage_system,cpu=cpu-total,average,9.510799965849912
2026-09-30T11:26:00+00:00,backend,CWAgent,cpu_usage_system,cpu=cpu-total,average,29.009175856553398
2026-09-30T11:27:00+00:00,backend,CWAgent,cpu_usage_system,cpu=cpu-total,average,30.031142159750587
2026-09-30T11:28:00+00:00,backend,CWAgent,cpu_usage_system,cpu=cpu-total,average,30.305324249306206
2026-09-30T11:29:00+00:00,backend,CWAgent,cpu_usage_system,cpu=cpu-total,average,30.086416645692
2026-09-30T11:30:00+00:00,backend,CWAgent,cpu_usage_system,cpu=cpu-total,average,9.164191769198208
2026-09-30T11:31:00+00:00,backend,CWAgent,cpu_usage_system,cpu=cpu-total,average,1.7390573804924674
2026-09-30T11:32:00+00:00,backend,CWAgent,cpu_usage_system,cpu=cpu-total,average,0.4093567251462039
2026-09-30T11:20:00+00:00,backend,CWAgent,cpu_usage_system,cpu=cpu-total,maximum,1.4082145850796501
2026-09-30T11:21:00+00:00,backend,CWAgent,cpu_usage_system,cpu=cpu-total,maximum,0.40921997661600346
2026-09-30T11:22:00+00:00,backend,CWAgent,cpu_usage_system,cpu=cpu-total,maximum,0.4683840749414297
2026-09-30T11:23:00+00:00,backend,CWAgent,cpu_usage_system,cpu=cpu-total,maximum,2.4202420242024894
2026-09-30T11:24:00+00:00,backend,CWAgent,cpu_usage_system,cpu=cpu-total,maximum,5.482138289709087
2026-09-30T11:25:00+00:00,backend,CWAgent,cpu_usage_system,cpu=cpu-total,maximum,9.510799965849912
2026-09-30T11:26:00+00:00,backend,CWAgent,cpu_usage_system,cpu=cpu-total,maximum,29.009175856553398
2026-09-30T11:27:00+00:00,backend,CWAgent,cpu_usage_system,cpu=cpu-total,maximum,30.031142159750587
2026-09-30T11:28:00+00:00,backend,CWAgent,cpu_usage_system,cpu=cpu-total,maximum,30.305324249306206
2026-09-30T11:29:00+00:00,backend,CWAgent,cpu_usage_system,cpu=cpu-total,maximum,30.086416645692
2026-09-30T11:30:00+00:00,backend,CWAgent,cpu_usage_system,cpu=cpu-total,maximum,9.164191769198208
2026-09-30T11:31:00+00:00,backend,CWAgent,cpu_usage_system,cpu=cpu-total,maximum,1.7390573804924674
2026-09-30T11:32:00+00:00,backend,CWAgent,cpu_usage_system,cpu=cpu-total,maximum,0.4093567251462039
2026-09-30T11:20:00+00:00,backend,CWAgent,procstat_memory_rss,exe=java;process_name=java,average,601726976.0
2026-09-30T11:21:00+00:00,backend,CWAgent,procstat_memory_rss,exe=java;process_name=java,average,590659584.0
2026-09-30T11:22:00+00:00,backend,CWAgent,procstat_memory_rss,exe=java;process_name=java,average,590659584.0
2026-09-30T11:23:00+00:00,backend,CWAgent,procstat_memory_rss,exe=java;process_name=java,average,585138176.0
2026-09-30T11:24:00+00:00,backend,CWAgent,procstat_memory_rss,exe=java;process_name=java,average,583131136.0
2026-09-30T11:25:00+00:00,backend,CWAgent,procstat_memory_rss,exe=java;process_name=java,average,595705856.0
2026-09-30T11:26:00+00:00,backend,CWAgent,procstat_memory_rss,exe=java;process_name=java,average,588619776.0
2026-09-30T11:27:00+00:00,backend,CWAgent,procstat_memory_rss,exe=java;process_name=java,average,588992512.0
2026-09-30T11:28:00+00:00,backend,CWAgent,procstat_memory_rss,exe=java;process_name=java,average,588136448.0
2026-09-30T11:29:00+00:00,backend,CWAgent,procstat_memory_rss,exe=java;process_name=java,average,588230656.0
2026-09-30T11:30:00+00:00,backend,CWAgent,procstat_memory_rss,exe=java;process_name=java,average,588726272.0
2026-09-30T11:31:00+00:00,backend,CWAgent,procstat_memory_rss,exe=java;process_name=java,average,589262848.0
2026-09-30T11:32:00+00:00,backend,CWAgent,procstat_memory_rss,exe=java;process_name=java,average,575627264.0
2026-09-30T11:20:00+00:00,backend,CWAgent,procstat_memory_rss,exe=java;process_name=java,maximum,601726976.0
2026-09-30T11:21:00+00:00,backend,CWAgent,procstat_memory_rss,exe=java;process_name=java,maximum,590659584.0
2026-09-30T11:22:00+00:00,backend,CWAgent,procstat_memory_rss,exe=java;process_name=java,maximum,590659584.0
2026-09-30T11:23:00+00:00,backend,CWAgent,procstat_memory_rss,exe=java;process_name=java,maximum,585138176.0
2026-09-30T11:24:00+00:00,backend,CWAgent,procstat_memory_rss,exe=java;process_name=java,maximum,583131136.0
2026-09-30T11:25:00+00:00,backend,CWAgent,procstat_memory_rss,exe=java;process_name=java,maximum,595705856.0
2026-09-30T11:26:00+00:00,backend,CWAgent,procstat_memory_rss,exe=java;process_name=java,maximum,588619776.0
2026-09-30T11:27:00+00:00,backend,CWAgent,procstat_memory_rss,exe=java;process_name=java,maximum,588992512.0
2026-09-30T11:28:00+00:00,backend,CWAgent,procstat_memory_rss,exe=java;process_name=java,maximum,588136448.0
2026-09-30T11:29:00+00:00,backend,CWAgent,procstat_memory_rss,exe=java;process_name=java,maximum,588230656.0
2026-09-30T11:30:00+00:00,backend,CWAgent,procstat_memory_rss,exe=java;process_name=java,maximum,588726272.0
2026-09-30T11:31:00+00:00,backend,CWAgent,procstat_memory_rss,exe=java;process_name=java,maximum,589262848.0
2026-09-30T11:32:00+00:00,backend,CWAgent,procstat_memory_rss,exe=java;process_name=java,maximum,575627264.0
2026-09-30T11:20:00+00:00,backend,CWAgent,net_bytes_sent,interface=docker0,average,0.0
2026-09-30T11:21:00+00:00,backend,CWAgent,net_bytes_sent,interface=docker0,average,0.0
2026-09-30T11:22:00+00:00,backend,CWAgent,net_bytes_sent,interface=docker0,average,0.0
2026-09-30T11:23:00+00:00,backend,CWAgent,net_bytes_sent,interface=docker0,average,0.0
2026-09-30T11:24:00+00:00,backend,CWAgent,net_bytes_sent,interface=docker0,average,0.0
2026-09-30T11:25:00+00:00,backend,CWAgent,net_bytes_sent,interface=docker0,average,0.0
2026-09-30T11:26:00+00:00,backend,CWAgent,net_bytes_sent,interface=docker0,average,0.0
2026-09-30T11:27:00+00:00,backend,CWAgent,net_bytes_sent,interface=docker0,average,0.0
2026-09-30T11:28:00+00:00,backend,CWAgent,net_bytes_sent,interface=docker0,average,0.0
2026-09-30T11:29:00+00:00,backend,CWAgent,net_bytes_sent,interface=docker0,average,0.0
2026-09-30T11:30:00+00:00,backend,CWAgent,net_bytes_sent,interface=docker0,average,0.0
2026-09-30T11:31:00+00:00,backend,CWAgent,net_bytes_sent,interface=docker0,average,0.0
2026-09-30T11:32:00+00:00,backend,CWAgent,net_bytes_sent,interface=docker0,average,0.0
2026-09-30T11:20:00+00:00,backend,CWAgent,net_bytes_sent,interface=docker0,maximum,0.0
2026-09-30T11:21:00+00:00,backend,CWAgent,net_bytes_sent,interface=docker0,maximum,0.0
2026-09-30T11:22:00+00:00,backend,CWAgent,net_bytes_sent,interface=docker0,maximum,0.0
2026-09-30T11:23:00+00:00,backend,CWAgent,net_bytes_sent,interface=docker0,maximum,0.0
2026-09-30T11:24:00+00:00,backend,CWAgent,net_bytes_sent,interface=docker0,maximum,0.0
2026-09-30T11:25:00+00:00,backend,CWAgent,net_bytes_sent,interface=docker0,maximum,0.0
2026-09-30T11:26:00+00:00,backend,CWAgent,net_bytes_sent,interface=docker0,maximum,0.0
2026-09-30T11:27:00+00:00,backend,CWAgent,net_bytes_sent,interface=docker0,maximum,0.0
2026-09-30T11:28:00+00:00,backend,CWAgent,net_bytes_sent,interface=docker0,maximum,0.0
2026-09-30T11:29:00+00:00,backend,CWAgent,net_bytes_sent,interface=docker0,maximum,0.0
2026-09-30T11:30:00+00:00,backend,CWAgent,net_bytes_sent,interface=docker0,maximum,0.0
2026-09-30T11:31:00+00:00,backend,CWAgent,net_bytes_sent,interface=docker0,maximum,0.0
2026-09-30T11:32:00+00:00,backend,CWAgent,net_bytes_sent,interface=docker0,maximum,0.0
2026-09-30T11:20:00+00:00,backend,CWAgent,diskio_writes,name=nvme0n1p1,average,61.0
2026-09-30T11:21:00+00:00,backend,CWAgent,diskio_writes,name=nvme0n1p1,average,42.0
2026-09-30T11:22:00+00:00,backend,CWAgent,diskio_writes,name=nvme0n1p1,average,144.0
2026-09-30T11:23:00+00:00,backend,CWAgent,diskio_writes,name=nvme0n1p1,average,67.0
2026-09-30T11:24:00+00:00,backend,CWAgent,diskio_writes,name=nvme0n1p1,average,102.0
2026-09-30T11:25:00+00:00,backend,CWAgent,diskio_writes,name=nvme0n1p1,average,845.0
2026-09-30T11:26:00+00:00,backend,CWAgent,diskio_writes,name=nvme0n1p1,average,1002.0
2026-09-30T11:27:00+00:00,backend,CWAgent,diskio_writes,name=nvme0n1p1,average,338.0
2026-09-30T11:28:00+00:00,backend,CWAgent,diskio_writes,name=nvme0n1p1,average,124.0
2026-09-30T11:29:00+00:00,backend,CWAgent,diskio_writes,name=nvme0n1p1,average,62.0
2026-09-30T11:30:00+00:00,backend,CWAgent,diskio_writes,name=nvme0n1p1,average,54.0
2026-09-30T11:31:00+00:00,backend,CWAgent,diskio_writes,name=nvme0n1p1,average,86.0
2026-09-30T11:32:00+00:00,backend,CWAgent,diskio_writes,name=nvme0n1p1,average,47.0
2026-09-30T11:20:00+00:00,backend,CWAgent,diskio_writes,name=nvme0n1p1,maximum,61.0
2026-09-30T11:21:00+00:00,backend,CWAgent,diskio_writes,name=nvme0n1p1,maximum,42.0
2026-09-30T11:22:00+00:00,backend,CWAgent,diskio_writes,name=nvme0n1p1,maximum,144.0
2026-09-30T11:23:00+00:00,backend,CWAgent,diskio_writes,name=nvme0n1p1,maximum,67.0
2026-09-30T11:24:00+00:00,backend,CWAgent,diskio_writes,name=nvme0n1p1,maximum,102.0
2026-09-30T11:25:00+00:00,backend,CWAgent,diskio_writes,name=nvme0n1p1,maximum,845.0
2026-09-30T11:26:00+00:00,backend,CWAgent,diskio_writes,name=nvme0n1p1,maximum,1002.0
2026-09-30T11:27:00+00:00,backend,CWAgent,diskio_writes,name=nvme0n1p1,maximum,338.0
2026-09-30T11:28:00+00:00,backend,CWAgent,diskio_writes,name=nvme0n1p1,maximum,124.0
2026-09-30T11:29:00+00:00,backend,CWAgent,diskio_writes,name=nvme0n1p1,maximum,62.0
2026-09-30T11:30:00+00:00,backend,CWAgent,diskio_writes,name=nvme0n1p1,maximum,54.0
2026-09-30T11:31:00+00:00,backend,CWAgent,diskio_writes,name=nvme0n1p1,maximum,86.0
2026-09-30T11:32:00+00:00,backend,CWAgent,diskio_writes,name=nvme0n1p1,maximum,47.0
2026-09-30T11:20:00+00:00,backend,CWAgent,procstat_cpu_usage,exe=containerd;process_name=containerd,average,0.08332973045161032
2026-09-30T11:21:00+00:00,backend,CWAgent,procstat_cpu_usage,exe=containerd;process_name=containerd,average,0.08333674961226328
2026-09-30T11:22:00+00:00,backend,CWAgent,procstat_cpu_usage,exe=containerd;process_name=containerd,average,0.0833335689853957
2026-09-30T11:23:00+00:00,backend,CWAgent,procstat_cpu_usage,exe=containerd;process_name=containerd,average,0.08333050441825388
2026-09-30T11:24:00+00:00,backend,CWAgent,procstat_cpu_usage,exe=containerd;process_name=containerd,average,0.10000349299867067
2026-09-30T11:25:00+00:00,backend,CWAgent,procstat_cpu_usage,exe=containerd;process_name=containerd,average,0.06666188275331654
2026-09-30T11:26:00+00:00,backend,CWAgent,procstat_cpu_usage,exe=containerd;process_name=containerd,average,0.08332195424567776
2026-09-30T11:27:00+00:00,backend,CWAgent,procstat_cpu_usage,exe=containerd;process_name=containerd,average,0.1000184949416666
2026-09-30T11:28:00+00:00,backend,CWAgent,procstat_cpu_usage,exe=containerd;process_name=containerd,average,0.08332759756981616
2026-09-30T11:29:00+00:00,backend,CWAgent,procstat_cpu_usage,exe=containerd;process_name=containerd,average,0.1000030088688614
2026-09-30T11:30:00+00:00,backend,CWAgent,procstat_cpu_usage,exe=containerd;process_name=containerd,average,0.06667087946619696
2026-09-30T11:31:00+00:00,backend,CWAgent,procstat_cpu_usage,exe=containerd;process_name=containerd,average,0.10000065903268034
2026-09-30T11:32:00+00:00,backend,CWAgent,procstat_cpu_usage,exe=containerd;process_name=containerd,average,0.08333180606131983
2026-09-30T11:20:00+00:00,backend,CWAgent,procstat_cpu_usage,exe=containerd;process_name=containerd,maximum,0.08332973045161032
2026-09-30T11:21:00+00:00,backend,CWAgent,procstat_cpu_usage,exe=containerd;process_name=containerd,maximum,0.08333674961226328
2026-09-30T11:22:00+00:00,backend,CWAgent,procstat_cpu_usage,exe=containerd;process_name=containerd,maximum,0.0833335689853957
2026-09-30T11:23:00+00:00,backend,CWAgent,procstat_cpu_usage,exe=containerd;process_name=containerd,maximum,0.08333050441825388
2026-09-30T11:24:00+00:00,backend,CWAgent,procstat_cpu_usage,exe=containerd;process_name=containerd,maximum,0.10000349299867067
2026-09-30T11:25:00+00:00,backend,CWAgent,procstat_cpu_usage,exe=containerd;process_name=containerd,maximum,0.06666188275331654
2026-09-30T11:26:00+00:00,backend,CWAgent,procstat_cpu_usage,exe=containerd;process_name=containerd,maximum,0.08332195424567776
2026-09-30T11:27:00+00:00,backend,CWAgent,procstat_cpu_usage,exe=containerd;process_name=containerd,maximum,0.1000184949416666
2026-09-30T11:28:00+00:00,backend,CWAgent,procstat_cpu_usage,exe=containerd;process_name=containerd,maximum,0.08332759756981616
2026-09-30T11:29:00+00:00,backend,CWAgent,procstat_cpu_usage,exe=containerd;process_name=containerd,maximum,0.1000030088688614
2026-09-30T11:30:00+00:00,backend,CWAgent,procstat_cpu_usage,exe=containerd;process_name=containerd,maximum,0.06667087946619696
2026-09-30T11:31:00+00:00,backend,CWAgent,procstat_cpu_usage,exe=containerd;process_name=containerd,maximum,0.10000065903268034
2026-09-30T11:32:00+00:00,backend,CWAgent,procstat_cpu_usage,exe=containerd;process_name=containerd,maximum,0.08333180606131983
2026-09-30T11:20:00+00:00,backend,CWAgent,diskio_writes,name=nvme0n1p14,average,0.0
2026-09-30T11:21:00+00:00,backend,CWAgent,diskio_writes,name=nvme0n1p14,average,0.0
2026-09-30T11:22:00+00:00,backend,CWAgent,diskio_writes,name=nvme0n1p14,average,0.0
2026-09-30T11:23:00+00:00,backend,CWAgent,diskio_writes,name=nvme0n1p14,average,0.0
2026-09-30T11:24:00+00:00,backend,CWAgent,diskio_writes,name=nvme0n1p14,average,0.0
2026-09-30T11:25:00+00:00,backend,CWAgent,diskio_writes,name=nvme0n1p14,average,0.0
2026-09-30T11:26:00+00:00,backend,CWAgent,diskio_writes,name=nvme0n1p14,average,0.0
2026-09-30T11:27:00+00:00,backend,CWAgent,diskio_writes,name=nvme0n1p14,average,0.0
2026-09-30T11:28:00+00:00,backend,CWAgent,diskio_writes,name=nvme0n1p14,average,0.0
2026-09-30T11:29:00+00:00,backend,CWAgent,diskio_writes,name=nvme0n1p14,average,0.0
2026-09-30T11:30:00+00:00,backend,CWAgent,diskio_writes,name=nvme0n1p14,average,0.0
2026-09-30T11:31:00+00:00,backend,CWAgent,diskio_writes,name=nvme0n1p14,average,0.0
2026-09-30T11:32:00+00:00,backend,CWAgent,diskio_writes,name=nvme0n1p14,average,0.0
2026-09-30T11:20:00+00:00,backend,CWAgent,diskio_writes,name=nvme0n1p14,maximum,0.0
2026-09-30T11:21:00+00:00,backend,CWAgent,diskio_writes,name=nvme0n1p14,maximum,0.0
2026-09-30T11:22:00+00:00,backend,CWAgent,diskio_writes,name=nvme0n1p14,maximum,0.0
2026-09-30T11:23:00+00:00,backend,CWAgent,diskio_writes,name=nvme0n1p14,maximum,0.0
2026-09-30T11:24:00+00:00,backend,CWAgent,diskio_writes,name=nvme0n1p14,maximum,0.0
2026-09-30T11:25:00+00:00,backend,CWAgent,diskio_writes,name=nvme0n1p14,maximum,0.0
2026-09-30T11:26:00+00:00,backend,CWAgent,diskio_writes,name=nvme0n1p14,maximum,0.0
2026-09-30T11:27:00+00:00,backend,CWAgent,diskio_writes,name=nvme0n1p14,maximum,0.0
2026-09-30T11:28:00+00:00,backend,CWAgent,diskio_writes,name=nvme0n1p14,maximum,0.0
2026-09-30T11:29:00+00:00,backend,CWAgent,diskio_writes,name=nvme0n1p14,maximum,0.0
2026-09-30T11:30:00+00:00,backend,CWAgent,diskio_writes,name=nvme0n1p14,maximum,0.0
2026-09-30T11:31:00+00:00,backend,CWAgent,diskio_writes,name=nvme0n1p14,maximum,0.0
2026-09-30T11:32:00+00:00,backend,CWAgent,diskio_writes,name=nvme0n1p14,maximum,0.0
2026-09-30T11:20:00+00:00,backend,CWAgent,diskio_write_bytes,name=nvme0n1p1,average,942080.0
2026-09-30T11:21:00+00:00,backend,CWAgent,diskio_write_bytes,name=nvme0n1p1,average,225280.0
2026-09-30T11:22:00+00:00,backend,CWAgent,diskio_write_bytes,name=nvme0n1p1,average,880640.0
2026-09-30T11:23:00+00:00,backend,CWAgent,diskio_write_bytes,name=nvme0n1p1,average,1114112.0
2026-09-30T11:24:00+00:00,backend,CWAgent,diskio_write_bytes,name=nvme0n1p1,average,2682880.0
2026-09-30T11:25:00+00:00,backend,CWAgent,diskio_write_bytes,name=nvme0n1p1,average,9658368.0
2026-09-30T11:26:00+00:00,backend,CWAgent,diskio_write_bytes,name=nvme0n1p1,average,9355264.0
2026-09-30T11:27:00+00:00,backend,CWAgent,diskio_write_bytes,name=nvme0n1p1,average,4370432.0
2026-09-30T11:28:00+00:00,backend,CWAgent,diskio_write_bytes,name=nvme0n1p1,average,1089536.0
2026-09-30T11:29:00+00:00,backend,CWAgent,diskio_write_bytes,name=nvme0n1p1,average,2445312.0
2026-09-30T11:30:00+00:00,backend,CWAgent,diskio_write_bytes,name=nvme0n1p1,average,2322432.0
2026-09-30T11:31:00+00:00,backend,CWAgent,diskio_write_bytes,name=nvme0n1p1,average,2310144.0
2026-09-30T11:32:00+00:00,backend,CWAgent,diskio_write_bytes,name=nvme0n1p1,average,778240.0
2026-09-30T11:20:00+00:00,backend,CWAgent,diskio_write_bytes,name=nvme0n1p1,maximum,942080.0
2026-09-30T11:21:00+00:00,backend,CWAgent,diskio_write_bytes,name=nvme0n1p1,maximum,225280.0
2026-09-30T11:22:00+00:00,backend,CWAgent,diskio_write_bytes,name=nvme0n1p1,maximum,880640.0
2026-09-30T11:23:00+00:00,backend,CWAgent,diskio_write_bytes,name=nvme0n1p1,maximum,1114112.0
2026-09-30T11:24:00+00:00,backend,CWAgent,diskio_write_bytes,name=nvme0n1p1,maximum,2682880.0
2026-09-30T11:25:00+00:00,backend,CWAgent,diskio_write_bytes,name=nvme0n1p1,maximum,9658368.0
2026-09-30T11:26:00+00:00,backend,CWAgent,diskio_write_bytes,name=nvme0n1p1,maximum,9355264.0
2026-09-30T11:27:00+00:00,backend,CWAgent,diskio_write_bytes,name=nvme0n1p1,maximum,4370432.0
2026-09-30T11:28:00+00:00,backend,CWAgent,diskio_write_bytes,name=nvme0n1p1,maximum,1089536.0
2026-09-30T11:29:00+00:00,backend,CWAgent,diskio_write_bytes,name=nvme0n1p1,maximum,2445312.0
2026-09-30T11:30:00+00:00,backend,CWAgent,diskio_write_bytes,name=nvme0n1p1,maximum,2322432.0
2026-09-30T11:31:00+00:00,backend,CWAgent,diskio_write_bytes,name=nvme0n1p1,maximum,2310144.0
2026-09-30T11:32:00+00:00,backend,CWAgent,diskio_write_bytes,name=nvme0n1p1,maximum,778240.0
2026-09-30T11:20:00+00:00,backend,CWAgent,diskio_reads,name=nvme0n1p14,average,0.0
2026-09-30T11:21:00+00:00,backend,CWAgent,diskio_reads,name=nvme0n1p14,average,0.0
2026-09-30T11:22:00+00:00,backend,CWAgent,diskio_reads,name=nvme0n1p14,average,0.0
2026-09-30T11:23:00+00:00,backend,CWAgent,diskio_reads,name=nvme0n1p14,average,0.0
2026-09-30T11:24:00+00:00,backend,CWAgent,diskio_reads,name=nvme0n1p14,average,0.0
2026-09-30T11:25:00+00:00,backend,CWAgent,diskio_reads,name=nvme0n1p14,average,0.0
2026-09-30T11:26:00+00:00,backend,CWAgent,diskio_reads,name=nvme0n1p14,average,0.0
2026-09-30T11:27:00+00:00,backend,CWAgent,diskio_reads,name=nvme0n1p14,average,0.0
2026-09-30T11:28:00+00:00,backend,CWAgent,diskio_reads,name=nvme0n1p14,average,0.0
2026-09-30T11:29:00+00:00,backend,CWAgent,diskio_reads,name=nvme0n1p14,average,0.0
2026-09-30T11:30:00+00:00,backend,CWAgent,diskio_reads,name=nvme0n1p14,average,0.0
2026-09-30T11:31:00+00:00,backend,CWAgent,diskio_reads,name=nvme0n1p14,average,0.0
2026-09-30T11:32:00+00:00,backend,CWAgent,diskio_reads,name=nvme0n1p14,average,0.0
2026-09-30T11:20:00+00:00,backend,CWAgent,diskio_reads,name=nvme0n1p14,maximum,0.0
2026-09-30T11:21:00+00:00,backend,CWAgent,diskio_reads,name=nvme0n1p14,maximum,0.0
2026-09-30T11:22:00+00:00,backend,CWAgent,diskio_reads,name=nvme0n1p14,maximum,0.0
2026-09-30T11:23:00+00:00,backend,CWAgent,diskio_reads,name=nvme0n1p14,maximum,0.0
2026-09-30T11:24:00+00:00,backend,CWAgent,diskio_reads,name=nvme0n1p14,maximum,0.0
2026-09-30T11:25:00+00:00,backend,CWAgent,diskio_reads,name=nvme0n1p14,maximum,0.0
2026-09-30T11:26:00+00:00,backend,CWAgent,diskio_reads,name=nvme0n1p14,maximum,0.0
2026-09-30T11:27:00+00:00,backend,CWAgent,diskio_reads,name=nvme0n1p14,maximum,0.0
2026-09-30T11:28:00+00:00,backend,CWAgent,diskio_reads,name=nvme0n1p14,maximum,0.0
2026-09-30T11:29:00+00:00,backend,CWAgent,diskio_reads,name=nvme0n1p14,maximum,0.0
2026-09-30T11:30:00+00:00,backend,CWAgent,diskio_reads,name=nvme0n1p14,maximum,0.0
2026-09-30T11:31:00+00:00,backend,CWAgent,diskio_reads,name=nvme0n1p14,maximum,0.0
2026-09-30T11:32:00+00:00,backend,CWAgent,diskio_reads,name=nvme0n1p14,maximum,0.0
2026-09-30T11:20:00+00:00,backend,CWAgent,cpu_usage_iowait,cpu=cpu-total,average,0.03352891869237659
2026-09-30T11:21:00+00:00,backend,CWAgent,cpu_usage_iowait,cpu=cpu-total,average,0.02505428428261294
2026-09-30T11:22:00+00:00,backend,CWAgent,cpu_usage_iowait,cpu=cpu-total,average,0.34292405486786304
2026-09-30T11:23:00+00:00,backend,CWAgent,cpu_usage_iowait,cpu=cpu-total,average,0.033849538800038596
2026-09-30T11:24:00+00:00,backend,CWAgent,cpu_usage_iowait,cpu=cpu-total,average,0.01705175206752142
2026-09-30T11:25:00+00:00,backend,CWAgent,cpu_usage_iowait,cpu=cpu-total,average,1.4940664219243445
2026-09-30T11:26:00+00:00,backend,CWAgent,cpu_usage_iowait,cpu=cpu-total,average,0.1767825574543246
2026-09-30T11:27:00+00:00,backend,CWAgent,cpu_usage_iowait,cpu=cpu-total,average,0.008416799932669814
2026-09-30T11:28:00+00:00,backend,CWAgent,cpu_usage_iowait,cpu=cpu-total,average,0.008411136344524488
2026-09-30T11:29:00+00:00,backend,CWAgent,cpu_usage_iowait,cpu=cpu-total,average,0.008389965601133496
2026-09-30T11:30:00+00:00,backend,CWAgent,cpu_usage_iowait,cpu=cpu-total,average,0.016970725498523954
2026-09-30T11:31:00+00:00,backend,CWAgent,cpu_usage_iowait,cpu=cpu-total,average,0.05880870368814069
2026-09-30T11:32:00+00:00,backend,CWAgent,cpu_usage_iowait,cpu=cpu-total,average,0.07518796992481443
2026-09-30T11:20:00+00:00,backend,CWAgent,cpu_usage_iowait,cpu=cpu-total,maximum,0.03352891869237659
2026-09-30T11:21:00+00:00,backend,CWAgent,cpu_usage_iowait,cpu=cpu-total,maximum,0.02505428428261294
2026-09-30T11:22:00+00:00,backend,CWAgent,cpu_usage_iowait,cpu=cpu-total,maximum,0.34292405486786304
2026-09-30T11:23:00+00:00,backend,CWAgent,cpu_usage_iowait,cpu=cpu-total,maximum,0.033849538800038596
2026-09-30T11:24:00+00:00,backend,CWAgent,cpu_usage_iowait,cpu=cpu-total,maximum,0.01705175206752142
2026-09-30T11:25:00+00:00,backend,CWAgent,cpu_usage_iowait,cpu=cpu-total,maximum,1.4940664219243445
2026-09-30T11:26:00+00:00,backend,CWAgent,cpu_usage_iowait,cpu=cpu-total,maximum,0.1767825574543246
2026-09-30T11:27:00+00:00,backend,CWAgent,cpu_usage_iowait,cpu=cpu-total,maximum,0.008416799932669814
2026-09-30T11:28:00+00:00,backend,CWAgent,cpu_usage_iowait,cpu=cpu-total,maximum,0.008411136344524488
2026-09-30T11:29:00+00:00,backend,CWAgent,cpu_usage_iowait,cpu=cpu-total,maximum,0.008389965601133496
2026-09-30T11:30:00+00:00,backend,CWAgent,cpu_usage_iowait,cpu=cpu-total,maximum,0.016970725498523954
2026-09-30T11:31:00+00:00,backend,CWAgent,cpu_usage_iowait,cpu=cpu-total,maximum,0.05880870368814069
2026-09-30T11:32:00+00:00,backend,CWAgent,cpu_usage_iowait,cpu=cpu-total,maximum,0.07518796992481443
2026-09-30T11:20:00+00:00,backend,CWAgent,diskio_read_bytes,name=nvme0n1p15,average,0.0
2026-09-30T11:21:00+00:00,backend,CWAgent,diskio_read_bytes,name=nvme0n1p15,average,0.0
2026-09-30T11:22:00+00:00,backend,CWAgent,diskio_read_bytes,name=nvme0n1p15,average,0.0
2026-09-30T11:23:00+00:00,backend,CWAgent,diskio_read_bytes,name=nvme0n1p15,average,0.0
2026-09-30T11:24:00+00:00,backend,CWAgent,diskio_read_bytes,name=nvme0n1p15,average,0.0
2026-09-30T11:25:00+00:00,backend,CWAgent,diskio_read_bytes,name=nvme0n1p15,average,0.0
2026-09-30T11:26:00+00:00,backend,CWAgent,diskio_read_bytes,name=nvme0n1p15,average,0.0
2026-09-30T11:27:00+00:00,backend,CWAgent,diskio_read_bytes,name=nvme0n1p15,average,0.0
2026-09-30T11:28:00+00:00,backend,CWAgent,diskio_read_bytes,name=nvme0n1p15,average,0.0
2026-09-30T11:29:00+00:00,backend,CWAgent,diskio_read_bytes,name=nvme0n1p15,average,0.0
2026-09-30T11:30:00+00:00,backend,CWAgent,diskio_read_bytes,name=nvme0n1p15,average,0.0
2026-09-30T11:31:00+00:00,backend,CWAgent,diskio_read_bytes,name=nvme0n1p15,average,0.0
2026-09-30T11:32:00+00:00,backend,CWAgent,diskio_read_bytes,name=nvme0n1p15,average,0.0
2026-09-30T11:20:00+00:00,backend,CWAgent,diskio_read_bytes,name=nvme0n1p15,maximum,0.0
2026-09-30T11:21:00+00:00,backend,CWAgent,diskio_read_bytes,name=nvme0n1p15,maximum,0.0
2026-09-30T11:22:00+00:00,backend,CWAgent,diskio_read_bytes,name=nvme0n1p15,maximum,0.0
2026-09-30T11:23:00+00:00,backend,CWAgent,diskio_read_bytes,name=nvme0n1p15,maximum,0.0
2026-09-30T11:24:00+00:00,backend,CWAgent,diskio_read_bytes,name=nvme0n1p15,maximum,0.0
2026-09-30T11:25:00+00:00,backend,CWAgent,diskio_read_bytes,name=nvme0n1p15,maximum,0.0
2026-09-30T11:26:00+00:00,backend,CWAgent,diskio_read_bytes,name=nvme0n1p15,maximum,0.0
2026-09-30T11:27:00+00:00,backend,CWAgent,diskio_read_bytes,name=nvme0n1p15,maximum,0.0
2026-09-30T11:28:00+00:00,backend,CWAgent,diskio_read_bytes,name=nvme0n1p15,maximum,0.0
2026-09-30T11:29:00+00:00,backend,CWAgent,diskio_read_bytes,name=nvme0n1p15,maximum,0.0
2026-09-30T11:30:00+00:00,backend,CWAgent,diskio_read_bytes,name=nvme0n1p15,maximum,0.0
2026-09-30T11:31:00+00:00,backend,CWAgent,diskio_read_bytes,name=nvme0n1p15,maximum,0.0
2026-09-30T11:32:00+00:00,backend,CWAgent,diskio_read_bytes,name=nvme0n1p15,maximum,0.0
2026-09-30T11:20:00+00:00,backend,CWAgent,procstat_memory_rss,exe=amazon-cloudwatch-agent;process_name=amazon-cloudwatch-agent,average,48267264.0
2026-09-30T11:21:00+00:00,backend,CWAgent,procstat_memory_rss,exe=amazon-cloudwatch-agent;process_name=amazon-cloudwatch-agent,average,46862336.0
2026-09-30T11:22:00+00:00,backend,CWAgent,procstat_memory_rss,exe=amazon-cloudwatch-agent;process_name=amazon-cloudwatch-agent,average,47067136.0
2026-09-30T11:23:00+00:00,backend,CWAgent,procstat_memory_rss,exe=amazon-cloudwatch-agent;process_name=amazon-cloudwatch-agent,average,47046656.0
2026-09-30T11:24:00+00:00,backend,CWAgent,procstat_memory_rss,exe=amazon-cloudwatch-agent;process_name=amazon-cloudwatch-agent,average,45658112.0
2026-09-30T11:25:00+00:00,backend,CWAgent,procstat_memory_rss,exe=amazon-cloudwatch-agent;process_name=amazon-cloudwatch-agent,average,46186496.0
2026-09-30T11:26:00+00:00,backend,CWAgent,procstat_memory_rss,exe=amazon-cloudwatch-agent;process_name=amazon-cloudwatch-agent,average,47575040.0
2026-09-30T11:27:00+00:00,backend,CWAgent,procstat_memory_rss,exe=amazon-cloudwatch-agent;process_name=amazon-cloudwatch-agent,average,47816704.0
2026-09-30T11:28:00+00:00,backend,CWAgent,procstat_memory_rss,exe=amazon-cloudwatch-agent;process_name=amazon-cloudwatch-agent,average,47849472.0
2026-09-30T11:29:00+00:00,backend,CWAgent,procstat_memory_rss,exe=amazon-cloudwatch-agent;process_name=amazon-cloudwatch-agent,average,47702016.0
2026-09-30T11:30:00+00:00,backend,CWAgent,procstat_memory_rss,exe=amazon-cloudwatch-agent;process_name=amazon-cloudwatch-agent,average,49553408.0
2026-09-30T11:31:00+00:00,backend,CWAgent,procstat_memory_rss,exe=amazon-cloudwatch-agent;process_name=amazon-cloudwatch-agent,average,49532928.0
2026-09-30T11:32:00+00:00,backend,CWAgent,procstat_memory_rss,exe=amazon-cloudwatch-agent;process_name=amazon-cloudwatch-agent,average,49442816.0
2026-09-30T11:20:00+00:00,backend,CWAgent,procstat_memory_rss,exe=amazon-cloudwatch-agent;process_name=amazon-cloudwatch-agent,maximum,48267264.0
2026-09-30T11:21:00+00:00,backend,CWAgent,procstat_memory_rss,exe=amazon-cloudwatch-agent;process_name=amazon-cloudwatch-agent,maximum,46862336.0
2026-09-30T11:22:00+00:00,backend,CWAgent,procstat_memory_rss,exe=amazon-cloudwatch-agent;process_name=amazon-cloudwatch-agent,maximum,47067136.0
2026-09-30T11:23:00+00:00,backend,CWAgent,procstat_memory_rss,exe=amazon-cloudwatch-agent;process_name=amazon-cloudwatch-agent,maximum,47046656.0
2026-09-30T11:24:00+00:00,backend,CWAgent,procstat_memory_rss,exe=amazon-cloudwatch-agent;process_name=amazon-cloudwatch-agent,maximum,45658112.0
2026-09-30T11:25:00+00:00,backend,CWAgent,procstat_memory_rss,exe=amazon-cloudwatch-agent;process_name=amazon-cloudwatch-agent,maximum,46186496.0
2026-09-30T11:26:00+00:00,backend,CWAgent,procstat_memory_rss,exe=amazon-cloudwatch-agent;process_name=amazon-cloudwatch-agent,maximum,47575040.0
2026-09-30T11:27:00+00:00,backend,CWAgent,procstat_memory_rss,exe=amazon-cloudwatch-agent;process_name=amazon-cloudwatch-agent,maximum,47816704.0
2026-09-30T11:28:00+00:00,backend,CWAgent,procstat_memory_rss,exe=amazon-cloudwatch-agent;process_name=amazon-cloudwatch-agent,maximum,47849472.0
2026-09-30T11:29:00+00:00,backend,CWAgent,procstat_memory_rss,exe=amazon-cloudwatch-agent;process_name=amazon-cloudwatch-agent,maximum,47702016.0
2026-09-30T11:30:00+00:00,backend,CWAgent,procstat_memory_rss,exe=amazon-cloudwatch-agent;process_name=amazon-cloudwatch-agent,maximum,49553408.0
2026-09-30T11:31:00+00:00,backend,CWAgent,procstat_memory_rss,exe=amazon-cloudwatch-agent;process_name=amazon-cloudwatch-agent,maximum,49532928.0
2026-09-30T11:32:00+00:00,backend,CWAgent,procstat_memory_rss,exe=amazon-cloudwatch-agent;process_name=amazon-cloudwatch-agent,maximum,49442816.0
2026-09-30T11:20:00+00:00,backend,CWAgent,swap_used_percent,,average,12.280106125080348
2026-09-30T11:21:00+00:00,backend,CWAgent,swap_used_percent,,average,12.280106125080348
2026-09-30T11:22:00+00:00,backend,CWAgent,swap_used_percent,,average,12.243484961481022
2026-09-30T11:23:00+00:00,backend,CWAgent,swap_used_percent,,average,12.243484961481022
2026-09-30T11:24:00+00:00,backend,CWAgent,swap_used_percent,,average,12.25569201601413
2026-09-30T11:25:00+00:00,backend,CWAgent,swap_used_percent,,average,12.45100488854387
2026-09-30T11:26:00+00:00,backend,CWAgent,swap_used_percent,,average,12.573075433874958
2026-09-30T11:27:00+00:00,backend,CWAgent,swap_used_percent,,average,12.56086837934185
2026-09-30T11:28:00+00:00,backend,CWAgent,swap_used_percent,,average,12.585282488408067
2026-09-30T11:29:00+00:00,backend,CWAgent,swap_used_percent,,average,12.585282488408067
2026-09-30T11:30:00+00:00,backend,CWAgent,swap_used_percent,,average,12.585282488408067
2026-09-30T11:31:00+00:00,backend,CWAgent,swap_used_percent,,average,12.573075433874958
2026-09-30T11:32:00+00:00,backend,CWAgent,swap_used_percent,,average,12.524247215742523
2026-09-30T11:20:00+00:00,backend,CWAgent,swap_used_percent,,maximum,12.280106125080348
2026-09-30T11:21:00+00:00,backend,CWAgent,swap_used_percent,,maximum,12.280106125080348
2026-09-30T11:22:00+00:00,backend,CWAgent,swap_used_percent,,maximum,12.243484961481022
2026-09-30T11:23:00+00:00,backend,CWAgent,swap_used_percent,,maximum,12.243484961481022
2026-09-30T11:24:00+00:00,backend,CWAgent,swap_used_percent,,maximum,12.25569201601413
2026-09-30T11:25:00+00:00,backend,CWAgent,swap_used_percent,,maximum,12.45100488854387
2026-09-30T11:26:00+00:00,backend,CWAgent,swap_used_percent,,maximum,12.573075433874958
2026-09-30T11:27:00+00:00,backend,CWAgent,swap_used_percent,,maximum,12.56086837934185
2026-09-30T11:28:00+00:00,backend,CWAgent,swap_used_percent,,maximum,12.585282488408067
2026-09-30T11:29:00+00:00,backend,CWAgent,swap_used_percent,,maximum,12.585282488408067
2026-09-30T11:30:00+00:00,backend,CWAgent,swap_used_percent,,maximum,12.585282488408067
2026-09-30T11:31:00+00:00,backend,CWAgent,swap_used_percent,,maximum,12.573075433874958
2026-09-30T11:32:00+00:00,backend,CWAgent,swap_used_percent,,maximum,12.524247215742523
2026-09-30T11:20:00+00:00,backend,CWAgent,disk_used_percent,path=/;device=nvme0n1p1;fstype=ext4,average,59.10265463704444
2026-09-30T11:21:00+00:00,backend,CWAgent,disk_used_percent,path=/;device=nvme0n1p1;fstype=ext4,average,59.10265463704444
2026-09-30T11:22:00+00:00,backend,CWAgent,disk_used_percent,path=/;device=nvme0n1p1;fstype=ext4,average,59.09659875122368
2026-09-30T11:23:00+00:00,backend,CWAgent,disk_used_percent,path=/;device=nvme0n1p1;fstype=ext4,average,59.10481369198922
2026-09-30T11:24:00+00:00,backend,CWAgent,disk_used_percent,path=/;device=nvme0n1p1;fstype=ext4,average,59.122507410561155
2026-09-30T11:25:00+00:00,backend,CWAgent,disk_used_percent,path=/;device=nvme0n1p1;fstype=ext4,average,59.1288265957654
2026-09-30T11:26:00+00:00,backend,CWAgent,disk_used_percent,path=/;device=nvme0n1p1;fstype=ext4,average,59.12061165499986
2026-09-30T11:27:00+00:00,backend,CWAgent,disk_used_percent,path=/;device=nvme0n1p1;fstype=ext4,average,59.12155953278051
2026-09-30T11:28:00+00:00,backend,CWAgent,disk_used_percent,path=/;device=nvme0n1p1;fstype=ext4,average,59.12155953278051
2026-09-30T11:29:00+00:00,backend,CWAgent,disk_used_percent,path=/;device=nvme0n1p1;fstype=ext4,average,59.12171751241062
2026-09-30T11:30:00+00:00,backend,CWAgent,disk_used_percent,path=/;device=nvme0n1p1;fstype=ext4,average,59.12087495438338
2026-09-30T11:31:00+00:00,backend,CWAgent,disk_used_percent,path=/;device=nvme0n1p1;fstype=ext4,average,59.118610579685196
2026-09-30T11:32:00+00:00,backend,CWAgent,disk_used_percent,path=/;device=nvme0n1p1;fstype=ext4,average,59.10260197716774
2026-09-30T11:20:00+00:00,backend,CWAgent,disk_used_percent,path=/;device=nvme0n1p1;fstype=ext4,maximum,59.10265463704444
2026-09-30T11:21:00+00:00,backend,CWAgent,disk_used_percent,path=/;device=nvme0n1p1;fstype=ext4,maximum,59.10265463704444
2026-09-30T11:22:00+00:00,backend,CWAgent,disk_used_percent,path=/;device=nvme0n1p1;fstype=ext4,maximum,59.09659875122368
2026-09-30T11:23:00+00:00,backend,CWAgent,disk_used_percent,path=/;device=nvme0n1p1;fstype=ext4,maximum,59.10481369198922
2026-09-30T11:24:00+00:00,backend,CWAgent,disk_used_percent,path=/;device=nvme0n1p1;fstype=ext4,maximum,59.122507410561155
2026-09-30T11:25:00+00:00,backend,CWAgent,disk_used_percent,path=/;device=nvme0n1p1;fstype=ext4,maximum,59.1288265957654
2026-09-30T11:26:00+00:00,backend,CWAgent,disk_used_percent,path=/;device=nvme0n1p1;fstype=ext4,maximum,59.12061165499986
2026-09-30T11:27:00+00:00,backend,CWAgent,disk_used_percent,path=/;device=nvme0n1p1;fstype=ext4,maximum,59.12155953278051
2026-09-30T11:28:00+00:00,backend,CWAgent,disk_used_percent,path=/;device=nvme0n1p1;fstype=ext4,maximum,59.12155953278051
2026-09-30T11:29:00+00:00,backend,CWAgent,disk_used_percent,path=/;device=nvme0n1p1;fstype=ext4,maximum,59.12171751241062
2026-09-30T11:30:00+00:00,backend,CWAgent,disk_used_percent,path=/;device=nvme0n1p1;fstype=ext4,maximum,59.12087495438338
2026-09-30T11:31:00+00:00,backend,CWAgent,disk_used_percent,path=/;device=nvme0n1p1;fstype=ext4,maximum,59.118610579685196
2026-09-30T11:32:00+00:00,backend,CWAgent,disk_used_percent,path=/;device=nvme0n1p1;fstype=ext4,maximum,59.10260197716774
2026-09-30T11:20:00+00:00,backend,CWAgent,procstat_memory_rss,exe=dockerd;process_name=dockerd,average,47325184.0
2026-09-30T11:21:00+00:00,backend,CWAgent,procstat_memory_rss,exe=dockerd;process_name=dockerd,average,47808512.0
2026-09-30T11:22:00+00:00,backend,CWAgent,procstat_memory_rss,exe=dockerd;process_name=dockerd,average,47845376.0
2026-09-30T11:23:00+00:00,backend,CWAgent,procstat_memory_rss,exe=dockerd;process_name=dockerd,average,48050176.0
2026-09-30T11:24:00+00:00,backend,CWAgent,procstat_memory_rss,exe=dockerd;process_name=dockerd,average,48066560.0
2026-09-30T11:25:00+00:00,backend,CWAgent,procstat_memory_rss,exe=dockerd;process_name=dockerd,average,46628864.0
2026-09-30T11:26:00+00:00,backend,CWAgent,procstat_memory_rss,exe=dockerd;process_name=dockerd,average,46714880.0
2026-09-30T11:27:00+00:00,backend,CWAgent,procstat_memory_rss,exe=dockerd;process_name=dockerd,average,46858240.0
2026-09-30T11:28:00+00:00,backend,CWAgent,procstat_memory_rss,exe=dockerd;process_name=dockerd,average,46866432.0
2026-09-30T11:29:00+00:00,backend,CWAgent,procstat_memory_rss,exe=dockerd;process_name=dockerd,average,46960640.0
2026-09-30T11:30:00+00:00,backend,CWAgent,procstat_memory_rss,exe=dockerd;process_name=dockerd,average,47017984.0
2026-09-30T11:31:00+00:00,backend,CWAgent,procstat_memory_rss,exe=dockerd;process_name=dockerd,average,47042560.0
2026-09-30T11:32:00+00:00,backend,CWAgent,procstat_memory_rss,exe=dockerd;process_name=dockerd,average,47255552.0
2026-09-30T11:20:00+00:00,backend,CWAgent,procstat_memory_rss,exe=dockerd;process_name=dockerd,maximum,47325184.0
2026-09-30T11:21:00+00:00,backend,CWAgent,procstat_memory_rss,exe=dockerd;process_name=dockerd,maximum,47808512.0
2026-09-30T11:22:00+00:00,backend,CWAgent,procstat_memory_rss,exe=dockerd;process_name=dockerd,maximum,47845376.0
2026-09-30T11:23:00+00:00,backend,CWAgent,procstat_memory_rss,exe=dockerd;process_name=dockerd,maximum,48050176.0
2026-09-30T11:24:00+00:00,backend,CWAgent,procstat_memory_rss,exe=dockerd;process_name=dockerd,maximum,48066560.0
2026-09-30T11:25:00+00:00,backend,CWAgent,procstat_memory_rss,exe=dockerd;process_name=dockerd,maximum,46628864.0
2026-09-30T11:26:00+00:00,backend,CWAgent,procstat_memory_rss,exe=dockerd;process_name=dockerd,maximum,46714880.0
2026-09-30T11:27:00+00:00,backend,CWAgent,procstat_memory_rss,exe=dockerd;process_name=dockerd,maximum,46858240.0
2026-09-30T11:28:00+00:00,backend,CWAgent,procstat_memory_rss,exe=dockerd;process_name=dockerd,maximum,46866432.0
2026-09-30T11:29:00+00:00,backend,CWAgent,procstat_memory_rss,exe=dockerd;process_name=dockerd,maximum,46960640.0
2026-09-30T11:30:00+00:00,backend,CWAgent,procstat_memory_rss,exe=dockerd;process_name=dockerd,maximum,47017984.0
2026-09-30T11:31:00+00:00,backend,CWAgent,procstat_memory_rss,exe=dockerd;process_name=dockerd,maximum,47042560.0
2026-09-30T11:32:00+00:00,backend,CWAgent,procstat_memory_rss,exe=dockerd;process_name=dockerd,maximum,47255552.0
2026-09-30T11:20:00+00:00,backend,CWAgent,mem_available,,average,58818560.0
2026-09-30T11:21:00+00:00,backend,CWAgent,mem_available,,average,73510912.0
2026-09-30T11:22:00+00:00,backend,CWAgent,mem_available,,average,70995968.0
2026-09-30T11:23:00+00:00,backend,CWAgent,mem_available,,average,55693312.0
2026-09-30T11:24:00+00:00,backend,CWAgent,mem_available,,average,66699264.0
2026-09-30T11:25:00+00:00,backend,CWAgent,mem_available,,average,62099456.0
2026-09-30T11:26:00+00:00,backend,CWAgent,mem_available,,average,72523776.0
2026-09-30T11:27:00+00:00,backend,CWAgent,mem_available,,average,61452288.0
2026-09-30T11:28:00+00:00,backend,CWAgent,mem_available,,average,52088832.0
2026-09-30T11:29:00+00:00,backend,CWAgent,mem_available,,average,63713280.0
2026-09-30T11:30:00+00:00,backend,CWAgent,mem_available,,average,45424640.0
2026-09-30T11:31:00+00:00,backend,CWAgent,mem_available,,average,59850752.0
2026-09-30T11:32:00+00:00,backend,CWAgent,mem_available,,average,78966784.0
2026-09-30T11:20:00+00:00,backend,CWAgent,mem_available,,maximum,58818560.0
2026-09-30T11:21:00+00:00,backend,CWAgent,mem_available,,maximum,73510912.0
2026-09-30T11:22:00+00:00,backend,CWAgent,mem_available,,maximum,70995968.0
2026-09-30T11:23:00+00:00,backend,CWAgent,mem_available,,maximum,55693312.0
2026-09-30T11:24:00+00:00,backend,CWAgent,mem_available,,maximum,66699264.0
2026-09-30T11:25:00+00:00,backend,CWAgent,mem_available,,maximum,62099456.0
2026-09-30T11:26:00+00:00,backend,CWAgent,mem_available,,maximum,72523776.0
2026-09-30T11:27:00+00:00,backend,CWAgent,mem_available,,maximum,61452288.0
2026-09-30T11:28:00+00:00,backend,CWAgent,mem_available,,maximum,52088832.0
2026-09-30T11:29:00+00:00,backend,CWAgent,mem_available,,maximum,63713280.0
2026-09-30T11:30:00+00:00,backend,CWAgent,mem_available,,maximum,45424640.0
2026-09-30T11:31:00+00:00,backend,CWAgent,mem_available,,maximum,59850752.0
2026-09-30T11:32:00+00:00,backend,CWAgent,mem_available,,maximum,78966784.0
2026-09-30T11:20:00+00:00,backend,CWAgent,diskio_iops_in_progress,name=nvme0n1p15,average,0.0
2026-09-30T11:21:00+00:00,backend,CWAgent,diskio_iops_in_progress,name=nvme0n1p15,average,0.0
2026-09-30T11:22:00+00:00,backend,CWAgent,diskio_iops_in_progress,name=nvme0n1p15,average,0.0
2026-09-30T11:23:00+00:00,backend,CWAgent,diskio_iops_in_progress,name=nvme0n1p15,average,0.0
2026-09-30T11:24:00+00:00,backend,CWAgent,diskio_iops_in_progress,name=nvme0n1p15,average,0.0
2026-09-30T11:25:00+00:00,backend,CWAgent,diskio_iops_in_progress,name=nvme0n1p15,average,0.0
2026-09-30T11:26:00+00:00,backend,CWAgent,diskio_iops_in_progress,name=nvme0n1p15,average,0.0
2026-09-30T11:27:00+00:00,backend,CWAgent,diskio_iops_in_progress,name=nvme0n1p15,average,0.0
2026-09-30T11:28:00+00:00,backend,CWAgent,diskio_iops_in_progress,name=nvme0n1p15,average,0.0
2026-09-30T11:29:00+00:00,backend,CWAgent,diskio_iops_in_progress,name=nvme0n1p15,average,0.0
2026-09-30T11:30:00+00:00,backend,CWAgent,diskio_iops_in_progress,name=nvme0n1p15,average,0.0
2026-09-30T11:31:00+00:00,backend,CWAgent,diskio_iops_in_progress,name=nvme0n1p15,average,0.0
2026-09-30T11:32:00+00:00,backend,CWAgent,diskio_iops_in_progress,name=nvme0n1p15,average,0.0
2026-09-30T11:20:00+00:00,backend,CWAgent,diskio_iops_in_progress,name=nvme0n1p15,maximum,0.0
2026-09-30T11:21:00+00:00,backend,CWAgent,diskio_iops_in_progress,name=nvme0n1p15,maximum,0.0
2026-09-30T11:22:00+00:00,backend,CWAgent,diskio_iops_in_progress,name=nvme0n1p15,maximum,0.0
2026-09-30T11:23:00+00:00,backend,CWAgent,diskio_iops_in_progress,name=nvme0n1p15,maximum,0.0
2026-09-30T11:24:00+00:00,backend,CWAgent,diskio_iops_in_progress,name=nvme0n1p15,maximum,0.0
2026-09-30T11:25:00+00:00,backend,CWAgent,diskio_iops_in_progress,name=nvme0n1p15,maximum,0.0
2026-09-30T11:26:00+00:00,backend,CWAgent,diskio_iops_in_progress,name=nvme0n1p15,maximum,0.0
2026-09-30T11:27:00+00:00,backend,CWAgent,diskio_iops_in_progress,name=nvme0n1p15,maximum,0.0
2026-09-30T11:28:00+00:00,backend,CWAgent,diskio_iops_in_progress,name=nvme0n1p15,maximum,0.0
2026-09-30T11:29:00+00:00,backend,CWAgent,diskio_iops_in_progress,name=nvme0n1p15,maximum,0.0
2026-09-30T11:30:00+00:00,backend,CWAgent,diskio_iops_in_progress,name=nvme0n1p15,maximum,0.0
2026-09-30T11:31:00+00:00,backend,CWAgent,diskio_iops_in_progress,name=nvme0n1p15,maximum,0.0
2026-09-30T11:32:00+00:00,backend,CWAgent,diskio_iops_in_progress,name=nvme0n1p15,maximum,0.0
2026-09-30T11:20:00+00:00,backend,CWAgent,diskio_iops_in_progress,name=nvme0n1,average,0.0
2026-09-30T11:21:00+00:00,backend,CWAgent,diskio_iops_in_progress,name=nvme0n1,average,0.0
2026-09-30T11:22:00+00:00,backend,CWAgent,diskio_iops_in_progress,name=nvme0n1,average,0.0
2026-09-30T11:23:00+00:00,backend,CWAgent,diskio_iops_in_progress,name=nvme0n1,average,0.0
2026-09-30T11:24:00+00:00,backend,CWAgent,diskio_iops_in_progress,name=nvme0n1,average,0.0
2026-09-30T11:25:00+00:00,backend,CWAgent,diskio_iops_in_progress,name=nvme0n1,average,0.0
2026-09-30T11:26:00+00:00,backend,CWAgent,diskio_iops_in_progress,name=nvme0n1,average,0.0
2026-09-30T11:27:00+00:00,backend,CWAgent,diskio_iops_in_progress,name=nvme0n1,average,0.0
2026-09-30T11:28:00+00:00,backend,CWAgent,diskio_iops_in_progress,name=nvme0n1,average,0.0
2026-09-30T11:29:00+00:00,backend,CWAgent,diskio_iops_in_progress,name=nvme0n1,average,0.0
2026-09-30T11:30:00+00:00,backend,CWAgent,diskio_iops_in_progress,name=nvme0n1,average,0.0
2026-09-30T11:31:00+00:00,backend,CWAgent,diskio_iops_in_progress,name=nvme0n1,average,0.0
2026-09-30T11:32:00+00:00,backend,CWAgent,diskio_iops_in_progress,name=nvme0n1,average,0.0
2026-09-30T11:20:00+00:00,backend,CWAgent,diskio_iops_in_progress,name=nvme0n1,maximum,0.0
2026-09-30T11:21:00+00:00,backend,CWAgent,diskio_iops_in_progress,name=nvme0n1,maximum,0.0
2026-09-30T11:22:00+00:00,backend,CWAgent,diskio_iops_in_progress,name=nvme0n1,maximum,0.0
2026-09-30T11:23:00+00:00,backend,CWAgent,diskio_iops_in_progress,name=nvme0n1,maximum,0.0
2026-09-30T11:24:00+00:00,backend,CWAgent,diskio_iops_in_progress,name=nvme0n1,maximum,0.0
2026-09-30T11:25:00+00:00,backend,CWAgent,diskio_iops_in_progress,name=nvme0n1,maximum,0.0
2026-09-30T11:26:00+00:00,backend,CWAgent,diskio_iops_in_progress,name=nvme0n1,maximum,0.0
2026-09-30T11:27:00+00:00,backend,CWAgent,diskio_iops_in_progress,name=nvme0n1,maximum,0.0
2026-09-30T11:28:00+00:00,backend,CWAgent,diskio_iops_in_progress,name=nvme0n1,maximum,0.0
2026-09-30T11:29:00+00:00,backend,CWAgent,diskio_iops_in_progress,name=nvme0n1,maximum,0.0
2026-09-30T11:30:00+00:00,backend,CWAgent,diskio_iops_in_progress,name=nvme0n1,maximum,0.0
2026-09-30T11:31:00+00:00,backend,CWAgent,diskio_iops_in_progress,name=nvme0n1,maximum,0.0
2026-09-30T11:32:00+00:00,backend,CWAgent,diskio_iops_in_progress,name=nvme0n1,maximum,0.0
2026-09-30T11:20:00+00:00,backend,CWAgent,disk_used,path=/;device=nvme0n1p1;fstype=ext4,average,4597133312.0
2026-09-30T11:21:00+00:00,backend,CWAgent,disk_used,path=/;device=nvme0n1p1;fstype=ext4,average,4597133312.0
2026-09-30T11:22:00+00:00,backend,CWAgent,disk_used,path=/;device=nvme0n1p1;fstype=ext4,average,4596662272.0
2026-09-30T11:23:00+00:00,backend,CWAgent,disk_used,path=/;device=nvme0n1p1;fstype=ext4,average,4597301248.0
2026-09-30T11:24:00+00:00,backend,CWAgent,disk_used,path=/;device=nvme0n1p1;fstype=ext4,average,4598677504.0
2026-09-30T11:25:00+00:00,backend,CWAgent,disk_used,path=/;device=nvme0n1p1;fstype=ext4,average,4599169024.0
2026-09-30T11:26:00+00:00,backend,CWAgent,disk_used,path=/;device=nvme0n1p1;fstype=ext4,average,4598530048.0
2026-09-30T11:27:00+00:00,backend,CWAgent,disk_used,path=/;device=nvme0n1p1;fstype=ext4,average,4598603776.0
2026-09-30T11:28:00+00:00,backend,CWAgent,disk_used,path=/;device=nvme0n1p1;fstype=ext4,average,4598603776.0
2026-09-30T11:29:00+00:00,backend,CWAgent,disk_used,path=/;device=nvme0n1p1;fstype=ext4,average,4598616064.0
2026-09-30T11:30:00+00:00,backend,CWAgent,disk_used,path=/;device=nvme0n1p1;fstype=ext4,average,4598550528.0
2026-09-30T11:31:00+00:00,backend,CWAgent,disk_used,path=/;device=nvme0n1p1;fstype=ext4,average,4598374400.0
2026-09-30T11:32:00+00:00,backend,CWAgent,disk_used,path=/;device=nvme0n1p1;fstype=ext4,average,4597129216.0
2026-09-30T11:20:00+00:00,backend,CWAgent,disk_used,path=/;device=nvme0n1p1;fstype=ext4,maximum,4597133312.0
2026-09-30T11:21:00+00:00,backend,CWAgent,disk_used,path=/;device=nvme0n1p1;fstype=ext4,maximum,4597133312.0
2026-09-30T11:22:00+00:00,backend,CWAgent,disk_used,path=/;device=nvme0n1p1;fstype=ext4,maximum,4596662272.0
2026-09-30T11:23:00+00:00,backend,CWAgent,disk_used,path=/;device=nvme0n1p1;fstype=ext4,maximum,4597301248.0
2026-09-30T11:24:00+00:00,backend,CWAgent,disk_used,path=/;device=nvme0n1p1;fstype=ext4,maximum,4598677504.0
2026-09-30T11:25:00+00:00,backend,CWAgent,disk_used,path=/;device=nvme0n1p1;fstype=ext4,maximum,4599169024.0
2026-09-30T11:26:00+00:00,backend,CWAgent,disk_used,path=/;device=nvme0n1p1;fstype=ext4,maximum,4598530048.0
2026-09-30T11:27:00+00:00,backend,CWAgent,disk_used,path=/;device=nvme0n1p1;fstype=ext4,maximum,4598603776.0
2026-09-30T11:28:00+00:00,backend,CWAgent,disk_used,path=/;device=nvme0n1p1;fstype=ext4,maximum,4598603776.0
2026-09-30T11:29:00+00:00,backend,CWAgent,disk_used,path=/;device=nvme0n1p1;fstype=ext4,maximum,4598616064.0
2026-09-30T11:30:00+00:00,backend,CWAgent,disk_used,path=/;device=nvme0n1p1;fstype=ext4,maximum,4598550528.0
2026-09-30T11:31:00+00:00,backend,CWAgent,disk_used,path=/;device=nvme0n1p1;fstype=ext4,maximum,4598374400.0
2026-09-30T11:32:00+00:00,backend,CWAgent,disk_used,path=/;device=nvme0n1p1;fstype=ext4,maximum,4597129216.0
2026-09-30T11:20:00+00:00,backend,CWAgent,procstat_memory_rss,exe=containerd;process_name=containerd,average,26836992.0
2026-09-30T11:21:00+00:00,backend,CWAgent,procstat_memory_rss,exe=containerd;process_name=containerd,average,26722304.0
2026-09-30T11:22:00+00:00,backend,CWAgent,procstat_memory_rss,exe=containerd;process_name=containerd,average,27000832.0
2026-09-30T11:23:00+00:00,backend,CWAgent,procstat_memory_rss,exe=containerd;process_name=containerd,average,26910720.0
2026-09-30T11:24:00+00:00,backend,CWAgent,procstat_memory_rss,exe=containerd;process_name=containerd,average,26935296.0
2026-09-30T11:25:00+00:00,backend,CWAgent,procstat_memory_rss,exe=containerd;process_name=containerd,average,26120192.0
2026-09-30T11:26:00+00:00,backend,CWAgent,procstat_memory_rss,exe=containerd;process_name=containerd,average,26132480.0
2026-09-30T11:27:00+00:00,backend,CWAgent,procstat_memory_rss,exe=containerd;process_name=containerd,average,26120192.0
2026-09-30T11:28:00+00:00,backend,CWAgent,procstat_memory_rss,exe=containerd;process_name=containerd,average,26394624.0
2026-09-30T11:29:00+00:00,backend,CWAgent,procstat_memory_rss,exe=containerd;process_name=containerd,average,26734592.0
2026-09-30T11:30:00+00:00,backend,CWAgent,procstat_memory_rss,exe=containerd;process_name=containerd,average,26996736.0
2026-09-30T11:31:00+00:00,backend,CWAgent,procstat_memory_rss,exe=containerd;process_name=containerd,average,27062272.0
2026-09-30T11:32:00+00:00,backend,CWAgent,procstat_memory_rss,exe=containerd;process_name=containerd,average,27242496.0
2026-09-30T11:20:00+00:00,backend,CWAgent,procstat_memory_rss,exe=containerd;process_name=containerd,maximum,26836992.0
2026-09-30T11:21:00+00:00,backend,CWAgent,procstat_memory_rss,exe=containerd;process_name=containerd,maximum,26722304.0
2026-09-30T11:22:00+00:00,backend,CWAgent,procstat_memory_rss,exe=containerd;process_name=containerd,maximum,27000832.0
2026-09-30T11:23:00+00:00,backend,CWAgent,procstat_memory_rss,exe=containerd;process_name=containerd,maximum,26910720.0
2026-09-30T11:24:00+00:00,backend,CWAgent,procstat_memory_rss,exe=containerd;process_name=containerd,maximum,26935296.0
2026-09-30T11:25:00+00:00,backend,CWAgent,procstat_memory_rss,exe=containerd;process_name=containerd,maximum,26120192.0
2026-09-30T11:26:00+00:00,backend,CWAgent,procstat_memory_rss,exe=containerd;process_name=containerd,maximum,26132480.0
2026-09-30T11:27:00+00:00,backend,CWAgent,procstat_memory_rss,exe=containerd;process_name=containerd,maximum,26120192.0
2026-09-30T11:28:00+00:00,backend,CWAgent,procstat_memory_rss,exe=containerd;process_name=containerd,maximum,26394624.0
2026-09-30T11:29:00+00:00,backend,CWAgent,procstat_memory_rss,exe=containerd;process_name=containerd,maximum,26734592.0
2026-09-30T11:30:00+00:00,backend,CWAgent,procstat_memory_rss,exe=containerd;process_name=containerd,maximum,26996736.0
2026-09-30T11:31:00+00:00,backend,CWAgent,procstat_memory_rss,exe=containerd;process_name=containerd,maximum,27062272.0
2026-09-30T11:32:00+00:00,backend,CWAgent,procstat_memory_rss,exe=containerd;process_name=containerd,maximum,27242496.0
2026-09-30T11:20:00+00:00,backend,CWAgent,diskio_iops_in_progress,name=nvme0n1p1,average,0.0
2026-09-30T11:21:00+00:00,backend,CWAgent,diskio_iops_in_progress,name=nvme0n1p1,average,0.0
2026-09-30T11:22:00+00:00,backend,CWAgent,diskio_iops_in_progress,name=nvme0n1p1,average,0.0
2026-09-30T11:23:00+00:00,backend,CWAgent,diskio_iops_in_progress,name=nvme0n1p1,average,0.0
2026-09-30T11:24:00+00:00,backend,CWAgent,diskio_iops_in_progress,name=nvme0n1p1,average,0.0
2026-09-30T11:25:00+00:00,backend,CWAgent,diskio_iops_in_progress,name=nvme0n1p1,average,0.0
2026-09-30T11:26:00+00:00,backend,CWAgent,diskio_iops_in_progress,name=nvme0n1p1,average,0.0
2026-09-30T11:27:00+00:00,backend,CWAgent,diskio_iops_in_progress,name=nvme0n1p1,average,0.0
2026-09-30T11:28:00+00:00,backend,CWAgent,diskio_iops_in_progress,name=nvme0n1p1,average,0.0
2026-09-30T11:29:00+00:00,backend,CWAgent,diskio_iops_in_progress,name=nvme0n1p1,average,0.0
2026-09-30T11:30:00+00:00,backend,CWAgent,diskio_iops_in_progress,name=nvme0n1p1,average,0.0
2026-09-30T11:31:00+00:00,backend,CWAgent,diskio_iops_in_progress,name=nvme0n1p1,average,0.0
2026-09-30T11:32:00+00:00,backend,CWAgent,diskio_iops_in_progress,name=nvme0n1p1,average,0.0
2026-09-30T11:20:00+00:00,backend,CWAgent,diskio_iops_in_progress,name=nvme0n1p1,maximum,0.0
2026-09-30T11:21:00+00:00,backend,CWAgent,diskio_iops_in_progress,name=nvme0n1p1,maximum,0.0
2026-09-30T11:22:00+00:00,backend,CWAgent,diskio_iops_in_progress,name=nvme0n1p1,maximum,0.0
2026-09-30T11:23:00+00:00,backend,CWAgent,diskio_iops_in_progress,name=nvme0n1p1,maximum,0.0
2026-09-30T11:24:00+00:00,backend,CWAgent,diskio_iops_in_progress,name=nvme0n1p1,maximum,0.0
2026-09-30T11:25:00+00:00,backend,CWAgent,diskio_iops_in_progress,name=nvme0n1p1,maximum,0.0
2026-09-30T11:26:00+00:00,backend,CWAgent,diskio_iops_in_progress,name=nvme0n1p1,maximum,0.0
2026-09-30T11:27:00+00:00,backend,CWAgent,diskio_iops_in_progress,name=nvme0n1p1,maximum,0.0
2026-09-30T11:28:00+00:00,backend,CWAgent,diskio_iops_in_progress,name=nvme0n1p1,maximum,0.0
2026-09-30T11:29:00+00:00,backend,CWAgent,diskio_iops_in_progress,name=nvme0n1p1,maximum,0.0
2026-09-30T11:30:00+00:00,backend,CWAgent,diskio_iops_in_progress,name=nvme0n1p1,maximum,0.0
2026-09-30T11:31:00+00:00,backend,CWAgent,diskio_iops_in_progress,name=nvme0n1p1,maximum,0.0
2026-09-30T11:32:00+00:00,backend,CWAgent,diskio_iops_in_progress,name=nvme0n1p1,maximum,0.0
2026-09-30T11:20:00+00:00,backend,CWAgent,netstat_tcp_established,,average,1.0
2026-09-30T11:21:00+00:00,backend,CWAgent,netstat_tcp_established,,average,1.0
2026-09-30T11:22:00+00:00,backend,CWAgent,netstat_tcp_established,,average,1.0
2026-09-30T11:23:00+00:00,backend,CWAgent,netstat_tcp_established,,average,1.0
2026-09-30T11:24:00+00:00,backend,CWAgent,netstat_tcp_established,,average,1.0
2026-09-30T11:25:00+00:00,backend,CWAgent,netstat_tcp_established,,average,1.0
2026-09-30T11:26:00+00:00,backend,CWAgent,netstat_tcp_established,,average,1.0
2026-09-30T11:27:00+00:00,backend,CWAgent,netstat_tcp_established,,average,1.0
2026-09-30T11:28:00+00:00,backend,CWAgent,netstat_tcp_established,,average,1.0
2026-09-30T11:29:00+00:00,backend,CWAgent,netstat_tcp_established,,average,1.0
2026-09-30T11:30:00+00:00,backend,CWAgent,netstat_tcp_established,,average,1.0
2026-09-30T11:31:00+00:00,backend,CWAgent,netstat_tcp_established,,average,1.0
2026-09-30T11:32:00+00:00,backend,CWAgent,netstat_tcp_established,,average,1.0
2026-09-30T11:20:00+00:00,backend,CWAgent,netstat_tcp_established,,maximum,1.0
2026-09-30T11:21:00+00:00,backend,CWAgent,netstat_tcp_established,,maximum,1.0
2026-09-30T11:22:00+00:00,backend,CWAgent,netstat_tcp_established,,maximum,1.0
2026-09-30T11:23:00+00:00,backend,CWAgent,netstat_tcp_established,,maximum,1.0
2026-09-30T11:24:00+00:00,backend,CWAgent,netstat_tcp_established,,maximum,1.0
2026-09-30T11:25:00+00:00,backend,CWAgent,netstat_tcp_established,,maximum,1.0
2026-09-30T11:26:00+00:00,backend,CWAgent,netstat_tcp_established,,maximum,1.0
2026-09-30T11:27:00+00:00,backend,CWAgent,netstat_tcp_established,,maximum,1.0
2026-09-30T11:28:00+00:00,backend,CWAgent,netstat_tcp_established,,maximum,1.0
2026-09-30T11:29:00+00:00,backend,CWAgent,netstat_tcp_established,,maximum,1.0
2026-09-30T11:30:00+00:00,backend,CWAgent,netstat_tcp_established,,maximum,1.0
2026-09-30T11:31:00+00:00,backend,CWAgent,netstat_tcp_established,,maximum,1.0
2026-09-30T11:32:00+00:00,backend,CWAgent,netstat_tcp_established,,maximum,1.0
2026-09-30T11:20:00+00:00,backend,CWAgent,mem_used_percent,,average,81.77502691513108
2026-09-30T11:21:00+00:00,backend,CWAgent,mem_used_percent,,average,80.28274397163415
2026-09-30T11:22:00+00:00,backend,CWAgent,mem_used_percent,,average,78.73060343931729
2026-09-30T11:23:00+00:00,backend,CWAgent,mem_used_percent,,average,80.35881299075949
2026-09-30T11:24:00+00:00,backend,CWAgent,mem_used_percent,,average,79.22110312548062
2026-09-30T11:25:00+00:00,backend,CWAgent,mem_used_percent,,average,81.35810218189225
2026-09-30T11:26:00+00:00,backend,CWAgent,mem_used_percent,,average,79.67543885173193
2026-09-30T11:27:00+00:00,backend,CWAgent,mem_used_percent,,average,80.7582792605925
2026-09-30T11:28:00+00:00,backend,CWAgent,mem_used_percent,,average,81.86855439766222
2026-09-30T11:29:00+00:00,backend,CWAgent,mem_used_percent,,average,80.75204409509043
2026-09-30T11:30:00+00:00,backend,CWAgent,mem_used_percent,,average,82.56564590079437
2026-09-30T11:31:00+00:00,backend,CWAgent,mem_used_percent,,average,81.14070274471986
2026-09-30T11:32:00+00:00,backend,CWAgent,mem_used_percent,,average,79.19449975267177
2026-09-30T11:20:00+00:00,backend,CWAgent,mem_used_percent,,maximum,81.77502691513108
2026-09-30T11:21:00+00:00,backend,CWAgent,mem_used_percent,,maximum,80.28274397163415
2026-09-30T11:22:00+00:00,backend,CWAgent,mem_used_percent,,maximum,78.73060343931729
2026-09-30T11:23:00+00:00,backend,CWAgent,mem_used_percent,,maximum,80.35881299075949
2026-09-30T11:24:00+00:00,backend,CWAgent,mem_used_percent,,maximum,79.22110312548062
2026-09-30T11:25:00+00:00,backend,CWAgent,mem_used_percent,,maximum,81.35810218189225
2026-09-30T11:26:00+00:00,backend,CWAgent,mem_used_percent,,maximum,79.67543885173193
2026-09-30T11:27:00+00:00,backend,CWAgent,mem_used_percent,,maximum,80.7582792605925
2026-09-30T11:28:00+00:00,backend,CWAgent,mem_used_percent,,maximum,81.86855439766222
2026-09-30T11:29:00+00:00,backend,CWAgent,mem_used_percent,,maximum,80.75204409509043
2026-09-30T11:30:00+00:00,backend,CWAgent,mem_used_percent,,maximum,82.56564590079437
2026-09-30T11:31:00+00:00,backend,CWAgent,mem_used_percent,,maximum,81.14070274471986
2026-09-30T11:32:00+00:00,backend,CWAgent,mem_used_percent,,maximum,79.19449975267177
2026-09-30T11:20:00+00:00,backend,CWAgent,netstat_tcp_time_wait,,average,0.0
2026-09-30T11:21:00+00:00,backend,CWAgent,netstat_tcp_time_wait,,average,0.0
2026-09-30T11:22:00+00:00,backend,CWAgent,netstat_tcp_time_wait,,average,0.0
2026-09-30T11:23:00+00:00,backend,CWAgent,netstat_tcp_time_wait,,average,0.0
2026-09-30T11:24:00+00:00,backend,CWAgent,netstat_tcp_time_wait,,average,0.0
2026-09-30T11:25:00+00:00,backend,CWAgent,netstat_tcp_time_wait,,average,0.0
2026-09-30T11:26:00+00:00,backend,CWAgent,netstat_tcp_time_wait,,average,0.0
2026-09-30T11:27:00+00:00,backend,CWAgent,netstat_tcp_time_wait,,average,0.0
2026-09-30T11:28:00+00:00,backend,CWAgent,netstat_tcp_time_wait,,average,0.0
2026-09-30T11:29:00+00:00,backend,CWAgent,netstat_tcp_time_wait,,average,0.0
2026-09-30T11:30:00+00:00,backend,CWAgent,netstat_tcp_time_wait,,average,0.0
2026-09-30T11:31:00+00:00,backend,CWAgent,netstat_tcp_time_wait,,average,0.0
2026-09-30T11:32:00+00:00,backend,CWAgent,netstat_tcp_time_wait,,average,0.0
2026-09-30T11:20:00+00:00,backend,CWAgent,netstat_tcp_time_wait,,maximum,0.0
2026-09-30T11:21:00+00:00,backend,CWAgent,netstat_tcp_time_wait,,maximum,0.0
2026-09-30T11:22:00+00:00,backend,CWAgent,netstat_tcp_time_wait,,maximum,0.0
2026-09-30T11:23:00+00:00,backend,CWAgent,netstat_tcp_time_wait,,maximum,0.0
2026-09-30T11:24:00+00:00,backend,CWAgent,netstat_tcp_time_wait,,maximum,0.0
2026-09-30T11:25:00+00:00,backend,CWAgent,netstat_tcp_time_wait,,maximum,0.0
2026-09-30T11:26:00+00:00,backend,CWAgent,netstat_tcp_time_wait,,maximum,0.0
2026-09-30T11:27:00+00:00,backend,CWAgent,netstat_tcp_time_wait,,maximum,0.0
2026-09-30T11:28:00+00:00,backend,CWAgent,netstat_tcp_time_wait,,maximum,0.0
2026-09-30T11:29:00+00:00,backend,CWAgent,netstat_tcp_time_wait,,maximum,0.0
2026-09-30T11:30:00+00:00,backend,CWAgent,netstat_tcp_time_wait,,maximum,0.0
2026-09-30T11:31:00+00:00,backend,CWAgent,netstat_tcp_time_wait,,maximum,0.0
2026-09-30T11:32:00+00:00,backend,CWAgent,netstat_tcp_time_wait,,maximum,0.0
2026-09-30T11:20:00+00:00,backend,CWAgent,mem_used,,average,805793792.0
2026-09-30T11:21:00+00:00,backend,CWAgent,mem_used,,average,791089152.0
2026-09-30T11:22:00+00:00,backend,CWAgent,mem_used,,average,775794688.0
2026-09-30T11:23:00+00:00,backend,CWAgent,mem_used,,average,791838720.0
2026-09-30T11:24:00+00:00,backend,CWAgent,mem_used,,average,780627968.0
2026-09-30T11:25:00+00:00,backend,CWAgent,mem_used,,average,801685504.0
2026-09-30T11:26:00+00:00,backend,CWAgent,mem_used,,average,785104896.0
2026-09-30T11:27:00+00:00,backend,CWAgent,mem_used,,average,795774976.0
2026-09-30T11:28:00+00:00,backend,CWAgent,mem_used,,average,806715392.0
2026-09-30T11:29:00+00:00,backend,CWAgent,mem_used,,average,795713536.0
2026-09-30T11:30:00+00:00,backend,CWAgent,mem_used,,average,813584384.0
2026-09-30T11:31:00+00:00,backend,CWAgent,mem_used,,average,799543296.0
2026-09-30T11:32:00+00:00,backend,CWAgent,mem_used,,average,780365824.0
2026-09-30T11:20:00+00:00,backend,CWAgent,mem_used,,maximum,805793792.0
2026-09-30T11:21:00+00:00,backend,CWAgent,mem_used,,maximum,791089152.0
2026-09-30T11:22:00+00:00,backend,CWAgent,mem_used,,maximum,775794688.0
2026-09-30T11:23:00+00:00,backend,CWAgent,mem_used,,maximum,791838720.0
2026-09-30T11:24:00+00:00,backend,CWAgent,mem_used,,maximum,780627968.0
2026-09-30T11:25:00+00:00,backend,CWAgent,mem_used,,maximum,801685504.0
2026-09-30T11:26:00+00:00,backend,CWAgent,mem_used,,maximum,785104896.0
2026-09-30T11:27:00+00:00,backend,CWAgent,mem_used,,maximum,795774976.0
2026-09-30T11:28:00+00:00,backend,CWAgent,mem_used,,maximum,806715392.0
2026-09-30T11:29:00+00:00,backend,CWAgent,mem_used,,maximum,795713536.0
2026-09-30T11:30:00+00:00,backend,CWAgent,mem_used,,maximum,813584384.0
2026-09-30T11:31:00+00:00,backend,CWAgent,mem_used,,maximum,799543296.0
2026-09-30T11:32:00+00:00,backend,CWAgent,mem_used,,maximum,780365824.0
2026-09-30T11:20:00+00:00,backend,CWAgent,diskio_iops_in_progress,name=nvme0n1p14,average,0.0
2026-09-30T11:21:00+00:00,backend,CWAgent,diskio_iops_in_progress,name=nvme0n1p14,average,0.0
2026-09-30T11:22:00+00:00,backend,CWAgent,diskio_iops_in_progress,name=nvme0n1p14,average,0.0
2026-09-30T11:23:00+00:00,backend,CWAgent,diskio_iops_in_progress,name=nvme0n1p14,average,0.0
2026-09-30T11:24:00+00:00,backend,CWAgent,diskio_iops_in_progress,name=nvme0n1p14,average,0.0
2026-09-30T11:25:00+00:00,backend,CWAgent,diskio_iops_in_progress,name=nvme0n1p14,average,0.0
2026-09-30T11:26:00+00:00,backend,CWAgent,diskio_iops_in_progress,name=nvme0n1p14,average,0.0
2026-09-30T11:27:00+00:00,backend,CWAgent,diskio_iops_in_progress,name=nvme0n1p14,average,0.0
2026-09-30T11:28:00+00:00,backend,CWAgent,diskio_iops_in_progress,name=nvme0n1p14,average,0.0
2026-09-30T11:29:00+00:00,backend,CWAgent,diskio_iops_in_progress,name=nvme0n1p14,average,0.0
2026-09-30T11:30:00+00:00,backend,CWAgent,diskio_iops_in_progress,name=nvme0n1p14,average,0.0
2026-09-30T11:31:00+00:00,backend,CWAgent,diskio_iops_in_progress,name=nvme0n1p14,average,0.0
2026-09-30T11:32:00+00:00,backend,CWAgent,diskio_iops_in_progress,name=nvme0n1p14,average,0.0
2026-09-30T11:20:00+00:00,backend,CWAgent,diskio_iops_in_progress,name=nvme0n1p14,maximum,0.0
2026-09-30T11:21:00+00:00,backend,CWAgent,diskio_iops_in_progress,name=nvme0n1p14,maximum,0.0
2026-09-30T11:22:00+00:00,backend,CWAgent,diskio_iops_in_progress,name=nvme0n1p14,maximum,0.0
2026-09-30T11:23:00+00:00,backend,CWAgent,diskio_iops_in_progress,name=nvme0n1p14,maximum,0.0
2026-09-30T11:24:00+00:00,backend,CWAgent,diskio_iops_in_progress,name=nvme0n1p14,maximum,0.0
2026-09-30T11:25:00+00:00,backend,CWAgent,diskio_iops_in_progress,name=nvme0n1p14,maximum,0.0
2026-09-30T11:26:00+00:00,backend,CWAgent,diskio_iops_in_progress,name=nvme0n1p14,maximum,0.0
2026-09-30T11:27:00+00:00,backend,CWAgent,diskio_iops_in_progress,name=nvme0n1p14,maximum,0.0
2026-09-30T11:28:00+00:00,backend,CWAgent,diskio_iops_in_progress,name=nvme0n1p14,maximum,0.0
2026-09-30T11:29:00+00:00,backend,CWAgent,diskio_iops_in_progress,name=nvme0n1p14,maximum,0.0
2026-09-30T11:30:00+00:00,backend,CWAgent,diskio_iops_in_progress,name=nvme0n1p14,maximum,0.0
2026-09-30T11:31:00+00:00,backend,CWAgent,diskio_iops_in_progress,name=nvme0n1p14,maximum,0.0
2026-09-30T11:32:00+00:00,backend,CWAgent,diskio_iops_in_progress,name=nvme0n1p14,maximum,0.0
2026-09-30T11:20:00+00:00,backend,CWAgent,disk_free,path=/;device=nvme0n1p1;fstype=ext4,average,3181084672.0
2026-09-30T11:21:00+00:00,backend,CWAgent,disk_free,path=/;device=nvme0n1p1;fstype=ext4,average,3181084672.0
2026-09-30T11:22:00+00:00,backend,CWAgent,disk_free,path=/;device=nvme0n1p1;fstype=ext4,average,3181555712.0
2026-09-30T11:23:00+00:00,backend,CWAgent,disk_free,path=/;device=nvme0n1p1;fstype=ext4,average,3180916736.0
2026-09-30T11:24:00+00:00,backend,CWAgent,disk_free,path=/;device=nvme0n1p1;fstype=ext4,average,3179540480.0
2026-09-30T11:25:00+00:00,backend,CWAgent,disk_free,path=/;device=nvme0n1p1;fstype=ext4,average,3179048960.0
2026-09-30T11:26:00+00:00,backend,CWAgent,disk_free,path=/;device=nvme0n1p1;fstype=ext4,average,3179687936.0
2026-09-30T11:27:00+00:00,backend,CWAgent,disk_free,path=/;device=nvme0n1p1;fstype=ext4,average,3179614208.0
2026-09-30T11:28:00+00:00,backend,CWAgent,disk_free,path=/;device=nvme0n1p1;fstype=ext4,average,3179614208.0
2026-09-30T11:29:00+00:00,backend,CWAgent,disk_free,path=/;device=nvme0n1p1;fstype=ext4,average,3179601920.0
2026-09-30T11:30:00+00:00,backend,CWAgent,disk_free,path=/;device=nvme0n1p1;fstype=ext4,average,3179667456.0
2026-09-30T11:31:00+00:00,backend,CWAgent,disk_free,path=/;device=nvme0n1p1;fstype=ext4,average,3179843584.0
2026-09-30T11:32:00+00:00,backend,CWAgent,disk_free,path=/;device=nvme0n1p1;fstype=ext4,average,3181088768.0
2026-09-30T11:20:00+00:00,backend,CWAgent,disk_free,path=/;device=nvme0n1p1;fstype=ext4,maximum,3181084672.0
2026-09-30T11:21:00+00:00,backend,CWAgent,disk_free,path=/;device=nvme0n1p1;fstype=ext4,maximum,3181084672.0
2026-09-30T11:22:00+00:00,backend,CWAgent,disk_free,path=/;device=nvme0n1p1;fstype=ext4,maximum,3181555712.0
2026-09-30T11:23:00+00:00,backend,CWAgent,disk_free,path=/;device=nvme0n1p1;fstype=ext4,maximum,3180916736.0
2026-09-30T11:24:00+00:00,backend,CWAgent,disk_free,path=/;device=nvme0n1p1;fstype=ext4,maximum,3179540480.0
2026-09-30T11:25:00+00:00,backend,CWAgent,disk_free,path=/;device=nvme0n1p1;fstype=ext4,maximum,3179048960.0
2026-09-30T11:26:00+00:00,backend,CWAgent,disk_free,path=/;device=nvme0n1p1;fstype=ext4,maximum,3179687936.0
2026-09-30T11:27:00+00:00,backend,CWAgent,disk_free,path=/;device=nvme0n1p1;fstype=ext4,maximum,3179614208.0
2026-09-30T11:28:00+00:00,backend,CWAgent,disk_free,path=/;device=nvme0n1p1;fstype=ext4,maximum,3179614208.0
2026-09-30T11:29:00+00:00,backend,CWAgent,disk_free,path=/;device=nvme0n1p1;fstype=ext4,maximum,3179601920.0
2026-09-30T11:30:00+00:00,backend,CWAgent,disk_free,path=/;device=nvme0n1p1;fstype=ext4,maximum,3179667456.0
2026-09-30T11:31:00+00:00,backend,CWAgent,disk_free,path=/;device=nvme0n1p1;fstype=ext4,maximum,3179843584.0
2026-09-30T11:32:00+00:00,backend,CWAgent,disk_free,path=/;device=nvme0n1p1;fstype=ext4,maximum,3181088768.0
2026-09-30T11:20:00+00:00,backend,CWAgent,procstat_cpu_usage,exe=redis-server;process_name=redis-server,average,2.2499886871696075
2026-09-30T11:21:00+00:00,backend,CWAgent,procstat_cpu_usage,exe=redis-server;process_name=redis-server,average,0.5000011201441004
2026-09-30T11:22:00+00:00,backend,CWAgent,procstat_cpu_usage,exe=redis-server;process_name=redis-server,average,0.5000008060262235
2026-09-30T11:23:00+00:00,backend,CWAgent,procstat_cpu_usage,exe=redis-server;process_name=redis-server,average,3.799980297292112
2026-09-30T11:24:00+00:00,backend,CWAgent,procstat_cpu_usage,exe=redis-server;process_name=redis-server,average,8.499907408667177
2026-09-30T11:25:00+00:00,backend,CWAgent,procstat_cpu_usage,exe=redis-server;process_name=redis-server,average,14.316413672969272
2026-09-30T11:26:00+00:00,backend,CWAgent,procstat_cpu_usage,exe=redis-server;process_name=redis-server,average,41.19781534645536
2026-09-30T11:27:00+00:00,backend,CWAgent,procstat_cpu_usage,exe=redis-server;process_name=redis-server,average,41.882843889721585
2026-09-30T11:28:00+00:00,backend,CWAgent,procstat_cpu_usage,exe=redis-server;process_name=redis-server,average,42.48433842214697
2026-09-30T11:29:00+00:00,backend,CWAgent,procstat_cpu_usage,exe=redis-server;process_name=redis-server,average,41.732763110769426
2026-09-30T11:30:00+00:00,backend,CWAgent,procstat_cpu_usage,exe=redis-server;process_name=redis-server,average,13.751250613674745
2026-09-30T11:31:00+00:00,backend,CWAgent,procstat_cpu_usage,exe=redis-server;process_name=redis-server,average,2.6833529697975207
2026-09-30T11:32:00+00:00,backend,CWAgent,procstat_cpu_usage,exe=redis-server;process_name=redis-server,average,0.4999975840949308
2026-09-30T11:20:00+00:00,backend,CWAgent,procstat_cpu_usage,exe=redis-server;process_name=redis-server,maximum,2.2499886871696075
2026-09-30T11:21:00+00:00,backend,CWAgent,procstat_cpu_usage,exe=redis-server;process_name=redis-server,maximum,0.5000011201441004
2026-09-30T11:22:00+00:00,backend,CWAgent,procstat_cpu_usage,exe=redis-server;process_name=redis-server,maximum,0.5000008060262235
2026-09-30T11:23:00+00:00,backend,CWAgent,procstat_cpu_usage,exe=redis-server;process_name=redis-server,maximum,3.799980297292112
2026-09-30T11:24:00+00:00,backend,CWAgent,procstat_cpu_usage,exe=redis-server;process_name=redis-server,maximum,8.499907408667177
2026-09-30T11:25:00+00:00,backend,CWAgent,procstat_cpu_usage,exe=redis-server;process_name=redis-server,maximum,14.316413672969272
2026-09-30T11:26:00+00:00,backend,CWAgent,procstat_cpu_usage,exe=redis-server;process_name=redis-server,maximum,41.19781534645536
2026-09-30T11:27:00+00:00,backend,CWAgent,procstat_cpu_usage,exe=redis-server;process_name=redis-server,maximum,41.882843889721585
2026-09-30T11:28:00+00:00,backend,CWAgent,procstat_cpu_usage,exe=redis-server;process_name=redis-server,maximum,42.48433842214697
2026-09-30T11:29:00+00:00,backend,CWAgent,procstat_cpu_usage,exe=redis-server;process_name=redis-server,maximum,41.732763110769426
2026-09-30T11:30:00+00:00,backend,CWAgent,procstat_cpu_usage,exe=redis-server;process_name=redis-server,maximum,13.751250613674745
2026-09-30T11:31:00+00:00,backend,CWAgent,procstat_cpu_usage,exe=redis-server;process_name=redis-server,maximum,2.6833529697975207
2026-09-30T11:32:00+00:00,backend,CWAgent,procstat_cpu_usage,exe=redis-server;process_name=redis-server,maximum,0.4999975840949308
2026-09-30T11:20:00+00:00,backend,CWAgent,net_bytes_recv,interface=veth2afa901,average,12579584.0
2026-09-30T11:21:00+00:00,backend,CWAgent,net_bytes_recv,interface=veth2afa901,average,1450.0
2026-09-30T11:22:00+00:00,backend,CWAgent,net_bytes_recv,interface=veth2afa901,average,403237.0
2026-09-30T11:23:00+00:00,backend,CWAgent,net_bytes_recv,interface=veth2afa901,average,26659959.0
2026-09-30T11:24:00+00:00,backend,CWAgent,net_bytes_recv,interface=veth2afa901,average,69481010.0
2026-09-30T11:25:00+00:00,backend,CWAgent,net_bytes_recv,interface=veth2afa901,average,173955273.0
2026-09-30T11:26:00+00:00,backend,CWAgent,net_bytes_recv,interface=veth2afa901,average,709456081.0
2026-09-30T11:27:00+00:00,backend,CWAgent,net_bytes_recv,interface=veth2afa901,average,734927133.0
2026-09-30T11:28:00+00:00,backend,CWAgent,net_bytes_recv,interface=veth2afa901,average,726036176.0
2026-09-30T11:29:00+00:00,backend,CWAgent,net_bytes_recv,interface=veth2afa901,average,732258794.0
2026-09-30T11:30:00+00:00,backend,CWAgent,net_bytes_recv,interface=veth2afa901,average,178774759.0
2026-09-30T11:31:00+00:00,backend,CWAgent,net_bytes_recv,interface=veth2afa901,average,17725460.0
2026-09-30T11:32:00+00:00,backend,CWAgent,net_bytes_recv,interface=veth2afa901,average,1668.0
2026-09-30T11:20:00+00:00,backend,CWAgent,net_bytes_recv,interface=veth2afa901,maximum,12579584.0
2026-09-30T11:21:00+00:00,backend,CWAgent,net_bytes_recv,interface=veth2afa901,maximum,1450.0
2026-09-30T11:22:00+00:00,backend,CWAgent,net_bytes_recv,interface=veth2afa901,maximum,403237.0
2026-09-30T11:23:00+00:00,backend,CWAgent,net_bytes_recv,interface=veth2afa901,maximum,26659959.0
2026-09-30T11:24:00+00:00,backend,CWAgent,net_bytes_recv,interface=veth2afa901,maximum,69481010.0
2026-09-30T11:25:00+00:00,backend,CWAgent,net_bytes_recv,interface=veth2afa901,maximum,173955273.0
2026-09-30T11:26:00+00:00,backend,CWAgent,net_bytes_recv,interface=veth2afa901,maximum,709456081.0
2026-09-30T11:27:00+00:00,backend,CWAgent,net_bytes_recv,interface=veth2afa901,maximum,734927133.0
2026-09-30T11:28:00+00:00,backend,CWAgent,net_bytes_recv,interface=veth2afa901,maximum,726036176.0
2026-09-30T11:29:00+00:00,backend,CWAgent,net_bytes_recv,interface=veth2afa901,maximum,732258794.0
2026-09-30T11:30:00+00:00,backend,CWAgent,net_bytes_recv,interface=veth2afa901,maximum,178774759.0
2026-09-30T11:31:00+00:00,backend,CWAgent,net_bytes_recv,interface=veth2afa901,maximum,17725460.0
2026-09-30T11:32:00+00:00,backend,CWAgent,net_bytes_recv,interface=veth2afa901,maximum,1668.0
2026-09-30T11:20:00+00:00,backend,CWAgent,procstat_cpu_usage,exe=containerd;process_name=containerd-shim-runc-v2,average,0.03333349971263083
2026-09-30T11:21:00+00:00,backend,CWAgent,procstat_cpu_usage,exe=containerd;process_name=containerd-shim-runc-v2,average,0.02499971396994018
2026-09-30T11:22:00+00:00,backend,CWAgent,procstat_cpu_usage,exe=containerd;process_name=containerd-shim-runc-v2,average,0.03333343048750468
2026-09-30T11:23:00+00:00,backend,CWAgent,procstat_cpu_usage,exe=containerd;process_name=containerd-shim-runc-v2,average,0.04166693880580439
2026-09-30T11:24:00+00:00,backend,CWAgent,procstat_cpu_usage,exe=containerd;process_name=containerd-shim-runc-v2,average,0.03333173493750771
2026-09-30T11:25:00+00:00,backend,CWAgent,procstat_cpu_usage,exe=containerd;process_name=containerd-shim-runc-v2,average,0.04166496098163368
2026-09-30T11:26:00+00:00,backend,CWAgent,procstat_cpu_usage,exe=containerd;process_name=containerd-shim-runc-v2,average,0.0499782529545656
2026-09-30T11:27:00+00:00,backend,CWAgent,procstat_cpu_usage,exe=containerd;process_name=containerd-shim-runc-v2,average,0.05002575300830303
2026-09-30T11:28:00+00:00,backend,CWAgent,procstat_cpu_usage,exe=containerd;process_name=containerd-shim-runc-v2,average,0.049982717981718286
2026-09-30T11:29:00+00:00,backend,CWAgent,procstat_cpu_usage,exe=containerd;process_name=containerd-shim-runc-v2,average,0.06668185404017109
2026-09-30T11:30:00+00:00,backend,CWAgent,procstat_cpu_usage,exe=containerd;process_name=containerd-shim-runc-v2,average,0.025003323159594495
2026-09-30T11:31:00+00:00,backend,CWAgent,procstat_cpu_usage,exe=containerd;process_name=containerd-shim-runc-v2,average,0.041666859478272394
2026-09-30T11:32:00+00:00,backend,CWAgent,procstat_cpu_usage,exe=containerd;process_name=containerd-shim-runc-v2,average,0.024999648885348943
2026-09-30T11:20:00+00:00,backend,CWAgent,procstat_cpu_usage,exe=containerd;process_name=containerd-shim-runc-v2,maximum,0.05000042600362848
2026-09-30T11:21:00+00:00,backend,CWAgent,procstat_cpu_usage,exe=containerd;process_name=containerd-shim-runc-v2,maximum,0.04999942793988036
2026-09-30T11:22:00+00:00,backend,CWAgent,procstat_cpu_usage,exe=containerd;process_name=containerd-shim-runc-v2,maximum,0.06666686097500936
2026-09-30T11:23:00+00:00,backend,CWAgent,procstat_cpu_usage,exe=containerd;process_name=containerd-shim-runc-v2,maximum,0.06666710352730572
2026-09-30T11:24:00+00:00,backend,CWAgent,procstat_cpu_usage,exe=containerd;process_name=containerd-shim-runc-v2,maximum,0.04999762663516446
2026-09-30T11:25:00+00:00,backend,CWAgent,procstat_cpu_usage,exe=containerd;process_name=containerd-shim-runc-v2,maximum,0.08332992196326736
2026-09-30T11:26:00+00:00,backend,CWAgent,procstat_cpu_usage,exe=containerd;process_name=containerd-shim-runc-v2,maximum,0.06661813050546121
2026-09-30T11:27:00+00:00,backend,CWAgent,procstat_cpu_usage,exe=containerd;process_name=containerd-shim-runc-v2,maximum,0.06671889942298376
2026-09-30T11:28:00+00:00,backend,CWAgent,procstat_cpu_usage,exe=containerd;process_name=containerd-shim-runc-v2,maximum,0.08330587764043
2026-09-30T11:29:00+00:00,backend,CWAgent,procstat_cpu_usage,exe=containerd;process_name=containerd-shim-runc-v2,maximum,0.10002257633575679
2026-09-30T11:30:00+00:00,backend,CWAgent,procstat_cpu_usage,exe=containerd;process_name=containerd-shim-runc-v2,maximum,0.05000664631918899
2026-09-30T11:31:00+00:00,backend,CWAgent,procstat_cpu_usage,exe=containerd;process_name=containerd-shim-runc-v2,maximum,0.06666714882237455
2026-09-30T11:32:00+00:00,backend,CWAgent,procstat_cpu_usage,exe=containerd;process_name=containerd-shim-runc-v2,maximum,0.049999297770697886
2026-09-30T11:20:00+00:00,backend,CWAgent,net_bytes_sent,interface=br-47788c3d9ee4,average,2118855.0
2026-09-30T11:21:00+00:00,backend,CWAgent,net_bytes_sent,interface=br-47788c3d9ee4,average,834.0
2026-09-30T11:22:00+00:00,backend,CWAgent,net_bytes_sent,interface=br-47788c3d9ee4,average,70220.0
2026-09-30T11:23:00+00:00,backend,CWAgent,net_bytes_sent,interface=br-47788c3d9ee4,average,4235819.0
2026-09-30T11:24:00+00:00,backend,CWAgent,net_bytes_sent,interface=br-47788c3d9ee4,average,10697408.0
2026-09-30T11:25:00+00:00,backend,CWAgent,net_bytes_sent,interface=br-47788c3d9ee4,average,12326012.0
2026-09-30T11:26:00+00:00,backend,CWAgent,net_bytes_sent,interface=br-47788c3d9ee4,average,9438745.0
2026-09-30T11:27:00+00:00,backend,CWAgent,net_bytes_sent,interface=br-47788c3d9ee4,average,9709161.0
2026-09-30T11:28:00+00:00,backend,CWAgent,net_bytes_sent,interface=br-47788c3d9ee4,average,9744102.0
2026-09-30T11:29:00+00:00,backend,CWAgent,net_bytes_sent,interface=br-47788c3d9ee4,average,9565177.0
2026-09-30T11:30:00+00:00,backend,CWAgent,net_bytes_sent,interface=br-47788c3d9ee4,average,8582549.0
2026-09-30T11:31:00+00:00,backend,CWAgent,net_bytes_sent,interface=br-47788c3d9ee4,average,2892524.0
2026-09-30T11:32:00+00:00,backend,CWAgent,net_bytes_sent,interface=br-47788c3d9ee4,average,975.0
2026-09-30T11:20:00+00:00,backend,CWAgent,net_bytes_sent,interface=br-47788c3d9ee4,maximum,2118855.0
2026-09-30T11:21:00+00:00,backend,CWAgent,net_bytes_sent,interface=br-47788c3d9ee4,maximum,834.0
2026-09-30T11:22:00+00:00,backend,CWAgent,net_bytes_sent,interface=br-47788c3d9ee4,maximum,70220.0
2026-09-30T11:23:00+00:00,backend,CWAgent,net_bytes_sent,interface=br-47788c3d9ee4,maximum,4235819.0
2026-09-30T11:24:00+00:00,backend,CWAgent,net_bytes_sent,interface=br-47788c3d9ee4,maximum,10697408.0
2026-09-30T11:25:00+00:00,backend,CWAgent,net_bytes_sent,interface=br-47788c3d9ee4,maximum,12326012.0
2026-09-30T11:26:00+00:00,backend,CWAgent,net_bytes_sent,interface=br-47788c3d9ee4,maximum,9438745.0
2026-09-30T11:27:00+00:00,backend,CWAgent,net_bytes_sent,interface=br-47788c3d9ee4,maximum,9709161.0
2026-09-30T11:28:00+00:00,backend,CWAgent,net_bytes_sent,interface=br-47788c3d9ee4,maximum,9744102.0
2026-09-30T11:29:00+00:00,backend,CWAgent,net_bytes_sent,interface=br-47788c3d9ee4,maximum,9565177.0
2026-09-30T11:30:00+00:00,backend,CWAgent,net_bytes_sent,interface=br-47788c3d9ee4,maximum,8582549.0
2026-09-30T11:31:00+00:00,backend,CWAgent,net_bytes_sent,interface=br-47788c3d9ee4,maximum,2892524.0
2026-09-30T11:32:00+00:00,backend,CWAgent,net_bytes_sent,interface=br-47788c3d9ee4,maximum,975.0
2026-09-30T11:20:00+00:00,backend,CWAgent,net_bytes_recv,interface=veth2836f30,average,1860292.0
2026-09-30T11:21:00+00:00,backend,CWAgent,net_bytes_recv,interface=veth2836f30,average,0.0
2026-09-30T11:22:00+00:00,backend,CWAgent,net_bytes_recv,interface=veth2836f30,average,55875.0
2026-09-30T11:23:00+00:00,backend,CWAgent,net_bytes_recv,interface=veth2836f30,average,4011820.0
2026-09-30T11:24:00+00:00,backend,CWAgent,net_bytes_recv,interface=veth2836f30,average,10608341.0
2026-09-30T11:25:00+00:00,backend,CWAgent,net_bytes_recv,interface=veth2836f30,average,36565600.0
2026-09-30T11:26:00+00:00,backend,CWAgent,net_bytes_recv,interface=veth2836f30,average,175536715.0
2026-09-30T11:27:00+00:00,backend,CWAgent,net_bytes_recv,interface=veth2836f30,average,180172278.0
2026-09-30T11:28:00+00:00,backend,CWAgent,net_bytes_recv,interface=veth2836f30,average,180582489.0
2026-09-30T11:29:00+00:00,backend,CWAgent,net_bytes_recv,interface=veth2836f30,average,180534491.0
2026-09-30T11:30:00+00:00,backend,CWAgent,net_bytes_recv,interface=veth2836f30,average,40063664.0
2026-09-30T11:31:00+00:00,backend,CWAgent,net_bytes_recv,interface=veth2836f30,average,2636872.0
2026-09-30T11:32:00+00:00,backend,CWAgent,net_bytes_recv,interface=veth2836f30,average,0.0
2026-09-30T11:20:00+00:00,backend,CWAgent,net_bytes_recv,interface=veth2836f30,maximum,1860292.0
2026-09-30T11:21:00+00:00,backend,CWAgent,net_bytes_recv,interface=veth2836f30,maximum,0.0
2026-09-30T11:22:00+00:00,backend,CWAgent,net_bytes_recv,interface=veth2836f30,maximum,55875.0
2026-09-30T11:23:00+00:00,backend,CWAgent,net_bytes_recv,interface=veth2836f30,maximum,4011820.0
2026-09-30T11:24:00+00:00,backend,CWAgent,net_bytes_recv,interface=veth2836f30,maximum,10608341.0
2026-09-30T11:25:00+00:00,backend,CWAgent,net_bytes_recv,interface=veth2836f30,maximum,36565600.0
2026-09-30T11:26:00+00:00,backend,CWAgent,net_bytes_recv,interface=veth2836f30,maximum,175536715.0
2026-09-30T11:27:00+00:00,backend,CWAgent,net_bytes_recv,interface=veth2836f30,maximum,180172278.0
2026-09-30T11:28:00+00:00,backend,CWAgent,net_bytes_recv,interface=veth2836f30,maximum,180582489.0
2026-09-30T11:29:00+00:00,backend,CWAgent,net_bytes_recv,interface=veth2836f30,maximum,180534491.0
2026-09-30T11:30:00+00:00,backend,CWAgent,net_bytes_recv,interface=veth2836f30,maximum,40063664.0
2026-09-30T11:31:00+00:00,backend,CWAgent,net_bytes_recv,interface=veth2836f30,maximum,2636872.0
2026-09-30T11:32:00+00:00,backend,CWAgent,net_bytes_recv,interface=veth2836f30,maximum,0.0
2026-09-30T11:20:00+00:00,backend,CWAgent,net_bytes_recv,interface=br-47788c3d9ee4,average,7484383.0
2026-09-30T11:21:00+00:00,backend,CWAgent,net_bytes_recv,interface=br-47788c3d9ee4,average,1212.0
2026-09-30T11:22:00+00:00,backend,CWAgent,net_bytes_recv,interface=br-47788c3d9ee4,average,241625.0
2026-09-30T11:23:00+00:00,backend,CWAgent,net_bytes_recv,interface=br-47788c3d9ee4,average,15944349.0
2026-09-30T11:24:00+00:00,backend,CWAgent,net_bytes_recv,interface=br-47788c3d9ee4,average,40742709.0
2026-09-30T11:25:00+00:00,backend,CWAgent,net_bytes_recv,interface=br-47788c3d9ee4,average,47150586.0
2026-09-30T11:26:00+00:00,backend,CWAgent,net_bytes_recv,interface=br-47788c3d9ee4,average,36530257.0
2026-09-30T11:27:00+00:00,backend,CWAgent,net_bytes_recv,interface=br-47788c3d9ee4,average,37702025.0
2026-09-30T11:28:00+00:00,backend,CWAgent,net_bytes_recv,interface=br-47788c3d9ee4,average,37782669.0
2026-09-30T11:29:00+00:00,backend,CWAgent,net_bytes_recv,interface=br-47788c3d9ee4,average,37351288.0
2026-09-30T11:30:00+00:00,backend,CWAgent,net_bytes_recv,interface=br-47788c3d9ee4,average,33177046.0
2026-09-30T11:31:00+00:00,backend,CWAgent,net_bytes_recv,interface=br-47788c3d9ee4,average,10541526.0
2026-09-30T11:32:00+00:00,backend,CWAgent,net_bytes_recv,interface=br-47788c3d9ee4,average,1388.0
2026-09-30T11:20:00+00:00,backend,CWAgent,net_bytes_recv,interface=br-47788c3d9ee4,maximum,7484383.0
2026-09-30T11:21:00+00:00,backend,CWAgent,net_bytes_recv,interface=br-47788c3d9ee4,maximum,1212.0
2026-09-30T11:22:00+00:00,backend,CWAgent,net_bytes_recv,interface=br-47788c3d9ee4,maximum,241625.0
2026-09-30T11:23:00+00:00,backend,CWAgent,net_bytes_recv,interface=br-47788c3d9ee4,maximum,15944349.0
2026-09-30T11:24:00+00:00,backend,CWAgent,net_bytes_recv,interface=br-47788c3d9ee4,maximum,40742709.0
2026-09-30T11:25:00+00:00,backend,CWAgent,net_bytes_recv,interface=br-47788c3d9ee4,maximum,47150586.0
2026-09-30T11:26:00+00:00,backend,CWAgent,net_bytes_recv,interface=br-47788c3d9ee4,maximum,36530257.0
2026-09-30T11:27:00+00:00,backend,CWAgent,net_bytes_recv,interface=br-47788c3d9ee4,maximum,37702025.0
2026-09-30T11:28:00+00:00,backend,CWAgent,net_bytes_recv,interface=br-47788c3d9ee4,maximum,37782669.0
2026-09-30T11:29:00+00:00,backend,CWAgent,net_bytes_recv,interface=br-47788c3d9ee4,maximum,37351288.0
2026-09-30T11:30:00+00:00,backend,CWAgent,net_bytes_recv,interface=br-47788c3d9ee4,maximum,33177046.0
2026-09-30T11:31:00+00:00,backend,CWAgent,net_bytes_recv,interface=br-47788c3d9ee4,maximum,10541526.0
2026-09-30T11:32:00+00:00,backend,CWAgent,net_bytes_recv,interface=br-47788c3d9ee4,maximum,1388.0
2026-09-30T11:20:00+00:00,backend,CWAgent,procstat_memory_rss,exe=redis-server;process_name=redis-server,average,6987776.0
2026-09-30T11:21:00+00:00,backend,CWAgent,procstat_memory_rss,exe=redis-server;process_name=redis-server,average,6385664.0
2026-09-30T11:22:00+00:00,backend,CWAgent,procstat_memory_rss,exe=redis-server;process_name=redis-server,average,6270976.0
2026-09-30T11:23:00+00:00,backend,CWAgent,procstat_memory_rss,exe=redis-server;process_name=redis-server,average,6328320.0
2026-09-30T11:24:00+00:00,backend,CWAgent,procstat_memory_rss,exe=redis-server;process_name=redis-server,average,6459392.0
2026-09-30T11:25:00+00:00,backend,CWAgent,procstat_memory_rss,exe=redis-server;process_name=redis-server,average,7307264.0
2026-09-30T11:26:00+00:00,backend,CWAgent,procstat_memory_rss,exe=redis-server;process_name=redis-server,average,7294976.0
2026-09-30T11:27:00+00:00,backend,CWAgent,procstat_memory_rss,exe=redis-server;process_name=redis-server,average,7294976.0
2026-09-30T11:28:00+00:00,backend,CWAgent,procstat_memory_rss,exe=redis-server;process_name=redis-server,average,7311360.0
2026-09-30T11:29:00+00:00,backend,CWAgent,procstat_memory_rss,exe=redis-server;process_name=redis-server,average,7311360.0
2026-09-30T11:30:00+00:00,backend,CWAgent,procstat_memory_rss,exe=redis-server;process_name=redis-server,average,7303168.0
2026-09-30T11:31:00+00:00,backend,CWAgent,procstat_memory_rss,exe=redis-server;process_name=redis-server,average,7368704.0
2026-09-30T11:32:00+00:00,backend,CWAgent,procstat_memory_rss,exe=redis-server;process_name=redis-server,average,6344704.0
2026-09-30T11:20:00+00:00,backend,CWAgent,procstat_memory_rss,exe=redis-server;process_name=redis-server,maximum,6987776.0
2026-09-30T11:21:00+00:00,backend,CWAgent,procstat_memory_rss,exe=redis-server;process_name=redis-server,maximum,6385664.0
2026-09-30T11:22:00+00:00,backend,CWAgent,procstat_memory_rss,exe=redis-server;process_name=redis-server,maximum,6270976.0
2026-09-30T11:23:00+00:00,backend,CWAgent,procstat_memory_rss,exe=redis-server;process_name=redis-server,maximum,6328320.0
2026-09-30T11:24:00+00:00,backend,CWAgent,procstat_memory_rss,exe=redis-server;process_name=redis-server,maximum,6459392.0
2026-09-30T11:25:00+00:00,backend,CWAgent,procstat_memory_rss,exe=redis-server;process_name=redis-server,maximum,7307264.0
2026-09-30T11:26:00+00:00,backend,CWAgent,procstat_memory_rss,exe=redis-server;process_name=redis-server,maximum,7294976.0
2026-09-30T11:27:00+00:00,backend,CWAgent,procstat_memory_rss,exe=redis-server;process_name=redis-server,maximum,7294976.0
2026-09-30T11:28:00+00:00,backend,CWAgent,procstat_memory_rss,exe=redis-server;process_name=redis-server,maximum,7311360.0
2026-09-30T11:29:00+00:00,backend,CWAgent,procstat_memory_rss,exe=redis-server;process_name=redis-server,maximum,7311360.0
2026-09-30T11:30:00+00:00,backend,CWAgent,procstat_memory_rss,exe=redis-server;process_name=redis-server,maximum,7303168.0
2026-09-30T11:31:00+00:00,backend,CWAgent,procstat_memory_rss,exe=redis-server;process_name=redis-server,maximum,7368704.0
2026-09-30T11:32:00+00:00,backend,CWAgent,procstat_memory_rss,exe=redis-server;process_name=redis-server,maximum,6344704.0
2026-09-30T11:20:00+00:00,backend,CWAgent,net_bytes_sent,interface=veth2afa901,average,3979147.0
2026-09-30T11:21:00+00:00,backend,CWAgent,net_bytes_sent,interface=veth2afa901,average,834.0
2026-09-30T11:22:00+00:00,backend,CWAgent,net_bytes_sent,interface=veth2afa901,average,126095.0
2026-09-30T11:23:00+00:00,backend,CWAgent,net_bytes_sent,interface=veth2afa901,average,8247639.0
2026-09-30T11:24:00+00:00,backend,CWAgent,net_bytes_sent,interface=veth2afa901,average,21305749.0
2026-09-30T11:25:00+00:00,backend,CWAgent,net_bytes_sent,interface=veth2afa901,average,48891612.0
2026-09-30T11:26:00+00:00,backend,CWAgent,net_bytes_sent,interface=veth2afa901,average,184975460.0
2026-09-30T11:27:00+00:00,backend,CWAgent,net_bytes_sent,interface=veth2afa901,average,189881439.0
2026-09-30T11:28:00+00:00,backend,CWAgent,net_bytes_sent,interface=veth2afa901,average,190326591.0
2026-09-30T11:29:00+00:00,backend,CWAgent,net_bytes_sent,interface=veth2afa901,average,190099668.0
2026-09-30T11:30:00+00:00,backend,CWAgent,net_bytes_sent,interface=veth2afa901,average,48646213.0
2026-09-30T11:31:00+00:00,backend,CWAgent,net_bytes_sent,interface=veth2afa901,average,5529396.0
2026-09-30T11:32:00+00:00,backend,CWAgent,net_bytes_sent,interface=veth2afa901,average,975.0
2026-09-30T11:20:00+00:00,backend,CWAgent,net_bytes_sent,interface=veth2afa901,maximum,3979147.0
2026-09-30T11:21:00+00:00,backend,CWAgent,net_bytes_sent,interface=veth2afa901,maximum,834.0
2026-09-30T11:22:00+00:00,backend,CWAgent,net_bytes_sent,interface=veth2afa901,maximum,126095.0
2026-09-30T11:23:00+00:00,backend,CWAgent,net_bytes_sent,interface=veth2afa901,maximum,8247639.0
2026-09-30T11:24:00+00:00,backend,CWAgent,net_bytes_sent,interface=veth2afa901,maximum,21305749.0
2026-09-30T11:25:00+00:00,backend,CWAgent,net_bytes_sent,interface=veth2afa901,maximum,48891612.0
2026-09-30T11:26:00+00:00,backend,CWAgent,net_bytes_sent,interface=veth2afa901,maximum,184975460.0
2026-09-30T11:27:00+00:00,backend,CWAgent,net_bytes_sent,interface=veth2afa901,maximum,189881439.0
2026-09-30T11:28:00+00:00,backend,CWAgent,net_bytes_sent,interface=veth2afa901,maximum,190326591.0
2026-09-30T11:29:00+00:00,backend,CWAgent,net_bytes_sent,interface=veth2afa901,maximum,190099668.0
2026-09-30T11:30:00+00:00,backend,CWAgent,net_bytes_sent,interface=veth2afa901,maximum,48646213.0
2026-09-30T11:31:00+00:00,backend,CWAgent,net_bytes_sent,interface=veth2afa901,maximum,5529396.0
2026-09-30T11:32:00+00:00,backend,CWAgent,net_bytes_sent,interface=veth2afa901,maximum,975.0
2026-09-30T11:20:00+00:00,backend,CWAgent,procstat_cpu_usage,exe=java;process_name=java,average,8.966591398557357
2026-09-30T11:21:00+00:00,backend,CWAgent,procstat_cpu_usage,exe=java;process_name=java,average,0.28335071841123294
2026-09-30T11:22:00+00:00,backend,CWAgent,procstat_cpu_usage,exe=java;process_name=java,average,0.48333964159227094
2026-09-30T11:23:00+00:00,backend,CWAgent,procstat_cpu_usage,exe=java;process_name=java,average,17.74875720421433
2026-09-30T11:24:00+00:00,backend,CWAgent,procstat_cpu_usage,exe=java;process_name=java,average,39.69801678963467
2026-09-30T11:25:00+00:00,backend,CWAgent,procstat_cpu_usage,exe=java;process_name=java,average,59.223426851090764
2026-09-30T11:26:00+00:00,backend,CWAgent,procstat_cpu_usage,exe=java;process_name=java,average,143.19753249755487
2026-09-30T11:27:00+00:00,backend,CWAgent,procstat_cpu_usage,exe=java;process_name=java,average,146.4378857022185
2026-09-30T11:28:00+00:00,backend,CWAgent,procstat_cpu_usage,exe=java;process_name=java,average,143.9298218545781
2026-09-30T11:29:00+00:00,backend,CWAgent,procstat_cpu_usage,exe=java;process_name=java,average,145.9993750700804
2026-09-30T11:30:00+00:00,backend,CWAgent,procstat_cpu_usage,exe=java;process_name=java,average,54.64342518892143
2026-09-30T11:31:00+00:00,backend,CWAgent,procstat_cpu_usage,exe=java;process_name=java,average,11.634331481413017
2026-09-30T11:32:00+00:00,backend,CWAgent,procstat_cpu_usage,exe=java;process_name=java,average,0.41667626035977723
2026-09-30T11:20:00+00:00,backend,CWAgent,procstat_cpu_usage,exe=java;process_name=java,maximum,8.966591398557357
2026-09-30T11:21:00+00:00,backend,CWAgent,procstat_cpu_usage,exe=java;process_name=java,maximum,0.28335071841123294
2026-09-30T11:22:00+00:00,backend,CWAgent,procstat_cpu_usage,exe=java;process_name=java,maximum,0.48333964159227094
2026-09-30T11:23:00+00:00,backend,CWAgent,procstat_cpu_usage,exe=java;process_name=java,maximum,17.74875720421433
2026-09-30T11:24:00+00:00,backend,CWAgent,procstat_cpu_usage,exe=java;process_name=java,maximum,39.69801678963467
2026-09-30T11:25:00+00:00,backend,CWAgent,procstat_cpu_usage,exe=java;process_name=java,maximum,59.223426851090764
2026-09-30T11:26:00+00:00,backend,CWAgent,procstat_cpu_usage,exe=java;process_name=java,maximum,143.19753249755487
2026-09-30T11:27:00+00:00,backend,CWAgent,procstat_cpu_usage,exe=java;process_name=java,maximum,146.4378857022185
2026-09-30T11:28:00+00:00,backend,CWAgent,procstat_cpu_usage,exe=java;process_name=java,maximum,143.9298218545781
2026-09-30T11:29:00+00:00,backend,CWAgent,procstat_cpu_usage,exe=java;process_name=java,maximum,145.9993750700804
2026-09-30T11:30:00+00:00,backend,CWAgent,procstat_cpu_usage,exe=java;process_name=java,maximum,54.64342518892143
2026-09-30T11:31:00+00:00,backend,CWAgent,procstat_cpu_usage,exe=java;process_name=java,maximum,11.634331481413017
2026-09-30T11:32:00+00:00,backend,CWAgent,procstat_cpu_usage,exe=java;process_name=java,maximum,0.41667626035977723
2026-09-30T11:20:00+00:00,backend,CWAgent,procstat_memory_rss,exe=containerd;process_name=containerd-shim-runc-v2,average,7141376.0
2026-09-30T11:21:00+00:00,backend,CWAgent,procstat_memory_rss,exe=containerd;process_name=containerd-shim-runc-v2,average,7041024.0
2026-09-30T11:22:00+00:00,backend,CWAgent,procstat_memory_rss,exe=containerd;process_name=containerd-shim-runc-v2,average,7168000.0
2026-09-30T11:23:00+00:00,backend,CWAgent,procstat_memory_rss,exe=containerd;process_name=containerd-shim-runc-v2,average,7065600.0
2026-09-30T11:24:00+00:00,backend,CWAgent,procstat_memory_rss,exe=containerd;process_name=containerd-shim-runc-v2,average,7127040.0
2026-09-30T11:25:00+00:00,backend,CWAgent,procstat_memory_rss,exe=containerd;process_name=containerd-shim-runc-v2,average,7073792.0
2026-09-30T11:26:00+00:00,backend,CWAgent,procstat_memory_rss,exe=containerd;process_name=containerd-shim-runc-v2,average,6885376.0
2026-09-30T11:27:00+00:00,backend,CWAgent,procstat_memory_rss,exe=containerd;process_name=containerd-shim-runc-v2,average,6967296.0
2026-09-30T11:28:00+00:00,backend,CWAgent,procstat_memory_rss,exe=containerd;process_name=containerd-shim-runc-v2,average,6940672.0
2026-09-30T11:29:00+00:00,backend,CWAgent,procstat_memory_rss,exe=containerd;process_name=containerd-shim-runc-v2,average,7026688.0
2026-09-30T11:30:00+00:00,backend,CWAgent,procstat_memory_rss,exe=containerd;process_name=containerd-shim-runc-v2,average,7000064.0
2026-09-30T11:31:00+00:00,backend,CWAgent,procstat_memory_rss,exe=containerd;process_name=containerd-shim-runc-v2,average,7069696.0
2026-09-30T11:32:00+00:00,backend,CWAgent,procstat_memory_rss,exe=containerd;process_name=containerd-shim-runc-v2,average,7077888.0
2026-09-30T11:20:00+00:00,backend,CWAgent,procstat_memory_rss,exe=containerd;process_name=containerd-shim-runc-v2,maximum,9080832.0
2026-09-30T11:21:00+00:00,backend,CWAgent,procstat_memory_rss,exe=containerd;process_name=containerd-shim-runc-v2,maximum,8880128.0
2026-09-30T11:22:00+00:00,backend,CWAgent,procstat_memory_rss,exe=containerd;process_name=containerd-shim-runc-v2,maximum,9129984.0
2026-09-30T11:23:00+00:00,backend,CWAgent,procstat_memory_rss,exe=containerd;process_name=containerd-shim-runc-v2,maximum,8921088.0
2026-09-30T11:24:00+00:00,backend,CWAgent,procstat_memory_rss,exe=containerd;process_name=containerd-shim-runc-v2,maximum,9043968.0
2026-09-30T11:25:00+00:00,backend,CWAgent,procstat_memory_rss,exe=containerd;process_name=containerd-shim-runc-v2,maximum,8929280.0
2026-09-30T11:26:00+00:00,backend,CWAgent,procstat_memory_rss,exe=containerd;process_name=containerd-shim-runc-v2,maximum,8597504.0
2026-09-30T11:27:00+00:00,backend,CWAgent,procstat_memory_rss,exe=containerd;process_name=containerd-shim-runc-v2,maximum,8757248.0
2026-09-30T11:28:00+00:00,backend,CWAgent,procstat_memory_rss,exe=containerd;process_name=containerd-shim-runc-v2,maximum,8699904.0
2026-09-30T11:29:00+00:00,backend,CWAgent,procstat_memory_rss,exe=containerd;process_name=containerd-shim-runc-v2,maximum,8871936.0
2026-09-30T11:30:00+00:00,backend,CWAgent,procstat_memory_rss,exe=containerd;process_name=containerd-shim-runc-v2,maximum,8818688.0
2026-09-30T11:31:00+00:00,backend,CWAgent,procstat_memory_rss,exe=containerd;process_name=containerd-shim-runc-v2,maximum,8957952.0
2026-09-30T11:32:00+00:00,backend,CWAgent,procstat_memory_rss,exe=containerd;process_name=containerd-shim-runc-v2,maximum,8974336.0
2026-09-30T11:20:00+00:00,backend,CWAgent,net_bytes_sent,interface=veth2836f30,average,4791583.0
2026-09-30T11:21:00+00:00,backend,CWAgent,net_bytes_sent,interface=veth2836f30,average,0.0
2026-09-30T11:22:00+00:00,backend,CWAgent,net_bytes_sent,interface=veth2836f30,average,150678.0
2026-09-30T11:23:00+00:00,backend,CWAgent,net_bytes_sent,interface=veth2836f30,average,10188034.0
2026-09-30T11:24:00+00:00,backend,CWAgent,net_bytes_sent,interface=veth2836f30,average,27410345.0
2026-09-30T11:25:00+00:00,backend,CWAgent,net_bytes_sent,interface=veth2836f30,average,125245045.0
2026-09-30T11:26:00+00:00,backend,CWAgent,net_bytes_sent,interface=veth2836f30,average,671633918.0
2026-09-30T11:27:00+00:00,backend,CWAgent,net_bytes_sent,interface=veth2836f30,average,695891720.0
2026-09-30T11:28:00+00:00,backend,CWAgent,net_bytes_sent,interface=veth2836f30,average,686911075.0
2026-09-30T11:29:00+00:00,backend,CWAgent,net_bytes_sent,interface=veth2836f30,average,693583764.0
2026-09-30T11:30:00+00:00,backend,CWAgent,net_bytes_sent,interface=veth2836f30,average,144473723.0
2026-09-30T11:31:00+00:00,backend,CWAgent,net_bytes_sent,interface=veth2836f30,average,6772950.0
2026-09-30T11:32:00+00:00,backend,CWAgent,net_bytes_sent,interface=veth2836f30,average,0.0
2026-09-30T11:20:00+00:00,backend,CWAgent,net_bytes_sent,interface=veth2836f30,maximum,4791583.0
2026-09-30T11:21:00+00:00,backend,CWAgent,net_bytes_sent,interface=veth2836f30,maximum,0.0
2026-09-30T11:22:00+00:00,backend,CWAgent,net_bytes_sent,interface=veth2836f30,maximum,150678.0
2026-09-30T11:23:00+00:00,backend,CWAgent,net_bytes_sent,interface=veth2836f30,maximum,10188034.0
2026-09-30T11:24:00+00:00,backend,CWAgent,net_bytes_sent,interface=veth2836f30,maximum,27410345.0
2026-09-30T11:25:00+00:00,backend,CWAgent,net_bytes_sent,interface=veth2836f30,maximum,125245045.0
2026-09-30T11:26:00+00:00,backend,CWAgent,net_bytes_sent,interface=veth2836f30,maximum,671633918.0
2026-09-30T11:27:00+00:00,backend,CWAgent,net_bytes_sent,interface=veth2836f30,maximum,695891720.0
2026-09-30T11:28:00+00:00,backend,CWAgent,net_bytes_sent,interface=veth2836f30,maximum,686911075.0
2026-09-30T11:29:00+00:00,backend,CWAgent,net_bytes_sent,interface=veth2836f30,maximum,693583764.0
2026-09-30T11:30:00+00:00,backend,CWAgent,net_bytes_sent,interface=veth2836f30,maximum,144473723.0
2026-09-30T11:31:00+00:00,backend,CWAgent,net_bytes_sent,interface=veth2836f30,maximum,6772950.0
2026-09-30T11:32:00+00:00,backend,CWAgent,net_bytes_sent,interface=veth2836f30,maximum,0.0
2026-09-30T11:20:00+00:00,backend,AWS/EC2,CPUUtilization,,average,9.116666666666665
2026-09-30T11:21:00+00:00,backend,AWS/EC2,CPUUtilization,,average,1.623457715170588
2026-09-30T11:22:00+00:00,backend,AWS/EC2,CPUUtilization,,average,1.725
2026-09-30T11:23:00+00:00,backend,AWS/EC2,CPUUtilization,,average,13.358333333333333
2026-09-30T11:24:00+00:00,backend,AWS/EC2,CPUUtilization,,average,28.966183896935046
2026-09-30T11:25:00+00:00,backend,AWS/EC2,CPUUtilization,,average,37.97837909979647
2026-09-30T11:26:00+00:00,backend,AWS/EC2,CPUUtilization,,average,94.54166666666666
2026-09-30T11:27:00+00:00,backend,AWS/EC2,CPUUtilization,,average,96.3085069184275
2026-09-30T11:28:00+00:00,backend,AWS/EC2,CPUUtilization,,average,95.63251755834709
2026-09-30T11:29:00+00:00,backend,AWS/EC2,CPUUtilization,,average,96.29166666666666
2026-09-30T11:30:00+00:00,backend,AWS/EC2,CPUUtilization,,average,44.13333333333334
2026-09-30T11:31:00+00:00,backend,AWS/EC2,CPUUtilization,,average,11.56362909805358
2026-09-30T11:32:00+00:00,backend,AWS/EC2,CPUUtilization,,average,1.7250287504791746
2026-09-30T11:20:00+00:00,backend,AWS/EC2,CPUUtilization,,maximum,9.116666666666665
2026-09-30T11:21:00+00:00,backend,AWS/EC2,CPUUtilization,,maximum,1.623457715170588
2026-09-30T11:22:00+00:00,backend,AWS/EC2,CPUUtilization,,maximum,1.725
2026-09-30T11:23:00+00:00,backend,AWS/EC2,CPUUtilization,,maximum,13.358333333333333
2026-09-30T11:24:00+00:00,backend,AWS/EC2,CPUUtilization,,maximum,28.966183896935046
2026-09-30T11:25:00+00:00,backend,AWS/EC2,CPUUtilization,,maximum,37.97837909979647
2026-09-30T11:26:00+00:00,backend,AWS/EC2,CPUUtilization,,maximum,94.54166666666666
2026-09-30T11:27:00+00:00,backend,AWS/EC2,CPUUtilization,,maximum,96.3085069184275
2026-09-30T11:28:00+00:00,backend,AWS/EC2,CPUUtilization,,maximum,95.63251755834709
2026-09-30T11:29:00+00:00,backend,AWS/EC2,CPUUtilization,,maximum,96.29166666666666
2026-09-30T11:30:00+00:00,backend,AWS/EC2,CPUUtilization,,maximum,44.13333333333334
2026-09-30T11:31:00+00:00,backend,AWS/EC2,CPUUtilization,,maximum,11.56362909805358
2026-09-30T11:32:00+00:00,backend,AWS/EC2,CPUUtilization,,maximum,1.7250287504791746
2026-09-30T11:20:00+00:00,backend,AWS/EC2,NetworkOut,,average,15753979.0
2026-09-30T11:21:00+00:00,backend,AWS/EC2,NetworkOut,,average,186733.0
2026-09-30T11:22:00+00:00,backend,AWS/EC2,NetworkOut,,average,49839.0
2026-09-30T11:23:00+00:00,backend,AWS/EC2,NetworkOut,,average,9476933.0
2026-09-30T11:24:00+00:00,backend,AWS/EC2,NetworkOut,,average,35258080.0
2026-09-30T11:25:00+00:00,backend,AWS/EC2,NetworkOut,,average,52254649.0
2026-09-30T11:26:00+00:00,backend,AWS/EC2,NetworkOut,,average,39615872.0
2026-09-30T11:27:00+00:00,backend,AWS/EC2,NetworkOut,,average,39903599.0
2026-09-30T11:28:00+00:00,backend,AWS/EC2,NetworkOut,,average,40597953.0
2026-09-30T11:29:00+00:00,backend,AWS/EC2,NetworkOut,,average,39726794.0
2026-09-30T11:30:00+00:00,backend,AWS/EC2,NetworkOut,,average,38318741.0
2026-09-30T11:31:00+00:00,backend,AWS/EC2,NetworkOut,,average,19381511.0
2026-09-30T11:32:00+00:00,backend,AWS/EC2,NetworkOut,,average,824965.0
2026-09-30T11:20:00+00:00,backend,AWS/EC2,NetworkOut,,maximum,15753979.0
2026-09-30T11:21:00+00:00,backend,AWS/EC2,NetworkOut,,maximum,186733.0
2026-09-30T11:22:00+00:00,backend,AWS/EC2,NetworkOut,,maximum,49839.0
2026-09-30T11:23:00+00:00,backend,AWS/EC2,NetworkOut,,maximum,9476933.0
2026-09-30T11:24:00+00:00,backend,AWS/EC2,NetworkOut,,maximum,35258080.0
2026-09-30T11:25:00+00:00,backend,AWS/EC2,NetworkOut,,maximum,52254649.0
2026-09-30T11:26:00+00:00,backend,AWS/EC2,NetworkOut,,maximum,39615872.0
2026-09-30T11:27:00+00:00,backend,AWS/EC2,NetworkOut,,maximum,39903599.0
2026-09-30T11:28:00+00:00,backend,AWS/EC2,NetworkOut,,maximum,40597953.0
2026-09-30T11:29:00+00:00,backend,AWS/EC2,NetworkOut,,maximum,39726794.0
2026-09-30T11:30:00+00:00,backend,AWS/EC2,NetworkOut,,maximum,38318741.0
2026-09-30T11:31:00+00:00,backend,AWS/EC2,NetworkOut,,maximum,19381511.0
2026-09-30T11:32:00+00:00,backend,AWS/EC2,NetworkOut,,maximum,824965.0
2026-09-30T11:20:00+00:00,backend,AWS/EC2,NetworkIn,,average,3976733.0
2026-09-30T11:21:00+00:00,backend,AWS/EC2,NetworkIn,,average,123993.0
2026-09-30T11:22:00+00:00,backend,AWS/EC2,NetworkIn,,average,10358.0
2026-09-30T11:23:00+00:00,backend,AWS/EC2,NetworkIn,,average,2648736.0
2026-09-30T11:24:00+00:00,backend,AWS/EC2,NetworkIn,,average,8776013.0
2026-09-30T11:25:00+00:00,backend,AWS/EC2,NetworkIn,,average,12911900.0
2026-09-30T11:26:00+00:00,backend,AWS/EC2,NetworkIn,,average,9751793.0
2026-09-30T11:27:00+00:00,backend,AWS/EC2,NetworkIn,,average,9695022.0
2026-09-30T11:28:00+00:00,backend,AWS/EC2,NetworkIn,,average,9867162.0
2026-09-30T11:29:00+00:00,backend,AWS/EC2,NetworkIn,,average,9648668.0
2026-09-30T11:30:00+00:00,backend,AWS/EC2,NetworkIn,,average,9294925.0
2026-09-30T11:31:00+00:00,backend,AWS/EC2,NetworkIn,,average,4818357.0
2026-09-30T11:32:00+00:00,backend,AWS/EC2,NetworkIn,,average,295716.0
2026-09-30T11:20:00+00:00,backend,AWS/EC2,NetworkIn,,maximum,3976733.0
2026-09-30T11:21:00+00:00,backend,AWS/EC2,NetworkIn,,maximum,123993.0
2026-09-30T11:22:00+00:00,backend,AWS/EC2,NetworkIn,,maximum,10358.0
2026-09-30T11:23:00+00:00,backend,AWS/EC2,NetworkIn,,maximum,2648736.0
2026-09-30T11:24:00+00:00,backend,AWS/EC2,NetworkIn,,maximum,8776013.0
2026-09-30T11:25:00+00:00,backend,AWS/EC2,NetworkIn,,maximum,12911900.0
2026-09-30T11:26:00+00:00,backend,AWS/EC2,NetworkIn,,maximum,9751793.0
2026-09-30T11:27:00+00:00,backend,AWS/EC2,NetworkIn,,maximum,9695022.0
2026-09-30T11:28:00+00:00,backend,AWS/EC2,NetworkIn,,maximum,9867162.0
2026-09-30T11:29:00+00:00,backend,AWS/EC2,NetworkIn,,maximum,9648668.0
2026-09-30T11:30:00+00:00,backend,AWS/EC2,NetworkIn,,maximum,9294925.0
2026-09-30T11:31:00+00:00,backend,AWS/EC2,NetworkIn,,maximum,4818357.0
2026-09-30T11:32:00+00:00,backend,AWS/EC2,NetworkIn,,maximum,295716.0
2026-09-30T11:20:00+00:00,backend,AWS/EC2,EBSWriteBytes,,average,2183168.0
2026-09-30T11:21:00+00:00,backend,AWS/EC2,EBSWriteBytes,,average,937984.0
2026-09-30T11:22:00+00:00,backend,AWS/EC2,EBSWriteBytes,,average,196608.0
2026-09-30T11:23:00+00:00,backend,AWS/EC2,EBSWriteBytes,,average,905216.0
2026-09-30T11:24:00+00:00,backend,AWS/EC2,EBSWriteBytes,,average,1376256.0
2026-09-30T11:25:00+00:00,backend,AWS/EC2,EBSWriteBytes,,average,2490368.0
2026-09-30T11:26:00+00:00,backend,AWS/EC2,EBSWriteBytes,,average,16015360.0
2026-09-30T11:27:00+00:00,backend,AWS/EC2,EBSWriteBytes,,average,2945024.0
2026-09-30T11:28:00+00:00,backend,AWS/EC2,EBSWriteBytes,,average,4435968.0
2026-09-30T11:29:00+00:00,backend,AWS/EC2,EBSWriteBytes,,average,3059712.0
2026-09-30T11:30:00+00:00,backend,AWS/EC2,EBSWriteBytes,,average,2392064.0
2026-09-30T11:31:00+00:00,backend,AWS/EC2,EBSWriteBytes,,average,2338816.0
2026-09-30T11:32:00+00:00,backend,AWS/EC2,EBSWriteBytes,,average,815104.0
2026-09-30T11:20:00+00:00,backend,AWS/EC2,EBSWriteBytes,,maximum,2183168.0
2026-09-30T11:21:00+00:00,backend,AWS/EC2,EBSWriteBytes,,maximum,937984.0
2026-09-30T11:22:00+00:00,backend,AWS/EC2,EBSWriteBytes,,maximum,196608.0
2026-09-30T11:23:00+00:00,backend,AWS/EC2,EBSWriteBytes,,maximum,905216.0
2026-09-30T11:24:00+00:00,backend,AWS/EC2,EBSWriteBytes,,maximum,1376256.0
2026-09-30T11:25:00+00:00,backend,AWS/EC2,EBSWriteBytes,,maximum,2490368.0
2026-09-30T11:26:00+00:00,backend,AWS/EC2,EBSWriteBytes,,maximum,16015360.0
2026-09-30T11:27:00+00:00,backend,AWS/EC2,EBSWriteBytes,,maximum,2945024.0
2026-09-30T11:28:00+00:00,backend,AWS/EC2,EBSWriteBytes,,maximum,4435968.0
2026-09-30T11:29:00+00:00,backend,AWS/EC2,EBSWriteBytes,,maximum,3059712.0
2026-09-30T11:30:00+00:00,backend,AWS/EC2,EBSWriteBytes,,maximum,2392064.0
2026-09-30T11:31:00+00:00,backend,AWS/EC2,EBSWriteBytes,,maximum,2338816.0
2026-09-30T11:32:00+00:00,backend,AWS/EC2,EBSWriteBytes,,maximum,815104.0
2026-09-30T11:20:00+00:00,backend,AWS/EC2,EBSReadOps,,average,37.0
2026-09-30T11:21:00+00:00,backend,AWS/EC2,EBSReadOps,,average,43.0
2026-09-30T11:22:00+00:00,backend,AWS/EC2,EBSReadOps,,average,23.0
2026-09-30T11:23:00+00:00,backend,AWS/EC2,EBSReadOps,,average,989.0
2026-09-30T11:24:00+00:00,backend,AWS/EC2,EBSReadOps,,average,37.0
2026-09-30T11:25:00+00:00,backend,AWS/EC2,EBSReadOps,,average,22.0
2026-09-30T11:26:00+00:00,backend,AWS/EC2,EBSReadOps,,average,6294.0
2026-09-30T11:27:00+00:00,backend,AWS/EC2,EBSReadOps,,average,1648.0
2026-09-30T11:28:00+00:00,backend,AWS/EC2,EBSReadOps,,average,324.0
2026-09-30T11:29:00+00:00,backend,AWS/EC2,EBSReadOps,,average,205.0
2026-09-30T11:30:00+00:00,backend,AWS/EC2,EBSReadOps,,average,101.0
2026-09-30T11:31:00+00:00,backend,AWS/EC2,EBSReadOps,,average,117.0
2026-09-30T11:32:00+00:00,backend,AWS/EC2,EBSReadOps,,average,57.0
2026-09-30T11:20:00+00:00,backend,AWS/EC2,EBSReadOps,,maximum,37.0
2026-09-30T11:21:00+00:00,backend,AWS/EC2,EBSReadOps,,maximum,43.0
2026-09-30T11:22:00+00:00,backend,AWS/EC2,EBSReadOps,,maximum,23.0
2026-09-30T11:23:00+00:00,backend,AWS/EC2,EBSReadOps,,maximum,989.0
2026-09-30T11:24:00+00:00,backend,AWS/EC2,EBSReadOps,,maximum,37.0
2026-09-30T11:25:00+00:00,backend,AWS/EC2,EBSReadOps,,maximum,22.0
2026-09-30T11:26:00+00:00,backend,AWS/EC2,EBSReadOps,,maximum,6294.0
2026-09-30T11:27:00+00:00,backend,AWS/EC2,EBSReadOps,,maximum,1648.0
2026-09-30T11:28:00+00:00,backend,AWS/EC2,EBSReadOps,,maximum,324.0
2026-09-30T11:29:00+00:00,backend,AWS/EC2,EBSReadOps,,maximum,205.0
2026-09-30T11:30:00+00:00,backend,AWS/EC2,EBSReadOps,,maximum,101.0
2026-09-30T11:31:00+00:00,backend,AWS/EC2,EBSReadOps,,maximum,117.0
2026-09-30T11:32:00+00:00,backend,AWS/EC2,EBSReadOps,,maximum,57.0
2026-09-30T11:20:00+00:00,backend,AWS/EC2,EBSWriteOps,,average,58.0
2026-09-30T11:21:00+00:00,backend,AWS/EC2,EBSWriteOps,,average,65.0
2026-09-30T11:22:00+00:00,backend,AWS/EC2,EBSWriteOps,,average,36.0
2026-09-30T11:23:00+00:00,backend,AWS/EC2,EBSWriteOps,,average,147.0
2026-09-30T11:24:00+00:00,backend,AWS/EC2,EBSWriteOps,,average,119.0
2026-09-30T11:25:00+00:00,backend,AWS/EC2,EBSWriteOps,,average,57.0
2026-09-30T11:26:00+00:00,backend,AWS/EC2,EBSWriteOps,,average,1713.0
2026-09-30T11:27:00+00:00,backend,AWS/EC2,EBSWriteOps,,average,125.0
2026-09-30T11:28:00+00:00,backend,AWS/EC2,EBSWriteOps,,average,352.0
2026-09-30T11:29:00+00:00,backend,AWS/EC2,EBSWriteOps,,average,122.0
2026-09-30T11:30:00+00:00,backend,AWS/EC2,EBSWriteOps,,average,67.0
2026-09-30T11:31:00+00:00,backend,AWS/EC2,EBSWriteOps,,average,86.0
2026-09-30T11:32:00+00:00,backend,AWS/EC2,EBSWriteOps,,average,42.0
2026-09-30T11:20:00+00:00,backend,AWS/EC2,EBSWriteOps,,maximum,58.0
2026-09-30T11:21:00+00:00,backend,AWS/EC2,EBSWriteOps,,maximum,65.0
2026-09-30T11:22:00+00:00,backend,AWS/EC2,EBSWriteOps,,maximum,36.0
2026-09-30T11:23:00+00:00,backend,AWS/EC2,EBSWriteOps,,maximum,147.0
2026-09-30T11:24:00+00:00,backend,AWS/EC2,EBSWriteOps,,maximum,119.0
2026-09-30T11:25:00+00:00,backend,AWS/EC2,EBSWriteOps,,maximum,57.0
2026-09-30T11:26:00+00:00,backend,AWS/EC2,EBSWriteOps,,maximum,1713.0
2026-09-30T11:27:00+00:00,backend,AWS/EC2,EBSWriteOps,,maximum,125.0
2026-09-30T11:28:00+00:00,backend,AWS/EC2,EBSWriteOps,,maximum,352.0
2026-09-30T11:29:00+00:00,backend,AWS/EC2,EBSWriteOps,,maximum,122.0
2026-09-30T11:30:00+00:00,backend,AWS/EC2,EBSWriteOps,,maximum,67.0
2026-09-30T11:31:00+00:00,backend,AWS/EC2,EBSWriteOps,,maximum,86.0
2026-09-30T11:32:00+00:00,backend,AWS/EC2,EBSWriteOps,,maximum,42.0
2026-09-30T11:20:00+00:00,backend,AWS/EC2,EBSReadBytes,,average,610304.0
2026-09-30T11:21:00+00:00,backend,AWS/EC2,EBSReadBytes,,average,1118208.0
2026-09-30T11:22:00+00:00,backend,AWS/EC2,EBSReadBytes,,average,331776.0
2026-09-30T11:23:00+00:00,backend,AWS/EC2,EBSReadBytes,,average,35262464.0
2026-09-30T11:24:00+00:00,backend,AWS/EC2,EBSReadBytes,,average,569344.0
2026-09-30T11:25:00+00:00,backend,AWS/EC2,EBSReadBytes,,average,274432.0
2026-09-30T11:26:00+00:00,backend,AWS/EC2,EBSReadBytes,,average,47419392.0
2026-09-30T11:27:00+00:00,backend,AWS/EC2,EBSReadBytes,,average,11661312.0
2026-09-30T11:28:00+00:00,backend,AWS/EC2,EBSReadBytes,,average,2658304.0
2026-09-30T11:29:00+00:00,backend,AWS/EC2,EBSReadBytes,,average,3584000.0
2026-09-30T11:30:00+00:00,backend,AWS/EC2,EBSReadBytes,,average,892928.0
2026-09-30T11:31:00+00:00,backend,AWS/EC2,EBSReadBytes,,average,913408.0
2026-09-30T11:32:00+00:00,backend,AWS/EC2,EBSReadBytes,,average,675840.0
2026-09-30T11:20:00+00:00,backend,AWS/EC2,EBSReadBytes,,maximum,610304.0
2026-09-30T11:21:00+00:00,backend,AWS/EC2,EBSReadBytes,,maximum,1118208.0
2026-09-30T11:22:00+00:00,backend,AWS/EC2,EBSReadBytes,,maximum,331776.0
2026-09-30T11:23:00+00:00,backend,AWS/EC2,EBSReadBytes,,maximum,35262464.0
2026-09-30T11:24:00+00:00,backend,AWS/EC2,EBSReadBytes,,maximum,569344.0
2026-09-30T11:25:00+00:00,backend,AWS/EC2,EBSReadBytes,,maximum,274432.0
2026-09-30T11:26:00+00:00,backend,AWS/EC2,EBSReadBytes,,maximum,47419392.0
2026-09-30T11:27:00+00:00,backend,AWS/EC2,EBSReadBytes,,maximum,11661312.0
2026-09-30T11:28:00+00:00,backend,AWS/EC2,EBSReadBytes,,maximum,2658304.0
2026-09-30T11:29:00+00:00,backend,AWS/EC2,EBSReadBytes,,maximum,3584000.0
2026-09-30T11:30:00+00:00,backend,AWS/EC2,EBSReadBytes,,maximum,892928.0
2026-09-30T11:31:00+00:00,backend,AWS/EC2,EBSReadBytes,,maximum,913408.0
2026-09-30T11:32:00+00:00,backend,AWS/EC2,EBSReadBytes,,maximum,675840.0
2026-09-30T11:20:00+00:00,backend,AWS/EC2,CPUCreditBalance,,average,0.0
2026-09-30T11:25:00+00:00,backend,AWS/EC2,CPUCreditBalance,,average,0.0
2026-09-30T11:30:00+00:00,backend,AWS/EC2,CPUCreditBalance,,average,0.0
2026-09-30T11:20:00+00:00,backend,AWS/EC2,CPUCreditBalance,,maximum,0.0
2026-09-30T11:25:00+00:00,backend,AWS/EC2,CPUCreditBalance,,maximum,0.0
2026-09-30T11:30:00+00:00,backend,AWS/EC2,CPUCreditBalance,,maximum,0.0
2026-09-30T11:20:00+00:00,backend,AWS/EC2,CPUCreditUsage,,average,4.1822713
2026-09-30T11:25:00+00:00,backend,AWS/EC2,CPUCreditUsage,,average,1.6953711833333334
2026-09-30T11:30:00+00:00,backend,AWS/EC2,CPUCreditUsage,,average,8.518869183333333
2026-09-30T11:20:00+00:00,backend,AWS/EC2,CPUCreditUsage,,maximum,4.1822713
2026-09-30T11:25:00+00:00,backend,AWS/EC2,CPUCreditUsage,,maximum,1.6953711833333334
2026-09-30T11:30:00+00:00,backend,AWS/EC2,CPUCreditUsage,,maximum,8.518869183333333
2026-09-30T11:20:00+00:00,backend,AWS/EC2,CPUSurplusCreditBalance,,average,45.64268865
2026-09-30T11:25:00+00:00,backend,AWS/EC2,CPUSurplusCreditBalance,,average,46.33875316666666
2026-09-30T11:30:00+00:00,backend,AWS/EC2,CPUSurplusCreditBalance,,average,53.85775235
2026-09-30T11:20:00+00:00,backend,AWS/EC2,CPUSurplusCreditBalance,,maximum,45.64268865
2026-09-30T11:25:00+00:00,backend,AWS/EC2,CPUSurplusCreditBalance,,maximum,46.33875316666666
2026-09-30T11:30:00+00:00,backend,AWS/EC2,CPUSurplusCreditBalance,,maximum,53.85775235
2026-09-30T11:20:00+00:00,backend,AWS/EC2,CPUSurplusCreditsCharged,,average,0.0
2026-09-30T11:25:00+00:00,backend,AWS/EC2,CPUSurplusCreditsCharged,,average,0.0
2026-09-30T11:30:00+00:00,backend,AWS/EC2,CPUSurplusCreditsCharged,,average,0.0
2026-09-30T11:20:00+00:00,backend,AWS/EC2,CPUSurplusCreditsCharged,,maximum,0.0
2026-09-30T11:25:00+00:00,backend,AWS/EC2,CPUSurplusCreditsCharged,,maximum,0.0
2026-09-30T11:30:00+00:00,backend,AWS/EC2,CPUSurplusCreditsCharged,,maximum,0.0
2026-09-30T11:20:00+00:00,loadgen,MintLoadgen,mem_used_percent,,average,12.334937905747957
2026-09-30T11:21:00+00:00,loadgen,MintLoadgen,mem_used_percent,,average,2.3863055595283695
2026-09-30T11:22:00+00:00,loadgen,MintLoadgen,mem_used_percent,,average,2.43741317456301
2026-09-30T11:23:00+00:00,loadgen,MintLoadgen,mem_used_percent,,average,6.612085200694904
2026-09-30T11:24:00+00:00,loadgen,MintLoadgen,mem_used_percent,,average,9.046647950544632
2026-09-30T11:25:00+00:00,loadgen,MintLoadgen,mem_used_percent,,average,11.948480323568212
2026-09-30T11:26:00+00:00,loadgen,MintLoadgen,mem_used_percent,,average,12.065747796421666
2026-09-30T11:27:00+00:00,loadgen,MintLoadgen,mem_used_percent,,average,12.077649569785898
2026-09-30T11:28:00+00:00,loadgen,MintLoadgen,mem_used_percent,,average,12.015840360213671
2026-09-30T11:29:00+00:00,loadgen,MintLoadgen,mem_used_percent,,average,12.12455655892728
2026-09-30T11:30:00+00:00,loadgen,MintLoadgen,mem_used_percent,,average,12.120856007545123
2026-09-30T11:31:00+00:00,loadgen,MintLoadgen,mem_used_percent,,average,12.117355485967408
2026-09-30T11:32:00+00:00,loadgen,MintLoadgen,mem_used_percent,,average,2.280489792979154
2026-09-30T11:20:00+00:00,loadgen,MintLoadgen,mem_used_percent,,maximum,12.334937905747957
2026-09-30T11:21:00+00:00,loadgen,MintLoadgen,mem_used_percent,,maximum,2.3863055595283695
2026-09-30T11:22:00+00:00,loadgen,MintLoadgen,mem_used_percent,,maximum,2.43741317456301
2026-09-30T11:23:00+00:00,loadgen,MintLoadgen,mem_used_percent,,maximum,6.612085200694904
2026-09-30T11:24:00+00:00,loadgen,MintLoadgen,mem_used_percent,,maximum,9.046647950544632
2026-09-30T11:25:00+00:00,loadgen,MintLoadgen,mem_used_percent,,maximum,11.948480323568212
2026-09-30T11:26:00+00:00,loadgen,MintLoadgen,mem_used_percent,,maximum,12.065747796421666
2026-09-30T11:27:00+00:00,loadgen,MintLoadgen,mem_used_percent,,maximum,12.077649569785898
2026-09-30T11:28:00+00:00,loadgen,MintLoadgen,mem_used_percent,,maximum,12.015840360213671
2026-09-30T11:29:00+00:00,loadgen,MintLoadgen,mem_used_percent,,maximum,12.12455655892728
2026-09-30T11:30:00+00:00,loadgen,MintLoadgen,mem_used_percent,,maximum,12.120856007545123
2026-09-30T11:31:00+00:00,loadgen,MintLoadgen,mem_used_percent,,maximum,12.117355485967408
2026-09-30T11:32:00+00:00,loadgen,MintLoadgen,mem_used_percent,,maximum,2.280489792979154
2026-09-30T11:20:00+00:00,loadgen,MintLoadgen,cpu_usage_system,cpu=cpu-total,average,0.41631623212783125
2026-09-30T11:21:00+00:00,loadgen,MintLoadgen,cpu_usage_system,cpu=cpu-total,average,0.12109065096664108
2026-09-30T11:22:00+00:00,loadgen,MintLoadgen,cpu_usage_system,cpu=cpu-total,average,0.01668195846192612
2026-09-30T11:23:00+00:00,loadgen,MintLoadgen,cpu_usage_system,cpu=cpu-total,average,0.4179903026249767
2026-09-30T11:24:00+00:00,loadgen,MintLoadgen,cpu_usage_system,cpu=cpu-total,average,0.5170239596469149
2026-09-30T11:25:00+00:00,loadgen,MintLoadgen,cpu_usage_system,cpu=cpu-total,average,0.7378673525319219
2026-09-30T11:26:00+00:00,loadgen,MintLoadgen,cpu_usage_system,cpu=cpu-total,average,0.6538704914575033
2026-09-30T11:27:00+00:00,loadgen,MintLoadgen,cpu_usage_system,cpu=cpu-total,average,0.6320579807854382
2026-09-30T11:28:00+00:00,loadgen,MintLoadgen,cpu_usage_system,cpu=cpu-total,average,0.5913910362015743
2026-09-30T11:29:00+00:00,loadgen,MintLoadgen,cpu_usage_system,cpu=cpu-total,average,0.7032231059020496
2026-09-30T11:30:00+00:00,loadgen,MintLoadgen,cpu_usage_system,cpu=cpu-total,average,0.6464069845533937
2026-09-30T11:31:00+00:00,loadgen,MintLoadgen,cpu_usage_system,cpu=cpu-total,average,0.4249410972736409
2026-09-30T11:32:00+00:00,loadgen,MintLoadgen,cpu_usage_system,cpu=cpu-total,average,0.13786188745457614
2026-09-30T11:20:00+00:00,loadgen,MintLoadgen,cpu_usage_system,cpu=cpu-total,maximum,0.41631623212783125
2026-09-30T11:21:00+00:00,loadgen,MintLoadgen,cpu_usage_system,cpu=cpu-total,maximum,0.12109065096664108
2026-09-30T11:22:00+00:00,loadgen,MintLoadgen,cpu_usage_system,cpu=cpu-total,maximum,0.01668195846192612
2026-09-30T11:23:00+00:00,loadgen,MintLoadgen,cpu_usage_system,cpu=cpu-total,maximum,0.4179903026249767
2026-09-30T11:24:00+00:00,loadgen,MintLoadgen,cpu_usage_system,cpu=cpu-total,maximum,0.5170239596469149
2026-09-30T11:25:00+00:00,loadgen,MintLoadgen,cpu_usage_system,cpu=cpu-total,maximum,0.7378673525319219
2026-09-30T11:26:00+00:00,loadgen,MintLoadgen,cpu_usage_system,cpu=cpu-total,maximum,0.6538704914575033
2026-09-30T11:27:00+00:00,loadgen,MintLoadgen,cpu_usage_system,cpu=cpu-total,maximum,0.6320579807854382
2026-09-30T11:28:00+00:00,loadgen,MintLoadgen,cpu_usage_system,cpu=cpu-total,maximum,0.5913910362015743
2026-09-30T11:29:00+00:00,loadgen,MintLoadgen,cpu_usage_system,cpu=cpu-total,maximum,0.7032231059020496
2026-09-30T11:30:00+00:00,loadgen,MintLoadgen,cpu_usage_system,cpu=cpu-total,maximum,0.6464069845533937
2026-09-30T11:31:00+00:00,loadgen,MintLoadgen,cpu_usage_system,cpu=cpu-total,maximum,0.4249410972736409
2026-09-30T11:32:00+00:00,loadgen,MintLoadgen,cpu_usage_system,cpu=cpu-total,maximum,0.13786188745457614
2026-09-30T11:20:00+00:00,loadgen,MintLoadgen,cpu_usage_user,cpu=cpu-total,average,1.471825063078199
2026-09-30T11:21:00+00:00,loadgen,MintLoadgen,cpu_usage_user,cpu=cpu-total,average,0.18372374629420915
2026-09-30T11:22:00+00:00,loadgen,MintLoadgen,cpu_usage_user,cpu=cpu-total,average,0.03336391692384039
2026-09-30T11:23:00+00:00,loadgen,MintLoadgen,cpu_usage_user,cpu=cpu-total,average,1.0240762414312028
2026-09-30T11:24:00+00:00,loadgen,MintLoadgen,cpu_usage_user,cpu=cpu-total,average,2.0344682639764615
2026-09-30T11:25:00+00:00,loadgen,MintLoadgen,cpu_usage_user,cpu=cpu-total,average,2.9177383311547826
2026-09-30T11:26:00+00:00,loadgen,MintLoadgen,cpu_usage_user,cpu=cpu-total,average,2.5522041763341585
2026-09-30T11:27:00+00:00,loadgen,MintLoadgen,cpu_usage_user,cpu=cpu-total,average,2.2164166526209326
2026-09-30T11:28:00+00:00,loadgen,MintLoadgen,cpu_usage_user,cpu=cpu-total,average,2.3571157014319724
2026-09-30T11:29:00+00:00,loadgen,MintLoadgen,cpu_usage_user,cpu=cpu-total,average,2.6622017580577544
2026-09-30T11:30:00+00:00,loadgen,MintLoadgen,cpu_usage_user,cpu=cpu-total,average,2.812290127602461
2026-09-30T11:31:00+00:00,loadgen,MintLoadgen,cpu_usage_user,cpu=cpu-total,average,1.523056210030293
2026-09-30T11:32:00+00:00,loadgen,MintLoadgen,cpu_usage_user,cpu=cpu-total,average,0.46789489075490925
2026-09-30T11:20:00+00:00,loadgen,MintLoadgen,cpu_usage_user,cpu=cpu-total,maximum,1.471825063078199
2026-09-30T11:21:00+00:00,loadgen,MintLoadgen,cpu_usage_user,cpu=cpu-total,maximum,0.18372374629420915
2026-09-30T11:22:00+00:00,loadgen,MintLoadgen,cpu_usage_user,cpu=cpu-total,maximum,0.03336391692384039
2026-09-30T11:23:00+00:00,loadgen,MintLoadgen,cpu_usage_user,cpu=cpu-total,maximum,1.0240762414312028
2026-09-30T11:24:00+00:00,loadgen,MintLoadgen,cpu_usage_user,cpu=cpu-total,maximum,2.0344682639764615
2026-09-30T11:25:00+00:00,loadgen,MintLoadgen,cpu_usage_user,cpu=cpu-total,maximum,2.9177383311547826
2026-09-30T11:26:00+00:00,loadgen,MintLoadgen,cpu_usage_user,cpu=cpu-total,maximum,2.5522041763341585
2026-09-30T11:27:00+00:00,loadgen,MintLoadgen,cpu_usage_user,cpu=cpu-total,maximum,2.2164166526209326
2026-09-30T11:28:00+00:00,loadgen,MintLoadgen,cpu_usage_user,cpu=cpu-total,maximum,2.3571157014319724
2026-09-30T11:29:00+00:00,loadgen,MintLoadgen,cpu_usage_user,cpu=cpu-total,maximum,2.6622017580577544
2026-09-30T11:30:00+00:00,loadgen,MintLoadgen,cpu_usage_user,cpu=cpu-total,maximum,2.812290127602461
2026-09-30T11:31:00+00:00,loadgen,MintLoadgen,cpu_usage_user,cpu=cpu-total,maximum,1.523056210030293
2026-09-30T11:32:00+00:00,loadgen,MintLoadgen,cpu_usage_user,cpu=cpu-total,maximum,0.46789489075490925
2026-09-30T11:20:00+00:00,loadgen,MintLoadgen,net_bytes_recv,interface=ens5,average,18843573.0
2026-09-30T11:21:00+00:00,loadgen,MintLoadgen,net_bytes_recv,interface=ens5,average,1572193.0
2026-09-30T11:22:00+00:00,loadgen,MintLoadgen,net_bytes_recv,interface=ens5,average,9878.0
2026-09-30T11:23:00+00:00,loadgen,MintLoadgen,net_bytes_recv,interface=ens5,average,3292386.0
2026-09-30T11:24:00+00:00,loadgen,MintLoadgen,net_bytes_recv,interface=ens5,average,22019049.0
2026-09-30T11:25:00+00:00,loadgen,MintLoadgen,net_bytes_recv,interface=ens5,average,40393295.0
2026-09-30T11:26:00+00:00,loadgen,MintLoadgen,net_bytes_recv,interface=ens5,average,35860157.0
2026-09-30T11:27:00+00:00,loadgen,MintLoadgen,net_bytes_recv,interface=ens5,average,31842719.0
2026-09-30T11:28:00+00:00,loadgen,MintLoadgen,net_bytes_recv,interface=ens5,average,32568487.0
2026-09-30T11:29:00+00:00,loadgen,MintLoadgen,net_bytes_recv,interface=ens5,average,32439144.0
2026-09-30T11:30:00+00:00,loadgen,MintLoadgen,net_bytes_recv,interface=ens5,average,32483656.0
2026-09-30T11:31:00+00:00,loadgen,MintLoadgen,net_bytes_recv,interface=ens5,average,21747175.0
2026-09-30T11:32:00+00:00,loadgen,MintLoadgen,net_bytes_recv,interface=ens5,average,2953987.0
2026-09-30T11:20:00+00:00,loadgen,MintLoadgen,net_bytes_recv,interface=ens5,maximum,18843573.0
2026-09-30T11:21:00+00:00,loadgen,MintLoadgen,net_bytes_recv,interface=ens5,maximum,1572193.0
2026-09-30T11:22:00+00:00,loadgen,MintLoadgen,net_bytes_recv,interface=ens5,maximum,9878.0
2026-09-30T11:23:00+00:00,loadgen,MintLoadgen,net_bytes_recv,interface=ens5,maximum,3292386.0
2026-09-30T11:24:00+00:00,loadgen,MintLoadgen,net_bytes_recv,interface=ens5,maximum,22019049.0
2026-09-30T11:25:00+00:00,loadgen,MintLoadgen,net_bytes_recv,interface=ens5,maximum,40393295.0
2026-09-30T11:26:00+00:00,loadgen,MintLoadgen,net_bytes_recv,interface=ens5,maximum,35860157.0
2026-09-30T11:27:00+00:00,loadgen,MintLoadgen,net_bytes_recv,interface=ens5,maximum,31842719.0
2026-09-30T11:28:00+00:00,loadgen,MintLoadgen,net_bytes_recv,interface=ens5,maximum,32568487.0
2026-09-30T11:29:00+00:00,loadgen,MintLoadgen,net_bytes_recv,interface=ens5,maximum,32439144.0
2026-09-30T11:30:00+00:00,loadgen,MintLoadgen,net_bytes_recv,interface=ens5,maximum,32483656.0
2026-09-30T11:31:00+00:00,loadgen,MintLoadgen,net_bytes_recv,interface=ens5,maximum,21747175.0
2026-09-30T11:32:00+00:00,loadgen,MintLoadgen,net_bytes_recv,interface=ens5,maximum,2953987.0
2026-09-30T11:20:00+00:00,loadgen,MintLoadgen,net_bytes_sent,interface=ens5,average,2544381.0
2026-09-30T11:21:00+00:00,loadgen,MintLoadgen,net_bytes_sent,interface=ens5,average,401004.0
2026-09-30T11:22:00+00:00,loadgen,MintLoadgen,net_bytes_sent,interface=ens5,average,35426.0
2026-09-30T11:23:00+00:00,loadgen,MintLoadgen,net_bytes_sent,interface=ens5,average,521030.0
2026-09-30T11:24:00+00:00,loadgen,MintLoadgen,net_bytes_sent,interface=ens5,average,2914376.0
2026-09-30T11:25:00+00:00,loadgen,MintLoadgen,net_bytes_sent,interface=ens5,average,5163133.0
2026-09-30T11:26:00+00:00,loadgen,MintLoadgen,net_bytes_sent,interface=ens5,average,4578364.0
2026-09-30T11:27:00+00:00,loadgen,MintLoadgen,net_bytes_sent,interface=ens5,average,3950181.0
2026-09-30T11:28:00+00:00,loadgen,MintLoadgen,net_bytes_sent,interface=ens5,average,4043200.0
2026-09-30T11:29:00+00:00,loadgen,MintLoadgen,net_bytes_sent,interface=ens5,average,4046801.0
2026-09-30T11:30:00+00:00,loadgen,MintLoadgen,net_bytes_sent,interface=ens5,average,3962962.0
2026-09-30T11:31:00+00:00,loadgen,MintLoadgen,net_bytes_sent,interface=ens5,average,2865220.0
2026-09-30T11:32:00+00:00,loadgen,MintLoadgen,net_bytes_sent,interface=ens5,average,582170.0
2026-09-30T11:20:00+00:00,loadgen,MintLoadgen,net_bytes_sent,interface=ens5,maximum,2544381.0
2026-09-30T11:21:00+00:00,loadgen,MintLoadgen,net_bytes_sent,interface=ens5,maximum,401004.0
2026-09-30T11:22:00+00:00,loadgen,MintLoadgen,net_bytes_sent,interface=ens5,maximum,35426.0
2026-09-30T11:23:00+00:00,loadgen,MintLoadgen,net_bytes_sent,interface=ens5,maximum,521030.0
2026-09-30T11:24:00+00:00,loadgen,MintLoadgen,net_bytes_sent,interface=ens5,maximum,2914376.0
2026-09-30T11:25:00+00:00,loadgen,MintLoadgen,net_bytes_sent,interface=ens5,maximum,5163133.0
2026-09-30T11:26:00+00:00,loadgen,MintLoadgen,net_bytes_sent,interface=ens5,maximum,4578364.0
2026-09-30T11:27:00+00:00,loadgen,MintLoadgen,net_bytes_sent,interface=ens5,maximum,3950181.0
2026-09-30T11:28:00+00:00,loadgen,MintLoadgen,net_bytes_sent,interface=ens5,maximum,4043200.0
2026-09-30T11:29:00+00:00,loadgen,MintLoadgen,net_bytes_sent,interface=ens5,maximum,4046801.0
2026-09-30T11:30:00+00:00,loadgen,MintLoadgen,net_bytes_sent,interface=ens5,maximum,3962962.0
2026-09-30T11:31:00+00:00,loadgen,MintLoadgen,net_bytes_sent,interface=ens5,maximum,2865220.0
2026-09-30T11:32:00+00:00,loadgen,MintLoadgen,net_bytes_sent,interface=ens5,maximum,582170.0
2026-09-30T11:20:00+00:00,loadgen,MintLoadgen,cpu_usage_idle,cpu=cpu-total,average,97.97308662741814
2026-09-30T11:21:00+00:00,loadgen,MintLoadgen,cpu_usage_idle,cpu=cpu-total,average,99.67013236460775
2026-09-30T11:22:00+00:00,loadgen,MintLoadgen,cpu_usage_idle,cpu=cpu-total,average,99.94578363499984
2026-09-30T11:23:00+00:00,loadgen,MintLoadgen,cpu_usage_idle,cpu=cpu-total,average,98.3614780137108
2026-09-30T11:24:00+00:00,loadgen,MintLoadgen,cpu_usage_idle,cpu=cpu-total,average,97.24253888188261
2026-09-30T11:25:00+00:00,loadgen,MintLoadgen,cpu_usage_idle,cpu=cpu-total,average,95.96070329299441
2026-09-30T11:26:00+00:00,loadgen,MintLoadgen,cpu_usage_idle,cpu=cpu-total,average,96.45644378823118
2026-09-30T11:27:00+00:00,loadgen,MintLoadgen,cpu_usage_idle,cpu=cpu-total,average,96.84392381594557
2026-09-30T11:28:00+00:00,loadgen,MintLoadgen,cpu_usage_idle,cpu=cpu-total,average,96.75157352257753
2026-09-30T11:29:00+00:00,loadgen,MintLoadgen,cpu_usage_idle,cpu=cpu-total,average,96.1239012138962
2026-09-30T11:30:00+00:00,loadgen,MintLoadgen,cpu_usage_idle,cpu=cpu-total,average,96.26007387508551
2026-09-30T11:31:00+00:00,loadgen,MintLoadgen,cpu_usage_idle,cpu=cpu-total,average,97.85846516324311
2026-09-30T11:32:00+00:00,loadgen,MintLoadgen,cpu_usage_idle,cpu=cpu-total,average,99.33993399340164
2026-09-30T11:20:00+00:00,loadgen,MintLoadgen,cpu_usage_idle,cpu=cpu-total,maximum,97.97308662741814
2026-09-30T11:21:00+00:00,loadgen,MintLoadgen,cpu_usage_idle,cpu=cpu-total,maximum,99.67013236460775
2026-09-30T11:22:00+00:00,loadgen,MintLoadgen,cpu_usage_idle,cpu=cpu-total,maximum,99.94578363499984
2026-09-30T11:23:00+00:00,loadgen,MintLoadgen,cpu_usage_idle,cpu=cpu-total,maximum,98.3614780137108
2026-09-30T11:24:00+00:00,loadgen,MintLoadgen,cpu_usage_idle,cpu=cpu-total,maximum,97.24253888188261
2026-09-30T11:25:00+00:00,loadgen,MintLoadgen,cpu_usage_idle,cpu=cpu-total,maximum,95.96070329299441
2026-09-30T11:26:00+00:00,loadgen,MintLoadgen,cpu_usage_idle,cpu=cpu-total,maximum,96.45644378823118
2026-09-30T11:27:00+00:00,loadgen,MintLoadgen,cpu_usage_idle,cpu=cpu-total,maximum,96.84392381594557
2026-09-30T11:28:00+00:00,loadgen,MintLoadgen,cpu_usage_idle,cpu=cpu-total,maximum,96.75157352257753
2026-09-30T11:29:00+00:00,loadgen,MintLoadgen,cpu_usage_idle,cpu=cpu-total,maximum,96.1239012138962
2026-09-30T11:30:00+00:00,loadgen,MintLoadgen,cpu_usage_idle,cpu=cpu-total,maximum,96.26007387508551
2026-09-30T11:31:00+00:00,loadgen,MintLoadgen,cpu_usage_idle,cpu=cpu-total,maximum,97.85846516324311
2026-09-30T11:32:00+00:00,loadgen,MintLoadgen,cpu_usage_idle,cpu=cpu-total,maximum,99.33993399340164
2026-09-30T11:20:00+00:00,loadgen,AWS/EC2,CPUUtilization,,average,2.272333333333333
2026-09-30T11:25:00+00:00,loadgen,AWS/EC2,CPUUtilization,,average,5.690333333333333
2026-09-30T11:30:00+00:00,loadgen,AWS/EC2,CPUUtilization,,average,2.738666666666666
2026-09-30T11:20:00+00:00,loadgen,AWS/EC2,CPUUtilization,,maximum,4.35
2026-09-30T11:25:00+00:00,loadgen,AWS/EC2,CPUUtilization,,maximum,6.078333333333333
2026-09-30T11:30:00+00:00,loadgen,AWS/EC2,CPUUtilization,,maximum,5.2749999999999995
2026-09-30T11:20:00+00:00,loadgen,AWS/EC2,NetworkOut,,average,1310854.8
2026-09-30T11:25:00+00:00,loadgen,AWS/EC2,NetworkOut,,average,4343116.2
2026-09-30T11:30:00+00:00,loadgen,AWS/EC2,NetworkOut,,average,1795971.8
2026-09-30T11:20:00+00:00,loadgen,AWS/EC2,NetworkOut,,maximum,3433089.0
2026-09-30T11:25:00+00:00,loadgen,AWS/EC2,NetworkOut,,maximum,5150446.0
2026-09-30T11:30:00+00:00,loadgen,AWS/EC2,NetworkOut,,maximum,3985828.0
2026-09-30T11:20:00+00:00,loadgen,AWS/EC2,NetworkIn,,average,9695591.2
2026-09-30T11:25:00+00:00,loadgen,AWS/EC2,NetworkIn,,average,35084720.2
2026-09-30T11:30:00+00:00,loadgen,AWS/EC2,NetworkIn,,average,14207869.8
2026-09-30T11:20:00+00:00,loadgen,AWS/EC2,NetworkIn,,maximum,27478471.0
2026-09-30T11:25:00+00:00,loadgen,AWS/EC2,NetworkIn,,maximum,41002405.0
2026-09-30T11:30:00+00:00,loadgen,AWS/EC2,NetworkIn,,maximum,33058328.0
2026-09-30T11:20:00+00:00,db,AWS/RDS,WriteThroughput,,average,36589.71367621079
2026-09-30T11:21:00+00:00,db,AWS/RDS,WriteThroughput,,average,3346.516823957048
2026-09-30T11:22:00+00:00,db,AWS/RDS,WriteThroughput,,average,1706.723557451915
2026-09-30T11:23:00+00:00,db,AWS/RDS,WriteThroughput,,average,1246035.8970085827
2026-09-30T11:24:00+00:00,db,AWS/RDS,WriteThroughput,,average,99436.35969808554
2026-09-30T11:25:00+00:00,db,AWS/RDS,WriteThroughput,,average,142526.54734526548
2026-09-30T11:26:00+00:00,db,AWS/RDS,WriteThroughput,,average,114252.02574277236
2026-09-30T11:27:00+00:00,db,AWS/RDS,WriteThroughput,,average,101981.90150820765
2026-09-30T11:28:00+00:00,db,AWS/RDS,WriteThroughput,,average,1230775.7817697937
2026-09-30T11:29:00+00:00,db,AWS/RDS,WriteThroughput,,average,96605.70856284427
2026-09-30T11:30:00+00:00,db,AWS/RDS,WriteThroughput,,average,92606.99766744419
2026-09-30T11:31:00+00:00,db,AWS/RDS,WriteThroughput,,average,48451.94120493184
2026-09-30T11:32:00+00:00,db,AWS/RDS,WriteThroughput,,average,1433.2655713666811
2026-09-30T11:20:00+00:00,db,AWS/RDS,WriteThroughput,,maximum,36589.71367621079
2026-09-30T11:21:00+00:00,db,AWS/RDS,WriteThroughput,,maximum,3346.516823957048
2026-09-30T11:22:00+00:00,db,AWS/RDS,WriteThroughput,,maximum,1706.723557451915
2026-09-30T11:23:00+00:00,db,AWS/RDS,WriteThroughput,,maximum,1246035.8970085827
2026-09-30T11:24:00+00:00,db,AWS/RDS,WriteThroughput,,maximum,99436.35969808554
2026-09-30T11:25:00+00:00,db,AWS/RDS,WriteThroughput,,maximum,142526.54734526548
2026-09-30T11:26:00+00:00,db,AWS/RDS,WriteThroughput,,maximum,114252.02574277236
2026-09-30T11:27:00+00:00,db,AWS/RDS,WriteThroughput,,maximum,101981.90150820765
2026-09-30T11:28:00+00:00,db,AWS/RDS,WriteThroughput,,maximum,1230775.7817697937
2026-09-30T11:29:00+00:00,db,AWS/RDS,WriteThroughput,,maximum,96605.70856284427
2026-09-30T11:30:00+00:00,db,AWS/RDS,WriteThroughput,,maximum,92606.99766744419
2026-09-30T11:31:00+00:00,db,AWS/RDS,WriteThroughput,,maximum,48451.94120493184
2026-09-30T11:32:00+00:00,db,AWS/RDS,WriteThroughput,,maximum,1433.2655713666811
2026-09-30T11:20:00+00:00,db,AWS/RDS,BurstBalance,,average,100.0
2026-09-30T11:21:00+00:00,db,AWS/RDS,BurstBalance,,average,99.0
2026-09-30T11:22:00+00:00,db,AWS/RDS,BurstBalance,,average,100.0
2026-09-30T11:23:00+00:00,db,AWS/RDS,BurstBalance,,average,99.0
2026-09-30T11:24:00+00:00,db,AWS/RDS,BurstBalance,,average,99.0
2026-09-30T11:25:00+00:00,db,AWS/RDS,BurstBalance,,average,99.0
2026-09-30T11:26:00+00:00,db,AWS/RDS,BurstBalance,,average,99.0
2026-09-30T11:27:00+00:00,db,AWS/RDS,BurstBalance,,average,99.0
2026-09-30T11:28:00+00:00,db,AWS/RDS,BurstBalance,,average,99.0
2026-09-30T11:29:00+00:00,db,AWS/RDS,BurstBalance,,average,99.0
2026-09-30T11:30:00+00:00,db,AWS/RDS,BurstBalance,,average,99.0
2026-09-30T11:31:00+00:00,db,AWS/RDS,BurstBalance,,average,99.0
2026-09-30T11:32:00+00:00,db,AWS/RDS,BurstBalance,,average,99.0
2026-09-30T11:20:00+00:00,db,AWS/RDS,BurstBalance,,maximum,100.0
2026-09-30T11:21:00+00:00,db,AWS/RDS,BurstBalance,,maximum,99.0
2026-09-30T11:22:00+00:00,db,AWS/RDS,BurstBalance,,maximum,100.0
2026-09-30T11:23:00+00:00,db,AWS/RDS,BurstBalance,,maximum,99.0
2026-09-30T11:24:00+00:00,db,AWS/RDS,BurstBalance,,maximum,99.0
2026-09-30T11:25:00+00:00,db,AWS/RDS,BurstBalance,,maximum,99.0
2026-09-30T11:26:00+00:00,db,AWS/RDS,BurstBalance,,maximum,99.0
2026-09-30T11:27:00+00:00,db,AWS/RDS,BurstBalance,,maximum,99.0
2026-09-30T11:28:00+00:00,db,AWS/RDS,BurstBalance,,maximum,99.0
2026-09-30T11:29:00+00:00,db,AWS/RDS,BurstBalance,,maximum,99.0
2026-09-30T11:30:00+00:00,db,AWS/RDS,BurstBalance,,maximum,99.0
2026-09-30T11:31:00+00:00,db,AWS/RDS,BurstBalance,,maximum,99.0
2026-09-30T11:32:00+00:00,db,AWS/RDS,BurstBalance,,maximum,99.0
2026-09-30T11:20:00+00:00,db,AWS/RDS,CPUUtilization,,average,6.8781747023066035
2026-09-30T11:21:00+00:00,db,AWS/RDS,CPUUtilization,,average,4.0447001918105245
2026-09-30T11:22:00+00:00,db,AWS/RDS,CPUUtilization,,average,3.4166666666666665
2026-09-30T11:23:00+00:00,db,AWS/RDS,CPUUtilization,,average,4.5138831054183255
2026-09-30T11:24:00+00:00,db,AWS/RDS,CPUUtilization,,average,6.337241298800927
2026-09-30T11:25:00+00:00,db,AWS/RDS,CPUUtilization,,average,8.541666666666668
2026-09-30T11:26:00+00:00,db,AWS/RDS,CPUUtilization,,average,7.802481472229162
2026-09-30T11:27:00+00:00,db,AWS/RDS,CPUUtilization,,average,7.697439746476524
2026-09-30T11:28:00+00:00,db,AWS/RDS,CPUUtilization,,average,8.283333333333333
2026-09-30T11:29:00+00:00,db,AWS/RDS,CPUUtilization,,average,8.027312848696809
2026-09-30T11:30:00+00:00,db,AWS/RDS,CPUUtilization,,average,7.680760570427821
2026-09-30T11:31:00+00:00,db,AWS/RDS,CPUUtilization,,average,7.2333333333333325
2026-09-30T11:32:00+00:00,db,AWS/RDS,CPUUtilization,,average,4.246744162808514
2026-09-30T11:20:00+00:00,db,AWS/RDS,CPUUtilization,,maximum,6.8781747023066035
2026-09-30T11:21:00+00:00,db,AWS/RDS,CPUUtilization,,maximum,4.0447001918105245
2026-09-30T11:22:00+00:00,db,AWS/RDS,CPUUtilization,,maximum,3.4166666666666665
2026-09-30T11:23:00+00:00,db,AWS/RDS,CPUUtilization,,maximum,4.5138831054183255
2026-09-30T11:24:00+00:00,db,AWS/RDS,CPUUtilization,,maximum,6.337241298800927
2026-09-30T11:25:00+00:00,db,AWS/RDS,CPUUtilization,,maximum,8.541666666666668
2026-09-30T11:26:00+00:00,db,AWS/RDS,CPUUtilization,,maximum,7.802481472229162
2026-09-30T11:27:00+00:00,db,AWS/RDS,CPUUtilization,,maximum,7.697439746476524
2026-09-30T11:28:00+00:00,db,AWS/RDS,CPUUtilization,,maximum,8.283333333333333
2026-09-30T11:29:00+00:00,db,AWS/RDS,CPUUtilization,,maximum,8.027312848696809
2026-09-30T11:30:00+00:00,db,AWS/RDS,CPUUtilization,,maximum,7.680760570427821
2026-09-30T11:31:00+00:00,db,AWS/RDS,CPUUtilization,,maximum,7.2333333333333325
2026-09-30T11:32:00+00:00,db,AWS/RDS,CPUUtilization,,maximum,4.246744162808514
2026-09-30T11:20:00+00:00,db,AWS/RDS,SwapUsage,,average,507904.0
2026-09-30T11:21:00+00:00,db,AWS/RDS,SwapUsage,,average,507904.0
2026-09-30T11:22:00+00:00,db,AWS/RDS,SwapUsage,,average,507904.0
2026-09-30T11:23:00+00:00,db,AWS/RDS,SwapUsage,,average,520192.0
2026-09-30T11:24:00+00:00,db,AWS/RDS,SwapUsage,,average,520192.0
2026-09-30T11:25:00+00:00,db,AWS/RDS,SwapUsage,,average,520192.0
2026-09-30T11:26:00+00:00,db,AWS/RDS,SwapUsage,,average,520192.0
2026-09-30T11:27:00+00:00,db,AWS/RDS,SwapUsage,,average,520192.0
2026-09-30T11:28:00+00:00,db,AWS/RDS,SwapUsage,,average,520192.0
2026-09-30T11:29:00+00:00,db,AWS/RDS,SwapUsage,,average,520192.0
2026-09-30T11:30:00+00:00,db,AWS/RDS,SwapUsage,,average,520192.0
2026-09-30T11:31:00+00:00,db,AWS/RDS,SwapUsage,,average,520192.0
2026-09-30T11:32:00+00:00,db,AWS/RDS,SwapUsage,,average,520192.0
2026-09-30T11:20:00+00:00,db,AWS/RDS,SwapUsage,,maximum,507904.0
2026-09-30T11:21:00+00:00,db,AWS/RDS,SwapUsage,,maximum,507904.0
2026-09-30T11:22:00+00:00,db,AWS/RDS,SwapUsage,,maximum,507904.0
2026-09-30T11:23:00+00:00,db,AWS/RDS,SwapUsage,,maximum,520192.0
2026-09-30T11:24:00+00:00,db,AWS/RDS,SwapUsage,,maximum,520192.0
2026-09-30T11:25:00+00:00,db,AWS/RDS,SwapUsage,,maximum,520192.0
2026-09-30T11:26:00+00:00,db,AWS/RDS,SwapUsage,,maximum,520192.0
2026-09-30T11:27:00+00:00,db,AWS/RDS,SwapUsage,,maximum,520192.0
2026-09-30T11:28:00+00:00,db,AWS/RDS,SwapUsage,,maximum,520192.0
2026-09-30T11:29:00+00:00,db,AWS/RDS,SwapUsage,,maximum,520192.0
2026-09-30T11:30:00+00:00,db,AWS/RDS,SwapUsage,,maximum,520192.0
2026-09-30T11:31:00+00:00,db,AWS/RDS,SwapUsage,,maximum,520192.0
2026-09-30T11:32:00+00:00,db,AWS/RDS,SwapUsage,,maximum,520192.0
2026-09-30T11:20:00+00:00,db,AWS/RDS,DiskQueueDepth,,average,0.004999833338888704
2026-09-30T11:21:00+00:00,db,AWS/RDS,DiskQueueDepth,,average,0.00041684035014589413
2026-09-30T11:22:00+00:00,db,AWS/RDS,DiskQueueDepth,,average,0.00021667388912963766
2026-09-30T11:23:00+00:00,db,AWS/RDS,DiskQueueDepth,,average,0.02994800346643557
2026-09-30T11:24:00+00:00,db,AWS/RDS,DiskQueueDepth,,average,0.006164919939350517
2026-09-30T11:25:00+00:00,db,AWS/RDS,DiskQueueDepth,,average,0.016548345165483452
2026-09-30T11:26:00+00:00,db,AWS/RDS,DiskQueueDepth,,average,0.012804481568548992
2026-09-30T11:27:00+00:00,db,AWS/RDS,DiskQueueDepth,,average,0.011499041746521122
2026-09-30T11:28:00+00:00,db,AWS/RDS,DiskQueueDepth,,average,0.03423210632246045
2026-09-30T11:29:00+00:00,db,AWS/RDS,DiskQueueDepth,,average,0.007694875646803539
2026-09-30T11:30:00+00:00,db,AWS/RDS,DiskQueueDepth,,average,0.011146098865397112
2026-09-30T11:31:00+00:00,db,AWS/RDS,DiskQueueDepth,,average,0.005555833625306572
2026-09-30T11:32:00+00:00,db,AWS/RDS,DiskQueueDepth,,average,0.00023328278872910868
2026-09-30T11:20:00+00:00,db,AWS/RDS,DiskQueueDepth,,maximum,0.004999833338888704
2026-09-30T11:21:00+00:00,db,AWS/RDS,DiskQueueDepth,,maximum,0.00041684035014589413
2026-09-30T11:22:00+00:00,db,AWS/RDS,DiskQueueDepth,,maximum,0.00021667388912963766
2026-09-30T11:23:00+00:00,db,AWS/RDS,DiskQueueDepth,,maximum,0.02994800346643557
2026-09-30T11:24:00+00:00,db,AWS/RDS,DiskQueueDepth,,maximum,0.006164919939350517
2026-09-30T11:25:00+00:00,db,AWS/RDS,DiskQueueDepth,,maximum,0.016548345165483452
2026-09-30T11:26:00+00:00,db,AWS/RDS,DiskQueueDepth,,maximum,0.012804481568548992
2026-09-30T11:27:00+00:00,db,AWS/RDS,DiskQueueDepth,,maximum,0.011499041746521122
2026-09-30T11:28:00+00:00,db,AWS/RDS,DiskQueueDepth,,maximum,0.03423210632246045
2026-09-30T11:29:00+00:00,db,AWS/RDS,DiskQueueDepth,,maximum,0.007694875646803539
2026-09-30T11:30:00+00:00,db,AWS/RDS,DiskQueueDepth,,maximum,0.011146098865397112
2026-09-30T11:31:00+00:00,db,AWS/RDS,DiskQueueDepth,,maximum,0.005555833625306572
2026-09-30T11:32:00+00:00,db,AWS/RDS,DiskQueueDepth,,maximum,0.00023328278872910868
2026-09-30T11:20:00+00:00,db,AWS/RDS,ReadThroughput,,average,682.6439118696044
2026-09-30T11:21:00+00:00,db,AWS/RDS,ReadThroughput,,average,0.0
2026-09-30T11:22:00+00:00,db,AWS/RDS,ReadThroughput,,average,0.0
2026-09-30T11:23:00+00:00,db,AWS/RDS,ReadThroughput,,average,136.5219565036247
2026-09-30T11:24:00+00:00,db,AWS/RDS,ReadThroughput,,average,0.0
2026-09-30T11:25:00+00:00,db,AWS/RDS,ReadThroughput,,average,682.5984068259841
2026-09-30T11:26:00+00:00,db,AWS/RDS,ReadThroughput,,average,0.0
2026-09-30T11:27:00+00:00,db,AWS/RDS,ReadThroughput,,average,0.0
2026-09-30T11:28:00+00:00,db,AWS/RDS,ReadThroughput,,average,1566.9993346640053
2026-09-30T11:29:00+00:00,db,AWS/RDS,ReadThroughput,,average,0.0
2026-09-30T11:30:00+00:00,db,AWS/RDS,ReadThroughput,,average,682.4391869376874
2026-09-30T11:31:00+00:00,db,AWS/RDS,ReadThroughput,,average,0.0
2026-09-30T11:32:00+00:00,db,AWS/RDS,ReadThroughput,,average,0.0
2026-09-30T11:20:00+00:00,db,AWS/RDS,ReadThroughput,,maximum,682.6439118696044
2026-09-30T11:21:00+00:00,db,AWS/RDS,ReadThroughput,,maximum,0.0
2026-09-30T11:22:00+00:00,db,AWS/RDS,ReadThroughput,,maximum,0.0
2026-09-30T11:23:00+00:00,db,AWS/RDS,ReadThroughput,,maximum,136.5219565036247
2026-09-30T11:24:00+00:00,db,AWS/RDS,ReadThroughput,,maximum,0.0
2026-09-30T11:25:00+00:00,db,AWS/RDS,ReadThroughput,,maximum,682.5984068259841
2026-09-30T11:26:00+00:00,db,AWS/RDS,ReadThroughput,,maximum,0.0
2026-09-30T11:27:00+00:00,db,AWS/RDS,ReadThroughput,,maximum,0.0
2026-09-30T11:28:00+00:00,db,AWS/RDS,ReadThroughput,,maximum,1566.9993346640053
2026-09-30T11:29:00+00:00,db,AWS/RDS,ReadThroughput,,maximum,0.0
2026-09-30T11:30:00+00:00,db,AWS/RDS,ReadThroughput,,maximum,682.4391869376874
2026-09-30T11:31:00+00:00,db,AWS/RDS,ReadThroughput,,maximum,0.0
2026-09-30T11:32:00+00:00,db,AWS/RDS,ReadThroughput,,maximum,0.0
2026-09-30T11:20:00+00:00,db,AWS/RDS,WriteLatency,,average,0.0005830508474576271
2026-09-30T11:21:00+00:00,db,AWS/RDS,WriteLatency,,average,0.00024489795918367346
2026-09-30T11:22:00+00:00,db,AWS/RDS,WriteLatency,,average,0.0016
2026-09-30T11:23:00+00:00,db,AWS/RDS,WriteLatency,,average,0.002217654171704958
2026-09-30T11:24:00+00:00,db,AWS/RDS,WriteLatency,,average,0.0005246753246753247
2026-09-30T11:25:00+00:00,db,AWS/RDS,WriteLatency,,average,0.000910091743119266
2026-09-30T11:26:00+00:00,db,AWS/RDS,WriteLatency,,average,0.0010259887005649717
2026-09-30T11:27:00+00:00,db,AWS/RDS,WriteLatency,,average,0.0007352185089974292
2026-09-30T11:28:00+00:00,db,AWS/RDS,WriteLatency,,average,0.0015340206185567012
2026-09-30T11:29:00+00:00,db,AWS/RDS,WriteLatency,,average,0.0007148703956343793
2026-09-30T11:30:00+00:00,db,AWS/RDS,WriteLatency,,average,0.001006993006993007
2026-09-30T11:31:00+00:00,db,AWS/RDS,WriteLatency,,average,0.0008753180661577607
2026-09-30T11:32:00+00:00,db,AWS/RDS,WriteLatency,,average,0.00044444444444444447
2026-09-30T11:20:00+00:00,db,AWS/RDS,WriteLatency,,maximum,0.0005830508474576271
2026-09-30T11:21:00+00:00,db,AWS/RDS,WriteLatency,,maximum,0.00024489795918367346
2026-09-30T11:22:00+00:00,db,AWS/RDS,WriteLatency,,maximum,0.0016
2026-09-30T11:23:00+00:00,db,AWS/RDS,WriteLatency,,maximum,0.002217654171704958
2026-09-30T11:24:00+00:00,db,AWS/RDS,WriteLatency,,maximum,0.0005246753246753247
2026-09-30T11:25:00+00:00,db,AWS/RDS,WriteLatency,,maximum,0.000910091743119266
2026-09-30T11:26:00+00:00,db,AWS/RDS,WriteLatency,,maximum,0.0010259887005649717
2026-09-30T11:27:00+00:00,db,AWS/RDS,WriteLatency,,maximum,0.0007352185089974292
2026-09-30T11:28:00+00:00,db,AWS/RDS,WriteLatency,,maximum,0.0015340206185567012
2026-09-30T11:29:00+00:00,db,AWS/RDS,WriteLatency,,maximum,0.0007148703956343793
2026-09-30T11:30:00+00:00,db,AWS/RDS,WriteLatency,,maximum,0.001006993006993007
2026-09-30T11:31:00+00:00,db,AWS/RDS,WriteLatency,,maximum,0.0008753180661577607
2026-09-30T11:32:00+00:00,db,AWS/RDS,WriteLatency,,maximum,0.00044444444444444447
2026-09-30T11:20:00+00:00,db,AWS/RDS,DatabaseConnections,,average,10.0
2026-09-30T11:21:00+00:00,db,AWS/RDS,DatabaseConnections,,average,10.0
2026-09-30T11:22:00+00:00,db,AWS/RDS,DatabaseConnections,,average,10.0
2026-09-30T11:23:00+00:00,db,AWS/RDS,DatabaseConnections,,average,10.0
2026-09-30T11:24:00+00:00,db,AWS/RDS,DatabaseConnections,,average,10.0
2026-09-30T11:25:00+00:00,db,AWS/RDS,DatabaseConnections,,average,10.0
2026-09-30T11:26:00+00:00,db,AWS/RDS,DatabaseConnections,,average,10.0
2026-09-30T11:27:00+00:00,db,AWS/RDS,DatabaseConnections,,average,10.0
2026-09-30T11:28:00+00:00,db,AWS/RDS,DatabaseConnections,,average,10.0
2026-09-30T11:29:00+00:00,db,AWS/RDS,DatabaseConnections,,average,10.0
2026-09-30T11:30:00+00:00,db,AWS/RDS,DatabaseConnections,,average,10.0
2026-09-30T11:31:00+00:00,db,AWS/RDS,DatabaseConnections,,average,10.0
2026-09-30T11:32:00+00:00,db,AWS/RDS,DatabaseConnections,,average,10.0
2026-09-30T11:20:00+00:00,db,AWS/RDS,DatabaseConnections,,maximum,10.0
2026-09-30T11:21:00+00:00,db,AWS/RDS,DatabaseConnections,,maximum,10.0
2026-09-30T11:22:00+00:00,db,AWS/RDS,DatabaseConnections,,maximum,10.0
2026-09-30T11:23:00+00:00,db,AWS/RDS,DatabaseConnections,,maximum,10.0
2026-09-30T11:24:00+00:00,db,AWS/RDS,DatabaseConnections,,maximum,10.0
2026-09-30T11:25:00+00:00,db,AWS/RDS,DatabaseConnections,,maximum,10.0
2026-09-30T11:26:00+00:00,db,AWS/RDS,DatabaseConnections,,maximum,10.0
2026-09-30T11:27:00+00:00,db,AWS/RDS,DatabaseConnections,,maximum,10.0
2026-09-30T11:28:00+00:00,db,AWS/RDS,DatabaseConnections,,maximum,10.0
2026-09-30T11:29:00+00:00,db,AWS/RDS,DatabaseConnections,,maximum,10.0
2026-09-30T11:30:00+00:00,db,AWS/RDS,DatabaseConnections,,maximum,10.0
2026-09-30T11:31:00+00:00,db,AWS/RDS,DatabaseConnections,,maximum,10.0
2026-09-30T11:32:00+00:00,db,AWS/RDS,DatabaseConnections,,maximum,10.0
2026-09-30T11:20:00+00:00,db,AWS/RDS,FreeableMemory,,average,146190336.0
2026-09-30T11:21:00+00:00,db,AWS/RDS,FreeableMemory,,average,143024128.0
2026-09-30T11:22:00+00:00,db,AWS/RDS,FreeableMemory,,average,141803520.0
2026-09-30T11:23:00+00:00,db,AWS/RDS,FreeableMemory,,average,146698240.0
2026-09-30T11:24:00+00:00,db,AWS/RDS,FreeableMemory,,average,148787200.0
2026-09-30T11:25:00+00:00,db,AWS/RDS,FreeableMemory,,average,145309696.0
2026-09-30T11:26:00+00:00,db,AWS/RDS,FreeableMemory,,average,145518592.0
2026-09-30T11:27:00+00:00,db,AWS/RDS,FreeableMemory,,average,143855616.0
2026-09-30T11:28:00+00:00,db,AWS/RDS,FreeableMemory,,average,152379392.0
2026-09-30T11:29:00+00:00,db,AWS/RDS,FreeableMemory,,average,150544384.0
2026-09-30T11:30:00+00:00,db,AWS/RDS,FreeableMemory,,average,146898944.0
2026-09-30T11:31:00+00:00,db,AWS/RDS,FreeableMemory,,average,145702912.0
2026-09-30T11:32:00+00:00,db,AWS/RDS,FreeableMemory,,average,144596992.0
2026-09-30T11:20:00+00:00,db,AWS/RDS,FreeableMemory,,maximum,146190336.0
2026-09-30T11:21:00+00:00,db,AWS/RDS,FreeableMemory,,maximum,143024128.0
2026-09-30T11:22:00+00:00,db,AWS/RDS,FreeableMemory,,maximum,141803520.0
2026-09-30T11:23:00+00:00,db,AWS/RDS,FreeableMemory,,maximum,146698240.0
2026-09-30T11:24:00+00:00,db,AWS/RDS,FreeableMemory,,maximum,148787200.0
2026-09-30T11:25:00+00:00,db,AWS/RDS,FreeableMemory,,maximum,145309696.0
2026-09-30T11:26:00+00:00,db,AWS/RDS,FreeableMemory,,maximum,145518592.0
2026-09-30T11:27:00+00:00,db,AWS/RDS,FreeableMemory,,maximum,143855616.0
2026-09-30T11:28:00+00:00,db,AWS/RDS,FreeableMemory,,maximum,152379392.0
2026-09-30T11:29:00+00:00,db,AWS/RDS,FreeableMemory,,maximum,150544384.0
2026-09-30T11:30:00+00:00,db,AWS/RDS,FreeableMemory,,maximum,146898944.0
2026-09-30T11:31:00+00:00,db,AWS/RDS,FreeableMemory,,maximum,145702912.0
2026-09-30T11:32:00+00:00,db,AWS/RDS,FreeableMemory,,maximum,144596992.0
2026-09-30T11:20:00+00:00,db,AWS/RDS,ReadLatency,,average,0.0004
2026-09-30T11:21:00+00:00,db,AWS/RDS,ReadLatency,,average,0.0
2026-09-30T11:22:00+00:00,db,AWS/RDS,ReadLatency,,average,0.0
2026-09-30T11:23:00+00:00,db,AWS/RDS,ReadLatency,,average,0.0
2026-09-30T11:24:00+00:00,db,AWS/RDS,ReadLatency,,average,0.0
2026-09-30T11:25:00+00:00,db,AWS/RDS,ReadLatency,,average,0.0004
2026-09-30T11:26:00+00:00,db,AWS/RDS,ReadLatency,,average,0.0
2026-09-30T11:27:00+00:00,db,AWS/RDS,ReadLatency,,average,0.0
2026-09-30T11:28:00+00:00,db,AWS/RDS,ReadLatency,,average,0.0
2026-09-30T11:29:00+00:00,db,AWS/RDS,ReadLatency,,average,0.0
2026-09-30T11:30:00+00:00,db,AWS/RDS,ReadLatency,,average,0.0008
2026-09-30T11:31:00+00:00,db,AWS/RDS,ReadLatency,,average,0.0
2026-09-30T11:32:00+00:00,db,AWS/RDS,ReadLatency,,average,0.0
2026-09-30T11:20:00+00:00,db,AWS/RDS,ReadLatency,,maximum,0.0004
2026-09-30T11:21:00+00:00,db,AWS/RDS,ReadLatency,,maximum,0.0
2026-09-30T11:22:00+00:00,db,AWS/RDS,ReadLatency,,maximum,0.0
2026-09-30T11:23:00+00:00,db,AWS/RDS,ReadLatency,,maximum,0.0
2026-09-30T11:24:00+00:00,db,AWS/RDS,ReadLatency,,maximum,0.0
2026-09-30T11:25:00+00:00,db,AWS/RDS,ReadLatency,,maximum,0.0004
2026-09-30T11:26:00+00:00,db,AWS/RDS,ReadLatency,,maximum,0.0
2026-09-30T11:27:00+00:00,db,AWS/RDS,ReadLatency,,maximum,0.0
2026-09-30T11:28:00+00:00,db,AWS/RDS,ReadLatency,,maximum,0.0
2026-09-30T11:29:00+00:00,db,AWS/RDS,ReadLatency,,maximum,0.0
2026-09-30T11:30:00+00:00,db,AWS/RDS,ReadLatency,,maximum,0.0008
2026-09-30T11:31:00+00:00,db,AWS/RDS,ReadLatency,,maximum,0.0
2026-09-30T11:32:00+00:00,db,AWS/RDS,ReadLatency,,maximum,0.0
2026-09-30T11:20:00+00:00,db,AWS/RDS,FreeStorageSpace,,average,18383020032.0
2026-09-30T11:21:00+00:00,db,AWS/RDS,FreeStorageSpace,,average,18383020032.0
2026-09-30T11:22:00+00:00,db,AWS/RDS,FreeStorageSpace,,average,18383020032.0
2026-09-30T11:23:00+00:00,db,AWS/RDS,FreeStorageSpace,,average,18384158720.0
2026-09-30T11:24:00+00:00,db,AWS/RDS,FreeStorageSpace,,average,18384011264.0
2026-09-30T11:25:00+00:00,db,AWS/RDS,FreeStorageSpace,,average,18383847424.0
2026-09-30T11:26:00+00:00,db,AWS/RDS,FreeStorageSpace,,average,18383724544.0
2026-09-30T11:27:00+00:00,db,AWS/RDS,FreeStorageSpace,,average,18383634432.0
2026-09-30T11:28:00+00:00,db,AWS/RDS,FreeStorageSpace,,average,18383429632.0
2026-09-30T11:29:00+00:00,db,AWS/RDS,FreeStorageSpace,,average,18383290368.0
2026-09-30T11:30:00+00:00,db,AWS/RDS,FreeStorageSpace,,average,18383183872.0
2026-09-30T11:31:00+00:00,db,AWS/RDS,FreeStorageSpace,,average,18383159296.0
2026-09-30T11:32:00+00:00,db,AWS/RDS,FreeStorageSpace,,average,18383159296.0
2026-09-30T11:20:00+00:00,db,AWS/RDS,FreeStorageSpace,,maximum,18383020032.0
2026-09-30T11:21:00+00:00,db,AWS/RDS,FreeStorageSpace,,maximum,18383020032.0
2026-09-30T11:22:00+00:00,db,AWS/RDS,FreeStorageSpace,,maximum,18383020032.0
2026-09-30T11:23:00+00:00,db,AWS/RDS,FreeStorageSpace,,maximum,18384158720.0
2026-09-30T11:24:00+00:00,db,AWS/RDS,FreeStorageSpace,,maximum,18384011264.0
2026-09-30T11:25:00+00:00,db,AWS/RDS,FreeStorageSpace,,maximum,18383847424.0
2026-09-30T11:26:00+00:00,db,AWS/RDS,FreeStorageSpace,,maximum,18383724544.0
2026-09-30T11:27:00+00:00,db,AWS/RDS,FreeStorageSpace,,maximum,18383634432.0
2026-09-30T11:28:00+00:00,db,AWS/RDS,FreeStorageSpace,,maximum,18383429632.0
2026-09-30T11:29:00+00:00,db,AWS/RDS,FreeStorageSpace,,maximum,18383290368.0
2026-09-30T11:30:00+00:00,db,AWS/RDS,FreeStorageSpace,,maximum,18383183872.0
2026-09-30T11:31:00+00:00,db,AWS/RDS,FreeStorageSpace,,maximum,18383159296.0
2026-09-30T11:32:00+00:00,db,AWS/RDS,FreeStorageSpace,,maximum,18383159296.0
2026-09-30T11:20:00+00:00,db,AWS/RDS,WriteIOPS,,average,4.433185560481317
2026-09-30T11:21:00+00:00,db,AWS/RDS,WriteIOPS,,average,0.41684730049688196
2026-09-30T11:22:00+00:00,db,AWS/RDS,WriteIOPS,,average,0.23334111137037902
2026-09-30T11:23:00+00:00,db,AWS/RDS,WriteIOPS,,average,15.732022331472377
2026-09-30T11:24:00+00:00,db,AWS/RDS,WriteIOPS,,average,11.613376210073813
2026-09-30T11:25:00+00:00,db,AWS/RDS,WriteIOPS,,average,16.381968169319222
2026-09-30T11:26:00+00:00,db,AWS/RDS,WriteIOPS,,average,13.254639123693293
2026-09-30T11:27:00+00:00,db,AWS/RDS,WriteIOPS,,average,11.91547511915475
2026-09-30T11:28:00+00:00,db,AWS/RDS,WriteIOPS,,average,22.22296150903224
2026-09-30T11:29:00+00:00,db,AWS/RDS,WriteIOPS,,average,11.099798033750062
2026-09-30T11:30:00+00:00,db,AWS/RDS,WriteIOPS,,average,10.76289965178854
2026-09-30T11:31:00+00:00,db,AWS/RDS,WriteIOPS,,average,5.772824345969034
2026-09-30T11:32:00+00:00,db,AWS/RDS,WriteIOPS,,average,0.24993751562109473
2026-09-30T11:20:00+00:00,db,AWS/RDS,WriteIOPS,,maximum,4.433185560481317
2026-09-30T11:21:00+00:00,db,AWS/RDS,WriteIOPS,,maximum,0.41684730049688196
2026-09-30T11:22:00+00:00,db,AWS/RDS,WriteIOPS,,maximum,0.23334111137037902
2026-09-30T11:23:00+00:00,db,AWS/RDS,WriteIOPS,,maximum,15.732022331472377
2026-09-30T11:24:00+00:00,db,AWS/RDS,WriteIOPS,,maximum,11.613376210073813
2026-09-30T11:25:00+00:00,db,AWS/RDS,WriteIOPS,,maximum,16.381968169319222
2026-09-30T11:26:00+00:00,db,AWS/RDS,WriteIOPS,,maximum,13.254639123693293
2026-09-30T11:27:00+00:00,db,AWS/RDS,WriteIOPS,,maximum,11.91547511915475
2026-09-30T11:28:00+00:00,db,AWS/RDS,WriteIOPS,,maximum,22.22296150903224
2026-09-30T11:29:00+00:00,db,AWS/RDS,WriteIOPS,,maximum,11.099798033750062
2026-09-30T11:30:00+00:00,db,AWS/RDS,WriteIOPS,,maximum,10.76289965178854
2026-09-30T11:31:00+00:00,db,AWS/RDS,WriteIOPS,,maximum,5.772824345969034
2026-09-30T11:32:00+00:00,db,AWS/RDS,WriteIOPS,,maximum,0.24993751562109473
2026-09-30T11:20:00+00:00,db,AWS/RDS,ReadIOPS,,average,1.299956668111063
2026-09-30T11:21:00+00:00,db,AWS/RDS,ReadIOPS,,average,0.0
2026-09-30T11:22:00+00:00,db,AWS/RDS,ReadIOPS,,average,0.0
2026-09-30T11:23:00+00:00,db,AWS/RDS,ReadIOPS,,average,0.03333055578701775
2026-09-30T11:24:00+00:00,db,AWS/RDS,ReadIOPS,,average,0.0
2026-09-30T11:25:00+00:00,db,AWS/RDS,ReadIOPS,,average,1.2998916756936922
2026-09-30T11:26:00+00:00,db,AWS/RDS,ReadIOPS,,average,0.0
2026-09-30T11:27:00+00:00,db,AWS/RDS,ReadIOPS,,average,0.0
2026-09-30T11:28:00+00:00,db,AWS/RDS,ReadIOPS,,average,0.2827772048305
2026-09-30T11:29:00+00:00,db,AWS/RDS,ReadIOPS,,average,0.0
2026-09-30T11:30:00+00:00,db,AWS/RDS,ReadIOPS,,average,1.299545159194282
2026-09-30T11:31:00+00:00,db,AWS/RDS,ReadIOPS,,average,0.0
2026-09-30T11:32:00+00:00,db,AWS/RDS,ReadIOPS,,average,0.0
2026-09-30T11:20:00+00:00,db,AWS/RDS,ReadIOPS,,maximum,1.299956668111063
2026-09-30T11:21:00+00:00,db,AWS/RDS,ReadIOPS,,maximum,0.0
2026-09-30T11:22:00+00:00,db,AWS/RDS,ReadIOPS,,maximum,0.0
2026-09-30T11:23:00+00:00,db,AWS/RDS,ReadIOPS,,maximum,0.03333055578701775
2026-09-30T11:24:00+00:00,db,AWS/RDS,ReadIOPS,,maximum,0.0
2026-09-30T11:25:00+00:00,db,AWS/RDS,ReadIOPS,,maximum,1.2998916756936922
2026-09-30T11:26:00+00:00,db,AWS/RDS,ReadIOPS,,maximum,0.0
2026-09-30T11:27:00+00:00,db,AWS/RDS,ReadIOPS,,maximum,0.0
2026-09-30T11:28:00+00:00,db,AWS/RDS,ReadIOPS,,maximum,0.2827772048305
2026-09-30T11:29:00+00:00,db,AWS/RDS,ReadIOPS,,maximum,0.0
2026-09-30T11:30:00+00:00,db,AWS/RDS,ReadIOPS,,maximum,1.299545159194282
2026-09-30T11:31:00+00:00,db,AWS/RDS,ReadIOPS,,maximum,0.0
2026-09-30T11:32:00+00:00,db,AWS/RDS,ReadIOPS,,maximum,0.0
2026-09-30T11:20:00+00:00,db,AWS/RDS,CPUCreditUsage,,average,0.8281053
2026-09-30T11:25:00+00:00,db,AWS/RDS,CPUCreditUsage,,average,0.5236963833333333
2026-09-30T11:30:00+00:00,db,AWS/RDS,CPUCreditUsage,,average,0.7942425166666667
2026-09-30T11:20:00+00:00,db,AWS/RDS,CPUCreditUsage,,maximum,0.8281053
2026-09-30T11:25:00+00:00,db,AWS/RDS,CPUCreditUsage,,maximum,0.5236963833333333
2026-09-30T11:30:00+00:00,db,AWS/RDS,CPUCreditUsage,,maximum,0.7942425166666667
2026-09-30T11:20:00+00:00,db,AWS/RDS,CPUCreditBalance,,average,18.529035883333332
2026-09-30T11:25:00+00:00,db,AWS/RDS,CPUCreditBalance,,average,19.0047195
2026-09-30T11:30:00+00:00,db,AWS/RDS,CPUCreditBalance,,average,19.209876983333334
2026-09-30T11:20:00+00:00,db,AWS/RDS,CPUCreditBalance,,maximum,18.529035883333332
2026-09-30T11:25:00+00:00,db,AWS/RDS,CPUCreditBalance,,maximum,19.0047195
2026-09-30T11:30:00+00:00,db,AWS/RDS,CPUCreditBalance,,maximum,19.209876983333334
