64d5b4,50,1790780360029
54edde,27,1790780360029
077193,26,1790779460029
42d890,36,1790864960029
e01da4,46,1790780360029
779e40,58,1790779460029
eee8e7,55,1790780360029
4f4387,25,1790864960029
3389e3,46,1790779460029
c5ce35,27,1790864960029
2d9437,30,1790780360029
72df12,45,1790780360029
f41eba,52,1790864960029
fcbac5,28,1790780360029
bd55cc,53,1790780360029
d983e5,49,1790780360029
628d48,48,1790779460029
ef461b,54,1790780360029
4f90e4,46,1790779460029
9b91b6,52,1790864960029
cdf5a3,47,1790864960029
82a83e,22,1790780360029
d171db,31,1790779460029
edf252,39,1790864960029
3c0edb,43,1790779460029
5aa5ad,51,1790779460029
4e3d24,17,1790864960029
1fde67,45,1790779460029
35970c,46,1790779460029
b2558b,28,1790779460029
f3b817,29,1790780360029
0179b1,33,1790780360029
7210d7,25,1790780360029
220773,26,1790779460029
d98b56,55,1790864960029
effce5,31,1790779460029
816c85,20,1790780360029
b84406,23,1790779460029
1ee2d6,28,1790780360029
a5ee14,23,1790780360029
8477ee,57,1790780360029
fc73af,60,1790779460029
5cc0b0,26,1790779460029
36695b,18,1790780360029
9ad155,41,1790779460029
a96c78,40,1790779460029
029dac,39,1790780360029
58b9cb,35,1790780360029
888040,56,1790780360029
cf24f4,51,1790779460029
98c203,46,1790864960029
d32316,50,1790779460029
df3a81,23,1790780360029
3a2ace,42,1790779460029
701977,54,1790864960029
d6162a,46,1790864960029
4b0596,22,1790864960029
0f8854,29,1790779460029
ac9c23,50,1790864960029
940dc7,35,1790779460029
e73f99,51,1790780360029
524ea0,41,1790780360029
af5040,20,1790779460029
29db48,37,1790779460029
716ff5,57,1790779460029
36c1fe,43,1790779460029
66f79f,42,1790780360029
1e263e,33,1790780360029
1e6cb2,46,1790779460029
fef64c,55,1790864960029
0ddf60,20,1790780360029
a7a903,18,1790780360029
062453,22,1790780360029
a1de5f,49,1790779460029
4d4abe,55,1790780360029
5ca4e4,20,1790779460029
4f0bca,21,1790864960029
3a88dd,38,1790864960029
a2d297,34,1790780360029
a743da,25,1790779460029
ec4df6,24,1790780360029
e5653a,37,1790864960029
49506f,39,1790779460029
05de36,48,1790780360029
1edeab,29,1790864960029
3a240b,31,1790864960029
14cc2b,37,1790780360029
f9ae20,35,1790864960029
b20b35,28,1790779460029
78d267,53,1790779460029
4be45c,55,1790779460029
c88d45,23,1790780360029
c1d693,22,1790779460029
17a510,54,1790864960029
a09021,31,1790780360029
1a411c,53,1790864960029
0b38c6,53,1790780360029
aae7bc,24,1790864960029
804559,57,1790864960029
243872,56,1790779460029
f1f43f,34,1790864960029
7e42f1,30,1790864960029
b469f2,54,1790864960029
a2ac06,59,1790779460029
b00d95,17,1790780360029
3ab30c,25,1790779460029
50d8f9,19,1790779460029
2c1c6a,18,1790864960029
817330,32,1790780360029
6cab42,53,1790779460029
8730fe,46,1790779460029
ebc37b,36,1790780360029
f5cdd8,60,1790780360029
9f6126,51,1790779460029
cd54a7,32,1790864960029
e249c2,24,1790779460029
6fb30f,28,1790780360029
253620,18,1790779460029
852147,31,1790780360029
82c0d7,48,1790779460029
f9350b,55,1790864960029
48236e,48,1790864960029
293656,45,1790780360029
df2e9b,46,1790864960029
c28a95,52,1790864960029
203641,58,1790864960029
f10dfb,16,1790780360029
ab2024,43,1790780360029
76d9ff,42,1790779460029
40bd20,57,1790780360029
b27434,41,1790864960029
84cdb2,49,1790780360029
a6832c,38,1790779460029
f6a884,27,1790779460029
0e32c9,50,1790779460029
4bd77c,24,1790779460029
5cd679,18,1790780360029
f02aaa,31,1790864960029
b2d035,58,1790780360029
d898e0,26,1790864960029
ff6501,55,1790780360029
5d27d8,40,1790780360029
fc3b94,29,1790864960029
8f92ec,34,1790864960029
a2ff02,29,1790780360029
4fbaeb,22,1790780360029
61bf43,40,1790864960029
83f845,52,1790864960029
c5938d,60,1790780360029
c1d213,20,1790864960029
ccb9b3,29,1790779460029
9882ef,24,1790779460029
7c1016,35,1790780360029
1de456,59,1790779460029
dde090,21,1790779460029
709f2a,57,1790864960029
c33763,17,1790779460029
465da2,20,1790779460029
d64efd,19,1790864960029
4e60f6,50,1790780360029
a5a41a,29,1790864960029
26d326,46,1790864960029
83c3fc,20,1790780360029
5caf27,48,1790864960029
60f673,58,1790779460029
ebcb11,46,1790779460029
30f960,23,1790864960029
0c4974,46,1790864960029
4980de,60,1790779460029
4b7340,21,1790779460029
fe9cf7,27,1790779460029
f975bc,53,1790780360029
f3c39a,55,1790780360029
67608f,55,1790779460029
a5bdcb,44,1790780360029
d3df8e,27,1790779460029
3465fb,59,1790864960029
4c8f41,60,1790864960029
f61713,38,1790780360029
fd2c70,31,1790864960029
940ca6,53,1790780360029
6b056a,31,1790780360029
97b2cf,20,1790779460029
88bb2d,41,1790779460029
cabeeb,41,1790780360029
5e54d0,44,1790780360029
6dc399,36,1790864960029
6b9832,36,1790779460029
c5ddea,17,1790864960029
68e095,29,1790779460029
b200ef,43,1790779460029
4fbe55,39,1790780360029
f3d901,40,1790864960029
b46a7b,33,1790780360029
89cc08,39,1790779460029
a9812d,39,1790779460029
204dab,32,1790864960029
f265ed,21,1790780360029
5e83ec,43,1790780360029
a028a8,57,1790864960029
ec78b6,22,1790779460029
bb2a07,42,1790864960029
7bdf29,19,1790864960029
ff5172,39,1790779460029
92784f,29,1790864960029
201aa9,37,1790779460029
411a5a,40,1790779460029
7095bf,43,1790864960029
3a8764,16,1790780360029
670bc1,42,1790780360029
cb3ccc,33,1790864960029
1da49f,29,1790779460029
7b8556,20,1790780360029
cfa1cc,57,1790779460029
6c45d0,41,1790779460029
d63f16,41,1790779460029
6cf22d,52,1790864960029
e2426c,34,1790779460029
d417d9,19,1790780360029
d4b96d,43,1790779460029
b60677,36,1790779460029
417864,28,1790780360029
d3ebf3,30,1790780360029
bdd670,17,1790780360029
16590e,31,1790780360029
40b435,51,1790864960029
71608a,36,1790780360029
8c9913,20,1790779460029
28ca3b,17,1790780360029
567b08,18,1790864960029
121e2e,58,1790864960029
ba7ac7,25,1790779460029
00db31,55,1790780360029
ca4395,22,1790780360029
a6ef2f,25,1790780360029
84d4b1,30,1790864960029
d721f8,26,1790780360029
d0494d,49,1790779460029
b86aa6,16,1790779460029
21dd6b,38,1790779460029
7b8061,15,1790780360029
bfea28,51,1790779460029
4ed725,31,1790780360029
31569d,32,1790779460029
40b67c,29,1790779460029
fa0644,27,1790779460029
ff542c,60,1790780360029
45abd3,56,1790780360029
ce1aa9,42,1790779460029
66c451,29,1790780360029
73e6ec,35,1790779460029
353f05,51,1790864960029
d91cda,39,1790779460029
a43766,23,1790864960029
e4440c,50,1790780360029
72cdc1,53,1790779460029
d407cb,47,1790780360029
398a3c,51,1790780360029
372f4f,51,1790780360029
1daf0b,54,1790864960029
e63b4d,56,1790864960029
c9a992,32,1790779460029
ebd9c1,34,1790779460029
71d059,16,1790779460029
46896d,55,1790779460029
35538a,16,1790779460029
d4affc,41,1790864960029
dfeca2,49,1790779460029
ae3f7c,60,1790864960029
377f00,24,1790779460029
672ff5,26,1790780360029
292665,45,1790779460029
084611,45,1790780360029
1eb692,39,1790779460029
73bbe1,59,1790864960029
6d3af4,25,1790779460029
ac990f,42,1790780360029
796c17,53,1790780360029
72d5bc,46,1790779460029
5b1f60,27,1790779460029
1800ef,33,1790780360029
2d399f,27,1790780360029
86c77c,54,1790864960029
26ad3d,54,1790864960029
6902d8,25,1790779460029
a4aa63,26,1790779460029
de464e,55,1790780360029
9ab741,57,1790780360029
f175f6,44,1790864960029
4193e9,49,1790864960029
3adedc,33,1790779460029
d27020,50,1790780360029
9a89e3,46,1790864960029
4ee904,54,1790780360029
cba2c1,16,1790779460029
e654f2,55,1790864960029
30fa94,37,1790780360029
3e7450,35,1790864960029
689106,40,1790864960029
03aa75,42,1790780360029
925c8f,42,1790864960029
cb48c1,59,1790864960029
e5af23,29,1790779460029
8b0fa5,41,1790779460029
b47836,47,1790780360029
539cb7,15,1790780360029
87058e,24,1790780360029
ee4e42,21,1790780360029
86a1b6,23,1790780360029
7d1820,44,1790780360029
ed90ce,50,1790864960029
14d110,19,1790780360029
5e5ecb,51,1790779460029
798e42,27,1790864960029
a1dc56,45,1790779460029
2528c3,55,1790780360029
287a4e,49,1790864960029
4732fa,22,1790864960029
c33887,28,1790864960029
113a48,36,1790779460029
383ba0,20,1790864960029
e8c7fe,32,1790864960029
8378d2,24,1790864960029
224901,50,1790779460029
ecb334,20,1790864960029
5f16d9,43,1790864960029
130f91,15,1790864960029
9afc2f,30,1790780360029
3725f5,34,1790779460029
0d7bdf,45,1790780360029
a6ee04,37,1790779460029
58b6ea,33,1790779460029
ade5a2,48,1790779460029
7f1ec0,22,1790779460029
05f6c2,31,1790779460029
943b90,55,1790780360029
d73ea9,23,1790780360029
43b643,43,1790779460029
c15c34,15,1790864960029
11c186,16,1790780360029
f8d3f9,53,1790864960029
ce036d,23,1790780360029
eea9db,39,1790780360029
b35d29,32,1790779460029
3bbd3c,27,1790779460029
666e61,24,1790780360029
2168df,40,1790779460029
2a1d2e,46,1790780360029
3646c9,28,1790780360029
7a6d3f,41,1790779460029
846f3a,39,1790780360029
943157,16,1790779460029
bc9fc2,23,1790779460029
a06406,32,1790779460029
c4f7e3,23,1790780360029
85f023,27,1790780360029
0fdd89,15,1790779460029
ca4ac9,17,1790780360029
565f1e,30,1790780360029
dd690b,25,1790864960029
520c09,57,1790779460029
284a21,30,1790779460029
8f83a5,37,1790780360029
518176,18,1790779460029
535ebe,37,1790864960029
c7aba5,28,1790780360029
81b2b8,26,1790780360029
a408e5,60,1790779460029
9fe211,15,1790780360029
b9e38a,35,1790780360029
b1b697,43,1790864960029
b26d93,24,1790779460029
a76404,35,1790864960029
b4a4b5,29,1790779460029
483270,36,1790864960029
5256fb,51,1790864960029
3e4ce5,31,1790780360029
2a488b,36,1790864960029
425526,54,1790864960029
c8386a,28,1790864960029
ba0e74,45,1790780360029
5df60e,57,1790864960029
7826f6,19,1790864960029
fe537c,35,1790779460029
307497,55,1790780360029
3d5900,41,1790864960029
c038f8,25,1790864960029
6c9d5e,51,1790864960029
3b676a,32,1790779460029
436a4d,50,1790864960029
cb4344,42,1790780360029
5a588e,41,1790864960029
785caf,25,1790779460029
a9a012,33,1790864960029
8af964,24,1790864960029
a20078,25,1790779460029
f66d2a,42,1790780360029
29359b,29,1790780360029
3f4f43,45,1790779460029
fc036d,38,1790779460029
fc1aa3,40,1790864960029
41af13,35,1790780360029
ac42ea,29,1790780360029
773ff5,21,1790864960029
693918,35,1790780360029
563fb7,54,1790864960029
fac1c5,39,1790780360029
33c462,21,1790864960029
1d3fa5,45,1790864960029
f59856,17,1790780360029
423d17,53,1790779460029
99b724,42,1790780360029
d7a8e6,27,1790780360029
c59f8a,20,1790779460029
4b69e3,26,1790780360029
1c8937,24,1790864960029
ed8a87,41,1790779460029
bb4f42,42,1790864960029
2abbad,49,1790864960029
ac5146,25,1790864960029
38ca94,19,1790779460029
cffc5e,33,1790864960029
5be824,15,1790864960029
11032a,19,1790779460029
333813,49,1790780360029
1a9835,54,1790864960029
672d68,55,1790779460029
8287f7,48,1790864960029
2624e6,24,1790864960029
98016c,17,1790779460029
9f73f9,59,1790780360029
ded9c2,55,1790780360029
e94bb5,27,1790780360029
f4f183,45,1790864960029
6e8404,15,1790864960029
3d4d1d,21,1790864960029
dd33d9,44,1790779460029
2156da,51,1790864960029
13d825,21,1790864960029
8cc7f8,29,1790779460029
6137d6,19,1790780360029
f3cedb,19,1790780360029
ba3235,25,1790864960029
a3dcfd,58,1790779460029
9a1b38,34,1790779460029
dc88a7,38,1790864960029
722951,39,1790780360029
46cb2e,41,1790780360029
d19ca3,33,1790779460029
8e5c7c,35,1790780360029
0334dc,30,1790864960029
a642f8,55,1790864960029
ed8085,28,1790864960029
29f075,58,1790779460029
a6decc,40,1790864960029
16315f,58,1790780360029
166318,57,1790864960029
4dc433,45,1790864960029
828aba,38,1790779460029
87a057,49,1790780360029
04dd91,21,1790864960029
59ac6c,45,1790779460029
a14508,58,1790779460029
7190ad,48,1790780360029
913de6,24,1790780360029
453e67,39,1790864960029
b587e8,40,1790864960029
eb8d6c,24,1790864960029
bb74c7,48,1790780360029
c2b252,55,1790864960029
ab2a06,30,1790864960029
907971,39,1790780360029
d36960,29,1790780360029
b08895,30,1790864960029
e17228,23,1790779460029
4fd774,60,1790779460029
f941d3,36,1790780360029
384ae5,18,1790779460029
719447,45,1790779460029
e4b284,31,1790864960029
908d73,37,1790779460029
ffd0f7,29,1790780360029
1748c3,44,1790780360029
6e69bf,37,1790779460029
e929c1,25,1790864960029
07e3a8,27,1790779460029
36e44b,35,1790779460029
6a9f0b,26,1790779460029
8b381a,48,1790864960029
928ee4,22,1790864960029
1956ed,22,1790779460029
05d143,25,1790864960029
cd541c,52,1790864960029
f48dda,21,1790864960029
67361c,33,1790780360029
2dcf49,36,1790779460029
295474,29,1790780360029
0f31b1,23,1790864960029
ccfe47,58,1790779460029
0705bb,48,1790779460029
187f53,57,1790779460029
2b6fa6,32,1790780360029
0da7b8,45,1790864960029
369259,21,1790864960029
8005ac,37,1790864960029
3a49da,26,1790780360029
dff156,34,1790780360029
a57dfa,53,1790780360029
847880,23,1790779460029
77e8b9,50,1790780360029
2a15f2,40,1790864960029
77d533,37,1790864960029
a0ddb7,37,1790864960029
d069c9,54,1790779460029
288abd,51,1790779460029
19de5e,58,1790864960029
3d1790,40,1790780360029
3e60cb,48,1790864960029
295d28,33,1790780360029
7592eb,39,1790864960029
f25237,16,1790779460029
f55dbf,26,1790780360029
7d716d,37,1790864960029
7835d7,30,1790780360029
f1ef06,55,1790779460029
655227,18,1790780360029
2951e4,31,1790780360029
2ff0ee,54,1790779460029
74755f,34,1790780360029
6637d6,29,1790779460029
d79a3d,17,1790780360029
931953,33,1790779460029
e34c91,25,1790864960029
d6924f,48,1790779460029
77c1b2,17,1790780360029
045bba,26,1790780360029
7cdef3,51,1790779460029
8c23a0,25,1790779460029
e84072,21,1790864960029
2e0c65,25,1790780360029
2d1088,27,1790779460029
fd60c7,27,1790779460029
4d3331,37,1790779460029
0d4c8f,52,1790780360029
37f2f1,54,1790780360029
c26494,44,1790779460029
2a86b4,16,1790779460029
bf3145,32,1790779460029
cc9d37,43,1790864960029
30dfd0,39,1790780360029
feaec4,55,1790779460029
d144cb,60,1790780360029
cdc1a6,43,1790780360029
e580fe,31,1790779460029
f68481,19,1790780360029
59b91e,42,1790779460029
d6e5cd,38,1790780360029
21f182,60,1790779460029
e5c969,19,1790779460029
73d2c5,35,1790780360029
e2723a,17,1790864960029
ed3e4b,20,1790779460029
2c707b,23,1790864960029
4e5bf4,15,1790780360029
80220c,41,1790864960029
b0a7db,55,1790779460029
c754e6,23,1790779460029
5370fd,55,1790864960029
a16ba3,42,1790864960029
c39418,44,1790864960029
c0bf76,35,1790780360029
5b6a16,18,1790779460029
a2faa1,24,1790779460029
27a53c,53,1790780360029
498407,57,1790779460029
fccf42,24,1790779460029
6ae793,60,1790864960029
a05699,38,1790864960029
bbf73e,44,1790779460029
1da5b8,15,1790780360029
14e251,43,1790864960029
cfd86f,59,1790779460029
427209,50,1790864960029
15060c,47,1790864960029
2ea8fd,47,1790864960029
dafc2f,34,1790779460029
38e063,42,1790864960029
cc9d2c,40,1790864960029
f8e3bd,28,1790780360029
467935,21,1790780360029
7ad3a4,37,1790864960029
36251b,25,1790779460029
944731,42,1790780360029
7e1b9e,52,1790780360029
c985cf,38,1790864960029
7d6214,50,1790864960029
441349,50,1790779460029
5e46a5,46,1790864960029
6ead23,41,1790780360029
a7634f,36,1790864960029
3ec8fe,34,1790779460029
57dfd3,36,1790864960029
1c552e,50,1790864960029
9f1541,52,1790779460029
5d7c6b,49,1790779460029
cfba1b,35,1790779460029
b8c8e3,35,1790780360029
c3408d,16,1790864960029
251396,34,1790864960029
32fbdd,42,1790780360029
5e9b87,24,1790780360029
78dc8e,49,1790780360029
33d66b,57,1790780360029
b4be47,19,1790779460029
5701ce,21,1790779460029
94b83a,44,1790780360029
309532,30,1790779460029
c9923e,23,1790779460029
d8313d,39,1790779460029
3d5f91,21,1790864960029
7f941b,21,1790779460029
09f7dc,27,1790779460029
3e9a3f,33,1790864960029
7f68eb,48,1790779460029
45ceba,41,1790864960029
f911de,46,1790864960029
5d5e3d,47,1790780360029
e49d9b,21,1790779460029
3a1792,30,1790864960029
2e4362,41,1790864960029
45ea51,55,1790780360029
8ced0e,47,1790780360029
c1fcc8,21,1790779460029
48225c,43,1790864960029
b60462,39,1790779460029
1dbf08,32,1790779460029
67ddce,27,1790780360029
cb5c44,33,1790780360029
1bf387,54,1790779460029
777fe9,53,1790779460029
30e3bb,20,1790779460029
ac00c1,33,1790780360029
b50100,16,1790864960029
af4e43,40,1790780360029
c4b0bb,38,1790864960029
f95601,44,1790780360029
da2024,37,1790779460029
162841,35,1790779460029
776c5b,20,1790780360029
9fe076,19,1790864960029
958703,20,1790779460029
ce11b8,43,1790779460029
fedd11,17,1790780360029
dba0e4,21,1790780360029
342734,19,1790779460029
4d1544,25,1790779460029
550084,30,1790780360029
9ea5da,28,1790780360029
abaa52,57,1790780360029
47eeec,30,1790780360029
4b8803,18,1790780360029
295b07,45,1790780360029
b99f01,44,1790864960029
88003a,50,1790864960029
ecd796,43,1790779460029
cfa818,57,1790780360029
584c1f,26,1790779460029
d78b75,38,1790780360029
515eb3,56,1790864960029
d90924,19,1790864960029
18a82f,44,1790779460029
da8799,57,1790780360029
747ac8,42,1790779460029
8abb45,17,1790864960029
073678,35,1790864960029
f2ba64,29,1790779460029
ad628f,49,1790779460029
8a4713,55,1790864960029
1fcda1,36,1790780360029
aef9a9,50,1790780360029
938934,56,1790779460029
2c8318,53,1790779460029
5f8505,36,1790864960029
35234c,37,1790864960029
1d61a2,21,1790864960029
138749,40,1790779460029
c9337c,31,1790864960029
9cb717,56,1790780360029
f26b7d,33,1790779460029
5650ca,54,1790779460029
a498d3,38,1790780360029
2d0373,20,1790864960029
0132f1,28,1790864960029
f92e9c,20,1790779460029
094d47,18,1790779460029
758b52,21,1790864960029
c192e8,59,1790780360029
d5b1bd,54,1790864960029
abb6d9,57,1790780360029
6b6602,42,1790780360029
2cd041,18,1790864960029
6ada9c,33,1790779460029
c4f905,45,1790779460029
cdde63,24,1790779460029
00e010,49,1790864960029
2e0f09,21,1790780360029
a3f8f5,35,1790780360029
672938,48,1790779460029
40ad63,37,1790864960029
b81774,31,1790779460029
1c2018,55,1790864960029
63e5b8,35,1790779460029
dad8fb,51,1790864960029
63e959,19,1790864960029
375757,25,1790780360029
4f8e91,31,1790780360029
1481f1,23,1790779460029
643688,50,1790864960029
494d67,39,1790780360029
f4ecd7,23,1790780360029
50d28f,38,1790864960029
ade460,25,1790864960029
05e813,55,1790864960029
f0f45d,25,1790779460029
5bc35c,39,1790864960029
e37604,31,1790780360029
779322,16,1790780360029
fc3cbf,56,1790780360029
cb5aad,36,1790780360029
e3ade7,27,1790864960029
71daaf,48,1790780360029
5d5bb5,55,1790779460029
4dc7aa,16,1790780360029
77af14,23,1790864960029
b9c5c8,34,1790864960029
bec43b,23,1790780360029
02a578,47,1790864960029
4701c8,42,1790780360029
14337c,29,1790779460029
cc495d,47,1790780360029
a60970,42,1790864960029
e485d4,58,1790864960029
1ec690,24,1790780360029
f3cb87,15,1790780360029
3d521e,25,1790864960029
c4fc0f,39,1790864960029
69a9fd,35,1790864960029
be564e,25,1790779460029
dabc2b,56,1790864960029
c07c1d,37,1790864960029
719e63,50,1790864960029
50d171,40,1790779460029
9b762f,36,1790864960029
7b1ef2,22,1790780360029
c394a6,45,1790779460029
0d1127,48,1790864960029
77f2f5,15,1790779460029
2e8c17,24,1790864960029
4b87c4,58,1790779460029
61d728,50,1790779460029
ed4050,34,1790864960029
162d1e,25,1790864960029
44c443,20,1790779460029
e44303,49,1790864960029
dd8320,29,1790780360029
9f7b6c,21,1790779460029
2db596,19,1790864960029
dfec07,55,1790864960029
0d1896,18,1790864960029
f1751b,26,1790780360029
ed3e20,54,1790779460029
8eb292,18,1790779460029
f6bf50,42,1790864960029
6aa6ae,51,1790864960029
3a3215,30,1790780360029
5e7ad0,38,1790780360029
3dee76,40,1790780360029
911bfb,41,1790779460029
4a7b52,42,1790864960029
f70244,32,1790779460029
78643f,16,1790780360029
bbfad5,42,1790779460029
35b634,35,1790864960029
9574fc,31,1790864960029
2de3e8,30,1790864960029
19ab12,54,1790864960029
737310,42,1790779460029
587270,18,1790864960029
110e66,32,1790780360029
4df313,52,1790779460029
4c80f8,48,1790864960029
6c343f,52,1790779460029
e38037,35,1790779460029
e5e5f3,28,1790864960029
bbc572,40,1790779460029
c83d7b,43,1790779460029
6cc23f,40,1790779460029
014773,38,1790864960029
e1d736,29,1790780360029
5be264,36,1790780360029
10c0e5,39,1790780360029
b8f586,36,1790779460029
f7671a,16,1790864960029
0bf087,35,1790864960029
235198,42,1790864960029
879b8d,26,1790780360029
c6af72,58,1790780360029
65ef68,31,1790864960029
2f84c9,49,1790864960029
e0bfff,39,1790780360029
d15d01,53,1790864960029
3a6700,46,1790864960029
bd2ec7,40,1790779460029
4c3192,55,1790779460029
0fd960,15,1790780360029
7be914,56,1790864960029
636b2f,51,1790779460029
5b7642,25,1790779460029
05d940,54,1790780360029
4a3490,22,1790864960029
8e648c,27,1790780360029
e05616,23,1790779460029
acbead,59,1790779460029
2aaf12,38,1790779460029
825f63,56,1790780360029
30187b,38,1790864960029
b6accb,29,1790780360029
11ca77,35,1790780360029
934ee5,50,1790864960029
cb07bb,35,1790780360029
a3b557,25,1790864960029
8e9eda,28,1790779460029
676997,46,1790864960029
ebbad9,27,1790780360029
f3be5b,49,1790779460029
cafed7,42,1790779460029
7815d5,43,1790780360029
7f1086,51,1790864960029
ed21db,44,1790864960029
fc6b9d,43,1790864960029
5fb068,40,1790780360029
05a3b0,43,1790779460029
5c1508,37,1790864960029
7aacbc,53,1790779460029
290cfa,15,1790780360029
8ddeef,28,1790779460029
aee256,22,1790780360029
fa6f29,47,1790780360029
4c76cf,48,1790780360029
0ea17d,35,1790780360029
1766da,30,1790779460029
55f245,23,1790780360029
995e30,16,1790779460029
ec4c9b,41,1790864960029
ea94bc,35,1790864960029
a93d57,25,1790779460029
1970be,55,1790779460029
ef42b3,55,1790780360029
c1895f,59,1790779460029
3a86b4,40,1790864960029
94bae1,54,1790779460029
98c194,23,1790779460029
2c9216,52,1790780360029
734196,21,1790864960029
0aea41,15,1790779460029
2fb818,50,1790864960029
e593e1,22,1790779460029
761ecd,26,1790780360029
92c04f,59,1790864960029
bb79db,26,1790779460029
75ec92,15,1790779460029
35d177,32,1790779460029
d5525b,40,1790780360029
8ae0d3,53,1790779460029
ac8ea0,54,1790780360029
56703d,51,1790779460029
f70a27,25,1790779460029
fa5742,44,1790780360029
6b1f6a,39,1790780360029
072e7a,57,1790864960029
6abe0b,33,1790780360029
101c54,33,1790864960029
5b3dc2,24,1790779460029
06976d,58,1790779460029
c1f069,21,1790780360029
6d9602,46,1790779460029
8ea2c5,44,1790779460029
200b83,31,1790779460029
374c76,23,1790864960029
cbbcf7,50,1790780360029
e977b3,49,1790779460029
fd06af,43,1790779460029
a96345,29,1790864960029
770086,60,1790780360029
2f3121,26,1790779460029
1d4df7,17,1790864960029
a2b23b,15,1790779460029
27b005,44,1790779460029
e2b6f9,38,1790780360029
ad653e,34,1790779460029
cd3c15,52,1790864960029
f6923b,47,1790779460029
5dc4ae,52,1790780360029
8e3b78,37,1790864960029
298d56,36,1790780360029
5f9ceb,41,1790779460029
454242,45,1790779460029
648db7,15,1790780360029
634f41,35,1790780360029
965d1b,36,1790779460029
52174c,27,1790779460029
dc4640,21,1790779460029
010aa0,57,1790779460029
d6b38a,53,1790780360029
5a161a,41,1790864960029
ed4faa,24,1790780360029
a17670,40,1790779460029
568b18,15,1790780360029
bba261,19,1790779460029
6fc42a,18,1790864960029
509af4,53,1790864960029
9f12b7,34,1790864960029
af4a62,19,1790780360029
59c219,25,1790779460029
a55ae9,49,1790864960029
a494e4,58,1790780360029
fbc05a,38,1790780360029
007436,22,1790780360029
02bd5f,18,1790779460029
830cf6,44,1790864960029
befc6e,48,1790779460029
ceba80,47,1790780360029
351905,23,1790780360029
626b19,19,1790780360029
af638a,58,1790864960029
9e273c,34,1790779460029
9b1967,52,1790779460029
daaba7,30,1790864960029
297d95,48,1790779460029
9ad0eb,25,1790779460029
926689,46,1790780360029
79c64f,18,1790779460029
7b7112,35,1790864960029
784b1b,25,1790779460029
f2014b,28,1790780360029
a75ada,36,1790864960029
888bd2,39,1790779460029
cd6e39,33,1790864960029
48aadf,15,1790864960029
ae8069,15,1790864960029
4cd1cc,31,1790779460029
7a7776,60,1790864960029
535983,37,1790780360029
8b0016,25,1790864960029
2c2d5a,42,1790780360029
b263c7,19,1790780360029
f0c36c,29,1790864960029
510ea6,33,1790779460029
98e6de,23,1790779460029
211f7d,19,1790780360029
b6ed9f,17,1790780360029
f63f90,19,1790779460029
98536b,18,1790780360029
d31c81,50,1790864960029
f05940,40,1790864960029
8628b7,54,1790780360029
66ebc5,53,1790864960029
8c982e,28,1790780360029
485a41,18,1790779460029
d6fb34,43,1790864960029
1bda92,29,1790780360029
aabefc,34,1790779460029
24cacb,24,1790780360029
90cdc5,43,1790864960029
500cce,32,1790779460029
8fde0a,25,1790864960029
af6de2,59,1790780360029
b28e51,36,1790864960029
e9e549,53,1790780360029
16bdaa,59,1790779460029
1b715d,24,1790779460029
ca5b09,24,1790780360029
6858b8,55,1790779460029
1b9625,23,1790779460029
87bb5f,35,1790780360029
985d0d,25,1790780360029
271536,51,1790864960029
83ebb7,23,1790780360029
dd73dd,46,1790864960029
89689c,15,1790780360029
d5f7d3,59,1790779460029
3a68ba,41,1790779460029
12b1ef,51,1790779460029
b60f5f,54,1790779460029
0f84bc,22,1790780360029
72266f,19,1790780360029
f84b0d,54,1790779460029
97f519,54,1790779460029
af40bb,53,1790864960029
244ec2,55,1790864960029
ba13f4,41,1790864960029
797759,21,1790780360029
04ede4,26,1790780360029
f44fee,33,1790779460029
162795,47,1790779460029
800cee,41,1790779460029
f64b08,38,1790780360029
668b92,38,1790780360029
4ef190,49,1790779460029
37ce54,51,1790779460029
897a24,36,1790864960029
f94d3c,16,1790779460029
74cbe2,50,1790780360029
8babed,44,1790864960029
c0c782,29,1790779460029
835c36,41,1790864960029
4a97fe,59,1790864960029
f3e35b,30,1790780360029
85a6bc,17,1790864960029
88b993,55,1790779460029
2b2d00,28,1790864960029
841578,48,1790864960029
01ae97,37,1790864960029
1ea9b2,37,1790864960029
4db346,23,1790864960029
6a41f7,25,1790779460029
5b70b3,60,1790779460029
bc6b27,42,1790780360029
addb49,30,1790779460029
ca1a6e,26,1790864960029
5a4137,25,1790864960029
4ad05b,51,1790864960029
f30111,48,1790779460029
c1eb3d,30,1790779460029
34c0e9,54,1790779460029
cc1dfb,52,1790779460029
bc1e2c,30,1790864960029
d28a6e,51,1790864960029
d7ca8d,28,1790864960029
2c09bd,31,1790780360029
a2de88,26,1790780360029
b72b5b,51,1790779460029
f60459,24,1790779460029
83ee94,41,1790780360029
3f80c5,32,1790780360029
316d4c,50,1790779460029
4f0295,39,1790864960029
0bb542,34,1790864960029
aa3a60,42,1790779460029
9fc90a,59,1790864960029
14a5a6,36,1790864960029
6c9928,50,1790864960029
cefc6c,18,1790864960029
061c0c,47,1790864960029
a793ab,43,1790779460029
c9dc74,15,1790864960029
11dbab,19,1790780360029
b80cad,27,1790779460029
7d1804,40,1790779460029
01720f,59,1790864960029
ec9b88,58,1790779460029
faca9c,27,1790780360029
6b9b15,31,1790780360029
7c21b6,27,1790780360029
7843bc,30,1790780360029
5a6884,56,1790780360029
94c7fc,49,1790779460029
1a6b2d,22,1790780360029
a25e28,22,1790780360029
4842a2,47,1790780360029
672961,36,1790780360029
90f3d8,39,1790864960029
ac0ec3,59,1790864960029
1cb4f8,23,1790779460029
a5e2f2,28,1790779460029
34fc2f,42,1790780360029
fb51cb,30,1790864960029
916da7,35,1790864960029
1f2776,18,1790864960029
cb3247,27,1790780360029
a043a4,30,1790864960029
5b1e2c,57,1790780360029
f01cca,28,1790779460029
06b213,39,1790779460029
915a76,38,1790779460029
c3a71d,45,1790864960029
4d0e18,23,1790779460029
2bdd88,26,1790780360029
9f78cf,41,1790864960029
64755e,31,1790779460029
8777f9,44,1790779460029
e2cfa9,46,1790780360029
e81e96,51,1790780360029
4fc49e,38,1790780360029
34ef0f,42,1790780360029
27ce1c,17,1790864960029
56b899,27,1790864960029
654a82,35,1790780360029
a735b4,52,1790864960029
ed4640,28,1790780360029
5f33cf,20,1790779460029
fa4acc,60,1790864960029
9dc2a6,28,1790780360029
93d221,18,1790780360029
dda7d8,32,1790780360029
81a23b,43,1790779460029
d6eecc,29,1790864960029
45b692,44,1790864960029
88e839,28,1790864960029
c74956,30,1790864960029
fb3091,45,1790864960029
03f8aa,28,1790864960029
9720df,24,1790780360029
f2da72,60,1790864960029
efbb2c,33,1790779460029
399e3f,24,1790864960029
ed1e3d,26,1790779460029
e905ad,31,1790779460029
c15786,48,1790864960029
f9f21f,59,1790780360029
cb7c98,48,1790779460029
3f59a5,28,1790780360029
c1d0a7,52,1790779460029
3d017b,21,1790780360029
8715ea,37,1790779460029
2ba1ce,22,1790779460029
ec6691,59,1790780360029
b86d33,57,1790780360029
d94c81,58,1790864960029
a3fba5,24,1790779460029
37e1f6,52,1790780360029
208893,32,1790779460029
aa91b6,56,1790864960029
f169f0,27,1790864960029
e20617,24,1790779460029
728289,51,1790779460029
1417c9,47,1790864960029
a0a2b0,20,1790779460029
a81dd0,26,1790864960029
b56dd6,36,1790779460029
765eda,36,1790780360029
a62dd8,44,1790780360029
0b206f,52,1790779460029
e936b6,22,1790779460029
35cfe1,19,1790780360029
dea8dc,44,1790779460029
9f95b2,30,1790780360029
7afbe5,59,1790864960029
4264d4,41,1790780360029
75324b,43,1790779460029
1048d0,37,1790779460029
1d3f70,24,1790780360029
97192a,35,1790780360029
341db7,35,1790779460029
b62ec5,54,1790864960029
355959,35,1790779460029
2aaee5,52,1790780360029
8cfc20,20,1790780360029
865849,17,1790780360029
22adbe,33,1790780360029
6939e9,57,1790780360029
2dd868,36,1790864960029
e5c4ed,18,1790779460029
32a136,18,1790779460029
a8d7a6,28,1790864960029
994898,49,1790779460029
406d73,59,1790779460029
9b73e0,40,1790779460029
67611d,54,1790780360029
a7835c,30,1790864960029
750e22,52,1790779460029
1a1fd6,56,1790780360029
b9832d,50,1790780360029
36e6fb,32,1790864960029
b915a7,48,1790779460029
02a3cd,50,1790780360029
31fc04,21,1790779460029
86f9fa,16,1790864960029
4ebac9,58,1790780360029
362f45,44,1790779460029
b4f3aa,32,1790864960029
14caac,39,1790779460029
9c792b,20,1790779460029
6eea25,28,1790864960029
815a1c,51,1790779460029
27d470,46,1790864960029
8ceff9,36,1790779460029
758957,53,1790780360029
685341,47,1790779460029
b59d91,30,1790864960029
d4612b,53,1790779460029
7eb895,22,1790864960029
4d0e48,36,1790780360029
0c6269,41,1790780360029
2e9cc7,46,1790779460029
b45e0e,17,1790780360029
3d298f,24,1790779460029
a4c6c3,33,1790864960029
82e602,56,1790779460029
58c1b2,25,1790779460029
3c6f30,58,1790864960029
b2af3b,58,1790864960029
4daae3,26,1790779460029
2d48b4,52,1790779460029
f6c8d4,25,1790780360029
1a765a,56,1790780360029
007f53,23,1790864960029
02d456,50,1790864960029
8d1a4f,20,1790780360029
bfb7d8,35,1790779460029
70b0f2,57,1790864960029
4af2d1,17,1790864960029
d9aafe,24,1790864960029
d40f9e,49,1790780360029
a95352,53,1790864960029
6d3673,52,1790779460029
9c7a9b,20,1790864960029
97677a,46,1790780360029
31e343,36,1790779460029
8a554e,40,1790864960029
b15e93,59,1790779460029
6db376,36,1790864960029
cd1dc6,33,1790780360029
26c251,33,1790779460029
a761de,50,1790864960029
60c411,43,1790779460029
85e0a1,17,1790779460029
7a3814,22,1790779460029
e16136,47,1790864960029
452177,43,1790780360029
e62512,28,1790779460029
96993d,32,1790780360029
eb7bb3,45,1790864960029
efcd81,36,1790864960029
a7d3b1,51,1790779460029
61657d,43,1790780360029
8c42cd,30,1790779460029
9e12cb,30,1790779460029
ad841a,15,1790864960029
a17735,20,1790864960029
0342bb,45,1790779460029
02407a,27,1790779460029
7bfc9e,58,1790779460029
9ed47f,60,1790864960029
cd8335,33,1790864960029
b87ba6,37,1790780360029
f14da4,58,1790864960029
c0dd85,38,1790864960029
598d2f,28,1790779460029
2e7548,48,1790864960029
2daca5,21,1790779460029
1b4de8,57,1790779460029
807268,27,1790864960029
e07061,35,1790779460029
6fdbc2,60,1790779460029
aabfdf,38,1790864960029
1518d8,55,1790779460029
2b0aad,47,1790779460029
618270,40,1790864960029
02b70b,59,1790780360029
fb26c5,57,1790779460029
42e4b2,43,1790864960029
36b6ea,38,1790779460029
a8bcf3,30,1790864960029
eeb614,56,1790780360029
6d33ad,19,1790780360029
94f9ed,17,1790779460029
20511f,33,1790780360029
e00f19,23,1790780360029
1ba477,43,1790864960029
5bdf80,24,1790780360029
326d03,42,1790864960029
eef722,29,1790780360029
e433b9,19,1790779460029
7e2d24,54,1790864960029
b3a314,60,1790779460029
7c9d86,58,1790779460029
a19bde,40,1790780360029
8ea94c,22,1790780360029
6bbd57,46,1790779460029
be26c2,31,1790779460029
c82c40,41,1790780360029
66be3a,60,1790779460029
e510da,18,1790780360029
9bc438,34,1790780360029
2a2fd7,42,1790864960029
8c4263,51,1790780360029
2280fd,17,1790779460029
8cc1b8,60,1790864960029
9f3685,35,1790779460029
a05df8,23,1790864960029
4653e9,26,1790780360029
d3d20c,57,1790780360029
aeee0c,22,1790780360029
be42e4,51,1790780360029
bd0a5d,22,1790780360029
4edf5d,49,1790779460029
984468,37,1790780360029
5307fa,52,1790779460029
d0db23,53,1790864960029
a1bf17,30,1790779460029
8a6484,31,1790779460029
7d1700,32,1790780360029
50e348,41,1790864960029
938780,40,1790780360029
1e3989,29,1790864960029
a86f2b,16,1790864960029
3eeeab,38,1790864960029
051287,54,1790780360029
59bbe6,23,1790864960029
bff355,31,1790780360029
234a0b,44,1790779460029
9d3503,55,1790779460029
dc3b7a,47,1790779460029
4d4a28,51,1790780360029
946481,40,1790780360029
39f53f,43,1790864960029
632adc,42,1790864960029
6df7fa,54,1790864960029
6c5588,40,1790780360029
56b176,26,1790779460029
a7a433,39,1790779460029
d50017,46,1790864960029
b72e2f,30,1790779460029
32eb6f,22,1790864960029
8a2b54,48,1790779460029
ce9e01,37,1790779460029
88d263,31,1790864960029
051461,42,1790779460029
c1a36c,47,1790864960029
ab62d8,48,1790780360029
c3514d,56,1790864960029
2e33c4,26,1790780360029
7af582,44,1790780360029
60cbd1,30,1790779460029
5b5c6d,23,1790864960029
8e69d0,47,1790864960029
b2d982,33,1790780360029
e1e16e,52,1790779460029
60cc93,21,1790864960029
156867,46,1790779460029
0d5724,59,1790779460029
2bb3b4,18,1790864960029
cbc507,43,1790779460029
d01dd1,53,1790780360029
c36ef5,47,1790780360029
bc381b,48,1790864960029
4c34c2,60,1790864960029
729398,59,1790779460029
dfb3a2,16,1790780360029
13c273,31,1790779460029
dcb098,49,1790780360029
a78d5a,59,1790780360029
80a452,37,1790779460029
e95ff0,40,1790864960029
b9d8d0,45,1790779460029
e3941d,36,1790864960029
93b2e0,49,1790779460029
24a951,60,1790864960029
d73c0e,17,1790779460029
521828,20,1790780360029
80a088,42,1790864960029
e1d890,37,1790780360029
a9b20b,53,1790780360029
fcdef1,56,1790780360029
a059fa,56,1790864960029
aa00e0,40,1790779460029
96e6e9,43,1790779460029
922abf,37,1790780360029
366896,60,1790779460029
3724e9,33,1790864960029
7f4193,30,1790864960029
c59782,59,1790864960029
77e82b,37,1790780360029
589634,39,1790864960029
3c4ec3,47,1790780360029
b57ce3,37,1790780360029
140c05,33,1790780360029
565d71,49,1790864960029
54a988,32,1790864960029
2780a9,54,1790864960029
de8667,18,1790779460029
f73957,30,1790864960029
955cff,42,1790864960029
fb1bb3,34,1790779460029
5662cd,58,1790780360029
cf8d93,22,1790864960029
8369bb,37,1790780360029
9d5ac7,50,1790864960029
a9e9fe,57,1790779460029
627e16,32,1790779460029
2560a7,41,1790780360029
55d375,47,1790864960029
964fbd,27,1790864960029
c6afb5,59,1790780360029
26207c,40,1790780360029
5445c2,31,1790779460029
17a107,58,1790780360029
1901b5,44,1790779460029
87d4a5,28,1790779460029
3d604e,16,1790780360029
37e132,55,1790864960029
9c781f,55,1790864960029
227929,19,1790864960029
4a2b62,54,1790779460029
74a59c,56,1790780360029
3119f0,15,1790779460029
fedf64,28,1790780360029
8a4737,37,1790780360029
3e7aef,31,1790779460029
f15a2a,38,1790779460029
2c2ae6,54,1790779460029
8339a0,19,1790779460029
be2f65,16,1790780360029
c2ca48,60,1790779460029
59b456,60,1790780360029
c73014,20,1790779460029
3dccae,34,1790780360029
c5d860,51,1790779460029
375856,57,1790864960029
ed586e,46,1790864960029
60674b,32,1790864960029
473b88,60,1790864960029
8a3de4,60,1790864960029
4d26ca,52,1790780360029
d2ea01,25,1790864960029
5c8271,36,1790780360029
000221,53,1790864960029
01033f,24,1790864960029
f59a96,49,1790779460029
12e5bc,32,1790864960029
d18c9a,56,1790779460029
fadd9f,56,1790780360029
384ef9,37,1790864960029
5f38ff,29,1790864960029
20e00d,39,1790780360029
12b1c8,50,1790864960029
e6713f,25,1790779460029
65bc74,50,1790780360029
e1e329,34,1790780360029
072e69,25,1790780360029
9c8d68,53,1790864960029
c59552,19,1790780360029
b32a83,51,1790864960029
ad1a7a,38,1790779460029
726dec,60,1790864960029
25fab5,30,1790864960029
8a9f88,57,1790779460029
749d12,25,1790780360029
214fe5,19,1790779460029
791a89,59,1790780360029
9bf641,45,1790864960029
e9ed48,27,1790864960029
22e6dd,16,1790864960029
72c32d,15,1790779460029
d6a140,26,1790780360029
af4039,17,1790779460029
49147d,17,1790779460029
55e0a6,26,1790779460029
ee5102,23,1790864960029
569c21,30,1790864960029
bdc2f7,48,1790780360029
9b51a8,39,1790780360029
76c292,59,1790779460029
c48b17,41,1790779460029
339dfb,50,1790779460029
14baca,25,1790864960029
5ce553,46,1790780360029
e7a6c6,59,1790780360029
2035a7,18,1790864960029
ac5361,45,1790780360029
ab26c4,55,1790864960029
30fe56,19,1790864960029
4e60e9,58,1790779460029
c173a4,29,1790864960029
00dfc8,22,1790780360029
5f97d5,31,1790779460029
95fbd4,59,1790779460029
cfac92,26,1790864960029
597007,44,1790864960029
b5ea78,42,1790864960029
dd7842,48,1790780360029
97174f,41,1790864960029
86e62c,19,1790779460029
81ba53,36,1790780360029
c78560,42,1790780360029
fb87d4,46,1790779460029
8a3306,59,1790779460029
03d29e,44,1790779460029
5a4d5e,52,1790779460029
d21f7e,15,1790864960029
2ea2ef,35,1790864960029
53120a,60,1790780360029
1481bd,60,1790864960029
344dbc,23,1790780360029
60e2f9,46,1790864960029
d27fdf,43,1790780360029
08aab1,22,1790779460029
d64ad0,38,1790864960029
6602e3,57,1790780360029
e11a5d,25,1790864960029
fcfabf,33,1790779460029
17704c,20,1790779460029
5e9f8e,28,1790864960029
7290ff,26,1790864960029
5db28b,41,1790779460029
f5a9b6,42,1790780360029
ec9265,36,1790779460029
75f0b2,16,1790864960029
64a487,57,1790780360029
f47224,48,1790779460029
2b2e81,35,1790779460029
177771,15,1790864960029
ed0c49,40,1790864960029
f2c44e,54,1790780360029
67a697,35,1790780360029
9262e5,29,1790864960029
74c479,31,1790779460029
88b3ab,38,1790779460029
f0f803,39,1790780360029
ec156c,51,1790780360029
434178,53,1790864960029
5a2186,22,1790864960029
70d681,31,1790779460029
374441,16,1790864960029
457331,35,1790864960029
51acee,54,1790779460029
48b948,40,1790864960029
ad9036,28,1790779460029
b0549e,44,1790779460029
3500b2,55,1790780360029
ed3861,30,1790779460029
3f6212,31,1790864960029
9a10f8,19,1790864960029
36b82c,57,1790864960029
8252d5,48,1790780360029
612360,48,1790779460029
9d53c4,18,1790779460029
9e70f6,29,1790864960029
d549ea,39,1790780360029
1125e7,43,1790779460029
be0671,33,1790864960029
0aae66,57,1790864960029
32e288,48,1790864960029
e81442,38,1790779460029
b5d8f8,20,1790779460029
10daec,39,1790780360029
3b0621,38,1790780360029
a45d92,49,1790864960029
6fb829,31,1790780360029
22ae7d,55,1790864960029
af52d9,16,1790864960029
4772ae,48,1790779460029
fb4f28,59,1790864960029
3d0aa9,36,1790864960029
d815fa,52,1790864960029
cdfb4c,36,1790780360029
7949ae,53,1790864960029
bcb666,24,1790864960029
5b8614,34,1790864960029
2d2d70,16,1790864960029
4d6d0f,28,1790779460029
90a05c,32,1790864960029
c4e419,47,1790779460029
bbaccd,47,1790779460029
5534fb,38,1790864960029
c0b36b,45,1790780360029
1fb19f,56,1790779460029
3ceee9,53,1790780360029
2e69df,15,1790780360029
8aac93,33,1790864960029
15c5eb,22,1790864960029
88835a,60,1790780360029
32b50b,26,1790864960029
b502f0,47,1790864960029
80891b,20,1790864960029
a6d658,23,1790780360029
8c92ac,38,1790864960029
09c0a1,26,1790779460029
d32382,37,1790780360029
60f8fb,42,1790779460029
06ab84,48,1790779460029
7333b2,18,1790864960029
2f24df,21,1790780360029
92564b,27,1790779460029
ffecad,34,1790864960029
9cc1c8,16,1790779460029
3fb0e6,17,1790779460029
d3f75d,38,1790864960029
70372e,34,1790779460029
7cf7ed,43,1790864960029
b8af88,22,1790780360029
81f824,27,1790780360029
8ba596,41,1790864960029
92aa81,27,1790779460029
b78a82,16,1790864960029
f12442,18,1790779460029
6fbcf2,50,1790864960029
6da2e3,34,1790779460029
23831f,31,1790779460029
a0b0b2,15,1790780360029
b53f2f,19,1790780360029
1bd9a5,59,1790780360029
d70ab8,26,1790780360029
5fc3fd,38,1790779460029
fdb7cb,45,1790779460029
c625b3,28,1790779460029
cf5783,49,1790779460029
c98838,55,1790864960029
6be5f4,34,1790779460029
362154,30,1790864960029
1c615f,49,1790780360029
01cb37,35,1790780360029
29f166,53,1790864960029
90365d,51,1790780360029
ac840d,53,1790780360029
2f1f9a,30,1790864960029
a5aaa5,24,1790864960029
4bfb24,54,1790864960029
a2804a,20,1790779460029
459195,35,1790780360029
28bc8c,25,1790864960029
4e3eac,24,1790864960029
61b37e,20,1790780360029
9bb669,53,1790780360029
9960d1,54,1790780360029
02a74e,19,1790864960029
c26145,43,1790779460029
e681f4,23,1790779460029
4f47ec,26,1790780360029
dab79e,31,1790864960029
441e1a,30,1790779460029
fb66db,59,1790780360029
0172f5,20,1790780360029
96927d,30,1790864960029
cbd12c,16,1790864960029
dde809,47,1790779460029
8051bc,31,1790780360029
a58da1,43,1790780360029
553b82,55,1790780360029
62b870,55,1790779460029
598003,56,1790864960029
282c08,33,1790779460029
4b8959,32,1790864960029
b58124,45,1790780360029
0b3da0,43,1790780360029
1932d4,50,1790779460029
5460ca,47,1790780360029
b378cb,29,1790780360029
6444af,41,1790779460029
fd156a,19,1790864960029
0e2336,25,1790779460029
a537ec,47,1790779460029
abac41,50,1790780360029
452786,46,1790779460029
1fe443,20,1790780360029
e7a645,24,1790780360029
9ae01a,53,1790864960029
f22183,46,1790779460029
696253,52,1790780360029
01dbe5,36,1790780360029
a63322,53,1790864960029
59c589,15,1790864960029
c7d2d3,37,1790779460029
0a3c80,33,1790864960029
6eb108,38,1790779460029
5c84d0,25,1790864960029
11e03d,53,1790779460029
a39eb7,46,1790779460029
1d9810,25,1790779460029
c91e7e,22,1790780360029
deb4cc,30,1790779460029
9ec12d,18,1790864960029
2a28ce,20,1790864960029
1354f8,26,1790780360029
d43ff6,39,1790779460029
b33c80,58,1790780360029
1691f4,33,1790864960029
2706bb,51,1790780360029
742af6,30,1790780360029
bf2a08,28,1790780360029
09b60e,39,1790864960029
9d587c,20,1790864960029
456809,43,1790779460029
dcbbd7,17,1790864960029
2cb342,46,1790779460029
a62d0e,44,1790780360029
69a381,25,1790780360029
87cc9a,47,1790780360029
956a75,40,1790864960029
4fb9f4,17,1790864960029
a9dae2,25,1790779460029
db7572,22,1790864960029
86236d,56,1790864960029
46a625,57,1790780360029
2c827d,41,1790779460029
c78eda,27,1790779460029
46f8fd,20,1790779460029
bf8653,19,1790779460029
fcb98a,58,1790864960029
b38ae4,51,1790864960029
2a8339,24,1790780360029
5dbbdc,53,1790864960029
d42074,15,1790864960029
ba745a,45,1790864960029
323ec6,43,1790780360029
d54889,39,1790864960029
8190aa,60,1790779460029
6e78e7,47,1790864960029
bfb286,32,1790779460029
fccace,43,1790864960029
cd6ae3,37,1790780360029
4143bf,35,1790864960029
1ad3d1,32,1790864960029
025c68,58,1790864960029
96823b,49,1790779460029
bcb792,57,1790864960029
0d8e07,36,1790779460029
1aa43e,56,1790779460029
0119d9,49,1790864960029
02561a,19,1790864960029
1cb98b,39,1790779460029
46c11a,25,1790779460029
73b4df,60,1790780360029
e69ee4,49,1790780360029
0a5cd5,54,1790779460029
202374,18,1790864960029
7da1d5,31,1790780360029
1ca3cb,59,1790780360029
125e9b,59,1790780360029
42af94,52,1790864960029
6fa3fe,49,1790864960029
5c31a0,28,1790780360029
7dbef2,16,1790779460029
bd5831,33,1790864960029
f8d596,53,1790864960029
1a95fb,34,1790779460029
452818,27,1790780360029
57b436,60,1790780360029
1ee41d,34,1790864960029
cdf0db,32,1790780360029
18cb04,35,1790779460029
73e7a4,47,1790779460029
905d36,24,1790779460029
a4d15a,58,1790780360029
16814b,30,1790779460029
e397be,21,1790864960029
4f17c3,47,1790780360029
a98d46,19,1790780360029
083561,23,1790780360029
afbf5d,53,1790779460029
0acc37,17,1790779460029
7ffa66,28,1790779460029
aae1a4,42,1790779460029
2f7393,31,1790864960029
4ff86a,41,1790780360029
72a4ee,38,1790864960029
43577e,37,1790780360029
f81d00,59,1790779460029
52272b,48,1790864960029
2e6268,18,1790779460029
17facd,28,1790780360029
acb0de,54,1790780360029
47125a,20,1790780360029
2d600f,18,1790779460029
d75beb,19,1790779460029
e961a7,46,1790780360029
9fd9b0,15,1790780360029
5bbfbd,56,1790779460029
564ea7,40,1790779460029
8b6db1,43,1790780360029
eeaeb7,43,1790780360029
746c5d,39,1790864960029
9f95f8,52,1790779460029
270b9d,41,1790779460029
3bb40d,18,1790780360029
9ec841,53,1790864960029
314a05,55,1790780360029
4229d7,50,1790780360029
d7fd2c,24,1790779460029
d34ab3,37,1790864960029
6ef612,60,1790780360029
902fb1,15,1790780360029
dd6a4b,43,1790779460029
b4c38e,44,1790864960029
32c84b,28,1790780360029
ab2fba,53,1790864960029
3ec69b,40,1790779460029
11fbca,46,1790779460029
c21242,24,1790864960029
db6ea3,39,1790864960029
026aa2,58,1790780360029
9b31e6,43,1790779460029
352e82,47,1790864960029
c4031e,37,1790779460029
65b92c,18,1790779460029
f1d79d,33,1790779460029
713dfb,36,1790779460029
0766e8,44,1790780360029
85735b,56,1790864960029
1b0c38,23,1790780360029
65c152,38,1790779460029
ae23af,16,1790864960029
b69989,45,1790779460029
85d021,52,1790779460029
d28521,18,1790864960029
6be24f,24,1790779460029
750200,51,1790780360029
49325a,37,1790779460029
c05438,41,1790780360029
e9579f,26,1790864960029
c78983,41,1790864960029
909c2c,16,1790864960029
c09769,31,1790864960029
d87ca1,46,1790780360029
e3198f,43,1790780360029
110ba9,59,1790779460029
271e56,15,1790779460029
a30bd7,30,1790780360029
0ca512,20,1790864960029
cd7af0,35,1790779460029
bdb743,60,1790864960029
b4a64c,27,1790779460029
aa4c5f,29,1790780360029
d81c73,20,1790780360029
c6c3e2,54,1790780360029
c8eb11,52,1790780360029
ef035e,40,1790779460029
2c9080,20,1790864960029
01849a,40,1790780360029
c99a02,25,1790864960029
7e84aa,56,1790864960029
2c4644,36,1790864960029
b423cc,43,1790864960029
3a2ee8,38,1790780360029
70ad7f,36,1790864960029
a0e32c,18,1790864960029
814115,15,1790864960029
9e434c,22,1790779460029
dd419c,51,1790779460029
52f2ff,17,1790780360029
40714b,40,1790864960029
1197d6,46,1790779460029
9321eb,34,1790864960029
f83d26,56,1790780360029
54184a,30,1790864960029
7d9707,31,1790780360029
e20eae,58,1790864960029
993347,18,1790864960029
fd936d,41,1790864960029
a9acaf,39,1790779460029
629d06,19,1790864960029
abe59d,45,1790779460029
d4a8af,24,1790779460029
6cd012,15,1790780360029
02c116,34,1790780360029
15a358,25,1790779460029
141329,33,1790864960029
6ffff9,57,1790780360029
99f601,28,1790780360029
335ceb,17,1790864960029
0aea5d,51,1790779460029
5212b5,32,1790864960029
8d49e9,58,1790864960029
047056,18,1790779460029
cb50dc,46,1790780360029
3bad11,45,1790780360029
9eaa1c,26,1790779460029
a40c6c,37,1790779460029
babc7b,29,1790864960029
3f1797,28,1790779460029
fab681,48,1790779460029
57e735,32,1790779460029
33aa3b,57,1790780360029
d6668d,16,1790780360029
3d69c8,19,1790780360029
186a1d,36,1790780360029
1701b9,57,1790864960029
e17799,58,1790779460029
f01af0,40,1790864960029
7b45a7,48,1790780360029
c44931,20,1790780360029
b76d2c,21,1790864960029
13874f,44,1790779460029
d1c59b,36,1790780360029
934084,53,1790779460029
6d6a75,32,1790779460029
408c8d,37,1790780360029
6c795d,48,1790779460029
b82024,48,1790780360029
3362a4,48,1790779460029
3fb846,36,1790780360029
125647,26,1790780360029
7d9a3c,44,1790864960029
792947,27,1790779460029
07bdfd,49,1790864960029
9942e3,58,1790864960029
24bcb2,31,1790780360029
8783f6,34,1790780360029
623208,35,1790779460029
d0bd46,33,1790864960029
1c1e0d,16,1790780360029
486d98,47,1790864960029
9aef49,57,1790779460029
c0bd5b,32,1790780360029
69942d,23,1790864960029
ac44aa,46,1790780360029
250a21,52,1790779460029
569903,41,1790780360029
391a0f,44,1790780360029
1c9546,19,1790864960029
118f8f,34,1790780360029
35d847,16,1790780360029
e725a5,51,1790864960029
8eb49e,24,1790779460029
36ee2f,15,1790864960029
bcf62c,50,1790864960029
08df55,60,1790780360029
5f366a,51,1790864960029
f5308f,50,1790864960029
a4c770,59,1790864960029
531b08,22,1790780360029
8b367b,32,1790864960029
f38fd6,19,1790780360029
413e81,25,1790864960029
544eb4,48,1790864960029
7ed713,32,1790779460029
e52fec,60,1790779460029
dab2b1,44,1790864960029
ab00cc,42,1790779460029
1e586b,32,1790780360029
a02e95,29,1790779460029
011b1b,38,1790864960029
f3f129,25,1790779460029
9005cc,26,1790780360029
8ddae3,56,1790779460029
c6b8b9,44,1790864960029
98d035,19,1790779460029
914889,18,1790864960029
116995,55,1790779460029
3ce712,18,1790780360029
8deae2,41,1790864960029
03e7f7,33,1790864960029
e53fa6,29,1790864960029
05deb6,27,1790779460029
ea4361,59,1790780360029
b829cf,30,1790779460029
adae4b,34,1790779460029
63821f,54,1790864960029
9caf76,16,1790779460029
42ada8,46,1790864960029
9be39c,39,1790779460029
b12406,50,1790780360029
041061,40,1790864960029
017456,59,1790780360029
f00d54,60,1790779460029
d9b8f3,22,1790780360029
758c2c,45,1790864960029
cec310,42,1790780360029
dc6ab2,39,1790779460029
3598cf,18,1790779460029
3689c5,54,1790779460029
c41be4,37,1790779460029
c38390,56,1790864960029
bacb2a,31,1790864960029
5275d8,35,1790779460029
69790e,54,1790779460029
3de31a,19,1790779460029
e867ff,29,1790864960029
df8f28,46,1790864960029
15af7c,55,1790780360029
bbcfda,18,1790780360029
6f6b73,26,1790780360029
2a9d5e,21,1790779460029
9188d8,36,1790779460029
5dae44,27,1790864960029
a99cf4,34,1790779460029
333721,36,1790864960029
0fd27f,59,1790864960029
95c8f7,47,1790779460029
b30f05,34,1790864960029
8ec9d6,17,1790780360029
427ca9,41,1790779460029
6ee4c1,30,1790864960029
1e3254,28,1790780360029
d3b4ae,45,1790864960029
b03d0f,49,1790864960029
68a4ea,36,1790864960029
1f85fb,46,1790779460029
a67764,56,1790864960029
1208ae,35,1790779460029
53edc8,15,1790779460029
448694,52,1790779460029
6c1a5a,53,1790780360029
3a6fe1,55,1790864960029
e92536,52,1790864960029
87387a,56,1790780360029
e8867d,22,1790864960029
ce0eb5,55,1790780360029
83dbf4,17,1790864960029
a09040,30,1790779460029
2c144e,52,1790780360029
639e87,15,1790780360029
b8ba55,29,1790779460029
2dd6a8,15,1790780360029
5fbf83,50,1790864960029
93a41f,19,1790780360029
0a2d58,39,1790780360029
d6e6ad,21,1790780360029
f7b697,51,1790780360029
98986b,20,1790864960029
6e9f68,46,1790780360029
953827,33,1790780360029
1c645d,15,1790779460029
0f7f75,15,1790780360029
1ba164,36,1790780360029
8489cf,59,1790779460029
abca80,27,1790864960029
a2a39b,45,1790780360029
c7f88d,53,1790779460029
05ec00,21,1790780360029
5052df,48,1790780360029
7aa32b,16,1790779460029
c79a45,24,1790779460029
a797a1,31,1790864960029
3f3c99,60,1790779460029
164d18,25,1790864960029
469f7e,39,1790779460029
51cfc2,38,1790780360029
cecab0,44,1790780360029
0128fc,21,1790864960029
8a6eff,27,1790864960029
4f6a8c,58,1790779460029
4333a1,53,1790780360029
043a5b,18,1790780360029
81eda4,45,1790780360029
1fa827,19,1790780360029
fc51f4,28,1790779460029
d77492,49,1790780360029
9f0a58,54,1790864960029
952a4e,18,1790864960029
b1b564,26,1790779460029
425ad6,59,1790864960029
5c0f79,40,1790864960029
02dcc9,53,1790864960029
7fc13d,31,1790779460029
ec9862,44,1790780360029
efc371,26,1790780360029
a26470,55,1790779460029
9412d0,45,1790780360029
2dff85,35,1790779460029
8fb1b4,54,1790779460029
731548,47,1790779460029
c44fbd,53,1790779460029
deb917,25,1790780360029
2c5d01,27,1790780360029
bb0fe3,45,1790780360029
12f8d1,35,1790780360029
4367c2,54,1790780360029
fa545b,57,1790779460029
d1c8f3,41,1790864960029
a021e1,20,1790780360029
a871b6,25,1790779460029
9ba205,36,1790779460029
447869,24,1790779460029
1c727f,31,1790864960029
f14272,15,1790864960029
e444c3,51,1790779460029
730002,17,1790779460029
9671cb,50,1790864960029
dd4b40,52,1790864960029
ef12ca,15,1790779460029
f18b7b,45,1790864960029
6fdb36,19,1790780360029
4eb9d4,54,1790864960029
aee8ec,35,1790780360029
e2f2b1,45,1790864960029
f2f35f,34,1790779460029
6000ab,51,1790864960029
16d090,47,1790864960029
1de9a4,33,1790779460029
868ca2,33,1790779460029
7f98a8,44,1790779460029
e4ffbb,23,1790864960029
dc7f97,25,1790864960029
d18f57,21,1790779460029
904508,36,1790780360029
fb6542,47,1790864960029
1eafda,52,1790780360029
7cdda9,20,1790780360029
5953f9,27,1790780360029
aa9bc9,58,1790864960029
28942b,48,1790780360029
8d6df5,38,1790864960029
9d1b25,24,1790779460029
90fd08,27,1790779460029
040832,46,1790779460029
9413c0,42,1790780360029
f67a7a,54,1790779460029
7fde47,26,1790864960029
831711,57,1790780360029
16d96f,47,1790779460029
5402df,19,1790864960029
3087e9,24,1790864960029
5caf14,60,1790779460029
86d023,59,1790864960029
f731da,24,1790780360029
1e3387,46,1790779460029
29ffe2,52,1790779460029
e34617,25,1790780360029
868b13,43,1790864960029
3f3d4e,15,1790864960029
677981,57,1790864960029
7f8bb0,38,1790779460029
c2c51e,43,1790779460029
ec5f38,27,1790864960029
cc569d,19,1790780360029
90a16a,35,1790780360029
9f481f,37,1790780360029
f3c6c5,53,1790864960029
766a9e,15,1790779460029
04ffec,28,1790780360029
56d1bc,59,1790780360029
89ce74,46,1790779460029
a767aa,34,1790864960029
5d9ae8,53,1790779460029
21f323,43,1790779460029
f00375,40,1790864960029
c8d07d,48,1790864960029
402b6b,24,1790864960029
2adb51,21,1790779460029
9301c4,43,1790864960029
d76373,49,1790779460029
a827eb,55,1790779460029
9a1b21,18,1790864960029
1f95fb,17,1790779460029
3c8b97,47,1790779460029
4c41ad,60,1790779460029
753c32,32,1790779460029
13896a,28,1790864960029
808fe8,49,1790779460029
1743ee,35,1790779460029
ed66e0,22,1790779460029
9910ea,56,1790780360029
5cf664,54,1790779460029
55dbb7,30,1790780360029
bd56a6,42,1790780360029
174b3a,45,1790864960029
b56656,58,1790779460029
b71342,46,1790780360029
398115,24,1790864960029
846307,25,1790780360029
8999d4,49,1790864960029
462279,44,1790864960029
aa5dd2,51,1790779460029
6cbd73,45,1790780360029
8032d7,54,1790864960029
aa7f0d,38,1790780360029
5f099b,48,1790779460029
17fb98,29,1790780360029
e38487,48,1790780360029
b67a13,38,1790779460029
81ab0d,20,1790780360029
c2b7d0,36,1790779460029
dd22cf,47,1790864960029
61aa29,59,1790780360029
6ab472,17,1790779460029
11e931,15,1790779460029
dfc05a,52,1790780360029
3681e2,36,1790864960029
128d1c,24,1790864960029
5deb51,47,1790779460029
3b7146,55,1790864960029
8ac100,45,1790780360029
0ccfe2,31,1790779460029
375cf5,56,1790780360029
4d10d0,48,1790864960029
a0eaa4,23,1790780360029
c5098d,23,1790779460029
2e3b09,45,1790779460029
bbe33f,37,1790864960029
a34d77,50,1790780360029
451d5d,35,1790779460029
b7010c,41,1790864960029
61d0db,44,1790780360029
a2ef4d,57,1790864960029
101f78,33,1790780360029
dfd3b4,22,1790864960029
fb08db,57,1790779460029
08d430,21,1790864960029
aab82b,32,1790780360029
0e0345,47,1790864960029
fc3ea7,29,1790779460029
84b082,43,1790864960029
969fcf,39,1790780360029
8c285d,31,1790864960029
c6e41c,16,1790779460029
a604ef,49,1790864960029
cc2ec4,35,1790779460029
b60865,25,1790779460029
0522c2,19,1790779460029
43081f,17,1790780360029
89a618,20,1790779460029
c750ab,52,1790864960029
b8268f,33,1790864960029
970ec7,41,1790864960029
cdbef8,28,1790864960029
02e705,56,1790779460029
221cc1,28,1790864960029
20f679,16,1790779460029
b8eefc,60,1790779460029
fce81b,37,1790780360029
bbf763,20,1790780360029
38ff1a,20,1790780360029
291b8b,48,1790779460029
92a1de,30,1790864960029
57b2fa,20,1790780360029
4cd6de,53,1790864960029
9e2370,45,1790780360029
e01e7b,16,1790779460029
36de96,45,1790779460029
ccfb2c,19,1790864960029
655f1a,19,1790779460029
540ccd,36,1790780360029
d10ffe,25,1790779460029
8a9dcd,28,1790780360029
f2cfc9,19,1790864960029
0f0b04,24,1790780360029
f8b687,40,1790780360029
aa341c,42,1790864960029
3a9ea9,33,1790779460029
f3fe7e,41,1790864960029
55a79e,55,1790780360029
e467bf,43,1790780360029
8d7269,55,1790864960029
20625e,27,1790779460029
4bfe71,28,1790864960029
27485b,60,1790779460029
b047f7,44,1790780360029
d2f26d,21,1790779460029
bbdcff,58,1790780360029
2d3f1f,53,1790780360029
de601b,52,1790780360029
26674d,50,1790864960029
1f1d62,20,1790780360029
4f807a,45,1790779460029
4733a7,60,1790779460029
271d25,59,1790779460029
bcc452,57,1790780360029
297585,15,1790779460029
f59f33,27,1790780360029
617744,41,1790779460029
f1451c,21,1790864960029
10df12,17,1790780360029
da64d0,35,1790780360029
eaf152,15,1790780360029
a59b39,34,1790780360029
94c2b1,25,1790780360029
751675,20,1790864960029
ae0b38,45,1790780360029
20d052,48,1790780360029
6da88b,28,1790864960029
1eb85f,53,1790864960029
a2fbc0,32,1790779460029
6657b8,46,1790780360029
b131ce,48,1790864960029
321ac8,20,1790779460029
5554c6,17,1790780360029
379ab1,29,1790779460029
4b3d54,30,1790779460029
dbc0b4,28,1790864960029
40500e,38,1790864960029
9c8ce4,52,1790779460029
b25910,48,1790780360029
b8894a,36,1790779460029
4eca9e,35,1790864960029
9bcae4,56,1790780360029
ea537a,60,1790779460029
31d5d4,54,1790864960029
2d47bb,42,1790864960029
1be699,47,1790779460029
d00bc4,32,1790864960029
51ea9a,16,1790864960029
076216,52,1790779460029
ee4a0a,54,1790780360029
a069f8,40,1790864960029
150ed9,40,1790780360029
16aa9a,23,1790864960029
0f4bb3,33,1790780360029
ef322f,36,1790779460029
c164b5,56,1790779460029
cc9ea3,52,1790779460029
873bab,33,1790780360029
4e7b9c,42,1790864960029
e78a7f,24,1790780360029
718271,45,1790780360029
e60ad9,24,1790780360029
36d1e0,25,1790780360029
8be404,25,1790779460029
183eff,42,1790780360029
4c1749,51,1790779460029
b86a0b,58,1790780360029
ccda21,50,1790780360029
1a4a0d,38,1790864960029
550d37,24,1790780360029
d803f8,29,1790779460029
366a57,15,1790779460029
299ae9,43,1790779460029
283801,50,1790780360029
15922b,30,1790780360029
31a4d6,51,1790779460029
a159c7,52,1790780360029
948fff,44,1790779460029
163478,34,1790864960029
687930,44,1790864960029
db7802,28,1790864960029
19f627,55,1790864960029
891dab,34,1790780360029
ee5dff,43,1790864960029
cf8475,40,1790780360029
1c8294,37,1790864960029
b20711,31,1790779460029
c5f377,57,1790864960029
d0f51e,32,1790864960029
c73b59,48,1790864960029
f5bb52,37,1790779460029
7bb262,16,1790779460029
39e8f7,35,1790780360029
d0fe34,57,1790864960029
353cca,25,1790779460029
ca760f,57,1790864960029
a71806,47,1790779460029
bdea77,16,1790864960029
f5ddf8,15,1790779460029
9fd588,19,1790779460029
9a6322,28,1790780360029
8aed0e,48,1790779460029
205940,40,1790864960029
e0ab96,27,1790780360029
187f28,16,1790864960029
5ec6e4,18,1790779460029
43b6c7,26,1790779460029
00be83,57,1790779460029
6dd2aa,27,1790864960029
a754e4,45,1790779460029
842f97,27,1790864960029
79f52f,54,1790864960029
3b6fcd,40,1790779460029
e4e6df,36,1790864960029
452ad9,18,1790780360029
251548,26,1790779460029
0579dc,45,1790864960029
58fa43,16,1790864960029
a9b127,55,1790779460029
d629c6,39,1790779460029
743e41,42,1790780360029
a7b481,24,1790864960029
16af90,27,1790864960029
91d8de,50,1790779460029
48015a,30,1790864960029
5c5ab5,31,1790780360029
f07bfc,35,1790864960029
58b2bb,40,1790779460029
4b00b7,42,1790779460029
ec7dfb,43,1790864960029
873611,26,1790780360029
3fe7a4,49,1790864960029
6d76f4,30,1790864960029
9a41ea,55,1790864960029
ced76d,18,1790780360029
8b5f7e,18,1790864960029
5e6c92,45,1790864960029
e9eabd,43,1790864960029
d55906,27,1790780360029
472868,27,1790779460029
a34250,33,1790779460029
d9ba4a,54,1790779460029
e3abaf,59,1790780360029
454c99,42,1790779460029
8995ee,46,1790780360029
850f11,31,1790864960029
d7c4c0,56,1790864960029
0ddc38,20,1790780360029
d0e87b,27,1790779460029
f5ff9d,29,1790780360029
92581c,55,1790780360029
464968,38,1790864960029
542727,50,1790864960029
a72b72,18,1790780360029
a9450e,41,1790864960029
69a170,31,1790780360029
ff43d1,29,1790779460029
acb79a,17,1790779460029
bb33f3,55,1790864960029
9ce8c2,27,1790780360029
e25592,49,1790780360029
a8ffa9,60,1790780360029
733312,25,1790864960029
f80f70,32,1790780360029
b337a5,29,1790780360029
7c37d3,45,1790780360029
829715,34,1790864960029
5cd7a1,51,1790864960029
90a34b,28,1790779460029
b3536a,22,1790864960029
24a992,15,1790780360029
0cf0ef,60,1790779460029
a974b5,49,1790864960029
6e38ba,41,1790779460029
a3460e,50,1790780360029
ebde52,58,1790864960029
2e6130,19,1790864960029
8d7050,17,1790780360029
cf4c1b,29,1790864960029
1b6415,52,1790780360029
a72dc7,38,1790779460029
bb77a7,23,1790780360029
f80ad8,49,1790780360029
632b4d,60,1790779460029
cae551,41,1790780360029
6110a9,30,1790779460029
e159e5,51,1790779460029
03eba1,30,1790780360029
066190,36,1790780360029
610679,51,1790780360029
091aea,34,1790780360029
7ae087,38,1790779460029
cbacc4,52,1790780360029
8ca673,29,1790864960029
2e8ee2,21,1790864960029
e2f9f9,55,1790864960029
9ea3e5,60,1790864960029
8b76e6,16,1790780360029
6d5812,29,1790779460029
91ad71,28,1790864960029
11729c,36,1790864960029
9597ac,38,1790779460029
6579c9,15,1790780360029
f85976,48,1790779460029
bd2941,23,1790779460029
40a03c,52,1790864960029
0daed8,59,1790864960029
8c2c42,22,1790864960029
a24e8c,57,1790780360029
ec3569,56,1790864960029
61febc,45,1790780360029
dd03e4,26,1790864960029
f0753e,46,1790864960029
b4b915,21,1790780360029
265ed9,54,1790779460029
a2d713,25,1790779460029
382403,60,1790864960029
0f2b69,31,1790779460029
f62606,45,1790780360029
99c0b0,19,1790780360029
36dc4a,25,1790779460029
f540bc,56,1790780360029
b42d01,15,1790780360029
7c46e0,37,1790779460029
d1260d,28,1790780360029
b126eb,53,1790864960029
cbdca3,28,1790864960029
12c5af,51,1790779460029
35185a,50,1790780360029
58c2b6,35,1790779460029
335faa,59,1790780360029
035581,56,1790779460029
1b3547,20,1790779460029
eb0077,49,1790864960029
dd6829,29,1790779460029
186db1,33,1790780360029
e2a561,44,1790779460029
dff018,34,1790864960029
61503b,60,1790780360029
2b2a6d,42,1790864960029
b2716b,42,1790780360029
fed81a,19,1790780360029
32944a,60,1790864960029
40b412,30,1790779460029
d97bbd,46,1790780360029
560384,33,1790779460029
772bc5,43,1790779460029
d5e218,15,1790779460029
2ce24f,43,1790779460029
2c7a1d,17,1790780360029
90b727,35,1790780360029
626615,31,1790780360029
07c33d,31,1790779460029
ca99f4,23,1790779460029
139e87,36,1790779460029
c104a1,47,1790780360029
4c1570,29,1790864960029
44aa91,44,1790780360029
7cc5f3,26,1790780360029
6b0e07,50,1790780360029
1b9325,45,1790779460029
0d22bd,56,1790780360029
1c290b,31,1790779460029
3e6c52,53,1790864960029
115de8,16,1790864960029
e846d9,24,1790864960029
17989d,54,1790864960029
a06a24,51,1790864960029
851cc7,58,1790864960029
eddbd6,56,1790864960029
e112fd,59,1790780360029
06339d,36,1790864960029
5bc49c,35,1790779460029
28a422,28,1790780360029
f5567d,25,1790780360029
5c7894,34,1790864960029
0eaeaa,19,1790779460029
e76550,50,1790779460029
ed4733,29,1790864960029
b1b622,43,1790780360029
41db31,54,1790864960029
5c30f4,35,1790864960029
4c6b45,16,1790779460029
35973d,31,1790780360029
b6c051,18,1790780360029
7f7fd4,27,1790864960029
e34ff4,22,1790779460029
08cc62,31,1790780360029
e5daf5,53,1790864960029
4bbd6e,44,1790780360029
e6d4db,50,1790779460029
dc2711,28,1790779460029
86bcdd,16,1790779460029
47506c,17,1790779460029
b36afd,23,1790779460029
7256e6,36,1790864960029
17a529,37,1790780360029
4637b6,54,1790864960029
3eabb2,56,1790780360029
ff9da3,58,1790780360029
6ec5b5,44,1790780360029
ed0575,59,1790780360029
0f9097,23,1790779460029
7aa988,23,1790864960029
8a716d,57,1790780360029
dfc916,16,1790780360029
471105,29,1790864960029
462cd9,20,1790864960029
10245d,26,1790779460029
52be1b,18,1790780360029
a63aa8,39,1790780360029
81477e,17,1790780360029
a9e7c0,26,1790779460029
275825,47,1790779460029
5a061c,43,1790780360029
6b08b7,60,1790779460029
b62dd5,35,1790780360029
35bc05,50,1790864960029
21ce18,52,1790864960029
aca12a,22,1790864960029
ab2f5e,24,1790864960029
2740a3,42,1790780360029
816866,15,1790864960029
545bcf,53,1790780360029
085062,48,1790780360029
22844c,30,1790779460029
60cc83,37,1790780360029
38008d,56,1790864960029
a46ba7,33,1790864960029
2e7830,50,1790779460029
c81f81,54,1790780360029
0dbdcb,32,1790780360029
7d6a7c,30,1790779460029
5ca590,31,1790864960029
a6ef8e,18,1790779460029
3790d4,21,1790864960029
c0cdc6,20,1790864960029
af4163,44,1790779460029
8ac66d,15,1790779460029
5d7758,23,1790864960029
2e4e9d,32,1790780360029
f02adc,43,1790780360029
b6f896,45,1790864960029
48dec8,35,1790780360029
99867f,45,1790864960029
78f544,29,1790779460029
72e161,45,1790780360029
b653e7,50,1790780360029
8784b8,29,1790864960029
d160a0,27,1790780360029
a8e71c,26,1790779460029
06eb6d,30,1790780360029
efcbb1,42,1790779460029
873186,38,1790779460029
436fd1,53,1790780360029
65c3bd,16,1790864960029
66b429,44,1790864960029
773f76,52,1790780360029
c06ef6,15,1790779460029
cb8a60,30,1790779460029
77cab2,19,1790780360029
754fb5,39,1790780360029
9c8b51,47,1790780360029
b9e09b,43,1790780360029
afe348,46,1790780360029
b0945b,27,1790864960029
aedc1d,41,1790864960029
ecc6b4,28,1790779460029
5f7715,47,1790779460029
82244f,48,1790780360029
53d857,36,1790864960029
814850,30,1790779460029
14676d,52,1790780360029
06eebc,26,1790780360029
5e5590,55,1790780360029
123af9,39,1790779460029
e09e3e,51,1790780360029
e38fe6,30,1790864960029
83b342,45,1790780360029
f2dc0d,36,1790779460029
98f5fd,25,1790864960029
5d88b2,50,1790779460029
62bf07,50,1790779460029
7cb59e,42,1790779460029
8fb87b,36,1790779460029
6b2288,43,1790779460029
cc7efb,48,1790864960029
e7aa1e,19,1790780360029
555b8e,41,1790864960029
e587b2,48,1790780360029
a555de,50,1790780360029
3c461b,57,1790864960029
e4910f,24,1790780360029
b477b0,37,1790864960029
61ff23,43,1790780360029
67f16d,50,1790780360029
ce7858,46,1790864960029
20adad,60,1790779460029
9ccf90,42,1790779460029
43b99b,37,1790779460029
517b75,60,1790780360029
4deb8a,37,1790864960029
56e716,54,1790779460029
8aa894,50,1790779460029
a08641,37,1790864960029
091ea6,39,1790779460029
974866,22,1790779460029
27dcbb,29,1790779460029
e636e9,37,1790779460029
05c899,27,1790864960029
0b5f32,48,1790779460029
e0035e,55,1790864960029
dfa354,50,1790864960029
ebc5dd,35,1790779460029
add7fd,22,1790864960029
017681,54,1790864960029
eb820c,36,1790779460029
4f22e3,55,1790780360029
5b3b0d,35,1790780360029
7603f5,48,1790780360029
ec33ba,33,1790779460029
70b7cf,35,1790780360029
749a3b,58,1790864960029
7c2ae6,30,1790779460029
8ea871,26,1790864960029
6884af,59,1790779460029
edd16c,47,1790780360029
6fbdb7,53,1790779460029
747036,50,1790780360029
75f939,39,1790779460029
3a6d23,52,1790779460029
b89753,45,1790780360029
540fb1,44,1790864960029
aeb8e6,17,1790779460029
8cb827,30,1790779460029
80cf91,17,1790864960029
7d273e,26,1790780360029
a7fd6f,40,1790779460029
ab0518,17,1790864960029
a78900,31,1790864960029
b4ff2d,35,1790779460029
cebb74,59,1790864960029
d1162f,50,1790864960029
71d2e8,33,1790780360029
21afaa,32,1790779460029
48bcd4,56,1790779460029
786c7d,29,1790780360029
5754c8,16,1790780360029
65de3e,20,1790864960029
4546c3,33,1790779460029
f0c854,55,1790864960029
b0499f,41,1790864960029
1af445,46,1790780360029
cbfed1,56,1790779460029
3576f7,21,1790780360029
318df8,58,1790864960029
275d0f,56,1790779460029
95be33,29,1790780360029
df0320,20,1790864960029
1bd51f,54,1790864960029
826902,58,1790780360029
723783,59,1790779460029
8899bd,19,1790779460029
ea1ab7,43,1790864960029
9dc28d,55,1790780360029
c1eae6,55,1790779460029
1e24bc,17,1790780360029
33c8b4,25,1790864960029
1d6999,49,1790780360029
8a4701,19,1790779460029
2acf10,19,1790864960029
d34474,43,1790864960029
b8bd40,51,1790864960029
b1858a,19,1790779460029
02cb84,43,1790779460029
0a778a,59,1790780360029
8427d6,15,1790779460029
71a9a9,57,1790780360029
682127,52,1790780360029
58ee2e,57,1790780360029
b6325b,23,1790780360029
121714,50,1790864960029
f6e3a3,30,1790780360029
bd5a02,38,1790864960029
884990,43,1790864960029
84b4c9,47,1790864960029
e61dfd,28,1790864960029
4cb2cc,54,1790779460029
125af1,25,1790780360029
9fdc0c,43,1790864960029
9cbf34,20,1790780360029
e3e029,30,1790864960029
42e8ee,18,1790780360029
b32ef8,50,1790780360029
15c464,42,1790864960029
62034f,15,1790780360029
6f6d76,33,1790779460029
040ae3,46,1790780360029
ea089d,24,1790780360029
3ed0a8,21,1790780360029
8d6286,15,1790864960029
861a55,32,1790780360029
707b43,60,1790779460029
aea2ab,60,1790779460029
8b36ee,51,1790779460029
b56f36,33,1790779460029
70532f,49,1790779460029
6b30d4,55,1790864960029
706b97,16,1790780360029
fb2c6f,17,1790864960029
70d265,60,1790780360029
a9e9fd,17,1790780360029
df231a,38,1790779460029
213f4a,27,1790864960029
1ad362,48,1790864960029
05fcc3,58,1790780360029
75ae6f,16,1790780360029
37712d,33,1790780360029
742d1b,35,1790864960029
3bb488,58,1790864960029
134080,31,1790779460029
a3e28e,19,1790780360029
217c34,48,1790779460029
324287,51,1790780360029
49e187,32,1790779460029
8b4507,59,1790779460029
3a4c67,38,1790864960029
476f86,38,1790779460029
0592ff,34,1790779460029
608f79,31,1790779460029
95c8fb,57,1790864960029
ce9971,19,1790780360029
9fc0fe,32,1790779460029
f918b7,55,1790779460029
b4fe93,36,1790780360029
8800f3,20,1790779460029
6cd8fb,27,1790864960029
0f1e18,57,1790864960029
98c278,31,1790779460029
a68595,58,1790864960029
c4f1a7,39,1790779460029
290de5,21,1790779460029
f46a56,32,1790779460029
51c3bf,27,1790864960029
900e05,17,1790780360029
922972,15,1790864960029
476767,49,1790780360029
34d851,54,1790780360029
c5d625,43,1790779460029
de04d9,32,1790864960029
845f07,45,1790779460029
416411,32,1790779460029
4fa5d6,51,1790779460029
cda081,34,1790864960029
26f1f9,21,1790864960029
705136,59,1790779460029
d44b8a,44,1790780360029
6b6ccf,15,1790779460029
2829b0,51,1790779460029
73ae9b,40,1790780360029
4f267e,19,1790864960029
023170,36,1790779460029
39d8c4,32,1790864960029
f5c808,17,1790780360029
b67825,47,1790779460029
7971e1,46,1790779460029
65435b,18,1790779460029
047b46,47,1790780360029
5e7024,41,1790864960029
fe0360,60,1790864960029
4f9363,18,1790864960029
da1100,15,1790780360029
0b73f4,37,1790779460029
ff6184,37,1790864960029
7090f9,51,1790864960029
ab08df,27,1790864960029
bf12f8,31,1790780360029
7bf9d2,47,1790780360029
aba96a,16,1790780360029
a2c930,45,1790779460029
c0870e,31,1790780360029
7fe8ce,18,1790780360029
bbc81e,23,1790779460029
a5dc07,53,1790780360029
02b612,54,1790864960029
e7d52d,53,1790780360029
4ad32d,16,1790780360029
ed6657,37,1790780360029
ab6ff4,37,1790864960029
636b7e,55,1790779460029
037f2c,43,1790779460029
5aa49a,45,1790779460029
2960ab,43,1790780360029
60fd82,45,1790864960029
f415ea,30,1790779460029
b286d9,19,1790780360029
cac191,50,1790864960029
707e3d,48,1790864960029
5a43ca,34,1790779460029
8bbbaa,44,1790779460029
c7d9c3,51,1790779460029
10f28a,57,1790779460029
adb5b4,19,1790864960029
d90277,50,1790864960029
240a2c,49,1790780360029
474ae1,41,1790780360029
0b9df9,18,1790779460029
7f65c2,31,1790864960029
972412,27,1790779460029
2203a4,16,1790779460029
fb3726,38,1790864960029
007887,46,1790779460029
c6435d,51,1790780360029
b98090,55,1790779460029
89cc0b,54,1790779460029
c070b7,29,1790779460029
9dbbc9,28,1790780360029
0762bc,34,1790864960029
e282b0,55,1790779460029
c278e9,51,1790864960029
597d73,24,1790779460029
613b66,15,1790864960029
b67e9a,35,1790779460029
9b2aa6,23,1790779460029
301e23,34,1790864960029
d8521a,27,1790864960029
cfb4d9,53,1790779460029
70adb9,20,1790864960029
4a0b4f,42,1790864960029
02410d,20,1790864960029
97ba2d,50,1790780360029
bc4378,29,1790780360029
3ec610,17,1790780360029
99ce8a,29,1790780360029
ab4fa5,25,1790780360029
e1ceed,36,1790864960029
138a39,57,1790779460029
21b1ed,54,1790864960029
dc0698,56,1790864960029
489e94,43,1790780360029
cd7632,57,1790779460029
aeaa75,46,1790864960029
4676b8,50,1790779460029
a5713a,23,1790780360029
7b2543,19,1790779460029
166223,46,1790864960029
54acef,45,1790864960029
9f386f,15,1790864960029
ad5a11,28,1790780360029
cb3d75,25,1790864960029
811bfc,56,1790864960029
e67c4b,58,1790864960029
eed4b7,19,1790864960029
4f19dc,41,1790780360029
ee533a,16,1790780360029
652ead,52,1790779460029
1b9530,56,1790864960029
55e661,58,1790780360029
90f50e,44,1790779460029
b3530f,38,1790864960029
6e770b,17,1790864960029
784fdd,52,1790780360029
c7b33d,57,1790864960029
2f9e5e,47,1790780360029
64ce6e,24,1790780360029
dfbd3b,35,1790780360029
cb051f,27,1790780360029
a174c9,27,1790779460029
79b15c,41,1790864960029
60ab02,26,1790864960029
e15c0a,39,1790780360029
f202a0,20,1790779460029
192963,34,1790864960029
a41aa4,54,1790779460029
dab593,33,1790779460029
cb7eed,31,1790779460029
845744,27,1790864960029
9b09b5,26,1790864960029
39568d,18,1790864960029
abaeb4,47,1790864960029
3c5467,60,1790780360029
8b2637,54,1790780360029
5051fb,37,1790779460029
f908a6,47,1790779460029
e3326c,40,1790864960029
e419aa,18,1790779460029
1c36c1,30,1790780360029
4050a6,18,1790864960029
f3cef8,37,1790780360029
331aa2,47,1790780360029
fca2d2,50,1790780360029
988127,45,1790779460029
700464,30,1790864960029
6572a0,36,1790779460029
185197,16,1790864960029
5ec8cc,44,1790864960029
da26de,49,1790779460029
9b7cac,36,1790780360029
bf3e9e,44,1790864960029
b12c4c,25,1790864960029
3d33c2,24,1790780360029
c4753d,51,1790779460029
5d1e6d,54,1790779460029
4e3354,27,1790780360029
f2bcaa,53,1790864960029
f0bd31,26,1790780360029
42238f,35,1790864960029
913e79,37,1790864960029
14a0e1,29,1790780360029
1add3c,45,1790780360029
a3f12d,45,1790779460029
5964ef,41,1790779460029
16fd10,35,1790780360029
071cd1,27,1790779460029
56a8f6,30,1790779460029
1c237b,58,1790864960029
e569ca,41,1790779460029
2ce172,24,1790780360029
64276e,40,1790864960029
430e94,15,1790780360029
c2c746,41,1790864960029
6d9942,22,1790780360029
8f9a3b,17,1790780360029
31bcdd,29,1790779460029
0e01a4,44,1790780360029
13f36d,57,1790864960029
6452a0,35,1790864960029
75356d,41,1790780360029
21f657,43,1790779460029
f40151,19,1790864960029
cd1b00,44,1790779460029
e6e59a,16,1790864960029
165b42,49,1790780360029
f06306,45,1790779460029
782071,50,1790779460029
996e67,45,1790780360029
624fe7,31,1790780360029
6ffe8c,19,1790864960029
9ee7d7,31,1790780360029
1a0950,24,1790779460029
df180e,51,1790864960029
703246,53,1790864960029
051be8,60,1790779460029
670ed7,52,1790864960029
c4ab9e,45,1790780360029
3fd624,52,1790780360029
9566c9,55,1790864960029
f4410f,31,1790780360029
590313,59,1790779460029
15b7f3,47,1790780360029
201f1c,19,1790779460029
9b995d,44,1790864960029
72bee7,24,1790864960029
8d8ec6,35,1790864960029
4fd8d0,40,1790780360029
75d31d,26,1790780360029
62b5f7,55,1790864960029
2b2864,24,1790780360029
b6a164,33,1790780360029
3c1e1d,37,1790779460029
67261f,35,1790864960029
b2d8e3,36,1790779460029
ce4750,17,1790779460029
5a07ec,59,1790864960029
675cad,46,1790779460029
53566e,24,1790779460029
dfbb22,26,1790779460029
a7d902,29,1790864960029
ad0360,52,1790864960029
d5670b,56,1790864960029
36b6e1,15,1790779460029
543725,40,1790864960029
f9251b,35,1790780360029
fca882,48,1790864960029
0adffc,57,1790864960029
637c2c,33,1790780360029
465e7a,41,1790780360029
0b6ef1,30,1790780360029
2c79aa,34,1790780360029
7f53f2,44,1790780360029
eba34a,29,1790780360029
9ca465,16,1790780360029
b5f5ed,34,1790864960029
117b1e,27,1790780360029
ef3444,27,1790864960029
5bd13d,26,1790864960029
40b465,44,1790779460029
412143,60,1790864960029
9b8af0,41,1790780360029
54d35c,34,1790779460029
8ce065,34,1790779460029
cb5f21,40,1790780360029
441383,60,1790780360029
ab8eb8,42,1790779460029
65c716,20,1790780360029
d20ab8,49,1790779460029
be12a0,40,1790864960029
85414f,44,1790864960029
3c9b5b,51,1790779460029
815c9d,32,1790779460029
b4322e,29,1790864960029
9b6a40,18,1790864960029
a7a4b6,23,1790864960029
cadcc6,45,1790780360029
394202,18,1790779460029
7bda3d,48,1790779460029
dc1f3f,46,1790779460029
47dc0f,21,1790864960029
77ecc4,38,1790864960029
211c7c,23,1790780360029
3b70a8,20,1790864960029
2527e5,54,1790864960029
9d49e1,22,1790864960029
79e7d0,38,1790779460029
98dc01,15,1790779460029
f94d0c,23,1790864960029
1519b7,37,1790780360029
7c067c,53,1790779460029
b7d7b4,54,1790864960029
e624d9,42,1790780360029
d3fe38,43,1790864960029
22293a,40,1790779460029
a8be13,31,1790779460029
e24a81,35,1790780360029
8e722e,34,1790780360029
5fa0a6,32,1790864960029
1e52ea,35,1790864960029
d84afd,54,1790780360029
7d4c03,20,1790779460029
8f1e30,33,1790780360029
8ea6b6,49,1790779460029
5a8bef,50,1790779460029
ee36d1,23,1790780360029
8f9978,32,1790779460029
9dcb64,57,1790780360029
a815c6,42,1790779460029
d6667e,16,1790779460029
31d252,43,1790779460029
5e5718,22,1790864960029
e214c4,27,1790864960029
4a7136,44,1790779460029
374e8c,54,1790780360029
760509,35,1790779460029
76d9f4,38,1790779460029
c114b4,32,1790780360029
fb36e2,16,1790864960029
7b7035,55,1790780360029
376239,51,1790779460029
9dc595,43,1790864960029
02ef2f,44,1790779460029
353665,40,1790779460029
970a70,44,1790780360029
446085,36,1790864960029
03714c,53,1790864960029
4998f6,49,1790780360029
93ba39,17,1790779460029
e8d0dc,22,1790780360029
7030cc,43,1790780360029
84511c,44,1790779460029
30eda0,28,1790780360029
bfd027,29,1790864960029
8f1621,36,1790779460029
77a3b5,28,1790779460029
9de241,50,1790780360029
129c76,30,1790779460029
db84d1,42,1790864960029
99bb4d,34,1790780360029
4771e7,43,1790780360029
366047,19,1790779460029
2957d2,59,1790864960029
80378f,25,1790864960029
fbc910,45,1790779460029
d678bf,49,1790780360029
24030f,40,1790864960029
8e9ac9,17,1790779460029
72a851,42,1790780360029
b54841,29,1790864960029
41689e,39,1790779460029
7f0ad7,46,1790864960029
1f7be4,34,1790780360029
b4c27b,58,1790780360029
36e0be,27,1790864960029
db4787,35,1790864960029
079aeb,43,1790779460029
cd2fe7,25,1790864960029
2706f7,43,1790864960029
f2eee9,35,1790864960029
7ce87a,49,1790864960029
b3c0e9,30,1790864960029
dfeb91,29,1790780360029
5dfc75,55,1790779460029
e33a50,36,1790779460029
a7cf42,26,1790780360029
4ac505,36,1790864960029
ddebe7,21,1790780360029
249ee3,28,1790864960029
9dd012,54,1790780360029
9576a4,17,1790780360029
f73dff,58,1790864960029
e3b0a6,31,1790779460029
6db662,50,1790780360029
5192bb,51,1790779460029
c553d5,24,1790779460029
b7bcd6,24,1790779460029
d76b96,35,1790780360029
5d8fac,58,1790864960029
97eea8,59,1790779460029
c60912,49,1790780360029
d8c395,47,1790780360029
1679bf,48,1790780360029
c8e362,36,1790779460029
e68331,33,1790864960029
1dc659,24,1790864960029
360d5c,58,1790779460029
ddc9c7,26,1790780360029
dc504d,17,1790779460029
c30488,24,1790779460029
ce4134,53,1790780360029
81d487,52,1790780360029
e059ba,40,1790779460029
8b6146,19,1790864960029
39e0cc,40,1790780360029
bd01c2,55,1790780360029
f25664,42,1790779460029
40bc68,27,1790779460029
e8cf3c,31,1790864960029
e76780,56,1790864960029
219c30,44,1790864960029
342b22,31,1790779460029
b4ea9a,39,1790864960029
e29a38,48,1790779460029
f0074f,59,1790864960029
b8a728,22,1790779460029
87d1fb,51,1790779460029
64e993,56,1790780360029
7a3132,37,1790864960029
a0b9eb,19,1790780360029
d7b402,16,1790779460029
393914,21,1790779460029
3a0953,40,1790864960029
68a866,15,1790780360029
a4c217,48,1790779460029
47d2be,45,1790780360029
dd7f60,38,1790864960029
6cfd4b,30,1790780360029
57262d,48,1790779460029
f0d755,21,1790780360029
6baa1c,53,1790780360029
321389,60,1790780360029
272796,38,1790779460029
50f797,42,1790779460029
376772,52,1790779460029
072417,27,1790779460029
984981,52,1790864960029
3cc85d,25,1790779460029
39c10f,15,1790780360029
ef1eac,23,1790780360029
842222,45,1790779460029
656062,45,1790864960029
2e8ae1,52,1790780360029
f12112,41,1790780360029
0f1348,38,1790780360029
358def,59,1790779460029
01cdac,46,1790779460029
8bf662,29,1790864960029
59c362,47,1790779460029
371c4c,41,1790864960029
489724,59,1790864960029
e2f14f,48,1790779460029
feb002,45,1790779460029
8965ef,31,1790780360029
c1efa5,16,1790780360029
8b3ac4,51,1790779460029
98d880,37,1790779460029
47b15a,60,1790779460029
a83621,55,1790864960029
a47f73,53,1790779460029
c0d89d,20,1790779460029
619dc0,40,1790864960029
a6e760,31,1790864960029
c09dd3,37,1790779460029
2efad7,30,1790780360029
0ccfb4,55,1790780360029
f76d1a,39,1790780360029
0341d8,60,1790864960029
5183e4,34,1790864960029
b28647,47,1790779460029
174bc6,57,1790864960029
492871,45,1790864960029
592c4e,53,1790780360029
ae4dcb,22,1790864960029
8f3f93,58,1790780360029
b528af,47,1790780360029
9848ea,42,1790780360029
a64bb3,29,1790864960029
774981,58,1790780360029
b3b9d7,41,1790864960029
5c92c1,51,1790780360029
4bd3e8,43,1790779460029
4304cf,26,1790864960029
f1b843,59,1790780360029
829d01,53,1790780360029
246b7b,52,1790780360029
b8abda,24,1790780360029
e2a9b2,16,1790779460029
649c09,17,1790780360029
c381e6,46,1790864960029
acc6cb,45,1790864960029
771469,57,1790780360029
95373c,47,1790779460029
cdbfb7,41,1790864960029
b230f4,60,1790864960029
e29a13,51,1790864960029
13b055,42,1790779460029
2ffbf9,15,1790780360029
0762f6,59,1790780360029
6637fa,28,1790864960029
16ec63,60,1790864960029
11e323,41,1790864960029
60a534,30,1790779460029
5af389,40,1790779460029
8b70b1,17,1790780360029
dc8b77,28,1790779460029
9ff513,40,1790779460029
183ad4,52,1790780360029
90d322,52,1790864960029
d586be,39,1790779460029
7da313,36,1790864960029
3f931f,41,1790864960029
0f3917,40,1790780360029
5e20b2,43,1790864960029
559224,37,1790779460029
a38928,49,1790780360029
a1b5ab,19,1790780360029
53b687,55,1790780360029
4ef458,60,1790780360029
383a91,50,1790864960029
ff31e3,17,1790779460029
7ab07a,21,1790780360029
8afa34,32,1790780360029
93c62a,24,1790779460029
03279f,31,1790780360029
82bd32,53,1790864960029
220df4,60,1790779460029
9caaad,48,1790779460029
39216f,29,1790779460029
303397,44,1790779460029
09824f,37,1790779460029
ec4273,58,1790779460029
af653d,21,1790779460029
1bc2aa,54,1790780360029
667480,24,1790779460029
67e034,46,1790864960029
c0603c,23,1790780360029
612d18,16,1790864960029
cbde2a,44,1790779460029
f936a3,25,1790864960029
dfb8c1,35,1790780360029
a9ab6c,37,1790779460029
2281fb,21,1790780360029
bcf7f1,24,1790864960029
0395f4,40,1790779460029
31efb8,28,1790780360029
26a67b,58,1790864960029
ae098d,23,1790864960029
55ddb2,33,1790864960029
f608bf,48,1790864960029
d28da3,40,1790780360029
5301ed,23,1790864960029
ee9f73,40,1790864960029
91b23d,53,1790864960029
5154d5,36,1790864960029
8a0570,19,1790779460029
047f4f,24,1790779460029
1d0991,18,1790779460029
72f335,44,1790864960029
378d94,44,1790780360029
153d80,25,1790780360029
d9a995,24,1790864960029
1914af,40,1790779460029
1794e5,41,1790864960029
1ac708,33,1790780360029
007d4f,41,1790779460029
21b2cc,51,1790864960029
1d7873,54,1790864960029
881cdf,60,1790779460029
f4e846,35,1790780360029
dee38e,59,1790864960029
bd467d,53,1790779460029
7b781f,52,1790780360029
d57868,58,1790779460029
b92ef5,52,1790780360029
a7073c,28,1790780360029
41e22a,46,1790864960029
9f7b8d,37,1790779460029
7f135e,46,1790779460029
16f749,50,1790864960029
32b8d0,49,1790864960029
6e14f8,30,1790780360029
c2e36e,42,1790779460029
634c5b,21,1790779460029
8f6470,34,1790779460029
9b4047,42,1790779460029
9d014b,36,1790780360029
9131f5,28,1790864960029
0630de,50,1790779460029
cea2b5,38,1790779460029
0ae7f5,55,1790779460029
7894e9,37,1790864960029
e694bf,45,1790864960029
18f53e,40,1790780360029
f205b4,23,1790780360029
3c88fc,27,1790864960029
efa8d3,17,1790779460029
ecb965,45,1790779460029
b65be1,35,1790780360029
592472,27,1790864960029
77a69d,25,1790864960029
9ca296,19,1790864960029
58e39d,18,1790779460029
94ab88,44,1790780360029
79af40,58,1790780360029
f97ada,56,1790864960029
b2e387,21,1790864960029
55ea43,43,1790779460029
81d828,37,1790779460029
311cfc,46,1790779460029
fc8e24,44,1790864960029
244902,25,1790779460029
2884fd,17,1790864960029
0bdbca,17,1790780360029
f371f2,22,1790780360029
5c439e,24,1790779460029
1975e2,42,1790780360029
d66cd5,27,1790779460029
5c7397,46,1790780360029
22bc60,19,1790780360029
e1ad70,29,1790864960029
faf38d,25,1790864960029
053876,50,1790864960029
4e9b6f,22,1790779460029
81859b,51,1790780360029
a143f2,48,1790779460029
74d0e6,54,1790864960029
93a2af,18,1790779460029
009854,32,1790779460029
f03c8d,23,1790864960029
8cec1f,17,1790780360029
b34cbc,37,1790780360029
c2c0fa,23,1790779460029
ed521a,39,1790779460029
1433f4,15,1790864960029
3455e2,17,1790864960029
f2e63e,30,1790780360029
da94b0,52,1790780360029
525528,52,1790864960029
7fa071,25,1790780360029
77366b,44,1790779460029
337be6,36,1790864960029
3bd48e,22,1790780360029
cedd98,28,1790864960029
75f9bf,47,1790864960029
b81c51,43,1790779460029
02b509,35,1790779460029
8987f5,47,1790864960029
ba5822,40,1790779460029
cfc7d5,23,1790780360029
473bdf,49,1790864960029
7b431a,48,1790779460029
9707ba,45,1790780360029
70d66d,23,1790779460029
a1c86e,46,1790779460029
22dc39,42,1790780360029
64ceb4,43,1790779460029
339ca2,37,1790864960029
a35a82,15,1790779460029
424dde,35,1790779460029
8134ca,58,1790864960029
e7037d,18,1790864960029
927d87,49,1790864960029
0b5723,33,1790780360029
89b07c,42,1790864960029
0dc0e5,59,1790779460029
1d991c,38,1790780360029
496cf5,47,1790780360029
764bd3,28,1790779460029
a56b35,31,1790779460029
3330d7,23,1790864960029
8f6574,53,1790864960029
82f50a,41,1790780360029
5342b6,19,1790864960029
e9731c,24,1790779460029
c57294,19,1790864960029
7455e3,33,1790864960029
67eabe,47,1790780360029
cdad2f,29,1790779460029
b76281,22,1790779460029
d27006,58,1790780360029
301eb3,26,1790779460029
d0fb81,21,1790779460029
2c0be8,47,1790864960029
deb01f,37,1790780360029
ebc1fd,28,1790779460029
1c335f,24,1790864960029
f0135e,51,1790779460029
600ef5,47,1790780360029
3fb7ef,46,1790864960029
502c89,18,1790864960029
a35b51,23,1790780360029
0aa5a8,58,1790779460029
369feb,15,1790779460029
40af83,48,1790780360029
18c97d,22,1790779460029
0671d6,59,1790780360029
3fc503,47,1790780360029
a8b51a,20,1790864960029
f3f50e,18,1790864960029
71d9d0,53,1790864960029
4493ad,16,1790779460029
c9cad6,50,1790780360029
fc67fa,54,1790779460029
aeecb3,56,1790780360029
166fc1,56,1790779460029
776b49,45,1790779460029
53af43,23,1790780360029
1bea30,54,1790864960029
777cbc,28,1790864960029
87ce7d,43,1790779460029
865920,48,1790864960029
a73ab1,53,1790780360029
069a9a,53,1790864960029
45a37c,48,1790864960029
91e710,34,1790864960029
221a04,15,1790779460029
7253cd,15,1790779460029
34ac1c,48,1790780360029
669b22,43,1790864960029
58be26,22,1790779460029
655a8a,59,1790864960029
367cae,31,1790779460029
83c8c4,49,1790864960029
9f8163,20,1790780360029
7a994f,22,1790779460029
74505a,34,1790780360029
9c6a32,33,1790864960029
0a3036,17,1790780360029
d917c0,47,1790779460029
2c9b83,49,1790864960029
a1615e,38,1790864960029
f9ea21,47,1790780360029
4ef3fc,25,1790779460029
484b40,60,1790780360029
6f1255,57,1790864960029
399d9f,52,1790780360029
adb968,20,1790864960029
81a8ef,25,1790779460029
006fbe,32,1790864960029
429307,59,1790864960029
5e3a8f,53,1790864960029
521701,26,1790779460029
73fb51,57,1790780360029
594786,43,1790779460029
567299,52,1790779460029
1b96ce,19,1790864960029
922350,57,1790780360029
8ad580,60,1790780360029
814620,56,1790864960029
51a6c2,49,1790864960029
0bac6e,30,1790780360029
f5502e,29,1790779460029
ac2760,34,1790779460029
43120e,19,1790864960029
0a468f,47,1790864960029
b8dbd6,34,1790780360029
71dd30,15,1790864960029
13c415,35,1790780360029
4d569a,46,1790864960029
b7970c,55,1790780360029
60edd0,49,1790780360029
2419db,53,1790780360029
dc71d9,35,1790864960029
16a002,23,1790864960029
ae5ba4,37,1790864960029
7d3d90,30,1790864960029
caa4c7,25,1790780360029
b72383,20,1790864960029
a2f833,58,1790864960029
e02566,20,1790779460029
0182ef,52,1790779460029
697957,30,1790780360029
8a0de5,15,1790779460029
85ae44,41,1790780360029
9e47c7,30,1790864960029
7ae611,43,1790780360029
d2aa77,57,1790864960029
224be0,21,1790779460029
c83955,29,1790779460029
34bec1,35,1790779460029
b8b495,55,1790780360029
ffda3c,22,1790780360029
bdf523,17,1790864960029
32b51c,52,1790864960029
b5768b,49,1790779460029
c454fb,60,1790780360029
3d6983,26,1790864960029
9e9a62,27,1790864960029
dddd33,17,1790864960029
d982e8,17,1790864960029
5c1c87,50,1790779460029
736746,25,1790779460029
40cec1,31,1790780360029
74805e,28,1790780360029
1d6fc6,48,1790864960029
21b614,39,1790864960029
1ef714,28,1790864960029
bb738e,33,1790780360029
0b8788,57,1790780360029
df8879,41,1790864960029
428ca4,52,1790779460029
77c888,25,1790779460029
b674a0,18,1790779460029
b859e2,29,1790779460029
61d4e5,49,1790779460029
2eac76,18,1790780360029
e56b25,36,1790779460029
c05da5,28,1790864960029
cd3996,23,1790779460029
147319,31,1790780360029
8b168d,25,1790864960029
b6ad5c,22,1790779460029
7c3ccc,26,1790864960029
4b5ef4,55,1790780360029
62a895,15,1790780360029
e1e590,54,1790779460029
83b6c6,53,1790780360029
a1354f,34,1790780360029
45d2f2,56,1790779460029
ae9f31,17,1790864960029
0fa5ca,56,1790779460029
63c3e3,52,1790864960029
24c2fe,44,1790779460029
7fd703,18,1790780360029
ef260a,36,1790864960029
d58073,40,1790780360029
fad33a,18,1790780360029
eaeee0,15,1790864960029
fd206b,24,1790779460029
3376db,26,1790864960029
026cdc,43,1790780360029
03cb8a,50,1790780360029
f72d7d,25,1790779460029
1ca23c,30,1790864960029
d741ec,54,1790780360029
7a7270,33,1790779460029
d45c02,28,1790779460029
c33e0f,25,1790780360029
b94926,55,1790864960029
e89c06,45,1790780360029
fb9f35,34,1790780360029
8c45cb,28,1790780360029
4532e0,16,1790779460029
9e71ce,36,1790779460029
5ae9ef,17,1790779460029
1cdd76,58,1790779460029
32cef1,20,1790864960029
4bf0ba,48,1790779460029
828cae,18,1790780360029
c8aa4c,35,1790780360029
ab0043,26,1790780360029
7078d1,21,1790864960029
8b5dcc,27,1790864960029
196aa8,35,1790864960029
d79418,21,1790779460029
9e32d1,47,1790779460029
3c5f84,49,1790780360029
4c20ef,16,1790864960029
4afc40,58,1790779460029
0b1196,54,1790864960029
0c63f4,35,1790780360029
3e376f,23,1790864960029
875ce4,23,1790779460029
3c6924,28,1790780360029
fbb035,24,1790864960029
b33b0a,48,1790780360029
604cbf,20,1790864960029
c4502c,54,1790780360029
f93524,52,1790779460029
c7d222,31,1790864960029
c3c1c4,35,1790779460029
36a473,17,1790779460029
c36638,39,1790780360029
f3ffaa,46,1790864960029
a6e887,20,1790864960029
49233f,39,1790779460029
225ad8,21,1790780360029
27805f,52,1790864960029
ae11b8,21,1790780360029
5fd60b,43,1790780360029
3d37b5,31,1790779460029
39a6a1,52,1790864960029
45c21e,30,1790780360029
5b975a,38,1790779460029
30c1d4,22,1790780360029
6ce328,35,1790780360029
85e3da,20,1790864960029
2c3ddf,19,1790779460029
cc4896,40,1790779460029
fa171c,19,1790780360029
f33111,40,1790779460029
4c0a71,37,1790864960029
6ea1e7,53,1790864960029
2c025e,55,1790864960029
cb20d7,33,1790780360029
5aff5f,47,1790779460029
39c2af,43,1790780360029
72ed73,49,1790780360029
cbbedf,16,1790864960029
93eee2,21,1790779460029
d85d94,51,1790864960029
d62c61,41,1790779460029
42598e,31,1790864960029
80899a,23,1790780360029
ae37d9,35,1790780360029
c71766,55,1790779460029
c41b10,41,1790864960029
810319,18,1790780360029
55cc68,55,1790779460029
2bb216,49,1790779460029
eda154,50,1790780360029
f543e6,53,1790779460029
724ad9,56,1790779460029
bf4db5,42,1790864960029
f95c26,50,1790779460029
584eb7,28,1790864960029
320ed3,39,1790779460029
bb5991,37,1790864960029
0b6bbf,20,1790864960029
10af98,53,1790779460029
b05b1f,59,1790864960029
3b97d3,58,1790864960029
2577f3,53,1790779460029
87c659,40,1790780360029
2a8454,37,1790779460029
c73a31,38,1790779460029
303000,57,1790864960029
28867c,37,1790864960029
b17fbc,43,1790864960029
e89c38,27,1790864960029
d67464,54,1790779460029
f54b86,30,1790779460029
95f05e,37,1790780360029
98b79d,16,1790780360029
ad501c,33,1790864960029
62d217,17,1790864960029
1004a6,15,1790780360029
c4c79e,44,1790779460029
9f7caa,39,1790780360029
646cbc,57,1790779460029
fda0d7,27,1790864960029
6a7670,59,1790780360029
bc6bc2,26,1790780360029
b7945e,39,1790864960029
607865,22,1790779460029
1f31de,22,1790864960029
1bf0a4,56,1790779460029
85f863,47,1790779460029
47cc97,56,1790780360029
1043be,52,1790780360029
19d3b0,46,1790779460029
0693ac,45,1790780360029
6aa93c,57,1790779460029
849cb7,20,1790780360029
be751d,16,1790780360029
1258c1,28,1790779460029
ac3909,50,1790779460029
40e091,38,1790780360029
4bea04,28,1790779460029
d090bd,29,1790780360029
477d72,19,1790779460029
1f3e3f,54,1790780360029
d19282,42,1790779460029
6da7e6,44,1790864960029
51926f,45,1790864960029
ce34ae,44,1790864960029
430bce,23,1790779460029
401c29,26,1790779460029
1cc502,27,1790864960029
db5781,24,1790779460029
4b2a5c,37,1790779460029
2a1514,48,1790779460029
b60f24,47,1790864960029
b82b0f,20,1790779460029
6280e6,51,1790780360029
dde8d9,38,1790864960029
15e7ae,17,1790780360029
1b5944,29,1790779460029
d3a333,54,1790779460029
ba1e59,22,1790864960029
aa1a5f,31,1790779460029
f7d0cf,26,1790864960029
b1bc64,15,1790780360029
cc174f,42,1790864960029
fd9d22,45,1790779460029
53cf0f,34,1790779460029
424f32,39,1790779460029
f37386,21,1790780360029
8058fb,56,1790864960029
054093,48,1790864960029
1e3d05,42,1790864960029
56e297,46,1790780360029
8feb1d,50,1790779460029
a4b528,58,1790780360029
473fda,15,1790780360029
7aff52,37,1790780360029
9b98b2,26,1790779460029
9bbd26,59,1790779460029
a03abb,34,1790780360029
085f9b,28,1790864960029
d96439,47,1790780360029
2a3ef8,17,1790779460029
ea7f99,26,1790779460029
698c53,47,1790779460029
ab23d4,59,1790779460029
b0afc6,40,1790780360029
d98430,21,1790780360029
16d80d,48,1790864960029
94a8e1,15,1790780360029
a5483c,36,1790779460029
c49242,16,1790779460029
f0b2e2,23,1790780360029
cd30cc,18,1790780360029
d4a065,17,1790779460029
b3ce7a,31,1790780360029
5b2b32,18,1790779460029
89fb9a,54,1790780360029
136600,52,1790780360029
b437ee,49,1790779460029
bac95a,40,1790864960029
7cee05,49,1790779460029
4c4188,49,1790780360029
368d2c,36,1790864960029
0a0df8,40,1790779460029
9cbc9a,28,1790864960029
cbbd21,24,1790864960029
b6c549,49,1790864960029
46b107,58,1790780360029
859d6e,50,1790780360029
9d084e,37,1790779460029
0fc249,32,1790780360029
3ad832,56,1790779460029
904a64,21,1790779460029
bf82f8,22,1790780360029
a5ce07,49,1790864960029
dd585e,59,1790780360029
ad8a11,60,1790864960029
cc797d,32,1790779460029
8396ad,37,1790779460029
e30efe,49,1790780360029
184f3c,26,1790780360029
95210a,41,1790864960029
5bdc82,22,1790779460029
a17cd5,29,1790779460029
1c7d6f,49,1790864960029
1e3f83,59,1790780360029
5695ed,36,1790864960029
f2689d,38,1790779460029
682759,44,1790780360029
ceb2a8,32,1790864960029
b86864,20,1790780360029
10e5b6,39,1790779460029
889cb5,35,1790779460029
797466,30,1790780360029
2782cc,41,1790779460029
4a6784,58,1790779460029
3bc9ec,24,1790779460029
f786a8,60,1790779460029
1132a7,41,1790779460029
8e437f,20,1790780360029
dc9682,56,1790779460029
8bfdb5,34,1790864960029
edf51c,49,1790780360029
cbd13a,17,1790779460029
d6ce94,38,1790780360029
7f10dd,44,1790779460029
d71940,39,1790779460029
a9bd1c,59,1790864960029
ef1532,57,1790779460029
8e454e,42,1790779460029
40f05e,37,1790780360029
2b8ccd,53,1790780360029
f170cb,60,1790780360029
e9cb3f,50,1790864960029
420875,27,1790864960029
be4735,47,1790780360029
d7af45,39,1790780360029
5a9603,39,1790779460029
43904c,34,1790780360029
7d42a4,28,1790780360029
de65ab,20,1790864960029
00a461,53,1790864960029
0bfdd1,16,1790779460029
959650,32,1790779460029
493c7a,15,1790779460029
f52b89,55,1790779460029
ff85d7,24,1790779460029
f81698,15,1790780360029
b62399,40,1790779460029
95da94,22,1790779460029
c14aec,22,1790780360029
bbd154,43,1790864960029
da3688,37,1790779460029
679657,33,1790864960029
4c0776,48,1790779460029
5b53a5,26,1790780360029
8d17c3,55,1790780360029
a70eb9,42,1790780360029
7e9b13,16,1790864960029
a702da,21,1790864960029
b2b577,45,1790864960029
518fa7,57,1790780360029
318e8b,48,1790779460029
b87f1a,53,1790779460029
98a765,20,1790864960029
699403,51,1790779460029
ad9960,39,1790779460029
48845d,22,1790780360029
01e429,18,1790779460029
574b84,42,1790780360029
889729,44,1790779460029
adde78,37,1790780360029
81df15,37,1790780360029
d9fbc1,49,1790779460029
97ecab,43,1790780360029
f74be4,59,1790779460029
30eecb,20,1790864960029
26d64e,32,1790779460029
f75ee1,19,1790780360029
902776,60,1790864960029
2bc5e8,60,1790779460029
a4fb22,55,1790779460029
e4f027,26,1790779460029
fd621f,35,1790779460029
895868,26,1790864960029
6f991b,37,1790864960029
22a644,45,1790779460029
98c17d,34,1790779460029
01b4b3,17,1790779460029
f8fbbb,34,1790779460029
a1ec4f,34,1790864960029
c50e48,45,1790864960029
1947f9,52,1790864960029
442327,18,1790779460029
7e7cc5,42,1790864960029
595f21,36,1790780360029
045d34,55,1790780360029
4d7049,40,1790780360029
ce8ed8,39,1790864960029
2a1a32,18,1790780360029
133fb9,50,1790864960029
08e61a,27,1790780360029
dd85ca,49,1790864960029
a13567,38,1790779460029
87f7a1,59,1790864960029
d4edec,33,1790780360029
d9f6b8,16,1790779460029
623fdc,60,1790779460029
06b363,45,1790780360029
a36857,47,1790780360029
4e63dd,40,1790864960029
1fdd5b,40,1790780360029
68c38f,34,1790864960029
872904,43,1790779460029
683a50,51,1790779460029
7869c9,33,1790864960029
4cab33,24,1790780360029
d1dbd8,23,1790780360029
a9e123,41,1790780360029
9575c4,27,1790779460029
f753a7,27,1790864960029
987eec,47,1790780360029
bb77a4,50,1790779460029
0a8178,38,1790779460029
5905ac,60,1790780360029
a179b8,41,1790780360029
3fff9c,46,1790864960029
62427a,45,1790780360029
529f53,38,1790780360029
da4186,60,1790864960029
b6eb8d,16,1790780360029
069d4e,15,1790780360029
b9f6a8,51,1790864960029
2a397f,46,1790864960029
db2f87,37,1790780360029
8e1d11,18,1790780360029
019053,34,1790780360029
904c5a,24,1790779460029
ec93ee,25,1790779460029
86b38a,25,1790864960029
f1b3f7,50,1790864960029
fa45ad,23,1790864960029
a6e94f,36,1790779460029
a8f6b3,19,1790780360029
06040c,48,1790864960029
22a132,52,1790779460029
4a78b5,42,1790780360029
774e7f,27,1790780360029
69587b,44,1790780360029
d4c620,25,1790780360029
da8fbe,41,1790864960029
208f36,35,1790780360029
71a313,20,1790864960029
3eb431,28,1790864960029
cb4f41,29,1790779460029
213cec,44,1790780360029
8f4783,15,1790779460029
47811f,44,1790864960029
ae5d01,60,1790864960029
fa6791,48,1790864960029
a01649,55,1790779460029
198f39,53,1790780360029
0658de,58,1790864960029
f4bc74,17,1790780360029
0ba6e0,27,1790779460029
564a0e,21,1790864960029
1f44fc,42,1790779460029
37628f,44,1790780360029
331a5c,18,1790779460029
d9de9b,18,1790780360029
c9205b,47,1790864960029
bf102f,60,1790864960029
ad9377,20,1790864960029
18865f,39,1790779460029
c87a42,46,1790779460029
e74b84,39,1790864960029
d48d5f,35,1790779460029
806a8c,40,1790864960029
8fe322,16,1790864960029
2f854c,45,1790864960029
b93a07,15,1790780360029
b2ffcd,44,1790864960029
7030a8,56,1790779460029
710d28,16,1790864960029
2770a2,35,1790864960029
5642e2,19,1790779460029
f6bc45,54,1790864960029
c1eefe,52,1790780360029
599a3d,33,1790779460029
3cb702,23,1790864960029
e9e0d0,27,1790779460029
ed3b56,55,1790780360029
2e3a7a,52,1790864960029
8f6ff7,41,1790864960029
d1c055,44,1790779460029
91ab7b,26,1790780360029
4858e7,41,1790779460029
042f77,31,1790864960029
b2d9c9,17,1790864960029
65a155,23,1790864960029
875eb0,36,1790779460029
8f880a,43,1790864960029
e473e5,40,1790779460029
d41abf,18,1790780360029
c85854,47,1790780360029
265895,30,1790864960029
27813b,37,1790864960029
e1cf6a,35,1790779460029
9ba976,44,1790779460029
0e8c63,55,1790780360029
bac74c,20,1790779460029
658f9f,55,1790779460029
098ac1,16,1790779460029
d9c194,21,1790864960029
9eacbc,15,1790779460029
868ce8,49,1790780360029
e83335,32,1790780360029
6b9f91,43,1790864960029
0b0607,25,1790864960029
b5312e,50,1790864960029
13fcf6,55,1790779460029
a06057,55,1790779460029
97c7b4,44,1790864960029
461ee7,17,1790864960029
40551e,28,1790864960029
b27856,37,1790780360029
292140,23,1790780360029
3164f9,23,1790864960029
c8c8b5,22,1790864960029
4b1cbe,41,1790779460029
03d3cc,32,1790864960029
24e378,26,1790779460029
579fe6,46,1790780360029
10176d,20,1790779460029
04972c,24,1790864960029
644a65,31,1790779460029
5d1f45,40,1790779460029
e3f095,45,1790864960029
545a58,15,1790780360029
b78293,27,1790864960029
dccb3a,30,1790780360029
178f6e,40,1790864960029
245c56,22,1790864960029
f58e20,16,1790779460029
1f3d69,53,1790780360029
def965,58,1790864960029
2a353b,32,1790779460029
d94cd2,21,1790864960029
733d0d,52,1790780360029
e703af,56,1790779460029
0c2e99,49,1790780360029
0ecdad,43,1790780360029
18e834,54,1790864960029
3a5e72,30,1790779460029
a3a26d,53,1790864960029
a2849b,32,1790864960029
2ea82a,55,1790779460029
31b64c,15,1790864960029
d7d184,46,1790864960029
ead091,42,1790864960029
24e71b,44,1790780360029
7247ab,31,1790779460029
ad98f5,20,1790780360029
557f16,43,1790779460029
417fef,30,1790779460029
794415,58,1790779460029
99c9f5,25,1790864960029
53054f,59,1790780360029
77df8f,48,1790864960029
70c960,29,1790779460029
ebda0d,56,1790864960029
e3a5b6,36,1790780360029
6f552a,43,1790780360029
45313f,59,1790779460029
eae309,22,1790864960029
a97bb3,23,1790780360029
82395f,49,1790780360029
0dc885,17,1790780360029
f02d18,55,1790864960029
3380c0,33,1790779460029
dccd70,41,1790780360029
8d7a0d,28,1790864960029
e49283,54,1790779460029
9c72e6,58,1790779460029
36bdc8,22,1790780360029
317226,15,1790780360029
b5b7b5,52,1790864960029
8752fc,60,1790780360029
c60f06,43,1790779460029
969f16,45,1790780360029
a04083,45,1790864960029
05c270,40,1790779460029
c46c06,57,1790780360029
0a8580,35,1790779460029
7e637b,24,1790780360029
f638a6,52,1790779460029
1b7b1e,59,1790779460029
9acc08,20,1790864960029
ba4cb9,27,1790779460029
a22ac6,44,1790780360029
de2ad7,59,1790779460029
9249d7,34,1790864960029
11c1a4,28,1790779460029
a45b69,27,1790779460029
968d49,54,1790779460029
500f4b,37,1790864960029
e30eb1,60,1790780360029
8851b2,39,1790780360029
069c3a,47,1790864960029
39113f,16,1790780360029
2d0d9d,18,1790780360029
9d34df,56,1790780360029
dd2ece,39,1790779460029
64e872,34,1790864960029
638c04,39,1790864960029
0a52a2,42,1790780360029
e729bd,46,1790780360029
ea0bdd,34,1790779460029
5840d0,23,1790780360029
5065c7,26,1790779460029
8573c5,40,1790779460029
c35764,16,1790779460029
594ab8,46,1790780360029
72829d,31,1790780360029
1e9ee7,37,1790864960029
07988f,59,1790780360029
a5df49,17,1790864960029
1e4c0e,21,1790779460029
a85dc3,29,1790779460029
23cc5f,29,1790864960029
31ebbb,59,1790779460029
264feb,47,1790780360029
e573fb,56,1790779460029
ea7f0a,37,1790864960029
9cf53a,30,1790779460029
10ee55,36,1790864960029
769be1,38,1790779460029
288dbe,24,1790779460029
7deca9,57,1790779460029
679cad,28,1790780360029
06e9fc,24,1790864960029
cb83c0,60,1790780360029
29d616,54,1790780360029
e33ede,30,1790779460029
93ea7f,42,1790780360029
ad27bb,25,1790779460029
6bbf43,45,1790779460029
fd4b54,59,1790779460029
750da6,19,1790780360029
938943,50,1790779460029
fdc9ee,25,1790864960029
872d0e,31,1790864960029
fca1f3,15,1790780360029
3d03bb,48,1790779460029
075a30,22,1790779460029
eac571,59,1790864960029
fe8f0f,38,1790780360029
8150e0,34,1790864960029
f6df46,57,1790779460029
8a714e,29,1790780360029
8a0e85,54,1790864960029
0f3e8a,32,1790780360029
b879f4,46,1790779460029
c9d042,30,1790779460029
61c7b6,49,1790780360029
e5438f,30,1790864960029
ded32c,15,1790864960029
7b0185,47,1790779460029
98d5ef,34,1790780360029
68229f,20,1790864960029
2bf3bc,25,1790780360029
9ba8d0,59,1790864960029
9f0ec6,30,1790864960029
6af993,52,1790780360029
495ea8,55,1790864960029
5bee96,15,1790864960029
406800,51,1790780360029
60bca7,46,1790779460029
3ab0dd,31,1790864960029
4a74ee,54,1790864960029
c8f6bf,27,1790864960029
3d6c44,17,1790780360029
fbdc91,48,1790779460029
6103b6,28,1790780360029
c3019c,28,1790780360029
28f298,55,1790780360029
b07d27,54,1790864960029
04597a,32,1790779460029
eb7552,21,1790864960029
ce4e58,22,1790864960029
785ba3,55,1790864960029
1c21f7,24,1790864960029
24b3f9,29,1790779460029
1ccdaa,35,1790780360029
34190e,36,1790779460029
94120c,20,1790779460029
c11bb6,56,1790779460029
003d22,60,1790779460029
3a67c4,18,1790864960029
c71d58,55,1790779460029
221c88,24,1790779460029
8f3b4c,15,1790780360029
1b98e8,27,1790864960029
4c2d0d,55,1790779460029
e1bdf6,59,1790864960029
9b852c,15,1790780360029
3aa2ba,46,1790864960029
233edc,57,1790864960029
b6d89e,40,1790780360029
154994,41,1790780360029
e2017d,39,1790780360029
22914a,48,1790779460029
51531d,38,1790864960029
5e1e9a,41,1790864960029
de7e2c,28,1790779460029
73d28c,40,1790779460029
f2562b,58,1790864960029
4e5ad9,45,1790864960029
12d2aa,29,1790864960029
192682,42,1790864960029
71c5dd,32,1790864960029
4f7a6e,51,1790780360029
d1200f,18,1790780360029
9c472c,57,1790864960029
3b2c6b,59,1790780360029
bddeda,25,1790780360029
054793,38,1790780360029
0a2b13,31,1790780360029
597173,23,1790779460029
5b6f31,17,1790864960029
8cd0c7,58,1790779460029
144321,22,1790779460029
780957,45,1790780360029
ae1fe1,23,1790779460029
4719a1,18,1790864960029
f911c4,32,1790780360029
a3c911,49,1790780360029
c4818f,58,1790864960029
2147dd,60,1790864960029
b91bd5,42,1790864960029
81299e,22,1790780360029
27e9c4,17,1790864960029
a04d6c,23,1790779460029
7ec360,25,1790779460029
ca9fd6,25,1790864960029
63a96e,37,1790864960029
51d285,52,1790864960029
d83211,36,1790780360029
4afb25,52,1790780360029
e32814,47,1790780360029
ddda01,30,1790864960029
497e1b,53,1790779460029
96551b,58,1790779460029
3595cc,43,1790779460029
505a8b,23,1790864960029
ff91ca,56,1790780360029
f5cd2c,51,1790780360029
69a560,35,1790780360029
15ab73,53,1790780360029
771f2f,40,1790864960029
d37060,50,1790779460029
d6a1c1,54,1790779460029
565146,33,1790780360029
177834,17,1790864960029
06e3ec,57,1790780360029
67a91a,43,1790779460029
c1b4f2,23,1790780360029
966f94,15,1790779460029
55fa0f,33,1790780360029
2543a5,15,1790864960029
44b012,39,1790779460029
10e5d3,19,1790780360029
9fd60e,32,1790780360029
25e8cc,52,1790779460029
75a742,20,1790864960029
8cc91d,40,1790864960029
45c3ba,23,1790864960029
57a5eb,22,1790780360029
f4f29e,28,1790780360029
bfd65d,48,1790780360029
71865b,24,1790779460029
165978,28,1790779460029
8685aa,43,1790779460029
6ba01b,51,1790864960029
f1eb40,56,1790864960029
0b38e3,21,1790864960029
764610,19,1790779460029
daacf8,38,1790780360029
71b9f9,59,1790864960029
7b7a96,36,1790864960029
f37b05,33,1790780360029
ce9906,41,1790779460029
39e331,18,1790864960029
b15a3f,43,1790779460029
9b5716,20,1790864960029
f8814b,37,1790780360029
cb4070,18,1790780360029
f113a2,16,1790864960029
07b25f,46,1790779460029
e098ff,57,1790779460029
754c1b,58,1790779460029
315afc,43,1790864960029
94b049,35,1790779460029
00ddb7,26,1790780360029
ac909e,56,1790864960029
64e712,21,1790864960029
347537,24,1790780360029
25db37,51,1790780360029
2bd3ef,25,1790864960029
a3540a,16,1790864960029
1c8883,31,1790780360029
1bbbb7,19,1790779460029
6c5408,45,1790864960029
ae6909,39,1790780360029
4a60cf,30,1790864960029
c23b14,50,1790779460029
0ac533,48,1790780360029
e858c6,52,1790780360029
72e824,47,1790780360029
d64cd0,28,1790779460029
e428ec,32,1790779460029
ed9945,17,1790779460029
2cb3c2,48,1790779460029
fbd1e9,32,1790779460029
674433,18,1790780360029
be479a,49,1790779460029
d5ada7,33,1790779460029
2c7017,59,1790864960029
77ff5a,55,1790864960029
b0f08a,18,1790780360029
cdc268,54,1790864960029
3b6d80,28,1790864960029
931c8f,37,1790864960029
62675b,56,1790780360029
564470,18,1790780360029
f736b8,40,1790780360029
764c21,38,1790779460029
bab9e0,51,1790780360029
0ad122,21,1790779460029
4fe972,26,1790779460029
a73e2b,40,1790780360029
307c4a,21,1790779460029
3d4d62,26,1790779460029
b22156,36,1790780360029
85e96e,32,1790780360029
126535,53,1790864960029
9047cb,53,1790864960029
813346,40,1790780360029
068ca0,37,1790864960029
6edeb3,32,1790779460029
e291ca,59,1790779460029
8f146c,51,1790864960029
4723e0,19,1790780360029
d1a89b,29,1790779460029
b83353,41,1790779460029
1669ce,50,1790780360029
f27ea9,46,1790779460029
19ddcf,44,1790779460029
beec33,53,1790864960029
5fca48,55,1790779460029
ba5c6d,15,1790779460029
12aca8,29,1790779460029
a5d3b1,32,1790864960029
29d526,60,1790864960029
0b89d5,32,1790780360029
d27f61,44,1790780360029
01b78e,54,1790780360029
cd1863,51,1790864960029
ab16c9,29,1790780360029
865e47,18,1790864960029
c87eae,21,1790864960029
a642d1,51,1790780360029
4ec01b,37,1790779460029
ab303e,28,1790864960029
d71b9d,58,1790864960029
107de3,52,1790864960029
b6c688,25,1790864960029
4f4664,23,1790779460029
e19833,38,1790779460029
58f863,22,1790779460029
3d9b11,53,1790779460029
a06d0f,27,1790780360029
244288,42,1790864960029
532621,32,1790779460029
ed2883,24,1790779460029
e18abd,58,1790864960029
70dcb8,18,1790779460029
5d4565,49,1790780360029
1a7eea,17,1790864960029
dca444,48,1790779460029
f7bdd3,48,1790779460029
f5dd01,18,1790779460029
f50899,24,1790780360029
c3a424,20,1790864960029
1ca8eb,51,1790780360029
590722,25,1790779460029
0e7143,28,1790780360029
c0cc41,48,1790779460029
e2bccf,51,1790780360029
675a5a,23,1790864960029
b8f1ff,15,1790780360029
0c6153,26,1790780360029
830dcc,26,1790779460029
57e4f7,53,1790864960029
828ad2,31,1790864960029
9dd994,34,1790779460029
96f639,21,1790780360029
675bd5,46,1790780360029
892c77,22,1790780360029
032bc5,52,1790780360029
93edf8,19,1790864960029
a21639,45,1790780360029
1447b4,24,1790779460029
33d8d1,45,1790780360029
665aaa,60,1790864960029
5fab4c,52,1790864960029
6813b3,48,1790779460029
c936f8,22,1790864960029
480bd8,53,1790779460029
e8159f,39,1790780360029
90bdac,43,1790779460029
560b85,26,1790864960029
4fb711,59,1790779460029
9daae5,29,1790864960029
69eea1,60,1790780360029
b9eb9b,28,1790780360029
f6c96a,43,1790864960029
295301,43,1790864960029
7311d5,30,1790780360029
9065c1,18,1790779460029
ba159d,36,1790779460029
f41c6d,54,1790779460029
f95452,40,1790779460029
4b5017,38,1790779460029
1e12fa,43,1790779460029
a8c967,16,1790779460029
828b6c,44,1790864960029
3b86dc,30,1790779460029
0184cf,23,1790864960029
d541cf,60,1790864960029
f61735,19,1790779460029
c82b52,39,1790780360029
4f108c,49,1790864960029
3a5ae4,27,1790864960029
78bd02,56,1790779460029
009eae,17,1790864960029
add44c,27,1790779460029
b6a785,19,1790779460029
61a18c,30,1790780360029
b5dc27,53,1790780360029
574a10,21,1790780360029
792e5f,43,1790864960029
096cce,36,1790780360029
868f6a,24,1790779460029
fa7a1d,20,1790780360029
9a29f8,32,1790864960029
d1f057,45,1790780360029
0b25a6,47,1790864960029
54a44a,31,1790780360029
4718af,60,1790864960029
2103f3,54,1790780360029
e61a65,18,1790779460029
f02504,23,1790864960029
e45655,59,1790779460029
7c415d,44,1790780360029
814a60,54,1790779460029
989aa7,17,1790779460029
521945,35,1790779460029
53e93f,20,1790864960029
686c85,56,1790864960029
409567,29,1790780360029
faf938,34,1790780360029
8bcaec,36,1790780360029
811e35,57,1790780360029
4b1e7a,52,1790779460029
f360c0,57,1790780360029
2471f1,19,1790779460029
5a9b05,53,1790864960029
1d4f11,47,1790864960029
c240cf,44,1790780360029
993b8c,18,1790779460029
eadd86,16,1790780360029
013204,51,1790780360029
3757ef,23,1790779460029
b10bfc,55,1790864960029
6bcb82,58,1790779460029
f77277,49,1790780360029
7f122e,19,1790779460029
1fbab1,60,1790779460029
77e8f1,46,1790864960029
4264a6,51,1790864960029
11524c,44,1790779460029
eb3b33,44,1790779460029
e48e64,57,1790779460029
8037c9,39,1790779460029
68547d,27,1790780360029
c687cb,50,1790780360029
bdaa3b,49,1790780360029
569d38,33,1790864960029
45d431,45,1790779460029
7520f5,31,1790780360029
07c757,26,1790780360029
19a8f7,40,1790780360029
fec2ec,22,1790780360029
133cc0,24,1790864960029
0c2875,51,1790864960029
622690,41,1790780360029
f0f2d3,58,1790779460029
a40b84,21,1790864960029
886472,33,1790780360029
d4a877,50,1790864960029
a18dfd,21,1790780360029
64eeba,26,1790780360029
d06b35,26,1790780360029
f02d33,42,1790780360029
b11bce,15,1790780360029
141d71,48,1790864960029
042d3a,42,1790779460029
561d2f,35,1790864960029
2059ee,35,1790780360029
5e8df9,17,1790779460029
53a1d4,29,1790779460029
5c50b8,38,1790780360029
b7fdfa,31,1790780360029
4a00ce,15,1790864960029
1e1f78,20,1790780360029
e706ce,17,1790864960029
d5f9d2,40,1790780360029
c75a7a,51,1790864960029
d7f424,22,1790779460029
40b8c1,58,1790779460029
56b157,57,1790864960029
bfdaad,15,1790780360029
7ceb4d,53,1790779460029
4db8e9,38,1790780360029
4e2584,42,1790779460029
57bd9f,43,1790780360029
7c1a8f,26,1790780360029
adb336,27,1790779460029
6333cb,44,1790864960029
194cb2,31,1790864960029
3cda90,33,1790864960029
c0fec5,47,1790864960029
444a07,57,1790864960029
8f411b,45,1790780360029
922ee2,29,1790780360029
57d7b0,38,1790864960029
19df48,15,1790779460029
01394c,34,1790779460029
ea432e,26,1790780360029
b02f72,27,1790780360029
423f2f,21,1790780360029
b9a2d1,42,1790864960029
a8b82e,54,1790864960029
b24945,44,1790864960029
aaf526,44,1790779460029
159598,45,1790780360029
0f490d,27,1790779460029
2e9611,32,1790864960029
3c1288,26,1790864960029
0e7e69,16,1790779460029
3df15f,18,1790864960029
a69f3a,54,1790780360029
672293,17,1790864960029
dbd9bc,27,1790864960029
21e978,33,1790864960029
50c1ad,49,1790779460029
19576b,59,1790780360029
da1bc3,33,1790864960029
080496,42,1790864960029
2230aa,40,1790779460029
104a76,53,1790779460029
6eae28,40,1790864960029
584458,18,1790864960029
a488f8,48,1790780360029
d3b8b1,48,1790779460029
c4d02d,40,1790780360029
668f81,37,1790780360029
3ddc4a,36,1790779460029
93bbb2,56,1790779460029
10090a,20,1790780360029
baf715,34,1790864960029
ba16c4,57,1790864960029
1fae93,16,1790864960029
26165e,60,1790780360029
1f79fd,33,1790780360029
13214b,54,1790780360029
e59a65,15,1790780360029
dc33b1,54,1790864960029
a58060,37,1790780360029
d6a815,50,1790864960029
54a0a9,36,1790864960029
9740ee,26,1790780360029
40d901,53,1790864960029
9bca91,45,1790864960029
d8ff7e,39,1790864960029
c3219f,46,1790780360029
667679,18,1790780360029
6dd614,26,1790779460029
b2c2f9,58,1790864960029
75bb54,25,1790780360029
1f49fd,48,1790864960029
0e45a0,58,1790864960029
49a567,37,1790864960029
92189d,51,1790780360029
a4580d,56,1790779460029
ebe341,23,1790779460029
6f6c92,42,1790864960029
daa381,40,1790780360029
348b29,45,1790864960029
f4c946,35,1790864960029
20cdb1,35,1790780360029
5c5c5e,48,1790779460029
8f7e76,28,1790864960029
5935f5,33,1790864960029
23b0bb,47,1790779460029
7c1235,46,1790864960029
310ca6,54,1790864960029
2a8570,58,1790864960029
bac0d7,42,1790780360029
51ba34,51,1790779460029
a3ed42,37,1790780360029
7d744b,28,1790779460029
570076,18,1790864960029
2a0a2c,18,1790780360029
92c2db,28,1790779460029
29e3b3,26,1790779460029
0f5ce4,41,1790864960029
e0943c,32,1790780360029
12739c,34,1790780360029
f58553,41,1790864960029
f3442f,60,1790864960029
3a003a,35,1790864960029
46b069,49,1790779460029
1482c1,18,1790779460029
06b143,23,1790779460029
42a960,30,1790780360029
2c063b,27,1790864960029
b015b2,55,1790780360029
83c726,60,1790779460029
22ad59,17,1790864960029
464b0d,42,1790780360029
80480e,39,1790779460029
e621d6,29,1790864960029
2c9b5c,52,1790780360029
5bbea6,19,1790780360029
ea9dcc,21,1790780360029
9525b1,30,1790780360029
2158d0,30,1790779460029
aa8b03,57,1790864960029
e731dd,23,1790864960029
455297,25,1790780360029
0adcf7,54,1790779460029
2f0f53,21,1790780360029
db388d,40,1790780360029
aa6ad5,24,1790780360029
5c2f76,25,1790780360029
c17607,29,1790779460029
7f7e85,50,1790780360029
de425a,52,1790779460029
92afee,40,1790779460029
94fe14,44,1790779460029
c137b6,48,1790779460029
0c9520,55,1790864960029
3035a7,43,1790779460029
f7e1c0,34,1790780360029
f40ee5,38,1790779460029
181932,45,1790779460029
ab4b62,29,1790864960029
adee1a,56,1790864960029
708ca8,31,1790864960029
40730f,42,1790864960029
8147d2,58,1790864960029
4427ea,28,1790779460029
f554de,51,1790864960029
1ac3e5,42,1790779460029
04f84d,32,1790780360029
e266bd,21,1790864960029
5f9e3e,18,1790864960029
e1b172,32,1790780360029
096e2f,37,1790779460029
9f631d,16,1790779460029
732a7c,36,1790780360029
9dde37,60,1790779460029
64df63,58,1790780360029
e2d586,44,1790780360029
86c8cd,60,1790864960029
775480,27,1790779460029
7650fe,41,1790780360029
bde6e2,52,1790779460029
5df744,26,1790780360029
b33ff3,43,1790864960029
665b4c,43,1790779460029
89cb1d,41,1790779460029
408890,47,1790779460029
3864d0,34,1790864960029
a6a438,60,1790864960029
492f37,55,1790780360029
83c946,47,1790780360029
9228ab,22,1790864960029
5e918b,19,1790864960029
a6102a,18,1790864960029
cde50f,49,1790779460029
370dae,40,1790779460029
e8cceb,20,1790780360029
ecd598,48,1790779460029
17b0e6,53,1790779460029
953d0c,46,1790780360029
633666,22,1790864960029
432243,42,1790780360029
6dcc1f,20,1790864960029
b07713,55,1790779460029
305f3a,35,1790780360029
9a09d0,32,1790864960029
cec430,49,1790864960029
058ded,28,1790779460029
0ffafc,27,1790779460029
66e101,21,1790780360029
a2f4b8,35,1790780360029
f8f8f5,21,1790864960029
734162,24,1790779460029
423170,18,1790864960029
f81cdc,26,1790864960029
96dc02,39,1790780360029
545119,33,1790864960029
a7c4e4,31,1790864960029
d4bf04,19,1790864960029
843ca9,27,1790864960029
1349a5,15,1790864960029
827d8b,16,1790864960029
4806b4,47,1790780360029
8d27f6,41,1790780360029
934c19,42,1790864960029
e7fef7,46,1790780360029
9ccf10,17,1790864960029
7a5cef,42,1790780360029
7ce5d7,36,1790780360029
096ad2,18,1790780360029
8f373f,15,1790780360029
0171d2,58,1790780360029
1cc185,29,1790780360029
6385ca,32,1790780360029
0ee27d,56,1790780360029
d835c6,58,1790780360029
40ee8f,49,1790779460029
611c7e,59,1790864960029
6c9615,19,1790780360029
33cfe7,57,1790864960029
741f36,58,1790864960029
ed5be1,24,1790864960029
12cd58,26,1790779460029
516103,35,1790864960029
178812,43,1790779460029
ccaf26,49,1790864960029
793ca1,23,1790864960029
2435dd,60,1790864960029
458e19,39,1790864960029
4c7fb5,29,1790779460029
19926c,43,1790780360029
7d369a,35,1790780360029
9ff807,32,1790779460029
6ab2cd,24,1790779460029
1fee51,41,1790864960029
309fcc,52,1790780360029
801203,42,1790864960029
4673a0,16,1790779460029
bcbadd,22,1790779460029
c7c36b,18,1790780360029
62bfdd,28,1790864960029
af1f00,50,1790780360029
38ac94,45,1790864960029
642c5b,39,1790780360029
c48c7e,40,1790780360029
8b8ce3,21,1790864960029
5e4178,44,1790864960029
3477a0,17,1790864960029
43c34e,34,1790864960029
7e33db,24,1790780360029
2be820,45,1790779460029
336cac,22,1790864960029
5943df,56,1790864960029
943ae9,45,1790780360029
12a041,55,1790779460029
6876bf,34,1790779460029
3ae488,39,1790780360029
73a12f,32,1790864960029
470e01,23,1790864960029
5f3ee6,16,1790780360029
c4f059,20,1790779460029
c9a0e5,41,1790780360029
f11e20,39,1790780360029
ebfe29,18,1790779460029
69d900,51,1790864960029
9560cd,39,1790780360029
f8825c,24,1790864960029
b08553,22,1790779460029
5376fc,23,1790779460029
17a085,26,1790864960029
54d991,32,1790864960029
1cb444,54,1790864960029
400497,43,1790779460029
b5eebd,57,1790864960029
26b873,33,1790780360029
d54757,41,1790779460029
068d25,15,1790780360029
9d600c,38,1790779460029
4332b8,58,1790780360029
c3090e,60,1790864960029
9a8f9e,44,1790864960029
8d4c5e,47,1790780360029
f73f61,43,1790864960029
09c197,29,1790780360029
473f40,31,1790864960029
886080,40,1790864960029
8e6245,23,1790864960029
1cb041,29,1790864960029
bcd269,53,1790864960029
1af5c9,29,1790779460029
6455a5,21,1790780360029
55f900,32,1790864960029
2b3def,20,1790779460029
61727a,48,1790780360029
ad518b,28,1790864960029
bd1d9c,60,1790780360029
ba0c36,29,1790864960029
c417af,29,1790780360029
4af9ba,53,1790864960029
67581d,47,1790780360029
c96c5b,17,1790864960029
14bf5c,35,1790779460029
539974,45,1790779460029
59aff0,47,1790864960029
07a2be,26,1790780360029
0538bd,20,1790780360029
b7fe4a,59,1790779460029
0cd325,48,1790780360029
7e8a72,33,1790864960029
c88061,18,1790780360029
77d6f2,41,1790780360029
c5090c,15,1790779460029
93a8a8,38,1790780360029
04b208,17,1790780360029
4f5966,41,1790780360029
a5f460,45,1790864960029
779cbe,37,1790864960029
86eff0,40,1790780360029
b11ff9,55,1790864960029
478fd2,26,1790864960029
2a5d02,52,1790779460029
b7bb1c,28,1790779460029
356885,59,1790780360029
086b2c,54,1790864960029
01d5a0,29,1790864960029
d21348,16,1790780360029
bcc36c,51,1790779460029
71ac97,58,1790779460029
4fcc3c,26,1790780360029
1e76bb,25,1790780360029
e570dc,32,1790780360029
21bc0c,51,1790780360029
0c09e4,25,1790864960029
15a61f,55,1790780360029
67310b,45,1790864960029
17a37a,49,1790780360029
aeca97,40,1790864960029
781ab6,30,1790780360029
926bee,30,1790780360029
c07e3b,57,1790779460029
03b832,59,1790780360029
85c8d4,48,1790780360029
5d0f44,46,1790779460029
c30724,50,1790779460029
4c026c,19,1790780360029
227241,30,1790779460029
465eb0,38,1790779460029
df29ac,23,1790864960029
c1c426,54,1790780360029
437000,28,1790779460029
9d1f9b,36,1790779460029
0a6910,60,1790780360029
c9f58b,25,1790780360029
ad6758,41,1790780360029
0b6b73,59,1790864960029
8f7807,46,1790864960029
e0ff36,55,1790780360029
aca6d5,26,1790779460029
bdfc34,33,1790780360029
5b4119,21,1790864960029
d489e4,43,1790779460029
3ab9d8,39,1790864960029
990bd0,43,1790864960029
0de285,33,1790780360029
8c16c4,26,1790779460029
b1bec7,31,1790864960029
0bbbbd,42,1790779460029
b16974,22,1790864960029
c703e4,45,1790779460029
c7f13b,50,1790864960029
1f4ba2,47,1790864960029
3b5c40,55,1790780360029
af5cc4,46,1790864960029
ab8e1e,16,1790864960029
dd554a,57,1790780360029
d54fb1,35,1790864960029
921c11,57,1790779460029
e08fd2,37,1790864960029
3e2cdb,49,1790779460029
7e122c,49,1790780360029
d7502b,40,1790780360029
69eec3,52,1790864960029
1aefb7,43,1790779460029
86132d,18,1790779460029
dce7cd,51,1790779460029
0e76b5,40,1790780360029
f01d56,26,1790864960029
95a324,54,1790864960029
d2f9a3,54,1790779460029
07a771,48,1790864960029
af14d6,40,1790780360029
fc92fc,56,1790864960029
78cb7f,19,1790864960029
f94f28,26,1790780360029
e31506,57,1790779460029
add4b4,54,1790780360029
25c990,24,1790780360029
ad0e40,22,1790779460029
9dbb91,42,1790780360029
116a95,39,1790780360029
867042,55,1790779460029
f77fb6,27,1790779460029
34ca14,46,1790780360029
a45ccd,40,1790780360029
5317e1,33,1790779460029
122cbd,38,1790779460029
ddceee,31,1790779460029
73c383,38,1790864960029
82dc17,40,1790779460029
6354d6,24,1790780360029
549666,56,1790779460029
2a4f4d,40,1790779460029
15b72f,21,1790779460029
b89f77,39,1790780360029
b46607,32,1790779460029
bfc6ff,19,1790864960029
53396f,56,1790780360029
5d96f5,29,1790779460029
a43bea,15,1790780360029
b7df24,30,1790780360029
1a34ed,16,1790780360029
d91bd2,44,1790780360029
5e2a18,40,1790780360029
bb4b11,16,1790864960029
9e5b2b,59,1790864960029
89e4d2,20,1790779460029
f793e8,27,1790779460029
b5d0f3,27,1790779460029
97df4c,44,1790864960029
5315f8,48,1790780360029
659f63,37,1790864960029
e0d8e0,56,1790780360029
06ee9f,45,1790780360029
dd1830,18,1790779460029
4772fe,19,1790779460029
05eed5,40,1790779460029
b12b90,56,1790864960029
e69c17,48,1790780360029
c78f1d,43,1790864960029
785ef8,49,1790864960029
0309bc,36,1790779460029
f22de9,59,1790779460029
d03c7a,33,1790779460029
de6841,40,1790779460029
0bd4a2,30,1790780360029
8461a0,52,1790780360029
0304e7,60,1790864960029
50097f,16,1790780360029
1722e3,58,1790779460029
e1ef3f,57,1790779460029
48460b,29,1790864960029
eb9832,41,1790864960029
6b8353,16,1790864960029
96a37d,56,1790779460029
19b71c,43,1790780360029
10d98f,33,1790864960029
3a132c,53,1790779460029
265e81,29,1790864960029
173f24,33,1790864960029
e24259,22,1790779460029
964a34,20,1790779460029
02532b,45,1790864960029
aa11b1,43,1790780360029
4c5344,41,1790864960029
1eb264,51,1790864960029
bdac16,51,1790779460029
11d2ff,48,1790780360029
5d1649,32,1790864960029
15b52c,52,1790779460029
f9d626,37,1790864960029
47c16e,36,1790779460029
7a2abd,27,1790864960029
6b58ac,17,1790779460029
5ade3f,37,1790779460029
057cfe,43,1790864960029
c0d9ab,50,1790780360029
989a92,29,1790779460029
9782fb,30,1790780360029
3ec78a,60,1790780360029
6f1bde,22,1790779460029
6633b4,54,1790780360029
00c322,37,1790779460029
b37a03,32,1790780360029
53d882,22,1790779460029
cefd8b,30,1790864960029
78a4df,38,1790780360029
ad9754,31,1790780360029
f9e7f0,25,1790779460029
1c0645,26,1790780360029
c1b571,19,1790864960029
5572b0,53,1790780360029
f85e53,54,1790780360029
ff9b46,47,1790864960029
4c87f0,29,1790864960029
dc90db,35,1790864960029
8335f0,55,1790779460029
7d4fef,34,1790780360029
930f32,46,1790780360029
832275,16,1790779460029
bba4b9,31,1790779460029
acaa49,50,1790780360029
a9fcb5,41,1790780360029
47e763,46,1790864960029
742b83,27,1790779460029
8b6d25,60,1790864960029
e94185,41,1790779460029
f75738,51,1790779460029
405f57,49,1790864960029
484b84,32,1790864960029
428139,41,1790864960029
609ffb,42,1790864960029
72ed7d,18,1790780360029
694488,16,1790779460029
99129b,48,1790779460029
b0cd14,52,1790864960029
734fd2,60,1790864960029
16241c,41,1790779460029
cf13a8,56,1790780360029
7ef460,40,1790780360029
c46dc9,21,1790779460029
cf3133,51,1790779460029
ec2363,60,1790779460029
01c01b,26,1790779460029
7761a2,24,1790864960029
e21a79,37,1790864960029
33e24b,16,1790780360029
14508a,54,1790779460029
1ad317,44,1790780360029
32fed9,26,1790780360029
377e35,40,1790864960029
c518c9,54,1790780360029
3775f8,15,1790864960029
4ee4f9,25,1790864960029
ad9782,20,1790779460029
009de9,15,1790864960029
669c8c,46,1790780360029
ec920b,40,1790864960029
f7428d,17,1790780360029
7b9f3d,30,1790779460029
fc1381,45,1790864960029
cdbf7b,44,1790780360029
444202,48,1790864960029
d863d4,20,1790779460029
d1e8e6,52,1790780360029
6d34be,59,1790780360029
c626d3,48,1790780360029
42229d,53,1790779460029
5e3e2d,29,1790864960029
29e797,19,1790779460029
5d9539,26,1790779460029
e9c802,59,1790780360029
7ab8ad,40,1790780360029
b64382,27,1790779460029
55307e,33,1790864960029
4088e4,22,1790780360029
e9e0e6,39,1790779460029
174c5f,45,1790779460029
e4b3a6,46,1790864960029
20a616,17,1790780360029
9e16ff,55,1790779460029
36f982,52,1790864960029
c791fa,18,1790864960029
750c4e,43,1790779460029
3896f0,29,1790780360029
53dce2,60,1790780360029
272595,58,1790779460029
81b453,54,1790779460029
a2c2bb,50,1790864960029
71c3f2,56,1790864960029
8ab115,47,1790864960029
e65944,41,1790780360029
807f6c,59,1790780360029
cc7fb5,56,1790864960029
3442e2,30,1790864960029
e9f869,40,1790864960029
2f5972,54,1790864960029
9294a7,38,1790864960029
e02461,54,1790864960029
db3a48,15,1790780360029
219885,43,1790780360029
5c06ff,38,1790779460029
9d9b56,48,1790864960029
deb9d0,59,1790779460029
0f3a94,37,1790780360029
6639d3,35,1790779460029
5bbc13,18,1790779460029
ef1d9b,18,1790780360029
71143e,19,1790780360029
20e97d,22,1790864960029
968202,18,1790780360029
20cb8d,50,1790864960029
cfb4f5,57,1790864960029
215f24,43,1790779460029
5846ff,31,1790780360029
523061,45,1790779460029
f84465,21,1790864960029
62f3d6,47,1790780360029
705a5c,36,1790864960029
bb4f48,17,1790864960029
9cab86,45,1790780360029
65521c,34,1790864960029
d5592c,36,1790864960029
9bfc0a,26,1790864960029
a33207,58,1790780360029
dc44a3,31,1790779460029
3325dc,35,1790780360029
55c6ad,25,1790780360029
5c480d,48,1790779460029
bd8c6e,28,1790779460029
18defe,26,1790779460029
adbca3,48,1790780360029
7dac8a,40,1790780360029
8feab5,16,1790864960029
d70300,23,1790780360029
8ae48c,32,1790864960029
3d360e,41,1790864960029
0f8972,57,1790780360029
733c63,51,1790780360029
2a20cb,20,1790780360029
a96b72,26,1790780360029
f77c20,49,1790779460029
1531b4,57,1790864960029
61b0e0,48,1790780360029
421d0c,32,1790864960029
23ae47,33,1790779460029
facbcf,53,1790779460029
f7ed92,49,1790779460029
228510,27,1790779460029
ccda92,31,1790779460029
f871dd,58,1790780360029
6f8bff,55,1790779460029
7f07c7,54,1790864960029
9db488,32,1790780360029
26dd84,29,1790779460029
2f208f,32,1790780360029
14ad22,48,1790780360029
a4d472,54,1790780360029
238e0c,32,1790780360029
04019c,57,1790779460029
41c649,21,1790779460029
8b3780,39,1790780360029
14e63d,24,1790779460029
377998,24,1790779460029
1cc882,32,1790780360029
11a650,54,1790864960029
9abd2d,30,1790864960029
72d853,48,1790780360029
f869a3,54,1790780360029
b7bda0,44,1790779460029
1c46e9,52,1790780360029
e182e1,48,1790864960029
0c7712,58,1790780360029
fb7701,25,1790864960029
c8fcea,49,1790780360029
53341a,27,1790864960029
ec2163,46,1790779460029
7324c0,27,1790779460029
6015a1,40,1790780360029
999305,23,1790864960029
64edc4,25,1790779460029
fcdce1,35,1790780360029
567b0e,45,1790780360029
838b95,45,1790864960029
5f8076,38,1790864960029
61c61f,53,1790864960029
8a1f4f,23,1790779460029
dbc242,48,1790779460029
c3bf9c,45,1790779460029
ebab2a,30,1790864960029
9e9368,50,1790779460029
8f6128,32,1790779460029
d454dd,17,1790779460029
d0573c,22,1790779460029
93820e,29,1790780360029
e5b938,59,1790864960029
0da326,23,1790779460029
dcae2b,43,1790864960029
1b8f37,15,1790780360029
564100,29,1790780360029
bfdcdc,47,1790779460029
9ecefc,41,1790779460029
8ba4de,18,1790864960029
1a6ae9,28,1790779460029
c23015,58,1790864960029
e9b557,20,1790864960029
c26085,24,1790864960029
7c00f5,20,1790864960029
99a116,44,1790779460029
5f7fee,54,1790864960029
32aec4,56,1790864960029
eac4d0,60,1790779460029
8df063,56,1790864960029
fedf2c,20,1790779460029
378b14,47,1790864960029
cf8471,32,1790779460029
bad703,26,1790864960029
1791a9,51,1790779460029
2492df,25,1790779460029
1918a5,28,1790779460029
462202,35,1790780360029
ce1eb1,20,1790864960029
73b240,51,1790864960029
1f3158,47,1790779460029
099fc7,55,1790864960029
5cef19,22,1790779460029
aac4c2,19,1790779460029
cd7530,38,1790780360029
42e24d,36,1790864960029
bafc8b,28,1790864960029
b70697,35,1790780360029
5f0b6f,26,1790864960029
8dfbb9,52,1790779460029
6b9041,33,1790780360029
b37b5b,33,1790779460029
19386e,30,1790864960029
550ccb,28,1790864960029
4f9e51,24,1790779460029
fc1266,48,1790780360029
5cf41a,46,1790779460029
cb0dc7,35,1790779460029
840dc5,58,1790779460029
499b00,47,1790864960029
332193,21,1790779460029
d7ec45,42,1790780360029
b69ac3,22,1790864960029
5cdce8,32,1790780360029
4e9f92,34,1790864960029
2628fc,28,1790780360029
f6c9bd,39,1790779460029
5fcd96,30,1790864960029
9b7ff3,44,1790864960029
5881b6,36,1790864960029
2ca9de,53,1790780360029
3cae70,34,1790864960029
f86414,42,1790780360029
080a35,22,1790780360029
58de26,32,1790779460029
979c97,55,1790864960029
783fe9,28,1790864960029
4348f4,33,1790779460029
5c5648,29,1790779460029
1dbcea,49,1790780360029
4f6cb5,50,1790864960029
43ea2b,41,1790864960029
70236c,54,1790780360029
a962d6,39,1790864960029
19b39b,42,1790779460029
f9fe8b,44,1790780360029
92f89b,42,1790864960029
bfbb56,19,1790779460029
41db84,48,1790780360029
31da26,59,1790864960029
8332a1,45,1790779460029
018489,24,1790780360029
943d85,56,1790779460029
2519e5,48,1790864960029
321e98,51,1790780360029
0a5ee3,32,1790864960029
b0b717,15,1790780360029
ab0cda,41,1790864960029
b73b9b,27,1790779460029
6998e5,30,1790780360029
a40835,51,1790779460029
61d2a2,28,1790779460029
bc33a8,37,1790780360029
6f692a,15,1790864960029
20720c,29,1790779460029
077bd7,38,1790780360029
941066,23,1790780360029
34f464,22,1790864960029
563be7,23,1790864960029
56de3f,23,1790779460029
5fbcb6,59,1790780360029
775440,50,1790864960029
29c3a3,38,1790779460029
bc055f,20,1790779460029
a6df9a,24,1790780360029
8a4abf,57,1790780360029
90bab8,45,1790864960029
0986f1,36,1790780360029
f4d2ba,21,1790779460029
81d2f4,26,1790864960029
786dc8,50,1790779460029
127f29,40,1790864960029
811cc9,49,1790779460029
b5e3e3,23,1790864960029
dad8a8,32,1790779460029
479313,51,1790864960029
2ebb4b,57,1790780360029
76a29d,28,1790779460029
9a3ecf,25,1790779460029
bc988d,27,1790779460029
7e9cb4,45,1790780360029
b27900,48,1790780360029
98ebc1,40,1790864960029
e62617,42,1790779460029
4bf6b3,39,1790780360029
1cac06,15,1790780360029
8c1ea9,23,1790864960029
ba8356,19,1790864960029
d216a5,51,1790864960029
4b3a02,44,1790864960029
85b5d9,46,1790779460029
36b856,15,1790780360029
15ef73,28,1790780360029
46a54c,31,1790779460029
5f000e,45,1790864960029
dea956,49,1790779460029
f52135,29,1790780360029
3697d2,40,1790779460029
661be3,20,1790779460029
63f1a5,24,1790864960029
eaf446,25,1790864960029
e1e6d5,36,1790780360029
a89368,52,1790780360029
767d07,17,1790864960029
81985e,49,1790864960029
62ea94,20,1790780360029
031f48,41,1790780360029
721b8d,27,1790864960029
b17d88,43,1790864960029
3faf62,28,1790864960029
430ece,28,1790780360029
a94432,56,1790779460029
6d0426,22,1790780360029
6146fe,48,1790780360029
417d82,42,1790780360029
e49de9,25,1790780360029
a33644,32,1790864960029
d9a6e0,59,1790779460029
6aa1a5,51,1790779460029
821ed9,50,1790779460029
691465,40,1790779460029
316174,22,1790780360029
1379c7,18,1790780360029
81533f,59,1790780360029
b4f211,31,1790864960029
64f65d,34,1790779460029
0bbe3d,15,1790864960029
203de3,57,1790779460029
51e398,52,1790864960029
ffab9d,24,1790779460029
160a60,52,1790780360029
6696a4,24,1790864960029
e7aef7,43,1790780360029
50bb52,43,1790780360029
c81854,55,1790864960029
638884,42,1790780360029
e9db1c,32,1790780360029
82963a,35,1790780360029
2ade4b,25,1790779460029
e3dae1,15,1790779460029
88b975,19,1790864960029
d41c26,20,1790779460029
fc7691,29,1790779460029
bc02c6,55,1790780360029
b694db,36,1790779460029
985e3b,33,1790864960029
6e625b,29,1790780360029
b185e4,50,1790780360029
5f6211,54,1790780360029
45f10c,57,1790780360029
5f8423,38,1790779460029
fb2954,45,1790779460029
c2c124,27,1790864960029
c47aac,16,1790780360029
c11e4a,56,1790779460029
351736,36,1790780360029
82743c,30,1790779460029
71e7d1,28,1790780360029
dfb5c8,42,1790864960029
57d599,55,1790780360029
bb21b1,39,1790780360029
cfb877,28,1790864960029
a375d2,33,1790864960029
021f22,43,1790780360029
d622d2,36,1790780360029
8187f8,42,1790779460029
c6a1ee,21,1790864960029
192632,37,1790780360029
2663d7,29,1790779460029
a872a0,28,1790864960029
3de6a5,49,1790780360029
0d129f,40,1790864960029
9c28d7,44,1790780360029
0df952,50,1790864960029
0e790b,41,1790780360029
94dfae,29,1790779460029
a3d2cf,20,1790779460029
197767,24,1790780360029
cab2fe,34,1790779460029
759138,60,1790864960029
c86b2d,42,1790779460029
e03afc,54,1790780360029
58367a,60,1790780360029
d39bc3,57,1790779460029
be0267,29,1790780360029
21c3a5,15,1790864960029
6bd698,34,1790864960029
a0bcaf,35,1790780360029
f8dc1a,38,1790780360029
428ff8,15,1790779460029
3a806e,56,1790780360029
f6ee1b,26,1790780360029
3fd8e5,47,1790779460029
de86a0,55,1790779460029
c4fce4,58,1790864960029
fce986,54,1790864960029
f30a5b,56,1790780360029
3b33f6,51,1790779460029
170b6b,46,1790864960029
380cc9,51,1790864960029
0b1771,32,1790780360029
8f3ce0,24,1790864960029
1a09d7,39,1790779460029
4342ee,33,1790864960029
3d712f,45,1790779460029
d67fd5,23,1790779460029
433bd9,25,1790779460029
90bfe5,35,1790864960029
baa625,23,1790864960029
7c9229,42,1790779460029
b3f607,29,1790779460029
01bbfa,49,1790780360029
d1b50f,45,1790864960029
47d7b6,54,1790780360029
a17d4e,44,1790780360029
9141bb,42,1790779460029
cd5c16,32,1790779460029
bb6223,57,1790780360029
037623,36,1790779460029
4aab9f,44,1790780360029
1e76b7,28,1790780360029
67c1dd,26,1790779460029
25498e,28,1790864960029
198b41,17,1790780360029
94d1d4,32,1790779460029
79f13e,55,1790779460029
b482d5,42,1790864960029
56ae77,30,1790864960029
d5b7a1,32,1790779460029
afd51a,37,1790779460029
5d3dd7,41,1790780360029
a96b27,32,1790780360029
4050bf,57,1790864960029
9d7035,52,1790864960029
0ae6af,34,1790779460029
a39b67,17,1790864960029
d96a8e,32,1790780360029
23cfb1,54,1790780360029
09d4d3,32,1790779460029
4cfd89,51,1790864960029
71220a,49,1790779460029
f5bb1d,45,1790779460029
f35891,60,1790779460029
c5caac,57,1790779460029
edd94e,59,1790864960029
e93379,20,1790864960029
ced9b0,42,1790864960029
6cf8e3,30,1790780360029
32446a,24,1790864960029
44d308,26,1790779460029
a216d2,42,1790780360029
20d13e,23,1790780360029
b790ea,25,1790780360029
bdac78,59,1790864960029
a16aa8,22,1790780360029
b54a91,22,1790779460029
a48feb,35,1790780360029
d6392d,37,1790864960029
9b5448,28,1790779460029
3d9911,42,1790780360029
e0d6a8,41,1790780360029
ec82c3,52,1790779460029
a23cda,25,1790780360029
9d5b96,51,1790780360029
a2bc56,56,1790780360029
b18f29,50,1790780360029
8ab132,19,1790780360029
5188f0,54,1790864960029
b65514,60,1790864960029
32fd9e,34,1790780360029
562ea5,18,1790779460029
be35a5,53,1790779460029
d8ecca,53,1790780360029
649d09,49,1790779460029
18b617,52,1790780360029
0a6123,30,1790864960029
2089b2,19,1790864960029
ab2888,31,1790864960029
7b9a77,46,1790779460029
31f32d,17,1790780360029
f05c97,44,1790779460029
98b7ba,50,1790780360029
b5ac30,58,1790864960029
5f8f1d,20,1790779460029
cf0bc6,56,1790779460029
d32245,47,1790864960029
be4b86,49,1790864960029
a1ddc2,59,1790780360029
e1faff,57,1790780360029
6413d7,31,1790779460029
60399e,37,1790779460029
bf9281,60,1790780360029
ea5a2b,22,1790779460029
7cac4e,37,1790864960029
8f49a1,35,1790864960029
b9a59b,47,1790864960029
a017a8,46,1790864960029
09707b,47,1790864960029
e3f87b,56,1790779460029
5e005f,15,1790780360029
0d127b,35,1790780360029
7e25e5,57,1790780360029
69f47c,47,1790780360029
b79758,27,1790780360029
d8fb7c,56,1790864960029
1c9a06,20,1790780360029
a0f84d,47,1790780360029
0be9dd,31,1790864960029
850a5e,53,1790779460029
06fb0a,26,1790864960029
43812c,24,1790780360029
1c7ce8,21,1790779460029
bc24d5,32,1790780360029
239388,24,1790780360029
a0caa8,26,1790780360029
a26f98,52,1790780360029
d75271,41,1790779460029
5827cc,38,1790864960029
16b3aa,57,1790779460029
92b892,23,1790780360029
10e79b,39,1790864960029
065a1b,20,1790779460029
0f2e54,60,1790779460029
c173a5,59,1790779460029
31c02d,15,1790779460029
6027b6,47,1790779460029
af0a94,48,1790780360029
c2d79d,25,1790779460029
507b1a,42,1790864960029
d2f640,36,1790779460029
37dacb,50,1790780360029
7073d8,21,1790864960029
b4ec11,52,1790779460029
c7ae4c,26,1790780360029
dc9c4b,47,1790864960029
6d0fb4,52,1790780360029
306885,16,1790780360029
f15751,29,1790864960029
56eeaa,35,1790780360029
7d98d5,33,1790864960029
5c4910,58,1790779460029
71ec91,30,1790780360029
00254b,33,1790864960029
c0c3cb,49,1790780360029
1b40a8,46,1790779460029
228f6f,29,1790779460029
3d5e3e,41,1790864960029
1095b3,17,1790864960029
48e60c,32,1790779460029
d3c6dd,31,1790779460029
61e1be,34,1790780360029
3dda3e,47,1790864960029
ef8873,16,1790864960029
f802bf,29,1790864960029
db413b,31,1790779460029
9c59a4,49,1790780360029
8018eb,56,1790779460029
31fa4e,46,1790864960029
b43415,46,1790780360029
85ae89,36,1790864960029
351761,25,1790779460029
7875e7,34,1790780360029
08b6e0,58,1790779460029
144c03,33,1790779460029
db9720,21,1790779460029
e14ce4,15,1790864960029
a2e4ff,34,1790779460029
c1b68b,36,1790864960029
ec5e7e,57,1790779460029
286b9f,18,1790780360029
ac7f65,29,1790780360029
d48f1c,50,1790864960029
9c1474,38,1790779460029
ef08c3,54,1790864960029
164498,41,1790779460029
b2cc3d,20,1790780360029
40c9fc,28,1790780360029
73248b,21,1790780360029
6fd2d6,41,1790780360029
b97887,26,1790864960029
36a0bc,56,1790779460029
6cbd1f,28,1790779460029
67b8d3,22,1790864960029
ac7ea5,19,1790864960029
33c4b7,26,1790780360029
69539d,40,1790864960029
335b4e,60,1790864960029
716252,17,1790780360029
984819,58,1790780360029
33c1be,53,1790779460029
0a9c23,52,1790864960029
d68587,38,1790780360029
910285,20,1790779460029
81bb0c,58,1790780360029
c88978,54,1790779460029
b6f184,52,1790780360029
870a20,44,1790779460029
4ecce3,45,1790864960029
e1d5ac,59,1790864960029
f357f1,41,1790864960029
c3ae69,35,1790779460029
6945f3,34,1790779460029
e0e40c,24,1790779460029
2db7ab,33,1790864960029
128bd7,28,1790780360029
b45b0c,47,1790779460029
06fb8d,26,1790779460029
22960d,40,1790780360029
b1e964,54,1790864960029
0e13f8,42,1790780360029
fe2b36,28,1790779460029
e8b446,35,1790779460029
0b20f1,29,1790780360029
682cee,50,1790864960029
20910a,46,1790779460029
aa23ce,45,1790864960029
acd5cd,47,1790779460029
ee8fda,43,1790780360029
730352,45,1790779460029
19bcd4,23,1790779460029
bd0359,51,1790864960029
2c21cb,52,1790864960029
2abf9f,26,1790780360029
9ecd30,40,1790780360029
e8ec2e,47,1790780360029
1ecd62,23,1790779460029
926783,27,1790779460029
a3de16,29,1790864960029
598bcb,41,1790780360029
201120,29,1790779460029
a31e70,36,1790779460029
e79817,59,1790780360029
947911,36,1790864960029
de44c8,49,1790779460029
452ea0,48,1790780360029
9fac4b,26,1790864960029
7860cd,24,1790779460029
81e3ae,56,1790780360029
e42e81,32,1790780360029
222450,41,1790779460029
35f498,54,1790864960029
cd3cff,24,1790780360029
e1eb18,17,1790864960029
aed45f,51,1790779460029
3e8bcf,58,1790864960029
0c102e,34,1790780360029
19404f,41,1790779460029
d7b51f,34,1790779460029
3f6dd2,46,1790780360029
2b968e,33,1790779460029
35becc,31,1790779460029
7bced7,53,1790780360029
d30292,34,1790780360029
a1adb6,25,1790779460029
1471c6,50,1790780360029
c2335a,19,1790864960029
507f86,16,1790864960029
9bf928,15,1790864960029
e0e84d,57,1790780360029
cdb7aa,51,1790780360029
18c3e8,43,1790864960029
95a038,58,1790780360029
efeedd,44,1790864960029
1be054,23,1790780360029
50ee6c,21,1790779460029
c3d82e,60,1790779460029
6c5866,16,1790779460029
498c24,15,1790864960029
693b13,41,1790780360029
7ee662,47,1790780360029
338c8e,46,1790864960029
8719bf,28,1790779460029
7dc99f,30,1790864960029
b713e6,47,1790780360029
ebf60f,60,1790779460029
ead6bc,47,1790779460029
2ec2ce,51,1790780360029
844234,31,1790780360029
b14246,30,1790780360029
c3d6ea,59,1790864960029
fb3cc9,22,1790864960029
e06ae3,35,1790779460029
b2c7ae,15,1790864960029
760503,25,1790864960029
937e5a,32,1790780360029
c3328d,39,1790779460029
17ae68,21,1790780360029
80cd2f,30,1790779460029
17a71e,18,1790780360029
cf7932,41,1790864960029
6e30ee,41,1790780360029
029247,52,1790780360029
2ceeae,54,1790864960029
e1b734,47,1790864960029
511531,54,1790864960029
f7e574,15,1790864960029
268a1f,15,1790864960029
9b5947,33,1790864960029
ef7d68,60,1790780360029
9ac4ec,34,1790779460029
4cb633,49,1790780360029
f398cb,26,1790779460029
099692,26,1790780360029
2c54b2,60,1790864960029
f3830b,58,1790864960029
01fdfc,48,1790864960029
491faf,55,1790779460029
78ccce,21,1790864960029
76ad23,27,1790779460029
d41727,15,1790779460029
34191f,57,1790864960029
945560,45,1790864960029
11265c,52,1790780360029
5b5806,21,1790864960029
87701f,27,1790779460029
8d4ed8,60,1790779460029
45393d,53,1790780360029
fe29d5,40,1790780360029
345723,46,1790864960029
cbb127,39,1790864960029
2f5eb5,32,1790780360029
0a2a10,24,1790780360029
29ef92,56,1790864960029
650598,45,1790779460029
99f48a,50,1790779460029
291f4b,21,1790779460029
198aa5,26,1790780360029
243900,24,1790780360029
fe3af5,36,1790780360029
49905b,39,1790780360029
87c1fc,30,1790779460029
54b48b,26,1790779460029
c7b767,40,1790780360029
cc7350,60,1790780360029
d657dd,50,1790779460029
1589ea,51,1790780360029
56b7a7,49,1790779460029
ca5934,55,1790864960029
11892e,59,1790780360029
50abcb,20,1790864960029
fe8586,41,1790864960029
fee552,47,1790780360029
16d6f5,57,1790779460029
981e3f,29,1790779460029
894d2b,51,1790864960029
9f6e0e,54,1790780360029
da6b77,40,1790779460029
60cdbb,35,1790780360029
c223cb,26,1790864960029
6152b9,59,1790779460029
9ca74d,50,1790779460029
b4fd5d,43,1790779460029
0fbb20,25,1790779460029
860889,59,1790779460029
5ea6ee,27,1790779460029
43ca36,58,1790779460029
d47f43,55,1790780360029
31cafd,17,1790864960029
3097be,44,1790779460029
4e011f,18,1790780360029
933c5d,47,1790780360029
0db181,27,1790864960029
eb2148,41,1790864960029
a4571f,31,1790779460029
d3b8ff,38,1790864960029
1768d4,24,1790864960029
752225,21,1790864960029
9e4de4,33,1790779460029
d86564,33,1790779460029
d006fe,16,1790779460029
19caf7,59,1790780360029
2875b1,42,1790864960029
2d44ef,49,1790864960029
90a897,34,1790864960029
30948b,46,1790780360029
faed7f,31,1790779460029
ee6e8d,26,1790864960029
b97df5,32,1790864960029
bbd310,37,1790864960029
fe7d2e,20,1790780360029
23ceaf,57,1790864960029
ef2cc0,56,1790864960029
9dc73f,30,1790780360029
1704b8,46,1790779460029
7351b7,39,1790779460029
55204a,21,1790864960029
014089,42,1790864960029
374c68,28,1790864960029
49b549,22,1790779460029
42e1f8,43,1790779460029
cd5dc1,25,1790779460029
02841c,48,1790864960029
961e22,48,1790779460029
45b6b4,53,1790779460029
3cf356,40,1790779460029
e61ae3,33,1790780360029
c1b484,58,1790779460029
afc424,26,1790780360029
1e47c0,33,1790779460029
7a2724,27,1790864960029
3ea1ac,46,1790779460029
111879,51,1790780360029
03af1f,28,1790780360029
89b85b,42,1790780360029
9dda62,46,1790779460029
d7d427,34,1790780360029
491bad,46,1790780360029
c8a7c2,47,1790780360029
c9aea3,32,1790780360029
896a62,56,1790779460029
0ebb7d,40,1790779460029
a24640,29,1790780360029
5e116b,16,1790779460029
024efb,44,1790864960029
ea20c6,58,1790780360029
7e678e,32,1790780360029
e79b15,32,1790864960029
55b402,60,1790780360029
ed6f33,53,1790780360029
0169d8,51,1790780360029
8bbf59,56,1790780360029
473c3a,40,1790780360029
232e20,42,1790779460029
7bd5b6,32,1790780360029
0cb630,25,1790780360029
0d2110,38,1790864960029
b8e6b8,38,1790779460029
66d2d4,51,1790779460029
b40b19,38,1790779460029
315977,55,1790864960029
4bb8fb,34,1790864960029
f9a525,51,1790780360029
231773,39,1790779460029
a3273c,43,1790779460029
2118c0,35,1790780360029
ba7084,57,1790780360029
870f11,58,1790779460029
515959,38,1790780360029
cdbc33,34,1790779460029
8b4267,54,1790779460029
303fbd,29,1790779460029
5cf009,17,1790864960029
3f3e32,20,1790780360029
5b755c,56,1790779460029
6f1d96,56,1790780360029
11ef1a,48,1790780360029
061c27,51,1790864960029
c444a1,46,1790864960029
92d639,40,1790864960029
e63f2f,56,1790779460029
303da6,29,1790864960029
7cac45,31,1790779460029
18d42f,23,1790779460029
6791b7,16,1790780360029
9a60cf,39,1790780360029
581f8c,29,1790779460029
f5320c,27,1790780360029
275261,59,1790779460029
ce359d,50,1790780360029
aa6d18,32,1790864960029
f9f396,52,1790779460029
431167,15,1790864960029
90e966,26,1790780360029
9fb706,50,1790779460029
b16dda,49,1790779460029
e8e56e,21,1790780360029
337b9f,54,1790864960029
451e67,33,1790864960029
338d35,26,1790780360029
6f0dcd,18,1790779460029
39e0f6,39,1790780360029
9ef4be,46,1790779460029
0d5c18,56,1790864960029
c6d8b1,37,1790779460029
375904,28,1790780360029
7f71f2,48,1790779460029
0c8930,48,1790780360029
c631d1,39,1790864960029
4b26c8,51,1790864960029
a4a7f7,21,1790780360029
076ce1,47,1790780360029
f847b5,29,1790864960029
1c2f8d,60,1790779460029
b77c49,24,1790780360029
cb116d,49,1790864960029
b85137,36,1790779460029
f4f203,41,1790779460029
e36be7,44,1790779460029
643f72,20,1790780360029
d0096a,37,1790779460029
363249,17,1790779460029
fc1535,16,1790864960029
fe0dd8,55,1790779460029
ecc852,36,1790780360029
613604,20,1790779460029
bd7152,21,1790779460029
330532,51,1790780360029
f609ca,57,1790864960029
8a8578,22,1790780360029
5c8da0,27,1790779460029
9eab70,15,1790780360029
91df0b,55,1790779460029
77569b,54,1790779460029
aabf50,53,1790779460029
58f5a3,55,1790779460029
7ebc2e,33,1790864960029
66fefa,44,1790779460029
3fcf7e,22,1790779460029
677f01,37,1790864960029
587315,20,1790864960029
b9f8ea,45,1790864960029
aa0dc4,52,1790864960029
44bdad,36,1790864960029
654cac,45,1790779460029
324c9e,21,1790779460029
5d1fe6,30,1790780360029
2681f3,32,1790864960029
6485e7,31,1790864960029
64d7e4,54,1790864960029
0ce466,20,1790780360029
d69ef8,47,1790779460029
e3f97e,48,1790780360029
08979c,21,1790779460029
96a2a7,27,1790780360029
a1b50c,43,1790779460029
91c064,30,1790780360029
d696fb,36,1790864960029
0797fb,41,1790779460029
c7835c,34,1790864960029
a4a18f,43,1790780360029
7b4d01,21,1790864960029
8c5efe,53,1790780360029
e0115f,41,1790779460029
1f638b,35,1790864960029
a46c39,59,1790864960029
cee5ab,43,1790780360029
7a384d,43,1790864960029
8504be,31,1790779460029
98c367,24,1790780360029
916468,33,1790780360029
99dcfb,47,1790779460029
d83aac,55,1790779460029
715116,34,1790780360029
e09ac2,38,1790779460029
a70cd2,48,1790864960029
6bbb18,15,1790780360029
562aa0,33,1790780360029
83854f,51,1790779460029
01a9eb,32,1790779460029
b9ecdc,21,1790864960029
e075e1,28,1790779460029
90051b,21,1790779460029
3d5011,27,1790779460029
659862,23,1790780360029
167612,58,1790779460029
13bd6c,34,1790780360029
0485bd,42,1790780360029
0c4b2d,37,1790780360029
fcddad,41,1790779460029
7ab5d9,17,1790780360029
3269c0,28,1790780360029
9c0dd5,51,1790864960029
48bad5,20,1790864960029
a169fc,17,1790780360029
057056,35,1790864960029
8b8b14,27,1790780360029
c351c9,25,1790780360029
c4a04b,28,1790779460029
a0688c,32,1790779460029
36661c,33,1790779460029
b7ffe7,36,1790864960029
6a7010,38,1790864960029
3085d5,54,1790864960029
e2d088,42,1790864960029
49b77e,26,1790779460029
68f89f,26,1790864960029
e7c7f7,26,1790779460029
8c9751,51,1790864960029
018a8b,46,1790780360029
7fa219,40,1790780360029
4e1d97,47,1790779460029
be1e2c,20,1790779460029
edb5c9,46,1790780360029
bfca26,16,1790779460029
af5969,22,1790864960029
84f4ac,38,1790779460029
d39569,26,1790864960029
f2236f,37,1790780360029
01db6a,20,1790779460029
5118b1,24,1790779460029
d0ac61,33,1790780360029
3af38e,49,1790864960029
61ccfb,42,1790780360029
eca7d8,27,1790779460029
13684b,15,1790864960029
c4a1bf,59,1790779460029
fe38cd,51,1790864960029
bc130d,44,1790779460029
9bbb82,26,1790780360029
e1f93b,21,1790864960029
a8ffdd,36,1790779460029
124b4f,36,1790779460029
0b23cc,56,1790779460029
49153b,46,1790779460029
4ce944,40,1790779460029
57d050,19,1790779460029
df2282,38,1790864960029
b4f244,15,1790780360029
5f4dab,37,1790864960029
56add4,52,1790779460029
ae121a,60,1790779460029
1fe517,23,1790780360029
88b119,15,1790779460029
55995e,54,1790779460029
01f2d9,29,1790779460029
b588dd,43,1790779460029
5c41c9,48,1790780360029
46f3ae,60,1790780360029
722082,47,1790864960029
3debc8,56,1790864960029
422060,26,1790779460029
d43bd9,60,1790864960029
7bf37a,26,1790864960029
b155d1,34,1790779460029
4982dd,21,1790780360029
97856e,26,1790780360029
7f13d2,16,1790864960029
87dbbb,40,1790780360029
68d292,16,1790780360029
39fabd,33,1790864960029
6bca38,57,1790864960029
4f0b9e,24,1790864960029
fbda17,39,1790864960029
0bb05f,60,1790780360029
5bce54,43,1790864960029
107a11,30,1790779460029
5b8516,24,1790779460029
927402,43,1790779460029
1fe01a,31,1790864960029
e17b2b,33,1790780360029
355943,52,1790780360029
3fab6c,33,1790780360029
d92302,45,1790779460029
5beeb1,33,1790780360029
c5e538,54,1790864960029
090308,49,1790779460029
dfd5f8,28,1790780360029
456d1d,31,1790779460029
e29880,26,1790780360029
b608b4,50,1790780360029
e26855,49,1790779460029
82df85,24,1790864960029
134bce,33,1790864960029
8917e0,48,1790864960029
82e5ed,53,1790864960029
241d10,46,1790779460029
791202,28,1790779460029
ab5382,46,1790779460029
6223b9,44,1790779460029
2d791d,31,1790864960029
a350e4,55,1790780360029
f4b95c,49,1790779460029
69dfa5,37,1790779460029
d14404,20,1790780360029
5bcd71,36,1790780360029
946f64,43,1790779460029
0a7e32,33,1790864960029
2de70b,39,1790779460029
3fee09,43,1790779460029
3699d0,22,1790780360029
df926b,60,1790864960029
c7a501,27,1790780360029
bcf7b6,56,1790864960029
e26713,35,1790780360029
a83661,31,1790780360029
4daf4f,37,1790864960029
548093,15,1790779460029
bc0195,53,1790779460029
2a884b,24,1790864960029
0a20ec,23,1790864960029
68ec61,32,1790780360029
de1550,58,1790864960029
26de46,27,1790780360029
497a34,46,1790864960029
7aafff,58,1790779460029
ec175a,41,1790780360029
82c7a6,19,1790780360029
0ba075,27,1790864960029
c79019,55,1790780360029
9d43b1,47,1790780360029
f03028,27,1790864960029
05201d,18,1790864960029
8b1925,15,1790779460029
1469cf,52,1790779460029
f40c87,55,1790780360029
d9aa4b,29,1790780360029
0d001b,34,1790779460029
58d22a,52,1790780360029
dc2655,23,1790779460029
f18b41,46,1790780360029
531288,40,1790779460029
105314,48,1790779460029
df9fe6,17,1790779460029
2016df,31,1790780360029
ab0b18,54,1790864960029
3c900a,16,1790779460029
19647b,31,1790864960029
3b6530,29,1790864960029
6529b7,21,1790780360029
05bb6c,31,1790779460029
7f338e,30,1790864960029
154206,25,1790864960029
94f286,48,1790780360029
401165,19,1790780360029
84dfba,32,1790864960029
c127e1,57,1790864960029
0c2c61,47,1790864960029
6477db,53,1790779460029
4ff7d1,54,1790864960029
e5a875,43,1790780360029
ecf96c,21,1790779460029
987c71,33,1790864960029
ec9588,18,1790779460029
865567,43,1790780360029
ee32fa,27,1790864960029
91f95f,17,1790780360029
97446c,37,1790864960029
387c4f,42,1790864960029
2ba256,57,1790864960029
3ec8a0,48,1790779460029
d2b6ec,47,1790864960029
bd3c49,24,1790864960029
7526e3,40,1790780360029
8854fc,35,1790864960029
70c857,20,1790864960029
396ff7,21,1790864960029
5b2333,42,1790780360029
dbe3d2,52,1790864960029
690d8d,36,1790780360029
c6952b,17,1790864960029
5e279a,44,1790864960029
9be122,16,1790779460029
75cfa2,19,1790779460029
957c6f,60,1790779460029
48b2af,45,1790864960029
93ba77,58,1790779460029
bde393,43,1790780360029
8e73cf,40,1790864960029
156da9,47,1790779460029
0a8077,38,1790779460029
e59e35,18,1790780360029
b1c9ae,20,1790779460029
0a5804,24,1790780360029
3f78b1,24,1790864960029
d6334a,24,1790780360029
980ffe,49,1790864960029
ecb115,45,1790864960029
78b428,49,1790779460029
fb4e89,44,1790780360029
a6cec9,38,1790864960029
b1725d,56,1790864960029
569b30,47,1790779460029
dd8662,55,1790780360029
531571,39,1790864960029
ec714b,52,1790864960029
c6cde3,40,1790780360029
73e553,45,1790780360029
0d1f64,29,1790780360029
a7df33,25,1790780360029
3a1d4f,57,1790780360029
bdb183,53,1790779460029
0b3b4d,37,1790780360029
09cc1c,44,1790779460029
826fb2,54,1790864960029
b6d496,54,1790864960029
e0c336,19,1790780360029
74088c,36,1790779460029
078a28,22,1790864960029
42d162,23,1790864960029
e09df3,34,1790779460029
7900a1,34,1790779460029
441d38,58,1790779460029
a63a67,54,1790780360029
1dd6b6,45,1790779460029
79ea0d,42,1790779460029
7d87e0,37,1790780360029
4121a0,46,1790780360029
5b4e77,21,1790779460029
896924,20,1790779460029
56b19b,36,1790779460029
6d9e03,40,1790864960029
ae6bc9,22,1790779460029
05e7dd,25,1790780360029
0e6755,16,1790780360029
ed623b,31,1790780360029
4bdf65,32,1790864960029
8d95da,48,1790780360029
cd3594,44,1790780360029
c677c0,42,1790779460029
4a210a,38,1790779460029
d6395d,38,1790780360029
3c055f,23,1790779460029
dda060,54,1790864960029
cbe5d3,41,1790780360029
ff2804,36,1790864960029
f44a06,43,1790779460029
4698df,19,1790864960029
0918d0,54,1790780360029
33a73b,46,1790780360029
a87708,30,1790864960029
f1a8af,24,1790779460029
4cd6a7,26,1790780360029
06aec1,20,1790779460029
c989be,27,1790780360029
a7f573,24,1790780360029
7cb80a,54,1790779460029
bc9a07,22,1790780360029
aacaa5,24,1790780360029
dced90,36,1790779460029
7882cb,30,1790864960029
2dc0d4,18,1790779460029
c5b237,49,1790780360029
d18860,57,1790780360029
4d5343,22,1790779460029
25f8bc,45,1790780360029
650bed,31,1790780360029
730c97,36,1790779460029
92519b,54,1790780360029
f9fe7d,52,1790779460029
febcc3,23,1790864960029
9f92fc,39,1790780360029
043d25,32,1790780360029
7c3720,32,1790779460029
ba272d,15,1790779460029
2e6f9e,33,1790779460029
802960,32,1790864960029
33dac1,34,1790864960029
d155f7,42,1790864960029
e2fd3a,31,1790864960029
760dec,40,1790780360029
11abcb,37,1790780360029
8d6530,58,1790780360029
9e8e05,22,1790864960029
c43ffc,40,1790779460029
89c276,53,1790864960029
833b69,44,1790780360029
81559c,36,1790864960029
3eae26,40,1790864960029
431678,16,1790864960029
4aadd7,20,1790864960029
128693,32,1790864960029
6a0ac1,57,1790780360029
c60452,36,1790780360029
4495ac,36,1790779460029
35650c,60,1790780360029
dc7ebb,17,1790864960029
3fc7b4,46,1790864960029
d4c85b,56,1790780360029
4afb5d,43,1790780360029
1e5864,39,1790864960029
9e9892,55,1790779460029
46c349,29,1790780360029
56e296,56,1790780360029
97dc33,50,1790864960029
a0b695,34,1790780360029
e4e271,22,1790780360029
60303d,25,1790864960029
ef0800,19,1790780360029
6d7918,34,1790864960029
7d8de2,36,1790780360029
377302,45,1790780360029
bfa2ae,33,1790864960029
599a4a,20,1790779460029
3154ed,42,1790779460029
b6979d,30,1790780360029
b29b59,54,1790780360029
91366a,32,1790864960029
fec41e,30,1790779460029
458539,33,1790780360029
cfafed,33,1790780360029
70aa16,36,1790864960029
b38bdc,30,1790780360029
9ad4db,22,1790780360029
b1bef5,52,1790779460029
9fe7e2,43,1790779460029
d1c1fa,54,1790864960029
75e104,21,1790780360029
6b6a47,26,1790779460029
943226,20,1790864960029
77f7ea,26,1790780360029
55a595,40,1790779460029
aaaa0a,35,1790779460029
439f6c,24,1790779460029
6db354,55,1790779460029
cfc2cc,27,1790779460029
713dc9,44,1790779460029
7347f5,25,1790780360029
5ee7c7,31,1790779460029
d5dc54,35,1790864960029
296ec7,36,1790779460029
189abe,25,1790864960029
92eec5,60,1790864960029
c92318,45,1790779460029
f0d794,22,1790779460029
1de9ed,48,1790779460029
3531cb,48,1790780360029
bbca2f,26,1790864960029
8ec582,20,1790779460029
338b5f,21,1790779460029
d5115d,51,1790864960029
038ade,29,1790780360029
1c1451,35,1790779460029
3c640e,19,1790779460029
5b8e64,15,1790780360029
e30cf4,35,1790780360029
b4f227,44,1790780360029
b50da3,22,1790780360029
81d6eb,55,1790864960029
e5ec96,38,1790779460029
6aa390,31,1790779460029
56e37c,35,1790864960029
00c493,39,1790779460029
a488be,31,1790864960029
a7fa53,43,1790780360029
cc8e8d,53,1790780360029
28b191,57,1790780360029
7fa6ed,37,1790780360029
99b2cb,46,1790864960029
f24b03,60,1790864960029
4589ce,60,1790864960029
f0c2d8,36,1790779460029
05aef2,23,1790864960029
51eff7,16,1790779460029
e2f456,48,1790780360029
5d66a7,22,1790780360029
5530d5,17,1790779460029
c1b89d,26,1790864960029
e03b50,45,1790780360029
a6987d,33,1790864960029
3470c5,23,1790779460029
819930,54,1790864960029
d80b35,22,1790780360029
1833a3,27,1790780360029
823b9a,57,1790780360029
3214a5,60,1790780360029
3fe890,38,1790864960029
c7fe26,21,1790780360029
f61547,30,1790864960029
a16b18,45,1790780360029
5c311c,20,1790779460029
ba92e4,60,1790779460029
2285b7,25,1790779460029
14a6ca,18,1790864960029
5aa07a,35,1790864960029
f0bec6,20,1790780360029
4f0b71,54,1790864960029
49a4a0,57,1790780360029
da3c15,42,1790779460029
5f82c4,51,1790864960029
afa173,29,1790864960029
4fd409,26,1790779460029
b76702,60,1790779460029
30abcd,45,1790779460029
737a84,27,1790779460029
6fa995,15,1790780360029
f46557,26,1790780360029
1dc7b5,39,1790780360029
45a26f,57,1790780360029
14ec8c,30,1790864960029
7ad495,29,1790779460029
a4ec88,36,1790780360029
11cd1d,32,1790780360029
48f291,39,1790780360029
a1eaf5,55,1790780360029
e83e5e,40,1790864960029
2ec865,39,1790864960029
078334,44,1790864960029
0bd23f,37,1790780360029
8b86c9,59,1790780360029
49b4d1,41,1790780360029
753078,44,1790864960029
cf44db,31,1790779460029
865596,33,1790779460029
c37e24,45,1790864960029
b900b0,25,1790779460029
021cca,31,1790779460029
4e17db,18,1790779460029
1c9e83,48,1790780360029
38e9b1,39,1790780360029
7d8971,48,1790864960029
37519d,27,1790779460029
163a87,52,1790780360029
4d1a8b,15,1790780360029
09b5b2,36,1790864960029
a7e679,48,1790864960029
a50f2e,55,1790779460029
eff854,26,1790780360029
ccc756,45,1790779460029
010463,40,1790864960029
333881,52,1790779460029
794548,26,1790864960029
535ef8,27,1790780360029
f86b4e,52,1790864960029
b6cf0c,51,1790780360029
dcf07e,48,1790780360029
a1b221,32,1790864960029
7866ac,17,1790780360029
b14f15,42,1790779460029
83a5cf,40,1790864960029
9d3eed,48,1790779460029
807199,38,1790864960029
969b68,58,1790864960029
f75d67,19,1790864960029
750264,52,1790780360029
30a541,47,1790864960029
fc4806,19,1790780360029
c82056,55,1790864960029
b67b87,49,1790780360029
c408d1,46,1790779460029
594e04,27,1790780360029
2bfa92,40,1790864960029
cc6766,39,1790779460029
416eac,56,1790864960029
19fe0b,34,1790779460029
20847c,54,1790780360029
75aac3,50,1790864960029
20dca2,32,1790864960029
d850fb,30,1790864960029
8d7a23,27,1790864960029
7a8dd6,47,1790780360029
0e74b0,53,1790779460029
9f5e32,58,1790779460029
56c7ae,16,1790780360029
a30fd6,59,1790779460029
931191,56,1790780360029
1db15a,23,1790779460029
90a637,55,1790780360029
ace9d1,29,1790864960029
6ca5a1,16,1790779460029
f87041,35,1790864960029
30cae3,44,1790779460029
3ecbc3,32,1790864960029
c3f5a1,49,1790779460029
8b345d,47,1790864960029
5500aa,27,1790780360029
5babb8,16,1790779460029
5ceac7,18,1790779460029
38c76d,28,1790779460029
8366f3,17,1790864960029
6eab90,54,1790779460029
980785,24,1790780360029
264bc3,15,1790779460029
78bd3b,33,1790779460029
50c44a,27,1790779460029
4a19bb,49,1790779460029
a533a6,56,1790780360029
1ad1a4,55,1790779460029
3b100b,38,1790779460029
711bdf,36,1790780360029
70d446,25,1790864960029
c7eb83,59,1790780360029
221637,18,1790779460029
e26ec7,42,1790779460029
67dc7e,39,1790779460029
4d7a3b,56,1790779460029
509ff8,55,1790780360029
c06f06,29,1790780360029
eac102,43,1790780360029
40094b,30,1790864960029
27566a,37,1790780360029
cd76fd,53,1790864960029
5418bd,21,1790864960029
80a7bf,22,1790779460029
ab52e4,29,1790779460029
0fc24e,21,1790864960029
10abe4,42,1790864960029
651a8d,24,1790864960029
c93691,50,1790864960029
9773d9,15,1790864960029
4a3e0b,16,1790779460029
00dc79,15,1790864960029
e6f529,29,1790864960029
12de52,31,1790864960029
888f7e,51,1790780360029
589f1a,32,1790780360029
94d258,16,1790864960029
860faa,17,1790780360029
bb6a85,26,1790864960029
599773,16,1790779460029
7ef66e,29,1790779460029
3a3680,38,1790780360029
805b83,48,1790780360029
ffed30,59,1790780360029
9017e6,20,1790779460029
2df2af,32,1790780360029
e95305,18,1790780360029
7582da,37,1790864960029
0ec679,18,1790780360029
9b30f6,28,1790864960029
c902b1,23,1790779460029
e76eb6,58,1790864960029
28c7b1,60,1790779460029
c66ac4,19,1790779460029
c3e7da,20,1790779460029
57021b,34,1790864960029
8c715b,51,1790779460029
e4f1d0,38,1790780360029
5bb78e,32,1790779460029
bb8854,42,1790780360029
730b7f,44,1790779460029
238484,55,1790779460029
bcd4ce,37,1790864960029
5dc53e,36,1790780360029
32663d,59,1790864960029
46315c,36,1790780360029
995ee1,20,1790780360029
ed0033,23,1790864960029
c12756,43,1790864960029
10b97b,26,1790864960029
d85d07,26,1790779460029
4699fc,49,1790780360029
1756ff,42,1790780360029
552b4c,45,1790779460029
98f43e,28,1790780360029
d2e5f8,26,1790780360029
bf7a97,37,1790780360029
394c0b,41,1790864960029
51dafa,59,1790779460029
0cef1d,22,1790864960029
2a39ed,15,1790780360029
4fae81,40,1790864960029
138b84,44,1790779460029
e3ee14,22,1790779460029
e47ba4,28,1790780360029
2ee768,19,1790779460029
898a63,33,1790780360029
bc773e,16,1790779460029
8bb0a5,33,1790780360029
3c20e7,21,1790864960029
f34388,25,1790779460029
6ea29b,52,1790779460029
cbddc2,42,1790864960029
e8e553,25,1790780360029
072086,38,1790780360029
5f602c,58,1790779460029
2b3038,52,1790779460029
ccca94,39,1790779460029
a34756,38,1790780360029
9af64d,43,1790864960029
c18be7,35,1790864960029
14683d,40,1790864960029
0d28b3,29,1790780360029
bc1adf,48,1790864960029
5d3ecb,42,1790864960029
cdc444,49,1790864960029
cab644,49,1790864960029
1c3024,60,1790864960029
b9144f,25,1790864960029
952160,40,1790780360029
43e71e,44,1790779460029
64d741,56,1790864960029
7f5350,45,1790780360029
3f769f,60,1790864960029
92b438,39,1790780360029
e32b8f,19,1790864960029
2b56ed,51,1790864960029
74b015,31,1790864960029
0ebdf3,59,1790864960029
192402,36,1790864960029
9ceae7,26,1790864960029
0afa36,28,1790779460029
68d7ae,43,1790779460029
8d39d4,48,1790779460029
341d2c,41,1790864960029
aedb8a,32,1790779460029
58d6d5,59,1790779460029
c3739b,47,1790780360029
2d3f9f,50,1790780360029
e4daab,50,1790779460029
8b1e1a,35,1790780360029
aba822,51,1790779460029
8796cb,36,1790864960029
198be5,15,1790779460029
3a4aa2,57,1790779460029
5c4c15,35,1790780360029
e700a1,38,1790779460029
bb2a2e,48,1790864960029
885a3e,58,1790780360029
7bec50,15,1790780360029
b5c349,39,1790780360029
c50d67,29,1790864960029
968f8e,42,1790780360029
28bbbe,31,1790780360029
88f8ec,37,1790779460029
2f566c,23,1790780360029
2e4b77,51,1790779460029
1c1bf5,34,1790864960029
bf393f,46,1790780360029
3265e4,48,1790864960029
bde259,26,1790864960029
1ed7c8,31,1790864960029
83ed3e,55,1790779460029
17826c,26,1790864960029
925a40,57,1790780360029
f86cd2,35,1790780360029
a88378,25,1790779460029
f9fa0a,25,1790779460029
c05474,28,1790779460029
17263c,38,1790780360029
e0124c,50,1790779460029
587728,45,1790779460029
ed654f,35,1790779460029
37ef4f,21,1790779460029
b50e67,21,1790779460029
9bad09,15,1790864960029
c41f65,54,1790864960029
f9609e,37,1790780360029
233a5a,52,1790779460029
9d334a,50,1790864960029
0093f1,24,1790779460029
3584b3,20,1790864960029
a8bc0c,23,1790779460029
194bb4,52,1790864960029
5f1d07,28,1790780360029
6612cc,57,1790864960029
4261f9,19,1790780360029
3b4098,53,1790864960029
53cf5c,15,1790779460029
7d1b94,25,1790779460029
9305b7,34,1790780360029
8fdd93,43,1790864960029
af290e,17,1790779460029
da8837,54,1790779460029
349f59,40,1790864960029
08bf74,54,1790864960029
8670b2,53,1790864960029
927333,43,1790780360029
c80abe,48,1790864960029
9fba95,31,1790779460029
5d14e9,51,1790779460029
dfed9b,41,1790779460029
75acec,19,1790864960029
a29260,24,1790779460029
7c1761,48,1790779460029
1aef2a,31,1790780360029
fd6a15,34,1790780360029
173f7f,59,1790780360029
ddf287,36,1790779460029
417942,49,1790779460029
921674,45,1790864960029
043bf0,46,1790780360029
567698,31,1790864960029
857020,36,1790780360029
8fb23e,21,1790779460029
024039,24,1790864960029
f286f1,47,1790779460029
055f2d,53,1790780360029
79ce54,46,1790779460029
7de318,38,1790779460029
e4be88,37,1790779460029
6a85d6,18,1790864960029
08b4d0,30,1790864960029
9655a8,51,1790779460029
aeedb7,43,1790779460029
19b8a6,33,1790864960029
17daa2,51,1790780360029
18dd56,32,1790780360029
ff9143,40,1790780360029
d7bb85,52,1790864960029
faa751,39,1790864960029
a75bad,41,1790780360029
2015ec,39,1790864960029
21d731,30,1790780360029
ede286,35,1790864960029
bf5f94,53,1790780360029
844771,18,1790779460029
4bee01,59,1790779460029
d129c3,56,1790864960029
562382,36,1790780360029
010b74,16,1790780360029
1cb084,53,1790779460029
ba6755,29,1790864960029
70d18d,60,1790864960029
9d2cc5,25,1790780360029
7ee664,37,1790780360029
af0ead,57,1790779460029
cf127c,37,1790864960029
41836c,60,1790780360029
1ac9e5,30,1790864960029
a865cd,43,1790780360029
aedd4b,60,1790864960029
c15073,59,1790780360029
976dd7,26,1790864960029
9bdd75,59,1790780360029
18bf82,33,1790780360029
21cc82,46,1790864960029
e2013b,24,1790779460029
998a85,20,1790779460029
107887,43,1790779460029
f70de1,29,1790779460029
d4178d,59,1790779460029
cca2de,19,1790780360029
ffe241,16,1790779460029
9152a0,56,1790779460029
e050b3,24,1790779460029
90ab28,50,1790780360029
c7a309,47,1790780360029
c8c251,48,1790780360029
a5a6d3,44,1790780360029
d98738,58,1790780360029
37463e,56,1790780360029
367f68,34,1790780360029
3fc76b,39,1790780360029
d49e29,60,1790780360029
5a7013,45,1790780360029
427082,42,1790864960029
0129ad,23,1790780360029
81b353,32,1790779460029
acc677,49,1790864960029
f4a7ce,23,1790780360029
1f67aa,41,1790779460029
29d8c3,42,1790780360029
227fbc,44,1790864960029
96ccd3,45,1790780360029
f5bb13,45,1790864960029
fff2b5,57,1790780360029
1da13a,36,1790780360029
801dc3,58,1790779460029
67c113,27,1790864960029
169b30,40,1790779460029
48cf5e,58,1790780360029
7cd425,49,1790779460029
ff8a99,44,1790780360029
f89736,20,1790780360029
98a49b,23,1790779460029
2be553,54,1790864960029
3ccc5f,15,1790779460029
5420a5,35,1790780360029
1fbee8,18,1790864960029
b5fa4f,60,1790780360029
20bbf1,22,1790779460029
62b1a9,53,1790864960029
438ef0,43,1790864960029
59ec3d,56,1790864960029
031c23,47,1790864960029
8625c9,27,1790779460029
04d1ed,50,1790780360029
cc935b,23,1790864960029
4cb7af,23,1790780360029
b34b28,39,1790780360029
d267e0,24,1790780360029
1a2154,56,1790780360029
4246ae,47,1790779460029
31fc8d,58,1790780360029
1bdb6a,33,1790864960029
7b5d31,59,1790780360029
bd60fe,16,1790864960029
b11559,56,1790864960029
c2bf38,42,1790864960029
70b9ec,51,1790864960029
dd1645,40,1790864960029
c8a62b,49,1790780360029
536656,53,1790780360029
025f84,54,1790864960029
9e87f9,48,1790864960029
41d44d,18,1790780360029
536c9e,26,1790780360029
5964f0,34,1790780360029
84a68b,21,1790779460029
8b18d5,34,1790780360029
a38fca,41,1790864960029
097ac5,15,1790779460029
83de90,16,1790779460029
23adea,35,1790780360029
26971a,40,1790780360029
4e7602,49,1790864960029
583b11,27,1790780360029
abffc5,44,1790864960029
dc0410,28,1790780360029
adbbf5,33,1790780360029
9e9d3d,49,1790780360029
08c567,21,1790779460029
21fd89,44,1790779460029
9a4490,51,1790864960029
f180a4,26,1790864960029
7d70a2,44,1790864960029
629956,44,1790779460029
d712f9,30,1790864960029
b41b16,40,1790864960029
84026c,17,1790780360029
a5f111,21,1790780360029
f8efbd,56,1790780360029
9fcf09,16,1790779460029
03a7a9,28,1790864960029
2a443d,46,1790864960029
59c444,25,1790779460029
88403b,40,1790780360029
420f86,51,1790780360029
975fcd,37,1790779460029
8dba26,18,1790779460029
09c5ff,17,1790779460029
cad297,30,1790780360029
fb8728,58,1790780360029
a74a78,23,1790779460029
26a6f8,39,1790779460029
d5b0f1,38,1790779460029
742b3d,19,1790864960029
366dd1,40,1790864960029
e81790,23,1790779460029
dcc358,39,1790780360029
152da7,42,1790780360029
a102ea,36,1790864960029
789bf1,40,1790780360029
de6352,44,1790864960029
d34692,22,1790779460029
8e104b,47,1790779460029
359aa9,33,1790779460029
7f50ab,44,1790864960029
c79110,52,1790780360029
0532f4,39,1790864960029
a4589e,41,1790780360029
53c8af,57,1790780360029
1217b1,30,1790864960029
9601f8,38,1790779460029
006087,56,1790864960029
fae2b8,23,1790779460029
d9577b,42,1790779460029
58fd74,36,1790780360029
bc52ab,21,1790864960029
0c5c2d,29,1790864960029
39ea8d,35,1790779460029
6d4ce7,38,1790779460029
7010d6,53,1790780360029
55ac19,44,1790780360029
26649a,38,1790780360029
38ae5f,57,1790779460029
a9c47a,33,1790779460029
727ab8,16,1790779460029
772d9e,34,1790779460029
eaa810,53,1790779460029
f38e00,53,1790780360029
f9e058,57,1790779460029
bfc90c,48,1790864960029
765946,44,1790864960029
039208,55,1790864960029
a72f39,42,1790780360029
d7b53c,33,1790864960029
877d25,40,1790864960029
8e3c90,51,1790864960029
e6163a,57,1790780360029
2effef,34,1790864960029
93d936,23,1790780360029
19b66f,54,1790779460029
b54b05,19,1790780360029
aae65a,15,1790780360029
3ab74c,39,1790864960029
746f36,52,1790864960029
c37c93,47,1790864960029
80daa7,49,1790779460029
f9e1b6,29,1790780360029
c4d36b,36,1790864960029
6cc5d9,39,1790780360029
6e6286,24,1790779460029
b0b6d9,48,1790779460029
3fedd7,56,1790864960029
574af8,40,1790779460029
794455,33,1790779460029
408d40,60,1790779460029
2956b4,40,1790864960029
57733f,26,1790864960029
e75889,37,1790780360029
a58f5d,51,1790864960029
b2114d,42,1790780360029
16a341,44,1790864960029
d5eff5,44,1790779460029
cfe7ff,35,1790780360029
438d71,18,1790864960029
07cae5,23,1790864960029
964c55,19,1790779460029
60a33b,54,1790864960029
9bb812,27,1790780360029
751a9e,59,1790780360029
be4fe5,22,1790864960029
59ef71,40,1790779460029
38b64e,41,1790864960029
d88b4b,37,1790779460029
0dcff9,36,1790864960029
7ef1b6,43,1790779460029
4ec95a,53,1790779460029
d5585f,22,1790779460029
b09a9c,46,1790780360029
3e9bf1,47,1790864960029
5a6667,22,1790864960029
8ff71b,55,1790864960029
16e077,45,1790780360029
134d19,23,1790779460029
941ff2,32,1790864960029
f0c318,58,1790864960029
9a8b44,40,1790780360029
c01a35,31,1790779460029
61cd9e,53,1790780360029
a6f03a,60,1790780360029
8fa957,29,1790779460029
383975,35,1790864960029
e118ae,49,1790864960029
6ad203,29,1790779460029
924a41,16,1790864960029
1fe2ec,45,1790779460029
70e2fc,44,1790779460029
99d4fa,15,1790779460029
fde944,28,1790780360029
0289ef,37,1790864960029
baf418,47,1790779460029
e9ff67,59,1790779460029
fb1d73,22,1790779460029
b8614c,16,1790780360029
ffed53,25,1790780360029
61a809,44,1790779460029
e2abbf,57,1790780360029
ce5b20,35,1790780360029
aebaca,22,1790864960029
9d897a,53,1790780360029
892a64,58,1790779460029
f0fb86,47,1790780360029
03183b,58,1790864960029
ba041b,28,1790780360029
3ccbf2,16,1790779460029
f84b17,21,1790780360029
d63b66,39,1790864960029
0b06d6,17,1790779460029
3a3b11,33,1790780360029
16b7ac,49,1790780360029
2c2cc0,59,1790780360029
9aafb6,15,1790779460029
739707,55,1790780360029
0d9623,35,1790864960029
d23422,57,1790864960029
2b637a,19,1790864960029
d71a0f,22,1790780360029
e24d56,39,1790864960029
2cc532,43,1790780360029
af660b,58,1790780360029
1df91f,18,1790780360029
ca63de,45,1790779460029
970294,59,1790864960029
e41331,48,1790779460029
05a696,54,1790864960029
6dc56b,24,1790779460029
bcca0a,40,1790864960029
d1d95e,59,1790779460029
a6a978,33,1790864960029
c49c6e,46,1790780360029
00deee,42,1790780360029
ec6c51,38,1790780360029
4ffd1a,37,1790780360029
e0c907,31,1790779460029
1d2e4a,37,1790779460029
9cad6a,35,1790864960029
b04885,18,1790780360029
a92e25,38,1790779460029
e0e294,56,1790864960029
9be174,56,1790864960029
03d52a,44,1790779460029
a0f219,30,1790780360029
78a195,29,1790864960029
3920fe,40,1790864960029
61de09,30,1790779460029
c5bcd7,52,1790864960029
31a8af,22,1790864960029
849438,46,1790864960029
6113c3,58,1790864960029
6f7d74,31,1790864960029
d9c630,30,1790779460029
c19250,40,1790864960029
69c6b0,21,1790779460029
6fc90d,45,1790779460029
d9de90,60,1790864960029
e8f3b0,52,1790864960029
3f32c2,18,1790780360029
574168,28,1790864960029
968359,55,1790779460029
396b0d,33,1790779460029
065d3e,53,1790779460029
403dfc,36,1790779460029
d977ba,33,1790779460029
f70788,48,1790779460029
a2b562,60,1790864960029
240557,31,1790779460029
f6d5ff,53,1790779460029
9cb3f5,41,1790780360029
1398c0,32,1790864960029
995de5,23,1790780360029
e17cd1,26,1790864960029
b91721,21,1790780360029
cf0166,55,1790864960029
9ab129,27,1790780360029
745c22,20,1790780360029
5b2a82,30,1790864960029
ccdf14,29,1790864960029
b79e10,15,1790780360029
0b61d9,17,1790780360029
3bc1ba,56,1790780360029
4f0381,26,1790864960029
7994b1,43,1790864960029
c34bab,47,1790864960029
a9d550,28,1790864960029
6822c9,15,1790864960029
993047,42,1790864960029
1b8c68,29,1790864960029
6f2445,45,1790780360029
9059ed,41,1790780360029
bedee0,57,1790779460029
53f3b9,53,1790864960029
82e831,24,1790780360029
055719,50,1790864960029
dd8804,52,1790864960029
787bfb,17,1790779460029
073a15,37,1790780360029
86ff55,43,1790779460029
6bcc86,41,1790864960029
4b438b,29,1790779460029
7be303,38,1790780360029
415933,42,1790779460029
9dfcce,31,1790779460029
835848,40,1790779460029
8f36b5,57,1790779460029
e10c1b,40,1790780360029
847e22,45,1790864960029
798439,21,1790780360029
17197e,46,1790780360029
182f95,21,1790864960029
55cfeb,32,1790780360029
4dd532,36,1790864960029
881811,32,1790780360029
c8488d,38,1790779460029
9f31f8,29,1790864960029
d7e5de,36,1790864960029
7005b0,39,1790780360029
53a7bd,30,1790780360029
562e79,60,1790864960029
d15e1e,38,1790864960029
054cf5,60,1790779460029
601a9e,22,1790864960029
bf0e40,27,1790864960029
3680ef,38,1790780360029
e4319b,37,1790864960029
ce8f8a,22,1790780360029
5953ae,34,1790780360029
602b12,37,1790780360029
9fd364,27,1790864960029
af1693,38,1790864960029
8d6408,51,1790864960029
358761,38,1790780360029
77b984,33,1790864960029
d7da71,52,1790864960029
b190ce,40,1790864960029
4e2d4a,49,1790780360029
d9730b,41,1790779460029
1a37d1,48,1790864960029
ff6af7,54,1790864960029
f3e3ba,44,1790779460029
f044d5,41,1790864960029
d939d4,53,1790864960029
af6359,46,1790864960029
acd401,59,1790780360029
88fee1,25,1790780360029
c6b4a5,51,1790780360029
0429d3,52,1790864960029
5c349e,31,1790779460029
5e0a15,39,1790864960029
13e0b1,32,1790780360029
7230ca,53,1790780360029
3ec419,18,1790780360029
8c6cff,55,1790864960029
6e5df7,56,1790780360029
48ef9c,32,1790780360029
df4cda,41,1790864960029
89e112,28,1790780360029
2de094,52,1790780360029
d892a1,48,1790780360029
2ba997,48,1790779460029
7e3e43,55,1790780360029
ca43d9,29,1790779460029
dcfb36,41,1790780360029
7201e4,33,1790780360029
0e4d7d,53,1790864960029
aa2308,50,1790779460029
76c034,50,1790779460029
bd2bbf,54,1790864960029
5c8c63,42,1790864960029
3933a7,23,1790779460029
74dfe9,46,1790779460029
040a60,47,1790779460029
3573a4,41,1790779460029
676d6b,29,1790864960029
fa55e4,24,1790779460029
1e7720,35,1790864960029
93ab1b,60,1790779460029
1e3bd4,26,1790779460029
136f43,43,1790864960029
7dd6e6,49,1790780360029
e2d3b8,26,1790779460029
5a8e25,48,1790780360029
62ecf3,18,1790780360029
22abae,33,1790779460029
433e35,23,1790780360029
83f3dc,22,1790779460029
80c640,52,1790864960029
1eccf4,59,1790779460029
447065,38,1790779460029
36843d,39,1790779460029
16a62d,35,1790864960029
1edb32,25,1790864960029
aef817,19,1790780360029
c12cb0,38,1790780360029
a7dc53,23,1790864960029
2b146c,35,1790780360029
23cf76,58,1790780360029
24e2da,24,1790779460029
ec9b36,38,1790864960029
18c55a,31,1790779460029
d41383,15,1790779460029
6449e6,42,1790779460029
521fec,27,1790779460029
4d4760,22,1790779460029
da59d6,55,1790864960029
54c8af,56,1790780360029
b736fd,48,1790779460029
e54f2f,54,1790779460029
fdf942,53,1790780360029
339d30,47,1790779460029
e60ba9,28,1790779460029
b00409,25,1790779460029
f82720,29,1790780360029
757397,47,1790780360029
1e98c0,40,1790864960029
4f0afc,32,1790864960029
d25aec,57,1790779460029
a689ce,38,1790779460029
bd92a5,33,1790779460029
9bac3d,47,1790780360029
778772,15,1790864960029
907e74,53,1790864960029
f36aeb,42,1790779460029
f3f03e,43,1790780360029
fdeed8,60,1790864960029
3e31b4,48,1790780360029
5c9063,34,1790864960029
702bf3,17,1790780360029
4096f0,27,1790780360029
6d4493,54,1790779460029
663c0d,36,1790780360029
5d4d34,58,1790780360029
5ceca4,29,1790864960029
8f9b85,34,1790779460029
e454ec,49,1790780360029
3772ad,57,1790780360029
8d5953,18,1790779460029
8a5eac,44,1790780360029
db4bf5,19,1790864960029
648164,37,1790779460029
5bed27,60,1790780360029
f20dde,44,1790864960029
8c5b46,21,1790779460029
0b01a5,27,1790779460029
09f790,33,1790779460029
e03375,29,1790780360029
e04b00,43,1790779460029
5de0b6,39,1790780360029
612665,37,1790779460029
fdd575,36,1790864960029
d9645a,41,1790864960029
c4d3e6,57,1790864960029
8fd2c4,19,1790780360029
8acbc0,54,1790780360029
1aa97e,31,1790864960029
060936,52,1790780360029
cc583e,49,1790780360029
6e9ebe,27,1790780360029
b9d6cc,28,1790779460029
cfad0c,32,1790780360029
fce703,60,1790864960029
6ed9bf,26,1790864960029
cd924c,58,1790864960029
3e08b0,29,1790864960029
aa38f1,31,1790780360029
2f15fc,42,1790780360029
586743,37,1790780360029
e67d57,42,1790864960029
b28fd2,28,1790864960029
98ebf6,37,1790779460029
abfb59,48,1790779460029
e57445,53,1790864960029
96c380,47,1790779460029
578cb8,20,1790864960029
ce5eb7,33,1790780360029
e62ef3,60,1790780360029
3041b8,23,1790780360029
af6a45,23,1790779460029
5f37c8,52,1790779460029
fb3c6e,39,1790780360029
c51b47,60,1790864960029
d39bd7,49,1790780360029
854730,24,1790864960029
8084f0,26,1790864960029
135370,22,1790864960029
818411,57,1790864960029
f6856b,16,1790864960029
920b70,26,1790780360029
474f8f,41,1790864960029
2d7387,19,1790864960029
fff0b2,43,1790780360029
748fc3,37,1790779460029
108b67,44,1790780360029
98b0af,36,1790864960029
6ae431,17,1790864960029
4a3cec,34,1790779460029
b2f037,51,1790780360029
f44662,20,1790779460029
2d152e,59,1790780360029
70e82d,44,1790864960029
0c45a6,16,1790780360029
8a79a6,40,1790864960029
8b4ac1,39,1790779460029
3741f1,15,1790864960029
0da8e5,16,1790779460029
e633a7,41,1790780360029
28c11b,32,1790780360029
cb3088,57,1790780360029
5f1aa0,56,1790864960029
96bc33,45,1790779460029
323ad5,29,1790780360029
cd9a4b,56,1790779460029
835945,23,1790864960029
03a72d,52,1790864960029
d57a3f,15,1790780360029
09522c,49,1790779460029
3b90b1,46,1790780360029
df1e0b,27,1790780360029
ed5ffb,24,1790864960029
3e235f,56,1790780360029
b7bf1d,37,1790780360029
cb9a7e,53,1790864960029
065eef,53,1790779460029
437ea8,54,1790780360029
5549a3,21,1790780360029
12e26a,17,1790780360029
974e25,29,1790779460029
bb8f95,36,1790779460029
5d3d13,29,1790864960029
0bad5b,55,1790780360029
a69d71,33,1790779460029
09f624,51,1790780360029
1f48c2,30,1790864960029
fd3507,24,1790864960029
e64eb7,55,1790780360029
c505dc,50,1790780360029
b9e82b,41,1790780360029
e62eb3,19,1790780360029
aa40b7,40,1790864960029
b7d72e,42,1790864960029
3ccea7,34,1790864960029
525d2a,21,1790864960029
b85c7c,45,1790780360029
85440d,39,1790780360029
889758,55,1790779460029
e2512f,35,1790780360029
849e70,51,1790779460029
0afe90,45,1790864960029
3e4f81,32,1790779460029
c7f5d8,21,1790864960029
e84a1e,30,1790779460029
0d0f78,39,1790779460029
cb291b,36,1790864960029
64625b,49,1790864960029
b06a52,33,1790780360029
c70904,49,1790779460029
96a38a,42,1790864960029
914818,42,1790779460029
9d63d4,41,1790864960029
93b363,27,1790779460029
018eff,32,1790780360029
551a9a,20,1790864960029
21bc6b,21,1790864960029
d3e152,44,1790779460029
da41d0,15,1790864960029
557fb6,16,1790779460029
a4ec78,25,1790864960029
b36e4c,33,1790779460029
9f2663,40,1790780360029
a9995e,54,1790864960029
cc1129,55,1790779460029
3bf70b,27,1790779460029
2a4532,17,1790780360029
9b8216,49,1790864960029
04908c,41,1790780360029
b9be2a,53,1790780360029
e26c0a,27,1790864960029
b88c53,55,1790780360029
582232,35,1790864960029
44a642,53,1790864960029
8cb7d9,23,1790779460029
97aec4,40,1790864960029
f57f41,33,1790780360029
e96ec6,33,1790864960029
a0139c,47,1790779460029
3832f4,43,1790780360029
bc5632,60,1790780360029
33b708,58,1790864960029
a32c44,16,1790779460029
0348dd,23,1790779460029
5f8645,32,1790779460029
96aee6,60,1790864960029
fcbfde,39,1790779460029
3bc4fd,26,1790779460029
e9ff7a,43,1790864960029
c3fdc3,24,1790780360029
a58c48,24,1790780360029
0372ce,55,1790779460029
e0b70e,22,1790779460029
26f8ef,55,1790864960029
3f4b83,28,1790779460029
7b4af6,40,1790779460029
cfa398,15,1790864960029
664bda,16,1790864960029
a0caef,51,1790864960029
54c4dc,22,1790780360029
395521,48,1790779460029
650864,34,1790780360029
b191cb,37,1790780360029
e734a8,49,1790864960029
d4a4a2,27,1790779460029
d5158e,28,1790779460029
b67d7f,53,1790779460029
73646f,58,1790864960029
8a308f,58,1790780360029
57923e,47,1790779460029
beb087,51,1790864960029
53708e,56,1790780360029
a53424,57,1790780360029
767971,15,1790779460029
ef6a28,28,1790780360029
058060,23,1790780360029
d8fcdd,42,1790864960029
74e04a,22,1790864960029
05a4d2,22,1790780360029
ab7d5a,25,1790864960029
2f7166,26,1790780360029
5accab,32,1790779460029
e1b167,48,1790864960029
bc60cd,45,1790779460029
d34af3,25,1790779460029
c099de,25,1790780360029
748a39,39,1790864960029
0bb0c9,27,1790864960029
65c182,50,1790780360029
8e5716,58,1790864960029
e458de,58,1790779460029
43f927,32,1790779460029
2707dc,37,1790779460029
3bb349,43,1790779460029
ed5b20,51,1790864960029
542e7e,39,1790779460029
95cb87,43,1790780360029
b9995b,28,1790779460029
7149d4,50,1790780360029
47f4ff,46,1790780360029
67664b,25,1790780360029
f405f3,49,1790780360029
cd8151,53,1790779460029
a599f0,54,1790864960029
985766,51,1790780360029
547920,52,1790780360029
26cc05,31,1790780360029
6b5a36,24,1790864960029
3ae165,59,1790779460029
bac903,30,1790779460029
e904cf,22,1790779460029
7b97e8,25,1790779460029
9008b4,15,1790780360029
3279ef,30,1790864960029
977360,20,1790864960029
84001b,59,1790779460029
671fbb,26,1790780360029
44f6b2,52,1790864960029
611205,23,1790780360029
2a0ea7,26,1790779460029
0a353b,60,1790864960029
49eddf,41,1790780360029
fca1b5,30,1790779460029
b36915,33,1790864960029
24bb4d,52,1790779460029
deeb34,15,1790779460029
9d0d51,16,1790779460029
154f0f,50,1790864960029
d2bc99,20,1790779460029
9d3cf6,54,1790780360029
e34f7d,60,1790864960029
0557f0,55,1790864960029
1606a1,22,1790864960029
d0af98,30,1790779460029
8bc250,31,1790780360029
92671a,43,1790864960029
37cdae,52,1790780360029
6e0018,20,1790864960029
c6f64e,38,1790779460029
7d9d95,49,1790864960029
e19d45,18,1790780360029
cdd284,39,1790779460029
5d8716,44,1790780360029
d8dd2a,27,1790780360029
248094,15,1790779460029
473e41,44,1790780360029
a797f1,16,1790864960029
97f21b,53,1790780360029
0f6f74,33,1790780360029
9021f7,40,1790864960029
31543e,48,1790779460029
9efbfd,21,1790780360029
8aba6a,35,1790779460029
3d9600,31,1790779460029
ccba64,15,1790780360029
8b7d56,36,1790779460029
882d45,58,1790780360029
814393,26,1790864960029
1abee1,40,1790864960029
757d82,42,1790779460029
fd3d4c,37,1790780360029
f38ce8,51,1790864960029
f6a4ac,26,1790864960029
d021ff,22,1790779460029
128099,36,1790779460029
8be7b7,29,1790780360029
692050,25,1790864960029
558569,17,1790780360029
e075ea,16,1790780360029
f9b675,59,1790780360029
37d87a,34,1790780360029
c66737,28,1790780360029
5bab1f,43,1790779460029
2c4744,37,1790779460029
7e8155,45,1790864960029
4efeb3,55,1790864960029
c58710,41,1790864960029
58944c,17,1790779460029
f1326e,15,1790864960029
60714b,39,1790864960029
6ab5c3,35,1790864960029
e14f3b,17,1790779460029
354de4,52,1790780360029
b4a106,44,1790864960029
6004bd,59,1790864960029
d0ff8f,55,1790780360029
025140,49,1790779460029
7557ec,20,1790780360029
6bfe53,24,1790780360029
0ce989,39,1790780360029
0758f0,46,1790779460029
c0b8f3,28,1790779460029
e5a5c3,51,1790779460029
cba7db,54,1790780360029
361641,38,1790779460029
6383f5,55,1790780360029
256c5e,35,1790779460029
eb1d30,46,1790780360029
a78a0d,52,1790864960029
b9bacd,57,1790779460029
4d8482,31,1790779460029
052df7,16,1790864960029
fd0daf,33,1790864960029
04cc57,30,1790780360029
ce774c,52,1790780360029
0a06e7,20,1790779460029
c41198,21,1790780360029
eadfe2,59,1790779460029
ba398e,39,1790780360029
b5d368,50,1790779460029
5eeb68,55,1790780360029
160b4b,54,1790779460029
bf9585,39,1790779460029
d44584,42,1790864960029
e557e6,24,1790779460029
9afa39,15,1790864960029
c5c365,45,1790779460029
3b9ebc,48,1790864960029
4acdcb,53,1790864960029
7d0b38,19,1790780360029
03ca51,28,1790864960029
57411b,40,1790864960029
f91fd1,50,1790864960029
60922c,42,1790779460029
dedf9e,20,1790864960029
7b6cb2,22,1790780360029
e412b0,36,1790779460029
3ff995,49,1790780360029
f2ad60,23,1790864960029
9c85b3,46,1790780360029
2b836b,28,1790864960029
836c32,25,1790779460029
8fdfe7,18,1790779460029
e620cd,56,1790780360029
b97844,47,1790864960029
bcb267,26,1790780360029
cca21e,24,1790780360029
61ccd0,46,1790864960029
c7fe1e,22,1790780360029
0bb35a,37,1790780360029
8ce8ad,38,1790864960029
b86074,41,1790779460029
da5234,34,1790780360029
83112c,39,1790780360029
cf2146,25,1790780360029
1535e4,41,1790780360029
9907e6,51,1790780360029
9a835e,56,1790864960029
5129e3,28,1790780360029
6f6aa2,43,1790864960029
e53d24,45,1790864960029
fb597f,53,1790780360029
b5a8c5,21,1790780360029
3d691c,59,1790864960029
07de07,55,1790780360029
3c974d,56,1790864960029
ffc625,30,1790864960029
11e7f1,58,1790780360029
4cd452,54,1790864960029
661125,17,1790780360029
c26389,31,1790779460029
5745dc,49,1790779460029
1d8214,23,1790780360029
c37345,38,1790864960029
6699ab,35,1790780360029
dba7fc,26,1790780360029
438ece,29,1790780360029
900b37,15,1790864960029
a91f21,34,1790780360029
292bb6,31,1790780360029
d81564,20,1790780360029
097850,58,1790779460029
17fd53,46,1790779460029
51499c,22,1790864960029
a83027,57,1790864960029
94e05b,26,1790780360029
6c5bb1,38,1790864960029
0ad713,19,1790779460029
b53c64,37,1790779460029
d5232f,42,1790779460029
0e432b,53,1790864960029
af0900,41,1790780360029
0ef83e,31,1790779460029
258016,44,1790780360029
a278d9,31,1790864960029
993351,52,1790779460029
35839a,15,1790864960029
29d3e7,39,1790864960029
399a56,19,1790864960029
c51c92,17,1790864960029
cdcff4,54,1790864960029
a95ded,17,1790780360029
265923,21,1790779460029
1fb33c,59,1790779460029
ed2523,38,1790779460029
e09232,26,1790780360029
162bba,45,1790864960029
10df76,28,1790864960029
e5571f,32,1790864960029
4fb136,26,1790779460029
ee74d7,34,1790779460029
5bb692,18,1790780360029
485055,49,1790864960029
6dc748,38,1790780360029
de74a3,32,1790864960029
c5b40c,34,1790779460029
e9edbe,60,1790779460029
d928f9,20,1790864960029
64ec0b,39,1790779460029
f17064,58,1790779460029
c61a1f,36,1790864960029
96e4ed,19,1790780360029
1aff0b,30,1790864960029
1b9218,46,1790779460029
7edcfa,43,1790864960029
af5b03,40,1790779460029
ab9c7b,58,1790779460029
ea57a8,21,1790780360029
2c9acd,60,1790780360029
bef47c,48,1790780360029
ac07df,25,1790779460029
b795de,32,1790864960029
aa14fd,54,1790864960029
9a41ac,47,1790780360029
416354,21,1790864960029
383718,42,1790780360029
483dce,38,1790780360029
485d7a,48,1790780360029
482b41,58,1790779460029
38d553,31,1790779460029
c43127,17,1790780360029
663b70,57,1790864960029
ae28be,50,1790780360029
8e1de9,40,1790779460029
147b2d,24,1790864960029
3b8ad1,23,1790864960029
5af680,35,1790864960029
32d694,28,1790780360029
0d1f22,59,1790779460029
d0a499,58,1790779460029
6f92b3,30,1790864960029
a8aa66,47,1790779460029
626d9a,15,1790864960029
57a4f2,38,1790864960029
afddc4,48,1790864960029
41ff4f,15,1790864960029
80363a,55,1790779460029
f4e609,31,1790864960029
52024e,60,1790864960029
82a352,59,1790779460029
b7b914,30,1790779460029
32c203,33,1790779460029
c81c26,59,1790779460029
94350f,32,1790779460029
7f9074,55,1790779460029
02055f,19,1790780360029
637c51,20,1790779460029
9df917,47,1790779460029
ab5c74,20,1790780360029
95a7a1,43,1790780360029
b3b9f3,28,1790779460029
e647a2,53,1790779460029
8f0c31,27,1790779460029
95642b,40,1790864960029
651da9,20,1790779460029
0d2d3c,57,1790864960029
2ce7c8,34,1790780360029
1eb8b3,39,1790780360029
101a78,45,1790780360029
2a8514,31,1790780360029
86d1f4,18,1790780360029
0329c7,44,1790779460029
e9b36e,27,1790779460029
84596c,50,1790780360029
78fa75,21,1790779460029
5bc5b9,43,1790779460029
1b8d87,21,1790780360029
8ea73f,51,1790780360029
194618,22,1790779460029
6f5005,41,1790779460029
d2a6e7,20,1790780360029
85865d,48,1790780360029
c3333e,27,1790780360029
49c046,48,1790780360029
51645d,20,1790779460029
75b577,47,1790779460029
3db56c,21,1790780360029
bb909f,58,1790779460029
b2c95c,54,1790779460029
e4b086,23,1790779460029
04796a,36,1790779460029
19910a,36,1790780360029
56613b,20,1790779460029
b039ec,31,1790864960029
6a8d14,39,1790864960029
89f367,50,1790864960029
a775cb,49,1790779460029
a7a13a,57,1790779460029
f70547,17,1790779460029
00e71e,34,1790864960029
9aa4dd,57,1790864960029
f8b050,22,1790780360029
5011e4,42,1790780360029
cf048a,22,1790779460029
75046f,32,1790780360029
de5d3d,54,1790864960029
605e70,41,1790864960029
3bffc9,30,1790779460029
9da55f,42,1790780360029
067acd,47,1790864960029
5f8095,34,1790780360029
da5519,58,1790864960029
f6e208,48,1790780360029
dfea1e,32,1790864960029
887662,32,1790780360029
da2630,19,1790864960029
1fe8bc,51,1790779460029
b8327b,50,1790864960029
35ea4d,51,1790864960029
266cfa,20,1790864960029
62a937,51,1790780360029
ebbc47,24,1790780360029
026842,38,1790780360029
cfa4a1,44,1790780360029
9be07d,15,1790864960029
d97e45,39,1790779460029
dff9d6,57,1790779460029
ab8561,56,1790780360029
5e2a00,19,1790780360029
205472,34,1790780360029
708822,43,1790864960029
eb3e27,29,1790864960029
76e29c,45,1790780360029
4c88c1,44,1790864960029
5c0614,33,1790779460029
b60fc5,29,1790864960029
465851,32,1790779460029
e33268,36,1790780360029
e94fe8,45,1790779460029
d8c46b,31,1790864960029
755029,29,1790864960029
d2939a,37,1790780360029
8ad76e,47,1790779460029
dbad51,37,1790780360029
16570f,43,1790864960029
6cd3fb,38,1790780360029
229cf9,19,1790779460029
26afa0,28,1790779460029
dd7cd3,20,1790864960029
855731,39,1790780360029
90a679,31,1790864960029
fc70ed,25,1790864960029
3a5e57,42,1790780360029
ab099f,40,1790780360029
3bfb88,52,1790780360029
745e6c,36,1790864960029
3e8906,35,1790780360029
cb0055,49,1790864960029
8c99bd,60,1790864960029
3c2848,48,1790780360029
8acd65,54,1790864960029
c03d5e,46,1790864960029
979ee6,55,1790779460029
c62799,24,1790780360029
945e26,19,1790779460029
1a6b9e,24,1790779460029
a750b8,50,1790779460029
b7e582,58,1790779460029
e77bf5,29,1790864960029
590ce8,18,1790864960029
fe3e99,16,1790864960029
6c8800,44,1790864960029
bf790e,33,1790780360029
e8ff7c,27,1790780360029
fcde31,53,1790780360029
4a25ca,54,1790779460029
4d36ac,29,1790779460029
4e7cff,47,1790779460029
f7f297,52,1790779460029
c1c74d,16,1790779460029
043bc3,39,1790864960029
d4cbc9,28,1790779460029
98530d,39,1790780360029
1e21cd,28,1790779460029
9f1b2c,36,1790780360029
fddb4b,41,1790864960029
217847,55,1790779460029
ec6660,23,1790780360029
9f5adb,26,1790864960029
c68bdf,23,1790780360029
b0c357,22,1790864960029
b7537a,44,1790780360029
72c219,16,1790864960029
eec3c0,24,1790864960029
9645db,56,1790780360029
eeb870,28,1790780360029
49638a,22,1790779460029
c1bcbd,54,1790864960029
1b1aea,27,1790779460029
066137,30,1790780360029
3c31c2,33,1790780360029
a418e4,49,1790864960029
8ad996,48,1790779460029
368da8,19,1790780360029
5a9f6a,47,1790780360029
f14393,33,1790780360029
4d1ba7,39,1790779460029
40cfef,21,1790864960029
398c21,50,1790864960029
dbc6cd,31,1790864960029
a3b8b7,32,1790864960029
ed11c7,36,1790864960029
3088ba,47,1790779460029
b2310e,33,1790780360029
5560b3,40,1790780360029
7697bd,15,1790864960029
a7d34b,40,1790779460029
66b2a6,50,1790780360029
327b5b,43,1790864960029
1e515d,50,1790779460029
482c83,16,1790779460029
269a0f,53,1790780360029
4d2001,49,1790779460029
ea052b,56,1790864960029
268527,31,1790779460029
3cd50f,32,1790780360029
214b2e,29,1790780360029
f2c79c,35,1790779460029
a94565,33,1790779460029
d3295d,25,1790779460029
eb1406,33,1790780360029
5aa02b,19,1790779460029
2b2489,34,1790864960029
7aca66,20,1790864960029
ca90fc,52,1790864960029
75e01c,38,1790780360029
f5686c,28,1790779460029
72a015,21,1790780360029
6363aa,55,1790864960029
cde662,58,1790780360029
e4edd9,48,1790779460029
46a468,15,1790779460029
4add7f,19,1790864960029
aba726,20,1790779460029
5467c8,44,1790779460029
0998d0,58,1790780360029
8f7d98,52,1790780360029
8b0434,19,1790864960029
46d330,30,1790780360029
291f66,29,1790864960029
0e975d,48,1790780360029
c7a5f0,39,1790779460029
649271,33,1790780360029
997938,58,1790780360029
0df83c,28,1790780360029
025bbf,45,1790780360029
672212,56,1790779460029
a1d87f,45,1790780360029
ec0e9f,34,1790779460029
3776eb,35,1790780360029
b83231,41,1790779460029
1528d5,44,1790779460029
a2d985,38,1790780360029
be4153,48,1790780360029
87fd1d,17,1790864960029
1d0ec4,22,1790780360029
614530,58,1790780360029
43ca94,55,1790780360029
bcc311,51,1790864960029
c74784,23,1790780360029
ff1fe2,31,1790864960029
b42a73,54,1790779460029
758716,44,1790780360029
089c4d,52,1790780360029
bd5610,59,1790864960029
08982e,51,1790780360029
3905fc,43,1790779460029
bb602c,45,1790864960029
379e3b,51,1790780360029
977824,44,1790864960029
7cd667,38,1790864960029
62f294,49,1790780360029
d82cf2,31,1790780360029
bc4cef,23,1790780360029
e561a3,25,1790864960029
88d2ba,28,1790780360029
043255,55,1790780360029
992bb7,30,1790780360029
c0743d,30,1790864960029
26bc9d,16,1790779460029
c9cde9,28,1790780360029
d10fad,22,1790780360029
b6dd97,47,1790779460029
bc19a5,60,1790864960029
4bb2a9,37,1790779460029
eca836,38,1790780360029
d77616,39,1790779460029
b0a49a,28,1790780360029
c4cf96,33,1790780360029
2df50c,60,1790779460029
cff0cc,43,1790779460029
d8bb35,32,1790779460029
166e30,44,1790864960029
857317,17,1790779460029
bd9c37,49,1790780360029
e58602,21,1790864960029
e28c5d,24,1790779460029
464c27,57,1790864960029
1a56aa,16,1790780360029
d0a8a2,28,1790864960029
111c18,38,1790864960029
cc0c50,55,1790779460029
5b6b0a,35,1790780360029
73dbb5,30,1790864960029
043ee7,19,1790779460029
467140,26,1790864960029
60a848,53,1790864960029
7c9a5e,51,1790780360029
52ec07,19,1790864960029
8d375d,45,1790864960029
afd59a,55,1790779460029
60bf64,49,1790779460029
a6a486,58,1790864960029
1a5de2,52,1790779460029
691ac2,51,1790779460029
3046dc,48,1790779460029
d9d76f,57,1790779460029
855420,29,1790864960029
c22aaa,52,1790864960029
cd0fd4,30,1790780360029
0ce82a,55,1790864960029
37ee8f,46,1790779460029
91683a,25,1790864960029
0b86c9,35,1790864960029
b2fc14,25,1790864960029
2fc830,53,1790779460029
75214a,55,1790779460029
7e670e,50,1790780360029
0629fd,54,1790780360029
9571a3,17,1790864960029
a61968,41,1790780360029
b225f1,50,1790864960029
98e2f8,19,1790780360029
24af5c,39,1790779460029
4b9281,50,1790864960029
c664f0,41,1790780360029
27f8b3,40,1790780360029
752cfc,58,1790779460029
acdfdf,40,1790780360029
5a9d76,29,1790779460029
7f6618,36,1790779460029
51a114,23,1790864960029
e65484,52,1790779460029
4afd78,18,1790780360029
d5351a,24,1790864960029
d1f77e,19,1790780360029
c608cc,21,1790864960029
bdda2a,33,1790864960029
fef7a9,31,1790864960029
9dad0a,40,1790779460029
195db2,26,1790779460029
4ad280,27,1790779460029
c24410,54,1790779460029
506ba4,20,1790779460029
81561a,47,1790864960029
13c330,42,1790779460029
c00b46,46,1790779460029
e0155e,31,1790864960029
109b86,50,1790779460029
62d44f,42,1790864960029
159d98,56,1790864960029
3116f2,28,1790780360029
194ce7,50,1790864960029
487027,39,1790864960029
0f30ce,33,1790864960029
0bd016,32,1790780360029
c4e15d,33,1790779460029
2c60c8,60,1790780360029
916135,56,1790864960029
e70ea8,58,1790780360029
2e6bcc,17,1790864960029
0f3e42,21,1790780360029
bc9a5c,30,1790779460029
f0b447,23,1790779460029
578a76,28,1790780360029
4c9dfc,27,1790864960029
8150ed,56,1790779460029
f2ef98,53,1790779460029
ff4aaa,46,1790780360029
c733b3,32,1790864960029
6f681e,24,1790864960029
f94ed6,51,1790864960029
c36d21,15,1790780360029
b957a6,37,1790864960029
3a3663,28,1790864960029
3aa1e6,28,1790780360029
1e360f,59,1790779460029
28e065,43,1790780360029
af8a86,23,1790780360029
297b21,51,1790864960029
c45c2a,18,1790780360029
330260,30,1790780360029
06e3ac,45,1790779460029
041129,32,1790780360029
56593a,55,1790780360029
2469cb,16,1790779460029
6cd152,47,1790779460029
9dcfee,35,1790864960029
396325,42,1790864960029
440c38,43,1790864960029
f910a5,53,1790780360029
2defa8,25,1790780360029
973b7e,22,1790780360029
dd1967,58,1790779460029
d83ada,47,1790779460029
ef02d6,19,1790779460029
57f0f3,53,1790864960029
036bdc,18,1790864960029
8055a6,33,1790780360029
c94213,29,1790780360029
6aba24,27,1790864960029
7b1db9,17,1790864960029
ed42af,54,1790864960029
016364,43,1790780360029
521951,51,1790780360029
eb1591,51,1790780360029
ab4838,24,1790864960029
658541,52,1790864960029
7e4fe9,31,1790779460029
98c59e,20,1790780360029
1a5739,16,1790780360029
6020af,33,1790864960029
751df4,36,1790779460029
91ef22,29,1790779460029
034510,43,1790780360029
e53308,32,1790864960029
5166fa,45,1790864960029
b24041,56,1790780360029
3cad2b,36,1790780360029
d019d8,47,1790780360029
96d2a4,36,1790864960029
fe4566,43,1790864960029
c93323,58,1790779460029
f4c3af,40,1790779460029
0de7ec,40,1790780360029
ebc76d,27,1790779460029
69141d,56,1790864960029
0fdcf1,40,1790779460029
1cfb5d,30,1790780360029
55037b,33,1790780360029
911468,45,1790780360029
f68ab0,34,1790864960029
cd7925,53,1790779460029
0e6715,18,1790779460029
acfe4d,24,1790864960029
66648f,35,1790780360029
b31874,22,1790780360029
87be88,40,1790864960029
1dfd60,28,1790779460029
30b86a,39,1790864960029
7b82c6,33,1790780360029
4be122,21,1790779460029
b5c2e6,60,1790864960029
2dcc5b,27,1790864960029
cf1f2b,31,1790864960029
93abf5,41,1790864960029
6df731,50,1790864960029
6dc0c7,21,1790864960029
f01cee,27,1790779460029
69b149,25,1790779460029
bd1df2,40,1790780360029
504a76,28,1790779460029
9f411d,31,1790779460029
a9c786,20,1790864960029
f28108,20,1790779460029
548a09,48,1790780360029
2ae73e,30,1790780360029
fea319,40,1790864960029
3d7d39,46,1790864960029
9e00a9,16,1790864960029
e1bf26,40,1790864960029
1e2028,19,1790779460029
08d3fb,16,1790779460029
02df13,49,1790780360029
c80ce4,46,1790780360029
56171c,15,1790780360029
407c33,23,1790864960029
2cdd88,27,1790780360029
17c9bd,41,1790780360029
4b4076,58,1790779460029
aa13a9,26,1790780360029
1bddf7,16,1790864960029
7dd961,33,1790864960029
8427c3,23,1790780360029
8b5d24,58,1790864960029
98d586,60,1790864960029
269fc3,56,1790864960029
0851b4,54,1790864960029
5a9c4d,37,1790864960029
7cb92d,24,1790864960029
8d0c3e,34,1790780360029
cf85a0,49,1790864960029
62dc32,26,1790864960029
47aff6,51,1790779460029
fd7e83,16,1790780360029
639b22,37,1790780360029
76f5c4,50,1790779460029
257d06,31,1790780360029
fe3797,58,1790864960029
2acf82,50,1790864960029
91b778,21,1790780360029
904ab7,45,1790780360029
22d5ed,41,1790780360029
c73c9c,38,1790864960029
1eadd3,20,1790864960029
d0d4dd,31,1790779460029
77bd12,30,1790780360029
29bbd4,56,1790779460029
7e5e1b,34,1790864960029
de0cc1,20,1790779460029
500730,16,1790780360029
19a42d,39,1790780360029
467daa,15,1790864960029
ae1023,57,1790780360029
98a2c1,42,1790780360029
c65144,52,1790864960029
03ad2e,25,1790864960029
ad05d2,57,1790864960029
d18e67,26,1790779460029
214d15,30,1790864960029
51c693,41,1790864960029
0f0790,35,1790780360029
3d91d9,25,1790779460029
f75460,57,1790779460029
6d891b,48,1790780360029
79a4ad,15,1790780360029
ff2eac,23,1790779460029
2634c3,50,1790864960029
a29ee9,45,1790780360029
41a136,31,1790779460029
5c96ad,44,1790780360029
00e209,58,1790864960029
e4a6ae,30,1790864960029
1f879b,19,1790779460029
c1e436,16,1790779460029
fb7306,39,1790780360029
a4d03d,21,1790864960029
53e3f7,31,1790779460029
b1ee5b,15,1790780360029
1c7cf3,21,1790780360029
fbb7e9,59,1790779460029
dbdd6f,48,1790864960029
a4e0f7,47,1790864960029
7ef5ba,47,1790780360029
bcab97,57,1790779460029
e3c39c,21,1790864960029
c1be7d,59,1790780360029
4dcf69,60,1790864960029
e28765,55,1790864960029
72a6f7,38,1790779460029
ec6e25,23,1790864960029
1d406b,48,1790864960029
82a182,18,1790779460029
52dad4,44,1790780360029
4a0b52,60,1790780360029
d14c6e,20,1790780360029
5d5a2c,50,1790779460029
5bd32f,29,1790779460029
b84f0b,40,1790864960029
76e758,17,1790780360029
c9e9ca,37,1790864960029
e2d563,36,1790864960029
8d1112,16,1790864960029
ed19fd,47,1790780360029
3f2c42,44,1790780360029
4844f8,53,1790780360029
15f1ce,58,1790864960029
21c2ba,47,1790780360029
6611d3,56,1790864960029
b4ecd0,41,1790779460029
7c26d2,20,1790864960029
a0dfaf,15,1790780360029
5ee19f,41,1790780360029
19a48f,30,1790780360029
fcc9b9,53,1790779460029
99d20d,54,1790780360029
23a461,55,1790779460029
3ef9bd,17,1790780360029
883a11,56,1790864960029
0ac85f,46,1790780360029
c893ad,35,1790864960029
557c3a,21,1790780360029
8477c8,42,1790780360029
d69859,57,1790780360029
20100b,23,1790780360029
cbbb73,60,1790779460029
b81cb7,55,1790864960029
b5ab20,24,1790864960029
8d0b0f,15,1790780360029
b1a02f,59,1790864960029
9f6cae,42,1790864960029
ae08a3,17,1790779460029
fceb59,40,1790779460029
bfa447,56,1790864960029
f58f05,28,1790864960029
0b4cd1,23,1790864960029
ac0529,36,1790780360029
1084c8,15,1790780360029
2c1aee,47,1790780360029
504b29,51,1790864960029
11f0e4,57,1790780360029
0008ec,37,1790779460029
19709b,49,1790864960029
d08539,43,1790780360029
9a2e03,28,1790864960029
df04c3,56,1790779460029
e4a004,48,1790780360029
34e9f7,21,1790864960029
8ba46a,37,1790780360029
68dfd5,18,1790779460029
2d3a18,45,1790864960029
ad040d,49,1790780360029
7f58cc,15,1790779460029
386968,58,1790864960029
cd7b05,39,1790779460029
ae503a,51,1790780360029
a35c7a,52,1790780360029
bace3e,39,1790780360029
48f42e,25,1790864960029
0e92f7,21,1790779460029
38d0cd,53,1790864960029
6e9cdb,32,1790864960029
615710,18,1790779460029
b6cfc0,42,1790864960029
c7f2d3,58,1790864960029
89350c,34,1790864960029
9d038c,46,1790864960029
586f47,35,1790780360029
d5b369,21,1790864960029
5ee7cc,25,1790780360029
da2fbc,40,1790780360029
1e7f45,44,1790779460029
384018,29,1790779460029
228389,46,1790864960029
fb0b24,55,1790864960029
2922f4,41,1790779460029
9fc6ac,36,1790864960029
3eae2f,26,1790780360029
179682,58,1790864960029
eef7ab,29,1790864960029
2d3ae3,58,1790864960029
0b9454,18,1790864960029
53f1a8,47,1790864960029
03f201,58,1790864960029
d0f4ed,48,1790864960029
3f4012,25,1790780360029
bfbed1,45,1790779460029
7d34d0,26,1790779460029
bf45c1,59,1790864960029
4e6b01,27,1790779460029
917847,58,1790864960029
f4ae20,34,1790779460029
acd822,53,1790779460029
1ff6d1,53,1790779460029
fef9ac,19,1790864960029
97de5d,59,1790864960029
bf9fd4,58,1790780360029
cae230,15,1790780360029
df931a,24,1790779460029
bb35fc,31,1790864960029
c24a0a,21,1790864960029
4f8c2e,17,1790780360029
efa1b0,43,1790864960029
eefd86,54,1790779460029
31a619,38,1790864960029
6f1adc,16,1790780360029
06baa0,23,1790779460029
30cc87,17,1790780360029
d74da5,42,1790779460029
f6ef6e,39,1790780360029
18f527,40,1790864960029
ef20b9,57,1790864960029
94a89d,19,1790864960029
4b4f4a,27,1790779460029
0143c6,46,1790864960029
5aa391,32,1790780360029
dddc7a,50,1790780360029
6a415c,26,1790780360029
6a8091,23,1790864960029
ec1be4,28,1790864960029
0486ef,56,1790779460029
76835b,21,1790864960029
f5286b,36,1790779460029
4eb32e,29,1790780360029
9dd13f,39,1790780360029
2eaf8d,43,1790779460029
1fb55a,55,1790779460029
335d79,50,1790864960029
1b17c9,50,1790780360029
5b383a,18,1790779460029
a6f57c,17,1790864960029
45eb73,19,1790864960029
61992d,33,1790780360029
9b6804,55,1790779460029
688f53,31,1790864960029
f09abb,47,1790780360029
3e6913,59,1790864960029
eeb9c2,28,1790780360029
5245fa,28,1790780360029
43b2bf,44,1790780360029
f27f18,34,1790864960029
adfc20,31,1790864960029
7330fd,58,1790780360029
269fb9,22,1790780360029
6560d5,46,1790779460029
6a8859,52,1790864960029
4d5372,36,1790864960029
8dbde2,15,1790779460029
0096e6,33,1790864960029
336acc,35,1790780360029
32fbf1,45,1790780360029
797c59,60,1790780360029
1f29ce,53,1790780360029
235bb3,53,1790779460029
7d0c48,60,1790864960029
79fda0,54,1790864960029
7a2540,24,1790864960029
b130df,34,1790864960029
a1e317,49,1790779460029
3679d2,60,1790779460029
bae934,35,1790864960029
8273a4,46,1790779460029
2d4615,58,1790780360029
0814cc,38,1790779460029
282b81,39,1790779460029
5f5e3d,44,1790780360029
d989d3,47,1790780360029
e48e67,18,1790864960029
20a36f,51,1790864960029
04d2a6,20,1790780360029
763a08,22,1790779460029
14ded3,53,1790780360029
d3df08,57,1790864960029
e6d0cd,32,1790780360029
391061,22,1790780360029
3d2949,26,1790779460029
5d1520,57,1790864960029
3719c9,32,1790864960029
6f3c6c,55,1790780360029
6a9682,33,1790864960029
a02fef,51,1790864960029
1179e2,34,1790780360029
c189e7,17,1790864960029
857ef3,29,1790779460029
fe425e,31,1790864960029
24d6c4,18,1790864960029
3ab110,35,1790780360029
d8106e,20,1790780360029
885fb6,27,1790779460029
906ecf,58,1790864960029
635da1,51,1790864960029
5f50a6,39,1790780360029
d2363e,22,1790864960029
201c5b,45,1790864960029
7923f8,24,1790779460029
0fc84a,20,1790780360029
2560d4,37,1790780360029
c41930,49,1790780360029
072b8a,30,1790780360029
9d3eb8,35,1790864960029
45c41e,38,1790780360029
737360,28,1790779460029
23e073,44,1790864960029
2c74fe,21,1790864960029
c46f24,46,1790779460029
25758b,26,1790864960029
c4cd76,49,1790779460029
836931,54,1790780360029
52b345,28,1790779460029
0c56b7,18,1790864960029
23e59f,15,1790779460029
f2a23d,35,1790779460029
983ed1,45,1790780360029
3a41fc,41,1790864960029
208f8a,34,1790864960029
14a899,33,1790779460029
fd78b6,47,1790780360029
97c18d,38,1790779460029
3e0cf6,52,1790779460029
e7065d,53,1790864960029
ca30d6,29,1790864960029
ed081e,18,1790864960029
ef580d,56,1790780360029
1c32ee,31,1790779460029
0498ea,27,1790864960029
1ccdb5,33,1790864960029
3f3887,23,1790864960029
7cbc98,58,1790864960029
9393ed,53,1790780360029
a64d07,35,1790780360029
5ecf99,21,1790780360029
4d8ed8,59,1790864960029
f2e86a,34,1790779460029
cb3575,50,1790864960029
915c97,22,1790780360029
754bbf,19,1790864960029
a1ff6b,52,1790779460029
f65933,32,1790864960029
669d70,15,1790780360029
6d51cf,42,1790779460029
cea11a,28,1790864960029
b91a1d,36,1790780360029
834854,42,1790864960029
d523e0,31,1790864960029
b29d9b,21,1790780360029
56d8d1,32,1790780360029
ff80a2,23,1790780360029
a17428,26,1790779460029
f3c20f,34,1790864960029
066c4e,23,1790864960029
293429,30,1790864960029
496775,15,1790780360029
61bfca,38,1790864960029
075d27,50,1790864960029
a9d7b1,45,1790779460029
87b263,40,1790779460029
1abe6e,58,1790780360029
036f30,56,1790864960029
3f0af5,55,1790864960029
9b9e72,23,1790779460029
e8e699,30,1790864960029
b3aa1c,27,1790864960029
828687,39,1790779460029
9c2c49,33,1790864960029
3faefa,35,1790779460029
692a23,32,1790864960029
60c276,21,1790864960029
d699f0,32,1790864960029
1202ff,27,1790780360029
8d8280,45,1790780360029
407578,23,1790780360029
dbcc6d,32,1790864960029
ba4971,17,1790864960029
e4f9b6,15,1790864960029
cafc2b,26,1790864960029
b17c3b,30,1790780360029
19cb34,43,1790864960029
7b45a9,60,1790779460029
eeca22,23,1790779460029
69ee4c,48,1790864960029
71fe9f,37,1790864960029
4b8377,40,1790780360029
bfaad6,58,1790780360029
8171de,50,1790780360029
76301c,41,1790780360029
f3a66a,41,1790780360029
78a507,56,1790864960029
0fec86,47,1790864960029
ddf9e6,42,1790779460029
7e7996,31,1790779460029
45ce23,18,1790779460029
bad82b,40,1790864960029
2b62c3,48,1790864960029
ab412c,19,1790779460029
26ba16,24,1790780360029
07f43d,53,1790780360029
5ae04e,49,1790864960029
8bb4b4,25,1790780360029
cbf257,46,1790780360029
27fa2f,40,1790779460029
c7bd22,23,1790779460029
c56625,48,1790864960029
9386a2,44,1790780360029
b086ee,47,1790864960029
12bad8,50,1790779460029
dacfda,22,1790864960029
59feb5,51,1790780360029
03e656,30,1790864960029
b946a1,18,1790779460029
a0fac2,15,1790864960029
e9be8f,21,1790779460029
574bb3,41,1790779460029
214e13,54,1790779460029
8ed602,31,1790779460029
6612e5,55,1790780360029
fe55dd,49,1790779460029
20f48b,44,1790779460029
d75386,39,1790779460029
231f64,30,1790864960029
b9ed56,49,1790779460029
eabe2b,59,1790779460029
263a01,49,1790864960029
c06d0a,49,1790779460029
7b01f3,53,1790780360029
146f86,16,1790864960029
08a2db,50,1790780360029
b1a734,57,1790780360029
d06f31,59,1790864960029
377858,27,1790864960029
7dbe89,34,1790864960029
63544b,39,1790780360029
8e9d48,51,1790779460029
e57d6b,40,1790780360029
d289fc,37,1790864960029
598d54,25,1790779460029
ff27c8,36,1790780360029
1a892d,57,1790779460029
848cdd,49,1790864960029
7f453e,48,1790779460029
fae427,38,1790780360029
1346b1,19,1790864960029
3f1921,19,1790864960029
1e80c6,55,1790779460029
f16581,32,1790864960029
967602,23,1790864960029
d82051,59,1790864960029
e8dfa7,35,1790779460029
61a4b1,26,1790779460029
716636,57,1790779460029
eef1dc,59,1790864960029
e8e242,21,1790779460029
7828a5,51,1790864960029
2d1a0b,54,1790779460029
335075,22,1790779460029
b5122c,17,1790780360029
f7f8fc,59,1790779460029
e29ef8,30,1790864960029
ccae29,57,1790780360029
bfc916,57,1790779460029
116880,19,1790780360029
fa1528,41,1790864960029
b8d837,50,1790780360029
5b4e73,15,1790780360029
2da4dd,42,1790779460029
fbd97b,34,1790864960029
02c1c2,25,1790779460029
81f04a,31,1790864960029
d6c8e0,31,1790780360029
5bd653,39,1790864960029
fd58ae,40,1790779460029
4cf946,54,1790780360029
317376,44,1790779460029
4fccff,49,1790779460029
e8c271,59,1790864960029
473fc3,51,1790864960029
1b2d71,56,1790779460029
adfee4,22,1790779460029
6f4098,18,1790779460029
73a4d4,52,1790864960029
fc8454,21,1790780360029
843475,34,1790864960029
a7b73e,26,1790780360029
655c0e,34,1790779460029
d890f2,27,1790864960029
6da7af,57,1790864960029
baefa8,49,1790780360029
564835,52,1790864960029
ec82e7,50,1790779460029
70edbe,49,1790779460029
c7cf42,47,1790779460029
fc4145,39,1790779460029
e43eba,31,1790780360029
038beb,15,1790779460029
e32625,49,1790864960029
5bdf57,49,1790779460029
34bac2,50,1790780360029
1b013a,41,1790780360029
a03154,45,1790779460029
ac0936,16,1790780360029
ec852f,42,1790780360029
c2bdff,54,1790864960029
171162,15,1790864960029
715ff8,60,1790864960029
38f532,27,1790780360029
cdd739,52,1790864960029
611066,24,1790864960029
377dd1,16,1790864960029
a4a7e0,29,1790864960029
756c30,52,1790779460029
9e24db,35,1790864960029
78227e,38,1790779460029
cbcd7d,29,1790780360029
1e878a,20,1790864960029
41efe4,25,1790779460029
d729b5,52,1790779460029
5804ab,24,1790864960029
a8158e,34,1790780360029
8eb517,58,1790779460029
20997d,37,1790864960029
91146b,59,1790864960029
5e96eb,36,1790779460029
72f37f,15,1790779460029
0fafea,16,1790864960029
fcb950,55,1790780360029
dfea33,43,1790779460029
ed9627,57,1790779460029
eb9610,49,1790780360029
0b51d6,59,1790779460029
b597c4,41,1790780360029
a99d83,27,1790779460029
c45dd1,49,1790780360029
af77c3,24,1790780360029
2412d3,38,1790780360029
48b09f,41,1790864960029
88f625,44,1790864960029
bce857,42,1790780360029
72b97f,37,1790780360029
a7449f,50,1790779460029
e773bf,52,1790864960029
727e60,48,1790779460029
2ae688,55,1790864960029
6762fe,38,1790864960029
ece290,36,1790780360029
37fe39,16,1790864960029
957cce,52,1790864960029
deb2d1,60,1790864960029
551606,54,1790780360029
96f03a,51,1790779460029
e7c890,41,1790864960029
764488,59,1790779460029
41c6b3,30,1790779460029
f8745c,15,1790864960029
189ac8,21,1790864960029
926d6e,40,1790779460029
b8c60c,51,1790864960029
40d814,37,1790780360029
ea60d9,50,1790780360029
27b87a,59,1790780360029
0c78dd,51,1790864960029
a15b37,41,1790864960029
4e0924,51,1790864960029
45a8dc,23,1790779460029
6d7ae9,48,1790780360029
b90455,25,1790864960029
f50410,53,1790780360029
cd58e1,53,1790780360029
33e0ba,42,1790779460029
f6cfc6,46,1790864960029
29513a,58,1790780360029
9a5a20,24,1790779460029
6b4296,48,1790864960029
e784ff,19,1790779460029
c6f097,44,1790864960029
d95540,26,1790780360029
710d5c,25,1790780360029
0d7987,41,1790780360029
abc117,47,1790864960029
e123da,42,1790864960029
0795a0,36,1790864960029
0f5449,25,1790779460029
d12e70,39,1790864960029
9c192b,55,1790779460029
611242,49,1790864960029
8f8879,47,1790779460029
4b664b,24,1790779460029
c152e6,35,1790779460029
08ac6e,50,1790779460029
146d0c,16,1790780360029
84eee7,32,1790780360029
5bb62d,54,1790780360029
33a761,54,1790864960029
9433ba,60,1790864960029
fa9ef7,24,1790780360029
898ee8,30,1790780360029
3b64f1,60,1790864960029
e24110,31,1790864960029
06614c,38,1790864960029
1029ab,47,1790864960029
d64ab7,17,1790779460029
f2bd0e,23,1790780360029
8910b3,50,1790864960029
035445,36,1790780360029
fe2f55,20,1790779460029
da48d1,54,1790780360029
d95c69,32,1790779460029
b5f0c0,60,1790779460029
2c22cb,44,1790864960029
86f6c5,42,1790779460029
f3d8a2,24,1790864960029
da4629,44,1790779460029
b72d68,51,1790780360029
31e7f7,38,1790779460029
7bc242,58,1790779460029
06b5af,58,1790779460029
2e6d4c,34,1790779460029
946623,25,1790779460029
ff36d0,17,1790864960029
d5dd2f,42,1790780360029
fe93c5,26,1790780360029
d4f583,59,1790779460029
129f1a,51,1790779460029
7b071f,20,1790864960029
706d5a,23,1790779460029
35b9c5,50,1790864960029
04058c,39,1790779460029
702e38,15,1790864960029
0afb99,34,1790780360029
1a95c7,28,1790864960029
5d768c,20,1790864960029
849064,51,1790780360029
6a623f,27,1790864960029
00ef1a,17,1790780360029
3c047c,34,1790864960029
35fda4,55,1790780360029
25fbb8,25,1790864960029
ecdfee,38,1790864960029
55f9be,58,1790779460029
67d900,19,1790779460029
a4f6cb,32,1790779460029
28df27,38,1790864960029
b9449f,60,1790780360029
abd7aa,53,1790779460029
843962,19,1790864960029
f58f0d,34,1790780360029
81dc06,56,1790779460029
49ac58,21,1790864960029
8701b2,41,1790780360029
b3ba86,22,1790779460029
0ba8c1,51,1790864960029
833da5,23,1790779460029
23f39c,48,1790779460029
5d28c0,37,1790779460029
e28898,27,1790780360029
b2c48c,32,1790780360029
beea70,49,1790779460029
070eb2,51,1790779460029
b81a0f,59,1790779460029
29e9cd,35,1790780360029
b18799,50,1790864960029
029666,59,1790780360029
c20d3e,42,1790779460029
d14057,52,1790780360029
1ff887,49,1790780360029
6452f0,19,1790780360029
b5fa90,29,1790864960029
b45ead,39,1790864960029
5896e8,59,1790779460029
0e3a83,26,1790779460029
6739bf,52,1790779460029
afe50b,38,1790780360029
0a973f,23,1790864960029
e5668c,29,1790779460029
fd9cb4,47,1790780360029
0e449d,51,1790780360029
526239,49,1790864960029
1447e3,35,1790779460029
c1e086,60,1790864960029
b1150d,42,1790780360029
91a58d,37,1790864960029
8b8067,25,1790780360029
0907ff,43,1790864960029
503c59,35,1790779460029
b6a1ea,29,1790779460029
6d174e,15,1790780360029
25066a,28,1790779460029
e2cac3,44,1790864960029
18729e,52,1790779460029
9731a5,30,1790780360029
343e74,19,1790864960029
cd5a23,42,1790779460029
566980,22,1790780360029
bd4aac,36,1790864960029
8b190f,58,1790780360029
fbe819,22,1790864960029
e9710c,16,1790779460029
18fae1,33,1790779460029
a78a3a,38,1790864960029
ac1bb7,39,1790780360029
ffeb28,51,1790780360029
b51500,30,1790780360029
ddf8e9,31,1790779460029
3120a0,53,1790779460029
6ee24c,30,1790864960029
89d1c9,48,1790780360029
bde000,23,1790780360029
253ecf,35,1790780360029
8153fa,52,1790779460029
e63d6a,40,1790779460029
b36979,48,1790779460029
22e083,29,1790780360029
2b8d4a,45,1790779460029
97158d,17,1790864960029
107fe4,54,1790779460029
6f9322,29,1790779460029
3bc564,36,1790779460029
6a444c,45,1790780360029
bc03b6,31,1790780360029
07cf86,40,1790779460029
f1a3f0,32,1790864960029
a8afd2,56,1790779460029
4f42e2,57,1790864960029
189d93,25,1790780360029
6df176,25,1790864960029
67d9d3,42,1790780360029
18cbe1,20,1790864960029
7be048,17,1790779460029
968d57,29,1790780360029
87ef68,47,1790780360029
769d61,57,1790779460029
5609ff,47,1790864960029
088956,60,1790779460029
7f8a98,57,1790780360029
ef171c,20,1790780360029
d1a479,22,1790779460029
c59f4a,19,1790864960029
409869,35,1790864960029
01d6ac,59,1790864960029
815ee4,60,1790779460029
8c3f9c,21,1790779460029
e735d7,36,1790780360029
e174c4,58,1790779460029
93971e,21,1790780360029
cc1bc0,49,1790779460029
9810a3,16,1790780360029
74c1a9,57,1790864960029
9083a9,30,1790779460029
92b6f3,44,1790780360029
83701d,41,1790864960029
3fdf53,28,1790864960029
1d557f,26,1790780360029
4a1309,55,1790780360029
6ab04f,44,1790864960029
98e8d4,23,1790780360029
8b74a5,40,1790780360029
5b9275,52,1790864960029
9de115,41,1790779460029
7fff8f,58,1790779460029
719d20,17,1790864960029
6edbe1,33,1790779460029
2a8b47,36,1790864960029
fa43fc,28,1790864960029
0effe6,18,1790780360029
3674dc,47,1790780360029
b3ad0c,25,1790864960029
42ae3b,27,1790864960029
a10f70,58,1790864960029
4a779d,44,1790779460029
0e6b04,27,1790780360029
d6cfdd,44,1790780360029
1bf223,42,1790780360029
a3817f,50,1790864960029
793354,16,1790780360029
29b4b4,54,1790779460029
fda9ab,54,1790864960029
3b70cd,49,1790779460029
a3155c,20,1790864960029
9e1b56,25,1790864960029
d6f03e,51,1790779460029
314dfd,51,1790779460029
e96092,55,1790779460029
0323c0,15,1790864960029
3bb2ee,26,1790780360029
503fd3,56,1790779460029
8efabe,42,1790864960029
f93aa6,51,1790780360029
589d85,38,1790779460029
c11570,30,1790780360029
9681fc,34,1790864960029
f768dd,58,1790779460029
89c1aa,21,1790780360029
915975,27,1790780360029
ec60ad,58,1790780360029
723aa2,48,1790864960029
b18bab,49,1790780360029
8aa8a1,60,1790864960029
d618dc,29,1790780360029
5fd894,49,1790864960029
2eb026,19,1790780360029
c91185,43,1790779460029
114420,26,1790864960029
b8ac33,28,1790780360029
343b03,24,1790864960029
5b2539,37,1790780360029
e4d641,20,1790779460029
9ef502,33,1790779460029
3f1c89,32,1790779460029
d76640,55,1790864960029
06f53b,23,1790780360029
8e594d,26,1790864960029
19fa2a,15,1790864960029
071f36,23,1790780360029
69cf60,32,1790780360029
2f6844,22,1790780360029
d4e4dd,46,1790779460029
788215,44,1790864960029
79a21c,21,1790864960029
397222,27,1790864960029
b07e66,26,1790864960029
9c7788,42,1790779460029
4e93cd,43,1790779460029
e423cc,48,1790779460029
9f9b1e,52,1790780360029
4d33fc,57,1790779460029
1eee04,23,1790864960029
183cd4,44,1790780360029
ee2a4d,24,1790864960029
4d4713,27,1790780360029
9e9e70,43,1790864960029
ad4a25,44,1790780360029
1d2b98,47,1790864960029
51900f,16,1790864960029
384fd2,40,1790779460029
c4b9b9,46,1790779460029
c09daa,49,1790779460029
b97d27,47,1790864960029
6823af,49,1790779460029
5a6ebd,53,1790864960029
7a7aef,57,1790864960029
73638e,23,1790864960029
cc6333,25,1790780360029
761f0f,38,1790780360029
237a5b,37,1790780360029
645d18,34,1790864960029
e7e499,32,1790779460029
04ab78,25,1790780360029
602ad1,55,1790780360029
fe91fe,38,1790779460029
8ea834,53,1790779460029
44df9b,18,1790779460029
41d364,53,1790780360029
ab9a2f,42,1790780360029
bf793b,57,1790780360029
5ee9ed,21,1790779460029
096c8f,30,1790864960029
7dfc30,31,1790780360029
1549b6,55,1790864960029
c0c654,15,1790779460029
7e5cfe,15,1790864960029
563b7f,31,1790864960029
1a8609,17,1790780360029
8d0873,16,1790864960029
2e34e0,40,1790780360029
0de051,48,1790864960029
683aeb,20,1790779460029
d64abf,31,1790780360029
8f8678,40,1790864960029
5dfca7,27,1790864960029
a97900,47,1790780360029
4e0579,30,1790864960029
615c99,36,1790779460029
2ad541,24,1790864960029
2fb452,34,1790864960029
004ad5,59,1790779460029
6165f1,29,1790780360029
364b90,49,1790779460029
9a987b,17,1790780360029
98a83c,52,1790864960029
36878f,31,1790780360029
515ed2,45,1790779460029
1741e3,29,1790779460029
cf9a97,56,1790864960029
877230,23,1790780360029
b8918b,60,1790780360029
e97a7c,51,1790780360029
fcd748,15,1790779460029
c6d256,23,1790864960029
c7d6f1,32,1790864960029
c5e275,45,1790779460029
fd4cde,26,1790780360029
e0c4dd,53,1790780360029
bf528d,46,1790779460029
c925e5,54,1790780360029
fd83a3,44,1790779460029
b8b89a,44,1790780360029
ffe5ae,34,1790779460029
52f449,24,1790864960029
683477,29,1790780360029
ea2188,44,1790779460029
7fb3c2,52,1790779460029
b78960,50,1790779460029
08b408,19,1790779460029
707df0,38,1790779460029
302efa,39,1790864960029
b51b7a,27,1790779460029
9fad42,52,1790779460029
b15a69,35,1790780360029
b1d6de,44,1790780360029
12af71,60,1790864960029
cd76a7,31,1790780360029
ee7aa6,21,1790779460029
ccca66,34,1790780360029
561dc4,20,1790779460029
db59f6,25,1790779460029
40bbba,44,1790864960029
7245cb,16,1790779460029
f9680e,41,1790864960029
3b4fc0,42,1790780360029
71d23e,23,1790864960029
666d15,16,1790779460029
b5c0f3,22,1790864960029
77df5d,18,1790780360029
fb06fb,24,1790780360029
e85678,50,1790779460029
18738d,52,1790864960029
2c79e3,21,1790780360029
88afa6,19,1790779460029
eb1a1c,32,1790779460029
8be5b0,34,1790864960029
0fcb04,30,1790779460029
9836ca,43,1790864960029
bddedd,27,1790780360029
37ffd1,52,1790779460029
0ed42f,35,1790779460029
309c1b,46,1790780360029
774cbe,28,1790779460029
8aabf2,54,1790779460029
3be1c6,23,1790780360029
6d4330,35,1790779460029
08bc5b,25,1790779460029
613863,22,1790779460029
dc134e,55,1790780360029
41e4d0,39,1790779460029
89fcec,45,1790864960029
d35831,54,1790780360029
9b6a65,59,1790864960029
d9eae4,59,1790864960029
344f40,49,1790864960029
2fcc2c,25,1790864960029
bf5cdf,37,1790864960029
721b92,44,1790779460029
3b58ec,52,1790864960029
ea2362,50,1790864960029
5edcbd,38,1790864960029
dc0861,60,1790780360029
078ab9,25,1790780360029
cd13f0,52,1790864960029
e00e5c,17,1790779460029
d0b7e2,28,1790780360029
941108,49,1790864960029
436c57,35,1790779460029
d66a74,55,1790779460029
64495d,20,1790780360029
dc7044,40,1790780360029
61814b,52,1790779460029
ed0a82,59,1790780360029
3d4370,27,1790864960029
f5e1e3,59,1790780360029
e633fa,60,1790864960029
3ec645,29,1790780360029
fc64d9,55,1790780360029
173967,53,1790864960029
42ce88,50,1790864960029
977283,31,1790779460029
a308e5,50,1790864960029
abfa81,53,1790780360029
a79713,16,1790779460029
d268f9,55,1790779460029
0669c6,35,1790864960029
ee8bf2,49,1790780360029
7a045e,17,1790864960029
68df31,50,1790780360029
c7fd3c,46,1790780360029
0ebc94,34,1790779460029
3daac9,28,1790779460029
e8f083,52,1790780360029
c6c829,29,1790864960029
399f1d,30,1790779460029
60a699,59,1790864960029
1e6ebf,57,1790864960029
585a00,26,1790864960029
7eafec,30,1790779460029
88fd12,35,1790780360029
6c6142,44,1790864960029
67acb2,18,1790864960029
e327e2,42,1790779460029
9365cb,52,1790779460029
ad7494,58,1790864960029
ffe366,42,1790779460029
73945e,46,1790779460029
3b1858,35,1790864960029
5af977,42,1790864960029
2647bd,42,1790780360029
a41143,45,1790779460029
c1d275,21,1790780360029
51952a,51,1790780360029
fe68d7,18,1790779460029
43066d,52,1790864960029
ea5bfb,42,1790864960029
1398e2,29,1790780360029
13ae56,21,1790780360029
87cdf4,56,1790780360029
03d806,25,1790779460029
0b552c,49,1790780360029
49ae4f,47,1790864960029
d102d1,29,1790780360029
59bf8a,47,1790864960029
de6c24,41,1790779460029
f31821,58,1790780360029
a28387,42,1790864960029
5e89ac,36,1790779460029
e3ec64,28,1790780360029
5225e9,33,1790779460029
408e1d,47,1790864960029
e7dbfc,49,1790779460029
15bf5b,19,1790780360029
9a2f2f,40,1790864960029
523477,49,1790780360029
7a4723,36,1790864960029
f544fb,28,1790779460029
245c91,35,1790780360029
583a54,52,1790779460029
5c7387,32,1790780360029
a06baa,52,1790779460029
43db7f,43,1790864960029
191dae,16,1790780360029
730cb1,47,1790779460029
b215e9,52,1790780360029
518d6a,49,1790864960029
28af39,20,1790779460029
0ebdcf,27,1790779460029
7b9617,23,1790864960029
8fe6c6,28,1790864960029
08612a,21,1790780360029
30ff17,38,1790780360029
657eee,27,1790780360029
2c30eb,20,1790780360029
3467eb,60,1790779460029
040075,20,1790779460029
4af02e,41,1790780360029
815075,49,1790864960029
e76d85,44,1790779460029
d1d256,24,1790780360029
8c531f,18,1790780360029
0dbb9d,56,1790780360029
69b1fb,32,1790780360029
8f3f67,44,1790864960029
cbb17d,55,1790864960029
26f4aa,20,1790779460029
70257d,19,1790780360029
056bb3,57,1790779460029
9a29f2,38,1790780360029
80d3de,19,1790779460029
f038fe,49,1790779460029
acf372,26,1790779460029
a41212,22,1790779460029
98f163,45,1790779460029
3ec682,53,1790779460029
ac18a6,49,1790779460029
4f9538,30,1790779460029
bb380a,42,1790780360029
b7b857,33,1790779460029
bdb6ec,57,1790779460029
c0cba6,22,1790864960029
ef88ae,23,1790779460029
53b299,54,1790864960029
eb127b,33,1790864960029
a7ff87,59,1790780360029
5fb0b5,40,1790779460029
e548fa,23,1790779460029
e97a05,34,1790780360029
d9ace1,42,1790864960029
1d2345,51,1790864960029
c90be2,20,1790780360029
f3a149,23,1790780360029
404000,36,1790779460029
924e21,41,1790780360029
63d784,15,1790779460029
2a3eaf,54,1790779460029
bbb060,54,1790780360029
426255,20,1790780360029
571535,17,1790779460029
4bee42,30,1790864960029
e1c98c,54,1790864960029
bf554a,51,1790779460029
8bb802,30,1790779460029
f20955,40,1790864960029
31d39f,27,1790779460029
f88fd8,57,1790780360029
4e5bfc,39,1790864960029
14c0cb,29,1790864960029
300332,25,1790779460029
7b0ebb,41,1790779460029
3af880,26,1790780360029
057de4,50,1790864960029
76b8d5,59,1790779460029
1f0746,27,1790864960029
b581d6,46,1790780360029
cf4f19,32,1790779460029
8a43bc,60,1790864960029
0ea29e,54,1790864960029
c40d60,15,1790779460029
98fd1d,51,1790780360029
2baa59,45,1790779460029
645337,18,1790780360029
57f49c,32,1790864960029
560030,46,1790864960029
c57040,55,1790780360029
9d4cf8,50,1790779460029
06d700,49,1790780360029
8982bc,29,1790780360029
077d52,56,1790779460029
f5c3f2,45,1790779460029
155271,54,1790864960029
da4f0e,55,1790780360029
dc7d6a,24,1790780360029
d1ff76,41,1790779460029
989ce0,44,1790779460029
4c2d70,32,1790780360029
ebbe8f,23,1790864960029
81fea2,35,1790780360029
df9798,21,1790864960029
795c2a,27,1790779460029
631e28,16,1790864960029
b1da2b,41,1790864960029
853eba,23,1790779460029
8e4a60,55,1790779460029
b6731d,24,1790864960029
0f8dc5,43,1790779460029
823bef,35,1790864960029
4fae57,38,1790779460029
170ea3,31,1790864960029
fbf4a7,47,1790864960029
d4c2fe,16,1790779460029
21d94e,50,1790780360029
7b003e,44,1790780360029
4efc62,32,1790864960029
0beed6,58,1790780360029
e35ba9,29,1790780360029
ecaaef,57,1790779460029
2172fa,30,1790779460029
4dd26b,45,1790779460029
e485cd,30,1790779460029
443d8f,24,1790779460029
314bef,33,1790780360029
0b69be,39,1790779460029
ee7cc5,47,1790780360029
4d4734,39,1790864960029
3443b7,39,1790779460029
4d8b83,27,1790864960029
285a28,39,1790780360029
105968,23,1790780360029
385e78,19,1790779460029
945f10,40,1790780360029
48792d,48,1790779460029
fabbf1,47,1790864960029
f69bbe,29,1790864960029
5d4b75,46,1790780360029
9be688,41,1790864960029
3adee7,59,1790780360029
6705ee,50,1790779460029
ea314e,26,1790780360029
02294c,40,1790864960029
79a00d,39,1790780360029
49a93b,32,1790780360029
a9c965,45,1790779460029
f8ff94,44,1790864960029
6ec45b,45,1790864960029
30992a,51,1790780360029
61a618,41,1790780360029
41d157,15,1790864960029
338fd1,19,1790780360029
8fae1c,34,1790780360029
62dfdb,44,1790779460029
0f9687,28,1790780360029
33a236,22,1790780360029
2d3509,24,1790780360029
97a332,60,1790780360029
bfb47e,15,1790780360029
428287,55,1790864960029
68e1d6,34,1790864960029
120f74,19,1790779460029
1ded49,22,1790779460029
d025d8,41,1790864960029
6fa13a,46,1790780360029
a0f2fa,17,1790779460029
aaf500,60,1790864960029
ba6f55,58,1790780360029
ab0789,60,1790779460029
705cb5,15,1790779460029
215f37,45,1790864960029
98f7f0,48,1790864960029
0c2db1,35,1790864960029
f7049e,32,1790780360029
078dd6,37,1790779460029
2178ca,56,1790780360029
ba8da2,59,1790779460029
770cee,50,1790780360029
71f265,35,1790779460029
144c72,49,1790780360029
988f02,40,1790779460029
5210ac,24,1790864960029
bb2e47,47,1790779460029
f487b2,50,1790779460029
025332,37,1790779460029
483457,35,1790780360029
6d37bf,38,1790780360029
37c863,16,1790864960029
bcce6b,49,1790780360029
c526f7,44,1790780360029
3a212f,50,1790864960029
04fcd6,45,1790864960029
430ef7,25,1790779460029
491aa9,42,1790780360029
49383d,26,1790779460029
30241b,51,1790780360029
ffc073,33,1790780360029
0376a9,46,1790864960029
dd2537,21,1790780360029
fdf577,30,1790780360029
dadbfc,45,1790780360029
9bd0c0,60,1790779460029
b51383,21,1790780360029
80b32e,58,1790779460029
1b1cb4,18,1790779460029
34ba1b,20,1790780360029
387498,52,1790864960029
fa7ac5,37,1790780360029
69fa85,19,1790779460029
15c590,48,1790779460029
9e2e69,19,1790864960029
165f98,30,1790864960029
c9cc89,35,1790779460029
3db402,20,1790864960029
53ab1e,39,1790864960029
c489c9,24,1790864960029
dc8eb9,51,1790780360029
dd07b0,52,1790864960029
4d9267,38,1790780360029
e01cdb,48,1790779460029
18eeb5,45,1790780360029
4ac785,17,1790864960029
ac5adc,26,1790864960029
57b4a5,16,1790779460029
964bb6,42,1790780360029
2b2e74,29,1790780360029
596d26,45,1790864960029
f14e41,59,1790780360029
fb98f4,22,1790780360029
9dc368,47,1790779460029
009972,39,1790779460029
f30496,22,1790864960029
0fb5e5,47,1790780360029
d8c4ba,44,1790779460029
ce7f13,41,1790779460029
19dc83,48,1790780360029
821aae,43,1790780360029
57a47d,50,1790780360029
92a074,35,1790779460029
6e2139,30,1790780360029
ffca96,25,1790864960029
797813,24,1790780360029
ff6c1a,52,1790779460029
762747,60,1790864960029
76edb3,32,1790864960029
7fc796,29,1790864960029
f43613,40,1790780360029
bd494d,56,1790780360029
bd3ada,47,1790780360029
3e08f7,25,1790779460029
1c465f,24,1790864960029
0fadac,58,1790780360029
dd05bd,46,1790779460029
76548f,18,1790779460029
33c158,28,1790864960029
a47d03,41,1790779460029
a4cc49,46,1790780360029
ddec06,18,1790779460029
e6fc4f,39,1790780360029
32c7f9,59,1790864960029
92de86,24,1790864960029
9a9199,16,1790779460029
6442c5,26,1790780360029
292af2,53,1790864960029
1da1f7,52,1790780360029
611a82,59,1790864960029
82da85,35,1790779460029
479863,55,1790780360029
9ef3d2,46,1790864960029
906368,38,1790864960029
8dd8d2,28,1790780360029
c9ff38,29,1790779460029
d459e6,53,1790780360029
4009c4,19,1790779460029
87ed31,29,1790780360029
3e82fb,17,1790779460029
0b35b7,51,1790780360029
849b53,26,1790780360029
7ae208,51,1790864960029
25120d,26,1790780360029
f5de26,49,1790780360029
aa2a3b,60,1790780360029
9f0f33,45,1790779460029
b73579,54,1790864960029
e8a995,27,1790780360029
e7ad78,26,1790779460029
fa6447,49,1790779460029
83bbab,56,1790779460029
48ce29,25,1790779460029
d30493,58,1790864960029
3e7a92,25,1790864960029
c42576,24,1790864960029
a9ca4e,39,1790779460029
15d74f,57,1790864960029
69f141,33,1790864960029
a1f4f6,60,1790864960029
6025cb,24,1790864960029
14a3ee,38,1790780360029
a776db,49,1790779460029
cd569a,44,1790864960029
e7bf53,36,1790779460029
edd16f,38,1790780360029
707473,45,1790864960029
f7ba4f,30,1790864960029
56dd03,15,1790780360029
43c913,58,1790780360029
a9b20e,41,1790864960029
bfe33f,30,1790779460029
72e7af,21,1790779460029
b255c7,24,1790780360029
a3fe65,25,1790864960029
c8a4e9,30,1790779460029
b8eae4,25,1790864960029
b4e852,21,1790864960029
ef15a3,51,1790780360029
905686,29,1790864960029
25ffe4,31,1790780360029
fd6ff1,42,1790780360029
834295,58,1790780360029
32b3f3,32,1790864960029
72d8c0,33,1790779460029
bad8cd,22,1790780360029
df3247,15,1790780360029
c24b8b,52,1790779460029
574359,31,1790780360029
15273d,20,1790864960029
50b772,58,1790864960029
a3c9a3,39,1790780360029
582a4f,49,1790779460029
1d9b5d,21,1790780360029
568098,57,1790780360029
1d311f,46,1790780360029
34b580,57,1790779460029
092878,46,1790780360029
983917,35,1790780360029
c75809,16,1790780360029
c22329,49,1790780360029
9e17ab,60,1790780360029
9c6012,39,1790780360029
fee428,47,1790864960029
76c191,51,1790864960029
346114,40,1790780360029
063432,27,1790864960029
1fbfa4,18,1790864960029
7fa393,24,1790780360029
b6ba41,48,1790779460029
a83664,31,1790864960029
fe8ded,38,1790780360029
8a47d6,28,1790864960029
ed15a6,37,1790779460029
f66715,57,1790864960029
671940,20,1790779460029
c03db1,49,1790779460029
b36790,50,1790779460029
91e756,15,1790779460029
d4e123,57,1790779460029
4ee0cb,58,1790779460029
6177a7,36,1790780360029
e5b784,47,1790864960029
3093bb,46,1790864960029
b01dec,46,1790780360029
569796,60,1790864960029
039314,52,1790779460029
77b546,59,1790864960029
275e37,57,1790779460029
7b560c,49,1790864960029
bdbeef,38,1790864960029
c1ae15,38,1790779460029
c2e29b,49,1790779460029
c20675,42,1790864960029
9a7e8b,33,1790780360029
9b2872,20,1790779460029
e16694,19,1790779460029
e08ce2,54,1790780360029
837f67,43,1790780360029
9bb37b,59,1790780360029
f03b06,33,1790779460029
7045eb,18,1790780360029
51d912,39,1790864960029
350aa4,33,1790864960029
2021f8,55,1790780360029
fdaf81,44,1790780360029
61708a,33,1790780360029
89cb1a,23,1790779460029
fda28f,44,1790864960029
e051e3,32,1790779460029
79dbef,44,1790864960029
6c347a,39,1790779460029
941f5d,22,1790779460029
d2005f,34,1790779460029
39709e,31,1790779460029
eb8638,18,1790780360029
ef356a,29,1790864960029
793f94,17,1790864960029
941efc,57,1790780360029
93265a,23,1790864960029
86dd14,23,1790864960029
d93cd0,32,1790864960029
61ba55,21,1790779460029
1b4b5c,58,1790864960029
7e4a12,37,1790780360029
a61ed8,60,1790780360029
a7da48,41,1790864960029
9182e6,60,1790780360029
921f15,37,1790779460029
ffc5a4,39,1790780360029
666740,36,1790779460029
c8564f,44,1790779460029
be9b4b,41,1790779460029
75b0cd,54,1790780360029
1a00fe,60,1790864960029
31400b,24,1790779460029
89781c,23,1790779460029
152b78,42,1790779460029
376cd2,16,1790864960029
23c3e4,31,1790780360029
7c3fec,26,1790780360029
d35c8d,48,1790864960029
81ce33,50,1790864960029
73cbe8,40,1790864960029
c9d641,35,1790864960029
eb1567,21,1790864960029
8feeee,24,1790779460029
912843,42,1790864960029
a2c63b,59,1790864960029
3df9ab,27,1790779460029
817ff1,16,1790780360029
fece87,34,1790864960029
027e66,30,1790779460029
d9ff9a,42,1790780360029
7fcac4,33,1790864960029
85a6da,17,1790779460029
026dc9,24,1790779460029
976a51,33,1790779460029
f791c2,17,1790864960029
8184ef,32,1790864960029
8a9b4c,48,1790780360029
3fe0d5,31,1790779460029
aadf63,32,1790864960029
6acf01,55,1790864960029
bba504,35,1790780360029
ef7598,46,1790779460029
ff5fdf,42,1790779460029
c8ff40,51,1790779460029
d0b051,34,1790779460029
d4a1e7,29,1790780360029
6b7386,60,1790864960029
f42f5b,23,1790780360029
09ef26,29,1790780360029
1b4a13,28,1790779460029
8329f4,44,1790780360029
5367a0,39,1790864960029
9928d5,48,1790780360029
9180c5,51,1790780360029
2371b2,49,1790780360029
254784,21,1790864960029
ab92f5,16,1790779460029
87a902,47,1790779460029
e8de91,47,1790780360029
2fcaee,39,1790864960029
ac82ac,31,1790780360029
65fc46,26,1790780360029
295d51,45,1790864960029
9d2851,35,1790779460029
9d762b,42,1790780360029
3b37a3,50,1790779460029
eb099e,37,1790780360029
21ecf6,48,1790864960029
6e39af,58,1790780360029
6cf632,51,1790780360029
e7eef9,60,1790779460029
6d6dd9,46,1790779460029
2bc7e4,40,1790780360029
5892ea,59,1790780360029
854ae5,41,1790779460029
0b1cfb,35,1790780360029
974606,15,1790779460029
ce754a,26,1790779460029
43da0f,18,1790780360029
003d0b,59,1790779460029
9c3ba9,41,1790780360029
239fbf,52,1790779460029
ed4a4c,18,1790779460029
80c82e,50,1790780360029
981ee0,46,1790864960029
a53963,49,1790779460029
140bbb,51,1790864960029
281b38,36,1790780360029
f580a4,40,1790780360029
ea0be8,16,1790864960029
297756,53,1790780360029
de2b8f,27,1790864960029
0efb77,43,1790780360029
51c0cc,32,1790779460029
76e46c,22,1790864960029
59f95f,49,1790779460029
e4fd86,44,1790779460029
eceabe,31,1790779460029
dbd656,38,1790779460029
dd03a5,22,1790779460029
b98d4a,32,1790780360029
1d4ddd,27,1790779460029
bb7cc2,50,1790779460029
3b4afb,42,1790779460029
4bd509,30,1790779460029
79f45f,43,1790780360029
2cf9ce,28,1790780360029
c68253,32,1790779460029
28e59e,23,1790864960029
a6c42b,21,1790779460029
469815,55,1790779460029
267e72,26,1790780360029
15a5b3,49,1790779460029
625119,29,1790780360029
959f90,17,1790780360029
f1b709,47,1790780360029
2c504f,44,1790780360029
fd8f01,55,1790780360029
c2066c,43,1790779460029
0f5093,53,1790864960029
635f6a,53,1790780360029
c160b5,37,1790864960029
769d75,48,1790779460029
550bda,57,1790780360029
ed8afb,49,1790780360029
a25d15,59,1790779460029
8e3e6c,31,1790779460029
7cae1f,44,1790864960029
c5d245,21,1790864960029
948e7c,48,1790780360029
2a2f58,55,1790864960029
674ede,35,1790864960029
4eda19,30,1790780360029
98cc87,35,1790864960029
31bbdd,39,1790780360029
7841b5,40,1790779460029
26887c,30,1790780360029
c9388d,28,1790780360029
2857e2,56,1790779460029
4adc96,53,1790779460029
615027,23,1790779460029
339620,37,1790864960029
f238a8,34,1790864960029
dc3a70,23,1790780360029
5d29a1,41,1790780360029
8afdab,32,1790864960029
b2b632,29,1790780360029
e37b57,42,1790780360029
5784ac,50,1790779460029
3bd2e2,19,1790864960029
1de1fb,29,1790864960029
fe99b3,60,1790780360029
f7d409,57,1790779460029
d2ca4c,41,1790779460029
f6daff,16,1790864960029
36def4,21,1790780360029
8a3642,33,1790864960029
9f0fa0,20,1790780360029
16fede,24,1790780360029
325192,39,1790779460029
d8bbbb,17,1790779460029
c354e7,60,1790864960029
4fcd6b,57,1790864960029
3f3625,33,1790780360029
c7640e,29,1790779460029
59c56f,51,1790780360029
23e101,56,1790780360029
099d8a,28,1790780360029
b673f7,25,1790780360029
682caf,44,1790779460029
1794d0,30,1790780360029
80f83b,50,1790864960029
f50a4c,59,1790864960029
38f9bd,50,1790779460029
3bddaa,41,1790864960029
79a01a,58,1790780360029
6b58aa,47,1790780360029
f53a07,20,1790780360029
276cde,43,1790780360029
4b0bc7,24,1790864960029
b280de,47,1790864960029
43aae9,28,1790780360029
a31620,18,1790780360029
e8b4e1,27,1790864960029
c7363f,31,1790864960029
c181d8,46,1790779460029
2aa3d1,50,1790780360029
0a150e,31,1790864960029
0f7b84,50,1790779460029
6305a0,58,1790864960029
5c4b1a,44,1790780360029
b842f1,45,1790864960029
768841,55,1790864960029
448194,55,1790864960029
878a0a,46,1790780360029
65f041,38,1790864960029
7395fe,20,1790780360029
19d5b3,32,1790864960029
6f687e,22,1790779460029
5b4b9e,19,1790864960029
9ae61d,18,1790779460029
85e3a7,31,1790779460029
299fff,25,1790864960029
dc324b,47,1790779460029
a6d716,45,1790780360029
73365a,53,1790780360029
bc0010,30,1790780360029
7dd2cf,46,1790864960029
4b4597,15,1790864960029
b3a611,46,1790780360029
3b632d,35,1790780360029
efa4fa,26,1790779460029
a6ed69,47,1790864960029
22295b,30,1790780360029
8674f7,29,1790864960029
61f670,40,1790780360029
36acb2,17,1790779460029
fdf48d,18,1790780360029
b1bed3,16,1790864960029
827d52,58,1790780360029
4bafc0,46,1790864960029
fee044,25,1790780360029
1299e7,45,1790780360029
d6b3df,38,1790779460029
9818d4,22,1790780360029
bbf907,35,1790864960029
88eab0,40,1790779460029
ab2a25,23,1790864960029
f9f5e3,33,1790780360029
b2636f,52,1790779460029
e226fa,31,1790780360029
67aacc,26,1790779460029
7ce0a6,33,1790864960029
506b5b,39,1790780360029
d534ec,43,1790780360029
baf74d,35,1790864960029
b76ae9,28,1790864960029
3afd57,56,1790864960029
858e9f,25,1790779460029
b0ddcb,57,1790864960029
126f25,33,1790780360029
81dfe2,39,1790779460029
0d0176,20,1790780360029
2843b6,41,1790864960029
15a487,30,1790780360029
bc1438,45,1790864960029
59a731,31,1790864960029
187f39,59,1790780360029
5efddf,33,1790864960029
51909b,50,1790864960029
7fb0fe,50,1790864960029
e71380,21,1790780360029
0861f4,59,1790780360029
7d8e73,19,1790780360029
fdaa12,41,1790779460029
959672,60,1790779460029
311489,52,1790864960029
0d423e,42,1790780360029
927db7,44,1790779460029
7253d4,59,1790780360029
253920,20,1790864960029
e2b175,15,1790780360029
a25169,36,1790864960029
f38908,41,1790780360029
e0ce4a,32,1790864960029
8cd2ba,32,1790779460029
a0be5c,17,1790779460029
8f79b1,41,1790780360029
0c843d,16,1790864960029
9064fb,55,1790780360029
a9ad15,42,1790780360029
f10b63,21,1790779460029
714bc9,47,1790779460029
7e58b7,28,1790864960029
70fe8c,38,1790780360029
0beaf0,47,1790864960029
3a0a3a,27,1790779460029
caf897,35,1790779460029
b70c4d,25,1790779460029
433202,39,1790780360029
042ccf,37,1790864960029
73908e,37,1790779460029
a44d7d,16,1790779460029
f86b36,18,1790864960029
419a10,24,1790779460029
5a0e66,16,1790864960029
35ad31,51,1790779460029
4cb8ff,43,1790780360029
2743e7,27,1790779460029
a43f73,15,1790864960029
2bfc28,44,1790864960029
6b1835,18,1790780360029
c73e75,43,1790864960029
997b0c,35,1790780360029
f9376b,41,1790864960029
4dcbb5,59,1790780360029
4a58f3,26,1790864960029
be11e0,48,1790780360029
d42482,34,1790780360029
0ea938,16,1790780360029
7836cc,33,1790779460029
e49f5a,34,1790780360029
474037,37,1790864960029
b12541,38,1790780360029
9b9378,46,1790864960029
750ac8,54,1790779460029
ca1097,51,1790779460029
d41f95,29,1790779460029
42b888,53,1790779460029
f523b5,18,1790864960029
e803ef,20,1790779460029
fbcb5f,32,1790864960029
7fa0df,32,1790779460029
fd4d28,24,1790780360029
9e53f9,48,1790779460029
48d284,43,1790780360029
9ba46a,24,1790779460029
d56eaf,15,1790779460029
e7e8fd,39,1790779460029
8e13ae,46,1790864960029
cd4b7e,32,1790779460029
dc0d8e,47,1790779460029
92eb1e,20,1790864960029
991b20,52,1790779460029
bedd6d,19,1790864960029
f279dc,47,1790780360029
e2e401,52,1790780360029
3f1788,15,1790780360029
b3cb59,29,1790780360029
43415a,35,1790780360029
019621,44,1790864960029
09e00d,26,1790864960029
2ee7ca,26,1790780360029
53dfab,47,1790780360029
842e73,30,1790779460029
362103,30,1790864960029
ca255a,31,1790779460029
e155d3,27,1790779460029
c5f837,37,1790779460029
9e6cbd,59,1790779460029
d2f593,56,1790780360029
82a7de,60,1790779460029
503d8f,32,1790864960029
02ec44,40,1790779460029
333c5c,34,1790780360029
5409bd,20,1790779460029
68e382,48,1790864960029
909799,28,1790864960029
90613b,16,1790780360029
b4f38d,44,1790779460029
adcd0a,27,1790779460029
2d7f14,25,1790779460029
af8032,15,1790780360029
afcc02,40,1790780360029
5a20b2,18,1790780360029
726d47,59,1790779460029
d75773,46,1790864960029
340767,55,1790779460029
bfc804,26,1790780360029
e0ea81,18,1790864960029
510ced,22,1790780360029
0d2f1c,41,1790779460029
e889da,41,1790779460029
9b8dce,57,1790864960029
196e13,21,1790779460029
e35148,59,1790780360029
62b832,36,1790779460029
3455a4,56,1790780360029
fa6568,45,1790779460029
81d314,33,1790779460029
0283b6,29,1790779460029
e83699,44,1790779460029
f3aa12,15,1790864960029
4d4494,16,1790864960029
dff553,26,1790779460029
7e3ec0,46,1790779460029
01a027,19,1790780360029
68ad42,29,1790864960029
c72555,30,1790864960029
caba84,26,1790780360029
241dd4,53,1790780360029
dcc5c5,34,1790780360029
bc6e1f,41,1790864960029
2de9aa,24,1790780360029
903983,38,1790779460029
c9b0d2,26,1790780360029
2ce59e,30,1790780360029
f7f620,38,1790779460029
88a11f,44,1790780360029
e28ea0,44,1790864960029
79a16b,60,1790779460029
5089c9,39,1790779460029
e8ef40,22,1790779460029
2a8b3a,38,1790780360029
8b065f,43,1790779460029
0cf687,51,1790779460029
12f426,30,1790864960029
29ab4a,32,1790780360029
6d9932,38,1790779460029
42397d,41,1790864960029
1e6a09,53,1790779460029
a0b72b,49,1790779460029
4433fc,24,1790780360029
215be5,55,1790780360029
c8210d,23,1790780360029
410a58,30,1790780360029
5d8cb6,50,1790779460029
c85add,44,1790780360029
94b2bb,59,1790864960029
7caaee,39,1790780360029
67bafe,57,1790864960029
0d564a,17,1790780360029
e2c327,43,1790864960029
6093e6,26,1790780360029
48e491,16,1790780360029
7fcde0,48,1790864960029
abccc1,39,1790864960029
a14125,56,1790779460029
399d69,59,1790864960029
7fad6e,20,1790780360029
5244c6,20,1790864960029
4cf3de,60,1790779460029
f14b31,44,1790864960029
59d494,21,1790779460029
9128d4,55,1790780360029
f7d945,24,1790779460029
38f540,47,1790780360029
f52977,46,1790779460029
d4c3e4,15,1790780360029
7816a3,31,1790779460029
f06850,38,1790780360029
bcab32,52,1790780360029
ba8e18,52,1790780360029
241a8c,20,1790780360029
ae110c,45,1790864960029
0e744a,31,1790864960029
d1cb97,21,1790780360029
1d8e68,43,1790864960029
c7fb72,45,1790864960029
53ed6a,56,1790780360029
a81ad8,54,1790779460029
944d1f,47,1790779460029
293ff1,33,1790780360029
67959f,40,1790779460029
44b24b,41,1790780360029
91e82f,18,1790864960029
143ea8,21,1790779460029
d626b1,38,1790779460029
f6293d,20,1790864960029
89ecc4,49,1790779460029
fd69d4,38,1790779460029
be9d4e,35,1790780360029
e9bad4,30,1790780360029
0f8dc1,22,1790779460029
7a1cee,59,1790780360029
b3f4cd,58,1790780360029
050682,44,1790864960029
fc092c,37,1790864960029
23f5a5,44,1790779460029
d37eb7,25,1790780360029
e094eb,15,1790864960029
337753,59,1790864960029
197f5a,16,1790779460029
4561dc,30,1790864960029
269cf9,38,1790864960029
68bc59,21,1790864960029
a5e54a,59,1790864960029
e86889,15,1790864960029
9b1b75,18,1790779460029
450d38,31,1790864960029
b00e59,60,1790780360029
6e3d3e,40,1790780360029
abed7d,34,1790779460029
c36695,17,1790864960029
89bbe3,43,1790864960029
5cc21f,19,1790864960029
4f991f,23,1790779460029
1bf719,42,1790779460029
e8a4dc,15,1790779460029
617d6f,25,1790864960029
c3fa7e,21,1790780360029
8636bc,25,1790779460029
70894a,28,1790780360029
6add21,20,1790779460029
3ff906,22,1790780360029
bdba8e,22,1790864960029
71b514,52,1790864960029
054be5,29,1790864960029
585587,21,1790864960029
c66f7a,47,1790780360029
003904,16,1790779460029
401aec,57,1790779460029
b11543,55,1790779460029
befc1d,35,1790779460029
4871bf,30,1790779460029
2210dd,29,1790780360029
6e24c6,48,1790779460029
9c50cc,42,1790864960029
d83f04,34,1790779460029
c38cd0,22,1790780360029
b091c5,42,1790864960029
