a9ab8e,35,1790767166507
b61e65,39,1790766266507
92e4c5,25,1790767166507
933283,28,1790766266507
b08145,21,1790851766507
7862f0,34,1790767166507
2fdbc7,21,1790767166507
7845c4,38,1790767166507
84e839,25,1790767166507
83b6fc,56,1790851766507
59d63c,42,1790851766507
d44219,59,1790851766507
9cca57,44,1790851766507
9a88f6,25,1790851766507
190c98,17,1790767166507
66350d,20,1790766266507
c13272,58,1790851766507
48cb56,32,1790767166507
cbadfe,23,1790766266507
3212f3,40,1790766266507
585dfa,40,1790766266507
2ea741,43,1790851766507
d6cbcf,40,1790766266507
e9453b,27,1790766266507
8d2e53,52,1790766266507
c71bb0,33,1790851766507
3c7bd2,49,1790767166507
7ce145,45,1790766266507
e0c71c,44,1790766266507
f3decf,25,1790851766507
42f625,59,1790767166507
00444b,16,1790767166507
6dfbd2,29,1790767166507
358f2f,35,1790767166507
3e2975,39,1790767166507
fb8738,40,1790851766507
e48b13,29,1790766266507
2a015b,41,1790767166507
b6fd56,45,1790767166507
856ae2,34,1790851766507
f2a6f8,42,1790766266507
e17393,54,1790766266507
0c6afe,44,1790851766507
187c0b,15,1790851766507
820c75,55,1790767166507
f8ba6c,23,1790851766507
f86c41,30,1790767166507
3a19f8,28,1790851766507
0676c2,49,1790767166507
0d979f,40,1790851766507
5cdc99,17,1790766266507
954d86,16,1790766266507
c13065,51,1790766266507
0c88b6,51,1790767166507
ad91bd,57,1790851766507
f6f8d1,53,1790767166507
6778d5,29,1790767166507
a3efe1,38,1790767166507
b4aa82,25,1790767166507
95fbaa,39,1790766266507
602644,16,1790767166507
5812ff,59,1790767166507
9c94ef,16,1790767166507
998d07,41,1790766266507
573596,53,1790766266507
0efcc5,21,1790766266507
1116ba,28,1790767166507
98a2b5,60,1790851766507
e9bb35,27,1790766266507
bc17c3,26,1790767166507
16c75b,46,1790767166507
743b10,27,1790767166507
81def7,26,1790767166507
24d106,20,1790767166507
b1b133,18,1790766266507
c013d9,38,1790767166507
2da5b8,29,1790851766507
6b818a,50,1790851766507
bb72c9,55,1790851766507
49800a,48,1790766266507
0def5b,24,1790851766507
866890,48,1790851766507
b57664,47,1790851766507
793c70,29,1790767166507
e1c824,31,1790766266507
c8dceb,27,1790851766507
3f5c66,54,1790766266507
36b292,27,1790767166507
9f0572,19,1790767166507
a6f0b4,25,1790767166507
0b6f4b,59,1790766266507
61f1b4,17,1790766266507
432335,25,1790767166507
f4e0fe,44,1790766266507
0793db,55,1790766266507
0836d6,42,1790851766507
3700d0,33,1790851766507
eecd8c,28,1790766266507
bed7d5,56,1790851766507
1fd606,50,1790851766507
3b69b0,23,1790767166507
b9888a,43,1790767166507
859e87,42,1790766266507
952110,16,1790766266507
dbe79a,40,1790766266507
38354d,35,1790767166507
7ba9f1,36,1790767166507
95b88c,48,1790851766507
b5f9fa,37,1790767166507
c85580,29,1790766266507
9ca12c,39,1790767166507
1160cd,54,1790766266507
8bb3c3,58,1790851766507
b05855,38,1790766266507
3aee70,56,1790766266507
652718,36,1790766266507
10678e,50,1790766266507
8eb0a6,30,1790851766507
461bf2,39,1790851766507
debefa,53,1790767166507
8209d0,57,1790851766507
d73f09,41,1790766266507
27fd85,49,1790767166507
e13d98,60,1790766266507
8db777,41,1790767166507
431c14,59,1790767166507
8e7ee4,29,1790767166507
7fb480,58,1790851766507
22de18,55,1790767166507
0b1a60,29,1790766266507
ecf218,49,1790851766507
f4543e,51,1790851766507
27d99f,34,1790766266507
a5d538,49,1790851766507
a98b31,19,1790766266507
a6ea61,52,1790851766507
f94d43,33,1790851766507
99b441,26,1790851766507
968e34,18,1790766266507
d77316,47,1790766266507
3971ba,60,1790767166507
85b479,45,1790766266507
7071ae,46,1790767166507
b0e503,58,1790766266507
0e4ddb,48,1790766266507
746dfe,60,1790767166507
702e4a,20,1790767166507
d51f0f,53,1790851766507
9b29b2,37,1790766266507
c01d89,36,1790766266507
e00216,23,1790766266507
c89e9c,35,1790766266507
743328,43,1790766266507
034b71,30,1790851766507
93c322,17,1790767166507
6c91db,25,1790851766507
290f3b,45,1790766266507
bccbcd,39,1790851766507
68f214,60,1790767166507
2f186e,19,1790851766507
333203,46,1790851766507
1f8fdb,33,1790851766507
09d524,52,1790767166507
5caf27,38,1790767166507
15d9f4,18,1790766266507
945b43,15,1790851766507
2ad6e0,56,1790766266507
bb3550,21,1790767166507
650068,45,1790766266507
cc05fd,32,1790767166507
5a1d84,26,1790766266507
fa4930,36,1790766266507
be6624,55,1790767166507
c0de4e,26,1790851766507
0f8644,50,1790766266507
000405,54,1790766266507
44b9d3,52,1790851766507
5c9e1a,43,1790766266507
380f2c,54,1790767166507
03b1b7,16,1790766266507
782579,42,1790767166507
6a9755,42,1790851766507
4c19d8,24,1790766266507
208aed,56,1790766266507
141a96,43,1790766266507
730e09,56,1790767166507
f73479,53,1790851766507
091c0f,35,1790766266507
5c1f78,17,1790851766507
19c2c2,36,1790851766507
4488ea,19,1790766266507
35841d,58,1790766266507
b73fd6,50,1790767166507
c1aca5,15,1790767166507
5453f6,18,1790766266507
7e2933,50,1790851766507
1c81e2,54,1790767166507
dc0a54,52,1790767166507
881880,24,1790767166507
f1eca9,15,1790851766507
a739e0,27,1790766266507
95cd64,53,1790766266507
b29fd4,21,1790767166507
a0fbb5,60,1790851766507
f99682,33,1790766266507
fbb88f,49,1790851766507
ed47be,21,1790851766507
70d31f,39,1790766266507
8ec869,51,1790767166507
636fac,57,1790766266507
912419,54,1790851766507
f030a1,23,1790851766507
0ae066,52,1790767166507
fd3144,52,1790851766507
e4048c,36,1790767166507
cb690d,29,1790851766507
6dba21,50,1790851766507
0db1f8,30,1790851766507
4e3765,60,1790851766507
21770f,29,1790851766507
6a9f4c,51,1790851766507
924586,32,1790767166507
c7bee6,59,1790767166507
83332c,56,1790766266507
e26815,32,1790851766507
7ebfc2,26,1790767166507
565384,49,1790766266507
092c30,50,1790851766507
87379d,21,1790851766507
1436c5,45,1790767166507
e0adfc,29,1790767166507
7720f7,48,1790767166507
f3656d,26,1790766266507
cc10de,16,1790766266507
541f4e,49,1790767166507
b297f5,43,1790766266507
f6ddb7,49,1790766266507
c2cfd1,60,1790767166507
353726,22,1790851766507
1a47cc,27,1790851766507
2b0f3b,51,1790767166507
ee9e16,43,1790767166507
8d3cdb,30,1790767166507
92019e,57,1790851766507
a43bf5,50,1790766266507
44a54d,50,1790851766507
edfff3,57,1790767166507
38da5a,53,1790766266507
5eb326,42,1790766266507
8e935f,34,1790767166507
ef8335,26,1790851766507
2d8697,47,1790766266507
789a21,20,1790767166507
9c77c8,24,1790851766507
acd7e5,49,1790766266507
b83071,19,1790767166507
530190,42,1790766266507
382bfa,55,1790851766507
773083,21,1790767166507
2073a1,44,1790767166507
18cc8b,57,1790766266507
30955a,17,1790851766507
ede31f,34,1790851766507
d2f79c,44,1790851766507
5162dd,56,1790766266507
112d8c,42,1790767166507
64e695,20,1790766266507
e0d387,33,1790766266507
4237f6,53,1790767166507
b30baa,47,1790767166507
35edcb,41,1790851766507
660920,52,1790767166507
0f07cd,47,1790767166507
67ad15,37,1790766266507
863ddd,52,1790767166507
27b604,23,1790766266507
8a8c97,19,1790851766507
b41561,45,1790767166507
0fe1b2,16,1790767166507
b5bb63,39,1790767166507
da8c1d,48,1790851766507
cb33c2,17,1790851766507
ffc7df,23,1790766266507
fc82be,34,1790766266507
381cf2,58,1790851766507
9f54d1,53,1790851766507
5ee35d,17,1790767166507
078f62,48,1790767166507
428b2b,57,1790851766507
32a01a,35,1790851766507
4e683f,45,1790766266507
ba02d1,51,1790767166507
4fe081,27,1790851766507
5150ca,42,1790766266507
c17fac,25,1790767166507
e4b1a4,44,1790767166507
8a714f,33,1790766266507
fd2d65,48,1790851766507
4137c3,34,1790767166507
53bb5a,26,1790851766507
2ec768,24,1790766266507
98b74a,60,1790767166507
8d986d,18,1790851766507
0378c1,45,1790851766507
d43fbb,50,1790851766507
563d90,30,1790767166507
1dddb9,47,1790767166507
f4c86b,28,1790766266507
12fa74,39,1790767166507
79e0e9,39,1790851766507
df80c3,23,1790766266507
210482,35,1790767166507
07a3b1,52,1790766266507
a25292,49,1790767166507
30bd49,37,1790851766507
55358b,18,1790766266507
fe1a80,25,1790767166507
716943,28,1790851766507
9e2a6e,40,1790767166507
170ba6,15,1790851766507
172da5,55,1790851766507
110d1b,43,1790766266507
fdceb5,43,1790766266507
5c5521,57,1790766266507
dc719d,60,1790851766507
b3d2e4,42,1790851766507
0d8e2c,34,1790851766507
9771a8,53,1790851766507
60cbdd,49,1790851766507
7b8ce9,40,1790766266507
0ef45b,50,1790851766507
8cf6ca,40,1790767166507
3447a5,37,1790851766507
ca9cfc,23,1790766266507
962dd0,20,1790766266507
9ec2e1,24,1790851766507
a7492d,26,1790851766507
4abc9c,41,1790767166507
25dbc6,45,1790766266507
d3481c,35,1790767166507
845fde,29,1790851766507
aa1201,41,1790851766507
81c78a,16,1790851766507
26f501,38,1790851766507
2af937,27,1790767166507
954c3d,38,1790767166507
e0f1a1,40,1790767166507
dcc610,18,1790766266507
1a5db8,23,1790851766507
04da98,24,1790767166507
14ff0b,52,1790766266507
145b1d,47,1790851766507
7374a2,46,1790766266507
403fac,57,1790766266507
be9301,47,1790766266507
30b045,37,1790851766507
02d717,48,1790851766507
995341,59,1790851766507
0a559b,23,1790767166507
95ce10,34,1790851766507
b43b9f,17,1790851766507
e8fff3,25,1790766266507
5adc2e,43,1790767166507
517f81,15,1790766266507
db16cd,16,1790851766507
73852b,44,1790767166507
6d1a7f,48,1790766266507
547c96,24,1790767166507
93d5c5,31,1790851766507
c31a59,60,1790851766507
616f51,35,1790766266507
446c01,19,1790767166507
014a6d,17,1790767166507
b93204,25,1790766266507
639c37,43,1790851766507
2c0458,16,1790851766507
a36f75,34,1790851766507
68c72b,21,1790767166507
52d5fe,56,1790851766507
1433c1,52,1790851766507
9c0aaa,21,1790766266507
614406,16,1790851766507
e7ea97,28,1790851766507
ce8f51,16,1790766266507
ae153e,31,1790767166507
82a2a9,32,1790767166507
eae722,48,1790766266507
5cc7ec,33,1790766266507
702e3d,20,1790767166507
6a77f4,56,1790851766507
baacef,42,1790766266507
7091c1,31,1790766266507
ec04a3,21,1790851766507
8fc948,28,1790851766507
3fe9ad,56,1790766266507
81f859,25,1790767166507
cc5059,56,1790767166507
adc807,18,1790851766507
458703,49,1790766266507
9c4e4f,17,1790851766507
7cc715,29,1790851766507
45c014,49,1790766266507
1f91b8,60,1790767166507
dc95d7,23,1790767166507
eadcf8,52,1790851766507
2804eb,52,1790766266507
23e81a,21,1790766266507
2ebabc,46,1790767166507
52ca9b,58,1790851766507
9e78e1,28,1790766266507
4ae53d,23,1790767166507
e93cd5,27,1790851766507
62266b,51,1790851766507
01cee2,38,1790766266507
d9cdef,41,1790767166507
832fda,21,1790766266507
3b6e25,41,1790851766507
a7aacf,21,1790767166507
0a851e,19,1790766266507
58600c,42,1790851766507
cf2587,50,1790766266507
1f2cee,41,1790767166507
72f528,32,1790851766507
08b9b9,34,1790767166507
1fa4ef,20,1790851766507
4985ae,21,1790767166507
307e50,41,1790766266507
186dd5,44,1790767166507
07ea83,23,1790767166507
198766,23,1790767166507
d36ae3,17,1790767166507
ec325f,20,1790767166507
9bd681,25,1790766266507
19218f,31,1790766266507
692c9b,23,1790767166507
0c133f,34,1790767166507
d1d973,24,1790767166507
054714,52,1790851766507
ebf868,17,1790767166507
0e463d,51,1790851766507
e86e25,17,1790766266507
348e5b,44,1790851766507
f73deb,42,1790766266507
38b0f3,54,1790766266507
6545bc,26,1790767166507
277b51,24,1790766266507
5d5f3a,55,1790767166507
cc5c09,15,1790766266507
9d5212,32,1790767166507
07ad70,37,1790851766507
ce4504,18,1790851766507
aa2c4f,53,1790851766507
b6d1b4,50,1790767166507
789c14,37,1790851766507
895798,36,1790767166507
4e78ba,25,1790851766507
645a0b,23,1790851766507
98be11,56,1790766266507
214ff3,17,1790766266507
95bf9c,25,1790767166507
7da7d7,39,1790851766507
e2b489,49,1790851766507
cd6ee0,31,1790766266507
cee1ec,23,1790766266507
4772a0,18,1790766266507
b4cb55,60,1790767166507
76b346,46,1790767166507
086e57,49,1790766266507
3c280d,38,1790766266507
c97c47,22,1790767166507
10330f,19,1790851766507
14bf28,45,1790766266507
6f5509,19,1790766266507
3d2c8b,50,1790767166507
b7fcea,51,1790851766507
aa8144,58,1790851766507
946132,53,1790766266507
e850eb,52,1790766266507
4f920e,45,1790767166507
6fab7f,37,1790766266507
6fbe66,25,1790767166507
5a90af,31,1790767166507
6c48eb,30,1790766266507
47d374,21,1790851766507
fe53d1,28,1790851766507
01fe15,39,1790851766507
ab2ce1,35,1790767166507
dda922,22,1790767166507
238f46,39,1790766266507
53f2ab,27,1790766266507
0e0e50,46,1790766266507
765895,18,1790766266507
a3344a,56,1790851766507
8012b8,21,1790766266507
afd8dd,51,1790851766507
8a063d,59,1790767166507
350f7e,46,1790766266507
9cd470,20,1790766266507
d0a6b7,46,1790766266507
18698b,30,1790767166507
cb8b8a,35,1790767166507
e48377,53,1790766266507
ff6281,21,1790766266507
48cbae,60,1790767166507
8d6f71,31,1790767166507
a5a679,58,1790766266507
d5e2dd,31,1790766266507
297c59,54,1790767166507
a427ee,43,1790767166507
74a412,19,1790766266507
5f907b,38,1790766266507
805879,33,1790851766507
bea6c9,36,1790766266507
78bbb8,35,1790851766507
ca262d,34,1790851766507
ff70ca,33,1790851766507
6c314f,59,1790767166507
764453,56,1790851766507
ce34c9,34,1790767166507
f1cd9e,57,1790851766507
37b8bc,33,1790767166507
ab53c2,56,1790767166507
3d85c0,42,1790851766507
7fe230,29,1790851766507
b0bdf2,37,1790767166507
7dcb3e,31,1790767166507
448936,48,1790767166507
f5485e,18,1790767166507
ae3944,18,1790767166507
603273,16,1790851766507
f262f0,16,1790851766507
73cc9e,15,1790767166507
b5e50e,16,1790851766507
39fc29,42,1790767166507
824146,16,1790766266507
f2b402,56,1790766266507
10671d,26,1790851766507
db5c79,16,1790767166507
7593cb,41,1790766266507
828b68,57,1790766266507
972828,51,1790766266507
2ecb23,27,1790851766507
7f9684,53,1790851766507
46a043,18,1790767166507
953aca,40,1790851766507
09c1e0,42,1790851766507
04f319,60,1790767166507
03cb2e,45,1790851766507
3f6ab3,41,1790766266507
0011fa,20,1790851766507
335306,41,1790766266507
37b2bb,47,1790767166507
d012fc,56,1790851766507
86b821,19,1790767166507
b9de23,56,1790851766507
9a1964,18,1790851766507
94c4d6,17,1790767166507
00d160,57,1790767166507
d3d841,38,1790766266507
a42f8b,22,1790851766507
ced006,29,1790851766507
432bb7,46,1790767166507
068580,56,1790766266507
ffec3d,58,1790767166507
389964,42,1790767166507
a280c1,47,1790767166507
0086e5,39,1790766266507
3b6b15,34,1790767166507
550565,19,1790767166507
690af9,29,1790851766507
c2e5ef,58,1790767166507
1c7528,53,1790766266507
8f9c5a,25,1790767166507
668baf,18,1790767166507
ad0865,17,1790851766507
01f355,39,1790851766507
6d66f2,28,1790851766507
cc536c,27,1790767166507
28c05a,51,1790766266507
6f735c,48,1790766266507
eb4678,60,1790767166507
eda8c2,53,1790766266507
fda42d,15,1790851766507
3f19e2,38,1790767166507
96ef61,42,1790767166507
67280a,37,1790851766507
9a1191,17,1790767166507
3ea268,25,1790766266507
1d0644,55,1790766266507
a2c642,17,1790766266507
0eb3da,16,1790851766507
216d2f,41,1790851766507
8547ed,24,1790851766507
7c01c7,44,1790767166507
103c4a,54,1790767166507
f9e0fc,37,1790766266507
c1c652,28,1790767166507
0b00be,52,1790851766507
5cb555,15,1790766266507
129e8d,54,1790766266507
a82339,34,1790766266507
72c6f9,28,1790766266507
8e77bb,58,1790766266507
6d1549,51,1790766266507
fb3c11,60,1790851766507
b0ab90,17,1790766266507
772d21,56,1790767166507
bd640c,17,1790767166507
45be4d,37,1790767166507
8993f8,30,1790766266507
6128d9,56,1790767166507
7165ca,28,1790766266507
9f0690,33,1790767166507
327105,35,1790767166507
b3e421,49,1790767166507
13a066,38,1790766266507
9dd1bc,52,1790766266507
b9954b,15,1790766266507
81f06c,20,1790851766507
699fb7,39,1790767166507
af28e2,34,1790766266507
aafc02,40,1790851766507
914c9e,32,1790766266507
21b2b5,48,1790767166507
861837,31,1790851766507
606e4f,37,1790767166507
5b0159,16,1790851766507
4d9ca3,41,1790767166507
df1908,22,1790767166507
0b6c3a,41,1790851766507
663607,32,1790767166507
6bd053,55,1790851766507
da92a8,16,1790767166507
bbffd0,32,1790851766507
c16556,21,1790766266507
136733,54,1790766266507
3ae429,24,1790851766507
02ff0f,52,1790851766507
feac2f,48,1790766266507
67d218,52,1790766266507
9160b5,50,1790767166507
1302bc,53,1790766266507
ca0da1,54,1790766266507
488b64,32,1790851766507
6d0a74,21,1790766266507
d81b69,27,1790851766507
62d70c,48,1790767166507
6f38be,60,1790766266507
c6c273,17,1790851766507
f6436e,34,1790851766507
de74f3,55,1790766266507
fd1606,24,1790767166507
54e940,52,1790767166507
e44be3,33,1790851766507
830a2e,57,1790851766507
2d20e9,24,1790767166507
f7cff0,46,1790851766507
f5f377,38,1790851766507
59bb9b,50,1790851766507
5b2f3d,32,1790767166507
a22fee,43,1790767166507
90b53a,34,1790767166507
fb15e1,57,1790851766507
31518e,57,1790767166507
7aef69,53,1790767166507
3416c4,28,1790766266507
a985b6,49,1790767166507
f6dbf2,27,1790767166507
7adcb7,47,1790766266507
1ccab9,50,1790767166507
e85753,55,1790767166507
68944b,15,1790851766507
367e48,21,1790767166507
81bb66,59,1790767166507
def71b,25,1790851766507
8318ca,31,1790766266507
5450c4,30,1790766266507
0a9cdc,32,1790766266507
69dfe6,27,1790767166507
0bee03,48,1790767166507
c4887f,18,1790851766507
328496,37,1790851766507
799d6b,41,1790767166507
f766d3,18,1790851766507
f49f39,34,1790851766507
aee95a,19,1790851766507
de8d9f,51,1790767166507
f63925,51,1790767166507
c53adb,21,1790851766507
4cba65,53,1790851766507
3e3477,54,1790851766507
a64403,19,1790767166507
fce07d,58,1790767166507
146ee0,35,1790767166507
372c4b,19,1790766266507
2fd9ea,34,1790851766507
10cb26,45,1790766266507
49cd83,57,1790851766507
225b64,36,1790767166507
10ff33,57,1790851766507
905926,54,1790851766507
e53f60,54,1790851766507
a1dd06,25,1790766266507
77e108,60,1790766266507
6ca3e3,17,1790851766507
cb5586,53,1790851766507
fe0250,57,1790766266507
df375b,27,1790766266507
59f0e6,23,1790767166507
87435e,28,1790767166507
e9f045,42,1790766266507
90e4a1,57,1790767166507
00d642,58,1790851766507
952947,17,1790851766507
7b0159,27,1790767166507
1272de,31,1790851766507
345b7c,42,1790766266507
2ba2ff,57,1790767166507
b39a70,43,1790767166507
e6f497,19,1790766266507
1d3294,21,1790767166507
d8e17b,34,1790767166507
f292ad,53,1790851766507
b8f879,23,1790851766507
4248e3,60,1790851766507
4b0f40,55,1790851766507
cc1dda,40,1790767166507
728ba2,35,1790851766507
8f74fa,19,1790851766507
870f46,30,1790766266507
ea28d8,49,1790767166507
642a0c,52,1790767166507
2dabbb,37,1790767166507
036893,58,1790851766507
f364f8,41,1790766266507
dc27c8,47,1790766266507
c0663f,44,1790767166507
182450,55,1790766266507
7144b9,39,1790766266507
f6f7a5,29,1790851766507
d64b43,38,1790767166507
8cdc73,19,1790766266507
d7e8c5,34,1790767166507
85ab54,33,1790851766507
1ad3ea,26,1790851766507
d4d474,43,1790766266507
cee8b2,55,1790851766507
dcf027,32,1790766266507
e9b1e0,32,1790767166507
42d3c7,33,1790851766507
861d6a,57,1790766266507
71e1f5,51,1790851766507
90ac58,50,1790766266507
4ba64c,18,1790851766507
0d08f1,24,1790767166507
ac36a6,50,1790767166507
573fba,54,1790767166507
415434,26,1790766266507
85170f,31,1790766266507
508795,29,1790851766507
37c387,18,1790767166507
db0aa0,20,1790766266507
64d935,15,1790851766507
a1f74e,36,1790766266507
d25d06,43,1790851766507
47ac91,40,1790766266507
b79825,59,1790767166507
979a67,49,1790767166507
5ec8cf,32,1790851766507
6538ec,60,1790766266507
c38af8,27,1790767166507
4ab4c9,24,1790851766507
894c7b,55,1790766266507
68759f,17,1790851766507
1e877d,17,1790767166507
6ea1a1,30,1790767166507
2f7fe3,25,1790767166507
ebd6a7,17,1790851766507
97993c,32,1790767166507
e3bf42,15,1790767166507
cf955b,20,1790851766507
ff0930,37,1790851766507
5cc6ce,55,1790766266507
9e2842,43,1790766266507
8d860d,22,1790851766507
fe95b7,60,1790766266507
2d8f45,49,1790767166507
feb8fc,57,1790766266507
e0afa3,45,1790766266507
25715f,39,1790767166507
063fe3,16,1790851766507
ea00ec,31,1790767166507
677182,35,1790767166507
18b608,46,1790851766507
776d22,22,1790767166507
d2e8e7,22,1790767166507
05ac99,29,1790851766507
164f22,26,1790767166507
dde2ae,53,1790767166507
9d659e,30,1790766266507
c131fb,27,1790851766507
a35acb,15,1790851766507
6f33e7,50,1790851766507
78a202,22,1790766266507
102f5f,50,1790767166507
585e46,47,1790767166507
a62909,26,1790851766507
b4ff9d,31,1790766266507
48253d,22,1790851766507
4fb358,26,1790766266507
07b073,16,1790766266507
789224,48,1790767166507
e20a40,24,1790767166507
dd7aa8,26,1790851766507
df0695,36,1790766266507
dd8ad9,60,1790767166507
7e3561,39,1790851766507
968a45,26,1790851766507
7f7c55,40,1790766266507
4f69c5,25,1790766266507
3abf71,53,1790766266507
e60d3f,34,1790766266507
247681,34,1790767166507
56913c,45,1790767166507
de11d2,33,1790766266507
ab98ed,32,1790767166507
0c3cb2,48,1790767166507
8c852b,24,1790851766507
d16a6f,21,1790851766507
f0e3d9,45,1790851766507
6476bf,55,1790766266507
adec1f,44,1790851766507
874ab3,55,1790767166507
775d09,31,1790767166507
c07280,23,1790766266507
49a724,50,1790767166507
c03010,27,1790766266507
624a4b,27,1790851766507
9acf38,59,1790767166507
af50fd,54,1790766266507
580da9,54,1790851766507
b7138c,50,1790851766507
b2c9a1,46,1790766266507
5af170,46,1790766266507
d81c66,49,1790767166507
bc3285,54,1790767166507
e9c0d3,39,1790766266507
f2b487,43,1790767166507
7849a9,38,1790766266507
924f21,18,1790767166507
7158c3,46,1790851766507
93fc13,34,1790851766507
463c1f,29,1790766266507
fa1111,41,1790851766507
7dd052,54,1790766266507
54ad1b,55,1790766266507
dd5194,40,1790851766507
eeb8bb,47,1790766266507
b1bd47,50,1790766266507
eb4e31,15,1790851766507
dd02f4,40,1790766266507
a90d75,54,1790766266507
2cb543,30,1790766266507
8037db,44,1790851766507
324f5e,54,1790766266507
25a465,28,1790851766507
43f261,28,1790766266507
305f57,52,1790767166507
4d55df,55,1790851766507
a6fc5a,46,1790766266507
f3a32d,44,1790766266507
2f05cd,52,1790851766507
029db2,22,1790767166507
7a06a4,27,1790767166507
eee8db,30,1790766266507
6c0748,42,1790766266507
caa1d4,33,1790766266507
78ac3e,60,1790767166507
99131d,56,1790766266507
0a2a8c,55,1790766266507
65fae8,31,1790851766507
5b17be,40,1790766266507
e0ef5b,39,1790766266507
93afa6,50,1790851766507
67bcca,17,1790767166507
d247ce,60,1790767166507
82f4b0,45,1790767166507
615dd3,48,1790767166507
ba6a00,59,1790766266507
c0de83,55,1790851766507
5f4296,56,1790767166507
8caeeb,34,1790851766507
0993e1,52,1790766266507
79d173,51,1790851766507
d300be,26,1790766266507
f34165,28,1790767166507
ce610a,17,1790766266507
be7277,18,1790851766507
911f14,15,1790767166507
abb54f,54,1790767166507
834937,23,1790851766507
f906eb,54,1790851766507
b952e4,31,1790767166507
9ebe2c,55,1790851766507
d1237e,56,1790767166507
dd2a1d,36,1790851766507
8e1d6f,50,1790766266507
c7623b,26,1790766266507
e960ca,26,1790767166507
975a63,19,1790766266507
ce94fb,30,1790767166507
9c8629,35,1790851766507
04050c,25,1790767166507
e878fc,39,1790851766507
1b3dd2,49,1790767166507
a9815a,55,1790851766507
e9dd31,51,1790766266507
d5d32c,49,1790851766507
3f0fc2,59,1790851766507
b3d188,46,1790766266507
f4371d,27,1790767166507
e8aa80,20,1790767166507
6a31b4,39,1790767166507
9cb048,58,1790851766507
50a044,33,1790851766507
18937e,24,1790767166507
8ab52f,17,1790767166507
94a4ce,37,1790766266507
bc6d91,57,1790851766507
e45aa3,25,1790851766507
152734,33,1790766266507
54feea,43,1790851766507
8a24b6,48,1790767166507
9d5449,39,1790766266507
c654c1,55,1790766266507
f8823d,24,1790766266507
be6468,32,1790766266507
498012,48,1790766266507
dd730e,33,1790767166507
473cdf,45,1790851766507
85cc65,30,1790766266507
8f326f,58,1790766266507
22dca2,18,1790851766507
13e407,55,1790766266507
3b7917,30,1790767166507
65167e,16,1790766266507
2f2fe9,52,1790766266507
b7402d,48,1790766266507
b23c25,48,1790767166507
64317f,53,1790851766507
2a3e8b,51,1790767166507
cba453,26,1790851766507
8cd5d2,59,1790851766507
436b27,30,1790766266507
56e2c6,45,1790766266507
1932b4,45,1790851766507
f871de,44,1790767166507
9fab42,47,1790851766507
b6970d,22,1790851766507
d1c544,28,1790767166507
6800f3,19,1790851766507
191342,51,1790851766507
e29564,58,1790766266507
6dc3da,48,1790766266507
f9d5c6,34,1790851766507
e45b42,27,1790766266507
1d5321,33,1790851766507
377f56,19,1790851766507
3b8917,53,1790851766507
e9cdd8,36,1790767166507
6059ca,43,1790851766507
b26662,45,1790766266507
000daf,45,1790766266507
cf4c97,21,1790766266507
3b17d4,59,1790767166507
56aea0,15,1790767166507
b5fbfc,35,1790766266507
4bbc07,17,1790767166507
9307b3,24,1790767166507
6993e0,55,1790767166507
d7a391,17,1790766266507
b323d9,35,1790851766507
0d11f7,21,1790851766507
fbaae9,46,1790851766507
88b1d1,38,1790766266507
bf9c6b,32,1790851766507
f2b98d,37,1790766266507
4c2d4b,54,1790766266507
4712ca,34,1790767166507
a1b1eb,15,1790767166507
374b5a,28,1790767166507
49f0d0,55,1790767166507
e366da,16,1790766266507
7e0ef3,46,1790766266507
2b3024,23,1790851766507
31a004,38,1790767166507
2d3393,15,1790767166507
6d9a29,42,1790766266507
58fffb,29,1790767166507
6ee30e,39,1790766266507
4037e7,51,1790767166507
9fea31,17,1790766266507
da978a,34,1790851766507
34ab5c,28,1790767166507
5bc71b,22,1790766266507
e3594e,31,1790766266507
0550eb,22,1790767166507
7ed21d,36,1790851766507
1e0e83,28,1790767166507
2c7a56,46,1790767166507
cdcf04,53,1790767166507
585d54,54,1790851766507
5cc68a,37,1790851766507
d1cc8e,26,1790851766507
a05501,43,1790851766507
21eace,29,1790766266507
160690,41,1790851766507
967e3f,23,1790767166507
0a7444,38,1790766266507
bbaa38,45,1790767166507
627074,17,1790766266507
997e76,44,1790767166507
da17a1,51,1790766266507
90d1e3,45,1790766266507
7d7998,51,1790851766507
b80f70,60,1790851766507
662c00,51,1790851766507
70a25a,47,1790851766507
98dddc,23,1790767166507
307471,27,1790767166507
441ee1,52,1790766266507
1dc472,18,1790766266507
66e85c,36,1790851766507
6980ef,26,1790766266507
1e058d,39,1790851766507
196027,19,1790766266507
783b97,58,1790767166507
12bae1,21,1790851766507
2a93c9,26,1790767166507
e75341,55,1790766266507
0597b9,41,1790851766507
40a8c1,21,1790766266507
64d2cf,59,1790766266507
e83ac7,17,1790766266507
61cea6,39,1790766266507
74fc88,23,1790766266507
d1d968,37,1790767166507
bb9c97,56,1790767166507
35556e,20,1790767166507
186f05,43,1790851766507
9fb495,15,1790766266507
e9473a,39,1790767166507
e6e003,55,1790851766507
abe4b9,57,1790766266507
d62c80,24,1790851766507
4ebb13,37,1790767166507
f31e8b,43,1790766266507
3a562f,28,1790851766507
bd3766,19,1790767166507
0d1e8f,34,1790766266507
fa382a,59,1790851766507
d0fd30,43,1790767166507
e2e130,26,1790766266507
e0a302,28,1790766266507
be1622,25,1790767166507
52e5e8,21,1790767166507
0b30f8,31,1790766266507
b76077,55,1790766266507
a2e670,56,1790767166507
50a8ec,42,1790766266507
ae090c,42,1790766266507
ab3dc9,52,1790766266507
0cc31f,15,1790851766507
e5e978,40,1790851766507
e0b845,55,1790766266507
5a885c,60,1790851766507
de0542,16,1790767166507
1196bf,54,1790767166507
aabacc,52,1790766266507
f6f2f7,56,1790851766507
8f7c10,35,1790851766507
f02383,33,1790851766507
12a192,34,1790766266507
fd327d,53,1790851766507
10b391,53,1790767166507
6cab68,43,1790766266507
7985c2,17,1790851766507
a63c10,59,1790767166507
33dc34,22,1790766266507
f22d24,52,1790766266507
a777d5,52,1790767166507
f94344,53,1790851766507
f48ede,28,1790767166507
f62e3d,40,1790851766507
e8f60c,31,1790766266507
bee34b,25,1790766266507
13fcc3,17,1790767166507
58b017,59,1790767166507
260c31,36,1790766266507
0c4721,16,1790851766507
7c03d7,39,1790851766507
1d1318,19,1790767166507
fc1b74,48,1790851766507
dce2eb,56,1790766266507
bc5ced,33,1790851766507
dfa9be,25,1790767166507
c4dd82,54,1790851766507
97a430,39,1790766266507
c9fe73,36,1790767166507
470af0,31,1790767166507
5c880e,15,1790767166507
a4c6c3,58,1790766266507
ec01af,30,1790766266507
9719e2,33,1790851766507
de87f7,20,1790766266507
90be97,59,1790767166507
a5a435,19,1790766266507
c2429d,51,1790767166507
dbb860,51,1790766266507
d80900,56,1790767166507
9b1e8d,18,1790851766507
2fa259,39,1790851766507
ee1743,58,1790766266507
a313ab,47,1790851766507
b83b37,31,1790851766507
f8c47e,47,1790767166507
9215d1,31,1790766266507
bd1d6b,58,1790851766507
a73ea4,16,1790766266507
c559e0,19,1790767166507
562985,19,1790766266507
202e5a,39,1790767166507
9e349e,31,1790766266507
70aeb5,47,1790767166507
1bfa62,19,1790767166507
f9b8f6,26,1790767166507
d74a6a,26,1790767166507
a90b07,47,1790766266507
dee2a1,40,1790767166507
15487b,33,1790851766507
758571,15,1790851766507
1ab066,37,1790766266507
ff37ae,55,1790767166507
ef39da,50,1790767166507
3eebe6,33,1790851766507
d2d3f2,40,1790851766507
fbdf02,38,1790767166507
3973b7,26,1790767166507
2b2b4b,15,1790851766507
96a8c7,17,1790851766507
3a6ec9,31,1790766266507
62733c,33,1790767166507
36c900,23,1790851766507
d83061,42,1790851766507
edee7f,39,1790767166507
bf847d,19,1790851766507
1fd813,36,1790851766507
b51cf7,35,1790767166507
6075ce,53,1790767166507
27e473,59,1790851766507
deb5a4,36,1790766266507
7f2e34,37,1790766266507
23ffac,15,1790766266507
149778,58,1790766266507
50d13c,34,1790766266507
2b59c6,37,1790851766507
f9618d,25,1790851766507
b3286b,41,1790851766507
a83cba,54,1790851766507
ffc4a7,30,1790767166507
4eb548,59,1790851766507
39ae57,52,1790766266507
b5680a,20,1790766266507
c1adff,56,1790766266507
5768b5,37,1790851766507
f65e6d,59,1790766266507
ff22d4,24,1790767166507
e2f5f6,27,1790851766507
018ea9,47,1790766266507
99c4fd,20,1790766266507
23589e,25,1790851766507
e23cb0,33,1790767166507
451d2a,25,1790851766507
afe1aa,20,1790851766507
9ca2dc,36,1790766266507
be0d00,60,1790851766507
e81670,41,1790766266507
2c36c6,19,1790767166507
90f5e0,27,1790766266507
edec6b,34,1790766266507
2781c1,26,1790767166507
e81d8b,39,1790767166507
09128c,25,1790766266507
a0345f,53,1790767166507
6267f2,39,1790851766507
45fda3,21,1790767166507
5faa96,57,1790767166507
8f2bfa,56,1790766266507
30f731,57,1790766266507
bd8047,22,1790767166507
41a6b8,54,1790851766507
182a3c,56,1790767166507
be082c,50,1790767166507
4c2701,19,1790851766507
31cfb5,18,1790767166507
985f43,31,1790766266507
a4d771,43,1790851766507
ff9d51,47,1790766266507
730e68,40,1790767166507
4a8a7d,57,1790767166507
cd3edc,30,1790766266507
5f8ea5,41,1790766266507
b964a4,35,1790851766507
5fb242,45,1790766266507
4e1d68,48,1790766266507
43efe1,21,1790767166507
f4a55b,39,1790851766507
3ce442,53,1790767166507
da8708,50,1790851766507
1c777c,37,1790851766507
44710d,49,1790767166507
d43707,49,1790766266507
49870d,34,1790766266507
40f145,40,1790766266507
364711,21,1790851766507
755b28,47,1790767166507
c94ac5,15,1790766266507
579302,31,1790766266507
e4770a,55,1790766266507
fe94ae,34,1790766266507
54bfa3,48,1790766266507
c375f0,39,1790767166507
fd909b,58,1790766266507
c2b0be,22,1790851766507
b71d66,46,1790766266507
3a1381,16,1790851766507
4a45b0,30,1790766266507
4da0f8,46,1790851766507
27bcb0,22,1790766266507
3d8774,20,1790767166507
aef5eb,17,1790767166507
392324,53,1790851766507
26c1ab,20,1790767166507
fc7e9a,15,1790767166507
944fa2,15,1790766266507
7b05c6,52,1790766266507
8f9154,51,1790766266507
ac7b71,46,1790851766507
7c6b9e,24,1790851766507
6b96d5,27,1790767166507
747021,29,1790766266507
ea044d,41,1790851766507
fd402d,55,1790767166507
01f0a1,32,1790851766507
3cdc25,46,1790851766507
c5ffde,39,1790851766507
ebad41,26,1790766266507
b69f43,15,1790851766507
2144e7,28,1790767166507
b3750f,41,1790851766507
ecfa99,38,1790767166507
a4f4d1,25,1790851766507
6dc651,34,1790766266507
b371c2,30,1790766266507
9e6ff5,27,1790766266507
913c11,56,1790767166507
6998b0,44,1790767166507
574c7c,35,1790766266507
a656cf,42,1790851766507
1da833,46,1790766266507
e95629,60,1790766266507
cbb713,33,1790767166507
28c822,18,1790851766507
b77e99,34,1790851766507
ff4df9,35,1790851766507
d78e44,51,1790767166507
2fc00d,40,1790766266507
244d21,58,1790767166507
7ab742,18,1790851766507
07c615,27,1790851766507
ccdb3d,43,1790767166507
3d439c,43,1790851766507
81b30b,60,1790767166507
033287,16,1790766266507
506120,39,1790767166507
9fd2fe,46,1790851766507
5547f0,29,1790766266507
6e8955,25,1790767166507
136bc8,21,1790766266507
23416b,16,1790767166507
5574d4,26,1790767166507
322e90,49,1790766266507
62bc91,21,1790767166507
275b02,16,1790766266507
6aa5e4,19,1790851766507
f942bd,41,1790767166507
7ea5e4,32,1790851766507
4e407e,25,1790767166507
8ab899,59,1790851766507
7a5040,51,1790851766507
a6f20f,51,1790851766507
a2add4,47,1790766266507
deb2eb,20,1790851766507
fe71bb,45,1790767166507
9de0c2,58,1790851766507
44b5ea,58,1790766266507
f67acb,49,1790851766507
36c504,18,1790767166507
0cca91,43,1790851766507
02ec3a,26,1790766266507
46c97d,42,1790767166507
25debe,51,1790766266507
c9982b,29,1790767166507
7ba57c,35,1790767166507
bc8e02,31,1790851766507
2cfa66,51,1790767166507
04e63d,17,1790767166507
ccc829,16,1790767166507
859cde,57,1790766266507
1111c1,37,1790767166507
967a60,48,1790766266507
c0af60,49,1790766266507
4bd97b,15,1790767166507
7674d9,20,1790766266507
7ef6f1,59,1790767166507
c92753,44,1790766266507
79fd5c,16,1790766266507
02ebe4,37,1790767166507
5a40ca,16,1790767166507
8788f2,16,1790851766507
017a6d,20,1790767166507
cd5dec,21,1790851766507
bb3788,51,1790767166507
7cc2e2,39,1790851766507
9be469,22,1790851766507
4b581f,53,1790766266507
635d81,24,1790851766507
49d99d,55,1790766266507
1f7d2a,51,1790766266507
ebbc2e,17,1790851766507
a2e7de,25,1790851766507
931326,55,1790851766507
978054,34,1790767166507
c21447,32,1790766266507
f21803,52,1790766266507
83d7e4,41,1790767166507
181685,48,1790851766507
240569,39,1790851766507
f30152,31,1790851766507
7f50c6,50,1790766266507
0b9f61,56,1790767166507
e9c80d,26,1790851766507
e41b70,44,1790767166507
e00075,16,1790767166507
384676,44,1790851766507
acadbb,22,1790766266507
958e71,57,1790766266507
14d1d5,30,1790766266507
c7f413,60,1790851766507
6d67a8,54,1790767166507
c6eec2,27,1790766266507
bcfa98,46,1790767166507
e1622e,29,1790767166507
7ce027,38,1790766266507
4074f5,36,1790851766507
5d179f,27,1790851766507
2ec8f1,60,1790851766507
dbf56d,58,1790766266507
098547,39,1790767166507
260ce9,50,1790851766507
385d64,60,1790767166507
4cd8c5,57,1790766266507
5a9f1c,23,1790766266507
04bfa9,47,1790766266507
78b6c8,60,1790766266507
63d2ef,43,1790851766507
a1cf6e,50,1790851766507
d76049,20,1790851766507
e72cc4,51,1790766266507
fcc517,37,1790767166507
ae6746,15,1790766266507
a06af2,57,1790851766507
33bf3b,41,1790851766507
32f1f6,54,1790851766507
fc2f57,45,1790766266507
c6cedf,51,1790767166507
2ce89d,43,1790766266507
266473,28,1790851766507
53db1c,30,1790767166507
479488,55,1790767166507
a0cf82,42,1790767166507
566303,31,1790851766507
822421,31,1790851766507
8a391c,24,1790767166507
550dca,33,1790851766507
9f8c49,41,1790767166507
cb9963,54,1790851766507
168b8e,30,1790851766507
6bce58,42,1790851766507
febbaa,33,1790766266507
625265,29,1790767166507
3eb297,16,1790851766507
1a252b,34,1790851766507
8047ee,48,1790766266507
d8b6eb,27,1790766266507
9bfe04,43,1790767166507
61dadb,40,1790767166507
7cfa0d,46,1790851766507
4057cf,27,1790767166507
e4bd26,45,1790767166507
7cce34,19,1790766266507
4d7132,33,1790851766507
9bf6b3,54,1790851766507
b7aefd,46,1790851766507
4e638b,29,1790766266507
a931f6,22,1790767166507
3c35ed,51,1790851766507
a9be9e,37,1790851766507
48088b,45,1790851766507
5f125c,36,1790851766507
2608d9,34,1790767166507
daa8eb,43,1790766266507
15319e,23,1790851766507
eb0baa,56,1790767166507
82759f,38,1790767166507
d3c934,23,1790767166507
5c5094,26,1790766266507
8f0120,19,1790851766507
c8de9a,22,1790851766507
11f861,30,1790851766507
53f394,54,1790766266507
d4f64a,41,1790851766507
6e1c8d,17,1790767166507
ad9ee3,24,1790766266507
c40547,20,1790851766507
c066ff,19,1790851766507
d8b158,18,1790766266507
2c85c2,33,1790766266507
6d7753,34,1790766266507
ce5807,32,1790766266507
f992fa,20,1790851766507
057b92,36,1790851766507
795954,15,1790851766507
3cdebf,22,1790851766507
8d39a9,47,1790766266507
79cbce,18,1790767166507
a41a08,20,1790767166507
278946,45,1790851766507
890c38,38,1790766266507
baf0f7,46,1790766266507
d9e0f9,31,1790767166507
b0b7f6,54,1790767166507
7f7061,22,1790767166507
d020fe,22,1790767166507
656fc2,32,1790851766507
68538f,35,1790766266507
5b5ecb,16,1790766266507
5ddb3e,57,1790766266507
d12b2d,24,1790851766507
9482bb,44,1790851766507
01f8eb,23,1790767166507
0cf3a3,51,1790851766507
530a59,19,1790767166507
545c3e,21,1790851766507
b94066,32,1790766266507
e90302,18,1790766266507
c584bd,40,1790766266507
2a73c4,41,1790767166507
a53f00,30,1790767166507
1c190f,36,1790767166507
998775,22,1790851766507
cf17cb,34,1790767166507
453752,59,1790766266507
cee6e6,40,1790767166507
f9c229,47,1790767166507
b4ec65,30,1790766266507
de2c95,17,1790767166507
ff1d7c,27,1790766266507
1899de,57,1790851766507
5f22c8,42,1790851766507
1fa923,57,1790766266507
a829d1,36,1790767166507
92981f,33,1790767166507
abc208,17,1790767166507
f2b4d8,20,1790767166507
7614de,46,1790851766507
809c19,35,1790851766507
e2680c,23,1790851766507
a35264,48,1790767166507
385687,21,1790766266507
bb9b61,39,1790766266507
c94c6c,48,1790851766507
2b4974,26,1790851766507
636f1d,25,1790851766507
9391bf,35,1790767166507
6941ae,16,1790766266507
4d5f70,15,1790767166507
a3afdf,46,1790851766507
bd2aa6,16,1790851766507
9bb9b2,52,1790851766507
599e9b,31,1790766266507
403d98,33,1790767166507
71d7af,24,1790766266507
158b34,42,1790851766507
bda20a,60,1790766266507
0d3e0e,35,1790851766507
59c1df,45,1790767166507
25a52d,60,1790767166507
ce570f,51,1790851766507
0f6afb,43,1790766266507
5fc0c2,39,1790851766507
d394bf,53,1790851766507
8f8ff4,34,1790766266507
2a66eb,55,1790767166507
ab480d,26,1790851766507
37fd83,43,1790766266507
cebc9c,40,1790766266507
d3ec3c,23,1790766266507
09f7d5,24,1790766266507
27a689,49,1790851766507
5dd97f,50,1790851766507
79403a,46,1790767166507
c40bfc,16,1790767166507
912d16,28,1790851766507
23a222,58,1790767166507
e493f0,60,1790851766507
f1b9d9,52,1790766266507
7d06e2,38,1790767166507
1c51e4,19,1790851766507
8e30db,57,1790767166507
475bd9,41,1790766266507
9bfcb0,29,1790851766507
c37211,22,1790766266507
42f5f2,50,1790767166507
f0fcc7,42,1790766266507
5a2a98,17,1790767166507
de1446,19,1790767166507
56f8ec,44,1790766266507
42aca7,42,1790766266507
5b415e,18,1790766266507
e0d175,21,1790766266507
5d9911,37,1790766266507
73169c,17,1790766266507
b1fc9e,28,1790851766507
eac32f,43,1790767166507
bfe576,19,1790767166507
f5936b,44,1790767166507
d4b70b,38,1790766266507
e3986e,51,1790766266507
743d9d,40,1790766266507
fe28c0,57,1790767166507
13b09e,27,1790766266507
850356,34,1790767166507
c2654a,53,1790766266507
3d8207,28,1790851766507
95ac98,27,1790767166507
d82db4,22,1790766266507
89dda4,30,1790766266507
648069,19,1790766266507
76a342,43,1790766266507
0aba55,16,1790851766507
10df93,56,1790767166507
e89065,55,1790851766507
3e2e09,48,1790851766507
1653d9,16,1790851766507
ad7983,25,1790767166507
20f16a,58,1790766266507
a2faf0,20,1790851766507
f002dd,15,1790851766507
bd7eee,53,1790767166507
f7042e,44,1790766266507
09654c,16,1790767166507
223efd,35,1790851766507
92603e,19,1790851766507
658967,26,1790851766507
a008b8,58,1790851766507
adb6d3,43,1790766266507
b85662,56,1790851766507
35cbd7,54,1790766266507
5d68c6,24,1790767166507
e76c39,21,1790766266507
ae317f,49,1790767166507
59b09d,40,1790766266507
bfd697,34,1790767166507
a63f94,32,1790851766507
6dada5,19,1790851766507
8cfb8c,44,1790851766507
1071e7,16,1790851766507
7da785,43,1790766266507
64c01a,25,1790767166507
9efc0f,16,1790851766507
7015e0,38,1790766266507
2bd25f,48,1790767166507
b71281,16,1790851766507
2d2bda,59,1790767166507
f9a87c,30,1790767166507
501e7a,37,1790766266507
13fca2,58,1790851766507
e841a1,27,1790767166507
f6f231,57,1790851766507
0700e8,25,1790851766507
2b4777,34,1790767166507
f6a52c,58,1790766266507
70eba9,57,1790767166507
dee069,24,1790851766507
a56f7b,46,1790767166507
ff7945,48,1790766266507
f094a4,41,1790851766507
4f07f1,18,1790767166507
5cefcd,48,1790767166507
9e0f4f,22,1790766266507
e56bd8,28,1790767166507
adf7b7,32,1790766266507
4f0001,32,1790767166507
393606,22,1790767166507
5b5c16,30,1790766266507
76bb75,52,1790851766507
076522,55,1790851766507
5f6e64,29,1790766266507
5e9ee7,18,1790766266507
5f540f,60,1790766266507
252dd7,55,1790851766507
dfa9ca,43,1790767166507
b0b492,15,1790767166507
876cf4,37,1790851766507
c2052c,58,1790766266507
0be8dc,57,1790767166507
688ef9,32,1790766266507
afae8b,50,1790766266507
014d90,46,1790851766507
d38178,32,1790851766507
a295c3,53,1790851766507
5e83c8,20,1790851766507
55551c,42,1790767166507
0c2922,46,1790851766507
173cb6,19,1790767166507
708d4a,22,1790767166507
c9f4a5,45,1790766266507
fb526f,22,1790767166507
d6b5ee,35,1790766266507
bcba3b,23,1790851766507
c338e2,41,1790767166507
8755f8,33,1790851766507
20e98f,42,1790766266507
c3ed3f,44,1790851766507
044dc8,35,1790766266507
b31c7a,30,1790767166507
c0eced,33,1790766266507
4ad9d0,48,1790767166507
98103e,38,1790766266507
27c98e,59,1790851766507
5b4e22,21,1790767166507
2f6dbb,17,1790851766507
a53ca3,19,1790767166507
a3589f,16,1790851766507
cd3a90,50,1790851766507
f1e8f0,16,1790766266507
b6de0f,24,1790767166507
1988f1,41,1790767166507
bc4047,45,1790767166507
f29711,57,1790851766507
d4a712,45,1790851766507
f3fa8b,53,1790851766507
ec1121,53,1790851766507
4d96e4,48,1790767166507
331640,58,1790851766507
5109d2,45,1790766266507
b59734,37,1790767166507
db5f38,49,1790851766507
d19f2f,55,1790767166507
c61239,36,1790766266507
489681,35,1790851766507
63b156,46,1790766266507
60d3bb,53,1790767166507
db7169,45,1790767166507
253b58,39,1790767166507
4e4bc5,48,1790766266507
24c08a,32,1790766266507
5f5493,56,1790767166507
65e913,49,1790766266507
5cc93d,47,1790766266507
bd3872,52,1790767166507
731c69,28,1790767166507
45abe5,25,1790851766507
4c7de3,60,1790766266507
8e0feb,45,1790767166507
1ab04d,48,1790767166507
0887c1,56,1790851766507
0fee2c,50,1790766266507
13a0ca,47,1790851766507
20fcb8,20,1790851766507
081c6d,17,1790767166507
a2551e,20,1790766266507
393b11,25,1790767166507
f46c97,39,1790851766507
e062dd,50,1790851766507
7e055a,43,1790851766507
5f9e95,40,1790767166507
8bef9b,24,1790767166507
0cdb7b,20,1790767166507
d703f0,55,1790767166507
266a5a,47,1790851766507
bae2c9,18,1790766266507
95aa66,26,1790851766507
821826,38,1790767166507
992fed,52,1790851766507
1c94a6,60,1790851766507
43a976,21,1790767166507
46ecbf,40,1790767166507
53a734,34,1790851766507
9a2218,34,1790851766507
866efc,47,1790767166507
ec19df,34,1790766266507
dbbf52,18,1790766266507
165876,60,1790766266507
2233f1,22,1790766266507
04fec6,52,1790851766507
acc396,51,1790766266507
2a8d9e,52,1790767166507
2fe90e,57,1790851766507
5da854,25,1790851766507
1d42fd,36,1790766266507
26a818,31,1790767166507
07cda0,25,1790767166507
bc0939,38,1790851766507
91fcfb,36,1790766266507
2ec395,60,1790851766507
15b7d4,52,1790766266507
254489,22,1790767166507
945927,39,1790851766507
6bfc69,21,1790766266507
97efd6,45,1790766266507
b628d2,39,1790766266507
9267a2,26,1790767166507
9fdf63,54,1790851766507
927276,20,1790767166507
721bd4,30,1790767166507
8fed4a,60,1790851766507
cc4945,21,1790851766507
43355e,36,1790767166507
e4618f,39,1790767166507
0d7d6d,15,1790851766507
5da053,48,1790767166507
fd9112,27,1790851766507
9769ca,45,1790851766507
db1570,57,1790851766507
31d6a8,19,1790766266507
417d9b,52,1790766266507
2274b3,15,1790767166507
c9ac6d,24,1790851766507
7d5e74,25,1790851766507
058726,43,1790766266507
965d6f,54,1790766266507
d28141,53,1790767166507
4aaa35,15,1790851766507
1b333c,47,1790851766507
2026ed,40,1790851766507
db37a1,40,1790767166507
37d423,55,1790766266507
b6f3c8,30,1790767166507
12939f,16,1790851766507
3fd6ec,43,1790767166507
165194,39,1790766266507
5d6a17,49,1790767166507
57fb2e,46,1790767166507
cbac14,48,1790767166507
a8799f,28,1790851766507
785ad9,19,1790851766507
89b15e,45,1790767166507
516d66,50,1790767166507
c28518,51,1790851766507
7f232a,44,1790767166507
d1e4a6,59,1790851766507
1d08b0,58,1790767166507
ba16df,60,1790851766507
049100,43,1790851766507
8f1766,27,1790766266507
faf61c,51,1790851766507
929546,15,1790766266507
189a0d,30,1790767166507
c99f5c,45,1790766266507
27579b,22,1790766266507
3149db,47,1790851766507
a9d45b,17,1790851766507
fdb543,22,1790767166507
e71bcb,16,1790766266507
7b6763,57,1790851766507
b567f1,28,1790851766507
0f03a6,45,1790851766507
7e66f4,57,1790851766507
55b35f,53,1790766266507
38f42c,21,1790851766507
1c018f,35,1790767166507
9fcdea,56,1790851766507
abb1d5,46,1790851766507
4a92c5,17,1790767166507
a0628f,42,1790851766507
7bf190,33,1790767166507
962ed5,55,1790851766507
6b1403,26,1790851766507
cc3cb3,19,1790766266507
61ae32,35,1790766266507
8dde8f,18,1790851766507
ea96bb,21,1790766266507
6961a2,19,1790767166507
4f35d9,60,1790766266507
7f7da2,57,1790767166507
e192ef,54,1790766266507
6558e4,40,1790766266507
5ae793,38,1790766266507
9131f0,59,1790851766507
a6b22f,54,1790766266507
ae211b,20,1790851766507
65d652,35,1790766266507
c008f8,30,1790767166507
43f4c3,18,1790766266507
606c0d,55,1790767166507
51d4e8,35,1790767166507
3268b8,27,1790766266507
b6bf65,30,1790767166507
ad4f5c,18,1790767166507
15ca7c,30,1790766266507
c36be5,57,1790766266507
64858c,42,1790766266507
6e6775,20,1790851766507
412489,29,1790767166507
6bf61a,18,1790767166507
fe684b,47,1790766266507
f5e983,52,1790766266507
70c5cc,60,1790767166507
5ab772,59,1790767166507
f2b98c,42,1790851766507
2919de,34,1790766266507
294f52,16,1790851766507
513503,56,1790766266507
8cd7d0,43,1790767166507
6d28bf,18,1790767166507
da6267,52,1790851766507
c8dfdc,33,1790851766507
75b366,33,1790766266507
edc38d,15,1790767166507
970028,23,1790851766507
ab3962,43,1790766266507
9090b4,45,1790766266507
e43c55,48,1790766266507
6a644d,22,1790767166507
eb3f69,47,1790766266507
d5292f,45,1790766266507
1088e6,19,1790851766507
0488d1,18,1790851766507
f47480,45,1790766266507
e6e554,40,1790851766507
fb1cc5,27,1790851766507
4f14ce,51,1790767166507
fde6e1,54,1790767166507
35fd06,25,1790851766507
54cb1a,36,1790766266507
38ef21,42,1790851766507
e74a92,43,1790767166507
60ea8e,34,1790851766507
245fc1,60,1790766266507
892e8b,34,1790766266507
1e6c7e,58,1790766266507
47f05e,37,1790851766507
849190,43,1790766266507
13d522,53,1790767166507
f83f6d,26,1790851766507
291c11,52,1790851766507
ce8e48,30,1790766266507
a07ce1,22,1790851766507
85b072,37,1790851766507
c9e978,37,1790766266507
8c7fac,54,1790766266507
507bc1,38,1790851766507
7b860c,60,1790851766507
2531b4,33,1790766266507
98e206,21,1790767166507
56738c,48,1790766266507
ba0087,33,1790851766507
fe405e,42,1790766266507
6ea93b,41,1790851766507
b51391,38,1790767166507
b761da,58,1790766266507
7045a1,40,1790767166507
6c6c3b,30,1790767166507
1ad56e,39,1790767166507
9cd27a,55,1790767166507
4bc8aa,44,1790851766507
4db975,22,1790851766507
e519b4,58,1790766266507
98e369,36,1790766266507
08b966,55,1790767166507
25e702,41,1790767166507
5b3132,48,1790766266507
e70516,38,1790851766507
a4d1d8,55,1790767166507
ed8ff0,52,1790851766507
13bdef,46,1790767166507
cd4efd,51,1790767166507
c3c1ad,52,1790767166507
f36009,50,1790851766507
c97a43,48,1790766266507
537288,58,1790766266507
9ebb88,60,1790851766507
503c26,31,1790766266507
e0f58a,28,1790851766507
44bcff,19,1790766266507
92b69d,32,1790767166507
3d0188,22,1790766266507
41b9f8,27,1790767166507
48d3c6,18,1790851766507
c2ba05,16,1790851766507
73ba7e,55,1790851766507
c1a6d6,51,1790851766507
f1b0cc,48,1790851766507
bbd4ec,31,1790766266507
26a463,56,1790766266507
cf94bd,57,1790766266507
513323,42,1790767166507
c6a354,41,1790767166507
baee8e,28,1790851766507
38b50a,19,1790851766507
b08959,27,1790767166507
4bf2eb,44,1790851766507
8c4a42,52,1790767166507
14ae70,54,1790766266507
4dba43,45,1790766266507
74c957,30,1790767166507
9721d8,45,1790766266507
0b139a,54,1790767166507
e1a179,17,1790851766507
3256d0,29,1790851766507
04067e,55,1790851766507
4a2793,40,1790766266507
371dcd,19,1790766266507
75b9e4,25,1790851766507
394c52,32,1790766266507
265cfe,16,1790767166507
a89e56,19,1790851766507
9bced8,43,1790851766507
42adac,45,1790766266507
742964,59,1790766266507
f7d9f0,31,1790851766507
9a8790,22,1790767166507
29606d,24,1790767166507
f06fb7,20,1790851766507
221d78,33,1790766266507
47d6a3,33,1790766266507
b9ed3a,38,1790766266507
c42fcc,41,1790766266507
ea1a56,39,1790851766507
97ff6b,49,1790851766507
3b942d,28,1790767166507
6822a6,34,1790767166507
c5ba60,31,1790767166507
cabff6,50,1790766266507
227450,46,1790766266507
cca3b4,19,1790767166507
624c7b,39,1790767166507
c4d261,38,1790766266507
76c9e1,36,1790767166507
3d426b,32,1790766266507
d426b0,30,1790766266507
2268b2,38,1790767166507
725fde,57,1790851766507
1387fc,44,1790851766507
814a5d,34,1790767166507
5bd235,45,1790767166507
1ca6ee,40,1790767166507
b470bc,57,1790851766507
174d45,57,1790766266507
7085d9,44,1790851766507
66c074,53,1790851766507
72c1af,24,1790851766507
2da482,20,1790851766507
f14986,15,1790766266507
b95938,45,1790766266507
e530b6,25,1790851766507
f6d766,25,1790767166507
512727,24,1790766266507
15f7c8,17,1790766266507
df1344,25,1790767166507
c63f1d,35,1790767166507
ff9d13,59,1790851766507
085ecd,41,1790766266507
44ed47,39,1790766266507
dfb54a,42,1790851766507
f51c60,21,1790767166507
0564cf,34,1790767166507
ec1f08,52,1790766266507
653d6d,52,1790767166507
17d44c,48,1790766266507
3284f5,23,1790767166507
f20d89,33,1790851766507
4b72c3,47,1790767166507
076bd9,34,1790767166507
ed3232,40,1790851766507
dfbf15,20,1790767166507
8c56eb,22,1790766266507
e22f9d,24,1790767166507
3211ed,40,1790767166507
53a115,30,1790767166507
6d9bf5,57,1790767166507
cd2b49,51,1790851766507
76f373,29,1790851766507
e2a20d,23,1790767166507
98b39d,21,1790851766507
0de3f6,58,1790766266507
326313,55,1790851766507
e832c9,22,1790766266507
912ee4,17,1790767166507
fceb55,29,1790766266507
cc6233,22,1790851766507
7b9e02,29,1790767166507
768acc,15,1790767166507
4d1c08,35,1790767166507
2b36e2,43,1790766266507
696f7d,49,1790766266507
72fe5f,53,1790766266507
f49ef2,19,1790851766507
9c0ee3,43,1790767166507
e0b003,48,1790767166507
f7b697,56,1790766266507
7cf007,45,1790767166507
222ff9,49,1790767166507
e89865,52,1790767166507
55ba24,35,1790767166507
3c7047,17,1790851766507
cbfacb,42,1790767166507
a6dc2e,31,1790767166507
9aa96e,31,1790766266507
ffb5da,42,1790767166507
53e9b3,24,1790851766507
9b749b,16,1790767166507
8b03b3,27,1790767166507
2acf45,15,1790767166507
1f3eb1,59,1790767166507
af9dad,20,1790767166507
af9311,56,1790766266507
318ea3,54,1790766266507
7ed654,16,1790767166507
4f44db,16,1790767166507
833453,49,1790766266507
e26b29,57,1790766266507
1ce679,56,1790767166507
0cef65,22,1790767166507
da600d,34,1790767166507
275555,58,1790766266507
cc8860,45,1790767166507
91ff22,30,1790851766507
84ad0f,31,1790766266507
6a3b49,28,1790767166507
e3b35d,40,1790851766507
ea8425,60,1790766266507
47d3d4,22,1790767166507
9d9095,26,1790767166507
9ce2eb,60,1790767166507
91635a,38,1790767166507
608155,15,1790767166507
278e6c,23,1790766266507
d9249f,36,1790851766507
ef2b2e,16,1790767166507
6d2fd2,48,1790767166507
88f088,41,1790851766507
1a55ee,52,1790767166507
16f632,25,1790851766507
7d4734,51,1790851766507
ae8daa,31,1790766266507
188d57,52,1790851766507
1ff295,53,1790851766507
008ee6,34,1790767166507
46dda0,60,1790766266507
195682,23,1790851766507
bff22e,36,1790767166507
4c274b,31,1790851766507
4bbb9d,42,1790766266507
23d75f,45,1790851766507
af9300,31,1790851766507
4a8093,47,1790851766507
6a81ce,38,1790851766507
c75151,55,1790851766507
b2ff57,58,1790766266507
472e69,19,1790766266507
ce0928,54,1790851766507
a7d8a9,52,1790766266507
709649,55,1790851766507
8bfd22,42,1790767166507
e45113,28,1790767166507
59c699,37,1790766266507
402ab2,47,1790851766507
e499b6,30,1790766266507
28ec66,16,1790767166507
1864cc,19,1790767166507
437bfd,17,1790767166507
3aa963,27,1790767166507
0866cc,51,1790851766507
e05c97,45,1790767166507
adafd0,46,1790851766507
8bc2d1,45,1790766266507
d15647,32,1790851766507
c40d93,16,1790851766507
227dfa,40,1790767166507
bba543,39,1790767166507
678720,21,1790766266507
97d423,23,1790851766507
242cda,47,1790767166507
74d4df,56,1790767166507
a67eab,39,1790851766507
09aec8,17,1790766266507
f0c1ea,29,1790767166507
25eb66,26,1790767166507
3a7e5e,38,1790851766507
88eae5,17,1790767166507
6fb4f4,52,1790851766507
73eeaf,48,1790767166507
cc90b2,24,1790851766507
aadc19,60,1790766266507
3c9147,32,1790851766507
af0ae5,27,1790851766507
c5049d,22,1790851766507
8308cd,27,1790851766507
e367c8,45,1790766266507
a4e420,26,1790766266507
8a1eab,47,1790851766507
1ff10f,37,1790767166507
dcca38,49,1790767166507
de2da6,40,1790767166507
a69bdc,51,1790767166507
e3c72f,59,1790766266507
6122de,41,1790851766507
5ceece,44,1790767166507
ad4093,59,1790766266507
1d4797,59,1790767166507
877fd3,52,1790766266507
3b5e38,57,1790766266507
e73840,48,1790767166507
653b45,43,1790766266507
fb42a8,53,1790766266507
a6af2d,46,1790767166507
468e93,42,1790766266507
b7a6b0,24,1790767166507
fa82c2,41,1790767166507
ce697b,50,1790767166507
0c7733,57,1790767166507
635b6e,26,1790767166507
376bc5,25,1790851766507
4f0b7f,32,1790766266507
98eb8b,57,1790767166507
14a792,57,1790851766507
31af16,48,1790767166507
666e8b,45,1790767166507
8fc53c,53,1790851766507
250aae,37,1790851766507
6f354e,40,1790851766507
a6b763,21,1790851766507
19499a,18,1790766266507
2109cb,28,1790851766507
d45d07,33,1790766266507
86f7ed,38,1790766266507
bf2bd3,21,1790851766507
e59ffd,54,1790766266507
e91b38,37,1790766266507
f7fc5f,21,1790766266507
b17d6f,16,1790767166507
8df53a,22,1790766266507
8a8721,26,1790851766507
741583,21,1790767166507
a08252,58,1790767166507
401fde,26,1790766266507
ce2903,50,1790851766507
56ce15,43,1790767166507
c8ba2b,25,1790851766507
a2e170,29,1790766266507
a8b60f,36,1790767166507
6d6269,43,1790767166507
8d1864,57,1790767166507
fdae53,16,1790766266507
3c0844,18,1790851766507
1c3114,51,1790766266507
4e25a3,58,1790767166507
58d263,27,1790851766507
6d53e3,16,1790767166507
bbe33f,51,1790766266507
e881fb,25,1790767166507
bd96a2,48,1790766266507
8191ad,15,1790851766507
3e5d91,28,1790767166507
cb7d40,38,1790766266507
8c01af,30,1790851766507
66c964,36,1790767166507
1878d3,15,1790766266507
e22259,56,1790851766507
55723b,48,1790851766507
9f712e,22,1790851766507
f1d011,21,1790766266507
029a12,52,1790766266507
04aec5,36,1790766266507
68078b,52,1790851766507
eaff5a,20,1790767166507
641512,50,1790767166507
76a5c0,23,1790766266507
d21042,35,1790851766507
465cd5,28,1790767166507
4b5396,35,1790767166507
b2a342,58,1790851766507
f3645e,54,1790766266507
d096f5,45,1790767166507
d2fb59,26,1790851766507
4d7b68,24,1790767166507
55522b,36,1790766266507
225b1e,29,1790767166507
d9b8e8,60,1790767166507
848ece,16,1790767166507
118b6a,41,1790851766507
e539a3,22,1790767166507
9b9e25,54,1790767166507
c7ab8f,28,1790766266507
e16108,56,1790766266507
d07d80,36,1790767166507
05f864,36,1790766266507
7ee80d,37,1790851766507
b169fa,24,1790851766507
978b5c,48,1790766266507
9b0831,49,1790767166507
cc9aad,15,1790767166507
bdcb75,25,1790851766507
be7cd4,35,1790767166507
500c9f,37,1790767166507
48571c,29,1790851766507
ebdcf1,47,1790851766507
81e287,39,1790766266507
10976d,22,1790851766507
4b3f9d,43,1790767166507
4caf9b,56,1790851766507
025022,34,1790767166507
fd69c3,21,1790766266507
3523ac,26,1790766266507
a6689b,43,1790766266507
c9966c,55,1790767166507
19c927,37,1790766266507
1b5cc1,53,1790766266507
60c91f,43,1790767166507
d8d18f,50,1790766266507
22d68a,60,1790851766507
bf9a07,32,1790851766507
66b08b,48,1790766266507
ba91d2,26,1790766266507
a9fe4a,22,1790851766507
ea48fb,36,1790767166507
5ba310,48,1790767166507
fb905c,29,1790767166507
f06122,26,1790766266507
82691c,60,1790851766507
e4462e,27,1790851766507
512c72,35,1790767166507
09692e,52,1790851766507
13400e,56,1790767166507
3b5648,55,1790766266507
19bb83,48,1790766266507
2a0666,53,1790766266507
7d0545,49,1790767166507
67f034,20,1790767166507
67d17d,50,1790767166507
22050d,30,1790767166507
00fba5,19,1790766266507
db6a91,25,1790851766507
092056,35,1790766266507
d39f51,55,1790767166507
20fe14,28,1790767166507
785df4,44,1790767166507
6dd0e3,51,1790851766507
cc455a,60,1790767166507
4727e7,27,1790851766507
87f3f3,44,1790851766507
369bbb,22,1790766266507
f3f3f2,37,1790767166507
2cf724,19,1790767166507
e14e61,48,1790767166507
9de6c9,49,1790767166507
d8b75d,35,1790766266507
d655f0,22,1790851766507
71e9fc,60,1790766266507
5faa2c,17,1790766266507
a8cc84,47,1790851766507
8b3eb0,59,1790851766507
d722a5,25,1790851766507
77afd5,47,1790767166507
e8a771,25,1790766266507
938026,32,1790766266507
cd904d,29,1790767166507
f8daa1,15,1790766266507
b27bb3,34,1790766266507
1cba22,49,1790767166507
d8cecf,56,1790767166507
a9b323,15,1790767166507
537077,60,1790766266507
6c74cb,52,1790767166507
b9c946,38,1790766266507
e97dbb,43,1790767166507
e587c1,48,1790766266507
ebe3b6,47,1790766266507
be6ad2,48,1790851766507
f41301,51,1790767166507
da357f,43,1790851766507
d687bc,57,1790767166507
298841,56,1790766266507
c6e770,47,1790766266507
39b4e4,34,1790767166507
e9d998,25,1790766266507
aaaf90,15,1790766266507
bd15d7,49,1790767166507
f24032,49,1790766266507
57a6b5,58,1790767166507
f5453e,38,1790766266507
fcf883,42,1790767166507
14c400,56,1790766266507
e02235,53,1790767166507
1a7d20,55,1790767166507
7c82a7,18,1790766266507
99337c,27,1790851766507
d8dd52,15,1790766266507
16f3df,59,1790766266507
aa36f3,15,1790851766507
6d0dd3,48,1790851766507
62c930,35,1790767166507
63485a,59,1790767166507
edfecc,28,1790851766507
5903aa,56,1790851766507
7f61b9,45,1790851766507
f5512c,25,1790767166507
655bf4,49,1790767166507
9ae8ac,49,1790851766507
4462b2,43,1790766266507
f754f6,60,1790766266507
c601c8,16,1790766266507
3d0c31,18,1790766266507
1e4702,37,1790851766507
54540e,18,1790766266507
744802,54,1790851766507
5128bd,44,1790851766507
3821ff,18,1790767166507
d2f174,17,1790851766507
746be1,46,1790766266507
760edb,47,1790766266507
a4e3bf,58,1790851766507
c0e4d5,29,1790767166507
7ed8fb,56,1790767166507
e737ec,25,1790851766507
df48c1,47,1790766266507
a69a3b,22,1790851766507
f289e7,15,1790767166507
93b97f,48,1790851766507
36c6aa,60,1790766266507
8713da,49,1790766266507
5ca7d8,33,1790766266507
26ff66,36,1790851766507
1f79d7,15,1790851766507
ce6a0d,43,1790851766507
7f187a,23,1790766266507
e57368,31,1790767166507
7b8772,15,1790766266507
69e2ad,49,1790767166507
c0404d,36,1790767166507
a961ac,50,1790851766507
9c2e86,54,1790767166507
51cc50,18,1790851766507
f6abc7,34,1790851766507
eb4659,32,1790767166507
ce86f3,21,1790851766507
5a1bb4,39,1790851766507
6ecc45,40,1790766266507
3644de,51,1790766266507
4c3978,21,1790766266507
8c98ca,52,1790851766507
34c60c,44,1790851766507
1e7f47,32,1790766266507
f24dbb,34,1790766266507
37eae5,39,1790767166507
e1a621,22,1790766266507
4bd4ae,23,1790767166507
cfafd8,29,1790767166507
1eb4ed,29,1790767166507
cc792d,41,1790766266507
8f9182,24,1790767166507
982db0,26,1790766266507
2fd728,47,1790766266507
ac10b5,27,1790851766507
a8fe1c,36,1790766266507
b4b55c,15,1790851766507
5b3fe2,41,1790851766507
5bdbe2,44,1790851766507
501d2c,60,1790851766507
71c8a4,28,1790766266507
cef74c,59,1790767166507
95f4a2,33,1790767166507
7a1a60,27,1790766266507
6839aa,54,1790767166507
28748d,27,1790766266507
a7e96a,52,1790766266507
8bcec5,53,1790851766507
59f5be,49,1790767166507
908a96,60,1790766266507
a31466,35,1790851766507
d90674,28,1790766266507
83c39a,18,1790851766507
a2efc2,40,1790851766507
d23e90,44,1790767166507
120bf3,56,1790851766507
0fa2b4,60,1790767166507
25e77c,24,1790851766507
aa8bb3,48,1790851766507
c8e070,22,1790767166507
04741d,55,1790851766507
bae85b,47,1790851766507
84867c,54,1790851766507
c27707,54,1790766266507
bf0197,20,1790851766507
5740e6,31,1790851766507
03b288,31,1790851766507
bbfc39,37,1790767166507
ec18c3,60,1790851766507
6646b2,25,1790851766507
40907f,30,1790766266507
4ecf25,52,1790851766507
604040,32,1790766266507
18e449,55,1790766266507
33aa01,17,1790851766507
89e2c2,35,1790767166507
f88811,47,1790851766507
a2e0a4,22,1790766266507
41bdc8,20,1790767166507
f07bfb,29,1790767166507
2b656a,35,1790767166507
05d353,52,1790767166507
8cdcc4,16,1790851766507
d7ced5,22,1790766266507
d221fa,53,1790766266507
9fca22,31,1790851766507
862197,55,1790766266507
280ed9,54,1790766266507
e80f73,55,1790766266507
7d45b8,26,1790767166507
a97705,16,1790767166507
55d0c2,21,1790766266507
407ffe,36,1790851766507
7ca986,20,1790767166507
25037e,43,1790851766507
a248e8,30,1790766266507
40a302,17,1790851766507
0d9f8a,34,1790851766507
8f819b,30,1790767166507
52bd60,15,1790851766507
a7b907,38,1790851766507
f50af6,34,1790766266507
2f9dda,52,1790766266507
d1dab7,41,1790766266507
5928c1,24,1790767166507
21892f,50,1790766266507
ebaaf3,24,1790767166507
ca2c0b,43,1790851766507
81795e,27,1790767166507
588d29,17,1790851766507
eb98bf,23,1790766266507
754d4c,53,1790766266507
470afc,59,1790851766507
85dcc0,51,1790766266507
023af2,22,1790766266507
e811a7,17,1790851766507
b733f7,49,1790851766507
2d1039,39,1790766266507
81ba3f,20,1790766266507
009498,21,1790851766507
3f9363,29,1790766266507
56557c,27,1790851766507
c4067a,39,1790766266507
4eaba8,34,1790766266507
c94f0b,46,1790766266507
3712ec,32,1790766266507
ec6314,58,1790851766507
39e896,25,1790851766507
5b4777,50,1790766266507
496ddc,45,1790851766507
a92d3d,50,1790767166507
c41271,51,1790851766507
d0880c,52,1790851766507
6a5628,18,1790766266507
28c32b,39,1790851766507
b1adb8,49,1790767166507
2da632,23,1790766266507
eb1b8b,56,1790766266507
1bba93,35,1790767166507
d7ab77,38,1790851766507
72ab63,44,1790851766507
8815a9,50,1790767166507
a29b33,30,1790851766507
4dbb53,37,1790766266507
4da13f,29,1790851766507
73f1d0,35,1790767166507
a51f1c,43,1790767166507
a9c36c,52,1790767166507
c17673,19,1790766266507
07fe69,18,1790766266507
8d8eb2,15,1790766266507
c308c0,40,1790767166507
a9d5dc,22,1790851766507
cbf05b,41,1790767166507
a05a4c,23,1790767166507
afe219,36,1790851766507
807ad3,58,1790767166507
9674bd,46,1790851766507
9b6576,53,1790766266507
7478ed,29,1790767166507
b46b19,19,1790851766507
040092,24,1790767166507
6965cf,47,1790766266507
0735e1,43,1790851766507
df7f51,25,1790766266507
f29d25,54,1790851766507
b565c0,21,1790766266507
85513e,41,1790851766507
5a07ea,47,1790851766507
dd5b39,51,1790767166507
80eec5,37,1790851766507
22f22b,29,1790851766507
7794d6,39,1790767166507
47506c,48,1790851766507
7ea3e2,24,1790766266507
0d6bb5,38,1790851766507
d6529a,50,1790766266507
b24e0d,46,1790767166507
9b6872,54,1790767166507
106f11,35,1790766266507
aa4cdf,40,1790766266507
16b980,37,1790766266507
96d6a2,33,1790851766507
847b00,33,1790766266507
fcf722,54,1790767166507
c08a1c,32,1790851766507
4e7566,16,1790767166507
17f419,16,1790766266507
c7dd5c,51,1790767166507
383714,31,1790767166507
fbb13e,32,1790767166507
67ef7c,59,1790767166507
1f0515,48,1790851766507
b538aa,23,1790767166507
22e80d,26,1790851766507
edd913,45,1790767166507
b0bbbe,57,1790767166507
e7c425,27,1790766266507
d672ac,20,1790767166507
3bf159,33,1790851766507
c90c0b,37,1790767166507
c8f7f0,49,1790767166507
a6c9f5,24,1790851766507
af9442,28,1790766266507
dc1ec5,42,1790767166507
3a7a59,16,1790851766507
06acb3,29,1790766266507
33a3e5,20,1790767166507
431b44,18,1790851766507
a66ecb,22,1790767166507
c7f260,48,1790766266507
d4fda8,26,1790766266507
64b5f5,36,1790851766507
f6c6a4,47,1790767166507
2ae9f0,34,1790767166507
be2c86,25,1790767166507
88dc26,18,1790766266507
7fd380,55,1790767166507
30d582,47,1790767166507
db4ef9,42,1790767166507
df3a9b,30,1790766266507
31a303,35,1790766266507
4a0601,53,1790767166507
d4e6e8,44,1790767166507
780ef7,17,1790766266507
7cb097,27,1790766266507
effd73,19,1790851766507
982837,17,1790851766507
8ef6f4,16,1790766266507
8d48bb,48,1790767166507
c4206e,31,1790766266507
99d414,35,1790767166507
426a34,57,1790851766507
e2a3cc,39,1790851766507
eb1238,26,1790767166507
ea2c6c,52,1790767166507
6bc327,52,1790767166507
a4c189,39,1790766266507
1b38b3,51,1790766266507
cbe5e1,48,1790766266507
61fb95,16,1790851766507
51e2b0,28,1790767166507
dde27b,32,1790767166507
737617,56,1790851766507
f3d3d6,58,1790766266507
e3c38f,59,1790851766507
f85e39,53,1790767166507
e53ed9,49,1790766266507
e5698c,25,1790766266507
f662d9,33,1790766266507
75963d,30,1790767166507
5c54d2,56,1790766266507
a7d3c0,37,1790766266507
5e0a78,15,1790767166507
779401,15,1790767166507
1ab81b,58,1790767166507
9dbcee,34,1790851766507
270a44,18,1790767166507
a552ea,55,1790851766507
930c14,48,1790851766507
02b1a4,27,1790766266507
3e53cb,15,1790766266507
94969b,43,1790851766507
8f4a3f,40,1790851766507
3a0a25,27,1790851766507
76b9c6,47,1790767166507
cbe9e7,17,1790851766507
84d668,46,1790767166507
552da7,23,1790766266507
5061d0,56,1790766266507
e9f0fa,33,1790851766507
bb1fab,27,1790851766507
3392f6,52,1790767166507
41c7c4,35,1790851766507
62272f,27,1790766266507
5ec4c7,22,1790767166507
d1fff8,52,1790766266507
3cfae5,58,1790767166507
17983a,33,1790766266507
dd7dc8,30,1790851766507
6d6ea9,52,1790851766507
6b21a4,29,1790766266507
e36b6f,15,1790767166507
428462,55,1790851766507
c06611,57,1790851766507
80a397,28,1790767166507
ef94b8,43,1790766266507
377972,19,1790766266507
2eae02,25,1790766266507
1be432,31,1790767166507
b9c6b8,38,1790766266507
091a2e,43,1790766266507
8b8f57,52,1790767166507
d08fe3,45,1790767166507
405411,29,1790767166507
e0d7ac,24,1790767166507
1b4c16,32,1790767166507
aa1d92,47,1790767166507
da6505,52,1790851766507
2b944e,56,1790766266507
602063,50,1790766266507
b27806,52,1790766266507
5b5137,39,1790851766507
880a33,42,1790767166507
5b9406,43,1790766266507
9c41b8,56,1790767166507
046603,35,1790851766507
04c49b,18,1790766266507
f9ac5e,39,1790851766507
474836,21,1790851766507
1f6374,37,1790767166507
f61739,57,1790851766507
d562e9,41,1790851766507
748106,55,1790766266507
e016fc,25,1790766266507
35d2c5,38,1790851766507
f67504,57,1790767166507
b161c2,19,1790767166507
679a6d,29,1790767166507
62cb31,35,1790766266507
838ae1,26,1790851766507
0175dd,55,1790766266507
1edec0,35,1790766266507
3d4bf1,26,1790767166507
f72c1c,56,1790766266507
66bd3d,52,1790767166507
1a235a,36,1790766266507
06622b,24,1790851766507
49ecfd,49,1790851766507
3598f9,57,1790851766507
0594fc,54,1790766266507
f82ed3,44,1790766266507
933bde,17,1790766266507
cadfd1,46,1790766266507
e4f6b8,23,1790767166507
bd8441,53,1790851766507
7b78af,56,1790851766507
b25377,42,1790766266507
a455d7,20,1790851766507
7dc0a4,57,1790851766507
bb2860,35,1790851766507
ecc6dc,29,1790851766507
fbb9d1,51,1790766266507
896233,23,1790766266507
c52bd7,39,1790851766507
e791c6,39,1790766266507
553016,56,1790851766507
2f8e11,30,1790766266507
d741a7,51,1790766266507
af017c,38,1790767166507
2be00b,54,1790767166507
5e1f58,54,1790767166507
1133d0,21,1790851766507
6ec115,57,1790851766507
682eb6,17,1790767166507
f0d7fa,55,1790851766507
d5d503,58,1790767166507
1a0d47,25,1790766266507
06662c,53,1790766266507
7f2863,41,1790851766507
a73de9,59,1790766266507
bf0f4b,25,1790851766507
a30c5e,46,1790766266507
a27dfb,32,1790766266507
170191,55,1790766266507
c21ebe,55,1790851766507
057c9b,28,1790766266507
dfc22f,57,1790851766507
a38159,45,1790851766507
8b79cc,28,1790767166507
73d80d,37,1790767166507
7727a6,48,1790851766507
6a1972,58,1790766266507
9265e1,47,1790851766507
84910a,52,1790767166507
255205,53,1790766266507
3966fc,38,1790851766507
ba958e,20,1790766266507
47b96d,42,1790767166507
73b2fe,48,1790851766507
fa7502,25,1790851766507
bc2c00,40,1790767166507
df0f0d,48,1790766266507
eedee1,48,1790767166507
55cd4d,59,1790767166507
d05569,49,1790767166507
e1db9e,52,1790767166507
ede30a,56,1790767166507
3e7b69,58,1790851766507
eb9ea9,32,1790767166507
da6109,32,1790767166507
e0e70d,48,1790767166507
34548a,53,1790766266507
82ef9e,15,1790851766507
ee4b7c,19,1790851766507
b66e4e,32,1790766266507
68bff1,24,1790851766507
ebbd12,59,1790766266507
e06dc2,22,1790851766507
1adee0,48,1790767166507
ec750d,24,1790766266507
fe72fe,58,1790767166507
a47352,36,1790766266507
c0ba82,47,1790851766507
c7f20f,20,1790851766507
2dc64a,37,1790851766507
09d70d,40,1790766266507
a3dd93,41,1790766266507
bfdee8,43,1790767166507
d1c57c,26,1790851766507
815385,29,1790766266507
abf3b0,20,1790767166507
ff6526,60,1790851766507
4b81a9,16,1790766266507
d10086,28,1790766266507
8e9cad,58,1790767166507
c597c8,38,1790767166507
e648a9,19,1790766266507
56a0e5,44,1790766266507
9e4ef7,30,1790766266507
eaac27,17,1790851766507
789055,18,1790767166507
53d1a1,16,1790766266507
7f7046,33,1790851766507
5aa2ae,18,1790767166507
9c3557,50,1790767166507
086f0c,18,1790851766507
cf4662,43,1790851766507
529dc5,24,1790851766507
871191,31,1790766266507
0a22e8,22,1790766266507
e3749d,32,1790766266507
f860e1,48,1790767166507
e9d8f9,25,1790851766507
e8c16a,60,1790851766507
9877bb,47,1790766266507
312123,19,1790766266507
e4ecbf,48,1790767166507
2144f1,56,1790766266507
af1228,56,1790767166507
45d844,45,1790767166507
e6dc93,60,1790767166507
cdc764,49,1790766266507
1bdce5,48,1790851766507
3f243f,44,1790851766507
35b11b,39,1790767166507
985f86,48,1790851766507
e2ad71,17,1790851766507
124dfa,19,1790767166507
0b2e5e,57,1790766266507
972134,29,1790851766507
1f4a43,50,1790767166507
5c7674,28,1790851766507
c13610,57,1790766266507
9a9157,30,1790766266507
dd51b6,18,1790851766507
3efdab,21,1790767166507
390c91,49,1790767166507
421d97,25,1790767166507
7c90cb,59,1790851766507
80eeaa,49,1790851766507
9014a7,45,1790767166507
3eee40,32,1790767166507
6c3975,55,1790766266507
3ae8b4,41,1790851766507
ffd0e9,43,1790766266507
d791fc,44,1790766266507
93e83d,24,1790766266507
0a8f3a,16,1790766266507
8a9de1,28,1790767166507
5ca3af,60,1790851766507
7cf2fb,34,1790767166507
297d47,47,1790767166507
0b7a9f,58,1790851766507
49758b,19,1790851766507
72ced4,30,1790851766507
c5d800,18,1790851766507
d39db8,31,1790766266507
dc44dc,39,1790766266507
553eaf,24,1790766266507
f79af7,36,1790851766507
dde8dc,47,1790766266507
5319a1,19,1790767166507
754086,37,1790766266507
324abf,25,1790851766507
0a5aea,16,1790766266507
b5f52b,40,1790851766507
4d4083,46,1790851766507
7694a7,15,1790767166507
a8ba48,51,1790767166507
a02f42,39,1790766266507
e4a72b,53,1790766266507
1b2d51,24,1790766266507
c71e42,60,1790851766507
9becd6,18,1790851766507
99613e,55,1790766266507
7f4bcd,32,1790767166507
2683fe,22,1790766266507
cb03ab,24,1790767166507
b52ec4,36,1790766266507
e8e28f,31,1790851766507
00a262,40,1790851766507
f4e35d,45,1790851766507
2ebf15,35,1790766266507
d4a321,38,1790766266507
1bf4ae,43,1790766266507
19884d,36,1790851766507
09d41d,59,1790767166507
825ab7,17,1790851766507
1103ae,47,1790767166507
e64cd8,59,1790766266507
85fbf8,40,1790767166507
be940d,28,1790766266507
3a0d09,40,1790851766507
189985,57,1790767166507
c2c701,48,1790851766507
7cf763,29,1790766266507
54e48c,20,1790767166507
d6ab85,58,1790766266507
4379c4,40,1790766266507
74e369,44,1790851766507
52d1a8,41,1790851766507
64e4d8,53,1790851766507
3d05ee,31,1790851766507
91f0f6,15,1790767166507
8067b1,60,1790767166507
cb7d34,44,1790767166507
dec003,30,1790766266507
deff42,34,1790766266507
e9e6b6,30,1790766266507
b34fcc,22,1790851766507
2898a0,49,1790767166507
f565ed,52,1790851766507
74cb88,26,1790851766507
210e00,47,1790767166507
f5cf0e,32,1790766266507
db0ada,46,1790851766507
b2f3a4,45,1790767166507
0d6602,58,1790767166507
7197d3,50,1790851766507
b2a752,42,1790766266507
974ec2,51,1790766266507
d59e12,24,1790767166507
b25443,59,1790851766507
6b9a88,15,1790766266507
bf48cf,16,1790851766507
ef83b4,48,1790767166507
f4440b,42,1790767166507
74c3d1,52,1790767166507
6e4922,21,1790766266507
dc507e,55,1790766266507
b1b4af,26,1790766266507
6a6be5,48,1790767166507
dc2938,23,1790851766507
9924a5,52,1790851766507
8a68b8,26,1790766266507
56f3fe,28,1790767166507
6f1119,18,1790767166507
a1c8ac,40,1790851766507
67cc52,23,1790767166507
1f420f,50,1790767166507
cd0cf9,52,1790767166507
823fab,36,1790767166507
fad0c2,42,1790767166507
50617d,16,1790851766507
36a27d,25,1790766266507
008808,20,1790767166507
ae04f5,33,1790767166507
d47121,41,1790851766507
9c5301,49,1790851766507
5a1955,27,1790851766507
d25b8e,45,1790851766507
f317ec,20,1790767166507
c87335,33,1790851766507
bc6a86,51,1790766266507
0bce0c,52,1790767166507
27292d,23,1790766266507
eb8155,30,1790767166507
3539e3,31,1790766266507
f447ae,25,1790851766507
5be461,19,1790851766507
5f4858,58,1790766266507
c83910,26,1790767166507
6db76e,48,1790851766507
2ac528,46,1790767166507
7476ba,48,1790767166507
730d35,31,1790851766507
48f47f,54,1790851766507
c51d4d,36,1790851766507
749ff7,40,1790766266507
6175f3,30,1790851766507
e29969,35,1790766266507
77bee0,42,1790767166507
76e33a,23,1790851766507
166846,35,1790767166507
999386,42,1790851766507
5118eb,22,1790766266507
445506,34,1790766266507
c2b347,60,1790851766507
074f17,38,1790851766507
32d4b8,53,1790851766507
5ed05f,51,1790767166507
12ca1e,47,1790851766507
3f5653,57,1790851766507
1525a3,47,1790851766507
4c5db6,39,1790767166507
a1ad52,21,1790767166507
659a1c,42,1790767166507
0282e9,33,1790851766507
b832b9,58,1790767166507
601fa4,59,1790766266507
3704bc,40,1790851766507
9164c3,45,1790767166507
aaaa7c,18,1790851766507
b340e0,24,1790767166507
c7090c,46,1790766266507
39fd7f,16,1790766266507
1e55a7,45,1790851766507
16311c,30,1790851766507
03ed10,27,1790851766507
b5034f,56,1790766266507
f42a03,44,1790766266507
22b3e4,51,1790766266507
4d2496,20,1790766266507
dd5403,59,1790766266507
8991db,42,1790767166507
8355b6,29,1790767166507
0a2d50,51,1790851766507
f7e4f0,50,1790851766507
e52d53,44,1790766266507
516d90,36,1790851766507
829301,47,1790767166507
b2a284,49,1790767166507
816a22,40,1790766266507
901b26,46,1790767166507
99eae0,26,1790851766507
4fc705,25,1790851766507
65bb92,35,1790767166507
d851ea,30,1790851766507
16408d,26,1790766266507
9bdde0,45,1790766266507
f5d03e,27,1790851766507
50ff0c,35,1790767166507
b0f8ba,59,1790767166507
a30cb2,34,1790766266507
bee319,48,1790851766507
deecc0,36,1790766266507
818fb5,42,1790767166507
09a870,55,1790851766507
717fe5,57,1790767166507
0d92e9,31,1790766266507
0c0119,57,1790766266507
8f48bd,32,1790767166507
4c1d6e,34,1790767166507
b0bf0d,19,1790766266507
98b35a,32,1790851766507
66dc8e,15,1790767166507
3385df,59,1790766266507
a0745c,53,1790767166507
85e22c,31,1790851766507
1a6aec,57,1790767166507
3551cd,43,1790767166507
aead46,49,1790766266507
a84daa,38,1790851766507
a44669,16,1790851766507
46f27c,29,1790851766507
bcbf76,37,1790766266507
18594a,50,1790766266507
329c9f,36,1790851766507
5e76cf,49,1790766266507
a6773d,49,1790766266507
9ba5fa,24,1790766266507
5d40b8,56,1790767166507
50593c,20,1790766266507
f18277,22,1790767166507
22ddc8,47,1790851766507
12b7a3,60,1790851766507
8c805e,38,1790851766507
ddb1fb,25,1790766266507
433a88,29,1790767166507
108e6f,56,1790766266507
667484,38,1790851766507
ea906e,30,1790851766507
2accc9,26,1790766266507
6a4547,42,1790767166507
08406b,55,1790767166507
202adb,40,1790767166507
1631ce,44,1790766266507
ca69a5,17,1790766266507
f89174,34,1790766266507
606b64,15,1790767166507
d0c302,38,1790851766507
c66a08,52,1790851766507
bf9923,18,1790767166507
f8f480,56,1790851766507
f6c217,19,1790767166507
e3e581,33,1790851766507
1c92b3,34,1790767166507
897d98,42,1790851766507
d9cedc,18,1790766266507
1abc49,37,1790767166507
6fb120,42,1790767166507
027192,58,1790851766507
c59f14,28,1790767166507
7725c3,29,1790766266507
122820,31,1790851766507
c38be6,56,1790766266507
1cd435,36,1790766266507
49a234,20,1790851766507
58c1f9,42,1790851766507
3cf69e,46,1790767166507
59b3a5,18,1790851766507
dcb3a3,48,1790766266507
a77679,36,1790851766507
e0e41c,47,1790767166507
8dbf7a,28,1790767166507
2f4683,48,1790767166507
2283a3,18,1790766266507
86c179,21,1790851766507
d2dae5,41,1790766266507
cc12bb,26,1790851766507
bc910c,31,1790851766507
26f6f6,27,1790766266507
d4fab2,32,1790851766507
608068,45,1790851766507
654cc6,45,1790767166507
8a34b2,45,1790766266507
9d3e2b,40,1790851766507
f8119b,60,1790851766507
d5a3ba,16,1790766266507
6ac77c,59,1790767166507
fcd391,19,1790766266507
026180,60,1790767166507
a0b45a,16,1790851766507
dddc64,45,1790766266507
0c7535,52,1790767166507
b55481,39,1790767166507
518167,53,1790766266507
9ceae0,33,1790766266507
620b4f,24,1790766266507
fdf96e,41,1790851766507
9cae2b,15,1790851766507
1bd211,25,1790851766507
3312b7,21,1790766266507
37cf32,51,1790767166507
7bfdf4,42,1790851766507
7c7295,41,1790767166507
56f0d7,52,1790767166507
cad2de,58,1790851766507
aec2a9,49,1790766266507
ddd288,18,1790767166507
9b762e,41,1790766266507
caa35d,17,1790766266507
9a633c,31,1790766266507
d90b83,37,1790851766507
2ba3e4,48,1790851766507
7a0c30,24,1790767166507
c4985a,25,1790851766507
5d321e,44,1790767166507
87e370,21,1790851766507
fc6cfd,27,1790851766507
c68f16,46,1790766266507
5c1858,50,1790766266507
a2363e,16,1790767166507
f82c69,26,1790767166507
753ae9,31,1790767166507
a7eed6,19,1790851766507
16237d,40,1790851766507
77d937,19,1790766266507
0d1ef6,22,1790851766507
340f32,19,1790766266507
6aac0f,24,1790766266507
8456e4,52,1790767166507
05db0a,36,1790767166507
c87023,33,1790851766507
ea0741,53,1790766266507
4b842f,27,1790851766507
5624dc,22,1790767166507
ea6a15,17,1790767166507
e21375,54,1790851766507
2f01fc,18,1790766266507
8c9a95,25,1790766266507
1178f0,46,1790767166507
d7e306,15,1790767166507
9e168b,21,1790767166507
e5945d,50,1790851766507
bbee00,21,1790851766507
a70cad,49,1790767166507
ad5aa0,17,1790767166507
860d02,48,1790767166507
044e07,35,1790767166507
823aa3,41,1790766266507
fff68c,15,1790767166507
dda628,28,1790851766507
e545d9,59,1790766266507
303b03,34,1790851766507
6b352a,23,1790766266507
a6addc,37,1790766266507
abf7f0,34,1790766266507
f92412,31,1790767166507
315e56,34,1790766266507
b24976,21,1790766266507
ffd06b,21,1790851766507
9ad4c0,43,1790766266507
8c28e7,49,1790766266507
f1a9d3,21,1790766266507
ed3914,53,1790766266507
373f81,57,1790766266507
68bd0a,57,1790851766507
d9e9ad,18,1790766266507
b2086c,33,1790766266507
78e006,24,1790766266507
a98126,36,1790851766507
07d19d,44,1790851766507
2499c7,45,1790766266507
09c4f8,20,1790851766507
1cc2e9,31,1790766266507
cb03be,60,1790767166507
de6f98,19,1790766266507
53f975,54,1790766266507
884bc1,35,1790767166507
d936b9,46,1790766266507
32de06,57,1790767166507
124fec,44,1790766266507
374111,18,1790851766507
fd8ba8,35,1790767166507
d52cd7,45,1790766266507
d9d336,54,1790767166507
41cb4f,33,1790851766507
a28737,37,1790767166507
bda51e,27,1790851766507
8ee76c,55,1790767166507
897fc2,44,1790767166507
70f47b,34,1790767166507
c6d4ad,40,1790851766507
4fb6af,42,1790851766507
ac6fd5,30,1790766266507
0ad0df,27,1790766266507
983d44,21,1790767166507
f22756,27,1790767166507
f43b24,24,1790766266507
fcc617,50,1790767166507
2b335e,27,1790767166507
5337e0,34,1790766266507
17221e,29,1790851766507
6788d3,35,1790851766507
974cc0,27,1790851766507
1e70fc,18,1790766266507
a0044d,53,1790767166507
699d49,51,1790766266507
33fe8d,47,1790767166507
bbb507,48,1790766266507
7378e9,29,1790766266507
491e99,23,1790766266507
40ffcf,20,1790767166507
a5e9b9,48,1790766266507
0c6ac5,30,1790766266507
2d4b2f,36,1790767166507
9b08cd,39,1790766266507
96f772,22,1790767166507
29ad2e,24,1790766266507
de37fe,50,1790767166507
ff947d,45,1790851766507
81627d,41,1790766266507
c4d2a0,31,1790767166507
a9659f,20,1790767166507
98a6d6,56,1790767166507
53b40c,19,1790851766507
b46ddf,33,1790766266507
791345,32,1790767166507
617218,59,1790851766507
b3284c,27,1790766266507
f4ef13,22,1790766266507
befeba,21,1790767166507
e7be38,54,1790766266507
0a2ab0,22,1790851766507
68eef7,24,1790851766507
032969,37,1790851766507
7a5b67,36,1790767166507
6e4914,42,1790767166507
b62296,58,1790767166507
075f92,48,1790851766507
942fd1,42,1790767166507
dd3d91,35,1790851766507
ca9fcb,38,1790767166507
048947,37,1790766266507
bd8d0d,28,1790851766507
f000e1,49,1790766266507
b2853f,22,1790767166507
023119,27,1790766266507
8edf52,45,1790766266507
3617c5,52,1790767166507
0aeded,59,1790851766507
27d422,16,1790766266507
e57cec,22,1790851766507
4808dd,57,1790766266507
d4d422,55,1790851766507
7a4d21,56,1790767166507
120290,57,1790851766507
bb77a5,30,1790851766507
997a9a,50,1790851766507
d91983,29,1790766266507
fdec4d,23,1790766266507
1aaf42,34,1790851766507
43f062,42,1790767166507
9c3b80,60,1790766266507
acc7d8,25,1790767166507
5639f8,35,1790851766507
3c559c,52,1790851766507
fd260d,15,1790851766507
9b5b54,50,1790851766507
892c04,17,1790766266507
894ec4,45,1790766266507
661171,29,1790851766507
1303ca,49,1790767166507
f3e1d3,38,1790767166507
0b447a,21,1790767166507
9f58b5,50,1790766266507
4e27f0,17,1790851766507
141261,41,1790851766507
0fec59,17,1790767166507
631c58,21,1790766266507
24bc76,22,1790766266507
48c297,52,1790851766507
faf45e,47,1790766266507
6b41b1,42,1790767166507
a5cb5a,41,1790851766507
3009db,58,1790767166507
d3bab2,36,1790766266507
1d346a,20,1790766266507
f2300b,46,1790766266507
c1b380,46,1790766266507
74998d,53,1790766266507
0c2168,44,1790851766507
ae95bd,46,1790766266507
2d231d,15,1790767166507
573a03,31,1790766266507
7ffaba,58,1790851766507
a71a76,32,1790766266507
7e1af1,22,1790766266507
46e4f5,58,1790766266507
aaba15,48,1790851766507
2f58df,35,1790766266507
d80f92,15,1790767166507
aae7bd,47,1790851766507
78fc2b,55,1790767166507
d68bd0,16,1790851766507
fd068a,37,1790766266507
3561e9,41,1790767166507
317b6d,43,1790851766507
d2c6d9,27,1790851766507
67c038,60,1790766266507
f6b06e,51,1790766266507
756d4e,17,1790766266507
1e55c6,41,1790851766507
54dc51,20,1790766266507
a0b650,45,1790767166507
a672c0,50,1790851766507
f1d015,49,1790767166507
fd83a7,30,1790767166507
24a3be,30,1790767166507
4d4ff5,38,1790767166507
c7fbb7,56,1790767166507
d21de6,51,1790851766507
0d9976,18,1790767166507
1875c3,36,1790767166507
896684,19,1790767166507
7819e2,18,1790767166507
3e585a,15,1790766266507
bcde05,50,1790767166507
2be02b,48,1790766266507
1fa7de,51,1790766266507
9bceee,18,1790767166507
cc16a2,39,1790851766507
0cd30d,59,1790767166507
89e5da,40,1790851766507
1fe220,15,1790767166507
1211f6,43,1790767166507
6a2b33,46,1790851766507
fde36d,55,1790766266507
291e10,55,1790766266507
47f799,60,1790851766507
b48c28,54,1790766266507
735369,40,1790851766507
9244e6,33,1790851766507
545931,31,1790766266507
f27248,37,1790851766507
12f094,45,1790766266507
67e622,60,1790767166507
67e1f8,24,1790851766507
edfdc7,55,1790851766507
d2cefe,33,1790851766507
93a320,38,1790767166507
66e216,25,1790851766507
7696a7,28,1790766266507
47c7ff,15,1790766266507
c73918,58,1790767166507
8015d0,34,1790766266507
e4da72,34,1790851766507
c25961,43,1790767166507
831642,34,1790767166507
85d6ea,48,1790851766507
f574a5,36,1790767166507
03d198,27,1790767166507
b8c99b,26,1790766266507
aa3a61,39,1790767166507
6742e5,52,1790767166507
b34391,44,1790851766507
27fb76,24,1790767166507
bf39a3,32,1790851766507
004101,52,1790851766507
bf535a,38,1790766266507
a13710,44,1790767166507
9ec442,32,1790767166507
d6a1a5,29,1790767166507
812ddf,45,1790851766507
311765,56,1790766266507
0eac8e,40,1790767166507
cf643c,45,1790767166507
af57ee,54,1790767166507
12776d,33,1790766266507
4a8ed3,16,1790851766507
ed74ff,40,1790766266507
caabde,40,1790766266507
f64486,18,1790766266507
fc2e7e,48,1790766266507
2e22e9,22,1790851766507
5854bb,16,1790767166507
c24e4e,40,1790767166507
116e78,43,1790766266507
c548be,41,1790851766507
2caf7c,56,1790767166507
4e1060,52,1790766266507
868ff0,39,1790767166507
de616f,32,1790767166507
f62646,56,1790767166507
e7dff7,46,1790851766507
7c7366,45,1790851766507
4adbe1,32,1790766266507
76b979,50,1790767166507
eaf2d8,28,1790766266507
84db3a,31,1790766266507
dadea6,35,1790766266507
873582,47,1790766266507
1d5735,57,1790767166507
a85922,17,1790851766507
65efef,53,1790851766507
a1fd15,38,1790766266507
c77264,18,1790766266507
f6215f,21,1790766266507
ff8afa,33,1790766266507
67334e,48,1790766266507
dd5b01,49,1790767166507
160bf3,56,1790851766507
a95df8,28,1790766266507
ae4446,26,1790767166507
ccaaf7,37,1790851766507
303561,20,1790766266507
f788b6,51,1790766266507
806c84,22,1790851766507
3a06b5,55,1790766266507
ba6e88,26,1790851766507
8f9f44,21,1790767166507
2370c4,16,1790767166507
e2fd40,26,1790766266507
5ed826,58,1790767166507
3f6613,57,1790766266507
d74dab,29,1790767166507
bfd612,58,1790766266507
4a47b2,35,1790766266507
e73ec1,20,1790767166507
cdebea,36,1790851766507
054669,43,1790851766507
01f182,27,1790767166507
4b68a2,48,1790766266507
aaa33e,54,1790851766507
90a2cb,21,1790851766507
fe7dd2,39,1790767166507
6d4487,22,1790767166507
e6938b,29,1790767166507
d9a8f1,37,1790766266507
098df6,52,1790766266507
14d165,58,1790767166507
2d848b,45,1790767166507
e00633,57,1790767166507
6684fa,20,1790766266507
29a03a,25,1790851766507
5e2c9a,26,1790851766507
c5bd06,54,1790766266507
5d0c1e,28,1790766266507
90da33,28,1790767166507
45348a,28,1790766266507
f69e1f,29,1790766266507
8e429d,40,1790766266507
be5401,54,1790766266507
baca92,49,1790766266507
7a6f7c,57,1790767166507
bde5e1,32,1790767166507
c45385,57,1790766266507
79ee0b,41,1790851766507
af88e5,47,1790766266507
788d7f,60,1790851766507
f1a1ff,32,1790767166507
362cef,58,1790766266507
96778a,59,1790767166507
519773,21,1790851766507
83f635,18,1790767166507
702280,56,1790767166507
27ea39,21,1790851766507
f41048,58,1790851766507
7380d7,42,1790767166507
dc9b32,56,1790766266507
4dae48,20,1790766266507
17fb85,60,1790851766507
76fc62,31,1790851766507
6b2d8f,23,1790767166507
0f3d7c,33,1790766266507
ee2ea1,19,1790851766507
e7b2c6,25,1790766266507
9d86b4,26,1790767166507
1a1db8,56,1790851766507
acaee3,52,1790767166507
fd5968,55,1790767166507
a17d25,40,1790766266507
269758,49,1790766266507
43ac96,19,1790767166507
e11e81,49,1790766266507
898aa6,23,1790851766507
986f6b,30,1790851766507
8f1322,27,1790851766507
df65ce,36,1790767166507
411a08,36,1790851766507
81ab97,40,1790767166507
e514d7,46,1790767166507
bb34c3,55,1790766266507
e8e5f1,54,1790851766507
9be6a9,22,1790766266507
166729,46,1790766266507
b6a88a,20,1790851766507
c27733,19,1790851766507
c380de,24,1790851766507
a4851b,42,1790767166507
1ac495,41,1790851766507
496195,23,1790767166507
4bdafc,38,1790851766507
da1132,53,1790766266507
e17f91,36,1790766266507
46e157,16,1790851766507
8cf38c,56,1790766266507
3703e1,57,1790766266507
4ae3a8,36,1790766266507
8f8697,49,1790767166507
fa9bc3,17,1790851766507
a73bea,39,1790766266507
6332c3,35,1790766266507
756a0e,31,1790766266507
d0b5bd,56,1790767166507
8ad076,15,1790767166507
9d50fe,41,1790766266507
59d9b7,57,1790766266507
60020f,39,1790767166507
1e8cd3,25,1790767166507
b069a4,44,1790766266507
d565b2,44,1790767166507
97dbcc,49,1790851766507
27966f,34,1790767166507
e3afd6,20,1790766266507
c5a4e0,29,1790851766507
cd1cf8,35,1790851766507
da0c0c,48,1790767166507
a1e872,56,1790766266507
1a124b,27,1790767166507
12ca2c,35,1790766266507
c79309,33,1790767166507
587068,33,1790767166507
2e5c8b,31,1790851766507
2aaa67,57,1790767166507
70ca00,52,1790767166507
98b272,46,1790851766507
154aae,21,1790851766507
d39c3c,27,1790767166507
6a7ddf,47,1790767166507
ce0f97,17,1790767166507
a5a1e2,54,1790851766507
2755d9,59,1790767166507
6efd9c,54,1790766266507
c5b773,43,1790766266507
6c9b85,56,1790766266507
c1869e,26,1790766266507
0927ee,53,1790766266507
355485,24,1790767166507
4e8291,31,1790851766507
f16e71,45,1790766266507
b2046d,29,1790766266507
5d9415,28,1790766266507
a7f389,46,1790851766507
b27855,52,1790766266507
df801b,46,1790767166507
534932,37,1790767166507
182a6f,57,1790851766507
74ce0d,32,1790766266507
3aa9da,32,1790851766507
408c12,45,1790851766507
cce757,24,1790851766507
283b4b,34,1790766266507
6ecbbf,47,1790766266507
c8971a,40,1790766266507
7d1b2d,48,1790766266507
1628df,37,1790766266507
0c147e,39,1790851766507
122249,60,1790767166507
bb8c45,31,1790767166507
f033fd,56,1790851766507
af0d3d,18,1790767166507
021c5a,44,1790766266507
a97b97,39,1790766266507
f5f369,28,1790766266507
090c38,52,1790851766507
fc936e,42,1790766266507
140653,58,1790766266507
f06fea,25,1790851766507
4bf00e,58,1790851766507
9f47de,42,1790766266507
4fbc70,32,1790766266507
b8b648,41,1790851766507
8be277,39,1790766266507
12bc13,44,1790851766507
7aa661,41,1790851766507
03b643,57,1790766266507
677877,57,1790851766507
7c36d4,45,1790766266507
81627f,41,1790767166507
5a1bd5,56,1790766266507
01913a,59,1790851766507
becc21,34,1790766266507
5e9028,58,1790851766507
3d2170,48,1790767166507
c47838,58,1790851766507
455ab4,19,1790766266507
436fe5,52,1790851766507
80cd5b,43,1790851766507
81a3bb,24,1790767166507
715807,38,1790766266507
87e74f,42,1790766266507
dd4cdf,23,1790851766507
c70624,27,1790766266507
41fa35,60,1790766266507
e134ce,43,1790766266507
6c1334,33,1790767166507
95e603,15,1790767166507
dfa7ad,54,1790766266507
0e482e,30,1790767166507
20c575,27,1790766266507
bc86d4,17,1790851766507
a269aa,30,1790851766507
05f82b,16,1790851766507
22dc5d,46,1790766266507
5389a8,59,1790767166507
2cb8e2,48,1790851766507
2d9a1a,48,1790766266507
323e48,37,1790767166507
b5b237,27,1790767166507
3d29e0,33,1790851766507
73fcc1,23,1790766266507
2f6310,21,1790767166507
8c2f22,52,1790851766507
6758b2,28,1790767166507
0f9357,58,1790766266507
25ee33,52,1790851766507
31185f,36,1790767166507
787c22,34,1790767166507
73beb5,47,1790766266507
341501,15,1790767166507
67cf95,30,1790851766507
f2f86f,38,1790766266507
2366cd,47,1790767166507
c1bdfd,59,1790851766507
a05ffe,33,1790767166507
47bcd8,29,1790767166507
19fddc,37,1790767166507
cf2a0a,38,1790766266507
2a847d,40,1790851766507
161d7e,27,1790851766507
4becca,28,1790767166507
a04672,51,1790767166507
5524b1,22,1790767166507
259119,37,1790766266507
378658,45,1790766266507
43246b,28,1790851766507
46104e,42,1790767166507
b1f897,43,1790851766507
3e7500,28,1790767166507
6ccede,22,1790851766507
803237,21,1790851766507
b465c0,27,1790851766507
4bf619,51,1790767166507
82607e,35,1790851766507
ee1d4e,15,1790851766507
4558bb,41,1790766266507
236096,21,1790766266507
f2be10,52,1790766266507
c2a72d,51,1790851766507
19d068,56,1790767166507
89c797,34,1790767166507
751908,20,1790766266507
005709,44,1790767166507
554cc7,46,1790767166507
d12441,41,1790766266507
3d3bec,42,1790767166507
9b00f9,40,1790767166507
c9d1b4,58,1790767166507
43e809,21,1790766266507
65dc3a,47,1790851766507
198d34,32,1790851766507
ccb911,15,1790767166507
61ab48,43,1790766266507
bb540f,21,1790767166507
b318fa,22,1790767166507
6ff3f3,24,1790851766507
5673f3,21,1790766266507
21fd1b,44,1790766266507
59a45a,55,1790767166507
805866,17,1790767166507
a28f25,40,1790767166507
0e3b6c,36,1790767166507
4b4d25,53,1790767166507
e7e67c,49,1790766266507
11c661,58,1790766266507
ced1af,52,1790851766507
e432a9,57,1790851766507
0600db,18,1790851766507
b5d03c,32,1790767166507
2df0a0,39,1790851766507
e482d2,16,1790767166507
617152,31,1790767166507
0e8548,33,1790851766507
fa0f3b,31,1790767166507
3e9df0,21,1790767166507
9d04fb,51,1790851766507
e4654b,35,1790851766507
84c3dd,58,1790767166507
18c9de,53,1790766266507
665db8,17,1790766266507
a8d914,40,1790766266507
c385ce,20,1790766266507
2d584a,39,1790766266507
a6c276,41,1790851766507
23eaf6,31,1790766266507
e63f4e,30,1790767166507
e15157,15,1790851766507
e29d43,53,1790766266507
b975a3,16,1790851766507
cda9e5,41,1790766266507
b516ad,24,1790767166507
ad748e,21,1790766266507
4f74a6,59,1790767166507
8d326e,30,1790767166507
bf6b09,25,1790766266507
c5cbc5,53,1790851766507
7466dc,22,1790767166507
fcd67c,46,1790851766507
45cc08,60,1790767166507
e205ff,18,1790851766507
8d859c,45,1790767166507
6199f7,41,1790766266507
8f563a,35,1790767166507
461586,53,1790851766507
138f3e,27,1790851766507
8f2e07,38,1790767166507
40136b,33,1790851766507
a6700b,20,1790766266507
e6e4a0,20,1790767166507
bdb121,52,1790766266507
51f631,21,1790767166507
1cf954,18,1790766266507
27ae99,27,1790851766507
12f974,37,1790766266507
e2f24c,47,1790766266507
3418f0,26,1790766266507
1ad8b1,32,1790767166507
1e4f1a,49,1790767166507
6b31ed,21,1790767166507
12ba61,52,1790766266507
b64be4,33,1790767166507
726430,33,1790851766507
170ca8,42,1790851766507
3bc77f,19,1790766266507
e572ac,30,1790766266507
339542,36,1790767166507
7d91bd,15,1790851766507
619d30,36,1790767166507
d04f85,29,1790766266507
afa8b3,46,1790766266507
ffe6fc,15,1790767166507
89b129,46,1790851766507
6063ba,55,1790851766507
a8660a,39,1790851766507
ae17b4,50,1790851766507
8e5fb2,29,1790767166507
ed3e9b,55,1790767166507
102dc6,43,1790851766507
bae843,38,1790766266507
a342b3,15,1790767166507
2a1f15,56,1790851766507
dfabf2,26,1790767166507
988a1a,54,1790766266507
4c46cc,54,1790851766507
ab2466,32,1790766266507
6dbea3,51,1790767166507
1e5acf,57,1790766266507
cbc1e8,39,1790767166507
fa3e2c,19,1790767166507
801549,29,1790851766507
bb45d9,42,1790767166507
893091,53,1790851766507
21026b,36,1790766266507
132fe2,55,1790851766507
c23d81,15,1790767166507
b9f431,26,1790851766507
023589,39,1790767166507
14b4a3,53,1790767166507
189500,19,1790851766507
7bcc50,20,1790767166507
71f52c,45,1790851766507
304940,20,1790851766507
c1975b,15,1790851766507
1204f7,56,1790851766507
b48bbf,50,1790767166507
2c4361,41,1790767166507
433909,25,1790767166507
2238e9,43,1790767166507
d76cc2,15,1790851766507
9a4f76,49,1790766266507
05647c,55,1790766266507
026b18,15,1790767166507
38e904,43,1790851766507
5e6239,30,1790766266507
eb6d63,37,1790767166507
a471e5,26,1790851766507
e01de3,59,1790767166507
17ee9b,55,1790766266507
ac707d,45,1790851766507
5f86e9,51,1790851766507
78ca9f,30,1790851766507
1b8652,30,1790851766507
9fd069,22,1790767166507
e45101,24,1790767166507
130856,36,1790766266507
9c9f4a,36,1790851766507
0855ad,28,1790767166507
61f940,38,1790766266507
7abd64,48,1790767166507
798bb4,31,1790766266507
19b7ec,54,1790851766507
761205,55,1790851766507
ab1908,48,1790766266507
8103b9,27,1790851766507
479d91,29,1790767166507
bb02fd,23,1790767166507
4424f4,35,1790767166507
a6f3de,20,1790767166507
12cf92,50,1790851766507
39f393,32,1790767166507
1e426c,56,1790766266507
4e2aa3,38,1790767166507
043a19,22,1790766266507
fb6aaf,50,1790851766507
e494c3,47,1790851766507
c52200,59,1790851766507
604946,60,1790767166507
18ac2a,44,1790766266507
3c184e,47,1790767166507
de3b0d,30,1790766266507
ea247d,36,1790767166507
043053,50,1790851766507
77e5b3,51,1790851766507
447a44,33,1790851766507
0f0b6f,16,1790767166507
ca2ed6,37,1790767166507
fb1da1,59,1790766266507
d52c72,18,1790766266507
f32692,60,1790766266507
45d8b3,18,1790767166507
49ae8c,39,1790766266507
ce1c09,39,1790851766507
12e84e,52,1790851766507
3a0af1,43,1790767166507
d0e28e,23,1790767166507
91b3ec,56,1790766266507
41da8e,15,1790766266507
2a0da4,26,1790851766507
9d5c1a,25,1790766266507
dfcd88,47,1790851766507
cdd602,19,1790851766507
622cd2,56,1790767166507
a5e937,54,1790766266507
882322,42,1790851766507
8dda7c,59,1790767166507
9ed54f,30,1790766266507
2c5f87,59,1790766266507
b93aee,56,1790767166507
25b15b,40,1790766266507
82368e,38,1790766266507
fe96e9,20,1790767166507
168bad,48,1790766266507
031a4f,24,1790851766507
06c17d,31,1790766266507
e14b60,50,1790766266507
6e943a,27,1790767166507
57eb59,30,1790767166507
f41798,35,1790766266507
d340dc,28,1790851766507
48d269,54,1790767166507
b11403,46,1790767166507
e334ee,60,1790851766507
572910,39,1790851766507
16c04c,50,1790851766507
e4ec04,60,1790767166507
9c3b87,19,1790851766507
c2d4ca,32,1790766266507
76e35e,35,1790851766507
f21d9c,49,1790851766507
fb3a1e,21,1790766266507
e2fdd3,47,1790851766507
9a5716,27,1790851766507
bf808c,28,1790766266507
18c86e,32,1790767166507
9e7cee,25,1790851766507
a66492,58,1790767166507
9a9d23,34,1790851766507
dc94c1,57,1790767166507
22d752,50,1790766266507
227d09,27,1790766266507
c265b9,37,1790766266507
f6bd84,55,1790766266507
8fa08a,40,1790766266507
5f9c83,51,1790851766507
83e5c2,50,1790767166507
4c53c8,24,1790766266507
cc7c4c,42,1790767166507
1a0d5d,32,1790851766507
49a23a,42,1790767166507
f9eb1d,48,1790767166507
722522,21,1790767166507
8a9501,57,1790851766507
c78466,31,1790851766507
62c557,50,1790851766507
a74ef7,47,1790851766507
58cb2a,52,1790851766507
e03636,40,1790767166507
f22522,25,1790766266507
8970ff,37,1790851766507
895005,55,1790767166507
9e5f72,54,1790851766507
e297bc,16,1790767166507
e68c0f,42,1790851766507
f014f1,20,1790766266507
c45cb7,32,1790767166507
74494e,55,1790766266507
cd59b9,55,1790851766507
616fd4,24,1790766266507
000b03,55,1790851766507
84131f,54,1790767166507
ceda47,57,1790766266507
745cd5,40,1790766266507
78b000,53,1790766266507
0bc21d,42,1790766266507
587e78,37,1790767166507
b5cbda,21,1790851766507
662f60,49,1790767166507
88ab7c,31,1790766266507
fd71b9,58,1790767166507
8b53f4,49,1790851766507
054aec,53,1790767166507
ec9b77,15,1790767166507
7c2a12,36,1790766266507
412dd1,50,1790851766507
24616f,27,1790767166507
c66538,57,1790851766507
946cb9,31,1790851766507
ac9497,24,1790851766507
ab8071,58,1790851766507
f0aa79,29,1790766266507
ec3d3c,17,1790767166507
0e4d42,51,1790851766507
fceaf4,32,1790767166507
9451b1,35,1790767166507
55af2a,22,1790767166507
42e5c5,27,1790851766507
240cbc,59,1790767166507
b5d7c1,50,1790851766507
09b571,36,1790767166507
cde96d,58,1790851766507
6511e1,26,1790851766507
48ec9a,46,1790766266507
0be387,22,1790767166507
e52863,50,1790851766507
1a3ee4,43,1790767166507
901d9c,44,1790767166507
7d2030,50,1790851766507
e00f86,16,1790766266507
5df492,15,1790767166507
4f166d,41,1790767166507
bf62f2,26,1790766266507
2c6fcb,38,1790851766507
334f1b,48,1790851766507
724620,50,1790851766507
3e6f5d,32,1790766266507
8ef7f0,38,1790766266507
9afe10,55,1790851766507
b0ae31,37,1790767166507
a7dfec,24,1790851766507
7c3648,53,1790766266507
592096,48,1790766266507
09f00e,43,1790766266507
c77581,48,1790851766507
81ce19,42,1790766266507
2e6db4,49,1790766266507
e39bc5,46,1790766266507
7e46b9,56,1790767166507
6e566e,20,1790851766507
c306ad,54,1790851766507
485408,57,1790851766507
678b63,28,1790766266507
f18fb5,56,1790766266507
30288a,34,1790767166507
5f48de,37,1790766266507
5ad3ae,32,1790767166507
1e47df,46,1790851766507
ba0871,30,1790767166507
e34209,58,1790851766507
5fd56e,16,1790766266507
8f2fa2,38,1790851766507
ab3c13,39,1790766266507
c83ca7,36,1790766266507
92653f,55,1790767166507
b01353,18,1790851766507
d597ec,35,1790851766507
9e24b2,18,1790767166507
64e5b3,25,1790851766507
4b4394,39,1790851766507
f92f09,41,1790767166507
026ef3,16,1790766266507
563615,58,1790851766507
bced08,19,1790767166507
4f0588,20,1790767166507
94f48b,45,1790766266507
434d9e,30,1790767166507
87b2f6,19,1790766266507
8f24a6,50,1790851766507
c2ffeb,57,1790851766507
f7e6ad,51,1790851766507
4ab43c,56,1790851766507
d18c7e,32,1790851766507
91cafb,39,1790851766507
9d6fa3,59,1790766266507
d6db20,46,1790766266507
f2a1af,58,1790851766507
f0dda1,22,1790767166507
f539b8,39,1790766266507
24229a,39,1790851766507
75638e,59,1790767166507
543122,18,1790766266507
e41523,21,1790851766507
3df2b0,22,1790766266507
65916a,28,1790767166507
024d1c,57,1790851766507
2a771b,44,1790766266507
7ce158,33,1790766266507
23af48,15,1790851766507
823bc8,44,1790766266507
24de35,23,1790851766507
398f8b,51,1790766266507
ba56ac,28,1790766266507
1fade6,40,1790767166507
0aa2f5,51,1790766266507
aa6fcc,34,1790767166507
bb72da,22,1790767166507
e01127,22,1790767166507
c06fa9,25,1790766266507
256545,30,1790851766507
558eea,44,1790851766507
6649cd,44,1790851766507
093f79,24,1790767166507
3a382c,25,1790767166507
10ed66,36,1790766266507
6ac7d6,30,1790766266507
6abc8c,40,1790767166507
fb43e5,38,1790851766507
4498e7,25,1790851766507
61d189,28,1790851766507
a94149,39,1790767166507
00efe5,19,1790851766507
a562db,39,1790766266507
3d4a36,56,1790766266507
6d12b1,40,1790766266507
7a94a5,60,1790766266507
1e41fd,20,1790766266507
68ff7d,43,1790851766507
952730,27,1790766266507
c9fb3e,15,1790767166507
0ad707,42,1790851766507
bf0396,47,1790767166507
595baa,59,1790767166507
be61ff,34,1790767166507
3a7e7f,57,1790851766507
adcc80,37,1790851766507
4313f2,57,1790766266507
980db1,34,1790766266507
8206ff,17,1790767166507
2d5d1a,20,1790766266507
f1e45f,31,1790766266507
2e5057,50,1790766266507
b3e1af,20,1790851766507
df9e5a,56,1790851766507
b37b38,47,1790767166507
f027a6,47,1790767166507
cc4d3f,25,1790767166507
3bf856,26,1790766266507
a5bc51,60,1790766266507
bbaa48,33,1790767166507
ba96be,59,1790766266507
7dc7aa,48,1790851766507
8cb18b,15,1790766266507
b7f111,29,1790767166507
a527c9,46,1790766266507
b961cc,38,1790766266507
0d046e,21,1790851766507
e3ffc5,39,1790766266507
db3bf2,29,1790767166507
9e30a9,17,1790767166507
4d2ae0,27,1790766266507
f4ac3e,52,1790766266507
1e23ee,34,1790851766507
4f5bc0,60,1790851766507
06b8db,32,1790767166507
c3ed93,23,1790767166507
7af26d,38,1790767166507
526fb8,52,1790851766507
f01c67,59,1790851766507
9a2729,24,1790766266507
0b4429,35,1790766266507
ce5379,21,1790766266507
4805dd,43,1790766266507
30755e,37,1790766266507
a96e35,38,1790767166507
582890,53,1790766266507
521100,37,1790767166507
01de7f,18,1790766266507
a10790,58,1790767166507
115472,34,1790767166507
237349,36,1790767166507
c5944e,28,1790851766507
95120b,27,1790766266507
f4a07d,59,1790851766507
26970b,42,1790851766507
9dfe55,60,1790766266507
a7ef72,36,1790767166507
fd5a0e,51,1790766266507
a0c9fd,35,1790767166507
af991c,53,1790851766507
d4a9a5,46,1790851766507
28d413,44,1790767166507
77609c,46,1790766266507
47a3be,35,1790766266507
d3daac,19,1790766266507
6df238,46,1790766266507
41e6dd,39,1790767166507
bd2b00,55,1790766266507
f5c05d,52,1790766266507
8ea8b2,37,1790766266507
6c3e08,59,1790851766507
4e05eb,45,1790766266507
dc4174,54,1790851766507
24f069,44,1790766266507
5d9583,35,1790766266507
e783e5,29,1790766266507
ec5fa5,51,1790851766507
5dce74,29,1790851766507
b552c1,30,1790766266507
0d7142,55,1790767166507
82e318,39,1790767166507
5d566b,33,1790851766507
b7047e,51,1790851766507
939e56,36,1790851766507
1de3a7,21,1790766266507
669c9a,51,1790851766507
47f4ea,56,1790766266507
77eaa1,57,1790767166507
d0208c,43,1790851766507
61f0dd,37,1790851766507
a45ee9,17,1790767166507
bec609,29,1790766266507
cf687b,51,1790767166507
73c0e9,25,1790851766507
739844,44,1790767166507
b7d161,42,1790851766507
8e49d9,43,1790767166507
773a21,38,1790767166507
80c038,20,1790851766507
466258,26,1790851766507
8eff7c,18,1790766266507
1308ec,38,1790767166507
626700,46,1790851766507
3a61dd,50,1790767166507
ea6867,36,1790851766507
bbca57,40,1790851766507
f8048f,43,1790767166507
7678d6,30,1790851766507
e2f8d5,37,1790851766507
4fddf6,55,1790766266507
a3ab87,30,1790851766507
e95e88,49,1790851766507
242182,19,1790766266507
3d4e59,60,1790851766507
cccd65,30,1790851766507
002647,56,1790851766507
af651d,25,1790851766507
dfeb98,26,1790767166507
0fd988,19,1790766266507
5d4628,29,1790766266507
1d54af,44,1790767166507
15f3a6,41,1790851766507
80ccea,30,1790766266507
4a2284,16,1790851766507
c40d14,20,1790767166507
43df86,21,1790767166507
428055,22,1790766266507
d5a9d0,33,1790851766507
3fd7d4,18,1790851766507
cc74e0,51,1790851766507
8335e2,51,1790851766507
47b4d0,19,1790851766507
0b2781,55,1790766266507
3d1115,57,1790767166507
600549,53,1790851766507
1f3a0c,31,1790766266507
e44ce0,50,1790766266507
353c16,20,1790767166507
f6324f,50,1790767166507
9951cd,42,1790767166507
63d650,50,1790766266507
09a488,49,1790766266507
0f95f5,60,1790766266507
395348,26,1790766266507
a658c0,41,1790851766507
a76d67,47,1790766266507
272f92,25,1790767166507
1de2ae,33,1790767166507
50623a,60,1790767166507
ca67e0,18,1790766266507
1b94d1,32,1790851766507
2ec997,45,1790767166507
f91d29,18,1790766266507
dc3d17,50,1790766266507
7c5ae3,38,1790767166507
1ca541,43,1790767166507
c18d9e,38,1790851766507
e6e4dc,30,1790767166507
1b573d,47,1790851766507
e1bb35,59,1790767166507
95611b,59,1790851766507
5211ff,31,1790766266507
da28f8,27,1790767166507
df72c0,47,1790767166507
9a86f7,24,1790767166507
cd408c,34,1790767166507
f2c8d0,30,1790767166507
3899f2,46,1790851766507
2dc65c,49,1790767166507
eaba02,17,1790851766507
fe8746,42,1790851766507
0ba393,33,1790766266507
f48d17,31,1790766266507
3c9a7d,30,1790767166507
3a76e8,54,1790851766507
f8909c,34,1790851766507
3473a8,40,1790767166507
2bb898,31,1790851766507
0ffa92,38,1790766266507
78f929,18,1790851766507
12b3ab,21,1790766266507
493276,44,1790766266507
1698b0,43,1790766266507
10ef86,17,1790851766507
186b01,45,1790851766507
b3cbc1,40,1790767166507
99c011,24,1790767166507
edb2b1,25,1790766266507
85d80e,19,1790851766507
4164bd,41,1790767166507
f86363,20,1790851766507
143f3c,15,1790767166507
82c5fc,53,1790766266507
87a5e0,20,1790851766507
7e06a1,54,1790767166507
6a6177,24,1790766266507
1aa25b,51,1790767166507
75bf50,48,1790767166507
6c72c8,19,1790767166507
31ceb8,55,1790851766507
1d283b,34,1790767166507
e7c3cb,59,1790851766507
a6207d,42,1790767166507
f4e63e,40,1790851766507
429480,44,1790767166507
be2875,49,1790851766507
ef53e7,18,1790766266507
c0e33e,23,1790766266507
693e91,48,1790766266507
4aabd3,25,1790766266507
c78670,59,1790767166507
1769b8,29,1790767166507
1ebec8,59,1790767166507
eb2c9a,20,1790766266507
c4b29e,55,1790851766507
9d89ea,44,1790851766507
213069,35,1790767166507
2c2f40,31,1790766266507
df4b0c,58,1790851766507
1f320b,19,1790766266507
eab51c,51,1790851766507
0b09e4,19,1790766266507
47c02a,46,1790766266507
60b4c0,42,1790851766507
528ca4,37,1790766266507
135a0a,34,1790851766507
0ceedb,54,1790766266507
b90b31,59,1790851766507
42b5c4,34,1790766266507
83bbe9,58,1790766266507
5d7665,47,1790766266507
4242b7,41,1790767166507
9d9e67,18,1790851766507
be162d,29,1790766266507
a59a56,32,1790767166507
4cd053,21,1790851766507
9e3611,56,1790851766507
874462,54,1790851766507
4a60cf,50,1790767166507
6ed2b7,46,1790767166507
a90640,57,1790851766507
50f951,53,1790767166507
b434bf,35,1790766266507
eab393,39,1790767166507
5dc8a5,45,1790851766507
decd57,59,1790767166507
b9242c,36,1790851766507
f1c8a4,22,1790766266507
36273d,58,1790766266507
7b7888,48,1790851766507
201913,23,1790766266507
7c0ce3,17,1790767166507
23e8f9,51,1790851766507
45f51b,15,1790767166507
eeb49c,32,1790766266507
fb9b8d,29,1790851766507
95d612,39,1790766266507
12ef22,43,1790851766507
5449c5,39,1790851766507
2943b9,55,1790767166507
83d304,47,1790767166507
ed2bfd,35,1790766266507
bda12c,25,1790851766507
6a5dcd,58,1790767166507
72de02,36,1790767166507
f01204,34,1790767166507
d0ab72,38,1790851766507
53dcba,58,1790767166507
ce9955,22,1790767166507
cff2f6,16,1790851766507
9da249,23,1790851766507
41cdbd,34,1790851766507
6d8f65,32,1790851766507
88598e,48,1790851766507
a2cb97,60,1790767166507
f770cb,43,1790767166507
5e50f4,42,1790766266507
7e6caf,18,1790851766507
9ece7c,57,1790766266507
78ebc6,42,1790767166507
31e6ac,26,1790851766507
897475,21,1790766266507
a920d3,20,1790851766507
996868,28,1790851766507
801df4,60,1790766266507
2eda25,23,1790766266507
ada97e,46,1790766266507
1ad3ce,33,1790766266507
54665f,56,1790767166507
a59c16,49,1790766266507
d97034,21,1790851766507
160928,41,1790767166507
b9678d,47,1790851766507
94d94a,29,1790766266507
bc4229,24,1790766266507
f9ec63,15,1790766266507
3b113c,41,1790851766507
ac2728,30,1790766266507
58630a,45,1790851766507
b12b95,15,1790851766507
75dea8,26,1790766266507
1d90e3,33,1790767166507
9afc12,18,1790851766507
58b56e,36,1790851766507
157809,42,1790766266507
98801a,54,1790766266507
f98c5e,55,1790851766507
89a095,47,1790851766507
4f5f75,36,1790767166507
eaf425,19,1790766266507
c2c89b,32,1790851766507
578dcb,55,1790767166507
ee2d9d,45,1790766266507
661cba,50,1790851766507
3831a4,27,1790766266507
62abbc,32,1790851766507
5c0525,39,1790766266507
a4024c,59,1790851766507
35b2cb,39,1790766266507
8b6ef3,43,1790851766507
be394a,57,1790851766507
c90be6,46,1790766266507
5841d1,41,1790851766507
ae9d04,48,1790851766507
01c45b,16,1790851766507
7b54c3,48,1790851766507
b2f21a,38,1790766266507
559df9,19,1790851766507
3f45df,19,1790767166507
5dda2f,57,1790766266507
fe03a8,50,1790851766507
aa0edf,26,1790767166507
60caf4,20,1790766266507
9e75bf,39,1790767166507
e08afc,49,1790766266507
507cab,35,1790851766507
1be841,53,1790851766507
51bf51,15,1790851766507
a8d8d1,33,1790767166507
aa75a1,35,1790766266507
13fe31,48,1790767166507
817298,53,1790766266507
6a7819,27,1790851766507
7400f5,46,1790851766507
704373,19,1790766266507
9d7576,23,1790766266507
47bbab,16,1790766266507
df6753,42,1790766266507
c76df2,26,1790767166507
8594b3,39,1790851766507
185420,42,1790766266507
ff8aba,56,1790851766507
fc14f9,47,1790851766507
9aa8f6,46,1790851766507
ad30fd,21,1790851766507
ae6397,60,1790767166507
908486,51,1790767166507
6bceb8,42,1790767166507
c97d42,45,1790767166507
7eb0a1,33,1790851766507
a94fac,20,1790766266507
f2cf71,38,1790851766507
94a544,54,1790766266507
3c7144,59,1790767166507
2262d5,54,1790851766507
e0d30c,45,1790766266507
1bc7ec,51,1790851766507
05db15,18,1790851766507
32e8cb,55,1790766266507
3cd10c,24,1790851766507
e165e6,44,1790851766507
1b6af8,36,1790766266507
de7661,54,1790851766507
dee140,40,1790851766507
7be385,51,1790767166507
2c4457,18,1790767166507
2b9183,60,1790766266507
a0dd15,44,1790767166507
e4fd42,54,1790767166507
d22e81,24,1790767166507
dbb31c,15,1790767166507
0c9363,39,1790766266507
57519f,21,1790851766507
b608ec,39,1790851766507
6dafea,52,1790766266507
a384f1,22,1790766266507
fb0afd,54,1790851766507
3423c4,19,1790766266507
10af1a,39,1790851766507
d241d6,51,1790766266507
322ff6,24,1790767166507
bfcbef,57,1790851766507
f87feb,51,1790851766507
6f7f55,47,1790766266507
1d1a63,55,1790851766507
dc017a,44,1790766266507
d5162d,22,1790851766507
fe4213,56,1790766266507
6b2e14,35,1790767166507
221bf0,29,1790767166507
18a39d,39,1790766266507
fcfbdb,24,1790767166507
db1dbe,21,1790767166507
e1fb59,59,1790766266507
30d9ba,57,1790851766507
f77fc4,58,1790766266507
ec0bd4,55,1790767166507
76e3c7,21,1790767166507
cf3fb2,34,1790766266507
80ffa4,32,1790851766507
6bb448,21,1790766266507
c3c500,22,1790851766507
fbdbe7,36,1790767166507
3a455e,26,1790851766507
8a4cba,39,1790767166507
e56a37,28,1790851766507
01648d,26,1790851766507
b038db,31,1790851766507
f2653f,31,1790851766507
5c684f,37,1790767166507
f196da,20,1790766266507
4a3e29,31,1790766266507
f9ddbb,53,1790851766507
155576,17,1790851766507
a44c8b,39,1790766266507
fd8972,58,1790851766507
02acba,54,1790851766507
679056,27,1790767166507
4ccdb6,59,1790766266507
66389c,25,1790767166507
8c95d4,30,1790851766507
8c4df2,34,1790851766507
b22ab7,46,1790767166507
042642,58,1790767166507
b556a4,38,1790767166507
e9e58c,54,1790851766507
289459,19,1790767166507
efc4e2,21,1790766266507
488041,50,1790767166507
5ef0f2,37,1790767166507
22336c,33,1790767166507
046413,35,1790766266507
e7fe86,45,1790767166507
fa3dca,38,1790767166507
940be2,17,1790766266507
db319c,37,1790851766507
881aa0,15,1790767166507
f85b76,45,1790851766507
9d393c,16,1790766266507
98bade,36,1790851766507
51393a,29,1790766266507
3c7663,28,1790766266507
703821,45,1790851766507
1f38ad,20,1790767166507
1af83b,44,1790851766507
6108c5,22,1790766266507
6fdbbb,40,1790767166507
81f751,25,1790766266507
54ba63,53,1790851766507
eddcaa,33,1790851766507
b6b4d9,56,1790766266507
bdc2c6,59,1790767166507
fc0087,38,1790767166507
4df589,34,1790766266507
ca6fb7,29,1790851766507
c7aca0,18,1790766266507
d89384,27,1790766266507
84d888,43,1790767166507
86d372,29,1790767166507
ef6adb,32,1790851766507
f6ee36,23,1790767166507
687fb7,23,1790851766507
db6673,45,1790766266507
4692fb,53,1790767166507
23460a,15,1790767166507
b2f3f7,39,1790851766507
b4c3d7,43,1790851766507
bfba93,48,1790766266507
5a0d53,52,1790767166507
e75d51,32,1790766266507
81d40e,48,1790767166507
e778f7,50,1790851766507
18be03,19,1790851766507
46676a,34,1790851766507
28adc8,54,1790767166507
2165c4,25,1790766266507
48b70b,34,1790851766507
cc9b5d,59,1790766266507
988b13,22,1790767166507
c64624,49,1790767166507
4b48b7,48,1790766266507
3e3783,16,1790767166507
70334d,15,1790766266507
69c3d8,58,1790766266507
6f71f2,53,1790767166507
ab8ef8,40,1790767166507
0f645b,47,1790767166507
b21071,57,1790851766507
cee19d,54,1790767166507
77023d,23,1790767166507
4b6514,25,1790851766507
9a13c3,35,1790767166507
6cf22b,16,1790767166507
81f5bf,30,1790767166507
737402,53,1790767166507
0e5230,60,1790767166507
060517,45,1790851766507
886052,56,1790767166507
3d313b,45,1790767166507
62645c,54,1790767166507
dc527e,51,1790851766507
693bdd,18,1790766266507
9f30cb,42,1790766266507
8fa683,28,1790767166507
ec449d,35,1790767166507
1d7226,16,1790851766507
57251c,60,1790767166507
9660c2,53,1790851766507
88aae4,57,1790851766507
ff7c0d,39,1790767166507
0d494d,57,1790766266507
a397ce,58,1790766266507
5ea3e7,51,1790767166507
f5f1e8,51,1790851766507
186178,53,1790767166507
b42d87,58,1790851766507
dfab98,36,1790767166507
38d1d6,31,1790766266507
f6b050,24,1790851766507
c9f054,57,1790766266507
c8293c,44,1790767166507
f60c25,40,1790767166507
7c0c0a,31,1790851766507
1a15f0,33,1790767166507
2d7492,53,1790767166507
9279c1,50,1790767166507
e05ad3,56,1790766266507
afa861,38,1790766266507
2cf6a6,35,1790766266507
486703,37,1790766266507
1be5df,37,1790767166507
ad6aec,51,1790767166507
402ddc,50,1790851766507
7b048a,16,1790766266507
a72a4c,27,1790767166507
2ec38d,48,1790766266507
0d5633,18,1790766266507
12caa3,58,1790766266507
00c637,24,1790767166507
7308d5,21,1790766266507
a62223,33,1790851766507
399bb5,42,1790766266507
e3791d,28,1790767166507
ce8c5d,41,1790767166507
9af03a,21,1790766266507
7e6007,26,1790851766507
1515d4,51,1790767166507
559781,27,1790766266507
29966f,31,1790767166507
d1d77c,18,1790767166507
02144d,59,1790767166507
0011ce,49,1790766266507
50d8b9,48,1790767166507
adb2b6,44,1790766266507
fc6c98,17,1790767166507
8b7520,18,1790851766507
e8b932,60,1790767166507
4c7747,36,1790767166507
f1a9ee,24,1790851766507
4d374d,56,1790766266507
0d6c7a,20,1790766266507
26becc,57,1790851766507
c16286,15,1790767166507
706ad3,50,1790767166507
f31212,58,1790767166507
e1e259,33,1790767166507
b3444f,17,1790767166507
614e49,45,1790767166507
ae5f3f,24,1790767166507
7ccf57,24,1790766266507
aea16c,31,1790767166507
dc94d5,23,1790851766507
77f91b,59,1790766266507
5c9f6e,39,1790767166507
94770b,33,1790766266507
1b3537,44,1790767166507
1eff3a,32,1790766266507
e47fe4,18,1790851766507
f8d26e,20,1790767166507
adc076,57,1790766266507
0ce20e,32,1790766266507
b0538c,24,1790851766507
c81407,53,1790766266507
261b53,43,1790766266507
739246,40,1790767166507
536ac0,38,1790767166507
029d34,47,1790767166507
1e0199,17,1790851766507
82f46d,40,1790766266507
8646fe,20,1790766266507
28ec4f,45,1790851766507
4e8ff7,26,1790851766507
1e3d95,28,1790767166507
6104b1,56,1790851766507
de66b2,44,1790766266507
6f502c,21,1790767166507
543b14,45,1790767166507
5d9e5b,20,1790766266507
4bfe29,25,1790767166507
9ac5ed,56,1790766266507
50ca9d,31,1790767166507
94d28c,33,1790851766507
1e2ccc,34,1790851766507
fff038,33,1790766266507
4da38f,20,1790766266507
8e6dab,15,1790766266507
95b34f,56,1790851766507
afabdc,32,1790851766507
0173e8,20,1790767166507
6e8572,31,1790851766507
f4e43e,59,1790767166507
8114ff,43,1790851766507
d37984,16,1790766266507
471d27,39,1790767166507
1779cd,41,1790851766507
246c36,60,1790767166507
996b78,49,1790851766507
7ef475,16,1790767166507
5e4bb1,29,1790767166507
ac3316,59,1790766266507
c11061,57,1790766266507
4994f9,53,1790767166507
e818a3,36,1790851766507
53f4b9,23,1790766266507
045e61,33,1790766266507
3cfb90,57,1790767166507
85162c,48,1790851766507
8f2b8d,22,1790851766507
01346a,52,1790767166507
050563,27,1790851766507
c04164,51,1790767166507
ef172e,27,1790766266507
e61101,44,1790767166507
0e4711,55,1790851766507
3fa079,48,1790766266507
85e319,28,1790851766507
b94720,40,1790766266507
35dc48,43,1790767166507
4563ac,32,1790767166507
2c24c8,58,1790766266507
1a9ca6,34,1790767166507
f1d822,16,1790766266507
45f988,31,1790766266507
b358af,18,1790766266507
267a49,27,1790766266507
31793e,50,1790766266507
c444d8,34,1790766266507
394987,20,1790851766507
19f2b8,32,1790767166507
d57890,33,1790851766507
945cdb,29,1790766266507
88a24f,57,1790767166507
8d5312,30,1790766266507
8d6452,18,1790767166507
422924,47,1790851766507
24ccd9,41,1790766266507
972876,19,1790851766507
091fa8,45,1790851766507
6054c8,24,1790767166507
2a8c4e,56,1790767166507
aade1c,15,1790851766507
7b7d62,29,1790767166507
2ac4ce,60,1790766266507
f5d684,34,1790767166507
472d6b,19,1790851766507
a767e5,42,1790767166507
8e523f,48,1790766266507
549575,40,1790767166507
85ed9a,50,1790767166507
ca4269,22,1790766266507
2ff4a3,29,1790851766507
1b7629,36,1790766266507
36bb93,58,1790851766507
981469,49,1790766266507
29fd46,57,1790767166507
8c8026,53,1790767166507
8f54e1,16,1790766266507
10d62f,56,1790851766507
9ea713,18,1790766266507
4a4ad5,56,1790851766507
0a2f63,39,1790767166507
22a982,22,1790851766507
f0bfa4,15,1790767166507
99ce6e,57,1790767166507
630bed,38,1790766266507
272ae7,23,1790767166507
15de37,45,1790766266507
9dab9e,47,1790767166507
6e03b0,26,1790766266507
15fca0,15,1790851766507
90b396,60,1790767166507
46875b,40,1790767166507
604edd,32,1790767166507
7d829b,27,1790851766507
ebfdca,29,1790767166507
5507ae,27,1790767166507
c9a6ab,37,1790851766507
7fc468,18,1790767166507
3ef0dc,35,1790767166507
dd24fa,28,1790851766507
8f5493,58,1790766266507
952059,22,1790851766507
a79fab,36,1790766266507
3989bc,34,1790767166507
aff869,30,1790851766507
68fa03,16,1790767166507
5f7c2b,52,1790851766507
20da53,32,1790766266507
206b87,18,1790851766507
316cc2,18,1790851766507
774cc1,27,1790766266507
06c3c0,23,1790767166507
0298dc,42,1790851766507
bbbf43,37,1790766266507
9ba83e,35,1790851766507
ad71e0,53,1790767166507
31c7d3,36,1790766266507
74e5f9,40,1790766266507
a2170a,15,1790851766507
31eb56,43,1790851766507
00a9d4,20,1790767166507
0c6d5c,20,1790851766507
45e71f,57,1790767166507
d26071,43,1790766266507
c8dfbe,30,1790767166507
12f54a,43,1790767166507
aaa663,49,1790766266507
354945,39,1790767166507
d0b5de,17,1790766266507
b015d2,40,1790767166507
0d5b89,24,1790766266507
fdfca7,19,1790767166507
425511,39,1790766266507
3bafaa,30,1790767166507
a66efb,39,1790766266507
a98b8f,49,1790851766507
67705b,45,1790766266507
2e6655,36,1790851766507
96811e,41,1790767166507
332319,55,1790766266507
e8dbf6,24,1790766266507
3bd7d8,29,1790766266507
34ddf3,24,1790851766507
e813c8,50,1790767166507
b67a37,22,1790767166507
b63277,30,1790851766507
f0f4bc,35,1790767166507
dedf00,22,1790766266507
3f6743,49,1790766266507
5b19fd,33,1790851766507
4770fb,54,1790766266507
43d567,15,1790851766507
761c67,37,1790851766507
81ba77,15,1790851766507
3a1fe0,36,1790766266507
b2a515,56,1790851766507
946cb1,20,1790851766507
40e548,33,1790767166507
63a868,22,1790851766507
0da290,18,1790767166507
80aa0a,41,1790851766507
aff805,56,1790766266507
5a3c68,19,1790767166507
daff88,59,1790851766507
5b2f5f,59,1790766266507
5ebf9a,27,1790851766507
afc679,30,1790851766507
c2d69e,43,1790766266507
db4ebe,27,1790851766507
b21ed5,37,1790767166507
18e57a,31,1790851766507
8b9696,39,1790766266507
94ebcf,32,1790766266507
29b8b1,56,1790851766507
873be7,24,1790851766507
871695,45,1790766266507
b8eeeb,26,1790766266507
3492ab,16,1790767166507
8f24cc,54,1790767166507
3cc81f,16,1790767166507
5acff9,16,1790851766507
ecf958,59,1790851766507
d7425d,28,1790767166507
66fbc8,20,1790851766507
2789bf,15,1790851766507
f41070,17,1790767166507
baeba3,51,1790851766507
347d1b,39,1790851766507
60825e,29,1790851766507
fb389c,51,1790766266507
375bba,26,1790767166507
07e414,45,1790766266507
ed6821,42,1790851766507
2299cd,33,1790766266507
258b7e,20,1790767166507
16874c,20,1790851766507
b5af58,21,1790851766507
21f8b7,39,1790767166507
94cc78,17,1790851766507
bb4199,36,1790767166507
ccf1bb,58,1790767166507
4c3717,36,1790767166507
f12e6f,18,1790766266507
13f567,59,1790851766507
8a5a77,29,1790766266507
1d9a54,28,1790767166507
505764,38,1790851766507
0bc152,49,1790767166507
5f1fc3,42,1790767166507
d0bf93,51,1790766266507
10805b,29,1790767166507
9f6b55,20,1790767166507
f0fe7b,29,1790851766507
66b991,24,1790766266507
5e74e1,21,1790767166507
da8c94,24,1790766266507
d4119d,49,1790767166507
bca014,34,1790767166507
ad977a,49,1790767166507
614252,21,1790851766507
85c24b,35,1790766266507
3b2fff,21,1790766266507
a9108c,32,1790851766507
347faa,25,1790766266507
509bad,17,1790766266507
4593e4,23,1790767166507
b63014,60,1790851766507
3e88aa,22,1790767166507
303e9e,58,1790766266507
18f78f,44,1790767166507
879ffd,49,1790766266507
6ff643,24,1790851766507
55dcaf,32,1790766266507
a8a39c,59,1790851766507
a23f8e,56,1790766266507
777537,18,1790767166507
dfffe8,24,1790767166507
3656f5,53,1790767166507
56ccd4,18,1790767166507
0f4441,20,1790851766507
d48e0f,27,1790851766507
0a4f5b,38,1790766266507
1cf9f3,15,1790766266507
7f1b38,29,1790766266507
8a3e1d,45,1790767166507
5954a9,59,1790851766507
c049ea,56,1790766266507
ee6a5b,54,1790766266507
f41b2f,31,1790766266507
9749dc,43,1790766266507
7884e6,20,1790767166507
e942e5,47,1790851766507
b75e2b,21,1790851766507
2838c9,36,1790851766507
9ba7fb,32,1790851766507
af8337,55,1790851766507
40ac0a,23,1790766266507
cf6faf,16,1790767166507
3b92fe,31,1790851766507
7b0cd1,50,1790851766507
326c8d,17,1790851766507
850425,24,1790851766507
f90ceb,45,1790767166507
023b65,31,1790766266507
7b68c4,16,1790767166507
79df74,45,1790851766507
97eea2,31,1790766266507
5cef7d,31,1790767166507
4cad2b,26,1790851766507
12aed7,17,1790851766507
60cf39,54,1790851766507
61c01a,54,1790767166507
31d73f,51,1790766266507
1cd439,16,1790766266507
7d2540,18,1790766266507
4c4163,16,1790767166507
7e2252,43,1790851766507
354843,44,1790767166507
93b2a4,55,1790851766507
aea1c9,21,1790766266507
c81b0a,20,1790767166507
6600f8,15,1790767166507
84703d,18,1790767166507
7197a1,58,1790851766507
004583,52,1790767166507
496d69,22,1790767166507
4cb4a6,27,1790766266507
dab58f,38,1790767166507
4e9ecb,59,1790766266507
ae376e,38,1790851766507
2c9e0c,53,1790766266507
edc401,40,1790766266507
8e673e,18,1790766266507
3c6a77,26,1790766266507
98a115,24,1790766266507
b5da9e,30,1790851766507
f886b2,60,1790851766507
b7246e,45,1790766266507
147e6c,15,1790851766507
ecdacd,42,1790766266507
83862a,37,1790851766507
aaf280,58,1790766266507
2f5fb3,20,1790851766507
b11eaa,41,1790766266507
ab0ce7,38,1790851766507
eb50d9,52,1790767166507
fdbe70,57,1790766266507
c903d3,24,1790766266507
716be5,28,1790767166507
1199df,24,1790766266507
56c879,49,1790851766507
5a970a,30,1790851766507
697601,59,1790851766507
e61491,23,1790766266507
3cb37b,45,1790766266507
f11a7e,29,1790851766507
cc3d2d,45,1790766266507
86bde8,31,1790767166507
528b42,57,1790851766507
3d5a26,49,1790767166507
afef35,45,1790766266507
641267,37,1790851766507
fb1a64,59,1790766266507
cb05d4,39,1790767166507
99a76c,16,1790767166507
af4455,46,1790766266507
40a31f,26,1790767166507
19a0d9,46,1790851766507
1c5adb,60,1790766266507
42bbd9,37,1790851766507
228dc4,22,1790766266507
91b96f,15,1790766266507
a8158f,37,1790851766507
e1a852,30,1790767166507
8c304c,29,1790766266507
e846ac,37,1790851766507
c65ba1,23,1790767166507
bbf19b,22,1790851766507
ca7c37,17,1790766266507
29d83b,33,1790851766507
e8964a,24,1790851766507
dd40c5,15,1790851766507
cef6d7,47,1790767166507
794174,58,1790851766507
48dea3,37,1790767166507
9e2c18,35,1790766266507
0c1cbf,50,1790766266507
2f227b,49,1790766266507
7e0a0e,24,1790766266507
507b57,16,1790766266507
fcdf9c,34,1790851766507
02849f,27,1790851766507
545d4f,22,1790767166507
e605b7,15,1790766266507
a2ccca,58,1790851766507
53b1c3,33,1790851766507
1997bb,43,1790767166507
05c08e,22,1790766266507
90d983,16,1790851766507
39619d,32,1790766266507
2384e3,24,1790766266507
2232cd,24,1790766266507
96fbd4,19,1790767166507
eb8d6e,29,1790767166507
30f26e,43,1790767166507
84dd46,46,1790767166507
46a2ba,49,1790766266507
e26c2a,54,1790767166507
a5fe3f,25,1790851766507
d4d60d,57,1790851766507
d7bec4,16,1790767166507
116e22,41,1790766266507
31ce11,35,1790766266507
a41d99,49,1790851766507
40ee2e,46,1790767166507
02a660,17,1790766266507
9ba77f,40,1790851766507
70ca4e,35,1790851766507
44b35f,43,1790766266507
84d48f,58,1790767166507
143256,16,1790766266507
5f030f,51,1790767166507
257e21,37,1790851766507
dc6e98,19,1790766266507
b0599f,24,1790766266507
9eba53,20,1790851766507
7021d7,49,1790767166507
cb68e4,47,1790767166507
3545a4,37,1790766266507
9ea89f,27,1790767166507
8053c6,32,1790767166507
932745,44,1790767166507
b6bb58,43,1790851766507
5492ae,42,1790766266507
3b19e0,40,1790766266507
ecf98b,42,1790851766507
87e72e,40,1790851766507
e46fc7,51,1790851766507
09e6d6,25,1790851766507
493ac1,33,1790766266507
929f8e,38,1790767166507
7dbd73,17,1790766266507
c41a1c,33,1790851766507
4cf60a,44,1790766266507
c6c5f2,31,1790851766507
a04ce7,52,1790851766507
94da5f,38,1790851766507
d374d0,44,1790767166507
6c2017,52,1790851766507
fd1fde,47,1790767166507
f6fbfc,31,1790767166507
314695,34,1790851766507
6c56fb,46,1790767166507
7e223f,29,1790767166507
d546d5,15,1790851766507
0057bb,55,1790851766507
832e3b,28,1790851766507
97f6e2,25,1790766266507
b0006a,28,1790851766507
c4a685,50,1790851766507
8fdbad,18,1790851766507
3a7702,55,1790767166507
0eb00e,55,1790851766507
688e72,26,1790766266507
0eaf5c,21,1790766266507
7dbea9,51,1790767166507
6e1a02,38,1790851766507
5a45fe,54,1790767166507
7e0f23,57,1790766266507
e68504,41,1790851766507
04dc74,39,1790766266507
94f80a,57,1790767166507
84b3f8,47,1790766266507
6a0304,32,1790851766507
8be432,20,1790766266507
7fbee0,16,1790851766507
3d24fc,41,1790766266507
92c5ec,29,1790767166507
888bf8,29,1790767166507
902325,32,1790766266507
c10bd0,33,1790851766507
e255f0,41,1790767166507
4d78fa,48,1790766266507
9b40b7,43,1790767166507
c3629b,27,1790767166507
402073,20,1790851766507
630333,43,1790766266507
995524,15,1790766266507
9b446e,27,1790766266507
a285d1,32,1790767166507
264d55,24,1790767166507
c58b37,35,1790767166507
c38ed5,25,1790851766507
a713e4,54,1790766266507
98af2d,32,1790851766507
b66cef,59,1790767166507
ede76d,56,1790766266507
94a5dd,18,1790767166507
b5a4bb,60,1790851766507
77f83b,47,1790767166507
e76448,30,1790767166507
d584ab,23,1790851766507
02b0d8,48,1790851766507
0cb284,19,1790851766507
74a841,45,1790851766507
5735ab,53,1790766266507
5b8e6f,30,1790851766507
6407a7,24,1790767166507
593438,31,1790851766507
23e253,17,1790766266507
144035,19,1790767166507
021f5a,25,1790851766507
bb863f,51,1790766266507
0a5d97,50,1790766266507
d4de94,45,1790767166507
5f09dc,53,1790766266507
85d356,32,1790851766507
800ef7,34,1790766266507
4a1ff0,57,1790766266507
2d9b5c,24,1790766266507
104e01,34,1790767166507
b746a3,39,1790767166507
d99ed9,20,1790851766507
c204cc,28,1790767166507
6070ec,59,1790766266507
d3f5f9,49,1790851766507
2b3e1a,52,1790767166507
324dd8,23,1790851766507
aec549,35,1790851766507
9cad85,16,1790767166507
2280bb,48,1790766266507
29c2b0,47,1790767166507
6e734f,21,1790767166507
856f9b,58,1790766266507
785d5d,19,1790851766507
bd75e8,26,1790767166507
d20def,51,1790766266507
aa6c04,54,1790766266507
f7c15f,52,1790851766507
62d005,16,1790767166507
996155,27,1790851766507
2ccd64,19,1790766266507
8ca0f7,21,1790766266507
2b70e7,26,1790766266507
120863,23,1790767166507
c4e73b,28,1790766266507
cb531f,56,1790851766507
7a728b,60,1790767166507
5aa8ef,55,1790767166507
0adb92,19,1790766266507
5d7615,59,1790851766507
de6f64,23,1790766266507
195b1b,39,1790851766507
29f30d,21,1790851766507
c3fff9,16,1790851766507
f0f3b5,19,1790767166507
d4fe48,43,1790767166507
182ad5,36,1790851766507
564587,50,1790767166507
2d51ba,39,1790851766507
6f9fe1,47,1790851766507
bb887f,26,1790851766507
b22eb4,23,1790851766507
d8b615,26,1790766266507
2f2b49,17,1790767166507
d59251,57,1790851766507
c0f93d,22,1790767166507
755d18,28,1790766266507
b25f03,27,1790767166507
b1ab93,60,1790767166507
9ae725,35,1790767166507
94ae2f,53,1790766266507
d9dbf2,44,1790767166507
04a3c1,53,1790766266507
59e156,27,1790851766507
50e444,15,1790767166507
dd1b0b,48,1790766266507
b07d99,50,1790766266507
964f1c,23,1790767166507
6ed879,17,1790766266507
b6c93a,24,1790767166507
c5c0d7,20,1790767166507
4e260c,47,1790851766507
7d00a9,26,1790851766507
e2106f,34,1790766266507
8d9aac,53,1790766266507
a5d176,32,1790766266507
c48789,42,1790851766507
0c9456,39,1790766266507
8f863f,19,1790851766507
5322e4,37,1790767166507
e935b5,25,1790767166507
a0c5eb,25,1790767166507
335386,60,1790767166507
a0b29b,26,1790851766507
70a58d,59,1790766266507
37ed9a,56,1790767166507
f79a9b,38,1790767166507
bfe696,55,1790767166507
18c4d9,51,1790851766507
a11e1f,49,1790767166507
c6d3dd,54,1790851766507
023564,24,1790766266507
109e3d,24,1790766266507
e4c944,28,1790767166507
943d89,25,1790851766507
5b8cd2,18,1790766266507
fb6844,41,1790851766507
4f011b,21,1790767166507
862a49,21,1790767166507
b41d41,19,1790851766507
3958b5,36,1790766266507
9f114a,35,1790851766507
1cba7d,46,1790767166507
111376,27,1790767166507
ca8276,38,1790766266507
d54ad1,38,1790851766507
c77678,38,1790766266507
655af2,27,1790766266507
3830dd,43,1790851766507
0ca627,17,1790767166507
1c56db,60,1790767166507
bc015c,47,1790851766507
102d85,43,1790766266507
53bccf,31,1790766266507
919161,51,1790766266507
34ba4f,50,1790767166507
d24a62,45,1790766266507
35869c,59,1790766266507
14a36f,39,1790767166507
4423e9,41,1790766266507
d2ed7b,45,1790767166507
76c42f,33,1790766266507
f68be8,19,1790851766507
82d8df,45,1790851766507
79a97d,58,1790767166507
843862,34,1790766266507
ceb630,49,1790851766507
286c67,44,1790766266507
d666d1,20,1790767166507
28ad1e,19,1790851766507
228c9b,33,1790851766507
b7371f,24,1790767166507
358383,20,1790766266507
216c74,43,1790851766507
24884d,43,1790851766507
91c927,42,1790766266507
631a19,43,1790766266507
d834e9,56,1790851766507
85455e,40,1790767166507
1ae377,29,1790766266507
c89229,40,1790766266507
affbf8,28,1790851766507
f8d224,43,1790851766507
60d813,58,1790851766507
763d82,28,1790766266507
60505c,39,1790767166507
2885f1,30,1790767166507
91706d,56,1790851766507
adc320,40,1790766266507
d99325,60,1790851766507
b08e86,35,1790851766507
3d2645,22,1790767166507
5875a0,34,1790851766507
1f8828,18,1790766266507
ef1a30,30,1790767166507
02d554,23,1790767166507
94c2dd,59,1790851766507
924721,42,1790766266507
d93ae7,35,1790767166507
e847c4,17,1790767166507
0b23b9,46,1790767166507
5fb5a5,30,1790767166507
a3e839,31,1790766266507
13e301,37,1790767166507
73d49b,32,1790766266507
aa5843,34,1790766266507
edb0ad,55,1790851766507
383ea0,58,1790767166507
ab645e,47,1790767166507
7f642c,49,1790767166507
b8623c,21,1790851766507
11dae6,54,1790767166507
381857,41,1790851766507
f5d2f9,19,1790767166507
50d1b9,33,1790851766507
ab6b91,39,1790767166507
d3089e,32,1790767166507
1815aa,27,1790767166507
ad943f,53,1790767166507
afd5fd,23,1790851766507
071bcd,39,1790767166507
726b7d,17,1790766266507
0b0dbf,35,1790767166507
1cb973,26,1790767166507
18e454,43,1790767166507
576c40,59,1790766266507
668be1,49,1790766266507
a4dc1b,52,1790767166507
b7fe7e,51,1790766266507
c50abf,42,1790851766507
c69c57,36,1790767166507
4c6423,37,1790851766507
2dda57,19,1790851766507
c6a2b4,25,1790851766507
d46b90,17,1790767166507
47f76d,29,1790851766507
d25101,56,1790851766507
2bf167,60,1790766266507
66a3b8,60,1790851766507
0229f4,49,1790851766507
0317f0,32,1790767166507
dabb52,43,1790766266507
ffc0a7,38,1790767166507
c75460,43,1790767166507
075141,40,1790767166507
ed1733,45,1790767166507
68b9ed,30,1790851766507
4fe000,30,1790767166507
4ee186,41,1790851766507
3424c6,25,1790851766507
5c6637,59,1790767166507
8bdfbd,43,1790766266507
bd362b,24,1790766266507
124b5a,46,1790766266507
218d31,34,1790767166507
1a3182,60,1790767166507
cde94e,25,1790767166507
a664a1,57,1790767166507
12da9e,44,1790851766507
0ea3f1,25,1790851766507
420e20,58,1790851766507
d63abd,58,1790767166507
e21478,17,1790766266507
c97a15,39,1790766266507
7fe639,44,1790766266507
7ef11e,59,1790851766507
5d58a7,55,1790851766507
fc41e1,38,1790767166507
149938,41,1790851766507
ec34cc,34,1790766266507
b9b960,35,1790767166507
de5f13,53,1790851766507
1f7c3b,48,1790767166507
17a2ab,33,1790766266507
2dee4e,32,1790851766507
c5c35f,26,1790851766507
fc5ecd,23,1790766266507
286ab0,33,1790851766507
3122ef,33,1790851766507
ed984c,28,1790766266507
14b429,38,1790767166507
5e6900,35,1790851766507
ad42ae,55,1790767166507
7f1cda,18,1790851766507
508661,48,1790767166507
7e3585,29,1790851766507
93d0a3,52,1790767166507
1527b5,32,1790851766507
2263aa,28,1790767166507
0bb568,32,1790767166507
afc9f8,58,1790851766507
7c8c17,59,1790851766507
3ce196,28,1790767166507
b57772,50,1790766266507
9a45eb,24,1790851766507
eb5a7c,51,1790767166507
25c94c,43,1790851766507
14a0b3,53,1790767166507
ab5be5,40,1790766266507
9ea8bc,49,1790766266507
209d55,51,1790766266507
d5d363,29,1790851766507
c6b01a,46,1790767166507
54ad00,22,1790767166507
534e6b,46,1790851766507
b7df3b,32,1790766266507
d78139,48,1790766266507
36f3ad,58,1790766266507
1b418b,54,1790766266507
73f58c,21,1790767166507
18a824,32,1790851766507
082d16,46,1790766266507
1e6112,16,1790766266507
237772,28,1790767166507
ec7c0c,36,1790766266507
7dcf50,44,1790766266507
076b4b,27,1790767166507
cc78e0,53,1790851766507
7ba352,54,1790851766507
0fe7f9,57,1790767166507
551ef9,47,1790851766507
ad3261,24,1790766266507
dc0b5e,50,1790766266507
5209d7,60,1790851766507
cba1b2,26,1790767166507
ba4668,16,1790767166507
cc6f22,35,1790851766507
da5ddc,53,1790766266507
8c98bb,56,1790767166507
09d6ed,48,1790851766507
541f3e,50,1790851766507
a81445,40,1790851766507
867f8d,58,1790767166507
b10d97,37,1790851766507
797757,18,1790767166507
837ef3,23,1790767166507
40dba1,26,1790767166507
09672f,58,1790766266507
f45916,56,1790766266507
0aea29,51,1790851766507
1955a8,33,1790851766507
6ff26a,44,1790767166507
bc8362,49,1790767166507
43fea6,38,1790767166507
dbb6fd,50,1790851766507
6d2695,42,1790766266507
455383,38,1790851766507
68a057,32,1790767166507
e10e09,51,1790766266507
75d88c,28,1790767166507
64336d,53,1790767166507
62d52f,60,1790767166507
922b05,25,1790851766507
86666f,48,1790766266507
eaf9f9,58,1790766266507
e97c20,17,1790767166507
8c2864,43,1790851766507
c32923,58,1790766266507
ca544f,51,1790851766507
8453bf,46,1790767166507
7756fb,32,1790766266507
2808c0,40,1790767166507
7100d0,58,1790851766507
8e4951,50,1790767166507
48d4cb,16,1790851766507
9585d3,48,1790766266507
a09296,25,1790767166507
f78f6c,60,1790766266507
728167,36,1790851766507
14044d,50,1790767166507
c42d01,23,1790851766507
9dff3a,53,1790766266507
d10095,27,1790851766507
14cfb3,18,1790766266507
060cb5,59,1790766266507
5b5a31,27,1790766266507
d66910,38,1790851766507
595c3f,55,1790766266507
6560f4,33,1790767166507
5f11ab,36,1790767166507
9a9897,38,1790851766507
80a677,21,1790851766507
81f846,27,1790766266507
eaacca,42,1790767166507
caa609,60,1790766266507
21f747,26,1790767166507
7402ae,54,1790767166507
9991ce,39,1790851766507
a2dfd1,55,1790766266507
05b7f4,56,1790766266507
1dc627,27,1790766266507
c0b6cd,33,1790766266507
bdc1b3,58,1790767166507
15227f,39,1790851766507
1b4e1f,54,1790766266507
88418e,35,1790766266507
49cfde,32,1790851766507
127d9e,24,1790766266507
bdc2fd,49,1790766266507
83b520,53,1790766266507
6577ba,50,1790766266507
fc59b6,26,1790767166507
afc30a,25,1790851766507
872c0b,34,1790851766507
d43567,43,1790851766507
dab013,48,1790766266507
fb1874,33,1790766266507
25f368,57,1790766266507
8fefe5,55,1790851766507
3efe64,56,1790851766507
0e377c,47,1790766266507
e21926,32,1790767166507
fa597e,24,1790851766507
6c8b4c,34,1790851766507
c5c242,26,1790766266507
0748e9,58,1790766266507
d2da52,34,1790767166507
c1e6b9,33,1790851766507
44a9b0,39,1790766266507
1cc300,20,1790767166507
905b18,22,1790851766507
5757d2,25,1790766266507
137308,60,1790767166507
68cfc2,41,1790766266507
f873df,17,1790766266507
f6db9b,15,1790767166507
ff3605,49,1790851766507
7dde64,27,1790766266507
fbfd4c,57,1790767166507
7e5162,16,1790767166507
be591c,43,1790766266507
3e5f70,23,1790767166507
83159f,46,1790851766507
7e845c,42,1790767166507
cc144e,53,1790766266507
8c3c91,39,1790851766507
a0866b,60,1790851766507
b2d8b8,35,1790766266507
4a8997,24,1790851766507
e64d3a,34,1790767166507
05adf8,55,1790851766507
5bd3e5,52,1790767166507
a03c96,48,1790767166507
04be47,41,1790767166507
6292af,46,1790767166507
9881b2,39,1790766266507
e263f6,48,1790767166507
46b721,26,1790851766507
13d864,19,1790766266507
31eb57,39,1790767166507
c3e20a,28,1790851766507
314252,37,1790767166507
fde560,23,1790766266507
53b98d,35,1790767166507
130251,33,1790767166507
71a875,48,1790767166507
8b6363,17,1790766266507
6bdd5d,27,1790766266507
4f1ad3,59,1790767166507
53c1a3,51,1790767166507
24cd09,32,1790767166507
035f0d,22,1790851766507
e35d30,34,1790851766507
e532e5,25,1790767166507
3c7d58,60,1790851766507
d51920,37,1790766266507
f2a916,50,1790767166507
710804,55,1790767166507
c935f7,19,1790767166507
3df493,41,1790767166507
5f3810,19,1790767166507
c3b12f,42,1790766266507
2dab9a,25,1790767166507
69a225,22,1790851766507
e65dcf,56,1790766266507
20fbfa,31,1790767166507
9a291b,43,1790766266507
be538b,53,1790766266507
50433a,57,1790851766507
e8a701,27,1790767166507
862051,49,1790851766507
f3fd91,54,1790766266507
3e6b6a,59,1790766266507
4213f9,17,1790766266507
f2bba4,30,1790766266507
7b42f4,34,1790767166507
d1bfe1,52,1790767166507
30dccc,43,1790767166507
034b9f,39,1790766266507
c733a6,40,1790767166507
f1d1b3,48,1790766266507
6c0770,28,1790767166507
63d0bb,37,1790767166507
6f573b,27,1790767166507
710a5b,52,1790851766507
513d66,31,1790851766507
c6e7ab,25,1790766266507
8eb0ea,40,1790766266507
b16a06,36,1790851766507
89e179,52,1790851766507
27cc79,38,1790767166507
ea4569,41,1790851766507
f4f9ad,34,1790851766507
940005,53,1790766266507
528d06,28,1790766266507
a92186,56,1790851766507
02a132,24,1790851766507
6ad786,46,1790767166507
33462d,41,1790766266507
9ceea0,33,1790766266507
435ce9,60,1790851766507
c47b0a,60,1790767166507
07872d,37,1790766266507
572741,36,1790767166507
d405fa,55,1790851766507
bd204a,57,1790767166507
8f39bb,51,1790766266507
157907,27,1790767166507
cc0971,22,1790766266507
c9ec97,59,1790851766507
cdfaca,49,1790851766507
8a6088,42,1790851766507
3f0ace,23,1790851766507
e8ba8a,55,1790767166507
f4d36e,45,1790767166507
00a90c,33,1790766266507
20a9c0,32,1790766266507
c469ff,54,1790766266507
801acb,32,1790767166507
217294,47,1790766266507
474004,55,1790767166507
994612,18,1790766266507
c446dd,28,1790851766507
93652f,35,1790766266507
fd3a9f,46,1790767166507
4cc319,54,1790851766507
24b020,16,1790766266507
001c19,22,1790766266507
581d7f,56,1790767166507
f1db28,53,1790767166507
14936f,57,1790851766507
882e79,33,1790767166507
4cf7d7,39,1790851766507
452ff8,51,1790767166507
82434a,17,1790766266507
b22b81,43,1790851766507
d7f125,53,1790767166507
f8b171,49,1790766266507
ccafe7,15,1790766266507
37591f,40,1790766266507
da6ec7,39,1790766266507
ba2469,46,1790766266507
cdff03,52,1790766266507
a341f8,27,1790851766507
b9de3e,28,1790767166507
5a28ca,47,1790767166507
48b111,60,1790767166507
26fec5,43,1790766266507
09cd79,38,1790766266507
bd4ed9,31,1790767166507
a3eaca,51,1790767166507
1ba5d1,53,1790851766507
d2cf44,48,1790851766507
db0e51,35,1790767166507
65e350,50,1790767166507
575ebc,23,1790851766507
55e5fb,51,1790851766507
a905b7,54,1790766266507
9e5d69,52,1790766266507
610f9e,23,1790766266507
ea54c5,16,1790766266507
5e4cea,29,1790851766507
36afb3,15,1790767166507
b5bee5,36,1790767166507
475b1d,54,1790766266507
518030,37,1790766266507
c25548,26,1790766266507
11514e,15,1790851766507
b6a5ac,39,1790766266507
c664b9,42,1790766266507
12ebd0,53,1790851766507
8ab42a,31,1790767166507
64da52,38,1790766266507
ea151a,60,1790766266507
06d40d,25,1790766266507
6b8bcb,44,1790767166507
e2d72e,28,1790767166507
2f5b41,37,1790766266507
6c7fbf,44,1790851766507
73b956,26,1790851766507
f6e4cb,55,1790851766507
155897,44,1790851766507
e99c06,42,1790851766507
dd24bc,53,1790766266507
1c4624,23,1790851766507
fad6dd,25,1790766266507
11ea6b,53,1790767166507
1852ff,36,1790851766507
2eb0f7,52,1790766266507
2ccf08,33,1790767166507
cd5a69,32,1790766266507
8b81e4,51,1790851766507
9e6439,45,1790767166507
b3c8fc,37,1790766266507
a53bd0,46,1790851766507
b6fb81,44,1790766266507
37a3a8,27,1790851766507
b857f1,45,1790851766507
ba1492,38,1790766266507
11afa3,28,1790766266507
d50003,56,1790767166507
34482e,20,1790851766507
62b187,19,1790851766507
039c25,25,1790766266507
e29525,57,1790766266507
a3bf8d,55,1790767166507
b82593,41,1790767166507
e10f62,28,1790766266507
c80443,26,1790851766507
d45b28,28,1790766266507
8edc6e,59,1790851766507
3bcc4b,41,1790851766507
9070ba,24,1790766266507
8edeb9,42,1790767166507
c2a7cc,54,1790767166507
153885,18,1790851766507
ade235,46,1790851766507
44df66,29,1790851766507
79df06,24,1790767166507
bfbce0,49,1790851766507
8c13b0,18,1790851766507
1143c6,46,1790766266507
d94c49,29,1790767166507
659b7c,20,1790767166507
b9b89e,54,1790851766507
e7a32c,19,1790766266507
9c0f91,48,1790851766507
700f0a,27,1790766266507
7c08b8,46,1790767166507
50b707,59,1790766266507
e4ffe3,23,1790851766507
81114c,38,1790766266507
050781,36,1790851766507
27cb6a,17,1790851766507
766b1a,37,1790851766507
baeb51,56,1790767166507
488c1e,20,1790767166507
fb12a1,34,1790767166507
176c05,16,1790851766507
a6a16a,40,1790851766507
98a2ef,37,1790767166507
6590ce,20,1790851766507
48db5d,22,1790766266507
e7ab9e,41,1790767166507
332242,38,1790767166507
6c4394,26,1790767166507
86f433,45,1790766266507
6c5cb0,57,1790851766507
16e0c7,52,1790766266507
2c780f,52,1790851766507
b1597d,44,1790767166507
b80226,58,1790851766507
54c34e,43,1790767166507
8a357a,20,1790767166507
8b9780,46,1790851766507
3448e3,19,1790767166507
88d9a0,30,1790767166507
95a0af,29,1790766266507
096a47,42,1790851766507
9b2d26,29,1790766266507
75c437,20,1790767166507
50d4cf,35,1790766266507
2a757c,43,1790767166507
5b2783,20,1790767166507
9fe62d,37,1790767166507
9ba9b6,31,1790767166507
4bcc89,19,1790851766507
a0b45e,55,1790851766507
581fac,45,1790851766507
90e0b1,35,1790766266507
f06eb3,20,1790766266507
2580a1,43,1790767166507
a4949c,49,1790766266507
076197,55,1790766266507
8a17fc,31,1790766266507
4cbe2c,44,1790767166507
d81db0,50,1790851766507
5d4223,25,1790766266507
cd464e,23,1790767166507
48f023,18,1790767166507
966c42,55,1790767166507
1a5fc7,55,1790851766507
de0f4f,53,1790766266507
6dd23e,16,1790851766507
390dcb,25,1790766266507
ca666c,41,1790767166507
ebaeb5,21,1790766266507
f51a5c,33,1790766266507
c9fd4c,36,1790767166507
4539a2,50,1790766266507
cb6c48,47,1790766266507
abbfe7,37,1790767166507
f818c9,39,1790851766507
09c126,53,1790766266507
ebbd0f,30,1790767166507
83da12,57,1790767166507
16388b,44,1790766266507
fa23cc,22,1790766266507
9359ed,57,1790851766507
c0ea4d,29,1790851766507
dad544,49,1790767166507
45d80a,27,1790851766507
2b6222,60,1790851766507
a7a690,43,1790851766507
5378f8,46,1790766266507
ffe5f6,24,1790851766507
2092d6,56,1790766266507
54dbf7,39,1790851766507
c75a5e,56,1790851766507
0f2808,60,1790766266507
103e1a,22,1790851766507
fb876a,40,1790766266507
b29f24,20,1790767166507
0b9e9d,16,1790851766507
61e879,38,1790767166507
c08295,52,1790851766507
5e49dd,28,1790851766507
005ad1,49,1790767166507
6bea9d,47,1790767166507
1e8963,30,1790767166507
ad1583,58,1790851766507
98806e,15,1790851766507
cebbad,51,1790767166507
df353a,31,1790767166507
d69521,24,1790767166507
523a54,23,1790851766507
71c803,42,1790767166507
6afafe,51,1790767166507
903d00,47,1790767166507
784e5e,54,1790851766507
eb2329,23,1790766266507
d87497,28,1790766266507
3b9e89,57,1790851766507
8b11f0,57,1790851766507
5dba17,33,1790767166507
0be2a1,23,1790767166507
f14b05,21,1790767166507
71c8b8,33,1790851766507
1e7b41,52,1790851766507
4df493,48,1790766266507
f28261,32,1790851766507
ed1a42,47,1790767166507
c10276,44,1790767166507
817f5c,25,1790766266507
7df6cb,48,1790851766507
f2c6db,58,1790766266507
e58bf3,30,1790851766507
16aa9b,33,1790766266507
f1d415,55,1790767166507
b5d836,34,1790766266507
d27c03,27,1790851766507
880744,57,1790851766507
84adc2,42,1790851766507
fb526d,15,1790766266507
8ad562,15,1790766266507
e3c3a4,49,1790767166507
896915,20,1790767166507
9815e0,52,1790851766507
bba747,29,1790766266507
650071,53,1790766266507
2de3fd,16,1790766266507
cd151f,47,1790851766507
b9c86f,17,1790767166507
62308c,54,1790767166507
8819a0,48,1790851766507
fe5429,31,1790767166507
3297a7,56,1790851766507
a88571,56,1790766266507
5b525b,39,1790851766507
180c9b,41,1790851766507
576a46,38,1790851766507
2745aa,28,1790767166507
ae7a9c,50,1790851766507
142f14,25,1790767166507
913e8f,52,1790766266507
e51089,38,1790767166507
73da20,34,1790766266507
a4fcf4,57,1790767166507
b17443,22,1790851766507
f38874,57,1790766266507
450f7a,50,1790766266507
a3af46,49,1790851766507
c88d21,22,1790851766507
d818f5,24,1790851766507
6ffd0f,31,1790851766507
b11007,15,1790851766507
a38012,32,1790766266507
1be85d,44,1790851766507
aa17b5,33,1790767166507
26ffd2,20,1790767166507
b3d2fe,50,1790766266507
13ecfe,31,1790767166507
d9aede,31,1790766266507
ea07ab,33,1790851766507
a8f2fb,31,1790851766507
02302b,38,1790766266507
3455ef,35,1790851766507
583d7d,22,1790767166507
2f58c9,39,1790767166507
16e4ab,34,1790767166507
a17376,37,1790767166507
d9781e,16,1790851766507
8d5987,16,1790767166507
94e33a,21,1790766266507
df93e2,60,1790851766507
ca0a26,39,1790851766507
d1f299,46,1790767166507
beb75b,21,1790767166507
7248dc,39,1790766266507
df46d9,50,1790851766507
a656c5,59,1790767166507
650711,21,1790851766507
726fee,27,1790766266507
5ec70a,57,1790766266507
bbbab9,39,1790766266507
4d33ec,31,1790767166507
036a18,38,1790767166507
f6fc22,60,1790767166507
b65a82,60,1790851766507
28b5ba,54,1790851766507
e0ee68,16,1790766266507
b83979,25,1790766266507
5a5fff,38,1790851766507
9ec3f9,19,1790851766507
daf10e,31,1790851766507
325cca,51,1790851766507
16dda0,40,1790767166507
15e6e6,41,1790767166507
4ba177,48,1790766266507
cbefe7,30,1790851766507
e62e3e,28,1790767166507
49fbcb,24,1790767166507
b86b23,18,1790766266507
764d6b,56,1790767166507
340691,27,1790767166507
a41ccc,51,1790766266507
03324d,32,1790851766507
3c6d14,30,1790767166507
eaf269,55,1790766266507
0af27e,21,1790766266507
2753b2,60,1790767166507
ca0a97,50,1790767166507
b5a30d,40,1790851766507
e299cc,36,1790766266507
4e102c,55,1790767166507
509987,36,1790766266507
7f5b19,54,1790766266507
55c0bc,49,1790767166507
09e8de,59,1790767166507
2f6486,55,1790767166507
6da029,49,1790767166507
3dc427,20,1790767166507
2b16e3,15,1790851766507
7b63cf,46,1790767166507
c29579,15,1790766266507
83a26e,60,1790767166507
9a8a65,47,1790766266507
7442eb,30,1790767166507
9b90a3,33,1790851766507
191be3,15,1790766266507
4903c3,50,1790767166507
25a5c4,18,1790851766507
94d001,47,1790767166507
f35585,20,1790767166507
9c24e8,52,1790851766507
7780ab,53,1790851766507
17f118,52,1790767166507
b6f7b7,37,1790767166507
519d6e,46,1790766266507
c02975,43,1790767166507
4739b3,22,1790851766507
4241ce,41,1790767166507
fb1ff6,28,1790851766507
884f6b,48,1790767166507
73b9a4,31,1790767166507
e56127,48,1790766266507
d12212,59,1790851766507
bdc5db,46,1790851766507
8c671f,57,1790851766507
43d4eb,31,1790766266507
d48104,46,1790766266507
e640b0,51,1790767166507
250922,39,1790766266507
7ed350,19,1790851766507
b3162a,56,1790851766507
907621,40,1790766266507
9319a6,59,1790766266507
5eedd9,47,1790766266507
c58acd,56,1790851766507
573a35,38,1790766266507
09344e,31,1790851766507
b721fe,49,1790767166507
2a9a29,37,1790851766507
9562a0,46,1790851766507
12f3a3,56,1790851766507
b345db,26,1790851766507
01e929,16,1790851766507
df1ae7,36,1790851766507
3872aa,15,1790851766507
4d0f66,53,1790851766507
c325a6,21,1790851766507
e7f8c8,23,1790767166507
ee03c6,42,1790766266507
19516b,50,1790766266507
5d4e25,34,1790767166507
6cc03b,42,1790851766507
670d3f,40,1790766266507
574e91,53,1790851766507
9aeccb,24,1790851766507
49d7f8,40,1790767166507
b04fc1,22,1790767166507
a785c7,15,1790851766507
ea8503,33,1790767166507
e0b48c,38,1790851766507
e08326,34,1790851766507
0c7441,20,1790766266507
a4028a,35,1790766266507
2d063c,44,1790767166507
fd731b,24,1790767166507
021792,25,1790766266507
2df3ce,35,1790851766507
189440,15,1790851766507
387f6c,35,1790851766507
70cff9,36,1790766266507
afdad9,49,1790766266507
f1bd2c,28,1790766266507
f4c4a2,43,1790766266507
aea300,25,1790767166507
2fd21a,30,1790766266507
801aea,17,1790851766507
0a0048,33,1790851766507
af3e84,39,1790766266507
c0c8b4,51,1790767166507
08cbca,59,1790766266507
1058de,26,1790766266507
13f40b,27,1790766266507
4d7d01,35,1790767166507
5edcd5,22,1790851766507
06543d,45,1790766266507
ea90a6,60,1790767166507
a3a97e,21,1790767166507
39c1c8,43,1790851766507
c14847,36,1790767166507
0f3664,54,1790851766507
b44594,48,1790766266507
6368a3,41,1790767166507
e8db86,53,1790767166507
9472e2,48,1790767166507
ac6645,59,1790851766507
66dc58,56,1790766266507
c0d794,52,1790766266507
a35563,18,1790766266507
960f65,34,1790851766507
2f6c4e,50,1790767166507
a51563,28,1790767166507
f5bed6,16,1790766266507
2af15c,42,1790851766507
71062c,46,1790766266507
cae242,35,1790767166507
39ab71,25,1790767166507
f51cce,51,1790851766507
bd4d91,42,1790766266507
5984d6,53,1790767166507
373f15,23,1790766266507
2ef1e1,48,1790851766507
9425bd,42,1790851766507
42ba1b,33,1790767166507
03dc81,44,1790766266507
017829,48,1790766266507
3980a7,57,1790766266507
c21edd,51,1790766266507
8fff9a,51,1790767166507
54ecf9,26,1790851766507
73af4d,54,1790766266507
fcde14,40,1790767166507
42f116,38,1790766266507
333918,31,1790766266507
632b2b,19,1790766266507
4336b8,40,1790766266507
f94795,58,1790766266507
6b2dc9,53,1790767166507
c37450,16,1790851766507
2ca4d2,18,1790766266507
459d1e,32,1790767166507
e79ddb,38,1790766266507
9461a8,34,1790851766507
15e005,56,1790766266507
d5d772,40,1790767166507
e1ba7a,52,1790851766507
15c90c,47,1790767166507
deb16c,50,1790767166507
aa4708,47,1790766266507
59ebc3,47,1790766266507
eb0224,17,1790767166507
50391d,47,1790851766507
8ec7df,25,1790767166507
6c4a13,21,1790851766507
1ec122,32,1790851766507
3ade15,42,1790851766507
900daf,32,1790851766507
27195d,42,1790851766507
1fff70,21,1790851766507
34f2ad,22,1790851766507
e19765,43,1790766266507
539253,56,1790851766507
c68a68,27,1790766266507
24e510,53,1790767166507
0e296e,32,1790766266507
faa36b,27,1790766266507
562689,53,1790851766507
cad0de,22,1790851766507
bf7e70,30,1790766266507
308175,31,1790767166507
4d3401,36,1790766266507
eca35a,59,1790851766507
179337,52,1790767166507
8e7891,18,1790767166507
d631a7,15,1790851766507
1bec00,50,1790851766507
290e60,20,1790766266507
92907d,39,1790766266507
d50e74,15,1790767166507
ceecb7,36,1790767166507
957e77,46,1790851766507
16c976,53,1790767166507
ea1b42,40,1790766266507
0ab4f5,52,1790851766507
431511,36,1790767166507
c1c438,16,1790766266507
e0176d,43,1790766266507
b10865,57,1790767166507
8b1158,18,1790766266507
c4a445,43,1790851766507
522325,59,1790851766507
1df077,41,1790767166507
e05ed9,22,1790851766507
c2d663,25,1790767166507
fd8b5b,35,1790766266507
1df20e,39,1790851766507
a85545,54,1790851766507
12c50b,55,1790851766507
cce74f,21,1790851766507
6b501d,20,1790851766507
2829a1,45,1790767166507
661b58,15,1790767166507
339c79,45,1790851766507
3c0496,34,1790766266507
1b0e6b,35,1790766266507
c3c4ae,42,1790766266507
d36248,49,1790766266507
d00e52,25,1790767166507
852fce,39,1790766266507
95ac81,55,1790767166507
482882,40,1790766266507
a9559f,16,1790767166507
925683,41,1790767166507
d3e305,33,1790766266507
e355fb,20,1790767166507
2d373a,33,1790851766507
021a73,43,1790851766507
8b4acf,55,1790767166507
e8ecb5,45,1790851766507
94ea3d,37,1790767166507
2969cc,57,1790766266507
17c671,25,1790767166507
cfa339,31,1790767166507
b231a8,52,1790851766507
cfa61e,58,1790851766507
142292,52,1790767166507
8557e9,30,1790766266507
4068e8,15,1790851766507
ff1700,57,1790851766507
c0d450,26,1790767166507
b972f0,40,1790767166507
728724,44,1790766266507
5be9aa,57,1790851766507
c3c342,22,1790767166507
ec73a5,47,1790766266507
c34964,43,1790851766507
7aa865,31,1790766266507
14e730,45,1790767166507
43c2df,45,1790766266507
2fc56d,31,1790851766507
82aa7a,34,1790851766507
2b8473,47,1790767166507
e6f09f,16,1790767166507
0ba93b,53,1790766266507
c7f343,28,1790851766507
1f609d,48,1790851766507
b8062e,37,1790767166507
ec6b47,44,1790767166507
513ef8,48,1790767166507
0d1b29,33,1790766266507
6f255d,45,1790766266507
0a9f14,43,1790851766507
400ac2,16,1790767166507
bb14e2,20,1790851766507
0083d5,58,1790851766507
260a28,45,1790766266507
699ed7,52,1790767166507
3445df,30,1790767166507
c31c73,40,1790851766507
063647,51,1790851766507
e79ee2,20,1790767166507
f0fe62,55,1790766266507
f39617,53,1790766266507
9e6a32,23,1790767166507
461774,37,1790767166507
a3ba95,24,1790767166507
9c18bd,23,1790851766507
2a3402,26,1790766266507
26b415,31,1790766266507
fa9b8d,57,1790766266507
e57346,39,1790767166507
a7d63e,30,1790851766507
84370f,42,1790766266507
3efa8c,44,1790766266507
8a8580,25,1790766266507
729a7b,50,1790767166507
b12bea,32,1790766266507
c060e7,55,1790767166507
780462,33,1790766266507
b4d509,51,1790767166507
bd2cc6,15,1790766266507
c10ae5,52,1790767166507
21ae0a,54,1790767166507
b3c958,53,1790766266507
61671c,37,1790766266507
f29393,40,1790851766507
ac0b60,19,1790767166507
e4009f,48,1790851766507
be75f3,20,1790767166507
8c7773,57,1790851766507
64d463,34,1790767166507
1c41e3,33,1790767166507
eae994,52,1790767166507
ca5b20,57,1790851766507
c9b490,28,1790851766507
13860c,34,1790767166507
710e2e,44,1790851766507
949ab4,49,1790766266507
08766f,30,1790851766507
be8832,60,1790767166507
8ab957,22,1790766266507
8ca9a6,21,1790767166507
00b220,17,1790767166507
6df083,41,1790766266507
def256,16,1790851766507
f7f107,26,1790766266507
0a92f2,57,1790766266507
dd64e1,36,1790851766507
f3773b,28,1790851766507
1c2ec2,38,1790851766507
83d2dc,56,1790767166507
1a6285,30,1790766266507
fef306,59,1790766266507
4bd178,20,1790767166507
9b8584,33,1790766266507
073dc7,31,1790767166507
40d44b,51,1790767166507
4e8c1d,21,1790767166507
2bc9a0,49,1790766266507
d38bfa,48,1790851766507
00eda2,23,1790851766507
decbe0,32,1790767166507
e5d352,19,1790766266507
b0edde,31,1790767166507
6a21c5,35,1790767166507
53ed11,47,1790851766507
0dd03a,52,1790767166507
2ae44d,29,1790767166507
896af1,54,1790766266507
dae333,18,1790851766507
2c7775,27,1790766266507
0bd5d5,28,1790851766507
7cfbad,39,1790766266507
0c5fa7,42,1790766266507
de96d7,46,1790766266507
3a6b29,28,1790851766507
d8552d,49,1790766266507
0bfe63,48,1790851766507
a0046a,42,1790767166507
9e0c83,46,1790851766507
9bfa4d,55,1790766266507
2e8022,41,1790851766507
aaf441,21,1790767166507
a70ef5,33,1790767166507
1c1244,17,1790767166507
5a01f8,51,1790767166507
f560fb,48,1790766266507
8ccfbc,45,1790766266507
59572f,55,1790767166507
ca7ea5,20,1790767166507
b94b2d,54,1790766266507
bd1c16,52,1790767166507
97417f,50,1790851766507
2d5a3d,15,1790767166507
7e20b7,18,1790851766507
4cdff0,21,1790851766507
09d0a6,30,1790851766507
2698f1,55,1790766266507
b45919,18,1790767166507
333a26,34,1790767166507
73a272,31,1790851766507
af954a,37,1790766266507
ac764f,34,1790767166507
0ab1e8,34,1790767166507
84aa15,30,1790851766507
7fde9d,48,1790767166507
ea201b,38,1790766266507
1374ec,59,1790766266507
93cf4e,39,1790851766507
43b6af,44,1790767166507
68d345,27,1790767166507
4c381e,60,1790766266507
bd72f0,25,1790851766507
46c505,57,1790766266507
12f5be,52,1790766266507
72b658,35,1790766266507
1f603e,25,1790851766507
98b9a4,43,1790851766507
d0a1e1,39,1790766266507
46c044,17,1790767166507
a338d5,46,1790767166507
30c8b8,15,1790766266507
fd5fbf,39,1790851766507
96720f,36,1790851766507
6773d2,49,1790766266507
c0080c,20,1790767166507
b9f215,24,1790767166507
e78668,23,1790851766507
722df4,41,1790851766507
3dcc11,38,1790851766507
894c8a,37,1790767166507
f0f473,39,1790766266507
418f6b,42,1790851766507
dd1c63,51,1790767166507
707102,21,1790767166507
b45020,24,1790766266507
5a5452,50,1790851766507
1a3feb,60,1790766266507
5d719d,57,1790767166507
f3da6c,53,1790851766507
3b2185,41,1790851766507
0616d9,27,1790766266507
2f3f88,56,1790766266507
10e778,44,1790766266507
07aada,39,1790767166507
8d65f4,23,1790766266507
58e748,30,1790766266507
90edba,16,1790767166507
5fa6f3,56,1790767166507
8948c6,18,1790766266507
5948f6,29,1790851766507
bbcf20,26,1790767166507
ce1805,16,1790766266507
cdc3f0,31,1790851766507
3d8984,40,1790767166507
c687e3,26,1790766266507
f961fd,16,1790767166507
4b7928,58,1790767166507
3d314b,24,1790766266507
a241b7,27,1790766266507
84f5e8,43,1790767166507
66b7c5,30,1790766266507
2d2010,56,1790767166507
b19a17,41,1790851766507
2e1295,37,1790767166507
490fe4,18,1790767166507
59fefd,40,1790766266507
5488fe,25,1790766266507
d3ab22,20,1790766266507
c9ad22,60,1790851766507
0300a7,53,1790766266507
101038,36,1790851766507
6210c7,37,1790851766507
992297,46,1790766266507
455962,21,1790767166507
ddbee2,51,1790767166507
4f7942,46,1790766266507
811224,45,1790851766507
8fd006,33,1790851766507
672568,32,1790851766507
012f71,51,1790851766507
e5472c,37,1790766266507
a1928d,30,1790851766507
47a00e,57,1790767166507
b1dd85,19,1790851766507
ef17b4,35,1790767166507
4bba6f,30,1790767166507
77dd18,18,1790766266507
98209a,38,1790851766507
b01c07,42,1790767166507
764151,22,1790767166507
798d29,27,1790766266507
bf0dfc,44,1790767166507
c0d584,56,1790767166507
27800c,28,1790767166507
694063,22,1790766266507
d7c1e4,34,1790851766507
e87722,53,1790851766507
e89e3c,17,1790766266507
2a394e,33,1790766266507
0abcbe,45,1790767166507
1b71ad,15,1790851766507
533525,43,1790766266507
5bf433,15,1790766266507
04979e,30,1790766266507
8551dd,30,1790766266507
557020,19,1790766266507
e1d886,34,1790767166507
f83b60,51,1790767166507
994d44,28,1790851766507
e19e6e,48,1790851766507
1c5131,42,1790851766507
7cdbee,42,1790851766507
a97518,41,1790766266507
d21e3b,41,1790767166507
f2162c,52,1790851766507
c26f9b,34,1790766266507
e822b5,15,1790766266507
8ed59e,37,1790766266507
e464ab,58,1790851766507
24648e,40,1790851766507
10a153,55,1790766266507
e38545,28,1790767166507
0d1579,20,1790766266507
88dce0,58,1790851766507
d6a983,47,1790766266507
298eda,15,1790767166507
b27e50,52,1790766266507
9fc089,22,1790851766507
d00e08,36,1790767166507
3793e5,20,1790766266507
c2ed95,57,1790766266507
9b011b,48,1790851766507
8d9f7e,56,1790766266507
1daaf9,32,1790851766507
ea7b9b,34,1790767166507
9226c4,31,1790766266507
ca4575,42,1790766266507
80d51f,28,1790851766507
7b97dd,37,1790851766507
5976cd,16,1790851766507
89f20b,50,1790766266507
b76adf,45,1790851766507
d6bb30,54,1790766266507
59956a,36,1790767166507
ca599f,44,1790766266507
129492,41,1790766266507
3bbc91,19,1790851766507
780bb9,18,1790767166507
27dca5,22,1790767166507
1f2559,25,1790766266507
80de36,36,1790766266507
e5e353,45,1790766266507
a6054b,35,1790851766507
fda9e8,55,1790767166507
466d18,32,1790766266507
05b71e,30,1790767166507
ef3482,19,1790766266507
959c0e,41,1790767166507
2da83f,59,1790767166507
5cf59c,59,1790767166507
2cc882,19,1790767166507
d0878a,54,1790767166507
530aff,45,1790766266507
e31d13,42,1790767166507
2e3c5e,34,1790851766507
2e6ba1,29,1790766266507
2d86a9,42,1790766266507
eb492c,18,1790766266507
10f1f5,53,1790767166507
32814c,60,1790766266507
fc566a,45,1790851766507
31d9ab,60,1790851766507
40424e,56,1790767166507
27b3af,16,1790766266507
368850,53,1790766266507
4a4f48,36,1790767166507
d0c6c6,41,1790767166507
4e51d2,46,1790851766507
76701b,17,1790767166507
29b053,48,1790851766507
00989e,26,1790766266507
91bde3,50,1790766266507
9a5a62,27,1790767166507
c56d35,38,1790767166507
cbb0c8,55,1790851766507
127ffb,49,1790767166507
3e80fe,28,1790767166507
e5c16f,29,1790767166507
34a20c,25,1790851766507
7ea3a7,43,1790851766507
cd8fe6,41,1790767166507
576fec,22,1790767166507
63bb9b,48,1790766266507
21ed23,28,1790851766507
a41dc6,44,1790766266507
7a7af0,22,1790767166507
804320,35,1790851766507
a10663,58,1790851766507
317010,44,1790767166507
b0e1e6,21,1790766266507
2e01e2,50,1790767166507
993184,40,1790767166507
f52e91,43,1790766266507
eae57c,31,1790766266507
b94d1b,34,1790851766507
d4f27d,52,1790767166507
08e2b8,31,1790766266507
511351,44,1790766266507
61bc30,19,1790766266507
fc559a,26,1790766266507
401c83,36,1790851766507
0efa4e,25,1790766266507
72103a,34,1790851766507
cc6078,34,1790851766507
c59b28,55,1790767166507
725e8f,54,1790766266507
698ac1,43,1790767166507
0f886c,51,1790767166507
9bbc6e,53,1790766266507
8c60d9,18,1790766266507
186604,34,1790767166507
cdefe9,49,1790851766507
63dc20,17,1790766266507
d51ae0,18,1790766266507
7173c4,41,1790766266507
bfdbf5,49,1790766266507
678be9,39,1790766266507
52bc18,31,1790851766507
81d8f0,49,1790851766507
ac54b1,44,1790851766507
47caeb,46,1790767166507
6b566a,38,1790767166507
0fa226,51,1790766266507
cba498,44,1790767166507
fd1bb7,15,1790766266507
bcf605,23,1790851766507
49f5f0,42,1790766266507
6ca8a0,59,1790766266507
1f6945,32,1790766266507
c2dad4,35,1790766266507
c48330,15,1790767166507
ef8be7,34,1790766266507
9fc184,21,1790767166507
a943b6,40,1790767166507
671fcb,23,1790851766507
c6bd1c,39,1790851766507
627dfe,38,1790766266507
ad11c2,46,1790767166507
ceb4db,17,1790851766507
3e4652,54,1790851766507
8dec30,38,1790766266507
1b7c40,17,1790851766507
62ee66,36,1790766266507
3379b9,46,1790767166507
ee8f69,28,1790766266507
24c7de,25,1790851766507
425539,39,1790767166507
ee95a3,46,1790766266507
a40e23,22,1790767166507
17ae55,48,1790767166507
eba199,55,1790767166507
ab12dd,36,1790767166507
100648,15,1790766266507
2e992b,27,1790851766507
5d9761,54,1790851766507
b21cf0,58,1790851766507
96d479,17,1790851766507
ba56e8,31,1790851766507
e36047,60,1790767166507
b81dea,54,1790767166507
f2e33a,24,1790766266507
cb1f3f,22,1790851766507
e56b29,38,1790766266507
9be107,16,1790767166507
b85157,23,1790766266507
4e1006,55,1790851766507
e608da,17,1790767166507
243069,26,1790851766507
8f9155,16,1790767166507
f404be,24,1790766266507
e59721,46,1790766266507
8f0fb3,25,1790767166507
6d2ef6,30,1790851766507
2d7966,24,1790766266507
7da6d0,39,1790851766507
1eea38,38,1790767166507
ed2a35,53,1790766266507
2ab5cd,40,1790851766507
cadb32,60,1790766266507
cbcb52,43,1790766266507
3b471c,16,1790851766507
85579e,48,1790766266507
e8b765,23,1790766266507
b11ea2,32,1790851766507
ad6bdf,26,1790851766507
59ff96,40,1790767166507
6e4273,21,1790767166507
5aa1d8,50,1790851766507
cb6581,35,1790766266507
4289e5,34,1790766266507
a54395,30,1790767166507
21af14,15,1790851766507
b95337,44,1790851766507
b8ea49,49,1790767166507
6e8eef,15,1790851766507
6408af,34,1790766266507
86c025,23,1790766266507
7ac4be,24,1790766266507
aa54d4,28,1790767166507
b35d30,50,1790766266507
0b1ad0,52,1790766266507
72d538,47,1790766266507
09e46a,15,1790767166507
aa912c,19,1790851766507
24fbae,55,1790766266507
efa6d4,16,1790767166507
e4219c,58,1790851766507
b34195,19,1790851766507
f268ef,39,1790767166507
3315f0,24,1790766266507
38a31b,39,1790767166507
28ca86,16,1790851766507
68e13b,55,1790767166507
75dc7b,24,1790851766507
a31b9e,37,1790766266507
e7c0ae,24,1790766266507
f3b74d,23,1790767166507
b83f92,38,1790766266507
2c359a,15,1790851766507
2aed76,21,1790767166507
41bc18,52,1790851766507
2f57b8,22,1790766266507
f3ffa5,20,1790766266507
bcfc37,55,1790766266507
61eed2,60,1790851766507
f2ff8c,58,1790767166507
3498d6,29,1790851766507
263315,18,1790767166507
aedeb9,52,1790766266507
a509b7,15,1790767166507
69a8cb,58,1790851766507
590064,35,1790767166507
eb95ff,20,1790766266507
7d40b7,52,1790766266507
3c49b3,37,1790766266507
9e84cf,21,1790767166507
010531,41,1790851766507
a8ff31,56,1790767166507
dfe9b9,30,1790766266507
6a9857,56,1790851766507
90150f,30,1790851766507
cc6414,25,1790851766507
cc7070,33,1790851766507
3f1933,30,1790767166507
73db8e,22,1790767166507
dd10e4,15,1790851766507
b708f1,58,1790766266507
9ef59a,15,1790766266507
f6fdb7,53,1790851766507
8730bc,49,1790766266507
8c204b,42,1790851766507
266be6,44,1790851766507
234249,30,1790766266507
7fc74f,22,1790851766507
fe2f76,17,1790766266507
1ec0be,29,1790851766507
807dd5,55,1790766266507
912553,24,1790766266507
7c6594,42,1790767166507
d032b5,47,1790767166507
efb028,26,1790767166507
3722b3,54,1790851766507
e56ede,46,1790851766507
719331,43,1790851766507
f80a86,27,1790767166507
39bfe1,52,1790767166507
0d842d,30,1790766266507
c44987,30,1790766266507
e7b0f6,55,1790851766507
73cc33,20,1790766266507
fa93cc,18,1790767166507
7d1bdc,53,1790767166507
6d724f,20,1790851766507
612698,46,1790766266507
edf2f7,40,1790767166507
2d2eed,26,1790766266507
a0497d,36,1790767166507
b7267c,43,1790767166507
e48d07,15,1790766266507
440b7a,22,1790766266507
46a6a2,38,1790851766507
c003ac,60,1790766266507
b501c1,16,1790766266507
0e5093,15,1790851766507
f56bf5,32,1790766266507
b7e032,40,1790767166507
1e229e,34,1790851766507
94f350,34,1790767166507
ab2eb2,48,1790766266507
dc8790,46,1790766266507
ad4b31,41,1790766266507
142852,32,1790851766507
8ebf8a,42,1790851766507
443620,42,1790766266507
3c00ec,44,1790766266507
fb3008,49,1790851766507
83ed55,35,1790766266507
b689bc,44,1790851766507
a4952c,54,1790851766507
e9ddbc,17,1790851766507
49c8b2,21,1790851766507
1f3a14,30,1790766266507
e1722b,28,1790851766507
d10e6d,31,1790851766507
aa9207,50,1790851766507
f05ecb,21,1790851766507
dead5d,42,1790851766507
997638,33,1790766266507
448bbb,47,1790766266507
64d5b1,16,1790766266507
06bba3,58,1790851766507
5fdceb,23,1790766266507
193796,58,1790766266507
6cc4f4,54,1790851766507
3e5226,17,1790767166507
034db7,42,1790766266507
db2fc7,26,1790767166507
10e4c6,56,1790851766507
b2bf6c,57,1790851766507
6a5093,24,1790767166507
12ddb0,18,1790767166507
069d85,60,1790767166507
696cc2,48,1790851766507
53b380,15,1790767166507
a1d5d9,25,1790767166507
929ec6,24,1790767166507
19fbcd,50,1790851766507
932d85,50,1790851766507
b6f1eb,46,1790766266507
172444,16,1790766266507
253a94,28,1790766266507
dd9963,35,1790767166507
e2f1bf,21,1790766266507
7f8297,48,1790767166507
1d260d,42,1790767166507
4952c1,40,1790767166507
e29062,21,1790851766507
1cc7b5,46,1790767166507
a73faf,49,1790767166507
7b5a45,45,1790851766507
af8b51,17,1790767166507
650f30,52,1790851766507
284550,19,1790766266507
3474f2,59,1790767166507
f333c7,24,1790767166507
57ca5b,35,1790767166507
d65394,28,1790767166507
49204a,40,1790767166507
82d73c,30,1790766266507
25ea88,30,1790766266507
e41086,26,1790767166507
aa1e08,26,1790767166507
dd3ffa,34,1790766266507
61f83a,31,1790767166507
174087,34,1790766266507
18e206,32,1790766266507
47dc68,58,1790766266507
ec4205,46,1790766266507
c55664,51,1790766266507
6d58c3,47,1790851766507
771dc8,39,1790767166507
b297ca,48,1790766266507
483c2b,58,1790767166507
fae4d9,52,1790851766507
26eae4,55,1790766266507
6ad3ad,34,1790767166507
54cfc7,27,1790851766507
181cc7,15,1790766266507
0a2a2f,31,1790851766507
01348f,47,1790766266507
5fa636,51,1790851766507
88a263,60,1790851766507
b28037,18,1790766266507
ad0b98,23,1790766266507
b23705,24,1790767166507
d58cd7,31,1790851766507
7ed635,43,1790851766507
959434,46,1790766266507
5466f8,45,1790851766507
4d0acb,59,1790767166507
edfa29,22,1790767166507
989a97,16,1790851766507
ef4fad,15,1790767166507
962aa7,34,1790851766507
c89c44,19,1790851766507
7a076b,27,1790851766507
26e6d8,38,1790767166507
f2cc71,47,1790767166507
e0b2ff,36,1790851766507
8e429c,37,1790766266507
fd5ef7,54,1790851766507
186abf,24,1790766266507
dad064,55,1790767166507
b1ea41,58,1790767166507
bfecb3,43,1790851766507
0a9c65,17,1790767166507
d01d78,46,1790851766507
bcb2ec,56,1790766266507
9f0981,60,1790767166507
9e60a2,20,1790767166507
6c14e7,46,1790767166507
c6fedc,45,1790851766507
788f99,34,1790766266507
285335,19,1790767166507
671b7d,37,1790766266507
19f23c,33,1790851766507
cfbfdc,48,1790851766507
7f0e42,50,1790767166507
3eb707,24,1790851766507
fa3f81,57,1790851766507
cde67d,40,1790767166507
7ab17f,35,1790766266507
f042e0,60,1790767166507
ec1428,38,1790851766507
2e39f2,24,1790767166507
9effbe,58,1790766266507
09853f,41,1790767166507
094e2c,40,1790851766507
0c2feb,22,1790766266507
376897,47,1790851766507
fcfbe7,30,1790767166507
07790d,23,1790767166507
f22986,47,1790767166507
4eeb0b,19,1790766266507
f6c2a7,15,1790766266507
47fe9d,37,1790766266507
f5576c,24,1790851766507
774682,51,1790851766507
3fa78d,25,1790767166507
35f6d5,28,1790851766507
37bbc8,16,1790767166507
8155bb,60,1790766266507
b0365e,16,1790767166507
72eff2,29,1790851766507
6c0d18,38,1790766266507
23a78a,17,1790851766507
d831fc,17,1790766266507
16d776,45,1790767166507
95549b,21,1790851766507
01db4d,36,1790851766507
2dabc6,34,1790851766507
9816ec,30,1790767166507
5711b3,49,1790767166507
d5f38a,36,1790766266507
646854,54,1790766266507
9bb996,40,1790766266507
61f5d7,58,1790767166507
1ba5e1,37,1790766266507
48fbb0,58,1790851766507
48e663,38,1790767166507
91e15c,40,1790767166507
b1a2ad,60,1790766266507
abc24c,51,1790766266507
1e856d,21,1790766266507
9fef9f,56,1790766266507
71f159,54,1790851766507
6a8700,49,1790851766507
3b209a,51,1790851766507
c8c41f,25,1790851766507
d4635d,50,1790767166507
407817,32,1790766266507
6df441,26,1790767166507
d3d651,43,1790767166507
fb7cf2,34,1790851766507
e849e6,26,1790767166507
87b38f,46,1790851766507
ebf95f,33,1790766266507
c0d4d0,58,1790767166507
52bbbb,22,1790767166507
5cde60,33,1790767166507
db3417,34,1790767166507
8d75db,30,1790766266507
83e723,51,1790766266507
506930,16,1790851766507
21bb76,18,1790766266507
75bb65,26,1790767166507
9d40ff,38,1790851766507
a26e77,50,1790766266507
11c614,20,1790851766507
94369c,54,1790851766507
0384db,36,1790767166507
cb4547,41,1790767166507
f6ab49,21,1790767166507
f1e85c,52,1790851766507
0a1061,26,1790851766507
f1128e,55,1790851766507
869a59,50,1790767166507
d73d1a,26,1790851766507
21308c,40,1790767166507
b2dd76,51,1790767166507
3af829,16,1790766266507
9f1f11,22,1790767166507
34089f,29,1790766266507
8fb12d,16,1790851766507
a55cb1,54,1790851766507
0c4470,28,1790851766507
47b85a,57,1790851766507
f70e75,44,1790851766507
37d610,58,1790851766507
683ff6,42,1790851766507
5862f7,36,1790851766507
5b2126,36,1790767166507
38a279,57,1790766266507
97ae27,43,1790851766507
77fff7,39,1790851766507
9e7c19,42,1790767166507
c6b29e,24,1790766266507
0f27e5,51,1790767166507
691515,53,1790766266507
227053,31,1790766266507
25cb35,19,1790767166507
c0fec8,57,1790767166507
0a3fea,53,1790766266507
2e2bb6,48,1790767166507
edab51,50,1790767166507
35a72c,29,1790767166507
c2a955,59,1790766266507
62f2d7,39,1790766266507
f9cce6,18,1790851766507
e254c4,59,1790767166507
b2a8e6,60,1790767166507
4dd27a,54,1790766266507
29edaf,38,1790767166507
54862a,24,1790767166507
1024ca,52,1790767166507
3c5983,47,1790767166507
c0e47f,34,1790851766507
d47033,22,1790767166507
8639a6,18,1790767166507
a38d33,26,1790851766507
32599e,31,1790766266507
4bd53b,16,1790851766507
13bea5,33,1790767166507
82dfd4,23,1790851766507
6ad454,43,1790767166507
2b4b96,39,1790851766507
7f05fd,28,1790766266507
9c0d1a,30,1790851766507
fb9d65,44,1790767166507
892255,22,1790851766507
f1df67,60,1790766266507
8585b7,26,1790767166507
d20958,56,1790766266507
29a64b,37,1790766266507
2acbf4,19,1790766266507
1dfd11,43,1790767166507
671927,35,1790766266507
cc075c,48,1790767166507
c65982,47,1790766266507
31273a,19,1790767166507
3b5c8e,30,1790767166507
7cb3ae,15,1790851766507
4eba09,40,1790766266507
2470cb,60,1790766266507
ebca7b,15,1790766266507
0b6c88,20,1790767166507
cb9996,28,1790767166507
446b1b,50,1790767166507
b5689f,17,1790767166507
2ef4ec,58,1790767166507
3d9603,47,1790766266507
82fc2e,19,1790766266507
ec2e14,40,1790766266507
c9836c,19,1790766266507
b1550d,21,1790766266507
aced3b,56,1790766266507
6c7408,23,1790766266507
f25193,41,1790767166507
e221ea,20,1790851766507
eb2163,16,1790767166507
3e2db3,17,1790767166507
e7328c,38,1790767166507
e3bf84,33,1790766266507
947a58,38,1790851766507
064edc,53,1790767166507
e94aff,37,1790767166507
bbcbfa,44,1790766266507
aeb592,41,1790766266507
8268d0,18,1790766266507
7e74d7,23,1790767166507
a8974f,32,1790766266507
b451d2,35,1790766266507
a69b40,20,1790766266507
63f982,23,1790766266507
5ccd46,30,1790766266507
db7e66,26,1790767166507
31dade,45,1790851766507
984fae,18,1790766266507
341320,49,1790767166507
91dd22,50,1790767166507
438fdb,55,1790851766507
7e1996,55,1790766266507
cf3238,26,1790766266507
627f99,46,1790767166507
42f24c,31,1790766266507
aed5c3,59,1790851766507
bcef0f,30,1790767166507
57b50d,20,1790766266507
d34ebb,52,1790766266507
5d073d,45,1790851766507
528410,23,1790766266507
e735bc,15,1790766266507
0d152c,56,1790766266507
aca372,37,1790851766507
ce4219,22,1790766266507
509a15,23,1790766266507
742010,32,1790851766507
8e76fd,17,1790767166507
18916c,43,1790766266507
3b30cc,22,1790766266507
c3217a,38,1790766266507
fca620,45,1790766266507
ae9779,52,1790851766507
74a9ce,19,1790767166507
435991,52,1790851766507
42e429,26,1790851766507
0bac8e,20,1790851766507
6895be,57,1790767166507
ae1fec,37,1790767166507
d2f691,35,1790851766507
e35730,59,1790767166507
2ed4be,34,1790766266507
1205fe,38,1790767166507
36a08f,18,1790766266507
069839,36,1790767166507
714ee9,48,1790851766507
4386a0,49,1790767166507
da9739,18,1790766266507
4f7733,28,1790767166507
0a9e0d,27,1790851766507
d8a39c,19,1790766266507
11da8f,47,1790767166507
ddf260,37,1790766266507
e6cdf2,17,1790766266507
7571ed,26,1790767166507
dee24b,47,1790851766507
d97665,25,1790851766507
2e439f,18,1790766266507
67f543,24,1790851766507
1f1f84,58,1790766266507
d71b77,21,1790851766507
5a6009,52,1790767166507
f9d676,40,1790851766507
f14f62,32,1790851766507
787115,59,1790851766507
3c7092,15,1790767166507
99ba75,50,1790766266507
737e2c,59,1790767166507
9e83e5,39,1790767166507
f0cf17,60,1790767166507
8216d1,56,1790767166507
c9a1ae,31,1790767166507
f89856,50,1790767166507
464656,19,1790767166507
512183,20,1790767166507
33efb7,47,1790766266507
4c6223,44,1790766266507
12e50e,52,1790851766507
40ac1c,55,1790851766507
241c18,50,1790767166507
329aa7,34,1790851766507
c5eeed,55,1790766266507
c13858,26,1790766266507
3209fd,36,1790851766507
5dbc19,16,1790851766507
6fe330,47,1790767166507
5157cd,58,1790851766507
b062cb,37,1790767166507
7bb42a,29,1790851766507
941937,25,1790851766507
e9802c,22,1790851766507
91462a,23,1790767166507
b969f4,25,1790851766507
ae78bf,41,1790767166507
58293f,54,1790766266507
79d28b,54,1790767166507
33257c,15,1790851766507
6a1055,58,1790851766507
7f0636,25,1790851766507
641471,31,1790766266507
d384c0,52,1790851766507
ec81bb,42,1790766266507
30ad4d,40,1790767166507
a9f6be,43,1790767166507
d4221c,18,1790851766507
9a9247,57,1790851766507
4a9ae5,44,1790851766507
f9379c,43,1790851766507
a39a84,50,1790767166507
e02342,55,1790766266507
af1599,19,1790766266507
99919d,18,1790851766507
d65534,51,1790766266507
c563fa,34,1790851766507
0d8b10,18,1790851766507
b79345,41,1790767166507
82eb54,57,1790767166507
d1671f,46,1790767166507
3b9f14,24,1790767166507
19457b,58,1790851766507
e33dbc,39,1790851766507
ec53ef,50,1790851766507
dfc2e5,25,1790767166507
5e8736,60,1790767166507
457308,22,1790851766507
47df61,51,1790767166507
18a905,42,1790767166507
724957,34,1790767166507
2fd43b,56,1790766266507
46bbe0,56,1790766266507
34193f,35,1790767166507
00fc7d,44,1790851766507
12ab1a,47,1790767166507
105baf,29,1790851766507
3aa6f2,57,1790766266507
260076,54,1790851766507
c935a0,23,1790766266507
dde80b,47,1790766266507
606b1b,20,1790767166507
8473e6,35,1790766266507
dfa9c6,56,1790767166507
4dd852,43,1790766266507
b2b22d,29,1790766266507
422d29,43,1790766266507
d37926,26,1790766266507
c5d2d1,37,1790851766507
8e6a87,36,1790851766507
e665b0,27,1790766266507
76ffdc,44,1790851766507
14da4d,27,1790766266507
1c81e9,39,1790766266507
b62e78,38,1790851766507
66c9c4,46,1790851766507
1e19d8,29,1790851766507
41b857,16,1790851766507
bc735e,35,1790767166507
3aed21,41,1790767166507
6476b9,25,1790767166507
718b78,33,1790851766507
67570c,47,1790766266507
d4dc2c,16,1790766266507
ac73ee,23,1790767166507
2d936f,49,1790767166507
9c1436,18,1790767166507
0b581a,44,1790767166507
f6c9e9,28,1790767166507
dccdde,35,1790766266507
3ec1a6,53,1790851766507
a098a2,20,1790851766507
b9998c,28,1790767166507
7d6653,58,1790767166507
90e809,16,1790851766507
86a756,40,1790851766507
ec4b48,46,1790851766507
42d7a6,60,1790851766507
c63a1c,49,1790766266507
1ee2af,18,1790851766507
5e3129,53,1790767166507
512ff7,32,1790766266507
47e4ab,45,1790851766507
787c28,17,1790767166507
a48828,30,1790766266507
066e51,52,1790766266507
2ee778,31,1790767166507
58d0be,51,1790766266507
27942e,29,1790766266507
8a8e6e,16,1790851766507
1cfd67,50,1790766266507
5bd34a,43,1790766266507
f951ef,55,1790767166507
786600,52,1790767166507
f188e8,35,1790851766507
69a8a3,48,1790766266507
b5b6b5,57,1790766266507
f59d95,31,1790851766507
3f3f66,27,1790767166507
beacb2,43,1790851766507
ab305c,18,1790767166507
5806a4,60,1790766266507
3ce417,53,1790851766507
9230f6,29,1790767166507
e432d9,24,1790851766507
43db5f,34,1790767166507
dba7f4,37,1790851766507
c709a4,39,1790851766507
d5b401,17,1790767166507
426732,50,1790766266507
548e3f,19,1790851766507
b03dd6,38,1790766266507
3c1722,44,1790766266507
74102a,53,1790851766507
093631,30,1790766266507
0b46fa,60,1790766266507
2691d5,32,1790766266507
596373,51,1790851766507
79bd90,32,1790767166507
7faf6e,56,1790851766507
1a82dd,59,1790851766507
288ec1,19,1790766266507
e4ee5f,40,1790766266507
3f5b64,17,1790851766507
99947e,50,1790851766507
946fff,59,1790851766507
589675,49,1790767166507
da36f9,37,1790851766507
4db4bf,22,1790766266507
2ffdbf,37,1790766266507
59bdb0,21,1790767166507
9959e4,47,1790766266507
2e76bb,32,1790767166507
f897a2,16,1790766266507
cb9434,53,1790851766507
40a97d,25,1790767166507
65e40c,19,1790766266507
030544,25,1790851766507
fa445e,45,1790766266507
1351f6,53,1790767166507
54126d,57,1790766266507
3b25ba,15,1790767166507
11b4e4,23,1790851766507
72613d,37,1790767166507
0d376d,43,1790767166507
5d4177,26,1790766266507
85204f,20,1790851766507
10aeaf,26,1790766266507
51ece5,18,1790767166507
d557c0,40,1790766266507
fc88ba,58,1790767166507
cf554e,22,1790767166507
19fbd7,15,1790851766507
2cd2bb,29,1790766266507
1dbfa3,36,1790766266507
827358,53,1790851766507
c754ae,15,1790766266507
41e728,44,1790851766507
ce72d9,58,1790766266507
02a79c,45,1790766266507
1efa1d,21,1790851766507
d18a1b,28,1790766266507
af5595,23,1790851766507
5fe6bd,43,1790851766507
bf2a71,19,1790851766507
e2eb40,19,1790767166507
8bbe7f,40,1790766266507
6425a0,17,1790851766507
553b68,18,1790766266507
6403a7,38,1790851766507
05b816,21,1790851766507
7a8340,15,1790767166507
4e677d,24,1790766266507
6b0430,30,1790766266507
9fd745,21,1790767166507
3b3ad6,28,1790766266507
b3a943,59,1790767166507
6f9ce8,30,1790767166507
c7dc7b,38,1790766266507
afb398,30,1790851766507
cc1ea6,42,1790767166507
a793ad,30,1790766266507
61875a,46,1790766266507
4c8b1a,57,1790767166507
bcd3e4,59,1790851766507
d8dc27,33,1790766266507
4eb000,45,1790766266507
aba4ec,17,1790766266507
254700,57,1790766266507
4a3367,49,1790851766507
ce751d,24,1790767166507
32b966,58,1790766266507
433840,58,1790766266507
338979,21,1790851766507
060b90,36,1790766266507
2eebbb,44,1790851766507
e183d5,44,1790851766507
f42b3a,29,1790766266507
a486a9,47,1790767166507
23ff6a,47,1790767166507
3d34b6,15,1790766266507
06070a,56,1790767166507
de2f70,23,1790851766507
c2996d,54,1790766266507
0f8284,43,1790766266507
66f7f1,15,1790851766507
f10ebb,28,1790767166507
104972,57,1790766266507
8895eb,28,1790767166507
3eed08,58,1790766266507
8a1f6e,60,1790766266507
569bb7,32,1790767166507
65af1b,53,1790767166507
6eed85,27,1790767166507
8977b1,55,1790766266507
b27682,57,1790767166507
eeb7dd,49,1790766266507
8fc43b,25,1790767166507
81f7f6,46,1790766266507
ac645e,59,1790851766507
c543f5,45,1790851766507
ba427a,41,1790767166507
0bc6e9,22,1790851766507
d8fc4d,47,1790766266507
1d36c2,53,1790767166507
3a15f4,41,1790766266507
c6c842,24,1790766266507
9faa38,22,1790766266507
4a51fc,41,1790851766507
42f136,31,1790766266507
478784,36,1790851766507
ed7273,41,1790851766507
7ac570,36,1790851766507
001ed7,19,1790851766507
485800,55,1790767166507
6ece1b,50,1790851766507
ccbf61,43,1790766266507
07eb41,42,1790851766507
600d69,44,1790767166507
8e9e10,39,1790767166507
cc121e,34,1790851766507
7e5a2c,35,1790767166507
a92210,41,1790851766507
af1437,52,1790767166507
2bb6e6,48,1790766266507
0b922f,57,1790766266507
ad0e3f,41,1790767166507
2f4437,17,1790851766507
1fe295,29,1790766266507
427032,59,1790766266507
f89bdd,50,1790851766507
3fea09,30,1790767166507
2dd0fb,26,1790767166507
b41425,21,1790851766507
bea2ef,34,1790767166507
468679,57,1790851766507
1c518e,42,1790767166507
75d1a9,45,1790767166507
d0b9a9,51,1790766266507
364846,23,1790851766507
a0889d,42,1790766266507
c81264,20,1790766266507
54357e,48,1790767166507
0fa8b0,19,1790767166507
d8058c,47,1790767166507
b30461,58,1790766266507
a28779,18,1790851766507
28a5be,16,1790767166507
33bfcb,15,1790766266507
7b4232,50,1790767166507
8e8954,46,1790767166507
843348,55,1790767166507
c965ea,52,1790766266507
26293d,15,1790767166507
4b7ace,33,1790767166507
013a83,24,1790851766507
2c3e3b,41,1790767166507
6c4331,57,1790851766507
cdf346,21,1790851766507
3975b2,59,1790767166507
0ef2d0,48,1790767166507
b21254,23,1790767166507
2f0a58,39,1790767166507
ffc008,46,1790851766507
2011cd,30,1790766266507
2e3041,16,1790766266507
756f76,46,1790851766507
a3d90c,53,1790767166507
505b51,26,1790766266507
5f7e7e,34,1790767166507
93bd79,22,1790851766507
76f19a,27,1790767166507
187a5b,31,1790767166507
93d637,54,1790851766507
665e5b,23,1790766266507
8806b5,43,1790851766507
80e165,57,1790851766507
2be059,52,1790851766507
060f2d,36,1790851766507
adad3c,55,1790766266507
3a5f10,39,1790767166507
02035d,49,1790851766507
ca2182,51,1790766266507
43d68b,51,1790851766507
04de89,50,1790851766507
fca00a,17,1790766266507
0fb873,46,1790767166507
ee16ac,16,1790766266507
434742,38,1790766266507
a10a93,22,1790766266507
64801a,42,1790767166507
cee751,54,1790766266507
f0afba,44,1790766266507
08e5b6,26,1790766266507
a94eca,50,1790851766507
f1a026,16,1790767166507
ebcf5f,58,1790766266507
d6bec9,19,1790766266507
1a4806,28,1790766266507
0603ef,47,1790851766507
19ec7a,40,1790766266507
eaad08,47,1790851766507
8bf388,57,1790851766507
af083f,58,1790851766507
d328d2,27,1790851766507
a92f88,31,1790767166507
c48201,30,1790766266507
e96254,35,1790767166507
19bc8b,54,1790851766507
e1f415,35,1790766266507
b17767,57,1790766266507
ebd65c,48,1790767166507
2fca9e,24,1790766266507
eec1eb,20,1790851766507
12ddf7,34,1790766266507
a52024,47,1790767166507
1e2b03,34,1790767166507
bbf94e,59,1790766266507
d4993c,57,1790851766507
62b868,27,1790851766507
dc1694,27,1790766266507
53fc22,35,1790851766507
b9a23d,15,1790767166507
27d9f9,42,1790767166507
6b161a,45,1790767166507
c4cbd6,36,1790766266507
3997e7,49,1790851766507
1d4fa8,25,1790851766507
a7c532,34,1790851766507
0bc400,56,1790767166507
11516a,19,1790767166507
505f84,19,1790767166507
aa4b0d,51,1790851766507
76f440,32,1790766266507
baa9e1,38,1790851766507
574989,18,1790766266507
4ece7b,41,1790851766507
dac18c,44,1790851766507
508725,57,1790766266507
26728b,59,1790851766507
d938f3,33,1790851766507
0fb64b,26,1790851766507
79a105,21,1790851766507
0fd15b,15,1790766266507
b444d9,49,1790767166507
1faece,44,1790851766507
3ed88d,44,1790766266507
a7487f,51,1790767166507
01ef09,17,1790766266507
726c37,40,1790766266507
bc870f,60,1790766266507
83c389,39,1790851766507
15f66e,22,1790767166507
53d8b6,44,1790766266507
7e115a,39,1790766266507
75be9d,32,1790767166507
753304,54,1790767166507
bd135c,60,1790766266507
4faa91,29,1790767166507
23d89a,23,1790767166507
0fb95c,44,1790766266507
acde7c,23,1790851766507
a3d5f3,53,1790851766507
d24057,50,1790766266507
4ea30c,53,1790766266507
e0131c,20,1790767166507
6eab7f,39,1790766266507
de8d85,51,1790851766507
f3e9f0,39,1790766266507
2c7334,23,1790767166507
3e2cef,39,1790767166507
9f5a0f,60,1790851766507
2ab14c,28,1790767166507
e0327f,16,1790767166507
317948,45,1790851766507
6f668b,45,1790766266507
618a99,57,1790767166507
5fbf1d,25,1790767166507
3571af,19,1790767166507
6fbba1,41,1790851766507
0275c0,42,1790766266507
d49032,25,1790767166507
faf352,45,1790766266507
feb63d,28,1790766266507
1accdd,39,1790767166507
a2227f,42,1790767166507
184258,32,1790851766507
4cd51a,26,1790767166507
f5f265,54,1790851766507
01fe9b,57,1790851766507
e1baa4,57,1790767166507
923afb,16,1790766266507
dfdf74,22,1790766266507
df6e71,46,1790767166507
eda92b,39,1790767166507
95d720,30,1790767166507
8123a5,18,1790767166507
624d9b,23,1790851766507
9610ac,52,1790766266507
8a556e,50,1790851766507
a41359,27,1790766266507
e63a5e,34,1790851766507
94a1ea,27,1790766266507
df37d1,59,1790767166507
8b313c,19,1790767166507
feed13,31,1790766266507
dd331f,26,1790851766507
ccfd1c,18,1790766266507
1c542f,21,1790767166507
6f08c2,43,1790766266507
d12ef0,55,1790851766507
94a8a9,57,1790851766507
d37b61,29,1790767166507
00777b,45,1790766266507
df6782,38,1790851766507
4b3829,40,1790767166507
7a0ecd,53,1790851766507
f40760,38,1790766266507
4c2ddc,55,1790851766507
fda5c6,24,1790851766507
c38edd,39,1790766266507
8aff90,54,1790766266507
c3c0ce,41,1790767166507
66d3aa,33,1790851766507
553e55,15,1790767166507
832f3e,47,1790766266507
9c17d1,51,1790767166507
8a592b,46,1790766266507
2b1a95,19,1790766266507
cfdf0e,48,1790766266507
1d6cbc,48,1790767166507
e3c8ab,36,1790851766507
0b4c4d,53,1790766266507
b0ffe6,31,1790766266507
7e420e,45,1790851766507
e18743,16,1790766266507
fb52b8,34,1790766266507
e498e2,56,1790851766507
6e9464,46,1790767166507
441cd1,44,1790766266507
2b8f98,33,1790766266507
922792,51,1790766266507
670410,18,1790766266507
c421ef,52,1790851766507
17f839,19,1790767166507
b144ea,24,1790766266507
b42e43,16,1790766266507
277cd9,59,1790767166507
37848d,28,1790767166507
415588,22,1790851766507
1c3503,44,1790851766507
fe2b4a,47,1790766266507
5305d4,41,1790766266507
ad5140,36,1790767166507
f3c330,27,1790766266507
d812b3,50,1790766266507
589318,22,1790767166507
4e8b18,27,1790851766507
2895cf,28,1790851766507
5ccf66,49,1790766266507
fa47f8,57,1790767166507
f0c22b,25,1790767166507
8f83d3,34,1790766266507
bfa5be,27,1790767166507
598ca5,16,1790767166507
6566d0,34,1790766266507
a15cb0,21,1790767166507
2181ce,41,1790767166507
ff858e,47,1790767166507
602350,49,1790766266507
047f60,20,1790767166507
8a8d92,22,1790766266507
cd4b53,17,1790851766507
329822,27,1790851766507
bae3be,28,1790767166507
2cb31a,58,1790767166507
30dfb8,21,1790851766507
9cff06,26,1790766266507
c6d7f3,22,1790766266507
6eda45,60,1790851766507
cf6b9f,28,1790851766507
7864e6,54,1790767166507
9f3a85,51,1790766266507
956ac9,50,1790851766507
1e9534,34,1790851766507
4c28ef,15,1790767166507
c52416,36,1790766266507
eda3b4,23,1790767166507
913dce,21,1790767166507
b69ada,57,1790766266507
1be7fb,26,1790767166507
18b667,29,1790766266507
ff6812,54,1790851766507
4d207b,57,1790766266507
948a5a,44,1790851766507
75a54d,39,1790767166507
cf80ed,43,1790766266507
fa9763,59,1790851766507
078449,54,1790851766507
f85fd9,49,1790766266507
e3643a,28,1790767166507
582760,44,1790766266507
1d2b3e,45,1790766266507
a4e214,44,1790767166507
73dc62,41,1790767166507
81e6b7,18,1790851766507
90edb6,40,1790767166507
caad42,38,1790851766507
5cc776,59,1790767166507
652e3b,51,1790766266507
6d97f2,30,1790766266507
2dac0f,29,1790766266507
80b45f,28,1790851766507
fa3e77,30,1790766266507
ef7b04,44,1790851766507
62b8f2,48,1790766266507
245a2a,32,1790851766507
f09b8c,55,1790851766507
7d67bf,16,1790766266507
e6cd8e,15,1790851766507
853280,51,1790766266507
11379d,40,1790851766507
e011ed,30,1790767166507
5259ed,55,1790851766507
25b3ee,38,1790766266507
979f69,59,1790851766507
327d44,47,1790851766507
38aa0f,16,1790767166507
72b8eb,23,1790851766507
fc010c,16,1790766266507
a5c8b5,37,1790767166507
91b51c,46,1790767166507
504dab,57,1790766266507
d7a4a4,28,1790766266507
496db6,58,1790766266507
3a5935,40,1790851766507
41afe7,19,1790851766507
7bd728,60,1790851766507
618788,34,1790767166507
1c715f,27,1790766266507
6df833,30,1790851766507
6b25dc,16,1790851766507
5ec8c7,16,1790766266507
c7c016,54,1790767166507
b23a91,35,1790851766507
505c6f,22,1790767166507
1987a7,40,1790767166507
23b41f,19,1790767166507
448a86,34,1790851766507
3dc69c,24,1790767166507
a19f44,35,1790766266507
553377,35,1790767166507
0f27c0,37,1790767166507
244ec7,25,1790767166507
6e8fcb,50,1790851766507
914b94,18,1790851766507
ef7d42,59,1790767166507
7d6577,41,1790766266507
b57f84,38,1790851766507
998385,38,1790851766507
c90904,42,1790851766507
3c2e9d,19,1790767166507
fdfbcf,33,1790766266507
bbfb71,49,1790766266507
950803,38,1790851766507
83427e,34,1790851766507
b7575a,32,1790766266507
650f84,35,1790851766507
e17f21,25,1790767166507
3881af,51,1790767166507
58fdc2,42,1790767166507
82a529,56,1790766266507
7ce182,48,1790767166507
524389,28,1790851766507
f2bbc6,41,1790767166507
bf14cb,40,1790766266507
44e16b,37,1790767166507
607597,23,1790851766507
b3e66e,55,1790767166507
ed28de,40,1790767166507
84fc39,51,1790851766507
0db80d,39,1790766266507
7456ad,31,1790767166507
6c4db2,43,1790851766507
42c90e,50,1790851766507
c51d49,31,1790767166507
23ae1e,28,1790767166507
0cc68d,43,1790851766507
c0716f,33,1790851766507
b4ec83,41,1790851766507
58188e,17,1790766266507
ffd800,23,1790767166507
5a6f57,33,1790767166507
ede9f5,35,1790766266507
cf492a,56,1790766266507
337055,18,1790766266507
608ef5,24,1790766266507
1df7c6,40,1790851766507
118575,30,1790766266507
ceb236,42,1790851766507
e8dc79,58,1790766266507
68b609,16,1790767166507
b2d00f,51,1790851766507
e2d4af,37,1790767166507
4ab8f3,19,1790766266507
1ab4ee,25,1790851766507
237fa8,57,1790767166507
175d4b,15,1790767166507
cc0433,41,1790767166507
e90db8,46,1790767166507
287396,47,1790766266507
4eef35,30,1790766266507
80e167,55,1790767166507
8f8313,32,1790767166507
0e0728,42,1790851766507
4b8779,41,1790766266507
cc7d25,44,1790766266507
e99899,37,1790767166507
ca092f,47,1790851766507
4340fe,23,1790766266507
a80f55,42,1790767166507
c430e5,42,1790851766507
506441,49,1790766266507
bbd885,36,1790766266507
08f44b,44,1790767166507
c660e3,48,1790766266507
346e63,40,1790851766507
92838a,47,1790766266507
86dc0d,35,1790851766507
92e7c1,56,1790851766507
eac307,20,1790766266507
0f9ab1,35,1790767166507
0729a4,21,1790766266507
53664e,35,1790851766507
1cd324,17,1790766266507
95679a,29,1790851766507
5acd7d,53,1790766266507
7db154,44,1790767166507
de6bbb,41,1790766266507
a2732b,57,1790766266507
9983df,57,1790767166507
d1b6f2,42,1790767166507
8751b6,57,1790766266507
b6da0c,58,1790767166507
0e303c,17,1790851766507
0a34a8,56,1790766266507
145c7d,56,1790767166507
edd494,16,1790851766507
8e4ec5,25,1790767166507
883917,54,1790851766507
6b1e5d,21,1790767166507
d12c13,40,1790851766507
578c86,19,1790851766507
ca1029,55,1790851766507
0fae69,22,1790767166507
ce5e43,46,1790766266507
c786c7,15,1790766266507
93765a,52,1790851766507
12a18f,41,1790767166507
44ed7c,38,1790851766507
e5044a,19,1790766266507
54773e,50,1790767166507
322680,42,1790767166507
816b45,38,1790851766507
1fda23,29,1790851766507
bfb3e7,30,1790766266507
9830a3,17,1790767166507
cc35a3,57,1790767166507
86c0e2,22,1790766266507
8f60e3,19,1790767166507
b9d951,51,1790766266507
42601d,20,1790767166507
deaad3,21,1790766266507
f74e44,49,1790766266507
e671f0,15,1790767166507
38bf01,45,1790767166507
106a76,16,1790851766507
8f29d3,32,1790766266507
eaa8a7,35,1790766266507
54bb21,37,1790766266507
397c34,60,1790767166507
831085,22,1790851766507
48a29d,43,1790851766507
6c1a19,44,1790851766507
213f2f,44,1790767166507
e4f248,16,1790851766507
f88860,23,1790851766507
f3d5f2,52,1790851766507
a040fe,55,1790767166507
e34ea6,46,1790851766507
490fb5,31,1790851766507
8690c8,23,1790767166507
1a7e54,18,1790767166507
33be16,34,1790851766507
fa9e07,15,1790767166507
0f52e1,39,1790766266507
be2263,34,1790767166507
2cfaba,35,1790766266507
d27ce3,59,1790766266507
dc2b83,52,1790851766507
3a3e2b,52,1790767166507
40d49b,58,1790851766507
61c89f,57,1790766266507
461b39,30,1790766266507
e7e960,49,1790766266507
8e95eb,38,1790851766507
0a358e,44,1790766266507
c888a5,51,1790851766507
d03d85,54,1790851766507
acbe10,27,1790767166507
66584b,32,1790851766507
586ba4,49,1790767166507
3952c2,33,1790851766507
bce034,21,1790767166507
a10591,29,1790766266507
10807a,30,1790851766507
3d3679,29,1790851766507
f1091a,48,1790851766507
eebfba,22,1790851766507
c5e388,50,1790767166507
931f5a,29,1790767166507
bff8b5,26,1790851766507
bca8a6,60,1790767166507
113afb,59,1790851766507
83c578,48,1790767166507
5c3c5f,43,1790851766507
d9eab7,43,1790851766507
db41e8,30,1790851766507
698437,25,1790851766507
886d88,35,1790851766507
8d4634,33,1790851766507
b9dfc8,35,1790851766507
9fd5a9,41,1790767166507
c8e9fd,16,1790767166507
91a137,39,1790767166507
f644e6,26,1790851766507
a65192,24,1790851766507
09da51,37,1790851766507
d1213e,28,1790767166507
82d546,59,1790767166507
2b0f74,34,1790851766507
ddaf29,24,1790767166507
f69b52,21,1790766266507
674cb1,17,1790766266507
6485d6,49,1790767166507
d42696,50,1790851766507
7b128e,35,1790851766507
7e1677,36,1790766266507
9f9237,17,1790766266507
e66880,24,1790766266507
fe6358,16,1790766266507
788304,18,1790766266507
e38e19,18,1790766266507
b18380,15,1790767166507
e763b8,37,1790767166507
bae561,51,1790851766507
d2101e,31,1790766266507
02b703,37,1790851766507
859d25,46,1790851766507
596925,44,1790766266507
6f8ef7,22,1790766266507
259120,42,1790766266507
3f9265,45,1790766266507
8e4a3c,46,1790766266507
1daa97,46,1790851766507
891cee,42,1790851766507
c4f9af,30,1790851766507
3692f3,42,1790767166507
c6f768,45,1790766266507
6f57c7,40,1790766266507
41e65a,28,1790766266507
e9882d,45,1790767166507
6f2647,56,1790766266507
a064ba,20,1790851766507
ff9b8b,24,1790766266507
2b80cb,58,1790851766507
b4fddb,29,1790851766507
4fba6c,36,1790851766507
d37381,27,1790851766507
a342a1,31,1790851766507
72ea04,24,1790767166507
f53870,33,1790851766507
00cd20,18,1790767166507
47a460,15,1790766266507
7f4922,54,1790851766507
a6305e,16,1790766266507
df29d1,28,1790851766507
0bda26,50,1790766266507
4c9adc,48,1790766266507
868e38,55,1790767166507
2b463a,56,1790766266507
3b7147,47,1790767166507
f2a62d,46,1790766266507
42cd17,15,1790766266507
55e0c3,50,1790767166507
f080a7,55,1790851766507
e23447,16,1790767166507
393717,26,1790767166507
e9b0b4,28,1790766266507
e7ef2c,42,1790851766507
225849,35,1790851766507
70d784,36,1790851766507
08d82d,22,1790767166507
95bcd9,50,1790766266507
97b7de,50,1790766266507
69ff5a,26,1790767166507
c5d764,21,1790851766507
b7bb64,56,1790851766507
bda676,19,1790766266507
8e17ea,30,1790766266507
35c74e,49,1790767166507
4aee7d,48,1790767166507
6409bc,34,1790766266507
bb3e4e,47,1790766266507
7240a6,51,1790851766507
54863c,27,1790766266507
0b59f7,18,1790766266507
f6402b,46,1790766266507
d974ce,56,1790851766507
bc22c6,49,1790851766507
9829ce,42,1790851766507
0dfb8a,55,1790767166507
4e2b31,56,1790766266507
eb027b,16,1790766266507
697e0f,59,1790767166507
1e6eb4,58,1790767166507
979693,19,1790766266507
54206b,32,1790766266507
41d815,39,1790767166507
e9f568,52,1790851766507
256fba,42,1790851766507
5dd9b4,21,1790767166507
c58e28,15,1790767166507
0836d5,24,1790766266507
f0e35e,22,1790851766507
0942a3,27,1790767166507
2715e6,53,1790767166507
0f62f0,33,1790851766507
22365e,31,1790851766507
0ddfff,27,1790851766507
b80606,41,1790851766507
fbdd49,36,1790767166507
34d27e,50,1790767166507
0c1d4b,60,1790851766507
d5d85b,15,1790767166507
fe9d79,46,1790767166507
781ba4,22,1790851766507
85b202,26,1790851766507
c9abff,42,1790851766507
409db7,17,1790851766507
59f381,44,1790851766507
2ece92,20,1790767166507
e8b603,47,1790766266507
9e641c,32,1790766266507
8795e5,40,1790767166507
f46615,56,1790851766507
79023b,49,1790766266507
8ffee6,27,1790767166507
323239,50,1790766266507
1a1e55,36,1790766266507
44b822,56,1790851766507
195aab,38,1790766266507
8d0c82,59,1790766266507
90efd2,38,1790766266507
0a85f3,44,1790767166507
fbec91,47,1790767166507
1a8360,30,1790851766507
d4ed17,19,1790767166507
b23216,50,1790767166507
e5f9f6,45,1790767166507
7781db,31,1790766266507
3ec098,57,1790766266507
a252d4,58,1790767166507
76f6ef,15,1790851766507
a6db27,43,1790766266507
d5a108,18,1790767166507
335fce,17,1790851766507
2b1fca,18,1790766266507
ae4d53,16,1790851766507
fcadb7,31,1790767166507
e6f5b3,20,1790766266507
90f4ba,35,1790767166507
9cdb19,29,1790767166507
10a402,27,1790767166507
191b2d,55,1790851766507
e70c38,52,1790851766507
f67e80,52,1790851766507
92e64e,17,1790766266507
cabfde,30,1790767166507
2067ab,33,1790767166507
2eace2,15,1790766266507
9a6ebc,46,1790851766507
0a16a1,59,1790767166507
9d769c,37,1790766266507
e91b29,36,1790767166507
ade94c,47,1790767166507
82d681,39,1790851766507
06ec8a,56,1790851766507
e2d57f,36,1790851766507
a7e934,26,1790767166507
29fedf,39,1790851766507
bd9954,42,1790851766507
9a256e,43,1790767166507
c35c3e,49,1790767166507
c636f0,42,1790767166507
70ea20,26,1790766266507
9d14cb,23,1790766266507
73ac24,54,1790766266507
d0a858,26,1790766266507
fa92f8,23,1790766266507
bf5349,55,1790851766507
c4e6c4,29,1790851766507
6c200b,26,1790767166507
a132b8,50,1790767166507
6e3594,22,1790851766507
d5527a,23,1790851766507
558837,43,1790851766507
6c69a5,41,1790851766507
21012a,34,1790851766507
1d855d,17,1790767166507
e89921,44,1790767166507
d4d7f2,24,1790766266507
784d66,28,1790851766507
81e252,45,1790851766507
419bd1,50,1790767166507
fe0861,21,1790767166507
e6a43c,41,1790767166507
9415af,16,1790766266507
37e338,39,1790767166507
18c7f4,32,1790766266507
eb2149,17,1790851766507
5f4b40,47,1790766266507
f83c5b,42,1790851766507
729e60,37,1790851766507
d1e3e5,28,1790766266507
414a35,38,1790767166507
2a5524,27,1790767166507
a5c1ea,33,1790851766507
631421,18,1790851766507
32857d,43,1790851766507
08bb64,23,1790851766507
76ad8e,38,1790851766507
8f2fbb,26,1790766266507
d2ffcf,30,1790851766507
8a9860,32,1790767166507
f317c6,16,1790767166507
eee989,29,1790851766507
8b23a5,57,1790766266507
193bba,47,1790766266507
ae026b,25,1790766266507
6ae563,47,1790851766507
12fc00,30,1790766266507
874595,43,1790851766507
32b7b9,31,1790766266507
6681d8,21,1790766266507
c9c720,50,1790851766507
d9ba30,36,1790766266507
257d06,44,1790767166507
d81fb4,27,1790851766507
b8feae,50,1790851766507
d8e60c,33,1790766266507
2dc4cc,60,1790766266507
fe2258,25,1790851766507
df8011,36,1790851766507
509ad7,17,1790767166507
b36954,16,1790766266507
3533be,23,1790766266507
cc2698,41,1790851766507
9a1479,36,1790767166507
d67fa1,27,1790767166507
b674e9,16,1790851766507
1eeb6f,19,1790766266507
dac23e,45,1790851766507
ac0a17,57,1790766266507
8b2797,49,1790766266507
66b9c9,48,1790766266507
1915ce,42,1790767166507
c7a823,45,1790766266507
dda6f2,28,1790766266507
9435dc,18,1790766266507
513fa3,44,1790767166507
53ddf9,55,1790851766507
6f4178,23,1790766266507
8f80e0,43,1790766266507
022c04,32,1790767166507
0f50b1,58,1790767166507
f6db5e,26,1790851766507
0936be,43,1790766266507
b989b5,29,1790766266507
af2a3e,54,1790767166507
66f727,60,1790766266507
703d5a,53,1790766266507
8dee83,19,1790767166507
18f698,23,1790851766507
235d32,20,1790766266507
d95c0b,50,1790767166507
fb231a,38,1790851766507
40851b,47,1790767166507
c196ba,33,1790851766507
5b4a81,44,1790767166507
affcde,38,1790851766507
321d85,51,1790767166507
0fd89c,59,1790767166507
d3fc12,44,1790767166507
ef4575,18,1790766266507
52cc5e,53,1790851766507
836680,29,1790766266507
d60b32,23,1790851766507
a704e0,26,1790767166507
5f8350,22,1790851766507
558fbb,32,1790851766507
18c635,51,1790766266507
23d12b,50,1790767166507
f55435,33,1790767166507
bce438,26,1790767166507
62f016,26,1790766266507
803bbf,17,1790767166507
0159f5,45,1790766266507
0fa270,31,1790767166507
b8b0bd,32,1790767166507
e12e32,43,1790851766507
d049c7,58,1790767166507
60ffdf,43,1790767166507
6b2363,50,1790767166507
137d17,42,1790851766507
c7d53d,30,1790851766507
a37cbe,23,1790851766507
7d87ac,48,1790767166507
ab6b1b,47,1790766266507
496859,24,1790851766507
1b6bfa,31,1790851766507
9b31bf,60,1790851766507
5986be,54,1790767166507
7ee6b9,34,1790851766507
a91ef8,15,1790767166507
659908,32,1790767166507
5d2b5c,28,1790767166507
bab9e5,28,1790851766507
80dcd2,50,1790851766507
d464ff,48,1790766266507
7bb298,49,1790767166507
8bc039,26,1790766266507
2ce4ac,39,1790767166507
6e2019,59,1790767166507
58ed0b,18,1790766266507
82c26d,21,1790766266507
18b8b8,47,1790767166507
92d82b,20,1790766266507
71e9ae,34,1790851766507
90d2ff,53,1790767166507
52be63,26,1790767166507
97e468,31,1790851766507
6935c9,31,1790767166507
a3e053,52,1790766266507
59f9ef,24,1790851766507
41205b,19,1790851766507
47dc3d,44,1790767166507
4bb1a4,40,1790766266507
9ad8a9,15,1790851766507
f59485,45,1790766266507
a3e359,32,1790851766507
4479a9,19,1790766266507
d6e8ed,48,1790851766507
cbe180,60,1790766266507
996e8c,33,1790767166507
abaa0e,17,1790767166507
8a174c,34,1790767166507
d8dcbf,19,1790851766507
62043f,26,1790851766507
026fa9,49,1790851766507
8664cc,51,1790766266507
e12174,16,1790766266507
b95d4c,37,1790851766507
83232f,35,1790851766507
98f255,47,1790851766507
5de61a,50,1790766266507
8669a9,21,1790766266507
7d303a,46,1790766266507
ff739d,57,1790851766507
6680cd,44,1790851766507
e4d2b8,51,1790766266507
f141ea,47,1790767166507
b00624,30,1790767166507
7a3d57,42,1790766266507
3724b6,37,1790766266507
fc8ae0,57,1790766266507
903ecb,27,1790767166507
4e8a38,53,1790767166507
520b43,56,1790766266507
4f6874,59,1790766266507
419e02,41,1790767166507
573b21,54,1790767166507
18f15b,59,1790851766507
05b69d,37,1790851766507
62b42d,32,1790851766507
032400,51,1790766266507
b32f15,26,1790767166507
01b96a,48,1790851766507
5a4bb0,57,1790767166507
b90636,35,1790851766507
a5215d,17,1790766266507
d88152,15,1790851766507
457e4e,19,1790767166507
6481ed,37,1790851766507
2dd4e9,60,1790767166507
e68cac,23,1790767166507
eeb0f6,59,1790766266507
a9c3ee,20,1790851766507
f1d0c8,28,1790766266507
6b634e,54,1790766266507
a9884f,60,1790767166507
733d9c,23,1790851766507
df52e1,20,1790767166507
535051,17,1790766266507
868fd7,52,1790766266507
08057d,17,1790766266507
da7d72,45,1790766266507
6ca3bd,17,1790851766507
30bfc4,21,1790766266507
9e114d,26,1790767166507
31b00d,31,1790766266507
c2ffd5,32,1790767166507
7621a7,55,1790851766507
f3d474,22,1790851766507
258614,26,1790851766507
4ada23,56,1790767166507
eeffc3,58,1790851766507
d54f9a,18,1790851766507
2cc9d3,44,1790766266507
40c92f,59,1790851766507
d4a92f,44,1790766266507
3e5a39,40,1790851766507
dbec27,54,1790766266507
85dc09,53,1790851766507
c69c02,34,1790851766507
201efb,56,1790851766507
257c71,15,1790767166507
e1cff6,47,1790767166507
7f0bca,37,1790766266507
5b0a17,55,1790851766507
081f5b,46,1790767166507
315166,59,1790767166507
bde664,53,1790851766507
bcf4ba,37,1790767166507
7b729e,27,1790766266507
ffd022,45,1790851766507
68f933,16,1790851766507
ac0b12,19,1790766266507
d4f487,38,1790766266507
9d5bd4,30,1790767166507
63a53e,44,1790766266507
8d05c6,25,1790767166507
4099c6,48,1790766266507
ade7e6,30,1790766266507
ae1962,22,1790767166507
31cbb5,16,1790767166507
f64ccc,42,1790851766507
7bf172,29,1790767166507
359c62,36,1790851766507
f226e3,35,1790767166507
de3028,47,1790851766507
d65682,58,1790767166507
a5dacb,33,1790767166507
73f8c0,55,1790766266507
b975da,40,1790767166507
1a3b56,26,1790766266507
fee92e,32,1790767166507
782796,52,1790767166507
2e3bae,41,1790767166507
e67fbc,55,1790851766507
6ad653,28,1790851766507
492b29,30,1790851766507
0b719c,15,1790767166507
ebec3d,58,1790766266507
b6a206,32,1790766266507
7bc7db,27,1790851766507
216d73,43,1790851766507
900d60,15,1790766266507
e2ca08,40,1790767166507
279c14,33,1790767166507
dfd011,22,1790766266507
b3bee8,24,1790767166507
342aff,17,1790766266507
950a79,46,1790851766507
21049f,42,1790851766507
aa6794,29,1790851766507
76ba35,59,1790767166507
fefcec,20,1790851766507
ffeda8,38,1790851766507
bcac81,21,1790766266507
93a34d,28,1790766266507
41ef88,43,1790851766507
e7f129,54,1790766266507
d75283,35,1790851766507
e44f43,36,1790851766507
3cfc1d,46,1790766266507
eaaa61,19,1790851766507
14b949,51,1790766266507
ad59f5,31,1790766266507
070719,32,1790767166507
fc45b0,34,1790851766507
ca2e48,50,1790767166507
bf420c,43,1790767166507
fe7f34,21,1790767166507
11ad3b,27,1790851766507
2b74a6,51,1790766266507
0c9263,34,1790766266507
314eac,53,1790767166507
1e8268,36,1790851766507
659dbd,24,1790767166507
3e86af,15,1790767166507
d4ea25,17,1790767166507
a777ba,18,1790767166507
e493fb,19,1790767166507
bd2d75,15,1790767166507
76654e,34,1790851766507
1e2856,48,1790851766507
0f572c,35,1790767166507
03ac39,54,1790766266507
ed191b,40,1790766266507
d080a9,23,1790851766507
932c1b,25,1790851766507
f3aad6,39,1790767166507
d7aa35,56,1790851766507
d65463,15,1790767166507
728459,42,1790851766507
b1f7fb,39,1790766266507
2221ec,41,1790766266507
040095,54,1790767166507
60bd4b,16,1790766266507
3e7bbe,60,1790766266507
742997,24,1790851766507
b6c056,34,1790851766507
34d522,46,1790851766507
49a9e2,39,1790851766507
8acb07,26,1790767166507
0a336f,47,1790851766507
f70fa0,54,1790766266507
ee1da0,60,1790767166507
39db91,55,1790767166507
3f03ea,59,1790767166507
79e0d5,16,1790851766507
1a9834,26,1790766266507
61eefc,47,1790766266507
7c51ce,39,1790766266507
b495a7,60,1790766266507
9cfb46,27,1790766266507
ce3479,47,1790767166507
32d564,52,1790851766507
7ba62a,47,1790851766507
50250a,39,1790767166507
9b8560,25,1790767166507
7e4be3,24,1790851766507
2d6fb5,42,1790767166507
712136,55,1790766266507
a26167,35,1790766266507
31a952,19,1790766266507
c89ba2,53,1790767166507
cec23f,43,1790767166507
3760c9,40,1790767166507
5c8df8,32,1790767166507
b8d773,32,1790767166507
14b89e,15,1790766266507
098a32,54,1790851766507
3b1b52,57,1790851766507
e46f54,36,1790766266507
c44afb,57,1790851766507
5f525a,22,1790851766507
e92012,46,1790767166507
903521,37,1790767166507
78d46e,25,1790767166507
124f8f,32,1790851766507
de9404,39,1790766266507
8723cd,35,1790766266507
773085,53,1790767166507
72ad96,43,1790766266507
f341f3,22,1790766266507
6d9363,54,1790766266507
f179b8,20,1790767166507
c8d876,57,1790767166507
8a290b,40,1790851766507
29200c,28,1790766266507
5940fa,55,1790851766507
308a78,57,1790766266507
95ca8c,55,1790767166507
beaf23,44,1790767166507
e0c509,56,1790767166507
c42f58,49,1790766266507
d1d9ac,31,1790767166507
0495a5,55,1790851766507
a64d07,41,1790851766507
cf8e34,21,1790851766507
4edf41,37,1790767166507
a58d45,15,1790766266507
1eba6c,23,1790767166507
ab1fe2,34,1790766266507
d9ac5a,53,1790851766507
300e75,42,1790851766507
228d41,46,1790766266507
8e0360,22,1790851766507
4bf900,56,1790851766507
fdf586,27,1790767166507
1b1565,31,1790851766507
01fefb,48,1790766266507
63ac76,21,1790766266507
6b50fb,26,1790767166507
197f86,31,1790851766507
7e16ec,49,1790767166507
132eee,17,1790766266507
813b45,27,1790851766507
d1479a,31,1790766266507
5f2dcc,24,1790766266507
2bd5de,47,1790851766507
d6f808,60,1790766266507
c3dc87,45,1790766266507
91146e,29,1790767166507
e38ed4,33,1790766266507
a9a536,23,1790766266507
be4937,20,1790851766507
750cae,60,1790767166507
a36d85,37,1790851766507
794214,39,1790767166507
26d2c4,37,1790766266507
6e5c32,39,1790766266507
264ad7,29,1790851766507
eff052,42,1790767166507
934489,22,1790767166507
7a1078,51,1790851766507
74d8b9,38,1790767166507
c2844d,17,1790767166507
8ae2f1,27,1790851766507
3f3328,48,1790767166507
193659,44,1790766266507
4245f1,21,1790851766507
d0dff1,57,1790767166507
ac8821,52,1790767166507
ca91a5,31,1790851766507
e2bfc1,36,1790767166507
c4818e,32,1790767166507
4accb2,43,1790767166507
310971,15,1790766266507
e12a62,24,1790851766507
a2416e,46,1790766266507
8f7882,30,1790767166507
7a3176,20,1790851766507
b41515,19,1790766266507
402281,32,1790851766507
bb0f61,51,1790767166507
edccd8,33,1790767166507
0ee68d,37,1790766266507
74cd6a,57,1790766266507
ee2470,33,1790767166507
1724d8,20,1790767166507
8ab9de,23,1790767166507
d7f986,24,1790766266507
78ba9f,49,1790767166507
d95a89,36,1790851766507
3422e0,26,1790766266507
d09fed,15,1790766266507
3007ff,54,1790851766507
de6da4,22,1790766266507
9c9eda,29,1790767166507
0d8f9d,36,1790766266507
003e4c,58,1790851766507
66f525,41,1790767166507
f299f5,52,1790851766507
b0f5ef,16,1790851766507
784f0a,34,1790767166507
a91c17,60,1790851766507
97a075,50,1790767166507
fb8757,58,1790767166507
6b874c,49,1790851766507
1e4fc3,41,1790766266507
bffbb4,30,1790766266507
c7b574,15,1790767166507
c971ac,39,1790851766507
0cec72,20,1790851766507
0f7379,46,1790851766507
d53f5f,22,1790766266507
4721d4,38,1790851766507
5e55dc,29,1790767166507
dcb9f2,17,1790767166507
e6e5e8,18,1790766266507
88065e,60,1790767166507
87ac33,45,1790767166507
5bd5a7,32,1790767166507
42cab1,30,1790766266507
6b6438,30,1790851766507
5c958b,48,1790767166507
3379bf,46,1790851766507
7eb140,15,1790766266507
8133e7,30,1790766266507
1b6c5e,39,1790766266507
5fae42,29,1790851766507
2cf327,54,1790851766507
6e3209,21,1790766266507
b93ac3,18,1790766266507
edbe6d,52,1790766266507
5d87e9,45,1790851766507
be4e89,22,1790767166507
30c6cc,22,1790851766507
86bfac,55,1790767166507
b622b7,33,1790767166507
c4426f,57,1790766266507
b1acf4,50,1790851766507
4bd7df,48,1790851766507
af8ef3,53,1790851766507
3f04e4,30,1790851766507
42d30e,49,1790766266507
f5b744,30,1790767166507
b837dd,60,1790766266507
4f3702,18,1790766266507
f43480,21,1790851766507
e5be8b,35,1790766266507
01b9b8,41,1790767166507
d66e4d,44,1790766266507
7b8ea2,25,1790766266507
573d38,40,1790851766507
a2d335,57,1790766266507
350500,26,1790851766507
80ed56,55,1790851766507
150a4b,33,1790766266507
f7a537,49,1790851766507
464495,33,1790766266507
ffbcb3,42,1790767166507
0d1270,31,1790851766507
e8e242,23,1790766266507
aab12b,46,1790851766507
324fb9,17,1790767166507
b63280,27,1790851766507
d4fc7a,22,1790851766507
3f170a,46,1790766266507
4d3692,39,1790767166507
9843c3,59,1790851766507
4095c2,22,1790766266507
5d9a27,32,1790766266507
ba33b2,32,1790851766507
cab60a,37,1790851766507
cb98c6,46,1790766266507
c145b2,25,1790766266507
c1486d,59,1790767166507
e785db,27,1790766266507
b53648,50,1790766266507
7ba621,42,1790851766507
5157f5,45,1790767166507
d41b6d,28,1790767166507
750380,40,1790766266507
718cdb,28,1790766266507
6a6917,38,1790766266507
aa7e1d,49,1790851766507
0d20bf,31,1790766266507
2bc509,28,1790766266507
836e57,46,1790851766507
37910b,54,1790767166507
38292c,46,1790766266507
b0ab2c,32,1790851766507
0584e1,25,1790851766507
0a3eee,18,1790766266507
c8c6b2,34,1790767166507
85b732,17,1790851766507
c6b9b5,24,1790766266507
c8e879,53,1790767166507
3e99c0,45,1790767166507
967462,21,1790851766507
05eebf,48,1790767166507
abd96b,53,1790766266507
bc7321,47,1790851766507
c05549,46,1790767166507
f03247,58,1790767166507
cdb78f,40,1790767166507
25463e,26,1790766266507
4f2667,59,1790851766507
346bb0,20,1790766266507
6d1d22,33,1790767166507
a96c7b,24,1790767166507
defd35,53,1790766266507
c17b47,51,1790851766507
63d7f0,32,1790851766507
76a555,54,1790766266507
6b31fb,20,1790851766507
ebf36a,33,1790851766507
f7aa34,52,1790766266507
507f55,57,1790851766507
9c2419,40,1790767166507
3f231e,19,1790851766507
c42bd8,23,1790851766507
5d041d,29,1790767166507
329eb6,44,1790766266507
96b080,42,1790767166507
92ec48,38,1790851766507
9fe7b1,52,1790766266507
bc7d3e,41,1790767166507
e08aeb,47,1790766266507
9701d1,18,1790766266507
384dc8,47,1790766266507
dca402,19,1790767166507
cdb007,52,1790851766507
06c1ac,40,1790851766507
dbe0bc,32,1790851766507
cd1742,23,1790851766507
bdd465,28,1790767166507
489c55,55,1790767166507
0ca739,60,1790766266507
d87580,38,1790767166507
a04da7,38,1790851766507
52a5e4,38,1790851766507
d1dd40,31,1790766266507
ba5e33,59,1790766266507
6c0bf4,44,1790766266507
6c9154,41,1790851766507
c82dd0,35,1790766266507
cbe357,26,1790851766507
a4e4f1,55,1790767166507
dc42bd,60,1790851766507
111242,37,1790767166507
a71cf5,51,1790851766507
a48761,56,1790851766507
97fd81,27,1790767166507
bb6b5c,43,1790766266507
808632,37,1790766266507
c72cc4,40,1790851766507
73057e,58,1790766266507
c6cdc0,16,1790766266507
c8ea33,16,1790767166507
957c7f,57,1790766266507
e08843,57,1790766266507
debd36,34,1790766266507
09a1f7,16,1790851766507
a60aeb,29,1790851766507
b66374,32,1790766266507
b631c0,50,1790851766507
ba81a9,59,1790766266507
facaa9,56,1790851766507
1f8fd4,44,1790767166507
b4b5dd,17,1790767166507
b6d05a,58,1790767166507
6c9e9b,30,1790767166507
f993b8,50,1790766266507
a17d2d,20,1790766266507
db5fdb,28,1790767166507
02c6a5,43,1790767166507
11e4d0,43,1790766266507
06f7d4,38,1790766266507
26bb0c,20,1790766266507
306a7b,54,1790767166507
2d4420,48,1790851766507
c5728d,25,1790851766507
c388d1,38,1790766266507
aaa594,37,1790767166507
d96107,45,1790766266507
eee1a3,51,1790851766507
91def8,46,1790767166507
d415bb,24,1790851766507
4f9be1,31,1790766266507
bcbb57,15,1790766266507
a8b68a,30,1790766266507
adef38,22,1790766266507
5803f4,49,1790851766507
03e9b5,40,1790766266507
da7390,58,1790767166507
9e0ea8,44,1790766266507
3dbac9,18,1790851766507
600803,40,1790851766507
bc154f,25,1790766266507
833d94,55,1790851766507
089147,42,1790766266507
c93187,55,1790767166507
2c43ac,23,1790766266507
6d7b6c,42,1790766266507
aea68a,38,1790851766507
1e3c3b,55,1790851766507
0dd72e,52,1790766266507
b95b37,35,1790767166507
98604d,58,1790767166507
05af7b,16,1790851766507
5901e0,28,1790766266507
2c4002,56,1790767166507
6d4809,37,1790767166507
ac223b,45,1790851766507
ddf98a,57,1790767166507
6d331f,30,1790766266507
529366,45,1790851766507
1ab186,34,1790766266507
c14540,30,1790851766507
fa251b,45,1790766266507
74b188,60,1790767166507
29c96a,47,1790766266507
a3cca3,53,1790851766507
8c038f,50,1790767166507
2e33d5,49,1790851766507
79f70b,32,1790767166507
f4bfe6,41,1790851766507
feeb5e,21,1790767166507
d1ab93,44,1790767166507
442875,34,1790767166507
395ad1,29,1790766266507
fe82fb,38,1790851766507
0c350f,40,1790766266507
ae49c1,50,1790766266507
8a6d97,21,1790851766507
fdbf5c,18,1790766266507
69c6b2,28,1790767166507
35bdfd,42,1790851766507
f657dd,27,1790851766507
27dba8,25,1790766266507
6edf90,34,1790767166507
b91871,47,1790851766507
5c9627,60,1790766266507
b20f57,28,1790767166507
e3bc75,53,1790766266507
5b3c8c,31,1790851766507
d39f03,50,1790767166507
ab69b0,37,1790767166507
d2a8dd,48,1790851766507
211bdf,38,1790766266507
266402,15,1790766266507
c3fb9c,40,1790766266507
c3a3bc,37,1790851766507
fffa8f,21,1790766266507
89d2d6,34,1790851766507
de1f26,45,1790767166507
def9d9,59,1790766266507
bf8660,24,1790767166507
224080,21,1790767166507
90f818,51,1790766266507
154e57,44,1790766266507
cbe5cc,22,1790766266507
59b884,36,1790766266507
e5f394,52,1790767166507
3a0903,37,1790766266507
cb2c72,44,1790766266507
e353ea,27,1790851766507
f5bbf7,49,1790767166507
613459,47,1790766266507
13ceb0,30,1790767166507
748b04,43,1790851766507
96fe34,25,1790851766507
e9e6b4,57,1790851766507
485c7f,55,1790766266507
a0dfea,21,1790766266507
35a029,57,1790766266507
98e709,30,1790766266507
4542dc,47,1790766266507
fbf120,43,1790851766507
3c6f4d,60,1790767166507
c7f168,37,1790851766507
74b678,49,1790851766507
c16e5f,60,1790766266507
769cf9,31,1790851766507
fa3f97,19,1790767166507
79be23,20,1790766266507
2ee679,32,1790767166507
9ed00b,52,1790851766507
df13c3,58,1790767166507
343b7f,25,1790767166507
c83fbf,57,1790851766507
ba29b5,37,1790767166507
d87d8c,40,1790767166507
f64c1c,23,1790767166507
d2ee9d,60,1790851766507
dd5812,22,1790766266507
8312c5,27,1790851766507
3ecbac,21,1790766266507
3e4457,18,1790766266507
6471b2,38,1790851766507
214d3e,18,1790851766507
35f755,18,1790766266507
a93553,21,1790851766507
c35892,22,1790766266507
7f8de3,58,1790766266507
b0cc3d,37,1790766266507
23fd2a,54,1790851766507
8c07d3,47,1790767166507
204596,52,1790766266507
8bb80d,51,1790767166507
42a644,28,1790851766507
08ecdb,37,1790766266507
40b8ba,48,1790766266507
350c9f,33,1790767166507
519d71,26,1790851766507
69c8ca,43,1790851766507
0f5de5,31,1790767166507
2a8879,32,1790766266507
20877c,20,1790766266507
9f8fef,33,1790766266507
645954,33,1790766266507
f87056,16,1790767166507
ddc9cb,48,1790766266507
be53b1,40,1790767166507
dfa7c4,46,1790767166507
5ea9b5,19,1790767166507
4670c7,57,1790766266507
1c7ebb,46,1790851766507
814646,15,1790766266507
c1b926,52,1790851766507
74aafb,15,1790851766507
88ddc1,31,1790767166507
4621cb,54,1790766266507
13afac,19,1790767166507
9c420a,34,1790766266507
53a3e7,44,1790851766507
a87f7d,60,1790766266507
af56f3,17,1790766266507
c76f80,60,1790851766507
289a95,35,1790851766507
90b50b,38,1790851766507
bf6941,31,1790766266507
c9e1fd,34,1790851766507
21de1c,51,1790766266507
c085f6,22,1790767166507
dd9678,22,1790766266507
966918,28,1790851766507
53dc95,49,1790766266507
c83bc5,49,1790851766507
a480c5,44,1790851766507
0c9cb3,38,1790767166507
3e0a24,15,1790766266507
43cb75,39,1790851766507
708ec4,27,1790766266507
27c602,53,1790766266507
655991,16,1790766266507
75a5b3,53,1790766266507
c4f02b,45,1790767166507
3a2893,36,1790766266507
a68245,22,1790766266507
2a831b,40,1790767166507
3b6e84,57,1790766266507
c81748,53,1790851766507
7baf92,59,1790851766507
20ca2a,49,1790767166507
421304,57,1790767166507
c8ce7e,28,1790851766507
65fd80,17,1790767166507
2cbe12,17,1790767166507
9f6d6c,36,1790851766507
646c9d,42,1790851766507
61fb17,17,1790767166507
a99606,24,1790766266507
593497,47,1790766266507
6ae32b,27,1790767166507
93015e,35,1790767166507
31c2af,57,1790766266507
2afca3,33,1790766266507
f61672,52,1790851766507
45d8a7,18,1790767166507
8f35a6,32,1790766266507
e47f46,40,1790766266507
8864cd,40,1790851766507
292120,44,1790767166507
9d9088,36,1790767166507
04d83d,15,1790851766507
605043,52,1790767166507
5d66a8,57,1790767166507
177c2f,49,1790851766507
3659cd,18,1790851766507
441329,51,1790851766507
6cc311,28,1790766266507
210e99,37,1790766266507
a2fcb1,28,1790766266507
e4f7e0,23,1790766266507
796cef,21,1790851766507
ad48dc,52,1790766266507
2e3a9c,19,1790767166507
b8188b,32,1790766266507
fc063b,25,1790851766507
837261,29,1790767166507
f0da80,43,1790851766507
c03c10,47,1790767166507
df9171,15,1790767166507
9e6277,34,1790766266507
02b6e1,43,1790767166507
0b55bc,46,1790851766507
424621,23,1790767166507
079c04,48,1790766266507
4c206e,56,1790767166507
ed5250,21,1790766266507
707b97,36,1790766266507
6e4437,24,1790767166507
1d2268,21,1790767166507
89253a,52,1790851766507
d5555c,28,1790851766507
5695ef,25,1790766266507
1d1d0a,54,1790767166507
e1cb6f,50,1790767166507
a65f7d,31,1790767166507
8c6040,56,1790767166507
e11c8b,22,1790767166507
c6c721,29,1790766266507
39f3bd,49,1790767166507
c71687,40,1790766266507
74257c,41,1790851766507
9e0575,50,1790767166507
4c817a,46,1790851766507
ff28ac,35,1790766266507
97cac4,40,1790851766507
d4a442,57,1790767166507
54fd58,37,1790766266507
84350b,56,1790851766507
bab043,56,1790851766507
293491,49,1790767166507
ebdf88,22,1790767166507
80e2a6,34,1790767166507
6f6b0a,29,1790767166507
6e8e98,34,1790851766507
92c399,25,1790766266507
1a67db,45,1790766266507
8bf19d,48,1790767166507
3e5869,47,1790766266507
077016,32,1790767166507
7a69e0,27,1790767166507
c80773,45,1790767166507
119294,49,1790766266507
d45298,40,1790766266507
b43798,53,1790767166507
78b33a,40,1790766266507
38a09a,15,1790767166507
340221,48,1790767166507
8f29e1,36,1790767166507
87806d,37,1790766266507
ff749d,34,1790766266507
516669,46,1790851766507
4bccf2,20,1790851766507
9f8a72,31,1790767166507
bcfa03,18,1790767166507
9c6399,35,1790767166507
ba354a,37,1790851766507
294ca5,58,1790851766507
d4c011,41,1790766266507
0aa72f,55,1790767166507
fa8477,60,1790767166507
d3f591,22,1790767166507
5eaa42,59,1790766266507
cec78c,36,1790851766507
dced97,42,1790766266507
80ba4e,37,1790851766507
eb4483,31,1790851766507
c794fd,56,1790766266507
a3f265,24,1790767166507
1d9544,33,1790767166507
3164b7,49,1790767166507
4f498b,45,1790851766507
b90b74,30,1790766266507
fb367d,43,1790851766507
c48880,19,1790767166507
ad5e57,50,1790767166507
8f0f05,48,1790851766507
9f702b,32,1790851766507
df0e68,46,1790766266507
0ef0b6,55,1790851766507
7858e0,52,1790766266507
169d6d,38,1790767166507
866d7f,29,1790767166507
0e5e4a,15,1790766266507
53c1e4,40,1790767166507
5ebd1a,33,1790851766507
a59eae,33,1790851766507
5401ad,26,1790766266507
269c49,31,1790767166507
695104,39,1790851766507
229efe,21,1790851766507
51c9f6,41,1790766266507
9bcd14,28,1790851766507
47b733,60,1790851766507
2ad9c4,16,1790851766507
c62720,59,1790851766507
99f6cf,48,1790766266507
595090,42,1790767166507
35946e,36,1790851766507
468401,15,1790767166507
017a80,44,1790767166507
f15aba,36,1790851766507
1ad131,42,1790851766507
a7816a,33,1790767166507
9892d8,21,1790767166507
6e0eac,59,1790766266507
261fb3,58,1790767166507
9e7e65,46,1790766266507
312d3d,15,1790767166507
e9e538,38,1790851766507
76b0e7,56,1790766266507
4167d5,48,1790851766507
8d30cf,23,1790766266507
3a01a8,54,1790767166507
497ef2,39,1790766266507
ecdc0b,52,1790766266507
81230a,54,1790767166507
17e60f,30,1790851766507
bd7a13,36,1790851766507
0ac5cd,43,1790851766507
4e66e6,56,1790766266507
28b7a3,56,1790767166507
65eb5a,38,1790766266507
2e9aee,60,1790766266507
8cfc91,15,1790851766507
4318c0,21,1790766266507
d08c80,54,1790851766507
d3c885,31,1790766266507
bcd127,32,1790766266507
c80d46,50,1790766266507
a34cad,26,1790767166507
19925f,52,1790766266507
48bc8e,43,1790851766507
baa868,34,1790766266507
58c944,49,1790766266507
61f0ea,39,1790766266507
562d2b,49,1790766266507
922cec,31,1790851766507
8aaeff,54,1790767166507
4fb0bf,25,1790766266507
0a13e5,30,1790851766507
e6eacd,60,1790766266507
0c53e7,29,1790767166507
b450de,37,1790851766507
38439d,40,1790851766507
5230cc,33,1790851766507
991d4f,15,1790767166507
4a6662,41,1790767166507
de2309,28,1790851766507
f6e761,24,1790851766507
40e34f,50,1790766266507
91614f,59,1790767166507
2f4f74,55,1790766266507
e3cd2d,25,1790766266507
d9f63f,28,1790766266507
03ed98,26,1790851766507
6c8884,29,1790766266507
b2b94c,43,1790851766507
51d562,56,1790766266507
715639,39,1790766266507
db9271,28,1790851766507
31b8c2,24,1790767166507
8885af,49,1790767166507
7a978f,37,1790851766507
b51bc7,38,1790767166507
e212fd,25,1790767166507
10bdb5,36,1790767166507
0867b3,47,1790767166507
93c6cb,31,1790767166507
149608,53,1790851766507
c6c2db,21,1790766266507
4e5f3a,57,1790851766507
8e28ae,43,1790767166507
a0976a,19,1790767166507
e1154b,42,1790851766507
7b1e9a,31,1790851766507
1b9fdc,20,1790767166507
8451a1,23,1790851766507
fcc66c,22,1790851766507
4d94d7,23,1790766266507
4a7901,56,1790851766507
1b0a98,60,1790851766507
686b40,53,1790767166507
36c395,51,1790766266507
1ccb85,24,1790767166507
7e8ecd,38,1790767166507
8e1146,52,1790851766507
098009,15,1790767166507
b01fc4,51,1790851766507
0c3589,22,1790766266507
144b6f,35,1790767166507
057877,41,1790767166507
5492d0,17,1790851766507
f9cb99,20,1790851766507
b7a381,43,1790767166507
79cb40,43,1790767166507
307657,32,1790766266507
8318e0,32,1790851766507
563f92,38,1790767166507
47e52d,21,1790767166507
081939,37,1790767166507
b24614,39,1790767166507
580957,29,1790851766507
c09384,22,1790851766507
43721b,31,1790851766507
02be20,32,1790767166507
9992a5,21,1790851766507
7433a3,49,1790767166507
25b8ae,28,1790766266507
856896,55,1790767166507
9bb70f,45,1790851766507
787a82,37,1790767166507
e0701e,31,1790767166507
177963,16,1790766266507
7d762e,55,1790851766507
43c607,57,1790767166507
d8013c,41,1790766266507
a75e21,36,1790766266507
fd9b10,48,1790851766507
f56221,49,1790766266507
180f99,27,1790767166507
f62724,54,1790767166507
31bb03,30,1790766266507
ae0f66,30,1790851766507
168203,15,1790766266507
6b1e82,59,1790767166507
fece43,52,1790766266507
0f9e5f,15,1790766266507
9e73f7,27,1790767166507
ddec51,46,1790767166507
34651f,50,1790767166507
4585d9,33,1790766266507
04503b,25,1790851766507
4091fe,29,1790851766507
2e5406,55,1790767166507
d6b23c,31,1790851766507
da9788,40,1790766266507
2725ab,28,1790766266507
604d82,22,1790851766507
895223,45,1790851766507
1c71eb,38,1790851766507
9a2efe,28,1790851766507
01727f,36,1790851766507
2768d4,29,1790851766507
cefea6,20,1790851766507
fb788b,55,1790766266507
2d2df4,35,1790851766507
9f720c,19,1790851766507
e3b3ed,41,1790767166507
476eec,26,1790767166507
ce6812,40,1790851766507
cc587b,16,1790767166507
1f3b7c,37,1790851766507
8acf54,27,1790766266507
24cf24,23,1790767166507
0eae85,31,1790766266507
298de6,42,1790851766507
5db9ae,59,1790851766507
868866,28,1790851766507
9a65d8,28,1790766266507
941f91,58,1790767166507
d73725,17,1790766266507
0bc59a,44,1790851766507
6f91ae,41,1790766266507
266a72,39,1790851766507
eae53d,57,1790851766507
87570c,52,1790766266507
cf82e1,54,1790766266507
486d90,34,1790851766507
c4c04d,19,1790766266507
f71857,60,1790767166507
3cab70,37,1790767166507
f8d41e,33,1790851766507
157b93,24,1790767166507
b3bacb,18,1790851766507
794e9b,35,1790766266507
df8f2f,39,1790767166507
8e340a,48,1790766266507
22aa58,20,1790851766507
e24b6f,37,1790767166507
a25803,46,1790766266507
c746e8,43,1790851766507
0b0d3c,50,1790851766507
25fb0c,48,1790851766507
22529e,33,1790767166507
d87fe4,27,1790766266507
b06a49,26,1790767166507
b635d0,47,1790766266507
7c43a5,25,1790766266507
f6d2ad,29,1790851766507
341e02,44,1790766266507
e268eb,47,1790766266507
300231,17,1790851766507
c8b1a0,19,1790851766507
362bb1,31,1790766266507
2b6761,40,1790767166507
5ad6c2,25,1790767166507
8d2b29,28,1790851766507
56a165,60,1790766266507
29a95e,34,1790767166507
9bfe44,60,1790766266507
94aae6,17,1790851766507
ba2d23,32,1790767166507
59d84c,56,1790766266507
7591a6,30,1790851766507
673836,27,1790767166507
53919b,27,1790767166507
b3168c,50,1790851766507
19518e,44,1790766266507
d16c75,15,1790767166507
0d89b0,30,1790766266507
f900c1,15,1790851766507
a14a91,52,1790766266507
af35ec,47,1790767166507
857939,55,1790767166507
006643,28,1790851766507
f5c192,60,1790851766507
734952,50,1790766266507
9ac432,47,1790767166507
c50bd8,32,1790767166507
6c7122,28,1790851766507
f751cb,42,1790766266507
5b08fa,33,1790767166507
b22121,46,1790851766507
7a5b8a,51,1790851766507
1d486d,29,1790767166507
b188bd,45,1790851766507
b6c971,23,1790766266507
1d2a24,29,1790851766507
c949c4,16,1790766266507
562250,37,1790851766507
824757,41,1790767166507
b5248e,24,1790766266507
8eab34,26,1790767166507
bbf779,58,1790767166507
84873e,49,1790767166507
6a1589,60,1790766266507
dfc8ff,49,1790851766507
97de5e,56,1790767166507
e6d199,50,1790851766507
83f3ef,35,1790767166507
5ddca1,41,1790766266507
de1ae2,47,1790851766507
54780b,29,1790766266507
c1c16f,51,1790766266507
083916,21,1790766266507
c0953b,59,1790767166507
acbfac,22,1790851766507
e2b9ea,23,1790766266507
718725,53,1790851766507
06a117,42,1790766266507
cbfb8c,31,1790851766507
a686b6,36,1790766266507
72cde1,24,1790766266507
bd1455,34,1790766266507
12b39c,31,1790767166507
a633bc,32,1790851766507
f6975a,15,1790766266507
ab65c5,31,1790766266507
bb4b29,45,1790851766507
74b96a,20,1790766266507
1b72fa,44,1790766266507
51d7c9,45,1790766266507
ff37da,34,1790767166507
e2d0aa,16,1790766266507
b0d330,27,1790851766507
b79aa9,26,1790766266507
daa3e7,31,1790851766507
73685a,41,1790851766507
fa0382,50,1790851766507
35bcaa,21,1790851766507
a87245,16,1790767166507
41d157,36,1790766266507
deb2cb,52,1790767166507
f76e74,16,1790851766507
84df03,47,1790766266507
66b7ff,30,1790766266507
58cfb5,27,1790851766507
1f8759,33,1790851766507
825387,36,1790851766507
9619b6,60,1790851766507
337d42,19,1790767166507
d25cb3,18,1790767166507
8ea943,56,1790767166507
5c761e,59,1790767166507
87d0cf,40,1790851766507
507032,21,1790766266507
10bd23,35,1790767166507
e79a16,38,1790851766507
f2b56a,40,1790767166507
1aa0a0,43,1790851766507
c973c8,36,1790851766507
053d4f,55,1790851766507
dcf61d,57,1790766266507
2021ec,56,1790767166507
d9971f,35,1790766266507
afbe71,35,1790851766507
7a3c6d,58,1790766266507
1a0488,51,1790766266507
2e2410,43,1790767166507
f37dfb,47,1790851766507
c0bd6a,35,1790767166507
5a66d7,54,1790766266507
370b98,21,1790851766507
93506b,25,1790767166507
1af3b0,58,1790767166507
3ed1f6,39,1790851766507
0af044,23,1790851766507
29f57e,37,1790851766507
2f1481,48,1790766266507
cfc795,15,1790766266507
997a3e,46,1790851766507
3bba5c,44,1790766266507
961737,31,1790851766507
a5a5ca,41,1790851766507
9c3700,42,1790766266507
9b555c,45,1790766266507
0d74e8,31,1790767166507
fa9517,29,1790851766507
d384a7,56,1790767166507
f5d843,56,1790767166507
2fdfce,48,1790766266507
725662,59,1790766266507
af023d,32,1790851766507
9f77d0,48,1790766266507
e8555b,47,1790851766507
c3231f,46,1790766266507
851c58,21,1790851766507
8b241d,35,1790766266507
0beebf,37,1790851766507
48d974,30,1790851766507
7ff2ee,19,1790767166507
2a3282,45,1790767166507
cd10e2,20,1790766266507
3d062d,45,1790767166507
ddeb65,20,1790767166507
f59bfc,58,1790766266507
59d94d,36,1790851766507
a1070a,44,1790766266507
89ef6a,34,1790767166507
a75292,33,1790766266507
c9d38a,27,1790766266507
6fd913,43,1790851766507
edac5a,60,1790767166507
00c352,58,1790851766507
5f1b7c,30,1790767166507
9bcf1d,32,1790767166507
87a5ea,31,1790766266507
776504,50,1790766266507
3d5021,16,1790767166507
b2e783,56,1790851766507
3b38d6,49,1790767166507
a01d8b,30,1790767166507
7a08fd,38,1790766266507
f57963,23,1790851766507
c3ded5,20,1790851766507
7fa789,27,1790766266507
af23da,36,1790851766507
022e79,42,1790851766507
2e859d,57,1790851766507
37dc6f,33,1790767166507
746b39,45,1790767166507
62fde7,51,1790851766507
7d3555,33,1790851766507
7b5e3a,26,1790851766507
76e901,20,1790766266507
256a20,22,1790766266507
4f7897,26,1790766266507
bca013,59,1790767166507
13c712,48,1790767166507
f8f7c7,60,1790851766507
d8093d,22,1790851766507
88ccdf,54,1790766266507
009a83,60,1790851766507
1bfed8,45,1790767166507
e9df2d,45,1790851766507
7491c6,40,1790851766507
6cd602,20,1790767166507
33837f,25,1790766266507
51aba1,54,1790851766507
d5db36,46,1790767166507
f775aa,38,1790766266507
84bb92,32,1790851766507
8afb6a,28,1790851766507
c01175,46,1790851766507
291354,15,1790851766507
ae0ed3,24,1790767166507
7d981f,23,1790851766507
b77688,28,1790851766507
e22fd6,21,1790851766507
96aefe,35,1790851766507
960e12,40,1790851766507
ecc545,37,1790851766507
167d75,33,1790766266507
86af3a,29,1790851766507
b7c5b3,49,1790767166507
337249,16,1790767166507
e7bf53,48,1790851766507
c955cd,26,1790851766507
9843f2,50,1790766266507
8fd830,27,1790766266507
e4c1fd,18,1790767166507
d4c885,60,1790851766507
c08b77,50,1790851766507
ecd7af,41,1790851766507
df3766,27,1790851766507
47f2e3,45,1790851766507
f89f9e,24,1790851766507
ad0b92,36,1790851766507
eabb11,35,1790766266507
4ee923,22,1790767166507
5d9b24,50,1790851766507
f3104e,18,1790766266507
ecb922,60,1790851766507
d48df3,43,1790851766507
52d483,25,1790766266507
d9c5d8,16,1790851766507
2b8284,35,1790767166507
6ccce8,40,1790767166507
a62a30,60,1790851766507
f827b0,20,1790766266507
4eb16b,33,1790767166507
0883cf,29,1790851766507
627e7b,37,1790851766507
9bcbda,41,1790766266507
437125,59,1790766266507
061c1a,48,1790767166507
c85a9f,31,1790766266507
fdf2a9,45,1790851766507
5c2170,29,1790851766507
41746f,51,1790851766507
e908dd,41,1790766266507
97e18b,26,1790851766507
21789a,20,1790766266507
dc35a6,57,1790767166507
508fb8,23,1790767166507
705430,50,1790767166507
da416b,42,1790767166507
e9d73c,41,1790767166507
88adb8,32,1790767166507
5bbd5a,58,1790767166507
8c4b6e,34,1790767166507
7c0fa8,56,1790851766507
f4e77f,30,1790766266507
288b56,31,1790767166507
53389e,54,1790851766507
e7a587,29,1790767166507
ba85ca,54,1790851766507
78936c,31,1790767166507
811268,51,1790851766507
282fa3,28,1790766266507
8f8800,44,1790766266507
533c3e,40,1790767166507
13ac4e,25,1790851766507
60644e,34,1790851766507
a56157,45,1790767166507
da8bb7,42,1790851766507
a4dba4,53,1790767166507
e1e59b,34,1790851766507
b70f5b,55,1790766266507
2dca2a,17,1790851766507
9ee338,59,1790766266507
63959a,46,1790851766507
ff3fe1,16,1790766266507
6bc9da,43,1790766266507
147ea9,15,1790851766507
434a10,20,1790767166507
ccf95e,34,1790851766507
723074,57,1790767166507
cc7f50,38,1790851766507
4e6171,50,1790766266507
1f7c01,30,1790766266507
c03c04,27,1790767166507
83406f,24,1790851766507
4a0c25,33,1790767166507
dc88aa,26,1790766266507
bb9f9e,39,1790766266507
bd3442,59,1790766266507
34fa9e,21,1790851766507
6535a5,26,1790766266507
b16739,33,1790851766507
2b8d9b,56,1790767166507
34d616,43,1790767166507
8c2362,26,1790851766507
c0b482,49,1790767166507
e74ead,18,1790851766507
e605dc,19,1790851766507
44a5b9,43,1790767166507
631dd4,26,1790767166507
c68677,41,1790851766507
c57d1f,22,1790851766507
b24996,21,1790767166507
022ef5,22,1790766266507
a28e41,31,1790851766507
0424b0,30,1790766266507
9dca99,33,1790851766507
33c985,22,1790851766507
4bc025,21,1790767166507
37fe3c,56,1790766266507
6017f4,27,1790851766507
370c3e,37,1790766266507
064c23,20,1790767166507
30f244,56,1790766266507
c193ed,21,1790767166507
821162,44,1790766266507
fb944d,30,1790767166507
714c6d,57,1790767166507
30aed5,48,1790766266507
e60d56,54,1790851766507
454e8c,23,1790851766507
8d498b,31,1790851766507
b16acc,54,1790767166507
cb0ad6,30,1790851766507
0fc5a3,35,1790767166507
5ccda9,17,1790851766507
91693f,37,1790767166507
430e2b,46,1790851766507
1d42a6,23,1790766266507
1b3aba,57,1790766266507
eade51,58,1790767166507
cac3cd,44,1790851766507
7cc696,34,1790767166507
2810ce,23,1790766266507
cff9c3,22,1790851766507
946ad3,19,1790766266507
a2cc47,52,1790767166507
b743cd,28,1790851766507
6c29d9,34,1790767166507
957d1a,49,1790851766507
248d0e,49,1790767166507
4d68b1,55,1790766266507
2bdf04,52,1790766266507
76fa44,22,1790851766507
f979d8,34,1790766266507
38a73e,40,1790851766507
7bb16a,49,1790851766507
3e2813,53,1790767166507
90cb3e,22,1790851766507
9bfb3f,22,1790767166507
4ade11,60,1790767166507
e6a8a3,36,1790767166507
2ac031,54,1790766266507
e8be94,31,1790851766507
a577a9,24,1790766266507
31212a,15,1790767166507
5cf834,54,1790767166507
0b1d3a,35,1790767166507
4295e4,50,1790851766507
c1886e,60,1790851766507
614983,30,1790767166507
a8cc6f,31,1790851766507
ac62d0,47,1790851766507
06c5f6,16,1790766266507
11a531,19,1790766266507
ecf254,24,1790851766507
5a6bbe,38,1790767166507
a98e4f,16,1790767166507
94658c,23,1790767166507
89b59b,60,1790851766507
6ccf1f,52,1790766266507
73bae5,21,1790851766507
7b1ab7,34,1790767166507
f49820,49,1790766266507
4cfb06,28,1790766266507
7d51fd,16,1790766266507
bdc6e8,25,1790851766507
2b9ad6,45,1790767166507
d7a140,51,1790767166507
9ac66c,17,1790766266507
d1a07a,38,1790766266507
6f09ef,35,1790851766507
b34a34,43,1790851766507
f53990,31,1790766266507
1d0a9e,27,1790766266507
43da0f,60,1790767166507
26f7ac,52,1790851766507
b372ab,50,1790766266507
418ef0,49,1790766266507
699468,35,1790851766507
a2831f,26,1790767166507
b03a20,35,1790766266507
28f97a,18,1790851766507
f95369,41,1790767166507
7484c5,25,1790767166507
5c243a,50,1790767166507
204668,34,1790767166507
6b54bc,58,1790767166507
2eee39,59,1790766266507
57d16f,19,1790851766507
945fe8,29,1790851766507
8fe4ae,18,1790851766507
5ce81d,58,1790766266507
0e531b,19,1790767166507
7d3283,23,1790851766507
9e02d9,15,1790766266507
ded488,21,1790766266507
b126f6,56,1790766266507
e2d8d9,32,1790767166507
702435,15,1790851766507
843258,44,1790851766507
9ef2d6,55,1790766266507
c39481,23,1790851766507
016d70,23,1790767166507
fb897a,17,1790766266507
cca890,40,1790766266507
e6af8d,32,1790851766507
12f67b,57,1790766266507
c8a2fa,33,1790766266507
fc81bd,41,1790766266507
d7bc84,38,1790766266507
6cfa03,54,1790851766507
5734cc,19,1790766266507
7829e9,56,1790851766507
a56a95,44,1790767166507
1b04e2,32,1790851766507
abb28d,31,1790851766507
8c73c6,45,1790766266507
341bfb,52,1790767166507
1d524e,48,1790766266507
641528,24,1790767166507
af6861,31,1790851766507
8c8edc,31,1790851766507
4e5978,60,1790851766507
2d3b1d,45,1790767166507
b22ae4,39,1790766266507
b28958,26,1790767166507
03409f,23,1790766266507
e38a42,36,1790851766507
eab892,28,1790851766507
69f9f5,27,1790851766507
f2c05c,53,1790851766507
30f13c,23,1790767166507
adc652,57,1790766266507
1740d0,49,1790767166507
d51e10,36,1790766266507
199ad0,60,1790767166507
e877f8,50,1790767166507
0ebcaf,52,1790766266507
42a77c,19,1790851766507
0c3a29,31,1790767166507
fd0402,28,1790766266507
bcfdc0,41,1790767166507
20332d,27,1790767166507
cb1c4a,23,1790851766507
ba4365,20,1790851766507
d5c224,44,1790767166507
e6097e,29,1790851766507
bac406,43,1790766266507
0220bb,55,1790767166507
98b9df,24,1790766266507
00c9c7,20,1790851766507
cc2138,24,1790851766507
92e6dd,20,1790766266507
b732fa,44,1790851766507
c8c8fe,18,1790851766507
525783,26,1790766266507
a604e0,37,1790851766507
fc93f2,39,1790767166507
20655d,35,1790767166507
9d33dd,19,1790851766507
111db0,27,1790767166507
8f230f,57,1790767166507
4469f7,29,1790851766507
6665dd,44,1790767166507
c9f5d1,51,1790766266507
ef6b6d,20,1790767166507
3647d6,15,1790766266507
d695e1,37,1790766266507
510043,35,1790767166507
00b370,59,1790767166507
862046,47,1790851766507
616570,21,1790766266507
aad69d,58,1790766266507
7edcf6,28,1790767166507
d7c683,49,1790767166507
2c6820,53,1790767166507
7efbcb,55,1790851766507
bc79e2,15,1790767166507
b5a382,31,1790766266507
5573a4,30,1790767166507
fa512a,60,1790851766507
d2c2ef,24,1790767166507
770f6a,38,1790851766507
6eaa30,23,1790767166507
a0a18a,46,1790851766507
d067c1,60,1790767166507
b823a8,29,1790851766507
7fdb62,15,1790851766507
dee5f8,16,1790766266507
20b824,43,1790766266507
2f7740,25,1790767166507
934856,16,1790851766507
e4aabb,25,1790766266507
5109b3,24,1790851766507
daa4e5,34,1790766266507
7ded28,30,1790766266507
635073,29,1790766266507
a23116,32,1790766266507
d66f63,49,1790767166507
f24845,40,1790766266507
647847,50,1790767166507
8431af,35,1790766266507
0a117d,18,1790851766507
a14348,40,1790766266507
cf2329,42,1790767166507
ab55c0,25,1790851766507
4305c0,44,1790766266507
024aeb,54,1790766266507
adfd11,26,1790766266507
7847da,54,1790851766507
9867a6,46,1790766266507
55c932,47,1790767166507
aec4c6,50,1790767166507
f79aa1,59,1790767166507
6da199,51,1790766266507
b03dcd,28,1790766266507
af39f0,28,1790767166507
2ec51b,22,1790766266507
e9b28e,15,1790766266507
7247c8,20,1790767166507
d3d22c,26,1790766266507
c78890,45,1790851766507
4f1825,48,1790766266507
cc1d77,18,1790766266507
23060d,38,1790767166507
4c398a,47,1790766266507
32e76d,43,1790766266507
59824b,54,1790767166507
e68dac,47,1790767166507
b7f27f,35,1790766266507
61cc4a,45,1790851766507
88b16f,34,1790766266507
2fd5dd,27,1790851766507
444e94,43,1790851766507
ed0e08,54,1790767166507
118a8c,39,1790767166507
9823c4,38,1790766266507
0bea90,47,1790767166507
ff4245,18,1790766266507
85075f,20,1790851766507
a471ff,47,1790851766507
d40757,47,1790767166507
084edd,45,1790767166507
09ca6a,52,1790766266507
a01d49,53,1790766266507
353a08,16,1790851766507
40ec74,57,1790767166507
7fce16,42,1790766266507
4d713d,18,1790851766507
233da6,57,1790767166507
3fca47,38,1790851766507
b1d0ff,59,1790851766507
bec96b,26,1790766266507
25d123,16,1790766266507
4ede81,30,1790851766507
5d19a7,23,1790767166507
8e28d7,16,1790766266507
a4c0c6,38,1790767166507
507c5f,42,1790766266507
ab6324,29,1790767166507
231aeb,44,1790766266507
b26793,41,1790767166507
ad288e,30,1790766266507
634201,33,1790851766507
fa7f86,48,1790767166507
6e66ba,55,1790767166507
7795e6,48,1790767166507
842f9a,43,1790851766507
e8e70a,60,1790851766507
83edfe,33,1790767166507
920f87,30,1790767166507
1a7a8e,31,1790767166507
0efc82,28,1790766266507
42a376,24,1790851766507
50b303,42,1790766266507
579da6,54,1790851766507
c9c05c,15,1790766266507
457fad,27,1790766266507
5c87d3,22,1790767166507
34ded9,57,1790851766507
26a1d2,49,1790766266507
15a4c2,56,1790767166507
ae9d52,51,1790766266507
8bb293,44,1790851766507
7453d6,52,1790766266507
fe19ed,20,1790766266507
725219,55,1790851766507
405b75,39,1790766266507
5fd71e,35,1790766266507
0e0030,24,1790851766507
44f389,56,1790851766507
3bff7b,54,1790766266507
dab8ab,29,1790767166507
739c9f,25,1790766266507
edb6a9,15,1790767166507
2bd888,29,1790851766507
1c0050,54,1790767166507
db606c,24,1790767166507
8aa820,44,1790766266507
1d19f1,41,1790767166507
3e1d97,22,1790766266507
9fd152,60,1790767166507
58acca,40,1790766266507
28fb7b,56,1790851766507
6ecb13,39,1790766266507
1335d9,44,1790766266507
9a4b71,22,1790767166507
66215b,49,1790851766507
697eb1,56,1790851766507
a9a873,43,1790767166507
c862c9,46,1790851766507
ff9704,54,1790767166507
9c3cf4,55,1790767166507
cbd322,29,1790766266507
743301,19,1790767166507
d521ee,29,1790766266507
08850e,40,1790767166507
324e63,51,1790851766507
f59260,58,1790766266507
a401d8,53,1790766266507
cc95ee,23,1790766266507
5b6523,20,1790767166507
b8135d,22,1790851766507
138cb8,29,1790851766507
b80a72,52,1790851766507
8d673b,38,1790767166507
53613a,59,1790766266507
5510d9,60,1790767166507
ab3ed6,51,1790851766507
d2eddc,60,1790851766507
53c155,31,1790767166507
b2d0cb,59,1790851766507
08031b,29,1790851766507
7e19b0,48,1790767166507
d3ef24,36,1790851766507
f62f9a,17,1790851766507
2f3d86,55,1790766266507
3405c7,20,1790851766507
364ef3,40,1790767166507
7391ae,44,1790766266507
c37610,50,1790767166507
ae73a6,23,1790767166507
0b4b85,38,1790851766507
1aa183,20,1790767166507
2a56dd,60,1790851766507
5e0ed1,25,1790851766507
3a25b9,31,1790851766507
8a146c,44,1790766266507
cabd48,23,1790851766507
52a123,19,1790767166507
299e22,45,1790851766507
d73080,34,1790851766507
c5e871,55,1790851766507
10ca90,53,1790851766507
808017,26,1790766266507
20cc67,30,1790766266507
a1233d,37,1790851766507
0f1be6,37,1790766266507
503e9d,47,1790766266507
19f593,22,1790851766507
00c9a2,26,1790851766507
64892f,21,1790851766507
42ddc8,22,1790767166507
636c56,23,1790766266507
41651b,21,1790851766507
d7757e,59,1790851766507
9b6cd7,22,1790766266507
39ee13,26,1790766266507
b2a1b5,55,1790767166507
9543fa,57,1790766266507
0f349d,58,1790766266507
33e620,57,1790851766507
72d078,59,1790767166507
aebde9,28,1790851766507
46198e,59,1790767166507
8bfedb,23,1790767166507
5dbe3b,26,1790851766507
c2d418,27,1790766266507
53d498,40,1790851766507
940619,24,1790767166507
b5097d,50,1790851766507
9602d9,58,1790767166507
6f3ebe,33,1790767166507
88c391,43,1790766266507
eeebeb,51,1790766266507
88bdf1,56,1790851766507
f00372,59,1790767166507
4c24b7,40,1790766266507
dde9db,42,1790851766507
413799,35,1790766266507
fe8486,49,1790767166507
9f4b6d,48,1790767166507
b8e936,26,1790851766507
1a7a05,41,1790767166507
a0ed88,56,1790767166507
6bf9da,36,1790767166507
7b03a5,56,1790766266507
38a8dc,53,1790767166507
b762ae,42,1790767166507
7fa4f8,44,1790851766507
572509,22,1790767166507
cd03ba,53,1790851766507
ced3c1,24,1790766266507
bffe2c,21,1790766266507
2cca58,51,1790851766507
fcd2de,51,1790766266507
5a1721,29,1790766266507
20e083,54,1790851766507
8644ce,18,1790851766507
248420,36,1790767166507
8eb553,49,1790767166507
db5290,50,1790767166507
95de1b,53,1790767166507
19997a,21,1790767166507
3ae240,26,1790766266507
180428,29,1790767166507
8b58de,39,1790851766507
9d89dd,44,1790767166507
4a7bea,47,1790851766507
1c36fc,19,1790766266507
6440bd,47,1790767166507
3d0b8b,57,1790767166507
a94f9d,21,1790851766507
0c75ac,34,1790767166507
d90868,15,1790766266507
852aa4,23,1790767166507
56ce0a,57,1790851766507
0fec8e,51,1790767166507
d77757,36,1790766266507
f3f09a,22,1790851766507
22dc52,31,1790766266507
05a26e,26,1790766266507
cd9311,31,1790767166507
9c1792,31,1790851766507
f1f8f6,48,1790767166507
a80f3f,26,1790851766507
11bba3,43,1790767166507
b5dc8a,60,1790851766507
ba1e2f,34,1790766266507
a05272,15,1790766266507
80a193,26,1790766266507
e72fe0,38,1790766266507
4c5554,16,1790851766507
62d674,55,1790851766507
ad19df,34,1790766266507
322bdd,46,1790766266507
04be8d,22,1790767166507
65c766,53,1790767166507
34daf6,34,1790767166507
6af6b6,54,1790767166507
c26637,42,1790851766507
dade02,30,1790766266507
a2937e,42,1790851766507
e51aff,32,1790767166507
092284,55,1790767166507
512c44,60,1790766266507
a25d7f,25,1790767166507
7574fd,26,1790851766507
ba3f57,23,1790766266507
bdcfaf,22,1790766266507
02ef50,60,1790851766507
357239,38,1790767166507
c99ffe,35,1790766266507
f98d15,19,1790767166507
4aaeaf,25,1790766266507
fd134b,34,1790851766507
356fee,30,1790766266507
68c02d,51,1790851766507
142ae2,44,1790851766507
1f3bc4,59,1790767166507
8ea060,38,1790767166507
873efe,16,1790851766507
43b379,36,1790766266507
b28ba4,16,1790767166507
2c8e89,19,1790767166507
5d38c6,26,1790766266507
4405e5,24,1790851766507
876404,30,1790766266507
f25d45,53,1790767166507
55db25,50,1790767166507
07ab29,44,1790767166507
3b2873,38,1790851766507
cd5a18,26,1790851766507
f1743e,53,1790851766507
0b4a8d,59,1790851766507
a88d75,28,1790766266507
7ecdb7,48,1790767166507
8f33c9,28,1790851766507
750992,42,1790851766507
60e00a,32,1790767166507
a39340,36,1790767166507
f31e05,38,1790767166507
afdb5b,17,1790851766507
f40b7c,46,1790767166507
64b870,28,1790851766507
ec3331,58,1790767166507
7afcd7,29,1790766266507
e96f80,60,1790767166507
e48554,29,1790767166507
132303,38,1790766266507
1b0a55,32,1790766266507
c21b68,48,1790851766507
add0f6,28,1790767166507
8763b1,58,1790766266507
a2dff6,55,1790767166507
3e171f,21,1790767166507
277f40,20,1790766266507
3edf2e,42,1790767166507
7e667f,37,1790851766507
6216e7,38,1790767166507
63a4e3,35,1790851766507
d6c16c,46,1790766266507
4d711c,26,1790767166507
174394,52,1790851766507
0329a1,34,1790766266507
04ac49,27,1790766266507
