== pass 1: 3000 users (passed up to 0, failed from 0)
TRUNCATE TABLE
SELECT 10000
ALTER TABLE
UPDATE 10000
INSERT 0 10000
COPY 10000
VACUUM
  expiry   | count 
-----------+-------
 HOURS24   |  3329
 MINUTES15 |  3357
 MINUTES30 |  3314
(3 rows)

 rows  |  table  | indexes |  total  
-------+---------+---------+---------
 10000 | 1112 kB | 1432 kB | 2544 kB
(1 row)

wrote /tmp/seed.csv (10000 files). Copy it to the load generator and run load-file-list.sh.
file list loaded: 10000 files
time="2026-09-30T15:11:02Z" level=info msg="Automatic extension resolution is enabled. The current k6 binary doesn't satisfy all dependencies, it's required to provision a custom binary." deps="k6;k6/x/redis"
time="2026-09-30T15:11:03Z" level=info msg="Using cached k6 binary" artifact_id=d29e86c20dd9a49cb84ea3c41fac5b8b8e524e06 deps="map[k6:v2.3.0 k6/x/redis:v0.4.3]" path=/home/admin/.cache/k6/builds/d29e86c20dd9a49cb84ea3c41fac5b8b8e524e06/k6

         /\      Grafana   /‾‾/  
    /\  /  \     |\  __   /  /   
   /  \/    \    | |/ /  /   ‾‾\ 
  /          \   |   (  |  (‾)  |
 / __________ \  |_|\_\  \_____/ 


     execution: local
        script: /home/admin/Mint-Bench/k6/mint.js
        output: csv (/home/admin/Mint-Bench/bench-sql/results/2026-09-30-1511/vus-3000/k6.csv.gz)

     scenarios: (100.00%) 1 scenario, 3000 max VUs, 9m30s max duration (incl. graceful stop):
              * users: Up to 3000 looping VUs for 9m0s over 3 stages (gracefulRampDown: 30s, gracefulStop: 30s)


running (0m00.4s), 0010/3000 VUs, 0 complete and 0 interrupted iterations
users   [   0% ] 0010/3000 VUs  0m00.4s/9m00.0s

running (0m01.4s), 0035/3000 VUs, 0 complete and 0 interrupted iterations
users   [   0% ] 0035/3000 VUs  0m01.4s/9m00.0s

running (0m02.4s), 0060/3000 VUs, 0 complete and 0 interrupted iterations
users   [   0% ] 0060/3000 VUs  0m02.4s/9m00.0s

running (0m03.4s), 0085/3000 VUs, 3 complete and 0 interrupted iterations
users   [   1% ] 0085/3000 VUs  0m03.4s/9m00.0s

running (0m04.4s), 0110/3000 VUs, 9 complete and 0 interrupted iterations
users   [   1% ] 0110/3000 VUs  0m04.4s/9m00.0s

running (0m05.4s), 0135/3000 VUs, 19 complete and 0 interrupted iterations
users   [   1% ] 0135/3000 VUs  0m05.4s/9m00.0s

running (0m06.4s), 0160/3000 VUs, 37 complete and 0 interrupted iterations
users   [   1% ] 0160/3000 VUs  0m06.4s/9m00.0s

running (0m07.4s), 0185/3000 VUs, 66 complete and 0 interrupted iterations
users   [   1% ] 0185/3000 VUs  0m07.4s/9m00.0s

running (0m08.4s), 0210/3000 VUs, 93 complete and 0 interrupted iterations
users   [   2% ] 0210/3000 VUs  0m08.4s/9m00.0s

running (0m09.4s), 0235/3000 VUs, 128 complete and 0 interrupted iterations
users   [   2% ] 0235/3000 VUs  0m09.4s/9m00.0s

running (0m10.4s), 0260/3000 VUs, 157 complete and 0 interrupted iterations
users   [   2% ] 0260/3000 VUs  0m10.4s/9m00.0s

running (0m11.4s), 0285/3000 VUs, 191 complete and 0 interrupted iterations
users   [   2% ] 0285/3000 VUs  0m11.4s/9m00.0s

running (0m12.4s), 0310/3000 VUs, 238 complete and 0 interrupted iterations
users   [   2% ] 0310/3000 VUs  0m12.4s/9m00.0s

running (0m13.4s), 0335/3000 VUs, 296 complete and 0 interrupted iterations
users   [   2% ] 0335/3000 VUs  0m13.4s/9m00.0s

running (0m14.4s), 0360/3000 VUs, 352 complete and 0 interrupted iterations
users   [   3% ] 0360/3000 VUs  0m14.4s/9m00.0s

running (0m15.4s), 0385/3000 VUs, 405 complete and 0 interrupted iterations
users   [   3% ] 0385/3000 VUs  0m15.4s/9m00.0s

running (0m16.4s), 0410/3000 VUs, 472 complete and 0 interrupted iterations
users   [   3% ] 0410/3000 VUs  0m16.4s/9m00.0s

running (0m17.4s), 0435/3000 VUs, 546 complete and 0 interrupted iterations
users   [   3% ] 0435/3000 VUs  0m17.4s/9m00.0s

running (0m18.4s), 0460/3000 VUs, 614 complete and 0 interrupted iterations
users   [   3% ] 0460/3000 VUs  0m18.4s/9m00.0s

running (0m19.4s), 0485/3000 VUs, 706 complete and 0 interrupted iterations
users   [   4% ] 0485/3000 VUs  0m19.4s/9m00.0s

running (0m20.4s), 0510/3000 VUs, 798 complete and 0 interrupted iterations
users   [   4% ] 0510/3000 VUs  0m20.4s/9m00.0s

running (0m21.4s), 0535/3000 VUs, 885 complete and 0 interrupted iterations
users   [   4% ] 0535/3000 VUs  0m21.4s/9m00.0s

running (0m22.4s), 0560/3000 VUs, 983 complete and 0 interrupted iterations
users   [   4% ] 0560/3000 VUs  0m22.4s/9m00.0s

running (0m23.4s), 0585/3000 VUs, 1076 complete and 0 interrupted iterations
users   [   4% ] 0585/3000 VUs  0m23.4s/9m00.0s

running (0m24.4s), 0610/3000 VUs, 1176 complete and 0 interrupted iterations
users   [   5% ] 0610/3000 VUs  0m24.4s/9m00.0s

running (0m25.4s), 0635/3000 VUs, 1299 complete and 0 interrupted iterations
users   [   5% ] 0635/3000 VUs  0m25.4s/9m00.0s

running (0m26.4s), 0660/3000 VUs, 1429 complete and 0 interrupted iterations
users   [   5% ] 0660/3000 VUs  0m26.4s/9m00.0s

running (0m27.4s), 0685/3000 VUs, 1531 complete and 0 interrupted iterations
users   [   5% ] 0685/3000 VUs  0m27.4s/9m00.0s

running (0m28.4s), 0710/3000 VUs, 1641 complete and 0 interrupted iterations
users   [   5% ] 0710/3000 VUs  0m28.4s/9m00.0s

running (0m29.4s), 0735/3000 VUs, 1742 complete and 0 interrupted iterations
users   [   5% ] 0735/3000 VUs  0m29.4s/9m00.0s

running (0m30.4s), 0760/3000 VUs, 1845 complete and 0 interrupted iterations
users   [   6% ] 0760/3000 VUs  0m30.4s/9m00.0s

running (0m31.4s), 0785/3000 VUs, 1985 complete and 0 interrupted iterations
users   [   6% ] 0785/3000 VUs  0m31.4s/9m00.0s

running (0m32.4s), 0810/3000 VUs, 2116 complete and 0 interrupted iterations
users   [   6% ] 0810/3000 VUs  0m32.4s/9m00.0s

running (0m33.4s), 0835/3000 VUs, 2254 complete and 0 interrupted iterations
users   [   6% ] 0835/3000 VUs  0m33.4s/9m00.0s

running (0m34.4s), 0860/3000 VUs, 2439 complete and 0 interrupted iterations
users   [   6% ] 0860/3000 VUs  0m34.4s/9m00.0s

running (0m35.4s), 0885/3000 VUs, 2618 complete and 0 interrupted iterations
users   [   7% ] 0885/3000 VUs  0m35.4s/9m00.0s

running (0m36.4s), 0910/3000 VUs, 2766 complete and 0 interrupted iterations
users   [   7% ] 0910/3000 VUs  0m36.4s/9m00.0s

running (0m37.4s), 0935/3000 VUs, 2919 complete and 0 interrupted iterations
users   [   7% ] 0935/3000 VUs  0m37.4s/9m00.0s

running (0m38.4s), 0960/3000 VUs, 3111 complete and 0 interrupted iterations
users   [   7% ] 0960/3000 VUs  0m38.4s/9m00.0s

running (0m39.4s), 0985/3000 VUs, 3285 complete and 0 interrupted iterations
users   [   7% ] 0985/3000 VUs  0m39.4s/9m00.0s

running (0m40.4s), 1010/3000 VUs, 3485 complete and 0 interrupted iterations
users   [   7% ] 1010/3000 VUs  0m40.4s/9m00.0s

running (0m41.4s), 1035/3000 VUs, 3680 complete and 0 interrupted iterations
users   [   8% ] 1035/3000 VUs  0m41.4s/9m00.0s

running (0m42.4s), 1060/3000 VUs, 3867 complete and 0 interrupted iterations
users   [   8% ] 1060/3000 VUs  0m42.4s/9m00.0s

running (0m43.4s), 1085/3000 VUs, 4055 complete and 0 interrupted iterations
users   [   8% ] 1085/3000 VUs  0m43.4s/9m00.0s

running (0m44.4s), 1110/3000 VUs, 4274 complete and 0 interrupted iterations
users   [   8% ] 1110/3000 VUs  0m44.4s/9m00.0s

running (0m45.4s), 1135/3000 VUs, 4485 complete and 0 interrupted iterations
users   [   8% ] 1135/3000 VUs  0m45.4s/9m00.0s

running (0m46.4s), 1160/3000 VUs, 4708 complete and 0 interrupted iterations
users   [   9% ] 1160/3000 VUs  0m46.4s/9m00.0s

running (0m47.4s), 1185/3000 VUs, 4926 complete and 0 interrupted iterations
users   [   9% ] 1185/3000 VUs  0m47.4s/9m00.0s

running (0m48.4s), 1210/3000 VUs, 5135 complete and 0 interrupted iterations
users   [   9% ] 1210/3000 VUs  0m48.4s/9m00.0s

running (0m49.4s), 1235/3000 VUs, 5377 complete and 0 interrupted iterations
users   [   9% ] 1235/3000 VUs  0m49.4s/9m00.0s

running (0m50.4s), 1260/3000 VUs, 5623 complete and 0 interrupted iterations
users   [   9% ] 1260/3000 VUs  0m50.4s/9m00.0s

running (0m51.4s), 1285/3000 VUs, 5874 complete and 0 interrupted iterations
users   [  10% ] 1285/3000 VUs  0m51.4s/9m00.0s

running (0m52.4s), 1310/3000 VUs, 6127 complete and 0 interrupted iterations
users   [  10% ] 1310/3000 VUs  0m52.4s/9m00.0s

running (0m53.4s), 1335/3000 VUs, 6370 complete and 0 interrupted iterations
users   [  10% ] 1335/3000 VUs  0m53.4s/9m00.0s

running (0m54.4s), 1360/3000 VUs, 6615 complete and 0 interrupted iterations
users   [  10% ] 1360/3000 VUs  0m54.4s/9m00.0s

running (0m55.4s), 1385/3000 VUs, 6872 complete and 0 interrupted iterations
users   [  10% ] 1385/3000 VUs  0m55.4s/9m00.0s

running (0m56.4s), 1410/3000 VUs, 7144 complete and 0 interrupted iterations
users   [  10% ] 1410/3000 VUs  0m56.4s/9m00.0s

running (0m57.4s), 1435/3000 VUs, 7391 complete and 0 interrupted iterations
users   [  11% ] 1435/3000 VUs  0m57.4s/9m00.0s

running (0m58.4s), 1460/3000 VUs, 7664 complete and 0 interrupted iterations
users   [  11% ] 1460/3000 VUs  0m58.4s/9m00.0s

running (0m59.4s), 1485/3000 VUs, 7948 complete and 0 interrupted iterations
users   [  11% ] 1485/3000 VUs  0m59.4s/9m00.0s

running (1m00.4s), 1510/3000 VUs, 8219 complete and 0 interrupted iterations
users   [  11% ] 1510/3000 VUs  1m00.4s/9m00.0s

running (1m01.4s), 1535/3000 VUs, 8505 complete and 0 interrupted iterations
users   [  11% ] 1535/3000 VUs  1m01.4s/9m00.0s

running (1m02.4s), 1560/3000 VUs, 8807 complete and 0 interrupted iterations
users   [  12% ] 1560/3000 VUs  1m02.4s/9m00.0s

running (1m03.4s), 1585/3000 VUs, 9136 complete and 0 interrupted iterations
users   [  12% ] 1585/3000 VUs  1m03.4s/9m00.0s

running (1m04.4s), 1610/3000 VUs, 9431 complete and 0 interrupted iterations
users   [  12% ] 1610/3000 VUs  1m04.4s/9m00.0s

running (1m05.4s), 1635/3000 VUs, 9731 complete and 0 interrupted iterations
users   [  12% ] 1635/3000 VUs  1m05.4s/9m00.0s

running (1m06.4s), 1660/3000 VUs, 10044 complete and 0 interrupted iterations
users   [  12% ] 1660/3000 VUs  1m06.4s/9m00.0s

running (1m07.4s), 1685/3000 VUs, 10358 complete and 0 interrupted iterations
users   [  12% ] 1685/3000 VUs  1m07.4s/9m00.0s

running (1m08.4s), 1710/3000 VUs, 10661 complete and 0 interrupted iterations
users   [  13% ] 1710/3000 VUs  1m08.4s/9m00.0s

running (1m09.4s), 1735/3000 VUs, 11002 complete and 0 interrupted iterations
users   [  13% ] 1735/3000 VUs  1m09.4s/9m00.0s

running (1m10.4s), 1760/3000 VUs, 11363 complete and 0 interrupted iterations
users   [  13% ] 1760/3000 VUs  1m10.4s/9m00.0s

running (1m11.4s), 1785/3000 VUs, 11699 complete and 0 interrupted iterations
users   [  13% ] 1785/3000 VUs  1m11.4s/9m00.0s

running (1m12.4s), 1810/3000 VUs, 12044 complete and 0 interrupted iterations
users   [  13% ] 1810/3000 VUs  1m12.4s/9m00.0s

running (1m13.4s), 1835/3000 VUs, 12391 complete and 0 interrupted iterations
users   [  14% ] 1835/3000 VUs  1m13.4s/9m00.0s

running (1m14.4s), 1860/3000 VUs, 12737 complete and 0 interrupted iterations
users   [  14% ] 1860/3000 VUs  1m14.4s/9m00.0s

running (1m15.4s), 1885/3000 VUs, 13092 complete and 0 interrupted iterations
users   [  14% ] 1885/3000 VUs  1m15.4s/9m00.0s

running (1m16.4s), 1910/3000 VUs, 13468 complete and 0 interrupted iterations
users   [  14% ] 1910/3000 VUs  1m16.4s/9m00.0s

running (1m17.4s), 1935/3000 VUs, 13825 complete and 0 interrupted iterations
users   [  14% ] 1935/3000 VUs  1m17.4s/9m00.0s

running (1m18.4s), 1960/3000 VUs, 14196 complete and 0 interrupted iterations
users   [  15% ] 1960/3000 VUs  1m18.4s/9m00.0s

running (1m19.4s), 1985/3000 VUs, 14583 complete and 0 interrupted iterations
users   [  15% ] 1985/3000 VUs  1m19.4s/9m00.0s

running (1m20.4s), 2010/3000 VUs, 14958 complete and 0 interrupted iterations
users   [  15% ] 2010/3000 VUs  1m20.4s/9m00.0s

running (1m21.4s), 2035/3000 VUs, 15360 complete and 0 interrupted iterations
users   [  15% ] 2035/3000 VUs  1m21.4s/9m00.0s

running (1m22.4s), 2060/3000 VUs, 15751 complete and 0 interrupted iterations
users   [  15% ] 2060/3000 VUs  1m22.4s/9m00.0s

running (1m23.4s), 2085/3000 VUs, 16147 complete and 0 interrupted iterations
users   [  15% ] 2085/3000 VUs  1m23.4s/9m00.0s

running (1m24.4s), 2110/3000 VUs, 16548 complete and 0 interrupted iterations
users   [  16% ] 2110/3000 VUs  1m24.4s/9m00.0s

running (1m25.4s), 2135/3000 VUs, 16980 complete and 0 interrupted iterations
users   [  16% ] 2135/3000 VUs  1m25.4s/9m00.0s

running (1m26.4s), 2160/3000 VUs, 17363 complete and 0 interrupted iterations
users   [  16% ] 2160/3000 VUs  1m26.4s/9m00.0s

running (1m27.4s), 2185/3000 VUs, 17810 complete and 0 interrupted iterations
users   [  16% ] 2185/3000 VUs  1m27.4s/9m00.0s

running (1m28.4s), 2210/3000 VUs, 18206 complete and 0 interrupted iterations
users   [  16% ] 2210/3000 VUs  1m28.4s/9m00.0s

running (1m29.4s), 2235/3000 VUs, 18615 complete and 0 interrupted iterations
users   [  17% ] 2235/3000 VUs  1m29.4s/9m00.0s

running (1m30.4s), 2260/3000 VUs, 19068 complete and 0 interrupted iterations
users   [  17% ] 2260/3000 VUs  1m30.4s/9m00.0s

running (1m31.4s), 2285/3000 VUs, 19534 complete and 0 interrupted iterations
users   [  17% ] 2285/3000 VUs  1m31.4s/9m00.0s

running (1m32.4s), 2310/3000 VUs, 19982 complete and 0 interrupted iterations
users   [  17% ] 2310/3000 VUs  1m32.4s/9m00.0s

running (1m33.4s), 2335/3000 VUs, 20399 complete and 0 interrupted iterations
users   [  17% ] 2335/3000 VUs  1m33.4s/9m00.0s

running (1m34.4s), 2360/3000 VUs, 20853 complete and 0 interrupted iterations
users   [  17% ] 2360/3000 VUs  1m34.4s/9m00.0s

running (1m35.4s), 2385/3000 VUs, 21320 complete and 0 interrupted iterations
users   [  18% ] 2385/3000 VUs  1m35.4s/9m00.0s

running (1m36.4s), 2410/3000 VUs, 21797 complete and 0 interrupted iterations
users   [  18% ] 2410/3000 VUs  1m36.4s/9m00.0s

running (1m37.4s), 2435/3000 VUs, 22259 complete and 0 interrupted iterations
users   [  18% ] 2435/3000 VUs  1m37.4s/9m00.0s

running (1m38.4s), 2460/3000 VUs, 22703 complete and 0 interrupted iterations
users   [  18% ] 2460/3000 VUs  1m38.4s/9m00.0s

running (1m39.4s), 2485/3000 VUs, 23173 complete and 0 interrupted iterations
users   [  18% ] 2485/3000 VUs  1m39.4s/9m00.0s

running (1m40.4s), 2510/3000 VUs, 23676 complete and 0 interrupted iterations
users   [  19% ] 2510/3000 VUs  1m40.4s/9m00.0s

running (1m41.4s), 2535/3000 VUs, 24180 complete and 0 interrupted iterations
users   [  19% ] 2535/3000 VUs  1m41.4s/9m00.0s

running (1m42.4s), 2560/3000 VUs, 24675 complete and 0 interrupted iterations
users   [  19% ] 2560/3000 VUs  1m42.4s/9m00.0s

running (1m43.4s), 2585/3000 VUs, 25165 complete and 0 interrupted iterations
users   [  19% ] 2585/3000 VUs  1m43.4s/9m00.0s

running (1m44.4s), 2610/3000 VUs, 25667 complete and 0 interrupted iterations
users   [  19% ] 2610/3000 VUs  1m44.4s/9m00.0s

running (1m45.4s), 2635/3000 VUs, 26206 complete and 0 interrupted iterations
users   [  20% ] 2635/3000 VUs  1m45.4s/9m00.0s

running (1m46.4s), 2660/3000 VUs, 26715 complete and 0 interrupted iterations
users   [  20% ] 2660/3000 VUs  1m46.4s/9m00.0s

running (1m47.4s), 2685/3000 VUs, 27206 complete and 0 interrupted iterations
users   [  20% ] 2685/3000 VUs  1m47.4s/9m00.0s

running (1m48.4s), 2710/3000 VUs, 27741 complete and 0 interrupted iterations
users   [  20% ] 2710/3000 VUs  1m48.4s/9m00.0s

running (1m49.4s), 2735/3000 VUs, 28268 complete and 0 interrupted iterations
users   [  20% ] 2735/3000 VUs  1m49.4s/9m00.0s

running (1m50.4s), 2760/3000 VUs, 28794 complete and 0 interrupted iterations
users   [  20% ] 2760/3000 VUs  1m50.4s/9m00.0s

running (1m51.4s), 2785/3000 VUs, 29344 complete and 0 interrupted iterations
users   [  21% ] 2785/3000 VUs  1m51.4s/9m00.0s

running (1m52.4s), 2810/3000 VUs, 29899 complete and 0 interrupted iterations
users   [  21% ] 2810/3000 VUs  1m52.4s/9m00.0s

running (1m53.4s), 2835/3000 VUs, 30422 complete and 0 interrupted iterations
users   [  21% ] 2835/3000 VUs  1m53.4s/9m00.0s

running (1m54.4s), 2860/3000 VUs, 30978 complete and 0 interrupted iterations
users   [  21% ] 2860/3000 VUs  1m54.4s/9m00.0s

running (1m55.4s), 2885/3000 VUs, 31552 complete and 0 interrupted iterations
users   [  21% ] 2885/3000 VUs  1m55.4s/9m00.0s

running (1m56.4s), 2910/3000 VUs, 32121 complete and 0 interrupted iterations
users   [  22% ] 2910/3000 VUs  1m56.4s/9m00.0s

running (1m57.4s), 2935/3000 VUs, 32628 complete and 0 interrupted iterations
users   [  22% ] 2935/3000 VUs  1m57.4s/9m00.0s

running (1m58.4s), 2960/3000 VUs, 33238 complete and 0 interrupted iterations
users   [  22% ] 2960/3000 VUs  1m58.4s/9m00.0s

running (1m59.4s), 2985/3000 VUs, 33814 complete and 0 interrupted iterations
users   [  22% ] 2985/3000 VUs  1m59.4s/9m00.0s

running (2m00.4s), 3000/3000 VUs, 34391 complete and 0 interrupted iterations
users   [  22% ] 3000/3000 VUs  2m00.4s/9m00.0s

running (2m01.4s), 3000/3000 VUs, 34995 complete and 0 interrupted iterations
users   [  22% ] 3000/3000 VUs  2m01.4s/9m00.0s

running (2m02.4s), 3000/3000 VUs, 35611 complete and 0 interrupted iterations
users   [  23% ] 3000/3000 VUs  2m02.4s/9m00.0s

running (2m03.4s), 3000/3000 VUs, 36192 complete and 0 interrupted iterations
users   [  23% ] 3000/3000 VUs  2m03.4s/9m00.0s

running (2m04.4s), 3000/3000 VUs, 36817 complete and 0 interrupted iterations
users   [  23% ] 3000/3000 VUs  2m04.4s/9m00.0s

running (2m05.4s), 3000/3000 VUs, 37372 complete and 0 interrupted iterations
users   [  23% ] 3000/3000 VUs  2m05.4s/9m00.0s

running (2m06.4s), 3000/3000 VUs, 37933 complete and 0 interrupted iterations
users   [  23% ] 3000/3000 VUs  2m06.4s/9m00.0s

running (2m07.4s), 3000/3000 VUs, 38528 complete and 0 interrupted iterations
users   [  24% ] 3000/3000 VUs  2m07.4s/9m00.0s

running (2m08.4s), 3000/3000 VUs, 39141 complete and 0 interrupted iterations
users   [  24% ] 3000/3000 VUs  2m08.4s/9m00.0s

running (2m09.4s), 3000/3000 VUs, 39761 complete and 0 interrupted iterations
users   [  24% ] 3000/3000 VUs  2m09.4s/9m00.0s

running (2m10.4s), 3000/3000 VUs, 40339 complete and 0 interrupted iterations
users   [  24% ] 3000/3000 VUs  2m10.4s/9m00.0s

running (2m11.4s), 3000/3000 VUs, 40937 complete and 0 interrupted iterations
users   [  24% ] 3000/3000 VUs  2m11.4s/9m00.0s

running (2m12.4s), 3000/3000 VUs, 41542 complete and 0 interrupted iterations
users   [  25% ] 3000/3000 VUs  2m12.4s/9m00.0s

running (2m13.4s), 3000/3000 VUs, 42144 complete and 0 interrupted iterations
users   [  25% ] 3000/3000 VUs  2m13.4s/9m00.0s

running (2m14.4s), 3000/3000 VUs, 42723 complete and 0 interrupted iterations
users   [  25% ] 3000/3000 VUs  2m14.4s/9m00.0s

running (2m15.4s), 3000/3000 VUs, 43325 complete and 0 interrupted iterations
users   [  25% ] 3000/3000 VUs  2m15.4s/9m00.0s

running (2m16.4s), 3000/3000 VUs, 43914 complete and 0 interrupted iterations
users   [  25% ] 3000/3000 VUs  2m16.4s/9m00.0s

running (2m17.4s), 3000/3000 VUs, 44484 complete and 0 interrupted iterations
users   [  25% ] 3000/3000 VUs  2m17.4s/9m00.0s

running (2m18.4s), 3000/3000 VUs, 45076 complete and 0 interrupted iterations
users   [  26% ] 3000/3000 VUs  2m18.4s/9m00.0s

running (2m19.4s), 3000/3000 VUs, 45679 complete and 0 interrupted iterations
users   [  26% ] 3000/3000 VUs  2m19.4s/9m00.0s

running (2m20.4s), 3000/3000 VUs, 46293 complete and 0 interrupted iterations
users   [  26% ] 3000/3000 VUs  2m20.4s/9m00.0s

running (2m21.4s), 3000/3000 VUs, 46868 complete and 0 interrupted iterations
users   [  26% ] 3000/3000 VUs  2m21.4s/9m00.0s

running (2m22.4s), 3000/3000 VUs, 47465 complete and 0 interrupted iterations
users   [  26% ] 3000/3000 VUs  2m22.4s/9m00.0s

running (2m23.4s), 3000/3000 VUs, 48067 complete and 0 interrupted iterations
users   [  27% ] 3000/3000 VUs  2m23.4s/9m00.0s

running (2m24.4s), 3000/3000 VUs, 48671 complete and 0 interrupted iterations
users   [  27% ] 3000/3000 VUs  2m24.4s/9m00.0s

running (2m25.4s), 3000/3000 VUs, 49257 complete and 0 interrupted iterations
users   [  27% ] 3000/3000 VUs  2m25.4s/9m00.0s

running (2m26.4s), 3000/3000 VUs, 49835 complete and 0 interrupted iterations
users   [  27% ] 3000/3000 VUs  2m26.4s/9m00.0s

running (2m27.4s), 3000/3000 VUs, 50414 complete and 0 interrupted iterations
users   [  27% ] 3000/3000 VUs  2m27.4s/9m00.0s

running (2m28.4s), 3000/3000 VUs, 51011 complete and 0 interrupted iterations
users   [  27% ] 3000/3000 VUs  2m28.4s/9m00.0s

running (2m29.4s), 3000/3000 VUs, 51618 complete and 0 interrupted iterations
users   [  28% ] 3000/3000 VUs  2m29.4s/9m00.0s

running (2m30.4s), 3000/3000 VUs, 52236 complete and 0 interrupted iterations
users   [  28% ] 3000/3000 VUs  2m30.4s/9m00.0s

running (2m31.4s), 3000/3000 VUs, 52814 complete and 0 interrupted iterations
users   [  28% ] 3000/3000 VUs  2m31.4s/9m00.0s

running (2m32.4s), 3000/3000 VUs, 53410 complete and 0 interrupted iterations
users   [  28% ] 3000/3000 VUs  2m32.4s/9m00.0s

running (2m33.4s), 3000/3000 VUs, 54004 complete and 0 interrupted iterations
users   [  28% ] 3000/3000 VUs  2m33.4s/9m00.0s

running (2m34.4s), 3000/3000 VUs, 54587 complete and 0 interrupted iterations
users   [  29% ] 3000/3000 VUs  2m34.4s/9m00.0s

running (2m35.4s), 3000/3000 VUs, 55169 complete and 0 interrupted iterations
users   [  29% ] 3000/3000 VUs  2m35.4s/9m00.0s

running (2m36.4s), 3000/3000 VUs, 55749 complete and 0 interrupted iterations
users   [  29% ] 3000/3000 VUs  2m36.4s/9m00.0s

running (2m37.4s), 3000/3000 VUs, 56377 complete and 0 interrupted iterations
users   [  29% ] 3000/3000 VUs  2m37.4s/9m00.0s

running (2m38.4s), 3000/3000 VUs, 56930 complete and 0 interrupted iterations
users   [  29% ] 3000/3000 VUs  2m38.4s/9m00.0s

running (2m39.4s), 3000/3000 VUs, 57542 complete and 0 interrupted iterations
users   [  30% ] 3000/3000 VUs  2m39.4s/9m00.0s

running (2m40.4s), 3000/3000 VUs, 58161 complete and 0 interrupted iterations
users   [  30% ] 3000/3000 VUs  2m40.4s/9m00.0s

running (2m41.4s), 3000/3000 VUs, 58724 complete and 0 interrupted iterations
users   [  30% ] 3000/3000 VUs  2m41.4s/9m00.0s

running (2m42.4s), 3000/3000 VUs, 59302 complete and 0 interrupted iterations
users   [  30% ] 3000/3000 VUs  2m42.4s/9m00.0s

running (2m43.4s), 3000/3000 VUs, 59912 complete and 0 interrupted iterations
users   [  30% ] 3000/3000 VUs  2m43.4s/9m00.0s

running (2m44.4s), 3000/3000 VUs, 60533 complete and 0 interrupted iterations
users   [  30% ] 3000/3000 VUs  2m44.4s/9m00.0s

running (2m45.4s), 3000/3000 VUs, 61123 complete and 0 interrupted iterations
users   [  31% ] 3000/3000 VUs  2m45.4s/9m00.0s

running (2m46.4s), 3000/3000 VUs, 61703 complete and 0 interrupted iterations
users   [  31% ] 3000/3000 VUs  2m46.4s/9m00.0s

running (2m47.4s), 3000/3000 VUs, 62285 complete and 0 interrupted iterations
users   [  31% ] 3000/3000 VUs  2m47.4s/9m00.0s

running (2m48.4s), 3000/3000 VUs, 62871 complete and 0 interrupted iterations
users   [  31% ] 3000/3000 VUs  2m48.4s/9m00.0s

running (2m49.4s), 3000/3000 VUs, 63471 complete and 0 interrupted iterations
users   [  31% ] 3000/3000 VUs  2m49.4s/9m00.0s

running (2m50.4s), 3000/3000 VUs, 64076 complete and 0 interrupted iterations
users   [  32% ] 3000/3000 VUs  2m50.4s/9m00.0s

running (2m51.4s), 3000/3000 VUs, 64696 complete and 0 interrupted iterations
users   [  32% ] 3000/3000 VUs  2m51.4s/9m00.0s

running (2m52.4s), 3000/3000 VUs, 65271 complete and 0 interrupted iterations
users   [  32% ] 3000/3000 VUs  2m52.4s/9m00.0s

running (2m53.4s), 3000/3000 VUs, 65852 complete and 0 interrupted iterations
users   [  32% ] 3000/3000 VUs  2m53.4s/9m00.0s

running (2m54.4s), 3000/3000 VUs, 66460 complete and 0 interrupted iterations
users   [  32% ] 3000/3000 VUs  2m54.4s/9m00.0s

running (2m55.4s), 3000/3000 VUs, 67058 complete and 0 interrupted iterations
users   [  32% ] 3000/3000 VUs  2m55.4s/9m00.0s

running (2m56.4s), 3000/3000 VUs, 67684 complete and 0 interrupted iterations
users   [  33% ] 3000/3000 VUs  2m56.4s/9m00.0s

running (2m57.4s), 3000/3000 VUs, 68293 complete and 0 interrupted iterations
users   [  33% ] 3000/3000 VUs  2m57.4s/9m00.0s

running (2m58.4s), 3000/3000 VUs, 68871 complete and 0 interrupted iterations
users   [  33% ] 3000/3000 VUs  2m58.4s/9m00.0s

running (2m59.4s), 3000/3000 VUs, 69423 complete and 0 interrupted iterations
users   [  33% ] 3000/3000 VUs  2m59.4s/9m00.0s

running (3m00.4s), 3000/3000 VUs, 70019 complete and 0 interrupted iterations
users   [  33% ] 3000/3000 VUs  3m00.4s/9m00.0s

running (3m01.4s), 3000/3000 VUs, 70610 complete and 0 interrupted iterations
users   [  34% ] 3000/3000 VUs  3m01.4s/9m00.0s

running (3m02.4s), 3000/3000 VUs, 71228 complete and 0 interrupted iterations
users   [  34% ] 3000/3000 VUs  3m02.4s/9m00.0s

running (3m03.4s), 3000/3000 VUs, 71805 complete and 0 interrupted iterations
users   [  34% ] 3000/3000 VUs  3m03.4s/9m00.0s

running (3m04.4s), 3000/3000 VUs, 72364 complete and 0 interrupted iterations
users   [  34% ] 3000/3000 VUs  3m04.4s/9m00.0s

running (3m05.4s), 3000/3000 VUs, 72975 complete and 0 interrupted iterations
users   [  34% ] 3000/3000 VUs  3m05.4s/9m00.0s

running (3m06.4s), 3000/3000 VUs, 73600 complete and 0 interrupted iterations
users   [  35% ] 3000/3000 VUs  3m06.4s/9m00.0s

running (3m07.4s), 3000/3000 VUs, 74187 complete and 0 interrupted iterations
users   [  35% ] 3000/3000 VUs  3m07.4s/9m00.0s

running (3m08.4s), 3000/3000 VUs, 74763 complete and 0 interrupted iterations
users   [  35% ] 3000/3000 VUs  3m08.4s/9m00.0s

running (3m09.4s), 3000/3000 VUs, 75367 complete and 0 interrupted iterations
users   [  35% ] 3000/3000 VUs  3m09.4s/9m00.0s

running (3m10.4s), 3000/3000 VUs, 75944 complete and 0 interrupted iterations
users   [  35% ] 3000/3000 VUs  3m10.4s/9m00.0s

running (3m11.4s), 3000/3000 VUs, 76528 complete and 0 interrupted iterations
users   [  35% ] 3000/3000 VUs  3m11.4s/9m00.0s

running (3m12.4s), 3000/3000 VUs, 77127 complete and 0 interrupted iterations
users   [  36% ] 3000/3000 VUs  3m12.4s/9m00.0s

running (3m13.4s), 3000/3000 VUs, 77748 complete and 0 interrupted iterations
users   [  36% ] 3000/3000 VUs  3m13.4s/9m00.0s

running (3m14.4s), 3000/3000 VUs, 78348 complete and 0 interrupted iterations
users   [  36% ] 3000/3000 VUs  3m14.4s/9m00.0s

running (3m15.4s), 3000/3000 VUs, 78913 complete and 0 interrupted iterations
users   [  36% ] 3000/3000 VUs  3m15.4s/9m00.0s

running (3m16.4s), 3000/3000 VUs, 79501 complete and 0 interrupted iterations
users   [  36% ] 3000/3000 VUs  3m16.4s/9m00.0s

running (3m17.4s), 3000/3000 VUs, 80083 complete and 0 interrupted iterations
users   [  37% ] 3000/3000 VUs  3m17.4s/9m00.0s

running (3m18.4s), 3000/3000 VUs, 80669 complete and 0 interrupted iterations
users   [  37% ] 3000/3000 VUs  3m18.4s/9m00.0s

running (3m19.4s), 3000/3000 VUs, 81238 complete and 0 interrupted iterations
users   [  37% ] 3000/3000 VUs  3m19.4s/9m00.0s

running (3m20.4s), 3000/3000 VUs, 81852 complete and 0 interrupted iterations
users   [  37% ] 3000/3000 VUs  3m20.4s/9m00.0s

running (3m21.4s), 3000/3000 VUs, 82442 complete and 0 interrupted iterations
users   [  37% ] 3000/3000 VUs  3m21.4s/9m00.0s

running (3m22.4s), 3000/3000 VUs, 83052 complete and 0 interrupted iterations
users   [  37% ] 3000/3000 VUs  3m22.4s/9m00.0s

running (3m23.4s), 3000/3000 VUs, 83648 complete and 0 interrupted iterations
users   [  38% ] 3000/3000 VUs  3m23.4s/9m00.0s

running (3m24.4s), 3000/3000 VUs, 84215 complete and 0 interrupted iterations
users   [  38% ] 3000/3000 VUs  3m24.4s/9m00.0s

running (3m25.4s), 3000/3000 VUs, 84823 complete and 0 interrupted iterations
users   [  38% ] 3000/3000 VUs  3m25.4s/9m00.0s

running (3m26.4s), 3000/3000 VUs, 85428 complete and 0 interrupted iterations
users   [  38% ] 3000/3000 VUs  3m26.4s/9m00.0s

running (3m27.4s), 3000/3000 VUs, 86040 complete and 0 interrupted iterations
users   [  38% ] 3000/3000 VUs  3m27.4s/9m00.0s

running (3m28.4s), 3000/3000 VUs, 86645 complete and 0 interrupted iterations
users   [  39% ] 3000/3000 VUs  3m28.4s/9m00.0s

running (3m29.4s), 3000/3000 VUs, 87201 complete and 0 interrupted iterations
users   [  39% ] 3000/3000 VUs  3m29.4s/9m00.0s

running (3m30.4s), 3000/3000 VUs, 87850 complete and 0 interrupted iterations
users   [  39% ] 3000/3000 VUs  3m30.4s/9m00.0s

running (3m31.4s), 3000/3000 VUs, 88432 complete and 0 interrupted iterations
users   [  39% ] 3000/3000 VUs  3m31.4s/9m00.0s

running (3m32.4s), 3000/3000 VUs, 89028 complete and 0 interrupted iterations
users   [  39% ] 3000/3000 VUs  3m32.4s/9m00.0s

running (3m33.4s), 3000/3000 VUs, 89634 complete and 0 interrupted iterations
users   [  40% ] 3000/3000 VUs  3m33.4s/9m00.0s

running (3m34.4s), 3000/3000 VUs, 90195 complete and 0 interrupted iterations
users   [  40% ] 3000/3000 VUs  3m34.4s/9m00.0s

running (3m35.4s), 3000/3000 VUs, 90762 complete and 0 interrupted iterations
users   [  40% ] 3000/3000 VUs  3m35.4s/9m00.0s

running (3m36.4s), 3000/3000 VUs, 91365 complete and 0 interrupted iterations
users   [  40% ] 3000/3000 VUs  3m36.4s/9m00.0s

running (3m37.4s), 3000/3000 VUs, 91993 complete and 0 interrupted iterations
users   [  40% ] 3000/3000 VUs  3m37.4s/9m00.0s

running (3m38.4s), 3000/3000 VUs, 92579 complete and 0 interrupted iterations
users   [  40% ] 3000/3000 VUs  3m38.4s/9m00.0s

running (3m39.4s), 3000/3000 VUs, 93180 complete and 0 interrupted iterations
users   [  41% ] 3000/3000 VUs  3m39.4s/9m00.0s

running (3m40.4s), 3000/3000 VUs, 93746 complete and 0 interrupted iterations
users   [  41% ] 3000/3000 VUs  3m40.4s/9m00.0s

running (3m41.4s), 3000/3000 VUs, 94337 complete and 0 interrupted iterations
users   [  41% ] 3000/3000 VUs  3m41.4s/9m00.0s

running (3m42.4s), 3000/3000 VUs, 94943 complete and 0 interrupted iterations
users   [  41% ] 3000/3000 VUs  3m42.4s/9m00.0s

running (3m43.4s), 3000/3000 VUs, 95531 complete and 0 interrupted iterations
users   [  41% ] 3000/3000 VUs  3m43.4s/9m00.0s

running (3m44.4s), 3000/3000 VUs, 96157 complete and 0 interrupted iterations
users   [  42% ] 3000/3000 VUs  3m44.4s/9m00.0s

running (3m45.4s), 3000/3000 VUs, 96760 complete and 0 interrupted iterations
users   [  42% ] 3000/3000 VUs  3m45.4s/9m00.0s

running (3m46.4s), 3000/3000 VUs, 97317 complete and 0 interrupted iterations
users   [  42% ] 3000/3000 VUs  3m46.4s/9m00.0s

running (3m47.4s), 3000/3000 VUs, 97874 complete and 0 interrupted iterations
users   [  42% ] 3000/3000 VUs  3m47.4s/9m00.0s

running (3m48.4s), 3000/3000 VUs, 98482 complete and 0 interrupted iterations
users   [  42% ] 3000/3000 VUs  3m48.4s/9m00.0s

running (3m49.4s), 3000/3000 VUs, 99124 complete and 0 interrupted iterations
users   [  42% ] 3000/3000 VUs  3m49.4s/9m00.0s

running (3m50.4s), 3000/3000 VUs, 99721 complete and 0 interrupted iterations
users   [  43% ] 3000/3000 VUs  3m50.4s/9m00.0s

running (3m51.4s), 3000/3000 VUs, 100297 complete and 0 interrupted iterations
users   [  43% ] 3000/3000 VUs  3m51.4s/9m00.0s

running (3m52.4s), 3000/3000 VUs, 100879 complete and 0 interrupted iterations
users   [  43% ] 3000/3000 VUs  3m52.4s/9m00.0s

running (3m53.4s), 3000/3000 VUs, 101476 complete and 0 interrupted iterations
users   [  43% ] 3000/3000 VUs  3m53.4s/9m00.0s

running (3m54.4s), 3000/3000 VUs, 102087 complete and 0 interrupted iterations
users   [  43% ] 3000/3000 VUs  3m54.4s/9m00.0s

running (3m55.4s), 3000/3000 VUs, 102681 complete and 0 interrupted iterations
users   [  44% ] 3000/3000 VUs  3m55.4s/9m00.0s

running (3m56.4s), 3000/3000 VUs, 103223 complete and 0 interrupted iterations
users   [  44% ] 3000/3000 VUs  3m56.4s/9m00.0s

running (3m57.4s), 3000/3000 VUs, 103806 complete and 0 interrupted iterations
users   [  44% ] 3000/3000 VUs  3m57.4s/9m00.0s

running (3m58.4s), 3000/3000 VUs, 104427 complete and 0 interrupted iterations
users   [  44% ] 3000/3000 VUs  3m58.4s/9m00.0s

running (3m59.4s), 3000/3000 VUs, 105000 complete and 0 interrupted iterations
users   [  44% ] 3000/3000 VUs  3m59.4s/9m00.0s

running (4m00.4s), 3000/3000 VUs, 105625 complete and 0 interrupted iterations
users   [  45% ] 3000/3000 VUs  4m00.4s/9m00.0s

running (4m01.4s), 3000/3000 VUs, 106210 complete and 0 interrupted iterations
users   [  45% ] 3000/3000 VUs  4m01.4s/9m00.0s

running (4m02.4s), 3000/3000 VUs, 106838 complete and 0 interrupted iterations
users   [  45% ] 3000/3000 VUs  4m02.4s/9m00.0s

running (4m03.4s), 3000/3000 VUs, 107405 complete and 0 interrupted iterations
users   [  45% ] 3000/3000 VUs  4m03.4s/9m00.0s

running (4m04.4s), 3000/3000 VUs, 107983 complete and 0 interrupted iterations
users   [  45% ] 3000/3000 VUs  4m04.4s/9m00.0s

running (4m05.4s), 3000/3000 VUs, 108557 complete and 0 interrupted iterations
users   [  45% ] 3000/3000 VUs  4m05.4s/9m00.0s

running (4m06.4s), 3000/3000 VUs, 109157 complete and 0 interrupted iterations
users   [  46% ] 3000/3000 VUs  4m06.4s/9m00.0s

running (4m07.4s), 3000/3000 VUs, 109767 complete and 0 interrupted iterations
users   [  46% ] 3000/3000 VUs  4m07.4s/9m00.0s

running (4m08.4s), 3000/3000 VUs, 110311 complete and 0 interrupted iterations
users   [  46% ] 3000/3000 VUs  4m08.4s/9m00.0s

running (4m09.4s), 3000/3000 VUs, 110887 complete and 0 interrupted iterations
users   [  46% ] 3000/3000 VUs  4m09.4s/9m00.0s

running (4m10.4s), 3000/3000 VUs, 111505 complete and 0 interrupted iterations
users   [  46% ] 3000/3000 VUs  4m10.4s/9m00.0s

running (4m11.4s), 3000/3000 VUs, 112103 complete and 0 interrupted iterations
users   [  47% ] 3000/3000 VUs  4m11.4s/9m00.0s

running (4m12.4s), 3000/3000 VUs, 112667 complete and 0 interrupted iterations
users   [  47% ] 3000/3000 VUs  4m12.4s/9m00.0s

running (4m13.4s), 3000/3000 VUs, 113274 complete and 0 interrupted iterations
users   [  47% ] 3000/3000 VUs  4m13.4s/9m00.0s

running (4m14.4s), 3000/3000 VUs, 113884 complete and 0 interrupted iterations
users   [  47% ] 3000/3000 VUs  4m14.4s/9m00.0s

running (4m15.4s), 3000/3000 VUs, 114478 complete and 0 interrupted iterations
users   [  47% ] 3000/3000 VUs  4m15.4s/9m00.0s

running (4m16.4s), 3000/3000 VUs, 115073 complete and 0 interrupted iterations
users   [  47% ] 3000/3000 VUs  4m16.4s/9m00.0s

running (4m17.4s), 3000/3000 VUs, 115638 complete and 0 interrupted iterations
users   [  48% ] 3000/3000 VUs  4m17.4s/9m00.0s

running (4m18.4s), 3000/3000 VUs, 116220 complete and 0 interrupted iterations
users   [  48% ] 3000/3000 VUs  4m18.4s/9m00.0s

running (4m19.4s), 3000/3000 VUs, 116816 complete and 0 interrupted iterations
users   [  48% ] 3000/3000 VUs  4m19.4s/9m00.0s

running (4m20.4s), 3000/3000 VUs, 117395 complete and 0 interrupted iterations
users   [  48% ] 3000/3000 VUs  4m20.4s/9m00.0s

running (4m21.4s), 3000/3000 VUs, 117978 complete and 0 interrupted iterations
users   [  48% ] 3000/3000 VUs  4m21.4s/9m00.0s

running (4m22.4s), 3000/3000 VUs, 118588 complete and 0 interrupted iterations
users   [  49% ] 3000/3000 VUs  4m22.4s/9m00.0s

running (4m23.4s), 3000/3000 VUs, 119136 complete and 0 interrupted iterations
users   [  49% ] 3000/3000 VUs  4m23.4s/9m00.0s

running (4m24.4s), 3000/3000 VUs, 119736 complete and 0 interrupted iterations
users   [  49% ] 3000/3000 VUs  4m24.4s/9m00.0s

running (4m25.4s), 3000/3000 VUs, 120366 complete and 0 interrupted iterations
users   [  49% ] 3000/3000 VUs  4m25.4s/9m00.0s

running (4m26.4s), 3000/3000 VUs, 120932 complete and 0 interrupted iterations
users   [  49% ] 3000/3000 VUs  4m26.4s/9m00.0s

running (4m27.4s), 3000/3000 VUs, 121551 complete and 0 interrupted iterations
users   [  50% ] 3000/3000 VUs  4m27.4s/9m00.0s

running (4m28.4s), 3000/3000 VUs, 122118 complete and 0 interrupted iterations
users   [  50% ] 3000/3000 VUs  4m28.4s/9m00.0s

running (4m29.4s), 3000/3000 VUs, 122703 complete and 0 interrupted iterations
users   [  50% ] 3000/3000 VUs  4m29.4s/9m00.0s

running (4m30.4s), 3000/3000 VUs, 123319 complete and 0 interrupted iterations
users   [  50% ] 3000/3000 VUs  4m30.4s/9m00.0s

running (4m31.4s), 3000/3000 VUs, 123894 complete and 0 interrupted iterations
users   [  50% ] 3000/3000 VUs  4m31.4s/9m00.0s

running (4m32.4s), 3000/3000 VUs, 124509 complete and 0 interrupted iterations
users   [  50% ] 3000/3000 VUs  4m32.4s/9m00.0s

running (4m33.4s), 3000/3000 VUs, 125133 complete and 0 interrupted iterations
users   [  51% ] 3000/3000 VUs  4m33.4s/9m00.0s

running (4m34.4s), 3000/3000 VUs, 125715 complete and 0 interrupted iterations
users   [  51% ] 3000/3000 VUs  4m34.4s/9m00.0s

running (4m35.4s), 3000/3000 VUs, 126302 complete and 0 interrupted iterations
users   [  51% ] 3000/3000 VUs  4m35.4s/9m00.0s

running (4m36.4s), 3000/3000 VUs, 126862 complete and 0 interrupted iterations
users   [  51% ] 3000/3000 VUs  4m36.4s/9m00.0s

running (4m37.4s), 3000/3000 VUs, 127464 complete and 0 interrupted iterations
users   [  51% ] 3000/3000 VUs  4m37.4s/9m00.0s

running (4m38.4s), 3000/3000 VUs, 128094 complete and 0 interrupted iterations
users   [  52% ] 3000/3000 VUs  4m38.4s/9m00.0s

running (4m39.4s), 3000/3000 VUs, 128692 complete and 0 interrupted iterations
users   [  52% ] 3000/3000 VUs  4m39.4s/9m00.0s

running (4m40.4s), 3000/3000 VUs, 129263 complete and 0 interrupted iterations
users   [  52% ] 3000/3000 VUs  4m40.4s/9m00.0s

running (4m41.4s), 3000/3000 VUs, 129877 complete and 0 interrupted iterations
users   [  52% ] 3000/3000 VUs  4m41.4s/9m00.0s

running (4m42.4s), 3000/3000 VUs, 130439 complete and 0 interrupted iterations
users   [  52% ] 3000/3000 VUs  4m42.4s/9m00.0s

running (4m43.4s), 3000/3000 VUs, 131036 complete and 0 interrupted iterations
users   [  52% ] 3000/3000 VUs  4m43.4s/9m00.0s

running (4m44.4s), 3000/3000 VUs, 131650 complete and 0 interrupted iterations
users   [  53% ] 3000/3000 VUs  4m44.4s/9m00.0s

running (4m45.4s), 3000/3000 VUs, 132218 complete and 0 interrupted iterations
users   [  53% ] 3000/3000 VUs  4m45.4s/9m00.0s

running (4m46.4s), 3000/3000 VUs, 132817 complete and 0 interrupted iterations
users   [  53% ] 3000/3000 VUs  4m46.4s/9m00.0s

running (4m47.4s), 3000/3000 VUs, 133409 complete and 0 interrupted iterations
users   [  53% ] 3000/3000 VUs  4m47.4s/9m00.0s

running (4m48.4s), 3000/3000 VUs, 134019 complete and 0 interrupted iterations
users   [  53% ] 3000/3000 VUs  4m48.4s/9m00.0s

running (4m49.4s), 3000/3000 VUs, 134628 complete and 0 interrupted iterations
users   [  54% ] 3000/3000 VUs  4m49.4s/9m00.0s

running (4m50.4s), 3000/3000 VUs, 135192 complete and 0 interrupted iterations
users   [  54% ] 3000/3000 VUs  4m50.4s/9m00.0s

running (4m51.4s), 3000/3000 VUs, 135796 complete and 0 interrupted iterations
users   [  54% ] 3000/3000 VUs  4m51.4s/9m00.0s

running (4m52.4s), 3000/3000 VUs, 136381 complete and 0 interrupted iterations
users   [  54% ] 3000/3000 VUs  4m52.4s/9m00.0s

running (4m53.4s), 3000/3000 VUs, 137008 complete and 0 interrupted iterations
users   [  54% ] 3000/3000 VUs  4m53.4s/9m00.0s

running (4m54.4s), 3000/3000 VUs, 137565 complete and 0 interrupted iterations
users   [  55% ] 3000/3000 VUs  4m54.4s/9m00.0s

running (4m55.4s), 3000/3000 VUs, 138147 complete and 0 interrupted iterations
users   [  55% ] 3000/3000 VUs  4m55.4s/9m00.0s

running (4m56.4s), 3000/3000 VUs, 138735 complete and 0 interrupted iterations
users   [  55% ] 3000/3000 VUs  4m56.4s/9m00.0s

running (4m57.4s), 3000/3000 VUs, 139351 complete and 0 interrupted iterations
users   [  55% ] 3000/3000 VUs  4m57.4s/9m00.0s

running (4m58.4s), 3000/3000 VUs, 139974 complete and 0 interrupted iterations
users   [  55% ] 3000/3000 VUs  4m58.4s/9m00.0s

running (4m59.4s), 3000/3000 VUs, 140551 complete and 0 interrupted iterations
users   [  55% ] 3000/3000 VUs  4m59.4s/9m00.0s

running (5m00.4s), 3000/3000 VUs, 141129 complete and 0 interrupted iterations
users   [  56% ] 3000/3000 VUs  5m00.4s/9m00.0s

running (5m01.4s), 3000/3000 VUs, 141718 complete and 0 interrupted iterations
users   [  56% ] 3000/3000 VUs  5m01.4s/9m00.0s

running (5m02.4s), 3000/3000 VUs, 142308 complete and 0 interrupted iterations
users   [  56% ] 3000/3000 VUs  5m02.4s/9m00.0s

running (5m03.4s), 3000/3000 VUs, 142888 complete and 0 interrupted iterations
users   [  56% ] 3000/3000 VUs  5m03.4s/9m00.0s

running (5m04.4s), 3000/3000 VUs, 143473 complete and 0 interrupted iterations
users   [  56% ] 3000/3000 VUs  5m04.4s/9m00.0s

running (5m05.4s), 3000/3000 VUs, 144050 complete and 0 interrupted iterations
users   [  57% ] 3000/3000 VUs  5m05.4s/9m00.0s

running (5m06.4s), 3000/3000 VUs, 144676 complete and 0 interrupted iterations
users   [  57% ] 3000/3000 VUs  5m06.4s/9m00.0s

running (5m07.4s), 3000/3000 VUs, 145233 complete and 0 interrupted iterations
users   [  57% ] 3000/3000 VUs  5m07.4s/9m00.0s

running (5m08.4s), 3000/3000 VUs, 145853 complete and 0 interrupted iterations
users   [  57% ] 3000/3000 VUs  5m08.4s/9m00.0s

running (5m09.4s), 3000/3000 VUs, 146451 complete and 0 interrupted iterations
users   [  57% ] 3000/3000 VUs  5m09.4s/9m00.0s

running (5m10.4s), 3000/3000 VUs, 147010 complete and 0 interrupted iterations
users   [  57% ] 3000/3000 VUs  5m10.4s/9m00.0s

running (5m11.4s), 3000/3000 VUs, 147610 complete and 0 interrupted iterations
users   [  58% ] 3000/3000 VUs  5m11.4s/9m00.0s

running (5m12.4s), 3000/3000 VUs, 148206 complete and 0 interrupted iterations
users   [  58% ] 3000/3000 VUs  5m12.4s/9m00.0s

running (5m13.4s), 3000/3000 VUs, 148798 complete and 0 interrupted iterations
users   [  58% ] 3000/3000 VUs  5m13.4s/9m00.0s

running (5m14.4s), 3000/3000 VUs, 149372 complete and 0 interrupted iterations
users   [  58% ] 3000/3000 VUs  5m14.4s/9m00.0s

running (5m15.4s), 3000/3000 VUs, 149961 complete and 0 interrupted iterations
users   [  58% ] 3000/3000 VUs  5m15.4s/9m00.0s

running (5m16.4s), 3000/3000 VUs, 150585 complete and 0 interrupted iterations
users   [  59% ] 3000/3000 VUs  5m16.4s/9m00.0s

running (5m17.4s), 3000/3000 VUs, 151171 complete and 0 interrupted iterations
users   [  59% ] 3000/3000 VUs  5m17.4s/9m00.0s

running (5m18.4s), 3000/3000 VUs, 151775 complete and 0 interrupted iterations
users   [  59% ] 3000/3000 VUs  5m18.4s/9m00.0s

running (5m19.4s), 3000/3000 VUs, 152376 complete and 0 interrupted iterations
users   [  59% ] 3000/3000 VUs  5m19.4s/9m00.0s

running (5m20.4s), 3000/3000 VUs, 152957 complete and 0 interrupted iterations
users   [  59% ] 3000/3000 VUs  5m20.4s/9m00.0s

running (5m21.4s), 3000/3000 VUs, 153553 complete and 0 interrupted iterations
users   [  60% ] 3000/3000 VUs  5m21.4s/9m00.0s

running (5m22.4s), 3000/3000 VUs, 154150 complete and 0 interrupted iterations
users   [  60% ] 3000/3000 VUs  5m22.4s/9m00.0s

running (5m23.4s), 3000/3000 VUs, 154734 complete and 0 interrupted iterations
users   [  60% ] 3000/3000 VUs  5m23.4s/9m00.0s

running (5m24.4s), 3000/3000 VUs, 155300 complete and 0 interrupted iterations
users   [  60% ] 3000/3000 VUs  5m24.4s/9m00.0s

running (5m25.4s), 3000/3000 VUs, 155930 complete and 0 interrupted iterations
users   [  60% ] 3000/3000 VUs  5m25.4s/9m00.0s

running (5m26.4s), 3000/3000 VUs, 156520 complete and 0 interrupted iterations
users   [  60% ] 3000/3000 VUs  5m26.4s/9m00.0s

running (5m27.4s), 3000/3000 VUs, 157106 complete and 0 interrupted iterations
users   [  61% ] 3000/3000 VUs  5m27.4s/9m00.0s

running (5m28.4s), 3000/3000 VUs, 157682 complete and 0 interrupted iterations
users   [  61% ] 3000/3000 VUs  5m28.4s/9m00.0s

running (5m29.4s), 3000/3000 VUs, 158301 complete and 0 interrupted iterations
users   [  61% ] 3000/3000 VUs  5m29.4s/9m00.0s

running (5m30.4s), 3000/3000 VUs, 158922 complete and 0 interrupted iterations
users   [  61% ] 3000/3000 VUs  5m30.4s/9m00.0s

running (5m31.4s), 3000/3000 VUs, 159476 complete and 0 interrupted iterations
users   [  61% ] 3000/3000 VUs  5m31.4s/9m00.0s

running (5m32.4s), 3000/3000 VUs, 160053 complete and 0 interrupted iterations
users   [  62% ] 3000/3000 VUs  5m32.4s/9m00.0s

running (5m33.4s), 3000/3000 VUs, 160661 complete and 0 interrupted iterations
users   [  62% ] 3000/3000 VUs  5m33.4s/9m00.0s

running (5m34.4s), 3000/3000 VUs, 161277 complete and 0 interrupted iterations
users   [  62% ] 3000/3000 VUs  5m34.4s/9m00.0s

running (5m35.4s), 3000/3000 VUs, 161875 complete and 0 interrupted iterations
users   [  62% ] 3000/3000 VUs  5m35.4s/9m00.0s

running (5m36.4s), 3000/3000 VUs, 162432 complete and 0 interrupted iterations
users   [  62% ] 3000/3000 VUs  5m36.4s/9m00.0s

running (5m37.4s), 3000/3000 VUs, 163049 complete and 0 interrupted iterations
users   [  62% ] 3000/3000 VUs  5m37.4s/9m00.0s

running (5m38.4s), 3000/3000 VUs, 163639 complete and 0 interrupted iterations
users   [  63% ] 3000/3000 VUs  5m38.4s/9m00.0s

running (5m39.4s), 3000/3000 VUs, 164213 complete and 0 interrupted iterations
users   [  63% ] 3000/3000 VUs  5m39.4s/9m00.0s

running (5m40.4s), 3000/3000 VUs, 164827 complete and 0 interrupted iterations
users   [  63% ] 3000/3000 VUs  5m40.4s/9m00.0s

running (5m41.4s), 3000/3000 VUs, 165430 complete and 0 interrupted iterations
users   [  63% ] 3000/3000 VUs  5m41.4s/9m00.0s

running (5m42.4s), 3000/3000 VUs, 166030 complete and 0 interrupted iterations
users   [  63% ] 3000/3000 VUs  5m42.4s/9m00.0s

running (5m43.4s), 3000/3000 VUs, 166632 complete and 0 interrupted iterations
users   [  64% ] 3000/3000 VUs  5m43.4s/9m00.0s

running (5m44.4s), 3000/3000 VUs, 167214 complete and 0 interrupted iterations
users   [  64% ] 3000/3000 VUs  5m44.4s/9m00.0s

running (5m45.4s), 3000/3000 VUs, 167808 complete and 0 interrupted iterations
users   [  64% ] 3000/3000 VUs  5m45.4s/9m00.0s

running (5m46.4s), 3000/3000 VUs, 168361 complete and 0 interrupted iterations
users   [  64% ] 3000/3000 VUs  5m46.4s/9m00.0s

running (5m47.4s), 3000/3000 VUs, 168965 complete and 0 interrupted iterations
users   [  64% ] 3000/3000 VUs  5m47.4s/9m00.0s

running (5m48.4s), 3000/3000 VUs, 169566 complete and 0 interrupted iterations
users   [  65% ] 3000/3000 VUs  5m48.4s/9m00.0s

running (5m49.4s), 3000/3000 VUs, 170190 complete and 0 interrupted iterations
users   [  65% ] 3000/3000 VUs  5m49.4s/9m00.0s

running (5m50.4s), 3000/3000 VUs, 170798 complete and 0 interrupted iterations
users   [  65% ] 3000/3000 VUs  5m50.4s/9m00.0s

running (5m51.4s), 3000/3000 VUs, 171346 complete and 0 interrupted iterations
users   [  65% ] 3000/3000 VUs  5m51.4s/9m00.0s

running (5m52.4s), 3000/3000 VUs, 171922 complete and 0 interrupted iterations
users   [  65% ] 3000/3000 VUs  5m52.4s/9m00.0s

running (5m53.4s), 3000/3000 VUs, 172500 complete and 0 interrupted iterations
users   [  65% ] 3000/3000 VUs  5m53.4s/9m00.0s

running (5m54.4s), 3000/3000 VUs, 173132 complete and 0 interrupted iterations
users   [  66% ] 3000/3000 VUs  5m54.4s/9m00.0s

running (5m55.4s), 3000/3000 VUs, 173728 complete and 0 interrupted iterations
users   [  66% ] 3000/3000 VUs  5m55.4s/9m00.0s

running (5m56.4s), 3000/3000 VUs, 174296 complete and 0 interrupted iterations
users   [  66% ] 3000/3000 VUs  5m56.4s/9m00.0s

running (5m57.4s), 3000/3000 VUs, 174870 complete and 0 interrupted iterations
users   [  66% ] 3000/3000 VUs  5m57.4s/9m00.0s

running (5m58.4s), 3000/3000 VUs, 175463 complete and 0 interrupted iterations
users   [  66% ] 3000/3000 VUs  5m58.4s/9m00.0s

running (5m59.4s), 3000/3000 VUs, 176070 complete and 0 interrupted iterations
users   [  67% ] 3000/3000 VUs  5m59.4s/9m00.0s

running (6m00.4s), 3000/3000 VUs, 176665 complete and 0 interrupted iterations
users   [  67% ] 3000/3000 VUs  6m00.4s/9m00.0s

running (6m01.4s), 3000/3000 VUs, 177256 complete and 0 interrupted iterations
users   [  67% ] 3000/3000 VUs  6m01.4s/9m00.0s

running (6m02.4s), 3000/3000 VUs, 177831 complete and 0 interrupted iterations
users   [  67% ] 3000/3000 VUs  6m02.4s/9m00.0s

running (6m03.4s), 3000/3000 VUs, 178410 complete and 0 interrupted iterations
users   [  67% ] 3000/3000 VUs  6m03.4s/9m00.0s

running (6m04.4s), 3000/3000 VUs, 179026 complete and 0 interrupted iterations
users   [  67% ] 3000/3000 VUs  6m04.4s/9m00.0s

running (6m05.4s), 3000/3000 VUs, 179649 complete and 0 interrupted iterations
users   [  68% ] 3000/3000 VUs  6m05.4s/9m00.0s

running (6m06.4s), 3000/3000 VUs, 180239 complete and 0 interrupted iterations
users   [  68% ] 3000/3000 VUs  6m06.4s/9m00.0s

running (6m07.4s), 3000/3000 VUs, 180824 complete and 0 interrupted iterations
users   [  68% ] 3000/3000 VUs  6m07.4s/9m00.0s

running (6m08.4s), 3000/3000 VUs, 181418 complete and 0 interrupted iterations
users   [  68% ] 3000/3000 VUs  6m08.4s/9m00.0s

running (6m09.4s), 3000/3000 VUs, 182032 complete and 0 interrupted iterations
users   [  68% ] 3000/3000 VUs  6m09.4s/9m00.0s

running (6m10.4s), 3000/3000 VUs, 182641 complete and 0 interrupted iterations
users   [  69% ] 3000/3000 VUs  6m10.4s/9m00.0s

running (6m11.4s), 3000/3000 VUs, 183245 complete and 0 interrupted iterations
users   [  69% ] 3000/3000 VUs  6m11.4s/9m00.0s

running (6m12.4s), 3000/3000 VUs, 183806 complete and 0 interrupted iterations
users   [  69% ] 3000/3000 VUs  6m12.4s/9m00.0s

running (6m13.4s), 3000/3000 VUs, 184375 complete and 0 interrupted iterations
users   [  69% ] 3000/3000 VUs  6m13.4s/9m00.0s

running (6m14.4s), 3000/3000 VUs, 184992 complete and 0 interrupted iterations
users   [  69% ] 3000/3000 VUs  6m14.4s/9m00.0s

running (6m15.4s), 3000/3000 VUs, 185584 complete and 0 interrupted iterations
users   [  70% ] 3000/3000 VUs  6m15.4s/9m00.0s

running (6m16.4s), 3000/3000 VUs, 186189 complete and 0 interrupted iterations
users   [  70% ] 3000/3000 VUs  6m16.4s/9m00.0s

running (6m17.4s), 3000/3000 VUs, 186770 complete and 0 interrupted iterations
users   [  70% ] 3000/3000 VUs  6m17.4s/9m00.0s

running (6m18.4s), 3000/3000 VUs, 187345 complete and 0 interrupted iterations
users   [  70% ] 3000/3000 VUs  6m18.4s/9m00.0s

running (6m19.4s), 3000/3000 VUs, 187961 complete and 0 interrupted iterations
users   [  70% ] 3000/3000 VUs  6m19.4s/9m00.0s

running (6m20.4s), 3000/3000 VUs, 188554 complete and 0 interrupted iterations
users   [  70% ] 3000/3000 VUs  6m20.4s/9m00.0s

running (6m21.4s), 3000/3000 VUs, 189164 complete and 0 interrupted iterations
users   [  71% ] 3000/3000 VUs  6m21.4s/9m00.0s

running (6m22.4s), 3000/3000 VUs, 189717 complete and 0 interrupted iterations
users   [  71% ] 3000/3000 VUs  6m22.4s/9m00.0s

running (6m23.4s), 3000/3000 VUs, 190304 complete and 0 interrupted iterations
users   [  71% ] 3000/3000 VUs  6m23.4s/9m00.0s

running (6m24.4s), 3000/3000 VUs, 190895 complete and 0 interrupted iterations
users   [  71% ] 3000/3000 VUs  6m24.4s/9m00.0s

running (6m25.4s), 3000/3000 VUs, 191520 complete and 0 interrupted iterations
users   [  71% ] 3000/3000 VUs  6m25.4s/9m00.0s

running (6m26.4s), 3000/3000 VUs, 192123 complete and 0 interrupted iterations
users   [  72% ] 3000/3000 VUs  6m26.4s/9m00.0s

running (6m27.4s), 3000/3000 VUs, 192678 complete and 0 interrupted iterations
users   [  72% ] 3000/3000 VUs  6m27.4s/9m00.0s

running (6m28.4s), 3000/3000 VUs, 193263 complete and 0 interrupted iterations
users   [  72% ] 3000/3000 VUs  6m28.4s/9m00.0s

running (6m29.4s), 3000/3000 VUs, 193863 complete and 0 interrupted iterations
users   [  72% ] 3000/3000 VUs  6m29.4s/9m00.0s

running (6m30.4s), 3000/3000 VUs, 194449 complete and 0 interrupted iterations
users   [  72% ] 3000/3000 VUs  6m30.4s/9m00.0s

running (6m31.4s), 3000/3000 VUs, 195020 complete and 0 interrupted iterations
users   [  72% ] 3000/3000 VUs  6m31.4s/9m00.0s

running (6m32.4s), 3000/3000 VUs, 195657 complete and 0 interrupted iterations
users   [  73% ] 3000/3000 VUs  6m32.4s/9m00.0s

running (6m33.4s), 3000/3000 VUs, 196302 complete and 0 interrupted iterations
users   [  73% ] 3000/3000 VUs  6m33.4s/9m00.0s

running (6m34.4s), 3000/3000 VUs, 196885 complete and 0 interrupted iterations
users   [  73% ] 3000/3000 VUs  6m34.4s/9m00.0s

running (6m35.4s), 3000/3000 VUs, 197450 complete and 0 interrupted iterations
users   [  73% ] 3000/3000 VUs  6m35.4s/9m00.0s

running (6m36.4s), 3000/3000 VUs, 198023 complete and 0 interrupted iterations
users   [  73% ] 3000/3000 VUs  6m36.4s/9m00.0s

running (6m37.4s), 3000/3000 VUs, 198643 complete and 0 interrupted iterations
users   [  74% ] 3000/3000 VUs  6m37.4s/9m00.0s

running (6m38.4s), 3000/3000 VUs, 199244 complete and 0 interrupted iterations
users   [  74% ] 3000/3000 VUs  6m38.4s/9m00.0s

running (6m39.4s), 3000/3000 VUs, 199859 complete and 0 interrupted iterations
users   [  74% ] 3000/3000 VUs  6m39.4s/9m00.0s

running (6m40.4s), 3000/3000 VUs, 200432 complete and 0 interrupted iterations
users   [  74% ] 3000/3000 VUs  6m40.4s/9m00.0s

running (6m41.4s), 3000/3000 VUs, 201022 complete and 0 interrupted iterations
users   [  74% ] 3000/3000 VUs  6m41.4s/9m00.0s

running (6m42.4s), 3000/3000 VUs, 201609 complete and 0 interrupted iterations
users   [  75% ] 3000/3000 VUs  6m42.4s/9m00.0s

running (6m43.4s), 3000/3000 VUs, 202212 complete and 0 interrupted iterations
users   [  75% ] 3000/3000 VUs  6m43.4s/9m00.0s

running (6m44.4s), 3000/3000 VUs, 202823 complete and 0 interrupted iterations
users   [  75% ] 3000/3000 VUs  6m44.4s/9m00.0s

running (6m45.4s), 3000/3000 VUs, 203392 complete and 0 interrupted iterations
users   [  75% ] 3000/3000 VUs  6m45.4s/9m00.0s

running (6m46.4s), 3000/3000 VUs, 203979 complete and 0 interrupted iterations
users   [  75% ] 3000/3000 VUs  6m46.4s/9m00.0s

running (6m47.4s), 3000/3000 VUs, 204576 complete and 0 interrupted iterations
users   [  75% ] 3000/3000 VUs  6m47.4s/9m00.0s

running (6m48.4s), 3000/3000 VUs, 205179 complete and 0 interrupted iterations
users   [  76% ] 3000/3000 VUs  6m48.4s/9m00.0s

running (6m49.4s), 3000/3000 VUs, 205769 complete and 0 interrupted iterations
users   [  76% ] 3000/3000 VUs  6m49.4s/9m00.0s

running (6m50.4s), 3000/3000 VUs, 206356 complete and 0 interrupted iterations
users   [  76% ] 3000/3000 VUs  6m50.4s/9m00.0s

running (6m51.4s), 3000/3000 VUs, 206941 complete and 0 interrupted iterations
users   [  76% ] 3000/3000 VUs  6m51.4s/9m00.0s

running (6m52.4s), 3000/3000 VUs, 207512 complete and 0 interrupted iterations
users   [  76% ] 3000/3000 VUs  6m52.4s/9m00.0s

running (6m53.4s), 3000/3000 VUs, 208098 complete and 0 interrupted iterations
users   [  77% ] 3000/3000 VUs  6m53.4s/9m00.0s

running (6m54.4s), 3000/3000 VUs, 208703 complete and 0 interrupted iterations
users   [  77% ] 3000/3000 VUs  6m54.4s/9m00.0s

running (6m55.4s), 3000/3000 VUs, 209314 complete and 0 interrupted iterations
users   [  77% ] 3000/3000 VUs  6m55.4s/9m00.0s

running (6m56.4s), 3000/3000 VUs, 209920 complete and 0 interrupted iterations
users   [  77% ] 3000/3000 VUs  6m56.4s/9m00.0s

running (6m57.4s), 3000/3000 VUs, 210467 complete and 0 interrupted iterations
users   [  77% ] 3000/3000 VUs  6m57.4s/9m00.0s

running (6m58.4s), 3000/3000 VUs, 211052 complete and 0 interrupted iterations
users   [  77% ] 3000/3000 VUs  6m58.4s/9m00.0s

running (6m59.4s), 3000/3000 VUs, 211650 complete and 0 interrupted iterations
users   [  78% ] 3000/3000 VUs  6m59.4s/9m00.0s

running (7m00.4s), 3000/3000 VUs, 212241 complete and 0 interrupted iterations
users   [  78% ] 3000/3000 VUs  7m00.4s/9m00.0s

running (7m01.4s), 2999/3000 VUs, 212820 complete and 0 interrupted iterations
users   [  78% ] 2999/3000 VUs  7m01.4s/9m00.0s

running (7m02.4s), 2989/3000 VUs, 213382 complete and 0 interrupted iterations
users   [  78% ] 2989/3000 VUs  7m02.4s/9m00.0s

running (7m03.4s), 2977/3000 VUs, 213974 complete and 0 interrupted iterations
users   [  78% ] 2977/3000 VUs  7m03.4s/9m00.0s

running (7m04.4s), 2956/3000 VUs, 214601 complete and 0 interrupted iterations
users   [  79% ] 2956/3000 VUs  7m04.4s/9m00.0s

running (7m05.4s), 2938/3000 VUs, 215169 complete and 0 interrupted iterations
users   [  79% ] 2938/3000 VUs  7m05.4s/9m00.0s

running (7m06.4s), 2915/3000 VUs, 215764 complete and 0 interrupted iterations
users   [  79% ] 2915/3000 VUs  7m06.4s/9m00.0s

running (7m07.4s), 2893/3000 VUs, 216343 complete and 0 interrupted iterations
users   [  79% ] 2893/3000 VUs  7m07.4s/9m00.0s

running (7m08.4s), 2860/3000 VUs, 216943 complete and 0 interrupted iterations
users   [  79% ] 2860/3000 VUs  7m08.4s/9m00.0s

running (7m09.4s), 2833/3000 VUs, 217508 complete and 0 interrupted iterations
users   [  80% ] 2833/3000 VUs  7m09.4s/9m00.0s

running (7m10.4s), 2808/3000 VUs, 218096 complete and 0 interrupted iterations
users   [  80% ] 2808/3000 VUs  7m10.4s/9m00.0s

running (7m11.4s), 2787/3000 VUs, 218648 complete and 0 interrupted iterations
users   [  80% ] 2787/3000 VUs  7m11.4s/9m00.0s

running (7m12.4s), 2752/3000 VUs, 219235 complete and 0 interrupted iterations
users   [  80% ] 2752/3000 VUs  7m12.4s/9m00.0s

running (7m13.4s), 2729/3000 VUs, 219783 complete and 0 interrupted iterations
users   [  80% ] 2729/3000 VUs  7m13.4s/9m00.0s

running (7m14.4s), 2715/3000 VUs, 220297 complete and 0 interrupted iterations
users   [  80% ] 2715/3000 VUs  7m14.4s/9m00.0s

running (7m15.4s), 2688/3000 VUs, 220811 complete and 0 interrupted iterations
users   [  81% ] 2688/3000 VUs  7m15.4s/9m00.0s

running (7m16.4s), 2660/3000 VUs, 221355 complete and 0 interrupted iterations
users   [  81% ] 2660/3000 VUs  7m16.4s/9m00.0s

running (7m17.4s), 2632/3000 VUs, 221909 complete and 0 interrupted iterations
users   [  81% ] 2632/3000 VUs  7m17.4s/9m00.0s

running (7m18.4s), 2609/3000 VUs, 222461 complete and 0 interrupted iterations
users   [  81% ] 2609/3000 VUs  7m18.4s/9m00.0s

running (7m19.4s), 2577/3000 VUs, 222992 complete and 0 interrupted iterations
users   [  81% ] 2577/3000 VUs  7m19.4s/9m00.0s

running (7m20.4s), 2552/3000 VUs, 223486 complete and 0 interrupted iterations
users   [  82% ] 2552/3000 VUs  7m20.4s/9m00.0s

running (7m21.4s), 2528/3000 VUs, 224024 complete and 0 interrupted iterations
users   [  82% ] 2528/3000 VUs  7m21.4s/9m00.0s

running (7m22.4s), 2511/3000 VUs, 224497 complete and 0 interrupted iterations
users   [  82% ] 2511/3000 VUs  7m22.4s/9m00.0s

running (7m23.4s), 2487/3000 VUs, 225001 complete and 0 interrupted iterations
users   [  82% ] 2487/3000 VUs  7m23.4s/9m00.0s

running (7m24.4s), 2456/3000 VUs, 225516 complete and 0 interrupted iterations
users   [  82% ] 2456/3000 VUs  7m24.4s/9m00.0s

running (7m25.4s), 2426/3000 VUs, 226006 complete and 0 interrupted iterations
users   [  82% ] 2426/3000 VUs  7m25.4s/9m00.0s

running (7m26.4s), 2406/3000 VUs, 226503 complete and 0 interrupted iterations
users   [  83% ] 2406/3000 VUs  7m26.4s/9m00.0s

running (7m27.4s), 2387/3000 VUs, 226970 complete and 0 interrupted iterations
users   [  83% ] 2387/3000 VUs  7m27.4s/9m00.0s

running (7m28.4s), 2362/3000 VUs, 227418 complete and 0 interrupted iterations
users   [  83% ] 2362/3000 VUs  7m28.4s/9m00.0s

running (7m29.4s), 2333/3000 VUs, 227885 complete and 0 interrupted iterations
users   [  83% ] 2333/3000 VUs  7m29.4s/9m00.0s

running (7m30.4s), 2300/3000 VUs, 228356 complete and 0 interrupted iterations
users   [  83% ] 2300/3000 VUs  7m30.4s/9m00.0s

running (7m31.4s), 2275/3000 VUs, 228826 complete and 0 interrupted iterations
users   [  84% ] 2275/3000 VUs  7m31.4s/9m00.0s

running (7m32.4s), 2254/3000 VUs, 229296 complete and 0 interrupted iterations
users   [  84% ] 2254/3000 VUs  7m32.4s/9m00.0s

running (7m33.4s), 2234/3000 VUs, 229757 complete and 0 interrupted iterations
users   [  84% ] 2234/3000 VUs  7m33.4s/9m00.0s

running (7m34.4s), 2213/3000 VUs, 230213 complete and 0 interrupted iterations
users   [  84% ] 2213/3000 VUs  7m34.4s/9m00.0s

running (7m35.4s), 2188/3000 VUs, 230649 complete and 0 interrupted iterations
users   [  84% ] 2188/3000 VUs  7m35.4s/9m00.0s

running (7m36.4s), 2157/3000 VUs, 231057 complete and 0 interrupted iterations
users   [  85% ] 2157/3000 VUs  7m36.4s/9m00.0s

running (7m37.4s), 2132/3000 VUs, 231504 complete and 0 interrupted iterations
users   [  85% ] 2132/3000 VUs  7m37.4s/9m00.0s

running (7m38.4s), 2108/3000 VUs, 231943 complete and 0 interrupted iterations
users   [  85% ] 2108/3000 VUs  7m38.4s/9m00.0s

running (7m39.4s), 2082/3000 VUs, 232368 complete and 0 interrupted iterations
users   [  85% ] 2082/3000 VUs  7m39.4s/9m00.0s

running (7m40.4s), 2055/3000 VUs, 232803 complete and 0 interrupted iterations
users   [  85% ] 2055/3000 VUs  7m40.4s/9m00.0s

running (7m41.4s), 2028/3000 VUs, 233214 complete and 0 interrupted iterations
users   [  85% ] 2028/3000 VUs  7m41.4s/9m00.0s

running (7m42.4s), 2007/3000 VUs, 233613 complete and 0 interrupted iterations
users   [  86% ] 2007/3000 VUs  7m42.4s/9m00.0s

running (7m43.4s), 1983/3000 VUs, 234012 complete and 0 interrupted iterations
users   [  86% ] 1983/3000 VUs  7m43.4s/9m00.0s

running (7m44.4s), 1959/3000 VUs, 234398 complete and 0 interrupted iterations
users   [  86% ] 1959/3000 VUs  7m44.4s/9m00.0s

running (7m45.4s), 1927/3000 VUs, 234802 complete and 0 interrupted iterations
users   [  86% ] 1927/3000 VUs  7m45.4s/9m00.0s

running (7m46.4s), 1902/3000 VUs, 235196 complete and 0 interrupted iterations
users   [  86% ] 1902/3000 VUs  7m46.4s/9m00.0s

running (7m47.4s), 1882/3000 VUs, 235584 complete and 0 interrupted iterations
users   [  87% ] 1882/3000 VUs  7m47.4s/9m00.0s

running (7m48.4s), 1862/3000 VUs, 235967 complete and 0 interrupted iterations
users   [  87% ] 1862/3000 VUs  7m48.4s/9m00.0s

running (7m49.4s), 1839/3000 VUs, 236346 complete and 0 interrupted iterations
users   [  87% ] 1839/3000 VUs  7m49.4s/9m00.0s

running (7m50.4s), 1807/3000 VUs, 236720 complete and 0 interrupted iterations
users   [  87% ] 1807/3000 VUs  7m50.4s/9m00.0s

running (7m51.4s), 1777/3000 VUs, 237076 complete and 0 interrupted iterations
users   [  87% ] 1777/3000 VUs  7m51.4s/9m00.0s

running (7m52.4s), 1758/3000 VUs, 237450 complete and 0 interrupted iterations
users   [  87% ] 1758/3000 VUs  7m52.4s/9m00.0s

running (7m53.4s), 1730/3000 VUs, 237798 complete and 0 interrupted iterations
users   [  88% ] 1730/3000 VUs  7m53.4s/9m00.0s

running (7m54.4s), 1709/3000 VUs, 238147 complete and 0 interrupted iterations
users   [  88% ] 1709/3000 VUs  7m54.4s/9m00.0s

running (7m55.4s), 1689/3000 VUs, 238477 complete and 0 interrupted iterations
users   [  88% ] 1689/3000 VUs  7m55.4s/9m00.0s

running (7m56.4s), 1657/3000 VUs, 238841 complete and 0 interrupted iterations
users   [  88% ] 1657/3000 VUs  7m56.4s/9m00.0s

running (7m57.4s), 1625/3000 VUs, 239153 complete and 0 interrupted iterations
users   [  88% ] 1625/3000 VUs  7m57.4s/9m00.0s

running (7m58.4s), 1601/3000 VUs, 239482 complete and 0 interrupted iterations
users   [  89% ] 1601/3000 VUs  7m58.4s/9m00.0s

running (7m59.4s), 1575/3000 VUs, 239826 complete and 0 interrupted iterations
users   [  89% ] 1575/3000 VUs  7m59.4s/9m00.0s

running (8m00.4s), 1557/3000 VUs, 240160 complete and 0 interrupted iterations
users   [  89% ] 1557/3000 VUs  8m00.4s/9m00.0s

running (8m01.4s), 1533/3000 VUs, 240447 complete and 0 interrupted iterations
users   [  89% ] 1533/3000 VUs  8m01.4s/9m00.0s

running (8m02.4s), 1507/3000 VUs, 240761 complete and 0 interrupted iterations
users   [  89% ] 1507/3000 VUs  8m02.4s/9m00.0s

running (8m03.4s), 1481/3000 VUs, 241064 complete and 0 interrupted iterations
users   [  90% ] 1481/3000 VUs  8m03.4s/9m00.0s

running (8m04.4s), 1456/3000 VUs, 241369 complete and 0 interrupted iterations
users   [  90% ] 1456/3000 VUs  8m04.4s/9m00.0s

running (8m05.4s), 1432/3000 VUs, 241666 complete and 0 interrupted iterations
users   [  90% ] 1432/3000 VUs  8m05.4s/9m00.0s

running (8m06.4s), 1409/3000 VUs, 241954 complete and 0 interrupted iterations
users   [  90% ] 1409/3000 VUs  8m06.4s/9m00.0s

running (8m07.4s), 1385/3000 VUs, 242241 complete and 0 interrupted iterations
users   [  90% ] 1385/3000 VUs  8m07.4s/9m00.0s

running (8m08.4s), 1361/3000 VUs, 242511 complete and 0 interrupted iterations
users   [  90% ] 1361/3000 VUs  8m08.4s/9m00.0s

running (8m09.4s), 1331/3000 VUs, 242817 complete and 0 interrupted iterations
users   [  91% ] 1331/3000 VUs  8m09.4s/9m00.0s

running (8m10.4s), 1311/3000 VUs, 243097 complete and 0 interrupted iterations
users   [  91% ] 1311/3000 VUs  8m10.4s/9m00.0s

running (8m11.4s), 1285/3000 VUs, 243345 complete and 0 interrupted iterations
users   [  91% ] 1285/3000 VUs  8m11.4s/9m00.0s

running (8m12.4s), 1260/3000 VUs, 243605 complete and 0 interrupted iterations
users   [  91% ] 1260/3000 VUs  8m12.4s/9m00.0s

running (8m13.4s), 1229/3000 VUs, 243868 complete and 0 interrupted iterations
users   [  91% ] 1229/3000 VUs  8m13.4s/9m00.0s

running (8m14.4s), 1204/3000 VUs, 244125 complete and 0 interrupted iterations
users   [  92% ] 1204/3000 VUs  8m14.4s/9m00.0s

running (8m15.4s), 1184/3000 VUs, 244352 complete and 0 interrupted iterations
users   [  92% ] 1184/3000 VUs  8m15.4s/9m00.0s

running (8m16.4s), 1157/3000 VUs, 244610 complete and 0 interrupted iterations
users   [  92% ] 1157/3000 VUs  8m16.4s/9m00.0s

running (8m17.4s), 1133/3000 VUs, 244852 complete and 0 interrupted iterations
users   [  92% ] 1133/3000 VUs  8m17.4s/9m00.0s

running (8m18.4s), 1114/3000 VUs, 245090 complete and 0 interrupted iterations
users   [  92% ] 1114/3000 VUs  8m18.4s/9m00.0s

running (8m19.4s), 1095/3000 VUs, 245306 complete and 0 interrupted iterations
users   [  92% ] 1095/3000 VUs  8m19.4s/9m00.0s

running (8m20.4s), 1070/3000 VUs, 245535 complete and 0 interrupted iterations
users   [  93% ] 1070/3000 VUs  8m20.4s/9m00.0s

running (8m21.4s), 1048/3000 VUs, 245748 complete and 0 interrupted iterations
users   [  93% ] 1048/3000 VUs  8m21.4s/9m00.0s

running (8m22.4s), 1015/3000 VUs, 245960 complete and 0 interrupted iterations
users   [  93% ] 1015/3000 VUs  8m22.4s/9m00.0s

running (8m23.4s), 0990/3000 VUs, 246146 complete and 0 interrupted iterations
users   [  93% ] 0990/3000 VUs  8m23.4s/9m00.0s

running (8m24.4s), 0958/3000 VUs, 246389 complete and 0 interrupted iterations
users   [  93% ] 0958/3000 VUs  8m24.4s/9m00.0s

running (8m25.4s), 0928/3000 VUs, 246591 complete and 0 interrupted iterations
users   [  94% ] 0928/3000 VUs  8m25.4s/9m00.0s

running (8m26.4s), 0904/3000 VUs, 246776 complete and 0 interrupted iterations
users   [  94% ] 0904/3000 VUs  8m26.4s/9m00.0s

running (8m27.4s), 0883/3000 VUs, 246963 complete and 0 interrupted iterations
users   [  94% ] 0883/3000 VUs  8m27.4s/9m00.0s

running (8m28.4s), 0855/3000 VUs, 247149 complete and 0 interrupted iterations
users   [  94% ] 0855/3000 VUs  8m28.4s/9m00.0s

running (8m29.4s), 0833/3000 VUs, 247325 complete and 0 interrupted iterations
users   [  94% ] 0833/3000 VUs  8m29.4s/9m00.0s

running (8m30.4s), 0805/3000 VUs, 247494 complete and 0 interrupted iterations
users   [  95% ] 0805/3000 VUs  8m30.4s/9m00.0s

running (8m31.4s), 0781/3000 VUs, 247652 complete and 0 interrupted iterations
users   [  95% ] 0781/3000 VUs  8m31.4s/9m00.0s

running (8m32.4s), 0747/3000 VUs, 247819 complete and 0 interrupted iterations
users   [  95% ] 0747/3000 VUs  8m32.4s/9m00.0s

running (8m33.4s), 0730/3000 VUs, 247973 complete and 0 interrupted iterations
users   [  95% ] 0730/3000 VUs  8m33.4s/9m00.0s

running (8m34.4s), 0712/3000 VUs, 248108 complete and 0 interrupted iterations
users   [  95% ] 0712/3000 VUs  8m34.4s/9m00.0s

running (8m35.4s), 0690/3000 VUs, 248257 complete and 0 interrupted iterations
users   [  95% ] 0690/3000 VUs  8m35.4s/9m00.0s

running (8m36.4s), 0656/3000 VUs, 248435 complete and 0 interrupted iterations
users   [  96% ] 0656/3000 VUs  8m36.4s/9m00.0s

running (8m37.4s), 0632/3000 VUs, 248576 complete and 0 interrupted iterations
users   [  96% ] 0632/3000 VUs  8m37.4s/9m00.0s

running (8m38.4s), 0605/3000 VUs, 248690 complete and 0 interrupted iterations
users   [  96% ] 0605/3000 VUs  8m38.4s/9m00.0s

running (8m39.4s), 0581/3000 VUs, 248836 complete and 0 interrupted iterations
users   [  96% ] 0581/3000 VUs  8m39.4s/9m00.0s

running (8m40.4s), 0556/3000 VUs, 248959 complete and 0 interrupted iterations
users   [  96% ] 0556/3000 VUs  8m40.4s/9m00.0s

running (8m41.4s), 0536/3000 VUs, 249066 complete and 0 interrupted iterations
users   [  97% ] 0536/3000 VUs  8m41.4s/9m00.0s

running (8m42.4s), 0511/3000 VUs, 249194 complete and 0 interrupted iterations
users   [  97% ] 0511/3000 VUs  8m42.4s/9m00.0s

running (8m43.4s), 0484/3000 VUs, 249298 complete and 0 interrupted iterations
users   [  97% ] 0484/3000 VUs  8m43.4s/9m00.0s

running (8m44.4s), 0456/3000 VUs, 249396 complete and 0 interrupted iterations
users   [  97% ] 0456/3000 VUs  8m44.4s/9m00.0s

running (8m45.4s), 0423/3000 VUs, 249498 complete and 0 interrupted iterations
users   [  97% ] 0423/3000 VUs  8m45.4s/9m00.0s

running (8m46.4s), 0395/3000 VUs, 249600 complete and 0 interrupted iterations
users   [  97% ] 0395/3000 VUs  8m46.4s/9m00.0s

running (8m47.4s), 0374/3000 VUs, 249695 complete and 0 interrupted iterations
users   [  98% ] 0374/3000 VUs  8m47.4s/9m00.0s

running (8m48.4s), 0354/3000 VUs, 249773 complete and 0 interrupted iterations
users   [  98% ] 0354/3000 VUs  8m48.4s/9m00.0s

running (8m49.4s), 0330/3000 VUs, 249849 complete and 0 interrupted iterations
users   [  98% ] 0330/3000 VUs  8m49.4s/9m00.0s

running (8m50.4s), 0307/3000 VUs, 249921 complete and 0 interrupted iterations
users   [  98% ] 0307/3000 VUs  8m50.4s/9m00.0s

running (8m51.4s), 0279/3000 VUs, 249991 complete and 0 interrupted iterations
users   [  98% ] 0279/3000 VUs  8m51.4s/9m00.0s

running (8m52.4s), 0251/3000 VUs, 250056 complete and 0 interrupted iterations
users   [  99% ] 0251/3000 VUs  8m52.4s/9m00.0s

running (8m53.4s), 0220/3000 VUs, 250118 complete and 0 interrupted iterations
users   [  99% ] 0220/3000 VUs  8m53.4s/9m00.0s

running (8m54.4s), 0198/3000 VUs, 250165 complete and 0 interrupted iterations
users   [  99% ] 0198/3000 VUs  8m54.4s/9m00.0s

running (8m55.4s), 0175/3000 VUs, 250216 complete and 0 interrupted iterations
users   [  99% ] 0175/3000 VUs  8m55.4s/9m00.0s

running (8m56.4s), 0146/3000 VUs, 250266 complete and 0 interrupted iterations
users   [  99% ] 0146/3000 VUs  8m56.4s/9m00.0s

running (8m57.4s), 0128/3000 VUs, 250300 complete and 0 interrupted iterations
users   [ 100% ] 0128/3000 VUs  8m57.4s/9m00.0s

running (8m58.4s), 0107/3000 VUs, 250333 complete and 0 interrupted iterations
users   [ 100% ] 0107/3000 VUs  8m58.4s/9m00.0s

running (8m59.4s), 0082/3000 VUs, 250360 complete and 0 interrupted iterations
users   [ 100% ] 0082/3000 VUs  8m59.4s/9m00.0s

running (9m00.4s), 0057/3000 VUs, 250385 complete and 0 interrupted iterations
users ↓ [ 100% ] 0069/3000 VUs  9m0s

running (9m01.4s), 0039/3000 VUs, 250403 complete and 0 interrupted iterations
users ↓ [ 100% ] 0069/3000 VUs  9m0s

running (9m02.4s), 0023/3000 VUs, 250419 complete and 0 interrupted iterations
users ↓ [ 100% ] 0069/3000 VUs  9m0s

running (9m03.4s), 0008/3000 VUs, 250434 complete and 0 interrupted iterations
users ↓ [ 100% ] 0069/3000 VUs  9m0s

running (9m04.4s), 0003/3000 VUs, 250439 complete and 0 interrupted iterations
users ↓ [ 100% ] 0069/3000 VUs  9m0s


  █ THRESHOLDS 

    checks{phase:bench}
    ✓ 'rate>0.99' rate=100.00%

    http_req_duration{name:confirm,phase:bench}
    ✓ 'p(95)<200' p(95)=12.42ms
    ✓ 'p(99)<600' p(99)=117.21ms

    http_req_duration{name:download_expired,phase:bench}
    ✓ 'p(95)<200' p(95)=0s
    ✓ 'p(99)<600' p(99)=0s

    http_req_duration{name:download,phase:bench}
    ✓ 'p(95)<200' p(95)=9.41ms
    ✓ 'p(99)<600' p(99)=114.32ms

    http_req_duration{name:upload,phase:bench}
    ✓ 'p(95)<200' p(95)=14.99ms
    ✓ 'p(99)<600' p(99)=86.65ms

    http_req_failed{phase:bench}
    ✓ 'rate<0.01' rate=0.00%

    server_errors{phase:bench}
    ✓ 'rate<0.01' rate=0.00%


  █ TOTAL RESULTS 

    checks_total.......: 256980  471.563775/s
    checks_succeeded...: 100.00% 256980 out of 256980
    checks_failed......: 0.00%   0 out of 256980

    ✓ download as expected
    ✓ upload link 201
    ✓ confirm 200

    CUSTOM
    server_errors.............................: 0.00%  0 out of 256980
      { phase:bench }.........................: 0.00%  0 out of 182506

    HTTP
    http_req_duration.........................: med=3.25ms p(95)=8.73ms  p(99)=89.12ms  avg=7.58ms max=2.54s   
      { expected_response:true }..............: med=3.25ms p(95)=8.73ms  p(99)=89.12ms  avg=7.58ms max=2.54s   
      { name:confirm,phase:bench }............: med=4.73ms p(95)=12.42ms p(99)=117.21ms avg=8.27ms max=397.14ms
      { name:download_expired,phase:bench }...: med=0s     p(95)=0s      p(99)=0s       avg=0s     max=0s      
      { name:download,phase:bench }...........: med=3.21ms p(95)=9.41ms  p(99)=114.32ms avg=6.4ms  max=491.04ms
      { name:upload,phase:bench }.............: med=5.81ms p(95)=14.99ms p(99)=86.65ms  avg=9.3ms  max=475.95ms
    http_req_failed...........................: 0.00%  0 out of 256980
      { phase:bench }.........................: 0.00%  0 out of 182505
    http_reqs.................................: 256980 471.563775/s

    EXECUTION
    iteration_duration........................: med=5.05s  p(95)=7.31s   p(99)=7.65s    avg=5.06s  max=10.84s  
    iterations................................: 250442 459.566406/s
    vus.......................................: 3      min=3           max=3000
    vus_max...................................: 3000   min=3000        max=3000

    NETWORK
    data_received.............................: 603 MB 1.1 MB/s
    data_sent.................................: 207 MB 380 kB/s




running (9m05.0s), 0000/3000 VUs, 250442 complete and 0 interrupted iterations
users ✓ [ 100% ] 0000/3000 VUs  9m0s
== 3000 users: pass
== resting 120s
== pass 2: 6000 users (passed up to 3000, failed from 0)
TRUNCATE TABLE
SELECT 10000
ALTER TABLE
UPDATE 10000
INSERT 0 10000
COPY 10000
VACUUM
  expiry   | count 
-----------+-------
 HOURS24   |  3392
 MINUTES15 |  3350
 MINUTES30 |  3258
(3 rows)

 rows  |  table  | indexes |  total  
-------+---------+---------+---------
 10000 | 1112 kB | 1448 kB | 2560 kB
(1 row)

wrote /tmp/seed.csv (10000 files). Copy it to the load generator and run load-file-list.sh.
file list loaded: 10000 files
time="2026-09-30T15:22:10Z" level=info msg="Automatic extension resolution is enabled. The current k6 binary doesn't satisfy all dependencies, it's required to provision a custom binary." deps="k6;k6/x/redis"
time="2026-09-30T15:22:11Z" level=info msg="Using cached k6 binary" artifact_id=d29e86c20dd9a49cb84ea3c41fac5b8b8e524e06 deps="map[k6:v2.3.0 k6/x/redis:v0.4.3]" path=/home/admin/.cache/k6/builds/d29e86c20dd9a49cb84ea3c41fac5b8b8e524e06/k6

         /\      Grafana   /‾‾/  
    /\  /  \     |\  __   /  /   
   /  \/    \    | |/ /  /   ‾‾\ 
  /          \   |   (  |  (‾)  |
 / __________ \  |_|\_\  \_____/ 


     execution: local
        script: /home/admin/Mint-Bench/k6/mint.js
        output: csv (/home/admin/Mint-Bench/bench-sql/results/2026-09-30-1511/vus-6000/k6.csv.gz)

     scenarios: (100.00%) 1 scenario, 6000 max VUs, 9m30s max duration (incl. graceful stop):
              * users: Up to 6000 looping VUs for 9m0s over 3 stages (gracefulRampDown: 30s, gracefulStop: 30s)


Init    [  82% ] 4890/6000 VUs initialized
users   [   0% ]

running (0m00.8s), 0041/6000 VUs, 0 complete and 0 interrupted iterations
users   [   0% ] 0041/6000 VUs  0m00.8s/9m00.0s

running (0m01.8s), 0091/6000 VUs, 0 complete and 0 interrupted iterations
users   [   0% ] 0091/6000 VUs  0m01.8s/9m00.0s

running (0m02.8s), 0141/6000 VUs, 1 complete and 0 interrupted iterations
users   [   1% ] 0141/6000 VUs  0m02.8s/9m00.0s

running (0m03.8s), 0191/6000 VUs, 11 complete and 0 interrupted iterations
users   [   1% ] 0191/6000 VUs  0m03.8s/9m00.0s

running (0m04.8s), 0241/6000 VUs, 31 complete and 0 interrupted iterations
users   [   1% ] 0241/6000 VUs  0m04.8s/9m00.0s

running (0m05.8s), 0291/6000 VUs, 61 complete and 0 interrupted iterations
users   [   1% ] 0291/6000 VUs  0m05.8s/9m00.0s

running (0m06.8s), 0341/6000 VUs, 94 complete and 0 interrupted iterations
users   [   1% ] 0341/6000 VUs  0m06.8s/9m00.0s

running (0m07.8s), 0391/6000 VUs, 145 complete and 0 interrupted iterations
users   [   1% ] 0391/6000 VUs  0m07.8s/9m00.0s

running (0m08.8s), 0441/6000 VUs, 202 complete and 0 interrupted iterations
users   [   2% ] 0441/6000 VUs  0m08.8s/9m00.0s

running (0m09.8s), 0491/6000 VUs, 271 complete and 0 interrupted iterations
users   [   2% ] 0491/6000 VUs  0m09.8s/9m00.0s

running (0m10.8s), 0541/6000 VUs, 343 complete and 0 interrupted iterations
users   [   2% ] 0541/6000 VUs  0m10.8s/9m00.0s

running (0m11.8s), 0591/6000 VUs, 432 complete and 0 interrupted iterations
users   [   2% ] 0591/6000 VUs  0m11.8s/9m00.0s

running (0m12.8s), 0641/6000 VUs, 530 complete and 0 interrupted iterations
users   [   2% ] 0641/6000 VUs  0m12.8s/9m00.0s

running (0m13.8s), 0691/6000 VUs, 642 complete and 0 interrupted iterations
users   [   3% ] 0691/6000 VUs  0m13.8s/9m00.0s

running (0m14.8s), 0741/6000 VUs, 758 complete and 0 interrupted iterations
users   [   3% ] 0741/6000 VUs  0m14.8s/9m00.0s

running (0m15.8s), 0791/6000 VUs, 895 complete and 0 interrupted iterations
users   [   3% ] 0791/6000 VUs  0m15.8s/9m00.0s

running (0m16.8s), 0841/6000 VUs, 1033 complete and 0 interrupted iterations
users   [   3% ] 0841/6000 VUs  0m16.8s/9m00.0s

running (0m17.8s), 0891/6000 VUs, 1185 complete and 0 interrupted iterations
users   [   3% ] 0891/6000 VUs  0m17.8s/9m00.0s

running (0m18.8s), 0941/6000 VUs, 1344 complete and 0 interrupted iterations
users   [   3% ] 0941/6000 VUs  0m18.8s/9m00.0s

running (0m19.8s), 0991/6000 VUs, 1518 complete and 0 interrupted iterations
users   [   4% ] 0991/6000 VUs  0m19.8s/9m00.0s

running (0m20.8s), 1041/6000 VUs, 1702 complete and 0 interrupted iterations
users   [   4% ] 1041/6000 VUs  0m20.8s/9m00.0s

running (0m21.8s), 1091/6000 VUs, 1877 complete and 0 interrupted iterations
users   [   4% ] 1091/6000 VUs  0m21.8s/9m00.0s

running (0m22.8s), 1141/6000 VUs, 2070 complete and 0 interrupted iterations
users   [   4% ] 1141/6000 VUs  0m22.8s/9m00.0s

running (0m23.8s), 1191/6000 VUs, 2274 complete and 0 interrupted iterations
users   [   4% ] 1191/6000 VUs  0m23.8s/9m00.0s

running (0m24.8s), 1241/6000 VUs, 2476 complete and 0 interrupted iterations
users   [   5% ] 1241/6000 VUs  0m24.8s/9m00.0s

running (0m25.8s), 1291/6000 VUs, 2710 complete and 0 interrupted iterations
users   [   5% ] 1291/6000 VUs  0m25.8s/9m00.0s

running (0m26.8s), 1341/6000 VUs, 2967 complete and 0 interrupted iterations
users   [   5% ] 1341/6000 VUs  0m26.8s/9m00.0s

running (0m27.8s), 1391/6000 VUs, 3202 complete and 0 interrupted iterations
users   [   5% ] 1391/6000 VUs  0m27.8s/9m00.0s

running (0m28.8s), 1441/6000 VUs, 3439 complete and 0 interrupted iterations
users   [   5% ] 1441/6000 VUs  0m28.8s/9m00.0s

running (0m29.8s), 1491/6000 VUs, 3726 complete and 0 interrupted iterations
users   [   6% ] 1491/6000 VUs  0m29.8s/9m00.0s

running (0m30.8s), 1541/6000 VUs, 4004 complete and 0 interrupted iterations
users   [   6% ] 1541/6000 VUs  0m30.8s/9m00.0s

running (0m31.8s), 1591/6000 VUs, 4290 complete and 0 interrupted iterations
users   [   6% ] 1591/6000 VUs  0m31.8s/9m00.0s

running (0m32.8s), 1641/6000 VUs, 4584 complete and 0 interrupted iterations
users   [   6% ] 1641/6000 VUs  0m32.8s/9m00.0s

running (0m33.8s), 1691/6000 VUs, 4873 complete and 0 interrupted iterations
users   [   6% ] 1691/6000 VUs  0m33.8s/9m00.0s

running (0m34.8s), 1741/6000 VUs, 5208 complete and 0 interrupted iterations
users   [   6% ] 1741/6000 VUs  0m34.8s/9m00.0s

running (0m35.8s), 1791/6000 VUs, 5552 complete and 0 interrupted iterations
users   [   7% ] 1791/6000 VUs  0m35.8s/9m00.0s

running (0m36.8s), 1841/6000 VUs, 5892 complete and 0 interrupted iterations
users   [   7% ] 1841/6000 VUs  0m36.8s/9m00.0s

running (0m37.8s), 1891/6000 VUs, 6246 complete and 0 interrupted iterations
users   [   7% ] 1891/6000 VUs  0m37.8s/9m00.0s

running (0m38.8s), 1941/6000 VUs, 6595 complete and 0 interrupted iterations
users   [   7% ] 1941/6000 VUs  0m38.8s/9m00.0s

running (0m39.8s), 1991/6000 VUs, 6950 complete and 0 interrupted iterations
users   [   7% ] 1991/6000 VUs  0m39.8s/9m00.0s

running (0m40.8s), 2041/6000 VUs, 7333 complete and 0 interrupted iterations
users   [   8% ] 2041/6000 VUs  0m40.8s/9m00.0s

running (0m41.8s), 2091/6000 VUs, 7710 complete and 0 interrupted iterations
users   [   8% ] 2091/6000 VUs  0m41.8s/9m00.0s

running (0m42.8s), 2141/6000 VUs, 8122 complete and 0 interrupted iterations
users   [   8% ] 2141/6000 VUs  0m42.8s/9m00.0s

running (0m43.8s), 2191/6000 VUs, 8551 complete and 0 interrupted iterations
users   [   8% ] 2191/6000 VUs  0m43.8s/9m00.0s

running (0m44.8s), 2241/6000 VUs, 8954 complete and 0 interrupted iterations
users   [   8% ] 2241/6000 VUs  0m44.8s/9m00.0s

running (0m45.8s), 2291/6000 VUs, 9353 complete and 0 interrupted iterations
users   [   8% ] 2291/6000 VUs  0m45.8s/9m00.0s

running (0m46.8s), 2341/6000 VUs, 9805 complete and 0 interrupted iterations
users   [   9% ] 2341/6000 VUs  0m46.8s/9m00.0s

running (0m47.8s), 2391/6000 VUs, 10221 complete and 0 interrupted iterations
users   [   9% ] 2391/6000 VUs  0m47.8s/9m00.0s

running (0m48.8s), 2441/6000 VUs, 10707 complete and 0 interrupted iterations
users   [   9% ] 2441/6000 VUs  0m48.8s/9m00.0s

running (0m49.8s), 2491/6000 VUs, 11198 complete and 0 interrupted iterations
users   [   9% ] 2491/6000 VUs  0m49.8s/9m00.0s

running (0m50.8s), 2541/6000 VUs, 11669 complete and 0 interrupted iterations
users   [   9% ] 2541/6000 VUs  0m50.8s/9m00.0s

running (0m51.8s), 2591/6000 VUs, 12148 complete and 0 interrupted iterations
users   [  10% ] 2591/6000 VUs  0m51.8s/9m00.0s

running (0m52.8s), 2641/6000 VUs, 12609 complete and 0 interrupted iterations
users   [  10% ] 2641/6000 VUs  0m52.8s/9m00.0s

running (0m53.8s), 2691/6000 VUs, 13113 complete and 0 interrupted iterations
users   [  10% ] 2691/6000 VUs  0m53.8s/9m00.0s

running (0m54.8s), 2741/6000 VUs, 13627 complete and 0 interrupted iterations
users   [  10% ] 2741/6000 VUs  0m54.8s/9m00.0s

running (0m55.8s), 2791/6000 VUs, 14126 complete and 0 interrupted iterations
users   [  10% ] 2791/6000 VUs  0m55.8s/9m00.0s

running (0m56.8s), 2841/6000 VUs, 14705 complete and 0 interrupted iterations
users   [  11% ] 2841/6000 VUs  0m56.8s/9m00.0s

running (0m57.8s), 2891/6000 VUs, 15245 complete and 0 interrupted iterations
users   [  11% ] 2891/6000 VUs  0m57.8s/9m00.0s

running (0m58.8s), 2941/6000 VUs, 15798 complete and 0 interrupted iterations
users   [  11% ] 2941/6000 VUs  0m58.8s/9m00.0s

running (0m59.8s), 2991/6000 VUs, 16356 complete and 0 interrupted iterations
users   [  11% ] 2991/6000 VUs  0m59.8s/9m00.0s

running (1m00.8s), 3041/6000 VUs, 16955 complete and 0 interrupted iterations
users   [  11% ] 3041/6000 VUs  1m00.8s/9m00.0s

running (1m01.8s), 3091/6000 VUs, 17535 complete and 0 interrupted iterations
users   [  11% ] 3091/6000 VUs  1m01.8s/9m00.0s

running (1m02.8s), 3141/6000 VUs, 18111 complete and 0 interrupted iterations
users   [  12% ] 3141/6000 VUs  1m02.8s/9m00.0s

running (1m03.8s), 3191/6000 VUs, 18759 complete and 0 interrupted iterations
users   [  12% ] 3191/6000 VUs  1m03.8s/9m00.0s

running (1m04.8s), 3241/6000 VUs, 19335 complete and 0 interrupted iterations
users   [  12% ] 3241/6000 VUs  1m04.8s/9m00.0s

running (1m05.8s), 3291/6000 VUs, 19955 complete and 0 interrupted iterations
users   [  12% ] 3291/6000 VUs  1m05.8s/9m00.0s

running (1m06.8s), 3341/6000 VUs, 20569 complete and 0 interrupted iterations
users   [  12% ] 3341/6000 VUs  1m06.8s/9m00.0s

running (1m07.8s), 3391/6000 VUs, 21253 complete and 0 interrupted iterations
users   [  13% ] 3391/6000 VUs  1m07.8s/9m00.0s

running (1m08.8s), 3441/6000 VUs, 21883 complete and 0 interrupted iterations
users   [  13% ] 3441/6000 VUs  1m08.8s/9m00.0s

running (1m09.8s), 3491/6000 VUs, 22533 complete and 0 interrupted iterations
users   [  13% ] 3491/6000 VUs  1m09.8s/9m00.0s

running (1m10.8s), 3541/6000 VUs, 23216 complete and 0 interrupted iterations
users   [  13% ] 3541/6000 VUs  1m10.8s/9m00.0s

running (1m11.8s), 3591/6000 VUs, 23902 complete and 0 interrupted iterations
users   [  13% ] 3591/6000 VUs  1m11.8s/9m00.0s

running (1m12.8s), 3641/6000 VUs, 24580 complete and 0 interrupted iterations
users   [  13% ] 3641/6000 VUs  1m12.8s/9m00.0s

running (1m13.8s), 3691/6000 VUs, 25266 complete and 0 interrupted iterations
users   [  14% ] 3691/6000 VUs  1m13.8s/9m00.0s

running (1m14.8s), 3741/6000 VUs, 25969 complete and 0 interrupted iterations
users   [  14% ] 3741/6000 VUs  1m14.8s/9m00.0s

running (1m15.8s), 3791/6000 VUs, 26684 complete and 0 interrupted iterations
users   [  14% ] 3791/6000 VUs  1m15.8s/9m00.0s

running (1m16.8s), 3841/6000 VUs, 27431 complete and 0 interrupted iterations
users   [  14% ] 3841/6000 VUs  1m16.8s/9m00.0s

running (1m17.8s), 3891/6000 VUs, 28164 complete and 0 interrupted iterations
users   [  14% ] 3891/6000 VUs  1m17.8s/9m00.0s

running (1m18.8s), 3941/6000 VUs, 28941 complete and 0 interrupted iterations
users   [  15% ] 3941/6000 VUs  1m18.8s/9m00.0s

running (1m19.8s), 3991/6000 VUs, 29719 complete and 0 interrupted iterations
users   [  15% ] 3991/6000 VUs  1m19.8s/9m00.0s

running (1m20.8s), 4041/6000 VUs, 30457 complete and 0 interrupted iterations
users   [  15% ] 4041/6000 VUs  1m20.8s/9m00.0s

running (1m21.8s), 4091/6000 VUs, 31279 complete and 0 interrupted iterations
users   [  15% ] 4091/6000 VUs  1m21.8s/9m00.0s

running (1m22.8s), 4141/6000 VUs, 32071 complete and 0 interrupted iterations
users   [  15% ] 4141/6000 VUs  1m22.8s/9m00.0s

running (1m23.8s), 4191/6000 VUs, 32896 complete and 0 interrupted iterations
users   [  16% ] 4191/6000 VUs  1m23.8s/9m00.0s

running (1m24.8s), 4241/6000 VUs, 33653 complete and 0 interrupted iterations
users   [  16% ] 4241/6000 VUs  1m24.8s/9m00.0s

running (1m25.8s), 4291/6000 VUs, 34449 complete and 0 interrupted iterations
users   [  16% ] 4291/6000 VUs  1m25.8s/9m00.0s

running (1m26.8s), 4341/6000 VUs, 35284 complete and 0 interrupted iterations
users   [  16% ] 4341/6000 VUs  1m26.8s/9m00.0s

running (1m27.8s), 4391/6000 VUs, 36141 complete and 0 interrupted iterations
users   [  16% ] 4391/6000 VUs  1m27.8s/9m00.0s

running (1m28.8s), 4441/6000 VUs, 37043 complete and 0 interrupted iterations
users   [  16% ] 4441/6000 VUs  1m28.8s/9m00.0s

running (1m29.8s), 4491/6000 VUs, 37877 complete and 0 interrupted iterations
users   [  17% ] 4491/6000 VUs  1m29.8s/9m00.0s

running (1m30.8s), 4541/6000 VUs, 38760 complete and 0 interrupted iterations
users   [  17% ] 4541/6000 VUs  1m30.8s/9m00.0s

running (1m31.8s), 4591/6000 VUs, 39640 complete and 0 interrupted iterations
users   [  17% ] 4591/6000 VUs  1m31.8s/9m00.0s

running (1m32.8s), 4641/6000 VUs, 40500 complete and 0 interrupted iterations
users   [  17% ] 4641/6000 VUs  1m32.8s/9m00.0s

running (1m33.8s), 4691/6000 VUs, 41409 complete and 0 interrupted iterations
users   [  17% ] 4691/6000 VUs  1m33.8s/9m00.0s

running (1m34.8s), 4741/6000 VUs, 42332 complete and 0 interrupted iterations
users   [  18% ] 4741/6000 VUs  1m34.8s/9m00.0s

running (1m35.8s), 4791/6000 VUs, 43235 complete and 0 interrupted iterations
users   [  18% ] 4791/6000 VUs  1m35.8s/9m00.0s

running (1m36.8s), 4841/6000 VUs, 44186 complete and 0 interrupted iterations
users   [  18% ] 4841/6000 VUs  1m36.8s/9m00.0s

running (1m37.8s), 4891/6000 VUs, 45106 complete and 0 interrupted iterations
users   [  18% ] 4891/6000 VUs  1m37.8s/9m00.0s

running (1m38.8s), 4941/6000 VUs, 46029 complete and 0 interrupted iterations
users   [  18% ] 4941/6000 VUs  1m38.8s/9m00.0s

running (1m39.8s), 4991/6000 VUs, 46986 complete and 0 interrupted iterations
users   [  18% ] 4991/6000 VUs  1m39.8s/9m00.0s

running (1m40.8s), 5041/6000 VUs, 47971 complete and 0 interrupted iterations
users   [  19% ] 5041/6000 VUs  1m40.8s/9m00.0s

running (1m41.8s), 5091/6000 VUs, 48991 complete and 0 interrupted iterations
users   [  19% ] 5091/6000 VUs  1m41.8s/9m00.0s

running (1m42.8s), 5141/6000 VUs, 49923 complete and 0 interrupted iterations
users   [  19% ] 5141/6000 VUs  1m42.8s/9m00.0s

running (1m43.8s), 5191/6000 VUs, 50929 complete and 0 interrupted iterations
users   [  19% ] 5191/6000 VUs  1m43.8s/9m00.0s

running (1m44.8s), 5241/6000 VUs, 51916 complete and 0 interrupted iterations
users   [  19% ] 5241/6000 VUs  1m44.8s/9m00.0s

running (1m45.8s), 5291/6000 VUs, 52909 complete and 0 interrupted iterations
users   [  20% ] 5291/6000 VUs  1m45.8s/9m00.0s

running (1m46.8s), 5341/6000 VUs, 53977 complete and 0 interrupted iterations
users   [  20% ] 5341/6000 VUs  1m46.8s/9m00.0s

running (1m47.8s), 5391/6000 VUs, 55058 complete and 0 interrupted iterations
users   [  20% ] 5391/6000 VUs  1m47.8s/9m00.0s

running (1m48.8s), 5441/6000 VUs, 56072 complete and 0 interrupted iterations
users   [  20% ] 5441/6000 VUs  1m48.8s/9m00.0s

running (1m49.8s), 5491/6000 VUs, 57148 complete and 0 interrupted iterations
users   [  20% ] 5491/6000 VUs  1m49.8s/9m00.0s

running (1m50.8s), 5541/6000 VUs, 58167 complete and 0 interrupted iterations
users   [  21% ] 5541/6000 VUs  1m50.8s/9m00.0s

running (1m51.8s), 5591/6000 VUs, 59155 complete and 0 interrupted iterations
users   [  21% ] 5591/6000 VUs  1m51.8s/9m00.0s

running (1m52.8s), 5641/6000 VUs, 60075 complete and 0 interrupted iterations
users   [  21% ] 5641/6000 VUs  1m52.8s/9m00.0s

running (1m53.8s), 5691/6000 VUs, 61010 complete and 0 interrupted iterations
users   [  21% ] 5691/6000 VUs  1m53.8s/9m00.0s

running (1m54.8s), 5741/6000 VUs, 61983 complete and 0 interrupted iterations
users   [  21% ] 5741/6000 VUs  1m54.8s/9m00.0s

running (1m55.8s), 5791/6000 VUs, 63045 complete and 0 interrupted iterations
users   [  21% ] 5791/6000 VUs  1m55.8s/9m00.0s

running (1m56.8s), 5841/6000 VUs, 64216 complete and 0 interrupted iterations
users   [  22% ] 5841/6000 VUs  1m56.8s/9m00.0s

running (1m57.8s), 5891/6000 VUs, 65387 complete and 0 interrupted iterations
users   [  22% ] 5891/6000 VUs  1m57.8s/9m00.0s

running (1m58.8s), 5941/6000 VUs, 66595 complete and 0 interrupted iterations
users   [  22% ] 5941/6000 VUs  1m58.8s/9m00.0s

running (1m59.8s), 5991/6000 VUs, 67678 complete and 0 interrupted iterations
users   [  22% ] 5991/6000 VUs  1m59.8s/9m00.0s

running (2m00.8s), 6000/6000 VUs, 68820 complete and 0 interrupted iterations
users   [  22% ] 6000/6000 VUs  2m00.8s/9m00.0s

running (2m01.8s), 6000/6000 VUs, 69958 complete and 0 interrupted iterations
users   [  23% ] 6000/6000 VUs  2m01.8s/9m00.0s

running (2m02.8s), 6000/6000 VUs, 71083 complete and 0 interrupted iterations
users   [  23% ] 6000/6000 VUs  2m02.8s/9m00.0s

running (2m03.8s), 6000/6000 VUs, 72300 complete and 0 interrupted iterations
users   [  23% ] 6000/6000 VUs  2m03.8s/9m00.0s

running (2m04.8s), 6000/6000 VUs, 73513 complete and 0 interrupted iterations
users   [  23% ] 6000/6000 VUs  2m04.8s/9m00.0s

running (2m05.8s), 6000/6000 VUs, 74730 complete and 0 interrupted iterations
users   [  23% ] 6000/6000 VUs  2m05.8s/9m00.0s

running (2m06.8s), 6000/6000 VUs, 75910 complete and 0 interrupted iterations
users   [  23% ] 6000/6000 VUs  2m06.8s/9m00.0s

running (2m07.8s), 6000/6000 VUs, 77094 complete and 0 interrupted iterations
users   [  24% ] 6000/6000 VUs  2m07.8s/9m00.0s

running (2m08.8s), 6000/6000 VUs, 78276 complete and 0 interrupted iterations
users   [  24% ] 6000/6000 VUs  2m08.8s/9m00.0s

running (2m09.8s), 6000/6000 VUs, 79478 complete and 0 interrupted iterations
users   [  24% ] 6000/6000 VUs  2m09.8s/9m00.0s

running (2m10.8s), 6000/6000 VUs, 80657 complete and 0 interrupted iterations
users   [  24% ] 6000/6000 VUs  2m10.8s/9m00.0s

running (2m11.8s), 6000/6000 VUs, 81802 complete and 0 interrupted iterations
users   [  24% ] 6000/6000 VUs  2m11.8s/9m00.0s

running (2m12.8s), 6000/6000 VUs, 82970 complete and 0 interrupted iterations
users   [  25% ] 6000/6000 VUs  2m12.8s/9m00.0s

running (2m13.8s), 6000/6000 VUs, 84148 complete and 0 interrupted iterations
users   [  25% ] 6000/6000 VUs  2m13.8s/9m00.0s

running (2m14.8s), 6000/6000 VUs, 85338 complete and 0 interrupted iterations
users   [  25% ] 6000/6000 VUs  2m14.8s/9m00.0s

running (2m15.8s), 6000/6000 VUs, 86507 complete and 0 interrupted iterations
users   [  25% ] 6000/6000 VUs  2m15.8s/9m00.0s

running (2m16.8s), 6000/6000 VUs, 87656 complete and 0 interrupted iterations
users   [  25% ] 6000/6000 VUs  2m16.8s/9m00.0s

running (2m17.8s), 6000/6000 VUs, 88858 complete and 0 interrupted iterations
users   [  26% ] 6000/6000 VUs  2m17.8s/9m00.0s

running (2m18.8s), 6000/6000 VUs, 90097 complete and 0 interrupted iterations
users   [  26% ] 6000/6000 VUs  2m18.8s/9m00.0s

running (2m19.8s), 6000/6000 VUs, 91232 complete and 0 interrupted iterations
users   [  26% ] 6000/6000 VUs  2m19.8s/9m00.0s

running (2m20.8s), 6000/6000 VUs, 92441 complete and 0 interrupted iterations
users   [  26% ] 6000/6000 VUs  2m20.8s/9m00.0s

running (2m21.8s), 6000/6000 VUs, 93638 complete and 0 interrupted iterations
users   [  26% ] 6000/6000 VUs  2m21.8s/9m00.0s

running (2m22.8s), 6000/6000 VUs, 94774 complete and 0 interrupted iterations
users   [  26% ] 6000/6000 VUs  2m22.8s/9m00.0s

running (2m23.8s), 6000/6000 VUs, 95916 complete and 0 interrupted iterations
users   [  27% ] 6000/6000 VUs  2m23.8s/9m00.0s

running (2m24.8s), 6000/6000 VUs, 97108 complete and 0 interrupted iterations
users   [  27% ] 6000/6000 VUs  2m24.8s/9m00.0s

running (2m25.8s), 6000/6000 VUs, 98307 complete and 0 interrupted iterations
users   [  27% ] 6000/6000 VUs  2m25.8s/9m00.0s

running (2m26.8s), 6000/6000 VUs, 99499 complete and 0 interrupted iterations
users   [  27% ] 6000/6000 VUs  2m26.8s/9m00.0s

running (2m27.8s), 6000/6000 VUs, 100689 complete and 0 interrupted iterations
users   [  27% ] 6000/6000 VUs  2m27.8s/9m00.0s

running (2m28.8s), 6000/6000 VUs, 101908 complete and 0 interrupted iterations
users   [  28% ] 6000/6000 VUs  2m28.8s/9m00.0s

running (2m29.8s), 6000/6000 VUs, 103057 complete and 0 interrupted iterations
users   [  28% ] 6000/6000 VUs  2m29.8s/9m00.0s

running (2m30.8s), 6000/6000 VUs, 104200 complete and 0 interrupted iterations
users   [  28% ] 6000/6000 VUs  2m30.8s/9m00.0s

running (2m31.8s), 6000/6000 VUs, 105394 complete and 0 interrupted iterations
users   [  28% ] 6000/6000 VUs  2m31.8s/9m00.0s

running (2m32.8s), 6000/6000 VUs, 106568 complete and 0 interrupted iterations
users   [  28% ] 6000/6000 VUs  2m32.8s/9m00.0s

running (2m33.8s), 6000/6000 VUs, 107707 complete and 0 interrupted iterations
users   [  28% ] 6000/6000 VUs  2m33.8s/9m00.0s

running (2m34.8s), 6000/6000 VUs, 108927 complete and 0 interrupted iterations
users   [  29% ] 6000/6000 VUs  2m34.8s/9m00.0s

running (2m35.8s), 6000/6000 VUs, 110107 complete and 0 interrupted iterations
users   [  29% ] 6000/6000 VUs  2m35.8s/9m00.0s

running (2m36.8s), 6000/6000 VUs, 111318 complete and 0 interrupted iterations
users   [  29% ] 6000/6000 VUs  2m36.8s/9m00.0s

running (2m37.8s), 6000/6000 VUs, 112506 complete and 0 interrupted iterations
users   [  29% ] 6000/6000 VUs  2m37.8s/9m00.0s

running (2m38.8s), 6000/6000 VUs, 113660 complete and 0 interrupted iterations
users   [  29% ] 6000/6000 VUs  2m38.8s/9m00.0s

running (2m39.8s), 6000/6000 VUs, 114883 complete and 0 interrupted iterations
users   [  30% ] 6000/6000 VUs  2m39.8s/9m00.0s

running (2m40.8s), 6000/6000 VUs, 116056 complete and 0 interrupted iterations
users   [  30% ] 6000/6000 VUs  2m40.8s/9m00.0s

running (2m41.8s), 6000/6000 VUs, 117260 complete and 0 interrupted iterations
users   [  30% ] 6000/6000 VUs  2m41.8s/9m00.0s

running (2m42.8s), 6000/6000 VUs, 118408 complete and 0 interrupted iterations
users   [  30% ] 6000/6000 VUs  2m42.8s/9m00.0s

running (2m43.8s), 6000/6000 VUs, 119578 complete and 0 interrupted iterations
users   [  30% ] 6000/6000 VUs  2m43.8s/9m00.0s

running (2m44.8s), 6000/6000 VUs, 120776 complete and 0 interrupted iterations
users   [  31% ] 6000/6000 VUs  2m44.8s/9m00.0s

running (2m45.8s), 6000/6000 VUs, 121962 complete and 0 interrupted iterations
users   [  31% ] 6000/6000 VUs  2m45.8s/9m00.0s

running (2m46.8s), 6000/6000 VUs, 123128 complete and 0 interrupted iterations
users   [  31% ] 6000/6000 VUs  2m46.8s/9m00.0s

running (2m47.8s), 6000/6000 VUs, 124322 complete and 0 interrupted iterations
users   [  31% ] 6000/6000 VUs  2m47.8s/9m00.0s

running (2m48.8s), 6000/6000 VUs, 125526 complete and 0 interrupted iterations
users   [  31% ] 6000/6000 VUs  2m48.8s/9m00.0s

running (2m49.8s), 6000/6000 VUs, 126688 complete and 0 interrupted iterations
users   [  31% ] 6000/6000 VUs  2m49.8s/9m00.0s

running (2m50.8s), 6000/6000 VUs, 127843 complete and 0 interrupted iterations
users   [  32% ] 6000/6000 VUs  2m50.8s/9m00.0s

running (2m51.8s), 6000/6000 VUs, 129056 complete and 0 interrupted iterations
users   [  32% ] 6000/6000 VUs  2m51.8s/9m00.0s

running (2m52.8s), 6000/6000 VUs, 130132 complete and 0 interrupted iterations
users   [  32% ] 6000/6000 VUs  2m52.8s/9m00.0s

running (2m53.8s), 6000/6000 VUs, 131272 complete and 0 interrupted iterations
users   [  32% ] 6000/6000 VUs  2m53.8s/9m00.0s

running (2m54.8s), 6000/6000 VUs, 132464 complete and 0 interrupted iterations
users   [  32% ] 6000/6000 VUs  2m54.8s/9m00.0s

running (2m55.8s), 6000/6000 VUs, 133663 complete and 0 interrupted iterations
users   [  33% ] 6000/6000 VUs  2m55.8s/9m00.0s

running (2m56.8s), 6000/6000 VUs, 134858 complete and 0 interrupted iterations
users   [  33% ] 6000/6000 VUs  2m56.8s/9m00.0s

running (2m57.8s), 6000/6000 VUs, 136047 complete and 0 interrupted iterations
users   [  33% ] 6000/6000 VUs  2m57.8s/9m00.0s

running (2m58.8s), 6000/6000 VUs, 137202 complete and 0 interrupted iterations
users   [  33% ] 6000/6000 VUs  2m58.8s/9m00.0s

running (2m59.8s), 6000/6000 VUs, 138381 complete and 0 interrupted iterations
users   [  33% ] 6000/6000 VUs  2m59.8s/9m00.0s

running (3m00.8s), 6000/6000 VUs, 139580 complete and 0 interrupted iterations
users   [  33% ] 6000/6000 VUs  3m00.8s/9m00.0s

running (3m01.8s), 6000/6000 VUs, 140809 complete and 0 interrupted iterations
users   [  34% ] 6000/6000 VUs  3m01.8s/9m00.0s

running (3m02.8s), 6000/6000 VUs, 141997 complete and 0 interrupted iterations
users   [  34% ] 6000/6000 VUs  3m02.8s/9m00.0s

running (3m03.8s), 6000/6000 VUs, 143119 complete and 0 interrupted iterations
users   [  34% ] 6000/6000 VUs  3m03.8s/9m00.0s

running (3m04.8s), 6000/6000 VUs, 144325 complete and 0 interrupted iterations
users   [  34% ] 6000/6000 VUs  3m04.8s/9m00.0s

running (3m05.8s), 6000/6000 VUs, 145455 complete and 0 interrupted iterations
users   [  34% ] 6000/6000 VUs  3m05.8s/9m00.0s

running (3m06.8s), 6000/6000 VUs, 146658 complete and 0 interrupted iterations
users   [  35% ] 6000/6000 VUs  3m06.8s/9m00.0s

running (3m07.8s), 6000/6000 VUs, 147833 complete and 0 interrupted iterations
users   [  35% ] 6000/6000 VUs  3m07.8s/9m00.0s

running (3m08.8s), 6000/6000 VUs, 149050 complete and 0 interrupted iterations
users   [  35% ] 6000/6000 VUs  3m08.8s/9m00.0s

running (3m09.8s), 6000/6000 VUs, 150179 complete and 0 interrupted iterations
users   [  35% ] 6000/6000 VUs  3m09.8s/9m00.0s

running (3m10.8s), 6000/6000 VUs, 151385 complete and 0 interrupted iterations
users   [  35% ] 6000/6000 VUs  3m10.8s/9m00.0s

running (3m11.8s), 6000/6000 VUs, 152532 complete and 0 interrupted iterations
users   [  36% ] 6000/6000 VUs  3m11.8s/9m00.0s

running (3m12.8s), 6000/6000 VUs, 153703 complete and 0 interrupted iterations
users   [  36% ] 6000/6000 VUs  3m12.8s/9m00.0s

running (3m13.8s), 6000/6000 VUs, 154893 complete and 0 interrupted iterations
users   [  36% ] 6000/6000 VUs  3m13.8s/9m00.0s

running (3m14.8s), 6000/6000 VUs, 156053 complete and 0 interrupted iterations
users   [  36% ] 6000/6000 VUs  3m14.8s/9m00.0s

running (3m15.8s), 6000/6000 VUs, 157251 complete and 0 interrupted iterations
users   [  36% ] 6000/6000 VUs  3m15.8s/9m00.0s

running (3m16.8s), 6000/6000 VUs, 158437 complete and 0 interrupted iterations
users   [  36% ] 6000/6000 VUs  3m16.8s/9m00.0s

running (3m17.8s), 6000/6000 VUs, 159631 complete and 0 interrupted iterations
users   [  37% ] 6000/6000 VUs  3m17.8s/9m00.0s

running (3m18.8s), 6000/6000 VUs, 160780 complete and 0 interrupted iterations
users   [  37% ] 6000/6000 VUs  3m18.8s/9m00.0s

running (3m19.8s), 6000/6000 VUs, 161975 complete and 0 interrupted iterations
users   [  37% ] 6000/6000 VUs  3m19.8s/9m00.0s

running (3m20.8s), 6000/6000 VUs, 163186 complete and 0 interrupted iterations
users   [  37% ] 6000/6000 VUs  3m20.8s/9m00.0s

running (3m21.8s), 6000/6000 VUs, 164367 complete and 0 interrupted iterations
users   [  37% ] 6000/6000 VUs  3m21.8s/9m00.0s

running (3m22.8s), 6000/6000 VUs, 165555 complete and 0 interrupted iterations
users   [  38% ] 6000/6000 VUs  3m22.8s/9m00.0s

running (3m23.8s), 6000/6000 VUs, 166739 complete and 0 interrupted iterations
users   [  38% ] 6000/6000 VUs  3m23.8s/9m00.0s

running (3m24.8s), 6000/6000 VUs, 167924 complete and 0 interrupted iterations
users   [  38% ] 6000/6000 VUs  3m24.8s/9m00.0s

running (3m25.8s), 6000/6000 VUs, 169104 complete and 0 interrupted iterations
users   [  38% ] 6000/6000 VUs  3m25.8s/9m00.0s

running (3m26.8s), 6000/6000 VUs, 170253 complete and 0 interrupted iterations
users   [  38% ] 6000/6000 VUs  3m26.8s/9m00.0s

running (3m27.8s), 6000/6000 VUs, 171448 complete and 0 interrupted iterations
users   [  38% ] 6000/6000 VUs  3m27.8s/9m00.0s

running (3m28.8s), 6000/6000 VUs, 172632 complete and 0 interrupted iterations
users   [  39% ] 6000/6000 VUs  3m28.8s/9m00.0s

running (3m29.8s), 6000/6000 VUs, 173787 complete and 0 interrupted iterations
users   [  39% ] 6000/6000 VUs  3m29.8s/9m00.0s

running (3m30.8s), 6000/6000 VUs, 174937 complete and 0 interrupted iterations
users   [  39% ] 6000/6000 VUs  3m30.8s/9m00.0s

running (3m31.8s), 6000/6000 VUs, 176174 complete and 0 interrupted iterations
users   [  39% ] 6000/6000 VUs  3m31.8s/9m00.0s

running (3m32.8s), 6000/6000 VUs, 177347 complete and 0 interrupted iterations
users   [  39% ] 6000/6000 VUs  3m32.8s/9m00.0s

running (3m33.8s), 6000/6000 VUs, 178544 complete and 0 interrupted iterations
users   [  40% ] 6000/6000 VUs  3m33.8s/9m00.0s

running (3m34.8s), 6000/6000 VUs, 179702 complete and 0 interrupted iterations
users   [  40% ] 6000/6000 VUs  3m34.8s/9m00.0s

running (3m35.8s), 6000/6000 VUs, 180883 complete and 0 interrupted iterations
users   [  40% ] 6000/6000 VUs  3m35.8s/9m00.0s

running (3m36.8s), 6000/6000 VUs, 182071 complete and 0 interrupted iterations
users   [  40% ] 6000/6000 VUs  3m36.8s/9m00.0s

running (3m37.8s), 6000/6000 VUs, 183264 complete and 0 interrupted iterations
users   [  40% ] 6000/6000 VUs  3m37.8s/9m00.0s

running (3m38.8s), 6000/6000 VUs, 184474 complete and 0 interrupted iterations
users   [  41% ] 6000/6000 VUs  3m38.8s/9m00.0s

running (3m39.8s), 6000/6000 VUs, 185608 complete and 0 interrupted iterations
users   [  41% ] 6000/6000 VUs  3m39.8s/9m00.0s

running (3m40.8s), 6000/6000 VUs, 186740 complete and 0 interrupted iterations
users   [  41% ] 6000/6000 VUs  3m40.8s/9m00.0s

running (3m41.8s), 6000/6000 VUs, 187977 complete and 0 interrupted iterations
users   [  41% ] 6000/6000 VUs  3m41.8s/9m00.0s

running (3m42.8s), 6000/6000 VUs, 189162 complete and 0 interrupted iterations
users   [  41% ] 6000/6000 VUs  3m42.8s/9m00.0s

running (3m43.8s), 6000/6000 VUs, 190370 complete and 0 interrupted iterations
users   [  41% ] 6000/6000 VUs  3m43.8s/9m00.0s

running (3m44.8s), 6000/6000 VUs, 191497 complete and 0 interrupted iterations
users   [  42% ] 6000/6000 VUs  3m44.8s/9m00.0s

running (3m45.8s), 6000/6000 VUs, 192697 complete and 0 interrupted iterations
users   [  42% ] 6000/6000 VUs  3m45.8s/9m00.0s

running (3m46.8s), 6000/6000 VUs, 193884 complete and 0 interrupted iterations
users   [  42% ] 6000/6000 VUs  3m46.8s/9m00.0s

running (3m47.8s), 6000/6000 VUs, 195091 complete and 0 interrupted iterations
users   [  42% ] 6000/6000 VUs  3m47.8s/9m00.0s

running (3m48.8s), 6000/6000 VUs, 196293 complete and 0 interrupted iterations
users   [  42% ] 6000/6000 VUs  3m48.8s/9m00.0s

running (3m49.8s), 6000/6000 VUs, 197431 complete and 0 interrupted iterations
users   [  43% ] 6000/6000 VUs  3m49.8s/9m00.0s

running (3m50.8s), 6000/6000 VUs, 198538 complete and 0 interrupted iterations
users   [  43% ] 6000/6000 VUs  3m50.8s/9m00.0s

running (3m51.8s), 6000/6000 VUs, 199630 complete and 0 interrupted iterations
users   [  43% ] 6000/6000 VUs  3m51.8s/9m00.0s

running (3m52.8s), 6000/6000 VUs, 200709 complete and 0 interrupted iterations
users   [  43% ] 6000/6000 VUs  3m52.8s/9m00.0s

running (3m53.8s), 6000/6000 VUs, 201724 complete and 0 interrupted iterations
users   [  43% ] 6000/6000 VUs  3m53.8s/9m00.0s

running (3m54.8s), 6000/6000 VUs, 202775 complete and 0 interrupted iterations
users   [  43% ] 6000/6000 VUs  3m54.8s/9m00.0s

running (3m55.8s), 6000/6000 VUs, 203943 complete and 0 interrupted iterations
users   [  44% ] 6000/6000 VUs  3m55.8s/9m00.0s

running (3m56.8s), 6000/6000 VUs, 205189 complete and 0 interrupted iterations
users   [  44% ] 6000/6000 VUs  3m56.8s/9m00.0s

running (3m57.8s), 6000/6000 VUs, 206390 complete and 0 interrupted iterations
users   [  44% ] 6000/6000 VUs  3m57.8s/9m00.0s

running (3m58.8s), 6000/6000 VUs, 207612 complete and 0 interrupted iterations
users   [  44% ] 6000/6000 VUs  3m58.8s/9m00.0s

running (3m59.8s), 6000/6000 VUs, 208771 complete and 0 interrupted iterations
users   [  44% ] 6000/6000 VUs  3m59.8s/9m00.0s

running (4m00.8s), 6000/6000 VUs, 209898 complete and 0 interrupted iterations
users   [  45% ] 6000/6000 VUs  4m00.8s/9m00.0s

running (4m01.8s), 6000/6000 VUs, 211054 complete and 0 interrupted iterations
users   [  45% ] 6000/6000 VUs  4m01.8s/9m00.0s

running (4m02.8s), 6000/6000 VUs, 212257 complete and 0 interrupted iterations
users   [  45% ] 6000/6000 VUs  4m02.8s/9m00.0s

running (4m03.8s), 6000/6000 VUs, 213433 complete and 0 interrupted iterations
users   [  45% ] 6000/6000 VUs  4m03.8s/9m00.0s

running (4m04.8s), 6000/6000 VUs, 214632 complete and 0 interrupted iterations
users   [  45% ] 6000/6000 VUs  4m04.8s/9m00.0s

running (4m05.8s), 6000/6000 VUs, 215809 complete and 0 interrupted iterations
users   [  46% ] 6000/6000 VUs  4m05.8s/9m00.0s

running (4m06.8s), 6000/6000 VUs, 216943 complete and 0 interrupted iterations
users   [  46% ] 6000/6000 VUs  4m06.8s/9m00.0s

running (4m07.8s), 6000/6000 VUs, 218109 complete and 0 interrupted iterations
users   [  46% ] 6000/6000 VUs  4m07.8s/9m00.0s

running (4m08.8s), 6000/6000 VUs, 219087 complete and 0 interrupted iterations
users   [  46% ] 6000/6000 VUs  4m08.8s/9m00.0s

running (4m09.8s), 6000/6000 VUs, 220160 complete and 0 interrupted iterations
users   [  46% ] 6000/6000 VUs  4m09.8s/9m00.0s

running (4m10.8s), 6000/6000 VUs, 221215 complete and 0 interrupted iterations
users   [  46% ] 6000/6000 VUs  4m10.8s/9m00.0s

running (4m11.8s), 6000/6000 VUs, 222293 complete and 0 interrupted iterations
users   [  47% ] 6000/6000 VUs  4m11.8s/9m00.0s

running (4m12.8s), 6000/6000 VUs, 223512 complete and 0 interrupted iterations
users   [  47% ] 6000/6000 VUs  4m12.8s/9m00.0s

running (4m13.8s), 6000/6000 VUs, 224722 complete and 0 interrupted iterations
users   [  47% ] 6000/6000 VUs  4m13.8s/9m00.0s

running (4m14.8s), 6000/6000 VUs, 225922 complete and 0 interrupted iterations
users   [  47% ] 6000/6000 VUs  4m14.8s/9m00.0s

running (4m15.8s), 6000/6000 VUs, 227076 complete and 0 interrupted iterations
users   [  47% ] 6000/6000 VUs  4m15.8s/9m00.0s

running (4m16.8s), 6000/6000 VUs, 228287 complete and 0 interrupted iterations
users   [  48% ] 6000/6000 VUs  4m16.8s/9m00.0s

running (4m17.8s), 6000/6000 VUs, 229470 complete and 0 interrupted iterations
users   [  48% ] 6000/6000 VUs  4m17.8s/9m00.0s

running (4m18.8s), 6000/6000 VUs, 230588 complete and 0 interrupted iterations
users   [  48% ] 6000/6000 VUs  4m18.8s/9m00.0s

running (4m19.8s), 6000/6000 VUs, 231815 complete and 0 interrupted iterations
users   [  48% ] 6000/6000 VUs  4m19.8s/9m00.0s

running (4m20.8s), 6000/6000 VUs, 233047 complete and 0 interrupted iterations
users   [  48% ] 6000/6000 VUs  4m20.8s/9m00.0s

running (4m21.8s), 6000/6000 VUs, 234211 complete and 0 interrupted iterations
users   [  48% ] 6000/6000 VUs  4m21.8s/9m00.0s

running (4m22.8s), 6000/6000 VUs, 235313 complete and 0 interrupted iterations
users   [  49% ] 6000/6000 VUs  4m22.8s/9m00.0s

running (4m23.8s), 6000/6000 VUs, 236518 complete and 0 interrupted iterations
users   [  49% ] 6000/6000 VUs  4m23.8s/9m00.0s

running (4m24.8s), 6000/6000 VUs, 237727 complete and 0 interrupted iterations
users   [  49% ] 6000/6000 VUs  4m24.8s/9m00.0s

running (4m25.8s), 6000/6000 VUs, 238891 complete and 0 interrupted iterations
users   [  49% ] 6000/6000 VUs  4m25.8s/9m00.0s

running (4m26.8s), 6000/6000 VUs, 240079 complete and 0 interrupted iterations
users   [  49% ] 6000/6000 VUs  4m26.8s/9m00.0s

running (4m27.8s), 6000/6000 VUs, 241251 complete and 0 interrupted iterations
users   [  50% ] 6000/6000 VUs  4m27.8s/9m00.0s

running (4m28.8s), 6000/6000 VUs, 242412 complete and 0 interrupted iterations
users   [  50% ] 6000/6000 VUs  4m28.8s/9m00.0s

running (4m29.8s), 6000/6000 VUs, 243600 complete and 0 interrupted iterations
users   [  50% ] 6000/6000 VUs  4m29.8s/9m00.0s

running (4m30.8s), 6000/6000 VUs, 244783 complete and 0 interrupted iterations
users   [  50% ] 6000/6000 VUs  4m30.8s/9m00.0s

running (4m31.8s), 6000/6000 VUs, 245960 complete and 0 interrupted iterations
users   [  50% ] 6000/6000 VUs  4m31.8s/9m00.0s

running (4m32.8s), 6000/6000 VUs, 247142 complete and 0 interrupted iterations
users   [  51% ] 6000/6000 VUs  4m32.8s/9m00.0s

running (4m33.8s), 6000/6000 VUs, 248313 complete and 0 interrupted iterations
users   [  51% ] 6000/6000 VUs  4m33.8s/9m00.0s

running (4m34.8s), 6000/6000 VUs, 249534 complete and 0 interrupted iterations
users   [  51% ] 6000/6000 VUs  4m34.8s/9m00.0s

running (4m35.8s), 6000/6000 VUs, 250676 complete and 0 interrupted iterations
users   [  51% ] 6000/6000 VUs  4m35.8s/9m00.0s

running (4m36.8s), 6000/6000 VUs, 251863 complete and 0 interrupted iterations
users   [  51% ] 6000/6000 VUs  4m36.8s/9m00.0s

running (4m37.8s), 6000/6000 VUs, 253107 complete and 0 interrupted iterations
users   [  51% ] 6000/6000 VUs  4m37.8s/9m00.0s

running (4m38.8s), 6000/6000 VUs, 254250 complete and 0 interrupted iterations
users   [  52% ] 6000/6000 VUs  4m38.8s/9m00.0s

running (4m39.8s), 6000/6000 VUs, 255395 complete and 0 interrupted iterations
users   [  52% ] 6000/6000 VUs  4m39.8s/9m00.0s

running (4m40.8s), 6000/6000 VUs, 256582 complete and 0 interrupted iterations
users   [  52% ] 6000/6000 VUs  4m40.8s/9m00.0s

running (4m41.8s), 6000/6000 VUs, 257811 complete and 0 interrupted iterations
users   [  52% ] 6000/6000 VUs  4m41.8s/9m00.0s

running (4m42.8s), 6000/6000 VUs, 258979 complete and 0 interrupted iterations
users   [  52% ] 6000/6000 VUs  4m42.8s/9m00.0s

running (4m43.8s), 6000/6000 VUs, 260146 complete and 0 interrupted iterations
users   [  53% ] 6000/6000 VUs  4m43.8s/9m00.0s

running (4m44.8s), 6000/6000 VUs, 261298 complete and 0 interrupted iterations
users   [  53% ] 6000/6000 VUs  4m44.8s/9m00.0s

running (4m45.8s), 6000/6000 VUs, 262544 complete and 0 interrupted iterations
users   [  53% ] 6000/6000 VUs  4m45.8s/9m00.0s

running (4m46.8s), 6000/6000 VUs, 263711 complete and 0 interrupted iterations
users   [  53% ] 6000/6000 VUs  4m46.8s/9m00.0s

running (4m47.8s), 6000/6000 VUs, 264842 complete and 0 interrupted iterations
users   [  53% ] 6000/6000 VUs  4m47.8s/9m00.0s

running (4m48.8s), 6000/6000 VUs, 266053 complete and 0 interrupted iterations
users   [  53% ] 6000/6000 VUs  4m48.8s/9m00.0s

running (4m49.8s), 6000/6000 VUs, 267253 complete and 0 interrupted iterations
users   [  54% ] 6000/6000 VUs  4m49.8s/9m00.0s

running (4m50.8s), 6000/6000 VUs, 268382 complete and 0 interrupted iterations
users   [  54% ] 6000/6000 VUs  4m50.8s/9m00.0s

running (4m51.8s), 6000/6000 VUs, 269511 complete and 0 interrupted iterations
users   [  54% ] 6000/6000 VUs  4m51.8s/9m00.0s

running (4m52.8s), 6000/6000 VUs, 270609 complete and 0 interrupted iterations
users   [  54% ] 6000/6000 VUs  4m52.8s/9m00.0s

running (4m53.8s), 6000/6000 VUs, 271708 complete and 0 interrupted iterations
users   [  54% ] 6000/6000 VUs  4m53.8s/9m00.0s

running (4m54.8s), 6000/6000 VUs, 272825 complete and 0 interrupted iterations
users   [  55% ] 6000/6000 VUs  4m54.8s/9m00.0s

running (4m55.8s), 6000/6000 VUs, 273927 complete and 0 interrupted iterations
users   [  55% ] 6000/6000 VUs  4m55.8s/9m00.0s

running (4m56.8s), 6000/6000 VUs, 275137 complete and 0 interrupted iterations
users   [  55% ] 6000/6000 VUs  4m56.8s/9m00.0s

running (4m57.8s), 6000/6000 VUs, 276281 complete and 0 interrupted iterations
users   [  55% ] 6000/6000 VUs  4m57.8s/9m00.0s

running (4m58.8s), 6000/6000 VUs, 277470 complete and 0 interrupted iterations
users   [  55% ] 6000/6000 VUs  4m58.8s/9m00.0s

running (4m59.8s), 6000/6000 VUs, 278685 complete and 0 interrupted iterations
users   [  56% ] 6000/6000 VUs  4m59.8s/9m00.0s

running (5m00.8s), 6000/6000 VUs, 279874 complete and 0 interrupted iterations
users   [  56% ] 6000/6000 VUs  5m00.8s/9m00.0s

running (5m01.8s), 6000/6000 VUs, 281052 complete and 0 interrupted iterations
users   [  56% ] 6000/6000 VUs  5m01.8s/9m00.0s

running (5m02.8s), 6000/6000 VUs, 282196 complete and 0 interrupted iterations
users   [  56% ] 6000/6000 VUs  5m02.8s/9m00.0s

running (5m03.8s), 6000/6000 VUs, 283369 complete and 0 interrupted iterations
users   [  56% ] 6000/6000 VUs  5m03.8s/9m00.0s

running (5m04.8s), 6000/6000 VUs, 284610 complete and 0 interrupted iterations
users   [  56% ] 6000/6000 VUs  5m04.8s/9m00.0s

running (5m05.8s), 6000/6000 VUs, 285723 complete and 0 interrupted iterations
users   [  57% ] 6000/6000 VUs  5m05.8s/9m00.0s

running (5m06.8s), 6000/6000 VUs, 286888 complete and 0 interrupted iterations
users   [  57% ] 6000/6000 VUs  5m06.8s/9m00.0s

running (5m07.8s), 6000/6000 VUs, 288079 complete and 0 interrupted iterations
users   [  57% ] 6000/6000 VUs  5m07.8s/9m00.0s

running (5m08.8s), 6000/6000 VUs, 289325 complete and 0 interrupted iterations
users   [  57% ] 6000/6000 VUs  5m08.8s/9m00.0s

running (5m09.8s), 6000/6000 VUs, 290442 complete and 0 interrupted iterations
users   [  57% ] 6000/6000 VUs  5m09.8s/9m00.0s

running (5m10.8s), 6000/6000 VUs, 291611 complete and 0 interrupted iterations
users   [  58% ] 6000/6000 VUs  5m10.8s/9m00.0s

running (5m11.8s), 6000/6000 VUs, 292836 complete and 0 interrupted iterations
users   [  58% ] 6000/6000 VUs  5m11.8s/9m00.0s

running (5m12.8s), 6000/6000 VUs, 294037 complete and 0 interrupted iterations
users   [  58% ] 6000/6000 VUs  5m12.8s/9m00.0s

running (5m13.8s), 6000/6000 VUs, 295234 complete and 0 interrupted iterations
users   [  58% ] 6000/6000 VUs  5m13.8s/9m00.0s

running (5m14.8s), 6000/6000 VUs, 296378 complete and 0 interrupted iterations
users   [  58% ] 6000/6000 VUs  5m14.8s/9m00.0s

running (5m15.8s), 6000/6000 VUs, 297560 complete and 0 interrupted iterations
users   [  58% ] 6000/6000 VUs  5m15.8s/9m00.0s

running (5m16.8s), 6000/6000 VUs, 298742 complete and 0 interrupted iterations
users   [  59% ] 6000/6000 VUs  5m16.8s/9m00.0s

running (5m17.8s), 6000/6000 VUs, 299905 complete and 0 interrupted iterations
users   [  59% ] 6000/6000 VUs  5m17.8s/9m00.0s

running (5m18.8s), 6000/6000 VUs, 301117 complete and 0 interrupted iterations
users   [  59% ] 6000/6000 VUs  5m18.8s/9m00.0s

running (5m19.8s), 6000/6000 VUs, 302298 complete and 0 interrupted iterations
users   [  59% ] 6000/6000 VUs  5m19.8s/9m00.0s

running (5m20.8s), 6000/6000 VUs, 303519 complete and 0 interrupted iterations
users   [  59% ] 6000/6000 VUs  5m20.8s/9m00.0s

running (5m21.8s), 6000/6000 VUs, 304676 complete and 0 interrupted iterations
users   [  60% ] 6000/6000 VUs  5m21.8s/9m00.0s

running (5m22.8s), 6000/6000 VUs, 305859 complete and 0 interrupted iterations
users   [  60% ] 6000/6000 VUs  5m22.8s/9m00.0s

running (5m23.8s), 6000/6000 VUs, 307009 complete and 0 interrupted iterations
users   [  60% ] 6000/6000 VUs  5m23.8s/9m00.0s

running (5m24.8s), 6000/6000 VUs, 308216 complete and 0 interrupted iterations
users   [  60% ] 6000/6000 VUs  5m24.8s/9m00.0s

running (5m25.8s), 6000/6000 VUs, 309420 complete and 0 interrupted iterations
users   [  60% ] 6000/6000 VUs  5m25.8s/9m00.0s

running (5m26.8s), 6000/6000 VUs, 310623 complete and 0 interrupted iterations
users   [  61% ] 6000/6000 VUs  5m26.8s/9m00.0s

running (5m27.8s), 6000/6000 VUs, 311776 complete and 0 interrupted iterations
users   [  61% ] 6000/6000 VUs  5m27.8s/9m00.0s

running (5m28.8s), 6000/6000 VUs, 312927 complete and 0 interrupted iterations
users   [  61% ] 6000/6000 VUs  5m28.8s/9m00.0s

running (5m29.8s), 6000/6000 VUs, 314144 complete and 0 interrupted iterations
users   [  61% ] 6000/6000 VUs  5m29.8s/9m00.0s

running (5m30.8s), 6000/6000 VUs, 315336 complete and 0 interrupted iterations
users   [  61% ] 6000/6000 VUs  5m30.8s/9m00.0s

running (5m31.8s), 6000/6000 VUs, 316516 complete and 0 interrupted iterations
users   [  61% ] 6000/6000 VUs  5m31.8s/9m00.0s

running (5m32.8s), 6000/6000 VUs, 317667 complete and 0 interrupted iterations
users   [  62% ] 6000/6000 VUs  5m32.8s/9m00.0s

running (5m33.8s), 6000/6000 VUs, 318861 complete and 0 interrupted iterations
users   [  62% ] 6000/6000 VUs  5m33.8s/9m00.0s

running (5m34.8s), 6000/6000 VUs, 320053 complete and 0 interrupted iterations
users   [  62% ] 6000/6000 VUs  5m34.8s/9m00.0s

running (5m35.8s), 6000/6000 VUs, 321173 complete and 0 interrupted iterations
users   [  62% ] 6000/6000 VUs  5m35.8s/9m00.0s

running (5m36.8s), 6000/6000 VUs, 322415 complete and 0 interrupted iterations
users   [  62% ] 6000/6000 VUs  5m36.8s/9m00.0s

running (5m37.8s), 6000/6000 VUs, 323555 complete and 0 interrupted iterations
users   [  63% ] 6000/6000 VUs  5m37.8s/9m00.0s

running (5m38.8s), 6000/6000 VUs, 324725 complete and 0 interrupted iterations
users   [  63% ] 6000/6000 VUs  5m38.8s/9m00.0s

running (5m39.8s), 6000/6000 VUs, 325901 complete and 0 interrupted iterations
users   [  63% ] 6000/6000 VUs  5m39.8s/9m00.0s

running (5m40.8s), 6000/6000 VUs, 327071 complete and 0 interrupted iterations
users   [  63% ] 6000/6000 VUs  5m40.8s/9m00.0s

running (5m41.8s), 6000/6000 VUs, 328234 complete and 0 interrupted iterations
users   [  63% ] 6000/6000 VUs  5m41.8s/9m00.0s

running (5m42.8s), 6000/6000 VUs, 329457 complete and 0 interrupted iterations
users   [  63% ] 6000/6000 VUs  5m42.8s/9m00.0s

running (5m43.8s), 6000/6000 VUs, 330594 complete and 0 interrupted iterations
users   [  64% ] 6000/6000 VUs  5m43.8s/9m00.0s

running (5m44.8s), 6000/6000 VUs, 331829 complete and 0 interrupted iterations
users   [  64% ] 6000/6000 VUs  5m44.8s/9m00.0s

running (5m45.8s), 6000/6000 VUs, 333030 complete and 0 interrupted iterations
users   [  64% ] 6000/6000 VUs  5m45.8s/9m00.0s

running (5m46.8s), 6000/6000 VUs, 334180 complete and 0 interrupted iterations
users   [  64% ] 6000/6000 VUs  5m46.8s/9m00.0s

running (5m47.8s), 6000/6000 VUs, 335290 complete and 0 interrupted iterations
users   [  64% ] 6000/6000 VUs  5m47.8s/9m00.0s

running (5m48.8s), 6000/6000 VUs, 336549 complete and 0 interrupted iterations
users   [  65% ] 6000/6000 VUs  5m48.8s/9m00.0s

running (5m49.8s), 6000/6000 VUs, 337735 complete and 0 interrupted iterations
users   [  65% ] 6000/6000 VUs  5m49.8s/9m00.0s

running (5m50.8s), 6000/6000 VUs, 338879 complete and 0 interrupted iterations
users   [  65% ] 6000/6000 VUs  5m50.8s/9m00.0s

running (5m51.8s), 6000/6000 VUs, 339952 complete and 0 interrupted iterations
users   [  65% ] 6000/6000 VUs  5m51.8s/9m00.0s

running (5m52.8s), 6000/6000 VUs, 340943 complete and 0 interrupted iterations
users   [  65% ] 6000/6000 VUs  5m52.8s/9m00.0s

running (5m53.8s), 6000/6000 VUs, 341943 complete and 0 interrupted iterations
users   [  66% ] 6000/6000 VUs  5m53.8s/9m00.0s

running (5m54.8s), 6000/6000 VUs, 342955 complete and 0 interrupted iterations
users   [  66% ] 6000/6000 VUs  5m54.8s/9m00.0s

running (5m55.8s), 6000/6000 VUs, 344091 complete and 0 interrupted iterations
users   [  66% ] 6000/6000 VUs  5m55.8s/9m00.0s

running (5m56.8s), 6000/6000 VUs, 345274 complete and 0 interrupted iterations
users   [  66% ] 6000/6000 VUs  5m56.8s/9m00.0s

running (5m57.8s), 6000/6000 VUs, 346540 complete and 0 interrupted iterations
users   [  66% ] 6000/6000 VUs  5m57.8s/9m00.0s

running (5m58.8s), 6000/6000 VUs, 347723 complete and 0 interrupted iterations
users   [  66% ] 6000/6000 VUs  5m58.8s/9m00.0s

running (5m59.8s), 6000/6000 VUs, 348889 complete and 0 interrupted iterations
users   [  67% ] 6000/6000 VUs  5m59.8s/9m00.0s

running (6m00.8s), 6000/6000 VUs, 350046 complete and 0 interrupted iterations
users   [  67% ] 6000/6000 VUs  6m00.8s/9m00.0s

running (6m01.8s), 6000/6000 VUs, 351170 complete and 0 interrupted iterations
users   [  67% ] 6000/6000 VUs  6m01.8s/9m00.0s

running (6m02.8s), 6000/6000 VUs, 352391 complete and 0 interrupted iterations
users   [  67% ] 6000/6000 VUs  6m02.8s/9m00.0s

running (6m03.8s), 6000/6000 VUs, 353600 complete and 0 interrupted iterations
users   [  67% ] 6000/6000 VUs  6m03.8s/9m00.0s

running (6m04.8s), 6000/6000 VUs, 354754 complete and 0 interrupted iterations
users   [  68% ] 6000/6000 VUs  6m04.8s/9m00.0s

running (6m05.8s), 6000/6000 VUs, 355930 complete and 0 interrupted iterations
users   [  68% ] 6000/6000 VUs  6m05.8s/9m00.0s

running (6m06.8s), 6000/6000 VUs, 357082 complete and 0 interrupted iterations
users   [  68% ] 6000/6000 VUs  6m06.8s/9m00.0s

running (6m07.8s), 6000/6000 VUs, 358259 complete and 0 interrupted iterations
users   [  68% ] 6000/6000 VUs  6m07.8s/9m00.0s

running (6m08.8s), 6000/6000 VUs, 359483 complete and 0 interrupted iterations
users   [  68% ] 6000/6000 VUs  6m08.8s/9m00.0s

running (6m09.8s), 6000/6000 VUs, 360673 complete and 0 interrupted iterations
users   [  68% ] 6000/6000 VUs  6m09.8s/9m00.0s

running (6m10.8s), 6000/6000 VUs, 361814 complete and 0 interrupted iterations
users   [  69% ] 6000/6000 VUs  6m10.8s/9m00.0s

running (6m11.8s), 6000/6000 VUs, 362981 complete and 0 interrupted iterations
users   [  69% ] 6000/6000 VUs  6m11.8s/9m00.0s

running (6m12.8s), 6000/6000 VUs, 364154 complete and 0 interrupted iterations
users   [  69% ] 6000/6000 VUs  6m12.8s/9m00.0s

running (6m13.8s), 6000/6000 VUs, 365349 complete and 0 interrupted iterations
users   [  69% ] 6000/6000 VUs  6m13.8s/9m00.0s

running (6m14.8s), 6000/6000 VUs, 366537 complete and 0 interrupted iterations
users   [  69% ] 6000/6000 VUs  6m14.8s/9m00.0s

running (6m15.8s), 6000/6000 VUs, 367717 complete and 0 interrupted iterations
users   [  70% ] 6000/6000 VUs  6m15.8s/9m00.0s

running (6m16.8s), 6000/6000 VUs, 368878 complete and 0 interrupted iterations
users   [  70% ] 6000/6000 VUs  6m16.8s/9m00.0s

running (6m17.8s), 6000/6000 VUs, 370009 complete and 0 interrupted iterations
users   [  70% ] 6000/6000 VUs  6m17.8s/9m00.0s

running (6m18.8s), 6000/6000 VUs, 371221 complete and 0 interrupted iterations
users   [  70% ] 6000/6000 VUs  6m18.8s/9m00.0s

running (6m19.8s), 6000/6000 VUs, 372431 complete and 0 interrupted iterations
users   [  70% ] 6000/6000 VUs  6m19.8s/9m00.0s

running (6m20.8s), 6000/6000 VUs, 373603 complete and 0 interrupted iterations
users   [  71% ] 6000/6000 VUs  6m20.8s/9m00.0s

running (6m21.8s), 6000/6000 VUs, 374813 complete and 0 interrupted iterations
users   [  71% ] 6000/6000 VUs  6m21.8s/9m00.0s

running (6m22.8s), 6000/6000 VUs, 375950 complete and 0 interrupted iterations
users   [  71% ] 6000/6000 VUs  6m22.8s/9m00.0s

running (6m23.8s), 6000/6000 VUs, 377143 complete and 0 interrupted iterations
users   [  71% ] 6000/6000 VUs  6m23.8s/9m00.0s

running (6m24.8s), 6000/6000 VUs, 378340 complete and 0 interrupted iterations
users   [  71% ] 6000/6000 VUs  6m24.8s/9m00.0s

running (6m25.8s), 6000/6000 VUs, 379576 complete and 0 interrupted iterations
users   [  71% ] 6000/6000 VUs  6m25.8s/9m00.0s

running (6m26.8s), 6000/6000 VUs, 380703 complete and 0 interrupted iterations
users   [  72% ] 6000/6000 VUs  6m26.8s/9m00.0s

running (6m27.8s), 6000/6000 VUs, 381865 complete and 0 interrupted iterations
users   [  72% ] 6000/6000 VUs  6m27.8s/9m00.0s

running (6m28.8s), 6000/6000 VUs, 383030 complete and 0 interrupted iterations
users   [  72% ] 6000/6000 VUs  6m28.8s/9m00.0s

running (6m29.8s), 6000/6000 VUs, 384208 complete and 0 interrupted iterations
users   [  72% ] 6000/6000 VUs  6m29.8s/9m00.0s

running (6m30.8s), 6000/6000 VUs, 385394 complete and 0 interrupted iterations
users   [  72% ] 6000/6000 VUs  6m30.8s/9m00.0s

running (6m31.8s), 6000/6000 VUs, 386635 complete and 0 interrupted iterations
users   [  73% ] 6000/6000 VUs  6m31.8s/9m00.0s

running (6m32.8s), 6000/6000 VUs, 387842 complete and 0 interrupted iterations
users   [  73% ] 6000/6000 VUs  6m32.8s/9m00.0s

running (6m33.8s), 6000/6000 VUs, 388965 complete and 0 interrupted iterations
users   [  73% ] 6000/6000 VUs  6m33.8s/9m00.0s

running (6m34.8s), 6000/6000 VUs, 390116 complete and 0 interrupted iterations
users   [  73% ] 6000/6000 VUs  6m34.8s/9m00.0s

running (6m35.8s), 6000/6000 VUs, 391342 complete and 0 interrupted iterations
users   [  73% ] 6000/6000 VUs  6m35.8s/9m00.0s

running (6m36.8s), 6000/6000 VUs, 392552 complete and 0 interrupted iterations
users   [  73% ] 6000/6000 VUs  6m36.8s/9m00.0s

running (6m37.8s), 6000/6000 VUs, 393742 complete and 0 interrupted iterations
users   [  74% ] 6000/6000 VUs  6m37.8s/9m00.0s

running (6m38.8s), 6000/6000 VUs, 394924 complete and 0 interrupted iterations
users   [  74% ] 6000/6000 VUs  6m38.8s/9m00.0s

running (6m39.8s), 6000/6000 VUs, 396078 complete and 0 interrupted iterations
users   [  74% ] 6000/6000 VUs  6m39.8s/9m00.0s

running (6m40.8s), 6000/6000 VUs, 397249 complete and 0 interrupted iterations
users   [  74% ] 6000/6000 VUs  6m40.8s/9m00.0s

running (6m41.8s), 6000/6000 VUs, 398431 complete and 0 interrupted iterations
users   [  74% ] 6000/6000 VUs  6m41.8s/9m00.0s

running (6m42.8s), 6000/6000 VUs, 399677 complete and 0 interrupted iterations
users   [  75% ] 6000/6000 VUs  6m42.8s/9m00.0s

running (6m43.8s), 6000/6000 VUs, 400807 complete and 0 interrupted iterations
users   [  75% ] 6000/6000 VUs  6m43.8s/9m00.0s

running (6m44.8s), 6000/6000 VUs, 402013 complete and 0 interrupted iterations
users   [  75% ] 6000/6000 VUs  6m44.8s/9m00.0s

running (6m45.8s), 6000/6000 VUs, 403163 complete and 0 interrupted iterations
users   [  75% ] 6000/6000 VUs  6m45.8s/9m00.0s

running (6m46.8s), 6000/6000 VUs, 404325 complete and 0 interrupted iterations
users   [  75% ] 6000/6000 VUs  6m46.8s/9m00.0s

running (6m47.8s), 6000/6000 VUs, 405539 complete and 0 interrupted iterations
users   [  76% ] 6000/6000 VUs  6m47.8s/9m00.0s

running (6m48.8s), 6000/6000 VUs, 406681 complete and 0 interrupted iterations
users   [  76% ] 6000/6000 VUs  6m48.8s/9m00.0s

running (6m49.8s), 6000/6000 VUs, 407880 complete and 0 interrupted iterations
users   [  76% ] 6000/6000 VUs  6m49.8s/9m00.0s

running (6m50.8s), 6000/6000 VUs, 409076 complete and 0 interrupted iterations
users   [  76% ] 6000/6000 VUs  6m50.8s/9m00.0s

running (6m51.8s), 6000/6000 VUs, 410218 complete and 0 interrupted iterations
users   [  76% ] 6000/6000 VUs  6m51.8s/9m00.0s

running (6m52.8s), 6000/6000 VUs, 411323 complete and 0 interrupted iterations
users   [  76% ] 6000/6000 VUs  6m52.8s/9m00.0s

running (6m53.8s), 6000/6000 VUs, 412429 complete and 0 interrupted iterations
users   [  77% ] 6000/6000 VUs  6m53.8s/9m00.0s

running (6m54.8s), 6000/6000 VUs, 413603 complete and 0 interrupted iterations
users   [  77% ] 6000/6000 VUs  6m54.8s/9m00.0s

running (6m55.8s), 6000/6000 VUs, 414812 complete and 0 interrupted iterations
users   [  77% ] 6000/6000 VUs  6m55.8s/9m00.0s

running (6m56.8s), 6000/6000 VUs, 415981 complete and 0 interrupted iterations
users   [  77% ] 6000/6000 VUs  6m56.8s/9m00.0s

running (6m57.8s), 6000/6000 VUs, 417195 complete and 0 interrupted iterations
users   [  77% ] 6000/6000 VUs  6m57.8s/9m00.0s

running (6m58.8s), 6000/6000 VUs, 418343 complete and 0 interrupted iterations
users   [  78% ] 6000/6000 VUs  6m58.8s/9m00.0s

running (6m59.8s), 6000/6000 VUs, 419476 complete and 0 interrupted iterations
users   [  78% ] 6000/6000 VUs  6m59.8s/9m00.0s

running (7m00.8s), 5999/6000 VUs, 420654 complete and 0 interrupted iterations
users   [  78% ] 5999/6000 VUs  7m00.8s/9m00.0s

running (7m01.8s), 5980/6000 VUs, 421883 complete and 0 interrupted iterations
users   [  78% ] 5980/6000 VUs  7m01.8s/9m00.0s

running (7m02.8s), 5961/6000 VUs, 423081 complete and 0 interrupted iterations
users   [  78% ] 5961/6000 VUs  7m02.8s/9m00.0s

running (7m03.8s), 5930/6000 VUs, 424250 complete and 0 interrupted iterations
users   [  78% ] 5930/6000 VUs  7m03.8s/9m00.0s

running (7m04.8s), 5885/6000 VUs, 425467 complete and 0 interrupted iterations
users   [  79% ] 5885/6000 VUs  7m04.8s/9m00.0s

running (7m05.8s), 5837/6000 VUs, 426573 complete and 0 interrupted iterations
users   [  79% ] 5837/6000 VUs  7m05.8s/9m00.0s

running (7m06.8s), 5793/6000 VUs, 427770 complete and 0 interrupted iterations
users   [  79% ] 5793/6000 VUs  7m06.8s/9m00.0s

running (7m07.8s), 5746/6000 VUs, 429017 complete and 0 interrupted iterations
users   [  79% ] 5746/6000 VUs  7m07.8s/9m00.0s

running (7m08.8s), 5703/6000 VUs, 430126 complete and 0 interrupted iterations
users   [  79% ] 5703/6000 VUs  7m08.8s/9m00.0s

running (7m09.8s), 5646/6000 VUs, 431196 complete and 0 interrupted iterations
users   [  80% ] 5646/6000 VUs  7m09.8s/9m00.0s

running (7m10.8s), 5601/6000 VUs, 432349 complete and 0 interrupted iterations
users   [  80% ] 5601/6000 VUs  7m10.8s/9m00.0s

running (7m11.8s), 5549/6000 VUs, 433516 complete and 0 interrupted iterations
users   [  80% ] 5549/6000 VUs  7m11.8s/9m00.0s

running (7m12.8s), 5496/6000 VUs, 434614 complete and 0 interrupted iterations
users   [  80% ] 5496/6000 VUs  7m12.8s/9m00.0s

running (7m13.8s), 5449/6000 VUs, 435752 complete and 0 interrupted iterations
users   [  80% ] 5449/6000 VUs  7m13.8s/9m00.0s

running (7m14.8s), 5404/6000 VUs, 436834 complete and 0 interrupted iterations
users   [  81% ] 5404/6000 VUs  7m14.8s/9m00.0s

running (7m15.8s), 5364/6000 VUs, 437884 complete and 0 interrupted iterations
users   [  81% ] 5364/6000 VUs  7m15.8s/9m00.0s

running (7m16.8s), 5320/6000 VUs, 438989 complete and 0 interrupted iterations
users   [  81% ] 5320/6000 VUs  7m16.8s/9m00.0s

running (7m17.8s), 5259/6000 VUs, 440018 complete and 0 interrupted iterations
users   [  81% ] 5259/6000 VUs  7m17.8s/9m00.0s

running (7m18.8s), 5192/6000 VUs, 441136 complete and 0 interrupted iterations
users   [  81% ] 5192/6000 VUs  7m18.8s/9m00.0s

running (7m19.8s), 5148/6000 VUs, 442198 complete and 0 interrupted iterations
users   [  81% ] 5148/6000 VUs  7m19.8s/9m00.0s

running (7m20.8s), 5098/6000 VUs, 443194 complete and 0 interrupted iterations
users   [  82% ] 5098/6000 VUs  7m20.8s/9m00.0s

running (7m21.8s), 5054/6000 VUs, 444196 complete and 0 interrupted iterations
users   [  82% ] 5054/6000 VUs  7m21.8s/9m00.0s

running (7m22.8s), 5004/6000 VUs, 445256 complete and 0 interrupted iterations
users   [  82% ] 5004/6000 VUs  7m22.8s/9m00.0s

running (7m23.8s), 4949/6000 VUs, 446222 complete and 0 interrupted iterations
users   [  82% ] 4949/6000 VUs  7m23.8s/9m00.0s

running (7m24.8s), 4898/6000 VUs, 447261 complete and 0 interrupted iterations
users   [  82% ] 4898/6000 VUs  7m24.8s/9m00.0s

running (7m25.8s), 4850/6000 VUs, 448213 complete and 0 interrupted iterations
users   [  83% ] 4850/6000 VUs  7m25.8s/9m00.0s

running (7m26.8s), 4801/6000 VUs, 449221 complete and 0 interrupted iterations
users   [  83% ] 4801/6000 VUs  7m26.8s/9m00.0s

running (7m27.8s), 4744/6000 VUs, 450203 complete and 0 interrupted iterations
users   [  83% ] 4744/6000 VUs  7m27.8s/9m00.0s

running (7m28.8s), 4696/6000 VUs, 451170 complete and 0 interrupted iterations
users   [  83% ] 4696/6000 VUs  7m28.8s/9m00.0s

running (7m29.8s), 4648/6000 VUs, 452144 complete and 0 interrupted iterations
users   [  83% ] 4648/6000 VUs  7m29.8s/9m00.0s

running (7m30.8s), 4592/6000 VUs, 453021 complete and 0 interrupted iterations
users   [  83% ] 4592/6000 VUs  7m30.8s/9m00.0s

running (7m31.8s), 4549/6000 VUs, 453924 complete and 0 interrupted iterations
users   [  84% ] 4549/6000 VUs  7m31.8s/9m00.0s

running (7m32.8s), 4495/6000 VUs, 454890 complete and 0 interrupted iterations
users   [  84% ] 4495/6000 VUs  7m32.8s/9m00.0s

running (7m33.8s), 4437/6000 VUs, 455806 complete and 0 interrupted iterations
users   [  84% ] 4437/6000 VUs  7m33.8s/9m00.0s

running (7m34.8s), 4394/6000 VUs, 456692 complete and 0 interrupted iterations
users   [  84% ] 4394/6000 VUs  7m34.8s/9m00.0s

running (7m35.8s), 4352/6000 VUs, 457528 complete and 0 interrupted iterations
users   [  84% ] 4352/6000 VUs  7m35.8s/9m00.0s

running (7m36.8s), 4295/6000 VUs, 458428 complete and 0 interrupted iterations
users   [  85% ] 4295/6000 VUs  7m36.8s/9m00.0s

running (7m37.8s), 4245/6000 VUs, 459288 complete and 0 interrupted iterations
users   [  85% ] 4245/6000 VUs  7m37.8s/9m00.0s

running (7m38.8s), 4194/6000 VUs, 460103 complete and 0 interrupted iterations
users   [  85% ] 4194/6000 VUs  7m38.8s/9m00.0s

running (7m39.8s), 4138/6000 VUs, 460972 complete and 0 interrupted iterations
users   [  85% ] 4138/6000 VUs  7m39.8s/9m00.0s

running (7m40.8s), 4096/6000 VUs, 461814 complete and 0 interrupted iterations
users   [  85% ] 4096/6000 VUs  7m40.8s/9m00.0s

running (7m41.8s), 4047/6000 VUs, 462667 complete and 0 interrupted iterations
users   [  86% ] 4047/6000 VUs  7m41.8s/9m00.0s

running (7m42.8s), 3999/6000 VUs, 463439 complete and 0 interrupted iterations
users   [  86% ] 3999/6000 VUs  7m42.8s/9m00.0s

running (7m43.8s), 3956/6000 VUs, 464223 complete and 0 interrupted iterations
users   [  86% ] 3956/6000 VUs  7m43.8s/9m00.0s

running (7m44.8s), 3912/6000 VUs, 465058 complete and 0 interrupted iterations
users   [  86% ] 3912/6000 VUs  7m44.8s/9m00.0s

running (7m45.8s), 3858/6000 VUs, 465873 complete and 0 interrupted iterations
users   [  86% ] 3858/6000 VUs  7m45.8s/9m00.0s

running (7m46.8s), 3800/6000 VUs, 466622 complete and 0 interrupted iterations
users   [  86% ] 3800/6000 VUs  7m46.8s/9m00.0s

running (7m47.8s), 3742/6000 VUs, 467387 complete and 0 interrupted iterations
users   [  87% ] 3742/6000 VUs  7m47.8s/9m00.0s

running (7m48.8s), 3694/6000 VUs, 468186 complete and 0 interrupted iterations
users   [  87% ] 3694/6000 VUs  7m48.8s/9m00.0s

running (7m49.8s), 3649/6000 VUs, 468966 complete and 0 interrupted iterations
users   [  87% ] 3649/6000 VUs  7m49.8s/9m00.0s

running (7m50.8s), 3594/6000 VUs, 469653 complete and 0 interrupted iterations
users   [  87% ] 3594/6000 VUs  7m50.8s/9m00.0s

running (7m51.8s), 3546/6000 VUs, 470328 complete and 0 interrupted iterations
users   [  87% ] 3546/6000 VUs  7m51.8s/9m00.0s

running (7m52.8s), 3502/6000 VUs, 470900 complete and 0 interrupted iterations
users   [  88% ] 3502/6000 VUs  7m52.8s/9m00.0s

running (7m53.8s), 3456/6000 VUs, 471413 complete and 0 interrupted iterations
users   [  88% ] 3456/6000 VUs  7m53.8s/9m00.0s

running (7m54.8s), 3416/6000 VUs, 472000 complete and 0 interrupted iterations
users   [  88% ] 3416/6000 VUs  7m54.8s/9m00.0s

running (7m55.8s), 3364/6000 VUs, 472705 complete and 0 interrupted iterations
users   [  88% ] 3364/6000 VUs  7m55.8s/9m00.0s

running (7m56.8s), 3315/6000 VUs, 473367 complete and 0 interrupted iterations
users   [  88% ] 3315/6000 VUs  7m56.8s/9m00.0s

running (7m57.8s), 3255/6000 VUs, 474090 complete and 0 interrupted iterations
users   [  88% ] 3255/6000 VUs  7m57.8s/9m00.0s

running (7m58.8s), 3195/6000 VUs, 474810 complete and 0 interrupted iterations
users   [  89% ] 3195/6000 VUs  7m58.8s/9m00.0s

running (7m59.8s), 3143/6000 VUs, 475436 complete and 0 interrupted iterations
users   [  89% ] 3143/6000 VUs  7m59.8s/9m00.0s

running (8m00.8s), 3096/6000 VUs, 476046 complete and 0 interrupted iterations
users   [  89% ] 3096/6000 VUs  8m00.8s/9m00.0s

running (8m01.8s), 3042/6000 VUs, 476661 complete and 0 interrupted iterations
users   [  89% ] 3042/6000 VUs  8m01.8s/9m00.0s

running (8m02.8s), 2999/6000 VUs, 477330 complete and 0 interrupted iterations
users   [  89% ] 2999/6000 VUs  8m02.8s/9m00.0s

running (8m03.8s), 2952/6000 VUs, 477933 complete and 0 interrupted iterations
users   [  90% ] 2952/6000 VUs  8m03.8s/9m00.0s

running (8m04.8s), 2902/6000 VUs, 478527 complete and 0 interrupted iterations
users   [  90% ] 2902/6000 VUs  8m04.8s/9m00.0s

running (8m05.8s), 2853/6000 VUs, 479123 complete and 0 interrupted iterations
users   [  90% ] 2853/6000 VUs  8m05.8s/9m00.0s

running (8m06.8s), 2801/6000 VUs, 479718 complete and 0 interrupted iterations
users   [  90% ] 2801/6000 VUs  8m06.8s/9m00.0s

running (8m07.8s), 2756/6000 VUs, 480296 complete and 0 interrupted iterations
users   [  90% ] 2756/6000 VUs  8m07.8s/9m00.0s

running (8m08.8s), 2697/6000 VUs, 480888 complete and 0 interrupted iterations
users   [  91% ] 2697/6000 VUs  8m08.8s/9m00.0s

running (8m09.8s), 2644/6000 VUs, 481435 complete and 0 interrupted iterations
users   [  91% ] 2644/6000 VUs  8m09.8s/9m00.0s

running (8m10.8s), 2594/6000 VUs, 481964 complete and 0 interrupted iterations
users   [  91% ] 2594/6000 VUs  8m10.8s/9m00.0s

running (8m11.8s), 2549/6000 VUs, 482471 complete and 0 interrupted iterations
users   [  91% ] 2549/6000 VUs  8m11.8s/9m00.0s

running (8m12.8s), 2495/6000 VUs, 482971 complete and 0 interrupted iterations
users   [  91% ] 2495/6000 VUs  8m12.8s/9m00.0s

running (8m13.8s), 2445/6000 VUs, 483504 complete and 0 interrupted iterations
users   [  91% ] 2445/6000 VUs  8m13.8s/9m00.0s

running (8m14.8s), 2399/6000 VUs, 484025 complete and 0 interrupted iterations
users   [  92% ] 2399/6000 VUs  8m14.8s/9m00.0s

running (8m15.8s), 2352/6000 VUs, 484519 complete and 0 interrupted iterations
users   [  92% ] 2352/6000 VUs  8m15.8s/9m00.0s

running (8m16.8s), 2302/6000 VUs, 484989 complete and 0 interrupted iterations
users   [  92% ] 2302/6000 VUs  8m16.8s/9m00.0s

running (8m17.8s), 2264/6000 VUs, 485451 complete and 0 interrupted iterations
users   [  92% ] 2264/6000 VUs  8m17.8s/9m00.0s

running (8m18.8s), 2207/6000 VUs, 485892 complete and 0 interrupted iterations
users   [  92% ] 2207/6000 VUs  8m18.8s/9m00.0s

running (8m19.8s), 2157/6000 VUs, 486319 complete and 0 interrupted iterations
users   [  93% ] 2157/6000 VUs  8m19.8s/9m00.0s

running (8m20.8s), 2101/6000 VUs, 486793 complete and 0 interrupted iterations
users   [  93% ] 2101/6000 VUs  8m20.8s/9m00.0s

running (8m21.8s), 2047/6000 VUs, 487220 complete and 0 interrupted iterations
users   [  93% ] 2047/6000 VUs  8m21.8s/9m00.0s

running (8m22.8s), 1982/6000 VUs, 487655 complete and 0 interrupted iterations
users   [  93% ] 1982/6000 VUs  8m22.8s/9m00.0s

running (8m23.8s), 1932/6000 VUs, 488063 complete and 0 interrupted iterations
users   [  93% ] 1932/6000 VUs  8m23.8s/9m00.0s

running (8m24.8s), 1893/6000 VUs, 488454 complete and 0 interrupted iterations
users   [  93% ] 1893/6000 VUs  8m24.8s/9m00.0s

running (8m25.8s), 1850/6000 VUs, 488840 complete and 0 interrupted iterations
users   [  94% ] 1850/6000 VUs  8m25.8s/9m00.0s

running (8m26.8s), 1799/6000 VUs, 489213 complete and 0 interrupted iterations
users   [  94% ] 1799/6000 VUs  8m26.8s/9m00.0s

running (8m27.8s), 1746/6000 VUs, 489612 complete and 0 interrupted iterations
users   [  94% ] 1746/6000 VUs  8m27.8s/9m00.0s

running (8m28.8s), 1690/6000 VUs, 489982 complete and 0 interrupted iterations
users   [  94% ] 1690/6000 VUs  8m28.8s/9m00.0s

running (8m29.8s), 1638/6000 VUs, 490320 complete and 0 interrupted iterations
users   [  94% ] 1638/6000 VUs  8m29.8s/9m00.0s

running (8m30.8s), 1584/6000 VUs, 490665 complete and 0 interrupted iterations
users   [  95% ] 1584/6000 VUs  8m30.8s/9m00.0s

running (8m31.8s), 1531/6000 VUs, 491003 complete and 0 interrupted iterations
users   [  95% ] 1531/6000 VUs  8m31.8s/9m00.0s

running (8m32.8s), 1487/6000 VUs, 491326 complete and 0 interrupted iterations
users   [  95% ] 1487/6000 VUs  8m32.8s/9m00.0s

running (8m33.8s), 1436/6000 VUs, 491646 complete and 0 interrupted iterations
users   [  95% ] 1436/6000 VUs  8m33.8s/9m00.0s

running (8m34.8s), 1389/6000 VUs, 491975 complete and 0 interrupted iterations
users   [  95% ] 1389/6000 VUs  8m34.8s/9m00.0s

running (8m35.8s), 1340/6000 VUs, 492240 complete and 0 interrupted iterations
users   [  96% ] 1340/6000 VUs  8m35.8s/9m00.0s

running (8m36.8s), 1298/6000 VUs, 492507 complete and 0 interrupted iterations
users   [  96% ] 1298/6000 VUs  8m36.8s/9m00.0s

running (8m37.8s), 1248/6000 VUs, 492816 complete and 0 interrupted iterations
users   [  96% ] 1248/6000 VUs  8m37.8s/9m00.0s

running (8m38.8s), 1195/6000 VUs, 493069 complete and 0 interrupted iterations
users   [  96% ] 1195/6000 VUs  8m38.8s/9m00.0s

running (8m39.8s), 1151/6000 VUs, 493308 complete and 0 interrupted iterations
users   [  96% ] 1151/6000 VUs  8m39.8s/9m00.0s

running (8m40.8s), 1104/6000 VUs, 493549 complete and 0 interrupted iterations
users   [  96% ] 1104/6000 VUs  8m40.8s/9m00.0s

running (8m41.8s), 1049/6000 VUs, 493806 complete and 0 interrupted iterations
users   [  97% ] 1049/6000 VUs  8m41.8s/9m00.0s

running (8m42.8s), 0999/6000 VUs, 494026 complete and 0 interrupted iterations
users   [  97% ] 0999/6000 VUs  8m42.8s/9m00.0s

running (8m43.8s), 0952/6000 VUs, 494238 complete and 0 interrupted iterations
users   [  97% ] 0952/6000 VUs  8m43.8s/9m00.0s

running (8m44.8s), 0895/6000 VUs, 494463 complete and 0 interrupted iterations
users   [  97% ] 0895/6000 VUs  8m44.8s/9m00.0s

running (8m45.8s), 0839/6000 VUs, 494657 complete and 0 interrupted iterations
users   [  97% ] 0839/6000 VUs  8m45.8s/9m00.0s

running (8m46.8s), 0785/6000 VUs, 494829 complete and 0 interrupted iterations
users   [  98% ] 0785/6000 VUs  8m46.8s/9m00.0s

running (8m47.8s), 0745/6000 VUs, 495005 complete and 0 interrupted iterations
users   [  98% ] 0745/6000 VUs  8m47.8s/9m00.0s

running (8m48.8s), 0679/6000 VUs, 495177 complete and 0 interrupted iterations
users   [  98% ] 0679/6000 VUs  8m48.8s/9m00.0s

running (8m49.8s), 0637/6000 VUs, 495328 complete and 0 interrupted iterations
users   [  98% ] 0637/6000 VUs  8m49.8s/9m00.0s

running (8m50.8s), 0585/6000 VUs, 495467 complete and 0 interrupted iterations
users   [  98% ] 0585/6000 VUs  8m50.8s/9m00.0s

running (8m51.8s), 0540/6000 VUs, 495612 complete and 0 interrupted iterations
users   [  98% ] 0540/6000 VUs  8m51.8s/9m00.0s

running (8m52.8s), 0496/6000 VUs, 495731 complete and 0 interrupted iterations
users   [  99% ] 0496/6000 VUs  8m52.8s/9m00.0s

running (8m53.8s), 0450/6000 VUs, 495838 complete and 0 interrupted iterations
users   [  99% ] 0450/6000 VUs  8m53.8s/9m00.0s

running (8m54.8s), 0395/6000 VUs, 495938 complete and 0 interrupted iterations
users   [  99% ] 0395/6000 VUs  8m54.8s/9m00.0s

running (8m55.8s), 0341/6000 VUs, 496042 complete and 0 interrupted iterations
users   [  99% ] 0341/6000 VUs  8m55.8s/9m00.0s

running (8m56.8s), 0289/6000 VUs, 496130 complete and 0 interrupted iterations
users   [  99% ] 0289/6000 VUs  8m56.8s/9m00.0s

running (8m57.8s), 0232/6000 VUs, 496211 complete and 0 interrupted iterations
users   [ 100% ] 0232/6000 VUs  8m57.8s/9m00.0s

running (8m58.8s), 0190/6000 VUs, 496277 complete and 0 interrupted iterations
users   [ 100% ] 0190/6000 VUs  8m58.8s/9m00.0s

running (8m59.8s), 0145/6000 VUs, 496330 complete and 0 interrupted iterations
users   [ 100% ] 0145/6000 VUs  8m59.8s/9m00.0s

running (9m00.8s), 0101/6000 VUs, 496374 complete and 0 interrupted iterations
users ↓ [ 100% ] 0139/6000 VUs  9m0s

running (9m01.8s), 0074/6000 VUs, 496401 complete and 0 interrupted iterations
users ↓ [ 100% ] 0139/6000 VUs  9m0s

running (9m02.8s), 0049/6000 VUs, 496426 complete and 0 interrupted iterations
users ↓ [ 100% ] 0139/6000 VUs  9m0s

running (9m03.8s), 0024/6000 VUs, 496451 complete and 0 interrupted iterations
users ↓ [ 100% ] 0139/6000 VUs  9m0s

running (9m04.8s), 0011/6000 VUs, 496464 complete and 0 interrupted iterations
users ↓ [ 100% ] 0139/6000 VUs  9m0s

running (9m05.8s), 0004/6000 VUs, 496471 complete and 0 interrupted iterations
users ↓ [ 100% ] 0139/6000 VUs  9m0s

running (9m06.8s), 0001/6000 VUs, 496474 complete and 0 interrupted iterations
users ↓ [ 100% ] 0139/6000 VUs  9m0s


  █ THRESHOLDS 

    checks{phase:bench}
    ✓ 'rate>0.99' rate=100.00%

    http_req_duration{name:confirm,phase:bench}
    ✗ 'p(95)<200' p(95)=328.18ms
    ✗ 'p(99)<600' p(99)=697.31ms

    http_req_duration{name:download_expired,phase:bench}
    ✓ 'p(95)<200' p(95)=0s
    ✓ 'p(99)<600' p(99)=0s

    http_req_duration{name:download,phase:bench}
    ✗ 'p(95)<200' p(95)=321.32ms
    ✗ 'p(99)<600' p(99)=706.67ms

    http_req_duration{name:upload,phase:bench}
    ✗ 'p(95)<200' p(95)=348.55ms
    ✗ 'p(99)<600' p(99)=701.46ms

    http_req_failed{phase:bench}
    ✓ 'rate<0.01' rate=0.00%

    server_errors{phase:bench}
    ✓ 'rate<0.01' rate=0.00%


  █ TOTAL RESULTS 

    checks_total.......: 509419  931.339941/s
    checks_succeeded...: 100.00% 509419 out of 509419
    checks_failed......: 0.00%   0 out of 509419

    ✓ download as expected
    ✓ upload link 201
    ✓ confirm 200

    CUSTOM
    server_errors.............................: 0.00%  0 out of 509419
      { phase:bench }.........................: 0.00%  0 out of 361191

    HTTP
    http_req_duration.........................: med=11.26ms p(95)=307.77ms p(99)=773.27ms avg=57.82ms max=2.33s 
      { expected_response:true }..............: med=11.26ms p(95)=307.77ms p(99)=773.27ms avg=57.82ms max=2.33s 
      { name:confirm,phase:bench }............: med=19.46ms p(95)=328.18ms p(99)=697.31ms avg=64.95ms max=1.29s 
      { name:download_expired,phase:bench }...: med=0s      p(95)=0s       p(99)=0s       avg=0s      max=0s    
      { name:download,phase:bench }...........: med=17.14ms p(95)=321.32ms p(99)=706.67ms avg=62.1ms  max=1.54s 
      { name:upload,phase:bench }.............: med=24.86ms p(95)=348.55ms p(99)=701.46ms avg=70.38ms max=1.09s 
    http_req_failed...........................: 0.00%  0 out of 509419
      { phase:bench }.........................: 0.00%  0 out of 361022
    http_reqs.................................: 509419 931.339941/s

    EXECUTION
    iteration_duration........................: med=5.1s    p(95)=7.36s    p(99)=7.98s    avg=5.1s    max=11.41s
    iterations................................: 496475 907.675209/s
    vus.......................................: 1      min=0           max=6000
    vus_max...................................: 6000   min=4890        max=6000

    NETWORK
    data_received.............................: 1.2 GB 2.2 MB/s
    data_sent.................................: 411 MB 751 kB/s




running (9m07.0s), 0000/6000 VUs, 496475 complete and 0 interrupted iterations
users ✓ [ 100% ] 0000/6000 VUs  9m0s
time="2026-09-30T15:31:20Z" level=error msg="thresholds on metrics 'http_req_duration{name:confirm,phase:bench}, http_req_duration{name:download,phase:bench}, http_req_duration{name:upload,phase:bench}' have been crossed"
== 6000 users: fail
== resting 120s
== pass 3: 4500 users (passed up to 3000, failed from 6000)
TRUNCATE TABLE
SELECT 10000
ALTER TABLE
UPDATE 10000
INSERT 0 10000
COPY 10000
VACUUM
  expiry   | count 
-----------+-------
 HOURS24   |  3401
 MINUTES15 |  3241
 MINUTES30 |  3358
(3 rows)

 rows  |  table  | indexes |  total  
-------+---------+---------+---------
 10000 | 1112 kB | 1448 kB | 2560 kB
(1 row)

wrote /tmp/seed.csv (10000 files). Copy it to the load generator and run load-file-list.sh.
file list loaded: 10000 files
time="2026-09-30T15:33:22Z" level=info msg="Automatic extension resolution is enabled. The current k6 binary doesn't satisfy all dependencies, it's required to provision a custom binary." deps="k6;k6/x/redis"
time="2026-09-30T15:33:22Z" level=info msg="Using cached k6 binary" artifact_id=d29e86c20dd9a49cb84ea3c41fac5b8b8e524e06 deps="map[k6:v2.3.0 k6/x/redis:v0.4.3]" path=/home/admin/.cache/k6/builds/d29e86c20dd9a49cb84ea3c41fac5b8b8e524e06/k6

         /\      Grafana   /‾‾/  
    /\  /  \     |\  __   /  /   
   /  \/    \    | |/ /  /   ‾‾\ 
  /          \   |   (  |  (‾)  |
 / __________ \  |_|\_\  \_____/ 


     execution: local
        script: /home/admin/Mint-Bench/k6/mint.js
        output: csv (/home/admin/Mint-Bench/bench-sql/results/2026-09-30-1511/vus-4500/k6.csv.gz)

     scenarios: (100.00%) 1 scenario, 4500 max VUs, 9m30s max duration (incl. graceful stop):
              * users: Up to 4500 looping VUs for 9m0s over 3 stages (gracefulRampDown: 30s, gracefulStop: 30s)


running (0m00.1s), 0002/4500 VUs, 0 complete and 0 interrupted iterations
users   [   0% ] 0002/4500 VUs  0m00.1s/9m00.0s

running (0m01.1s), 0040/4500 VUs, 0 complete and 0 interrupted iterations
users   [   0% ] 0040/4500 VUs  0m01.1s/9m00.0s

running (0m02.1s), 0077/4500 VUs, 0 complete and 0 interrupted iterations
users   [   0% ] 0077/4500 VUs  0m02.1s/9m00.0s

running (0m03.1s), 0115/4500 VUs, 1 complete and 0 interrupted iterations
users   [   1% ] 0115/4500 VUs  0m03.1s/9m00.0s

running (0m04.1s), 0152/4500 VUs, 14 complete and 0 interrupted iterations
users   [   1% ] 0152/4500 VUs  0m04.1s/9m00.0s

running (0m05.1s), 0190/4500 VUs, 27 complete and 0 interrupted iterations
users   [   1% ] 0190/4500 VUs  0m05.1s/9m00.0s

running (0m06.1s), 0227/4500 VUs, 55 complete and 0 interrupted iterations
users   [   1% ] 0227/4500 VUs  0m06.1s/9m00.0s

running (0m07.1s), 0265/4500 VUs, 89 complete and 0 interrupted iterations
users   [   1% ] 0265/4500 VUs  0m07.1s/9m00.0s

running (0m08.1s), 0302/4500 VUs, 128 complete and 0 interrupted iterations
users   [   1% ] 0302/4500 VUs  0m08.1s/9m00.0s

running (0m09.1s), 0340/4500 VUs, 163 complete and 0 interrupted iterations
users   [   2% ] 0340/4500 VUs  0m09.1s/9m00.0s

running (0m10.1s), 0377/4500 VUs, 220 complete and 0 interrupted iterations
users   [   2% ] 0377/4500 VUs  0m10.1s/9m00.0s

running (0m11.1s), 0415/4500 VUs, 287 complete and 0 interrupted iterations
users   [   2% ] 0415/4500 VUs  0m11.1s/9m00.0s

running (0m12.1s), 0452/4500 VUs, 360 complete and 0 interrupted iterations
users   [   2% ] 0452/4500 VUs  0m12.1s/9m00.0s

running (0m13.1s), 0490/4500 VUs, 433 complete and 0 interrupted iterations
users   [   2% ] 0490/4500 VUs  0m13.1s/9m00.0s

running (0m14.1s), 0527/4500 VUs, 519 complete and 0 interrupted iterations
users   [   3% ] 0527/4500 VUs  0m14.1s/9m00.0s

running (0m15.1s), 0565/4500 VUs, 604 complete and 0 interrupted iterations
users   [   3% ] 0565/4500 VUs  0m15.1s/9m00.0s

running (0m16.1s), 0602/4500 VUs, 717 complete and 0 interrupted iterations
users   [   3% ] 0602/4500 VUs  0m16.1s/9m00.0s

running (0m17.1s), 0640/4500 VUs, 810 complete and 0 interrupted iterations
users   [   3% ] 0640/4500 VUs  0m17.1s/9m00.0s

running (0m18.1s), 0677/4500 VUs, 915 complete and 0 interrupted iterations
users   [   3% ] 0677/4500 VUs  0m18.1s/9m00.0s

running (0m19.1s), 0715/4500 VUs, 1053 complete and 0 interrupted iterations
users   [   4% ] 0715/4500 VUs  0m19.1s/9m00.0s

running (0m20.1s), 0752/4500 VUs, 1189 complete and 0 interrupted iterations
users   [   4% ] 0752/4500 VUs  0m20.1s/9m00.0s

running (0m21.1s), 0790/4500 VUs, 1312 complete and 0 interrupted iterations
users   [   4% ] 0790/4500 VUs  0m21.1s/9m00.0s

running (0m22.1s), 0827/4500 VUs, 1449 complete and 0 interrupted iterations
users   [   4% ] 0827/4500 VUs  0m22.1s/9m00.0s

running (0m23.1s), 0865/4500 VUs, 1611 complete and 0 interrupted iterations
users   [   4% ] 0865/4500 VUs  0m23.1s/9m00.0s

running (0m24.1s), 0902/4500 VUs, 1762 complete and 0 interrupted iterations
users   [   4% ] 0902/4500 VUs  0m24.1s/9m00.0s

running (0m25.1s), 0940/4500 VUs, 1917 complete and 0 interrupted iterations
users   [   5% ] 0940/4500 VUs  0m25.1s/9m00.0s

running (0m26.1s), 0977/4500 VUs, 2119 complete and 0 interrupted iterations
users   [   5% ] 0977/4500 VUs  0m26.1s/9m00.0s

running (0m27.1s), 1015/4500 VUs, 2288 complete and 0 interrupted iterations
users   [   5% ] 1015/4500 VUs  0m27.1s/9m00.0s

running (0m28.1s), 1052/4500 VUs, 2463 complete and 0 interrupted iterations
users   [   5% ] 1052/4500 VUs  0m28.1s/9m00.0s

running (0m29.1s), 1090/4500 VUs, 2639 complete and 0 interrupted iterations
users   [   5% ] 1090/4500 VUs  0m29.1s/9m00.0s

running (0m30.1s), 1127/4500 VUs, 2847 complete and 0 interrupted iterations
users   [   6% ] 1127/4500 VUs  0m30.1s/9m00.0s

running (0m31.1s), 1165/4500 VUs, 3073 complete and 0 interrupted iterations
users   [   6% ] 1165/4500 VUs  0m31.1s/9m00.0s

running (0m32.1s), 1202/4500 VUs, 3287 complete and 0 interrupted iterations
users   [   6% ] 1202/4500 VUs  0m32.1s/9m00.0s

running (0m33.1s), 1240/4500 VUs, 3514 complete and 0 interrupted iterations
users   [   6% ] 1240/4500 VUs  0m33.1s/9m00.0s

running (0m34.1s), 1277/4500 VUs, 3737 complete and 0 interrupted iterations
users   [   6% ] 1277/4500 VUs  0m34.1s/9m00.0s

running (0m35.1s), 1315/4500 VUs, 3996 complete and 0 interrupted iterations
users   [   6% ] 1315/4500 VUs  0m35.1s/9m00.0s

running (0m36.1s), 1352/4500 VUs, 4266 complete and 0 interrupted iterations
users   [   7% ] 1352/4500 VUs  0m36.1s/9m00.0s

running (0m37.1s), 1390/4500 VUs, 4497 complete and 0 interrupted iterations
users   [   7% ] 1390/4500 VUs  0m37.1s/9m00.0s

running (0m38.1s), 1427/4500 VUs, 4744 complete and 0 interrupted iterations
users   [   7% ] 1427/4500 VUs  0m38.1s/9m00.0s

running (0m39.1s), 1465/4500 VUs, 5001 complete and 0 interrupted iterations
users   [   7% ] 1465/4500 VUs  0m39.1s/9m00.0s

running (0m40.1s), 1502/4500 VUs, 5291 complete and 0 interrupted iterations
users   [   7% ] 1502/4500 VUs  0m40.1s/9m00.0s

running (0m41.1s), 1540/4500 VUs, 5578 complete and 0 interrupted iterations
users   [   8% ] 1540/4500 VUs  0m41.1s/9m00.0s

running (0m42.1s), 1577/4500 VUs, 5881 complete and 0 interrupted iterations
users   [   8% ] 1577/4500 VUs  0m42.1s/9m00.0s

running (0m43.1s), 1615/4500 VUs, 6196 complete and 0 interrupted iterations
users   [   8% ] 1615/4500 VUs  0m43.1s/9m00.0s

running (0m44.1s), 1652/4500 VUs, 6499 complete and 0 interrupted iterations
users   [   8% ] 1652/4500 VUs  0m44.1s/9m00.0s

running (0m45.1s), 1690/4500 VUs, 6793 complete and 0 interrupted iterations
users   [   8% ] 1690/4500 VUs  0m45.1s/9m00.0s

running (0m46.1s), 1727/4500 VUs, 7129 complete and 0 interrupted iterations
users   [   9% ] 1727/4500 VUs  0m46.1s/9m00.0s

running (0m47.1s), 1765/4500 VUs, 7439 complete and 0 interrupted iterations
users   [   9% ] 1765/4500 VUs  0m47.1s/9m00.0s

running (0m48.1s), 1802/4500 VUs, 7765 complete and 0 interrupted iterations
users   [   9% ] 1802/4500 VUs  0m48.1s/9m00.0s

running (0m49.1s), 1840/4500 VUs, 8129 complete and 0 interrupted iterations
users   [   9% ] 1840/4500 VUs  0m49.1s/9m00.0s

running (0m50.1s), 1877/4500 VUs, 8503 complete and 0 interrupted iterations
users   [   9% ] 1877/4500 VUs  0m50.1s/9m00.0s

running (0m51.1s), 1915/4500 VUs, 8859 complete and 0 interrupted iterations
users   [   9% ] 1915/4500 VUs  0m51.1s/9m00.0s

running (0m52.1s), 1952/4500 VUs, 9169 complete and 0 interrupted iterations
users   [  10% ] 1952/4500 VUs  0m52.1s/9m00.0s

running (0m53.1s), 1990/4500 VUs, 9572 complete and 0 interrupted iterations
users   [  10% ] 1990/4500 VUs  0m53.1s/9m00.0s

running (0m54.1s), 2027/4500 VUs, 9944 complete and 0 interrupted iterations
users   [  10% ] 2027/4500 VUs  0m54.1s/9m00.0s

running (0m55.1s), 2065/4500 VUs, 10345 complete and 0 interrupted iterations
users   [  10% ] 2065/4500 VUs  0m55.1s/9m00.0s

running (0m56.1s), 2102/4500 VUs, 10736 complete and 0 interrupted iterations
users   [  10% ] 2102/4500 VUs  0m56.1s/9m00.0s

running (0m57.1s), 2140/4500 VUs, 11146 complete and 0 interrupted iterations
users   [  11% ] 2140/4500 VUs  0m57.1s/9m00.0s

running (0m58.1s), 2177/4500 VUs, 11552 complete and 0 interrupted iterations
users   [  11% ] 2177/4500 VUs  0m58.1s/9m00.0s

running (0m59.1s), 2215/4500 VUs, 11961 complete and 0 interrupted iterations
users   [  11% ] 2215/4500 VUs  0m59.1s/9m00.0s

running (1m00.1s), 2252/4500 VUs, 12374 complete and 0 interrupted iterations
users   [  11% ] 2252/4500 VUs  1m00.1s/9m00.0s

running (1m01.1s), 2290/4500 VUs, 12834 complete and 0 interrupted iterations
users   [  11% ] 2290/4500 VUs  1m01.1s/9m00.0s

running (1m02.1s), 2327/4500 VUs, 13255 complete and 0 interrupted iterations
users   [  11% ] 2327/4500 VUs  1m02.1s/9m00.0s

running (1m03.1s), 2365/4500 VUs, 13713 complete and 0 interrupted iterations
users   [  12% ] 2365/4500 VUs  1m03.1s/9m00.0s

running (1m04.1s), 2402/4500 VUs, 14155 complete and 0 interrupted iterations
users   [  12% ] 2402/4500 VUs  1m04.1s/9m00.0s

running (1m05.1s), 2440/4500 VUs, 14621 complete and 0 interrupted iterations
users   [  12% ] 2440/4500 VUs  1m05.1s/9m00.0s

running (1m06.1s), 2477/4500 VUs, 15085 complete and 0 interrupted iterations
users   [  12% ] 2477/4500 VUs  1m06.1s/9m00.0s

running (1m07.1s), 2515/4500 VUs, 15569 complete and 0 interrupted iterations
users   [  12% ] 2515/4500 VUs  1m07.1s/9m00.0s

running (1m08.1s), 2552/4500 VUs, 16058 complete and 0 interrupted iterations
users   [  13% ] 2552/4500 VUs  1m08.1s/9m00.0s

running (1m09.1s), 2590/4500 VUs, 16522 complete and 0 interrupted iterations
users   [  13% ] 2590/4500 VUs  1m09.1s/9m00.0s

running (1m10.1s), 2627/4500 VUs, 17046 complete and 0 interrupted iterations
users   [  13% ] 2627/4500 VUs  1m10.1s/9m00.0s

running (1m11.1s), 2665/4500 VUs, 17539 complete and 0 interrupted iterations
users   [  13% ] 2665/4500 VUs  1m11.1s/9m00.0s

running (1m12.1s), 2702/4500 VUs, 18063 complete and 0 interrupted iterations
users   [  13% ] 2702/4500 VUs  1m12.1s/9m00.0s

running (1m13.1s), 2740/4500 VUs, 18557 complete and 0 interrupted iterations
users   [  14% ] 2740/4500 VUs  1m13.1s/9m00.0s

running (1m14.1s), 2777/4500 VUs, 19073 complete and 0 interrupted iterations
users   [  14% ] 2777/4500 VUs  1m14.1s/9m00.0s

running (1m15.1s), 2815/4500 VUs, 19624 complete and 0 interrupted iterations
users   [  14% ] 2815/4500 VUs  1m15.1s/9m00.0s

running (1m16.1s), 2852/4500 VUs, 20207 complete and 0 interrupted iterations
users   [  14% ] 2852/4500 VUs  1m16.1s/9m00.0s

running (1m17.1s), 2890/4500 VUs, 20741 complete and 0 interrupted iterations
users   [  14% ] 2890/4500 VUs  1m17.1s/9m00.0s

running (1m18.1s), 2927/4500 VUs, 21252 complete and 0 interrupted iterations
users   [  14% ] 2927/4500 VUs  1m18.1s/9m00.0s

running (1m19.1s), 2965/4500 VUs, 21820 complete and 0 interrupted iterations
users   [  15% ] 2965/4500 VUs  1m19.1s/9m00.0s

running (1m20.1s), 3002/4500 VUs, 22402 complete and 0 interrupted iterations
users   [  15% ] 3002/4500 VUs  1m20.1s/9m00.0s

running (1m21.1s), 3040/4500 VUs, 22981 complete and 0 interrupted iterations
users   [  15% ] 3040/4500 VUs  1m21.1s/9m00.0s

running (1m22.1s), 3077/4500 VUs, 23601 complete and 0 interrupted iterations
users   [  15% ] 3077/4500 VUs  1m22.1s/9m00.0s

running (1m23.1s), 3115/4500 VUs, 24214 complete and 0 interrupted iterations
users   [  15% ] 3115/4500 VUs  1m23.1s/9m00.0s

running (1m24.1s), 3152/4500 VUs, 24780 complete and 0 interrupted iterations
users   [  16% ] 3152/4500 VUs  1m24.1s/9m00.0s

running (1m25.1s), 3190/4500 VUs, 25380 complete and 0 interrupted iterations
users   [  16% ] 3190/4500 VUs  1m25.1s/9m00.0s

running (1m26.1s), 3227/4500 VUs, 26010 complete and 0 interrupted iterations
users   [  16% ] 3227/4500 VUs  1m26.1s/9m00.0s

running (1m27.1s), 3265/4500 VUs, 26641 complete and 0 interrupted iterations
users   [  16% ] 3265/4500 VUs  1m27.1s/9m00.0s

running (1m28.1s), 3302/4500 VUs, 27294 complete and 0 interrupted iterations
users   [  16% ] 3302/4500 VUs  1m28.1s/9m00.0s

running (1m29.1s), 3340/4500 VUs, 27876 complete and 0 interrupted iterations
users   [  16% ] 3340/4500 VUs  1m29.1s/9m00.0s

running (1m30.1s), 3377/4500 VUs, 28521 complete and 0 interrupted iterations
users   [  17% ] 3377/4500 VUs  1m30.1s/9m00.0s

running (1m31.1s), 3415/4500 VUs, 29180 complete and 0 interrupted iterations
users   [  17% ] 3415/4500 VUs  1m31.1s/9m00.0s

running (1m32.1s), 3452/4500 VUs, 29840 complete and 0 interrupted iterations
users   [  17% ] 3452/4500 VUs  1m32.1s/9m00.0s

running (1m33.1s), 3490/4500 VUs, 30485 complete and 0 interrupted iterations
users   [  17% ] 3490/4500 VUs  1m33.1s/9m00.0s

running (1m34.1s), 3527/4500 VUs, 31189 complete and 0 interrupted iterations
users   [  17% ] 3527/4500 VUs  1m34.1s/9m00.0s

running (1m35.1s), 3565/4500 VUs, 31879 complete and 0 interrupted iterations
users   [  18% ] 3565/4500 VUs  1m35.1s/9m00.0s

running (1m36.1s), 3602/4500 VUs, 32504 complete and 0 interrupted iterations
users   [  18% ] 3602/4500 VUs  1m36.1s/9m00.0s

running (1m37.1s), 3640/4500 VUs, 33209 complete and 0 interrupted iterations
users   [  18% ] 3640/4500 VUs  1m37.1s/9m00.0s

running (1m38.1s), 3677/4500 VUs, 33924 complete and 0 interrupted iterations
users   [  18% ] 3677/4500 VUs  1m38.1s/9m00.0s

running (1m39.1s), 3715/4500 VUs, 34659 complete and 0 interrupted iterations
users   [  18% ] 3715/4500 VUs  1m39.1s/9m00.0s

running (1m40.1s), 3752/4500 VUs, 35326 complete and 0 interrupted iterations
users   [  19% ] 3752/4500 VUs  1m40.1s/9m00.0s

running (1m41.1s), 3790/4500 VUs, 36082 complete and 0 interrupted iterations
users   [  19% ] 3790/4500 VUs  1m41.1s/9m00.0s

running (1m42.1s), 3827/4500 VUs, 36798 complete and 0 interrupted iterations
users   [  19% ] 3827/4500 VUs  1m42.1s/9m00.0s

running (1m43.1s), 3865/4500 VUs, 37533 complete and 0 interrupted iterations
users   [  19% ] 3865/4500 VUs  1m43.1s/9m00.0s

running (1m44.1s), 3902/4500 VUs, 38267 complete and 0 interrupted iterations
users   [  19% ] 3902/4500 VUs  1m44.1s/9m00.0s

running (1m45.1s), 3940/4500 VUs, 39095 complete and 0 interrupted iterations
users   [  19% ] 3940/4500 VUs  1m45.1s/9m00.0s

running (1m46.1s), 3977/4500 VUs, 39831 complete and 0 interrupted iterations
users   [  20% ] 3977/4500 VUs  1m46.1s/9m00.0s

running (1m47.1s), 4015/4500 VUs, 40599 complete and 0 interrupted iterations
users   [  20% ] 4015/4500 VUs  1m47.1s/9m00.0s

running (1m48.1s), 4052/4500 VUs, 41388 complete and 0 interrupted iterations
users   [  20% ] 4052/4500 VUs  1m48.1s/9m00.0s

running (1m49.1s), 4090/4500 VUs, 42201 complete and 0 interrupted iterations
users   [  20% ] 4090/4500 VUs  1m49.1s/9m00.0s

running (1m50.1s), 4127/4500 VUs, 42961 complete and 0 interrupted iterations
users   [  20% ] 4127/4500 VUs  1m50.1s/9m00.0s

running (1m51.1s), 4165/4500 VUs, 43771 complete and 0 interrupted iterations
users   [  21% ] 4165/4500 VUs  1m51.1s/9m00.0s

running (1m52.1s), 4202/4500 VUs, 44597 complete and 0 interrupted iterations
users   [  21% ] 4202/4500 VUs  1m52.1s/9m00.0s

running (1m53.1s), 4240/4500 VUs, 45395 complete and 0 interrupted iterations
users   [  21% ] 4240/4500 VUs  1m53.1s/9m00.0s

running (1m54.1s), 4277/4500 VUs, 46233 complete and 0 interrupted iterations
users   [  21% ] 4277/4500 VUs  1m54.1s/9m00.0s

running (1m55.1s), 4315/4500 VUs, 47079 complete and 0 interrupted iterations
users   [  21% ] 4315/4500 VUs  1m55.1s/9m00.0s

running (1m56.1s), 4352/4500 VUs, 47909 complete and 0 interrupted iterations
users   [  21% ] 4352/4500 VUs  1m56.1s/9m00.0s

running (1m57.1s), 4390/4500 VUs, 48764 complete and 0 interrupted iterations
users   [  22% ] 4390/4500 VUs  1m57.1s/9m00.0s

running (1m58.1s), 4427/4500 VUs, 49641 complete and 0 interrupted iterations
users   [  22% ] 4427/4500 VUs  1m58.1s/9m00.0s

running (1m59.1s), 4465/4500 VUs, 50433 complete and 0 interrupted iterations
users   [  22% ] 4465/4500 VUs  1m59.1s/9m00.0s

running (2m00.1s), 4500/4500 VUs, 51312 complete and 0 interrupted iterations
users   [  22% ] 4500/4500 VUs  2m00.1s/9m00.0s

running (2m01.1s), 4500/4500 VUs, 52231 complete and 0 interrupted iterations
users   [  22% ] 4500/4500 VUs  2m01.1s/9m00.0s

running (2m02.1s), 4500/4500 VUs, 53086 complete and 0 interrupted iterations
users   [  23% ] 4500/4500 VUs  2m02.1s/9m00.0s

running (2m03.1s), 4500/4500 VUs, 54033 complete and 0 interrupted iterations
users   [  23% ] 4500/4500 VUs  2m03.1s/9m00.0s

running (2m04.1s), 4500/4500 VUs, 54960 complete and 0 interrupted iterations
users   [  23% ] 4500/4500 VUs  2m04.1s/9m00.0s

running (2m05.1s), 4500/4500 VUs, 55812 complete and 0 interrupted iterations
users   [  23% ] 4500/4500 VUs  2m05.1s/9m00.0s

running (2m06.1s), 4500/4500 VUs, 56644 complete and 0 interrupted iterations
users   [  23% ] 4500/4500 VUs  2m06.1s/9m00.0s

running (2m07.1s), 4500/4500 VUs, 57545 complete and 0 interrupted iterations
users   [  24% ] 4500/4500 VUs  2m07.1s/9m00.0s

running (2m08.1s), 4500/4500 VUs, 58437 complete and 0 interrupted iterations
users   [  24% ] 4500/4500 VUs  2m08.1s/9m00.0s

running (2m09.1s), 4500/4500 VUs, 59362 complete and 0 interrupted iterations
users   [  24% ] 4500/4500 VUs  2m09.1s/9m00.0s

running (2m10.1s), 4500/4500 VUs, 60242 complete and 0 interrupted iterations
users   [  24% ] 4500/4500 VUs  2m10.1s/9m00.0s

running (2m11.1s), 4500/4500 VUs, 61107 complete and 0 interrupted iterations
users   [  24% ] 4500/4500 VUs  2m11.1s/9m00.0s

running (2m12.1s), 4500/4500 VUs, 62009 complete and 0 interrupted iterations
users   [  24% ] 4500/4500 VUs  2m12.1s/9m00.0s

running (2m13.1s), 4500/4500 VUs, 62886 complete and 0 interrupted iterations
users   [  25% ] 4500/4500 VUs  2m13.1s/9m00.0s

running (2m14.1s), 4500/4500 VUs, 63777 complete and 0 interrupted iterations
users   [  25% ] 4500/4500 VUs  2m14.1s/9m00.0s

running (2m15.1s), 4500/4500 VUs, 64690 complete and 0 interrupted iterations
users   [  25% ] 4500/4500 VUs  2m15.1s/9m00.0s

running (2m16.1s), 4500/4500 VUs, 65553 complete and 0 interrupted iterations
users   [  25% ] 4500/4500 VUs  2m16.1s/9m00.0s

running (2m17.1s), 4500/4500 VUs, 66432 complete and 0 interrupted iterations
users   [  25% ] 4500/4500 VUs  2m17.1s/9m00.0s

running (2m18.1s), 4500/4500 VUs, 67332 complete and 0 interrupted iterations
users   [  26% ] 4500/4500 VUs  2m18.1s/9m00.0s

running (2m19.1s), 4500/4500 VUs, 68219 complete and 0 interrupted iterations
users   [  26% ] 4500/4500 VUs  2m19.1s/9m00.0s

running (2m20.1s), 4500/4500 VUs, 69129 complete and 0 interrupted iterations
users   [  26% ] 4500/4500 VUs  2m20.1s/9m00.0s

running (2m21.1s), 4500/4500 VUs, 69977 complete and 0 interrupted iterations
users   [  26% ] 4500/4500 VUs  2m21.1s/9m00.0s

running (2m22.1s), 4500/4500 VUs, 70824 complete and 0 interrupted iterations
users   [  26% ] 4500/4500 VUs  2m22.1s/9m00.0s

running (2m23.1s), 4500/4500 VUs, 71714 complete and 0 interrupted iterations
users   [  26% ] 4500/4500 VUs  2m23.1s/9m00.0s

running (2m24.1s), 4500/4500 VUs, 72593 complete and 0 interrupted iterations
users   [  27% ] 4500/4500 VUs  2m24.1s/9m00.0s

running (2m25.1s), 4500/4500 VUs, 73490 complete and 0 interrupted iterations
users   [  27% ] 4500/4500 VUs  2m25.1s/9m00.0s

running (2m26.1s), 4500/4500 VUs, 74395 complete and 0 interrupted iterations
users   [  27% ] 4500/4500 VUs  2m26.1s/9m00.0s

running (2m27.1s), 4500/4500 VUs, 75291 complete and 0 interrupted iterations
users   [  27% ] 4500/4500 VUs  2m27.1s/9m00.0s

running (2m28.1s), 4500/4500 VUs, 76166 complete and 0 interrupted iterations
users   [  27% ] 4500/4500 VUs  2m28.1s/9m00.0s

running (2m29.1s), 4500/4500 VUs, 77075 complete and 0 interrupted iterations
users   [  28% ] 4500/4500 VUs  2m29.1s/9m00.0s

running (2m30.1s), 4500/4500 VUs, 77990 complete and 0 interrupted iterations
users   [  28% ] 4500/4500 VUs  2m30.1s/9m00.0s

running (2m31.1s), 4500/4500 VUs, 78861 complete and 0 interrupted iterations
users   [  28% ] 4500/4500 VUs  2m31.1s/9m00.0s

running (2m32.1s), 4500/4500 VUs, 79762 complete and 0 interrupted iterations
users   [  28% ] 4500/4500 VUs  2m32.1s/9m00.0s

running (2m33.1s), 4500/4500 VUs, 80666 complete and 0 interrupted iterations
users   [  28% ] 4500/4500 VUs  2m33.1s/9m00.0s

running (2m34.1s), 4500/4500 VUs, 81530 complete and 0 interrupted iterations
users   [  29% ] 4500/4500 VUs  2m34.1s/9m00.0s

running (2m35.1s), 4500/4500 VUs, 82400 complete and 0 interrupted iterations
users   [  29% ] 4500/4500 VUs  2m35.1s/9m00.0s

running (2m36.1s), 4500/4500 VUs, 83315 complete and 0 interrupted iterations
users   [  29% ] 4500/4500 VUs  2m36.1s/9m00.0s

running (2m37.1s), 4500/4500 VUs, 84203 complete and 0 interrupted iterations
users   [  29% ] 4500/4500 VUs  2m37.1s/9m00.0s

running (2m38.1s), 4500/4500 VUs, 85090 complete and 0 interrupted iterations
users   [  29% ] 4500/4500 VUs  2m38.1s/9m00.0s

running (2m39.1s), 4500/4500 VUs, 85971 complete and 0 interrupted iterations
users   [  29% ] 4500/4500 VUs  2m39.1s/9m00.0s

running (2m40.1s), 4500/4500 VUs, 86871 complete and 0 interrupted iterations
users   [  30% ] 4500/4500 VUs  2m40.1s/9m00.0s

running (2m41.1s), 4500/4500 VUs, 87677 complete and 0 interrupted iterations
users   [  30% ] 4500/4500 VUs  2m41.1s/9m00.0s

running (2m42.1s), 4500/4500 VUs, 88505 complete and 0 interrupted iterations
users   [  30% ] 4500/4500 VUs  2m42.1s/9m00.0s

running (2m43.1s), 4500/4500 VUs, 89388 complete and 0 interrupted iterations
users   [  30% ] 4500/4500 VUs  2m43.1s/9m00.0s

running (2m44.1s), 4500/4500 VUs, 90264 complete and 0 interrupted iterations
users   [  30% ] 4500/4500 VUs  2m44.1s/9m00.0s

running (2m45.1s), 4500/4500 VUs, 91098 complete and 0 interrupted iterations
users   [  31% ] 4500/4500 VUs  2m45.1s/9m00.0s

running (2m46.1s), 4500/4500 VUs, 91993 complete and 0 interrupted iterations
users   [  31% ] 4500/4500 VUs  2m46.1s/9m00.0s

running (2m47.1s), 4500/4500 VUs, 92992 complete and 0 interrupted iterations
users   [  31% ] 4500/4500 VUs  2m47.1s/9m00.0s

running (2m48.1s), 4500/4500 VUs, 93846 complete and 0 interrupted iterations
users   [  31% ] 4500/4500 VUs  2m48.1s/9m00.0s

running (2m49.1s), 4500/4500 VUs, 94678 complete and 0 interrupted iterations
users   [  31% ] 4500/4500 VUs  2m49.1s/9m00.0s

running (2m50.1s), 4500/4500 VUs, 95585 complete and 0 interrupted iterations
users   [  31% ] 4500/4500 VUs  2m50.1s/9m00.0s

running (2m51.1s), 4500/4500 VUs, 96469 complete and 0 interrupted iterations
users   [  32% ] 4500/4500 VUs  2m51.1s/9m00.0s

running (2m52.1s), 4500/4500 VUs, 97388 complete and 0 interrupted iterations
users   [  32% ] 4500/4500 VUs  2m52.1s/9m00.0s

running (2m53.1s), 4500/4500 VUs, 98270 complete and 0 interrupted iterations
users   [  32% ] 4500/4500 VUs  2m53.1s/9m00.0s

running (2m54.1s), 4500/4500 VUs, 99151 complete and 0 interrupted iterations
users   [  32% ] 4500/4500 VUs  2m54.1s/9m00.0s

running (2m55.1s), 4500/4500 VUs, 100023 complete and 0 interrupted iterations
users   [  32% ] 4500/4500 VUs  2m55.1s/9m00.0s

running (2m56.1s), 4500/4500 VUs, 100951 complete and 0 interrupted iterations
users   [  33% ] 4500/4500 VUs  2m56.1s/9m00.0s

running (2m57.1s), 4500/4500 VUs, 101882 complete and 0 interrupted iterations
users   [  33% ] 4500/4500 VUs  2m57.1s/9m00.0s

running (2m58.1s), 4500/4500 VUs, 102723 complete and 0 interrupted iterations
users   [  33% ] 4500/4500 VUs  2m58.1s/9m00.0s

running (2m59.1s), 4500/4500 VUs, 103652 complete and 0 interrupted iterations
users   [  33% ] 4500/4500 VUs  2m59.1s/9m00.0s

running (3m00.1s), 4500/4500 VUs, 104537 complete and 0 interrupted iterations
users   [  33% ] 4500/4500 VUs  3m00.1s/9m00.0s

running (3m01.1s), 4500/4500 VUs, 105401 complete and 0 interrupted iterations
users   [  34% ] 4500/4500 VUs  3m01.1s/9m00.0s

running (3m02.1s), 4500/4500 VUs, 106357 complete and 0 interrupted iterations
users   [  34% ] 4500/4500 VUs  3m02.1s/9m00.0s

running (3m03.1s), 4500/4500 VUs, 107263 complete and 0 interrupted iterations
users   [  34% ] 4500/4500 VUs  3m03.1s/9m00.0s

running (3m04.1s), 4500/4500 VUs, 108095 complete and 0 interrupted iterations
users   [  34% ] 4500/4500 VUs  3m04.1s/9m00.0s

running (3m05.1s), 4500/4500 VUs, 108968 complete and 0 interrupted iterations
users   [  34% ] 4500/4500 VUs  3m05.1s/9m00.0s

running (3m06.1s), 4500/4500 VUs, 109896 complete and 0 interrupted iterations
users   [  34% ] 4500/4500 VUs  3m06.1s/9m00.0s

running (3m07.1s), 4500/4500 VUs, 110759 complete and 0 interrupted iterations
users   [  35% ] 4500/4500 VUs  3m07.1s/9m00.0s

running (3m08.1s), 4500/4500 VUs, 111643 complete and 0 interrupted iterations
users   [  35% ] 4500/4500 VUs  3m08.1s/9m00.0s

running (3m09.1s), 4500/4500 VUs, 112508 complete and 0 interrupted iterations
users   [  35% ] 4500/4500 VUs  3m09.1s/9m00.0s

running (3m10.1s), 4500/4500 VUs, 113431 complete and 0 interrupted iterations
users   [  35% ] 4500/4500 VUs  3m10.1s/9m00.0s

running (3m11.1s), 4500/4500 VUs, 114279 complete and 0 interrupted iterations
users   [  35% ] 4500/4500 VUs  3m11.1s/9m00.0s

running (3m12.1s), 4500/4500 VUs, 115186 complete and 0 interrupted iterations
users   [  36% ] 4500/4500 VUs  3m12.1s/9m00.0s

running (3m13.1s), 4500/4500 VUs, 116082 complete and 0 interrupted iterations
users   [  36% ] 4500/4500 VUs  3m13.1s/9m00.0s

running (3m14.1s), 4500/4500 VUs, 117000 complete and 0 interrupted iterations
users   [  36% ] 4500/4500 VUs  3m14.1s/9m00.0s

running (3m15.1s), 4500/4500 VUs, 117913 complete and 0 interrupted iterations
users   [  36% ] 4500/4500 VUs  3m15.1s/9m00.0s

running (3m16.1s), 4500/4500 VUs, 118786 complete and 0 interrupted iterations
users   [  36% ] 4500/4500 VUs  3m16.1s/9m00.0s

running (3m17.1s), 4500/4500 VUs, 119681 complete and 0 interrupted iterations
users   [  36% ] 4500/4500 VUs  3m17.1s/9m00.0s

running (3m18.1s), 4500/4500 VUs, 120607 complete and 0 interrupted iterations
users   [  37% ] 4500/4500 VUs  3m18.1s/9m00.0s

running (3m19.1s), 4500/4500 VUs, 121488 complete and 0 interrupted iterations
users   [  37% ] 4500/4500 VUs  3m19.1s/9m00.0s

running (3m20.1s), 4500/4500 VUs, 122369 complete and 0 interrupted iterations
users   [  37% ] 4500/4500 VUs  3m20.1s/9m00.0s

running (3m21.1s), 4500/4500 VUs, 123275 complete and 0 interrupted iterations
users   [  37% ] 4500/4500 VUs  3m21.1s/9m00.0s

running (3m22.1s), 4500/4500 VUs, 124140 complete and 0 interrupted iterations
users   [  37% ] 4500/4500 VUs  3m22.1s/9m00.0s

running (3m23.1s), 4500/4500 VUs, 125035 complete and 0 interrupted iterations
users   [  38% ] 4500/4500 VUs  3m23.1s/9m00.0s

running (3m24.1s), 4500/4500 VUs, 125943 complete and 0 interrupted iterations
users   [  38% ] 4500/4500 VUs  3m24.1s/9m00.0s

running (3m25.1s), 4500/4500 VUs, 126782 complete and 0 interrupted iterations
users   [  38% ] 4500/4500 VUs  3m25.1s/9m00.0s

running (3m26.1s), 4500/4500 VUs, 127690 complete and 0 interrupted iterations
users   [  38% ] 4500/4500 VUs  3m26.1s/9m00.0s

running (3m27.1s), 4500/4500 VUs, 128605 complete and 0 interrupted iterations
users   [  38% ] 4500/4500 VUs  3m27.1s/9m00.0s

running (3m28.1s), 4500/4500 VUs, 129486 complete and 0 interrupted iterations
users   [  39% ] 4500/4500 VUs  3m28.1s/9m00.0s

running (3m29.1s), 4500/4500 VUs, 130354 complete and 0 interrupted iterations
users   [  39% ] 4500/4500 VUs  3m29.1s/9m00.0s

running (3m30.1s), 4500/4500 VUs, 131250 complete and 0 interrupted iterations
users   [  39% ] 4500/4500 VUs  3m30.1s/9m00.0s

running (3m31.1s), 4500/4500 VUs, 132118 complete and 0 interrupted iterations
users   [  39% ] 4500/4500 VUs  3m31.1s/9m00.0s

running (3m32.1s), 4500/4500 VUs, 132994 complete and 0 interrupted iterations
users   [  39% ] 4500/4500 VUs  3m32.1s/9m00.0s

running (3m33.1s), 4500/4500 VUs, 133912 complete and 0 interrupted iterations
users   [  39% ] 4500/4500 VUs  3m33.1s/9m00.0s

running (3m34.1s), 4500/4500 VUs, 134817 complete and 0 interrupted iterations
users   [  40% ] 4500/4500 VUs  3m34.1s/9m00.0s

running (3m35.1s), 4500/4500 VUs, 135688 complete and 0 interrupted iterations
users   [  40% ] 4500/4500 VUs  3m35.1s/9m00.0s

running (3m36.1s), 4500/4500 VUs, 136550 complete and 0 interrupted iterations
users   [  40% ] 4500/4500 VUs  3m36.1s/9m00.0s

running (3m37.1s), 4500/4500 VUs, 137434 complete and 0 interrupted iterations
users   [  40% ] 4500/4500 VUs  3m37.1s/9m00.0s

running (3m38.1s), 4500/4500 VUs, 138360 complete and 0 interrupted iterations
users   [  40% ] 4500/4500 VUs  3m38.1s/9m00.0s

running (3m39.1s), 4500/4500 VUs, 139192 complete and 0 interrupted iterations
users   [  41% ] 4500/4500 VUs  3m39.1s/9m00.0s

running (3m40.1s), 4500/4500 VUs, 140113 complete and 0 interrupted iterations
users   [  41% ] 4500/4500 VUs  3m40.1s/9m00.0s

running (3m41.1s), 4500/4500 VUs, 140988 complete and 0 interrupted iterations
users   [  41% ] 4500/4500 VUs  3m41.1s/9m00.0s

running (3m42.1s), 4500/4500 VUs, 141920 complete and 0 interrupted iterations
users   [  41% ] 4500/4500 VUs  3m42.1s/9m00.0s

running (3m43.1s), 4500/4500 VUs, 142809 complete and 0 interrupted iterations
users   [  41% ] 4500/4500 VUs  3m43.1s/9m00.0s

running (3m44.1s), 4500/4500 VUs, 143689 complete and 0 interrupted iterations
users   [  41% ] 4500/4500 VUs  3m44.1s/9m00.0s

running (3m45.1s), 4500/4500 VUs, 144554 complete and 0 interrupted iterations
users   [  42% ] 4500/4500 VUs  3m45.1s/9m00.0s

running (3m46.1s), 4500/4500 VUs, 145438 complete and 0 interrupted iterations
users   [  42% ] 4500/4500 VUs  3m46.1s/9m00.0s

running (3m47.1s), 4500/4500 VUs, 146352 complete and 0 interrupted iterations
users   [  42% ] 4500/4500 VUs  3m47.1s/9m00.0s

running (3m48.1s), 4500/4500 VUs, 147247 complete and 0 interrupted iterations
users   [  42% ] 4500/4500 VUs  3m48.1s/9m00.0s

running (3m49.1s), 4500/4500 VUs, 148125 complete and 0 interrupted iterations
users   [  42% ] 4500/4500 VUs  3m49.1s/9m00.0s

running (3m50.1s), 4500/4500 VUs, 149003 complete and 0 interrupted iterations
users   [  43% ] 4500/4500 VUs  3m50.1s/9m00.0s

running (3m51.1s), 4500/4500 VUs, 149895 complete and 0 interrupted iterations
users   [  43% ] 4500/4500 VUs  3m51.1s/9m00.0s

running (3m52.1s), 4500/4500 VUs, 150789 complete and 0 interrupted iterations
users   [  43% ] 4500/4500 VUs  3m52.1s/9m00.0s

running (3m53.1s), 4500/4500 VUs, 151631 complete and 0 interrupted iterations
users   [  43% ] 4500/4500 VUs  3m53.1s/9m00.0s

running (3m54.1s), 4500/4500 VUs, 152543 complete and 0 interrupted iterations
users   [  43% ] 4500/4500 VUs  3m54.1s/9m00.0s

running (3m55.1s), 4500/4500 VUs, 153441 complete and 0 interrupted iterations
users   [  44% ] 4500/4500 VUs  3m55.1s/9m00.0s

running (3m56.1s), 4500/4500 VUs, 154353 complete and 0 interrupted iterations
users   [  44% ] 4500/4500 VUs  3m56.1s/9m00.0s

running (3m57.1s), 4500/4500 VUs, 155231 complete and 0 interrupted iterations
users   [  44% ] 4500/4500 VUs  3m57.1s/9m00.0s

running (3m58.1s), 4500/4500 VUs, 156133 complete and 0 interrupted iterations
users   [  44% ] 4500/4500 VUs  3m58.1s/9m00.0s

running (3m59.1s), 4500/4500 VUs, 156984 complete and 0 interrupted iterations
users   [  44% ] 4500/4500 VUs  3m59.1s/9m00.0s

running (4m00.1s), 4500/4500 VUs, 157882 complete and 0 interrupted iterations
users   [  44% ] 4500/4500 VUs  4m00.1s/9m00.0s

running (4m01.1s), 4500/4500 VUs, 158776 complete and 0 interrupted iterations
users   [  45% ] 4500/4500 VUs  4m01.1s/9m00.0s

running (4m02.1s), 4500/4500 VUs, 159664 complete and 0 interrupted iterations
users   [  45% ] 4500/4500 VUs  4m02.1s/9m00.0s

running (4m03.1s), 4500/4500 VUs, 160546 complete and 0 interrupted iterations
users   [  45% ] 4500/4500 VUs  4m03.1s/9m00.0s

running (4m04.1s), 4500/4500 VUs, 161448 complete and 0 interrupted iterations
users   [  45% ] 4500/4500 VUs  4m04.1s/9m00.0s

running (4m05.1s), 4500/4500 VUs, 162349 complete and 0 interrupted iterations
users   [  45% ] 4500/4500 VUs  4m05.1s/9m00.0s

running (4m06.1s), 4500/4500 VUs, 163253 complete and 0 interrupted iterations
users   [  46% ] 4500/4500 VUs  4m06.1s/9m00.0s

running (4m07.1s), 4500/4500 VUs, 164134 complete and 0 interrupted iterations
users   [  46% ] 4500/4500 VUs  4m07.1s/9m00.0s

running (4m08.1s), 4500/4500 VUs, 165045 complete and 0 interrupted iterations
users   [  46% ] 4500/4500 VUs  4m08.1s/9m00.0s

running (4m09.1s), 4500/4500 VUs, 165903 complete and 0 interrupted iterations
users   [  46% ] 4500/4500 VUs  4m09.1s/9m00.0s

running (4m10.1s), 4500/4500 VUs, 166766 complete and 0 interrupted iterations
users   [  46% ] 4500/4500 VUs  4m10.1s/9m00.0s

running (4m11.1s), 4500/4500 VUs, 167654 complete and 0 interrupted iterations
users   [  46% ] 4500/4500 VUs  4m11.1s/9m00.0s

running (4m12.1s), 4500/4500 VUs, 168554 complete and 0 interrupted iterations
users   [  47% ] 4500/4500 VUs  4m12.1s/9m00.0s

running (4m13.1s), 4500/4500 VUs, 169452 complete and 0 interrupted iterations
users   [  47% ] 4500/4500 VUs  4m13.1s/9m00.0s

running (4m14.1s), 4500/4500 VUs, 170358 complete and 0 interrupted iterations
users   [  47% ] 4500/4500 VUs  4m14.1s/9m00.0s

running (4m15.1s), 4500/4500 VUs, 171277 complete and 0 interrupted iterations
users   [  47% ] 4500/4500 VUs  4m15.1s/9m00.0s

running (4m16.1s), 4500/4500 VUs, 172149 complete and 0 interrupted iterations
users   [  47% ] 4500/4500 VUs  4m16.1s/9m00.0s

running (4m17.1s), 4500/4500 VUs, 173020 complete and 0 interrupted iterations
users   [  48% ] 4500/4500 VUs  4m17.1s/9m00.0s

running (4m18.1s), 4500/4500 VUs, 173903 complete and 0 interrupted iterations
users   [  48% ] 4500/4500 VUs  4m18.1s/9m00.0s

running (4m19.1s), 4500/4500 VUs, 174795 complete and 0 interrupted iterations
users   [  48% ] 4500/4500 VUs  4m19.1s/9m00.0s

running (4m20.1s), 4500/4500 VUs, 175730 complete and 0 interrupted iterations
users   [  48% ] 4500/4500 VUs  4m20.1s/9m00.0s

running (4m21.1s), 4500/4500 VUs, 176604 complete and 0 interrupted iterations
users   [  48% ] 4500/4500 VUs  4m21.1s/9m00.0s

running (4m22.1s), 4500/4500 VUs, 177499 complete and 0 interrupted iterations
users   [  49% ] 4500/4500 VUs  4m22.1s/9m00.0s

running (4m23.1s), 4500/4500 VUs, 178360 complete and 0 interrupted iterations
users   [  49% ] 4500/4500 VUs  4m23.1s/9m00.0s

running (4m24.1s), 4500/4500 VUs, 179253 complete and 0 interrupted iterations
users   [  49% ] 4500/4500 VUs  4m24.1s/9m00.0s

running (4m25.1s), 4500/4500 VUs, 180168 complete and 0 interrupted iterations
users   [  49% ] 4500/4500 VUs  4m25.1s/9m00.0s

running (4m26.1s), 4500/4500 VUs, 181037 complete and 0 interrupted iterations
users   [  49% ] 4500/4500 VUs  4m26.1s/9m00.0s

running (4m27.1s), 4500/4500 VUs, 181929 complete and 0 interrupted iterations
users   [  49% ] 4500/4500 VUs  4m27.1s/9m00.0s

running (4m28.1s), 4500/4500 VUs, 182844 complete and 0 interrupted iterations
users   [  50% ] 4500/4500 VUs  4m28.1s/9m00.0s

running (4m29.1s), 4500/4500 VUs, 183721 complete and 0 interrupted iterations
users   [  50% ] 4500/4500 VUs  4m29.1s/9m00.0s

running (4m30.1s), 4500/4500 VUs, 184617 complete and 0 interrupted iterations
users   [  50% ] 4500/4500 VUs  4m30.1s/9m00.0s

running (4m31.1s), 4500/4500 VUs, 185482 complete and 0 interrupted iterations
users   [  50% ] 4500/4500 VUs  4m31.1s/9m00.0s

running (4m32.1s), 4500/4500 VUs, 186329 complete and 0 interrupted iterations
users   [  50% ] 4500/4500 VUs  4m32.1s/9m00.0s

running (4m33.1s), 4500/4500 VUs, 187213 complete and 0 interrupted iterations
users   [  51% ] 4500/4500 VUs  4m33.1s/9m00.0s

running (4m34.1s), 4500/4500 VUs, 188115 complete and 0 interrupted iterations
users   [  51% ] 4500/4500 VUs  4m34.1s/9m00.0s

running (4m35.1s), 4500/4500 VUs, 189070 complete and 0 interrupted iterations
users   [  51% ] 4500/4500 VUs  4m35.1s/9m00.0s

running (4m36.1s), 4500/4500 VUs, 189954 complete and 0 interrupted iterations
users   [  51% ] 4500/4500 VUs  4m36.1s/9m00.0s

running (4m37.1s), 4500/4500 VUs, 190796 complete and 0 interrupted iterations
users   [  51% ] 4500/4500 VUs  4m37.1s/9m00.0s

running (4m38.1s), 4500/4500 VUs, 191661 complete and 0 interrupted iterations
users   [  51% ] 4500/4500 VUs  4m38.1s/9m00.0s

running (4m39.1s), 4500/4500 VUs, 192539 complete and 0 interrupted iterations
users   [  52% ] 4500/4500 VUs  4m39.1s/9m00.0s

running (4m40.1s), 4500/4500 VUs, 193472 complete and 0 interrupted iterations
users   [  52% ] 4500/4500 VUs  4m40.1s/9m00.0s

running (4m41.1s), 4500/4500 VUs, 194371 complete and 0 interrupted iterations
users   [  52% ] 4500/4500 VUs  4m41.1s/9m00.0s

running (4m42.1s), 4500/4500 VUs, 195253 complete and 0 interrupted iterations
users   [  52% ] 4500/4500 VUs  4m42.1s/9m00.0s

running (4m43.1s), 4500/4500 VUs, 196139 complete and 0 interrupted iterations
users   [  52% ] 4500/4500 VUs  4m43.1s/9m00.0s

running (4m44.1s), 4500/4500 VUs, 197014 complete and 0 interrupted iterations
users   [  53% ] 4500/4500 VUs  4m44.1s/9m00.0s

running (4m45.1s), 4500/4500 VUs, 197899 complete and 0 interrupted iterations
users   [  53% ] 4500/4500 VUs  4m45.1s/9m00.0s

running (4m46.1s), 4500/4500 VUs, 198816 complete and 0 interrupted iterations
users   [  53% ] 4500/4500 VUs  4m46.1s/9m00.0s

running (4m47.1s), 4500/4500 VUs, 199706 complete and 0 interrupted iterations
users   [  53% ] 4500/4500 VUs  4m47.1s/9m00.0s

running (4m48.1s), 4500/4500 VUs, 200593 complete and 0 interrupted iterations
users   [  53% ] 4500/4500 VUs  4m48.1s/9m00.0s

running (4m49.1s), 4500/4500 VUs, 201461 complete and 0 interrupted iterations
users   [  54% ] 4500/4500 VUs  4m49.1s/9m00.0s

running (4m50.1s), 4500/4500 VUs, 202343 complete and 0 interrupted iterations
users   [  54% ] 4500/4500 VUs  4m50.1s/9m00.0s

running (4m51.1s), 4500/4500 VUs, 203276 complete and 0 interrupted iterations
users   [  54% ] 4500/4500 VUs  4m51.1s/9m00.0s

running (4m52.1s), 4500/4500 VUs, 204174 complete and 0 interrupted iterations
users   [  54% ] 4500/4500 VUs  4m52.1s/9m00.0s

running (4m53.1s), 4500/4500 VUs, 205029 complete and 0 interrupted iterations
users   [  54% ] 4500/4500 VUs  4m53.1s/9m00.0s

running (4m54.1s), 4500/4500 VUs, 205935 complete and 0 interrupted iterations
users   [  54% ] 4500/4500 VUs  4m54.1s/9m00.0s

running (4m55.1s), 4500/4500 VUs, 206790 complete and 0 interrupted iterations
users   [  55% ] 4500/4500 VUs  4m55.1s/9m00.0s

running (4m56.1s), 4500/4500 VUs, 207711 complete and 0 interrupted iterations
users   [  55% ] 4500/4500 VUs  4m56.1s/9m00.0s

running (4m57.1s), 4500/4500 VUs, 208631 complete and 0 interrupted iterations
users   [  55% ] 4500/4500 VUs  4m57.1s/9m00.0s

running (4m58.1s), 4500/4500 VUs, 209560 complete and 0 interrupted iterations
users   [  55% ] 4500/4500 VUs  4m58.1s/9m00.0s

running (4m59.1s), 4500/4500 VUs, 210383 complete and 0 interrupted iterations
users   [  55% ] 4500/4500 VUs  4m59.1s/9m00.0s

running (5m00.1s), 4500/4500 VUs, 211303 complete and 0 interrupted iterations
users   [  56% ] 4500/4500 VUs  5m00.1s/9m00.0s

running (5m01.1s), 4500/4500 VUs, 212185 complete and 0 interrupted iterations
users   [  56% ] 4500/4500 VUs  5m01.1s/9m00.0s

running (5m02.1s), 4500/4500 VUs, 213065 complete and 0 interrupted iterations
users   [  56% ] 4500/4500 VUs  5m02.1s/9m00.0s

running (5m03.1s), 4500/4500 VUs, 213940 complete and 0 interrupted iterations
users   [  56% ] 4500/4500 VUs  5m03.1s/9m00.0s

running (5m04.1s), 4500/4500 VUs, 214888 complete and 0 interrupted iterations
users   [  56% ] 4500/4500 VUs  5m04.1s/9m00.0s

running (5m05.1s), 4500/4500 VUs, 215746 complete and 0 interrupted iterations
users   [  56% ] 4500/4500 VUs  5m05.1s/9m00.0s

running (5m06.1s), 4500/4500 VUs, 216612 complete and 0 interrupted iterations
users   [  57% ] 4500/4500 VUs  5m06.1s/9m00.0s

running (5m07.1s), 4500/4500 VUs, 217544 complete and 0 interrupted iterations
users   [  57% ] 4500/4500 VUs  5m07.1s/9m00.0s

running (5m08.1s), 4500/4500 VUs, 218436 complete and 0 interrupted iterations
users   [  57% ] 4500/4500 VUs  5m08.1s/9m00.0s

running (5m09.1s), 4500/4500 VUs, 219329 complete and 0 interrupted iterations
users   [  57% ] 4500/4500 VUs  5m09.1s/9m00.0s

running (5m10.1s), 4500/4500 VUs, 220174 complete and 0 interrupted iterations
users   [  57% ] 4500/4500 VUs  5m10.1s/9m00.0s

running (5m11.1s), 4500/4500 VUs, 221030 complete and 0 interrupted iterations
users   [  58% ] 4500/4500 VUs  5m11.1s/9m00.0s

running (5m12.1s), 4500/4500 VUs, 221938 complete and 0 interrupted iterations
users   [  58% ] 4500/4500 VUs  5m12.1s/9m00.0s

running (5m13.1s), 4500/4500 VUs, 222861 complete and 0 interrupted iterations
users   [  58% ] 4500/4500 VUs  5m13.1s/9m00.0s

running (5m14.1s), 4500/4500 VUs, 223742 complete and 0 interrupted iterations
users   [  58% ] 4500/4500 VUs  5m14.1s/9m00.0s

running (5m15.1s), 4500/4500 VUs, 224598 complete and 0 interrupted iterations
users   [  58% ] 4500/4500 VUs  5m15.1s/9m00.0s

running (5m16.1s), 4500/4500 VUs, 225527 complete and 0 interrupted iterations
users   [  59% ] 4500/4500 VUs  5m16.1s/9m00.0s

running (5m17.1s), 4500/4500 VUs, 226449 complete and 0 interrupted iterations
users   [  59% ] 4500/4500 VUs  5m17.1s/9m00.0s

running (5m18.1s), 4500/4500 VUs, 227315 complete and 0 interrupted iterations
users   [  59% ] 4500/4500 VUs  5m18.1s/9m00.0s

running (5m19.1s), 4500/4500 VUs, 228123 complete and 0 interrupted iterations
users   [  59% ] 4500/4500 VUs  5m19.1s/9m00.0s

running (5m20.1s), 4500/4500 VUs, 229022 complete and 0 interrupted iterations
users   [  59% ] 4500/4500 VUs  5m20.1s/9m00.0s

running (5m21.1s), 4500/4500 VUs, 229961 complete and 0 interrupted iterations
users   [  59% ] 4500/4500 VUs  5m21.1s/9m00.0s

running (5m22.1s), 4500/4500 VUs, 230834 complete and 0 interrupted iterations
users   [  60% ] 4500/4500 VUs  5m22.1s/9m00.0s

running (5m23.1s), 4500/4500 VUs, 231727 complete and 0 interrupted iterations
users   [  60% ] 4500/4500 VUs  5m23.1s/9m00.0s

running (5m24.1s), 4500/4500 VUs, 232631 complete and 0 interrupted iterations
users   [  60% ] 4500/4500 VUs  5m24.1s/9m00.0s

running (5m25.1s), 4500/4500 VUs, 233493 complete and 0 interrupted iterations
users   [  60% ] 4500/4500 VUs  5m25.1s/9m00.0s

running (5m26.1s), 4500/4500 VUs, 234381 complete and 0 interrupted iterations
users   [  60% ] 4500/4500 VUs  5m26.1s/9m00.0s

running (5m27.1s), 4500/4500 VUs, 235289 complete and 0 interrupted iterations
users   [  61% ] 4500/4500 VUs  5m27.1s/9m00.0s

running (5m28.1s), 4500/4500 VUs, 236173 complete and 0 interrupted iterations
users   [  61% ] 4500/4500 VUs  5m28.1s/9m00.0s

running (5m29.1s), 4500/4500 VUs, 237067 complete and 0 interrupted iterations
users   [  61% ] 4500/4500 VUs  5m29.1s/9m00.0s

running (5m30.1s), 4500/4500 VUs, 237917 complete and 0 interrupted iterations
users   [  61% ] 4500/4500 VUs  5m30.1s/9m00.0s

running (5m31.1s), 4500/4500 VUs, 238803 complete and 0 interrupted iterations
users   [  61% ] 4500/4500 VUs  5m31.1s/9m00.0s

running (5m32.1s), 4500/4500 VUs, 239705 complete and 0 interrupted iterations
users   [  61% ] 4500/4500 VUs  5m32.1s/9m00.0s

running (5m33.1s), 4500/4500 VUs, 240602 complete and 0 interrupted iterations
users   [  62% ] 4500/4500 VUs  5m33.1s/9m00.0s

running (5m34.1s), 4500/4500 VUs, 241520 complete and 0 interrupted iterations
users   [  62% ] 4500/4500 VUs  5m34.1s/9m00.0s

running (5m35.1s), 4500/4500 VUs, 242372 complete and 0 interrupted iterations
users   [  62% ] 4500/4500 VUs  5m35.1s/9m00.0s

running (5m36.1s), 4500/4500 VUs, 243270 complete and 0 interrupted iterations
users   [  62% ] 4500/4500 VUs  5m36.1s/9m00.0s

running (5m37.1s), 4500/4500 VUs, 244157 complete and 0 interrupted iterations
users   [  62% ] 4500/4500 VUs  5m37.1s/9m00.0s

running (5m38.1s), 4500/4500 VUs, 245056 complete and 0 interrupted iterations
users   [  63% ] 4500/4500 VUs  5m38.1s/9m00.0s

running (5m39.1s), 4500/4500 VUs, 245930 complete and 0 interrupted iterations
users   [  63% ] 4500/4500 VUs  5m39.1s/9m00.0s

running (5m40.1s), 4500/4500 VUs, 246815 complete and 0 interrupted iterations
users   [  63% ] 4500/4500 VUs  5m40.1s/9m00.0s

running (5m41.1s), 4500/4500 VUs, 247711 complete and 0 interrupted iterations
users   [  63% ] 4500/4500 VUs  5m41.1s/9m00.0s

running (5m42.1s), 4500/4500 VUs, 248611 complete and 0 interrupted iterations
users   [  63% ] 4500/4500 VUs  5m42.1s/9m00.0s

running (5m43.1s), 4500/4500 VUs, 249494 complete and 0 interrupted iterations
users   [  64% ] 4500/4500 VUs  5m43.1s/9m00.0s

running (5m44.1s), 4500/4500 VUs, 250385 complete and 0 interrupted iterations
users   [  64% ] 4500/4500 VUs  5m44.1s/9m00.0s

running (5m45.1s), 4500/4500 VUs, 251279 complete and 0 interrupted iterations
users   [  64% ] 4500/4500 VUs  5m45.1s/9m00.0s

running (5m46.1s), 4500/4500 VUs, 252177 complete and 0 interrupted iterations
users   [  64% ] 4500/4500 VUs  5m46.1s/9m00.0s

running (5m47.1s), 4500/4500 VUs, 253016 complete and 0 interrupted iterations
users   [  64% ] 4500/4500 VUs  5m47.1s/9m00.0s

running (5m48.1s), 4500/4500 VUs, 253924 complete and 0 interrupted iterations
users   [  64% ] 4500/4500 VUs  5m48.1s/9m00.0s

running (5m49.1s), 4500/4500 VUs, 254830 complete and 0 interrupted iterations
users   [  65% ] 4500/4500 VUs  5m49.1s/9m00.0s

running (5m50.1s), 4500/4500 VUs, 255740 complete and 0 interrupted iterations
users   [  65% ] 4500/4500 VUs  5m50.1s/9m00.0s

running (5m51.1s), 4500/4500 VUs, 256597 complete and 0 interrupted iterations
users   [  65% ] 4500/4500 VUs  5m51.1s/9m00.0s

running (5m52.1s), 4500/4500 VUs, 257514 complete and 0 interrupted iterations
users   [  65% ] 4500/4500 VUs  5m52.1s/9m00.0s

running (5m53.1s), 4500/4500 VUs, 258394 complete and 0 interrupted iterations
users   [  65% ] 4500/4500 VUs  5m53.1s/9m00.0s

running (5m54.1s), 4500/4500 VUs, 259274 complete and 0 interrupted iterations
users   [  66% ] 4500/4500 VUs  5m54.1s/9m00.0s

running (5m55.1s), 4500/4500 VUs, 260170 complete and 0 interrupted iterations
users   [  66% ] 4500/4500 VUs  5m55.1s/9m00.0s

running (5m56.1s), 4500/4500 VUs, 261059 complete and 0 interrupted iterations
users   [  66% ] 4500/4500 VUs  5m56.1s/9m00.0s

running (5m57.1s), 4500/4500 VUs, 261972 complete and 0 interrupted iterations
users   [  66% ] 4500/4500 VUs  5m57.1s/9m00.0s

running (5m58.1s), 4500/4500 VUs, 262860 complete and 0 interrupted iterations
users   [  66% ] 4500/4500 VUs  5m58.1s/9m00.0s

running (5m59.1s), 4500/4500 VUs, 263737 complete and 0 interrupted iterations
users   [  66% ] 4500/4500 VUs  5m59.1s/9m00.0s

running (6m00.1s), 4500/4500 VUs, 264609 complete and 0 interrupted iterations
users   [  67% ] 4500/4500 VUs  6m00.1s/9m00.0s

running (6m01.1s), 4500/4500 VUs, 265539 complete and 0 interrupted iterations
users   [  67% ] 4500/4500 VUs  6m01.1s/9m00.0s

running (6m02.1s), 4500/4500 VUs, 266437 complete and 0 interrupted iterations
users   [  67% ] 4500/4500 VUs  6m02.1s/9m00.0s

running (6m03.1s), 4500/4500 VUs, 267287 complete and 0 interrupted iterations
users   [  67% ] 4500/4500 VUs  6m03.1s/9m00.0s

running (6m04.1s), 4500/4500 VUs, 268196 complete and 0 interrupted iterations
users   [  67% ] 4500/4500 VUs  6m04.1s/9m00.0s

running (6m05.1s), 4500/4500 VUs, 269087 complete and 0 interrupted iterations
users   [  68% ] 4500/4500 VUs  6m05.1s/9m00.0s

running (6m06.1s), 4500/4500 VUs, 269958 complete and 0 interrupted iterations
users   [  68% ] 4500/4500 VUs  6m06.1s/9m00.0s

running (6m07.1s), 4500/4500 VUs, 270861 complete and 0 interrupted iterations
users   [  68% ] 4500/4500 VUs  6m07.1s/9m00.0s

running (6m08.1s), 4500/4500 VUs, 271817 complete and 0 interrupted iterations
users   [  68% ] 4500/4500 VUs  6m08.1s/9m00.0s

running (6m09.1s), 4500/4500 VUs, 272701 complete and 0 interrupted iterations
users   [  68% ] 4500/4500 VUs  6m09.1s/9m00.0s

running (6m10.1s), 4500/4500 VUs, 273575 complete and 0 interrupted iterations
users   [  69% ] 4500/4500 VUs  6m10.1s/9m00.0s

running (6m11.1s), 4500/4500 VUs, 274465 complete and 0 interrupted iterations
users   [  69% ] 4500/4500 VUs  6m11.1s/9m00.0s

running (6m12.1s), 4500/4500 VUs, 275364 complete and 0 interrupted iterations
users   [  69% ] 4500/4500 VUs  6m12.1s/9m00.0s

running (6m13.1s), 4500/4500 VUs, 276284 complete and 0 interrupted iterations
users   [  69% ] 4500/4500 VUs  6m13.1s/9m00.0s

running (6m14.1s), 4500/4500 VUs, 277132 complete and 0 interrupted iterations
users   [  69% ] 4500/4500 VUs  6m14.1s/9m00.0s

running (6m15.1s), 4500/4500 VUs, 278009 complete and 0 interrupted iterations
users   [  69% ] 4500/4500 VUs  6m15.1s/9m00.0s

running (6m16.1s), 4500/4500 VUs, 278916 complete and 0 interrupted iterations
users   [  70% ] 4500/4500 VUs  6m16.1s/9m00.0s

running (6m17.1s), 4500/4500 VUs, 279798 complete and 0 interrupted iterations
users   [  70% ] 4500/4500 VUs  6m17.1s/9m00.0s

running (6m18.1s), 4500/4500 VUs, 280685 complete and 0 interrupted iterations
users   [  70% ] 4500/4500 VUs  6m18.1s/9m00.0s

running (6m19.1s), 4500/4500 VUs, 281592 complete and 0 interrupted iterations
users   [  70% ] 4500/4500 VUs  6m19.1s/9m00.0s

running (6m20.1s), 4500/4500 VUs, 282458 complete and 0 interrupted iterations
users   [  70% ] 4500/4500 VUs  6m20.1s/9m00.0s

running (6m21.1s), 4500/4500 VUs, 283321 complete and 0 interrupted iterations
users   [  71% ] 4500/4500 VUs  6m21.1s/9m00.0s

running (6m22.1s), 4500/4500 VUs, 284222 complete and 0 interrupted iterations
users   [  71% ] 4500/4500 VUs  6m22.1s/9m00.0s

running (6m23.1s), 4500/4500 VUs, 285122 complete and 0 interrupted iterations
users   [  71% ] 4500/4500 VUs  6m23.1s/9m00.0s

running (6m24.1s), 4500/4500 VUs, 286007 complete and 0 interrupted iterations
users   [  71% ] 4500/4500 VUs  6m24.1s/9m00.0s

running (6m25.1s), 4500/4500 VUs, 286865 complete and 0 interrupted iterations
users   [  71% ] 4500/4500 VUs  6m25.1s/9m00.0s

running (6m26.1s), 4500/4500 VUs, 287777 complete and 0 interrupted iterations
users   [  71% ] 4500/4500 VUs  6m26.1s/9m00.0s

running (6m27.1s), 4500/4500 VUs, 288693 complete and 0 interrupted iterations
users   [  72% ] 4500/4500 VUs  6m27.1s/9m00.0s

running (6m28.1s), 4500/4500 VUs, 289577 complete and 0 interrupted iterations
users   [  72% ] 4500/4500 VUs  6m28.1s/9m00.0s

running (6m29.1s), 4500/4500 VUs, 290459 complete and 0 interrupted iterations
users   [  72% ] 4500/4500 VUs  6m29.1s/9m00.0s

running (6m30.1s), 4500/4500 VUs, 291331 complete and 0 interrupted iterations
users   [  72% ] 4500/4500 VUs  6m30.1s/9m00.0s

running (6m31.1s), 4500/4500 VUs, 292212 complete and 0 interrupted iterations
users   [  72% ] 4500/4500 VUs  6m31.1s/9m00.0s

running (6m32.1s), 4500/4500 VUs, 293117 complete and 0 interrupted iterations
users   [  73% ] 4500/4500 VUs  6m32.1s/9m00.0s

running (6m33.1s), 4500/4500 VUs, 294061 complete and 0 interrupted iterations
users   [  73% ] 4500/4500 VUs  6m33.1s/9m00.0s

running (6m34.1s), 4500/4500 VUs, 294918 complete and 0 interrupted iterations
users   [  73% ] 4500/4500 VUs  6m34.1s/9m00.0s

running (6m35.1s), 4500/4500 VUs, 295815 complete and 0 interrupted iterations
users   [  73% ] 4500/4500 VUs  6m35.1s/9m00.0s

running (6m36.1s), 4500/4500 VUs, 296733 complete and 0 interrupted iterations
users   [  73% ] 4500/4500 VUs  6m36.1s/9m00.0s

running (6m37.1s), 4500/4500 VUs, 297574 complete and 0 interrupted iterations
users   [  74% ] 4500/4500 VUs  6m37.1s/9m00.0s

running (6m38.1s), 4500/4500 VUs, 298477 complete and 0 interrupted iterations
users   [  74% ] 4500/4500 VUs  6m38.1s/9m00.0s

running (6m39.1s), 4500/4500 VUs, 299356 complete and 0 interrupted iterations
users   [  74% ] 4500/4500 VUs  6m39.1s/9m00.0s

running (6m40.1s), 4500/4500 VUs, 300223 complete and 0 interrupted iterations
users   [  74% ] 4500/4500 VUs  6m40.1s/9m00.0s

running (6m41.1s), 4500/4500 VUs, 301087 complete and 0 interrupted iterations
users   [  74% ] 4500/4500 VUs  6m41.1s/9m00.0s

running (6m42.1s), 4500/4500 VUs, 301834 complete and 0 interrupted iterations
users   [  74% ] 4500/4500 VUs  6m42.1s/9m00.0s

running (6m43.1s), 4500/4500 VUs, 302661 complete and 0 interrupted iterations
users   [  75% ] 4500/4500 VUs  6m43.1s/9m00.0s

running (6m44.1s), 4500/4500 VUs, 303525 complete and 0 interrupted iterations
users   [  75% ] 4500/4500 VUs  6m44.1s/9m00.0s

running (6m45.1s), 4500/4500 VUs, 304390 complete and 0 interrupted iterations
users   [  75% ] 4500/4500 VUs  6m45.1s/9m00.0s

running (6m46.1s), 4500/4500 VUs, 305321 complete and 0 interrupted iterations
users   [  75% ] 4500/4500 VUs  6m46.1s/9m00.0s

running (6m47.1s), 4500/4500 VUs, 306248 complete and 0 interrupted iterations
users   [  75% ] 4500/4500 VUs  6m47.1s/9m00.0s

running (6m48.1s), 4500/4500 VUs, 307149 complete and 0 interrupted iterations
users   [  76% ] 4500/4500 VUs  6m48.1s/9m00.0s

running (6m49.1s), 4500/4500 VUs, 307977 complete and 0 interrupted iterations
users   [  76% ] 4500/4500 VUs  6m49.1s/9m00.0s

running (6m50.1s), 4500/4500 VUs, 308845 complete and 0 interrupted iterations
users   [  76% ] 4500/4500 VUs  6m50.1s/9m00.0s

running (6m51.1s), 4500/4500 VUs, 309729 complete and 0 interrupted iterations
users   [  76% ] 4500/4500 VUs  6m51.1s/9m00.0s

running (6m52.1s), 4500/4500 VUs, 310661 complete and 0 interrupted iterations
users   [  76% ] 4500/4500 VUs  6m52.1s/9m00.0s

running (6m53.1s), 4500/4500 VUs, 311558 complete and 0 interrupted iterations
users   [  76% ] 4500/4500 VUs  6m53.1s/9m00.0s

running (6m54.1s), 4500/4500 VUs, 312438 complete and 0 interrupted iterations
users   [  77% ] 4500/4500 VUs  6m54.1s/9m00.0s

running (6m55.1s), 4500/4500 VUs, 313323 complete and 0 interrupted iterations
users   [  77% ] 4500/4500 VUs  6m55.1s/9m00.0s

running (6m56.1s), 4500/4500 VUs, 314202 complete and 0 interrupted iterations
users   [  77% ] 4500/4500 VUs  6m56.1s/9m00.0s

running (6m57.1s), 4500/4500 VUs, 315096 complete and 0 interrupted iterations
users   [  77% ] 4500/4500 VUs  6m57.1s/9m00.0s

running (6m58.1s), 4500/4500 VUs, 315983 complete and 0 interrupted iterations
users   [  77% ] 4500/4500 VUs  6m58.1s/9m00.0s

running (6m59.1s), 4500/4500 VUs, 316892 complete and 0 interrupted iterations
users   [  78% ] 4500/4500 VUs  6m59.1s/9m00.0s

running (7m00.1s), 4500/4500 VUs, 317771 complete and 0 interrupted iterations
users   [  78% ] 4500/4500 VUs  7m00.1s/9m00.0s

running (7m01.1s), 4492/4500 VUs, 318648 complete and 0 interrupted iterations
users   [  78% ] 4492/4500 VUs  7m01.1s/9m00.0s

running (7m02.1s), 4481/4500 VUs, 319559 complete and 0 interrupted iterations
users   [  78% ] 4481/4500 VUs  7m02.1s/9m00.0s

running (7m03.1s), 4454/4500 VUs, 320470 complete and 0 interrupted iterations
users   [  78% ] 4454/4500 VUs  7m03.1s/9m00.0s

running (7m04.1s), 4422/4500 VUs, 321349 complete and 0 interrupted iterations
users   [  79% ] 4422/4500 VUs  7m04.1s/9m00.0s

running (7m05.1s), 4400/4500 VUs, 322206 complete and 0 interrupted iterations
users   [  79% ] 4400/4500 VUs  7m05.1s/9m00.0s

running (7m06.1s), 4372/4500 VUs, 323053 complete and 0 interrupted iterations
users   [  79% ] 4372/4500 VUs  7m06.1s/9m00.0s

running (7m07.1s), 4340/4500 VUs, 323787 complete and 0 interrupted iterations
users   [  79% ] 4340/4500 VUs  7m07.1s/9m00.0s

running (7m08.1s), 4319/4500 VUs, 324325 complete and 0 interrupted iterations
users   [  79% ] 4319/4500 VUs  7m08.1s/9m00.0s

running (7m09.1s), 4296/4500 VUs, 324789 complete and 0 interrupted iterations
users   [  79% ] 4296/4500 VUs  7m09.1s/9m00.0s

running (7m10.1s), 4270/4500 VUs, 325330 complete and 0 interrupted iterations
users   [  80% ] 4270/4500 VUs  7m10.1s/9m00.0s

running (7m11.1s), 4240/4500 VUs, 325981 complete and 0 interrupted iterations
users   [  80% ] 4240/4500 VUs  7m11.1s/9m00.0s

running (7m12.1s), 4198/4500 VUs, 326798 complete and 0 interrupted iterations
users   [  80% ] 4198/4500 VUs  7m12.1s/9m00.0s

running (7m13.1s), 4143/4500 VUs, 327715 complete and 0 interrupted iterations
users   [  80% ] 4143/4500 VUs  7m13.1s/9m00.0s

running (7m14.1s), 4084/4500 VUs, 328654 complete and 0 interrupted iterations
users   [  80% ] 4084/4500 VUs  7m14.1s/9m00.0s

running (7m15.1s), 4032/4500 VUs, 329539 complete and 0 interrupted iterations
users   [  81% ] 4032/4500 VUs  7m15.1s/9m00.0s

running (7m16.1s), 3986/4500 VUs, 330327 complete and 0 interrupted iterations
users   [  81% ] 3986/4500 VUs  7m16.1s/9m00.0s

running (7m17.1s), 3961/4500 VUs, 331043 complete and 0 interrupted iterations
users   [  81% ] 3961/4500 VUs  7m17.1s/9m00.0s

running (7m18.1s), 3932/4500 VUs, 331809 complete and 0 interrupted iterations
users   [  81% ] 3932/4500 VUs  7m18.1s/9m00.0s

running (7m19.1s), 3892/4500 VUs, 332662 complete and 0 interrupted iterations
users   [  81% ] 3892/4500 VUs  7m19.1s/9m00.0s

running (7m20.1s), 3848/4500 VUs, 333459 complete and 0 interrupted iterations
users   [  81% ] 3848/4500 VUs  7m20.1s/9m00.0s

running (7m21.1s), 3822/4500 VUs, 334211 complete and 0 interrupted iterations
users   [  82% ] 3822/4500 VUs  7m21.1s/9m00.0s

running (7m22.1s), 3787/4500 VUs, 334941 complete and 0 interrupted iterations
users   [  82% ] 3787/4500 VUs  7m22.1s/9m00.0s

running (7m23.1s), 3746/4500 VUs, 335735 complete and 0 interrupted iterations
users   [  82% ] 3746/4500 VUs  7m23.1s/9m00.0s

running (7m24.1s), 3703/4500 VUs, 336512 complete and 0 interrupted iterations
users   [  82% ] 3703/4500 VUs  7m24.1s/9m00.0s

running (7m25.1s), 3671/4500 VUs, 337223 complete and 0 interrupted iterations
users   [  82% ] 3671/4500 VUs  7m25.1s/9m00.0s

running (7m26.1s), 3626/4500 VUs, 338014 complete and 0 interrupted iterations
users   [  83% ] 3626/4500 VUs  7m26.1s/9m00.0s

running (7m27.1s), 3591/4500 VUs, 338729 complete and 0 interrupted iterations
users   [  83% ] 3591/4500 VUs  7m27.1s/9m00.0s

running (7m28.1s), 3552/4500 VUs, 339479 complete and 0 interrupted iterations
users   [  83% ] 3552/4500 VUs  7m28.1s/9m00.0s

running (7m29.1s), 3516/4500 VUs, 340162 complete and 0 interrupted iterations
users   [  83% ] 3516/4500 VUs  7m29.1s/9m00.0s

running (7m30.1s), 3474/4500 VUs, 340915 complete and 0 interrupted iterations
users   [  83% ] 3474/4500 VUs  7m30.1s/9m00.0s

running (7m31.1s), 3431/4500 VUs, 341610 complete and 0 interrupted iterations
users   [  84% ] 3431/4500 VUs  7m31.1s/9m00.0s

running (7m32.1s), 3403/4500 VUs, 342303 complete and 0 interrupted iterations
users   [  84% ] 3403/4500 VUs  7m32.1s/9m00.0s

running (7m33.1s), 3366/4500 VUs, 343009 complete and 0 interrupted iterations
users   [  84% ] 3366/4500 VUs  7m33.1s/9m00.0s

running (7m34.1s), 3324/4500 VUs, 343671 complete and 0 interrupted iterations
users   [  84% ] 3324/4500 VUs  7m34.1s/9m00.0s

running (7m35.1s), 3291/4500 VUs, 344360 complete and 0 interrupted iterations
users   [  84% ] 3291/4500 VUs  7m35.1s/9m00.0s

running (7m36.1s), 3258/4500 VUs, 344995 complete and 0 interrupted iterations
users   [  84% ] 3258/4500 VUs  7m36.1s/9m00.0s

running (7m37.1s), 3215/4500 VUs, 345681 complete and 0 interrupted iterations
users   [  85% ] 3215/4500 VUs  7m37.1s/9m00.0s

running (7m38.1s), 3176/4500 VUs, 346346 complete and 0 interrupted iterations
users   [  85% ] 3176/4500 VUs  7m38.1s/9m00.0s

running (7m39.1s), 3140/4500 VUs, 346946 complete and 0 interrupted iterations
users   [  85% ] 3140/4500 VUs  7m39.1s/9m00.0s

running (7m40.1s), 3109/4500 VUs, 347564 complete and 0 interrupted iterations
users   [  85% ] 3109/4500 VUs  7m40.1s/9m00.0s

running (7m41.1s), 3067/4500 VUs, 348215 complete and 0 interrupted iterations
users   [  85% ] 3067/4500 VUs  7m41.1s/9m00.0s

running (7m42.1s), 3039/4500 VUs, 348854 complete and 0 interrupted iterations
users   [  86% ] 3039/4500 VUs  7m42.1s/9m00.0s

running (7m43.1s), 2992/4500 VUs, 349463 complete and 0 interrupted iterations
users   [  86% ] 2992/4500 VUs  7m43.1s/9m00.0s

running (7m44.1s), 2949/4500 VUs, 350082 complete and 0 interrupted iterations
users   [  86% ] 2949/4500 VUs  7m44.1s/9m00.0s

running (7m45.1s), 2902/4500 VUs, 350693 complete and 0 interrupted iterations
users   [  86% ] 2902/4500 VUs  7m45.1s/9m00.0s

running (7m46.1s), 2862/4500 VUs, 351274 complete and 0 interrupted iterations
users   [  86% ] 2862/4500 VUs  7m46.1s/9m00.0s

running (7m47.1s), 2839/4500 VUs, 351876 complete and 0 interrupted iterations
users   [  86% ] 2839/4500 VUs  7m47.1s/9m00.0s

running (7m48.1s), 2799/4500 VUs, 352423 complete and 0 interrupted iterations
users   [  87% ] 2799/4500 VUs  7m48.1s/9m00.0s

running (7m49.1s), 2764/4500 VUs, 352977 complete and 0 interrupted iterations
users   [  87% ] 2764/4500 VUs  7m49.1s/9m00.0s

running (7m50.1s), 2732/4500 VUs, 353542 complete and 0 interrupted iterations
users   [  87% ] 2732/4500 VUs  7m50.1s/9m00.0s

running (7m51.1s), 2691/4500 VUs, 354132 complete and 0 interrupted iterations
users   [  87% ] 2691/4500 VUs  7m51.1s/9m00.0s

running (7m52.1s), 2650/4500 VUs, 354643 complete and 0 interrupted iterations
users   [  87% ] 2650/4500 VUs  7m52.1s/9m00.0s

running (7m53.1s), 2612/4500 VUs, 355162 complete and 0 interrupted iterations
users   [  88% ] 2612/4500 VUs  7m53.1s/9m00.0s

running (7m54.1s), 2580/4500 VUs, 355696 complete and 0 interrupted iterations
users   [  88% ] 2580/4500 VUs  7m54.1s/9m00.0s

running (7m55.1s), 2539/4500 VUs, 356205 complete and 0 interrupted iterations
users   [  88% ] 2539/4500 VUs  7m55.1s/9m00.0s

running (7m56.1s), 2500/4500 VUs, 356709 complete and 0 interrupted iterations
users   [  88% ] 2500/4500 VUs  7m56.1s/9m00.0s

running (7m57.1s), 2464/4500 VUs, 357241 complete and 0 interrupted iterations
users   [  88% ] 2464/4500 VUs  7m57.1s/9m00.0s

running (7m58.1s), 2421/4500 VUs, 357738 complete and 0 interrupted iterations
users   [  89% ] 2421/4500 VUs  7m58.1s/9m00.0s

running (7m59.1s), 2386/4500 VUs, 358238 complete and 0 interrupted iterations
users   [  89% ] 2386/4500 VUs  7m59.1s/9m00.0s

running (8m00.1s), 2352/4500 VUs, 358741 complete and 0 interrupted iterations
users   [  89% ] 2352/4500 VUs  8m00.1s/9m00.0s

running (8m01.1s), 2315/4500 VUs, 359203 complete and 0 interrupted iterations
users   [  89% ] 2315/4500 VUs  8m01.1s/9m00.0s

running (8m02.1s), 2281/4500 VUs, 359658 complete and 0 interrupted iterations
users   [  89% ] 2281/4500 VUs  8m02.1s/9m00.0s

running (8m03.1s), 2244/4500 VUs, 360140 complete and 0 interrupted iterations
users   [  89% ] 2244/4500 VUs  8m03.1s/9m00.0s

running (8m04.1s), 2200/4500 VUs, 360596 complete and 0 interrupted iterations
users   [  90% ] 2200/4500 VUs  8m04.1s/9m00.0s

running (8m05.1s), 2151/4500 VUs, 361037 complete and 0 interrupted iterations
users   [  90% ] 2151/4500 VUs  8m05.1s/9m00.0s

running (8m06.1s), 2126/4500 VUs, 361473 complete and 0 interrupted iterations
users   [  90% ] 2126/4500 VUs  8m06.1s/9m00.0s

running (8m07.1s), 2088/4500 VUs, 361906 complete and 0 interrupted iterations
users   [  90% ] 2088/4500 VUs  8m07.1s/9m00.0s

running (8m08.1s), 2055/4500 VUs, 362309 complete and 0 interrupted iterations
users   [  90% ] 2055/4500 VUs  8m08.1s/9m00.0s

running (8m09.1s), 2012/4500 VUs, 362741 complete and 0 interrupted iterations
users   [  91% ] 2012/4500 VUs  8m09.1s/9m00.0s

running (8m10.1s), 1977/4500 VUs, 363151 complete and 0 interrupted iterations
users   [  91% ] 1977/4500 VUs  8m10.1s/9m00.0s

running (8m11.1s), 1939/4500 VUs, 363561 complete and 0 interrupted iterations
users   [  91% ] 1939/4500 VUs  8m11.1s/9m00.0s

running (8m12.1s), 1895/4500 VUs, 363957 complete and 0 interrupted iterations
users   [  91% ] 1895/4500 VUs  8m12.1s/9m00.0s

running (8m13.1s), 1856/4500 VUs, 364350 complete and 0 interrupted iterations
users   [  91% ] 1856/4500 VUs  8m13.1s/9m00.0s

running (8m14.1s), 1821/4500 VUs, 364709 complete and 0 interrupted iterations
users   [  91% ] 1821/4500 VUs  8m14.1s/9m00.0s

running (8m15.1s), 1788/4500 VUs, 365095 complete and 0 interrupted iterations
users   [  92% ] 1788/4500 VUs  8m15.1s/9m00.0s

running (8m16.1s), 1748/4500 VUs, 365454 complete and 0 interrupted iterations
users   [  92% ] 1748/4500 VUs  8m16.1s/9m00.0s

running (8m17.1s), 1709/4500 VUs, 365820 complete and 0 interrupted iterations
users   [  92% ] 1709/4500 VUs  8m17.1s/9m00.0s

running (8m18.1s), 1675/4500 VUs, 366168 complete and 0 interrupted iterations
users   [  92% ] 1675/4500 VUs  8m18.1s/9m00.0s

running (8m19.1s), 1641/4500 VUs, 366519 complete and 0 interrupted iterations
users   [  92% ] 1641/4500 VUs  8m19.1s/9m00.0s

running (8m20.1s), 1600/4500 VUs, 366869 complete and 0 interrupted iterations
users   [  93% ] 1600/4500 VUs  8m20.1s/9m00.0s

running (8m21.1s), 1569/4500 VUs, 367179 complete and 0 interrupted iterations
users   [  93% ] 1569/4500 VUs  8m21.1s/9m00.0s

running (8m22.1s), 1533/4500 VUs, 367483 complete and 0 interrupted iterations
users   [  93% ] 1533/4500 VUs  8m22.1s/9m00.0s

running (8m23.1s), 1496/4500 VUs, 367799 complete and 0 interrupted iterations
users   [  93% ] 1496/4500 VUs  8m23.1s/9m00.0s

running (8m24.1s), 1443/4500 VUs, 368144 complete and 0 interrupted iterations
users   [  93% ] 1443/4500 VUs  8m24.1s/9m00.0s

running (8m25.1s), 1408/4500 VUs, 368440 complete and 0 interrupted iterations
users   [  94% ] 1408/4500 VUs  8m25.1s/9m00.0s

running (8m26.1s), 1372/4500 VUs, 368745 complete and 0 interrupted iterations
users   [  94% ] 1372/4500 VUs  8m26.1s/9m00.0s

running (8m27.1s), 1343/4500 VUs, 369017 complete and 0 interrupted iterations
users   [  94% ] 1343/4500 VUs  8m27.1s/9m00.0s

running (8m28.1s), 1301/4500 VUs, 369290 complete and 0 interrupted iterations
users   [  94% ] 1301/4500 VUs  8m28.1s/9m00.0s

running (8m29.1s), 1263/4500 VUs, 369566 complete and 0 interrupted iterations
users   [  94% ] 1263/4500 VUs  8m29.1s/9m00.0s

running (8m30.1s), 1226/4500 VUs, 369827 complete and 0 interrupted iterations
users   [  94% ] 1226/4500 VUs  8m30.1s/9m00.0s

running (8m31.1s), 1190/4500 VUs, 370109 complete and 0 interrupted iterations
users   [  95% ] 1190/4500 VUs  8m31.1s/9m00.0s

running (8m32.1s), 1156/4500 VUs, 370348 complete and 0 interrupted iterations
users   [  95% ] 1156/4500 VUs  8m32.1s/9m00.0s

running (8m33.1s), 1115/4500 VUs, 370590 complete and 0 interrupted iterations
users   [  95% ] 1115/4500 VUs  8m33.1s/9m00.0s

running (8m34.1s), 1078/4500 VUs, 370786 complete and 0 interrupted iterations
users   [  95% ] 1078/4500 VUs  8m34.1s/9m00.0s

running (8m35.1s), 1035/4500 VUs, 371023 complete and 0 interrupted iterations
users   [  95% ] 1035/4500 VUs  8m35.1s/9m00.0s

running (8m36.1s), 1007/4500 VUs, 371259 complete and 0 interrupted iterations
users   [  96% ] 1007/4500 VUs  8m36.1s/9m00.0s

running (8m37.1s), 0977/4500 VUs, 371463 complete and 0 interrupted iterations
users   [  96% ] 0977/4500 VUs  8m37.1s/9m00.0s

running (8m38.1s), 0927/4500 VUs, 371661 complete and 0 interrupted iterations
users   [  96% ] 0927/4500 VUs  8m38.1s/9m00.0s

running (8m39.1s), 0886/4500 VUs, 371860 complete and 0 interrupted iterations
users   [  96% ] 0886/4500 VUs  8m39.1s/9m00.0s

running (8m40.1s), 0845/4500 VUs, 372052 complete and 0 interrupted iterations
users   [  96% ] 0845/4500 VUs  8m40.1s/9m00.0s

running (8m41.1s), 0808/4500 VUs, 372230 complete and 0 interrupted iterations
users   [  96% ] 0808/4500 VUs  8m41.1s/9m00.0s

running (8m42.1s), 0781/4500 VUs, 372417 complete and 0 interrupted iterations
users   [  97% ] 0781/4500 VUs  8m42.1s/9m00.0s

running (8m43.1s), 0740/4500 VUs, 372580 complete and 0 interrupted iterations
users   [  97% ] 0740/4500 VUs  8m43.1s/9m00.0s

running (8m44.1s), 0699/4500 VUs, 372738 complete and 0 interrupted iterations
users   [  97% ] 0699/4500 VUs  8m44.1s/9m00.0s

running (8m45.1s), 0658/4500 VUs, 372897 complete and 0 interrupted iterations
users   [  97% ] 0658/4500 VUs  8m45.1s/9m00.0s

running (8m46.1s), 0625/4500 VUs, 373026 complete and 0 interrupted iterations
users   [  97% ] 0625/4500 VUs  8m46.1s/9m00.0s

running (8m47.1s), 0586/4500 VUs, 373162 complete and 0 interrupted iterations
users   [  98% ] 0586/4500 VUs  8m47.1s/9m00.0s

running (8m48.1s), 0546/4500 VUs, 373302 complete and 0 interrupted iterations
users   [  98% ] 0546/4500 VUs  8m48.1s/9m00.0s

running (8m49.1s), 0507/4500 VUs, 373442 complete and 0 interrupted iterations
users   [  98% ] 0507/4500 VUs  8m49.1s/9m00.0s

running (8m50.1s), 0476/4500 VUs, 373535 complete and 0 interrupted iterations
users   [  98% ] 0476/4500 VUs  8m50.1s/9m00.0s

running (8m51.1s), 0434/4500 VUs, 373645 complete and 0 interrupted iterations
users   [  98% ] 0434/4500 VUs  8m51.1s/9m00.0s

running (8m52.1s), 0394/4500 VUs, 373737 complete and 0 interrupted iterations
users   [  99% ] 0394/4500 VUs  8m52.1s/9m00.0s

running (8m53.1s), 0357/4500 VUs, 373827 complete and 0 interrupted iterations
users   [  99% ] 0357/4500 VUs  8m53.1s/9m00.0s

running (8m54.1s), 0322/4500 VUs, 373909 complete and 0 interrupted iterations
users   [  99% ] 0322/4500 VUs  8m54.1s/9m00.0s

running (8m55.1s), 0288/4500 VUs, 373980 complete and 0 interrupted iterations
users   [  99% ] 0288/4500 VUs  8m55.1s/9m00.0s

running (8m56.1s), 0250/4500 VUs, 374060 complete and 0 interrupted iterations
users   [  99% ] 0250/4500 VUs  8m56.1s/9m00.0s

running (8m57.1s), 0211/4500 VUs, 374124 complete and 0 interrupted iterations
users   [  99% ] 0211/4500 VUs  8m57.1s/9m00.0s

running (8m58.1s), 0175/4500 VUs, 374173 complete and 0 interrupted iterations
users   [ 100% ] 0175/4500 VUs  8m58.1s/9m00.0s

running (8m59.1s), 0133/4500 VUs, 374228 complete and 0 interrupted iterations
users   [ 100% ] 0133/4500 VUs  8m59.1s/9m00.0s

running (9m00.1s), 0094/4500 VUs, 374272 complete and 0 interrupted iterations
users ↓ [ 100% ] 0098/4500 VUs  9m0s

running (9m01.1s), 0067/4500 VUs, 374299 complete and 0 interrupted iterations
users ↓ [ 100% ] 0098/4500 VUs  9m0s

running (9m02.1s), 0038/4500 VUs, 374328 complete and 0 interrupted iterations
users ↓ [ 100% ] 0098/4500 VUs  9m0s

running (9m03.1s), 0022/4500 VUs, 374344 complete and 0 interrupted iterations
users ↓ [ 100% ] 0098/4500 VUs  9m0s

running (9m04.1s), 0012/4500 VUs, 374354 complete and 0 interrupted iterations
users ↓ [ 100% ] 0098/4500 VUs  9m0s

running (9m05.1s), 0006/4500 VUs, 374360 complete and 0 interrupted iterations
users ↓ [ 100% ] 0098/4500 VUs  9m0s

running (9m06.1s), 0002/4500 VUs, 374364 complete and 0 interrupted iterations
users ↓ [ 100% ] 0098/4500 VUs  9m0s


  █ THRESHOLDS 

    checks{phase:bench}
    ✓ 'rate>0.99' rate=100.00%

    http_req_duration{name:confirm,phase:bench}
    ✓ 'p(95)<200' p(95)=33.63ms
    ✓ 'p(99)<600' p(99)=309.52ms

    http_req_duration{name:download_expired,phase:bench}
    ✓ 'p(95)<200' p(95)=0s
    ✓ 'p(99)<600' p(99)=0s

    http_req_duration{name:download,phase:bench}
    ✓ 'p(95)<200' p(95)=29.59ms
    ✓ 'p(99)<600' p(99)=334.33ms

    http_req_duration{name:upload,phase:bench}
    ✓ 'p(95)<200' p(95)=40.31ms
    ✓ 'p(99)<600' p(99)=338.93ms

    http_req_failed{phase:bench}
    ✓ 'rate<0.01' rate=0.00%

    server_errors{phase:bench}
    ✓ 'rate<0.01' rate=0.00%


  █ TOTAL RESULTS 

    checks_total.......: 384034  702.579317/s
    checks_succeeded...: 100.00% 384034 out of 384034
    checks_failed......: 0.00%   0 out of 384034

    ✓ download as expected
    ✓ upload link 201
    ✓ confirm 200

    CUSTOM
    server_errors.............................: 0.00%  0 out of 384034
      { phase:bench }.........................: 0.00%  0 out of 273356

    HTTP
    http_req_duration.........................: med=4.13ms p(95)=30.83ms p(99)=760.21ms avg=30.4ms  max=3.69s   
      { expected_response:true }..............: med=4.13ms p(95)=30.83ms p(99)=760.21ms avg=30.4ms  max=3.69s   
      { name:confirm,phase:bench }............: med=6.1ms  p(95)=33.63ms p(99)=309.52ms avg=16.38ms max=946.14ms
      { name:download_expired,phase:bench }...: med=0s     p(95)=0s      p(99)=0s       avg=0s      max=0s      
      { name:download,phase:bench }...........: med=4.39ms p(95)=29.59ms p(99)=334.33ms avg=15.26ms max=1.38s   
      { name:upload,phase:bench }.............: med=7.65ms p(95)=40.31ms p(99)=338.93ms avg=19.53ms max=1.13s   
    http_req_failed...........................: 0.00%  0 out of 384034
      { phase:bench }.........................: 0.00%  0 out of 273352
    http_reqs.................................: 384034 702.579317/s

    EXECUTION
    iteration_duration........................: med=5.07s  p(95)=7.33s   p(99)=8.07s    avg=5.08s   max=12.45s  
    iterations................................: 374366 684.891985/s
    vus.......................................: 2      min=2           max=4500
    vus_max...................................: 4500   min=4500        max=4500

    NETWORK
    data_received.............................: 902 MB 1.7 MB/s
    data_sent.................................: 310 MB 567 kB/s




running (9m06.6s), 0000/4500 VUs, 374366 complete and 0 interrupted iterations
users ✓ [ 100% ] 0000/4500 VUs  9m0s
== 4500 users: pass
== resting 120s
== pass 4: 5250 users (passed up to 4500, failed from 6000)
TRUNCATE TABLE
SELECT 10000
ALTER TABLE
UPDATE 10000
INSERT 0 10000
COPY 10000
VACUUM
  expiry   | count 
-----------+-------
 HOURS24   |  3307
 MINUTES15 |  3327
 MINUTES30 |  3366
(3 rows)

 rows  |  table  | indexes |  total  
-------+---------+---------+---------
 10000 | 1112 kB | 1416 kB | 2528 kB
(1 row)

wrote /tmp/seed.csv (10000 files). Copy it to the load generator and run load-file-list.sh.
file list loaded: 10000 files
time="2026-09-30T15:44:33Z" level=info msg="Automatic extension resolution is enabled. The current k6 binary doesn't satisfy all dependencies, it's required to provision a custom binary." deps="k6;k6/x/redis"
time="2026-09-30T15:44:33Z" level=info msg="Using cached k6 binary" artifact_id=d29e86c20dd9a49cb84ea3c41fac5b8b8e524e06 deps="map[k6:v2.3.0 k6/x/redis:v0.4.3]" path=/home/admin/.cache/k6/builds/d29e86c20dd9a49cb84ea3c41fac5b8b8e524e06/k6

         /\      Grafana   /‾‾/  
    /\  /  \     |\  __   /  /   
   /  \/    \    | |/ /  /   ‾‾\ 
  /          \   |   (  |  (‾)  |
 / __________ \  |_|\_\  \_____/ 


     execution: local
        script: /home/admin/Mint-Bench/k6/mint.js
        output: csv (/home/admin/Mint-Bench/bench-sql/results/2026-09-30-1511/vus-5250/k6.csv.gz)

     scenarios: (100.00%) 1 scenario, 5250 max VUs, 9m30s max duration (incl. graceful stop):
              * users: Up to 5250 looping VUs for 9m0s over 3 stages (gracefulRampDown: 30s, gracefulStop: 30s)


Init    [ 100% ] 5245/5250 VUs initialized
users   [   0% ]

running (0m01.0s), 0043/5250 VUs, 0 complete and 0 interrupted iterations
users   [   0% ] 0043/5250 VUs  0m01.0s/9m00.0s

running (0m02.0s), 0087/5250 VUs, 0 complete and 0 interrupted iterations
users   [   0% ] 0087/5250 VUs  0m02.0s/9m00.0s

running (0m03.0s), 0131/5250 VUs, 0 complete and 0 interrupted iterations
users   [   1% ] 0131/5250 VUs  0m03.0s/9m00.0s

running (0m04.0s), 0174/5250 VUs, 9 complete and 0 interrupted iterations
users   [   1% ] 0174/5250 VUs  0m04.0s/9m00.0s

running (0m05.0s), 0218/5250 VUs, 18 complete and 0 interrupted iterations
users   [   1% ] 0218/5250 VUs  0m05.0s/9m00.0s

running (0m06.0s), 0262/5250 VUs, 38 complete and 0 interrupted iterations
users   [   1% ] 0262/5250 VUs  0m06.0s/9m00.0s

running (0m07.0s), 0306/5250 VUs, 84 complete and 0 interrupted iterations
users   [   1% ] 0306/5250 VUs  0m07.0s/9m00.0s

running (0m08.0s), 0349/5250 VUs, 136 complete and 0 interrupted iterations
users   [   1% ] 0349/5250 VUs  0m08.0s/9m00.0s

running (0m09.0s), 0393/5250 VUs, 193 complete and 0 interrupted iterations
users   [   2% ] 0393/5250 VUs  0m09.0s/9m00.0s

running (0m10.0s), 0437/5250 VUs, 253 complete and 0 interrupted iterations
users   [   2% ] 0437/5250 VUs  0m10.0s/9m00.0s

running (0m11.0s), 0481/5250 VUs, 325 complete and 0 interrupted iterations
users   [   2% ] 0481/5250 VUs  0m11.0s/9m00.0s

running (0m12.0s), 0524/5250 VUs, 408 complete and 0 interrupted iterations
users   [   2% ] 0524/5250 VUs  0m12.0s/9m00.0s

running (0m13.0s), 0568/5250 VUs, 499 complete and 0 interrupted iterations
users   [   2% ] 0568/5250 VUs  0m13.0s/9m00.0s

running (0m14.0s), 0612/5250 VUs, 590 complete and 0 interrupted iterations
users   [   3% ] 0612/5250 VUs  0m14.0s/9m00.0s

running (0m15.0s), 0656/5250 VUs, 691 complete and 0 interrupted iterations
users   [   3% ] 0656/5250 VUs  0m15.0s/9m00.0s

running (0m16.0s), 0699/5250 VUs, 798 complete and 0 interrupted iterations
users   [   3% ] 0699/5250 VUs  0m16.0s/9m00.0s

running (0m17.0s), 0743/5250 VUs, 928 complete and 0 interrupted iterations
users   [   3% ] 0743/5250 VUs  0m17.0s/9m00.0s

running (0m18.0s), 0787/5250 VUs, 1058 complete and 0 interrupted iterations
users   [   3% ] 0787/5250 VUs  0m18.0s/9m00.0s

running (0m19.0s), 0831/5250 VUs, 1188 complete and 0 interrupted iterations
users   [   4% ] 0831/5250 VUs  0m19.0s/9m00.0s

running (0m20.0s), 0874/5250 VUs, 1327 complete and 0 interrupted iterations
users   [   4% ] 0874/5250 VUs  0m20.0s/9m00.0s

running (0m21.0s), 0918/5250 VUs, 1484 complete and 0 interrupted iterations
users   [   4% ] 0918/5250 VUs  0m21.0s/9m00.0s

running (0m22.0s), 0962/5250 VUs, 1657 complete and 0 interrupted iterations
users   [   4% ] 0962/5250 VUs  0m22.0s/9m00.0s

running (0m23.0s), 1006/5250 VUs, 1840 complete and 0 interrupted iterations
users   [   4% ] 1006/5250 VUs  0m23.0s/9m00.0s

running (0m24.0s), 1049/5250 VUs, 2024 complete and 0 interrupted iterations
users   [   4% ] 1049/5250 VUs  0m24.0s/9m00.0s

running (0m25.0s), 1093/5250 VUs, 2207 complete and 0 interrupted iterations
users   [   5% ] 1093/5250 VUs  0m25.0s/9m00.0s

running (0m26.0s), 1137/5250 VUs, 2414 complete and 0 interrupted iterations
users   [   5% ] 1137/5250 VUs  0m26.0s/9m00.0s

running (0m27.0s), 1181/5250 VUs, 2614 complete and 0 interrupted iterations
users   [   5% ] 1181/5250 VUs  0m27.0s/9m00.0s

running (0m28.0s), 1224/5250 VUs, 2838 complete and 0 interrupted iterations
users   [   5% ] 1224/5250 VUs  0m28.0s/9m00.0s

running (0m29.0s), 1268/5250 VUs, 3078 complete and 0 interrupted iterations
users   [   5% ] 1268/5250 VUs  0m29.0s/9m00.0s

running (0m30.0s), 1312/5250 VUs, 3298 complete and 0 interrupted iterations
users   [   6% ] 1312/5250 VUs  0m30.0s/9m00.0s

running (0m31.0s), 1356/5250 VUs, 3547 complete and 0 interrupted iterations
users   [   6% ] 1356/5250 VUs  0m31.0s/9m00.0s

running (0m32.0s), 1399/5250 VUs, 3801 complete and 0 interrupted iterations
users   [   6% ] 1399/5250 VUs  0m32.0s/9m00.0s

running (0m33.0s), 1443/5250 VUs, 4067 complete and 0 interrupted iterations
users   [   6% ] 1443/5250 VUs  0m33.0s/9m00.0s

running (0m34.0s), 1487/5250 VUs, 4343 complete and 0 interrupted iterations
users   [   6% ] 1487/5250 VUs  0m34.0s/9m00.0s

running (0m35.0s), 1531/5250 VUs, 4610 complete and 0 interrupted iterations
users   [   6% ] 1531/5250 VUs  0m35.0s/9m00.0s

running (0m36.0s), 1574/5250 VUs, 4880 complete and 0 interrupted iterations
users   [   7% ] 1574/5250 VUs  0m36.0s/9m00.0s

running (0m37.0s), 1618/5250 VUs, 5190 complete and 0 interrupted iterations
users   [   7% ] 1618/5250 VUs  0m37.0s/9m00.0s

running (0m38.0s), 1662/5250 VUs, 5478 complete and 0 interrupted iterations
users   [   7% ] 1662/5250 VUs  0m38.0s/9m00.0s

running (0m39.0s), 1706/5250 VUs, 5806 complete and 0 interrupted iterations
users   [   7% ] 1706/5250 VUs  0m39.0s/9m00.0s

running (0m40.0s), 1749/5250 VUs, 6159 complete and 0 interrupted iterations
users   [   7% ] 1749/5250 VUs  0m40.0s/9m00.0s

running (0m41.0s), 1793/5250 VUs, 6509 complete and 0 interrupted iterations
users   [   8% ] 1793/5250 VUs  0m41.0s/9m00.0s

running (0m42.0s), 1837/5250 VUs, 6814 complete and 0 interrupted iterations
users   [   8% ] 1837/5250 VUs  0m42.0s/9m00.0s

running (0m43.0s), 1881/5250 VUs, 7190 complete and 0 interrupted iterations
users   [   8% ] 1881/5250 VUs  0m43.0s/9m00.0s

running (0m44.0s), 1924/5250 VUs, 7520 complete and 0 interrupted iterations
users   [   8% ] 1924/5250 VUs  0m44.0s/9m00.0s

running (0m45.0s), 1968/5250 VUs, 7861 complete and 0 interrupted iterations
users   [   8% ] 1968/5250 VUs  0m45.0s/9m00.0s

running (0m46.0s), 2012/5250 VUs, 8252 complete and 0 interrupted iterations
users   [   9% ] 2012/5250 VUs  0m46.0s/9m00.0s

running (0m47.0s), 2056/5250 VUs, 8659 complete and 0 interrupted iterations
users   [   9% ] 2056/5250 VUs  0m47.0s/9m00.0s

running (0m48.0s), 2099/5250 VUs, 9054 complete and 0 interrupted iterations
users   [   9% ] 2099/5250 VUs  0m48.0s/9m00.0s

running (0m49.0s), 2143/5250 VUs, 9438 complete and 0 interrupted iterations
users   [   9% ] 2143/5250 VUs  0m49.0s/9m00.0s

running (0m50.0s), 2187/5250 VUs, 9868 complete and 0 interrupted iterations
users   [   9% ] 2187/5250 VUs  0m50.0s/9m00.0s

running (0m51.0s), 2231/5250 VUs, 10264 complete and 0 interrupted iterations
users   [   9% ] 2231/5250 VUs  0m51.0s/9m00.0s

running (0m52.0s), 2274/5250 VUs, 10681 complete and 0 interrupted iterations
users   [  10% ] 2274/5250 VUs  0m52.0s/9m00.0s

running (0m53.0s), 2318/5250 VUs, 11106 complete and 0 interrupted iterations
users   [  10% ] 2318/5250 VUs  0m53.0s/9m00.0s

running (0m54.0s), 2362/5250 VUs, 11546 complete and 0 interrupted iterations
users   [  10% ] 2362/5250 VUs  0m54.0s/9m00.0s

running (0m55.0s), 2406/5250 VUs, 12014 complete and 0 interrupted iterations
users   [  10% ] 2406/5250 VUs  0m55.0s/9m00.0s

running (0m56.0s), 2449/5250 VUs, 12465 complete and 0 interrupted iterations
users   [  10% ] 2449/5250 VUs  0m56.0s/9m00.0s

running (0m57.0s), 2493/5250 VUs, 12934 complete and 0 interrupted iterations
users   [  11% ] 2493/5250 VUs  0m57.0s/9m00.0s

running (0m58.0s), 2537/5250 VUs, 13399 complete and 0 interrupted iterations
users   [  11% ] 2537/5250 VUs  0m58.0s/9m00.0s

running (0m59.0s), 2581/5250 VUs, 13874 complete and 0 interrupted iterations
users   [  11% ] 2581/5250 VUs  0m59.0s/9m00.0s

running (1m00.0s), 2624/5250 VUs, 14351 complete and 0 interrupted iterations
users   [  11% ] 2624/5250 VUs  1m00.0s/9m00.0s

running (1m01.0s), 2668/5250 VUs, 14862 complete and 0 interrupted iterations
users   [  11% ] 2668/5250 VUs  1m01.0s/9m00.0s

running (1m02.0s), 2712/5250 VUs, 15378 complete and 0 interrupted iterations
users   [  11% ] 2712/5250 VUs  1m02.0s/9m00.0s

running (1m03.0s), 2756/5250 VUs, 15963 complete and 0 interrupted iterations
users   [  12% ] 2756/5250 VUs  1m03.0s/9m00.0s

running (1m04.0s), 2799/5250 VUs, 16468 complete and 0 interrupted iterations
users   [  12% ] 2799/5250 VUs  1m04.0s/9m00.0s

running (1m05.0s), 2843/5250 VUs, 17002 complete and 0 interrupted iterations
users   [  12% ] 2843/5250 VUs  1m05.0s/9m00.0s

running (1m06.0s), 2887/5250 VUs, 17574 complete and 0 interrupted iterations
users   [  12% ] 2887/5250 VUs  1m06.0s/9m00.0s

running (1m07.0s), 2931/5250 VUs, 18084 complete and 0 interrupted iterations
users   [  12% ] 2931/5250 VUs  1m07.0s/9m00.0s

running (1m08.0s), 2974/5250 VUs, 18647 complete and 0 interrupted iterations
users   [  13% ] 2974/5250 VUs  1m08.0s/9m00.0s

running (1m09.0s), 3018/5250 VUs, 19221 complete and 0 interrupted iterations
users   [  13% ] 3018/5250 VUs  1m09.0s/9m00.0s

running (1m10.0s), 3062/5250 VUs, 19817 complete and 0 interrupted iterations
users   [  13% ] 3062/5250 VUs  1m10.0s/9m00.0s

running (1m11.0s), 3106/5250 VUs, 20413 complete and 0 interrupted iterations
users   [  13% ] 3106/5250 VUs  1m11.0s/9m00.0s

running (1m12.0s), 3149/5250 VUs, 21023 complete and 0 interrupted iterations
users   [  13% ] 3149/5250 VUs  1m12.0s/9m00.0s

running (1m13.0s), 3193/5250 VUs, 21587 complete and 0 interrupted iterations
users   [  14% ] 3193/5250 VUs  1m13.0s/9m00.0s

running (1m14.0s), 3237/5250 VUs, 22199 complete and 0 interrupted iterations
users   [  14% ] 3237/5250 VUs  1m14.0s/9m00.0s

running (1m15.0s), 3281/5250 VUs, 22834 complete and 0 interrupted iterations
users   [  14% ] 3281/5250 VUs  1m15.0s/9m00.0s

running (1m16.0s), 3324/5250 VUs, 23442 complete and 0 interrupted iterations
users   [  14% ] 3324/5250 VUs  1m16.0s/9m00.0s

running (1m17.0s), 3368/5250 VUs, 24077 complete and 0 interrupted iterations
users   [  14% ] 3368/5250 VUs  1m17.0s/9m00.0s

running (1m18.0s), 3412/5250 VUs, 24796 complete and 0 interrupted iterations
users   [  14% ] 3412/5250 VUs  1m18.0s/9m00.0s

running (1m19.0s), 3456/5250 VUs, 25417 complete and 0 interrupted iterations
users   [  15% ] 3456/5250 VUs  1m19.0s/9m00.0s

running (1m20.0s), 3499/5250 VUs, 26022 complete and 0 interrupted iterations
users   [  15% ] 3499/5250 VUs  1m20.0s/9m00.0s

running (1m21.0s), 3543/5250 VUs, 26735 complete and 0 interrupted iterations
users   [  15% ] 3543/5250 VUs  1m21.0s/9m00.0s

running (1m22.0s), 3587/5250 VUs, 27449 complete and 0 interrupted iterations
users   [  15% ] 3587/5250 VUs  1m22.0s/9m00.0s

running (1m23.0s), 3631/5250 VUs, 28135 complete and 0 interrupted iterations
users   [  15% ] 3631/5250 VUs  1m23.0s/9m00.0s

running (1m24.0s), 3674/5250 VUs, 28831 complete and 0 interrupted iterations
users   [  16% ] 3674/5250 VUs  1m24.0s/9m00.0s

running (1m25.0s), 3718/5250 VUs, 29529 complete and 0 interrupted iterations
users   [  16% ] 3718/5250 VUs  1m25.0s/9m00.0s

running (1m26.0s), 3762/5250 VUs, 30213 complete and 0 interrupted iterations
users   [  16% ] 3762/5250 VUs  1m26.0s/9m00.0s

running (1m27.0s), 3806/5250 VUs, 30950 complete and 0 interrupted iterations
users   [  16% ] 3806/5250 VUs  1m27.0s/9m00.0s

running (1m28.0s), 3849/5250 VUs, 31679 complete and 0 interrupted iterations
users   [  16% ] 3849/5250 VUs  1m28.0s/9m00.0s

running (1m29.0s), 3893/5250 VUs, 32420 complete and 0 interrupted iterations
users   [  16% ] 3893/5250 VUs  1m29.0s/9m00.0s

running (1m30.0s), 3937/5250 VUs, 33153 complete and 0 interrupted iterations
users   [  17% ] 3937/5250 VUs  1m30.0s/9m00.0s

running (1m31.0s), 3981/5250 VUs, 33905 complete and 0 interrupted iterations
users   [  17% ] 3981/5250 VUs  1m31.0s/9m00.0s

running (1m32.0s), 4024/5250 VUs, 34713 complete and 0 interrupted iterations
users   [  17% ] 4024/5250 VUs  1m32.0s/9m00.0s

running (1m33.0s), 4068/5250 VUs, 35483 complete and 0 interrupted iterations
users   [  17% ] 4068/5250 VUs  1m33.0s/9m00.0s

running (1m34.0s), 4112/5250 VUs, 36261 complete and 0 interrupted iterations
users   [  17% ] 4112/5250 VUs  1m34.0s/9m00.0s

running (1m35.0s), 4156/5250 VUs, 37048 complete and 0 interrupted iterations
users   [  18% ] 4156/5250 VUs  1m35.0s/9m00.0s

running (1m36.0s), 4199/5250 VUs, 37836 complete and 0 interrupted iterations
users   [  18% ] 4199/5250 VUs  1m36.0s/9m00.0s

running (1m37.0s), 4243/5250 VUs, 38678 complete and 0 interrupted iterations
users   [  18% ] 4243/5250 VUs  1m37.0s/9m00.0s

running (1m38.0s), 4287/5250 VUs, 39504 complete and 0 interrupted iterations
users   [  18% ] 4287/5250 VUs  1m38.0s/9m00.0s

running (1m39.0s), 4331/5250 VUs, 40328 complete and 0 interrupted iterations
users   [  18% ] 4331/5250 VUs  1m39.0s/9m00.0s

running (1m40.0s), 4374/5250 VUs, 41146 complete and 0 interrupted iterations
users   [  19% ] 4374/5250 VUs  1m40.0s/9m00.0s

running (1m41.0s), 4418/5250 VUs, 41978 complete and 0 interrupted iterations
users   [  19% ] 4418/5250 VUs  1m41.0s/9m00.0s

running (1m42.0s), 4462/5250 VUs, 42823 complete and 0 interrupted iterations
users   [  19% ] 4462/5250 VUs  1m42.0s/9m00.0s

running (1m43.0s), 4506/5250 VUs, 43708 complete and 0 interrupted iterations
users   [  19% ] 4506/5250 VUs  1m43.0s/9m00.0s

running (1m44.0s), 4549/5250 VUs, 44622 complete and 0 interrupted iterations
users   [  19% ] 4549/5250 VUs  1m44.0s/9m00.0s

running (1m45.0s), 4593/5250 VUs, 45471 complete and 0 interrupted iterations
users   [  19% ] 4593/5250 VUs  1m45.0s/9m00.0s

running (1m46.0s), 4637/5250 VUs, 46387 complete and 0 interrupted iterations
users   [  20% ] 4637/5250 VUs  1m46.0s/9m00.0s

running (1m47.0s), 4681/5250 VUs, 47303 complete and 0 interrupted iterations
users   [  20% ] 4681/5250 VUs  1m47.0s/9m00.0s

running (1m48.0s), 4724/5250 VUs, 48211 complete and 0 interrupted iterations
users   [  20% ] 4724/5250 VUs  1m48.0s/9m00.0s

running (1m49.0s), 4768/5250 VUs, 49118 complete and 0 interrupted iterations
users   [  20% ] 4768/5250 VUs  1m49.0s/9m00.0s

running (1m50.0s), 4812/5250 VUs, 50030 complete and 0 interrupted iterations
users   [  20% ] 4812/5250 VUs  1m50.0s/9m00.0s

running (1m51.0s), 4856/5250 VUs, 50942 complete and 0 interrupted iterations
users   [  21% ] 4856/5250 VUs  1m51.0s/9m00.0s

running (1m52.0s), 4899/5250 VUs, 51913 complete and 0 interrupted iterations
users   [  21% ] 4899/5250 VUs  1m52.0s/9m00.0s

running (1m53.0s), 4943/5250 VUs, 52868 complete and 0 interrupted iterations
users   [  21% ] 4943/5250 VUs  1m53.0s/9m00.0s

running (1m54.0s), 4987/5250 VUs, 53856 complete and 0 interrupted iterations
users   [  21% ] 4987/5250 VUs  1m54.0s/9m00.0s

running (1m55.0s), 5031/5250 VUs, 54781 complete and 0 interrupted iterations
users   [  21% ] 5031/5250 VUs  1m55.0s/9m00.0s

running (1m56.0s), 5074/5250 VUs, 55767 complete and 0 interrupted iterations
users   [  21% ] 5074/5250 VUs  1m56.0s/9m00.0s

running (1m57.0s), 5118/5250 VUs, 56787 complete and 0 interrupted iterations
users   [  22% ] 5118/5250 VUs  1m57.0s/9m00.0s

running (1m58.0s), 5162/5250 VUs, 57819 complete and 0 interrupted iterations
users   [  22% ] 5162/5250 VUs  1m58.0s/9m00.0s

running (1m59.0s), 5206/5250 VUs, 58794 complete and 0 interrupted iterations
users   [  22% ] 5206/5250 VUs  1m59.0s/9m00.0s

running (2m00.0s), 5249/5250 VUs, 59788 complete and 0 interrupted iterations
users   [  22% ] 5249/5250 VUs  2m00.0s/9m00.0s

running (2m01.0s), 5250/5250 VUs, 60843 complete and 0 interrupted iterations
users   [  22% ] 5250/5250 VUs  2m01.0s/9m00.0s

running (2m02.0s), 5250/5250 VUs, 61858 complete and 0 interrupted iterations
users   [  23% ] 5250/5250 VUs  2m02.0s/9m00.0s

running (2m03.0s), 5250/5250 VUs, 62860 complete and 0 interrupted iterations
users   [  23% ] 5250/5250 VUs  2m03.0s/9m00.0s

running (2m04.0s), 5250/5250 VUs, 63913 complete and 0 interrupted iterations
users   [  23% ] 5250/5250 VUs  2m04.0s/9m00.0s

running (2m05.0s), 5250/5250 VUs, 64975 complete and 0 interrupted iterations
users   [  23% ] 5250/5250 VUs  2m05.0s/9m00.0s

running (2m06.0s), 5250/5250 VUs, 66015 complete and 0 interrupted iterations
users   [  23% ] 5250/5250 VUs  2m06.0s/9m00.0s

running (2m07.0s), 5250/5250 VUs, 67051 complete and 0 interrupted iterations
users   [  24% ] 5250/5250 VUs  2m07.0s/9m00.0s

running (2m08.0s), 5250/5250 VUs, 68069 complete and 0 interrupted iterations
users   [  24% ] 5250/5250 VUs  2m08.0s/9m00.0s

running (2m09.0s), 5250/5250 VUs, 69031 complete and 0 interrupted iterations
users   [  24% ] 5250/5250 VUs  2m09.0s/9m00.0s

running (2m10.0s), 5250/5250 VUs, 70117 complete and 0 interrupted iterations
users   [  24% ] 5250/5250 VUs  2m10.0s/9m00.0s

running (2m11.0s), 5250/5250 VUs, 71184 complete and 0 interrupted iterations
users   [  24% ] 5250/5250 VUs  2m11.0s/9m00.0s

running (2m12.0s), 5250/5250 VUs, 72184 complete and 0 interrupted iterations
users   [  24% ] 5250/5250 VUs  2m12.0s/9m00.0s

running (2m13.0s), 5250/5250 VUs, 73272 complete and 0 interrupted iterations
users   [  25% ] 5250/5250 VUs  2m13.0s/9m00.0s

running (2m14.0s), 5250/5250 VUs, 74309 complete and 0 interrupted iterations
users   [  25% ] 5250/5250 VUs  2m14.0s/9m00.0s

running (2m15.0s), 5250/5250 VUs, 75334 complete and 0 interrupted iterations
users   [  25% ] 5250/5250 VUs  2m15.0s/9m00.0s

running (2m16.0s), 5250/5250 VUs, 76403 complete and 0 interrupted iterations
users   [  25% ] 5250/5250 VUs  2m16.0s/9m00.0s

running (2m17.0s), 5250/5250 VUs, 77418 complete and 0 interrupted iterations
users   [  25% ] 5250/5250 VUs  2m17.0s/9m00.0s

running (2m18.0s), 5250/5250 VUs, 78404 complete and 0 interrupted iterations
users   [  26% ] 5250/5250 VUs  2m18.0s/9m00.0s

running (2m19.0s), 5250/5250 VUs, 79476 complete and 0 interrupted iterations
users   [  26% ] 5250/5250 VUs  2m19.0s/9m00.0s

running (2m20.0s), 5250/5250 VUs, 80548 complete and 0 interrupted iterations
users   [  26% ] 5250/5250 VUs  2m20.0s/9m00.0s

running (2m21.0s), 5250/5250 VUs, 81578 complete and 0 interrupted iterations
users   [  26% ] 5250/5250 VUs  2m21.0s/9m00.0s

running (2m22.0s), 5250/5250 VUs, 82633 complete and 0 interrupted iterations
users   [  26% ] 5250/5250 VUs  2m22.0s/9m00.0s

running (2m23.0s), 5250/5250 VUs, 83692 complete and 0 interrupted iterations
users   [  26% ] 5250/5250 VUs  2m23.0s/9m00.0s

running (2m24.0s), 5250/5250 VUs, 84674 complete and 0 interrupted iterations
users   [  27% ] 5250/5250 VUs  2m24.0s/9m00.0s

running (2m25.0s), 5250/5250 VUs, 85728 complete and 0 interrupted iterations
users   [  27% ] 5250/5250 VUs  2m25.0s/9m00.0s

running (2m26.0s), 5250/5250 VUs, 86726 complete and 0 interrupted iterations
users   [  27% ] 5250/5250 VUs  2m26.0s/9m00.0s

running (2m27.0s), 5250/5250 VUs, 87764 complete and 0 interrupted iterations
users   [  27% ] 5250/5250 VUs  2m27.0s/9m00.0s

running (2m28.0s), 5250/5250 VUs, 88817 complete and 0 interrupted iterations
users   [  27% ] 5250/5250 VUs  2m28.0s/9m00.0s

running (2m29.0s), 5250/5250 VUs, 89874 complete and 0 interrupted iterations
users   [  28% ] 5250/5250 VUs  2m29.0s/9m00.0s

running (2m30.0s), 5250/5250 VUs, 90894 complete and 0 interrupted iterations
users   [  28% ] 5250/5250 VUs  2m30.0s/9m00.0s

running (2m31.0s), 5250/5250 VUs, 91908 complete and 0 interrupted iterations
users   [  28% ] 5250/5250 VUs  2m31.0s/9m00.0s

running (2m32.0s), 5250/5250 VUs, 92958 complete and 0 interrupted iterations
users   [  28% ] 5250/5250 VUs  2m32.0s/9m00.0s

running (2m33.0s), 5250/5250 VUs, 94016 complete and 0 interrupted iterations
users   [  28% ] 5250/5250 VUs  2m33.0s/9m00.0s

running (2m34.0s), 5250/5250 VUs, 94980 complete and 0 interrupted iterations
users   [  29% ] 5250/5250 VUs  2m34.0s/9m00.0s

running (2m35.0s), 5250/5250 VUs, 96014 complete and 0 interrupted iterations
users   [  29% ] 5250/5250 VUs  2m35.0s/9m00.0s

running (2m36.0s), 5250/5250 VUs, 97112 complete and 0 interrupted iterations
users   [  29% ] 5250/5250 VUs  2m36.0s/9m00.0s

running (2m37.0s), 5250/5250 VUs, 98126 complete and 0 interrupted iterations
users   [  29% ] 5250/5250 VUs  2m37.0s/9m00.0s

running (2m38.0s), 5250/5250 VUs, 99177 complete and 0 interrupted iterations
users   [  29% ] 5250/5250 VUs  2m38.0s/9m00.0s

running (2m39.0s), 5250/5250 VUs, 100215 complete and 0 interrupted iterations
users   [  29% ] 5250/5250 VUs  2m39.0s/9m00.0s

running (2m40.0s), 5250/5250 VUs, 101238 complete and 0 interrupted iterations
users   [  30% ] 5250/5250 VUs  2m40.0s/9m00.0s

running (2m41.0s), 5250/5250 VUs, 102284 complete and 0 interrupted iterations
users   [  30% ] 5250/5250 VUs  2m41.0s/9m00.0s

running (2m42.0s), 5250/5250 VUs, 103331 complete and 0 interrupted iterations
users   [  30% ] 5250/5250 VUs  2m42.0s/9m00.0s

running (2m43.0s), 5250/5250 VUs, 104370 complete and 0 interrupted iterations
users   [  30% ] 5250/5250 VUs  2m43.0s/9m00.0s

running (2m44.0s), 5250/5250 VUs, 105392 complete and 0 interrupted iterations
users   [  30% ] 5250/5250 VUs  2m44.0s/9m00.0s

running (2m45.0s), 5250/5250 VUs, 106449 complete and 0 interrupted iterations
users   [  31% ] 5250/5250 VUs  2m45.0s/9m00.0s

running (2m46.0s), 5250/5250 VUs, 107473 complete and 0 interrupted iterations
users   [  31% ] 5250/5250 VUs  2m46.0s/9m00.0s

running (2m47.0s), 5250/5250 VUs, 108516 complete and 0 interrupted iterations
users   [  31% ] 5250/5250 VUs  2m47.0s/9m00.0s

running (2m48.0s), 5250/5250 VUs, 109564 complete and 0 interrupted iterations
users   [  31% ] 5250/5250 VUs  2m48.0s/9m00.0s

running (2m49.0s), 5250/5250 VUs, 110590 complete and 0 interrupted iterations
users   [  31% ] 5250/5250 VUs  2m49.0s/9m00.0s

running (2m50.0s), 5250/5250 VUs, 111607 complete and 0 interrupted iterations
users   [  31% ] 5250/5250 VUs  2m50.0s/9m00.0s

running (2m51.0s), 5250/5250 VUs, 112653 complete and 0 interrupted iterations
users   [  32% ] 5250/5250 VUs  2m51.0s/9m00.0s

running (2m52.0s), 5250/5250 VUs, 113746 complete and 0 interrupted iterations
users   [  32% ] 5250/5250 VUs  2m52.0s/9m00.0s

running (2m53.0s), 5250/5250 VUs, 114741 complete and 0 interrupted iterations
users   [  32% ] 5250/5250 VUs  2m53.0s/9m00.0s

running (2m54.0s), 5250/5250 VUs, 115767 complete and 0 interrupted iterations
users   [  32% ] 5250/5250 VUs  2m54.0s/9m00.0s

running (2m55.0s), 5250/5250 VUs, 116801 complete and 0 interrupted iterations
users   [  32% ] 5250/5250 VUs  2m55.0s/9m00.0s

running (2m56.0s), 5250/5250 VUs, 117852 complete and 0 interrupted iterations
users   [  33% ] 5250/5250 VUs  2m56.0s/9m00.0s

running (2m57.0s), 5250/5250 VUs, 118872 complete and 0 interrupted iterations
users   [  33% ] 5250/5250 VUs  2m57.0s/9m00.0s

running (2m58.0s), 5250/5250 VUs, 119905 complete and 0 interrupted iterations
users   [  33% ] 5250/5250 VUs  2m58.0s/9m00.0s

running (2m59.0s), 5250/5250 VUs, 120949 complete and 0 interrupted iterations
users   [  33% ] 5250/5250 VUs  2m59.0s/9m00.0s

running (3m00.0s), 5250/5250 VUs, 121972 complete and 0 interrupted iterations
users   [  33% ] 5250/5250 VUs  3m00.0s/9m00.0s

running (3m01.0s), 5250/5250 VUs, 123016 complete and 0 interrupted iterations
users   [  34% ] 5250/5250 VUs  3m01.0s/9m00.0s

running (3m02.0s), 5250/5250 VUs, 124063 complete and 0 interrupted iterations
users   [  34% ] 5250/5250 VUs  3m02.0s/9m00.0s

running (3m03.0s), 5250/5250 VUs, 125122 complete and 0 interrupted iterations
users   [  34% ] 5250/5250 VUs  3m03.0s/9m00.0s

running (3m04.0s), 5250/5250 VUs, 126144 complete and 0 interrupted iterations
users   [  34% ] 5250/5250 VUs  3m04.0s/9m00.0s

running (3m05.0s), 5250/5250 VUs, 127132 complete and 0 interrupted iterations
users   [  34% ] 5250/5250 VUs  3m05.0s/9m00.0s

running (3m06.0s), 5250/5250 VUs, 128193 complete and 0 interrupted iterations
users   [  34% ] 5250/5250 VUs  3m06.0s/9m00.0s

running (3m07.0s), 5250/5250 VUs, 129237 complete and 0 interrupted iterations
users   [  35% ] 5250/5250 VUs  3m07.0s/9m00.0s

running (3m08.0s), 5250/5250 VUs, 130259 complete and 0 interrupted iterations
users   [  35% ] 5250/5250 VUs  3m08.0s/9m00.0s

running (3m09.0s), 5250/5250 VUs, 131295 complete and 0 interrupted iterations
users   [  35% ] 5250/5250 VUs  3m09.0s/9m00.0s

running (3m10.0s), 5250/5250 VUs, 132360 complete and 0 interrupted iterations
users   [  35% ] 5250/5250 VUs  3m10.0s/9m00.0s

running (3m11.0s), 5250/5250 VUs, 133400 complete and 0 interrupted iterations
users   [  35% ] 5250/5250 VUs  3m11.0s/9m00.0s

running (3m12.0s), 5250/5250 VUs, 134429 complete and 0 interrupted iterations
users   [  36% ] 5250/5250 VUs  3m12.0s/9m00.0s

running (3m13.0s), 5250/5250 VUs, 135444 complete and 0 interrupted iterations
users   [  36% ] 5250/5250 VUs  3m13.0s/9m00.0s

running (3m14.0s), 5250/5250 VUs, 136510 complete and 0 interrupted iterations
users   [  36% ] 5250/5250 VUs  3m14.0s/9m00.0s

running (3m15.0s), 5250/5250 VUs, 137571 complete and 0 interrupted iterations
users   [  36% ] 5250/5250 VUs  3m15.0s/9m00.0s

running (3m16.0s), 5250/5250 VUs, 138550 complete and 0 interrupted iterations
users   [  36% ] 5250/5250 VUs  3m16.0s/9m00.0s

running (3m17.0s), 5250/5250 VUs, 139602 complete and 0 interrupted iterations
users   [  36% ] 5250/5250 VUs  3m17.0s/9m00.0s

running (3m18.0s), 5250/5250 VUs, 140588 complete and 0 interrupted iterations
users   [  37% ] 5250/5250 VUs  3m18.0s/9m00.0s

running (3m19.0s), 5250/5250 VUs, 141656 complete and 0 interrupted iterations
users   [  37% ] 5250/5250 VUs  3m19.0s/9m00.0s

running (3m20.0s), 5250/5250 VUs, 142720 complete and 0 interrupted iterations
users   [  37% ] 5250/5250 VUs  3m20.0s/9m00.0s

running (3m21.0s), 5250/5250 VUs, 143734 complete and 0 interrupted iterations
users   [  37% ] 5250/5250 VUs  3m21.0s/9m00.0s

running (3m22.0s), 5250/5250 VUs, 144777 complete and 0 interrupted iterations
users   [  37% ] 5250/5250 VUs  3m22.0s/9m00.0s

running (3m23.0s), 5250/5250 VUs, 145778 complete and 0 interrupted iterations
users   [  38% ] 5250/5250 VUs  3m23.0s/9m00.0s

running (3m24.0s), 5250/5250 VUs, 146840 complete and 0 interrupted iterations
users   [  38% ] 5250/5250 VUs  3m24.0s/9m00.0s

running (3m25.0s), 5250/5250 VUs, 147849 complete and 0 interrupted iterations
users   [  38% ] 5250/5250 VUs  3m25.0s/9m00.0s

running (3m26.0s), 5250/5250 VUs, 148831 complete and 0 interrupted iterations
users   [  38% ] 5250/5250 VUs  3m26.0s/9m00.0s

running (3m27.0s), 5250/5250 VUs, 149949 complete and 0 interrupted iterations
users   [  38% ] 5250/5250 VUs  3m27.0s/9m00.0s

running (3m28.0s), 5250/5250 VUs, 150922 complete and 0 interrupted iterations
users   [  39% ] 5250/5250 VUs  3m28.0s/9m00.0s

running (3m29.0s), 5250/5250 VUs, 151971 complete and 0 interrupted iterations
users   [  39% ] 5250/5250 VUs  3m29.0s/9m00.0s

running (3m30.0s), 5250/5250 VUs, 152955 complete and 0 interrupted iterations
users   [  39% ] 5250/5250 VUs  3m30.0s/9m00.0s

running (3m31.0s), 5250/5250 VUs, 153858 complete and 0 interrupted iterations
users   [  39% ] 5250/5250 VUs  3m31.0s/9m00.0s

running (3m32.0s), 5250/5250 VUs, 154795 complete and 0 interrupted iterations
users   [  39% ] 5250/5250 VUs  3m32.0s/9m00.0s

running (3m33.0s), 5250/5250 VUs, 155843 complete and 0 interrupted iterations
users   [  39% ] 5250/5250 VUs  3m33.0s/9m00.0s

running (3m34.0s), 5250/5250 VUs, 156887 complete and 0 interrupted iterations
users   [  40% ] 5250/5250 VUs  3m34.0s/9m00.0s

running (3m35.0s), 5250/5250 VUs, 157949 complete and 0 interrupted iterations
users   [  40% ] 5250/5250 VUs  3m35.0s/9m00.0s

running (3m36.0s), 5250/5250 VUs, 158974 complete and 0 interrupted iterations
users   [  40% ] 5250/5250 VUs  3m36.0s/9m00.0s

running (3m37.0s), 5250/5250 VUs, 160071 complete and 0 interrupted iterations
users   [  40% ] 5250/5250 VUs  3m37.0s/9m00.0s

running (3m38.0s), 5250/5250 VUs, 161065 complete and 0 interrupted iterations
users   [  40% ] 5250/5250 VUs  3m38.0s/9m00.0s

running (3m39.0s), 5250/5250 VUs, 162081 complete and 0 interrupted iterations
users   [  41% ] 5250/5250 VUs  3m39.0s/9m00.0s

running (3m40.0s), 5250/5250 VUs, 163091 complete and 0 interrupted iterations
users   [  41% ] 5250/5250 VUs  3m40.0s/9m00.0s

running (3m41.0s), 5250/5250 VUs, 164199 complete and 0 interrupted iterations
users   [  41% ] 5250/5250 VUs  3m41.0s/9m00.0s

running (3m42.0s), 5250/5250 VUs, 165251 complete and 0 interrupted iterations
users   [  41% ] 5250/5250 VUs  3m42.0s/9m00.0s

running (3m43.0s), 5250/5250 VUs, 166273 complete and 0 interrupted iterations
users   [  41% ] 5250/5250 VUs  3m43.0s/9m00.0s

running (3m44.0s), 5250/5250 VUs, 167277 complete and 0 interrupted iterations
users   [  41% ] 5250/5250 VUs  3m44.0s/9m00.0s

running (3m45.0s), 5250/5250 VUs, 168352 complete and 0 interrupted iterations
users   [  42% ] 5250/5250 VUs  3m45.0s/9m00.0s

running (3m46.0s), 5250/5250 VUs, 169376 complete and 0 interrupted iterations
users   [  42% ] 5250/5250 VUs  3m46.0s/9m00.0s

running (3m47.0s), 5250/5250 VUs, 170385 complete and 0 interrupted iterations
users   [  42% ] 5250/5250 VUs  3m47.0s/9m00.0s

running (3m48.0s), 5250/5250 VUs, 171442 complete and 0 interrupted iterations
users   [  42% ] 5250/5250 VUs  3m48.0s/9m00.0s

running (3m49.0s), 5250/5250 VUs, 172516 complete and 0 interrupted iterations
users   [  42% ] 5250/5250 VUs  3m49.0s/9m00.0s

running (3m50.0s), 5250/5250 VUs, 173517 complete and 0 interrupted iterations
users   [  43% ] 5250/5250 VUs  3m50.0s/9m00.0s

running (3m51.0s), 5250/5250 VUs, 174552 complete and 0 interrupted iterations
users   [  43% ] 5250/5250 VUs  3m51.0s/9m00.0s

running (3m52.0s), 5250/5250 VUs, 175641 complete and 0 interrupted iterations
users   [  43% ] 5250/5250 VUs  3m52.0s/9m00.0s

running (3m53.0s), 5250/5250 VUs, 176663 complete and 0 interrupted iterations
users   [  43% ] 5250/5250 VUs  3m53.0s/9m00.0s

running (3m54.0s), 5250/5250 VUs, 177689 complete and 0 interrupted iterations
users   [  43% ] 5250/5250 VUs  3m54.0s/9m00.0s

running (3m55.0s), 5250/5250 VUs, 178693 complete and 0 interrupted iterations
users   [  44% ] 5250/5250 VUs  3m55.0s/9m00.0s

running (3m56.0s), 5250/5250 VUs, 179729 complete and 0 interrupted iterations
users   [  44% ] 5250/5250 VUs  3m56.0s/9m00.0s

running (3m57.0s), 5250/5250 VUs, 180806 complete and 0 interrupted iterations
users   [  44% ] 5250/5250 VUs  3m57.0s/9m00.0s

running (3m58.0s), 5250/5250 VUs, 181870 complete and 0 interrupted iterations
users   [  44% ] 5250/5250 VUs  3m58.0s/9m00.0s

running (3m59.0s), 5250/5250 VUs, 182935 complete and 0 interrupted iterations
users   [  44% ] 5250/5250 VUs  3m59.0s/9m00.0s

running (4m00.0s), 5250/5250 VUs, 183918 complete and 0 interrupted iterations
users   [  44% ] 5250/5250 VUs  4m00.0s/9m00.0s

running (4m01.0s), 5250/5250 VUs, 184930 complete and 0 interrupted iterations
users   [  45% ] 5250/5250 VUs  4m01.0s/9m00.0s

running (4m02.0s), 5250/5250 VUs, 186001 complete and 0 interrupted iterations
users   [  45% ] 5250/5250 VUs  4m02.0s/9m00.0s

running (4m03.0s), 5250/5250 VUs, 187098 complete and 0 interrupted iterations
users   [  45% ] 5250/5250 VUs  4m03.0s/9m00.0s

running (4m04.0s), 5250/5250 VUs, 188146 complete and 0 interrupted iterations
users   [  45% ] 5250/5250 VUs  4m04.0s/9m00.0s

running (4m05.0s), 5250/5250 VUs, 189149 complete and 0 interrupted iterations
users   [  45% ] 5250/5250 VUs  4m05.0s/9m00.0s

running (4m06.0s), 5250/5250 VUs, 190184 complete and 0 interrupted iterations
users   [  46% ] 5250/5250 VUs  4m06.0s/9m00.0s

running (4m07.0s), 5250/5250 VUs, 191227 complete and 0 interrupted iterations
users   [  46% ] 5250/5250 VUs  4m07.0s/9m00.0s

running (4m08.0s), 5250/5250 VUs, 192263 complete and 0 interrupted iterations
users   [  46% ] 5250/5250 VUs  4m08.0s/9m00.0s

running (4m09.0s), 5250/5250 VUs, 193330 complete and 0 interrupted iterations
users   [  46% ] 5250/5250 VUs  4m09.0s/9m00.0s

running (4m10.0s), 5250/5250 VUs, 194371 complete and 0 interrupted iterations
users   [  46% ] 5250/5250 VUs  4m10.0s/9m00.0s

running (4m11.0s), 5250/5250 VUs, 195385 complete and 0 interrupted iterations
users   [  46% ] 5250/5250 VUs  4m11.0s/9m00.0s

running (4m12.0s), 5250/5250 VUs, 196415 complete and 0 interrupted iterations
users   [  47% ] 5250/5250 VUs  4m12.0s/9m00.0s

running (4m13.0s), 5250/5250 VUs, 197455 complete and 0 interrupted iterations
users   [  47% ] 5250/5250 VUs  4m13.0s/9m00.0s

running (4m14.0s), 5250/5250 VUs, 198513 complete and 0 interrupted iterations
users   [  47% ] 5250/5250 VUs  4m14.0s/9m00.0s

running (4m15.0s), 5250/5250 VUs, 199545 complete and 0 interrupted iterations
users   [  47% ] 5250/5250 VUs  4m15.0s/9m00.0s

running (4m16.0s), 5250/5250 VUs, 200492 complete and 0 interrupted iterations
users   [  47% ] 5250/5250 VUs  4m16.0s/9m00.0s

running (4m17.0s), 5250/5250 VUs, 201530 complete and 0 interrupted iterations
users   [  48% ] 5250/5250 VUs  4m17.0s/9m00.0s

running (4m18.0s), 5250/5250 VUs, 202620 complete and 0 interrupted iterations
users   [  48% ] 5250/5250 VUs  4m18.0s/9m00.0s

running (4m19.0s), 5250/5250 VUs, 203669 complete and 0 interrupted iterations
users   [  48% ] 5250/5250 VUs  4m19.0s/9m00.0s

running (4m20.0s), 5250/5250 VUs, 204716 complete and 0 interrupted iterations
users   [  48% ] 5250/5250 VUs  4m20.0s/9m00.0s

running (4m21.0s), 5250/5250 VUs, 205719 complete and 0 interrupted iterations
users   [  48% ] 5250/5250 VUs  4m21.0s/9m00.0s

running (4m22.0s), 5250/5250 VUs, 206749 complete and 0 interrupted iterations
users   [  49% ] 5250/5250 VUs  4m22.0s/9m00.0s

running (4m23.0s), 5250/5250 VUs, 207824 complete and 0 interrupted iterations
users   [  49% ] 5250/5250 VUs  4m23.0s/9m00.0s

running (4m24.0s), 5250/5250 VUs, 208833 complete and 0 interrupted iterations
users   [  49% ] 5250/5250 VUs  4m24.0s/9m00.0s

running (4m25.0s), 5250/5250 VUs, 209876 complete and 0 interrupted iterations
users   [  49% ] 5250/5250 VUs  4m25.0s/9m00.0s

running (4m26.0s), 5250/5250 VUs, 210916 complete and 0 interrupted iterations
users   [  49% ] 5250/5250 VUs  4m26.0s/9m00.0s

running (4m27.0s), 5250/5250 VUs, 211958 complete and 0 interrupted iterations
users   [  49% ] 5250/5250 VUs  4m27.0s/9m00.0s

running (4m28.0s), 5250/5250 VUs, 212978 complete and 0 interrupted iterations
users   [  50% ] 5250/5250 VUs  4m28.0s/9m00.0s

running (4m29.0s), 5250/5250 VUs, 213971 complete and 0 interrupted iterations
users   [  50% ] 5250/5250 VUs  4m29.0s/9m00.0s

running (4m30.0s), 5250/5250 VUs, 215001 complete and 0 interrupted iterations
users   [  50% ] 5250/5250 VUs  4m30.0s/9m00.0s

running (4m31.0s), 5250/5250 VUs, 216020 complete and 0 interrupted iterations
users   [  50% ] 5250/5250 VUs  4m31.0s/9m00.0s

running (4m32.0s), 5250/5250 VUs, 217143 complete and 0 interrupted iterations
users   [  50% ] 5250/5250 VUs  4m32.0s/9m00.0s

running (4m33.0s), 5250/5250 VUs, 218158 complete and 0 interrupted iterations
users   [  51% ] 5250/5250 VUs  4m33.0s/9m00.0s

running (4m34.0s), 5250/5250 VUs, 219204 complete and 0 interrupted iterations
users   [  51% ] 5250/5250 VUs  4m34.0s/9m00.0s

running (4m35.0s), 5250/5250 VUs, 220221 complete and 0 interrupted iterations
users   [  51% ] 5250/5250 VUs  4m35.0s/9m00.0s

running (4m36.0s), 5250/5250 VUs, 221195 complete and 0 interrupted iterations
users   [  51% ] 5250/5250 VUs  4m36.0s/9m00.0s

running (4m37.0s), 5250/5250 VUs, 222297 complete and 0 interrupted iterations
users   [  51% ] 5250/5250 VUs  4m37.0s/9m00.0s

running (4m38.0s), 5250/5250 VUs, 223344 complete and 0 interrupted iterations
users   [  51% ] 5250/5250 VUs  4m38.0s/9m00.0s

running (4m39.0s), 5250/5250 VUs, 224372 complete and 0 interrupted iterations
users   [  52% ] 5250/5250 VUs  4m39.0s/9m00.0s

running (4m40.0s), 5250/5250 VUs, 225395 complete and 0 interrupted iterations
users   [  52% ] 5250/5250 VUs  4m40.0s/9m00.0s

running (4m41.0s), 5250/5250 VUs, 226451 complete and 0 interrupted iterations
users   [  52% ] 5250/5250 VUs  4m41.0s/9m00.0s

running (4m42.0s), 5250/5250 VUs, 227511 complete and 0 interrupted iterations
users   [  52% ] 5250/5250 VUs  4m42.0s/9m00.0s

running (4m43.0s), 5250/5250 VUs, 228451 complete and 0 interrupted iterations
users   [  52% ] 5250/5250 VUs  4m43.0s/9m00.0s

running (4m44.0s), 5250/5250 VUs, 229557 complete and 0 interrupted iterations
users   [  53% ] 5250/5250 VUs  4m44.0s/9m00.0s

running (4m45.0s), 5250/5250 VUs, 230548 complete and 0 interrupted iterations
users   [  53% ] 5250/5250 VUs  4m45.0s/9m00.0s

running (4m46.0s), 5250/5250 VUs, 231600 complete and 0 interrupted iterations
users   [  53% ] 5250/5250 VUs  4m46.0s/9m00.0s

running (4m47.0s), 5250/5250 VUs, 232669 complete and 0 interrupted iterations
users   [  53% ] 5250/5250 VUs  4m47.0s/9m00.0s

running (4m48.0s), 5250/5250 VUs, 233684 complete and 0 interrupted iterations
users   [  53% ] 5250/5250 VUs  4m48.0s/9m00.0s

running (4m49.0s), 5250/5250 VUs, 234730 complete and 0 interrupted iterations
users   [  54% ] 5250/5250 VUs  4m49.0s/9m00.0s

running (4m50.0s), 5250/5250 VUs, 235718 complete and 0 interrupted iterations
users   [  54% ] 5250/5250 VUs  4m50.0s/9m00.0s

running (4m51.0s), 5250/5250 VUs, 236771 complete and 0 interrupted iterations
users   [  54% ] 5250/5250 VUs  4m51.0s/9m00.0s

running (4m52.0s), 5250/5250 VUs, 237822 complete and 0 interrupted iterations
users   [  54% ] 5250/5250 VUs  4m52.0s/9m00.0s

running (4m53.0s), 5250/5250 VUs, 238859 complete and 0 interrupted iterations
users   [  54% ] 5250/5250 VUs  4m53.0s/9m00.0s

running (4m54.0s), 5250/5250 VUs, 239856 complete and 0 interrupted iterations
users   [  54% ] 5250/5250 VUs  4m54.0s/9m00.0s

running (4m55.0s), 5250/5250 VUs, 240902 complete and 0 interrupted iterations
users   [  55% ] 5250/5250 VUs  4m55.0s/9m00.0s

running (4m56.0s), 5250/5250 VUs, 241953 complete and 0 interrupted iterations
users   [  55% ] 5250/5250 VUs  4m56.0s/9m00.0s

running (4m57.0s), 5250/5250 VUs, 242969 complete and 0 interrupted iterations
users   [  55% ] 5250/5250 VUs  4m57.0s/9m00.0s

running (4m58.0s), 5250/5250 VUs, 244034 complete and 0 interrupted iterations
users   [  55% ] 5250/5250 VUs  4m58.0s/9m00.0s

running (4m59.0s), 5250/5250 VUs, 245048 complete and 0 interrupted iterations
users   [  55% ] 5250/5250 VUs  4m59.0s/9m00.0s

running (5m00.0s), 5250/5250 VUs, 246108 complete and 0 interrupted iterations
users   [  56% ] 5250/5250 VUs  5m00.0s/9m00.0s

running (5m01.0s), 5250/5250 VUs, 247144 complete and 0 interrupted iterations
users   [  56% ] 5250/5250 VUs  5m01.0s/9m00.0s

running (5m02.0s), 5250/5250 VUs, 248174 complete and 0 interrupted iterations
users   [  56% ] 5250/5250 VUs  5m02.0s/9m00.0s

running (5m03.0s), 5250/5250 VUs, 249233 complete and 0 interrupted iterations
users   [  56% ] 5250/5250 VUs  5m03.0s/9m00.0s

running (5m04.0s), 5250/5250 VUs, 250273 complete and 0 interrupted iterations
users   [  56% ] 5250/5250 VUs  5m04.0s/9m00.0s

running (5m05.0s), 5250/5250 VUs, 251322 complete and 0 interrupted iterations
users   [  56% ] 5250/5250 VUs  5m05.0s/9m00.0s

running (5m06.0s), 5250/5250 VUs, 252335 complete and 0 interrupted iterations
users   [  57% ] 5250/5250 VUs  5m06.0s/9m00.0s

running (5m07.0s), 5250/5250 VUs, 253338 complete and 0 interrupted iterations
users   [  57% ] 5250/5250 VUs  5m07.0s/9m00.0s

running (5m08.0s), 5250/5250 VUs, 254408 complete and 0 interrupted iterations
users   [  57% ] 5250/5250 VUs  5m08.0s/9m00.0s

running (5m09.0s), 5250/5250 VUs, 255474 complete and 0 interrupted iterations
users   [  57% ] 5250/5250 VUs  5m09.0s/9m00.0s

running (5m10.0s), 5250/5250 VUs, 256467 complete and 0 interrupted iterations
users   [  57% ] 5250/5250 VUs  5m10.0s/9m00.0s

running (5m11.0s), 5250/5250 VUs, 257508 complete and 0 interrupted iterations
users   [  58% ] 5250/5250 VUs  5m11.0s/9m00.0s

running (5m12.0s), 5250/5250 VUs, 258573 complete and 0 interrupted iterations
users   [  58% ] 5250/5250 VUs  5m12.0s/9m00.0s

running (5m13.0s), 5250/5250 VUs, 259593 complete and 0 interrupted iterations
users   [  58% ] 5250/5250 VUs  5m13.0s/9m00.0s

running (5m14.0s), 5250/5250 VUs, 260585 complete and 0 interrupted iterations
users   [  58% ] 5250/5250 VUs  5m14.0s/9m00.0s

running (5m15.0s), 5250/5250 VUs, 261602 complete and 0 interrupted iterations
users   [  58% ] 5250/5250 VUs  5m15.0s/9m00.0s

running (5m16.0s), 5250/5250 VUs, 262637 complete and 0 interrupted iterations
users   [  59% ] 5250/5250 VUs  5m16.0s/9m00.0s

running (5m17.0s), 5250/5250 VUs, 263655 complete and 0 interrupted iterations
users   [  59% ] 5250/5250 VUs  5m17.0s/9m00.0s

running (5m18.0s), 5250/5250 VUs, 264688 complete and 0 interrupted iterations
users   [  59% ] 5250/5250 VUs  5m18.0s/9m00.0s

running (5m19.0s), 5250/5250 VUs, 265750 complete and 0 interrupted iterations
users   [  59% ] 5250/5250 VUs  5m19.0s/9m00.0s

running (5m20.0s), 5250/5250 VUs, 266771 complete and 0 interrupted iterations
users   [  59% ] 5250/5250 VUs  5m20.0s/9m00.0s

running (5m21.0s), 5250/5250 VUs, 267868 complete and 0 interrupted iterations
users   [  59% ] 5250/5250 VUs  5m21.0s/9m00.0s

running (5m22.0s), 5250/5250 VUs, 268899 complete and 0 interrupted iterations
users   [  60% ] 5250/5250 VUs  5m22.0s/9m00.0s

running (5m23.0s), 5250/5250 VUs, 269948 complete and 0 interrupted iterations
users   [  60% ] 5250/5250 VUs  5m23.0s/9m00.0s

running (5m24.0s), 5250/5250 VUs, 270995 complete and 0 interrupted iterations
users   [  60% ] 5250/5250 VUs  5m24.0s/9m00.0s

running (5m25.0s), 5250/5250 VUs, 272026 complete and 0 interrupted iterations
users   [  60% ] 5250/5250 VUs  5m25.0s/9m00.0s

running (5m26.0s), 5250/5250 VUs, 273069 complete and 0 interrupted iterations
users   [  60% ] 5250/5250 VUs  5m26.0s/9m00.0s

running (5m27.0s), 5250/5250 VUs, 274090 complete and 0 interrupted iterations
users   [  61% ] 5250/5250 VUs  5m27.0s/9m00.0s

running (5m28.0s), 5250/5250 VUs, 275144 complete and 0 interrupted iterations
users   [  61% ] 5250/5250 VUs  5m28.0s/9m00.0s

running (5m29.0s), 5250/5250 VUs, 276188 complete and 0 interrupted iterations
users   [  61% ] 5250/5250 VUs  5m29.0s/9m00.0s

running (5m30.0s), 5250/5250 VUs, 277120 complete and 0 interrupted iterations
users   [  61% ] 5250/5250 VUs  5m30.0s/9m00.0s

running (5m31.0s), 5250/5250 VUs, 277968 complete and 0 interrupted iterations
users   [  61% ] 5250/5250 VUs  5m31.0s/9m00.0s

running (5m32.0s), 5250/5250 VUs, 278823 complete and 0 interrupted iterations
users   [  61% ] 5250/5250 VUs  5m32.0s/9m00.0s

running (5m33.0s), 5250/5250 VUs, 279712 complete and 0 interrupted iterations
users   [  62% ] 5250/5250 VUs  5m33.0s/9m00.0s

running (5m34.0s), 5250/5250 VUs, 280668 complete and 0 interrupted iterations
users   [  62% ] 5250/5250 VUs  5m34.0s/9m00.0s

running (5m35.0s), 5250/5250 VUs, 281693 complete and 0 interrupted iterations
users   [  62% ] 5250/5250 VUs  5m35.0s/9m00.0s

running (5m36.0s), 5250/5250 VUs, 282830 complete and 0 interrupted iterations
users   [  62% ] 5250/5250 VUs  5m36.0s/9m00.0s

running (5m37.0s), 5250/5250 VUs, 283939 complete and 0 interrupted iterations
users   [  62% ] 5250/5250 VUs  5m37.0s/9m00.0s

running (5m38.0s), 5250/5250 VUs, 284958 complete and 0 interrupted iterations
users   [  63% ] 5250/5250 VUs  5m38.0s/9m00.0s

running (5m39.0s), 5250/5250 VUs, 285934 complete and 0 interrupted iterations
users   [  63% ] 5250/5250 VUs  5m39.0s/9m00.0s

running (5m40.0s), 5250/5250 VUs, 286952 complete and 0 interrupted iterations
users   [  63% ] 5250/5250 VUs  5m40.0s/9m00.0s

running (5m41.0s), 5250/5250 VUs, 287975 complete and 0 interrupted iterations
users   [  63% ] 5250/5250 VUs  5m41.0s/9m00.0s

running (5m42.0s), 5250/5250 VUs, 289080 complete and 0 interrupted iterations
users   [  63% ] 5250/5250 VUs  5m42.0s/9m00.0s

running (5m43.0s), 5250/5250 VUs, 290116 complete and 0 interrupted iterations
users   [  64% ] 5250/5250 VUs  5m43.0s/9m00.0s

running (5m44.0s), 5250/5250 VUs, 291148 complete and 0 interrupted iterations
users   [  64% ] 5250/5250 VUs  5m44.0s/9m00.0s

running (5m45.0s), 5250/5250 VUs, 292184 complete and 0 interrupted iterations
users   [  64% ] 5250/5250 VUs  5m45.0s/9m00.0s

running (5m46.0s), 5250/5250 VUs, 293179 complete and 0 interrupted iterations
users   [  64% ] 5250/5250 VUs  5m46.0s/9m00.0s

running (5m47.0s), 5250/5250 VUs, 294231 complete and 0 interrupted iterations
users   [  64% ] 5250/5250 VUs  5m47.0s/9m00.0s

running (5m48.0s), 5250/5250 VUs, 295297 complete and 0 interrupted iterations
users   [  64% ] 5250/5250 VUs  5m48.0s/9m00.0s

running (5m49.0s), 5250/5250 VUs, 296359 complete and 0 interrupted iterations
users   [  65% ] 5250/5250 VUs  5m49.0s/9m00.0s

running (5m50.0s), 5250/5250 VUs, 297355 complete and 0 interrupted iterations
users   [  65% ] 5250/5250 VUs  5m50.0s/9m00.0s

running (5m51.0s), 5250/5250 VUs, 298378 complete and 0 interrupted iterations
users   [  65% ] 5250/5250 VUs  5m51.0s/9m00.0s

running (5m52.0s), 5250/5250 VUs, 299446 complete and 0 interrupted iterations
users   [  65% ] 5250/5250 VUs  5m52.0s/9m00.0s

running (5m53.0s), 5250/5250 VUs, 300498 complete and 0 interrupted iterations
users   [  65% ] 5250/5250 VUs  5m53.0s/9m00.0s

running (5m54.0s), 5250/5250 VUs, 301536 complete and 0 interrupted iterations
users   [  66% ] 5250/5250 VUs  5m54.0s/9m00.0s

running (5m55.0s), 5250/5250 VUs, 302576 complete and 0 interrupted iterations
users   [  66% ] 5250/5250 VUs  5m55.0s/9m00.0s

running (5m56.0s), 5250/5250 VUs, 303600 complete and 0 interrupted iterations
users   [  66% ] 5250/5250 VUs  5m56.0s/9m00.0s

running (5m57.0s), 5250/5250 VUs, 304599 complete and 0 interrupted iterations
users   [  66% ] 5250/5250 VUs  5m57.0s/9m00.0s
== pass 1: 5250 users (passed up to 4500, failed from 6000)
TRUNCATE TABLE
SELECT 10000
ALTER TABLE
UPDATE 10000
INSERT 0 10000
COPY 10000
VACUUM
  expiry   | count 
-----------+-------
 HOURS24   |  3377
 MINUTES15 |  3284
 MINUTES30 |  3339
(3 rows)

 rows  |  table  | indexes |  total  
-------+---------+---------+---------
 10000 | 1112 kB | 1448 kB | 2560 kB
(1 row)

wrote /tmp/seed.csv (10000 files). Copy it to the load generator and run load-file-list.sh.
file list loaded: 10000 files
time="2026-09-30T15:53:23Z" level=info msg="Automatic extension resolution is enabled. The current k6 binary doesn't satisfy all dependencies, it's required to provision a custom binary." deps="k6;k6/x/redis"
time="2026-09-30T15:53:23Z" level=info msg="Using cached k6 binary" artifact_id=d29e86c20dd9a49cb84ea3c41fac5b8b8e524e06 deps="map[k6:v2.3.0 k6/x/redis:v0.4.3]" path=/home/admin/.cache/k6/builds/d29e86c20dd9a49cb84ea3c41fac5b8b8e524e06/k6

         /\      Grafana   /‾‾/  
    /\  /  \     |\  __   /  /   
   /  \/    \    | |/ /  /   ‾‾\ 
  /          \   |   (  |  (‾)  |
 / __________ \  |_|\_\  \_____/ 


     execution: local
        script: /home/admin/Mint-Bench/k6/mint.js
        output: csv (/home/admin/Mint-Bench/bench-sql/results/2026-09-30-1511/vus-5250/k6.csv.gz)

     scenarios: (100.00%) 1 scenario, 5250 max VUs, 9m30s max duration (incl. graceful stop):
              * users: Up to 5250 looping VUs for 9m0s over 3 stages (gracefulRampDown: 30s, gracefulStop: 30s)


Init    [  93% ] 4866/5250 VUs initialized
users   [   0% ]

running (0m00.9s), 0041/5250 VUs, 0 complete and 0 interrupted iterations
users   [   0% ] 0041/5250 VUs  0m00.9s/9m00.0s

running (0m01.9s), 0085/5250 VUs, 0 complete and 0 interrupted iterations
users   [   0% ] 0085/5250 VUs  0m01.9s/9m00.0s

running (0m02.9s), 0128/5250 VUs, 0 complete and 0 interrupted iterations
users   [   1% ] 0128/5250 VUs  0m02.9s/9m00.0s

running (0m03.9s), 0172/5250 VUs, 9 complete and 0 interrupted iterations
users   [   1% ] 0172/5250 VUs  0m03.9s/9m00.0s

running (0m04.9s), 0216/5250 VUs, 27 complete and 0 interrupted iterations
users   [   1% ] 0216/5250 VUs  0m04.9s/9m00.0s

running (0m05.9s), 0260/5250 VUs, 50 complete and 0 interrupted iterations
users   [   1% ] 0260/5250 VUs  0m05.9s/9m00.0s

running (0m06.9s), 0303/5250 VUs, 82 complete and 0 interrupted iterations
users   [   1% ] 0303/5250 VUs  0m06.9s/9m00.0s

running (0m07.9s), 0347/5250 VUs, 128 complete and 0 interrupted iterations
users   [   1% ] 0347/5250 VUs  0m07.9s/9m00.0s

running (0m08.9s), 0391/5250 VUs, 186 complete and 0 interrupted iterations
users   [   2% ] 0391/5250 VUs  0m08.9s/9m00.0s

running (0m09.9s), 0435/5250 VUs, 250 complete and 0 interrupted iterations
users   [   2% ] 0435/5250 VUs  0m09.9s/9m00.0s

running (0m10.9s), 0478/5250 VUs, 317 complete and 0 interrupted iterations
users   [   2% ] 0478/5250 VUs  0m10.9s/9m00.0s

running (0m11.9s), 0522/5250 VUs, 395 complete and 0 interrupted iterations
users   [   2% ] 0522/5250 VUs  0m11.9s/9m00.0s

running (0m12.9s), 0566/5250 VUs, 470 complete and 0 interrupted iterations
users   [   2% ] 0566/5250 VUs  0m12.9s/9m00.0s

running (0m13.9s), 0610/5250 VUs, 579 complete and 0 interrupted iterations
users   [   3% ] 0610/5250 VUs  0m13.9s/9m00.0s

running (0m14.9s), 0653/5250 VUs, 678 complete and 0 interrupted iterations
users   [   3% ] 0653/5250 VUs  0m14.9s/9m00.0s

running (0m15.9s), 0697/5250 VUs, 793 complete and 0 interrupted iterations
users   [   3% ] 0697/5250 VUs  0m15.9s/9m00.0s

running (0m16.9s), 0741/5250 VUs, 896 complete and 0 interrupted iterations
users   [   3% ] 0741/5250 VUs  0m16.9s/9m00.0s

running (0m17.9s), 0785/5250 VUs, 1027 complete and 0 interrupted iterations
users   [   3% ] 0785/5250 VUs  0m17.9s/9m00.0s

running (0m18.9s), 0828/5250 VUs, 1159 complete and 0 interrupted iterations
users   [   4% ] 0828/5250 VUs  0m18.9s/9m00.0s

running (0m19.9s), 0872/5250 VUs, 1312 complete and 0 interrupted iterations
users   [   4% ] 0872/5250 VUs  0m19.9s/9m00.0s

running (0m20.9s), 0916/5250 VUs, 1477 complete and 0 interrupted iterations
users   [   4% ] 0916/5250 VUs  0m20.9s/9m00.0s

running (0m21.9s), 0960/5250 VUs, 1643 complete and 0 interrupted iterations
users   [   4% ] 0960/5250 VUs  0m21.9s/9m00.0s

running (0m22.9s), 1003/5250 VUs, 1799 complete and 0 interrupted iterations
users   [   4% ] 1003/5250 VUs  0m22.9s/9m00.0s

running (0m23.9s), 1047/5250 VUs, 1972 complete and 0 interrupted iterations
users   [   4% ] 1047/5250 VUs  0m23.9s/9m00.0s

running (0m24.9s), 1091/5250 VUs, 2179 complete and 0 interrupted iterations
users   [   5% ] 1091/5250 VUs  0m24.9s/9m00.0s

running (0m25.9s), 1135/5250 VUs, 2355 complete and 0 interrupted iterations
users   [   5% ] 1135/5250 VUs  0m25.9s/9m00.0s

running (0m26.9s), 1178/5250 VUs, 2565 complete and 0 interrupted iterations
users   [   5% ] 1178/5250 VUs  0m26.9s/9m00.0s

running (0m27.9s), 1222/5250 VUs, 2793 complete and 0 interrupted iterations
users   [   5% ] 1222/5250 VUs  0m27.9s/9m00.0s

running (0m28.9s), 1266/5250 VUs, 3032 complete and 0 interrupted iterations
users   [   5% ] 1266/5250 VUs  0m28.9s/9m00.0s

running (0m29.9s), 1310/5250 VUs, 3241 complete and 0 interrupted iterations
users   [   6% ] 1310/5250 VUs  0m29.9s/9m00.0s

running (0m30.9s), 1353/5250 VUs, 3482 complete and 0 interrupted iterations
users   [   6% ] 1353/5250 VUs  0m30.9s/9m00.0s

running (0m31.9s), 1397/5250 VUs, 3718 complete and 0 interrupted iterations
users   [   6% ] 1397/5250 VUs  0m31.9s/9m00.0s

running (0m32.9s), 1441/5250 VUs, 3996 complete and 0 interrupted iterations
users   [   6% ] 1441/5250 VUs  0m32.9s/9m00.0s

running (0m33.9s), 1485/5250 VUs, 4254 complete and 0 interrupted iterations
users   [   6% ] 1485/5250 VUs  0m33.9s/9m00.0s

running (0m34.9s), 1528/5250 VUs, 4557 complete and 0 interrupted iterations
users   [   6% ] 1528/5250 VUs  0m34.9s/9m00.0s

running (0m35.9s), 1572/5250 VUs, 4836 complete and 0 interrupted iterations
users   [   7% ] 1572/5250 VUs  0m35.9s/9m00.0s

running (0m36.9s), 1616/5250 VUs, 5127 complete and 0 interrupted iterations
users   [   7% ] 1616/5250 VUs  0m36.9s/9m00.0s

running (0m37.9s), 1660/5250 VUs, 5431 complete and 0 interrupted iterations
users   [   7% ] 1660/5250 VUs  0m37.9s/9m00.0s

running (0m38.9s), 1703/5250 VUs, 5754 complete and 0 interrupted iterations
users   [   7% ] 1703/5250 VUs  0m38.9s/9m00.0s

running (0m39.9s), 1747/5250 VUs, 6083 complete and 0 interrupted iterations
users   [   7% ] 1747/5250 VUs  0m39.9s/9m00.0s

running (0m40.9s), 1791/5250 VUs, 6394 complete and 0 interrupted iterations
users   [   8% ] 1791/5250 VUs  0m40.9s/9m00.0s

running (0m41.9s), 1835/5250 VUs, 6702 complete and 0 interrupted iterations
users   [   8% ] 1835/5250 VUs  0m41.9s/9m00.0s

running (0m42.9s), 1878/5250 VUs, 7076 complete and 0 interrupted iterations
users   [   8% ] 1878/5250 VUs  0m42.9s/9m00.0s

running (0m43.9s), 1922/5250 VUs, 7423 complete and 0 interrupted iterations
users   [   8% ] 1922/5250 VUs  0m43.9s/9m00.0s

running (0m44.9s), 1966/5250 VUs, 7781 complete and 0 interrupted iterations
users   [   8% ] 1966/5250 VUs  0m44.9s/9m00.0s

running (0m45.9s), 2010/5250 VUs, 8162 complete and 0 interrupted iterations
users   [   9% ] 2010/5250 VUs  0m45.9s/9m00.0s

running (0m46.9s), 2053/5250 VUs, 8525 complete and 0 interrupted iterations
users   [   9% ] 2053/5250 VUs  0m46.9s/9m00.0s

running (0m47.9s), 2097/5250 VUs, 8901 complete and 0 interrupted iterations
users   [   9% ] 2097/5250 VUs  0m47.9s/9m00.0s

running (0m48.9s), 2141/5250 VUs, 9324 complete and 0 interrupted iterations
users   [   9% ] 2141/5250 VUs  0m48.9s/9m00.0s

running (0m49.9s), 2185/5250 VUs, 9751 complete and 0 interrupted iterations
users   [   9% ] 2185/5250 VUs  0m49.9s/9m00.0s

running (0m50.9s), 2228/5250 VUs, 10154 complete and 0 interrupted iterations
users   [   9% ] 2228/5250 VUs  0m50.9s/9m00.0s

running (0m51.9s), 2272/5250 VUs, 10562 complete and 0 interrupted iterations
users   [  10% ] 2272/5250 VUs  0m51.9s/9m00.0s

running (0m52.9s), 2316/5250 VUs, 10996 complete and 0 interrupted iterations
users   [  10% ] 2316/5250 VUs  0m52.9s/9m00.0s

running (0m53.9s), 2360/5250 VUs, 11443 complete and 0 interrupted iterations
users   [  10% ] 2360/5250 VUs  0m53.9s/9m00.0s

running (0m54.9s), 2403/5250 VUs, 11873 complete and 0 interrupted iterations
users   [  10% ] 2403/5250 VUs  0m54.9s/9m00.0s

running (0m55.9s), 2447/5250 VUs, 12353 complete and 0 interrupted iterations
users   [  10% ] 2447/5250 VUs  0m55.9s/9m00.0s

running (0m56.9s), 2491/5250 VUs, 12817 complete and 0 interrupted iterations
users   [  11% ] 2491/5250 VUs  0m56.9s/9m00.0s

running (0m57.9s), 2535/5250 VUs, 13282 complete and 0 interrupted iterations
users   [  11% ] 2535/5250 VUs  0m57.9s/9m00.0s

running (0m58.9s), 2578/5250 VUs, 13735 complete and 0 interrupted iterations
users   [  11% ] 2578/5250 VUs  0m58.9s/9m00.0s

running (0m59.9s), 2622/5250 VUs, 14230 complete and 0 interrupted iterations
users   [  11% ] 2622/5250 VUs  0m59.9s/9m00.0s

running (1m00.9s), 2666/5250 VUs, 14734 complete and 0 interrupted iterations
users   [  11% ] 2666/5250 VUs  1m00.9s/9m00.0s

running (1m01.9s), 2710/5250 VUs, 15262 complete and 0 interrupted iterations
users   [  11% ] 2710/5250 VUs  1m01.9s/9m00.0s

running (1m02.9s), 2753/5250 VUs, 15769 complete and 0 interrupted iterations
users   [  12% ] 2753/5250 VUs  1m02.9s/9m00.0s

running (1m03.9s), 2797/5250 VUs, 16329 complete and 0 interrupted iterations
users   [  12% ] 2797/5250 VUs  1m03.9s/9m00.0s

running (1m04.9s), 2841/5250 VUs, 16839 complete and 0 interrupted iterations
users   [  12% ] 2841/5250 VUs  1m04.9s/9m00.0s

running (1m05.9s), 2885/5250 VUs, 17375 complete and 0 interrupted iterations
users   [  12% ] 2885/5250 VUs  1m05.9s/9m00.0s

running (1m06.9s), 2928/5250 VUs, 17933 complete and 0 interrupted iterations
users   [  12% ] 2928/5250 VUs  1m06.9s/9m00.0s

running (1m07.9s), 2972/5250 VUs, 18503 complete and 0 interrupted iterations
users   [  13% ] 2972/5250 VUs  1m07.9s/9m00.0s

running (1m08.9s), 3016/5250 VUs, 19086 complete and 0 interrupted iterations
users   [  13% ] 3016/5250 VUs  1m08.9s/9m00.0s

running (1m09.9s), 3060/5250 VUs, 19656 complete and 0 interrupted iterations
users   [  13% ] 3060/5250 VUs  1m09.9s/9m00.0s

running (1m10.9s), 3103/5250 VUs, 20253 complete and 0 interrupted iterations
users   [  13% ] 3103/5250 VUs  1m10.9s/9m00.0s

running (1m11.9s), 3147/5250 VUs, 20853 complete and 0 interrupted iterations
users   [  13% ] 3147/5250 VUs  1m11.9s/9m00.0s

running (1m12.9s), 3191/5250 VUs, 21493 complete and 0 interrupted iterations
users   [  14% ] 3191/5250 VUs  1m12.9s/9m00.0s

running (1m13.9s), 3235/5250 VUs, 22091 complete and 0 interrupted iterations
users   [  14% ] 3235/5250 VUs  1m13.9s/9m00.0s

running (1m14.9s), 3278/5250 VUs, 22742 complete and 0 interrupted iterations
users   [  14% ] 3278/5250 VUs  1m14.9s/9m00.0s

running (1m15.9s), 3322/5250 VUs, 23337 complete and 0 interrupted iterations
users   [  14% ] 3322/5250 VUs  1m15.9s/9m00.0s

running (1m16.9s), 3366/5250 VUs, 23994 complete and 0 interrupted iterations
users   [  14% ] 3366/5250 VUs  1m16.9s/9m00.0s

running (1m17.9s), 3410/5250 VUs, 24639 complete and 0 interrupted iterations
users   [  14% ] 3410/5250 VUs  1m17.9s/9m00.0s

running (1m18.9s), 3453/5250 VUs, 25307 complete and 0 interrupted iterations
users   [  15% ] 3453/5250 VUs  1m18.9s/9m00.0s

running (1m19.9s), 3497/5250 VUs, 25984 complete and 0 interrupted iterations
users   [  15% ] 3497/5250 VUs  1m19.9s/9m00.0s

running (1m20.9s), 3541/5250 VUs, 26642 complete and 0 interrupted iterations
users   [  15% ] 3541/5250 VUs  1m20.9s/9m00.0s

running (1m21.9s), 3585/5250 VUs, 27324 complete and 0 interrupted iterations
users   [  15% ] 3585/5250 VUs  1m21.9s/9m00.0s

running (1m22.9s), 3628/5250 VUs, 28009 complete and 0 interrupted iterations
users   [  15% ] 3628/5250 VUs  1m22.9s/9m00.0s

running (1m23.9s), 3672/5250 VUs, 28733 complete and 0 interrupted iterations
users   [  16% ] 3672/5250 VUs  1m23.9s/9m00.0s

running (1m24.9s), 3716/5250 VUs, 29437 complete and 0 interrupted iterations
users   [  16% ] 3716/5250 VUs  1m24.9s/9m00.0s

running (1m25.9s), 3760/5250 VUs, 30161 complete and 0 interrupted iterations
users   [  16% ] 3760/5250 VUs  1m25.9s/9m00.0s

running (1m26.9s), 3803/5250 VUs, 30882 complete and 0 interrupted iterations
users   [  16% ] 3803/5250 VUs  1m26.9s/9m00.0s

running (1m27.9s), 3847/5250 VUs, 31622 complete and 0 interrupted iterations
users   [  16% ] 3847/5250 VUs  1m27.9s/9m00.0s

running (1m28.9s), 3891/5250 VUs, 32370 complete and 0 interrupted iterations
users   [  16% ] 3891/5250 VUs  1m28.9s/9m00.0s

running (1m29.9s), 3935/5250 VUs, 33099 complete and 0 interrupted iterations
users   [  17% ] 3935/5250 VUs  1m29.9s/9m00.0s

running (1m30.9s), 3978/5250 VUs, 33880 complete and 0 interrupted iterations
users   [  17% ] 3978/5250 VUs  1m30.9s/9m00.0s

running (1m31.9s), 4022/5250 VUs, 34658 complete and 0 interrupted iterations
users   [  17% ] 4022/5250 VUs  1m31.9s/9m00.0s

running (1m32.9s), 4066/5250 VUs, 35444 complete and 0 interrupted iterations
users   [  17% ] 4066/5250 VUs  1m32.9s/9m00.0s

running (1m33.9s), 4110/5250 VUs, 36222 complete and 0 interrupted iterations
users   [  17% ] 4110/5250 VUs  1m33.9s/9m00.0s

running (1m34.9s), 4153/5250 VUs, 37030 complete and 0 interrupted iterations
users   [  18% ] 4153/5250 VUs  1m34.9s/9m00.0s

running (1m35.9s), 4197/5250 VUs, 37833 complete and 0 interrupted iterations
users   [  18% ] 4197/5250 VUs  1m35.9s/9m00.0s

running (1m36.9s), 4241/5250 VUs, 38620 complete and 0 interrupted iterations
users   [  18% ] 4241/5250 VUs  1m36.9s/9m00.0s

running (1m37.9s), 4285/5250 VUs, 39432 complete and 0 interrupted iterations
users   [  18% ] 4285/5250 VUs  1m37.9s/9m00.0s

running (1m38.9s), 4328/5250 VUs, 40264 complete and 0 interrupted iterations
users   [  18% ] 4328/5250 VUs  1m38.9s/9m00.0s

running (1m39.9s), 4372/5250 VUs, 41097 complete and 0 interrupted iterations
users   [  19% ] 4372/5250 VUs  1m39.9s/9m00.0s

running (1m40.9s), 4416/5250 VUs, 41934 complete and 0 interrupted iterations
users   [  19% ] 4416/5250 VUs  1m40.9s/9m00.0s

running (1m41.9s), 4460/5250 VUs, 42780 complete and 0 interrupted iterations
users   [  19% ] 4460/5250 VUs  1m41.9s/9m00.0s

running (1m42.9s), 4503/5250 VUs, 43644 complete and 0 interrupted iterations
users   [  19% ] 4503/5250 VUs  1m42.9s/9m00.0s

running (1m43.9s), 4547/5250 VUs, 44510 complete and 0 interrupted iterations
users   [  19% ] 4547/5250 VUs  1m43.9s/9m00.0s

running (1m44.9s), 4591/5250 VUs, 45442 complete and 0 interrupted iterations
users   [  19% ] 4591/5250 VUs  1m44.9s/9m00.0s

running (1m45.9s), 4635/5250 VUs, 46329 complete and 0 interrupted iterations
users   [  20% ] 4635/5250 VUs  1m45.9s/9m00.0s

running (1m46.9s), 4678/5250 VUs, 47168 complete and 0 interrupted iterations
users   [  20% ] 4678/5250 VUs  1m46.9s/9m00.0s

running (1m47.9s), 4722/5250 VUs, 48082 complete and 0 interrupted iterations
users   [  20% ] 4722/5250 VUs  1m47.9s/9m00.0s

running (1m48.9s), 4766/5250 VUs, 49014 complete and 0 interrupted iterations
users   [  20% ] 4766/5250 VUs  1m48.9s/9m00.0s

running (1m49.9s), 4810/5250 VUs, 49953 complete and 0 interrupted iterations
users   [  20% ] 4810/5250 VUs  1m49.9s/9m00.0s

running (1m50.9s), 4853/5250 VUs, 50872 complete and 0 interrupted iterations
users   [  21% ] 4853/5250 VUs  1m50.9s/9m00.0s

running (1m51.9s), 4897/5250 VUs, 51844 complete and 0 interrupted iterations
users   [  21% ] 4897/5250 VUs  1m51.9s/9m00.0s

running (1m52.9s), 4941/5250 VUs, 52809 complete and 0 interrupted iterations
users   [  21% ] 4941/5250 VUs  1m52.9s/9m00.0s

running (1m53.9s), 4985/5250 VUs, 53742 complete and 0 interrupted iterations
users   [  21% ] 4985/5250 VUs  1m53.9s/9m00.0s

running (1m54.9s), 5028/5250 VUs, 54711 complete and 0 interrupted iterations
users   [  21% ] 5028/5250 VUs  1m54.9s/9m00.0s

running (1m55.9s), 5072/5250 VUs, 55708 complete and 0 interrupted iterations
users   [  21% ] 5072/5250 VUs  1m55.9s/9m00.0s

running (1m56.9s), 5116/5250 VUs, 56664 complete and 0 interrupted iterations
users   [  22% ] 5116/5250 VUs  1m56.9s/9m00.0s

running (1m57.9s), 5160/5250 VUs, 57648 complete and 0 interrupted iterations
users   [  22% ] 5160/5250 VUs  1m57.9s/9m00.0s

running (1m58.9s), 5203/5250 VUs, 58667 complete and 0 interrupted iterations
users   [  22% ] 5203/5250 VUs  1m58.9s/9m00.0s

running (1m59.9s), 5247/5250 VUs, 59705 complete and 0 interrupted iterations
users   [  22% ] 5247/5250 VUs  1m59.9s/9m00.0s

running (2m00.9s), 5250/5250 VUs, 60700 complete and 0 interrupted iterations
users   [  22% ] 5250/5250 VUs  2m00.9s/9m00.0s

running (2m01.9s), 5250/5250 VUs, 61699 complete and 0 interrupted iterations
users   [  23% ] 5250/5250 VUs  2m01.9s/9m00.0s

running (2m02.9s), 5250/5250 VUs, 62729 complete and 0 interrupted iterations
users   [  23% ] 5250/5250 VUs  2m02.9s/9m00.0s

running (2m03.9s), 5250/5250 VUs, 63796 complete and 0 interrupted iterations
users   [  23% ] 5250/5250 VUs  2m03.9s/9m00.0s

running (2m04.9s), 5250/5250 VUs, 64822 complete and 0 interrupted iterations
users   [  23% ] 5250/5250 VUs  2m04.9s/9m00.0s

running (2m05.9s), 5250/5250 VUs, 65841 complete and 0 interrupted iterations
users   [  23% ] 5250/5250 VUs  2m05.9s/9m00.0s

running (2m06.9s), 5250/5250 VUs, 66925 complete and 0 interrupted iterations
users   [  24% ] 5250/5250 VUs  2m06.9s/9m00.0s

running (2m07.9s), 5250/5250 VUs, 67911 complete and 0 interrupted iterations
users   [  24% ] 5250/5250 VUs  2m07.9s/9m00.0s

running (2m08.9s), 5250/5250 VUs, 68962 complete and 0 interrupted iterations
users   [  24% ] 5250/5250 VUs  2m08.9s/9m00.0s

running (2m09.9s), 5250/5250 VUs, 69983 complete and 0 interrupted iterations
users   [  24% ] 5250/5250 VUs  2m09.9s/9m00.0s

running (2m10.9s), 5250/5250 VUs, 71065 complete and 0 interrupted iterations
users   [  24% ] 5250/5250 VUs  2m10.9s/9m00.0s

running (2m11.9s), 5250/5250 VUs, 72113 complete and 0 interrupted iterations
users   [  24% ] 5250/5250 VUs  2m11.9s/9m00.0s

running (2m12.9s), 5250/5250 VUs, 73143 complete and 0 interrupted iterations
users   [  25% ] 5250/5250 VUs  2m12.9s/9m00.0s

running (2m13.9s), 5250/5250 VUs, 74187 complete and 0 interrupted iterations
users   [  25% ] 5250/5250 VUs  2m13.9s/9m00.0s

running (2m14.9s), 5250/5250 VUs, 75204 complete and 0 interrupted iterations
users   [  25% ] 5250/5250 VUs  2m14.9s/9m00.0s

running (2m15.9s), 5250/5250 VUs, 76247 complete and 0 interrupted iterations
users   [  25% ] 5250/5250 VUs  2m15.9s/9m00.0s

running (2m16.9s), 5250/5250 VUs, 77266 complete and 0 interrupted iterations
users   [  25% ] 5250/5250 VUs  2m16.9s/9m00.0s

running (2m17.9s), 5250/5250 VUs, 78278 complete and 0 interrupted iterations
users   [  26% ] 5250/5250 VUs  2m17.9s/9m00.0s

running (2m18.9s), 5250/5250 VUs, 79351 complete and 0 interrupted iterations
users   [  26% ] 5250/5250 VUs  2m18.9s/9m00.0s

running (2m19.9s), 5250/5250 VUs, 80312 complete and 0 interrupted iterations
users   [  26% ] 5250/5250 VUs  2m19.9s/9m00.0s

running (2m20.9s), 5250/5250 VUs, 81404 complete and 0 interrupted iterations
users   [  26% ] 5250/5250 VUs  2m20.9s/9m00.0s

running (2m21.9s), 5250/5250 VUs, 82400 complete and 0 interrupted iterations
users   [  26% ] 5250/5250 VUs  2m21.9s/9m00.0s

running (2m22.9s), 5250/5250 VUs, 83424 complete and 0 interrupted iterations
users   [  26% ] 5250/5250 VUs  2m22.9s/9m00.0s

running (2m23.9s), 5250/5250 VUs, 84523 complete and 0 interrupted iterations
users   [  27% ] 5250/5250 VUs  2m23.9s/9m00.0s

running (2m24.9s), 5250/5250 VUs, 85557 complete and 0 interrupted iterations
users   [  27% ] 5250/5250 VUs  2m24.9s/9m00.0s

running (2m25.9s), 5250/5250 VUs, 86614 complete and 0 interrupted iterations
users   [  27% ] 5250/5250 VUs  2m25.9s/9m00.0s

running (2m26.9s), 5250/5250 VUs, 87592 complete and 0 interrupted iterations
users   [  27% ] 5250/5250 VUs  2m26.9s/9m00.0s

running (2m27.9s), 5250/5250 VUs, 88626 complete and 0 interrupted iterations
users   [  27% ] 5250/5250 VUs  2m27.9s/9m00.0s

running (2m28.9s), 5250/5250 VUs, 89719 complete and 0 interrupted iterations
users   [  28% ] 5250/5250 VUs  2m28.9s/9m00.0s

running (2m29.9s), 5250/5250 VUs, 90714 complete and 0 interrupted iterations
users   [  28% ] 5250/5250 VUs  2m29.9s/9m00.0s

running (2m30.9s), 5250/5250 VUs, 91760 complete and 0 interrupted iterations
users   [  28% ] 5250/5250 VUs  2m30.9s/9m00.0s

running (2m31.9s), 5250/5250 VUs, 92835 complete and 0 interrupted iterations
users   [  28% ] 5250/5250 VUs  2m31.9s/9m00.0s

running (2m32.9s), 5250/5250 VUs, 93871 complete and 0 interrupted iterations
users   [  28% ] 5250/5250 VUs  2m32.9s/9m00.0s

running (2m33.9s), 5250/5250 VUs, 94884 complete and 0 interrupted iterations
users   [  29% ] 5250/5250 VUs  2m33.9s/9m00.0s

running (2m34.9s), 5250/5250 VUs, 95905 complete and 0 interrupted iterations
users   [  29% ] 5250/5250 VUs  2m34.9s/9m00.0s

running (2m35.9s), 5250/5250 VUs, 96986 complete and 0 interrupted iterations
users   [  29% ] 5250/5250 VUs  2m35.9s/9m00.0s

running (2m36.9s), 5250/5250 VUs, 98046 complete and 0 interrupted iterations
users   [  29% ] 5250/5250 VUs  2m36.9s/9m00.0s

running (2m37.9s), 5250/5250 VUs, 99081 complete and 0 interrupted iterations
users   [  29% ] 5250/5250 VUs  2m37.9s/9m00.0s

running (2m38.9s), 5250/5250 VUs, 100109 complete and 0 interrupted iterations
users   [  29% ] 5250/5250 VUs  2m38.9s/9m00.0s

running (2m39.9s), 5250/5250 VUs, 101050 complete and 0 interrupted iterations
users   [  30% ] 5250/5250 VUs  2m39.9s/9m00.0s

running (2m40.9s), 5250/5250 VUs, 102013 complete and 0 interrupted iterations
users   [  30% ] 5250/5250 VUs  2m40.9s/9m00.0s

running (2m41.9s), 5250/5250 VUs, 103074 complete and 0 interrupted iterations
users   [  30% ] 5250/5250 VUs  2m41.9s/9m00.0s

running (2m42.9s), 5250/5250 VUs, 104067 complete and 0 interrupted iterations
users   [  30% ] 5250/5250 VUs  2m42.9s/9m00.0s

running (2m43.9s), 5250/5250 VUs, 105053 complete and 0 interrupted iterations
users   [  30% ] 5250/5250 VUs  2m43.9s/9m00.0s

running (2m44.9s), 5250/5250 VUs, 106218 complete and 0 interrupted iterations
users   [  31% ] 5250/5250 VUs  2m44.9s/9m00.0s

running (2m45.9s), 5250/5250 VUs, 107227 complete and 0 interrupted iterations
users   [  31% ] 5250/5250 VUs  2m45.9s/9m00.0s

running (2m46.9s), 5250/5250 VUs, 108233 complete and 0 interrupted iterations
users   [  31% ] 5250/5250 VUs  2m46.9s/9m00.0s

running (2m47.9s), 5250/5250 VUs, 109267 complete and 0 interrupted iterations
users   [  31% ] 5250/5250 VUs  2m47.9s/9m00.0s

running (2m48.9s), 5250/5250 VUs, 110284 complete and 0 interrupted iterations
users   [  31% ] 5250/5250 VUs  2m48.9s/9m00.0s

running (2m49.9s), 5250/5250 VUs, 111303 complete and 0 interrupted iterations
users   [  31% ] 5250/5250 VUs  2m49.9s/9m00.0s

running (2m50.9s), 5250/5250 VUs, 112352 complete and 0 interrupted iterations
users   [  32% ] 5250/5250 VUs  2m50.9s/9m00.0s

running (2m51.9s), 5250/5250 VUs, 113411 complete and 0 interrupted iterations
users   [  32% ] 5250/5250 VUs  2m51.9s/9m00.0s

running (2m52.9s), 5250/5250 VUs, 114434 complete and 0 interrupted iterations
users   [  32% ] 5250/5250 VUs  2m52.9s/9m00.0s

running (2m53.9s), 5250/5250 VUs, 115495 complete and 0 interrupted iterations
users   [  32% ] 5250/5250 VUs  2m53.9s/9m00.0s

running (2m54.9s), 5250/5250 VUs, 116493 complete and 0 interrupted iterations
users   [  32% ] 5250/5250 VUs  2m54.9s/9m00.0s

running (2m55.9s), 5250/5250 VUs, 117467 complete and 0 interrupted iterations
users   [  33% ] 5250/5250 VUs  2m55.9s/9m00.0s

running (2m56.9s), 5250/5250 VUs, 118548 complete and 0 interrupted iterations
users   [  33% ] 5250/5250 VUs  2m56.9s/9m00.0s

running (2m57.9s), 5250/5250 VUs, 119573 complete and 0 interrupted iterations
users   [  33% ] 5250/5250 VUs  2m57.9s/9m00.0s

running (2m58.9s), 5250/5250 VUs, 120658 complete and 0 interrupted iterations
users   [  33% ] 5250/5250 VUs  2m58.9s/9m00.0s

running (2m59.9s), 5250/5250 VUs, 121628 complete and 0 interrupted iterations
users   [  33% ] 5250/5250 VUs  2m59.9s/9m00.0s

running (3m00.9s), 5250/5250 VUs, 122654 complete and 0 interrupted iterations
users   [  34% ] 5250/5250 VUs  3m00.9s/9m00.0s

running (3m01.9s), 5250/5250 VUs, 123676 complete and 0 interrupted iterations
users   [  34% ] 5250/5250 VUs  3m01.9s/9m00.0s

running (3m02.9s), 5250/5250 VUs, 124726 complete and 0 interrupted iterations
users   [  34% ] 5250/5250 VUs  3m02.9s/9m00.0s

running (3m03.9s), 5250/5250 VUs, 125769 complete and 0 interrupted iterations
users   [  34% ] 5250/5250 VUs  3m03.9s/9m00.0s

running (3m04.9s), 5250/5250 VUs, 126850 complete and 0 interrupted iterations
users   [  34% ] 5250/5250 VUs  3m04.9s/9m00.0s

running (3m05.9s), 5250/5250 VUs, 127909 complete and 0 interrupted iterations
users   [  34% ] 5250/5250 VUs  3m05.9s/9m00.0s

running (3m06.9s), 5250/5250 VUs, 128910 complete and 0 interrupted iterations
users   [  35% ] 5250/5250 VUs  3m06.9s/9m00.0s

running (3m07.9s), 5250/5250 VUs, 129925 complete and 0 interrupted iterations
users   [  35% ] 5250/5250 VUs  3m07.9s/9m00.0s

running (3m08.9s), 5250/5250 VUs, 130990 complete and 0 interrupted iterations
users   [  35% ] 5250/5250 VUs  3m08.9s/9m00.0s

running (3m09.9s), 5250/5250 VUs, 132021 complete and 0 interrupted iterations
users   [  35% ] 5250/5250 VUs  3m09.9s/9m00.0s

running (3m10.9s), 5250/5250 VUs, 133039 complete and 0 interrupted iterations
users   [  35% ] 5250/5250 VUs  3m10.9s/9m00.0s

running (3m11.9s), 5250/5250 VUs, 134043 complete and 0 interrupted iterations
users   [  36% ] 5250/5250 VUs  3m11.9s/9m00.0s

running (3m12.9s), 5250/5250 VUs, 135077 complete and 0 interrupted iterations
users   [  36% ] 5250/5250 VUs  3m12.9s/9m00.0s

running (3m13.9s), 5250/5250 VUs, 136177 complete and 0 interrupted iterations
users   [  36% ] 5250/5250 VUs  3m13.9s/9m00.0s

running (3m14.9s), 5250/5250 VUs, 137200 complete and 0 interrupted iterations
users   [  36% ] 5250/5250 VUs  3m14.9s/9m00.0s

running (3m15.9s), 5250/5250 VUs, 138223 complete and 0 interrupted iterations
users   [  36% ] 5250/5250 VUs  3m15.9s/9m00.0s

running (3m16.9s), 5250/5250 VUs, 139246 complete and 0 interrupted iterations
users   [  36% ] 5250/5250 VUs  3m16.9s/9m00.0s

running (3m17.9s), 5250/5250 VUs, 140245 complete and 0 interrupted iterations
users   [  37% ] 5250/5250 VUs  3m17.9s/9m00.0s

running (3m18.9s), 5250/5250 VUs, 141359 complete and 0 interrupted iterations
users   [  37% ] 5250/5250 VUs  3m18.9s/9m00.0s

running (3m19.9s), 5250/5250 VUs, 142382 complete and 0 interrupted iterations
users   [  37% ] 5250/5250 VUs  3m19.9s/9m00.0s

running (3m20.9s), 5250/5250 VUs, 143456 complete and 0 interrupted iterations
users   [  37% ] 5250/5250 VUs  3m20.9s/9m00.0s

running (3m21.9s), 5250/5250 VUs, 144447 complete and 0 interrupted iterations
users   [  37% ] 5250/5250 VUs  3m21.9s/9m00.0s

running (3m22.9s), 5250/5250 VUs, 145459 complete and 0 interrupted iterations
users   [  38% ] 5250/5250 VUs  3m22.9s/9m00.0s

running (3m23.9s), 5250/5250 VUs, 146488 complete and 0 interrupted iterations
users   [  38% ] 5250/5250 VUs  3m23.9s/9m00.0s

running (3m24.9s), 5250/5250 VUs, 147539 complete and 0 interrupted iterations
users   [  38% ] 5250/5250 VUs  3m24.9s/9m00.0s

running (3m25.9s), 5250/5250 VUs, 148598 complete and 0 interrupted iterations
users   [  38% ] 5250/5250 VUs  3m25.9s/9m00.0s

running (3m26.9s), 5250/5250 VUs, 149594 complete and 0 interrupted iterations
users   [  38% ] 5250/5250 VUs  3m26.9s/9m00.0s

running (3m27.9s), 5250/5250 VUs, 150601 complete and 0 interrupted iterations
users   [  39% ] 5250/5250 VUs  3m27.9s/9m00.0s

running (3m28.9s), 5250/5250 VUs, 151657 complete and 0 interrupted iterations
users   [  39% ] 5250/5250 VUs  3m28.9s/9m00.0s

running (3m29.9s), 5250/5250 VUs, 152746 complete and 0 interrupted iterations
users   [  39% ] 5250/5250 VUs  3m29.9s/9m00.0s

running (3m30.9s), 5250/5250 VUs, 153756 complete and 0 interrupted iterations
users   [  39% ] 5250/5250 VUs  3m30.9s/9m00.0s

running (3m31.9s), 5250/5250 VUs, 154818 complete and 0 interrupted iterations
users   [  39% ] 5250/5250 VUs  3m31.9s/9m00.0s

running (3m32.9s), 5250/5250 VUs, 155853 complete and 0 interrupted iterations
users   [  39% ] 5250/5250 VUs  3m32.9s/9m00.0s

running (3m33.9s), 5250/5250 VUs, 156830 complete and 0 interrupted iterations
users   [  40% ] 5250/5250 VUs  3m33.9s/9m00.0s

running (3m34.9s), 5250/5250 VUs, 157892 complete and 0 interrupted iterations
users   [  40% ] 5250/5250 VUs  3m34.9s/9m00.0s

running (3m35.9s), 5250/5250 VUs, 158954 complete and 0 interrupted iterations
users   [  40% ] 5250/5250 VUs  3m35.9s/9m00.0s

running (3m36.9s), 5250/5250 VUs, 159968 complete and 0 interrupted iterations
users   [  40% ] 5250/5250 VUs  3m36.9s/9m00.0s

running (3m37.9s), 5250/5250 VUs, 161030 complete and 0 interrupted iterations
users   [  40% ] 5250/5250 VUs  3m37.9s/9m00.0s

running (3m38.9s), 5250/5250 VUs, 162048 complete and 0 interrupted iterations
users   [  41% ] 5250/5250 VUs  3m38.9s/9m00.0s

running (3m39.9s), 5250/5250 VUs, 163035 complete and 0 interrupted iterations
users   [  41% ] 5250/5250 VUs  3m39.9s/9m00.0s

running (3m40.9s), 5250/5250 VUs, 164050 complete and 0 interrupted iterations
users   [  41% ] 5250/5250 VUs  3m40.9s/9m00.0s

running (3m41.9s), 5250/5250 VUs, 165104 complete and 0 interrupted iterations
users   [  41% ] 5250/5250 VUs  3m41.9s/9m00.0s

running (3m42.9s), 5250/5250 VUs, 166106 complete and 0 interrupted iterations
users   [  41% ] 5250/5250 VUs  3m42.9s/9m00.0s

running (3m43.9s), 5250/5250 VUs, 167186 complete and 0 interrupted iterations
users   [  41% ] 5250/5250 VUs  3m43.9s/9m00.0s

running (3m44.9s), 5250/5250 VUs, 168234 complete and 0 interrupted iterations
users   [  42% ] 5250/5250 VUs  3m44.9s/9m00.0s

running (3m45.9s), 5250/5250 VUs, 169266 complete and 0 interrupted iterations
users   [  42% ] 5250/5250 VUs  3m45.9s/9m00.0s

running (3m46.9s), 5250/5250 VUs, 170283 complete and 0 interrupted iterations
users   [  42% ] 5250/5250 VUs  3m46.9s/9m00.0s

running (3m47.9s), 5250/5250 VUs, 171329 complete and 0 interrupted iterations
users   [  42% ] 5250/5250 VUs  3m47.9s/9m00.0s

running (3m48.9s), 5250/5250 VUs, 172339 complete and 0 interrupted iterations
users   [  42% ] 5250/5250 VUs  3m48.9s/9m00.0s

running (3m49.9s), 5250/5250 VUs, 173342 complete and 0 interrupted iterations
users   [  43% ] 5250/5250 VUs  3m49.9s/9m00.0s

running (3m50.9s), 5250/5250 VUs, 174419 complete and 0 interrupted iterations
users   [  43% ] 5250/5250 VUs  3m50.9s/9m00.0s

running (3m51.9s), 5250/5250 VUs, 175437 complete and 0 interrupted iterations
users   [  43% ] 5250/5250 VUs  3m51.9s/9m00.0s

running (3m52.9s), 5250/5250 VUs, 176504 complete and 0 interrupted iterations
users   [  43% ] 5250/5250 VUs  3m52.9s/9m00.0s

running (3m53.9s), 5250/5250 VUs, 177565 complete and 0 interrupted iterations
users   [  43% ] 5250/5250 VUs  3m53.9s/9m00.0s

running (3m54.9s), 5250/5250 VUs, 178567 complete and 0 interrupted iterations
users   [  44% ] 5250/5250 VUs  3m54.9s/9m00.0s

running (3m55.9s), 5250/5250 VUs, 179649 complete and 0 interrupted iterations
users   [  44% ] 5250/5250 VUs  3m55.9s/9m00.0s

running (3m56.9s), 5250/5250 VUs, 180689 complete and 0 interrupted iterations
users   [  44% ] 5250/5250 VUs  3m56.9s/9m00.0s

running (3m57.9s), 5250/5250 VUs, 181702 complete and 0 interrupted iterations
users   [  44% ] 5250/5250 VUs  3m57.9s/9m00.0s

running (3m58.9s), 5250/5250 VUs, 182711 complete and 0 interrupted iterations
users   [  44% ] 5250/5250 VUs  3m58.9s/9m00.0s

running (3m59.9s), 5250/5250 VUs, 183799 complete and 0 interrupted iterations
users   [  44% ] 5250/5250 VUs  3m59.9s/9m00.0s

running (4m00.9s), 5250/5250 VUs, 184805 complete and 0 interrupted iterations
users   [  45% ] 5250/5250 VUs  4m00.9s/9m00.0s

running (4m01.9s), 5250/5250 VUs, 185842 complete and 0 interrupted iterations
users   [  45% ] 5250/5250 VUs  4m01.9s/9m00.0s

running (4m02.9s), 5250/5250 VUs, 186902 complete and 0 interrupted iterations
users   [  45% ] 5250/5250 VUs  4m02.9s/9m00.0s

running (4m03.9s), 5250/5250 VUs, 187919 complete and 0 interrupted iterations
users   [  45% ] 5250/5250 VUs  4m03.9s/9m00.0s

running (4m04.9s), 5250/5250 VUs, 188973 complete and 0 interrupted iterations
users   [  45% ] 5250/5250 VUs  4m04.9s/9m00.0s

running (4m05.9s), 5250/5250 VUs, 190022 complete and 0 interrupted iterations
users   [  46% ] 5250/5250 VUs  4m05.9s/9m00.0s

running (4m06.9s), 5250/5250 VUs, 191077 complete and 0 interrupted iterations
users   [  46% ] 5250/5250 VUs  4m06.9s/9m00.0s

running (4m07.9s), 5250/5250 VUs, 192102 complete and 0 interrupted iterations
users   [  46% ] 5250/5250 VUs  4m07.9s/9m00.0s

running (4m08.9s), 5250/5250 VUs, 193117 complete and 0 interrupted iterations
users   [  46% ] 5250/5250 VUs  4m08.9s/9m00.0s

running (4m09.9s), 5250/5250 VUs, 194171 complete and 0 interrupted iterations
users   [  46% ] 5250/5250 VUs  4m09.9s/9m00.0s

running (4m10.9s), 5250/5250 VUs, 195211 complete and 0 interrupted iterations
users   [  46% ] 5250/5250 VUs  4m10.9s/9m00.0s

running (4m11.9s), 5250/5250 VUs, 196274 complete and 0 interrupted iterations
users   [  47% ] 5250/5250 VUs  4m11.9s/9m00.0s

running (4m12.9s), 5250/5250 VUs, 197322 complete and 0 interrupted iterations
users   [  47% ] 5250/5250 VUs  4m12.9s/9m00.0s

running (4m13.9s), 5250/5250 VUs, 198337 complete and 0 interrupted iterations
users   [  47% ] 5250/5250 VUs  4m13.9s/9m00.0s

running (4m14.9s), 5250/5250 VUs, 199359 complete and 0 interrupted iterations
users   [  47% ] 5250/5250 VUs  4m14.9s/9m00.0s

running (4m15.9s), 5250/5250 VUs, 200393 complete and 0 interrupted iterations
users   [  47% ] 5250/5250 VUs  4m15.9s/9m00.0s

running (4m16.9s), 5250/5250 VUs, 201479 complete and 0 interrupted iterations
users   [  48% ] 5250/5250 VUs  4m16.9s/9m00.0s

running (4m17.9s), 5250/5250 VUs, 202481 complete and 0 interrupted iterations
users   [  48% ] 5250/5250 VUs  4m17.9s/9m00.0s

running (4m18.9s), 5250/5250 VUs, 203520 complete and 0 interrupted iterations
users   [  48% ] 5250/5250 VUs  4m18.9s/9m00.0s

running (4m19.9s), 5250/5250 VUs, 204582 complete and 0 interrupted iterations
users   [  48% ] 5250/5250 VUs  4m19.9s/9m00.0s

running (4m20.9s), 5250/5250 VUs, 205611 complete and 0 interrupted iterations
users   [  48% ] 5250/5250 VUs  4m20.9s/9m00.0s

running (4m21.9s), 5250/5250 VUs, 206637 complete and 0 interrupted iterations
users   [  49% ] 5250/5250 VUs  4m21.9s/9m00.0s

running (4m22.9s), 5250/5250 VUs, 207709 complete and 0 interrupted iterations
users   [  49% ] 5250/5250 VUs  4m22.9s/9m00.0s

running (4m23.9s), 5250/5250 VUs, 208747 complete and 0 interrupted iterations
users   [  49% ] 5250/5250 VUs  4m23.9s/9m00.0s

running (4m24.9s), 5250/5250 VUs, 209741 complete and 0 interrupted iterations
users   [  49% ] 5250/5250 VUs  4m24.9s/9m00.0s

running (4m25.9s), 5250/5250 VUs, 210795 complete and 0 interrupted iterations
users   [  49% ] 5250/5250 VUs  4m25.9s/9m00.0s

running (4m26.9s), 5250/5250 VUs, 211837 complete and 0 interrupted iterations
users   [  49% ] 5250/5250 VUs  4m26.9s/9m00.0s

running (4m27.9s), 5250/5250 VUs, 212895 complete and 0 interrupted iterations
users   [  50% ] 5250/5250 VUs  4m27.9s/9m00.0s

running (4m28.9s), 5250/5250 VUs, 213923 complete and 0 interrupted iterations
users   [  50% ] 5250/5250 VUs  4m28.9s/9m00.0s

running (4m29.9s), 5250/5250 VUs, 214953 complete and 0 interrupted iterations
users   [  50% ] 5250/5250 VUs  4m29.9s/9m00.0s

running (4m30.9s), 5250/5250 VUs, 216008 complete and 0 interrupted iterations
users   [  50% ] 5250/5250 VUs  4m30.9s/9m00.0s

running (4m31.9s), 5250/5250 VUs, 217043 complete and 0 interrupted iterations
users   [  50% ] 5250/5250 VUs  4m31.9s/9m00.0s

running (4m32.9s), 5250/5250 VUs, 218075 complete and 0 interrupted iterations
users   [  51% ] 5250/5250 VUs  4m32.9s/9m00.0s

running (4m33.9s), 5250/5250 VUs, 219105 complete and 0 interrupted iterations
users   [  51% ] 5250/5250 VUs  4m33.9s/9m00.0s

running (4m34.9s), 5250/5250 VUs, 220117 complete and 0 interrupted iterations
users   [  51% ] 5250/5250 VUs  4m34.9s/9m00.0s

running (4m35.9s), 5250/5250 VUs, 221167 complete and 0 interrupted iterations
users   [  51% ] 5250/5250 VUs  4m35.9s/9m00.0s

running (4m36.9s), 5250/5250 VUs, 222202 complete and 0 interrupted iterations
users   [  51% ] 5250/5250 VUs  4m36.9s/9m00.0s

running (4m37.9s), 5250/5250 VUs, 223205 complete and 0 interrupted iterations
users   [  51% ] 5250/5250 VUs  4m37.9s/9m00.0s

running (4m38.9s), 5250/5250 VUs, 224286 complete and 0 interrupted iterations
users   [  52% ] 5250/5250 VUs  4m38.9s/9m00.0s

running (4m39.9s), 5250/5250 VUs, 225290 complete and 0 interrupted iterations
users   [  52% ] 5250/5250 VUs  4m39.9s/9m00.0s

running (4m40.9s), 5250/5250 VUs, 226340 complete and 0 interrupted iterations
users   [  52% ] 5250/5250 VUs  4m40.9s/9m00.0s

running (4m41.9s), 5250/5250 VUs, 227348 complete and 0 interrupted iterations
users   [  52% ] 5250/5250 VUs  4m41.9s/9m00.0s

running (4m42.9s), 5250/5250 VUs, 228426 complete and 0 interrupted iterations
users   [  52% ] 5250/5250 VUs  4m42.9s/9m00.0s

running (4m43.9s), 5250/5250 VUs, 229414 complete and 0 interrupted iterations
users   [  53% ] 5250/5250 VUs  4m43.9s/9m00.0s

running (4m44.9s), 5250/5250 VUs, 230452 complete and 0 interrupted iterations
users   [  53% ] 5250/5250 VUs  4m44.9s/9m00.0s

running (4m45.9s), 5250/5250 VUs, 231548 complete and 0 interrupted iterations
users   [  53% ] 5250/5250 VUs  4m45.9s/9m00.0s

running (4m46.9s), 5250/5250 VUs, 232552 complete and 0 interrupted iterations
users   [  53% ] 5250/5250 VUs  4m46.9s/9m00.0s

running (4m47.9s), 5250/5250 VUs, 233596 complete and 0 interrupted iterations
users   [  53% ] 5250/5250 VUs  4m47.9s/9m00.0s

running (4m48.9s), 5250/5250 VUs, 234665 complete and 0 interrupted iterations
users   [  54% ] 5250/5250 VUs  4m48.9s/9m00.0s

running (4m49.9s), 5250/5250 VUs, 235686 complete and 0 interrupted iterations
users   [  54% ] 5250/5250 VUs  4m49.9s/9m00.0s

running (4m50.9s), 5250/5250 VUs, 236694 complete and 0 interrupted iterations
users   [  54% ] 5250/5250 VUs  4m50.9s/9m00.0s

running (4m51.9s), 5250/5250 VUs, 237765 complete and 0 interrupted iterations
users   [  54% ] 5250/5250 VUs  4m51.9s/9m00.0s

running (4m52.9s), 5250/5250 VUs, 238792 complete and 0 interrupted iterations
users   [  54% ] 5250/5250 VUs  4m52.9s/9m00.0s

running (4m53.9s), 5250/5250 VUs, 239827 complete and 0 interrupted iterations
users   [  54% ] 5250/5250 VUs  4m53.9s/9m00.0s

running (4m54.9s), 5250/5250 VUs, 240838 complete and 0 interrupted iterations
users   [  55% ] 5250/5250 VUs  4m54.9s/9m00.0s

running (4m55.9s), 5250/5250 VUs, 241900 complete and 0 interrupted iterations
users   [  55% ] 5250/5250 VUs  4m55.9s/9m00.0s

running (4m56.9s), 5250/5250 VUs, 242937 complete and 0 interrupted iterations
users   [  55% ] 5250/5250 VUs  4m56.9s/9m00.0s

running (4m57.9s), 5250/5250 VUs, 243980 complete and 0 interrupted iterations
users   [  55% ] 5250/5250 VUs  4m57.9s/9m00.0s

running (4m58.9s), 5250/5250 VUs, 245020 complete and 0 interrupted iterations
users   [  55% ] 5250/5250 VUs  4m58.9s/9m00.0s

running (4m59.9s), 5250/5250 VUs, 246017 complete and 0 interrupted iterations
users   [  56% ] 5250/5250 VUs  4m59.9s/9m00.0s

running (5m00.9s), 5250/5250 VUs, 247064 complete and 0 interrupted iterations
users   [  56% ] 5250/5250 VUs  5m00.9s/9m00.0s

running (5m01.9s), 5250/5250 VUs, 248130 complete and 0 interrupted iterations
users   [  56% ] 5250/5250 VUs  5m01.9s/9m00.0s

running (5m02.9s), 5250/5250 VUs, 249176 complete and 0 interrupted iterations
users   [  56% ] 5250/5250 VUs  5m02.9s/9m00.0s

running (5m03.9s), 5250/5250 VUs, 250160 complete and 0 interrupted iterations
users   [  56% ] 5250/5250 VUs  5m03.9s/9m00.0s

running (5m04.9s), 5250/5250 VUs, 251206 complete and 0 interrupted iterations
users   [  56% ] 5250/5250 VUs  5m04.9s/9m00.0s

running (5m05.9s), 5250/5250 VUs, 252285 complete and 0 interrupted iterations
users   [  57% ] 5250/5250 VUs  5m05.9s/9m00.0s

running (5m06.9s), 5250/5250 VUs, 253323 complete and 0 interrupted iterations
users   [  57% ] 5250/5250 VUs  5m06.9s/9m00.0s

running (5m07.9s), 5250/5250 VUs, 254366 complete and 0 interrupted iterations
users   [  57% ] 5250/5250 VUs  5m07.9s/9m00.0s

running (5m08.9s), 5250/5250 VUs, 255363 complete and 0 interrupted iterations
users   [  57% ] 5250/5250 VUs  5m08.9s/9m00.0s

running (5m09.9s), 5250/5250 VUs, 256393 complete and 0 interrupted iterations
users   [  57% ] 5250/5250 VUs  5m09.9s/9m00.0s

running (5m10.9s), 5250/5250 VUs, 257443 complete and 0 interrupted iterations
users   [  58% ] 5250/5250 VUs  5m10.9s/9m00.0s

running (5m11.9s), 5250/5250 VUs, 258468 complete and 0 interrupted iterations
users   [  58% ] 5250/5250 VUs  5m11.9s/9m00.0s

running (5m12.9s), 5250/5250 VUs, 259505 complete and 0 interrupted iterations
users   [  58% ] 5250/5250 VUs  5m12.9s/9m00.0s

running (5m13.9s), 5250/5250 VUs, 260535 complete and 0 interrupted iterations
users   [  58% ] 5250/5250 VUs  5m13.9s/9m00.0s

running (5m14.9s), 5250/5250 VUs, 261582 complete and 0 interrupted iterations
users   [  58% ] 5250/5250 VUs  5m14.9s/9m00.0s

running (5m15.9s), 5250/5250 VUs, 262625 complete and 0 interrupted iterations
users   [  59% ] 5250/5250 VUs  5m15.9s/9m00.0s

running (5m16.9s), 5250/5250 VUs, 263662 complete and 0 interrupted iterations
users   [  59% ] 5250/5250 VUs  5m16.9s/9m00.0s

running (5m17.9s), 5250/5250 VUs, 264667 complete and 0 interrupted iterations
users   [  59% ] 5250/5250 VUs  5m17.9s/9m00.0s

running (5m18.9s), 5250/5250 VUs, 265731 complete and 0 interrupted iterations
users   [  59% ] 5250/5250 VUs  5m18.9s/9m00.0s

running (5m19.9s), 5250/5250 VUs, 266781 complete and 0 interrupted iterations
users   [  59% ] 5250/5250 VUs  5m19.9s/9m00.0s

running (5m20.9s), 5250/5250 VUs, 267782 complete and 0 interrupted iterations
users   [  59% ] 5250/5250 VUs  5m20.9s/9m00.0s

running (5m21.9s), 5250/5250 VUs, 268851 complete and 0 interrupted iterations
users   [  60% ] 5250/5250 VUs  5m21.9s/9m00.0s

running (5m22.9s), 5250/5250 VUs, 269909 complete and 0 interrupted iterations
users   [  60% ] 5250/5250 VUs  5m22.9s/9m00.0s

running (5m23.9s), 5250/5250 VUs, 270911 complete and 0 interrupted iterations
users   [  60% ] 5250/5250 VUs  5m23.9s/9m00.0s

running (5m24.9s), 5250/5250 VUs, 271933 complete and 0 interrupted iterations
users   [  60% ] 5250/5250 VUs  5m24.9s/9m00.0s

running (5m25.9s), 5250/5250 VUs, 272934 complete and 0 interrupted iterations
users   [  60% ] 5250/5250 VUs  5m25.9s/9m00.0s

running (5m26.9s), 5250/5250 VUs, 274021 complete and 0 interrupted iterations
users   [  61% ] 5250/5250 VUs  5m26.9s/9m00.0s

running (5m27.9s), 5250/5250 VUs, 275040 complete and 0 interrupted iterations
users   [  61% ] 5250/5250 VUs  5m27.9s/9m00.0s

running (5m28.9s), 5250/5250 VUs, 276068 complete and 0 interrupted iterations
users   [  61% ] 5250/5250 VUs  5m28.9s/9m00.0s

running (5m29.9s), 5250/5250 VUs, 277100 complete and 0 interrupted iterations
users   [  61% ] 5250/5250 VUs  5m29.9s/9m00.0s

running (5m30.9s), 5250/5250 VUs, 278155 complete and 0 interrupted iterations
users   [  61% ] 5250/5250 VUs  5m30.9s/9m00.0s

running (5m31.9s), 5250/5250 VUs, 279225 complete and 0 interrupted iterations
users   [  61% ] 5250/5250 VUs  5m31.9s/9m00.0s

running (5m32.9s), 5250/5250 VUs, 280242 complete and 0 interrupted iterations
users   [  62% ] 5250/5250 VUs  5m32.9s/9m00.0s

running (5m33.9s), 5250/5250 VUs, 281236 complete and 0 interrupted iterations
users   [  62% ] 5250/5250 VUs  5m33.9s/9m00.0s

running (5m34.9s), 5250/5250 VUs, 282270 complete and 0 interrupted iterations
users   [  62% ] 5250/5250 VUs  5m34.9s/9m00.0s

running (5m35.9s), 5250/5250 VUs, 283339 complete and 0 interrupted iterations
users   [  62% ] 5250/5250 VUs  5m35.9s/9m00.0s

running (5m36.9s), 5250/5250 VUs, 284370 complete and 0 interrupted iterations
users   [  62% ] 5250/5250 VUs  5m36.9s/9m00.0s

running (5m37.9s), 5250/5250 VUs, 285398 complete and 0 interrupted iterations
users   [  63% ] 5250/5250 VUs  5m37.9s/9m00.0s

running (5m38.9s), 5250/5250 VUs, 286412 complete and 0 interrupted iterations
users   [  63% ] 5250/5250 VUs  5m38.9s/9m00.0s

running (5m39.9s), 5250/5250 VUs, 287477 complete and 0 interrupted iterations
users   [  63% ] 5250/5250 VUs  5m39.9s/9m00.0s

running (5m40.9s), 5250/5250 VUs, 288494 complete and 0 interrupted iterations
users   [  63% ] 5250/5250 VUs  5m40.9s/9m00.0s

running (5m41.9s), 5250/5250 VUs, 289514 complete and 0 interrupted iterations
users   [  63% ] 5250/5250 VUs  5m41.9s/9m00.0s

running (5m42.9s), 5250/5250 VUs, 290574 complete and 0 interrupted iterations
users   [  64% ] 5250/5250 VUs  5m42.9s/9m00.0s

running (5m43.9s), 5250/5250 VUs, 291621 complete and 0 interrupted iterations
users   [  64% ] 5250/5250 VUs  5m43.9s/9m00.0s

running (5m44.9s), 5250/5250 VUs, 292652 complete and 0 interrupted iterations
users   [  64% ] 5250/5250 VUs  5m44.9s/9m00.0s

running (5m45.9s), 5250/5250 VUs, 293677 complete and 0 interrupted iterations
users   [  64% ] 5250/5250 VUs  5m45.9s/9m00.0s

running (5m46.9s), 5250/5250 VUs, 294739 complete and 0 interrupted iterations
users   [  64% ] 5250/5250 VUs  5m46.9s/9m00.0s

running (5m47.9s), 5250/5250 VUs, 295742 complete and 0 interrupted iterations
users   [  64% ] 5250/5250 VUs  5m47.9s/9m00.0s

running (5m48.9s), 5250/5250 VUs, 296803 complete and 0 interrupted iterations
users   [  65% ] 5250/5250 VUs  5m48.9s/9m00.0s

running (5m49.9s), 5250/5250 VUs, 297836 complete and 0 interrupted iterations
users   [  65% ] 5250/5250 VUs  5m49.9s/9m00.0s

running (5m50.9s), 5250/5250 VUs, 298855 complete and 0 interrupted iterations
users   [  65% ] 5250/5250 VUs  5m50.9s/9m00.0s

running (5m51.9s), 5250/5250 VUs, 299850 complete and 0 interrupted iterations
users   [  65% ] 5250/5250 VUs  5m51.9s/9m00.0s

running (5m52.9s), 5250/5250 VUs, 300906 complete and 0 interrupted iterations
users   [  65% ] 5250/5250 VUs  5m52.9s/9m00.0s

running (5m53.9s), 5250/5250 VUs, 301989 complete and 0 interrupted iterations
users   [  66% ] 5250/5250 VUs  5m53.9s/9m00.0s

running (5m54.9s), 5250/5250 VUs, 303029 complete and 0 interrupted iterations
users   [  66% ] 5250/5250 VUs  5m54.9s/9m00.0s

running (5m55.9s), 5250/5250 VUs, 304045 complete and 0 interrupted iterations
users   [  66% ] 5250/5250 VUs  5m55.9s/9m00.0s

running (5m56.9s), 5250/5250 VUs, 305076 complete and 0 interrupted iterations
users   [  66% ] 5250/5250 VUs  5m56.9s/9m00.0s

running (5m57.9s), 5250/5250 VUs, 306139 complete and 0 interrupted iterations
users   [  66% ] 5250/5250 VUs  5m57.9s/9m00.0s

running (5m58.9s), 5250/5250 VUs, 307151 complete and 0 interrupted iterations
users   [  66% ] 5250/5250 VUs  5m58.9s/9m00.0s

running (5m59.9s), 5250/5250 VUs, 308216 complete and 0 interrupted iterations
users   [  67% ] 5250/5250 VUs  5m59.9s/9m00.0s

running (6m00.9s), 5250/5250 VUs, 309240 complete and 0 interrupted iterations
users   [  67% ] 5250/5250 VUs  6m00.9s/9m00.0s

running (6m01.9s), 5250/5250 VUs, 310296 complete and 0 interrupted iterations
users   [  67% ] 5250/5250 VUs  6m01.9s/9m00.0s

running (6m02.9s), 5250/5250 VUs, 311307 complete and 0 interrupted iterations
users   [  67% ] 5250/5250 VUs  6m02.9s/9m00.0s

running (6m03.9s), 5250/5250 VUs, 312383 complete and 0 interrupted iterations
users   [  67% ] 5250/5250 VUs  6m03.9s/9m00.0s

running (6m04.9s), 5250/5250 VUs, 313399 complete and 0 interrupted iterations
users   [  68% ] 5250/5250 VUs  6m04.9s/9m00.0s

running (6m05.9s), 5250/5250 VUs, 314449 complete and 0 interrupted iterations
users   [  68% ] 5250/5250 VUs  6m05.9s/9m00.0s

running (6m06.9s), 5250/5250 VUs, 315462 complete and 0 interrupted iterations
users   [  68% ] 5250/5250 VUs  6m06.9s/9m00.0s

running (6m07.9s), 5250/5250 VUs, 316475 complete and 0 interrupted iterations
users   [  68% ] 5250/5250 VUs  6m07.9s/9m00.0s

running (6m08.9s), 5250/5250 VUs, 317494 complete and 0 interrupted iterations
users   [  68% ] 5250/5250 VUs  6m08.9s/9m00.0s

running (6m09.9s), 5250/5250 VUs, 318590 complete and 0 interrupted iterations
users   [  69% ] 5250/5250 VUs  6m09.9s/9m00.0s

running (6m10.9s), 5250/5250 VUs, 319614 complete and 0 interrupted iterations
users   [  69% ] 5250/5250 VUs  6m10.9s/9m00.0s

running (6m11.9s), 5250/5250 VUs, 320635 complete and 0 interrupted iterations
users   [  69% ] 5250/5250 VUs  6m11.9s/9m00.0s

running (6m12.9s), 5250/5250 VUs, 321627 complete and 0 interrupted iterations
users   [  69% ] 5250/5250 VUs  6m12.9s/9m00.0s

running (6m13.9s), 5250/5250 VUs, 322720 complete and 0 interrupted iterations
users   [  69% ] 5250/5250 VUs  6m13.9s/9m00.0s

running (6m14.9s), 5250/5250 VUs, 323709 complete and 0 interrupted iterations
users   [  69% ] 5250/5250 VUs  6m14.9s/9m00.0s

running (6m15.9s), 5250/5250 VUs, 324758 complete and 0 interrupted iterations
users   [  70% ] 5250/5250 VUs  6m15.9s/9m00.0s

running (6m16.9s), 5250/5250 VUs, 325787 complete and 0 interrupted iterations
users   [  70% ] 5250/5250 VUs  6m16.9s/9m00.0s

running (6m17.9s), 5250/5250 VUs, 326830 complete and 0 interrupted iterations
users   [  70% ] 5250/5250 VUs  6m17.9s/9m00.0s

running (6m18.9s), 5250/5250 VUs, 327821 complete and 0 interrupted iterations
users   [  70% ] 5250/5250 VUs  6m18.9s/9m00.0s

running (6m19.9s), 5250/5250 VUs, 328936 complete and 0 interrupted iterations
users   [  70% ] 5250/5250 VUs  6m19.9s/9m00.0s

running (6m20.9s), 5250/5250 VUs, 329983 complete and 0 interrupted iterations
users   [  71% ] 5250/5250 VUs  6m20.9s/9m00.0s

running (6m21.9s), 5250/5250 VUs, 330956 complete and 0 interrupted iterations
users   [  71% ] 5250/5250 VUs  6m21.9s/9m00.0s

running (6m22.9s), 5250/5250 VUs, 332038 complete and 0 interrupted iterations
users   [  71% ] 5250/5250 VUs  6m22.9s/9m00.0s

running (6m23.9s), 5250/5250 VUs, 333038 complete and 0 interrupted iterations
users   [  71% ] 5250/5250 VUs  6m23.9s/9m00.0s

running (6m24.9s), 5250/5250 VUs, 334055 complete and 0 interrupted iterations
users   [  71% ] 5250/5250 VUs  6m24.9s/9m00.0s

running (6m25.9s), 5250/5250 VUs, 335095 complete and 0 interrupted iterations
users   [  71% ] 5250/5250 VUs  6m25.9s/9m00.0s

running (6m26.9s), 5250/5250 VUs, 336170 complete and 0 interrupted iterations
users   [  72% ] 5250/5250 VUs  6m26.9s/9m00.0s

running (6m27.9s), 5250/5250 VUs, 337221 complete and 0 interrupted iterations
users   [  72% ] 5250/5250 VUs  6m27.9s/9m00.0s

running (6m28.9s), 5250/5250 VUs, 338243 complete and 0 interrupted iterations
users   [  72% ] 5250/5250 VUs  6m28.9s/9m00.0s

running (6m29.9s), 5250/5250 VUs, 339321 complete and 0 interrupted iterations
users   [  72% ] 5250/5250 VUs  6m29.9s/9m00.0s

running (6m30.9s), 5250/5250 VUs, 340286 complete and 0 interrupted iterations
users   [  72% ] 5250/5250 VUs  6m30.9s/9m00.0s

running (6m31.9s), 5250/5250 VUs, 341334 complete and 0 interrupted iterations
users   [  73% ] 5250/5250 VUs  6m31.9s/9m00.0s

running (6m32.9s), 5250/5250 VUs, 342374 complete and 0 interrupted iterations
users   [  73% ] 5250/5250 VUs  6m32.9s/9m00.0s

running (6m33.9s), 5250/5250 VUs, 343409 complete and 0 interrupted iterations
users   [  73% ] 5250/5250 VUs  6m33.9s/9m00.0s

running (6m34.9s), 5250/5250 VUs, 344434 complete and 0 interrupted iterations
users   [  73% ] 5250/5250 VUs  6m34.9s/9m00.0s

running (6m35.9s), 5250/5250 VUs, 345484 complete and 0 interrupted iterations
users   [  73% ] 5250/5250 VUs  6m35.9s/9m00.0s

running (6m36.9s), 5250/5250 VUs, 346551 complete and 0 interrupted iterations
users   [  74% ] 5250/5250 VUs  6m36.9s/9m00.0s

running (6m37.9s), 5250/5250 VUs, 347540 complete and 0 interrupted iterations
users   [  74% ] 5250/5250 VUs  6m37.9s/9m00.0s

running (6m38.9s), 5250/5250 VUs, 348473 complete and 0 interrupted iterations
users   [  74% ] 5250/5250 VUs  6m38.9s/9m00.0s

running (6m39.9s), 5250/5250 VUs, 349310 complete and 0 interrupted iterations
users   [  74% ] 5250/5250 VUs  6m39.9s/9m00.0s

running (6m40.9s), 5250/5250 VUs, 349996 complete and 0 interrupted iterations
users   [  74% ] 5250/5250 VUs  6m40.9s/9m00.0s

running (6m41.9s), 5250/5250 VUs, 350635 complete and 0 interrupted iterations
users   [  74% ] 5250/5250 VUs  6m41.9s/9m00.0s

running (6m42.9s), 5250/5250 VUs, 351296 complete and 0 interrupted iterations
users   [  75% ] 5250/5250 VUs  6m42.9s/9m00.0s

running (6m43.9s), 5250/5250 VUs, 352042 complete and 0 interrupted iterations
users   [  75% ] 5250/5250 VUs  6m43.9s/9m00.0s

running (6m44.9s), 5250/5250 VUs, 352924 complete and 0 interrupted iterations
users   [  75% ] 5250/5250 VUs  6m44.9s/9m00.0s

running (6m45.9s), 5250/5250 VUs, 354010 complete and 0 interrupted iterations
users   [  75% ] 5250/5250 VUs  6m45.9s/9m00.0s

running (6m46.9s), 5250/5250 VUs, 355099 complete and 0 interrupted iterations
users   [  75% ] 5250/5250 VUs  6m46.9s/9m00.0s

running (6m47.9s), 5250/5250 VUs, 356152 complete and 0 interrupted iterations
users   [  76% ] 5250/5250 VUs  6m47.9s/9m00.0s

running (6m48.9s), 5250/5250 VUs, 357203 complete and 0 interrupted iterations
users   [  76% ] 5250/5250 VUs  6m48.9s/9m00.0s

running (6m49.9s), 5250/5250 VUs, 358255 complete and 0 interrupted iterations
users   [  76% ] 5250/5250 VUs  6m49.9s/9m00.0s

running (6m50.9s), 5250/5250 VUs, 359272 complete and 0 interrupted iterations
users   [  76% ] 5250/5250 VUs  6m50.9s/9m00.0s

running (6m51.9s), 5250/5250 VUs, 360252 complete and 0 interrupted iterations
users   [  76% ] 5250/5250 VUs  6m51.9s/9m00.0s

running (6m52.9s), 5250/5250 VUs, 361323 complete and 0 interrupted iterations
users   [  76% ] 5250/5250 VUs  6m52.9s/9m00.0s

running (6m53.9s), 5250/5250 VUs, 362386 complete and 0 interrupted iterations
users   [  77% ] 5250/5250 VUs  6m53.9s/9m00.0s

running (6m54.9s), 5250/5250 VUs, 363386 complete and 0 interrupted iterations
users   [  77% ] 5250/5250 VUs  6m54.9s/9m00.0s

running (6m55.9s), 5250/5250 VUs, 364479 complete and 0 interrupted iterations
users   [  77% ] 5250/5250 VUs  6m55.9s/9m00.0s

running (6m56.9s), 5250/5250 VUs, 365528 complete and 0 interrupted iterations
users   [  77% ] 5250/5250 VUs  6m56.9s/9m00.0s

running (6m57.9s), 5250/5250 VUs, 366536 complete and 0 interrupted iterations
users   [  77% ] 5250/5250 VUs  6m57.9s/9m00.0s

running (6m58.9s), 5250/5250 VUs, 367578 complete and 0 interrupted iterations
users   [  78% ] 5250/5250 VUs  6m58.9s/9m00.0s

running (6m59.9s), 5250/5250 VUs, 368619 complete and 0 interrupted iterations
users   [  78% ] 5250/5250 VUs  6m59.9s/9m00.0s

running (7m00.9s), 5242/5250 VUs, 369642 complete and 0 interrupted iterations
users   [  78% ] 5242/5250 VUs  7m00.9s/9m00.0s

running (7m01.9s), 5228/5250 VUs, 370686 complete and 0 interrupted iterations
users   [  78% ] 5228/5250 VUs  7m01.9s/9m00.0s

running (7m02.9s), 5216/5250 VUs, 371723 complete and 0 interrupted iterations
users   [  78% ] 5216/5250 VUs  7m02.9s/9m00.0s

running (7m03.9s), 5184/5250 VUs, 372768 complete and 0 interrupted iterations
users   [  79% ] 5184/5250 VUs  7m03.9s/9m00.0s

running (7m04.9s), 5151/5250 VUs, 373749 complete and 0 interrupted iterations
users   [  79% ] 5151/5250 VUs  7m04.9s/9m00.0s

running (7m05.9s), 5112/5250 VUs, 374741 complete and 0 interrupted iterations
users   [  79% ] 5112/5250 VUs  7m05.9s/9m00.0s

running (7m06.9s), 5066/5250 VUs, 375814 complete and 0 interrupted iterations
users   [  79% ] 5066/5250 VUs  7m06.9s/9m00.0s

running (7m07.9s), 5021/5250 VUs, 376858 complete and 0 interrupted iterations
users   [  79% ] 5021/5250 VUs  7m07.9s/9m00.0s

running (7m08.9s), 4971/5250 VUs, 377848 complete and 0 interrupted iterations
users   [  79% ] 4971/5250 VUs  7m08.9s/9m00.0s

running (7m09.9s), 4936/5250 VUs, 378858 complete and 0 interrupted iterations
users   [  80% ] 4936/5250 VUs  7m09.9s/9m00.0s

running (7m10.9s), 4894/5250 VUs, 379842 complete and 0 interrupted iterations
users   [  80% ] 4894/5250 VUs  7m10.9s/9m00.0s

running (7m11.9s), 4857/5250 VUs, 380824 complete and 0 interrupted iterations
users   [  80% ] 4857/5250 VUs  7m11.9s/9m00.0s

running (7m12.9s), 4808/5250 VUs, 381809 complete and 0 interrupted iterations
users   [  80% ] 4808/5250 VUs  7m12.9s/9m00.0s

running (7m13.9s), 4769/5250 VUs, 382756 complete and 0 interrupted iterations
users   [  80% ] 4769/5250 VUs  7m13.9s/9m00.0s

running (7m14.9s), 4718/5250 VUs, 383699 complete and 0 interrupted iterations
users   [  81% ] 4718/5250 VUs  7m14.9s/9m00.0s

running (7m15.9s), 4674/5250 VUs, 384605 complete and 0 interrupted iterations
users   [  81% ] 4674/5250 VUs  7m15.9s/9m00.0s

running (7m16.9s), 4627/5250 VUs, 385567 complete and 0 interrupted iterations
users   [  81% ] 4627/5250 VUs  7m16.9s/9m00.0s

running (7m17.9s), 4582/5250 VUs, 386490 complete and 0 interrupted iterations
users   [  81% ] 4582/5250 VUs  7m17.9s/9m00.0s

running (7m18.9s), 4535/5250 VUs, 387448 complete and 0 interrupted iterations
users   [  81% ] 4535/5250 VUs  7m18.9s/9m00.0s

running (7m19.9s), 4498/5250 VUs, 388343 complete and 0 interrupted iterations
users   [  81% ] 4498/5250 VUs  7m19.9s/9m00.0s

running (7m20.9s), 4459/5250 VUs, 389234 complete and 0 interrupted iterations
users   [  82% ] 4459/5250 VUs  7m20.9s/9m00.0s

running (7m21.9s), 4419/5250 VUs, 390126 complete and 0 interrupted iterations
users   [  82% ] 4419/5250 VUs  7m21.9s/9m00.0s

running (7m22.9s), 4365/5250 VUs, 391046 complete and 0 interrupted iterations
users   [  82% ] 4365/5250 VUs  7m22.9s/9m00.0s

running (7m23.9s), 4324/5250 VUs, 391873 complete and 0 interrupted iterations
users   [  82% ] 4324/5250 VUs  7m23.9s/9m00.0s

running (7m24.9s), 4271/5250 VUs, 392754 complete and 0 interrupted iterations
users   [  82% ] 4271/5250 VUs  7m24.9s/9m00.0s

running (7m25.9s), 4236/5250 VUs, 393628 complete and 0 interrupted iterations
users   [  83% ] 4236/5250 VUs  7m25.9s/9m00.0s

running (7m26.9s), 4203/5250 VUs, 394473 complete and 0 interrupted iterations
users   [  83% ] 4203/5250 VUs  7m26.9s/9m00.0s

running (7m27.9s), 4144/5250 VUs, 395326 complete and 0 interrupted iterations
users   [  83% ] 4144/5250 VUs  7m27.9s/9m00.0s

running (7m28.9s), 4098/5250 VUs, 396131 complete and 0 interrupted iterations
users   [  83% ] 4098/5250 VUs  7m28.9s/9m00.0s

running (7m29.9s), 4054/5250 VUs, 396991 complete and 0 interrupted iterations
users   [  83% ] 4054/5250 VUs  7m29.9s/9m00.0s

running (7m30.9s), 4013/5250 VUs, 397790 complete and 0 interrupted iterations
users   [  84% ] 4013/5250 VUs  7m30.9s/9m00.0s

running (7m31.9s), 3974/5250 VUs, 398613 complete and 0 interrupted iterations
users   [  84% ] 3974/5250 VUs  7m31.9s/9m00.0s

running (7m32.9s), 3926/5250 VUs, 399452 complete and 0 interrupted iterations
users   [  84% ] 3926/5250 VUs  7m32.9s/9m00.0s

running (7m33.9s), 3877/5250 VUs, 400221 complete and 0 interrupted iterations
users   [  84% ] 3877/5250 VUs  7m33.9s/9m00.0s

running (7m34.9s), 3835/5250 VUs, 401016 complete and 0 interrupted iterations
users   [  84% ] 3835/5250 VUs  7m34.9s/9m00.0s

running (7m35.9s), 3801/5250 VUs, 401822 complete and 0 interrupted iterations
users   [  84% ] 3801/5250 VUs  7m35.9s/9m00.0s

running (7m36.9s), 3763/5250 VUs, 402556 complete and 0 interrupted iterations
users   [  85% ] 3763/5250 VUs  7m36.9s/9m00.0s

running (7m37.9s), 3723/5250 VUs, 403288 complete and 0 interrupted iterations
users   [  85% ] 3723/5250 VUs  7m37.9s/9m00.0s

running (7m38.9s), 3663/5250 VUs, 404057 complete and 0 interrupted iterations
users   [  85% ] 3663/5250 VUs  7m38.9s/9m00.0s

running (7m39.9s), 3628/5250 VUs, 404756 complete and 0 interrupted iterations
users   [  85% ] 3628/5250 VUs  7m39.9s/9m00.0s

running (7m40.9s), 3579/5250 VUs, 405514 complete and 0 interrupted iterations
users   [  85% ] 3579/5250 VUs  7m40.9s/9m00.0s

running (7m41.9s), 3541/5250 VUs, 406190 complete and 0 interrupted iterations
users   [  86% ] 3541/5250 VUs  7m41.9s/9m00.0s

running (7m42.9s), 3501/5250 VUs, 406889 complete and 0 interrupted iterations
users   [  86% ] 3501/5250 VUs  7m42.9s/9m00.0s

running (7m43.9s), 3457/5250 VUs, 407616 complete and 0 interrupted iterations
users   [  86% ] 3457/5250 VUs  7m43.9s/9m00.0s

running (7m44.9s), 3402/5250 VUs, 408344 complete and 0 interrupted iterations
users   [  86% ] 3402/5250 VUs  7m44.9s/9m00.0s

running (7m45.9s), 3369/5250 VUs, 408994 complete and 0 interrupted iterations
users   [  86% ] 3369/5250 VUs  7m45.9s/9m00.0s

running (7m46.9s), 3320/5250 VUs, 409692 complete and 0 interrupted iterations
users   [  86% ] 3320/5250 VUs  7m46.9s/9m00.0s

running (7m47.9s), 3275/5250 VUs, 410368 complete and 0 interrupted iterations
users   [  87% ] 3275/5250 VUs  7m47.9s/9m00.0s

running (7m48.9s), 3223/5250 VUs, 411022 complete and 0 interrupted iterations
users   [  87% ] 3223/5250 VUs  7m48.9s/9m00.0s

running (7m49.9s), 3179/5250 VUs, 411680 complete and 0 interrupted iterations
users   [  87% ] 3179/5250 VUs  7m49.9s/9m00.0s

running (7m50.9s), 3134/5250 VUs, 412309 complete and 0 interrupted iterations
users   [  87% ] 3134/5250 VUs  7m50.9s/9m00.0s

running (7m51.9s), 3087/5250 VUs, 412976 complete and 0 interrupted iterations
users   [  87% ] 3087/5250 VUs  7m51.9s/9m00.0s

running (7m52.9s), 3051/5250 VUs, 413559 complete and 0 interrupted iterations
users   [  88% ] 3051/5250 VUs  7m52.9s/9m00.0s

running (7m53.9s), 3019/5250 VUs, 414194 complete and 0 interrupted iterations
users   [  88% ] 3019/5250 VUs  7m53.9s/9m00.0s

running (7m54.9s), 2972/5250 VUs, 414785 complete and 0 interrupted iterations
users   [  88% ] 2972/5250 VUs  7m54.9s/9m00.0s

running (7m55.9s), 2922/5250 VUs, 415376 complete and 0 interrupted iterations
users   [  88% ] 2922/5250 VUs  7m55.9s/9m00.0s

running (7m56.9s), 2884/5250 VUs, 415941 complete and 0 interrupted iterations
users   [  88% ] 2884/5250 VUs  7m56.9s/9m00.0s

running (7m57.9s), 2826/5250 VUs, 416560 complete and 0 interrupted iterations
users   [  89% ] 2826/5250 VUs  7m57.9s/9m00.0s

running (7m58.9s), 2779/5250 VUs, 417156 complete and 0 interrupted iterations
users   [  89% ] 2779/5250 VUs  7m58.9s/9m00.0s

running (7m59.9s), 2741/5250 VUs, 417710 complete and 0 interrupted iterations
users   [  89% ] 2741/5250 VUs  7m59.9s/9m00.0s

running (8m00.9s), 2698/5250 VUs, 418279 complete and 0 interrupted iterations
users   [  89% ] 2698/5250 VUs  8m00.9s/9m00.0s

running (8m01.9s), 2653/5250 VUs, 418817 complete and 0 interrupted iterations
users   [  89% ] 2653/5250 VUs  8m01.9s/9m00.0s

running (8m02.9s), 2619/5250 VUs, 419339 complete and 0 interrupted iterations
users   [  89% ] 2619/5250 VUs  8m02.9s/9m00.0s

running (8m03.9s), 2569/5250 VUs, 419885 complete and 0 interrupted iterations
users   [  90% ] 2569/5250 VUs  8m03.9s/9m00.0s

running (8m04.9s), 2525/5250 VUs, 420431 complete and 0 interrupted iterations
users   [  90% ] 2525/5250 VUs  8m04.9s/9m00.0s

running (8m05.9s), 2486/5250 VUs, 420922 complete and 0 interrupted iterations
users   [  90% ] 2486/5250 VUs  8m05.9s/9m00.0s

running (8m06.9s), 2432/5250 VUs, 421439 complete and 0 interrupted iterations
users   [  90% ] 2432/5250 VUs  8m06.9s/9m00.0s

running (8m07.9s), 2387/5250 VUs, 421912 complete and 0 interrupted iterations
users   [  90% ] 2387/5250 VUs  8m07.9s/9m00.0s

running (8m08.9s), 2343/5250 VUs, 422406 complete and 0 interrupted iterations
users   [  91% ] 2343/5250 VUs  8m08.9s/9m00.0s

running (8m09.9s), 2315/5250 VUs, 422901 complete and 0 interrupted iterations
users   [  91% ] 2315/5250 VUs  8m09.9s/9m00.0s

running (8m10.9s), 2265/5250 VUs, 423369 complete and 0 interrupted iterations
users   [  91% ] 2265/5250 VUs  8m10.9s/9m00.0s

running (8m11.9s), 2229/5250 VUs, 423842 complete and 0 interrupted iterations
users   [  91% ] 2229/5250 VUs  8m11.9s/9m00.0s

running (8m12.9s), 2182/5250 VUs, 424288 complete and 0 interrupted iterations
users   [  91% ] 2182/5250 VUs  8m12.9s/9m00.0s

running (8m13.9s), 2137/5250 VUs, 424698 complete and 0 interrupted iterations
users   [  91% ] 2137/5250 VUs  8m13.9s/9m00.0s

running (8m14.9s), 2089/5250 VUs, 425157 complete and 0 interrupted iterations
users   [  92% ] 2089/5250 VUs  8m14.9s/9m00.0s

running (8m15.9s), 2043/5250 VUs, 425588 complete and 0 interrupted iterations
users   [  92% ] 2043/5250 VUs  8m15.9s/9m00.0s

running (8m16.9s), 1998/5250 VUs, 426008 complete and 0 interrupted iterations
users   [  92% ] 1998/5250 VUs  8m16.9s/9m00.0s

running (8m17.9s), 1954/5250 VUs, 426420 complete and 0 interrupted iterations
users   [  92% ] 1954/5250 VUs  8m17.9s/9m00.0s

running (8m19.0s), 1916/5250 VUs, 426830 complete and 0 interrupted iterations
users   [  92% ] 1916/5250 VUs  8m19.0s/9m00.0s

running (8m19.9s), 1864/5250 VUs, 427213 complete and 0 interrupted iterations
users   [  93% ] 1864/5250 VUs  8m19.9s/9m00.0s

running (8m20.9s), 1824/5250 VUs, 427595 complete and 0 interrupted iterations
users   [  93% ] 1824/5250 VUs  8m20.9s/9m00.0s

running (8m21.9s), 1784/5250 VUs, 427982 complete and 0 interrupted iterations
users   [  93% ] 1784/5250 VUs  8m21.9s/9m00.0s

running (8m22.9s), 1739/5250 VUs, 428359 complete and 0 interrupted iterations
users   [  93% ] 1739/5250 VUs  8m22.9s/9m00.0s

running (8m23.9s), 1691/5250 VUs, 428718 complete and 0 interrupted iterations
users   [  93% ] 1691/5250 VUs  8m23.9s/9m00.0s

running (8m24.9s), 1648/5250 VUs, 429067 complete and 0 interrupted iterations
users   [  94% ] 1648/5250 VUs  8m24.9s/9m00.0s

running (8m25.9s), 1612/5250 VUs, 429415 complete and 0 interrupted iterations
users   [  94% ] 1612/5250 VUs  8m25.9s/9m00.0s

running (8m26.9s), 1579/5250 VUs, 429718 complete and 0 interrupted iterations
users   [  94% ] 1579/5250 VUs  8m26.9s/9m00.0s

running (8m27.9s), 1533/5250 VUs, 430027 complete and 0 interrupted iterations
users   [  94% ] 1533/5250 VUs  8m27.9s/9m00.0s

running (8m28.9s), 1492/5250 VUs, 430361 complete and 0 interrupted iterations
users   [  94% ] 1492/5250 VUs  8m28.9s/9m00.0s

running (8m29.9s), 1438/5250 VUs, 430672 complete and 0 interrupted iterations
users   [  94% ] 1438/5250 VUs  8m29.9s/9m00.0s

running (8m30.9s), 1386/5250 VUs, 430973 complete and 0 interrupted iterations
users   [  95% ] 1386/5250 VUs  8m30.9s/9m00.0s

running (8m31.9s), 1345/5250 VUs, 431274 complete and 0 interrupted iterations
users   [  95% ] 1345/5250 VUs  8m31.9s/9m00.0s

running (8m32.9s), 1304/5250 VUs, 431566 complete and 0 interrupted iterations
users   [  95% ] 1304/5250 VUs  8m32.9s/9m00.0s

running (8m33.9s), 1266/5250 VUs, 431815 complete and 0 interrupted iterations
users   [  95% ] 1266/5250 VUs  8m33.9s/9m00.0s

running (8m34.9s), 1218/5250 VUs, 432083 complete and 0 interrupted iterations
users   [  95% ] 1218/5250 VUs  8m34.9s/9m00.0s

running (8m35.9s), 1179/5250 VUs, 432348 complete and 0 interrupted iterations
users   [  96% ] 1179/5250 VUs  8m35.9s/9m00.0s

running (8m36.9s), 1144/5250 VUs, 432577 complete and 0 interrupted iterations
users   [  96% ] 1144/5250 VUs  8m36.9s/9m00.0s

running (8m37.9s), 1092/5250 VUs, 432836 complete and 0 interrupted iterations
users   [  96% ] 1092/5250 VUs  8m37.9s/9m00.0s

running (8m38.9s), 1038/5250 VUs, 433085 complete and 0 interrupted iterations
users   [  96% ] 1038/5250 VUs  8m38.9s/9m00.0s

running (8m39.9s), 0993/5250 VUs, 433277 complete and 0 interrupted iterations
users   [  96% ] 0993/5250 VUs  8m39.9s/9m00.0s

running (8m40.9s), 0949/5250 VUs, 433508 complete and 0 interrupted iterations
users   [  96% ] 0949/5250 VUs  8m40.9s/9m00.0s

running (8m41.9s), 0909/5250 VUs, 433704 complete and 0 interrupted iterations
users   [  97% ] 0909/5250 VUs  8m41.9s/9m00.0s

running (8m42.9s), 0852/5250 VUs, 433915 complete and 0 interrupted iterations
users   [  97% ] 0852/5250 VUs  8m42.9s/9m00.0s

running (8m43.9s), 0811/5250 VUs, 434098 complete and 0 interrupted iterations
users   [  97% ] 0811/5250 VUs  8m43.9s/9m00.0s

running (8m44.9s), 0781/5250 VUs, 434276 complete and 0 interrupted iterations
users   [  97% ] 0781/5250 VUs  8m44.9s/9m00.0s

running (8m45.9s), 0739/5250 VUs, 434436 complete and 0 interrupted iterations
users   [  97% ] 0739/5250 VUs  8m45.9s/9m00.0s

running (8m46.9s), 0699/5250 VUs, 434597 complete and 0 interrupted iterations
users   [  98% ] 0699/5250 VUs  8m46.9s/9m00.0s

running (8m47.9s), 0652/5250 VUs, 434758 complete and 0 interrupted iterations
users   [  98% ] 0652/5250 VUs  8m47.9s/9m00.0s

running (8m48.9s), 0609/5250 VUs, 434891 complete and 0 interrupted iterations
users   [  98% ] 0609/5250 VUs  8m48.9s/9m00.0s

running (8m49.9s), 0571/5250 VUs, 435010 complete and 0 interrupted iterations
users   [  98% ] 0571/5250 VUs  8m49.9s/9m00.0s

running (8m50.9s), 0515/5250 VUs, 435156 complete and 0 interrupted iterations
users   [  98% ] 0515/5250 VUs  8m50.9s/9m00.0s

running (8m51.9s), 0477/5250 VUs, 435263 complete and 0 interrupted iterations
users   [  99% ] 0477/5250 VUs  8m51.9s/9m00.0s

running (8m52.9s), 0437/5250 VUs, 435365 complete and 0 interrupted iterations
users   [  99% ] 0437/5250 VUs  8m52.9s/9m00.0s

running (8m53.9s), 0392/5250 VUs, 435474 complete and 0 interrupted iterations
users   [  99% ] 0392/5250 VUs  8m53.9s/9m00.0s

running (8m54.9s), 0342/5250 VUs, 435567 complete and 0 interrupted iterations
users   [  99% ] 0342/5250 VUs  8m54.9s/9m00.0s

running (8m55.9s), 0302/5250 VUs, 435651 complete and 0 interrupted iterations
users   [  99% ] 0302/5250 VUs  8m55.9s/9m00.0s

running (8m56.9s), 0251/5250 VUs, 435732 complete and 0 interrupted iterations
users   [  99% ] 0251/5250 VUs  8m56.9s/9m00.0s

running (8m57.9s), 0213/5250 VUs, 435794 complete and 0 interrupted iterations
users   [ 100% ] 0213/5250 VUs  8m57.9s/9m00.0s

running (8m58.9s), 0171/5250 VUs, 435849 complete and 0 interrupted iterations
users   [ 100% ] 0171/5250 VUs  8m58.9s/9m00.0s

running (8m59.9s), 0125/5250 VUs, 435898 complete and 0 interrupted iterations
users   [ 100% ] 0125/5250 VUs  8m59.9s/9m00.0s

running (9m00.9s), 0083/5250 VUs, 435940 complete and 0 interrupted iterations
users ↓ [ 100% ] 0125/5250 VUs  9m0s

running (9m01.9s), 0048/5250 VUs, 435975 complete and 0 interrupted iterations
users ↓ [ 100% ] 0125/5250 VUs  9m0s

running (9m02.9s), 0026/5250 VUs, 435997 complete and 0 interrupted iterations
users ↓ [ 100% ] 0125/5250 VUs  9m0s

running (9m03.9s), 0012/5250 VUs, 436011 complete and 0 interrupted iterations
users ↓ [ 100% ] 0125/5250 VUs  9m0s

running (9m04.9s), 0004/5250 VUs, 436019 complete and 0 interrupted iterations
users ↓ [ 100% ] 0125/5250 VUs  9m0s

running (9m05.9s), 0001/5250 VUs, 436022 complete and 0 interrupted iterations
users ↓ [ 100% ] 0125/5250 VUs  9m0s

running (9m06.9s), 0001/5250 VUs, 436022 complete and 0 interrupted iterations
users ↓ [ 100% ] 0125/5250 VUs  9m0s


  █ THRESHOLDS 

    checks{phase:bench}
    ✓ 'rate>0.99' rate=100.00%

    http_req_duration{name:confirm,phase:bench}
    ✓ 'p(95)<200' p(95)=66.36ms
    ✗ 'p(99)<600' p(99)=1.2s

    http_req_duration{name:download_expired,phase:bench}
    ✓ 'p(95)<200' p(95)=0s
    ✓ 'p(99)<600' p(99)=0s

    http_req_duration{name:download,phase:bench}
    ✓ 'p(95)<200' p(95)=66.83ms
    ✗ 'p(99)<600' p(99)=1.6s

    http_req_duration{name:upload,phase:bench}
    ✓ 'p(95)<200' p(95)=79.36ms
    ✗ 'p(99)<600' p(99)=1.5s

    http_req_failed{phase:bench}
    ✓ 'rate<0.01' rate=0.00%

    server_errors{phase:bench}
    ✓ 'rate<0.01' rate=0.00%


  █ TOTAL RESULTS 

    checks_total.......: 447415  817.68522/s
    checks_succeeded...: 100.00% 447415 out of 447415
    checks_failed......: 0.00%   0 out of 447415

    ✓ download as expected
    ✓ upload link 201
    ✓ confirm 200

    CUSTOM
    server_errors.............................: 0.00%  0 out of 447415
      { phase:bench }.........................: 0.00%  0 out of 316858

    HTTP
    http_req_duration.........................: med=5.31ms  p(95)=51.37ms p(99)=1.15s avg=33.99ms max=2.49s 
      { expected_response:true }..............: med=5.31ms  p(95)=51.37ms p(99)=1.15s avg=33.99ms max=2.49s 
      { name:confirm,phase:bench }............: med=8.12ms  p(95)=66.36ms p(99)=1.2s  avg=40.35ms max=2.46s 
      { name:download_expired,phase:bench }...: med=0s      p(95)=0s      p(99)=0s    avg=0s      max=0s    
      { name:download,phase:bench }...........: med=6.33ms  p(95)=66.83ms p(99)=1.6s  avg=44.07ms max=2.45s 
      { name:upload,phase:bench }.............: med=10.58ms p(95)=79.36ms p(99)=1.5s  avg=46.6ms  max=2.49s 
    http_req_failed...........................: 0.00%  0 out of 447415
      { phase:bench }.........................: 0.00%  0 out of 316895
    http_reqs.................................: 447415 817.68522/s

    EXECUTION
    iteration_duration........................: med=5.08s   p(95)=7.33s   p(99)=8.09s avg=5.09s   max=12.81s
    iterations................................: 436023 796.865467/s
    vus.......................................: 1      min=0           max=5250
    vus_max...................................: 5250   min=4882        max=5250

    NETWORK
    data_received.............................: 1.1 GB 1.9 MB/s
    data_sent.................................: 361 MB 660 kB/s




running (9m07.2s), 0000/5250 VUs, 436023 complete and 0 interrupted iterations
users ✓ [ 100% ] 0000/5250 VUs  9m0s
time="2026-09-30T16:02:32Z" level=error msg="thresholds on metrics 'http_req_duration{name:confirm,phase:bench}, http_req_duration{name:download,phase:bench}, http_req_duration{name:upload,phase:bench}' have been crossed"
== 5250 users: fail
== resting 120s
== pass 2: 4875 users (passed up to 4500, failed from 5250)
TRUNCATE TABLE
SELECT 10000
ALTER TABLE
UPDATE 10000
INSERT 0 10000
COPY 10000
VACUUM
  expiry   | count 
-----------+-------
 HOURS24   |  3330
 MINUTES15 |  3340
 MINUTES30 |  3330
(3 rows)

 rows  |  table  | indexes |  total  
-------+---------+---------+---------
 10000 | 1112 kB | 1440 kB | 2552 kB
(1 row)

wrote /tmp/seed.csv (10000 files). Copy it to the load generator and run load-file-list.sh.
file list loaded: 10000 files
time="2026-09-30T16:04:34Z" level=info msg="Automatic extension resolution is enabled. The current k6 binary doesn't satisfy all dependencies, it's required to provision a custom binary." deps="k6;k6/x/redis"
time="2026-09-30T16:04:35Z" level=info msg="Using cached k6 binary" artifact_id=d29e86c20dd9a49cb84ea3c41fac5b8b8e524e06 deps="map[k6:v2.3.0 k6/x/redis:v0.4.3]" path=/home/admin/.cache/k6/builds/d29e86c20dd9a49cb84ea3c41fac5b8b8e524e06/k6

         /\      Grafana   /‾‾/  
    /\  /  \     |\  __   /  /   
   /  \/    \    | |/ /  /   ‾‾\ 
  /          \   |   (  |  (‾)  |
 / __________ \  |_|\_\  \_____/ 


     execution: local
        script: /home/admin/Mint-Bench/k6/mint.js
        output: csv (/home/admin/Mint-Bench/bench-sql/results/2026-09-30-1511/vus-4875/k6.csv.gz)

     scenarios: (100.00%) 1 scenario, 4875 max VUs, 9m30s max duration (incl. graceful stop):
              * users: Up to 4875 looping VUs for 9m0s over 3 stages (gracefulRampDown: 30s, gracefulStop: 30s)


running (0m00.0s), 0000/4875 VUs, 0 complete and 0 interrupted iterations
users   [   0% ] 0000/4875 VUs  0m00.0s/9m00.0s

running (0m01.0s), 0041/4875 VUs, 0 complete and 0 interrupted iterations
users   [   0% ] 0041/4875 VUs  0m01.0s/9m00.0s

running (0m02.0s), 0082/4875 VUs, 0 complete and 0 interrupted iterations
users   [   0% ] 0082/4875 VUs  0m02.0s/9m00.0s

running (0m03.0s), 0122/4875 VUs, 0 complete and 0 interrupted iterations
users   [   1% ] 0122/4875 VUs  0m03.0s/9m00.0s

running (0m04.0s), 0163/4875 VUs, 7 complete and 0 interrupted iterations
users   [   1% ] 0163/4875 VUs  0m04.0s/9m00.0s

running (0m05.0s), 0203/4875 VUs, 30 complete and 0 interrupted iterations
users   [   1% ] 0203/4875 VUs  0m05.0s/9m00.0s

running (0m06.0s), 0244/4875 VUs, 49 complete and 0 interrupted iterations
users   [   1% ] 0244/4875 VUs  0m06.0s/9m00.0s

running (0m07.0s), 0285/4875 VUs, 81 complete and 0 interrupted iterations
users   [   1% ] 0285/4875 VUs  0m07.0s/9m00.0s

running (0m08.0s), 0325/4875 VUs, 127 complete and 0 interrupted iterations
users   [   1% ] 0325/4875 VUs  0m08.0s/9m00.0s

running (0m09.0s), 0366/4875 VUs, 180 complete and 0 interrupted iterations
users   [   2% ] 0366/4875 VUs  0m09.0s/9m00.0s

running (0m10.0s), 0407/4875 VUs, 241 complete and 0 interrupted iterations
users   [   2% ] 0407/4875 VUs  0m10.0s/9m00.0s

running (0m11.0s), 0447/4875 VUs, 306 complete and 0 interrupted iterations
users   [   2% ] 0447/4875 VUs  0m11.0s/9m00.0s

running (0m12.0s), 0488/4875 VUs, 377 complete and 0 interrupted iterations
users   [   2% ] 0488/4875 VUs  0m12.0s/9m00.0s

running (0m13.0s), 0528/4875 VUs, 460 complete and 0 interrupted iterations
users   [   2% ] 0528/4875 VUs  0m13.0s/9m00.0s

running (0m14.0s), 0569/4875 VUs, 549 complete and 0 interrupted iterations
users   [   3% ] 0569/4875 VUs  0m14.0s/9m00.0s

running (0m15.0s), 0610/4875 VUs, 646 complete and 0 interrupted iterations
users   [   3% ] 0610/4875 VUs  0m15.0s/9m00.0s

running (0m16.0s), 0650/4875 VUs, 761 complete and 0 interrupted iterations
users   [   3% ] 0650/4875 VUs  0m16.0s/9m00.0s

running (0m17.0s), 0691/4875 VUs, 885 complete and 0 interrupted iterations
users   [   3% ] 0691/4875 VUs  0m17.0s/9m00.0s

running (0m18.0s), 0732/4875 VUs, 992 complete and 0 interrupted iterations
users   [   3% ] 0732/4875 VUs  0m18.0s/9m00.0s

running (0m19.0s), 0772/4875 VUs, 1112 complete and 0 interrupted iterations
users   [   4% ] 0772/4875 VUs  0m19.0s/9m00.0s

running (0m20.0s), 0813/4875 VUs, 1256 complete and 0 interrupted iterations
users   [   4% ] 0813/4875 VUs  0m20.0s/9m00.0s

running (0m21.0s), 0853/4875 VUs, 1397 complete and 0 interrupted iterations
users   [   4% ] 0853/4875 VUs  0m21.0s/9m00.0s

running (0m22.0s), 0894/4875 VUs, 1566 complete and 0 interrupted iterations
users   [   4% ] 0894/4875 VUs  0m22.0s/9m00.0s

running (0m23.0s), 0935/4875 VUs, 1724 complete and 0 interrupted iterations
users   [   4% ] 0935/4875 VUs  0m23.0s/9m00.0s

running (0m24.0s), 0975/4875 VUs, 1895 complete and 0 interrupted iterations
users   [   4% ] 0975/4875 VUs  0m24.0s/9m00.0s

running (0m25.0s), 1016/4875 VUs, 2077 complete and 0 interrupted iterations
users   [   5% ] 1016/4875 VUs  0m25.0s/9m00.0s

running (0m26.0s), 1057/4875 VUs, 2270 complete and 0 interrupted iterations
users   [   5% ] 1057/4875 VUs  0m26.0s/9m00.0s

running (0m27.0s), 1097/4875 VUs, 2472 complete and 0 interrupted iterations
users   [   5% ] 1097/4875 VUs  0m27.0s/9m00.0s

running (0m28.0s), 1138/4875 VUs, 2662 complete and 0 interrupted iterations
users   [   5% ] 1138/4875 VUs  0m28.0s/9m00.0s

running (0m29.0s), 1178/4875 VUs, 2887 complete and 0 interrupted iterations
users   [   5% ] 1178/4875 VUs  0m29.0s/9m00.0s

running (0m30.0s), 1219/4875 VUs, 3095 complete and 0 interrupted iterations
users   [   6% ] 1219/4875 VUs  0m30.0s/9m00.0s

running (0m31.0s), 1260/4875 VUs, 3323 complete and 0 interrupted iterations
users   [   6% ] 1260/4875 VUs  0m31.0s/9m00.0s

running (0m32.0s), 1300/4875 VUs, 3554 complete and 0 interrupted iterations
users   [   6% ] 1300/4875 VUs  0m32.0s/9m00.0s

running (0m33.0s), 1341/4875 VUs, 3790 complete and 0 interrupted iterations
users   [   6% ] 1341/4875 VUs  0m33.0s/9m00.0s

running (0m34.0s), 1382/4875 VUs, 4057 complete and 0 interrupted iterations
users   [   6% ] 1382/4875 VUs  0m34.0s/9m00.0s

running (0m35.0s), 1422/4875 VUs, 4302 complete and 0 interrupted iterations
users   [   6% ] 1422/4875 VUs  0m35.0s/9m00.0s

running (0m36.0s), 1463/4875 VUs, 4559 complete and 0 interrupted iterations
users   [   7% ] 1463/4875 VUs  0m36.0s/9m00.0s

running (0m37.0s), 1503/4875 VUs, 4829 complete and 0 interrupted iterations
users   [   7% ] 1503/4875 VUs  0m37.0s/9m00.0s

running (0m38.0s), 1544/4875 VUs, 5117 complete and 0 interrupted iterations
users   [   7% ] 1544/4875 VUs  0m38.0s/9m00.0s

running (0m39.0s), 1585/4875 VUs, 5400 complete and 0 interrupted iterations
users   [   7% ] 1585/4875 VUs  0m39.0s/9m00.0s

running (0m40.0s), 1625/4875 VUs, 5699 complete and 0 interrupted iterations
users   [   7% ] 1625/4875 VUs  0m40.0s/9m00.0s

running (0m41.0s), 1666/4875 VUs, 6019 complete and 0 interrupted iterations
users   [   8% ] 1666/4875 VUs  0m41.0s/9m00.0s

running (0m42.0s), 1707/4875 VUs, 6332 complete and 0 interrupted iterations
users   [   8% ] 1707/4875 VUs  0m42.0s/9m00.0s

running (0m43.0s), 1747/4875 VUs, 6624 complete and 0 interrupted iterations
users   [   8% ] 1747/4875 VUs  0m43.0s/9m00.0s

running (0m44.0s), 1788/4875 VUs, 6970 complete and 0 interrupted iterations
users   [   8% ] 1788/4875 VUs  0m44.0s/9m00.0s

running (0m45.0s), 1828/4875 VUs, 7355 complete and 0 interrupted iterations
users   [   8% ] 1828/4875 VUs  0m45.0s/9m00.0s

running (0m46.0s), 1869/4875 VUs, 7687 complete and 0 interrupted iterations
users   [   9% ] 1869/4875 VUs  0m46.0s/9m00.0s

running (0m47.0s), 1910/4875 VUs, 8035 complete and 0 interrupted iterations
users   [   9% ] 1910/4875 VUs  0m47.0s/9m00.0s

running (0m48.0s), 1950/4875 VUs, 8381 complete and 0 interrupted iterations
users   [   9% ] 1950/4875 VUs  0m48.0s/9m00.0s

running (0m49.0s), 1991/4875 VUs, 8775 complete and 0 interrupted iterations
users   [   9% ] 1991/4875 VUs  0m49.0s/9m00.0s

running (0m50.0s), 2032/4875 VUs, 9163 complete and 0 interrupted iterations
users   [   9% ] 2032/4875 VUs  0m50.0s/9m00.0s

running (0m51.0s), 2072/4875 VUs, 9535 complete and 0 interrupted iterations
users   [   9% ] 2072/4875 VUs  0m51.0s/9m00.0s

running (0m52.0s), 2113/4875 VUs, 9928 complete and 0 interrupted iterations
users   [  10% ] 2113/4875 VUs  0m52.0s/9m00.0s

running (0m53.0s), 2153/4875 VUs, 10325 complete and 0 interrupted iterations
users   [  10% ] 2153/4875 VUs  0m53.0s/9m00.0s

running (0m54.0s), 2194/4875 VUs, 10747 complete and 0 interrupted iterations
users   [  10% ] 2194/4875 VUs  0m54.0s/9m00.0s

running (0m55.0s), 2235/4875 VUs, 11151 complete and 0 interrupted iterations
users   [  10% ] 2235/4875 VUs  0m55.0s/9m00.0s

running (0m56.0s), 2275/4875 VUs, 11575 complete and 0 interrupted iterations
users   [  10% ] 2275/4875 VUs  0m56.0s/9m00.0s

running (0m57.0s), 2316/4875 VUs, 12007 complete and 0 interrupted iterations
users   [  11% ] 2316/4875 VUs  0m57.0s/9m00.0s

running (0m58.0s), 2357/4875 VUs, 12434 complete and 0 interrupted iterations
users   [  11% ] 2357/4875 VUs  0m58.0s/9m00.0s

running (0m59.0s), 2397/4875 VUs, 12901 complete and 0 interrupted iterations
users   [  11% ] 2397/4875 VUs  0m59.0s/9m00.0s

running (1m00.0s), 2438/4875 VUs, 13335 complete and 0 interrupted iterations
users   [  11% ] 2438/4875 VUs  1m00.0s/9m00.0s

running (1m01.0s), 2478/4875 VUs, 13826 complete and 0 interrupted iterations
users   [  11% ] 2478/4875 VUs  1m01.0s/9m00.0s

running (1m02.0s), 2519/4875 VUs, 14283 complete and 0 interrupted iterations
users   [  11% ] 2519/4875 VUs  1m02.0s/9m00.0s

running (1m03.0s), 2560/4875 VUs, 14758 complete and 0 interrupted iterations
users   [  12% ] 2560/4875 VUs  1m03.0s/9m00.0s

running (1m04.0s), 2600/4875 VUs, 15251 complete and 0 interrupted iterations
users   [  12% ] 2600/4875 VUs  1m04.0s/9m00.0s

running (1m05.0s), 2641/4875 VUs, 15753 complete and 0 interrupted iterations
users   [  12% ] 2641/4875 VUs  1m05.0s/9m00.0s

running (1m06.0s), 2682/4875 VUs, 16266 complete and 0 interrupted iterations
users   [  12% ] 2682/4875 VUs  1m06.0s/9m00.0s

running (1m07.0s), 2722/4875 VUs, 16795 complete and 0 interrupted iterations
users   [  12% ] 2722/4875 VUs  1m07.0s/9m00.0s

running (1m08.0s), 2763/4875 VUs, 17338 complete and 0 interrupted iterations
users   [  13% ] 2763/4875 VUs  1m08.0s/9m00.0s

running (1m09.0s), 2803/4875 VUs, 17821 complete and 0 interrupted iterations
users   [  13% ] 2803/4875 VUs  1m09.0s/9m00.0s

running (1m10.0s), 2844/4875 VUs, 18374 complete and 0 interrupted iterations
users   [  13% ] 2844/4875 VUs  1m10.0s/9m00.0s

running (1m11.0s), 2885/4875 VUs, 18879 complete and 0 interrupted iterations
users   [  13% ] 2885/4875 VUs  1m11.0s/9m00.0s

running (1m12.0s), 2925/4875 VUs, 19435 complete and 0 interrupted iterations
users   [  13% ] 2925/4875 VUs  1m12.0s/9m00.0s

running (1m13.0s), 2966/4875 VUs, 19999 complete and 0 interrupted iterations
users   [  14% ] 2966/4875 VUs  1m13.0s/9m00.0s

running (1m14.0s), 3007/4875 VUs, 20568 complete and 0 interrupted iterations
users   [  14% ] 3007/4875 VUs  1m14.0s/9m00.0s

running (1m15.0s), 3047/4875 VUs, 21163 complete and 0 interrupted iterations
users   [  14% ] 3047/4875 VUs  1m15.0s/9m00.0s

running (1m16.0s), 3088/4875 VUs, 21754 complete and 0 interrupted iterations
users   [  14% ] 3088/4875 VUs  1m16.0s/9m00.0s

running (1m17.0s), 3128/4875 VUs, 22333 complete and 0 interrupted iterations
users   [  14% ] 3128/4875 VUs  1m17.0s/9m00.0s

running (1m18.0s), 3169/4875 VUs, 22919 complete and 0 interrupted iterations
users   [  14% ] 3169/4875 VUs  1m18.0s/9m00.0s

running (1m19.0s), 3210/4875 VUs, 23529 complete and 0 interrupted iterations
users   [  15% ] 3210/4875 VUs  1m19.0s/9m00.0s

running (1m20.0s), 3250/4875 VUs, 24135 complete and 0 interrupted iterations
users   [  15% ] 3250/4875 VUs  1m20.0s/9m00.0s

running (1m21.0s), 3291/4875 VUs, 24808 complete and 0 interrupted iterations
users   [  15% ] 3291/4875 VUs  1m21.0s/9m00.0s

running (1m22.0s), 3332/4875 VUs, 25413 complete and 0 interrupted iterations
users   [  15% ] 3332/4875 VUs  1m22.0s/9m00.0s

running (1m23.0s), 3372/4875 VUs, 26039 complete and 0 interrupted iterations
users   [  15% ] 3372/4875 VUs  1m23.0s/9m00.0s

running (1m24.0s), 3413/4875 VUs, 26694 complete and 0 interrupted iterations
users   [  16% ] 3413/4875 VUs  1m24.0s/9m00.0s

running (1m25.0s), 3453/4875 VUs, 27313 complete and 0 interrupted iterations
users   [  16% ] 3453/4875 VUs  1m25.0s/9m00.0s

running (1m26.0s), 3494/4875 VUs, 28032 complete and 0 interrupted iterations
users   [  16% ] 3494/4875 VUs  1m26.0s/9m00.0s

running (1m27.0s), 3535/4875 VUs, 28683 complete and 0 interrupted iterations
users   [  16% ] 3535/4875 VUs  1m27.0s/9m00.0s

running (1m28.0s), 3575/4875 VUs, 29387 complete and 0 interrupted iterations
users   [  16% ] 3575/4875 VUs  1m28.0s/9m00.0s

running (1m29.0s), 3616/4875 VUs, 29983 complete and 0 interrupted iterations
users   [  16% ] 3616/4875 VUs  1m29.0s/9m00.0s

running (1m30.0s), 3657/4875 VUs, 30644 complete and 0 interrupted iterations
users   [  17% ] 3657/4875 VUs  1m30.0s/9m00.0s

running (1m31.0s), 3697/4875 VUs, 31328 complete and 0 interrupted iterations
users   [  17% ] 3697/4875 VUs  1m31.0s/9m00.0s

running (1m32.0s), 3738/4875 VUs, 32065 complete and 0 interrupted iterations
users   [  17% ] 3738/4875 VUs  1m32.0s/9m00.0s

running (1m33.0s), 3778/4875 VUs, 32750 complete and 0 interrupted iterations
users   [  17% ] 3778/4875 VUs  1m33.0s/9m00.0s

running (1m34.0s), 3819/4875 VUs, 33547 complete and 0 interrupted iterations
users   [  17% ] 3819/4875 VUs  1m34.0s/9m00.0s

running (1m35.0s), 3860/4875 VUs, 34332 complete and 0 interrupted iterations
users   [  18% ] 3860/4875 VUs  1m35.0s/9m00.0s

running (1m36.0s), 3900/4875 VUs, 35020 complete and 0 interrupted iterations
users   [  18% ] 3900/4875 VUs  1m36.0s/9m00.0s

running (1m37.0s), 3941/4875 VUs, 35777 complete and 0 interrupted iterations
users   [  18% ] 3941/4875 VUs  1m37.0s/9m00.0s

running (1m38.0s), 3982/4875 VUs, 36547 complete and 0 interrupted iterations
users   [  18% ] 3982/4875 VUs  1m38.0s/9m00.0s

running (1m39.0s), 4022/4875 VUs, 37331 complete and 0 interrupted iterations
users   [  18% ] 4022/4875 VUs  1m39.0s/9m00.0s

running (1m40.0s), 4063/4875 VUs, 38095 complete and 0 interrupted iterations
users   [  19% ] 4063/4875 VUs  1m40.0s/9m00.0s

running (1m41.0s), 4103/4875 VUs, 38885 complete and 0 interrupted iterations
users   [  19% ] 4103/4875 VUs  1m41.0s/9m00.0s

running (1m42.0s), 4144/4875 VUs, 39705 complete and 0 interrupted iterations
users   [  19% ] 4144/4875 VUs  1m42.0s/9m00.0s

running (1m43.0s), 4185/4875 VUs, 40486 complete and 0 interrupted iterations
users   [  19% ] 4185/4875 VUs  1m43.0s/9m00.0s

running (1m44.0s), 4225/4875 VUs, 41284 complete and 0 interrupted iterations
users   [  19% ] 4225/4875 VUs  1m44.0s/9m00.0s

running (1m45.0s), 4266/4875 VUs, 42136 complete and 0 interrupted iterations
users   [  19% ] 4266/4875 VUs  1m45.0s/9m00.0s

running (1m46.0s), 4307/4875 VUs, 42956 complete and 0 interrupted iterations
users   [  20% ] 4307/4875 VUs  1m46.0s/9m00.0s

running (1m47.0s), 4347/4875 VUs, 43785 complete and 0 interrupted iterations
users   [  20% ] 4347/4875 VUs  1m47.0s/9m00.0s

running (1m48.0s), 4388/4875 VUs, 44614 complete and 0 interrupted iterations
users   [  20% ] 4388/4875 VUs  1m48.0s/9m00.0s

running (1m49.0s), 4428/4875 VUs, 45486 complete and 0 interrupted iterations
users   [  20% ] 4428/4875 VUs  1m49.0s/9m00.0s

running (1m50.0s), 4469/4875 VUs, 46287 complete and 0 interrupted iterations
users   [  20% ] 4469/4875 VUs  1m50.0s/9m00.0s

running (1m51.0s), 4510/4875 VUs, 47178 complete and 0 interrupted iterations
users   [  21% ] 4510/4875 VUs  1m51.0s/9m00.0s

running (1m52.0s), 4550/4875 VUs, 48065 complete and 0 interrupted iterations
users   [  21% ] 4550/4875 VUs  1m52.0s/9m00.0s

running (1m53.0s), 4591/4875 VUs, 48998 complete and 0 interrupted iterations
users   [  21% ] 4591/4875 VUs  1m53.0s/9m00.0s

running (1m54.0s), 4632/4875 VUs, 49843 complete and 0 interrupted iterations
users   [  21% ] 4632/4875 VUs  1m54.0s/9m00.0s

running (1m55.0s), 4672/4875 VUs, 50727 complete and 0 interrupted iterations
users   [  21% ] 4672/4875 VUs  1m55.0s/9m00.0s

running (1m56.0s), 4713/4875 VUs, 51622 complete and 0 interrupted iterations
users   [  21% ] 4713/4875 VUs  1m56.0s/9m00.0s

running (1m57.0s), 4753/4875 VUs, 52549 complete and 0 interrupted iterations
users   [  22% ] 4753/4875 VUs  1m57.0s/9m00.0s

running (1m58.0s), 4794/4875 VUs, 53494 complete and 0 interrupted iterations
users   [  22% ] 4794/4875 VUs  1m58.0s/9m00.0s

running (1m59.0s), 4835/4875 VUs, 54423 complete and 0 interrupted iterations
users   [  22% ] 4835/4875 VUs  1m59.0s/9m00.0s

running (2m00.0s), 4875/4875 VUs, 55389 complete and 0 interrupted iterations
users   [  22% ] 4875/4875 VUs  2m00.0s/9m00.0s

running (2m01.0s), 4875/4875 VUs, 56315 complete and 0 interrupted iterations
users   [  22% ] 4875/4875 VUs  2m01.0s/9m00.0s

running (2m02.0s), 4875/4875 VUs, 57259 complete and 0 interrupted iterations
users   [  23% ] 4875/4875 VUs  2m02.0s/9m00.0s

running (2m03.0s), 4875/4875 VUs, 58229 complete and 0 interrupted iterations
users   [  23% ] 4875/4875 VUs  2m03.0s/9m00.0s

running (2m04.0s), 4875/4875 VUs, 59231 complete and 0 interrupted iterations
users   [  23% ] 4875/4875 VUs  2m04.0s/9m00.0s

running (2m05.0s), 4875/4875 VUs, 60175 complete and 0 interrupted iterations
users   [  23% ] 4875/4875 VUs  2m05.0s/9m00.0s

running (2m06.0s), 4875/4875 VUs, 61170 complete and 0 interrupted iterations
users   [  23% ] 4875/4875 VUs  2m06.0s/9m00.0s

running (2m07.0s), 4875/4875 VUs, 62115 complete and 0 interrupted iterations
users   [  24% ] 4875/4875 VUs  2m07.0s/9m00.0s

running (2m08.0s), 4875/4875 VUs, 63090 complete and 0 interrupted iterations
users   [  24% ] 4875/4875 VUs  2m08.0s/9m00.0s

running (2m09.0s), 4875/4875 VUs, 64057 complete and 0 interrupted iterations
users   [  24% ] 4875/4875 VUs  2m09.0s/9m00.0s

running (2m10.0s), 4875/4875 VUs, 64972 complete and 0 interrupted iterations
users   [  24% ] 4875/4875 VUs  2m10.0s/9m00.0s

running (2m11.0s), 4875/4875 VUs, 65920 complete and 0 interrupted iterations
users   [  24% ] 4875/4875 VUs  2m11.0s/9m00.0s

running (2m12.0s), 4875/4875 VUs, 66932 complete and 0 interrupted iterations
users   [  24% ] 4875/4875 VUs  2m12.0s/9m00.0s

running (2m13.0s), 4875/4875 VUs, 67893 complete and 0 interrupted iterations
users   [  25% ] 4875/4875 VUs  2m13.0s/9m00.0s

running (2m14.0s), 4875/4875 VUs, 68834 complete and 0 interrupted iterations
users   [  25% ] 4875/4875 VUs  2m14.0s/9m00.0s

running (2m15.0s), 4875/4875 VUs, 69853 complete and 0 interrupted iterations
users   [  25% ] 4875/4875 VUs  2m15.0s/9m00.0s

running (2m16.0s), 4875/4875 VUs, 70811 complete and 0 interrupted iterations
users   [  25% ] 4875/4875 VUs  2m16.0s/9m00.0s

running (2m17.0s), 4875/4875 VUs, 71725 complete and 0 interrupted iterations
users   [  25% ] 4875/4875 VUs  2m17.0s/9m00.0s

running (2m18.0s), 4875/4875 VUs, 72703 complete and 0 interrupted iterations
users   [  26% ] 4875/4875 VUs  2m18.0s/9m00.0s

running (2m19.0s), 4875/4875 VUs, 73727 complete and 0 interrupted iterations
users   [  26% ] 4875/4875 VUs  2m19.0s/9m00.0s

running (2m20.0s), 4875/4875 VUs, 74698 complete and 0 interrupted iterations
users   [  26% ] 4875/4875 VUs  2m20.0s/9m00.0s

running (2m21.0s), 4875/4875 VUs, 75648 complete and 0 interrupted iterations
users   [  26% ] 4875/4875 VUs  2m21.0s/9m00.0s

running (2m22.0s), 4875/4875 VUs, 76589 complete and 0 interrupted iterations
users   [  26% ] 4875/4875 VUs  2m22.0s/9m00.0s

running (2m23.0s), 4875/4875 VUs, 77572 complete and 0 interrupted iterations
users   [  26% ] 4875/4875 VUs  2m23.0s/9m00.0s

running (2m24.0s), 4875/4875 VUs, 78557 complete and 0 interrupted iterations
users   [  27% ] 4875/4875 VUs  2m24.0s/9m00.0s

running (2m25.0s), 4875/4875 VUs, 79500 complete and 0 interrupted iterations
users   [  27% ] 4875/4875 VUs  2m25.0s/9m00.0s

running (2m26.0s), 4875/4875 VUs, 80477 complete and 0 interrupted iterations
users   [  27% ] 4875/4875 VUs  2m26.0s/9m00.0s

running (2m27.0s), 4875/4875 VUs, 81427 complete and 0 interrupted iterations
users   [  27% ] 4875/4875 VUs  2m27.0s/9m00.0s

running (2m28.0s), 4875/4875 VUs, 82362 complete and 0 interrupted iterations
users   [  27% ] 4875/4875 VUs  2m28.0s/9m00.0s

running (2m29.0s), 4875/4875 VUs, 83347 complete and 0 interrupted iterations
users   [  28% ] 4875/4875 VUs  2m29.0s/9m00.0s

running (2m30.0s), 4875/4875 VUs, 84295 complete and 0 interrupted iterations
users   [  28% ] 4875/4875 VUs  2m30.0s/9m00.0s

running (2m31.0s), 4875/4875 VUs, 85272 complete and 0 interrupted iterations
users   [  28% ] 4875/4875 VUs  2m31.0s/9m00.0s

running (2m32.0s), 4875/4875 VUs, 86255 complete and 0 interrupted iterations
users   [  28% ] 4875/4875 VUs  2m32.0s/9m00.0s

running (2m33.0s), 4875/4875 VUs, 87244 complete and 0 interrupted iterations
users   [  28% ] 4875/4875 VUs  2m33.0s/9m00.0s

running (2m34.0s), 4875/4875 VUs, 88158 complete and 0 interrupted iterations
users   [  29% ] 4875/4875 VUs  2m34.0s/9m00.0s

running (2m35.0s), 4875/4875 VUs, 89159 complete and 0 interrupted iterations
users   [  29% ] 4875/4875 VUs  2m35.0s/9m00.0s

running (2m36.0s), 4875/4875 VUs, 90161 complete and 0 interrupted iterations
users   [  29% ] 4875/4875 VUs  2m36.0s/9m00.0s

running (2m37.0s), 4875/4875 VUs, 91115 complete and 0 interrupted iterations
users   [  29% ] 4875/4875 VUs  2m37.0s/9m00.0s

running (2m38.0s), 4875/4875 VUs, 92068 complete and 0 interrupted iterations
users   [  29% ] 4875/4875 VUs  2m38.0s/9m00.0s

running (2m39.0s), 4875/4875 VUs, 93024 complete and 0 interrupted iterations
users   [  29% ] 4875/4875 VUs  2m39.0s/9m00.0s

running (2m40.0s), 4875/4875 VUs, 93980 complete and 0 interrupted iterations
users   [  30% ] 4875/4875 VUs  2m40.0s/9m00.0s

running (2m41.0s), 4875/4875 VUs, 94973 complete and 0 interrupted iterations
users   [  30% ] 4875/4875 VUs  2m41.0s/9m00.0s

running (2m42.0s), 4875/4875 VUs, 95901 complete and 0 interrupted iterations
users   [  30% ] 4875/4875 VUs  2m42.0s/9m00.0s

running (2m43.0s), 4875/4875 VUs, 96846 complete and 0 interrupted iterations
users   [  30% ] 4875/4875 VUs  2m43.0s/9m00.0s

running (2m44.0s), 4875/4875 VUs, 97847 complete and 0 interrupted iterations
users   [  30% ] 4875/4875 VUs  2m44.0s/9m00.0s

running (2m45.0s), 4875/4875 VUs, 98812 complete and 0 interrupted iterations
users   [  31% ] 4875/4875 VUs  2m45.0s/9m00.0s

running (2m46.0s), 4875/4875 VUs, 99750 complete and 0 interrupted iterations
users   [  31% ] 4875/4875 VUs  2m46.0s/9m00.0s

running (2m47.0s), 4875/4875 VUs, 100703 complete and 0 interrupted iterations
users   [  31% ] 4875/4875 VUs  2m47.0s/9m00.0s

running (2m48.0s), 4875/4875 VUs, 101668 complete and 0 interrupted iterations
users   [  31% ] 4875/4875 VUs  2m48.0s/9m00.0s

running (2m49.0s), 4875/4875 VUs, 102597 complete and 0 interrupted iterations
users   [  31% ] 4875/4875 VUs  2m49.0s/9m00.0s

running (2m50.0s), 4875/4875 VUs, 103559 complete and 0 interrupted iterations
users   [  31% ] 4875/4875 VUs  2m50.0s/9m00.0s

running (2m51.0s), 4875/4875 VUs, 104572 complete and 0 interrupted iterations
users   [  32% ] 4875/4875 VUs  2m51.0s/9m00.0s

running (2m52.0s), 4875/4875 VUs, 105531 complete and 0 interrupted iterations
users   [  32% ] 4875/4875 VUs  2m52.0s/9m00.0s

running (2m53.0s), 4875/4875 VUs, 106488 complete and 0 interrupted iterations
users   [  32% ] 4875/4875 VUs  2m53.0s/9m00.0s

running (2m54.0s), 4875/4875 VUs, 107432 complete and 0 interrupted iterations
users   [  32% ] 4875/4875 VUs  2m54.0s/9m00.0s

running (2m55.0s), 4875/4875 VUs, 108415 complete and 0 interrupted iterations
users   [  32% ] 4875/4875 VUs  2m55.0s/9m00.0s

running (2m56.0s), 4875/4875 VUs, 109341 complete and 0 interrupted iterations
users   [  33% ] 4875/4875 VUs  2m56.0s/9m00.0s

running (2m57.0s), 4875/4875 VUs, 110316 complete and 0 interrupted iterations
users   [  33% ] 4875/4875 VUs  2m57.0s/9m00.0s

running (2m58.0s), 4875/4875 VUs, 111315 complete and 0 interrupted iterations
users   [  33% ] 4875/4875 VUs  2m58.0s/9m00.0s

running (2m59.0s), 4875/4875 VUs, 112313 complete and 0 interrupted iterations
users   [  33% ] 4875/4875 VUs  2m59.0s/9m00.0s

running (3m00.0s), 4875/4875 VUs, 113254 complete and 0 interrupted iterations
users   [  33% ] 4875/4875 VUs  3m00.0s/9m00.0s

running (3m01.0s), 4875/4875 VUs, 114221 complete and 0 interrupted iterations
users   [  34% ] 4875/4875 VUs  3m01.0s/9m00.0s

running (3m02.0s), 4875/4875 VUs, 115157 complete and 0 interrupted iterations
users   [  34% ] 4875/4875 VUs  3m02.0s/9m00.0s

running (3m03.0s), 4875/4875 VUs, 116096 complete and 0 interrupted iterations
users   [  34% ] 4875/4875 VUs  3m03.0s/9m00.0s

running (3m04.0s), 4875/4875 VUs, 117108 complete and 0 interrupted iterations
users   [  34% ] 4875/4875 VUs  3m04.0s/9m00.0s

running (3m05.0s), 4875/4875 VUs, 118095 complete and 0 interrupted iterations
users   [  34% ] 4875/4875 VUs  3m05.0s/9m00.0s

running (3m06.0s), 4875/4875 VUs, 119054 complete and 0 interrupted iterations
users   [  34% ] 4875/4875 VUs  3m06.0s/9m00.0s

running (3m07.0s), 4875/4875 VUs, 119974 complete and 0 interrupted iterations
users   [  35% ] 4875/4875 VUs  3m07.0s/9m00.0s

running (3m08.0s), 4875/4875 VUs, 120945 complete and 0 interrupted iterations
users   [  35% ] 4875/4875 VUs  3m08.0s/9m00.0s

running (3m09.0s), 4875/4875 VUs, 121934 complete and 0 interrupted iterations
users   [  35% ] 4875/4875 VUs  3m09.0s/9m00.0s

running (3m10.0s), 4875/4875 VUs, 122871 complete and 0 interrupted iterations
users   [  35% ] 4875/4875 VUs  3m10.0s/9m00.0s

running (3m11.0s), 4875/4875 VUs, 123871 complete and 0 interrupted iterations
users   [  35% ] 4875/4875 VUs  3m11.0s/9m00.0s

running (3m12.0s), 4875/4875 VUs, 124821 complete and 0 interrupted iterations
users   [  36% ] 4875/4875 VUs  3m12.0s/9m00.0s

running (3m13.0s), 4875/4875 VUs, 125765 complete and 0 interrupted iterations
users   [  36% ] 4875/4875 VUs  3m13.0s/9m00.0s

running (3m14.0s), 4875/4875 VUs, 126753 complete and 0 interrupted iterations
users   [  36% ] 4875/4875 VUs  3m14.0s/9m00.0s

running (3m15.0s), 4875/4875 VUs, 127702 complete and 0 interrupted iterations
users   [  36% ] 4875/4875 VUs  3m15.0s/9m00.0s

running (3m16.0s), 4875/4875 VUs, 128703 complete and 0 interrupted iterations
users   [  36% ] 4875/4875 VUs  3m16.0s/9m00.0s

running (3m17.0s), 4875/4875 VUs, 129700 complete and 0 interrupted iterations
users   [  36% ] 4875/4875 VUs  3m17.0s/9m00.0s

running (3m18.0s), 4875/4875 VUs, 130664 complete and 0 interrupted iterations
users   [  37% ] 4875/4875 VUs  3m18.0s/9m00.0s

running (3m19.0s), 4875/4875 VUs, 131603 complete and 0 interrupted iterations
users   [  37% ] 4875/4875 VUs  3m19.0s/9m00.0s

running (3m20.0s), 4875/4875 VUs, 132566 complete and 0 interrupted iterations
users   [  37% ] 4875/4875 VUs  3m20.0s/9m00.0s

running (3m21.0s), 4875/4875 VUs, 133493 complete and 0 interrupted iterations
users   [  37% ] 4875/4875 VUs  3m21.0s/9m00.0s

running (3m22.0s), 4875/4875 VUs, 134470 complete and 0 interrupted iterations
users   [  37% ] 4875/4875 VUs  3m22.0s/9m00.0s

running (3m23.0s), 4875/4875 VUs, 135456 complete and 0 interrupted iterations
users   [  38% ] 4875/4875 VUs  3m23.0s/9m00.0s

running (3m24.0s), 4875/4875 VUs, 136408 complete and 0 interrupted iterations
users   [  38% ] 4875/4875 VUs  3m24.0s/9m00.0s

running (3m25.0s), 4875/4875 VUs, 137349 complete and 0 interrupted iterations
users   [  38% ] 4875/4875 VUs  3m25.0s/9m00.0s

running (3m26.0s), 4875/4875 VUs, 138346 complete and 0 interrupted iterations
users   [  38% ] 4875/4875 VUs  3m26.0s/9m00.0s

running (3m27.0s), 4875/4875 VUs, 139282 complete and 0 interrupted iterations
users   [  38% ] 4875/4875 VUs  3m27.0s/9m00.0s

running (3m28.0s), 4875/4875 VUs, 140243 complete and 0 interrupted iterations
users   [  39% ] 4875/4875 VUs  3m28.0s/9m00.0s

running (3m29.0s), 4875/4875 VUs, 141198 complete and 0 interrupted iterations
users   [  39% ] 4875/4875 VUs  3m29.0s/9m00.0s

running (3m30.0s), 4875/4875 VUs, 142151 complete and 0 interrupted iterations
users   [  39% ] 4875/4875 VUs  3m30.0s/9m00.0s

running (3m31.0s), 4875/4875 VUs, 143146 complete and 0 interrupted iterations
users   [  39% ] 4875/4875 VUs  3m31.0s/9m00.0s

running (3m32.0s), 4875/4875 VUs, 144079 complete and 0 interrupted iterations
users   [  39% ] 4875/4875 VUs  3m32.0s/9m00.0s

running (3m33.0s), 4875/4875 VUs, 145070 complete and 0 interrupted iterations
users   [  39% ] 4875/4875 VUs  3m33.0s/9m00.0s

running (3m34.0s), 4875/4875 VUs, 146019 complete and 0 interrupted iterations
users   [  40% ] 4875/4875 VUs  3m34.0s/9m00.0s

running (3m35.0s), 4875/4875 VUs, 146993 complete and 0 interrupted iterations
users   [  40% ] 4875/4875 VUs  3m35.0s/9m00.0s

running (3m36.0s), 4875/4875 VUs, 147943 complete and 0 interrupted iterations
users   [  40% ] 4875/4875 VUs  3m36.0s/9m00.0s

running (3m37.0s), 4875/4875 VUs, 148921 complete and 0 interrupted iterations
users   [  40% ] 4875/4875 VUs  3m37.0s/9m00.0s

running (3m38.0s), 4875/4875 VUs, 149881 complete and 0 interrupted iterations
users   [  40% ] 4875/4875 VUs  3m38.0s/9m00.0s

running (3m39.0s), 4875/4875 VUs, 150842 complete and 0 interrupted iterations
users   [  41% ] 4875/4875 VUs  3m39.0s/9m00.0s

running (3m40.0s), 4875/4875 VUs, 151825 complete and 0 interrupted iterations
users   [  41% ] 4875/4875 VUs  3m40.0s/9m00.0s

running (3m41.0s), 4875/4875 VUs, 152781 complete and 0 interrupted iterations
users   [  41% ] 4875/4875 VUs  3m41.0s/9m00.0s

running (3m42.0s), 4875/4875 VUs, 153711 complete and 0 interrupted iterations
users   [  41% ] 4875/4875 VUs  3m42.0s/9m00.0s

running (3m43.0s), 4875/4875 VUs, 154666 complete and 0 interrupted iterations
users   [  41% ] 4875/4875 VUs  3m43.0s/9m00.0s

running (3m44.0s), 4875/4875 VUs, 155633 complete and 0 interrupted iterations
users   [  41% ] 4875/4875 VUs  3m44.0s/9m00.0s

running (3m45.0s), 4875/4875 VUs, 156656 complete and 0 interrupted iterations
users   [  42% ] 4875/4875 VUs  3m45.0s/9m00.0s

running (3m46.0s), 4875/4875 VUs, 157553 complete and 0 interrupted iterations
users   [  42% ] 4875/4875 VUs  3m46.0s/9m00.0s

running (3m47.0s), 4875/4875 VUs, 158548 complete and 0 interrupted iterations
users   [  42% ] 4875/4875 VUs  3m47.0s/9m00.0s

running (3m48.0s), 4875/4875 VUs, 159503 complete and 0 interrupted iterations
users   [  42% ] 4875/4875 VUs  3m48.0s/9m00.0s

running (3m49.0s), 4875/4875 VUs, 160446 complete and 0 interrupted iterations
users   [  42% ] 4875/4875 VUs  3m49.0s/9m00.0s

running (3m50.0s), 4875/4875 VUs, 161439 complete and 0 interrupted iterations
users   [  43% ] 4875/4875 VUs  3m50.0s/9m00.0s

running (3m51.0s), 4875/4875 VUs, 162394 complete and 0 interrupted iterations
users   [  43% ] 4875/4875 VUs  3m51.0s/9m00.0s

running (3m52.0s), 4875/4875 VUs, 163316 complete and 0 interrupted iterations
users   [  43% ] 4875/4875 VUs  3m52.0s/9m00.0s

running (3m53.0s), 4875/4875 VUs, 164304 complete and 0 interrupted iterations
users   [  43% ] 4875/4875 VUs  3m53.0s/9m00.0s

running (3m54.0s), 4875/4875 VUs, 165269 complete and 0 interrupted iterations
users   [  43% ] 4875/4875 VUs  3m54.0s/9m00.0s

running (3m55.0s), 4875/4875 VUs, 166232 complete and 0 interrupted iterations
users   [  44% ] 4875/4875 VUs  3m55.0s/9m00.0s

running (3m56.0s), 4875/4875 VUs, 167273 complete and 0 interrupted iterations
users   [  44% ] 4875/4875 VUs  3m56.0s/9m00.0s

running (3m57.0s), 4875/4875 VUs, 168237 complete and 0 interrupted iterations
users   [  44% ] 4875/4875 VUs  3m57.0s/9m00.0s

running (3m58.0s), 4875/4875 VUs, 169123 complete and 0 interrupted iterations
users   [  44% ] 4875/4875 VUs  3m58.0s/9m00.0s

running (3m59.0s), 4875/4875 VUs, 170058 complete and 0 interrupted iterations
users   [  44% ] 4875/4875 VUs  3m59.0s/9m00.0s

running (4m00.0s), 4875/4875 VUs, 171042 complete and 0 interrupted iterations
users   [  44% ] 4875/4875 VUs  4m00.0s/9m00.0s

running (4m01.0s), 4875/4875 VUs, 171988 complete and 0 interrupted iterations
users   [  45% ] 4875/4875 VUs  4m01.0s/9m00.0s

running (4m02.0s), 4875/4875 VUs, 172995 complete and 0 interrupted iterations
users   [  45% ] 4875/4875 VUs  4m02.0s/9m00.0s

running (4m03.0s), 4875/4875 VUs, 173966 complete and 0 interrupted iterations
users   [  45% ] 4875/4875 VUs  4m03.0s/9m00.0s

running (4m04.0s), 4875/4875 VUs, 174905 complete and 0 interrupted iterations
users   [  45% ] 4875/4875 VUs  4m04.0s/9m00.0s

running (4m05.0s), 4875/4875 VUs, 175852 complete and 0 interrupted iterations
users   [  45% ] 4875/4875 VUs  4m05.0s/9m00.0s

running (4m06.0s), 4875/4875 VUs, 176802 complete and 0 interrupted iterations
users   [  46% ] 4875/4875 VUs  4m06.0s/9m00.0s

running (4m07.0s), 4875/4875 VUs, 177825 complete and 0 interrupted iterations
users   [  46% ] 4875/4875 VUs  4m07.0s/9m00.0s

running (4m08.0s), 4875/4875 VUs, 178738 complete and 0 interrupted iterations
users   [  46% ] 4875/4875 VUs  4m08.0s/9m00.0s

running (4m09.0s), 4875/4875 VUs, 179748 complete and 0 interrupted iterations
users   [  46% ] 4875/4875 VUs  4m09.0s/9m00.0s

running (4m10.0s), 4875/4875 VUs, 180695 complete and 0 interrupted iterations
users   [  46% ] 4875/4875 VUs  4m10.0s/9m00.0s

running (4m11.0s), 4875/4875 VUs, 181624 complete and 0 interrupted iterations
users   [  46% ] 4875/4875 VUs  4m11.0s/9m00.0s

running (4m12.0s), 4875/4875 VUs, 182548 complete and 0 interrupted iterations
users   [  47% ] 4875/4875 VUs  4m12.0s/9m00.0s

running (4m13.0s), 4875/4875 VUs, 183529 complete and 0 interrupted iterations
users   [  47% ] 4875/4875 VUs  4m13.0s/9m00.0s

running (4m14.0s), 4875/4875 VUs, 184484 complete and 0 interrupted iterations
users   [  47% ] 4875/4875 VUs  4m14.0s/9m00.0s

running (4m15.0s), 4875/4875 VUs, 185461 complete and 0 interrupted iterations
users   [  47% ] 4875/4875 VUs  4m15.0s/9m00.0s

running (4m16.0s), 4875/4875 VUs, 186325 complete and 0 interrupted iterations
users   [  47% ] 4875/4875 VUs  4m16.0s/9m00.0s

running (4m17.0s), 4875/4875 VUs, 187066 complete and 0 interrupted iterations
users   [  48% ] 4875/4875 VUs  4m17.0s/9m00.0s

running (4m18.0s), 4875/4875 VUs, 187583 complete and 0 interrupted iterations
users   [  48% ] 4875/4875 VUs  4m18.0s/9m00.0s

running (4m19.0s), 4875/4875 VUs, 188042 complete and 0 interrupted iterations
users   [  48% ] 4875/4875 VUs  4m19.0s/9m00.0s

running (4m20.0s), 4875/4875 VUs, 188590 complete and 0 interrupted iterations
users   [  48% ] 4875/4875 VUs  4m20.0s/9m00.0s

running (4m21.0s), 4875/4875 VUs, 189277 complete and 0 interrupted iterations
users   [  48% ] 4875/4875 VUs  4m21.0s/9m00.0s

running (4m22.0s), 4875/4875 VUs, 190224 complete and 0 interrupted iterations
users   [  49% ] 4875/4875 VUs  4m22.0s/9m00.0s

running (4m23.0s), 4875/4875 VUs, 191286 complete and 0 interrupted iterations
users   [  49% ] 4875/4875 VUs  4m23.0s/9m00.0s

running (4m24.0s), 4875/4875 VUs, 192327 complete and 0 interrupted iterations
users   [  49% ] 4875/4875 VUs  4m24.0s/9m00.0s

running (4m25.0s), 4875/4875 VUs, 193327 complete and 0 interrupted iterations
users   [  49% ] 4875/4875 VUs  4m25.0s/9m00.0s

running (4m26.0s), 4875/4875 VUs, 194260 complete and 0 interrupted iterations
users   [  49% ] 4875/4875 VUs  4m26.0s/9m00.0s

running (4m27.0s), 4875/4875 VUs, 195120 complete and 0 interrupted iterations
users   [  49% ] 4875/4875 VUs  4m27.0s/9m00.0s

running (4m28.0s), 4875/4875 VUs, 196125 complete and 0 interrupted iterations
users   [  50% ] 4875/4875 VUs  4m28.0s/9m00.0s

running (4m29.0s), 4875/4875 VUs, 197116 complete and 0 interrupted iterations
users   [  50% ] 4875/4875 VUs  4m29.0s/9m00.0s

running (4m30.0s), 4875/4875 VUs, 198057 complete and 0 interrupted iterations
users   [  50% ] 4875/4875 VUs  4m30.0s/9m00.0s

running (4m31.0s), 4875/4875 VUs, 199010 complete and 0 interrupted iterations
users   [  50% ] 4875/4875 VUs  4m31.0s/9m00.0s

running (4m32.0s), 4875/4875 VUs, 200022 complete and 0 interrupted iterations
users   [  50% ] 4875/4875 VUs  4m32.0s/9m00.0s

running (4m33.0s), 4875/4875 VUs, 200989 complete and 0 interrupted iterations
users   [  51% ] 4875/4875 VUs  4m33.0s/9m00.0s

running (4m34.0s), 4875/4875 VUs, 201952 complete and 0 interrupted iterations
users   [  51% ] 4875/4875 VUs  4m34.0s/9m00.0s

running (4m35.0s), 4875/4875 VUs, 202875 complete and 0 interrupted iterations
users   [  51% ] 4875/4875 VUs  4m35.0s/9m00.0s

running (4m36.0s), 4875/4875 VUs, 203880 complete and 0 interrupted iterations
users   [  51% ] 4875/4875 VUs  4m36.0s/9m00.0s

running (4m37.0s), 4875/4875 VUs, 204884 complete and 0 interrupted iterations
users   [  51% ] 4875/4875 VUs  4m37.0s/9m00.0s

running (4m38.0s), 4875/4875 VUs, 205825 complete and 0 interrupted iterations
users   [  51% ] 4875/4875 VUs  4m38.0s/9m00.0s

running (4m39.0s), 4875/4875 VUs, 206774 complete and 0 interrupted iterations
users   [  52% ] 4875/4875 VUs  4m39.0s/9m00.0s

running (4m40.0s), 4875/4875 VUs, 207770 complete and 0 interrupted iterations
users   [  52% ] 4875/4875 VUs  4m40.0s/9m00.0s

running (4m41.0s), 4875/4875 VUs, 208740 complete and 0 interrupted iterations
users   [  52% ] 4875/4875 VUs  4m41.0s/9m00.0s

running (4m42.0s), 4875/4875 VUs, 209661 complete and 0 interrupted iterations
users   [  52% ] 4875/4875 VUs  4m42.0s/9m00.0s

running (4m43.0s), 4875/4875 VUs, 210656 complete and 0 interrupted iterations
users   [  52% ] 4875/4875 VUs  4m43.0s/9m00.0s

running (4m44.0s), 4875/4875 VUs, 211600 complete and 0 interrupted iterations
users   [  53% ] 4875/4875 VUs  4m44.0s/9m00.0s

running (4m45.0s), 4875/4875 VUs, 212565 complete and 0 interrupted iterations
users   [  53% ] 4875/4875 VUs  4m45.0s/9m00.0s

running (4m46.0s), 4875/4875 VUs, 213546 complete and 0 interrupted iterations
users   [  53% ] 4875/4875 VUs  4m46.0s/9m00.0s

running (4m47.0s), 4875/4875 VUs, 214518 complete and 0 interrupted iterations
users   [  53% ] 4875/4875 VUs  4m47.0s/9m00.0s

running (4m48.0s), 4875/4875 VUs, 215437 complete and 0 interrupted iterations
users   [  53% ] 4875/4875 VUs  4m48.0s/9m00.0s

running (4m49.0s), 4875/4875 VUs, 216432 complete and 0 interrupted iterations
users   [  54% ] 4875/4875 VUs  4m49.0s/9m00.0s

running (4m50.0s), 4875/4875 VUs, 217418 complete and 0 interrupted iterations
users   [  54% ] 4875/4875 VUs  4m50.0s/9m00.0s

running (4m51.0s), 4875/4875 VUs, 218410 complete and 0 interrupted iterations
users   [  54% ] 4875/4875 VUs  4m51.0s/9m00.0s

running (4m52.0s), 4875/4875 VUs, 219320 complete and 0 interrupted iterations
users   [  54% ] 4875/4875 VUs  4m52.0s/9m00.0s

running (4m53.0s), 4875/4875 VUs, 220278 complete and 0 interrupted iterations
users   [  54% ] 4875/4875 VUs  4m53.0s/9m00.0s

running (4m54.0s), 4875/4875 VUs, 221258 complete and 0 interrupted iterations
users   [  54% ] 4875/4875 VUs  4m54.0s/9m00.0s

running (4m55.0s), 4875/4875 VUs, 222195 complete and 0 interrupted iterations
users   [  55% ] 4875/4875 VUs  4m55.0s/9m00.0s

running (4m56.0s), 4875/4875 VUs, 223111 complete and 0 interrupted iterations
users   [  55% ] 4875/4875 VUs  4m56.0s/9m00.0s

running (4m57.0s), 4875/4875 VUs, 224091 complete and 0 interrupted iterations
users   [  55% ] 4875/4875 VUs  4m57.0s/9m00.0s

running (4m58.0s), 4875/4875 VUs, 225135 complete and 0 interrupted iterations
users   [  55% ] 4875/4875 VUs  4m58.0s/9m00.0s

running (4m59.0s), 4875/4875 VUs, 226066 complete and 0 interrupted iterations
users   [  55% ] 4875/4875 VUs  4m59.0s/9m00.0s

running (5m00.0s), 4875/4875 VUs, 227016 complete and 0 interrupted iterations
users   [  56% ] 4875/4875 VUs  5m00.0s/9m00.0s

running (5m01.0s), 4875/4875 VUs, 227953 complete and 0 interrupted iterations
users   [  56% ] 4875/4875 VUs  5m01.0s/9m00.0s

running (5m02.0s), 4875/4875 VUs, 228901 complete and 0 interrupted iterations
users   [  56% ] 4875/4875 VUs  5m02.0s/9m00.0s

running (5m03.0s), 4875/4875 VUs, 229862 complete and 0 interrupted iterations
users   [  56% ] 4875/4875 VUs  5m03.0s/9m00.0s

running (5m04.0s), 4875/4875 VUs, 230834 complete and 0 interrupted iterations
users   [  56% ] 4875/4875 VUs  5m04.0s/9m00.0s

running (5m05.0s), 4875/4875 VUs, 231842 complete and 0 interrupted iterations
users   [  56% ] 4875/4875 VUs  5m05.0s/9m00.0s

running (5m06.0s), 4875/4875 VUs, 232809 complete and 0 interrupted iterations
users   [  57% ] 4875/4875 VUs  5m06.0s/9m00.0s

running (5m07.0s), 4875/4875 VUs, 233753 complete and 0 interrupted iterations
users   [  57% ] 4875/4875 VUs  5m07.0s/9m00.0s

running (5m08.0s), 4875/4875 VUs, 234700 complete and 0 interrupted iterations
users   [  57% ] 4875/4875 VUs  5m08.0s/9m00.0s

running (5m09.0s), 4875/4875 VUs, 235629 complete and 0 interrupted iterations
users   [  57% ] 4875/4875 VUs  5m09.0s/9m00.0s

running (5m10.0s), 4875/4875 VUs, 236626 complete and 0 interrupted iterations
users   [  57% ] 4875/4875 VUs  5m10.0s/9m00.0s

running (5m11.0s), 4875/4875 VUs, 237578 complete and 0 interrupted iterations
users   [  58% ] 4875/4875 VUs  5m11.0s/9m00.0s

running (5m12.0s), 4875/4875 VUs, 238523 complete and 0 interrupted iterations
users   [  58% ] 4875/4875 VUs  5m12.0s/9m00.0s

running (5m13.0s), 4875/4875 VUs, 239484 complete and 0 interrupted iterations
users   [  58% ] 4875/4875 VUs  5m13.0s/9m00.0s

running (5m14.0s), 4875/4875 VUs, 240452 complete and 0 interrupted iterations
users   [  58% ] 4875/4875 VUs  5m14.0s/9m00.0s

running (5m15.0s), 4875/4875 VUs, 241457 complete and 0 interrupted iterations
users   [  58% ] 4875/4875 VUs  5m15.0s/9m00.0s

running (5m16.0s), 4875/4875 VUs, 242428 complete and 0 interrupted iterations
users   [  59% ] 4875/4875 VUs  5m16.0s/9m00.0s

running (5m17.0s), 4875/4875 VUs, 243319 complete and 0 interrupted iterations
users   [  59% ] 4875/4875 VUs  5m17.0s/9m00.0s

running (5m18.0s), 4875/4875 VUs, 244293 complete and 0 interrupted iterations
users   [  59% ] 4875/4875 VUs  5m18.0s/9m00.0s

running (5m19.0s), 4875/4875 VUs, 245284 complete and 0 interrupted iterations
users   [  59% ] 4875/4875 VUs  5m19.0s/9m00.0s

running (5m20.0s), 4875/4875 VUs, 246278 complete and 0 interrupted iterations
users   [  59% ] 4875/4875 VUs  5m20.0s/9m00.0s

running (5m21.0s), 4875/4875 VUs, 247205 complete and 0 interrupted iterations
users   [  59% ] 4875/4875 VUs  5m21.0s/9m00.0s

running (5m22.0s), 4875/4875 VUs, 248171 complete and 0 interrupted iterations
users   [  60% ] 4875/4875 VUs  5m22.0s/9m00.0s

running (5m23.0s), 4875/4875 VUs, 249112 complete and 0 interrupted iterations
users   [  60% ] 4875/4875 VUs  5m23.0s/9m00.0s

running (5m24.0s), 4875/4875 VUs, 250104 complete and 0 interrupted iterations
users   [  60% ] 4875/4875 VUs  5m24.0s/9m00.0s

running (5m25.0s), 4875/4875 VUs, 251008 complete and 0 interrupted iterations
users   [  60% ] 4875/4875 VUs  5m25.0s/9m00.0s

running (5m26.0s), 4875/4875 VUs, 251980 complete and 0 interrupted iterations
users   [  60% ] 4875/4875 VUs  5m26.0s/9m00.0s

running (5m27.0s), 4875/4875 VUs, 252914 complete and 0 interrupted iterations
users   [  61% ] 4875/4875 VUs  5m27.0s/9m00.0s

running (5m28.0s), 4875/4875 VUs, 253873 complete and 0 interrupted iterations
users   [  61% ] 4875/4875 VUs  5m28.0s/9m00.0s

running (5m29.0s), 4875/4875 VUs, 254754 complete and 0 interrupted iterations
users   [  61% ] 4875/4875 VUs  5m29.0s/9m00.0s

running (5m30.0s), 4875/4875 VUs, 255586 complete and 0 interrupted iterations
users   [  61% ] 4875/4875 VUs  5m30.0s/9m00.0s

running (5m31.0s), 4875/4875 VUs, 256532 complete and 0 interrupted iterations
users   [  61% ] 4875/4875 VUs  5m31.0s/9m00.0s

running (5m32.0s), 4875/4875 VUs, 257498 complete and 0 interrupted iterations
users   [  61% ] 4875/4875 VUs  5m32.0s/9m00.0s

running (5m33.0s), 4875/4875 VUs, 258413 complete and 0 interrupted iterations
users   [  62% ] 4875/4875 VUs  5m33.0s/9m00.0s

running (5m34.0s), 4875/4875 VUs, 259424 complete and 0 interrupted iterations
users   [  62% ] 4875/4875 VUs  5m34.0s/9m00.0s

running (5m35.0s), 4875/4875 VUs, 260470 complete and 0 interrupted iterations
users   [  62% ] 4875/4875 VUs  5m35.0s/9m00.0s

running (5m36.0s), 4875/4875 VUs, 261399 complete and 0 interrupted iterations
users   [  62% ] 4875/4875 VUs  5m36.0s/9m00.0s

running (5m37.0s), 4875/4875 VUs, 262324 complete and 0 interrupted iterations
users   [  62% ] 4875/4875 VUs  5m37.0s/9m00.0s

running (5m38.0s), 4875/4875 VUs, 263297 complete and 0 interrupted iterations
users   [  63% ] 4875/4875 VUs  5m38.0s/9m00.0s

running (5m39.0s), 4875/4875 VUs, 264243 complete and 0 interrupted iterations
users   [  63% ] 4875/4875 VUs  5m39.0s/9m00.0s

running (5m40.0s), 4875/4875 VUs, 265249 complete and 0 interrupted iterations
users   [  63% ] 4875/4875 VUs  5m40.0s/9m00.0s

running (5m41.0s), 4875/4875 VUs, 266229 complete and 0 interrupted iterations
users   [  63% ] 4875/4875 VUs  5m41.0s/9m00.0s

running (5m42.0s), 4875/4875 VUs, 267211 complete and 0 interrupted iterations
users   [  63% ] 4875/4875 VUs  5m42.0s/9m00.0s

running (5m43.0s), 4875/4875 VUs, 268156 complete and 0 interrupted iterations
users   [  64% ] 4875/4875 VUs  5m43.0s/9m00.0s

running (5m44.0s), 4875/4875 VUs, 269105 complete and 0 interrupted iterations
users   [  64% ] 4875/4875 VUs  5m44.0s/9m00.0s

running (5m45.0s), 4875/4875 VUs, 270073 complete and 0 interrupted iterations
users   [  64% ] 4875/4875 VUs  5m45.0s/9m00.0s

running (5m46.0s), 4875/4875 VUs, 271035 complete and 0 interrupted iterations
users   [  64% ] 4875/4875 VUs  5m46.0s/9m00.0s

running (5m47.0s), 4875/4875 VUs, 271987 complete and 0 interrupted iterations
users   [  64% ] 4875/4875 VUs  5m47.0s/9m00.0s

running (5m48.0s), 4875/4875 VUs, 272961 complete and 0 interrupted iterations
users   [  64% ] 4875/4875 VUs  5m48.0s/9m00.0s

running (5m49.0s), 4875/4875 VUs, 273939 complete and 0 interrupted iterations
users   [  65% ] 4875/4875 VUs  5m49.0s/9m00.0s

running (5m50.0s), 4875/4875 VUs, 274927 complete and 0 interrupted iterations
users   [  65% ] 4875/4875 VUs  5m50.0s/9m00.0s

running (5m51.0s), 4875/4875 VUs, 275897 complete and 0 interrupted iterations
users   [  65% ] 4875/4875 VUs  5m51.0s/9m00.0s

running (5m52.0s), 4875/4875 VUs, 276846 complete and 0 interrupted iterations
users   [  65% ] 4875/4875 VUs  5m52.0s/9m00.0s

running (5m53.0s), 4875/4875 VUs, 277801 complete and 0 interrupted iterations
users   [  65% ] 4875/4875 VUs  5m53.0s/9m00.0s

running (5m54.0s), 4875/4875 VUs, 278771 complete and 0 interrupted iterations
users   [  66% ] 4875/4875 VUs  5m54.0s/9m00.0s

running (5m55.0s), 4875/4875 VUs, 279693 complete and 0 interrupted iterations
users   [  66% ] 4875/4875 VUs  5m55.0s/9m00.0s

running (5m56.0s), 4875/4875 VUs, 280668 complete and 0 interrupted iterations
users   [  66% ] 4875/4875 VUs  5m56.0s/9m00.0s

running (5m57.0s), 4875/4875 VUs, 281633 complete and 0 interrupted iterations
users   [  66% ] 4875/4875 VUs  5m57.0s/9m00.0s

running (5m58.0s), 4875/4875 VUs, 282594 complete and 0 interrupted iterations
users   [  66% ] 4875/4875 VUs  5m58.0s/9m00.0s

running (5m59.0s), 4875/4875 VUs, 283524 complete and 0 interrupted iterations
users   [  66% ] 4875/4875 VUs  5m59.0s/9m00.0s

running (6m00.0s), 4875/4875 VUs, 284488 complete and 0 interrupted iterations
users   [  67% ] 4875/4875 VUs  6m00.0s/9m00.0s

running (6m01.0s), 4875/4875 VUs, 285448 complete and 0 interrupted iterations
users   [  67% ] 4875/4875 VUs  6m01.0s/9m00.0s

running (6m02.0s), 4875/4875 VUs, 286428 complete and 0 interrupted iterations
users   [  67% ] 4875/4875 VUs  6m02.0s/9m00.0s

running (6m03.0s), 4875/4875 VUs, 287387 complete and 0 interrupted iterations
users   [  67% ] 4875/4875 VUs  6m03.0s/9m00.0s

running (6m04.0s), 4875/4875 VUs, 288344 complete and 0 interrupted iterations
users   [  67% ] 4875/4875 VUs  6m04.0s/9m00.0s

running (6m05.0s), 4875/4875 VUs, 289278 complete and 0 interrupted iterations
users   [  68% ] 4875/4875 VUs  6m05.0s/9m00.0s

running (6m06.0s), 4875/4875 VUs, 290278 complete and 0 interrupted iterations
users   [  68% ] 4875/4875 VUs  6m06.0s/9m00.0s

running (6m07.0s), 4875/4875 VUs, 291218 complete and 0 interrupted iterations
users   [  68% ] 4875/4875 VUs  6m07.0s/9m00.0s

running (6m08.0s), 4875/4875 VUs, 292140 complete and 0 interrupted iterations
users   [  68% ] 4875/4875 VUs  6m08.0s/9m00.0s

running (6m09.0s), 4875/4875 VUs, 293130 complete and 0 interrupted iterations
users   [  68% ] 4875/4875 VUs  6m09.0s/9m00.0s

running (6m10.0s), 4875/4875 VUs, 294103 complete and 0 interrupted iterations
users   [  69% ] 4875/4875 VUs  6m10.0s/9m00.0s

running (6m11.0s), 4875/4875 VUs, 295047 complete and 0 interrupted iterations
users   [  69% ] 4875/4875 VUs  6m11.0s/9m00.0s

running (6m12.0s), 4875/4875 VUs, 296016 complete and 0 interrupted iterations
users   [  69% ] 4875/4875 VUs  6m12.0s/9m00.0s

running (6m13.0s), 4875/4875 VUs, 296952 complete and 0 interrupted iterations
users   [  69% ] 4875/4875 VUs  6m13.0s/9m00.0s

running (6m14.0s), 4875/4875 VUs, 297948 complete and 0 interrupted iterations
users   [  69% ] 4875/4875 VUs  6m14.0s/9m00.0s

running (6m15.0s), 4875/4875 VUs, 298938 complete and 0 interrupted iterations
users   [  69% ] 4875/4875 VUs  6m15.0s/9m00.0s

running (6m16.0s), 4875/4875 VUs, 299881 complete and 0 interrupted iterations
users   [  70% ] 4875/4875 VUs  6m16.0s/9m00.0s

running (6m17.0s), 4875/4875 VUs, 300828 complete and 0 interrupted iterations
users   [  70% ] 4875/4875 VUs  6m17.0s/9m00.0s

running (6m18.0s), 4875/4875 VUs, 301772 complete and 0 interrupted iterations
users   [  70% ] 4875/4875 VUs  6m18.0s/9m00.0s

running (6m19.0s), 4875/4875 VUs, 302716 complete and 0 interrupted iterations
users   [  70% ] 4875/4875 VUs  6m19.0s/9m00.0s

running (6m20.0s), 4875/4875 VUs, 303681 complete and 0 interrupted iterations
users   [  70% ] 4875/4875 VUs  6m20.0s/9m00.0s

running (6m21.0s), 4875/4875 VUs, 304683 complete and 0 interrupted iterations
users   [  71% ] 4875/4875 VUs  6m21.0s/9m00.0s

running (6m22.0s), 4875/4875 VUs, 305661 complete and 0 interrupted iterations
users   [  71% ] 4875/4875 VUs  6m22.0s/9m00.0s

running (6m23.0s), 4875/4875 VUs, 306595 complete and 0 interrupted iterations
users   [  71% ] 4875/4875 VUs  6m23.0s/9m00.0s

running (6m24.0s), 4875/4875 VUs, 307580 complete and 0 interrupted iterations
users   [  71% ] 4875/4875 VUs  6m24.0s/9m00.0s

running (6m25.0s), 4875/4875 VUs, 308541 complete and 0 interrupted iterations
users   [  71% ] 4875/4875 VUs  6m25.0s/9m00.0s

running (6m26.0s), 4875/4875 VUs, 309467 complete and 0 interrupted iterations
users   [  71% ] 4875/4875 VUs  6m26.0s/9m00.0s

running (6m27.0s), 4875/4875 VUs, 310453 complete and 0 interrupted iterations
users   [  72% ] 4875/4875 VUs  6m27.0s/9m00.0s

running (6m28.0s), 4875/4875 VUs, 311430 complete and 0 interrupted iterations
users   [  72% ] 4875/4875 VUs  6m28.0s/9m00.0s

running (6m29.0s), 4875/4875 VUs, 312344 complete and 0 interrupted iterations
users   [  72% ] 4875/4875 VUs  6m29.0s/9m00.0s

running (6m30.0s), 4875/4875 VUs, 313322 complete and 0 interrupted iterations
users   [  72% ] 4875/4875 VUs  6m30.0s/9m00.0s

running (6m31.0s), 4875/4875 VUs, 314277 complete and 0 interrupted iterations
users   [  72% ] 4875/4875 VUs  6m31.0s/9m00.0s

running (6m32.0s), 4875/4875 VUs, 315237 complete and 0 interrupted iterations
users   [  73% ] 4875/4875 VUs  6m32.0s/9m00.0s

running (6m33.0s), 4875/4875 VUs, 316243 complete and 0 interrupted iterations
users   [  73% ] 4875/4875 VUs  6m33.0s/9m00.0s

running (6m34.0s), 4875/4875 VUs, 317202 complete and 0 interrupted iterations
users   [  73% ] 4875/4875 VUs  6m34.0s/9m00.0s

running (6m35.0s), 4875/4875 VUs, 318148 complete and 0 interrupted iterations
users   [  73% ] 4875/4875 VUs  6m35.0s/9m00.0s

running (6m36.0s), 4875/4875 VUs, 319129 complete and 0 interrupted iterations
users   [  73% ] 4875/4875 VUs  6m36.0s/9m00.0s

running (6m37.0s), 4875/4875 VUs, 320075 complete and 0 interrupted iterations
users   [  74% ] 4875/4875 VUs  6m37.0s/9m00.0s

running (6m38.0s), 4875/4875 VUs, 321037 complete and 0 interrupted iterations
users   [  74% ] 4875/4875 VUs  6m38.0s/9m00.0s

running (6m39.0s), 4875/4875 VUs, 322049 complete and 0 interrupted iterations
users   [  74% ] 4875/4875 VUs  6m39.0s/9m00.0s

running (6m40.0s), 4875/4875 VUs, 322993 complete and 0 interrupted iterations
users   [  74% ] 4875/4875 VUs  6m40.0s/9m00.0s

running (6m41.0s), 4875/4875 VUs, 323957 complete and 0 interrupted iterations
users   [  74% ] 4875/4875 VUs  6m41.0s/9m00.0s

running (6m42.0s), 4875/4875 VUs, 324912 complete and 0 interrupted iterations
users   [  74% ] 4875/4875 VUs  6m42.0s/9m00.0s

running (6m43.0s), 4875/4875 VUs, 325872 complete and 0 interrupted iterations
users   [  75% ] 4875/4875 VUs  6m43.0s/9m00.0s

running (6m44.0s), 4875/4875 VUs, 326829 complete and 0 interrupted iterations
users   [  75% ] 4875/4875 VUs  6m44.0s/9m00.0s

running (6m45.0s), 4875/4875 VUs, 327821 complete and 0 interrupted iterations
users   [  75% ] 4875/4875 VUs  6m45.0s/9m00.0s

running (6m46.0s), 4875/4875 VUs, 328806 complete and 0 interrupted iterations
users   [  75% ] 4875/4875 VUs  6m46.0s/9m00.0s

running (6m47.0s), 4875/4875 VUs, 329771 complete and 0 interrupted iterations
users   [  75% ] 4875/4875 VUs  6m47.0s/9m00.0s

running (6m48.0s), 4875/4875 VUs, 330704 complete and 0 interrupted iterations
users   [  76% ] 4875/4875 VUs  6m48.0s/9m00.0s

running (6m49.0s), 4875/4875 VUs, 331646 complete and 0 interrupted iterations
users   [  76% ] 4875/4875 VUs  6m49.0s/9m00.0s

running (6m50.0s), 4875/4875 VUs, 332611 complete and 0 interrupted iterations
users   [  76% ] 4875/4875 VUs  6m50.0s/9m00.0s

running (6m51.0s), 4875/4875 VUs, 333614 complete and 0 interrupted iterations
users   [  76% ] 4875/4875 VUs  6m51.0s/9m00.0s

running (6m52.0s), 4875/4875 VUs, 334549 complete and 0 interrupted iterations
users   [  76% ] 4875/4875 VUs  6m52.0s/9m00.0s

running (6m53.0s), 4875/4875 VUs, 335501 complete and 0 interrupted iterations
users   [  76% ] 4875/4875 VUs  6m53.0s/9m00.0s

running (6m54.0s), 4875/4875 VUs, 336504 complete and 0 interrupted iterations
users   [  77% ] 4875/4875 VUs  6m54.0s/9m00.0s

running (6m55.0s), 4875/4875 VUs, 337403 complete and 0 interrupted iterations
users   [  77% ] 4875/4875 VUs  6m55.0s/9m00.0s

running (6m56.0s), 4875/4875 VUs, 338396 complete and 0 interrupted iterations
users   [  77% ] 4875/4875 VUs  6m56.0s/9m00.0s

running (6m57.0s), 4875/4875 VUs, 339350 complete and 0 interrupted iterations
users   [  77% ] 4875/4875 VUs  6m57.0s/9m00.0s

running (6m58.0s), 4875/4875 VUs, 340360 complete and 0 interrupted iterations
users   [  77% ] 4875/4875 VUs  6m58.0s/9m00.0s

running (6m59.0s), 4875/4875 VUs, 341288 complete and 0 interrupted iterations
users   [  78% ] 4875/4875 VUs  6m59.0s/9m00.0s

running (7m00.0s), 4875/4875 VUs, 342240 complete and 0 interrupted iterations
users   [  78% ] 4875/4875 VUs  7m00.0s/9m00.0s

running (7m01.0s), 4872/4875 VUs, 343172 complete and 0 interrupted iterations
users   [  78% ] 4872/4875 VUs  7m01.0s/9m00.0s

running (7m02.0s), 4864/4875 VUs, 344134 complete and 0 interrupted iterations
users   [  78% ] 4864/4875 VUs  7m02.0s/9m00.0s

running (7m03.0s), 4844/4875 VUs, 345105 complete and 0 interrupted iterations
users   [  78% ] 4844/4875 VUs  7m03.0s/9m00.0s

running (7m04.0s), 4808/4875 VUs, 346084 complete and 0 interrupted iterations
users   [  79% ] 4808/4875 VUs  7m04.0s/9m00.0s

running (7m05.0s), 4781/4875 VUs, 347078 complete and 0 interrupted iterations
users   [  79% ] 4781/4875 VUs  7m05.0s/9m00.0s

running (7m06.0s), 4734/4875 VUs, 348013 complete and 0 interrupted iterations
users   [  79% ] 4734/4875 VUs  7m06.0s/9m00.0s

running (7m07.0s), 4698/4875 VUs, 348930 complete and 0 interrupted iterations
users   [  79% ] 4698/4875 VUs  7m07.0s/9m00.0s

running (7m08.0s), 4658/4875 VUs, 349894 complete and 0 interrupted iterations
users   [  79% ] 4658/4875 VUs  7m08.0s/9m00.0s

running (7m09.0s), 4621/4875 VUs, 350851 complete and 0 interrupted iterations
users   [  79% ] 4621/4875 VUs  7m09.0s/9m00.0s

running (7m10.0s), 4588/4875 VUs, 351763 complete and 0 interrupted iterations
users   [  80% ] 4588/4875 VUs  7m10.0s/9m00.0s

running (7m11.0s), 4528/4875 VUs, 352667 complete and 0 interrupted iterations
users   [  80% ] 4528/4875 VUs  7m11.0s/9m00.0s

running (7m12.0s), 4482/4875 VUs, 353593 complete and 0 interrupted iterations
users   [  80% ] 4482/4875 VUs  7m12.0s/9m00.0s

running (7m13.0s), 4454/4875 VUs, 354513 complete and 0 interrupted iterations
users   [  80% ] 4454/4875 VUs  7m13.0s/9m00.0s

running (7m14.0s), 4412/4875 VUs, 355395 complete and 0 interrupted iterations
users   [  80% ] 4412/4875 VUs  7m14.0s/9m00.0s

running (7m15.0s), 4370/4875 VUs, 356261 complete and 0 interrupted iterations
users   [  81% ] 4370/4875 VUs  7m15.0s/9m00.0s

running (7m16.0s), 4327/4875 VUs, 357132 complete and 0 interrupted iterations
users   [  81% ] 4327/4875 VUs  7m16.0s/9m00.0s

running (7m17.0s), 4286/4875 VUs, 357995 complete and 0 interrupted iterations
users   [  81% ] 4286/4875 VUs  7m17.0s/9m00.0s

running (7m18.0s), 4250/4875 VUs, 358889 complete and 0 interrupted iterations
users   [  81% ] 4250/4875 VUs  7m18.0s/9m00.0s

running (7m19.0s), 4208/4875 VUs, 359774 complete and 0 interrupted iterations
users   [  81% ] 4208/4875 VUs  7m19.0s/9m00.0s

running (7m20.0s), 4171/4875 VUs, 360624 complete and 0 interrupted iterations
users   [  81% ] 4171/4875 VUs  7m20.0s/9m00.0s

running (7m21.0s), 4133/4875 VUs, 361405 complete and 0 interrupted iterations
users   [  82% ] 4133/4875 VUs  7m21.0s/9m00.0s

running (7m22.0s), 4093/4875 VUs, 362228 complete and 0 interrupted iterations
users   [  82% ] 4093/4875 VUs  7m22.0s/9m00.0s

running (7m23.0s), 4045/4875 VUs, 363079 complete and 0 interrupted iterations
users   [  82% ] 4045/4875 VUs  7m23.0s/9m00.0s

running (7m24.0s), 4001/4875 VUs, 363897 complete and 0 interrupted iterations
users   [  82% ] 4001/4875 VUs  7m24.0s/9m00.0s

running (7m25.0s), 3963/4875 VUs, 364681 complete and 0 interrupted iterations
users   [  82% ] 3963/4875 VUs  7m25.0s/9m00.0s

running (7m26.0s), 3931/4875 VUs, 365464 complete and 0 interrupted iterations
users   [  83% ] 3931/4875 VUs  7m26.0s/9m00.0s

running (7m27.0s), 3900/4875 VUs, 366231 complete and 0 interrupted iterations
users   [  83% ] 3900/4875 VUs  7m27.0s/9m00.0s

running (7m28.0s), 3853/4875 VUs, 366984 complete and 0 interrupted iterations
users   [  83% ] 3853/4875 VUs  7m28.0s/9m00.0s

running (7m29.0s), 3814/4875 VUs, 367754 complete and 0 interrupted iterations
users   [  83% ] 3814/4875 VUs  7m29.0s/9m00.0s

running (7m30.0s), 3767/4875 VUs, 368541 complete and 0 interrupted iterations
users   [  83% ] 3767/4875 VUs  7m30.0s/9m00.0s

running (7m31.0s), 3725/4875 VUs, 369273 complete and 0 interrupted iterations
users   [  84% ] 3725/4875 VUs  7m31.0s/9m00.0s

running (7m32.0s), 3683/4875 VUs, 370028 complete and 0 interrupted iterations
users   [  84% ] 3683/4875 VUs  7m32.0s/9m00.0s

running (7m33.0s), 3648/4875 VUs, 370746 complete and 0 interrupted iterations
users   [  84% ] 3648/4875 VUs  7m33.0s/9m00.0s

running (7m34.0s), 3601/4875 VUs, 371538 complete and 0 interrupted iterations
users   [  84% ] 3601/4875 VUs  7m34.0s/9m00.0s

running (7m35.0s), 3571/4875 VUs, 372262 complete and 0 interrupted iterations
users   [  84% ] 3571/4875 VUs  7m35.0s/9m00.0s

running (7m36.0s), 3526/4875 VUs, 372983 complete and 0 interrupted iterations
users   [  84% ] 3526/4875 VUs  7m36.0s/9m00.0s

running (7m37.0s), 3479/4875 VUs, 373686 complete and 0 interrupted iterations
users   [  85% ] 3479/4875 VUs  7m37.0s/9m00.0s

running (7m38.0s), 3442/4875 VUs, 374378 complete and 0 interrupted iterations
users   [  85% ] 3442/4875 VUs  7m38.0s/9m00.0s

running (7m39.0s), 3400/4875 VUs, 375103 complete and 0 interrupted iterations
users   [  85% ] 3400/4875 VUs  7m39.0s/9m00.0s

running (7m40.0s), 3356/4875 VUs, 375790 complete and 0 interrupted iterations
users   [  85% ] 3356/4875 VUs  7m40.0s/9m00.0s

running (7m41.0s), 3325/4875 VUs, 376442 complete and 0 interrupted iterations
users   [  85% ] 3325/4875 VUs  7m41.0s/9m00.0s

running (7m42.0s), 3286/4875 VUs, 377094 complete and 0 interrupted iterations
users   [  86% ] 3286/4875 VUs  7m42.0s/9m00.0s

running (7m43.0s), 3246/4875 VUs, 377749 complete and 0 interrupted iterations
users   [  86% ] 3246/4875 VUs  7m43.0s/9m00.0s

running (7m44.0s), 3199/4875 VUs, 378399 complete and 0 interrupted iterations
users   [  86% ] 3199/4875 VUs  7m44.0s/9m00.0s

running (7m45.0s), 3166/4875 VUs, 379054 complete and 0 interrupted iterations
users   [  86% ] 3166/4875 VUs  7m45.0s/9m00.0s

running (7m46.0s), 3130/4875 VUs, 379689 complete and 0 interrupted iterations
users   [  86% ] 3130/4875 VUs  7m46.0s/9m00.0s

running (7m47.0s), 3085/4875 VUs, 380347 complete and 0 interrupted iterations
users   [  86% ] 3085/4875 VUs  7m47.0s/9m00.0s

running (7m48.0s), 3038/4875 VUs, 380964 complete and 0 interrupted iterations
users   [  87% ] 3038/4875 VUs  7m48.0s/9m00.0s

running (7m49.0s), 3004/4875 VUs, 381568 complete and 0 interrupted iterations
users   [  87% ] 3004/4875 VUs  7m49.0s/9m00.0s

running (7m50.0s), 2960/4875 VUs, 382152 complete and 0 interrupted iterations
users   [  87% ] 2960/4875 VUs  7m50.0s/9m00.0s

running (7m51.0s), 2921/4875 VUs, 382756 complete and 0 interrupted iterations
users   [  87% ] 2921/4875 VUs  7m51.0s/9m00.0s

running (7m52.0s), 2881/4875 VUs, 383373 complete and 0 interrupted iterations
users   [  87% ] 2881/4875 VUs  7m52.0s/9m00.0s

running (7m53.0s), 2845/4875 VUs, 383958 complete and 0 interrupted iterations
users   [  88% ] 2845/4875 VUs  7m53.0s/9m00.0s

running (7m54.0s), 2801/4875 VUs, 384503 complete and 0 interrupted iterations
users   [  88% ] 2801/4875 VUs  7m54.0s/9m00.0s

running (7m55.0s), 2761/4875 VUs, 385077 complete and 0 interrupted iterations
users   [  88% ] 2761/4875 VUs  7m55.0s/9m00.0s

running (7m56.0s), 2724/4875 VUs, 385622 complete and 0 interrupted iterations
users   [  88% ] 2724/4875 VUs  7m56.0s/9m00.0s

running (7m57.0s), 2672/4875 VUs, 386202 complete and 0 interrupted iterations
users   [  88% ] 2672/4875 VUs  7m57.0s/9m00.0s

running (7m58.0s), 2627/4875 VUs, 386763 complete and 0 interrupted iterations
users   [  89% ] 2627/4875 VUs  7m58.0s/9m00.0s

running (7m59.0s), 2586/4875 VUs, 387268 complete and 0 interrupted iterations
users   [  89% ] 2586/4875 VUs  7m59.0s/9m00.0s

running (8m00.0s), 2538/4875 VUs, 387781 complete and 0 interrupted iterations
users   [  89% ] 2538/4875 VUs  8m00.0s/9m00.0s

running (8m01.0s), 2501/4875 VUs, 388313 complete and 0 interrupted iterations
users   [  89% ] 2501/4875 VUs  8m01.0s/9m00.0s

running (8m02.0s), 2463/4875 VUs, 388821 complete and 0 interrupted iterations
users   [  89% ] 2463/4875 VUs  8m02.0s/9m00.0s

running (8m03.0s), 2427/4875 VUs, 389370 complete and 0 interrupted iterations
users   [  89% ] 2427/4875 VUs  8m03.0s/9m00.0s

running (8m04.0s), 2379/4875 VUs, 389874 complete and 0 interrupted iterations
users   [  90% ] 2379/4875 VUs  8m04.0s/9m00.0s

running (8m05.0s), 2350/4875 VUs, 390295 complete and 0 interrupted iterations
users   [  90% ] 2350/4875 VUs  8m05.0s/9m00.0s

running (8m06.0s), 2313/4875 VUs, 390762 complete and 0 interrupted iterations
users   [  90% ] 2313/4875 VUs  8m06.0s/9m00.0s

running (8m07.0s), 2274/4875 VUs, 391276 complete and 0 interrupted iterations
users   [  90% ] 2274/4875 VUs  8m07.0s/9m00.0s

running (8m08.0s), 2229/4875 VUs, 391751 complete and 0 interrupted iterations
users   [  90% ] 2229/4875 VUs  8m08.0s/9m00.0s

running (8m09.0s), 2182/4875 VUs, 392174 complete and 0 interrupted iterations
users   [  91% ] 2182/4875 VUs  8m09.0s/9m00.0s

running (8m10.0s), 2143/4875 VUs, 392631 complete and 0 interrupted iterations
users   [  91% ] 2143/4875 VUs  8m10.0s/9m00.0s

running (8m11.0s), 2094/4875 VUs, 393082 complete and 0 interrupted iterations
users   [  91% ] 2094/4875 VUs  8m11.0s/9m00.0s

running (8m12.0s), 2056/4875 VUs, 393500 complete and 0 interrupted iterations
users   [  91% ] 2056/4875 VUs  8m12.0s/9m00.0s

running (8m13.0s), 2021/4875 VUs, 393907 complete and 0 interrupted iterations
users   [  91% ] 2021/4875 VUs  8m13.0s/9m00.0s

running (8m14.0s), 1983/4875 VUs, 394316 complete and 0 interrupted iterations
users   [  91% ] 1983/4875 VUs  8m14.0s/9m00.0s

running (8m15.0s), 1941/4875 VUs, 394746 complete and 0 interrupted iterations
users   [  92% ] 1941/4875 VUs  8m15.0s/9m00.0s

running (8m16.0s), 1899/4875 VUs, 395157 complete and 0 interrupted iterations
users   [  92% ] 1899/4875 VUs  8m16.0s/9m00.0s

running (8m17.0s), 1858/4875 VUs, 395529 complete and 0 interrupted iterations
users   [  92% ] 1858/4875 VUs  8m17.0s/9m00.0s

running (8m18.0s), 1825/4875 VUs, 395934 complete and 0 interrupted iterations
users   [  92% ] 1825/4875 VUs  8m18.0s/9m00.0s

running (8m19.0s), 1787/4875 VUs, 396299 complete and 0 interrupted iterations
users   [  92% ] 1787/4875 VUs  8m19.0s/9m00.0s

running (8m20.0s), 1748/4875 VUs, 396632 complete and 0 interrupted iterations
users   [  93% ] 1748/4875 VUs  8m20.0s/9m00.0s

running (8m21.0s), 1693/4875 VUs, 397013 complete and 0 interrupted iterations
users   [  93% ] 1693/4875 VUs  8m21.0s/9m00.0s

running (8m22.0s), 1650/4875 VUs, 397391 complete and 0 interrupted iterations
users   [  93% ] 1650/4875 VUs  8m22.0s/9m00.0s

running (8m23.0s), 1604/4875 VUs, 397722 complete and 0 interrupted iterations
users   [  93% ] 1604/4875 VUs  8m23.0s/9m00.0s

running (8m24.0s), 1569/4875 VUs, 398059 complete and 0 interrupted iterations
users   [  93% ] 1569/4875 VUs  8m24.0s/9m00.0s

running (8m25.0s), 1522/4875 VUs, 398410 complete and 0 interrupted iterations
users   [  94% ] 1522/4875 VUs  8m25.0s/9m00.0s

running (8m26.0s), 1485/4875 VUs, 398703 complete and 0 interrupted iterations
users   [  94% ] 1485/4875 VUs  8m26.0s/9m00.0s

running (8m27.0s), 1447/4875 VUs, 399021 complete and 0 interrupted iterations
users   [  94% ] 1447/4875 VUs  8m27.0s/9m00.0s

running (8m28.0s), 1408/4875 VUs, 399324 complete and 0 interrupted iterations
users   [  94% ] 1408/4875 VUs  8m28.0s/9m00.0s

running (8m29.0s), 1368/4875 VUs, 399611 complete and 0 interrupted iterations
users   [  94% ] 1368/4875 VUs  8m29.0s/9m00.0s

running (8m30.0s), 1317/4875 VUs, 399909 complete and 0 interrupted iterations
users   [  94% ] 1317/4875 VUs  8m30.0s/9m00.0s

running (8m31.0s), 1288/4875 VUs, 400157 complete and 0 interrupted iterations
users   [  95% ] 1288/4875 VUs  8m31.0s/9m00.0s

running (8m32.0s), 1250/4875 VUs, 400422 complete and 0 interrupted iterations
users   [  95% ] 1250/4875 VUs  8m32.0s/9m00.0s

running (8m33.0s), 1219/4875 VUs, 400664 complete and 0 interrupted iterations
users   [  95% ] 1219/4875 VUs  8m33.0s/9m00.0s

running (8m34.0s), 1167/4875 VUs, 400920 complete and 0 interrupted iterations
users   [  95% ] 1167/4875 VUs  8m34.0s/9m00.0s

running (8m35.0s), 1122/4875 VUs, 401177 complete and 0 interrupted iterations
users   [  95% ] 1122/4875 VUs  8m35.0s/9m00.0s

running (8m36.0s), 1078/4875 VUs, 401425 complete and 0 interrupted iterations
users   [  96% ] 1078/4875 VUs  8m36.0s/9m00.0s

running (8m37.0s), 1036/4875 VUs, 401653 complete and 0 interrupted iterations
users   [  96% ] 1036/4875 VUs  8m37.0s/9m00.0s

running (8m38.0s), 1000/4875 VUs, 401857 complete and 0 interrupted iterations
users   [  96% ] 1000/4875 VUs  8m38.0s/9m00.0s

running (8m39.0s), 0961/4875 VUs, 402086 complete and 0 interrupted iterations
users   [  96% ] 0961/4875 VUs  8m39.0s/9m00.0s

running (8m40.0s), 0917/4875 VUs, 402278 complete and 0 interrupted iterations
users   [  96% ] 0917/4875 VUs  8m40.0s/9m00.0s

running (8m41.0s), 0874/4875 VUs, 402478 complete and 0 interrupted iterations
users   [  96% ] 0874/4875 VUs  8m41.0s/9m00.0s

running (8m42.0s), 0823/4875 VUs, 402672 complete and 0 interrupted iterations
users   [  97% ] 0823/4875 VUs  8m42.0s/9m00.0s

running (8m43.0s), 0787/4875 VUs, 402859 complete and 0 interrupted iterations
users   [  97% ] 0787/4875 VUs  8m43.0s/9m00.0s

running (8m44.0s), 0748/4875 VUs, 403044 complete and 0 interrupted iterations
users   [  97% ] 0748/4875 VUs  8m44.0s/9m00.0s

running (8m45.0s), 0708/4875 VUs, 403196 complete and 0 interrupted iterations
users   [  97% ] 0708/4875 VUs  8m45.0s/9m00.0s

running (8m46.0s), 0666/4875 VUs, 403352 complete and 0 interrupted iterations
users   [  97% ] 0666/4875 VUs  8m46.0s/9m00.0s

running (8m47.0s), 0629/4875 VUs, 403505 complete and 0 interrupted iterations
users   [  98% ] 0629/4875 VUs  8m47.0s/9m00.0s

running (8m48.0s), 0595/4875 VUs, 403637 complete and 0 interrupted iterations
users   [  98% ] 0595/4875 VUs  8m48.0s/9m00.0s

running (8m49.0s), 0550/4875 VUs, 403790 complete and 0 interrupted iterations
users   [  98% ] 0550/4875 VUs  8m49.0s/9m00.0s

running (8m50.0s), 0508/4875 VUs, 403909 complete and 0 interrupted iterations
users   [  98% ] 0508/4875 VUs  8m50.0s/9m00.0s

running (8m51.0s), 0475/4875 VUs, 404021 complete and 0 interrupted iterations
users   [  98% ] 0475/4875 VUs  8m51.0s/9m00.0s

running (8m52.0s), 0439/4875 VUs, 404137 complete and 0 interrupted iterations
users   [  99% ] 0439/4875 VUs  8m52.0s/9m00.0s

running (8m53.0s), 0398/4875 VUs, 404229 complete and 0 interrupted iterations
users   [  99% ] 0398/4875 VUs  8m53.0s/9m00.0s

running (8m54.0s), 0362/4875 VUs, 404322 complete and 0 interrupted iterations
users   [  99% ] 0362/4875 VUs  8m54.0s/9m00.0s

running (8m55.0s), 0323/4875 VUs, 404417 complete and 0 interrupted iterations
users   [  99% ] 0323/4875 VUs  8m55.0s/9m00.0s

running (8m56.0s), 0279/4875 VUs, 404488 complete and 0 interrupted iterations
users   [  99% ] 0279/4875 VUs  8m56.0s/9m00.0s

running (8m57.0s), 0236/4875 VUs, 404554 complete and 0 interrupted iterations
users   [  99% ] 0236/4875 VUs  8m57.0s/9m00.0s

running (8m58.0s), 0185/4875 VUs, 404627 complete and 0 interrupted iterations
users   [ 100% ] 0185/4875 VUs  8m58.0s/9m00.0s

running (8m59.0s), 0151/4875 VUs, 404672 complete and 0 interrupted iterations
users   [ 100% ] 0151/4875 VUs  8m59.0s/9m00.0s

running (9m00.0s), 0109/4875 VUs, 404716 complete and 0 interrupted iterations
users ↓ [ 100% ] 0109/4875 VUs  9m0s

running (9m01.0s), 0070/4875 VUs, 404755 complete and 0 interrupted iterations
users ↓ [ 100% ] 0109/4875 VUs  9m0s

running (9m02.0s), 0040/4875 VUs, 404785 complete and 0 interrupted iterations
users ↓ [ 100% ] 0109/4875 VUs  9m0s

running (9m03.0s), 0025/4875 VUs, 404800 complete and 0 interrupted iterations
users ↓ [ 100% ] 0109/4875 VUs  9m0s

running (9m04.0s), 0015/4875 VUs, 404810 complete and 0 interrupted iterations
users ↓ [ 100% ] 0109/4875 VUs  9m0s

running (9m05.0s), 0002/4875 VUs, 404823 complete and 0 interrupted iterations
users ↓ [ 100% ] 0109/4875 VUs  9m0s

running (9m06.0s), 0001/4875 VUs, 404824 complete and 0 interrupted iterations
users ↓ [ 100% ] 0109/4875 VUs  9m0s


  █ THRESHOLDS 

    checks{phase:bench}
    ✓ 'rate>0.99' rate=100.00%

    http_req_duration{name:confirm,phase:bench}
    ✓ 'p(95)<200' p(95)=43.9ms
    ✗ 'p(99)<600' p(99)=724.02ms

    http_req_duration{name:download_expired,phase:bench}
    ✓ 'p(95)<200' p(95)=0s
    ✓ 'p(99)<600' p(99)=0s

    http_req_duration{name:download,phase:bench}
    ✓ 'p(95)<200' p(95)=41.38ms
    ✗ 'p(99)<600' p(99)=1.81s

    http_req_duration{name:upload,phase:bench}
    ✓ 'p(95)<200' p(95)=53.37ms
    ✗ 'p(99)<600' p(99)=1.85s

    http_req_failed{phase:bench}
    ✓ 'rate<0.01' rate=0.00%

    server_errors{phase:bench}
    ✓ 'rate<0.01' rate=0.00%


  █ TOTAL RESULTS 

    checks_total.......: 415354  759.981136/s
    checks_succeeded...: 100.00% 415354 out of 415354
    checks_failed......: 0.00%   0 out of 415354

    ✓ download as expected
    ✓ upload link 201
    ✓ confirm 200

    CUSTOM
    server_errors.............................: 0.00%  0 out of 415354
      { phase:bench }.........................: 0.00%  0 out of 294256

    HTTP
    http_req_duration.........................: med=4.44ms p(95)=36.75ms p(99)=1.17s    avg=36.94ms max=3.72s 
      { expected_response:true }..............: med=4.44ms p(95)=36.75ms p(99)=1.17s    avg=36.94ms max=3.72s 
      { name:confirm,phase:bench }............: med=6.59ms p(95)=43.9ms  p(99)=724.02ms avg=36.5ms  max=3.51s 
      { name:download_expired,phase:bench }...: med=0s     p(95)=0s      p(99)=0s       avg=0s      max=0s    
      { name:download,phase:bench }...........: med=4.89ms p(95)=41.38ms p(99)=1.81s    avg=46.65ms max=3.72s 
      { name:upload,phase:bench }.............: med=8.37ms p(95)=53.37ms p(99)=1.85s    avg=52.31ms max=3.57s 
    http_req_failed...........................: 0.00%  0 out of 415354
      { phase:bench }.........................: 0.00%  0 out of 294267
    http_reqs.................................: 415354 759.981136/s

    EXECUTION
    iteration_duration........................: med=5.08s  p(95)=7.33s   p(99)=8.2s     avg=5.09s   max=13.31s
    iterations................................: 404825 740.716023/s
    vus.......................................: 1      min=0           max=4875
    vus_max...................................: 4875   min=4875        max=4875

    NETWORK
    data_received.............................: 976 MB 1.8 MB/s
    data_sent.................................: 335 MB 613 kB/s




running (9m06.5s), 0000/4875 VUs, 404825 complete and 0 interrupted iterations
users ✓ [ 100% ] 0000/4875 VUs  9m0s
time="2026-09-30T16:13:42Z" level=error msg="thresholds on metrics 'http_req_duration{name:confirm,phase:bench}, http_req_duration{name:download,phase:bench}, http_req_duration{name:upload,phase:bench}' have been crossed"
== 4875 users: fail
== resting 120s
== pass 3: 4687 users (passed up to 4500, failed from 4875)
TRUNCATE TABLE
SELECT 10000
ALTER TABLE
UPDATE 10000
INSERT 0 10000
COPY 10000
VACUUM
  expiry   | count 
-----------+-------
 HOURS24   |  3370
 MINUTES15 |  3411
 MINUTES30 |  3219
(3 rows)

 rows  |  table  | indexes |  total  
-------+---------+---------+---------
 10000 | 1112 kB | 1416 kB | 2528 kB
(1 row)

wrote /tmp/seed.csv (10000 files). Copy it to the load generator and run load-file-list.sh.
file list loaded: 10000 files
time="2026-09-30T16:15:45Z" level=info msg="Automatic extension resolution is enabled. The current k6 binary doesn't satisfy all dependencies, it's required to provision a custom binary." deps="k6;k6/x/redis"
time="2026-09-30T16:15:46Z" level=info msg="Using cached k6 binary" artifact_id=d29e86c20dd9a49cb84ea3c41fac5b8b8e524e06 deps="map[k6:v2.3.0 k6/x/redis:v0.4.3]" path=/home/admin/.cache/k6/builds/d29e86c20dd9a49cb84ea3c41fac5b8b8e524e06/k6

         /\      Grafana   /‾‾/  
    /\  /  \     |\  __   /  /   
   /  \/    \    | |/ /  /   ‾‾\ 
  /          \   |   (  |  (‾)  |
 / __________ \  |_|\_\  \_____/ 


     execution: local
        script: /home/admin/Mint-Bench/k6/mint.js
        output: csv (/home/admin/Mint-Bench/bench-sql/results/2026-09-30-1511/vus-4687/k6.csv.gz)

     scenarios: (100.00%) 1 scenario, 4687 max VUs, 9m30s max duration (incl. graceful stop):
              * users: Up to 4687 looping VUs for 9m0s over 3 stages (gracefulRampDown: 30s, gracefulStop: 30s)


running (0m00.2s), 0006/4687 VUs, 0 complete and 0 interrupted iterations
users   [   0% ] 0006/4687 VUs  0m00.2s/9m00.0s

running (0m01.2s), 0044/4687 VUs, 0 complete and 0 interrupted iterations
users   [   0% ] 0044/4687 VUs  0m01.2s/9m00.0s

running (0m02.2s), 0084/4687 VUs, 0 complete and 0 interrupted iterations
users   [   0% ] 0084/4687 VUs  0m02.2s/9m00.0s

running (0m03.2s), 0123/4687 VUs, 2 complete and 0 interrupted iterations
users   [   1% ] 0123/4687 VUs  0m03.2s/9m00.0s

running (0m04.2s), 0162/4687 VUs, 5 complete and 0 interrupted iterations
users   [   1% ] 0162/4687 VUs  0m04.2s/9m00.0s

running (0m05.2s), 0201/4687 VUs, 18 complete and 0 interrupted iterations
users   [   1% ] 0201/4687 VUs  0m05.2s/9m00.0s

running (0m06.2s), 0240/4687 VUs, 39 complete and 0 interrupted iterations
users   [   1% ] 0240/4687 VUs  0m06.2s/9m00.0s

running (0m07.2s), 0279/4687 VUs, 84 complete and 0 interrupted iterations
users   [   1% ] 0279/4687 VUs  0m07.2s/9m00.0s

running (0m08.2s), 0318/4687 VUs, 119 complete and 0 interrupted iterations
users   [   2% ] 0318/4687 VUs  0m08.2s/9m00.0s

running (0m09.2s), 0357/4687 VUs, 174 complete and 0 interrupted iterations
users   [   2% ] 0357/4687 VUs  0m09.2s/9m00.0s

running (0m10.2s), 0396/4687 VUs, 232 complete and 0 interrupted iterations
users   [   2% ] 0396/4687 VUs  0m10.2s/9m00.0s

running (0m11.2s), 0435/4687 VUs, 292 complete and 0 interrupted iterations
users   [   2% ] 0435/4687 VUs  0m11.2s/9m00.0s

running (0m12.2s), 0474/4687 VUs, 375 complete and 0 interrupted iterations
users   [   2% ] 0474/4687 VUs  0m12.2s/9m00.0s

running (0m13.2s), 0513/4687 VUs, 437 complete and 0 interrupted iterations
users   [   2% ] 0513/4687 VUs  0m13.2s/9m00.0s

running (0m14.2s), 0552/4687 VUs, 527 complete and 0 interrupted iterations
users   [   3% ] 0552/4687 VUs  0m14.2s/9m00.0s

running (0m15.2s), 0591/4687 VUs, 626 complete and 0 interrupted iterations
users   [   3% ] 0591/4687 VUs  0m15.2s/9m00.0s

running (0m16.2s), 0630/4687 VUs, 731 complete and 0 interrupted iterations
users   [   3% ] 0630/4687 VUs  0m16.2s/9m00.0s

running (0m17.2s), 0669/4687 VUs, 836 complete and 0 interrupted iterations
users   [   3% ] 0669/4687 VUs  0m17.2s/9m00.0s

running (0m18.2s), 0708/4687 VUs, 949 complete and 0 interrupted iterations
users   [   3% ] 0708/4687 VUs  0m18.2s/9m00.0s

running (0m19.2s), 0748/4687 VUs, 1079 complete and 0 interrupted iterations
users   [   4% ] 0748/4687 VUs  0m19.2s/9m00.0s

running (0m20.2s), 0787/4687 VUs, 1220 complete and 0 interrupted iterations
users   [   4% ] 0787/4687 VUs  0m20.2s/9m00.0s

running (0m21.2s), 0826/4687 VUs, 1345 complete and 0 interrupted iterations
users   [   4% ] 0826/4687 VUs  0m21.2s/9m00.0s

running (0m22.2s), 0865/4687 VUs, 1500 complete and 0 interrupted iterations
users   [   4% ] 0865/4687 VUs  0m22.2s/9m00.0s

running (0m23.2s), 0904/4687 VUs, 1671 complete and 0 interrupted iterations
users   [   4% ] 0904/4687 VUs  0m23.2s/9m00.0s

running (0m24.2s), 0943/4687 VUs, 1831 complete and 0 interrupted iterations
users   [   4% ] 0943/4687 VUs  0m24.2s/9m00.0s

running (0m25.2s), 0982/4687 VUs, 2004 complete and 0 interrupted iterations
users   [   5% ] 0982/4687 VUs  0m25.2s/9m00.0s

running (0m26.2s), 1021/4687 VUs, 2178 complete and 0 interrupted iterations
users   [   5% ] 1021/4687 VUs  0m26.2s/9m00.0s

running (0m27.2s), 1060/4687 VUs, 2381 complete and 0 interrupted iterations
users   [   5% ] 1060/4687 VUs  0m27.2s/9m00.0s

running (0m28.2s), 1099/4687 VUs, 2569 complete and 0 interrupted iterations
users   [   5% ] 1099/4687 VUs  0m28.2s/9m00.0s

running (0m29.2s), 1138/4687 VUs, 2802 complete and 0 interrupted iterations
users   [   5% ] 1138/4687 VUs  0m29.2s/9m00.0s

running (0m30.2s), 1177/4687 VUs, 3011 complete and 0 interrupted iterations
users   [   6% ] 1177/4687 VUs  0m30.2s/9m00.0s

running (0m31.2s), 1216/4687 VUs, 3221 complete and 0 interrupted iterations
users   [   6% ] 1216/4687 VUs  0m31.2s/9m00.0s

running (0m32.2s), 1255/4687 VUs, 3426 complete and 0 interrupted iterations
users   [   6% ] 1255/4687 VUs  0m32.2s/9m00.0s

running (0m33.2s), 1294/4687 VUs, 3674 complete and 0 interrupted iterations
users   [   6% ] 1294/4687 VUs  0m33.2s/9m00.0s

running (0m34.2s), 1333/4687 VUs, 3941 complete and 0 interrupted iterations
users   [   6% ] 1333/4687 VUs  0m34.2s/9m00.0s

running (0m35.2s), 1372/4687 VUs, 4177 complete and 0 interrupted iterations
users   [   7% ] 1372/4687 VUs  0m35.2s/9m00.0s

running (0m36.2s), 1412/4687 VUs, 4439 complete and 0 interrupted iterations
users   [   7% ] 1412/4687 VUs  0m36.2s/9m00.0s

running (0m37.2s), 1451/4687 VUs, 4699 complete and 0 interrupted iterations
users   [   7% ] 1451/4687 VUs  0m37.2s/9m00.0s

running (0m38.2s), 1490/4687 VUs, 4963 complete and 0 interrupted iterations
users   [   7% ] 1490/4687 VUs  0m38.2s/9m00.0s

running (0m39.2s), 1529/4687 VUs, 5227 complete and 0 interrupted iterations
users   [   7% ] 1529/4687 VUs  0m39.2s/9m00.0s

running (0m40.2s), 1568/4687 VUs, 5525 complete and 0 interrupted iterations
users   [   7% ] 1568/4687 VUs  0m40.2s/9m00.0s

running (0m41.2s), 1607/4687 VUs, 5849 complete and 0 interrupted iterations
users   [   8% ] 1607/4687 VUs  0m41.2s/9m00.0s

running (0m42.2s), 1646/4687 VUs, 6146 complete and 0 interrupted iterations
users   [   8% ] 1646/4687 VUs  0m42.2s/9m00.0s

running (0m43.2s), 1685/4687 VUs, 6449 complete and 0 interrupted iterations
users   [   8% ] 1685/4687 VUs  0m43.2s/9m00.0s

running (0m44.2s), 1724/4687 VUs, 6773 complete and 0 interrupted iterations
users   [   8% ] 1724/4687 VUs  0m44.2s/9m00.0s

running (0m45.2s), 1763/4687 VUs, 7090 complete and 0 interrupted iterations
users   [   8% ] 1763/4687 VUs  0m45.2s/9m00.0s

running (0m46.2s), 1802/4687 VUs, 7404 complete and 0 interrupted iterations
users   [   9% ] 1802/4687 VUs  0m46.2s/9m00.0s

running (0m47.2s), 1841/4687 VUs, 7760 complete and 0 interrupted iterations
users   [   9% ] 1841/4687 VUs  0m47.2s/9m00.0s

running (0m48.2s), 1880/4687 VUs, 8139 complete and 0 interrupted iterations
users   [   9% ] 1880/4687 VUs  0m48.2s/9m00.0s

running (0m49.2s), 1919/4687 VUs, 8510 complete and 0 interrupted iterations
users   [   9% ] 1919/4687 VUs  0m49.2s/9m00.0s

running (0m50.2s), 1958/4687 VUs, 8853 complete and 0 interrupted iterations
users   [   9% ] 1958/4687 VUs  0m50.2s/9m00.0s

running (0m51.2s), 1997/4687 VUs, 9237 complete and 0 interrupted iterations
users   [   9% ] 1997/4687 VUs  0m51.2s/9m00.0s

running (0m52.2s), 2036/4687 VUs, 9614 complete and 0 interrupted iterations
users   [  10% ] 2036/4687 VUs  0m52.2s/9m00.0s

running (0m53.2s), 2075/4687 VUs, 9980 complete and 0 interrupted iterations
users   [  10% ] 2075/4687 VUs  0m53.2s/9m00.0s

running (0m54.2s), 2115/4687 VUs, 10398 complete and 0 interrupted iterations
users   [  10% ] 2115/4687 VUs  0m54.2s/9m00.0s

running (0m55.2s), 2154/4687 VUs, 10821 complete and 0 interrupted iterations
users   [  10% ] 2154/4687 VUs  0m55.2s/9m00.0s

running (0m56.2s), 2193/4687 VUs, 11248 complete and 0 interrupted iterations
users   [  10% ] 2193/4687 VUs  0m56.2s/9m00.0s

running (0m57.2s), 2232/4687 VUs, 11639 complete and 0 interrupted iterations
users   [  11% ] 2232/4687 VUs  0m57.2s/9m00.0s

running (0m58.2s), 2271/4687 VUs, 12069 complete and 0 interrupted iterations
users   [  11% ] 2271/4687 VUs  0m58.2s/9m00.0s

running (0m59.2s), 2310/4687 VUs, 12483 complete and 0 interrupted iterations
users   [  11% ] 2310/4687 VUs  0m59.2s/9m00.0s

running (1m00.2s), 2349/4687 VUs, 12942 complete and 0 interrupted iterations
users   [  11% ] 2349/4687 VUs  1m00.2s/9m00.0s

running (1m01.2s), 2388/4687 VUs, 13421 complete and 0 interrupted iterations
users   [  11% ] 2388/4687 VUs  1m01.2s/9m00.0s

running (1m02.2s), 2427/4687 VUs, 13856 complete and 0 interrupted iterations
users   [  12% ] 2427/4687 VUs  1m02.2s/9m00.0s

running (1m03.2s), 2466/4687 VUs, 14316 complete and 0 interrupted iterations
users   [  12% ] 2466/4687 VUs  1m03.2s/9m00.0s

running (1m04.2s), 2505/4687 VUs, 14796 complete and 0 interrupted iterations
users   [  12% ] 2505/4687 VUs  1m04.2s/9m00.0s

running (1m05.2s), 2544/4687 VUs, 15304 complete and 0 interrupted iterations
users   [  12% ] 2544/4687 VUs  1m05.2s/9m00.0s

running (1m06.2s), 2583/4687 VUs, 15779 complete and 0 interrupted iterations
users   [  12% ] 2583/4687 VUs  1m06.2s/9m00.0s

running (1m07.2s), 2622/4687 VUs, 16263 complete and 0 interrupted iterations
users   [  12% ] 2622/4687 VUs  1m07.2s/9m00.0s

running (1m08.2s), 2661/4687 VUs, 16772 complete and 0 interrupted iterations
users   [  13% ] 2661/4687 VUs  1m08.2s/9m00.0s

running (1m09.2s), 2700/4687 VUs, 17306 complete and 0 interrupted iterations
users   [  13% ] 2700/4687 VUs  1m09.2s/9m00.0s

running (1m10.2s), 2739/4687 VUs, 17822 complete and 0 interrupted iterations
users   [  13% ] 2739/4687 VUs  1m10.2s/9m00.0s

running (1m11.2s), 2779/4687 VUs, 18326 complete and 0 interrupted iterations
users   [  13% ] 2779/4687 VUs  1m11.2s/9m00.0s

running (1m12.2s), 2818/4687 VUs, 18843 complete and 0 interrupted iterations
users   [  13% ] 2818/4687 VUs  1m12.2s/9m00.0s

running (1m13.2s), 2857/4687 VUs, 19392 complete and 0 interrupted iterations
users   [  14% ] 2857/4687 VUs  1m13.2s/9m00.0s

running (1m14.2s), 2896/4687 VUs, 19931 complete and 0 interrupted iterations
users   [  14% ] 2896/4687 VUs  1m14.2s/9m00.0s

running (1m15.2s), 2935/4687 VUs, 20473 complete and 0 interrupted iterations
users   [  14% ] 2935/4687 VUs  1m15.2s/9m00.0s

running (1m16.2s), 2974/4687 VUs, 21030 complete and 0 interrupted iterations
users   [  14% ] 2974/4687 VUs  1m16.2s/9m00.0s

running (1m17.2s), 3013/4687 VUs, 21576 complete and 0 interrupted iterations
users   [  14% ] 3013/4687 VUs  1m17.2s/9m00.0s

running (1m18.2s), 3052/4687 VUs, 22164 complete and 0 interrupted iterations
users   [  14% ] 3052/4687 VUs  1m18.2s/9m00.0s

running (1m19.2s), 3091/4687 VUs, 22751 complete and 0 interrupted iterations
users   [  15% ] 3091/4687 VUs  1m19.2s/9m00.0s

running (1m20.2s), 3130/4687 VUs, 23337 complete and 0 interrupted iterations
users   [  15% ] 3130/4687 VUs  1m20.2s/9m00.0s

running (1m21.2s), 3169/4687 VUs, 23945 complete and 0 interrupted iterations
users   [  15% ] 3169/4687 VUs  1m21.2s/9m00.0s

running (1m22.2s), 3208/4687 VUs, 24591 complete and 0 interrupted iterations
users   [  15% ] 3208/4687 VUs  1m22.2s/9m00.0s

running (1m23.2s), 3247/4687 VUs, 25183 complete and 0 interrupted iterations
users   [  15% ] 3247/4687 VUs  1m23.2s/9m00.0s

running (1m24.2s), 3286/4687 VUs, 25810 complete and 0 interrupted iterations
users   [  16% ] 3286/4687 VUs  1m24.2s/9m00.0s

running (1m25.2s), 3325/4687 VUs, 26455 complete and 0 interrupted iterations
users   [  16% ] 3325/4687 VUs  1m25.2s/9m00.0s

running (1m26.2s), 3364/4687 VUs, 27108 complete and 0 interrupted iterations
users   [  16% ] 3364/4687 VUs  1m26.2s/9m00.0s

running (1m27.2s), 3403/4687 VUs, 27716 complete and 0 interrupted iterations
users   [  16% ] 3403/4687 VUs  1m27.2s/9m00.0s

running (1m28.2s), 3443/4687 VUs, 28363 complete and 0 interrupted iterations
users   [  16% ] 3443/4687 VUs  1m28.2s/9m00.0s

running (1m29.2s), 3482/4687 VUs, 29002 complete and 0 interrupted iterations
users   [  17% ] 3482/4687 VUs  1m29.2s/9m00.0s

running (1m30.2s), 3521/4687 VUs, 29707 complete and 0 interrupted iterations
users   [  17% ] 3521/4687 VUs  1m30.2s/9m00.0s

running (1m31.2s), 3560/4687 VUs, 30381 complete and 0 interrupted iterations
users   [  17% ] 3560/4687 VUs  1m31.2s/9m00.0s

running (1m32.2s), 3599/4687 VUs, 31062 complete and 0 interrupted iterations
users   [  17% ] 3599/4687 VUs  1m32.2s/9m00.0s

running (1m33.2s), 3638/4687 VUs, 31777 complete and 0 interrupted iterations
users   [  17% ] 3638/4687 VUs  1m33.2s/9m00.0s

running (1m34.2s), 3677/4687 VUs, 32481 complete and 0 interrupted iterations
users   [  17% ] 3677/4687 VUs  1m34.2s/9m00.0s

running (1m35.2s), 3716/4687 VUs, 33209 complete and 0 interrupted iterations
users   [  18% ] 3716/4687 VUs  1m35.2s/9m00.0s

running (1m36.2s), 3755/4687 VUs, 33892 complete and 0 interrupted iterations
users   [  18% ] 3755/4687 VUs  1m36.2s/9m00.0s

running (1m37.2s), 3794/4687 VUs, 34652 complete and 0 interrupted iterations
users   [  18% ] 3794/4687 VUs  1m37.2s/9m00.0s

running (1m38.2s), 3833/4687 VUs, 35382 complete and 0 interrupted iterations
users   [  18% ] 3833/4687 VUs  1m38.2s/9m00.0s

running (1m39.2s), 3872/4687 VUs, 36090 complete and 0 interrupted iterations
users   [  18% ] 3872/4687 VUs  1m39.2s/9m00.0s

running (1m40.2s), 3911/4687 VUs, 36870 complete and 0 interrupted iterations
users   [  19% ] 3911/4687 VUs  1m40.2s/9m00.0s

running (1m41.2s), 3950/4687 VUs, 37633 complete and 0 interrupted iterations
users   [  19% ] 3950/4687 VUs  1m41.2s/9m00.0s

running (1m42.2s), 3989/4687 VUs, 38373 complete and 0 interrupted iterations
users   [  19% ] 3989/4687 VUs  1m42.2s/9m00.0s

running (1m43.2s), 4028/4687 VUs, 39188 complete and 0 interrupted iterations
users   [  19% ] 4028/4687 VUs  1m43.2s/9m00.0s

running (1m44.2s), 4067/4687 VUs, 39948 complete and 0 interrupted iterations
users   [  19% ] 4067/4687 VUs  1m44.2s/9m00.0s

running (1m45.2s), 4107/4687 VUs, 40714 complete and 0 interrupted iterations
users   [  19% ] 4107/4687 VUs  1m45.2s/9m00.0s

running (1m46.2s), 4146/4687 VUs, 41510 complete and 0 interrupted iterations
users   [  20% ] 4146/4687 VUs  1m46.2s/9m00.0s

running (1m47.2s), 4185/4687 VUs, 42315 complete and 0 interrupted iterations
users   [  20% ] 4185/4687 VUs  1m47.2s/9m00.0s

running (1m48.2s), 4224/4687 VUs, 43111 complete and 0 interrupted iterations
users   [  20% ] 4224/4687 VUs  1m48.2s/9m00.0s

running (1m49.2s), 4263/4687 VUs, 43904 complete and 0 interrupted iterations
users   [  20% ] 4263/4687 VUs  1m49.2s/9m00.0s

running (1m50.2s), 4302/4687 VUs, 44759 complete and 0 interrupted iterations
users   [  20% ] 4302/4687 VUs  1m50.2s/9m00.0s

running (1m51.2s), 4341/4687 VUs, 45565 complete and 0 interrupted iterations
users   [  21% ] 4341/4687 VUs  1m51.2s/9m00.0s

running (1m52.2s), 4380/4687 VUs, 46400 complete and 0 interrupted iterations
users   [  21% ] 4380/4687 VUs  1m52.2s/9m00.0s

running (1m53.2s), 4419/4687 VUs, 47224 complete and 0 interrupted iterations
users   [  21% ] 4419/4687 VUs  1m53.2s/9m00.0s

running (1m54.2s), 4458/4687 VUs, 48149 complete and 0 interrupted iterations
users   [  21% ] 4458/4687 VUs  1m54.2s/9m00.0s

running (1m55.2s), 4497/4687 VUs, 49021 complete and 0 interrupted iterations
users   [  21% ] 4497/4687 VUs  1m55.2s/9m00.0s

running (1m56.2s), 4536/4687 VUs, 49833 complete and 0 interrupted iterations
users   [  22% ] 4536/4687 VUs  1m56.2s/9m00.0s

running (1m57.2s), 4575/4687 VUs, 50639 complete and 0 interrupted iterations
users   [  22% ] 4575/4687 VUs  1m57.2s/9m00.0s

running (1m58.2s), 4614/4687 VUs, 51581 complete and 0 interrupted iterations
users   [  22% ] 4614/4687 VUs  1m58.2s/9m00.0s

running (1m59.2s), 4653/4687 VUs, 52503 complete and 0 interrupted iterations
users   [  22% ] 4653/4687 VUs  1m59.2s/9m00.0s

running (2m00.2s), 4687/4687 VUs, 53406 complete and 0 interrupted iterations
users   [  22% ] 4687/4687 VUs  2m00.2s/9m00.0s

running (2m01.2s), 4687/4687 VUs, 54351 complete and 0 interrupted iterations
users   [  22% ] 4687/4687 VUs  2m01.2s/9m00.0s

running (2m02.2s), 4687/4687 VUs, 55243 complete and 0 interrupted iterations
users   [  23% ] 4687/4687 VUs  2m02.2s/9m00.0s

running (2m03.2s), 4687/4687 VUs, 56130 complete and 0 interrupted iterations
users   [  23% ] 4687/4687 VUs  2m03.2s/9m00.0s

running (2m04.2s), 4687/4687 VUs, 57110 complete and 0 interrupted iterations
users   [  23% ] 4687/4687 VUs  2m04.2s/9m00.0s

running (2m05.2s), 4687/4687 VUs, 58055 complete and 0 interrupted iterations
users   [  23% ] 4687/4687 VUs  2m05.2s/9m00.0s

running (2m06.2s), 4687/4687 VUs, 58970 complete and 0 interrupted iterations
users   [  23% ] 4687/4687 VUs  2m06.2s/9m00.0s

running (2m07.2s), 4687/4687 VUs, 59866 complete and 0 interrupted iterations
users   [  24% ] 4687/4687 VUs  2m07.2s/9m00.0s

running (2m08.2s), 4687/4687 VUs, 60779 complete and 0 interrupted iterations
users   [  24% ] 4687/4687 VUs  2m08.2s/9m00.0s

running (2m09.2s), 4687/4687 VUs, 61716 complete and 0 interrupted iterations
users   [  24% ] 4687/4687 VUs  2m09.2s/9m00.0s

running (2m10.2s), 4687/4687 VUs, 62650 complete and 0 interrupted iterations
users   [  24% ] 4687/4687 VUs  2m10.2s/9m00.0s

running (2m11.2s), 4687/4687 VUs, 63569 complete and 0 interrupted iterations
users   [  24% ] 4687/4687 VUs  2m11.2s/9m00.0s

running (2m12.2s), 4687/4687 VUs, 64496 complete and 0 interrupted iterations
users   [  24% ] 4687/4687 VUs  2m12.2s/9m00.0s

running (2m13.2s), 4687/4687 VUs, 65416 complete and 0 interrupted iterations
users   [  25% ] 4687/4687 VUs  2m13.2s/9m00.0s

running (2m14.2s), 4687/4687 VUs, 66357 complete and 0 interrupted iterations
users   [  25% ] 4687/4687 VUs  2m14.2s/9m00.0s

running (2m15.2s), 4687/4687 VUs, 67269 complete and 0 interrupted iterations
users   [  25% ] 4687/4687 VUs  2m15.2s/9m00.0s

running (2m16.2s), 4687/4687 VUs, 68196 complete and 0 interrupted iterations
users   [  25% ] 4687/4687 VUs  2m16.2s/9m00.0s

running (2m17.2s), 4687/4687 VUs, 69131 complete and 0 interrupted iterations
users   [  25% ] 4687/4687 VUs  2m17.2s/9m00.0s

running (2m18.2s), 4687/4687 VUs, 70012 complete and 0 interrupted iterations
users   [  26% ] 4687/4687 VUs  2m18.2s/9m00.0s

running (2m19.2s), 4687/4687 VUs, 70867 complete and 0 interrupted iterations
users   [  26% ] 4687/4687 VUs  2m19.2s/9m00.0s

running (2m20.2s), 4687/4687 VUs, 71719 complete and 0 interrupted iterations
users   [  26% ] 4687/4687 VUs  2m20.2s/9m00.0s

running (2m21.2s), 4687/4687 VUs, 72639 complete and 0 interrupted iterations
users   [  26% ] 4687/4687 VUs  2m21.2s/9m00.0s

running (2m22.2s), 4687/4687 VUs, 73586 complete and 0 interrupted iterations
users   [  26% ] 4687/4687 VUs  2m22.2s/9m00.0s

running (2m23.2s), 4687/4687 VUs, 74560 complete and 0 interrupted iterations
users   [  27% ] 4687/4687 VUs  2m23.2s/9m00.0s

running (2m24.2s), 4687/4687 VUs, 75529 complete and 0 interrupted iterations
users   [  27% ] 4687/4687 VUs  2m24.2s/9m00.0s

running (2m25.2s), 4687/4687 VUs, 76412 complete and 0 interrupted iterations
users   [  27% ] 4687/4687 VUs  2m25.2s/9m00.0s

running (2m26.2s), 4687/4687 VUs, 77322 complete and 0 interrupted iterations
users   [  27% ] 4687/4687 VUs  2m26.2s/9m00.0s

running (2m27.2s), 4687/4687 VUs, 78240 complete and 0 interrupted iterations
users   [  27% ] 4687/4687 VUs  2m27.2s/9m00.0s

running (2m28.2s), 4687/4687 VUs, 79195 complete and 0 interrupted iterations
users   [  27% ] 4687/4687 VUs  2m28.2s/9m00.0s

running (2m29.2s), 4687/4687 VUs, 80111 complete and 0 interrupted iterations
users   [  28% ] 4687/4687 VUs  2m29.2s/9m00.0s

running (2m30.2s), 4687/4687 VUs, 81002 complete and 0 interrupted iterations
users   [  28% ] 4687/4687 VUs  2m30.2s/9m00.0s

running (2m31.2s), 4687/4687 VUs, 81954 complete and 0 interrupted iterations
users   [  28% ] 4687/4687 VUs  2m31.2s/9m00.0s

running (2m32.2s), 4687/4687 VUs, 82865 complete and 0 interrupted iterations
users   [  28% ] 4687/4687 VUs  2m32.2s/9m00.0s

running (2m33.2s), 4687/4687 VUs, 83800 complete and 0 interrupted iterations
users   [  28% ] 4687/4687 VUs  2m33.2s/9m00.0s

running (2m34.2s), 4687/4687 VUs, 84725 complete and 0 interrupted iterations
users   [  29% ] 4687/4687 VUs  2m34.2s/9m00.0s

running (2m35.2s), 4687/4687 VUs, 85654 complete and 0 interrupted iterations
users   [  29% ] 4687/4687 VUs  2m35.2s/9m00.0s

running (2m36.2s), 4687/4687 VUs, 86600 complete and 0 interrupted iterations
users   [  29% ] 4687/4687 VUs  2m36.2s/9m00.0s

running (2m37.2s), 4687/4687 VUs, 87483 complete and 0 interrupted iterations
users   [  29% ] 4687/4687 VUs  2m37.2s/9m00.0s

running (2m38.2s), 4687/4687 VUs, 88419 complete and 0 interrupted iterations
users   [  29% ] 4687/4687 VUs  2m38.2s/9m00.0s

running (2m39.2s), 4687/4687 VUs, 89384 complete and 0 interrupted iterations
users   [  29% ] 4687/4687 VUs  2m39.2s/9m00.0s

running (2m40.2s), 4687/4687 VUs, 90332 complete and 0 interrupted iterations
users   [  30% ] 4687/4687 VUs  2m40.2s/9m00.0s

running (2m41.2s), 4687/4687 VUs, 91229 complete and 0 interrupted iterations
users   [  30% ] 4687/4687 VUs  2m41.2s/9m00.0s

running (2m42.2s), 4687/4687 VUs, 92142 complete and 0 interrupted iterations
users   [  30% ] 4687/4687 VUs  2m42.2s/9m00.0s

running (2m43.2s), 4687/4687 VUs, 93124 complete and 0 interrupted iterations
users   [  30% ] 4687/4687 VUs  2m43.2s/9m00.0s

running (2m44.2s), 4687/4687 VUs, 94038 complete and 0 interrupted iterations
users   [  30% ] 4687/4687 VUs  2m44.2s/9m00.0s

running (2m45.2s), 4687/4687 VUs, 94976 complete and 0 interrupted iterations
users   [  31% ] 4687/4687 VUs  2m45.2s/9m00.0s

running (2m46.2s), 4687/4687 VUs, 95898 complete and 0 interrupted iterations
users   [  31% ] 4687/4687 VUs  2m46.2s/9m00.0s

running (2m47.2s), 4687/4687 VUs, 96795 complete and 0 interrupted iterations
users   [  31% ] 4687/4687 VUs  2m47.2s/9m00.0s

running (2m48.2s), 4687/4687 VUs, 97745 complete and 0 interrupted iterations
users   [  31% ] 4687/4687 VUs  2m48.2s/9m00.0s

running (2m49.2s), 4687/4687 VUs, 98703 complete and 0 interrupted iterations
users   [  31% ] 4687/4687 VUs  2m49.2s/9m00.0s

running (2m50.2s), 4687/4687 VUs, 99631 complete and 0 interrupted iterations
users   [  32% ] 4687/4687 VUs  2m50.2s/9m00.0s

running (2m51.2s), 4687/4687 VUs, 100546 complete and 0 interrupted iterations
users   [  32% ] 4687/4687 VUs  2m51.2s/9m00.0s

running (2m52.2s), 4687/4687 VUs, 101456 complete and 0 interrupted iterations
users   [  32% ] 4687/4687 VUs  2m52.2s/9m00.0s

running (2m53.2s), 4687/4687 VUs, 102364 complete and 0 interrupted iterations
users   [  32% ] 4687/4687 VUs  2m53.2s/9m00.0s

running (2m54.2s), 4687/4687 VUs, 103298 complete and 0 interrupted iterations
users   [  32% ] 4687/4687 VUs  2m54.2s/9m00.0s

running (2m55.2s), 4687/4687 VUs, 104268 complete and 0 interrupted iterations
users   [  32% ] 4687/4687 VUs  2m55.2s/9m00.0s

running (2m56.2s), 4687/4687 VUs, 105161 complete and 0 interrupted iterations
users   [  33% ] 4687/4687 VUs  2m56.2s/9m00.0s

running (2m57.2s), 4687/4687 VUs, 106044 complete and 0 interrupted iterations
users   [  33% ] 4687/4687 VUs  2m57.2s/9m00.0s

running (2m58.2s), 4687/4687 VUs, 106999 complete and 0 interrupted iterations
users   [  33% ] 4687/4687 VUs  2m58.2s/9m00.0s

running (2m59.2s), 4687/4687 VUs, 107993 complete and 0 interrupted iterations
users   [  33% ] 4687/4687 VUs  2m59.2s/9m00.0s

running (3m00.2s), 4687/4687 VUs, 108888 complete and 0 interrupted iterations
users   [  33% ] 4687/4687 VUs  3m00.2s/9m00.0s

running (3m01.2s), 4687/4687 VUs, 109816 complete and 0 interrupted iterations
users   [  34% ] 4687/4687 VUs  3m01.2s/9m00.0s

running (3m02.2s), 4687/4687 VUs, 110720 complete and 0 interrupted iterations
users   [  34% ] 4687/4687 VUs  3m02.2s/9m00.0s

running (3m03.2s), 4687/4687 VUs, 111640 complete and 0 interrupted iterations
users   [  34% ] 4687/4687 VUs  3m03.2s/9m00.0s

running (3m04.2s), 4687/4687 VUs, 112564 complete and 0 interrupted iterations
users   [  34% ] 4687/4687 VUs  3m04.2s/9m00.0s

running (3m05.2s), 4687/4687 VUs, 113486 complete and 0 interrupted iterations
users   [  34% ] 4687/4687 VUs  3m05.2s/9m00.0s

running (3m06.2s), 4687/4687 VUs, 114399 complete and 0 interrupted iterations
users   [  34% ] 4687/4687 VUs  3m06.2s/9m00.0s

running (3m07.2s), 4687/4687 VUs, 115341 complete and 0 interrupted iterations
users   [  35% ] 4687/4687 VUs  3m07.2s/9m00.0s

running (3m08.2s), 4687/4687 VUs, 116272 complete and 0 interrupted iterations
users   [  35% ] 4687/4687 VUs  3m08.2s/9m00.0s

running (3m09.2s), 4687/4687 VUs, 117224 complete and 0 interrupted iterations
users   [  35% ] 4687/4687 VUs  3m09.2s/9m00.0s

running (3m10.2s), 4687/4687 VUs, 118153 complete and 0 interrupted iterations
users   [  35% ] 4687/4687 VUs  3m10.2s/9m00.0s

running (3m11.2s), 4687/4687 VUs, 119059 complete and 0 interrupted iterations
users   [  35% ] 4687/4687 VUs  3m11.2s/9m00.0s

running (3m12.2s), 4687/4687 VUs, 119998 complete and 0 interrupted iterations
users   [  36% ] 4687/4687 VUs  3m12.2s/9m00.0s

running (3m13.2s), 4687/4687 VUs, 120949 complete and 0 interrupted iterations
users   [  36% ] 4687/4687 VUs  3m13.2s/9m00.0s

running (3m14.2s), 4687/4687 VUs, 121884 complete and 0 interrupted iterations
users   [  36% ] 4687/4687 VUs  3m14.2s/9m00.0s

running (3m15.2s), 4687/4687 VUs, 122783 complete and 0 interrupted iterations
users   [  36% ] 4687/4687 VUs  3m15.2s/9m00.0s

running (3m16.2s), 4687/4687 VUs, 123714 complete and 0 interrupted iterations
users   [  36% ] 4687/4687 VUs  3m16.2s/9m00.0s

running (3m17.2s), 4687/4687 VUs, 124668 complete and 0 interrupted iterations
users   [  37% ] 4687/4687 VUs  3m17.2s/9m00.0s

running (3m18.2s), 4687/4687 VUs, 125579 complete and 0 interrupted iterations
users   [  37% ] 4687/4687 VUs  3m18.2s/9m00.0s

running (3m19.2s), 4687/4687 VUs, 126510 complete and 0 interrupted iterations
users   [  37% ] 4687/4687 VUs  3m19.2s/9m00.0s

running (3m20.2s), 4687/4687 VUs, 127458 complete and 0 interrupted iterations
users   [  37% ] 4687/4687 VUs  3m20.2s/9m00.0s

running (3m21.2s), 4687/4687 VUs, 128355 complete and 0 interrupted iterations
users   [  37% ] 4687/4687 VUs  3m21.2s/9m00.0s

running (3m22.2s), 4687/4687 VUs, 129266 complete and 0 interrupted iterations
users   [  37% ] 4687/4687 VUs  3m22.2s/9m00.0s

running (3m23.2s), 4687/4687 VUs, 130211 complete and 0 interrupted iterations
users   [  38% ] 4687/4687 VUs  3m23.2s/9m00.0s

running (3m24.2s), 4687/4687 VUs, 131149 complete and 0 interrupted iterations
users   [  38% ] 4687/4687 VUs  3m24.2s/9m00.0s

running (3m25.2s), 4687/4687 VUs, 132093 complete and 0 interrupted iterations
users   [  38% ] 4687/4687 VUs  3m25.2s/9m00.0s

running (3m26.2s), 4687/4687 VUs, 133026 complete and 0 interrupted iterations
users   [  38% ] 4687/4687 VUs  3m26.2s/9m00.0s

running (3m27.2s), 4687/4687 VUs, 133934 complete and 0 interrupted iterations
users   [  38% ] 4687/4687 VUs  3m27.2s/9m00.0s

running (3m28.2s), 4687/4687 VUs, 134843 complete and 0 interrupted iterations
users   [  39% ] 4687/4687 VUs  3m28.2s/9m00.0s

running (3m29.2s), 4687/4687 VUs, 135777 complete and 0 interrupted iterations
users   [  39% ] 4687/4687 VUs  3m29.2s/9m00.0s

running (3m30.2s), 4687/4687 VUs, 136706 complete and 0 interrupted iterations
users   [  39% ] 4687/4687 VUs  3m30.2s/9m00.0s

running (3m31.2s), 4687/4687 VUs, 137608 complete and 0 interrupted iterations
users   [  39% ] 4687/4687 VUs  3m31.2s/9m00.0s

running (3m32.2s), 4687/4687 VUs, 138516 complete and 0 interrupted iterations
users   [  39% ] 4687/4687 VUs  3m32.2s/9m00.0s

running (3m33.2s), 4687/4687 VUs, 139497 complete and 0 interrupted iterations
users   [  39% ] 4687/4687 VUs  3m33.2s/9m00.0s

running (3m34.2s), 4687/4687 VUs, 140457 complete and 0 interrupted iterations
users   [  40% ] 4687/4687 VUs  3m34.2s/9m00.0s

running (3m35.2s), 4687/4687 VUs, 141375 complete and 0 interrupted iterations
users   [  40% ] 4687/4687 VUs  3m35.2s/9m00.0s

running (3m36.2s), 4687/4687 VUs, 142280 complete and 0 interrupted iterations
users   [  40% ] 4687/4687 VUs  3m36.2s/9m00.0s

running (3m37.2s), 4687/4687 VUs, 143187 complete and 0 interrupted iterations
users   [  40% ] 4687/4687 VUs  3m37.2s/9m00.0s

running (3m38.2s), 4687/4687 VUs, 144130 complete and 0 interrupted iterations
users   [  40% ] 4687/4687 VUs  3m38.2s/9m00.0s

running (3m39.2s), 4687/4687 VUs, 145065 complete and 0 interrupted iterations
users   [  41% ] 4687/4687 VUs  3m39.2s/9m00.0s

running (3m40.2s), 4687/4687 VUs, 146028 complete and 0 interrupted iterations
users   [  41% ] 4687/4687 VUs  3m40.2s/9m00.0s

running (3m41.2s), 4687/4687 VUs, 146935 complete and 0 interrupted iterations
users   [  41% ] 4687/4687 VUs  3m41.2s/9m00.0s

running (3m42.2s), 4687/4687 VUs, 147837 complete and 0 interrupted iterations
users   [  41% ] 4687/4687 VUs  3m42.2s/9m00.0s

running (3m43.2s), 4687/4687 VUs, 148747 complete and 0 interrupted iterations
users   [  41% ] 4687/4687 VUs  3m43.2s/9m00.0s

running (3m44.2s), 4687/4687 VUs, 149676 complete and 0 interrupted iterations
users   [  42% ] 4687/4687 VUs  3m44.2s/9m00.0s

running (3m45.2s), 4687/4687 VUs, 150657 complete and 0 interrupted iterations
users   [  42% ] 4687/4687 VUs  3m45.2s/9m00.0s

running (3m46.2s), 4687/4687 VUs, 151536 complete and 0 interrupted iterations
users   [  42% ] 4687/4687 VUs  3m46.2s/9m00.0s

running (3m47.2s), 4687/4687 VUs, 152491 complete and 0 interrupted iterations
users   [  42% ] 4687/4687 VUs  3m47.2s/9m00.0s

running (3m48.2s), 4687/4687 VUs, 153392 complete and 0 interrupted iterations
users   [  42% ] 4687/4687 VUs  3m48.2s/9m00.0s

running (3m49.2s), 4687/4687 VUs, 154318 complete and 0 interrupted iterations
users   [  42% ] 4687/4687 VUs  3m49.2s/9m00.0s

running (3m50.2s), 4687/4687 VUs, 155254 complete and 0 interrupted iterations
users   [  43% ] 4687/4687 VUs  3m50.2s/9m00.0s

running (3m51.2s), 4687/4687 VUs, 156190 complete and 0 interrupted iterations
users   [  43% ] 4687/4687 VUs  3m51.2s/9m00.0s

running (3m52.2s), 4687/4687 VUs, 157095 complete and 0 interrupted iterations
users   [  43% ] 4687/4687 VUs  3m52.2s/9m00.0s

running (3m53.2s), 4687/4687 VUs, 158027 complete and 0 interrupted iterations
users   [  43% ] 4687/4687 VUs  3m53.2s/9m00.0s

running (3m54.2s), 4687/4687 VUs, 158990 complete and 0 interrupted iterations
users   [  43% ] 4687/4687 VUs  3m54.2s/9m00.0s

running (3m55.2s), 4687/4687 VUs, 159855 complete and 0 interrupted iterations
users   [  44% ] 4687/4687 VUs  3m55.2s/9m00.0s

running (3m56.2s), 4687/4687 VUs, 160795 complete and 0 interrupted iterations
users   [  44% ] 4687/4687 VUs  3m56.2s/9m00.0s

running (3m57.2s), 4687/4687 VUs, 161772 complete and 0 interrupted iterations
users   [  44% ] 4687/4687 VUs  3m57.2s/9m00.0s

running (3m58.2s), 4687/4687 VUs, 162649 complete and 0 interrupted iterations
users   [  44% ] 4687/4687 VUs  3m58.2s/9m00.0s

running (3m59.2s), 4687/4687 VUs, 163563 complete and 0 interrupted iterations
users   [  44% ] 4687/4687 VUs  3m59.2s/9m00.0s

running (4m00.2s), 4687/4687 VUs, 164493 complete and 0 interrupted iterations
users   [  44% ] 4687/4687 VUs  4m00.2s/9m00.0s

running (4m01.2s), 4687/4687 VUs, 165440 complete and 0 interrupted iterations
users   [  45% ] 4687/4687 VUs  4m01.2s/9m00.0s

running (4m02.2s), 4687/4687 VUs, 166372 complete and 0 interrupted iterations
users   [  45% ] 4687/4687 VUs  4m02.2s/9m00.0s

running (4m03.2s), 4687/4687 VUs, 167301 complete and 0 interrupted iterations
users   [  45% ] 4687/4687 VUs  4m03.2s/9m00.0s

running (4m04.2s), 4687/4687 VUs, 168200 complete and 0 interrupted iterations
users   [  45% ] 4687/4687 VUs  4m04.2s/9m00.0s

running (4m05.2s), 4687/4687 VUs, 169153 complete and 0 interrupted iterations
users   [  45% ] 4687/4687 VUs  4m05.2s/9m00.0s

running (4m06.2s), 4687/4687 VUs, 170080 complete and 0 interrupted iterations
users   [  46% ] 4687/4687 VUs  4m06.2s/9m00.0s

running (4m07.2s), 4687/4687 VUs, 170991 complete and 0 interrupted iterations
users   [  46% ] 4687/4687 VUs  4m07.2s/9m00.0s

running (4m08.2s), 4687/4687 VUs, 171923 complete and 0 interrupted iterations
users   [  46% ] 4687/4687 VUs  4m08.2s/9m00.0s

running (4m09.2s), 4687/4687 VUs, 172839 complete and 0 interrupted iterations
users   [  46% ] 4687/4687 VUs  4m09.2s/9m00.0s

running (4m10.2s), 4687/4687 VUs, 173722 complete and 0 interrupted iterations
users   [  46% ] 4687/4687 VUs  4m10.2s/9m00.0s

running (4m11.2s), 4687/4687 VUs, 174662 complete and 0 interrupted iterations
users   [  47% ] 4687/4687 VUs  4m11.2s/9m00.0s

running (4m12.2s), 4687/4687 VUs, 175584 complete and 0 interrupted iterations
users   [  47% ] 4687/4687 VUs  4m12.2s/9m00.0s

running (4m13.2s), 4687/4687 VUs, 176571 complete and 0 interrupted iterations
users   [  47% ] 4687/4687 VUs  4m13.2s/9m00.0s

running (4m14.2s), 4687/4687 VUs, 177501 complete and 0 interrupted iterations
users   [  47% ] 4687/4687 VUs  4m14.2s/9m00.0s

running (4m15.2s), 4687/4687 VUs, 178439 complete and 0 interrupted iterations
users   [  47% ] 4687/4687 VUs  4m15.2s/9m00.0s

running (4m16.2s), 4687/4687 VUs, 179367 complete and 0 interrupted iterations
users   [  47% ] 4687/4687 VUs  4m16.2s/9m00.0s

running (4m17.2s), 4687/4687 VUs, 180300 complete and 0 interrupted iterations
users   [  48% ] 4687/4687 VUs  4m17.2s/9m00.0s

running (4m18.2s), 4687/4687 VUs, 181114 complete and 0 interrupted iterations
users   [  48% ] 4687/4687 VUs  4m18.2s/9m00.0s

running (4m19.2s), 4687/4687 VUs, 181872 complete and 0 interrupted iterations
users   [  48% ] 4687/4687 VUs  4m19.2s/9m00.0s

running (4m20.2s), 4687/4687 VUs, 182683 complete and 0 interrupted iterations
users   [  48% ] 4687/4687 VUs  4m20.2s/9m00.0s

running (4m21.2s), 4687/4687 VUs, 183585 complete and 0 interrupted iterations
users   [  48% ] 4687/4687 VUs  4m21.2s/9m00.0s

running (4m22.2s), 4687/4687 VUs, 184495 complete and 0 interrupted iterations
users   [  49% ] 4687/4687 VUs  4m22.2s/9m00.0s

running (4m23.2s), 4687/4687 VUs, 185442 complete and 0 interrupted iterations
users   [  49% ] 4687/4687 VUs  4m23.2s/9m00.0s

running (4m24.2s), 4687/4687 VUs, 186448 complete and 0 interrupted iterations
users   [  49% ] 4687/4687 VUs  4m24.2s/9m00.0s

running (4m25.2s), 4687/4687 VUs, 187397 complete and 0 interrupted iterations
users   [  49% ] 4687/4687 VUs  4m25.2s/9m00.0s

running (4m26.2s), 4687/4687 VUs, 188275 complete and 0 interrupted iterations
users   [  49% ] 4687/4687 VUs  4m26.2s/9m00.0s

running (4m27.2s), 4687/4687 VUs, 189177 complete and 0 interrupted iterations
users   [  49% ] 4687/4687 VUs  4m27.2s/9m00.0s

running (4m28.2s), 4687/4687 VUs, 190113 complete and 0 interrupted iterations
users   [  50% ] 4687/4687 VUs  4m28.2s/9m00.0s

running (4m29.2s), 4687/4687 VUs, 191055 complete and 0 interrupted iterations
users   [  50% ] 4687/4687 VUs  4m29.2s/9m00.0s

running (4m30.2s), 4687/4687 VUs, 191967 complete and 0 interrupted iterations
users   [  50% ] 4687/4687 VUs  4m30.2s/9m00.0s

running (4m31.2s), 4687/4687 VUs, 192915 complete and 0 interrupted iterations
users   [  50% ] 4687/4687 VUs  4m31.2s/9m00.0s

running (4m32.2s), 4687/4687 VUs, 193827 complete and 0 interrupted iterations
users   [  50% ] 4687/4687 VUs  4m32.2s/9m00.0s

running (4m33.2s), 4687/4687 VUs, 194746 complete and 0 interrupted iterations
users   [  51% ] 4687/4687 VUs  4m33.2s/9m00.0s

running (4m34.2s), 4687/4687 VUs, 195694 complete and 0 interrupted iterations
users   [  51% ] 4687/4687 VUs  4m34.2s/9m00.0s

running (4m35.2s), 4687/4687 VUs, 196607 complete and 0 interrupted iterations
users   [  51% ] 4687/4687 VUs  4m35.2s/9m00.0s

running (4m36.2s), 4687/4687 VUs, 197584 complete and 0 interrupted iterations
users   [  51% ] 4687/4687 VUs  4m36.2s/9m00.0s

running (4m37.2s), 4687/4687 VUs, 198505 complete and 0 interrupted iterations
users   [  51% ] 4687/4687 VUs  4m37.2s/9m00.0s

running (4m38.2s), 4687/4687 VUs, 199419 complete and 0 interrupted iterations
users   [  52% ] 4687/4687 VUs  4m38.2s/9m00.0s

running (4m39.2s), 4687/4687 VUs, 200346 complete and 0 interrupted iterations
users   [  52% ] 4687/4687 VUs  4m39.2s/9m00.0s

running (4m40.2s), 4687/4687 VUs, 201242 complete and 0 interrupted iterations
users   [  52% ] 4687/4687 VUs  4m40.2s/9m00.0s

running (4m41.2s), 4687/4687 VUs, 202199 complete and 0 interrupted iterations
users   [  52% ] 4687/4687 VUs  4m41.2s/9m00.0s

running (4m42.2s), 4687/4687 VUs, 203086 complete and 0 interrupted iterations
users   [  52% ] 4687/4687 VUs  4m42.2s/9m00.0s

running (4m43.2s), 4687/4687 VUs, 204009 complete and 0 interrupted iterations
users   [  52% ] 4687/4687 VUs  4m43.2s/9m00.0s

running (4m44.2s), 4687/4687 VUs, 204937 complete and 0 interrupted iterations
users   [  53% ] 4687/4687 VUs  4m44.2s/9m00.0s

running (4m45.2s), 4687/4687 VUs, 205843 complete and 0 interrupted iterations
users   [  53% ] 4687/4687 VUs  4m45.2s/9m00.0s

running (4m46.2s), 4687/4687 VUs, 206792 complete and 0 interrupted iterations
users   [  53% ] 4687/4687 VUs  4m46.2s/9m00.0s

running (4m47.2s), 4687/4687 VUs, 207725 complete and 0 interrupted iterations
users   [  53% ] 4687/4687 VUs  4m47.2s/9m00.0s

running (4m48.2s), 4687/4687 VUs, 208597 complete and 0 interrupted iterations
users   [  53% ] 4687/4687 VUs  4m48.2s/9m00.0s

running (4m49.2s), 4687/4687 VUs, 209537 complete and 0 interrupted iterations
users   [  54% ] 4687/4687 VUs  4m49.2s/9m00.0s

running (4m50.2s), 4687/4687 VUs, 210469 complete and 0 interrupted iterations
users   [  54% ] 4687/4687 VUs  4m50.2s/9m00.0s

running (4m51.2s), 4687/4687 VUs, 211431 complete and 0 interrupted iterations
users   [  54% ] 4687/4687 VUs  4m51.2s/9m00.0s

running (4m52.2s), 4687/4687 VUs, 212349 complete and 0 interrupted iterations
users   [  54% ] 4687/4687 VUs  4m52.2s/9m00.0s

running (4m53.2s), 4687/4687 VUs, 213316 complete and 0 interrupted iterations
users   [  54% ] 4687/4687 VUs  4m53.2s/9m00.0s

running (4m54.2s), 4687/4687 VUs, 214215 complete and 0 interrupted iterations
users   [  54% ] 4687/4687 VUs  4m54.2s/9m00.0s

running (4m55.2s), 4687/4687 VUs, 215113 complete and 0 interrupted iterations
users   [  55% ] 4687/4687 VUs  4m55.2s/9m00.0s

running (4m56.2s), 4687/4687 VUs, 215977 complete and 0 interrupted iterations
users   [  55% ] 4687/4687 VUs  4m56.2s/9m00.0s

running (4m57.2s), 4687/4687 VUs, 216940 complete and 0 interrupted iterations
users   [  55% ] 4687/4687 VUs  4m57.2s/9m00.0s

running (4m58.2s), 4687/4687 VUs, 217920 complete and 0 interrupted iterations
users   [  55% ] 4687/4687 VUs  4m58.2s/9m00.0s

running (4m59.2s), 4687/4687 VUs, 218816 complete and 0 interrupted iterations
users   [  55% ] 4687/4687 VUs  4m59.2s/9m00.0s

running (5m00.2s), 4687/4687 VUs, 219689 complete and 0 interrupted iterations
users   [  56% ] 4687/4687 VUs  5m00.2s/9m00.0s

running (5m01.2s), 4687/4687 VUs, 220611 complete and 0 interrupted iterations
users   [  56% ] 4687/4687 VUs  5m01.2s/9m00.0s

running (5m02.2s), 4687/4687 VUs, 221552 complete and 0 interrupted iterations
users   [  56% ] 4687/4687 VUs  5m02.2s/9m00.0s

running (5m03.2s), 4687/4687 VUs, 222493 complete and 0 interrupted iterations
users   [  56% ] 4687/4687 VUs  5m03.2s/9m00.0s

running (5m04.2s), 4687/4687 VUs, 223415 complete and 0 interrupted iterations
users   [  56% ] 4687/4687 VUs  5m04.2s/9m00.0s

running (5m05.2s), 4687/4687 VUs, 224341 complete and 0 interrupted iterations
users   [  57% ] 4687/4687 VUs  5m05.2s/9m00.0s

running (5m06.2s), 4687/4687 VUs, 225250 complete and 0 interrupted iterations
users   [  57% ] 4687/4687 VUs  5m06.2s/9m00.0s

running (5m07.2s), 4687/4687 VUs, 226120 complete and 0 interrupted iterations
users   [  57% ] 4687/4687 VUs  5m07.2s/9m00.0s

running (5m08.2s), 4687/4687 VUs, 227124 complete and 0 interrupted iterations
users   [  57% ] 4687/4687 VUs  5m08.2s/9m00.0s

running (5m09.2s), 4687/4687 VUs, 228055 complete and 0 interrupted iterations
users   [  57% ] 4687/4687 VUs  5m09.2s/9m00.0s

running (5m10.2s), 4687/4687 VUs, 228971 complete and 0 interrupted iterations
users   [  57% ] 4687/4687 VUs  5m10.2s/9m00.0s

running (5m11.2s), 4687/4687 VUs, 229946 complete and 0 interrupted iterations
users   [  58% ] 4687/4687 VUs  5m11.2s/9m00.0s

running (5m12.2s), 4687/4687 VUs, 230821 complete and 0 interrupted iterations
users   [  58% ] 4687/4687 VUs  5m12.2s/9m00.0s

running (5m13.2s), 4687/4687 VUs, 231730 complete and 0 interrupted iterations
users   [  58% ] 4687/4687 VUs  5m13.2s/9m00.0s

running (5m14.2s), 4687/4687 VUs, 232662 complete and 0 interrupted iterations
users   [  58% ] 4687/4687 VUs  5m14.2s/9m00.0s

running (5m15.2s), 4687/4687 VUs, 233635 complete and 0 interrupted iterations
users   [  58% ] 4687/4687 VUs  5m15.2s/9m00.0s

running (5m16.2s), 4687/4687 VUs, 234512 complete and 0 interrupted iterations
users   [  59% ] 4687/4687 VUs  5m16.2s/9m00.0s

running (5m17.2s), 4687/4687 VUs, 235465 complete and 0 interrupted iterations
users   [  59% ] 4687/4687 VUs  5m17.2s/9m00.0s

running (5m18.2s), 4687/4687 VUs, 236346 complete and 0 interrupted iterations
users   [  59% ] 4687/4687 VUs  5m18.2s/9m00.0s

running (5m19.2s), 4687/4687 VUs, 237272 complete and 0 interrupted iterations
users   [  59% ] 4687/4687 VUs  5m19.2s/9m00.0s

running (5m20.2s), 4687/4687 VUs, 238179 complete and 0 interrupted iterations
users   [  59% ] 4687/4687 VUs  5m20.2s/9m00.0s

running (5m21.2s), 4687/4687 VUs, 239141 complete and 0 interrupted iterations
users   [  59% ] 4687/4687 VUs  5m21.2s/9m00.0s

running (5m22.2s), 4687/4687 VUs, 240060 complete and 0 interrupted iterations
users   [  60% ] 4687/4687 VUs  5m22.2s/9m00.0s

running (5m23.2s), 4687/4687 VUs, 240973 complete and 0 interrupted iterations
users   [  60% ] 4687/4687 VUs  5m23.2s/9m00.0s

running (5m24.2s), 4687/4687 VUs, 241872 complete and 0 interrupted iterations
users   [  60% ] 4687/4687 VUs  5m24.2s/9m00.0s

running (5m25.2s), 4687/4687 VUs, 242818 complete and 0 interrupted iterations
users   [  60% ] 4687/4687 VUs  5m25.2s/9m00.0s

running (5m26.2s), 4687/4687 VUs, 243746 complete and 0 interrupted iterations
users   [  60% ] 4687/4687 VUs  5m26.2s/9m00.0s

running (5m27.2s), 4687/4687 VUs, 244716 complete and 0 interrupted iterations
users   [  61% ] 4687/4687 VUs  5m27.2s/9m00.0s

running (5m28.2s), 4687/4687 VUs, 245627 complete and 0 interrupted iterations
users   [  61% ] 4687/4687 VUs  5m28.2s/9m00.0s

running (5m29.2s), 4687/4687 VUs, 246540 complete and 0 interrupted iterations
users   [  61% ] 4687/4687 VUs  5m29.2s/9m00.0s

running (5m30.2s), 4687/4687 VUs, 247426 complete and 0 interrupted iterations
users   [  61% ] 4687/4687 VUs  5m30.2s/9m00.0s

running (5m31.2s), 4687/4687 VUs, 248393 complete and 0 interrupted iterations
users   [  61% ] 4687/4687 VUs  5m31.2s/9m00.0s

running (5m32.2s), 4687/4687 VUs, 249309 complete and 0 interrupted iterations
users   [  62% ] 4687/4687 VUs  5m32.2s/9m00.0s

running (5m33.2s), 4687/4687 VUs, 250284 complete and 0 interrupted iterations
users   [  62% ] 4687/4687 VUs  5m33.2s/9m00.0s

running (5m34.2s), 4687/4687 VUs, 251204 complete and 0 interrupted iterations
users   [  62% ] 4687/4687 VUs  5m34.2s/9m00.0s

running (5m35.2s), 4687/4687 VUs, 252109 complete and 0 interrupted iterations
users   [  62% ] 4687/4687 VUs  5m35.2s/9m00.0s

running (5m36.2s), 4687/4687 VUs, 253024 complete and 0 interrupted iterations
users   [  62% ] 4687/4687 VUs  5m36.2s/9m00.0s

running (5m37.2s), 4687/4687 VUs, 253953 complete and 0 interrupted iterations
users   [  62% ] 4687/4687 VUs  5m37.2s/9m00.0s

running (5m38.2s), 4687/4687 VUs, 254833 complete and 0 interrupted iterations
users   [  63% ] 4687/4687 VUs  5m38.2s/9m00.0s

running (5m39.2s), 4687/4687 VUs, 255784 complete and 0 interrupted iterations
users   [  63% ] 4687/4687 VUs  5m39.2s/9m00.0s

running (5m40.2s), 4687/4687 VUs, 256733 complete and 0 interrupted iterations
users   [  63% ] 4687/4687 VUs  5m40.2s/9m00.0s

running (5m41.2s), 4687/4687 VUs, 257675 complete and 0 interrupted iterations
users   [  63% ] 4687/4687 VUs  5m41.2s/9m00.0s

running (5m42.2s), 4687/4687 VUs, 258557 complete and 0 interrupted iterations
users   [  63% ] 4687/4687 VUs  5m42.2s/9m00.0s

running (5m43.2s), 4687/4687 VUs, 259455 complete and 0 interrupted iterations
users   [  64% ] 4687/4687 VUs  5m43.2s/9m00.0s

running (5m44.2s), 4687/4687 VUs, 260391 complete and 0 interrupted iterations
users   [  64% ] 4687/4687 VUs  5m44.2s/9m00.0s

running (5m45.2s), 4687/4687 VUs, 261320 complete and 0 interrupted iterations
users   [  64% ] 4687/4687 VUs  5m45.2s/9m00.0s

running (5m46.2s), 4687/4687 VUs, 262267 complete and 0 interrupted iterations
users   [  64% ] 4687/4687 VUs  5m46.2s/9m00.0s

running (5m47.2s), 4687/4687 VUs, 263218 complete and 0 interrupted iterations
users   [  64% ] 4687/4687 VUs  5m47.2s/9m00.0s

running (5m48.2s), 4687/4687 VUs, 264116 complete and 0 interrupted iterations
users   [  64% ] 4687/4687 VUs  5m48.2s/9m00.0s

running (5m49.2s), 4687/4687 VUs, 265073 complete and 0 interrupted iterations
users   [  65% ] 4687/4687 VUs  5m49.2s/9m00.0s

running (5m50.2s), 4687/4687 VUs, 265989 complete and 0 interrupted iterations
users   [  65% ] 4687/4687 VUs  5m50.2s/9m00.0s

running (5m51.2s), 4687/4687 VUs, 266908 complete and 0 interrupted iterations
users   [  65% ] 4687/4687 VUs  5m51.2s/9m00.0s

running (5m52.2s), 4687/4687 VUs, 267789 complete and 0 interrupted iterations
users   [  65% ] 4687/4687 VUs  5m52.2s/9m00.0s

running (5m53.2s), 4687/4687 VUs, 268721 complete and 0 interrupted iterations
users   [  65% ] 4687/4687 VUs  5m53.2s/9m00.0s

running (5m54.2s), 4687/4687 VUs, 269662 complete and 0 interrupted iterations
users   [  66% ] 4687/4687 VUs  5m54.2s/9m00.0s

running (5m55.2s), 4687/4687 VUs, 270593 complete and 0 interrupted iterations
users   [  66% ] 4687/4687 VUs  5m55.2s/9m00.0s

running (5m56.2s), 4687/4687 VUs, 271550 complete and 0 interrupted iterations
users   [  66% ] 4687/4687 VUs  5m56.2s/9m00.0s

running (5m57.2s), 4687/4687 VUs, 272433 complete and 0 interrupted iterations
users   [  66% ] 4687/4687 VUs  5m57.2s/9m00.0s

running (5m58.2s), 4687/4687 VUs, 273390 complete and 0 interrupted iterations
users   [  66% ] 4687/4687 VUs  5m58.2s/9m00.0s

running (5m59.2s), 4687/4687 VUs, 274350 complete and 0 interrupted iterations
users   [  67% ] 4687/4687 VUs  5m59.2s/9m00.0s

running (6m00.2s), 4687/4687 VUs, 275240 complete and 0 interrupted iterations
users   [  67% ] 4687/4687 VUs  6m00.2s/9m00.0s

running (6m01.2s), 4687/4687 VUs, 276156 complete and 0 interrupted iterations
users   [  67% ] 4687/4687 VUs  6m01.2s/9m00.0s

running (6m02.2s), 4687/4687 VUs, 277100 complete and 0 interrupted iterations
users   [  67% ] 4687/4687 VUs  6m02.2s/9m00.0s

running (6m03.2s), 4687/4687 VUs, 278028 complete and 0 interrupted iterations
users   [  67% ] 4687/4687 VUs  6m03.2s/9m00.0s

running (6m04.2s), 4687/4687 VUs, 278970 complete and 0 interrupted iterations
users   [  67% ] 4687/4687 VUs  6m04.2s/9m00.0s

running (6m05.2s), 4687/4687 VUs, 279884 complete and 0 interrupted iterations
users   [  68% ] 4687/4687 VUs  6m05.2s/9m00.0s

running (6m06.2s), 4687/4687 VUs, 280816 complete and 0 interrupted iterations
users   [  68% ] 4687/4687 VUs  6m06.2s/9m00.0s

running (6m07.2s), 4687/4687 VUs, 281787 complete and 0 interrupted iterations
users   [  68% ] 4687/4687 VUs  6m07.2s/9m00.0s

running (6m08.2s), 4687/4687 VUs, 282660 complete and 0 interrupted iterations
users   [  68% ] 4687/4687 VUs  6m08.2s/9m00.0s

running (6m09.2s), 4687/4687 VUs, 283579 complete and 0 interrupted iterations
users   [  68% ] 4687/4687 VUs  6m09.2s/9m00.0s

running (6m10.2s), 4687/4687 VUs, 284477 complete and 0 interrupted iterations
users   [  69% ] 4687/4687 VUs  6m10.2s/9m00.0s

running (6m11.2s), 4687/4687 VUs, 285418 complete and 0 interrupted iterations
users   [  69% ] 4687/4687 VUs  6m11.2s/9m00.0s

running (6m12.2s), 4687/4687 VUs, 286366 complete and 0 interrupted iterations
users   [  69% ] 4687/4687 VUs  6m12.2s/9m00.0s

running (6m13.2s), 4687/4687 VUs, 287326 complete and 0 interrupted iterations
users   [  69% ] 4687/4687 VUs  6m13.2s/9m00.0s

running (6m14.2s), 4687/4687 VUs, 288239 complete and 0 interrupted iterations
users   [  69% ] 4687/4687 VUs  6m14.2s/9m00.0s

running (6m15.2s), 4687/4687 VUs, 289175 complete and 0 interrupted iterations
users   [  69% ] 4687/4687 VUs  6m15.2s/9m00.0s

running (6m16.2s), 4687/4687 VUs, 290106 complete and 0 interrupted iterations
users   [  70% ] 4687/4687 VUs  6m16.2s/9m00.0s

running (6m17.2s), 4687/4687 VUs, 290989 complete and 0 interrupted iterations
users   [  70% ] 4687/4687 VUs  6m17.2s/9m00.0s

running (6m18.2s), 4687/4687 VUs, 291957 complete and 0 interrupted iterations
users   [  70% ] 4687/4687 VUs  6m18.2s/9m00.0s

running (6m19.2s), 4687/4687 VUs, 292852 complete and 0 interrupted iterations
users   [  70% ] 4687/4687 VUs  6m19.2s/9m00.0s

running (6m20.2s), 4687/4687 VUs, 293797 complete and 0 interrupted iterations
users   [  70% ] 4687/4687 VUs  6m20.2s/9m00.0s

running (6m21.2s), 4687/4687 VUs, 294672 complete and 0 interrupted iterations
users   [  71% ] 4687/4687 VUs  6m21.2s/9m00.0s

running (6m22.2s), 4687/4687 VUs, 295577 complete and 0 interrupted iterations
users   [  71% ] 4687/4687 VUs  6m22.2s/9m00.0s

running (6m23.2s), 4687/4687 VUs, 296538 complete and 0 interrupted iterations
users   [  71% ] 4687/4687 VUs  6m23.2s/9m00.0s

running (6m24.2s), 4687/4687 VUs, 297494 complete and 0 interrupted iterations
users   [  71% ] 4687/4687 VUs  6m24.2s/9m00.0s

running (6m25.2s), 4687/4687 VUs, 298423 complete and 0 interrupted iterations
users   [  71% ] 4687/4687 VUs  6m25.2s/9m00.0s

running (6m26.2s), 4687/4687 VUs, 299367 complete and 0 interrupted iterations
users   [  72% ] 4687/4687 VUs  6m26.2s/9m00.0s

running (6m27.2s), 4687/4687 VUs, 300252 complete and 0 interrupted iterations
users   [  72% ] 4687/4687 VUs  6m27.2s/9m00.0s

running (6m28.2s), 4687/4687 VUs, 301193 complete and 0 interrupted iterations
users   [  72% ] 4687/4687 VUs  6m28.2s/9m00.0s

running (6m29.2s), 4687/4687 VUs, 302123 complete and 0 interrupted iterations
users   [  72% ] 4687/4687 VUs  6m29.2s/9m00.0s

running (6m30.2s), 4687/4687 VUs, 303000 complete and 0 interrupted iterations
users   [  72% ] 4687/4687 VUs  6m30.2s/9m00.0s

running (6m31.2s), 4687/4687 VUs, 303975 complete and 0 interrupted iterations
users   [  72% ] 4687/4687 VUs  6m31.2s/9m00.0s

running (6m32.2s), 4687/4687 VUs, 304867 complete and 0 interrupted iterations
users   [  73% ] 4687/4687 VUs  6m32.2s/9m00.0s

running (6m33.2s), 4687/4687 VUs, 305793 complete and 0 interrupted iterations
users   [  73% ] 4687/4687 VUs  6m33.2s/9m00.0s

running (6m34.2s), 4687/4687 VUs, 306693 complete and 0 interrupted iterations
users   [  73% ] 4687/4687 VUs  6m34.2s/9m00.0s

running (6m35.2s), 4687/4687 VUs, 307629 complete and 0 interrupted iterations
users   [  73% ] 4687/4687 VUs  6m35.2s/9m00.0s

running (6m36.2s), 4687/4687 VUs, 308555 complete and 0 interrupted iterations
users   [  73% ] 4687/4687 VUs  6m36.2s/9m00.0s

running (6m37.2s), 4687/4687 VUs, 309502 complete and 0 interrupted iterations
users   [  74% ] 4687/4687 VUs  6m37.2s/9m00.0s

running (6m38.2s), 4687/4687 VUs, 310436 complete and 0 interrupted iterations
users   [  74% ] 4687/4687 VUs  6m38.2s/9m00.0s

running (6m39.2s), 4687/4687 VUs, 311388 complete and 0 interrupted iterations
users   [  74% ] 4687/4687 VUs  6m39.2s/9m00.0s

running (6m40.2s), 4687/4687 VUs, 312317 complete and 0 interrupted iterations
users   [  74% ] 4687/4687 VUs  6m40.2s/9m00.0s

running (6m41.2s), 4687/4687 VUs, 313214 complete and 0 interrupted iterations
users   [  74% ] 4687/4687 VUs  6m41.2s/9m00.0s

running (6m42.2s), 4687/4687 VUs, 314165 complete and 0 interrupted iterations
users   [  74% ] 4687/4687 VUs  6m42.2s/9m00.0s

running (6m43.2s), 4687/4687 VUs, 315062 complete and 0 interrupted iterations
users   [  75% ] 4687/4687 VUs  6m43.2s/9m00.0s

running (6m44.2s), 4687/4687 VUs, 316003 complete and 0 interrupted iterations
users   [  75% ] 4687/4687 VUs  6m44.2s/9m00.0s

running (6m45.2s), 4687/4687 VUs, 316927 complete and 0 interrupted iterations
users   [  75% ] 4687/4687 VUs  6m45.2s/9m00.0s

running (6m46.2s), 4687/4687 VUs, 317866 complete and 0 interrupted iterations
users   [  75% ] 4687/4687 VUs  6m46.2s/9m00.0s

running (6m47.2s), 4687/4687 VUs, 318789 complete and 0 interrupted iterations
users   [  75% ] 4687/4687 VUs  6m47.2s/9m00.0s

running (6m48.2s), 4687/4687 VUs, 319710 complete and 0 interrupted iterations
users   [  76% ] 4687/4687 VUs  6m48.2s/9m00.0s

running (6m49.2s), 4687/4687 VUs, 320648 complete and 0 interrupted iterations
users   [  76% ] 4687/4687 VUs  6m49.2s/9m00.0s

running (6m50.2s), 4687/4687 VUs, 321592 complete and 0 interrupted iterations
users   [  76% ] 4687/4687 VUs  6m50.2s/9m00.0s

running (6m51.2s), 4687/4687 VUs, 322508 complete and 0 interrupted iterations
users   [  76% ] 4687/4687 VUs  6m51.2s/9m00.0s

running (6m52.2s), 4687/4687 VUs, 323418 complete and 0 interrupted iterations
users   [  76% ] 4687/4687 VUs  6m52.2s/9m00.0s

running (6m53.2s), 4687/4687 VUs, 324378 complete and 0 interrupted iterations
users   [  77% ] 4687/4687 VUs  6m53.2s/9m00.0s

running (6m54.2s), 4687/4687 VUs, 325289 complete and 0 interrupted iterations
users   [  77% ] 4687/4687 VUs  6m54.2s/9m00.0s

running (6m55.2s), 4687/4687 VUs, 326227 complete and 0 interrupted iterations
users   [  77% ] 4687/4687 VUs  6m55.2s/9m00.0s

running (6m56.2s), 4687/4687 VUs, 327129 complete and 0 interrupted iterations
users   [  77% ] 4687/4687 VUs  6m56.2s/9m00.0s

running (6m57.2s), 4687/4687 VUs, 328059 complete and 0 interrupted iterations
users   [  77% ] 4687/4687 VUs  6m57.2s/9m00.0s

running (6m58.2s), 4687/4687 VUs, 329000 complete and 0 interrupted iterations
users   [  77% ] 4687/4687 VUs  6m58.2s/9m00.0s

running (6m59.2s), 4687/4687 VUs, 329925 complete and 0 interrupted iterations
users   [  78% ] 4687/4687 VUs  6m59.2s/9m00.0s

running (7m00.2s), 4687/4687 VUs, 330852 complete and 0 interrupted iterations
users   [  78% ] 4687/4687 VUs  7m00.2s/9m00.0s

running (7m01.2s), 4681/4687 VUs, 331842 complete and 0 interrupted iterations
users   [  78% ] 4681/4687 VUs  7m01.2s/9m00.0s

running (7m02.2s), 4668/4687 VUs, 332719 complete and 0 interrupted iterations
users   [  78% ] 4668/4687 VUs  7m02.2s/9m00.0s

running (7m03.2s), 4643/4687 VUs, 333618 complete and 0 interrupted iterations
users   [  78% ] 4643/4687 VUs  7m03.2s/9m00.0s

running (7m04.2s), 4608/4687 VUs, 334567 complete and 0 interrupted iterations
users   [  79% ] 4608/4687 VUs  7m04.2s/9m00.0s

running (7m05.2s), 4580/4687 VUs, 335461 complete and 0 interrupted iterations
users   [  79% ] 4580/4687 VUs  7m05.2s/9m00.0s

running (7m06.2s), 4544/4687 VUs, 336408 complete and 0 interrupted iterations
users   [  79% ] 4544/4687 VUs  7m06.2s/9m00.0s

running (7m07.2s), 4510/4687 VUs, 337296 complete and 0 interrupted iterations
users   [  79% ] 4510/4687 VUs  7m07.2s/9m00.0s

running (7m08.2s), 4474/4687 VUs, 338186 complete and 0 interrupted iterations
users   [  79% ] 4474/4687 VUs  7m08.2s/9m00.0s

running (7m09.2s), 4445/4687 VUs, 339110 complete and 0 interrupted iterations
users   [  79% ] 4445/4687 VUs  7m09.2s/9m00.0s

running (7m10.2s), 4397/4687 VUs, 340007 complete and 0 interrupted iterations
users   [  80% ] 4397/4687 VUs  7m10.2s/9m00.0s

running (7m11.2s), 4366/4687 VUs, 340863 complete and 0 interrupted iterations
users   [  80% ] 4366/4687 VUs  7m11.2s/9m00.0s

running (7m12.2s), 4322/4687 VUs, 341737 complete and 0 interrupted iterations
users   [  80% ] 4322/4687 VUs  7m12.2s/9m00.0s

running (7m13.2s), 4281/4687 VUs, 342600 complete and 0 interrupted iterations
users   [  80% ] 4281/4687 VUs  7m13.2s/9m00.0s

running (7m14.2s), 4235/4687 VUs, 343478 complete and 0 interrupted iterations
users   [  80% ] 4235/4687 VUs  7m14.2s/9m00.0s

running (7m15.2s), 4199/4687 VUs, 344287 complete and 0 interrupted iterations
users   [  81% ] 4199/4687 VUs  7m15.2s/9m00.0s

running (7m16.2s), 4168/4687 VUs, 345151 complete and 0 interrupted iterations
users   [  81% ] 4168/4687 VUs  7m16.2s/9m00.0s

running (7m17.2s), 4133/4687 VUs, 345984 complete and 0 interrupted iterations
users   [  81% ] 4133/4687 VUs  7m17.2s/9m00.0s

running (7m18.2s), 4082/4687 VUs, 346840 complete and 0 interrupted iterations
users   [  81% ] 4082/4687 VUs  7m18.2s/9m00.0s

running (7m19.2s), 4048/4687 VUs, 347616 complete and 0 interrupted iterations
users   [  81% ] 4048/4687 VUs  7m19.2s/9m00.0s

running (7m20.2s), 4004/4687 VUs, 348451 complete and 0 interrupted iterations
users   [  82% ] 4004/4687 VUs  7m20.2s/9m00.0s

running (7m21.2s), 3963/4687 VUs, 349278 complete and 0 interrupted iterations
users   [  82% ] 3963/4687 VUs  7m21.2s/9m00.0s

running (7m22.2s), 3923/4687 VUs, 350080 complete and 0 interrupted iterations
users   [  82% ] 3923/4687 VUs  7m22.2s/9m00.0s

running (7m23.2s), 3888/4687 VUs, 350876 complete and 0 interrupted iterations
users   [  82% ] 3888/4687 VUs  7m23.2s/9m00.0s

running (7m24.2s), 3853/4687 VUs, 351596 complete and 0 interrupted iterations
users   [  82% ] 3853/4687 VUs  7m24.2s/9m00.0s

running (7m25.2s), 3809/4687 VUs, 352405 complete and 0 interrupted iterations
users   [  82% ] 3809/4687 VUs  7m25.2s/9m00.0s

running (7m26.2s), 3769/4687 VUs, 353206 complete and 0 interrupted iterations
users   [  83% ] 3769/4687 VUs  7m26.2s/9m00.0s

running (7m27.2s), 3736/4687 VUs, 353919 complete and 0 interrupted iterations
users   [  83% ] 3736/4687 VUs  7m27.2s/9m00.0s

running (7m28.2s), 3695/4687 VUs, 354676 complete and 0 interrupted iterations
users   [  83% ] 3695/4687 VUs  7m28.2s/9m00.0s

running (7m29.2s), 3660/4687 VUs, 355441 complete and 0 interrupted iterations
users   [  83% ] 3660/4687 VUs  7m29.2s/9m00.0s

running (7m30.2s), 3618/4687 VUs, 356189 complete and 0 interrupted iterations
users   [  83% ] 3618/4687 VUs  7m30.2s/9m00.0s

running (7m31.2s), 3582/4687 VUs, 356865 complete and 0 interrupted iterations
users   [  84% ] 3582/4687 VUs  7m31.2s/9m00.0s

running (7m32.2s), 3543/4687 VUs, 357624 complete and 0 interrupted iterations
users   [  84% ] 3543/4687 VUs  7m32.2s/9m00.0s

running (7m33.2s), 3500/4687 VUs, 358304 complete and 0 interrupted iterations
users   [  84% ] 3500/4687 VUs  7m33.2s/9m00.0s

running (7m34.2s), 3460/4687 VUs, 358972 complete and 0 interrupted iterations
users   [  84% ] 3460/4687 VUs  7m34.2s/9m00.0s

running (7m35.2s), 3421/4687 VUs, 359670 complete and 0 interrupted iterations
users   [  84% ] 3421/4687 VUs  7m35.2s/9m00.0s

running (7m36.2s), 3376/4687 VUs, 360427 complete and 0 interrupted iterations
users   [  84% ] 3376/4687 VUs  7m36.2s/9m00.0s

running (7m37.2s), 3338/4687 VUs, 361126 complete and 0 interrupted iterations
users   [  85% ] 3338/4687 VUs  7m37.2s/9m00.0s

running (7m38.2s), 3303/4687 VUs, 361799 complete and 0 interrupted iterations
users   [  85% ] 3303/4687 VUs  7m38.2s/9m00.0s

running (7m39.2s), 3262/4687 VUs, 362463 complete and 0 interrupted iterations
users   [  85% ] 3262/4687 VUs  7m39.2s/9m00.0s

running (7m40.2s), 3223/4687 VUs, 363125 complete and 0 interrupted iterations
users   [  85% ] 3223/4687 VUs  7m40.2s/9m00.0s

running (7m41.2s), 3184/4687 VUs, 363772 complete and 0 interrupted iterations
users   [  85% ] 3184/4687 VUs  7m41.2s/9m00.0s

running (7m42.2s), 3141/4687 VUs, 364413 complete and 0 interrupted iterations
users   [  86% ] 3141/4687 VUs  7m42.2s/9m00.0s

running (7m43.2s), 3107/4687 VUs, 365055 complete and 0 interrupted iterations
users   [  86% ] 3107/4687 VUs  7m43.2s/9m00.0s

running (7m44.2s), 3061/4687 VUs, 365688 complete and 0 interrupted iterations
users   [  86% ] 3061/4687 VUs  7m44.2s/9m00.0s

running (7m45.2s), 3021/4687 VUs, 366305 complete and 0 interrupted iterations
users   [  86% ] 3021/4687 VUs  7m45.2s/9m00.0s

running (7m46.2s), 2994/4687 VUs, 366908 complete and 0 interrupted iterations
users   [  86% ] 2994/4687 VUs  7m46.2s/9m00.0s

running (7m47.2s), 2959/4687 VUs, 367527 complete and 0 interrupted iterations
users   [  87% ] 2959/4687 VUs  7m47.2s/9m00.0s

running (7m48.2s), 2917/4687 VUs, 368123 complete and 0 interrupted iterations
users   [  87% ] 2917/4687 VUs  7m48.2s/9m00.0s

running (7m49.2s), 2881/4687 VUs, 368719 complete and 0 interrupted iterations
users   [  87% ] 2881/4687 VUs  7m49.2s/9m00.0s

running (7m50.2s), 2837/4687 VUs, 369295 complete and 0 interrupted iterations
users   [  87% ] 2837/4687 VUs  7m50.2s/9m00.0s

running (7m51.2s), 2795/4687 VUs, 369899 complete and 0 interrupted iterations
users   [  87% ] 2795/4687 VUs  7m51.2s/9m00.0s

running (7m52.2s), 2765/4687 VUs, 370447 complete and 0 interrupted iterations
users   [  87% ] 2765/4687 VUs  7m52.2s/9m00.0s

running (7m53.2s), 2728/4687 VUs, 371038 complete and 0 interrupted iterations
users   [  88% ] 2728/4687 VUs  7m53.2s/9m00.0s

running (7m54.2s), 2690/4687 VUs, 371601 complete and 0 interrupted iterations
users   [  88% ] 2690/4687 VUs  7m54.2s/9m00.0s

running (7m55.2s), 2646/4687 VUs, 372139 complete and 0 interrupted iterations
users   [  88% ] 2646/4687 VUs  7m55.2s/9m00.0s

running (7m56.2s), 2594/4687 VUs, 372647 complete and 0 interrupted iterations
users   [  88% ] 2594/4687 VUs  7m56.2s/9m00.0s

running (7m57.2s), 2559/4687 VUs, 373197 complete and 0 interrupted iterations
users   [  88% ] 2559/4687 VUs  7m57.2s/9m00.0s

running (7m58.2s), 2524/4687 VUs, 373699 complete and 0 interrupted iterations
users   [  89% ] 2524/4687 VUs  7m58.2s/9m00.0s

running (7m59.2s), 2487/4687 VUs, 374235 complete and 0 interrupted iterations
users   [  89% ] 2487/4687 VUs  7m59.2s/9m00.0s

running (8m00.2s), 2448/4687 VUs, 374747 complete and 0 interrupted iterations
users   [  89% ] 2448/4687 VUs  8m00.2s/9m00.0s

running (8m01.2s), 2407/4687 VUs, 375231 complete and 0 interrupted iterations
users   [  89% ] 2407/4687 VUs  8m01.2s/9m00.0s

running (8m02.2s), 2379/4687 VUs, 375694 complete and 0 interrupted iterations
users   [  89% ] 2379/4687 VUs  8m02.2s/9m00.0s

running (8m03.2s), 2329/4687 VUs, 376197 complete and 0 interrupted iterations
users   [  89% ] 2329/4687 VUs  8m03.2s/9m00.0s

running (8m04.2s), 2286/4687 VUs, 376681 complete and 0 interrupted iterations
users   [  90% ] 2286/4687 VUs  8m04.2s/9m00.0s

running (8m05.2s), 2254/4687 VUs, 377138 complete and 0 interrupted iterations
users   [  90% ] 2254/4687 VUs  8m05.2s/9m00.0s

running (8m06.2s), 2210/4687 VUs, 377620 complete and 0 interrupted iterations
users   [  90% ] 2210/4687 VUs  8m06.2s/9m00.0s

running (8m07.2s), 2173/4687 VUs, 378055 complete and 0 interrupted iterations
users   [  90% ] 2173/4687 VUs  8m07.2s/9m00.0s

running (8m08.2s), 2126/4687 VUs, 378504 complete and 0 interrupted iterations
users   [  90% ] 2126/4687 VUs  8m08.2s/9m00.0s

running (8m09.2s), 2088/4687 VUs, 378967 complete and 0 interrupted iterations
users   [  91% ] 2088/4687 VUs  8m09.2s/9m00.0s

running (8m10.2s), 2052/4687 VUs, 379409 complete and 0 interrupted iterations
users   [  91% ] 2052/4687 VUs  8m10.2s/9m00.0s

running (8m11.2s), 2026/4687 VUs, 379814 complete and 0 interrupted iterations
users   [  91% ] 2026/4687 VUs  8m11.2s/9m00.0s

running (8m12.2s), 1982/4687 VUs, 380224 complete and 0 interrupted iterations
users   [  91% ] 1982/4687 VUs  8m12.2s/9m00.0s

running (8m13.2s), 1944/4687 VUs, 380635 complete and 0 interrupted iterations
users   [  91% ] 1944/4687 VUs  8m13.2s/9m00.0s

running (8m14.2s), 1902/4687 VUs, 381022 complete and 0 interrupted iterations
users   [  92% ] 1902/4687 VUs  8m14.2s/9m00.0s

running (8m15.2s), 1856/4687 VUs, 381410 complete and 0 interrupted iterations
users   [  92% ] 1856/4687 VUs  8m15.2s/9m00.0s

running (8m16.2s), 1824/4687 VUs, 381800 complete and 0 interrupted iterations
users   [  92% ] 1824/4687 VUs  8m16.2s/9m00.0s

running (8m17.2s), 1786/4687 VUs, 382168 complete and 0 interrupted iterations
users   [  92% ] 1786/4687 VUs  8m17.2s/9m00.0s

running (8m18.2s), 1742/4687 VUs, 382535 complete and 0 interrupted iterations
users   [  92% ] 1742/4687 VUs  8m18.2s/9m00.0s

running (8m19.2s), 1701/4687 VUs, 382876 complete and 0 interrupted iterations
users   [  92% ] 1701/4687 VUs  8m19.2s/9m00.0s

running (8m20.2s), 1655/4687 VUs, 383223 complete and 0 interrupted iterations
users   [  93% ] 1655/4687 VUs  8m20.2s/9m00.0s

running (8m21.2s), 1620/4687 VUs, 383579 complete and 0 interrupted iterations
users   [  93% ] 1620/4687 VUs  8m21.2s/9m00.0s

running (8m22.2s), 1586/4687 VUs, 383914 complete and 0 interrupted iterations
users   [  93% ] 1586/4687 VUs  8m22.2s/9m00.0s

running (8m23.2s), 1550/4687 VUs, 384246 complete and 0 interrupted iterations
users   [  93% ] 1550/4687 VUs  8m23.2s/9m00.0s

running (8m24.2s), 1508/4687 VUs, 384555 complete and 0 interrupted iterations
users   [  93% ] 1508/4687 VUs  8m24.2s/9m00.0s

running (8m25.2s), 1468/4687 VUs, 384862 complete and 0 interrupted iterations
users   [  94% ] 1468/4687 VUs  8m25.2s/9m00.0s

running (8m26.2s), 1431/4687 VUs, 385170 complete and 0 interrupted iterations
users   [  94% ] 1431/4687 VUs  8m26.2s/9m00.0s

running (8m27.2s), 1388/4687 VUs, 385463 complete and 0 interrupted iterations
users   [  94% ] 1388/4687 VUs  8m27.2s/9m00.0s

running (8m28.2s), 1342/4687 VUs, 385781 complete and 0 interrupted iterations
users   [  94% ] 1342/4687 VUs  8m28.2s/9m00.0s

running (8m29.2s), 1304/4687 VUs, 386071 complete and 0 interrupted iterations
users   [  94% ] 1304/4687 VUs  8m29.2s/9m00.0s

running (8m30.2s), 1271/4687 VUs, 386358 complete and 0 interrupted iterations
users   [  94% ] 1271/4687 VUs  8m30.2s/9m00.0s

running (8m31.2s), 1241/4687 VUs, 386603 complete and 0 interrupted iterations
users   [  95% ] 1241/4687 VUs  8m31.2s/9m00.0s

running (8m32.2s), 1203/4687 VUs, 386827 complete and 0 interrupted iterations
users   [  95% ] 1203/4687 VUs  8m32.2s/9m00.0s

running (8m33.2s), 1157/4687 VUs, 387081 complete and 0 interrupted iterations
users   [  95% ] 1157/4687 VUs  8m33.2s/9m00.0s

running (8m34.2s), 1111/4687 VUs, 387342 complete and 0 interrupted iterations
users   [  95% ] 1111/4687 VUs  8m34.2s/9m00.0s

running (8m35.2s), 1072/4687 VUs, 387581 complete and 0 interrupted iterations
users   [  95% ] 1072/4687 VUs  8m35.2s/9m00.0s

running (8m36.2s), 1041/4687 VUs, 387796 complete and 0 interrupted iterations
users   [  96% ] 1041/4687 VUs  8m36.2s/9m00.0s

running (8m37.2s), 1001/4687 VUs, 388017 complete and 0 interrupted iterations
users   [  96% ] 1001/4687 VUs  8m37.2s/9m00.0s

running (8m38.2s), 0958/4687 VUs, 388237 complete and 0 interrupted iterations
users   [  96% ] 0958/4687 VUs  8m38.2s/9m00.0s

running (8m39.2s), 0917/4687 VUs, 388424 complete and 0 interrupted iterations
users   [  96% ] 0917/4687 VUs  8m39.2s/9m00.0s

running (8m40.2s), 0880/4687 VUs, 388636 complete and 0 interrupted iterations
users   [  96% ] 0880/4687 VUs  8m40.2s/9m00.0s

running (8m41.2s), 0838/4687 VUs, 388837 complete and 0 interrupted iterations
users   [  97% ] 0838/4687 VUs  8m41.2s/9m00.0s

running (8m42.2s), 0800/4687 VUs, 389027 complete and 0 interrupted iterations
users   [  97% ] 0800/4687 VUs  8m42.2s/9m00.0s

running (8m43.2s), 0762/4687 VUs, 389184 complete and 0 interrupted iterations
users   [  97% ] 0762/4687 VUs  8m43.2s/9m00.0s

running (8m44.2s), 0725/4687 VUs, 389343 complete and 0 interrupted iterations
users   [  97% ] 0725/4687 VUs  8m44.2s/9m00.0s

running (8m45.2s), 0682/4687 VUs, 389499 complete and 0 interrupted iterations
users   [  97% ] 0682/4687 VUs  8m45.2s/9m00.0s

running (8m46.2s), 0653/4687 VUs, 389653 complete and 0 interrupted iterations
users   [  97% ] 0653/4687 VUs  8m46.2s/9m00.0s

running (8m47.2s), 0609/4687 VUs, 389796 complete and 0 interrupted iterations
users   [  98% ] 0609/4687 VUs  8m47.2s/9m00.0s

running (8m48.2s), 0567/4687 VUs, 389928 complete and 0 interrupted iterations
users   [  98% ] 0567/4687 VUs  8m48.2s/9m00.0s

running (8m49.2s), 0535/4687 VUs, 390054 complete and 0 interrupted iterations
users   [  98% ] 0535/4687 VUs  8m49.2s/9m00.0s

running (8m50.2s), 0487/4687 VUs, 390174 complete and 0 interrupted iterations
users   [  98% ] 0487/4687 VUs  8m50.2s/9m00.0s

running (8m51.2s), 0447/4687 VUs, 390296 complete and 0 interrupted iterations
users   [  98% ] 0447/4687 VUs  8m51.2s/9m00.0s

running (8m52.2s), 0403/4687 VUs, 390402 complete and 0 interrupted iterations
users   [  99% ] 0403/4687 VUs  8m52.2s/9m00.0s

running (8m53.2s), 0366/4687 VUs, 390492 complete and 0 interrupted iterations
users   [  99% ] 0366/4687 VUs  8m53.2s/9m00.0s

running (8m54.2s), 0329/4687 VUs, 390585 complete and 0 interrupted iterations
users   [  99% ] 0329/4687 VUs  8m54.2s/9m00.0s

running (8m55.2s), 0298/4687 VUs, 390653 complete and 0 interrupted iterations
users   [  99% ] 0298/4687 VUs  8m55.2s/9m00.0s

running (8m56.2s), 0256/4687 VUs, 390723 complete and 0 interrupted iterations
users   [  99% ] 0256/4687 VUs  8m56.2s/9m00.0s

running (8m57.2s), 0221/4687 VUs, 390790 complete and 0 interrupted iterations
users   [  99% ] 0221/4687 VUs  8m57.2s/9m00.0s

running (8m58.2s), 0179/4687 VUs, 390849 complete and 0 interrupted iterations
users   [ 100% ] 0179/4687 VUs  8m58.2s/9m00.0s

running (8m59.2s), 0146/4687 VUs, 390897 complete and 0 interrupted iterations
users   [ 100% ] 0146/4687 VUs  8m59.2s/9m00.0s

running (9m00.2s), 0113/4687 VUs, 390935 complete and 0 interrupted iterations
users ↓ [ 100% ] 0116/4687 VUs  9m0s

running (9m01.2s), 0078/4687 VUs, 390970 complete and 0 interrupted iterations
users ↓ [ 100% ] 0116/4687 VUs  9m0s

running (9m02.2s), 0053/4687 VUs, 390995 complete and 0 interrupted iterations
users ↓ [ 100% ] 0116/4687 VUs  9m0s

running (9m03.2s), 0032/4687 VUs, 391016 complete and 0 interrupted iterations
users ↓ [ 100% ] 0116/4687 VUs  9m0s

running (9m04.2s), 0021/4687 VUs, 391027 complete and 0 interrupted iterations
users ↓ [ 100% ] 0116/4687 VUs  9m0s

running (9m05.2s), 0008/4687 VUs, 391040 complete and 0 interrupted iterations
users ↓ [ 100% ] 0116/4687 VUs  9m0s

running (9m06.2s), 0003/4687 VUs, 391045 complete and 0 interrupted iterations
users ↓ [ 100% ] 0116/4687 VUs  9m0s


  █ THRESHOLDS 

    checks{phase:bench}
    ✓ 'rate>0.99' rate=100.00%

    http_req_duration{name:confirm,phase:bench}
    ✓ 'p(95)<200' p(95)=33.13ms
    ✓ 'p(99)<600' p(99)=358.98ms

    http_req_duration{name:download_expired,phase:bench}
    ✓ 'p(95)<200' p(95)=0s
    ✓ 'p(99)<600' p(99)=0s

    http_req_duration{name:download,phase:bench}
    ✓ 'p(95)<200' p(95)=30.21ms
    ✓ 'p(99)<600' p(99)=458.2ms

    http_req_duration{name:upload,phase:bench}
    ✓ 'p(95)<200' p(95)=43.41ms
    ✓ 'p(99)<600' p(99)=570.24ms

    http_req_failed{phase:bench}
    ✓ 'rate<0.01' rate=0.00%

    server_errors{phase:bench}
    ✓ 'rate<0.01' rate=0.00%


  █ TOTAL RESULTS 

    checks_total.......: 401177  734.113951/s
    checks_succeeded...: 100.00% 401177 out of 401177
    checks_failed......: 0.00%   0 out of 401177

    ✓ download as expected
    ✓ upload link 201
    ✓ confirm 200

    CUSTOM
    server_errors.............................: 0.00%  0 out of 401177
      { phase:bench }.........................: 0.00%  0 out of 284626

    HTTP
    http_req_duration.........................: med=4.08ms p(95)=25.4ms  p(99)=295.35ms avg=14.12ms max=1.48s 
      { expected_response:true }..............: med=4.08ms p(95)=25.4ms  p(99)=295.35ms avg=14.12ms max=1.48s 
      { name:confirm,phase:bench }............: med=6.05ms p(95)=33.13ms p(99)=358.98ms avg=17.75ms max=1.12s 
      { name:download_expired,phase:bench }...: med=0s     p(95)=0s      p(99)=0s       avg=0s      max=0s    
      { name:download,phase:bench }...........: med=4.36ms p(95)=30.21ms p(99)=458.2ms  avg=17.17ms max=1.48s 
      { name:upload,phase:bench }.............: med=7.57ms p(95)=43.41ms p(99)=570.24ms avg=23.52ms max=1.26s 
    http_req_failed...........................: 0.00%  0 out of 401177
      { phase:bench }.........................: 0.00%  0 out of 284628
    http_reqs.................................: 401177 734.113951/s

    EXECUTION
    iteration_duration........................: med=5.06s  p(95)=7.31s   p(99)=7.75s    avg=5.06s   max=10.84s
    iterations................................: 391048 715.57889/s
    vus.......................................: 3      min=3           max=4687
    vus_max...................................: 4687   min=4687        max=4687

    NETWORK
    data_received.............................: 942 MB 1.7 MB/s
    data_sent.................................: 324 MB 592 kB/s




running (9m06.5s), 0000/4687 VUs, 391048 complete and 0 interrupted iterations
users ✓ [ 100% ] 0000/4687 VUs  9m0s
== 4687 users: pass
== resting 120s
== pass 4: 4781 users (passed up to 4687, failed from 4875)
TRUNCATE TABLE
SELECT 10000
ALTER TABLE
UPDATE 10000
INSERT 0 10000
COPY 10000
VACUUM
  expiry   | count 
-----------+-------
 HOURS24   |  3305
 MINUTES15 |  3336
 MINUTES30 |  3359
(3 rows)

 rows  |  table  | indexes |  total  
-------+---------+---------+---------
 10000 | 1112 kB | 1520 kB | 2632 kB
(1 row)

wrote /tmp/seed.csv (10000 files). Copy it to the load generator and run load-file-list.sh.
file list loaded: 10000 files
time="2026-09-30T16:26:55Z" level=info msg="Automatic extension resolution is enabled. The current k6 binary doesn't satisfy all dependencies, it's required to provision a custom binary." deps="k6;k6/x/redis"
time="2026-09-30T16:26:56Z" level=info msg="Using cached k6 binary" artifact_id=d29e86c20dd9a49cb84ea3c41fac5b8b8e524e06 deps="map[k6:v2.3.0 k6/x/redis:v0.4.3]" path=/home/admin/.cache/k6/builds/d29e86c20dd9a49cb84ea3c41fac5b8b8e524e06/k6

         /\      Grafana   /‾‾/  
    /\  /  \     |\  __   /  /   
   /  \/    \    | |/ /  /   ‾‾\ 
  /          \   |   (  |  (‾)  |
 / __________ \  |_|\_\  \_____/ 


     execution: local
        script: /home/admin/Mint-Bench/k6/mint.js
        output: csv (/home/admin/Mint-Bench/bench-sql/results/2026-09-30-1511/vus-4781/k6.csv.gz)

     scenarios: (100.00%) 1 scenario, 4781 max VUs, 9m30s max duration (incl. graceful stop):
              * users: Up to 4781 looping VUs for 9m0s over 3 stages (gracefulRampDown: 30s, gracefulStop: 30s)


running (0m00.1s), 0004/4781 VUs, 0 complete and 0 interrupted iterations
users   [   0% ] 0004/4781 VUs  0m00.1s/9m00.0s

running (0m01.1s), 0044/4781 VUs, 0 complete and 0 interrupted iterations
users   [   0% ] 0044/4781 VUs  0m01.1s/9m00.0s

running (0m02.1s), 0084/4781 VUs, 0 complete and 0 interrupted iterations
users   [   0% ] 0084/4781 VUs  0m02.1s/9m00.0s

running (0m03.1s), 0123/4781 VUs, 1 complete and 0 interrupted iterations
users   [   1% ] 0123/4781 VUs  0m03.1s/9m00.0s

running (0m04.1s), 0163/4781 VUs, 11 complete and 0 interrupted iterations
users   [   1% ] 0163/4781 VUs  0m04.1s/9m00.0s

running (0m05.1s), 0203/4781 VUs, 22 complete and 0 interrupted iterations
users   [   1% ] 0203/4781 VUs  0m05.1s/9m00.0s

running (0m06.1s), 0243/4781 VUs, 52 complete and 0 interrupted iterations
users   [   1% ] 0243/4781 VUs  0m06.1s/9m00.0s

running (0m07.1s), 0283/4781 VUs, 95 complete and 0 interrupted iterations
users   [   1% ] 0283/4781 VUs  0m07.1s/9m00.0s

running (0m08.1s), 0323/4781 VUs, 127 complete and 0 interrupted iterations
users   [   2% ] 0323/4781 VUs  0m08.1s/9m00.0s

running (0m09.1s), 0362/4781 VUs, 186 complete and 0 interrupted iterations
users   [   2% ] 0362/4781 VUs  0m09.1s/9m00.0s

running (0m10.1s), 0402/4781 VUs, 246 complete and 0 interrupted iterations
users   [   2% ] 0402/4781 VUs  0m10.1s/9m00.0s

running (0m11.1s), 0442/4781 VUs, 312 complete and 0 interrupted iterations
users   [   2% ] 0442/4781 VUs  0m11.1s/9m00.0s

running (0m12.1s), 0482/4781 VUs, 375 complete and 0 interrupted iterations
users   [   2% ] 0482/4781 VUs  0m12.1s/9m00.0s

running (0m13.1s), 0522/4781 VUs, 449 complete and 0 interrupted iterations
users   [   2% ] 0522/4781 VUs  0m13.1s/9m00.0s

running (0m14.1s), 0562/4781 VUs, 541 complete and 0 interrupted iterations
users   [   3% ] 0562/4781 VUs  0m14.1s/9m00.0s

running (0m15.1s), 0602/4781 VUs, 634 complete and 0 interrupted iterations
users   [   3% ] 0602/4781 VUs  0m15.1s/9m00.0s

running (0m16.1s), 0641/4781 VUs, 750 complete and 0 interrupted iterations
users   [   3% ] 0641/4781 VUs  0m16.1s/9m00.0s

running (0m17.1s), 0681/4781 VUs, 866 complete and 0 interrupted iterations
users   [   3% ] 0681/4781 VUs  0m17.1s/9m00.0s

running (0m18.1s), 0721/4781 VUs, 1000 complete and 0 interrupted iterations
users   [   3% ] 0721/4781 VUs  0m18.1s/9m00.0s

running (0m19.1s), 0761/4781 VUs, 1119 complete and 0 interrupted iterations
users   [   4% ] 0761/4781 VUs  0m19.1s/9m00.0s

running (0m20.1s), 0801/4781 VUs, 1249 complete and 0 interrupted iterations
users   [   4% ] 0801/4781 VUs  0m20.1s/9m00.0s

running (0m21.1s), 0841/4781 VUs, 1401 complete and 0 interrupted iterations
users   [   4% ] 0841/4781 VUs  0m21.1s/9m00.0s

running (0m22.1s), 0880/4781 VUs, 1543 complete and 0 interrupted iterations
users   [   4% ] 0880/4781 VUs  0m22.1s/9m00.0s

running (0m23.1s), 0920/4781 VUs, 1719 complete and 0 interrupted iterations
users   [   4% ] 0920/4781 VUs  0m23.1s/9m00.0s

running (0m24.1s), 0960/4781 VUs, 1893 complete and 0 interrupted iterations
users   [   4% ] 0960/4781 VUs  0m24.1s/9m00.0s

running (0m25.1s), 1000/4781 VUs, 2057 complete and 0 interrupted iterations
users   [   5% ] 1000/4781 VUs  0m25.1s/9m00.0s

running (0m26.1s), 1040/4781 VUs, 2246 complete and 0 interrupted iterations
users   [   5% ] 1040/4781 VUs  0m26.1s/9m00.0s

running (0m27.1s), 1080/4781 VUs, 2433 complete and 0 interrupted iterations
users   [   5% ] 1080/4781 VUs  0m27.1s/9m00.0s

running (0m28.1s), 1119/4781 VUs, 2639 complete and 0 interrupted iterations
users   [   5% ] 1119/4781 VUs  0m28.1s/9m00.0s

running (0m29.1s), 1159/4781 VUs, 2860 complete and 0 interrupted iterations
users   [   5% ] 1159/4781 VUs  0m29.1s/9m00.0s

running (0m30.1s), 1199/4781 VUs, 3062 complete and 0 interrupted iterations
users   [   6% ] 1199/4781 VUs  0m30.1s/9m00.0s

running (0m31.1s), 1239/4781 VUs, 3275 complete and 0 interrupted iterations
users   [   6% ] 1239/4781 VUs  0m31.1s/9m00.0s

running (0m32.1s), 1279/4781 VUs, 3503 complete and 0 interrupted iterations
users   [   6% ] 1279/4781 VUs  0m32.1s/9m00.0s

running (0m33.1s), 1319/4781 VUs, 3745 complete and 0 interrupted iterations
users   [   6% ] 1319/4781 VUs  0m33.1s/9m00.0s

running (0m34.1s), 1358/4781 VUs, 3983 complete and 0 interrupted iterations
users   [   6% ] 1358/4781 VUs  0m34.1s/9m00.0s

running (0m35.1s), 1398/4781 VUs, 4248 complete and 0 interrupted iterations
users   [   7% ] 1398/4781 VUs  0m35.1s/9m00.0s

running (0m36.1s), 1438/4781 VUs, 4516 complete and 0 interrupted iterations
users   [   7% ] 1438/4781 VUs  0m36.1s/9m00.0s

running (0m37.1s), 1478/4781 VUs, 4762 complete and 0 interrupted iterations
users   [   7% ] 1478/4781 VUs  0m37.1s/9m00.0s

running (0m38.1s), 1518/4781 VUs, 5029 complete and 0 interrupted iterations
users   [   7% ] 1518/4781 VUs  0m38.1s/9m00.0s

running (0m39.1s), 1558/4781 VUs, 5328 complete and 0 interrupted iterations
users   [   7% ] 1558/4781 VUs  0m39.1s/9m00.0s

running (0m40.1s), 1598/4781 VUs, 5618 complete and 0 interrupted iterations
users   [   7% ] 1598/4781 VUs  0m40.1s/9m00.0s

running (0m41.1s), 1637/4781 VUs, 5918 complete and 0 interrupted iterations
users   [   8% ] 1637/4781 VUs  0m41.1s/9m00.0s

running (0m42.1s), 1677/4781 VUs, 6231 complete and 0 interrupted iterations
users   [   8% ] 1677/4781 VUs  0m42.1s/9m00.0s

running (0m43.1s), 1717/4781 VUs, 6542 complete and 0 interrupted iterations
users   [   8% ] 1717/4781 VUs  0m43.1s/9m00.0s

running (0m44.1s), 1757/4781 VUs, 6882 complete and 0 interrupted iterations
users   [   8% ] 1757/4781 VUs  0m44.1s/9m00.0s

running (0m45.1s), 1797/4781 VUs, 7220 complete and 0 interrupted iterations
users   [   8% ] 1797/4781 VUs  0m45.1s/9m00.0s

running (0m46.1s), 1837/4781 VUs, 7570 complete and 0 interrupted iterations
users   [   9% ] 1837/4781 VUs  0m46.1s/9m00.0s

running (0m47.1s), 1876/4781 VUs, 7885 complete and 0 interrupted iterations
users   [   9% ] 1876/4781 VUs  0m47.1s/9m00.0s

running (0m48.1s), 1916/4781 VUs, 8269 complete and 0 interrupted iterations
users   [   9% ] 1916/4781 VUs  0m48.1s/9m00.0s

running (0m49.1s), 1956/4781 VUs, 8628 complete and 0 interrupted iterations
users   [   9% ] 1956/4781 VUs  0m49.1s/9m00.0s

running (0m50.1s), 1996/4781 VUs, 8974 complete and 0 interrupted iterations
users   [   9% ] 1996/4781 VUs  0m50.1s/9m00.0s

running (0m51.1s), 2036/4781 VUs, 9374 complete and 0 interrupted iterations
users   [   9% ] 2036/4781 VUs  0m51.1s/9m00.0s

running (0m52.1s), 2076/4781 VUs, 9781 complete and 0 interrupted iterations
users   [  10% ] 2076/4781 VUs  0m52.1s/9m00.0s

running (0m53.1s), 2116/4781 VUs, 10187 complete and 0 interrupted iterations
users   [  10% ] 2116/4781 VUs  0m53.1s/9m00.0s

running (0m54.1s), 2155/4781 VUs, 10574 complete and 0 interrupted iterations
users   [  10% ] 2155/4781 VUs  0m54.1s/9m00.0s

running (0m55.1s), 2195/4781 VUs, 10968 complete and 0 interrupted iterations
users   [  10% ] 2195/4781 VUs  0m55.1s/9m00.0s

running (0m56.1s), 2235/4781 VUs, 11393 complete and 0 interrupted iterations
users   [  10% ] 2235/4781 VUs  0m56.1s/9m00.0s

running (0m57.1s), 2275/4781 VUs, 11845 complete and 0 interrupted iterations
users   [  11% ] 2275/4781 VUs  0m57.1s/9m00.0s

running (0m58.1s), 2315/4781 VUs, 12274 complete and 0 interrupted iterations
users   [  11% ] 2315/4781 VUs  0m58.1s/9m00.0s

running (0m59.1s), 2355/4781 VUs, 12718 complete and 0 interrupted iterations
users   [  11% ] 2355/4781 VUs  0m59.1s/9m00.0s

running (1m00.1s), 2394/4781 VUs, 13185 complete and 0 interrupted iterations
users   [  11% ] 2394/4781 VUs  1m00.1s/9m00.0s

running (1m01.1s), 2434/4781 VUs, 13622 complete and 0 interrupted iterations
users   [  11% ] 2434/4781 VUs  1m01.1s/9m00.0s

running (1m02.1s), 2474/4781 VUs, 14067 complete and 0 interrupted iterations
users   [  12% ] 2474/4781 VUs  1m02.1s/9m00.0s

running (1m03.1s), 2514/4781 VUs, 14560 complete and 0 interrupted iterations
users   [  12% ] 2514/4781 VUs  1m03.1s/9m00.0s

running (1m04.1s), 2554/4781 VUs, 15052 complete and 0 interrupted iterations
users   [  12% ] 2554/4781 VUs  1m04.1s/9m00.0s

running (1m05.1s), 2594/4781 VUs, 15535 complete and 0 interrupted iterations
users   [  12% ] 2594/4781 VUs  1m05.1s/9m00.0s

running (1m06.1s), 2633/4781 VUs, 16045 complete and 0 interrupted iterations
users   [  12% ] 2633/4781 VUs  1m06.1s/9m00.0s

running (1m07.1s), 2673/4781 VUs, 16538 complete and 0 interrupted iterations
users   [  12% ] 2673/4781 VUs  1m07.1s/9m00.0s

running (1m08.1s), 2713/4781 VUs, 17051 complete and 0 interrupted iterations
users   [  13% ] 2713/4781 VUs  1m08.1s/9m00.0s

running (1m09.1s), 2753/4781 VUs, 17577 complete and 0 interrupted iterations
users   [  13% ] 2753/4781 VUs  1m09.1s/9m00.0s

running (1m10.1s), 2793/4781 VUs, 18104 complete and 0 interrupted iterations
users   [  13% ] 2793/4781 VUs  1m10.1s/9m00.0s

running (1m11.1s), 2833/4781 VUs, 18660 complete and 0 interrupted iterations
users   [  13% ] 2833/4781 VUs  1m11.1s/9m00.0s

running (1m12.1s), 2872/4781 VUs, 19209 complete and 0 interrupted iterations
users   [  13% ] 2872/4781 VUs  1m12.1s/9m00.0s

running (1m13.1s), 2912/4781 VUs, 19785 complete and 0 interrupted iterations
users   [  14% ] 2912/4781 VUs  1m13.1s/9m00.0s

running (1m14.1s), 2952/4781 VUs, 20308 complete and 0 interrupted iterations
users   [  14% ] 2952/4781 VUs  1m14.1s/9m00.0s

running (1m15.1s), 2992/4781 VUs, 20903 complete and 0 interrupted iterations
users   [  14% ] 2992/4781 VUs  1m15.1s/9m00.0s

running (1m16.1s), 3032/4781 VUs, 21485 complete and 0 interrupted iterations
users   [  14% ] 3032/4781 VUs  1m16.1s/9m00.0s

running (1m17.1s), 3072/4781 VUs, 22069 complete and 0 interrupted iterations
users   [  14% ] 3072/4781 VUs  1m17.1s/9m00.0s

running (1m18.1s), 3111/4781 VUs, 22634 complete and 0 interrupted iterations
users   [  14% ] 3111/4781 VUs  1m18.1s/9m00.0s

running (1m19.1s), 3151/4781 VUs, 23237 complete and 0 interrupted iterations
users   [  15% ] 3151/4781 VUs  1m19.1s/9m00.0s

running (1m20.1s), 3191/4781 VUs, 23839 complete and 0 interrupted iterations
users   [  15% ] 3191/4781 VUs  1m20.1s/9m00.0s

running (1m21.1s), 3231/4781 VUs, 24464 complete and 0 interrupted iterations
users   [  15% ] 3231/4781 VUs  1m21.1s/9m00.0s

running (1m22.1s), 3271/4781 VUs, 25134 complete and 0 interrupted iterations
users   [  15% ] 3271/4781 VUs  1m22.1s/9m00.0s

running (1m23.1s), 3311/4781 VUs, 25754 complete and 0 interrupted iterations
users   [  15% ] 3311/4781 VUs  1m23.1s/9m00.0s

running (1m24.1s), 3351/4781 VUs, 26399 complete and 0 interrupted iterations
users   [  16% ] 3351/4781 VUs  1m24.1s/9m00.0s

running (1m25.1s), 3390/4781 VUs, 27011 complete and 0 interrupted iterations
users   [  16% ] 3390/4781 VUs  1m25.1s/9m00.0s

running (1m26.1s), 3430/4781 VUs, 27728 complete and 0 interrupted iterations
users   [  16% ] 3430/4781 VUs  1m26.1s/9m00.0s

running (1m27.1s), 3470/4781 VUs, 28390 complete and 0 interrupted iterations
users   [  16% ] 3470/4781 VUs  1m27.1s/9m00.0s

running (1m28.1s), 3510/4781 VUs, 29047 complete and 0 interrupted iterations
users   [  16% ] 3510/4781 VUs  1m28.1s/9m00.0s

running (1m29.1s), 3550/4781 VUs, 29713 complete and 0 interrupted iterations
users   [  17% ] 3550/4781 VUs  1m29.1s/9m00.0s

running (1m30.1s), 3590/4781 VUs, 30412 complete and 0 interrupted iterations
users   [  17% ] 3590/4781 VUs  1m30.1s/9m00.0s

running (1m31.1s), 3629/4781 VUs, 31136 complete and 0 interrupted iterations
users   [  17% ] 3629/4781 VUs  1m31.1s/9m00.0s

running (1m32.1s), 3669/4781 VUs, 31825 complete and 0 interrupted iterations
users   [  17% ] 3669/4781 VUs  1m32.1s/9m00.0s

running (1m33.1s), 3709/4781 VUs, 32569 complete and 0 interrupted iterations
users   [  17% ] 3709/4781 VUs  1m33.1s/9m00.0s

running (1m34.1s), 3749/4781 VUs, 33285 complete and 0 interrupted iterations
users   [  17% ] 3749/4781 VUs  1m34.1s/9m00.0s

running (1m35.1s), 3789/4781 VUs, 33983 complete and 0 interrupted iterations
users   [  18% ] 3789/4781 VUs  1m35.1s/9m00.0s

running (1m36.1s), 3829/4781 VUs, 34726 complete and 0 interrupted iterations
users   [  18% ] 3829/4781 VUs  1m36.1s/9m00.0s

running (1m37.1s), 3869/4781 VUs, 35503 complete and 0 interrupted iterations
users   [  18% ] 3869/4781 VUs  1m37.1s/9m00.0s

running (1m38.1s), 3908/4781 VUs, 36270 complete and 0 interrupted iterations
users   [  18% ] 3908/4781 VUs  1m38.1s/9m00.0s

running (1m39.1s), 3948/4781 VUs, 37005 complete and 0 interrupted iterations
users   [  18% ] 3948/4781 VUs  1m39.1s/9m00.0s

running (1m40.1s), 3988/4781 VUs, 37768 complete and 0 interrupted iterations
users   [  19% ] 3988/4781 VUs  1m40.1s/9m00.0s

running (1m41.1s), 4028/4781 VUs, 38514 complete and 0 interrupted iterations
users   [  19% ] 4028/4781 VUs  1m41.1s/9m00.0s

running (1m42.1s), 4068/4781 VUs, 39278 complete and 0 interrupted iterations
users   [  19% ] 4068/4781 VUs  1m42.1s/9m00.0s

running (1m43.1s), 4108/4781 VUs, 40065 complete and 0 interrupted iterations
users   [  19% ] 4108/4781 VUs  1m43.1s/9m00.0s

running (1m44.1s), 4147/4781 VUs, 40867 complete and 0 interrupted iterations
users   [  19% ] 4147/4781 VUs  1m44.1s/9m00.0s

running (1m45.1s), 4187/4781 VUs, 41668 complete and 0 interrupted iterations
users   [  19% ] 4187/4781 VUs  1m45.1s/9m00.0s

running (1m46.1s), 4227/4781 VUs, 42516 complete and 0 interrupted iterations
users   [  20% ] 4227/4781 VUs  1m46.1s/9m00.0s

running (1m47.1s), 4267/4781 VUs, 43339 complete and 0 interrupted iterations
users   [  20% ] 4267/4781 VUs  1m47.1s/9m00.0s

running (1m48.1s), 4307/4781 VUs, 44179 complete and 0 interrupted iterations
users   [  20% ] 4307/4781 VUs  1m48.1s/9m00.0s

running (1m49.1s), 4347/4781 VUs, 45011 complete and 0 interrupted iterations
users   [  20% ] 4347/4781 VUs  1m49.1s/9m00.0s

running (1m50.1s), 4386/4781 VUs, 45861 complete and 0 interrupted iterations
users   [  20% ] 4386/4781 VUs  1m50.1s/9m00.0s

running (1m51.1s), 4426/4781 VUs, 46689 complete and 0 interrupted iterations
users   [  21% ] 4426/4781 VUs  1m51.1s/9m00.0s

running (1m52.1s), 4466/4781 VUs, 47582 complete and 0 interrupted iterations
users   [  21% ] 4466/4781 VUs  1m52.1s/9m00.0s

running (1m53.1s), 4506/4781 VUs, 48450 complete and 0 interrupted iterations
users   [  21% ] 4506/4781 VUs  1m53.1s/9m00.0s

running (1m54.1s), 4546/4781 VUs, 49313 complete and 0 interrupted iterations
users   [  21% ] 4546/4781 VUs  1m54.1s/9m00.0s

running (1m55.1s), 4586/4781 VUs, 50227 complete and 0 interrupted iterations
users   [  21% ] 4586/4781 VUs  1m55.1s/9m00.0s

running (1m56.1s), 4626/4781 VUs, 51088 complete and 0 interrupted iterations
users   [  22% ] 4626/4781 VUs  1m56.1s/9m00.0s

running (1m57.1s), 4665/4781 VUs, 51981 complete and 0 interrupted iterations
users   [  22% ] 4665/4781 VUs  1m57.1s/9m00.0s

running (1m58.1s), 4705/4781 VUs, 52951 complete and 0 interrupted iterations
users   [  22% ] 4705/4781 VUs  1m58.1s/9m00.0s

running (1m59.1s), 4745/4781 VUs, 53829 complete and 0 interrupted iterations
users   [  22% ] 4745/4781 VUs  1m59.1s/9m00.0s

running (2m00.1s), 4781/4781 VUs, 54727 complete and 0 interrupted iterations
users   [  22% ] 4781/4781 VUs  2m00.1s/9m00.0s

running (2m01.1s), 4781/4781 VUs, 55690 complete and 0 interrupted iterations
users   [  22% ] 4781/4781 VUs  2m01.1s/9m00.0s

running (2m02.1s), 4781/4781 VUs, 56617 complete and 0 interrupted iterations
users   [  23% ] 4781/4781 VUs  2m02.1s/9m00.0s

running (2m03.1s), 4781/4781 VUs, 57609 complete and 0 interrupted iterations
users   [  23% ] 4781/4781 VUs  2m03.1s/9m00.0s

running (2m04.1s), 4781/4781 VUs, 58527 complete and 0 interrupted iterations
users   [  23% ] 4781/4781 VUs  2m04.1s/9m00.0s

running (2m05.1s), 4781/4781 VUs, 59460 complete and 0 interrupted iterations
users   [  23% ] 4781/4781 VUs  2m05.1s/9m00.0s

running (2m06.1s), 4781/4781 VUs, 60398 complete and 0 interrupted iterations
users   [  23% ] 4781/4781 VUs  2m06.1s/9m00.0s

running (2m07.1s), 4781/4781 VUs, 61347 complete and 0 interrupted iterations
users   [  24% ] 4781/4781 VUs  2m07.1s/9m00.0s

running (2m08.1s), 4781/4781 VUs, 62276 complete and 0 interrupted iterations
users   [  24% ] 4781/4781 VUs  2m08.1s/9m00.0s

running (2m09.1s), 4781/4781 VUs, 63226 complete and 0 interrupted iterations
users   [  24% ] 4781/4781 VUs  2m09.1s/9m00.0s

running (2m10.1s), 4781/4781 VUs, 64165 complete and 0 interrupted iterations
users   [  24% ] 4781/4781 VUs  2m10.1s/9m00.0s

running (2m11.1s), 4781/4781 VUs, 65075 complete and 0 interrupted iterations
users   [  24% ] 4781/4781 VUs  2m11.1s/9m00.0s

running (2m12.1s), 4781/4781 VUs, 65989 complete and 0 interrupted iterations
users   [  24% ] 4781/4781 VUs  2m12.1s/9m00.0s

running (2m13.1s), 4781/4781 VUs, 66966 complete and 0 interrupted iterations
users   [  25% ] 4781/4781 VUs  2m13.1s/9m00.0s

running (2m14.1s), 4781/4781 VUs, 67899 complete and 0 interrupted iterations
users   [  25% ] 4781/4781 VUs  2m14.1s/9m00.0s

running (2m15.1s), 4781/4781 VUs, 68865 complete and 0 interrupted iterations
users   [  25% ] 4781/4781 VUs  2m15.1s/9m00.0s

running (2m16.1s), 4781/4781 VUs, 69831 complete and 0 interrupted iterations
users   [  25% ] 4781/4781 VUs  2m16.1s/9m00.0s

running (2m17.1s), 4781/4781 VUs, 70751 complete and 0 interrupted iterations
users   [  25% ] 4781/4781 VUs  2m17.1s/9m00.0s

running (2m18.1s), 4781/4781 VUs, 71636 complete and 0 interrupted iterations
users   [  26% ] 4781/4781 VUs  2m18.1s/9m00.0s

running (2m19.1s), 4781/4781 VUs, 72609 complete and 0 interrupted iterations
users   [  26% ] 4781/4781 VUs  2m19.1s/9m00.0s

running (2m20.1s), 4781/4781 VUs, 73571 complete and 0 interrupted iterations
users   [  26% ] 4781/4781 VUs  2m20.1s/9m00.0s

running (2m21.1s), 4781/4781 VUs, 74512 complete and 0 interrupted iterations
users   [  26% ] 4781/4781 VUs  2m21.1s/9m00.0s

running (2m22.1s), 4781/4781 VUs, 75421 complete and 0 interrupted iterations
users   [  26% ] 4781/4781 VUs  2m22.1s/9m00.0s

running (2m23.1s), 4781/4781 VUs, 76365 complete and 0 interrupted iterations
users   [  27% ] 4781/4781 VUs  2m23.1s/9m00.0s

running (2m24.1s), 4781/4781 VUs, 77279 complete and 0 interrupted iterations
users   [  27% ] 4781/4781 VUs  2m24.1s/9m00.0s

running (2m25.1s), 4781/4781 VUs, 78228 complete and 0 interrupted iterations
users   [  27% ] 4781/4781 VUs  2m25.1s/9m00.0s

running (2m26.1s), 4781/4781 VUs, 79206 complete and 0 interrupted iterations
users   [  27% ] 4781/4781 VUs  2m26.1s/9m00.0s

running (2m27.1s), 4781/4781 VUs, 80139 complete and 0 interrupted iterations
users   [  27% ] 4781/4781 VUs  2m27.1s/9m00.0s

running (2m28.1s), 4781/4781 VUs, 81073 complete and 0 interrupted iterations
users   [  27% ] 4781/4781 VUs  2m28.1s/9m00.0s

running (2m29.1s), 4781/4781 VUs, 82007 complete and 0 interrupted iterations
users   [  28% ] 4781/4781 VUs  2m29.1s/9m00.0s

running (2m30.1s), 4781/4781 VUs, 82930 complete and 0 interrupted iterations
users   [  28% ] 4781/4781 VUs  2m30.1s/9m00.0s

running (2m31.1s), 4781/4781 VUs, 83885 complete and 0 interrupted iterations
users   [  28% ] 4781/4781 VUs  2m31.1s/9m00.0s

running (2m32.1s), 4781/4781 VUs, 84810 complete and 0 interrupted iterations
users   [  28% ] 4781/4781 VUs  2m32.1s/9m00.0s

running (2m33.1s), 4781/4781 VUs, 85755 complete and 0 interrupted iterations
users   [  28% ] 4781/4781 VUs  2m33.1s/9m00.0s

running (2m34.1s), 4781/4781 VUs, 86717 complete and 0 interrupted iterations
users   [  29% ] 4781/4781 VUs  2m34.1s/9m00.0s

running (2m35.1s), 4781/4781 VUs, 87659 complete and 0 interrupted iterations
users   [  29% ] 4781/4781 VUs  2m35.1s/9m00.0s

running (2m36.1s), 4781/4781 VUs, 88635 complete and 0 interrupted iterations
users   [  29% ] 4781/4781 VUs  2m36.1s/9m00.0s

running (2m37.1s), 4781/4781 VUs, 89612 complete and 0 interrupted iterations
users   [  29% ] 4781/4781 VUs  2m37.1s/9m00.0s

running (2m38.1s), 4781/4781 VUs, 90524 complete and 0 interrupted iterations
users   [  29% ] 4781/4781 VUs  2m38.1s/9m00.0s

running (2m39.1s), 4781/4781 VUs, 91432 complete and 0 interrupted iterations
users   [  29% ] 4781/4781 VUs  2m39.1s/9m00.0s

running (2m40.1s), 4781/4781 VUs, 92387 complete and 0 interrupted iterations
users   [  30% ] 4781/4781 VUs  2m40.1s/9m00.0s

running (2m41.1s), 4781/4781 VUs, 93334 complete and 0 interrupted iterations
users   [  30% ] 4781/4781 VUs  2m41.1s/9m00.0s

running (2m42.1s), 4781/4781 VUs, 94289 complete and 0 interrupted iterations
users   [  30% ] 4781/4781 VUs  2m42.1s/9m00.0s

running (2m43.1s), 4781/4781 VUs, 95251 complete and 0 interrupted iterations
users   [  30% ] 4781/4781 VUs  2m43.1s/9m00.0s

running (2m44.1s), 4781/4781 VUs, 96192 complete and 0 interrupted iterations
users   [  30% ] 4781/4781 VUs  2m44.1s/9m00.0s

running (2m45.1s), 4781/4781 VUs, 97139 complete and 0 interrupted iterations
users   [  31% ] 4781/4781 VUs  2m45.1s/9m00.0s

running (2m46.1s), 4781/4781 VUs, 98075 complete and 0 interrupted iterations
users   [  31% ] 4781/4781 VUs  2m46.1s/9m00.0s

running (2m47.1s), 4781/4781 VUs, 98993 complete and 0 interrupted iterations
users   [  31% ] 4781/4781 VUs  2m47.1s/9m00.0s

running (2m48.1s), 4781/4781 VUs, 99941 complete and 0 interrupted iterations
users   [  31% ] 4781/4781 VUs  2m48.1s/9m00.0s

running (2m49.1s), 4781/4781 VUs, 100910 complete and 0 interrupted iterations
users   [  31% ] 4781/4781 VUs  2m49.1s/9m00.0s

running (2m50.1s), 4781/4781 VUs, 101901 complete and 0 interrupted iterations
users   [  32% ] 4781/4781 VUs  2m50.1s/9m00.0s

running (2m51.1s), 4781/4781 VUs, 102799 complete and 0 interrupted iterations
users   [  32% ] 4781/4781 VUs  2m51.1s/9m00.0s

running (2m52.1s), 4781/4781 VUs, 103756 complete and 0 interrupted iterations
users   [  32% ] 4781/4781 VUs  2m52.1s/9m00.0s

running (2m53.1s), 4781/4781 VUs, 104708 complete and 0 interrupted iterations
users   [  32% ] 4781/4781 VUs  2m53.1s/9m00.0s

running (2m54.1s), 4781/4781 VUs, 105658 complete and 0 interrupted iterations
users   [  32% ] 4781/4781 VUs  2m54.1s/9m00.0s

running (2m55.1s), 4781/4781 VUs, 106598 complete and 0 interrupted iterations
users   [  32% ] 4781/4781 VUs  2m55.1s/9m00.0s

running (2m56.1s), 4781/4781 VUs, 107538 complete and 0 interrupted iterations
users   [  33% ] 4781/4781 VUs  2m56.1s/9m00.0s

running (2m57.1s), 4781/4781 VUs, 108473 complete and 0 interrupted iterations
users   [  33% ] 4781/4781 VUs  2m57.1s/9m00.0s

running (2m58.1s), 4781/4781 VUs, 109404 complete and 0 interrupted iterations
users   [  33% ] 4781/4781 VUs  2m58.1s/9m00.0s

running (2m59.1s), 4781/4781 VUs, 110368 complete and 0 interrupted iterations
users   [  33% ] 4781/4781 VUs  2m59.1s/9m00.0s

running (3m00.1s), 4781/4781 VUs, 111373 complete and 0 interrupted iterations
users   [  33% ] 4781/4781 VUs  3m00.1s/9m00.0s

running (3m01.1s), 4781/4781 VUs, 112245 complete and 0 interrupted iterations
users   [  34% ] 4781/4781 VUs  3m01.1s/9m00.0s

running (3m02.1s), 4781/4781 VUs, 113217 complete and 0 interrupted iterations
users   [  34% ] 4781/4781 VUs  3m02.1s/9m00.0s

running (3m03.1s), 4781/4781 VUs, 114164 complete and 0 interrupted iterations
users   [  34% ] 4781/4781 VUs  3m03.1s/9m00.0s

running (3m04.1s), 4781/4781 VUs, 115110 complete and 0 interrupted iterations
users   [  34% ] 4781/4781 VUs  3m04.1s/9m00.0s

running (3m05.1s), 4781/4781 VUs, 116012 complete and 0 interrupted iterations
users   [  34% ] 4781/4781 VUs  3m05.1s/9m00.0s

running (3m06.1s), 4781/4781 VUs, 116881 complete and 0 interrupted iterations
users   [  34% ] 4781/4781 VUs  3m06.1s/9m00.0s

running (3m07.1s), 4781/4781 VUs, 117769 complete and 0 interrupted iterations
users   [  35% ] 4781/4781 VUs  3m07.1s/9m00.0s

running (3m08.1s), 4781/4781 VUs, 118497 complete and 0 interrupted iterations
users   [  35% ] 4781/4781 VUs  3m08.1s/9m00.0s

running (3m09.1s), 4781/4781 VUs, 119168 complete and 0 interrupted iterations
users   [  35% ] 4781/4781 VUs  3m09.1s/9m00.0s

running (3m10.1s), 4781/4781 VUs, 119853 complete and 0 interrupted iterations
users   [  35% ] 4781/4781 VUs  3m10.1s/9m00.0s

running (3m11.1s), 4781/4781 VUs, 120647 complete and 0 interrupted iterations
users   [  35% ] 4781/4781 VUs  3m11.1s/9m00.0s

running (3m12.1s), 4781/4781 VUs, 121588 complete and 0 interrupted iterations
users   [  36% ] 4781/4781 VUs  3m12.1s/9m00.0s

running (3m13.1s), 4781/4781 VUs, 122588 complete and 0 interrupted iterations
users   [  36% ] 4781/4781 VUs  3m13.1s/9m00.0s

running (3m14.1s), 4781/4781 VUs, 123581 complete and 0 interrupted iterations
users   [  36% ] 4781/4781 VUs  3m14.1s/9m00.0s

running (3m15.1s), 4781/4781 VUs, 124564 complete and 0 interrupted iterations
users   [  36% ] 4781/4781 VUs  3m15.1s/9m00.0s

running (3m16.1s), 4781/4781 VUs, 125497 complete and 0 interrupted iterations
users   [  36% ] 4781/4781 VUs  3m16.1s/9m00.0s

running (3m17.1s), 4781/4781 VUs, 126387 complete and 0 interrupted iterations
users   [  37% ] 4781/4781 VUs  3m17.1s/9m00.0s

running (3m18.1s), 4781/4781 VUs, 127324 complete and 0 interrupted iterations
users   [  37% ] 4781/4781 VUs  3m18.1s/9m00.0s

running (3m19.1s), 4781/4781 VUs, 128289 complete and 0 interrupted iterations
users   [  37% ] 4781/4781 VUs  3m19.1s/9m00.0s

running (3m20.1s), 4781/4781 VUs, 129225 complete and 0 interrupted iterations
users   [  37% ] 4781/4781 VUs  3m20.1s/9m00.0s

running (3m21.1s), 4781/4781 VUs, 130180 complete and 0 interrupted iterations
users   [  37% ] 4781/4781 VUs  3m21.1s/9m00.0s

running (3m22.1s), 4781/4781 VUs, 131105 complete and 0 interrupted iterations
users   [  37% ] 4781/4781 VUs  3m22.1s/9m00.0s

running (3m23.1s), 4781/4781 VUs, 132027 complete and 0 interrupted iterations
users   [  38% ] 4781/4781 VUs  3m23.1s/9m00.0s

running (3m24.1s), 4781/4781 VUs, 133024 complete and 0 interrupted iterations
users   [  38% ] 4781/4781 VUs  3m24.1s/9m00.0s

running (3m25.1s), 4781/4781 VUs, 133956 complete and 0 interrupted iterations
users   [  38% ] 4781/4781 VUs  3m25.1s/9m00.0s

running (3m26.1s), 4781/4781 VUs, 134861 complete and 0 interrupted iterations
users   [  38% ] 4781/4781 VUs  3m26.1s/9m00.0s

running (3m27.1s), 4781/4781 VUs, 135842 complete and 0 interrupted iterations
users   [  38% ] 4781/4781 VUs  3m27.1s/9m00.0s

running (3m28.1s), 4781/4781 VUs, 136792 complete and 0 interrupted iterations
users   [  39% ] 4781/4781 VUs  3m28.1s/9m00.0s

running (3m29.1s), 4781/4781 VUs, 137750 complete and 0 interrupted iterations
users   [  39% ] 4781/4781 VUs  3m29.1s/9m00.0s

running (3m30.1s), 4781/4781 VUs, 138692 complete and 0 interrupted iterations
users   [  39% ] 4781/4781 VUs  3m30.1s/9m00.0s

running (3m31.1s), 4781/4781 VUs, 139650 complete and 0 interrupted iterations
users   [  39% ] 4781/4781 VUs  3m31.1s/9m00.0s

running (3m32.1s), 4781/4781 VUs, 140558 complete and 0 interrupted iterations
users   [  39% ] 4781/4781 VUs  3m32.1s/9m00.0s

running (3m33.1s), 4781/4781 VUs, 141522 complete and 0 interrupted iterations
users   [  39% ] 4781/4781 VUs  3m33.1s/9m00.0s

running (3m34.1s), 4781/4781 VUs, 142486 complete and 0 interrupted iterations
users   [  40% ] 4781/4781 VUs  3m34.1s/9m00.0s

running (3m35.1s), 4781/4781 VUs, 143444 complete and 0 interrupted iterations
users   [  40% ] 4781/4781 VUs  3m35.1s/9m00.0s

running (3m36.1s), 4781/4781 VUs, 144394 complete and 0 interrupted iterations
users   [  40% ] 4781/4781 VUs  3m36.1s/9m00.0s

running (3m37.1s), 4781/4781 VUs, 145311 complete and 0 interrupted iterations
users   [  40% ] 4781/4781 VUs  3m37.1s/9m00.0s

running (3m38.1s), 4781/4781 VUs, 146259 complete and 0 interrupted iterations
users   [  40% ] 4781/4781 VUs  3m38.1s/9m00.0s

running (3m39.1s), 4781/4781 VUs, 147217 complete and 0 interrupted iterations
users   [  41% ] 4781/4781 VUs  3m39.1s/9m00.0s

running (3m40.1s), 4781/4781 VUs, 148176 complete and 0 interrupted iterations
users   [  41% ] 4781/4781 VUs  3m40.1s/9m00.0s

running (3m41.1s), 4781/4781 VUs, 149125 complete and 0 interrupted iterations
users   [  41% ] 4781/4781 VUs  3m41.1s/9m00.0s

running (3m42.1s), 4781/4781 VUs, 150050 complete and 0 interrupted iterations
users   [  41% ] 4781/4781 VUs  3m42.1s/9m00.0s

running (3m43.1s), 4781/4781 VUs, 151028 complete and 0 interrupted iterations
users   [  41% ] 4781/4781 VUs  3m43.1s/9m00.0s

running (3m44.1s), 4781/4781 VUs, 151930 complete and 0 interrupted iterations
users   [  42% ] 4781/4781 VUs  3m44.1s/9m00.0s

running (3m45.1s), 4781/4781 VUs, 152901 complete and 0 interrupted iterations
users   [  42% ] 4781/4781 VUs  3m45.1s/9m00.0s

running (3m46.1s), 4781/4781 VUs, 153842 complete and 0 interrupted iterations
users   [  42% ] 4781/4781 VUs  3m46.1s/9m00.0s

running (3m47.1s), 4781/4781 VUs, 154801 complete and 0 interrupted iterations
users   [  42% ] 4781/4781 VUs  3m47.1s/9m00.0s

running (3m48.1s), 4781/4781 VUs, 155721 complete and 0 interrupted iterations
users   [  42% ] 4781/4781 VUs  3m48.1s/9m00.0s

running (3m49.1s), 4781/4781 VUs, 156710 complete and 0 interrupted iterations
users   [  42% ] 4781/4781 VUs  3m49.1s/9m00.0s

running (3m50.1s), 4781/4781 VUs, 157624 complete and 0 interrupted iterations
users   [  43% ] 4781/4781 VUs  3m50.1s/9m00.0s

running (3m51.1s), 4781/4781 VUs, 158585 complete and 0 interrupted iterations
users   [  43% ] 4781/4781 VUs  3m51.1s/9m00.0s

running (3m52.1s), 4781/4781 VUs, 159532 complete and 0 interrupted iterations
users   [  43% ] 4781/4781 VUs  3m52.1s/9m00.0s

running (3m53.1s), 4781/4781 VUs, 160498 complete and 0 interrupted iterations
users   [  43% ] 4781/4781 VUs  3m53.1s/9m00.0s

running (3m54.1s), 4781/4781 VUs, 161425 complete and 0 interrupted iterations
users   [  43% ] 4781/4781 VUs  3m54.1s/9m00.0s

running (3m55.1s), 4781/4781 VUs, 162398 complete and 0 interrupted iterations
users   [  44% ] 4781/4781 VUs  3m55.1s/9m00.0s

running (3m56.1s), 4781/4781 VUs, 163334 complete and 0 interrupted iterations
users   [  44% ] 4781/4781 VUs  3m56.1s/9m00.0s

running (3m57.1s), 4781/4781 VUs, 164274 complete and 0 interrupted iterations
users   [  44% ] 4781/4781 VUs  3m57.1s/9m00.0s

running (3m58.1s), 4781/4781 VUs, 165207 complete and 0 interrupted iterations
users   [  44% ] 4781/4781 VUs  3m58.1s/9m00.0s

running (3m59.1s), 4781/4781 VUs, 166161 complete and 0 interrupted iterations
users   [  44% ] 4781/4781 VUs  3m59.1s/9m00.0s

running (4m00.1s), 4781/4781 VUs, 167140 complete and 0 interrupted iterations
users   [  44% ] 4781/4781 VUs  4m00.1s/9m00.0s

running (4m01.1s), 4781/4781 VUs, 168056 complete and 0 interrupted iterations
users   [  45% ] 4781/4781 VUs  4m01.1s/9m00.0s

running (4m02.1s), 4781/4781 VUs, 168993 complete and 0 interrupted iterations
users   [  45% ] 4781/4781 VUs  4m02.1s/9m00.0s

running (4m03.1s), 4781/4781 VUs, 169944 complete and 0 interrupted iterations
users   [  45% ] 4781/4781 VUs  4m03.1s/9m00.0s

running (4m04.1s), 4781/4781 VUs, 170864 complete and 0 interrupted iterations
users   [  45% ] 4781/4781 VUs  4m04.1s/9m00.0s

running (4m05.1s), 4781/4781 VUs, 171821 complete and 0 interrupted iterations
users   [  45% ] 4781/4781 VUs  4m05.1s/9m00.0s

running (4m06.1s), 4781/4781 VUs, 172767 complete and 0 interrupted iterations
users   [  46% ] 4781/4781 VUs  4m06.1s/9m00.0s

running (4m07.1s), 4781/4781 VUs, 173702 complete and 0 interrupted iterations
users   [  46% ] 4781/4781 VUs  4m07.1s/9m00.0s

running (4m08.1s), 4781/4781 VUs, 174574 complete and 0 interrupted iterations
users   [  46% ] 4781/4781 VUs  4m08.1s/9m00.0s

running (4m09.1s), 4781/4781 VUs, 175533 complete and 0 interrupted iterations
users   [  46% ] 4781/4781 VUs  4m09.1s/9m00.0s

running (4m10.1s), 4781/4781 VUs, 176447 complete and 0 interrupted iterations
users   [  46% ] 4781/4781 VUs  4m10.1s/9m00.0s

running (4m11.1s), 4781/4781 VUs, 177401 complete and 0 interrupted iterations
users   [  47% ] 4781/4781 VUs  4m11.1s/9m00.0s

running (4m12.1s), 4781/4781 VUs, 178349 complete and 0 interrupted iterations
users   [  47% ] 4781/4781 VUs  4m12.1s/9m00.0s

running (4m13.1s), 4781/4781 VUs, 179322 complete and 0 interrupted iterations
users   [  47% ] 4781/4781 VUs  4m13.1s/9m00.0s

running (4m14.1s), 4781/4781 VUs, 180261 complete and 0 interrupted iterations
users   [  47% ] 4781/4781 VUs  4m14.1s/9m00.0s

running (4m15.1s), 4781/4781 VUs, 181203 complete and 0 interrupted iterations
users   [  47% ] 4781/4781 VUs  4m15.1s/9m00.0s

running (4m16.1s), 4781/4781 VUs, 182147 complete and 0 interrupted iterations
users   [  47% ] 4781/4781 VUs  4m16.1s/9m00.0s

running (4m17.1s), 4781/4781 VUs, 183117 complete and 0 interrupted iterations
users   [  48% ] 4781/4781 VUs  4m17.1s/9m00.0s

running (4m18.1s), 4781/4781 VUs, 184027 complete and 0 interrupted iterations
users   [  48% ] 4781/4781 VUs  4m18.1s/9m00.0s

running (4m19.1s), 4781/4781 VUs, 184972 complete and 0 interrupted iterations
users   [  48% ] 4781/4781 VUs  4m19.1s/9m00.0s

running (4m20.1s), 4781/4781 VUs, 185915 complete and 0 interrupted iterations
users   [  48% ] 4781/4781 VUs  4m20.1s/9m00.0s

running (4m21.1s), 4781/4781 VUs, 186862 complete and 0 interrupted iterations
users   [  48% ] 4781/4781 VUs  4m21.1s/9m00.0s

running (4m22.1s), 4781/4781 VUs, 187788 complete and 0 interrupted iterations
users   [  49% ] 4781/4781 VUs  4m22.1s/9m00.0s

running (4m23.1s), 4781/4781 VUs, 188719 complete and 0 interrupted iterations
users   [  49% ] 4781/4781 VUs  4m23.1s/9m00.0s

running (4m24.1s), 4781/4781 VUs, 189667 complete and 0 interrupted iterations
users   [  49% ] 4781/4781 VUs  4m24.1s/9m00.0s

running (4m25.1s), 4781/4781 VUs, 190652 complete and 0 interrupted iterations
users   [  49% ] 4781/4781 VUs  4m25.1s/9m00.0s

running (4m26.1s), 4781/4781 VUs, 191612 complete and 0 interrupted iterations
users   [  49% ] 4781/4781 VUs  4m26.1s/9m00.0s

running (4m27.1s), 4781/4781 VUs, 192540 complete and 0 interrupted iterations
users   [  49% ] 4781/4781 VUs  4m27.1s/9m00.0s

running (4m28.1s), 4781/4781 VUs, 193461 complete and 0 interrupted iterations
users   [  50% ] 4781/4781 VUs  4m28.1s/9m00.0s

running (4m29.1s), 4781/4781 VUs, 194433 complete and 0 interrupted iterations
users   [  50% ] 4781/4781 VUs  4m29.1s/9m00.0s

running (4m30.1s), 4781/4781 VUs, 195330 complete and 0 interrupted iterations
users   [  50% ] 4781/4781 VUs  4m30.1s/9m00.0s

running (4m31.1s), 4781/4781 VUs, 196321 complete and 0 interrupted iterations
users   [  50% ] 4781/4781 VUs  4m31.1s/9m00.0s

running (4m32.1s), 4781/4781 VUs, 197216 complete and 0 interrupted iterations
users   [  50% ] 4781/4781 VUs  4m32.1s/9m00.0s

running (4m33.1s), 4781/4781 VUs, 198208 complete and 0 interrupted iterations
users   [  51% ] 4781/4781 VUs  4m33.1s/9m00.0s

running (4m34.1s), 4781/4781 VUs, 199135 complete and 0 interrupted iterations
users   [  51% ] 4781/4781 VUs  4m34.1s/9m00.0s

running (4m35.1s), 4781/4781 VUs, 200137 complete and 0 interrupted iterations
users   [  51% ] 4781/4781 VUs  4m35.1s/9m00.0s

running (4m36.1s), 4781/4781 VUs, 201064 complete and 0 interrupted iterations
users   [  51% ] 4781/4781 VUs  4m36.1s/9m00.0s

running (4m37.1s), 4781/4781 VUs, 201977 complete and 0 interrupted iterations
users   [  51% ] 4781/4781 VUs  4m37.1s/9m00.0s

running (4m38.1s), 4781/4781 VUs, 202910 complete and 0 interrupted iterations
users   [  52% ] 4781/4781 VUs  4m38.1s/9m00.0s

running (4m39.1s), 4781/4781 VUs, 203881 complete and 0 interrupted iterations
users   [  52% ] 4781/4781 VUs  4m39.1s/9m00.0s

running (4m40.1s), 4781/4781 VUs, 204816 complete and 0 interrupted iterations
users   [  52% ] 4781/4781 VUs  4m40.1s/9m00.0s

running (4m41.1s), 4781/4781 VUs, 205774 complete and 0 interrupted iterations
users   [  52% ] 4781/4781 VUs  4m41.1s/9m00.0s

running (4m42.1s), 4781/4781 VUs, 206738 complete and 0 interrupted iterations
users   [  52% ] 4781/4781 VUs  4m42.1s/9m00.0s

running (4m43.1s), 4781/4781 VUs, 207668 complete and 0 interrupted iterations
users   [  52% ] 4781/4781 VUs  4m43.1s/9m00.0s

running (4m44.1s), 4781/4781 VUs, 208615 complete and 0 interrupted iterations
users   [  53% ] 4781/4781 VUs  4m44.1s/9m00.0s

running (4m45.1s), 4781/4781 VUs, 209556 complete and 0 interrupted iterations
users   [  53% ] 4781/4781 VUs  4m45.1s/9m00.0s

running (4m46.1s), 4781/4781 VUs, 210473 complete and 0 interrupted iterations
users   [  53% ] 4781/4781 VUs  4m46.1s/9m00.0s

running (4m47.1s), 4781/4781 VUs, 211450 complete and 0 interrupted iterations
users   [  53% ] 4781/4781 VUs  4m47.1s/9m00.0s

running (4m48.1s), 4781/4781 VUs, 212410 complete and 0 interrupted iterations
users   [  53% ] 4781/4781 VUs  4m48.1s/9m00.0s

running (4m49.1s), 4781/4781 VUs, 213358 complete and 0 interrupted iterations
users   [  54% ] 4781/4781 VUs  4m49.1s/9m00.0s

running (4m50.1s), 4781/4781 VUs, 214302 complete and 0 interrupted iterations
users   [  54% ] 4781/4781 VUs  4m50.1s/9m00.0s

running (4m51.1s), 4781/4781 VUs, 215229 complete and 0 interrupted iterations
users   [  54% ] 4781/4781 VUs  4m51.1s/9m00.0s

running (4m52.1s), 4781/4781 VUs, 216181 complete and 0 interrupted iterations
users   [  54% ] 4781/4781 VUs  4m52.1s/9m00.0s

running (4m53.1s), 4781/4781 VUs, 217143 complete and 0 interrupted iterations
users   [  54% ] 4781/4781 VUs  4m53.1s/9m00.0s

running (4m54.1s), 4781/4781 VUs, 218045 complete and 0 interrupted iterations
users   [  54% ] 4781/4781 VUs  4m54.1s/9m00.0s

running (4m55.1s), 4781/4781 VUs, 218959 complete and 0 interrupted iterations
users   [  55% ] 4781/4781 VUs  4m55.1s/9m00.0s

running (4m56.1s), 4781/4781 VUs, 219916 complete and 0 interrupted iterations
users   [  55% ] 4781/4781 VUs  4m56.1s/9m00.0s

running (4m57.1s), 4781/4781 VUs, 220877 complete and 0 interrupted iterations
users   [  55% ] 4781/4781 VUs  4m57.1s/9m00.0s

running (4m58.1s), 4781/4781 VUs, 221853 complete and 0 interrupted iterations
users   [  55% ] 4781/4781 VUs  4m58.1s/9m00.0s

running (4m59.1s), 4781/4781 VUs, 222736 complete and 0 interrupted iterations
users   [  55% ] 4781/4781 VUs  4m59.1s/9m00.0s

running (5m00.1s), 4781/4781 VUs, 223702 complete and 0 interrupted iterations
users   [  56% ] 4781/4781 VUs  5m00.1s/9m00.0s

running (5m01.1s), 4781/4781 VUs, 224610 complete and 0 interrupted iterations
users   [  56% ] 4781/4781 VUs  5m01.1s/9m00.0s

running (5m02.1s), 4781/4781 VUs, 225585 complete and 0 interrupted iterations
users   [  56% ] 4781/4781 VUs  5m02.1s/9m00.0s

running (5m03.1s), 4781/4781 VUs, 226554 complete and 0 interrupted iterations
users   [  56% ] 4781/4781 VUs  5m03.1s/9m00.0s

running (5m04.1s), 4781/4781 VUs, 227518 complete and 0 interrupted iterations
users   [  56% ] 4781/4781 VUs  5m04.1s/9m00.0s

running (5m05.1s), 4781/4781 VUs, 228438 complete and 0 interrupted iterations
users   [  57% ] 4781/4781 VUs  5m05.1s/9m00.0s

running (5m06.1s), 4781/4781 VUs, 229370 complete and 0 interrupted iterations
users   [  57% ] 4781/4781 VUs  5m06.1s/9m00.0s

running (5m07.1s), 4781/4781 VUs, 230353 complete and 0 interrupted iterations
users   [  57% ] 4781/4781 VUs  5m07.1s/9m00.0s

running (5m08.1s), 4781/4781 VUs, 231247 complete and 0 interrupted iterations
users   [  57% ] 4781/4781 VUs  5m08.1s/9m00.0s

running (5m09.1s), 4781/4781 VUs, 232195 complete and 0 interrupted iterations
users   [  57% ] 4781/4781 VUs  5m09.1s/9m00.0s

running (5m10.1s), 4781/4781 VUs, 233149 complete and 0 interrupted iterations
users   [  57% ] 4781/4781 VUs  5m10.1s/9m00.0s

running (5m11.1s), 4781/4781 VUs, 234128 complete and 0 interrupted iterations
users   [  58% ] 4781/4781 VUs  5m11.1s/9m00.0s

running (5m12.1s), 4781/4781 VUs, 235012 complete and 0 interrupted iterations
users   [  58% ] 4781/4781 VUs  5m12.1s/9m00.0s

running (5m13.1s), 4781/4781 VUs, 235946 complete and 0 interrupted iterations
users   [  58% ] 4781/4781 VUs  5m13.1s/9m00.0s

running (5m14.1s), 4781/4781 VUs, 236900 complete and 0 interrupted iterations
users   [  58% ] 4781/4781 VUs  5m14.1s/9m00.0s

running (5m15.1s), 4781/4781 VUs, 237908 complete and 0 interrupted iterations
users   [  58% ] 4781/4781 VUs  5m15.1s/9m00.0s

running (5m16.1s), 4781/4781 VUs, 238836 complete and 0 interrupted iterations
users   [  59% ] 4781/4781 VUs  5m16.1s/9m00.0s

running (5m17.1s), 4781/4781 VUs, 239763 complete and 0 interrupted iterations
users   [  59% ] 4781/4781 VUs  5m17.1s/9m00.0s

running (5m18.1s), 4781/4781 VUs, 240667 complete and 0 interrupted iterations
users   [  59% ] 4781/4781 VUs  5m18.1s/9m00.0s

running (5m19.1s), 4781/4781 VUs, 241642 complete and 0 interrupted iterations
users   [  59% ] 4781/4781 VUs  5m19.1s/9m00.0s

running (5m20.1s), 4781/4781 VUs, 242603 complete and 0 interrupted iterations
users   [  59% ] 4781/4781 VUs  5m20.1s/9m00.0s

running (5m21.1s), 4781/4781 VUs, 243551 complete and 0 interrupted iterations
users   [  59% ] 4781/4781 VUs  5m21.1s/9m00.0s

running (5m22.1s), 4781/4781 VUs, 244503 complete and 0 interrupted iterations
users   [  60% ] 4781/4781 VUs  5m22.1s/9m00.0s

running (5m23.1s), 4781/4781 VUs, 245419 complete and 0 interrupted iterations
users   [  60% ] 4781/4781 VUs  5m23.1s/9m00.0s

running (5m24.1s), 4781/4781 VUs, 246389 complete and 0 interrupted iterations
users   [  60% ] 4781/4781 VUs  5m24.1s/9m00.0s

running (5m25.1s), 4781/4781 VUs, 247330 complete and 0 interrupted iterations
users   [  60% ] 4781/4781 VUs  5m25.1s/9m00.0s

running (5m26.1s), 4781/4781 VUs, 248275 complete and 0 interrupted iterations
users   [  60% ] 4781/4781 VUs  5m26.1s/9m00.0s

running (5m27.1s), 4781/4781 VUs, 249201 complete and 0 interrupted iterations
users   [  61% ] 4781/4781 VUs  5m27.1s/9m00.0s

running (5m28.1s), 4781/4781 VUs, 250153 complete and 0 interrupted iterations
users   [  61% ] 4781/4781 VUs  5m28.1s/9m00.0s

running (5m29.1s), 4781/4781 VUs, 251059 complete and 0 interrupted iterations
users   [  61% ] 4781/4781 VUs  5m29.1s/9m00.0s

running (5m30.1s), 4781/4781 VUs, 252030 complete and 0 interrupted iterations
users   [  61% ] 4781/4781 VUs  5m30.1s/9m00.0s

running (5m31.1s), 4781/4781 VUs, 253016 complete and 0 interrupted iterations
users   [  61% ] 4781/4781 VUs  5m31.1s/9m00.0s

running (5m32.1s), 4781/4781 VUs, 253913 complete and 0 interrupted iterations
users   [  62% ] 4781/4781 VUs  5m32.1s/9m00.0s

running (5m33.1s), 4781/4781 VUs, 254869 complete and 0 interrupted iterations
users   [  62% ] 4781/4781 VUs  5m33.1s/9m00.0s

running (5m34.1s), 4781/4781 VUs, 255813 complete and 0 interrupted iterations
users   [  62% ] 4781/4781 VUs  5m34.1s/9m00.0s

running (5m35.1s), 4781/4781 VUs, 256815 complete and 0 interrupted iterations
users   [  62% ] 4781/4781 VUs  5m35.1s/9m00.0s

running (5m36.1s), 4781/4781 VUs, 257741 complete and 0 interrupted iterations
users   [  62% ] 4781/4781 VUs  5m36.1s/9m00.0s

running (5m37.1s), 4781/4781 VUs, 258663 complete and 0 interrupted iterations
users   [  62% ] 4781/4781 VUs  5m37.1s/9m00.0s

running (5m38.1s), 4781/4781 VUs, 259606 complete and 0 interrupted iterations
users   [  63% ] 4781/4781 VUs  5m38.1s/9m00.0s

running (5m39.1s), 4781/4781 VUs, 260560 complete and 0 interrupted iterations
users   [  63% ] 4781/4781 VUs  5m39.1s/9m00.0s

running (5m40.1s), 4781/4781 VUs, 261512 complete and 0 interrupted iterations
users   [  63% ] 4781/4781 VUs  5m40.1s/9m00.0s

running (5m41.1s), 4781/4781 VUs, 262476 complete and 0 interrupted iterations
users   [  63% ] 4781/4781 VUs  5m41.1s/9m00.0s

running (5m42.1s), 4781/4781 VUs, 263395 complete and 0 interrupted iterations
users   [  63% ] 4781/4781 VUs  5m42.1s/9m00.0s

running (5m43.1s), 4781/4781 VUs, 264321 complete and 0 interrupted iterations
users   [  64% ] 4781/4781 VUs  5m43.1s/9m00.0s

running (5m44.1s), 4781/4781 VUs, 265278 complete and 0 interrupted iterations
users   [  64% ] 4781/4781 VUs  5m44.1s/9m00.0s

running (5m45.1s), 4781/4781 VUs, 266201 complete and 0 interrupted iterations
users   [  64% ] 4781/4781 VUs  5m45.1s/9m00.0s

running (5m46.1s), 4781/4781 VUs, 267144 complete and 0 interrupted iterations
users   [  64% ] 4781/4781 VUs  5m46.1s/9m00.0s

running (5m47.1s), 4781/4781 VUs, 268111 complete and 0 interrupted iterations
users   [  64% ] 4781/4781 VUs  5m47.1s/9m00.0s

running (5m48.1s), 4781/4781 VUs, 269102 complete and 0 interrupted iterations
users   [  64% ] 4781/4781 VUs  5m48.1s/9m00.0s

running (5m49.1s), 4781/4781 VUs, 270037 complete and 0 interrupted iterations
users   [  65% ] 4781/4781 VUs  5m49.1s/9m00.0s

running (5m50.1s), 4781/4781 VUs, 270980 complete and 0 interrupted iterations
users   [  65% ] 4781/4781 VUs  5m50.1s/9m00.0s

running (5m51.1s), 4781/4781 VUs, 271846 complete and 0 interrupted iterations
users   [  65% ] 4781/4781 VUs  5m51.1s/9m00.0s

running (5m52.1s), 4781/4781 VUs, 272803 complete and 0 interrupted iterations
users   [  65% ] 4781/4781 VUs  5m52.1s/9m00.0s

running (5m53.1s), 4781/4781 VUs, 273713 complete and 0 interrupted iterations
users   [  65% ] 4781/4781 VUs  5m53.1s/9m00.0s

running (5m54.1s), 4781/4781 VUs, 274678 complete and 0 interrupted iterations
users   [  66% ] 4781/4781 VUs  5m54.1s/9m00.0s

running (5m55.1s), 4781/4781 VUs, 275582 complete and 0 interrupted iterations
users   [  66% ] 4781/4781 VUs  5m55.1s/9m00.0s

running (5m56.1s), 4781/4781 VUs, 276510 complete and 0 interrupted iterations
users   [  66% ] 4781/4781 VUs  5m56.1s/9m00.0s

running (5m57.1s), 4781/4781 VUs, 277506 complete and 0 interrupted iterations
users   [  66% ] 4781/4781 VUs  5m57.1s/9m00.0s

running (5m58.1s), 4781/4781 VUs, 278435 complete and 0 interrupted iterations
users   [  66% ] 4781/4781 VUs  5m58.1s/9m00.0s

running (5m59.1s), 4781/4781 VUs, 279383 complete and 0 interrupted iterations
users   [  67% ] 4781/4781 VUs  5m59.1s/9m00.0s

running (6m00.1s), 4781/4781 VUs, 280339 complete and 0 interrupted iterations
users   [  67% ] 4781/4781 VUs  6m00.1s/9m00.0s

running (6m01.1s), 4781/4781 VUs, 281272 complete and 0 interrupted iterations
users   [  67% ] 4781/4781 VUs  6m01.1s/9m00.0s

running (6m02.1s), 4781/4781 VUs, 282171 complete and 0 interrupted iterations
users   [  67% ] 4781/4781 VUs  6m02.1s/9m00.0s

running (6m03.1s), 4781/4781 VUs, 283119 complete and 0 interrupted iterations
users   [  67% ] 4781/4781 VUs  6m03.1s/9m00.0s

running (6m04.1s), 4781/4781 VUs, 284111 complete and 0 interrupted iterations
users   [  67% ] 4781/4781 VUs  6m04.1s/9m00.0s

running (6m05.1s), 4781/4781 VUs, 285023 complete and 0 interrupted iterations
users   [  68% ] 4781/4781 VUs  6m05.1s/9m00.0s

running (6m06.1s), 4781/4781 VUs, 285940 complete and 0 interrupted iterations
users   [  68% ] 4781/4781 VUs  6m06.1s/9m00.0s

running (6m07.1s), 4781/4781 VUs, 286861 complete and 0 interrupted iterations
users   [  68% ] 4781/4781 VUs  6m07.1s/9m00.0s

running (6m08.1s), 4781/4781 VUs, 287869 complete and 0 interrupted iterations
users   [  68% ] 4781/4781 VUs  6m08.1s/9m00.0s

running (6m09.1s), 4781/4781 VUs, 288788 complete and 0 interrupted iterations
users   [  68% ] 4781/4781 VUs  6m09.1s/9m00.0s

running (6m10.1s), 4781/4781 VUs, 289774 complete and 0 interrupted iterations
users   [  69% ] 4781/4781 VUs  6m10.1s/9m00.0s

running (6m11.1s), 4781/4781 VUs, 290709 complete and 0 interrupted iterations
users   [  69% ] 4781/4781 VUs  6m11.1s/9m00.0s

running (6m12.1s), 4781/4781 VUs, 291617 complete and 0 interrupted iterations
users   [  69% ] 4781/4781 VUs  6m12.1s/9m00.0s

running (6m13.1s), 4781/4781 VUs, 292513 complete and 0 interrupted iterations
users   [  69% ] 4781/4781 VUs  6m13.1s/9m00.0s

running (6m14.1s), 4781/4781 VUs, 293480 complete and 0 interrupted iterations
users   [  69% ] 4781/4781 VUs  6m14.1s/9m00.0s

running (6m15.1s), 4781/4781 VUs, 294444 complete and 0 interrupted iterations
users   [  69% ] 4781/4781 VUs  6m15.1s/9m00.0s

running (6m16.1s), 4781/4781 VUs, 295330 complete and 0 interrupted iterations
users   [  70% ] 4781/4781 VUs  6m16.1s/9m00.0s

running (6m17.1s), 4781/4781 VUs, 296299 complete and 0 interrupted iterations
users   [  70% ] 4781/4781 VUs  6m17.1s/9m00.0s

running (6m18.1s), 4781/4781 VUs, 297212 complete and 0 interrupted iterations
users   [  70% ] 4781/4781 VUs  6m18.1s/9m00.0s

running (6m19.1s), 4781/4781 VUs, 298179 complete and 0 interrupted iterations
users   [  70% ] 4781/4781 VUs  6m19.1s/9m00.0s

running (6m20.1s), 4781/4781 VUs, 299113 complete and 0 interrupted iterations
users   [  70% ] 4781/4781 VUs  6m20.1s/9m00.0s

running (6m21.1s), 4781/4781 VUs, 300052 complete and 0 interrupted iterations
users   [  71% ] 4781/4781 VUs  6m21.1s/9m00.0s

running (6m22.1s), 4781/4781 VUs, 301017 complete and 0 interrupted iterations
users   [  71% ] 4781/4781 VUs  6m22.1s/9m00.0s

running (6m23.1s), 4781/4781 VUs, 301995 complete and 0 interrupted iterations
users   [  71% ] 4781/4781 VUs  6m23.1s/9m00.0s

running (6m24.1s), 4781/4781 VUs, 302946 complete and 0 interrupted iterations
users   [  71% ] 4781/4781 VUs  6m24.1s/9m00.0s

running (6m25.1s), 4781/4781 VUs, 303881 complete and 0 interrupted iterations
users   [  71% ] 4781/4781 VUs  6m25.1s/9m00.0s

running (6m26.1s), 4781/4781 VUs, 304833 complete and 0 interrupted iterations
users   [  72% ] 4781/4781 VUs  6m26.1s/9m00.0s

running (6m27.1s), 4781/4781 VUs, 305750 complete and 0 interrupted iterations
users   [  72% ] 4781/4781 VUs  6m27.1s/9m00.0s

running (6m28.1s), 4781/4781 VUs, 306720 complete and 0 interrupted iterations
users   [  72% ] 4781/4781 VUs  6m28.1s/9m00.0s

running (6m29.1s), 4781/4781 VUs, 307657 complete and 0 interrupted iterations
users   [  72% ] 4781/4781 VUs  6m29.1s/9m00.0s

running (6m30.1s), 4781/4781 VUs, 308640 complete and 0 interrupted iterations
users   [  72% ] 4781/4781 VUs  6m30.1s/9m00.0s

running (6m31.1s), 4781/4781 VUs, 309542 complete and 0 interrupted iterations
users   [  72% ] 4781/4781 VUs  6m31.1s/9m00.0s

running (6m32.1s), 4781/4781 VUs, 310484 complete and 0 interrupted iterations
users   [  73% ] 4781/4781 VUs  6m32.1s/9m00.0s

running (6m33.1s), 4781/4781 VUs, 311447 complete and 0 interrupted iterations
users   [  73% ] 4781/4781 VUs  6m33.1s/9m00.0s

running (6m34.1s), 4781/4781 VUs, 312401 complete and 0 interrupted iterations
users   [  73% ] 4781/4781 VUs  6m34.1s/9m00.0s

running (6m35.1s), 4781/4781 VUs, 313336 complete and 0 interrupted iterations
users   [  73% ] 4781/4781 VUs  6m35.1s/9m00.0s

running (6m36.1s), 4781/4781 VUs, 314289 complete and 0 interrupted iterations
users   [  73% ] 4781/4781 VUs  6m36.1s/9m00.0s

running (6m37.1s), 4781/4781 VUs, 315160 complete and 0 interrupted iterations
users   [  74% ] 4781/4781 VUs  6m37.1s/9m00.0s

running (6m38.1s), 4781/4781 VUs, 316176 complete and 0 interrupted iterations
users   [  74% ] 4781/4781 VUs  6m38.1s/9m00.0s

running (6m39.1s), 4781/4781 VUs, 317107 complete and 0 interrupted iterations
users   [  74% ] 4781/4781 VUs  6m39.1s/9m00.0s

running (6m40.1s), 4781/4781 VUs, 318031 complete and 0 interrupted iterations
users   [  74% ] 4781/4781 VUs  6m40.1s/9m00.0s

running (6m41.1s), 4781/4781 VUs, 319001 complete and 0 interrupted iterations
users   [  74% ] 4781/4781 VUs  6m41.1s/9m00.0s

running (6m42.1s), 4781/4781 VUs, 319956 complete and 0 interrupted iterations
users   [  74% ] 4781/4781 VUs  6m42.1s/9m00.0s

running (6m43.1s), 4781/4781 VUs, 320888 complete and 0 interrupted iterations
users   [  75% ] 4781/4781 VUs  6m43.1s/9m00.0s

running (6m44.1s), 4781/4781 VUs, 321827 complete and 0 interrupted iterations
users   [  75% ] 4781/4781 VUs  6m44.1s/9m00.0s

running (6m45.1s), 4781/4781 VUs, 322795 complete and 0 interrupted iterations
users   [  75% ] 4781/4781 VUs  6m45.1s/9m00.0s

running (6m46.1s), 4781/4781 VUs, 323742 complete and 0 interrupted iterations
users   [  75% ] 4781/4781 VUs  6m46.1s/9m00.0s

running (6m47.1s), 4781/4781 VUs, 324691 complete and 0 interrupted iterations
users   [  75% ] 4781/4781 VUs  6m47.1s/9m00.0s

running (6m48.1s), 4781/4781 VUs, 325643 complete and 0 interrupted iterations
users   [  76% ] 4781/4781 VUs  6m48.1s/9m00.0s

running (6m49.1s), 4781/4781 VUs, 326563 complete and 0 interrupted iterations
users   [  76% ] 4781/4781 VUs  6m49.1s/9m00.0s

running (6m50.1s), 4781/4781 VUs, 327544 complete and 0 interrupted iterations
users   [  76% ] 4781/4781 VUs  6m50.1s/9m00.0s

running (6m51.1s), 4781/4781 VUs, 328493 complete and 0 interrupted iterations
users   [  76% ] 4781/4781 VUs  6m51.1s/9m00.0s

running (6m52.1s), 4781/4781 VUs, 329401 complete and 0 interrupted iterations
users   [  76% ] 4781/4781 VUs  6m52.1s/9m00.0s

running (6m53.1s), 4781/4781 VUs, 330334 complete and 0 interrupted iterations
users   [  77% ] 4781/4781 VUs  6m53.1s/9m00.0s

running (6m54.1s), 4781/4781 VUs, 331296 complete and 0 interrupted iterations
users   [  77% ] 4781/4781 VUs  6m54.1s/9m00.0s

running (6m55.1s), 4781/4781 VUs, 332288 complete and 0 interrupted iterations
users   [  77% ] 4781/4781 VUs  6m55.1s/9m00.0s

running (6m56.1s), 4781/4781 VUs, 333250 complete and 0 interrupted iterations
users   [  77% ] 4781/4781 VUs  6m56.1s/9m00.0s

running (6m57.1s), 4781/4781 VUs, 334159 complete and 0 interrupted iterations
users   [  77% ] 4781/4781 VUs  6m57.1s/9m00.0s

running (6m58.1s), 4781/4781 VUs, 335106 complete and 0 interrupted iterations
users   [  77% ] 4781/4781 VUs  6m58.1s/9m00.0s

running (6m59.1s), 4781/4781 VUs, 336038 complete and 0 interrupted iterations
users   [  78% ] 4781/4781 VUs  6m59.1s/9m00.0s

running (7m00.1s), 4781/4781 VUs, 337009 complete and 0 interrupted iterations
users   [  78% ] 4781/4781 VUs  7m00.1s/9m00.0s

running (7m01.1s), 4778/4781 VUs, 337949 complete and 0 interrupted iterations
users   [  78% ] 4778/4781 VUs  7m01.1s/9m00.0s

running (7m02.1s), 4769/4781 VUs, 338908 complete and 0 interrupted iterations
users   [  78% ] 4769/4781 VUs  7m02.1s/9m00.0s

running (7m03.1s), 4742/4781 VUs, 339838 complete and 0 interrupted iterations
users   [  78% ] 4742/4781 VUs  7m03.1s/9m00.0s

running (7m04.1s), 4716/4781 VUs, 340744 complete and 0 interrupted iterations
users   [  79% ] 4716/4781 VUs  7m04.1s/9m00.0s

running (7m05.1s), 4686/4781 VUs, 341683 complete and 0 interrupted iterations
users   [  79% ] 4686/4781 VUs  7m05.1s/9m00.0s

running (7m06.1s), 4646/4781 VUs, 342658 complete and 0 interrupted iterations
users   [  79% ] 4646/4781 VUs  7m06.1s/9m00.0s

running (7m07.1s), 4611/4781 VUs, 343589 complete and 0 interrupted iterations
users   [  79% ] 4611/4781 VUs  7m07.1s/9m00.0s

running (7m08.1s), 4573/4781 VUs, 344467 complete and 0 interrupted iterations
users   [  79% ] 4573/4781 VUs  7m08.1s/9m00.0s

running (7m09.1s), 4523/4781 VUs, 345386 complete and 0 interrupted iterations
users   [  79% ] 4523/4781 VUs  7m09.1s/9m00.0s

running (7m10.1s), 4491/4781 VUs, 346313 complete and 0 interrupted iterations
users   [  80% ] 4491/4781 VUs  7m10.1s/9m00.0s

running (7m11.1s), 4447/4781 VUs, 347210 complete and 0 interrupted iterations
users   [  80% ] 4447/4781 VUs  7m11.1s/9m00.0s

running (7m12.1s), 4396/4781 VUs, 348141 complete and 0 interrupted iterations
users   [  80% ] 4396/4781 VUs  7m12.1s/9m00.0s

running (7m13.1s), 4361/4781 VUs, 348970 complete and 0 interrupted iterations
users   [  80% ] 4361/4781 VUs  7m13.1s/9m00.0s

running (7m14.1s), 4334/4781 VUs, 349826 complete and 0 interrupted iterations
users   [  80% ] 4334/4781 VUs  7m14.1s/9m00.0s

running (7m15.1s), 4293/4781 VUs, 350727 complete and 0 interrupted iterations
users   [  81% ] 4293/4781 VUs  7m15.1s/9m00.0s

running (7m16.1s), 4254/4781 VUs, 351578 complete and 0 interrupted iterations
users   [  81% ] 4254/4781 VUs  7m16.1s/9m00.0s

running (7m17.1s), 4210/4781 VUs, 352474 complete and 0 interrupted iterations
users   [  81% ] 4210/4781 VUs  7m17.1s/9m00.0s

running (7m18.1s), 4163/4781 VUs, 353323 complete and 0 interrupted iterations
users   [  81% ] 4163/4781 VUs  7m18.1s/9m00.0s

running (7m19.1s), 4116/4781 VUs, 354178 complete and 0 interrupted iterations
users   [  81% ] 4116/4781 VUs  7m19.1s/9m00.0s

running (7m20.1s), 4074/4781 VUs, 354978 complete and 0 interrupted iterations
users   [  82% ] 4074/4781 VUs  7m20.1s/9m00.0s

running (7m21.1s), 4037/4781 VUs, 355792 complete and 0 interrupted iterations
users   [  82% ] 4037/4781 VUs  7m21.1s/9m00.0s

running (7m22.1s), 3998/4781 VUs, 356591 complete and 0 interrupted iterations
users   [  82% ] 3998/4781 VUs  7m22.1s/9m00.0s

running (7m23.1s), 3964/4781 VUs, 357445 complete and 0 interrupted iterations
users   [  82% ] 3964/4781 VUs  7m23.1s/9m00.0s

running (7m24.1s), 3929/4781 VUs, 358216 complete and 0 interrupted iterations
users   [  82% ] 3929/4781 VUs  7m24.1s/9m00.0s

running (7m25.1s), 3895/4781 VUs, 359019 complete and 0 interrupted iterations
users   [  82% ] 3895/4781 VUs  7m25.1s/9m00.0s

running (7m26.1s), 3855/4781 VUs, 359809 complete and 0 interrupted iterations
users   [  83% ] 3855/4781 VUs  7m26.1s/9m00.0s

running (7m27.1s), 3810/4781 VUs, 360575 complete and 0 interrupted iterations
users   [  83% ] 3810/4781 VUs  7m27.1s/9m00.0s

running (7m28.1s), 3763/4781 VUs, 361379 complete and 0 interrupted iterations
users   [  83% ] 3763/4781 VUs  7m28.1s/9m00.0s

running (7m29.1s), 3725/4781 VUs, 362096 complete and 0 interrupted iterations
users   [  83% ] 3725/4781 VUs  7m29.1s/9m00.0s

running (7m30.1s), 3684/4781 VUs, 362872 complete and 0 interrupted iterations
users   [  83% ] 3684/4781 VUs  7m30.1s/9m00.0s

running (7m31.1s), 3645/4781 VUs, 363577 complete and 0 interrupted iterations
users   [  84% ] 3645/4781 VUs  7m31.1s/9m00.0s

running (7m32.1s), 3613/4781 VUs, 364314 complete and 0 interrupted iterations
users   [  84% ] 3613/4781 VUs  7m32.1s/9m00.0s

running (7m33.1s), 3570/4781 VUs, 365045 complete and 0 interrupted iterations
users   [  84% ] 3570/4781 VUs  7m33.1s/9m00.0s

running (7m34.1s), 3529/4781 VUs, 365797 complete and 0 interrupted iterations
users   [  84% ] 3529/4781 VUs  7m34.1s/9m00.0s

running (7m35.1s), 3489/4781 VUs, 366522 complete and 0 interrupted iterations
users   [  84% ] 3489/4781 VUs  7m35.1s/9m00.0s

running (7m36.1s), 3452/4781 VUs, 367230 complete and 0 interrupted iterations
users   [  84% ] 3452/4781 VUs  7m36.1s/9m00.0s

running (7m37.1s), 3404/4781 VUs, 367866 complete and 0 interrupted iterations
users   [  85% ] 3404/4781 VUs  7m37.1s/9m00.0s

running (7m38.1s), 3361/4781 VUs, 368581 complete and 0 interrupted iterations
users   [  85% ] 3361/4781 VUs  7m38.1s/9m00.0s

running (7m39.1s), 3336/4781 VUs, 369233 complete and 0 interrupted iterations
users   [  85% ] 3336/4781 VUs  7m39.1s/9m00.0s

running (7m40.1s), 3294/4781 VUs, 369947 complete and 0 interrupted iterations
users   [  85% ] 3294/4781 VUs  7m40.1s/9m00.0s

running (7m41.1s), 3251/4781 VUs, 370614 complete and 0 interrupted iterations
users   [  85% ] 3251/4781 VUs  7m41.1s/9m00.0s

running (7m42.1s), 3217/4781 VUs, 371283 complete and 0 interrupted iterations
users   [  86% ] 3217/4781 VUs  7m42.1s/9m00.0s

running (7m43.1s), 3175/4781 VUs, 371908 complete and 0 interrupted iterations
users   [  86% ] 3175/4781 VUs  7m43.1s/9m00.0s

running (7m44.1s), 3137/4781 VUs, 372492 complete and 0 interrupted iterations
users   [  86% ] 3137/4781 VUs  7m44.1s/9m00.0s

running (7m45.1s), 3096/4781 VUs, 373159 complete and 0 interrupted iterations
users   [  86% ] 3096/4781 VUs  7m45.1s/9m00.0s

running (7m46.1s), 3064/4781 VUs, 373811 complete and 0 interrupted iterations
users   [  86% ] 3064/4781 VUs  7m46.1s/9m00.0s

running (7m47.1s), 3022/4781 VUs, 374405 complete and 0 interrupted iterations
users   [  87% ] 3022/4781 VUs  7m47.1s/9m00.0s

running (7m48.1s), 2969/4781 VUs, 375037 complete and 0 interrupted iterations
users   [  87% ] 2969/4781 VUs  7m48.1s/9m00.0s

running (7m49.1s), 2927/4781 VUs, 375608 complete and 0 interrupted iterations
users   [  87% ] 2927/4781 VUs  7m49.1s/9m00.0s

running (7m50.1s), 2883/4781 VUs, 376215 complete and 0 interrupted iterations
users   [  87% ] 2883/4781 VUs  7m50.1s/9m00.0s

running (7m51.1s), 2849/4781 VUs, 376773 complete and 0 interrupted iterations
users   [  87% ] 2849/4781 VUs  7m51.1s/9m00.0s

running (7m52.1s), 2811/4781 VUs, 377352 complete and 0 interrupted iterations
users   [  87% ] 2811/4781 VUs  7m52.1s/9m00.0s

running (7m53.1s), 2768/4781 VUs, 377959 complete and 0 interrupted iterations
users   [  88% ] 2768/4781 VUs  7m53.1s/9m00.0s

running (7m54.1s), 2728/4781 VUs, 378507 complete and 0 interrupted iterations
users   [  88% ] 2728/4781 VUs  7m54.1s/9m00.0s

running (7m55.1s), 2694/4781 VUs, 379051 complete and 0 interrupted iterations
users   [  88% ] 2694/4781 VUs  7m55.1s/9m00.0s

running (7m56.1s), 2665/4781 VUs, 379537 complete and 0 interrupted iterations
users   [  88% ] 2665/4781 VUs  7m56.1s/9m00.0s

running (7m57.1s), 2631/4781 VUs, 380093 complete and 0 interrupted iterations
users   [  88% ] 2631/4781 VUs  7m57.1s/9m00.0s

running (7m58.1s), 2581/4781 VUs, 380658 complete and 0 interrupted iterations
users   [  89% ] 2581/4781 VUs  7m58.1s/9m00.0s

running (7m59.1s), 2543/4781 VUs, 381154 complete and 0 interrupted iterations
users   [  89% ] 2543/4781 VUs  7m59.1s/9m00.0s

running (8m00.1s), 2493/4781 VUs, 381703 complete and 0 interrupted iterations
users   [  89% ] 2493/4781 VUs  8m00.1s/9m00.0s

running (8m01.1s), 2452/4781 VUs, 382184 complete and 0 interrupted iterations
users   [  89% ] 2452/4781 VUs  8m01.1s/9m00.0s

running (8m02.1s), 2414/4781 VUs, 382694 complete and 0 interrupted iterations
users   [  89% ] 2414/4781 VUs  8m02.1s/9m00.0s

running (8m03.1s), 2386/4781 VUs, 383173 complete and 0 interrupted iterations
users   [  89% ] 2386/4781 VUs  8m03.1s/9m00.0s

running (8m04.1s), 2340/4781 VUs, 383683 complete and 0 interrupted iterations
users   [  90% ] 2340/4781 VUs  8m04.1s/9m00.0s

running (8m05.1s), 2307/4781 VUs, 384160 complete and 0 interrupted iterations
users   [  90% ] 2307/4781 VUs  8m05.1s/9m00.0s

running (8m06.1s), 2270/4781 VUs, 384599 complete and 0 interrupted iterations
users   [  90% ] 2270/4781 VUs  8m06.1s/9m00.0s

running (8m07.1s), 2234/4781 VUs, 385063 complete and 0 interrupted iterations
users   [  90% ] 2234/4781 VUs  8m07.1s/9m00.0s

running (8m08.1s), 2188/4781 VUs, 385534 complete and 0 interrupted iterations
users   [  90% ] 2188/4781 VUs  8m08.1s/9m00.0s

running (8m09.1s), 2148/4781 VUs, 385963 complete and 0 interrupted iterations
users   [  91% ] 2148/4781 VUs  8m09.1s/9m00.0s

running (8m10.1s), 2096/4781 VUs, 386408 complete and 0 interrupted iterations
users   [  91% ] 2096/4781 VUs  8m10.1s/9m00.0s

running (8m11.1s), 2052/4781 VUs, 386851 complete and 0 interrupted iterations
users   [  91% ] 2052/4781 VUs  8m11.1s/9m00.0s

running (8m12.1s), 2014/4781 VUs, 387253 complete and 0 interrupted iterations
users   [  91% ] 2014/4781 VUs  8m12.1s/9m00.0s

running (8m13.1s), 1977/4781 VUs, 387694 complete and 0 interrupted iterations
users   [  91% ] 1977/4781 VUs  8m13.1s/9m00.0s

running (8m14.1s), 1936/4781 VUs, 388080 complete and 0 interrupted iterations
users   [  92% ] 1936/4781 VUs  8m14.1s/9m00.0s

running (8m15.1s), 1892/4781 VUs, 388483 complete and 0 interrupted iterations
users   [  92% ] 1892/4781 VUs  8m15.1s/9m00.0s

running (8m16.1s), 1859/4781 VUs, 388887 complete and 0 interrupted iterations
users   [  92% ] 1859/4781 VUs  8m16.1s/9m00.0s

running (8m17.1s), 1822/4781 VUs, 389250 complete and 0 interrupted iterations
users   [  92% ] 1822/4781 VUs  8m17.1s/9m00.0s

running (8m18.1s), 1781/4781 VUs, 389624 complete and 0 interrupted iterations
users   [  92% ] 1781/4781 VUs  8m18.1s/9m00.0s

running (8m19.1s), 1754/4781 VUs, 389954 complete and 0 interrupted iterations
users   [  92% ] 1754/4781 VUs  8m19.1s/9m00.0s

running (8m20.1s), 1699/4781 VUs, 390344 complete and 0 interrupted iterations
users   [  93% ] 1699/4781 VUs  8m20.1s/9m00.0s

running (8m21.1s), 1658/4781 VUs, 390712 complete and 0 interrupted iterations
users   [  93% ] 1658/4781 VUs  8m21.1s/9m00.0s

running (8m22.1s), 1619/4781 VUs, 391036 complete and 0 interrupted iterations
users   [  93% ] 1619/4781 VUs  8m22.1s/9m00.0s

running (8m23.1s), 1573/4781 VUs, 391389 complete and 0 interrupted iterations
users   [  93% ] 1573/4781 VUs  8m23.1s/9m00.0s

running (8m24.1s), 1544/4781 VUs, 391696 complete and 0 interrupted iterations
users   [  93% ] 1544/4781 VUs  8m24.1s/9m00.0s

running (8m25.1s), 1516/4781 VUs, 392017 complete and 0 interrupted iterations
users   [  94% ] 1516/4781 VUs  8m25.1s/9m00.0s

running (8m26.1s), 1471/4781 VUs, 392319 complete and 0 interrupted iterations
users   [  94% ] 1471/4781 VUs  8m26.1s/9m00.0s

running (8m27.1s), 1421/4781 VUs, 392622 complete and 0 interrupted iterations
users   [  94% ] 1421/4781 VUs  8m27.1s/9m00.0s

running (8m28.1s), 1379/4781 VUs, 392929 complete and 0 interrupted iterations
users   [  94% ] 1379/4781 VUs  8m28.1s/9m00.0s

running (8m29.1s), 1347/4781 VUs, 393222 complete and 0 interrupted iterations
users   [  94% ] 1347/4781 VUs  8m29.1s/9m00.0s

running (8m30.1s), 1291/4781 VUs, 393514 complete and 0 interrupted iterations
users   [  94% ] 1291/4781 VUs  8m30.1s/9m00.0s

running (8m31.1s), 1264/4781 VUs, 393773 complete and 0 interrupted iterations
users   [  95% ] 1264/4781 VUs  8m31.1s/9m00.0s

running (8m32.1s), 1217/4781 VUs, 394044 complete and 0 interrupted iterations
users   [  95% ] 1217/4781 VUs  8m32.1s/9m00.0s

running (8m33.1s), 1182/4781 VUs, 394318 complete and 0 interrupted iterations
users   [  95% ] 1182/4781 VUs  8m33.1s/9m00.0s

running (8m34.1s), 1134/4781 VUs, 394572 complete and 0 interrupted iterations
users   [  95% ] 1134/4781 VUs  8m34.1s/9m00.0s

running (8m35.1s), 1105/4781 VUs, 394782 complete and 0 interrupted iterations
users   [  95% ] 1105/4781 VUs  8m35.1s/9m00.0s

running (8m36.1s), 1056/4781 VUs, 395033 complete and 0 interrupted iterations
users   [  96% ] 1056/4781 VUs  8m36.1s/9m00.0s

running (8m37.1s), 1012/4781 VUs, 395281 complete and 0 interrupted iterations
users   [  96% ] 1012/4781 VUs  8m37.1s/9m00.0s

running (8m38.1s), 0981/4781 VUs, 395480 complete and 0 interrupted iterations
users   [  96% ] 0981/4781 VUs  8m38.1s/9m00.0s

running (8m39.1s), 0937/4781 VUs, 395703 complete and 0 interrupted iterations
users   [  96% ] 0937/4781 VUs  8m39.1s/9m00.0s

running (8m40.1s), 0893/4781 VUs, 395909 complete and 0 interrupted iterations
users   [  96% ] 0893/4781 VUs  8m40.1s/9m00.0s

running (8m41.1s), 0856/4781 VUs, 396105 complete and 0 interrupted iterations
users   [  97% ] 0855/4781 VUs  8m41.1s/9m00.0s

running (8m42.1s), 0819/4781 VUs, 396293 complete and 0 interrupted iterations
users   [  97% ] 0819/4781 VUs  8m42.1s/9m00.0s

running (8m43.1s), 0785/4781 VUs, 396467 complete and 0 interrupted iterations
users   [  97% ] 0785/4781 VUs  8m43.1s/9m00.0s

running (8m44.1s), 0745/4781 VUs, 396626 complete and 0 interrupted iterations
users   [  97% ] 0745/4781 VUs  8m44.1s/9m00.0s

running (8m45.1s), 0694/4781 VUs, 396793 complete and 0 interrupted iterations
users   [  97% ] 0694/4781 VUs  8m45.1s/9m00.0s

running (8m46.1s), 0656/4781 VUs, 396955 complete and 0 interrupted iterations
users   [  97% ] 0656/4781 VUs  8m46.1s/9m00.0s

running (8m47.1s), 0616/4781 VUs, 397089 complete and 0 interrupted iterations
users   [  98% ] 0616/4781 VUs  8m47.1s/9m00.0s

running (8m48.1s), 0572/4781 VUs, 397226 complete and 0 interrupted iterations
users   [  98% ] 0572/4781 VUs  8m48.1s/9m00.0s

running (8m49.1s), 0539/4781 VUs, 397359 complete and 0 interrupted iterations
users   [  98% ] 0539/4781 VUs  8m49.1s/9m00.0s

running (8m50.1s), 0500/4781 VUs, 397468 complete and 0 interrupted iterations
users   [  98% ] 0500/4781 VUs  8m50.1s/9m00.0s

running (8m51.1s), 0466/4781 VUs, 397582 complete and 0 interrupted iterations
users   [  98% ] 0466/4781 VUs  8m51.1s/9m00.0s

running (8m52.1s), 0429/4781 VUs, 397689 complete and 0 interrupted iterations
users   [  99% ] 0429/4781 VUs  8m52.1s/9m00.0s

running (8m53.1s), 0388/4781 VUs, 397791 complete and 0 interrupted iterations
users   [  99% ] 0388/4781 VUs  8m53.1s/9m00.0s

running (8m54.1s), 0352/4781 VUs, 397878 complete and 0 interrupted iterations
users   [  99% ] 0352/4781 VUs  8m54.1s/9m00.0s

running (8m55.1s), 0315/4781 VUs, 397954 complete and 0 interrupted iterations
users   [  99% ] 0315/4781 VUs  8m55.1s/9m00.0s

running (8m56.1s), 0271/4781 VUs, 398040 complete and 0 interrupted iterations
users   [  99% ] 0271/4781 VUs  8m56.1s/9m00.0s

running (8m57.1s), 0225/4781 VUs, 398119 complete and 0 interrupted iterations
users   [  99% ] 0225/4781 VUs  8m57.1s/9m00.0s

running (8m58.1s), 0191/4781 VUs, 398170 complete and 0 interrupted iterations
users   [ 100% ] 0191/4781 VUs  8m58.1s/9m00.0s

running (8m59.1s), 0151/4781 VUs, 398222 complete and 0 interrupted iterations
users   [ 100% ] 0151/4781 VUs  8m59.1s/9m00.0s

running (9m00.1s), 0108/4781 VUs, 398266 complete and 0 interrupted iterations
users ↓ [ 100% ] 0109/4781 VUs  9m0s

running (9m01.1s), 0080/4781 VUs, 398294 complete and 0 interrupted iterations
users ↓ [ 100% ] 0109/4781 VUs  9m0s

running (9m02.1s), 0048/4781 VUs, 398326 complete and 0 interrupted iterations
users ↓ [ 100% ] 0109/4781 VUs  9m0s

running (9m03.1s), 0026/4781 VUs, 398348 complete and 0 interrupted iterations
users ↓ [ 100% ] 0109/4781 VUs  9m0s

running (9m04.1s), 0013/4781 VUs, 398361 complete and 0 interrupted iterations
users ↓ [ 100% ] 0109/4781 VUs  9m0s

running (9m05.1s), 0006/4781 VUs, 398368 complete and 0 interrupted iterations
users ↓ [ 100% ] 0109/4781 VUs  9m0s

running (9m06.1s), 0001/4781 VUs, 398373 complete and 0 interrupted iterations
users ↓ [ 100% ] 0109/4781 VUs  9m0s

running (9m07.1s), 0001/4781 VUs, 398373 complete and 0 interrupted iterations
users ↓ [ 100% ] 0109/4781 VUs  9m0s

running (9m07.9s), 0000/4781 VUs, 398374 complete and 0 interrupted iterations
users ✓ [ 100% ] 0000/4781 VUs  9m0s


  █ THRESHOLDS 

    checks{phase:bench}
    ✓ 'rate>0.99' rate=100.00%

    http_req_duration{name:confirm,phase:bench}
    ✓ 'p(95)<200' p(95)=35.32ms
    ✓ 'p(99)<600' p(99)=436.95ms

    http_req_duration{name:download_expired,phase:bench}
    ✓ 'p(95)<200' p(95)=0s
    ✓ 'p(99)<600' p(99)=0s

    http_req_duration{name:download,phase:bench}
    ✓ 'p(95)<200' p(95)=35.4ms
    ✗ 'p(99)<600' p(99)=988.64ms

    http_req_duration{name:upload,phase:bench}
    ✓ 'p(95)<200' p(95)=44.12ms
    ✗ 'p(99)<600' p(99)=841.22ms

    http_req_failed{phase:bench}
    ✓ 'rate<0.01' rate=0.00%

    server_errors{phase:bench}
    ✓ 'rate<0.01' rate=0.00%


  █ TOTAL RESULTS 

    checks_total.......: 408639  745.828075/s
    checks_succeeded...: 100.00% 408639 out of 408639
    checks_failed......: 0.00%   0 out of 408639

    ✓ download as expected
    ✓ upload link 201
    ✓ confirm 200

    CUSTOM
    server_errors.............................: 0.00%  0 out of 408639
      { phase:bench }.........................: 0.00%  0 out of 289558

    HTTP
    http_req_duration.........................: med=4.14ms p(95)=29.23ms p(99)=499.28ms avg=21.34ms max=2.18s 
      { expected_response:true }..............: med=4.14ms p(95)=29.23ms p(99)=499.28ms avg=21.34ms max=2.18s 
      { name:confirm,phase:bench }............: med=6.14ms p(95)=35.32ms p(99)=436.95ms avg=23.76ms max=1.92s 
      { name:download_expired,phase:bench }...: med=0s     p(95)=0s      p(99)=0s       avg=0s      max=0s    
      { name:download,phase:bench }...........: med=4.45ms p(95)=35.4ms  p(99)=988.64ms avg=27.78ms max=2.18s 
      { name:upload,phase:bench }.............: med=7.7ms  p(95)=44.12ms p(99)=841.22ms avg=29.8ms  max=2.03s 
    http_req_failed...........................: 0.00%  0 out of 408639
      { phase:bench }.........................: 0.00%  0 out of 289558
    http_reqs.................................: 408639 745.828075/s

    EXECUTION
    iteration_duration........................: med=5.07s  p(95)=7.32s   p(99)=7.89s    avg=5.07s   max=11.89s
    iterations................................: 398374 727.092895/s
    vus.......................................: 1      min=1           max=4781
    vus_max...................................: 4781   min=4781        max=4781

    NETWORK
    data_received.............................: 960 MB 1.8 MB/s
    data_sent.................................: 330 MB 602 kB/s




running (9m07.9s), 0000/4781 VUs, 398374 complete and 0 interrupted iterations
users ✓ [ 100% ] 0000/4781 VUs  9m0s
time="2026-09-30T16:36:05Z" level=error msg="thresholds on metrics 'http_req_duration{name:download,phase:bench}, http_req_duration{name:upload,phase:bench}' have been crossed"
== 4781 users: fail
== done: passed up to 4687 users, failed from 4781
