timestamp,source,namespace,metric,dims,stat,value
2026-09-30T15:31:00+00:00,backend,CWAgent,mem_used_percent,,average,75.95637046859348
2026-09-30T15:32:00+00:00,backend,CWAgent,mem_used_percent,,average,73.74662781465763
2026-09-30T15:33:00+00:00,backend,CWAgent,mem_used_percent,,average,73.18089046476923
2026-09-30T15:34:00+00:00,backend,CWAgent,mem_used_percent,,average,74.4852870878036
2026-09-30T15:35:00+00:00,backend,CWAgent,mem_used_percent,,average,76.81973305178097
2026-09-30T15:36:00+00:00,backend,CWAgent,mem_used_percent,,average,78.82995040965038
2026-09-30T15:37:00+00:00,backend,CWAgent,mem_used_percent,,average,77.32769120135012
2026-09-30T15:38:00+00:00,backend,CWAgent,mem_used_percent,,average,77.11652692967981
2026-09-30T15:39:00+00:00,backend,CWAgent,mem_used_percent,,average,78.44752692552302
2026-09-30T15:40:00+00:00,backend,CWAgent,mem_used_percent,,average,82.96178674902627
2026-09-30T15:41:00+00:00,backend,CWAgent,mem_used_percent,,average,83.0528201653566
2026-09-30T15:42:00+00:00,backend,CWAgent,mem_used_percent,,average,83.95193103075599
2026-09-30T15:43:00+00:00,backend,CWAgent,mem_used_percent,,average,80.48310062310087
2026-09-30T15:31:00+00:00,backend,CWAgent,mem_used_percent,,maximum,75.95637046859348
2026-09-30T15:32:00+00:00,backend,CWAgent,mem_used_percent,,maximum,73.74662781465763
2026-09-30T15:33:00+00:00,backend,CWAgent,mem_used_percent,,maximum,73.18089046476923
2026-09-30T15:34:00+00:00,backend,CWAgent,mem_used_percent,,maximum,74.4852870878036
2026-09-30T15:35:00+00:00,backend,CWAgent,mem_used_percent,,maximum,76.81973305178097
2026-09-30T15:36:00+00:00,backend,CWAgent,mem_used_percent,,maximum,78.82995040965038
2026-09-30T15:37:00+00:00,backend,CWAgent,mem_used_percent,,maximum,77.32769120135012
2026-09-30T15:38:00+00:00,backend,CWAgent,mem_used_percent,,maximum,77.11652692967981
2026-09-30T15:39:00+00:00,backend,CWAgent,mem_used_percent,,maximum,78.44752692552302
2026-09-30T15:40:00+00:00,backend,CWAgent,mem_used_percent,,maximum,82.96178674902627
2026-09-30T15:41:00+00:00,backend,CWAgent,mem_used_percent,,maximum,83.0528201653566
2026-09-30T15:42:00+00:00,backend,CWAgent,mem_used_percent,,maximum,83.95193103075599
2026-09-30T15:43:00+00:00,backend,CWAgent,mem_used_percent,,maximum,80.48310062310087
2026-09-30T15:31:00+00:00,backend,CWAgent,diskio_iops_in_progress,name=nvme0n1p15,average,0.0
2026-09-30T15:32:00+00:00,backend,CWAgent,diskio_iops_in_progress,name=nvme0n1p15,average,0.0
2026-09-30T15:33:00+00:00,backend,CWAgent,diskio_iops_in_progress,name=nvme0n1p15,average,0.0
2026-09-30T15:34:00+00:00,backend,CWAgent,diskio_iops_in_progress,name=nvme0n1p15,average,0.0
2026-09-30T15:35:00+00:00,backend,CWAgent,diskio_iops_in_progress,name=nvme0n1p15,average,0.0
2026-09-30T15:36:00+00:00,backend,CWAgent,diskio_iops_in_progress,name=nvme0n1p15,average,0.0
2026-09-30T15:37:00+00:00,backend,CWAgent,diskio_iops_in_progress,name=nvme0n1p15,average,0.0
2026-09-30T15:38:00+00:00,backend,CWAgent,diskio_iops_in_progress,name=nvme0n1p15,average,0.0
2026-09-30T15:39:00+00:00,backend,CWAgent,diskio_iops_in_progress,name=nvme0n1p15,average,0.0
2026-09-30T15:40:00+00:00,backend,CWAgent,diskio_iops_in_progress,name=nvme0n1p15,average,0.0
2026-09-30T15:41:00+00:00,backend,CWAgent,diskio_iops_in_progress,name=nvme0n1p15,average,0.0
2026-09-30T15:42:00+00:00,backend,CWAgent,diskio_iops_in_progress,name=nvme0n1p15,average,0.0
2026-09-30T15:43:00+00:00,backend,CWAgent,diskio_iops_in_progress,name=nvme0n1p15,average,0.0
2026-09-30T15:31:00+00:00,backend,CWAgent,diskio_iops_in_progress,name=nvme0n1p15,maximum,0.0
2026-09-30T15:32:00+00:00,backend,CWAgent,diskio_iops_in_progress,name=nvme0n1p15,maximum,0.0
2026-09-30T15:33:00+00:00,backend,CWAgent,diskio_iops_in_progress,name=nvme0n1p15,maximum,0.0
2026-09-30T15:34:00+00:00,backend,CWAgent,diskio_iops_in_progress,name=nvme0n1p15,maximum,0.0
2026-09-30T15:35:00+00:00,backend,CWAgent,diskio_iops_in_progress,name=nvme0n1p15,maximum,0.0
2026-09-30T15:36:00+00:00,backend,CWAgent,diskio_iops_in_progress,name=nvme0n1p15,maximum,0.0
2026-09-30T15:37:00+00:00,backend,CWAgent,diskio_iops_in_progress,name=nvme0n1p15,maximum,0.0
2026-09-30T15:38:00+00:00,backend,CWAgent,diskio_iops_in_progress,name=nvme0n1p15,maximum,0.0
2026-09-30T15:39:00+00:00,backend,CWAgent,diskio_iops_in_progress,name=nvme0n1p15,maximum,0.0
2026-09-30T15:40:00+00:00,backend,CWAgent,diskio_iops_in_progress,name=nvme0n1p15,maximum,0.0
2026-09-30T15:41:00+00:00,backend,CWAgent,diskio_iops_in_progress,name=nvme0n1p15,maximum,0.0
2026-09-30T15:42:00+00:00,backend,CWAgent,diskio_iops_in_progress,name=nvme0n1p15,maximum,0.0
2026-09-30T15:43:00+00:00,backend,CWAgent,diskio_iops_in_progress,name=nvme0n1p15,maximum,0.0
2026-09-30T15:31:00+00:00,backend,CWAgent,mem_available,,average,100175872.0
2026-09-30T15:32:00+00:00,backend,CWAgent,mem_available,,average,120561664.0
2026-09-30T15:33:00+00:00,backend,CWAgent,mem_available,,average,122814464.0
2026-09-30T15:34:00+00:00,backend,CWAgent,mem_available,,average,108961792.0
2026-09-30T15:35:00+00:00,backend,CWAgent,mem_available,,average,85045248.0
2026-09-30T15:36:00+00:00,backend,CWAgent,mem_available,,average,64884736.0
2026-09-30T15:37:00+00:00,backend,CWAgent,mem_available,,average,88166400.0
2026-09-30T15:38:00+00:00,backend,CWAgent,mem_available,,average,89899008.0
2026-09-30T15:39:00+00:00,backend,CWAgent,mem_available,,average,76562432.0
2026-09-30T15:40:00+00:00,backend,CWAgent,mem_available,,average,48177152.0
2026-09-30T15:41:00+00:00,backend,CWAgent,mem_available,,average,48238592.0
2026-09-30T15:42:00+00:00,backend,CWAgent,mem_available,,average,41816064.0
2026-09-30T15:43:00+00:00,backend,CWAgent,mem_available,,average,75792384.0
2026-09-30T15:31:00+00:00,backend,CWAgent,mem_available,,maximum,100175872.0
2026-09-30T15:32:00+00:00,backend,CWAgent,mem_available,,maximum,120561664.0
2026-09-30T15:33:00+00:00,backend,CWAgent,mem_available,,maximum,122814464.0
2026-09-30T15:34:00+00:00,backend,CWAgent,mem_available,,maximum,108961792.0
2026-09-30T15:35:00+00:00,backend,CWAgent,mem_available,,maximum,85045248.0
2026-09-30T15:36:00+00:00,backend,CWAgent,mem_available,,maximum,64884736.0
2026-09-30T15:37:00+00:00,backend,CWAgent,mem_available,,maximum,88166400.0
2026-09-30T15:38:00+00:00,backend,CWAgent,mem_available,,maximum,89899008.0
2026-09-30T15:39:00+00:00,backend,CWAgent,mem_available,,maximum,76562432.0
2026-09-30T15:40:00+00:00,backend,CWAgent,mem_available,,maximum,48177152.0
2026-09-30T15:41:00+00:00,backend,CWAgent,mem_available,,maximum,48238592.0
2026-09-30T15:42:00+00:00,backend,CWAgent,mem_available,,maximum,41816064.0
2026-09-30T15:43:00+00:00,backend,CWAgent,mem_available,,maximum,75792384.0
2026-09-30T15:31:00+00:00,backend,CWAgent,procstat_memory_rss,exe=containerd;process_name=containerd,average,28499968.0
2026-09-30T15:32:00+00:00,backend,CWAgent,procstat_memory_rss,exe=containerd;process_name=containerd,average,28635136.0
2026-09-30T15:33:00+00:00,backend,CWAgent,procstat_memory_rss,exe=containerd;process_name=containerd,average,28635136.0
2026-09-30T15:34:00+00:00,backend,CWAgent,procstat_memory_rss,exe=containerd;process_name=containerd,average,28635136.0
2026-09-30T15:35:00+00:00,backend,CWAgent,procstat_memory_rss,exe=containerd;process_name=containerd,average,28733440.0
2026-09-30T15:36:00+00:00,backend,CWAgent,procstat_memory_rss,exe=containerd;process_name=containerd,average,28745728.0
2026-09-30T15:37:00+00:00,backend,CWAgent,procstat_memory_rss,exe=containerd;process_name=containerd,average,27258880.0
2026-09-30T15:38:00+00:00,backend,CWAgent,procstat_memory_rss,exe=containerd;process_name=containerd,average,27336704.0
2026-09-30T15:39:00+00:00,backend,CWAgent,procstat_memory_rss,exe=containerd;process_name=containerd,average,27336704.0
2026-09-30T15:40:00+00:00,backend,CWAgent,procstat_memory_rss,exe=containerd;process_name=containerd,average,26533888.0
2026-09-30T15:41:00+00:00,backend,CWAgent,procstat_memory_rss,exe=containerd;process_name=containerd,average,24158208.0
2026-09-30T15:42:00+00:00,backend,CWAgent,procstat_memory_rss,exe=containerd;process_name=containerd,average,26451968.0
2026-09-30T15:43:00+00:00,backend,CWAgent,procstat_memory_rss,exe=containerd;process_name=containerd,average,26710016.0
2026-09-30T15:31:00+00:00,backend,CWAgent,procstat_memory_rss,exe=containerd;process_name=containerd,maximum,28499968.0
2026-09-30T15:32:00+00:00,backend,CWAgent,procstat_memory_rss,exe=containerd;process_name=containerd,maximum,28635136.0
2026-09-30T15:33:00+00:00,backend,CWAgent,procstat_memory_rss,exe=containerd;process_name=containerd,maximum,28635136.0
2026-09-30T15:34:00+00:00,backend,CWAgent,procstat_memory_rss,exe=containerd;process_name=containerd,maximum,28635136.0
2026-09-30T15:35:00+00:00,backend,CWAgent,procstat_memory_rss,exe=containerd;process_name=containerd,maximum,28733440.0
2026-09-30T15:36:00+00:00,backend,CWAgent,procstat_memory_rss,exe=containerd;process_name=containerd,maximum,28745728.0
2026-09-30T15:37:00+00:00,backend,CWAgent,procstat_memory_rss,exe=containerd;process_name=containerd,maximum,27258880.0
2026-09-30T15:38:00+00:00,backend,CWAgent,procstat_memory_rss,exe=containerd;process_name=containerd,maximum,27336704.0
2026-09-30T15:39:00+00:00,backend,CWAgent,procstat_memory_rss,exe=containerd;process_name=containerd,maximum,27336704.0
2026-09-30T15:40:00+00:00,backend,CWAgent,procstat_memory_rss,exe=containerd;process_name=containerd,maximum,26533888.0
2026-09-30T15:41:00+00:00,backend,CWAgent,procstat_memory_rss,exe=containerd;process_name=containerd,maximum,24158208.0
2026-09-30T15:42:00+00:00,backend,CWAgent,procstat_memory_rss,exe=containerd;process_name=containerd,maximum,26451968.0
2026-09-30T15:43:00+00:00,backend,CWAgent,procstat_memory_rss,exe=containerd;process_name=containerd,maximum,26710016.0
2026-09-30T15:31:00+00:00,backend,CWAgent,diskio_iops_in_progress,name=nvme0n1p1,average,0.0
2026-09-30T15:32:00+00:00,backend,CWAgent,diskio_iops_in_progress,name=nvme0n1p1,average,0.0
2026-09-30T15:33:00+00:00,backend,CWAgent,diskio_iops_in_progress,name=nvme0n1p1,average,0.0
2026-09-30T15:34:00+00:00,backend,CWAgent,diskio_iops_in_progress,name=nvme0n1p1,average,0.0
2026-09-30T15:35:00+00:00,backend,CWAgent,diskio_iops_in_progress,name=nvme0n1p1,average,0.0
2026-09-30T15:36:00+00:00,backend,CWAgent,diskio_iops_in_progress,name=nvme0n1p1,average,0.0
2026-09-30T15:37:00+00:00,backend,CWAgent,diskio_iops_in_progress,name=nvme0n1p1,average,1.0
2026-09-30T15:38:00+00:00,backend,CWAgent,diskio_iops_in_progress,name=nvme0n1p1,average,0.0
2026-09-30T15:39:00+00:00,backend,CWAgent,diskio_iops_in_progress,name=nvme0n1p1,average,0.0
2026-09-30T15:40:00+00:00,backend,CWAgent,diskio_iops_in_progress,name=nvme0n1p1,average,0.0
2026-09-30T15:41:00+00:00,backend,CWAgent,diskio_iops_in_progress,name=nvme0n1p1,average,0.0
2026-09-30T15:42:00+00:00,backend,CWAgent,diskio_iops_in_progress,name=nvme0n1p1,average,0.0
2026-09-30T15:43:00+00:00,backend,CWAgent,diskio_iops_in_progress,name=nvme0n1p1,average,0.0
2026-09-30T15:31:00+00:00,backend,CWAgent,diskio_iops_in_progress,name=nvme0n1p1,maximum,0.0
2026-09-30T15:32:00+00:00,backend,CWAgent,diskio_iops_in_progress,name=nvme0n1p1,maximum,0.0
2026-09-30T15:33:00+00:00,backend,CWAgent,diskio_iops_in_progress,name=nvme0n1p1,maximum,0.0
2026-09-30T15:34:00+00:00,backend,CWAgent,diskio_iops_in_progress,name=nvme0n1p1,maximum,0.0
2026-09-30T15:35:00+00:00,backend,CWAgent,diskio_iops_in_progress,name=nvme0n1p1,maximum,0.0
2026-09-30T15:36:00+00:00,backend,CWAgent,diskio_iops_in_progress,name=nvme0n1p1,maximum,0.0
2026-09-30T15:37:00+00:00,backend,CWAgent,diskio_iops_in_progress,name=nvme0n1p1,maximum,1.0
2026-09-30T15:38:00+00:00,backend,CWAgent,diskio_iops_in_progress,name=nvme0n1p1,maximum,0.0
2026-09-30T15:39:00+00:00,backend,CWAgent,diskio_iops_in_progress,name=nvme0n1p1,maximum,0.0
2026-09-30T15:40:00+00:00,backend,CWAgent,diskio_iops_in_progress,name=nvme0n1p1,maximum,0.0
2026-09-30T15:41:00+00:00,backend,CWAgent,diskio_iops_in_progress,name=nvme0n1p1,maximum,0.0
2026-09-30T15:42:00+00:00,backend,CWAgent,diskio_iops_in_progress,name=nvme0n1p1,maximum,0.0
2026-09-30T15:43:00+00:00,backend,CWAgent,diskio_iops_in_progress,name=nvme0n1p1,maximum,0.0
2026-09-30T15:31:00+00:00,backend,CWAgent,diskio_iops_in_progress,name=nvme0n1p14,average,0.0
2026-09-30T15:32:00+00:00,backend,CWAgent,diskio_iops_in_progress,name=nvme0n1p14,average,0.0
2026-09-30T15:33:00+00:00,backend,CWAgent,diskio_iops_in_progress,name=nvme0n1p14,average,0.0
2026-09-30T15:34:00+00:00,backend,CWAgent,diskio_iops_in_progress,name=nvme0n1p14,average,0.0
2026-09-30T15:35:00+00:00,backend,CWAgent,diskio_iops_in_progress,name=nvme0n1p14,average,0.0
2026-09-30T15:36:00+00:00,backend,CWAgent,diskio_iops_in_progress,name=nvme0n1p14,average,0.0
2026-09-30T15:37:00+00:00,backend,CWAgent,diskio_iops_in_progress,name=nvme0n1p14,average,0.0
2026-09-30T15:38:00+00:00,backend,CWAgent,diskio_iops_in_progress,name=nvme0n1p14,average,0.0
2026-09-30T15:39:00+00:00,backend,CWAgent,diskio_iops_in_progress,name=nvme0n1p14,average,0.0
2026-09-30T15:40:00+00:00,backend,CWAgent,diskio_iops_in_progress,name=nvme0n1p14,average,0.0
2026-09-30T15:41:00+00:00,backend,CWAgent,diskio_iops_in_progress,name=nvme0n1p14,average,0.0
2026-09-30T15:42:00+00:00,backend,CWAgent,diskio_iops_in_progress,name=nvme0n1p14,average,0.0
2026-09-30T15:43:00+00:00,backend,CWAgent,diskio_iops_in_progress,name=nvme0n1p14,average,0.0
2026-09-30T15:31:00+00:00,backend,CWAgent,diskio_iops_in_progress,name=nvme0n1p14,maximum,0.0
2026-09-30T15:32:00+00:00,backend,CWAgent,diskio_iops_in_progress,name=nvme0n1p14,maximum,0.0
2026-09-30T15:33:00+00:00,backend,CWAgent,diskio_iops_in_progress,name=nvme0n1p14,maximum,0.0
2026-09-30T15:34:00+00:00,backend,CWAgent,diskio_iops_in_progress,name=nvme0n1p14,maximum,0.0
2026-09-30T15:35:00+00:00,backend,CWAgent,diskio_iops_in_progress,name=nvme0n1p14,maximum,0.0
2026-09-30T15:36:00+00:00,backend,CWAgent,diskio_iops_in_progress,name=nvme0n1p14,maximum,0.0
2026-09-30T15:37:00+00:00,backend,CWAgent,diskio_iops_in_progress,name=nvme0n1p14,maximum,0.0
2026-09-30T15:38:00+00:00,backend,CWAgent,diskio_iops_in_progress,name=nvme0n1p14,maximum,0.0
2026-09-30T15:39:00+00:00,backend,CWAgent,diskio_iops_in_progress,name=nvme0n1p14,maximum,0.0
2026-09-30T15:40:00+00:00,backend,CWAgent,diskio_iops_in_progress,name=nvme0n1p14,maximum,0.0
2026-09-30T15:41:00+00:00,backend,CWAgent,diskio_iops_in_progress,name=nvme0n1p14,maximum,0.0
2026-09-30T15:42:00+00:00,backend,CWAgent,diskio_iops_in_progress,name=nvme0n1p14,maximum,0.0
2026-09-30T15:43:00+00:00,backend,CWAgent,diskio_iops_in_progress,name=nvme0n1p14,maximum,0.0
2026-09-30T15:31:00+00:00,backend,CWAgent,netstat_tcp_established,,average,1.0
2026-09-30T15:32:00+00:00,backend,CWAgent,netstat_tcp_established,,average,1.0
2026-09-30T15:33:00+00:00,backend,CWAgent,netstat_tcp_established,,average,1.0
2026-09-30T15:34:00+00:00,backend,CWAgent,netstat_tcp_established,,average,1.0
2026-09-30T15:35:00+00:00,backend,CWAgent,netstat_tcp_established,,average,1.0
2026-09-30T15:36:00+00:00,backend,CWAgent,netstat_tcp_established,,average,1.0
2026-09-30T15:37:00+00:00,backend,CWAgent,netstat_tcp_established,,average,1.0
2026-09-30T15:38:00+00:00,backend,CWAgent,netstat_tcp_established,,average,1.0
2026-09-30T15:39:00+00:00,backend,CWAgent,netstat_tcp_established,,average,1.0
2026-09-30T15:40:00+00:00,backend,CWAgent,netstat_tcp_established,,average,1.0
2026-09-30T15:41:00+00:00,backend,CWAgent,netstat_tcp_established,,average,1.0
2026-09-30T15:42:00+00:00,backend,CWAgent,netstat_tcp_established,,average,1.0
2026-09-30T15:43:00+00:00,backend,CWAgent,netstat_tcp_established,,average,1.0
2026-09-30T15:31:00+00:00,backend,CWAgent,netstat_tcp_established,,maximum,1.0
2026-09-30T15:32:00+00:00,backend,CWAgent,netstat_tcp_established,,maximum,1.0
2026-09-30T15:33:00+00:00,backend,CWAgent,netstat_tcp_established,,maximum,1.0
2026-09-30T15:34:00+00:00,backend,CWAgent,netstat_tcp_established,,maximum,1.0
2026-09-30T15:35:00+00:00,backend,CWAgent,netstat_tcp_established,,maximum,1.0
2026-09-30T15:36:00+00:00,backend,CWAgent,netstat_tcp_established,,maximum,1.0
2026-09-30T15:37:00+00:00,backend,CWAgent,netstat_tcp_established,,maximum,1.0
2026-09-30T15:38:00+00:00,backend,CWAgent,netstat_tcp_established,,maximum,1.0
2026-09-30T15:39:00+00:00,backend,CWAgent,netstat_tcp_established,,maximum,1.0
2026-09-30T15:40:00+00:00,backend,CWAgent,netstat_tcp_established,,maximum,1.0
2026-09-30T15:41:00+00:00,backend,CWAgent,netstat_tcp_established,,maximum,1.0
2026-09-30T15:42:00+00:00,backend,CWAgent,netstat_tcp_established,,maximum,1.0
2026-09-30T15:43:00+00:00,backend,CWAgent,netstat_tcp_established,,maximum,1.0
2026-09-30T15:31:00+00:00,backend,CWAgent,procstat_memory_rss,exe=dockerd;process_name=dockerd,average,61771776.0
2026-09-30T15:32:00+00:00,backend,CWAgent,procstat_memory_rss,exe=dockerd;process_name=dockerd,average,61689856.0
2026-09-30T15:33:00+00:00,backend,CWAgent,procstat_memory_rss,exe=dockerd;process_name=dockerd,average,62435328.0
2026-09-30T15:34:00+00:00,backend,CWAgent,procstat_memory_rss,exe=dockerd;process_name=dockerd,average,62545920.0
2026-09-30T15:35:00+00:00,backend,CWAgent,procstat_memory_rss,exe=dockerd;process_name=dockerd,average,62545920.0
2026-09-30T15:36:00+00:00,backend,CWAgent,procstat_memory_rss,exe=dockerd;process_name=dockerd,average,62337024.0
2026-09-30T15:37:00+00:00,backend,CWAgent,procstat_memory_rss,exe=dockerd;process_name=dockerd,average,55341056.0
2026-09-30T15:38:00+00:00,backend,CWAgent,procstat_memory_rss,exe=dockerd;process_name=dockerd,average,55427072.0
2026-09-30T15:39:00+00:00,backend,CWAgent,procstat_memory_rss,exe=dockerd;process_name=dockerd,average,55549952.0
2026-09-30T15:40:00+00:00,backend,CWAgent,procstat_memory_rss,exe=dockerd;process_name=dockerd,average,51605504.0
2026-09-30T15:41:00+00:00,backend,CWAgent,procstat_memory_rss,exe=dockerd;process_name=dockerd,average,51593216.0
2026-09-30T15:42:00+00:00,backend,CWAgent,procstat_memory_rss,exe=dockerd;process_name=dockerd,average,50008064.0
2026-09-30T15:43:00+00:00,backend,CWAgent,procstat_memory_rss,exe=dockerd;process_name=dockerd,average,50028544.0
2026-09-30T15:31:00+00:00,backend,CWAgent,procstat_memory_rss,exe=dockerd;process_name=dockerd,maximum,61771776.0
2026-09-30T15:32:00+00:00,backend,CWAgent,procstat_memory_rss,exe=dockerd;process_name=dockerd,maximum,61689856.0
2026-09-30T15:33:00+00:00,backend,CWAgent,procstat_memory_rss,exe=dockerd;process_name=dockerd,maximum,62435328.0
2026-09-30T15:34:00+00:00,backend,CWAgent,procstat_memory_rss,exe=dockerd;process_name=dockerd,maximum,62545920.0
2026-09-30T15:35:00+00:00,backend,CWAgent,procstat_memory_rss,exe=dockerd;process_name=dockerd,maximum,62545920.0
2026-09-30T15:36:00+00:00,backend,CWAgent,procstat_memory_rss,exe=dockerd;process_name=dockerd,maximum,62337024.0
2026-09-30T15:37:00+00:00,backend,CWAgent,procstat_memory_rss,exe=dockerd;process_name=dockerd,maximum,55341056.0
2026-09-30T15:38:00+00:00,backend,CWAgent,procstat_memory_rss,exe=dockerd;process_name=dockerd,maximum,55427072.0
2026-09-30T15:39:00+00:00,backend,CWAgent,procstat_memory_rss,exe=dockerd;process_name=dockerd,maximum,55549952.0
2026-09-30T15:40:00+00:00,backend,CWAgent,procstat_memory_rss,exe=dockerd;process_name=dockerd,maximum,51605504.0
2026-09-30T15:41:00+00:00,backend,CWAgent,procstat_memory_rss,exe=dockerd;process_name=dockerd,maximum,51593216.0
2026-09-30T15:42:00+00:00,backend,CWAgent,procstat_memory_rss,exe=dockerd;process_name=dockerd,maximum,50008064.0
2026-09-30T15:43:00+00:00,backend,CWAgent,procstat_memory_rss,exe=dockerd;process_name=dockerd,maximum,50028544.0
2026-09-30T15:31:00+00:00,backend,CWAgent,diskio_iops_in_progress,name=nvme0n1,average,0.0
2026-09-30T15:32:00+00:00,backend,CWAgent,diskio_iops_in_progress,name=nvme0n1,average,0.0
2026-09-30T15:33:00+00:00,backend,CWAgent,diskio_iops_in_progress,name=nvme0n1,average,0.0
2026-09-30T15:34:00+00:00,backend,CWAgent,diskio_iops_in_progress,name=nvme0n1,average,0.0
2026-09-30T15:35:00+00:00,backend,CWAgent,diskio_iops_in_progress,name=nvme0n1,average,0.0
2026-09-30T15:36:00+00:00,backend,CWAgent,diskio_iops_in_progress,name=nvme0n1,average,0.0
2026-09-30T15:37:00+00:00,backend,CWAgent,diskio_iops_in_progress,name=nvme0n1,average,0.0
2026-09-30T15:38:00+00:00,backend,CWAgent,diskio_iops_in_progress,name=nvme0n1,average,0.0
2026-09-30T15:39:00+00:00,backend,CWAgent,diskio_iops_in_progress,name=nvme0n1,average,0.0
2026-09-30T15:40:00+00:00,backend,CWAgent,diskio_iops_in_progress,name=nvme0n1,average,0.0
2026-09-30T15:41:00+00:00,backend,CWAgent,diskio_iops_in_progress,name=nvme0n1,average,0.0
2026-09-30T15:42:00+00:00,backend,CWAgent,diskio_iops_in_progress,name=nvme0n1,average,0.0
2026-09-30T15:43:00+00:00,backend,CWAgent,diskio_iops_in_progress,name=nvme0n1,average,0.0
2026-09-30T15:31:00+00:00,backend,CWAgent,diskio_iops_in_progress,name=nvme0n1,maximum,0.0
2026-09-30T15:32:00+00:00,backend,CWAgent,diskio_iops_in_progress,name=nvme0n1,maximum,0.0
2026-09-30T15:33:00+00:00,backend,CWAgent,diskio_iops_in_progress,name=nvme0n1,maximum,0.0
2026-09-30T15:34:00+00:00,backend,CWAgent,diskio_iops_in_progress,name=nvme0n1,maximum,0.0
2026-09-30T15:35:00+00:00,backend,CWAgent,diskio_iops_in_progress,name=nvme0n1,maximum,0.0
2026-09-30T15:36:00+00:00,backend,CWAgent,diskio_iops_in_progress,name=nvme0n1,maximum,0.0
2026-09-30T15:37:00+00:00,backend,CWAgent,diskio_iops_in_progress,name=nvme0n1,maximum,0.0
2026-09-30T15:38:00+00:00,backend,CWAgent,diskio_iops_in_progress,name=nvme0n1,maximum,0.0
2026-09-30T15:39:00+00:00,backend,CWAgent,diskio_iops_in_progress,name=nvme0n1,maximum,0.0
2026-09-30T15:40:00+00:00,backend,CWAgent,diskio_iops_in_progress,name=nvme0n1,maximum,0.0
2026-09-30T15:41:00+00:00,backend,CWAgent,diskio_iops_in_progress,name=nvme0n1,maximum,0.0
2026-09-30T15:42:00+00:00,backend,CWAgent,diskio_iops_in_progress,name=nvme0n1,maximum,0.0
2026-09-30T15:43:00+00:00,backend,CWAgent,diskio_iops_in_progress,name=nvme0n1,maximum,0.0
2026-09-30T15:31:00+00:00,backend,CWAgent,disk_free,path=/;device=nvme0n1p1;fstype=ext4,average,3164020736.0
2026-09-30T15:32:00+00:00,backend,CWAgent,disk_free,path=/;device=nvme0n1p1;fstype=ext4,average,3164020736.0
2026-09-30T15:33:00+00:00,backend,CWAgent,disk_free,path=/;device=nvme0n1p1;fstype=ext4,average,3164020736.0
2026-09-30T15:34:00+00:00,backend,CWAgent,disk_free,path=/;device=nvme0n1p1;fstype=ext4,average,3163971584.0
2026-09-30T15:35:00+00:00,backend,CWAgent,disk_free,path=/;device=nvme0n1p1;fstype=ext4,average,3163906048.0
2026-09-30T15:36:00+00:00,backend,CWAgent,disk_free,path=/;device=nvme0n1p1;fstype=ext4,average,3163901952.0
2026-09-30T15:37:00+00:00,backend,CWAgent,disk_free,path=/;device=nvme0n1p1;fstype=ext4,average,3163906048.0
2026-09-30T15:38:00+00:00,backend,CWAgent,disk_free,path=/;device=nvme0n1p1;fstype=ext4,average,3163893760.0
2026-09-30T15:39:00+00:00,backend,CWAgent,disk_free,path=/;device=nvme0n1p1;fstype=ext4,average,3163918336.0
2026-09-30T15:40:00+00:00,backend,CWAgent,disk_free,path=/;device=nvme0n1p1;fstype=ext4,average,3163930624.0
2026-09-30T15:41:00+00:00,backend,CWAgent,disk_free,path=/;device=nvme0n1p1;fstype=ext4,average,3163971584.0
2026-09-30T15:42:00+00:00,backend,CWAgent,disk_free,path=/;device=nvme0n1p1;fstype=ext4,average,3164012544.0
2026-09-30T15:43:00+00:00,backend,CWAgent,disk_free,path=/;device=nvme0n1p1;fstype=ext4,average,3164012544.0
2026-09-30T15:31:00+00:00,backend,CWAgent,disk_free,path=/;device=nvme0n1p1;fstype=ext4,maximum,3164020736.0
2026-09-30T15:32:00+00:00,backend,CWAgent,disk_free,path=/;device=nvme0n1p1;fstype=ext4,maximum,3164020736.0
2026-09-30T15:33:00+00:00,backend,CWAgent,disk_free,path=/;device=nvme0n1p1;fstype=ext4,maximum,3164020736.0
2026-09-30T15:34:00+00:00,backend,CWAgent,disk_free,path=/;device=nvme0n1p1;fstype=ext4,maximum,3163971584.0
2026-09-30T15:35:00+00:00,backend,CWAgent,disk_free,path=/;device=nvme0n1p1;fstype=ext4,maximum,3163906048.0
2026-09-30T15:36:00+00:00,backend,CWAgent,disk_free,path=/;device=nvme0n1p1;fstype=ext4,maximum,3163901952.0
2026-09-30T15:37:00+00:00,backend,CWAgent,disk_free,path=/;device=nvme0n1p1;fstype=ext4,maximum,3163906048.0
2026-09-30T15:38:00+00:00,backend,CWAgent,disk_free,path=/;device=nvme0n1p1;fstype=ext4,maximum,3163893760.0
2026-09-30T15:39:00+00:00,backend,CWAgent,disk_free,path=/;device=nvme0n1p1;fstype=ext4,maximum,3163918336.0
2026-09-30T15:40:00+00:00,backend,CWAgent,disk_free,path=/;device=nvme0n1p1;fstype=ext4,maximum,3163930624.0
2026-09-30T15:41:00+00:00,backend,CWAgent,disk_free,path=/;device=nvme0n1p1;fstype=ext4,maximum,3163971584.0
2026-09-30T15:42:00+00:00,backend,CWAgent,disk_free,path=/;device=nvme0n1p1;fstype=ext4,maximum,3164012544.0
2026-09-30T15:43:00+00:00,backend,CWAgent,disk_free,path=/;device=nvme0n1p1;fstype=ext4,maximum,3164012544.0
2026-09-30T15:31:00+00:00,backend,CWAgent,mem_used,,average,748457984.0
2026-09-30T15:32:00+00:00,backend,CWAgent,mem_used,,average,726683648.0
2026-09-30T15:33:00+00:00,backend,CWAgent,mem_used,,average,721108992.0
2026-09-30T15:34:00+00:00,backend,CWAgent,mem_used,,average,733962240.0
2026-09-30T15:35:00+00:00,backend,CWAgent,mem_used,,average,756965376.0
2026-09-30T15:36:00+00:00,backend,CWAgent,mem_used,,average,776773632.0
2026-09-30T15:37:00+00:00,backend,CWAgent,mem_used,,average,761970688.0
2026-09-30T15:38:00+00:00,backend,CWAgent,mem_used,,average,759889920.0
2026-09-30T15:39:00+00:00,backend,CWAgent,mem_used,,average,773005312.0
2026-09-30T15:40:00+00:00,backend,CWAgent,mem_used,,average,817487872.0
2026-09-30T15:41:00+00:00,backend,CWAgent,mem_used,,average,818384896.0
2026-09-30T15:42:00+00:00,backend,CWAgent,mem_used,,average,827244544.0
2026-09-30T15:43:00+00:00,backend,CWAgent,mem_used,,average,793063424.0
2026-09-30T15:31:00+00:00,backend,CWAgent,mem_used,,maximum,748457984.0
2026-09-30T15:32:00+00:00,backend,CWAgent,mem_used,,maximum,726683648.0
2026-09-30T15:33:00+00:00,backend,CWAgent,mem_used,,maximum,721108992.0
2026-09-30T15:34:00+00:00,backend,CWAgent,mem_used,,maximum,733962240.0
2026-09-30T15:35:00+00:00,backend,CWAgent,mem_used,,maximum,756965376.0
2026-09-30T15:36:00+00:00,backend,CWAgent,mem_used,,maximum,776773632.0
2026-09-30T15:37:00+00:00,backend,CWAgent,mem_used,,maximum,761970688.0
2026-09-30T15:38:00+00:00,backend,CWAgent,mem_used,,maximum,759889920.0
2026-09-30T15:39:00+00:00,backend,CWAgent,mem_used,,maximum,773005312.0
2026-09-30T15:40:00+00:00,backend,CWAgent,mem_used,,maximum,817487872.0
2026-09-30T15:41:00+00:00,backend,CWAgent,mem_used,,maximum,818384896.0
2026-09-30T15:42:00+00:00,backend,CWAgent,mem_used,,maximum,827244544.0
2026-09-30T15:43:00+00:00,backend,CWAgent,mem_used,,maximum,793063424.0
2026-09-30T15:31:00+00:00,backend,CWAgent,netstat_tcp_time_wait,,average,0.0
2026-09-30T15:32:00+00:00,backend,CWAgent,netstat_tcp_time_wait,,average,0.0
2026-09-30T15:33:00+00:00,backend,CWAgent,netstat_tcp_time_wait,,average,0.0
2026-09-30T15:34:00+00:00,backend,CWAgent,netstat_tcp_time_wait,,average,0.0
2026-09-30T15:35:00+00:00,backend,CWAgent,netstat_tcp_time_wait,,average,0.0
2026-09-30T15:36:00+00:00,backend,CWAgent,netstat_tcp_time_wait,,average,0.0
2026-09-30T15:37:00+00:00,backend,CWAgent,netstat_tcp_time_wait,,average,0.0
2026-09-30T15:38:00+00:00,backend,CWAgent,netstat_tcp_time_wait,,average,0.0
2026-09-30T15:39:00+00:00,backend,CWAgent,netstat_tcp_time_wait,,average,0.0
2026-09-30T15:40:00+00:00,backend,CWAgent,netstat_tcp_time_wait,,average,0.0
2026-09-30T15:41:00+00:00,backend,CWAgent,netstat_tcp_time_wait,,average,0.0
2026-09-30T15:42:00+00:00,backend,CWAgent,netstat_tcp_time_wait,,average,0.0
2026-09-30T15:43:00+00:00,backend,CWAgent,netstat_tcp_time_wait,,average,0.0
2026-09-30T15:31:00+00:00,backend,CWAgent,netstat_tcp_time_wait,,maximum,0.0
2026-09-30T15:32:00+00:00,backend,CWAgent,netstat_tcp_time_wait,,maximum,0.0
2026-09-30T15:33:00+00:00,backend,CWAgent,netstat_tcp_time_wait,,maximum,0.0
2026-09-30T15:34:00+00:00,backend,CWAgent,netstat_tcp_time_wait,,maximum,0.0
2026-09-30T15:35:00+00:00,backend,CWAgent,netstat_tcp_time_wait,,maximum,0.0
2026-09-30T15:36:00+00:00,backend,CWAgent,netstat_tcp_time_wait,,maximum,0.0
2026-09-30T15:37:00+00:00,backend,CWAgent,netstat_tcp_time_wait,,maximum,0.0
2026-09-30T15:38:00+00:00,backend,CWAgent,netstat_tcp_time_wait,,maximum,0.0
2026-09-30T15:39:00+00:00,backend,CWAgent,netstat_tcp_time_wait,,maximum,0.0
2026-09-30T15:40:00+00:00,backend,CWAgent,netstat_tcp_time_wait,,maximum,0.0
2026-09-30T15:41:00+00:00,backend,CWAgent,netstat_tcp_time_wait,,maximum,0.0
2026-09-30T15:42:00+00:00,backend,CWAgent,netstat_tcp_time_wait,,maximum,0.0
2026-09-30T15:43:00+00:00,backend,CWAgent,netstat_tcp_time_wait,,maximum,0.0
2026-09-30T15:31:00+00:00,backend,CWAgent,disk_used,path=/;device=nvme0n1p1;fstype=ext4,average,4614197248.0
2026-09-30T15:32:00+00:00,backend,CWAgent,disk_used,path=/;device=nvme0n1p1;fstype=ext4,average,4614197248.0
2026-09-30T15:33:00+00:00,backend,CWAgent,disk_used,path=/;device=nvme0n1p1;fstype=ext4,average,4614197248.0
2026-09-30T15:34:00+00:00,backend,CWAgent,disk_used,path=/;device=nvme0n1p1;fstype=ext4,average,4614246400.0
2026-09-30T15:35:00+00:00,backend,CWAgent,disk_used,path=/;device=nvme0n1p1;fstype=ext4,average,4614311936.0
2026-09-30T15:36:00+00:00,backend,CWAgent,disk_used,path=/;device=nvme0n1p1;fstype=ext4,average,4614316032.0
2026-09-30T15:37:00+00:00,backend,CWAgent,disk_used,path=/;device=nvme0n1p1;fstype=ext4,average,4614311936.0
2026-09-30T15:38:00+00:00,backend,CWAgent,disk_used,path=/;device=nvme0n1p1;fstype=ext4,average,4614324224.0
2026-09-30T15:39:00+00:00,backend,CWAgent,disk_used,path=/;device=nvme0n1p1;fstype=ext4,average,4614299648.0
2026-09-30T15:40:00+00:00,backend,CWAgent,disk_used,path=/;device=nvme0n1p1;fstype=ext4,average,4614287360.0
2026-09-30T15:41:00+00:00,backend,CWAgent,disk_used,path=/;device=nvme0n1p1;fstype=ext4,average,4614246400.0
2026-09-30T15:42:00+00:00,backend,CWAgent,disk_used,path=/;device=nvme0n1p1;fstype=ext4,average,4614205440.0
2026-09-30T15:43:00+00:00,backend,CWAgent,disk_used,path=/;device=nvme0n1p1;fstype=ext4,average,4614205440.0
2026-09-30T15:31:00+00:00,backend,CWAgent,disk_used,path=/;device=nvme0n1p1;fstype=ext4,maximum,4614197248.0
2026-09-30T15:32:00+00:00,backend,CWAgent,disk_used,path=/;device=nvme0n1p1;fstype=ext4,maximum,4614197248.0
2026-09-30T15:33:00+00:00,backend,CWAgent,disk_used,path=/;device=nvme0n1p1;fstype=ext4,maximum,4614197248.0
2026-09-30T15:34:00+00:00,backend,CWAgent,disk_used,path=/;device=nvme0n1p1;fstype=ext4,maximum,4614246400.0
2026-09-30T15:35:00+00:00,backend,CWAgent,disk_used,path=/;device=nvme0n1p1;fstype=ext4,maximum,4614311936.0
2026-09-30T15:36:00+00:00,backend,CWAgent,disk_used,path=/;device=nvme0n1p1;fstype=ext4,maximum,4614316032.0
2026-09-30T15:37:00+00:00,backend,CWAgent,disk_used,path=/;device=nvme0n1p1;fstype=ext4,maximum,4614311936.0
2026-09-30T15:38:00+00:00,backend,CWAgent,disk_used,path=/;device=nvme0n1p1;fstype=ext4,maximum,4614324224.0
2026-09-30T15:39:00+00:00,backend,CWAgent,disk_used,path=/;device=nvme0n1p1;fstype=ext4,maximum,4614299648.0
2026-09-30T15:40:00+00:00,backend,CWAgent,disk_used,path=/;device=nvme0n1p1;fstype=ext4,maximum,4614287360.0
2026-09-30T15:41:00+00:00,backend,CWAgent,disk_used,path=/;device=nvme0n1p1;fstype=ext4,maximum,4614246400.0
2026-09-30T15:42:00+00:00,backend,CWAgent,disk_used,path=/;device=nvme0n1p1;fstype=ext4,maximum,4614205440.0
2026-09-30T15:43:00+00:00,backend,CWAgent,disk_used,path=/;device=nvme0n1p1;fstype=ext4,maximum,4614205440.0
2026-09-30T15:31:00+00:00,backend,CWAgent,swap_used_percent,,average,14.489010789891795
2026-09-30T15:32:00+00:00,backend,CWAgent,swap_used_percent,,average,14.451435950157071
2026-09-30T15:33:00+00:00,backend,CWAgent,swap_used_percent,,average,14.439228895623963
2026-09-30T15:34:00+00:00,backend,CWAgent,swap_used_percent,,average,14.402607732024636
2026-09-30T15:35:00+00:00,backend,CWAgent,swap_used_percent,,average,14.402607732024636
2026-09-30T15:36:00+00:00,backend,CWAgent,swap_used_percent,,average,14.402607732024636
2026-09-30T15:37:00+00:00,backend,CWAgent,swap_used_percent,,average,14.427021841090854
2026-09-30T15:38:00+00:00,backend,CWAgent,swap_used_percent,,average,14.427021841090854
2026-09-30T15:39:00+00:00,backend,CWAgent,swap_used_percent,,average,14.427021841090854
2026-09-30T15:40:00+00:00,backend,CWAgent,swap_used_percent,,average,14.793233477084117
2026-09-30T15:41:00+00:00,backend,CWAgent,swap_used_percent,,average,15.415793258272664
2026-09-30T15:42:00+00:00,backend,CWAgent,swap_used_percent,,average,15.073995731345619
2026-09-30T15:43:00+00:00,backend,CWAgent,swap_used_percent,,average,15.033941333658854
2026-09-30T15:31:00+00:00,backend,CWAgent,swap_used_percent,,maximum,14.489010789891795
2026-09-30T15:32:00+00:00,backend,CWAgent,swap_used_percent,,maximum,14.451435950157071
2026-09-30T15:33:00+00:00,backend,CWAgent,swap_used_percent,,maximum,14.439228895623963
2026-09-30T15:34:00+00:00,backend,CWAgent,swap_used_percent,,maximum,14.402607732024636
2026-09-30T15:35:00+00:00,backend,CWAgent,swap_used_percent,,maximum,14.402607732024636
2026-09-30T15:36:00+00:00,backend,CWAgent,swap_used_percent,,maximum,14.402607732024636
2026-09-30T15:37:00+00:00,backend,CWAgent,swap_used_percent,,maximum,14.427021841090854
2026-09-30T15:38:00+00:00,backend,CWAgent,swap_used_percent,,maximum,14.427021841090854
2026-09-30T15:39:00+00:00,backend,CWAgent,swap_used_percent,,maximum,14.427021841090854
2026-09-30T15:40:00+00:00,backend,CWAgent,swap_used_percent,,maximum,14.793233477084117
2026-09-30T15:41:00+00:00,backend,CWAgent,swap_used_percent,,maximum,15.415793258272664
2026-09-30T15:42:00+00:00,backend,CWAgent,swap_used_percent,,maximum,15.073995731345619
2026-09-30T15:43:00+00:00,backend,CWAgent,swap_used_percent,,maximum,15.033941333658854
2026-09-30T15:31:00+00:00,backend,CWAgent,disk_used_percent,path=/;device=nvme0n1p1;fstype=ext4,average,59.32203568338566
2026-09-30T15:32:00+00:00,backend,CWAgent,disk_used_percent,path=/;device=nvme0n1p1;fstype=ext4,average,59.32203568338566
2026-09-30T15:33:00+00:00,backend,CWAgent,disk_used_percent,path=/;device=nvme0n1p1;fstype=ext4,average,59.32203568338566
2026-09-30T15:34:00+00:00,backend,CWAgent,disk_used_percent,path=/;device=nvme0n1p1;fstype=ext4,average,59.322667601906076
2026-09-30T15:35:00+00:00,backend,CWAgent,disk_used_percent,path=/;device=nvme0n1p1;fstype=ext4,average,59.32351015993331
2026-09-30T15:36:00+00:00,backend,CWAgent,disk_used_percent,path=/;device=nvme0n1p1;fstype=ext4,average,59.323562819810014
2026-09-30T15:37:00+00:00,backend,CWAgent,disk_used_percent,path=/;device=nvme0n1p1;fstype=ext4,average,59.32351015993331
2026-09-30T15:38:00+00:00,backend,CWAgent,disk_used_percent,path=/;device=nvme0n1p1;fstype=ext4,average,59.32366813956342
2026-09-30T15:39:00+00:00,backend,CWAgent,disk_used_percent,path=/;device=nvme0n1p1;fstype=ext4,average,59.3233521803032
2026-09-30T15:40:00+00:00,backend,CWAgent,disk_used_percent,path=/;device=nvme0n1p1;fstype=ext4,average,59.3231942006731
2026-09-30T15:41:00+00:00,backend,CWAgent,disk_used_percent,path=/;device=nvme0n1p1;fstype=ext4,average,59.322667601906076
2026-09-30T15:42:00+00:00,backend,CWAgent,disk_used_percent,path=/;device=nvme0n1p1;fstype=ext4,average,59.32214100313905
2026-09-30T15:43:00+00:00,backend,CWAgent,disk_used_percent,path=/;device=nvme0n1p1;fstype=ext4,average,59.32214100313905
2026-09-30T15:31:00+00:00,backend,CWAgent,disk_used_percent,path=/;device=nvme0n1p1;fstype=ext4,maximum,59.32203568338566
2026-09-30T15:32:00+00:00,backend,CWAgent,disk_used_percent,path=/;device=nvme0n1p1;fstype=ext4,maximum,59.32203568338566
2026-09-30T15:33:00+00:00,backend,CWAgent,disk_used_percent,path=/;device=nvme0n1p1;fstype=ext4,maximum,59.32203568338566
2026-09-30T15:34:00+00:00,backend,CWAgent,disk_used_percent,path=/;device=nvme0n1p1;fstype=ext4,maximum,59.322667601906076
2026-09-30T15:35:00+00:00,backend,CWAgent,disk_used_percent,path=/;device=nvme0n1p1;fstype=ext4,maximum,59.32351015993331
2026-09-30T15:36:00+00:00,backend,CWAgent,disk_used_percent,path=/;device=nvme0n1p1;fstype=ext4,maximum,59.323562819810014
2026-09-30T15:37:00+00:00,backend,CWAgent,disk_used_percent,path=/;device=nvme0n1p1;fstype=ext4,maximum,59.32351015993331
2026-09-30T15:38:00+00:00,backend,CWAgent,disk_used_percent,path=/;device=nvme0n1p1;fstype=ext4,maximum,59.32366813956342
2026-09-30T15:39:00+00:00,backend,CWAgent,disk_used_percent,path=/;device=nvme0n1p1;fstype=ext4,maximum,59.3233521803032
2026-09-30T15:40:00+00:00,backend,CWAgent,disk_used_percent,path=/;device=nvme0n1p1;fstype=ext4,maximum,59.3231942006731
2026-09-30T15:41:00+00:00,backend,CWAgent,disk_used_percent,path=/;device=nvme0n1p1;fstype=ext4,maximum,59.322667601906076
2026-09-30T15:42:00+00:00,backend,CWAgent,disk_used_percent,path=/;device=nvme0n1p1;fstype=ext4,maximum,59.32214100313905
2026-09-30T15:43:00+00:00,backend,CWAgent,disk_used_percent,path=/;device=nvme0n1p1;fstype=ext4,maximum,59.32214100313905
2026-09-30T15:31:00+00:00,backend,CWAgent,procstat_memory_rss,exe=amazon-cloudwatch-agent;process_name=amazon-cloudwatch-agent,average,55873536.0
2026-09-30T15:32:00+00:00,backend,CWAgent,procstat_memory_rss,exe=amazon-cloudwatch-agent;process_name=amazon-cloudwatch-agent,average,56258560.0
2026-09-30T15:33:00+00:00,backend,CWAgent,procstat_memory_rss,exe=amazon-cloudwatch-agent;process_name=amazon-cloudwatch-agent,average,47603712.0
2026-09-30T15:34:00+00:00,backend,CWAgent,procstat_memory_rss,exe=amazon-cloudwatch-agent;process_name=amazon-cloudwatch-agent,average,47984640.0
2026-09-30T15:35:00+00:00,backend,CWAgent,procstat_memory_rss,exe=amazon-cloudwatch-agent;process_name=amazon-cloudwatch-agent,average,50548736.0
2026-09-30T15:36:00+00:00,backend,CWAgent,procstat_memory_rss,exe=amazon-cloudwatch-agent;process_name=amazon-cloudwatch-agent,average,51408896.0
2026-09-30T15:37:00+00:00,backend,CWAgent,procstat_memory_rss,exe=amazon-cloudwatch-agent;process_name=amazon-cloudwatch-agent,average,53370880.0
2026-09-30T15:38:00+00:00,backend,CWAgent,procstat_memory_rss,exe=amazon-cloudwatch-agent;process_name=amazon-cloudwatch-agent,average,55758848.0
2026-09-30T15:39:00+00:00,backend,CWAgent,procstat_memory_rss,exe=amazon-cloudwatch-agent;process_name=amazon-cloudwatch-agent,average,56770560.0
2026-09-30T15:40:00+00:00,backend,CWAgent,procstat_memory_rss,exe=amazon-cloudwatch-agent;process_name=amazon-cloudwatch-agent,average,55058432.0
2026-09-30T15:41:00+00:00,backend,CWAgent,procstat_memory_rss,exe=amazon-cloudwatch-agent;process_name=amazon-cloudwatch-agent,average,55668736.0
2026-09-30T15:42:00+00:00,backend,CWAgent,procstat_memory_rss,exe=amazon-cloudwatch-agent;process_name=amazon-cloudwatch-agent,average,54407168.0
2026-09-30T15:43:00+00:00,backend,CWAgent,procstat_memory_rss,exe=amazon-cloudwatch-agent;process_name=amazon-cloudwatch-agent,average,54239232.0
2026-09-30T15:31:00+00:00,backend,CWAgent,procstat_memory_rss,exe=amazon-cloudwatch-agent;process_name=amazon-cloudwatch-agent,maximum,55873536.0
2026-09-30T15:32:00+00:00,backend,CWAgent,procstat_memory_rss,exe=amazon-cloudwatch-agent;process_name=amazon-cloudwatch-agent,maximum,56258560.0
2026-09-30T15:33:00+00:00,backend,CWAgent,procstat_memory_rss,exe=amazon-cloudwatch-agent;process_name=amazon-cloudwatch-agent,maximum,47603712.0
2026-09-30T15:34:00+00:00,backend,CWAgent,procstat_memory_rss,exe=amazon-cloudwatch-agent;process_name=amazon-cloudwatch-agent,maximum,47984640.0
2026-09-30T15:35:00+00:00,backend,CWAgent,procstat_memory_rss,exe=amazon-cloudwatch-agent;process_name=amazon-cloudwatch-agent,maximum,50548736.0
2026-09-30T15:36:00+00:00,backend,CWAgent,procstat_memory_rss,exe=amazon-cloudwatch-agent;process_name=amazon-cloudwatch-agent,maximum,51408896.0
2026-09-30T15:37:00+00:00,backend,CWAgent,procstat_memory_rss,exe=amazon-cloudwatch-agent;process_name=amazon-cloudwatch-agent,maximum,53370880.0
2026-09-30T15:38:00+00:00,backend,CWAgent,procstat_memory_rss,exe=amazon-cloudwatch-agent;process_name=amazon-cloudwatch-agent,maximum,55758848.0
2026-09-30T15:39:00+00:00,backend,CWAgent,procstat_memory_rss,exe=amazon-cloudwatch-agent;process_name=amazon-cloudwatch-agent,maximum,56770560.0
2026-09-30T15:40:00+00:00,backend,CWAgent,procstat_memory_rss,exe=amazon-cloudwatch-agent;process_name=amazon-cloudwatch-agent,maximum,55058432.0
2026-09-30T15:41:00+00:00,backend,CWAgent,procstat_memory_rss,exe=amazon-cloudwatch-agent;process_name=amazon-cloudwatch-agent,maximum,55668736.0
2026-09-30T15:42:00+00:00,backend,CWAgent,procstat_memory_rss,exe=amazon-cloudwatch-agent;process_name=amazon-cloudwatch-agent,maximum,54407168.0
2026-09-30T15:43:00+00:00,backend,CWAgent,procstat_memory_rss,exe=amazon-cloudwatch-agent;process_name=amazon-cloudwatch-agent,maximum,54239232.0
2026-09-30T15:31:00+00:00,backend,CWAgent,diskio_reads,name=nvme0n1,average,398.0
2026-09-30T15:32:00+00:00,backend,CWAgent,diskio_reads,name=nvme0n1,average,303.0
2026-09-30T15:33:00+00:00,backend,CWAgent,diskio_reads,name=nvme0n1,average,263.0
2026-09-30T15:34:00+00:00,backend,CWAgent,diskio_reads,name=nvme0n1,average,106.0
2026-09-30T15:35:00+00:00,backend,CWAgent,diskio_reads,name=nvme0n1,average,73.0
2026-09-30T15:36:00+00:00,backend,CWAgent,diskio_reads,name=nvme0n1,average,32.0
2026-09-30T15:37:00+00:00,backend,CWAgent,diskio_reads,name=nvme0n1,average,249.0
2026-09-30T15:38:00+00:00,backend,CWAgent,diskio_reads,name=nvme0n1,average,48.0
2026-09-30T15:39:00+00:00,backend,CWAgent,diskio_reads,name=nvme0n1,average,65.0
2026-09-30T15:40:00+00:00,backend,CWAgent,diskio_reads,name=nvme0n1,average,15321.0
2026-09-30T15:41:00+00:00,backend,CWAgent,diskio_reads,name=nvme0n1,average,795.0
2026-09-30T15:42:00+00:00,backend,CWAgent,diskio_reads,name=nvme0n1,average,1908.0
2026-09-30T15:43:00+00:00,backend,CWAgent,diskio_reads,name=nvme0n1,average,119.0
2026-09-30T15:31:00+00:00,backend,CWAgent,diskio_reads,name=nvme0n1,maximum,398.0
2026-09-30T15:32:00+00:00,backend,CWAgent,diskio_reads,name=nvme0n1,maximum,303.0
2026-09-30T15:33:00+00:00,backend,CWAgent,diskio_reads,name=nvme0n1,maximum,263.0
2026-09-30T15:34:00+00:00,backend,CWAgent,diskio_reads,name=nvme0n1,maximum,106.0
2026-09-30T15:35:00+00:00,backend,CWAgent,diskio_reads,name=nvme0n1,maximum,73.0
2026-09-30T15:36:00+00:00,backend,CWAgent,diskio_reads,name=nvme0n1,maximum,32.0
2026-09-30T15:37:00+00:00,backend,CWAgent,diskio_reads,name=nvme0n1,maximum,249.0
2026-09-30T15:38:00+00:00,backend,CWAgent,diskio_reads,name=nvme0n1,maximum,48.0
2026-09-30T15:39:00+00:00,backend,CWAgent,diskio_reads,name=nvme0n1,maximum,65.0
2026-09-30T15:40:00+00:00,backend,CWAgent,diskio_reads,name=nvme0n1,maximum,15321.0
2026-09-30T15:41:00+00:00,backend,CWAgent,diskio_reads,name=nvme0n1,maximum,795.0
2026-09-30T15:42:00+00:00,backend,CWAgent,diskio_reads,name=nvme0n1,maximum,1908.0
2026-09-30T15:43:00+00:00,backend,CWAgent,diskio_reads,name=nvme0n1,maximum,119.0
2026-09-30T15:31:00+00:00,backend,CWAgent,procstat_cpu_usage,exe=containerd;process_name=containerd,average,0.06666549208847124
2026-09-30T15:32:00+00:00,backend,CWAgent,procstat_cpu_usage,exe=containerd;process_name=containerd,average,0.08333475749517295
2026-09-30T15:33:00+00:00,backend,CWAgent,procstat_cpu_usage,exe=containerd;process_name=containerd,average,0.06666632274732835
2026-09-30T15:34:00+00:00,backend,CWAgent,procstat_cpu_usage,exe=containerd;process_name=containerd,average,0.06666132774648274
2026-09-30T15:35:00+00:00,backend,CWAgent,procstat_cpu_usage,exe=containerd;process_name=containerd,average,0.08330421161239886
2026-09-30T15:36:00+00:00,backend,CWAgent,procstat_cpu_usage,exe=containerd;process_name=containerd,average,0.1000419391231945
2026-09-30T15:37:00+00:00,backend,CWAgent,procstat_cpu_usage,exe=containerd;process_name=containerd,average,0.06666027648368499
2026-09-30T15:38:00+00:00,backend,CWAgent,procstat_cpu_usage,exe=containerd;process_name=containerd,average,0.09998338359484224
2026-09-30T15:39:00+00:00,backend,CWAgent,procstat_cpu_usage,exe=containerd;process_name=containerd,average,0.06668510034893257
2026-09-30T15:40:00+00:00,backend,CWAgent,procstat_cpu_usage,exe=containerd;process_name=containerd,average,0.1666635341811005
2026-09-30T15:41:00+00:00,backend,CWAgent,procstat_cpu_usage,exe=containerd;process_name=containerd,average,0.08331685582818808
2026-09-30T15:42:00+00:00,backend,CWAgent,procstat_cpu_usage,exe=containerd;process_name=containerd,average,0.11667882164012927
2026-09-30T15:43:00+00:00,backend,CWAgent,procstat_cpu_usage,exe=containerd;process_name=containerd,average,0.06667469318403474
2026-09-30T15:31:00+00:00,backend,CWAgent,procstat_cpu_usage,exe=containerd;process_name=containerd,maximum,0.06666549208847124
2026-09-30T15:32:00+00:00,backend,CWAgent,procstat_cpu_usage,exe=containerd;process_name=containerd,maximum,0.08333475749517295
2026-09-30T15:33:00+00:00,backend,CWAgent,procstat_cpu_usage,exe=containerd;process_name=containerd,maximum,0.06666632274732835
2026-09-30T15:34:00+00:00,backend,CWAgent,procstat_cpu_usage,exe=containerd;process_name=containerd,maximum,0.06666132774648274
2026-09-30T15:35:00+00:00,backend,CWAgent,procstat_cpu_usage,exe=containerd;process_name=containerd,maximum,0.08330421161239886
2026-09-30T15:36:00+00:00,backend,CWAgent,procstat_cpu_usage,exe=containerd;process_name=containerd,maximum,0.1000419391231945
2026-09-30T15:37:00+00:00,backend,CWAgent,procstat_cpu_usage,exe=containerd;process_name=containerd,maximum,0.06666027648368499
2026-09-30T15:38:00+00:00,backend,CWAgent,procstat_cpu_usage,exe=containerd;process_name=containerd,maximum,0.09998338359484224
2026-09-30T15:39:00+00:00,backend,CWAgent,procstat_cpu_usage,exe=containerd;process_name=containerd,maximum,0.06668510034893257
2026-09-30T15:40:00+00:00,backend,CWAgent,procstat_cpu_usage,exe=containerd;process_name=containerd,maximum,0.1666635341811005
2026-09-30T15:41:00+00:00,backend,CWAgent,procstat_cpu_usage,exe=containerd;process_name=containerd,maximum,0.08331685582818808
2026-09-30T15:42:00+00:00,backend,CWAgent,procstat_cpu_usage,exe=containerd;process_name=containerd,maximum,0.11667882164012927
2026-09-30T15:43:00+00:00,backend,CWAgent,procstat_cpu_usage,exe=containerd;process_name=containerd,maximum,0.06667469318403474
2026-09-30T15:31:00+00:00,backend,CWAgent,diskio_writes,name=nvme0n1p1,average,178.0
2026-09-30T15:32:00+00:00,backend,CWAgent,diskio_writes,name=nvme0n1p1,average,38.0
2026-09-30T15:33:00+00:00,backend,CWAgent,diskio_writes,name=nvme0n1p1,average,121.0
2026-09-30T15:34:00+00:00,backend,CWAgent,diskio_writes,name=nvme0n1p1,average,248.0
2026-09-30T15:35:00+00:00,backend,CWAgent,diskio_writes,name=nvme0n1p1,average,54.0
2026-09-30T15:36:00+00:00,backend,CWAgent,diskio_writes,name=nvme0n1p1,average,65.0
2026-09-30T15:37:00+00:00,backend,CWAgent,diskio_writes,name=nvme0n1p1,average,120.0
2026-09-30T15:38:00+00:00,backend,CWAgent,diskio_writes,name=nvme0n1p1,average,47.0
2026-09-30T15:39:00+00:00,backend,CWAgent,diskio_writes,name=nvme0n1p1,average,57.0
2026-09-30T15:40:00+00:00,backend,CWAgent,diskio_writes,name=nvme0n1p1,average,629.0
2026-09-30T15:41:00+00:00,backend,CWAgent,diskio_writes,name=nvme0n1p1,average,1351.0
2026-09-30T15:42:00+00:00,backend,CWAgent,diskio_writes,name=nvme0n1p1,average,133.0
2026-09-30T15:43:00+00:00,backend,CWAgent,diskio_writes,name=nvme0n1p1,average,48.0
2026-09-30T15:31:00+00:00,backend,CWAgent,diskio_writes,name=nvme0n1p1,maximum,178.0
2026-09-30T15:32:00+00:00,backend,CWAgent,diskio_writes,name=nvme0n1p1,maximum,38.0
2026-09-30T15:33:00+00:00,backend,CWAgent,diskio_writes,name=nvme0n1p1,maximum,121.0
2026-09-30T15:34:00+00:00,backend,CWAgent,diskio_writes,name=nvme0n1p1,maximum,248.0
2026-09-30T15:35:00+00:00,backend,CWAgent,diskio_writes,name=nvme0n1p1,maximum,54.0
2026-09-30T15:36:00+00:00,backend,CWAgent,diskio_writes,name=nvme0n1p1,maximum,65.0
2026-09-30T15:37:00+00:00,backend,CWAgent,diskio_writes,name=nvme0n1p1,maximum,120.0
2026-09-30T15:38:00+00:00,backend,CWAgent,diskio_writes,name=nvme0n1p1,maximum,47.0
2026-09-30T15:39:00+00:00,backend,CWAgent,diskio_writes,name=nvme0n1p1,maximum,57.0
2026-09-30T15:40:00+00:00,backend,CWAgent,diskio_writes,name=nvme0n1p1,maximum,629.0
2026-09-30T15:41:00+00:00,backend,CWAgent,diskio_writes,name=nvme0n1p1,maximum,1351.0
2026-09-30T15:42:00+00:00,backend,CWAgent,diskio_writes,name=nvme0n1p1,maximum,133.0
2026-09-30T15:43:00+00:00,backend,CWAgent,diskio_writes,name=nvme0n1p1,maximum,48.0
2026-09-30T15:31:00+00:00,backend,CWAgent,procstat_cpu_usage,exe=amazon-cloudwatch-agent;process_name=amazon-cloudwatch-agent,average,0.4333200988708703
2026-09-30T15:32:00+00:00,backend,CWAgent,procstat_cpu_usage,exe=amazon-cloudwatch-agent;process_name=amazon-cloudwatch-agent,average,0.33334380274548686
2026-09-30T15:33:00+00:00,backend,CWAgent,procstat_cpu_usage,exe=amazon-cloudwatch-agent;process_name=amazon-cloudwatch-agent,average,0.34999527732122715
2026-09-30T15:34:00+00:00,backend,CWAgent,procstat_cpu_usage,exe=amazon-cloudwatch-agent;process_name=amazon-cloudwatch-agent,average,0.30000214734536973
2026-09-30T15:35:00+00:00,backend,CWAgent,procstat_cpu_usage,exe=amazon-cloudwatch-agent;process_name=amazon-cloudwatch-agent,average,0.43316944994568063
2026-09-30T15:36:00+00:00,backend,CWAgent,procstat_cpu_usage,exe=amazon-cloudwatch-agent;process_name=amazon-cloudwatch-agent,average,0.38345172381660053
2026-09-30T15:37:00+00:00,backend,CWAgent,procstat_cpu_usage,exe=amazon-cloudwatch-agent;process_name=amazon-cloudwatch-agent,average,0.4666411427883041
2026-09-30T15:38:00+00:00,backend,CWAgent,procstat_cpu_usage,exe=amazon-cloudwatch-agent;process_name=amazon-cloudwatch-agent,average,0.4165758143003915
2026-09-30T15:39:00+00:00,backend,CWAgent,procstat_cpu_usage,exe=amazon-cloudwatch-agent;process_name=amazon-cloudwatch-agent,average,0.4334510489000229
2026-09-30T15:40:00+00:00,backend,CWAgent,procstat_cpu_usage,exe=amazon-cloudwatch-agent;process_name=amazon-cloudwatch-agent,average,0.4166820263161843
2026-09-30T15:41:00+00:00,backend,CWAgent,procstat_cpu_usage,exe=amazon-cloudwatch-agent;process_name=amazon-cloudwatch-agent,average,0.4666483465970042
2026-09-30T15:42:00+00:00,backend,CWAgent,procstat_cpu_usage,exe=amazon-cloudwatch-agent;process_name=amazon-cloudwatch-agent,average,0.40002801163481666
2026-09-30T15:43:00+00:00,backend,CWAgent,procstat_cpu_usage,exe=amazon-cloudwatch-agent;process_name=amazon-cloudwatch-agent,average,0.36665005113130017
2026-09-30T15:31:00+00:00,backend,CWAgent,procstat_cpu_usage,exe=amazon-cloudwatch-agent;process_name=amazon-cloudwatch-agent,maximum,0.4333200988708703
2026-09-30T15:32:00+00:00,backend,CWAgent,procstat_cpu_usage,exe=amazon-cloudwatch-agent;process_name=amazon-cloudwatch-agent,maximum,0.33334380274548686
2026-09-30T15:33:00+00:00,backend,CWAgent,procstat_cpu_usage,exe=amazon-cloudwatch-agent;process_name=amazon-cloudwatch-agent,maximum,0.34999527732122715
2026-09-30T15:34:00+00:00,backend,CWAgent,procstat_cpu_usage,exe=amazon-cloudwatch-agent;process_name=amazon-cloudwatch-agent,maximum,0.30000214734536973
2026-09-30T15:35:00+00:00,backend,CWAgent,procstat_cpu_usage,exe=amazon-cloudwatch-agent;process_name=amazon-cloudwatch-agent,maximum,0.43316944994568063
2026-09-30T15:36:00+00:00,backend,CWAgent,procstat_cpu_usage,exe=amazon-cloudwatch-agent;process_name=amazon-cloudwatch-agent,maximum,0.38345172381660053
2026-09-30T15:37:00+00:00,backend,CWAgent,procstat_cpu_usage,exe=amazon-cloudwatch-agent;process_name=amazon-cloudwatch-agent,maximum,0.4666411427883041
2026-09-30T15:38:00+00:00,backend,CWAgent,procstat_cpu_usage,exe=amazon-cloudwatch-agent;process_name=amazon-cloudwatch-agent,maximum,0.4165758143003915
2026-09-30T15:39:00+00:00,backend,CWAgent,procstat_cpu_usage,exe=amazon-cloudwatch-agent;process_name=amazon-cloudwatch-agent,maximum,0.4334510489000229
2026-09-30T15:40:00+00:00,backend,CWAgent,procstat_cpu_usage,exe=amazon-cloudwatch-agent;process_name=amazon-cloudwatch-agent,maximum,0.4166820263161843
2026-09-30T15:41:00+00:00,backend,CWAgent,procstat_cpu_usage,exe=amazon-cloudwatch-agent;process_name=amazon-cloudwatch-agent,maximum,0.4666483465970042
2026-09-30T15:42:00+00:00,backend,CWAgent,procstat_cpu_usage,exe=amazon-cloudwatch-agent;process_name=amazon-cloudwatch-agent,maximum,0.40002801163481666
2026-09-30T15:43:00+00:00,backend,CWAgent,procstat_cpu_usage,exe=amazon-cloudwatch-agent;process_name=amazon-cloudwatch-agent,maximum,0.36665005113130017
2026-09-30T15:31:00+00:00,backend,CWAgent,diskio_write_bytes,name=nvme0n1p1,average,1155072.0
2026-09-30T15:32:00+00:00,backend,CWAgent,diskio_write_bytes,name=nvme0n1p1,average,200704.0
2026-09-30T15:33:00+00:00,backend,CWAgent,diskio_write_bytes,name=nvme0n1p1,average,798720.0
2026-09-30T15:34:00+00:00,backend,CWAgent,diskio_write_bytes,name=nvme0n1p1,average,1630208.0
2026-09-30T15:35:00+00:00,backend,CWAgent,diskio_write_bytes,name=nvme0n1p1,average,598016.0
2026-09-30T15:36:00+00:00,backend,CWAgent,diskio_write_bytes,name=nvme0n1p1,average,679936.0
2026-09-30T15:37:00+00:00,backend,CWAgent,diskio_write_bytes,name=nvme0n1p1,average,1638400.0
2026-09-30T15:38:00+00:00,backend,CWAgent,diskio_write_bytes,name=nvme0n1p1,average,577536.0
2026-09-30T15:39:00+00:00,backend,CWAgent,diskio_write_bytes,name=nvme0n1p1,average,589824.0
2026-09-30T15:40:00+00:00,backend,CWAgent,diskio_write_bytes,name=nvme0n1p1,average,8900608.0
2026-09-30T15:41:00+00:00,backend,CWAgent,diskio_write_bytes,name=nvme0n1p1,average,16281600.0
2026-09-30T15:42:00+00:00,backend,CWAgent,diskio_write_bytes,name=nvme0n1p1,average,1794048.0
2026-09-30T15:43:00+00:00,backend,CWAgent,diskio_write_bytes,name=nvme0n1p1,average,274432.0
2026-09-30T15:31:00+00:00,backend,CWAgent,diskio_write_bytes,name=nvme0n1p1,maximum,1155072.0
2026-09-30T15:32:00+00:00,backend,CWAgent,diskio_write_bytes,name=nvme0n1p1,maximum,200704.0
2026-09-30T15:33:00+00:00,backend,CWAgent,diskio_write_bytes,name=nvme0n1p1,maximum,798720.0
2026-09-30T15:34:00+00:00,backend,CWAgent,diskio_write_bytes,name=nvme0n1p1,maximum,1630208.0
2026-09-30T15:35:00+00:00,backend,CWAgent,diskio_write_bytes,name=nvme0n1p1,maximum,598016.0
2026-09-30T15:36:00+00:00,backend,CWAgent,diskio_write_bytes,name=nvme0n1p1,maximum,679936.0
2026-09-30T15:37:00+00:00,backend,CWAgent,diskio_write_bytes,name=nvme0n1p1,maximum,1638400.0
2026-09-30T15:38:00+00:00,backend,CWAgent,diskio_write_bytes,name=nvme0n1p1,maximum,577536.0
2026-09-30T15:39:00+00:00,backend,CWAgent,diskio_write_bytes,name=nvme0n1p1,maximum,589824.0
2026-09-30T15:40:00+00:00,backend,CWAgent,diskio_write_bytes,name=nvme0n1p1,maximum,8900608.0
2026-09-30T15:41:00+00:00,backend,CWAgent,diskio_write_bytes,name=nvme0n1p1,maximum,16281600.0
2026-09-30T15:42:00+00:00,backend,CWAgent,diskio_write_bytes,name=nvme0n1p1,maximum,1794048.0
2026-09-30T15:43:00+00:00,backend,CWAgent,diskio_write_bytes,name=nvme0n1p1,maximum,274432.0
2026-09-30T15:31:00+00:00,backend,CWAgent,diskio_read_bytes,name=nvme0n1p1,average,7831552.0
2026-09-30T15:32:00+00:00,backend,CWAgent,diskio_read_bytes,name=nvme0n1p1,average,3596288.0
2026-09-30T15:33:00+00:00,backend,CWAgent,diskio_read_bytes,name=nvme0n1p1,average,11091968.0
2026-09-30T15:34:00+00:00,backend,CWAgent,diskio_read_bytes,name=nvme0n1p1,average,1286144.0
2026-09-30T15:35:00+00:00,backend,CWAgent,diskio_read_bytes,name=nvme0n1p1,average,610304.0
2026-09-30T15:36:00+00:00,backend,CWAgent,diskio_read_bytes,name=nvme0n1p1,average,299008.0
2026-09-30T15:37:00+00:00,backend,CWAgent,diskio_read_bytes,name=nvme0n1p1,average,2572288.0
2026-09-30T15:38:00+00:00,backend,CWAgent,diskio_read_bytes,name=nvme0n1p1,average,499712.0
2026-09-30T15:39:00+00:00,backend,CWAgent,diskio_read_bytes,name=nvme0n1p1,average,495616.0
2026-09-30T15:40:00+00:00,backend,CWAgent,diskio_read_bytes,name=nvme0n1p1,average,89337856.0
2026-09-30T15:41:00+00:00,backend,CWAgent,diskio_read_bytes,name=nvme0n1p1,average,7966720.0
2026-09-30T15:42:00+00:00,backend,CWAgent,diskio_read_bytes,name=nvme0n1p1,average,15679488.0
2026-09-30T15:43:00+00:00,backend,CWAgent,diskio_read_bytes,name=nvme0n1p1,average,1126400.0
2026-09-30T15:31:00+00:00,backend,CWAgent,diskio_read_bytes,name=nvme0n1p1,maximum,7831552.0
2026-09-30T15:32:00+00:00,backend,CWAgent,diskio_read_bytes,name=nvme0n1p1,maximum,3596288.0
2026-09-30T15:33:00+00:00,backend,CWAgent,diskio_read_bytes,name=nvme0n1p1,maximum,11091968.0
2026-09-30T15:34:00+00:00,backend,CWAgent,diskio_read_bytes,name=nvme0n1p1,maximum,1286144.0
2026-09-30T15:35:00+00:00,backend,CWAgent,diskio_read_bytes,name=nvme0n1p1,maximum,610304.0
2026-09-30T15:36:00+00:00,backend,CWAgent,diskio_read_bytes,name=nvme0n1p1,maximum,299008.0
2026-09-30T15:37:00+00:00,backend,CWAgent,diskio_read_bytes,name=nvme0n1p1,maximum,2572288.0
2026-09-30T15:38:00+00:00,backend,CWAgent,diskio_read_bytes,name=nvme0n1p1,maximum,499712.0
2026-09-30T15:39:00+00:00,backend,CWAgent,diskio_read_bytes,name=nvme0n1p1,maximum,495616.0
2026-09-30T15:40:00+00:00,backend,CWAgent,diskio_read_bytes,name=nvme0n1p1,maximum,89337856.0
2026-09-30T15:41:00+00:00,backend,CWAgent,diskio_read_bytes,name=nvme0n1p1,maximum,7966720.0
2026-09-30T15:42:00+00:00,backend,CWAgent,diskio_read_bytes,name=nvme0n1p1,maximum,15679488.0
2026-09-30T15:43:00+00:00,backend,CWAgent,diskio_read_bytes,name=nvme0n1p1,maximum,1126400.0
2026-09-30T15:31:00+00:00,backend,CWAgent,diskio_writes,name=nvme0n1p15,average,0.0
2026-09-30T15:32:00+00:00,backend,CWAgent,diskio_writes,name=nvme0n1p15,average,0.0
2026-09-30T15:33:00+00:00,backend,CWAgent,diskio_writes,name=nvme0n1p15,average,0.0
2026-09-30T15:34:00+00:00,backend,CWAgent,diskio_writes,name=nvme0n1p15,average,0.0
2026-09-30T15:35:00+00:00,backend,CWAgent,diskio_writes,name=nvme0n1p15,average,0.0
2026-09-30T15:36:00+00:00,backend,CWAgent,diskio_writes,name=nvme0n1p15,average,0.0
2026-09-30T15:37:00+00:00,backend,CWAgent,diskio_writes,name=nvme0n1p15,average,0.0
2026-09-30T15:38:00+00:00,backend,CWAgent,diskio_writes,name=nvme0n1p15,average,0.0
2026-09-30T15:39:00+00:00,backend,CWAgent,diskio_writes,name=nvme0n1p15,average,0.0
2026-09-30T15:40:00+00:00,backend,CWAgent,diskio_writes,name=nvme0n1p15,average,0.0
2026-09-30T15:41:00+00:00,backend,CWAgent,diskio_writes,name=nvme0n1p15,average,0.0
2026-09-30T15:42:00+00:00,backend,CWAgent,diskio_writes,name=nvme0n1p15,average,0.0
2026-09-30T15:43:00+00:00,backend,CWAgent,diskio_writes,name=nvme0n1p15,average,0.0
2026-09-30T15:31:00+00:00,backend,CWAgent,diskio_writes,name=nvme0n1p15,maximum,0.0
2026-09-30T15:32:00+00:00,backend,CWAgent,diskio_writes,name=nvme0n1p15,maximum,0.0
2026-09-30T15:33:00+00:00,backend,CWAgent,diskio_writes,name=nvme0n1p15,maximum,0.0
2026-09-30T15:34:00+00:00,backend,CWAgent,diskio_writes,name=nvme0n1p15,maximum,0.0
2026-09-30T15:35:00+00:00,backend,CWAgent,diskio_writes,name=nvme0n1p15,maximum,0.0
2026-09-30T15:36:00+00:00,backend,CWAgent,diskio_writes,name=nvme0n1p15,maximum,0.0
2026-09-30T15:37:00+00:00,backend,CWAgent,diskio_writes,name=nvme0n1p15,maximum,0.0
2026-09-30T15:38:00+00:00,backend,CWAgent,diskio_writes,name=nvme0n1p15,maximum,0.0
2026-09-30T15:39:00+00:00,backend,CWAgent,diskio_writes,name=nvme0n1p15,maximum,0.0
2026-09-30T15:40:00+00:00,backend,CWAgent,diskio_writes,name=nvme0n1p15,maximum,0.0
2026-09-30T15:41:00+00:00,backend,CWAgent,diskio_writes,name=nvme0n1p15,maximum,0.0
2026-09-30T15:42:00+00:00,backend,CWAgent,diskio_writes,name=nvme0n1p15,maximum,0.0
2026-09-30T15:43:00+00:00,backend,CWAgent,diskio_writes,name=nvme0n1p15,maximum,0.0
2026-09-30T15:31:00+00:00,backend,CWAgent,cpu_usage_iowait,cpu=cpu-total,average,0.1341381623071728
2026-09-30T15:32:00+00:00,backend,CWAgent,cpu_usage_iowait,cpu=cpu-total,average,0.10061205667813024
2026-09-30T15:33:00+00:00,backend,CWAgent,cpu_usage_iowait,cpu=cpu-total,average,0.11742996141586914
2026-09-30T15:34:00+00:00,backend,CWAgent,cpu_usage_iowait,cpu=cpu-total,average,0.06801564359802668
2026-09-30T15:35:00+00:00,backend,CWAgent,cpu_usage_iowait,cpu=cpu-total,average,0.008520790729371895
2026-09-30T15:36:00+00:00,backend,CWAgent,cpu_usage_iowait,cpu=cpu-total,average,0.00855871276960382
2026-09-30T15:37:00+00:00,backend,CWAgent,cpu_usage_iowait,cpu=cpu-total,average,0.033999150021254886
2026-09-30T15:38:00+00:00,backend,CWAgent,cpu_usage_iowait,cpu=cpu-total,average,0.008514986376014017
2026-09-30T15:39:00+00:00,backend,CWAgent,cpu_usage_iowait,cpu=cpu-total,average,0.008453085376166675
2026-09-30T15:40:00+00:00,backend,CWAgent,cpu_usage_iowait,cpu=cpu-total,average,3.2788252961788533
2026-09-30T15:41:00+00:00,backend,CWAgent,cpu_usage_iowait,cpu=cpu-total,average,0.1070487483531053
2026-09-30T15:42:00+00:00,backend,CWAgent,cpu_usage_iowait,cpu=cpu-total,average,0.441593067822029
2026-09-30T15:43:00+00:00,backend,CWAgent,cpu_usage_iowait,cpu=cpu-total,average,0.0335176805764974
2026-09-30T15:31:00+00:00,backend,CWAgent,cpu_usage_iowait,cpu=cpu-total,maximum,0.1341381623071728
2026-09-30T15:32:00+00:00,backend,CWAgent,cpu_usage_iowait,cpu=cpu-total,maximum,0.10061205667813024
2026-09-30T15:33:00+00:00,backend,CWAgent,cpu_usage_iowait,cpu=cpu-total,maximum,0.11742996141586914
2026-09-30T15:34:00+00:00,backend,CWAgent,cpu_usage_iowait,cpu=cpu-total,maximum,0.06801564359802668
2026-09-30T15:35:00+00:00,backend,CWAgent,cpu_usage_iowait,cpu=cpu-total,maximum,0.008520790729371895
2026-09-30T15:36:00+00:00,backend,CWAgent,cpu_usage_iowait,cpu=cpu-total,maximum,0.00855871276960382
2026-09-30T15:37:00+00:00,backend,CWAgent,cpu_usage_iowait,cpu=cpu-total,maximum,0.033999150021254886
2026-09-30T15:38:00+00:00,backend,CWAgent,cpu_usage_iowait,cpu=cpu-total,maximum,0.008514986376014017
2026-09-30T15:39:00+00:00,backend,CWAgent,cpu_usage_iowait,cpu=cpu-total,maximum,0.008453085376166675
2026-09-30T15:40:00+00:00,backend,CWAgent,cpu_usage_iowait,cpu=cpu-total,maximum,3.2788252961788533
2026-09-30T15:41:00+00:00,backend,CWAgent,cpu_usage_iowait,cpu=cpu-total,maximum,0.1070487483531053
2026-09-30T15:42:00+00:00,backend,CWAgent,cpu_usage_iowait,cpu=cpu-total,maximum,0.441593067822029
2026-09-30T15:43:00+00:00,backend,CWAgent,cpu_usage_iowait,cpu=cpu-total,maximum,0.0335176805764974
2026-09-30T15:31:00+00:00,backend,CWAgent,net_bytes_sent,interface=ens5,average,21906865.0
2026-09-30T15:32:00+00:00,backend,CWAgent,net_bytes_sent,interface=ens5,average,81195.0
2026-09-30T15:33:00+00:00,backend,CWAgent,net_bytes_sent,interface=ens5,average,3035866.0
2026-09-30T15:34:00+00:00,backend,CWAgent,net_bytes_sent,interface=ens5,average,62587589.0
2026-09-30T15:35:00+00:00,backend,CWAgent,net_bytes_sent,interface=ens5,average,141587237.0
2026-09-30T15:36:00+00:00,backend,CWAgent,net_bytes_sent,interface=ens5,average,164315508.0
2026-09-30T15:37:00+00:00,backend,CWAgent,net_bytes_sent,interface=ens5,average,164604130.0
2026-09-30T15:38:00+00:00,backend,CWAgent,net_bytes_sent,interface=ens5,average,164639053.0
2026-09-30T15:39:00+00:00,backend,CWAgent,net_bytes_sent,interface=ens5,average,164970825.0
2026-09-30T15:40:00+00:00,backend,CWAgent,net_bytes_sent,interface=ens5,average,158545405.0
2026-09-30T15:41:00+00:00,backend,CWAgent,net_bytes_sent,interface=ens5,average,107861941.0
2026-09-30T15:42:00+00:00,backend,CWAgent,net_bytes_sent,interface=ens5,average,27235498.0
2026-09-30T15:43:00+00:00,backend,CWAgent,net_bytes_sent,interface=ens5,average,74014.0
2026-09-30T15:31:00+00:00,backend,CWAgent,net_bytes_sent,interface=ens5,maximum,21906865.0
2026-09-30T15:32:00+00:00,backend,CWAgent,net_bytes_sent,interface=ens5,maximum,81195.0
2026-09-30T15:33:00+00:00,backend,CWAgent,net_bytes_sent,interface=ens5,maximum,3035866.0
2026-09-30T15:34:00+00:00,backend,CWAgent,net_bytes_sent,interface=ens5,maximum,62587589.0
2026-09-30T15:35:00+00:00,backend,CWAgent,net_bytes_sent,interface=ens5,maximum,141587237.0
2026-09-30T15:36:00+00:00,backend,CWAgent,net_bytes_sent,interface=ens5,maximum,164315508.0
2026-09-30T15:37:00+00:00,backend,CWAgent,net_bytes_sent,interface=ens5,maximum,164604130.0
2026-09-30T15:38:00+00:00,backend,CWAgent,net_bytes_sent,interface=ens5,maximum,164639053.0
2026-09-30T15:39:00+00:00,backend,CWAgent,net_bytes_sent,interface=ens5,maximum,164970825.0
2026-09-30T15:40:00+00:00,backend,CWAgent,net_bytes_sent,interface=ens5,maximum,158545405.0
2026-09-30T15:41:00+00:00,backend,CWAgent,net_bytes_sent,interface=ens5,maximum,107861941.0
2026-09-30T15:42:00+00:00,backend,CWAgent,net_bytes_sent,interface=ens5,maximum,27235498.0
2026-09-30T15:43:00+00:00,backend,CWAgent,net_bytes_sent,interface=ens5,maximum,74014.0
2026-09-30T15:31:00+00:00,backend,CWAgent,net_bytes_recv,interface=ens5,average,5274872.0
2026-09-30T15:32:00+00:00,backend,CWAgent,net_bytes_recv,interface=ens5,average,26634.0
2026-09-30T15:33:00+00:00,backend,CWAgent,net_bytes_recv,interface=ens5,average,970739.0
2026-09-30T15:34:00+00:00,backend,CWAgent,net_bytes_recv,interface=ens5,average,13943542.0
2026-09-30T15:35:00+00:00,backend,CWAgent,net_bytes_recv,interface=ens5,average,31442971.0
2026-09-30T15:36:00+00:00,backend,CWAgent,net_bytes_recv,interface=ens5,average,36290654.0
2026-09-30T15:37:00+00:00,backend,CWAgent,net_bytes_recv,interface=ens5,average,36445016.0
2026-09-30T15:38:00+00:00,backend,CWAgent,net_bytes_recv,interface=ens5,average,36537112.0
2026-09-30T15:39:00+00:00,backend,CWAgent,net_bytes_recv,interface=ens5,average,36645125.0
2026-09-30T15:40:00+00:00,backend,CWAgent,net_bytes_recv,interface=ens5,average,35012390.0
2026-09-30T15:41:00+00:00,backend,CWAgent,net_bytes_recv,interface=ens5,average,24000575.0
2026-09-30T15:42:00+00:00,backend,CWAgent,net_bytes_recv,interface=ens5,average,6356101.0
2026-09-30T15:43:00+00:00,backend,CWAgent,net_bytes_recv,interface=ens5,average,14143.0
2026-09-30T15:31:00+00:00,backend,CWAgent,net_bytes_recv,interface=ens5,maximum,5274872.0
2026-09-30T15:32:00+00:00,backend,CWAgent,net_bytes_recv,interface=ens5,maximum,26634.0
2026-09-30T15:33:00+00:00,backend,CWAgent,net_bytes_recv,interface=ens5,maximum,970739.0
2026-09-30T15:34:00+00:00,backend,CWAgent,net_bytes_recv,interface=ens5,maximum,13943542.0
2026-09-30T15:35:00+00:00,backend,CWAgent,net_bytes_recv,interface=ens5,maximum,31442971.0
2026-09-30T15:36:00+00:00,backend,CWAgent,net_bytes_recv,interface=ens5,maximum,36290654.0
2026-09-30T15:37:00+00:00,backend,CWAgent,net_bytes_recv,interface=ens5,maximum,36445016.0
2026-09-30T15:38:00+00:00,backend,CWAgent,net_bytes_recv,interface=ens5,maximum,36537112.0
2026-09-30T15:39:00+00:00,backend,CWAgent,net_bytes_recv,interface=ens5,maximum,36645125.0
2026-09-30T15:40:00+00:00,backend,CWAgent,net_bytes_recv,interface=ens5,maximum,35012390.0
2026-09-30T15:41:00+00:00,backend,CWAgent,net_bytes_recv,interface=ens5,maximum,24000575.0
2026-09-30T15:42:00+00:00,backend,CWAgent,net_bytes_recv,interface=ens5,maximum,6356101.0
2026-09-30T15:43:00+00:00,backend,CWAgent,net_bytes_recv,interface=ens5,maximum,14143.0
2026-09-30T15:31:00+00:00,backend,CWAgent,diskio_reads,name=nvme0n1p15,average,0.0
2026-09-30T15:32:00+00:00,backend,CWAgent,diskio_reads,name=nvme0n1p15,average,0.0
2026-09-30T15:33:00+00:00,backend,CWAgent,diskio_reads,name=nvme0n1p15,average,0.0
2026-09-30T15:34:00+00:00,backend,CWAgent,diskio_reads,name=nvme0n1p15,average,0.0
2026-09-30T15:35:00+00:00,backend,CWAgent,diskio_reads,name=nvme0n1p15,average,0.0
2026-09-30T15:36:00+00:00,backend,CWAgent,diskio_reads,name=nvme0n1p15,average,0.0
2026-09-30T15:37:00+00:00,backend,CWAgent,diskio_reads,name=nvme0n1p15,average,0.0
2026-09-30T15:38:00+00:00,backend,CWAgent,diskio_reads,name=nvme0n1p15,average,0.0
2026-09-30T15:39:00+00:00,backend,CWAgent,diskio_reads,name=nvme0n1p15,average,0.0
2026-09-30T15:40:00+00:00,backend,CWAgent,diskio_reads,name=nvme0n1p15,average,0.0
2026-09-30T15:41:00+00:00,backend,CWAgent,diskio_reads,name=nvme0n1p15,average,0.0
2026-09-30T15:42:00+00:00,backend,CWAgent,diskio_reads,name=nvme0n1p15,average,0.0
2026-09-30T15:43:00+00:00,backend,CWAgent,diskio_reads,name=nvme0n1p15,average,0.0
2026-09-30T15:31:00+00:00,backend,CWAgent,diskio_reads,name=nvme0n1p15,maximum,0.0
2026-09-30T15:32:00+00:00,backend,CWAgent,diskio_reads,name=nvme0n1p15,maximum,0.0
2026-09-30T15:33:00+00:00,backend,CWAgent,diskio_reads,name=nvme0n1p15,maximum,0.0
2026-09-30T15:34:00+00:00,backend,CWAgent,diskio_reads,name=nvme0n1p15,maximum,0.0
2026-09-30T15:35:00+00:00,backend,CWAgent,diskio_reads,name=nvme0n1p15,maximum,0.0
2026-09-30T15:36:00+00:00,backend,CWAgent,diskio_reads,name=nvme0n1p15,maximum,0.0
2026-09-30T15:37:00+00:00,backend,CWAgent,diskio_reads,name=nvme0n1p15,maximum,0.0
2026-09-30T15:38:00+00:00,backend,CWAgent,diskio_reads,name=nvme0n1p15,maximum,0.0
2026-09-30T15:39:00+00:00,backend,CWAgent,diskio_reads,name=nvme0n1p15,maximum,0.0
2026-09-30T15:40:00+00:00,backend,CWAgent,diskio_reads,name=nvme0n1p15,maximum,0.0
2026-09-30T15:41:00+00:00,backend,CWAgent,diskio_reads,name=nvme0n1p15,maximum,0.0
2026-09-30T15:42:00+00:00,backend,CWAgent,diskio_reads,name=nvme0n1p15,maximum,0.0
2026-09-30T15:43:00+00:00,backend,CWAgent,diskio_reads,name=nvme0n1p15,maximum,0.0
2026-09-30T15:31:00+00:00,backend,CWAgent,diskio_write_bytes,name=nvme0n1p14,average,0.0
2026-09-30T15:32:00+00:00,backend,CWAgent,diskio_write_bytes,name=nvme0n1p14,average,0.0
2026-09-30T15:33:00+00:00,backend,CWAgent,diskio_write_bytes,name=nvme0n1p14,average,0.0
2026-09-30T15:34:00+00:00,backend,CWAgent,diskio_write_bytes,name=nvme0n1p14,average,0.0
2026-09-30T15:35:00+00:00,backend,CWAgent,diskio_write_bytes,name=nvme0n1p14,average,0.0
2026-09-30T15:36:00+00:00,backend,CWAgent,diskio_write_bytes,name=nvme0n1p14,average,0.0
2026-09-30T15:37:00+00:00,backend,CWAgent,diskio_write_bytes,name=nvme0n1p14,average,0.0
2026-09-30T15:38:00+00:00,backend,CWAgent,diskio_write_bytes,name=nvme0n1p14,average,0.0
2026-09-30T15:39:00+00:00,backend,CWAgent,diskio_write_bytes,name=nvme0n1p14,average,0.0
2026-09-30T15:40:00+00:00,backend,CWAgent,diskio_write_bytes,name=nvme0n1p14,average,0.0
2026-09-30T15:41:00+00:00,backend,CWAgent,diskio_write_bytes,name=nvme0n1p14,average,0.0
2026-09-30T15:42:00+00:00,backend,CWAgent,diskio_write_bytes,name=nvme0n1p14,average,0.0
2026-09-30T15:43:00+00:00,backend,CWAgent,diskio_write_bytes,name=nvme0n1p14,average,0.0
2026-09-30T15:31:00+00:00,backend,CWAgent,diskio_write_bytes,name=nvme0n1p14,maximum,0.0
2026-09-30T15:32:00+00:00,backend,CWAgent,diskio_write_bytes,name=nvme0n1p14,maximum,0.0
2026-09-30T15:33:00+00:00,backend,CWAgent,diskio_write_bytes,name=nvme0n1p14,maximum,0.0
2026-09-30T15:34:00+00:00,backend,CWAgent,diskio_write_bytes,name=nvme0n1p14,maximum,0.0
2026-09-30T15:35:00+00:00,backend,CWAgent,diskio_write_bytes,name=nvme0n1p14,maximum,0.0
2026-09-30T15:36:00+00:00,backend,CWAgent,diskio_write_bytes,name=nvme0n1p14,maximum,0.0
2026-09-30T15:37:00+00:00,backend,CWAgent,diskio_write_bytes,name=nvme0n1p14,maximum,0.0
2026-09-30T15:38:00+00:00,backend,CWAgent,diskio_write_bytes,name=nvme0n1p14,maximum,0.0
2026-09-30T15:39:00+00:00,backend,CWAgent,diskio_write_bytes,name=nvme0n1p14,maximum,0.0
2026-09-30T15:40:00+00:00,backend,CWAgent,diskio_write_bytes,name=nvme0n1p14,maximum,0.0
2026-09-30T15:41:00+00:00,backend,CWAgent,diskio_write_bytes,name=nvme0n1p14,maximum,0.0
2026-09-30T15:42:00+00:00,backend,CWAgent,diskio_write_bytes,name=nvme0n1p14,maximum,0.0
2026-09-30T15:43:00+00:00,backend,CWAgent,diskio_write_bytes,name=nvme0n1p14,maximum,0.0
2026-09-30T15:31:00+00:00,backend,CWAgent,diskio_reads,name=nvme0n1p14,average,0.0
2026-09-30T15:32:00+00:00,backend,CWAgent,diskio_reads,name=nvme0n1p14,average,0.0
2026-09-30T15:33:00+00:00,backend,CWAgent,diskio_reads,name=nvme0n1p14,average,0.0
2026-09-30T15:34:00+00:00,backend,CWAgent,diskio_reads,name=nvme0n1p14,average,0.0
2026-09-30T15:35:00+00:00,backend,CWAgent,diskio_reads,name=nvme0n1p14,average,0.0
2026-09-30T15:36:00+00:00,backend,CWAgent,diskio_reads,name=nvme0n1p14,average,0.0
2026-09-30T15:37:00+00:00,backend,CWAgent,diskio_reads,name=nvme0n1p14,average,0.0
2026-09-30T15:38:00+00:00,backend,CWAgent,diskio_reads,name=nvme0n1p14,average,0.0
2026-09-30T15:39:00+00:00,backend,CWAgent,diskio_reads,name=nvme0n1p14,average,0.0
2026-09-30T15:40:00+00:00,backend,CWAgent,diskio_reads,name=nvme0n1p14,average,0.0
2026-09-30T15:41:00+00:00,backend,CWAgent,diskio_reads,name=nvme0n1p14,average,0.0
2026-09-30T15:42:00+00:00,backend,CWAgent,diskio_reads,name=nvme0n1p14,average,0.0
2026-09-30T15:43:00+00:00,backend,CWAgent,diskio_reads,name=nvme0n1p14,average,0.0
2026-09-30T15:31:00+00:00,backend,CWAgent,diskio_reads,name=nvme0n1p14,maximum,0.0
2026-09-30T15:32:00+00:00,backend,CWAgent,diskio_reads,name=nvme0n1p14,maximum,0.0
2026-09-30T15:33:00+00:00,backend,CWAgent,diskio_reads,name=nvme0n1p14,maximum,0.0
2026-09-30T15:34:00+00:00,backend,CWAgent,diskio_reads,name=nvme0n1p14,maximum,0.0
2026-09-30T15:35:00+00:00,backend,CWAgent,diskio_reads,name=nvme0n1p14,maximum,0.0
2026-09-30T15:36:00+00:00,backend,CWAgent,diskio_reads,name=nvme0n1p14,maximum,0.0
2026-09-30T15:37:00+00:00,backend,CWAgent,diskio_reads,name=nvme0n1p14,maximum,0.0
2026-09-30T15:38:00+00:00,backend,CWAgent,diskio_reads,name=nvme0n1p14,maximum,0.0
2026-09-30T15:39:00+00:00,backend,CWAgent,diskio_reads,name=nvme0n1p14,maximum,0.0
2026-09-30T15:40:00+00:00,backend,CWAgent,diskio_reads,name=nvme0n1p14,maximum,0.0
2026-09-30T15:41:00+00:00,backend,CWAgent,diskio_reads,name=nvme0n1p14,maximum,0.0
2026-09-30T15:42:00+00:00,backend,CWAgent,diskio_reads,name=nvme0n1p14,maximum,0.0
2026-09-30T15:43:00+00:00,backend,CWAgent,diskio_reads,name=nvme0n1p14,maximum,0.0
2026-09-30T15:31:00+00:00,backend,CWAgent,diskio_writes,name=nvme0n1,average,178.0
2026-09-30T15:32:00+00:00,backend,CWAgent,diskio_writes,name=nvme0n1,average,38.0
2026-09-30T15:33:00+00:00,backend,CWAgent,diskio_writes,name=nvme0n1,average,121.0
2026-09-30T15:34:00+00:00,backend,CWAgent,diskio_writes,name=nvme0n1,average,248.0
2026-09-30T15:35:00+00:00,backend,CWAgent,diskio_writes,name=nvme0n1,average,54.0
2026-09-30T15:36:00+00:00,backend,CWAgent,diskio_writes,name=nvme0n1,average,65.0
2026-09-30T15:37:00+00:00,backend,CWAgent,diskio_writes,name=nvme0n1,average,120.0
2026-09-30T15:38:00+00:00,backend,CWAgent,diskio_writes,name=nvme0n1,average,47.0
2026-09-30T15:39:00+00:00,backend,CWAgent,diskio_writes,name=nvme0n1,average,57.0
2026-09-30T15:40:00+00:00,backend,CWAgent,diskio_writes,name=nvme0n1,average,629.0
2026-09-30T15:41:00+00:00,backend,CWAgent,diskio_writes,name=nvme0n1,average,1351.0
2026-09-30T15:42:00+00:00,backend,CWAgent,diskio_writes,name=nvme0n1,average,133.0
2026-09-30T15:43:00+00:00,backend,CWAgent,diskio_writes,name=nvme0n1,average,48.0
2026-09-30T15:31:00+00:00,backend,CWAgent,diskio_writes,name=nvme0n1,maximum,178.0
2026-09-30T15:32:00+00:00,backend,CWAgent,diskio_writes,name=nvme0n1,maximum,38.0
2026-09-30T15:33:00+00:00,backend,CWAgent,diskio_writes,name=nvme0n1,maximum,121.0
2026-09-30T15:34:00+00:00,backend,CWAgent,diskio_writes,name=nvme0n1,maximum,248.0
2026-09-30T15:35:00+00:00,backend,CWAgent,diskio_writes,name=nvme0n1,maximum,54.0
2026-09-30T15:36:00+00:00,backend,CWAgent,diskio_writes,name=nvme0n1,maximum,65.0
2026-09-30T15:37:00+00:00,backend,CWAgent,diskio_writes,name=nvme0n1,maximum,120.0
2026-09-30T15:38:00+00:00,backend,CWAgent,diskio_writes,name=nvme0n1,maximum,47.0
2026-09-30T15:39:00+00:00,backend,CWAgent,diskio_writes,name=nvme0n1,maximum,57.0
2026-09-30T15:40:00+00:00,backend,CWAgent,diskio_writes,name=nvme0n1,maximum,629.0
2026-09-30T15:41:00+00:00,backend,CWAgent,diskio_writes,name=nvme0n1,maximum,1351.0
2026-09-30T15:42:00+00:00,backend,CWAgent,diskio_writes,name=nvme0n1,maximum,133.0
2026-09-30T15:43:00+00:00,backend,CWAgent,diskio_writes,name=nvme0n1,maximum,48.0
2026-09-30T15:31:00+00:00,backend,CWAgent,cpu_usage_user,cpu=cpu-total,average,8.69382964453392
2026-09-30T15:32:00+00:00,backend,CWAgent,cpu_usage_user,cpu=cpu-total,average,1.4085687934936328
2026-09-30T15:33:00+00:00,backend,CWAgent,cpu_usage_user,cpu=cpu-total,average,2.4911927528938085
2026-09-30T15:34:00+00:00,backend,CWAgent,cpu_usage_user,cpu=cpu-total,average,19.26543104914154
2026-09-30T15:35:00+00:00,backend,CWAgent,cpu_usage_user,cpu=cpu-total,average,39.400136332651286
2026-09-30T15:36:00+00:00,backend,CWAgent,cpu_usage_user,cpu=cpu-total,average,45.95172885997945
2026-09-30T15:37:00+00:00,backend,CWAgent,cpu_usage_user,cpu=cpu-total,average,47.22481937951561
2026-09-30T15:38:00+00:00,backend,CWAgent,cpu_usage_user,cpu=cpu-total,average,47.11341961852873
2026-09-30T15:39:00+00:00,backend,CWAgent,cpu_usage_user,cpu=cpu-total,average,47.12595097210511
2026-09-30T15:40:00+00:00,backend,CWAgent,cpu_usage_user,cpu=cpu-total,average,45.64491907225039
2026-09-30T15:41:00+00:00,backend,CWAgent,cpu_usage_user,cpu=cpu-total,average,33.17687747035643
2026-09-30T15:42:00+00:00,backend,CWAgent,cpu_usage_user,cpu=cpu-total,average,10.78153641059786
2026-09-30T15:43:00+00:00,backend,CWAgent,cpu_usage_user,cpu=cpu-total,average,1.4915367856545985
2026-09-30T15:31:00+00:00,backend,CWAgent,cpu_usage_user,cpu=cpu-total,maximum,8.69382964453392
2026-09-30T15:32:00+00:00,backend,CWAgent,cpu_usage_user,cpu=cpu-total,maximum,1.4085687934936328
2026-09-30T15:33:00+00:00,backend,CWAgent,cpu_usage_user,cpu=cpu-total,maximum,2.4911927528938085
2026-09-30T15:34:00+00:00,backend,CWAgent,cpu_usage_user,cpu=cpu-total,maximum,19.26543104914154
2026-09-30T15:35:00+00:00,backend,CWAgent,cpu_usage_user,cpu=cpu-total,maximum,39.400136332651286
2026-09-30T15:36:00+00:00,backend,CWAgent,cpu_usage_user,cpu=cpu-total,maximum,45.95172885997945
2026-09-30T15:37:00+00:00,backend,CWAgent,cpu_usage_user,cpu=cpu-total,maximum,47.22481937951561
2026-09-30T15:38:00+00:00,backend,CWAgent,cpu_usage_user,cpu=cpu-total,maximum,47.11341961852873
2026-09-30T15:39:00+00:00,backend,CWAgent,cpu_usage_user,cpu=cpu-total,maximum,47.12595097210511
2026-09-30T15:40:00+00:00,backend,CWAgent,cpu_usage_user,cpu=cpu-total,maximum,45.64491907225039
2026-09-30T15:41:00+00:00,backend,CWAgent,cpu_usage_user,cpu=cpu-total,maximum,33.17687747035643
2026-09-30T15:42:00+00:00,backend,CWAgent,cpu_usage_user,cpu=cpu-total,maximum,10.78153641059786
2026-09-30T15:43:00+00:00,backend,CWAgent,cpu_usage_user,cpu=cpu-total,maximum,1.4915367856545985
2026-09-30T15:31:00+00:00,backend,CWAgent,procstat_memory_rss,exe=java;process_name=java,average,527282176.0
2026-09-30T15:32:00+00:00,backend,CWAgent,procstat_memory_rss,exe=java;process_name=java,average,509448192.0
2026-09-30T15:33:00+00:00,backend,CWAgent,procstat_memory_rss,exe=java;process_name=java,average,509304832.0
2026-09-30T15:34:00+00:00,backend,CWAgent,procstat_memory_rss,exe=java;process_name=java,average,514297856.0
2026-09-30T15:35:00+00:00,backend,CWAgent,procstat_memory_rss,exe=java;process_name=java,average,518434816.0
2026-09-30T15:36:00+00:00,backend,CWAgent,procstat_memory_rss,exe=java;process_name=java,average,523120640.0
2026-09-30T15:37:00+00:00,backend,CWAgent,procstat_memory_rss,exe=java;process_name=java,average,521891840.0
2026-09-30T15:38:00+00:00,backend,CWAgent,procstat_memory_rss,exe=java;process_name=java,average,522018816.0
2026-09-30T15:39:00+00:00,backend,CWAgent,procstat_memory_rss,exe=java;process_name=java,average,522256384.0
2026-09-30T15:40:00+00:00,backend,CWAgent,procstat_memory_rss,exe=java;process_name=java,average,588333056.0
2026-09-30T15:41:00+00:00,backend,CWAgent,procstat_memory_rss,exe=java;process_name=java,average,574291968.0
2026-09-30T15:42:00+00:00,backend,CWAgent,procstat_memory_rss,exe=java;process_name=java,average,587038720.0
2026-09-30T15:43:00+00:00,backend,CWAgent,procstat_memory_rss,exe=java;process_name=java,average,577437696.0
2026-09-30T15:31:00+00:00,backend,CWAgent,procstat_memory_rss,exe=java;process_name=java,maximum,527282176.0
2026-09-30T15:32:00+00:00,backend,CWAgent,procstat_memory_rss,exe=java;process_name=java,maximum,509448192.0
2026-09-30T15:33:00+00:00,backend,CWAgent,procstat_memory_rss,exe=java;process_name=java,maximum,509304832.0
2026-09-30T15:34:00+00:00,backend,CWAgent,procstat_memory_rss,exe=java;process_name=java,maximum,514297856.0
2026-09-30T15:35:00+00:00,backend,CWAgent,procstat_memory_rss,exe=java;process_name=java,maximum,518434816.0
2026-09-30T15:36:00+00:00,backend,CWAgent,procstat_memory_rss,exe=java;process_name=java,maximum,523120640.0
2026-09-30T15:37:00+00:00,backend,CWAgent,procstat_memory_rss,exe=java;process_name=java,maximum,521891840.0
2026-09-30T15:38:00+00:00,backend,CWAgent,procstat_memory_rss,exe=java;process_name=java,maximum,522018816.0
2026-09-30T15:39:00+00:00,backend,CWAgent,procstat_memory_rss,exe=java;process_name=java,maximum,522256384.0
2026-09-30T15:40:00+00:00,backend,CWAgent,procstat_memory_rss,exe=java;process_name=java,maximum,588333056.0
2026-09-30T15:41:00+00:00,backend,CWAgent,procstat_memory_rss,exe=java;process_name=java,maximum,574291968.0
2026-09-30T15:42:00+00:00,backend,CWAgent,procstat_memory_rss,exe=java;process_name=java,maximum,587038720.0
2026-09-30T15:43:00+00:00,backend,CWAgent,procstat_memory_rss,exe=java;process_name=java,maximum,577437696.0
2026-09-30T15:31:00+00:00,backend,CWAgent,diskio_reads,name=nvme0n1p1,average,398.0
2026-09-30T15:32:00+00:00,backend,CWAgent,diskio_reads,name=nvme0n1p1,average,303.0
2026-09-30T15:33:00+00:00,backend,CWAgent,diskio_reads,name=nvme0n1p1,average,263.0
2026-09-30T15:34:00+00:00,backend,CWAgent,diskio_reads,name=nvme0n1p1,average,106.0
2026-09-30T15:35:00+00:00,backend,CWAgent,diskio_reads,name=nvme0n1p1,average,73.0
2026-09-30T15:36:00+00:00,backend,CWAgent,diskio_reads,name=nvme0n1p1,average,32.0
2026-09-30T15:37:00+00:00,backend,CWAgent,diskio_reads,name=nvme0n1p1,average,249.0
2026-09-30T15:38:00+00:00,backend,CWAgent,diskio_reads,name=nvme0n1p1,average,48.0
2026-09-30T15:39:00+00:00,backend,CWAgent,diskio_reads,name=nvme0n1p1,average,65.0
2026-09-30T15:40:00+00:00,backend,CWAgent,diskio_reads,name=nvme0n1p1,average,15321.0
2026-09-30T15:41:00+00:00,backend,CWAgent,diskio_reads,name=nvme0n1p1,average,795.0
2026-09-30T15:42:00+00:00,backend,CWAgent,diskio_reads,name=nvme0n1p1,average,1908.0
2026-09-30T15:43:00+00:00,backend,CWAgent,diskio_reads,name=nvme0n1p1,average,119.0
2026-09-30T15:31:00+00:00,backend,CWAgent,diskio_reads,name=nvme0n1p1,maximum,398.0
2026-09-30T15:32:00+00:00,backend,CWAgent,diskio_reads,name=nvme0n1p1,maximum,303.0
2026-09-30T15:33:00+00:00,backend,CWAgent,diskio_reads,name=nvme0n1p1,maximum,263.0
2026-09-30T15:34:00+00:00,backend,CWAgent,diskio_reads,name=nvme0n1p1,maximum,106.0
2026-09-30T15:35:00+00:00,backend,CWAgent,diskio_reads,name=nvme0n1p1,maximum,73.0
2026-09-30T15:36:00+00:00,backend,CWAgent,diskio_reads,name=nvme0n1p1,maximum,32.0
2026-09-30T15:37:00+00:00,backend,CWAgent,diskio_reads,name=nvme0n1p1,maximum,249.0
2026-09-30T15:38:00+00:00,backend,CWAgent,diskio_reads,name=nvme0n1p1,maximum,48.0
2026-09-30T15:39:00+00:00,backend,CWAgent,diskio_reads,name=nvme0n1p1,maximum,65.0
2026-09-30T15:40:00+00:00,backend,CWAgent,diskio_reads,name=nvme0n1p1,maximum,15321.0
2026-09-30T15:41:00+00:00,backend,CWAgent,diskio_reads,name=nvme0n1p1,maximum,795.0
2026-09-30T15:42:00+00:00,backend,CWAgent,diskio_reads,name=nvme0n1p1,maximum,1908.0
2026-09-30T15:43:00+00:00,backend,CWAgent,diskio_reads,name=nvme0n1p1,maximum,119.0
2026-09-30T15:31:00+00:00,backend,CWAgent,diskio_read_bytes,name=nvme0n1,average,7831552.0
2026-09-30T15:32:00+00:00,backend,CWAgent,diskio_read_bytes,name=nvme0n1,average,3596288.0
2026-09-30T15:33:00+00:00,backend,CWAgent,diskio_read_bytes,name=nvme0n1,average,11091968.0
2026-09-30T15:34:00+00:00,backend,CWAgent,diskio_read_bytes,name=nvme0n1,average,1286144.0
2026-09-30T15:35:00+00:00,backend,CWAgent,diskio_read_bytes,name=nvme0n1,average,610304.0
2026-09-30T15:36:00+00:00,backend,CWAgent,diskio_read_bytes,name=nvme0n1,average,299008.0
2026-09-30T15:37:00+00:00,backend,CWAgent,diskio_read_bytes,name=nvme0n1,average,2572288.0
2026-09-30T15:38:00+00:00,backend,CWAgent,diskio_read_bytes,name=nvme0n1,average,499712.0
2026-09-30T15:39:00+00:00,backend,CWAgent,diskio_read_bytes,name=nvme0n1,average,495616.0
2026-09-30T15:40:00+00:00,backend,CWAgent,diskio_read_bytes,name=nvme0n1,average,89337856.0
2026-09-30T15:41:00+00:00,backend,CWAgent,diskio_read_bytes,name=nvme0n1,average,7966720.0
2026-09-30T15:42:00+00:00,backend,CWAgent,diskio_read_bytes,name=nvme0n1,average,15679488.0
2026-09-30T15:43:00+00:00,backend,CWAgent,diskio_read_bytes,name=nvme0n1,average,1126400.0
2026-09-30T15:31:00+00:00,backend,CWAgent,diskio_read_bytes,name=nvme0n1,maximum,7831552.0
2026-09-30T15:32:00+00:00,backend,CWAgent,diskio_read_bytes,name=nvme0n1,maximum,3596288.0
2026-09-30T15:33:00+00:00,backend,CWAgent,diskio_read_bytes,name=nvme0n1,maximum,11091968.0
2026-09-30T15:34:00+00:00,backend,CWAgent,diskio_read_bytes,name=nvme0n1,maximum,1286144.0
2026-09-30T15:35:00+00:00,backend,CWAgent,diskio_read_bytes,name=nvme0n1,maximum,610304.0
2026-09-30T15:36:00+00:00,backend,CWAgent,diskio_read_bytes,name=nvme0n1,maximum,299008.0
2026-09-30T15:37:00+00:00,backend,CWAgent,diskio_read_bytes,name=nvme0n1,maximum,2572288.0
2026-09-30T15:38:00+00:00,backend,CWAgent,diskio_read_bytes,name=nvme0n1,maximum,499712.0
2026-09-30T15:39:00+00:00,backend,CWAgent,diskio_read_bytes,name=nvme0n1,maximum,495616.0
2026-09-30T15:40:00+00:00,backend,CWAgent,diskio_read_bytes,name=nvme0n1,maximum,89337856.0
2026-09-30T15:41:00+00:00,backend,CWAgent,diskio_read_bytes,name=nvme0n1,maximum,7966720.0
2026-09-30T15:42:00+00:00,backend,CWAgent,diskio_read_bytes,name=nvme0n1,maximum,15679488.0
2026-09-30T15:43:00+00:00,backend,CWAgent,diskio_read_bytes,name=nvme0n1,maximum,1126400.0
2026-09-30T15:31:00+00:00,backend,CWAgent,diskio_read_bytes,name=nvme0n1p15,average,0.0
2026-09-30T15:32:00+00:00,backend,CWAgent,diskio_read_bytes,name=nvme0n1p15,average,0.0
2026-09-30T15:33:00+00:00,backend,CWAgent,diskio_read_bytes,name=nvme0n1p15,average,0.0
2026-09-30T15:34:00+00:00,backend,CWAgent,diskio_read_bytes,name=nvme0n1p15,average,0.0
2026-09-30T15:35:00+00:00,backend,CWAgent,diskio_read_bytes,name=nvme0n1p15,average,0.0
2026-09-30T15:36:00+00:00,backend,CWAgent,diskio_read_bytes,name=nvme0n1p15,average,0.0
2026-09-30T15:37:00+00:00,backend,CWAgent,diskio_read_bytes,name=nvme0n1p15,average,0.0
2026-09-30T15:38:00+00:00,backend,CWAgent,diskio_read_bytes,name=nvme0n1p15,average,0.0
2026-09-30T15:39:00+00:00,backend,CWAgent,diskio_read_bytes,name=nvme0n1p15,average,0.0
2026-09-30T15:40:00+00:00,backend,CWAgent,diskio_read_bytes,name=nvme0n1p15,average,0.0
2026-09-30T15:41:00+00:00,backend,CWAgent,diskio_read_bytes,name=nvme0n1p15,average,0.0
2026-09-30T15:42:00+00:00,backend,CWAgent,diskio_read_bytes,name=nvme0n1p15,average,0.0
2026-09-30T15:43:00+00:00,backend,CWAgent,diskio_read_bytes,name=nvme0n1p15,average,0.0
2026-09-30T15:31:00+00:00,backend,CWAgent,diskio_read_bytes,name=nvme0n1p15,maximum,0.0
2026-09-30T15:32:00+00:00,backend,CWAgent,diskio_read_bytes,name=nvme0n1p15,maximum,0.0
2026-09-30T15:33:00+00:00,backend,CWAgent,diskio_read_bytes,name=nvme0n1p15,maximum,0.0
2026-09-30T15:34:00+00:00,backend,CWAgent,diskio_read_bytes,name=nvme0n1p15,maximum,0.0
2026-09-30T15:35:00+00:00,backend,CWAgent,diskio_read_bytes,name=nvme0n1p15,maximum,0.0
2026-09-30T15:36:00+00:00,backend,CWAgent,diskio_read_bytes,name=nvme0n1p15,maximum,0.0
2026-09-30T15:37:00+00:00,backend,CWAgent,diskio_read_bytes,name=nvme0n1p15,maximum,0.0
2026-09-30T15:38:00+00:00,backend,CWAgent,diskio_read_bytes,name=nvme0n1p15,maximum,0.0
2026-09-30T15:39:00+00:00,backend,CWAgent,diskio_read_bytes,name=nvme0n1p15,maximum,0.0
2026-09-30T15:40:00+00:00,backend,CWAgent,diskio_read_bytes,name=nvme0n1p15,maximum,0.0
2026-09-30T15:41:00+00:00,backend,CWAgent,diskio_read_bytes,name=nvme0n1p15,maximum,0.0
2026-09-30T15:42:00+00:00,backend,CWAgent,diskio_read_bytes,name=nvme0n1p15,maximum,0.0
2026-09-30T15:43:00+00:00,backend,CWAgent,diskio_read_bytes,name=nvme0n1p15,maximum,0.0
2026-09-30T15:31:00+00:00,backend,CWAgent,procstat_cpu_usage,exe=dockerd;process_name=dockerd,average,0.08333317797389601
2026-09-30T15:32:00+00:00,backend,CWAgent,procstat_cpu_usage,exe=dockerd;process_name=dockerd,average,0.11666742787885599
2026-09-30T15:33:00+00:00,backend,CWAgent,procstat_cpu_usage,exe=dockerd;process_name=dockerd,average,0.08333297221406608
2026-09-30T15:34:00+00:00,backend,CWAgent,procstat_cpu_usage,exe=dockerd;process_name=dockerd,average,0.09999842821304264
2026-09-30T15:35:00+00:00,backend,CWAgent,procstat_cpu_usage,exe=dockerd;process_name=dockerd,average,0.09999886571119747
2026-09-30T15:36:00+00:00,backend,CWAgent,procstat_cpu_usage,exe=dockerd;process_name=dockerd,average,0.11666638156708606
2026-09-30T15:37:00+00:00,backend,CWAgent,procstat_cpu_usage,exe=dockerd;process_name=dockerd,average,0.09996095237645623
2026-09-30T15:38:00+00:00,backend,CWAgent,procstat_cpu_usage,exe=dockerd;process_name=dockerd,average,0.1333786080193747
2026-09-30T15:39:00+00:00,backend,CWAgent,procstat_cpu_usage,exe=dockerd;process_name=dockerd,average,0.10000754515591535
2026-09-30T15:40:00+00:00,backend,CWAgent,procstat_cpu_usage,exe=dockerd;process_name=dockerd,average,0.1333336386362577
2026-09-30T15:41:00+00:00,backend,CWAgent,procstat_cpu_usage,exe=dockerd;process_name=dockerd,average,0.08333258188177146
2026-09-30T15:42:00+00:00,backend,CWAgent,procstat_cpu_usage,exe=dockerd;process_name=dockerd,average,0.11666477257325175
2026-09-30T15:43:00+00:00,backend,CWAgent,procstat_cpu_usage,exe=dockerd;process_name=dockerd,average,0.06666678449576238
2026-09-30T15:31:00+00:00,backend,CWAgent,procstat_cpu_usage,exe=dockerd;process_name=dockerd,maximum,0.08333317797389601
2026-09-30T15:32:00+00:00,backend,CWAgent,procstat_cpu_usage,exe=dockerd;process_name=dockerd,maximum,0.11666742787885599
2026-09-30T15:33:00+00:00,backend,CWAgent,procstat_cpu_usage,exe=dockerd;process_name=dockerd,maximum,0.08333297221406608
2026-09-30T15:34:00+00:00,backend,CWAgent,procstat_cpu_usage,exe=dockerd;process_name=dockerd,maximum,0.09999842821304264
2026-09-30T15:35:00+00:00,backend,CWAgent,procstat_cpu_usage,exe=dockerd;process_name=dockerd,maximum,0.09999886571119747
2026-09-30T15:36:00+00:00,backend,CWAgent,procstat_cpu_usage,exe=dockerd;process_name=dockerd,maximum,0.11666638156708606
2026-09-30T15:37:00+00:00,backend,CWAgent,procstat_cpu_usage,exe=dockerd;process_name=dockerd,maximum,0.09996095237645623
2026-09-30T15:38:00+00:00,backend,CWAgent,procstat_cpu_usage,exe=dockerd;process_name=dockerd,maximum,0.1333786080193747
2026-09-30T15:39:00+00:00,backend,CWAgent,procstat_cpu_usage,exe=dockerd;process_name=dockerd,maximum,0.10000754515591535
2026-09-30T15:40:00+00:00,backend,CWAgent,procstat_cpu_usage,exe=dockerd;process_name=dockerd,maximum,0.1333336386362577
2026-09-30T15:41:00+00:00,backend,CWAgent,procstat_cpu_usage,exe=dockerd;process_name=dockerd,maximum,0.08333258188177146
2026-09-30T15:42:00+00:00,backend,CWAgent,procstat_cpu_usage,exe=dockerd;process_name=dockerd,maximum,0.11666477257325175
2026-09-30T15:43:00+00:00,backend,CWAgent,procstat_cpu_usage,exe=dockerd;process_name=dockerd,maximum,0.06666678449576238
2026-09-30T15:31:00+00:00,backend,CWAgent,diskio_writes,name=nvme0n1p14,average,0.0
2026-09-30T15:32:00+00:00,backend,CWAgent,diskio_writes,name=nvme0n1p14,average,0.0
2026-09-30T15:33:00+00:00,backend,CWAgent,diskio_writes,name=nvme0n1p14,average,0.0
2026-09-30T15:34:00+00:00,backend,CWAgent,diskio_writes,name=nvme0n1p14,average,0.0
2026-09-30T15:35:00+00:00,backend,CWAgent,diskio_writes,name=nvme0n1p14,average,0.0
2026-09-30T15:36:00+00:00,backend,CWAgent,diskio_writes,name=nvme0n1p14,average,0.0
2026-09-30T15:37:00+00:00,backend,CWAgent,diskio_writes,name=nvme0n1p14,average,0.0
2026-09-30T15:38:00+00:00,backend,CWAgent,diskio_writes,name=nvme0n1p14,average,0.0
2026-09-30T15:39:00+00:00,backend,CWAgent,diskio_writes,name=nvme0n1p14,average,0.0
2026-09-30T15:40:00+00:00,backend,CWAgent,diskio_writes,name=nvme0n1p14,average,0.0
2026-09-30T15:41:00+00:00,backend,CWAgent,diskio_writes,name=nvme0n1p14,average,0.0
2026-09-30T15:42:00+00:00,backend,CWAgent,diskio_writes,name=nvme0n1p14,average,0.0
2026-09-30T15:43:00+00:00,backend,CWAgent,diskio_writes,name=nvme0n1p14,average,0.0
2026-09-30T15:31:00+00:00,backend,CWAgent,diskio_writes,name=nvme0n1p14,maximum,0.0
2026-09-30T15:32:00+00:00,backend,CWAgent,diskio_writes,name=nvme0n1p14,maximum,0.0
2026-09-30T15:33:00+00:00,backend,CWAgent,diskio_writes,name=nvme0n1p14,maximum,0.0
2026-09-30T15:34:00+00:00,backend,CWAgent,diskio_writes,name=nvme0n1p14,maximum,0.0
2026-09-30T15:35:00+00:00,backend,CWAgent,diskio_writes,name=nvme0n1p14,maximum,0.0
2026-09-30T15:36:00+00:00,backend,CWAgent,diskio_writes,name=nvme0n1p14,maximum,0.0
2026-09-30T15:37:00+00:00,backend,CWAgent,diskio_writes,name=nvme0n1p14,maximum,0.0
2026-09-30T15:38:00+00:00,backend,CWAgent,diskio_writes,name=nvme0n1p14,maximum,0.0
2026-09-30T15:39:00+00:00,backend,CWAgent,diskio_writes,name=nvme0n1p14,maximum,0.0
2026-09-30T15:40:00+00:00,backend,CWAgent,diskio_writes,name=nvme0n1p14,maximum,0.0
2026-09-30T15:41:00+00:00,backend,CWAgent,diskio_writes,name=nvme0n1p14,maximum,0.0
2026-09-30T15:42:00+00:00,backend,CWAgent,diskio_writes,name=nvme0n1p14,maximum,0.0
2026-09-30T15:43:00+00:00,backend,CWAgent,diskio_writes,name=nvme0n1p14,maximum,0.0
2026-09-30T15:31:00+00:00,backend,CWAgent,diskio_read_bytes,name=nvme0n1p14,average,0.0
2026-09-30T15:32:00+00:00,backend,CWAgent,diskio_read_bytes,name=nvme0n1p14,average,0.0
2026-09-30T15:33:00+00:00,backend,CWAgent,diskio_read_bytes,name=nvme0n1p14,average,0.0
2026-09-30T15:34:00+00:00,backend,CWAgent,diskio_read_bytes,name=nvme0n1p14,average,0.0
2026-09-30T15:35:00+00:00,backend,CWAgent,diskio_read_bytes,name=nvme0n1p14,average,0.0
2026-09-30T15:36:00+00:00,backend,CWAgent,diskio_read_bytes,name=nvme0n1p14,average,0.0
2026-09-30T15:37:00+00:00,backend,CWAgent,diskio_read_bytes,name=nvme0n1p14,average,0.0
2026-09-30T15:38:00+00:00,backend,CWAgent,diskio_read_bytes,name=nvme0n1p14,average,0.0
2026-09-30T15:39:00+00:00,backend,CWAgent,diskio_read_bytes,name=nvme0n1p14,average,0.0
2026-09-30T15:40:00+00:00,backend,CWAgent,diskio_read_bytes,name=nvme0n1p14,average,0.0
2026-09-30T15:41:00+00:00,backend,CWAgent,diskio_read_bytes,name=nvme0n1p14,average,0.0
2026-09-30T15:42:00+00:00,backend,CWAgent,diskio_read_bytes,name=nvme0n1p14,average,0.0
2026-09-30T15:43:00+00:00,backend,CWAgent,diskio_read_bytes,name=nvme0n1p14,average,0.0
2026-09-30T15:31:00+00:00,backend,CWAgent,diskio_read_bytes,name=nvme0n1p14,maximum,0.0
2026-09-30T15:32:00+00:00,backend,CWAgent,diskio_read_bytes,name=nvme0n1p14,maximum,0.0
2026-09-30T15:33:00+00:00,backend,CWAgent,diskio_read_bytes,name=nvme0n1p14,maximum,0.0
2026-09-30T15:34:00+00:00,backend,CWAgent,diskio_read_bytes,name=nvme0n1p14,maximum,0.0
2026-09-30T15:35:00+00:00,backend,CWAgent,diskio_read_bytes,name=nvme0n1p14,maximum,0.0
2026-09-30T15:36:00+00:00,backend,CWAgent,diskio_read_bytes,name=nvme0n1p14,maximum,0.0
2026-09-30T15:37:00+00:00,backend,CWAgent,diskio_read_bytes,name=nvme0n1p14,maximum,0.0
2026-09-30T15:38:00+00:00,backend,CWAgent,diskio_read_bytes,name=nvme0n1p14,maximum,0.0
2026-09-30T15:39:00+00:00,backend,CWAgent,diskio_read_bytes,name=nvme0n1p14,maximum,0.0
2026-09-30T15:40:00+00:00,backend,CWAgent,diskio_read_bytes,name=nvme0n1p14,maximum,0.0
2026-09-30T15:41:00+00:00,backend,CWAgent,diskio_read_bytes,name=nvme0n1p14,maximum,0.0
2026-09-30T15:42:00+00:00,backend,CWAgent,diskio_read_bytes,name=nvme0n1p14,maximum,0.0
2026-09-30T15:43:00+00:00,backend,CWAgent,diskio_read_bytes,name=nvme0n1p14,maximum,0.0
2026-09-30T15:31:00+00:00,backend,CWAgent,cpu_usage_system,cpu=cpu-total,average,3.8480885311870807
2026-09-30T15:32:00+00:00,backend,CWAgent,cpu_usage_system,cpu=cpu-total,average,2.3140773035969477
2026-09-30T15:33:00+00:00,backend,CWAgent,cpu_usage_system,cpu=cpu-total,average,2.3485992283173354
2026-09-30T15:34:00+00:00,backend,CWAgent,cpu_usage_system,cpu=cpu-total,average,6.589015473558976
2026-09-30T15:35:00+00:00,backend,CWAgent,cpu_usage_system,cpu=cpu-total,average,11.937627811860922
2026-09-30T15:36:00+00:00,backend,CWAgent,cpu_usage_system,cpu=cpu-total,average,13.146182814104705
2026-09-30T15:37:00+00:00,backend,CWAgent,cpu_usage_system,cpu=cpu-total,average,12.53718657033578
2026-09-30T15:38:00+00:00,backend,CWAgent,cpu_usage_system,cpu=cpu-total,average,12.431880108991791
2026-09-30T15:39:00+00:00,backend,CWAgent,cpu_usage_system,cpu=cpu-total,average,12.231614539306896
2026-09-30T15:40:00+00:00,backend,CWAgent,cpu_usage_system,cpu=cpu-total,average,12.314366761221358
2026-09-30T15:41:00+00:00,backend,CWAgent,cpu_usage_system,cpu=cpu-total,average,9.757905138340044
2026-09-30T15:42:00+00:00,backend,CWAgent,cpu_usage_system,cpu=cpu-total,average,4.965839026828874
2026-09-30T15:43:00+00:00,backend,CWAgent,cpu_usage_system,cpu=cpu-total,average,2.6897938662643863
2026-09-30T15:31:00+00:00,backend,CWAgent,cpu_usage_system,cpu=cpu-total,maximum,3.8480885311870807
2026-09-30T15:32:00+00:00,backend,CWAgent,cpu_usage_system,cpu=cpu-total,maximum,2.3140773035969477
2026-09-30T15:33:00+00:00,backend,CWAgent,cpu_usage_system,cpu=cpu-total,maximum,2.3485992283173354
2026-09-30T15:34:00+00:00,backend,CWAgent,cpu_usage_system,cpu=cpu-total,maximum,6.589015473558976
2026-09-30T15:35:00+00:00,backend,CWAgent,cpu_usage_system,cpu=cpu-total,maximum,11.937627811860922
2026-09-30T15:36:00+00:00,backend,CWAgent,cpu_usage_system,cpu=cpu-total,maximum,13.146182814104705
2026-09-30T15:37:00+00:00,backend,CWAgent,cpu_usage_system,cpu=cpu-total,maximum,12.53718657033578
2026-09-30T15:38:00+00:00,backend,CWAgent,cpu_usage_system,cpu=cpu-total,maximum,12.431880108991791
2026-09-30T15:39:00+00:00,backend,CWAgent,cpu_usage_system,cpu=cpu-total,maximum,12.231614539306896
2026-09-30T15:40:00+00:00,backend,CWAgent,cpu_usage_system,cpu=cpu-total,maximum,12.314366761221358
2026-09-30T15:41:00+00:00,backend,CWAgent,cpu_usage_system,cpu=cpu-total,maximum,9.757905138340044
2026-09-30T15:42:00+00:00,backend,CWAgent,cpu_usage_system,cpu=cpu-total,maximum,4.965839026828874
2026-09-30T15:43:00+00:00,backend,CWAgent,cpu_usage_system,cpu=cpu-total,maximum,2.6897938662643863
2026-09-30T15:31:00+00:00,backend,CWAgent,diskio_write_bytes,name=nvme0n1,average,1155072.0
2026-09-30T15:32:00+00:00,backend,CWAgent,diskio_write_bytes,name=nvme0n1,average,200704.0
2026-09-30T15:33:00+00:00,backend,CWAgent,diskio_write_bytes,name=nvme0n1,average,798720.0
2026-09-30T15:34:00+00:00,backend,CWAgent,diskio_write_bytes,name=nvme0n1,average,1630208.0
2026-09-30T15:35:00+00:00,backend,CWAgent,diskio_write_bytes,name=nvme0n1,average,598016.0
2026-09-30T15:36:00+00:00,backend,CWAgent,diskio_write_bytes,name=nvme0n1,average,679936.0
2026-09-30T15:37:00+00:00,backend,CWAgent,diskio_write_bytes,name=nvme0n1,average,1638400.0
2026-09-30T15:38:00+00:00,backend,CWAgent,diskio_write_bytes,name=nvme0n1,average,577536.0
2026-09-30T15:39:00+00:00,backend,CWAgent,diskio_write_bytes,name=nvme0n1,average,589824.0
2026-09-30T15:40:00+00:00,backend,CWAgent,diskio_write_bytes,name=nvme0n1,average,8900608.0
2026-09-30T15:41:00+00:00,backend,CWAgent,diskio_write_bytes,name=nvme0n1,average,16281600.0
2026-09-30T15:42:00+00:00,backend,CWAgent,diskio_write_bytes,name=nvme0n1,average,1794048.0
2026-09-30T15:43:00+00:00,backend,CWAgent,diskio_write_bytes,name=nvme0n1,average,274432.0
2026-09-30T15:31:00+00:00,backend,CWAgent,diskio_write_bytes,name=nvme0n1,maximum,1155072.0
2026-09-30T15:32:00+00:00,backend,CWAgent,diskio_write_bytes,name=nvme0n1,maximum,200704.0
2026-09-30T15:33:00+00:00,backend,CWAgent,diskio_write_bytes,name=nvme0n1,maximum,798720.0
2026-09-30T15:34:00+00:00,backend,CWAgent,diskio_write_bytes,name=nvme0n1,maximum,1630208.0
2026-09-30T15:35:00+00:00,backend,CWAgent,diskio_write_bytes,name=nvme0n1,maximum,598016.0
2026-09-30T15:36:00+00:00,backend,CWAgent,diskio_write_bytes,name=nvme0n1,maximum,679936.0
2026-09-30T15:37:00+00:00,backend,CWAgent,diskio_write_bytes,name=nvme0n1,maximum,1638400.0
2026-09-30T15:38:00+00:00,backend,CWAgent,diskio_write_bytes,name=nvme0n1,maximum,577536.0
2026-09-30T15:39:00+00:00,backend,CWAgent,diskio_write_bytes,name=nvme0n1,maximum,589824.0
2026-09-30T15:40:00+00:00,backend,CWAgent,diskio_write_bytes,name=nvme0n1,maximum,8900608.0
2026-09-30T15:41:00+00:00,backend,CWAgent,diskio_write_bytes,name=nvme0n1,maximum,16281600.0
2026-09-30T15:42:00+00:00,backend,CWAgent,diskio_write_bytes,name=nvme0n1,maximum,1794048.0
2026-09-30T15:43:00+00:00,backend,CWAgent,diskio_write_bytes,name=nvme0n1,maximum,274432.0
2026-09-30T15:31:00+00:00,backend,CWAgent,diskio_write_bytes,name=nvme0n1p15,average,0.0
2026-09-30T15:32:00+00:00,backend,CWAgent,diskio_write_bytes,name=nvme0n1p15,average,0.0
2026-09-30T15:33:00+00:00,backend,CWAgent,diskio_write_bytes,name=nvme0n1p15,average,0.0
2026-09-30T15:34:00+00:00,backend,CWAgent,diskio_write_bytes,name=nvme0n1p15,average,0.0
2026-09-30T15:35:00+00:00,backend,CWAgent,diskio_write_bytes,name=nvme0n1p15,average,0.0
2026-09-30T15:36:00+00:00,backend,CWAgent,diskio_write_bytes,name=nvme0n1p15,average,0.0
2026-09-30T15:37:00+00:00,backend,CWAgent,diskio_write_bytes,name=nvme0n1p15,average,0.0
2026-09-30T15:38:00+00:00,backend,CWAgent,diskio_write_bytes,name=nvme0n1p15,average,0.0
2026-09-30T15:39:00+00:00,backend,CWAgent,diskio_write_bytes,name=nvme0n1p15,average,0.0
2026-09-30T15:40:00+00:00,backend,CWAgent,diskio_write_bytes,name=nvme0n1p15,average,0.0
2026-09-30T15:41:00+00:00,backend,CWAgent,diskio_write_bytes,name=nvme0n1p15,average,0.0
2026-09-30T15:42:00+00:00,backend,CWAgent,diskio_write_bytes,name=nvme0n1p15,average,0.0
2026-09-30T15:43:00+00:00,backend,CWAgent,diskio_write_bytes,name=nvme0n1p15,average,0.0
2026-09-30T15:31:00+00:00,backend,CWAgent,diskio_write_bytes,name=nvme0n1p15,maximum,0.0
2026-09-30T15:32:00+00:00,backend,CWAgent,diskio_write_bytes,name=nvme0n1p15,maximum,0.0
2026-09-30T15:33:00+00:00,backend,CWAgent,diskio_write_bytes,name=nvme0n1p15,maximum,0.0
2026-09-30T15:34:00+00:00,backend,CWAgent,diskio_write_bytes,name=nvme0n1p15,maximum,0.0
2026-09-30T15:35:00+00:00,backend,CWAgent,diskio_write_bytes,name=nvme0n1p15,maximum,0.0
2026-09-30T15:36:00+00:00,backend,CWAgent,diskio_write_bytes,name=nvme0n1p15,maximum,0.0
2026-09-30T15:37:00+00:00,backend,CWAgent,diskio_write_bytes,name=nvme0n1p15,maximum,0.0
2026-09-30T15:38:00+00:00,backend,CWAgent,diskio_write_bytes,name=nvme0n1p15,maximum,0.0
2026-09-30T15:39:00+00:00,backend,CWAgent,diskio_write_bytes,name=nvme0n1p15,maximum,0.0
2026-09-30T15:40:00+00:00,backend,CWAgent,diskio_write_bytes,name=nvme0n1p15,maximum,0.0
2026-09-30T15:41:00+00:00,backend,CWAgent,diskio_write_bytes,name=nvme0n1p15,maximum,0.0
2026-09-30T15:42:00+00:00,backend,CWAgent,diskio_write_bytes,name=nvme0n1p15,maximum,0.0
2026-09-30T15:43:00+00:00,backend,CWAgent,diskio_write_bytes,name=nvme0n1p15,maximum,0.0
2026-09-30T15:31:00+00:00,backend,CWAgent,net_bytes_recv,interface=docker0,average,0.0
2026-09-30T15:32:00+00:00,backend,CWAgent,net_bytes_recv,interface=docker0,average,0.0
2026-09-30T15:33:00+00:00,backend,CWAgent,net_bytes_recv,interface=docker0,average,0.0
2026-09-30T15:34:00+00:00,backend,CWAgent,net_bytes_recv,interface=docker0,average,0.0
2026-09-30T15:35:00+00:00,backend,CWAgent,net_bytes_recv,interface=docker0,average,0.0
2026-09-30T15:36:00+00:00,backend,CWAgent,net_bytes_recv,interface=docker0,average,0.0
2026-09-30T15:37:00+00:00,backend,CWAgent,net_bytes_recv,interface=docker0,average,0.0
2026-09-30T15:38:00+00:00,backend,CWAgent,net_bytes_recv,interface=docker0,average,0.0
2026-09-30T15:39:00+00:00,backend,CWAgent,net_bytes_recv,interface=docker0,average,0.0
2026-09-30T15:40:00+00:00,backend,CWAgent,net_bytes_recv,interface=docker0,average,0.0
2026-09-30T15:41:00+00:00,backend,CWAgent,net_bytes_recv,interface=docker0,average,0.0
2026-09-30T15:42:00+00:00,backend,CWAgent,net_bytes_recv,interface=docker0,average,0.0
2026-09-30T15:43:00+00:00,backend,CWAgent,net_bytes_recv,interface=docker0,average,0.0
2026-09-30T15:31:00+00:00,backend,CWAgent,net_bytes_recv,interface=docker0,maximum,0.0
2026-09-30T15:32:00+00:00,backend,CWAgent,net_bytes_recv,interface=docker0,maximum,0.0
2026-09-30T15:33:00+00:00,backend,CWAgent,net_bytes_recv,interface=docker0,maximum,0.0
2026-09-30T15:34:00+00:00,backend,CWAgent,net_bytes_recv,interface=docker0,maximum,0.0
2026-09-30T15:35:00+00:00,backend,CWAgent,net_bytes_recv,interface=docker0,maximum,0.0
2026-09-30T15:36:00+00:00,backend,CWAgent,net_bytes_recv,interface=docker0,maximum,0.0
2026-09-30T15:37:00+00:00,backend,CWAgent,net_bytes_recv,interface=docker0,maximum,0.0
2026-09-30T15:38:00+00:00,backend,CWAgent,net_bytes_recv,interface=docker0,maximum,0.0
2026-09-30T15:39:00+00:00,backend,CWAgent,net_bytes_recv,interface=docker0,maximum,0.0
2026-09-30T15:40:00+00:00,backend,CWAgent,net_bytes_recv,interface=docker0,maximum,0.0
2026-09-30T15:41:00+00:00,backend,CWAgent,net_bytes_recv,interface=docker0,maximum,0.0
2026-09-30T15:42:00+00:00,backend,CWAgent,net_bytes_recv,interface=docker0,maximum,0.0
2026-09-30T15:43:00+00:00,backend,CWAgent,net_bytes_recv,interface=docker0,maximum,0.0
2026-09-30T15:31:00+00:00,backend,CWAgent,cpu_usage_steal,cpu=cpu-total,average,0.7964453386988459
2026-09-30T15:32:00+00:00,backend,CWAgent,cpu_usage_steal,cpu=cpu-total,average,0.24314580363881078
2026-09-30T15:33:00+00:00,backend,CWAgent,cpu_usage_steal,cpu=cpu-total,average,0.3858413017949918
2026-09-30T15:34:00+00:00,backend,CWAgent,cpu_usage_steal,cpu=cpu-total,average,0.8076857677265865
2026-09-30T15:35:00+00:00,backend,CWAgent,cpu_usage_steal,cpu=cpu-total,average,1.1417859577368752
2026-09-30T15:36:00+00:00,backend,CWAgent,cpu_usage_steal,cpu=cpu-total,average,1.4293050325231083
2026-09-30T15:37:00+00:00,backend,CWAgent,cpu_usage_steal,cpu=cpu-total,average,0.5354866128346769
2026-09-30T15:38:00+00:00,backend,CWAgent,cpu_usage_steal,cpu=cpu-total,average,0.5875340599454996
2026-09-30T15:39:00+00:00,backend,CWAgent,cpu_usage_steal,cpu=cpu-total,average,0.4733727810650936
2026-09-30T15:40:00+00:00,backend,CWAgent,cpu_usage_steal,cpu=cpu-total,average,1.643584181545127
2026-09-30T15:41:00+00:00,backend,CWAgent,cpu_usage_steal,cpu=cpu-total,average,0.41996047430830913
2026-09-30T15:42:00+00:00,backend,CWAgent,cpu_usage_steal,cpu=cpu-total,average,2.2829528411931217
2026-09-30T15:43:00+00:00,backend,CWAgent,cpu_usage_steal,cpu=cpu-total,average,0.2681414446120387
2026-09-30T15:31:00+00:00,backend,CWAgent,cpu_usage_steal,cpu=cpu-total,maximum,0.7964453386988459
2026-09-30T15:32:00+00:00,backend,CWAgent,cpu_usage_steal,cpu=cpu-total,maximum,0.24314580363881078
2026-09-30T15:33:00+00:00,backend,CWAgent,cpu_usage_steal,cpu=cpu-total,maximum,0.3858413017949918
2026-09-30T15:34:00+00:00,backend,CWAgent,cpu_usage_steal,cpu=cpu-total,maximum,0.8076857677265865
2026-09-30T15:35:00+00:00,backend,CWAgent,cpu_usage_steal,cpu=cpu-total,maximum,1.1417859577368752
2026-09-30T15:36:00+00:00,backend,CWAgent,cpu_usage_steal,cpu=cpu-total,maximum,1.4293050325231083
2026-09-30T15:37:00+00:00,backend,CWAgent,cpu_usage_steal,cpu=cpu-total,maximum,0.5354866128346769
2026-09-30T15:38:00+00:00,backend,CWAgent,cpu_usage_steal,cpu=cpu-total,maximum,0.5875340599454996
2026-09-30T15:39:00+00:00,backend,CWAgent,cpu_usage_steal,cpu=cpu-total,maximum,0.4733727810650936
2026-09-30T15:40:00+00:00,backend,CWAgent,cpu_usage_steal,cpu=cpu-total,maximum,1.643584181545127
2026-09-30T15:41:00+00:00,backend,CWAgent,cpu_usage_steal,cpu=cpu-total,maximum,0.41996047430830913
2026-09-30T15:42:00+00:00,backend,CWAgent,cpu_usage_steal,cpu=cpu-total,maximum,2.2829528411931217
2026-09-30T15:43:00+00:00,backend,CWAgent,cpu_usage_steal,cpu=cpu-total,maximum,0.2681414446120387
2026-09-30T15:31:00+00:00,backend,CWAgent,procstat_memory_rss,exe=containerd;process_name=containerd-shim-runc-v2,average,9259008.0
2026-09-30T15:32:00+00:00,backend,CWAgent,procstat_memory_rss,exe=containerd;process_name=containerd-shim-runc-v2,average,9275392.0
2026-09-30T15:33:00+00:00,backend,CWAgent,procstat_memory_rss,exe=containerd;process_name=containerd-shim-runc-v2,average,9349120.0
2026-09-30T15:34:00+00:00,backend,CWAgent,procstat_memory_rss,exe=containerd;process_name=containerd-shim-runc-v2,average,9187328.0
2026-09-30T15:35:00+00:00,backend,CWAgent,procstat_memory_rss,exe=containerd;process_name=containerd-shim-runc-v2,average,9273344.0
2026-09-30T15:36:00+00:00,backend,CWAgent,procstat_memory_rss,exe=containerd;process_name=containerd-shim-runc-v2,average,9291776.0
2026-09-30T15:37:00+00:00,backend,CWAgent,procstat_memory_rss,exe=containerd;process_name=containerd-shim-runc-v2,average,8945664.0
2026-09-30T15:38:00+00:00,backend,CWAgent,procstat_memory_rss,exe=containerd;process_name=containerd-shim-runc-v2,average,8984576.0
2026-09-30T15:39:00+00:00,backend,CWAgent,procstat_memory_rss,exe=containerd;process_name=containerd-shim-runc-v2,average,9048064.0
2026-09-30T15:40:00+00:00,backend,CWAgent,procstat_memory_rss,exe=containerd;process_name=containerd-shim-runc-v2,average,8294400.0
2026-09-30T15:41:00+00:00,backend,CWAgent,procstat_memory_rss,exe=containerd;process_name=containerd-shim-runc-v2,average,8134656.0
2026-09-30T15:42:00+00:00,backend,CWAgent,procstat_memory_rss,exe=containerd;process_name=containerd-shim-runc-v2,average,8261632.0
2026-09-30T15:43:00+00:00,backend,CWAgent,procstat_memory_rss,exe=containerd;process_name=containerd-shim-runc-v2,average,8247296.0
2026-09-30T15:31:00+00:00,backend,CWAgent,procstat_memory_rss,exe=containerd;process_name=containerd-shim-runc-v2,maximum,9375744.0
2026-09-30T15:32:00+00:00,backend,CWAgent,procstat_memory_rss,exe=containerd;process_name=containerd-shim-runc-v2,maximum,9375744.0
2026-09-30T15:33:00+00:00,backend,CWAgent,procstat_memory_rss,exe=containerd;process_name=containerd-shim-runc-v2,maximum,9375744.0
2026-09-30T15:34:00+00:00,backend,CWAgent,procstat_memory_rss,exe=containerd;process_name=containerd-shim-runc-v2,maximum,9375744.0
2026-09-30T15:35:00+00:00,backend,CWAgent,procstat_memory_rss,exe=containerd;process_name=containerd-shim-runc-v2,maximum,9375744.0
2026-09-30T15:36:00+00:00,backend,CWAgent,procstat_memory_rss,exe=containerd;process_name=containerd-shim-runc-v2,maximum,9375744.0
2026-09-30T15:37:00+00:00,backend,CWAgent,procstat_memory_rss,exe=containerd;process_name=containerd-shim-runc-v2,maximum,9039872.0
2026-09-30T15:38:00+00:00,backend,CWAgent,procstat_memory_rss,exe=containerd;process_name=containerd-shim-runc-v2,maximum,9043968.0
2026-09-30T15:39:00+00:00,backend,CWAgent,procstat_memory_rss,exe=containerd;process_name=containerd-shim-runc-v2,maximum,9048064.0
2026-09-30T15:40:00+00:00,backend,CWAgent,procstat_memory_rss,exe=containerd;process_name=containerd-shim-runc-v2,maximum,8556544.0
2026-09-30T15:41:00+00:00,backend,CWAgent,procstat_memory_rss,exe=containerd;process_name=containerd-shim-runc-v2,maximum,8220672.0
2026-09-30T15:42:00+00:00,backend,CWAgent,procstat_memory_rss,exe=containerd;process_name=containerd-shim-runc-v2,maximum,8298496.0
2026-09-30T15:43:00+00:00,backend,CWAgent,procstat_memory_rss,exe=containerd;process_name=containerd-shim-runc-v2,maximum,8298496.0
2026-09-30T15:31:00+00:00,backend,CWAgent,procstat_memory_rss,exe=redis-server;process_name=redis-server,average,4730880.0
2026-09-30T15:32:00+00:00,backend,CWAgent,procstat_memory_rss,exe=redis-server;process_name=redis-server,average,4734976.0
2026-09-30T15:33:00+00:00,backend,CWAgent,procstat_memory_rss,exe=redis-server;process_name=redis-server,average,4734976.0
2026-09-30T15:34:00+00:00,backend,CWAgent,procstat_memory_rss,exe=redis-server;process_name=redis-server,average,4734976.0
2026-09-30T15:35:00+00:00,backend,CWAgent,procstat_memory_rss,exe=redis-server;process_name=redis-server,average,4743168.0
2026-09-30T15:36:00+00:00,backend,CWAgent,procstat_memory_rss,exe=redis-server;process_name=redis-server,average,4751360.0
2026-09-30T15:37:00+00:00,backend,CWAgent,procstat_memory_rss,exe=redis-server;process_name=redis-server,average,4743168.0
2026-09-30T15:38:00+00:00,backend,CWAgent,procstat_memory_rss,exe=redis-server;process_name=redis-server,average,4743168.0
2026-09-30T15:39:00+00:00,backend,CWAgent,procstat_memory_rss,exe=redis-server;process_name=redis-server,average,4743168.0
2026-09-30T15:40:00+00:00,backend,CWAgent,procstat_memory_rss,exe=redis-server;process_name=redis-server,average,4820992.0
2026-09-30T15:41:00+00:00,backend,CWAgent,procstat_memory_rss,exe=redis-server;process_name=redis-server,average,4722688.0
2026-09-30T15:42:00+00:00,backend,CWAgent,procstat_memory_rss,exe=redis-server;process_name=redis-server,average,4665344.0
2026-09-30T15:43:00+00:00,backend,CWAgent,procstat_memory_rss,exe=redis-server;process_name=redis-server,average,4665344.0
2026-09-30T15:31:00+00:00,backend,CWAgent,procstat_memory_rss,exe=redis-server;process_name=redis-server,maximum,4730880.0
2026-09-30T15:32:00+00:00,backend,CWAgent,procstat_memory_rss,exe=redis-server;process_name=redis-server,maximum,4734976.0
2026-09-30T15:33:00+00:00,backend,CWAgent,procstat_memory_rss,exe=redis-server;process_name=redis-server,maximum,4734976.0
2026-09-30T15:34:00+00:00,backend,CWAgent,procstat_memory_rss,exe=redis-server;process_name=redis-server,maximum,4734976.0
2026-09-30T15:35:00+00:00,backend,CWAgent,procstat_memory_rss,exe=redis-server;process_name=redis-server,maximum,4743168.0
2026-09-30T15:36:00+00:00,backend,CWAgent,procstat_memory_rss,exe=redis-server;process_name=redis-server,maximum,4751360.0
2026-09-30T15:37:00+00:00,backend,CWAgent,procstat_memory_rss,exe=redis-server;process_name=redis-server,maximum,4743168.0
2026-09-30T15:38:00+00:00,backend,CWAgent,procstat_memory_rss,exe=redis-server;process_name=redis-server,maximum,4743168.0
2026-09-30T15:39:00+00:00,backend,CWAgent,procstat_memory_rss,exe=redis-server;process_name=redis-server,maximum,4743168.0
2026-09-30T15:40:00+00:00,backend,CWAgent,procstat_memory_rss,exe=redis-server;process_name=redis-server,maximum,4820992.0
2026-09-30T15:41:00+00:00,backend,CWAgent,procstat_memory_rss,exe=redis-server;process_name=redis-server,maximum,4722688.0
2026-09-30T15:42:00+00:00,backend,CWAgent,procstat_memory_rss,exe=redis-server;process_name=redis-server,maximum,4665344.0
2026-09-30T15:43:00+00:00,backend,CWAgent,procstat_memory_rss,exe=redis-server;process_name=redis-server,maximum,4665344.0
2026-09-30T15:31:00+00:00,backend,CWAgent,net_bytes_sent,interface=docker0,average,0.0
2026-09-30T15:32:00+00:00,backend,CWAgent,net_bytes_sent,interface=docker0,average,0.0
2026-09-30T15:33:00+00:00,backend,CWAgent,net_bytes_sent,interface=docker0,average,0.0
2026-09-30T15:34:00+00:00,backend,CWAgent,net_bytes_sent,interface=docker0,average,0.0
2026-09-30T15:35:00+00:00,backend,CWAgent,net_bytes_sent,interface=docker0,average,0.0
2026-09-30T15:36:00+00:00,backend,CWAgent,net_bytes_sent,interface=docker0,average,0.0
2026-09-30T15:37:00+00:00,backend,CWAgent,net_bytes_sent,interface=docker0,average,0.0
2026-09-30T15:38:00+00:00,backend,CWAgent,net_bytes_sent,interface=docker0,average,0.0
2026-09-30T15:39:00+00:00,backend,CWAgent,net_bytes_sent,interface=docker0,average,0.0
2026-09-30T15:40:00+00:00,backend,CWAgent,net_bytes_sent,interface=docker0,average,0.0
2026-09-30T15:41:00+00:00,backend,CWAgent,net_bytes_sent,interface=docker0,average,0.0
2026-09-30T15:42:00+00:00,backend,CWAgent,net_bytes_sent,interface=docker0,average,0.0
2026-09-30T15:43:00+00:00,backend,CWAgent,net_bytes_sent,interface=docker0,average,0.0
2026-09-30T15:31:00+00:00,backend,CWAgent,net_bytes_sent,interface=docker0,maximum,0.0
2026-09-30T15:32:00+00:00,backend,CWAgent,net_bytes_sent,interface=docker0,maximum,0.0
2026-09-30T15:33:00+00:00,backend,CWAgent,net_bytes_sent,interface=docker0,maximum,0.0
2026-09-30T15:34:00+00:00,backend,CWAgent,net_bytes_sent,interface=docker0,maximum,0.0
2026-09-30T15:35:00+00:00,backend,CWAgent,net_bytes_sent,interface=docker0,maximum,0.0
2026-09-30T15:36:00+00:00,backend,CWAgent,net_bytes_sent,interface=docker0,maximum,0.0
2026-09-30T15:37:00+00:00,backend,CWAgent,net_bytes_sent,interface=docker0,maximum,0.0
2026-09-30T15:38:00+00:00,backend,CWAgent,net_bytes_sent,interface=docker0,maximum,0.0
2026-09-30T15:39:00+00:00,backend,CWAgent,net_bytes_sent,interface=docker0,maximum,0.0
2026-09-30T15:40:00+00:00,backend,CWAgent,net_bytes_sent,interface=docker0,maximum,0.0
2026-09-30T15:41:00+00:00,backend,CWAgent,net_bytes_sent,interface=docker0,maximum,0.0
2026-09-30T15:42:00+00:00,backend,CWAgent,net_bytes_sent,interface=docker0,maximum,0.0
2026-09-30T15:43:00+00:00,backend,CWAgent,net_bytes_sent,interface=docker0,maximum,0.0
2026-09-30T15:31:00+00:00,backend,CWAgent,cpu_usage_idle,cpu=cpu-total,average,84.38967136150252
2026-09-30T15:32:00+00:00,backend,CWAgent,cpu_usage_idle,cpu=cpu-total,average,95.70721891506746
2026-09-30T15:33:00+00:00,backend,CWAgent,cpu_usage_idle,cpu=cpu-total,average,94.18721690991349
2026-09-30T15:34:00+00:00,backend,CWAgent,cpu_usage_idle,cpu=cpu-total,average,69.01887434109929
2026-09-30T15:35:00+00:00,backend,CWAgent,cpu_usage_idle,cpu=cpu-total,average,39.15303340149931
2026-09-30T15:36:00+00:00,backend,CWAgent,cpu_usage_idle,cpu=cpu-total,average,29.70729202327969
2026-09-30T15:37:00+00:00,backend,CWAgent,cpu_usage_idle,cpu=cpu-total,average,29.086272843179227
2026-09-30T15:38:00+00:00,backend,CWAgent,cpu_usage_idle,cpu=cpu-total,average,29.12125340599427
2026-09-30T15:39:00+00:00,backend,CWAgent,cpu_usage_idle,cpu=cpu-total,average,28.774302620456613
2026-09-30T15:40:00+00:00,backend,CWAgent,cpu_usage_idle,cpu=cpu-total,average,25.863507425329427
2026-09-30T15:41:00+00:00,backend,CWAgent,cpu_usage_idle,cpu=cpu-total,average,48.88010540184479
2026-09-30T15:42:00+00:00,backend,CWAgent,cpu_usage_idle,cpu=cpu-total,average,79.28678553574363
2026-09-30T15:43:00+00:00,backend,CWAgent,cpu_usage_idle,cpu=cpu-total,average,95.36618066029853
2026-09-30T15:31:00+00:00,backend,CWAgent,cpu_usage_idle,cpu=cpu-total,maximum,84.38967136150252
2026-09-30T15:32:00+00:00,backend,CWAgent,cpu_usage_idle,cpu=cpu-total,maximum,95.70721891506746
2026-09-30T15:33:00+00:00,backend,CWAgent,cpu_usage_idle,cpu=cpu-total,maximum,94.18721690991349
2026-09-30T15:34:00+00:00,backend,CWAgent,cpu_usage_idle,cpu=cpu-total,maximum,69.01887434109929
2026-09-30T15:35:00+00:00,backend,CWAgent,cpu_usage_idle,cpu=cpu-total,maximum,39.15303340149931
2026-09-30T15:36:00+00:00,backend,CWAgent,cpu_usage_idle,cpu=cpu-total,maximum,29.70729202327969
2026-09-30T15:37:00+00:00,backend,CWAgent,cpu_usage_idle,cpu=cpu-total,maximum,29.086272843179227
2026-09-30T15:38:00+00:00,backend,CWAgent,cpu_usage_idle,cpu=cpu-total,maximum,29.12125340599427
2026-09-30T15:39:00+00:00,backend,CWAgent,cpu_usage_idle,cpu=cpu-total,maximum,28.774302620456613
2026-09-30T15:40:00+00:00,backend,CWAgent,cpu_usage_idle,cpu=cpu-total,maximum,25.863507425329427
2026-09-30T15:41:00+00:00,backend,CWAgent,cpu_usage_idle,cpu=cpu-total,maximum,48.88010540184479
2026-09-30T15:42:00+00:00,backend,CWAgent,cpu_usage_idle,cpu=cpu-total,maximum,79.28678553574363
2026-09-30T15:43:00+00:00,backend,CWAgent,cpu_usage_idle,cpu=cpu-total,maximum,95.36618066029853
2026-09-30T15:31:00+00:00,backend,CWAgent,net_bytes_recv,interface=br-dbf96cd2fd10,average,20416759.0
2026-09-30T15:32:00+00:00,backend,CWAgent,net_bytes_recv,interface=br-dbf96cd2fd10,average,3250.0
2026-09-30T15:33:00+00:00,backend,CWAgent,net_bytes_recv,interface=br-dbf96cd2fd10,average,2535937.0
2026-09-30T15:34:00+00:00,backend,CWAgent,net_bytes_recv,interface=br-dbf96cd2fd10,average,59230303.0
2026-09-30T15:35:00+00:00,backend,CWAgent,net_bytes_recv,interface=br-dbf96cd2fd10,average,134335487.0
2026-09-30T15:36:00+00:00,backend,CWAgent,net_bytes_recv,interface=br-dbf96cd2fd10,average,155909987.0
2026-09-30T15:37:00+00:00,backend,CWAgent,net_bytes_recv,interface=br-dbf96cd2fd10,average,156263442.0
2026-09-30T15:38:00+00:00,backend,CWAgent,net_bytes_recv,interface=br-dbf96cd2fd10,average,156300280.0
2026-09-30T15:39:00+00:00,backend,CWAgent,net_bytes_recv,interface=br-dbf96cd2fd10,average,156610552.0
2026-09-30T15:40:00+00:00,backend,CWAgent,net_bytes_recv,interface=br-dbf96cd2fd10,average,150370990.0
2026-09-30T15:41:00+00:00,backend,CWAgent,net_bytes_recv,interface=br-dbf96cd2fd10,average,102266784.0
2026-09-30T15:42:00+00:00,backend,CWAgent,net_bytes_recv,interface=br-dbf96cd2fd10,average,25562832.0
2026-09-30T15:43:00+00:00,backend,CWAgent,net_bytes_recv,interface=br-dbf96cd2fd10,average,812.0
2026-09-30T15:31:00+00:00,backend,CWAgent,net_bytes_recv,interface=br-dbf96cd2fd10,maximum,20416759.0
2026-09-30T15:32:00+00:00,backend,CWAgent,net_bytes_recv,interface=br-dbf96cd2fd10,maximum,3250.0
2026-09-30T15:33:00+00:00,backend,CWAgent,net_bytes_recv,interface=br-dbf96cd2fd10,maximum,2535937.0
2026-09-30T15:34:00+00:00,backend,CWAgent,net_bytes_recv,interface=br-dbf96cd2fd10,maximum,59230303.0
2026-09-30T15:35:00+00:00,backend,CWAgent,net_bytes_recv,interface=br-dbf96cd2fd10,maximum,134335487.0
2026-09-30T15:36:00+00:00,backend,CWAgent,net_bytes_recv,interface=br-dbf96cd2fd10,maximum,155909987.0
2026-09-30T15:37:00+00:00,backend,CWAgent,net_bytes_recv,interface=br-dbf96cd2fd10,maximum,156263442.0
2026-09-30T15:38:00+00:00,backend,CWAgent,net_bytes_recv,interface=br-dbf96cd2fd10,maximum,156300280.0
2026-09-30T15:39:00+00:00,backend,CWAgent,net_bytes_recv,interface=br-dbf96cd2fd10,maximum,156610552.0
2026-09-30T15:40:00+00:00,backend,CWAgent,net_bytes_recv,interface=br-dbf96cd2fd10,maximum,150370990.0
2026-09-30T15:41:00+00:00,backend,CWAgent,net_bytes_recv,interface=br-dbf96cd2fd10,maximum,102266784.0
2026-09-30T15:42:00+00:00,backend,CWAgent,net_bytes_recv,interface=br-dbf96cd2fd10,maximum,25562832.0
2026-09-30T15:43:00+00:00,backend,CWAgent,net_bytes_recv,interface=br-dbf96cd2fd10,maximum,812.0
2026-09-30T15:31:00+00:00,backend,CWAgent,net_bytes_sent,interface=vethaa909a3,average,6477620.0
2026-09-30T15:32:00+00:00,backend,CWAgent,net_bytes_sent,interface=vethaa909a3,average,6215.0
2026-09-30T15:33:00+00:00,backend,CWAgent,net_bytes_sent,interface=vethaa909a3,average,781135.0
2026-09-30T15:34:00+00:00,backend,CWAgent,net_bytes_sent,interface=vethaa909a3,average,17155932.0
2026-09-30T15:35:00+00:00,backend,CWAgent,net_bytes_sent,interface=vethaa909a3,average,38582715.0
2026-09-30T15:36:00+00:00,backend,CWAgent,net_bytes_sent,interface=vethaa909a3,average,44398958.0
2026-09-30T15:37:00+00:00,backend,CWAgent,net_bytes_sent,interface=vethaa909a3,average,44617952.0
2026-09-30T15:38:00+00:00,backend,CWAgent,net_bytes_sent,interface=vethaa909a3,average,44726930.0
2026-09-30T15:39:00+00:00,backend,CWAgent,net_bytes_sent,interface=vethaa909a3,average,44838258.0
2026-09-30T15:40:00+00:00,backend,CWAgent,net_bytes_sent,interface=vethaa909a3,average,42704178.0
2026-09-30T15:41:00+00:00,backend,CWAgent,net_bytes_sent,interface=vethaa909a3,average,29469847.0
2026-09-30T15:42:00+00:00,backend,CWAgent,net_bytes_sent,interface=vethaa909a3,average,7817072.0
2026-09-30T15:43:00+00:00,backend,CWAgent,net_bytes_sent,interface=vethaa909a3,average,595.0
2026-09-30T15:31:00+00:00,backend,CWAgent,net_bytes_sent,interface=vethaa909a3,maximum,6477620.0
2026-09-30T15:32:00+00:00,backend,CWAgent,net_bytes_sent,interface=vethaa909a3,maximum,6215.0
2026-09-30T15:33:00+00:00,backend,CWAgent,net_bytes_sent,interface=vethaa909a3,maximum,781135.0
2026-09-30T15:34:00+00:00,backend,CWAgent,net_bytes_sent,interface=vethaa909a3,maximum,17155932.0
2026-09-30T15:35:00+00:00,backend,CWAgent,net_bytes_sent,interface=vethaa909a3,maximum,38582715.0
2026-09-30T15:36:00+00:00,backend,CWAgent,net_bytes_sent,interface=vethaa909a3,maximum,44398958.0
2026-09-30T15:37:00+00:00,backend,CWAgent,net_bytes_sent,interface=vethaa909a3,maximum,44617952.0
2026-09-30T15:38:00+00:00,backend,CWAgent,net_bytes_sent,interface=vethaa909a3,maximum,44726930.0
2026-09-30T15:39:00+00:00,backend,CWAgent,net_bytes_sent,interface=vethaa909a3,maximum,44838258.0
2026-09-30T15:40:00+00:00,backend,CWAgent,net_bytes_sent,interface=vethaa909a3,maximum,42704178.0
2026-09-30T15:41:00+00:00,backend,CWAgent,net_bytes_sent,interface=vethaa909a3,maximum,29469847.0
2026-09-30T15:42:00+00:00,backend,CWAgent,net_bytes_sent,interface=vethaa909a3,maximum,7817072.0
2026-09-30T15:43:00+00:00,backend,CWAgent,net_bytes_sent,interface=vethaa909a3,maximum,595.0
2026-09-30T15:31:00+00:00,backend,CWAgent,procstat_cpu_usage,exe=redis-server;process_name=redis-server,average,2.3166814582916415
2026-09-30T15:32:00+00:00,backend,CWAgent,procstat_cpu_usage,exe=redis-server;process_name=redis-server,average,0.46666767301217205
2026-09-30T15:33:00+00:00,backend,CWAgent,procstat_cpu_usage,exe=redis-server;process_name=redis-server,average,0.7166624804858054
2026-09-30T15:34:00+00:00,backend,CWAgent,procstat_cpu_usage,exe=redis-server;process_name=redis-server,average,5.416508505430785
2026-09-30T15:35:00+00:00,backend,CWAgent,procstat_cpu_usage,exe=redis-server;process_name=redis-server,average,10.849326921138681
2026-09-30T15:36:00+00:00,backend,CWAgent,procstat_cpu_usage,exe=redis-server;process_name=redis-server,average,12.167532145053245
2026-09-30T15:37:00+00:00,backend,CWAgent,procstat_cpu_usage,exe=redis-server;process_name=redis-server,average,12.133557085630661
2026-09-30T15:38:00+00:00,backend,CWAgent,procstat_cpu_usage,exe=redis-server;process_name=redis-server,average,12.06565847190824
2026-09-30T15:39:00+00:00,backend,CWAgent,procstat_cpu_usage,exe=redis-server;process_name=redis-server,average,11.99986466392632
2026-09-30T15:40:00+00:00,backend,CWAgent,procstat_cpu_usage,exe=redis-server;process_name=redis-server,average,11.684213196650193
2026-09-30T15:41:00+00:00,backend,CWAgent,procstat_cpu_usage,exe=redis-server;process_name=redis-server,average,8.316585619460673
2026-09-30T15:42:00+00:00,backend,CWAgent,procstat_cpu_usage,exe=redis-server;process_name=redis-server,average,2.8999861343929774
2026-09-30T15:43:00+00:00,backend,CWAgent,procstat_cpu_usage,exe=redis-server;process_name=redis-server,average,0.46667930056975626
2026-09-30T15:31:00+00:00,backend,CWAgent,procstat_cpu_usage,exe=redis-server;process_name=redis-server,maximum,2.3166814582916415
2026-09-30T15:32:00+00:00,backend,CWAgent,procstat_cpu_usage,exe=redis-server;process_name=redis-server,maximum,0.46666767301217205
2026-09-30T15:33:00+00:00,backend,CWAgent,procstat_cpu_usage,exe=redis-server;process_name=redis-server,maximum,0.7166624804858054
2026-09-30T15:34:00+00:00,backend,CWAgent,procstat_cpu_usage,exe=redis-server;process_name=redis-server,maximum,5.416508505430785
2026-09-30T15:35:00+00:00,backend,CWAgent,procstat_cpu_usage,exe=redis-server;process_name=redis-server,maximum,10.849326921138681
2026-09-30T15:36:00+00:00,backend,CWAgent,procstat_cpu_usage,exe=redis-server;process_name=redis-server,maximum,12.167532145053245
2026-09-30T15:37:00+00:00,backend,CWAgent,procstat_cpu_usage,exe=redis-server;process_name=redis-server,maximum,12.133557085630661
2026-09-30T15:38:00+00:00,backend,CWAgent,procstat_cpu_usage,exe=redis-server;process_name=redis-server,maximum,12.06565847190824
2026-09-30T15:39:00+00:00,backend,CWAgent,procstat_cpu_usage,exe=redis-server;process_name=redis-server,maximum,11.99986466392632
2026-09-30T15:40:00+00:00,backend,CWAgent,procstat_cpu_usage,exe=redis-server;process_name=redis-server,maximum,11.684213196650193
2026-09-30T15:41:00+00:00,backend,CWAgent,procstat_cpu_usage,exe=redis-server;process_name=redis-server,maximum,8.316585619460673
2026-09-30T15:42:00+00:00,backend,CWAgent,procstat_cpu_usage,exe=redis-server;process_name=redis-server,maximum,2.8999861343929774
2026-09-30T15:43:00+00:00,backend,CWAgent,procstat_cpu_usage,exe=redis-server;process_name=redis-server,maximum,0.46667930056975626
2026-09-30T15:31:00+00:00,backend,CWAgent,procstat_cpu_usage,exe=java;process_name=java,average,18.38474243590027
2026-09-30T15:32:00+00:00,backend,CWAgent,procstat_cpu_usage,exe=java;process_name=java,average,0.4666692653381377
2026-09-30T15:33:00+00:00,backend,CWAgent,procstat_cpu_usage,exe=java;process_name=java,average,2.7332802492951966
2026-09-30T15:34:00+00:00,backend,CWAgent,procstat_cpu_usage,exe=java;process_name=java,average,45.480177923136985
2026-09-30T15:35:00+00:00,backend,CWAgent,procstat_cpu_usage,exe=java;process_name=java,average,96.51517611845819
2026-09-30T15:36:00+00:00,backend,CWAgent,procstat_cpu_usage,exe=java;process_name=java,average,114.12636216416668
2026-09-30T15:37:00+00:00,backend,CWAgent,procstat_cpu_usage,exe=java;process_name=java,average,115.18829223730873
2026-09-30T15:38:00+00:00,backend,CWAgent,procstat_cpu_usage,exe=java;process_name=java,average,115.33399311034252
2026-09-30T15:39:00+00:00,backend,CWAgent,procstat_cpu_usage,exe=java;process_name=java,average,115.5418823239053
2026-09-30T15:40:00+00:00,backend,CWAgent,procstat_cpu_usage,exe=java;process_name=java,average,113.95846958999591
2026-09-30T15:41:00+00:00,backend,CWAgent,procstat_cpu_usage,exe=java;process_name=java,average,76.6381679284355
2026-09-30T15:42:00+00:00,backend,CWAgent,procstat_cpu_usage,exe=java;process_name=java,average,24.635157811889457
2026-09-30T15:43:00+00:00,backend,CWAgent,procstat_cpu_usage,exe=java;process_name=java,average,0.30001900810401094
2026-09-30T15:31:00+00:00,backend,CWAgent,procstat_cpu_usage,exe=java;process_name=java,maximum,18.38474243590027
2026-09-30T15:32:00+00:00,backend,CWAgent,procstat_cpu_usage,exe=java;process_name=java,maximum,0.4666692653381377
2026-09-30T15:33:00+00:00,backend,CWAgent,procstat_cpu_usage,exe=java;process_name=java,maximum,2.7332802492951966
2026-09-30T15:34:00+00:00,backend,CWAgent,procstat_cpu_usage,exe=java;process_name=java,maximum,45.480177923136985
2026-09-30T15:35:00+00:00,backend,CWAgent,procstat_cpu_usage,exe=java;process_name=java,maximum,96.51517611845819
2026-09-30T15:36:00+00:00,backend,CWAgent,procstat_cpu_usage,exe=java;process_name=java,maximum,114.12636216416668
2026-09-30T15:37:00+00:00,backend,CWAgent,procstat_cpu_usage,exe=java;process_name=java,maximum,115.18829223730873
2026-09-30T15:38:00+00:00,backend,CWAgent,procstat_cpu_usage,exe=java;process_name=java,maximum,115.33399311034252
2026-09-30T15:39:00+00:00,backend,CWAgent,procstat_cpu_usage,exe=java;process_name=java,maximum,115.5418823239053
2026-09-30T15:40:00+00:00,backend,CWAgent,procstat_cpu_usage,exe=java;process_name=java,maximum,113.95846958999591
2026-09-30T15:41:00+00:00,backend,CWAgent,procstat_cpu_usage,exe=java;process_name=java,maximum,76.6381679284355
2026-09-30T15:42:00+00:00,backend,CWAgent,procstat_cpu_usage,exe=java;process_name=java,maximum,24.635157811889457
2026-09-30T15:43:00+00:00,backend,CWAgent,procstat_cpu_usage,exe=java;process_name=java,maximum,0.30001900810401094
2026-09-30T15:31:00+00:00,backend,CWAgent,net_bytes_recv,interface=veth342b8e3,average,475582.0
2026-09-30T15:32:00+00:00,backend,CWAgent,net_bytes_recv,interface=veth342b8e3,average,0.0
2026-09-30T15:33:00+00:00,backend,CWAgent,net_bytes_recv,interface=veth342b8e3,average,60550.0
2026-09-30T15:34:00+00:00,backend,CWAgent,net_bytes_recv,interface=veth342b8e3,average,1420268.0
2026-09-30T15:35:00+00:00,backend,CWAgent,net_bytes_recv,interface=veth342b8e3,average,3102924.0
2026-09-30T15:36:00+00:00,backend,CWAgent,net_bytes_recv,interface=veth342b8e3,average,3479264.0
2026-09-30T15:37:00+00:00,backend,CWAgent,net_bytes_recv,interface=veth342b8e3,average,3528762.0
2026-09-30T15:38:00+00:00,backend,CWAgent,net_bytes_recv,interface=veth342b8e3,average,3540006.0
2026-09-30T15:39:00+00:00,backend,CWAgent,net_bytes_recv,interface=veth342b8e3,average,3534822.0
2026-09-30T15:40:00+00:00,backend,CWAgent,net_bytes_recv,interface=veth342b8e3,average,3244220.0
2026-09-30T15:41:00+00:00,backend,CWAgent,net_bytes_recv,interface=veth342b8e3,average,2403430.0
2026-09-30T15:42:00+00:00,backend,CWAgent,net_bytes_recv,interface=veth342b8e3,average,593328.0
2026-09-30T15:43:00+00:00,backend,CWAgent,net_bytes_recv,interface=veth342b8e3,average,0.0
2026-09-30T15:31:00+00:00,backend,CWAgent,net_bytes_recv,interface=veth342b8e3,maximum,475582.0
2026-09-30T15:32:00+00:00,backend,CWAgent,net_bytes_recv,interface=veth342b8e3,maximum,0.0
2026-09-30T15:33:00+00:00,backend,CWAgent,net_bytes_recv,interface=veth342b8e3,maximum,60550.0
2026-09-30T15:34:00+00:00,backend,CWAgent,net_bytes_recv,interface=veth342b8e3,maximum,1420268.0
2026-09-30T15:35:00+00:00,backend,CWAgent,net_bytes_recv,interface=veth342b8e3,maximum,3102924.0
2026-09-30T15:36:00+00:00,backend,CWAgent,net_bytes_recv,interface=veth342b8e3,maximum,3479264.0
2026-09-30T15:37:00+00:00,backend,CWAgent,net_bytes_recv,interface=veth342b8e3,maximum,3528762.0
2026-09-30T15:38:00+00:00,backend,CWAgent,net_bytes_recv,interface=veth342b8e3,maximum,3540006.0
2026-09-30T15:39:00+00:00,backend,CWAgent,net_bytes_recv,interface=veth342b8e3,maximum,3534822.0
2026-09-30T15:40:00+00:00,backend,CWAgent,net_bytes_recv,interface=veth342b8e3,maximum,3244220.0
2026-09-30T15:41:00+00:00,backend,CWAgent,net_bytes_recv,interface=veth342b8e3,maximum,2403430.0
2026-09-30T15:42:00+00:00,backend,CWAgent,net_bytes_recv,interface=veth342b8e3,maximum,593328.0
2026-09-30T15:43:00+00:00,backend,CWAgent,net_bytes_recv,interface=veth342b8e3,maximum,0.0
2026-09-30T15:31:00+00:00,backend,CWAgent,procstat_cpu_usage,exe=containerd;process_name=containerd-shim-runc-v2,average,0.041666167351894975
2026-09-30T15:32:00+00:00,backend,CWAgent,procstat_cpu_usage,exe=containerd;process_name=containerd-shim-runc-v2,average,0.04166718483484297
2026-09-30T15:33:00+00:00,backend,CWAgent,procstat_cpu_usage,exe=containerd;process_name=containerd-shim-runc-v2,average,0.03333279014329628
2026-09-30T15:34:00+00:00,backend,CWAgent,procstat_cpu_usage,exe=containerd;process_name=containerd-shim-runc-v2,average,0.03333039049795937
2026-09-30T15:35:00+00:00,backend,CWAgent,procstat_cpu_usage,exe=containerd;process_name=containerd-shim-runc-v2,average,0.05830731223931644
2026-09-30T15:36:00+00:00,backend,CWAgent,procstat_cpu_usage,exe=containerd;process_name=containerd-shim-runc-v2,average,0.05002669721555289
2026-09-30T15:37:00+00:00,backend,CWAgent,procstat_cpu_usage,exe=containerd;process_name=containerd-shim-runc-v2,average,0.041665483767642536
2026-09-30T15:38:00+00:00,backend,CWAgent,procstat_cpu_usage,exe=containerd;process_name=containerd-shim-runc-v2,average,0.04998877173433265
2026-09-30T15:39:00+00:00,backend,CWAgent,procstat_cpu_usage,exe=containerd;process_name=containerd-shim-runc-v2,average,0.05000898808543981
2026-09-30T15:40:00+00:00,backend,CWAgent,procstat_cpu_usage,exe=containerd;process_name=containerd-shim-runc-v2,average,0.05833350276961213
2026-09-30T15:41:00+00:00,backend,CWAgent,procstat_cpu_usage,exe=containerd;process_name=containerd-shim-runc-v2,average,0.049989695883933906
2026-09-30T15:42:00+00:00,backend,CWAgent,procstat_cpu_usage,exe=containerd;process_name=containerd-shim-runc-v2,average,0.033338773637148295
2026-09-30T15:43:00+00:00,backend,CWAgent,procstat_cpu_usage,exe=containerd;process_name=containerd-shim-runc-v2,average,0.03333751564857554
2026-09-30T15:31:00+00:00,backend,CWAgent,procstat_cpu_usage,exe=containerd;process_name=containerd-shim-runc-v2,maximum,0.06666579171926099
2026-09-30T15:32:00+00:00,backend,CWAgent,procstat_cpu_usage,exe=containerd;process_name=containerd-shim-runc-v2,maximum,0.06666756962111868
2026-09-30T15:33:00+00:00,backend,CWAgent,procstat_cpu_usage,exe=containerd;process_name=containerd-shim-runc-v2,maximum,0.06666558028659256
2026-09-30T15:34:00+00:00,backend,CWAgent,procstat_cpu_usage,exe=containerd;process_name=containerd-shim-runc-v2,maximum,0.04999562835392555
2026-09-30T15:35:00+00:00,backend,CWAgent,procstat_cpu_usage,exe=containerd;process_name=containerd-shim-runc-v2,maximum,0.09995269290020915
2026-09-30T15:36:00+00:00,backend,CWAgent,procstat_cpu_usage,exe=containerd;process_name=containerd-shim-runc-v2,maximum,0.10005339443110578
2026-09-30T15:37:00+00:00,backend,CWAgent,procstat_cpu_usage,exe=containerd;process_name=containerd-shim-runc-v2,maximum,0.06666480330208269
2026-09-30T15:38:00+00:00,backend,CWAgent,procstat_cpu_usage,exe=containerd;process_name=containerd-shim-runc-v2,maximum,0.08331466198159271
2026-09-30T15:39:00+00:00,backend,CWAgent,procstat_cpu_usage,exe=containerd;process_name=containerd-shim-runc-v2,maximum,0.0833494908307802
2026-09-30T15:40:00+00:00,backend,CWAgent,procstat_cpu_usage,exe=containerd;process_name=containerd-shim-runc-v2,maximum,0.08333618619071746
2026-09-30T15:41:00+00:00,backend,CWAgent,procstat_cpu_usage,exe=containerd;process_name=containerd-shim-runc-v2,maximum,0.09997939176786781
2026-09-30T15:42:00+00:00,backend,CWAgent,procstat_cpu_usage,exe=containerd;process_name=containerd-shim-runc-v2,maximum,0.050007880394316986
2026-09-30T15:43:00+00:00,backend,CWAgent,procstat_cpu_usage,exe=containerd;process_name=containerd-shim-runc-v2,maximum,0.06667503129715108
2026-09-30T15:31:00+00:00,backend,CWAgent,net_bytes_sent,interface=veth342b8e3,average,2270779.0
2026-09-30T15:32:00+00:00,backend,CWAgent,net_bytes_sent,interface=veth342b8e3,average,0.0
2026-09-30T15:33:00+00:00,backend,CWAgent,net_bytes_sent,interface=veth342b8e3,average,284719.0
2026-09-30T15:34:00+00:00,backend,CWAgent,net_bytes_sent,interface=veth342b8e3,average,6826380.0
2026-09-30T15:35:00+00:00,backend,CWAgent,net_bytes_sent,interface=veth342b8e3,average,15686933.0
2026-09-30T15:36:00+00:00,backend,CWAgent,net_bytes_sent,interface=veth342b8e3,average,18209937.0
2026-09-30T15:37:00+00:00,backend,CWAgent,net_bytes_sent,interface=veth342b8e3,average,18287407.0
2026-09-30T15:38:00+00:00,backend,CWAgent,net_bytes_sent,interface=veth342b8e3,average,18283545.0
2026-09-30T15:39:00+00:00,backend,CWAgent,net_bytes_sent,interface=veth342b8e3,average,18309764.0
2026-09-30T15:40:00+00:00,backend,CWAgent,net_bytes_sent,interface=veth342b8e3,average,17493444.0
2026-09-30T15:41:00+00:00,backend,CWAgent,net_bytes_sent,interface=veth342b8e3,average,11885904.0
2026-09-30T15:42:00+00:00,backend,CWAgent,net_bytes_sent,interface=veth342b8e3,average,2863751.0
2026-09-30T15:43:00+00:00,backend,CWAgent,net_bytes_sent,interface=veth342b8e3,average,0.0
2026-09-30T15:31:00+00:00,backend,CWAgent,net_bytes_sent,interface=veth342b8e3,maximum,2270779.0
2026-09-30T15:32:00+00:00,backend,CWAgent,net_bytes_sent,interface=veth342b8e3,maximum,0.0
2026-09-30T15:33:00+00:00,backend,CWAgent,net_bytes_sent,interface=veth342b8e3,maximum,284719.0
2026-09-30T15:34:00+00:00,backend,CWAgent,net_bytes_sent,interface=veth342b8e3,maximum,6826380.0
2026-09-30T15:35:00+00:00,backend,CWAgent,net_bytes_sent,interface=veth342b8e3,maximum,15686933.0
2026-09-30T15:36:00+00:00,backend,CWAgent,net_bytes_sent,interface=veth342b8e3,maximum,18209937.0
2026-09-30T15:37:00+00:00,backend,CWAgent,net_bytes_sent,interface=veth342b8e3,maximum,18287407.0
2026-09-30T15:38:00+00:00,backend,CWAgent,net_bytes_sent,interface=veth342b8e3,maximum,18283545.0
2026-09-30T15:39:00+00:00,backend,CWAgent,net_bytes_sent,interface=veth342b8e3,maximum,18309764.0
2026-09-30T15:40:00+00:00,backend,CWAgent,net_bytes_sent,interface=veth342b8e3,maximum,17493444.0
2026-09-30T15:41:00+00:00,backend,CWAgent,net_bytes_sent,interface=veth342b8e3,maximum,11885904.0
2026-09-30T15:42:00+00:00,backend,CWAgent,net_bytes_sent,interface=veth342b8e3,maximum,2863751.0
2026-09-30T15:43:00+00:00,backend,CWAgent,net_bytes_sent,interface=veth342b8e3,maximum,0.0
2026-09-30T15:31:00+00:00,backend,CWAgent,net_bytes_recv,interface=vethaa909a3,average,23506188.0
2026-09-30T15:32:00+00:00,backend,CWAgent,net_bytes_recv,interface=vethaa909a3,average,3698.0
2026-09-30T15:33:00+00:00,backend,CWAgent,net_bytes_recv,interface=vethaa909a3,average,2911502.0
2026-09-30T15:34:00+00:00,backend,CWAgent,net_bytes_recv,interface=vethaa909a3,average,67957687.0
2026-09-30T15:35:00+00:00,backend,CWAgent,net_bytes_recv,interface=vethaa909a3,average,154122488.0
2026-09-30T15:36:00+00:00,backend,CWAgent,net_bytes_recv,interface=vethaa909a3,average,178890217.0
2026-09-30T15:37:00+00:00,backend,CWAgent,net_bytes_recv,interface=vethaa909a3,average,179247230.0
2026-09-30T15:38:00+00:00,backend,CWAgent,net_bytes_recv,interface=vethaa909a3,average,179280321.0
2026-09-30T15:39:00+00:00,backend,CWAgent,net_bytes_recv,interface=vethaa909a3,average,179631022.0
2026-09-30T15:40:00+00:00,backend,CWAgent,net_bytes_recv,interface=vethaa909a3,average,172523858.0
2026-09-30T15:41:00+00:00,backend,CWAgent,net_bytes_recv,interface=vethaa909a3,average,117328042.0
2026-09-30T15:42:00+00:00,backend,CWAgent,net_bytes_recv,interface=vethaa909a3,average,29405645.0
2026-09-30T15:43:00+00:00,backend,CWAgent,net_bytes_recv,interface=vethaa909a3,average,980.0
2026-09-30T15:31:00+00:00,backend,CWAgent,net_bytes_recv,interface=vethaa909a3,maximum,23506188.0
2026-09-30T15:32:00+00:00,backend,CWAgent,net_bytes_recv,interface=vethaa909a3,maximum,3698.0
2026-09-30T15:33:00+00:00,backend,CWAgent,net_bytes_recv,interface=vethaa909a3,maximum,2911502.0
2026-09-30T15:34:00+00:00,backend,CWAgent,net_bytes_recv,interface=vethaa909a3,maximum,67957687.0
2026-09-30T15:35:00+00:00,backend,CWAgent,net_bytes_recv,interface=vethaa909a3,maximum,154122488.0
2026-09-30T15:36:00+00:00,backend,CWAgent,net_bytes_recv,interface=vethaa909a3,maximum,178890217.0
2026-09-30T15:37:00+00:00,backend,CWAgent,net_bytes_recv,interface=vethaa909a3,maximum,179247230.0
2026-09-30T15:38:00+00:00,backend,CWAgent,net_bytes_recv,interface=vethaa909a3,maximum,179280321.0
2026-09-30T15:39:00+00:00,backend,CWAgent,net_bytes_recv,interface=vethaa909a3,maximum,179631022.0
2026-09-30T15:40:00+00:00,backend,CWAgent,net_bytes_recv,interface=vethaa909a3,maximum,172523858.0
2026-09-30T15:41:00+00:00,backend,CWAgent,net_bytes_recv,interface=vethaa909a3,maximum,117328042.0
2026-09-30T15:42:00+00:00,backend,CWAgent,net_bytes_recv,interface=vethaa909a3,maximum,29405645.0
2026-09-30T15:43:00+00:00,backend,CWAgent,net_bytes_recv,interface=vethaa909a3,maximum,980.0
2026-09-30T15:31:00+00:00,backend,CWAgent,net_bytes_sent,interface=br-dbf96cd2fd10,average,6002038.0
2026-09-30T15:32:00+00:00,backend,CWAgent,net_bytes_sent,interface=br-dbf96cd2fd10,average,6215.0
2026-09-30T15:33:00+00:00,backend,CWAgent,net_bytes_sent,interface=br-dbf96cd2fd10,average,720585.0
2026-09-30T15:34:00+00:00,backend,CWAgent,net_bytes_sent,interface=br-dbf96cd2fd10,average,15735664.0
2026-09-30T15:35:00+00:00,backend,CWAgent,net_bytes_sent,interface=br-dbf96cd2fd10,average,35479721.0
2026-09-30T15:36:00+00:00,backend,CWAgent,net_bytes_sent,interface=br-dbf96cd2fd10,average,40919694.0
2026-09-30T15:37:00+00:00,backend,CWAgent,net_bytes_sent,interface=br-dbf96cd2fd10,average,41089190.0
2026-09-30T15:38:00+00:00,backend,CWAgent,net_bytes_sent,interface=br-dbf96cd2fd10,average,41186924.0
2026-09-30T15:39:00+00:00,backend,CWAgent,net_bytes_sent,interface=br-dbf96cd2fd10,average,41303436.0
2026-09-30T15:40:00+00:00,backend,CWAgent,net_bytes_sent,interface=br-dbf96cd2fd10,average,39459958.0
2026-09-30T15:41:00+00:00,backend,CWAgent,net_bytes_sent,interface=br-dbf96cd2fd10,average,27066417.0
2026-09-30T15:42:00+00:00,backend,CWAgent,net_bytes_sent,interface=br-dbf96cd2fd10,average,7223744.0
2026-09-30T15:43:00+00:00,backend,CWAgent,net_bytes_sent,interface=br-dbf96cd2fd10,average,595.0
2026-09-30T15:31:00+00:00,backend,CWAgent,net_bytes_sent,interface=br-dbf96cd2fd10,maximum,6002038.0
2026-09-30T15:32:00+00:00,backend,CWAgent,net_bytes_sent,interface=br-dbf96cd2fd10,maximum,6215.0
2026-09-30T15:33:00+00:00,backend,CWAgent,net_bytes_sent,interface=br-dbf96cd2fd10,maximum,720585.0
2026-09-30T15:34:00+00:00,backend,CWAgent,net_bytes_sent,interface=br-dbf96cd2fd10,maximum,15735664.0
2026-09-30T15:35:00+00:00,backend,CWAgent,net_bytes_sent,interface=br-dbf96cd2fd10,maximum,35479721.0
2026-09-30T15:36:00+00:00,backend,CWAgent,net_bytes_sent,interface=br-dbf96cd2fd10,maximum,40919694.0
2026-09-30T15:37:00+00:00,backend,CWAgent,net_bytes_sent,interface=br-dbf96cd2fd10,maximum,41089190.0
2026-09-30T15:38:00+00:00,backend,CWAgent,net_bytes_sent,interface=br-dbf96cd2fd10,maximum,41186924.0
2026-09-30T15:39:00+00:00,backend,CWAgent,net_bytes_sent,interface=br-dbf96cd2fd10,maximum,41303436.0
2026-09-30T15:40:00+00:00,backend,CWAgent,net_bytes_sent,interface=br-dbf96cd2fd10,maximum,39459958.0
2026-09-30T15:41:00+00:00,backend,CWAgent,net_bytes_sent,interface=br-dbf96cd2fd10,maximum,27066417.0
2026-09-30T15:42:00+00:00,backend,CWAgent,net_bytes_sent,interface=br-dbf96cd2fd10,maximum,7223744.0
2026-09-30T15:43:00+00:00,backend,CWAgent,net_bytes_sent,interface=br-dbf96cd2fd10,maximum,595.0
2026-09-30T15:31:00+00:00,backend,AWS/EC2,EBSWriteOps,,average,177.0
2026-09-30T15:32:00+00:00,backend,AWS/EC2,EBSWriteOps,,average,121.0
2026-09-30T15:33:00+00:00,backend,AWS/EC2,EBSWriteOps,,average,50.0
2026-09-30T15:34:00+00:00,backend,AWS/EC2,EBSWriteOps,,average,250.0
2026-09-30T15:35:00+00:00,backend,AWS/EC2,EBSWriteOps,,average,41.0
2026-09-30T15:36:00+00:00,backend,AWS/EC2,EBSWriteOps,,average,65.0
2026-09-30T15:37:00+00:00,backend,AWS/EC2,EBSWriteOps,,average,118.0
2026-09-30T15:38:00+00:00,backend,AWS/EC2,EBSWriteOps,,average,49.0
2026-09-30T15:39:00+00:00,backend,AWS/EC2,EBSWriteOps,,average,58.0
2026-09-30T15:40:00+00:00,backend,AWS/EC2,EBSWriteOps,,average,626.0
2026-09-30T15:41:00+00:00,backend,AWS/EC2,EBSWriteOps,,average,1361.0
2026-09-30T15:42:00+00:00,backend,AWS/EC2,EBSWriteOps,,average,125.0
2026-09-30T15:43:00+00:00,backend,AWS/EC2,EBSWriteOps,,average,46.0
2026-09-30T15:31:00+00:00,backend,AWS/EC2,EBSWriteOps,,maximum,177.0
2026-09-30T15:32:00+00:00,backend,AWS/EC2,EBSWriteOps,,maximum,121.0
2026-09-30T15:33:00+00:00,backend,AWS/EC2,EBSWriteOps,,maximum,50.0
2026-09-30T15:34:00+00:00,backend,AWS/EC2,EBSWriteOps,,maximum,250.0
2026-09-30T15:35:00+00:00,backend,AWS/EC2,EBSWriteOps,,maximum,41.0
2026-09-30T15:36:00+00:00,backend,AWS/EC2,EBSWriteOps,,maximum,65.0
2026-09-30T15:37:00+00:00,backend,AWS/EC2,EBSWriteOps,,maximum,118.0
2026-09-30T15:38:00+00:00,backend,AWS/EC2,EBSWriteOps,,maximum,49.0
2026-09-30T15:39:00+00:00,backend,AWS/EC2,EBSWriteOps,,maximum,58.0
2026-09-30T15:40:00+00:00,backend,AWS/EC2,EBSWriteOps,,maximum,626.0
2026-09-30T15:41:00+00:00,backend,AWS/EC2,EBSWriteOps,,maximum,1361.0
2026-09-30T15:42:00+00:00,backend,AWS/EC2,EBSWriteOps,,maximum,125.0
2026-09-30T15:43:00+00:00,backend,AWS/EC2,EBSWriteOps,,maximum,46.0
2026-09-30T15:31:00+00:00,backend,AWS/EC2,EBSWriteBytes,,average,1134592.0
2026-09-30T15:32:00+00:00,backend,AWS/EC2,EBSWriteBytes,,average,696320.0
2026-09-30T15:33:00+00:00,backend,AWS/EC2,EBSWriteBytes,,average,368640.0
2026-09-30T15:34:00+00:00,backend,AWS/EC2,EBSWriteBytes,,average,1638400.0
2026-09-30T15:35:00+00:00,backend,AWS/EC2,EBSWriteBytes,,average,544768.0
2026-09-30T15:36:00+00:00,backend,AWS/EC2,EBSWriteBytes,,average,679936.0
2026-09-30T15:37:00+00:00,backend,AWS/EC2,EBSWriteBytes,,average,1626112.0
2026-09-30T15:38:00+00:00,backend,AWS/EC2,EBSWriteBytes,,average,589824.0
2026-09-30T15:39:00+00:00,backend,AWS/EC2,EBSWriteBytes,,average,593920.0
2026-09-30T15:40:00+00:00,backend,AWS/EC2,EBSWriteBytes,,average,8884224.0
2026-09-30T15:41:00+00:00,backend,AWS/EC2,EBSWriteBytes,,average,16338944.0
2026-09-30T15:42:00+00:00,backend,AWS/EC2,EBSWriteBytes,,average,1740800.0
2026-09-30T15:43:00+00:00,backend,AWS/EC2,EBSWriteBytes,,average,258048.0
2026-09-30T15:31:00+00:00,backend,AWS/EC2,EBSWriteBytes,,maximum,1134592.0
2026-09-30T15:32:00+00:00,backend,AWS/EC2,EBSWriteBytes,,maximum,696320.0
2026-09-30T15:33:00+00:00,backend,AWS/EC2,EBSWriteBytes,,maximum,368640.0
2026-09-30T15:34:00+00:00,backend,AWS/EC2,EBSWriteBytes,,maximum,1638400.0
2026-09-30T15:35:00+00:00,backend,AWS/EC2,EBSWriteBytes,,maximum,544768.0
2026-09-30T15:36:00+00:00,backend,AWS/EC2,EBSWriteBytes,,maximum,679936.0
2026-09-30T15:37:00+00:00,backend,AWS/EC2,EBSWriteBytes,,maximum,1626112.0
2026-09-30T15:38:00+00:00,backend,AWS/EC2,EBSWriteBytes,,maximum,589824.0
2026-09-30T15:39:00+00:00,backend,AWS/EC2,EBSWriteBytes,,maximum,593920.0
2026-09-30T15:40:00+00:00,backend,AWS/EC2,EBSWriteBytes,,maximum,8884224.0
2026-09-30T15:41:00+00:00,backend,AWS/EC2,EBSWriteBytes,,maximum,16338944.0
2026-09-30T15:42:00+00:00,backend,AWS/EC2,EBSWriteBytes,,maximum,1740800.0
2026-09-30T15:43:00+00:00,backend,AWS/EC2,EBSWriteBytes,,maximum,258048.0
2026-09-30T15:31:00+00:00,backend,AWS/EC2,CPUUtilization,,average,18.993360248239963
2026-09-30T15:32:00+00:00,backend,AWS/EC2,CPUUtilization,,average,5.144940808205265
2026-09-30T15:33:00+00:00,backend,AWS/EC2,CPUUtilization,,average,6.099695015249237
2026-09-30T15:34:00+00:00,backend,AWS/EC2,CPUUtilization,,average,31.851061702056736
2026-09-30T15:35:00+00:00,backend,AWS/EC2,CPUUtilization,,average,61.66872229074303
2026-09-30T15:36:00+00:00,backend,AWS/EC2,CPUUtilization,,average,71.8785414305713
2026-09-30T15:37:00+00:00,backend,AWS/EC2,CPUUtilization,,average,73.18699268296747
2026-09-30T15:38:00+00:00,backend,AWS/EC2,CPUUtilization,,average,73.19166666666666
2026-09-30T15:39:00+00:00,backend,AWS/EC2,CPUUtilization,,average,73.325
2026-09-30T15:40:00+00:00,backend,AWS/EC2,CPUUtilization,,average,71.848802519958
2026-09-30T15:41:00+00:00,backend,AWS/EC2,CPUUtilization,,average,54.520278273635746
2026-09-30T15:42:00+00:00,backend,AWS/EC2,CPUUtilization,,average,21.937492715253843
2026-09-30T15:43:00+00:00,backend,AWS/EC2,CPUUtilization,,average,5.508149728342389
2026-09-30T15:31:00+00:00,backend,AWS/EC2,CPUUtilization,,maximum,18.993360248239963
2026-09-30T15:32:00+00:00,backend,AWS/EC2,CPUUtilization,,maximum,5.144940808205265
2026-09-30T15:33:00+00:00,backend,AWS/EC2,CPUUtilization,,maximum,6.099695015249237
2026-09-30T15:34:00+00:00,backend,AWS/EC2,CPUUtilization,,maximum,31.851061702056736
2026-09-30T15:35:00+00:00,backend,AWS/EC2,CPUUtilization,,maximum,61.66872229074303
2026-09-30T15:36:00+00:00,backend,AWS/EC2,CPUUtilization,,maximum,71.8785414305713
2026-09-30T15:37:00+00:00,backend,AWS/EC2,CPUUtilization,,maximum,73.18699268296747
2026-09-30T15:38:00+00:00,backend,AWS/EC2,CPUUtilization,,maximum,73.19166666666666
2026-09-30T15:39:00+00:00,backend,AWS/EC2,CPUUtilization,,maximum,73.325
2026-09-30T15:40:00+00:00,backend,AWS/EC2,CPUUtilization,,maximum,71.848802519958
2026-09-30T15:41:00+00:00,backend,AWS/EC2,CPUUtilization,,maximum,54.520278273635746
2026-09-30T15:42:00+00:00,backend,AWS/EC2,CPUUtilization,,maximum,21.937492715253843
2026-09-30T15:43:00+00:00,backend,AWS/EC2,CPUUtilization,,maximum,5.508149728342389
2026-09-30T15:31:00+00:00,backend,AWS/EC2,EBSReadOps,,average,392.0
2026-09-30T15:32:00+00:00,backend,AWS/EC2,EBSReadOps,,average,283.0
2026-09-30T15:33:00+00:00,backend,AWS/EC2,EBSReadOps,,average,262.0
2026-09-30T15:34:00+00:00,backend,AWS/EC2,EBSReadOps,,average,109.0
2026-09-30T15:35:00+00:00,backend,AWS/EC2,EBSReadOps,,average,73.0
2026-09-30T15:36:00+00:00,backend,AWS/EC2,EBSReadOps,,average,44.0
2026-09-30T15:37:00+00:00,backend,AWS/EC2,EBSReadOps,,average,256.0
2026-09-30T15:38:00+00:00,backend,AWS/EC2,EBSReadOps,,average,25.0
2026-09-30T15:39:00+00:00,backend,AWS/EC2,EBSReadOps,,average,64.0
2026-09-30T15:40:00+00:00,backend,AWS/EC2,EBSReadOps,,average,15396.0
2026-09-30T15:41:00+00:00,backend,AWS/EC2,EBSReadOps,,average,1261.0
2026-09-30T15:42:00+00:00,backend,AWS/EC2,EBSReadOps,,average,1379.0
2026-09-30T15:43:00+00:00,backend,AWS/EC2,EBSReadOps,,average,122.0
2026-09-30T15:31:00+00:00,backend,AWS/EC2,EBSReadOps,,maximum,392.0
2026-09-30T15:32:00+00:00,backend,AWS/EC2,EBSReadOps,,maximum,283.0
2026-09-30T15:33:00+00:00,backend,AWS/EC2,EBSReadOps,,maximum,262.0
2026-09-30T15:34:00+00:00,backend,AWS/EC2,EBSReadOps,,maximum,109.0
2026-09-30T15:35:00+00:00,backend,AWS/EC2,EBSReadOps,,maximum,73.0
2026-09-30T15:36:00+00:00,backend,AWS/EC2,EBSReadOps,,maximum,44.0
2026-09-30T15:37:00+00:00,backend,AWS/EC2,EBSReadOps,,maximum,256.0
2026-09-30T15:38:00+00:00,backend,AWS/EC2,EBSReadOps,,maximum,25.0
2026-09-30T15:39:00+00:00,backend,AWS/EC2,EBSReadOps,,maximum,64.0
2026-09-30T15:40:00+00:00,backend,AWS/EC2,EBSReadOps,,maximum,15396.0
2026-09-30T15:41:00+00:00,backend,AWS/EC2,EBSReadOps,,maximum,1261.0
2026-09-30T15:42:00+00:00,backend,AWS/EC2,EBSReadOps,,maximum,1379.0
2026-09-30T15:43:00+00:00,backend,AWS/EC2,EBSReadOps,,maximum,122.0
2026-09-30T15:31:00+00:00,backend,AWS/EC2,EBSReadBytes,,average,8081408.0
2026-09-30T15:32:00+00:00,backend,AWS/EC2,EBSReadBytes,,average,2957312.0
2026-09-30T15:33:00+00:00,backend,AWS/EC2,EBSReadBytes,,average,11087872.0
2026-09-30T15:34:00+00:00,backend,AWS/EC2,EBSReadBytes,,average,1384448.0
2026-09-30T15:35:00+00:00,backend,AWS/EC2,EBSReadBytes,,average,638976.0
2026-09-30T15:36:00+00:00,backend,AWS/EC2,EBSReadBytes,,average,286720.0
2026-09-30T15:37:00+00:00,backend,AWS/EC2,EBSReadBytes,,average,2793472.0
2026-09-30T15:38:00+00:00,backend,AWS/EC2,EBSReadBytes,,average,159744.0
2026-09-30T15:39:00+00:00,backend,AWS/EC2,EBSReadBytes,,average,491520.0
2026-09-30T15:40:00+00:00,backend,AWS/EC2,EBSReadBytes,,average,90357760.0
2026-09-30T15:41:00+00:00,backend,AWS/EC2,EBSReadBytes,,average,11337728.0
2026-09-30T15:42:00+00:00,backend,AWS/EC2,EBSReadBytes,,average,11497472.0
2026-09-30T15:43:00+00:00,backend,AWS/EC2,EBSReadBytes,,average,1036288.0
2026-09-30T15:31:00+00:00,backend,AWS/EC2,EBSReadBytes,,maximum,8081408.0
2026-09-30T15:32:00+00:00,backend,AWS/EC2,EBSReadBytes,,maximum,2957312.0
2026-09-30T15:33:00+00:00,backend,AWS/EC2,EBSReadBytes,,maximum,11087872.0
2026-09-30T15:34:00+00:00,backend,AWS/EC2,EBSReadBytes,,maximum,1384448.0
2026-09-30T15:35:00+00:00,backend,AWS/EC2,EBSReadBytes,,maximum,638976.0
2026-09-30T15:36:00+00:00,backend,AWS/EC2,EBSReadBytes,,maximum,286720.0
2026-09-30T15:37:00+00:00,backend,AWS/EC2,EBSReadBytes,,maximum,2793472.0
2026-09-30T15:38:00+00:00,backend,AWS/EC2,EBSReadBytes,,maximum,159744.0
2026-09-30T15:39:00+00:00,backend,AWS/EC2,EBSReadBytes,,maximum,491520.0
2026-09-30T15:40:00+00:00,backend,AWS/EC2,EBSReadBytes,,maximum,90357760.0
2026-09-30T15:41:00+00:00,backend,AWS/EC2,EBSReadBytes,,maximum,11337728.0
2026-09-30T15:42:00+00:00,backend,AWS/EC2,EBSReadBytes,,maximum,11497472.0
2026-09-30T15:43:00+00:00,backend,AWS/EC2,EBSReadBytes,,maximum,1036288.0
2026-09-30T15:35:00+00:00,backend,AWS/EC2,CPUCreditBalance,,average,0.0
2026-09-30T15:40:00+00:00,backend,AWS/EC2,CPUCreditBalance,,average,0.0
2026-09-30T15:35:00+00:00,backend,AWS/EC2,CPUCreditBalance,,maximum,0.0
2026-09-30T15:40:00+00:00,backend,AWS/EC2,CPUCreditBalance,,maximum,0.0
2026-09-30T15:35:00+00:00,backend,AWS/EC2,CPUSurplusCreditBalance,,average,35.7669421
2026-09-30T15:40:00+00:00,backend,AWS/EC2,CPUSurplusCreditBalance,,average,41.97740481666666
2026-09-30T15:35:00+00:00,backend,AWS/EC2,CPUSurplusCreditBalance,,maximum,35.7669421
2026-09-30T15:40:00+00:00,backend,AWS/EC2,CPUSurplusCreditBalance,,maximum,41.97740481666666
2026-09-30T15:35:00+00:00,backend,AWS/EC2,CPUSurplusCreditsCharged,,average,0.0
2026-09-30T15:40:00+00:00,backend,AWS/EC2,CPUSurplusCreditsCharged,,average,0.0
2026-09-30T15:35:00+00:00,backend,AWS/EC2,CPUSurplusCreditsCharged,,maximum,0.0
2026-09-30T15:40:00+00:00,backend,AWS/EC2,CPUSurplusCreditsCharged,,maximum,0.0
2026-09-30T15:35:00+00:00,backend,AWS/EC2,CPUCreditUsage,,average,2.77150405
2026-09-30T15:40:00+00:00,backend,AWS/EC2,CPUCreditUsage,,average,7.210889383333333
2026-09-30T15:35:00+00:00,backend,AWS/EC2,CPUCreditUsage,,maximum,2.77150405
2026-09-30T15:40:00+00:00,backend,AWS/EC2,CPUCreditUsage,,maximum,7.210889383333333
2026-09-30T15:31:00+00:00,backend,AWS/EC2,NetworkOut,,average,4646260.0
2026-09-30T15:32:00+00:00,backend,AWS/EC2,NetworkOut,,average,82733.0
2026-09-30T15:33:00+00:00,backend,AWS/EC2,NetworkOut,,average,14971108.0
2026-09-30T15:34:00+00:00,backend,AWS/EC2,NetworkOut,,average,90485827.0
2026-09-30T15:35:00+00:00,backend,AWS/EC2,NetworkOut,,average,158479721.0
2026-09-30T15:36:00+00:00,backend,AWS/EC2,NetworkOut,,average,164983887.0
2026-09-30T15:37:00+00:00,backend,AWS/EC2,NetworkOut,,average,162049180.0
2026-09-30T15:38:00+00:00,backend,AWS/EC2,NetworkOut,,average,166058506.0
2026-09-30T15:39:00+00:00,backend,AWS/EC2,NetworkOut,,average,166210048.0
2026-09-30T15:40:00+00:00,backend,AWS/EC2,NetworkOut,,average,148237195.0
2026-09-30T15:41:00+00:00,backend,AWS/EC2,NetworkOut,,average,79056370.0
2026-09-30T15:42:00+00:00,backend,AWS/EC2,NetworkOut,,average,8842925.0
2026-09-30T15:43:00+00:00,backend,AWS/EC2,NetworkOut,,average,73699.0
2026-09-30T15:31:00+00:00,backend,AWS/EC2,NetworkOut,,maximum,4646260.0
2026-09-30T15:32:00+00:00,backend,AWS/EC2,NetworkOut,,maximum,82733.0
2026-09-30T15:33:00+00:00,backend,AWS/EC2,NetworkOut,,maximum,14971108.0
2026-09-30T15:34:00+00:00,backend,AWS/EC2,NetworkOut,,maximum,90485827.0
2026-09-30T15:35:00+00:00,backend,AWS/EC2,NetworkOut,,maximum,158479721.0
2026-09-30T15:36:00+00:00,backend,AWS/EC2,NetworkOut,,maximum,164983887.0
2026-09-30T15:37:00+00:00,backend,AWS/EC2,NetworkOut,,maximum,162049180.0
2026-09-30T15:38:00+00:00,backend,AWS/EC2,NetworkOut,,maximum,166058506.0
2026-09-30T15:39:00+00:00,backend,AWS/EC2,NetworkOut,,maximum,166210048.0
2026-09-30T15:40:00+00:00,backend,AWS/EC2,NetworkOut,,maximum,148237195.0
2026-09-30T15:41:00+00:00,backend,AWS/EC2,NetworkOut,,maximum,79056370.0
2026-09-30T15:42:00+00:00,backend,AWS/EC2,NetworkOut,,maximum,8842925.0
2026-09-30T15:43:00+00:00,backend,AWS/EC2,NetworkOut,,maximum,73699.0
2026-09-30T15:31:00+00:00,backend,AWS/EC2,NetworkIn,,average,1536089.0
2026-09-30T15:32:00+00:00,backend,AWS/EC2,NetworkIn,,average,26801.0
2026-09-30T15:33:00+00:00,backend,AWS/EC2,NetworkIn,,average,4094586.0
2026-09-30T15:34:00+00:00,backend,AWS/EC2,NetworkIn,,average,22760906.0
2026-09-30T15:35:00+00:00,backend,AWS/EC2,NetworkIn,,average,39627870.0
2026-09-30T15:36:00+00:00,backend,AWS/EC2,NetworkIn,,average,41084092.0
2026-09-30T15:37:00+00:00,backend,AWS/EC2,NetworkIn,,average,40545585.0
2026-09-30T15:38:00+00:00,backend,AWS/EC2,NetworkIn,,average,41544390.0
2026-09-30T15:39:00+00:00,backend,AWS/EC2,NetworkIn,,average,41628800.0
2026-09-30T15:40:00+00:00,backend,AWS/EC2,NetworkIn,,average,36838514.0
2026-09-30T15:41:00+00:00,backend,AWS/EC2,NetworkIn,,average,20035737.0
2026-09-30T15:42:00+00:00,backend,AWS/EC2,NetworkIn,,average,2530208.0
2026-09-30T15:43:00+00:00,backend,AWS/EC2,NetworkIn,,average,16179.0
2026-09-30T15:31:00+00:00,backend,AWS/EC2,NetworkIn,,maximum,1536089.0
2026-09-30T15:32:00+00:00,backend,AWS/EC2,NetworkIn,,maximum,26801.0
2026-09-30T15:33:00+00:00,backend,AWS/EC2,NetworkIn,,maximum,4094586.0
2026-09-30T15:34:00+00:00,backend,AWS/EC2,NetworkIn,,maximum,22760906.0
2026-09-30T15:35:00+00:00,backend,AWS/EC2,NetworkIn,,maximum,39627870.0
2026-09-30T15:36:00+00:00,backend,AWS/EC2,NetworkIn,,maximum,41084092.0
2026-09-30T15:37:00+00:00,backend,AWS/EC2,NetworkIn,,maximum,40545585.0
2026-09-30T15:38:00+00:00,backend,AWS/EC2,NetworkIn,,maximum,41544390.0
2026-09-30T15:39:00+00:00,backend,AWS/EC2,NetworkIn,,maximum,41628800.0
2026-09-30T15:40:00+00:00,backend,AWS/EC2,NetworkIn,,maximum,36838514.0
2026-09-30T15:41:00+00:00,backend,AWS/EC2,NetworkIn,,maximum,20035737.0
2026-09-30T15:42:00+00:00,backend,AWS/EC2,NetworkIn,,maximum,2530208.0
2026-09-30T15:43:00+00:00,backend,AWS/EC2,NetworkIn,,maximum,16179.0
2026-09-30T15:31:00+00:00,loadgen,MintLoadgen,net_bytes_recv,interface=ens5,average,11004133.0
2026-09-30T15:32:00+00:00,loadgen,MintLoadgen,net_bytes_recv,interface=ens5,average,19998.0
2026-09-30T15:33:00+00:00,loadgen,MintLoadgen,net_bytes_recv,interface=ens5,average,5390675.0
2026-09-30T15:34:00+00:00,loadgen,MintLoadgen,net_bytes_recv,interface=ens5,average,59763855.0
2026-09-30T15:35:00+00:00,loadgen,MintLoadgen,net_bytes_recv,interface=ens5,average,122420284.0
2026-09-30T15:36:00+00:00,loadgen,MintLoadgen,net_bytes_recv,interface=ens5,average,135016454.0
2026-09-30T15:37:00+00:00,loadgen,MintLoadgen,net_bytes_recv,interface=ens5,average,135041010.0
2026-09-30T15:38:00+00:00,loadgen,MintLoadgen,net_bytes_recv,interface=ens5,average,135095399.0
2026-09-30T15:39:00+00:00,loadgen,MintLoadgen,net_bytes_recv,interface=ens5,average,135275905.0
2026-09-30T15:40:00+00:00,loadgen,MintLoadgen,net_bytes_recv,interface=ens5,average,128231641.0
2026-09-30T15:41:00+00:00,loadgen,MintLoadgen,net_bytes_recv,interface=ens5,average,79101574.0
2026-09-30T15:42:00+00:00,loadgen,MintLoadgen,net_bytes_recv,interface=ens5,average,15309807.0
2026-09-30T15:43:00+00:00,loadgen,MintLoadgen,net_bytes_recv,interface=ens5,average,35180.0
2026-09-30T15:31:00+00:00,loadgen,MintLoadgen,net_bytes_recv,interface=ens5,maximum,11004133.0
2026-09-30T15:32:00+00:00,loadgen,MintLoadgen,net_bytes_recv,interface=ens5,maximum,19998.0
2026-09-30T15:33:00+00:00,loadgen,MintLoadgen,net_bytes_recv,interface=ens5,maximum,5390675.0
2026-09-30T15:34:00+00:00,loadgen,MintLoadgen,net_bytes_recv,interface=ens5,maximum,59763855.0
2026-09-30T15:35:00+00:00,loadgen,MintLoadgen,net_bytes_recv,interface=ens5,maximum,122420284.0
2026-09-30T15:36:00+00:00,loadgen,MintLoadgen,net_bytes_recv,interface=ens5,maximum,135016454.0
2026-09-30T15:37:00+00:00,loadgen,MintLoadgen,net_bytes_recv,interface=ens5,maximum,135041010.0
2026-09-30T15:38:00+00:00,loadgen,MintLoadgen,net_bytes_recv,interface=ens5,maximum,135095399.0
2026-09-30T15:39:00+00:00,loadgen,MintLoadgen,net_bytes_recv,interface=ens5,maximum,135275905.0
2026-09-30T15:40:00+00:00,loadgen,MintLoadgen,net_bytes_recv,interface=ens5,maximum,128231641.0
2026-09-30T15:41:00+00:00,loadgen,MintLoadgen,net_bytes_recv,interface=ens5,maximum,79101574.0
2026-09-30T15:42:00+00:00,loadgen,MintLoadgen,net_bytes_recv,interface=ens5,maximum,15309807.0
2026-09-30T15:43:00+00:00,loadgen,MintLoadgen,net_bytes_recv,interface=ens5,maximum,35180.0
2026-09-30T15:31:00+00:00,loadgen,MintLoadgen,cpu_usage_user,cpu=cpu-total,average,0.8379069085424528
2026-09-30T15:32:00+00:00,loadgen,MintLoadgen,cpu_usage_user,cpu=cpu-total,average,7.196764374765403
2026-09-30T15:33:00+00:00,loadgen,MintLoadgen,cpu_usage_user,cpu=cpu-total,average,1.9741519929733975
2026-09-30T15:34:00+00:00,loadgen,MintLoadgen,cpu_usage_user,cpu=cpu-total,average,5.252011859381641
2026-09-30T15:35:00+00:00,loadgen,MintLoadgen,cpu_usage_user,cpu=cpu-total,average,8.552435334725311
2026-09-30T15:36:00+00:00,loadgen,MintLoadgen,cpu_usage_user,cpu=cpu-total,average,9.880277789612725
2026-09-30T15:37:00+00:00,loadgen,MintLoadgen,cpu_usage_user,cpu=cpu-total,average,9.231163724945457
2026-09-30T15:38:00+00:00,loadgen,MintLoadgen,cpu_usage_user,cpu=cpu-total,average,10.056723674670657
2026-09-30T15:39:00+00:00,loadgen,MintLoadgen,cpu_usage_user,cpu=cpu-total,average,9.528076463560328
2026-09-30T15:40:00+00:00,loadgen,MintLoadgen,cpu_usage_user,cpu=cpu-total,average,9.753497099965854
2026-09-30T15:41:00+00:00,loadgen,MintLoadgen,cpu_usage_user,cpu=cpu-total,average,5.534836412951308
2026-09-30T15:42:00+00:00,loadgen,MintLoadgen,cpu_usage_user,cpu=cpu-total,average,1.0851803745757789
2026-09-30T15:43:00+00:00,loadgen,MintLoadgen,cpu_usage_user,cpu=cpu-total,average,0.05419828233135875
2026-09-30T15:31:00+00:00,loadgen,MintLoadgen,cpu_usage_user,cpu=cpu-total,maximum,0.8379069085424528
2026-09-30T15:32:00+00:00,loadgen,MintLoadgen,cpu_usage_user,cpu=cpu-total,maximum,7.196764374765403
2026-09-30T15:33:00+00:00,loadgen,MintLoadgen,cpu_usage_user,cpu=cpu-total,maximum,1.9741519929733975
2026-09-30T15:34:00+00:00,loadgen,MintLoadgen,cpu_usage_user,cpu=cpu-total,maximum,5.252011859381641
2026-09-30T15:35:00+00:00,loadgen,MintLoadgen,cpu_usage_user,cpu=cpu-total,maximum,8.552435334725311
2026-09-30T15:36:00+00:00,loadgen,MintLoadgen,cpu_usage_user,cpu=cpu-total,maximum,9.880277789612725
2026-09-30T15:37:00+00:00,loadgen,MintLoadgen,cpu_usage_user,cpu=cpu-total,maximum,9.231163724945457
2026-09-30T15:38:00+00:00,loadgen,MintLoadgen,cpu_usage_user,cpu=cpu-total,maximum,10.056723674670657
2026-09-30T15:39:00+00:00,loadgen,MintLoadgen,cpu_usage_user,cpu=cpu-total,maximum,9.528076463560328
2026-09-30T15:40:00+00:00,loadgen,MintLoadgen,cpu_usage_user,cpu=cpu-total,maximum,9.753497099965854
2026-09-30T15:41:00+00:00,loadgen,MintLoadgen,cpu_usage_user,cpu=cpu-total,maximum,5.534836412951308
2026-09-30T15:42:00+00:00,loadgen,MintLoadgen,cpu_usage_user,cpu=cpu-total,maximum,1.0851803745757789
2026-09-30T15:43:00+00:00,loadgen,MintLoadgen,cpu_usage_user,cpu=cpu-total,maximum,0.05419828233135875
2026-09-30T15:31:00+00:00,loadgen,MintLoadgen,cpu_usage_system,cpu=cpu-total,average,0.335162763416974
2026-09-30T15:32:00+00:00,loadgen,MintLoadgen,cpu_usage_system,cpu=cpu-total,average,0.029187341033240666
2026-09-30T15:33:00+00:00,loadgen,MintLoadgen,cpu_usage_system,cpu=cpu-total,average,0.48517294742566125
2026-09-30T15:34:00+00:00,loadgen,MintLoadgen,cpu_usage_system,cpu=cpu-total,average,0.9741634900465892
2026-09-30T15:35:00+00:00,loadgen,MintLoadgen,cpu_usage_system,cpu=cpu-total,average,1.563898240081811
2026-09-30T15:36:00+00:00,loadgen,MintLoadgen,cpu_usage_system,cpu=cpu-total,average,1.7042307528439413
2026-09-30T15:37:00+00:00,loadgen,MintLoadgen,cpu_usage_system,cpu=cpu-total,average,1.5171588529424158
2026-09-30T15:38:00+00:00,loadgen,MintLoadgen,cpu_usage_system,cpu=cpu-total,average,1.6377361709387315
2026-09-30T15:39:00+00:00,loadgen,MintLoadgen,cpu_usage_system,cpu=cpu-total,average,1.617170165557267
2026-09-30T15:40:00+00:00,loadgen,MintLoadgen,cpu_usage_system,cpu=cpu-total,average,1.5054588877516117
2026-09-30T15:41:00+00:00,loadgen,MintLoadgen,cpu_usage_system,cpu=cpu-total,average,1.0764536362095232
2026-09-30T15:42:00+00:00,loadgen,MintLoadgen,cpu_usage_system,cpu=cpu-total,average,0.33938073490593534
2026-09-30T15:43:00+00:00,loadgen,MintLoadgen,cpu_usage_system,cpu=cpu-total,average,0.05419828233135875
2026-09-30T15:31:00+00:00,loadgen,MintLoadgen,cpu_usage_system,cpu=cpu-total,maximum,0.335162763416974
2026-09-30T15:32:00+00:00,loadgen,MintLoadgen,cpu_usage_system,cpu=cpu-total,maximum,0.029187341033240666
2026-09-30T15:33:00+00:00,loadgen,MintLoadgen,cpu_usage_system,cpu=cpu-total,maximum,0.48517294742566125
2026-09-30T15:34:00+00:00,loadgen,MintLoadgen,cpu_usage_system,cpu=cpu-total,maximum,0.9741634900465892
2026-09-30T15:35:00+00:00,loadgen,MintLoadgen,cpu_usage_system,cpu=cpu-total,maximum,1.563898240081811
2026-09-30T15:36:00+00:00,loadgen,MintLoadgen,cpu_usage_system,cpu=cpu-total,maximum,1.7042307528439413
2026-09-30T15:37:00+00:00,loadgen,MintLoadgen,cpu_usage_system,cpu=cpu-total,maximum,1.5171588529424158
2026-09-30T15:38:00+00:00,loadgen,MintLoadgen,cpu_usage_system,cpu=cpu-total,maximum,1.6377361709387315
2026-09-30T15:39:00+00:00,loadgen,MintLoadgen,cpu_usage_system,cpu=cpu-total,maximum,1.617170165557267
2026-09-30T15:40:00+00:00,loadgen,MintLoadgen,cpu_usage_system,cpu=cpu-total,maximum,1.5054588877516117
2026-09-30T15:41:00+00:00,loadgen,MintLoadgen,cpu_usage_system,cpu=cpu-total,maximum,1.0764536362095232
2026-09-30T15:42:00+00:00,loadgen,MintLoadgen,cpu_usage_system,cpu=cpu-total,maximum,0.33938073490593534
2026-09-30T15:43:00+00:00,loadgen,MintLoadgen,cpu_usage_system,cpu=cpu-total,maximum,0.05419828233135875
2026-09-30T15:31:00+00:00,loadgen,MintLoadgen,cpu_usage_idle,cpu=cpu-total,average,98.70543382630186
2026-09-30T15:32:00+00:00,loadgen,MintLoadgen,cpu_usage_idle,cpu=cpu-total,average,92.75320018346291
2026-09-30T15:33:00+00:00,loadgen,MintLoadgen,cpu_usage_idle,cpu=cpu-total,average,97.35246141620385
2026-09-30T15:34:00+00:00,loadgen,MintLoadgen,cpu_usage_idle,cpu=cpu-total,average,93.22321050402368
2026-09-30T15:35:00+00:00,loadgen,MintLoadgen,cpu_usage_idle,cpu=cpu-total,average,88.81834064856974
2026-09-30T15:36:00+00:00,loadgen,MintLoadgen,cpu_usage_idle,cpu=cpu-total,average,87.31200204507735
2026-09-30T15:37:00+00:00,loadgen,MintLoadgen,cpu_usage_idle,cpu=cpu-total,average,88.20035044232642
2026-09-30T15:38:00+00:00,loadgen,MintLoadgen,cpu_usage_idle,cpu=cpu-total,average,87.22224591632215
2026-09-30T15:39:00+00:00,loadgen,MintLoadgen,cpu_usage_idle,cpu=cpu-total,average,87.80081925243212
2026-09-30T15:40:00+00:00,loadgen,MintLoadgen,cpu_usage_idle,cpu=cpu-total,average,87.76867963152493
2026-09-30T15:41:00+00:00,loadgen,MintLoadgen,cpu_usage_idle,cpu=cpu-total,average,92.69367689438829
2026-09-30T15:42:00+00:00,loadgen,MintLoadgen,cpu_usage_idle,cpu=cpu-total,average,98.37432438094399
2026-09-30T15:43:00+00:00,loadgen,MintLoadgen,cpu_usage_idle,cpu=cpu-total,average,99.87075794213388
2026-09-30T15:31:00+00:00,loadgen,MintLoadgen,cpu_usage_idle,cpu=cpu-total,maximum,98.70543382630186
2026-09-30T15:32:00+00:00,loadgen,MintLoadgen,cpu_usage_idle,cpu=cpu-total,maximum,92.75320018346291
2026-09-30T15:33:00+00:00,loadgen,MintLoadgen,cpu_usage_idle,cpu=cpu-total,maximum,97.35246141620385
2026-09-30T15:34:00+00:00,loadgen,MintLoadgen,cpu_usage_idle,cpu=cpu-total,maximum,93.22321050402368
2026-09-30T15:35:00+00:00,loadgen,MintLoadgen,cpu_usage_idle,cpu=cpu-total,maximum,88.81834064856974
2026-09-30T15:36:00+00:00,loadgen,MintLoadgen,cpu_usage_idle,cpu=cpu-total,maximum,87.31200204507735
2026-09-30T15:37:00+00:00,loadgen,MintLoadgen,cpu_usage_idle,cpu=cpu-total,maximum,88.20035044232642
2026-09-30T15:38:00+00:00,loadgen,MintLoadgen,cpu_usage_idle,cpu=cpu-total,maximum,87.22224591632215
2026-09-30T15:39:00+00:00,loadgen,MintLoadgen,cpu_usage_idle,cpu=cpu-total,maximum,87.80081925243212
2026-09-30T15:40:00+00:00,loadgen,MintLoadgen,cpu_usage_idle,cpu=cpu-total,maximum,87.76867963152493
2026-09-30T15:41:00+00:00,loadgen,MintLoadgen,cpu_usage_idle,cpu=cpu-total,maximum,92.69367689438829
2026-09-30T15:42:00+00:00,loadgen,MintLoadgen,cpu_usage_idle,cpu=cpu-total,maximum,98.37432438094399
2026-09-30T15:43:00+00:00,loadgen,MintLoadgen,cpu_usage_idle,cpu=cpu-total,maximum,99.87075794213388
2026-09-30T15:31:00+00:00,loadgen,MintLoadgen,net_bytes_sent,interface=ens5,average,2099851.0
2026-09-30T15:32:00+00:00,loadgen,MintLoadgen,net_bytes_sent,interface=ens5,average,43825.0
2026-09-30T15:33:00+00:00,loadgen,MintLoadgen,net_bytes_sent,interface=ens5,average,821499.0
2026-09-30T15:34:00+00:00,loadgen,MintLoadgen,net_bytes_sent,interface=ens5,average,7801373.0
2026-09-30T15:35:00+00:00,loadgen,MintLoadgen,net_bytes_sent,interface=ens5,average,15432161.0
2026-09-30T15:36:00+00:00,loadgen,MintLoadgen,net_bytes_sent,interface=ens5,average,16758080.0
2026-09-30T15:37:00+00:00,loadgen,MintLoadgen,net_bytes_sent,interface=ens5,average,16800879.0
2026-09-30T15:38:00+00:00,loadgen,MintLoadgen,net_bytes_sent,interface=ens5,average,16818788.0
2026-09-30T15:39:00+00:00,loadgen,MintLoadgen,net_bytes_sent,interface=ens5,average,16850608.0
2026-09-30T15:40:00+00:00,loadgen,MintLoadgen,net_bytes_sent,interface=ens5,average,15841292.0
2026-09-30T15:41:00+00:00,loadgen,MintLoadgen,net_bytes_sent,interface=ens5,average,10156218.0
2026-09-30T15:42:00+00:00,loadgen,MintLoadgen,net_bytes_sent,interface=ens5,average,2562333.0
2026-09-30T15:43:00+00:00,loadgen,MintLoadgen,net_bytes_sent,interface=ens5,average,65180.0
2026-09-30T15:31:00+00:00,loadgen,MintLoadgen,net_bytes_sent,interface=ens5,maximum,2099851.0
2026-09-30T15:32:00+00:00,loadgen,MintLoadgen,net_bytes_sent,interface=ens5,maximum,43825.0
2026-09-30T15:33:00+00:00,loadgen,MintLoadgen,net_bytes_sent,interface=ens5,maximum,821499.0
2026-09-30T15:34:00+00:00,loadgen,MintLoadgen,net_bytes_sent,interface=ens5,maximum,7801373.0
2026-09-30T15:35:00+00:00,loadgen,MintLoadgen,net_bytes_sent,interface=ens5,maximum,15432161.0
2026-09-30T15:36:00+00:00,loadgen,MintLoadgen,net_bytes_sent,interface=ens5,maximum,16758080.0
2026-09-30T15:37:00+00:00,loadgen,MintLoadgen,net_bytes_sent,interface=ens5,maximum,16800879.0
2026-09-30T15:38:00+00:00,loadgen,MintLoadgen,net_bytes_sent,interface=ens5,maximum,16818788.0
2026-09-30T15:39:00+00:00,loadgen,MintLoadgen,net_bytes_sent,interface=ens5,maximum,16850608.0
2026-09-30T15:40:00+00:00,loadgen,MintLoadgen,net_bytes_sent,interface=ens5,maximum,15841292.0
2026-09-30T15:41:00+00:00,loadgen,MintLoadgen,net_bytes_sent,interface=ens5,maximum,10156218.0
2026-09-30T15:42:00+00:00,loadgen,MintLoadgen,net_bytes_sent,interface=ens5,maximum,2562333.0
2026-09-30T15:43:00+00:00,loadgen,MintLoadgen,net_bytes_sent,interface=ens5,maximum,65180.0
2026-09-30T15:31:00+00:00,loadgen,MintLoadgen,mem_used_percent,,average,2.5961368243868335
2026-09-30T15:32:00+00:00,loadgen,MintLoadgen,mem_used_percent,,average,2.4469145902739506
2026-09-30T15:33:00+00:00,loadgen,MintLoadgen,mem_used_percent,,average,13.458355294938945
2026-09-30T15:34:00+00:00,loadgen,MintLoadgen,mem_used_percent,,average,21.919766045140726
2026-09-30T15:35:00+00:00,loadgen,MintLoadgen,mem_used_percent,,average,31.156392302453064
2026-09-30T15:36:00+00:00,loadgen,MintLoadgen,mem_used_percent,,average,32.054576131843646
2026-09-30T15:37:00+00:00,loadgen,MintLoadgen,mem_used_percent,,average,32.250355302940136
2026-09-30T15:38:00+00:00,loadgen,MintLoadgen,mem_used_percent,,average,32.65711591027063
2026-09-30T15:39:00+00:00,loadgen,MintLoadgen,mem_used_percent,,average,32.67091796677705
2026-09-30T15:40:00+00:00,loadgen,MintLoadgen,mem_used_percent,,average,33.10803309693144
2026-09-30T15:41:00+00:00,loadgen,MintLoadgen,mem_used_percent,,average,33.03912282930157
2026-09-30T15:42:00+00:00,loadgen,MintLoadgen,mem_used_percent,,average,2.6581460637635006
2026-09-30T15:43:00+00:00,loadgen,MintLoadgen,mem_used_percent,,average,2.4820698284044322
2026-09-30T15:31:00+00:00,loadgen,MintLoadgen,mem_used_percent,,maximum,2.5961368243868335
2026-09-30T15:32:00+00:00,loadgen,MintLoadgen,mem_used_percent,,maximum,2.4469145902739506
2026-09-30T15:33:00+00:00,loadgen,MintLoadgen,mem_used_percent,,maximum,13.458355294938945
2026-09-30T15:34:00+00:00,loadgen,MintLoadgen,mem_used_percent,,maximum,21.919766045140726
2026-09-30T15:35:00+00:00,loadgen,MintLoadgen,mem_used_percent,,maximum,31.156392302453064
2026-09-30T15:36:00+00:00,loadgen,MintLoadgen,mem_used_percent,,maximum,32.054576131843646
2026-09-30T15:37:00+00:00,loadgen,MintLoadgen,mem_used_percent,,maximum,32.250355302940136
2026-09-30T15:38:00+00:00,loadgen,MintLoadgen,mem_used_percent,,maximum,32.65711591027063
2026-09-30T15:39:00+00:00,loadgen,MintLoadgen,mem_used_percent,,maximum,32.67091796677705
2026-09-30T15:40:00+00:00,loadgen,MintLoadgen,mem_used_percent,,maximum,33.10803309693144
2026-09-30T15:41:00+00:00,loadgen,MintLoadgen,mem_used_percent,,maximum,33.03912282930157
2026-09-30T15:42:00+00:00,loadgen,MintLoadgen,mem_used_percent,,maximum,2.6581460637635006
2026-09-30T15:43:00+00:00,loadgen,MintLoadgen,mem_used_percent,,maximum,2.4820698284044322
2026-09-30T15:35:00+00:00,loadgen,AWS/EC2,CPUUtilization,,average,15.641333333333332
2026-09-30T15:40:00+00:00,loadgen,AWS/EC2,CPUUtilization,,average,7.304666666666665
2026-09-30T15:35:00+00:00,loadgen,AWS/EC2,CPUUtilization,,maximum,16.72
2026-09-30T15:40:00+00:00,loadgen,AWS/EC2,CPUUtilization,,maximum,16.108333333333334
2026-09-30T15:35:00+00:00,loadgen,AWS/EC2,NetworkOut,,average,15481204.6
2026-09-30T15:40:00+00:00,loadgen,AWS/EC2,NetworkOut,,average,8010285.4
2026-09-30T15:35:00+00:00,loadgen,AWS/EC2,NetworkOut,,maximum,16895267.0
2026-09-30T15:40:00+00:00,loadgen,AWS/EC2,NetworkOut,,maximum,16850619.0
2026-09-30T15:35:00+00:00,loadgen,AWS/EC2,NetworkIn,,average,125909961.0
2026-09-30T15:40:00+00:00,loadgen,AWS/EC2,NetworkIn,,average,63996936.8
2026-09-30T15:35:00+00:00,loadgen,AWS/EC2,NetworkIn,,maximum,138108420.0
2026-09-30T15:40:00+00:00,loadgen,AWS/EC2,NetworkIn,,maximum,137437977.0
2026-09-30T15:35:00+00:00,db,AWS/RDS,CPUCreditBalance,,average,0.0
2026-09-30T15:40:00+00:00,db,AWS/RDS,CPUCreditBalance,,average,0.0
2026-09-30T15:35:00+00:00,db,AWS/RDS,CPUCreditBalance,,maximum,0.0
2026-09-30T15:40:00+00:00,db,AWS/RDS,CPUCreditBalance,,maximum,0.0
2026-09-30T15:31:00+00:00,db,AWS/RDS,FreeableMemory,,average,146104320.0
2026-09-30T15:32:00+00:00,db,AWS/RDS,FreeableMemory,,average,144470016.0
2026-09-30T15:33:00+00:00,db,AWS/RDS,FreeableMemory,,average,139972608.0
2026-09-30T15:34:00+00:00,db,AWS/RDS,FreeableMemory,,average,138166272.0
2026-09-30T15:35:00+00:00,db,AWS/RDS,FreeableMemory,,average,137801728.0
2026-09-30T15:36:00+00:00,db,AWS/RDS,FreeableMemory,,average,138604544.0
2026-09-30T15:37:00+00:00,db,AWS/RDS,FreeableMemory,,average,137236480.0
2026-09-30T15:38:00+00:00,db,AWS/RDS,FreeableMemory,,average,137322496.0
2026-09-30T15:39:00+00:00,db,AWS/RDS,FreeableMemory,,average,138338304.0
2026-09-30T15:40:00+00:00,db,AWS/RDS,FreeableMemory,,average,137519104.0
2026-09-30T15:41:00+00:00,db,AWS/RDS,FreeableMemory,,average,138903552.0
2026-09-30T15:42:00+00:00,db,AWS/RDS,FreeableMemory,,average,136855552.0
2026-09-30T15:43:00+00:00,db,AWS/RDS,FreeableMemory,,average,137678848.0
2026-09-30T15:31:00+00:00,db,AWS/RDS,FreeableMemory,,maximum,146104320.0
2026-09-30T15:32:00+00:00,db,AWS/RDS,FreeableMemory,,maximum,144470016.0
2026-09-30T15:33:00+00:00,db,AWS/RDS,FreeableMemory,,maximum,139972608.0
2026-09-30T15:34:00+00:00,db,AWS/RDS,FreeableMemory,,maximum,138166272.0
2026-09-30T15:35:00+00:00,db,AWS/RDS,FreeableMemory,,maximum,137801728.0
2026-09-30T15:36:00+00:00,db,AWS/RDS,FreeableMemory,,maximum,138604544.0
2026-09-30T15:37:00+00:00,db,AWS/RDS,FreeableMemory,,maximum,137236480.0
2026-09-30T15:38:00+00:00,db,AWS/RDS,FreeableMemory,,maximum,137322496.0
2026-09-30T15:39:00+00:00,db,AWS/RDS,FreeableMemory,,maximum,138338304.0
2026-09-30T15:40:00+00:00,db,AWS/RDS,FreeableMemory,,maximum,137519104.0
2026-09-30T15:41:00+00:00,db,AWS/RDS,FreeableMemory,,maximum,138903552.0
2026-09-30T15:42:00+00:00,db,AWS/RDS,FreeableMemory,,maximum,136855552.0
2026-09-30T15:43:00+00:00,db,AWS/RDS,FreeableMemory,,maximum,137678848.0
2026-09-30T15:31:00+00:00,db,AWS/RDS,CPUUtilization,,average,7.5727248465439025
2026-09-30T15:32:00+00:00,db,AWS/RDS,CPUUtilization,,average,3.8333972232870552
2026-09-30T15:33:00+00:00,db,AWS/RDS,CPUUtilization,,average,4.771183053557154
2026-09-30T15:34:00+00:00,db,AWS/RDS,CPUUtilization,,average,9.891246330397651
2026-09-30T15:35:00+00:00,db,AWS/RDS,CPUUtilization,,average,16.04973250445826
2026-09-30T15:36:00+00:00,db,AWS/RDS,CPUUtilization,,average,20.883988941811275
2026-09-30T15:37:00+00:00,db,AWS/RDS,CPUUtilization,,average,18.655969576675453
2026-09-30T15:38:00+00:00,db,AWS/RDS,CPUUtilization,,average,18.375
2026-09-30T15:39:00+00:00,db,AWS/RDS,CPUUtilization,,average,17.766666666666666
2026-09-30T15:40:00+00:00,db,AWS/RDS,CPUUtilization,,average,17.94457582520068
2026-09-30T15:41:00+00:00,db,AWS/RDS,CPUUtilization,,average,15.01175921138225
2026-09-30T15:42:00+00:00,db,AWS/RDS,CPUUtilization,,average,7.527436841141107
2026-09-30T15:43:00+00:00,db,AWS/RDS,CPUUtilization,,average,3.7582706954884078
2026-09-30T15:31:00+00:00,db,AWS/RDS,CPUUtilization,,maximum,7.5727248465439025
2026-09-30T15:32:00+00:00,db,AWS/RDS,CPUUtilization,,maximum,3.8333972232870552
2026-09-30T15:33:00+00:00,db,AWS/RDS,CPUUtilization,,maximum,4.771183053557154
2026-09-30T15:34:00+00:00,db,AWS/RDS,CPUUtilization,,maximum,9.891246330397651
2026-09-30T15:35:00+00:00,db,AWS/RDS,CPUUtilization,,maximum,16.04973250445826
2026-09-30T15:36:00+00:00,db,AWS/RDS,CPUUtilization,,maximum,20.883988941811275
2026-09-30T15:37:00+00:00,db,AWS/RDS,CPUUtilization,,maximum,18.655969576675453
2026-09-30T15:38:00+00:00,db,AWS/RDS,CPUUtilization,,maximum,18.375
2026-09-30T15:39:00+00:00,db,AWS/RDS,CPUUtilization,,maximum,17.766666666666666
2026-09-30T15:40:00+00:00,db,AWS/RDS,CPUUtilization,,maximum,17.94457582520068
2026-09-30T15:41:00+00:00,db,AWS/RDS,CPUUtilization,,maximum,15.01175921138225
2026-09-30T15:42:00+00:00,db,AWS/RDS,CPUUtilization,,maximum,7.527436841141107
2026-09-30T15:43:00+00:00,db,AWS/RDS,CPUUtilization,,maximum,3.7582706954884078
2026-09-30T15:31:00+00:00,db,AWS/RDS,SwapUsage,,average,516096.0
2026-09-30T15:32:00+00:00,db,AWS/RDS,SwapUsage,,average,516096.0
2026-09-30T15:33:00+00:00,db,AWS/RDS,SwapUsage,,average,516096.0
2026-09-30T15:34:00+00:00,db,AWS/RDS,SwapUsage,,average,516096.0
2026-09-30T15:35:00+00:00,db,AWS/RDS,SwapUsage,,average,516096.0
2026-09-30T15:36:00+00:00,db,AWS/RDS,SwapUsage,,average,512000.0
2026-09-30T15:37:00+00:00,db,AWS/RDS,SwapUsage,,average,495616.0
2026-09-30T15:38:00+00:00,db,AWS/RDS,SwapUsage,,average,495616.0
2026-09-30T15:39:00+00:00,db,AWS/RDS,SwapUsage,,average,495616.0
2026-09-30T15:40:00+00:00,db,AWS/RDS,SwapUsage,,average,495616.0
2026-09-30T15:41:00+00:00,db,AWS/RDS,SwapUsage,,average,471040.0
2026-09-30T15:42:00+00:00,db,AWS/RDS,SwapUsage,,average,471040.0
2026-09-30T15:43:00+00:00,db,AWS/RDS,SwapUsage,,average,471040.0
2026-09-30T15:31:00+00:00,db,AWS/RDS,SwapUsage,,maximum,516096.0
2026-09-30T15:32:00+00:00,db,AWS/RDS,SwapUsage,,maximum,516096.0
2026-09-30T15:33:00+00:00,db,AWS/RDS,SwapUsage,,maximum,516096.0
2026-09-30T15:34:00+00:00,db,AWS/RDS,SwapUsage,,maximum,516096.0
2026-09-30T15:35:00+00:00,db,AWS/RDS,SwapUsage,,maximum,516096.0
2026-09-30T15:36:00+00:00,db,AWS/RDS,SwapUsage,,maximum,512000.0
2026-09-30T15:37:00+00:00,db,AWS/RDS,SwapUsage,,maximum,495616.0
2026-09-30T15:38:00+00:00,db,AWS/RDS,SwapUsage,,maximum,495616.0
2026-09-30T15:39:00+00:00,db,AWS/RDS,SwapUsage,,maximum,495616.0
2026-09-30T15:40:00+00:00,db,AWS/RDS,SwapUsage,,maximum,495616.0
2026-09-30T15:41:00+00:00,db,AWS/RDS,SwapUsage,,maximum,471040.0
2026-09-30T15:42:00+00:00,db,AWS/RDS,SwapUsage,,maximum,471040.0
2026-09-30T15:43:00+00:00,db,AWS/RDS,SwapUsage,,maximum,471040.0
2026-09-30T15:31:00+00:00,db,AWS/RDS,FreeStorageSpace,,average,19521478656.0
2026-09-30T15:32:00+00:00,db,AWS/RDS,FreeStorageSpace,,average,19521433600.0
2026-09-30T15:33:00+00:00,db,AWS/RDS,FreeStorageSpace,,average,19458285568.0
2026-09-30T15:34:00+00:00,db,AWS/RDS,FreeStorageSpace,,average,19457875968.0
2026-09-30T15:35:00+00:00,db,AWS/RDS,FreeStorageSpace,,average,19457433600.0
2026-09-30T15:36:00+00:00,db,AWS/RDS,FreeStorageSpace,,average,19456958464.0
2026-09-30T15:37:00+00:00,db,AWS/RDS,FreeStorageSpace,,average,19389468672.0
2026-09-30T15:38:00+00:00,db,AWS/RDS,FreeStorageSpace,,average,19389272064.0
2026-09-30T15:39:00+00:00,db,AWS/RDS,FreeStorageSpace,,average,19388911616.0
2026-09-30T15:40:00+00:00,db,AWS/RDS,FreeStorageSpace,,average,19388395520.0
2026-09-30T15:41:00+00:00,db,AWS/RDS,FreeStorageSpace,,average,19388264448.0
2026-09-30T15:42:00+00:00,db,AWS/RDS,FreeStorageSpace,,average,19321057280.0
2026-09-30T15:43:00+00:00,db,AWS/RDS,FreeStorageSpace,,average,19321057280.0
2026-09-30T15:31:00+00:00,db,AWS/RDS,FreeStorageSpace,,maximum,19521478656.0
2026-09-30T15:32:00+00:00,db,AWS/RDS,FreeStorageSpace,,maximum,19521433600.0
2026-09-30T15:33:00+00:00,db,AWS/RDS,FreeStorageSpace,,maximum,19458285568.0
2026-09-30T15:34:00+00:00,db,AWS/RDS,FreeStorageSpace,,maximum,19457875968.0
2026-09-30T15:35:00+00:00,db,AWS/RDS,FreeStorageSpace,,maximum,19457433600.0
2026-09-30T15:36:00+00:00,db,AWS/RDS,FreeStorageSpace,,maximum,19456958464.0
2026-09-30T15:37:00+00:00,db,AWS/RDS,FreeStorageSpace,,maximum,19389468672.0
2026-09-30T15:38:00+00:00,db,AWS/RDS,FreeStorageSpace,,maximum,19389272064.0
2026-09-30T15:39:00+00:00,db,AWS/RDS,FreeStorageSpace,,maximum,19388911616.0
2026-09-30T15:40:00+00:00,db,AWS/RDS,FreeStorageSpace,,maximum,19388395520.0
2026-09-30T15:41:00+00:00,db,AWS/RDS,FreeStorageSpace,,maximum,19388264448.0
2026-09-30T15:42:00+00:00,db,AWS/RDS,FreeStorageSpace,,maximum,19321057280.0
2026-09-30T15:43:00+00:00,db,AWS/RDS,FreeStorageSpace,,maximum,19321057280.0
2026-09-30T15:31:00+00:00,db,AWS/RDS,DatabaseConnections,,average,10.0
2026-09-30T15:32:00+00:00,db,AWS/RDS,DatabaseConnections,,average,10.0
2026-09-30T15:33:00+00:00,db,AWS/RDS,DatabaseConnections,,average,10.0
2026-09-30T15:34:00+00:00,db,AWS/RDS,DatabaseConnections,,average,10.0
2026-09-30T15:35:00+00:00,db,AWS/RDS,DatabaseConnections,,average,10.0
2026-09-30T15:36:00+00:00,db,AWS/RDS,DatabaseConnections,,average,10.0
2026-09-30T15:37:00+00:00,db,AWS/RDS,DatabaseConnections,,average,10.0
2026-09-30T15:38:00+00:00,db,AWS/RDS,DatabaseConnections,,average,10.0
2026-09-30T15:39:00+00:00,db,AWS/RDS,DatabaseConnections,,average,10.0
2026-09-30T15:40:00+00:00,db,AWS/RDS,DatabaseConnections,,average,10.0
2026-09-30T15:41:00+00:00,db,AWS/RDS,DatabaseConnections,,average,10.0
2026-09-30T15:42:00+00:00,db,AWS/RDS,DatabaseConnections,,average,10.0
2026-09-30T15:43:00+00:00,db,AWS/RDS,DatabaseConnections,,average,10.0
2026-09-30T15:31:00+00:00,db,AWS/RDS,DatabaseConnections,,maximum,10.0
2026-09-30T15:32:00+00:00,db,AWS/RDS,DatabaseConnections,,maximum,10.0
2026-09-30T15:33:00+00:00,db,AWS/RDS,DatabaseConnections,,maximum,10.0
2026-09-30T15:34:00+00:00,db,AWS/RDS,DatabaseConnections,,maximum,10.0
2026-09-30T15:35:00+00:00,db,AWS/RDS,DatabaseConnections,,maximum,10.0
2026-09-30T15:36:00+00:00,db,AWS/RDS,DatabaseConnections,,maximum,10.0
2026-09-30T15:37:00+00:00,db,AWS/RDS,DatabaseConnections,,maximum,10.0
2026-09-30T15:38:00+00:00,db,AWS/RDS,DatabaseConnections,,maximum,10.0
2026-09-30T15:39:00+00:00,db,AWS/RDS,DatabaseConnections,,maximum,10.0
2026-09-30T15:40:00+00:00,db,AWS/RDS,DatabaseConnections,,maximum,10.0
2026-09-30T15:41:00+00:00,db,AWS/RDS,DatabaseConnections,,maximum,10.0
2026-09-30T15:42:00+00:00,db,AWS/RDS,DatabaseConnections,,maximum,10.0
2026-09-30T15:43:00+00:00,db,AWS/RDS,DatabaseConnections,,maximum,10.0
2026-09-30T15:31:00+00:00,db,AWS/RDS,BurstBalance,,average,99.0
2026-09-30T15:32:00+00:00,db,AWS/RDS,BurstBalance,,average,99.0
2026-09-30T15:33:00+00:00,db,AWS/RDS,BurstBalance,,average,99.0
2026-09-30T15:34:00+00:00,db,AWS/RDS,BurstBalance,,average,99.0
2026-09-30T15:35:00+00:00,db,AWS/RDS,BurstBalance,,average,99.0
2026-09-30T15:36:00+00:00,db,AWS/RDS,BurstBalance,,average,99.0
2026-09-30T15:37:00+00:00,db,AWS/RDS,BurstBalance,,average,99.0
2026-09-30T15:38:00+00:00,db,AWS/RDS,BurstBalance,,average,99.0
2026-09-30T15:39:00+00:00,db,AWS/RDS,BurstBalance,,average,99.0
2026-09-30T15:40:00+00:00,db,AWS/RDS,BurstBalance,,average,99.0
2026-09-30T15:41:00+00:00,db,AWS/RDS,BurstBalance,,average,99.0
2026-09-30T15:42:00+00:00,db,AWS/RDS,BurstBalance,,average,99.0
2026-09-30T15:43:00+00:00,db,AWS/RDS,BurstBalance,,average,99.0
2026-09-30T15:31:00+00:00,db,AWS/RDS,BurstBalance,,maximum,99.0
2026-09-30T15:32:00+00:00,db,AWS/RDS,BurstBalance,,maximum,99.0
2026-09-30T15:33:00+00:00,db,AWS/RDS,BurstBalance,,maximum,99.0
2026-09-30T15:34:00+00:00,db,AWS/RDS,BurstBalance,,maximum,99.0
2026-09-30T15:35:00+00:00,db,AWS/RDS,BurstBalance,,maximum,99.0
2026-09-30T15:36:00+00:00,db,AWS/RDS,BurstBalance,,maximum,99.0
2026-09-30T15:37:00+00:00,db,AWS/RDS,BurstBalance,,maximum,99.0
2026-09-30T15:38:00+00:00,db,AWS/RDS,BurstBalance,,maximum,99.0
2026-09-30T15:39:00+00:00,db,AWS/RDS,BurstBalance,,maximum,99.0
2026-09-30T15:40:00+00:00,db,AWS/RDS,BurstBalance,,maximum,99.0
2026-09-30T15:41:00+00:00,db,AWS/RDS,BurstBalance,,maximum,99.0
2026-09-30T15:42:00+00:00,db,AWS/RDS,BurstBalance,,maximum,99.0
2026-09-30T15:43:00+00:00,db,AWS/RDS,BurstBalance,,maximum,99.0
2026-09-30T15:35:00+00:00,db,AWS/RDS,CPUCreditUsage,,average,0.9327611833333334
2026-09-30T15:40:00+00:00,db,AWS/RDS,CPUCreditUsage,,average,1.8172055333333332
2026-09-30T15:35:00+00:00,db,AWS/RDS,CPUCreditUsage,,maximum,0.9327611833333334
2026-09-30T15:40:00+00:00,db,AWS/RDS,CPUCreditUsage,,maximum,1.8172055333333332
2026-09-30T15:31:00+00:00,db,AWS/RDS,WriteLatency,,average,0.0007807228915662651
2026-09-30T15:32:00+00:00,db,AWS/RDS,WriteLatency,,average,0.0038016
2026-09-30T15:33:00+00:00,db,AWS/RDS,WriteLatency,,average,0.0012519298245614035
2026-09-30T15:34:00+00:00,db,AWS/RDS,WriteLatency,,average,0.0002968960863697706
2026-09-30T15:35:00+00:00,db,AWS/RDS,WriteLatency,,average,0.0008661055853098698
2026-09-30T15:36:00+00:00,db,AWS/RDS,WriteLatency,,average,0.0010684931506849315
2026-09-30T15:37:00+00:00,db,AWS/RDS,WriteLatency,,average,0.0018666017526777021
2026-09-30T15:38:00+00:00,db,AWS/RDS,WriteLatency,,average,0.0009526298595230317
2026-09-30T15:39:00+00:00,db,AWS/RDS,WriteLatency,,average,0.0009866926322622525
2026-09-30T15:40:00+00:00,db,AWS/RDS,WriteLatency,,average,0.0010053628888094387
2026-09-30T15:41:00+00:00,db,AWS/RDS,WriteLatency,,average,0.0008714069591527988
2026-09-30T15:42:00+00:00,db,AWS/RDS,WriteLatency,,average,0.0020260384376937384
2026-09-30T15:43:00+00:00,db,AWS/RDS,WriteLatency,,average,0.00011764705882352942
2026-09-30T15:31:00+00:00,db,AWS/RDS,WriteLatency,,maximum,0.0007807228915662651
2026-09-30T15:32:00+00:00,db,AWS/RDS,WriteLatency,,maximum,0.0038016
2026-09-30T15:33:00+00:00,db,AWS/RDS,WriteLatency,,maximum,0.0012519298245614035
2026-09-30T15:34:00+00:00,db,AWS/RDS,WriteLatency,,maximum,0.0002968960863697706
2026-09-30T15:35:00+00:00,db,AWS/RDS,WriteLatency,,maximum,0.0008661055853098698
2026-09-30T15:36:00+00:00,db,AWS/RDS,WriteLatency,,maximum,0.0010684931506849315
2026-09-30T15:37:00+00:00,db,AWS/RDS,WriteLatency,,maximum,0.0018666017526777021
2026-09-30T15:38:00+00:00,db,AWS/RDS,WriteLatency,,maximum,0.0009526298595230317
2026-09-30T15:39:00+00:00,db,AWS/RDS,WriteLatency,,maximum,0.0009866926322622525
2026-09-30T15:40:00+00:00,db,AWS/RDS,WriteLatency,,maximum,0.0010053628888094387
2026-09-30T15:41:00+00:00,db,AWS/RDS,WriteLatency,,maximum,0.0008714069591527988
2026-09-30T15:42:00+00:00,db,AWS/RDS,WriteLatency,,maximum,0.0020260384376937384
2026-09-30T15:43:00+00:00,db,AWS/RDS,WriteLatency,,maximum,0.00011764705882352942
2026-09-30T15:31:00+00:00,db,AWS/RDS,WriteIOPS,,average,5.9519839946648885
2026-09-30T15:32:00+00:00,db,AWS/RDS,WriteIOPS,,average,9.849343377108193
2026-09-30T15:33:00+00:00,db,AWS/RDS,WriteIOPS,,average,12.514163833899886
2026-09-30T15:34:00+00:00,db,AWS/RDS,WriteIOPS,,average,19.80363066562203
2026-09-30T15:35:00+00:00,db,AWS/RDS,WriteIOPS,,average,40.86902917312274
2026-09-30T15:36:00+00:00,db,AWS/RDS,WriteIOPS,,average,45.71971464764318
2026-09-30T15:37:00+00:00,db,AWS/RDS,WriteIOPS,,average,65.49890835152748
2026-09-30T15:38:00+00:00,db,AWS/RDS,WriteIOPS,,average,49.21039905281238
2026-09-30T15:39:00+00:00,db,AWS/RDS,WriteIOPS,,average,49.07791493827777
2026-09-30T15:40:00+00:00,db,AWS/RDS,WriteIOPS,,average,43.79209175168367
2026-09-30T15:41:00+00:00,db,AWS/RDS,WriteIOPS,,average,30.931786743996135
2026-09-30T15:42:00+00:00,db,AWS/RDS,WriteIOPS,,average,25.452545254525454
2026-09-30T15:43:00+00:00,db,AWS/RDS,WriteIOPS,,average,0.433253903451034
2026-09-30T15:31:00+00:00,db,AWS/RDS,WriteIOPS,,maximum,5.9519839946648885
2026-09-30T15:32:00+00:00,db,AWS/RDS,WriteIOPS,,maximum,9.849343377108193
2026-09-30T15:33:00+00:00,db,AWS/RDS,WriteIOPS,,maximum,12.514163833899886
2026-09-30T15:34:00+00:00,db,AWS/RDS,WriteIOPS,,maximum,19.80363066562203
2026-09-30T15:35:00+00:00,db,AWS/RDS,WriteIOPS,,maximum,40.86902917312274
2026-09-30T15:36:00+00:00,db,AWS/RDS,WriteIOPS,,maximum,45.71971464764318
2026-09-30T15:37:00+00:00,db,AWS/RDS,WriteIOPS,,maximum,65.49890835152748
2026-09-30T15:38:00+00:00,db,AWS/RDS,WriteIOPS,,maximum,49.21039905281238
2026-09-30T15:39:00+00:00,db,AWS/RDS,WriteIOPS,,maximum,49.07791493827777
2026-09-30T15:40:00+00:00,db,AWS/RDS,WriteIOPS,,maximum,43.79209175168367
2026-09-30T15:41:00+00:00,db,AWS/RDS,WriteIOPS,,maximum,30.931786743996135
2026-09-30T15:42:00+00:00,db,AWS/RDS,WriteIOPS,,maximum,25.452545254525454
2026-09-30T15:43:00+00:00,db,AWS/RDS,WriteIOPS,,maximum,0.433253903451034
2026-09-30T15:31:00+00:00,db,AWS/RDS,ReadIOPS,,average,0.050016672224074694
2026-09-30T15:32:00+00:00,db,AWS/RDS,ReadIOPS,,average,0.0
2026-09-30T15:33:00+00:00,db,AWS/RDS,ReadIOPS,,average,0.016663333999866692
2026-09-30T15:34:00+00:00,db,AWS/RDS,ReadIOPS,,average,0.0
2026-09-30T15:35:00+00:00,db,AWS/RDS,ReadIOPS,,average,1.299545159194282
2026-09-30T15:36:00+00:00,db,AWS/RDS,ReadIOPS,,average,0.01666777785185679
2026-09-30T15:37:00+00:00,db,AWS/RDS,ReadIOPS,,average,0.2333294445092582
2026-09-30T15:38:00+00:00,db,AWS/RDS,ReadIOPS,,average,0.016675838377774442
2026-09-30T15:39:00+00:00,db,AWS/RDS,ReadIOPS,,average,0.0
2026-09-30T15:40:00+00:00,db,AWS/RDS,ReadIOPS,,average,1.3002600520104022
2026-09-30T15:41:00+00:00,db,AWS/RDS,ReadIOPS,,average,0.0
2026-09-30T15:42:00+00:00,db,AWS/RDS,ReadIOPS,,average,0.0
2026-09-30T15:43:00+00:00,db,AWS/RDS,ReadIOPS,,average,0.0
2026-09-30T15:31:00+00:00,db,AWS/RDS,ReadIOPS,,maximum,0.050016672224074694
2026-09-30T15:32:00+00:00,db,AWS/RDS,ReadIOPS,,maximum,0.0
2026-09-30T15:33:00+00:00,db,AWS/RDS,ReadIOPS,,maximum,0.016663333999866692
2026-09-30T15:34:00+00:00,db,AWS/RDS,ReadIOPS,,maximum,0.0
2026-09-30T15:35:00+00:00,db,AWS/RDS,ReadIOPS,,maximum,1.299545159194282
2026-09-30T15:36:00+00:00,db,AWS/RDS,ReadIOPS,,maximum,0.01666777785185679
2026-09-30T15:37:00+00:00,db,AWS/RDS,ReadIOPS,,maximum,0.2333294445092582
2026-09-30T15:38:00+00:00,db,AWS/RDS,ReadIOPS,,maximum,0.016675838377774442
2026-09-30T15:39:00+00:00,db,AWS/RDS,ReadIOPS,,maximum,0.0
2026-09-30T15:40:00+00:00,db,AWS/RDS,ReadIOPS,,maximum,1.3002600520104022
2026-09-30T15:41:00+00:00,db,AWS/RDS,ReadIOPS,,maximum,0.0
2026-09-30T15:42:00+00:00,db,AWS/RDS,ReadIOPS,,maximum,0.0
2026-09-30T15:43:00+00:00,db,AWS/RDS,ReadIOPS,,maximum,0.0
2026-09-30T15:31:00+00:00,db,AWS/RDS,ReadThroughput,,average,204.87170509678387
2026-09-30T15:32:00+00:00,db,AWS/RDS,ReadThroughput,,average,0.0
2026-09-30T15:33:00+00:00,db,AWS/RDS,ReadThroughput,,average,68.25301606345397
2026-09-30T15:34:00+00:00,db,AWS/RDS,ReadThroughput,,average,0.0
2026-09-30T15:35:00+00:00,db,AWS/RDS,ReadThroughput,,average,682.4391869376874
2026-09-30T15:36:00+00:00,db,AWS/RDS,ReadThroughput,,average,68.27121808120542
2026-09-30T15:37:00+00:00,db,AWS/RDS,ReadThroughput,,average,5870.737642078598
2026-09-30T15:38:00+00:00,db,AWS/RDS,ReadThroughput,,average,68.30537304472534
2026-09-30T15:39:00+00:00,db,AWS/RDS,ReadThroughput,,average,0.0
2026-09-30T15:40:00+00:00,db,AWS/RDS,ReadThroughput,,average,682.8032273121291
2026-09-30T15:41:00+00:00,db,AWS/RDS,ReadThroughput,,average,0.0
2026-09-30T15:42:00+00:00,db,AWS/RDS,ReadThroughput,,average,0.0
2026-09-30T15:43:00+00:00,db,AWS/RDS,ReadThroughput,,average,0.0
2026-09-30T15:31:00+00:00,db,AWS/RDS,ReadThroughput,,maximum,204.87170509678387
2026-09-30T15:32:00+00:00,db,AWS/RDS,ReadThroughput,,maximum,0.0
2026-09-30T15:33:00+00:00,db,AWS/RDS,ReadThroughput,,maximum,68.25301606345397
2026-09-30T15:34:00+00:00,db,AWS/RDS,ReadThroughput,,maximum,0.0
2026-09-30T15:35:00+00:00,db,AWS/RDS,ReadThroughput,,maximum,682.4391869376874
2026-09-30T15:36:00+00:00,db,AWS/RDS,ReadThroughput,,maximum,68.27121808120542
2026-09-30T15:37:00+00:00,db,AWS/RDS,ReadThroughput,,maximum,5870.737642078598
2026-09-30T15:38:00+00:00,db,AWS/RDS,ReadThroughput,,maximum,68.30537304472534
2026-09-30T15:39:00+00:00,db,AWS/RDS,ReadThroughput,,maximum,0.0
2026-09-30T15:40:00+00:00,db,AWS/RDS,ReadThroughput,,maximum,682.8032273121291
2026-09-30T15:41:00+00:00,db,AWS/RDS,ReadThroughput,,maximum,0.0
2026-09-30T15:42:00+00:00,db,AWS/RDS,ReadThroughput,,maximum,0.0
2026-09-30T15:43:00+00:00,db,AWS/RDS,ReadThroughput,,maximum,0.0
2026-09-30T15:31:00+00:00,db,AWS/RDS,WriteThroughput,,average,51354.50741092716
2026-09-30T15:32:00+00:00,db,AWS/RDS,WriteThroughput,,average,1099634.4243717087
2026-09-30T15:33:00+00:00,db,AWS/RDS,WriteThroughput,,average,1273669.5327601146
2026-09-30T15:34:00+00:00,db,AWS/RDS,WriteThroughput,,average,183463.11051841974
2026-09-30T15:35:00+00:00,db,AWS/RDS,WriteThroughput,,average,355141.35288237256
2026-09-30T15:36:00+00:00,db,AWS/RDS,WriteThroughput,,average,397338.4892326155
2026-09-30T15:37:00+00:00,db,AWS/RDS,WriteThroughput,,average,2590019.2660244657
2026-09-30T15:38:00+00:00,db,AWS/RDS,WriteThroughput,,average,440159.82390021015
2026-09-30T15:39:00+00:00,db,AWS/RDS,WriteThroughput,,average,422585.30328019056
2026-09-30T15:40:00+00:00,db,AWS/RDS,WriteThroughput,,average,381140.7614856305
2026-09-30T15:41:00+00:00,db,AWS/RDS,WriteThroughput,,average,266358.7760815946
2026-09-30T15:42:00+00:00,db,AWS/RDS,WriteThroughput,,average,2277125.8459179252
2026-09-30T15:43:00+00:00,db,AWS/RDS,WriteThroughput,,average,7371.571404765872
2026-09-30T15:31:00+00:00,db,AWS/RDS,WriteThroughput,,maximum,51354.50741092716
2026-09-30T15:32:00+00:00,db,AWS/RDS,WriteThroughput,,maximum,1099634.4243717087
2026-09-30T15:33:00+00:00,db,AWS/RDS,WriteThroughput,,maximum,1273669.5327601146
2026-09-30T15:34:00+00:00,db,AWS/RDS,WriteThroughput,,maximum,183463.11051841974
2026-09-30T15:35:00+00:00,db,AWS/RDS,WriteThroughput,,maximum,355141.35288237256
2026-09-30T15:36:00+00:00,db,AWS/RDS,WriteThroughput,,maximum,397338.4892326155
2026-09-30T15:37:00+00:00,db,AWS/RDS,WriteThroughput,,maximum,2590019.2660244657
2026-09-30T15:38:00+00:00,db,AWS/RDS,WriteThroughput,,maximum,440159.82390021015
2026-09-30T15:39:00+00:00,db,AWS/RDS,WriteThroughput,,maximum,422585.30328019056
2026-09-30T15:40:00+00:00,db,AWS/RDS,WriteThroughput,,maximum,381140.7614856305
2026-09-30T15:41:00+00:00,db,AWS/RDS,WriteThroughput,,maximum,266358.7760815946
2026-09-30T15:42:00+00:00,db,AWS/RDS,WriteThroughput,,maximum,2277125.8459179252
2026-09-30T15:43:00+00:00,db,AWS/RDS,WriteThroughput,,maximum,7371.571404765872
2026-09-30T15:31:00+00:00,db,AWS/RDS,ReadLatency,,average,0.0026666666666666666
2026-09-30T15:32:00+00:00,db,AWS/RDS,ReadLatency,,average,0.0
2026-09-30T15:33:00+00:00,db,AWS/RDS,ReadLatency,,average,0.0
2026-09-30T15:34:00+00:00,db,AWS/RDS,ReadLatency,,average,0.0
2026-09-30T15:35:00+00:00,db,AWS/RDS,ReadLatency,,average,0.0008
2026-09-30T15:36:00+00:00,db,AWS/RDS,ReadLatency,,average,0.004
2026-09-30T15:37:00+00:00,db,AWS/RDS,ReadLatency,,average,0.001142857142857143
2026-09-30T15:38:00+00:00,db,AWS/RDS,ReadLatency,,average,0.0
2026-09-30T15:39:00+00:00,db,AWS/RDS,ReadLatency,,average,0.0
2026-09-30T15:40:00+00:00,db,AWS/RDS,ReadLatency,,average,0.0004
2026-09-30T15:41:00+00:00,db,AWS/RDS,ReadLatency,,average,0.0
2026-09-30T15:42:00+00:00,db,AWS/RDS,ReadLatency,,average,0.0
2026-09-30T15:43:00+00:00,db,AWS/RDS,ReadLatency,,average,0.0
2026-09-30T15:31:00+00:00,db,AWS/RDS,ReadLatency,,maximum,0.0026666666666666666
2026-09-30T15:32:00+00:00,db,AWS/RDS,ReadLatency,,maximum,0.0
2026-09-30T15:33:00+00:00,db,AWS/RDS,ReadLatency,,maximum,0.0
2026-09-30T15:34:00+00:00,db,AWS/RDS,ReadLatency,,maximum,0.0
2026-09-30T15:35:00+00:00,db,AWS/RDS,ReadLatency,,maximum,0.0008
2026-09-30T15:36:00+00:00,db,AWS/RDS,ReadLatency,,maximum,0.004
2026-09-30T15:37:00+00:00,db,AWS/RDS,ReadLatency,,maximum,0.001142857142857143
2026-09-30T15:38:00+00:00,db,AWS/RDS,ReadLatency,,maximum,0.0
2026-09-30T15:39:00+00:00,db,AWS/RDS,ReadLatency,,maximum,0.0
2026-09-30T15:40:00+00:00,db,AWS/RDS,ReadLatency,,maximum,0.0004
2026-09-30T15:41:00+00:00,db,AWS/RDS,ReadLatency,,maximum,0.0
2026-09-30T15:42:00+00:00,db,AWS/RDS,ReadLatency,,maximum,0.0
2026-09-30T15:43:00+00:00,db,AWS/RDS,ReadLatency,,maximum,0.0
2026-09-30T15:31:00+00:00,db,AWS/RDS,DiskQueueDepth,,average,0.005835278426142047
2026-09-30T15:32:00+00:00,db,AWS/RDS,DiskQueueDepth,,average,0.03938136426512008
2026-09-30T15:33:00+00:00,db,AWS/RDS,DiskQueueDepth,,average,0.02969406118776245
2026-09-30T15:34:00+00:00,db,AWS/RDS,DiskQueueDepth,,average,0.007901316886147692
2026-09-30T15:35:00+00:00,db,AWS/RDS,DiskQueueDepth,,average,0.03597134288570476
2026-09-30T15:36:00+00:00,db,AWS/RDS,DiskQueueDepth,,average,0.04410294019601307
2026-09-30T15:37:00+00:00,db,AWS/RDS,DiskQueueDepth,,average,0.12107929735675478
2026-09-30T15:38:00+00:00,db,AWS/RDS,DiskQueueDepth,,average,0.047093352899976654
2026-09-30T15:39:00+00:00,db,AWS/RDS,DiskQueueDepth,,average,0.04716211038366069
2026-09-30T15:40:00+00:00,db,AWS/RDS,DiskQueueDepth,,average,0.04265853170634127
2026-09-30T15:41:00+00:00,db,AWS/RDS,DiskQueueDepth,,average,0.02958136124258383
2026-09-30T15:42:00+00:00,db,AWS/RDS,DiskQueueDepth,,average,0.054037836486373864
2026-09-30T15:43:00+00:00,db,AWS/RDS,DiskQueueDepth,,average,0.00018330583745771467
2026-09-30T15:31:00+00:00,db,AWS/RDS,DiskQueueDepth,,maximum,0.005835278426142047
2026-09-30T15:32:00+00:00,db,AWS/RDS,DiskQueueDepth,,maximum,0.03938136426512008
2026-09-30T15:33:00+00:00,db,AWS/RDS,DiskQueueDepth,,maximum,0.02969406118776245
2026-09-30T15:34:00+00:00,db,AWS/RDS,DiskQueueDepth,,maximum,0.007901316886147692
2026-09-30T15:35:00+00:00,db,AWS/RDS,DiskQueueDepth,,maximum,0.03597134288570476
2026-09-30T15:36:00+00:00,db,AWS/RDS,DiskQueueDepth,,maximum,0.04410294019601307
2026-09-30T15:37:00+00:00,db,AWS/RDS,DiskQueueDepth,,maximum,0.12107929735675478
2026-09-30T15:38:00+00:00,db,AWS/RDS,DiskQueueDepth,,maximum,0.047093352899976654
2026-09-30T15:39:00+00:00,db,AWS/RDS,DiskQueueDepth,,maximum,0.04716211038366069
2026-09-30T15:40:00+00:00,db,AWS/RDS,DiskQueueDepth,,maximum,0.04265853170634127
2026-09-30T15:41:00+00:00,db,AWS/RDS,DiskQueueDepth,,maximum,0.02958136124258383
2026-09-30T15:42:00+00:00,db,AWS/RDS,DiskQueueDepth,,maximum,0.054037836486373864
2026-09-30T15:43:00+00:00,db,AWS/RDS,DiskQueueDepth,,maximum,0.00018330583745771467
