timestamp,source,namespace,metric,dims,stat,value
2026-09-30T15:09:00+00:00,backend,CWAgent,mem_used_percent,,average,71.18730021490538
2026-09-30T15:10:00+00:00,backend,CWAgent,mem_used_percent,,average,69.90909128697973
2026-09-30T15:11:00+00:00,backend,CWAgent,mem_used_percent,,average,75.96800944419735
2026-09-30T15:12:00+00:00,backend,CWAgent,mem_used_percent,,average,77.43077927098444
2026-09-30T15:13:00+00:00,backend,CWAgent,mem_used_percent,,average,79.95726833242577
2026-09-30T15:14:00+00:00,backend,CWAgent,mem_used_percent,,average,78.57638701256593
2026-09-30T15:15:00+00:00,backend,CWAgent,mem_used_percent,,average,75.52946947055132
2026-09-30T15:16:00+00:00,backend,CWAgent,mem_used_percent,,average,73.93659252362089
2026-09-30T15:17:00+00:00,backend,CWAgent,mem_used_percent,,average,74.50648665051067
2026-09-30T15:18:00+00:00,backend,CWAgent,mem_used_percent,,average,75.06141638019545
2026-09-30T15:19:00+00:00,backend,CWAgent,mem_used_percent,,average,75.59265248097235
2026-09-30T15:20:00+00:00,backend,CWAgent,mem_used_percent,,average,74.942948235656
2026-09-30T15:21:00+00:00,backend,CWAgent,mem_used_percent,,average,72.68457129080396
2026-09-30T15:09:00+00:00,backend,CWAgent,mem_used_percent,,maximum,71.18730021490538
2026-09-30T15:10:00+00:00,backend,CWAgent,mem_used_percent,,maximum,69.90909128697973
2026-09-30T15:11:00+00:00,backend,CWAgent,mem_used_percent,,maximum,75.96800944419735
2026-09-30T15:12:00+00:00,backend,CWAgent,mem_used_percent,,maximum,77.43077927098444
2026-09-30T15:13:00+00:00,backend,CWAgent,mem_used_percent,,maximum,79.95726833242577
2026-09-30T15:14:00+00:00,backend,CWAgent,mem_used_percent,,maximum,78.57638701256593
2026-09-30T15:15:00+00:00,backend,CWAgent,mem_used_percent,,maximum,75.52946947055132
2026-09-30T15:16:00+00:00,backend,CWAgent,mem_used_percent,,maximum,73.93659252362089
2026-09-30T15:17:00+00:00,backend,CWAgent,mem_used_percent,,maximum,74.50648665051067
2026-09-30T15:18:00+00:00,backend,CWAgent,mem_used_percent,,maximum,75.06141638019545
2026-09-30T15:19:00+00:00,backend,CWAgent,mem_used_percent,,maximum,75.59265248097235
2026-09-30T15:20:00+00:00,backend,CWAgent,mem_used_percent,,maximum,74.942948235656
2026-09-30T15:21:00+00:00,backend,CWAgent,mem_used_percent,,maximum,72.68457129080396
2026-09-30T15:09:00+00:00,backend,CWAgent,diskio_iops_in_progress,name=nvme0n1p15,average,0.0
2026-09-30T15:10:00+00:00,backend,CWAgent,diskio_iops_in_progress,name=nvme0n1p15,average,0.0
2026-09-30T15:11:00+00:00,backend,CWAgent,diskio_iops_in_progress,name=nvme0n1p15,average,0.0
2026-09-30T15:12:00+00:00,backend,CWAgent,diskio_iops_in_progress,name=nvme0n1p15,average,0.0
2026-09-30T15:13:00+00:00,backend,CWAgent,diskio_iops_in_progress,name=nvme0n1p15,average,0.0
2026-09-30T15:14:00+00:00,backend,CWAgent,diskio_iops_in_progress,name=nvme0n1p15,average,0.0
2026-09-30T15:15:00+00:00,backend,CWAgent,diskio_iops_in_progress,name=nvme0n1p15,average,0.0
2026-09-30T15:16:00+00:00,backend,CWAgent,diskio_iops_in_progress,name=nvme0n1p15,average,0.0
2026-09-30T15:17:00+00:00,backend,CWAgent,diskio_iops_in_progress,name=nvme0n1p15,average,0.0
2026-09-30T15:18:00+00:00,backend,CWAgent,diskio_iops_in_progress,name=nvme0n1p15,average,0.0
2026-09-30T15:19:00+00:00,backend,CWAgent,diskio_iops_in_progress,name=nvme0n1p15,average,0.0
2026-09-30T15:20:00+00:00,backend,CWAgent,diskio_iops_in_progress,name=nvme0n1p15,average,0.0
2026-09-30T15:21:00+00:00,backend,CWAgent,diskio_iops_in_progress,name=nvme0n1p15,average,0.0
2026-09-30T15:09:00+00:00,backend,CWAgent,diskio_iops_in_progress,name=nvme0n1p15,maximum,0.0
2026-09-30T15:10:00+00:00,backend,CWAgent,diskio_iops_in_progress,name=nvme0n1p15,maximum,0.0
2026-09-30T15:11:00+00:00,backend,CWAgent,diskio_iops_in_progress,name=nvme0n1p15,maximum,0.0
2026-09-30T15:12:00+00:00,backend,CWAgent,diskio_iops_in_progress,name=nvme0n1p15,maximum,0.0
2026-09-30T15:13:00+00:00,backend,CWAgent,diskio_iops_in_progress,name=nvme0n1p15,maximum,0.0
2026-09-30T15:14:00+00:00,backend,CWAgent,diskio_iops_in_progress,name=nvme0n1p15,maximum,0.0
2026-09-30T15:15:00+00:00,backend,CWAgent,diskio_iops_in_progress,name=nvme0n1p15,maximum,0.0
2026-09-30T15:16:00+00:00,backend,CWAgent,diskio_iops_in_progress,name=nvme0n1p15,maximum,0.0
2026-09-30T15:17:00+00:00,backend,CWAgent,diskio_iops_in_progress,name=nvme0n1p15,maximum,0.0
2026-09-30T15:18:00+00:00,backend,CWAgent,diskio_iops_in_progress,name=nvme0n1p15,maximum,0.0
2026-09-30T15:19:00+00:00,backend,CWAgent,diskio_iops_in_progress,name=nvme0n1p15,maximum,0.0
2026-09-30T15:20:00+00:00,backend,CWAgent,diskio_iops_in_progress,name=nvme0n1p15,maximum,0.0
2026-09-30T15:21:00+00:00,backend,CWAgent,diskio_iops_in_progress,name=nvme0n1p15,maximum,0.0
2026-09-30T15:09:00+00:00,backend,CWAgent,mem_available,,average,143925248.0
2026-09-30T15:10:00+00:00,backend,CWAgent,mem_available,,average,156520448.0
2026-09-30T15:11:00+00:00,backend,CWAgent,mem_available,,average,96669696.0
2026-09-30T15:12:00+00:00,backend,CWAgent,mem_available,,average,81625088.0
2026-09-30T15:13:00+00:00,backend,CWAgent,mem_available,,average,56557568.0
2026-09-30T15:14:00+00:00,backend,CWAgent,mem_available,,average,71897088.0
2026-09-30T15:15:00+00:00,backend,CWAgent,mem_available,,average,99467264.0
2026-09-30T15:16:00+00:00,backend,CWAgent,mem_available,,average,114769920.0
2026-09-30T15:17:00+00:00,backend,CWAgent,mem_available,,average,109027328.0
2026-09-30T15:18:00+00:00,backend,CWAgent,mem_available,,average,103628800.0
2026-09-30T15:19:00+00:00,backend,CWAgent,mem_available,,average,98590720.0
2026-09-30T15:20:00+00:00,backend,CWAgent,mem_available,,average,105988096.0
2026-09-30T15:21:00+00:00,backend,CWAgent,mem_available,,average,128315392.0
2026-09-30T15:09:00+00:00,backend,CWAgent,mem_available,,maximum,143925248.0
2026-09-30T15:10:00+00:00,backend,CWAgent,mem_available,,maximum,156520448.0
2026-09-30T15:11:00+00:00,backend,CWAgent,mem_available,,maximum,96669696.0
2026-09-30T15:12:00+00:00,backend,CWAgent,mem_available,,maximum,81625088.0
2026-09-30T15:13:00+00:00,backend,CWAgent,mem_available,,maximum,56557568.0
2026-09-30T15:14:00+00:00,backend,CWAgent,mem_available,,maximum,71897088.0
2026-09-30T15:15:00+00:00,backend,CWAgent,mem_available,,maximum,99467264.0
2026-09-30T15:16:00+00:00,backend,CWAgent,mem_available,,maximum,114769920.0
2026-09-30T15:17:00+00:00,backend,CWAgent,mem_available,,maximum,109027328.0
2026-09-30T15:18:00+00:00,backend,CWAgent,mem_available,,maximum,103628800.0
2026-09-30T15:19:00+00:00,backend,CWAgent,mem_available,,maximum,98590720.0
2026-09-30T15:20:00+00:00,backend,CWAgent,mem_available,,maximum,105988096.0
2026-09-30T15:21:00+00:00,backend,CWAgent,mem_available,,maximum,128315392.0
2026-09-30T15:09:00+00:00,backend,CWAgent,procstat_memory_rss,exe=containerd;process_name=containerd,average,27623424.0
2026-09-30T15:10:00+00:00,backend,CWAgent,procstat_memory_rss,exe=containerd;process_name=containerd,average,27623424.0
2026-09-30T15:11:00+00:00,backend,CWAgent,procstat_memory_rss,exe=containerd;process_name=containerd,average,27504640.0
2026-09-30T15:12:00+00:00,backend,CWAgent,procstat_memory_rss,exe=containerd;process_name=containerd,average,27488256.0
2026-09-30T15:13:00+00:00,backend,CWAgent,procstat_memory_rss,exe=containerd;process_name=containerd,average,27529216.0
2026-09-30T15:14:00+00:00,backend,CWAgent,procstat_memory_rss,exe=containerd;process_name=containerd,average,27656192.0
2026-09-30T15:15:00+00:00,backend,CWAgent,procstat_memory_rss,exe=containerd;process_name=containerd,average,26009600.0
2026-09-30T15:16:00+00:00,backend,CWAgent,procstat_memory_rss,exe=containerd;process_name=containerd,average,26099712.0
2026-09-30T15:17:00+00:00,backend,CWAgent,procstat_memory_rss,exe=containerd;process_name=containerd,average,26169344.0
2026-09-30T15:18:00+00:00,backend,CWAgent,procstat_memory_rss,exe=containerd;process_name=containerd,average,26243072.0
2026-09-30T15:19:00+00:00,backend,CWAgent,procstat_memory_rss,exe=containerd;process_name=containerd,average,26247168.0
2026-09-30T15:20:00+00:00,backend,CWAgent,procstat_memory_rss,exe=containerd;process_name=containerd,average,28532736.0
2026-09-30T15:21:00+00:00,backend,CWAgent,procstat_memory_rss,exe=containerd;process_name=containerd,average,28753920.0
2026-09-30T15:09:00+00:00,backend,CWAgent,procstat_memory_rss,exe=containerd;process_name=containerd,maximum,27623424.0
2026-09-30T15:10:00+00:00,backend,CWAgent,procstat_memory_rss,exe=containerd;process_name=containerd,maximum,27623424.0
2026-09-30T15:11:00+00:00,backend,CWAgent,procstat_memory_rss,exe=containerd;process_name=containerd,maximum,27504640.0
2026-09-30T15:12:00+00:00,backend,CWAgent,procstat_memory_rss,exe=containerd;process_name=containerd,maximum,27488256.0
2026-09-30T15:13:00+00:00,backend,CWAgent,procstat_memory_rss,exe=containerd;process_name=containerd,maximum,27529216.0
2026-09-30T15:14:00+00:00,backend,CWAgent,procstat_memory_rss,exe=containerd;process_name=containerd,maximum,27656192.0
2026-09-30T15:15:00+00:00,backend,CWAgent,procstat_memory_rss,exe=containerd;process_name=containerd,maximum,26009600.0
2026-09-30T15:16:00+00:00,backend,CWAgent,procstat_memory_rss,exe=containerd;process_name=containerd,maximum,26099712.0
2026-09-30T15:17:00+00:00,backend,CWAgent,procstat_memory_rss,exe=containerd;process_name=containerd,maximum,26169344.0
2026-09-30T15:18:00+00:00,backend,CWAgent,procstat_memory_rss,exe=containerd;process_name=containerd,maximum,26243072.0
2026-09-30T15:19:00+00:00,backend,CWAgent,procstat_memory_rss,exe=containerd;process_name=containerd,maximum,26247168.0
2026-09-30T15:20:00+00:00,backend,CWAgent,procstat_memory_rss,exe=containerd;process_name=containerd,maximum,28532736.0
2026-09-30T15:21:00+00:00,backend,CWAgent,procstat_memory_rss,exe=containerd;process_name=containerd,maximum,28753920.0
2026-09-30T15:09:00+00:00,backend,CWAgent,diskio_iops_in_progress,name=nvme0n1p1,average,0.0
2026-09-30T15:10:00+00:00,backend,CWAgent,diskio_iops_in_progress,name=nvme0n1p1,average,0.0
2026-09-30T15:11:00+00:00,backend,CWAgent,diskio_iops_in_progress,name=nvme0n1p1,average,0.0
2026-09-30T15:12:00+00:00,backend,CWAgent,diskio_iops_in_progress,name=nvme0n1p1,average,0.0
2026-09-30T15:13:00+00:00,backend,CWAgent,diskio_iops_in_progress,name=nvme0n1p1,average,1.0
2026-09-30T15:14:00+00:00,backend,CWAgent,diskio_iops_in_progress,name=nvme0n1p1,average,0.0
2026-09-30T15:15:00+00:00,backend,CWAgent,diskio_iops_in_progress,name=nvme0n1p1,average,0.0
2026-09-30T15:16:00+00:00,backend,CWAgent,diskio_iops_in_progress,name=nvme0n1p1,average,0.0
2026-09-30T15:17:00+00:00,backend,CWAgent,diskio_iops_in_progress,name=nvme0n1p1,average,2.0
2026-09-30T15:18:00+00:00,backend,CWAgent,diskio_iops_in_progress,name=nvme0n1p1,average,0.0
2026-09-30T15:19:00+00:00,backend,CWAgent,diskio_iops_in_progress,name=nvme0n1p1,average,0.0
2026-09-30T15:20:00+00:00,backend,CWAgent,diskio_iops_in_progress,name=nvme0n1p1,average,0.0
2026-09-30T15:21:00+00:00,backend,CWAgent,diskio_iops_in_progress,name=nvme0n1p1,average,0.0
2026-09-30T15:09:00+00:00,backend,CWAgent,diskio_iops_in_progress,name=nvme0n1p1,maximum,0.0
2026-09-30T15:10:00+00:00,backend,CWAgent,diskio_iops_in_progress,name=nvme0n1p1,maximum,0.0
2026-09-30T15:11:00+00:00,backend,CWAgent,diskio_iops_in_progress,name=nvme0n1p1,maximum,0.0
2026-09-30T15:12:00+00:00,backend,CWAgent,diskio_iops_in_progress,name=nvme0n1p1,maximum,0.0
2026-09-30T15:13:00+00:00,backend,CWAgent,diskio_iops_in_progress,name=nvme0n1p1,maximum,1.0
2026-09-30T15:14:00+00:00,backend,CWAgent,diskio_iops_in_progress,name=nvme0n1p1,maximum,0.0
2026-09-30T15:15:00+00:00,backend,CWAgent,diskio_iops_in_progress,name=nvme0n1p1,maximum,0.0
2026-09-30T15:16:00+00:00,backend,CWAgent,diskio_iops_in_progress,name=nvme0n1p1,maximum,0.0
2026-09-30T15:17:00+00:00,backend,CWAgent,diskio_iops_in_progress,name=nvme0n1p1,maximum,2.0
2026-09-30T15:18:00+00:00,backend,CWAgent,diskio_iops_in_progress,name=nvme0n1p1,maximum,0.0
2026-09-30T15:19:00+00:00,backend,CWAgent,diskio_iops_in_progress,name=nvme0n1p1,maximum,0.0
2026-09-30T15:20:00+00:00,backend,CWAgent,diskio_iops_in_progress,name=nvme0n1p1,maximum,0.0
2026-09-30T15:21:00+00:00,backend,CWAgent,diskio_iops_in_progress,name=nvme0n1p1,maximum,0.0
2026-09-30T15:09:00+00:00,backend,CWAgent,diskio_iops_in_progress,name=nvme0n1p14,average,0.0
2026-09-30T15:10:00+00:00,backend,CWAgent,diskio_iops_in_progress,name=nvme0n1p14,average,0.0
2026-09-30T15:11:00+00:00,backend,CWAgent,diskio_iops_in_progress,name=nvme0n1p14,average,0.0
2026-09-30T15:12:00+00:00,backend,CWAgent,diskio_iops_in_progress,name=nvme0n1p14,average,0.0
2026-09-30T15:13:00+00:00,backend,CWAgent,diskio_iops_in_progress,name=nvme0n1p14,average,0.0
2026-09-30T15:14:00+00:00,backend,CWAgent,diskio_iops_in_progress,name=nvme0n1p14,average,0.0
2026-09-30T15:15:00+00:00,backend,CWAgent,diskio_iops_in_progress,name=nvme0n1p14,average,0.0
2026-09-30T15:16:00+00:00,backend,CWAgent,diskio_iops_in_progress,name=nvme0n1p14,average,0.0
2026-09-30T15:17:00+00:00,backend,CWAgent,diskio_iops_in_progress,name=nvme0n1p14,average,0.0
2026-09-30T15:18:00+00:00,backend,CWAgent,diskio_iops_in_progress,name=nvme0n1p14,average,0.0
2026-09-30T15:19:00+00:00,backend,CWAgent,diskio_iops_in_progress,name=nvme0n1p14,average,0.0
2026-09-30T15:20:00+00:00,backend,CWAgent,diskio_iops_in_progress,name=nvme0n1p14,average,0.0
2026-09-30T15:21:00+00:00,backend,CWAgent,diskio_iops_in_progress,name=nvme0n1p14,average,0.0
2026-09-30T15:09:00+00:00,backend,CWAgent,diskio_iops_in_progress,name=nvme0n1p14,maximum,0.0
2026-09-30T15:10:00+00:00,backend,CWAgent,diskio_iops_in_progress,name=nvme0n1p14,maximum,0.0
2026-09-30T15:11:00+00:00,backend,CWAgent,diskio_iops_in_progress,name=nvme0n1p14,maximum,0.0
2026-09-30T15:12:00+00:00,backend,CWAgent,diskio_iops_in_progress,name=nvme0n1p14,maximum,0.0
2026-09-30T15:13:00+00:00,backend,CWAgent,diskio_iops_in_progress,name=nvme0n1p14,maximum,0.0
2026-09-30T15:14:00+00:00,backend,CWAgent,diskio_iops_in_progress,name=nvme0n1p14,maximum,0.0
2026-09-30T15:15:00+00:00,backend,CWAgent,diskio_iops_in_progress,name=nvme0n1p14,maximum,0.0
2026-09-30T15:16:00+00:00,backend,CWAgent,diskio_iops_in_progress,name=nvme0n1p14,maximum,0.0
2026-09-30T15:17:00+00:00,backend,CWAgent,diskio_iops_in_progress,name=nvme0n1p14,maximum,0.0
2026-09-30T15:18:00+00:00,backend,CWAgent,diskio_iops_in_progress,name=nvme0n1p14,maximum,0.0
2026-09-30T15:19:00+00:00,backend,CWAgent,diskio_iops_in_progress,name=nvme0n1p14,maximum,0.0
2026-09-30T15:20:00+00:00,backend,CWAgent,diskio_iops_in_progress,name=nvme0n1p14,maximum,0.0
2026-09-30T15:21:00+00:00,backend,CWAgent,diskio_iops_in_progress,name=nvme0n1p14,maximum,0.0
2026-09-30T15:09:00+00:00,backend,CWAgent,netstat_tcp_established,,average,1.0
2026-09-30T15:10:00+00:00,backend,CWAgent,netstat_tcp_established,,average,1.0
2026-09-30T15:11:00+00:00,backend,CWAgent,netstat_tcp_established,,average,1.0
2026-09-30T15:12:00+00:00,backend,CWAgent,netstat_tcp_established,,average,1.0
2026-09-30T15:13:00+00:00,backend,CWAgent,netstat_tcp_established,,average,1.0
2026-09-30T15:14:00+00:00,backend,CWAgent,netstat_tcp_established,,average,1.0
2026-09-30T15:15:00+00:00,backend,CWAgent,netstat_tcp_established,,average,1.0
2026-09-30T15:16:00+00:00,backend,CWAgent,netstat_tcp_established,,average,1.0
2026-09-30T15:17:00+00:00,backend,CWAgent,netstat_tcp_established,,average,1.0
2026-09-30T15:18:00+00:00,backend,CWAgent,netstat_tcp_established,,average,1.0
2026-09-30T15:19:00+00:00,backend,CWAgent,netstat_tcp_established,,average,1.0
2026-09-30T15:20:00+00:00,backend,CWAgent,netstat_tcp_established,,average,1.0
2026-09-30T15:21:00+00:00,backend,CWAgent,netstat_tcp_established,,average,1.0
2026-09-30T15:09:00+00:00,backend,CWAgent,netstat_tcp_established,,maximum,1.0
2026-09-30T15:10:00+00:00,backend,CWAgent,netstat_tcp_established,,maximum,1.0
2026-09-30T15:11:00+00:00,backend,CWAgent,netstat_tcp_established,,maximum,1.0
2026-09-30T15:12:00+00:00,backend,CWAgent,netstat_tcp_established,,maximum,1.0
2026-09-30T15:13:00+00:00,backend,CWAgent,netstat_tcp_established,,maximum,1.0
2026-09-30T15:14:00+00:00,backend,CWAgent,netstat_tcp_established,,maximum,1.0
2026-09-30T15:15:00+00:00,backend,CWAgent,netstat_tcp_established,,maximum,1.0
2026-09-30T15:16:00+00:00,backend,CWAgent,netstat_tcp_established,,maximum,1.0
2026-09-30T15:17:00+00:00,backend,CWAgent,netstat_tcp_established,,maximum,1.0
2026-09-30T15:18:00+00:00,backend,CWAgent,netstat_tcp_established,,maximum,1.0
2026-09-30T15:19:00+00:00,backend,CWAgent,netstat_tcp_established,,maximum,1.0
2026-09-30T15:20:00+00:00,backend,CWAgent,netstat_tcp_established,,maximum,1.0
2026-09-30T15:21:00+00:00,backend,CWAgent,netstat_tcp_established,,maximum,1.0
2026-09-30T15:09:00+00:00,backend,CWAgent,procstat_memory_rss,exe=dockerd;process_name=dockerd,average,55144448.0
2026-09-30T15:10:00+00:00,backend,CWAgent,procstat_memory_rss,exe=dockerd;process_name=dockerd,average,55951360.0
2026-09-30T15:11:00+00:00,backend,CWAgent,procstat_memory_rss,exe=dockerd;process_name=dockerd,average,55357440.0
2026-09-30T15:12:00+00:00,backend,CWAgent,procstat_memory_rss,exe=dockerd;process_name=dockerd,average,55341056.0
2026-09-30T15:13:00+00:00,backend,CWAgent,procstat_memory_rss,exe=dockerd;process_name=dockerd,average,55406592.0
2026-09-30T15:14:00+00:00,backend,CWAgent,procstat_memory_rss,exe=dockerd;process_name=dockerd,average,55721984.0
2026-09-30T15:15:00+00:00,backend,CWAgent,procstat_memory_rss,exe=dockerd;process_name=dockerd,average,57937920.0
2026-09-30T15:16:00+00:00,backend,CWAgent,procstat_memory_rss,exe=dockerd;process_name=dockerd,average,58486784.0
2026-09-30T15:17:00+00:00,backend,CWAgent,procstat_memory_rss,exe=dockerd;process_name=dockerd,average,58724352.0
2026-09-30T15:18:00+00:00,backend,CWAgent,procstat_memory_rss,exe=dockerd;process_name=dockerd,average,55410688.0
2026-09-30T15:19:00+00:00,backend,CWAgent,procstat_memory_rss,exe=dockerd;process_name=dockerd,average,55558144.0
2026-09-30T15:20:00+00:00,backend,CWAgent,procstat_memory_rss,exe=dockerd;process_name=dockerd,average,62898176.0
2026-09-30T15:21:00+00:00,backend,CWAgent,procstat_memory_rss,exe=dockerd;process_name=dockerd,average,62902272.0
2026-09-30T15:09:00+00:00,backend,CWAgent,procstat_memory_rss,exe=dockerd;process_name=dockerd,maximum,55144448.0
2026-09-30T15:10:00+00:00,backend,CWAgent,procstat_memory_rss,exe=dockerd;process_name=dockerd,maximum,55951360.0
2026-09-30T15:11:00+00:00,backend,CWAgent,procstat_memory_rss,exe=dockerd;process_name=dockerd,maximum,55357440.0
2026-09-30T15:12:00+00:00,backend,CWAgent,procstat_memory_rss,exe=dockerd;process_name=dockerd,maximum,55341056.0
2026-09-30T15:13:00+00:00,backend,CWAgent,procstat_memory_rss,exe=dockerd;process_name=dockerd,maximum,55406592.0
2026-09-30T15:14:00+00:00,backend,CWAgent,procstat_memory_rss,exe=dockerd;process_name=dockerd,maximum,55721984.0
2026-09-30T15:15:00+00:00,backend,CWAgent,procstat_memory_rss,exe=dockerd;process_name=dockerd,maximum,57937920.0
2026-09-30T15:16:00+00:00,backend,CWAgent,procstat_memory_rss,exe=dockerd;process_name=dockerd,maximum,58486784.0
2026-09-30T15:17:00+00:00,backend,CWAgent,procstat_memory_rss,exe=dockerd;process_name=dockerd,maximum,58724352.0
2026-09-30T15:18:00+00:00,backend,CWAgent,procstat_memory_rss,exe=dockerd;process_name=dockerd,maximum,55410688.0
2026-09-30T15:19:00+00:00,backend,CWAgent,procstat_memory_rss,exe=dockerd;process_name=dockerd,maximum,55558144.0
2026-09-30T15:20:00+00:00,backend,CWAgent,procstat_memory_rss,exe=dockerd;process_name=dockerd,maximum,62898176.0
2026-09-30T15:21:00+00:00,backend,CWAgent,procstat_memory_rss,exe=dockerd;process_name=dockerd,maximum,62902272.0
2026-09-30T15:09:00+00:00,backend,CWAgent,diskio_iops_in_progress,name=nvme0n1,average,0.0
2026-09-30T15:10:00+00:00,backend,CWAgent,diskio_iops_in_progress,name=nvme0n1,average,0.0
2026-09-30T15:11:00+00:00,backend,CWAgent,diskio_iops_in_progress,name=nvme0n1,average,0.0
2026-09-30T15:12:00+00:00,backend,CWAgent,diskio_iops_in_progress,name=nvme0n1,average,0.0
2026-09-30T15:13:00+00:00,backend,CWAgent,diskio_iops_in_progress,name=nvme0n1,average,0.0
2026-09-30T15:14:00+00:00,backend,CWAgent,diskio_iops_in_progress,name=nvme0n1,average,0.0
2026-09-30T15:15:00+00:00,backend,CWAgent,diskio_iops_in_progress,name=nvme0n1,average,0.0
2026-09-30T15:16:00+00:00,backend,CWAgent,diskio_iops_in_progress,name=nvme0n1,average,0.0
2026-09-30T15:17:00+00:00,backend,CWAgent,diskio_iops_in_progress,name=nvme0n1,average,0.0
2026-09-30T15:18:00+00:00,backend,CWAgent,diskio_iops_in_progress,name=nvme0n1,average,0.0
2026-09-30T15:19:00+00:00,backend,CWAgent,diskio_iops_in_progress,name=nvme0n1,average,0.0
2026-09-30T15:20:00+00:00,backend,CWAgent,diskio_iops_in_progress,name=nvme0n1,average,0.0
2026-09-30T15:21:00+00:00,backend,CWAgent,diskio_iops_in_progress,name=nvme0n1,average,0.0
2026-09-30T15:09:00+00:00,backend,CWAgent,diskio_iops_in_progress,name=nvme0n1,maximum,0.0
2026-09-30T15:10:00+00:00,backend,CWAgent,diskio_iops_in_progress,name=nvme0n1,maximum,0.0
2026-09-30T15:11:00+00:00,backend,CWAgent,diskio_iops_in_progress,name=nvme0n1,maximum,0.0
2026-09-30T15:12:00+00:00,backend,CWAgent,diskio_iops_in_progress,name=nvme0n1,maximum,0.0
2026-09-30T15:13:00+00:00,backend,CWAgent,diskio_iops_in_progress,name=nvme0n1,maximum,0.0
2026-09-30T15:14:00+00:00,backend,CWAgent,diskio_iops_in_progress,name=nvme0n1,maximum,0.0
2026-09-30T15:15:00+00:00,backend,CWAgent,diskio_iops_in_progress,name=nvme0n1,maximum,0.0
2026-09-30T15:16:00+00:00,backend,CWAgent,diskio_iops_in_progress,name=nvme0n1,maximum,0.0
2026-09-30T15:17:00+00:00,backend,CWAgent,diskio_iops_in_progress,name=nvme0n1,maximum,0.0
2026-09-30T15:18:00+00:00,backend,CWAgent,diskio_iops_in_progress,name=nvme0n1,maximum,0.0
2026-09-30T15:19:00+00:00,backend,CWAgent,diskio_iops_in_progress,name=nvme0n1,maximum,0.0
2026-09-30T15:20:00+00:00,backend,CWAgent,diskio_iops_in_progress,name=nvme0n1,maximum,0.0
2026-09-30T15:21:00+00:00,backend,CWAgent,diskio_iops_in_progress,name=nvme0n1,maximum,0.0
2026-09-30T15:09:00+00:00,backend,CWAgent,disk_free,path=/;device=nvme0n1p1;fstype=ext4,average,3172876288.0
2026-09-30T15:10:00+00:00,backend,CWAgent,disk_free,path=/;device=nvme0n1p1;fstype=ext4,average,3172876288.0
2026-09-30T15:11:00+00:00,backend,CWAgent,disk_free,path=/;device=nvme0n1p1;fstype=ext4,average,3172872192.0
2026-09-30T15:12:00+00:00,backend,CWAgent,disk_free,path=/;device=nvme0n1p1;fstype=ext4,average,3172839424.0
2026-09-30T15:13:00+00:00,backend,CWAgent,disk_free,path=/;device=nvme0n1p1;fstype=ext4,average,3172790272.0
2026-09-30T15:14:00+00:00,backend,CWAgent,disk_free,path=/;device=nvme0n1p1;fstype=ext4,average,3172810752.0
2026-09-30T15:15:00+00:00,backend,CWAgent,disk_free,path=/;device=nvme0n1p1;fstype=ext4,average,3171418112.0
2026-09-30T15:16:00+00:00,backend,CWAgent,disk_free,path=/;device=nvme0n1p1;fstype=ext4,average,3171430400.0
2026-09-30T15:17:00+00:00,backend,CWAgent,disk_free,path=/;device=nvme0n1p1;fstype=ext4,average,3171434496.0
2026-09-30T15:18:00+00:00,backend,CWAgent,disk_free,path=/;device=nvme0n1p1;fstype=ext4,average,3171438592.0
2026-09-30T15:19:00+00:00,backend,CWAgent,disk_free,path=/;device=nvme0n1p1;fstype=ext4,average,3171475456.0
2026-09-30T15:20:00+00:00,backend,CWAgent,disk_free,path=/;device=nvme0n1p1;fstype=ext4,average,3171504128.0
2026-09-30T15:21:00+00:00,backend,CWAgent,disk_free,path=/;device=nvme0n1p1;fstype=ext4,average,3171504128.0
2026-09-30T15:09:00+00:00,backend,CWAgent,disk_free,path=/;device=nvme0n1p1;fstype=ext4,maximum,3172876288.0
2026-09-30T15:10:00+00:00,backend,CWAgent,disk_free,path=/;device=nvme0n1p1;fstype=ext4,maximum,3172876288.0
2026-09-30T15:11:00+00:00,backend,CWAgent,disk_free,path=/;device=nvme0n1p1;fstype=ext4,maximum,3172872192.0
2026-09-30T15:12:00+00:00,backend,CWAgent,disk_free,path=/;device=nvme0n1p1;fstype=ext4,maximum,3172839424.0
2026-09-30T15:13:00+00:00,backend,CWAgent,disk_free,path=/;device=nvme0n1p1;fstype=ext4,maximum,3172790272.0
2026-09-30T15:14:00+00:00,backend,CWAgent,disk_free,path=/;device=nvme0n1p1;fstype=ext4,maximum,3172810752.0
2026-09-30T15:15:00+00:00,backend,CWAgent,disk_free,path=/;device=nvme0n1p1;fstype=ext4,maximum,3171418112.0
2026-09-30T15:16:00+00:00,backend,CWAgent,disk_free,path=/;device=nvme0n1p1;fstype=ext4,maximum,3171430400.0
2026-09-30T15:17:00+00:00,backend,CWAgent,disk_free,path=/;device=nvme0n1p1;fstype=ext4,maximum,3171434496.0
2026-09-30T15:18:00+00:00,backend,CWAgent,disk_free,path=/;device=nvme0n1p1;fstype=ext4,maximum,3171438592.0
2026-09-30T15:19:00+00:00,backend,CWAgent,disk_free,path=/;device=nvme0n1p1;fstype=ext4,maximum,3171475456.0
2026-09-30T15:20:00+00:00,backend,CWAgent,disk_free,path=/;device=nvme0n1p1;fstype=ext4,maximum,3171504128.0
2026-09-30T15:21:00+00:00,backend,CWAgent,disk_free,path=/;device=nvme0n1p1;fstype=ext4,maximum,3171504128.0
2026-09-30T15:09:00+00:00,backend,CWAgent,mem_used,,average,701464576.0
2026-09-30T15:10:00+00:00,backend,CWAgent,mem_used,,average,688869376.0
2026-09-30T15:11:00+00:00,backend,CWAgent,mem_used,,average,748572672.0
2026-09-30T15:12:00+00:00,backend,CWAgent,mem_used,,average,762986496.0
2026-09-30T15:13:00+00:00,backend,CWAgent,mem_used,,average,787881984.0
2026-09-30T15:14:00+00:00,backend,CWAgent,mem_used,,average,774275072.0
2026-09-30T15:15:00+00:00,backend,CWAgent,mem_used,,average,744251392.0
2026-09-30T15:16:00+00:00,backend,CWAgent,mem_used,,average,728555520.0
2026-09-30T15:17:00+00:00,backend,CWAgent,mem_used,,average,734171136.0
2026-09-30T15:18:00+00:00,backend,CWAgent,mem_used,,average,739639296.0
2026-09-30T15:19:00+00:00,backend,CWAgent,mem_used,,average,744873984.0
2026-09-30T15:20:00+00:00,backend,CWAgent,mem_used,,average,738471936.0
2026-09-30T15:21:00+00:00,backend,CWAgent,mem_used,,average,716218368.0
2026-09-30T15:09:00+00:00,backend,CWAgent,mem_used,,maximum,701464576.0
2026-09-30T15:10:00+00:00,backend,CWAgent,mem_used,,maximum,688869376.0
2026-09-30T15:11:00+00:00,backend,CWAgent,mem_used,,maximum,748572672.0
2026-09-30T15:12:00+00:00,backend,CWAgent,mem_used,,maximum,762986496.0
2026-09-30T15:13:00+00:00,backend,CWAgent,mem_used,,maximum,787881984.0
2026-09-30T15:14:00+00:00,backend,CWAgent,mem_used,,maximum,774275072.0
2026-09-30T15:15:00+00:00,backend,CWAgent,mem_used,,maximum,744251392.0
2026-09-30T15:16:00+00:00,backend,CWAgent,mem_used,,maximum,728555520.0
2026-09-30T15:17:00+00:00,backend,CWAgent,mem_used,,maximum,734171136.0
2026-09-30T15:18:00+00:00,backend,CWAgent,mem_used,,maximum,739639296.0
2026-09-30T15:19:00+00:00,backend,CWAgent,mem_used,,maximum,744873984.0
2026-09-30T15:20:00+00:00,backend,CWAgent,mem_used,,maximum,738471936.0
2026-09-30T15:21:00+00:00,backend,CWAgent,mem_used,,maximum,716218368.0
2026-09-30T15:09:00+00:00,backend,CWAgent,netstat_tcp_time_wait,,average,0.0
2026-09-30T15:10:00+00:00,backend,CWAgent,netstat_tcp_time_wait,,average,0.0
2026-09-30T15:11:00+00:00,backend,CWAgent,netstat_tcp_time_wait,,average,0.0
2026-09-30T15:12:00+00:00,backend,CWAgent,netstat_tcp_time_wait,,average,0.0
2026-09-30T15:13:00+00:00,backend,CWAgent,netstat_tcp_time_wait,,average,0.0
2026-09-30T15:14:00+00:00,backend,CWAgent,netstat_tcp_time_wait,,average,0.0
2026-09-30T15:15:00+00:00,backend,CWAgent,netstat_tcp_time_wait,,average,0.0
2026-09-30T15:16:00+00:00,backend,CWAgent,netstat_tcp_time_wait,,average,0.0
2026-09-30T15:17:00+00:00,backend,CWAgent,netstat_tcp_time_wait,,average,0.0
2026-09-30T15:18:00+00:00,backend,CWAgent,netstat_tcp_time_wait,,average,0.0
2026-09-30T15:19:00+00:00,backend,CWAgent,netstat_tcp_time_wait,,average,0.0
2026-09-30T15:20:00+00:00,backend,CWAgent,netstat_tcp_time_wait,,average,0.0
2026-09-30T15:21:00+00:00,backend,CWAgent,netstat_tcp_time_wait,,average,1.0
2026-09-30T15:09:00+00:00,backend,CWAgent,netstat_tcp_time_wait,,maximum,0.0
2026-09-30T15:10:00+00:00,backend,CWAgent,netstat_tcp_time_wait,,maximum,0.0
2026-09-30T15:11:00+00:00,backend,CWAgent,netstat_tcp_time_wait,,maximum,0.0
2026-09-30T15:12:00+00:00,backend,CWAgent,netstat_tcp_time_wait,,maximum,0.0
2026-09-30T15:13:00+00:00,backend,CWAgent,netstat_tcp_time_wait,,maximum,0.0
2026-09-30T15:14:00+00:00,backend,CWAgent,netstat_tcp_time_wait,,maximum,0.0
2026-09-30T15:15:00+00:00,backend,CWAgent,netstat_tcp_time_wait,,maximum,0.0
2026-09-30T15:16:00+00:00,backend,CWAgent,netstat_tcp_time_wait,,maximum,0.0
2026-09-30T15:17:00+00:00,backend,CWAgent,netstat_tcp_time_wait,,maximum,0.0
2026-09-30T15:18:00+00:00,backend,CWAgent,netstat_tcp_time_wait,,maximum,0.0
2026-09-30T15:19:00+00:00,backend,CWAgent,netstat_tcp_time_wait,,maximum,0.0
2026-09-30T15:20:00+00:00,backend,CWAgent,netstat_tcp_time_wait,,maximum,0.0
2026-09-30T15:21:00+00:00,backend,CWAgent,netstat_tcp_time_wait,,maximum,1.0
2026-09-30T15:09:00+00:00,backend,CWAgent,disk_used,path=/;device=nvme0n1p1;fstype=ext4,average,4605341696.0
2026-09-30T15:10:00+00:00,backend,CWAgent,disk_used,path=/;device=nvme0n1p1;fstype=ext4,average,4605341696.0
2026-09-30T15:11:00+00:00,backend,CWAgent,disk_used,path=/;device=nvme0n1p1;fstype=ext4,average,4605345792.0
2026-09-30T15:12:00+00:00,backend,CWAgent,disk_used,path=/;device=nvme0n1p1;fstype=ext4,average,4605378560.0
2026-09-30T15:13:00+00:00,backend,CWAgent,disk_used,path=/;device=nvme0n1p1;fstype=ext4,average,4605427712.0
2026-09-30T15:14:00+00:00,backend,CWAgent,disk_used,path=/;device=nvme0n1p1;fstype=ext4,average,4605407232.0
2026-09-30T15:15:00+00:00,backend,CWAgent,disk_used,path=/;device=nvme0n1p1;fstype=ext4,average,4606799872.0
2026-09-30T15:16:00+00:00,backend,CWAgent,disk_used,path=/;device=nvme0n1p1;fstype=ext4,average,4606787584.0
2026-09-30T15:17:00+00:00,backend,CWAgent,disk_used,path=/;device=nvme0n1p1;fstype=ext4,average,4606783488.0
2026-09-30T15:18:00+00:00,backend,CWAgent,disk_used,path=/;device=nvme0n1p1;fstype=ext4,average,4606779392.0
2026-09-30T15:19:00+00:00,backend,CWAgent,disk_used,path=/;device=nvme0n1p1;fstype=ext4,average,4606742528.0
2026-09-30T15:20:00+00:00,backend,CWAgent,disk_used,path=/;device=nvme0n1p1;fstype=ext4,average,4606713856.0
2026-09-30T15:21:00+00:00,backend,CWAgent,disk_used,path=/;device=nvme0n1p1;fstype=ext4,average,4606713856.0
2026-09-30T15:09:00+00:00,backend,CWAgent,disk_used,path=/;device=nvme0n1p1;fstype=ext4,maximum,4605341696.0
2026-09-30T15:10:00+00:00,backend,CWAgent,disk_used,path=/;device=nvme0n1p1;fstype=ext4,maximum,4605341696.0
2026-09-30T15:11:00+00:00,backend,CWAgent,disk_used,path=/;device=nvme0n1p1;fstype=ext4,maximum,4605345792.0
2026-09-30T15:12:00+00:00,backend,CWAgent,disk_used,path=/;device=nvme0n1p1;fstype=ext4,maximum,4605378560.0
2026-09-30T15:13:00+00:00,backend,CWAgent,disk_used,path=/;device=nvme0n1p1;fstype=ext4,maximum,4605427712.0
2026-09-30T15:14:00+00:00,backend,CWAgent,disk_used,path=/;device=nvme0n1p1;fstype=ext4,maximum,4605407232.0
2026-09-30T15:15:00+00:00,backend,CWAgent,disk_used,path=/;device=nvme0n1p1;fstype=ext4,maximum,4606799872.0
2026-09-30T15:16:00+00:00,backend,CWAgent,disk_used,path=/;device=nvme0n1p1;fstype=ext4,maximum,4606787584.0
2026-09-30T15:17:00+00:00,backend,CWAgent,disk_used,path=/;device=nvme0n1p1;fstype=ext4,maximum,4606783488.0
2026-09-30T15:18:00+00:00,backend,CWAgent,disk_used,path=/;device=nvme0n1p1;fstype=ext4,maximum,4606779392.0
2026-09-30T15:19:00+00:00,backend,CWAgent,disk_used,path=/;device=nvme0n1p1;fstype=ext4,maximum,4606742528.0
2026-09-30T15:20:00+00:00,backend,CWAgent,disk_used,path=/;device=nvme0n1p1;fstype=ext4,maximum,4606713856.0
2026-09-30T15:21:00+00:00,backend,CWAgent,disk_used,path=/;device=nvme0n1p1;fstype=ext4,maximum,4606713856.0
2026-09-30T15:09:00+00:00,backend,CWAgent,swap_used_percent,,average,13.815524703072935
2026-09-30T15:10:00+00:00,backend,CWAgent,swap_used_percent,,average,13.815524703072935
2026-09-30T15:11:00+00:00,backend,CWAgent,swap_used_percent,,average,13.86435292120537
2026-09-30T15:12:00+00:00,backend,CWAgent,swap_used_percent,,average,13.852145866672261
2026-09-30T15:13:00+00:00,backend,CWAgent,swap_used_percent,,average,13.852145866672261
2026-09-30T15:14:00+00:00,backend,CWAgent,swap_used_percent,,average,13.852145866672261
2026-09-30T15:15:00+00:00,backend,CWAgent,swap_used_percent,,average,13.998630521069567
2026-09-30T15:16:00+00:00,backend,CWAgent,swap_used_percent,,average,13.986423466536458
2026-09-30T15:17:00+00:00,backend,CWAgent,swap_used_percent,,average,13.974216412003349
2026-09-30T15:18:00+00:00,backend,CWAgent,swap_used_percent,,average,13.974216412003349
2026-09-30T15:19:00+00:00,backend,CWAgent,swap_used_percent,,average,13.974216412003349
2026-09-30T15:20:00+00:00,backend,CWAgent,swap_used_percent,,average,13.986423466536458
2026-09-30T15:21:00+00:00,backend,CWAgent,swap_used_percent,,average,13.983371702903181
2026-09-30T15:09:00+00:00,backend,CWAgent,swap_used_percent,,maximum,13.815524703072935
2026-09-30T15:10:00+00:00,backend,CWAgent,swap_used_percent,,maximum,13.815524703072935
2026-09-30T15:11:00+00:00,backend,CWAgent,swap_used_percent,,maximum,13.86435292120537
2026-09-30T15:12:00+00:00,backend,CWAgent,swap_used_percent,,maximum,13.852145866672261
2026-09-30T15:13:00+00:00,backend,CWAgent,swap_used_percent,,maximum,13.852145866672261
2026-09-30T15:14:00+00:00,backend,CWAgent,swap_used_percent,,maximum,13.852145866672261
2026-09-30T15:15:00+00:00,backend,CWAgent,swap_used_percent,,maximum,13.998630521069567
2026-09-30T15:16:00+00:00,backend,CWAgent,swap_used_percent,,maximum,13.986423466536458
2026-09-30T15:17:00+00:00,backend,CWAgent,swap_used_percent,,maximum,13.974216412003349
2026-09-30T15:18:00+00:00,backend,CWAgent,swap_used_percent,,maximum,13.974216412003349
2026-09-30T15:19:00+00:00,backend,CWAgent,swap_used_percent,,maximum,13.974216412003349
2026-09-30T15:20:00+00:00,backend,CWAgent,swap_used_percent,,maximum,13.986423466536458
2026-09-30T15:21:00+00:00,backend,CWAgent,swap_used_percent,,maximum,13.983371702903181
2026-09-30T15:09:00+00:00,backend,CWAgent,disk_used_percent,path=/;device=nvme0n1p1;fstype=ext4,average,59.20818502995557
2026-09-30T15:10:00+00:00,backend,CWAgent,disk_used_percent,path=/;device=nvme0n1p1;fstype=ext4,average,59.20818502995557
2026-09-30T15:11:00+00:00,backend,CWAgent,disk_used_percent,path=/;device=nvme0n1p1;fstype=ext4,average,59.20823768983227
2026-09-30T15:12:00+00:00,backend,CWAgent,disk_used_percent,path=/;device=nvme0n1p1;fstype=ext4,average,59.208658968845896
2026-09-30T15:13:00+00:00,backend,CWAgent,disk_used_percent,path=/;device=nvme0n1p1;fstype=ext4,average,59.209290887366315
2026-09-30T15:14:00+00:00,backend,CWAgent,disk_used_percent,path=/;device=nvme0n1p1;fstype=ext4,average,59.20902758798281
2026-09-30T15:15:00+00:00,backend,CWAgent,disk_used_percent,path=/;device=nvme0n1p1;fstype=ext4,average,59.22693194606155
2026-09-30T15:16:00+00:00,backend,CWAgent,disk_used_percent,path=/;device=nvme0n1p1;fstype=ext4,average,59.22677396643144
2026-09-30T15:17:00+00:00,backend,CWAgent,disk_used_percent,path=/;device=nvme0n1p1;fstype=ext4,average,59.22672130655473
2026-09-30T15:18:00+00:00,backend,CWAgent,disk_used_percent,path=/;device=nvme0n1p1;fstype=ext4,average,59.22666864667803
2026-09-30T15:19:00+00:00,backend,CWAgent,disk_used_percent,path=/;device=nvme0n1p1;fstype=ext4,average,59.22619470778771
2026-09-30T15:20:00+00:00,backend,CWAgent,disk_used_percent,path=/;device=nvme0n1p1;fstype=ext4,average,59.2258260886508
2026-09-30T15:21:00+00:00,backend,CWAgent,disk_used_percent,path=/;device=nvme0n1p1;fstype=ext4,average,59.2258260886508
2026-09-30T15:09:00+00:00,backend,CWAgent,disk_used_percent,path=/;device=nvme0n1p1;fstype=ext4,maximum,59.20818502995557
2026-09-30T15:10:00+00:00,backend,CWAgent,disk_used_percent,path=/;device=nvme0n1p1;fstype=ext4,maximum,59.20818502995557
2026-09-30T15:11:00+00:00,backend,CWAgent,disk_used_percent,path=/;device=nvme0n1p1;fstype=ext4,maximum,59.20823768983227
2026-09-30T15:12:00+00:00,backend,CWAgent,disk_used_percent,path=/;device=nvme0n1p1;fstype=ext4,maximum,59.208658968845896
2026-09-30T15:13:00+00:00,backend,CWAgent,disk_used_percent,path=/;device=nvme0n1p1;fstype=ext4,maximum,59.209290887366315
2026-09-30T15:14:00+00:00,backend,CWAgent,disk_used_percent,path=/;device=nvme0n1p1;fstype=ext4,maximum,59.20902758798281
2026-09-30T15:15:00+00:00,backend,CWAgent,disk_used_percent,path=/;device=nvme0n1p1;fstype=ext4,maximum,59.22693194606155
2026-09-30T15:16:00+00:00,backend,CWAgent,disk_used_percent,path=/;device=nvme0n1p1;fstype=ext4,maximum,59.22677396643144
2026-09-30T15:17:00+00:00,backend,CWAgent,disk_used_percent,path=/;device=nvme0n1p1;fstype=ext4,maximum,59.22672130655473
2026-09-30T15:18:00+00:00,backend,CWAgent,disk_used_percent,path=/;device=nvme0n1p1;fstype=ext4,maximum,59.22666864667803
2026-09-30T15:19:00+00:00,backend,CWAgent,disk_used_percent,path=/;device=nvme0n1p1;fstype=ext4,maximum,59.22619470778771
2026-09-30T15:20:00+00:00,backend,CWAgent,disk_used_percent,path=/;device=nvme0n1p1;fstype=ext4,maximum,59.2258260886508
2026-09-30T15:21:00+00:00,backend,CWAgent,disk_used_percent,path=/;device=nvme0n1p1;fstype=ext4,maximum,59.2258260886508
2026-09-30T15:09:00+00:00,backend,CWAgent,procstat_memory_rss,exe=amazon-cloudwatch-agent;process_name=amazon-cloudwatch-agent,average,49700864.0
2026-09-30T15:10:00+00:00,backend,CWAgent,procstat_memory_rss,exe=amazon-cloudwatch-agent;process_name=amazon-cloudwatch-agent,average,48070656.0
2026-09-30T15:11:00+00:00,backend,CWAgent,procstat_memory_rss,exe=amazon-cloudwatch-agent;process_name=amazon-cloudwatch-agent,average,48144384.0
2026-09-30T15:12:00+00:00,backend,CWAgent,procstat_memory_rss,exe=amazon-cloudwatch-agent;process_name=amazon-cloudwatch-agent,average,49029120.0
2026-09-30T15:13:00+00:00,backend,CWAgent,procstat_memory_rss,exe=amazon-cloudwatch-agent;process_name=amazon-cloudwatch-agent,average,49410048.0
2026-09-30T15:14:00+00:00,backend,CWAgent,procstat_memory_rss,exe=amazon-cloudwatch-agent;process_name=amazon-cloudwatch-agent,average,51322880.0
2026-09-30T15:15:00+00:00,backend,CWAgent,procstat_memory_rss,exe=amazon-cloudwatch-agent;process_name=amazon-cloudwatch-agent,average,51109888.0
2026-09-30T15:16:00+00:00,backend,CWAgent,procstat_memory_rss,exe=amazon-cloudwatch-agent;process_name=amazon-cloudwatch-agent,average,51412992.0
2026-09-30T15:17:00+00:00,backend,CWAgent,procstat_memory_rss,exe=amazon-cloudwatch-agent;process_name=amazon-cloudwatch-agent,average,51740672.0
2026-09-30T15:18:00+00:00,backend,CWAgent,procstat_memory_rss,exe=amazon-cloudwatch-agent;process_name=amazon-cloudwatch-agent,average,51777536.0
2026-09-30T15:19:00+00:00,backend,CWAgent,procstat_memory_rss,exe=amazon-cloudwatch-agent;process_name=amazon-cloudwatch-agent,average,51789824.0
2026-09-30T15:20:00+00:00,backend,CWAgent,procstat_memory_rss,exe=amazon-cloudwatch-agent;process_name=amazon-cloudwatch-agent,average,51793920.0
2026-09-30T15:21:00+00:00,backend,CWAgent,procstat_memory_rss,exe=amazon-cloudwatch-agent;process_name=amazon-cloudwatch-agent,average,51404800.0
2026-09-30T15:09:00+00:00,backend,CWAgent,procstat_memory_rss,exe=amazon-cloudwatch-agent;process_name=amazon-cloudwatch-agent,maximum,49700864.0
2026-09-30T15:10:00+00:00,backend,CWAgent,procstat_memory_rss,exe=amazon-cloudwatch-agent;process_name=amazon-cloudwatch-agent,maximum,48070656.0
2026-09-30T15:11:00+00:00,backend,CWAgent,procstat_memory_rss,exe=amazon-cloudwatch-agent;process_name=amazon-cloudwatch-agent,maximum,48144384.0
2026-09-30T15:12:00+00:00,backend,CWAgent,procstat_memory_rss,exe=amazon-cloudwatch-agent;process_name=amazon-cloudwatch-agent,maximum,49029120.0
2026-09-30T15:13:00+00:00,backend,CWAgent,procstat_memory_rss,exe=amazon-cloudwatch-agent;process_name=amazon-cloudwatch-agent,maximum,49410048.0
2026-09-30T15:14:00+00:00,backend,CWAgent,procstat_memory_rss,exe=amazon-cloudwatch-agent;process_name=amazon-cloudwatch-agent,maximum,51322880.0
2026-09-30T15:15:00+00:00,backend,CWAgent,procstat_memory_rss,exe=amazon-cloudwatch-agent;process_name=amazon-cloudwatch-agent,maximum,51109888.0
2026-09-30T15:16:00+00:00,backend,CWAgent,procstat_memory_rss,exe=amazon-cloudwatch-agent;process_name=amazon-cloudwatch-agent,maximum,51412992.0
2026-09-30T15:17:00+00:00,backend,CWAgent,procstat_memory_rss,exe=amazon-cloudwatch-agent;process_name=amazon-cloudwatch-agent,maximum,51740672.0
2026-09-30T15:18:00+00:00,backend,CWAgent,procstat_memory_rss,exe=amazon-cloudwatch-agent;process_name=amazon-cloudwatch-agent,maximum,51777536.0
2026-09-30T15:19:00+00:00,backend,CWAgent,procstat_memory_rss,exe=amazon-cloudwatch-agent;process_name=amazon-cloudwatch-agent,maximum,51789824.0
2026-09-30T15:20:00+00:00,backend,CWAgent,procstat_memory_rss,exe=amazon-cloudwatch-agent;process_name=amazon-cloudwatch-agent,maximum,51793920.0
2026-09-30T15:21:00+00:00,backend,CWAgent,procstat_memory_rss,exe=amazon-cloudwatch-agent;process_name=amazon-cloudwatch-agent,maximum,51404800.0
2026-09-30T15:09:00+00:00,backend,CWAgent,diskio_writes,name=nvme0n1p1,average,79.0
2026-09-30T15:10:00+00:00,backend,CWAgent,diskio_writes,name=nvme0n1p1,average,40.0
2026-09-30T15:11:00+00:00,backend,CWAgent,diskio_writes,name=nvme0n1p1,average,292.0
2026-09-30T15:12:00+00:00,backend,CWAgent,diskio_writes,name=nvme0n1p1,average,63.0
2026-09-30T15:13:00+00:00,backend,CWAgent,diskio_writes,name=nvme0n1p1,average,86.0
2026-09-30T15:14:00+00:00,backend,CWAgent,diskio_writes,name=nvme0n1p1,average,49.0
2026-09-30T15:15:00+00:00,backend,CWAgent,diskio_writes,name=nvme0n1p1,average,1877.0
2026-09-30T15:16:00+00:00,backend,CWAgent,diskio_writes,name=nvme0n1p1,average,46.0
2026-09-30T15:17:00+00:00,backend,CWAgent,diskio_writes,name=nvme0n1p1,average,48.0
2026-09-30T15:18:00+00:00,backend,CWAgent,diskio_writes,name=nvme0n1p1,average,51.0
2026-09-30T15:19:00+00:00,backend,CWAgent,diskio_writes,name=nvme0n1p1,average,131.0
2026-09-30T15:20:00+00:00,backend,CWAgent,diskio_writes,name=nvme0n1p1,average,407.0
2026-09-30T15:21:00+00:00,backend,CWAgent,diskio_writes,name=nvme0n1p1,average,87.0
2026-09-30T15:09:00+00:00,backend,CWAgent,diskio_writes,name=nvme0n1p1,maximum,79.0
2026-09-30T15:10:00+00:00,backend,CWAgent,diskio_writes,name=nvme0n1p1,maximum,40.0
2026-09-30T15:11:00+00:00,backend,CWAgent,diskio_writes,name=nvme0n1p1,maximum,292.0
2026-09-30T15:12:00+00:00,backend,CWAgent,diskio_writes,name=nvme0n1p1,maximum,63.0
2026-09-30T15:13:00+00:00,backend,CWAgent,diskio_writes,name=nvme0n1p1,maximum,86.0
2026-09-30T15:14:00+00:00,backend,CWAgent,diskio_writes,name=nvme0n1p1,maximum,49.0
2026-09-30T15:15:00+00:00,backend,CWAgent,diskio_writes,name=nvme0n1p1,maximum,1877.0
2026-09-30T15:16:00+00:00,backend,CWAgent,diskio_writes,name=nvme0n1p1,maximum,46.0
2026-09-30T15:17:00+00:00,backend,CWAgent,diskio_writes,name=nvme0n1p1,maximum,48.0
2026-09-30T15:18:00+00:00,backend,CWAgent,diskio_writes,name=nvme0n1p1,maximum,51.0
2026-09-30T15:19:00+00:00,backend,CWAgent,diskio_writes,name=nvme0n1p1,maximum,131.0
2026-09-30T15:20:00+00:00,backend,CWAgent,diskio_writes,name=nvme0n1p1,maximum,407.0
2026-09-30T15:21:00+00:00,backend,CWAgent,diskio_writes,name=nvme0n1p1,maximum,87.0
2026-09-30T15:09:00+00:00,backend,CWAgent,procstat_cpu_usage,exe=amazon-cloudwatch-agent;process_name=amazon-cloudwatch-agent,average,0.34999986411255124
2026-09-30T15:10:00+00:00,backend,CWAgent,procstat_cpu_usage,exe=amazon-cloudwatch-agent;process_name=amazon-cloudwatch-agent,average,0.41666934676029443
2026-09-30T15:11:00+00:00,backend,CWAgent,procstat_cpu_usage,exe=amazon-cloudwatch-agent;process_name=amazon-cloudwatch-agent,average,0.3499979273064426
2026-09-30T15:12:00+00:00,backend,CWAgent,procstat_cpu_usage,exe=amazon-cloudwatch-agent;process_name=amazon-cloudwatch-agent,average,0.3500015844863412
2026-09-30T15:13:00+00:00,backend,CWAgent,procstat_cpu_usage,exe=amazon-cloudwatch-agent;process_name=amazon-cloudwatch-agent,average,0.36663706262425994
2026-09-30T15:14:00+00:00,backend,CWAgent,procstat_cpu_usage,exe=amazon-cloudwatch-agent;process_name=amazon-cloudwatch-agent,average,0.38336328128950514
2026-09-30T15:15:00+00:00,backend,CWAgent,procstat_cpu_usage,exe=amazon-cloudwatch-agent;process_name=amazon-cloudwatch-agent,average,0.3666330596566582
2026-09-30T15:16:00+00:00,backend,CWAgent,procstat_cpu_usage,exe=amazon-cloudwatch-agent;process_name=amazon-cloudwatch-agent,average,0.4166271629539924
2026-09-30T15:17:00+00:00,backend,CWAgent,procstat_cpu_usage,exe=amazon-cloudwatch-agent;process_name=amazon-cloudwatch-agent,average,0.3500469431269871
2026-09-30T15:18:00+00:00,backend,CWAgent,procstat_cpu_usage,exe=amazon-cloudwatch-agent;process_name=amazon-cloudwatch-agent,average,0.4166073913990152
2026-09-30T15:19:00+00:00,backend,CWAgent,procstat_cpu_usage,exe=amazon-cloudwatch-agent;process_name=amazon-cloudwatch-agent,average,0.35005198080553357
2026-09-30T15:20:00+00:00,backend,CWAgent,procstat_cpu_usage,exe=amazon-cloudwatch-agent;process_name=amazon-cloudwatch-agent,average,0.40001489737480617
2026-09-30T15:21:00+00:00,backend,CWAgent,procstat_cpu_usage,exe=amazon-cloudwatch-agent;process_name=amazon-cloudwatch-agent,average,0.33333707545868146
2026-09-30T15:09:00+00:00,backend,CWAgent,procstat_cpu_usage,exe=amazon-cloudwatch-agent;process_name=amazon-cloudwatch-agent,maximum,0.34999986411255124
2026-09-30T15:10:00+00:00,backend,CWAgent,procstat_cpu_usage,exe=amazon-cloudwatch-agent;process_name=amazon-cloudwatch-agent,maximum,0.41666934676029443
2026-09-30T15:11:00+00:00,backend,CWAgent,procstat_cpu_usage,exe=amazon-cloudwatch-agent;process_name=amazon-cloudwatch-agent,maximum,0.3499979273064426
2026-09-30T15:12:00+00:00,backend,CWAgent,procstat_cpu_usage,exe=amazon-cloudwatch-agent;process_name=amazon-cloudwatch-agent,maximum,0.3500015844863412
2026-09-30T15:13:00+00:00,backend,CWAgent,procstat_cpu_usage,exe=amazon-cloudwatch-agent;process_name=amazon-cloudwatch-agent,maximum,0.36663706262425994
2026-09-30T15:14:00+00:00,backend,CWAgent,procstat_cpu_usage,exe=amazon-cloudwatch-agent;process_name=amazon-cloudwatch-agent,maximum,0.38336328128950514
2026-09-30T15:15:00+00:00,backend,CWAgent,procstat_cpu_usage,exe=amazon-cloudwatch-agent;process_name=amazon-cloudwatch-agent,maximum,0.3666330596566582
2026-09-30T15:16:00+00:00,backend,CWAgent,procstat_cpu_usage,exe=amazon-cloudwatch-agent;process_name=amazon-cloudwatch-agent,maximum,0.4166271629539924
2026-09-30T15:17:00+00:00,backend,CWAgent,procstat_cpu_usage,exe=amazon-cloudwatch-agent;process_name=amazon-cloudwatch-agent,maximum,0.3500469431269871
2026-09-30T15:18:00+00:00,backend,CWAgent,procstat_cpu_usage,exe=amazon-cloudwatch-agent;process_name=amazon-cloudwatch-agent,maximum,0.4166073913990152
2026-09-30T15:19:00+00:00,backend,CWAgent,procstat_cpu_usage,exe=amazon-cloudwatch-agent;process_name=amazon-cloudwatch-agent,maximum,0.35005198080553357
2026-09-30T15:20:00+00:00,backend,CWAgent,procstat_cpu_usage,exe=amazon-cloudwatch-agent;process_name=amazon-cloudwatch-agent,maximum,0.40001489737480617
2026-09-30T15:21:00+00:00,backend,CWAgent,procstat_cpu_usage,exe=amazon-cloudwatch-agent;process_name=amazon-cloudwatch-agent,maximum,0.33333707545868146
2026-09-30T15:09:00+00:00,backend,CWAgent,diskio_write_bytes,name=nvme0n1p1,average,454656.0
2026-09-30T15:10:00+00:00,backend,CWAgent,diskio_write_bytes,name=nvme0n1p1,average,204800.0
2026-09-30T15:11:00+00:00,backend,CWAgent,diskio_write_bytes,name=nvme0n1p1,average,2899968.0
2026-09-30T15:12:00+00:00,backend,CWAgent,diskio_write_bytes,name=nvme0n1p1,average,647168.0
2026-09-30T15:13:00+00:00,backend,CWAgent,diskio_write_bytes,name=nvme0n1p1,average,761856.0
2026-09-30T15:14:00+00:00,backend,CWAgent,diskio_write_bytes,name=nvme0n1p1,average,532480.0
2026-09-30T15:15:00+00:00,backend,CWAgent,diskio_write_bytes,name=nvme0n1p1,average,15777792.0
2026-09-30T15:16:00+00:00,backend,CWAgent,diskio_write_bytes,name=nvme0n1p1,average,524288.0
2026-09-30T15:17:00+00:00,backend,CWAgent,diskio_write_bytes,name=nvme0n1p1,average,532480.0
2026-09-30T15:18:00+00:00,backend,CWAgent,diskio_write_bytes,name=nvme0n1p1,average,552960.0
2026-09-30T15:19:00+00:00,backend,CWAgent,diskio_write_bytes,name=nvme0n1p1,average,954368.0
2026-09-30T15:20:00+00:00,backend,CWAgent,diskio_write_bytes,name=nvme0n1p1,average,2519040.0
2026-09-30T15:21:00+00:00,backend,CWAgent,diskio_write_bytes,name=nvme0n1p1,average,794624.0
2026-09-30T15:09:00+00:00,backend,CWAgent,diskio_write_bytes,name=nvme0n1p1,maximum,454656.0
2026-09-30T15:10:00+00:00,backend,CWAgent,diskio_write_bytes,name=nvme0n1p1,maximum,204800.0
2026-09-30T15:11:00+00:00,backend,CWAgent,diskio_write_bytes,name=nvme0n1p1,maximum,2899968.0
2026-09-30T15:12:00+00:00,backend,CWAgent,diskio_write_bytes,name=nvme0n1p1,maximum,647168.0
2026-09-30T15:13:00+00:00,backend,CWAgent,diskio_write_bytes,name=nvme0n1p1,maximum,761856.0
2026-09-30T15:14:00+00:00,backend,CWAgent,diskio_write_bytes,name=nvme0n1p1,maximum,532480.0
2026-09-30T15:15:00+00:00,backend,CWAgent,diskio_write_bytes,name=nvme0n1p1,maximum,15777792.0
2026-09-30T15:16:00+00:00,backend,CWAgent,diskio_write_bytes,name=nvme0n1p1,maximum,524288.0
2026-09-30T15:17:00+00:00,backend,CWAgent,diskio_write_bytes,name=nvme0n1p1,maximum,532480.0
2026-09-30T15:18:00+00:00,backend,CWAgent,diskio_write_bytes,name=nvme0n1p1,maximum,552960.0
2026-09-30T15:19:00+00:00,backend,CWAgent,diskio_write_bytes,name=nvme0n1p1,maximum,954368.0
2026-09-30T15:20:00+00:00,backend,CWAgent,diskio_write_bytes,name=nvme0n1p1,maximum,2519040.0
2026-09-30T15:21:00+00:00,backend,CWAgent,diskio_write_bytes,name=nvme0n1p1,maximum,794624.0
2026-09-30T15:09:00+00:00,backend,CWAgent,diskio_read_bytes,name=nvme0n1p1,average,245760.0
2026-09-30T15:10:00+00:00,backend,CWAgent,diskio_read_bytes,name=nvme0n1p1,average,3457024.0
2026-09-30T15:11:00+00:00,backend,CWAgent,diskio_read_bytes,name=nvme0n1p1,average,65720320.0
2026-09-30T15:12:00+00:00,backend,CWAgent,diskio_read_bytes,name=nvme0n1p1,average,1073152.0
2026-09-30T15:13:00+00:00,backend,CWAgent,diskio_read_bytes,name=nvme0n1p1,average,598016.0
2026-09-30T15:14:00+00:00,backend,CWAgent,diskio_read_bytes,name=nvme0n1p1,average,868352.0
2026-09-30T15:15:00+00:00,backend,CWAgent,diskio_read_bytes,name=nvme0n1p1,average,69541888.0
2026-09-30T15:16:00+00:00,backend,CWAgent,diskio_read_bytes,name=nvme0n1p1,average,2248704.0
2026-09-30T15:17:00+00:00,backend,CWAgent,diskio_read_bytes,name=nvme0n1p1,average,1228800.0
2026-09-30T15:18:00+00:00,backend,CWAgent,diskio_read_bytes,name=nvme0n1p1,average,1581056.0
2026-09-30T15:19:00+00:00,backend,CWAgent,diskio_read_bytes,name=nvme0n1p1,average,1843200.0
2026-09-30T15:20:00+00:00,backend,CWAgent,diskio_read_bytes,name=nvme0n1p1,average,16941056.0
2026-09-30T15:21:00+00:00,backend,CWAgent,diskio_read_bytes,name=nvme0n1p1,average,610304.0
2026-09-30T15:09:00+00:00,backend,CWAgent,diskio_read_bytes,name=nvme0n1p1,maximum,245760.0
2026-09-30T15:10:00+00:00,backend,CWAgent,diskio_read_bytes,name=nvme0n1p1,maximum,3457024.0
2026-09-30T15:11:00+00:00,backend,CWAgent,diskio_read_bytes,name=nvme0n1p1,maximum,65720320.0
2026-09-30T15:12:00+00:00,backend,CWAgent,diskio_read_bytes,name=nvme0n1p1,maximum,1073152.0
2026-09-30T15:13:00+00:00,backend,CWAgent,diskio_read_bytes,name=nvme0n1p1,maximum,598016.0
2026-09-30T15:14:00+00:00,backend,CWAgent,diskio_read_bytes,name=nvme0n1p1,maximum,868352.0
2026-09-30T15:15:00+00:00,backend,CWAgent,diskio_read_bytes,name=nvme0n1p1,maximum,69541888.0
2026-09-30T15:16:00+00:00,backend,CWAgent,diskio_read_bytes,name=nvme0n1p1,maximum,2248704.0
2026-09-30T15:17:00+00:00,backend,CWAgent,diskio_read_bytes,name=nvme0n1p1,maximum,1228800.0
2026-09-30T15:18:00+00:00,backend,CWAgent,diskio_read_bytes,name=nvme0n1p1,maximum,1581056.0
2026-09-30T15:19:00+00:00,backend,CWAgent,diskio_read_bytes,name=nvme0n1p1,maximum,1843200.0
2026-09-30T15:20:00+00:00,backend,CWAgent,diskio_read_bytes,name=nvme0n1p1,maximum,16941056.0
2026-09-30T15:21:00+00:00,backend,CWAgent,diskio_read_bytes,name=nvme0n1p1,maximum,610304.0
2026-09-30T15:09:00+00:00,backend,CWAgent,diskio_writes,name=nvme0n1p15,average,0.0
2026-09-30T15:10:00+00:00,backend,CWAgent,diskio_writes,name=nvme0n1p15,average,0.0
2026-09-30T15:11:00+00:00,backend,CWAgent,diskio_writes,name=nvme0n1p15,average,0.0
2026-09-30T15:12:00+00:00,backend,CWAgent,diskio_writes,name=nvme0n1p15,average,0.0
2026-09-30T15:13:00+00:00,backend,CWAgent,diskio_writes,name=nvme0n1p15,average,0.0
2026-09-30T15:14:00+00:00,backend,CWAgent,diskio_writes,name=nvme0n1p15,average,0.0
2026-09-30T15:15:00+00:00,backend,CWAgent,diskio_writes,name=nvme0n1p15,average,0.0
2026-09-30T15:16:00+00:00,backend,CWAgent,diskio_writes,name=nvme0n1p15,average,0.0
2026-09-30T15:17:00+00:00,backend,CWAgent,diskio_writes,name=nvme0n1p15,average,0.0
2026-09-30T15:18:00+00:00,backend,CWAgent,diskio_writes,name=nvme0n1p15,average,0.0
2026-09-30T15:19:00+00:00,backend,CWAgent,diskio_writes,name=nvme0n1p15,average,0.0
2026-09-30T15:20:00+00:00,backend,CWAgent,diskio_writes,name=nvme0n1p15,average,0.0
2026-09-30T15:21:00+00:00,backend,CWAgent,diskio_writes,name=nvme0n1p15,average,0.0
2026-09-30T15:09:00+00:00,backend,CWAgent,diskio_writes,name=nvme0n1p15,maximum,0.0
2026-09-30T15:10:00+00:00,backend,CWAgent,diskio_writes,name=nvme0n1p15,maximum,0.0
2026-09-30T15:11:00+00:00,backend,CWAgent,diskio_writes,name=nvme0n1p15,maximum,0.0
2026-09-30T15:12:00+00:00,backend,CWAgent,diskio_writes,name=nvme0n1p15,maximum,0.0
2026-09-30T15:13:00+00:00,backend,CWAgent,diskio_writes,name=nvme0n1p15,maximum,0.0
2026-09-30T15:14:00+00:00,backend,CWAgent,diskio_writes,name=nvme0n1p15,maximum,0.0
2026-09-30T15:15:00+00:00,backend,CWAgent,diskio_writes,name=nvme0n1p15,maximum,0.0
2026-09-30T15:16:00+00:00,backend,CWAgent,diskio_writes,name=nvme0n1p15,maximum,0.0
2026-09-30T15:17:00+00:00,backend,CWAgent,diskio_writes,name=nvme0n1p15,maximum,0.0
2026-09-30T15:18:00+00:00,backend,CWAgent,diskio_writes,name=nvme0n1p15,maximum,0.0
2026-09-30T15:19:00+00:00,backend,CWAgent,diskio_writes,name=nvme0n1p15,maximum,0.0
2026-09-30T15:20:00+00:00,backend,CWAgent,diskio_writes,name=nvme0n1p15,maximum,0.0
2026-09-30T15:21:00+00:00,backend,CWAgent,diskio_writes,name=nvme0n1p15,maximum,0.0
2026-09-30T15:09:00+00:00,backend,CWAgent,cpu_usage_iowait,cpu=cpu-total,average,0.016714023065354463
2026-09-30T15:10:00+00:00,backend,CWAgent,cpu_usage_iowait,cpu=cpu-total,average,0.06677796327211918
2026-09-30T15:11:00+00:00,backend,CWAgent,cpu_usage_iowait,cpu=cpu-total,average,3.9364757560398407
2026-09-30T15:12:00+00:00,backend,CWAgent,cpu_usage_iowait,cpu=cpu-total,average,0.03397316120264321
2026-09-30T15:13:00+00:00,backend,CWAgent,cpu_usage_iowait,cpu=cpu-total,average,0.01710132535272348
2026-09-30T15:14:00+00:00,backend,CWAgent,cpu_usage_iowait,cpu=cpu-total,average,0.025680534155111463
2026-09-30T15:15:00+00:00,backend,CWAgent,cpu_usage_iowait,cpu=cpu-total,average,0.44247787610618966
2026-09-30T15:16:00+00:00,backend,CWAgent,cpu_usage_iowait,cpu=cpu-total,average,0.04262574595055198
2026-09-30T15:17:00+00:00,backend,CWAgent,cpu_usage_iowait,cpu=cpu-total,average,0.03401649800153602
2026-09-30T15:18:00+00:00,backend,CWAgent,cpu_usage_iowait,cpu=cpu-total,average,0.016869095816460955
2026-09-30T15:19:00+00:00,backend,CWAgent,cpu_usage_iowait,cpu=cpu-total,average,0.0507700118463379
2026-09-30T15:20:00+00:00,backend,CWAgent,cpu_usage_iowait,cpu=cpu-total,average,0.22499999999999667
2026-09-30T15:21:00+00:00,backend,CWAgent,cpu_usage_iowait,cpu=cpu-total,average,0.025106703489832783
2026-09-30T15:09:00+00:00,backend,CWAgent,cpu_usage_iowait,cpu=cpu-total,maximum,0.016714023065354463
2026-09-30T15:10:00+00:00,backend,CWAgent,cpu_usage_iowait,cpu=cpu-total,maximum,0.06677796327211918
2026-09-30T15:11:00+00:00,backend,CWAgent,cpu_usage_iowait,cpu=cpu-total,maximum,3.9364757560398407
2026-09-30T15:12:00+00:00,backend,CWAgent,cpu_usage_iowait,cpu=cpu-total,maximum,0.03397316120264321
2026-09-30T15:13:00+00:00,backend,CWAgent,cpu_usage_iowait,cpu=cpu-total,maximum,0.01710132535272348
2026-09-30T15:14:00+00:00,backend,CWAgent,cpu_usage_iowait,cpu=cpu-total,maximum,0.025680534155111463
2026-09-30T15:15:00+00:00,backend,CWAgent,cpu_usage_iowait,cpu=cpu-total,maximum,0.44247787610618966
2026-09-30T15:16:00+00:00,backend,CWAgent,cpu_usage_iowait,cpu=cpu-total,maximum,0.04262574595055198
2026-09-30T15:17:00+00:00,backend,CWAgent,cpu_usage_iowait,cpu=cpu-total,maximum,0.03401649800153602
2026-09-30T15:18:00+00:00,backend,CWAgent,cpu_usage_iowait,cpu=cpu-total,maximum,0.016869095816460955
2026-09-30T15:19:00+00:00,backend,CWAgent,cpu_usage_iowait,cpu=cpu-total,maximum,0.0507700118463379
2026-09-30T15:20:00+00:00,backend,CWAgent,cpu_usage_iowait,cpu=cpu-total,maximum,0.22499999999999667
2026-09-30T15:21:00+00:00,backend,CWAgent,cpu_usage_iowait,cpu=cpu-total,maximum,0.025106703489832783
2026-09-30T15:09:00+00:00,backend,CWAgent,net_bytes_sent,interface=ens5,average,53879.0
2026-09-30T15:10:00+00:00,backend,CWAgent,net_bytes_sent,interface=ens5,average,52385.0
2026-09-30T15:11:00+00:00,backend,CWAgent,net_bytes_sent,interface=ens5,average,9615882.0
2026-09-30T15:12:00+00:00,backend,CWAgent,net_bytes_sent,interface=ens5,average,60369304.0
2026-09-30T15:13:00+00:00,backend,CWAgent,net_bytes_sent,interface=ens5,average,105450686.0
2026-09-30T15:14:00+00:00,backend,CWAgent,net_bytes_sent,interface=ens5,average,110080407.0
2026-09-30T15:15:00+00:00,backend,CWAgent,net_bytes_sent,interface=ens5,average,110478424.0
2026-09-30T15:16:00+00:00,backend,CWAgent,net_bytes_sent,interface=ens5,average,109917270.0
2026-09-30T15:17:00+00:00,backend,CWAgent,net_bytes_sent,interface=ens5,average,110033889.0
2026-09-30T15:18:00+00:00,backend,CWAgent,net_bytes_sent,interface=ens5,average,101855133.0
2026-09-30T15:19:00+00:00,backend,CWAgent,net_bytes_sent,interface=ens5,average,53415080.0
2026-09-30T15:20:00+00:00,backend,CWAgent,net_bytes_sent,interface=ens5,average,6324887.0
2026-09-30T15:21:00+00:00,backend,CWAgent,net_bytes_sent,interface=ens5,average,66917.0
2026-09-30T15:09:00+00:00,backend,CWAgent,net_bytes_sent,interface=ens5,maximum,53879.0
2026-09-30T15:10:00+00:00,backend,CWAgent,net_bytes_sent,interface=ens5,maximum,52385.0
2026-09-30T15:11:00+00:00,backend,CWAgent,net_bytes_sent,interface=ens5,maximum,9615882.0
2026-09-30T15:12:00+00:00,backend,CWAgent,net_bytes_sent,interface=ens5,maximum,60369304.0
2026-09-30T15:13:00+00:00,backend,CWAgent,net_bytes_sent,interface=ens5,maximum,105450686.0
2026-09-30T15:14:00+00:00,backend,CWAgent,net_bytes_sent,interface=ens5,maximum,110080407.0
2026-09-30T15:15:00+00:00,backend,CWAgent,net_bytes_sent,interface=ens5,maximum,110478424.0
2026-09-30T15:16:00+00:00,backend,CWAgent,net_bytes_sent,interface=ens5,maximum,109917270.0
2026-09-30T15:17:00+00:00,backend,CWAgent,net_bytes_sent,interface=ens5,maximum,110033889.0
2026-09-30T15:18:00+00:00,backend,CWAgent,net_bytes_sent,interface=ens5,maximum,101855133.0
2026-09-30T15:19:00+00:00,backend,CWAgent,net_bytes_sent,interface=ens5,maximum,53415080.0
2026-09-30T15:20:00+00:00,backend,CWAgent,net_bytes_sent,interface=ens5,maximum,6324887.0
2026-09-30T15:21:00+00:00,backend,CWAgent,net_bytes_sent,interface=ens5,maximum,66917.0
2026-09-30T15:09:00+00:00,backend,CWAgent,net_bytes_recv,interface=ens5,average,12513.0
2026-09-30T15:10:00+00:00,backend,CWAgent,net_bytes_recv,interface=ens5,average,12655.0
2026-09-30T15:11:00+00:00,backend,CWAgent,net_bytes_recv,interface=ens5,average,2430578.0
2026-09-30T15:12:00+00:00,backend,CWAgent,net_bytes_recv,interface=ens5,average,13404188.0
2026-09-30T15:13:00+00:00,backend,CWAgent,net_bytes_recv,interface=ens5,average,23322657.0
2026-09-30T15:14:00+00:00,backend,CWAgent,net_bytes_recv,interface=ens5,average,24347209.0
2026-09-30T15:15:00+00:00,backend,CWAgent,net_bytes_recv,interface=ens5,average,24281806.0
2026-09-30T15:16:00+00:00,backend,CWAgent,net_bytes_recv,interface=ens5,average,24299600.0
2026-09-30T15:17:00+00:00,backend,CWAgent,net_bytes_recv,interface=ens5,average,24367643.0
2026-09-30T15:18:00+00:00,backend,CWAgent,net_bytes_recv,interface=ens5,average,22566141.0
2026-09-30T15:19:00+00:00,backend,CWAgent,net_bytes_recv,interface=ens5,average,11914069.0
2026-09-30T15:20:00+00:00,backend,CWAgent,net_bytes_recv,interface=ens5,average,1559567.0
2026-09-30T15:21:00+00:00,backend,CWAgent,net_bytes_recv,interface=ens5,average,12912.0
2026-09-30T15:09:00+00:00,backend,CWAgent,net_bytes_recv,interface=ens5,maximum,12513.0
2026-09-30T15:10:00+00:00,backend,CWAgent,net_bytes_recv,interface=ens5,maximum,12655.0
2026-09-30T15:11:00+00:00,backend,CWAgent,net_bytes_recv,interface=ens5,maximum,2430578.0
2026-09-30T15:12:00+00:00,backend,CWAgent,net_bytes_recv,interface=ens5,maximum,13404188.0
2026-09-30T15:13:00+00:00,backend,CWAgent,net_bytes_recv,interface=ens5,maximum,23322657.0
2026-09-30T15:14:00+00:00,backend,CWAgent,net_bytes_recv,interface=ens5,maximum,24347209.0
2026-09-30T15:15:00+00:00,backend,CWAgent,net_bytes_recv,interface=ens5,maximum,24281806.0
2026-09-30T15:16:00+00:00,backend,CWAgent,net_bytes_recv,interface=ens5,maximum,24299600.0
2026-09-30T15:17:00+00:00,backend,CWAgent,net_bytes_recv,interface=ens5,maximum,24367643.0
2026-09-30T15:18:00+00:00,backend,CWAgent,net_bytes_recv,interface=ens5,maximum,22566141.0
2026-09-30T15:19:00+00:00,backend,CWAgent,net_bytes_recv,interface=ens5,maximum,11914069.0
2026-09-30T15:20:00+00:00,backend,CWAgent,net_bytes_recv,interface=ens5,maximum,1559567.0
2026-09-30T15:21:00+00:00,backend,CWAgent,net_bytes_recv,interface=ens5,maximum,12912.0
2026-09-30T15:09:00+00:00,backend,CWAgent,diskio_reads,name=nvme0n1p15,average,0.0
2026-09-30T15:10:00+00:00,backend,CWAgent,diskio_reads,name=nvme0n1p15,average,0.0
2026-09-30T15:11:00+00:00,backend,CWAgent,diskio_reads,name=nvme0n1p15,average,0.0
2026-09-30T15:12:00+00:00,backend,CWAgent,diskio_reads,name=nvme0n1p15,average,0.0
2026-09-30T15:13:00+00:00,backend,CWAgent,diskio_reads,name=nvme0n1p15,average,0.0
2026-09-30T15:14:00+00:00,backend,CWAgent,diskio_reads,name=nvme0n1p15,average,0.0
2026-09-30T15:15:00+00:00,backend,CWAgent,diskio_reads,name=nvme0n1p15,average,0.0
2026-09-30T15:16:00+00:00,backend,CWAgent,diskio_reads,name=nvme0n1p15,average,0.0
2026-09-30T15:17:00+00:00,backend,CWAgent,diskio_reads,name=nvme0n1p15,average,0.0
2026-09-30T15:18:00+00:00,backend,CWAgent,diskio_reads,name=nvme0n1p15,average,0.0
2026-09-30T15:19:00+00:00,backend,CWAgent,diskio_reads,name=nvme0n1p15,average,0.0
2026-09-30T15:20:00+00:00,backend,CWAgent,diskio_reads,name=nvme0n1p15,average,0.0
2026-09-30T15:21:00+00:00,backend,CWAgent,diskio_reads,name=nvme0n1p15,average,0.0
2026-09-30T15:09:00+00:00,backend,CWAgent,diskio_reads,name=nvme0n1p15,maximum,0.0
2026-09-30T15:10:00+00:00,backend,CWAgent,diskio_reads,name=nvme0n1p15,maximum,0.0
2026-09-30T15:11:00+00:00,backend,CWAgent,diskio_reads,name=nvme0n1p15,maximum,0.0
2026-09-30T15:12:00+00:00,backend,CWAgent,diskio_reads,name=nvme0n1p15,maximum,0.0
2026-09-30T15:13:00+00:00,backend,CWAgent,diskio_reads,name=nvme0n1p15,maximum,0.0
2026-09-30T15:14:00+00:00,backend,CWAgent,diskio_reads,name=nvme0n1p15,maximum,0.0
2026-09-30T15:15:00+00:00,backend,CWAgent,diskio_reads,name=nvme0n1p15,maximum,0.0
2026-09-30T15:16:00+00:00,backend,CWAgent,diskio_reads,name=nvme0n1p15,maximum,0.0
2026-09-30T15:17:00+00:00,backend,CWAgent,diskio_reads,name=nvme0n1p15,maximum,0.0
2026-09-30T15:18:00+00:00,backend,CWAgent,diskio_reads,name=nvme0n1p15,maximum,0.0
2026-09-30T15:19:00+00:00,backend,CWAgent,diskio_reads,name=nvme0n1p15,maximum,0.0
2026-09-30T15:20:00+00:00,backend,CWAgent,diskio_reads,name=nvme0n1p15,maximum,0.0
2026-09-30T15:21:00+00:00,backend,CWAgent,diskio_reads,name=nvme0n1p15,maximum,0.0
2026-09-30T15:09:00+00:00,backend,CWAgent,diskio_write_bytes,name=nvme0n1p14,average,0.0
2026-09-30T15:10:00+00:00,backend,CWAgent,diskio_write_bytes,name=nvme0n1p14,average,0.0
2026-09-30T15:11:00+00:00,backend,CWAgent,diskio_write_bytes,name=nvme0n1p14,average,0.0
2026-09-30T15:12:00+00:00,backend,CWAgent,diskio_write_bytes,name=nvme0n1p14,average,0.0
2026-09-30T15:13:00+00:00,backend,CWAgent,diskio_write_bytes,name=nvme0n1p14,average,0.0
2026-09-30T15:14:00+00:00,backend,CWAgent,diskio_write_bytes,name=nvme0n1p14,average,0.0
2026-09-30T15:15:00+00:00,backend,CWAgent,diskio_write_bytes,name=nvme0n1p14,average,0.0
2026-09-30T15:16:00+00:00,backend,CWAgent,diskio_write_bytes,name=nvme0n1p14,average,0.0
2026-09-30T15:17:00+00:00,backend,CWAgent,diskio_write_bytes,name=nvme0n1p14,average,0.0
2026-09-30T15:18:00+00:00,backend,CWAgent,diskio_write_bytes,name=nvme0n1p14,average,0.0
2026-09-30T15:19:00+00:00,backend,CWAgent,diskio_write_bytes,name=nvme0n1p14,average,0.0
2026-09-30T15:20:00+00:00,backend,CWAgent,diskio_write_bytes,name=nvme0n1p14,average,0.0
2026-09-30T15:21:00+00:00,backend,CWAgent,diskio_write_bytes,name=nvme0n1p14,average,0.0
2026-09-30T15:09:00+00:00,backend,CWAgent,diskio_write_bytes,name=nvme0n1p14,maximum,0.0
2026-09-30T15:10:00+00:00,backend,CWAgent,diskio_write_bytes,name=nvme0n1p14,maximum,0.0
2026-09-30T15:11:00+00:00,backend,CWAgent,diskio_write_bytes,name=nvme0n1p14,maximum,0.0
2026-09-30T15:12:00+00:00,backend,CWAgent,diskio_write_bytes,name=nvme0n1p14,maximum,0.0
2026-09-30T15:13:00+00:00,backend,CWAgent,diskio_write_bytes,name=nvme0n1p14,maximum,0.0
2026-09-30T15:14:00+00:00,backend,CWAgent,diskio_write_bytes,name=nvme0n1p14,maximum,0.0
2026-09-30T15:15:00+00:00,backend,CWAgent,diskio_write_bytes,name=nvme0n1p14,maximum,0.0
2026-09-30T15:16:00+00:00,backend,CWAgent,diskio_write_bytes,name=nvme0n1p14,maximum,0.0
2026-09-30T15:17:00+00:00,backend,CWAgent,diskio_write_bytes,name=nvme0n1p14,maximum,0.0
2026-09-30T15:18:00+00:00,backend,CWAgent,diskio_write_bytes,name=nvme0n1p14,maximum,0.0
2026-09-30T15:19:00+00:00,backend,CWAgent,diskio_write_bytes,name=nvme0n1p14,maximum,0.0
2026-09-30T15:20:00+00:00,backend,CWAgent,diskio_write_bytes,name=nvme0n1p14,maximum,0.0
2026-09-30T15:21:00+00:00,backend,CWAgent,diskio_write_bytes,name=nvme0n1p14,maximum,0.0
2026-09-30T15:09:00+00:00,backend,CWAgent,diskio_reads,name=nvme0n1p14,average,0.0
2026-09-30T15:10:00+00:00,backend,CWAgent,diskio_reads,name=nvme0n1p14,average,0.0
2026-09-30T15:11:00+00:00,backend,CWAgent,diskio_reads,name=nvme0n1p14,average,0.0
2026-09-30T15:12:00+00:00,backend,CWAgent,diskio_reads,name=nvme0n1p14,average,0.0
2026-09-30T15:13:00+00:00,backend,CWAgent,diskio_reads,name=nvme0n1p14,average,0.0
2026-09-30T15:14:00+00:00,backend,CWAgent,diskio_reads,name=nvme0n1p14,average,0.0
2026-09-30T15:15:00+00:00,backend,CWAgent,diskio_reads,name=nvme0n1p14,average,0.0
2026-09-30T15:16:00+00:00,backend,CWAgent,diskio_reads,name=nvme0n1p14,average,0.0
2026-09-30T15:17:00+00:00,backend,CWAgent,diskio_reads,name=nvme0n1p14,average,0.0
2026-09-30T15:18:00+00:00,backend,CWAgent,diskio_reads,name=nvme0n1p14,average,0.0
2026-09-30T15:19:00+00:00,backend,CWAgent,diskio_reads,name=nvme0n1p14,average,0.0
2026-09-30T15:20:00+00:00,backend,CWAgent,diskio_reads,name=nvme0n1p14,average,0.0
2026-09-30T15:21:00+00:00,backend,CWAgent,diskio_reads,name=nvme0n1p14,average,0.0
2026-09-30T15:09:00+00:00,backend,CWAgent,diskio_reads,name=nvme0n1p14,maximum,0.0
2026-09-30T15:10:00+00:00,backend,CWAgent,diskio_reads,name=nvme0n1p14,maximum,0.0
2026-09-30T15:11:00+00:00,backend,CWAgent,diskio_reads,name=nvme0n1p14,maximum,0.0
2026-09-30T15:12:00+00:00,backend,CWAgent,diskio_reads,name=nvme0n1p14,maximum,0.0
2026-09-30T15:13:00+00:00,backend,CWAgent,diskio_reads,name=nvme0n1p14,maximum,0.0
2026-09-30T15:14:00+00:00,backend,CWAgent,diskio_reads,name=nvme0n1p14,maximum,0.0
2026-09-30T15:15:00+00:00,backend,CWAgent,diskio_reads,name=nvme0n1p14,maximum,0.0
2026-09-30T15:16:00+00:00,backend,CWAgent,diskio_reads,name=nvme0n1p14,maximum,0.0
2026-09-30T15:17:00+00:00,backend,CWAgent,diskio_reads,name=nvme0n1p14,maximum,0.0
2026-09-30T15:18:00+00:00,backend,CWAgent,diskio_reads,name=nvme0n1p14,maximum,0.0
2026-09-30T15:19:00+00:00,backend,CWAgent,diskio_reads,name=nvme0n1p14,maximum,0.0
2026-09-30T15:20:00+00:00,backend,CWAgent,diskio_reads,name=nvme0n1p14,maximum,0.0
2026-09-30T15:21:00+00:00,backend,CWAgent,diskio_reads,name=nvme0n1p14,maximum,0.0
2026-09-30T15:09:00+00:00,backend,CWAgent,diskio_writes,name=nvme0n1,average,79.0
2026-09-30T15:10:00+00:00,backend,CWAgent,diskio_writes,name=nvme0n1,average,40.0
2026-09-30T15:11:00+00:00,backend,CWAgent,diskio_writes,name=nvme0n1,average,292.0
2026-09-30T15:12:00+00:00,backend,CWAgent,diskio_writes,name=nvme0n1,average,63.0
2026-09-30T15:13:00+00:00,backend,CWAgent,diskio_writes,name=nvme0n1,average,86.0
2026-09-30T15:14:00+00:00,backend,CWAgent,diskio_writes,name=nvme0n1,average,49.0
2026-09-30T15:15:00+00:00,backend,CWAgent,diskio_writes,name=nvme0n1,average,1877.0
2026-09-30T15:16:00+00:00,backend,CWAgent,diskio_writes,name=nvme0n1,average,46.0
2026-09-30T15:17:00+00:00,backend,CWAgent,diskio_writes,name=nvme0n1,average,48.0
2026-09-30T15:18:00+00:00,backend,CWAgent,diskio_writes,name=nvme0n1,average,51.0
2026-09-30T15:19:00+00:00,backend,CWAgent,diskio_writes,name=nvme0n1,average,131.0
2026-09-30T15:20:00+00:00,backend,CWAgent,diskio_writes,name=nvme0n1,average,407.0
2026-09-30T15:21:00+00:00,backend,CWAgent,diskio_writes,name=nvme0n1,average,87.0
2026-09-30T15:09:00+00:00,backend,CWAgent,diskio_writes,name=nvme0n1,maximum,79.0
2026-09-30T15:10:00+00:00,backend,CWAgent,diskio_writes,name=nvme0n1,maximum,40.0
2026-09-30T15:11:00+00:00,backend,CWAgent,diskio_writes,name=nvme0n1,maximum,292.0
2026-09-30T15:12:00+00:00,backend,CWAgent,diskio_writes,name=nvme0n1,maximum,63.0
2026-09-30T15:13:00+00:00,backend,CWAgent,diskio_writes,name=nvme0n1,maximum,86.0
2026-09-30T15:14:00+00:00,backend,CWAgent,diskio_writes,name=nvme0n1,maximum,49.0
2026-09-30T15:15:00+00:00,backend,CWAgent,diskio_writes,name=nvme0n1,maximum,1877.0
2026-09-30T15:16:00+00:00,backend,CWAgent,diskio_writes,name=nvme0n1,maximum,46.0
2026-09-30T15:17:00+00:00,backend,CWAgent,diskio_writes,name=nvme0n1,maximum,48.0
2026-09-30T15:18:00+00:00,backend,CWAgent,diskio_writes,name=nvme0n1,maximum,51.0
2026-09-30T15:19:00+00:00,backend,CWAgent,diskio_writes,name=nvme0n1,maximum,131.0
2026-09-30T15:20:00+00:00,backend,CWAgent,diskio_writes,name=nvme0n1,maximum,407.0
2026-09-30T15:21:00+00:00,backend,CWAgent,diskio_writes,name=nvme0n1,maximum,87.0
2026-09-30T15:09:00+00:00,backend,CWAgent,cpu_usage_user,cpu=cpu-total,average,0.5515627611566795
2026-09-30T15:10:00+00:00,backend,CWAgent,cpu_usage_user,cpu=cpu-total,average,0.559265442403881
2026-09-30T15:11:00+00:00,backend,CWAgent,cpu_usage_user,cpu=cpu-total,average,3.750633552965042
2026-09-30T15:12:00+00:00,backend,CWAgent,cpu_usage_user,cpu=cpu-total,average,17.988788856803215
2026-09-30T15:13:00+00:00,backend,CWAgent,cpu_usage_user,cpu=cpu-total,average,30.05557930739602
2026-09-30T15:14:00+00:00,backend,CWAgent,cpu_usage_user,cpu=cpu-total,average,32.40883410374955
2026-09-30T15:15:00+00:00,backend,CWAgent,cpu_usage_user,cpu=cpu-total,average,34.01974132062617
2026-09-30T15:16:00+00:00,backend,CWAgent,cpu_usage_user,cpu=cpu-total,average,33.563512361466444
2026-09-30T15:17:00+00:00,backend,CWAgent,cpu_usage_user,cpu=cpu-total,average,33.880432009524505
2026-09-30T15:18:00+00:00,backend,CWAgent,cpu_usage_user,cpu=cpu-total,average,32.34649122807043
2026-09-30T15:19:00+00:00,backend,CWAgent,cpu_usage_user,cpu=cpu-total,average,18.277204264680872
2026-09-30T15:20:00+00:00,backend,CWAgent,cpu_usage_user,cpu=cpu-total,average,3.7916666666666288
2026-09-30T15:21:00+00:00,backend,CWAgent,cpu_usage_user,cpu=cpu-total,average,1.322286383797939
2026-09-30T15:09:00+00:00,backend,CWAgent,cpu_usage_user,cpu=cpu-total,maximum,0.5515627611566795
2026-09-30T15:10:00+00:00,backend,CWAgent,cpu_usage_user,cpu=cpu-total,maximum,0.559265442403881
2026-09-30T15:11:00+00:00,backend,CWAgent,cpu_usage_user,cpu=cpu-total,maximum,3.750633552965042
2026-09-30T15:12:00+00:00,backend,CWAgent,cpu_usage_user,cpu=cpu-total,maximum,17.988788856803215
2026-09-30T15:13:00+00:00,backend,CWAgent,cpu_usage_user,cpu=cpu-total,maximum,30.05557930739602
2026-09-30T15:14:00+00:00,backend,CWAgent,cpu_usage_user,cpu=cpu-total,maximum,32.40883410374955
2026-09-30T15:15:00+00:00,backend,CWAgent,cpu_usage_user,cpu=cpu-total,maximum,34.01974132062617
2026-09-30T15:16:00+00:00,backend,CWAgent,cpu_usage_user,cpu=cpu-total,maximum,33.563512361466444
2026-09-30T15:17:00+00:00,backend,CWAgent,cpu_usage_user,cpu=cpu-total,maximum,33.880432009524505
2026-09-30T15:18:00+00:00,backend,CWAgent,cpu_usage_user,cpu=cpu-total,maximum,32.34649122807043
2026-09-30T15:19:00+00:00,backend,CWAgent,cpu_usage_user,cpu=cpu-total,maximum,18.277204264680872
2026-09-30T15:20:00+00:00,backend,CWAgent,cpu_usage_user,cpu=cpu-total,maximum,3.7916666666666288
2026-09-30T15:21:00+00:00,backend,CWAgent,cpu_usage_user,cpu=cpu-total,maximum,1.322286383797939
2026-09-30T15:09:00+00:00,backend,CWAgent,procstat_memory_rss,exe=java;process_name=java,average,487907328.0
2026-09-30T15:10:00+00:00,backend,CWAgent,procstat_memory_rss,exe=java;process_name=java,average,487907328.0
2026-09-30T15:11:00+00:00,backend,CWAgent,procstat_memory_rss,exe=java;process_name=java,average,556806144.0
2026-09-30T15:12:00+00:00,backend,CWAgent,procstat_memory_rss,exe=java;process_name=java,average,558129152.0
2026-09-30T15:13:00+00:00,backend,CWAgent,procstat_memory_rss,exe=java;process_name=java,average,558243840.0
2026-09-30T15:14:00+00:00,backend,CWAgent,procstat_memory_rss,exe=java;process_name=java,average,558456832.0
2026-09-30T15:15:00+00:00,backend,CWAgent,procstat_memory_rss,exe=java;process_name=java,average,506273792.0
2026-09-30T15:16:00+00:00,backend,CWAgent,procstat_memory_rss,exe=java;process_name=java,average,507764736.0
2026-09-30T15:17:00+00:00,backend,CWAgent,procstat_memory_rss,exe=java;process_name=java,average,508551168.0
2026-09-30T15:18:00+00:00,backend,CWAgent,procstat_memory_rss,exe=java;process_name=java,average,510709760.0
2026-09-30T15:19:00+00:00,backend,CWAgent,procstat_memory_rss,exe=java;process_name=java,average,511528960.0
2026-09-30T15:20:00+00:00,backend,CWAgent,procstat_memory_rss,exe=java;process_name=java,average,510521344.0
2026-09-30T15:21:00+00:00,backend,CWAgent,procstat_memory_rss,exe=java;process_name=java,average,495259648.0
2026-09-30T15:09:00+00:00,backend,CWAgent,procstat_memory_rss,exe=java;process_name=java,maximum,487907328.0
2026-09-30T15:10:00+00:00,backend,CWAgent,procstat_memory_rss,exe=java;process_name=java,maximum,487907328.0
2026-09-30T15:11:00+00:00,backend,CWAgent,procstat_memory_rss,exe=java;process_name=java,maximum,556806144.0
2026-09-30T15:12:00+00:00,backend,CWAgent,procstat_memory_rss,exe=java;process_name=java,maximum,558129152.0
2026-09-30T15:13:00+00:00,backend,CWAgent,procstat_memory_rss,exe=java;process_name=java,maximum,558243840.0
2026-09-30T15:14:00+00:00,backend,CWAgent,procstat_memory_rss,exe=java;process_name=java,maximum,558456832.0
2026-09-30T15:15:00+00:00,backend,CWAgent,procstat_memory_rss,exe=java;process_name=java,maximum,506273792.0
2026-09-30T15:16:00+00:00,backend,CWAgent,procstat_memory_rss,exe=java;process_name=java,maximum,507764736.0
2026-09-30T15:17:00+00:00,backend,CWAgent,procstat_memory_rss,exe=java;process_name=java,maximum,508551168.0
2026-09-30T15:18:00+00:00,backend,CWAgent,procstat_memory_rss,exe=java;process_name=java,maximum,510709760.0
2026-09-30T15:19:00+00:00,backend,CWAgent,procstat_memory_rss,exe=java;process_name=java,maximum,511528960.0
2026-09-30T15:20:00+00:00,backend,CWAgent,procstat_memory_rss,exe=java;process_name=java,maximum,510521344.0
2026-09-30T15:21:00+00:00,backend,CWAgent,procstat_memory_rss,exe=java;process_name=java,maximum,495259648.0
2026-09-30T15:09:00+00:00,backend,CWAgent,diskio_reads,name=nvme0n1p1,average,12.0
2026-09-30T15:10:00+00:00,backend,CWAgent,diskio_reads,name=nvme0n1p1,average,153.0
2026-09-30T15:11:00+00:00,backend,CWAgent,diskio_reads,name=nvme0n1p1,average,11863.0
2026-09-30T15:12:00+00:00,backend,CWAgent,diskio_reads,name=nvme0n1p1,average,115.0
2026-09-30T15:13:00+00:00,backend,CWAgent,diskio_reads,name=nvme0n1p1,average,18.0
2026-09-30T15:14:00+00:00,backend,CWAgent,diskio_reads,name=nvme0n1p1,average,63.0
2026-09-30T15:15:00+00:00,backend,CWAgent,diskio_reads,name=nvme0n1p1,average,2651.0
2026-09-30T15:16:00+00:00,backend,CWAgent,diskio_reads,name=nvme0n1p1,average,259.0
2026-09-30T15:17:00+00:00,backend,CWAgent,diskio_reads,name=nvme0n1p1,average,113.0
2026-09-30T15:18:00+00:00,backend,CWAgent,diskio_reads,name=nvme0n1p1,average,94.0
2026-09-30T15:19:00+00:00,backend,CWAgent,diskio_reads,name=nvme0n1p1,average,98.0
2026-09-30T15:20:00+00:00,backend,CWAgent,diskio_reads,name=nvme0n1p1,average,788.0
2026-09-30T15:21:00+00:00,backend,CWAgent,diskio_reads,name=nvme0n1p1,average,64.0
2026-09-30T15:09:00+00:00,backend,CWAgent,diskio_reads,name=nvme0n1p1,maximum,12.0
2026-09-30T15:10:00+00:00,backend,CWAgent,diskio_reads,name=nvme0n1p1,maximum,153.0
2026-09-30T15:11:00+00:00,backend,CWAgent,diskio_reads,name=nvme0n1p1,maximum,11863.0
2026-09-30T15:12:00+00:00,backend,CWAgent,diskio_reads,name=nvme0n1p1,maximum,115.0
2026-09-30T15:13:00+00:00,backend,CWAgent,diskio_reads,name=nvme0n1p1,maximum,18.0
2026-09-30T15:14:00+00:00,backend,CWAgent,diskio_reads,name=nvme0n1p1,maximum,63.0
2026-09-30T15:15:00+00:00,backend,CWAgent,diskio_reads,name=nvme0n1p1,maximum,2651.0
2026-09-30T15:16:00+00:00,backend,CWAgent,diskio_reads,name=nvme0n1p1,maximum,259.0
2026-09-30T15:17:00+00:00,backend,CWAgent,diskio_reads,name=nvme0n1p1,maximum,113.0
2026-09-30T15:18:00+00:00,backend,CWAgent,diskio_reads,name=nvme0n1p1,maximum,94.0
2026-09-30T15:19:00+00:00,backend,CWAgent,diskio_reads,name=nvme0n1p1,maximum,98.0
2026-09-30T15:20:00+00:00,backend,CWAgent,diskio_reads,name=nvme0n1p1,maximum,788.0
2026-09-30T15:21:00+00:00,backend,CWAgent,diskio_reads,name=nvme0n1p1,maximum,64.0
2026-09-30T15:09:00+00:00,backend,CWAgent,diskio_read_bytes,name=nvme0n1,average,245760.0
2026-09-30T15:10:00+00:00,backend,CWAgent,diskio_read_bytes,name=nvme0n1,average,3457024.0
2026-09-30T15:11:00+00:00,backend,CWAgent,diskio_read_bytes,name=nvme0n1,average,65720320.0
2026-09-30T15:12:00+00:00,backend,CWAgent,diskio_read_bytes,name=nvme0n1,average,1073152.0
2026-09-30T15:13:00+00:00,backend,CWAgent,diskio_read_bytes,name=nvme0n1,average,598016.0
2026-09-30T15:14:00+00:00,backend,CWAgent,diskio_read_bytes,name=nvme0n1,average,868352.0
2026-09-30T15:15:00+00:00,backend,CWAgent,diskio_read_bytes,name=nvme0n1,average,69541888.0
2026-09-30T15:16:00+00:00,backend,CWAgent,diskio_read_bytes,name=nvme0n1,average,2248704.0
2026-09-30T15:17:00+00:00,backend,CWAgent,diskio_read_bytes,name=nvme0n1,average,1228800.0
2026-09-30T15:18:00+00:00,backend,CWAgent,diskio_read_bytes,name=nvme0n1,average,1581056.0
2026-09-30T15:19:00+00:00,backend,CWAgent,diskio_read_bytes,name=nvme0n1,average,1843200.0
2026-09-30T15:20:00+00:00,backend,CWAgent,diskio_read_bytes,name=nvme0n1,average,16941056.0
2026-09-30T15:21:00+00:00,backend,CWAgent,diskio_read_bytes,name=nvme0n1,average,610304.0
2026-09-30T15:09:00+00:00,backend,CWAgent,diskio_read_bytes,name=nvme0n1,maximum,245760.0
2026-09-30T15:10:00+00:00,backend,CWAgent,diskio_read_bytes,name=nvme0n1,maximum,3457024.0
2026-09-30T15:11:00+00:00,backend,CWAgent,diskio_read_bytes,name=nvme0n1,maximum,65720320.0
2026-09-30T15:12:00+00:00,backend,CWAgent,diskio_read_bytes,name=nvme0n1,maximum,1073152.0
2026-09-30T15:13:00+00:00,backend,CWAgent,diskio_read_bytes,name=nvme0n1,maximum,598016.0
2026-09-30T15:14:00+00:00,backend,CWAgent,diskio_read_bytes,name=nvme0n1,maximum,868352.0
2026-09-30T15:15:00+00:00,backend,CWAgent,diskio_read_bytes,name=nvme0n1,maximum,69541888.0
2026-09-30T15:16:00+00:00,backend,CWAgent,diskio_read_bytes,name=nvme0n1,maximum,2248704.0
2026-09-30T15:17:00+00:00,backend,CWAgent,diskio_read_bytes,name=nvme0n1,maximum,1228800.0
2026-09-30T15:18:00+00:00,backend,CWAgent,diskio_read_bytes,name=nvme0n1,maximum,1581056.0
2026-09-30T15:19:00+00:00,backend,CWAgent,diskio_read_bytes,name=nvme0n1,maximum,1843200.0
2026-09-30T15:20:00+00:00,backend,CWAgent,diskio_read_bytes,name=nvme0n1,maximum,16941056.0
2026-09-30T15:21:00+00:00,backend,CWAgent,diskio_read_bytes,name=nvme0n1,maximum,610304.0
2026-09-30T15:09:00+00:00,backend,CWAgent,diskio_read_bytes,name=nvme0n1p15,average,0.0
2026-09-30T15:10:00+00:00,backend,CWAgent,diskio_read_bytes,name=nvme0n1p15,average,0.0
2026-09-30T15:11:00+00:00,backend,CWAgent,diskio_read_bytes,name=nvme0n1p15,average,0.0
2026-09-30T15:12:00+00:00,backend,CWAgent,diskio_read_bytes,name=nvme0n1p15,average,0.0
2026-09-30T15:13:00+00:00,backend,CWAgent,diskio_read_bytes,name=nvme0n1p15,average,0.0
2026-09-30T15:14:00+00:00,backend,CWAgent,diskio_read_bytes,name=nvme0n1p15,average,0.0
2026-09-30T15:15:00+00:00,backend,CWAgent,diskio_read_bytes,name=nvme0n1p15,average,0.0
2026-09-30T15:16:00+00:00,backend,CWAgent,diskio_read_bytes,name=nvme0n1p15,average,0.0
2026-09-30T15:17:00+00:00,backend,CWAgent,diskio_read_bytes,name=nvme0n1p15,average,0.0
2026-09-30T15:18:00+00:00,backend,CWAgent,diskio_read_bytes,name=nvme0n1p15,average,0.0
2026-09-30T15:19:00+00:00,backend,CWAgent,diskio_read_bytes,name=nvme0n1p15,average,0.0
2026-09-30T15:20:00+00:00,backend,CWAgent,diskio_read_bytes,name=nvme0n1p15,average,0.0
2026-09-30T15:21:00+00:00,backend,CWAgent,diskio_read_bytes,name=nvme0n1p15,average,0.0
2026-09-30T15:09:00+00:00,backend,CWAgent,diskio_read_bytes,name=nvme0n1p15,maximum,0.0
2026-09-30T15:10:00+00:00,backend,CWAgent,diskio_read_bytes,name=nvme0n1p15,maximum,0.0
2026-09-30T15:11:00+00:00,backend,CWAgent,diskio_read_bytes,name=nvme0n1p15,maximum,0.0
2026-09-30T15:12:00+00:00,backend,CWAgent,diskio_read_bytes,name=nvme0n1p15,maximum,0.0
2026-09-30T15:13:00+00:00,backend,CWAgent,diskio_read_bytes,name=nvme0n1p15,maximum,0.0
2026-09-30T15:14:00+00:00,backend,CWAgent,diskio_read_bytes,name=nvme0n1p15,maximum,0.0
2026-09-30T15:15:00+00:00,backend,CWAgent,diskio_read_bytes,name=nvme0n1p15,maximum,0.0
2026-09-30T15:16:00+00:00,backend,CWAgent,diskio_read_bytes,name=nvme0n1p15,maximum,0.0
2026-09-30T15:17:00+00:00,backend,CWAgent,diskio_read_bytes,name=nvme0n1p15,maximum,0.0
2026-09-30T15:18:00+00:00,backend,CWAgent,diskio_read_bytes,name=nvme0n1p15,maximum,0.0
2026-09-30T15:19:00+00:00,backend,CWAgent,diskio_read_bytes,name=nvme0n1p15,maximum,0.0
2026-09-30T15:20:00+00:00,backend,CWAgent,diskio_read_bytes,name=nvme0n1p15,maximum,0.0
2026-09-30T15:21:00+00:00,backend,CWAgent,diskio_read_bytes,name=nvme0n1p15,maximum,0.0
2026-09-30T15:09:00+00:00,backend,CWAgent,procstat_cpu_usage,exe=dockerd;process_name=dockerd,average,0.08333332420138811
2026-09-30T15:10:00+00:00,backend,CWAgent,procstat_cpu_usage,exe=dockerd;process_name=dockerd,average,0.0999999806466742
2026-09-30T15:11:00+00:00,backend,CWAgent,procstat_cpu_usage,exe=dockerd;process_name=dockerd,average,0.08333258422339597
2026-09-30T15:12:00+00:00,backend,CWAgent,procstat_cpu_usage,exe=dockerd;process_name=dockerd,average,0.13333461092335583
2026-09-30T15:13:00+00:00,backend,CWAgent,procstat_cpu_usage,exe=dockerd;process_name=dockerd,average,0.08333240159514115
2026-09-30T15:14:00+00:00,backend,CWAgent,procstat_cpu_usage,exe=dockerd;process_name=dockerd,average,0.11666734470616327
2026-09-30T15:15:00+00:00,backend,CWAgent,procstat_cpu_usage,exe=dockerd;process_name=dockerd,average,0.46666300737535665
2026-09-30T15:16:00+00:00,backend,CWAgent,procstat_cpu_usage,exe=dockerd;process_name=dockerd,average,0.13333488334468854
2026-09-30T15:17:00+00:00,backend,CWAgent,procstat_cpu_usage,exe=dockerd;process_name=dockerd,average,0.08333365192621624
2026-09-30T15:18:00+00:00,backend,CWAgent,procstat_cpu_usage,exe=dockerd;process_name=dockerd,average,0.1333329644343541
2026-09-30T15:19:00+00:00,backend,CWAgent,procstat_cpu_usage,exe=dockerd;process_name=dockerd,average,0.08333220075150541
2026-09-30T15:20:00+00:00,backend,CWAgent,procstat_cpu_usage,exe=dockerd;process_name=dockerd,average,0.18333591781059896
2026-09-30T15:21:00+00:00,backend,CWAgent,procstat_cpu_usage,exe=dockerd;process_name=dockerd,average,0.06666632748394945
2026-09-30T15:09:00+00:00,backend,CWAgent,procstat_cpu_usage,exe=dockerd;process_name=dockerd,maximum,0.08333332420138811
2026-09-30T15:10:00+00:00,backend,CWAgent,procstat_cpu_usage,exe=dockerd;process_name=dockerd,maximum,0.0999999806466742
2026-09-30T15:11:00+00:00,backend,CWAgent,procstat_cpu_usage,exe=dockerd;process_name=dockerd,maximum,0.08333258422339597
2026-09-30T15:12:00+00:00,backend,CWAgent,procstat_cpu_usage,exe=dockerd;process_name=dockerd,maximum,0.13333461092335583
2026-09-30T15:13:00+00:00,backend,CWAgent,procstat_cpu_usage,exe=dockerd;process_name=dockerd,maximum,0.08333240159514115
2026-09-30T15:14:00+00:00,backend,CWAgent,procstat_cpu_usage,exe=dockerd;process_name=dockerd,maximum,0.11666734470616327
2026-09-30T15:15:00+00:00,backend,CWAgent,procstat_cpu_usage,exe=dockerd;process_name=dockerd,maximum,0.46666300737535665
2026-09-30T15:16:00+00:00,backend,CWAgent,procstat_cpu_usage,exe=dockerd;process_name=dockerd,maximum,0.13333488334468854
2026-09-30T15:17:00+00:00,backend,CWAgent,procstat_cpu_usage,exe=dockerd;process_name=dockerd,maximum,0.08333365192621624
2026-09-30T15:18:00+00:00,backend,CWAgent,procstat_cpu_usage,exe=dockerd;process_name=dockerd,maximum,0.1333329644343541
2026-09-30T15:19:00+00:00,backend,CWAgent,procstat_cpu_usage,exe=dockerd;process_name=dockerd,maximum,0.08333220075150541
2026-09-30T15:20:00+00:00,backend,CWAgent,procstat_cpu_usage,exe=dockerd;process_name=dockerd,maximum,0.18333591781059896
2026-09-30T15:21:00+00:00,backend,CWAgent,procstat_cpu_usage,exe=dockerd;process_name=dockerd,maximum,0.06666632748394945
2026-09-30T15:09:00+00:00,backend,CWAgent,diskio_writes,name=nvme0n1p14,average,0.0
2026-09-30T15:10:00+00:00,backend,CWAgent,diskio_writes,name=nvme0n1p14,average,0.0
2026-09-30T15:11:00+00:00,backend,CWAgent,diskio_writes,name=nvme0n1p14,average,0.0
2026-09-30T15:12:00+00:00,backend,CWAgent,diskio_writes,name=nvme0n1p14,average,0.0
2026-09-30T15:13:00+00:00,backend,CWAgent,diskio_writes,name=nvme0n1p14,average,0.0
2026-09-30T15:14:00+00:00,backend,CWAgent,diskio_writes,name=nvme0n1p14,average,0.0
2026-09-30T15:15:00+00:00,backend,CWAgent,diskio_writes,name=nvme0n1p14,average,0.0
2026-09-30T15:16:00+00:00,backend,CWAgent,diskio_writes,name=nvme0n1p14,average,0.0
2026-09-30T15:17:00+00:00,backend,CWAgent,diskio_writes,name=nvme0n1p14,average,0.0
2026-09-30T15:18:00+00:00,backend,CWAgent,diskio_writes,name=nvme0n1p14,average,0.0
2026-09-30T15:19:00+00:00,backend,CWAgent,diskio_writes,name=nvme0n1p14,average,0.0
2026-09-30T15:20:00+00:00,backend,CWAgent,diskio_writes,name=nvme0n1p14,average,0.0
2026-09-30T15:21:00+00:00,backend,CWAgent,diskio_writes,name=nvme0n1p14,average,0.0
2026-09-30T15:09:00+00:00,backend,CWAgent,diskio_writes,name=nvme0n1p14,maximum,0.0
2026-09-30T15:10:00+00:00,backend,CWAgent,diskio_writes,name=nvme0n1p14,maximum,0.0
2026-09-30T15:11:00+00:00,backend,CWAgent,diskio_writes,name=nvme0n1p14,maximum,0.0
2026-09-30T15:12:00+00:00,backend,CWAgent,diskio_writes,name=nvme0n1p14,maximum,0.0
2026-09-30T15:13:00+00:00,backend,CWAgent,diskio_writes,name=nvme0n1p14,maximum,0.0
2026-09-30T15:14:00+00:00,backend,CWAgent,diskio_writes,name=nvme0n1p14,maximum,0.0
2026-09-30T15:15:00+00:00,backend,CWAgent,diskio_writes,name=nvme0n1p14,maximum,0.0
2026-09-30T15:16:00+00:00,backend,CWAgent,diskio_writes,name=nvme0n1p14,maximum,0.0
2026-09-30T15:17:00+00:00,backend,CWAgent,diskio_writes,name=nvme0n1p14,maximum,0.0
2026-09-30T15:18:00+00:00,backend,CWAgent,diskio_writes,name=nvme0n1p14,maximum,0.0
2026-09-30T15:19:00+00:00,backend,CWAgent,diskio_writes,name=nvme0n1p14,maximum,0.0
2026-09-30T15:20:00+00:00,backend,CWAgent,diskio_writes,name=nvme0n1p14,maximum,0.0
2026-09-30T15:21:00+00:00,backend,CWAgent,diskio_writes,name=nvme0n1p14,maximum,0.0
2026-09-30T15:09:00+00:00,backend,CWAgent,diskio_read_bytes,name=nvme0n1p14,average,0.0
2026-09-30T15:10:00+00:00,backend,CWAgent,diskio_read_bytes,name=nvme0n1p14,average,0.0
2026-09-30T15:11:00+00:00,backend,CWAgent,diskio_read_bytes,name=nvme0n1p14,average,0.0
2026-09-30T15:12:00+00:00,backend,CWAgent,diskio_read_bytes,name=nvme0n1p14,average,0.0
2026-09-30T15:13:00+00:00,backend,CWAgent,diskio_read_bytes,name=nvme0n1p14,average,0.0
2026-09-30T15:14:00+00:00,backend,CWAgent,diskio_read_bytes,name=nvme0n1p14,average,0.0
2026-09-30T15:15:00+00:00,backend,CWAgent,diskio_read_bytes,name=nvme0n1p14,average,0.0
2026-09-30T15:16:00+00:00,backend,CWAgent,diskio_read_bytes,name=nvme0n1p14,average,0.0
2026-09-30T15:17:00+00:00,backend,CWAgent,diskio_read_bytes,name=nvme0n1p14,average,0.0
2026-09-30T15:18:00+00:00,backend,CWAgent,diskio_read_bytes,name=nvme0n1p14,average,0.0
2026-09-30T15:19:00+00:00,backend,CWAgent,diskio_read_bytes,name=nvme0n1p14,average,0.0
2026-09-30T15:20:00+00:00,backend,CWAgent,diskio_read_bytes,name=nvme0n1p14,average,0.0
2026-09-30T15:21:00+00:00,backend,CWAgent,diskio_read_bytes,name=nvme0n1p14,average,0.0
2026-09-30T15:09:00+00:00,backend,CWAgent,diskio_read_bytes,name=nvme0n1p14,maximum,0.0
2026-09-30T15:10:00+00:00,backend,CWAgent,diskio_read_bytes,name=nvme0n1p14,maximum,0.0
2026-09-30T15:11:00+00:00,backend,CWAgent,diskio_read_bytes,name=nvme0n1p14,maximum,0.0
2026-09-30T15:12:00+00:00,backend,CWAgent,diskio_read_bytes,name=nvme0n1p14,maximum,0.0
2026-09-30T15:13:00+00:00,backend,CWAgent,diskio_read_bytes,name=nvme0n1p14,maximum,0.0
2026-09-30T15:14:00+00:00,backend,CWAgent,diskio_read_bytes,name=nvme0n1p14,maximum,0.0
2026-09-30T15:15:00+00:00,backend,CWAgent,diskio_read_bytes,name=nvme0n1p14,maximum,0.0
2026-09-30T15:16:00+00:00,backend,CWAgent,diskio_read_bytes,name=nvme0n1p14,maximum,0.0
2026-09-30T15:17:00+00:00,backend,CWAgent,diskio_read_bytes,name=nvme0n1p14,maximum,0.0
2026-09-30T15:18:00+00:00,backend,CWAgent,diskio_read_bytes,name=nvme0n1p14,maximum,0.0
2026-09-30T15:19:00+00:00,backend,CWAgent,diskio_read_bytes,name=nvme0n1p14,maximum,0.0
2026-09-30T15:20:00+00:00,backend,CWAgent,diskio_read_bytes,name=nvme0n1p14,maximum,0.0
2026-09-30T15:21:00+00:00,backend,CWAgent,diskio_read_bytes,name=nvme0n1p14,maximum,0.0
2026-09-30T15:09:00+00:00,backend,CWAgent,cpu_usage_system,cpu=cpu-total,average,0.31756643824168135
2026-09-30T15:10:00+00:00,backend,CWAgent,cpu_usage_system,cpu=cpu-total,average,0.32554257095157657
2026-09-30T15:11:00+00:00,backend,CWAgent,cpu_usage_system,cpu=cpu-total,average,1.030579489778669
2026-09-30T15:12:00+00:00,backend,CWAgent,cpu_usage_system,cpu=cpu-total,average,3.84746050620011
2026-09-30T15:13:00+00:00,backend,CWAgent,cpu_usage_system,cpu=cpu-total,average,6.18212911500639
2026-09-30T15:14:00+00:00,backend,CWAgent,cpu_usage_system,cpu=cpu-total,average,6.334531758260568
2026-09-30T15:15:00+00:00,backend,CWAgent,cpu_usage_system,cpu=cpu-total,average,6.764805990469696
2026-09-30T15:16:00+00:00,backend,CWAgent,cpu_usage_system,cpu=cpu-total,average,6.45353793691393
2026-09-30T15:17:00+00:00,backend,CWAgent,cpu_usage_system,cpu=cpu-total,average,6.5311676162939
2026-09-30T15:18:00+00:00,backend,CWAgent,cpu_usage_system,cpu=cpu-total,average,6.224696356275326
2026-09-30T15:19:00+00:00,backend,CWAgent,cpu_usage_system,cpu=cpu-total,average,3.748519207987812
2026-09-30T15:20:00+00:00,backend,CWAgent,cpu_usage_system,cpu=cpu-total,average,2.950000000000017
2026-09-30T15:21:00+00:00,backend,CWAgent,cpu_usage_system,cpu=cpu-total,average,2.3181856222277903
2026-09-30T15:09:00+00:00,backend,CWAgent,cpu_usage_system,cpu=cpu-total,maximum,0.31756643824168135
2026-09-30T15:10:00+00:00,backend,CWAgent,cpu_usage_system,cpu=cpu-total,maximum,0.32554257095157657
2026-09-30T15:11:00+00:00,backend,CWAgent,cpu_usage_system,cpu=cpu-total,maximum,1.030579489778669
2026-09-30T15:12:00+00:00,backend,CWAgent,cpu_usage_system,cpu=cpu-total,maximum,3.84746050620011
2026-09-30T15:13:00+00:00,backend,CWAgent,cpu_usage_system,cpu=cpu-total,maximum,6.18212911500639
2026-09-30T15:14:00+00:00,backend,CWAgent,cpu_usage_system,cpu=cpu-total,maximum,6.334531758260568
2026-09-30T15:15:00+00:00,backend,CWAgent,cpu_usage_system,cpu=cpu-total,maximum,6.764805990469696
2026-09-30T15:16:00+00:00,backend,CWAgent,cpu_usage_system,cpu=cpu-total,maximum,6.45353793691393
2026-09-30T15:17:00+00:00,backend,CWAgent,cpu_usage_system,cpu=cpu-total,maximum,6.5311676162939
2026-09-30T15:18:00+00:00,backend,CWAgent,cpu_usage_system,cpu=cpu-total,maximum,6.224696356275326
2026-09-30T15:19:00+00:00,backend,CWAgent,cpu_usage_system,cpu=cpu-total,maximum,3.748519207987812
2026-09-30T15:20:00+00:00,backend,CWAgent,cpu_usage_system,cpu=cpu-total,maximum,2.950000000000017
2026-09-30T15:21:00+00:00,backend,CWAgent,cpu_usage_system,cpu=cpu-total,maximum,2.3181856222277903
2026-09-30T15:09:00+00:00,backend,CWAgent,diskio_write_bytes,name=nvme0n1,average,454656.0
2026-09-30T15:10:00+00:00,backend,CWAgent,diskio_write_bytes,name=nvme0n1,average,204800.0
2026-09-30T15:11:00+00:00,backend,CWAgent,diskio_write_bytes,name=nvme0n1,average,2899968.0
2026-09-30T15:12:00+00:00,backend,CWAgent,diskio_write_bytes,name=nvme0n1,average,647168.0
2026-09-30T15:13:00+00:00,backend,CWAgent,diskio_write_bytes,name=nvme0n1,average,761856.0
2026-09-30T15:14:00+00:00,backend,CWAgent,diskio_write_bytes,name=nvme0n1,average,532480.0
2026-09-30T15:15:00+00:00,backend,CWAgent,diskio_write_bytes,name=nvme0n1,average,15777792.0
2026-09-30T15:16:00+00:00,backend,CWAgent,diskio_write_bytes,name=nvme0n1,average,524288.0
2026-09-30T15:17:00+00:00,backend,CWAgent,diskio_write_bytes,name=nvme0n1,average,532480.0
2026-09-30T15:18:00+00:00,backend,CWAgent,diskio_write_bytes,name=nvme0n1,average,552960.0
2026-09-30T15:19:00+00:00,backend,CWAgent,diskio_write_bytes,name=nvme0n1,average,954368.0
2026-09-30T15:20:00+00:00,backend,CWAgent,diskio_write_bytes,name=nvme0n1,average,2519040.0
2026-09-30T15:21:00+00:00,backend,CWAgent,diskio_write_bytes,name=nvme0n1,average,794624.0
2026-09-30T15:09:00+00:00,backend,CWAgent,diskio_write_bytes,name=nvme0n1,maximum,454656.0
2026-09-30T15:10:00+00:00,backend,CWAgent,diskio_write_bytes,name=nvme0n1,maximum,204800.0
2026-09-30T15:11:00+00:00,backend,CWAgent,diskio_write_bytes,name=nvme0n1,maximum,2899968.0
2026-09-30T15:12:00+00:00,backend,CWAgent,diskio_write_bytes,name=nvme0n1,maximum,647168.0
2026-09-30T15:13:00+00:00,backend,CWAgent,diskio_write_bytes,name=nvme0n1,maximum,761856.0
2026-09-30T15:14:00+00:00,backend,CWAgent,diskio_write_bytes,name=nvme0n1,maximum,532480.0
2026-09-30T15:15:00+00:00,backend,CWAgent,diskio_write_bytes,name=nvme0n1,maximum,15777792.0
2026-09-30T15:16:00+00:00,backend,CWAgent,diskio_write_bytes,name=nvme0n1,maximum,524288.0
2026-09-30T15:17:00+00:00,backend,CWAgent,diskio_write_bytes,name=nvme0n1,maximum,532480.0
2026-09-30T15:18:00+00:00,backend,CWAgent,diskio_write_bytes,name=nvme0n1,maximum,552960.0
2026-09-30T15:19:00+00:00,backend,CWAgent,diskio_write_bytes,name=nvme0n1,maximum,954368.0
2026-09-30T15:20:00+00:00,backend,CWAgent,diskio_write_bytes,name=nvme0n1,maximum,2519040.0
2026-09-30T15:21:00+00:00,backend,CWAgent,diskio_write_bytes,name=nvme0n1,maximum,794624.0
2026-09-30T15:09:00+00:00,backend,CWAgent,diskio_write_bytes,name=nvme0n1p15,average,0.0
2026-09-30T15:10:00+00:00,backend,CWAgent,diskio_write_bytes,name=nvme0n1p15,average,0.0
2026-09-30T15:11:00+00:00,backend,CWAgent,diskio_write_bytes,name=nvme0n1p15,average,0.0
2026-09-30T15:12:00+00:00,backend,CWAgent,diskio_write_bytes,name=nvme0n1p15,average,0.0
2026-09-30T15:13:00+00:00,backend,CWAgent,diskio_write_bytes,name=nvme0n1p15,average,0.0
2026-09-30T15:14:00+00:00,backend,CWAgent,diskio_write_bytes,name=nvme0n1p15,average,0.0
2026-09-30T15:15:00+00:00,backend,CWAgent,diskio_write_bytes,name=nvme0n1p15,average,0.0
2026-09-30T15:16:00+00:00,backend,CWAgent,diskio_write_bytes,name=nvme0n1p15,average,0.0
2026-09-30T15:17:00+00:00,backend,CWAgent,diskio_write_bytes,name=nvme0n1p15,average,0.0
2026-09-30T15:18:00+00:00,backend,CWAgent,diskio_write_bytes,name=nvme0n1p15,average,0.0
2026-09-30T15:19:00+00:00,backend,CWAgent,diskio_write_bytes,name=nvme0n1p15,average,0.0
2026-09-30T15:20:00+00:00,backend,CWAgent,diskio_write_bytes,name=nvme0n1p15,average,0.0
2026-09-30T15:21:00+00:00,backend,CWAgent,diskio_write_bytes,name=nvme0n1p15,average,0.0
2026-09-30T15:09:00+00:00,backend,CWAgent,diskio_write_bytes,name=nvme0n1p15,maximum,0.0
2026-09-30T15:10:00+00:00,backend,CWAgent,diskio_write_bytes,name=nvme0n1p15,maximum,0.0
2026-09-30T15:11:00+00:00,backend,CWAgent,diskio_write_bytes,name=nvme0n1p15,maximum,0.0
2026-09-30T15:12:00+00:00,backend,CWAgent,diskio_write_bytes,name=nvme0n1p15,maximum,0.0
2026-09-30T15:13:00+00:00,backend,CWAgent,diskio_write_bytes,name=nvme0n1p15,maximum,0.0
2026-09-30T15:14:00+00:00,backend,CWAgent,diskio_write_bytes,name=nvme0n1p15,maximum,0.0
2026-09-30T15:15:00+00:00,backend,CWAgent,diskio_write_bytes,name=nvme0n1p15,maximum,0.0
2026-09-30T15:16:00+00:00,backend,CWAgent,diskio_write_bytes,name=nvme0n1p15,maximum,0.0
2026-09-30T15:17:00+00:00,backend,CWAgent,diskio_write_bytes,name=nvme0n1p15,maximum,0.0
2026-09-30T15:18:00+00:00,backend,CWAgent,diskio_write_bytes,name=nvme0n1p15,maximum,0.0
2026-09-30T15:19:00+00:00,backend,CWAgent,diskio_write_bytes,name=nvme0n1p15,maximum,0.0
2026-09-30T15:20:00+00:00,backend,CWAgent,diskio_write_bytes,name=nvme0n1p15,maximum,0.0
2026-09-30T15:21:00+00:00,backend,CWAgent,diskio_write_bytes,name=nvme0n1p15,maximum,0.0
2026-09-30T15:09:00+00:00,backend,CWAgent,net_bytes_recv,interface=docker0,average,0.0
2026-09-30T15:10:00+00:00,backend,CWAgent,net_bytes_recv,interface=docker0,average,0.0
2026-09-30T15:11:00+00:00,backend,CWAgent,net_bytes_recv,interface=docker0,average,0.0
2026-09-30T15:12:00+00:00,backend,CWAgent,net_bytes_recv,interface=docker0,average,0.0
2026-09-30T15:13:00+00:00,backend,CWAgent,net_bytes_recv,interface=docker0,average,0.0
2026-09-30T15:14:00+00:00,backend,CWAgent,net_bytes_recv,interface=docker0,average,0.0
2026-09-30T15:15:00+00:00,backend,CWAgent,net_bytes_recv,interface=docker0,average,0.0
2026-09-30T15:16:00+00:00,backend,CWAgent,net_bytes_recv,interface=docker0,average,0.0
2026-09-30T15:17:00+00:00,backend,CWAgent,net_bytes_recv,interface=docker0,average,0.0
2026-09-30T15:18:00+00:00,backend,CWAgent,net_bytes_recv,interface=docker0,average,0.0
2026-09-30T15:19:00+00:00,backend,CWAgent,net_bytes_recv,interface=docker0,average,0.0
2026-09-30T15:20:00+00:00,backend,CWAgent,net_bytes_recv,interface=docker0,average,0.0
2026-09-30T15:21:00+00:00,backend,CWAgent,net_bytes_recv,interface=docker0,average,0.0
2026-09-30T15:09:00+00:00,backend,CWAgent,net_bytes_recv,interface=docker0,maximum,0.0
2026-09-30T15:10:00+00:00,backend,CWAgent,net_bytes_recv,interface=docker0,maximum,0.0
2026-09-30T15:11:00+00:00,backend,CWAgent,net_bytes_recv,interface=docker0,maximum,0.0
2026-09-30T15:12:00+00:00,backend,CWAgent,net_bytes_recv,interface=docker0,maximum,0.0
2026-09-30T15:13:00+00:00,backend,CWAgent,net_bytes_recv,interface=docker0,maximum,0.0
2026-09-30T15:14:00+00:00,backend,CWAgent,net_bytes_recv,interface=docker0,maximum,0.0
2026-09-30T15:15:00+00:00,backend,CWAgent,net_bytes_recv,interface=docker0,maximum,0.0
2026-09-30T15:16:00+00:00,backend,CWAgent,net_bytes_recv,interface=docker0,maximum,0.0
2026-09-30T15:17:00+00:00,backend,CWAgent,net_bytes_recv,interface=docker0,maximum,0.0
2026-09-30T15:18:00+00:00,backend,CWAgent,net_bytes_recv,interface=docker0,maximum,0.0
2026-09-30T15:19:00+00:00,backend,CWAgent,net_bytes_recv,interface=docker0,maximum,0.0
2026-09-30T15:20:00+00:00,backend,CWAgent,net_bytes_recv,interface=docker0,maximum,0.0
2026-09-30T15:21:00+00:00,backend,CWAgent,net_bytes_recv,interface=docker0,maximum,0.0
2026-09-30T15:09:00+00:00,backend,CWAgent,cpu_usage_steal,cpu=cpu-total,average,0.07521310379408024
2026-09-30T15:10:00+00:00,backend,CWAgent,cpu_usage_steal,cpu=cpu-total,average,0.25876460767946924
2026-09-30T15:11:00+00:00,backend,CWAgent,cpu_usage_steal,cpu=cpu-total,average,0.14360533873965217
2026-09-30T15:12:00+00:00,backend,CWAgent,cpu_usage_steal,cpu=cpu-total,average,1.6307117377272
2026-09-30T15:13:00+00:00,backend,CWAgent,cpu_usage_steal,cpu=cpu-total,average,0.6070970500213736
2026-09-30T15:14:00+00:00,backend,CWAgent,cpu_usage_steal,cpu=cpu-total,average,1.2583461736004131
2026-09-30T15:15:00+00:00,backend,CWAgent,cpu_usage_steal,cpu=cpu-total,average,1.8294758339005985
2026-09-30T15:16:00+00:00,backend,CWAgent,cpu_usage_steal,cpu=cpu-total,average,1.364023870417748
2026-09-30T15:17:00+00:00,backend,CWAgent,cpu_usage_steal,cpu=cpu-total,average,1.0204949400459233
2026-09-30T15:18:00+00:00,backend,CWAgent,cpu_usage_steal,cpu=cpu-total,average,1.6616059379217336
2026-09-30T15:19:00+00:00,backend,CWAgent,cpu_usage_steal,cpu=cpu-total,average,0.6092401421560307
2026-09-30T15:20:00+00:00,backend,CWAgent,cpu_usage_steal,cpu=cpu-total,average,1.275000000000001
2026-09-30T15:21:00+00:00,backend,CWAgent,cpu_usage_steal,cpu=cpu-total,average,0.3431249476943655
2026-09-30T15:09:00+00:00,backend,CWAgent,cpu_usage_steal,cpu=cpu-total,maximum,0.07521310379408024
2026-09-30T15:10:00+00:00,backend,CWAgent,cpu_usage_steal,cpu=cpu-total,maximum,0.25876460767946924
2026-09-30T15:11:00+00:00,backend,CWAgent,cpu_usage_steal,cpu=cpu-total,maximum,0.14360533873965217
2026-09-30T15:12:00+00:00,backend,CWAgent,cpu_usage_steal,cpu=cpu-total,maximum,1.6307117377272
2026-09-30T15:13:00+00:00,backend,CWAgent,cpu_usage_steal,cpu=cpu-total,maximum,0.6070970500213736
2026-09-30T15:14:00+00:00,backend,CWAgent,cpu_usage_steal,cpu=cpu-total,maximum,1.2583461736004131
2026-09-30T15:15:00+00:00,backend,CWAgent,cpu_usage_steal,cpu=cpu-total,maximum,1.8294758339005985
2026-09-30T15:16:00+00:00,backend,CWAgent,cpu_usage_steal,cpu=cpu-total,maximum,1.364023870417748
2026-09-30T15:17:00+00:00,backend,CWAgent,cpu_usage_steal,cpu=cpu-total,maximum,1.0204949400459233
2026-09-30T15:18:00+00:00,backend,CWAgent,cpu_usage_steal,cpu=cpu-total,maximum,1.6616059379217336
2026-09-30T15:19:00+00:00,backend,CWAgent,cpu_usage_steal,cpu=cpu-total,maximum,0.6092401421560307
2026-09-30T15:20:00+00:00,backend,CWAgent,cpu_usage_steal,cpu=cpu-total,maximum,1.275000000000001
2026-09-30T15:21:00+00:00,backend,CWAgent,cpu_usage_steal,cpu=cpu-total,maximum,0.3431249476943655
2026-09-30T15:09:00+00:00,backend,CWAgent,net_bytes_sent,interface=docker0,average,0.0
2026-09-30T15:10:00+00:00,backend,CWAgent,net_bytes_sent,interface=docker0,average,0.0
2026-09-30T15:11:00+00:00,backend,CWAgent,net_bytes_sent,interface=docker0,average,0.0
2026-09-30T15:12:00+00:00,backend,CWAgent,net_bytes_sent,interface=docker0,average,0.0
2026-09-30T15:13:00+00:00,backend,CWAgent,net_bytes_sent,interface=docker0,average,0.0
2026-09-30T15:14:00+00:00,backend,CWAgent,net_bytes_sent,interface=docker0,average,0.0
2026-09-30T15:15:00+00:00,backend,CWAgent,net_bytes_sent,interface=docker0,average,0.0
2026-09-30T15:16:00+00:00,backend,CWAgent,net_bytes_sent,interface=docker0,average,0.0
2026-09-30T15:17:00+00:00,backend,CWAgent,net_bytes_sent,interface=docker0,average,0.0
2026-09-30T15:18:00+00:00,backend,CWAgent,net_bytes_sent,interface=docker0,average,0.0
2026-09-30T15:19:00+00:00,backend,CWAgent,net_bytes_sent,interface=docker0,average,0.0
2026-09-30T15:20:00+00:00,backend,CWAgent,net_bytes_sent,interface=docker0,average,0.0
2026-09-30T15:21:00+00:00,backend,CWAgent,net_bytes_sent,interface=docker0,average,0.0
2026-09-30T15:09:00+00:00,backend,CWAgent,net_bytes_sent,interface=docker0,maximum,0.0
2026-09-30T15:10:00+00:00,backend,CWAgent,net_bytes_sent,interface=docker0,maximum,0.0
2026-09-30T15:11:00+00:00,backend,CWAgent,net_bytes_sent,interface=docker0,maximum,0.0
2026-09-30T15:12:00+00:00,backend,CWAgent,net_bytes_sent,interface=docker0,maximum,0.0
2026-09-30T15:13:00+00:00,backend,CWAgent,net_bytes_sent,interface=docker0,maximum,0.0
2026-09-30T15:14:00+00:00,backend,CWAgent,net_bytes_sent,interface=docker0,maximum,0.0
2026-09-30T15:15:00+00:00,backend,CWAgent,net_bytes_sent,interface=docker0,maximum,0.0
2026-09-30T15:16:00+00:00,backend,CWAgent,net_bytes_sent,interface=docker0,maximum,0.0
2026-09-30T15:17:00+00:00,backend,CWAgent,net_bytes_sent,interface=docker0,maximum,0.0
2026-09-30T15:18:00+00:00,backend,CWAgent,net_bytes_sent,interface=docker0,maximum,0.0
2026-09-30T15:19:00+00:00,backend,CWAgent,net_bytes_sent,interface=docker0,maximum,0.0
2026-09-30T15:20:00+00:00,backend,CWAgent,net_bytes_sent,interface=docker0,maximum,0.0
2026-09-30T15:21:00+00:00,backend,CWAgent,net_bytes_sent,interface=docker0,maximum,0.0
2026-09-30T15:09:00+00:00,backend,CWAgent,cpu_usage_idle,cpu=cpu-total,average,99.02222965067686
2026-09-30T15:10:00+00:00,backend,CWAgent,cpu_usage_idle,cpu=cpu-total,average,98.78130217028453
2026-09-30T15:11:00+00:00,backend,CWAgent,cpu_usage_idle,cpu=cpu-total,average,90.5051528974484
2026-09-30T15:12:00+00:00,backend,CWAgent,cpu_usage_idle,cpu=cpu-total,average,72.47324613555298
2026-09-30T15:13:00+00:00,backend,CWAgent,cpu_usage_idle,cpu=cpu-total,average,57.374946558358225
2026-09-30T15:14:00+00:00,backend,CWAgent,cpu_usage_idle,cpu=cpu-total,average,53.903441191576356
2026-09-30T15:15:00+00:00,backend,CWAgent,cpu_usage_idle,cpu=cpu-total,average,50.5445881552079
2026-09-30T15:16:00+00:00,backend,CWAgent,cpu_usage_idle,cpu=cpu-total,average,52.08866155157701
2026-09-30T15:17:00+00:00,backend,CWAgent,cpu_usage_idle,cpu=cpu-total,average,52.11327493834559
2026-09-30T15:18:00+00:00,backend,CWAgent,cpu_usage_idle,cpu=cpu-total,average,53.87145748987868
2026-09-30T15:19:00+00:00,backend,CWAgent,cpu_usage_idle,cpu=cpu-total,average,73.97190726011158
2026-09-30T15:20:00+00:00,backend,CWAgent,cpu_usage_idle,cpu=cpu-total,average,90.98333333333282
2026-09-30T15:21:00+00:00,backend,CWAgent,cpu_usage_idle,cpu=cpu-total,average,95.78207381370828
2026-09-30T15:09:00+00:00,backend,CWAgent,cpu_usage_idle,cpu=cpu-total,maximum,99.02222965067686
2026-09-30T15:10:00+00:00,backend,CWAgent,cpu_usage_idle,cpu=cpu-total,maximum,98.78130217028453
2026-09-30T15:11:00+00:00,backend,CWAgent,cpu_usage_idle,cpu=cpu-total,maximum,90.5051528974484
2026-09-30T15:12:00+00:00,backend,CWAgent,cpu_usage_idle,cpu=cpu-total,maximum,72.47324613555298
2026-09-30T15:13:00+00:00,backend,CWAgent,cpu_usage_idle,cpu=cpu-total,maximum,57.374946558358225
2026-09-30T15:14:00+00:00,backend,CWAgent,cpu_usage_idle,cpu=cpu-total,maximum,53.903441191576356
2026-09-30T15:15:00+00:00,backend,CWAgent,cpu_usage_idle,cpu=cpu-total,maximum,50.5445881552079
2026-09-30T15:16:00+00:00,backend,CWAgent,cpu_usage_idle,cpu=cpu-total,maximum,52.08866155157701
2026-09-30T15:17:00+00:00,backend,CWAgent,cpu_usage_idle,cpu=cpu-total,maximum,52.11327493834559
2026-09-30T15:18:00+00:00,backend,CWAgent,cpu_usage_idle,cpu=cpu-total,maximum,53.87145748987868
2026-09-30T15:19:00+00:00,backend,CWAgent,cpu_usage_idle,cpu=cpu-total,maximum,73.97190726011158
2026-09-30T15:20:00+00:00,backend,CWAgent,cpu_usage_idle,cpu=cpu-total,maximum,90.98333333333282
2026-09-30T15:21:00+00:00,backend,CWAgent,cpu_usage_idle,cpu=cpu-total,maximum,95.78207381370828
2026-09-30T15:09:00+00:00,backend,CWAgent,diskio_reads,name=nvme0n1,average,12.0
2026-09-30T15:10:00+00:00,backend,CWAgent,diskio_reads,name=nvme0n1,average,153.0
2026-09-30T15:11:00+00:00,backend,CWAgent,diskio_reads,name=nvme0n1,average,11863.0
2026-09-30T15:12:00+00:00,backend,CWAgent,diskio_reads,name=nvme0n1,average,115.0
2026-09-30T15:13:00+00:00,backend,CWAgent,diskio_reads,name=nvme0n1,average,18.0
2026-09-30T15:14:00+00:00,backend,CWAgent,diskio_reads,name=nvme0n1,average,63.0
2026-09-30T15:15:00+00:00,backend,CWAgent,diskio_reads,name=nvme0n1,average,2651.0
2026-09-30T15:16:00+00:00,backend,CWAgent,diskio_reads,name=nvme0n1,average,259.0
2026-09-30T15:17:00+00:00,backend,CWAgent,diskio_reads,name=nvme0n1,average,113.0
2026-09-30T15:18:00+00:00,backend,CWAgent,diskio_reads,name=nvme0n1,average,94.0
2026-09-30T15:19:00+00:00,backend,CWAgent,diskio_reads,name=nvme0n1,average,98.0
2026-09-30T15:20:00+00:00,backend,CWAgent,diskio_reads,name=nvme0n1,average,788.0
2026-09-30T15:21:00+00:00,backend,CWAgent,diskio_reads,name=nvme0n1,average,64.0
2026-09-30T15:09:00+00:00,backend,CWAgent,diskio_reads,name=nvme0n1,maximum,12.0
2026-09-30T15:10:00+00:00,backend,CWAgent,diskio_reads,name=nvme0n1,maximum,153.0
2026-09-30T15:11:00+00:00,backend,CWAgent,diskio_reads,name=nvme0n1,maximum,11863.0
2026-09-30T15:12:00+00:00,backend,CWAgent,diskio_reads,name=nvme0n1,maximum,115.0
2026-09-30T15:13:00+00:00,backend,CWAgent,diskio_reads,name=nvme0n1,maximum,18.0
2026-09-30T15:14:00+00:00,backend,CWAgent,diskio_reads,name=nvme0n1,maximum,63.0
2026-09-30T15:15:00+00:00,backend,CWAgent,diskio_reads,name=nvme0n1,maximum,2651.0
2026-09-30T15:16:00+00:00,backend,CWAgent,diskio_reads,name=nvme0n1,maximum,259.0
2026-09-30T15:17:00+00:00,backend,CWAgent,diskio_reads,name=nvme0n1,maximum,113.0
2026-09-30T15:18:00+00:00,backend,CWAgent,diskio_reads,name=nvme0n1,maximum,94.0
2026-09-30T15:19:00+00:00,backend,CWAgent,diskio_reads,name=nvme0n1,maximum,98.0
2026-09-30T15:20:00+00:00,backend,CWAgent,diskio_reads,name=nvme0n1,maximum,788.0
2026-09-30T15:21:00+00:00,backend,CWAgent,diskio_reads,name=nvme0n1,maximum,64.0
2026-09-30T15:09:00+00:00,backend,CWAgent,procstat_cpu_usage,exe=containerd;process_name=containerd,average,0.06666767234961377
2026-09-30T15:10:00+00:00,backend,CWAgent,procstat_cpu_usage,exe=containerd;process_name=containerd,average,0.0666675610720008
2026-09-30T15:11:00+00:00,backend,CWAgent,procstat_cpu_usage,exe=containerd;process_name=containerd,average,0.0833326409321402
2026-09-30T15:12:00+00:00,backend,CWAgent,procstat_cpu_usage,exe=containerd;process_name=containerd,average,0.08333362259267191
2026-09-30T15:13:00+00:00,backend,CWAgent,procstat_cpu_usage,exe=containerd;process_name=containerd,average,0.06666604546245372
2026-09-30T15:14:00+00:00,backend,CWAgent,procstat_cpu_usage,exe=containerd;process_name=containerd,average,0.08333485426525948
2026-09-30T15:15:00+00:00,backend,CWAgent,procstat_cpu_usage,exe=containerd;process_name=containerd,average,0.08332793669117544
2026-09-30T15:16:00+00:00,backend,CWAgent,procstat_cpu_usage,exe=containerd;process_name=containerd,average,0.10000567827407715
2026-09-30T15:17:00+00:00,backend,CWAgent,procstat_cpu_usage,exe=containerd;process_name=containerd,average,0.06666730897063128
2026-09-30T15:18:00+00:00,backend,CWAgent,procstat_cpu_usage,exe=containerd;process_name=containerd,average,0.08333298305980683
2026-09-30T15:19:00+00:00,backend,CWAgent,procstat_cpu_usage,exe=containerd;process_name=containerd,average,0.08333260744104354
2026-09-30T15:20:00+00:00,backend,CWAgent,procstat_cpu_usage,exe=containerd;process_name=containerd,average,0.11666866642399952
2026-09-30T15:21:00+00:00,backend,CWAgent,procstat_cpu_usage,exe=containerd;process_name=containerd,average,0.08333214143927098
2026-09-30T15:09:00+00:00,backend,CWAgent,procstat_cpu_usage,exe=containerd;process_name=containerd,maximum,0.06666767234961377
2026-09-30T15:10:00+00:00,backend,CWAgent,procstat_cpu_usage,exe=containerd;process_name=containerd,maximum,0.0666675610720008
2026-09-30T15:11:00+00:00,backend,CWAgent,procstat_cpu_usage,exe=containerd;process_name=containerd,maximum,0.0833326409321402
2026-09-30T15:12:00+00:00,backend,CWAgent,procstat_cpu_usage,exe=containerd;process_name=containerd,maximum,0.08333362259267191
2026-09-30T15:13:00+00:00,backend,CWAgent,procstat_cpu_usage,exe=containerd;process_name=containerd,maximum,0.06666604546245372
2026-09-30T15:14:00+00:00,backend,CWAgent,procstat_cpu_usage,exe=containerd;process_name=containerd,maximum,0.08333485426525948
2026-09-30T15:15:00+00:00,backend,CWAgent,procstat_cpu_usage,exe=containerd;process_name=containerd,maximum,0.08332793669117544
2026-09-30T15:16:00+00:00,backend,CWAgent,procstat_cpu_usage,exe=containerd;process_name=containerd,maximum,0.10000567827407715
2026-09-30T15:17:00+00:00,backend,CWAgent,procstat_cpu_usage,exe=containerd;process_name=containerd,maximum,0.06666730897063128
2026-09-30T15:18:00+00:00,backend,CWAgent,procstat_cpu_usage,exe=containerd;process_name=containerd,maximum,0.08333298305980683
2026-09-30T15:19:00+00:00,backend,CWAgent,procstat_cpu_usage,exe=containerd;process_name=containerd,maximum,0.08333260744104354
2026-09-30T15:20:00+00:00,backend,CWAgent,procstat_cpu_usage,exe=containerd;process_name=containerd,maximum,0.11666866642399952
2026-09-30T15:21:00+00:00,backend,CWAgent,procstat_cpu_usage,exe=containerd;process_name=containerd,maximum,0.08333214143927098
2026-09-30T15:09:00+00:00,backend,CWAgent,procstat_memory_rss,exe=containerd;process_name=containerd-shim-runc-v2,average,8931328.0
2026-09-30T15:10:00+00:00,backend,CWAgent,procstat_memory_rss,exe=containerd;process_name=containerd-shim-runc-v2,average,8925184.0
2026-09-30T15:11:00+00:00,backend,CWAgent,procstat_memory_rss,exe=containerd;process_name=containerd-shim-runc-v2,average,8611840.0
2026-09-30T15:12:00+00:00,backend,CWAgent,procstat_memory_rss,exe=containerd;process_name=containerd-shim-runc-v2,average,8642560.0
2026-09-30T15:13:00+00:00,backend,CWAgent,procstat_memory_rss,exe=containerd;process_name=containerd-shim-runc-v2,average,8587264.0
2026-09-30T15:14:00+00:00,backend,CWAgent,procstat_memory_rss,exe=containerd;process_name=containerd-shim-runc-v2,average,8448000.0
2026-09-30T15:15:00+00:00,backend,CWAgent,procstat_memory_rss,exe=containerd;process_name=containerd-shim-runc-v2,average,8587264.0
2026-09-30T15:16:00+00:00,backend,CWAgent,procstat_memory_rss,exe=containerd;process_name=containerd-shim-runc-v2,average,8617984.0
2026-09-30T15:17:00+00:00,backend,CWAgent,procstat_memory_rss,exe=containerd;process_name=containerd-shim-runc-v2,average,8556544.0
2026-09-30T15:18:00+00:00,backend,CWAgent,procstat_memory_rss,exe=containerd;process_name=containerd-shim-runc-v2,average,8648704.0
2026-09-30T15:19:00+00:00,backend,CWAgent,procstat_memory_rss,exe=containerd;process_name=containerd-shim-runc-v2,average,8689664.0
2026-09-30T15:20:00+00:00,backend,CWAgent,procstat_memory_rss,exe=containerd;process_name=containerd-shim-runc-v2,average,9050112.0
2026-09-30T15:21:00+00:00,backend,CWAgent,procstat_memory_rss,exe=containerd;process_name=containerd-shim-runc-v2,average,9058304.0
2026-09-30T15:09:00+00:00,backend,CWAgent,procstat_memory_rss,exe=containerd;process_name=containerd-shim-runc-v2,maximum,9760768.0
2026-09-30T15:10:00+00:00,backend,CWAgent,procstat_memory_rss,exe=containerd;process_name=containerd-shim-runc-v2,maximum,9662464.0
2026-09-30T15:11:00+00:00,backend,CWAgent,procstat_memory_rss,exe=containerd;process_name=containerd-shim-runc-v2,maximum,9162752.0
2026-09-30T15:12:00+00:00,backend,CWAgent,procstat_memory_rss,exe=containerd;process_name=containerd-shim-runc-v2,maximum,9150464.0
2026-09-30T15:13:00+00:00,backend,CWAgent,procstat_memory_rss,exe=containerd;process_name=containerd-shim-runc-v2,maximum,9039872.0
2026-09-30T15:14:00+00:00,backend,CWAgent,procstat_memory_rss,exe=containerd;process_name=containerd-shim-runc-v2,maximum,9039872.0
2026-09-30T15:15:00+00:00,backend,CWAgent,procstat_memory_rss,exe=containerd;process_name=containerd-shim-runc-v2,maximum,9150464.0
2026-09-30T15:16:00+00:00,backend,CWAgent,procstat_memory_rss,exe=containerd;process_name=containerd-shim-runc-v2,maximum,9134080.0
2026-09-30T15:17:00+00:00,backend,CWAgent,procstat_memory_rss,exe=containerd;process_name=containerd-shim-runc-v2,maximum,9138176.0
2026-09-30T15:18:00+00:00,backend,CWAgent,procstat_memory_rss,exe=containerd;process_name=containerd-shim-runc-v2,maximum,9138176.0
2026-09-30T15:19:00+00:00,backend,CWAgent,procstat_memory_rss,exe=containerd;process_name=containerd-shim-runc-v2,maximum,9138176.0
2026-09-30T15:20:00+00:00,backend,CWAgent,procstat_memory_rss,exe=containerd;process_name=containerd-shim-runc-v2,maximum,9408512.0
2026-09-30T15:21:00+00:00,backend,CWAgent,procstat_memory_rss,exe=containerd;process_name=containerd-shim-runc-v2,maximum,9408512.0
2026-09-30T15:09:00+00:00,backend,CWAgent,procstat_memory_rss,exe=redis-server;process_name=redis-server,average,4964352.0
2026-09-30T15:10:00+00:00,backend,CWAgent,procstat_memory_rss,exe=redis-server;process_name=redis-server,average,4964352.0
2026-09-30T15:11:00+00:00,backend,CWAgent,procstat_memory_rss,exe=redis-server;process_name=redis-server,average,4935680.0
2026-09-30T15:12:00+00:00,backend,CWAgent,procstat_memory_rss,exe=redis-server;process_name=redis-server,average,4931584.0
2026-09-30T15:13:00+00:00,backend,CWAgent,procstat_memory_rss,exe=redis-server;process_name=redis-server,average,4931584.0
2026-09-30T15:14:00+00:00,backend,CWAgent,procstat_memory_rss,exe=redis-server;process_name=redis-server,average,4931584.0
2026-09-30T15:15:00+00:00,backend,CWAgent,procstat_memory_rss,exe=redis-server;process_name=redis-server,average,4653056.0
2026-09-30T15:16:00+00:00,backend,CWAgent,procstat_memory_rss,exe=redis-server;process_name=redis-server,average,4661248.0
2026-09-30T15:17:00+00:00,backend,CWAgent,procstat_memory_rss,exe=redis-server;process_name=redis-server,average,4661248.0
2026-09-30T15:18:00+00:00,backend,CWAgent,procstat_memory_rss,exe=redis-server;process_name=redis-server,average,4665344.0
2026-09-30T15:19:00+00:00,backend,CWAgent,procstat_memory_rss,exe=redis-server;process_name=redis-server,average,4665344.0
2026-09-30T15:20:00+00:00,backend,CWAgent,procstat_memory_rss,exe=redis-server;process_name=redis-server,average,4640768.0
2026-09-30T15:21:00+00:00,backend,CWAgent,procstat_memory_rss,exe=redis-server;process_name=redis-server,average,4636672.0
2026-09-30T15:09:00+00:00,backend,CWAgent,procstat_memory_rss,exe=redis-server;process_name=redis-server,maximum,4964352.0
2026-09-30T15:10:00+00:00,backend,CWAgent,procstat_memory_rss,exe=redis-server;process_name=redis-server,maximum,4964352.0
2026-09-30T15:11:00+00:00,backend,CWAgent,procstat_memory_rss,exe=redis-server;process_name=redis-server,maximum,4935680.0
2026-09-30T15:12:00+00:00,backend,CWAgent,procstat_memory_rss,exe=redis-server;process_name=redis-server,maximum,4931584.0
2026-09-30T15:13:00+00:00,backend,CWAgent,procstat_memory_rss,exe=redis-server;process_name=redis-server,maximum,4931584.0
2026-09-30T15:14:00+00:00,backend,CWAgent,procstat_memory_rss,exe=redis-server;process_name=redis-server,maximum,4931584.0
2026-09-30T15:15:00+00:00,backend,CWAgent,procstat_memory_rss,exe=redis-server;process_name=redis-server,maximum,4653056.0
2026-09-30T15:16:00+00:00,backend,CWAgent,procstat_memory_rss,exe=redis-server;process_name=redis-server,maximum,4661248.0
2026-09-30T15:17:00+00:00,backend,CWAgent,procstat_memory_rss,exe=redis-server;process_name=redis-server,maximum,4661248.0
2026-09-30T15:18:00+00:00,backend,CWAgent,procstat_memory_rss,exe=redis-server;process_name=redis-server,maximum,4665344.0
2026-09-30T15:19:00+00:00,backend,CWAgent,procstat_memory_rss,exe=redis-server;process_name=redis-server,maximum,4665344.0
2026-09-30T15:20:00+00:00,backend,CWAgent,procstat_memory_rss,exe=redis-server;process_name=redis-server,maximum,4640768.0
2026-09-30T15:21:00+00:00,backend,CWAgent,procstat_memory_rss,exe=redis-server;process_name=redis-server,maximum,4636672.0
2026-09-30T15:09:00+00:00,backend,CWAgent,net_bytes_recv,interface=br-dbf96cd2fd10,average,1120.0
2026-09-30T15:10:00+00:00,backend,CWAgent,net_bytes_recv,interface=br-dbf96cd2fd10,average,500.0
2026-09-30T15:11:00+00:00,backend,CWAgent,net_bytes_recv,interface=br-dbf96cd2fd10,average,8749287.0
2026-09-30T15:12:00+00:00,backend,CWAgent,net_bytes_recv,interface=br-dbf96cd2fd10,average,57159921.0
2026-09-30T15:13:00+00:00,backend,CWAgent,net_bytes_recv,interface=br-dbf96cd2fd10,average,100022736.0
2026-09-30T15:14:00+00:00,backend,CWAgent,net_bytes_recv,interface=br-dbf96cd2fd10,average,104428640.0
2026-09-30T15:15:00+00:00,backend,CWAgent,net_bytes_recv,interface=br-dbf96cd2fd10,average,104062678.0
2026-09-30T15:16:00+00:00,backend,CWAgent,net_bytes_recv,interface=br-dbf96cd2fd10,average,104271865.0
2026-09-30T15:17:00+00:00,backend,CWAgent,net_bytes_recv,interface=br-dbf96cd2fd10,average,104398935.0
2026-09-30T15:18:00+00:00,backend,CWAgent,net_bytes_recv,interface=br-dbf96cd2fd10,average,96606386.0
2026-09-30T15:19:00+00:00,backend,CWAgent,net_bytes_recv,interface=br-dbf96cd2fd10,average,50500381.0
2026-09-30T15:20:00+00:00,backend,CWAgent,net_bytes_recv,interface=br-dbf96cd2fd10,average,5820582.0
2026-09-30T15:21:00+00:00,backend,CWAgent,net_bytes_recv,interface=br-dbf96cd2fd10,average,1064.0
2026-09-30T15:09:00+00:00,backend,CWAgent,net_bytes_recv,interface=br-dbf96cd2fd10,maximum,1120.0
2026-09-30T15:10:00+00:00,backend,CWAgent,net_bytes_recv,interface=br-dbf96cd2fd10,maximum,500.0
2026-09-30T15:11:00+00:00,backend,CWAgent,net_bytes_recv,interface=br-dbf96cd2fd10,maximum,8749287.0
2026-09-30T15:12:00+00:00,backend,CWAgent,net_bytes_recv,interface=br-dbf96cd2fd10,maximum,57159921.0
2026-09-30T15:13:00+00:00,backend,CWAgent,net_bytes_recv,interface=br-dbf96cd2fd10,maximum,100022736.0
2026-09-30T15:14:00+00:00,backend,CWAgent,net_bytes_recv,interface=br-dbf96cd2fd10,maximum,104428640.0
2026-09-30T15:15:00+00:00,backend,CWAgent,net_bytes_recv,interface=br-dbf96cd2fd10,maximum,104062678.0
2026-09-30T15:16:00+00:00,backend,CWAgent,net_bytes_recv,interface=br-dbf96cd2fd10,maximum,104271865.0
2026-09-30T15:17:00+00:00,backend,CWAgent,net_bytes_recv,interface=br-dbf96cd2fd10,maximum,104398935.0
2026-09-30T15:18:00+00:00,backend,CWAgent,net_bytes_recv,interface=br-dbf96cd2fd10,maximum,96606386.0
2026-09-30T15:19:00+00:00,backend,CWAgent,net_bytes_recv,interface=br-dbf96cd2fd10,maximum,50500381.0
2026-09-30T15:20:00+00:00,backend,CWAgent,net_bytes_recv,interface=br-dbf96cd2fd10,maximum,5820582.0
2026-09-30T15:21:00+00:00,backend,CWAgent,net_bytes_recv,interface=br-dbf96cd2fd10,maximum,1064.0
2026-09-30T15:09:00+00:00,backend,CWAgent,net_bytes_sent,interface=vethaa909a3,average,819.0
2026-09-30T15:10:00+00:00,backend,CWAgent,net_bytes_sent,interface=vethaa909a3,average,381.0
2026-09-30T15:11:00+00:00,backend,CWAgent,net_bytes_sent,interface=vethaa909a3,average,2562799.0
2026-09-30T15:12:00+00:00,backend,CWAgent,net_bytes_sent,interface=vethaa909a3,average,16495626.0
2026-09-30T15:13:00+00:00,backend,CWAgent,net_bytes_sent,interface=vethaa909a3,average,28693999.0
2026-09-30T15:14:00+00:00,backend,CWAgent,net_bytes_sent,interface=vethaa909a3,average,29931997.0
2026-09-30T15:15:00+00:00,backend,CWAgent,net_bytes_sent,interface=vethaa909a3,average,29803100.0
2026-09-30T15:16:00+00:00,backend,CWAgent,net_bytes_sent,interface=vethaa909a3,average,29861794.0
2026-09-30T15:17:00+00:00,backend,CWAgent,net_bytes_sent,interface=vethaa909a3,average,29944349.0
2026-09-30T15:18:00+00:00,backend,CWAgent,net_bytes_sent,interface=vethaa909a3,average,27717101.0
2026-09-30T15:19:00+00:00,backend,CWAgent,net_bytes_sent,interface=vethaa909a3,average,14651623.0
2026-09-30T15:20:00+00:00,backend,CWAgent,net_bytes_sent,interface=vethaa909a3,average,1903865.0
2026-09-30T15:21:00+00:00,backend,CWAgent,net_bytes_sent,interface=vethaa909a3,average,735.0
2026-09-30T15:09:00+00:00,backend,CWAgent,net_bytes_sent,interface=vethaa909a3,maximum,819.0
2026-09-30T15:10:00+00:00,backend,CWAgent,net_bytes_sent,interface=vethaa909a3,maximum,381.0
2026-09-30T15:11:00+00:00,backend,CWAgent,net_bytes_sent,interface=vethaa909a3,maximum,2562799.0
2026-09-30T15:12:00+00:00,backend,CWAgent,net_bytes_sent,interface=vethaa909a3,maximum,16495626.0
2026-09-30T15:13:00+00:00,backend,CWAgent,net_bytes_sent,interface=vethaa909a3,maximum,28693999.0
2026-09-30T15:14:00+00:00,backend,CWAgent,net_bytes_sent,interface=vethaa909a3,maximum,29931997.0
2026-09-30T15:15:00+00:00,backend,CWAgent,net_bytes_sent,interface=vethaa909a3,maximum,29803100.0
2026-09-30T15:16:00+00:00,backend,CWAgent,net_bytes_sent,interface=vethaa909a3,maximum,29861794.0
2026-09-30T15:17:00+00:00,backend,CWAgent,net_bytes_sent,interface=vethaa909a3,maximum,29944349.0
2026-09-30T15:18:00+00:00,backend,CWAgent,net_bytes_sent,interface=vethaa909a3,maximum,27717101.0
2026-09-30T15:19:00+00:00,backend,CWAgent,net_bytes_sent,interface=vethaa909a3,maximum,14651623.0
2026-09-30T15:20:00+00:00,backend,CWAgent,net_bytes_sent,interface=vethaa909a3,maximum,1903865.0
2026-09-30T15:21:00+00:00,backend,CWAgent,net_bytes_sent,interface=vethaa909a3,maximum,735.0
2026-09-30T15:09:00+00:00,backend,CWAgent,procstat_cpu_usage,exe=redis-server;process_name=redis-server,average,0.44999489250548774
2026-09-30T15:10:00+00:00,backend,CWAgent,procstat_cpu_usage,exe=redis-server;process_name=redis-server,average,0.4666663818601757
2026-09-30T15:11:00+00:00,backend,CWAgent,procstat_cpu_usage,exe=redis-server;process_name=redis-server,average,1.2833384258982812
2026-09-30T15:12:00+00:00,backend,CWAgent,procstat_cpu_usage,exe=redis-server;process_name=redis-server,average,5.483370684409411
2026-09-30T15:13:00+00:00,backend,CWAgent,procstat_cpu_usage,exe=redis-server;process_name=redis-server,average,8.133292133870912
2026-09-30T15:14:00+00:00,backend,CWAgent,procstat_cpu_usage,exe=redis-server;process_name=redis-server,average,8.63334938992432
2026-09-30T15:15:00+00:00,backend,CWAgent,procstat_cpu_usage,exe=redis-server;process_name=redis-server,average,8.799929300488008
2026-09-30T15:16:00+00:00,backend,CWAgent,procstat_cpu_usage,exe=redis-server;process_name=redis-server,average,8.73329764354804
2026-09-30T15:17:00+00:00,backend,CWAgent,procstat_cpu_usage,exe=redis-server;process_name=redis-server,average,8.700098027774567
2026-09-30T15:18:00+00:00,backend,CWAgent,procstat_cpu_usage,exe=redis-server;process_name=redis-server,average,8.33330595647878
2026-09-30T15:19:00+00:00,backend,CWAgent,procstat_cpu_usage,exe=redis-server;process_name=redis-server,average,4.866695767641818
2026-09-30T15:20:00+00:00,backend,CWAgent,procstat_cpu_usage,exe=redis-server;process_name=redis-server,average,1.0666717362729605
2026-09-30T15:21:00+00:00,backend,CWAgent,procstat_cpu_usage,exe=redis-server;process_name=redis-server,average,0.4666582142419867
2026-09-30T15:09:00+00:00,backend,CWAgent,procstat_cpu_usage,exe=redis-server;process_name=redis-server,maximum,0.44999489250548774
2026-09-30T15:10:00+00:00,backend,CWAgent,procstat_cpu_usage,exe=redis-server;process_name=redis-server,maximum,0.4666663818601757
2026-09-30T15:11:00+00:00,backend,CWAgent,procstat_cpu_usage,exe=redis-server;process_name=redis-server,maximum,1.2833384258982812
2026-09-30T15:12:00+00:00,backend,CWAgent,procstat_cpu_usage,exe=redis-server;process_name=redis-server,maximum,5.483370684409411
2026-09-30T15:13:00+00:00,backend,CWAgent,procstat_cpu_usage,exe=redis-server;process_name=redis-server,maximum,8.133292133870912
2026-09-30T15:14:00+00:00,backend,CWAgent,procstat_cpu_usage,exe=redis-server;process_name=redis-server,maximum,8.63334938992432
2026-09-30T15:15:00+00:00,backend,CWAgent,procstat_cpu_usage,exe=redis-server;process_name=redis-server,maximum,8.799929300488008
2026-09-30T15:16:00+00:00,backend,CWAgent,procstat_cpu_usage,exe=redis-server;process_name=redis-server,maximum,8.73329764354804
2026-09-30T15:17:00+00:00,backend,CWAgent,procstat_cpu_usage,exe=redis-server;process_name=redis-server,maximum,8.700098027774567
2026-09-30T15:18:00+00:00,backend,CWAgent,procstat_cpu_usage,exe=redis-server;process_name=redis-server,maximum,8.33330595647878
2026-09-30T15:19:00+00:00,backend,CWAgent,procstat_cpu_usage,exe=redis-server;process_name=redis-server,maximum,4.866695767641818
2026-09-30T15:20:00+00:00,backend,CWAgent,procstat_cpu_usage,exe=redis-server;process_name=redis-server,maximum,1.0666717362729605
2026-09-30T15:21:00+00:00,backend,CWAgent,procstat_cpu_usage,exe=redis-server;process_name=redis-server,maximum,0.4666582142419867
2026-09-30T15:09:00+00:00,backend,CWAgent,procstat_cpu_usage,exe=java;process_name=java,average,0.28333394124531447
2026-09-30T15:10:00+00:00,backend,CWAgent,procstat_cpu_usage,exe=java;process_name=java,average,0.3000018240908181
2026-09-30T15:11:00+00:00,backend,CWAgent,procstat_cpu_usage,exe=java;process_name=java,average,8.949846774446824
2026-09-30T15:12:00+00:00,backend,CWAgent,procstat_cpu_usage,exe=java;process_name=java,average,45.732079592944594
2026-09-30T15:13:00+00:00,backend,CWAgent,procstat_cpu_usage,exe=java;process_name=java,average,72.50704751316607
2026-09-30T15:14:00+00:00,backend,CWAgent,procstat_cpu_usage,exe=java;process_name=java,average,78.89090350063164
2026-09-30T15:15:00+00:00,backend,CWAgent,procstat_cpu_usage,exe=java;process_name=java,average,82.29671383598024
2026-09-30T15:16:00+00:00,backend,CWAgent,procstat_cpu_usage,exe=java;process_name=java,average,81.68913985049183
2026-09-30T15:17:00+00:00,backend,CWAgent,procstat_cpu_usage,exe=java;process_name=java,average,81.61641493851839
2026-09-30T15:18:00+00:00,backend,CWAgent,procstat_cpu_usage,exe=java;process_name=java,average,77.68253630533222
2026-09-30T15:19:00+00:00,backend,CWAgent,procstat_cpu_usage,exe=java;process_name=java,average,42.18476760629182
2026-09-30T15:20:00+00:00,backend,CWAgent,procstat_cpu_usage,exe=java;process_name=java,average,5.85008213934578
2026-09-30T15:21:00+00:00,backend,CWAgent,procstat_cpu_usage,exe=java;process_name=java,average,0.31666503089659626
2026-09-30T15:09:00+00:00,backend,CWAgent,procstat_cpu_usage,exe=java;process_name=java,maximum,0.28333394124531447
2026-09-30T15:10:00+00:00,backend,CWAgent,procstat_cpu_usage,exe=java;process_name=java,maximum,0.3000018240908181
2026-09-30T15:11:00+00:00,backend,CWAgent,procstat_cpu_usage,exe=java;process_name=java,maximum,8.949846774446824
2026-09-30T15:12:00+00:00,backend,CWAgent,procstat_cpu_usage,exe=java;process_name=java,maximum,45.732079592944594
2026-09-30T15:13:00+00:00,backend,CWAgent,procstat_cpu_usage,exe=java;process_name=java,maximum,72.50704751316607
2026-09-30T15:14:00+00:00,backend,CWAgent,procstat_cpu_usage,exe=java;process_name=java,maximum,78.89090350063164
2026-09-30T15:15:00+00:00,backend,CWAgent,procstat_cpu_usage,exe=java;process_name=java,maximum,82.29671383598024
2026-09-30T15:16:00+00:00,backend,CWAgent,procstat_cpu_usage,exe=java;process_name=java,maximum,81.68913985049183
2026-09-30T15:17:00+00:00,backend,CWAgent,procstat_cpu_usage,exe=java;process_name=java,maximum,81.61641493851839
2026-09-30T15:18:00+00:00,backend,CWAgent,procstat_cpu_usage,exe=java;process_name=java,maximum,77.68253630533222
2026-09-30T15:19:00+00:00,backend,CWAgent,procstat_cpu_usage,exe=java;process_name=java,maximum,42.18476760629182
2026-09-30T15:20:00+00:00,backend,CWAgent,procstat_cpu_usage,exe=java;process_name=java,maximum,5.85008213934578
2026-09-30T15:21:00+00:00,backend,CWAgent,procstat_cpu_usage,exe=java;process_name=java,maximum,0.31666503089659626
2026-09-30T15:09:00+00:00,backend,CWAgent,net_bytes_recv,interface=veth342b8e3,average,0.0
2026-09-30T15:10:00+00:00,backend,CWAgent,net_bytes_recv,interface=veth342b8e3,average,0.0
2026-09-30T15:11:00+00:00,backend,CWAgent,net_bytes_recv,interface=veth342b8e3,average,197556.0
2026-09-30T15:12:00+00:00,backend,CWAgent,net_bytes_recv,interface=veth342b8e3,average,1374806.0
2026-09-30T15:13:00+00:00,backend,CWAgent,net_bytes_recv,interface=veth342b8e3,average,2389578.0
2026-09-30T15:14:00+00:00,backend,CWAgent,net_bytes_recv,interface=veth342b8e3,average,2484904.0
2026-09-30T15:15:00+00:00,backend,CWAgent,net_bytes_recv,interface=veth342b8e3,average,2460172.0
2026-09-30T15:16:00+00:00,backend,CWAgent,net_bytes_recv,interface=veth342b8e3,average,2472016.0
2026-09-30T15:17:00+00:00,backend,CWAgent,net_bytes_recv,interface=veth342b8e3,average,2481500.0
2026-09-30T15:18:00+00:00,backend,CWAgent,net_bytes_recv,interface=veth342b8e3,average,2288868.0
2026-09-30T15:19:00+00:00,backend,CWAgent,net_bytes_recv,interface=veth342b8e3,average,1211152.0
2026-09-30T15:20:00+00:00,backend,CWAgent,net_bytes_recv,interface=veth342b8e3,average,133988.0
2026-09-30T15:21:00+00:00,backend,CWAgent,net_bytes_recv,interface=veth342b8e3,average,0.0
2026-09-30T15:09:00+00:00,backend,CWAgent,net_bytes_recv,interface=veth342b8e3,maximum,0.0
2026-09-30T15:10:00+00:00,backend,CWAgent,net_bytes_recv,interface=veth342b8e3,maximum,0.0
2026-09-30T15:11:00+00:00,backend,CWAgent,net_bytes_recv,interface=veth342b8e3,maximum,197556.0
2026-09-30T15:12:00+00:00,backend,CWAgent,net_bytes_recv,interface=veth342b8e3,maximum,1374806.0
2026-09-30T15:13:00+00:00,backend,CWAgent,net_bytes_recv,interface=veth342b8e3,maximum,2389578.0
2026-09-30T15:14:00+00:00,backend,CWAgent,net_bytes_recv,interface=veth342b8e3,maximum,2484904.0
2026-09-30T15:15:00+00:00,backend,CWAgent,net_bytes_recv,interface=veth342b8e3,maximum,2460172.0
2026-09-30T15:16:00+00:00,backend,CWAgent,net_bytes_recv,interface=veth342b8e3,maximum,2472016.0
2026-09-30T15:17:00+00:00,backend,CWAgent,net_bytes_recv,interface=veth342b8e3,maximum,2481500.0
2026-09-30T15:18:00+00:00,backend,CWAgent,net_bytes_recv,interface=veth342b8e3,maximum,2288868.0
2026-09-30T15:19:00+00:00,backend,CWAgent,net_bytes_recv,interface=veth342b8e3,maximum,1211152.0
2026-09-30T15:20:00+00:00,backend,CWAgent,net_bytes_recv,interface=veth342b8e3,maximum,133988.0
2026-09-30T15:21:00+00:00,backend,CWAgent,net_bytes_recv,interface=veth342b8e3,maximum,0.0
2026-09-30T15:09:00+00:00,backend,CWAgent,procstat_cpu_usage,exe=containerd;process_name=containerd-shim-runc-v2,average,0.024999020920428917
2026-09-30T15:10:00+00:00,backend,CWAgent,procstat_cpu_usage,exe=containerd;process_name=containerd-shim-runc-v2,average,0.03333349518846561
2026-09-30T15:11:00+00:00,backend,CWAgent,procstat_cpu_usage,exe=containerd;process_name=containerd-shim-runc-v2,average,0.024999739905622494
2026-09-30T15:12:00+00:00,backend,CWAgent,procstat_cpu_usage,exe=containerd;process_name=containerd-shim-runc-v2,average,0.05000018905654851
2026-09-30T15:13:00+00:00,backend,CWAgent,procstat_cpu_usage,exe=containerd;process_name=containerd-shim-runc-v2,average,0.03333262201517956
2026-09-30T15:14:00+00:00,backend,CWAgent,procstat_cpu_usage,exe=containerd;process_name=containerd-shim-runc-v2,average,0.041667453453368086
2026-09-30T15:15:00+00:00,backend,CWAgent,procstat_cpu_usage,exe=containerd;process_name=containerd-shim-runc-v2,average,0.06666732640928377
2026-09-30T15:16:00+00:00,backend,CWAgent,procstat_cpu_usage,exe=containerd;process_name=containerd-shim-runc-v2,average,0.03333295194967813
2026-09-30T15:17:00+00:00,backend,CWAgent,procstat_cpu_usage,exe=containerd;process_name=containerd-shim-runc-v2,average,0.03333364260286944
2026-09-30T15:18:00+00:00,backend,CWAgent,procstat_cpu_usage,exe=containerd;process_name=containerd-shim-runc-v2,average,0.05833271309517348
2026-09-30T15:19:00+00:00,backend,CWAgent,procstat_cpu_usage,exe=containerd;process_name=containerd-shim-runc-v2,average,0.03333318288234576
2026-09-30T15:20:00+00:00,backend,CWAgent,procstat_cpu_usage,exe=containerd;process_name=containerd-shim-runc-v2,average,0.05000057049963791
2026-09-30T15:21:00+00:00,backend,CWAgent,procstat_cpu_usage,exe=containerd;process_name=containerd-shim-runc-v2,average,0.024999620814917845
2026-09-30T15:09:00+00:00,backend,CWAgent,procstat_cpu_usage,exe=containerd;process_name=containerd-shim-runc-v2,maximum,0.049998041840857835
2026-09-30T15:10:00+00:00,backend,CWAgent,procstat_cpu_usage,exe=containerd;process_name=containerd-shim-runc-v2,maximum,0.050000799603620125
2026-09-30T15:11:00+00:00,backend,CWAgent,procstat_cpu_usage,exe=containerd;process_name=containerd-shim-runc-v2,maximum,0.04999947981124499
2026-09-30T15:12:00+00:00,backend,CWAgent,procstat_cpu_usage,exe=containerd;process_name=containerd-shim-runc-v2,maximum,0.08333364670812332
2026-09-30T15:13:00+00:00,backend,CWAgent,procstat_cpu_usage,exe=containerd;process_name=containerd-shim-runc-v2,maximum,0.06666524403035912
2026-09-30T15:14:00+00:00,backend,CWAgent,procstat_cpu_usage,exe=containerd;process_name=containerd-shim-runc-v2,maximum,0.066668799616017
2026-09-30T15:15:00+00:00,backend,CWAgent,procstat_cpu_usage,exe=containerd;process_name=containerd-shim-runc-v2,maximum,0.08333385133655367
2026-09-30T15:16:00+00:00,backend,CWAgent,procstat_cpu_usage,exe=containerd;process_name=containerd-shim-runc-v2,maximum,0.04999949420678293
2026-09-30T15:17:00+00:00,backend,CWAgent,procstat_cpu_usage,exe=containerd;process_name=containerd-shim-runc-v2,maximum,0.06666728520573888
2026-09-30T15:18:00+00:00,backend,CWAgent,procstat_cpu_usage,exe=containerd;process_name=containerd-shim-runc-v2,maximum,0.08333237605127428
2026-09-30T15:19:00+00:00,backend,CWAgent,procstat_cpu_usage,exe=containerd;process_name=containerd-shim-runc-v2,maximum,0.06666636576469152
2026-09-30T15:20:00+00:00,backend,CWAgent,procstat_cpu_usage,exe=containerd;process_name=containerd-shim-runc-v2,maximum,0.08333477136648196
2026-09-30T15:21:00+00:00,backend,CWAgent,procstat_cpu_usage,exe=containerd;process_name=containerd-shim-runc-v2,maximum,0.04999924162983569
2026-09-30T15:09:00+00:00,backend,CWAgent,net_bytes_sent,interface=veth342b8e3,average,0.0
2026-09-30T15:10:00+00:00,backend,CWAgent,net_bytes_sent,interface=veth342b8e3,average,0.0
2026-09-30T15:11:00+00:00,backend,CWAgent,net_bytes_sent,interface=veth342b8e3,average,986598.0
2026-09-30T15:12:00+00:00,backend,CWAgent,net_bytes_sent,interface=veth342b8e3,average,6593892.0
2026-09-30T15:13:00+00:00,backend,CWAgent,net_bytes_sent,interface=veth342b8e3,average,11654910.0
2026-09-30T15:14:00+00:00,backend,CWAgent,net_bytes_sent,interface=veth342b8e3,average,12193168.0
2026-09-30T15:15:00+00:00,backend,CWAgent,net_bytes_sent,interface=veth342b8e3,average,12125967.0
2026-09-30T15:16:00+00:00,backend,CWAgent,net_bytes_sent,interface=veth342b8e3,average,12157822.0
2026-09-30T15:17:00+00:00,backend,CWAgent,net_bytes_sent,interface=veth342b8e3,average,12184103.0
2026-09-30T15:18:00+00:00,backend,CWAgent,net_bytes_sent,interface=veth342b8e3,average,11248116.0
2026-09-30T15:19:00+00:00,backend,CWAgent,net_bytes_sent,interface=veth342b8e3,average,5786231.0
2026-09-30T15:20:00+00:00,backend,CWAgent,net_bytes_sent,interface=veth342b8e3,average,644936.0
2026-09-30T15:21:00+00:00,backend,CWAgent,net_bytes_sent,interface=veth342b8e3,average,0.0
2026-09-30T15:09:00+00:00,backend,CWAgent,net_bytes_sent,interface=veth342b8e3,maximum,0.0
2026-09-30T15:10:00+00:00,backend,CWAgent,net_bytes_sent,interface=veth342b8e3,maximum,0.0
2026-09-30T15:11:00+00:00,backend,CWAgent,net_bytes_sent,interface=veth342b8e3,maximum,986598.0
2026-09-30T15:12:00+00:00,backend,CWAgent,net_bytes_sent,interface=veth342b8e3,maximum,6593892.0
2026-09-30T15:13:00+00:00,backend,CWAgent,net_bytes_sent,interface=veth342b8e3,maximum,11654910.0
2026-09-30T15:14:00+00:00,backend,CWAgent,net_bytes_sent,interface=veth342b8e3,maximum,12193168.0
2026-09-30T15:15:00+00:00,backend,CWAgent,net_bytes_sent,interface=veth342b8e3,maximum,12125967.0
2026-09-30T15:16:00+00:00,backend,CWAgent,net_bytes_sent,interface=veth342b8e3,maximum,12157822.0
2026-09-30T15:17:00+00:00,backend,CWAgent,net_bytes_sent,interface=veth342b8e3,maximum,12184103.0
2026-09-30T15:18:00+00:00,backend,CWAgent,net_bytes_sent,interface=veth342b8e3,maximum,11248116.0
2026-09-30T15:19:00+00:00,backend,CWAgent,net_bytes_sent,interface=veth342b8e3,maximum,5786231.0
2026-09-30T15:20:00+00:00,backend,CWAgent,net_bytes_sent,interface=veth342b8e3,maximum,644936.0
2026-09-30T15:21:00+00:00,backend,CWAgent,net_bytes_sent,interface=veth342b8e3,maximum,0.0
2026-09-30T15:09:00+00:00,backend,CWAgent,net_bytes_recv,interface=vethaa909a3,average,1358.0
2026-09-30T15:10:00+00:00,backend,CWAgent,net_bytes_recv,interface=vethaa909a3,average,612.0
2026-09-30T15:11:00+00:00,backend,CWAgent,net_bytes_recv,interface=vethaa909a3,average,10038901.0
2026-09-30T15:12:00+00:00,backend,CWAgent,net_bytes_recv,interface=vethaa909a3,average,65574233.0
2026-09-30T15:13:00+00:00,backend,CWAgent,net_bytes_recv,interface=vethaa909a3,average,114736758.0
2026-09-30T15:14:00+00:00,backend,CWAgent,net_bytes_recv,interface=vethaa909a3,average,119805674.0
2026-09-30T15:15:00+00:00,backend,CWAgent,net_bytes_recv,interface=vethaa909a3,average,119368619.0
2026-09-30T15:16:00+00:00,backend,CWAgent,net_bytes_recv,interface=vethaa909a3,average,119611901.0
2026-09-30T15:17:00+00:00,backend,CWAgent,net_bytes_recv,interface=vethaa909a3,average,119753394.0
2026-09-30T15:18:00+00:00,backend,CWAgent,net_bytes_recv,interface=vethaa909a3,average,110814298.0
2026-09-30T15:19:00+00:00,backend,CWAgent,net_bytes_recv,interface=vethaa909a3,average,57958212.0
2026-09-30T15:20:00+00:00,backend,CWAgent,net_bytes_recv,interface=vethaa909a3,average,6725470.0
2026-09-30T15:21:00+00:00,backend,CWAgent,net_bytes_recv,interface=vethaa909a3,average,1274.0
2026-09-30T15:09:00+00:00,backend,CWAgent,net_bytes_recv,interface=vethaa909a3,maximum,1358.0
2026-09-30T15:10:00+00:00,backend,CWAgent,net_bytes_recv,interface=vethaa909a3,maximum,612.0
2026-09-30T15:11:00+00:00,backend,CWAgent,net_bytes_recv,interface=vethaa909a3,maximum,10038901.0
2026-09-30T15:12:00+00:00,backend,CWAgent,net_bytes_recv,interface=vethaa909a3,maximum,65574233.0
2026-09-30T15:13:00+00:00,backend,CWAgent,net_bytes_recv,interface=vethaa909a3,maximum,114736758.0
2026-09-30T15:14:00+00:00,backend,CWAgent,net_bytes_recv,interface=vethaa909a3,maximum,119805674.0
2026-09-30T15:15:00+00:00,backend,CWAgent,net_bytes_recv,interface=vethaa909a3,maximum,119368619.0
2026-09-30T15:16:00+00:00,backend,CWAgent,net_bytes_recv,interface=vethaa909a3,maximum,119611901.0
2026-09-30T15:17:00+00:00,backend,CWAgent,net_bytes_recv,interface=vethaa909a3,maximum,119753394.0
2026-09-30T15:18:00+00:00,backend,CWAgent,net_bytes_recv,interface=vethaa909a3,maximum,110814298.0
2026-09-30T15:19:00+00:00,backend,CWAgent,net_bytes_recv,interface=vethaa909a3,maximum,57958212.0
2026-09-30T15:20:00+00:00,backend,CWAgent,net_bytes_recv,interface=vethaa909a3,maximum,6725470.0
2026-09-30T15:21:00+00:00,backend,CWAgent,net_bytes_recv,interface=vethaa909a3,maximum,1274.0
2026-09-30T15:09:00+00:00,backend,CWAgent,net_bytes_sent,interface=br-dbf96cd2fd10,average,819.0
2026-09-30T15:10:00+00:00,backend,CWAgent,net_bytes_sent,interface=br-dbf96cd2fd10,average,381.0
2026-09-30T15:11:00+00:00,backend,CWAgent,net_bytes_sent,interface=br-dbf96cd2fd10,average,2365243.0
2026-09-30T15:12:00+00:00,backend,CWAgent,net_bytes_sent,interface=br-dbf96cd2fd10,average,15120820.0
2026-09-30T15:13:00+00:00,backend,CWAgent,net_bytes_sent,interface=br-dbf96cd2fd10,average,26304421.0
2026-09-30T15:14:00+00:00,backend,CWAgent,net_bytes_sent,interface=br-dbf96cd2fd10,average,27447093.0
2026-09-30T15:15:00+00:00,backend,CWAgent,net_bytes_sent,interface=br-dbf96cd2fd10,average,27342928.0
2026-09-30T15:16:00+00:00,backend,CWAgent,net_bytes_sent,interface=br-dbf96cd2fd10,average,27389778.0
2026-09-30T15:17:00+00:00,backend,CWAgent,net_bytes_sent,interface=br-dbf96cd2fd10,average,27462849.0
2026-09-30T15:18:00+00:00,backend,CWAgent,net_bytes_sent,interface=br-dbf96cd2fd10,average,25428233.0
2026-09-30T15:19:00+00:00,backend,CWAgent,net_bytes_sent,interface=br-dbf96cd2fd10,average,13440471.0
2026-09-30T15:20:00+00:00,backend,CWAgent,net_bytes_sent,interface=br-dbf96cd2fd10,average,1769877.0
2026-09-30T15:21:00+00:00,backend,CWAgent,net_bytes_sent,interface=br-dbf96cd2fd10,average,735.0
2026-09-30T15:09:00+00:00,backend,CWAgent,net_bytes_sent,interface=br-dbf96cd2fd10,maximum,819.0
2026-09-30T15:10:00+00:00,backend,CWAgent,net_bytes_sent,interface=br-dbf96cd2fd10,maximum,381.0
2026-09-30T15:11:00+00:00,backend,CWAgent,net_bytes_sent,interface=br-dbf96cd2fd10,maximum,2365243.0
2026-09-30T15:12:00+00:00,backend,CWAgent,net_bytes_sent,interface=br-dbf96cd2fd10,maximum,15120820.0
2026-09-30T15:13:00+00:00,backend,CWAgent,net_bytes_sent,interface=br-dbf96cd2fd10,maximum,26304421.0
2026-09-30T15:14:00+00:00,backend,CWAgent,net_bytes_sent,interface=br-dbf96cd2fd10,maximum,27447093.0
2026-09-30T15:15:00+00:00,backend,CWAgent,net_bytes_sent,interface=br-dbf96cd2fd10,maximum,27342928.0
2026-09-30T15:16:00+00:00,backend,CWAgent,net_bytes_sent,interface=br-dbf96cd2fd10,maximum,27389778.0
2026-09-30T15:17:00+00:00,backend,CWAgent,net_bytes_sent,interface=br-dbf96cd2fd10,maximum,27462849.0
2026-09-30T15:18:00+00:00,backend,CWAgent,net_bytes_sent,interface=br-dbf96cd2fd10,maximum,25428233.0
2026-09-30T15:19:00+00:00,backend,CWAgent,net_bytes_sent,interface=br-dbf96cd2fd10,maximum,13440471.0
2026-09-30T15:20:00+00:00,backend,CWAgent,net_bytes_sent,interface=br-dbf96cd2fd10,maximum,1769877.0
2026-09-30T15:21:00+00:00,backend,CWAgent,net_bytes_sent,interface=br-dbf96cd2fd10,maximum,735.0
2026-09-30T15:09:00+00:00,backend,AWS/EC2,EBSWriteOps,,average,83.0
2026-09-30T15:10:00+00:00,backend,AWS/EC2,EBSWriteOps,,average,38.0
2026-09-30T15:11:00+00:00,backend,AWS/EC2,EBSWriteOps,,average,292.0
2026-09-30T15:12:00+00:00,backend,AWS/EC2,EBSWriteOps,,average,64.0
2026-09-30T15:13:00+00:00,backend,AWS/EC2,EBSWriteOps,,average,85.0
2026-09-30T15:14:00+00:00,backend,AWS/EC2,EBSWriteOps,,average,50.0
2026-09-30T15:15:00+00:00,backend,AWS/EC2,EBSWriteOps,,average,1873.0
2026-09-30T15:16:00+00:00,backend,AWS/EC2,EBSWriteOps,,average,49.0
2026-09-30T15:17:00+00:00,backend,AWS/EC2,EBSWriteOps,,average,50.0
2026-09-30T15:18:00+00:00,backend,AWS/EC2,EBSWriteOps,,average,50.0
2026-09-30T15:19:00+00:00,backend,AWS/EC2,EBSWriteOps,,average,134.0
2026-09-30T15:20:00+00:00,backend,AWS/EC2,EBSWriteOps,,average,402.0
2026-09-30T15:21:00+00:00,backend,AWS/EC2,EBSWriteOps,,average,87.0
2026-09-30T15:09:00+00:00,backend,AWS/EC2,EBSWriteOps,,maximum,83.0
2026-09-30T15:10:00+00:00,backend,AWS/EC2,EBSWriteOps,,maximum,38.0
2026-09-30T15:11:00+00:00,backend,AWS/EC2,EBSWriteOps,,maximum,292.0
2026-09-30T15:12:00+00:00,backend,AWS/EC2,EBSWriteOps,,maximum,64.0
2026-09-30T15:13:00+00:00,backend,AWS/EC2,EBSWriteOps,,maximum,85.0
2026-09-30T15:14:00+00:00,backend,AWS/EC2,EBSWriteOps,,maximum,50.0
2026-09-30T15:15:00+00:00,backend,AWS/EC2,EBSWriteOps,,maximum,1873.0
2026-09-30T15:16:00+00:00,backend,AWS/EC2,EBSWriteOps,,maximum,49.0
2026-09-30T15:17:00+00:00,backend,AWS/EC2,EBSWriteOps,,maximum,50.0
2026-09-30T15:18:00+00:00,backend,AWS/EC2,EBSWriteOps,,maximum,50.0
2026-09-30T15:19:00+00:00,backend,AWS/EC2,EBSWriteOps,,maximum,134.0
2026-09-30T15:20:00+00:00,backend,AWS/EC2,EBSWriteOps,,maximum,402.0
2026-09-30T15:21:00+00:00,backend,AWS/EC2,EBSWriteOps,,maximum,87.0
2026-09-30T15:09:00+00:00,backend,AWS/EC2,EBSWriteBytes,,average,475136.0
2026-09-30T15:10:00+00:00,backend,AWS/EC2,EBSWriteBytes,,average,196608.0
2026-09-30T15:11:00+00:00,backend,AWS/EC2,EBSWriteBytes,,average,2912256.0
2026-09-30T15:12:00+00:00,backend,AWS/EC2,EBSWriteBytes,,average,651264.0
2026-09-30T15:13:00+00:00,backend,AWS/EC2,EBSWriteBytes,,average,757760.0
2026-09-30T15:14:00+00:00,backend,AWS/EC2,EBSWriteBytes,,average,536576.0
2026-09-30T15:15:00+00:00,backend,AWS/EC2,EBSWriteBytes,,average,15745024.0
2026-09-30T15:16:00+00:00,backend,AWS/EC2,EBSWriteBytes,,average,552960.0
2026-09-30T15:17:00+00:00,backend,AWS/EC2,EBSWriteBytes,,average,557056.0
2026-09-30T15:18:00+00:00,backend,AWS/EC2,EBSWriteBytes,,average,536576.0
2026-09-30T15:19:00+00:00,backend,AWS/EC2,EBSWriteBytes,,average,978944.0
2026-09-30T15:20:00+00:00,backend,AWS/EC2,EBSWriteBytes,,average,2469888.0
2026-09-30T15:21:00+00:00,backend,AWS/EC2,EBSWriteBytes,,average,790528.0
2026-09-30T15:09:00+00:00,backend,AWS/EC2,EBSWriteBytes,,maximum,475136.0
2026-09-30T15:10:00+00:00,backend,AWS/EC2,EBSWriteBytes,,maximum,196608.0
2026-09-30T15:11:00+00:00,backend,AWS/EC2,EBSWriteBytes,,maximum,2912256.0
2026-09-30T15:12:00+00:00,backend,AWS/EC2,EBSWriteBytes,,maximum,651264.0
2026-09-30T15:13:00+00:00,backend,AWS/EC2,EBSWriteBytes,,maximum,757760.0
2026-09-30T15:14:00+00:00,backend,AWS/EC2,EBSWriteBytes,,maximum,536576.0
2026-09-30T15:15:00+00:00,backend,AWS/EC2,EBSWriteBytes,,maximum,15745024.0
2026-09-30T15:16:00+00:00,backend,AWS/EC2,EBSWriteBytes,,maximum,552960.0
2026-09-30T15:17:00+00:00,backend,AWS/EC2,EBSWriteBytes,,maximum,557056.0
2026-09-30T15:18:00+00:00,backend,AWS/EC2,EBSWriteBytes,,maximum,536576.0
2026-09-30T15:19:00+00:00,backend,AWS/EC2,EBSWriteBytes,,maximum,978944.0
2026-09-30T15:20:00+00:00,backend,AWS/EC2,EBSWriteBytes,,maximum,2469888.0
2026-09-30T15:21:00+00:00,backend,AWS/EC2,EBSWriteBytes,,maximum,790528.0
2026-09-30T15:09:00+00:00,backend,AWS/EC2,CPUUtilization,,average,1.4819008291984415
2026-09-30T15:10:00+00:00,backend,AWS/EC2,CPUUtilization,,average,1.5014514030229222
2026-09-30T15:11:00+00:00,backend,AWS/EC2,CPUUtilization,,average,6.499891668472192
2026-09-30T15:12:00+00:00,backend,AWS/EC2,CPUUtilization,,average,28.775
2026-09-30T15:13:00+00:00,backend,AWS/EC2,CPUUtilization,,average,45.93892570515168
2026-09-30T15:14:00+00:00,backend,AWS/EC2,CPUUtilization,,average,49.31584473592107
2026-09-30T15:15:00+00:00,backend,AWS/EC2,CPUUtilization,,average,51.3996863634847
2026-09-30T15:16:00+00:00,backend,AWS/EC2,CPUUtilization,,average,50.451681722724096
2026-09-30T15:17:00+00:00,backend,AWS/EC2,CPUUtilization,,average,50.941574118783194
2026-09-30T15:18:00+00:00,backend,AWS/EC2,CPUUtilization,,average,48.749187513541436
2026-09-30T15:19:00+00:00,backend,AWS/EC2,CPUUtilization,,average,30.158835980599672
2026-09-30T15:20:00+00:00,backend,AWS/EC2,CPUUtilization,,average,10.06806579693704
2026-09-30T15:21:00+00:00,backend,AWS/EC2,CPUUtilization,,average,4.92007992007992
2026-09-30T15:09:00+00:00,backend,AWS/EC2,CPUUtilization,,maximum,1.4819008291984415
2026-09-30T15:10:00+00:00,backend,AWS/EC2,CPUUtilization,,maximum,1.5014514030229222
2026-09-30T15:11:00+00:00,backend,AWS/EC2,CPUUtilization,,maximum,6.499891668472192
2026-09-30T15:12:00+00:00,backend,AWS/EC2,CPUUtilization,,maximum,28.775
2026-09-30T15:13:00+00:00,backend,AWS/EC2,CPUUtilization,,maximum,45.93892570515168
2026-09-30T15:14:00+00:00,backend,AWS/EC2,CPUUtilization,,maximum,49.31584473592107
2026-09-30T15:15:00+00:00,backend,AWS/EC2,CPUUtilization,,maximum,51.3996863634847
2026-09-30T15:16:00+00:00,backend,AWS/EC2,CPUUtilization,,maximum,50.451681722724096
2026-09-30T15:17:00+00:00,backend,AWS/EC2,CPUUtilization,,maximum,50.941574118783194
2026-09-30T15:18:00+00:00,backend,AWS/EC2,CPUUtilization,,maximum,48.749187513541436
2026-09-30T15:19:00+00:00,backend,AWS/EC2,CPUUtilization,,maximum,30.158835980599672
2026-09-30T15:20:00+00:00,backend,AWS/EC2,CPUUtilization,,maximum,10.06806579693704
2026-09-30T15:21:00+00:00,backend,AWS/EC2,CPUUtilization,,maximum,4.92007992007992
2026-09-30T15:09:00+00:00,backend,AWS/EC2,EBSReadOps,,average,12.0
2026-09-30T15:10:00+00:00,backend,AWS/EC2,EBSReadOps,,average,155.0
2026-09-30T15:11:00+00:00,backend,AWS/EC2,EBSReadOps,,average,11906.0
2026-09-30T15:12:00+00:00,backend,AWS/EC2,EBSReadOps,,average,72.0
2026-09-30T15:13:00+00:00,backend,AWS/EC2,EBSReadOps,,average,18.0
2026-09-30T15:14:00+00:00,backend,AWS/EC2,EBSReadOps,,average,84.0
2026-09-30T15:15:00+00:00,backend,AWS/EC2,EBSReadOps,,average,2657.0
2026-09-30T15:16:00+00:00,backend,AWS/EC2,EBSReadOps,,average,234.0
2026-09-30T15:17:00+00:00,backend,AWS/EC2,EBSReadOps,,average,143.0
2026-09-30T15:18:00+00:00,backend,AWS/EC2,EBSReadOps,,average,70.0
2026-09-30T15:19:00+00:00,backend,AWS/EC2,EBSReadOps,,average,89.0
2026-09-30T15:20:00+00:00,backend,AWS/EC2,EBSReadOps,,average,789.0
2026-09-30T15:21:00+00:00,backend,AWS/EC2,EBSReadOps,,average,63.0
2026-09-30T15:09:00+00:00,backend,AWS/EC2,EBSReadOps,,maximum,12.0
2026-09-30T15:10:00+00:00,backend,AWS/EC2,EBSReadOps,,maximum,155.0
2026-09-30T15:11:00+00:00,backend,AWS/EC2,EBSReadOps,,maximum,11906.0
2026-09-30T15:12:00+00:00,backend,AWS/EC2,EBSReadOps,,maximum,72.0
2026-09-30T15:13:00+00:00,backend,AWS/EC2,EBSReadOps,,maximum,18.0
2026-09-30T15:14:00+00:00,backend,AWS/EC2,EBSReadOps,,maximum,84.0
2026-09-30T15:15:00+00:00,backend,AWS/EC2,EBSReadOps,,maximum,2657.0
2026-09-30T15:16:00+00:00,backend,AWS/EC2,EBSReadOps,,maximum,234.0
2026-09-30T15:17:00+00:00,backend,AWS/EC2,EBSReadOps,,maximum,143.0
2026-09-30T15:18:00+00:00,backend,AWS/EC2,EBSReadOps,,maximum,70.0
2026-09-30T15:19:00+00:00,backend,AWS/EC2,EBSReadOps,,maximum,89.0
2026-09-30T15:20:00+00:00,backend,AWS/EC2,EBSReadOps,,maximum,789.0
2026-09-30T15:21:00+00:00,backend,AWS/EC2,EBSReadOps,,maximum,63.0
2026-09-30T15:09:00+00:00,backend,AWS/EC2,EBSReadBytes,,average,245760.0
2026-09-30T15:10:00+00:00,backend,AWS/EC2,EBSReadBytes,,average,3579904.0
2026-09-30T15:11:00+00:00,backend,AWS/EC2,EBSReadBytes,,average,65949696.0
2026-09-30T15:12:00+00:00,backend,AWS/EC2,EBSReadBytes,,average,729088.0
2026-09-30T15:13:00+00:00,backend,AWS/EC2,EBSReadBytes,,average,598016.0
2026-09-30T15:14:00+00:00,backend,AWS/EC2,EBSReadBytes,,average,1085440.0
2026-09-30T15:15:00+00:00,backend,AWS/EC2,EBSReadBytes,,average,69476352.0
2026-09-30T15:16:00+00:00,backend,AWS/EC2,EBSReadBytes,,average,2138112.0
2026-09-30T15:17:00+00:00,backend,AWS/EC2,EBSReadBytes,,average,1634304.0
2026-09-30T15:18:00+00:00,backend,AWS/EC2,EBSReadBytes,,average,1351680.0
2026-09-30T15:19:00+00:00,backend,AWS/EC2,EBSReadBytes,,average,1622016.0
2026-09-30T15:20:00+00:00,backend,AWS/EC2,EBSReadBytes,,average,16945152.0
2026-09-30T15:21:00+00:00,backend,AWS/EC2,EBSReadBytes,,average,606208.0
2026-09-30T15:09:00+00:00,backend,AWS/EC2,EBSReadBytes,,maximum,245760.0
2026-09-30T15:10:00+00:00,backend,AWS/EC2,EBSReadBytes,,maximum,3579904.0
2026-09-30T15:11:00+00:00,backend,AWS/EC2,EBSReadBytes,,maximum,65949696.0
2026-09-30T15:12:00+00:00,backend,AWS/EC2,EBSReadBytes,,maximum,729088.0
2026-09-30T15:13:00+00:00,backend,AWS/EC2,EBSReadBytes,,maximum,598016.0
2026-09-30T15:14:00+00:00,backend,AWS/EC2,EBSReadBytes,,maximum,1085440.0
2026-09-30T15:15:00+00:00,backend,AWS/EC2,EBSReadBytes,,maximum,69476352.0
2026-09-30T15:16:00+00:00,backend,AWS/EC2,EBSReadBytes,,maximum,2138112.0
2026-09-30T15:17:00+00:00,backend,AWS/EC2,EBSReadBytes,,maximum,1634304.0
2026-09-30T15:18:00+00:00,backend,AWS/EC2,EBSReadBytes,,maximum,1351680.0
2026-09-30T15:19:00+00:00,backend,AWS/EC2,EBSReadBytes,,maximum,1622016.0
2026-09-30T15:20:00+00:00,backend,AWS/EC2,EBSReadBytes,,maximum,16945152.0
2026-09-30T15:21:00+00:00,backend,AWS/EC2,EBSReadBytes,,maximum,606208.0
2026-09-30T15:10:00+00:00,backend,AWS/EC2,CPUCreditBalance,,average,0.0
2026-09-30T15:15:00+00:00,backend,AWS/EC2,CPUCreditBalance,,average,0.0
2026-09-30T15:20:00+00:00,backend,AWS/EC2,CPUCreditBalance,,average,0.0
2026-09-30T15:10:00+00:00,backend,AWS/EC2,CPUCreditBalance,,maximum,0.0
2026-09-30T15:15:00+00:00,backend,AWS/EC2,CPUCreditBalance,,maximum,0.0
2026-09-30T15:20:00+00:00,backend,AWS/EC2,CPUCreditBalance,,maximum,0.0
2026-09-30T15:10:00+00:00,backend,AWS/EC2,CPUSurplusCreditBalance,,average,16.885054616666668
2026-09-30T15:15:00+00:00,backend,AWS/EC2,CPUSurplusCreditBalance,,average,19.904278933333334
2026-09-30T15:20:00+00:00,backend,AWS/EC2,CPUSurplusCreditBalance,,average,22.358529433333334
2026-09-30T15:10:00+00:00,backend,AWS/EC2,CPUSurplusCreditBalance,,maximum,16.885054616666668
2026-09-30T15:15:00+00:00,backend,AWS/EC2,CPUSurplusCreditBalance,,maximum,19.904278933333334
2026-09-30T15:20:00+00:00,backend,AWS/EC2,CPUSurplusCreditBalance,,maximum,22.358529433333334
2026-09-30T15:10:00+00:00,backend,AWS/EC2,CPUSurplusCreditsCharged,,average,0.0
2026-09-30T15:15:00+00:00,backend,AWS/EC2,CPUSurplusCreditsCharged,,average,0.0
2026-09-30T15:20:00+00:00,backend,AWS/EC2,CPUSurplusCreditsCharged,,average,0.0
2026-09-30T15:10:00+00:00,backend,AWS/EC2,CPUSurplusCreditsCharged,,maximum,0.0
2026-09-30T15:15:00+00:00,backend,AWS/EC2,CPUSurplusCreditsCharged,,maximum,0.0
2026-09-30T15:20:00+00:00,backend,AWS/EC2,CPUSurplusCreditsCharged,,maximum,0.0
2026-09-30T15:10:00+00:00,backend,AWS/EC2,CPUCreditUsage,,average,0.17274325
2026-09-30T15:15:00+00:00,backend,AWS/EC2,CPUCreditUsage,,average,4.0181709833333334
2026-09-30T15:20:00+00:00,backend,AWS/EC2,CPUCreditUsage,,average,3.4544771666666665
2026-09-30T15:10:00+00:00,backend,AWS/EC2,CPUCreditUsage,,maximum,0.17274325
2026-09-30T15:15:00+00:00,backend,AWS/EC2,CPUCreditUsage,,maximum,4.0181709833333334
2026-09-30T15:20:00+00:00,backend,AWS/EC2,CPUCreditUsage,,maximum,3.4544771666666665
2026-09-30T15:09:00+00:00,backend,AWS/EC2,NetworkOut,,average,53073.0
2026-09-30T15:10:00+00:00,backend,AWS/EC2,NetworkOut,,average,52835.0
2026-09-30T15:11:00+00:00,backend,AWS/EC2,NetworkOut,,average,24535645.0
2026-09-30T15:12:00+00:00,backend,AWS/EC2,NetworkOut,,average,79095709.0
2026-09-30T15:13:00+00:00,backend,AWS/EC2,NetworkOut,,average,109996416.0
2026-09-30T15:14:00+00:00,backend,AWS/EC2,NetworkOut,,average,110180129.0
2026-09-30T15:15:00+00:00,backend,AWS/EC2,NetworkOut,,average,109863231.0
2026-09-30T15:16:00+00:00,backend,AWS/EC2,NetworkOut,,average,109986377.0
2026-09-30T15:17:00+00:00,backend,AWS/EC2,NetworkOut,,average,110130520.0
2026-09-30T15:18:00+00:00,backend,AWS/EC2,NetworkOut,,average,88394745.0
2026-09-30T15:19:00+00:00,backend,AWS/EC2,NetworkOut,,average,34710066.0
2026-09-30T15:20:00+00:00,backend,AWS/EC2,NetworkOut,,average,648314.0
2026-09-30T15:21:00+00:00,backend,AWS/EC2,NetworkOut,,average,63746.0
2026-09-30T15:09:00+00:00,backend,AWS/EC2,NetworkOut,,maximum,53073.0
2026-09-30T15:10:00+00:00,backend,AWS/EC2,NetworkOut,,maximum,52835.0
2026-09-30T15:11:00+00:00,backend,AWS/EC2,NetworkOut,,maximum,24535645.0
2026-09-30T15:12:00+00:00,backend,AWS/EC2,NetworkOut,,maximum,79095709.0
2026-09-30T15:13:00+00:00,backend,AWS/EC2,NetworkOut,,maximum,109996416.0
2026-09-30T15:14:00+00:00,backend,AWS/EC2,NetworkOut,,maximum,110180129.0
2026-09-30T15:15:00+00:00,backend,AWS/EC2,NetworkOut,,maximum,109863231.0
2026-09-30T15:16:00+00:00,backend,AWS/EC2,NetworkOut,,maximum,109986377.0
2026-09-30T15:17:00+00:00,backend,AWS/EC2,NetworkOut,,maximum,110130520.0
2026-09-30T15:18:00+00:00,backend,AWS/EC2,NetworkOut,,maximum,88394745.0
2026-09-30T15:19:00+00:00,backend,AWS/EC2,NetworkOut,,maximum,34710066.0
2026-09-30T15:20:00+00:00,backend,AWS/EC2,NetworkOut,,maximum,648314.0
2026-09-30T15:21:00+00:00,backend,AWS/EC2,NetworkOut,,maximum,63746.0
2026-09-30T15:09:00+00:00,backend,AWS/EC2,NetworkIn,,average,14035.0
2026-09-30T15:10:00+00:00,backend,AWS/EC2,NetworkIn,,average,13319.0
2026-09-30T15:11:00+00:00,backend,AWS/EC2,NetworkIn,,average,6468980.0
2026-09-30T15:12:00+00:00,backend,AWS/EC2,NetworkIn,,average,19810321.0
2026-09-30T15:13:00+00:00,backend,AWS/EC2,NetworkIn,,average,27412595.0
2026-09-30T15:14:00+00:00,backend,AWS/EC2,NetworkIn,,average,27500423.0
2026-09-30T15:15:00+00:00,backend,AWS/EC2,NetworkIn,,average,27233974.0
2026-09-30T15:16:00+00:00,backend,AWS/EC2,NetworkIn,,average,27430484.0
2026-09-30T15:17:00+00:00,backend,AWS/EC2,NetworkIn,,average,27530751.0
2026-09-30T15:18:00+00:00,backend,AWS/EC2,NetworkIn,,average,22075694.0
2026-09-30T15:19:00+00:00,backend,AWS/EC2,NetworkIn,,average,8827697.0
2026-09-30T15:20:00+00:00,backend,AWS/EC2,NetworkIn,,average,331553.0
2026-09-30T15:21:00+00:00,backend,AWS/EC2,NetworkIn,,average,13438.0
2026-09-30T15:09:00+00:00,backend,AWS/EC2,NetworkIn,,maximum,14035.0
2026-09-30T15:10:00+00:00,backend,AWS/EC2,NetworkIn,,maximum,13319.0
2026-09-30T15:11:00+00:00,backend,AWS/EC2,NetworkIn,,maximum,6468980.0
2026-09-30T15:12:00+00:00,backend,AWS/EC2,NetworkIn,,maximum,19810321.0
2026-09-30T15:13:00+00:00,backend,AWS/EC2,NetworkIn,,maximum,27412595.0
2026-09-30T15:14:00+00:00,backend,AWS/EC2,NetworkIn,,maximum,27500423.0
2026-09-30T15:15:00+00:00,backend,AWS/EC2,NetworkIn,,maximum,27233974.0
2026-09-30T15:16:00+00:00,backend,AWS/EC2,NetworkIn,,maximum,27430484.0
2026-09-30T15:17:00+00:00,backend,AWS/EC2,NetworkIn,,maximum,27530751.0
2026-09-30T15:18:00+00:00,backend,AWS/EC2,NetworkIn,,maximum,22075694.0
2026-09-30T15:19:00+00:00,backend,AWS/EC2,NetworkIn,,maximum,8827697.0
2026-09-30T15:20:00+00:00,backend,AWS/EC2,NetworkIn,,maximum,331553.0
2026-09-30T15:21:00+00:00,backend,AWS/EC2,NetworkIn,,maximum,13438.0
2026-09-30T15:09:00+00:00,loadgen,MintLoadgen,mem_used_percent,,average,2.271688481583756
2026-09-30T15:10:00+00:00,loadgen,MintLoadgen,mem_used_percent,,average,2.4220108796210633
2026-09-30T15:11:00+00:00,loadgen,MintLoadgen,mem_used_percent,,average,11.20066889966605
2026-09-30T15:12:00+00:00,loadgen,MintLoadgen,mem_used_percent,,average,16.52311194367961
2026-09-30T15:13:00+00:00,loadgen,MintLoadgen,mem_used_percent,,average,22.075089188289056
2026-09-30T15:14:00+00:00,loadgen,MintLoadgen,mem_used_percent,,average,22.34312912623981
2026-09-30T15:15:00+00:00,loadgen,MintLoadgen,mem_used_percent,,average,22.42444124174502
2026-09-30T15:16:00+00:00,loadgen,MintLoadgen,mem_used_percent,,average,22.6960317087246
2026-09-30T15:17:00+00:00,loadgen,MintLoadgen,mem_used_percent,,average,22.67342834082278
2026-09-30T15:18:00+00:00,loadgen,MintLoadgen,mem_used_percent,,average,22.79144592544289
2026-09-30T15:19:00+00:00,loadgen,MintLoadgen,mem_used_percent,,average,22.843553689499736
2026-09-30T15:20:00+00:00,loadgen,MintLoadgen,mem_used_percent,,average,2.231532498342253
2026-09-30T15:21:00+00:00,loadgen,MintLoadgen,mem_used_percent,,average,2.289791178885654
2026-09-30T15:09:00+00:00,loadgen,MintLoadgen,mem_used_percent,,maximum,2.271688481583756
2026-09-30T15:10:00+00:00,loadgen,MintLoadgen,mem_used_percent,,maximum,2.4220108796210633
2026-09-30T15:11:00+00:00,loadgen,MintLoadgen,mem_used_percent,,maximum,11.20066889966605
2026-09-30T15:12:00+00:00,loadgen,MintLoadgen,mem_used_percent,,maximum,16.52311194367961
2026-09-30T15:13:00+00:00,loadgen,MintLoadgen,mem_used_percent,,maximum,22.075089188289056
2026-09-30T15:14:00+00:00,loadgen,MintLoadgen,mem_used_percent,,maximum,22.34312912623981
2026-09-30T15:15:00+00:00,loadgen,MintLoadgen,mem_used_percent,,maximum,22.42444124174502
2026-09-30T15:16:00+00:00,loadgen,MintLoadgen,mem_used_percent,,maximum,22.6960317087246
2026-09-30T15:17:00+00:00,loadgen,MintLoadgen,mem_used_percent,,maximum,22.67342834082278
2026-09-30T15:18:00+00:00,loadgen,MintLoadgen,mem_used_percent,,maximum,22.79144592544289
2026-09-30T15:19:00+00:00,loadgen,MintLoadgen,mem_used_percent,,maximum,22.843553689499736
2026-09-30T15:20:00+00:00,loadgen,MintLoadgen,mem_used_percent,,maximum,2.231532498342253
2026-09-30T15:21:00+00:00,loadgen,MintLoadgen,mem_used_percent,,maximum,2.289791178885654
2026-09-30T15:09:00+00:00,loadgen,MintLoadgen,net_bytes_recv,interface=ens5,average,66195.0
2026-09-30T15:10:00+00:00,loadgen,MintLoadgen,net_bytes_recv,interface=ens5,average,74084.0
2026-09-30T15:11:00+00:00,loadgen,MintLoadgen,net_bytes_recv,interface=ens5,average,11875752.0
2026-09-30T15:12:00+00:00,loadgen,MintLoadgen,net_bytes_recv,interface=ens5,average,55040917.0
2026-09-30T15:13:00+00:00,loadgen,MintLoadgen,net_bytes_recv,interface=ens5,average,88520304.0
2026-09-30T15:14:00+00:00,loadgen,MintLoadgen,net_bytes_recv,interface=ens5,average,90151359.0
2026-09-30T15:15:00+00:00,loadgen,MintLoadgen,net_bytes_recv,interface=ens5,average,90017489.0
2026-09-30T15:16:00+00:00,loadgen,MintLoadgen,net_bytes_recv,interface=ens5,average,90140087.0
2026-09-30T15:17:00+00:00,loadgen,MintLoadgen,net_bytes_recv,interface=ens5,average,90230956.0
2026-09-30T15:18:00+00:00,loadgen,MintLoadgen,net_bytes_recv,interface=ens5,average,79744499.0
2026-09-30T15:19:00+00:00,loadgen,MintLoadgen,net_bytes_recv,interface=ens5,average,37577525.0
2026-09-30T15:20:00+00:00,loadgen,MintLoadgen,net_bytes_recv,interface=ens5,average,2624838.0
2026-09-30T15:21:00+00:00,loadgen,MintLoadgen,net_bytes_recv,interface=ens5,average,67819.0
2026-09-30T15:09:00+00:00,loadgen,MintLoadgen,net_bytes_recv,interface=ens5,maximum,66195.0
2026-09-30T15:10:00+00:00,loadgen,MintLoadgen,net_bytes_recv,interface=ens5,maximum,74084.0
2026-09-30T15:11:00+00:00,loadgen,MintLoadgen,net_bytes_recv,interface=ens5,maximum,11875752.0
2026-09-30T15:12:00+00:00,loadgen,MintLoadgen,net_bytes_recv,interface=ens5,maximum,55040917.0
2026-09-30T15:13:00+00:00,loadgen,MintLoadgen,net_bytes_recv,interface=ens5,maximum,88520304.0
2026-09-30T15:14:00+00:00,loadgen,MintLoadgen,net_bytes_recv,interface=ens5,maximum,90151359.0
2026-09-30T15:15:00+00:00,loadgen,MintLoadgen,net_bytes_recv,interface=ens5,maximum,90017489.0
2026-09-30T15:16:00+00:00,loadgen,MintLoadgen,net_bytes_recv,interface=ens5,maximum,90140087.0
2026-09-30T15:17:00+00:00,loadgen,MintLoadgen,net_bytes_recv,interface=ens5,maximum,90230956.0
2026-09-30T15:18:00+00:00,loadgen,MintLoadgen,net_bytes_recv,interface=ens5,maximum,79744499.0
2026-09-30T15:19:00+00:00,loadgen,MintLoadgen,net_bytes_recv,interface=ens5,maximum,37577525.0
2026-09-30T15:20:00+00:00,loadgen,MintLoadgen,net_bytes_recv,interface=ens5,maximum,2624838.0
2026-09-30T15:21:00+00:00,loadgen,MintLoadgen,net_bytes_recv,interface=ens5,maximum,67819.0
2026-09-30T15:09:00+00:00,loadgen,MintLoadgen,cpu_usage_user,cpu=cpu-total,average,0.11677370923345319
2026-09-30T15:10:00+00:00,loadgen,MintLoadgen,cpu_usage_user,cpu=cpu-total,average,0.14178482068391696
2026-09-30T15:11:00+00:00,loadgen,MintLoadgen,cpu_usage_user,cpu=cpu-total,average,2.1064581231079664
2026-09-30T15:12:00+00:00,loadgen,MintLoadgen,cpu_usage_user,cpu=cpu-total,average,4.391175222740745
2026-09-30T15:13:00+00:00,loadgen,MintLoadgen,cpu_usage_user,cpu=cpu-total,average,6.519426358568453
2026-09-30T15:14:00+00:00,loadgen,MintLoadgen,cpu_usage_user,cpu=cpu-total,average,6.449422946367968
2026-09-30T15:15:00+00:00,loadgen,MintLoadgen,cpu_usage_user,cpu=cpu-total,average,6.479481641468685
2026-09-30T15:16:00+00:00,loadgen,MintLoadgen,cpu_usage_user,cpu=cpu-total,average,6.908286540752037
2026-09-30T15:17:00+00:00,loadgen,MintLoadgen,cpu_usage_user,cpu=cpu-total,average,5.959358288770103
2026-09-30T15:18:00+00:00,loadgen,MintLoadgen,cpu_usage_user,cpu=cpu-total,average,6.036268334953734
2026-09-30T15:19:00+00:00,loadgen,MintLoadgen,cpu_usage_user,cpu=cpu-total,average,6.84827847143399
2026-09-30T15:20:00+00:00,loadgen,MintLoadgen,cpu_usage_user,cpu=cpu-total,average,4.050442625688958
2026-09-30T15:21:00+00:00,loadgen,MintLoadgen,cpu_usage_user,cpu=cpu-total,average,0.12093411175978502
2026-09-30T15:09:00+00:00,loadgen,MintLoadgen,cpu_usage_user,cpu=cpu-total,maximum,0.11677370923345319
2026-09-30T15:10:00+00:00,loadgen,MintLoadgen,cpu_usage_user,cpu=cpu-total,maximum,0.14178482068391696
2026-09-30T15:11:00+00:00,loadgen,MintLoadgen,cpu_usage_user,cpu=cpu-total,maximum,2.1064581231079664
2026-09-30T15:12:00+00:00,loadgen,MintLoadgen,cpu_usage_user,cpu=cpu-total,maximum,4.391175222740745
2026-09-30T15:13:00+00:00,loadgen,MintLoadgen,cpu_usage_user,cpu=cpu-total,maximum,6.519426358568453
2026-09-30T15:14:00+00:00,loadgen,MintLoadgen,cpu_usage_user,cpu=cpu-total,maximum,6.449422946367968
2026-09-30T15:15:00+00:00,loadgen,MintLoadgen,cpu_usage_user,cpu=cpu-total,maximum,6.479481641468685
2026-09-30T15:16:00+00:00,loadgen,MintLoadgen,cpu_usage_user,cpu=cpu-total,maximum,6.908286540752037
2026-09-30T15:17:00+00:00,loadgen,MintLoadgen,cpu_usage_user,cpu=cpu-total,maximum,5.959358288770103
2026-09-30T15:18:00+00:00,loadgen,MintLoadgen,cpu_usage_user,cpu=cpu-total,maximum,6.036268334953734
2026-09-30T15:19:00+00:00,loadgen,MintLoadgen,cpu_usage_user,cpu=cpu-total,maximum,6.84827847143399
2026-09-30T15:20:00+00:00,loadgen,MintLoadgen,cpu_usage_user,cpu=cpu-total,maximum,4.050442625688958
2026-09-30T15:21:00+00:00,loadgen,MintLoadgen,cpu_usage_user,cpu=cpu-total,maximum,0.12093411175978502
2026-09-30T15:09:00+00:00,loadgen,MintLoadgen,cpu_usage_system,cpu=cpu-total,average,0.07923930269413573
2026-09-30T15:10:00+00:00,loadgen,MintLoadgen,cpu_usage_system,cpu=cpu-total,average,0.09591326105087768
2026-09-30T15:11:00+00:00,loadgen,MintLoadgen,cpu_usage_system,cpu=cpu-total,average,0.5297679112008031
2026-09-30T15:12:00+00:00,loadgen,MintLoadgen,cpu_usage_system,cpu=cpu-total,average,0.9121764955451842
2026-09-30T15:13:00+00:00,loadgen,MintLoadgen,cpu_usage_system,cpu=cpu-total,average,1.225584067407123
2026-09-30T15:14:00+00:00,loadgen,MintLoadgen,cpu_usage_system,cpu=cpu-total,average,1.3917175831636104
2026-09-30T15:15:00+00:00,loadgen,MintLoadgen,cpu_usage_system,cpu=cpu-total,average,1.3467157921484003
2026-09-30T15:16:00+00:00,loadgen,MintLoadgen,cpu_usage_system,cpu=cpu-total,average,1.2633996937212766
2026-09-30T15:17:00+00:00,loadgen,MintLoadgen,cpu_usage_system,cpu=cpu-total,average,1.1550802139037535
2026-09-30T15:18:00+00:00,loadgen,MintLoadgen,cpu_usage_system,cpu=cpu-total,average,1.1878091051274489
2026-09-30T15:19:00+00:00,loadgen,MintLoadgen,cpu_usage_system,cpu=cpu-total,average,0.7398999453482988
2026-09-30T15:20:00+00:00,loadgen,MintLoadgen,cpu_usage_system,cpu=cpu-total,average,0.19625856021379345
2026-09-30T15:21:00+00:00,loadgen,MintLoadgen,cpu_usage_system,cpu=cpu-total,average,0.09591326105087768
2026-09-30T15:09:00+00:00,loadgen,MintLoadgen,cpu_usage_system,cpu=cpu-total,maximum,0.07923930269413573
2026-09-30T15:10:00+00:00,loadgen,MintLoadgen,cpu_usage_system,cpu=cpu-total,maximum,0.09591326105087768
2026-09-30T15:11:00+00:00,loadgen,MintLoadgen,cpu_usage_system,cpu=cpu-total,maximum,0.5297679112008031
2026-09-30T15:12:00+00:00,loadgen,MintLoadgen,cpu_usage_system,cpu=cpu-total,maximum,0.9121764955451842
2026-09-30T15:13:00+00:00,loadgen,MintLoadgen,cpu_usage_system,cpu=cpu-total,maximum,1.225584067407123
2026-09-30T15:14:00+00:00,loadgen,MintLoadgen,cpu_usage_system,cpu=cpu-total,maximum,1.3917175831636104
2026-09-30T15:15:00+00:00,loadgen,MintLoadgen,cpu_usage_system,cpu=cpu-total,maximum,1.3467157921484003
2026-09-30T15:16:00+00:00,loadgen,MintLoadgen,cpu_usage_system,cpu=cpu-total,maximum,1.2633996937212766
2026-09-30T15:17:00+00:00,loadgen,MintLoadgen,cpu_usage_system,cpu=cpu-total,maximum,1.1550802139037535
2026-09-30T15:18:00+00:00,loadgen,MintLoadgen,cpu_usage_system,cpu=cpu-total,maximum,1.1878091051274489
2026-09-30T15:19:00+00:00,loadgen,MintLoadgen,cpu_usage_system,cpu=cpu-total,maximum,0.7398999453482988
2026-09-30T15:20:00+00:00,loadgen,MintLoadgen,cpu_usage_system,cpu=cpu-total,maximum,0.19625856021379345
2026-09-30T15:21:00+00:00,loadgen,MintLoadgen,cpu_usage_system,cpu=cpu-total,maximum,0.09591326105087768
2026-09-30T15:09:00+00:00,loadgen,MintLoadgen,cpu_usage_idle,cpu=cpu-total,average,99.77479356076442
2026-09-30T15:10:00+00:00,loadgen,MintLoadgen,cpu_usage_idle,cpu=cpu-total,average,99.73311092577171
2026-09-30T15:11:00+00:00,loadgen,MintLoadgen,cpu_usage_idle,cpu=cpu-total,average,97.11991254624942
2026-09-30T15:12:00+00:00,loadgen,MintLoadgen,cpu_usage_idle,cpu=cpu-total,average,94.30207891387346
2026-09-30T15:13:00+00:00,loadgen,MintLoadgen,cpu_usage_idle,cpu=cpu-total,average,91.57410953657633
2026-09-30T15:14:00+00:00,loadgen,MintLoadgen,cpu_usage_idle,cpu=cpu-total,average,91.47997284453423
2026-09-30T15:15:00+00:00,loadgen,MintLoadgen,cpu_usage_idle,cpu=cpu-total,average,91.40727565324222
2026-09-30T15:16:00+00:00,loadgen,MintLoadgen,cpu_usage_idle,cpu=cpu-total,average,91.23702569338089
2026-09-30T15:17:00+00:00,loadgen,MintLoadgen,cpu_usage_idle,cpu=cpu-total,average,92.20106951871671
2026-09-30T15:18:00+00:00,loadgen,MintLoadgen,cpu_usage_idle,cpu=cpu-total,average,92.04041087204635
2026-09-30T15:19:00+00:00,loadgen,MintLoadgen,cpu_usage_idle,cpu=cpu-total,average,92.00823979484656
2026-09-30T15:20:00+00:00,loadgen,MintLoadgen,cpu_usage_idle,cpu=cpu-total,average,95.67396024720132
2026-09-30T15:21:00+00:00,loadgen,MintLoadgen,cpu_usage_idle,cpu=cpu-total,average,99.75396163469551
2026-09-30T15:09:00+00:00,loadgen,MintLoadgen,cpu_usage_idle,cpu=cpu-total,maximum,99.77479356076442
2026-09-30T15:10:00+00:00,loadgen,MintLoadgen,cpu_usage_idle,cpu=cpu-total,maximum,99.73311092577171
2026-09-30T15:11:00+00:00,loadgen,MintLoadgen,cpu_usage_idle,cpu=cpu-total,maximum,97.11991254624942
2026-09-30T15:12:00+00:00,loadgen,MintLoadgen,cpu_usage_idle,cpu=cpu-total,maximum,94.30207891387346
2026-09-30T15:13:00+00:00,loadgen,MintLoadgen,cpu_usage_idle,cpu=cpu-total,maximum,91.57410953657633
2026-09-30T15:14:00+00:00,loadgen,MintLoadgen,cpu_usage_idle,cpu=cpu-total,maximum,91.47997284453423
2026-09-30T15:15:00+00:00,loadgen,MintLoadgen,cpu_usage_idle,cpu=cpu-total,maximum,91.40727565324222
2026-09-30T15:16:00+00:00,loadgen,MintLoadgen,cpu_usage_idle,cpu=cpu-total,maximum,91.23702569338089
2026-09-30T15:17:00+00:00,loadgen,MintLoadgen,cpu_usage_idle,cpu=cpu-total,maximum,92.20106951871671
2026-09-30T15:18:00+00:00,loadgen,MintLoadgen,cpu_usage_idle,cpu=cpu-total,maximum,92.04041087204635
2026-09-30T15:19:00+00:00,loadgen,MintLoadgen,cpu_usage_idle,cpu=cpu-total,maximum,92.00823979484656
2026-09-30T15:20:00+00:00,loadgen,MintLoadgen,cpu_usage_idle,cpu=cpu-total,maximum,95.67396024720132
2026-09-30T15:21:00+00:00,loadgen,MintLoadgen,cpu_usage_idle,cpu=cpu-total,maximum,99.75396163469551
2026-09-30T15:09:00+00:00,loadgen,MintLoadgen,net_bytes_sent,interface=ens5,average,94965.0
2026-09-30T15:10:00+00:00,loadgen,MintLoadgen,net_bytes_sent,interface=ens5,average,103733.0
2026-09-30T15:11:00+00:00,loadgen,MintLoadgen,net_bytes_sent,interface=ens5,average,1738075.0
2026-09-30T15:12:00+00:00,loadgen,MintLoadgen,net_bytes_sent,interface=ens5,average,7162963.0
2026-09-30T15:13:00+00:00,loadgen,MintLoadgen,net_bytes_sent,interface=ens5,average,11159765.0
2026-09-30T15:14:00+00:00,loadgen,MintLoadgen,net_bytes_sent,interface=ens5,average,11376284.0
2026-09-30T15:15:00+00:00,loadgen,MintLoadgen,net_bytes_sent,interface=ens5,average,11305478.0
2026-09-30T15:16:00+00:00,loadgen,MintLoadgen,net_bytes_sent,interface=ens5,average,11327629.0
2026-09-30T15:17:00+00:00,loadgen,MintLoadgen,net_bytes_sent,interface=ens5,average,11351507.0
2026-09-30T15:18:00+00:00,loadgen,MintLoadgen,net_bytes_sent,interface=ens5,average,10065813.0
2026-09-30T15:19:00+00:00,loadgen,MintLoadgen,net_bytes_sent,interface=ens5,average,5132021.0
2026-09-30T15:20:00+00:00,loadgen,MintLoadgen,net_bytes_sent,interface=ens5,average,725840.0
2026-09-30T15:21:00+00:00,loadgen,MintLoadgen,net_bytes_sent,interface=ens5,average,105303.0
2026-09-30T15:09:00+00:00,loadgen,MintLoadgen,net_bytes_sent,interface=ens5,maximum,94965.0
2026-09-30T15:10:00+00:00,loadgen,MintLoadgen,net_bytes_sent,interface=ens5,maximum,103733.0
2026-09-30T15:11:00+00:00,loadgen,MintLoadgen,net_bytes_sent,interface=ens5,maximum,1738075.0
2026-09-30T15:12:00+00:00,loadgen,MintLoadgen,net_bytes_sent,interface=ens5,maximum,7162963.0
2026-09-30T15:13:00+00:00,loadgen,MintLoadgen,net_bytes_sent,interface=ens5,maximum,11159765.0
2026-09-30T15:14:00+00:00,loadgen,MintLoadgen,net_bytes_sent,interface=ens5,maximum,11376284.0
2026-09-30T15:15:00+00:00,loadgen,MintLoadgen,net_bytes_sent,interface=ens5,maximum,11305478.0
2026-09-30T15:16:00+00:00,loadgen,MintLoadgen,net_bytes_sent,interface=ens5,maximum,11327629.0
2026-09-30T15:17:00+00:00,loadgen,MintLoadgen,net_bytes_sent,interface=ens5,maximum,11351507.0
2026-09-30T15:18:00+00:00,loadgen,MintLoadgen,net_bytes_sent,interface=ens5,maximum,10065813.0
2026-09-30T15:19:00+00:00,loadgen,MintLoadgen,net_bytes_sent,interface=ens5,maximum,5132021.0
2026-09-30T15:20:00+00:00,loadgen,MintLoadgen,net_bytes_sent,interface=ens5,maximum,725840.0
2026-09-30T15:21:00+00:00,loadgen,MintLoadgen,net_bytes_sent,interface=ens5,maximum,105303.0
2026-09-30T15:10:00+00:00,loadgen,AWS/EC2,CPUUtilization,,average,6.378666666666666
2026-09-30T15:15:00+00:00,loadgen,AWS/EC2,CPUUtilization,,average,11.747
2026-09-30T15:20:00+00:00,loadgen,AWS/EC2,CPUUtilization,,average,7.665333333333334
2026-09-30T15:10:00+00:00,loadgen,AWS/EC2,CPUUtilization,,maximum,11.986666666666665
2026-09-30T15:15:00+00:00,loadgen,AWS/EC2,CPUUtilization,,maximum,12.174999999999999
2026-09-30T15:20:00+00:00,loadgen,AWS/EC2,CPUUtilization,,maximum,18.686666666666664
2026-09-30T15:10:00+00:00,loadgen,AWS/EC2,NetworkOut,,average,4730694.0
2026-09-30T15:15:00+00:00,loadgen,AWS/EC2,NetworkOut,,average,10825864.8
2026-09-30T15:20:00+00:00,loadgen,AWS/EC2,NetworkOut,,average,4876937.6
2026-09-30T15:10:00+00:00,loadgen,AWS/EC2,NetworkOut,,maximum,11164900.0
2026-09-30T15:15:00+00:00,loadgen,AWS/EC2,NetworkOut,,maximum,11384510.0
2026-09-30T15:20:00+00:00,loadgen,AWS/EC2,NetworkOut,,maximum,15770426.0
2026-09-30T15:10:00+00:00,loadgen,AWS/EC2,NetworkIn,,average,37181929.6
2026-09-30T15:15:00+00:00,loadgen,AWS/EC2,NetworkIn,,average,87385700.6
2026-09-30T15:20:00+00:00,loadgen,AWS/EC2,NetworkIn,,average,36817045.2
2026-09-30T15:10:00+00:00,loadgen,AWS/EC2,NetworkIn,,maximum,90435111.0
2026-09-30T15:15:00+00:00,loadgen,AWS/EC2,NetworkIn,,maximum,92213603.0
2026-09-30T15:20:00+00:00,loadgen,AWS/EC2,NetworkIn,,maximum,124219423.0
2026-09-30T15:10:00+00:00,db,AWS/RDS,CPUCreditBalance,,average,0.0
2026-09-30T15:15:00+00:00,db,AWS/RDS,CPUCreditBalance,,average,0.0
2026-09-30T15:20:00+00:00,db,AWS/RDS,CPUCreditBalance,,average,0.0
2026-09-30T15:10:00+00:00,db,AWS/RDS,CPUCreditBalance,,maximum,0.0
2026-09-30T15:15:00+00:00,db,AWS/RDS,CPUCreditBalance,,maximum,0.0
2026-09-30T15:20:00+00:00,db,AWS/RDS,CPUCreditBalance,,maximum,0.0
2026-09-30T15:09:00+00:00,db,AWS/RDS,FreeableMemory,,average,159145984.0
2026-09-30T15:10:00+00:00,db,AWS/RDS,FreeableMemory,,average,158519296.0
2026-09-30T15:11:00+00:00,db,AWS/RDS,FreeableMemory,,average,154906624.0
2026-09-30T15:12:00+00:00,db,AWS/RDS,FreeableMemory,,average,156348416.0
2026-09-30T15:13:00+00:00,db,AWS/RDS,FreeableMemory,,average,154558464.0
2026-09-30T15:14:00+00:00,db,AWS/RDS,FreeableMemory,,average,153591808.0
2026-09-30T15:15:00+00:00,db,AWS/RDS,FreeableMemory,,average,155766784.0
2026-09-30T15:16:00+00:00,db,AWS/RDS,FreeableMemory,,average,155283456.0
2026-09-30T15:17:00+00:00,db,AWS/RDS,FreeableMemory,,average,156848128.0
2026-09-30T15:18:00+00:00,db,AWS/RDS,FreeableMemory,,average,154906624.0
2026-09-30T15:19:00+00:00,db,AWS/RDS,FreeableMemory,,average,153825280.0
2026-09-30T15:20:00+00:00,db,AWS/RDS,FreeableMemory,,average,155262976.0
2026-09-30T15:21:00+00:00,db,AWS/RDS,FreeableMemory,,average,154435584.0
2026-09-30T15:09:00+00:00,db,AWS/RDS,FreeableMemory,,maximum,159145984.0
2026-09-30T15:10:00+00:00,db,AWS/RDS,FreeableMemory,,maximum,158519296.0
2026-09-30T15:11:00+00:00,db,AWS/RDS,FreeableMemory,,maximum,154906624.0
2026-09-30T15:12:00+00:00,db,AWS/RDS,FreeableMemory,,maximum,156348416.0
2026-09-30T15:13:00+00:00,db,AWS/RDS,FreeableMemory,,maximum,154558464.0
2026-09-30T15:14:00+00:00,db,AWS/RDS,FreeableMemory,,maximum,153591808.0
2026-09-30T15:15:00+00:00,db,AWS/RDS,FreeableMemory,,maximum,155766784.0
2026-09-30T15:16:00+00:00,db,AWS/RDS,FreeableMemory,,maximum,155283456.0
2026-09-30T15:17:00+00:00,db,AWS/RDS,FreeableMemory,,maximum,156848128.0
2026-09-30T15:18:00+00:00,db,AWS/RDS,FreeableMemory,,maximum,154906624.0
2026-09-30T15:19:00+00:00,db,AWS/RDS,FreeableMemory,,maximum,153825280.0
2026-09-30T15:20:00+00:00,db,AWS/RDS,FreeableMemory,,maximum,155262976.0
2026-09-30T15:21:00+00:00,db,AWS/RDS,FreeableMemory,,maximum,154435584.0
2026-09-30T15:09:00+00:00,db,AWS/RDS,CPUUtilization,,average,4.166736112268538
2026-09-30T15:10:00+00:00,db,AWS/RDS,CPUUtilization,,average,4.386184353162888
2026-09-30T15:11:00+00:00,db,AWS/RDS,CPUUtilization,,average,5.4548785769012955
2026-09-30T15:12:00+00:00,db,AWS/RDS,CPUUtilization,,average,9.566826113768563
2026-09-30T15:13:00+00:00,db,AWS/RDS,CPUUtilization,,average,12.474359188166035
2026-09-30T15:14:00+00:00,db,AWS/RDS,CPUUtilization,,average,13.333333333333332
2026-09-30T15:15:00+00:00,db,AWS/RDS,CPUUtilization,,average,14.108436745231947
2026-09-30T15:16:00+00:00,db,AWS/RDS,CPUUtilization,,average,14.316684732760775
2026-09-30T15:17:00+00:00,db,AWS/RDS,CPUUtilization,,average,13.783626218039476
2026-09-30T15:18:00+00:00,db,AWS/RDS,CPUUtilization,,average,12.774118235637454
2026-09-30T15:19:00+00:00,db,AWS/RDS,CPUUtilization,,average,10.268154563624249
2026-09-30T15:20:00+00:00,db,AWS/RDS,CPUUtilization,,average,5.76657055715738
2026-09-30T15:21:00+00:00,db,AWS/RDS,CPUUtilization,,average,4.5999233346110895
2026-09-30T15:09:00+00:00,db,AWS/RDS,CPUUtilization,,maximum,4.166736112268538
2026-09-30T15:10:00+00:00,db,AWS/RDS,CPUUtilization,,maximum,4.386184353162888
2026-09-30T15:11:00+00:00,db,AWS/RDS,CPUUtilization,,maximum,5.4548785769012955
2026-09-30T15:12:00+00:00,db,AWS/RDS,CPUUtilization,,maximum,9.566826113768563
2026-09-30T15:13:00+00:00,db,AWS/RDS,CPUUtilization,,maximum,12.474359188166035
2026-09-30T15:14:00+00:00,db,AWS/RDS,CPUUtilization,,maximum,13.333333333333332
2026-09-30T15:15:00+00:00,db,AWS/RDS,CPUUtilization,,maximum,14.108436745231947
2026-09-30T15:16:00+00:00,db,AWS/RDS,CPUUtilization,,maximum,14.316684732760775
2026-09-30T15:17:00+00:00,db,AWS/RDS,CPUUtilization,,maximum,13.783626218039476
2026-09-30T15:18:00+00:00,db,AWS/RDS,CPUUtilization,,maximum,12.774118235637454
2026-09-30T15:19:00+00:00,db,AWS/RDS,CPUUtilization,,maximum,10.268154563624249
2026-09-30T15:20:00+00:00,db,AWS/RDS,CPUUtilization,,maximum,5.76657055715738
2026-09-30T15:21:00+00:00,db,AWS/RDS,CPUUtilization,,maximum,4.5999233346110895
2026-09-30T15:09:00+00:00,db,AWS/RDS,SwapUsage,,average,524288.0
2026-09-30T15:10:00+00:00,db,AWS/RDS,SwapUsage,,average,524288.0
2026-09-30T15:11:00+00:00,db,AWS/RDS,SwapUsage,,average,520192.0
2026-09-30T15:12:00+00:00,db,AWS/RDS,SwapUsage,,average,516096.0
2026-09-30T15:13:00+00:00,db,AWS/RDS,SwapUsage,,average,516096.0
2026-09-30T15:14:00+00:00,db,AWS/RDS,SwapUsage,,average,516096.0
2026-09-30T15:15:00+00:00,db,AWS/RDS,SwapUsage,,average,516096.0
2026-09-30T15:16:00+00:00,db,AWS/RDS,SwapUsage,,average,516096.0
2026-09-30T15:17:00+00:00,db,AWS/RDS,SwapUsage,,average,516096.0
2026-09-30T15:18:00+00:00,db,AWS/RDS,SwapUsage,,average,516096.0
2026-09-30T15:19:00+00:00,db,AWS/RDS,SwapUsage,,average,516096.0
2026-09-30T15:20:00+00:00,db,AWS/RDS,SwapUsage,,average,516096.0
2026-09-30T15:21:00+00:00,db,AWS/RDS,SwapUsage,,average,512000.0
2026-09-30T15:09:00+00:00,db,AWS/RDS,SwapUsage,,maximum,524288.0
2026-09-30T15:10:00+00:00,db,AWS/RDS,SwapUsage,,maximum,524288.0
2026-09-30T15:11:00+00:00,db,AWS/RDS,SwapUsage,,maximum,520192.0
2026-09-30T15:12:00+00:00,db,AWS/RDS,SwapUsage,,maximum,516096.0
2026-09-30T15:13:00+00:00,db,AWS/RDS,SwapUsage,,maximum,516096.0
2026-09-30T15:14:00+00:00,db,AWS/RDS,SwapUsage,,maximum,516096.0
2026-09-30T15:15:00+00:00,db,AWS/RDS,SwapUsage,,maximum,516096.0
2026-09-30T15:16:00+00:00,db,AWS/RDS,SwapUsage,,maximum,516096.0
2026-09-30T15:17:00+00:00,db,AWS/RDS,SwapUsage,,maximum,516096.0
2026-09-30T15:18:00+00:00,db,AWS/RDS,SwapUsage,,maximum,516096.0
2026-09-30T15:19:00+00:00,db,AWS/RDS,SwapUsage,,maximum,516096.0
2026-09-30T15:20:00+00:00,db,AWS/RDS,SwapUsage,,maximum,516096.0
2026-09-30T15:21:00+00:00,db,AWS/RDS,SwapUsage,,maximum,512000.0
2026-09-30T15:09:00+00:00,db,AWS/RDS,FreeStorageSpace,,average,19793563648.0
2026-09-30T15:10:00+00:00,db,AWS/RDS,FreeStorageSpace,,average,19793563648.0
2026-09-30T15:11:00+00:00,db,AWS/RDS,FreeStorageSpace,,average,19793498112.0
2026-09-30T15:12:00+00:00,db,AWS/RDS,FreeStorageSpace,,average,19726221312.0
2026-09-30T15:13:00+00:00,db,AWS/RDS,FreeStorageSpace,,average,19725910016.0
2026-09-30T15:14:00+00:00,db,AWS/RDS,FreeStorageSpace,,average,19725557760.0
2026-09-30T15:15:00+00:00,db,AWS/RDS,FreeStorageSpace,,average,19725246464.0
2026-09-30T15:16:00+00:00,db,AWS/RDS,FreeStorageSpace,,average,19724992512.0
2026-09-30T15:17:00+00:00,db,AWS/RDS,FreeStorageSpace,,average,19657666560.0
2026-09-30T15:18:00+00:00,db,AWS/RDS,FreeStorageSpace,,average,19657535488.0
2026-09-30T15:19:00+00:00,db,AWS/RDS,FreeStorageSpace,,average,19657420800.0
2026-09-30T15:20:00+00:00,db,AWS/RDS,FreeStorageSpace,,average,19657420800.0
2026-09-30T15:21:00+00:00,db,AWS/RDS,FreeStorageSpace,,average,19657420800.0
2026-09-30T15:09:00+00:00,db,AWS/RDS,FreeStorageSpace,,maximum,19793563648.0
2026-09-30T15:10:00+00:00,db,AWS/RDS,FreeStorageSpace,,maximum,19793563648.0
2026-09-30T15:11:00+00:00,db,AWS/RDS,FreeStorageSpace,,maximum,19793498112.0
2026-09-30T15:12:00+00:00,db,AWS/RDS,FreeStorageSpace,,maximum,19726221312.0
2026-09-30T15:13:00+00:00,db,AWS/RDS,FreeStorageSpace,,maximum,19725910016.0
2026-09-30T15:14:00+00:00,db,AWS/RDS,FreeStorageSpace,,maximum,19725557760.0
2026-09-30T15:15:00+00:00,db,AWS/RDS,FreeStorageSpace,,maximum,19725246464.0
2026-09-30T15:16:00+00:00,db,AWS/RDS,FreeStorageSpace,,maximum,19724992512.0
2026-09-30T15:17:00+00:00,db,AWS/RDS,FreeStorageSpace,,maximum,19657666560.0
2026-09-30T15:18:00+00:00,db,AWS/RDS,FreeStorageSpace,,maximum,19657535488.0
2026-09-30T15:19:00+00:00,db,AWS/RDS,FreeStorageSpace,,maximum,19657420800.0
2026-09-30T15:20:00+00:00,db,AWS/RDS,FreeStorageSpace,,maximum,19657420800.0
2026-09-30T15:21:00+00:00,db,AWS/RDS,FreeStorageSpace,,maximum,19657420800.0
2026-09-30T15:09:00+00:00,db,AWS/RDS,DatabaseConnections,,average,10.0
2026-09-30T15:10:00+00:00,db,AWS/RDS,DatabaseConnections,,average,10.0
2026-09-30T15:11:00+00:00,db,AWS/RDS,DatabaseConnections,,average,10.0
2026-09-30T15:12:00+00:00,db,AWS/RDS,DatabaseConnections,,average,10.0
2026-09-30T15:13:00+00:00,db,AWS/RDS,DatabaseConnections,,average,10.0
2026-09-30T15:14:00+00:00,db,AWS/RDS,DatabaseConnections,,average,10.0
2026-09-30T15:15:00+00:00,db,AWS/RDS,DatabaseConnections,,average,10.0
2026-09-30T15:16:00+00:00,db,AWS/RDS,DatabaseConnections,,average,10.0
2026-09-30T15:17:00+00:00,db,AWS/RDS,DatabaseConnections,,average,10.0
2026-09-30T15:18:00+00:00,db,AWS/RDS,DatabaseConnections,,average,10.0
2026-09-30T15:19:00+00:00,db,AWS/RDS,DatabaseConnections,,average,10.0
2026-09-30T15:20:00+00:00,db,AWS/RDS,DatabaseConnections,,average,10.0
2026-09-30T15:21:00+00:00,db,AWS/RDS,DatabaseConnections,,average,10.0
2026-09-30T15:09:00+00:00,db,AWS/RDS,DatabaseConnections,,maximum,10.0
2026-09-30T15:10:00+00:00,db,AWS/RDS,DatabaseConnections,,maximum,10.0
2026-09-30T15:11:00+00:00,db,AWS/RDS,DatabaseConnections,,maximum,10.0
2026-09-30T15:12:00+00:00,db,AWS/RDS,DatabaseConnections,,maximum,10.0
2026-09-30T15:13:00+00:00,db,AWS/RDS,DatabaseConnections,,maximum,10.0
2026-09-30T15:14:00+00:00,db,AWS/RDS,DatabaseConnections,,maximum,10.0
2026-09-30T15:15:00+00:00,db,AWS/RDS,DatabaseConnections,,maximum,10.0
2026-09-30T15:16:00+00:00,db,AWS/RDS,DatabaseConnections,,maximum,10.0
2026-09-30T15:17:00+00:00,db,AWS/RDS,DatabaseConnections,,maximum,10.0
2026-09-30T15:18:00+00:00,db,AWS/RDS,DatabaseConnections,,maximum,10.0
2026-09-30T15:19:00+00:00,db,AWS/RDS,DatabaseConnections,,maximum,10.0
2026-09-30T15:20:00+00:00,db,AWS/RDS,DatabaseConnections,,maximum,10.0
2026-09-30T15:21:00+00:00,db,AWS/RDS,DatabaseConnections,,maximum,10.0
2026-09-30T15:09:00+00:00,db,AWS/RDS,BurstBalance,,average,99.0
2026-09-30T15:10:00+00:00,db,AWS/RDS,BurstBalance,,average,99.0
2026-09-30T15:11:00+00:00,db,AWS/RDS,BurstBalance,,average,99.0
2026-09-30T15:12:00+00:00,db,AWS/RDS,BurstBalance,,average,99.0
2026-09-30T15:13:00+00:00,db,AWS/RDS,BurstBalance,,average,99.0
2026-09-30T15:14:00+00:00,db,AWS/RDS,BurstBalance,,average,99.0
2026-09-30T15:15:00+00:00,db,AWS/RDS,BurstBalance,,average,99.0
2026-09-30T15:16:00+00:00,db,AWS/RDS,BurstBalance,,average,99.0
2026-09-30T15:17:00+00:00,db,AWS/RDS,BurstBalance,,average,99.0
2026-09-30T15:18:00+00:00,db,AWS/RDS,BurstBalance,,average,99.0
2026-09-30T15:19:00+00:00,db,AWS/RDS,BurstBalance,,average,99.0
2026-09-30T15:20:00+00:00,db,AWS/RDS,BurstBalance,,average,99.0
2026-09-30T15:21:00+00:00,db,AWS/RDS,BurstBalance,,average,99.0
2026-09-30T15:09:00+00:00,db,AWS/RDS,BurstBalance,,maximum,99.0
2026-09-30T15:10:00+00:00,db,AWS/RDS,BurstBalance,,maximum,99.0
2026-09-30T15:11:00+00:00,db,AWS/RDS,BurstBalance,,maximum,99.0
2026-09-30T15:12:00+00:00,db,AWS/RDS,BurstBalance,,maximum,99.0
2026-09-30T15:13:00+00:00,db,AWS/RDS,BurstBalance,,maximum,99.0
2026-09-30T15:14:00+00:00,db,AWS/RDS,BurstBalance,,maximum,99.0
2026-09-30T15:15:00+00:00,db,AWS/RDS,BurstBalance,,maximum,99.0
2026-09-30T15:16:00+00:00,db,AWS/RDS,BurstBalance,,maximum,99.0
2026-09-30T15:17:00+00:00,db,AWS/RDS,BurstBalance,,maximum,99.0
2026-09-30T15:18:00+00:00,db,AWS/RDS,BurstBalance,,maximum,99.0
2026-09-30T15:19:00+00:00,db,AWS/RDS,BurstBalance,,maximum,99.0
2026-09-30T15:20:00+00:00,db,AWS/RDS,BurstBalance,,maximum,99.0
2026-09-30T15:21:00+00:00,db,AWS/RDS,BurstBalance,,maximum,99.0
2026-09-30T15:10:00+00:00,db,AWS/RDS,CPUCreditUsage,,average,0.46683631666666664
2026-09-30T15:15:00+00:00,db,AWS/RDS,CPUCreditUsage,,average,1.14654545
2026-09-30T15:20:00+00:00,db,AWS/RDS,CPUCreditUsage,,average,1.0939413
2026-09-30T15:10:00+00:00,db,AWS/RDS,CPUCreditUsage,,maximum,0.46683631666666664
2026-09-30T15:15:00+00:00,db,AWS/RDS,CPUCreditUsage,,maximum,1.14654545
2026-09-30T15:20:00+00:00,db,AWS/RDS,CPUCreditUsage,,maximum,1.0939413
2026-09-30T15:09:00+00:00,db,AWS/RDS,WriteLatency,,average,0.0003333333333333333
2026-09-30T15:10:00+00:00,db,AWS/RDS,WriteLatency,,average,0.00011111111111111112
2026-09-30T15:11:00+00:00,db,AWS/RDS,WriteLatency,,average,0.00017226890756302522
2026-09-30T15:12:00+00:00,db,AWS/RDS,WriteLatency,,average,0.0016544148711449091
2026-09-30T15:13:00+00:00,db,AWS/RDS,WriteLatency,,average,0.0006859547606522883
2026-09-30T15:14:00+00:00,db,AWS/RDS,WriteLatency,,average,0.0009437559580552907
2026-09-30T15:15:00+00:00,db,AWS/RDS,WriteLatency,,average,0.0011327264015333013
2026-09-30T15:16:00+00:00,db,AWS/RDS,WriteLatency,,average,0.0008816887579774177
2026-09-30T15:17:00+00:00,db,AWS/RDS,WriteLatency,,average,0.0014603372891942535
2026-09-30T15:18:00+00:00,db,AWS/RDS,WriteLatency,,average,0.0008294243070362474
2026-09-30T15:19:00+00:00,db,AWS/RDS,WriteLatency,,average,0.0009649805447470817
2026-09-30T15:20:00+00:00,db,AWS/RDS,WriteLatency,,average,0.0008444444444444444
2026-09-30T15:21:00+00:00,db,AWS/RDS,WriteLatency,,average,0.0005333333333333334
2026-09-30T15:09:00+00:00,db,AWS/RDS,WriteLatency,,maximum,0.0003333333333333333
2026-09-30T15:10:00+00:00,db,AWS/RDS,WriteLatency,,maximum,0.00011111111111111112
2026-09-30T15:11:00+00:00,db,AWS/RDS,WriteLatency,,maximum,0.00017226890756302522
2026-09-30T15:12:00+00:00,db,AWS/RDS,WriteLatency,,maximum,0.0016544148711449091
2026-09-30T15:13:00+00:00,db,AWS/RDS,WriteLatency,,maximum,0.0006859547606522883
2026-09-30T15:14:00+00:00,db,AWS/RDS,WriteLatency,,maximum,0.0009437559580552907
2026-09-30T15:15:00+00:00,db,AWS/RDS,WriteLatency,,maximum,0.0011327264015333013
2026-09-30T15:16:00+00:00,db,AWS/RDS,WriteLatency,,maximum,0.0008816887579774177
2026-09-30T15:17:00+00:00,db,AWS/RDS,WriteLatency,,maximum,0.0014603372891942535
2026-09-30T15:18:00+00:00,db,AWS/RDS,WriteLatency,,maximum,0.0008294243070362474
2026-09-30T15:19:00+00:00,db,AWS/RDS,WriteLatency,,maximum,0.0009649805447470817
2026-09-30T15:20:00+00:00,db,AWS/RDS,WriteLatency,,maximum,0.0008444444444444444
2026-09-30T15:21:00+00:00,db,AWS/RDS,WriteLatency,,maximum,0.0005333333333333334
2026-09-30T15:09:00+00:00,db,AWS/RDS,WriteIOPS,,average,0.26664889007399506
2026-09-30T15:10:00+00:00,db,AWS/RDS,WriteIOPS,,average,0.2833805634272379
2026-09-30T15:11:00+00:00,db,AWS/RDS,WriteIOPS,,average,5.1335044501483384
2026-09-30T15:12:00+00:00,db,AWS/RDS,WriteIOPS,,average,37.35234826649784
2026-09-30T15:13:00+00:00,db,AWS/RDS,WriteIOPS,,average,29.53129684533129
2026-09-30T15:14:00+00:00,db,AWS/RDS,WriteIOPS,,average,32.88081952194553
2026-09-30T15:15:00+00:00,db,AWS/RDS,WriteIOPS,,average,32.12455985180982
2026-09-30T15:16:00+00:00,db,AWS/RDS,WriteIOPS,,average,32.075848968574
2026-09-30T15:17:00+00:00,db,AWS/RDS,WriteIOPS,,average,51.14015202026937
2026-09-30T15:18:00+00:00,db,AWS/RDS,WriteIOPS,,average,29.955800183470938
2026-09-30T15:19:00+00:00,db,AWS/RDS,WriteIOPS,,average,15.914809938840468
2026-09-30T15:20:00+00:00,db,AWS/RDS,WriteIOPS,,average,2.399720032662856
2026-09-30T15:21:00+00:00,db,AWS/RDS,WriteIOPS,,average,0.18336083745895218
2026-09-30T15:09:00+00:00,db,AWS/RDS,WriteIOPS,,maximum,0.26664889007399506
2026-09-30T15:10:00+00:00,db,AWS/RDS,WriteIOPS,,maximum,0.2833805634272379
2026-09-30T15:11:00+00:00,db,AWS/RDS,WriteIOPS,,maximum,5.1335044501483384
2026-09-30T15:12:00+00:00,db,AWS/RDS,WriteIOPS,,maximum,37.35234826649784
2026-09-30T15:13:00+00:00,db,AWS/RDS,WriteIOPS,,maximum,29.53129684533129
2026-09-30T15:14:00+00:00,db,AWS/RDS,WriteIOPS,,maximum,32.88081952194553
2026-09-30T15:15:00+00:00,db,AWS/RDS,WriteIOPS,,maximum,32.12455985180982
2026-09-30T15:16:00+00:00,db,AWS/RDS,WriteIOPS,,maximum,32.075848968574
2026-09-30T15:17:00+00:00,db,AWS/RDS,WriteIOPS,,maximum,51.14015202026937
2026-09-30T15:18:00+00:00,db,AWS/RDS,WriteIOPS,,maximum,29.955800183470938
2026-09-30T15:19:00+00:00,db,AWS/RDS,WriteIOPS,,maximum,15.914809938840468
2026-09-30T15:20:00+00:00,db,AWS/RDS,WriteIOPS,,maximum,2.399720032662856
2026-09-30T15:21:00+00:00,db,AWS/RDS,WriteIOPS,,maximum,0.18336083745895218
2026-09-30T15:09:00+00:00,db,AWS/RDS,ReadIOPS,,average,0.01666555562962469
2026-09-30T15:10:00+00:00,db,AWS/RDS,ReadIOPS,,average,1.3002167027837972
2026-09-30T15:11:00+00:00,db,AWS/RDS,ReadIOPS,,average,0.10000333344444814
2026-09-30T15:12:00+00:00,db,AWS/RDS,ReadIOPS,,average,0.1999233627109608
2026-09-30T15:13:00+00:00,db,AWS/RDS,ReadIOPS,,average,0.0
2026-09-30T15:14:00+00:00,db,AWS/RDS,ReadIOPS,,average,0.0
2026-09-30T15:15:00+00:00,db,AWS/RDS,ReadIOPS,,average,1.3183585601521952
2026-09-30T15:16:00+00:00,db,AWS/RDS,ReadIOPS,,average,0.016662778684973505
2026-09-30T15:17:00+00:00,db,AWS/RDS,ReadIOPS,,average,0.03333777837044939
2026-09-30T15:18:00+00:00,db,AWS/RDS,ReadIOPS,,average,0.0
2026-09-30T15:19:00+00:00,db,AWS/RDS,ReadIOPS,,average,0.0
2026-09-30T15:20:00+00:00,db,AWS/RDS,ReadIOPS,,average,1.2998483510257137
2026-09-30T15:21:00+00:00,db,AWS/RDS,ReadIOPS,,average,0.050007501125168774
2026-09-30T15:09:00+00:00,db,AWS/RDS,ReadIOPS,,maximum,0.01666555562962469
2026-09-30T15:10:00+00:00,db,AWS/RDS,ReadIOPS,,maximum,1.3002167027837972
2026-09-30T15:11:00+00:00,db,AWS/RDS,ReadIOPS,,maximum,0.10000333344444814
2026-09-30T15:12:00+00:00,db,AWS/RDS,ReadIOPS,,maximum,0.1999233627109608
2026-09-30T15:13:00+00:00,db,AWS/RDS,ReadIOPS,,maximum,0.0
2026-09-30T15:14:00+00:00,db,AWS/RDS,ReadIOPS,,maximum,0.0
2026-09-30T15:15:00+00:00,db,AWS/RDS,ReadIOPS,,maximum,1.3183585601521952
2026-09-30T15:16:00+00:00,db,AWS/RDS,ReadIOPS,,maximum,0.016662778684973505
2026-09-30T15:17:00+00:00,db,AWS/RDS,ReadIOPS,,maximum,0.03333777837044939
2026-09-30T15:18:00+00:00,db,AWS/RDS,ReadIOPS,,maximum,0.0
2026-09-30T15:19:00+00:00,db,AWS/RDS,ReadIOPS,,maximum,0.0
2026-09-30T15:20:00+00:00,db,AWS/RDS,ReadIOPS,,maximum,1.2998483510257137
2026-09-30T15:21:00+00:00,db,AWS/RDS,ReadIOPS,,maximum,0.050007501125168774
2026-09-30T15:09:00+00:00,db,AWS/RDS,ReadThroughput,,average,68.26211585894274
2026-09-30T15:10:00+00:00,db,AWS/RDS,ReadThroughput,,average,682.7804634105685
2026-09-30T15:11:00+00:00,db,AWS/RDS,ReadThroughput,,average,409.6136537884596
2026-09-30T15:12:00+00:00,db,AWS/RDS,ReadThroughput,,average,818.8724510195922
2026-09-30T15:13:00+00:00,db,AWS/RDS,ReadThroughput,,average,0.0
2026-09-30T15:14:00+00:00,db,AWS/RDS,ReadThroughput,,average,0.0
2026-09-30T15:15:00+00:00,db,AWS/RDS,ReadThroughput,,average,751.7979009193906
2026-09-30T15:16:00+00:00,db,AWS/RDS,ReadThroughput,,average,68.24960426560027
2026-09-30T15:17:00+00:00,db,AWS/RDS,ReadThroughput,,average,136.5515402053607
2026-09-30T15:18:00+00:00,db,AWS/RDS,ReadThroughput,,average,0.0
2026-09-30T15:19:00+00:00,db,AWS/RDS,ReadThroughput,,average,0.0
2026-09-30T15:20:00+00:00,db,AWS/RDS,ReadThroughput,,average,682.5756565791228
2026-09-30T15:21:00+00:00,db,AWS/RDS,ReadThroughput,,average,546.2243707284547
2026-09-30T15:09:00+00:00,db,AWS/RDS,ReadThroughput,,maximum,68.26211585894274
2026-09-30T15:10:00+00:00,db,AWS/RDS,ReadThroughput,,maximum,682.7804634105685
2026-09-30T15:11:00+00:00,db,AWS/RDS,ReadThroughput,,maximum,409.6136537884596
2026-09-30T15:12:00+00:00,db,AWS/RDS,ReadThroughput,,maximum,818.8724510195922
2026-09-30T15:13:00+00:00,db,AWS/RDS,ReadThroughput,,maximum,0.0
2026-09-30T15:14:00+00:00,db,AWS/RDS,ReadThroughput,,maximum,0.0
2026-09-30T15:15:00+00:00,db,AWS/RDS,ReadThroughput,,maximum,751.7979009193906
2026-09-30T15:16:00+00:00,db,AWS/RDS,ReadThroughput,,maximum,68.24960426560027
2026-09-30T15:17:00+00:00,db,AWS/RDS,ReadThroughput,,maximum,136.5515402053607
2026-09-30T15:18:00+00:00,db,AWS/RDS,ReadThroughput,,maximum,0.0
2026-09-30T15:19:00+00:00,db,AWS/RDS,ReadThroughput,,maximum,0.0
2026-09-30T15:20:00+00:00,db,AWS/RDS,ReadThroughput,,maximum,682.5756565791228
2026-09-30T15:21:00+00:00,db,AWS/RDS,ReadThroughput,,maximum,546.2243707284547
2026-09-30T15:09:00+00:00,db,AWS/RDS,WriteThroughput,,average,1638.2907806146256
2026-09-30T15:10:00+00:00,db,AWS/RDS,WriteThroughput,,average,2458.0096682780463
2026-09-30T15:11:00+00:00,db,AWS/RDS,WriteThroughput,,average,148553.2184406147
2026-09-30T15:12:00+00:00,db,AWS/RDS,WriteThroughput,,average,2308401.4394242303
2026-09-30T15:13:00+00:00,db,AWS/RDS,WriteThroughput,,average,255705.78143478188
2026-09-30T15:14:00+00:00,db,AWS/RDS,WriteThroughput,,average,284821.64395428647
2026-09-30T15:15:00+00:00,db,AWS/RDS,WriteThroughput,,average,278096.87807645457
2026-09-30T15:16:00+00:00,db,AWS/RDS,WriteThroughput,,average,276888.64450554026
2026-09-30T15:17:00+00:00,db,AWS/RDS,WriteThroughput,,average,2512957.9943992533
2026-09-30T15:18:00+00:00,db,AWS/RDS,WriteThroughput,,average,258446.63497623216
2026-09-30T15:19:00+00:00,db,AWS/RDS,WriteThroughput,,average,137746.06295932143
2026-09-30T15:20:00+00:00,db,AWS/RDS,WriteThroughput,,average,19453.406212505
2026-09-30T15:21:00+00:00,db,AWS/RDS,WriteThroughput,,average,1024.1706951158526
2026-09-30T15:09:00+00:00,db,AWS/RDS,WriteThroughput,,maximum,1638.2907806146256
2026-09-30T15:10:00+00:00,db,AWS/RDS,WriteThroughput,,maximum,2458.0096682780463
2026-09-30T15:11:00+00:00,db,AWS/RDS,WriteThroughput,,maximum,148553.2184406147
2026-09-30T15:12:00+00:00,db,AWS/RDS,WriteThroughput,,maximum,2308401.4394242303
2026-09-30T15:13:00+00:00,db,AWS/RDS,WriteThroughput,,maximum,255705.78143478188
2026-09-30T15:14:00+00:00,db,AWS/RDS,WriteThroughput,,maximum,284821.64395428647
2026-09-30T15:15:00+00:00,db,AWS/RDS,WriteThroughput,,maximum,278096.87807645457
2026-09-30T15:16:00+00:00,db,AWS/RDS,WriteThroughput,,maximum,276888.64450554026
2026-09-30T15:17:00+00:00,db,AWS/RDS,WriteThroughput,,maximum,2512957.9943992533
2026-09-30T15:18:00+00:00,db,AWS/RDS,WriteThroughput,,maximum,258446.63497623216
2026-09-30T15:19:00+00:00,db,AWS/RDS,WriteThroughput,,maximum,137746.06295932143
2026-09-30T15:20:00+00:00,db,AWS/RDS,WriteThroughput,,maximum,19453.406212505
2026-09-30T15:21:00+00:00,db,AWS/RDS,WriteThroughput,,maximum,1024.1706951158526
2026-09-30T15:09:00+00:00,db,AWS/RDS,ReadLatency,,average,0.0
2026-09-30T15:10:00+00:00,db,AWS/RDS,ReadLatency,,average,0.0004
2026-09-30T15:11:00+00:00,db,AWS/RDS,ReadLatency,,average,0.0006666666666666666
2026-09-30T15:12:00+00:00,db,AWS/RDS,ReadLatency,,average,0.0003333333333333333
2026-09-30T15:13:00+00:00,db,AWS/RDS,ReadLatency,,average,0.0
2026-09-30T15:14:00+00:00,db,AWS/RDS,ReadLatency,,average,0.0
2026-09-30T15:15:00+00:00,db,AWS/RDS,ReadLatency,,average,0.0007272727272727273
2026-09-30T15:16:00+00:00,db,AWS/RDS,ReadLatency,,average,0.004
2026-09-30T15:17:00+00:00,db,AWS/RDS,ReadLatency,,average,0.0
2026-09-30T15:18:00+00:00,db,AWS/RDS,ReadLatency,,average,0.0
2026-09-30T15:19:00+00:00,db,AWS/RDS,ReadLatency,,average,0.0
2026-09-30T15:20:00+00:00,db,AWS/RDS,ReadLatency,,average,0.0008
2026-09-30T15:21:00+00:00,db,AWS/RDS,ReadLatency,,average,0.0
2026-09-30T15:09:00+00:00,db,AWS/RDS,ReadLatency,,maximum,0.0
2026-09-30T15:10:00+00:00,db,AWS/RDS,ReadLatency,,maximum,0.0004
2026-09-30T15:11:00+00:00,db,AWS/RDS,ReadLatency,,maximum,0.0006666666666666666
2026-09-30T15:12:00+00:00,db,AWS/RDS,ReadLatency,,maximum,0.0003333333333333333
2026-09-30T15:13:00+00:00,db,AWS/RDS,ReadLatency,,maximum,0.0
2026-09-30T15:14:00+00:00,db,AWS/RDS,ReadLatency,,maximum,0.0
2026-09-30T15:15:00+00:00,db,AWS/RDS,ReadLatency,,maximum,0.0007272727272727273
2026-09-30T15:16:00+00:00,db,AWS/RDS,ReadLatency,,maximum,0.004
2026-09-30T15:17:00+00:00,db,AWS/RDS,ReadLatency,,maximum,0.0
2026-09-30T15:18:00+00:00,db,AWS/RDS,ReadLatency,,maximum,0.0
2026-09-30T15:19:00+00:00,db,AWS/RDS,ReadLatency,,maximum,0.0
2026-09-30T15:20:00+00:00,db,AWS/RDS,ReadLatency,,maximum,0.0008
2026-09-30T15:21:00+00:00,db,AWS/RDS,ReadLatency,,maximum,0.0
2026-09-30T15:09:00+00:00,db,AWS/RDS,DiskQueueDepth,,average,0.00011665694525456213
2026-09-30T15:10:00+00:00,db,AWS/RDS,DiskQueueDepth,,average,0.0008501558619080164
2026-09-30T15:11:00+00:00,db,AWS/RDS,DiskQueueDepth,,average,0.0034500575009583493
2026-09-30T15:12:00+00:00,db,AWS/RDS,DiskQueueDepth,,average,0.06544158072738783
2026-09-30T15:13:00+00:00,db,AWS/RDS,DiskQueueDepth,,average,0.02007095624364975
2026-09-30T15:14:00+00:00,db,AWS/RDS,DiskQueueDepth,,average,0.031286442541565325
2026-09-30T15:15:00+00:00,db,AWS/RDS,DiskQueueDepth,,average,0.03193672723632177
2026-09-30T15:16:00+00:00,db,AWS/RDS,DiskQueueDepth,,average,0.030509039406814962
2026-09-30T15:17:00+00:00,db,AWS/RDS,DiskQueueDepth,,average,0.07803097234492991
2026-09-30T15:18:00+00:00,db,AWS/RDS,DiskQueueDepth,,average,0.023966377024299938
2026-09-30T15:19:00+00:00,db,AWS/RDS,DiskQueueDepth,,average,0.015298215208225706
2026-09-30T15:20:00+00:00,db,AWS/RDS,DiskQueueDepth,,average,0.003082973653073808
2026-09-30T15:21:00+00:00,db,AWS/RDS,DiskQueueDepth,,average,0.0002000300045006751
2026-09-30T15:09:00+00:00,db,AWS/RDS,DiskQueueDepth,,maximum,0.00011665694525456213
2026-09-30T15:10:00+00:00,db,AWS/RDS,DiskQueueDepth,,maximum,0.0008501558619080164
2026-09-30T15:11:00+00:00,db,AWS/RDS,DiskQueueDepth,,maximum,0.0034500575009583493
2026-09-30T15:12:00+00:00,db,AWS/RDS,DiskQueueDepth,,maximum,0.06544158072738783
2026-09-30T15:13:00+00:00,db,AWS/RDS,DiskQueueDepth,,maximum,0.02007095624364975
2026-09-30T15:14:00+00:00,db,AWS/RDS,DiskQueueDepth,,maximum,0.031286442541565325
2026-09-30T15:15:00+00:00,db,AWS/RDS,DiskQueueDepth,,maximum,0.03193672723632177
2026-09-30T15:16:00+00:00,db,AWS/RDS,DiskQueueDepth,,maximum,0.030509039406814962
2026-09-30T15:17:00+00:00,db,AWS/RDS,DiskQueueDepth,,maximum,0.07803097234492991
2026-09-30T15:18:00+00:00,db,AWS/RDS,DiskQueueDepth,,maximum,0.023966377024299938
2026-09-30T15:19:00+00:00,db,AWS/RDS,DiskQueueDepth,,maximum,0.015298215208225706
2026-09-30T15:20:00+00:00,db,AWS/RDS,DiskQueueDepth,,maximum,0.003082973653073808
2026-09-30T15:21:00+00:00,db,AWS/RDS,DiskQueueDepth,,maximum,0.0002000300045006751
