705ad2,43,1790867460791
cad8fe,46,1790782860791
bdbe5c,22,1790782860791
87df4a,29,1790782860791
d799da,22,1790782860791
ed277c,42,1790867460791
e4fefc,31,1790782860791
432e02,36,1790867460791
1086df,27,1790867460791
2cf832,27,1790781960791
49fc0b,34,1790781960791
2ccdca,56,1790867460791
1a5bb4,32,1790782860791
75d2f5,16,1790781960791
550a74,50,1790781960791
cbb72e,51,1790782860791
bdc5a8,53,1790867460791
9d4d89,36,1790867460791
7efac6,57,1790867460791
0c4c0b,15,1790867460791
bdae99,31,1790781960791
eac474,32,1790782860791
fff5c5,51,1790867460791
47c244,28,1790781960791
f6bf92,51,1790782860791
67b814,54,1790867460791
5ac1f3,33,1790867460791
66753f,55,1790782860791
baf31e,36,1790867460791
c7c014,33,1790867460791
588586,56,1790781960791
137f0d,23,1790781960791
8b5a73,47,1790782860791
22a857,33,1790782860791
eab4bf,23,1790867460791
0ae46b,51,1790782860791
0d9cbd,40,1790867460791
bcaf88,23,1790782860791
5e622c,49,1790781960791
d4d861,33,1790782860791
b34e61,24,1790782860791
f49ec8,30,1790867460791
b08128,52,1790782860791
3533d9,23,1790782860791
5698ed,33,1790782860791
30edff,60,1790867460791
c6afc8,22,1790781960791
c71fd5,55,1790867460791
1da904,28,1790781960791
36fab9,52,1790867460791
174759,32,1790781960791
3d2458,58,1790867460791
eab86b,25,1790867460791
65b47f,21,1790781960791
a2f566,17,1790781960791
f4cdd4,23,1790782860791
33b64c,23,1790782860791
946285,48,1790867460791
4be3d3,34,1790781960791
999608,37,1790781960791
a0e7d1,53,1790781960791
615375,46,1790781960791
250d25,43,1790867460791
9c97c3,37,1790781960791
d5c08a,45,1790867460791
7ed007,24,1790782860791
a07631,40,1790867460791
56a8d3,28,1790781960791
704663,42,1790867460791
a9e958,28,1790867460791
d40ab0,30,1790867460791
752d55,59,1790867460791
e4dc33,56,1790781960791
e5eff5,22,1790867460791
d4b579,27,1790781960791
f8c5d2,60,1790782860791
d9495f,37,1790782860791
681e6c,25,1790781960791
25c2c5,55,1790867460791
ae067a,39,1790781960791
323c72,44,1790781960791
b14a92,60,1790781960791
6c7550,54,1790781960791
167183,35,1790867460791
1d9efa,51,1790782860791
8c5ce9,52,1790782860791
b31353,24,1790781960791
66da6c,34,1790781960791
f387a0,38,1790782860791
42e6ec,24,1790867460791
498732,55,1790782860791
7a949c,31,1790781960791
2cc75b,22,1790867460791
eb029f,47,1790867460791
bb17bf,40,1790782860791
3290aa,42,1790781960791
cbfd08,50,1790782860791
9c02a3,53,1790781960791
1e1c0c,53,1790867460791
a91721,37,1790782860791
ed6fe7,28,1790782860791
935500,55,1790781960791
8c3ae3,59,1790782860791
e0dcc7,25,1790781960791
3a2d22,59,1790782860791
4dc348,58,1790782860791
a01ed3,36,1790782860791
673cef,60,1790781960791
116a51,25,1790781960791
cd294d,50,1790781960791
2249f1,42,1790782860791
6be314,36,1790867460791
5abd7b,49,1790781960791
2a2ac6,54,1790781960791
5c0b8c,41,1790781960791
f6bdd7,46,1790781960791
f19e66,54,1790867460791
2b8f43,22,1790781960791
8bb450,35,1790867460791
5b3554,39,1790782860791
dc0965,52,1790867460791
077888,51,1790781960791
414d60,27,1790781960791
18e95c,53,1790867460791
62d64f,58,1790781960791
448fc7,16,1790782860791
039b21,44,1790782860791
34f733,45,1790867460791
fa44b6,53,1790867460791
4cf6cb,15,1790867460791
16cba3,43,1790867460791
8387b9,43,1790781960791
1f912b,28,1790782860791
47ec6f,15,1790781960791
37697e,15,1790867460791
51ce35,32,1790782860791
a09c22,15,1790781960791
c0062b,48,1790782860791
ed820a,19,1790867460791
e9c90e,55,1790782860791
46414c,21,1790781960791
40209b,29,1790867460791
84e8a1,54,1790867460791
5e4b25,36,1790867460791
9e1a87,18,1790781960791
e3e17b,33,1790867460791
cc5a4f,23,1790781960791
89eedd,25,1790782860791
a5cb0f,58,1790867460791
42b46e,55,1790782860791
22e3af,42,1790781960791
8ddd59,28,1790782860791
215f8f,42,1790782860791
5c8687,38,1790781960791
319c01,32,1790782860791
27237c,44,1790781960791
cd0218,52,1790781960791
635de4,56,1790867460791
4d2d92,58,1790782860791
93c516,40,1790781960791
cf4bbd,35,1790782860791
752d6d,32,1790867460791
beb523,46,1790781960791
1252bd,31,1790781960791
c7680d,30,1790781960791
4c4ce1,15,1790867460791
9c40f9,42,1790781960791
51cafc,24,1790867460791
10eb2e,32,1790867460791
3f5c62,44,1790781960791
fd1bb3,29,1790782860791
0caf43,18,1790867460791
eb8081,29,1790867460791
d1796d,24,1790782860791
581373,56,1790782860791
34ca57,26,1790867460791
22c891,33,1790781960791
6989cc,41,1790781960791
25e5f7,26,1790781960791
76c30a,46,1790867460791
901ad3,21,1790867460791
1f4898,42,1790781960791
969714,58,1790867460791
164230,57,1790867460791
9bfd0d,35,1790782860791
5b6ed7,17,1790867460791
ccd5ea,36,1790867460791
ccb1dd,49,1790782860791
cdc3c4,31,1790781960791
ea999d,25,1790781960791
495641,32,1790867460791
358e68,58,1790781960791
df0926,28,1790782860791
6dd379,34,1790781960791
b77d86,35,1790867460791
5222a2,28,1790782860791
a48f18,36,1790782860791
e1a416,19,1790781960791
f3798a,39,1790781960791
0a33da,40,1790867460791
9485ac,56,1790781960791
06314d,36,1790781960791
91205b,15,1790781960791
d3d277,59,1790781960791
1b42ae,39,1790781960791
c9abfe,29,1790781960791
39263a,32,1790867460791
4931c4,35,1790782860791
b026d3,60,1790782860791
6fa0c3,15,1790782860791
09f63d,18,1790782860791
8c85a8,57,1790781960791
6fd6ef,47,1790781960791
054b2b,49,1790781960791
3a363c,60,1790782860791
b69336,43,1790782860791
94a8ce,53,1790782860791
3dd563,48,1790867460791
f4a0b9,58,1790867460791
9a336d,47,1790782860791
739d0b,27,1790867460791
6e7639,31,1790867460791
88434e,43,1790867460791
996ee8,30,1790867460791
ec3bee,20,1790781960791
6baff0,30,1790781960791
2ae0c0,25,1790781960791
c10fe1,20,1790782860791
ae3bd0,42,1790782860791
c8daa2,46,1790867460791
36e38a,26,1790867460791
c23c48,46,1790781960791
06e3a7,41,1790782860791
f1deff,19,1790867460791
4ed6c1,17,1790782860791
d6f95a,17,1790867460791
deefdb,54,1790867460791
ec93fa,15,1790867460791
637b07,23,1790781960791
2df32a,56,1790781960791
61d817,49,1790782860791
fee901,48,1790781960791
f33471,26,1790782860791
824179,35,1790781960791
4075b3,31,1790781960791
1479c7,22,1790867460791
26fef2,59,1790781960791
e3a901,29,1790867460791
e528bd,23,1790867460791
fc343c,24,1790867460791
d16ed9,34,1790782860791
e25cc9,44,1790782860791
c92b4d,56,1790782860791
547d5a,53,1790867460791
715f6e,41,1790782860791
fa1f88,35,1790867460791
996b08,30,1790782860791
c532da,21,1790781960791
5e0456,20,1790867460791
10d582,49,1790782860791
6e58d6,47,1790782860791
5c4805,15,1790867460791
9450f4,46,1790781960791
4296bb,22,1790781960791
ff6ffe,20,1790867460791
3aca8b,50,1790781960791
c4a5e6,58,1790782860791
178e58,17,1790867460791
ac86c3,32,1790782860791
0cdb53,17,1790781960791
d0c416,52,1790782860791
9ba919,53,1790867460791
b129db,51,1790781960791
1f2348,46,1790782860791
524e1c,42,1790782860791
b7ecaf,42,1790782860791
95431f,38,1790867460791
c4b8a5,49,1790867460791
d7d199,54,1790781960791
13d382,22,1790781960791
0097d6,16,1790867460791
5c1cda,26,1790781960791
982f83,46,1790867460791
0cab70,41,1790781960791
84bff9,36,1790781960791
646c09,58,1790867460791
1956c9,16,1790782860791
c374ef,54,1790781960791
db4bfc,47,1790782860791
a84e89,35,1790867460791
34c6d3,43,1790781960791
5ec155,45,1790782860791
c9f995,55,1790782860791
8efc14,49,1790782860791
93b961,55,1790781960791
66c11e,33,1790782860791
79b045,44,1790867460791
bbe609,43,1790867460791
6e89ee,49,1790867460791
7be503,22,1790781960791
c834f4,22,1790782860791
42cf71,26,1790782860791
d5c973,57,1790867460791
14f2ae,29,1790867460791
161fed,19,1790781960791
d17166,17,1790782860791
3b5060,21,1790867460791
ff99c3,46,1790782860791
7dc86a,42,1790867460791
580951,28,1790782860791
f6f017,40,1790867460791
c31c1b,27,1790782860791
8b1ad2,36,1790782860791
ead749,44,1790867460791
82facd,44,1790782860791
e64fdb,15,1790782860791
958abd,48,1790867460791
ac4c34,54,1790867460791
aab3da,43,1790867460791
1eff75,54,1790781960791
49dc47,53,1790781960791
1d9e35,23,1790867460791
dbc008,17,1790781960791
01290d,50,1790867460791
c851e3,39,1790782860791
2172f6,52,1790782860791
14afe3,29,1790782860791
d58835,20,1790782860791
d60bbc,37,1790781960791
854ab0,36,1790782860791
8385c5,34,1790782860791
52fdad,38,1790782860791
823659,32,1790782860791
27d85f,19,1790782860791
bfe956,48,1790782860791
d09c01,20,1790781960791
e9d181,33,1790781960791
b85994,18,1790782860791
e4f19b,44,1790782860791
f02123,51,1790782860791
ee2c93,42,1790781960791
b5ef2d,57,1790781960791
002ee2,58,1790781960791
f8b80d,42,1790781960791
c6eacc,32,1790867460791
d93114,31,1790867460791
c5f7e1,24,1790782860791
86668d,59,1790781960791
3836f1,27,1790781960791
bf010c,49,1790782860791
fc3680,56,1790781960791
4aaf50,55,1790867460791
cb0f16,56,1790781960791
c6f327,44,1790781960791
d488e8,18,1790867460791
57b670,36,1790782860791
2c2c64,40,1790867460791
3d6cab,60,1790782860791
7b2571,17,1790782860791
2916f4,44,1790781960791
de5d45,28,1790781960791
2082c8,45,1790782860791
69bb9e,58,1790782860791
fb2f4a,21,1790867460791
4d3087,31,1790781960791
cd2cfa,26,1790782860791
8d2a94,48,1790867460791
22ed84,52,1790782860791
a7a5d6,41,1790781960791
29409f,20,1790867460791
a240a9,46,1790867460791
f61ea0,28,1790781960791
b57cf0,16,1790867460791
d53be9,32,1790782860791
29f11e,32,1790781960791
7fed5f,40,1790782860791
fe3501,26,1790781960791
658b11,39,1790781960791
cf2606,39,1790781960791
08e831,41,1790867460791
c58967,21,1790867460791
00f503,57,1790867460791
bad294,23,1790781960791
42f9d3,58,1790781960791
3c3b07,41,1790782860791
714e54,58,1790782860791
c20049,33,1790867460791
d776b0,19,1790867460791
870103,51,1790867460791
27b7e9,51,1790781960791
a9dc46,56,1790781960791
0fa515,16,1790781960791
3873c9,56,1790867460791
0a972f,44,1790781960791
d94bfa,37,1790782860791
bfd336,59,1790781960791
8fb9ed,53,1790867460791
fdfbb5,58,1790782860791
e4dabb,21,1790782860791
ac8e89,46,1790781960791
ae38bd,25,1790867460791
81a98a,25,1790781960791
2920a6,53,1790781960791
ed54e2,37,1790782860791
8a4f24,20,1790782860791
355f7c,28,1790867460791
e97946,20,1790782860791
273bc2,36,1790867460791
3d5172,30,1790782860791
f4ba0a,52,1790867460791
f8de10,35,1790867460791
f7e6ed,34,1790782860791
0068a1,48,1790782860791
0fa2b1,42,1790781960791
fd519b,60,1790781960791
12c3d5,27,1790781960791
956f95,53,1790867460791
8a5234,24,1790782860791
5b0500,42,1790781960791
d3d008,17,1790781960791
a68cd6,56,1790782860791
97cade,31,1790867460791
835c63,53,1790782860791
02d80e,60,1790782860791
c4e0ec,46,1790781960791
606e9f,50,1790867460791
7f93af,18,1790867460791
48eaee,26,1790867460791
4cd202,37,1790781960791
d29c82,44,1790782860791
a43055,51,1790781960791
cad512,34,1790867460791
dbc460,36,1790781960791
697de2,25,1790867460791
160adc,21,1790867460791
e7453a,45,1790781960791
76cedc,60,1790867460791
0b9462,47,1790782860791
f7c23d,38,1790867460791
943fc9,26,1790782860791
3e2d47,58,1790867460791
cc9731,27,1790867460791
751d3b,35,1790782860791
306dc6,36,1790781960791
bdaf6f,45,1790867460791
9e7525,31,1790781960791
b21362,26,1790782860791
944883,26,1790867460791
9c0f0b,36,1790867460791
ac8ecb,39,1790782860791
fbd5b1,16,1790867460791
819a9e,51,1790867460791
15f8b1,34,1790867460791
fd51fa,48,1790867460791
ea955a,46,1790782860791
c3450b,58,1790781960791
bd77d1,19,1790781960791
925a09,23,1790781960791
1a1ac7,47,1790782860791
036820,56,1790782860791
e09452,15,1790781960791
c6b3f9,32,1790781960791
077db8,35,1790867460791
eb9c98,45,1790781960791
086ec5,55,1790782860791
422b07,60,1790781960791
560284,43,1790867460791
f7a0c7,43,1790782860791
f0e8a8,31,1790867460791
943ead,22,1790867460791
770f11,34,1790781960791
c19e8c,33,1790781960791
27287f,60,1790867460791
f051e2,43,1790782860791
f51e36,36,1790782860791
c64d6e,31,1790782860791
cacfe6,41,1790782860791
6bd365,33,1790781960791
fef40e,35,1790781960791
5d78e1,55,1790867460791
49e724,47,1790782860791
a6e993,34,1790782860791
78a623,21,1790781960791
79b8b4,42,1790781960791
90cb43,40,1790867460791
20b579,51,1790782860791
19e1a1,58,1790781960791
47212e,26,1790781960791
96db8e,37,1790782860791
bae74c,47,1790782860791
bafb5d,26,1790867460791
fc4879,24,1790867460791
96ee0a,21,1790867460791
fc54be,29,1790781960791
c3c093,47,1790867460791
cabee9,16,1790867460791
088b06,28,1790781960791
d5c642,33,1790867460791
bef1e6,17,1790867460791
041538,46,1790781960791
62ade8,28,1790781960791
e30acc,34,1790782860791
2d6616,42,1790867460791
5ff97d,22,1790867460791
dd6cd8,56,1790782860791
942b80,21,1790867460791
f72ec9,22,1790782860791
fcff08,39,1790781960791
299c74,40,1790867460791
1cce8f,47,1790782860791
d9e94c,43,1790782860791
2feb03,40,1790781960791
4a9138,21,1790781960791
9f416c,49,1790781960791
51b934,44,1790781960791
7b2b5a,21,1790782860791
3151d4,56,1790781960791
a2e35a,43,1790781960791
4a1df7,33,1790867460791
426448,16,1790781960791
86e655,27,1790782860791
82585e,15,1790781960791
f4c025,15,1790782860791
566f15,21,1790781960791
02cb40,37,1790782860791
793f92,53,1790782860791
b50227,38,1790782860791
936213,45,1790867460791
8c64c5,54,1790867460791
02c49b,43,1790781960791
bfc346,41,1790782860791
c60921,28,1790867460791
997c6b,37,1790781960791
5ec288,45,1790782860791
3d2165,60,1790782860791
def713,45,1790782860791
303ecc,17,1790781960791
bce15f,38,1790782860791
496305,21,1790781960791
c8bfb8,17,1790782860791
7c133a,20,1790781960791
119150,37,1790782860791
e9ddd0,21,1790781960791
4b2ff7,25,1790782860791
bda868,36,1790781960791
985243,51,1790781960791
bfce5f,43,1790782860791
26f6e5,32,1790867460791
e5fcb9,60,1790782860791
42b5e7,56,1790782860791
95542c,42,1790782860791
4a162c,31,1790867460791
5bddc9,45,1790782860791
6d16fc,56,1790867460791
cf9ce0,47,1790782860791
fc1174,55,1790781960791
bf621c,35,1790867460791
486406,35,1790782860791
7985e1,15,1790867460791
0eec96,51,1790781960791
403f60,46,1790867460791
76610b,40,1790781960791
002c62,55,1790867460791
9a3899,34,1790782860791
ce3641,46,1790781960791
25c6cf,45,1790782860791
e967f2,45,1790781960791
f0a914,28,1790782860791
ef8b94,21,1790782860791
224428,34,1790781960791
3a803b,38,1790781960791
7f97c2,60,1790782860791
c3d197,37,1790782860791
eaebf0,55,1790867460791
c46887,59,1790782860791
c03c98,45,1790782860791
be386b,55,1790782860791
da916e,18,1790781960791
000373,45,1790782860791
1ac61e,33,1790781960791
4332c8,18,1790867460791
c9aae7,32,1790867460791
b81e94,30,1790782860791
1e4265,40,1790867460791
381a18,19,1790781960791
4b75ee,35,1790867460791
da1d65,57,1790782860791
a26541,27,1790782860791
d1fd21,21,1790782860791
b844a0,56,1790782860791
9fabca,35,1790781960791
b33a01,44,1790781960791
d430d9,33,1790867460791
8485ea,57,1790782860791
a9c67e,31,1790781960791
556d87,56,1790867460791
006ea3,26,1790867460791
452902,50,1790781960791
489ef6,58,1790781960791
99cb8c,58,1790781960791
cd6873,34,1790781960791
1a9609,57,1790782860791
551b32,46,1790867460791
0d9c62,50,1790781960791
08beb1,42,1790781960791
7b1cfb,38,1790782860791
5e5948,41,1790782860791
877077,42,1790867460791
2dbc21,60,1790867460791
6ad384,60,1790781960791
8b941a,24,1790867460791
e3951b,23,1790782860791
f25bff,16,1790867460791
506735,57,1790782860791
50d8f1,31,1790782860791
e83a06,33,1790782860791
a0dd99,35,1790781960791
1af852,51,1790782860791
f0b71f,33,1790867460791
b12d95,22,1790867460791
45c894,18,1790867460791
82e0e5,19,1790867460791
f939bf,21,1790782860791
97821a,20,1790781960791
2a6aa5,51,1790782860791
fb31a8,58,1790781960791
682e9a,22,1790867460791
03c8f6,19,1790782860791
e38e80,22,1790782860791
2e8e50,44,1790781960791
6c9313,46,1790782860791
1e9f04,33,1790782860791
20fb79,51,1790781960791
ea9673,34,1790782860791
f7fd76,37,1790867460791
3b71e0,58,1790867460791
3612bf,24,1790781960791
739c27,50,1790867460791
4526e8,22,1790782860791
11e05d,27,1790867460791
f740d9,40,1790867460791
fcd74e,46,1790867460791
701347,51,1790867460791
6278bd,23,1790867460791
f90412,32,1790867460791
a6cdfd,32,1790867460791
ff32c1,20,1790782860791
c699be,22,1790781960791
8f9d0b,23,1790867460791
2125e6,40,1790867460791
61a4a9,59,1790867460791
a22915,26,1790782860791
5cf508,43,1790867460791
d453b5,26,1790867460791
31f938,46,1790781960791
e361fc,40,1790782860791
852d6e,15,1790867460791
cdc085,54,1790867460791
afac2b,59,1790781960791
599618,44,1790782860791
caef1a,17,1790867460791
78e60a,35,1790782860791
a601a6,57,1790782860791
a1e647,59,1790867460791
733a82,53,1790782860791
fdf2da,41,1790782860791
2168ba,37,1790781960791
e27b81,54,1790781960791
f9af5a,34,1790781960791
733ed7,38,1790867460791
ceec0a,50,1790782860791
71084b,31,1790781960791
6bbcac,16,1790867460791
976b2a,24,1790867460791
95e5f0,34,1790782860791
9913ae,36,1790781960791
d79302,40,1790781960791
4902a9,27,1790782860791
28f83d,36,1790867460791
3b2c8c,58,1790867460791
644327,45,1790782860791
1405d5,52,1790782860791
495934,49,1790867460791
0b9599,47,1790781960791
846c00,36,1790867460791
6568ce,18,1790781960791
674da1,52,1790867460791
88f3d9,55,1790781960791
501ab6,44,1790782860791
ba6c95,46,1790782860791
06e736,27,1790867460791
72ce3a,51,1790867460791
5b30eb,15,1790867460791
0e1a15,55,1790781960791
adf26c,54,1790782860791
466b40,59,1790781960791
a42a89,31,1790782860791
0c4ed6,22,1790781960791
80e32f,40,1790781960791
e1d185,30,1790782860791
e08f20,46,1790867460791
058fbd,53,1790867460791
42e50c,33,1790782860791
5eb228,41,1790782860791
0f45aa,45,1790781960791
ffb4bb,16,1790782860791
b2bd19,50,1790781960791
4100e1,58,1790782860791
aec521,22,1790781960791
d38345,48,1790781960791
debc35,42,1790781960791
ff1329,28,1790782860791
77b88b,55,1790781960791
344902,19,1790782860791
405315,31,1790867460791
8f4473,17,1790781960791
992e44,47,1790867460791
e626c6,46,1790867460791
8997a1,16,1790782860791
827c46,38,1790867460791
4a6b4f,49,1790781960791
000642,44,1790867460791
1ebdda,17,1790781960791
f673fe,54,1790782860791
d44ee2,16,1790782860791
3a715d,58,1790867460791
a2432d,16,1790781960791
1904fe,40,1790782860791
0493b9,56,1790781960791
2bbf4c,47,1790782860791
9bfdc3,25,1790782860791
68e4f4,40,1790867460791
872a20,31,1790782860791
490aaa,25,1790781960791
4928e7,40,1790782860791
dbfca3,43,1790781960791
831563,49,1790867460791
a36bf3,40,1790782860791
fcb1f8,19,1790781960791
45a922,36,1790782860791
e74f15,19,1790867460791
deaf6c,18,1790782860791
5f0bdb,50,1790867460791
d70f8c,34,1790867460791
78216f,28,1790782860791
9ef9f1,19,1790867460791
4cd41d,44,1790781960791
101bab,30,1790782860791
3798c0,38,1790867460791
e81831,53,1790781960791
4324da,48,1790867460791
b14063,20,1790867460791
d3f138,50,1790867460791
32022d,48,1790781960791
925630,24,1790781960791
407f0f,36,1790867460791
e59b0a,22,1790867460791
c93357,35,1790867460791
162948,17,1790867460791
1d53bd,28,1790782860791
c10a5e,50,1790782860791
fc0c7e,28,1790781960791
d4d26a,56,1790782860791
4445a1,48,1790867460791
64b3e5,47,1790782860791
58a16b,16,1790782860791
ae1ace,16,1790781960791
976a66,47,1790781960791
0331ba,18,1790782860791
eb0b2d,45,1790782860791
3b7958,35,1790782860791
d95788,49,1790781960791
1f5680,32,1790867460791
9a26ac,25,1790782860791
f6b383,55,1790781960791
6e6f4a,45,1790867460791
6fd3d3,60,1790867460791
c8d1e0,35,1790781960791
59da31,56,1790782860791
27b13b,24,1790782860791
c52811,48,1790867460791
e79be3,32,1790867460791
c5975b,29,1790782860791
b338b1,34,1790782860791
ccbe0a,23,1790781960791
89b7f6,26,1790782860791
70a112,35,1790782860791
2b251b,31,1790867460791
08e4c5,53,1790782860791
74ab29,30,1790867460791
c66b36,53,1790867460791
97eba3,55,1790867460791
51ffa5,22,1790867460791
35ccf7,46,1790782860791
1cdbc6,47,1790782860791
505e99,45,1790867460791
13f0b6,52,1790867460791
4e4cd1,46,1790867460791
37b40a,57,1790781960791
0f73f3,47,1790867460791
8afffb,37,1790867460791
190eef,33,1790781960791
09c00b,35,1790781960791
de7888,27,1790867460791
d99fc7,52,1790867460791
d5a645,28,1790781960791
9b99c4,34,1790781960791
89bef5,46,1790781960791
61fe33,18,1790781960791
689410,55,1790867460791
f793a8,35,1790781960791
5a2ab9,32,1790782860791
17b269,38,1790867460791
4d5478,51,1790867460791
325697,23,1790782860791
536dbe,43,1790781960791
f19ec5,44,1790782860791
59e68b,45,1790867460791
da60a3,26,1790782860791
9b8248,46,1790781960791
292626,25,1790782860791
d9fb58,25,1790781960791
842dc0,44,1790782860791
4ee9ef,42,1790782860791
747cbb,34,1790781960791
8dad6c,31,1790782860791
48a57b,44,1790781960791
dc91f3,24,1790782860791
a8c2a5,26,1790781960791
a3bb7e,22,1790781960791
ca3a99,46,1790781960791
b6e7d2,26,1790867460791
69f71d,42,1790781960791
68808c,47,1790782860791
24f667,58,1790782860791
35b4cb,19,1790782860791
9eef0f,34,1790867460791
3d335b,48,1790781960791
c73940,30,1790782860791
5ff5e6,18,1790781960791
a00c3f,55,1790782860791
3465e3,44,1790781960791
7b5726,26,1790782860791
5711ef,56,1790782860791
8c0841,49,1790781960791
502617,30,1790782860791
b22145,55,1790782860791
9b1efa,46,1790867460791
e347da,37,1790782860791
6d0aa5,23,1790867460791
a9ae64,18,1790782860791
b45924,37,1790781960791
908f41,57,1790782860791
7269ee,19,1790867460791
5b6061,31,1790781960791
08e2cd,42,1790867460791
7cdb27,39,1790781960791
e8a84d,32,1790781960791
c0919f,45,1790867460791
b0df53,53,1790782860791
d14b37,19,1790781960791
62e63e,47,1790867460791
af5d29,29,1790781960791
7314f7,28,1790782860791
72e3b0,33,1790782860791
b3fae3,45,1790867460791
87be3d,16,1790782860791
e1505b,27,1790782860791
8a2957,32,1790867460791
58158e,37,1790782860791
6be162,25,1790781960791
4cf71e,40,1790867460791
32f356,50,1790782860791
a5956f,45,1790781960791
e38644,49,1790781960791
3f50c3,59,1790781960791
adfa97,48,1790782860791
9f32a3,32,1790781960791
68d3bc,52,1790867460791
75ee05,36,1790782860791
3292ea,49,1790867460791
0ef3e9,16,1790781960791
e43e7c,28,1790782860791
a4ffdf,26,1790782860791
d47f7c,17,1790782860791
602b80,21,1790867460791
be7f36,17,1790782860791
de42e6,29,1790782860791
a62800,57,1790782860791
d1e328,18,1790867460791
b19bb2,42,1790781960791
9c06e6,42,1790782860791
6e6abf,44,1790867460791
a2138e,27,1790782860791
a1088f,34,1790782860791
7ccfaf,18,1790782860791
be5a71,29,1790781960791
17c6c1,30,1790781960791
780eea,56,1790782860791
0ecd8d,34,1790867460791
3ca241,53,1790867460791
49b716,42,1790782860791
e81ae2,41,1790782860791
bbcebe,34,1790781960791
aeabdc,39,1790867460791
b01d04,56,1790867460791
9488f8,58,1790867460791
cfd80f,37,1790867460791
0ef4e2,47,1790867460791
d9051c,34,1790782860791
20be8c,57,1790867460791
26b19d,45,1790867460791
abc71f,19,1790781960791
8fc403,31,1790867460791
f8e287,20,1790781960791
178c2e,40,1790867460791
648e01,21,1790782860791
da50e9,18,1790782860791
10da96,17,1790867460791
ba5b71,59,1790782860791
4c5cf2,29,1790781960791
064897,45,1790781960791
738c76,50,1790867460791
a99b69,36,1790867460791
1676d9,52,1790867460791
81d9f6,34,1790781960791
f82179,43,1790782860791
d41d77,45,1790782860791
b53061,40,1790781960791
f9dd2d,20,1790867460791
83ac04,58,1790867460791
963cf0,59,1790782860791
10b143,37,1790782860791
126074,58,1790782860791
45762c,40,1790782860791
71b4bd,21,1790781960791
5a164d,19,1790867460791
80474d,15,1790867460791
54eb1f,35,1790781960791
7fa963,49,1790782860791
693d2f,47,1790782860791
687bd2,51,1790782860791
52b7d2,56,1790867460791
ab7918,53,1790867460791
ec2846,32,1790867460791
3702da,49,1790782860791
ba7e34,24,1790867460791
8cb7b2,47,1790867460791
37f196,25,1790782860791
b41741,57,1790781960791
e65a0b,52,1790781960791
7c8957,39,1790867460791
b5e7dd,40,1790782860791
8ff4e4,35,1790867460791
380556,50,1790782860791
a3625a,47,1790781960791
d8bcc9,51,1790867460791
186762,26,1790867460791
98dbea,58,1790867460791
3b7ac7,41,1790781960791
04e21d,34,1790782860791
aced26,18,1790867460791
3a0d85,15,1790867460791
1a6f01,35,1790781960791
a325dc,55,1790781960791
7545f2,17,1790781960791
0f26e9,50,1790782860791
22cd1f,27,1790867460791
6a1471,49,1790782860791
4310d9,59,1790781960791
41952c,24,1790781960791
11ba93,58,1790867460791
15ff18,24,1790867460791
347518,27,1790782860791
446126,28,1790781960791
336597,60,1790781960791
7c988d,25,1790782860791
6f4d4f,38,1790782860791
951d98,33,1790781960791
fcff99,15,1790781960791
80acd0,60,1790867460791
961583,56,1790867460791
267f7e,42,1790867460791
3fa709,29,1790867460791
c7caa4,46,1790867460791
562dd1,19,1790782860791
4c7982,55,1790781960791
89adaa,21,1790867460791
4b8b3a,49,1790781960791
25b183,32,1790867460791
c49189,55,1790782860791
f2fe75,29,1790782860791
56e3c3,49,1790782860791
cd2d96,55,1790782860791
96d395,23,1790781960791
50e3ad,45,1790781960791
b654bb,20,1790782860791
86debc,26,1790867460791
ea7380,26,1790781960791
5b5727,59,1790781960791
e59f8d,33,1790782860791
f8aa17,21,1790867460791
d68da7,38,1790867460791
8671ac,58,1790781960791
2ba7f2,31,1790867460791
29cc1b,39,1790867460791
f8c42e,36,1790782860791
075326,15,1790782860791
22e4e9,15,1790782860791
8e762f,57,1790867460791
d2f1b8,47,1790867460791
34ed3e,32,1790867460791
b9a5f6,32,1790781960791
2e3cea,49,1790781960791
7c53cb,29,1790867460791
19b318,52,1790867460791
9d9678,57,1790782860791
742252,23,1790781960791
e552e3,42,1790781960791
d36ba6,15,1790782860791
601b98,26,1790867460791
38a805,36,1790782860791
8ba310,40,1790781960791
047637,36,1790781960791
80bf00,26,1790781960791
409c1b,52,1790782860791
0f359a,36,1790781960791
1a2ecb,28,1790781960791
36258f,42,1790782860791
656b4a,59,1790781960791
82914e,58,1790782860791
c09710,33,1790867460791
4284af,38,1790867460791
e93be2,56,1790867460791
fb95d4,19,1790781960791
206416,27,1790782860791
191342,17,1790867460791
6188ca,48,1790867460791
0b3bf5,55,1790782860791
510660,54,1790781960791
408753,34,1790781960791
bf07b2,33,1790867460791
66d571,36,1790781960791
d4bb73,16,1790782860791
fb726a,33,1790782860791
ce924d,23,1790781960791
b57a9a,18,1790782860791
4d9c3e,23,1790782860791
d699ff,37,1790782860791
dd49ef,48,1790867460791
130af2,31,1790782860791
70c32b,41,1790781960791
e3a5ee,59,1790867460791
011b52,20,1790867460791
32a0c3,37,1790867460791
e46ab1,29,1790782860791
97382b,28,1790782860791
838ddc,38,1790867460791
8b2c23,54,1790867460791
9860da,47,1790781960791
51e824,37,1790782860791
610a3e,49,1790782860791
6f08f2,25,1790782860791
20208e,57,1790782860791
a864b6,21,1790867460791
260def,21,1790867460791
0d55dd,20,1790867460791
e8786a,17,1790867460791
315b1d,39,1790781960791
1da8c5,60,1790781960791
5c8750,52,1790782860791
a7f076,32,1790782860791
251b0b,21,1790781960791
5ab24b,19,1790782860791
e7bd9d,34,1790782860791
014526,31,1790782860791
16b74b,41,1790867460791
b686e1,37,1790782860791
622b0e,49,1790867460791
1eef0d,15,1790782860791
20dc81,18,1790781960791
478736,35,1790782860791
a4b1ad,35,1790781960791
1358a6,17,1790782860791
07a7de,59,1790782860791
bfc3b1,59,1790867460791
784c68,47,1790781960791
2d4552,25,1790781960791
9f8a82,57,1790781960791
70964e,17,1790781960791
c72324,22,1790781960791
5309fe,34,1790867460791
6db2d8,16,1790781960791
414c7c,55,1790782860791
9889be,24,1790782860791
a84bac,45,1790867460791
458530,53,1790867460791
26632a,41,1790867460791
55b673,60,1790781960791
4ad00c,30,1790782860791
b14728,25,1790782860791
b89ce3,20,1790781960791
2f2fd9,44,1790782860791
8a1f1c,40,1790867460791
75e86b,27,1790782860791
a2a1c5,60,1790867460791
561cf5,35,1790781960791
c22404,17,1790782860791
14cf80,32,1790867460791
3a8f81,52,1790782860791
cd11a5,54,1790867460791
f5bc23,54,1790782860791
500b0d,41,1790867460791
5a77c8,35,1790781960791
dc0742,29,1790782860791
7c4a6e,59,1790867460791
a1f424,52,1790781960791
f11244,30,1790867460791
bfd05f,36,1790867460791
368ba6,28,1790781960791
8fb901,59,1790867460791
923585,30,1790867460791
9d6e82,37,1790782860791
691b8a,56,1790781960791
6e86ba,40,1790867460791
16baf3,44,1790867460791
ddc2d9,35,1790867460791
5ca9ac,60,1790867460791
80c703,27,1790867460791
1bb8fc,33,1790782860791
a36a6a,56,1790781960791
6d96d3,60,1790782860791
1221df,29,1790867460791
2c1bc9,59,1790867460791
2b274f,57,1790782860791
4c5456,36,1790781960791
b6698f,45,1790867460791
1064f2,43,1790867460791
e8acd7,56,1790782860791
e1ce84,18,1790867460791
fc9ad3,20,1790867460791
b61076,28,1790781960791
617f10,24,1790867460791
9f146b,60,1790781960791
b1545a,35,1790781960791
cd4819,36,1790782860791
58a7ae,17,1790781960791
4af51b,16,1790782860791
59cb97,19,1790781960791
a0e68d,55,1790782860791
dbd3ee,26,1790781960791
43dd4f,44,1790867460791
a5be2e,49,1790782860791
19f668,41,1790782860791
80667c,56,1790781960791
fdfed0,55,1790781960791
c92ea3,60,1790782860791
8ff5a5,29,1790782860791
942bbc,39,1790867460791
7206bf,32,1790781960791
7f33a6,55,1790781960791
25af06,46,1790781960791
ad19f8,55,1790782860791
dd7817,51,1790782860791
fd726b,41,1790867460791
439faf,27,1790782860791
56eda9,43,1790782860791
b4c139,20,1790867460791
452534,31,1790782860791
4cfd2d,34,1790867460791
738e74,29,1790781960791
229574,57,1790781960791
a2c39b,54,1790782860791
21fe27,60,1790867460791
095784,18,1790781960791
f4f6fe,20,1790782860791
bc637c,48,1790782860791
d21327,26,1790781960791
99ffb8,40,1790781960791
a0c392,37,1790782860791
8b72aa,16,1790781960791
fbdd4c,27,1790782860791
05b347,16,1790781960791
b4b9f1,17,1790782860791
ef0fc9,24,1790782860791
6dc4bd,20,1790782860791
8985f0,27,1790867460791
eb4cc1,56,1790782860791
99af10,57,1790782860791
9a3fa4,43,1790781960791
1e276d,59,1790781960791
8f7624,41,1790867460791
c8f9b3,35,1790867460791
c5a251,31,1790782860791
e4dab5,21,1790867460791
e822f8,19,1790782860791
4df896,42,1790782860791
b66957,39,1790781960791
c76ea8,32,1790781960791
08d91b,60,1790781960791
758705,19,1790782860791
b8b2fe,46,1790867460791
0222f4,47,1790867460791
b7d94b,39,1790781960791
1e0981,56,1790867460791
c67300,17,1790782860791
94edd5,18,1790782860791
5c02b1,34,1790781960791
798812,52,1790781960791
0e393a,24,1790782860791
13c956,19,1790867460791
6b013e,49,1790782860791
459a67,47,1790867460791
014f8d,47,1790781960791
4c9185,29,1790867460791
da6d44,32,1790781960791
cebce3,47,1790867460791
90a393,24,1790867460791
6c7f81,26,1790867460791
1fede7,17,1790781960791
73747f,20,1790781960791
4d8aec,38,1790867460791
43b31b,56,1790782860791
33bc9e,55,1790782860791
591201,48,1790781960791
53a09a,51,1790782860791
584030,42,1790867460791
051a53,32,1790781960791
51ceeb,29,1790782860791
39a4f1,40,1790867460791
832efe,51,1790867460791
428124,27,1790782860791
952fca,57,1790782860791
018d8a,28,1790867460791
47d0b2,28,1790867460791
5475ff,19,1790781960791
c2e815,50,1790782860791
a804ec,23,1790782860791
f01e74,39,1790781960791
7d32e2,46,1790781960791
727ac4,40,1790781960791
65d1c8,59,1790867460791
c03ab5,58,1790867460791
fb91bf,19,1790867460791
0c7c26,34,1790867460791
89feb0,21,1790867460791
ce72f5,16,1790867460791
065550,40,1790781960791
9deaad,56,1790782860791
f075e7,55,1790867460791
36733f,25,1790781960791
d8d95b,46,1790781960791
75b8b7,49,1790867460791
79e1ff,40,1790867460791
5d1c33,37,1790782860791
e86569,40,1790867460791
e0abf4,41,1790781960791
db3dc7,37,1790782860791
f3de8f,15,1790781960791
cac49f,46,1790782860791
83ba2e,54,1790781960791
9b6b5c,26,1790782860791
483765,31,1790867460791
a2b9b5,19,1790781960791
591653,24,1790782860791
445687,35,1790782860791
e71f92,31,1790867460791
f62611,48,1790782860791
e3dc06,49,1790867460791
59150a,56,1790867460791
99fef1,21,1790781960791
c924e6,54,1790867460791
28630a,38,1790782860791
1f205b,44,1790782860791
3c6e77,52,1790781960791
c35ec7,21,1790867460791
e5816c,45,1790782860791
9058fe,22,1790781960791
790343,53,1790867460791
887bcd,60,1790781960791
203bf3,41,1790782860791
37242d,18,1790867460791
e37aee,44,1790782860791
d98dac,38,1790781960791
7ecadb,33,1790782860791
35c194,16,1790867460791
1b489e,20,1790867460791
0d2a5f,18,1790781960791
1ee1f2,44,1790782860791
68e64c,60,1790867460791
5ee5ef,20,1790781960791
36af52,39,1790867460791
25f01f,23,1790782860791
993683,50,1790867460791
f214bb,42,1790781960791
906414,44,1790781960791
2058bc,32,1790781960791
1c0ccc,16,1790781960791
1a78f2,19,1790781960791
ccd0c0,54,1790867460791
b43f56,55,1790867460791
c96796,26,1790867460791
033952,57,1790782860791
213e23,23,1790781960791
f3411b,55,1790867460791
783255,17,1790867460791
27c5a0,45,1790867460791
81c53b,31,1790782860791
5d35da,48,1790782860791
7213a6,51,1790781960791
37b57f,50,1790867460791
44146c,42,1790867460791
34eb0a,45,1790867460791
10306e,19,1790782860791
33a0aa,41,1790867460791
57c59d,31,1790781960791
133e79,44,1790782860791
86dcc4,46,1790782860791
e21fdd,47,1790781960791
fb4293,60,1790867460791
2962e2,56,1790781960791
a8602f,19,1790867460791
de40e1,20,1790867460791
ceab61,16,1790782860791
5c2ef5,20,1790782860791
c679ae,54,1790782860791
072ccd,41,1790782860791
235edf,54,1790782860791
5687ed,19,1790867460791
7cba6a,36,1790867460791
0e6779,27,1790782860791
16d4a1,29,1790781960791
5c4457,29,1790781960791
439669,36,1790781960791
e5ed2c,45,1790781960791
630d81,22,1790781960791
2c40a9,44,1790781960791
e0a804,48,1790781960791
dfa624,56,1790781960791
79d96a,41,1790781960791
13ebcc,59,1790867460791
c6a4c7,39,1790867460791
b2989f,18,1790781960791
410c13,24,1790782860791
55c301,15,1790867460791
4536b6,26,1790781960791
daecd1,58,1790782860791
54af06,52,1790781960791
c1c35f,28,1790781960791
0c2ee0,31,1790867460791
771ad3,39,1790782860791
f282e7,58,1790782860791
cde9ec,50,1790867460791
b55387,34,1790781960791
cf44f3,42,1790867460791
67e4cd,32,1790781960791
74df7a,40,1790867460791
3d2e48,42,1790781960791
9e8297,40,1790867460791
b46f81,24,1790781960791
03fbe8,59,1790781960791
5bdacb,46,1790781960791
055f7e,17,1790782860791
c5e51d,19,1790781960791
2088bd,30,1790867460791
6a3ff7,16,1790782860791
f40dc7,37,1790867460791
a7a3b8,56,1790867460791
547b1b,57,1790867460791
49d635,23,1790867460791
a6f442,35,1790781960791
b46727,34,1790867460791
3b2227,39,1790782860791
c06892,55,1790867460791
c7a6c5,54,1790781960791
74a41e,53,1790781960791
580d84,52,1790782860791
f654c0,17,1790867460791
9e76b5,37,1790867460791
a99b67,44,1790867460791
dcc267,59,1790781960791
18bd58,20,1790782860791
3399a9,45,1790867460791
6a0a53,45,1790782860791
1e8aad,16,1790867460791
a7bd29,57,1790782860791
a6f786,15,1790782860791
4ac549,48,1790782860791
6b421d,18,1790782860791
6ef5cc,33,1790782860791
356ffe,32,1790781960791
83a4d8,59,1790781960791
02e9e0,52,1790782860791
38608a,40,1790867460791
7e7b99,54,1790867460791
696cd2,16,1790867460791
81e372,19,1790781960791
8a09dc,46,1790782860791
65abd3,57,1790782860791
a391e0,47,1790782860791
27117e,39,1790781960791
9772d9,48,1790781960791
39117c,32,1790781960791
1acdf0,20,1790867460791
783ade,35,1790782860791
291608,28,1790867460791
08dd26,32,1790782860791
af7962,25,1790867460791
031e61,36,1790781960791
2e1f05,33,1790867460791
bf0ba4,33,1790782860791
27314c,50,1790782860791
60c4ec,32,1790782860791
2b6ab1,18,1790782860791
d35e96,28,1790782860791
9908b9,51,1790867460791
6688bf,46,1790781960791
e80a48,27,1790781960791
3266d4,56,1790782860791
983c60,51,1790867460791
364b01,38,1790781960791
0002fe,30,1790782860791
e50058,58,1790781960791
c2eedf,29,1790867460791
01df20,32,1790867460791
f608f1,32,1790867460791
298e5b,28,1790782860791
2a8b98,36,1790782860791
78d7bd,40,1790781960791
6a56ec,38,1790781960791
255c12,42,1790867460791
b6b370,49,1790867460791
81e6db,49,1790867460791
8d4d50,52,1790781960791
db5f42,57,1790782860791
c9db67,49,1790782860791
9d0de1,38,1790867460791
38339f,20,1790781960791
6dc63b,43,1790781960791
ef7610,40,1790781960791
b97e7b,36,1790781960791
e5511d,45,1790867460791
a81848,30,1790781960791
3aa751,55,1790781960791
8a8c96,24,1790867460791
23d594,29,1790781960791
867dc9,60,1790867460791
cd3141,23,1790781960791
e1c8a6,49,1790782860791
dd1c9f,56,1790782860791
2bc6ce,26,1790781960791
d4d1c9,26,1790782860791
8efdd8,32,1790867460791
e1c515,39,1790782860791
4bec0c,24,1790867460791
91e79c,45,1790867460791
35f267,50,1790781960791
5ab978,24,1790867460791
4d914e,42,1790781960791
a9bf34,52,1790782860791
a0bac8,46,1790782860791
772450,27,1790781960791
3974ff,59,1790782860791
8f115f,52,1790781960791
7ec773,18,1790867460791
dbe454,46,1790781960791
8a5315,17,1790781960791
c7aa5c,36,1790782860791
e7c585,26,1790867460791
a5e19a,48,1790867460791
70e3d6,32,1790781960791
6d767a,47,1790782860791
4de197,15,1790867460791
15cbb5,17,1790781960791
b5a0a7,38,1790782860791
e09a95,44,1790782860791
b08369,29,1790782860791
8cffbe,17,1790781960791
66bc8b,36,1790782860791
645698,22,1790867460791
ef378c,59,1790781960791
0a1152,35,1790781960791
ab6d55,43,1790781960791
b66c29,37,1790867460791
0e4ff4,24,1790782860791
634d8c,23,1790781960791
b72d61,18,1790867460791
87f5e6,58,1790867460791
53e541,37,1790867460791
bf8692,26,1790781960791
b87f40,48,1790781960791
9ef986,24,1790781960791
e47063,56,1790867460791
0e7e35,40,1790781960791
0b3567,43,1790782860791
490d43,49,1790782860791
a986e0,48,1790867460791
118dfd,29,1790782860791
4ea3fe,55,1790782860791
9ffc51,24,1790781960791
4afc7e,37,1790867460791
8cfd71,40,1790781960791
e235a6,51,1790867460791
f1ebe2,34,1790781960791
53b8f1,42,1790781960791
d9b54b,35,1790782860791
7e79a6,41,1790867460791
8186a8,59,1790782860791
0ca0f4,22,1790867460791
d9febe,55,1790781960791
e32807,43,1790867460791
be9ea3,58,1790781960791
e9fe1b,24,1790867460791
0542ec,26,1790781960791
4019ae,24,1790781960791
998736,21,1790782860791
19d630,49,1790781960791
aa075e,28,1790781960791
4bb721,21,1790782860791
d41ea1,51,1790782860791
7ed7e5,54,1790867460791
324a6f,22,1790782860791
d51349,32,1790867460791
4852e3,58,1790867460791
3536fb,55,1790781960791
ac75f4,16,1790782860791
65865d,43,1790782860791
c416e5,47,1790781960791
32d7c0,49,1790867460791
57dad9,57,1790867460791
4f6b15,32,1790782860791
ca4f79,47,1790781960791
f43130,44,1790782860791
8fee70,25,1790867460791
f23d31,21,1790867460791
a52e1f,45,1790782860791
b8a7ab,24,1790781960791
002f96,42,1790867460791
1b904c,44,1790867460791
b015dc,49,1790782860791
35679a,48,1790781960791
a66c66,55,1790782860791
afb0ed,21,1790781960791
867b2e,28,1790781960791
5169a1,38,1790781960791
7d8e9c,39,1790781960791
2be97b,40,1790782860791
293419,56,1790867460791
475c58,22,1790782860791
0709a3,45,1790867460791
3bb7f1,21,1790782860791
66f8dd,25,1790782860791
a54a97,37,1790781960791
5e75b0,51,1790867460791
ddb05e,21,1790782860791
f1456f,24,1790781960791
38a0d4,57,1790782860791
db26ea,43,1790781960791
00914c,60,1790782860791
c4de53,51,1790867460791
d15c47,32,1790782860791
3a84ab,53,1790867460791
2f38a1,49,1790782860791
e98abf,49,1790781960791
ea6fad,56,1790781960791
db8d76,48,1790782860791
0afdd8,52,1790781960791
962742,16,1790867460791
c9cd70,37,1790782860791
6c2cd8,44,1790867460791
a81f10,36,1790782860791
f2e8ef,53,1790781960791
2643ec,42,1790782860791
3ad3d1,29,1790782860791
1f3496,22,1790781960791
6217c7,40,1790781960791
99d095,41,1790781960791
b1a4a6,55,1790782860791
9f3e3a,53,1790782860791
6e7e32,54,1790781960791
81b8a5,51,1790781960791
fc9452,27,1790782860791
8036ec,15,1790782860791
aa4940,28,1790782860791
5c3bdf,19,1790867460791
d7ac27,46,1790867460791
3fbbf0,44,1790781960791
d12714,31,1790782860791
fe12ff,53,1790867460791
5ccc55,49,1790781960791
666f34,21,1790782860791
9715f8,28,1790782860791
48724f,34,1790782860791
32716c,44,1790867460791
e0ab3d,23,1790781960791
fd4303,53,1790782860791
fbd2bf,30,1790867460791
a37361,54,1790781960791
275536,49,1790782860791
9b0fa3,60,1790781960791
c54b2f,30,1790781960791
4440e7,21,1790782860791
ad493b,30,1790782860791
27a98a,45,1790782860791
39ea2f,53,1790781960791
734341,35,1790867460791
02b908,18,1790782860791
81c6d4,48,1790781960791
f35766,46,1790781960791
7409b5,29,1790782860791
481327,55,1790781960791
c57d64,44,1790867460791
ac76d7,57,1790867460791
ae2ea6,25,1790867460791
b4216b,52,1790867460791
0debaf,17,1790781960791
d1bc92,51,1790782860791
e697b9,29,1790782860791
488114,58,1790781960791
51095b,22,1790781960791
69fc62,52,1790781960791
dab751,41,1790781960791
c9138f,33,1790867460791
5d3a84,58,1790782860791
426edc,47,1790781960791
da27b8,25,1790782860791
d2d12f,16,1790781960791
3c8360,17,1790781960791
01bd85,16,1790867460791
775764,31,1790867460791
5e428e,32,1790867460791
0ba28d,30,1790867460791
a700fd,41,1790782860791
993041,32,1790867460791
747fef,39,1790781960791
33a351,32,1790867460791
bb6f9e,19,1790782860791
0620ea,38,1790782860791
c5b761,16,1790781960791
07b55b,42,1790781960791
350d81,27,1790782860791
b51732,39,1790867460791
465428,37,1790867460791
cf1208,27,1790867460791
bc12a9,29,1790867460791
dbd9f8,35,1790781960791
143a62,40,1790782860791
5e1b51,20,1790782860791
b79acc,41,1790867460791
5c5b04,21,1790867460791
72be81,17,1790867460791
db6b88,41,1790867460791
fd28ed,21,1790867460791
7bd60d,46,1790782860791
ec9c48,45,1790781960791
9973bc,55,1790867460791
d92c22,16,1790782860791
3657ca,35,1790782860791
422c88,25,1790867460791
257e9b,25,1790781960791
bb08c9,20,1790867460791
075365,28,1790867460791
97fecf,58,1790867460791
34dd01,20,1790782860791
6dba5d,15,1790781960791
f34286,47,1790781960791
c52717,22,1790781960791
ee3b19,56,1790782860791
177cb9,26,1790782860791
615334,29,1790782860791
4b8da1,58,1790781960791
a4e9a6,25,1790781960791
5e83a5,15,1790781960791
0ffe07,51,1790781960791
6a4431,41,1790782860791
725549,27,1790781960791
4ea511,17,1790782860791
8e7816,42,1790867460791
535d02,42,1790782860791
29fdd6,33,1790867460791
db967e,21,1790782860791
2377d1,53,1790782860791
529ad7,32,1790867460791
a7d58b,20,1790867460791
6db7d3,16,1790781960791
109cd0,31,1790782860791
6c5ed0,47,1790867460791
24e1d4,21,1790782860791
d6c00d,23,1790782860791
2583e6,18,1790782860791
7089bc,52,1790867460791
2357a6,24,1790867460791
ad0da9,40,1790782860791
099834,57,1790781960791
b13445,39,1790782860791
46fb78,15,1790867460791
ffe80c,16,1790782860791
87e667,24,1790867460791
fa58dd,47,1790782860791
c40ebd,37,1790782860791
5fd57c,30,1790782860791
20cb88,48,1790782860791
b9bfba,20,1790781960791
6828b1,37,1790782860791
9b380b,45,1790781960791
baa32f,24,1790782860791
b90bf1,53,1790782860791
c8bb50,35,1790781960791
5126e5,44,1790781960791
a7c433,32,1790867460791
b244b7,49,1790781960791
8bd979,32,1790781960791
4cd715,41,1790867460791
7d5e60,55,1790867460791
e2e6f3,28,1790782860791
17a2c9,34,1790782860791
88818c,55,1790867460791
797dfe,19,1790781960791
93e0fc,51,1790867460791
e496fc,33,1790867460791
738951,44,1790781960791
341b3c,32,1790782860791
a62091,41,1790781960791
64d2bf,41,1790867460791
8d4381,58,1790782860791
9c3186,29,1790781960791
94e8b1,55,1790781960791
c05edb,40,1790782860791
c2b23e,31,1790782860791
347349,51,1790782860791
822175,47,1790867460791
766ebc,31,1790781960791
5a9c87,15,1790867460791
97ed24,21,1790782860791
0870d1,18,1790867460791
fcbb18,34,1790781960791
9ac1dc,26,1790782860791
d1f597,52,1790867460791
9847c9,44,1790781960791
17e2ab,57,1790867460791
bd9d5a,60,1790782860791
5560a9,16,1790782860791
2f8faf,58,1790782860791
1278e8,24,1790867460791
3d5d6a,29,1790867460791
bb4127,31,1790782860791
af5d1e,41,1790867460791
16b6cb,26,1790867460791
03b1cf,30,1790782860791
a13b4c,39,1790781960791
2f86a0,33,1790867460791
36fad4,49,1790782860791
f4908d,16,1790782860791
934388,17,1790781960791
ee9676,39,1790782860791
e6b700,58,1790782860791
35dd5c,57,1790781960791
a618b3,43,1790867460791
5e36e6,34,1790782860791
de14f7,39,1790781960791
d69681,39,1790782860791
ed17c3,20,1790781960791
aedc42,57,1790782860791
e5c7ac,33,1790781960791
f9a975,29,1790782860791
e1ed12,56,1790867460791
1d29f8,15,1790782860791
f34d68,15,1790782860791
9be3c2,59,1790867460791
c2c8e8,52,1790867460791
051416,56,1790782860791
910934,31,1790781960791
dbe6f3,28,1790782860791
dd23f1,51,1790782860791
0850c9,25,1790782860791
b9a61d,56,1790781960791
f90714,24,1790782860791
fb15f0,42,1790867460791
f59494,50,1790781960791
b37c3e,60,1790867460791
b41f74,51,1790781960791
06177e,35,1790867460791
72bff4,41,1790867460791
629518,35,1790781960791
abe15e,32,1790781960791
2df97e,41,1790781960791
13abc4,56,1790781960791
dd9ede,60,1790867460791
b94326,60,1790781960791
511963,16,1790867460791
7f7d49,45,1790867460791
be337f,60,1790782860791
78b112,21,1790782860791
29ea92,58,1790782860791
9d0407,34,1790867460791
ae4f83,58,1790782860791
2202aa,41,1790781960791
7181d6,59,1790867460791
7de4de,19,1790781960791
c32e6b,29,1790782860791
c9175f,17,1790867460791
e0a36d,47,1790781960791
1b3007,36,1790782860791
39df13,41,1790782860791
954e64,26,1790781960791
26bb8d,32,1790781960791
f2a622,45,1790782860791
984417,35,1790781960791
7f0b56,37,1790782860791
03d003,48,1790867460791
dd37c7,54,1790781960791
f7f5f3,35,1790781960791
cdb831,42,1790867460791
52a7ab,37,1790781960791
a8806f,39,1790782860791
2dd926,40,1790867460791
0c20e7,27,1790781960791
7d13fa,31,1790782860791
b2032b,46,1790782860791
1040d7,45,1790782860791
138006,47,1790867460791
96a718,32,1790867460791
1a77b8,40,1790781960791
8fe8d7,51,1790782860791
bb3dcf,40,1790781960791
165f16,42,1790867460791
e3e241,44,1790781960791
ed8fbf,15,1790782860791
783c5c,45,1790781960791
80366b,31,1790867460791
c2d11f,45,1790781960791
209c1e,39,1790782860791
db3f85,54,1790781960791
4cd691,48,1790782860791
85bbd1,42,1790782860791
c6e3ad,22,1790867460791
12b423,19,1790782860791
92dd49,40,1790782860791
a2b1c1,41,1790867460791
e3d499,43,1790867460791
26bad6,33,1790867460791
d9e372,44,1790867460791
23d431,50,1790867460791
15790c,28,1790781960791
cb74cc,21,1790867460791
20d94c,31,1790781960791
94e7a5,56,1790782860791
741173,21,1790781960791
5650ba,15,1790782860791
a81e8d,41,1790782860791
afb878,22,1790782860791
8183c8,57,1790867460791
5465b0,42,1790781960791
6c4558,27,1790781960791
897738,29,1790781960791
d5a488,17,1790782860791
5f3a53,56,1790781960791
6a0394,49,1790781960791
d48a8a,29,1790782860791
dcb5c0,24,1790867460791
613d36,49,1790782860791
536e53,21,1790781960791
d3118d,25,1790867460791
b8e149,37,1790782860791
df3662,20,1790782860791
8b11a2,35,1790781960791
0f384e,54,1790781960791
006d81,30,1790867460791
0cbc40,33,1790781960791
867806,54,1790781960791
76d9bb,51,1790782860791
fe8b5e,40,1790781960791
a06083,17,1790867460791
d6895d,20,1790867460791
eb3180,23,1790867460791
bd9aaf,37,1790781960791
117bb6,27,1790781960791
45a693,35,1790867460791
e0e9f7,36,1790867460791
efcd26,47,1790781960791
c0f7b6,53,1790781960791
90848c,49,1790782860791
e3b51a,29,1790782860791
d7fdfd,16,1790867460791
1de3d0,60,1790781960791
603ab9,58,1790781960791
6d5b02,34,1790781960791
87a09c,15,1790867460791
a6d10d,51,1790781960791
93c442,42,1790781960791
0b9269,56,1790781960791
d45354,55,1790782860791
cc819a,39,1790781960791
4f0f07,48,1790781960791
8e05b0,48,1790867460791
f1f0c1,15,1790867460791
218f81,32,1790867460791
841990,58,1790782860791
aaafc7,29,1790867460791
6083c3,45,1790782860791
b2c395,51,1790781960791
0e2914,24,1790782860791
4eefeb,48,1790867460791
f3a901,15,1790781960791
5e9b17,22,1790867460791
695eb7,20,1790782860791
d2d1a3,15,1790867460791
f3c259,50,1790867460791
320f4b,33,1790782860791
2c0c9a,41,1790867460791
1d633c,38,1790867460791
b47b36,51,1790782860791
58b07c,37,1790782860791
f5ce33,16,1790781960791
ad6c02,28,1790867460791
725c6c,29,1790781960791
288a4e,40,1790781960791
148f77,32,1790782860791
6d8790,44,1790867460791
9e610c,17,1790781960791
8c2c5d,25,1790781960791
5abf08,57,1790781960791
8a462c,51,1790782860791
ae31fa,55,1790867460791
c6ea7c,45,1790782860791
f8f3fd,39,1790867460791
5041e8,59,1790867460791
9d06b5,15,1790867460791
ffd5cc,15,1790782860791
11b25c,44,1790782860791
1f9147,40,1790867460791
ccdd48,33,1790781960791
8f2e39,25,1790781960791
4f1caa,25,1790867460791
cc696f,47,1790867460791
25de41,30,1790782860791
eed114,20,1790781960791
3a21d3,42,1790781960791
9cf748,32,1790782860791
3ddcee,42,1790867460791
dc0289,27,1790782860791
a4a9db,15,1790781960791
bb3feb,16,1790782860791
22cf5e,23,1790782860791
16b0c9,46,1790781960791
687d30,22,1790867460791
b1a384,44,1790867460791
17622f,15,1790867460791
936d48,52,1790781960791
ab1321,49,1790781960791
a03750,42,1790781960791
41073c,35,1790782860791
ba6a33,55,1790782860791
5939c4,22,1790867460791
f9fd2a,58,1790867460791
c72a5b,24,1790867460791
16ac07,38,1790781960791
046c4e,54,1790782860791
db19e6,50,1790782860791
03c68d,21,1790781960791
06b75f,18,1790781960791
5cf4aa,30,1790782860791
8a53fc,18,1790781960791
f8992c,50,1790781960791
59fd85,38,1790867460791
ed9bc7,58,1790867460791
09d44e,37,1790867460791
f36fee,60,1790867460791
822c42,44,1790867460791
3e4365,59,1790867460791
cf2ec8,48,1790782860791
d56345,39,1790781960791
174a17,16,1790782860791
ef36b1,50,1790782860791
275818,47,1790781960791
986f2c,53,1790782860791
eb54f5,53,1790867460791
64232a,17,1790781960791
7530f1,33,1790782860791
ac154d,40,1790867460791
9f9729,49,1790867460791
f3412d,40,1790867460791
a00e78,24,1790867460791
3f103c,32,1790781960791
605e5d,52,1790867460791
bcaeeb,16,1790782860791
79b7c7,52,1790782860791
6a2c51,29,1790782860791
292ebd,34,1790867460791
8b4e80,52,1790782860791
50be29,16,1790781960791
049bc2,55,1790781960791
e32e6e,24,1790782860791
7b9fc3,56,1790782860791
5e1874,18,1790867460791
d6c48f,45,1790782860791
16dae2,25,1790781960791
1f9a2e,41,1790782860791
1d887d,35,1790782860791
7e74e9,28,1790867460791
8f87e0,45,1790867460791
3cde2f,60,1790782860791
8245af,18,1790781960791
8b762e,16,1790782860791
5d8465,36,1790782860791
757987,36,1790782860791
b01d2b,23,1790781960791
4ea41c,39,1790781960791
3fc439,29,1790782860791
f686f7,53,1790781960791
e301c7,20,1790867460791
2af09f,33,1790781960791
b3875e,23,1790867460791
9f01c4,26,1790781960791
7201ec,38,1790782860791
f3b877,34,1790782860791
ee5595,22,1790782860791
de4455,60,1790781960791
d85a4f,20,1790782860791
7ac15c,15,1790867460791
d9ecb2,16,1790867460791
dc8309,39,1790781960791
8ca5c7,45,1790781960791
4ced81,46,1790782860791
808ad0,21,1790867460791
30ddda,21,1790782860791
4da836,43,1790782860791
b339d6,15,1790781960791
e21536,50,1790867460791
696ddf,27,1790781960791
7b6215,34,1790781960791
f4e84c,25,1790782860791
e92a09,29,1790867460791
cf1b1d,20,1790781960791
229666,15,1790781960791
7a88f1,30,1790781960791
cb8426,60,1790782860791
f116f6,38,1790867460791
995bdf,22,1790781960791
60a630,18,1790782860791
62c864,49,1790781960791
1b8215,35,1790781960791
6bbb5b,54,1790781960791
be150a,36,1790867460791
28f8a3,17,1790782860791
86c6e3,19,1790782860791
28116b,29,1790781960791
a33781,39,1790781960791
b518d7,42,1790782860791
d22297,59,1790782860791
02078d,51,1790781960791
3c100e,20,1790781960791
e00cf3,59,1790782860791
e26c72,59,1790782860791
e0aace,46,1790781960791
c4dac0,36,1790782860791
3e4ec4,16,1790867460791
a256f0,46,1790781960791
b88ed0,16,1790782860791
3eec80,24,1790867460791
21662d,54,1790781960791
d0376c,28,1790782860791
34ed3d,25,1790781960791
9c6da4,44,1790781960791
14ba89,19,1790867460791
c59750,58,1790781960791
960d41,48,1790781960791
9d2c4c,40,1790781960791
bd872d,42,1790781960791
7247fa,16,1790782860791
70fc53,59,1790781960791
7840ca,27,1790867460791
5aed4f,37,1790867460791
526d21,48,1790781960791
c9b62d,27,1790782860791
9702a4,44,1790782860791
225323,53,1790867460791
98a932,17,1790867460791
741f9b,58,1790782860791
c47d5f,33,1790782860791
f9418b,58,1790867460791
35504a,18,1790867460791
f966b4,20,1790781960791
092645,47,1790867460791
2829ca,49,1790782860791
303147,51,1790782860791
789c57,34,1790782860791
edaf5d,29,1790867460791
9310f4,32,1790781960791
7326f0,27,1790781960791
0b33f9,43,1790782860791
56d7a1,44,1790867460791
fb50fe,34,1790867460791
7138c4,41,1790781960791
fd69a9,35,1790781960791
368e4d,21,1790867460791
c288d0,43,1790867460791
132d10,34,1790867460791
8933e1,48,1790781960791
7ee305,49,1790782860791
d318a9,51,1790781960791
cf427f,31,1790781960791
76409b,29,1790781960791
45d9b5,46,1790867460791
203f25,20,1790867460791
27feef,60,1790781960791
5b6c43,33,1790781960791
bc197d,45,1790867460791
14e697,20,1790867460791
54a969,45,1790867460791
fc82bd,37,1790781960791
104b31,26,1790781960791
d8ef60,44,1790782860791
669893,33,1790781960791
fbf57a,56,1790781960791
8e7dbb,23,1790781960791
a27d13,51,1790782860791
6fb925,16,1790867460791
d8caa5,41,1790782860791
93eafe,31,1790782860791
453e9d,37,1790867460791
414922,46,1790781960791
b2bd56,59,1790867460791
280415,46,1790867460791
f6e4e2,16,1790782860791
61feaa,42,1790782860791
1cc8ef,37,1790782860791
843856,33,1790782860791
f33134,37,1790782860791
1d86c3,28,1790867460791
62f5ef,39,1790782860791
017cbf,33,1790867460791
bd74e3,48,1790781960791
0afe18,57,1790867460791
a7ee83,19,1790781960791
b97d40,22,1790781960791
b2fd22,27,1790781960791
637980,33,1790781960791
240d5a,24,1790867460791
33edc2,34,1790781960791
97f9cf,45,1790782860791
c95761,23,1790867460791
bde916,41,1790867460791
672398,50,1790781960791
b512e8,59,1790781960791
c9af7b,60,1790781960791
6a2dcb,38,1790867460791
dea092,30,1790781960791
01e333,58,1790867460791
5ca7a9,60,1790782860791
9e7556,47,1790782860791
24ef84,32,1790782860791
acb34f,34,1790782860791
cd9da1,37,1790867460791
e533dd,36,1790782860791
78f547,46,1790781960791
a1c38c,27,1790781960791
022a4b,39,1790781960791
65ca1e,49,1790867460791
e3e080,34,1790867460791
46dbbb,23,1790782860791
368337,25,1790867460791
53195e,43,1790781960791
212303,18,1790867460791
190e15,17,1790781960791
1cbfd3,38,1790867460791
6751d8,44,1790867460791
5a7a84,22,1790782860791
019236,18,1790782860791
326136,52,1790782860791
d275da,36,1790782860791
054576,60,1790867460791
597d65,32,1790781960791
d65a89,44,1790782860791
17e977,37,1790781960791
1f8967,29,1790781960791
1b9646,60,1790782860791
5905dd,41,1790782860791
4711f9,35,1790782860791
82d92a,35,1790782860791
d68954,59,1790867460791
e3564d,32,1790782860791
49dbde,45,1790867460791
1b1c92,60,1790782860791
76345b,35,1790781960791
d1d45e,33,1790782860791
054040,47,1790782860791
647079,33,1790867460791
f37831,38,1790867460791
f4348b,27,1790782860791
82f63c,54,1790781960791
f7378f,18,1790867460791
656448,41,1790781960791
79f4f8,31,1790781960791
f5b988,41,1790782860791
30000d,32,1790781960791
13bea9,23,1790782860791
93fbb8,20,1790782860791
0b86f7,60,1790781960791
c1f1c0,25,1790781960791
5ecdc9,36,1790782860791
725a0e,51,1790867460791
1a2623,45,1790782860791
4f8a39,58,1790867460791
74c756,37,1790867460791
62a004,18,1790867460791
8fe079,56,1790867460791
410ec0,56,1790781960791
2cc8e9,54,1790781960791
d9337a,46,1790781960791
3528c2,23,1790782860791
35d081,57,1790781960791
cd729f,29,1790867460791
e0eea0,32,1790782860791
ecf533,29,1790781960791
5ff6ce,42,1790782860791
bd9d46,15,1790781960791
70376c,25,1790781960791
5f41a3,15,1790867460791
5ce75a,57,1790867460791
fbecf8,26,1790782860791
079e21,51,1790782860791
c69849,40,1790782860791
0c715d,17,1790867460791
da9688,59,1790867460791
9a784f,26,1790781960791
a4ed5b,17,1790867460791
23c9f9,42,1790782860791
b02ab4,57,1790781960791
189673,27,1790782860791
c11d05,48,1790782860791
6c15cd,53,1790782860791
fdbf8f,33,1790867460791
9b8280,49,1790782860791
42dc74,29,1790781960791
1a45ed,24,1790867460791
227c1b,51,1790867460791
bd9ccf,18,1790867460791
8b6d41,28,1790782860791
449cbd,32,1790781960791
4e723a,31,1790782860791
00fec1,52,1790782860791
37f83d,20,1790867460791
78fa84,48,1790782860791
b31c27,47,1790781960791
4bd77f,23,1790867460791
917eb5,60,1790867460791
1cca49,41,1790781960791
9ba483,50,1790781960791
c6887a,34,1790781960791
3012e8,47,1790867460791
35a259,59,1790867460791
f11d65,41,1790782860791
6d2284,29,1790782860791
d64e80,15,1790867460791
e4e7d0,56,1790867460791
3e79b8,32,1790867460791
7e3bf8,19,1790782860791
e08e22,30,1790782860791
204ee1,29,1790867460791
bacd68,36,1790782860791
5e9723,31,1790781960791
62bee2,26,1790781960791
45bcd2,26,1790782860791
316cae,34,1790782860791
f22732,30,1790781960791
ee1860,18,1790782860791
8c9823,22,1790781960791
aee9fe,17,1790782860791
d8939b,25,1790782860791
052006,58,1790867460791
19dc98,38,1790867460791
de35f5,44,1790781960791
0f8a4d,57,1790782860791
4ad12c,18,1790782860791
59d084,16,1790781960791
f6c075,50,1790781960791
7821c1,60,1790867460791
911fc6,49,1790781960791
cff4a8,17,1790867460791
d9d1fb,48,1790867460791
4b3028,29,1790782860791
866081,16,1790782860791
159482,48,1790782860791
ca611f,45,1790781960791
135ebc,52,1790782860791
db436f,45,1790781960791
76d4ee,52,1790867460791
80c92a,27,1790782860791
6aff45,47,1790781960791
5e81b7,21,1790867460791
0657c9,43,1790781960791
5f9244,35,1790781960791
ecb05e,15,1790867460791
0f6730,33,1790781960791
a184df,44,1790782860791
23b3b6,15,1790782860791
57abe1,58,1790782860791
3b3d79,42,1790867460791
c62af9,19,1790781960791
650f0f,30,1790781960791
1113a3,16,1790782860791
2666dc,35,1790781960791
e8aa75,30,1790781960791
fb6489,58,1790782860791
66a09c,60,1790782860791
06cb0f,37,1790867460791
63625f,24,1790782860791
4a2031,20,1790781960791
203f30,55,1790781960791
f41e97,58,1790867460791
888107,43,1790867460791
b6a218,42,1790782860791
fdefed,29,1790782860791
743f25,19,1790781960791
8e0c37,16,1790867460791
31f403,31,1790781960791
78a03c,37,1790782860791
76a21f,25,1790867460791
ecf37a,50,1790781960791
c2ebed,40,1790867460791
9cb912,49,1790782860791
f7618e,47,1790867460791
b055d1,39,1790781960791
23b223,51,1790781960791
354830,40,1790782860791
eb83e7,36,1790867460791
a74c4e,38,1790867460791
6d3a51,54,1790782860791
f6c8b9,29,1790782860791
a094e5,44,1790782860791
3e5c4d,46,1790867460791
648fc5,57,1790782860791
2e1801,31,1790782860791
1346af,59,1790867460791
807da2,56,1790782860791
687485,23,1790781960791
9a482f,31,1790782860791
8f85a2,33,1790781960791
97bf59,18,1790782860791
e7ece6,55,1790782860791
961dd5,41,1790782860791
d6144b,24,1790781960791
c89291,38,1790782860791
1d05e5,56,1790867460791
5ab8a5,43,1790781960791
4b8db1,42,1790782860791
e6aed0,42,1790867460791
dca41f,54,1790782860791
532ebc,57,1790782860791
55cf40,37,1790867460791
0088e6,34,1790781960791
3fe08c,26,1790782860791
3615d9,30,1790867460791
a5066b,44,1790867460791
33a456,25,1790781960791
c001fc,27,1790781960791
4f1df6,44,1790867460791
b378cc,32,1790782860791
b5f301,42,1790782860791
2f5671,29,1790867460791
a18dd0,25,1790867460791
478e2c,33,1790782860791
d27796,24,1790867460791
b315c9,58,1790782860791
4274d6,19,1790782860791
d6a6e5,31,1790781960791
ba9fa3,20,1790781960791
b1e0ba,41,1790782860791
32eb11,20,1790782860791
614fb7,15,1790782860791
78e976,47,1790867460791
113c0e,58,1790782860791
941741,39,1790782860791
e8345c,36,1790867460791
236323,35,1790781960791
2e80ac,18,1790782860791
669879,53,1790782860791
4dff7f,25,1790781960791
3ac0a6,17,1790867460791
1f11e7,25,1790782860791
8ded07,59,1790781960791
e3eb02,59,1790781960791
8d5cb4,20,1790867460791
dcb31d,45,1790781960791
8df363,41,1790867460791
4328b7,33,1790782860791
90f83e,17,1790782860791
2e01a7,58,1790867460791
6d30b7,28,1790867460791
124ac5,53,1790781960791
2dc93d,36,1790781960791
dfd839,32,1790782860791
20f662,46,1790782860791
6d1cd1,31,1790867460791
64697f,36,1790781960791
790f4d,56,1790781960791
18ee50,31,1790781960791
0e17b0,29,1790867460791
9a7752,56,1790867460791
541681,46,1790781960791
3126e0,55,1790782860791
df2b2b,52,1790782860791
942ed6,40,1790867460791
21c554,44,1790867460791
9785cd,57,1790781960791
86e5a2,18,1790867460791
b05b20,60,1790867460791
f3e309,20,1790867460791
f82033,25,1790782860791
18531e,50,1790781960791
38eca0,22,1790781960791
546fee,49,1790781960791
9cd50a,49,1790782860791
659601,51,1790867460791
9e76ca,27,1790782860791
c0b543,59,1790867460791
30993d,31,1790782860791
f04e56,30,1790782860791
37f9d4,29,1790782860791
a39a0b,24,1790781960791
49fa25,34,1790782860791
dd340a,24,1790781960791
137f3b,51,1790867460791
237c14,35,1790867460791
c3c200,57,1790781960791
efee44,20,1790781960791
95cd9b,55,1790782860791
720bd1,58,1790867460791
4ca725,43,1790867460791
3e5016,50,1790867460791
16c9ce,34,1790781960791
59f88c,40,1790782860791
92f8c2,31,1790781960791
fc0e64,24,1790781960791
08d997,46,1790782860791
90c1c3,42,1790782860791
c402b3,51,1790867460791
2d87aa,54,1790782860791
e0dd24,46,1790782860791
481519,54,1790867460791
1221c7,51,1790781960791
8ad78b,24,1790867460791
0618d4,34,1790781960791
dd0670,58,1790867460791
ec3b65,50,1790867460791
6a87bd,21,1790782860791
11c6cb,54,1790782860791
24fd23,41,1790867460791
fe360e,19,1790781960791
f52be9,27,1790867460791
b0b22b,40,1790867460791
dede0b,57,1790781960791
35acd1,51,1790782860791
ffebb6,40,1790781960791
4f1723,54,1790782860791
f39c9f,33,1790867460791
6c4df4,56,1790867460791
922d53,29,1790781960791
c479a5,34,1790782860791
0bb246,35,1790781960791
929580,51,1790867460791
b37a64,53,1790781960791
dae978,56,1790867460791
bdc67d,55,1790782860791
d35abf,20,1790781960791
a49f08,28,1790782860791
7e1849,23,1790781960791
a0bd07,16,1790781960791
2aa1bc,36,1790867460791
2200ac,25,1790781960791
1d3a1b,42,1790781960791
5f7115,16,1790867460791
303651,15,1790782860791
e3ef38,58,1790781960791
4f8c4f,34,1790782860791
25da1c,28,1790782860791
656253,32,1790782860791
fa9570,25,1790781960791
f26a3c,20,1790867460791
13594d,17,1790782860791
c0d347,30,1790781960791
9ac14d,58,1790867460791
16c438,48,1790781960791
ad99d8,51,1790867460791
cf15b7,53,1790782860791
a8e0d2,55,1790782860791
8fa18a,42,1790782860791
687b22,52,1790867460791
df2775,34,1790867460791
b04763,59,1790867460791
757418,24,1790781960791
31d7ce,22,1790867460791
cbcbb2,33,1790781960791
aeff05,33,1790867460791
698145,19,1790781960791
a49ec5,48,1790781960791
1a9287,43,1790781960791
2371f9,31,1790867460791
d8c8f7,41,1790782860791
1e60e7,39,1790782860791
9c490f,56,1790781960791
56ec48,46,1790782860791
0221df,16,1790867460791
32244a,22,1790867460791
f428fa,25,1790782860791
6de0a9,55,1790782860791
7d6b11,55,1790782860791
21c308,42,1790782860791
5fc945,37,1790782860791
330931,35,1790867460791
da9c2a,21,1790781960791
4430c3,30,1790782860791
159d29,29,1790781960791
857db5,18,1790867460791
ae3cd6,49,1790867460791
324e87,29,1790782860791
0103fc,45,1790867460791
a75779,28,1790782860791
c98102,48,1790781960791
13bbc9,59,1790867460791
f4df46,51,1790867460791
fe1779,52,1790867460791
42ed91,60,1790781960791
30086e,59,1790782860791
6e7210,57,1790782860791
79acfe,35,1790782860791
144da4,22,1790781960791
65bb69,23,1790867460791
f4f030,37,1790782860791
aae1a1,23,1790781960791
d11364,20,1790782860791
511d0f,58,1790781960791
8ba3a0,57,1790782860791
e242fc,31,1790867460791
45f5be,28,1790867460791
88e568,45,1790782860791
6dc29e,26,1790782860791
715ea2,20,1790867460791
7fbe03,42,1790867460791
17db4e,40,1790867460791
5ab635,15,1790782860791
66fb47,21,1790867460791
a26973,16,1790781960791
3f8017,19,1790781960791
41b583,50,1790782860791
3f6174,20,1790781960791
bcb7c5,28,1790867460791
18ebb6,32,1790781960791
9581b5,22,1790867460791
92fed2,36,1790867460791
ce49b3,59,1790867460791
4512d0,18,1790867460791
2d3e96,31,1790867460791
84bba5,58,1790782860791
f35592,27,1790867460791
277a0b,18,1790782860791
f6fbe0,55,1790782860791
f7fc27,15,1790782860791
eb5e38,54,1790782860791
625f21,38,1790867460791
92f3af,59,1790781960791
6ed9a3,51,1790867460791
4db345,48,1790782860791
713c7e,31,1790867460791
99c4a3,40,1790781960791
d387d1,21,1790781960791
1d2ce7,37,1790781960791
fd5250,28,1790782860791
c292d6,20,1790867460791
681652,33,1790781960791
c7c60f,58,1790782860791
39bf1d,17,1790782860791
2aa4c6,46,1790867460791
e44bd2,15,1790782860791
78760e,23,1790782860791
35ba20,15,1790782860791
03b9af,54,1790867460791
0cf835,33,1790867460791
fd7e07,16,1790867460791
071e44,55,1790867460791
6cfe48,30,1790781960791
03b33a,32,1790782860791
f07155,31,1790782860791
3b5617,53,1790867460791
440a78,38,1790782860791
f9ded7,49,1790782860791
bc3432,27,1790781960791
523b20,60,1790867460791
eff6cb,22,1790781960791
31802e,47,1790782860791
372167,21,1790782860791
067c35,32,1790781960791
3f85ef,35,1790782860791
035523,29,1790781960791
9b13e5,37,1790867460791
04ca69,47,1790782860791
f80333,18,1790867460791
dd8280,58,1790867460791
163fcf,17,1790781960791
420402,45,1790781960791
129dec,41,1790782860791
94920f,56,1790782860791
0283e1,51,1790781960791
2d4575,48,1790782860791
3b463a,53,1790867460791
16a1f0,40,1790867460791
46924a,45,1790781960791
340969,45,1790781960791
c95433,60,1790867460791
008474,40,1790867460791
88e508,50,1790867460791
2e851c,38,1790781960791
6bac15,52,1790781960791
efcac4,15,1790867460791
7c31d4,15,1790782860791
e97748,30,1790782860791
d1738d,42,1790781960791
ac96ea,32,1790781960791
26117f,59,1790781960791
769043,44,1790782860791
1859f6,20,1790781960791
98ffdb,35,1790782860791
c95a53,29,1790867460791
ada387,46,1790867460791
d81af0,33,1790782860791
30c2d2,26,1790782860791
09b70a,43,1790781960791
e6f1d2,27,1790867460791
042f1f,49,1790782860791
f38416,26,1790781960791
cebbc5,27,1790782860791
2fe4b2,16,1790781960791
de1f52,51,1790781960791
53cb11,44,1790867460791
a5eda5,31,1790867460791
d9209b,54,1790782860791
dc8aab,31,1790867460791
bd6e57,38,1790782860791
dfeeb3,58,1790781960791
3dcace,52,1790867460791
26be13,58,1790867460791
17d89f,24,1790781960791
c12704,57,1790781960791
8845d8,18,1790781960791
14e01b,15,1790782860791
864723,58,1790781960791
64afcb,18,1790782860791
9a5292,52,1790781960791
53002d,16,1790782860791
f11c06,36,1790867460791
37be63,15,1790867460791
67bed4,20,1790782860791
8f4b40,54,1790867460791
92c20a,33,1790781960791
8cbfa3,16,1790867460791
a9f636,51,1790782860791
be5d9e,51,1790781960791
8cc44d,31,1790867460791
e73ab1,54,1790781960791
a7250b,53,1790782860791
7a19c5,19,1790782860791
d76a42,56,1790781960791
f39c82,22,1790781960791
70cb3d,54,1790781960791
db3cfc,32,1790867460791
cfc9e5,50,1790781960791
19e5c6,15,1790782860791
749135,56,1790867460791
afec86,51,1790782860791
8e054c,30,1790782860791
f56c33,21,1790781960791
ed4e2c,56,1790781960791
d3e743,38,1790781960791
5c63a9,27,1790782860791
567527,35,1790867460791
5b999b,53,1790781960791
a1dcc8,33,1790867460791
f3030a,29,1790867460791
8887d5,15,1790781960791
73933a,33,1790782860791
9a783a,27,1790867460791
b0c247,32,1790781960791
16ff5a,36,1790781960791
6f416a,38,1790781960791
e6a564,26,1790867460791
6e09c2,55,1790867460791
07c061,20,1790867460791
07593f,39,1790781960791
e8032a,47,1790782860791
6b88af,44,1790781960791
296d5d,55,1790781960791
4ce2b0,37,1790867460791
1a3694,60,1790782860791
f33092,42,1790782860791
cc2a55,58,1790781960791
40400c,17,1790867460791
04517c,19,1790782860791
33a7bb,34,1790781960791
92e205,38,1790781960791
494e4c,40,1790781960791
d03ec3,45,1790781960791
b35115,59,1790781960791
7f773a,40,1790782860791
8b5734,16,1790782860791
6437b4,29,1790781960791
24149d,48,1790782860791
a5df03,59,1790867460791
b626f1,53,1790867460791
84d3bc,42,1790781960791
573672,44,1790867460791
01eb2f,46,1790782860791
f604ce,50,1790782860791
8a3883,35,1790867460791
e1cb6b,30,1790782860791
0f491f,50,1790867460791
60dd68,50,1790867460791
98a64c,39,1790781960791
aeb02c,31,1790867460791
74a999,40,1790782860791
bc49d5,42,1790782860791
69044a,40,1790781960791
750280,23,1790867460791
9d529c,34,1790782860791
804815,21,1790781960791
3f5046,17,1790782860791
0ed065,25,1790867460791
febf7e,60,1790782860791
bcef4d,31,1790781960791
cbfb61,42,1790782860791
c3d413,26,1790867460791
d6166c,21,1790867460791
2f230f,30,1790781960791
e43395,50,1790781960791
4c5dba,40,1790867460791
8649c0,38,1790781960791
accd52,58,1790867460791
699e78,17,1790867460791
3e9927,50,1790867460791
3cc7a0,24,1790867460791
644b89,60,1790782860791
ad249e,32,1790781960791
224744,21,1790782860791
d93a0d,18,1790867460791
33778f,26,1790781960791
ea8783,24,1790867460791
a37a42,37,1790782860791
de42cf,23,1790867460791
d09d9d,49,1790867460791
20fdcb,52,1790782860791
34aa88,23,1790781960791
aa3bfc,26,1790782860791
d215f6,26,1790781960791
8ad6bb,35,1790867460791
037429,22,1790867460791
8b5d6e,55,1790781960791
8518a1,33,1790867460791
19f124,32,1790782860791
e3e86a,22,1790781960791
8517e9,44,1790782860791
c2bee1,51,1790781960791
912fd0,47,1790781960791
06c991,34,1790867460791
1f413e,32,1790782860791
031189,60,1790781960791
6f1556,39,1790782860791
4d7d85,51,1790867460791
8527c4,41,1790867460791
8340d4,42,1790781960791
d0b889,16,1790781960791
876f12,54,1790782860791
93df64,25,1790782860791
89ba00,18,1790867460791
4932b9,36,1790867460791
d74d00,27,1790782860791
dd0e67,21,1790867460791
614f07,19,1790781960791
f94bf6,37,1790867460791
04bc13,19,1790867460791
ca9ae9,38,1790782860791
66081c,30,1790782860791
1d31fa,54,1790782860791
c5af25,22,1790867460791
b5374f,31,1790781960791
de2c8e,60,1790782860791
116869,24,1790867460791
02a579,50,1790782860791
330d17,53,1790867460791
ca1b66,31,1790867460791
e5834b,40,1790781960791
a2af02,52,1790782860791
c04cae,54,1790867460791
ab1d15,23,1790867460791
0f8070,52,1790781960791
36fb05,38,1790867460791
45f9d6,52,1790782860791
111074,35,1790867460791
3e7268,43,1790782860791
8f2296,51,1790781960791
fdf1b4,52,1790867460791
0035ce,23,1790781960791
6136a1,48,1790867460791
19ff6b,17,1790782860791
06cbf5,31,1790781960791
b4a28b,36,1790781960791
a8725f,51,1790781960791
1100c6,23,1790782860791
fb725e,15,1790781960791
de8e1d,41,1790782860791
487262,31,1790867460791
24b637,20,1790867460791
1a7336,25,1790781960791
cba1d4,23,1790782860791
ba3b8d,51,1790781960791
b3e6a3,53,1790867460791
501db2,18,1790781960791
a307e2,36,1790782860791
270241,30,1790781960791
24fc2f,20,1790867460791
b05b02,16,1790867460791
16ad73,53,1790867460791
7b5bdf,42,1790782860791
bc2df3,40,1790781960791
b78c20,50,1790867460791
809ac8,18,1790782860791
0e7f42,25,1790782860791
4ae77e,17,1790781960791
122aea,56,1790867460791
dc660d,25,1790867460791
ef9cad,50,1790781960791
d9653e,43,1790782860791
b89b6d,44,1790867460791
574444,57,1790867460791
ea9cdb,19,1790781960791
630867,56,1790782860791
89a708,53,1790867460791
dcc82e,44,1790781960791
fd9b1f,29,1790781960791
b0b3b8,47,1790781960791
644459,55,1790782860791
cf36f6,45,1790782860791
ecf4a6,51,1790781960791
4a0b4f,24,1790782860791
385541,18,1790867460791
0f2b14,29,1790867460791
f5acdf,40,1790781960791
5f4819,52,1790867460791
7c5f34,45,1790781960791
18ee14,47,1790781960791
8bc85c,48,1790867460791
e4de9c,37,1790782860791
418b6d,52,1790781960791
a9de8f,40,1790781960791
f7eeb2,47,1790867460791
fc06b6,52,1790782860791
a403a4,54,1790867460791
837eef,28,1790867460791
1af1b4,41,1790781960791
58313f,22,1790781960791
1bf0f7,18,1790867460791
45d5c0,53,1790781960791
1f955d,21,1790781960791
bd0cdd,43,1790867460791
7ac3d3,38,1790867460791
5d8749,18,1790782860791
3219d3,41,1790867460791
9835bb,36,1790781960791
7750ee,15,1790782860791
f62e18,28,1790867460791
b3a379,24,1790867460791
b1d306,58,1790781960791
343265,30,1790781960791
728cb3,22,1790781960791
3b9b74,29,1790867460791
e86999,26,1790781960791
4493e0,27,1790782860791
a00b24,18,1790781960791
f27871,21,1790781960791
d95303,16,1790867460791
5f9863,31,1790867460791
fa7526,37,1790781960791
b52d55,33,1790867460791
9bcb15,33,1790781960791
e8ed0c,32,1790782860791
24b25c,16,1790782860791
14f679,30,1790781960791
8e365e,52,1790867460791
b1b707,25,1790781960791
124841,16,1790781960791
64ce74,32,1790782860791
0f0068,26,1790867460791
1c3561,32,1790867460791
88cc1b,49,1790782860791
9a16a2,32,1790782860791
f2a29c,36,1790781960791
d8b0fe,15,1790867460791
2ab526,24,1790781960791
2db219,51,1790781960791
0c4955,56,1790781960791
45db2d,20,1790781960791
632ca2,38,1790867460791
40a0f7,43,1790867460791
44b3d4,41,1790867460791
527c99,32,1790867460791
6e8be3,25,1790867460791
0f8947,44,1790781960791
95cbb9,56,1790782860791
9713a9,46,1790867460791
28fe1d,40,1790782860791
34b8c5,46,1790867460791
af90f2,18,1790781960791
9745ba,59,1790782860791
83c419,50,1790781960791
b45d81,31,1790782860791
e7fb86,30,1790781960791
f523dd,57,1790782860791
e5f9cf,43,1790867460791
d17098,25,1790781960791
bbce17,46,1790782860791
d3bee4,40,1790781960791
d5c0a3,19,1790867460791
bc23a7,59,1790867460791
373d25,42,1790867460791
03b7f4,54,1790867460791
953895,15,1790782860791
088c62,36,1790867460791
1dc295,60,1790867460791
352ea3,19,1790867460791
d12bbb,59,1790781960791
1fa0de,56,1790782860791
6754d9,23,1790781960791
133822,32,1790867460791
8bc4dd,20,1790781960791
e12589,20,1790781960791
ab1e4c,16,1790867460791
81336c,53,1790782860791
2b73e2,45,1790867460791
975811,38,1790867460791
f74d2a,51,1790781960791
8527b0,34,1790782860791
68f1ac,24,1790781960791
1e8457,42,1790782860791
8c0fe2,39,1790781960791
328c51,47,1790782860791
f11806,36,1790782860791
32a6f2,41,1790782860791
53d267,17,1790867460791
69f69e,25,1790867460791
071098,52,1790867460791
006af8,18,1790867460791
337f61,54,1790781960791
3bd59a,41,1790781960791
338fab,23,1790867460791
5501b9,19,1790782860791
33c202,33,1790782860791
6ff79d,53,1790781960791
78799f,53,1790867460791
289547,42,1790782860791
0caa30,24,1790867460791
70bc69,51,1790781960791
be9423,19,1790781960791
aa1f84,50,1790867460791
960bc6,31,1790782860791
080a30,24,1790781960791
c7e647,16,1790781960791
ae3d76,19,1790782860791
3ab82e,23,1790781960791
9e0648,52,1790867460791
5ca706,40,1790867460791
038e5f,55,1790782860791
e38f78,53,1790867460791
6ef9cd,40,1790782860791
a36504,23,1790782860791
e501e3,36,1790781960791
5b6309,51,1790781960791
f88a74,15,1790781960791
48826c,46,1790781960791
9b39fd,31,1790781960791
8ce1b0,15,1790867460791
2125a0,44,1790781960791
81299d,17,1790867460791
cc741c,24,1790867460791
831702,16,1790782860791
ebb784,16,1790781960791
d94185,47,1790867460791
311198,32,1790867460791
888f41,34,1790781960791
a05c28,32,1790781960791
0415f3,31,1790782860791
d4e980,52,1790867460791
a0e214,60,1790867460791
29f9df,32,1790781960791
268745,54,1790781960791
55321e,37,1790781960791
419656,35,1790867460791
10a417,19,1790782860791
5fccc8,30,1790782860791
40b8e0,15,1790867460791
3f97eb,60,1790867460791
dd3304,22,1790781960791
6993f2,25,1790782860791
ef04d2,53,1790867460791
c60edf,40,1790867460791
dc769f,34,1790781960791
e15c82,38,1790782860791
0d2a29,54,1790782860791
ba2dd5,53,1790781960791
4a3268,44,1790781960791
34ff84,52,1790781960791
27dc42,24,1790782860791
99d83c,45,1790782860791
f9953e,54,1790781960791
fa10e2,45,1790867460791
5197e2,15,1790782860791
9c47dd,16,1790782860791
b88dec,27,1790781960791
1827e9,26,1790782860791
24ff3e,44,1790782860791
ea3746,30,1790867460791
f511f9,20,1790867460791
d7d600,49,1790782860791
e952d9,15,1790782860791
88e94f,52,1790867460791
caac4b,35,1790782860791
1cd21b,20,1790867460791
510ca0,25,1790781960791
eeba53,21,1790781960791
749d43,55,1790867460791
b4c5a0,59,1790867460791
b17e23,38,1790781960791
292762,15,1790782860791
829edd,21,1790781960791
0c9c2e,36,1790867460791
2ff4fc,27,1790781960791
0c4ded,55,1790782860791
708ec5,54,1790781960791
915857,30,1790781960791
7b57f7,46,1790781960791
9f923c,16,1790867460791
04b273,19,1790781960791
9e5010,38,1790782860791
e686fd,36,1790867460791
be268c,46,1790781960791
e5d1fd,50,1790867460791
956216,60,1790781960791
5c98b9,57,1790781960791
134adc,25,1790781960791
54835d,43,1790782860791
c891b1,20,1790781960791
64cd0e,23,1790781960791
c09b50,26,1790781960791
7d5d48,44,1790782860791
d08ba4,35,1790781960791
3b93a5,50,1790781960791
0145da,49,1790867460791
304d51,47,1790867460791
ccf0ed,59,1790782860791
c1b057,47,1790781960791
fc6586,42,1790782860791
976d51,34,1790782860791
173670,47,1790781960791
dac167,53,1790867460791
2ba3e4,49,1790867460791
c5a60a,45,1790782860791
8465f7,39,1790781960791
092f29,59,1790867460791
ca3dac,52,1790867460791
6ca03a,49,1790867460791
7020fa,60,1790781960791
efb925,33,1790782860791
296543,47,1790781960791
120b87,57,1790867460791
842bf0,32,1790781960791
be0998,22,1790781960791
5e7604,59,1790867460791
9ea198,29,1790781960791
64f5e6,55,1790782860791
b5ee0b,41,1790867460791
bc27a1,24,1790867460791
89b1fd,32,1790867460791
b499d8,26,1790781960791
1aed0b,17,1790782860791
cb90d1,29,1790867460791
c938a4,45,1790867460791
97ef5f,22,1790781960791
b20788,15,1790781960791
483361,46,1790781960791
d08f62,54,1790782860791
2a4520,43,1790867460791
c7a3c6,55,1790782860791
c1f869,42,1790781960791
f6e338,29,1790782860791
f758b7,32,1790867460791
0156be,17,1790867460791
5587b6,18,1790867460791
3c6b26,51,1790867460791
6338f6,57,1790781960791
62fd5f,59,1790867460791
256ec2,28,1790867460791
304012,24,1790867460791
a195b8,50,1790782860791
d335e2,27,1790867460791
6cb042,29,1790782860791
440599,46,1790867460791
e0e71c,38,1790781960791
0d1104,16,1790781960791
fbc74f,58,1790867460791
36f8bb,46,1790782860791
8dfc4c,24,1790867460791
c87d33,43,1790867460791
10ef0f,47,1790782860791
a99031,32,1790781960791
a97093,20,1790782860791
8ab1ec,24,1790782860791
661953,43,1790781960791
5c4c9d,34,1790782860791
fe6ea5,49,1790867460791
da04f9,33,1790782860791
e0742a,36,1790867460791
ac33f2,43,1790867460791
6db12a,21,1790781960791
03faf1,17,1790782860791
14dc40,32,1790781960791
959a65,60,1790782860791
6b35d9,18,1790782860791
3ea5fb,32,1790782860791
777a49,29,1790782860791
5f0421,59,1790781960791
87801f,53,1790781960791
867e89,48,1790867460791
928adf,37,1790781960791
1aeb65,53,1790867460791
d9be55,48,1790782860791
a6e5a4,57,1790782860791
f89841,32,1790782860791
7f8cb6,16,1790867460791
2f2c14,51,1790867460791
c40890,31,1790781960791
402085,49,1790782860791
ccdd73,60,1790781960791
b28904,33,1790867460791
86cf7e,37,1790782860791
9ea5e0,34,1790781960791
ef8d37,30,1790781960791
fb0fa9,41,1790781960791
5f9f3b,28,1790867460791
eec9ae,30,1790781960791
c7a7cf,48,1790782860791
b4c7f5,26,1790782860791
a246ce,54,1790867460791
aa33fd,52,1790867460791
02eed5,48,1790782860791
b388c1,36,1790781960791
00bfdc,47,1790782860791
84d51f,45,1790781960791
37d700,23,1790867460791
336a55,38,1790782860791
8f2b88,57,1790867460791
b5cfa1,48,1790781960791
4d0112,42,1790867460791
6bb472,18,1790782860791
d30434,38,1790867460791
27deb6,39,1790867460791
96a2af,50,1790781960791
df9194,41,1790782860791
59ec2b,43,1790782860791
2b3fda,40,1790781960791
f5d0fa,48,1790867460791
8c7122,22,1790782860791
c5892a,24,1790781960791
6681e1,17,1790867460791
b42832,21,1790782860791
95340b,48,1790867460791
1f3724,20,1790867460791
249208,36,1790867460791
fe0def,22,1790867460791
b6a03f,27,1790867460791
418188,39,1790782860791
f032ad,52,1790867460791
3a804d,49,1790781960791
34d45a,24,1790782860791
fb5dff,36,1790867460791
8350f6,47,1790782860791
8c756c,23,1790782860791
801da1,41,1790781960791
9e7871,40,1790867460791
b31a1e,53,1790867460791
5ba8d9,16,1790781960791
758132,22,1790867460791
96d655,32,1790781960791
fdcf1a,38,1790781960791
0ab66a,50,1790867460791
a77988,32,1790867460791
c31072,29,1790867460791
997920,50,1790781960791
3c9e1a,31,1790782860791
3b5cf1,18,1790867460791
7ec3ff,60,1790782860791
3c915f,31,1790782860791
6cf7e6,31,1790781960791
0ecf2e,39,1790867460791
c06550,34,1790781960791
327ddc,50,1790867460791
03b402,36,1790781960791
dcbbee,57,1790867460791
3a7701,48,1790782860791
485bd3,25,1790781960791
fd76bc,32,1790782860791
799eb1,31,1790781960791
c2b464,22,1790867460791
4fd634,57,1790781960791
0fe03b,49,1790781960791
d3fbf0,27,1790782860791
80b6f0,56,1790867460791
350b5d,37,1790781960791
24b9ee,57,1790867460791
8cabea,43,1790781960791
ab95c7,35,1790782860791
7f9091,24,1790867460791
3ea530,45,1790867460791
e2e7f8,18,1790867460791
df4174,49,1790867460791
d7610d,22,1790867460791
35fc54,15,1790781960791
8370d3,26,1790867460791
ecfb93,18,1790781960791
0418ee,24,1790781960791
1ec660,48,1790781960791
61f6a1,39,1790782860791
77e6b1,35,1790781960791
b2cf80,46,1790867460791
528e27,56,1790782860791
d54e06,21,1790782860791
71b813,45,1790781960791
ab6c7c,53,1790867460791
9bb8b3,19,1790867460791
a0820c,55,1790867460791
a60e58,40,1790867460791
cebc76,42,1790867460791
122aa6,35,1790867460791
be44c6,47,1790781960791
c5c55d,23,1790867460791
03283a,29,1790781960791
3a4db9,27,1790782860791
fd3e7b,30,1790782860791
6f1511,24,1790867460791
b3848c,48,1790867460791
916c16,56,1790782860791
950b35,58,1790782860791
32462c,20,1790782860791
5f1a45,34,1790782860791
73bf7c,17,1790782860791
6dcf96,48,1790867460791
6fc1a6,32,1790781960791
49401f,29,1790782860791
d07210,52,1790782860791
69c2fd,39,1790781960791
7976a6,21,1790867460791
3a0880,27,1790867460791
6407a9,43,1790781960791
fcf0cf,36,1790867460791
55fef2,36,1790781960791
78a1e5,22,1790782860791
1cf6b0,40,1790781960791
fca3da,18,1790867460791
22aab0,53,1790867460791
bd70f7,28,1790781960791
82438b,56,1790782860791
0b08f7,28,1790782860791
f94f0c,15,1790781960791
cd7c04,46,1790781960791
7896e3,53,1790782860791
0c8ffe,25,1790781960791
f2b79d,18,1790782860791
dd6aae,55,1790782860791
dde85f,42,1790781960791
02dd30,37,1790782860791
5a91b6,59,1790867460791
861cde,23,1790781960791
6fba3e,57,1790867460791
fa9af7,29,1790782860791
8fe5e6,39,1790782860791
d7bbf8,49,1790867460791
c8f923,32,1790781960791
47e234,46,1790867460791
5c586f,20,1790781960791
a62fb1,24,1790867460791
b542b9,35,1790782860791
d3c7a0,34,1790782860791
6a193d,38,1790782860791
a67a3e,54,1790782860791
0036f6,20,1790782860791
a6d913,33,1790867460791
e83b5a,39,1790781960791
a09d97,60,1790782860791
42c8cf,32,1790781960791
19c080,32,1790781960791
4db84e,29,1790867460791
e99de2,38,1790867460791
2f1226,23,1790782860791
445fdd,39,1790867460791
46e84d,50,1790782860791
8dc26c,20,1790782860791
860475,16,1790781960791
2f54bd,27,1790867460791
eb1a01,51,1790781960791
0677cf,47,1790867460791
5b66cd,21,1790867460791
1516dd,42,1790867460791
5b85b2,35,1790867460791
bb0403,37,1790782860791
3be402,15,1790781960791
62e19e,16,1790781960791
94368b,16,1790867460791
c4527a,46,1790781960791
6411a7,47,1790782860791
27885c,36,1790782860791
4ca5ba,20,1790782860791
6b2a7e,55,1790782860791
cdb731,27,1790782860791
d090a6,55,1790781960791
ba9d03,43,1790782860791
6934fe,55,1790867460791
8a49b1,50,1790781960791
0fe6f4,28,1790867460791
65885b,37,1790867460791
989da0,38,1790867460791
e6a0d9,47,1790782860791
b27c97,27,1790781960791
49bcbb,29,1790781960791
c8306b,18,1790782860791
0748d2,43,1790782860791
7a3e25,58,1790781960791
bef547,22,1790781960791
8558de,18,1790781960791
fdb31b,45,1790781960791
4da638,26,1790782860791
f18d60,45,1790867460791
cd6742,26,1790867460791
af4a7f,30,1790867460791
47fc99,49,1790782860791
e42f3b,52,1790781960791
5cdb07,48,1790867460791
09e31d,48,1790781960791
0b9d98,42,1790781960791
686f81,38,1790781960791
11d54a,33,1790781960791
20e510,25,1790782860791
f54a64,38,1790867460791
a9408e,28,1790781960791
c59a06,40,1790782860791
ca0953,19,1790782860791
fa3eff,48,1790782860791
03ed7f,28,1790867460791
f7d886,24,1790867460791
a1b48a,56,1790782860791
dd8f61,26,1790781960791
26ac2f,55,1790867460791
e7a5e0,51,1790781960791
44641c,23,1790867460791
c7e6e0,36,1790867460791
c431ec,23,1790782860791
079a4e,48,1790867460791
f1e4d9,45,1790781960791
e0c247,46,1790867460791
103ace,39,1790782860791
b994e2,28,1790782860791
d8095b,40,1790781960791
a79dfe,34,1790867460791
443b39,43,1790781960791
7e22ff,60,1790782860791
1967b0,29,1790781960791
b484e5,31,1790782860791
e7f21a,56,1790782860791
ecee2f,17,1790782860791
985fbd,49,1790867460791
8a4d90,39,1790781960791
697bf3,22,1790781960791
c9c49a,19,1790781960791
0612bb,35,1790867460791
2c7ebf,31,1790781960791
7333dc,53,1790782860791
88787a,26,1790781960791
1a992a,21,1790781960791
7ab85d,23,1790782860791
2b3937,15,1790867460791
bba066,32,1790867460791
8fbc57,21,1790782860791
2900cd,19,1790782860791
acfd8d,30,1790867460791
436514,48,1790781960791
3da43f,17,1790782860791
2546fe,24,1790781960791
4d70a3,26,1790867460791
19cc20,27,1790781960791
64fd34,20,1790781960791
7a7ec1,39,1790867460791
2024f2,26,1790867460791
187692,49,1790782860791
be3667,37,1790867460791
bb284a,25,1790781960791
6d34fa,29,1790781960791
856856,24,1790782860791
bf5a21,46,1790782860791
25eaf4,56,1790782860791
56ac6c,59,1790867460791
3af716,55,1790781960791
0c6278,18,1790781960791
e11f63,15,1790867460791
17ac7b,29,1790867460791
0d3fa6,27,1790867460791
822719,53,1790782860791
2c321c,58,1790867460791
b2207f,22,1790867460791
b69ea3,43,1790782860791
3a6ea7,17,1790782860791
764a12,37,1790867460791
7866fc,58,1790782860791
b49ee2,31,1790867460791
c644d6,53,1790782860791
7c9f88,38,1790781960791
5d89bd,16,1790781960791
398697,59,1790867460791
31791d,38,1790782860791
a5d227,42,1790781960791
b0e355,15,1790781960791
4d578e,34,1790781960791
6a1119,60,1790781960791
9f67a1,44,1790867460791
afee1e,51,1790867460791
d6d4f9,31,1790782860791
5a0318,60,1790782860791
0a71af,59,1790782860791
958643,17,1790781960791
00946d,15,1790781960791
1f1063,32,1790782860791
7a6d6f,19,1790867460791
212dda,50,1790781960791
217011,32,1790782860791
fe58ca,41,1790867460791
f9b67a,37,1790781960791
6e953b,43,1790867460791
00eddf,32,1790781960791
566e28,34,1790867460791
c32e69,37,1790781960791
ed14ef,42,1790867460791
bcedee,31,1790782860791
ef525a,18,1790782860791
ef1289,56,1790867460791
56316f,37,1790782860791
ddce82,49,1790781960791
f68d98,42,1790782860791
029c1b,18,1790782860791
79a9dc,45,1790782860791
72c5c0,20,1790781960791
4b807d,26,1790781960791
d50600,22,1790781960791
6ac02f,34,1790781960791
f5fa48,19,1790782860791
5d89da,40,1790782860791
20f886,38,1790781960791
f7c7f0,20,1790781960791
083b65,60,1790781960791
ba4e3f,35,1790867460791
a5f3cd,18,1790781960791
71d91f,60,1790782860791
dbb4b0,51,1790782860791
b2eda0,43,1790867460791
8dd0eb,20,1790781960791
8e3728,30,1790781960791
fb3126,33,1790867460791
501c72,49,1790867460791
bc9108,35,1790867460791
b7c488,16,1790781960791
3387e3,52,1790782860791
d3df1d,54,1790782860791
64719a,60,1790781960791
e53918,41,1790781960791
6e0db0,37,1790781960791
4a3cbc,47,1790781960791
b618eb,42,1790781960791
ab5427,43,1790782860791
6a6638,28,1790782860791
bded0c,31,1790867460791
b05b8e,57,1790867460791
5fff8e,49,1790781960791
858885,57,1790782860791
b1728a,47,1790781960791
655b47,38,1790782860791
310bdf,56,1790781960791
7cc0c8,49,1790867460791
ffd2ad,54,1790782860791
744351,45,1790782860791
7e9abb,25,1790781960791
c83d4c,59,1790867460791
5757d9,31,1790867460791
84dfae,46,1790781960791
ca55b8,57,1790781960791
4e9dca,26,1790867460791
d8f7a3,44,1790781960791
223193,59,1790867460791
7990a2,56,1790782860791
d8cad1,53,1790867460791
08be3f,57,1790782860791
1d5253,60,1790781960791
4a2be5,40,1790867460791
d35bf6,52,1790782860791
69414b,43,1790867460791
8b7c84,59,1790867460791
3d1875,26,1790782860791
211fa3,50,1790867460791
2f1868,24,1790781960791
5a4afc,18,1790867460791
de0c7c,16,1790781960791
da111f,29,1790781960791
606134,49,1790867460791
54e9c3,53,1790781960791
570705,46,1790867460791
c9226a,48,1790867460791
a19f23,36,1790781960791
ef2b72,52,1790782860791
a1b79f,31,1790867460791
44a0d7,42,1790867460791
959f23,17,1790782860791
7ca4b4,42,1790867460791
ffcd7d,23,1790867460791
2cc583,53,1790867460791
2ef352,47,1790782860791
af1104,25,1790867460791
c5af76,23,1790781960791
d917da,43,1790782860791
4616ee,45,1790781960791
19a021,60,1790782860791
058936,56,1790781960791
d3bef9,18,1790782860791
09aee3,26,1790781960791
1e1939,39,1790782860791
504c80,45,1790781960791
4990f0,32,1790867460791
ce899f,55,1790781960791
349097,40,1790782860791
5c942f,47,1790782860791
9f6708,20,1790782860791
37b9eb,29,1790867460791
3f9b98,40,1790781960791
395739,44,1790867460791
219517,33,1790782860791
32e3b2,58,1790782860791
a6e267,16,1790781960791
ddb2a3,18,1790782860791
ce6e26,23,1790867460791
08b457,38,1790867460791
b51980,15,1790781960791
487999,24,1790867460791
64f7f5,58,1790781960791
09b2d2,51,1790781960791
9e523e,30,1790782860791
991db8,17,1790867460791
e5339d,60,1790867460791
80f923,45,1790782860791
a5c4ee,29,1790781960791
0049e7,31,1790782860791
4721a8,28,1790781960791
d262d7,55,1790781960791
757589,52,1790782860791
1c9683,19,1790782860791
0fd341,25,1790867460791
d92fe3,38,1790867460791
5ce4e3,23,1790782860791
6c9e3c,47,1790867460791
d8b5d9,60,1790782860791
7c511c,59,1790781960791
eecf24,49,1790867460791
51e9b8,60,1790867460791
4e825d,18,1790867460791
bf8611,44,1790782860791
3095fb,25,1790782860791
d408bd,34,1790782860791
fe88f3,19,1790781960791
685cf4,36,1790867460791
c1fd3b,39,1790867460791
c0fce9,33,1790782860791
a1065b,54,1790867460791
ef8e24,44,1790867460791
46a23e,28,1790867460791
10c493,60,1790781960791
46142f,46,1790867460791
b155b7,57,1790867460791
a71b2f,15,1790867460791
61ab48,56,1790782860791
830c36,48,1790867460791
82916c,25,1790867460791
1c52a6,17,1790782860791
98caad,46,1790867460791
31b962,33,1790867460791
03083e,41,1790867460791
a0ebc3,45,1790782860791
1a9acf,57,1790782860791
7a2331,17,1790782860791
2c7468,15,1790782860791
fb2851,50,1790782860791
f91ba4,53,1790781960791
4aeafe,51,1790782860791
f7f7d4,19,1790867460791
52b559,59,1790867460791
7a3729,49,1790781960791
2fa25b,28,1790781960791
2267e6,46,1790781960791
cc0572,54,1790782860791
d8da2d,52,1790867460791
c2dabb,57,1790867460791
7dbd92,21,1790782860791
552db8,20,1790867460791
3f1aec,58,1790782860791
7cdc5c,22,1790782860791
cf2c70,26,1790781960791
29f7d3,56,1790782860791
7d9228,46,1790781960791
dc0973,25,1790782860791
5f686e,24,1790867460791
c4a6c2,24,1790782860791
4bc85c,37,1790867460791
73de85,20,1790781960791
fbd503,18,1790782860791
b9ea68,48,1790781960791
740f3a,56,1790782860791
fd2cc1,38,1790867460791
4d040e,16,1790781960791
ac167c,19,1790867460791
e5d34a,55,1790781960791
b1841b,16,1790781960791
2ffd48,24,1790782860791
6d57ba,19,1790782860791
d17ec2,39,1790782860791
01006b,45,1790867460791
92fcdb,52,1790782860791
94739d,31,1790782860791
371ff5,18,1790782860791
a5ae89,41,1790867460791
eb5336,31,1790867460791
81b678,15,1790782860791
f74577,47,1790782860791
80bfc1,42,1790781960791
048da4,20,1790781960791
afe73b,30,1790782860791
df16cd,30,1790781960791
73f0b2,51,1790782860791
dbcaeb,32,1790781960791
77eceb,41,1790867460791
85b3c0,37,1790867460791
ad2360,41,1790867460791
193166,22,1790782860791
2ce97a,24,1790782860791
009e90,52,1790781960791
bd37bb,23,1790782860791
450653,16,1790781960791
3d63b0,35,1790781960791
68649e,38,1790867460791
0ab170,33,1790781960791
7df0ef,15,1790782860791
036a74,59,1790781960791
31ccd4,56,1790782860791
0768e8,20,1790867460791
8c7c32,40,1790781960791
046614,31,1790867460791
be39f7,27,1790781960791
37079c,39,1790867460791
7aa775,18,1790781960791
ccfc81,47,1790782860791
bc1f67,17,1790782860791
9607d8,56,1790867460791
c2cbec,37,1790781960791
20c16c,38,1790782860791
5092a8,45,1790867460791
c2d902,23,1790781960791
81b75f,53,1790781960791
8268ee,46,1790867460791
db6ae1,21,1790781960791
79c464,42,1790782860791
cd7de4,46,1790867460791
435e99,37,1790782860791
b3b037,43,1790781960791
42cabf,19,1790781960791
557385,57,1790781960791
e04400,20,1790867460791
043cb2,54,1790782860791
5abba2,59,1790782860791
e61114,38,1790782860791
c13e29,53,1790781960791
a6e62d,19,1790867460791
14cc25,23,1790782860791
0b7943,26,1790867460791
2362d3,60,1790782860791
9aa3c5,18,1790867460791
5e7777,32,1790781960791
448bd7,59,1790867460791
15350f,18,1790782860791
ec7bfd,41,1790781960791
43a798,46,1790781960791
bf111f,27,1790782860791
e98cec,51,1790782860791
8becfc,33,1790867460791
67ca21,23,1790782860791
fd530e,32,1790867460791
b2e955,36,1790782860791
29775f,30,1790781960791
9f8a2c,49,1790782860791
512050,60,1790781960791
5d8fb7,44,1790781960791
cc7875,16,1790781960791
340208,56,1790867460791
0394cf,23,1790781960791
f1bc33,53,1790781960791
31e426,25,1790781960791
a91e3b,33,1790867460791
a3c8e6,40,1790782860791
a5dbca,46,1790867460791
cb3dd8,18,1790867460791
d34d27,56,1790781960791
d7bca7,54,1790782860791
b765a7,16,1790867460791
daa9cf,30,1790782860791
456f11,18,1790867460791
50be80,39,1790781960791
3fe501,36,1790781960791
9f4ad2,26,1790781960791
193906,54,1790781960791
be1c0c,45,1790781960791
2b327b,34,1790782860791
0ad3d3,20,1790781960791
0e727b,25,1790867460791
74620c,38,1790867460791
99ebe0,47,1790781960791
99a51c,32,1790781960791
24d8fd,42,1790782860791
e4855d,41,1790867460791
d07625,43,1790867460791
48390a,39,1790781960791
af9a9b,59,1790782860791
af485c,17,1790782860791
ee9b6a,40,1790782860791
f21765,16,1790782860791
45b251,55,1790782860791
52a64b,28,1790867460791
9eca0b,43,1790867460791
88def7,26,1790781960791
508838,25,1790867460791
b960fa,54,1790781960791
a25079,49,1790867460791
92192b,44,1790867460791
2b8f03,55,1790867460791
137a99,34,1790782860791
5460ea,28,1790781960791
2ae35c,43,1790867460791
688827,37,1790782860791
5b47a5,31,1790867460791
0c0c43,16,1790782860791
97e851,57,1790867460791
b8a6d1,32,1790781960791
f10adb,52,1790782860791
1a44b3,36,1790781960791
a6e60a,20,1790782860791
f42686,27,1790781960791
f0a3a6,46,1790782860791
76afd4,37,1790867460791
083cf7,52,1790867460791
c7437b,54,1790782860791
2a4460,42,1790782860791
660682,19,1790782860791
4fb4c6,24,1790781960791
5fd179,52,1790781960791
3275bd,48,1790867460791
93ae2b,15,1790782860791
29870b,15,1790867460791
ffdff2,31,1790867460791
cc642d,44,1790781960791
8c275f,32,1790867460791
e1c6e5,35,1790782860791
4ad35e,23,1790781960791
911729,21,1790782860791
736715,40,1790782860791
0c3875,19,1790867460791
174ddb,60,1790782860791
dc3d22,49,1790782860791
e66582,42,1790867460791
cbe622,21,1790867460791
6c101e,58,1790781960791
9f05de,22,1790867460791
ef84af,43,1790782860791
ce1570,36,1790782860791
143eea,58,1790782860791
79d9b2,33,1790867460791
211662,47,1790782860791
7c519a,53,1790781960791
1b8b79,60,1790782860791
6e17d8,30,1790781960791
47d187,28,1790781960791
b75b21,48,1790781960791
7ef591,51,1790781960791
ad6bf3,53,1790781960791
dd7687,29,1790867460791
f03898,25,1790782860791
64f312,16,1790782860791
07d804,33,1790782860791
e333d9,42,1790782860791
0baa4c,52,1790867460791
12342b,57,1790782860791
134153,39,1790782860791
e285d7,35,1790867460791
787e00,17,1790781960791
a93d9f,26,1790867460791
ddb938,42,1790867460791
8af2b9,34,1790782860791
c7140a,21,1790781960791
ad84c1,25,1790782860791
ea53ac,20,1790781960791
667899,26,1790782860791
2448b4,52,1790781960791
ac3ac1,37,1790867460791
d74ad8,42,1790782860791
5fad8e,40,1790867460791
af4572,40,1790782860791
54c867,39,1790867460791
d23270,19,1790867460791
148eed,48,1790781960791
ce996f,57,1790781960791
f17d09,44,1790781960791
85e4bc,49,1790867460791
8362b1,43,1790781960791
597125,49,1790782860791
52f109,55,1790781960791
94f548,48,1790867460791
714ceb,15,1790782860791
d84186,42,1790781960791
c789c8,56,1790781960791
b59490,28,1790781960791
4059f5,34,1790867460791
24f411,35,1790867460791
a8fe57,28,1790782860791
813b03,29,1790867460791
8ba6f3,25,1790867460791
b0e307,57,1790867460791
a9ae1c,53,1790781960791
3ab81c,32,1790867460791
70b9f8,15,1790782860791
72b8cb,60,1790781960791
c5e5c3,27,1790867460791
a59e3e,48,1790782860791
103dfb,17,1790867460791
65dfe1,24,1790867460791
ab0b8a,38,1790782860791
2606f6,53,1790867460791
aa7491,33,1790867460791
03d75d,17,1790867460791
107ec9,50,1790782860791
382eb1,39,1790782860791
5020ab,53,1790782860791
a016de,42,1790782860791
93466d,33,1790781960791
738db0,58,1790782860791
9b6e67,28,1790782860791
13f093,47,1790782860791
1b1dba,39,1790782860791
1e6abd,38,1790781960791
fb0bbf,29,1790782860791
405e64,21,1790867460791
52f39c,40,1790781960791
9a52bf,39,1790867460791
edaa28,24,1790781960791
245e9d,20,1790781960791
d8549d,31,1790867460791
2c055f,26,1790782860791
9340b8,54,1790781960791
53057b,34,1790781960791
ea8682,50,1790782860791
a3bd40,45,1790781960791
987444,49,1790781960791
542b9a,47,1790781960791
8abd6e,20,1790867460791
8abb48,49,1790867460791
b9a72d,22,1790867460791
e0b910,46,1790782860791
a6b452,60,1790867460791
af4282,32,1790867460791
59a92d,24,1790781960791
e12b95,29,1790782860791
e5d611,50,1790782860791
fc0b47,32,1790782860791
7030bf,24,1790781960791
1cd938,24,1790867460791
4be680,49,1790867460791
6ac20c,32,1790781960791
a6a2fa,33,1790781960791
437cc9,32,1790782860791
65f32d,32,1790782860791
097edc,58,1790867460791
3129ee,32,1790782860791
25c789,28,1790781960791
274c8a,15,1790867460791
f47536,23,1790781960791
926b16,28,1790867460791
1fb857,15,1790782860791
d30091,47,1790781960791
6f4bec,34,1790782860791
b6ae99,16,1790867460791
31b91d,47,1790781960791
c82d66,26,1790781960791
24d8f8,32,1790781960791
2ae72e,36,1790867460791
6f5fa8,52,1790781960791
257a39,37,1790782860791
33e87c,37,1790781960791
853616,34,1790867460791
0f2276,38,1790867460791
e0c921,44,1790781960791
4730a2,20,1790867460791
7585eb,59,1790781960791
2f8f60,21,1790782860791
371e6c,32,1790782860791
964cfe,28,1790781960791
0d3ec7,52,1790782860791
85c42d,49,1790867460791
e73ed7,26,1790781960791
0190e6,48,1790782860791
4f1819,38,1790781960791
b7cd81,47,1790867460791
8e91d5,17,1790867460791
e45226,24,1790782860791
480e83,60,1790782860791
2ca9ea,50,1790781960791
5932c1,37,1790782860791
a226d2,44,1790782860791
b9626b,57,1790867460791
da31b5,17,1790781960791
32cf6f,38,1790781960791
910920,36,1790782860791
3bde09,32,1790781960791
2c851e,44,1790782860791
9b48d3,15,1790781960791
fea68d,60,1790867460791
6b9fb3,22,1790867460791
999221,25,1790867460791
b7be59,29,1790867460791
9d67d8,51,1790782860791
ae9148,30,1790867460791
398a59,50,1790782860791
506802,42,1790867460791
c4dfb8,25,1790781960791
f2ca2a,53,1790867460791
8e7510,60,1790781960791
edb283,48,1790782860791
f5e8bf,53,1790781960791
3690d5,48,1790867460791
7fa2f3,50,1790867460791
a657fe,57,1790781960791
4cc46e,50,1790782860791
585c01,20,1790782860791
7ee35b,48,1790782860791
1a10d2,22,1790867460791
401927,39,1790782860791
c89505,47,1790781960791
5e53a8,46,1790782860791
f89eda,19,1790867460791
e3fd8c,41,1790867460791
e0ac67,34,1790782860791
489b3d,43,1790867460791
aeb324,60,1790781960791
66b98d,32,1790782860791
65170b,27,1790781960791
351187,32,1790782860791
79d7b7,52,1790781960791
d10fc1,28,1790782860791
edce04,27,1790782860791
741d7d,34,1790781960791
a49bb5,52,1790867460791
58b597,25,1790782860791
118e1a,42,1790782860791
c20f9b,55,1790781960791
879d6c,15,1790781960791
7cd959,53,1790782860791
acb5c3,59,1790867460791
63a4eb,46,1790781960791
51e034,24,1790781960791
67f0b8,45,1790867460791
ab236f,50,1790782860791
a1db65,52,1790782860791
d60063,28,1790781960791
e7b781,34,1790782860791
bbf3be,32,1790867460791
a8675f,16,1790781960791
74e6b8,32,1790782860791
78388c,30,1790782860791
473f60,52,1790867460791
723d84,35,1790782860791
d84372,34,1790781960791
a4845d,25,1790867460791
22f0f6,30,1790782860791
9f3d15,32,1790867460791
f84a48,55,1790781960791
ed5f63,42,1790781960791
69c5ca,55,1790781960791
a72dd5,48,1790867460791
ff111a,53,1790867460791
c17e5e,29,1790867460791
cfd184,56,1790782860791
b90a15,31,1790867460791
805e51,52,1790867460791
a0a072,32,1790781960791
70fcb8,48,1790781960791
26d917,20,1790781960791
262a3d,35,1790867460791
664a5d,53,1790781960791
ddf61d,52,1790867460791
a9bb21,26,1790782860791
c7423f,24,1790781960791
ded33e,50,1790867460791
a55632,27,1790782860791
3bc779,54,1790782860791
1b4660,46,1790867460791
676fe8,41,1790867460791
3ecd9e,47,1790781960791
15597b,51,1790781960791
4a01f9,29,1790781960791
19b1fd,53,1790867460791
646e2b,31,1790782860791
f35b57,40,1790781960791
99a80e,45,1790781960791
964be6,16,1790867460791
54a2d8,32,1790782860791
3e807d,28,1790867460791
ecc35f,43,1790782860791
722b49,49,1790782860791
1ab458,44,1790782860791
35c534,30,1790781960791
082b84,25,1790782860791
14ecd2,56,1790782860791
53c68d,27,1790867460791
e04481,21,1790867460791
5b7c1d,18,1790782860791
e43eec,35,1790782860791
2f79e8,59,1790867460791
649109,57,1790781960791
e436d4,53,1790781960791
53b492,47,1790867460791
db496a,25,1790781960791
940af4,24,1790782860791
ac3d7f,52,1790867460791
8c4de4,48,1790867460791
f015da,54,1790867460791
7285c1,50,1790781960791
fdbec9,60,1790867460791
1dbb5c,24,1790782860791
947978,50,1790781960791
5ccb5b,18,1790867460791
9c973f,58,1790781960791
68998e,49,1790782860791
543b19,25,1790782860791
af973d,36,1790867460791
ebe1bb,31,1790782860791
3569ff,30,1790867460791
95c060,50,1790782860791
a41cc5,32,1790782860791
196479,58,1790782860791
3673a7,40,1790781960791
5230a7,29,1790867460791
bbeee8,25,1790782860791
f8d4aa,53,1790781960791
4a31f0,45,1790782860791
bd6c7c,21,1790782860791
23ad01,50,1790782860791
61fcd5,25,1790781960791
a332d4,16,1790782860791
03efda,47,1790781960791
ed34e9,60,1790781960791
ea6b3c,16,1790782860791
1aacc1,39,1790782860791
c65549,20,1790867460791
cfd585,34,1790781960791
65e29a,41,1790781960791
cefac4,53,1790867460791
76aa88,23,1790781960791
1c9e94,53,1790781960791
66ac0a,38,1790867460791
8007a0,41,1790782860791
5f3433,49,1790867460791
1447f2,22,1790781960791
3aafdb,56,1790781960791
fcfd6d,38,1790781960791
667465,40,1790782860791
a68155,31,1790781960791
508ce1,47,1790867460791
106b1e,58,1790782860791
3de87e,45,1790782860791
d83f8d,27,1790867460791
2882c5,44,1790782860791
167db0,49,1790782860791
a92bdf,48,1790781960791
205419,40,1790781960791
8e37d6,33,1790867460791
2c9aae,15,1790867460791
17d245,15,1790781960791
777570,34,1790782860791
e7bc70,15,1790781960791
02a431,22,1790781960791
43656b,37,1790782860791
b78096,19,1790781960791
6a62e3,38,1790781960791
63fb35,47,1790867460791
f85a2a,31,1790782860791
7f21fc,49,1790867460791
29c066,24,1790867460791
b11354,37,1790781960791
d7c118,26,1790781960791
ec1897,50,1790781960791
330ea9,57,1790782860791
4a666e,50,1790781960791
5d891a,22,1790782860791
3e943f,16,1790782860791
d486e2,54,1790781960791
d6bfd8,24,1790867460791
d3ff57,43,1790867460791
6fe8dc,57,1790782860791
7f26ad,29,1790782860791
66866e,52,1790782860791
67b836,24,1790782860791
5b6536,38,1790867460791
fc2332,17,1790867460791
563fd7,22,1790781960791
55a4e9,48,1790782860791
9ffed9,54,1790867460791
9eaad0,23,1790782860791
c17e3f,23,1790782860791
e6f94a,58,1790782860791
819e03,41,1790782860791
66f6f1,38,1790781960791
16ff12,53,1790867460791
132537,52,1790867460791
da885e,17,1790781960791
fcfd7c,26,1790781960791
c3405a,44,1790782860791
20d8e3,27,1790781960791
7be4ee,55,1790867460791
2e81d0,54,1790867460791
b43f47,19,1790867460791
b31058,30,1790867460791
426788,20,1790781960791
212199,36,1790782860791
875f9c,53,1790782860791
3d77cf,21,1790867460791
f822c3,31,1790867460791
7d6778,55,1790867460791
8d78b1,22,1790867460791
190cb9,27,1790867460791
bcfa3c,31,1790781960791
6f1dc7,44,1790781960791
2dc65c,46,1790867460791
93bc78,30,1790782860791
71ac6d,30,1790781960791
6b0141,54,1790867460791
272478,59,1790782860791
4eb226,45,1790781960791
2b37e0,31,1790867460791
a26fb2,41,1790782860791
306007,28,1790782860791
9f4b64,16,1790867460791
521b44,32,1790867460791
66f4ef,30,1790782860791
66ba9e,37,1790782860791
87f573,59,1790782860791
32d971,23,1790782860791
f1333a,54,1790867460791
2c6adf,38,1790867460791
f170ed,22,1790781960791
74af68,46,1790782860791
b9fe2c,31,1790867460791
23c2bf,54,1790781960791
28279d,17,1790781960791
570911,60,1790782860791
14b54d,54,1790867460791
c01a44,29,1790867460791
d24cc1,32,1790867460791
36ebb7,16,1790782860791
45738a,41,1790867460791
209441,16,1790867460791
bd2301,28,1790781960791
260631,28,1790781960791
c66899,37,1790867460791
77e11c,23,1790781960791
e80ad0,29,1790782860791
7685ad,43,1790782860791
168738,39,1790781960791
746705,20,1790867460791
d8a235,47,1790781960791
3bd22a,52,1790782860791
253754,60,1790781960791
2fd12c,56,1790781960791
134623,40,1790867460791
1bca2a,24,1790782860791
65d588,40,1790781960791
4105ee,15,1790867460791
8a1ddd,24,1790782860791
71c9e3,54,1790782860791
4677d9,35,1790781960791
cf854e,38,1790782860791
fd8275,36,1790781960791
1b2627,15,1790867460791
c3cff6,50,1790867460791
0a3582,45,1790781960791
dbafab,15,1790781960791
e341e5,27,1790781960791
5f670f,43,1790781960791
02c6e9,31,1790867460791
95801d,40,1790781960791
247de7,18,1790867460791
7306b5,47,1790867460791
de870d,53,1790867460791
cf5515,46,1790867460791
e47583,50,1790782860791
adf221,27,1790781960791
136ce6,53,1790867460791
f2aab1,45,1790782860791
a6064a,30,1790781960791
712b2d,26,1790867460791
469990,54,1790781960791
f94be8,24,1790781960791
9ec509,16,1790782860791
24a5f9,44,1790782860791
01d93c,32,1790867460791
806fae,32,1790782860791
839d03,60,1790867460791
f54999,46,1790782860791
04cd36,48,1790867460791
a18947,39,1790781960791
84afe9,23,1790782860791
108076,26,1790782860791
bd30d9,45,1790867460791
f87045,58,1790781960791
d4345a,15,1790782860791
6aaf8d,20,1790867460791
14855e,58,1790781960791
00ddb7,45,1790781960791
65e7d7,31,1790781960791
f47b2f,43,1790782860791
38b2e8,45,1790782860791
b14702,32,1790867460791
695cc1,57,1790782860791
62c968,49,1790782860791
23859b,36,1790781960791
fbf69e,52,1790781960791
99e19f,32,1790867460791
d9efbe,47,1790782860791
ea05a0,39,1790782860791
35c2ec,35,1790867460791
f08a3e,21,1790782860791
c61ea5,35,1790782860791
8e5a20,17,1790782860791
5557bc,36,1790867460791
2169b8,26,1790867460791
71a637,25,1790781960791
161c77,38,1790782860791
ee36f4,59,1790781960791
857e81,23,1790867460791
ac8eec,20,1790781960791
c87ca5,56,1790782860791
a6acda,46,1790867460791
c7a300,50,1790781960791
39495b,60,1790781960791
fad1ac,55,1790867460791
d7a557,22,1790867460791
842c5e,24,1790781960791
710734,40,1790782860791
9f273f,42,1790781960791
d1fec8,52,1790781960791
033957,48,1790782860791
5137d7,51,1790867460791
62669e,32,1790867460791
c1a3df,31,1790782860791
0fcef9,46,1790781960791
d56598,44,1790781960791
be7f05,40,1790781960791
bf0db4,50,1790782860791
f83539,50,1790867460791
771c5b,30,1790782860791
e197ce,22,1790867460791
eebe09,35,1790867460791
d4bc69,38,1790867460791
f38ef9,47,1790867460791
bd49d8,24,1790782860791
a1e8a0,19,1790782860791
0732a8,57,1790782860791
d02699,49,1790867460791
da31db,37,1790782860791
7e4310,34,1790781960791
c8eb44,29,1790781960791
a52a01,51,1790781960791
f60fa5,54,1790781960791
38a7ff,18,1790782860791
7086ec,42,1790867460791
315651,33,1790867460791
68e2c5,15,1790867460791
08793f,30,1790781960791
59e602,35,1790781960791
687beb,19,1790782860791
30cdf8,48,1790782860791
764cbf,31,1790867460791
04bbf4,59,1790782860791
3e6988,24,1790782860791
982c33,44,1790782860791
58bfcc,52,1790782860791
ebdba5,28,1790782860791
15efd7,56,1790867460791
34afd8,35,1790782860791
4b1261,59,1790781960791
fc76fc,16,1790781960791
feb941,40,1790781960791
5518a9,59,1790782860791
3bbf11,28,1790782860791
56ce4a,47,1790782860791
d28c02,36,1790781960791
9cb014,49,1790782860791
0319c8,31,1790782860791
5afec6,26,1790782860791
09e556,50,1790867460791
6d7ce6,49,1790867460791
84d63b,52,1790867460791
9177c0,51,1790782860791
948248,27,1790867460791
aac101,32,1790781960791
8843d7,52,1790781960791
059ab9,45,1790867460791
0883aa,45,1790781960791
83ce2b,48,1790781960791
aa870e,53,1790867460791
6f0fd1,25,1790867460791
5a8c13,40,1790867460791
3d0e37,30,1790781960791
53e223,30,1790782860791
6b98a1,53,1790781960791
83defa,27,1790782860791
6e1acc,52,1790782860791
a6a7b0,15,1790782860791
9d1c52,23,1790867460791
fa6f24,19,1790782860791
fb01ce,58,1790867460791
8a6bc0,48,1790867460791
7feeeb,56,1790781960791
5cbdb7,36,1790867460791
2c49ab,18,1790782860791
0ac0b9,15,1790867460791
a1e350,37,1790867460791
38b629,19,1790782860791
d7584d,32,1790781960791
0623cc,42,1790782860791
dfccfa,42,1790867460791
97b907,32,1790781960791
8bb869,44,1790782860791
13023d,18,1790781960791
8045fe,22,1790867460791
777d2d,52,1790782860791
663d1d,27,1790782860791
12db36,49,1790782860791
2234f0,39,1790867460791
d0db62,23,1790782860791
7c7570,19,1790782860791
5d7c8f,54,1790781960791
182e9a,51,1790867460791
fccdad,55,1790781960791
e60c0a,49,1790782860791
6f6a99,32,1790782860791
bd7784,45,1790782860791
6fba9d,49,1790867460791
39c5d7,56,1790781960791
073e48,29,1790781960791
6a9b36,56,1790867460791
ca91b7,33,1790781960791
32185f,48,1790781960791
b599f3,32,1790781960791
328d47,49,1790867460791
3d2f25,52,1790781960791
ac3476,56,1790867460791
f58cb3,30,1790781960791
41d34e,19,1790867460791
19dfa2,36,1790782860791
68df6e,26,1790867460791
63e83b,38,1790867460791
9dc286,32,1790781960791
1ddb7f,51,1790867460791
9285f6,34,1790867460791
87f656,47,1790781960791
5b1961,15,1790782860791
77675f,56,1790781960791
de7538,35,1790867460791
bc0ca8,24,1790867460791
92c85f,21,1790867460791
ba96dc,36,1790782860791
44677c,50,1790867460791
296c39,53,1790782860791
4741ed,19,1790781960791
19d077,30,1790867460791
bf371d,23,1790781960791
319a8d,26,1790781960791
3c0010,41,1790781960791
43c71f,25,1790782860791
ee9360,31,1790782860791
e994bc,46,1790782860791
54eedd,59,1790867460791
4676c8,46,1790781960791
7d60b3,52,1790781960791
1d2475,36,1790781960791
d91a77,27,1790781960791
316553,35,1790782860791
b59a0a,44,1790781960791
532483,43,1790782860791
6cfa18,33,1790782860791
49e092,15,1790781960791
875de3,56,1790867460791
ea7045,23,1790781960791
d26a39,57,1790782860791
75c59a,36,1790782860791
8c5537,47,1790867460791
361bdf,21,1790781960791
378436,39,1790781960791
4734f3,54,1790867460791
866de8,24,1790782860791
c58d3b,28,1790867460791
dc3035,31,1790782860791
2b80da,38,1790867460791
300f94,30,1790782860791
10a4c3,38,1790782860791
ab46e8,21,1790781960791
5715ee,36,1790781960791
c855da,16,1790867460791
b9b993,60,1790867460791
06a102,34,1790781960791
01d6fd,15,1790782860791
062f6a,22,1790781960791
69f404,31,1790782860791
2dedb9,50,1790781960791
bee2e3,18,1790781960791
2103a2,54,1790867460791
ebeabb,37,1790781960791
136246,57,1790781960791
b270c2,15,1790782860791
bc04ba,44,1790781960791
ebc92a,51,1790782860791
0dac44,54,1790867460791
4bd3d6,20,1790782860791
820ffe,27,1790782860791
339e6e,27,1790867460791
eb7a7f,39,1790782860791
870b9c,40,1790867460791
edc227,24,1790867460791
ce9eeb,57,1790781960791
eeed1c,41,1790867460791
47d0ac,40,1790781960791
f7e8db,25,1790867460791
847be5,56,1790867460791
a32097,46,1790782860791
093899,41,1790781960791
a37a0f,58,1790867460791
643bd7,18,1790867460791
340f8d,22,1790781960791
154a2b,41,1790867460791
e8621e,56,1790782860791
127c3e,22,1790867460791
039492,46,1790782860791
a834bd,36,1790867460791
aba9ac,34,1790781960791
a467ec,31,1790782860791
3fa987,39,1790867460791
c58e01,60,1790781960791
c00499,58,1790867460791
1c89b5,41,1790781960791
6051c4,16,1790781960791
f8b6db,45,1790782860791
d1b8d0,18,1790782860791
1494b0,50,1790781960791
db1dcf,43,1790781960791
facf72,57,1790867460791
c9ed6c,16,1790781960791
374829,40,1790781960791
2a2d52,36,1790782860791
c5b798,22,1790781960791
4b956f,46,1790867460791
4e90c7,19,1790782860791
3af90d,50,1790781960791
86b30d,37,1790867460791
6e1c23,44,1790867460791
34eba5,40,1790782860791
c84190,17,1790782860791
5939e5,57,1790781960791
9cf54a,55,1790867460791
79c6ff,20,1790781960791
7a19b7,40,1790782860791
9039bb,17,1790782860791
86d054,39,1790867460791
87be1b,29,1790782860791
d097a9,40,1790867460791
2fba3b,50,1790782860791
7b5d5c,54,1790867460791
eb5d40,15,1790781960791
cb4fc9,22,1790781960791
fff0d9,28,1790867460791
54697b,19,1790867460791
9755fd,56,1790782860791
578871,58,1790781960791
bc53d7,56,1790781960791
fa8cf5,30,1790867460791
8ea85b,24,1790867460791
5f9ced,48,1790782860791
36711e,15,1790782860791
c539fd,50,1790782860791
5ee94a,46,1790867460791
aa7ab2,53,1790781960791
402020,20,1790781960791
fd5fea,28,1790867460791
f45f15,44,1790781960791
0ce52a,50,1790781960791
eb2018,57,1790867460791
dffb0f,38,1790782860791
f1c668,47,1790867460791
db6ea7,50,1790867460791
2eaf03,42,1790781960791
40bcba,39,1790781960791
bedc84,60,1790867460791
0e1ff2,55,1790867460791
635506,32,1790782860791
f697db,50,1790782860791
0c5af2,53,1790782860791
e83f1d,31,1790781960791
eafc39,43,1790781960791
7eb21e,23,1790781960791
a6b2b8,46,1790867460791
4e432b,41,1790867460791
71cec1,38,1790782860791
ff4703,40,1790867460791
fbe27f,26,1790781960791
4f1ce7,27,1790781960791
8f21ac,57,1790781960791
259c91,45,1790781960791
239517,27,1790782860791
3d0f07,57,1790782860791
f3d653,56,1790867460791
aef3e6,48,1790782860791
c67557,28,1790781960791
d0621c,37,1790781960791
a28aed,33,1790782860791
37ec25,39,1790781960791
d0d855,40,1790867460791
d171b9,22,1790781960791
9d378c,42,1790781960791
dfec28,55,1790782860791
95716b,41,1790867460791
997d42,45,1790781960791
add715,42,1790867460791
3f0d56,17,1790781960791
cef379,35,1790867460791
ec5806,55,1790867460791
363275,40,1790781960791
4b49cd,53,1790782860791
992dbc,51,1790782860791
30905d,54,1790781960791
414773,49,1790781960791
8e4e91,30,1790867460791
3c3f35,55,1790782860791
c3d54b,41,1790867460791
55da6d,51,1790867460791
8bcd9a,47,1790867460791
cf8b94,60,1790781960791
8ad00c,60,1790867460791
08ee67,35,1790782860791
6b508f,22,1790867460791
63d1cd,56,1790781960791
c2e632,33,1790867460791
2220ba,32,1790781960791
fedd6f,49,1790781960791
3b0d9b,35,1790782860791
979074,55,1790782860791
2608e2,46,1790867460791
9719c3,42,1790867460791
5e257c,44,1790781960791
951552,35,1790867460791
529754,42,1790867460791
fefb56,48,1790781960791
40d290,17,1790867460791
0112eb,41,1790781960791
dba69d,16,1790782860791
e1f07f,37,1790782860791
9f7928,18,1790781960791
e73dee,41,1790867460791
28436c,60,1790781960791
0c4c06,25,1790781960791
a45535,25,1790781960791
a12342,22,1790781960791
d80b01,21,1790781960791
337335,29,1790781960791
9ccb20,44,1790781960791
9307da,26,1790867460791
4b1e98,34,1790781960791
90f785,37,1790867460791
61c671,42,1790867460791
0da7da,33,1790867460791
050852,17,1790782860791
2b26b0,41,1790781960791
0381a3,48,1790781960791
803e36,59,1790781960791
8cbb26,56,1790867460791
e6ca09,31,1790782860791
b89933,18,1790867460791
4f6dfe,41,1790781960791
2e8f82,41,1790782860791
2c4508,48,1790867460791
b33dda,42,1790781960791
768143,23,1790782860791
4620bb,47,1790867460791
a3568d,33,1790782860791
b9300c,35,1790781960791
2ae0f3,43,1790781960791
65518f,57,1790782860791
1c454b,42,1790867460791
c7f9bb,47,1790867460791
29a4dd,52,1790782860791
bfa0ec,16,1790867460791
fd5257,45,1790867460791
963769,23,1790781960791
ec1b75,27,1790867460791
bd6a22,16,1790782860791
0c95f0,37,1790782860791
ae5233,30,1790781960791
09b9d1,37,1790867460791
d644b1,56,1790782860791
da50d5,18,1790867460791
1ceb5e,16,1790782860791
58bceb,27,1790867460791
060086,53,1790781960791
ea64c6,41,1790781960791
45088b,33,1790867460791
c4ac4f,40,1790867460791
a677e8,57,1790867460791
2ecb8f,28,1790782860791
037897,58,1790782860791
e03a85,58,1790781960791
db84ce,40,1790781960791
c63bc2,35,1790782860791
7c82f5,36,1790867460791
e96310,28,1790781960791
e99869,53,1790782860791
4acfdc,24,1790782860791
af3542,29,1790867460791
9ad0af,15,1790782860791
f6c6ff,51,1790867460791
87803b,41,1790781960791
90c908,17,1790781960791
039422,50,1790867460791
7c5fb8,32,1790867460791
ef0c97,22,1790782860791
b766d8,60,1790867460791
2fe018,18,1790867460791
e3721d,51,1790782860791
2f6be4,27,1790782860791
b01959,47,1790782860791
d295f5,46,1790867460791
4d2042,28,1790782860791
4eaf18,39,1790867460791
2f1639,39,1790781960791
8447e7,54,1790782860791
60c319,58,1790782860791
ddd3b9,27,1790781960791
62873f,57,1790781960791
16cbff,20,1790782860791
cf2c8b,51,1790782860791
e614de,39,1790781960791
5a3afc,53,1790782860791
5ef439,58,1790782860791
0daf27,36,1790782860791
9e2077,53,1790781960791
a897c4,45,1790781960791
eb537f,18,1790782860791
673dd1,29,1790781960791
7b3d90,27,1790781960791
117791,20,1790781960791
d6db37,54,1790867460791
a1eb3d,59,1790867460791
8317e2,31,1790781960791
bb005a,33,1790782860791
03e55b,59,1790782860791
32e0e6,52,1790782860791
86e905,18,1790867460791
33f368,23,1790867460791
31c1be,21,1790867460791
56bd86,40,1790782860791
78a0d3,58,1790781960791
e090de,20,1790781960791
a1b2e3,41,1790867460791
4a84ed,34,1790867460791
432f6f,55,1790781960791
df4212,15,1790782860791
1033ee,19,1790867460791
2526cc,25,1790782860791
d7cd06,58,1790781960791
35797d,47,1790867460791
17bdb9,35,1790867460791
f1fb0e,34,1790867460791
d69429,33,1790782860791
65b353,35,1790867460791
e13664,50,1790782860791
b27f94,28,1790782860791
454868,29,1790781960791
af56ef,51,1790781960791
0a3ea4,43,1790867460791
0ddd69,31,1790867460791
095796,55,1790781960791
92a365,40,1790781960791
3e476a,40,1790867460791
f94f85,19,1790781960791
03a467,40,1790782860791
8f7fdf,20,1790781960791
3bdc30,22,1790867460791
1f6d98,35,1790781960791
c13dfc,24,1790782860791
6bd7df,46,1790782860791
5774c6,33,1790867460791
5e142b,51,1790781960791
18f7da,58,1790867460791
55c7e7,22,1790867460791
c4be67,47,1790781960791
897ae7,55,1790781960791
4873f5,26,1790867460791
1bac7b,46,1790782860791
ccf03a,59,1790781960791
1b968a,21,1790867460791
a2a016,32,1790781960791
f81039,57,1790781960791
459d07,17,1790781960791
7cacbe,47,1790867460791
37aaf1,31,1790867460791
1b3410,46,1790867460791
ece032,29,1790781960791
c21679,54,1790781960791
ed0d91,60,1790781960791
1f23d5,53,1790782860791
e6e609,37,1790781960791
5cd027,19,1790782860791
ecc913,51,1790867460791
c88e65,52,1790867460791
bcf7a2,23,1790867460791
7e1c1a,26,1790782860791
34a5ab,37,1790867460791
3ec993,29,1790782860791
679f4e,59,1790781960791
6ca814,17,1790781960791
5cba11,50,1790782860791
b8cc35,28,1790782860791
293185,40,1790781960791
9bb240,26,1790781960791
51ea9b,24,1790781960791
342881,43,1790782860791
36a0d8,31,1790782860791
90d162,50,1790782860791
88a5a6,41,1790867460791
c42850,19,1790782860791
0b0afb,58,1790781960791
45120e,18,1790782860791
47b06d,27,1790781960791
d524d6,32,1790782860791
2c0d56,59,1790781960791
c3a9b7,33,1790867460791
bb7f28,52,1790782860791
461d24,20,1790867460791
0bfd24,16,1790782860791
5825bd,38,1790781960791
9f6f9c,53,1790782860791
5aa7e5,15,1790782860791
e56ef4,42,1790867460791
f876e6,20,1790781960791
88e251,59,1790867460791
f8e16f,36,1790782860791
f87a92,33,1790867460791
1e18f1,27,1790782860791
20ef6e,42,1790781960791
638fe1,31,1790867460791
43cf2f,54,1790782860791
c87215,57,1790867460791
aa3102,57,1790867460791
b8ab48,23,1790782860791
006b19,50,1790782860791
725bfb,45,1790867460791
e3fdd3,60,1790782860791
285cf4,26,1790781960791
0ae757,49,1790867460791
694d8e,29,1790867460791
8ca1c1,48,1790781960791
24036b,15,1790781960791
a6abd2,54,1790782860791
fc010d,51,1790867460791
22646c,47,1790781960791
32f25c,16,1790782860791
f04784,58,1790867460791
dac769,57,1790867460791
defccb,17,1790781960791
0851b5,21,1790782860791
0178b8,24,1790782860791
375aa8,42,1790782860791
0f68fa,40,1790781960791
39ed9d,31,1790782860791
272c77,38,1790782860791
d5d335,16,1790782860791
ba808b,44,1790867460791
20c26d,37,1790867460791
3e89c8,35,1790867460791
c199bc,18,1790782860791
5a1464,56,1790782860791
62f90c,20,1790867460791
b1609e,19,1790782860791
876c1e,46,1790782860791
a666dd,57,1790867460791
2d7058,45,1790781960791
c097bb,50,1790867460791
0f3359,28,1790781960791
5cf219,53,1790781960791
ada821,44,1790867460791
9792b3,28,1790867460791
5a2758,16,1790782860791
fcf759,17,1790781960791
74e8cf,25,1790867460791
449013,45,1790781960791
f68b88,29,1790782860791
2cdf80,28,1790867460791
b01101,39,1790867460791
eb0415,37,1790782860791
b350ce,29,1790781960791
2d668a,52,1790781960791
ff5f45,46,1790781960791
a13a14,18,1790781960791
368f6e,24,1790867460791
20eace,30,1790782860791
f16fa2,21,1790781960791
8a47c6,55,1790782860791
59babc,45,1790867460791
1c0daf,45,1790782860791
d24554,39,1790781960791
331722,21,1790782860791
6e3131,49,1790782860791
9ef87b,37,1790782860791
2afdfb,45,1790782860791
8949dd,23,1790781960791
218ad2,28,1790782860791
3ff9f1,42,1790867460791
d4c87d,56,1790781960791
5f1244,38,1790781960791
d8cc5b,21,1790782860791
978f60,21,1790867460791
02277e,32,1790867460791
598eff,39,1790781960791
baec74,55,1790867460791
88bd97,57,1790782860791
531813,46,1790782860791
34a0b0,59,1790781960791
64f497,31,1790782860791
457c2a,25,1790781960791
3e7347,57,1790782860791
0f67a6,38,1790782860791
c30925,54,1790867460791
07b4e6,29,1790867460791
0a2e39,32,1790782860791
579811,35,1790867460791
42d8ab,20,1790782860791
06e34d,35,1790867460791
123b08,47,1790782860791
5d17a7,27,1790867460791
5f3b60,49,1790867460791
2e5eac,25,1790867460791
9acb97,31,1790781960791
b691e6,54,1790867460791
8c94dc,24,1790867460791
15ce78,21,1790782860791
32106f,15,1790867460791
fa470b,59,1790781960791
899a0b,48,1790782860791
4469bf,54,1790781960791
bbe543,33,1790782860791
0957ea,45,1790781960791
77ee8f,53,1790782860791
350bdc,47,1790782860791
13d714,40,1790782860791
0672fe,25,1790781960791
f6f20c,51,1790782860791
a1a865,58,1790781960791
26c53e,36,1790867460791
7e6faa,50,1790781960791
f4ebb8,29,1790867460791
1ad0c6,49,1790781960791
90bacd,51,1790782860791
446eac,26,1790781960791
84c061,28,1790781960791
7cd95c,16,1790867460791
d07749,51,1790781960791
85671e,41,1790867460791
79de46,52,1790781960791
e838da,16,1790781960791
5ab5a1,45,1790781960791
8135b6,54,1790782860791
8f6017,51,1790782860791
3f34c4,44,1790781960791
cfd8a4,46,1790781960791
9df65f,19,1790867460791
0c184a,22,1790782860791
876241,17,1790781960791
913ef4,52,1790867460791
8c1cc4,60,1790781960791
1ff322,52,1790782860791
a3beb9,54,1790781960791
13f867,48,1790782860791
ca3cc0,40,1790781960791
4879f6,43,1790782860791
2223c4,22,1790781960791
b2442c,29,1790781960791
b3def9,16,1790867460791
f4cb11,21,1790782860791
22800f,16,1790782860791
833c0e,37,1790867460791
b2487d,52,1790867460791
89ec29,16,1790781960791
646050,34,1790781960791
b801fc,53,1790867460791
9100f9,42,1790781960791
e0147c,42,1790867460791
5f2e93,32,1790781960791
735da0,28,1790782860791
624823,60,1790781960791
f81bc4,55,1790781960791
959276,26,1790781960791
9259be,60,1790867460791
414efa,20,1790781960791
47053e,38,1790782860791
4ee70f,21,1790781960791
98b8a7,18,1790782860791
1857da,27,1790782860791
eb4363,16,1790781960791
8cfe08,50,1790781960791
edd8b9,53,1790782860791
22529d,42,1790867460791
8ae953,30,1790867460791
7d85ec,48,1790781960791
f3e34e,47,1790782860791
7bafd6,55,1790781960791
5faa37,35,1790867460791
012e12,41,1790782860791
88b43e,26,1790867460791
24e483,46,1790781960791
d1a191,57,1790867460791
0f3469,59,1790867460791
945ee8,55,1790782860791
df724c,54,1790782860791
c31a6f,28,1790782860791
97f853,19,1790781960791
d83df1,32,1790781960791
b64957,51,1790867460791
98f225,44,1790782860791
aad5c4,54,1790782860791
bfd60f,47,1790782860791
a18075,16,1790867460791
1c4fbe,35,1790781960791
14a80d,25,1790867460791
2c0f66,60,1790782860791
aff587,22,1790781960791
f9f70e,48,1790867460791
da682e,41,1790867460791
eb50d9,35,1790782860791
b9eeb8,37,1790867460791
c06760,23,1790867460791
a7782c,54,1790781960791
c29970,42,1790782860791
95150c,18,1790782860791
e920c4,50,1790867460791
b4432f,52,1790782860791
59804e,34,1790782860791
91f48b,55,1790867460791
ff460b,58,1790781960791
16ec72,47,1790781960791
c3442f,23,1790782860791
8dafbd,37,1790782860791
da6c3d,50,1790781960791
d6e61c,30,1790782860791
61b908,15,1790781960791
3e01d4,54,1790781960791
30064a,38,1790781960791
659f03,30,1790781960791
aa93ce,32,1790781960791
10ca1e,31,1790867460791
c7fba4,15,1790782860791
66643f,47,1790781960791
a5eb43,41,1790867460791
cc0772,27,1790782860791
7cd18a,57,1790867460791
2b78a9,15,1790781960791
3dcc30,60,1790867460791
a5efb3,29,1790782860791
685e5a,31,1790781960791
d1d550,18,1790782860791
0cfbb8,23,1790782860791
9ee812,31,1790782860791
2c0f25,26,1790781960791
32bc56,19,1790781960791
7c80aa,45,1790782860791
b4128f,33,1790782860791
1afcb4,36,1790781960791
d6da0a,40,1790781960791
a89b46,41,1790781960791
53f7d9,55,1790782860791
3af8f0,30,1790781960791
09501b,53,1790782860791
2772b9,27,1790867460791
527930,15,1790782860791
301755,57,1790781960791
a98dbc,56,1790867460791
0b7432,56,1790782860791
77047b,45,1790782860791
7b8b92,35,1790782860791
68a31c,31,1790782860791
992f5b,21,1790867460791
4c4015,15,1790781960791
03ab68,42,1790867460791
2d3b43,16,1790867460791
17578e,23,1790781960791
c9ad73,35,1790782860791
1e7984,17,1790782860791
4f7cb7,42,1790781960791
a265d1,60,1790781960791
423bcf,53,1790781960791
d748f2,24,1790867460791
e672ff,18,1790781960791
a4eca2,35,1790782860791
36771a,52,1790782860791
646165,29,1790867460791
244a64,49,1790782860791
077285,20,1790867460791
516a9b,58,1790782860791
697a18,42,1790782860791
0ef5c1,27,1790867460791
8332e7,57,1790867460791
752218,44,1790782860791
78c309,22,1790782860791
911508,20,1790781960791
2775b1,48,1790867460791
a5536e,18,1790867460791
cf6d6c,59,1790867460791
f3a763,29,1790782860791
3be710,27,1790782860791
685954,58,1790782860791
157dfe,30,1790867460791
bfe069,57,1790867460791
c03db9,19,1790782860791
6f3e4c,23,1790867460791
15e735,35,1790867460791
ff87be,48,1790782860791
b296d6,17,1790781960791
9fa578,24,1790782860791
401342,27,1790781960791
fb91d1,17,1790867460791
10a3cd,48,1790867460791
59572c,23,1790782860791
24ac43,16,1790867460791
e81cd1,49,1790782860791
e5c253,40,1790867460791
93f160,24,1790867460791
8ea0e4,53,1790782860791
ae6c29,35,1790781960791
b3d19a,36,1790781960791
3866d2,39,1790781960791
07d7cc,59,1790867460791
32d156,42,1790781960791
2a544a,48,1790782860791
8e7866,43,1790782860791
5aa800,45,1790781960791
68bf1d,36,1790867460791
a7fd63,54,1790781960791
63fe72,49,1790782860791
976af3,52,1790867460791
f64ad3,23,1790867460791
a38817,16,1790781960791
19b61d,55,1790782860791
51b537,28,1790782860791
10a3d9,46,1790782860791
c5eb34,17,1790782860791
1a65a8,17,1790781960791
afee2c,51,1790782860791
a6cd49,20,1790782860791
6f2698,28,1790782860791
7e99cd,42,1790781960791
954dea,57,1790781960791
b5c0a6,50,1790781960791
6937b1,23,1790781960791
172511,42,1790867460791
e047cd,60,1790781960791
ddf929,36,1790782860791
879ac0,60,1790867460791
ff7c46,25,1790781960791
0fa9db,49,1790782860791
d2fa20,20,1790867460791
447b89,24,1790781960791
206d25,53,1790781960791
c5258a,39,1790782860791
2f9b6c,35,1790782860791
c59280,35,1790781960791
911cc2,17,1790781960791
35d3b0,34,1790781960791
bcefac,50,1790782860791
7e964e,56,1790782860791
7704b8,46,1790782860791
c56949,47,1790781960791
bc0968,60,1790867460791
26f82f,35,1790782860791
eaadd3,30,1790781960791
883a1f,19,1790867460791
34f50c,15,1790867460791
00b61f,57,1790867460791
df0a7d,24,1790782860791
72a25e,41,1790781960791
b1cbb7,25,1790782860791
6ff80a,19,1790782860791
d33272,58,1790781960791
06e192,50,1790867460791
749dda,43,1790782860791
b64926,27,1790867460791
909573,18,1790782860791
d8077e,59,1790782860791
5816fd,45,1790867460791
3a95bd,44,1790867460791
0eb00e,42,1790867460791
10eefd,28,1790782860791
688e72,33,1790867460791
fb634c,57,1790782860791
caa287,53,1790781960791
ba5dfc,19,1790781960791
d8d49c,32,1790781960791
2831cb,18,1790867460791
f44bc3,28,1790782860791
65836d,52,1790867460791
04e334,22,1790782860791
08a339,23,1790867460791
37c121,18,1790867460791
fa93f0,25,1790781960791
316c56,19,1790781960791
0df441,60,1790782860791
6e24b2,33,1790867460791
b3d574,39,1790867460791
dc7fac,41,1790781960791
971d1c,43,1790781960791
8d642f,28,1790782860791
a2ae4a,41,1790782860791
5056dc,58,1790781960791
2d7372,52,1790781960791
478237,60,1790782860791
29b1d6,36,1790782860791
2e60d2,29,1790867460791
717345,27,1790782860791
4cea06,46,1790867460791
1e1f6f,34,1790782860791
54dcc4,16,1790781960791
66bd35,27,1790867460791
708f33,41,1790782860791
9c3ec5,21,1790781960791
b9bf73,48,1790782860791
cb0c1a,42,1790781960791
4d135a,15,1790781960791
d3ff6e,30,1790867460791
be94cc,53,1790867460791
b0a935,41,1790867460791
5629dc,38,1790781960791
cbe05b,36,1790867460791
b277ac,39,1790867460791
cce629,55,1790782860791
85d752,39,1790782860791
d1aaab,43,1790867460791
8eb3db,39,1790781960791
0bda4b,29,1790781960791
6cb007,57,1790867460791
8872a8,26,1790781960791
5727b1,35,1790867460791
cc67d0,31,1790867460791
f73dab,17,1790782860791
b93aab,35,1790782860791
cd4c87,48,1790782860791
4862c0,33,1790781960791
5fc3c9,25,1790867460791
446055,48,1790781960791
7a9159,41,1790781960791
9cb008,33,1790781960791
a4d04e,20,1790782860791
381aa8,39,1790782860791
1338e4,42,1790782860791
5e8786,54,1790782860791
05b987,22,1790867460791
89b3b9,58,1790781960791
cacdd9,18,1790867460791
7d75be,47,1790781960791
cca4f1,45,1790781960791
645d23,37,1790867460791
a2806c,59,1790867460791
97548e,20,1790782860791
76c647,47,1790781960791
7393e0,50,1790781960791
36be3f,37,1790867460791
6bb336,33,1790781960791
1b1eec,15,1790867460791
4a7e76,55,1790781960791
0037db,20,1790782860791
1a8883,41,1790782860791
403e27,51,1790781960791
c590f3,46,1790781960791
80e619,38,1790782860791
493593,36,1790781960791
4b7a76,57,1790867460791
93561e,43,1790782860791
ca70b1,58,1790867460791
b133e7,30,1790867460791
35aeb6,25,1790782860791
bd81fe,53,1790781960791
0b0ff3,26,1790867460791
fc743f,18,1790867460791
26dc6c,41,1790867460791
605718,58,1790867460791
7692d6,26,1790781960791
ed90e4,60,1790781960791
9931c1,54,1790867460791
eb1736,23,1790867460791
07f1bc,16,1790782860791
88ab08,56,1790782860791
cd07bd,42,1790781960791
b1a90d,58,1790781960791
462202,52,1790867460791
9ef744,27,1790782860791
45019f,53,1790867460791
4aa177,37,1790781960791
00fbca,26,1790867460791
c4768b,32,1790867460791
36773c,60,1790867460791
eb53f8,43,1790781960791
ee85ee,37,1790782860791
d26e1f,17,1790782860791
b0745f,53,1790782860791
c05f55,46,1790781960791
97d9c7,19,1790781960791
63a91e,24,1790782860791
4242ed,60,1790867460791
8a740a,29,1790782860791
ff77a1,23,1790782860791
f3aa52,51,1790867460791
548d6f,41,1790867460791
6e5d49,19,1790781960791
337344,49,1790867460791
f8da74,39,1790867460791
6f7fba,52,1790782860791
d07f26,21,1790867460791
c070da,47,1790781960791
2dbae5,16,1790781960791
d409b8,26,1790867460791
f9420e,40,1790781960791
075a3e,41,1790867460791
4c6deb,27,1790867460791
0619c3,58,1790781960791
a2f7ba,41,1790782860791
9d0ec9,21,1790781960791
1862c3,39,1790781960791
5e9424,27,1790781960791
7ed1e5,33,1790781960791
1a1319,49,1790781960791
80f77c,59,1790782860791
57e5c4,40,1790782860791
bb48fe,46,1790781960791
a88bca,29,1790781960791
2d869b,59,1790781960791
fe4170,28,1790781960791
017ca7,19,1790782860791
775235,58,1790867460791
5243c9,33,1790781960791
1528ee,33,1790781960791
fd9931,25,1790782860791
a526ee,26,1790782860791
a84777,54,1790782860791
8f7eb3,55,1790782860791
58a2a8,41,1790782860791
03474c,45,1790782860791
d297cb,55,1790781960791
446bf1,37,1790782860791
ef7a72,36,1790781960791
d838c1,36,1790867460791
6fe24a,58,1790867460791
3db75f,28,1790781960791
ac7104,22,1790867460791
c3b2a4,42,1790781960791
31c8b2,19,1790867460791
ee2aa7,16,1790867460791
aa672a,60,1790782860791
fa8142,24,1790782860791
74f773,33,1790867460791
d48d59,43,1790782860791
cacb70,45,1790782860791
ec4e60,47,1790781960791
7f1229,36,1790782860791
4dbdd9,19,1790781960791
aa2b0c,49,1790867460791
8e43c4,59,1790782860791
5ea85b,35,1790867460791
c73687,25,1790782860791
fe8bcc,45,1790782860791
f5519f,41,1790867460791
6d0476,19,1790781960791
abac37,22,1790781960791
4472e5,43,1790781960791
ed1f30,48,1790867460791
0acae8,22,1790867460791
8a7dd2,41,1790867460791
b2e5d8,53,1790867460791
fa89cb,50,1790782860791
f414c1,24,1790867460791
ddc133,34,1790867460791
546292,51,1790782860791
f274a3,33,1790782860791
eaaf9b,16,1790781960791
5818b0,46,1790867460791
298bf8,41,1790867460791
73a6cd,39,1790782860791
41152f,50,1790867460791
77d115,45,1790867460791
1cba7f,54,1790867460791
01ebd8,42,1790782860791
1667b9,43,1790867460791
e05056,49,1790782860791
58f46a,58,1790781960791
b48976,54,1790782860791
2ad724,41,1790781960791
3bde30,47,1790782860791
1b5d97,30,1790781960791
e487c7,59,1790781960791
d84dbd,57,1790782860791
8fc65b,54,1790867460791
ea890e,24,1790781960791
c513fa,40,1790781960791
3c4a27,43,1790867460791
020888,60,1790781960791
8c4fd0,51,1790781960791
922b84,31,1790867460791
f90097,32,1790867460791
8e3c98,39,1790781960791
85ffc4,35,1790782860791
69a1aa,50,1790781960791
1ba877,51,1790781960791
fc92af,44,1790781960791
4d23fc,39,1790781960791
455490,31,1790781960791
a85b27,42,1790867460791
405825,27,1790782860791
90c870,22,1790781960791
97d759,49,1790781960791
5329dc,29,1790867460791
56a78c,46,1790867460791
501df0,49,1790781960791
4b6c4c,17,1790782860791
62e43d,58,1790781960791
3c451b,47,1790782860791
26a551,19,1790867460791
5bb29d,44,1790781960791
a24cd9,30,1790867460791
aaacb4,44,1790782860791
644620,27,1790867460791
8ae26f,18,1790867460791
1637e4,20,1790781960791
17426f,40,1790781960791
805068,28,1790867460791
58dbab,17,1790782860791
178ef3,34,1790867460791
a3d108,52,1790782860791
6e158e,57,1790867460791
dafa09,35,1790781960791
0c175f,21,1790867460791
22ea30,21,1790782860791
d60931,27,1790782860791
a4b4d3,29,1790781960791
7cf7d0,41,1790781960791
51427e,43,1790867460791
7fd752,58,1790781960791
f48f39,51,1790781960791
795e25,24,1790867460791
3fff36,48,1790782860791
452d79,44,1790781960791
02f715,46,1790781960791
91140d,25,1790867460791
32ccba,50,1790781960791
e61841,29,1790867460791
32954e,53,1790867460791
a5cb11,51,1790782860791
fd1bec,52,1790781960791
b31cda,22,1790781960791
d0c184,36,1790781960791
a21bb8,43,1790782860791
cbeaf5,53,1790867460791
391089,41,1790781960791
f91bfc,17,1790782860791
89d298,42,1790781960791
0750d8,30,1790782860791
8f85ad,39,1790781960791
0bc5b4,25,1790867460791
2de13b,23,1790782860791
cd35b3,55,1790782860791
5298d5,48,1790867460791
7142d9,20,1790782860791
25002f,52,1790867460791
410a68,26,1790782860791
b99abf,50,1790781960791
4b366b,49,1790782860791
16bddc,36,1790867460791
11122d,44,1790781960791
890eb4,45,1790782860791
1a401c,47,1790781960791
e6c543,28,1790867460791
c68ee1,32,1790781960791
41241d,21,1790782860791
11cd1e,21,1790867460791
4d8550,57,1790782860791
66d771,45,1790781960791
a73bc4,34,1790781960791
1d9566,18,1790867460791
3183bf,47,1790781960791
99612b,32,1790782860791
be6c26,45,1790867460791
7dd81a,29,1790781960791
e198d9,60,1790782860791
57d922,54,1790867460791
88ce68,32,1790782860791
7f739a,41,1790781960791
59c583,44,1790867460791
29a896,48,1790867460791
05d324,53,1790867460791
b2d3ba,35,1790781960791
99281c,54,1790781960791
ccc9a8,17,1790782860791
6fdedc,58,1790867460791
0dfa0e,40,1790867460791
acfb88,58,1790781960791
d1d2c3,34,1790867460791
cbc476,39,1790867460791
bc19be,59,1790867460791
159b62,56,1790781960791
135431,47,1790781960791
197327,60,1790781960791
d3bef4,42,1790867460791
b21192,44,1790782860791
1b59dd,50,1790782860791
155dd5,31,1790781960791
e47e1d,46,1790782860791
ea4940,46,1790782860791
29cccb,46,1790781960791
766200,29,1790781960791
916b03,22,1790867460791
0e7b1f,21,1790781960791
fc7285,30,1790782860791
45041e,19,1790782860791
2e7aa1,19,1790867460791
59863a,60,1790867460791
d1ccf6,35,1790867460791
be7efd,43,1790782860791
35b929,42,1790782860791
5b41fb,17,1790781960791
244cd0,34,1790781960791
8f47d8,43,1790867460791
e12079,36,1790782860791
23e9a9,54,1790781960791
8b8e0c,20,1790867460791
d99ded,59,1790781960791
fba9a7,50,1790782860791
977ffd,18,1790781960791
36d790,54,1790781960791
6c7081,39,1790782860791
dea908,40,1790781960791
2833a4,35,1790867460791
4dc32f,52,1790867460791
a952a2,41,1790781960791
a24d6f,49,1790867460791
2d1ee1,58,1790782860791
c5ebd8,37,1790782860791
e451ff,20,1790782860791
117c76,58,1790782860791
92acd6,41,1790867460791
219bdd,60,1790782860791
0a978f,24,1790867460791
109732,43,1790781960791
ba8f3a,49,1790867460791
dacf99,54,1790782860791
eab4a3,19,1790782860791
a4dcf8,41,1790782860791
5eb8dd,29,1790782860791
938182,51,1790781960791
f5b279,38,1790867460791
f61b2c,40,1790782860791
9ddc95,39,1790782860791
f84b59,58,1790867460791
b24b0f,48,1790781960791
76cace,59,1790782860791
e71dc5,16,1790782860791
70644d,60,1790781960791
aee1cc,39,1790867460791
3e4644,57,1790867460791
e54340,48,1790781960791
3266fa,37,1790781960791
be50ee,58,1790867460791
28ea4e,58,1790781960791
14261c,41,1790867460791
83b99e,20,1790781960791
842bb8,37,1790867460791
dc58ff,47,1790867460791
b4b3c5,57,1790782860791
1a4a9c,20,1790781960791
36dfa0,44,1790867460791
10163e,19,1790867460791
34e24a,26,1790782860791
65e010,48,1790781960791
463aa5,50,1790867460791
808d67,41,1790867460791
a369a9,39,1790781960791
3ae193,19,1790782860791
2261fa,48,1790867460791
8a4bb6,15,1790781960791
665339,36,1790867460791
219eb9,40,1790782860791
43ea77,55,1790782860791
563239,60,1790867460791
ae0cd4,19,1790867460791
cef323,55,1790781960791
18a87f,26,1790782860791
c0857c,19,1790782860791
77d6a3,59,1790781960791
71866b,57,1790781960791
262736,26,1790782860791
077f11,58,1790781960791
dc08d0,54,1790867460791
875233,27,1790867460791
62ccff,51,1790867460791
e6211a,43,1790781960791
c854bc,35,1790781960791
e74a5a,40,1790867460791
e30713,43,1790782860791
8bf65f,32,1790867460791
b327eb,51,1790781960791
177e25,55,1790782860791
befb62,32,1790782860791
fd2fda,55,1790781960791
f940a4,24,1790867460791
bb8205,37,1790867460791
0d044e,31,1790782860791
740772,17,1790781960791
cf059f,42,1790867460791
13b9a5,21,1790781960791
71796f,34,1790782860791
4bb3ce,58,1790781960791
9db2ae,22,1790867460791
83804f,57,1790782860791
30b6c7,23,1790781960791
bd8039,32,1790781960791
160680,29,1790781960791
a60fd4,40,1790782860791
e7ad3f,18,1790782860791
00910c,35,1790781960791
607c6b,41,1790867460791
d4337b,51,1790867460791
fd4e2d,15,1790867460791
46126f,32,1790781960791
073c14,15,1790867460791
a80386,22,1790782860791
d6e731,46,1790867460791
e3855b,56,1790781960791
415a5b,26,1790781960791
ad261a,22,1790782860791
661ff5,45,1790781960791
423577,29,1790781960791
0f94f7,58,1790781960791
04f70b,38,1790782860791
098c73,25,1790782860791
bdead7,57,1790781960791
ea3c1c,23,1790867460791
6901ca,33,1790781960791
890005,50,1790867460791
4546dd,35,1790782860791
8ae434,58,1790781960791
1f1caa,54,1790781960791
edfbc5,59,1790781960791
6dd7da,59,1790781960791
656410,15,1790867460791
ac7c3e,56,1790781960791
2ece16,24,1790867460791
586874,32,1790781960791
4f407f,21,1790867460791
e5b98b,60,1790781960791
16dba7,26,1790782860791
1d636c,21,1790781960791
59f27b,54,1790782860791
94ea8e,34,1790781960791
98cb7c,46,1790781960791
9afe22,20,1790781960791
19fbf3,32,1790867460791
d18b54,45,1790781960791
3a115c,43,1790781960791
f6e5b1,38,1790867460791
cc2fc7,26,1790782860791
e70f6c,31,1790781960791
d6e08d,25,1790782860791
e94f1e,18,1790867460791
3b6ec7,49,1790782860791
dab608,57,1790781960791
0c426f,20,1790781960791
c65993,38,1790867460791
85c507,41,1790782860791
7a0ca0,15,1790782860791
d4f5e3,42,1790867460791
279a28,19,1790782860791
d91694,50,1790867460791
5ef072,18,1790782860791
2818a8,18,1790781960791
e96189,31,1790867460791
8a2424,27,1790867460791
3f4063,40,1790781960791
6a3f31,25,1790867460791
6717fb,39,1790867460791
bd2f11,58,1790781960791
8b0f34,19,1790781960791
170d0f,49,1790867460791
81c99d,36,1790867460791
47dc08,18,1790781960791
a55ec0,24,1790781960791
94b029,52,1790782860791
a48f6d,38,1790867460791
9cd430,33,1790781960791
0a4ec3,43,1790782860791
3ee24d,43,1790781960791
2bee73,17,1790867460791
dcab42,53,1790867460791
9bd430,34,1790782860791
d66036,51,1790867460791
8dbd6f,38,1790781960791
e7af15,36,1790781960791
22cc87,21,1790782860791
380f57,46,1790781960791
c8a6b0,22,1790782860791
fd27ab,24,1790867460791
c63b93,60,1790782860791
2c9bb4,40,1790781960791
b2edae,19,1790867460791
c2153d,41,1790782860791
1dd4b1,32,1790782860791
3e1b44,28,1790781960791
2261e8,59,1790782860791
b03446,30,1790782860791
1ef38d,29,1790781960791
10132a,45,1790867460791
855c91,46,1790781960791
535f96,53,1790782860791
3e215d,44,1790867460791
8b3733,55,1790782860791
26d91c,58,1790867460791
e52fbc,23,1790781960791
2dceef,57,1790781960791
f59b26,35,1790867460791
a27ca5,20,1790867460791
dd7565,20,1790782860791
474c9e,46,1790867460791
45f918,59,1790867460791
ef5e87,46,1790782860791
1fadf6,49,1790781960791
f843da,40,1790867460791
816e71,40,1790867460791
7ce4ab,52,1790781960791
7aa680,56,1790781960791
8ede3f,34,1790867460791
616c24,58,1790867460791
1919f5,17,1790867460791
774c74,25,1790782860791
883721,42,1790867460791
a3d178,48,1790867460791
df5913,45,1790781960791
3c42bd,60,1790782860791
ec9ea1,58,1790782860791
d2f266,24,1790781960791
11c846,17,1790782860791
1d6176,38,1790867460791
3b49ac,36,1790867460791
16679a,23,1790781960791
240064,29,1790867460791
5440e3,39,1790781960791
c7862d,16,1790867460791
76fe7f,30,1790782860791
edcf14,43,1790782860791
ec3612,43,1790867460791
a88bd0,49,1790782860791
dfbfa1,41,1790867460791
fd0a6c,55,1790781960791
88572c,59,1790781960791
c613c4,48,1790867460791
91294d,25,1790781960791
c19c8b,41,1790781960791
02724c,58,1790782860791
2a7c46,51,1790867460791
6c56e0,16,1790867460791
06f703,38,1790781960791
062a24,54,1790781960791
cbb2c5,33,1790782860791
d394e9,29,1790782860791
8bf567,56,1790867460791
bf641a,15,1790781960791
19443e,55,1790781960791
382bc9,29,1790867460791
c186bf,38,1790867460791
9872cb,47,1790782860791
8a3dc8,19,1790781960791
982cab,40,1790781960791
1e3c95,38,1790867460791
c4aeb5,35,1790781960791
47f44e,29,1790867460791
0d8234,19,1790781960791
fc502f,32,1790781960791
a60e0d,45,1790782860791
200677,24,1790781960791
3da912,57,1790867460791
6771b3,46,1790782860791
343042,32,1790867460791
00bf9f,19,1790867460791
4a9579,30,1790867460791
6b7e0e,46,1790782860791
542e39,23,1790781960791
fbda71,55,1790867460791
e7c543,59,1790781960791
ed8faf,42,1790782860791
fbd4c0,18,1790782860791
8fbb81,25,1790781960791
4a7ad8,19,1790782860791
382f63,35,1790867460791
441037,50,1790782860791
fc5803,45,1790781960791
6847df,23,1790781960791
b97518,49,1790867460791
a0dd2f,38,1790782860791
75a792,33,1790781960791
d03288,53,1790782860791
6c5356,27,1790781960791
e4dceb,35,1790782860791
1d5e06,38,1790782860791
1ffce1,49,1790782860791
e2c462,28,1790781960791
9c47ea,54,1790781960791
2f9840,32,1790781960791
7b8cca,20,1790867460791
f8e299,39,1790781960791
0d021e,51,1790867460791
3aa0fc,36,1790781960791
8d2a1c,42,1790781960791
64ba2e,44,1790782860791
69a020,25,1790781960791
01ed0d,16,1790782860791
17afb8,57,1790867460791
acb57c,40,1790782860791
f5c29f,39,1790782860791
43f4d3,26,1790867460791
d6522a,20,1790782860791
b02d85,22,1790782860791
91e49b,35,1790782860791
3b25be,58,1790781960791
8c4c25,20,1790781960791
9c9169,55,1790782860791
956e71,47,1790867460791
c0983c,26,1790867460791
b653a0,33,1790867460791
c4a019,50,1790782860791
1f636b,58,1790781960791
6244dc,43,1790782860791
8b5428,23,1790867460791
e34c0d,31,1790781960791
0aa4ad,38,1790781960791
d1bb33,51,1790782860791
e5eb64,39,1790867460791
af3cab,56,1790781960791
b9c675,31,1790781960791
14d4fc,41,1790867460791
4249f6,19,1790782860791
0a0be7,32,1790867460791
40c9d9,30,1790782860791
bc4328,25,1790782860791
6ed364,57,1790782860791
1cbcb2,59,1790867460791
fc10e0,22,1790782860791
8c75d6,45,1790781960791
129110,55,1790782860791
adadf6,52,1790782860791
081a8f,32,1790781960791
75e28e,16,1790782860791
43c23b,16,1790781960791
2f8e42,36,1790867460791
24b4c7,41,1790867460791
5a1aa0,37,1790782860791
d89ac4,22,1790782860791
785d26,58,1790781960791
4d0985,25,1790867460791
79d7b6,42,1790781960791
a482e6,21,1790867460791
d05078,46,1790782860791
abedb1,24,1790782860791
12862c,59,1790782860791
413b54,38,1790867460791
3a2d2c,27,1790782860791
353306,44,1790781960791
7a2697,51,1790867460791
50e20b,46,1790781960791
1e8bd8,52,1790782860791
0724b1,44,1790782860791
d6e06a,59,1790782860791
5001d8,55,1790781960791
c17d59,58,1790781960791
2fc078,17,1790782860791
d089fd,37,1790782860791
b6c94c,21,1790867460791
1fb752,51,1790782860791
81e7cc,27,1790782860791
6c4e2d,39,1790782860791
84f0cd,49,1790781960791
1a5231,50,1790781960791
cd46c2,37,1790782860791
4d037b,34,1790782860791
c6f177,34,1790867460791
243736,42,1790867460791
ea85ba,36,1790782860791
c73739,53,1790782860791
7248b1,52,1790782860791
5fe8fb,59,1790867460791
b3743e,25,1790867460791
74ad1b,21,1790867460791
15eed6,19,1790867460791
c40b78,18,1790782860791
6d6621,42,1790781960791
85deea,49,1790781960791
e908b3,29,1790867460791
41afe9,34,1790782860791
9e11ee,40,1790781960791
a1269d,56,1790781960791
81ef82,58,1790867460791
29c36c,57,1790782860791
cc7677,17,1790781960791
3bc060,46,1790867460791
091439,23,1790782860791
ab2525,29,1790867460791
0ce07e,34,1790867460791
500821,27,1790781960791
255081,41,1790781960791
002b60,37,1790782860791
19d3ee,24,1790867460791
9bfae9,51,1790782860791
57267c,17,1790867460791
d22106,54,1790781960791
02dc28,19,1790782860791
38a9e6,55,1790782860791
ce39c5,47,1790781960791
2ab928,24,1790782860791
23678e,34,1790867460791
24a173,42,1790867460791
92de5d,17,1790781960791
56a631,49,1790867460791
cba499,25,1790781960791
0dc0ab,57,1790782860791
2192ee,57,1790781960791
e6389b,45,1790781960791
357a09,42,1790781960791
cf9ff2,57,1790781960791
a2e91e,32,1790867460791
641023,52,1790781960791
3d258b,29,1790867460791
a169e0,41,1790781960791
a253b3,20,1790781960791
8beac5,23,1790782860791
33f5f9,33,1790781960791
b3b0c6,29,1790781960791
7f70b0,57,1790782860791
630d5c,32,1790867460791
1a2549,17,1790781960791
fe8c1d,56,1790782860791
763b0d,23,1790782860791
39af1d,26,1790782860791
903c06,43,1790781960791
0d3225,41,1790782860791
7d521d,28,1790781960791
53e624,49,1790781960791
73284c,55,1790867460791
437800,37,1790781960791
e302f2,28,1790782860791
73a06a,57,1790782860791
82534f,16,1790781960791
68489e,60,1790781960791
5088de,53,1790782860791
8ee944,31,1790867460791
9c1877,35,1790781960791
af2f9a,55,1790782860791
97107d,22,1790867460791
6669c1,26,1790782860791
58c583,59,1790867460791
7f43bc,23,1790782860791
fd3968,20,1790867460791
cf6222,51,1790781960791
2bbc2f,18,1790782860791
68fe0e,28,1790781960791
877ab9,21,1790867460791
4d0087,44,1790781960791
52159e,23,1790867460791
0fc340,27,1790781960791
6f77fc,60,1790782860791
bba304,36,1790781960791
ab6fde,35,1790867460791
3f6cf0,25,1790781960791
f8760e,55,1790781960791
8d0f22,22,1790781960791
993506,50,1790781960791
e4008e,59,1790781960791
fe8310,25,1790867460791
887645,49,1790781960791
58a7c0,33,1790781960791
08d800,47,1790782860791
bd4ddb,22,1790867460791
e8edcb,20,1790782860791
941994,42,1790782860791
d9b1a0,34,1790782860791
0be66e,21,1790867460791
45795c,32,1790867460791
8971a1,31,1790781960791
e4570c,30,1790782860791
25695a,18,1790782860791
22cec7,26,1790782860791
98ff96,27,1790781960791
ed8d7b,50,1790867460791
c0ffca,41,1790781960791
4c39da,51,1790867460791
2f494f,24,1790782860791
1e550f,51,1790782860791
ce044c,49,1790782860791
f5fc93,34,1790781960791
bfcfd2,60,1790867460791
366643,19,1790782860791
cdf27d,52,1790782860791
07fcd6,50,1790781960791
dc9428,30,1790782860791
ef1879,16,1790782860791
550de4,49,1790867460791
039b6c,57,1790781960791
c6d619,43,1790781960791
24aafc,51,1790781960791
9ed273,26,1790867460791
462988,22,1790867460791
03839f,49,1790782860791
c8fcf1,15,1790781960791
ce1a87,32,1790782860791
be0138,60,1790782860791
8f9d5a,16,1790867460791
7ae03d,44,1790781960791
da970c,51,1790782860791
dfe59f,19,1790867460791
02eb34,56,1790867460791
7ccfa9,40,1790782860791
625534,47,1790781960791
d172c2,28,1790867460791
1eb81e,25,1790781960791
41defc,52,1790782860791
04654a,41,1790782860791
58c25e,42,1790867460791
f49090,27,1790867460791
bc8685,37,1790781960791
8407c1,44,1790781960791
93a1f8,59,1790781960791
0a26d5,30,1790781960791
5ceef4,45,1790782860791
ef131e,31,1790781960791
fd20b0,52,1790781960791
4d266c,23,1790867460791
38857e,48,1790781960791
49fff8,59,1790781960791
7895fa,46,1790782860791
6729af,39,1790781960791
f7d2ff,53,1790782860791
e18498,26,1790782860791
c9afba,16,1790782860791
a131b5,55,1790867460791
a8ccce,15,1790867460791
e85a31,36,1790782860791
e798c5,38,1790781960791
eb8542,24,1790782860791
31c59d,26,1790867460791
ea3107,55,1790782860791
6c5225,43,1790781960791
21e0d5,50,1790782860791
be60b9,54,1790867460791
d18237,31,1790867460791
d55658,54,1790867460791
79c402,51,1790782860791
88794c,39,1790867460791
02c2a0,37,1790867460791
017292,57,1790781960791
dd94a4,54,1790867460791
9e7488,49,1790781960791
d4c80a,51,1790781960791
e00671,41,1790867460791
198186,34,1790867460791
610f52,57,1790781960791
e3a8ce,34,1790782860791
713edb,41,1790781960791
d44f34,43,1790867460791
3c5544,56,1790867460791
bbf62c,37,1790867460791
9cd930,34,1790867460791
f206de,48,1790867460791
49036e,16,1790782860791
8ac4ca,60,1790781960791
51064c,26,1790781960791
663973,43,1790782860791
52acd7,55,1790782860791
22a1a6,15,1790867460791
15aa7a,43,1790781960791
3ec929,32,1790867460791
c4cb0b,36,1790781960791
0e9075,22,1790867460791
d56419,36,1790781960791
5cd1d9,50,1790782860791
8d41df,46,1790781960791
8d1c35,29,1790781960791
286235,27,1790782860791
52e36f,24,1790782860791
28f817,28,1790782860791
cd5dcc,15,1790867460791
6128cc,15,1790781960791
ef00bf,55,1790782860791
c863f5,52,1790867460791
063fad,39,1790867460791
124cd8,37,1790781960791
bc374d,60,1790782860791
00812d,23,1790781960791
27ab76,46,1790781960791
3c4b0d,58,1790867460791
4f9770,45,1790782860791
462c8a,50,1790782860791
4b5fee,42,1790781960791
847d7f,19,1790782860791
780539,58,1790782860791
25a601,25,1790782860791
4ece5f,37,1790781960791
c6652e,55,1790782860791
442cc9,34,1790867460791
73c5be,38,1790781960791
4c6436,60,1790782860791
d60800,20,1790781960791
7750e4,17,1790867460791
28da2d,60,1790781960791
4f2456,25,1790867460791
2ceab2,59,1790867460791
8570cb,30,1790782860791
75e1b0,59,1790867460791
4933f2,29,1790867460791
3fbdba,42,1790782860791
8fef69,30,1790782860791
04fe22,48,1790781960791
223b2e,30,1790782860791
f31b58,38,1790867460791
ae2e36,42,1790867460791
4023b7,51,1790782860791
8dd210,58,1790781960791
07fff4,56,1790781960791
1c8c36,58,1790867460791
0cae34,20,1790781960791
f653f2,47,1790781960791
7d5595,42,1790867460791
e61074,47,1790867460791
7c2047,20,1790781960791
6ad013,52,1790782860791
15b736,47,1790781960791
779cd4,48,1790782860791
12e1f9,15,1790867460791
be1326,56,1790781960791
c20511,17,1790867460791
227203,49,1790781960791
a0b7b4,25,1790781960791
b38cfe,46,1790867460791
abbf19,58,1790867460791
cc27eb,41,1790782860791
0a363d,48,1790867460791
1215f3,49,1790781960791
4cfd86,30,1790867460791
6dd54c,51,1790781960791
aaeb9f,22,1790782860791
d4f852,52,1790867460791
6a5f4c,27,1790867460791
b24e81,60,1790867460791
6e44fc,55,1790781960791
d82f35,25,1790781960791
b46abc,29,1790867460791
565af1,19,1790781960791
98ccd7,30,1790782860791
6db4e5,16,1790782860791
df4989,47,1790781960791
2ae4fd,53,1790782860791
ddd000,35,1790782860791
3e4750,47,1790782860791
e896b6,23,1790781960791
404138,56,1790782860791
6cb034,47,1790781960791
e8b1b8,51,1790782860791
7235cc,41,1790782860791
261518,60,1790781960791
10119d,41,1790867460791
6ccb29,36,1790781960791
d32e4a,15,1790781960791
dc2c80,58,1790782860791
e84162,24,1790867460791
53f4c3,40,1790782860791
64a3a5,27,1790867460791
2f527a,25,1790867460791
452c32,53,1790781960791
da258a,40,1790867460791
ae19da,50,1790782860791
27757e,55,1790782860791
fe5dba,43,1790867460791
1df96c,47,1790781960791
0ed688,31,1790867460791
857507,60,1790781960791
a658f5,38,1790867460791
7e347f,38,1790781960791
aca1ee,45,1790781960791
7dead0,28,1790781960791
04bfe0,52,1790867460791
06f280,27,1790867460791
d221f6,19,1790867460791
0de8ae,22,1790782860791
7d4fde,27,1790867460791
839560,35,1790867460791
e2689d,50,1790781960791
91db52,28,1790781960791
dca6c2,60,1790867460791
1ce8f7,48,1790867460791
9c2fb5,22,1790782860791
dda857,60,1790782860791
ffe89e,37,1790782860791
a284e2,56,1790782860791
911243,57,1790782860791
1b0ee0,53,1790867460791
ec6d52,48,1790781960791
da88af,55,1790867460791
f17e17,40,1790867460791
27e51a,22,1790867460791
db0709,17,1790782860791
786763,33,1790781960791
5576f6,52,1790781960791
02b6dc,54,1790867460791
83498d,55,1790782860791
20b717,44,1790782860791
c1b995,16,1790782860791
548c30,60,1790867460791
43d372,29,1790867460791
7125e2,15,1790782860791
85a46c,56,1790782860791
99bd12,52,1790782860791
dc2bd2,28,1790782860791
10923c,28,1790781960791
05f920,35,1790782860791
7d0aa4,51,1790781960791
c77ea4,30,1790867460791
10a043,49,1790782860791
ed501d,49,1790781960791
cf0036,42,1790782860791
31cf8a,19,1790867460791
75587a,32,1790781960791
d6ff67,46,1790782860791
2fff19,41,1790782860791
c62fae,22,1790782860791
adb2a2,52,1790867460791
dfe653,24,1790782860791
ed5376,27,1790781960791
62af2b,24,1790781960791
6284fd,58,1790867460791
ac70ff,50,1790781960791
298245,55,1790782860791
9f6a3b,47,1790781960791
e32f11,52,1790867460791
d96378,57,1790781960791
fb35d5,59,1790782860791
fdfc2a,25,1790781960791
2d7b14,54,1790781960791
982f50,47,1790782860791
2cd502,18,1790782860791
bc4cda,23,1790781960791
2d8f30,29,1790867460791
847d94,21,1790781960791
53e3fb,51,1790781960791
58404c,42,1790781960791
6a0492,43,1790867460791
2dee86,44,1790781960791
c8842b,25,1790782860791
d02022,54,1790867460791
db3646,19,1790867460791
9f43cc,36,1790782860791
f6a22d,59,1790867460791
2c357d,26,1790781960791
1a37f1,25,1790867460791
ea8fe5,51,1790782860791
4a22c3,25,1790781960791
1de064,47,1790782860791
0cdbc5,53,1790867460791
bb80fe,45,1790867460791
337c6a,26,1790781960791
367b5d,16,1790781960791
9e9e07,52,1790781960791
dde1b8,28,1790867460791
596dce,33,1790782860791
a76c6b,50,1790867460791
237db3,22,1790867460791
92e631,56,1790782860791
0d135c,34,1790867460791
f44e69,60,1790781960791
16581f,59,1790782860791
4ea2c8,33,1790867460791
4e9b87,31,1790781960791
873eb4,33,1790782860791
71f898,49,1790782860791
4a2655,21,1790782860791
433bb5,22,1790867460791
71ec11,35,1790782860791
21fa9f,32,1790781960791
1d07d5,37,1790782860791
381952,29,1790781960791
379c98,53,1790781960791
cfface,34,1790867460791
693944,35,1790781960791
138263,18,1790781960791
1face3,28,1790867460791
714468,20,1790782860791
471740,15,1790781960791
d54070,37,1790782860791
776146,20,1790867460791
68fc2e,59,1790781960791
065d86,30,1790867460791
40c1fe,31,1790781960791
e01fd8,36,1790781960791
3a7044,31,1790867460791
4e9d9e,30,1790867460791
776381,25,1790782860791
1d2ce1,43,1790867460791
2c3a66,40,1790781960791
95c039,44,1790867460791
08a6ab,15,1790782860791
13e82e,57,1790782860791
1ff107,54,1790781960791
084430,28,1790781960791
61c16a,27,1790867460791
996e8d,60,1790867460791
db241a,39,1790782860791
fd9901,32,1790867460791
9eb7de,56,1790782860791
de7fbd,18,1790867460791
e81060,36,1790782860791
9e2622,44,1790782860791
07bee9,17,1790782860791
f2c83d,49,1790867460791
a6215d,52,1790781960791
4b01b1,20,1790782860791
20dfe1,60,1790867460791
b80303,52,1790867460791
901e23,60,1790782860791
fe7598,49,1790867460791
7ba7e0,39,1790867460791
628346,54,1790867460791
eb8a71,37,1790867460791
9a4abf,34,1790781960791
a3d593,20,1790867460791
1a209d,46,1790867460791
0c2c36,25,1790781960791
973672,57,1790867460791
c1cf68,58,1790867460791
7bdcaf,60,1790781960791
f54cf7,39,1790782860791
5919c4,34,1790867460791
5f4959,52,1790867460791
13c169,49,1790782860791
1f0f87,37,1790867460791
caeaaf,49,1790867460791
4dcd25,34,1790782860791
362bf5,24,1790781960791
3b1409,25,1790782860791
f925fc,57,1790782860791
2b1b0d,50,1790782860791
576c7e,39,1790781960791
ea6d95,56,1790867460791
6535ae,17,1790781960791
98d552,16,1790867460791
1d8946,58,1790867460791
c93944,53,1790781960791
ef80c0,28,1790781960791
e66c16,26,1790781960791
5dfcd5,17,1790867460791
0c3dc9,22,1790781960791
7cc430,52,1790867460791
deb5e3,48,1790782860791
30c646,15,1790867460791
27d3c3,54,1790781960791
213b08,57,1790782860791
23d7a7,22,1790782860791
45ada1,27,1790782860791
e4f6cc,30,1790781960791
4216b2,30,1790782860791
b4bc0a,33,1790867460791
ed59bf,20,1790781960791
69d684,25,1790781960791
ab33cb,40,1790781960791
36a5db,60,1790867460791
ed1cc0,24,1790781960791
2c1535,57,1790782860791
8fcd3e,51,1790782860791
122b5c,60,1790867460791
bc83e1,52,1790782860791
3785ca,15,1790867460791
203321,15,1790782860791
0295fb,39,1790867460791
b46fd7,44,1790867460791
d60f2b,33,1790867460791
8511eb,18,1790781960791
fb7062,57,1790782860791
c88298,51,1790867460791
4f24ce,22,1790867460791
319250,30,1790867460791
faf910,53,1790781960791
c9a65c,40,1790781960791
67bccd,45,1790867460791
4af3ed,58,1790781960791
27d29d,32,1790867460791
d8f46a,15,1790782860791
c455db,43,1790782860791
df7d06,49,1790867460791
44408f,29,1790781960791
9dd20f,52,1790867460791
bae367,50,1790867460791
043214,20,1790867460791
23fdfd,53,1790867460791
72ba82,49,1790867460791
b5a1b9,28,1790781960791
f078a4,37,1790782860791
e43611,55,1790782860791
dcd473,37,1790782860791
5997d2,21,1790867460791
eb30e3,58,1790781960791
7965a2,37,1790781960791
644b9c,58,1790781960791
611a5c,25,1790781960791
6abb95,52,1790782860791
fae0c4,45,1790781960791
51367b,47,1790867460791
018c18,59,1790867460791
a0281b,22,1790781960791
ef8633,23,1790781960791
0f63f9,29,1790867460791
477b28,29,1790867460791
3d583f,34,1790782860791
1dceb2,30,1790781960791
bf2ea1,39,1790867460791
82c75c,32,1790781960791
e84619,20,1790782860791
12a446,26,1790781960791
9fa5d7,48,1790867460791
d09f76,16,1790867460791
297a4b,22,1790782860791
98bd86,57,1790782860791
00cd5d,48,1790781960791
9e21a6,54,1790782860791
a1cad8,48,1790781960791
c288d6,52,1790781960791
87db9d,22,1790782860791
0c511c,55,1790867460791
57a0c4,22,1790867460791
71234f,32,1790867460791
d31978,54,1790782860791
55be17,36,1790782860791
6388b9,42,1790781960791
4f20cf,36,1790782860791
82b486,53,1790867460791
2a9a4e,36,1790782860791
223ae6,41,1790781960791
fd141f,43,1790867460791
eda406,41,1790782860791
7f1595,48,1790782860791
0b49e8,33,1790867460791
4efc5f,47,1790781960791
200d6f,59,1790781960791
60e410,35,1790782860791
8b60b2,42,1790867460791
2263cd,57,1790867460791
2b044e,26,1790781960791
a9165f,59,1790782860791
55de0c,52,1790782860791
880738,47,1790867460791
d958eb,20,1790781960791
f8aafd,21,1790782860791
88a718,34,1790867460791
b62f2f,51,1790781960791
474878,38,1790782860791
e47df8,46,1790782860791
30ef09,22,1790782860791
84f5e8,58,1790781960791
25b1d0,35,1790867460791
4df486,44,1790781960791
948a50,39,1790782860791
0a77e6,51,1790867460791
2b5af2,19,1790781960791
07936f,40,1790781960791
84f540,44,1790782860791
237386,29,1790782860791
1ca2c0,16,1790781960791
944092,49,1790781960791
3b2c10,29,1790782860791
9ae62a,22,1790867460791
e987d4,55,1790781960791
4a635d,16,1790782860791
5d6fa3,44,1790781960791
ed5943,19,1790782860791
0e6fec,50,1790782860791
57ade8,29,1790781960791
1b1b29,42,1790782860791
db6b3c,30,1790867460791
2db6c1,45,1790867460791
556a75,48,1790782860791
94d495,54,1790867460791
f454e3,15,1790781960791
ae495c,27,1790867460791
8d2ce4,60,1790781960791
74cfa9,23,1790867460791
4c3ada,40,1790782860791
e7d7b3,16,1790782860791
f5ad8c,45,1790782860791
b49b14,17,1790781960791
d4a932,32,1790782860791
704fa6,47,1790867460791
b5f258,59,1790781960791
2c9c3b,40,1790781960791
e931e3,15,1790781960791
5962af,29,1790867460791
c1dfb9,56,1790782860791
032e82,52,1790867460791
5e8579,39,1790867460791
24dd5e,33,1790781960791
9cf83b,36,1790781960791
afa708,58,1790781960791
9a2ac5,48,1790867460791
a8a973,25,1790867460791
ee118c,29,1790867460791
3ef118,15,1790782860791
536bd5,26,1790782860791
d3bfeb,21,1790867460791
860aa5,57,1790781960791
773e33,17,1790867460791
cc6b3c,20,1790867460791
df2295,39,1790782860791
3a60c4,60,1790781960791
f44837,51,1790867460791
d4945a,53,1790867460791
45154a,50,1790781960791
16b6e2,17,1790782860791
ac419c,46,1790782860791
5ba31a,37,1790782860791
e811ab,51,1790867460791
e4501e,32,1790867460791
86e78f,38,1790781960791
c4f3c7,28,1790781960791
e37891,53,1790781960791
fdbba6,28,1790781960791
fc156d,23,1790867460791
6b0d85,30,1790782860791
42d714,38,1790781960791
925e61,24,1790867460791
e24bb3,49,1790781960791
aa26ab,25,1790782860791
9b097f,29,1790781960791
b06640,27,1790782860791
6856f2,23,1790782860791
8cf8d3,21,1790782860791
ea06b1,44,1790782860791
a8d0e6,18,1790867460791
00f0fd,21,1790867460791
8e5f9b,54,1790867460791
a9d722,47,1790782860791
552983,60,1790782860791
2487f4,34,1790781960791
b41f6e,35,1790782860791
664ee9,42,1790781960791
db4dcb,25,1790782860791
512e67,45,1790781960791
dfb7b6,45,1790867460791
e499ac,17,1790782860791
6d7433,17,1790781960791
79c8cd,39,1790782860791
7cbe4a,26,1790867460791
d2b673,16,1790782860791
7776d3,58,1790867460791
b58deb,27,1790867460791
7152c5,43,1790782860791
692678,57,1790781960791
9e20f8,43,1790781960791
4e21d6,58,1790867460791
ea5c82,21,1790867460791
82c6d6,50,1790781960791
58c6d2,27,1790781960791
357401,46,1790781960791
474fc4,25,1790867460791
858d60,22,1790781960791
9d6d2c,28,1790867460791
7e1ba8,57,1790781960791
cf7630,36,1790867460791
96d2de,44,1790781960791
8d6b89,55,1790782860791
e598b4,49,1790781960791
df2087,43,1790782860791
2f9529,17,1790867460791
dceed8,40,1790781960791
298b79,60,1790782860791
a51d5f,23,1790782860791
9170d6,47,1790782860791
e2e0fd,23,1790781960791
ca1164,45,1790867460791
ef14b1,42,1790781960791
867f14,34,1790867460791
caca6d,16,1790867460791
6d4a32,52,1790867460791
4ff4ef,21,1790867460791
6c033e,35,1790867460791
f841e5,36,1790781960791
3d0fd3,38,1790867460791
3dd6e1,45,1790867460791
7a1716,50,1790782860791
79b129,16,1790867460791
bb04e7,29,1790782860791
aa465b,39,1790782860791
d85a38,34,1790782860791
1b6b4d,36,1790867460791
cce752,18,1790867460791
a28b6c,48,1790782860791
ddcd6e,47,1790867460791
c9f964,57,1790782860791
9bab1c,58,1790867460791
09588c,55,1790867460791
8319eb,49,1790781960791
dc9223,34,1790867460791
81c061,38,1790781960791
49695e,57,1790781960791
2c48e2,44,1790782860791
5778d9,27,1790782860791
d78bc8,30,1790867460791
56f1d5,25,1790781960791
465583,25,1790782860791
483609,36,1790782860791
9eaf7a,43,1790867460791
a67417,48,1790782860791
8448d1,29,1790867460791
39d229,59,1790867460791
04a331,30,1790867460791
0da7d6,57,1790782860791
10754a,59,1790781960791
a109db,49,1790781960791
8f579b,50,1790782860791
b101d3,43,1790781960791
89ce78,30,1790782860791
e3c199,19,1790781960791
1cca42,50,1790782860791
af5df9,22,1790781960791
7a901c,38,1790781960791
1edbec,44,1790781960791
c66542,25,1790781960791
47f319,15,1790782860791
d4134b,39,1790782860791
c7b85e,41,1790781960791
757ed8,47,1790867460791
a8479d,38,1790782860791
6d9b3d,40,1790781960791
ed8b84,52,1790867460791
7ca607,32,1790782860791
bd97f2,31,1790867460791
ba70cc,40,1790867460791
e00b99,46,1790781960791
aba0b3,60,1790782860791
b48843,56,1790867460791
2c86c9,50,1790781960791
4837e2,16,1790867460791
a12a98,25,1790782860791
c7974b,43,1790867460791
d8290b,41,1790782860791
e27319,29,1790782860791
b13de4,59,1790782860791
008bd8,21,1790781960791
fd6e89,41,1790781960791
fc4eee,17,1790867460791
b7faa2,56,1790781960791
bb9889,59,1790782860791
6e0f29,54,1790781960791
f3c612,45,1790781960791
8a6823,55,1790781960791
799326,20,1790781960791
4bd890,31,1790781960791
f676d4,19,1790781960791
efb89d,32,1790781960791
ac0f87,31,1790867460791
1a3469,42,1790782860791
3a51a3,43,1790782860791
93c107,47,1790781960791
8eeeb1,41,1790782860791
165ded,57,1790782860791
38e552,28,1790782860791
4c69a0,58,1790782860791
d52ac8,30,1790781960791
836a0e,53,1790867460791
03be66,21,1790781960791
e66f28,59,1790867460791
540b8c,22,1790781960791
71f032,57,1790867460791
9a03be,60,1790782860791
13ca55,47,1790867460791
228d4d,29,1790782860791
6551c3,45,1790782860791
fecc18,57,1790781960791
c8ebf5,36,1790782860791
5bdc0e,27,1790782860791
da6f37,34,1790782860791
476dcd,19,1790782860791
b0f20d,57,1790867460791
4e1849,35,1790781960791
e6e722,22,1790782860791
f88db9,31,1790782860791
d10ace,30,1790867460791
be74ff,56,1790781960791
76541b,17,1790781960791
d5bf00,28,1790781960791
be9cfb,39,1790782860791
3dda7c,43,1790867460791
f720f3,37,1790781960791
5dd3e3,60,1790867460791
95afd5,45,1790781960791
470c51,59,1790781960791
e15e46,55,1790867460791
28af8b,24,1790867460791
169562,31,1790781960791
fda897,25,1790781960791
1f729e,54,1790782860791
3c0d9e,41,1790782860791
0d6d66,21,1790781960791
ce57ff,37,1790782860791
17f518,44,1790782860791
6179b9,23,1790781960791
2cddbe,20,1790782860791
9a89d4,25,1790782860791
877bd0,17,1790781960791
e5598f,42,1790781960791
826489,51,1790867460791
b7c4a6,53,1790781960791
d233a6,19,1790782860791
b712d4,19,1790867460791
2fa821,49,1790782860791
037a5e,57,1790867460791
96c920,53,1790782860791
4382e6,20,1790782860791
a15248,18,1790867460791
9db2f1,26,1790867460791
2db20c,52,1790781960791
0368ba,25,1790782860791
673ce3,24,1790781960791
a54748,56,1790781960791
281de6,15,1790867460791
74e95a,18,1790782860791
a5a4ae,30,1790782860791
2e7b50,52,1790782860791
66a8b8,25,1790782860791
8d7256,21,1790782860791
371add,53,1790782860791
239bb8,41,1790782860791
67d106,19,1790782860791
ed0604,40,1790781960791
73da26,38,1790781960791
de89f0,25,1790867460791
b3260d,38,1790867460791
3e0b58,58,1790782860791
e7d625,37,1790867460791
776823,50,1790781960791
8fa172,16,1790782860791
6d527f,47,1790867460791
bfd8a3,51,1790867460791
ec1e30,19,1790781960791
fcd0d6,57,1790867460791
829b77,17,1790782860791
bca7a1,57,1790867460791
a0251b,21,1790781960791
cf8a7e,24,1790781960791
d711f5,27,1790781960791
1e3851,52,1790782860791
721c55,27,1790782860791
7b9d31,15,1790782860791
2277c8,34,1790867460791
c09ebd,16,1790867460791
d55441,16,1790867460791
6d7f6e,34,1790867460791
7fc6d2,50,1790781960791
20e9f1,60,1790781960791
6f930b,39,1790782860791
1a3a7f,49,1790867460791
5a9e6b,39,1790781960791
83518f,17,1790782860791
d16198,19,1790781960791
57cfc5,30,1790867460791
dbff6b,52,1790782860791
17bb28,54,1790867460791
9de6ea,53,1790781960791
8f45be,41,1790781960791
3d0047,16,1790782860791
3f5386,15,1790867460791
377cce,20,1790867460791
b4bcd7,29,1790867460791
43db45,45,1790781960791
1d5b8a,59,1790781960791
961aaa,21,1790867460791
65f360,25,1790781960791
dcf7a5,23,1790867460791
b34bc3,53,1790867460791
77253b,27,1790781960791
75a6fe,37,1790867460791
ae131f,22,1790781960791
c7d7ae,43,1790867460791
6fcc98,36,1790781960791
34d301,51,1790781960791
674d2f,48,1790781960791
6d806f,18,1790781960791
2aa304,43,1790867460791
531e07,27,1790781960791
17108e,31,1790781960791
cb0ac5,58,1790867460791
c170b0,39,1790782860791
be573b,31,1790867460791
442b47,58,1790781960791
dc7d3c,32,1790867460791
16c788,50,1790867460791
f0f128,51,1790867460791
5197ac,40,1790781960791
44f873,58,1790867460791
69f549,27,1790782860791
cc7b61,39,1790782860791
302c1c,27,1790781960791
78738b,43,1790782860791
37e978,36,1790867460791
649e99,31,1790781960791
d86429,54,1790867460791
8baf9f,42,1790781960791
3bec1f,35,1790867460791
f4eab4,30,1790781960791
423b11,24,1790782860791
c4611a,59,1790781960791
4d3703,60,1790781960791
8e1985,24,1790781960791
bc1155,31,1790781960791
922e06,29,1790782860791
1c4529,37,1790782860791
b79b6d,42,1790867460791
20c209,43,1790867460791
56f308,47,1790781960791
24c180,34,1790782860791
01ec48,17,1790867460791
790db6,40,1790781960791
47b357,27,1790867460791
1b0344,60,1790781960791
caeb50,51,1790782860791
6f630a,20,1790867460791
575575,54,1790782860791
2ac56c,44,1790782860791
c3fd54,32,1790781960791
36e588,25,1790867460791
1a444c,47,1790867460791
3bb828,55,1790782860791
68c0f9,49,1790867460791
85a7aa,38,1790867460791
09fa87,33,1790867460791
dfb2d9,50,1790867460791
46e41c,33,1790781960791
1cf841,48,1790781960791
a33984,41,1790781960791
757fc4,46,1790781960791
483844,15,1790782860791
0f9c09,15,1790867460791
3b6fc7,50,1790867460791
88a79c,55,1790781960791
b229c9,44,1790782860791
a6fb63,57,1790867460791
7129a6,57,1790782860791
cc7b70,58,1790867460791
1685dc,22,1790867460791
c87b81,20,1790781960791
810e46,34,1790867460791
50a96f,32,1790781960791
011ff6,26,1790782860791
40bdbe,53,1790781960791
24260b,22,1790867460791
a25416,26,1790867460791
2cb98b,15,1790781960791
180e1e,22,1790781960791
e5b4a0,45,1790781960791
d8c3be,57,1790781960791
09e48d,24,1790782860791
0f6ad2,53,1790781960791
c0c0a2,40,1790782860791
a4605f,35,1790782860791
e1217b,42,1790782860791
d92acc,59,1790781960791
4a57f5,28,1790867460791
0ee740,16,1790867460791
bf3eb8,22,1790782860791
d8b79c,23,1790782860791
f78313,38,1790867460791
d2a529,40,1790867460791
9efcdb,27,1790867460791
994918,32,1790867460791
579ac6,23,1790781960791
ab290b,15,1790867460791
232075,38,1790781960791
e7ceee,59,1790781960791
31bb9c,28,1790782860791
2c15a4,55,1790781960791
814c35,25,1790782860791
745524,51,1790867460791
ee6e21,56,1790781960791
c636ad,52,1790781960791
937603,32,1790867460791
506fe5,28,1790781960791
35c8f8,55,1790782860791
6bf904,49,1790782860791
4b544d,48,1790781960791
86458e,48,1790867460791
6f2ac7,30,1790782860791
a33e05,21,1790781960791
f5a31f,21,1790782860791
87cd32,19,1790781960791
b7d64c,50,1790782860791
2898d5,58,1790782860791
3e1680,44,1790782860791
2e7d04,42,1790867460791
dbb12b,27,1790867460791
55a4ad,51,1790867460791
11f6df,56,1790867460791
ae40ef,52,1790867460791
b8aa68,23,1790781960791
cf9a9b,24,1790782860791
6ec40c,30,1790781960791
f1c6f2,22,1790781960791
e9b79c,48,1790867460791
be711d,51,1790781960791
9525ec,34,1790782860791
95d6bb,21,1790782860791
12fa9e,31,1790867460791
3b954e,19,1790781960791
53266f,21,1790781960791
d2971b,46,1790782860791
65d2a8,30,1790867460791
7d7d35,26,1790782860791
3cab76,44,1790781960791
c178fe,25,1790781960791
367766,49,1790781960791
6731e4,16,1790781960791
742dd6,53,1790867460791
bb0769,60,1790867460791
bff103,25,1790781960791
9e9a00,19,1790782860791
f5227c,20,1790867460791
84766a,22,1790867460791
03ce9b,32,1790867460791
962ee8,58,1790782860791
d0e65e,45,1790781960791
ff07f0,56,1790781960791
70608b,59,1790782860791
6d9c52,27,1790867460791
30aa42,50,1790782860791
48bf95,42,1790867460791
a8206b,58,1790782860791
66f453,44,1790782860791
370ee5,54,1790782860791
13379c,41,1790867460791
7c2726,16,1790781960791
154d65,41,1790867460791
9c2057,49,1790781960791
64df09,16,1790867460791
509e28,38,1790782860791
2df107,45,1790782860791
02738e,30,1790782860791
3dfde6,19,1790867460791
6f8a6d,29,1790782860791
6c81c1,37,1790867460791
9cbe76,27,1790867460791
8f9067,27,1790867460791
9544d9,28,1790782860791
dcc358,34,1790781960791
6dc45a,36,1790782860791
1ea819,18,1790782860791
3ac2d7,58,1790781960791
88333a,50,1790781960791
7b5ea2,32,1790867460791
662837,32,1790782860791
95a856,59,1790867460791
5b504d,55,1790781960791
34abbd,41,1790782860791
2a3fa5,33,1790781960791
f74993,43,1790782860791
24cf87,37,1790781960791
abac88,55,1790867460791
544036,40,1790782860791
eec5c9,20,1790782860791
fcbd19,42,1790782860791
22b39b,16,1790867460791
4e8559,20,1790867460791
297510,50,1790867460791
518058,18,1790782860791
c173c8,42,1790782860791
8d4a39,53,1790867460791
19fbe6,34,1790867460791
a78ef8,60,1790867460791
94be9d,21,1790867460791
8f1242,43,1790782860791
ddc2ad,54,1790782860791
b56ef5,47,1790782860791
845d24,55,1790867460791
0b2679,44,1790782860791
db66e1,53,1790867460791
94b7bf,37,1790867460791
c53258,41,1790782860791
a6c90d,46,1790867460791
a72eed,23,1790781960791
44e8d9,18,1790782860791
35a57a,36,1790781960791
8c4f8e,26,1790781960791
a8fada,45,1790867460791
ca7ac6,47,1790781960791
75cd34,52,1790782860791
3c9356,54,1790781960791
5bff90,41,1790782860791
c33901,21,1790782860791
d43ebc,23,1790781960791
6a0399,15,1790782860791
8cdb5a,31,1790867460791
f766d4,55,1790867460791
94dd75,31,1790781960791
445af7,34,1790782860791
c340b2,52,1790781960791
e64893,32,1790782860791
fa778e,24,1790782860791
69aa02,59,1790867460791
8a4698,56,1790782860791
f565a3,16,1790782860791
bc3980,54,1790867460791
9be137,42,1790782860791
50bf7a,15,1790781960791
0e8d50,38,1790782860791
44eeba,39,1790782860791
eb8d77,42,1790867460791
9f6137,33,1790782860791
85599c,28,1790781960791
259893,19,1790781960791
bdbdbe,57,1790781960791
7311c8,40,1790781960791
1a75e3,51,1790781960791
8fafcd,53,1790781960791
469ebf,46,1790782860791
50d381,27,1790781960791
7a12fa,16,1790781960791
ea97c0,15,1790781960791
10fb8f,16,1790867460791
17ce20,37,1790782860791
a24636,18,1790867460791
dc6c39,28,1790781960791
9a1392,18,1790782860791
e94ec5,53,1790782860791
35bbae,23,1790781960791
ab8102,27,1790867460791
6dc302,50,1790867460791
be6bc8,50,1790782860791
fd8073,25,1790782860791
a792eb,17,1790782860791
0cdc1e,44,1790867460791
8aff18,52,1790781960791
c2919c,54,1790781960791
72d86a,39,1790782860791
c97b5f,27,1790782860791
c172f4,25,1790867460791
b7a88d,29,1790782860791
90bdd7,26,1790782860791
5523e5,30,1790867460791
43abae,20,1790781960791
628ace,22,1790867460791
b09f1e,50,1790781960791
cb60ae,21,1790781960791
dddaa7,49,1790867460791
6feeeb,33,1790867460791
f0a131,33,1790867460791
d4d657,53,1790781960791
a53a3c,56,1790782860791
e88f26,15,1790867460791
792fdb,60,1790782860791
758483,58,1790781960791
fc6d57,15,1790782860791
820664,30,1790782860791
c0ff30,51,1790781960791
c2aa28,53,1790781960791
9eb24d,57,1790782860791
80b797,48,1790781960791
71e23d,50,1790782860791
3a21d5,32,1790867460791
586cc4,59,1790782860791
098634,36,1790782860791
cc81c3,48,1790867460791
7261ff,41,1790867460791
854e96,56,1790782860791
096c14,53,1790867460791
b76411,31,1790782860791
637884,57,1790867460791
8ade67,38,1790782860791
fcad4a,50,1790781960791
53192f,31,1790867460791
5564d2,34,1790782860791
588632,48,1790781960791
c88174,49,1790781960791
c4610e,52,1790781960791
3ff6bd,38,1790782860791
ad483b,16,1790782860791
0121ec,39,1790867460791
1c4174,26,1790781960791
28acbe,31,1790782860791
8152a6,22,1790781960791
55625a,34,1790781960791
6101ba,39,1790781960791
67d749,48,1790867460791
793875,53,1790782860791
c74dbf,42,1790867460791
ee75c4,34,1790781960791
f84efb,53,1790867460791
6fc7cf,25,1790782860791
e81bf3,22,1790782860791
42201f,55,1790782860791
db3612,21,1790781960791
26116a,55,1790781960791
85fd02,40,1790782860791
739707,21,1790782860791
21ea3a,37,1790867460791
bf1616,55,1790782860791
58f237,16,1790781960791
a41971,40,1790782860791
3397ef,19,1790782860791
5f922f,15,1790867460791
151846,16,1790781960791
afd6b4,60,1790781960791
5c7583,21,1790781960791
1da17e,38,1790867460791
0fd382,39,1790782860791
508a96,29,1790867460791
42f24c,45,1790782860791
34d130,29,1790867460791
fb512c,46,1790867460791
db819c,41,1790867460791
b7aa6b,48,1790782860791
ca85de,30,1790782860791
ac2ab2,33,1790781960791
b0ca7b,26,1790781960791
c46552,39,1790782860791
3c6b7a,44,1790782860791
ef2cae,17,1790782860791
a52e79,24,1790781960791
599662,16,1790867460791
009f60,20,1790782860791
7e8ca8,25,1790781960791
e8e872,51,1790781960791
a9c845,29,1790782860791
268349,51,1790782860791
575ccb,51,1790867460791
554590,26,1790867460791
88a79f,50,1790867460791
8244f7,53,1790782860791
1ce7db,54,1790781960791
2241bc,32,1790867460791
c70394,18,1790782860791
2a6ddc,45,1790867460791
16d4f1,55,1790867460791
119850,41,1790867460791
a1e8e9,50,1790867460791
9f87b3,22,1790781960791
fe0541,32,1790781960791
98f626,21,1790867460791
cba3db,33,1790867460791
1d5468,18,1790782860791
027a2b,41,1790781960791
01abbd,60,1790781960791
34efaa,31,1790867460791
7f6ce9,25,1790782860791
3422c2,25,1790782860791
8f5708,48,1790782860791
e2676e,22,1790782860791
586931,20,1790867460791
0f86e9,30,1790782860791
716f64,51,1790781960791
f545de,57,1790867460791
e3091c,42,1790867460791
8f1fbe,18,1790867460791
dfe03f,44,1790782860791
c98366,19,1790867460791
73de57,46,1790782860791
32cf7e,54,1790781960791
55e235,60,1790781960791
1f1e39,54,1790782860791
200143,17,1790782860791
2cad60,43,1790781960791
aeaeb9,57,1790781960791
65caca,39,1790867460791
7177d7,20,1790782860791
e5c7f3,43,1790782860791
f88aae,54,1790782860791
8f841c,40,1790782860791
dd6de3,37,1790867460791
e65f0e,24,1790782860791
297135,48,1790782860791
c44922,30,1790782860791
e44fea,52,1790867460791
ddee87,58,1790781960791
79c971,50,1790781960791
3f49a8,31,1790867460791
e66726,46,1790781960791
4b18be,47,1790867460791
4ed410,59,1790867460791
114f04,38,1790867460791
e5a94e,18,1790782860791
990ffe,33,1790867460791
be8b51,51,1790867460791
7f7dea,43,1790867460791
51ed69,43,1790782860791
2f3f55,53,1790867460791
9dfe65,26,1790782860791
20bb0e,54,1790867460791
6442b9,23,1790781960791
fdfb71,16,1790782860791
221722,15,1790782860791
05aca9,60,1790781960791
98a818,35,1790781960791
515cc2,34,1790867460791
3f19c3,31,1790867460791
812214,34,1790867460791
c94ad9,49,1790867460791
a66f4b,25,1790782860791
90f5fe,16,1790782860791
e41197,37,1790781960791
19e6fd,54,1790782860791
8f8293,21,1790782860791
16cef1,24,1790782860791
536309,21,1790867460791
1e02a3,51,1790782860791
71e492,52,1790781960791
bc26d7,37,1790781960791
e78548,35,1790782860791
154e77,54,1790781960791
316cc1,59,1790867460791
74f42b,52,1790781960791
00c949,30,1790782860791
53182b,44,1790867460791
a50cb8,49,1790781960791
d4fc2d,50,1790782860791
ada274,46,1790782860791
ac0642,33,1790782860791
747f22,45,1790781960791
b84a45,29,1790781960791
ff889c,49,1790781960791
cf6d3f,56,1790782860791
2306ed,39,1790867460791
047664,29,1790867460791
3da576,58,1790782860791
1b8439,27,1790867460791
6e3bba,41,1790781960791
433945,45,1790867460791
4e7e23,51,1790867460791
7a41e8,44,1790781960791
577ea1,46,1790867460791
868062,54,1790782860791
ab28be,23,1790867460791
984ea6,18,1790867460791
98532f,23,1790867460791
d6a335,54,1790867460791
47eb18,47,1790782860791
07bc22,28,1790781960791
bcebbf,24,1790867460791
9a49f6,56,1790781960791
bbf2b7,48,1790867460791
6e2bd9,24,1790867460791
b8e21a,54,1790867460791
b5a14e,45,1790781960791
f68b3d,39,1790781960791
be7d14,55,1790867460791
8e7f49,34,1790781960791
83fc88,51,1790781960791
d93e87,53,1790867460791
65eea2,40,1790867460791
700574,33,1790867460791
74f2fd,57,1790782860791
80274b,26,1790867460791
d89423,36,1790781960791
6ba60b,52,1790867460791
4dc9e7,23,1790867460791
dee46d,34,1790781960791
bb1a7a,56,1790781960791
362f37,57,1790782860791
674d19,38,1790781960791
012941,47,1790781960791
6762b5,44,1790867460791
acd85a,33,1790782860791
3a136f,49,1790782860791
c30099,55,1790867460791
d997dc,35,1790782860791
1e6dd1,38,1790867460791
84866a,28,1790867460791
3b4b26,57,1790781960791
0a41ee,23,1790781960791
dedc2b,46,1790782860791
2a89ef,54,1790867460791
4ac880,45,1790867460791
1bebee,17,1790867460791
a567c9,50,1790781960791
f8208c,34,1790782860791
fc20de,16,1790867460791
b8b3fb,48,1790781960791
dca2dd,54,1790867460791
c7df1b,41,1790781960791
81784e,49,1790782860791
88ac76,41,1790781960791
75fe15,43,1790782860791
28eb44,53,1790867460791
f31703,19,1790782860791
b182cf,42,1790782860791
dee741,46,1790782860791
d39007,57,1790867460791
0305f8,44,1790781960791
3d1928,40,1790782860791
281273,46,1790867460791
49db2f,60,1790781960791
aebe9b,40,1790867460791
5ba26f,43,1790782860791
6d3cf3,45,1790867460791
cb22fa,59,1790867460791
5d3668,21,1790782860791
70180b,21,1790781960791
0b6bf3,60,1790867460791
ceb710,42,1790867460791
20b48f,51,1790782860791
997c06,59,1790867460791
950fa9,57,1790867460791
873e92,51,1790781960791
d69fe3,59,1790782860791
adfedc,29,1790867460791
9eedb1,16,1790867460791
bd6cf1,17,1790782860791
a22ccf,46,1790782860791
352410,60,1790867460791
792d22,18,1790782860791
4cc23c,37,1790781960791
9a278f,55,1790867460791
3a5299,23,1790782860791
10bc78,48,1790781960791
63f5ca,47,1790867460791
43360a,31,1790782860791
bfca15,51,1790781960791
b902c4,24,1790867460791
2c22c7,20,1790782860791
237932,30,1790781960791
50f9d9,46,1790867460791
ffc575,50,1790782860791
0144cd,54,1790782860791
964ef2,51,1790867460791
888a70,43,1790781960791
9663cf,41,1790781960791
bb0e25,51,1790781960791
378f03,29,1790781960791
c7befb,36,1790782860791
ec4ab5,43,1790782860791
891dcc,23,1790781960791
a60f81,25,1790781960791
ec4e93,36,1790781960791
632e04,52,1790782860791
fa54da,33,1790867460791
5eae75,20,1790782860791
229b94,50,1790867460791
941761,34,1790867460791
8c0110,53,1790781960791
1aec1f,52,1790867460791
bc6bfd,50,1790781960791
5a9602,46,1790781960791
2b752c,31,1790781960791
942333,58,1790782860791
51be22,41,1790782860791
75059c,56,1790867460791
d81ed8,23,1790781960791
2d207f,41,1790781960791
ce7b2d,33,1790782860791
102138,25,1790781960791
4f3658,37,1790781960791
faefc6,51,1790782860791
02b0e7,36,1790782860791
c10409,36,1790781960791
4e1235,32,1790782860791
6d1351,23,1790782860791
19a4be,41,1790867460791
4ac222,34,1790782860791
92866a,25,1790781960791
c61626,46,1790781960791
6420ae,52,1790781960791
b45a27,27,1790782860791
7e44fe,47,1790867460791
af1dea,32,1790867460791
e7bee1,59,1790781960791
2c0b48,33,1790867460791
bb569b,21,1790867460791
ceccd6,26,1790781960791
3401ff,31,1790867460791
61d1c2,19,1790867460791
9117a9,49,1790867460791
9e8cde,25,1790867460791
b354b8,36,1790781960791
c30fce,33,1790867460791
234cfe,41,1790782860791
309916,21,1790782860791
a8ba16,47,1790782860791
492693,19,1790782860791
153448,49,1790781960791
5902b1,31,1790782860791
29929a,53,1790867460791
85dc16,40,1790867460791
4f6148,47,1790782860791
521fdf,16,1790782860791
622e93,45,1790781960791
ae5ae2,29,1790867460791
968400,23,1790867460791
ff5d5a,31,1790782860791
7e2a61,41,1790867460791
ee2223,50,1790781960791
9f8241,23,1790782860791
c1781a,34,1790867460791
c0e157,17,1790782860791
86d175,48,1790781960791
da37d4,37,1790867460791
c76086,34,1790781960791
b9611f,27,1790781960791
6d0890,20,1790867460791
d598fc,17,1790781960791
3ab1fb,56,1790781960791
3e0a9f,38,1790781960791
be84c9,18,1790867460791
d3f2ae,29,1790782860791
7ccb5c,46,1790782860791
4c136c,51,1790867460791
b9f760,44,1790781960791
1f4b90,30,1790781960791
f42f49,24,1790867460791
cc0dff,21,1790867460791
71506f,22,1790781960791
707efb,37,1790782860791
e17f5a,38,1790782860791
34bb2b,33,1790782860791
e39044,56,1790867460791
147cab,17,1790781960791
51b15a,22,1790781960791
77024b,26,1790782860791
2a8507,16,1790782860791
17e3df,60,1790867460791
c80622,39,1790781960791
c8e934,27,1790781960791
a0146a,25,1790781960791
e6e729,42,1790781960791
7314af,20,1790781960791
c0349c,52,1790782860791
597eae,53,1790781960791
bb580d,22,1790781960791
f413c8,20,1790781960791
a11b41,16,1790782860791
249a84,29,1790781960791
6e0e46,54,1790782860791
c4a6f7,39,1790867460791
dd5f37,37,1790867460791
bbec20,33,1790867460791
659781,29,1790867460791
08b8e7,30,1790782860791
c95dd6,16,1790782860791
ddc5bb,19,1790867460791
fd515c,25,1790781960791
afb7ed,19,1790781960791
1aae3e,18,1790867460791
8c5445,41,1790867460791
2352c2,39,1790782860791
0cf3ef,60,1790782860791
1c625e,37,1790781960791
fd8ba4,52,1790781960791
be6f27,50,1790781960791
5650a0,50,1790867460791
0f021d,45,1790782860791
341e8a,21,1790781960791
ca89f3,58,1790867460791
b4f9e4,60,1790867460791
2424f2,32,1790867460791
b3796a,23,1790867460791
2e8307,25,1790781960791
4b3b1d,19,1790782860791
8981e6,26,1790781960791
d377a1,28,1790781960791
c94aad,60,1790867460791
d593a0,17,1790782860791
33bc4a,31,1790782860791
94525b,46,1790867460791
a1b473,40,1790867460791
167348,44,1790867460791
0472e4,50,1790781960791
c6ddb7,36,1790781960791
162291,42,1790867460791
df9fef,25,1790782860791
21a1fb,16,1790867460791
5e1994,46,1790782860791
7162e2,42,1790782860791
af6837,32,1790867460791
7c09fe,33,1790782860791
2025cf,57,1790867460791
0e70b7,50,1790782860791
c53a50,34,1790781960791
b9941d,51,1790782860791
6a3ae3,41,1790781960791
439543,31,1790781960791
99778e,58,1790867460791
9e51aa,52,1790867460791
3afaef,49,1790782860791
1a1c1a,40,1790867460791
8804d7,56,1790867460791
fb1494,22,1790782860791
f29987,32,1790782860791
29486e,50,1790782860791
d07994,55,1790781960791
7d7bf6,19,1790781960791
bc4c33,40,1790782860791
4eb01b,25,1790867460791
6d2cf0,47,1790867460791
c31035,34,1790781960791
bf4000,39,1790867460791
147d80,15,1790867460791
7b92d5,24,1790781960791
965dda,44,1790782860791
a104eb,15,1790867460791
a86e40,35,1790782860791
631409,30,1790782860791
c3dac2,39,1790782860791
9e8532,15,1790781960791
8ac32d,31,1790781960791
2a9afd,43,1790781960791
c5fee5,15,1790781960791
66ec0b,21,1790781960791
9a7ffe,49,1790782860791
d209f1,58,1790781960791
a671ed,51,1790867460791
9f0a8e,52,1790782860791
3b1fb6,46,1790781960791
7fad1b,60,1790782860791
658bed,23,1790867460791
327251,30,1790782860791
29dbd8,41,1790782860791
c81659,34,1790781960791
58b1b1,32,1790781960791
2fc727,51,1790781960791
e8b45f,26,1790782860791
526ede,30,1790781960791
027090,41,1790781960791
e421f7,33,1790782860791
b610af,24,1790781960791
716746,51,1790781960791
92c932,32,1790782860791
500724,15,1790781960791
bda236,18,1790867460791
5ed922,58,1790781960791
846d47,29,1790867460791
d70698,36,1790781960791
e1590f,33,1790867460791
1afa3d,42,1790782860791
5c4173,37,1790781960791
0bb91f,18,1790867460791
613a2c,17,1790867460791
0ed826,60,1790867460791
eeea4f,39,1790867460791
de39c6,36,1790781960791
1e2cdb,40,1790781960791
b509c3,31,1790782860791
1ca5a0,22,1790781960791
1a4806,30,1790781960791
29870c,15,1790867460791
50f4aa,53,1790781960791
926225,30,1790867460791
7df635,55,1790867460791
960e6f,53,1790782860791
83097f,55,1790867460791
84d9c2,18,1790867460791
012811,30,1790867460791
30af49,19,1790781960791
f206ee,32,1790782860791
723915,59,1790781960791
9f52cf,25,1790781960791
510f5f,43,1790867460791
d1d740,29,1790782860791
642e75,31,1790782860791
cdcff1,38,1790782860791
aadac6,32,1790867460791
5ad608,38,1790781960791
5595a0,60,1790781960791
6a4944,23,1790782860791
a8c01b,51,1790781960791
6d7c8a,27,1790867460791
442464,26,1790867460791
4a4c6f,45,1790781960791
d3c228,52,1790867460791
277fa7,27,1790782860791
b9377b,21,1790867460791
d08a50,60,1790782860791
a3e87d,15,1790867460791
e46712,57,1790867460791
2193a5,47,1790781960791
67a146,15,1790782860791
e100da,45,1790781960791
cf6ed2,38,1790781960791
9bea17,25,1790782860791
b06077,30,1790782860791
46963e,54,1790867460791
1f0c21,44,1790782860791
2d897a,25,1790782860791
ed07ab,59,1790867460791
7a9c38,15,1790867460791
182cdd,16,1790781960791
c19ee0,59,1790781960791
5579f9,50,1790782860791
b60fc0,16,1790781960791
9f84d5,36,1790782860791
5e025f,44,1790782860791
519337,34,1790867460791
19df51,21,1790782860791
4a12d5,35,1790781960791
acea95,26,1790782860791
c7afed,18,1790782860791
77a9fb,47,1790867460791
e35eae,57,1790867460791
565bdf,19,1790781960791
5d5245,16,1790781960791
20cbc0,21,1790781960791
70ba65,18,1790867460791
b750c0,30,1790867460791
fb2f73,19,1790782860791
6f984d,46,1790781960791
2c99ef,57,1790781960791
3fdc42,26,1790782860791
a0b9c3,33,1790782860791
4c3ba3,36,1790867460791
403c84,27,1790867460791
95c22a,21,1790781960791
0db50e,59,1790782860791
01781f,23,1790867460791
5b7ca3,24,1790867460791
99c8ff,32,1790782860791
3873fc,51,1790781960791
61153f,54,1790867460791
c7f915,54,1790781960791
afe546,42,1790867460791
87cfe9,34,1790782860791
c10639,44,1790867460791
a2fa41,25,1790782860791
a87e27,40,1790782860791
3a7f95,49,1790781960791
15f08a,39,1790781960791
92a000,26,1790781960791
e3ff0f,22,1790867460791
5cfd9d,37,1790867460791
7a2867,53,1790867460791
b5f720,42,1790867460791
8d459e,60,1790867460791
644dc8,55,1790782860791
161e8c,47,1790867460791
0cc9ea,30,1790781960791
4f3fa1,35,1790782860791
5a5c74,57,1790781960791
ba1621,27,1790782860791
3abf90,56,1790867460791
ac2dfb,37,1790867460791
522c3f,19,1790781960791
d2ac6e,36,1790867460791
f2b51c,38,1790867460791
47424f,15,1790782860791
793f25,45,1790782860791
3f5573,22,1790781960791
05abf7,59,1790782860791
3aef39,28,1790781960791
dfada7,31,1790781960791
35b812,49,1790782860791
4cc7af,37,1790781960791
8652be,39,1790781960791
211617,23,1790782860791
9290ea,26,1790782860791
4e394e,30,1790782860791
cecfd6,52,1790781960791
594471,42,1790781960791
0451cd,40,1790781960791
8c4cab,46,1790867460791
7206b1,30,1790867460791
4d97d7,46,1790781960791
0206e8,31,1790867460791
650bbd,22,1790782860791
1aa086,25,1790867460791
27897f,27,1790782860791
4dc239,27,1790781960791
142251,59,1790867460791
eb93c2,23,1790781960791
06e693,25,1790782860791
5fb364,46,1790782860791
af836a,58,1790781960791
f8f9c6,56,1790781960791
84a53e,35,1790782860791
5c87a5,32,1790782860791
6530d4,57,1790782860791
8e0336,20,1790781960791
5c0001,43,1790867460791
57e0c4,47,1790867460791
b1059a,23,1790782860791
bd5490,20,1790782860791
900676,60,1790782860791
e8797b,34,1790781960791
4cc658,36,1790781960791
23ad58,56,1790867460791
8489f1,31,1790782860791
8fbcb2,35,1790782860791
f59585,51,1790781960791
38a45c,33,1790782860791
22f967,59,1790781960791
df2f56,53,1790867460791
a5b013,34,1790781960791
44b05c,57,1790782860791
a5faf7,47,1790867460791
e972aa,60,1790781960791
168a16,40,1790867460791
a01852,25,1790782860791
0a01fd,48,1790781960791
f75590,29,1790867460791
f5c53a,18,1790782860791
cd8411,56,1790782860791
79938e,16,1790782860791
bbf3d3,53,1790867460791
1a5797,27,1790781960791
a281d6,53,1790781960791
eec05b,28,1790781960791
6c46ca,26,1790867460791
f58c47,17,1790782860791
be86a3,45,1790867460791
92a36e,19,1790782860791
fa87d4,42,1790782860791
11abfd,36,1790782860791
d428e7,27,1790781960791
e6ce13,26,1790781960791
3cf95d,52,1790781960791
364e79,15,1790867460791
e551b8,58,1790782860791
740aa0,55,1790867460791
6f289d,51,1790782860791
eb2c46,50,1790782860791
24dbe3,27,1790782860791
6d63cb,49,1790782860791
4d79cc,38,1790782860791
83e18a,21,1790782860791
e026d5,51,1790867460791
baaa74,24,1790781960791
c46fd5,49,1790782860791
8727f5,45,1790781960791
427a34,22,1790782860791
9457e6,29,1790781960791
75bcb4,19,1790781960791
e79c31,27,1790867460791
cd1743,59,1790781960791
82d0a0,21,1790782860791
782e87,53,1790781960791
68eb1a,28,1790781960791
b9ea82,59,1790782860791
4022c3,47,1790781960791
3b99ed,22,1790867460791
9a7330,28,1790781960791
66ed8e,35,1790782860791
8fa7a1,54,1790782860791
d9b8ea,47,1790782860791
25e4f8,23,1790782860791
f9384a,22,1790867460791
46b219,44,1790867460791
6e07a0,30,1790782860791
4fe95b,48,1790867460791
74007f,20,1790782860791
0f7888,31,1790867460791
5e7d4e,33,1790781960791
616065,42,1790782860791
9046b4,30,1790867460791
57ecba,30,1790867460791
47307f,30,1790867460791
de3464,24,1790782860791
f29ca9,26,1790781960791
3fc5f8,35,1790867460791
7be9ac,27,1790781960791
575bb7,18,1790867460791
1de348,34,1790782860791
05a86d,54,1790867460791
a517b7,25,1790782860791
29a7ce,43,1790867460791
504231,24,1790781960791
e1bc67,36,1790781960791
d2d496,28,1790781960791
5cc7da,58,1790867460791
d1ab83,46,1790782860791
c37b85,27,1790781960791
983a2e,43,1790781960791
294e59,55,1790781960791
078845,46,1790867460791
d249c7,23,1790781960791
7d01c9,50,1790867460791
d76082,51,1790782860791
feced9,52,1790782860791
4bf90f,16,1790781960791
7d0458,59,1790867460791
82c711,18,1790782860791
caccd6,56,1790782860791
6c1821,16,1790867460791
88b5f5,45,1790781960791
d74159,23,1790867460791
6b999f,29,1790781960791
487299,31,1790781960791
31fb0b,50,1790867460791
1737b1,27,1790782860791
c38017,48,1790867460791
6373ae,26,1790867460791
f3ba4a,33,1790781960791
8b54a0,42,1790782860791
feba06,25,1790867460791
cf11a3,38,1790867460791
13a2e9,27,1790782860791
c06d6f,15,1790781960791
f26366,35,1790782860791
927dda,32,1790782860791
05bd53,36,1790867460791
d9eef5,21,1790781960791
6ce243,26,1790867460791
c2e7d1,26,1790781960791
2f3298,45,1790867460791
c9cb1c,17,1790781960791
5ef517,58,1790781960791
d85e45,53,1790781960791
c2189d,44,1790781960791
8275f6,34,1790867460791
5316f3,27,1790867460791
b6355b,42,1790782860791
3b2c3e,59,1790867460791
b2cfa4,49,1790781960791
24908b,41,1790781960791
67214e,30,1790782860791
4cdff9,60,1790781960791
b2a612,21,1790782860791
feab43,38,1790781960791
733623,15,1790781960791
c418d4,47,1790781960791
c28104,27,1790781960791
6cd52e,40,1790867460791
ef958a,42,1790867460791
660986,39,1790781960791
3062f0,48,1790781960791
d8065e,27,1790867460791
c490ed,26,1790867460791
c3523c,17,1790782860791
e6a6f2,54,1790867460791
157900,52,1790867460791
58f15c,41,1790781960791
db87f8,23,1790867460791
02302c,49,1790867460791
81e51b,23,1790867460791
34b0f0,32,1790782860791
ea92b2,34,1790781960791
0ebc16,27,1790867460791
6dda0e,58,1790781960791
868964,57,1790781960791
697b02,43,1790781960791
8bafd8,54,1790782860791
8a9726,45,1790781960791
1f45ed,20,1790867460791
c42914,41,1790782860791
3ae653,54,1790782860791
4e8d36,53,1790867460791
87088e,29,1790781960791
ca256e,53,1790867460791
6206eb,22,1790867460791
215fb1,19,1790782860791
80d837,39,1790781960791
85e69f,34,1790781960791
0850f4,60,1790867460791
4645f3,52,1790781960791
3f701d,48,1790782860791
0ff037,35,1790782860791
ddf705,48,1790782860791
9f8ec2,52,1790781960791
0daf03,32,1790782860791
258e69,54,1790867460791
86c014,20,1790782860791
2779b5,39,1790782860791
32dc79,30,1790867460791
8c48da,24,1790782860791
199f1a,42,1790782860791
e43661,24,1790781960791
325624,33,1790782860791
8f7a81,46,1790781960791
f88731,25,1790781960791
ad94f9,54,1790782860791
ae9bd0,30,1790867460791
036674,22,1790781960791
2e8ee4,16,1790781960791
d755ec,55,1790782860791
8be59b,43,1790782860791
baab11,21,1790867460791
21ed3c,20,1790781960791
a0ed9e,35,1790781960791
a29d7c,33,1790867460791
f6919f,58,1790867460791
ab1a3c,56,1790782860791
892298,22,1790867460791
054e95,47,1790781960791
e14c96,17,1790781960791
8bb4d7,38,1790781960791
5d4bc4,19,1790782860791
cdc85d,53,1790782860791
dd3d81,26,1790867460791
6ed01c,15,1790781960791
f2e11c,53,1790867460791
03158a,52,1790781960791
a3238c,29,1790782860791
d858a5,23,1790781960791
3e7220,18,1790867460791
677dae,42,1790781960791
bb4f78,37,1790782860791
60b967,48,1790867460791
b03bf8,19,1790782860791
b8692d,29,1790782860791
9f9964,48,1790867460791
c036dc,22,1790867460791
20aec5,40,1790781960791
731f0a,49,1790867460791
f0cae0,31,1790782860791
32d637,50,1790781960791
a24e93,54,1790867460791
aa7ba7,18,1790867460791
78a971,38,1790782860791
08a9e6,51,1790867460791
3aca94,21,1790781960791
792fe9,53,1790781960791
8f3c1f,33,1790782860791
4a75fe,33,1790782860791
475109,26,1790781960791
deb1d7,54,1790782860791
d4d5c4,53,1790782860791
b16097,47,1790782860791
a0d117,42,1790867460791
9fa26a,45,1790867460791
d812ce,16,1790781960791
d123ae,35,1790782860791
f0794b,38,1790867460791
3a784d,24,1790867460791
70acab,42,1790781960791
603b99,44,1790867460791
12b8b3,30,1790782860791
ac0d86,29,1790782860791
3fb78d,23,1790781960791
68fc1e,28,1790781960791
eb3970,15,1790782860791
7f2afc,57,1790782860791
00ceb4,17,1790781960791
9b134e,50,1790781960791
9fc27d,51,1790781960791
16272e,57,1790867460791
7982fc,25,1790782860791
1669e1,29,1790867460791
bb6e12,40,1790782860791
73539b,38,1790867460791
2a5f4f,23,1790782860791
20b68a,59,1790781960791
5ea104,28,1790782860791
77b902,20,1790867460791
882636,44,1790782860791
67344b,32,1790867460791
ff3922,51,1790782860791
8387e1,22,1790867460791
052f19,24,1790867460791
7d20d2,44,1790867460791
c5cc08,43,1790781960791
f4bc89,29,1790781960791
fb6afb,58,1790867460791
697b24,18,1790867460791
cf5e79,24,1790782860791
a9a3db,52,1790782860791
ec0058,26,1790781960791
4e9abd,37,1790867460791
24fff6,58,1790782860791
ef99b1,47,1790781960791
87cdc5,46,1790781960791
e059ea,35,1790782860791
f75583,24,1790781960791
9d9f11,30,1790867460791
fa7261,40,1790867460791
50e6af,41,1790781960791
368555,36,1790781960791
6ab253,45,1790867460791
b64fd4,41,1790782860791
4ff571,26,1790782860791
b9a2d8,45,1790782860791
c174cf,22,1790781960791
ff62b4,39,1790782860791
ed1628,17,1790781960791
2951a9,48,1790867460791
f70dc5,31,1790782860791
e9946f,35,1790781960791
d14fc4,43,1790867460791
a2cdd8,18,1790781960791
f8a5ca,35,1790867460791
d88078,33,1790867460791
87099b,50,1790781960791
7a581a,42,1790782860791
abfa30,17,1790781960791
398c70,52,1790781960791
173b4d,45,1790781960791
696e94,49,1790782860791
a9f606,40,1790867460791
be2263,15,1790867460791
4080f3,23,1790781960791
4cacb8,16,1790781960791
a451d4,52,1790781960791
c86b0f,26,1790781960791
828ebf,38,1790781960791
90d872,25,1790781960791
28efa2,40,1790782860791
98aa5f,35,1790782860791
141d52,24,1790867460791
ea5d40,28,1790781960791
a274f5,58,1790867460791
161d5a,51,1790781960791
648f9a,55,1790782860791
7868e1,33,1790782860791
e41d71,16,1790782860791
3ce960,56,1790781960791
27779b,16,1790781960791
84993c,15,1790867460791
1809b4,35,1790782860791
2c98b5,48,1790782860791
f36947,33,1790782860791
260e95,48,1790867460791
816aa2,25,1790781960791
f20fd8,45,1790867460791
161166,41,1790782860791
a1f7af,43,1790867460791
fead82,56,1790782860791
bc3c3d,19,1790782860791
62f35c,21,1790782860791
2c328d,45,1790781960791
06eed7,54,1790782860791
a162db,22,1790782860791
c94564,30,1790867460791
8ec402,19,1790867460791
8cf24c,48,1790867460791
43a6b3,37,1790782860791
08e202,33,1790781960791
3ee774,22,1790782860791
d9bc81,53,1790781960791
50c1d9,26,1790867460791
42a745,58,1790867460791
ec95ba,50,1790782860791
cd1144,28,1790782860791
bc7fcb,44,1790782860791
432ebe,32,1790867460791
2a3e4e,53,1790781960791
1f9f86,47,1790781960791
a61cbe,35,1790867460791
69088d,22,1790782860791
2a9c7d,50,1790867460791
a3e18f,53,1790782860791
8f94f2,17,1790781960791
d0de21,22,1790781960791
88e6cb,59,1790782860791
776c2f,24,1790781960791
ce2470,28,1790782860791
be86ea,44,1790867460791
931bfb,54,1790867460791
7b994e,36,1790781960791
d80a1d,59,1790867460791
460f99,33,1790781960791
fe6dda,56,1790781960791
adf69c,31,1790782860791
049c37,35,1790781960791
fda6e2,48,1790867460791
785e6a,33,1790782860791
5e3d5d,59,1790867460791
c972c0,40,1790782860791
d481df,29,1790782860791
1d403c,36,1790781960791
919e4d,46,1790782860791
b0f138,41,1790867460791
e26538,38,1790867460791
3678e7,16,1790782860791
9e021d,41,1790781960791
7a3af5,22,1790781960791
d2edd2,57,1790782860791
01a9ea,33,1790782860791
a62424,48,1790782860791
acb1f9,24,1790781960791
cd8366,24,1790782860791
ca3984,25,1790781960791
76ab52,27,1790781960791
840652,45,1790781960791
9cd253,48,1790782860791
d5f631,50,1790782860791
f64b6a,56,1790781960791
f76edc,20,1790867460791
1305d9,36,1790782860791
bda595,33,1790867460791
00983d,54,1790781960791
1d96bd,51,1790781960791
3978aa,44,1790781960791
536929,44,1790781960791
d4b720,51,1790782860791
2d5134,48,1790867460791
6f7a6c,54,1790782860791
ea4d7e,38,1790781960791
7ce439,18,1790781960791
4faeb2,45,1790781960791
7bc9e4,60,1790782860791
bd3edc,60,1790867460791
436e10,40,1790782860791
76036f,38,1790781960791
71046b,20,1790867460791
21023a,41,1790867460791
bfa9e4,25,1790781960791
acbfef,46,1790867460791
91a778,58,1790782860791
84b026,32,1790867460791
319a30,17,1790867460791
534ec2,35,1790782860791
683e59,33,1790781960791
f0fb25,16,1790781960791
f7bb22,57,1790782860791
697654,49,1790867460791
5cb2b9,20,1790781960791
77de34,40,1790781960791
bae554,41,1790782860791
12ab88,29,1790782860791
3822ba,54,1790867460791
0e94bf,46,1790781960791
40d8ad,39,1790781960791
7c48ff,34,1790782860791
e674e1,29,1790867460791
8ef422,21,1790867460791
aebf81,35,1790782860791
99172c,47,1790781960791
fc47af,42,1790781960791
7e8820,34,1790782860791
51625c,19,1790781960791
878b1d,32,1790781960791
1da4e8,60,1790867460791
1b38a0,15,1790781960791
cecd4b,57,1790781960791
0d3446,28,1790867460791
cb2716,34,1790781960791
d7788b,17,1790782860791
57de3a,40,1790867460791
c405a9,53,1790781960791
c632db,30,1790867460791
abd526,53,1790867460791
dc0787,53,1790867460791
815d6e,30,1790782860791
7aa77f,56,1790782860791
0b3fce,58,1790867460791
d5717d,32,1790867460791
2b6a84,55,1790867460791
e0e94c,57,1790781960791
733e1d,37,1790781960791
2785cd,44,1790867460791
bf0c50,43,1790782860791
6d736a,25,1790781960791
82bcce,37,1790782860791
baedcf,27,1790782860791
ddb62e,36,1790867460791
537920,28,1790782860791
9796d2,18,1790782860791
06def9,18,1790781960791
de9f9a,49,1790781960791
b9b3a9,15,1790781960791
fe5210,40,1790867460791
5dacb7,39,1790867460791
e10318,32,1790781960791
b55be6,41,1790781960791
b72c01,21,1790867460791
089d3a,59,1790781960791
3aaf81,39,1790867460791
112e3e,55,1790781960791
57ee8a,40,1790782860791
80c241,45,1790782860791
5a5f60,55,1790867460791
b01746,17,1790782860791
6967b3,57,1790782860791
835ec5,31,1790867460791
54fa8a,60,1790781960791
114e93,58,1790782860791
d6ccb2,47,1790867460791
122c2d,34,1790867460791
2ec40a,27,1790782860791
6ae7ac,20,1790781960791
e12114,36,1790782860791
f911d2,60,1790781960791
008102,25,1790867460791
4237e2,45,1790782860791
573f27,41,1790867460791
483b48,30,1790867460791
b02500,39,1790867460791
9bf65b,39,1790781960791
019b0c,35,1790781960791
6a0b59,59,1790782860791
32b387,46,1790782860791
71710a,15,1790782860791
722083,16,1790782860791
880d08,24,1790867460791
e719ba,49,1790867460791
5ea497,31,1790781960791
2be8e6,45,1790867460791
b9347e,40,1790781960791
99872b,51,1790781960791
bdfd2d,50,1790782860791
454dc8,50,1790782860791
59df8f,57,1790782860791
270319,59,1790782860791
2b2630,23,1790781960791
2e34f9,52,1790781960791
62176a,21,1790782860791
50ebbb,15,1790782860791
cb29f4,35,1790867460791
ac5455,60,1790781960791
a76a72,52,1790782860791
3c81aa,60,1790867460791
5be0ea,53,1790782860791
0b95bc,51,1790867460791
f9d6f7,18,1790782860791
3b1827,33,1790781960791
c0c2c6,34,1790781960791
122fea,29,1790867460791
03ba61,27,1790782860791
c56e27,20,1790782860791
97bbc2,24,1790867460791
45b6fc,33,1790781960791
505aa3,26,1790867460791
477027,45,1790782860791
4dcde5,37,1790867460791
2b4e05,34,1790781960791
aae9bf,36,1790867460791
47b226,51,1790781960791
35c776,29,1790867460791
636b40,39,1790782860791
e0522c,28,1790781960791
321153,53,1790867460791
39a6b0,43,1790781960791
a65fd5,39,1790782860791
bc1675,51,1790781960791
a54975,29,1790782860791
aa5409,54,1790867460791
8209b6,50,1790782860791
7d2c39,57,1790867460791
047688,45,1790782860791
2a8ee8,50,1790782860791
0922c1,47,1790867460791
f8f4df,22,1790781960791
e7cd3c,48,1790867460791
b13a8a,52,1790781960791
402247,33,1790782860791
a1d259,28,1790782860791
b0d0db,33,1790781960791
5c2f42,58,1790867460791
9fda54,46,1790782860791
98513c,36,1790867460791
8d7b26,24,1790867460791
6741c9,17,1790781960791
4d9b19,24,1790867460791
983d66,54,1790867460791
76c2b8,19,1790867460791
9918e1,41,1790867460791
4e3e80,54,1790781960791
7dd0d9,48,1790781960791
b15868,28,1790782860791
0a5fe3,60,1790782860791
06b060,57,1790781960791
17e2ea,36,1790781960791
ddbf7c,23,1790782860791
b6493c,52,1790781960791
978a3c,18,1790867460791
f2499b,16,1790867460791
ba2ff3,59,1790867460791
6f2ad1,46,1790867460791
88308b,58,1790782860791
231c90,44,1790782860791
a41fae,42,1790781960791
76682d,35,1790782860791
f8c9a5,32,1790867460791
569581,40,1790867460791
9583b2,60,1790867460791
63f5fd,30,1790867460791
017725,32,1790867460791
0395b8,44,1790782860791
b4efbb,51,1790867460791
48d831,36,1790782860791
01553d,57,1790867460791
de70cd,25,1790782860791
976f2a,39,1790782860791
9a8942,44,1790781960791
8afc66,42,1790867460791
95588a,24,1790781960791
905359,51,1790781960791
30b074,55,1790867460791
e38f70,50,1790782860791
314184,15,1790781960791
74e215,35,1790781960791
b73e5c,38,1790867460791
1e1791,42,1790781960791
f54524,47,1790781960791
0434c1,49,1790867460791
ccfcee,31,1790781960791
440def,41,1790782860791
a44250,58,1790782860791
2ce3c1,22,1790782860791
759df0,57,1790781960791
2f8410,41,1790781960791
57e77f,24,1790867460791
68245b,37,1790782860791
3f5b8b,31,1790867460791
315274,26,1790782860791
7fcef7,30,1790867460791
9ed1d2,39,1790867460791
1a76be,40,1790867460791
31a3c5,48,1790781960791
894639,44,1790781960791
f51463,22,1790782860791
9c13de,19,1790782860791
7a29b6,54,1790781960791
734366,39,1790867460791
cad9ed,20,1790782860791
490514,53,1790781960791
4deca4,19,1790781960791
6b4d17,18,1790781960791
fee6fa,30,1790867460791
e0927f,34,1790782860791
d7373e,33,1790867460791
2748bf,32,1790867460791
8395ca,52,1790781960791
630030,27,1790781960791
a57180,30,1790781960791
3ab73d,23,1790781960791
b201bb,39,1790867460791
e8a052,52,1790781960791
fa4084,30,1790781960791
692d1b,38,1790867460791
acd705,29,1790781960791
f93077,20,1790867460791
f6576e,24,1790781960791
cde3b8,19,1790867460791
f6c4c1,45,1790781960791
6fd46c,17,1790781960791
28ce85,48,1790867460791
abb61d,29,1790867460791
1b073c,44,1790781960791
425eef,30,1790867460791
2b14f8,45,1790867460791
0da983,23,1790782860791
23f708,56,1790867460791
2b7be4,30,1790781960791
170029,27,1790782860791
673feb,45,1790782860791
0e1481,53,1790867460791
0537ea,54,1790867460791
220011,44,1790782860791
c409ef,48,1790867460791
1ccc0a,25,1790782860791
0979f4,16,1790867460791
7b395f,46,1790782860791
e3a7b3,27,1790867460791
840862,36,1790781960791
0d3db7,49,1790867460791
1d160e,45,1790782860791
01e3a7,38,1790867460791
662c1c,54,1790782860791
9c76b7,52,1790782860791
7eaa85,31,1790867460791
b8290e,25,1790781960791
ee1faf,24,1790867460791
c1f6cc,32,1790782860791
69fca9,47,1790782860791
5aa7a7,41,1790867460791
9e13fc,21,1790867460791
981dfa,16,1790782860791
74913e,55,1790782860791
091c53,53,1790782860791
63a9fd,27,1790867460791
fb728c,55,1790781960791
5966ca,42,1790781960791
d11f2f,23,1790782860791
2e3bc1,31,1790781960791
d7636b,37,1790782860791
e70514,42,1790867460791
ab859c,24,1790782860791
9f7ef4,57,1790782860791
28d8ef,52,1790867460791
2810a1,23,1790782860791
d6c4e0,16,1790782860791
2c3a69,33,1790867460791
c658e5,29,1790867460791
a1d21b,48,1790782860791
f36b78,56,1790781960791
527910,60,1790867460791
998ca7,24,1790867460791
54c289,22,1790782860791
a81570,34,1790781960791
97e366,38,1790867460791
f3d77d,54,1790782860791
ec347b,48,1790867460791
4ada23,45,1790867460791
004a72,40,1790781960791
c4e20d,53,1790781960791
65b782,22,1790781960791
25b63a,29,1790782860791
160e2b,43,1790867460791
5b4af2,49,1790781960791
ddcd3b,35,1790867460791
335293,32,1790782860791
1338a5,28,1790782860791
b8bb82,19,1790867460791
5120bb,60,1790782860791
0820a3,20,1790867460791
f9ddf2,42,1790782860791
6d9e5e,39,1790782860791
9e0ff0,38,1790782860791
d2528d,28,1790867460791
392677,58,1790782860791
084075,40,1790781960791
aa22d0,54,1790781960791
ead732,24,1790867460791
b88564,16,1790867460791
cb02bb,33,1790867460791
dae64b,38,1790781960791
5d01b1,28,1790781960791
787d8e,50,1790867460791
0af24b,59,1790782860791
c5aab7,58,1790867460791
fdde12,25,1790867460791
44ee67,24,1790781960791
6af5d3,24,1790782860791
4a682a,47,1790782860791
643ce0,33,1790781960791
dc91d5,30,1790867460791
b90cf7,45,1790781960791
0c7826,28,1790782860791
8d079a,17,1790867460791
a785e7,44,1790781960791
789650,33,1790781960791
7e589b,24,1790781960791
f55902,55,1790781960791
4a6f2a,36,1790782860791
395f3d,21,1790867460791
d6b483,26,1790781960791
5e771e,43,1790781960791
fe61c4,44,1790782860791
b6fb28,43,1790781960791
c22d91,47,1790782860791
2a6a1f,31,1790782860791
79c656,27,1790782860791
d057ad,46,1790781960791
f29a49,18,1790781960791
8171b9,29,1790781960791
4bef5d,19,1790782860791
ffa46b,54,1790867460791
d67a12,29,1790781960791
6df6b3,17,1790781960791
30db98,39,1790782860791
9dabc9,49,1790867460791
6b7373,49,1790867460791
2735ad,26,1790781960791
7c11f5,40,1790781960791
496d28,32,1790782860791
32b361,46,1790781960791
c5b312,19,1790867460791
c6aaa9,55,1790867460791
a2d9e2,28,1790867460791
e3a7af,23,1790782860791
d58820,52,1790782860791
250278,48,1790867460791
47c490,31,1790867460791
19a113,57,1790867460791
7f3241,19,1790867460791
01161c,41,1790782860791
65f464,51,1790782860791
ec72f2,37,1790867460791
902749,22,1790867460791
e0ec1a,26,1790781960791
cb732d,49,1790867460791
f22b54,16,1790782860791
31f155,43,1790867460791
bd28a2,24,1790782860791
0eb7ad,48,1790867460791
81f730,26,1790867460791
01fcd7,46,1790867460791
b176d1,20,1790781960791
054f35,24,1790781960791
4043b0,32,1790781960791
cebd46,32,1790781960791
06bc6f,40,1790782860791
92c5b8,25,1790782860791
f4a578,26,1790782860791
d2133a,49,1790781960791
53a124,19,1790867460791
a99858,58,1790782860791
49f673,59,1790782860791
c4b755,16,1790867460791
ab8b73,18,1790782860791
316cf9,55,1790781960791
297649,40,1790867460791
f480c4,30,1790867460791
1db943,16,1790781960791
61e149,18,1790782860791
6aac3a,53,1790867460791
6a616f,15,1790782860791
796bac,48,1790781960791
4a542c,54,1790781960791
7143a1,36,1790867460791
c0824f,19,1790781960791
7156b9,27,1790867460791
ce057d,44,1790781960791
7a69e5,23,1790782860791
1ce472,17,1790782860791
9e3980,41,1790781960791
56ea5c,20,1790782860791
f3d998,44,1790867460791
20e4d8,30,1790867460791
c35330,24,1790782860791
239599,31,1790867460791
b56a2e,33,1790867460791
e96019,54,1790781960791
31feb8,60,1790867460791
b57226,30,1790867460791
0aeb54,37,1790782860791
76ea6e,59,1790782860791
e3e5d6,37,1790867460791
14b49f,34,1790782860791
825efd,26,1790781960791
b1b0e8,23,1790867460791
e38b06,45,1790782860791
0eb3e4,28,1790781960791
8babc3,41,1790867460791
e367c5,39,1790867460791
60323b,57,1790782860791
7dfbdc,55,1790781960791
21062d,42,1790782860791
9f23d8,34,1790867460791
a07699,41,1790867460791
19a5fb,18,1790782860791
4c4db5,54,1790782860791
605e27,41,1790867460791
d273c7,50,1790782860791
0908d5,58,1790781960791
af4923,56,1790867460791
c86b34,15,1790867460791
3ec23b,18,1790782860791
f8fbb7,53,1790782860791
c818fe,32,1790782860791
08fb14,18,1790782860791
7b332b,57,1790867460791
50b952,31,1790782860791
79652f,17,1790781960791
1f3873,49,1790781960791
f8b7b3,58,1790782860791
2af3cb,30,1790781960791
e945a8,40,1790782860791
dbcc3c,23,1790781960791
25c952,31,1790867460791
d78f4a,30,1790782860791
261f1a,43,1790782860791
635e1b,37,1790867460791
54e477,32,1790782860791
b10e2f,28,1790867460791
bb7099,55,1790782860791
ca318c,35,1790867460791
7f215a,40,1790782860791
963741,34,1790867460791
0b3b87,25,1790781960791
aec42e,53,1790781960791
1a92c8,46,1790782860791
387e2d,31,1790782860791
1ce24a,20,1790867460791
6d533b,40,1790867460791
df604b,60,1790781960791
19d76f,31,1790782860791
998805,57,1790867460791
1590ce,58,1790867460791
0b1398,45,1790781960791
b94166,55,1790782860791
0db7ec,21,1790867460791
293bd0,27,1790781960791
5b8436,20,1790781960791
72d9f7,48,1790867460791
318a9a,35,1790781960791
f3a3bf,18,1790782860791
ef07eb,17,1790781960791
4c6842,59,1790867460791
97e521,28,1790782860791
e1b8c1,54,1790867460791
e91b55,31,1790781960791
fd2e33,38,1790782860791
9a9968,42,1790781960791
4f2886,37,1790781960791
9f292d,32,1790867460791
3f938d,45,1790782860791
1e7dae,48,1790782860791
630c06,19,1790782860791
fff3e9,29,1790867460791
2d714e,21,1790782860791
4902ce,35,1790782860791
c93cb3,58,1790782860791
60f5be,50,1790781960791
838d13,28,1790867460791
f37d90,36,1790867460791
12917a,27,1790782860791
c30ba0,22,1790781960791
265271,37,1790781960791
7bacf3,36,1790867460791
253421,23,1790781960791
0a6c1c,30,1790781960791
bd61b6,54,1790781960791
236931,33,1790781960791
38be5f,55,1790781960791
304ae3,19,1790782860791
3fbca4,23,1790781960791
460bf8,51,1790781960791
ac6b13,36,1790867460791
c53cc3,22,1790781960791
b1e318,35,1790781960791
bf1faf,47,1790782860791
0e2689,49,1790781960791
251f5b,23,1790867460791
13f449,19,1790781960791
511b51,46,1790781960791
466ffb,40,1790867460791
4fe2d8,53,1790867460791
319056,21,1790782860791
72247d,47,1790781960791
560e31,37,1790867460791
386c3f,32,1790867460791
d6efa1,16,1790867460791
7154ff,21,1790782860791
cc8d8c,41,1790867460791
90fe86,19,1790782860791
3cb83b,32,1790782860791
9dac60,40,1790781960791
ce0674,31,1790867460791
db820e,19,1790782860791
3a876c,50,1790867460791
b9ed56,45,1790781960791
4b222e,23,1790781960791
4f8241,46,1790781960791
38f5e6,50,1790782860791
ff08c1,42,1790867460791
ba370a,50,1790782860791
a4b292,38,1790781960791
e61206,44,1790782860791
d8bc02,26,1790781960791
a49528,33,1790782860791
e33f73,56,1790781960791
d80016,55,1790781960791
eae59f,16,1790781960791
8f36ba,53,1790867460791
d40d6a,60,1790867460791
008f9a,59,1790867460791
83cfb3,28,1790782860791
b27ca5,31,1790867460791
4f1c47,35,1790781960791
737d99,34,1790867460791
d615d1,17,1790781960791
9b36af,25,1790782860791
d826ce,28,1790781960791
fe1a76,54,1790782860791
83d8e5,17,1790867460791
2dfaca,54,1790782860791
10179f,31,1790867460791
bd6f59,18,1790782860791
1695b4,55,1790867460791
476408,51,1790782860791
ad3a5a,60,1790782860791
7c07a3,42,1790867460791
b53737,56,1790781960791
069e07,23,1790781960791
7415fb,23,1790782860791
262649,26,1790782860791
a29afe,21,1790782860791
00314c,50,1790867460791
6b5710,26,1790781960791
74c72c,45,1790867460791
dd50cc,31,1790867460791
2e4f46,42,1790782860791
4f3a7c,33,1790781960791
808437,31,1790781960791
61f6e6,43,1790867460791
b14a70,35,1790782860791
115b44,57,1790867460791
3704f6,59,1790781960791
e30e81,15,1790867460791
9239b3,24,1790782860791
544cce,20,1790867460791
9296a5,20,1790867460791
a2425e,40,1790782860791
babac8,31,1790782860791
a79a34,26,1790867460791
5df790,28,1790781960791
85c4ee,44,1790781960791
2195cd,26,1790781960791
218c6f,39,1790782860791
fa3a2e,23,1790781960791
b23e50,54,1790781960791
c78abe,16,1790781960791
abf8bb,60,1790867460791
a31841,32,1790867460791
b56237,49,1790782860791
1a1367,46,1790782860791
8b9232,47,1790867460791
f32a13,50,1790867460791
cbe735,26,1790781960791
003b3f,38,1790781960791
57ffd4,30,1790867460791
82c447,16,1790781960791
30c2b6,29,1790867460791
a86a7c,27,1790781960791
dd4090,55,1790782860791
7cc584,52,1790867460791
596015,40,1790867460791
5d85b5,17,1790782860791
0320df,30,1790781960791
a515f6,18,1790782860791
1a66f3,45,1790867460791
2617e6,59,1790867460791
c78a38,34,1790782860791
a7b2c4,37,1790781960791
0760c8,33,1790867460791
a889bd,37,1790867460791
e05e21,58,1790867460791
7d0a51,38,1790782860791
8f6dd4,48,1790781960791
fed053,53,1790781960791
c6f38b,15,1790782860791
eea147,34,1790781960791
e9a020,37,1790782860791
b295b8,52,1790781960791
6bc9be,31,1790782860791
ddaa13,51,1790867460791
3bc71a,18,1790781960791
518c37,59,1790782860791
5a0d15,33,1790867460791
6d436a,16,1790867460791
19b26d,26,1790782860791
1dde9e,29,1790781960791
a8158e,30,1790781960791
5a18bc,27,1790867460791
378905,59,1790781960791
987d8b,46,1790781960791
868d36,59,1790781960791
fef1a2,34,1790781960791
ebf0c4,55,1790782860791
b42b1a,56,1790782860791
178f86,55,1790782860791
33b590,55,1790781960791
bfd06c,49,1790867460791
2028ce,24,1790782860791
eedbc7,45,1790867460791
b1ebce,28,1790867460791
555dd0,17,1790782860791
1c5f1b,48,1790782860791
681ac2,36,1790867460791
9516be,24,1790781960791
66954f,21,1790781960791
8941f6,23,1790781960791
b628e0,19,1790782860791
732360,38,1790781960791
61b321,41,1790867460791
53ba18,31,1790781960791
469e94,30,1790782860791
b850db,35,1790782860791
46156f,31,1790782860791
61cc33,48,1790782860791
a0d2de,23,1790781960791
704a3e,36,1790867460791
c54ba3,22,1790782860791
08f28b,45,1790867460791
3690f0,15,1790782860791
58a6d1,22,1790867460791
ec59d6,44,1790867460791
dcb644,56,1790781960791
df88d8,33,1790782860791
eb8ad8,27,1790782860791
4f1977,44,1790867460791
49f1be,27,1790781960791
1c80e9,50,1790782860791
809a51,16,1790782860791
6e4c9c,44,1790781960791
6a0be7,37,1790781960791
009354,19,1790781960791
5465f6,43,1790867460791
a7fda6,21,1790781960791
e34995,31,1790867460791
e26a5d,41,1790867460791
231f16,17,1790781960791
4ac341,27,1790867460791
0ea087,59,1790781960791
c9fb36,21,1790781960791
de9c33,51,1790867460791
22bc41,44,1790782860791
333277,49,1790867460791
6d3142,52,1790867460791
ec983c,48,1790867460791
80ab52,40,1790781960791
d49851,24,1790782860791
016a5d,30,1790867460791
917801,19,1790781960791
bc5a11,17,1790781960791
a80696,20,1790867460791
fa1a13,51,1790781960791
4ff46e,31,1790867460791
b5ff33,49,1790781960791
c2ab00,44,1790782860791
2af37e,36,1790782860791
697fb4,50,1790782860791
8fb169,31,1790867460791
d01be3,54,1790781960791
f08c31,58,1790781960791
19b2d7,32,1790782860791
796768,27,1790867460791
db3346,20,1790782860791
859bdb,51,1790867460791
b4e5d8,28,1790781960791
e54d1f,36,1790867460791
dff7d1,22,1790782860791
cb187b,55,1790867460791
c7b1ed,48,1790781960791
40126a,51,1790781960791
023f28,33,1790867460791
f2e447,43,1790781960791
01857b,37,1790781960791
ffa191,24,1790867460791
26a1c5,54,1790782860791
902621,27,1790781960791
169bff,33,1790781960791
1029fc,34,1790867460791
73bdb6,27,1790781960791
d312aa,50,1790782860791
b759e0,49,1790782860791
9b0a7a,29,1790781960791
2d2deb,42,1790781960791
802a06,44,1790781960791
c7d6a8,30,1790781960791
1a878b,46,1790782860791
028808,35,1790782860791
a12628,25,1790782860791
57ce06,19,1790867460791
8a86c7,27,1790782860791
4332b5,56,1790867460791
08bcc9,31,1790782860791
719322,56,1790781960791
3d6043,27,1790781960791
91e771,49,1790782860791
837269,52,1790781960791
89ddbe,22,1790781960791
e99cd8,53,1790782860791
0c8f8f,60,1790782860791
550b02,55,1790867460791
19913a,25,1790782860791
ccdcb5,35,1790867460791
035ad6,20,1790782860791
6474d5,26,1790867460791
02ed9c,59,1790782860791
a1c9e2,40,1790867460791
57f374,59,1790867460791
afc52d,47,1790781960791
584590,29,1790781960791
ac8aff,36,1790781960791
3f9848,28,1790782860791
7c7fdb,59,1790782860791
698db1,24,1790867460791
333a97,30,1790781960791
cba587,54,1790782860791
93c15e,43,1790867460791
15a287,49,1790781960791
b5fde9,19,1790867460791
317608,40,1790781960791
289677,32,1790782860791
e7a4c5,15,1790867460791
967087,53,1790867460791
fe7e2f,44,1790782860791
36de25,37,1790782860791
b5a39b,49,1790782860791
b2b0f4,39,1790782860791
bcc7fd,20,1790782860791
b62a39,53,1790782860791
0d6096,36,1790782860791
6060b2,35,1790867460791
60035a,32,1790867460791
5aec39,19,1790782860791
73cc80,39,1790867460791
b0eb60,58,1790867460791
13a160,36,1790867460791
5b0da2,24,1790867460791
0957eb,18,1790782860791
c2794c,49,1790867460791
938cd7,55,1790867460791
75975a,49,1790867460791
34acf4,51,1790781960791
149d43,39,1790781960791
eb4706,31,1790867460791
76edf6,55,1790781960791
438411,27,1790781960791
598f12,16,1790782860791
97e2f8,17,1790867460791
87c44d,30,1790782860791
e5c7e9,34,1790781960791
3873a1,52,1790781960791
2a6d81,31,1790867460791
3f78d5,24,1790867460791
9f5cf8,28,1790867460791
f9d665,50,1790782860791
77089c,16,1790782860791
26ca50,17,1790782860791
884de8,53,1790867460791
31f67b,17,1790867460791
508467,29,1790867460791
4d704f,29,1790867460791
6f6a8e,59,1790782860791
7fa0bc,54,1790867460791
17f7bc,18,1790867460791
c265c3,23,1790781960791
36a0ec,30,1790781960791
dc7a92,43,1790867460791
a5a246,57,1790867460791
2e60e4,40,1790867460791
9ef5f7,16,1790867460791
fc5da6,17,1790782860791
4b548f,35,1790781960791
8fe064,50,1790781960791
298598,30,1790782860791
4ac686,51,1790867460791
ad0d3e,20,1790781960791
5194b0,57,1790867460791
e950f6,38,1790782860791
25f559,31,1790782860791
3a9dd7,42,1790781960791
ea278c,48,1790867460791
456060,17,1790782860791
77fb2a,28,1790781960791
b4572c,44,1790782860791
c7a20a,59,1790867460791
060796,40,1790867460791
48a7f2,44,1790867460791
e6fa81,58,1790781960791
34fba1,45,1790782860791
5834a1,45,1790781960791
ad41c1,30,1790867460791
ecf13f,36,1790781960791
1f7e9c,43,1790781960791
cf5263,59,1790782860791
69a825,33,1790782860791
629f96,17,1790781960791
439d25,59,1790867460791
d53648,46,1790867460791
bcb99b,16,1790781960791
077b1a,31,1790867460791
b31033,46,1790867460791
5508c7,29,1790782860791
3861b2,56,1790781960791
d72e58,17,1790867460791
0385a9,29,1790867460791
55c1bb,30,1790782860791
7bcb07,48,1790781960791
1ce900,47,1790867460791
5b9277,49,1790782860791
a8cc65,58,1790781960791
a25440,40,1790867460791
862491,20,1790782860791
2becbb,28,1790781960791
09f615,43,1790867460791
911f68,49,1790867460791
f7d5d7,26,1790781960791
3c75d1,41,1790781960791
1e04b7,15,1790781960791
2aedd4,24,1790781960791
79be9e,21,1790782860791
e64403,33,1790781960791
303a9c,43,1790782860791
6a9060,52,1790867460791
5c6c9d,59,1790867460791
a199c6,38,1790867460791
7b529f,24,1790867460791
6f46bb,16,1790782860791
23f235,41,1790782860791
0dcfc8,50,1790867460791
abc246,16,1790781960791
753114,44,1790867460791
65c0fe,51,1790782860791
14a39f,35,1790781960791
dc3788,33,1790867460791
2c6998,59,1790867460791
852752,49,1790781960791
7c44a5,47,1790867460791
7c39f4,40,1790781960791
f22e5e,36,1790781960791
9f3a82,32,1790867460791
9c533a,50,1790782860791
c34d07,60,1790867460791
474ebd,17,1790781960791
927e26,18,1790782860791
c9cdd9,44,1790867460791
f9f98d,25,1790781960791
ac9935,28,1790782860791
42227e,34,1790782860791
4c6783,25,1790781960791
9d4531,20,1790781960791
3aaf42,16,1790782860791
352fd9,37,1790867460791
5539ad,52,1790867460791
084f30,57,1790782860791
0475c9,19,1790867460791
40093c,26,1790781960791
488b5f,36,1790782860791
fc167a,56,1790782860791
08a148,43,1790781960791
a35210,46,1790781960791
7e00aa,19,1790782860791
af846a,26,1790781960791
5cb4d8,57,1790781960791
46d620,39,1790867460791
946a8a,20,1790782860791
696bae,21,1790867460791
7fe588,56,1790781960791
2eab18,33,1790867460791
71f5b6,40,1790781960791
92b032,32,1790867460791
ea5ba8,49,1790781960791
56952c,50,1790781960791
843f8c,21,1790867460791
6bb15c,16,1790867460791
c873cd,40,1790781960791
7e066f,53,1790782860791
c06b1f,44,1790867460791
f419ae,30,1790781960791
ce254f,59,1790782860791
76c883,27,1790782860791
d3dd0d,32,1790781960791
d497d9,47,1790781960791
719ac0,51,1790867460791
30b2cd,18,1790867460791
81d2bd,44,1790781960791
fd8b3c,51,1790782860791
125de1,51,1790781960791
b61c72,60,1790867460791
ca8fd8,37,1790781960791
e3ed7d,34,1790781960791
e7dc72,54,1790782860791
3ad122,18,1790782860791
067d90,41,1790867460791
641a9a,18,1790781960791
5cdf36,44,1790867460791
cda5a5,22,1790782860791
778cf6,52,1790782860791
f20357,36,1790781960791
1eec58,16,1790867460791
4817e2,58,1790782860791
2de1d3,23,1790782860791
20b44c,46,1790781960791
b83bb6,40,1790782860791
9bbd58,28,1790781960791
16bfe9,38,1790867460791
0241d0,44,1790782860791
229a75,42,1790782860791
905447,17,1790782860791
24f138,53,1790782860791
9eeb78,34,1790867460791
b2e5ce,36,1790781960791
abec72,44,1790782860791
9ffa7a,19,1790867460791
1a6a91,57,1790781960791
13c839,22,1790782860791
018d24,44,1790782860791
ad0194,32,1790867460791
d5cb9b,21,1790782860791
4ca455,49,1790781960791
59ceff,22,1790782860791
f65b16,59,1790781960791
6e0372,24,1790781960791
36ed2d,39,1790867460791
0a3fdc,56,1790781960791
640c93,49,1790867460791
37d269,22,1790867460791
fb8391,51,1790867460791
75c62c,22,1790867460791
3bce54,43,1790867460791
d60741,46,1790782860791
3e9106,48,1790867460791
d323c0,30,1790782860791
dfc5a0,20,1790782860791
a26264,26,1790867460791
4d7212,57,1790781960791
36beb9,47,1790782860791
8e254b,30,1790782860791
cc28cb,52,1790782860791
0aeb0b,31,1790867460791
95beda,29,1790782860791
f49f5f,38,1790867460791
c68520,27,1790867460791
5bccaf,59,1790781960791
90643b,41,1790781960791
2d167e,19,1790867460791
0ca1e8,41,1790781960791
f546b6,19,1790867460791
c5295f,40,1790782860791
6cb0ba,41,1790781960791
e7bb6d,54,1790781960791
345a9c,40,1790782860791
9873cf,51,1790867460791
d70cd3,52,1790781960791
d8f4e3,37,1790781960791
cb11a9,38,1790867460791
139162,41,1790782860791
dd23db,16,1790781960791
934fbd,15,1790782860791
4b37b4,48,1790867460791
cf24b6,34,1790782860791
7db232,41,1790781960791
1bb8be,39,1790781960791
c8ff1d,56,1790782860791
ce3214,51,1790781960791
7266c4,16,1790867460791
be455a,37,1790867460791
02ccaa,35,1790781960791
101f2e,52,1790782860791
a06744,54,1790781960791
977bc5,52,1790781960791
d1784b,49,1790781960791
df438c,43,1790867460791
3b08ba,35,1790782860791
c6fc0f,39,1790782860791
763879,31,1790782860791
30d8a0,27,1790867460791
619609,40,1790782860791
75c8bb,20,1790782860791
0942aa,53,1790867460791
778628,25,1790781960791
71d586,23,1790781960791
f5c685,21,1790867460791
6ef0be,53,1790781960791
449664,44,1790867460791
648f06,39,1790782860791
fc5b62,36,1790867460791
ea4f81,54,1790867460791
2bcfd8,52,1790867460791
9d99ba,59,1790781960791
bb176b,40,1790781960791
0a1ab4,34,1790867460791
66b1a4,57,1790781960791
befaa8,34,1790782860791
b2d5ac,37,1790781960791
9b181e,47,1790782860791
3fd0e5,47,1790781960791
41062a,41,1790782860791
db7ed5,31,1790781960791
b374b3,32,1790782860791
223355,30,1790867460791
3f67ce,32,1790781960791
709e2a,34,1790781960791
67732c,36,1790867460791
ab3b2b,21,1790867460791
6bdc72,15,1790781960791
6b6237,25,1790781960791
407589,51,1790867460791
a38b8d,38,1790867460791
ecb939,47,1790782860791
d1de7f,45,1790867460791
2926f4,44,1790782860791
980cb3,34,1790867460791
c1e5e4,57,1790867460791
364347,49,1790782860791
a7bc4f,17,1790867460791
520a24,32,1790782860791
b3997a,37,1790867460791
eab897,60,1790781960791
ff15af,17,1790781960791
19fc98,29,1790782860791
9fdaf1,21,1790781960791
31cd56,16,1790781960791
08d691,22,1790781960791
628d32,47,1790781960791
fcaa54,35,1790867460791
227023,57,1790781960791
bb03fb,49,1790867460791
19f6fb,34,1790782860791
f28d97,23,1790781960791
018283,54,1790867460791
5e4a24,50,1790867460791
56507d,39,1790781960791
9b68ee,21,1790781960791
47edd6,56,1790781960791
8ab63a,52,1790781960791
a47568,33,1790867460791
95071a,23,1790867460791
3263f5,50,1790781960791
c5de77,56,1790867460791
f326a2,17,1790781960791
8e1022,36,1790781960791
6cef10,49,1790781960791
407c4f,38,1790867460791
7e25a6,17,1790781960791
54948c,48,1790781960791
238def,41,1790867460791
cc456f,27,1790781960791
667c3c,46,1790867460791
0c19a9,47,1790781960791
4152a0,37,1790781960791
04b974,21,1790867460791
d761c0,53,1790781960791
157753,56,1790781960791
4461ec,39,1790781960791
d46ae0,40,1790781960791
5f9abf,54,1790782860791
a5dd40,34,1790867460791
5cd724,53,1790782860791
f5d2d1,26,1790782860791
4c982e,29,1790781960791
af3980,47,1790867460791
f23ea8,22,1790781960791
216a73,39,1790781960791
0cc3ae,35,1790781960791
208b33,37,1790782860791
229884,51,1790782860791
3ecd66,30,1790782860791
d0e531,49,1790782860791
130c30,49,1790782860791
bc0d92,29,1790781960791
cfde16,28,1790782860791
1641b4,24,1790867460791
6671b4,38,1790781960791
0f3a73,44,1790781960791
338cd6,41,1790867460791
ef4f45,50,1790781960791
bbae7e,57,1790781960791
876ab9,23,1790782860791
e115cd,60,1790782860791
1034d3,56,1790782860791
4e21c2,16,1790782860791
5af4ea,51,1790867460791
30bf9e,39,1790867460791
8027b3,35,1790782860791
1a5c61,33,1790781960791
7f86de,37,1790867460791
c2addf,30,1790867460791
6e6e96,26,1790781960791
9d4890,24,1790781960791
6ccce5,56,1790781960791
21219a,25,1790782860791
74658f,59,1790782860791
29bf17,25,1790781960791
bf6519,24,1790867460791
b7faa3,23,1790782860791
4e9bc9,58,1790867460791
63c31a,55,1790781960791
75f86f,46,1790782860791
1c83db,52,1790782860791
924485,29,1790782860791
726691,36,1790781960791
91bb64,20,1790782860791
5fea05,58,1790867460791
eaa53c,37,1790781960791
e93835,42,1790867460791
e65ab5,18,1790781960791
6b19e3,40,1790867460791
e63fce,50,1790867460791
9b2456,33,1790781960791
862b17,29,1790781960791
e6028e,57,1790781960791
7b365e,46,1790782860791
347faf,29,1790782860791
487939,21,1790782860791
ad522d,17,1790782860791
0cad1f,30,1790782860791
078f13,54,1790781960791
584944,60,1790867460791
32ed3f,50,1790782860791
0914c5,27,1790782860791
c3f442,58,1790782860791
1bbf3d,60,1790867460791
5be61f,18,1790781960791
045801,49,1790781960791
10d741,42,1790781960791
fccbd4,58,1790781960791
13bd8c,35,1790781960791
c67ed3,40,1790781960791
f59f3f,52,1790781960791
6cfb25,15,1790782860791
b5149a,16,1790781960791
fa53ce,49,1790782860791
078d2a,50,1790867460791
58ade7,56,1790867460791
cc0abd,30,1790782860791
d844b3,59,1790782860791
81c022,26,1790782860791
fc3073,24,1790867460791
bed5cc,35,1790867460791
eb8a10,24,1790781960791
9a3fff,23,1790867460791
e16ec5,53,1790782860791
c7cb6c,45,1790782860791
b139db,35,1790781960791
ccc433,59,1790781960791
8e0f07,19,1790782860791
9c53dc,49,1790867460791
985541,39,1790782860791
af3584,31,1790867460791
6cd6a1,23,1790781960791
22d2da,37,1790781960791
0074e5,24,1790782860791
9a3ce4,52,1790781960791
b526f9,49,1790781960791
5ddd40,41,1790867460791
a14c12,26,1790782860791
0c2d7c,49,1790781960791
71a21d,44,1790781960791
b326ed,25,1790781960791
e41c36,36,1790781960791
5eaab5,28,1790781960791
b1dc24,21,1790781960791
6a6cbe,31,1790867460791
1756f5,20,1790781960791
76b71e,48,1790781960791
5840d1,43,1790782860791
5e954e,17,1790781960791
5d6a31,60,1790867460791
b7f494,33,1790782860791
a165d3,53,1790781960791
593556,30,1790867460791
7f4ada,33,1790782860791
56aa00,29,1790782860791
005e5a,38,1790867460791
2ae81c,28,1790867460791
8ea65f,40,1790867460791
6c01b8,43,1790867460791
9946b5,23,1790781960791
4ccd60,21,1790867460791
953437,20,1790782860791
7b7bc2,19,1790782860791
6501ca,54,1790782860791
5cecda,44,1790867460791
28819a,47,1790782860791
c2591d,32,1790782860791
92af84,18,1790867460791
7e6c53,38,1790782860791
97e813,21,1790867460791
5486cf,23,1790781960791
0de884,28,1790782860791
351174,38,1790781960791
fcbfe3,31,1790782860791
04e9fb,15,1790782860791
7df9b6,19,1790782860791
098323,59,1790782860791
4d4dc0,28,1790867460791
97227e,27,1790781960791
5b9949,40,1790867460791
06c336,32,1790782860791
50c70a,18,1790782860791
644966,30,1790781960791
d0a68a,44,1790867460791
b8d7c7,21,1790782860791
85e4e3,36,1790867460791
3af301,46,1790782860791
5d3196,34,1790781960791
585793,30,1790867460791
ddb417,58,1790781960791
3ce4b9,35,1790781960791
d987f7,60,1790781960791
d22f75,40,1790867460791
2b9488,57,1790782860791
cff103,24,1790867460791
6e3ad9,30,1790867460791
ba44db,51,1790867460791
8dd803,44,1790867460791
a52d88,21,1790867460791
f796d1,55,1790867460791
1f73a3,37,1790867460791
1dffa2,30,1790867460791
c23058,36,1790867460791
91a0db,53,1790867460791
f03339,44,1790782860791
48edd3,36,1790781960791
4fb4a0,25,1790782860791
44ebfc,36,1790867460791
375025,29,1790867460791
e0558d,21,1790781960791
8c4a1c,33,1790781960791
ac3af9,36,1790782860791
b49336,54,1790782860791
a71c09,39,1790782860791
22504a,38,1790781960791
249cde,37,1790782860791
6d2f0e,55,1790781960791
afc8d7,23,1790782860791
e74f27,57,1790781960791
036e7c,58,1790782860791
949312,38,1790782860791
1d3b25,57,1790781960791
d011fa,28,1790781960791
cc49f9,15,1790781960791
bc604a,22,1790781960791
a7aafa,41,1790781960791
5c1ef2,20,1790781960791
42d5fb,28,1790781960791
19ffd0,32,1790867460791
4a734b,45,1790782860791
2188cf,35,1790782860791
a38bfb,16,1790781960791
f30d76,33,1790781960791
a92b2b,30,1790781960791
99d24f,42,1790781960791
4de2c0,39,1790781960791
878755,48,1790867460791
8c57d7,45,1790867460791
9cac7c,16,1790867460791
59225b,42,1790867460791
a8a77d,26,1790867460791
a2acf4,19,1790867460791
ed0ca3,45,1790867460791
3a8bc8,26,1790781960791
23da41,24,1790782860791
8252d7,30,1790782860791
616781,42,1790782860791
dd5bec,22,1790867460791
b536f6,34,1790867460791
9b466f,21,1790867460791
d9abaf,56,1790781960791
1f01e8,28,1790867460791
7c371b,32,1790781960791
22b124,18,1790782860791
d4a99d,56,1790781960791
0e00aa,57,1790782860791
332631,41,1790867460791
994234,33,1790782860791
46c125,31,1790867460791
642a09,52,1790781960791
c203b1,54,1790782860791
98d581,37,1790781960791
1e682e,48,1790867460791
4a2c47,32,1790867460791
5f5e54,35,1790782860791
24c083,25,1790782860791
570f31,59,1790782860791
b6c2f0,60,1790867460791
88e447,33,1790867460791
6ab3f1,16,1790867460791
aadc40,20,1790782860791
533385,46,1790867460791
cb5980,56,1790781960791
08a324,47,1790782860791
ff29a2,57,1790867460791
e0ca4d,59,1790782860791
b3b2c2,57,1790867460791
2a580e,26,1790867460791
57f3a7,25,1790867460791
831aa2,49,1790781960791
f482e8,32,1790782860791
9c89f5,50,1790867460791
fd18af,60,1790867460791
b466ce,59,1790867460791
794e00,23,1790781960791
a7020e,20,1790781960791
543bd3,58,1790782860791
3fc1da,48,1790781960791
b67a57,47,1790781960791
e865ce,38,1790782860791
5c74ff,19,1790781960791
5f4d3e,32,1790781960791
93cbdf,39,1790782860791
e11c9a,49,1790867460791
d8248d,45,1790781960791
987312,45,1790867460791
cd51f7,59,1790867460791
34dfbb,57,1790867460791
ac9866,29,1790782860791
a17604,36,1790782860791
4c8af3,45,1790867460791
2f2db0,16,1790781960791
ee9ade,26,1790781960791
50b7c9,57,1790867460791
e27fbb,49,1790781960791
e2a579,53,1790782860791
bc6d61,37,1790781960791
e13ac6,27,1790781960791
8c7015,23,1790782860791
94fc9f,40,1790867460791
b6913e,48,1790782860791
1a7c39,23,1790782860791
7e1b35,26,1790782860791
da1fb7,24,1790782860791
67bf99,21,1790867460791
ca611e,17,1790782860791
21eb11,31,1790781960791
edf8e1,52,1790781960791
6882fe,51,1790782860791
773307,28,1790781960791
a761b4,47,1790781960791
4d261e,39,1790867460791
4735aa,25,1790781960791
21d823,23,1790782860791
7d34fb,34,1790867460791
e52299,47,1790781960791
73f022,31,1790781960791
7ec19b,45,1790782860791
1ce83e,22,1790782860791
162f04,57,1790781960791
6cf967,35,1790781960791
d2ba2f,25,1790782860791
bbb7f0,54,1790781960791
075ff2,41,1790782860791
a1f16b,22,1790867460791
67735d,28,1790867460791
91dafc,16,1790867460791
834732,32,1790781960791
f5a718,52,1790867460791
5a7f19,47,1790782860791
65a19e,36,1790781960791
1e7397,49,1790867460791
2f3c9b,45,1790781960791
f4d3b3,55,1790782860791
d517ae,33,1790781960791
704538,46,1790867460791
50650c,37,1790781960791
4903d1,24,1790867460791
36885e,30,1790782860791
832b94,47,1790867460791
b43e80,33,1790867460791
057d4d,47,1790781960791
4f69e3,47,1790781960791
10d12e,20,1790782860791
af164f,58,1790867460791
3a064b,55,1790781960791
98113e,24,1790781960791
c84719,34,1790867460791
33eeb6,57,1790782860791
65be42,41,1790782860791
ce051a,29,1790782860791
b2054d,45,1790782860791
13e6e2,53,1790781960791
81f3f8,34,1790782860791
c06c3c,44,1790867460791
80a33d,59,1790867460791
ca7c04,52,1790781960791
deedf4,43,1790782860791
4c3679,45,1790782860791
fd45c3,39,1790867460791
55317a,23,1790867460791
3cede8,26,1790781960791
c2ee8b,49,1790867460791
58330d,53,1790781960791
767225,38,1790867460791
205fb2,39,1790781960791
3ede4b,41,1790782860791
b93584,29,1790867460791
87b1c6,54,1790781960791
8cd8ab,23,1790782860791
779ca1,50,1790781960791
eabe36,51,1790867460791
d61b89,39,1790867460791
aaa063,50,1790781960791
3bcde8,21,1790867460791
9096eb,32,1790782860791
308ad1,23,1790781960791
fbd96a,15,1790781960791
d6e44b,36,1790867460791
8ceb4b,34,1790867460791
e7ac03,51,1790782860791
0058d7,44,1790781960791
033570,37,1790781960791
afe6cd,39,1790781960791
4276df,22,1790782860791
44b471,44,1790782860791
b58b6e,56,1790867460791
c8a50f,51,1790867460791
13f1f9,59,1790867460791
45b2ab,19,1790867460791
0e04de,52,1790782860791
aa463a,42,1790782860791
2b1d96,45,1790867460791
cfdade,18,1790782860791
154f4b,52,1790781960791
c7d03e,16,1790867460791
4dbb9c,27,1790782860791
f333a5,39,1790781960791
94928c,15,1790867460791
f7ab81,41,1790867460791
56a362,38,1790867460791
2479ac,52,1790781960791
2fe70d,41,1790867460791
54b2cb,44,1790867460791
9ef117,33,1790781960791
8697c7,31,1790782860791
e01f32,29,1790867460791
5a0894,16,1790782860791
b6c781,46,1790867460791
8582da,17,1790782860791
7cbb7b,25,1790781960791
3e49c9,17,1790781960791
fb3a60,57,1790782860791
c22989,55,1790782860791
7a373b,29,1790781960791
0c5fe7,52,1790782860791
4029b2,59,1790867460791
cceb7c,39,1790782860791
ed7cab,31,1790782860791
2e0473,28,1790781960791
18dbb7,39,1790782860791
427c4c,56,1790782860791
59a338,22,1790782860791
bdf7c5,54,1790782860791
ffac20,46,1790781960791
9c57db,35,1790867460791
68c981,52,1790782860791
f7a9d9,60,1790781960791
4d68b1,55,1790867460791
78ee4d,51,1790867460791
f83a2c,52,1790867460791
ce004c,47,1790781960791
6fe04b,47,1790867460791
7aea3e,19,1790781960791
6f118f,35,1790781960791
83772b,53,1790781960791
221d27,27,1790867460791
6806ea,19,1790867460791
4fc53c,55,1790867460791
8e174e,53,1790867460791
91cad7,38,1790782860791
7fa6f7,28,1790781960791
e4501a,52,1790782860791
d0d78a,40,1790782860791
7a3158,18,1790781960791
56b6e2,40,1790867460791
19c137,38,1790782860791
6173c8,50,1790782860791
978bd2,21,1790782860791
91db04,18,1790781960791
c6296e,20,1790782860791
5b32a1,52,1790781960791
3f8954,22,1790781960791
194b80,40,1790782860791
8e09e6,30,1790782860791
05757a,24,1790781960791
d36a60,58,1790782860791
882894,16,1790867460791
257e38,17,1790782860791
c61f08,56,1790782860791
cb3d30,27,1790867460791
f53ef6,33,1790867460791
8e028e,60,1790782860791
7a4c22,36,1790781960791
59a73c,25,1790782860791
1ed200,32,1790867460791
3a5e9f,22,1790781960791
b587f7,51,1790782860791
b4588d,21,1790782860791
e54002,59,1790782860791
442bfd,57,1790782860791
934e41,54,1790781960791
bc7460,57,1790782860791
301134,35,1790867460791
66990a,36,1790781960791
61544e,18,1790867460791
15979b,17,1790782860791
e43ee3,39,1790781960791
819374,16,1790781960791
d717ed,45,1790781960791
b4bec6,21,1790781960791
1e5c54,19,1790867460791
692495,35,1790781960791
0ca86c,55,1790782860791
8b02eb,37,1790867460791
044ba2,31,1790782860791
7bc7cb,50,1790782860791
793c19,31,1790782860791
e0dce9,48,1790781960791
9d0275,22,1790781960791
a82815,43,1790781960791
730df3,50,1790781960791
f6a23a,41,1790781960791
c4d611,42,1790781960791
7d5caf,58,1790781960791
87d2b8,57,1790782860791
767e36,25,1790782860791
9e580c,45,1790867460791
fcb7ed,20,1790867460791
b22921,28,1790867460791
e02039,51,1790782860791
b5fa24,50,1790867460791
f1e1b8,35,1790781960791
ccafed,42,1790867460791
2aad6f,48,1790782860791
7081e5,45,1790867460791
a884bd,44,1790782860791
20745d,28,1790781960791
e78f8b,30,1790867460791
cbc9b6,28,1790782860791
5ef14c,44,1790782860791
323253,20,1790781960791
923074,57,1790782860791
592e44,27,1790781960791
7690df,34,1790782860791
bdfe94,15,1790782860791
4ba041,41,1790781960791
4b6cbf,29,1790782860791
78b526,16,1790782860791
9cff5b,47,1790781960791
7c08ca,45,1790867460791
e936fb,51,1790782860791
98cba6,51,1790867460791
a86768,31,1790782860791
d660a8,45,1790782860791
013691,58,1790867460791
cf8de5,53,1790867460791
6f9c8d,59,1790782860791
a6020c,19,1790782860791
d28188,19,1790782860791
7372d5,57,1790781960791
029b72,53,1790782860791
e5a353,29,1790867460791
301396,21,1790782860791
781c3a,36,1790867460791
fae3aa,44,1790867460791
370de1,48,1790867460791
741da2,44,1790867460791
d7a08a,21,1790782860791
1afebd,39,1790781960791
92f7f8,37,1790782860791
0b01ed,41,1790781960791
a92b0b,50,1790782860791
936731,44,1790782860791
41cb1e,57,1790781960791
fc2a72,31,1790867460791
2e2184,32,1790867460791
18fd26,31,1790782860791
416f28,46,1790867460791
28555e,29,1790781960791
4bef6f,28,1790867460791
e5a0c6,44,1790867460791
330c97,39,1790782860791
0bc5c1,26,1790782860791
9dbc23,15,1790867460791
949ade,39,1790782860791
7023ef,52,1790867460791
cf93ed,17,1790867460791
66f4d3,22,1790867460791
9d64e7,45,1790782860791
6898d6,41,1790781960791
88cc49,48,1790781960791
f85865,58,1790867460791
8f1961,60,1790867460791
575bb8,18,1790781960791
a881bb,16,1790782860791
fff373,40,1790867460791
39694b,38,1790782860791
9e76b0,44,1790782860791
1cafcc,55,1790782860791
9a2a11,60,1790781960791
436e3c,24,1790782860791
c47f39,22,1790781960791
2cc502,23,1790867460791
107562,50,1790782860791
8693a3,45,1790781960791
31db4a,37,1790867460791
639951,40,1790781960791
f6fbd8,48,1790782860791
cd156b,49,1790867460791
082fe7,30,1790867460791
5276af,22,1790781960791
aa2790,46,1790782860791
542f0b,43,1790782860791
6d67f6,29,1790781960791
d7dd86,41,1790782860791
daa226,35,1790867460791
2b5fc4,34,1790867460791
eb0828,55,1790867460791
efa312,34,1790781960791
4fd556,37,1790781960791
b23f71,50,1790781960791
17f803,30,1790782860791
9ae61d,38,1790782860791
3ff4cd,32,1790867460791
df3bd7,45,1790867460791
463cb8,44,1790867460791
e08d98,47,1790781960791
ff5577,28,1790781960791
41e5f9,25,1790867460791
3029db,49,1790867460791
1144b6,60,1790782860791
a22bde,26,1790867460791
04ee7e,25,1790867460791
aa1943,23,1790782860791
a6716c,41,1790782860791
329c77,31,1790781960791
31a1d6,56,1790781960791
7b8cd5,56,1790781960791
dd75c9,47,1790781960791
1386a5,21,1790782860791
4c4bfb,32,1790867460791
f67a15,47,1790781960791
d93496,32,1790867460791
6aed5e,18,1790781960791
6252df,53,1790782860791
27771e,40,1790781960791
4f6846,34,1790781960791
2f906e,26,1790782860791
d107c8,44,1790867460791
d5eb02,22,1790781960791
29db22,25,1790782860791
84a9c3,50,1790782860791
bec008,27,1790867460791
5205c2,25,1790782860791
406413,38,1790782860791
5a2411,58,1790782860791
011ac3,39,1790781960791
77688c,29,1790867460791
371585,51,1790867460791
59ac25,47,1790867460791
3f5c9c,16,1790867460791
49877f,22,1790781960791
1d1641,58,1790781960791
53f9b4,54,1790781960791
af7a78,48,1790867460791
f38908,30,1790782860791
b1ffa6,31,1790867460791
5d7edd,43,1790781960791
6a8065,56,1790782860791
cd6ef0,59,1790867460791
ce8a8e,33,1790782860791
6ec9c2,46,1790781960791
80200f,22,1790781960791
d9253d,45,1790782860791
4cc877,18,1790781960791
90be9f,54,1790867460791
545262,24,1790781960791
5ac4b3,44,1790782860791
78955c,56,1790781960791
57fe14,31,1790781960791
15226d,52,1790867460791
aa13e6,50,1790867460791
f8bc47,18,1790781960791
51b509,19,1790782860791
b22052,45,1790781960791
f966fa,42,1790867460791
15cd87,45,1790782860791
9e510d,29,1790867460791
3485a5,57,1790782860791
49f3a5,23,1790782860791
d1751a,25,1790781960791
2c36ac,46,1790782860791
64ebc9,21,1790867460791
f9d098,15,1790867460791
0bf95f,48,1790867460791
39635e,48,1790781960791
16b66f,44,1790782860791
043fd1,49,1790781960791
369778,40,1790867460791
69309f,37,1790781960791
8f797e,32,1790867460791
c87617,57,1790781960791
b79db9,34,1790867460791
0e4be8,42,1790867460791
934df1,47,1790867460791
0c3394,18,1790781960791
8ab600,42,1790781960791
07a831,56,1790867460791
839a57,35,1790781960791
263041,49,1790782860791
4cdc44,21,1790781960791
6dc94f,51,1790781960791
8b7ed1,40,1790867460791
7abcaa,51,1790867460791
8adfa4,48,1790781960791
95490e,48,1790781960791
e0794e,32,1790781960791
be2a5d,16,1790781960791
4dd58c,55,1790867460791
e154c8,19,1790782860791
5726d7,38,1790781960791
839265,55,1790867460791
dcccc0,31,1790782860791
0e1cdc,19,1790782860791
29811a,46,1790782860791
af6247,51,1790781960791
53f3d8,24,1790782860791
926303,60,1790781960791
fb4922,42,1790867460791
bd8c57,17,1790781960791
45fb6c,59,1790782860791
9d290f,37,1790782860791
fe15c0,43,1790867460791
8a494b,34,1790867460791
c45223,34,1790781960791
7e4459,49,1790782860791
bbaf33,54,1790867460791
eb5655,60,1790782860791
c020bf,56,1790781960791
c7226b,38,1790782860791
d890a7,46,1790781960791
6970e1,49,1790781960791
98cb05,31,1790781960791
4b50a3,45,1790867460791
5896c4,32,1790781960791
b3eea9,28,1790867460791
d8f010,47,1790781960791
33b377,33,1790781960791
4127a1,15,1790867460791
3ceebb,25,1790867460791
06f097,56,1790781960791
e65efa,26,1790782860791
6b00a7,22,1790867460791
702621,46,1790782860791
b6fec3,41,1790867460791
4763ff,25,1790782860791
95207a,42,1790781960791
5cc57c,20,1790867460791
63d61b,30,1790781960791
3e2bb0,26,1790781960791
0b4da5,29,1790781960791
e72ed3,36,1790867460791
07e692,58,1790782860791
4929f9,48,1790867460791
2e0d55,43,1790867460791
36b5fb,58,1790781960791
a9069e,48,1790781960791
49aac0,34,1790867460791
82d4a0,57,1790781960791
31f173,54,1790867460791
d41add,32,1790781960791
c3913e,19,1790867460791
cb75bc,53,1790782860791
938ac4,48,1790781960791
6701fc,47,1790867460791
93846e,31,1790867460791
9f6eee,23,1790781960791
e62496,58,1790782860791
9ee33e,58,1790867460791
c558f8,27,1790782860791
0d9989,59,1790781960791
a1f934,25,1790782860791
802170,40,1790782860791
5e926b,47,1790781960791
f09cc4,47,1790782860791
362726,51,1790781960791
aea5f3,44,1790782860791
4f7a15,48,1790867460791
8eb6aa,25,1790781960791
d87ad7,54,1790782860791
eadfa3,31,1790781960791
665e41,23,1790867460791
b57cd1,29,1790782860791
0ff3d1,44,1790867460791
225b59,32,1790781960791
2eef3b,51,1790782860791
1e15fa,27,1790782860791
8a6f3f,48,1790782860791
a6c885,58,1790781960791
c392e5,37,1790782860791
fb34a2,31,1790781960791
f4e3a2,28,1790867460791
ab7326,24,1790867460791
8be5b4,31,1790782860791
99c997,35,1790781960791
056ed1,51,1790782860791
f2d094,54,1790867460791
b5e110,54,1790781960791
9b2d7e,40,1790781960791
a70c2d,18,1790782860791
1a7308,27,1790781960791
f24881,39,1790781960791
80bcf3,32,1790781960791
f71e36,44,1790782860791
361eb1,35,1790781960791
6afb0a,51,1790781960791
5af184,28,1790867460791
c82f10,37,1790781960791
b94047,19,1790781960791
981aaf,36,1790867460791
2db756,47,1790867460791
de18c9,60,1790781960791
06a0fb,21,1790781960791
62b68b,18,1790781960791
1c9cc0,22,1790781960791
3b956b,45,1790782860791
5a0bf4,25,1790781960791
b2e125,16,1790782860791
cc3daf,42,1790867460791
080a93,52,1790867460791
a216da,17,1790782860791
d163c4,30,1790781960791
e19063,40,1790781960791
7893d4,36,1790781960791
ce8b84,42,1790867460791
b8e0b2,33,1790781960791
790188,42,1790867460791
5e0e9d,50,1790867460791
02f21f,58,1790781960791
48481b,38,1790867460791
685d75,28,1790781960791
615631,48,1790781960791
d99290,52,1790781960791
537480,17,1790782860791
d9210c,59,1790781960791
0528d8,45,1790867460791
1be393,52,1790782860791
37eedc,56,1790867460791
0f878c,25,1790782860791
aa5332,39,1790782860791
470a24,56,1790781960791
dcd31d,51,1790781960791
6669d3,50,1790782860791
0e094d,44,1790781960791
590333,21,1790782860791
d7128b,31,1790781960791
352e0d,24,1790867460791
675365,49,1790867460791
bbda7a,57,1790867460791
d3eb10,24,1790867460791
d31a72,59,1790781960791
a5484c,20,1790867460791
d60d30,34,1790782860791
1d12ec,28,1790782860791
4194b1,59,1790867460791
643fc6,19,1790782860791
4ad142,32,1790781960791
1910fa,30,1790781960791
f7bfec,17,1790781960791
cbf150,18,1790781960791
e2a892,44,1790782860791
443871,35,1790867460791
7a2d3c,53,1790782860791
ebb5d2,60,1790781960791
010249,49,1790782860791
04e101,31,1790867460791
e32f50,37,1790782860791
b6fed8,21,1790867460791
678a58,33,1790782860791
374fa7,39,1790781960791
70ce89,46,1790782860791
e1bc8e,56,1790782860791
fe4473,34,1790782860791
2febe6,51,1790782860791
8e85a5,42,1790782860791
207272,25,1790781960791
3d1aab,36,1790867460791
4ab3e3,38,1790782860791
8f7ef6,57,1790782860791
e83b49,38,1790781960791
dbc26d,31,1790867460791
8092da,45,1790781960791
004ba0,15,1790867460791
7d4aa9,41,1790867460791
bb489c,50,1790782860791
c4e24e,36,1790781960791
773491,42,1790867460791
4ff547,47,1790781960791
d21c00,41,1790782860791
d8bb2f,43,1790782860791
f1bde8,29,1790867460791
c53126,21,1790867460791
e13b0c,19,1790867460791
7e204c,52,1790781960791
b95796,15,1790781960791
b53619,45,1790781960791
9142b7,50,1790781960791
f69c19,38,1790867460791
71871e,44,1790781960791
109cb2,42,1790781960791
e7f617,47,1790782860791
e563b2,55,1790782860791
52dfb9,38,1790782860791
d347a7,37,1790782860791
282c25,17,1790782860791
06a3d6,60,1790781960791
59bbf0,15,1790781960791
496fd3,35,1790782860791
841db9,26,1790782860791
c54d61,22,1790867460791
