04ae34,40,1790865627727
550294,51,1790781027727
c7ead6,58,1790781027727
4010e3,22,1790780127727
278e77,31,1790865627727
e614e8,27,1790780127727
218c31,22,1790780127727
655d21,35,1790780127727
b7c790,23,1790781027727
599ec6,20,1790780127727
63f3a5,26,1790781027727
1d2a04,56,1790781027727
c87d12,25,1790781027727
acaaf9,50,1790780127727
9ac8e9,51,1790865627727
0ac2d3,60,1790865627727
a19840,16,1790865627727
8124a4,20,1790781027727
873bfe,48,1790781027727
3ab592,59,1790781027727
362229,38,1790781027727
cfdbfb,29,1790781027727
a6c170,45,1790780127727
ec1289,57,1790780127727
2bd72f,58,1790865627727
8404b3,21,1790781027727
433d6b,21,1790781027727
4d0fd6,28,1790865627727
393ed0,23,1790780127727
6b415a,53,1790865627727
b530ed,28,1790865627727
6d6016,29,1790865627727
ef1059,28,1790865627727
9716a5,26,1790865627727
94f16c,59,1790781027727
da8465,52,1790865627727
1b9460,41,1790780127727
a6f3a0,56,1790865627727
b00706,39,1790781027727
6dfccc,54,1790780127727
792fd4,22,1790865627727
aa0e1a,54,1790781027727
b71e6d,49,1790781027727
9d9a6d,49,1790781027727
d7c0e4,56,1790780127727
9b122c,21,1790780127727
7e7755,46,1790780127727
15813b,46,1790781027727
b0291c,48,1790780127727
6aab16,39,1790780127727
bccb18,18,1790865627727
eedf87,23,1790781027727
686165,30,1790780127727
2a523d,27,1790865627727
165b1d,32,1790781027727
a45735,56,1790865627727
f6ba53,30,1790780127727
9ac3c6,31,1790781027727
6a6eb4,20,1790780127727
c457a5,27,1790865627727
3e8db9,44,1790781027727
dcf422,29,1790865627727
27cc90,18,1790865627727
1b41e1,45,1790780127727
f7f56a,16,1790865627727
a6dbd5,31,1790781027727
052102,37,1790780127727
00926f,16,1790781027727
68a3e5,23,1790865627727
2881cd,58,1790865627727
39f0f4,35,1790780127727
eee1d9,45,1790780127727
f3b815,29,1790865627727
9282ec,29,1790781027727
3a71a6,44,1790865627727
56b7da,37,1790781027727
58a555,45,1790781027727
c0bdc0,44,1790865627727
977030,21,1790780127727
1b3150,46,1790781027727
6fb556,29,1790865627727
231797,20,1790781027727
c3bed4,45,1790780127727
b30a10,28,1790781027727
4bddb7,39,1790780127727
9f3d57,25,1790780127727
f84412,60,1790781027727
a9870c,57,1790781027727
242e3a,41,1790781027727
1f6474,29,1790865627727
f95e19,59,1790865627727
e0487a,37,1790780127727
451ec8,56,1790865627727
730894,38,1790780127727
1c3b19,60,1790781027727
567ee5,56,1790865627727
49e0d3,33,1790865627727
d85e43,58,1790780127727
5a985b,54,1790780127727
156b1f,30,1790781027727
3f7c4d,53,1790781027727
03ee25,53,1790865627727
29e080,40,1790780127727
61259b,35,1790781027727
a07840,21,1790865627727
38a1a8,46,1790781027727
1c31c8,22,1790780127727
1c565d,41,1790865627727
256ae6,50,1790780127727
370b43,27,1790865627727
71b97e,53,1790865627727
2dc2f2,39,1790865627727
04c122,27,1790781027727
7334d2,41,1790780127727
6d7af5,56,1790780127727
d0dbca,23,1790780127727
9475f8,57,1790780127727
dd287c,49,1790865627727
880ed5,21,1790780127727
4517c0,48,1790780127727
4ad5e5,31,1790780127727
d1f75b,37,1790781027727
51535f,26,1790780127727
cda862,19,1790780127727
3cac74,41,1790781027727
8bdb7c,59,1790865627727
08aa7c,40,1790865627727
bcc717,29,1790780127727
350fe3,19,1790781027727
b02135,37,1790780127727
d103c4,57,1790865627727
cb2eb7,41,1790780127727
7aecd8,50,1790781027727
e59ccc,46,1790780127727
c77cf5,15,1790780127727
cdb98c,42,1790780127727
2d6d67,44,1790865627727
fef63c,16,1790780127727
45fd33,49,1790865627727
53b552,15,1790865627727
c01f7e,20,1790781027727
e9dadf,43,1790780127727
8c4035,17,1790865627727
4c83cc,24,1790781027727
f19ece,58,1790780127727
85b187,17,1790865627727
fd0e6b,50,1790781027727
a5ac4e,37,1790780127727
99f057,29,1790780127727
62fae3,36,1790781027727
2d32ba,34,1790865627727
adcb69,33,1790865627727
c927a6,23,1790865627727
2f4063,53,1790781027727
11bdca,42,1790781027727
f35358,15,1790781027727
7e58ec,27,1790865627727
56badd,18,1790865627727
60ed37,23,1790865627727
a88c70,15,1790865627727
144f72,41,1790865627727
8c8fae,18,1790780127727
a08d68,38,1790781027727
285671,31,1790865627727
cb0f81,17,1790780127727
200bd2,55,1790781027727
d5a99e,32,1790781027727
b9e37e,16,1790781027727
367d62,49,1790781027727
234129,36,1790780127727
d01e40,49,1790780127727
e0485d,31,1790780127727
df8d59,26,1790780127727
63dda3,18,1790781027727
a485c2,40,1790781027727
a55812,35,1790865627727
022d14,23,1790780127727
51005c,45,1790780127727
5aae2d,42,1790781027727
e78a77,52,1790781027727
c7b086,42,1790781027727
7700f4,19,1790781027727
005bdb,33,1790780127727
4185ad,22,1790781027727
cb958e,47,1790780127727
b2119c,42,1790781027727
c63d85,34,1790781027727
5e088b,34,1790781027727
23924e,60,1790780127727
8cdc37,47,1790865627727
f11637,35,1790781027727
86f983,31,1790865627727
334208,23,1790865627727
51633e,59,1790865627727
11454c,15,1790781027727
b3a761,51,1790780127727
6bb5ee,52,1790865627727
76d7e3,52,1790781027727
622bbf,24,1790781027727
98418f,57,1790781027727
b88713,21,1790865627727
a057d3,18,1790865627727
dabe46,58,1790865627727
ac236d,47,1790865627727
36f261,17,1790781027727
d813b5,27,1790781027727
19531e,46,1790781027727
5d483d,47,1790780127727
1247b7,42,1790781027727
b2f514,51,1790780127727
bf36f8,17,1790780127727
b86754,44,1790865627727
174a35,39,1790865627727
14e38e,58,1790780127727
eef67d,15,1790781027727
5e9d36,60,1790781027727
ea71e5,19,1790781027727
c5b42e,19,1790780127727
8e2842,56,1790781027727
61f151,18,1790780127727
6bc651,56,1790780127727
3367d8,31,1790865627727
649378,51,1790780127727
4ad76f,34,1790865627727
a2ec76,41,1790781027727
3a720d,59,1790781027727
4769f5,36,1790780127727
12e98c,60,1790780127727
3a0181,58,1790781027727
dde29d,51,1790781027727
148594,31,1790865627727
e591c2,17,1790865627727
787dad,31,1790781027727
339177,57,1790865627727
ba573a,50,1790780127727
e5b8d3,57,1790865627727
719e7b,24,1790781027727
b8ca3d,19,1790865627727
29674d,15,1790780127727
944716,44,1790865627727
f71f52,16,1790780127727
bb5c51,39,1790865627727
205e6e,20,1790865627727
f0fa5b,39,1790781027727
98839e,56,1790780127727
8954ce,16,1790781027727
85bac3,32,1790780127727
025127,59,1790865627727
67a21b,59,1790781027727
d52e48,51,1790865627727
0c7a29,31,1790781027727
d084b2,33,1790780127727
1be1a4,43,1790781027727
6a41ff,17,1790865627727
513669,45,1790781027727
e80994,20,1790865627727
91de0d,41,1790865627727
1d9da6,31,1790780127727
592972,24,1790865627727
e4f581,42,1790865627727
e18f36,49,1790780127727
dd0168,57,1790781027727
cca612,30,1790865627727
4cefec,49,1790780127727
709819,17,1790780127727
893199,56,1790781027727
7ae8be,36,1790865627727
b24c07,22,1790865627727
9c9f87,47,1790781027727
37ba72,53,1790865627727
681e3b,38,1790780127727
df2645,15,1790865627727
ff9f7b,25,1790865627727
bd128b,20,1790865627727
58ed6e,32,1790780127727
a16108,39,1790865627727
14f057,37,1790781027727
69973e,30,1790781027727
7bf4cd,37,1790865627727
be3456,47,1790781027727
7e18b3,49,1790781027727
b749a4,49,1790780127727
72aca6,31,1790865627727
a90cee,51,1790780127727
10a397,35,1790865627727
e34d1e,38,1790780127727
c8d914,37,1790865627727
c3f242,25,1790781027727
c76f2f,46,1790781027727
92bb46,26,1790780127727
6e7092,20,1790781027727
772f06,36,1790781027727
ab00b4,21,1790781027727
b60db6,28,1790865627727
69a06e,31,1790865627727
417bc8,55,1790865627727
71893e,22,1790781027727
1cb1a7,39,1790865627727
65f7b1,60,1790865627727
9b7889,31,1790781027727
fc0780,55,1790781027727
53cd5b,39,1790865627727
df6048,51,1790781027727
226d5a,49,1790865627727
8fcec8,37,1790781027727
74c5e0,59,1790781027727
70cb42,55,1790865627727
ff4a6c,59,1790780127727
91e339,39,1790781027727
013a7d,39,1790781027727
5a5610,23,1790781027727
742c3b,26,1790865627727
14f001,28,1790865627727
5f3382,46,1790865627727
47a918,48,1790780127727
444f4d,58,1790865627727
08d37f,30,1790865627727
459551,19,1790781027727
c94588,43,1790780127727
45fc7a,35,1790781027727
963271,54,1790865627727
37a578,52,1790780127727
038258,48,1790780127727
2f90fa,28,1790781027727
2085c3,41,1790865627727
777711,23,1790780127727
339650,56,1790780127727
2ee5e2,46,1790865627727
f10e08,25,1790780127727
f3657a,59,1790780127727
9f0c22,25,1790865627727
ea4011,30,1790780127727
ee86fc,26,1790865627727
c24f45,60,1790781027727
0f8ee5,45,1790780127727
d5b2e6,39,1790781027727
a9cdcb,53,1790780127727
a22605,50,1790780127727
1e5680,22,1790865627727
5dd292,31,1790780127727
37d73c,23,1790781027727
da8c1d,43,1790781027727
83082b,54,1790781027727
5b0999,44,1790781027727
dc9c69,33,1790781027727
2d8d10,34,1790781027727
3dbd95,42,1790781027727
0bfdb1,16,1790865627727
b6208a,20,1790780127727
d39210,38,1790865627727
f4210d,24,1790780127727
f38957,59,1790865627727
736f4f,16,1790780127727
89b2db,32,1790781027727
a8710e,23,1790780127727
8551cb,40,1790865627727
34402c,40,1790781027727
f5d86a,22,1790865627727
b639ee,16,1790780127727
b142b2,50,1790865627727
ac0045,23,1790780127727
0da387,40,1790865627727
de2882,15,1790781027727
bdb97f,25,1790781027727
acbab6,29,1790780127727
4203bb,30,1790780127727
5de74f,27,1790780127727
9bf12c,41,1790780127727
aa70dc,43,1790780127727
6b245c,15,1790781027727
3ffae7,46,1790781027727
cdd757,15,1790781027727
7321ce,17,1790865627727
6f2f1a,44,1790865627727
efa9bf,25,1790780127727
4b947e,26,1790780127727
db073a,56,1790780127727
2e71a0,21,1790780127727
c56885,39,1790781027727
933de5,21,1790781027727
90f691,47,1790865627727
d2b381,20,1790780127727
005119,51,1790780127727
348e03,48,1790781027727
5e3b7a,24,1790780127727
0a02f1,36,1790865627727
b0b1e6,20,1790781027727
fa43f8,19,1790780127727
c8e780,35,1790780127727
5b97b4,37,1790780127727
2b31bd,42,1790781027727
7feb49,56,1790781027727
225ce6,52,1790781027727
72fc7c,55,1790865627727
2e8719,25,1790865627727
a4bf9a,35,1790781027727
008456,41,1790865627727
bcd33d,31,1790865627727
cb4bd0,22,1790781027727
f7645c,52,1790780127727
512710,19,1790781027727
2002fd,47,1790865627727
5f4a55,53,1790781027727
5f0e78,42,1790781027727
132913,55,1790865627727
199711,48,1790780127727
cd7224,41,1790781027727
a76bab,57,1790780127727
f83e4c,16,1790781027727
cc2a4d,56,1790865627727
814a42,19,1790780127727
626869,34,1790780127727
f357bd,21,1790780127727
d10be1,17,1790780127727
e5d329,35,1790780127727
10e6bb,32,1790865627727
621f05,50,1790780127727
6d00e1,26,1790780127727
aa439f,25,1790781027727
525536,29,1790781027727
a07cff,30,1790865627727
a8a499,57,1790781027727
39ee79,40,1790865627727
6d3075,56,1790781027727
e3a4bf,21,1790865627727
d724b4,48,1790781027727
23b288,44,1790780127727
5db2ef,55,1790781027727
1a38e2,54,1790865627727
f5e290,35,1790865627727
3d6472,52,1790780127727
97ffdc,22,1790865627727
9c2d48,49,1790865627727
7f3e48,53,1790780127727
8ce764,23,1790865627727
ef2ae1,31,1790865627727
ac8c5e,31,1790865627727
84983a,27,1790780127727
b403fe,17,1790780127727
d92c7e,18,1790781027727
998a45,38,1790865627727
ca9e5f,15,1790865627727
50ff77,16,1790780127727
526b7f,32,1790865627727
c9d447,46,1790865627727
ca8577,18,1790781027727
d2551b,40,1790865627727
1363bb,57,1790781027727
b02387,42,1790781027727
7133d8,47,1790781027727
f36895,48,1790780127727
d2bd9f,55,1790865627727
6abda9,17,1790780127727
375dae,59,1790781027727
67771e,29,1790780127727
46a5a3,58,1790865627727
43ca1f,38,1790865627727
d12387,49,1790781027727
b9969f,32,1790781027727
088022,33,1790865627727
00d8ed,25,1790865627727
479774,50,1790780127727
12a919,55,1790781027727
00ea59,15,1790781027727
1dad35,49,1790781027727
3ac46b,16,1790865627727
ae2564,31,1790781027727
3d7db8,39,1790865627727
6c986b,45,1790781027727
f46b6a,55,1790780127727
6389cd,56,1790865627727
16b451,49,1790780127727
913d75,47,1790865627727
9a5efa,22,1790865627727
7b935e,49,1790780127727
d71cb3,57,1790865627727
d64f93,39,1790781027727
e3d059,47,1790780127727
955b87,39,1790781027727
3ea37c,29,1790781027727
c3b473,45,1790781027727
3bc459,19,1790780127727
56269f,29,1790781027727
cbe4df,27,1790781027727
09ffb9,21,1790781027727
6052ba,31,1790781027727
5bc24d,19,1790780127727
55db61,29,1790780127727
fd0c85,29,1790865627727
a2b085,45,1790780127727
767cd3,23,1790865627727
10e5af,31,1790865627727
98fd8f,50,1790780127727
927637,35,1790780127727
b3ade2,58,1790865627727
9ce372,15,1790780127727
c9d57c,45,1790865627727
865d97,41,1790780127727
31ba3b,33,1790780127727
820c5d,37,1790780127727
b58bb8,58,1790781027727
b92492,32,1790865627727
e22a81,41,1790781027727
842ffd,39,1790781027727
32f7ea,35,1790780127727
9f2231,19,1790780127727
3d9067,24,1790865627727
bd33f0,55,1790865627727
2f0018,16,1790781027727
3297af,34,1790865627727
8b87f4,57,1790781027727
77dd47,53,1790781027727
354d81,52,1790780127727
7143c7,50,1790781027727
f3b82b,52,1790781027727
bbe8d0,37,1790865627727
99399b,51,1790781027727
954632,25,1790865627727
367194,17,1790781027727
117d52,28,1790865627727
cbc794,45,1790780127727
763654,26,1790780127727
a79b1a,51,1790780127727
37cfc4,57,1790780127727
4118c6,46,1790781027727
39c3c2,49,1790865627727
5d20af,15,1790780127727
f5ba80,20,1790780127727
e65369,31,1790865627727
b58be5,50,1790865627727
42e0c8,40,1790865627727
a67dc4,18,1790781027727
bdeecd,60,1790780127727
55fc89,15,1790780127727
cb8c3f,55,1790780127727
f12863,18,1790781027727
fdf4b5,28,1790781027727
82f4eb,59,1790780127727
ab8ccf,43,1790865627727
ede10f,57,1790865627727
185708,39,1790865627727
0b0969,50,1790781027727
59556e,47,1790865627727
05a774,37,1790781027727
3f99c0,22,1790780127727
ab4275,15,1790865627727
8515f2,18,1790781027727
531dd6,25,1790865627727
4fd5dc,39,1790865627727
3aa315,17,1790780127727
05dad8,39,1790865627727
f67709,36,1790865627727
6c694e,27,1790865627727
6216bb,25,1790865627727
14b913,56,1790865627727
4d0ed3,24,1790781027727
91bf45,59,1790780127727
e4bb49,46,1790780127727
c581d8,51,1790780127727
91473b,57,1790781027727
b55709,56,1790865627727
a4f022,29,1790865627727
4352e9,22,1790780127727
448d98,27,1790780127727
1eb893,19,1790781027727
6201ea,46,1790865627727
d415b4,58,1790780127727
324fdf,42,1790781027727
f81e26,47,1790780127727
811a9e,48,1790865627727
f2b3bd,28,1790781027727
c4a2d0,49,1790781027727
a920c5,21,1790781027727
1506db,26,1790781027727
b3ea11,15,1790780127727
dd3754,31,1790865627727
38741c,22,1790865627727
e7d980,32,1790865627727
320083,53,1790865627727
a473ed,33,1790865627727
807781,52,1790781027727
87310c,53,1790781027727
651d71,59,1790865627727
c53b02,20,1790780127727
4dc5cd,23,1790780127727
34003f,59,1790781027727
bcae40,41,1790781027727
f18080,45,1790781027727
04d14f,42,1790865627727
f35792,17,1790865627727
c754e6,29,1790781027727
d52ebe,17,1790780127727
e9db88,53,1790780127727
12d807,33,1790865627727
c51451,39,1790781027727
450082,17,1790780127727
03dad5,39,1790781027727
265bec,53,1790780127727
5ea88c,37,1790781027727
dc7e31,54,1790781027727
d98a52,37,1790865627727
28e00e,41,1790780127727
bcb423,35,1790780127727
f6822c,33,1790781027727
bab83a,46,1790781027727
1f5845,27,1790781027727
91f07c,59,1790781027727
e17df8,52,1790781027727
b35008,26,1790781027727
490666,49,1790780127727
ff8048,50,1790781027727
80b9bc,18,1790781027727
51f877,16,1790781027727
850ea6,53,1790780127727
11b410,60,1790865627727
5844d3,46,1790865627727
b3b4de,19,1790781027727
524c0c,15,1790865627727
86ccee,32,1790781027727
093cdf,16,1790781027727
223624,35,1790865627727
5fb8f8,39,1790780127727
311e29,20,1790781027727
65246b,30,1790781027727
7bd352,28,1790780127727
e848a6,28,1790780127727
cfe143,56,1790781027727
b6688d,44,1790781027727
e7ec59,34,1790865627727
25ff2b,56,1790865627727
c09191,45,1790780127727
41de5c,53,1790865627727
4ea426,59,1790865627727
255d09,35,1790865627727
b15a93,32,1790780127727
89ebc5,44,1790781027727
4961b9,51,1790780127727
c76a50,31,1790780127727
dc8d63,20,1790781027727
fdebc4,31,1790780127727
c64cb4,28,1790780127727
d8026a,39,1790781027727
81f184,46,1790780127727
46e71e,43,1790781027727
02e312,27,1790780127727
3b2cd7,31,1790865627727
79bdfb,16,1790780127727
628463,52,1790780127727
fecc02,56,1790781027727
cac94a,57,1790780127727
5d36e6,25,1790865627727
a53954,55,1790780127727
919fb3,38,1790781027727
af9266,19,1790780127727
a1c2f4,39,1790865627727
7da1ce,54,1790865627727
bcbfb7,24,1790781027727
ff319e,20,1790780127727
054aed,38,1790781027727
947a4c,27,1790781027727
bb1f30,25,1790865627727
08d008,17,1790865627727
aeb84e,49,1790780127727
ad41c9,51,1790865627727
2e5a89,50,1790780127727
cd219e,28,1790780127727
62707c,36,1790865627727
1bcca7,19,1790780127727
a54525,34,1790780127727
3803c7,58,1790865627727
8bf3ad,19,1790780127727
65541d,50,1790865627727
cf5718,59,1790865627727
3d4e43,54,1790780127727
87d434,20,1790865627727
1a8bba,35,1790780127727
5664aa,38,1790865627727
0496fc,20,1790780127727
f76b5a,60,1790780127727
24a28a,31,1790865627727
d6cbc7,57,1790865627727
8a3052,24,1790865627727
80ff47,47,1790780127727
a2c1f6,50,1790780127727
525c4b,40,1790865627727
78169a,47,1790781027727
3a7303,39,1790865627727
de8bbe,38,1790780127727
f63ddc,36,1790780127727
99eefd,38,1790780127727
a344ad,44,1790780127727
b0d2ae,30,1790781027727
d08ddd,57,1790865627727
cf74a9,45,1790780127727
49ad24,44,1790781027727
ea7022,17,1790781027727
50843d,46,1790781027727
85cddb,24,1790780127727
7b6a5a,29,1790780127727
2cb2e6,32,1790780127727
16bea7,35,1790780127727
22ae3a,36,1790780127727
93b177,30,1790865627727
215411,25,1790865627727
756b72,18,1790780127727
87afd8,20,1790781027727
e1a741,57,1790865627727
c55e09,16,1790865627727
8ba336,40,1790781027727
5d312d,56,1790865627727
149f5d,34,1790781027727
85ae39,16,1790780127727
66fe3d,57,1790781027727
be22f8,19,1790781027727
cb075c,17,1790780127727
7c4c06,48,1790865627727
b5b4db,60,1790781027727
bd62a3,34,1790781027727
23162f,56,1790781027727
5ea91d,28,1790780127727
cc87da,20,1790781027727
55278d,27,1790865627727
166e56,47,1790781027727
4a2c66,21,1790781027727
357d6a,32,1790865627727
ce92d1,52,1790781027727
fd0da7,59,1790781027727
555a36,30,1790781027727
924eac,47,1790865627727
2ef74f,36,1790865627727
b7c230,31,1790781027727
0e77f8,43,1790865627727
979842,37,1790780127727
e6a37c,46,1790865627727
763114,55,1790780127727
59b1ff,25,1790865627727
fb13a7,59,1790780127727
c45aae,26,1790865627727
c9c7a4,52,1790780127727
c3f1a2,15,1790865627727
a0e212,23,1790781027727
bc686b,48,1790781027727
2cd599,42,1790865627727
382784,53,1790780127727
eb755c,23,1790781027727
49113a,58,1790865627727
9ae6fe,53,1790865627727
d3cb95,52,1790865627727
08b3d9,23,1790780127727
dc90d0,37,1790865627727
1faeb7,32,1790781027727
d20974,39,1790780127727
92b6df,49,1790781027727
c3a996,37,1790781027727
89a10b,56,1790781027727
621db0,15,1790781027727
4078d3,16,1790781027727
f4e52e,52,1790780127727
ffe9fc,34,1790781027727
992c09,41,1790865627727
7790b4,57,1790865627727
6f7efa,27,1790781027727
6aa197,57,1790865627727
61755a,22,1790780127727
ba16e7,41,1790865627727
96d9a5,16,1790780127727
558129,42,1790780127727
a070d2,21,1790865627727
2e220e,17,1790781027727
b5e29d,28,1790781027727
41fa17,46,1790780127727
263018,25,1790865627727
188cca,24,1790781027727
2b5c20,44,1790780127727
d4f5df,49,1790780127727
06ecf0,24,1790781027727
956aa9,55,1790781027727
5ab428,45,1790780127727
5a7869,38,1790865627727
ea9947,51,1790865627727
073001,58,1790781027727
146857,56,1790865627727
906507,48,1790865627727
bdd173,25,1790781027727
7df637,32,1790865627727
4f1b60,56,1790865627727
df5365,18,1790865627727
c55d4c,27,1790780127727
622569,34,1790781027727
c762a0,25,1790780127727
5f9e51,47,1790865627727
130d3b,51,1790780127727
693383,21,1790780127727
8265e9,49,1790781027727
eb7836,16,1790780127727
0d6745,41,1790780127727
5c8966,49,1790781027727
faa6f0,39,1790865627727
267b74,17,1790781027727
18586d,41,1790780127727
b2215c,44,1790865627727
fce1cf,57,1790865627727
f4baea,39,1790780127727
7db625,26,1790780127727
d84681,25,1790780127727
82071d,53,1790781027727
8d4c61,45,1790865627727
0d9754,56,1790865627727
f8e014,41,1790865627727
c9ce35,27,1790781027727
556a2b,55,1790780127727
adaa2e,24,1790865627727
0a69b7,37,1790781027727
c4ff03,35,1790781027727
d225af,40,1790780127727
35d627,59,1790865627727
f13e91,32,1790780127727
5fa00f,48,1790781027727
4c4dde,27,1790781027727
8350d1,40,1790865627727
a564a8,42,1790780127727
7c4105,49,1790780127727
669c26,34,1790865627727
5279c6,43,1790780127727
2d6914,25,1790865627727
b9bb38,57,1790865627727
917ad7,28,1790865627727
1a5d98,42,1790780127727
0ed2b1,42,1790781027727
67809b,57,1790781027727
e5bc23,39,1790781027727
6bf0d3,34,1790780127727
2dd280,15,1790865627727
fe7de9,57,1790780127727
1bed4c,52,1790780127727
eaf52b,43,1790781027727
835abe,34,1790780127727
b8167c,48,1790781027727
147d47,25,1790780127727
b58d43,34,1790780127727
f8dab2,42,1790780127727
4f5ab2,40,1790865627727
2aa84d,26,1790781027727
00ae9b,19,1790780127727
4d96a2,19,1790781027727
997d1c,20,1790780127727
5f3650,48,1790865627727
92b354,29,1790780127727
18a5e0,37,1790781027727
bead58,19,1790781027727
dd253c,39,1790780127727
cee074,24,1790781027727
4a887a,60,1790865627727
e9d3a5,22,1790780127727
3a9f4c,59,1790865627727
995c8f,35,1790865627727
59d911,23,1790781027727
66a246,54,1790781027727
f704e6,17,1790781027727
4d3fdf,17,1790780127727
fef496,40,1790865627727
3a0d97,52,1790781027727
c36984,34,1790780127727
5b5d76,53,1790781027727
0883ea,37,1790865627727
10a16e,39,1790780127727
e5220f,45,1790781027727
cc0ab4,33,1790865627727
defb1b,19,1790780127727
15cbef,27,1790865627727
ede1a8,39,1790865627727
bbae1b,58,1790780127727
1f6ec5,58,1790780127727
0f0334,32,1790865627727
16d2c5,25,1790865627727
0af185,17,1790781027727
e83abe,40,1790781027727
f8b7fd,56,1790780127727
76b909,23,1790865627727
ec9cdf,30,1790780127727
aecb4d,36,1790865627727
91355e,54,1790780127727
418daa,43,1790865627727
73f353,55,1790781027727
6c0e33,41,1790865627727
935de4,36,1790865627727
834b23,31,1790781027727
968c2e,46,1790780127727
b25c9d,57,1790781027727
ee42d9,23,1790865627727
9f5ae6,45,1790780127727
902c3f,40,1790780127727
5c66a1,24,1790780127727
3c10a7,24,1790781027727
91157b,31,1790780127727
7022b6,53,1790781027727
0baf01,27,1790781027727
e53fe0,57,1790780127727
a5e176,57,1790780127727
cf5723,21,1790865627727
bd18b5,47,1790781027727
4fa8b2,57,1790780127727
3b3cb6,25,1790865627727
39d348,24,1790780127727
d23b1c,40,1790865627727
4734e2,50,1790780127727
e3101f,43,1790780127727
feabb5,43,1790781027727
474fc9,23,1790781027727
5ed10a,38,1790780127727
45abcb,30,1790780127727
702813,46,1790781027727
3dcab1,39,1790781027727
39a21e,55,1790865627727
f8794b,28,1790865627727
564f3b,40,1790781027727
932d0a,49,1790780127727
db9428,24,1790781027727
57c356,35,1790865627727
669492,22,1790781027727
0df7dc,50,1790780127727
83acf4,50,1790780127727
6abfd4,30,1790865627727
68c31e,46,1790780127727
2fe2f3,39,1790865627727
0e07ba,23,1790865627727
517cdb,48,1790865627727
959740,47,1790865627727
536a9c,25,1790781027727
480df1,47,1790865627727
9c9bd5,54,1790865627727
d68482,25,1790780127727
1b2a4d,50,1790780127727
126a9d,20,1790865627727
ec9bd2,59,1790780127727
47b0bc,28,1790865627727
64d7c3,39,1790780127727
14c71a,53,1790780127727
024ac2,51,1790865627727
111b7f,47,1790780127727
ba9ba7,32,1790780127727
b76b0e,37,1790781027727
59b764,49,1790781027727
cb0e91,34,1790865627727
e2a998,34,1790780127727
bda0a8,45,1790781027727
68a7b1,31,1790865627727
1335f8,20,1790781027727
f88da2,41,1790781027727
ef667e,29,1790781027727
5d8542,52,1790781027727
0db0e4,41,1790780127727
9f69de,46,1790781027727
27ce4b,41,1790780127727
828aef,56,1790780127727
d380ca,38,1790780127727
18d20d,41,1790780127727
14db7f,56,1790780127727
dbe6ab,37,1790781027727
f7b5a3,51,1790781027727
2ba713,27,1790865627727
44a1be,22,1790780127727
09030b,15,1790780127727
6960b3,24,1790781027727
dee7e5,36,1790781027727
e1e567,40,1790781027727
976721,38,1790865627727
ab8e29,54,1790781027727
066859,17,1790781027727
dccede,42,1790780127727
3946a5,28,1790780127727
6bd89e,43,1790865627727
d354b4,40,1790780127727
7341ea,23,1790865627727
62489a,35,1790780127727
e464cd,54,1790781027727
13e082,27,1790865627727
2fb350,59,1790865627727
044cbf,39,1790865627727
423ea7,58,1790865627727
97487f,33,1790781027727
3cffb2,31,1790780127727
e23a28,43,1790781027727
8aa089,39,1790865627727
2d4e48,30,1790780127727
182fb2,18,1790865627727
c5aea3,21,1790781027727
cb976c,42,1790865627727
46dc28,22,1790780127727
7786a9,47,1790780127727
213002,16,1790865627727
6e4e24,47,1790865627727
634f54,43,1790865627727
c07892,17,1790781027727
8ed8ba,16,1790865627727
41f654,31,1790781027727
2e8b70,22,1790865627727
e4a47d,46,1790780127727
5ec610,37,1790865627727
9f9028,17,1790781027727
d73f5a,30,1790865627727
c945f8,45,1790865627727
053f8a,42,1790781027727
57bda0,31,1790781027727
0811cd,40,1790865627727
056b92,36,1790780127727
d2381a,21,1790865627727
f85ab6,28,1790865627727
d03e97,48,1790865627727
223b2d,23,1790780127727
0466da,52,1790865627727
006341,15,1790780127727
bb2f4b,28,1790865627727
5cead2,58,1790781027727
758d6d,32,1790781027727
f2e926,16,1790780127727
74641f,49,1790780127727
70a50e,18,1790865627727
d7c637,22,1790781027727
31929f,57,1790780127727
fa84ce,47,1790781027727
de4ab6,34,1790781027727
46f866,43,1790865627727
044bbe,40,1790780127727
2251a7,25,1790781027727
49bce9,42,1790865627727
38efa1,27,1790780127727
26de9f,30,1790781027727
4130bb,49,1790865627727
b0537c,37,1790781027727
1bc370,40,1790781027727
ed576f,48,1790780127727
18a7f2,24,1790865627727
b9c7cc,16,1790865627727
5b11ca,18,1790780127727
a614c8,38,1790781027727
d71347,15,1790781027727
d5a09b,53,1790781027727
7784f7,21,1790865627727
a643ff,31,1790781027727
06ce3b,42,1790780127727
4b97e8,27,1790865627727
af058c,24,1790865627727
1c404d,59,1790781027727
932d64,17,1790780127727
6e4064,53,1790865627727
221619,49,1790781027727
02f0b0,56,1790780127727
b6b398,58,1790781027727
7bd65c,40,1790781027727
b0684e,30,1790865627727
451a41,37,1790865627727
990de5,51,1790781027727
f38980,44,1790780127727
910e8f,54,1790781027727
d12ad6,46,1790781027727
28e6a7,28,1790780127727
43f5ee,40,1790865627727
174f54,42,1790781027727
01575b,31,1790781027727
07a28f,43,1790780127727
101309,37,1790865627727
c059d3,15,1790781027727
d3e2c3,56,1790865627727
2a2561,25,1790780127727
20ee5f,37,1790780127727
1c9d6b,29,1790781027727
66a26a,24,1790781027727
ce2806,50,1790781027727
a35e6a,15,1790781027727
023af9,53,1790865627727
33acf4,30,1790780127727
1d61de,50,1790780127727
3fbe7c,54,1790781027727
787482,59,1790781027727
3ca22b,55,1790865627727
d4626b,32,1790865627727
4d8175,22,1790780127727
afd0cd,60,1790865627727
0a51e3,36,1790781027727
71c90d,17,1790780127727
e473f8,21,1790780127727
093a08,46,1790781027727
268575,35,1790865627727
9977bd,22,1790780127727
c1f92c,45,1790865627727
470da4,58,1790781027727
27e519,57,1790865627727
e6ba0c,21,1790781027727
0f3215,39,1790780127727
cc45aa,54,1790780127727
9168a0,16,1790865627727
05a76f,31,1790781027727
47ecc2,56,1790865627727
ffcc68,60,1790781027727
c97615,40,1790781027727
e8bab9,20,1790780127727
93df05,23,1790780127727
a61e8e,30,1790865627727
8d83da,59,1790780127727
b42bfa,50,1790780127727
99a1c9,49,1790781027727
1bf64d,52,1790780127727
8d58eb,31,1790781027727
5efd98,55,1790780127727
03f08e,21,1790780127727
4a5d9d,52,1790781027727
f09a90,42,1790865627727
7a0fbc,51,1790780127727
52659a,15,1790781027727
22345e,47,1790865627727
273d89,51,1790865627727
8ef171,22,1790781027727
5f88dd,57,1790865627727
d95d7e,23,1790781027727
c7d8ad,17,1790780127727
7f090e,17,1790781027727
09efcb,23,1790865627727
0caa58,57,1790781027727
38a8e7,43,1790780127727
0b7191,58,1790781027727
78e17b,42,1790781027727
778e37,41,1790780127727
fecbdd,38,1790781027727
088b03,15,1790780127727
0ea217,26,1790781027727
ed18b5,59,1790865627727
0f36f0,34,1790781027727
def88a,46,1790780127727
4f2423,15,1790780127727
599997,19,1790865627727
c93080,43,1790865627727
40b987,31,1790781027727
e48328,43,1790780127727
ae82d9,22,1790781027727
19ad5c,45,1790781027727
d3084f,57,1790780127727
d1d0a4,23,1790781027727
534389,17,1790781027727
31e5c6,42,1790865627727
3a698b,52,1790865627727
e8a4b1,40,1790865627727
9cc16b,25,1790781027727
023d4a,21,1790780127727
13de65,52,1790865627727
b89c07,17,1790865627727
343ede,36,1790781027727
6d900a,57,1790780127727
7f0171,19,1790780127727
ca122d,26,1790780127727
16e8cd,24,1790865627727
1d9009,38,1790865627727
48f34f,36,1790780127727
2731ad,17,1790865627727
ceb152,22,1790865627727
a8bca7,24,1790780127727
7f42e1,52,1790781027727
6446ce,34,1790865627727
b0ff75,20,1790865627727
4dacf7,49,1790781027727
ddc1c6,22,1790781027727
a064b9,60,1790780127727
d51a2b,46,1790781027727
88c3bb,30,1790780127727
9f1ce5,31,1790780127727
5b6802,23,1790781027727
7d5b97,27,1790781027727
f2ac14,34,1790780127727
670621,37,1790780127727
bf4ba2,34,1790781027727
5c35c0,48,1790781027727
85ce42,54,1790865627727
4103c4,18,1790781027727
caf418,47,1790780127727
50b165,22,1790780127727
785921,24,1790780127727
348174,22,1790865627727
7b2892,51,1790865627727
dce9c1,51,1790780127727
02c11b,35,1790780127727
c4e51c,34,1790865627727
1f59a6,57,1790865627727
122728,15,1790780127727
475abf,53,1790781027727
f31293,23,1790780127727
035f00,47,1790865627727
33f387,23,1790865627727
1f2751,45,1790781027727
3fb90d,19,1790865627727
2ed856,32,1790781027727
838828,19,1790865627727
d71f6a,34,1790781027727
41b26d,19,1790780127727
ee01d3,34,1790781027727
884358,17,1790865627727
0a7d5c,29,1790865627727
f2bcc2,44,1790780127727
07360b,49,1790780127727
323a43,49,1790865627727
96c298,23,1790865627727
8e43d7,30,1790781027727
59f01f,18,1790865627727
70c7f6,36,1790781027727
455dc2,36,1790780127727
b81918,37,1790781027727
bbfac7,35,1790780127727
f850d2,55,1790865627727
773a72,22,1790780127727
d4e57d,55,1790780127727
a8d708,23,1790781027727
e3dd6d,55,1790865627727
6bf935,26,1790780127727
f6f4cd,16,1790780127727
561d0b,27,1790781027727
bd68cf,47,1790780127727
854c84,39,1790780127727
b90f46,48,1790781027727
5e852f,30,1790780127727
b4610f,20,1790781027727
4dfae3,22,1790780127727
e132b5,43,1790781027727
74678c,52,1790781027727
8c8ada,45,1790780127727
a4a5be,46,1790780127727
9b6596,46,1790781027727
738023,48,1790865627727
b2b0a7,47,1790780127727
4a3c47,34,1790780127727
9dd2ff,56,1790780127727
68661b,42,1790865627727
a986d2,51,1790781027727
b40501,54,1790780127727
73983e,33,1790865627727
c14010,32,1790780127727
fa902c,34,1790865627727
48038b,58,1790780127727
2cb19d,32,1790781027727
4172a4,58,1790780127727
be0496,40,1790781027727
a30c26,32,1790780127727
17d043,24,1790781027727
06ec0d,60,1790781027727
819577,39,1790780127727
83165d,46,1790780127727
d7096a,26,1790781027727
e3a66d,60,1790865627727
a12a0b,26,1790865627727
8c286b,29,1790781027727
a167ab,54,1790781027727
f723b9,34,1790780127727
a1d664,53,1790780127727
e10630,20,1790865627727
cd5c41,16,1790781027727
31a514,59,1790781027727
3932e7,54,1790780127727
65de31,30,1790780127727
3acacb,34,1790781027727
a6e549,42,1790780127727
32272c,51,1790781027727
6bbf2d,57,1790781027727
211b88,24,1790781027727
fb59aa,60,1790865627727
cb3a23,49,1790781027727
b55dfa,32,1790780127727
fe49cf,29,1790781027727
d485d9,23,1790781027727
2a5343,30,1790865627727
94018c,36,1790781027727
810fec,26,1790781027727
416ecd,49,1790781027727
24be93,48,1790865627727
67f0b1,59,1790781027727
6e2b28,40,1790865627727
ea858d,21,1790780127727
4137b5,42,1790780127727
570396,21,1790781027727
810aca,50,1790780127727
5e4f47,28,1790780127727
b292df,40,1790865627727
c7e391,46,1790781027727
0881af,25,1790865627727
5eda53,60,1790781027727
32dfba,55,1790781027727
a79c24,31,1790865627727
e333d6,42,1790865627727
47dd7a,52,1790780127727
f98ce2,38,1790781027727
2865db,36,1790865627727
cb49ae,23,1790781027727
acaa18,54,1790865627727
682063,22,1790780127727
1de220,28,1790865627727
860fa4,35,1790780127727
496c76,16,1790781027727
524c99,36,1790781027727
7c76b9,39,1790865627727
c8d981,26,1790781027727
2f6deb,38,1790865627727
4b21da,31,1790865627727
6c8a5a,27,1790781027727
cad0ca,51,1790780127727
b338af,20,1790780127727
79134f,29,1790780127727
d9e0fa,17,1790780127727
bcd5b5,58,1790781027727
4fbcfe,50,1790781027727
dc9543,56,1790781027727
fe352e,33,1790781027727
a9cd78,23,1790781027727
6e3ca9,46,1790865627727
f2f14f,42,1790865627727
85a535,35,1790781027727
798968,54,1790781027727
b8c711,45,1790780127727
ca4a65,48,1790781027727
71c66e,52,1790781027727
942be2,57,1790865627727
e52358,28,1790781027727
f280ae,51,1790781027727
f14751,36,1790865627727
3ee004,18,1790780127727
6e6342,38,1790780127727
5f2f75,22,1790780127727
79fd03,37,1790781027727
256d59,38,1790865627727
1fad16,20,1790780127727
8a4a60,32,1790865627727
dd1b3e,34,1790781027727
95291b,56,1790780127727
6fef3d,29,1790780127727
e9b12d,29,1790781027727
d5d7af,20,1790865627727
e6c8d7,59,1790780127727
e17abe,27,1790865627727
a9780c,25,1790780127727
98ca55,34,1790865627727
be4c65,44,1790781027727
f0fe7d,22,1790865627727
d624bd,26,1790780127727
9bf1d6,18,1790781027727
8095e3,55,1790865627727
d223d1,17,1790780127727
e1d890,42,1790781027727
5b6674,42,1790865627727
336752,31,1790865627727
52d56f,18,1790780127727
4d86cc,15,1790781027727
7f59ee,28,1790865627727
6bf95e,20,1790865627727
c37b6b,16,1790865627727
d180a8,40,1790781027727
203d49,56,1790781027727
908403,31,1790781027727
1415e7,16,1790780127727
5a1e52,25,1790781027727
b107de,57,1790865627727
6af4ca,43,1790780127727
54612a,45,1790780127727
04c152,26,1790865627727
0b3a34,31,1790865627727
1449d3,41,1790865627727
347616,27,1790781027727
1ef277,27,1790865627727
fcc35c,48,1790780127727
c84ec5,59,1790781027727
2c53ca,54,1790780127727
e70e33,36,1790865627727
814a22,47,1790780127727
f4ccb3,21,1790781027727
3cb0cc,29,1790780127727
dd94a6,28,1790780127727
74cc36,17,1790781027727
30ddd9,60,1790780127727
274a95,32,1790865627727
b6ff3a,39,1790781027727
fbeb89,52,1790781027727
e8a6e2,59,1790780127727
77c42a,42,1790780127727
45e9e0,52,1790781027727
4ea051,44,1790781027727
2d3982,38,1790865627727
c9ae18,59,1790781027727
206537,30,1790780127727
b0fb97,34,1790780127727
833fb7,31,1790865627727
55e2a0,29,1790780127727
977dd2,48,1790865627727
022067,28,1790865627727
811135,37,1790781027727
198850,25,1790781027727
393985,44,1790781027727
a0f4ad,41,1790781027727
61f495,25,1790865627727
418699,35,1790865627727
660788,46,1790780127727
ed6357,45,1790781027727
a5b587,54,1790865627727
c2f61a,59,1790865627727
da94c1,29,1790780127727
89e9cf,42,1790865627727
39262c,56,1790865627727
3cc49b,56,1790780127727
af59f1,56,1790780127727
46a825,46,1790781027727
81f683,36,1790781027727
fa17b2,21,1790781027727
101c7c,21,1790780127727
75728d,40,1790780127727
64e7cb,34,1790781027727
0decd8,22,1790780127727
7073e6,47,1790781027727
d3b07c,40,1790865627727
e3691a,43,1790780127727
53ad75,49,1790780127727
13a91b,23,1790780127727
93149c,22,1790780127727
4e9bf1,51,1790780127727
45ac13,38,1790781027727
982750,26,1790781027727
869198,58,1790780127727
46cfac,19,1790781027727
009f93,54,1790781027727
9ae016,48,1790865627727
8a4c64,60,1790781027727
be97d8,27,1790865627727
10aa13,47,1790781027727
7d76b3,56,1790780127727
267083,43,1790781027727
009135,21,1790780127727
01dfc7,53,1790865627727
a8438e,35,1790781027727
eb8315,29,1790780127727
4836dd,46,1790781027727
f6c38f,21,1790781027727
689b22,57,1790781027727
a0e8f8,44,1790781027727
1e8a25,28,1790781027727
4258f4,40,1790865627727
e08f75,21,1790781027727
1ea912,35,1790780127727
50c742,50,1790781027727
46815b,40,1790865627727
028c58,30,1790780127727
a2ca05,43,1790781027727
f9a7e1,51,1790780127727
40a74a,38,1790865627727
0d8253,26,1790781027727
9c5752,42,1790865627727
1f1666,52,1790865627727
9ccbce,28,1790865627727
cf9c2f,49,1790781027727
d33034,27,1790780127727
8b7fb9,53,1790780127727
f79b93,18,1790781027727
ca1984,42,1790865627727
843d73,33,1790781027727
bff3c1,40,1790865627727
cf69e3,53,1790781027727
a7ce18,59,1790780127727
eeb55e,29,1790865627727
47dc1a,33,1790865627727
8f7834,59,1790780127727
1184cd,53,1790780127727
588a2e,17,1790780127727
354ce3,59,1790780127727
d65037,34,1790781027727
c810c4,22,1790780127727
b8fef0,46,1790781027727
ca8181,33,1790781027727
c9be28,37,1790865627727
09b87f,51,1790865627727
7f66be,37,1790781027727
cf37e0,29,1790865627727
402986,35,1790780127727
f13594,37,1790865627727
f33568,42,1790781027727
70709b,40,1790865627727
d0f3a6,29,1790780127727
785a7d,35,1790865627727
825100,49,1790781027727
8e228a,45,1790865627727
1bb4ab,58,1790865627727
796167,32,1790865627727
36fca5,19,1790865627727
76c04c,23,1790780127727
62403d,27,1790780127727
2bda4d,26,1790780127727
deceeb,43,1790865627727
7144e4,48,1790781027727
fd1537,30,1790781027727
1963fb,51,1790781027727
9b88c5,18,1790865627727
339217,60,1790780127727
d1d87e,49,1790781027727
b1befd,44,1790865627727
1c361c,26,1790781027727
8485cf,31,1790780127727
1824ca,45,1790780127727
018406,53,1790781027727
3dd1eb,55,1790780127727
21b50b,41,1790781027727
7b1aa1,48,1790865627727
18b5fe,57,1790865627727
6e9b38,25,1790781027727
269f8f,23,1790781027727
72cb24,58,1790865627727
6e99ea,48,1790865627727
0195c8,57,1790865627727
c744f4,32,1790781027727
238fab,31,1790780127727
050db4,38,1790780127727
4e4007,50,1790865627727
102afc,51,1790865627727
5d8fb6,41,1790865627727
3522da,23,1790780127727
b1a0d7,42,1790780127727
bdd7b4,45,1790781027727
b2950b,47,1790781027727
5307f5,17,1790865627727
f5fdcc,25,1790780127727
17e28d,21,1790780127727
38c444,39,1790865627727
67c18e,46,1790780127727
fb2ee0,31,1790781027727
2538f7,22,1790780127727
34126f,40,1790865627727
276d81,43,1790865627727
0413f8,56,1790780127727
97e482,35,1790865627727
368bbd,18,1790865627727
796407,49,1790781027727
04d7a3,60,1790865627727
1a7068,27,1790781027727
177c50,17,1790865627727
c39b48,15,1790781027727
ece9e2,50,1790780127727
c2c6f1,50,1790780127727
cd2029,58,1790781027727
6e7666,60,1790781027727
3a80f3,59,1790865627727
33f8cd,29,1790865627727
26016b,56,1790781027727
b6210d,50,1790780127727
483a8e,27,1790780127727
62c785,44,1790781027727
a618b0,48,1790780127727
53490f,46,1790780127727
2839f2,17,1790780127727
76f99c,45,1790781027727
c32443,35,1790865627727
54d330,16,1790865627727
cab575,46,1790780127727
0a721f,52,1790865627727
0be0ef,21,1790780127727
7151d1,48,1790865627727
bec179,26,1790780127727
3db9e9,47,1790781027727
3f7f5f,21,1790865627727
09368a,55,1790780127727
3f62b3,15,1790780127727
b34b21,22,1790781027727
240c5e,42,1790780127727
db8538,37,1790781027727
edec37,17,1790780127727
7252b6,21,1790865627727
4f3aa4,16,1790781027727
e86372,48,1790865627727
c7d9b4,35,1790781027727
054c6e,28,1790780127727
321415,30,1790865627727
a28082,27,1790780127727
df6bf4,25,1790781027727
93e3bb,23,1790780127727
24cf5b,26,1790865627727
c7fee4,44,1790780127727
23d675,41,1790865627727
086d26,54,1790781027727
d6373c,59,1790865627727
88d404,40,1790780127727
d8cc5c,46,1790781027727
6f46a4,37,1790865627727
ce2f91,17,1790865627727
61a04c,39,1790780127727
98c302,17,1790865627727
17c507,57,1790865627727
26aed3,35,1790781027727
5c6fd3,26,1790865627727
502469,23,1790865627727
f63e5e,31,1790781027727
04c3e0,46,1790780127727
68bb97,21,1790781027727
bfcf21,38,1790780127727
2c0980,58,1790780127727
cd83e2,44,1790780127727
0f52d2,46,1790780127727
5b86ee,58,1790865627727
4f87c1,40,1790780127727
5a2a6f,26,1790781027727
c7c5c0,50,1790865627727
2c5f84,32,1790865627727
44f66a,35,1790780127727
a07d7b,58,1790780127727
5ac5b7,24,1790865627727
aac956,36,1790780127727
ab7ab3,24,1790780127727
ae8e4e,35,1790781027727
8569ce,40,1790865627727
01b82f,21,1790781027727
821918,30,1790865627727
4f1d29,28,1790780127727
9b7c93,24,1790781027727
d5a569,22,1790780127727
8438b7,21,1790865627727
a917b0,26,1790865627727
1d6cb6,37,1790780127727
4d1cde,54,1790781027727
1e56e0,40,1790780127727
50dee9,36,1790781027727
80cc38,33,1790781027727
92d9fc,54,1790781027727
1b5532,22,1790865627727
9ab8ed,31,1790781027727
a00a88,38,1790781027727
2c2be9,51,1790865627727
191575,22,1790781027727
6ced7f,36,1790781027727
54f53f,33,1790780127727
96930e,42,1790780127727
bee3f0,52,1790865627727
e7a754,59,1790780127727
4ab0fc,51,1790780127727
eeb9a9,47,1790781027727
ec69e0,15,1790865627727
131425,60,1790780127727
fc8def,30,1790781027727
534e89,46,1790781027727
4d00d6,33,1790781027727
8a512a,38,1790781027727
7a5152,38,1790780127727
f79e9c,52,1790781027727
6b6370,33,1790781027727
7f6843,41,1790781027727
7712a1,33,1790781027727
9c006b,43,1790865627727
7ec224,20,1790865627727
b3a2ff,60,1790781027727
8700ab,46,1790780127727
f5da20,42,1790781027727
f58e90,38,1790780127727
0e22de,47,1790781027727
5bb4ad,27,1790780127727
0a1b32,26,1790781027727
93b724,59,1790865627727
f1781d,16,1790781027727
d96e85,48,1790865627727
784a5e,32,1790781027727
b1403c,56,1790780127727
88af5b,51,1790781027727
69ae2f,39,1790780127727
c9a334,41,1790781027727
73f08c,38,1790781027727
e3acf8,38,1790780127727
5cc273,25,1790781027727
4cd863,56,1790865627727
79a3a3,20,1790780127727
321015,21,1790781027727
5a27ab,51,1790865627727
906028,37,1790780127727
9f02b2,21,1790781027727
9fcaab,59,1790781027727
2924ba,29,1790865627727
4f0c17,54,1790865627727
61c6dc,53,1790781027727
70a4dc,36,1790780127727
0bc685,35,1790865627727
ea574a,60,1790780127727
7e480a,25,1790781027727
f1131c,48,1790781027727
5e8c74,22,1790865627727
ae3986,24,1790780127727
e8d890,45,1790781027727
827345,19,1790865627727
64d025,40,1790781027727
bb6a7e,37,1790865627727
26344d,60,1790865627727
dddaae,31,1790780127727
45f82a,24,1790780127727
5c9b6d,32,1790781027727
72d810,53,1790865627727
4e8982,56,1790781027727
c23c98,44,1790780127727
909d8d,27,1790780127727
7a8907,38,1790781027727
f6b8f8,48,1790865627727
0275a6,49,1790781027727
9dd70d,51,1790780127727
7d5d99,59,1790781027727
a66a9c,55,1790780127727
9b394a,40,1790865627727
ae95d9,17,1790780127727
1bb6b5,45,1790780127727
c5a620,51,1790780127727
be3efa,49,1790781027727
241f11,31,1790865627727
7f3d97,24,1790780127727
894131,21,1790781027727
4fc20f,51,1790865627727
ed9f96,36,1790865627727
aade69,23,1790781027727
f0cccc,47,1790780127727
c16358,15,1790781027727
8b7c29,34,1790781027727
fbb1c4,18,1790865627727
7ad86e,48,1790865627727
bb0dec,20,1790865627727
17cefc,59,1790780127727
1ebbbf,31,1790865627727
33af0b,56,1790780127727
40423c,38,1790781027727
57005b,35,1790780127727
37cf40,43,1790781027727
2265fd,30,1790781027727
63868b,23,1790781027727
08594f,58,1790781027727
3cb00b,56,1790780127727
9fa8ed,50,1790865627727
153796,52,1790780127727
85ec73,43,1790780127727
7c09ee,22,1790865627727
f61b76,22,1790781027727
8535a0,57,1790781027727
800acb,49,1790781027727
bce313,27,1790780127727
a97a8e,17,1790780127727
dee1a2,59,1790865627727
341017,46,1790780127727
c54557,15,1790780127727
04bf32,25,1790780127727
9b10ca,21,1790780127727
2ffb21,17,1790781027727
4b33b5,54,1790865627727
3b25d7,20,1790865627727
d1ce8e,56,1790780127727
1d2b45,15,1790781027727
793476,29,1790781027727
b09f7a,35,1790865627727
a4bb56,43,1790865627727
7d4e44,18,1790865627727
f12ba3,49,1790865627727
44a1b3,17,1790780127727
258609,54,1790780127727
4c7a33,24,1790780127727
5720a1,58,1790865627727
bb14d4,20,1790780127727
9d2f72,32,1790781027727
bf678a,60,1790780127727
35cbbc,58,1790781027727
e00acd,44,1790865627727
98228b,21,1790780127727
2c6906,56,1790780127727
85c58e,23,1790865627727
78d552,51,1790780127727
851be3,49,1790780127727
f4fcaa,32,1790865627727
3fd74a,44,1790865627727
c41790,57,1790780127727
34d160,56,1790865627727
b0a380,42,1790780127727
ee2b93,22,1790781027727
7e6ad2,57,1790780127727
d6e5fd,56,1790865627727
717e0e,52,1790781027727
54d553,46,1790780127727
68e03a,58,1790865627727
68b867,37,1790865627727
38e001,24,1790781027727
8b1aad,25,1790781027727
6ce941,46,1790865627727
d8a13b,32,1790780127727
ffce92,41,1790865627727
3ba65c,21,1790781027727
8d326d,49,1790865627727
045212,59,1790865627727
8366fb,39,1790865627727
aeffe1,59,1790781027727
d439b4,34,1790781027727
87a26d,24,1790781027727
5b1bbe,36,1790781027727
d974a2,24,1790865627727
cc2a5c,55,1790865627727
221b3d,30,1790780127727
1c018f,27,1790780127727
3a5f38,37,1790780127727
3583d3,40,1790781027727
949fa5,49,1790865627727
e77933,41,1790780127727
d260be,40,1790865627727
beaf2c,44,1790865627727
e6c201,46,1790865627727
e8c6c4,38,1790781027727
fb9549,37,1790781027727
179938,32,1790781027727
c0d272,23,1790781027727
3df6e9,57,1790865627727
1a33d8,56,1790780127727
12f59d,40,1790865627727
7d0a01,49,1790780127727
b5498b,16,1790781027727
d2d786,29,1790865627727
e5fa87,58,1790780127727
92be25,32,1790781027727
c22d4a,47,1790780127727
051695,37,1790865627727
ce5540,25,1790865627727
779d46,45,1790781027727
b77f2b,49,1790781027727
6f4467,15,1790865627727
7deb07,20,1790865627727
6738b7,47,1790865627727
2825eb,50,1790781027727
669e8e,34,1790780127727
40e4df,42,1790865627727
229a6b,16,1790780127727
d69eca,57,1790780127727
5e94b4,36,1790865627727
e16ce0,37,1790865627727
77bbc4,41,1790865627727
669313,34,1790865627727
8b466c,49,1790780127727
ec1a87,20,1790865627727
c67bdf,59,1790865627727
255971,33,1790780127727
d7385e,38,1790780127727
cddde8,15,1790781027727
4bf66e,39,1790781027727
dc2db0,31,1790780127727
9e9505,19,1790781027727
e695a8,45,1790780127727
d970d3,30,1790865627727
d487fd,33,1790865627727
1c522d,54,1790865627727
ebb44c,59,1790865627727
3133f3,41,1790781027727
999746,41,1790865627727
b7e283,48,1790865627727
022fec,52,1790865627727
d6bb3e,53,1790865627727
aa973a,42,1790865627727
07f862,42,1790865627727
c1006c,32,1790781027727
f5c7ae,32,1790780127727
12358f,23,1790780127727
8d722a,35,1790781027727
6e28ad,44,1790781027727
cd6f6c,60,1790781027727
bec1e3,18,1790865627727
fee3c6,18,1790781027727
470e8b,47,1790781027727
e524ac,18,1790865627727
443233,52,1790865627727
3849a2,24,1790781027727
56c04b,54,1790865627727
61c455,57,1790781027727
1fd12c,60,1790781027727
e3f0c2,51,1790780127727
4a891e,21,1790865627727
85a5fe,32,1790780127727
8e4db1,48,1790781027727
59ddd2,15,1790781027727
ae1f2d,25,1790780127727
a6c968,27,1790865627727
f2d79b,33,1790780127727
155ed0,40,1790780127727
09a17d,25,1790780127727
8940ec,40,1790781027727
635782,20,1790865627727
0fe57e,50,1790780127727
783461,40,1790781027727
f49782,55,1790865627727
e5305a,34,1790865627727
a709aa,20,1790781027727
3d8796,31,1790781027727
2c19c3,15,1790781027727
78b50b,24,1790780127727
fd8b6c,31,1790865627727
641664,35,1790865627727
4d483e,49,1790781027727
d83663,49,1790780127727
8a09e6,47,1790865627727
f44295,56,1790780127727
95fba2,44,1790781027727
a76c3b,51,1790781027727
56990b,47,1790865627727
766166,33,1790781027727
ecec58,37,1790781027727
0a3ee0,42,1790781027727
8b28f0,48,1790865627727
f559a4,47,1790780127727
fb4544,48,1790780127727
e48159,57,1790865627727
981a6d,19,1790780127727
c03e82,58,1790865627727
96a258,60,1790780127727
b5f4f3,30,1790781027727
0e2445,20,1790865627727
d1bb7f,23,1790781027727
69d5b2,26,1790781027727
16c25a,38,1790865627727
8effb1,51,1790865627727
29966e,15,1790781027727
24f3ab,32,1790780127727
bc4a02,40,1790865627727
417e18,51,1790865627727
f2ff67,23,1790780127727
546a5a,46,1790865627727
69f1fc,55,1790780127727
e889b2,30,1790780127727
4a80d5,34,1790865627727
f221eb,58,1790780127727
fc27db,40,1790780127727
8b760b,26,1790781027727
d7507f,30,1790780127727
2cac76,55,1790865627727
76c3e2,20,1790865627727
82b5e0,56,1790780127727
9098b7,57,1790780127727
04a4cc,19,1790781027727
37bfc0,35,1790780127727
b95aa9,17,1790781027727
bad560,31,1790780127727
803d44,28,1790780127727
2ff9ae,17,1790781027727
9a4067,32,1790781027727
c024a3,38,1790781027727
9d28bc,22,1790865627727
6115a6,22,1790781027727
28e895,30,1790780127727
c38da0,17,1790865627727
4f3822,48,1790780127727
f31002,21,1790865627727
7d3c1d,51,1790865627727
704f9d,21,1790781027727
b3c440,52,1790781027727
388589,44,1790865627727
f9a54a,17,1790781027727
b98793,39,1790780127727
fcc2fe,17,1790865627727
40778b,44,1790780127727
cda2d2,27,1790780127727
bb4bb8,37,1790865627727
b4ff74,41,1790780127727
104e06,38,1790865627727
b8d12f,15,1790865627727
b62fb9,50,1790780127727
27ac0f,45,1790780127727
9c03fb,36,1790865627727
1ec9c1,38,1790781027727
59d011,28,1790780127727
f6c3e1,35,1790780127727
2dd9d9,30,1790781027727
e8e63c,57,1790780127727
b06161,53,1790780127727
aaea8f,25,1790865627727
6960df,15,1790865627727
718f94,40,1790781027727
2aa758,17,1790781027727
2181e1,53,1790781027727
0afbf5,41,1790865627727
a2efce,55,1790865627727
2405f7,54,1790780127727
cd49b2,50,1790865627727
cbef09,22,1790865627727
44a553,58,1790781027727
188a65,40,1790780127727
fe846e,57,1790865627727
c3fdf0,45,1790781027727
50a401,24,1790780127727
44f4e3,39,1790865627727
67be86,42,1790865627727
4b15ba,50,1790865627727
06053a,48,1790865627727
fd3df2,49,1790780127727
143b87,45,1790865627727
c7210f,57,1790865627727
06445f,48,1790865627727
f09325,33,1790780127727
ddf8b1,48,1790780127727
cf498b,43,1790865627727
811026,45,1790865627727
1e337e,26,1790865627727
5515fb,18,1790780127727
2b59fc,54,1790865627727
b5f70e,24,1790781027727
58d773,34,1790865627727
cf1b74,20,1790865627727
8bb0c1,37,1790780127727
5341ee,47,1790781027727
10a16b,49,1790781027727
aa07f1,44,1790781027727
6aa547,27,1790780127727
0905f8,48,1790781027727
ec9e1f,55,1790780127727
4c0e73,15,1790865627727
8d9045,23,1790865627727
5f8952,60,1790780127727
966639,38,1790780127727
8d9e67,21,1790865627727
b3092f,53,1790865627727
9d379c,36,1790781027727
03d96c,57,1790865627727
2c8734,27,1790780127727
9484a2,51,1790865627727
b5e440,60,1790780127727
c363bc,56,1790865627727
a88316,29,1790865627727
a58fbd,52,1790781027727
fa0033,51,1790781027727
13f362,25,1790781027727
947091,29,1790781027727
20418f,41,1790865627727
f9addd,18,1790780127727
6a152c,16,1790780127727
02a620,35,1790865627727
68ba6e,46,1790865627727
15d231,33,1790780127727
e367d2,37,1790781027727
072fcc,48,1790865627727
995faf,44,1790865627727
ae85f6,37,1790781027727
eabc71,40,1790865627727
4e2315,31,1790781027727
edf5a1,18,1790865627727
b895e7,54,1790780127727
69a78f,51,1790781027727
65dc47,45,1790781027727
ed22e7,39,1790781027727
e50b0a,52,1790781027727
e70929,46,1790865627727
5267dd,23,1790865627727
1b0fbc,36,1790865627727
183075,48,1790781027727
68f5e8,23,1790865627727
f69773,43,1790781027727
d0b587,34,1790780127727
d943e4,15,1790780127727
3c9ea3,20,1790781027727
7cd12b,35,1790781027727
daa0ee,50,1790780127727
46ef5b,38,1790780127727
6041ad,49,1790865627727
379738,35,1790865627727
a27103,42,1790781027727
e572cf,44,1790780127727
600cfa,32,1790780127727
71a6e7,17,1790780127727
ac7f94,48,1790780127727
6b7074,47,1790781027727
c59842,40,1790865627727
a7397e,23,1790865627727
2bd565,52,1790865627727
fda4fd,50,1790865627727
50bb0e,48,1790780127727
5383db,51,1790865627727
dc8bba,21,1790780127727
b2d155,27,1790865627727
11cff0,55,1790781027727
78ec49,47,1790781027727
e72f3e,23,1790780127727
3b7c84,48,1790780127727
059a73,60,1790781027727
b07211,26,1790780127727
96a1c8,53,1790781027727
9b59d5,37,1790780127727
9c04b4,51,1790865627727
21ba90,25,1790780127727
1e30fd,39,1790781027727
6f1cb6,49,1790865627727
76c13f,40,1790780127727
88680c,39,1790781027727
ab24fd,53,1790781027727
19df6d,19,1790780127727
30f9f7,31,1790781027727
2135de,19,1790780127727
332362,28,1790865627727
7bd7bd,35,1790781027727
8f6a5f,34,1790780127727
45eacc,43,1790781027727
722c91,22,1790780127727
45fade,42,1790780127727
b97991,27,1790865627727
7f22fd,26,1790865627727
0014d8,55,1790780127727
e6140a,16,1790865627727
7be128,36,1790780127727
118c45,37,1790865627727
37b872,44,1790780127727
ec5ea4,46,1790781027727
c4ef7e,52,1790781027727
7a6f58,31,1790780127727
613e20,16,1790781027727
7bea16,47,1790781027727
f8e68b,60,1790780127727
1ebee0,44,1790780127727
48810c,26,1790865627727
30a47d,51,1790781027727
4bfe87,26,1790865627727
13896a,23,1790780127727
a33186,23,1790781027727
a0ece0,42,1790781027727
9f08d9,49,1790781027727
ced3cb,19,1790865627727
5f2392,36,1790865627727
d2c619,58,1790780127727
e3c7b8,52,1790865627727
923d4f,36,1790780127727
889baa,16,1790780127727
662ae5,32,1790865627727
66f895,46,1790865627727
959338,43,1790781027727
8a9868,43,1790780127727
6fd08a,36,1790865627727
7ab40e,16,1790865627727
1be7df,18,1790780127727
f260c0,16,1790865627727
9b4e3c,28,1790781027727
707b8a,29,1790780127727
8c730e,42,1790781027727
01ca96,18,1790780127727
725232,32,1790780127727
c74e82,40,1790865627727
d06dbc,51,1790865627727
ab40b3,47,1790780127727
fa48c6,48,1790865627727
c2bffb,19,1790780127727
b82227,54,1790865627727
5b8f90,58,1790781027727
916b80,45,1790865627727
7c7197,27,1790865627727
66e112,43,1790780127727
7486ad,31,1790865627727
ff1b74,20,1790865627727
0586e4,17,1790781027727
36b2d5,52,1790865627727
f987be,56,1790865627727
5ea15c,56,1790865627727
9e0cb0,27,1790865627727
59ac37,35,1790780127727
2d676c,21,1790865627727
55a007,42,1790780127727
102363,58,1790780127727
67e5c6,53,1790780127727
3afb74,18,1790781027727
46bc08,58,1790781027727
e9a1c2,36,1790780127727
607a8f,20,1790780127727
52df13,30,1790780127727
056a14,20,1790865627727
cdd666,59,1790780127727
ef624c,21,1790865627727
c0af32,19,1790780127727
842dae,23,1790865627727
a8602c,42,1790865627727
4998a8,22,1790865627727
59b010,35,1790780127727
e05368,19,1790781027727
99cd54,47,1790781027727
d7b45e,56,1790780127727
49cb73,44,1790865627727
24d0b3,46,1790865627727
d29db4,49,1790865627727
4c1169,31,1790780127727
6abb89,51,1790780127727
48ee20,51,1790780127727
90bbbb,16,1790865627727
f29162,35,1790865627727
dee076,39,1790781027727
bcb7b9,22,1790865627727
b0f946,24,1790865627727
2dfdb9,17,1790780127727
25f040,21,1790781027727
30751e,55,1790781027727
143474,23,1790780127727
4a17b1,45,1790781027727
14d784,54,1790780127727
b2a342,35,1790780127727
edab22,33,1790780127727
d79496,34,1790780127727
196ca1,18,1790781027727
dd27ad,45,1790780127727
e32059,43,1790865627727
366189,19,1790780127727
26ac11,17,1790780127727
ed17dc,53,1790865627727
08b6c2,18,1790781027727
25a078,47,1790865627727
1cd56c,60,1790781027727
2080a3,33,1790781027727
5f7ed2,49,1790780127727
c44135,18,1790780127727
64cef0,26,1790865627727
6578a9,24,1790865627727
88c4f5,47,1790781027727
cffee2,44,1790865627727
682d43,56,1790781027727
a5067a,47,1790781027727
8c2016,20,1790865627727
1e630d,42,1790781027727
623a55,57,1790780127727
622ee9,23,1790781027727
11b86d,18,1790865627727
daf91f,52,1790865627727
de0e0c,23,1790865627727
197b64,39,1790780127727
b77d64,58,1790865627727
7053b8,26,1790781027727
adff4a,19,1790780127727
12fdac,49,1790865627727
c1d134,53,1790781027727
5b1fb0,15,1790780127727
fbf3cc,15,1790781027727
5cac5c,15,1790865627727
a47f5f,31,1790865627727
c2388b,47,1790781027727
41fbb2,18,1790865627727
dc191d,41,1790780127727
ca45db,22,1790781027727
4b2ca2,40,1790780127727
4a9892,21,1790780127727
6b5f05,20,1790780127727
fcb85d,47,1790781027727
39362b,59,1790780127727
14ed57,56,1790780127727
38238c,38,1790780127727
3a443b,34,1790780127727
a960b1,41,1790780127727
1d5ba4,37,1790781027727
277a83,28,1790781027727
5a384a,17,1790781027727
81724d,37,1790780127727
722bc3,48,1790865627727
11d13f,27,1790865627727
3a98f5,35,1790865627727
39284d,24,1790780127727
69a8b4,47,1790865627727
99621b,30,1790865627727
b5d450,59,1790865627727
67803d,32,1790780127727
1eb5f0,34,1790781027727
5cae11,60,1790780127727
8c2f83,16,1790781027727
87f99d,49,1790781027727
6e64ed,44,1790865627727
a8f4bf,48,1790865627727
adf398,21,1790781027727
979f05,35,1790865627727
50813e,27,1790780127727
b03d21,51,1790865627727
5dc579,28,1790780127727
577d71,40,1790780127727
6c33de,47,1790781027727
cc3272,38,1790865627727
c32776,39,1790865627727
5e3409,48,1790865627727
ab1d6f,34,1790780127727
c7138a,60,1790781027727
a39718,59,1790781027727
5008b1,26,1790780127727
25e217,43,1790865627727
b4e976,50,1790865627727
645b8d,20,1790865627727
dd0cd5,30,1790781027727
9efcf5,27,1790781027727
674698,35,1790780127727
e56ca0,18,1790780127727
9f4d8d,27,1790865627727
6d440b,24,1790780127727
c639ce,36,1790781027727
f9affe,34,1790781027727
974877,40,1790781027727
f06c36,43,1790780127727
dd20ef,57,1790781027727
bbab7b,21,1790780127727
06096d,47,1790780127727
2c16a2,15,1790865627727
80a3b8,57,1790865627727
be8ac1,28,1790780127727
2cdd22,22,1790865627727
ba87d8,55,1790780127727
02e43c,45,1790780127727
a40015,36,1790781027727
e153ad,24,1790781027727
801da5,29,1790780127727
0c8d17,54,1790865627727
800c63,20,1790781027727
c55f2b,18,1790780127727
83f980,25,1790780127727
fd5f00,51,1790781027727
231444,26,1790781027727
488741,34,1790780127727
bbef10,55,1790865627727
5b543d,22,1790780127727
8d5a72,23,1790780127727
1a4b22,49,1790865627727
f93a34,22,1790865627727
e36c82,53,1790781027727
395e71,42,1790780127727
ff5435,44,1790780127727
ab2236,19,1790781027727
c4cb1d,28,1790865627727
9c1df8,54,1790780127727
86eb79,56,1790780127727
5f18d3,39,1790780127727
9583c0,26,1790780127727
8662e2,50,1790865627727
76d10d,28,1790865627727
5e3ac4,45,1790781027727
7cfa52,21,1790781027727
d956a2,44,1790865627727
bdc13a,17,1790780127727
b6b5e0,36,1790780127727
c2c88c,46,1790865627727
2ddf4a,49,1790865627727
6a0d90,20,1790780127727
97400c,49,1790865627727
f56537,31,1790781027727
e412f6,55,1790865627727
cbec24,17,1790781027727
a67a8a,25,1790781027727
e56028,51,1790780127727
6b7463,57,1790781027727
231401,18,1790781027727
58ab88,36,1790780127727
bf5e04,24,1790780127727
047d9d,43,1790781027727
4eaa5f,29,1790865627727
7af692,19,1790780127727
f3d557,28,1790780127727
6ae029,17,1790781027727
f5771b,58,1790865627727
cd698b,57,1790780127727
ffa833,51,1790781027727
591938,55,1790780127727
69a385,15,1790865627727
984952,24,1790780127727
6c94b0,29,1790780127727
0c1624,40,1790780127727
a93285,36,1790780127727
974d30,57,1790865627727
e7a5f2,54,1790780127727
6fdffc,36,1790865627727
7fc19c,25,1790780127727
0230c2,50,1790865627727
62c01a,47,1790865627727
ccfb24,55,1790865627727
f711df,56,1790780127727
f0552b,38,1790780127727
9148e5,23,1790780127727
3ccee5,27,1790780127727
897784,55,1790781027727
a53f19,38,1790865627727
d6ae7f,38,1790865627727
647648,16,1790780127727
ee372d,30,1790865627727
c6226c,24,1790781027727
ccc89c,20,1790781027727
cc8ed5,27,1790865627727
6c8bbe,28,1790780127727
c9b450,47,1790865627727
d8ff34,17,1790780127727
0e0b32,22,1790865627727
5b96eb,52,1790781027727
871340,25,1790781027727
471ed6,32,1790865627727
df2f97,39,1790781027727
177484,17,1790780127727
7e1a29,32,1790865627727
cfd943,34,1790781027727
6d4ae6,56,1790780127727
31ea30,39,1790781027727
b75d24,25,1790865627727
590f69,32,1790865627727
a7f967,50,1790865627727
3ed71f,42,1790781027727
8a02c4,36,1790781027727
85b222,50,1790780127727
5866c6,36,1790865627727
d877b5,16,1790780127727
078c56,16,1790781027727
9b7740,55,1790865627727
6519cb,19,1790781027727
6a711b,33,1790865627727
04efdf,32,1790780127727
66e5e6,37,1790865627727
24ff85,25,1790865627727
66512a,51,1790781027727
b29e1c,39,1790865627727
fd0b5c,24,1790780127727
583131,26,1790865627727
60ccb8,22,1790865627727
607afc,18,1790781027727
e9500c,28,1790780127727
bd2cc1,15,1790865627727
56e569,60,1790781027727
caabfb,22,1790780127727
87f143,19,1790781027727
0fbe8f,60,1790781027727
a15161,56,1790780127727
9a8df1,46,1790865627727
658d5d,34,1790865627727
b6169b,51,1790780127727
b2ccd5,34,1790781027727
7988c3,38,1790780127727
4c8352,34,1790865627727
f4da74,29,1790781027727
b32fb7,52,1790865627727
80b1a8,54,1790781027727
3ce07f,30,1790865627727
75d1b3,31,1790781027727
5bec80,53,1790865627727
3c252e,37,1790780127727
b06e1e,25,1790780127727
d883a2,51,1790865627727
5483bd,24,1790781027727
3f83f8,33,1790780127727
b92587,48,1790865627727
b6d140,26,1790781027727
f0c4b5,24,1790781027727
a587bc,33,1790781027727
b4f1a9,56,1790780127727
91a929,18,1790781027727
402005,53,1790865627727
32282a,36,1790780127727
237b34,41,1790780127727
940e26,43,1790781027727
1736a7,51,1790780127727
023a9c,18,1790781027727
f66daf,46,1790865627727
7721df,57,1790865627727
cc251a,17,1790865627727
d2db0c,35,1790865627727
205d22,27,1790865627727
4b218c,55,1790865627727
c07541,45,1790865627727
3b0210,51,1790865627727
704394,53,1790780127727
3b8ea1,49,1790781027727
356df7,22,1790865627727
02f48f,22,1790781027727
120f37,30,1790780127727
96cc4b,35,1790781027727
941b09,56,1790780127727
b1ccb5,58,1790780127727
a5540f,36,1790781027727
ad9ebc,47,1790780127727
ce0b5a,52,1790865627727
fb7d8d,18,1790780127727
11908d,44,1790865627727
d0db12,16,1790865627727
336b96,32,1790865627727
0614e6,31,1790865627727
824373,56,1790865627727
a361fd,30,1790781027727
52ef0a,36,1790865627727
3847ed,33,1790780127727
dcc99a,53,1790780127727
7ec988,42,1790780127727
a86cf2,49,1790780127727
f70600,25,1790781027727
415cde,37,1790781027727
483db8,34,1790781027727
24ff46,24,1790865627727
17a74c,24,1790781027727
2f8881,51,1790780127727
bdc482,26,1790780127727
6e4a92,60,1790781027727
02bc7e,45,1790780127727
6e2d3c,47,1790780127727
ba6567,40,1790780127727
e71fc0,51,1790781027727
d63422,34,1790865627727
ddabef,25,1790781027727
865093,52,1790780127727
080dbb,29,1790865627727
513886,44,1790781027727
074e81,30,1790865627727
368ad5,34,1790781027727
56119a,43,1790865627727
a1f913,29,1790865627727
1fa987,58,1790780127727
c1ccbf,33,1790865627727
36172b,58,1790865627727
910490,51,1790780127727
3d9482,58,1790781027727
52ab72,39,1790781027727
689031,36,1790865627727
75505b,32,1790781027727
0730aa,45,1790780127727
b93364,49,1790780127727
56d977,47,1790865627727
4bcefe,49,1790780127727
906ef5,59,1790865627727
0ee53a,57,1790781027727
45426c,17,1790865627727
3165d2,17,1790781027727
7b36ee,17,1790780127727
33ab0c,21,1790781027727
c1a010,31,1790865627727
2db604,56,1790781027727
5651ee,21,1790780127727
315c98,41,1790780127727
b1d3c3,32,1790865627727
2efed4,25,1790865627727
d3b9ad,46,1790865627727
c32037,15,1790780127727
c5cabb,56,1790780127727
acfcc0,29,1790865627727
828abf,57,1790780127727
6ab795,34,1790780127727
c48295,60,1790780127727
16679f,32,1790780127727
8490fa,46,1790781027727
d3db00,28,1790781027727
f5dc23,47,1790780127727
82185d,28,1790865627727
a77260,31,1790781027727
dba312,15,1790780127727
6edb36,55,1790781027727
330747,37,1790865627727
0e1e74,52,1790780127727
cc2666,31,1790780127727
02b4b1,15,1790781027727
306c5c,27,1790781027727
fe1267,27,1790865627727
d174d1,52,1790780127727
7c1323,30,1790865627727
e694d5,22,1790865627727
6734f1,47,1790865627727
bafb1c,54,1790781027727
3dab9e,41,1790780127727
973cc6,25,1790780127727
088f7a,47,1790865627727
11f8c5,35,1790780127727
465f6e,35,1790865627727
bcdbc7,24,1790780127727
b68592,58,1790781027727
434c24,34,1790865627727
1f3a70,38,1790780127727
02f82f,50,1790781027727
55113c,31,1790865627727
8828d8,17,1790865627727
6015f6,35,1790865627727
b74169,54,1790781027727
d2df02,39,1790780127727
3f8835,27,1790865627727
28c258,29,1790865627727
d6115e,46,1790780127727
23c63e,26,1790781027727
e9314e,28,1790781027727
a9a7d5,41,1790780127727
7126d8,28,1790780127727
5b732e,24,1790865627727
2aa7a5,28,1790865627727
0b5099,41,1790780127727
7bfd4e,38,1790781027727
a6bd43,23,1790780127727
a2b466,40,1790865627727
b875b1,38,1790781027727
6dc311,15,1790781027727
239252,56,1790780127727
001d23,37,1790781027727
671546,41,1790780127727
7e513f,26,1790781027727
ad42d0,25,1790865627727
62b99e,23,1790865627727
a19f83,24,1790780127727
7cb54c,30,1790781027727
49c179,49,1790865627727
9d25d2,22,1790865627727
9d65d8,33,1790865627727
486919,16,1790865627727
444a52,29,1790781027727
214ad4,17,1790780127727
1998da,59,1790865627727
bcdcbc,55,1790781027727
7ec7a1,19,1790865627727
34f564,52,1790865627727
d23d73,56,1790781027727
e6124e,18,1790780127727
7b2296,30,1790865627727
ddc6d4,30,1790781027727
71382f,24,1790780127727
d4c15c,17,1790780127727
abaf96,54,1790780127727
459975,33,1790780127727
6cba5d,56,1790781027727
45f2de,33,1790781027727
4bf2f8,52,1790865627727
79df07,15,1790781027727
99ba8b,32,1790865627727
b0b2bc,37,1790780127727
4fba96,47,1790780127727
110510,41,1790780127727
418395,29,1790780127727
8694aa,24,1790780127727
2de9e0,43,1790865627727
adca3d,42,1790781027727
2fb39d,16,1790780127727
f247db,51,1790865627727
3af0b3,35,1790865627727
c2880d,56,1790865627727
a48fed,48,1790781027727
ebc9b9,45,1790781027727
46c421,31,1790780127727
7493c7,15,1790865627727
d0fa4d,43,1790780127727
a45bed,37,1790781027727
dab243,21,1790781027727
efe51a,54,1790865627727
a1a8d5,51,1790865627727
ab6f5a,56,1790781027727
380742,49,1790865627727
4eaabb,33,1790781027727
5e5fc0,55,1790865627727
7785c8,56,1790781027727
50dc49,23,1790781027727
61d4de,46,1790780127727
8f43a2,19,1790865627727
ca9346,60,1790780127727
c7fb56,17,1790865627727
075415,38,1790780127727
ae15e2,43,1790865627727
382276,23,1790781027727
08de12,54,1790865627727
74f08b,42,1790780127727
3b44d9,57,1790780127727
6d210c,30,1790780127727
1074aa,29,1790780127727
99cce4,23,1790865627727
5c3908,37,1790865627727
eb26e3,15,1790781027727
45cd78,39,1790780127727
8f58f7,23,1790865627727
cc501e,58,1790781027727
bf915a,40,1790780127727
b0a079,48,1790865627727
4821c1,47,1790781027727
c918a5,59,1790865627727
cc92de,58,1790781027727
4bbf79,52,1790780127727
ce6013,36,1790780127727
371e80,48,1790865627727
5eed21,26,1790780127727
76b1dc,42,1790781027727
c16fa8,32,1790865627727
b000b1,24,1790780127727
92bd17,30,1790865627727
4f99d2,25,1790780127727
7e4083,53,1790865627727
300d70,20,1790781027727
2cd233,24,1790781027727
7d1765,52,1790780127727
737476,18,1790865627727
08f70e,23,1790781027727
ce3f10,50,1790865627727
0e3bcc,29,1790865627727
a6be09,21,1790780127727
d4d4bf,43,1790780127727
28b4a6,32,1790780127727
afeb2c,36,1790781027727
c10e3a,56,1790780127727
035772,58,1790780127727
e1a892,48,1790780127727
fae5b5,24,1790781027727
f3e33d,35,1790780127727
3bc9c7,29,1790780127727
f0fcc2,57,1790780127727
926842,59,1790781027727
abaeae,46,1790865627727
e5ba84,21,1790865627727
c9b45c,48,1790780127727
373907,19,1790865627727
88ba6b,32,1790780127727
2d0ef1,57,1790865627727
7e9c96,31,1790780127727
7b89c7,31,1790781027727
382c00,43,1790781027727
7666c7,41,1790780127727
9c6df3,18,1790865627727
52f060,20,1790781027727
1dd558,53,1790780127727
a9b97e,18,1790780127727
42091b,41,1790781027727
5ed8fe,18,1790780127727
f8773a,15,1790781027727
34899b,33,1790781027727
d30a54,58,1790865627727
1ccb37,31,1790780127727
066c33,48,1790865627727
79987d,39,1790865627727
33163c,41,1790781027727
918f04,37,1790865627727
d5be0e,39,1790780127727
95e86e,42,1790865627727
6b624b,44,1790865627727
2fb8b2,52,1790865627727
c74cd5,57,1790780127727
7029e1,23,1790780127727
032054,44,1790865627727
a64e7d,20,1790781027727
45812e,52,1790781027727
54be52,37,1790865627727
88e464,45,1790865627727
457c01,29,1790780127727
69443d,60,1790780127727
675b5e,22,1790780127727
dc7273,43,1790781027727
d77a74,33,1790780127727
1aaff4,30,1790781027727
2cdc44,58,1790865627727
11408a,18,1790781027727
c77e2d,27,1790780127727
875a80,36,1790781027727
3cf59a,19,1790780127727
7f4084,20,1790781027727
3480d1,32,1790865627727
06010d,54,1790780127727
8b4dab,56,1790865627727
637960,40,1790865627727
4d97a1,56,1790865627727
017b89,60,1790865627727
202b8c,18,1790865627727
112e38,16,1790865627727
d1dd34,42,1790865627727
e57525,20,1790865627727
862847,32,1790781027727
e0dafe,43,1790781027727
856cff,46,1790781027727
49b6c1,48,1790865627727
31bd46,40,1790865627727
5fd621,39,1790781027727
a405fa,19,1790865627727
e46cd7,40,1790780127727
9990a5,25,1790780127727
dfdff3,20,1790781027727
bd2959,58,1790780127727
87a703,16,1790781027727
bd22bb,43,1790865627727
8c3b81,17,1790865627727
9ab9ef,28,1790781027727
1fd5e6,38,1790865627727
1812fe,57,1790865627727
f02e1a,24,1790865627727
390efc,25,1790780127727
ce2fb9,50,1790865627727
70509f,51,1790780127727
c30748,37,1790781027727
0352f5,40,1790781027727
348637,18,1790865627727
83ec35,36,1790780127727
c822fb,32,1790865627727
e4f25f,31,1790780127727
2ecfdd,45,1790781027727
9ab1f1,17,1790865627727
c81a18,46,1790865627727
988cc9,53,1790865627727
6d4d01,26,1790781027727
5fcaed,55,1790865627727
5552dd,32,1790865627727
7b51b8,21,1790865627727
086856,33,1790781027727
507baf,32,1790780127727
d8f973,19,1790780127727
66feb9,60,1790781027727
8e2a01,55,1790781027727
c0bdb6,31,1790865627727
312e08,45,1790865627727
02dcab,59,1790780127727
ff0edf,48,1790781027727
714902,15,1790781027727
849b5c,51,1790865627727
3c4717,31,1790781027727
5ba244,40,1790781027727
2914d4,16,1790781027727
bf35da,44,1790865627727
a4e5b6,24,1790781027727
dd1a89,18,1790781027727
dfbf1c,42,1790781027727
15bc46,52,1790781027727
004157,39,1790865627727
00abb9,49,1790781027727
c98c25,48,1790780127727
d5c61f,25,1790781027727
1668f1,38,1790865627727
582c56,49,1790865627727
f97aa5,48,1790865627727
a0cbaa,50,1790780127727
e47231,15,1790781027727
54b540,34,1790865627727
2a10be,35,1790865627727
933453,45,1790781027727
48cae1,42,1790780127727
53a735,18,1790865627727
78e5e0,59,1790781027727
f405cd,32,1790780127727
e679ce,25,1790781027727
ca34d4,54,1790865627727
659cdc,44,1790865627727
4419b9,52,1790865627727
7bac46,45,1790781027727
880241,33,1790780127727
730967,21,1790865627727
c50016,47,1790781027727
ca90c5,38,1790780127727
f18b50,33,1790780127727
948677,23,1790780127727
2bb1a6,60,1790865627727
9895c7,15,1790865627727
062b2a,32,1790781027727
7ef2a1,56,1790781027727
aa9eed,40,1790781027727
d08e66,15,1790780127727
397836,29,1790781027727
1d97f8,16,1790780127727
7320c8,18,1790780127727
d727b3,54,1790780127727
c4b867,44,1790781027727
a67d90,27,1790781027727
23b84f,60,1790865627727
be089f,17,1790865627727
2ba024,27,1790865627727
68573f,43,1790780127727
7afb96,53,1790865627727
3755bd,58,1790780127727
29b543,37,1790780127727
18827d,41,1790865627727
df9c0b,33,1790781027727
1bdb93,57,1790865627727
786cbe,47,1790865627727
4fc5d4,28,1790865627727
6a1c8b,53,1790780127727
d31db6,54,1790865627727
bc2932,25,1790780127727
774c10,52,1790780127727
9e5fc4,17,1790781027727
8775a9,55,1790780127727
5e1618,55,1790865627727
348f76,49,1790780127727
4a30be,41,1790865627727
2c4bf0,21,1790865627727
fe6d55,59,1790865627727
05312a,17,1790780127727
658e36,38,1790781027727
060bea,53,1790780127727
2896c2,48,1790780127727
130d21,33,1790781027727
cd61e9,45,1790865627727
4d7db7,23,1790780127727
8a459a,40,1790865627727
ca037d,60,1790780127727
edc454,20,1790780127727
43e0b0,54,1790865627727
126666,44,1790780127727
253219,40,1790781027727
ac255a,42,1790781027727
b9c686,33,1790781027727
cbf2cd,21,1790780127727
d63a67,28,1790865627727
55e8d4,50,1790781027727
4caf1b,51,1790780127727
7b62cb,50,1790781027727
e659ae,60,1790781027727
6dc34b,49,1790865627727
d248a0,31,1790781027727
07a36f,39,1790781027727
fd8fee,44,1790781027727
b868ff,30,1790865627727
cf3de1,42,1790865627727
04ea04,37,1790781027727
87cef8,31,1790865627727
c68237,42,1790780127727
5a4b16,49,1790780127727
615f81,16,1790865627727
5ff0d3,24,1790781027727
4f7386,45,1790781027727
c5c54e,37,1790865627727
60d5b5,18,1790780127727
f09e3b,24,1790781027727
e90489,59,1790780127727
70ed5a,36,1790780127727
75a436,36,1790780127727
2c61cc,57,1790865627727
3baa3d,27,1790865627727
49fd7f,20,1790865627727
23aeb6,51,1790865627727
dc0eaa,28,1790781027727
c5bcca,52,1790780127727
097cf8,37,1790781027727
a46da5,43,1790865627727
e32767,15,1790781027727
ccd6ae,49,1790781027727
023a51,33,1790780127727
a1b493,17,1790781027727
b8353e,42,1790781027727
b9b055,50,1790781027727
c8bd7d,55,1790780127727
e4d9b8,37,1790780127727
eb50aa,50,1790781027727
7c12e2,41,1790781027727
05b277,60,1790865627727
7ec68d,24,1790781027727
e38b2b,57,1790780127727
717971,43,1790781027727
30dffa,58,1790865627727
1c0d3d,54,1790781027727
e0a12f,52,1790865627727
a2ace7,47,1790780127727
b61e97,16,1790780127727
14a4e7,17,1790781027727
818e33,49,1790780127727
8d0843,35,1790781027727
8c3e7f,27,1790781027727
cef362,33,1790781027727
8e48d6,43,1790780127727
545d81,15,1790780127727
e6eccf,45,1790780127727
03ee49,25,1790865627727
7a2de1,41,1790865627727
86f7c8,22,1790865627727
f905ba,34,1790780127727
d5cb3c,18,1790865627727
93b981,33,1790780127727
859cb9,21,1790781027727
561f2a,50,1790780127727
6716ee,25,1790781027727
2419f8,57,1790780127727
896088,35,1790865627727
f28e68,28,1790865627727
71ffde,25,1790781027727
21a3ee,50,1790780127727
662fd6,45,1790781027727
3453bc,26,1790865627727
a99ae4,52,1790780127727
ede3b3,53,1790865627727
3e346a,42,1790781027727
21ecd8,49,1790781027727
cec864,53,1790780127727
e30edb,15,1790781027727
c82880,36,1790781027727
f1c57f,25,1790780127727
57ece8,38,1790781027727
1ad2b4,23,1790780127727
4f0050,45,1790865627727
63e5d2,39,1790780127727
cc4237,59,1790780127727
deb644,31,1790780127727
f030cf,19,1790781027727
896f8a,47,1790865627727
e77830,45,1790780127727
065bd3,18,1790781027727
85cb15,33,1790865627727
cb0b65,27,1790781027727
074eba,46,1790780127727
e0c26d,32,1790781027727
0849e1,51,1790780127727
53be8f,30,1790865627727
f55f7b,42,1790780127727
fe330e,34,1790780127727
bfbabb,58,1790865627727
dbbf49,58,1790780127727
8c28f7,40,1790865627727
24743d,49,1790781027727
c72640,34,1790865627727
53b681,19,1790781027727
78e17e,24,1790780127727
0b4cec,15,1790781027727
d89d0f,58,1790865627727
19395f,48,1790781027727
e31cbd,20,1790780127727
8ac61a,28,1790865627727
a9ee33,31,1790781027727
c23a21,24,1790865627727
5ff28b,58,1790781027727
5b314c,34,1790780127727
60b03b,24,1790780127727
5197e6,25,1790780127727
d423c1,59,1790781027727
b7fdf0,47,1790781027727
eb09e9,26,1790780127727
deb593,23,1790780127727
0e80d5,21,1790781027727
e19397,45,1790780127727
1dc352,27,1790781027727
2d3351,40,1790780127727
c357b1,32,1790781027727
13595a,52,1790781027727
0fe6aa,29,1790865627727
0361d8,17,1790865627727
af2a19,60,1790780127727
2debc9,29,1790865627727
6d2d81,50,1790780127727
3c827c,46,1790865627727
fc724e,23,1790780127727
5d3adc,40,1790780127727
53572d,37,1790865627727
7e141c,52,1790781027727
64ee17,39,1790780127727
0009ce,43,1790780127727
15c183,23,1790781027727
487d46,27,1790780127727
b9fe53,59,1790780127727
f27c52,20,1790781027727
e1e3a1,54,1790781027727
ee06e0,57,1790780127727
ceda41,50,1790781027727
df6bf1,37,1790781027727
24951a,37,1790780127727
1779f6,20,1790780127727
2fd915,28,1790865627727
dece00,55,1790865627727
c8a1d0,22,1790865627727
3f2d8d,17,1790865627727
42a24a,52,1790780127727
3e175f,45,1790781027727
a5c8df,46,1790865627727
de2bea,27,1790781027727
104ae8,33,1790780127727
0979e1,22,1790865627727
7f13d4,19,1790781027727
37af0c,47,1790865627727
e5b77e,45,1790865627727
629cc0,37,1790781027727
f765e6,18,1790780127727
2e12b9,21,1790781027727
e49759,16,1790780127727
ff07b6,38,1790865627727
66110a,47,1790780127727
44c8a2,21,1790780127727
69bccb,17,1790781027727
8c534f,57,1790865627727
b29127,53,1790865627727
2618e9,21,1790781027727
58af88,43,1790780127727
ecc3ea,43,1790865627727
ee5c79,15,1790780127727
2df647,35,1790865627727
c50a09,60,1790780127727
dd3c2e,51,1790780127727
700fb3,42,1790780127727
8e12ff,51,1790780127727
7dbbe9,57,1790865627727
69fcb2,41,1790781027727
c75a4f,25,1790781027727
6a9ead,40,1790781027727
8c904e,24,1790865627727
fba9cd,18,1790781027727
11fb39,30,1790780127727
a9d7ce,44,1790780127727
8463e7,36,1790865627727
6dbd75,41,1790865627727
35f477,56,1790865627727
d8946a,55,1790780127727
ea7af0,34,1790865627727
a74b65,59,1790780127727
408155,19,1790865627727
dfaa79,57,1790781027727
a8ca18,44,1790865627727
008b29,38,1790780127727
dfe9cd,39,1790781027727
6bf7a5,37,1790781027727
a15334,51,1790781027727
199c5e,48,1790780127727
e22f61,16,1790781027727
6efeae,51,1790780127727
bb4c03,24,1790780127727
236f34,60,1790781027727
0f44e8,34,1790780127727
90cb95,55,1790865627727
443789,25,1790780127727
34f976,22,1790780127727
855e11,60,1790781027727
efe1b2,17,1790781027727
8a3664,21,1790781027727
65eb49,17,1790781027727
d34164,41,1790781027727
1ae369,19,1790865627727
930d92,49,1790781027727
1d58e7,44,1790781027727
bd7e43,22,1790780127727
35c32f,47,1790780127727
187d22,57,1790865627727
86ae9a,36,1790780127727
81dcea,57,1790780127727
531b47,50,1790781027727
d09857,17,1790780127727
2bbc58,42,1790780127727
26ed9d,20,1790781027727
096706,33,1790781027727
42ef2c,15,1790865627727
53f8fd,20,1790865627727
847136,30,1790781027727
d7f249,19,1790865627727
d04db6,59,1790780127727
afa79b,58,1790780127727
86a060,26,1790780127727
aab6d9,37,1790780127727
1aad2d,53,1790780127727
e502e2,19,1790780127727
9a25cc,20,1790780127727
677c58,49,1790780127727
f9ed1e,16,1790780127727
94cd34,23,1790780127727
eec99f,39,1790781027727
33bad3,60,1790865627727
8d6ac9,54,1790781027727
596619,43,1790781027727
3b4f9f,22,1790781027727
865240,31,1790781027727
dc667a,48,1790865627727
b6b393,56,1790781027727
e1f157,15,1790781027727
d6174a,20,1790865627727
c7f49a,32,1790865627727
974feb,32,1790865627727
2b917d,56,1790781027727
d41bcb,47,1790865627727
d302b3,54,1790780127727
57fa89,29,1790865627727
448c99,15,1790780127727
920963,29,1790780127727
582bbd,20,1790780127727
6ae87a,21,1790780127727
dbfa52,50,1790781027727
6b10e3,56,1790781027727
67a1e2,22,1790781027727
7bb50b,56,1790780127727
023744,34,1790780127727
018df6,57,1790780127727
6ddcfb,33,1790865627727
b65583,16,1790781027727
017027,43,1790865627727
2c14b9,41,1790780127727
c84953,55,1790780127727
b0650e,36,1790781027727
86a917,49,1790780127727
8f0b96,44,1790781027727
62b91e,38,1790865627727
2bef8e,47,1790780127727
43ffdc,55,1790780127727
2af340,16,1790780127727
56e102,43,1790781027727
12e8d1,52,1790780127727
330f5c,36,1790865627727
63e8ba,18,1790781027727
ca20cc,19,1790780127727
96165f,56,1790781027727
20ab5d,31,1790781027727
db7f3d,21,1790781027727
333fce,55,1790865627727
4365eb,24,1790865627727
9b4e19,15,1790865627727
9c8c5a,48,1790865627727
cb4ae4,23,1790865627727
314c8e,49,1790780127727
14239f,58,1790780127727
b05ff4,37,1790781027727
c00e93,21,1790780127727
1ba3fc,30,1790781027727
547be3,57,1790781027727
818d81,41,1790865627727
27d7c6,19,1790865627727
427c9c,26,1790781027727
e2f4a6,43,1790780127727
d16541,21,1790781027727
90fdc7,56,1790781027727
143112,43,1790781027727
2669e1,41,1790865627727
791816,20,1790865627727
f7643e,37,1790865627727
a798b9,50,1790780127727
695e07,60,1790865627727
684435,40,1790865627727
3c57d8,25,1790865627727
71394a,37,1790865627727
0f01a7,51,1790865627727
a0f566,31,1790781027727
1e78ef,38,1790865627727
7564d8,39,1790780127727
2e4455,34,1790865627727
40e46a,28,1790865627727
ea616b,32,1790865627727
aab881,17,1790780127727
5ac274,46,1790781027727
7c50b3,36,1790780127727
c2c65a,43,1790865627727
a19e7d,28,1790780127727
81d2e8,30,1790865627727
3a3402,39,1790865627727
19083d,22,1790781027727
6d1b60,18,1790781027727
fe69b8,38,1790780127727
5aed98,27,1790780127727
9f810b,21,1790865627727
a909ae,36,1790865627727
e3dfd0,53,1790780127727
42f3d3,33,1790780127727
af93c0,50,1790780127727
027efb,44,1790781027727
251f2d,52,1790781027727
e55d87,20,1790780127727
bd6e60,38,1790865627727
521983,33,1790780127727
cede9b,51,1790865627727
09d861,38,1790781027727
3733f8,46,1790865627727
9a9b02,48,1790780127727
55e73c,47,1790865627727
60d7a8,21,1790781027727
530230,24,1790780127727
3487d3,20,1790865627727
d6ac19,54,1790781027727
dc735f,24,1790781027727
19ae8a,28,1790781027727
c74ec6,55,1790780127727
394821,43,1790781027727
87cb64,56,1790781027727
4b4056,27,1790780127727
f16372,52,1790865627727
ff3fe2,57,1790781027727
13e8ef,34,1790865627727
b6fc0f,53,1790865627727
e2195b,44,1790781027727
9a3962,22,1790865627727
4d21cb,53,1790781027727
66fe29,27,1790865627727
4d979d,25,1790865627727
d73eb3,59,1790781027727
2003ee,25,1790781027727
3b39ea,48,1790780127727
ac526c,25,1790781027727
c1b9fc,50,1790781027727
dddf85,56,1790865627727
5db1bd,57,1790780127727
bf8d34,19,1790781027727
8c4cdc,22,1790865627727
90077d,30,1790865627727
67fbfd,21,1790781027727
c10b8f,42,1790781027727
1d5a22,16,1790865627727
fd3e7b,50,1790780127727
6761ae,58,1790865627727
c02dee,16,1790865627727
936eb7,32,1790781027727
1b4d0c,36,1790781027727
4bdac7,22,1790780127727
78d2a4,43,1790865627727
98118e,16,1790780127727
43ec04,60,1790865627727
044f44,25,1790780127727
87b533,23,1790780127727
2baf83,56,1790780127727
b6406b,19,1790865627727
3b44c0,34,1790865627727
175613,18,1790865627727
84f871,48,1790781027727
f0b89c,19,1790780127727
804c91,41,1790780127727
8d182b,46,1790780127727
ec73fc,60,1790781027727
0b0178,20,1790865627727
3fdb64,32,1790780127727
f38163,39,1790781027727
c26b42,43,1790865627727
dc954a,45,1790781027727
d8d7a1,45,1790780127727
b62c38,51,1790780127727
3942d8,49,1790781027727
baa8c6,30,1790781027727
985b4b,21,1790780127727
7e6c3a,27,1790780127727
7933c1,51,1790780127727
be3c79,45,1790865627727
5a2fc9,38,1790781027727
74cf06,40,1790780127727
54ca3d,24,1790865627727
4e945d,34,1790781027727
15a3f9,24,1790780127727
58cd33,34,1790781027727
3e9bb6,16,1790865627727
22e566,59,1790781027727
408835,40,1790780127727
426ceb,53,1790781027727
516d17,19,1790780127727
b9f019,22,1790780127727
dd3792,58,1790865627727
e9fb97,35,1790780127727
2235a9,34,1790781027727
6ed260,49,1790865627727
8c1188,27,1790780127727
89385b,45,1790865627727
896657,21,1790780127727
7123aa,60,1790865627727
547a72,31,1790865627727
2fd6df,56,1790780127727
3c5928,38,1790780127727
4bb25b,41,1790865627727
83666f,60,1790865627727
cd451a,34,1790781027727
f0463c,59,1790780127727
d6a619,43,1790865627727
015fb0,36,1790780127727
c03600,52,1790781027727
eadee3,36,1790865627727
be7b03,33,1790865627727
4f11ec,39,1790865627727
e72a7b,24,1790781027727
ccbaf7,29,1790781027727
b2fbc1,30,1790865627727
ed830a,51,1790781027727
93b6fe,27,1790781027727
ff0125,49,1790865627727
4db84e,45,1790865627727
3d5440,43,1790865627727
b5590f,49,1790780127727
1fc2db,42,1790865627727
6cb21d,31,1790781027727
e6f114,52,1790781027727
3c0983,19,1790780127727
53f2d5,28,1790781027727
7dacc1,29,1790865627727
4d201c,56,1790780127727
a68935,54,1790781027727
0fde89,59,1790780127727
a6839a,27,1790865627727
21267f,21,1790865627727
be87ab,59,1790865627727
f2cbc4,19,1790780127727
a10d1d,38,1790780127727
477ab4,28,1790780127727
418608,31,1790781027727
69a42b,32,1790780127727
4c4d03,16,1790865627727
add24d,29,1790781027727
6edbaf,42,1790781027727
53db84,34,1790780127727
35f76a,60,1790781027727
b8513c,56,1790865627727
6bac0b,33,1790780127727
7e6257,52,1790865627727
377b07,39,1790780127727
c5e9c1,29,1790780127727
d115dc,43,1790781027727
1f1083,31,1790781027727
1e00fa,56,1790780127727
1af9a8,40,1790780127727
607d21,21,1790781027727
755505,56,1790865627727
a09d9f,34,1790780127727
f78ed7,22,1790780127727
616a39,48,1790780127727
078e69,26,1790865627727
46a624,41,1790780127727
934b9c,32,1790865627727
adfb85,52,1790865627727
9e60bb,19,1790781027727
f53d05,54,1790780127727
e7e154,23,1790865627727
3ee378,21,1790781027727
5e1e27,52,1790865627727
7367dc,52,1790781027727
058b30,30,1790781027727
f27926,37,1790781027727
d6731c,46,1790781027727
a9a552,27,1790780127727
7d32b4,55,1790865627727
fb38bd,24,1790781027727
630aa9,56,1790865627727
893fc0,18,1790781027727
3c21e5,46,1790781027727
3deb09,56,1790781027727
f8b31b,55,1790781027727
4f1524,35,1790780127727
5b1f7c,48,1790780127727
413ef2,37,1790781027727
8b018c,23,1790781027727
3738eb,22,1790865627727
8cc82c,59,1790781027727
80e53a,29,1790865627727
4e4c88,46,1790865627727
f58ae4,20,1790865627727
25eb71,59,1790780127727
6f22c8,41,1790865627727
9c0ca0,27,1790780127727
f04c14,22,1790781027727
137b90,50,1790780127727
aba578,42,1790780127727
52577e,32,1790780127727
06840e,59,1790781027727
f96e2e,55,1790780127727
b3e48b,38,1790865627727
b599c8,43,1790781027727
5b63b3,19,1790781027727
159d9b,47,1790780127727
1aa956,38,1790865627727
5d794a,55,1790865627727
2b31a7,35,1790780127727
3e3cdc,50,1790865627727
c67552,37,1790865627727
9ae960,41,1790865627727
6cc25b,52,1790780127727
ceddb6,60,1790865627727
a1da9d,51,1790780127727
c7ca14,53,1790780127727
161b07,34,1790781027727
1b6164,45,1790781027727
39aaf6,57,1790781027727
954f09,50,1790780127727
2b76b8,37,1790865627727
bf941b,38,1790865627727
4fb0ff,15,1790781027727
843428,59,1790865627727
c555d2,31,1790781027727
cce6b0,29,1790781027727
d09fcf,56,1790780127727
1bfe49,27,1790780127727
7821c5,51,1790781027727
142775,19,1790781027727
f16fa1,17,1790865627727
3e1b2c,52,1790781027727
4838c1,37,1790865627727
35c087,43,1790780127727
5ca17c,41,1790780127727
a73521,43,1790865627727
1bc198,24,1790780127727
2fa5cf,51,1790781027727
c05b81,36,1790865627727
065658,36,1790780127727
bdf4cc,55,1790781027727
a58578,27,1790781027727
01e6a1,54,1790781027727
efb90f,45,1790781027727
726c87,21,1790780127727
af6dbd,26,1790781027727
9d129b,49,1790780127727
22244b,25,1790865627727
7b3ad6,57,1790865627727
8e730a,36,1790781027727
4ef00f,25,1790865627727
36fa4d,19,1790865627727
67edd8,60,1790780127727
73ceaf,41,1790865627727
da0ffb,40,1790865627727
78228c,34,1790780127727
9faffa,32,1790781027727
0766f1,40,1790780127727
c09864,58,1790780127727
e93fca,30,1790780127727
8e25f8,15,1790781027727
77ccf6,48,1790781027727
de5160,40,1790780127727
a66ac3,19,1790865627727
935bcb,29,1790780127727
4cc56e,39,1790865627727
cb57d0,33,1790780127727
d6dbf5,23,1790865627727
282a1f,34,1790865627727
7415bf,22,1790781027727
5a9b5b,42,1790781027727
de0093,52,1790781027727
26e3ac,38,1790781027727
668a7a,23,1790780127727
20da6d,44,1790780127727
511467,33,1790865627727
2bf751,48,1790865627727
58b21f,57,1790780127727
cc13da,18,1790865627727
7b7ca9,21,1790781027727
952baf,17,1790865627727
311148,37,1790780127727
8eb90f,39,1790781027727
8490e3,18,1790781027727
91d23b,47,1790781027727
4e0fec,19,1790781027727
b42f17,15,1790781027727
19f625,44,1790781027727
83fb12,45,1790780127727
a4329b,25,1790865627727
48baba,43,1790780127727
b540b5,49,1790780127727
76e4d2,48,1790865627727
341f44,49,1790781027727
375c40,44,1790781027727
1dfbaa,42,1790781027727
74b745,26,1790780127727
8cf40a,56,1790780127727
566be6,47,1790865627727
a5bec3,21,1790781027727
27cb83,25,1790780127727
3d3dbd,39,1790865627727
d87b75,21,1790781027727
1289e6,59,1790780127727
268185,56,1790781027727
8ddd61,55,1790865627727
358564,19,1790781027727
b8db61,21,1790780127727
541119,55,1790781027727
a459f2,40,1790781027727
729c1b,17,1790780127727
ea5afb,26,1790865627727
c5cd18,28,1790780127727
88420b,24,1790865627727
ab566e,47,1790781027727
4b3e7d,30,1790781027727
a0d321,30,1790780127727
9ea239,56,1790865627727
72e761,42,1790780127727
6da209,26,1790780127727
c13501,45,1790780127727
adddcd,25,1790865627727
1841ed,51,1790780127727
042e36,53,1790780127727
98babf,54,1790865627727
3b33a5,59,1790865627727
795636,42,1790865627727
e09c34,57,1790781027727
829722,60,1790781027727
7d831b,15,1790780127727
b54514,49,1790780127727
8bce81,23,1790781027727
974411,41,1790865627727
abdf1e,33,1790781027727
778f4b,55,1790865627727
f8e8a3,31,1790781027727
c01465,34,1790780127727
5471db,19,1790780127727
1bb210,49,1790781027727
4ed93a,25,1790780127727
cbfc77,29,1790781027727
73701c,24,1790780127727
8da27b,20,1790780127727
8f01ff,53,1790780127727
ad4f86,59,1790780127727
2d4f40,34,1790780127727
50496f,41,1790781027727
b22565,49,1790865627727
005e0e,30,1790781027727
9de207,19,1790781027727
2f3e99,45,1790780127727
0a9bcf,48,1790781027727
4cf2d9,31,1790865627727
288690,33,1790781027727
dc5286,15,1790781027727
dce114,48,1790865627727
670dfd,20,1790780127727
afe58a,29,1790781027727
5bebcb,24,1790865627727
709328,17,1790865627727
82c775,57,1790781027727
2bb5ab,46,1790780127727
e18f7a,20,1790780127727
9efa38,55,1790780127727
99439d,54,1790865627727
0f79fa,57,1790865627727
c72870,29,1790781027727
4dce09,42,1790780127727
fa82f2,60,1790781027727
5df9d4,43,1790780127727
aba665,45,1790865627727
b9f219,55,1790865627727
5a67b8,53,1790781027727
8cfca7,36,1790780127727
2c634f,44,1790781027727
5dcd1b,32,1790865627727
338b10,23,1790865627727
1ee7d7,36,1790865627727
51b7dd,18,1790865627727
6fed7a,60,1790865627727
7016d5,44,1790865627727
9a8d16,53,1790781027727
415e22,53,1790780127727
a6cf9c,45,1790865627727
c18323,25,1790781027727
023887,52,1790781027727
3b444e,41,1790865627727
a697f5,25,1790781027727
ff80fd,21,1790780127727
7f3606,38,1790865627727
3b7eb5,19,1790780127727
458b13,31,1790865627727
d608f1,35,1790865627727
5f7cd8,25,1790780127727
32534d,39,1790780127727
ae8ab6,22,1790780127727
42f92d,45,1790781027727
ee0be8,46,1790865627727
2b63bc,23,1790865627727
b6b461,37,1790780127727
de0fe9,15,1790865627727
bd9694,20,1790781027727
781231,54,1790780127727
38caed,48,1790780127727
08eded,28,1790865627727
8068cd,30,1790865627727
e4c32e,54,1790865627727
5de897,56,1790780127727
6f2d0e,56,1790781027727
fdac10,42,1790780127727
b9ac68,18,1790865627727
6a4363,55,1790781027727
52fa12,44,1790781027727
d6491e,15,1790780127727
270d3d,50,1790781027727
fa79b8,54,1790780127727
aba61c,29,1790865627727
dcd69e,54,1790865627727
802bef,37,1790780127727
2f2325,50,1790780127727
de9f51,33,1790780127727
c31823,52,1790865627727
6f7aad,36,1790781027727
c64c28,30,1790865627727
260ee5,35,1790865627727
a8c16c,38,1790865627727
ec3009,51,1790781027727
43c74e,48,1790865627727
717575,16,1790781027727
618992,36,1790780127727
81c7e8,28,1790780127727
81f19d,37,1790780127727
ba65cc,49,1790781027727
1f3427,54,1790780127727
c256a0,30,1790865627727
538e68,24,1790865627727
869518,22,1790781027727
df09f2,49,1790780127727
205323,49,1790780127727
ed7f09,57,1790780127727
c62b52,19,1790781027727
3b8c56,43,1790781027727
20af77,51,1790780127727
2785c9,15,1790781027727
3c500b,40,1790781027727
3c30de,58,1790865627727
3734fb,52,1790781027727
02e52c,42,1790780127727
e5b530,60,1790780127727
4dcb10,46,1790865627727
3bcd6a,36,1790865627727
b3b124,52,1790780127727
18c497,55,1790865627727
732a18,60,1790781027727
b1da98,22,1790780127727
1ac9e9,38,1790780127727
f3c1a3,24,1790780127727
b157ed,51,1790865627727
9f3ed6,58,1790780127727
74cab8,26,1790865627727
b9cfc9,38,1790865627727
cecf77,48,1790781027727
4900c8,58,1790780127727
bfeae6,51,1790781027727
d3eb6d,42,1790781027727
8669b7,52,1790780127727
75481b,15,1790865627727
05a5f4,40,1790865627727
6f8f23,16,1790865627727
55e8e0,34,1790865627727
dd1bf4,50,1790781027727
a199fc,20,1790865627727
9912f4,42,1790781027727
e8a738,30,1790781027727
751939,55,1790865627727
75bcad,56,1790865627727
249ad3,56,1790781027727
6cb804,20,1790781027727
a31368,20,1790865627727
611441,25,1790781027727
47587b,33,1790780127727
e60fe4,25,1790865627727
a99a9d,34,1790781027727
a97789,51,1790780127727
c4fd4a,19,1790781027727
601600,26,1790865627727
df3840,16,1790781027727
3decdc,20,1790781027727
92289f,39,1790780127727
26a2e1,20,1790865627727
5c093f,60,1790865627727
37665e,24,1790865627727
e3a672,20,1790865627727
738faf,57,1790865627727
d95979,24,1790865627727
36cef0,56,1790780127727
d4d5a6,35,1790865627727
013e75,49,1790865627727
b960fb,16,1790865627727
000d2a,60,1790865627727
005b6e,28,1790780127727
f5f456,42,1790780127727
7e05ed,48,1790781027727
71ae6e,40,1790781027727
5209c6,51,1790781027727
5aabbf,44,1790781027727
274f07,59,1790865627727
cefddb,50,1790865627727
787390,22,1790781027727
799870,17,1790781027727
0cb98d,59,1790780127727
c30756,45,1790780127727
1f892a,52,1790780127727
4f965e,40,1790781027727
43c765,36,1790865627727
30acc6,51,1790865627727
bb19db,49,1790780127727
a0cd8a,21,1790865627727
e977ab,41,1790781027727
4abfcc,32,1790781027727
e1be92,43,1790865627727
4e010a,40,1790865627727
1719a3,16,1790781027727
bca394,16,1790781027727
594501,18,1790781027727
34818e,27,1790780127727
1fff15,40,1790780127727
549c26,33,1790780127727
462dd2,52,1790865627727
3101e2,18,1790780127727
797a31,41,1790780127727
2a0db6,26,1790781027727
d81d86,43,1790780127727
f57cf4,24,1790780127727
8d9ff3,42,1790865627727
35cf35,49,1790780127727
2d92a4,18,1790865627727
fef4e3,44,1790780127727
9abac5,44,1790780127727
0a2e07,24,1790865627727
b74d6b,26,1790865627727
bcf7b5,33,1790780127727
c9e1b2,30,1790781027727
ad2eef,58,1790780127727
135f60,58,1790865627727
9dfbbe,34,1790780127727
265408,48,1790780127727
38ca9d,19,1790780127727
adba79,45,1790865627727
3c1e48,48,1790781027727
4db198,18,1790781027727
b85dd6,24,1790780127727
6300e8,40,1790780127727
57c95d,19,1790781027727
54d90a,45,1790865627727
b4c79f,36,1790780127727
9f939b,45,1790781027727
65392d,50,1790781027727
132e81,38,1790865627727
aac7a0,45,1790865627727
f05941,21,1790781027727
d521e2,26,1790865627727
c6c7bb,40,1790781027727
482145,60,1790780127727
512b23,32,1790781027727
0336f3,56,1790781027727
5e2645,20,1790780127727
a26a64,21,1790781027727
5bc10f,36,1790780127727
c1e624,24,1790781027727
16cbb9,56,1790865627727
049ec2,57,1790781027727
377442,48,1790780127727
9260b1,48,1790780127727
b78a07,35,1790865627727
17303f,55,1790865627727
0fc225,34,1790865627727
60db4e,31,1790781027727
1cba93,41,1790865627727
f94e99,15,1790780127727
28fd6f,23,1790865627727
136f74,44,1790781027727
43b157,20,1790780127727
a15f48,53,1790781027727
4015ba,17,1790781027727
280675,20,1790781027727
da70a1,26,1790781027727
178882,42,1790781027727
efea5a,47,1790781027727
2d1469,15,1790781027727
a7aa78,34,1790780127727
67b75d,40,1790781027727
5ae5bd,46,1790780127727
cd67c9,47,1790781027727
6c92c0,25,1790781027727
f7809c,57,1790781027727
f143c8,59,1790865627727
9b628c,58,1790865627727
fb8136,17,1790865627727
844800,56,1790865627727
e14dd1,27,1790780127727
08bf5a,50,1790865627727
bfe2d9,58,1790865627727
20ed96,39,1790780127727
f0b51f,35,1790865627727
ea3f16,26,1790865627727
4d1191,29,1790780127727
971e8b,30,1790865627727
7386a8,56,1790865627727
831d62,26,1790780127727
8d4778,23,1790781027727
4a09c0,35,1790865627727
8497b7,33,1790780127727
a6f111,32,1790865627727
e0bd7a,48,1790781027727
33c823,48,1790781027727
073c1c,21,1790781027727
5d767c,57,1790780127727
1c5c8a,53,1790781027727
a94157,40,1790865627727
90987a,53,1790781027727
ebcea7,46,1790781027727
81a55c,25,1790865627727
134604,51,1790781027727
a421f2,16,1790780127727
ba0af5,54,1790781027727
3c0eea,55,1790781027727
020d71,38,1790781027727
67edfb,47,1790865627727
7a7874,26,1790780127727
1f558e,25,1790780127727
ba0b5f,49,1790780127727
a2a5f2,37,1790780127727
efd437,35,1790781027727
61cb36,46,1790781027727
0a1770,30,1790781027727
ae8b59,39,1790781027727
8f1ba6,18,1790865627727
0e83e2,51,1790780127727
936d7b,34,1790780127727
d39e04,43,1790865627727
e9b3fa,19,1790781027727
542d38,35,1790781027727
b5733e,48,1790781027727
47f1d5,42,1790780127727
1995f2,15,1790781027727
e18de6,30,1790781027727
90554b,19,1790865627727
5cde92,21,1790865627727
b4a860,15,1790780127727
e09338,18,1790781027727
6fa25a,27,1790781027727
69af04,29,1790781027727
1ed7a2,22,1790865627727
e85b14,36,1790865627727
e70b62,37,1790780127727
ff94e0,30,1790865627727
b915aa,39,1790781027727
e76430,54,1790781027727
dd32ff,23,1790865627727
936c59,50,1790781027727
c9a0a1,54,1790780127727
fc3104,38,1790781027727
e48de9,47,1790780127727
8d0f28,18,1790780127727
ef0d74,33,1790781027727
7ccd9e,15,1790780127727
6d3a2d,49,1790781027727
eb044c,55,1790781027727
dc7fa5,28,1790781027727
29f11c,49,1790865627727
fbcc2d,18,1790781027727
8f1c7c,56,1790780127727
26293f,52,1790781027727
ee1c3e,47,1790865627727
f26e5f,57,1790781027727
094ff2,23,1790780127727
3cc232,16,1790781027727
1f3abb,38,1790865627727
07143f,32,1790780127727
1b078d,56,1790781027727
83a913,57,1790865627727
36baf2,33,1790780127727
360eac,16,1790781027727
02bf64,31,1790781027727
483b08,30,1790780127727
ebde28,23,1790780127727
946cd1,18,1790865627727
3653c2,36,1790781027727
60a0d1,48,1790781027727
5ff568,53,1790780127727
df3d51,46,1790865627727
f4450c,24,1790865627727
ace0ee,46,1790781027727
2f27b7,18,1790780127727
bbc44b,43,1790781027727
62339d,26,1790865627727
03e854,40,1790865627727
1c71e0,39,1790780127727
6bc52e,48,1790781027727
2b50fc,42,1790865627727
a2d0ed,41,1790781027727
174e93,29,1790865627727
8ccdff,58,1790780127727
ac8186,37,1790781027727
3824b3,37,1790780127727
c2e086,18,1790780127727
c853fc,36,1790781027727
9b71df,26,1790865627727
54da3b,54,1790780127727
13c790,51,1790781027727
0e7b97,36,1790781027727
7ffe2f,49,1790780127727
a065b5,60,1790865627727
171241,54,1790781027727
6807fa,53,1790865627727
6f7bc9,25,1790865627727
4578c3,56,1790780127727
11f19e,25,1790865627727
b2d2df,21,1790781027727
19487d,18,1790865627727
da0057,53,1790780127727
ff9d98,18,1790865627727
13a73e,28,1790781027727
c8fcc0,31,1790865627727
4f7a60,54,1790865627727
f945d1,18,1790780127727
e5f480,33,1790780127727
5e6fe3,30,1790780127727
221959,58,1790780127727
819bdc,30,1790781027727
f55bcb,43,1790781027727
ddadd0,27,1790865627727
660454,37,1790780127727
9059c2,31,1790781027727
252989,19,1790781027727
84d566,21,1790780127727
d7f6de,39,1790780127727
ba897e,26,1790780127727
4c608e,24,1790781027727
cc091a,44,1790780127727
601dba,27,1790865627727
75e2dd,40,1790780127727
e2f95d,16,1790865627727
0bebae,40,1790781027727
2387dc,55,1790781027727
86f6e7,22,1790780127727
04a13c,23,1790865627727
d2a53e,48,1790781027727
011948,52,1790780127727
fcba88,46,1790781027727
8f9348,20,1790865627727
e087b6,42,1790865627727
737c1f,58,1790781027727
e4f65d,30,1790865627727
fcc4f6,42,1790865627727
412103,48,1790865627727
d37710,25,1790781027727
43ab51,24,1790781027727
aed307,17,1790780127727
ae5962,41,1790865627727
d683c0,39,1790780127727
1b1c60,53,1790781027727
52ee49,51,1790865627727
bb5fb4,28,1790865627727
5b94a9,52,1790781027727
919a1f,38,1790781027727
0e3916,40,1790780127727
565011,32,1790865627727
397d9e,38,1790781027727
2fd779,54,1790781027727
0317a3,25,1790780127727
8c9794,58,1790780127727
cc00df,30,1790865627727
f1929e,24,1790781027727
b74454,20,1790780127727
c56ab7,17,1790781027727
788b01,22,1790780127727
205d26,49,1790780127727
b897a2,44,1790780127727
2ddb5a,17,1790865627727
4af2c8,43,1790781027727
1c7d76,22,1790780127727
2312b1,20,1790780127727
2fdbc6,55,1790780127727
a7bb69,23,1790781027727
266e60,59,1790781027727
68e18c,56,1790781027727
17b38a,56,1790780127727
1225d2,51,1790781027727
802e3e,44,1790865627727
3f31db,57,1790781027727
0b484d,24,1790780127727
8ab75f,24,1790781027727
bbc3a6,54,1790865627727
b2c68d,31,1790781027727
c04b56,15,1790865627727
96b8b4,31,1790780127727
2d1bbe,54,1790780127727
e790e3,33,1790780127727
02e476,23,1790781027727
cf0fad,60,1790781027727
1236a5,31,1790780127727
4fbd81,44,1790780127727
e7502c,49,1790865627727
9ba88e,35,1790781027727
c16df4,42,1790780127727
14dd8e,60,1790781027727
dea47e,23,1790780127727
185375,31,1790865627727
96c3a2,36,1790865627727
cd50f7,56,1790780127727
799d10,36,1790780127727
7a843b,15,1790780127727
c1b130,27,1790781027727
72d808,44,1790780127727
5c212b,51,1790780127727
e12648,15,1790781027727
bae129,54,1790865627727
baa750,53,1790781027727
ed0fe1,42,1790780127727
e1ea15,54,1790865627727
0546ce,23,1790865627727
c08c4f,59,1790865627727
2718fa,49,1790780127727
c414ed,44,1790780127727
b7925d,48,1790781027727
493b6e,15,1790781027727
74a8b2,28,1790781027727
0160d6,53,1790781027727
59af80,33,1790865627727
5dd796,53,1790781027727
c91049,30,1790780127727
d4179d,51,1790865627727
13524a,17,1790781027727
177173,15,1790781027727
55f9e1,18,1790780127727
65c1ce,58,1790780127727
2f3cfb,44,1790865627727
d21fb2,47,1790865627727
a55886,39,1790865627727
8df36b,44,1790865627727
47d8af,27,1790781027727
7c4915,37,1790781027727
93b6cf,48,1790780127727
adb58e,26,1790865627727
d64c05,38,1790780127727
47830d,30,1790780127727
de2073,26,1790865627727
856d28,34,1790865627727
b9334b,28,1790865627727
ee92a8,46,1790781027727
8102fe,33,1790865627727
eae849,23,1790781027727
1f662d,31,1790780127727
242d7c,28,1790781027727
a1c8bd,29,1790865627727
b12b6d,19,1790781027727
512d2d,30,1790865627727
cb4ded,38,1790780127727
b7b2cc,31,1790781027727
50d12d,41,1790781027727
d215f4,43,1790781027727
1f54c7,45,1790865627727
94fdff,16,1790780127727
503927,58,1790781027727
ed2725,41,1790780127727
8a533e,32,1790781027727
bf54dc,33,1790865627727
2e9a9b,29,1790865627727
a45f2f,23,1790865627727
581adb,29,1790865627727
955188,40,1790780127727
ea526e,21,1790865627727
32a93f,39,1790865627727
c7b8a5,41,1790780127727
1489ce,48,1790865627727
dab3bf,55,1790865627727
ed1dc1,54,1790780127727
284f09,60,1790781027727
7e7fc8,56,1790865627727
71fa2b,30,1790865627727
98a4bb,56,1790780127727
d02be6,50,1790865627727
ad90a9,51,1790865627727
310eb4,25,1790865627727
e36379,17,1790780127727
1353c6,51,1790780127727
a7450d,45,1790865627727
37286a,33,1790865627727
15d23f,46,1790780127727
eb2a42,38,1790781027727
135e42,45,1790781027727
c6c5da,32,1790865627727
08135d,44,1790781027727
d82414,26,1790780127727
c97bb6,56,1790865627727
8fd2c6,42,1790780127727
07bb2b,50,1790781027727
d29fb1,53,1790865627727
68998e,31,1790780127727
29ba9b,38,1790780127727
5b3dfa,25,1790780127727
25862e,42,1790780127727
4beaf3,45,1790781027727
7a1080,27,1790865627727
949b1e,59,1790780127727
aaa046,21,1790780127727
830fff,51,1790781027727
070c7f,31,1790865627727
30bb48,18,1790781027727
7e38d8,25,1790781027727
278d59,41,1790781027727
c3f4a4,37,1790781027727
cdc2fc,54,1790865627727
7d6298,50,1790865627727
4832ce,42,1790781027727
482f48,36,1790780127727
19e24d,53,1790865627727
75f27e,17,1790780127727
91a9e7,53,1790780127727
f14ba2,41,1790865627727
169aa1,31,1790865627727
4215fb,30,1790781027727
41d199,28,1790781027727
9eb9f8,55,1790865627727
59d3f0,49,1790781027727
53fe6d,33,1790780127727
353167,30,1790781027727
0d7989,39,1790780127727
28318c,24,1790865627727
a54a5d,37,1790865627727
73f7f1,20,1790780127727
2b00f3,18,1790780127727
daabe1,22,1790865627727
d32304,27,1790781027727
7837ec,44,1790780127727
192097,56,1790865627727
d376cd,52,1790781027727
df221e,22,1790865627727
2d115e,46,1790780127727
97eeb3,45,1790780127727
f67404,19,1790780127727
94140d,18,1790781027727
1ec937,27,1790865627727
8ab13a,57,1790781027727
062abd,43,1790865627727
91bb7f,23,1790781027727
7b8b37,41,1790781027727
88a9dd,19,1790865627727
ab9fdb,35,1790865627727
a42c7a,35,1790780127727
577aa2,44,1790865627727
2dfb69,45,1790780127727
5d771a,53,1790781027727
46d49c,24,1790780127727
7eaa1c,49,1790780127727
44cc8a,19,1790780127727
df55cb,28,1790865627727
b58ebc,58,1790781027727
017386,52,1790781027727
ab6745,38,1790781027727
3ddece,51,1790781027727
4370e3,42,1790780127727
7c23fb,49,1790780127727
b5e073,55,1790865627727
fc99d4,49,1790780127727
f74c1c,30,1790865627727
c77381,23,1790781027727
d41ca6,51,1790865627727
40f6e7,52,1790781027727
378fb2,57,1790865627727
c7ba34,39,1790865627727
20bf6a,58,1790865627727
bf32a1,26,1790865627727
91e4c4,18,1790780127727
17639f,35,1790780127727
aab7ba,45,1790865627727
cdc396,52,1790781027727
680c6b,51,1790781027727
ff0ef2,41,1790781027727
b9a59a,56,1790865627727
322358,19,1790865627727
817c95,55,1790865627727
1bbf9f,59,1790781027727
3346a7,35,1790865627727
02fac6,50,1790780127727
d07a5b,22,1790780127727
e9d393,53,1790780127727
17b7b8,46,1790865627727
bb9fe6,21,1790865627727
8efe7f,60,1790865627727
bafb4a,24,1790780127727
7071d2,37,1790781027727
610cfc,27,1790781027727
a806ac,35,1790865627727
00702b,27,1790865627727
15523e,22,1790780127727
af3020,56,1790780127727
f79604,51,1790780127727
86c76d,29,1790780127727
45e857,41,1790780127727
2ccc6c,35,1790781027727
d81cd7,38,1790781027727
e12132,40,1790865627727
1cee63,42,1790781027727
250231,30,1790781027727
0708b0,16,1790865627727
0d6caf,56,1790780127727
fb53c9,44,1790865627727
8e31e3,44,1790780127727
1c2b3d,41,1790780127727
22f51c,15,1790781027727
3d83b5,58,1790865627727
06efe1,24,1790865627727
14c39c,46,1790865627727
dc58ac,49,1790780127727
1f437e,30,1790865627727
c453d3,19,1790781027727
894b03,48,1790780127727
5d7ea2,17,1790865627727
ec06a9,27,1790781027727
d802b8,21,1790865627727
6a3f06,46,1790865627727
5ada6a,30,1790780127727
7dbe3e,45,1790865627727
1cbdad,34,1790780127727
91b77d,53,1790865627727
9dcd1a,41,1790780127727
6fbff2,38,1790780127727
e267cb,21,1790865627727
0cfe2a,28,1790781027727
244fec,25,1790865627727
059ba4,53,1790781027727
c3788a,16,1790865627727
2435c5,42,1790780127727
981410,29,1790780127727
6e9ab4,32,1790781027727
2d2ef6,57,1790865627727
c032e1,42,1790781027727
4a3dc1,50,1790780127727
ade758,33,1790780127727
844cbc,36,1790781027727
67e828,31,1790865627727
ba9b70,57,1790865627727
ceb6c9,48,1790781027727
1f4213,55,1790781027727
c763d7,40,1790865627727
447ad5,19,1790780127727
f63320,26,1790781027727
9e1810,22,1790781027727
6dda50,21,1790865627727
36a55a,39,1790780127727
ab8c14,33,1790865627727
14751c,30,1790865627727
43058b,59,1790781027727
6887b7,15,1790781027727
ad0449,57,1790865627727
0b5e55,18,1790865627727
dda66b,20,1790781027727
c7c1f3,45,1790865627727
11c406,53,1790781027727
24272a,31,1790780127727
996cc5,43,1790780127727
7f4ef6,53,1790781027727
c3220f,44,1790865627727
02f035,29,1790780127727
659955,46,1790781027727
2eabcd,34,1790780127727
1861ef,55,1790781027727
7dd53e,24,1790781027727
e7333f,28,1790781027727
537a8c,60,1790781027727
f53528,21,1790781027727
1a03ee,57,1790865627727
ca8be1,33,1790781027727
2acb30,31,1790781027727
ff1330,50,1790865627727
c0abd1,26,1790781027727
36c0de,19,1790781027727
194264,55,1790781027727
0c669b,27,1790781027727
b4950c,46,1790865627727
75e081,52,1790865627727
e5cc63,26,1790781027727
cc0915,48,1790865627727
c78b4e,37,1790865627727
68cc21,30,1790780127727
cb30f0,38,1790781027727
fdb548,30,1790781027727
5c2291,26,1790780127727
c736d4,55,1790780127727
e6a47e,54,1790865627727
368189,33,1790780127727
cac59c,18,1790781027727
5a8d39,45,1790781027727
140ce8,38,1790780127727
3b2053,15,1790780127727
1905d3,23,1790780127727
f84d7d,15,1790780127727
2248c2,20,1790865627727
292125,50,1790781027727
26b2a7,19,1790780127727
3f29f6,31,1790865627727
d86678,37,1790781027727
90d92b,25,1790865627727
81669a,16,1790865627727
753744,33,1790781027727
41541b,44,1790780127727
113a66,54,1790781027727
b2e877,43,1790781027727
bdcba3,49,1790781027727
1cc965,24,1790865627727
4d15a1,15,1790780127727
2e397c,19,1790780127727
d7be39,25,1790780127727
ea4f1f,47,1790865627727
cc948d,29,1790865627727
5c6551,31,1790865627727
763b14,59,1790780127727
68916c,19,1790865627727
e2f679,31,1790781027727
ada103,18,1790781027727
5ab341,17,1790780127727
a9dec2,60,1790780127727
60280c,39,1790865627727
5b401f,50,1790780127727
210550,46,1790781027727
ce7b65,33,1790780127727
09c98e,50,1790865627727
a48bb0,54,1790780127727
78432a,55,1790780127727
996019,26,1790780127727
adf677,31,1790780127727
595cf2,31,1790781027727
89f67f,48,1790780127727
f7cdf2,47,1790781027727
f5adec,32,1790865627727
a3bcfe,37,1790865627727
19b12f,45,1790865627727
43a92e,38,1790780127727
5e3182,49,1790781027727
6adb11,36,1790781027727
83e4a1,48,1790781027727
695fd0,52,1790781027727
ffe35b,45,1790781027727
0e577f,44,1790865627727
738218,32,1790780127727
2cc2a8,45,1790780127727
2c5830,38,1790780127727
8cf7b4,49,1790781027727
90f4f9,16,1790781027727
ae9621,16,1790781027727
d11a05,24,1790781027727
b5278d,26,1790781027727
6caffc,25,1790780127727
a1bb34,27,1790780127727
8093ee,30,1790780127727
e85b85,29,1790781027727
f1203d,23,1790780127727
f4a44f,20,1790865627727
ac2728,15,1790865627727
c0ca9a,43,1790865627727
c05b52,33,1790865627727
e1c33e,28,1790865627727
8967b4,40,1790781027727
29c348,45,1790780127727
7dba7c,44,1790780127727
0fca8e,54,1790780127727
ad7287,17,1790780127727
22725d,16,1790781027727
3f5980,30,1790780127727
88daee,35,1790781027727
574579,21,1790781027727
24a9e2,18,1790865627727
f43e62,37,1790780127727
d9958f,45,1790780127727
458b9f,22,1790781027727
075bcc,43,1790780127727
9180e1,30,1790780127727
2b4b38,46,1790781027727
108488,18,1790780127727
4ecd39,28,1790781027727
9f696b,32,1790781027727
0757dd,55,1790780127727
898378,59,1790865627727
64b79c,25,1790781027727
cbe16a,57,1790865627727
7f5b5c,57,1790780127727
84cfd7,45,1790781027727
7f7b6c,41,1790865627727
6e7557,31,1790865627727
70b89b,54,1790781027727
82fce9,36,1790865627727
c23e90,15,1790865627727
5a26b1,20,1790781027727
601b3f,22,1790780127727
800967,53,1790781027727
3c7f3d,48,1790865627727
be5ab1,17,1790780127727
c58d43,53,1790780127727
be422c,50,1790781027727
c123f1,28,1790781027727
c559c2,43,1790865627727
fb886b,39,1790865627727
0b7928,43,1790865627727
38bc58,45,1790865627727
0c54f8,34,1790780127727
d7a6c7,46,1790781027727
0ef263,30,1790865627727
625b17,43,1790865627727
bc7438,49,1790780127727
d479bb,18,1790780127727
c9686c,19,1790865627727
ccc568,24,1790780127727
be8a53,24,1790780127727
c152aa,54,1790780127727
a88a92,40,1790781027727
2af885,46,1790780127727
a420c2,54,1790781027727
7a11e8,36,1790865627727
bdd2e9,39,1790780127727
e7371b,58,1790865627727
8f0957,53,1790780127727
43a184,54,1790865627727
89a89d,56,1790781027727
d55722,39,1790780127727
800a5b,37,1790781027727
35eb31,39,1790780127727
bd62aa,18,1790780127727
2df335,19,1790865627727
fec8d7,32,1790781027727
343bef,37,1790780127727
f0d091,16,1790780127727
68bc5c,30,1790865627727
f3be76,54,1790780127727
f16c77,51,1790865627727
e84bb3,44,1790781027727
2c54da,28,1790865627727
1a576f,52,1790865627727
06d676,28,1790780127727
c781fa,28,1790781027727
f103ca,35,1790781027727
50ab2e,21,1790865627727
7435fb,48,1790780127727
db4faf,15,1790865627727
be132b,15,1790780127727
d586a2,39,1790781027727
55c7fd,31,1790865627727
017751,55,1790781027727
d4dbdf,25,1790780127727
c77c04,48,1790781027727
72786b,57,1790865627727
5f75df,22,1790781027727
22a75e,57,1790780127727
565fb6,35,1790865627727
5b35bb,41,1790781027727
72ad3d,37,1790865627727
6ac5e7,32,1790780127727
de7102,50,1790865627727
5d785c,50,1790781027727
72d064,57,1790781027727
7caf75,17,1790865627727
5a32a4,23,1790865627727
56785f,30,1790781027727
cb992a,41,1790781027727
d1d563,46,1790865627727
bcf88e,53,1790865627727
66fd27,29,1790781027727
d314b6,23,1790780127727
00235c,36,1790781027727
98f5df,20,1790780127727
c49fe1,48,1790865627727
c5e98c,25,1790865627727
00fc3c,45,1790780127727
3db230,39,1790781027727
1d24e9,18,1790865627727
bd8b73,30,1790781027727
8a66ba,59,1790781027727
e00277,29,1790865627727
bfc246,48,1790865627727
f2c96c,21,1790780127727
e3fea8,43,1790780127727
cd3472,33,1790781027727
5bb694,52,1790780127727
771bc0,38,1790780127727
92c75c,39,1790865627727
422239,40,1790865627727
fae552,17,1790781027727
086b82,20,1790780127727
81168a,36,1790781027727
6c7af6,44,1790781027727
b54a37,41,1790780127727
aa2eca,44,1790781027727
9de180,42,1790781027727
12ac23,25,1790781027727
074523,60,1790780127727
8687ad,47,1790865627727
7793cc,15,1790865627727
372133,31,1790780127727
6cb2d3,18,1790865627727
de39e8,24,1790780127727
121b79,58,1790781027727
39433a,51,1790780127727
7b943a,42,1790781027727
363bb3,47,1790865627727
e55224,49,1790781027727
111a4b,43,1790780127727
29ada0,46,1790780127727
0b1674,40,1790780127727
0aa06d,36,1790780127727
19a053,16,1790780127727
dacc0f,20,1790865627727
2904a7,55,1790780127727
fe0d97,31,1790780127727
8738a5,53,1790865627727
596ede,28,1790865627727
ed2860,57,1790780127727
761779,30,1790780127727
10b6a8,39,1790781027727
ce38c6,19,1790781027727
f1efbe,51,1790865627727
b2a1ac,54,1790781027727
309c0f,46,1790781027727
1806d9,20,1790865627727
b29347,34,1790865627727
4acfc1,31,1790781027727
fc360f,31,1790865627727
68b213,42,1790865627727
ebf3fe,55,1790780127727
bfcbfd,56,1790865627727
4c11a9,16,1790781027727
86ce70,48,1790781027727
f42f6e,52,1790780127727
24c37b,23,1790781027727
b7a4fa,40,1790780127727
18c6ad,57,1790781027727
a1ee25,49,1790865627727
560a7b,50,1790781027727
574cb7,44,1790780127727
236b69,22,1790781027727
69112d,46,1790780127727
521b6a,20,1790780127727
224fd1,45,1790780127727
aab187,49,1790781027727
8a0a53,18,1790781027727
4ae852,33,1790780127727
2f3c2f,27,1790865627727
dfe9be,36,1790780127727
549d3e,21,1790781027727
c58e21,29,1790865627727
e4031f,51,1790781027727
6fd448,50,1790781027727
3c442d,21,1790780127727
577035,58,1790781027727
c76f75,42,1790781027727
c9f0f5,50,1790781027727
5c9a88,60,1790865627727
cbca0a,19,1790780127727
da766f,48,1790781027727
af2576,29,1790780127727
b31c0a,43,1790781027727
bd615e,20,1790780127727
4a092e,29,1790780127727
6c7d81,35,1790781027727
64cd58,51,1790781027727
60cfcd,21,1790865627727
b385a3,27,1790865627727
9fa3b5,28,1790781027727
244e0d,46,1790865627727
af55fe,23,1790865627727
d1a2e5,56,1790780127727
1165af,22,1790865627727
00676c,56,1790780127727
2f3022,48,1790865627727
617668,56,1790781027727
34016c,41,1790780127727
992dbc,24,1790781027727
41004c,34,1790780127727
24e7b5,16,1790781027727
0f0958,22,1790865627727
cdb26f,18,1790781027727
13f07f,34,1790865627727
dda3a1,22,1790865627727
9e9f02,26,1790780127727
ad827b,24,1790781027727
536f9d,22,1790781027727
3c4270,50,1790781027727
a3fa46,25,1790865627727
c9a302,28,1790781027727
f97e15,28,1790781027727
0170ee,19,1790780127727
e080b2,15,1790780127727
071e64,60,1790780127727
214015,52,1790781027727
b66fbc,26,1790780127727
b03d28,20,1790865627727
169597,47,1790781027727
01d1c6,43,1790865627727
906485,45,1790865627727
a01d4f,55,1790865627727
3033b9,23,1790780127727
1600dc,30,1790781027727
847ade,47,1790780127727
38c212,47,1790781027727
a7b1bf,36,1790780127727
da7541,32,1790781027727
1eabb8,49,1790865627727
f62506,16,1790780127727
75d0f3,48,1790780127727
81c4b8,24,1790865627727
5fe12b,58,1790865627727
392445,41,1790780127727
7e01c0,48,1790781027727
32fb89,16,1790865627727
1c2646,54,1790780127727
11ddb5,45,1790865627727
f5ac03,37,1790780127727
0cfe69,33,1790780127727
4d768b,17,1790781027727
c23d67,37,1790781027727
9b7b38,60,1790781027727
3f7ca5,20,1790781027727
01f6a2,41,1790780127727
6f9e41,36,1790865627727
ea92d9,55,1790865627727
d3d51a,25,1790865627727
fab648,57,1790780127727
7b3fa5,60,1790781027727
db337a,38,1790781027727
924864,55,1790865627727
866c06,15,1790865627727
9e3e0d,40,1790865627727
bb348c,60,1790780127727
1a3c2e,23,1790865627727
4b7f8c,39,1790865627727
31c1a3,22,1790781027727
ce7d30,38,1790865627727
2f75e8,55,1790780127727
ec8d69,60,1790780127727
ead507,18,1790865627727
d2c091,56,1790865627727
66d52f,59,1790865627727
a35d68,28,1790780127727
09765d,53,1790865627727
0645cd,21,1790865627727
961769,32,1790780127727
0ffe8c,50,1790781027727
c16194,15,1790865627727
8dd3cb,55,1790781027727
41f23f,46,1790865627727
d34c54,52,1790781027727
9fa815,28,1790865627727
61b2c0,60,1790865627727
c249b7,51,1790781027727
e66cde,20,1790865627727
ad5c47,44,1790780127727
669d7c,19,1790780127727
de30d5,52,1790781027727
7e4ffe,56,1790780127727
86cf7c,19,1790865627727
7b52f8,33,1790781027727
afabdc,48,1790865627727
4fc2d3,26,1790780127727
f94337,39,1790865627727
265a3e,23,1790865627727
6cbe43,20,1790865627727
b87baf,43,1790781027727
912127,23,1790781027727
48a0f2,52,1790780127727
8a4348,26,1790865627727
bb3c98,15,1790781027727
7b220b,44,1790865627727
1d01fd,40,1790781027727
5c5719,49,1790780127727
312ed4,33,1790865627727
693fe4,52,1790781027727
11c34b,32,1790780127727
795139,45,1790865627727
f25eb5,28,1790781027727
68c45d,16,1790781027727
e3661e,31,1790781027727
4342c7,50,1790780127727
055cde,36,1790780127727
356dd2,33,1790781027727
847a91,30,1790780127727
c82ee6,45,1790865627727
e3ca86,38,1790781027727
f4c55e,19,1790865627727
39edd6,39,1790780127727
542083,21,1790780127727
91ce38,48,1790780127727
403b48,52,1790865627727
902c44,37,1790780127727
098231,24,1790780127727
538112,33,1790780127727
c7cb65,47,1790781027727
56caef,31,1790780127727
d4efc9,25,1790865627727
c8b485,37,1790780127727
fa9d8f,49,1790865627727
8d6ea4,48,1790780127727
0f8bbb,43,1790865627727
64309f,45,1790781027727
4a489d,50,1790780127727
f9c804,16,1790781027727
3c609e,30,1790780127727
2335f3,16,1790781027727
619794,47,1790781027727
e5b07c,58,1790865627727
cdb81e,58,1790780127727
81fdf1,30,1790780127727
4af748,17,1790780127727
7ca8fa,58,1790781027727
c83d52,40,1790865627727
feaad5,34,1790865627727
e3f423,60,1790780127727
ccbdbd,31,1790865627727
7c6bc8,47,1790865627727
a580b9,54,1790780127727
88e935,20,1790781027727
808899,15,1790781027727
0d2104,22,1790781027727
2a5a88,53,1790781027727
58554e,41,1790780127727
6a19fc,42,1790781027727
5cef24,56,1790865627727
5ef2e7,21,1790780127727
b93b22,36,1790865627727
714dbe,55,1790780127727
6f66bf,18,1790865627727
f6fdd8,42,1790865627727
c8f819,57,1790781027727
955ad1,22,1790780127727
0932e1,28,1790781027727
d1f838,52,1790780127727
f7924d,16,1790865627727
58d19c,58,1790780127727
707f70,50,1790781027727
413c52,51,1790780127727
ccf974,45,1790781027727
b97b17,37,1790780127727
124d61,42,1790780127727
ff8e73,54,1790780127727
3b1e4a,25,1790781027727
890d5c,57,1790865627727
fa74e4,28,1790780127727
a8b01a,40,1790780127727
a0eb0b,25,1790780127727
7d92c8,40,1790780127727
f24fb9,60,1790781027727
9c18f1,50,1790781027727
8081b4,38,1790781027727
464df9,15,1790781027727
efdab5,28,1790780127727
d5dc8c,54,1790865627727
f8a82b,23,1790780127727
2829bc,46,1790865627727
2bf6bd,37,1790781027727
b0e2fe,52,1790780127727
a50f8a,25,1790780127727
a00dbc,57,1790865627727
455c00,44,1790781027727
a0cb5b,16,1790780127727
1a7627,34,1790865627727
1074c5,36,1790781027727
b3da37,29,1790865627727
3735ec,35,1790865627727
e4416c,15,1790781027727
9d4b32,53,1790781027727
aff2c4,40,1790865627727
b12c77,23,1790780127727
7a3677,20,1790780127727
18dae1,27,1790865627727
7a1287,28,1790865627727
fb7d2d,48,1790865627727
d36ba4,29,1790780127727
95e099,35,1790865627727
3c7fd7,47,1790780127727
537ea8,41,1790780127727
fa52b0,16,1790781027727
da2bad,40,1790780127727
32f90c,17,1790865627727
1832ed,40,1790865627727
604ca3,33,1790781027727
3555fa,30,1790781027727
cc96d1,21,1790865627727
7c4ba7,57,1790781027727
9ad1b9,30,1790865627727
63c827,45,1790781027727
597169,45,1790781027727
e49a20,41,1790865627727
080dc8,57,1790780127727
ded8d7,29,1790781027727
d25250,36,1790780127727
3cf2c5,24,1790865627727
2c01ee,35,1790780127727
d57c58,37,1790781027727
2afca7,49,1790781027727
b2b61f,44,1790780127727
b84418,15,1790780127727
7f8991,46,1790865627727
ea9ac0,60,1790865627727
22dc9e,45,1790781027727
e5897f,34,1790781027727
bce4e7,23,1790865627727
ffb31c,37,1790781027727
805977,42,1790781027727
9f0e66,51,1790780127727
ad46a2,27,1790865627727
c40c58,31,1790781027727
66328e,35,1790781027727
e478a5,59,1790781027727
8293c2,59,1790781027727
161ad9,48,1790865627727
adb7b0,35,1790780127727
d83778,43,1790865627727
27d2de,32,1790780127727
cdcbb8,51,1790780127727
90c7e1,41,1790865627727
09386d,44,1790781027727
1e39eb,56,1790781027727
9dff18,53,1790781027727
ee6740,32,1790780127727
830f2c,41,1790781027727
2bd64a,25,1790780127727
055332,44,1790780127727
e4a4ce,24,1790781027727
882140,36,1790781027727
303c3f,49,1790781027727
2c1de1,22,1790780127727
d0df50,51,1790780127727
679f14,28,1790780127727
36a1c3,26,1790865627727
b9f4f4,49,1790781027727
3c89ae,39,1790780127727
ced468,27,1790865627727
2f2b68,32,1790865627727
84ff32,60,1790780127727
8f475e,20,1790781027727
498860,26,1790865627727
6c43f2,19,1790780127727
e7dae4,21,1790781027727
22d239,16,1790865627727
138f62,55,1790781027727
48e746,16,1790781027727
2266bd,34,1790865627727
5ada7a,34,1790781027727
fb4f16,52,1790780127727
01d32e,59,1790780127727
5b2d4f,15,1790781027727
a01325,44,1790781027727
e66b55,18,1790781027727
89852b,49,1790781027727
1c6bb3,35,1790781027727
238d13,57,1790865627727
232461,41,1790865627727
dcd2bf,54,1790865627727
d30d04,22,1790865627727
c83481,40,1790780127727
f924a9,42,1790780127727
b18d27,56,1790780127727
a827e5,60,1790780127727
6c7310,15,1790865627727
f87309,46,1790780127727
7d651c,18,1790780127727
6a2567,24,1790780127727
37ae73,32,1790780127727
ceae0e,56,1790780127727
a0bacf,37,1790781027727
dd4572,43,1790865627727
fb36f5,57,1790781027727
cc6972,59,1790781027727
d5ac83,44,1790865627727
5dffa9,22,1790865627727
b928a6,26,1790865627727
0bb1f0,42,1790865627727
202f6e,57,1790781027727
8b1675,27,1790865627727
90a445,38,1790780127727
2f19d6,56,1790865627727
3d2fa4,32,1790865627727
652117,30,1790865627727
3bd7f1,53,1790781027727
e622ca,29,1790865627727
e7d74a,20,1790780127727
aeb6ef,23,1790780127727
1be171,17,1790865627727
75e8be,52,1790865627727
7d97ae,43,1790780127727
d28efa,51,1790781027727
e9821c,60,1790781027727
d0c760,47,1790781027727
7e6b16,27,1790865627727
63da30,16,1790865627727
232a47,51,1790781027727
22cf9b,36,1790865627727
b8a5bd,22,1790780127727
1194e5,27,1790781027727
3901a0,22,1790865627727
c0f5fc,38,1790781027727
a38822,15,1790781027727
977da9,43,1790781027727
36dcbb,23,1790781027727
9ccf24,37,1790780127727
26cf42,27,1790780127727
32edcc,34,1790865627727
ccd8a1,19,1790781027727
40b845,22,1790780127727
e7f78d,44,1790781027727
19660b,16,1790865627727
768ea8,27,1790780127727
8ebbbe,19,1790781027727
46c305,22,1790781027727
94cb1f,53,1790780127727
1a66c2,42,1790780127727
633aaa,27,1790781027727
2dfd02,20,1790781027727
4dfff7,54,1790781027727
e8ef07,47,1790781027727
d17c1b,59,1790781027727
4f13d4,28,1790781027727
350ebc,19,1790781027727
5e57b3,32,1790781027727
37c703,41,1790865627727
24a91d,36,1790865627727
803467,33,1790781027727
88d57e,49,1790780127727
55d6ac,60,1790781027727
246c95,39,1790865627727
893195,56,1790865627727
9ca6e1,23,1790781027727
4ca8b0,19,1790865627727
dab757,17,1790865627727
d771a7,39,1790781027727
eb3afb,58,1790781027727
511ae3,34,1790780127727
0d5581,53,1790780127727
fd0387,20,1790781027727
b031c6,36,1790780127727
e2b118,48,1790865627727
d65b3b,28,1790865627727
9dc953,18,1790865627727
e82c1c,15,1790780127727
f8a695,57,1790865627727
eb4363,50,1790865627727
91e95f,39,1790780127727
7ed32a,40,1790865627727
3e9813,54,1790780127727
0b8405,30,1790781027727
846053,59,1790781027727
50097f,39,1790780127727
823c8d,37,1790865627727
5d07b0,59,1790780127727
10864d,47,1790781027727
357544,50,1790781027727
c47464,51,1790781027727
f7433a,58,1790865627727
034987,20,1790781027727
489865,49,1790780127727
bad98f,40,1790865627727
49215c,45,1790781027727
5bc49e,30,1790780127727
e5b546,60,1790780127727
80e1fa,60,1790780127727
d65f26,34,1790780127727
98430f,30,1790865627727
dfe85f,46,1790781027727
cff65f,59,1790781027727
29c53d,50,1790781027727
3b5890,47,1790780127727
ef75bd,46,1790781027727
a14ad1,18,1790865627727
0382d6,18,1790781027727
3db060,46,1790781027727
d76b65,57,1790781027727
174f69,23,1790865627727
9eb386,50,1790781027727
3d1664,53,1790865627727
07a6f9,23,1790865627727
025557,36,1790781027727
e0a3d8,47,1790865627727
c50da5,31,1790780127727
0acb27,27,1790781027727
6d61eb,43,1790781027727
1ede22,32,1790781027727
86fec6,26,1790781027727
fa8614,15,1790865627727
3a36c6,30,1790781027727
ee34ab,47,1790780127727
37e391,41,1790780127727
ba186b,31,1790865627727
046362,60,1790780127727
70addf,29,1790780127727
ab7950,15,1790780127727
4c8d09,58,1790780127727
8278c5,24,1790781027727
309d3b,36,1790781027727
8414d9,57,1790781027727
fca2ae,47,1790781027727
e0403a,25,1790780127727
bb5bf0,16,1790865627727
c7e7f2,51,1790780127727
89c6ab,40,1790780127727
268923,45,1790865627727
421ca8,33,1790780127727
9e15b2,15,1790780127727
ab0265,23,1790780127727
87a603,36,1790781027727
89ba40,31,1790865627727
256286,50,1790780127727
79fb58,34,1790865627727
93fc9c,33,1790865627727
35b974,40,1790865627727
5778f0,57,1790865627727
65494b,44,1790780127727
2d2073,49,1790865627727
041442,56,1790781027727
4b5ded,50,1790865627727
747f29,23,1790865627727
87fa17,27,1790780127727
b0196c,40,1790781027727
807542,49,1790781027727
19bfb3,39,1790780127727
180824,29,1790780127727
074100,49,1790780127727
46ce24,17,1790865627727
df781e,15,1790865627727
3ed849,19,1790781027727
ab3d63,57,1790865627727
7838cb,57,1790865627727
f7279b,32,1790781027727
a625df,20,1790780127727
bd550b,44,1790865627727
fdbf40,53,1790781027727
d4b76e,32,1790781027727
59694a,26,1790781027727
c2df67,39,1790865627727
4ec1c6,17,1790865627727
9ce98f,29,1790780127727
402f81,49,1790781027727
666df2,29,1790781027727
65c15c,44,1790865627727
f5bdae,40,1790780127727
f16053,39,1790780127727
64a740,57,1790865627727
1686ff,55,1790780127727
848312,16,1790781027727
710583,43,1790781027727
c7fb21,18,1790780127727
25ed17,22,1790780127727
9052d5,19,1790865627727
298e90,15,1790780127727
d0434d,60,1790780127727
140f3f,40,1790865627727
452f43,32,1790865627727
6c7884,47,1790865627727
911371,21,1790780127727
9f7b87,38,1790780127727
142f2e,16,1790781027727
84aac3,49,1790780127727
53b3d5,28,1790780127727
c845d4,16,1790865627727
781b25,24,1790865627727
b9bc30,20,1790780127727
9dba12,23,1790865627727
6d60b9,38,1790781027727
40bc8c,20,1790865627727
b7f421,41,1790865627727
778775,59,1790781027727
7d0567,28,1790865627727
da97d4,40,1790781027727
77c52d,37,1790865627727
f517e4,46,1790781027727
2401c9,49,1790780127727
c3fc3e,35,1790781027727
66b86d,31,1790780127727
779e00,28,1790780127727
ffdcdd,60,1790865627727
4aff81,51,1790780127727
05044b,31,1790781027727
16cdbb,30,1790781027727
3d78ca,20,1790781027727
8d66dc,23,1790780127727
970f67,29,1790865627727
feb2bb,52,1790865627727
e3ffb2,44,1790865627727
9dff28,27,1790781027727
1146ed,45,1790781027727
3aa8e7,16,1790865627727
b2f74b,31,1790780127727
f2650e,50,1790865627727
a66a4d,56,1790865627727
724096,24,1790781027727
f8a75f,56,1790781027727
7a20ff,36,1790780127727
91687c,30,1790781027727
8b3a5c,39,1790781027727
c602db,30,1790781027727
f39750,42,1790865627727
067388,17,1790780127727
61bdf3,39,1790780127727
31a41c,35,1790865627727
b4bb51,18,1790780127727
1d1cb6,45,1790780127727
c01b98,16,1790865627727
841877,50,1790780127727
c4ba62,59,1790780127727
9b70d7,46,1790781027727
b04d61,54,1790781027727
026bf6,26,1790865627727
f0d19c,15,1790780127727
bf3e10,34,1790865627727
379de4,55,1790865627727
076763,39,1790781027727
b90ae7,35,1790780127727
154888,27,1790780127727
3be5b2,45,1790865627727
5a271b,24,1790780127727
c9f089,43,1790781027727
e21656,28,1790781027727
7fa007,38,1790780127727
b4d723,43,1790781027727
781477,37,1790781027727
325ecb,51,1790865627727
9775a1,56,1790865627727
6dd2f1,57,1790781027727
727131,50,1790865627727
733c63,41,1790780127727
3bb6fd,21,1790781027727
5c8242,17,1790781027727
402ac3,36,1790865627727
8b829f,24,1790781027727
78edd9,20,1790865627727
ebb944,38,1790781027727
9d3988,16,1790865627727
6558f1,31,1790780127727
449758,33,1790865627727
6d21de,25,1790781027727
27bed9,60,1790865627727
5422fc,27,1790781027727
a8d6ba,36,1790780127727
6933a2,50,1790780127727
fe91bc,17,1790865627727
d02e25,47,1790780127727
234c0c,30,1790781027727
afe14b,18,1790865627727
a22d00,50,1790780127727
4581cd,55,1790780127727
7e0b5d,22,1790780127727
9ae20b,30,1790780127727
159b27,23,1790781027727
4e6c88,38,1790781027727
8596a1,35,1790865627727
95d1f9,42,1790781027727
bb6c4b,34,1790781027727
7d22c6,30,1790865627727
5f47e8,21,1790781027727
d359d9,33,1790865627727
0174f9,22,1790865627727
9af781,28,1790781027727
cc2566,37,1790781027727
d96a36,35,1790865627727
955e60,52,1790865627727
dfc603,58,1790781027727
457670,52,1790780127727
c054c2,58,1790865627727
513132,57,1790865627727
387a46,36,1790865627727
38a198,51,1790780127727
31124d,30,1790781027727
022d61,25,1790865627727
54f9ec,37,1790780127727
041bf2,16,1790781027727
dceed3,15,1790780127727
394998,33,1790781027727
029a81,44,1790781027727
66f166,44,1790780127727
a21301,41,1790865627727
08c522,17,1790781027727
31d8d7,36,1790865627727
75f47c,28,1790781027727
7d446c,48,1790780127727
1f5147,55,1790865627727
ad9c34,59,1790781027727
40125b,35,1790780127727
a7d8bb,51,1790781027727
70afd0,48,1790781027727
f4e620,34,1790781027727
71b662,36,1790780127727
2e1122,52,1790781027727
0610bc,49,1790780127727
d5ca4f,57,1790781027727
336a77,38,1790781027727
8a9534,25,1790780127727
1f3dab,29,1790780127727
431f55,56,1790780127727
cd416c,49,1790865627727
59dc2d,15,1790865627727
7777e9,30,1790780127727
daa0bd,42,1790865627727
b92055,36,1790781027727
c09203,46,1790865627727
921ffa,25,1790781027727
201fbe,49,1790865627727
12f424,52,1790781027727
fe2d9f,35,1790781027727
50c426,56,1790781027727
26329b,52,1790781027727
cc5f93,18,1790781027727
690b46,34,1790780127727
0f37b2,39,1790780127727
1e3d7b,41,1790781027727
bb0cc4,40,1790781027727
5f4aa7,44,1790780127727
9f8fa7,33,1790865627727
2ed38f,37,1790780127727
3ec3c3,31,1790781027727
6f71b0,20,1790865627727
d61574,29,1790780127727
d08a48,18,1790780127727
75f1d0,34,1790781027727
08e151,47,1790780127727
5007d8,29,1790781027727
548d6f,42,1790780127727
e0adf8,21,1790781027727
5f133b,18,1790781027727
fa809a,26,1790781027727
c0b0f6,17,1790780127727
15c958,17,1790865627727
ae98d4,37,1790780127727
75bca4,30,1790865627727
ea33ff,18,1790781027727
adac98,55,1790781027727
fcd3d8,21,1790781027727
d952b0,41,1790780127727
f70b1c,45,1790781027727
d4ce87,51,1790865627727
3284ab,43,1790780127727
b4c2d7,28,1790781027727
75ea50,52,1790781027727
b033ac,46,1790865627727
a82c2a,43,1790865627727
23e5b0,44,1790780127727
ee2256,22,1790781027727
a9579e,47,1790780127727
95389f,32,1790781027727
e9c38d,30,1790781027727
7fca28,59,1790865627727
3f1dbe,53,1790780127727
aef45b,21,1790865627727
97790f,56,1790780127727
c83333,17,1790780127727
41129f,50,1790780127727
f30bbb,21,1790781027727
b6656e,59,1790865627727
a2a02e,56,1790781027727
b9c54f,59,1790865627727
d67b10,50,1790781027727
902734,23,1790781027727
be28dc,54,1790780127727
7e617a,37,1790781027727
89bb86,46,1790865627727
afaaeb,25,1790865627727
db0029,22,1790780127727
a8a893,54,1790865627727
2710b7,38,1790780127727
24a49c,35,1790865627727
39b8b1,22,1790865627727
936ea4,47,1790780127727
93c26d,37,1790780127727
dd3eeb,52,1790781027727
8607bc,23,1790865627727
ba7814,42,1790865627727
d3658c,47,1790781027727
f9022a,17,1790780127727
c894f4,47,1790865627727
e0bd47,42,1790781027727
7814b9,57,1790865627727
7c1a7a,28,1790780127727
6d96fd,43,1790780127727
fd32bc,25,1790781027727
3641ed,41,1790865627727
ec92ef,29,1790865627727
018d1c,54,1790781027727
22908c,56,1790780127727
3058c5,45,1790781027727
04e2dd,47,1790865627727
05deaa,55,1790865627727
ed4372,26,1790780127727
ad826e,17,1790781027727
5a0fb7,24,1790781027727
d8f052,34,1790780127727
8add47,55,1790780127727
9c84ce,56,1790781027727
484a94,39,1790865627727
d90980,53,1790865627727
c5c6f4,49,1790781027727
f7869f,37,1790780127727
91654f,22,1790780127727
9ad41e,58,1790780127727
0b5207,29,1790781027727
c624d5,43,1790865627727
2276f3,50,1790781027727
8240e5,38,1790780127727
3bde30,18,1790781027727
8c504d,17,1790781027727
62d27a,32,1790781027727
45c098,35,1790781027727
e817c5,60,1790865627727
b2bb93,36,1790865627727
742cb6,49,1790865627727
61ea22,60,1790865627727
89d600,19,1790780127727
0dee01,58,1790780127727
85d448,52,1790781027727
75f1f2,44,1790865627727
2d6a04,16,1790865627727
7336e3,52,1790780127727
6e7209,57,1790780127727
cbbe51,21,1790780127727
0a3b4d,52,1790865627727
74e9f9,28,1790780127727
90e515,47,1790780127727
00008c,35,1790781027727
ac9122,40,1790780127727
aec731,15,1790780127727
3a8bd3,23,1790780127727
12f6d4,29,1790781027727
b5b8c2,37,1790781027727
6f4822,54,1790781027727
9d91b0,28,1790865627727
513fbe,18,1790780127727
5ed23a,55,1790780127727
946717,52,1790865627727
d2f408,60,1790780127727
c8027b,36,1790865627727
adc724,25,1790780127727
d932ce,45,1790780127727
c3229f,58,1790780127727
15417e,53,1790865627727
14e694,55,1790781027727
bee2b9,27,1790780127727
a69170,18,1790780127727
ccd6af,53,1790865627727
e89070,57,1790780127727
b819f9,27,1790781027727
3fe279,52,1790781027727
195cab,43,1790865627727
0e3b51,23,1790780127727
410585,28,1790865627727
074073,51,1790781027727
25cfc5,51,1790865627727
7f0b2a,50,1790865627727
6de012,42,1790865627727
5d9223,56,1790781027727
eff2ff,30,1790781027727
b98530,31,1790780127727
cc68a2,35,1790780127727
41a6de,15,1790780127727
4e96c7,43,1790780127727
691478,21,1790781027727
aeb484,40,1790865627727
49a756,22,1790780127727
8d95b1,38,1790781027727
26258d,43,1790865627727
35e1c7,43,1790865627727
3cbb5b,18,1790780127727
1a6638,54,1790780127727
ab3c9e,48,1790780127727
eb5cae,15,1790865627727
2a16f5,25,1790780127727
14c56a,50,1790780127727
df7368,34,1790781027727
4b0820,37,1790780127727
67449a,43,1790780127727
72e5ba,44,1790865627727
212bdf,54,1790865627727
be705a,36,1790781027727
a9db82,49,1790865627727
d9ba6e,41,1790865627727
ac3ac8,37,1790780127727
d0e49d,21,1790781027727
93571c,31,1790865627727
f106d0,53,1790781027727
c326e9,40,1790780127727
ef4685,57,1790780127727
32926b,56,1790781027727
239932,29,1790781027727
6f5261,22,1790780127727
39b51a,26,1790865627727
30d8df,53,1790780127727
f1266c,45,1790865627727
bbcb00,56,1790780127727
24fd21,47,1790865627727
fb4513,39,1790781027727
1d632f,25,1790780127727
69b2bc,41,1790780127727
564314,32,1790865627727
76d61b,19,1790780127727
01a456,21,1790780127727
19cc2a,20,1790781027727
acdcc0,55,1790781027727
31460b,60,1790865627727
94e139,53,1790781027727
769ba3,53,1790780127727
331b09,22,1790780127727
83fee2,38,1790780127727
636764,31,1790865627727
c99859,35,1790780127727
5e93e7,25,1790780127727
f06ccb,34,1790781027727
89dcdb,28,1790865627727
ecb0dd,50,1790865627727
284cf7,24,1790780127727
278666,32,1790780127727
24acc7,23,1790865627727
7e93f7,21,1790780127727
f829be,51,1790780127727
8e2b63,18,1790780127727
0990cc,49,1790781027727
89a2d2,54,1790865627727
a8aa1e,25,1790780127727
660d68,50,1790865627727
48d3b5,39,1790865627727
302bd9,32,1790781027727
a743ad,49,1790781027727
c78671,23,1790865627727
aa050e,45,1790781027727
c8c840,46,1790780127727
6ec6da,56,1790780127727
5174af,49,1790780127727
4dfc7d,44,1790865627727
ebed23,60,1790781027727
1451ae,26,1790780127727
ad1d0c,19,1790781027727
138abf,19,1790865627727
9c6f6a,44,1790865627727
53dcfa,23,1790781027727
a47c99,17,1790865627727
e87d45,49,1790781027727
9104bc,59,1790780127727
0cec6b,26,1790781027727
912e0a,30,1790781027727
e19a0d,27,1790865627727
336db5,47,1790780127727
501b69,51,1790781027727
d8d7bd,44,1790781027727
b82cbb,47,1790780127727
c091ac,48,1790781027727
7a70ba,15,1790865627727
dd0c35,49,1790780127727
ebcc6f,46,1790865627727
a0cae7,20,1790865627727
bf23de,36,1790781027727
1517ec,56,1790781027727
a75c9e,20,1790780127727
73b79d,46,1790781027727
5e606e,44,1790865627727
fe69f5,35,1790865627727
60fab6,46,1790781027727
1180f9,57,1790781027727
169cf6,35,1790865627727
85330d,42,1790780127727
e6d608,17,1790781027727
7516c4,31,1790781027727
9f1d8a,32,1790780127727
643da7,31,1790865627727
b09cb5,53,1790780127727
da41dc,55,1790780127727
e1ec72,41,1790865627727
5c2a04,40,1790780127727
27f567,49,1790780127727
79988e,20,1790781027727
a28ea6,43,1790781027727
854430,43,1790781027727
440ae9,29,1790781027727
2ba89a,57,1790781027727
ff4154,24,1790780127727
cece25,37,1790865627727
91d599,23,1790780127727
dcb328,56,1790865627727
8ea3ad,33,1790865627727
0b76a1,39,1790865627727
3210fd,56,1790780127727
648469,18,1790781027727
eda4b9,19,1790780127727
72afa2,33,1790780127727
0ea394,42,1790780127727
d56c7b,28,1790780127727
2eb13e,54,1790781027727
47e73f,24,1790865627727
8b686d,37,1790781027727
cd1e60,46,1790780127727
e5a83e,22,1790781027727
f0b20f,31,1790865627727
fa9967,50,1790865627727
9b0829,34,1790780127727
0a8af8,18,1790781027727
c7832c,37,1790781027727
cb78b0,18,1790781027727
1b3660,25,1790780127727
200264,22,1790865627727
77b763,30,1790780127727
b73bd7,34,1790865627727
a3fd6d,49,1790865627727
7b836d,19,1790781027727
144de7,35,1790780127727
405aa3,55,1790865627727
6fc8d1,24,1790865627727
11a88a,52,1790865627727
cfd996,59,1790781027727
0fe92f,44,1790865627727
493bf5,31,1790781027727
97c7a8,17,1790781027727
0433a2,34,1790780127727
40292d,34,1790781027727
997abf,58,1790865627727
84142f,18,1790781027727
b85e3c,15,1790781027727
e441d9,47,1790780127727
bca1e9,47,1790780127727
65f094,35,1790781027727
6ce6b3,56,1790865627727
1b89d7,53,1790865627727
d8a605,42,1790780127727
605233,18,1790865627727
2c9180,45,1790865627727
4be498,39,1790865627727
e52eb8,31,1790865627727
bffa96,33,1790865627727
ae0a2c,52,1790780127727
c4403f,22,1790780127727
eeb578,30,1790865627727
3f97f2,34,1790780127727
48901b,32,1790781027727
cd5f2c,45,1790781027727
cab245,31,1790865627727
04be47,43,1790781027727
9763d9,44,1790780127727
2fdb6f,32,1790781027727
376bcc,22,1790865627727
e71ec8,50,1790865627727
bd60cf,40,1790780127727
bd8ea8,17,1790780127727
fee318,40,1790865627727
7f0ba1,58,1790780127727
4307e8,27,1790865627727
4cc501,34,1790865627727
cef2b9,56,1790781027727
0c4365,42,1790781027727
4b521b,53,1790781027727
27e943,25,1790781027727
6f3912,48,1790781027727
8cd4ad,25,1790780127727
e61e52,35,1790781027727
89674e,25,1790781027727
4a45b7,24,1790781027727
761a66,42,1790865627727
736e28,36,1790865627727
2c07a6,30,1790865627727
cf3c87,47,1790781027727
3784e9,28,1790865627727
e183b7,58,1790865627727
8e00bf,57,1790865627727
9f3427,58,1790865627727
b9dfbe,20,1790865627727
13c305,16,1790781027727
b43ec0,60,1790781027727
05e2f5,59,1790865627727
f747b9,37,1790780127727
2f3837,56,1790780127727
89ed45,36,1790865627727
069883,38,1790865627727
aa88bd,41,1790780127727
ca4e6a,15,1790781027727
e11c65,56,1790780127727
2ad6dd,50,1790780127727
f4e5b5,25,1790780127727
92cf83,24,1790780127727
9e2bbd,35,1790780127727
fcecab,20,1790780127727
434d86,58,1790780127727
bd4006,30,1790780127727
d4a1d9,19,1790780127727
9bf16d,39,1790781027727
e3090d,60,1790865627727
76d06e,27,1790781027727
ee7b49,51,1790865627727
ce635a,56,1790865627727
a12330,17,1790781027727
be3280,48,1790865627727
ee55ba,41,1790781027727
2bdaee,60,1790781027727
1d46ba,46,1790781027727
942851,22,1790865627727
7f4441,20,1790865627727
a93378,54,1790780127727
9a5ff7,60,1790781027727
76695e,56,1790781027727
7abd8f,21,1790780127727
08da37,45,1790781027727
a2a4cb,39,1790865627727
54d2af,50,1790780127727
853df4,50,1790865627727
88c5cc,49,1790781027727
34b701,49,1790781027727
e270ba,40,1790780127727
c64d62,58,1790780127727
466d45,60,1790781027727
ec5fe9,44,1790780127727
291643,17,1790780127727
406b13,23,1790780127727
44885f,25,1790781027727
a8b0a4,53,1790780127727
6a1d8c,52,1790780127727
e08ac9,54,1790781027727
259ac4,53,1790780127727
640674,26,1790780127727
871e76,17,1790865627727
e65368,56,1790781027727
87686b,26,1790780127727
b1b20f,54,1790781027727
58c768,38,1790781027727
70601a,16,1790865627727
a1d2eb,47,1790780127727
30f98e,43,1790781027727
c61029,26,1790781027727
3ceb5d,31,1790780127727
5b4c1d,30,1790781027727
4dd848,42,1790865627727
506eb1,25,1790780127727
837113,31,1790865627727
0d6e45,22,1790781027727
b5d3ae,56,1790865627727
56866e,26,1790780127727
cf36b3,18,1790865627727
8acc85,45,1790865627727
9bb774,48,1790865627727
df4823,41,1790781027727
7dc03f,58,1790780127727
b6f7de,29,1790865627727
e85edd,35,1790865627727
4d4d38,53,1790781027727
f650b9,45,1790781027727
548a69,53,1790781027727
9bc70c,27,1790780127727
cfe628,30,1790780127727
c18d0e,52,1790780127727
9f538f,39,1790865627727
fb1a27,58,1790780127727
6b5022,15,1790865627727
8c4986,27,1790865627727
39a047,45,1790780127727
b19d09,25,1790865627727
2d81f7,18,1790865627727
93b1d9,26,1790780127727
395109,31,1790781027727
49b12e,59,1790865627727
cb4e85,43,1790781027727
f1dcc6,37,1790781027727
c7752f,45,1790865627727
98fa92,25,1790865627727
65191e,29,1790780127727
2932bd,38,1790781027727
781710,49,1790865627727
8b19ec,57,1790781027727
089df8,29,1790780127727
cba94e,39,1790780127727
96a14f,37,1790781027727
9425a7,23,1790781027727
6ce100,30,1790781027727
9292c8,57,1790865627727
e0bb60,35,1790865627727
1c6262,32,1790781027727
783b2b,42,1790780127727
d6f380,32,1790781027727
52fb36,46,1790780127727
f87ffa,60,1790781027727
c0e672,53,1790781027727
2fcacd,47,1790781027727
c8c263,50,1790781027727
b4020f,46,1790865627727
65482d,60,1790865627727
f87be7,55,1790865627727
fb0ec4,20,1790865627727
36b95a,44,1790781027727
c5c8af,56,1790781027727
bbce9e,58,1790865627727
910130,37,1790865627727
0fd852,32,1790781027727
1d7377,48,1790780127727
63d98b,24,1790781027727
e6598f,53,1790781027727
f5e1a4,16,1790781027727
244dc8,16,1790780127727
c396ea,40,1790781027727
a36b0a,17,1790781027727
7f62e5,41,1790865627727
d68488,26,1790780127727
6fc78d,16,1790781027727
2daa74,28,1790780127727
ec5cc0,18,1790780127727
ab8804,42,1790780127727
121b58,19,1790780127727
128f68,23,1790781027727
ffeac0,23,1790780127727
d79839,48,1790865627727
f995ca,29,1790865627727
b43fc2,43,1790781027727
9465fd,50,1790780127727
3d3471,51,1790781027727
125328,41,1790780127727
847756,49,1790780127727
98cdf7,24,1790781027727
cdf35b,59,1790865627727
8cdbd6,47,1790865627727
a29a64,52,1790780127727
135079,55,1790780127727
60d792,38,1790865627727
2abd2d,44,1790865627727
a6db03,38,1790865627727
c63175,42,1790865627727
58b2a3,38,1790780127727
bdfc38,45,1790781027727
6ea61b,53,1790781027727
4d50cc,38,1790780127727
0de018,40,1790780127727
4d9d65,32,1790781027727
c61a76,24,1790780127727
eef8af,30,1790780127727
e12c7d,42,1790781027727
66bf32,45,1790865627727
456d09,22,1790781027727
eb7789,46,1790780127727
a92f10,32,1790780127727
45bebf,40,1790780127727
4c1a4f,58,1790781027727
bc7823,16,1790781027727
66310e,54,1790780127727
b16c11,35,1790865627727
5c27d3,29,1790781027727
7c9548,33,1790780127727
0a23de,52,1790865627727
14b36b,15,1790865627727
dae925,60,1790865627727
43448c,15,1790865627727
b82665,44,1790780127727
c2f7e5,32,1790865627727
cff105,38,1790865627727
4290ee,51,1790781027727
d0534d,16,1790780127727
23c2dc,35,1790781027727
2ab70f,37,1790865627727
828d32,17,1790780127727
769d01,41,1790865627727
870aa2,23,1790780127727
996363,30,1790865627727
c7f27b,58,1790780127727
318ff4,41,1790780127727
68fe74,60,1790865627727
268e00,22,1790781027727
022640,48,1790780127727
633701,53,1790781027727
1366d1,44,1790781027727
537abf,37,1790780127727
2045db,37,1790865627727
09e6c8,17,1790781027727
c81e2e,54,1790780127727
e95e12,31,1790865627727
f1cce2,38,1790781027727
41efcf,53,1790780127727
b10890,43,1790781027727
904a03,30,1790865627727
61eb3a,23,1790865627727
ceef2b,21,1790865627727
d3d301,39,1790865627727
ee6efe,25,1790780127727
366d95,27,1790781027727
08eff3,19,1790865627727
bc5015,26,1790865627727
50f870,45,1790865627727
6d9f05,40,1790780127727
2aadff,37,1790865627727
2a538d,26,1790865627727
4c6c62,16,1790781027727
5ad2d5,51,1790781027727
4f6129,28,1790865627727
d66b8e,42,1790781027727
59739f,34,1790780127727
bc7024,35,1790780127727
49eafe,22,1790865627727
4840c3,29,1790781027727
d05a8b,47,1790781027727
0a1871,52,1790781027727
7710c3,60,1790780127727
4ab234,60,1790781027727
cedd01,55,1790780127727
173710,45,1790781027727
99d2f4,53,1790780127727
01caeb,53,1790780127727
84d5e7,39,1790865627727
f57af5,21,1790865627727
3a228c,22,1790780127727
61c35f,38,1790865627727
a7ee97,54,1790781027727
404d35,23,1790780127727
aa186a,34,1790780127727
04a2ba,23,1790780127727
8dc03c,16,1790780127727
3a042d,52,1790781027727
d87ac3,59,1790781027727
b1c7cb,43,1790780127727
b34a28,38,1790780127727
ca0574,41,1790780127727
9bae2d,46,1790781027727
3c10f4,23,1790780127727
19a39b,57,1790781027727
1debbe,39,1790865627727
61f86a,17,1790780127727
a2b720,28,1790781027727
602b77,20,1790780127727
937920,36,1790780127727
c416d4,29,1790865627727
26f55c,59,1790780127727
34463b,25,1790780127727
eda5f2,45,1790780127727
9c560f,40,1790780127727
1602c3,36,1790865627727
6de26b,38,1790865627727
ab78e7,38,1790865627727
879056,45,1790780127727
95f0bc,42,1790865627727
85722d,23,1790865627727
bc0900,43,1790865627727
23eba1,54,1790865627727
986045,17,1790865627727
0e01b6,21,1790780127727
0d657f,40,1790780127727
1289b4,35,1790781027727
ae71a9,36,1790780127727
3099ee,43,1790780127727
322b44,49,1790781027727
f5bab4,33,1790780127727
4cd0b2,47,1790780127727
07259c,38,1790865627727
2a5bc9,50,1790780127727
d74bad,35,1790781027727
a0987b,24,1790780127727
fd4410,31,1790780127727
68591b,57,1790781027727
76800f,37,1790865627727
863972,58,1790780127727
c86437,20,1790781027727
de71ba,23,1790865627727
b0b69c,54,1790865627727
990c13,35,1790781027727
f8a75a,38,1790781027727
881c05,49,1790781027727
371d5d,32,1790865627727
f1cf45,58,1790865627727
09e96e,46,1790865627727
c2b47c,23,1790780127727
72563d,34,1790865627727
c25ae6,59,1790781027727
9e4929,46,1790865627727
b2ce24,30,1790780127727
5d9900,28,1790781027727
6a714b,32,1790781027727
92fe35,31,1790781027727
5ba592,28,1790865627727
96b540,48,1790865627727
94a7d6,53,1790781027727
a177e9,60,1790780127727
28de64,51,1790780127727
a6362b,54,1790781027727
6a7ece,28,1790865627727
26c200,24,1790781027727
03af1f,51,1790865627727
51cb57,44,1790780127727
39730f,34,1790781027727
582fdb,28,1790780127727
0c918c,21,1790865627727
36a7db,31,1790780127727
03faa3,39,1790780127727
6fc520,51,1790865627727
36e3b0,45,1790865627727
22e609,60,1790781027727
0a6f1f,33,1790781027727
e0f92e,52,1790781027727
063ec0,31,1790865627727
4a46db,21,1790865627727
2021dc,53,1790781027727
2331b8,38,1790780127727
2807be,19,1790780127727
fdef21,35,1790865627727
7162b9,23,1790781027727
9d4b44,45,1790780127727
04cd62,59,1790780127727
db5603,38,1790781027727
4d2651,51,1790865627727
45c222,33,1790780127727
60170a,29,1790865627727
4b7094,60,1790780127727
3b1b00,60,1790865627727
70b124,22,1790865627727
99aa48,58,1790865627727
a6152c,41,1790865627727
1c9de3,33,1790781027727
51be8d,31,1790781027727
65c1a6,17,1790865627727
a32f55,33,1790865627727
2a7ea4,33,1790780127727
43419d,55,1790781027727
ef57eb,22,1790865627727
b3f5ae,18,1790781027727
267c76,43,1790865627727
410ce9,34,1790865627727
849666,52,1790780127727
a9b993,21,1790780127727
8b77e6,57,1790865627727
55ca86,45,1790780127727
cf8e3f,29,1790865627727
0b7be5,59,1790780127727
a8885b,15,1790780127727
eaa748,51,1790781027727
9ed59b,32,1790781027727
4a0365,24,1790781027727
26b7e6,23,1790781027727
2e8277,58,1790780127727
20c477,32,1790780127727
dedce4,30,1790781027727
3004eb,53,1790781027727
e63a24,59,1790781027727
ed6237,18,1790781027727
6210de,22,1790781027727
2cb154,26,1790865627727
309560,32,1790865627727
365db8,28,1790865627727
703aed,27,1790780127727
0f516a,52,1790781027727
51b1b7,57,1790781027727
9827b0,46,1790780127727
f8d4f2,41,1790781027727
5e9b81,16,1790781027727
0ed986,40,1790781027727
78c958,47,1790781027727
629dcd,46,1790780127727
914a2a,33,1790781027727
8c6748,16,1790865627727
186f6f,34,1790781027727
19920b,28,1790780127727
d18a14,53,1790781027727
90fedf,40,1790865627727
e33cae,59,1790780127727
b8e202,59,1790865627727
b1a956,47,1790780127727
2c182f,59,1790780127727
80e037,54,1790780127727
ee86a5,35,1790865627727
a71c5c,28,1790781027727
f0dfd1,36,1790780127727
b45a42,46,1790781027727
45c481,44,1790780127727
41f7aa,22,1790780127727
26df0e,51,1790781027727
f725ec,18,1790781027727
515e6c,40,1790781027727
e279ce,43,1790865627727
b11999,25,1790781027727
ccd681,58,1790780127727
af70b5,22,1790865627727
f083fa,56,1790780127727
28a7db,33,1790865627727
150e1d,38,1790865627727
f609ca,36,1790780127727
c8472e,60,1790865627727
b1796b,52,1790865627727
2e4864,20,1790781027727
36334c,38,1790780127727
475b99,29,1790781027727
82042f,54,1790780127727
79461f,48,1790865627727
8b9453,42,1790781027727
0711e4,31,1790865627727
bd0b15,25,1790865627727
6ddc8e,56,1790780127727
fe891c,40,1790780127727
a2c89e,34,1790781027727
7975ad,56,1790780127727
aecdbc,41,1790781027727
1a38d1,54,1790781027727
482eeb,31,1790780127727
aff8a8,54,1790865627727
dc036c,42,1790865627727
7ae8b4,50,1790781027727
bb3a39,27,1790780127727
a775f2,37,1790865627727
ae9292,57,1790865627727
aa3bc7,28,1790780127727
a54d12,46,1790865627727
4d04ae,18,1790780127727
bd7f27,19,1790780127727
7c6bb0,34,1790781027727
accb21,31,1790865627727
66db03,34,1790865627727
e8e5eb,16,1790780127727
419fdc,31,1790780127727
76114d,44,1790781027727
344765,33,1790780127727
54f6d5,60,1790865627727
565139,34,1790865627727
3e4c06,22,1790781027727
19fb86,52,1790865627727
cf7f93,35,1790865627727
0123a1,56,1790781027727
7ec0a7,21,1790865627727
983cd3,54,1790865627727
6b3683,38,1790780127727
71670e,45,1790780127727
664055,21,1790865627727
32d264,15,1790780127727
7b5542,37,1790780127727
5208d8,21,1790781027727
160154,51,1790781027727
8cb231,54,1790781027727
d3af3b,39,1790865627727
a33e06,51,1790865627727
3b421c,16,1790865627727
7a32f3,24,1790780127727
0cc1c3,36,1790865627727
7aeb61,58,1790780127727
e0620b,38,1790780127727
7b7ab3,27,1790865627727
4ec4e8,35,1790865627727
d24631,44,1790781027727
f0e37e,29,1790865627727
bd6048,44,1790781027727
cccc6f,38,1790865627727
fce353,43,1790781027727
2c9aa7,29,1790865627727
51c9b2,19,1790865627727
13bb21,23,1790865627727
be6d3e,37,1790865627727
9e073b,28,1790780127727
6dde52,20,1790781027727
6fc35d,22,1790780127727
4ef582,26,1790780127727
f23233,40,1790780127727
aa3c26,60,1790780127727
09f62d,16,1790865627727
8c4f81,60,1790781027727
75cee2,18,1790865627727
16d12d,31,1790780127727
8b81b6,22,1790780127727
c24d3e,57,1790780127727
520415,59,1790780127727
8000d0,40,1790781027727
a20dff,51,1790781027727
679e35,27,1790865627727
cd7a49,30,1790865627727
71de56,33,1790781027727
e91765,29,1790781027727
5b7c5a,29,1790781027727
05aa3f,25,1790780127727
a8442f,41,1790780127727
fbf3b9,46,1790781027727
91e047,58,1790865627727
694ef2,40,1790781027727
ddef87,53,1790780127727
04b266,18,1790780127727
d12a2f,54,1790865627727
03f47d,58,1790781027727
0aa17e,42,1790865627727
f7aaa2,28,1790781027727
c1bb07,57,1790780127727
2f09f6,45,1790865627727
cd23de,54,1790780127727
6ff605,30,1790865627727
c66e8a,35,1790781027727
385d58,44,1790865627727
a286fb,48,1790865627727
4ee21c,58,1790781027727
3aac48,28,1790781027727
190327,35,1790780127727
1ca952,58,1790780127727
5c0d5f,19,1790780127727
1f19d2,28,1790865627727
6f5755,41,1790865627727
fd60cc,57,1790781027727
c06b81,25,1790865627727
1d9ecc,44,1790780127727
0550b6,51,1790780127727
b56699,40,1790865627727
f291b3,37,1790780127727
60cc54,18,1790780127727
fa728c,46,1790780127727
a461e8,30,1790865627727
42e554,16,1790865627727
36864b,35,1790781027727
2b898c,60,1790781027727
93a8ab,50,1790781027727
5a4fca,44,1790865627727
0e08cb,39,1790780127727
5b49ad,29,1790780127727
ae05b5,56,1790780127727
2037e1,48,1790781027727
26986e,41,1790780127727
4cff75,24,1790780127727
c80b64,44,1790865627727
e3cb30,16,1790781027727
e35938,51,1790865627727
72b2a6,42,1790865627727
606ac7,53,1790780127727
a70339,60,1790865627727
494bda,30,1790781027727
8feb87,28,1790780127727
3693c9,51,1790780127727
ddbaa7,57,1790865627727
ae17df,26,1790780127727
0554ab,28,1790780127727
4c7af3,48,1790781027727
7b0499,32,1790865627727
4bc66e,43,1790865627727
1dcc09,30,1790781027727
d7fc09,37,1790780127727
d57600,59,1790780127727
200686,41,1790781027727
437c95,41,1790781027727
bda671,44,1790865627727
544d04,21,1790865627727
69132e,15,1790780127727
f55068,51,1790780127727
391691,53,1790781027727
f2f27d,36,1790865627727
c60c9f,30,1790865627727
f4c2df,26,1790780127727
83315e,33,1790865627727
ba637a,36,1790780127727
a07fb0,24,1790780127727
5c7c9f,19,1790865627727
23c4c5,57,1790780127727
5ad3f1,58,1790781027727
371cb9,44,1790781027727
82ad71,38,1790780127727
4597af,21,1790865627727
fdf843,50,1790780127727
48a102,29,1790865627727
389fe6,24,1790780127727
480972,43,1790865627727
e36287,54,1790865627727
be1181,30,1790865627727
b76858,16,1790781027727
99a062,60,1790865627727
139976,39,1790780127727
8537bb,27,1790781027727
01acad,16,1790865627727
5cf202,39,1790780127727
a35143,20,1790865627727
54c2ab,45,1790865627727
1dab1d,15,1790865627727
864429,19,1790865627727
8a0c92,19,1790780127727
f0e76d,50,1790865627727
c7398d,28,1790780127727
7f7a91,48,1790780127727
10e729,26,1790780127727
20dcf7,17,1790781027727
669dd6,21,1790865627727
a677d2,32,1790865627727
10f984,54,1790865627727
88c426,16,1790865627727
0cfcb5,56,1790865627727
7df650,59,1790865627727
3fd583,37,1790780127727
522aeb,50,1790781027727
9082be,28,1790781027727
d93faf,25,1790780127727
83c696,32,1790781027727
46f8d0,30,1790781027727
a76d46,52,1790780127727
167667,34,1790780127727
4405a7,40,1790865627727
6eb0a9,33,1790780127727
6a1c52,47,1790781027727
f0352e,53,1790781027727
386168,24,1790780127727
251888,23,1790781027727
ad9add,44,1790865627727
0108bb,42,1790780127727
5c7cff,32,1790780127727
d886cd,45,1790865627727
b5e874,56,1790780127727
3d2067,23,1790865627727
bbefdb,22,1790865627727
714210,32,1790865627727
3296f5,39,1790865627727
ba2ced,40,1790780127727
5ba668,49,1790865627727
2e021f,59,1790865627727
cae909,16,1790780127727
ea9272,31,1790780127727
70a217,58,1790781027727
332372,27,1790865627727
6791aa,41,1790780127727
218de0,37,1790865627727
f82ec5,60,1790780127727
67e499,47,1790865627727
6dbe8e,26,1790865627727
d9e154,50,1790781027727
f5f929,28,1790780127727
8b84c0,29,1790781027727
0324c9,55,1790780127727
98a50d,51,1790780127727
334f3e,20,1790780127727
ff9af4,50,1790781027727
d39110,38,1790865627727
225551,24,1790781027727
872d09,16,1790865627727
0a4ad7,25,1790865627727
0d5584,20,1790781027727
416aef,21,1790780127727
9a8e88,56,1790781027727
58b307,48,1790781027727
7e5583,27,1790781027727
a04edc,21,1790781027727
d19132,18,1790865627727
d977e7,38,1790781027727
289fce,28,1790865627727
fa2c65,35,1790781027727
313dc1,41,1790781027727
705fdb,33,1790781027727
540aec,46,1790780127727
464b98,46,1790781027727
de44ee,22,1790781027727
bd7f9d,44,1790865627727
4c81c2,60,1790781027727
79ae2c,35,1790780127727
cc6cb3,35,1790781027727
9f7056,48,1790780127727
8edbd2,54,1790865627727
df1429,30,1790865627727
4eb0b1,33,1790780127727
d17650,21,1790781027727
e37396,32,1790865627727
6b9d24,41,1790780127727
acc9d0,24,1790780127727
e5d313,33,1790865627727
8de6e7,32,1790781027727
30def1,50,1790780127727
391436,54,1790780127727
9dca38,28,1790780127727
d03f40,58,1790865627727
e00870,15,1790780127727
2597de,19,1790780127727
cfdf65,34,1790781027727
8b9bb9,20,1790780127727
2bb7c4,24,1790865627727
6eb8b7,22,1790781027727
31fdfd,21,1790780127727
e399e1,56,1790865627727
c2c5e1,60,1790781027727
f16d92,41,1790780127727
83e2e9,19,1790865627727
3c8879,25,1790780127727
4a7604,47,1790780127727
56bf4f,41,1790781027727
06a206,44,1790781027727
5fee3a,16,1790780127727
07e303,55,1790865627727
3ac5a6,15,1790865627727
4b0e1f,38,1790781027727
0ae8a0,27,1790865627727
b46dc4,27,1790780127727
36fa50,16,1790865627727
49b791,40,1790865627727
4751d2,19,1790781027727
e5697d,19,1790780127727
391eaa,34,1790780127727
302d78,45,1790781027727
edff34,27,1790780127727
8cff7c,27,1790780127727
84ce2d,53,1790781027727
61fa56,37,1790780127727
5a19af,15,1790780127727
b83cfd,15,1790865627727
949da7,60,1790780127727
95849f,19,1790865627727
c0f134,33,1790780127727
c492d9,28,1790865627727
3f2880,21,1790781027727
1d7d60,52,1790865627727
78177e,32,1790780127727
ec6962,35,1790780127727
9fe142,55,1790781027727
dc0b52,51,1790865627727
cfc403,45,1790865627727
7e987f,21,1790781027727
df5355,23,1790865627727
d01acf,50,1790781027727
aa06f2,17,1790781027727
997336,43,1790865627727
06edbe,39,1790865627727
b778e7,60,1790780127727
35c37c,25,1790780127727
09e41b,55,1790781027727
2003cf,33,1790781027727
da7a6d,33,1790865627727
a4eefa,32,1790781027727
7f689c,43,1790781027727
a9e1c9,41,1790865627727
d6addc,52,1790781027727
718f77,25,1790865627727
e5f8bf,59,1790781027727
639c84,55,1790865627727
e115af,38,1790865627727
746d39,37,1790780127727
39a53a,20,1790781027727
15e221,15,1790865627727
bdc3a6,29,1790780127727
837389,26,1790865627727
f6b060,43,1790865627727
1d1e3e,34,1790781027727
94022c,22,1790781027727
46410c,38,1790780127727
854eaf,45,1790865627727
c1d3ce,16,1790865627727
56ef23,21,1790780127727
c27db7,24,1790781027727
ae5ef2,47,1790865627727
987008,48,1790865627727
912962,27,1790780127727
b88285,41,1790865627727
009034,42,1790780127727
61dea9,41,1790781027727
4c9942,58,1790865627727
e897a4,57,1790780127727
402b54,20,1790781027727
4d3577,36,1790781027727
690351,52,1790781027727
30e53b,47,1790781027727
2f6e7d,16,1790780127727
8f9a3d,36,1790781027727
54ea9f,54,1790865627727
4e68c8,33,1790781027727
c65b77,60,1790780127727
5cf082,38,1790780127727
191e29,24,1790781027727
0a26d4,34,1790865627727
dc95ee,53,1790780127727
d61044,23,1790780127727
dbe8e7,49,1790780127727
0dbaa3,49,1790865627727
37f2fe,18,1790781027727
190f01,31,1790865627727
95c1fa,24,1790780127727
f79f50,53,1790781027727
e74b3b,49,1790780127727
58eba3,53,1790781027727
3548a9,25,1790781027727
a1802e,58,1790865627727
1f909c,17,1790780127727
974da5,17,1790865627727
b331b5,43,1790865627727
76cde5,25,1790865627727
925267,25,1790865627727
907c0b,33,1790780127727
67be8a,45,1790780127727
c9e49c,20,1790781027727
8278b9,37,1790781027727
d4730a,15,1790781027727
23668f,24,1790780127727
b7603a,16,1790781027727
32b547,15,1790865627727
43f705,45,1790781027727
766a34,40,1790780127727
dfb095,35,1790865627727
ea2966,23,1790865627727
807510,15,1790780127727
d97274,51,1790865627727
4e24e1,30,1790781027727
debb60,56,1790780127727
7ee229,35,1790865627727
0a3f07,17,1790780127727
13513f,15,1790781027727
14c5e8,42,1790781027727
0bc9ad,46,1790780127727
f32551,45,1790781027727
32e806,21,1790781027727
c6796d,53,1790865627727
5a989e,55,1790865627727
dbbc9e,27,1790781027727
71e1fb,32,1790865627727
4a2459,33,1790865627727
14997d,38,1790780127727
b86eb6,59,1790781027727
b7cc59,35,1790781027727
2c5cc8,27,1790865627727
7afe5d,27,1790865627727
7c1c0c,29,1790781027727
04eb54,52,1790781027727
0bae89,28,1790865627727
3496b0,41,1790781027727
848613,46,1790780127727
f00791,35,1790865627727
9cd6b7,39,1790865627727
a93b64,33,1790780127727
03fd1b,16,1790781027727
7d2bf4,18,1790781027727
2f1b2c,41,1790781027727
a3afe6,37,1790780127727
1f27ad,21,1790865627727
08f317,50,1790781027727
6988ac,16,1790865627727
3ecc4c,15,1790781027727
d37fa7,51,1790781027727
867d4a,20,1790780127727
73c926,51,1790780127727
c769a5,49,1790780127727
4598cd,19,1790865627727
d277bf,20,1790780127727
d3ab22,38,1790865627727
4b951f,34,1790781027727
cbc9ad,47,1790865627727
397b34,18,1790865627727
9e8c9c,41,1790780127727
36e5d6,23,1790780127727
5f091a,45,1790781027727
521ae6,38,1790781027727
f0282b,37,1790780127727
4099e7,40,1790865627727
5080f0,33,1790781027727
72e920,49,1790780127727
f10efe,19,1790780127727
d21771,50,1790865627727
d7fc23,15,1790865627727
02b228,59,1790865627727
4da86d,30,1790865627727
fffb09,52,1790781027727
555e1f,15,1790780127727
0526d3,35,1790780127727
282b0c,24,1790780127727
2bcca5,52,1790865627727
1a9ba7,36,1790780127727
aa4a5b,23,1790865627727
60b105,15,1790780127727
dd6a36,27,1790780127727
04da03,22,1790865627727
13126f,37,1790780127727
8accbc,56,1790781027727
ad0bc5,20,1790780127727
ccc838,37,1790865627727
7147c0,19,1790865627727
bd9b66,56,1790865627727
408639,18,1790780127727
6f60f6,52,1790780127727
f70a16,24,1790865627727
dcf737,35,1790780127727
abd818,42,1790865627727
de478e,35,1790865627727
9c2d0b,28,1790865627727
4a125c,56,1790781027727
6d3068,39,1790780127727
3337a8,50,1790780127727
47c793,28,1790780127727
5ffb77,47,1790865627727
665594,36,1790780127727
cde6be,59,1790780127727
5e5acf,31,1790780127727
da47d5,36,1790865627727
2ee589,15,1790865627727
a62c4d,43,1790781027727
b2e466,57,1790780127727
d2b032,60,1790865627727
9899bb,26,1790781027727
cd0697,53,1790865627727
3835a5,31,1790865627727
ddf014,42,1790781027727
43bef4,50,1790780127727
731078,25,1790780127727
7e5883,57,1790780127727
c99a01,18,1790865627727
60c582,24,1790781027727
25e857,16,1790781027727
1fb56d,44,1790865627727
97659a,52,1790781027727
b48c40,18,1790865627727
e86ee3,24,1790781027727
cac26a,16,1790780127727
19bbf8,21,1790865627727
e81666,23,1790780127727
956282,30,1790781027727
e924c6,18,1790780127727
473465,35,1790780127727
f2ba38,19,1790865627727
3fa3dd,56,1790780127727
a336ba,49,1790865627727
377ff1,35,1790865627727
d77fb7,49,1790781027727
587864,19,1790865627727
418fef,59,1790781027727
e8b244,53,1790865627727
c399da,54,1790865627727
633ddd,59,1790781027727
bc2f96,19,1790865627727
b3c13e,35,1790781027727
f1a184,48,1790865627727
181aa9,45,1790865627727
20bae4,25,1790781027727
e4c3a4,28,1790865627727
fff2c8,36,1790780127727
cfd7c7,59,1790781027727
c99c55,43,1790780127727
f8db56,16,1790780127727
9bfc6c,32,1790865627727
73dc92,30,1790780127727
c3ed9d,36,1790781027727
23f439,32,1790781027727
a7fb10,46,1790865627727
f4ab2d,58,1790865627727
582a6d,28,1790865627727
5c4d48,32,1790780127727
caa701,57,1790865627727
ab1ae6,19,1790780127727
8b2695,36,1790780127727
5f2f3d,56,1790781027727
a0b983,35,1790781027727
8df405,44,1790781027727
d83c09,44,1790865627727
8a17f6,58,1790780127727
4a6a58,21,1790865627727
c20ffb,60,1790780127727
b35f79,24,1790781027727
7ed197,41,1790781027727
7a2d45,50,1790781027727
03fea1,57,1790780127727
c5451a,23,1790865627727
165c42,41,1790780127727
45f264,35,1790865627727
323638,26,1790780127727
03cc2f,36,1790780127727
6e52cc,42,1790781027727
0cf973,24,1790780127727
ce5407,28,1790865627727
30937f,32,1790865627727
18e24e,28,1790780127727
c51290,43,1790780127727
1bad89,36,1790780127727
3261e4,44,1790865627727
e52529,37,1790780127727
188f93,28,1790781027727
7a8b7a,33,1790780127727
4d2901,22,1790865627727
3fae70,20,1790780127727
f1ec0a,30,1790865627727
f27d73,35,1790780127727
833369,19,1790781027727
0e3cbd,58,1790780127727
b15032,17,1790865627727
d68bb1,53,1790781027727
028deb,50,1790780127727
dd2b2d,25,1790781027727
8979cd,58,1790781027727
69259e,54,1790781027727
c6524f,49,1790780127727
32a512,57,1790780127727
c7d799,20,1790780127727
b3187f,50,1790780127727
8672c6,36,1790865627727
f2c767,28,1790865627727
d345b3,60,1790865627727
1faf4d,20,1790865627727
4a0714,27,1790781027727
cad205,51,1790781027727
ec97c6,46,1790780127727
852e83,46,1790780127727
ce8d16,15,1790781027727
d4bab2,21,1790865627727
5d2188,60,1790865627727
6969cd,42,1790781027727
e26481,33,1790780127727
8a09e3,21,1790781027727
742589,57,1790780127727
0fb71c,26,1790781027727
2e32ef,23,1790781027727
3c8fd6,36,1790781027727
5584ce,57,1790781027727
c3eec1,39,1790780127727
12b6d1,36,1790781027727
c685c2,24,1790780127727
8b5a48,18,1790865627727
afaa91,21,1790780127727
6d3a26,47,1790865627727
6aacbf,22,1790780127727
180deb,30,1790865627727
b46f6c,48,1790781027727
929f31,23,1790865627727
307cea,60,1790780127727
6f8172,52,1790781027727
c11232,44,1790865627727
dc254c,27,1790865627727
a7528c,53,1790865627727
7e7d2b,36,1790780127727
b210e1,37,1790781027727
15b19b,23,1790780127727
494bd7,36,1790780127727
7d5d64,59,1790781027727
065fe3,51,1790780127727
e646e1,22,1790865627727
3a95f8,33,1790781027727
c392ed,46,1790780127727
0d1901,39,1790865627727
61adee,35,1790865627727
a50c3d,45,1790865627727
261b55,38,1790780127727
c1b20f,43,1790865627727
d04c73,41,1790781027727
8c0dfd,60,1790780127727
c9403f,53,1790780127727
d66500,47,1790780127727
8104c5,25,1790780127727
5b91a1,18,1790780127727
1ba626,55,1790781027727
1fbe2e,28,1790780127727
c0ab64,56,1790865627727
ab1453,59,1790780127727
8a4f9b,48,1790781027727
4ba221,19,1790780127727
9cd9d5,36,1790780127727
068ba2,52,1790780127727
50a36c,46,1790865627727
de21dc,56,1790780127727
6817b5,32,1790780127727
dfb9ca,57,1790780127727
b99753,40,1790865627727
fd0a11,22,1790781027727
b84556,51,1790865627727
54f8c8,34,1790865627727
1b4400,25,1790780127727
791184,39,1790865627727
a262b9,25,1790865627727
0fb0d3,25,1790781027727
bcd720,53,1790781027727
6e88ac,19,1790865627727
735dd2,53,1790781027727
eb3834,36,1790780127727
ec6021,25,1790780127727
e573a0,35,1790865627727
113333,39,1790780127727
5bcc7b,50,1790781027727
d85737,58,1790781027727
b583da,15,1790780127727
6418ff,38,1790780127727
169e1a,16,1790865627727
45e95b,51,1790781027727
69c0a6,55,1790780127727
122e9b,58,1790780127727
712435,50,1790780127727
2a4edd,41,1790780127727
3d9f44,60,1790865627727
30c829,48,1790780127727
8588b2,44,1790780127727
5d8c2d,20,1790781027727
87b968,60,1790865627727
0914b1,33,1790865627727
d002f4,55,1790780127727
3fc8c8,38,1790781027727
64cb41,51,1790780127727
c8aeac,29,1790781027727
4d5de7,29,1790781027727
476eb1,38,1790865627727
25334c,41,1790781027727
9bc646,52,1790780127727
31602f,51,1790781027727
d5ec44,33,1790781027727
6aa56a,26,1790865627727
119dea,39,1790780127727
da133a,30,1790780127727
40d0e9,33,1790781027727
015e2c,17,1790781027727
5a8dda,30,1790781027727
691a0c,16,1790781027727
6e9a8e,27,1790781027727
4c69e4,17,1790781027727
cbd386,17,1790781027727
a3a62b,53,1790780127727
b79f37,18,1790865627727
f6a035,39,1790781027727
d8a2be,40,1790781027727
c0b20c,55,1790781027727
69f5df,21,1790781027727
548be0,49,1790781027727
4b4a40,27,1790780127727
d950ee,44,1790781027727
e3b76f,24,1790781027727
46ed24,43,1790780127727
e0c06c,55,1790780127727
d61235,45,1790781027727
c3daff,24,1790780127727
e958e3,56,1790781027727
cd137f,48,1790781027727
a68923,51,1790865627727
19e521,53,1790865627727
a985a0,37,1790865627727
08ec76,58,1790780127727
120cab,58,1790781027727
c172e2,47,1790780127727
60fac6,45,1790781027727
4bb193,21,1790865627727
44c3c4,34,1790865627727
c21d43,53,1790780127727
596cd4,41,1790865627727
666252,26,1790780127727
626d27,60,1790781027727
24d25e,22,1790781027727
21a648,60,1790780127727
bdf3fb,59,1790780127727
120b81,52,1790781027727
9c97e4,40,1790865627727
0cad0a,47,1790865627727
0b6a57,60,1790781027727
304a1c,54,1790780127727
c737c8,16,1790781027727
13fcbe,46,1790780127727
3ba617,16,1790781027727
ea056a,49,1790781027727
44b362,25,1790781027727
89d9c3,57,1790781027727
41b643,27,1790865627727
01fa40,33,1790780127727
f42101,23,1790781027727
d8510e,28,1790780127727
91fa7e,19,1790780127727
0d842d,37,1790781027727
841043,22,1790865627727
94b1ef,16,1790781027727
106e5b,18,1790780127727
1c9b3d,24,1790781027727
2d6866,44,1790780127727
d0234f,41,1790865627727
70bbd5,30,1790865627727
cc4c37,28,1790780127727
5a323d,57,1790780127727
7c7d5d,17,1790781027727
f6b675,34,1790781027727
01d373,52,1790781027727
766ef3,44,1790781027727
c5892b,57,1790780127727
247c3f,28,1790780127727
cea880,40,1790865627727
97c92b,19,1790781027727
050f04,25,1790781027727
c256f5,48,1790781027727
c8adac,19,1790781027727
acbbf4,57,1790865627727
f24d80,48,1790780127727
e20f40,29,1790780127727
d69f7f,40,1790780127727
714b7d,35,1790780127727
cde85f,46,1790865627727
be515f,53,1790781027727
f8beed,45,1790865627727
253a78,47,1790781027727
f3881f,50,1790780127727
efe418,16,1790865627727
c7f74b,31,1790865627727
923ea2,40,1790865627727
badf7d,23,1790780127727
121eea,17,1790781027727
9219a9,48,1790781027727
55d560,21,1790780127727
3b348c,42,1790781027727
ca48bc,18,1790780127727
25d4e0,17,1790865627727
ab9977,43,1790780127727
c10864,27,1790781027727
84ca67,50,1790780127727
831775,39,1790781027727
d03353,53,1790781027727
6428b0,35,1790781027727
8f993b,28,1790865627727
47affd,59,1790781027727
25f7ed,39,1790780127727
197ed7,31,1790865627727
a18c56,16,1790780127727
ea69e2,17,1790865627727
4608df,25,1790865627727
df844c,30,1790781027727
dedd3a,50,1790781027727
5349bd,20,1790780127727
e80f63,26,1790865627727
dde34f,24,1790865627727
329529,33,1790865627727
62c2f3,26,1790865627727
0793ee,25,1790781027727
82fb68,23,1790865627727
43d3d0,36,1790865627727
3ae8f4,48,1790780127727
288516,33,1790780127727
259cab,48,1790865627727
90be6c,57,1790780127727
d66534,18,1790865627727
aaf01f,20,1790780127727
c2abca,40,1790865627727
4fceee,18,1790780127727
61d5c4,26,1790865627727
53db32,33,1790865627727
03642d,39,1790780127727
138cdd,31,1790865627727
0678bd,60,1790781027727
16de42,38,1790780127727
b18de8,51,1790865627727
4052b2,15,1790780127727
abd85d,21,1790780127727
d49dba,45,1790781027727
d6d7a9,58,1790781027727
7ae148,57,1790780127727
71a929,46,1790780127727
c90990,29,1790865627727
9be490,55,1790780127727
5eb65f,34,1790780127727
155f84,33,1790865627727
927410,46,1790781027727
d28d19,25,1790781027727
4bd4a0,28,1790780127727
38e5a6,60,1790865627727
c5722f,22,1790781027727
6c734b,29,1790865627727
26a67d,27,1790780127727
f1d8a7,50,1790781027727
f69060,20,1790865627727
f237cb,43,1790780127727
c09a20,39,1790780127727
59f60f,16,1790781027727
b864fd,59,1790780127727
a2f1f2,24,1790865627727
693df6,18,1790781027727
b0107e,43,1790780127727
39d268,21,1790865627727
7fba45,42,1790865627727
7356d4,42,1790865627727
5ed8c8,47,1790865627727
83ee1c,45,1790865627727
9c896f,29,1790780127727
498384,43,1790781027727
d38a61,21,1790780127727
dc4f19,45,1790781027727
b2a538,29,1790865627727
22eeac,41,1790781027727
152771,43,1790865627727
1eaac1,16,1790781027727
76cb0c,58,1790780127727
3bca56,44,1790865627727
2a74a8,17,1790781027727
9efc5e,36,1790780127727
7a7684,25,1790865627727
4d21c4,43,1790781027727
195f47,45,1790865627727
b2bbda,55,1790865627727
12e48e,35,1790865627727
6991a9,28,1790781027727
962aa7,32,1790865627727
807c35,60,1790781027727
306697,44,1790781027727
6d4ea3,44,1790780127727
b74dd8,25,1790780127727
1c40ae,33,1790780127727
7037bf,36,1790781027727
113a08,50,1790865627727
b0bc5a,60,1790865627727
8c78e2,59,1790781027727
3c5475,19,1790865627727
8d75f1,17,1790865627727
796003,18,1790780127727
f83146,19,1790781027727
22c973,30,1790865627727
ae6735,56,1790780127727
1b99e9,48,1790780127727
7f5430,52,1790865627727
867109,43,1790781027727
540fe6,26,1790865627727
01b10f,29,1790780127727
b47422,43,1790865627727
de6cca,22,1790780127727
943430,30,1790865627727
a89d92,30,1790780127727
9e4269,55,1790780127727
6d4f2e,40,1790780127727
1c1d50,44,1790780127727
b099e5,58,1790865627727
3986dd,50,1790781027727
68c84b,19,1790781027727
cd3c84,43,1790780127727
24a403,50,1790865627727
d5f09d,57,1790781027727
024376,48,1790780127727
76295e,27,1790865627727
263f16,54,1790780127727
5f1c32,57,1790780127727
189451,57,1790781027727
4eb1df,50,1790865627727
1f16cc,50,1790781027727
28a23d,27,1790781027727
4a9e36,30,1790780127727
616aba,27,1790781027727
153d09,53,1790865627727
0cf168,59,1790865627727
985e29,51,1790865627727
d7d1b1,32,1790865627727
eb6e3a,15,1790780127727
913266,49,1790781027727
9551c7,44,1790780127727
638799,49,1790865627727
c9447f,39,1790865627727
f1267b,31,1790780127727
1f2e0c,43,1790865627727
89ee33,49,1790780127727
3918ca,45,1790780127727
c8d96e,49,1790780127727
7f92b6,54,1790780127727
ad9e9c,50,1790780127727
257ea8,34,1790865627727
3979db,33,1790865627727
0e5b06,56,1790780127727
d1a836,50,1790781027727
fdaaa8,31,1790865627727
57ceb5,22,1790865627727
4ed5cd,17,1790781027727
7ea4d1,26,1790781027727
f87a2b,19,1790865627727
6a1af8,15,1790780127727
3428c8,53,1790781027727
7437f0,45,1790781027727
648888,35,1790780127727
863182,15,1790780127727
eebe07,26,1790865627727
c0a882,28,1790780127727
226af0,38,1790781027727
e58703,35,1790865627727
88de2b,15,1790781027727
1ba69e,27,1790780127727
3f85d8,57,1790865627727
556e84,54,1790865627727
e1a34a,42,1790865627727
99cec0,20,1790865627727
03ac2e,36,1790780127727
8102b8,19,1790781027727
a7c968,51,1790781027727
3f4245,59,1790865627727
af27af,50,1790781027727
6f0475,15,1790781027727
5aff4d,33,1790865627727
248b8f,49,1790780127727
1c448e,53,1790781027727
8f9ca3,31,1790865627727
b0f19b,18,1790780127727
79e63f,47,1790781027727
a5baed,46,1790781027727
08829c,59,1790781027727
5dfcb2,40,1790865627727
072620,17,1790781027727
242453,51,1790865627727
d70e81,42,1790865627727
863830,17,1790780127727
fbd77f,37,1790865627727
556be5,30,1790865627727
24d05a,15,1790780127727
862076,50,1790865627727
acdb82,37,1790780127727
53f0a9,54,1790865627727
b28764,18,1790865627727
d2d53e,31,1790865627727
f57d4d,55,1790781027727
69c58f,47,1790781027727
05854d,26,1790781027727
d1f51c,45,1790781027727
744c05,37,1790780127727
6fb1f2,56,1790781027727
9ac70d,23,1790780127727
6e4695,40,1790781027727
91338b,48,1790865627727
9e95fb,30,1790781027727
64e20a,53,1790865627727
baf1e1,31,1790780127727
307011,53,1790865627727
07aa84,36,1790865627727
29b387,57,1790865627727
4f788b,57,1790781027727
8c64de,48,1790781027727
c14c40,23,1790780127727
ade234,27,1790865627727
d1b53f,40,1790865627727
d37a8f,59,1790780127727
e344d7,17,1790781027727
65e30b,49,1790865627727
0c8345,47,1790865627727
a9f6ad,35,1790781027727
d9b024,56,1790865627727
f3465b,29,1790781027727
5dd546,58,1790865627727
ebaeb6,43,1790865627727
964a53,30,1790865627727
da7a12,35,1790781027727
4d17d2,23,1790780127727
f0b05f,16,1790781027727
60ce0e,50,1790865627727
079e26,28,1790865627727
96cc29,53,1790865627727
de0efc,48,1790781027727
b6615e,36,1790865627727
e0d5b3,34,1790780127727
2752cf,41,1790865627727
ec9bf5,56,1790865627727
dc208e,30,1790781027727
5713de,49,1790780127727
d014d1,46,1790781027727
418304,28,1790865627727
93e4c3,36,1790781027727
8f0634,50,1790780127727
736c87,34,1790780127727
450459,21,1790865627727
a914e8,57,1790780127727
234f29,51,1790781027727
dda334,33,1790781027727
184389,35,1790865627727
36ad96,58,1790781027727
c39779,41,1790780127727
a19aa5,40,1790780127727
e8c0e6,44,1790781027727
886bb8,30,1790780127727
8987f6,51,1790781027727
562c3b,24,1790781027727
09a5fc,40,1790781027727
4fd260,60,1790865627727
462ebd,56,1790781027727
02721f,56,1790781027727
0c6c38,19,1790781027727
25aa9a,16,1790781027727
529ef6,24,1790865627727
56417b,21,1790781027727
97a408,40,1790865627727
e97826,42,1790865627727
60e254,33,1790780127727
1972a9,31,1790780127727
0c482b,51,1790781027727
b34e39,37,1790780127727
fd730a,48,1790865627727
0cc2b1,51,1790780127727
dd9d05,42,1790781027727
0b67bc,50,1790865627727
175566,33,1790780127727
5dc28c,26,1790781027727
bb235a,29,1790865627727
f7f2a9,36,1790865627727
1c4726,54,1790781027727
8e681e,32,1790780127727
ac74ad,23,1790865627727
9691d5,30,1790780127727
fbf916,57,1790781027727
7d4afc,43,1790780127727
cdcc4a,16,1790865627727
f32795,43,1790781027727
6a75fb,23,1790865627727
41313f,49,1790780127727
57cacf,59,1790781027727
87b406,47,1790781027727
b71e10,40,1790780127727
2e5296,29,1790781027727
702090,17,1790781027727
5c8eab,52,1790780127727
3ea606,50,1790781027727
4124e9,58,1790780127727
3ba002,33,1790865627727
6a4527,52,1790781027727
dfed9d,41,1790780127727
6c22fe,21,1790780127727
331e6b,42,1790781027727
4372b2,18,1790780127727
39fb0b,60,1790781027727
1c7d7f,31,1790865627727
54cdf3,31,1790780127727
099f40,53,1790780127727
aefb6e,35,1790780127727
acd163,18,1790780127727
1a63c2,32,1790781027727
00afb0,45,1790780127727
ac2939,23,1790780127727
dcc903,46,1790780127727
16cd19,19,1790780127727
5d3d34,29,1790865627727
5879ab,50,1790780127727
5dad35,16,1790781027727
7129f8,28,1790865627727
700a8c,52,1790780127727
8322d2,29,1790781027727
b6d086,59,1790865627727
070b28,59,1790781027727
b4cb63,20,1790781027727
932730,51,1790781027727
7925aa,37,1790865627727
4e8d3c,19,1790780127727
5d8a9a,40,1790781027727
70d88b,20,1790865627727
459022,15,1790781027727
d3351e,44,1790781027727
bd65d2,15,1790780127727
72fe19,36,1790781027727
f4919d,30,1790781027727
d106af,32,1790865627727
d7b94a,22,1790781027727
259c28,39,1790865627727
983eda,25,1790865627727
89e98c,58,1790865627727
ace01b,53,1790780127727
88bb53,17,1790780127727
63d6b2,35,1790780127727
a1f8d1,38,1790780127727
4ed98c,50,1790780127727
41c21a,25,1790865627727
fa8fd2,30,1790865627727
0cbb3e,54,1790781027727
d0267d,54,1790865627727
304e2a,42,1790780127727
e056ea,36,1790780127727
2b863f,28,1790781027727
48aca4,51,1790781027727
c76c77,31,1790781027727
d977ba,23,1790865627727
264883,26,1790780127727
644f1c,23,1790780127727
04e3d2,33,1790781027727
dc7576,59,1790865627727
9ad859,42,1790780127727
c72510,50,1790780127727
1f40bf,32,1790780127727
97018a,60,1790781027727
dbc35d,37,1790781027727
1e3d4b,25,1790781027727
8016b3,58,1790865627727
f55295,18,1790781027727
50648a,40,1790780127727
e9a1b4,15,1790781027727
628fcc,50,1790781027727
019b6e,55,1790865627727
e49cab,33,1790781027727
5e3c11,52,1790865627727
522e72,60,1790865627727
933b47,47,1790781027727
0a6d16,56,1790865627727
658872,45,1790865627727
b17508,59,1790780127727
ba6fa4,59,1790865627727
f24ccd,50,1790780127727
0cca94,18,1790781027727
65524b,28,1790865627727
dae587,39,1790781027727
1baa29,60,1790865627727
0adad5,42,1790781027727
4fd4d3,30,1790781027727
b78ec9,45,1790781027727
e8c06e,58,1790865627727
69e74d,51,1790780127727
74a7d1,24,1790865627727
480166,44,1790781027727
1f0437,26,1790865627727
6c894e,38,1790865627727
ce9ecc,21,1790865627727
34300b,37,1790780127727
847088,51,1790780127727
7ff2cd,30,1790781027727
bfa227,56,1790781027727
73ff02,44,1790781027727
fac95e,52,1790781027727
0e0e6f,55,1790780127727
e7e66b,50,1790780127727
210dc3,55,1790781027727
ff4f22,25,1790780127727
f2eaf1,32,1790780127727
8415c8,46,1790781027727
5277b1,46,1790781027727
875d37,55,1790780127727
fd6911,16,1790781027727
6c8121,41,1790865627727
bcba74,21,1790865627727
c9ea5b,19,1790865627727
9b4834,32,1790780127727
ba474f,45,1790865627727
a3015f,52,1790781027727
3af2fc,57,1790865627727
414cbd,51,1790865627727
d12b56,53,1790781027727
658457,22,1790780127727
fc4932,42,1790781027727
4f9ac9,47,1790781027727
98a2a5,49,1790865627727
ca2b4a,48,1790781027727
d57fcd,59,1790780127727
56d3ed,52,1790781027727
481658,43,1790865627727
820c74,36,1790781027727
779b92,32,1790781027727
372de6,23,1790865627727
d7d768,22,1790865627727
ffa041,19,1790865627727
f3b16b,17,1790781027727
e517b0,51,1790780127727
0bf2be,19,1790780127727
0d2770,52,1790780127727
f83a6e,22,1790781027727
2cee23,32,1790865627727
b5bf46,41,1790865627727
747f65,48,1790865627727
b5c202,55,1790865627727
44b076,43,1790780127727
3d7ee6,53,1790780127727
e83960,41,1790780127727
5efab4,45,1790865627727
d2f611,49,1790781027727
0ac931,52,1790781027727
a9509e,53,1790865627727
160050,54,1790781027727
d53034,21,1790780127727
4834d8,58,1790781027727
cc0d76,55,1790781027727
7570f5,18,1790865627727
ad7fb9,35,1790865627727
911557,49,1790865627727
829744,21,1790781027727
a50cb8,58,1790780127727
9891ec,50,1790865627727
2167c9,30,1790781027727
d000a8,44,1790865627727
e5ec16,46,1790781027727
6a8d31,57,1790781027727
22e218,22,1790780127727
e2766f,38,1790781027727
d8dbba,39,1790781027727
66a946,28,1790781027727
41bb7f,32,1790865627727
2a9a70,42,1790781027727
c6141c,36,1790781027727
990fc8,56,1790780127727
493d4c,57,1790781027727
8fd21d,42,1790781027727
d3254d,27,1790865627727
32aa75,18,1790780127727
764205,34,1790781027727
676b97,54,1790865627727
3978ed,16,1790781027727
0dcc49,29,1790780127727
454a90,27,1790781027727
b0f2a1,56,1790781027727
6fc51f,57,1790780127727
17d1cb,41,1790865627727
3f31d8,56,1790865627727
ebe3bd,54,1790780127727
0f44e2,46,1790780127727
65d3ec,29,1790780127727
4913d1,39,1790781027727
caa6f5,37,1790865627727
118f44,57,1790865627727
bfb0f7,42,1790865627727
bc4feb,30,1790865627727
367316,41,1790865627727
e1fcb8,57,1790865627727
961117,22,1790780127727
0261d2,20,1790865627727
85a425,35,1790865627727
dad33c,23,1790780127727
76d8ee,34,1790781027727
4c5f87,31,1790865627727
7d9373,30,1790780127727
17ebf2,60,1790780127727
0b11cc,57,1790781027727
62e781,43,1790780127727
1e6f29,29,1790780127727
40d880,37,1790865627727
782dce,58,1790865627727
f495eb,45,1790780127727
00bd0f,21,1790865627727
4f7284,15,1790865627727
3dad89,60,1790781027727
89eeba,57,1790865627727
a1d5b7,58,1790781027727
a79a37,44,1790865627727
240fb9,30,1790780127727
14043f,42,1790865627727
bdeedb,17,1790781027727
123037,29,1790865627727
a1b5e1,60,1790781027727
d6d472,43,1790780127727
482529,52,1790781027727
afc268,46,1790780127727
6c022c,33,1790780127727
b8747e,43,1790865627727
f51dab,38,1790781027727
10aabc,33,1790780127727
51a36d,20,1790865627727
edc827,52,1790780127727
3ae062,15,1790781027727
fc0f31,50,1790780127727
de6ba1,38,1790781027727
f7bc65,49,1790780127727
5a1638,31,1790780127727
4c312d,54,1790865627727
8419d8,25,1790865627727
7133e9,17,1790781027727
bc8ae7,51,1790865627727
a37f86,49,1790781027727
d9ce3a,18,1790781027727
33cd8e,56,1790780127727
d30512,46,1790865627727
c3365d,52,1790780127727
67d73d,20,1790780127727
d60fda,16,1790780127727
83e134,18,1790781027727
d6983d,54,1790781027727
2ee68a,38,1790865627727
1d5a1d,16,1790865627727
db910c,48,1790780127727
aac273,30,1790865627727
c33eda,17,1790781027727
558bfe,39,1790865627727
540f7e,59,1790865627727
fc11db,25,1790780127727
3ffd3d,51,1790865627727
cf3e45,32,1790781027727
4c5563,48,1790780127727
e78220,53,1790781027727
e696e3,32,1790865627727
4bed6f,31,1790865627727
e74939,38,1790781027727
303927,36,1790865627727
4dfa13,29,1790865627727
be60d2,45,1790865627727
5236f9,23,1790780127727
df28d7,47,1790781027727
e89937,32,1790865627727
d34e47,25,1790780127727
f6a863,40,1790781027727
c33944,18,1790865627727
86b6c0,31,1790781027727
d91fd4,17,1790781027727
e12810,27,1790865627727
c283f3,20,1790865627727
ea9358,45,1790780127727
521434,38,1790780127727
c34f58,32,1790781027727
92d79b,33,1790865627727
ee58bc,27,1790781027727
6166a2,17,1790780127727
059fb8,41,1790781027727
ab16f0,40,1790780127727
d93666,42,1790865627727
ae344a,32,1790865627727
38a55c,28,1790781027727
57d263,17,1790865627727
e0cca9,41,1790781027727
6f4fdf,36,1790865627727
1ebaf6,58,1790781027727
fabe76,25,1790781027727
4505d8,55,1790865627727
b02ba9,35,1790781027727
2207c8,20,1790865627727
d43bb3,15,1790781027727
6647a5,39,1790865627727
3918c5,36,1790781027727
f51307,22,1790780127727
940006,34,1790780127727
3c1d7b,36,1790781027727
19497f,17,1790780127727
75309d,51,1790865627727
c936c9,40,1790780127727
e6600e,22,1790780127727
130244,21,1790781027727
ae56e5,39,1790865627727
52b081,22,1790781027727
f193aa,28,1790781027727
4a3844,25,1790865627727
3db04f,59,1790780127727
56ebb0,25,1790781027727
d7a1e1,41,1790865627727
05cb7c,19,1790865627727
67ff45,40,1790865627727
c54cb0,20,1790865627727
ce9f3a,17,1790865627727
20afae,24,1790781027727
7689e4,33,1790781027727
3a24ee,53,1790865627727
2f4225,16,1790865627727
f7a20e,26,1790781027727
71f5a3,20,1790865627727
665643,40,1790781027727
7c1833,15,1790865627727
24b553,28,1790780127727
3f5f55,53,1790865627727
c9abc0,44,1790781027727
281ab1,25,1790780127727
ee4df2,34,1790781027727
232ca6,32,1790781027727
3d8ff9,27,1790781027727
1384c5,46,1790781027727
9358fc,36,1790780127727
0bf905,17,1790865627727
7d603f,35,1790865627727
f64511,25,1790865627727
f1db81,22,1790865627727
5295e0,55,1790781027727
5ff1d5,43,1790865627727
7d09c6,43,1790781027727
0b699c,55,1790781027727
e2d05f,57,1790780127727
28a343,28,1790780127727
4d47b3,30,1790780127727
553227,40,1790781027727
52e380,27,1790865627727
184253,48,1790865627727
f9a6d3,27,1790781027727
4fc55f,43,1790781027727
0e753e,37,1790865627727
a01fb7,58,1790781027727
ca058b,25,1790865627727
1cb263,49,1790780127727
ca7ca0,16,1790865627727
a0f11b,46,1790781027727
5438bf,38,1790781027727
81f01f,24,1790781027727
cbdacc,24,1790780127727
539865,21,1790780127727
64c8f4,40,1790780127727
fe1f42,35,1790865627727
309a8a,16,1790781027727
d814bc,42,1790865627727
9f4fad,47,1790780127727
69a23e,58,1790780127727
a66a59,21,1790780127727
6d3c64,31,1790781027727
bca5ab,55,1790780127727
daa9c6,35,1790781027727
f5a351,44,1790781027727
ed669e,46,1790865627727
a2f1d6,55,1790865627727
1b6fe5,27,1790781027727
e6e936,30,1790781027727
9b5d71,31,1790781027727
0b2220,35,1790780127727
e2a5bc,22,1790865627727
6b2b76,54,1790780127727
46cb57,21,1790781027727
4ec7c9,39,1790865627727
d21642,46,1790780127727
0e60be,29,1790865627727
cf12d2,50,1790781027727
13f701,19,1790781027727
7b3e19,51,1790780127727
9c0c9e,43,1790865627727
35d8e3,42,1790780127727
e4fe17,34,1790781027727
b695c6,54,1790781027727
98b3a6,22,1790865627727
9888f2,27,1790865627727
682e46,44,1790781027727
d106bb,28,1790865627727
c2ea1b,24,1790780127727
eccfc5,43,1790865627727
da8b9f,22,1790781027727
4f929d,48,1790865627727
d62efa,16,1790865627727
37cb67,26,1790780127727
993a60,28,1790865627727
a7ebec,47,1790865627727
56863c,22,1790781027727
172f44,28,1790865627727
0dbed8,43,1790781027727
c5d489,43,1790865627727
e7b1a3,15,1790781027727
c467f8,32,1790780127727
c274b3,40,1790780127727
b8ef0f,33,1790781027727
7a89be,37,1790865627727
975dd7,55,1790781027727
4179c3,25,1790865627727
76e874,54,1790780127727
f7b182,30,1790865627727
29d093,28,1790780127727
60480b,22,1790781027727
7f7fa4,52,1790781027727
86175d,18,1790780127727
4225b4,53,1790780127727
5e2b19,24,1790781027727
8590a0,39,1790865627727
6c6b13,44,1790780127727
9910e9,45,1790781027727
2978fe,30,1790781027727
d25229,29,1790780127727
87cf7e,27,1790865627727
a562a2,21,1790865627727
f92036,45,1790865627727
6e5539,22,1790865627727
661f6e,39,1790865627727
97d82f,35,1790781027727
20aacf,55,1790780127727
91b313,56,1790865627727
11ec87,46,1790780127727
a3d7fc,52,1790865627727
be6d9c,37,1790781027727
c19f7d,17,1790781027727
aa4cf7,34,1790865627727
356af8,36,1790780127727
74c1b2,35,1790781027727
c219c5,38,1790780127727
82a978,27,1790865627727
af31b9,16,1790780127727
9bb213,52,1790865627727
2f6136,53,1790865627727
8c2863,43,1790781027727
7f3b50,24,1790781027727
3962b1,50,1790865627727
2ad1f0,42,1790781027727
285071,20,1790780127727
247648,15,1790780127727
e422ee,36,1790780127727
ca82f2,44,1790865627727
c62b28,27,1790865627727
06ba72,36,1790865627727
22d12b,53,1790780127727
1f7577,36,1790780127727
7daada,28,1790781027727
b6a90a,35,1790780127727
b93b55,32,1790780127727
45f941,22,1790780127727
3f42c3,46,1790780127727
134bd1,15,1790780127727
f7f01c,27,1790781027727
e1ed68,50,1790780127727
b0c510,54,1790865627727
645d19,46,1790865627727
6f1ed5,19,1790781027727
33a3c5,57,1790865627727
ed91c4,39,1790781027727
13e42c,18,1790781027727
c91629,49,1790780127727
ef5f5e,54,1790781027727
b00486,24,1790780127727
e5fc43,21,1790781027727
b9f377,29,1790865627727
21640f,51,1790780127727
04a21c,24,1790865627727
ff2c6c,57,1790781027727
fd2921,42,1790781027727
decadb,25,1790781027727
1b91eb,58,1790780127727
062be0,30,1790865627727
abe693,33,1790781027727
c65bd6,60,1790865627727
eb8703,57,1790780127727
f62560,56,1790865627727
bad7df,55,1790781027727
67bc49,58,1790780127727
64d1e2,36,1790865627727
0b561a,52,1790865627727
0f551b,35,1790865627727
e3228d,36,1790865627727
311f2b,49,1790865627727
a5889c,60,1790865627727
e74f0c,53,1790781027727
047ee6,18,1790781027727
8add52,38,1790865627727
a98bdb,54,1790780127727
5cf0fb,56,1790865627727
ffec4e,56,1790780127727
f0e5e4,55,1790781027727
a283bc,34,1790865627727
8d2751,15,1790781027727
203b4a,55,1790781027727
b365cd,35,1790781027727
033c6a,24,1790781027727
aa7eb8,48,1790780127727
05c734,25,1790780127727
d33e2b,59,1790780127727
692aea,28,1790865627727
c9aa6d,32,1790780127727
5d48c8,23,1790781027727
9f9913,15,1790780127727
ed7d88,16,1790865627727
e1b90a,49,1790781027727
fc5420,19,1790781027727
a2aec0,19,1790780127727
db6d7d,19,1790780127727
71890c,42,1790780127727
c24df4,54,1790781027727
e0eaef,20,1790781027727
32e7c9,51,1790781027727
55d56f,29,1790781027727
02dda4,23,1790781027727
d888ab,28,1790781027727
a8ac9e,41,1790780127727
c75924,27,1790865627727
7c4ddc,29,1790780127727
529caa,39,1790781027727
a20674,40,1790780127727
7a94ac,35,1790865627727
29373d,55,1790865627727
164fef,47,1790780127727
494b01,23,1790865627727
af0ddd,47,1790865627727
e4e81b,32,1790865627727
808ed7,43,1790781027727
47bd17,38,1790781027727
4a9999,44,1790865627727
a73eb6,41,1790781027727
0fda4f,52,1790865627727
1d380d,42,1790780127727
ba7d2f,46,1790781027727
51b7a7,31,1790865627727
711839,29,1790780127727
8b08c4,32,1790781027727
74dc0a,54,1790865627727
742a57,19,1790865627727
97df8d,41,1790865627727
7091b2,21,1790780127727
c8d5d0,23,1790780127727
9ce4f0,52,1790865627727
e2ea2d,31,1790781027727
e2b53c,60,1790865627727
de0e58,39,1790780127727
02a79e,51,1790780127727
ca89d8,60,1790780127727
d16b59,27,1790865627727
a013df,36,1790781027727
40d53c,44,1790865627727
62df7f,18,1790865627727
59ad77,24,1790865627727
2be68e,15,1790865627727
00e3de,35,1790781027727
c51727,46,1790865627727
61638f,35,1790781027727
a1a98a,36,1790865627727
ebc16d,57,1790781027727
c7e5a9,58,1790781027727
0018dd,54,1790865627727
a14f98,34,1790781027727
bd5175,42,1790780127727
3dd684,34,1790780127727
0f8f12,44,1790865627727
59326e,43,1790780127727
b85f17,59,1790865627727
d65d86,49,1790865627727
54fe73,48,1790865627727
8b15f7,17,1790781027727
22937c,30,1790780127727
fc7a7a,56,1790781027727
588cdd,30,1790780127727
5c9623,24,1790781027727
9a4e31,57,1790865627727
1e1be1,16,1790865627727
f48658,31,1790865627727
bd2655,23,1790780127727
17bd9c,16,1790865627727
49b6d0,56,1790780127727
a76a81,27,1790781027727
d989c0,40,1790780127727
045a96,29,1790780127727
e752c7,23,1790781027727
5f1995,34,1790781027727
dede1c,40,1790865627727
55b02b,37,1790781027727
736d7a,42,1790865627727
e77a51,52,1790780127727
35c3a2,29,1790865627727
eea9e2,54,1790865627727
1babbe,59,1790781027727
e5681b,18,1790865627727
a053fb,34,1790865627727
c929ce,35,1790780127727
7cbd57,53,1790865627727
729887,56,1790865627727
6ae449,54,1790781027727
eae7cc,21,1790865627727
c8ecec,29,1790781027727
7cecd4,33,1790781027727
30013b,57,1790780127727
657397,48,1790865627727
db5270,40,1790781027727
b13a96,58,1790781027727
228d20,46,1790781027727
430be6,27,1790865627727
ae9f83,40,1790781027727
5ab34b,51,1790781027727
b386df,28,1790780127727
0aecc1,49,1790781027727
91a1d9,58,1790865627727
43ba8b,56,1790781027727
99634b,60,1790780127727
a1cbb4,22,1790865627727
7c67d0,24,1790780127727
b8e680,55,1790865627727
96b0c4,44,1790865627727
d3e065,37,1790865627727
9933e2,25,1790781027727
b78704,23,1790865627727
5b9f73,57,1790781027727
e6d474,28,1790865627727
80b8e7,59,1790781027727
89ae43,41,1790865627727
de1798,34,1790781027727
98ba46,42,1790780127727
e2d5b9,24,1790781027727
cc9cfa,48,1790781027727
be3e2f,23,1790781027727
78e966,40,1790780127727
95c28a,47,1790781027727
4f616a,29,1790780127727
cdd7b6,34,1790780127727
54a118,55,1790865627727
c48e4f,25,1790780127727
b6f294,38,1790781027727
e82a08,40,1790780127727
32b398,34,1790865627727
3c93b5,32,1790781027727
52e53c,58,1790865627727
b53233,19,1790781027727
a48754,48,1790780127727
64261a,45,1790781027727
f7d3a4,26,1790780127727
b9cc04,45,1790781027727
cb37ae,41,1790865627727
39d890,24,1790780127727
5cc7e4,52,1790781027727
91dcff,31,1790865627727
9a54cd,42,1790781027727
8ae227,19,1790780127727
00a369,16,1790780127727
9454ea,58,1790781027727
000ce0,49,1790781027727
7901d1,24,1790865627727
51a2bb,34,1790780127727
b1353c,36,1790780127727
acbffa,15,1790781027727
4f680d,41,1790865627727
c5d77b,28,1790781027727
9b6d55,40,1790780127727
0786d2,41,1790865627727
ef6492,20,1790865627727
931cae,36,1790865627727
94991f,15,1790781027727
931bc3,56,1790865627727
a63971,36,1790865627727
ff5e61,20,1790780127727
ec7aef,44,1790781027727
0db208,26,1790781027727
d5f40d,22,1790865627727
69d2eb,15,1790780127727
56dc13,44,1790780127727
e24840,40,1790865627727
06c656,25,1790865627727
92121f,26,1790780127727
a27307,50,1790865627727
b2bd9f,52,1790865627727
cc6605,19,1790780127727
64fe00,39,1790780127727
e15be2,59,1790865627727
75c897,36,1790781027727
56a733,23,1790781027727
26568c,41,1790781027727
5ccc14,35,1790781027727
1491a3,43,1790780127727
253a2e,33,1790780127727
b77ed5,40,1790865627727
641efe,56,1790865627727
581dd0,41,1790781027727
62a354,19,1790780127727
eb9b32,34,1790780127727
daa023,18,1790865627727
174ed9,25,1790781027727
f0004d,31,1790781027727
811145,16,1790865627727
9a24ad,54,1790865627727
1d5aae,56,1790781027727
abe14c,51,1790780127727
79fa42,34,1790781027727
c03510,52,1790865627727
3a5791,59,1790780127727
2931df,50,1790865627727
b16149,48,1790780127727
49eed6,50,1790780127727
04df73,42,1790780127727
490954,54,1790781027727
679959,54,1790781027727
d9b49e,52,1790780127727
4ba86d,22,1790780127727
e18c3d,57,1790780127727
b3f5d1,50,1790781027727
77547f,48,1790781027727
b4bdcc,36,1790781027727
6d5904,24,1790865627727
c77c93,60,1790781027727
ec6d56,35,1790865627727
532f13,58,1790781027727
27ed32,39,1790780127727
4e8d5f,37,1790865627727
72d927,18,1790865627727
501de8,41,1790865627727
f2dcef,37,1790780127727
db3dc1,27,1790781027727
6aaaa9,55,1790865627727
963822,56,1790865627727
b36608,20,1790780127727
83882d,34,1790865627727
64d93b,44,1790865627727
4443af,15,1790780127727
568ab1,41,1790781027727
60e9be,22,1790781027727
db4fd2,37,1790865627727
8cee8b,18,1790780127727
0b4734,17,1790865627727
a5c0e0,34,1790780127727
f50625,25,1790865627727
e0f35a,41,1790865627727
434bed,56,1790781027727
7ac1f8,42,1790865627727
9061cc,19,1790865627727
fdf255,45,1790781027727
e27fe8,49,1790865627727
84568e,33,1790865627727
2b79ca,28,1790865627727
1a0c81,37,1790780127727
7c8735,58,1790781027727
97c4b9,17,1790781027727
b6b415,24,1790865627727
9c9e24,34,1790780127727
f1317d,56,1790780127727
456c6e,54,1790781027727
38865b,27,1790781027727
e74cb9,47,1790781027727
e7599b,58,1790781027727
68a39a,48,1790781027727
807637,20,1790865627727
1387a9,28,1790780127727
ab8b22,28,1790780127727
49ecbb,39,1790865627727
e40399,58,1790781027727
629ef8,19,1790780127727
61b5b3,46,1790865627727
315f0c,56,1790780127727
2f272d,44,1790781027727
4a5577,24,1790780127727
dfa432,28,1790865627727
a7e489,39,1790780127727
56301a,40,1790781027727
e3b5b4,53,1790780127727
ee0efe,30,1790781027727
4a0eda,20,1790781027727
95a236,17,1790865627727
f666d7,28,1790780127727
10a871,35,1790780127727
a6f43e,45,1790780127727
15f8de,32,1790780127727
3bd5f0,41,1790781027727
6e00de,19,1790865627727
427011,41,1790780127727
08c60c,18,1790865627727
c2bf2d,44,1790781027727
e88fc2,38,1790781027727
aab0b0,35,1790865627727
4d21ef,55,1790780127727
674d47,31,1790865627727
436c33,15,1790781027727
7ef207,48,1790865627727
d9f6ca,42,1790781027727
d80824,29,1790865627727
3dcc40,42,1790781027727
1e7e87,22,1790865627727
a0f816,25,1790781027727
f679a5,18,1790780127727
872afe,54,1790781027727
3566ac,19,1790781027727
284327,41,1790865627727
129920,51,1790781027727
c60c72,18,1790780127727
7933ff,18,1790781027727
c63e42,33,1790865627727
dfcc5b,56,1790865627727
c444f6,20,1790780127727
5054ed,36,1790865627727
2694bd,56,1790781027727
d6d5da,20,1790781027727
fb9558,30,1790781027727
ed5364,28,1790781027727
b84dfd,27,1790781027727
748708,53,1790865627727
8c9677,16,1790865627727
84f1db,43,1790865627727
3dc214,47,1790780127727
7c066c,26,1790781027727
f287d3,31,1790865627727
093fcd,56,1790781027727
e3eb2c,20,1790865627727
7f601e,57,1790865627727
7e4c18,24,1790781027727
c83205,46,1790780127727
d86b8b,23,1790781027727
c40a3d,43,1790780127727
f9e103,29,1790780127727
ea8800,31,1790865627727
487601,19,1790865627727
f8a518,29,1790865627727
ca6867,23,1790780127727
4a8a33,56,1790865627727
425b56,28,1790865627727
0af8bb,25,1790780127727
14e35a,15,1790781027727
ca502c,34,1790781027727
e9c231,20,1790865627727
9ccd32,19,1790780127727
d7e0fb,36,1790780127727
c765c6,21,1790780127727
10563c,16,1790780127727
9c87aa,39,1790865627727
5bc1d4,50,1790781027727
ba1fa5,34,1790781027727
6e5c4d,48,1790781027727
1019c8,26,1790781027727
dfc93c,29,1790780127727
97a7e2,39,1790781027727
114a03,58,1790781027727
8fb185,39,1790781027727
b53f21,34,1790865627727
66f5d6,21,1790865627727
6400ed,53,1790781027727
e86aa0,27,1790865627727
41b155,25,1790865627727
1fa098,27,1790781027727
6374a0,54,1790865627727
57c895,56,1790781027727
2e02ee,60,1790781027727
0fcc2f,45,1790865627727
3389c4,20,1790781027727
7c836a,24,1790780127727
418ca9,59,1790780127727
1d476e,44,1790781027727
e47c9f,44,1790781027727
ff9d8e,53,1790780127727
f3dd75,15,1790781027727
06c37c,42,1790780127727
28bf04,15,1790865627727
36e9e1,58,1790781027727
0a7e0f,58,1790780127727
4040bb,52,1790865627727
8b28eb,55,1790865627727
b0050a,60,1790781027727
31a41d,60,1790780127727
4a93de,47,1790865627727
3578b5,38,1790865627727
c28fad,34,1790865627727
683105,37,1790865627727
d0e739,35,1790780127727
a5dcd0,50,1790781027727
16f068,28,1790865627727
ebdb7d,42,1790865627727
64b3cb,55,1790780127727
6b2e52,17,1790780127727
37b47f,41,1790781027727
68cb98,28,1790865627727
3b1d35,38,1790780127727
23a9e4,29,1790781027727
915a3e,35,1790780127727
a22ee8,18,1790865627727
26306d,25,1790781027727
75eab0,57,1790780127727
fd54bf,49,1790780127727
25feab,28,1790780127727
4164ff,39,1790865627727
cee1ac,52,1790781027727
0e24fd,23,1790865627727
a56673,57,1790780127727
b085a7,49,1790781027727
c7ea33,39,1790781027727
96138a,47,1790781027727
a8658d,52,1790781027727
c98b0e,25,1790780127727
b78b20,47,1790780127727
8d8ab8,44,1790781027727
255431,22,1790781027727
5bb79e,54,1790865627727
a77a3a,27,1790865627727
151e36,22,1790865627727
c9f488,41,1790781027727
c52e44,54,1790865627727
353d90,37,1790781027727
650ade,16,1790865627727
fa71ae,38,1790865627727
3ffdb7,37,1790781027727
897b75,41,1790865627727
40742a,47,1790780127727
0c308d,24,1790780127727
a3456f,38,1790780127727
1ee657,41,1790780127727
8dd484,57,1790781027727
fca474,30,1790865627727
c8056c,33,1790781027727
8144e2,47,1790865627727
3b7d90,39,1790781027727
bd9399,41,1790781027727
fc1f2b,42,1790865627727
15ef87,44,1790780127727
dc9348,58,1790780127727
82f8db,32,1790781027727
a4366b,56,1790781027727
fe7f93,51,1790780127727
39b960,33,1790865627727
fc68e0,26,1790781027727
df3afc,16,1790865627727
9eb1dd,37,1790780127727
6ad0b5,60,1790780127727
3ab9b2,41,1790865627727
d841aa,16,1790780127727
cccd2f,39,1790781027727
880d75,19,1790865627727
da38db,30,1790865627727
ad5cb0,18,1790781027727
717ea3,31,1790780127727
17f07d,58,1790865627727
9e0672,46,1790781027727
066d41,57,1790780127727
87abe8,25,1790865627727
5c2ce8,51,1790781027727
cf0af1,24,1790780127727
4ea7c0,38,1790780127727
e752c9,23,1790780127727
7dc2bb,21,1790781027727
02995e,39,1790780127727
bdd970,30,1790781027727
9acb3a,42,1790865627727
c92b75,56,1790781027727
e76ebf,59,1790780127727
ef8e8d,58,1790780127727
2049ca,23,1790865627727
d6c770,42,1790780127727
1374b4,45,1790780127727
e2d295,59,1790781027727
49909d,34,1790780127727
3c5587,18,1790865627727
4e0866,59,1790865627727
17f207,43,1790781027727
b3dd8b,44,1790780127727
4b7488,45,1790780127727
4a4dc8,39,1790865627727
f57bd0,37,1790780127727
90e75a,36,1790781027727
618828,44,1790781027727
e3bdf7,48,1790865627727
923e7b,41,1790781027727
324df5,57,1790781027727
d7212a,50,1790780127727
0e0dc0,46,1790781027727
b80d93,50,1790780127727
310124,59,1790865627727
a238eb,34,1790781027727
fb0d7a,55,1790780127727
181047,60,1790781027727
a62f55,19,1790865627727
9acc3a,31,1790865627727
483771,28,1790781027727
660e4b,55,1790780127727
4e9d5b,23,1790865627727
e0b502,49,1790865627727
1f5868,19,1790780127727
cdc7ed,39,1790780127727
b26600,20,1790865627727
47d055,31,1790865627727
33b3b5,20,1790780127727
eecee0,59,1790780127727
d35bce,32,1790780127727
8c4361,24,1790865627727
56f3ad,16,1790781027727
5e66dd,33,1790780127727
5670b6,41,1790780127727
d90ab8,55,1790781027727
1a3188,27,1790781027727
feab55,17,1790781027727
0d88ae,34,1790865627727
3c2c27,44,1790780127727
7a9702,16,1790865627727
434647,54,1790780127727
1d2aef,25,1790780127727
f1dffe,24,1790865627727
444a0b,29,1790781027727
8ea068,29,1790780127727
ac2c5c,51,1790781027727
ddabed,27,1790781027727
677b0f,37,1790780127727
8093ac,29,1790781027727
642f10,26,1790780127727
6824b4,48,1790781027727
2e3fa7,44,1790865627727
e31b7c,31,1790780127727
e7a993,34,1790780127727
f98b34,26,1790781027727
1df95b,39,1790865627727
df37db,45,1790865627727
a3438b,25,1790780127727
01886e,37,1790781027727
c8d5e6,21,1790780127727
80c5ad,46,1790865627727
b76f64,42,1790781027727
afdeb6,41,1790780127727
adad54,45,1790781027727
db6bbd,48,1790781027727
5f0340,17,1790780127727
862edb,60,1790780127727
05ccc7,53,1790781027727
56bb84,19,1790780127727
8b20b5,33,1790781027727
eabad9,51,1790865627727
9af5cc,24,1790781027727
3132ae,42,1790865627727
1b08d2,36,1790781027727
cd0fd2,54,1790865627727
fccb47,51,1790780127727
a4e472,51,1790781027727
b17fbf,23,1790780127727
fc9863,16,1790780127727
224d0c,22,1790781027727
7be759,22,1790780127727
ed5092,38,1790780127727
53b58b,51,1790865627727
ce3b6e,54,1790781027727
3db329,26,1790780127727
a0a5d7,57,1790780127727
2cacf4,56,1790865627727
d8e7ee,37,1790780127727
3a1558,57,1790780127727
50e73f,49,1790781027727
16e814,60,1790865627727
a8d49a,50,1790865627727
1519cf,41,1790865627727
0cafb2,54,1790865627727
7e4b3c,49,1790865627727
0c7ff6,22,1790865627727
0dfaab,16,1790865627727
2569a3,38,1790865627727
3e2201,31,1790780127727
8eb726,38,1790865627727
451877,18,1790865627727
861343,45,1790780127727
a93534,23,1790865627727
0a2665,35,1790781027727
3d93aa,33,1790780127727
0104ec,55,1790865627727
1f0df8,48,1790781027727
1be1e4,26,1790865627727
f17031,33,1790780127727
4e96cb,15,1790780127727
66af79,26,1790780127727
48bf25,36,1790781027727
ad9a55,40,1790781027727
2a6796,35,1790781027727
11949b,21,1790780127727
1b760b,36,1790780127727
d58cb0,49,1790865627727
a80830,22,1790865627727
07684e,55,1790781027727
9810ba,18,1790781027727
8dca9c,15,1790781027727
efc725,47,1790865627727
2a28af,45,1790780127727
d0e394,23,1790780127727
f626f5,49,1790781027727
4ef38f,18,1790780127727
87826f,58,1790780127727
ab2fea,44,1790780127727
7b3d4f,54,1790780127727
d42dc9,57,1790865627727
83a0e5,18,1790781027727
ee39ea,47,1790780127727
0d9783,36,1790865627727
73db94,58,1790781027727
9a8e4c,15,1790780127727
650e19,30,1790780127727
b690f3,20,1790865627727
c482b8,31,1790781027727
9fb1fa,50,1790781027727
03db49,59,1790781027727
a38374,23,1790780127727
a40ed7,44,1790865627727
b05d59,40,1790865627727
fe9e41,57,1790780127727
0964e7,26,1790865627727
db0c3b,46,1790865627727
4158ed,36,1790781027727
00d631,18,1790865627727
3209b9,53,1790865627727
185de2,41,1790865627727
35d10a,24,1790780127727
85c111,33,1790781027727
1904fb,43,1790865627727
07e47a,16,1790781027727
d6e257,22,1790865627727
9377e2,33,1790865627727
f814fc,45,1790780127727
d7a825,55,1790781027727
2db99d,59,1790781027727
51e676,52,1790781027727
8112d8,24,1790865627727
1fb5db,20,1790865627727
c70b28,33,1790865627727
8bbbdf,46,1790865627727
094674,33,1790781027727
891ead,29,1790780127727
c18ccd,24,1790865627727
05a9a3,36,1790865627727
1641c2,29,1790865627727
11bd2c,25,1790865627727
325120,38,1790780127727
eb5eb3,22,1790780127727
4c84b8,46,1790781027727
4bc23a,26,1790780127727
cb35d8,21,1790865627727
827d17,55,1790781027727
4d0c48,59,1790780127727
3552e4,27,1790781027727
bd8751,48,1790781027727
e1d103,54,1790865627727
36a7ef,32,1790781027727
b1886e,45,1790780127727
3b544e,22,1790865627727
a41824,23,1790865627727
74d548,57,1790865627727
146b85,16,1790865627727
c92b7f,57,1790781027727
2f3f04,58,1790781027727
149f6d,23,1790780127727
128413,33,1790865627727
22a84d,17,1790780127727
51fbba,27,1790780127727
6917b2,22,1790865627727
17b870,52,1790781027727
679909,55,1790780127727
8344cc,23,1790865627727
2b4678,17,1790780127727
8cc6e3,42,1790865627727
48a895,18,1790780127727
b9cc34,33,1790780127727
02e869,16,1790865627727
c2e2e5,50,1790865627727
aeb3bc,32,1790780127727
b5a494,56,1790780127727
21055f,17,1790781027727
a6e8cc,59,1790865627727
0a704c,26,1790781027727
675c32,44,1790781027727
354af5,57,1790865627727
74244c,31,1790781027727
9cc8f8,19,1790865627727
26b931,29,1790780127727
36d966,19,1790781027727
765de2,53,1790781027727
73b50f,30,1790865627727
c3f9d2,28,1790781027727
8d7099,40,1790865627727
3784fa,42,1790781027727
18564b,44,1790781027727
02cb58,50,1790781027727
d7fa46,53,1790865627727
a750f3,58,1790865627727
434f4d,57,1790865627727
71969b,29,1790781027727
306f17,41,1790865627727
68bf04,26,1790865627727
6c4304,17,1790865627727
5b9d39,50,1790780127727
24a467,60,1790781027727
65d23a,54,1790865627727
dce53b,44,1790780127727
986608,35,1790781027727
b130ff,30,1790865627727
7b5917,23,1790781027727
8817d4,42,1790780127727
0c8224,37,1790781027727
1f289a,60,1790781027727
799047,20,1790865627727
16621c,16,1790781027727
4041c8,42,1790781027727
b006b6,47,1790781027727
732ff2,34,1790865627727
e7e181,19,1790781027727
305be2,43,1790780127727
0f7a51,30,1790865627727
a1d085,59,1790781027727
41b75b,54,1790865627727
53db1b,60,1790865627727
3a7edd,17,1790780127727
a232a3,51,1790781027727
dadd74,20,1790865627727
de3277,44,1790780127727
98bcd2,20,1790865627727
cf6df7,40,1790780127727
b234de,55,1790865627727
ffec1b,36,1790781027727
a118c6,19,1790781027727
bdcf69,23,1790865627727
4c0500,47,1790780127727
783df5,53,1790780127727
c0108c,60,1790780127727
d8dfc7,16,1790865627727
a660e7,33,1790780127727
b3a0fd,53,1790781027727
72c45a,23,1790781027727
46799a,57,1790865627727
f7a57d,50,1790781027727
aba352,55,1790781027727
be12c8,60,1790780127727
2845e8,31,1790780127727
2627fd,60,1790781027727
cb97ee,24,1790780127727
cdfa4d,59,1790865627727
9e13fc,56,1790865627727
167bde,26,1790781027727
7d70d1,36,1790780127727
c87b2a,32,1790865627727
c8334c,35,1790781027727
fdf31d,45,1790865627727
d0e502,50,1790781027727
c85dd7,31,1790781027727
e157b6,44,1790781027727
16dff3,27,1790781027727
7bffbf,50,1790781027727
e0d204,25,1790781027727
bad1ba,58,1790865627727
ec6270,41,1790780127727
92e00f,47,1790865627727
964699,40,1790780127727
cc4009,47,1790780127727
ec12e7,34,1790780127727
7c020f,31,1790865627727
8e752f,35,1790781027727
a63789,44,1790781027727
d5c454,37,1790781027727
68ae56,52,1790780127727
eea206,42,1790780127727
61e50d,40,1790781027727
4af8c9,19,1790780127727
3fe7ea,48,1790781027727
045858,15,1790781027727
1a0672,55,1790865627727
1ea7ef,23,1790865627727
f20bbb,22,1790781027727
296334,31,1790865627727
47472f,38,1790780127727
f26470,52,1790865627727
290a2b,20,1790865627727
128032,42,1790865627727
7960b5,36,1790781027727
beae9b,43,1790865627727
3e222a,56,1790865627727
a68779,22,1790781027727
1dd7a6,38,1790781027727
8b0b5e,49,1790781027727
0cb8d8,23,1790865627727
3bda31,29,1790781027727
a4de7d,24,1790780127727
c402aa,19,1790781027727
f6cf88,53,1790780127727
edc439,28,1790865627727
93cc22,37,1790780127727
1093db,33,1790780127727
631595,55,1790781027727
887d75,39,1790865627727
454cf0,57,1790781027727
135744,46,1790865627727
744dd0,47,1790780127727
1b41d7,21,1790781027727
4733a3,33,1790865627727
19e87a,20,1790780127727
1ca84c,60,1790780127727
a89291,40,1790865627727
e1ddec,31,1790865627727
f572a0,57,1790781027727
9493b4,46,1790781027727
64c2f5,56,1790780127727
4cc713,39,1790780127727
2f985b,58,1790781027727
f6d3a1,48,1790865627727
9f7693,20,1790781027727
04aa5b,58,1790780127727
059387,58,1790865627727
cbd72a,43,1790865627727
bcf68d,43,1790780127727
17c83a,21,1790780127727
8116e4,38,1790781027727
354968,27,1790780127727
286b78,52,1790780127727
8a388a,55,1790780127727
ca6074,24,1790781027727
616e79,38,1790780127727
e23bd6,37,1790780127727
31607d,25,1790780127727
b76afc,56,1790781027727
1d88b4,22,1790865627727
cb7f81,30,1790781027727
d320ae,20,1790780127727
7044f9,40,1790865627727
f2d293,39,1790780127727
f11cd6,51,1790865627727
3500d9,43,1790865627727
2cf8eb,41,1790865627727
a4ce1c,31,1790780127727
eadd91,42,1790781027727
1924d5,42,1790781027727
887b17,29,1790781027727
2bc336,29,1790781027727
429f51,50,1790780127727
34dd81,58,1790780127727
1401db,41,1790865627727
39136e,55,1790780127727
f7479e,22,1790780127727
711ee8,15,1790780127727
d51c35,48,1790780127727
41fe7a,47,1790781027727
37c9e6,55,1790781027727
27d5be,19,1790865627727
a55e79,47,1790781027727
04984b,59,1790780127727
33e370,20,1790865627727
5dd5f4,26,1790865627727
7160da,42,1790781027727
0159b4,34,1790865627727
f89666,45,1790780127727
6169e4,47,1790780127727
0466ce,38,1790781027727
d0dc0b,41,1790865627727
046b0f,24,1790865627727
e85f0c,46,1790780127727
cb1e8a,60,1790780127727
f7b0ab,31,1790781027727
555742,56,1790781027727
99db20,56,1790780127727
384d70,21,1790781027727
8fe5b2,30,1790781027727
50e5aa,59,1790781027727
19e324,43,1790781027727
0a44f2,29,1790780127727
7e42a4,31,1790780127727
6bbd68,54,1790865627727
b42236,38,1790781027727
58edf9,59,1790780127727
db0dc2,35,1790781027727
fdf787,50,1790780127727
14c94e,44,1790865627727
0d64c6,16,1790780127727
634326,49,1790865627727
eaa09c,26,1790781027727
1f09bc,25,1790780127727
932860,48,1790780127727
287903,44,1790865627727
db8f52,50,1790865627727
ac833d,18,1790780127727
7258e9,30,1790781027727
efb3dc,18,1790865627727
03494a,21,1790780127727
052227,38,1790781027727
931f19,48,1790781027727
dae5e1,52,1790865627727
dff7b9,21,1790781027727
681783,18,1790865627727
aeaf63,19,1790781027727
95bf57,29,1790865627727
ffa146,53,1790780127727
3a5e2e,27,1790865627727
6e4988,48,1790865627727
20858e,46,1790780127727
c2ad2c,24,1790781027727
05b081,38,1790781027727
ba39ad,15,1790865627727
4a5bcd,57,1790781027727
ae7cd7,27,1790780127727
8b8ddd,19,1790780127727
fbd2e5,30,1790865627727
2de103,30,1790780127727
59fd89,56,1790781027727
737cc6,59,1790781027727
f3d3b7,46,1790780127727
429073,43,1790865627727
2cbb63,46,1790865627727
e9290f,20,1790865627727
3299e1,56,1790781027727
1f830d,35,1790780127727
166e73,54,1790865627727
6f70d9,55,1790865627727
9732df,47,1790865627727
eddc52,42,1790781027727
8fbbb5,21,1790865627727
79b7ca,43,1790780127727
f6c857,23,1790781027727
a8708e,46,1790865627727
d5e16d,50,1790780127727
15deb0,44,1790865627727
6da900,49,1790780127727
a01c1b,45,1790781027727
fa6d90,23,1790865627727
7c17f3,51,1790780127727
a4ed8d,60,1790865627727
96e4de,58,1790865627727
4a13b2,48,1790865627727
0d1772,54,1790781027727
f10524,50,1790865627727
6a5e66,55,1790781027727
b33288,40,1790781027727
8d749c,23,1790780127727
1b7684,47,1790865627727
3c993b,47,1790781027727
cee085,54,1790865627727
6f4528,50,1790865627727
d78082,52,1790781027727
94799d,56,1790780127727
2ca13b,52,1790865627727
30f070,41,1790780127727
963d54,15,1790865627727
d5eb31,18,1790781027727
5e9a44,29,1790865627727
1009da,50,1790780127727
d55016,42,1790865627727
87b39a,51,1790780127727
e2fbc3,36,1790781027727
b5bc3b,15,1790780127727
889076,40,1790865627727
f49566,39,1790781027727
601a48,36,1790865627727
c924bd,19,1790865627727
f1fda4,37,1790781027727
d6f633,30,1790865627727
177e66,21,1790781027727
d82172,42,1790780127727
1b1ab9,33,1790780127727
57f61e,17,1790780127727
2ca13d,42,1790781027727
3fd0c0,56,1790781027727
8e006b,60,1790781027727
8c3441,23,1790781027727
36c07a,58,1790865627727
4c6842,36,1790780127727
e3b1ac,17,1790781027727
423502,51,1790865627727
9ba878,37,1790865627727
9aabbd,16,1790865627727
f856c8,54,1790780127727
ccd1a0,24,1790865627727
fa0051,38,1790781027727
787932,49,1790865627727
8b336a,16,1790780127727
038ffa,28,1790781027727
9b8ba9,53,1790781027727
85319b,37,1790781027727
36fd65,58,1790781027727
f1478f,29,1790865627727
7eecfb,15,1790780127727
bb0d24,37,1790781027727
bcacbb,55,1790865627727
45b08e,33,1790865627727
896673,56,1790781027727
86f4e5,47,1790781027727
938e9a,52,1790781027727
dadf79,45,1790781027727
edf7b0,57,1790865627727
429674,38,1790781027727
cf1188,32,1790865627727
4c3b59,35,1790780127727
4757ff,48,1790865627727
313e3a,52,1790865627727
ea52e4,29,1790780127727
882bb5,59,1790865627727
640fea,22,1790865627727
cfe96f,34,1790781027727
f589f1,26,1790865627727
028465,19,1790865627727
bb1884,21,1790865627727
c3be40,34,1790865627727
455b58,42,1790780127727
309570,26,1790865627727
d0d667,28,1790865627727
4f1b81,43,1790781027727
4b69f5,17,1790865627727
879053,45,1790865627727
c50c5f,35,1790781027727
be013e,59,1790780127727
6e10fd,15,1790780127727
a21ac1,23,1790865627727
b53b52,52,1790781027727
d131be,58,1790781027727
456085,41,1790865627727
75948f,46,1790781027727
ba2f3b,22,1790865627727
f2d23d,57,1790781027727
c8542e,25,1790781027727
1fe39a,46,1790781027727
377820,49,1790781027727
681d24,26,1790780127727
06dadb,20,1790865627727
a4ffe1,28,1790780127727
410b9f,55,1790780127727
22ab62,44,1790865627727
89071d,54,1790781027727
48ce03,35,1790781027727
4150bc,55,1790781027727
318d7b,18,1790780127727
05d911,32,1790780127727
3df330,39,1790780127727
8c1f53,55,1790781027727
057195,56,1790781027727
7b80c6,50,1790781027727
56a487,49,1790781027727
5b5a32,23,1790780127727
d8737f,43,1790865627727
d11763,53,1790781027727
6e4727,48,1790781027727
4a110b,46,1790865627727
fb1e51,54,1790865627727
c8629f,37,1790781027727
bea40d,18,1790865627727
202efd,38,1790865627727
68e1a0,22,1790781027727
c9304f,32,1790780127727
576ddc,36,1790781027727
093917,60,1790865627727
389d2c,24,1790865627727
61ce1f,31,1790780127727
990709,32,1790781027727
367873,53,1790781027727
5a1818,37,1790781027727
d86d6a,35,1790781027727
0d8cc4,31,1790780127727
507dbd,29,1790865627727
65b443,52,1790865627727
4c4ff0,46,1790780127727
998209,44,1790780127727
19470f,40,1790865627727
3982df,58,1790865627727
3802d6,33,1790865627727
8129d5,51,1790781027727
f515b0,55,1790781027727
c81047,38,1790781027727
3ea960,58,1790865627727
37cf6c,60,1790865627727
98841d,52,1790865627727
694c7e,18,1790865627727
3334dc,40,1790781027727
239d82,16,1790781027727
e5748e,43,1790781027727
d73ee3,26,1790781027727
8125ad,40,1790781027727
6eebd2,23,1790865627727
573663,33,1790781027727
fb7217,41,1790780127727
8aa5c3,38,1790781027727
119331,25,1790780127727
897e42,48,1790781027727
15a978,59,1790781027727
2e04fa,20,1790865627727
3ba674,48,1790781027727
a31574,50,1790781027727
8e1ee4,40,1790781027727
2f5e17,42,1790780127727
c45175,27,1790781027727
a86a7c,32,1790780127727
e40720,18,1790865627727
8ccba0,56,1790865627727
49453b,45,1790780127727
89587b,29,1790780127727
0d7151,35,1790781027727
9fd2ce,48,1790865627727
df05b3,22,1790865627727
9212e6,46,1790781027727
a3206c,21,1790781027727
b03422,24,1790865627727
ea9875,16,1790780127727
0fb475,46,1790780127727
e204ec,15,1790865627727
8a2647,48,1790780127727
dfaa1b,39,1790865627727
848d31,37,1790780127727
614f29,33,1790865627727
54cf62,34,1790780127727
52de5a,34,1790780127727
f82f39,59,1790865627727
87fce3,33,1790781027727
23506f,59,1790865627727
8f70a3,27,1790865627727
93e81b,44,1790780127727
055bcd,30,1790865627727
c2e369,21,1790780127727
a4d798,45,1790781027727
41bbf0,27,1790781027727
ded073,47,1790781027727
eb77fb,43,1790780127727
8ae6cf,54,1790780127727
2b9141,24,1790780127727
f4bea7,57,1790865627727
d9b5bb,53,1790781027727
82f433,44,1790865627727
7deb7d,55,1790781027727
2312f6,56,1790865627727
07e120,15,1790781027727
0f76f4,21,1790781027727
9ea7fd,53,1790781027727
718f64,60,1790865627727
e067be,57,1790781027727
dc3e25,42,1790781027727
18e13f,20,1790865627727
27b0bd,18,1790781027727
8670ab,16,1790865627727
c466b6,23,1790780127727
79251c,49,1790781027727
6222e5,59,1790780127727
eeed77,41,1790865627727
a9537d,35,1790781027727
632618,37,1790781027727
12d99c,60,1790865627727
ee92d5,39,1790865627727
61e1cf,51,1790780127727
36718e,36,1790781027727
86c951,21,1790781027727
b820c6,32,1790780127727
965baa,56,1790780127727
c348ae,23,1790781027727
a8dbf2,41,1790781027727
e7374f,21,1790781027727
db1973,23,1790780127727
cdf38b,36,1790780127727
cb3482,37,1790780127727
705412,34,1790780127727
7d91a6,32,1790780127727
8b6f4d,19,1790781027727
ae1af8,59,1790781027727
8c4087,36,1790865627727
52387b,40,1790780127727
acaef2,35,1790781027727
05e1f6,33,1790780127727
16b0c2,15,1790865627727
d10adb,59,1790865627727
c1b9c1,52,1790865627727
82d3b2,38,1790780127727
392cd4,17,1790781027727
ffe37b,56,1790865627727
2b0609,28,1790865627727
122a07,43,1790865627727
f7ea0d,30,1790781027727
8c85ea,30,1790781027727
149911,43,1790781027727
1a7b60,28,1790865627727
22f0ac,59,1790781027727
2e467e,27,1790780127727
f60ffc,33,1790865627727
434616,31,1790865627727
5d1f1b,33,1790865627727
acd54f,58,1790865627727
d4dc16,24,1790865627727
db2437,47,1790781027727
3f7f9e,60,1790781027727
7012c1,24,1790781027727
4234a6,49,1790780127727
eec3c4,35,1790781027727
839eb3,39,1790865627727
32923d,43,1790780127727
427298,16,1790781027727
86aa2a,34,1790781027727
b580d4,51,1790865627727
1edaba,20,1790781027727
8b4697,26,1790781027727
99cb85,21,1790780127727
3137fb,56,1790780127727
9d5f9a,43,1790865627727
c89c9d,56,1790780127727
0a2c43,21,1790780127727
794918,36,1790781027727
d78f8d,22,1790780127727
b5b4b8,47,1790781027727
f66413,50,1790781027727
e7bec2,27,1790865627727
990d63,15,1790780127727
c97e1d,36,1790781027727
f04fc5,41,1790865627727
a36d6d,53,1790780127727
8a0176,43,1790865627727
fb7fdf,22,1790781027727
99fb8c,38,1790865627727
7544bd,51,1790781027727
66ca85,30,1790781027727
8524cd,25,1790780127727
bf2f47,58,1790780127727
ff5c04,18,1790780127727
b3d945,60,1790780127727
a66e9b,26,1790781027727
16b597,41,1790780127727
0bb271,26,1790865627727
3e9f62,24,1790781027727
0e2e2b,28,1790865627727
6ccf48,26,1790865627727
792eff,57,1790865627727
3b304e,54,1790780127727
68a85f,52,1790865627727
bf5206,42,1790865627727
2f4820,55,1790865627727
77c6ec,39,1790865627727
300a71,46,1790780127727
210ebb,21,1790780127727
e8a9c6,44,1790780127727
099d26,37,1790865627727
00942e,18,1790865627727
aa70b6,35,1790865627727
17bf64,53,1790865627727
761428,34,1790780127727
2b748f,36,1790781027727
e4b412,27,1790781027727
f03f42,42,1790781027727
67bf8a,40,1790865627727
037cf3,43,1790780127727
8e7273,51,1790865627727
03b03b,41,1790781027727
96f6d0,36,1790781027727
bf5b77,32,1790781027727
50b2f6,41,1790781027727
a0df03,35,1790780127727
9fb447,33,1790781027727
6915a0,20,1790780127727
ff552a,15,1790781027727
15bb8d,23,1790780127727
0c4b33,52,1790865627727
a10988,29,1790781027727
2ef59a,21,1790865627727
dd73be,17,1790780127727
7a01b7,36,1790780127727
ccec6e,42,1790865627727
be5897,57,1790781027727
b644fb,46,1790781027727
d1dc49,33,1790781027727
3586e8,30,1790780127727
44aeb9,27,1790781027727
f6a4d0,18,1790780127727
170798,17,1790781027727
83ffdc,47,1790781027727
3d9955,60,1790780127727
5ec74b,55,1790781027727
b6fab6,32,1790780127727
3ad78c,43,1790865627727
94cc58,22,1790780127727
033712,16,1790781027727
a7f3aa,46,1790865627727
0e7d12,19,1790865627727
012f85,45,1790865627727
e86113,57,1790781027727
4a0eb9,19,1790781027727
0b8a17,40,1790781027727
9509fd,22,1790865627727
510fbe,58,1790781027727
8a3fc0,44,1790865627727
6bd797,43,1790865627727
fe81cf,60,1790865627727
ac1b4b,30,1790780127727
2fdf22,23,1790780127727
6eebcf,22,1790781027727
a54726,27,1790780127727
b2177f,60,1790780127727
81ff81,55,1790780127727
79b7b0,57,1790781027727
2fad8c,39,1790780127727
12fd66,15,1790780127727
73ee44,19,1790781027727
c67b2b,52,1790781027727
51e23c,51,1790780127727
ea05c7,26,1790781027727
73a859,25,1790865627727
e6a9d5,54,1790781027727
e655a6,32,1790780127727
fd0629,40,1790780127727
84e546,33,1790865627727
d4ad87,21,1790781027727
396dcf,47,1790781027727
ca0ec3,58,1790781027727
845c40,35,1790865627727
d76c78,21,1790781027727
301a55,18,1790781027727
e1be0d,35,1790780127727
8f4ab8,27,1790781027727
fc0761,40,1790865627727
4d3aae,21,1790780127727
ea8341,47,1790780127727
feb2a8,54,1790781027727
e594d7,41,1790781027727
90fc1a,45,1790781027727
ab1cfb,43,1790780127727
e7fd26,60,1790865627727
6321a5,16,1790781027727
785f17,43,1790780127727
2d0845,50,1790781027727
4f42e2,29,1790780127727
38f503,58,1790780127727
666e19,21,1790780127727
d2765c,47,1790865627727
d952db,25,1790780127727
7b54d5,15,1790781027727
2b656b,39,1790780127727
26715f,33,1790781027727
efc223,50,1790781027727
14588a,39,1790781027727
815442,55,1790780127727
2dae68,50,1790780127727
9161eb,31,1790781027727
11a02e,20,1790865627727
75fcdd,52,1790780127727
296c06,48,1790781027727
6d8e58,40,1790865627727
3127a0,17,1790781027727
75eeb2,42,1790865627727
714d0b,41,1790781027727
3f07a6,37,1790780127727
65d71f,34,1790781027727
7e001f,46,1790781027727
3cc3ed,49,1790865627727
bf9fb4,41,1790865627727
82b08d,60,1790780127727
1f0bc0,26,1790781027727
41075d,38,1790781027727
7cb6e1,38,1790781027727
e9d479,46,1790780127727
0f94eb,59,1790780127727
75957e,38,1790780127727
ed0444,16,1790865627727
969c64,22,1790781027727
4fb81d,58,1790781027727
72cb48,37,1790780127727
5bcaec,47,1790781027727
06dc97,21,1790780127727
2f9882,59,1790780127727
28dd57,18,1790865627727
99be4f,43,1790780127727
98f2ae,20,1790780127727
b05326,55,1790780127727
190a94,53,1790865627727
787b95,21,1790780127727
dc3ee2,42,1790781027727
445d5e,34,1790865627727
4185df,41,1790865627727
f786d0,35,1790780127727
21e789,36,1790865627727
c70027,43,1790780127727
ae65ac,21,1790781027727
710275,30,1790781027727
741779,27,1790781027727
0d793e,52,1790865627727
d84bd9,28,1790865627727
54f1b0,43,1790865627727
7f0308,19,1790781027727
683e85,57,1790781027727
0c07eb,22,1790781027727
e4c92b,46,1790781027727
a6d017,34,1790781027727
45d8a7,43,1790780127727
c3fe08,53,1790781027727
8e783f,39,1790780127727
a37efa,35,1790781027727
96bf4a,33,1790780127727
8500b5,24,1790780127727
7ebd6b,45,1790781027727
b2709f,18,1790780127727
d505d5,32,1790781027727
73652d,22,1790780127727
58c834,21,1790780127727
51d5aa,42,1790865627727
7fb720,18,1790865627727
7067c2,60,1790865627727
49a0aa,23,1790865627727
ee11c4,48,1790781027727
368888,24,1790781027727
81dc27,35,1790780127727
7a25d1,45,1790781027727
ec9bf7,36,1790780127727
b76eaf,46,1790781027727
1a4c34,35,1790865627727
ed74d5,44,1790865627727
59dd29,45,1790780127727
200445,52,1790781027727
1bdedd,28,1790865627727
86b108,30,1790780127727
a28998,32,1790865627727
a2d397,33,1790780127727
bc5ff3,25,1790865627727
a98efe,59,1790781027727
c4c38a,26,1790781027727
094771,17,1790865627727
2b70f7,58,1790865627727
4eb357,43,1790781027727
dc9e99,47,1790781027727
29a5d2,57,1790865627727
774afd,60,1790865627727
d25be5,48,1790781027727
4c5bb6,57,1790780127727
a06601,54,1790780127727
e7c972,43,1790781027727
054165,20,1790780127727
2faed1,35,1790780127727
7d2faa,57,1790865627727
c73436,23,1790865627727
152e1e,36,1790780127727
048e13,48,1790780127727
3c9aee,59,1790865627727
52640b,53,1790865627727
e4b2fb,41,1790780127727
020290,17,1790865627727
4e1130,17,1790780127727
11c4ad,17,1790865627727
9c0c4b,58,1790781027727
cdcbd9,29,1790865627727
c3b421,59,1790781027727
7fdc2b,19,1790865627727
06cf1f,56,1790781027727
75e5d0,29,1790781027727
fa4b0e,38,1790865627727
1b2b84,49,1790780127727
d0bec2,32,1790780127727
e5ce56,44,1790781027727
1776df,58,1790780127727
6c4310,23,1790781027727
ff4061,40,1790865627727
d38111,33,1790780127727
664069,51,1790865627727
8453c0,34,1790781027727
c2ffc0,55,1790865627727
c038b9,21,1790865627727
986a9e,42,1790780127727
03bd06,50,1790865627727
f3fc70,15,1790781027727
4ca683,58,1790780127727
925ba5,34,1790781027727
694547,22,1790780127727
647e87,56,1790780127727
fd7da0,15,1790780127727
91bc6d,39,1790781027727
63e1a1,55,1790865627727
7a6137,15,1790865627727
370349,35,1790781027727
ed8b5e,54,1790780127727
bdb323,30,1790780127727
4a26ab,19,1790781027727
10b5d0,28,1790865627727
ca8679,18,1790781027727
7b280b,49,1790781027727
9302bc,32,1790865627727
1824a9,44,1790781027727
d7ff0d,60,1790781027727
3d8ded,25,1790781027727
981c86,47,1790780127727
a79bb1,46,1790781027727
d068ba,45,1790781027727
be6fed,25,1790865627727
c4380b,22,1790781027727
7ad8c4,20,1790781027727
efbf9b,18,1790781027727
b76d3c,39,1790865627727
25342c,50,1790780127727
1a4ff0,50,1790780127727
68e693,37,1790780127727
e88016,18,1790780127727
b6735c,44,1790781027727
54d5ab,36,1790865627727
91444d,18,1790781027727
467d14,27,1790781027727
75e559,35,1790781027727
3330e9,40,1790780127727
69583c,54,1790865627727
f67e78,32,1790865627727
cba53c,28,1790780127727
ad0b97,50,1790780127727
d5ddef,54,1790780127727
b78db0,21,1790781027727
c2d81d,21,1790865627727
66da75,34,1790781027727
3cf09b,59,1790781027727
4a4aca,31,1790781027727
18d017,34,1790780127727
e03d99,30,1790780127727
34a641,30,1790780127727
c13c09,42,1790780127727
78578f,20,1790865627727
a7f7c0,26,1790781027727
458258,22,1790780127727
b1362b,59,1790865627727
60cdfb,33,1790780127727
009363,27,1790865627727
bbcfaf,38,1790780127727
a43acd,19,1790780127727
d1e6db,48,1790781027727
ac79e1,29,1790781027727
7e16d8,42,1790780127727
fb02d1,52,1790781027727
08bcce,53,1790780127727
5735fd,34,1790781027727
3a8bf3,28,1790781027727
20acaa,17,1790780127727
7928d6,20,1790780127727
5348d6,30,1790780127727
c857ba,21,1790780127727
72c5bf,59,1790781027727
94247f,26,1790865627727
e5b97d,48,1790780127727
a904cd,34,1790781027727
e49c33,36,1790781027727
7d374e,29,1790780127727
4c6599,16,1790781027727
d1259d,16,1790780127727
4beb00,28,1790781027727
c80201,18,1790865627727
a75913,33,1790865627727
088ead,48,1790865627727
86f002,20,1790780127727
3f5fef,52,1790865627727
e2c59a,60,1790865627727
0e55be,21,1790781027727
3aeaba,57,1790865627727
f32782,36,1790780127727
d49552,40,1790781027727
b7fbde,23,1790781027727
aee27e,28,1790781027727
c9674c,19,1790865627727
082cb7,56,1790781027727
320ccd,60,1790781027727
636d26,59,1790865627727
db55cd,54,1790780127727
0c6ce7,38,1790865627727
0d38de,35,1790781027727
7fab9e,19,1790780127727
4577a2,28,1790865627727
b04c9b,40,1790781027727
33723a,37,1790865627727
09641b,42,1790865627727
a09de3,41,1790780127727
627635,29,1790781027727
ce8241,46,1790865627727
6a84b6,21,1790865627727
f86e92,44,1790781027727
d53e52,51,1790781027727
5092f6,54,1790780127727
62ef09,40,1790865627727
43fdbc,29,1790781027727
320165,31,1790865627727
0773bf,33,1790780127727
f5048f,43,1790780127727
01f770,20,1790865627727
4c6e04,49,1790865627727
44ff7d,21,1790865627727
0455dd,54,1790781027727
2a9139,44,1790865627727
48e5a4,21,1790865627727
9dab5e,51,1790780127727
7d1bce,50,1790780127727
02aa42,34,1790865627727
8bad7f,24,1790781027727
cfb71e,47,1790780127727
47c51c,17,1790780127727
7bfb43,40,1790781027727
0e6237,17,1790865627727
f3a892,59,1790865627727
7cce61,22,1790865627727
4c9efb,33,1790780127727
ea81c0,35,1790865627727
1497ed,53,1790781027727
30ea61,40,1790780127727
840d81,37,1790780127727
9cb33d,20,1790865627727
71e9cf,49,1790780127727
82f312,39,1790780127727
425585,33,1790780127727
e69e11,42,1790780127727
dad3fb,44,1790781027727
eddd2c,34,1790780127727
165a96,60,1790865627727
1c69fa,27,1790781027727
d79f37,52,1790780127727
00fdb6,25,1790781027727
6ec359,59,1790780127727
490c3a,29,1790780127727
d26155,55,1790780127727
203c05,49,1790865627727
c6b91a,47,1790865627727
fd70d2,48,1790781027727
361415,40,1790865627727
20f270,30,1790781027727
ada590,52,1790780127727
d95588,34,1790865627727
54bf6f,43,1790781027727
589e73,19,1790780127727
2adbf6,55,1790865627727
9e2626,22,1790780127727
f46b7a,18,1790865627727
7cb693,31,1790865627727
542a08,48,1790865627727
934997,54,1790865627727
73db22,38,1790781027727
e3d54d,44,1790781027727
6a6980,22,1790781027727
b40c69,22,1790780127727
d92cb0,57,1790865627727
cd6e7e,40,1790781027727
a849e0,23,1790780127727
726bb0,40,1790781027727
31dad8,49,1790781027727
f0ec7d,36,1790781027727
db533f,48,1790780127727
7df67f,45,1790780127727
89cae5,54,1790780127727
f1e784,43,1790781027727
16afe4,36,1790781027727
1655ad,29,1790781027727
900055,25,1790865627727
47bb63,53,1790781027727
7d490e,41,1790781027727
6d3256,43,1790780127727
d13cba,56,1790865627727
97cbc8,60,1790780127727
51bc21,60,1790781027727
7ad781,39,1790781027727
7519dd,33,1790780127727
5a796a,21,1790780127727
935aae,42,1790781027727
0f52aa,33,1790780127727
2d8bcf,20,1790781027727
18f51c,15,1790780127727
72c636,26,1790780127727
f2493b,42,1790865627727
3b22b6,57,1790781027727
64ae87,25,1790781027727
b07b8a,25,1790865627727
7e6fc8,49,1790780127727
263cea,22,1790865627727
0e594a,28,1790780127727
08dc22,18,1790780127727
8a1b0e,54,1790865627727
a3c3ee,47,1790865627727
eaa542,35,1790865627727
89f24a,33,1790865627727
07342c,29,1790780127727
85be8c,32,1790865627727
45ee96,59,1790781027727
187545,58,1790865627727
96a944,17,1790781027727
91d228,25,1790865627727
c81378,27,1790865627727
446b94,37,1790781027727
db0659,26,1790865627727
a88a51,29,1790865627727
bcace2,46,1790865627727
0e92b6,34,1790780127727
82a89a,29,1790780127727
079de0,21,1790865627727
444a42,37,1790780127727
4a7abd,17,1790780127727
fdbb2d,45,1790781027727
608f7c,59,1790865627727
7ee2dc,32,1790781027727
10438b,23,1790780127727
999a08,31,1790865627727
2594c2,48,1790865627727
8f8a7e,22,1790865627727
5fe71c,52,1790865627727
e803e5,51,1790780127727
a97e3a,45,1790781027727
31b527,50,1790781027727
118c81,53,1790780127727
67da22,32,1790781027727
be873e,39,1790865627727
2b093a,18,1790780127727
3118eb,58,1790865627727
8265e7,42,1790780127727
72edba,21,1790865627727
f4c691,24,1790781027727
6d0af1,59,1790865627727
a5ea46,27,1790780127727
9c8e96,26,1790781027727
63e876,60,1790781027727
0b1f2a,57,1790865627727
38f3be,19,1790780127727
5b118c,20,1790865627727
2370bb,50,1790865627727
f9f415,31,1790781027727
248959,59,1790865627727
2fbc12,48,1790865627727
e31bbb,52,1790780127727
3c4c60,40,1790865627727
974b20,55,1790780127727
dfb10e,24,1790781027727
0f3ce8,34,1790865627727
3b3e26,45,1790865627727
9bbdfd,26,1790865627727
725a71,27,1790781027727
25b80d,54,1790781027727
71257c,19,1790781027727
5de2d2,57,1790780127727
3f4273,26,1790781027727
7361ff,28,1790781027727
d8a45a,55,1790865627727
66dd16,49,1790780127727
d5f20c,53,1790781027727
52bab0,28,1790865627727
9469a6,36,1790781027727
eb1bc9,33,1790865627727
2da6da,44,1790781027727
b04dd5,42,1790781027727
e69339,25,1790781027727
aba5ad,22,1790865627727
ffdb1f,48,1790781027727
f8659b,24,1790781027727
90af23,47,1790781027727
ff89dd,33,1790780127727
c0dce6,42,1790780127727
3b14d3,39,1790865627727
18f2f7,50,1790780127727
cc5e8b,23,1790781027727
834507,55,1790865627727
6f6840,28,1790781027727
d4650c,56,1790780127727
15606e,43,1790781027727
7c6592,33,1790781027727
cf6433,35,1790781027727
3ccabf,42,1790781027727
485085,51,1790781027727
b14907,35,1790780127727
fb8a1f,43,1790780127727
850b5b,48,1790780127727
36d090,19,1790780127727
72adda,58,1790780127727
576745,29,1790780127727
9b3541,27,1790780127727
eca861,56,1790865627727
b37615,37,1790865627727
9f8dec,44,1790865627727
da4503,46,1790865627727
9f551f,22,1790780127727
c7db60,25,1790865627727
6fbd96,51,1790780127727
4bf635,41,1790865627727
8c3682,15,1790781027727
49bccb,59,1790780127727
e2d649,50,1790865627727
1b9c85,58,1790780127727
9ffba6,22,1790780127727
133ccf,26,1790780127727
6f67d2,16,1790780127727
e63e87,52,1790781027727
b37490,21,1790865627727
7e2c7a,39,1790780127727
85f9ac,17,1790865627727
83ee73,49,1790865627727
9bde1d,38,1790781027727
e87d66,42,1790865627727
6a1168,29,1790865627727
7e348a,33,1790780127727
264ce4,40,1790865627727
10ae1d,32,1790780127727
99f053,34,1790781027727
5e7a09,37,1790865627727
0cd657,31,1790780127727
255e38,49,1790781027727
582a4e,24,1790780127727
59bec2,56,1790780127727
a49187,40,1790781027727
c23c5d,34,1790865627727
26e8ef,19,1790865627727
a41b2c,27,1790865627727
21d876,52,1790781027727
0e4eeb,42,1790865627727
2e8061,33,1790865627727
6ebd84,17,1790780127727
d3cb92,23,1790781027727
c6043c,48,1790781027727
bfc462,15,1790865627727
000f12,58,1790781027727
a089d7,57,1790865627727
97c0c5,32,1790780127727
bf4525,48,1790780127727
aeb74d,28,1790780127727
6d1794,33,1790865627727
0cf3f8,33,1790865627727
75107a,24,1790780127727
ddce4f,38,1790780127727
db0807,57,1790865627727
4d2652,18,1790781027727
8b9ee5,17,1790780127727
79be02,56,1790780127727
7c6c8a,52,1790865627727
190316,56,1790865627727
bde2ae,30,1790780127727
4fd572,22,1790780127727
c880e6,58,1790865627727
6442c5,53,1790781027727
b32009,25,1790781027727
84e2b8,23,1790780127727
d6daa9,46,1790781027727
0d3a01,39,1790781027727
02dbf2,25,1790865627727
fe112b,29,1790780127727
7a3183,36,1790780127727
e96ad7,37,1790780127727
e398a6,53,1790781027727
d1e121,28,1790865627727
2aa925,19,1790780127727
ccb66e,52,1790781027727
df24f0,53,1790780127727
c463a7,31,1790781027727
e67154,57,1790780127727
7b35cc,50,1790780127727
f2865d,39,1790780127727
efb349,59,1790865627727
289c9c,20,1790780127727
a6e702,37,1790781027727
1cadeb,18,1790781027727
5f0e73,52,1790865627727
d02000,55,1790780127727
7b841c,29,1790865627727
fa2c2c,46,1790781027727
583f2d,46,1790781027727
67f9c7,51,1790780127727
3d55d6,43,1790781027727
1d38c1,59,1790780127727
76cc6b,23,1790780127727
d710b1,56,1790865627727
873e8e,37,1790780127727
816130,52,1790780127727
e11db2,33,1790865627727
5051c6,58,1790781027727
765b1e,49,1790780127727
211cf3,54,1790781027727
4e1f3b,56,1790780127727
6fb164,23,1790780127727
7eb9a0,27,1790865627727
e96b10,54,1790780127727
92a8ce,46,1790781027727
798b68,30,1790865627727
4bdbf7,53,1790865627727
facdcf,52,1790780127727
ad8bf7,15,1790781027727
e0ea7a,53,1790865627727
9b4a10,37,1790780127727
e287fc,18,1790865627727
922c8b,36,1790865627727
8ce378,53,1790865627727
b97653,16,1790865627727
f15406,42,1790781027727
c4e112,27,1790781027727
25ffe4,35,1790781027727
92b872,51,1790781027727
dab876,33,1790865627727
a8c29b,48,1790865627727
d8d3d3,41,1790865627727
bf83ce,28,1790781027727
355131,15,1790865627727
0297f2,37,1790865627727
7c531f,35,1790780127727
67e59f,20,1790781027727
15ea47,36,1790781027727
109321,40,1790781027727
7e8cd3,46,1790865627727
f012af,35,1790781027727
5a1a60,45,1790780127727
c87862,41,1790780127727
f94745,54,1790781027727
8f5858,34,1790780127727
d92867,41,1790780127727
b8111c,57,1790781027727
bb26e5,23,1790780127727
04e73f,54,1790780127727
6685aa,31,1790781027727
7c32bf,36,1790780127727
0ca07d,43,1790865627727
12bf9a,41,1790780127727
291050,24,1790865627727
e91ac0,19,1790780127727
67b801,31,1790780127727
d752bd,38,1790865627727
16eacb,48,1790780127727
0a188b,56,1790780127727
387828,49,1790781027727
c4b273,19,1790780127727
324246,46,1790865627727
9c0557,23,1790781027727
e006e4,47,1790781027727
24d1b3,32,1790780127727
7a3cce,20,1790780127727
0d1a9e,51,1790781027727
f72b1a,34,1790781027727
1a1b48,21,1790865627727
0f8c02,35,1790780127727
79fc31,16,1790780127727
92ff96,34,1790865627727
0a7b90,48,1790865627727
0212ca,25,1790865627727
72e33b,25,1790781027727
0cfc54,29,1790780127727
c49893,39,1790865627727
038b75,58,1790865627727
268f4e,26,1790865627727
7f9670,49,1790781027727
106b57,47,1790781027727
0a30bf,17,1790780127727
fdadc5,48,1790780127727
39ab33,21,1790780127727
d82dcb,43,1790780127727
cb939e,56,1790780127727
fcc4f8,16,1790781027727
6255cc,43,1790865627727
49a2fa,28,1790865627727
dfb90e,44,1790865627727
fb1461,55,1790865627727
7a17c0,48,1790865627727
c57d0d,50,1790781027727
fc2430,21,1790865627727
f5cd71,28,1790865627727
546ac2,50,1790865627727
409c86,17,1790781027727
b9cbae,43,1790781027727
5aa70e,37,1790865627727
397776,21,1790865627727
d7a8de,28,1790780127727
08f10e,59,1790780127727
b7ea54,57,1790781027727
f61f59,22,1790781027727
ab44ee,46,1790780127727
08624d,50,1790865627727
05be6d,45,1790781027727
b5773a,26,1790780127727
28b4cf,58,1790781027727
3e49b3,36,1790865627727
3a4bc4,37,1790780127727
528914,23,1790780127727
9eb6d4,45,1790781027727
c9a73a,46,1790781027727
cc8a9a,17,1790865627727
c2a733,33,1790781027727
80db8e,27,1790781027727
7d5158,23,1790780127727
88d677,17,1790781027727
111e55,16,1790865627727
3c0d7f,19,1790865627727
b5710d,37,1790781027727
ff002a,50,1790865627727
9d9e05,30,1790781027727
90788b,56,1790780127727
f2fcca,19,1790780127727
30dc35,49,1790865627727
561f72,28,1790865627727
891021,42,1790865627727
62a120,49,1790781027727
a7e4fd,26,1790780127727
e08107,46,1790865627727
e3c667,36,1790781027727
22a60f,29,1790781027727
98f9b6,42,1790780127727
22057c,49,1790781027727
92b416,48,1790780127727
7bed64,20,1790865627727
2f6ef8,57,1790865627727
6155be,34,1790780127727
50dc52,41,1790865627727
f8a1b7,55,1790780127727
6a1329,25,1790781027727
c980d5,41,1790780127727
3177d8,34,1790865627727
50c414,51,1790865627727
be782e,29,1790781027727
a92ce6,49,1790780127727
77bdd8,47,1790781027727
e80d45,42,1790780127727
903c5f,24,1790781027727
e97394,33,1790865627727
69a38e,15,1790865627727
cb7b92,24,1790865627727
6ef0b1,55,1790780127727
98da5d,31,1790780127727
8aa08d,43,1790780127727
860a17,27,1790780127727
bd04d0,56,1790865627727
10dc4a,29,1790780127727
1fee6e,19,1790781027727
964ae3,27,1790780127727
30a3f4,15,1790780127727
f2d705,52,1790865627727
c4d116,38,1790780127727
ce6a2d,38,1790781027727
c30405,45,1790781027727
0147f3,20,1790781027727
1a3633,37,1790865627727
454cd0,25,1790781027727
9bd5be,44,1790865627727
f50325,51,1790865627727
64ff80,46,1790781027727
02f8b5,53,1790781027727
b102a8,42,1790781027727
8c966e,22,1790865627727
9ba8f4,26,1790781027727
21e941,20,1790865627727
b069b4,54,1790781027727
c9dffa,54,1790865627727
30f55d,46,1790865627727
eb86a8,23,1790780127727
16bd63,20,1790780127727
976315,34,1790781027727
868d8a,23,1790865627727
a0ecae,27,1790780127727
fd20b5,19,1790865627727
19d13e,22,1790780127727
aaa3cc,28,1790780127727
8f5ec3,52,1790781027727
685b4c,54,1790780127727
20a927,43,1790781027727
5747d1,17,1790780127727
1254b6,33,1790781027727
b45c47,34,1790781027727
2d68da,32,1790780127727
fe7cd0,31,1790865627727
2f2992,32,1790780127727
5b503a,39,1790865627727
4d8097,44,1790781027727
c62c2a,22,1790781027727
b0c53f,19,1790781027727
cce6dc,41,1790781027727
4886bc,20,1790781027727
2d7fc6,23,1790781027727
13ae6a,37,1790781027727
43d978,23,1790865627727
131ce2,40,1790781027727
c97259,17,1790865627727
f93566,44,1790865627727
022c6d,32,1790780127727
954668,47,1790781027727
c94988,42,1790865627727
2ab1d2,50,1790780127727
870a15,15,1790781027727
b4c8e5,58,1790865627727
5614a9,27,1790780127727
d7c7e9,18,1790865627727
7d04e2,16,1790865627727
f5107c,34,1790780127727
9de398,21,1790780127727
99d858,58,1790781027727
11a375,52,1790781027727
0d98d3,55,1790781027727
6148bb,36,1790865627727
4441ac,16,1790780127727
cce847,48,1790780127727
9a99fc,31,1790781027727
8bc8f4,16,1790780127727
dab26e,44,1790865627727
e3420b,38,1790865627727
927eba,47,1790780127727
ec3e55,36,1790781027727
115dd3,59,1790780127727
b906eb,33,1790780127727
45b041,51,1790865627727
613128,42,1790865627727
a25699,44,1790780127727
4357dd,34,1790865627727
95f510,32,1790780127727
3e4d80,39,1790865627727
df64fc,35,1790780127727
01d0ee,30,1790781027727
814017,44,1790781027727
c68253,60,1790781027727
5b4798,59,1790781027727
4ef94f,33,1790865627727
d9978d,47,1790865627727
7e1a37,33,1790865627727
7469e7,33,1790781027727
a87fda,31,1790781027727
af902b,33,1790865627727
7428cb,29,1790781027727
d35e7a,37,1790781027727
7c22d1,56,1790780127727
b81359,55,1790780127727
d16ce5,47,1790781027727
919417,22,1790781027727
b80c89,49,1790780127727
d23721,53,1790780127727
e004d2,45,1790781027727
be8599,40,1790781027727
fafe96,43,1790865627727
1aaac2,24,1790781027727
f9278d,43,1790865627727
87c824,46,1790780127727
de98f3,15,1790865627727
a3cc60,15,1790780127727
c644e5,21,1790865627727
41921f,60,1790781027727
4ce76a,15,1790781027727
6e0604,57,1790781027727
9469b9,15,1790780127727
4b49ca,32,1790781027727
bd22e5,48,1790780127727
1b015e,28,1790865627727
12a5b2,42,1790780127727
01e2e2,34,1790781027727
0466ef,48,1790865627727
efa6e4,52,1790780127727
2c884b,15,1790780127727
0c04e7,51,1790781027727
32274c,36,1790780127727
eea6c9,30,1790780127727
141be6,37,1790781027727
dfb092,18,1790780127727
0d2a74,17,1790865627727
b4fe72,42,1790781027727
ff4c5c,46,1790781027727
9095a9,47,1790865627727
fafec6,60,1790780127727
94f16e,46,1790780127727
df251e,29,1790865627727
3a2e49,28,1790781027727
7b8c1c,43,1790780127727
eb397a,28,1790780127727
9a2a99,36,1790865627727
484e8c,22,1790781027727
2f10cb,16,1790781027727
9f4007,20,1790865627727
084a39,32,1790781027727
37aa10,23,1790780127727
9c547e,22,1790781027727
7d3cdb,32,1790780127727
545977,56,1790781027727
631fe1,23,1790781027727
7f50e8,27,1790780127727
febe54,32,1790781027727
a7c9d7,54,1790781027727
2d8474,57,1790781027727
13c9b0,50,1790865627727
e0f5fb,20,1790865627727
faff60,25,1790780127727
7de246,32,1790865627727
821e9c,24,1790781027727
3d1aa2,58,1790780127727
1d8a35,35,1790780127727
bd9212,16,1790781027727
8596ae,41,1790780127727
cd05dc,49,1790781027727
dfe793,31,1790780127727
a86335,51,1790865627727
2b50a2,17,1790780127727
56b2ae,50,1790865627727
67fbf7,27,1790780127727
423766,21,1790780127727
4f65b5,23,1790780127727
75a7d8,54,1790780127727
795fe6,52,1790780127727
93614d,37,1790780127727
4232b4,45,1790780127727
ae5d8e,52,1790865627727
4aa18f,31,1790780127727
104c62,32,1790781027727
d3a2de,44,1790781027727
934476,59,1790780127727
ee319a,36,1790780127727
45cbef,30,1790865627727
2feb8a,40,1790781027727
d1f504,35,1790780127727
fadaf2,40,1790781027727
f8ac0c,37,1790865627727
eda24d,18,1790781027727
a80201,57,1790865627727
53c7eb,16,1790865627727
b75d93,19,1790780127727
b6c170,39,1790781027727
93f59d,18,1790780127727
6917ad,54,1790781027727
e10600,29,1790865627727
b778db,51,1790780127727
cc64ba,59,1790781027727
281032,16,1790781027727
4c052c,25,1790781027727
c8bfa2,41,1790781027727
eb15e2,54,1790781027727
88a62b,58,1790781027727
ea53a8,19,1790865627727
7c4e51,48,1790780127727
23281d,29,1790781027727
c09514,51,1790780127727
dcabac,26,1790781027727
8f9102,37,1790780127727
ea3f8f,23,1790780127727
295e79,26,1790781027727
67d785,15,1790781027727
c842ae,51,1790865627727
e2b074,35,1790780127727
91ab5a,16,1790865627727
1d7bf3,33,1790780127727
41f752,39,1790781027727
7c36ad,34,1790781027727
9772c2,19,1790781027727
071df8,31,1790865627727
e4a5cd,33,1790781027727
b04dd9,25,1790781027727
d42723,30,1790781027727
d8592e,32,1790865627727
5cbd8a,50,1790780127727
cd7e41,16,1790781027727
33a7a3,32,1790781027727
1fd67f,23,1790865627727
87647f,48,1790865627727
94c542,28,1790781027727
324f70,58,1790780127727
39d3e3,25,1790780127727
3d3fab,37,1790780127727
8da32f,52,1790780127727
f6c82e,43,1790780127727
6e9d19,50,1790781027727
e620f5,42,1790781027727
99a5c7,49,1790781027727
cf222a,33,1790865627727
4215fc,44,1790780127727
8ed135,39,1790780127727
fcd5b0,54,1790781027727
ce30d6,40,1790865627727
4b81a2,30,1790865627727
3b5cbc,56,1790780127727
99cab5,22,1790865627727
486aa4,56,1790781027727
0343c1,51,1790780127727
e49559,44,1790780127727
5c9811,44,1790865627727
8edc29,51,1790781027727
e12181,56,1790780127727
79a26e,33,1790865627727
38d995,53,1790780127727
d04f73,50,1790781027727
63557b,19,1790781027727
31d262,47,1790780127727
574815,37,1790780127727
4b7bc1,18,1790780127727
72ecd4,20,1790865627727
986e22,34,1790865627727
997b0c,21,1790865627727
3eb5c4,23,1790780127727
b5a461,42,1790781027727
c8ae8d,31,1790865627727
c7d312,21,1790781027727
35546f,51,1790780127727
122c4c,43,1790780127727
856423,52,1790781027727
342300,37,1790781027727
94ac7e,15,1790780127727
96e08f,54,1790865627727
5c1df4,48,1790780127727
7a5a8e,46,1790865627727
450a9f,21,1790780127727
bf999f,26,1790781027727
b5b389,41,1790780127727
d41a70,38,1790865627727
233ae9,42,1790780127727
b7a3a7,41,1790780127727
d88eb2,23,1790780127727
277675,21,1790781027727
3d3802,28,1790780127727
c39012,31,1790781027727
8d9c51,22,1790865627727
88a246,16,1790865627727
a32585,48,1790865627727
e53c86,29,1790865627727
04ed6b,42,1790865627727
031322,32,1790865627727
5573d5,30,1790781027727
acf327,48,1790781027727
c7e917,31,1790780127727
5dc574,29,1790780127727
695a1b,18,1790780127727
83c666,38,1790780127727
24a3b8,51,1790781027727
29b64f,16,1790781027727
277e18,60,1790781027727
4fea21,52,1790865627727
0c02aa,34,1790781027727
beb1cb,28,1790865627727
128243,32,1790865627727
0c4e60,57,1790865627727
64fa7e,48,1790780127727
af5057,35,1790780127727
e56fb1,16,1790781027727
814723,18,1790865627727
a5c529,49,1790780127727
2d43e4,26,1790865627727
4f4905,37,1790865627727
fd709e,30,1790780127727
812263,41,1790780127727
a49cf1,49,1790781027727
2528ef,32,1790865627727
0bf021,47,1790781027727
0e526e,50,1790780127727
a91cfd,26,1790865627727
814358,24,1790865627727
52c85b,31,1790781027727
aac965,44,1790865627727
a290f0,35,1790780127727
0009c4,56,1790781027727
4ca13b,20,1790781027727
f7ba3d,53,1790865627727
1e7bf8,36,1790780127727
8cbc95,27,1790865627727
47a539,55,1790780127727
816d2c,36,1790780127727
806799,57,1790865627727
b91697,39,1790865627727
9feca5,59,1790781027727
43afb6,38,1790780127727
6f4246,19,1790865627727
ab51b2,16,1790780127727
36512c,19,1790781027727
f32e98,37,1790865627727
527676,31,1790865627727
34c52c,41,1790865627727
3ffce2,16,1790781027727
77ab72,60,1790781027727
6a072a,26,1790780127727
8f60ca,35,1790865627727
42432c,41,1790781027727
f154f5,52,1790780127727
17df4b,39,1790780127727
488595,17,1790781027727
a94ee3,59,1790780127727
1d204c,39,1790781027727
64e7b6,41,1790780127727
b12785,26,1790780127727
b28d91,42,1790865627727
0aabb1,53,1790781027727
f04203,15,1790780127727
cb0f32,59,1790781027727
47e62e,28,1790780127727
f14556,50,1790780127727
c7646e,40,1790780127727
c3a5c6,30,1790781027727
aa6933,29,1790865627727
641088,33,1790780127727
dd7c59,44,1790780127727
f4c02f,51,1790865627727
69fcd0,30,1790781027727
d6321d,21,1790780127727
bf1139,19,1790780127727
5cc448,55,1790781027727
9ecd99,42,1790781027727
0d6676,45,1790780127727
5dd883,42,1790780127727
677545,32,1790781027727
dc757c,16,1790780127727
f313aa,26,1790865627727
f0e2c0,32,1790865627727
92d0d5,53,1790780127727
36d4a8,30,1790865627727
3a0c24,46,1790781027727
d6d644,46,1790780127727
7932da,46,1790780127727
47fa7f,35,1790781027727
0ff218,48,1790780127727
8b12ae,16,1790780127727
eb81b1,56,1790781027727
94073c,55,1790781027727
f77a9c,59,1790781027727
fa892a,32,1790865627727
4b6c10,40,1790780127727
a1f8e1,36,1790865627727
123cf6,50,1790865627727
0f560e,25,1790780127727
f22395,22,1790781027727
6b7a03,37,1790780127727
ca59dd,56,1790781027727
d66f99,40,1790781027727
e3e310,21,1790781027727
d5ae64,48,1790780127727
06a0fb,44,1790780127727
a99f0f,30,1790781027727
55fe54,40,1790781027727
1af1c8,56,1790780127727
1c4260,44,1790781027727
01f0c6,27,1790780127727
7b36e3,19,1790781027727
4f1c94,16,1790780127727
cf3463,22,1790865627727
5519e2,50,1790865627727
88596d,16,1790781027727
07986a,48,1790865627727
151e1f,54,1790780127727
ce083f,21,1790781027727
0c62c9,52,1790865627727
f991bb,39,1790781027727
af754b,49,1790780127727
94cb46,15,1790780127727
e22b48,20,1790865627727
5fe6b2,33,1790865627727
34f687,53,1790780127727
17b56b,52,1790865627727
40c5a1,42,1790865627727
b51d24,22,1790781027727
cd5042,49,1790780127727
7d97ee,16,1790780127727
e8a455,38,1790865627727
7b45d2,37,1790781027727
9940f2,39,1790781027727
e13d2f,47,1790780127727
ad1f1e,54,1790781027727
e4c64b,41,1790781027727
f48a3b,56,1790781027727
