== pass 1: 2250 users (passed up to 0, failed from 0)
TRUNCATE TABLE
SELECT 10000
ALTER TABLE
UPDATE 10000
INSERT 0 10000
COPY 10000
VACUUM
  expiry   | count 
-----------+-------
 HOURS24   |  3351
 MINUTES15 |  3336
 MINUTES30 |  3313
(3 rows)

 rows  |  table  | indexes |  total  
-------+---------+---------+---------
 10000 | 1112 kB | 1456 kB | 2568 kB
(1 row)

wrote /tmp/seed.csv (10000 files). Copy it to the load generator and run load-file-list.sh.
file list loaded: 10000 files
time="2026-09-30T14:42:34Z" level=info msg="Automatic extension resolution is enabled. The current k6 binary doesn't satisfy all dependencies, it's required to provision a custom binary." deps="k6;k6/x/redis"
time="2026-09-30T14:42:35Z" level=info msg="Using cached k6 binary" artifact_id=d29e86c20dd9a49cb84ea3c41fac5b8b8e524e06 deps="map[k6:v2.3.0 k6/x/redis:v0.4.3]" path=/home/admin/.cache/k6/builds/d29e86c20dd9a49cb84ea3c41fac5b8b8e524e06/k6

         /\      Grafana   /‾‾/  
    /\  /  \     |\  __   /  /   
   /  \/    \    | |/ /  /   ‾‾\ 
  /          \   |   (  |  (‾)  |
 / __________ \  |_|\_\  \_____/ 


     execution: local
        script: /home/admin/Mint-Bench/k6/mint.js
        output: csv (/home/admin/Mint-Bench/bench-sql/results/2026-09-30-1442/vus-2250/k6.csv.gz)

     scenarios: (100.00%) 1 scenario, 2250 max VUs, 9m30s max duration (incl. graceful stop):
              * users: Up to 2250 looping VUs for 9m0s over 3 stages (gracefulRampDown: 30s, gracefulStop: 30s)


running (0m00.5s), 0010/2250 VUs, 0 complete and 0 interrupted iterations
users   [   0% ] 0010/2250 VUs  0m00.5s/9m00.0s

running (0m01.5s), 0029/2250 VUs, 0 complete and 0 interrupted iterations
users   [   0% ] 0029/2250 VUs  0m01.5s/9m00.0s

running (0m02.5s), 0047/2250 VUs, 0 complete and 0 interrupted iterations
users   [   0% ] 0047/2250 VUs  0m02.5s/9m00.0s

running (0m03.5s), 0066/2250 VUs, 0 complete and 0 interrupted iterations
users   [   1% ] 0066/2250 VUs  0m03.5s/9m00.0s

running (0m04.5s), 0085/2250 VUs, 0 complete and 0 interrupted iterations
users   [   1% ] 0085/2250 VUs  0m04.5s/9m00.0s

running (0m05.5s), 0103/2250 VUs, 10 complete and 0 interrupted iterations
users   [   1% ] 0103/2250 VUs  0m05.5s/9m00.0s

running (0m06.5s), 0122/2250 VUs, 28 complete and 0 interrupted iterations
users   [   1% ] 0122/2250 VUs  0m06.5s/9m00.0s

running (0m07.5s), 0141/2250 VUs, 47 complete and 0 interrupted iterations
users   [   1% ] 0141/2250 VUs  0m07.5s/9m00.0s

running (0m08.5s), 0160/2250 VUs, 66 complete and 0 interrupted iterations
users   [   2% ] 0160/2250 VUs  0m08.5s/9m00.0s

running (0m09.5s), 0178/2250 VUs, 85 complete and 0 interrupted iterations
users   [   2% ] 0178/2250 VUs  0m09.5s/9m00.0s

running (0m10.5s), 0197/2250 VUs, 113 complete and 0 interrupted iterations
users   [   2% ] 0197/2250 VUs  0m10.5s/9m00.0s

running (0m11.5s), 0216/2250 VUs, 149 complete and 0 interrupted iterations
users   [   2% ] 0216/2250 VUs  0m11.5s/9m00.0s

running (0m12.5s), 0235/2250 VUs, 188 complete and 0 interrupted iterations
users   [   2% ] 0235/2250 VUs  0m12.5s/9m00.0s

running (0m13.5s), 0253/2250 VUs, 224 complete and 0 interrupted iterations
users   [   3% ] 0253/2250 VUs  0m13.5s/9m00.0s

running (0m14.5s), 0272/2250 VUs, 260 complete and 0 interrupted iterations
users   [   3% ] 0272/2250 VUs  0m14.5s/9m00.0s

running (0m15.5s), 0291/2250 VUs, 305 complete and 0 interrupted iterations
users   [   3% ] 0291/2250 VUs  0m15.5s/9m00.0s

running (0m16.5s), 0310/2250 VUs, 363 complete and 0 interrupted iterations
users   [   3% ] 0310/2250 VUs  0m16.5s/9m00.0s

running (0m17.5s), 0329/2250 VUs, 421 complete and 0 interrupted iterations
users   [   3% ] 0329/2250 VUs  0m17.5s/9m00.0s

running (0m18.5s), 0347/2250 VUs, 474 complete and 0 interrupted iterations
users   [   3% ] 0347/2250 VUs  0m18.5s/9m00.0s

running (0m19.5s), 0366/2250 VUs, 529 complete and 0 interrupted iterations
users   [   4% ] 0366/2250 VUs  0m19.5s/9m00.0s

running (0m20.5s), 0385/2250 VUs, 594 complete and 0 interrupted iterations
users   [   4% ] 0385/2250 VUs  0m20.5s/9m00.0s

running (0m21.5s), 0404/2250 VUs, 671 complete and 0 interrupted iterations
users   [   4% ] 0404/2250 VUs  0m21.5s/9m00.0s

running (0m22.5s), 0422/2250 VUs, 746 complete and 0 interrupted iterations
users   [   4% ] 0422/2250 VUs  0m22.5s/9m00.0s

running (0m23.5s), 0441/2250 VUs, 816 complete and 0 interrupted iterations
users   [   4% ] 0441/2250 VUs  0m23.5s/9m00.0s

running (0m24.5s), 0460/2250 VUs, 893 complete and 0 interrupted iterations
users   [   5% ] 0460/2250 VUs  0m24.5s/9m00.0s

running (0m25.5s), 0479/2250 VUs, 976 complete and 0 interrupted iterations
users   [   5% ] 0479/2250 VUs  0m25.5s/9m00.0s

running (0m26.5s), 0497/2250 VUs, 1069 complete and 0 interrupted iterations
users   [   5% ] 0497/2250 VUs  0m26.5s/9m00.0s

running (0m27.5s), 0516/2250 VUs, 1163 complete and 0 interrupted iterations
users   [   5% ] 0516/2250 VUs  0m27.5s/9m00.0s

running (0m28.5s), 0535/2250 VUs, 1251 complete and 0 interrupted iterations
users   [   5% ] 0535/2250 VUs  0m28.5s/9m00.0s

running (0m29.5s), 0553/2250 VUs, 1351 complete and 0 interrupted iterations
users   [   5% ] 0553/2250 VUs  0m29.5s/9m00.0s

running (0m30.5s), 0572/2250 VUs, 1451 complete and 0 interrupted iterations
users   [   6% ] 0572/2250 VUs  0m30.5s/9m00.0s

running (0m31.5s), 0591/2250 VUs, 1563 complete and 0 interrupted iterations
users   [   6% ] 0591/2250 VUs  0m31.5s/9m00.0s

running (0m32.5s), 0610/2250 VUs, 1672 complete and 0 interrupted iterations
users   [   6% ] 0610/2250 VUs  0m32.5s/9m00.0s

running (0m33.5s), 0628/2250 VUs, 1776 complete and 0 interrupted iterations
users   [   6% ] 0629/2250 VUs  0m33.5s/9m00.0s

running (0m34.5s), 0647/2250 VUs, 1896 complete and 0 interrupted iterations
users   [   6% ] 0647/2250 VUs  0m34.5s/9m00.0s

running (0m35.5s), 0666/2250 VUs, 2016 complete and 0 interrupted iterations
users   [   7% ] 0666/2250 VUs  0m35.5s/9m00.0s

running (0m36.5s), 0685/2250 VUs, 2147 complete and 0 interrupted iterations
users   [   7% ] 0685/2250 VUs  0m36.5s/9m00.0s

running (0m37.5s), 0703/2250 VUs, 2277 complete and 0 interrupted iterations
users   [   7% ] 0703/2250 VUs  0m37.5s/9m00.0s

running (0m38.5s), 0722/2250 VUs, 2400 complete and 0 interrupted iterations
users   [   7% ] 0722/2250 VUs  0m38.5s/9m00.0s

running (0m39.5s), 0741/2250 VUs, 2539 complete and 0 interrupted iterations
users   [   7% ] 0741/2250 VUs  0m39.5s/9m00.0s

running (0m40.5s), 0760/2250 VUs, 2677 complete and 0 interrupted iterations
users   [   8% ] 0760/2250 VUs  0m40.5s/9m00.0s

running (0m41.5s), 0778/2250 VUs, 2828 complete and 0 interrupted iterations
users   [   8% ] 0778/2250 VUs  0m41.5s/9m00.0s

running (0m42.5s), 0797/2250 VUs, 2975 complete and 0 interrupted iterations
users   [   8% ] 0797/2250 VUs  0m42.5s/9m00.0s

running (0m43.5s), 0816/2250 VUs, 3116 complete and 0 interrupted iterations
users   [   8% ] 0816/2250 VUs  0m43.5s/9m00.0s

running (0m44.5s), 0835/2250 VUs, 3271 complete and 0 interrupted iterations
users   [   8% ] 0835/2250 VUs  0m44.5s/9m00.0s

running (0m45.5s), 0854/2250 VUs, 3421 complete and 0 interrupted iterations
users   [   8% ] 0854/2250 VUs  0m45.5s/9m00.0s

running (0m46.5s), 0872/2250 VUs, 3593 complete and 0 interrupted iterations
users   [   9% ] 0872/2250 VUs  0m46.5s/9m00.0s

running (0m47.5s), 0891/2250 VUs, 3760 complete and 0 interrupted iterations
users   [   9% ] 0891/2250 VUs  0m47.5s/9m00.0s

running (0m48.5s), 0910/2250 VUs, 3927 complete and 0 interrupted iterations
users   [   9% ] 0910/2250 VUs  0m48.5s/9m00.0s

running (0m49.5s), 0929/2250 VUs, 4099 complete and 0 interrupted iterations
users   [   9% ] 0929/2250 VUs  0m49.5s/9m00.0s

running (0m50.5s), 0947/2250 VUs, 4265 complete and 0 interrupted iterations
users   [   9% ] 0947/2250 VUs  0m50.5s/9m00.0s

running (0m51.5s), 0966/2250 VUs, 4456 complete and 0 interrupted iterations
users   [  10% ] 0966/2250 VUs  0m51.5s/9m00.0s

running (0m52.5s), 0985/2250 VUs, 4642 complete and 0 interrupted iterations
users   [  10% ] 0985/2250 VUs  0m52.5s/9m00.0s

running (0m53.5s), 1003/2250 VUs, 4825 complete and 0 interrupted iterations
users   [  10% ] 1003/2250 VUs  0m53.5s/9m00.0s

running (0m54.5s), 1022/2250 VUs, 5014 complete and 0 interrupted iterations
users   [  10% ] 1022/2250 VUs  0m54.5s/9m00.0s

running (0m55.5s), 1041/2250 VUs, 5198 complete and 0 interrupted iterations
users   [  10% ] 1041/2250 VUs  0m55.5s/9m00.0s

running (0m56.5s), 1060/2250 VUs, 5410 complete and 0 interrupted iterations
users   [  10% ] 1060/2250 VUs  0m56.5s/9m00.0s

running (0m57.5s), 1078/2250 VUs, 5614 complete and 0 interrupted iterations
users   [  11% ] 1078/2250 VUs  0m57.5s/9m00.0s

running (0m58.5s), 1097/2250 VUs, 5818 complete and 0 interrupted iterations
users   [  11% ] 1097/2250 VUs  0m58.5s/9m00.0s

running (0m59.5s), 1116/2250 VUs, 6025 complete and 0 interrupted iterations
users   [  11% ] 1116/2250 VUs  0m59.5s/9m00.0s

running (1m00.5s), 1135/2250 VUs, 6226 complete and 0 interrupted iterations
users   [  11% ] 1135/2250 VUs  1m00.5s/9m00.0s

running (1m01.5s), 1153/2250 VUs, 6458 complete and 0 interrupted iterations
users   [  11% ] 1153/2250 VUs  1m01.5s/9m00.0s

running (1m02.5s), 1172/2250 VUs, 6678 complete and 0 interrupted iterations
users   [  12% ] 1172/2250 VUs  1m02.5s/9m00.0s

running (1m03.5s), 1191/2250 VUs, 6899 complete and 0 interrupted iterations
users   [  12% ] 1191/2250 VUs  1m03.5s/9m00.0s

running (1m04.5s), 1210/2250 VUs, 7124 complete and 0 interrupted iterations
users   [  12% ] 1210/2250 VUs  1m04.5s/9m00.0s

running (1m05.5s), 1228/2250 VUs, 7346 complete and 0 interrupted iterations
users   [  12% ] 1228/2250 VUs  1m05.5s/9m00.0s

running (1m06.5s), 1247/2250 VUs, 7600 complete and 0 interrupted iterations
users   [  12% ] 1247/2250 VUs  1m06.5s/9m00.0s

running (1m07.5s), 1266/2250 VUs, 7839 complete and 0 interrupted iterations
users   [  13% ] 1266/2250 VUs  1m07.5s/9m00.0s

running (1m08.5s), 1285/2250 VUs, 8074 complete and 0 interrupted iterations
users   [  13% ] 1285/2250 VUs  1m08.5s/9m00.0s

running (1m09.5s), 1303/2250 VUs, 8323 complete and 0 interrupted iterations
users   [  13% ] 1303/2250 VUs  1m09.5s/9m00.0s

running (1m10.5s), 1322/2250 VUs, 8566 complete and 0 interrupted iterations
users   [  13% ] 1322/2250 VUs  1m10.5s/9m00.0s

running (1m11.5s), 1341/2250 VUs, 8840 complete and 0 interrupted iterations
users   [  13% ] 1341/2250 VUs  1m11.5s/9m00.0s

running (1m12.5s), 1360/2250 VUs, 9094 complete and 0 interrupted iterations
users   [  13% ] 1360/2250 VUs  1m12.5s/9m00.0s

running (1m13.5s), 1378/2250 VUs, 9338 complete and 0 interrupted iterations
users   [  14% ] 1378/2250 VUs  1m13.5s/9m00.0s

running (1m14.5s), 1397/2250 VUs, 9604 complete and 0 interrupted iterations
users   [  14% ] 1397/2250 VUs  1m14.5s/9m00.0s

running (1m15.5s), 1416/2250 VUs, 9871 complete and 0 interrupted iterations
users   [  14% ] 1416/2250 VUs  1m15.5s/9m00.0s

running (1m16.5s), 1435/2250 VUs, 10169 complete and 0 interrupted iterations
users   [  14% ] 1435/2250 VUs  1m16.5s/9m00.0s

running (1m17.5s), 1454/2250 VUs, 10444 complete and 0 interrupted iterations
users   [  14% ] 1454/2250 VUs  1m17.5s/9m00.0s

running (1m18.5s), 1472/2250 VUs, 10699 complete and 0 interrupted iterations
users   [  15% ] 1472/2250 VUs  1m18.5s/9m00.0s

running (1m19.5s), 1491/2250 VUs, 10981 complete and 0 interrupted iterations
users   [  15% ] 1491/2250 VUs  1m19.5s/9m00.0s

running (1m20.5s), 1510/2250 VUs, 11269 complete and 0 interrupted iterations
users   [  15% ] 1510/2250 VUs  1m20.5s/9m00.0s

running (1m21.5s), 1528/2250 VUs, 11578 complete and 0 interrupted iterations
users   [  15% ] 1528/2250 VUs  1m21.5s/9m00.0s

running (1m22.5s), 1547/2250 VUs, 11874 complete and 0 interrupted iterations
users   [  15% ] 1547/2250 VUs  1m22.5s/9m00.0s

running (1m23.5s), 1566/2250 VUs, 12147 complete and 0 interrupted iterations
users   [  15% ] 1566/2250 VUs  1m23.5s/9m00.0s

running (1m24.5s), 1585/2250 VUs, 12446 complete and 0 interrupted iterations
users   [  16% ] 1585/2250 VUs  1m24.5s/9m00.0s

running (1m25.5s), 1604/2250 VUs, 12753 complete and 0 interrupted iterations
users   [  16% ] 1604/2250 VUs  1m25.5s/9m00.0s

running (1m26.5s), 1622/2250 VUs, 13084 complete and 0 interrupted iterations
users   [  16% ] 1622/2250 VUs  1m26.5s/9m00.0s

running (1m27.5s), 1641/2250 VUs, 13406 complete and 0 interrupted iterations
users   [  16% ] 1641/2250 VUs  1m27.5s/9m00.0s

running (1m28.5s), 1660/2250 VUs, 13699 complete and 0 interrupted iterations
users   [  16% ] 1660/2250 VUs  1m28.5s/9m00.0s

running (1m29.5s), 1679/2250 VUs, 14014 complete and 0 interrupted iterations
users   [  17% ] 1679/2250 VUs  1m29.5s/9m00.0s

running (1m30.5s), 1697/2250 VUs, 14344 complete and 0 interrupted iterations
users   [  17% ] 1697/2250 VUs  1m30.5s/9m00.0s

running (1m31.5s), 1716/2250 VUs, 14689 complete and 0 interrupted iterations
users   [  17% ] 1716/2250 VUs  1m31.5s/9m00.0s

running (1m32.5s), 1735/2250 VUs, 15026 complete and 0 interrupted iterations
users   [  17% ] 1735/2250 VUs  1m32.5s/9m00.0s

running (1m33.5s), 1753/2250 VUs, 15338 complete and 0 interrupted iterations
users   [  17% ] 1753/2250 VUs  1m33.5s/9m00.0s

running (1m34.5s), 1772/2250 VUs, 15672 complete and 0 interrupted iterations
users   [  18% ] 1772/2250 VUs  1m34.5s/9m00.0s

running (1m35.5s), 1791/2250 VUs, 16021 complete and 0 interrupted iterations
users   [  18% ] 1791/2250 VUs  1m35.5s/9m00.0s

running (1m36.5s), 1810/2250 VUs, 16379 complete and 0 interrupted iterations
users   [  18% ] 1810/2250 VUs  1m36.5s/9m00.0s

running (1m37.5s), 1828/2250 VUs, 16736 complete and 0 interrupted iterations
users   [  18% ] 1828/2250 VUs  1m37.5s/9m00.0s

running (1m38.5s), 1847/2250 VUs, 17069 complete and 0 interrupted iterations
users   [  18% ] 1847/2250 VUs  1m38.5s/9m00.0s

running (1m39.5s), 1866/2250 VUs, 17426 complete and 0 interrupted iterations
users   [  18% ] 1866/2250 VUs  1m39.5s/9m00.0s

running (1m40.5s), 1885/2250 VUs, 17795 complete and 0 interrupted iterations
users   [  19% ] 1885/2250 VUs  1m40.5s/9m00.0s

running (1m41.5s), 1904/2250 VUs, 18163 complete and 0 interrupted iterations
users   [  19% ] 1904/2250 VUs  1m41.5s/9m00.0s

running (1m42.5s), 1922/2250 VUs, 18540 complete and 0 interrupted iterations
users   [  19% ] 1922/2250 VUs  1m42.5s/9m00.0s

running (1m43.5s), 1941/2250 VUs, 18893 complete and 0 interrupted iterations
users   [  19% ] 1941/2250 VUs  1m43.5s/9m00.0s

running (1m44.5s), 1960/2250 VUs, 19265 complete and 0 interrupted iterations
users   [  19% ] 1960/2250 VUs  1m44.5s/9m00.0s

running (1m45.5s), 1978/2250 VUs, 19655 complete and 0 interrupted iterations
users   [  20% ] 1978/2250 VUs  1m45.5s/9m00.0s

running (1m46.5s), 1997/2250 VUs, 20050 complete and 0 interrupted iterations
users   [  20% ] 1997/2250 VUs  1m46.5s/9m00.0s

running (1m47.5s), 2016/2250 VUs, 20453 complete and 0 interrupted iterations
users   [  20% ] 2016/2250 VUs  1m47.5s/9m00.0s

running (1m48.5s), 2035/2250 VUs, 20822 complete and 0 interrupted iterations
users   [  20% ] 2035/2250 VUs  1m48.5s/9m00.0s

running (1m49.5s), 2053/2250 VUs, 21191 complete and 0 interrupted iterations
users   [  20% ] 2053/2250 VUs  1m49.5s/9m00.0s

running (1m50.5s), 2072/2250 VUs, 21610 complete and 0 interrupted iterations
users   [  20% ] 2072/2250 VUs  1m50.5s/9m00.0s

running (1m51.5s), 2091/2250 VUs, 22024 complete and 0 interrupted iterations
users   [  21% ] 2091/2250 VUs  1m51.5s/9m00.0s

running (1m52.5s), 2110/2250 VUs, 22446 complete and 0 interrupted iterations
users   [  21% ] 2110/2250 VUs  1m52.5s/9m00.0s

running (1m53.5s), 2129/2250 VUs, 22834 complete and 0 interrupted iterations
users   [  21% ] 2129/2250 VUs  1m53.5s/9m00.0s

running (1m54.5s), 2147/2250 VUs, 23215 complete and 0 interrupted iterations
users   [  21% ] 2147/2250 VUs  1m54.5s/9m00.0s

running (1m55.5s), 2166/2250 VUs, 23662 complete and 0 interrupted iterations
users   [  21% ] 2166/2250 VUs  1m55.5s/9m00.0s

running (1m56.5s), 2185/2250 VUs, 24088 complete and 0 interrupted iterations
users   [  22% ] 2185/2250 VUs  1m56.5s/9m00.0s

running (1m57.5s), 2204/2250 VUs, 24528 complete and 0 interrupted iterations
users   [  22% ] 2204/2250 VUs  1m57.5s/9m00.0s

running (1m58.5s), 2222/2250 VUs, 24940 complete and 0 interrupted iterations
users   [  22% ] 2222/2250 VUs  1m58.5s/9m00.0s

running (1m59.5s), 2241/2250 VUs, 25332 complete and 0 interrupted iterations
users   [  22% ] 2241/2250 VUs  1m59.5s/9m00.0s

running (2m00.5s), 2250/2250 VUs, 25806 complete and 0 interrupted iterations
users   [  22% ] 2250/2250 VUs  2m00.5s/9m00.0s

running (2m01.5s), 2250/2250 VUs, 26252 complete and 0 interrupted iterations
users   [  23% ] 2250/2250 VUs  2m01.5s/9m00.0s

running (2m02.5s), 2250/2250 VUs, 26710 complete and 0 interrupted iterations
users   [  23% ] 2250/2250 VUs  2m02.5s/9m00.0s

running (2m03.6s), 2250/2250 VUs, 27135 complete and 0 interrupted iterations
users   [  23% ] 2250/2250 VUs  2m03.6s/9m00.0s

running (2m04.5s), 2250/2250 VUs, 27543 complete and 0 interrupted iterations
users   [  23% ] 2250/2250 VUs  2m04.5s/9m00.0s

running (2m05.5s), 2250/2250 VUs, 28027 complete and 0 interrupted iterations
users   [  23% ] 2250/2250 VUs  2m05.5s/9m00.0s

running (2m06.5s), 2250/2250 VUs, 28475 complete and 0 interrupted iterations
users   [  23% ] 2250/2250 VUs  2m06.5s/9m00.0s

running (2m07.5s), 2250/2250 VUs, 28929 complete and 0 interrupted iterations
users   [  24% ] 2250/2250 VUs  2m07.5s/9m00.0s

running (2m08.5s), 2250/2250 VUs, 29354 complete and 0 interrupted iterations
users   [  24% ] 2250/2250 VUs  2m08.5s/9m00.0s

running (2m09.5s), 2250/2250 VUs, 29761 complete and 0 interrupted iterations
users   [  24% ] 2250/2250 VUs  2m09.5s/9m00.0s

running (2m10.5s), 2250/2250 VUs, 30253 complete and 0 interrupted iterations
users   [  24% ] 2250/2250 VUs  2m10.5s/9m00.0s

running (2m11.5s), 2250/2250 VUs, 30704 complete and 0 interrupted iterations
users   [  24% ] 2250/2250 VUs  2m11.5s/9m00.0s

running (2m12.5s), 2250/2250 VUs, 31157 complete and 0 interrupted iterations
users   [  25% ] 2250/2250 VUs  2m12.5s/9m00.0s

running (2m13.5s), 2250/2250 VUs, 31579 complete and 0 interrupted iterations
users   [  25% ] 2250/2250 VUs  2m13.5s/9m00.0s

running (2m14.5s), 2250/2250 VUs, 31974 complete and 0 interrupted iterations
users   [  25% ] 2250/2250 VUs  2m14.5s/9m00.0s

running (2m15.5s), 2250/2250 VUs, 32467 complete and 0 interrupted iterations
users   [  25% ] 2250/2250 VUs  2m15.5s/9m00.0s

running (2m16.5s), 2250/2250 VUs, 32924 complete and 0 interrupted iterations
users   [  25% ] 2250/2250 VUs  2m16.5s/9m00.0s

running (2m17.5s), 2250/2250 VUs, 33380 complete and 0 interrupted iterations
users   [  25% ] 2250/2250 VUs  2m17.5s/9m00.0s

running (2m18.5s), 2250/2250 VUs, 33803 complete and 0 interrupted iterations
users   [  26% ] 2250/2250 VUs  2m18.5s/9m00.0s

running (2m19.5s), 2250/2250 VUs, 34198 complete and 0 interrupted iterations
users   [  26% ] 2250/2250 VUs  2m19.5s/9m00.0s

running (2m20.5s), 2250/2250 VUs, 34690 complete and 0 interrupted iterations
users   [  26% ] 2250/2250 VUs  2m20.5s/9m00.0s

running (2m21.5s), 2250/2250 VUs, 35149 complete and 0 interrupted iterations
users   [  26% ] 2250/2250 VUs  2m21.5s/9m00.0s

running (2m22.5s), 2250/2250 VUs, 35598 complete and 0 interrupted iterations
users   [  26% ] 2250/2250 VUs  2m22.5s/9m00.0s

running (2m23.5s), 2250/2250 VUs, 36020 complete and 0 interrupted iterations
users   [  27% ] 2250/2250 VUs  2m23.5s/9m00.0s

running (2m24.5s), 2250/2250 VUs, 36416 complete and 0 interrupted iterations
users   [  27% ] 2250/2250 VUs  2m24.5s/9m00.0s

running (2m25.5s), 2250/2250 VUs, 36917 complete and 0 interrupted iterations
users   [  27% ] 2250/2250 VUs  2m25.5s/9m00.0s

running (2m26.5s), 2250/2250 VUs, 37374 complete and 0 interrupted iterations
users   [  27% ] 2250/2250 VUs  2m26.5s/9m00.0s

running (2m27.5s), 2250/2250 VUs, 37831 complete and 0 interrupted iterations
users   [  27% ] 2250/2250 VUs  2m27.5s/9m00.0s

running (2m28.5s), 2250/2250 VUs, 38252 complete and 0 interrupted iterations
users   [  28% ] 2250/2250 VUs  2m28.5s/9m00.0s

running (2m29.5s), 2250/2250 VUs, 38609 complete and 0 interrupted iterations
users   [  28% ] 2250/2250 VUs  2m29.5s/9m00.0s

running (2m30.5s), 2250/2250 VUs, 39111 complete and 0 interrupted iterations
users   [  28% ] 2250/2250 VUs  2m30.5s/9m00.0s

running (2m31.5s), 2250/2250 VUs, 39590 complete and 0 interrupted iterations
users   [  28% ] 2250/2250 VUs  2m31.5s/9m00.0s

running (2m32.5s), 2250/2250 VUs, 40044 complete and 0 interrupted iterations
users   [  28% ] 2250/2250 VUs  2m32.5s/9m00.0s

running (2m33.5s), 2250/2250 VUs, 40472 complete and 0 interrupted iterations
users   [  28% ] 2250/2250 VUs  2m33.5s/9m00.0s

running (2m34.5s), 2250/2250 VUs, 40844 complete and 0 interrupted iterations
users   [  29% ] 2250/2250 VUs  2m34.5s/9m00.0s

running (2m35.5s), 2250/2250 VUs, 41341 complete and 0 interrupted iterations
users   [  29% ] 2250/2250 VUs  2m35.5s/9m00.0s

running (2m36.5s), 2250/2250 VUs, 41811 complete and 0 interrupted iterations
users   [  29% ] 2250/2250 VUs  2m36.5s/9m00.0s

running (2m37.5s), 2250/2250 VUs, 42258 complete and 0 interrupted iterations
users   [  29% ] 2250/2250 VUs  2m37.5s/9m00.0s

running (2m38.5s), 2250/2250 VUs, 42690 complete and 0 interrupted iterations
users   [  29% ] 2250/2250 VUs  2m38.5s/9m00.0s

running (2m39.5s), 2250/2250 VUs, 43067 complete and 0 interrupted iterations
users   [  30% ] 2250/2250 VUs  2m39.5s/9m00.0s

running (2m40.5s), 2250/2250 VUs, 43566 complete and 0 interrupted iterations
users   [  30% ] 2250/2250 VUs  2m40.5s/9m00.0s

running (2m41.5s), 2250/2250 VUs, 44043 complete and 0 interrupted iterations
users   [  30% ] 2250/2250 VUs  2m41.5s/9m00.0s

running (2m42.5s), 2250/2250 VUs, 44487 complete and 0 interrupted iterations
users   [  30% ] 2250/2250 VUs  2m42.5s/9m00.0s

running (2m43.5s), 2250/2250 VUs, 44917 complete and 0 interrupted iterations
users   [  30% ] 2250/2250 VUs  2m43.5s/9m00.0s

running (2m44.5s), 2250/2250 VUs, 45294 complete and 0 interrupted iterations
users   [  30% ] 2250/2250 VUs  2m44.5s/9m00.0s

running (2m45.5s), 2250/2250 VUs, 45792 complete and 0 interrupted iterations
users   [  31% ] 2250/2250 VUs  2m45.5s/9m00.0s

running (2m46.5s), 2250/2250 VUs, 46273 complete and 0 interrupted iterations
users   [  31% ] 2250/2250 VUs  2m46.5s/9m00.0s

running (2m47.5s), 2250/2250 VUs, 46712 complete and 0 interrupted iterations
users   [  31% ] 2250/2250 VUs  2m47.5s/9m00.0s

running (2m48.5s), 2250/2250 VUs, 47141 complete and 0 interrupted iterations
users   [  31% ] 2250/2250 VUs  2m48.5s/9m00.0s

running (2m49.5s), 2250/2250 VUs, 47525 complete and 0 interrupted iterations
users   [  31% ] 2250/2250 VUs  2m49.5s/9m00.0s

running (2m50.5s), 2250/2250 VUs, 48023 complete and 0 interrupted iterations
users   [  32% ] 2250/2250 VUs  2m50.5s/9m00.0s

running (2m51.5s), 2250/2250 VUs, 48469 complete and 0 interrupted iterations
users   [  32% ] 2250/2250 VUs  2m51.5s/9m00.0s

running (2m52.5s), 2250/2250 VUs, 48933 complete and 0 interrupted iterations
users   [  32% ] 2250/2250 VUs  2m52.5s/9m00.0s

running (2m53.5s), 2250/2250 VUs, 49366 complete and 0 interrupted iterations
users   [  32% ] 2250/2250 VUs  2m53.5s/9m00.0s

running (2m54.5s), 2250/2250 VUs, 49748 complete and 0 interrupted iterations
users   [  32% ] 2250/2250 VUs  2m54.5s/9m00.0s

running (2m55.5s), 2250/2250 VUs, 50243 complete and 0 interrupted iterations
users   [  33% ] 2250/2250 VUs  2m55.5s/9m00.0s

running (2m56.5s), 2250/2250 VUs, 50694 complete and 0 interrupted iterations
users   [  33% ] 2250/2250 VUs  2m56.5s/9m00.0s

running (2m57.5s), 2250/2250 VUs, 51161 complete and 0 interrupted iterations
users   [  33% ] 2250/2250 VUs  2m57.5s/9m00.0s

running (2m58.5s), 2250/2250 VUs, 51594 complete and 0 interrupted iterations
users   [  33% ] 2250/2250 VUs  2m58.5s/9m00.0s

running (2m59.5s), 2250/2250 VUs, 51966 complete and 0 interrupted iterations
users   [  33% ] 2250/2250 VUs  2m59.5s/9m00.0s

running (3m00.5s), 2250/2250 VUs, 52470 complete and 0 interrupted iterations
users   [  33% ] 2250/2250 VUs  3m00.5s/9m00.0s

running (3m01.5s), 2250/2250 VUs, 52912 complete and 0 interrupted iterations
users   [  34% ] 2250/2250 VUs  3m01.5s/9m00.0s

running (3m02.5s), 2250/2250 VUs, 53386 complete and 0 interrupted iterations
users   [  34% ] 2250/2250 VUs  3m02.5s/9m00.0s

running (3m03.5s), 2250/2250 VUs, 53818 complete and 0 interrupted iterations
users   [  34% ] 2250/2250 VUs  3m03.5s/9m00.0s

running (3m04.5s), 2250/2250 VUs, 54186 complete and 0 interrupted iterations
users   [  34% ] 2250/2250 VUs  3m04.5s/9m00.0s

running (3m05.5s), 2250/2250 VUs, 54681 complete and 0 interrupted iterations
users   [  34% ] 2250/2250 VUs  3m05.5s/9m00.0s

running (3m06.5s), 2250/2250 VUs, 55130 complete and 0 interrupted iterations
users   [  35% ] 2250/2250 VUs  3m06.5s/9m00.0s

running (3m07.5s), 2250/2250 VUs, 55615 complete and 0 interrupted iterations
users   [  35% ] 2250/2250 VUs  3m07.5s/9m00.0s

running (3m08.5s), 2250/2250 VUs, 56056 complete and 0 interrupted iterations
users   [  35% ] 2250/2250 VUs  3m08.5s/9m00.0s

running (3m09.5s), 2250/2250 VUs, 56421 complete and 0 interrupted iterations
users   [  35% ] 2250/2250 VUs  3m09.5s/9m00.0s

running (3m10.5s), 2250/2250 VUs, 56909 complete and 0 interrupted iterations
users   [  35% ] 2250/2250 VUs  3m10.5s/9m00.0s

running (3m11.5s), 2250/2250 VUs, 57354 complete and 0 interrupted iterations
users   [  35% ] 2250/2250 VUs  3m11.5s/9m00.0s

running (3m12.5s), 2250/2250 VUs, 57834 complete and 0 interrupted iterations
users   [  36% ] 2250/2250 VUs  3m12.5s/9m00.0s

running (3m13.5s), 2250/2250 VUs, 58270 complete and 0 interrupted iterations
users   [  36% ] 2250/2250 VUs  3m13.5s/9m00.0s

running (3m14.5s), 2250/2250 VUs, 58643 complete and 0 interrupted iterations
users   [  36% ] 2250/2250 VUs  3m14.5s/9m00.0s

running (3m15.5s), 2250/2250 VUs, 59131 complete and 0 interrupted iterations
users   [  36% ] 2250/2250 VUs  3m15.5s/9m00.0s

running (3m16.5s), 2250/2250 VUs, 59583 complete and 0 interrupted iterations
users   [  36% ] 2250/2250 VUs  3m16.5s/9m00.0s

running (3m17.5s), 2250/2250 VUs, 60063 complete and 0 interrupted iterations
users   [  37% ] 2250/2250 VUs  3m17.5s/9m00.0s

running (3m18.5s), 2250/2250 VUs, 60498 complete and 0 interrupted iterations
users   [  37% ] 2250/2250 VUs  3m18.5s/9m00.0s

running (3m19.5s), 2250/2250 VUs, 60875 complete and 0 interrupted iterations
users   [  37% ] 2250/2250 VUs  3m19.5s/9m00.0s

running (3m20.5s), 2250/2250 VUs, 61354 complete and 0 interrupted iterations
users   [  37% ] 2250/2250 VUs  3m20.5s/9m00.0s

running (3m21.5s), 2250/2250 VUs, 61821 complete and 0 interrupted iterations
users   [  37% ] 2250/2250 VUs  3m21.5s/9m00.0s

running (3m22.5s), 2250/2250 VUs, 62297 complete and 0 interrupted iterations
users   [  38% ] 2250/2250 VUs  3m22.5s/9m00.0s

running (3m23.5s), 2250/2250 VUs, 62722 complete and 0 interrupted iterations
users   [  38% ] 2250/2250 VUs  3m23.5s/9m00.0s

running (3m24.5s), 2250/2250 VUs, 63107 complete and 0 interrupted iterations
users   [  38% ] 2250/2250 VUs  3m24.5s/9m00.0s

running (3m25.5s), 2250/2250 VUs, 63576 complete and 0 interrupted iterations
users   [  38% ] 2250/2250 VUs  3m25.5s/9m00.0s

running (3m26.5s), 2250/2250 VUs, 64044 complete and 0 interrupted iterations
users   [  38% ] 2250/2250 VUs  3m26.5s/9m00.0s

running (3m27.5s), 2250/2250 VUs, 64513 complete and 0 interrupted iterations
users   [  38% ] 2250/2250 VUs  3m27.5s/9m00.0s

running (3m28.5s), 2250/2250 VUs, 64951 complete and 0 interrupted iterations
users   [  39% ] 2250/2250 VUs  3m28.5s/9m00.0s

running (3m29.5s), 2250/2250 VUs, 65341 complete and 0 interrupted iterations
users   [  39% ] 2250/2250 VUs  3m29.5s/9m00.0s

running (3m30.5s), 2250/2250 VUs, 65803 complete and 0 interrupted iterations
users   [  39% ] 2250/2250 VUs  3m30.5s/9m00.0s

running (3m31.5s), 2250/2250 VUs, 66253 complete and 0 interrupted iterations
users   [  39% ] 2250/2250 VUs  3m31.5s/9m00.0s

running (3m32.5s), 2250/2250 VUs, 66737 complete and 0 interrupted iterations
users   [  39% ] 2250/2250 VUs  3m32.5s/9m00.0s

running (3m33.5s), 2250/2250 VUs, 67176 complete and 0 interrupted iterations
users   [  40% ] 2250/2250 VUs  3m33.5s/9m00.0s

running (3m34.5s), 2250/2250 VUs, 67561 complete and 0 interrupted iterations
users   [  40% ] 2250/2250 VUs  3m34.5s/9m00.0s

running (3m35.5s), 2250/2250 VUs, 68032 complete and 0 interrupted iterations
users   [  40% ] 2250/2250 VUs  3m35.5s/9m00.0s

running (3m36.5s), 2250/2250 VUs, 68480 complete and 0 interrupted iterations
users   [  40% ] 2250/2250 VUs  3m36.5s/9m00.0s

running (3m37.5s), 2250/2250 VUs, 68968 complete and 0 interrupted iterations
users   [  40% ] 2250/2250 VUs  3m37.5s/9m00.0s

running (3m38.5s), 2250/2250 VUs, 69406 complete and 0 interrupted iterations
users   [  40% ] 2250/2250 VUs  3m38.5s/9m00.0s

running (3m39.5s), 2250/2250 VUs, 69795 complete and 0 interrupted iterations
users   [  41% ] 2250/2250 VUs  3m39.5s/9m00.0s

running (3m40.5s), 2250/2250 VUs, 70260 complete and 0 interrupted iterations
users   [  41% ] 2250/2250 VUs  3m40.5s/9m00.0s

running (3m41.5s), 2250/2250 VUs, 70704 complete and 0 interrupted iterations
users   [  41% ] 2250/2250 VUs  3m41.5s/9m00.0s

running (3m42.5s), 2250/2250 VUs, 71199 complete and 0 interrupted iterations
users   [  41% ] 2250/2250 VUs  3m42.5s/9m00.0s

running (3m43.5s), 2250/2250 VUs, 71633 complete and 0 interrupted iterations
users   [  41% ] 2250/2250 VUs  3m43.5s/9m00.0s

running (3m44.5s), 2250/2250 VUs, 72030 complete and 0 interrupted iterations
users   [  42% ] 2250/2250 VUs  3m44.5s/9m00.0s

running (3m45.5s), 2250/2250 VUs, 72488 complete and 0 interrupted iterations
users   [  42% ] 2250/2250 VUs  3m45.5s/9m00.0s

running (3m46.5s), 2250/2250 VUs, 72939 complete and 0 interrupted iterations
users   [  42% ] 2250/2250 VUs  3m46.5s/9m00.0s

running (3m47.5s), 2250/2250 VUs, 73429 complete and 0 interrupted iterations
users   [  42% ] 2250/2250 VUs  3m47.5s/9m00.0s

running (3m48.5s), 2250/2250 VUs, 73861 complete and 0 interrupted iterations
users   [  42% ] 2250/2250 VUs  3m48.5s/9m00.0s

running (3m49.5s), 2250/2250 VUs, 74257 complete and 0 interrupted iterations
users   [  43% ] 2250/2250 VUs  3m49.5s/9m00.0s

running (3m50.5s), 2250/2250 VUs, 74718 complete and 0 interrupted iterations
users   [  43% ] 2250/2250 VUs  3m50.5s/9m00.0s

running (3m51.5s), 2250/2250 VUs, 75165 complete and 0 interrupted iterations
users   [  43% ] 2250/2250 VUs  3m51.5s/9m00.0s

running (3m52.5s), 2250/2250 VUs, 75659 complete and 0 interrupted iterations
users   [  43% ] 2250/2250 VUs  3m52.5s/9m00.0s

running (3m53.5s), 2250/2250 VUs, 76091 complete and 0 interrupted iterations
users   [  43% ] 2250/2250 VUs  3m53.5s/9m00.0s

running (3m54.5s), 2250/2250 VUs, 76484 complete and 0 interrupted iterations
users   [  43% ] 2250/2250 VUs  3m54.5s/9m00.0s

running (3m55.5s), 2250/2250 VUs, 76939 complete and 0 interrupted iterations
users   [  44% ] 2250/2250 VUs  3m55.5s/9m00.0s

running (3m56.5s), 2250/2250 VUs, 77376 complete and 0 interrupted iterations
users   [  44% ] 2250/2250 VUs  3m56.5s/9m00.0s

running (3m57.5s), 2250/2250 VUs, 77874 complete and 0 interrupted iterations
users   [  44% ] 2250/2250 VUs  3m57.5s/9m00.0s

running (3m58.5s), 2250/2250 VUs, 78317 complete and 0 interrupted iterations
users   [  44% ] 2250/2250 VUs  3m58.5s/9m00.0s

running (3m59.5s), 2250/2250 VUs, 78699 complete and 0 interrupted iterations
users   [  44% ] 2250/2250 VUs  3m59.5s/9m00.0s

running (4m00.5s), 2250/2250 VUs, 79164 complete and 0 interrupted iterations
users   [  45% ] 2250/2250 VUs  4m00.5s/9m00.0s

running (4m01.5s), 2250/2250 VUs, 79600 complete and 0 interrupted iterations
users   [  45% ] 2250/2250 VUs  4m01.5s/9m00.0s

running (4m02.5s), 2250/2250 VUs, 80105 complete and 0 interrupted iterations
users   [  45% ] 2250/2250 VUs  4m02.5s/9m00.0s

running (4m03.5s), 2250/2250 VUs, 80546 complete and 0 interrupted iterations
users   [  45% ] 2250/2250 VUs  4m03.5s/9m00.0s

running (4m04.5s), 2250/2250 VUs, 80919 complete and 0 interrupted iterations
users   [  45% ] 2250/2250 VUs  4m04.5s/9m00.0s

running (4m05.5s), 2250/2250 VUs, 81388 complete and 0 interrupted iterations
users   [  45% ] 2250/2250 VUs  4m05.5s/9m00.0s

running (4m06.5s), 2250/2250 VUs, 81820 complete and 0 interrupted iterations
users   [  46% ] 2250/2250 VUs  4m06.5s/9m00.0s

running (4m07.5s), 2250/2250 VUs, 82322 complete and 0 interrupted iterations
users   [  46% ] 2250/2250 VUs  4m07.5s/9m00.0s

running (4m08.5s), 2250/2250 VUs, 82771 complete and 0 interrupted iterations
users   [  46% ] 2250/2250 VUs  4m08.5s/9m00.0s

running (4m09.5s), 2250/2250 VUs, 83143 complete and 0 interrupted iterations
users   [  46% ] 2250/2250 VUs  4m09.5s/9m00.0s

running (4m10.5s), 2250/2250 VUs, 83614 complete and 0 interrupted iterations
users   [  46% ] 2250/2250 VUs  4m10.5s/9m00.0s

running (4m11.5s), 2250/2250 VUs, 84045 complete and 0 interrupted iterations
users   [  47% ] 2250/2250 VUs  4m11.5s/9m00.0s

running (4m12.5s), 2250/2250 VUs, 84543 complete and 0 interrupted iterations
users   [  47% ] 2250/2250 VUs  4m12.5s/9m00.0s

running (4m13.5s), 2250/2250 VUs, 84998 complete and 0 interrupted iterations
users   [  47% ] 2250/2250 VUs  4m13.5s/9m00.0s

running (4m14.5s), 2250/2250 VUs, 85375 complete and 0 interrupted iterations
users   [  47% ] 2250/2250 VUs  4m14.5s/9m00.0s

running (4m15.5s), 2250/2250 VUs, 85843 complete and 0 interrupted iterations
users   [  47% ] 2250/2250 VUs  4m15.5s/9m00.0s

running (4m16.5s), 2250/2250 VUs, 86276 complete and 0 interrupted iterations
users   [  48% ] 2250/2250 VUs  4m16.5s/9m00.0s

running (4m17.5s), 2250/2250 VUs, 86770 complete and 0 interrupted iterations
users   [  48% ] 2250/2250 VUs  4m17.5s/9m00.0s

running (4m18.5s), 2250/2250 VUs, 87222 complete and 0 interrupted iterations
users   [  48% ] 2250/2250 VUs  4m18.5s/9m00.0s

running (4m19.5s), 2250/2250 VUs, 87607 complete and 0 interrupted iterations
users   [  48% ] 2250/2250 VUs  4m19.5s/9m00.0s

running (4m20.5s), 2250/2250 VUs, 88065 complete and 0 interrupted iterations
users   [  48% ] 2250/2250 VUs  4m20.5s/9m00.0s

running (4m21.5s), 2250/2250 VUs, 88504 complete and 0 interrupted iterations
users   [  48% ] 2250/2250 VUs  4m21.5s/9m00.0s

running (4m22.5s), 2250/2250 VUs, 88996 complete and 0 interrupted iterations
users   [  49% ] 2250/2250 VUs  4m22.5s/9m00.0s

running (4m23.5s), 2250/2250 VUs, 89448 complete and 0 interrupted iterations
users   [  49% ] 2250/2250 VUs  4m23.5s/9m00.0s

running (4m24.5s), 2250/2250 VUs, 89837 complete and 0 interrupted iterations
users   [  49% ] 2250/2250 VUs  4m24.5s/9m00.0s

running (4m25.5s), 2250/2250 VUs, 90289 complete and 0 interrupted iterations
users   [  49% ] 2250/2250 VUs  4m25.5s/9m00.0s

running (4m26.5s), 2250/2250 VUs, 90727 complete and 0 interrupted iterations
users   [  49% ] 2250/2250 VUs  4m26.5s/9m00.0s

running (4m27.5s), 2250/2250 VUs, 91217 complete and 0 interrupted iterations
users   [  50% ] 2250/2250 VUs  4m27.5s/9m00.0s

running (4m28.5s), 2250/2250 VUs, 91670 complete and 0 interrupted iterations
users   [  50% ] 2250/2250 VUs  4m28.5s/9m00.0s

running (4m29.5s), 2250/2250 VUs, 92054 complete and 0 interrupted iterations
users   [  50% ] 2250/2250 VUs  4m29.5s/9m00.0s

running (4m30.5s), 2250/2250 VUs, 92519 complete and 0 interrupted iterations
users   [  50% ] 2250/2250 VUs  4m30.5s/9m00.0s

running (4m31.5s), 2250/2250 VUs, 92955 complete and 0 interrupted iterations
users   [  50% ] 2250/2250 VUs  4m31.5s/9m00.0s

running (4m32.5s), 2250/2250 VUs, 93440 complete and 0 interrupted iterations
users   [  50% ] 2250/2250 VUs  4m32.5s/9m00.0s

running (4m33.5s), 2250/2250 VUs, 93886 complete and 0 interrupted iterations
users   [  51% ] 2250/2250 VUs  4m33.5s/9m00.0s

running (4m34.5s), 2250/2250 VUs, 94278 complete and 0 interrupted iterations
users   [  51% ] 2250/2250 VUs  4m34.5s/9m00.0s

running (4m35.5s), 2250/2250 VUs, 94747 complete and 0 interrupted iterations
users   [  51% ] 2250/2250 VUs  4m35.5s/9m00.0s

running (4m36.5s), 2250/2250 VUs, 95178 complete and 0 interrupted iterations
users   [  51% ] 2250/2250 VUs  4m36.5s/9m00.0s

running (4m37.5s), 2250/2250 VUs, 95659 complete and 0 interrupted iterations
users   [  51% ] 2250/2250 VUs  4m37.5s/9m00.0s

running (4m38.5s), 2250/2250 VUs, 96109 complete and 0 interrupted iterations
users   [  52% ] 2250/2250 VUs  4m38.5s/9m00.0s

running (4m39.5s), 2250/2250 VUs, 96502 complete and 0 interrupted iterations
users   [  52% ] 2250/2250 VUs  4m39.5s/9m00.0s

running (4m40.5s), 2250/2250 VUs, 96974 complete and 0 interrupted iterations
users   [  52% ] 2250/2250 VUs  4m40.5s/9m00.0s

running (4m41.5s), 2250/2250 VUs, 97402 complete and 0 interrupted iterations
users   [  52% ] 2250/2250 VUs  4m41.5s/9m00.0s

running (4m42.5s), 2250/2250 VUs, 97890 complete and 0 interrupted iterations
users   [  52% ] 2250/2250 VUs  4m42.5s/9m00.0s

running (4m43.5s), 2250/2250 VUs, 98341 complete and 0 interrupted iterations
users   [  53% ] 2250/2250 VUs  4m43.5s/9m00.0s

running (4m44.5s), 2250/2250 VUs, 98731 complete and 0 interrupted iterations
users   [  53% ] 2250/2250 VUs  4m44.5s/9m00.0s

running (4m45.5s), 2250/2250 VUs, 99200 complete and 0 interrupted iterations
users   [  53% ] 2250/2250 VUs  4m45.5s/9m00.0s

running (4m46.5s), 2250/2250 VUs, 99631 complete and 0 interrupted iterations
users   [  53% ] 2250/2250 VUs  4m46.5s/9m00.0s

running (4m47.5s), 2250/2250 VUs, 100111 complete and 0 interrupted iterations
users   [  53% ] 2250/2250 VUs  4m47.5s/9m00.0s

running (4m48.5s), 2250/2250 VUs, 100558 complete and 0 interrupted iterations
users   [  53% ] 2250/2250 VUs  4m48.5s/9m00.0s

running (4m49.5s), 2250/2250 VUs, 100946 complete and 0 interrupted iterations
users   [  54% ] 2250/2250 VUs  4m49.5s/9m00.0s

running (4m50.5s), 2250/2250 VUs, 101421 complete and 0 interrupted iterations
users   [  54% ] 2250/2250 VUs  4m50.5s/9m00.0s

running (4m51.5s), 2250/2250 VUs, 101853 complete and 0 interrupted iterations
users   [  54% ] 2250/2250 VUs  4m51.5s/9m00.0s

running (4m52.5s), 2250/2250 VUs, 102335 complete and 0 interrupted iterations
users   [  54% ] 2250/2250 VUs  4m52.5s/9m00.0s

running (4m53.5s), 2250/2250 VUs, 102781 complete and 0 interrupted iterations
users   [  54% ] 2250/2250 VUs  4m53.5s/9m00.0s

running (4m54.5s), 2250/2250 VUs, 103166 complete and 0 interrupted iterations
users   [  55% ] 2250/2250 VUs  4m54.5s/9m00.0s

running (4m55.5s), 2250/2250 VUs, 103643 complete and 0 interrupted iterations
users   [  55% ] 2250/2250 VUs  4m55.5s/9m00.0s

running (4m56.5s), 2250/2250 VUs, 104073 complete and 0 interrupted iterations
users   [  55% ] 2250/2250 VUs  4m56.5s/9m00.0s

running (4m57.5s), 2250/2250 VUs, 104553 complete and 0 interrupted iterations
users   [  55% ] 2250/2250 VUs  4m57.5s/9m00.0s

running (4m58.5s), 2250/2250 VUs, 105009 complete and 0 interrupted iterations
users   [  55% ] 2250/2250 VUs  4m58.5s/9m00.0s

running (4m59.5s), 2250/2250 VUs, 105394 complete and 0 interrupted iterations
users   [  55% ] 2250/2250 VUs  4m59.5s/9m00.0s

running (5m00.5s), 2250/2250 VUs, 105863 complete and 0 interrupted iterations
users   [  56% ] 2250/2250 VUs  5m00.5s/9m00.0s

running (5m01.5s), 2250/2250 VUs, 106290 complete and 0 interrupted iterations
users   [  56% ] 2250/2250 VUs  5m01.5s/9m00.0s

running (5m02.5s), 2250/2250 VUs, 106771 complete and 0 interrupted iterations
users   [  56% ] 2250/2250 VUs  5m02.5s/9m00.0s

running (5m03.5s), 2250/2250 VUs, 107221 complete and 0 interrupted iterations
users   [  56% ] 2250/2250 VUs  5m03.5s/9m00.0s

running (5m04.5s), 2250/2250 VUs, 107621 complete and 0 interrupted iterations
users   [  56% ] 2250/2250 VUs  5m04.5s/9m00.0s

running (5m05.5s), 2250/2250 VUs, 108084 complete and 0 interrupted iterations
users   [  57% ] 2250/2250 VUs  5m05.5s/9m00.0s

running (5m06.5s), 2250/2250 VUs, 108509 complete and 0 interrupted iterations
users   [  57% ] 2250/2250 VUs  5m06.5s/9m00.0s

running (5m07.5s), 2250/2250 VUs, 108998 complete and 0 interrupted iterations
users   [  57% ] 2250/2250 VUs  5m07.5s/9m00.0s

running (5m08.5s), 2250/2250 VUs, 109440 complete and 0 interrupted iterations
users   [  57% ] 2250/2250 VUs  5m08.5s/9m00.0s

running (5m09.5s), 2250/2250 VUs, 109848 complete and 0 interrupted iterations
users   [  57% ] 2250/2250 VUs  5m09.5s/9m00.0s

running (5m10.5s), 2250/2250 VUs, 110310 complete and 0 interrupted iterations
users   [  58% ] 2250/2250 VUs  5m10.5s/9m00.0s

running (5m11.5s), 2250/2250 VUs, 110731 complete and 0 interrupted iterations
users   [  58% ] 2250/2250 VUs  5m11.5s/9m00.0s

running (5m12.5s), 2250/2250 VUs, 111218 complete and 0 interrupted iterations
users   [  58% ] 2250/2250 VUs  5m12.5s/9m00.0s

running (5m13.5s), 2250/2250 VUs, 111663 complete and 0 interrupted iterations
users   [  58% ] 2250/2250 VUs  5m13.5s/9m00.0s

running (5m14.5s), 2250/2250 VUs, 112077 complete and 0 interrupted iterations
users   [  58% ] 2250/2250 VUs  5m14.5s/9m00.0s

running (5m15.5s), 2250/2250 VUs, 112531 complete and 0 interrupted iterations
users   [  58% ] 2250/2250 VUs  5m15.5s/9m00.0s

running (5m16.5s), 2250/2250 VUs, 112955 complete and 0 interrupted iterations
users   [  59% ] 2250/2250 VUs  5m16.5s/9m00.0s

running (5m17.5s), 2250/2250 VUs, 113455 complete and 0 interrupted iterations
users   [  59% ] 2250/2250 VUs  5m17.5s/9m00.0s

running (5m18.5s), 2250/2250 VUs, 113892 complete and 0 interrupted iterations
users   [  59% ] 2250/2250 VUs  5m18.5s/9m00.0s

running (5m19.5s), 2250/2250 VUs, 114290 complete and 0 interrupted iterations
users   [  59% ] 2250/2250 VUs  5m19.5s/9m00.0s

running (5m20.5s), 2250/2250 VUs, 114750 complete and 0 interrupted iterations
users   [  59% ] 2250/2250 VUs  5m20.5s/9m00.0s

running (5m21.5s), 2250/2250 VUs, 115184 complete and 0 interrupted iterations
users   [  60% ] 2250/2250 VUs  5m21.5s/9m00.0s

running (5m22.5s), 2250/2250 VUs, 115676 complete and 0 interrupted iterations
users   [  60% ] 2250/2250 VUs  5m22.5s/9m00.0s

running (5m23.5s), 2250/2250 VUs, 116110 complete and 0 interrupted iterations
users   [  60% ] 2250/2250 VUs  5m23.5s/9m00.0s

running (5m24.5s), 2250/2250 VUs, 116514 complete and 0 interrupted iterations
users   [  60% ] 2250/2250 VUs  5m24.5s/9m00.0s

running (5m25.5s), 2250/2250 VUs, 116974 complete and 0 interrupted iterations
users   [  60% ] 2250/2250 VUs  5m25.5s/9m00.0s

running (5m26.5s), 2250/2250 VUs, 117405 complete and 0 interrupted iterations
users   [  60% ] 2250/2250 VUs  5m26.5s/9m00.0s

running (5m27.5s), 2250/2250 VUs, 117906 complete and 0 interrupted iterations
users   [  61% ] 2250/2250 VUs  5m27.5s/9m00.0s

running (5m28.5s), 2250/2250 VUs, 118339 complete and 0 interrupted iterations
users   [  61% ] 2250/2250 VUs  5m28.5s/9m00.0s

running (5m29.5s), 2250/2250 VUs, 118738 complete and 0 interrupted iterations
users   [  61% ] 2250/2250 VUs  5m29.5s/9m00.0s

running (5m30.5s), 2250/2250 VUs, 119189 complete and 0 interrupted iterations
users   [  61% ] 2250/2250 VUs  5m30.5s/9m00.0s

running (5m31.5s), 2250/2250 VUs, 119423 complete and 0 interrupted iterations
users   [  61% ] 2250/2250 VUs  5m31.5s/9m00.0s

running (5m32.5s), 2250/2250 VUs, 120132 complete and 0 interrupted iterations
users   [  62% ] 2250/2250 VUs  5m32.5s/9m00.0s

running (5m33.5s), 2250/2250 VUs, 120568 complete and 0 interrupted iterations
users   [  62% ] 2250/2250 VUs  5m33.5s/9m00.0s

running (5m34.5s), 2250/2250 VUs, 120968 complete and 0 interrupted iterations
users   [  62% ] 2250/2250 VUs  5m34.5s/9m00.0s

running (5m35.5s), 2250/2250 VUs, 121419 complete and 0 interrupted iterations
users   [  62% ] 2250/2250 VUs  5m35.5s/9m00.0s

running (5m36.5s), 2250/2250 VUs, 121659 complete and 0 interrupted iterations
users   [  62% ] 2250/2250 VUs  5m36.5s/9m00.0s

running (5m37.5s), 2250/2250 VUs, 122355 complete and 0 interrupted iterations
users   [  63% ] 2250/2250 VUs  5m37.5s/9m00.0s

running (5m38.5s), 2250/2250 VUs, 122789 complete and 0 interrupted iterations
users   [  63% ] 2250/2250 VUs  5m38.5s/9m00.0s

running (5m39.5s), 2250/2250 VUs, 123190 complete and 0 interrupted iterations
users   [  63% ] 2250/2250 VUs  5m39.5s/9m00.0s

running (5m40.5s), 2250/2250 VUs, 123644 complete and 0 interrupted iterations
users   [  63% ] 2250/2250 VUs  5m40.5s/9m00.0s

running (5m41.5s), 2250/2250 VUs, 123887 complete and 0 interrupted iterations
users   [  63% ] 2250/2250 VUs  5m41.5s/9m00.0s

running (5m42.5s), 2250/2250 VUs, 124577 complete and 0 interrupted iterations
users   [  63% ] 2250/2250 VUs  5m42.5s/9m00.0s

running (5m43.5s), 2250/2250 VUs, 125012 complete and 0 interrupted iterations
users   [  64% ] 2250/2250 VUs  5m43.5s/9m00.0s

running (5m44.5s), 2250/2250 VUs, 125414 complete and 0 interrupted iterations
users   [  64% ] 2250/2250 VUs  5m44.5s/9m00.0s

running (5m45.5s), 2250/2250 VUs, 125872 complete and 0 interrupted iterations
users   [  64% ] 2250/2250 VUs  5m45.5s/9m00.0s

running (5m46.5s), 2250/2250 VUs, 126116 complete and 0 interrupted iterations
users   [  64% ] 2250/2250 VUs  5m46.5s/9m00.0s

running (5m47.5s), 2250/2250 VUs, 126794 complete and 0 interrupted iterations
users   [  64% ] 2250/2250 VUs  5m47.5s/9m00.0s

running (5m48.5s), 2250/2250 VUs, 127232 complete and 0 interrupted iterations
users   [  65% ] 2250/2250 VUs  5m48.5s/9m00.0s

running (5m49.5s), 2250/2250 VUs, 127629 complete and 0 interrupted iterations
users   [  65% ] 2250/2250 VUs  5m49.5s/9m00.0s

running (5m50.5s), 2250/2250 VUs, 128087 complete and 0 interrupted iterations
users   [  65% ] 2250/2250 VUs  5m50.5s/9m00.0s

running (5m51.5s), 2250/2250 VUs, 128347 complete and 0 interrupted iterations
users   [  65% ] 2250/2250 VUs  5m51.5s/9m00.0s

running (5m52.5s), 2250/2250 VUs, 129011 complete and 0 interrupted iterations
users   [  65% ] 2250/2250 VUs  5m52.5s/9m00.0s

running (5m53.5s), 2250/2250 VUs, 129458 complete and 0 interrupted iterations
users   [  65% ] 2250/2250 VUs  5m53.5s/9m00.0s

running (5m54.5s), 2250/2250 VUs, 129858 complete and 0 interrupted iterations
users   [  66% ] 2250/2250 VUs  5m54.5s/9m00.0s

running (5m55.5s), 2250/2250 VUs, 130310 complete and 0 interrupted iterations
users   [  66% ] 2250/2250 VUs  5m55.5s/9m00.0s

running (5m56.5s), 2250/2250 VUs, 130580 complete and 0 interrupted iterations
users   [  66% ] 2250/2250 VUs  5m56.5s/9m00.0s

running (5m57.5s), 2250/2250 VUs, 131229 complete and 0 interrupted iterations
users   [  66% ] 2250/2250 VUs  5m57.5s/9m00.0s

running (5m58.5s), 2250/2250 VUs, 131681 complete and 0 interrupted iterations
users   [  66% ] 2250/2250 VUs  5m58.5s/9m00.0s

running (5m59.5s), 2250/2250 VUs, 132076 complete and 0 interrupted iterations
users   [  67% ] 2250/2250 VUs  5m59.5s/9m00.0s

running (6m00.5s), 2250/2250 VUs, 132537 complete and 0 interrupted iterations
users   [  67% ] 2250/2250 VUs  6m00.5s/9m00.0s

running (6m01.5s), 2250/2250 VUs, 132815 complete and 0 interrupted iterations
users   [  67% ] 2250/2250 VUs  6m01.5s/9m00.0s

running (6m02.5s), 2250/2250 VUs, 133441 complete and 0 interrupted iterations
users   [  67% ] 2250/2250 VUs  6m02.5s/9m00.0s

running (6m03.5s), 2250/2250 VUs, 133904 complete and 0 interrupted iterations
users   [  67% ] 2250/2250 VUs  6m03.5s/9m00.0s

running (6m04.5s), 2250/2250 VUs, 134300 complete and 0 interrupted iterations
users   [  68% ] 2250/2250 VUs  6m04.5s/9m00.0s

running (6m05.5s), 2250/2250 VUs, 134766 complete and 0 interrupted iterations
users   [  68% ] 2250/2250 VUs  6m05.5s/9m00.0s

running (6m06.5s), 2250/2250 VUs, 135044 complete and 0 interrupted iterations
users   [  68% ] 2250/2250 VUs  6m06.5s/9m00.0s

running (6m07.5s), 2250/2250 VUs, 135663 complete and 0 interrupted iterations
users   [  68% ] 2250/2250 VUs  6m07.5s/9m00.0s

running (6m08.5s), 2250/2250 VUs, 136131 complete and 0 interrupted iterations
users   [  68% ] 2250/2250 VUs  6m08.5s/9m00.0s

running (6m09.5s), 2250/2250 VUs, 136524 complete and 0 interrupted iterations
users   [  68% ] 2250/2250 VUs  6m09.5s/9m00.0s

running (6m10.5s), 2250/2250 VUs, 137000 complete and 0 interrupted iterations
users   [  69% ] 2250/2250 VUs  6m10.5s/9m00.0s

running (6m11.5s), 2250/2250 VUs, 137268 complete and 0 interrupted iterations
users   [  69% ] 2250/2250 VUs  6m11.5s/9m00.0s

running (6m12.5s), 2250/2250 VUs, 137883 complete and 0 interrupted iterations
users   [  69% ] 2250/2250 VUs  6m12.5s/9m00.0s

running (6m13.5s), 2250/2250 VUs, 138360 complete and 0 interrupted iterations
users   [  69% ] 2250/2250 VUs  6m13.5s/9m00.0s

running (6m14.5s), 2250/2250 VUs, 138753 complete and 0 interrupted iterations
users   [  69% ] 2250/2250 VUs  6m14.5s/9m00.0s

running (6m15.5s), 2250/2250 VUs, 139229 complete and 0 interrupted iterations
users   [  70% ] 2250/2250 VUs  6m15.5s/9m00.0s

running (6m16.5s), 2250/2250 VUs, 139494 complete and 0 interrupted iterations
users   [  70% ] 2250/2250 VUs  6m16.5s/9m00.0s

running (6m17.5s), 2250/2250 VUs, 140111 complete and 0 interrupted iterations
users   [  70% ] 2250/2250 VUs  6m17.5s/9m00.0s

running (6m18.5s), 2250/2250 VUs, 140588 complete and 0 interrupted iterations
users   [  70% ] 2250/2250 VUs  6m18.5s/9m00.0s

running (6m19.5s), 2250/2250 VUs, 140978 complete and 0 interrupted iterations
users   [  70% ] 2250/2250 VUs  6m19.5s/9m00.0s

running (6m20.5s), 2250/2250 VUs, 141456 complete and 0 interrupted iterations
users   [  70% ] 2250/2250 VUs  6m20.5s/9m00.0s

running (6m21.5s), 2250/2250 VUs, 141725 complete and 0 interrupted iterations
users   [  71% ] 2250/2250 VUs  6m21.5s/9m00.0s

running (6m22.5s), 2250/2250 VUs, 142338 complete and 0 interrupted iterations
users   [  71% ] 2250/2250 VUs  6m22.5s/9m00.0s

running (6m23.5s), 2250/2250 VUs, 142817 complete and 0 interrupted iterations
users   [  71% ] 2250/2250 VUs  6m23.5s/9m00.0s

running (6m24.5s), 2250/2250 VUs, 142924 complete and 0 interrupted iterations
users   [  71% ] 2250/2250 VUs  6m24.5s/9m00.0s

running (6m25.5s), 2250/2250 VUs, 142924 complete and 0 interrupted iterations
users   [  71% ] 2250/2250 VUs  6m25.5s/9m00.0s

running (6m26.5s), 2250/2250 VUs, 143270 complete and 0 interrupted iterations
users   [  72% ] 2250/2250 VUs  6m26.5s/9m00.0s

running (6m27.5s), 2250/2250 VUs, 144543 complete and 0 interrupted iterations
users   [  72% ] 2250/2250 VUs  6m27.5s/9m00.0s

running (6m28.5s), 2250/2250 VUs, 145020 complete and 0 interrupted iterations
users   [  72% ] 2250/2250 VUs  6m28.5s/9m00.0s

running (6m29.5s), 2250/2250 VUs, 145149 complete and 0 interrupted iterations
users   [  72% ] 2250/2250 VUs  6m29.5s/9m00.0s

running (6m30.5s), 2250/2250 VUs, 145171 complete and 0 interrupted iterations
users   [  72% ] 2250/2250 VUs  6m30.5s/9m00.0s

running (6m31.5s), 2250/2250 VUs, 145508 complete and 0 interrupted iterations
users   [  73% ] 2250/2250 VUs  6m31.5s/9m00.0s

running (6m32.5s), 2250/2250 VUs, 146737 complete and 0 interrupted iterations
users   [  73% ] 2250/2250 VUs  6m32.5s/9m00.0s

running (6m33.5s), 2250/2250 VUs, 147230 complete and 0 interrupted iterations
users   [  73% ] 2250/2250 VUs  6m33.5s/9m00.0s

running (6m34.5s), 2250/2250 VUs, 147384 complete and 0 interrupted iterations
users   [  73% ] 2250/2250 VUs  6m34.5s/9m00.0s

running (6m35.5s), 2250/2250 VUs, 147420 complete and 0 interrupted iterations
users   [  73% ] 2250/2250 VUs  6m35.5s/9m00.0s

running (6m36.5s), 2250/2250 VUs, 147741 complete and 0 interrupted iterations
users   [  73% ] 2250/2250 VUs  6m36.5s/9m00.0s

running (6m37.5s), 2250/2250 VUs, 148915 complete and 0 interrupted iterations
users   [  74% ] 2250/2250 VUs  6m37.5s/9m00.0s

running (6m38.5s), 2250/2250 VUs, 149438 complete and 0 interrupted iterations
users   [  74% ] 2250/2250 VUs  6m38.5s/9m00.0s

running (6m39.5s), 2250/2250 VUs, 149604 complete and 0 interrupted iterations
users   [  74% ] 2250/2250 VUs  6m39.5s/9m00.0s

running (6m40.5s), 2250/2250 VUs, 149664 complete and 0 interrupted iterations
users   [  74% ] 2250/2250 VUs  6m40.5s/9m00.0s

running (6m41.5s), 2250/2250 VUs, 149973 complete and 0 interrupted iterations
users   [  74% ] 2250/2250 VUs  6m41.5s/9m00.0s

running (6m42.5s), 2250/2250 VUs, 151119 complete and 0 interrupted iterations
users   [  75% ] 2250/2250 VUs  6m42.5s/9m00.0s

running (6m43.5s), 2250/2250 VUs, 151651 complete and 0 interrupted iterations
users   [  75% ] 2250/2250 VUs  6m43.5s/9m00.0s

running (6m44.5s), 2250/2250 VUs, 151832 complete and 0 interrupted iterations
users   [  75% ] 2250/2250 VUs  6m44.5s/9m00.0s

running (6m45.5s), 2250/2250 VUs, 151905 complete and 0 interrupted iterations
users   [  75% ] 2250/2250 VUs  6m45.5s/9m00.0s

running (6m46.5s), 2250/2250 VUs, 152200 complete and 0 interrupted iterations
users   [  75% ] 2250/2250 VUs  6m46.5s/9m00.0s

running (6m47.5s), 2250/2250 VUs, 153329 complete and 0 interrupted iterations
users   [  75% ] 2250/2250 VUs  6m47.5s/9m00.0s

running (6m48.5s), 2250/2250 VUs, 153855 complete and 0 interrupted iterations
users   [  76% ] 2250/2250 VUs  6m48.5s/9m00.0s

running (6m49.5s), 2250/2250 VUs, 154056 complete and 0 interrupted iterations
users   [  76% ] 2250/2250 VUs  6m49.5s/9m00.0s

running (6m50.5s), 2250/2250 VUs, 154141 complete and 0 interrupted iterations
users   [  76% ] 2250/2250 VUs  6m50.5s/9m00.0s

running (6m51.5s), 2250/2250 VUs, 154431 complete and 0 interrupted iterations
users   [  76% ] 2250/2250 VUs  6m51.5s/9m00.0s

running (6m52.5s), 2250/2250 VUs, 155536 complete and 0 interrupted iterations
users   [  76% ] 2250/2250 VUs  6m52.5s/9m00.0s

running (6m53.5s), 2250/2250 VUs, 156067 complete and 0 interrupted iterations
users   [  77% ] 2250/2250 VUs  6m53.5s/9m00.0s

running (6m54.5s), 2250/2250 VUs, 156283 complete and 0 interrupted iterations
users   [  77% ] 2250/2250 VUs  6m54.5s/9m00.0s

running (6m55.5s), 2250/2250 VUs, 156384 complete and 0 interrupted iterations
users   [  77% ] 2250/2250 VUs  6m55.5s/9m00.0s

running (6m56.5s), 2250/2250 VUs, 156667 complete and 0 interrupted iterations
users   [  77% ] 2250/2250 VUs  6m56.5s/9m00.0s

running (6m57.5s), 2250/2250 VUs, 157746 complete and 0 interrupted iterations
users   [  77% ] 2250/2250 VUs  6m57.5s/9m00.0s

running (6m58.5s), 2250/2250 VUs, 158283 complete and 0 interrupted iterations
users   [  78% ] 2250/2250 VUs  6m58.5s/9m00.0s

running (6m59.5s), 2250/2250 VUs, 158510 complete and 0 interrupted iterations
users   [  78% ] 2250/2250 VUs  6m59.5s/9m00.0s

running (7m00.5s), 2250/2250 VUs, 158629 complete and 0 interrupted iterations
users   [  78% ] 2250/2250 VUs  7m00.5s/9m00.0s

running (7m01.5s), 2244/2250 VUs, 158903 complete and 0 interrupted iterations
users   [  78% ] 2244/2250 VUs  7m01.5s/9m00.0s

running (7m02.5s), 2225/2250 VUs, 159958 complete and 0 interrupted iterations
users   [  78% ] 2225/2250 VUs  7m02.5s/9m00.0s

running (7m03.5s), 2215/2250 VUs, 160496 complete and 0 interrupted iterations
users   [  78% ] 2215/2250 VUs  7m03.5s/9m00.0s

running (7m04.5s), 2206/2250 VUs, 160740 complete and 0 interrupted iterations
users   [  79% ] 2206/2250 VUs  7m04.5s/9m00.0s

running (7m05.5s), 2199/2250 VUs, 160870 complete and 0 interrupted iterations
users   [  79% ] 2199/2250 VUs  7m05.5s/9m00.0s

running (7m06.5s), 2186/2250 VUs, 161129 complete and 0 interrupted iterations
users   [  79% ] 2186/2250 VUs  7m06.5s/9m00.0s

running (7m07.5s), 2147/2250 VUs, 162146 complete and 0 interrupted iterations
users   [  79% ] 2147/2250 VUs  7m07.5s/9m00.0s

running (7m08.5s), 2123/2250 VUs, 162676 complete and 0 interrupted iterations
users   [  79% ] 2123/2250 VUs  7m08.5s/9m00.0s

running (7m09.5s), 2111/2250 VUs, 162928 complete and 0 interrupted iterations
users   [  80% ] 2111/2250 VUs  7m09.5s/9m00.0s

running (7m10.5s), 2110/2250 VUs, 163061 complete and 0 interrupted iterations
users   [  80% ] 2110/2250 VUs  7m10.5s/9m00.0s

running (7m11.5s), 2103/2250 VUs, 163298 complete and 0 interrupted iterations
users   [  80% ] 2103/2250 VUs  7m11.5s/9m00.0s

running (7m12.5s), 2060/2250 VUs, 164253 complete and 0 interrupted iterations
users   [  80% ] 2060/2250 VUs  7m12.5s/9m00.0s

running (7m13.5s), 2034/2250 VUs, 164766 complete and 0 interrupted iterations
users   [  80% ] 2034/2250 VUs  7m13.5s/9m00.0s

running (7m14.5s), 2019/2250 VUs, 165022 complete and 0 interrupted iterations
users   [  80% ] 2019/2250 VUs  7m14.5s/9m00.0s

running (7m15.5s), 2014/2250 VUs, 165163 complete and 0 interrupted iterations
users   [  81% ] 2014/2250 VUs  7m15.5s/9m00.0s

running (7m16.5s), 2006/2250 VUs, 165373 complete and 0 interrupted iterations
users   [  81% ] 2006/2250 VUs  7m16.5s/9m00.0s

running (7m17.5s), 1968/2250 VUs, 166275 complete and 0 interrupted iterations
users   [  81% ] 1968/2250 VUs  7m17.5s/9m00.0s

running (7m18.5s), 1940/2250 VUs, 166769 complete and 0 interrupted iterations
users   [  81% ] 1940/2250 VUs  7m18.5s/9m00.0s

running (7m19.5s), 1928/2250 VUs, 167020 complete and 0 interrupted iterations
users   [  81% ] 1928/2250 VUs  7m19.5s/9m00.0s

running (7m20.5s), 1922/2250 VUs, 167164 complete and 0 interrupted iterations
users   [  82% ] 1922/2250 VUs  7m20.5s/9m00.0s

running (7m21.5s), 1919/2250 VUs, 167361 complete and 0 interrupted iterations
users   [  82% ] 1919/2250 VUs  7m21.5s/9m00.0s

running (7m22.5s), 1879/2250 VUs, 168218 complete and 0 interrupted iterations
users   [  82% ] 1879/2250 VUs  7m22.5s/9m00.0s

running (7m23.5s), 1849/2250 VUs, 168681 complete and 0 interrupted iterations
users   [  82% ] 1849/2250 VUs  7m23.5s/9m00.0s

running (7m24.6s), 1834/2250 VUs, 168940 complete and 0 interrupted iterations
users   [  82% ] 1834/2250 VUs  7m24.6s/9m00.0s

running (7m25.5s), 1826/2250 VUs, 169073 complete and 0 interrupted iterations
users   [  83% ] 1826/2250 VUs  7m25.5s/9m00.0s

running (7m26.5s), 1822/2250 VUs, 169268 complete and 0 interrupted iterations
users   [  83% ] 1822/2250 VUs  7m26.5s/9m00.0s

running (7m27.5s), 1775/2250 VUs, 170070 complete and 0 interrupted iterations
users   [  83% ] 1775/2250 VUs  7m27.5s/9m00.0s

running (7m28.5s), 1750/2250 VUs, 170502 complete and 0 interrupted iterations
users   [  83% ] 1750/2250 VUs  7m28.5s/9m00.0s

running (7m29.5s), 1738/2250 VUs, 170744 complete and 0 interrupted iterations
users   [  83% ] 1738/2250 VUs  7m29.5s/9m00.0s

running (7m30.5s), 1727/2250 VUs, 170882 complete and 0 interrupted iterations
users   [  83% ] 1727/2250 VUs  7m30.5s/9m00.0s

running (7m31.5s), 1719/2250 VUs, 171069 complete and 0 interrupted iterations
users   [  84% ] 1719/2250 VUs  7m31.5s/9m00.0s

running (7m32.5s), 1684/2250 VUs, 171806 complete and 0 interrupted iterations
users   [  84% ] 1684/2250 VUs  7m32.5s/9m00.0s

running (7m33.5s), 1660/2250 VUs, 172222 complete and 0 interrupted iterations
users   [  84% ] 1660/2250 VUs  7m33.5s/9m00.0s

running (7m34.5s), 1648/2250 VUs, 172463 complete and 0 interrupted iterations
users   [  84% ] 1648/2250 VUs  7m34.5s/9m00.0s

running (7m35.5s), 1640/2250 VUs, 172601 complete and 0 interrupted iterations
users   [  84% ] 1640/2250 VUs  7m35.5s/9m00.0s

running (7m36.5s), 1630/2250 VUs, 172779 complete and 0 interrupted iterations
users   [  85% ] 1630/2250 VUs  7m36.5s/9m00.0s

running (7m37.5s), 1593/2250 VUs, 173461 complete and 0 interrupted iterations
users   [  85% ] 1593/2250 VUs  7m37.5s/9m00.0s

running (7m38.5s), 1569/2250 VUs, 173854 complete and 0 interrupted iterations
users   [  85% ] 1569/2250 VUs  7m38.5s/9m00.0s

running (7m39.5s), 1558/2250 VUs, 174094 complete and 0 interrupted iterations
users   [  85% ] 1558/2250 VUs  7m39.5s/9m00.0s

running (7m40.5s), 1547/2250 VUs, 174228 complete and 0 interrupted iterations
users   [  85% ] 1547/2250 VUs  7m40.5s/9m00.0s

running (7m41.5s), 1532/2250 VUs, 174397 complete and 0 interrupted iterations
users   [  85% ] 1532/2250 VUs  7m41.5s/9m00.0s

running (7m42.5s), 1490/2250 VUs, 175015 complete and 0 interrupted iterations
users   [  86% ] 1490/2250 VUs  7m42.5s/9m00.0s

running (7m43.5s), 1474/2250 VUs, 175388 complete and 0 interrupted iterations
users   [  86% ] 1474/2250 VUs  7m43.5s/9m00.0s

running (7m44.5s), 1455/2250 VUs, 175626 complete and 0 interrupted iterations
users   [  86% ] 1455/2250 VUs  7m44.5s/9m00.0s

running (7m45.5s), 1448/2250 VUs, 175764 complete and 0 interrupted iterations
users   [  86% ] 1448/2250 VUs  7m45.5s/9m00.0s

running (7m46.5s), 1439/2250 VUs, 175921 complete and 0 interrupted iterations
users   [  86% ] 1439/2250 VUs  7m46.5s/9m00.0s

running (7m47.5s), 1403/2250 VUs, 176476 complete and 0 interrupted iterations
users   [  87% ] 1403/2250 VUs  7m47.5s/9m00.0s

running (7m48.6s), 1377/2250 VUs, 176836 complete and 0 interrupted iterations
users   [  87% ] 1377/2250 VUs  7m48.6s/9m00.0s

running (7m49.5s), 1363/2250 VUs, 177055 complete and 0 interrupted iterations
users   [  87% ] 1363/2250 VUs  7m49.5s/9m00.0s

running (7m50.5s), 1357/2250 VUs, 177197 complete and 0 interrupted iterations
users   [  87% ] 1357/2250 VUs  7m50.5s/9m00.0s

running (7m51.5s), 1339/2250 VUs, 177347 complete and 0 interrupted iterations
users   [  87% ] 1339/2250 VUs  7m51.5s/9m00.0s

running (7m52.5s), 1308/2250 VUs, 177855 complete and 0 interrupted iterations
users   [  88% ] 1308/2250 VUs  7m52.5s/9m00.0s

running (7m53.5s), 1283/2250 VUs, 178195 complete and 0 interrupted iterations
users   [  88% ] 1283/2250 VUs  7m53.5s/9m00.0s

running (7m54.5s), 1273/2250 VUs, 178403 complete and 0 interrupted iterations
users   [  88% ] 1273/2250 VUs  7m54.5s/9m00.0s

running (7m55.5s), 1264/2250 VUs, 178548 complete and 0 interrupted iterations
users   [  88% ] 1264/2250 VUs  7m55.5s/9m00.0s

running (7m56.5s), 1253/2250 VUs, 178677 complete and 0 interrupted iterations
users   [  88% ] 1253/2250 VUs  7m56.5s/9m00.0s

running (7m57.5s), 1220/2250 VUs, 179144 complete and 0 interrupted iterations
users   [  88% ] 1220/2250 VUs  7m57.5s/9m00.0s

running (7m58.5s), 1197/2250 VUs, 179460 complete and 0 interrupted iterations
users   [  89% ] 1197/2250 VUs  7m58.5s/9m00.0s

running (7m59.5s), 1186/2250 VUs, 179661 complete and 0 interrupted iterations
users   [  89% ] 1186/2250 VUs  7m59.5s/9m00.0s

running (8m00.5s), 1169/2250 VUs, 179799 complete and 0 interrupted iterations
users   [  89% ] 1169/2250 VUs  8m00.5s/9m00.0s

running (8m01.5s), 1162/2250 VUs, 179916 complete and 0 interrupted iterations
users   [  89% ] 1162/2250 VUs  8m01.5s/9m00.0s

running (8m02.5s), 1124/2250 VUs, 180346 complete and 0 interrupted iterations
users   [  89% ] 1124/2250 VUs  8m02.5s/9m00.0s

running (8m03.5s), 1098/2250 VUs, 180639 complete and 0 interrupted iterations
users   [  90% ] 1098/2250 VUs  8m03.5s/9m00.0s

running (8m04.5s), 1082/2250 VUs, 180836 complete and 0 interrupted iterations
users   [  90% ] 1082/2250 VUs  8m04.5s/9m00.0s

running (8m05.5s), 1067/2250 VUs, 180962 complete and 0 interrupted iterations
users   [  90% ] 1067/2250 VUs  8m05.5s/9m00.0s

running (8m06.5s), 1057/2250 VUs, 181072 complete and 0 interrupted iterations
users   [  90% ] 1057/2250 VUs  8m06.5s/9m00.0s

running (8m07.5s), 1026/2250 VUs, 181465 complete and 0 interrupted iterations
users   [  90% ] 1026/2250 VUs  8m07.5s/9m00.0s

running (8m08.5s), 1000/2250 VUs, 181720 complete and 0 interrupted iterations
users   [  90% ] 1000/2250 VUs  8m08.5s/9m00.0s

running (8m09.5s), 0984/2250 VUs, 181908 complete and 0 interrupted iterations
users   [  91% ] 0984/2250 VUs  8m09.5s/9m00.0s

running (8m10.5s), 0977/2250 VUs, 182022 complete and 0 interrupted iterations
users   [  91% ] 0977/2250 VUs  8m10.5s/9m00.0s

running (8m11.5s), 0968/2250 VUs, 182124 complete and 0 interrupted iterations
users   [  91% ] 0968/2250 VUs  8m11.5s/9m00.0s

running (8m12.5s), 0934/2250 VUs, 182478 complete and 0 interrupted iterations
users   [  91% ] 0934/2250 VUs  8m12.5s/9m00.0s

running (8m13.5s), 0916/2250 VUs, 182704 complete and 0 interrupted iterations
users   [  91% ] 0916/2250 VUs  8m13.5s/9m00.0s

running (8m14.5s), 0898/2250 VUs, 182879 complete and 0 interrupted iterations
users   [  92% ] 0898/2250 VUs  8m14.5s/9m00.0s

running (8m15.5s), 0883/2250 VUs, 182991 complete and 0 interrupted iterations
users   [  92% ] 0883/2250 VUs  8m15.5s/9m00.0s

running (8m16.5s), 0877/2250 VUs, 183081 complete and 0 interrupted iterations
users   [  92% ] 0877/2250 VUs  8m16.5s/9m00.0s

running (8m17.5s), 0845/2250 VUs, 183396 complete and 0 interrupted iterations
users   [  92% ] 0845/2250 VUs  8m17.5s/9m00.0s

running (8m18.5s), 0821/2250 VUs, 183603 complete and 0 interrupted iterations
users   [  92% ] 0821/2250 VUs  8m18.5s/9m00.0s

running (8m19.5s), 0806/2250 VUs, 183762 complete and 0 interrupted iterations
users   [  93% ] 0806/2250 VUs  8m19.5s/9m00.0s

running (8m20.5s), 0790/2250 VUs, 183867 complete and 0 interrupted iterations
users   [  93% ] 0790/2250 VUs  8m20.5s/9m00.0s

running (8m21.5s), 0777/2250 VUs, 183952 complete and 0 interrupted iterations
users   [  93% ] 0777/2250 VUs  8m21.5s/9m00.0s

running (8m22.5s), 0743/2250 VUs, 184237 complete and 0 interrupted iterations
users   [  93% ] 0743/2250 VUs  8m22.5s/9m00.0s

running (8m23.5s), 0723/2250 VUs, 184415 complete and 0 interrupted iterations
users   [  93% ] 0723/2250 VUs  8m23.5s/9m00.0s

running (8m24.5s), 0706/2250 VUs, 184560 complete and 0 interrupted iterations
users   [  93% ] 0706/2250 VUs  8m24.5s/9m00.0s

running (8m25.5s), 0697/2250 VUs, 184650 complete and 0 interrupted iterations
users   [  94% ] 0697/2250 VUs  8m25.5s/9m00.0s

running (8m26.5s), 0689/2250 VUs, 184722 complete and 0 interrupted iterations
users   [  94% ] 0689/2250 VUs  8m26.5s/9m00.0s

running (8m27.5s), 0654/2250 VUs, 184971 complete and 0 interrupted iterations
users   [  94% ] 0654/2250 VUs  8m27.5s/9m00.0s

running (8m28.5s), 0630/2250 VUs, 185126 complete and 0 interrupted iterations
users   [  94% ] 0630/2250 VUs  8m28.5s/9m00.0s

running (8m29.5s), 0612/2250 VUs, 185256 complete and 0 interrupted iterations
users   [  94% ] 0612/2250 VUs  8m29.5s/9m00.0s

running (8m30.5s), 0605/2250 VUs, 185343 complete and 0 interrupted iterations
users   [  95% ] 0605/2250 VUs  8m30.5s/9m00.0s

running (8m31.5s), 0595/2250 VUs, 185406 complete and 0 interrupted iterations
users   [  95% ] 0595/2250 VUs  8m31.5s/9m00.0s

running (8m32.5s), 0562/2250 VUs, 185618 complete and 0 interrupted iterations
users   [  95% ] 0562/2250 VUs  8m32.5s/9m00.0s

running (8m33.5s), 0540/2250 VUs, 185748 complete and 0 interrupted iterations
users   [  95% ] 0540/2250 VUs  8m33.5s/9m00.0s

running (8m34.5s), 0524/2250 VUs, 185862 complete and 0 interrupted iterations
users   [  95% ] 0524/2250 VUs  8m34.5s/9m00.0s

running (8m35.5s), 0513/2250 VUs, 185943 complete and 0 interrupted iterations
users   [  95% ] 0513/2250 VUs  8m35.5s/9m00.0s

running (8m36.5s), 0504/2250 VUs, 185997 complete and 0 interrupted iterations
users   [  96% ] 0504/2250 VUs  8m36.5s/9m00.0s

running (8m37.5s), 0473/2250 VUs, 186172 complete and 0 interrupted iterations
users   [  96% ] 0473/2250 VUs  8m37.5s/9m00.0s

running (8m38.5s), 0454/2250 VUs, 186280 complete and 0 interrupted iterations
users   [  96% ] 0454/2250 VUs  8m38.5s/9m00.0s

running (8m39.5s), 0435/2250 VUs, 186377 complete and 0 interrupted iterations
users   [  96% ] 0435/2250 VUs  8m39.5s/9m00.0s

running (8m40.5s), 0419/2250 VUs, 186451 complete and 0 interrupted iterations
users   [  96% ] 0419/2250 VUs  8m40.5s/9m00.0s

running (8m41.5s), 0411/2250 VUs, 186497 complete and 0 interrupted iterations
users   [  97% ] 0411/2250 VUs  8m41.5s/9m00.0s

running (8m42.5s), 0371/2250 VUs, 186640 complete and 0 interrupted iterations
users   [  97% ] 0371/2250 VUs  8m42.5s/9m00.0s

running (8m43.5s), 0350/2250 VUs, 186729 complete and 0 interrupted iterations
users   [  97% ] 0350/2250 VUs  8m43.5s/9m00.0s

running (8m44.5s), 0335/2250 VUs, 186810 complete and 0 interrupted iterations
users   [  97% ] 0335/2250 VUs  8m44.5s/9m00.0s

running (8m45.5s), 0323/2250 VUs, 186868 complete and 0 interrupted iterations
users   [  97% ] 0323/2250 VUs  8m45.5s/9m00.0s

running (8m46.5s), 0315/2250 VUs, 186904 complete and 0 interrupted iterations
users   [  98% ] 0315/2250 VUs  8m46.5s/9m00.0s

running (8m47.5s), 0280/2250 VUs, 187007 complete and 0 interrupted iterations
users   [  98% ] 0280/2250 VUs  8m47.5s/9m00.0s

running (8m48.5s), 0261/2250 VUs, 187074 complete and 0 interrupted iterations
users   [  98% ] 0261/2250 VUs  8m48.5s/9m00.0s

running (8m49.5s), 0242/2250 VUs, 187139 complete and 0 interrupted iterations
users   [  98% ] 0242/2250 VUs  8m49.5s/9m00.0s

running (8m50.5s), 0223/2250 VUs, 187187 complete and 0 interrupted iterations
users   [  98% ] 0223/2250 VUs  8m50.5s/9m00.0s

running (8m51.5s), 0213/2250 VUs, 187215 complete and 0 interrupted iterations
users   [  98% ] 0213/2250 VUs  8m51.5s/9m00.0s

running (8m52.5s), 0188/2250 VUs, 187283 complete and 0 interrupted iterations
users   [  99% ] 0188/2250 VUs  8m52.5s/9m00.0s

running (8m53.5s), 0171/2250 VUs, 187331 complete and 0 interrupted iterations
users   [  99% ] 0171/2250 VUs  8m53.5s/9m00.0s

running (8m54.5s), 0150/2250 VUs, 187378 complete and 0 interrupted iterations
users   [  99% ] 0150/2250 VUs  8m54.5s/9m00.0s

running (8m55.5s), 0136/2250 VUs, 187403 complete and 0 interrupted iterations
users   [  99% ] 0136/2250 VUs  8m55.5s/9m00.0s

running (8m56.5s), 0124/2250 VUs, 187424 complete and 0 interrupted iterations
users   [  99% ] 0124/2250 VUs  8m56.5s/9m00.0s

running (8m57.5s), 0101/2250 VUs, 187467 complete and 0 interrupted iterations
users   [ 100% ] 0101/2250 VUs  8m57.5s/9m00.0s

running (8m58.5s), 0076/2250 VUs, 187498 complete and 0 interrupted iterations
users   [ 100% ] 0076/2250 VUs  8m58.5s/9m00.0s

running (8m59.5s), 0054/2250 VUs, 187527 complete and 0 interrupted iterations
users   [ 100% ] 0054/2250 VUs  8m59.5s/9m00.0s

running (9m00.5s), 0043/2250 VUs, 187538 complete and 0 interrupted iterations
users ↓ [ 100% ] 0047/2250 VUs  9m0s

running (9m01.5s), 0036/2250 VUs, 187545 complete and 0 interrupted iterations
users ↓ [ 100% ] 0047/2250 VUs  9m0s

running (9m02.5s), 0013/2250 VUs, 187568 complete and 0 interrupted iterations
users ↓ [ 100% ] 0047/2250 VUs  9m0s

running (9m03.5s), 0007/2250 VUs, 187574 complete and 0 interrupted iterations
users ↓ [ 100% ] 0047/2250 VUs  9m0s


  █ THRESHOLDS 

    checks{phase:bench}
    ✓ 'rate>0.99' rate=100.00%

    http_req_duration{name:confirm,phase:bench}
    ✓ 'p(95)<200' p(95)=12.95ms
    ✓ 'p(99)<600' p(99)=158.44ms

    http_req_duration{name:download_expired,phase:bench}
    ✓ 'p(95)<200' p(95)=0s
    ✓ 'p(99)<600' p(99)=0s

    http_req_duration{name:download,phase:bench}
    ✓ 'p(95)<200' p(95)=15.24ms
    ✓ 'p(99)<600' p(99)=391.33ms

    http_req_duration{name:upload,phase:bench}
    ✓ 'p(95)<200' p(95)=22.97ms
    ✓ 'p(99)<600' p(99)=478.65ms

    http_req_failed{phase:bench}
    ✓ 'rate<0.01' rate=0.00%

    server_errors{phase:bench}
    ✓ 'rate<0.01' rate=0.00%


  █ TOTAL RESULTS 

    checks_total.......: 192432  353.638386/s
    checks_succeeded...: 100.00% 192432 out of 192432
    checks_failed......: 0.00%   0 out of 192432

    ✓ download as expected
    ✓ upload link 201
    ✓ confirm 200

    CUSTOM
    server_errors.............................: 0.00%  0 out of 192432
      { phase:bench }.........................: 0.00%  0 out of 136454

    HTTP
    http_req_duration.........................: med=3.68ms p(95)=12.88ms p(99)=183.63ms avg=16.23ms max=3.22s 
      { expected_response:true }..............: med=3.68ms p(95)=12.88ms p(99)=183.63ms avg=16.23ms max=3.22s 
      { name:confirm,phase:bench }............: med=4.84ms p(95)=12.95ms p(99)=158.44ms avg=17.56ms max=2.58s 
      { name:download_expired,phase:bench }...: med=0s     p(95)=0s      p(99)=0s       avg=0s      max=0s    
      { name:download,phase:bench }...........: med=3.73ms p(95)=15.24ms p(99)=391.33ms avg=20.67ms max=3.22s 
      { name:upload,phase:bench }.............: med=6.35ms p(95)=22.97ms p(99)=478.65ms avg=26.43ms max=3.21s 
    http_req_failed...........................: 0.00%  0 out of 192432
      { phase:bench }.........................: 0.00%  0 out of 136452
    http_reqs.................................: 192432 353.638386/s

    EXECUTION
    iteration_duration........................: med=5s     p(95)=5.03s   p(99)=7.33s    avg=5.06s   max=10.75s
    iterations................................: 187581 344.72355/s
    vus.......................................: 7      min=7           max=2250
    vus_max...................................: 2250   min=2250        max=2250

    NETWORK
    data_received.............................: 452 MB 830 kB/s
    data_sent.................................: 155 MB 285 kB/s




running (9m04.1s), 0000/2250 VUs, 187581 complete and 0 interrupted iterations
users ✓ [ 100% ] 0000/2250 VUs  9m0s
== 2250 users: pass
== resting 120s
== pass 2: 2500 users (passed up to 2250, failed from 0)
TRUNCATE TABLE
SELECT 10000
ALTER TABLE
UPDATE 10000
INSERT 0 10000
COPY 10000
VACUUM
  expiry   | count 
-----------+-------
 HOURS24   |  3317
 MINUTES15 |  3363
 MINUTES30 |  3320
(3 rows)

 rows  |  table  | indexes |  total  
-------+---------+---------+---------
 10000 | 1112 kB | 1400 kB | 2512 kB
(1 row)

wrote /tmp/seed.csv (10000 files). Copy it to the load generator and run load-file-list.sh.
file list loaded: 10000 files
time="2026-09-30T14:53:42Z" level=info msg="Automatic extension resolution is enabled. The current k6 binary doesn't satisfy all dependencies, it's required to provision a custom binary." deps="k6;k6/x/redis"
time="2026-09-30T14:53:43Z" level=info msg="Using cached k6 binary" artifact_id=d29e86c20dd9a49cb84ea3c41fac5b8b8e524e06 deps="map[k6:v2.3.0 k6/x/redis:v0.4.3]" path=/home/admin/.cache/k6/builds/d29e86c20dd9a49cb84ea3c41fac5b8b8e524e06/k6

         /\      Grafana   /‾‾/  
    /\  /  \     |\  __   /  /   
   /  \/    \    | |/ /  /   ‾‾\ 
  /          \   |   (  |  (‾)  |
 / __________ \  |_|\_\  \_____/ 


     execution: local
        script: /home/admin/Mint-Bench/k6/mint.js
        output: csv (/home/admin/Mint-Bench/bench-sql/results/2026-09-30-1442/vus-2500/k6.csv.gz)

     scenarios: (100.00%) 1 scenario, 2500 max VUs, 9m30s max duration (incl. graceful stop):
              * users: Up to 2500 looping VUs for 9m0s over 3 stages (gracefulRampDown: 30s, gracefulStop: 30s)


running (0m00.5s), 0011/2500 VUs, 0 complete and 0 interrupted iterations
users   [   0% ] 0011/2500 VUs  0m00.5s/9m00.0s

running (0m01.5s), 0031/2500 VUs, 0 complete and 0 interrupted iterations
users   [   0% ] 0031/2500 VUs  0m01.5s/9m00.0s

running (0m02.5s), 0052/2500 VUs, 0 complete and 0 interrupted iterations
users   [   0% ] 0052/2500 VUs  0m02.5s/9m00.0s

running (0m03.5s), 0073/2500 VUs, 0 complete and 0 interrupted iterations
users   [   1% ] 0073/2500 VUs  0m03.5s/9m00.0s

running (0m04.5s), 0094/2500 VUs, 0 complete and 0 interrupted iterations
users   [   1% ] 0094/2500 VUs  0m04.5s/9m00.0s

running (0m05.5s), 0115/2500 VUs, 11 complete and 0 interrupted iterations
users   [   1% ] 0115/2500 VUs  0m05.5s/9m00.0s

running (0m06.5s), 0136/2500 VUs, 31 complete and 0 interrupted iterations
users   [   1% ] 0136/2500 VUs  0m06.5s/9m00.0s

running (0m07.5s), 0156/2500 VUs, 51 complete and 0 interrupted iterations
users   [   1% ] 0156/2500 VUs  0m07.5s/9m00.0s

running (0m08.5s), 0177/2500 VUs, 72 complete and 0 interrupted iterations
users   [   2% ] 0177/2500 VUs  0m08.5s/9m00.0s

running (0m09.5s), 0198/2500 VUs, 94 complete and 0 interrupted iterations
users   [   2% ] 0198/2500 VUs  0m09.5s/9m00.0s

running (0m10.5s), 0219/2500 VUs, 125 complete and 0 interrupted iterations
users   [   2% ] 0219/2500 VUs  0m10.5s/9m00.0s

running (0m11.5s), 0240/2500 VUs, 164 complete and 0 interrupted iterations
users   [   2% ] 0240/2500 VUs  0m11.5s/9m00.0s

running (0m12.5s), 0261/2500 VUs, 204 complete and 0 interrupted iterations
users   [   2% ] 0261/2500 VUs  0m12.5s/9m00.0s

running (0m13.5s), 0282/2500 VUs, 247 complete and 0 interrupted iterations
users   [   3% ] 0282/2500 VUs  0m13.5s/9m00.0s

running (0m14.5s), 0302/2500 VUs, 290 complete and 0 interrupted iterations
users   [   3% ] 0302/2500 VUs  0m14.5s/9m00.0s

running (0m15.5s), 0323/2500 VUs, 343 complete and 0 interrupted iterations
users   [   3% ] 0323/2500 VUs  0m15.5s/9m00.0s

running (0m16.5s), 0344/2500 VUs, 404 complete and 0 interrupted iterations
users   [   3% ] 0344/2500 VUs  0m16.5s/9m00.0s

running (0m17.5s), 0365/2500 VUs, 464 complete and 0 interrupted iterations
users   [   3% ] 0365/2500 VUs  0m17.5s/9m00.0s

running (0m18.5s), 0386/2500 VUs, 528 complete and 0 interrupted iterations
users   [   3% ] 0386/2500 VUs  0m18.5s/9m00.0s

running (0m19.5s), 0406/2500 VUs, 589 complete and 0 interrupted iterations
users   [   4% ] 0406/2500 VUs  0m19.5s/9m00.0s

running (0m20.5s), 0427/2500 VUs, 662 complete and 0 interrupted iterations
users   [   4% ] 0427/2500 VUs  0m20.5s/9m00.0s

running (0m21.5s), 0448/2500 VUs, 739 complete and 0 interrupted iterations
users   [   4% ] 0448/2500 VUs  0m21.5s/9m00.0s

running (0m22.5s), 0469/2500 VUs, 828 complete and 0 interrupted iterations
users   [   4% ] 0469/2500 VUs  0m22.5s/9m00.0s

running (0m23.5s), 0490/2500 VUs, 909 complete and 0 interrupted iterations
users   [   4% ] 0490/2500 VUs  0m23.5s/9m00.0s

running (0m24.5s), 0511/2500 VUs, 993 complete and 0 interrupted iterations
users   [   5% ] 0511/2500 VUs  0m24.5s/9m00.0s

running (0m25.5s), 0531/2500 VUs, 1086 complete and 0 interrupted iterations
users   [   5% ] 0531/2500 VUs  0m25.5s/9m00.0s

running (0m26.5s), 0552/2500 VUs, 1183 complete and 0 interrupted iterations
users   [   5% ] 0552/2500 VUs  0m26.5s/9m00.0s

running (0m27.5s), 0573/2500 VUs, 1295 complete and 0 interrupted iterations
users   [   5% ] 0573/2500 VUs  0m27.5s/9m00.0s

running (0m28.5s), 0594/2500 VUs, 1397 complete and 0 interrupted iterations
users   [   5% ] 0594/2500 VUs  0m28.5s/9m00.0s

running (0m29.5s), 0615/2500 VUs, 1499 complete and 0 interrupted iterations
users   [   5% ] 0615/2500 VUs  0m29.5s/9m00.0s

running (0m30.5s), 0636/2500 VUs, 1610 complete and 0 interrupted iterations
users   [   6% ] 0636/2500 VUs  0m30.5s/9m00.0s

running (0m31.5s), 0656/2500 VUs, 1730 complete and 0 interrupted iterations
users   [   6% ] 0656/2500 VUs  0m31.5s/9m00.0s

running (0m32.5s), 0677/2500 VUs, 1858 complete and 0 interrupted iterations
users   [   6% ] 0677/2500 VUs  0m32.5s/9m00.0s

running (0m33.5s), 0698/2500 VUs, 1984 complete and 0 interrupted iterations
users   [   6% ] 0698/2500 VUs  0m33.5s/9m00.0s

running (0m34.5s), 0719/2500 VUs, 2113 complete and 0 interrupted iterations
users   [   6% ] 0719/2500 VUs  0m34.5s/9m00.0s

running (0m35.5s), 0740/2500 VUs, 2237 complete and 0 interrupted iterations
users   [   7% ] 0740/2500 VUs  0m35.5s/9m00.0s

running (0m36.5s), 0761/2500 VUs, 2377 complete and 0 interrupted iterations
users   [   7% ] 0761/2500 VUs  0m36.5s/9m00.0s

running (0m37.5s), 0781/2500 VUs, 2524 complete and 0 interrupted iterations
users   [   7% ] 0781/2500 VUs  0m37.5s/9m00.0s

running (0m38.5s), 0802/2500 VUs, 2666 complete and 0 interrupted iterations
users   [   7% ] 0802/2500 VUs  0m38.5s/9m00.0s

running (0m39.5s), 0823/2500 VUs, 2818 complete and 0 interrupted iterations
users   [   7% ] 0823/2500 VUs  0m39.5s/9m00.0s

running (0m40.5s), 0844/2500 VUs, 2967 complete and 0 interrupted iterations
users   [   8% ] 0844/2500 VUs  0m40.5s/9m00.0s

running (0m41.5s), 0865/2500 VUs, 3131 complete and 0 interrupted iterations
users   [   8% ] 0865/2500 VUs  0m41.5s/9m00.0s

running (0m42.5s), 0886/2500 VUs, 3296 complete and 0 interrupted iterations
users   [   8% ] 0886/2500 VUs  0m42.5s/9m00.0s

running (0m43.5s), 0906/2500 VUs, 3456 complete and 0 interrupted iterations
users   [   8% ] 0906/2500 VUs  0m43.5s/9m00.0s

running (0m44.5s), 0927/2500 VUs, 3627 complete and 0 interrupted iterations
users   [   8% ] 0927/2500 VUs  0m44.5s/9m00.0s

running (0m45.5s), 0948/2500 VUs, 3801 complete and 0 interrupted iterations
users   [   8% ] 0948/2500 VUs  0m45.5s/9m00.0s

running (0m46.5s), 0969/2500 VUs, 3983 complete and 0 interrupted iterations
users   [   9% ] 0969/2500 VUs  0m46.5s/9m00.0s

running (0m47.5s), 0990/2500 VUs, 4167 complete and 0 interrupted iterations
users   [   9% ] 0990/2500 VUs  0m47.5s/9m00.0s

running (0m48.5s), 1011/2500 VUs, 4354 complete and 0 interrupted iterations
users   [   9% ] 1011/2500 VUs  0m48.5s/9m00.0s

running (0m49.5s), 1031/2500 VUs, 4547 complete and 0 interrupted iterations
users   [   9% ] 1031/2500 VUs  0m49.5s/9m00.0s

running (0m50.5s), 1052/2500 VUs, 4739 complete and 0 interrupted iterations
users   [   9% ] 1052/2500 VUs  0m50.5s/9m00.0s

running (0m51.5s), 1073/2500 VUs, 4943 complete and 0 interrupted iterations
users   [  10% ] 1073/2500 VUs  0m51.5s/9m00.0s

running (0m52.5s), 1094/2500 VUs, 5147 complete and 0 interrupted iterations
users   [  10% ] 1094/2500 VUs  0m52.5s/9m00.0s

running (0m53.5s), 1115/2500 VUs, 5355 complete and 0 interrupted iterations
users   [  10% ] 1115/2500 VUs  0m53.5s/9m00.0s

running (0m54.5s), 1136/2500 VUs, 5571 complete and 0 interrupted iterations
users   [  10% ] 1136/2500 VUs  0m54.5s/9m00.0s

running (0m55.5s), 1156/2500 VUs, 5785 complete and 0 interrupted iterations
users   [  10% ] 1156/2500 VUs  0m55.5s/9m00.0s

running (0m56.5s), 1177/2500 VUs, 6003 complete and 0 interrupted iterations
users   [  10% ] 1177/2500 VUs  0m56.5s/9m00.0s

running (0m57.5s), 1198/2500 VUs, 6232 complete and 0 interrupted iterations
users   [  11% ] 1198/2500 VUs  0m57.5s/9m00.0s

running (0m58.5s), 1219/2500 VUs, 6460 complete and 0 interrupted iterations
users   [  11% ] 1219/2500 VUs  0m58.5s/9m00.0s

running (0m59.5s), 1240/2500 VUs, 6693 complete and 0 interrupted iterations
users   [  11% ] 1240/2500 VUs  0m59.5s/9m00.0s

running (1m00.5s), 1261/2500 VUs, 6932 complete and 0 interrupted iterations
users   [  11% ] 1261/2500 VUs  1m00.5s/9m00.0s

running (1m01.5s), 1281/2500 VUs, 7167 complete and 0 interrupted iterations
users   [  11% ] 1281/2500 VUs  1m01.5s/9m00.0s

running (1m02.5s), 1302/2500 VUs, 7419 complete and 0 interrupted iterations
users   [  12% ] 1302/2500 VUs  1m02.5s/9m00.0s

running (1m03.5s), 1323/2500 VUs, 7668 complete and 0 interrupted iterations
users   [  12% ] 1323/2500 VUs  1m03.5s/9m00.0s

running (1m04.5s), 1344/2500 VUs, 7923 complete and 0 interrupted iterations
users   [  12% ] 1344/2500 VUs  1m04.5s/9m00.0s

running (1m05.5s), 1365/2500 VUs, 8182 complete and 0 interrupted iterations
users   [  12% ] 1365/2500 VUs  1m05.5s/9m00.0s

running (1m06.5s), 1386/2500 VUs, 8439 complete and 0 interrupted iterations
users   [  12% ] 1386/2500 VUs  1m06.5s/9m00.0s

running (1m07.5s), 1406/2500 VUs, 8705 complete and 0 interrupted iterations
users   [  13% ] 1406/2500 VUs  1m07.5s/9m00.0s

running (1m08.5s), 1427/2500 VUs, 8975 complete and 0 interrupted iterations
users   [  13% ] 1427/2500 VUs  1m08.5s/9m00.0s

running (1m09.5s), 1448/2500 VUs, 9253 complete and 0 interrupted iterations
users   [  13% ] 1448/2500 VUs  1m09.5s/9m00.0s

running (1m10.5s), 1469/2500 VUs, 9532 complete and 0 interrupted iterations
users   [  13% ] 1469/2500 VUs  1m10.5s/9m00.0s

running (1m11.5s), 1490/2500 VUs, 9810 complete and 0 interrupted iterations
users   [  13% ] 1490/2500 VUs  1m11.5s/9m00.0s

running (1m12.5s), 1511/2500 VUs, 10093 complete and 0 interrupted iterations
users   [  13% ] 1511/2500 VUs  1m12.5s/9m00.0s

running (1m13.5s), 1531/2500 VUs, 10381 complete and 0 interrupted iterations
users   [  14% ] 1531/2500 VUs  1m13.5s/9m00.0s

running (1m14.5s), 1552/2500 VUs, 10678 complete and 0 interrupted iterations
users   [  14% ] 1552/2500 VUs  1m14.5s/9m00.0s

running (1m15.5s), 1573/2500 VUs, 10988 complete and 0 interrupted iterations
users   [  14% ] 1573/2500 VUs  1m15.5s/9m00.0s

running (1m16.5s), 1594/2500 VUs, 11284 complete and 0 interrupted iterations
users   [  14% ] 1594/2500 VUs  1m16.5s/9m00.0s

running (1m17.5s), 1615/2500 VUs, 11588 complete and 0 interrupted iterations
users   [  14% ] 1615/2500 VUs  1m17.5s/9m00.0s

running (1m18.5s), 1636/2500 VUs, 11894 complete and 0 interrupted iterations
users   [  15% ] 1636/2500 VUs  1m18.5s/9m00.0s

running (1m19.5s), 1656/2500 VUs, 12209 complete and 0 interrupted iterations
users   [  15% ] 1656/2500 VUs  1m19.5s/9m00.0s

running (1m20.5s), 1677/2500 VUs, 12530 complete and 0 interrupted iterations
users   [  15% ] 1677/2500 VUs  1m20.5s/9m00.0s

running (1m21.5s), 1698/2500 VUs, 12843 complete and 0 interrupted iterations
users   [  15% ] 1698/2500 VUs  1m21.5s/9m00.0s

running (1m22.5s), 1719/2500 VUs, 13174 complete and 0 interrupted iterations
users   [  15% ] 1719/2500 VUs  1m22.5s/9m00.0s

running (1m23.5s), 1740/2500 VUs, 13500 complete and 0 interrupted iterations
users   [  15% ] 1740/2500 VUs  1m23.5s/9m00.0s

running (1m24.5s), 1761/2500 VUs, 13838 complete and 0 interrupted iterations
users   [  16% ] 1761/2500 VUs  1m24.5s/9m00.0s

running (1m25.5s), 1781/2500 VUs, 14187 complete and 0 interrupted iterations
users   [  16% ] 1781/2500 VUs  1m25.5s/9m00.0s

running (1m26.5s), 1802/2500 VUs, 14520 complete and 0 interrupted iterations
users   [  16% ] 1802/2500 VUs  1m26.5s/9m00.0s

running (1m27.5s), 1823/2500 VUs, 14877 complete and 0 interrupted iterations
users   [  16% ] 1823/2500 VUs  1m27.5s/9m00.0s

running (1m28.5s), 1844/2500 VUs, 15223 complete and 0 interrupted iterations
users   [  16% ] 1844/2500 VUs  1m28.5s/9m00.0s

running (1m29.5s), 1865/2500 VUs, 15577 complete and 0 interrupted iterations
users   [  17% ] 1865/2500 VUs  1m29.5s/9m00.0s

running (1m30.5s), 1886/2500 VUs, 15946 complete and 0 interrupted iterations
users   [  17% ] 1886/2500 VUs  1m30.5s/9m00.0s

running (1m31.5s), 1906/2500 VUs, 16294 complete and 0 interrupted iterations
users   [  17% ] 1906/2500 VUs  1m31.5s/9m00.0s

running (1m32.5s), 1927/2500 VUs, 16677 complete and 0 interrupted iterations
users   [  17% ] 1927/2500 VUs  1m32.5s/9m00.0s

running (1m33.5s), 1948/2500 VUs, 17048 complete and 0 interrupted iterations
users   [  17% ] 1948/2500 VUs  1m33.5s/9m00.0s

running (1m34.5s), 1969/2500 VUs, 17427 complete and 0 interrupted iterations
users   [  18% ] 1969/2500 VUs  1m34.5s/9m00.0s

running (1m35.5s), 1990/2500 VUs, 17801 complete and 0 interrupted iterations
users   [  18% ] 1990/2500 VUs  1m35.5s/9m00.0s

running (1m36.5s), 2011/2500 VUs, 18176 complete and 0 interrupted iterations
users   [  18% ] 2011/2500 VUs  1m36.5s/9m00.0s

running (1m37.5s), 2031/2500 VUs, 18580 complete and 0 interrupted iterations
users   [  18% ] 2031/2500 VUs  1m37.5s/9m00.0s

running (1m38.5s), 2052/2500 VUs, 18968 complete and 0 interrupted iterations
users   [  18% ] 2052/2500 VUs  1m38.5s/9m00.0s

running (1m39.5s), 2073/2500 VUs, 19361 complete and 0 interrupted iterations
users   [  18% ] 2073/2500 VUs  1m39.5s/9m00.0s

running (1m40.5s), 2094/2500 VUs, 19761 complete and 0 interrupted iterations
users   [  19% ] 2094/2500 VUs  1m40.5s/9m00.0s

running (1m41.5s), 2115/2500 VUs, 20162 complete and 0 interrupted iterations
users   [  19% ] 2115/2500 VUs  1m41.5s/9m00.0s

running (1m42.5s), 2136/2500 VUs, 20584 complete and 0 interrupted iterations
users   [  19% ] 2136/2500 VUs  1m42.5s/9m00.0s

running (1m43.5s), 2156/2500 VUs, 20999 complete and 0 interrupted iterations
users   [  19% ] 2156/2500 VUs  1m43.5s/9m00.0s

running (1m44.5s), 2177/2500 VUs, 21418 complete and 0 interrupted iterations
users   [  19% ] 2177/2500 VUs  1m44.5s/9m00.0s

running (1m45.5s), 2198/2500 VUs, 21840 complete and 0 interrupted iterations
users   [  20% ] 2198/2500 VUs  1m45.5s/9m00.0s

running (1m46.5s), 2219/2500 VUs, 22249 complete and 0 interrupted iterations
users   [  20% ] 2219/2500 VUs  1m46.5s/9m00.0s

running (1m47.5s), 2240/2500 VUs, 22681 complete and 0 interrupted iterations
users   [  20% ] 2240/2500 VUs  1m47.5s/9m00.0s

running (1m48.5s), 2261/2500 VUs, 23126 complete and 0 interrupted iterations
users   [  20% ] 2261/2500 VUs  1m48.5s/9m00.0s

running (1m49.5s), 2281/2500 VUs, 23570 complete and 0 interrupted iterations
users   [  20% ] 2281/2500 VUs  1m49.5s/9m00.0s

running (1m50.5s), 2302/2500 VUs, 24012 complete and 0 interrupted iterations
users   [  20% ] 2302/2500 VUs  1m50.5s/9m00.0s

running (1m51.5s), 2323/2500 VUs, 24441 complete and 0 interrupted iterations
users   [  21% ] 2323/2500 VUs  1m51.5s/9m00.0s

running (1m52.5s), 2344/2500 VUs, 24891 complete and 0 interrupted iterations
users   [  21% ] 2344/2500 VUs  1m52.5s/9m00.0s

running (1m53.5s), 2365/2500 VUs, 25367 complete and 0 interrupted iterations
users   [  21% ] 2365/2500 VUs  1m53.5s/9m00.0s

running (1m54.5s), 2386/2500 VUs, 25826 complete and 0 interrupted iterations
users   [  21% ] 2386/2500 VUs  1m54.5s/9m00.0s

running (1m55.5s), 2406/2500 VUs, 26287 complete and 0 interrupted iterations
users   [  21% ] 2406/2500 VUs  1m55.5s/9m00.0s

running (1m56.5s), 2427/2500 VUs, 26737 complete and 0 interrupted iterations
users   [  22% ] 2427/2500 VUs  1m56.5s/9m00.0s

running (1m57.5s), 2448/2500 VUs, 27214 complete and 0 interrupted iterations
users   [  22% ] 2448/2500 VUs  1m57.5s/9m00.0s

running (1m58.5s), 2469/2500 VUs, 27704 complete and 0 interrupted iterations
users   [  22% ] 2469/2500 VUs  1m58.5s/9m00.0s

running (1m59.5s), 2490/2500 VUs, 28185 complete and 0 interrupted iterations
users   [  22% ] 2490/2500 VUs  1m59.5s/9m00.0s

running (2m00.5s), 2500/2500 VUs, 28665 complete and 0 interrupted iterations
users   [  22% ] 2500/2500 VUs  2m00.5s/9m00.0s

running (2m01.5s), 2500/2500 VUs, 29144 complete and 0 interrupted iterations
users   [  23% ] 2500/2500 VUs  2m01.5s/9m00.0s

running (2m02.5s), 2500/2500 VUs, 29632 complete and 0 interrupted iterations
users   [  23% ] 2500/2500 VUs  2m02.5s/9m00.0s

running (2m03.5s), 2500/2500 VUs, 30151 complete and 0 interrupted iterations
users   [  23% ] 2500/2500 VUs  2m03.5s/9m00.0s

running (2m04.5s), 2500/2500 VUs, 30652 complete and 0 interrupted iterations
users   [  23% ] 2500/2500 VUs  2m04.5s/9m00.0s

running (2m05.5s), 2500/2500 VUs, 31142 complete and 0 interrupted iterations
users   [  23% ] 2500/2500 VUs  2m05.5s/9m00.0s

running (2m06.5s), 2500/2500 VUs, 31622 complete and 0 interrupted iterations
users   [  23% ] 2500/2500 VUs  2m06.5s/9m00.0s

running (2m07.5s), 2500/2500 VUs, 32106 complete and 0 interrupted iterations
users   [  24% ] 2500/2500 VUs  2m07.5s/9m00.0s

running (2m08.5s), 2500/2500 VUs, 32626 complete and 0 interrupted iterations
users   [  24% ] 2500/2500 VUs  2m08.5s/9m00.0s

running (2m09.5s), 2500/2500 VUs, 33129 complete and 0 interrupted iterations
users   [  24% ] 2500/2500 VUs  2m09.5s/9m00.0s

running (2m10.5s), 2500/2500 VUs, 33611 complete and 0 interrupted iterations
users   [  24% ] 2500/2500 VUs  2m10.5s/9m00.0s

running (2m11.5s), 2500/2500 VUs, 34086 complete and 0 interrupted iterations
users   [  24% ] 2500/2500 VUs  2m11.5s/9m00.0s

running (2m12.5s), 2500/2500 VUs, 34572 complete and 0 interrupted iterations
users   [  25% ] 2500/2500 VUs  2m12.5s/9m00.0s

running (2m13.5s), 2500/2500 VUs, 35101 complete and 0 interrupted iterations
users   [  25% ] 2500/2500 VUs  2m13.5s/9m00.0s

running (2m14.5s), 2500/2500 VUs, 35599 complete and 0 interrupted iterations
users   [  25% ] 2500/2500 VUs  2m14.5s/9m00.0s

running (2m15.5s), 2500/2500 VUs, 36083 complete and 0 interrupted iterations
users   [  25% ] 2500/2500 VUs  2m15.5s/9m00.0s

running (2m16.5s), 2500/2500 VUs, 36568 complete and 0 interrupted iterations
users   [  25% ] 2500/2500 VUs  2m16.5s/9m00.0s

running (2m17.5s), 2500/2500 VUs, 37046 complete and 0 interrupted iterations
users   [  25% ] 2500/2500 VUs  2m17.5s/9m00.0s

running (2m18.5s), 2500/2500 VUs, 37566 complete and 0 interrupted iterations
users   [  26% ] 2500/2500 VUs  2m18.5s/9m00.0s

running (2m19.5s), 2500/2500 VUs, 38062 complete and 0 interrupted iterations
users   [  26% ] 2500/2500 VUs  2m19.5s/9m00.0s

running (2m20.5s), 2500/2500 VUs, 38551 complete and 0 interrupted iterations
users   [  26% ] 2500/2500 VUs  2m20.5s/9m00.0s

running (2m21.5s), 2500/2500 VUs, 39022 complete and 0 interrupted iterations
users   [  26% ] 2500/2500 VUs  2m21.5s/9m00.0s

running (2m22.5s), 2500/2500 VUs, 39519 complete and 0 interrupted iterations
users   [  26% ] 2500/2500 VUs  2m22.5s/9m00.0s

running (2m23.5s), 2500/2500 VUs, 40015 complete and 0 interrupted iterations
users   [  27% ] 2500/2500 VUs  2m23.5s/9m00.0s

running (2m24.5s), 2500/2500 VUs, 40541 complete and 0 interrupted iterations
users   [  27% ] 2500/2500 VUs  2m24.5s/9m00.0s

running (2m25.5s), 2500/2500 VUs, 41029 complete and 0 interrupted iterations
users   [  27% ] 2500/2500 VUs  2m25.5s/9m00.0s

running (2m26.5s), 2500/2500 VUs, 41505 complete and 0 interrupted iterations
users   [  27% ] 2500/2500 VUs  2m26.5s/9m00.0s

running (2m27.5s), 2500/2500 VUs, 41987 complete and 0 interrupted iterations
users   [  27% ] 2500/2500 VUs  2m27.5s/9m00.0s

running (2m28.5s), 2500/2500 VUs, 42478 complete and 0 interrupted iterations
users   [  28% ] 2500/2500 VUs  2m28.5s/9m00.0s

running (2m29.5s), 2500/2500 VUs, 43011 complete and 0 interrupted iterations
users   [  28% ] 2500/2500 VUs  2m29.5s/9m00.0s

running (2m30.5s), 2500/2500 VUs, 43488 complete and 0 interrupted iterations
users   [  28% ] 2500/2500 VUs  2m30.5s/9m00.0s

running (2m31.5s), 2500/2500 VUs, 43971 complete and 0 interrupted iterations
users   [  28% ] 2500/2500 VUs  2m31.5s/9m00.0s

running (2m32.5s), 2500/2500 VUs, 44456 complete and 0 interrupted iterations
users   [  28% ] 2500/2500 VUs  2m32.5s/9m00.0s

running (2m33.5s), 2500/2500 VUs, 44958 complete and 0 interrupted iterations
users   [  28% ] 2500/2500 VUs  2m33.5s/9m00.0s

running (2m34.5s), 2500/2500 VUs, 45486 complete and 0 interrupted iterations
users   [  29% ] 2500/2500 VUs  2m34.5s/9m00.0s

running (2m35.5s), 2500/2500 VUs, 45966 complete and 0 interrupted iterations
users   [  29% ] 2500/2500 VUs  2m35.5s/9m00.0s

running (2m36.5s), 2500/2500 VUs, 46446 complete and 0 interrupted iterations
users   [  29% ] 2500/2500 VUs  2m36.5s/9m00.0s

running (2m37.5s), 2500/2500 VUs, 46914 complete and 0 interrupted iterations
users   [  29% ] 2500/2500 VUs  2m37.5s/9m00.0s

running (2m38.5s), 2500/2500 VUs, 47423 complete and 0 interrupted iterations
users   [  29% ] 2500/2500 VUs  2m38.5s/9m00.0s

running (2m39.5s), 2500/2500 VUs, 47946 complete and 0 interrupted iterations
users   [  30% ] 2500/2500 VUs  2m39.5s/9m00.0s

running (2m40.5s), 2500/2500 VUs, 48431 complete and 0 interrupted iterations
users   [  30% ] 2500/2500 VUs  2m40.5s/9m00.0s

running (2m41.5s), 2500/2500 VUs, 48919 complete and 0 interrupted iterations
users   [  30% ] 2500/2500 VUs  2m41.5s/9m00.0s

running (2m42.5s), 2500/2500 VUs, 49386 complete and 0 interrupted iterations
users   [  30% ] 2500/2500 VUs  2m42.5s/9m00.0s

running (2m43.5s), 2500/2500 VUs, 49891 complete and 0 interrupted iterations
users   [  30% ] 2500/2500 VUs  2m43.5s/9m00.0s

running (2m44.5s), 2500/2500 VUs, 50411 complete and 0 interrupted iterations
users   [  30% ] 2500/2500 VUs  2m44.5s/9m00.0s

running (2m45.5s), 2500/2500 VUs, 50897 complete and 0 interrupted iterations
users   [  31% ] 2500/2500 VUs  2m45.5s/9m00.0s

running (2m46.5s), 2500/2500 VUs, 51389 complete and 0 interrupted iterations
users   [  31% ] 2500/2500 VUs  2m46.5s/9m00.0s

running (2m47.5s), 2500/2500 VUs, 51854 complete and 0 interrupted iterations
users   [  31% ] 2500/2500 VUs  2m47.5s/9m00.0s

running (2m48.5s), 2500/2500 VUs, 52365 complete and 0 interrupted iterations
users   [  31% ] 2500/2500 VUs  2m48.5s/9m00.0s

running (2m49.5s), 2500/2500 VUs, 52879 complete and 0 interrupted iterations
users   [  31% ] 2500/2500 VUs  2m49.5s/9m00.0s

running (2m50.5s), 2500/2500 VUs, 53369 complete and 0 interrupted iterations
users   [  32% ] 2500/2500 VUs  2m50.5s/9m00.0s

running (2m51.5s), 2500/2500 VUs, 53868 complete and 0 interrupted iterations
users   [  32% ] 2500/2500 VUs  2m51.5s/9m00.0s

running (2m52.5s), 2500/2500 VUs, 54323 complete and 0 interrupted iterations
users   [  32% ] 2500/2500 VUs  2m52.5s/9m00.0s

running (2m53.5s), 2500/2500 VUs, 54837 complete and 0 interrupted iterations
users   [  32% ] 2500/2500 VUs  2m53.5s/9m00.0s

running (2m54.5s), 2500/2500 VUs, 55348 complete and 0 interrupted iterations
users   [  32% ] 2500/2500 VUs  2m54.5s/9m00.0s

running (2m55.5s), 2500/2500 VUs, 55842 complete and 0 interrupted iterations
users   [  33% ] 2500/2500 VUs  2m55.5s/9m00.0s

running (2m56.5s), 2500/2500 VUs, 56340 complete and 0 interrupted iterations
users   [  33% ] 2500/2500 VUs  2m56.5s/9m00.0s

running (2m57.5s), 2500/2500 VUs, 56803 complete and 0 interrupted iterations
users   [  33% ] 2500/2500 VUs  2m57.5s/9m00.0s

running (2m58.5s), 2500/2500 VUs, 57315 complete and 0 interrupted iterations
users   [  33% ] 2500/2500 VUs  2m58.5s/9m00.0s

running (2m59.5s), 2500/2500 VUs, 57820 complete and 0 interrupted iterations
users   [  33% ] 2500/2500 VUs  2m59.5s/9m00.0s

running (3m00.5s), 2500/2500 VUs, 58310 complete and 0 interrupted iterations
users   [  33% ] 2500/2500 VUs  3m00.5s/9m00.0s

running (3m01.5s), 2500/2500 VUs, 58804 complete and 0 interrupted iterations
users   [  34% ] 2500/2500 VUs  3m01.5s/9m00.0s

running (3m02.5s), 2500/2500 VUs, 59279 complete and 0 interrupted iterations
users   [  34% ] 2500/2500 VUs  3m02.5s/9m00.0s

running (3m03.5s), 2500/2500 VUs, 59784 complete and 0 interrupted iterations
users   [  34% ] 2500/2500 VUs  3m03.5s/9m00.0s

running (3m04.5s), 2500/2500 VUs, 60289 complete and 0 interrupted iterations
users   [  34% ] 2500/2500 VUs  3m04.5s/9m00.0s

running (3m05.5s), 2500/2500 VUs, 60781 complete and 0 interrupted iterations
users   [  34% ] 2500/2500 VUs  3m05.5s/9m00.0s

running (3m06.5s), 2500/2500 VUs, 61278 complete and 0 interrupted iterations
users   [  35% ] 2500/2500 VUs  3m06.5s/9m00.0s

running (3m07.5s), 2500/2500 VUs, 61751 complete and 0 interrupted iterations
users   [  35% ] 2500/2500 VUs  3m07.5s/9m00.0s

running (3m08.5s), 2500/2500 VUs, 62261 complete and 0 interrupted iterations
users   [  35% ] 2500/2500 VUs  3m08.5s/9m00.0s

running (3m09.5s), 2500/2500 VUs, 62765 complete and 0 interrupted iterations
users   [  35% ] 2500/2500 VUs  3m09.5s/9m00.0s

running (3m10.5s), 2500/2500 VUs, 63256 complete and 0 interrupted iterations
users   [  35% ] 2500/2500 VUs  3m10.5s/9m00.0s

running (3m11.5s), 2500/2500 VUs, 63755 complete and 0 interrupted iterations
users   [  35% ] 2500/2500 VUs  3m11.5s/9m00.0s

running (3m12.5s), 2500/2500 VUs, 64238 complete and 0 interrupted iterations
users   [  36% ] 2500/2500 VUs  3m12.5s/9m00.0s

running (3m13.5s), 2500/2500 VUs, 64739 complete and 0 interrupted iterations
users   [  36% ] 2500/2500 VUs  3m13.5s/9m00.0s

running (3m14.5s), 2500/2500 VUs, 65240 complete and 0 interrupted iterations
users   [  36% ] 2500/2500 VUs  3m14.5s/9m00.0s

running (3m15.5s), 2500/2500 VUs, 65722 complete and 0 interrupted iterations
users   [  36% ] 2500/2500 VUs  3m15.5s/9m00.0s

running (3m16.5s), 2500/2500 VUs, 66227 complete and 0 interrupted iterations
users   [  36% ] 2500/2500 VUs  3m16.5s/9m00.0s

running (3m17.5s), 2500/2500 VUs, 66700 complete and 0 interrupted iterations
users   [  37% ] 2500/2500 VUs  3m17.5s/9m00.0s

running (3m18.5s), 2500/2500 VUs, 67203 complete and 0 interrupted iterations
users   [  37% ] 2500/2500 VUs  3m18.5s/9m00.0s

running (3m19.5s), 2500/2500 VUs, 67704 complete and 0 interrupted iterations
users   [  37% ] 2500/2500 VUs  3m19.5s/9m00.0s

running (3m20.5s), 2500/2500 VUs, 68194 complete and 0 interrupted iterations
users   [  37% ] 2500/2500 VUs  3m20.5s/9m00.0s

running (3m21.5s), 2500/2500 VUs, 68659 complete and 0 interrupted iterations
users   [  37% ] 2500/2500 VUs  3m21.5s/9m00.0s

running (3m22.5s), 2500/2500 VUs, 69176 complete and 0 interrupted iterations
users   [  38% ] 2500/2500 VUs  3m22.5s/9m00.0s

running (3m23.5s), 2500/2500 VUs, 69678 complete and 0 interrupted iterations
users   [  38% ] 2500/2500 VUs  3m23.5s/9m00.0s

running (3m24.5s), 2500/2500 VUs, 70190 complete and 0 interrupted iterations
users   [  38% ] 2500/2500 VUs  3m24.5s/9m00.0s

running (3m25.5s), 2500/2500 VUs, 70673 complete and 0 interrupted iterations
users   [  38% ] 2500/2500 VUs  3m25.5s/9m00.0s

running (3m26.5s), 2500/2500 VUs, 71133 complete and 0 interrupted iterations
users   [  38% ] 2500/2500 VUs  3m26.5s/9m00.0s

running (3m27.5s), 2500/2500 VUs, 71645 complete and 0 interrupted iterations
users   [  38% ] 2500/2500 VUs  3m27.5s/9m00.0s

running (3m28.5s), 2500/2500 VUs, 72147 complete and 0 interrupted iterations
users   [  39% ] 2500/2500 VUs  3m28.5s/9m00.0s

running (3m29.5s), 2500/2500 VUs, 72647 complete and 0 interrupted iterations
users   [  39% ] 2500/2500 VUs  3m29.5s/9m00.0s

running (3m30.5s), 2500/2500 VUs, 73149 complete and 0 interrupted iterations
users   [  39% ] 2500/2500 VUs  3m30.5s/9m00.0s

running (3m31.5s), 2500/2500 VUs, 73611 complete and 0 interrupted iterations
users   [  39% ] 2500/2500 VUs  3m31.5s/9m00.0s

running (3m32.5s), 2500/2500 VUs, 74112 complete and 0 interrupted iterations
users   [  39% ] 2500/2500 VUs  3m32.5s/9m00.0s

running (3m33.5s), 2500/2500 VUs, 74618 complete and 0 interrupted iterations
users   [  40% ] 2500/2500 VUs  3m33.5s/9m00.0s

running (3m34.5s), 2500/2500 VUs, 75126 complete and 0 interrupted iterations
users   [  40% ] 2500/2500 VUs  3m34.5s/9m00.0s

running (3m35.5s), 2500/2500 VUs, 75636 complete and 0 interrupted iterations
users   [  40% ] 2500/2500 VUs  3m35.5s/9m00.0s

running (3m36.5s), 2500/2500 VUs, 76092 complete and 0 interrupted iterations
users   [  40% ] 2500/2500 VUs  3m36.5s/9m00.0s

running (3m37.5s), 2500/2500 VUs, 76595 complete and 0 interrupted iterations
users   [  40% ] 2500/2500 VUs  3m37.5s/9m00.0s

running (3m38.5s), 2500/2500 VUs, 77086 complete and 0 interrupted iterations
users   [  40% ] 2500/2500 VUs  3m38.5s/9m00.0s

running (3m39.5s), 2500/2500 VUs, 77602 complete and 0 interrupted iterations
users   [  41% ] 2500/2500 VUs  3m39.5s/9m00.0s

running (3m40.5s), 2500/2500 VUs, 78108 complete and 0 interrupted iterations
users   [  41% ] 2500/2500 VUs  3m40.5s/9m00.0s

running (3m41.5s), 2500/2500 VUs, 78567 complete and 0 interrupted iterations
users   [  41% ] 2500/2500 VUs  3m41.5s/9m00.0s

running (3m42.5s), 2500/2500 VUs, 79072 complete and 0 interrupted iterations
users   [  41% ] 2500/2500 VUs  3m42.5s/9m00.0s

running (3m43.5s), 2500/2500 VUs, 79557 complete and 0 interrupted iterations
users   [  41% ] 2500/2500 VUs  3m43.5s/9m00.0s

running (3m44.5s), 2500/2500 VUs, 80076 complete and 0 interrupted iterations
users   [  42% ] 2500/2500 VUs  3m44.5s/9m00.0s

running (3m45.5s), 2500/2500 VUs, 80576 complete and 0 interrupted iterations
users   [  42% ] 2500/2500 VUs  3m45.5s/9m00.0s

running (3m46.5s), 2500/2500 VUs, 81039 complete and 0 interrupted iterations
users   [  42% ] 2500/2500 VUs  3m46.5s/9m00.0s

running (3m47.5s), 2500/2500 VUs, 81529 complete and 0 interrupted iterations
users   [  42% ] 2500/2500 VUs  3m47.5s/9m00.0s

running (3m48.5s), 2500/2500 VUs, 82020 complete and 0 interrupted iterations
users   [  42% ] 2500/2500 VUs  3m48.5s/9m00.0s

running (3m49.5s), 2500/2500 VUs, 82549 complete and 0 interrupted iterations
users   [  43% ] 2500/2500 VUs  3m49.5s/9m00.0s

running (3m50.5s), 2500/2500 VUs, 83046 complete and 0 interrupted iterations
users   [  43% ] 2500/2500 VUs  3m50.5s/9m00.0s

running (3m51.5s), 2500/2500 VUs, 83513 complete and 0 interrupted iterations
users   [  43% ] 2500/2500 VUs  3m51.5s/9m00.0s

running (3m52.5s), 2500/2500 VUs, 83996 complete and 0 interrupted iterations
users   [  43% ] 2500/2500 VUs  3m52.5s/9m00.0s

running (3m53.5s), 2500/2500 VUs, 84495 complete and 0 interrupted iterations
users   [  43% ] 2500/2500 VUs  3m53.5s/9m00.0s

running (3m54.5s), 2500/2500 VUs, 85019 complete and 0 interrupted iterations
users   [  43% ] 2500/2500 VUs  3m54.5s/9m00.0s

running (3m55.5s), 2500/2500 VUs, 85520 complete and 0 interrupted iterations
users   [  44% ] 2500/2500 VUs  3m55.5s/9m00.0s

running (3m56.5s), 2500/2500 VUs, 85984 complete and 0 interrupted iterations
users   [  44% ] 2500/2500 VUs  3m56.5s/9m00.0s

running (3m57.5s), 2500/2500 VUs, 86472 complete and 0 interrupted iterations
users   [  44% ] 2500/2500 VUs  3m57.5s/9m00.0s

running (3m58.5s), 2500/2500 VUs, 86966 complete and 0 interrupted iterations
users   [  44% ] 2500/2500 VUs  3m58.5s/9m00.0s

running (3m59.5s), 2500/2500 VUs, 87497 complete and 0 interrupted iterations
users   [  44% ] 2500/2500 VUs  3m59.5s/9m00.0s

running (4m00.5s), 2500/2500 VUs, 87991 complete and 0 interrupted iterations
users   [  45% ] 2500/2500 VUs  4m00.5s/9m00.0s

running (4m01.5s), 2500/2500 VUs, 88445 complete and 0 interrupted iterations
users   [  45% ] 2500/2500 VUs  4m01.5s/9m00.0s

running (4m02.5s), 2500/2500 VUs, 88930 complete and 0 interrupted iterations
users   [  45% ] 2500/2500 VUs  4m02.5s/9m00.0s

running (4m03.5s), 2500/2500 VUs, 89436 complete and 0 interrupted iterations
users   [  45% ] 2500/2500 VUs  4m03.5s/9m00.0s

running (4m04.5s), 2500/2500 VUs, 89974 complete and 0 interrupted iterations
users   [  45% ] 2500/2500 VUs  4m04.5s/9m00.0s

running (4m05.5s), 2500/2500 VUs, 90463 complete and 0 interrupted iterations
users   [  45% ] 2500/2500 VUs  4m05.5s/9m00.0s

running (4m06.5s), 2500/2500 VUs, 90918 complete and 0 interrupted iterations
users   [  46% ] 2500/2500 VUs  4m06.5s/9m00.0s

running (4m07.5s), 2500/2500 VUs, 91406 complete and 0 interrupted iterations
users   [  46% ] 2500/2500 VUs  4m07.5s/9m00.0s

running (4m08.5s), 2500/2500 VUs, 91898 complete and 0 interrupted iterations
users   [  46% ] 2500/2500 VUs  4m08.5s/9m00.0s

running (4m09.5s), 2500/2500 VUs, 92445 complete and 0 interrupted iterations
users   [  46% ] 2500/2500 VUs  4m09.5s/9m00.0s

running (4m10.5s), 2500/2500 VUs, 92932 complete and 0 interrupted iterations
users   [  46% ] 2500/2500 VUs  4m10.5s/9m00.0s

running (4m11.5s), 2500/2500 VUs, 93395 complete and 0 interrupted iterations
users   [  47% ] 2500/2500 VUs  4m11.5s/9m00.0s

running (4m12.5s), 2500/2500 VUs, 93881 complete and 0 interrupted iterations
users   [  47% ] 2500/2500 VUs  4m12.5s/9m00.0s

running (4m13.5s), 2500/2500 VUs, 94373 complete and 0 interrupted iterations
users   [  47% ] 2500/2500 VUs  4m13.5s/9m00.0s

running (4m14.5s), 2500/2500 VUs, 94915 complete and 0 interrupted iterations
users   [  47% ] 2500/2500 VUs  4m14.5s/9m00.0s

running (4m15.5s), 2500/2500 VUs, 95402 complete and 0 interrupted iterations
users   [  47% ] 2500/2500 VUs  4m15.5s/9m00.0s

running (4m16.5s), 2500/2500 VUs, 95870 complete and 0 interrupted iterations
users   [  48% ] 2500/2500 VUs  4m16.5s/9m00.0s

running (4m17.5s), 2500/2500 VUs, 96355 complete and 0 interrupted iterations
users   [  48% ] 2500/2500 VUs  4m17.5s/9m00.0s

running (4m18.5s), 2500/2500 VUs, 96849 complete and 0 interrupted iterations
users   [  48% ] 2500/2500 VUs  4m18.5s/9m00.0s

running (4m19.5s), 2500/2500 VUs, 97370 complete and 0 interrupted iterations
users   [  48% ] 2500/2500 VUs  4m19.5s/9m00.0s

running (4m20.5s), 2500/2500 VUs, 97871 complete and 0 interrupted iterations
users   [  48% ] 2500/2500 VUs  4m20.5s/9m00.0s

running (4m21.5s), 2500/2500 VUs, 98330 complete and 0 interrupted iterations
users   [  48% ] 2500/2500 VUs  4m21.5s/9m00.0s

running (4m22.5s), 2500/2500 VUs, 98835 complete and 0 interrupted iterations
users   [  49% ] 2500/2500 VUs  4m22.5s/9m00.0s

running (4m23.5s), 2500/2500 VUs, 99322 complete and 0 interrupted iterations
users   [  49% ] 2500/2500 VUs  4m23.5s/9m00.0s

running (4m24.5s), 2500/2500 VUs, 99843 complete and 0 interrupted iterations
users   [  49% ] 2500/2500 VUs  4m24.5s/9m00.0s

running (4m25.5s), 2500/2500 VUs, 100341 complete and 0 interrupted iterations
users   [  49% ] 2500/2500 VUs  4m25.5s/9m00.0s

running (4m26.5s), 2500/2500 VUs, 100804 complete and 0 interrupted iterations
users   [  49% ] 2500/2500 VUs  4m26.5s/9m00.0s

running (4m27.5s), 2500/2500 VUs, 101315 complete and 0 interrupted iterations
users   [  50% ] 2500/2500 VUs  4m27.5s/9m00.0s

running (4m28.5s), 2500/2500 VUs, 101795 complete and 0 interrupted iterations
users   [  50% ] 2500/2500 VUs  4m28.5s/9m00.0s

running (4m29.5s), 2500/2500 VUs, 102309 complete and 0 interrupted iterations
users   [  50% ] 2500/2500 VUs  4m29.5s/9m00.0s

running (4m30.5s), 2500/2500 VUs, 102801 complete and 0 interrupted iterations
users   [  50% ] 2500/2500 VUs  4m30.5s/9m00.0s

running (4m31.5s), 2500/2500 VUs, 103277 complete and 0 interrupted iterations
users   [  50% ] 2500/2500 VUs  4m31.5s/9m00.0s

running (4m32.5s), 2500/2500 VUs, 103773 complete and 0 interrupted iterations
users   [  50% ] 2500/2500 VUs  4m32.5s/9m00.0s

running (4m33.5s), 2500/2500 VUs, 104251 complete and 0 interrupted iterations
users   [  51% ] 2500/2500 VUs  4m33.5s/9m00.0s

running (4m34.5s), 2500/2500 VUs, 104773 complete and 0 interrupted iterations
users   [  51% ] 2500/2500 VUs  4m34.5s/9m00.0s

running (4m35.5s), 2500/2500 VUs, 105272 complete and 0 interrupted iterations
users   [  51% ] 2500/2500 VUs  4m35.5s/9m00.0s

running (4m36.5s), 2500/2500 VUs, 105743 complete and 0 interrupted iterations
users   [  51% ] 2500/2500 VUs  4m36.5s/9m00.0s

running (4m37.5s), 2500/2500 VUs, 106248 complete and 0 interrupted iterations
users   [  51% ] 2500/2500 VUs  4m37.5s/9m00.0s

running (4m38.5s), 2500/2500 VUs, 106726 complete and 0 interrupted iterations
users   [  52% ] 2500/2500 VUs  4m38.5s/9m00.0s

running (4m39.5s), 2500/2500 VUs, 107249 complete and 0 interrupted iterations
users   [  52% ] 2500/2500 VUs  4m39.5s/9m00.0s

running (4m40.5s), 2500/2500 VUs, 107744 complete and 0 interrupted iterations
users   [  52% ] 2500/2500 VUs  4m40.5s/9m00.0s

running (4m41.5s), 2500/2500 VUs, 108226 complete and 0 interrupted iterations
users   [  52% ] 2500/2500 VUs  4m41.5s/9m00.0s

running (4m42.5s), 2500/2500 VUs, 108728 complete and 0 interrupted iterations
users   [  52% ] 2500/2500 VUs  4m42.5s/9m00.0s

running (4m43.5s), 2500/2500 VUs, 109199 complete and 0 interrupted iterations
users   [  53% ] 2500/2500 VUs  4m43.5s/9m00.0s

running (4m44.5s), 2500/2500 VUs, 109721 complete and 0 interrupted iterations
users   [  53% ] 2500/2500 VUs  4m44.5s/9m00.0s

running (4m45.5s), 2500/2500 VUs, 110211 complete and 0 interrupted iterations
users   [  53% ] 2500/2500 VUs  4m45.5s/9m00.0s

running (4m46.5s), 2500/2500 VUs, 110700 complete and 0 interrupted iterations
users   [  53% ] 2500/2500 VUs  4m46.5s/9m00.0s

running (4m47.5s), 2500/2500 VUs, 111195 complete and 0 interrupted iterations
users   [  53% ] 2500/2500 VUs  4m47.5s/9m00.0s

running (4m48.5s), 2500/2500 VUs, 111674 complete and 0 interrupted iterations
users   [  53% ] 2500/2500 VUs  4m48.5s/9m00.0s

running (4m49.5s), 2500/2500 VUs, 112197 complete and 0 interrupted iterations
users   [  54% ] 2500/2500 VUs  4m49.5s/9m00.0s

running (4m50.5s), 2500/2500 VUs, 112687 complete and 0 interrupted iterations
users   [  54% ] 2500/2500 VUs  4m50.5s/9m00.0s

running (4m51.5s), 2500/2500 VUs, 113180 complete and 0 interrupted iterations
users   [  54% ] 2500/2500 VUs  4m51.5s/9m00.0s

running (4m52.5s), 2500/2500 VUs, 113669 complete and 0 interrupted iterations
users   [  54% ] 2500/2500 VUs  4m52.5s/9m00.0s

running (4m53.5s), 2500/2500 VUs, 114146 complete and 0 interrupted iterations
users   [  54% ] 2500/2500 VUs  4m53.5s/9m00.0s

running (4m54.5s), 2500/2500 VUs, 114668 complete and 0 interrupted iterations
users   [  55% ] 2500/2500 VUs  4m54.5s/9m00.0s

running (4m55.5s), 2500/2500 VUs, 115165 complete and 0 interrupted iterations
users   [  55% ] 2500/2500 VUs  4m55.5s/9m00.0s

running (4m56.5s), 2500/2500 VUs, 115654 complete and 0 interrupted iterations
users   [  55% ] 2500/2500 VUs  4m56.5s/9m00.0s

running (4m57.5s), 2500/2500 VUs, 116138 complete and 0 interrupted iterations
users   [  55% ] 2500/2500 VUs  4m57.5s/9m00.0s

running (4m58.5s), 2500/2500 VUs, 116624 complete and 0 interrupted iterations
users   [  55% ] 2500/2500 VUs  4m58.5s/9m00.0s

running (4m59.5s), 2500/2500 VUs, 117135 complete and 0 interrupted iterations
users   [  55% ] 2500/2500 VUs  4m59.5s/9m00.0s

running (5m00.5s), 2500/2500 VUs, 117635 complete and 0 interrupted iterations
users   [  56% ] 2500/2500 VUs  5m00.5s/9m00.0s

running (5m01.5s), 2500/2500 VUs, 118130 complete and 0 interrupted iterations
users   [  56% ] 2500/2500 VUs  5m01.5s/9m00.0s

running (5m02.5s), 2500/2500 VUs, 118606 complete and 0 interrupted iterations
users   [  56% ] 2500/2500 VUs  5m02.5s/9m00.0s

running (5m03.5s), 2500/2500 VUs, 119089 complete and 0 interrupted iterations
users   [  56% ] 2500/2500 VUs  5m03.5s/9m00.0s

running (5m04.5s), 2500/2500 VUs, 119606 complete and 0 interrupted iterations
users   [  56% ] 2500/2500 VUs  5m04.5s/9m00.0s

running (5m05.5s), 2500/2500 VUs, 120109 complete and 0 interrupted iterations
users   [  57% ] 2500/2500 VUs  5m05.5s/9m00.0s

running (5m06.5s), 2500/2500 VUs, 120603 complete and 0 interrupted iterations
users   [  57% ] 2500/2500 VUs  5m06.5s/9m00.0s

running (5m07.5s), 2500/2500 VUs, 121081 complete and 0 interrupted iterations
users   [  57% ] 2500/2500 VUs  5m07.5s/9m00.0s

running (5m08.5s), 2500/2500 VUs, 121563 complete and 0 interrupted iterations
users   [  57% ] 2500/2500 VUs  5m08.5s/9m00.0s

running (5m09.5s), 2500/2500 VUs, 122070 complete and 0 interrupted iterations
users   [  57% ] 2500/2500 VUs  5m09.5s/9m00.0s

running (5m10.5s), 2500/2500 VUs, 122581 complete and 0 interrupted iterations
users   [  58% ] 2500/2500 VUs  5m10.5s/9m00.0s

running (5m11.5s), 2500/2500 VUs, 123076 complete and 0 interrupted iterations
users   [  58% ] 2500/2500 VUs  5m11.5s/9m00.0s

running (5m12.5s), 2500/2500 VUs, 123548 complete and 0 interrupted iterations
users   [  58% ] 2500/2500 VUs  5m12.5s/9m00.0s

running (5m13.5s), 2500/2500 VUs, 124029 complete and 0 interrupted iterations
users   [  58% ] 2500/2500 VUs  5m13.5s/9m00.0s

running (5m14.5s), 2500/2500 VUs, 124538 complete and 0 interrupted iterations
users   [  58% ] 2500/2500 VUs  5m14.5s/9m00.0s

running (5m15.5s), 2500/2500 VUs, 125056 complete and 0 interrupted iterations
users   [  58% ] 2500/2500 VUs  5m15.5s/9m00.0s

running (5m16.5s), 2500/2500 VUs, 125552 complete and 0 interrupted iterations
users   [  59% ] 2500/2500 VUs  5m16.5s/9m00.0s

running (5m17.5s), 2500/2500 VUs, 126020 complete and 0 interrupted iterations
users   [  59% ] 2500/2500 VUs  5m17.5s/9m00.0s

running (5m18.5s), 2500/2500 VUs, 126498 complete and 0 interrupted iterations
users   [  59% ] 2500/2500 VUs  5m18.5s/9m00.0s

running (5m19.5s), 2500/2500 VUs, 127000 complete and 0 interrupted iterations
users   [  59% ] 2500/2500 VUs  5m19.5s/9m00.0s

running (5m20.5s), 2500/2500 VUs, 127520 complete and 0 interrupted iterations
users   [  59% ] 2500/2500 VUs  5m20.5s/9m00.0s

running (5m21.5s), 2500/2500 VUs, 127999 complete and 0 interrupted iterations
users   [  60% ] 2500/2500 VUs  5m21.5s/9m00.0s

running (5m22.5s), 2500/2500 VUs, 128488 complete and 0 interrupted iterations
users   [  60% ] 2500/2500 VUs  5m22.5s/9m00.0s

running (5m23.5s), 2500/2500 VUs, 128963 complete and 0 interrupted iterations
users   [  60% ] 2500/2500 VUs  5m23.5s/9m00.0s

running (5m24.5s), 2500/2500 VUs, 129478 complete and 0 interrupted iterations
users   [  60% ] 2500/2500 VUs  5m24.5s/9m00.0s

running (5m25.5s), 2500/2500 VUs, 129994 complete and 0 interrupted iterations
users   [  60% ] 2500/2500 VUs  5m25.5s/9m00.0s

running (5m26.5s), 2500/2500 VUs, 130472 complete and 0 interrupted iterations
users   [  60% ] 2500/2500 VUs  5m26.5s/9m00.0s

running (5m27.5s), 2500/2500 VUs, 130963 complete and 0 interrupted iterations
users   [  61% ] 2500/2500 VUs  5m27.5s/9m00.0s

running (5m28.5s), 2500/2500 VUs, 131433 complete and 0 interrupted iterations
users   [  61% ] 2500/2500 VUs  5m28.5s/9m00.0s

running (5m29.5s), 2500/2500 VUs, 131949 complete and 0 interrupted iterations
users   [  61% ] 2500/2500 VUs  5m29.5s/9m00.0s

running (5m30.5s), 2500/2500 VUs, 132466 complete and 0 interrupted iterations
users   [  61% ] 2500/2500 VUs  5m30.5s/9m00.0s

running (5m31.5s), 2500/2500 VUs, 132944 complete and 0 interrupted iterations
users   [  61% ] 2500/2500 VUs  5m31.5s/9m00.0s

running (5m32.5s), 2500/2500 VUs, 133443 complete and 0 interrupted iterations
users   [  62% ] 2500/2500 VUs  5m32.5s/9m00.0s

running (5m33.5s), 2500/2500 VUs, 133904 complete and 0 interrupted iterations
users   [  62% ] 2500/2500 VUs  5m33.5s/9m00.0s

running (5m34.5s), 2500/2500 VUs, 134428 complete and 0 interrupted iterations
users   [  62% ] 2500/2500 VUs  5m34.5s/9m00.0s

running (5m35.5s), 2500/2500 VUs, 134943 complete and 0 interrupted iterations
users   [  62% ] 2500/2500 VUs  5m35.5s/9m00.0s

running (5m36.5s), 2500/2500 VUs, 135424 complete and 0 interrupted iterations
users   [  62% ] 2500/2500 VUs  5m36.5s/9m00.0s

running (5m37.5s), 2500/2500 VUs, 135923 complete and 0 interrupted iterations
users   [  63% ] 2500/2500 VUs  5m37.5s/9m00.0s

running (5m38.5s), 2500/2500 VUs, 136377 complete and 0 interrupted iterations
users   [  63% ] 2500/2500 VUs  5m38.5s/9m00.0s

running (5m39.5s), 2500/2500 VUs, 136890 complete and 0 interrupted iterations
users   [  63% ] 2500/2500 VUs  5m39.5s/9m00.0s

running (5m40.5s), 2500/2500 VUs, 137411 complete and 0 interrupted iterations
users   [  63% ] 2500/2500 VUs  5m40.5s/9m00.0s

running (5m41.5s), 2500/2500 VUs, 137901 complete and 0 interrupted iterations
users   [  63% ] 2500/2500 VUs  5m41.5s/9m00.0s

running (5m42.5s), 2500/2500 VUs, 138402 complete and 0 interrupted iterations
users   [  63% ] 2500/2500 VUs  5m42.5s/9m00.0s

running (5m43.5s), 2500/2500 VUs, 138857 complete and 0 interrupted iterations
users   [  64% ] 2500/2500 VUs  5m43.5s/9m00.0s

running (5m44.5s), 2500/2500 VUs, 139354 complete and 0 interrupted iterations
users   [  64% ] 2500/2500 VUs  5m44.5s/9m00.0s

running (5m45.5s), 2500/2500 VUs, 139877 complete and 0 interrupted iterations
users   [  64% ] 2500/2500 VUs  5m45.5s/9m00.0s

running (5m46.5s), 2500/2500 VUs, 140375 complete and 0 interrupted iterations
users   [  64% ] 2500/2500 VUs  5m46.5s/9m00.0s

running (5m47.5s), 2500/2500 VUs, 140874 complete and 0 interrupted iterations
users   [  64% ] 2500/2500 VUs  5m47.5s/9m00.0s

running (5m48.5s), 2500/2500 VUs, 141329 complete and 0 interrupted iterations
users   [  65% ] 2500/2500 VUs  5m48.5s/9m00.0s

running (5m49.5s), 2500/2500 VUs, 141828 complete and 0 interrupted iterations
users   [  65% ] 2500/2500 VUs  5m49.5s/9m00.0s

running (5m50.5s), 2500/2500 VUs, 142346 complete and 0 interrupted iterations
users   [  65% ] 2500/2500 VUs  5m50.5s/9m00.0s

running (5m51.5s), 2500/2500 VUs, 142844 complete and 0 interrupted iterations
users   [  65% ] 2500/2500 VUs  5m51.5s/9m00.0s

running (5m52.5s), 2500/2500 VUs, 143341 complete and 0 interrupted iterations
users   [  65% ] 2500/2500 VUs  5m52.5s/9m00.0s

running (5m53.5s), 2500/2500 VUs, 143798 complete and 0 interrupted iterations
users   [  65% ] 2500/2500 VUs  5m53.5s/9m00.0s

running (5m54.5s), 2500/2500 VUs, 144300 complete and 0 interrupted iterations
users   [  66% ] 2500/2500 VUs  5m54.5s/9m00.0s

running (5m55.5s), 2500/2500 VUs, 144805 complete and 0 interrupted iterations
users   [  66% ] 2500/2500 VUs  5m55.5s/9m00.0s

running (5m56.5s), 2500/2500 VUs, 145321 complete and 0 interrupted iterations
users   [  66% ] 2500/2500 VUs  5m56.5s/9m00.0s

running (5m57.5s), 2500/2500 VUs, 145817 complete and 0 interrupted iterations
users   [  66% ] 2500/2500 VUs  5m57.5s/9m00.0s

running (5m58.5s), 2500/2500 VUs, 146278 complete and 0 interrupted iterations
users   [  66% ] 2500/2500 VUs  5m58.5s/9m00.0s

running (5m59.5s), 2500/2500 VUs, 146785 complete and 0 interrupted iterations
users   [  67% ] 2500/2500 VUs  5m59.5s/9m00.0s

running (6m00.5s), 2500/2500 VUs, 147283 complete and 0 interrupted iterations
users   [  67% ] 2500/2500 VUs  6m00.5s/9m00.0s

running (6m01.5s), 2500/2500 VUs, 147793 complete and 0 interrupted iterations
users   [  67% ] 2500/2500 VUs  6m01.5s/9m00.0s

running (6m02.5s), 2500/2500 VUs, 148284 complete and 0 interrupted iterations
users   [  67% ] 2500/2500 VUs  6m02.5s/9m00.0s

running (6m03.5s), 2500/2500 VUs, 148750 complete and 0 interrupted iterations
users   [  67% ] 2500/2500 VUs  6m03.5s/9m00.0s

running (6m04.5s), 2500/2500 VUs, 149259 complete and 0 interrupted iterations
users   [  68% ] 2500/2500 VUs  6m04.5s/9m00.0s

running (6m05.5s), 2500/2500 VUs, 149760 complete and 0 interrupted iterations
users   [  68% ] 2500/2500 VUs  6m05.5s/9m00.0s

running (6m06.5s), 2500/2500 VUs, 150271 complete and 0 interrupted iterations
users   [  68% ] 2500/2500 VUs  6m06.5s/9m00.0s

running (6m07.5s), 2500/2500 VUs, 150752 complete and 0 interrupted iterations
users   [  68% ] 2500/2500 VUs  6m07.5s/9m00.0s

running (6m08.5s), 2500/2500 VUs, 151221 complete and 0 interrupted iterations
users   [  68% ] 2500/2500 VUs  6m08.5s/9m00.0s

running (6m09.5s), 2500/2500 VUs, 151737 complete and 0 interrupted iterations
users   [  68% ] 2500/2500 VUs  6m09.5s/9m00.0s

running (6m10.5s), 2500/2500 VUs, 152238 complete and 0 interrupted iterations
users   [  69% ] 2500/2500 VUs  6m10.5s/9m00.0s

running (6m11.5s), 2500/2500 VUs, 152747 complete and 0 interrupted iterations
users   [  69% ] 2500/2500 VUs  6m11.5s/9m00.0s

running (6m12.5s), 2500/2500 VUs, 153229 complete and 0 interrupted iterations
users   [  69% ] 2500/2500 VUs  6m12.5s/9m00.0s

running (6m13.5s), 2500/2500 VUs, 153704 complete and 0 interrupted iterations
users   [  69% ] 2500/2500 VUs  6m13.5s/9m00.0s

running (6m14.5s), 2500/2500 VUs, 154212 complete and 0 interrupted iterations
users   [  69% ] 2500/2500 VUs  6m14.5s/9m00.0s

running (6m15.5s), 2500/2500 VUs, 154703 complete and 0 interrupted iterations
users   [  70% ] 2500/2500 VUs  6m15.5s/9m00.0s

running (6m16.5s), 2500/2500 VUs, 155214 complete and 0 interrupted iterations
users   [  70% ] 2500/2500 VUs  6m16.5s/9m00.0s

running (6m17.5s), 2500/2500 VUs, 155699 complete and 0 interrupted iterations
users   [  70% ] 2500/2500 VUs  6m17.5s/9m00.0s

running (6m18.5s), 2500/2500 VUs, 156171 complete and 0 interrupted iterations
users   [  70% ] 2500/2500 VUs  6m18.5s/9m00.0s

running (6m19.5s), 2500/2500 VUs, 156675 complete and 0 interrupted iterations
users   [  70% ] 2500/2500 VUs  6m19.5s/9m00.0s

running (6m20.5s), 2500/2500 VUs, 157174 complete and 0 interrupted iterations
users   [  70% ] 2500/2500 VUs  6m20.5s/9m00.0s

running (6m21.5s), 2500/2500 VUs, 157661 complete and 0 interrupted iterations
users   [  71% ] 2500/2500 VUs  6m21.5s/9m00.0s

running (6m22.5s), 2500/2500 VUs, 158123 complete and 0 interrupted iterations
users   [  71% ] 2500/2500 VUs  6m22.5s/9m00.0s

running (6m23.5s), 2500/2500 VUs, 158403 complete and 0 interrupted iterations
users   [  71% ] 2500/2500 VUs  6m23.5s/9m00.0s

running (6m24.5s), 2500/2500 VUs, 158713 complete and 0 interrupted iterations
users   [  71% ] 2500/2500 VUs  6m24.5s/9m00.0s

running (6m25.5s), 2500/2500 VUs, 159370 complete and 0 interrupted iterations
users   [  71% ] 2500/2500 VUs  6m25.5s/9m00.0s

running (6m26.5s), 2500/2500 VUs, 160122 complete and 0 interrupted iterations
users   [  72% ] 2500/2500 VUs  6m26.5s/9m00.0s

running (6m27.5s), 2500/2500 VUs, 160568 complete and 0 interrupted iterations
users   [  72% ] 2500/2500 VUs  6m27.5s/9m00.0s

running (6m28.5s), 2500/2500 VUs, 160870 complete and 0 interrupted iterations
users   [  72% ] 2500/2500 VUs  6m28.5s/9m00.0s

running (6m29.5s), 2500/2500 VUs, 161202 complete and 0 interrupted iterations
users   [  72% ] 2500/2500 VUs  6m29.5s/9m00.0s

running (6m30.5s), 2500/2500 VUs, 161805 complete and 0 interrupted iterations
users   [  72% ] 2500/2500 VUs  6m30.5s/9m00.0s

running (6m31.5s), 2500/2500 VUs, 162584 complete and 0 interrupted iterations
users   [  73% ] 2500/2500 VUs  6m31.5s/9m00.0s

running (6m32.5s), 2500/2500 VUs, 163032 complete and 0 interrupted iterations
users   [  73% ] 2500/2500 VUs  6m32.5s/9m00.0s

running (6m33.5s), 2500/2500 VUs, 163341 complete and 0 interrupted iterations
users   [  73% ] 2500/2500 VUs  6m33.5s/9m00.0s

running (6m34.5s), 2500/2500 VUs, 163682 complete and 0 interrupted iterations
users   [  73% ] 2500/2500 VUs  6m34.5s/9m00.0s

running (6m35.5s), 2500/2500 VUs, 164267 complete and 0 interrupted iterations
users   [  73% ] 2500/2500 VUs  6m35.5s/9m00.0s

running (6m36.5s), 2500/2500 VUs, 165039 complete and 0 interrupted iterations
users   [  73% ] 2500/2500 VUs  6m36.5s/9m00.0s

running (6m37.5s), 2500/2500 VUs, 165498 complete and 0 interrupted iterations
users   [  74% ] 2500/2500 VUs  6m37.5s/9m00.0s

running (6m38.5s), 2500/2500 VUs, 165816 complete and 0 interrupted iterations
users   [  74% ] 2500/2500 VUs  6m38.5s/9m00.0s

running (6m39.5s), 2500/2500 VUs, 166165 complete and 0 interrupted iterations
users   [  74% ] 2500/2500 VUs  6m39.5s/9m00.0s

running (6m40.5s), 2500/2500 VUs, 166733 complete and 0 interrupted iterations
users   [  74% ] 2500/2500 VUs  6m40.5s/9m00.0s

running (6m41.5s), 2500/2500 VUs, 167499 complete and 0 interrupted iterations
users   [  74% ] 2500/2500 VUs  6m41.5s/9m00.0s

running (6m42.5s), 2500/2500 VUs, 167929 complete and 0 interrupted iterations
users   [  75% ] 2500/2500 VUs  6m42.5s/9m00.0s

running (6m43.5s), 2500/2500 VUs, 168289 complete and 0 interrupted iterations
users   [  75% ] 2500/2500 VUs  6m43.5s/9m00.0s

running (6m44.5s), 2500/2500 VUs, 168650 complete and 0 interrupted iterations
users   [  75% ] 2500/2500 VUs  6m44.5s/9m00.0s

running (6m45.5s), 2500/2500 VUs, 169206 complete and 0 interrupted iterations
users   [  75% ] 2500/2500 VUs  6m45.5s/9m00.0s

running (6m46.5s), 2500/2500 VUs, 169971 complete and 0 interrupted iterations
users   [  75% ] 2500/2500 VUs  6m46.5s/9m00.0s

running (6m47.5s), 2500/2500 VUs, 170400 complete and 0 interrupted iterations
users   [  75% ] 2500/2500 VUs  6m47.5s/9m00.0s

running (6m48.5s), 2500/2500 VUs, 170770 complete and 0 interrupted iterations
users   [  76% ] 2500/2500 VUs  6m48.5s/9m00.0s

running (6m49.5s), 2500/2500 VUs, 171134 complete and 0 interrupted iterations
users   [  76% ] 2500/2500 VUs  6m49.5s/9m00.0s

running (6m50.5s), 2500/2500 VUs, 171683 complete and 0 interrupted iterations
users   [  76% ] 2500/2500 VUs  6m50.5s/9m00.0s

running (6m51.5s), 2500/2500 VUs, 172438 complete and 0 interrupted iterations
users   [  76% ] 2500/2500 VUs  6m51.5s/9m00.0s

running (6m52.5s), 2500/2500 VUs, 172873 complete and 0 interrupted iterations
users   [  76% ] 2500/2500 VUs  6m52.5s/9m00.0s

running (6m53.5s), 2500/2500 VUs, 173252 complete and 0 interrupted iterations
users   [  77% ] 2500/2500 VUs  6m53.5s/9m00.0s

running (6m54.5s), 2500/2500 VUs, 173619 complete and 0 interrupted iterations
users   [  77% ] 2500/2500 VUs  6m54.5s/9m00.0s

running (6m55.5s), 2500/2500 VUs, 174153 complete and 0 interrupted iterations
users   [  77% ] 2500/2500 VUs  6m55.5s/9m00.0s

running (6m56.5s), 2500/2500 VUs, 174894 complete and 0 interrupted iterations
users   [  77% ] 2500/2500 VUs  6m56.5s/9m00.0s

running (6m57.5s), 2500/2500 VUs, 175347 complete and 0 interrupted iterations
users   [  77% ] 2500/2500 VUs  6m57.5s/9m00.0s

running (6m58.5s), 2500/2500 VUs, 175740 complete and 0 interrupted iterations
users   [  78% ] 2500/2500 VUs  6m58.5s/9m00.0s

running (6m59.5s), 2500/2500 VUs, 176098 complete and 0 interrupted iterations
users   [  78% ] 2500/2500 VUs  6m59.5s/9m00.0s

running (7m00.5s), 2500/2500 VUs, 176631 complete and 0 interrupted iterations
users   [  78% ] 2500/2500 VUs  7m00.5s/9m00.0s

running (7m01.5s), 2494/2500 VUs, 177358 complete and 0 interrupted iterations
users   [  78% ] 2494/2500 VUs  7m01.5s/9m00.0s

running (7m02.5s), 2486/2500 VUs, 177816 complete and 0 interrupted iterations
users   [  78% ] 2486/2500 VUs  7m02.5s/9m00.0s

running (7m03.5s), 2476/2500 VUs, 178215 complete and 0 interrupted iterations
users   [  78% ] 2476/2500 VUs  7m03.5s/9m00.0s

running (7m04.5s), 2465/2500 VUs, 178573 complete and 0 interrupted iterations
users   [  79% ] 2465/2500 VUs  7m04.5s/9m00.0s

running (7m05.5s), 2442/2500 VUs, 179106 complete and 0 interrupted iterations
users   [  79% ] 2442/2500 VUs  7m05.5s/9m00.0s

running (7m06.5s), 2407/2500 VUs, 179809 complete and 0 interrupted iterations
users   [  79% ] 2407/2500 VUs  7m06.5s/9m00.0s

running (7m07.5s), 2392/2500 VUs, 180265 complete and 0 interrupted iterations
users   [  79% ] 2392/2500 VUs  7m07.5s/9m00.0s

running (7m08.5s), 2376/2500 VUs, 180664 complete and 0 interrupted iterations
users   [  79% ] 2376/2500 VUs  7m08.5s/9m00.0s

running (7m09.5s), 2361/2500 VUs, 181011 complete and 0 interrupted iterations
users   [  80% ] 2361/2500 VUs  7m09.5s/9m00.0s

running (7m10.5s), 2334/2500 VUs, 181524 complete and 0 interrupted iterations
users   [  80% ] 2334/2500 VUs  7m10.5s/9m00.0s

running (7m11.5s), 2308/2500 VUs, 182185 complete and 0 interrupted iterations
users   [  80% ] 2308/2500 VUs  7m11.5s/9m00.0s

running (7m12.5s), 2287/2500 VUs, 182622 complete and 0 interrupted iterations
users   [  80% ] 2287/2500 VUs  7m12.5s/9m00.0s

running (7m13.5s), 2272/2500 VUs, 183015 complete and 0 interrupted iterations
users   [  80% ] 2272/2500 VUs  7m13.5s/9m00.0s

running (7m14.5s), 2258/2500 VUs, 183354 complete and 0 interrupted iterations
users   [  80% ] 2258/2500 VUs  7m14.5s/9m00.0s

running (7m15.5s), 2236/2500 VUs, 183838 complete and 0 interrupted iterations
users   [  81% ] 2236/2500 VUs  7m15.5s/9m00.0s

running (7m16.5s), 2200/2500 VUs, 184464 complete and 0 interrupted iterations
users   [  81% ] 2200/2500 VUs  7m16.5s/9m00.0s

running (7m17.5s), 2177/2500 VUs, 184876 complete and 0 interrupted iterations
users   [  81% ] 2177/2500 VUs  7m17.5s/9m00.0s

running (7m18.5s), 2158/2500 VUs, 185264 complete and 0 interrupted iterations
users   [  81% ] 2158/2500 VUs  7m18.5s/9m00.0s

running (7m19.5s), 2146/2500 VUs, 185596 complete and 0 interrupted iterations
users   [  81% ] 2146/2500 VUs  7m19.5s/9m00.0s

running (7m20.5s), 2123/2500 VUs, 186056 complete and 0 interrupted iterations
users   [  82% ] 2123/2500 VUs  7m20.5s/9m00.0s

running (7m21.5s), 2102/2500 VUs, 186617 complete and 0 interrupted iterations
users   [  82% ] 2102/2500 VUs  7m21.5s/9m00.0s

running (7m22.5s), 2082/2500 VUs, 187036 complete and 0 interrupted iterations
users   [  82% ] 2082/2500 VUs  7m22.5s/9m00.0s

running (7m23.5s), 2065/2500 VUs, 187406 complete and 0 interrupted iterations
users   [  82% ] 2065/2500 VUs  7m23.5s/9m00.0s

running (7m24.5s), 2052/2500 VUs, 187723 complete and 0 interrupted iterations
users   [  82% ] 2052/2500 VUs  7m24.5s/9m00.0s

running (7m25.5s), 2032/2500 VUs, 188162 complete and 0 interrupted iterations
users   [  83% ] 2032/2500 VUs  7m25.5s/9m00.0s

running (7m26.5s), 2002/2500 VUs, 188697 complete and 0 interrupted iterations
users   [  83% ] 2002/2500 VUs  7m26.5s/9m00.0s

running (7m27.5s), 1982/2500 VUs, 189102 complete and 0 interrupted iterations
users   [  83% ] 1982/2500 VUs  7m27.5s/9m00.0s

running (7m28.5s), 1957/2500 VUs, 189453 complete and 0 interrupted iterations
users   [  83% ] 1956/2500 VUs  7m28.5s/9m00.0s

running (7m29.5s), 1945/2500 VUs, 189764 complete and 0 interrupted iterations
users   [  83% ] 1945/2500 VUs  7m29.5s/9m00.0s

running (7m30.5s), 1923/2500 VUs, 190182 complete and 0 interrupted iterations
users   [  83% ] 1923/2500 VUs  7m30.5s/9m00.0s

running (7m31.5s), 1900/2500 VUs, 190678 complete and 0 interrupted iterations
users   [  84% ] 1900/2500 VUs  7m31.5s/9m00.0s

running (7m32.5s), 1872/2500 VUs, 191064 complete and 0 interrupted iterations
users   [  84% ] 1872/2500 VUs  7m32.5s/9m00.0s

running (7m33.5s), 1848/2500 VUs, 191392 complete and 0 interrupted iterations
users   [  84% ] 1848/2500 VUs  7m33.5s/9m00.0s

running (7m34.5s), 1828/2500 VUs, 191691 complete and 0 interrupted iterations
users   [  84% ] 1828/2500 VUs  7m34.5s/9m00.0s

running (7m35.5s), 1808/2500 VUs, 192090 complete and 0 interrupted iterations
users   [  84% ] 1808/2500 VUs  7m35.5s/9m00.0s

running (7m36.5s), 1786/2500 VUs, 192557 complete and 0 interrupted iterations
users   [  85% ] 1786/2500 VUs  7m36.5s/9m00.0s

running (7m37.5s), 1767/2500 VUs, 192912 complete and 0 interrupted iterations
users   [  85% ] 1767/2500 VUs  7m37.5s/9m00.0s

running (7m38.5s), 1753/2500 VUs, 193221 complete and 0 interrupted iterations
users   [  85% ] 1753/2500 VUs  7m38.5s/9m00.0s

running (7m39.5s), 1737/2500 VUs, 193496 complete and 0 interrupted iterations
users   [  85% ] 1737/2500 VUs  7m39.5s/9m00.0s

running (7m40.5s), 1716/2500 VUs, 193871 complete and 0 interrupted iterations
users   [  85% ] 1716/2500 VUs  7m40.5s/9m00.0s

running (7m41.5s), 1682/2500 VUs, 194324 complete and 0 interrupted iterations
users   [  85% ] 1682/2500 VUs  7m41.5s/9m00.0s

running (7m42.5s), 1659/2500 VUs, 194658 complete and 0 interrupted iterations
users   [  86% ] 1659/2500 VUs  7m42.5s/9m00.0s

running (7m43.5s), 1639/2500 VUs, 194957 complete and 0 interrupted iterations
users   [  86% ] 1639/2500 VUs  7m43.5s/9m00.0s

running (7m44.5s), 1630/2500 VUs, 195219 complete and 0 interrupted iterations
users   [  86% ] 1630/2500 VUs  7m44.5s/9m00.0s

running (7m45.5s), 1604/2500 VUs, 195571 complete and 0 interrupted iterations
users   [  86% ] 1604/2500 VUs  7m45.5s/9m00.0s

running (7m46.5s), 1584/2500 VUs, 195983 complete and 0 interrupted iterations
users   [  86% ] 1584/2500 VUs  7m46.5s/9m00.0s

running (7m47.5s), 1567/2500 VUs, 196298 complete and 0 interrupted iterations
users   [  87% ] 1567/2500 VUs  7m47.5s/9m00.0s

running (7m48.5s), 1546/2500 VUs, 196574 complete and 0 interrupted iterations
users   [  87% ] 1546/2500 VUs  7m48.5s/9m00.0s

running (7m49.5s), 1528/2500 VUs, 196834 complete and 0 interrupted iterations
users   [  87% ] 1528/2500 VUs  7m49.5s/9m00.0s

running (7m50.5s), 1503/2500 VUs, 197162 complete and 0 interrupted iterations
users   [  87% ] 1503/2500 VUs  7m50.5s/9m00.0s

running (7m51.5s), 1476/2500 VUs, 197550 complete and 0 interrupted iterations
users   [  87% ] 1476/2500 VUs  7m51.5s/9m00.0s

running (7m52.5s), 1458/2500 VUs, 197846 complete and 0 interrupted iterations
users   [  88% ] 1458/2500 VUs  7m52.5s/9m00.0s

running (7m53.5s), 1436/2500 VUs, 198107 complete and 0 interrupted iterations
users   [  88% ] 1436/2500 VUs  7m53.5s/9m00.0s

running (7m54.5s), 1421/2500 VUs, 198350 complete and 0 interrupted iterations
users   [  88% ] 1421/2500 VUs  7m54.5s/9m00.0s

running (7m55.5s), 1396/2500 VUs, 198654 complete and 0 interrupted iterations
users   [  88% ] 1396/2500 VUs  7m55.5s/9m00.0s

running (7m56.5s), 1371/2500 VUs, 199011 complete and 0 interrupted iterations
users   [  88% ] 1371/2500 VUs  7m56.5s/9m00.0s

running (7m57.5s), 1350/2500 VUs, 199280 complete and 0 interrupted iterations
users   [  88% ] 1350/2500 VUs  7m57.5s/9m00.0s

running (7m58.5s), 1330/2500 VUs, 199521 complete and 0 interrupted iterations
users   [  89% ] 1330/2500 VUs  7m58.5s/9m00.0s

running (7m59.5s), 1310/2500 VUs, 199758 complete and 0 interrupted iterations
users   [  89% ] 1310/2500 VUs  7m59.5s/9m00.0s

running (8m00.5s), 1290/2500 VUs, 200032 complete and 0 interrupted iterations
users   [  89% ] 1290/2500 VUs  8m00.5s/9m00.0s

running (8m01.5s), 1270/2500 VUs, 200365 complete and 0 interrupted iterations
users   [  89% ] 1270/2500 VUs  8m01.5s/9m00.0s

running (8m02.5s), 1249/2500 VUs, 200617 complete and 0 interrupted iterations
users   [  89% ] 1249/2500 VUs  8m02.5s/9m00.0s

running (8m03.5s), 1232/2500 VUs, 200835 complete and 0 interrupted iterations
users   [  90% ] 1232/2500 VUs  8m03.5s/9m00.0s

running (8m04.5s), 1210/2500 VUs, 201059 complete and 0 interrupted iterations
users   [  90% ] 1210/2500 VUs  8m04.5s/9m00.0s

running (8m05.5s), 1192/2500 VUs, 201314 complete and 0 interrupted iterations
users   [  90% ] 1192/2500 VUs  8m05.5s/9m00.0s

running (8m06.5s), 1163/2500 VUs, 201621 complete and 0 interrupted iterations
users   [  90% ] 1163/2500 VUs  8m06.5s/9m00.0s

running (8m07.5s), 1147/2500 VUs, 201851 complete and 0 interrupted iterations
users   [  90% ] 1147/2500 VUs  8m07.5s/9m00.0s

running (8m08.5s), 1125/2500 VUs, 202055 complete and 0 interrupted iterations
users   [  90% ] 1125/2500 VUs  8m08.5s/9m00.0s

running (8m09.5s), 1114/2500 VUs, 202259 complete and 0 interrupted iterations
users   [  91% ] 1114/2500 VUs  8m09.5s/9m00.0s

running (8m10.5s), 1086/2500 VUs, 202494 complete and 0 interrupted iterations
users   [  91% ] 1086/2500 VUs  8m10.5s/9m00.0s

running (8m11.5s), 1058/2500 VUs, 202779 complete and 0 interrupted iterations
users   [  91% ] 1058/2500 VUs  8m11.5s/9m00.0s

running (8m12.5s), 1041/2500 VUs, 202987 complete and 0 interrupted iterations
users   [  91% ] 1041/2500 VUs  8m12.5s/9m00.0s

running (8m13.5s), 1024/2500 VUs, 203171 complete and 0 interrupted iterations
users   [  91% ] 1024/2500 VUs  8m13.5s/9m00.0s

running (8m14.5s), 1004/2500 VUs, 203362 complete and 0 interrupted iterations
users   [  92% ] 1004/2500 VUs  8m14.5s/9m00.0s

running (8m15.5s), 0986/2500 VUs, 203566 complete and 0 interrupted iterations
users   [  92% ] 0986/2500 VUs  8m15.5s/9m00.0s

running (8m16.5s), 0963/2500 VUs, 203827 complete and 0 interrupted iterations
users   [  92% ] 0963/2500 VUs  8m16.5s/9m00.0s

running (8m17.5s), 0941/2500 VUs, 204017 complete and 0 interrupted iterations
users   [  92% ] 0941/2500 VUs  8m17.5s/9m00.0s

running (8m18.5s), 0926/2500 VUs, 204182 complete and 0 interrupted iterations
users   [  92% ] 0926/2500 VUs  8m18.5s/9m00.0s

running (8m19.5s), 0904/2500 VUs, 204356 complete and 0 interrupted iterations
users   [  93% ] 0904/2500 VUs  8m19.5s/9m00.0s

running (8m20.5s), 0871/2500 VUs, 204544 complete and 0 interrupted iterations
users   [  93% ] 0871/2500 VUs  8m20.5s/9m00.0s

running (8m21.5s), 0843/2500 VUs, 204770 complete and 0 interrupted iterations
users   [  93% ] 0843/2500 VUs  8m21.5s/9m00.0s

running (8m22.5s), 0827/2500 VUs, 204945 complete and 0 interrupted iterations
users   [  93% ] 0827/2500 VUs  8m22.5s/9m00.0s

running (8m23.5s), 0808/2500 VUs, 205095 complete and 0 interrupted iterations
users   [  93% ] 0808/2500 VUs  8m23.5s/9m00.0s

running (8m24.5s), 0792/2500 VUs, 205250 complete and 0 interrupted iterations
users   [  93% ] 0792/2500 VUs  8m24.5s/9m00.0s

running (8m25.5s), 0770/2500 VUs, 205406 complete and 0 interrupted iterations
users   [  94% ] 0770/2500 VUs  8m25.5s/9m00.0s

running (8m26.5s), 0747/2500 VUs, 205603 complete and 0 interrupted iterations
users   [  94% ] 0747/2500 VUs  8m26.5s/9m00.0s

running (8m27.5s), 0725/2500 VUs, 205763 complete and 0 interrupted iterations
users   [  94% ] 0725/2500 VUs  8m27.5s/9m00.0s

running (8m28.5s), 0708/2500 VUs, 205897 complete and 0 interrupted iterations
users   [  94% ] 0708/2500 VUs  8m28.5s/9m00.0s

running (8m29.5s), 0692/2500 VUs, 206036 complete and 0 interrupted iterations
users   [  94% ] 0692/2500 VUs  8m29.5s/9m00.0s

running (8m30.5s), 0666/2500 VUs, 206166 complete and 0 interrupted iterations
users   [  95% ] 0666/2500 VUs  8m30.5s/9m00.0s

running (8m31.5s), 0641/2500 VUs, 206340 complete and 0 interrupted iterations
users   [  95% ] 0641/2500 VUs  8m31.5s/9m00.0s

running (8m32.5s), 0619/2500 VUs, 206479 complete and 0 interrupted iterations
users   [  95% ] 0619/2500 VUs  8m32.5s/9m00.0s

running (8m33.5s), 0601/2500 VUs, 206600 complete and 0 interrupted iterations
users   [  95% ] 0601/2500 VUs  8m33.5s/9m00.0s

running (8m34.5s), 0583/2500 VUs, 206726 complete and 0 interrupted iterations
users   [  95% ] 0583/2500 VUs  8m34.5s/9m00.0s

running (8m35.5s), 0566/2500 VUs, 206827 complete and 0 interrupted iterations
users   [  95% ] 0566/2500 VUs  8m35.5s/9m00.0s

running (8m36.5s), 0543/2500 VUs, 206975 complete and 0 interrupted iterations
users   [  96% ] 0543/2500 VUs  8m36.5s/9m00.0s

running (8m37.5s), 0525/2500 VUs, 207092 complete and 0 interrupted iterations
users   [  96% ] 0525/2500 VUs  8m37.5s/9m00.0s

running (8m38.5s), 0506/2500 VUs, 207196 complete and 0 interrupted iterations
users   [  96% ] 0506/2500 VUs  8m38.5s/9m00.0s

running (8m39.5s), 0484/2500 VUs, 207304 complete and 0 interrupted iterations
users   [  96% ] 0484/2500 VUs  8m39.5s/9m00.0s

running (8m40.5s), 0462/2500 VUs, 207383 complete and 0 interrupted iterations
users   [  96% ] 0462/2500 VUs  8m40.5s/9m00.0s

running (8m41.5s), 0434/2500 VUs, 207507 complete and 0 interrupted iterations
users   [  97% ] 0434/2500 VUs  8m41.5s/9m00.0s

running (8m42.5s), 0409/2500 VUs, 207606 complete and 0 interrupted iterations
users   [  97% ] 0409/2500 VUs  8m42.5s/9m00.0s

running (8m43.5s), 0394/2500 VUs, 207693 complete and 0 interrupted iterations
users   [  97% ] 0394/2500 VUs  8m43.5s/9m00.0s

running (8m44.5s), 0373/2500 VUs, 207780 complete and 0 interrupted iterations
users   [  97% ] 0373/2500 VUs  8m44.5s/9m00.0s

running (8m45.5s), 0359/2500 VUs, 207842 complete and 0 interrupted iterations
users   [  97% ] 0359/2500 VUs  8m45.5s/9m00.0s

running (8m46.5s), 0338/2500 VUs, 207937 complete and 0 interrupted iterations
users   [  98% ] 0338/2500 VUs  8m46.5s/9m00.0s

running (8m47.5s), 0317/2500 VUs, 208007 complete and 0 interrupted iterations
users   [  98% ] 0317/2500 VUs  8m47.5s/9m00.0s

running (8m48.5s), 0292/2500 VUs, 208082 complete and 0 interrupted iterations
users   [  98% ] 0292/2500 VUs  8m48.5s/9m00.0s

running (8m49.5s), 0274/2500 VUs, 208151 complete and 0 interrupted iterations
users   [  98% ] 0274/2500 VUs  8m49.5s/9m00.0s

running (8m50.5s), 0260/2500 VUs, 208198 complete and 0 interrupted iterations
users   [  98% ] 0260/2500 VUs  8m50.5s/9m00.0s

running (8m51.5s), 0239/2500 VUs, 208272 complete and 0 interrupted iterations
users   [  98% ] 0239/2500 VUs  8m51.5s/9m00.0s

running (8m52.5s), 0213/2500 VUs, 208322 complete and 0 interrupted iterations
users   [  99% ] 0213/2500 VUs  8m52.5s/9m00.0s

running (8m53.5s), 0193/2500 VUs, 208371 complete and 0 interrupted iterations
users   [  99% ] 0193/2500 VUs  8m53.5s/9m00.0s

running (8m54.5s), 0168/2500 VUs, 208418 complete and 0 interrupted iterations
users   [  99% ] 0168/2500 VUs  8m54.5s/9m00.0s

running (8m55.5s), 0150/2500 VUs, 208452 complete and 0 interrupted iterations
users   [  99% ] 0150/2500 VUs  8m55.5s/9m00.0s

running (8m56.5s), 0121/2500 VUs, 208506 complete and 0 interrupted iterations
users   [  99% ] 0121/2500 VUs  8m56.5s/9m00.0s

running (8m57.5s), 0103/2500 VUs, 208532 complete and 0 interrupted iterations
users   [ 100% ] 0103/2500 VUs  8m57.5s/9m00.0s

running (8m58.5s), 0083/2500 VUs, 208562 complete and 0 interrupted iterations
users   [ 100% ] 0083/2500 VUs  8m58.5s/9m00.0s

running (8m59.5s), 0068/2500 VUs, 208583 complete and 0 interrupted iterations
users   [ 100% ] 0068/2500 VUs  8m59.5s/9m00.0s

running (9m00.5s), 0050/2500 VUs, 208601 complete and 0 interrupted iterations
users ↓ [ 100% ] 0064/2500 VUs  9m0s

running (9m01.5s), 0024/2500 VUs, 208627 complete and 0 interrupted iterations
users ↓ [ 100% ] 0064/2500 VUs  9m0s

running (9m02.5s), 0017/2500 VUs, 208634 complete and 0 interrupted iterations
users ↓ [ 100% ] 0064/2500 VUs  9m0s

running (9m03.5s), 0006/2500 VUs, 208645 complete and 0 interrupted iterations
users ↓ [ 100% ] 0064/2500 VUs  9m0s


  █ THRESHOLDS 

    checks{phase:bench}
    ✓ 'rate>0.99' rate=100.00%

    http_req_duration{name:confirm,phase:bench}
    ✓ 'p(95)<200' p(95)=14.66ms
    ✓ 'p(99)<600' p(99)=164.51ms

    http_req_duration{name:download_expired,phase:bench}
    ✓ 'p(95)<200' p(95)=0s
    ✓ 'p(99)<600' p(99)=0s

    http_req_duration{name:download,phase:bench}
    ✓ 'p(95)<200' p(95)=13.15ms
    ✓ 'p(99)<600' p(99)=223.83ms

    http_req_duration{name:upload,phase:bench}
    ✓ 'p(95)<200' p(95)=19.97ms
    ✓ 'p(99)<600' p(99)=279.98ms

    http_req_failed{phase:bench}
    ✓ 'rate<0.01' rate=0.00%

    server_errors{phase:bench}
    ✓ 'rate<0.01' rate=0.00%


  █ TOTAL RESULTS 

    checks_total.......: 214081  393.507151/s
    checks_succeeded...: 100.00% 214081 out of 214081
    checks_failed......: 0.00%   0 out of 214081

    ✓ download as expected
    ✓ upload link 201
    ✓ confirm 200

    CUSTOM
    server_errors.............................: 0.00%  0 out of 214081
      { phase:bench }.........................: 0.00%  0 out of 151687

    HTTP
    http_req_duration.........................: med=3.63ms p(95)=11.51ms p(99)=111.66ms avg=9.96ms  max=1.98s
      { expected_response:true }..............: med=3.63ms p(95)=11.51ms p(99)=111.66ms avg=9.96ms  max=1.98s
      { name:confirm,phase:bench }............: med=4.88ms p(95)=14.66ms p(99)=164.51ms avg=11.78ms max=1.49s
      { name:download_expired,phase:bench }...: med=0s     p(95)=0s      p(99)=0s       avg=0s      max=0s   
      { name:download,phase:bench }...........: med=3.64ms p(95)=13.15ms p(99)=223.83ms avg=12.14ms max=1.98s
      { name:upload,phase:bench }.............: med=6.35ms p(95)=19.97ms p(99)=279.98ms avg=16.57ms max=1.78s
    http_req_failed...........................: 0.00%  0 out of 214081
      { phase:bench }.........................: 0.00%  0 out of 151689
    http_reqs.................................: 214081 393.507151/s

    EXECUTION
    iteration_duration........................: med=5s     p(95)=5.02s   p(99)=7.26s    avg=5.06s   max=9.72s
    iterations................................: 208651 383.526145/s
    vus.......................................: 6      min=6           max=2500
    vus_max...................................: 2500   min=2500        max=2500

    NETWORK
    data_received.............................: 503 MB 924 kB/s
    data_sent.................................: 173 MB 317 kB/s




running (9m04.0s), 0000/2500 VUs, 208651 complete and 0 interrupted iterations
users ✓ [ 100% ] 0000/2500 VUs  9m0s
== 2500 users: pass
== passed at the 2500 user cap, no limit found
== done: passed up to 2500 users, failed from 0
