8dcc8d,43,1790780920763
b73176,31,1790781820763
5cd692,18,1790866420763
2ef3aa,20,1790780920763
335df8,23,1790781820763
b5bb75,23,1790781820763
4c4dc1,34,1790781820763
d68e1f,60,1790781820763
bad2c2,32,1790780920763
c39185,54,1790866420763
b3df4a,22,1790866420763
068a41,46,1790780920763
69934a,44,1790781820763
0f04e0,58,1790780920763
d7c5b2,19,1790781820763
63a7f1,23,1790781820763
da4719,52,1790781820763
f48e91,42,1790866420763
931aeb,30,1790866420763
a55c34,41,1790866420763
42339c,23,1790866420763
4f87d2,53,1790866420763
5a1a47,54,1790780920763
664e41,26,1790780920763
153592,52,1790781820763
a58c41,40,1790780920763
5dddc5,20,1790781820763
db4805,21,1790781820763
eb4fb5,26,1790780920763
826088,47,1790781820763
fd27e5,29,1790781820763
50e530,58,1790780920763
8cb908,16,1790781820763
d6ae31,31,1790866420763
a37eba,17,1790781820763
fdf835,51,1790866420763
24ab09,49,1790781820763
048534,44,1790780920763
9f0d85,60,1790866420763
852f11,46,1790866420763
93348a,55,1790781820763
30bf97,58,1790780920763
b7af16,53,1790780920763
9f1aa9,60,1790780920763
61f5a0,29,1790781820763
b1ecb8,41,1790866420763
0b0b16,48,1790780920763
d34c65,58,1790781820763
c04bc5,27,1790780920763
682904,15,1790866420763
d09534,18,1790866420763
dc6fe7,18,1790780920763
a12ba3,50,1790781820763
24b075,30,1790780920763
a60064,17,1790866420763
f16dde,34,1790866420763
b0d464,38,1790866420763
21615b,38,1790780920763
9d3144,30,1790866420763
75ed61,47,1790866420763
6fe8d1,37,1790781820763
5d77c8,23,1790780920763
95de47,51,1790866420763
b06af7,59,1790781820763
eec024,54,1790866420763
a53b2c,40,1790866420763
74e7f7,29,1790866420763
0806f7,33,1790780920763
3ad450,28,1790866420763
4f4e27,53,1790866420763
7d6379,38,1790781820763
d2be88,54,1790780920763
73a587,19,1790781820763
58a555,30,1790781820763
23f66a,40,1790781820763
a64729,55,1790780920763
4dd4af,23,1790780920763
09b125,20,1790780920763
7ed28b,29,1790781820763
828867,19,1790866420763
0344dd,41,1790866420763
be9a6d,46,1790781820763
486156,16,1790780920763
3effbe,43,1790866420763
9f0c32,54,1790866420763
1b9e28,54,1790866420763
81597e,53,1790781820763
7bb823,31,1790781820763
6e97a2,17,1790780920763
9cab62,51,1790866420763
6e6850,40,1790866420763
fa6e3e,32,1790781820763
988e34,20,1790780920763
eb8aca,39,1790780920763
bf1dc0,24,1790780920763
2f1de5,56,1790781820763
672d61,35,1790781820763
c2726a,47,1790866420763
fa9365,50,1790866420763
548a77,20,1790780920763
51e94b,37,1790866420763
9e4e4d,37,1790866420763
0fd0e0,19,1790866420763
eb2d55,30,1790781820763
74a68e,42,1790780920763
855e1b,43,1790781820763
b09dc1,42,1790780920763
a361fe,21,1790781820763
976455,46,1790781820763
81018d,22,1790866420763
3aef58,35,1790780920763
429f30,46,1790866420763
c684e2,39,1790781820763
e659af,54,1790780920763
ddd554,20,1790780920763
a5c1ab,59,1790866420763
dd0aa8,29,1790781820763
b3c798,45,1790781820763
33497e,55,1790866420763
a50ba4,21,1790866420763
86464c,46,1790866420763
0d40bb,47,1790866420763
d52ef3,59,1790866420763
965775,49,1790780920763
37de6f,25,1790866420763
29adec,33,1790866420763
7abafb,33,1790781820763
9feb02,53,1790780920763
69f595,56,1790780920763
423652,52,1790780920763
6416b3,26,1790780920763
dec4c6,59,1790781820763
709909,15,1790781820763
9c5449,34,1790780920763
77efab,41,1790780920763
002ffa,26,1790866420763
4a1798,22,1790866420763
f0afec,46,1790780920763
511581,24,1790781820763
55801a,58,1790781820763
d880d9,47,1790780920763
3033ad,19,1790780920763
728d75,15,1790781820763
37c2a5,29,1790866420763
497be5,51,1790866420763
39d48d,47,1790866420763
0c67d1,16,1790781820763
f576ec,40,1790781820763
050937,40,1790866420763
d48a30,47,1790780920763
165146,35,1790780920763
6aa119,25,1790780920763
2a2827,60,1790780920763
0a16a5,51,1790781820763
f4ed91,46,1790780920763
0792ec,31,1790780920763
cf155b,43,1790780920763
45b80f,25,1790781820763
55745b,20,1790780920763
b9b315,38,1790866420763
fb542f,30,1790781820763
689a10,30,1790781820763
ab494b,21,1790781820763
a316a4,18,1790781820763
89fee2,50,1790780920763
0eadfa,32,1790866420763
e6aff2,43,1790780920763
6629a8,24,1790866420763
c456f2,43,1790866420763
18c156,39,1790781820763
0031b5,37,1790781820763
6ddc32,55,1790866420763
b40473,41,1790781820763
e3a7b4,46,1790781820763
39783e,55,1790781820763
598756,43,1790866420763
e31c8d,43,1790780920763
aef994,28,1790780920763
b9f3bd,56,1790781820763
8ff3ca,31,1790781820763
9c3f65,23,1790866420763
820e2a,41,1790781820763
7c0397,32,1790781820763
d2cce6,33,1790866420763
61ad5e,48,1790780920763
e610d8,53,1790866420763
2f1a4a,50,1790780920763
c63af3,59,1790780920763
8197f3,57,1790781820763
7a3b59,22,1790866420763
c07d2d,48,1790866420763
971b09,57,1790866420763
76bce3,43,1790780920763
5fe9a5,44,1790781820763
0fa8eb,48,1790866420763
07e33e,33,1790780920763
275a56,47,1790866420763
226cef,32,1790781820763
a5a70b,53,1790780920763
92175f,38,1790780920763
4fd498,20,1790866420763
c8a280,27,1790780920763
ea33cf,58,1790780920763
6b7007,38,1790780920763
1f845a,47,1790781820763
b4abb2,50,1790781820763
491808,42,1790781820763
688b21,43,1790866420763
fbff09,32,1790781820763
65c989,37,1790781820763
51e050,37,1790866420763
2cb626,60,1790781820763
a99076,21,1790780920763
8c5512,43,1790781820763
f69599,38,1790780920763
b15d37,17,1790780920763
666586,34,1790780920763
6ffd9e,52,1790866420763
c044cc,59,1790780920763
6d35c0,30,1790866420763
b13369,48,1790780920763
b3f7bb,48,1790866420763
45a416,57,1790781820763
3a7c83,50,1790781820763
88915e,58,1790780920763
4ca2de,46,1790780920763
392e14,60,1790781820763
4ac036,49,1790780920763
efd795,53,1790781820763
78a283,50,1790866420763
eaaa6d,20,1790781820763
b6cd90,46,1790780920763
3ad57e,38,1790781820763
c30d73,39,1790780920763
d2aba5,32,1790866420763
642d96,39,1790866420763
6dabb6,59,1790781820763
ea9a3a,33,1790780920763
bdabae,33,1790866420763
e721d6,42,1790780920763
00a30a,44,1790780920763
b0d5de,38,1790780920763
3019f0,40,1790866420763
e2185a,28,1790781820763
3f0c5b,53,1790781820763
98dcfe,30,1790866420763
ab4bae,58,1790780920763
a2e00a,24,1790780920763
63cd45,41,1790780920763
52ca69,47,1790866420763
d4ed37,60,1790866420763
95e323,45,1790780920763
16077f,30,1790781820763
3172f6,18,1790780920763
5a41ff,40,1790866420763
ca923b,17,1790866420763
36fb10,21,1790866420763
f4c184,49,1790780920763
136873,40,1790866420763
249b01,21,1790781820763
49bca8,23,1790781820763
c7fe6b,50,1790780920763
d39d3c,22,1790781820763
df5212,18,1790780920763
9ec2fd,19,1790781820763
1faf26,56,1790780920763
eed3d8,19,1790781820763
0d5899,48,1790780920763
496841,60,1790866420763
a8f962,35,1790781820763
587d6d,45,1790780920763
c09709,28,1790866420763
9f36b9,55,1790781820763
924877,17,1790780920763
e4def6,47,1790866420763
24f185,24,1790866420763
37bbf9,54,1790781820763
cd315d,43,1790866420763
fb63e4,33,1790780920763
00078c,26,1790781820763
0be297,30,1790781820763
bf3616,43,1790781820763
f504ca,27,1790866420763
7a4eb9,45,1790781820763
c0b31b,38,1790780920763
bf7dfe,50,1790781820763
462e73,39,1790781820763
6d2055,27,1790781820763
653be2,47,1790781820763
12d64c,51,1790780920763
9fce16,32,1790781820763
c0e032,52,1790866420763
a2ed25,43,1790866420763
5167db,20,1790866420763
ec8456,15,1790781820763
cf0f20,38,1790866420763
8ef0e3,56,1790781820763
dda09f,53,1790780920763
4ca5c0,26,1790866420763
4e7fa9,34,1790866420763
6d856a,17,1790781820763
735fd6,33,1790866420763
b2c313,46,1790781820763
9df9be,60,1790866420763
566aee,36,1790866420763
ef105b,15,1790781820763
a8adbe,55,1790780920763
d5cf86,40,1790780920763
15c865,26,1790866420763
d5eea7,35,1790780920763
cf0693,57,1790781820763
e65e78,59,1790866420763
41551e,21,1790780920763
5bb1c7,54,1790866420763
60b313,57,1790866420763
464a5f,29,1790781820763
bc7510,59,1790781820763
b25e9a,36,1790866420763
4dc7ab,59,1790780920763
d3497e,41,1790780920763
582a52,54,1790866420763
fc976a,48,1790866420763
c2fa7a,52,1790866420763
93e060,47,1790780920763
14e805,53,1790780920763
9a162e,49,1790781820763
8b31f8,22,1790866420763
dfaa3d,39,1790866420763
437361,24,1790866420763
1b09ec,38,1790781820763
ccc6c1,37,1790781820763
554817,48,1790781820763
d376f0,30,1790780920763
7430ec,54,1790781820763
8a83a9,30,1790866420763
0b1698,43,1790781820763
70715f,49,1790781820763
ad681b,58,1790866420763
d9b0bd,15,1790780920763
0fa834,50,1790781820763
478ea6,55,1790866420763
3d2b42,42,1790781820763
09ab71,47,1790781820763
914c10,34,1790780920763
3cfcea,19,1790866420763
035883,17,1790866420763
536f92,54,1790866420763
5e4f70,58,1790780920763
303601,31,1790780920763
c2ad7d,18,1790866420763
176120,19,1790866420763
e69df2,25,1790781820763
524c56,38,1790866420763
296fe6,58,1790866420763
091791,42,1790781820763
fc3bc7,40,1790781820763
6e5ec7,45,1790866420763
8fbe74,30,1790866420763
e2123f,57,1790866420763
7414d6,50,1790781820763
0cdb27,41,1790866420763
9b7ca0,35,1790780920763
d4802b,60,1790780920763
d996d0,32,1790781820763
3bc18c,51,1790866420763
31916f,19,1790780920763
d35071,48,1790780920763
a80dfa,21,1790781820763
01c631,51,1790780920763
48bf22,21,1790780920763
35d240,21,1790866420763
b035d9,48,1790780920763
1dc55e,35,1790781820763
b1fa5b,17,1790781820763
bf10a6,20,1790866420763
2cfcc0,48,1790781820763
14d6df,17,1790781820763
be37cf,42,1790781820763
afd179,26,1790781820763
dc719d,46,1790781820763
838d50,15,1790781820763
6aa579,25,1790781820763
35343e,48,1790866420763
05f86c,18,1790866420763
beb21a,46,1790866420763
ea1b7f,18,1790866420763
67e8bc,50,1790780920763
457f58,33,1790781820763
649f84,36,1790780920763
f59ecf,16,1790866420763
b92751,58,1790781820763
d65b28,56,1790866420763
31492a,51,1790866420763
15e00b,35,1790781820763
376ef1,51,1790866420763
dea079,29,1790866420763
11a59d,45,1790866420763
cef52c,58,1790781820763
f07107,18,1790780920763
d145e6,31,1790780920763
a1837e,42,1790780920763
870701,39,1790781820763
2f6573,36,1790780920763
f6b2e6,32,1790781820763
63890b,24,1790780920763
d2aee0,30,1790781820763
8365f4,54,1790780920763
d447cf,20,1790866420763
1e1acb,55,1790780920763
9b1ea0,39,1790781820763
4ada75,29,1790780920763
a7794f,60,1790780920763
670b07,26,1790866420763
4bc9f4,23,1790780920763
9b6d4d,16,1790866420763
12ccf3,16,1790781820763
5bf5ea,46,1790866420763
51323c,36,1790781820763
2714a8,35,1790780920763
787353,26,1790780920763
f39de4,52,1790781820763
3b11f2,25,1790781820763
cea5a7,18,1790780920763
ee7f10,21,1790866420763
48c17c,22,1790781820763
63a91d,42,1790781820763
e26540,16,1790866420763
cac1c7,19,1790781820763
2404be,48,1790780920763
de5ab1,48,1790780920763
39a1b9,25,1790780920763
67a7db,34,1790866420763
2187a5,24,1790866420763
7060e2,48,1790781820763
6beac9,24,1790780920763
cbc332,46,1790781820763
280f1c,24,1790866420763
562b7a,57,1790866420763
a6b47d,18,1790780920763
6d7ad3,55,1790866420763
86736b,23,1790866420763
cf8f51,44,1790780920763
172a0f,22,1790780920763
6b2767,24,1790780920763
4090de,47,1790780920763
5aef4f,40,1790780920763
c9bfd8,21,1790780920763
5abd9b,30,1790866420763
407c24,43,1790781820763
28c40e,35,1790781820763
4c8730,28,1790780920763
fb9b38,53,1790780920763
fd39e9,56,1790780920763
00f840,51,1790780920763
a0001d,24,1790781820763
d312ba,28,1790781820763
3d964b,20,1790866420763
9bb31e,31,1790780920763
2173c1,40,1790866420763
cb0613,52,1790781820763
cda8cc,33,1790866420763
104398,39,1790780920763
9b48bf,41,1790781820763
bad6d0,55,1790866420763
8459ff,50,1790780920763
a4ad6a,55,1790780920763
55638e,51,1790780920763
e69e9a,42,1790866420763
13e978,59,1790781820763
f80911,42,1790866420763
93dbf4,16,1790866420763
26435f,24,1790866420763
7f689e,17,1790866420763
a36208,48,1790780920763
5081ba,51,1790780920763
fe06f5,16,1790780920763
999fde,40,1790781820763
c6718e,32,1790781820763
ffbd85,19,1790781820763
0d8e40,32,1790866420763
1a09e8,34,1790781820763
3386fb,48,1790866420763
1c6e61,20,1790780920763
b04699,38,1790781820763
961bde,35,1790780920763
ab9b52,48,1790780920763
9a26a3,38,1790780920763
f7ce15,58,1790780920763
8f2201,16,1790866420763
018e1f,18,1790780920763
f80c45,55,1790866420763
830838,19,1790781820763
6c3209,49,1790781820763
dbb097,18,1790781820763
d87376,37,1790780920763
3c7a5a,59,1790866420763
e8fae6,36,1790781820763
6cb8fb,55,1790780920763
a0bf03,21,1790780920763
794644,41,1790866420763
047be1,23,1790781820763
e0189e,53,1790781820763
14f41a,56,1790781820763
f6549a,33,1790781820763
42b87b,24,1790781820763
e967a3,26,1790780920763
968e80,52,1790780920763
3b969e,40,1790780920763
4c38c0,32,1790866420763
632f7f,38,1790781820763
e7bd77,45,1790866420763
6fcb7b,25,1790780920763
345c2e,50,1790780920763
676af3,33,1790780920763
fc58f2,28,1790780920763
437695,41,1790780920763
bb6c33,30,1790780920763
eb2c6d,34,1790781820763
a7f393,22,1790866420763
f35e24,59,1790781820763
e8c007,22,1790866420763
849d07,52,1790780920763
478a5c,31,1790866420763
0c3a4c,57,1790781820763
1b25a3,49,1790780920763
adae66,44,1790866420763
ba66a0,44,1790780920763
e615d5,17,1790781820763
5d49ce,60,1790780920763
d964ab,42,1790781820763
8a44ff,35,1790780920763
36178c,39,1790781820763
fd0b36,51,1790780920763
0172cb,35,1790866420763
781c12,20,1790781820763
412611,32,1790866420763
57c9ee,22,1790781820763
84d59d,49,1790866420763
416e75,27,1790780920763
d16f1b,31,1790866420763
62e882,48,1790866420763
f1537f,35,1790781820763
907281,59,1790781820763
6a7615,26,1790780920763
8c1e7e,38,1790781820763
70dee4,16,1790866420763
ecaa47,19,1790780920763
f2fd8f,43,1790866420763
ba12ee,44,1790781820763
f89960,20,1790781820763
2ef604,50,1790866420763
00cd2d,45,1790866420763
e582ff,31,1790781820763
186a20,32,1790781820763
7594a6,19,1790866420763
679e92,28,1790866420763
77424e,32,1790866420763
700fdf,40,1790866420763
78ea47,52,1790780920763
20aae0,60,1790866420763
4ac790,27,1790866420763
79b636,28,1790780920763
d0bbbe,40,1790780920763
1b6c94,46,1790780920763
5da58d,49,1790780920763
d21a74,41,1790866420763
977245,55,1790781820763
83a091,50,1790780920763
3c72be,24,1790781820763
1f6372,21,1790780920763
8470f5,26,1790781820763
50b81d,55,1790780920763
b51f02,57,1790781820763
98d0d5,56,1790780920763
bc6430,25,1790780920763
1ac9c8,43,1790780920763
bce1c1,42,1790781820763
408fda,19,1790780920763
1ea304,43,1790781820763
ff88e9,53,1790866420763
510d43,23,1790866420763
ae9fe2,31,1790781820763
d60eb1,20,1790781820763
0262e7,55,1790866420763
4ffc01,20,1790780920763
3df0b2,28,1790781820763
27fc34,26,1790866420763
5c1c37,55,1790866420763
19bce3,52,1790780920763
61b4b4,25,1790866420763
16c135,37,1790781820763
66920a,56,1790866420763
c2bc9d,16,1790780920763
c57947,34,1790780920763
797fd7,41,1790780920763
64cb82,29,1790781820763
aceba0,43,1790780920763
8f8685,50,1790781820763
fea20a,41,1790781820763
840932,20,1790780920763
a4a8b6,53,1790781820763
c4ddc3,22,1790866420763
b22e1e,52,1790780920763
d287e3,26,1790781820763
0ec009,52,1790780920763
ebf20f,33,1790780920763
c92eae,38,1790866420763
7d3d0d,19,1790780920763
4bfc80,60,1790781820763
560ebc,48,1790781820763
04c1be,40,1790866420763
0d0ef9,32,1790781820763
942c2b,41,1790866420763
1000cc,41,1790781820763
7489ef,17,1790781820763
1cf608,35,1790781820763
10e45e,31,1790781820763
3140f7,37,1790780920763
7eef1b,38,1790781820763
1fdb8e,32,1790780920763
c6b851,50,1790866420763
97835a,48,1790780920763
9cb550,48,1790780920763
8f0ff2,60,1790780920763
626211,29,1790866420763
f76920,22,1790780920763
265b32,23,1790781820763
3788c5,60,1790781820763
83aea9,18,1790866420763
d3fe75,45,1790781820763
8f4204,18,1790781820763
7a3969,29,1790866420763
9f68bd,41,1790781820763
31e111,50,1790780920763
e6ee4a,34,1790866420763
c0cd62,53,1790866420763
933fb0,31,1790866420763
45c369,29,1790866420763
815576,51,1790780920763
121b57,57,1790781820763
dc3aeb,42,1790780920763
ce40dd,57,1790866420763
98bcde,48,1790781820763
3d4586,55,1790866420763
1422fd,55,1790780920763
3a64b9,16,1790781820763
fc91f9,47,1790780920763
d22277,54,1790781820763
d7f263,27,1790780920763
8f0a0c,29,1790780920763
90a783,23,1790780920763
589f05,44,1790780920763
a25e29,45,1790780920763
77bc76,20,1790780920763
1357a9,42,1790781820763
4e7990,16,1790866420763
4f9746,53,1790780920763
1a3cb9,57,1790866420763
7e48e4,29,1790780920763
ccd0e9,28,1790866420763
e2ead2,26,1790781820763
6f5522,15,1790866420763
0f698c,30,1790866420763
4cf9f5,48,1790780920763
f7e476,26,1790866420763
af3aba,47,1790866420763
eaef28,50,1790866420763
1433a3,55,1790780920763
a96945,31,1790866420763
383020,32,1790780920763
60c1fa,36,1790866420763
89d39e,36,1790866420763
0b4e9e,26,1790781820763
669834,22,1790866420763
ab7813,31,1790780920763
15c789,30,1790866420763
dbc278,26,1790781820763
4d52c5,19,1790866420763
a4da1b,40,1790781820763
5efe8d,44,1790780920763
ddca21,46,1790781820763
6f2076,32,1790780920763
109414,35,1790866420763
d624e1,27,1790781820763
64c942,52,1790781820763
7d46ba,34,1790780920763
dbda38,60,1790780920763
cf5b55,50,1790780920763
703f41,31,1790866420763
fe828f,36,1790780920763
c1373f,54,1790866420763
4e43c7,41,1790781820763
024ed6,16,1790780920763
96a8ee,50,1790780920763
cce1b7,24,1790781820763
1155d4,24,1790780920763
922938,32,1790780920763
99d2b3,15,1790866420763
d5a20c,26,1790781820763
92d3aa,49,1790866420763
9c9981,55,1790866420763
abc314,56,1790780920763
0a648b,31,1790781820763
0acad4,53,1790866420763
e4caf7,36,1790866420763
4ebf1a,40,1790866420763
b004c7,19,1790866420763
a6ce17,49,1790780920763
f62a4f,29,1790780920763
417b2f,15,1790781820763
aa83b7,59,1790781820763
07c116,29,1790866420763
d3aa7d,23,1790781820763
5ececc,54,1790866420763
890bcf,26,1790781820763
b5b4db,28,1790781820763
c29523,34,1790780920763
19d00e,31,1790866420763
5023a5,20,1790866420763
5df24a,43,1790780920763
5cc3ca,21,1790780920763
8bc27e,36,1790781820763
5765bd,26,1790780920763
c89cf8,43,1790781820763
4ff50a,56,1790781820763
88a741,39,1790866420763
bda68f,21,1790780920763
ec2102,43,1790780920763
591068,60,1790781820763
e32afb,30,1790780920763
ed03c3,24,1790781820763
dd9d2f,40,1790780920763
9aa388,46,1790780920763
f80f99,27,1790780920763
de327e,47,1790781820763
ac5e35,46,1790866420763
39f12c,15,1790781820763
0b2d55,41,1790866420763
c9173d,44,1790781820763
ccf06f,41,1790781820763
71daaf,34,1790781820763
9abb92,44,1790781820763
d1087a,31,1790866420763
e2895d,48,1790866420763
12eeb7,24,1790780920763
cc50e5,33,1790866420763
528a71,26,1790866420763
a06a8f,39,1790780920763
2b74d8,49,1790780920763
93c177,17,1790866420763
a98a5c,57,1790866420763
d7f0ef,28,1790866420763
5fa345,38,1790866420763
893811,50,1790866420763
4eb4de,15,1790866420763
86e42e,17,1790780920763
6af786,30,1790781820763
7a5216,57,1790866420763
584cd7,24,1790866420763
02c0ca,32,1790866420763
e0c045,25,1790781820763
ce5a6f,43,1790780920763
b065e1,57,1790780920763
de3e12,49,1790781820763
26a745,47,1790866420763
cf1e14,20,1790866420763
f6ed5d,29,1790780920763
e3a89b,23,1790781820763
7da98b,46,1790780920763
32550d,25,1790866420763
9d6673,36,1790781820763
b1de4d,53,1790780920763
b9767c,60,1790780920763
dd22da,19,1790780920763
2b49d8,50,1790866420763
a73725,38,1790781820763
9e6777,19,1790781820763
92956a,38,1790866420763
284bef,31,1790781820763
cce72b,39,1790866420763
368407,18,1790780920763
a40b32,39,1790780920763
b0be3c,31,1790866420763
65b267,50,1790780920763
662992,52,1790781820763
325186,22,1790866420763
7319a3,44,1790781820763
7c2e3c,50,1790780920763
dc0945,44,1790780920763
abc1b7,34,1790780920763
d55312,46,1790780920763
023f3f,21,1790781820763
9f6f24,24,1790780920763
1667fd,21,1790866420763
d111de,60,1790780920763
641289,34,1790781820763
9e9734,31,1790866420763
d5ed02,54,1790866420763
622936,54,1790781820763
566f6c,35,1790780920763
4c5e7b,28,1790780920763
a933be,52,1790780920763
516582,45,1790866420763
255875,22,1790780920763
457db9,30,1790780920763
4d8ced,30,1790780920763
0dba9d,16,1790866420763
e8025d,29,1790780920763
9af09a,46,1790781820763
8648e9,45,1790866420763
41ff9f,21,1790780920763
7b5b13,59,1790780920763
ed48d2,53,1790866420763
b2b171,25,1790781820763
08dc33,16,1790780920763
73197a,46,1790781820763
d1e7ba,37,1790780920763
f67e83,19,1790866420763
fec722,60,1790780920763
6d53b7,50,1790780920763
4e9ba8,53,1790781820763
0f2e31,24,1790780920763
6803e8,44,1790781820763
1fdfb7,16,1790780920763
e0ffed,39,1790866420763
75abea,60,1790781820763
fce50a,49,1790866420763
b046e8,42,1790866420763
1119da,39,1790866420763
9626d5,44,1790866420763
578ff0,25,1790781820763
b127fd,23,1790781820763
1f65fa,37,1790780920763
b8d755,28,1790781820763
e0565e,44,1790780920763
8518ee,45,1790781820763
d4722f,54,1790866420763
152f21,34,1790781820763
0319af,55,1790866420763
03d9b6,16,1790866420763
f9231b,58,1790866420763
27a8ae,49,1790866420763
b44f40,53,1790781820763
c174cc,19,1790866420763
9fe4a9,27,1790866420763
d34230,39,1790781820763
2c28ec,22,1790780920763
14ac3b,37,1790780920763
3283a7,37,1790780920763
5ebf8f,22,1790781820763
b91530,19,1790780920763
17a2da,26,1790780920763
be28d8,39,1790781820763
93e764,34,1790866420763
f53e02,54,1790780920763
ffba12,32,1790781820763
9c531b,27,1790866420763
41ba45,27,1790780920763
eec618,35,1790780920763
7eb53d,30,1790780920763
41fa58,32,1790780920763
7de342,47,1790781820763
870e26,52,1790781820763
851c22,19,1790866420763
344b18,31,1790780920763
30225c,16,1790781820763
5d005f,16,1790781820763
3782ed,39,1790866420763
5be8e8,30,1790781820763
c50845,33,1790780920763
8b42ea,24,1790866420763
c8dcb7,47,1790781820763
6bcd56,37,1790780920763
a7c0be,43,1790866420763
09ee96,33,1790781820763
6f140f,30,1790866420763
0844d4,45,1790866420763
2949a8,25,1790866420763
4de838,58,1790781820763
edb35c,48,1790780920763
d5acde,54,1790866420763
8704c8,49,1790866420763
d7178f,60,1790781820763
59d327,26,1790781820763
b25c9d,18,1790781820763
b61368,56,1790780920763
e2c5f9,26,1790781820763
206a2f,32,1790866420763
50df13,43,1790780920763
5d46b1,35,1790866420763
7b18ad,22,1790780920763
61a637,27,1790781820763
42298b,32,1790866420763
8ba072,40,1790866420763
45a250,40,1790781820763
21637d,24,1790780920763
866d8d,60,1790780920763
2c0166,45,1790780920763
051bff,34,1790780920763
d8516d,15,1790866420763
69dc65,44,1790781820763
5b85fa,52,1790781820763
307f6b,55,1790780920763
ec7dbd,36,1790866420763
e37a1d,17,1790781820763
bb5eaa,27,1790780920763
53d518,39,1790781820763
10693e,31,1790781820763
9c92a6,35,1790781820763
d5fb97,44,1790780920763
f0109a,21,1790781820763
aa83a3,26,1790780920763
2bece1,16,1790866420763
b4a5a7,33,1790780920763
b2a4e4,34,1790780920763
301e8b,27,1790781820763
36dd06,18,1790781820763
16431c,55,1790780920763
b582b1,36,1790780920763
8d7b96,39,1790866420763
95aee3,38,1790780920763
269da6,44,1790866420763
0373e4,34,1790781820763
99da07,55,1790780920763
e5a9ed,46,1790780920763
673de1,27,1790866420763
d92e9e,25,1790866420763
e7e0f9,50,1790781820763
ad7e55,34,1790781820763
abf736,36,1790866420763
4eaed2,34,1790781820763
4933e3,21,1790780920763
2c407c,34,1790781820763
74140f,22,1790780920763
3a05d2,32,1790781820763
896de0,55,1790780920763
c89489,48,1790866420763
de46e9,45,1790866420763
19adb0,15,1790781820763
1fce67,59,1790780920763
afc50d,23,1790781820763
9af999,23,1790781820763
ea3176,25,1790780920763
0f439d,42,1790780920763
7a71fd,20,1790780920763
a84cc6,25,1790781820763
002a63,46,1790780920763
75686f,43,1790781820763
8e6353,43,1790780920763
4501b8,49,1790866420763
75606e,42,1790781820763
09e405,34,1790780920763
9abfe2,28,1790866420763
6eca2a,40,1790780920763
5565cf,52,1790780920763
18081b,43,1790780920763
971eb1,25,1790866420763
bb1a9e,39,1790780920763
e545ea,18,1790866420763
1991df,35,1790780920763
273a2f,54,1790866420763
36bd25,45,1790780920763
39ffbb,31,1790866420763
8883bf,49,1790781820763
e775b6,23,1790781820763
c92457,18,1790780920763
4ec64d,57,1790780920763
f95d29,50,1790866420763
0994fe,60,1790781820763
baa1e3,47,1790780920763
871fc5,42,1790866420763
faa419,33,1790781820763
65f8b9,38,1790866420763
56ca36,51,1790866420763
e71195,42,1790780920763
04f63c,21,1790781820763
cf1903,39,1790781820763
54ee0f,31,1790780920763
31993f,60,1790780920763
8f5452,36,1790780920763
940e74,15,1790866420763
41591a,55,1790780920763
ba0a95,45,1790781820763
d86ce2,48,1790866420763
75c278,41,1790866420763
9c1150,57,1790781820763
f48819,33,1790780920763
6db002,54,1790781820763
1867ee,57,1790780920763
ccf22b,26,1790781820763
c826b3,54,1790780920763
e38967,23,1790780920763
1bff2e,34,1790780920763
22155a,41,1790780920763
27d975,48,1790866420763
16a5d4,46,1790780920763
b24a01,51,1790781820763
12631b,56,1790781820763
fa032f,20,1790780920763
ccfc6c,21,1790866420763
4ccda5,43,1790781820763
ed4d24,17,1790866420763
98a8bb,26,1790780920763
974205,52,1790866420763
db08df,43,1790866420763
51fdea,20,1790866420763
3a77e9,28,1790781820763
cfbcaf,26,1790866420763
9e3c93,37,1790866420763
8a92b8,57,1790866420763
e7d4cd,23,1790781820763
934b46,22,1790866420763
cab471,60,1790866420763
a2a6d9,41,1790866420763
36f9ef,38,1790781820763
34495c,25,1790866420763
ee6b09,39,1790781820763
41e703,17,1790781820763
86964e,56,1790780920763
4a5d6b,57,1790866420763
e386c9,39,1790781820763
491c9e,31,1790780920763
26457f,48,1790781820763
70ea59,29,1790781820763
5eb575,22,1790780920763
149b1c,51,1790781820763
de0929,47,1790781820763
b9f4fe,32,1790866420763
a19bce,57,1790781820763
b2fc2b,24,1790780920763
dee3ca,33,1790866420763
64c1f4,60,1790781820763
15e94d,20,1790781820763
4d9a3b,28,1790780920763
dc3e12,28,1790866420763
a6a6a2,15,1790781820763
372726,60,1790781820763
5392dc,40,1790866420763
927a41,53,1790780920763
fb5bd7,27,1790781820763
cf7975,44,1790780920763
1fe3d7,54,1790780920763
01e070,17,1790781820763
366656,54,1790780920763
7f65e1,26,1790780920763
3fbc2e,16,1790866420763
c9f255,15,1790866420763
9ca1d0,39,1790780920763
2a7839,33,1790780920763
b6c2f6,31,1790780920763
713c66,20,1790780920763
d3fb67,41,1790780920763
a2a14d,26,1790866420763
005f9a,27,1790866420763
187130,22,1790781820763
45abdf,44,1790781820763
9101a8,49,1790780920763
ae1ce3,47,1790781820763
0c4ce2,49,1790781820763
b15697,33,1790781820763
1c423a,22,1790866420763
0231b1,35,1790780920763
c79c1b,20,1790781820763
63a761,29,1790866420763
58b4b4,37,1790780920763
4d4273,24,1790781820763
09c8b5,37,1790781820763
045d80,51,1790781820763
dfb677,49,1790866420763
ba8e0a,20,1790866420763
a1019b,36,1790781820763
93813f,42,1790781820763
2d9c0c,60,1790866420763
e06692,20,1790866420763
42b129,33,1790780920763
f6d5a9,55,1790781820763
227b20,29,1790780920763
001e3a,45,1790780920763
33464c,24,1790781820763
183d04,50,1790780920763
48076c,25,1790780920763
8647bb,48,1790866420763
33bcb2,15,1790780920763
75b7cf,35,1790780920763
260864,49,1790781820763
6f0cab,42,1790780920763
323a0e,48,1790780920763
a60aed,31,1790781820763
fd1858,41,1790781820763
b95ba7,41,1790781820763
5496fa,29,1790866420763
56bcfd,38,1790781820763
f8cb08,58,1790781820763
e9e68e,27,1790780920763
2d6d4b,16,1790780920763
b319c2,49,1790866420763
13a831,41,1790866420763
2a6e5b,50,1790780920763
5fd029,47,1790866420763
fdad28,30,1790866420763
617dd7,53,1790866420763
fa9f5b,59,1790781820763
0f102b,30,1790866420763
7298e1,26,1790866420763
98eabf,23,1790780920763
dcc877,58,1790780920763
368ba6,44,1790866420763
72f44f,16,1790781820763
0f49b1,37,1790780920763
39064f,59,1790780920763
679c7a,25,1790866420763
6da22a,57,1790866420763
5d2de9,54,1790866420763
9b3974,53,1790866420763
f42927,38,1790780920763
ff7471,48,1790781820763
11d345,25,1790781820763
c83f71,43,1790866420763
338c84,36,1790780920763
21659a,46,1790780920763
f91e5e,60,1790780920763
f7ace4,29,1790780920763
a13a07,35,1790866420763
3efb74,37,1790780920763
333c55,48,1790780920763
63fdde,32,1790781820763
b46588,54,1790866420763
c26883,51,1790780920763
aa1ce9,60,1790780920763
9746c6,42,1790780920763
5443a3,34,1790780920763
1bf289,38,1790780920763
154ba5,27,1790781820763
4e2660,15,1790781820763
8cd4a0,26,1790781820763
9f1ce5,17,1790780920763
c344ad,30,1790781820763
a3afa8,45,1790781820763
4bdf74,23,1790781820763
b1db40,55,1790780920763
7bc849,23,1790866420763
ff81ff,36,1790781820763
16920e,36,1790866420763
a52054,21,1790866420763
a843be,46,1790866420763
c0bc4c,38,1790780920763
1fe562,23,1790780920763
4e87d6,20,1790780920763
39df83,36,1790780920763
c9188a,34,1790780920763
30d233,51,1790781820763
7e1758,37,1790781820763
09b63e,46,1790780920763
932e7a,43,1790780920763
d870c6,35,1790780920763
da5184,16,1790780920763
fba4f9,53,1790781820763
c17443,42,1790780920763
3e041c,21,1790780920763
a40660,37,1790781820763
f3e109,33,1790866420763
a35a7f,18,1790781820763
847eb2,18,1790866420763
bd3986,17,1790781820763
6b7699,20,1790866420763
0b63e1,49,1790781820763
34e130,24,1790781820763
2b6a0c,55,1790866420763
bd89b9,58,1790866420763
b15ddb,22,1790780920763
316aab,20,1790866420763
ea143a,49,1790780920763
bc78de,35,1790781820763
cbe5db,37,1790781820763
0b730c,28,1790866420763
9c8533,54,1790781820763
7de3bd,23,1790780920763
2f6de2,51,1790781820763
7ace17,18,1790866420763
f4f018,37,1790781820763
745ab4,32,1790866420763
2bfa5a,28,1790780920763
223126,48,1790780920763
37b34d,58,1790866420763
b84436,23,1790781820763
bf2eba,56,1790780920763
896a68,21,1790781820763
c92105,60,1790781820763
4f7af1,58,1790780920763
238f4f,29,1790866420763
c9d313,58,1790780920763
a3e6f9,46,1790781820763
ac056c,42,1790780920763
ab37e8,18,1790780920763
0a8236,21,1790780920763
05a7fc,29,1790866420763
0ffaa1,42,1790780920763
308027,59,1790781820763
c0e9f0,21,1790780920763
b67061,29,1790780920763
95fc04,55,1790781820763
d2325c,56,1790866420763
e9f792,45,1790866420763
bb3760,55,1790866420763
25b642,56,1790781820763
5f221c,28,1790781820763
0e8a89,28,1790866420763
0d0789,48,1790866420763
7d2bcf,42,1790781820763
1b9a85,23,1790866420763
48301f,24,1790781820763
54769c,28,1790866420763
dd5076,60,1790780920763
efd4da,57,1790780920763
40c1be,40,1790780920763
08a715,19,1790866420763
45b08b,55,1790781820763
0eaf50,25,1790781820763
43d4cf,25,1790780920763
4b0986,42,1790866420763
71a4cf,57,1790780920763
dcfc6b,18,1790780920763
dc9bee,33,1790866420763
07f9c8,31,1790866420763
d5f323,49,1790866420763
f4a742,59,1790780920763
a596cb,34,1790781820763
85cff6,35,1790781820763
a027d0,59,1790781820763
9a58e1,50,1790781820763
7714e8,50,1790780920763
89822f,52,1790780920763
152afb,54,1790866420763
2a6398,58,1790780920763
4afdb1,27,1790866420763
21a9fe,28,1790780920763
ab5d53,22,1790781820763
5e1415,25,1790780920763
feeea3,46,1790780920763
cf29cb,57,1790781820763
b7d3d0,51,1790781820763
9ee41e,46,1790781820763
17099d,30,1790780920763
e45e8f,57,1790780920763
4373df,27,1790866420763
71e64c,21,1790866420763
d05092,52,1790781820763
4db88d,55,1790781820763
0248ab,23,1790781820763
137ff1,40,1790780920763
fb2855,25,1790781820763
d4fb37,46,1790866420763
d9b03a,17,1790781820763
f8651a,37,1790781820763
032f42,40,1790781820763
216103,38,1790780920763
e79a27,16,1790780920763
bdfc25,31,1790866420763
d7118e,49,1790780920763
e39054,31,1790781820763
5a6d62,47,1790866420763
9b8942,53,1790866420763
3e4f2e,60,1790781820763
74e130,16,1790866420763
2457f5,25,1790866420763
e07d89,19,1790866420763
bd5bd2,51,1790866420763
da2a0d,43,1790866420763
2beff1,20,1790866420763
5653e3,46,1790780920763
23ec69,52,1790866420763
c051d0,15,1790781820763
0eb176,52,1790780920763
d9e1ed,26,1790781820763
e3907e,46,1790780920763
e2fe3c,19,1790780920763
d0bfdd,48,1790780920763
3f3aaa,47,1790780920763
30d7b6,42,1790780920763
00e7d6,37,1790780920763
b53d5f,39,1790780920763
84a607,34,1790866420763
ee3b79,15,1790780920763
190b42,40,1790781820763
9ef0f9,54,1790781820763
7762f8,58,1790780920763
0a0030,58,1790780920763
c70932,19,1790780920763
987381,19,1790780920763
9f384b,23,1790866420763
73f4c2,26,1790866420763
3e690c,41,1790780920763
10e871,41,1790781820763
13bb82,42,1790780920763
a4077c,21,1790866420763
2c2e1c,48,1790781820763
14c824,54,1790781820763
9ef5d2,37,1790781820763
f09644,18,1790781820763
49fef0,36,1790781820763
061ff2,33,1790866420763
7ec3a0,21,1790866420763
868374,45,1790780920763
7ef37d,19,1790781820763
1c58f1,59,1790781820763
0129e6,18,1790780920763
ef7ff2,35,1790780920763
79400e,32,1790781820763
971265,47,1790781820763
efeff9,19,1790781820763
e9222d,52,1790780920763
5fb0ec,43,1790780920763
cf4021,26,1790780920763
d27d2f,41,1790781820763
56c3aa,34,1790781820763
ef9aef,33,1790780920763
f4abd2,45,1790780920763
29d84f,52,1790780920763
477c3f,16,1790866420763
994eeb,32,1790866420763
dfd5aa,43,1790866420763
97d91f,45,1790780920763
1eb686,18,1790781820763
33dcba,38,1790781820763
10fb70,35,1790781820763
7f0cf9,59,1790780920763
05b47a,41,1790780920763
99b37a,58,1790780920763
e9ea8b,58,1790781820763
7ef335,23,1790780920763
4b2445,56,1790781820763
7dc480,31,1790866420763
1e0601,35,1790781820763
dfa75a,29,1790781820763
e61ebd,19,1790780920763
9d60a4,41,1790780920763
8b029d,56,1790781820763
c6405b,21,1790866420763
f4ea31,52,1790866420763
2fc817,52,1790866420763
36f450,33,1790866420763
c1ca87,33,1790780920763
4d8571,29,1790780920763
15aef7,45,1790866420763
b72df2,60,1790866420763
194a2f,43,1790781820763
4073f6,37,1790781820763
d696a6,34,1790866420763
c9b15b,22,1790781820763
d09767,36,1790780920763
f11e05,27,1790781820763
0f7ad2,30,1790780920763
7b5b1d,36,1790780920763
bf71c8,25,1790781820763
2e7edf,21,1790780920763
3ea333,50,1790866420763
ae11fb,20,1790780920763
0be7c2,44,1790780920763
edf161,36,1790781820763
5eaa99,19,1790780920763
af8a38,15,1790780920763
10e004,48,1790780920763
4e2d6b,52,1790780920763
6fef66,60,1790780920763
57fd1f,16,1790780920763
5d09b2,37,1790780920763
49d84d,32,1790780920763
674db5,48,1790781820763
7fe83c,43,1790866420763
808413,21,1790780920763
cb3717,35,1790780920763
507319,36,1790781820763
7267a6,32,1790781820763
a12677,57,1790780920763
918d56,29,1790781820763
ba60a5,58,1790781820763
920d18,35,1790781820763
69d737,19,1790780920763
0442f5,27,1790866420763
ca31dd,32,1790866420763
28efad,42,1790866420763
eb147f,42,1790780920763
ca061d,43,1790866420763
d07bf5,30,1790781820763
bce20a,52,1790866420763
e9e6cd,31,1790780920763
1ea8b4,37,1790781820763
dd9610,59,1790780920763
78ab1e,41,1790780920763
3ecb41,21,1790780920763
ebeb85,46,1790781820763
611666,36,1790780920763
a12b0a,56,1790780920763
043792,21,1790866420763
66de0c,58,1790781820763
6586af,57,1790866420763
50a00c,24,1790781820763
d78840,47,1790781820763
48925a,21,1790781820763
9b8e23,51,1790866420763
1948f4,28,1790866420763
43a9c6,44,1790866420763
95bfa8,32,1790866420763
837224,42,1790866420763
56a7be,32,1790780920763
d10fcc,51,1790781820763
1a348a,43,1790781820763
708476,41,1790781820763
30ce82,34,1790781820763
a15dba,28,1790781820763
16c26f,60,1790866420763
899503,50,1790866420763
915701,30,1790781820763
9c97fe,53,1790780920763
aa3861,48,1790781820763
a0f832,46,1790780920763
205d46,41,1790780920763
c15efa,56,1790780920763
82d534,53,1790780920763
1ac466,27,1790781820763
858e6f,34,1790780920763
077c70,54,1790780920763
fe647f,45,1790781820763
34dba0,55,1790781820763
bd4391,33,1790866420763
7b19b8,53,1790780920763
a534c1,44,1790781820763
97f8bb,51,1790780920763
c50d94,46,1790781820763
0e6b1b,30,1790866420763
f99838,20,1790780920763
1cb45c,24,1790781820763
0f9d01,39,1790781820763
18ee3d,45,1790781820763
dc5d8d,29,1790781820763
95b561,19,1790780920763
598ab5,59,1790781820763
a9a79c,60,1790781820763
edc26a,34,1790780920763
fd09bc,24,1790781820763
682764,39,1790780920763
5fe90d,44,1790780920763
ac4a6a,18,1790781820763
0dc277,54,1790781820763
acf1ec,39,1790780920763
535941,56,1790781820763
78158f,37,1790780920763
c87549,40,1790780920763
19a0c3,15,1790780920763
bb741a,56,1790781820763
80fa36,36,1790866420763
e3eeb2,34,1790780920763
e8cae1,41,1790781820763
d07faa,24,1790866420763
ac71cc,58,1790780920763
f1e017,35,1790781820763
c0522f,57,1790781820763
839d22,33,1790781820763
586811,54,1790866420763
ea4b43,23,1790780920763
aed7c3,23,1790781820763
0e73f0,36,1790781820763
1b6eae,28,1790780920763
7901f7,45,1790780920763
4ad87a,17,1790781820763
9b532d,18,1790781820763
a5ab9f,35,1790780920763
ff57e9,37,1790866420763
106d83,25,1790781820763
9e2fbf,17,1790781820763
d306a4,21,1790866420763
1790cf,26,1790781820763
4aa6ce,52,1790866420763
85d182,58,1790780920763
a12d64,40,1790780920763
1a73f2,47,1790780920763
3db48a,31,1790780920763
d42e73,35,1790780920763
1c8abf,33,1790866420763
451b3c,55,1790781820763
0980c1,60,1790781820763
6a900d,56,1790780920763
963bc7,32,1790781820763
b2022b,26,1790866420763
7ac76f,18,1790780920763
eaa9ee,53,1790780920763
ed7233,20,1790781820763
723ea1,32,1790780920763
ef91c0,38,1790780920763
2b81a4,58,1790780920763
a401ab,31,1790780920763
d42f58,35,1790780920763
1092bf,54,1790866420763
9fe2a8,31,1790866420763
e33f2b,47,1790780920763
bda558,47,1790781820763
d0655a,55,1790866420763
042d65,35,1790780920763
b42866,33,1790780920763
85da61,41,1790780920763
5ad557,56,1790780920763
ecf9ba,44,1790780920763
41ea9c,29,1790866420763
21e5ec,54,1790780920763
c7639f,16,1790780920763
d520a6,15,1790781820763
61c991,21,1790780920763
852dae,46,1790866420763
59cd06,42,1790781820763
c11a09,46,1790781820763
443d95,40,1790781820763
0ddd71,45,1790780920763
579336,44,1790780920763
39b0cb,42,1790866420763
e5ed33,24,1790866420763
e46431,55,1790780920763
3bc048,45,1790780920763
9a05d9,33,1790781820763
d15467,21,1790781820763
20070c,49,1790866420763
d1b4b1,33,1790780920763
63aff7,56,1790781820763
4170f3,22,1790781820763
78ff93,55,1790866420763
76f56c,52,1790866420763
373dd0,55,1790866420763
88397b,28,1790781820763
e07e03,59,1790866420763
61cc9f,26,1790781820763
77c7a5,41,1790866420763
e0aff0,51,1790781820763
dc25ea,33,1790866420763
1d55e0,41,1790866420763
1e0d07,45,1790781820763
99866f,33,1790781820763
df40f3,23,1790866420763
a66a37,20,1790781820763
01db9d,54,1790781820763
df85e5,35,1790780920763
a0ec5b,29,1790866420763
fdb907,44,1790780920763
0ff1e8,33,1790780920763
08bd36,33,1790780920763
30db68,49,1790866420763
cfa9d4,36,1790866420763
d4859f,42,1790781820763
ffdd21,59,1790866420763
6b2d18,58,1790780920763
84d708,50,1790780920763
256185,34,1790866420763
a3f57a,26,1790780920763
0ddfa9,45,1790866420763
b58284,46,1790780920763
89b10a,36,1790780920763
0952b2,34,1790780920763
ba8ef5,48,1790780920763
fd2226,60,1790866420763
181d17,30,1790781820763
d254a6,53,1790866420763
1e90d8,49,1790780920763
6c145c,46,1790780920763
9ea2aa,46,1790866420763
8dc060,38,1790780920763
6a1f4a,24,1790781820763
a0ca24,50,1790781820763
cc10dd,57,1790781820763
4b1cc9,32,1790781820763
ec4181,18,1790780920763
0709f8,45,1790866420763
fceb64,41,1790780920763
f4a24b,19,1790866420763
e0906e,34,1790866420763
d4dc60,34,1790866420763
c4b012,37,1790781820763
2c3d29,49,1790866420763
c33dbf,53,1790781820763
3ebbc8,34,1790781820763
ffa4c1,16,1790866420763
28c889,49,1790866420763
302729,53,1790780920763
0a7823,51,1790781820763
abe578,23,1790781820763
bd1ade,58,1790781820763
451752,51,1790780920763
edcb83,34,1790781820763
dc23d8,26,1790781820763
34b2ef,51,1790866420763
a9efea,59,1790781820763
cdcee3,24,1790780920763
64e3cf,18,1790780920763
5b3c7c,37,1790781820763
bf1ad6,55,1790866420763
397537,24,1790866420763
3851d2,17,1790781820763
f37ec1,49,1790781820763
17b86d,47,1790866420763
fef95d,20,1790780920763
646569,17,1790781820763
9c198f,40,1790866420763
48df7a,15,1790866420763
2c9497,28,1790780920763
93a529,33,1790866420763
895254,45,1790781820763
f9717b,28,1790866420763
955913,45,1790780920763
fe1d89,44,1790780920763
8d7fc0,52,1790781820763
bda47f,37,1790781820763
679616,30,1790781820763
355867,24,1790780920763
cf6853,39,1790866420763
090ec9,58,1790780920763
16214b,47,1790781820763
b45081,20,1790866420763
81c10a,31,1790781820763
c06bf8,34,1790781820763
22eaf6,22,1790866420763
c4d692,22,1790780920763
683b2f,40,1790780920763
0a0d20,26,1790781820763
0b7735,40,1790780920763
282695,32,1790780920763
e318de,24,1790866420763
989fd3,20,1790781820763
238202,34,1790866420763
697ee0,34,1790781820763
b125ac,60,1790781820763
eb0ad2,22,1790781820763
faf8e9,21,1790866420763
702da7,33,1790780920763
bdc44f,45,1790866420763
325db4,48,1790780920763
0754cb,35,1790781820763
5c2644,34,1790780920763
6747a8,47,1790780920763
391807,46,1790780920763
9f7877,26,1790866420763
e671b5,26,1790781820763
b0eb5d,15,1790781820763
c209dd,39,1790780920763
11bc89,56,1790781820763
bd3ece,51,1790781820763
ffed62,48,1790781820763
ce9b51,42,1790780920763
f742c5,37,1790866420763
6fd3db,38,1790781820763
ee690d,54,1790780920763
7c48f4,15,1790781820763
ed7dc0,37,1790780920763
6115c3,32,1790781820763
aa08d7,29,1790781820763
60e394,16,1790781820763
f9db69,29,1790780920763
8722a7,41,1790781820763
c1e5ba,60,1790780920763
012830,59,1790780920763
0c5b4e,45,1790781820763
722e17,37,1790781820763
93c370,29,1790866420763
182869,52,1790781820763
906674,51,1790866420763
7d6004,19,1790781820763
84005b,15,1790781820763
e67576,19,1790781820763
0ca1b8,35,1790781820763
aa2bd6,31,1790780920763
031037,51,1790866420763
2041b9,60,1790780920763
143571,56,1790781820763
1ac4f3,60,1790781820763
fb5fb2,56,1790780920763
e45874,20,1790781820763
3af979,42,1790781820763
06cb78,54,1790866420763
1798d1,35,1790780920763
899223,47,1790780920763
36d7dc,28,1790866420763
2aede6,35,1790780920763
353a2c,53,1790780920763
9c6df8,27,1790866420763
ca0536,20,1790866420763
8bcf78,59,1790781820763
d6adf3,28,1790781820763
8bf22e,46,1790781820763
5edb8a,51,1790781820763
fe83d5,56,1790780920763
6eaa6c,20,1790866420763
74550f,15,1790780920763
3c71d6,43,1790866420763
54ddc5,58,1790780920763
84cd6c,15,1790780920763
6f6540,60,1790781820763
f4c515,53,1790781820763
e0607d,22,1790781820763
832d74,38,1790780920763
c82107,17,1790866420763
330e51,31,1790780920763
9f615d,20,1790866420763
32f418,50,1790866420763
af9b1e,36,1790866420763
c6bf34,56,1790866420763
d7a56c,47,1790780920763
3e773c,35,1790780920763
dd19b0,59,1790781820763
aa1cba,44,1790780920763
728120,16,1790780920763
a002bf,60,1790781820763
0da94d,60,1790781820763
95be71,20,1790866420763
373425,56,1790780920763
296724,32,1790866420763
cec562,32,1790780920763
bb9d81,27,1790781820763
a7a733,27,1790866420763
ace86c,53,1790780920763
e3d451,38,1790780920763
f169fc,37,1790780920763
3d687d,36,1790866420763
ebd68c,21,1790780920763
708623,48,1790780920763
f701f3,44,1790781820763
47608f,60,1790780920763
f9ce33,15,1790780920763
8c24d3,31,1790781820763
ae8b18,58,1790780920763
a73409,18,1790780920763
60f816,23,1790866420763
73e777,31,1790866420763
565fb3,24,1790781820763
c39466,15,1790781820763
5f82b1,59,1790780920763
ff9337,33,1790781820763
81550a,31,1790781820763
258f10,60,1790780920763
6141c6,57,1790866420763
6c026b,55,1790780920763
0350ca,29,1790781820763
7ff282,43,1790866420763
15344a,60,1790780920763
fb29cf,38,1790781820763
45cec8,40,1790781820763
8ebd26,21,1790780920763
606ed7,37,1790866420763
a57bbe,55,1790780920763
8f07ca,53,1790780920763
338065,25,1790866420763
9dad9f,22,1790781820763
f7fa4d,28,1790866420763
bb5dc0,31,1790866420763
4f2ae6,15,1790780920763
9de6e1,54,1790866420763
74f0a7,47,1790781820763
d1ed38,56,1790781820763
2fba80,59,1790866420763
78dd91,24,1790866420763
1223bd,47,1790866420763
04456d,38,1790781820763
9ba475,52,1790780920763
9806a8,56,1790780920763
e0c886,17,1790780920763
eac394,58,1790780920763
5874ce,27,1790780920763
f9f4b6,35,1790781820763
07f996,19,1790866420763
70279a,39,1790780920763
41c455,23,1790781820763
542eaf,59,1790781820763
87a3bc,47,1790781820763
96ed0c,16,1790780920763
628424,29,1790781820763
592fa9,55,1790781820763
7f7d49,30,1790780920763
b00a09,34,1790781820763
55042c,49,1790780920763
3959ab,50,1790866420763
d1f779,60,1790781820763
f4b8ac,53,1790866420763
052d20,49,1790780920763
ad205d,25,1790866420763
8fb1a1,24,1790781820763
8e27ea,21,1790866420763
1a57df,25,1790781820763
dae958,47,1790866420763
0c71b1,43,1790781820763
c1e3f8,31,1790866420763
e0a36d,51,1790781820763
a39b5f,26,1790866420763
b9a48c,54,1790781820763
0315e9,35,1790781820763
d771f3,15,1790781820763
979b64,46,1790781820763
106d65,27,1790866420763
1a88e7,15,1790780920763
fb792b,27,1790781820763
b79920,31,1790781820763
e5b9ef,20,1790781820763
45e6d2,16,1790866420763
60f8cf,47,1790780920763
7fca86,29,1790780920763
5f1e7e,57,1790780920763
4f0cb2,59,1790781820763
9fa99f,48,1790780920763
dc8015,38,1790781820763
6a36c9,44,1790781820763
03d9e9,43,1790866420763
401484,53,1790780920763
e0643c,26,1790866420763
8ad98d,52,1790866420763
95d4e3,36,1790780920763
abd8be,17,1790866420763
aed3ca,33,1790781820763
db415c,43,1790866420763
a0f8d4,46,1790866420763
c4c65e,49,1790780920763
0e2e8f,22,1790866420763
c4f42c,31,1790781820763
1af9d9,39,1790781820763
606f88,28,1790780920763
40313c,20,1790866420763
d235e1,33,1790866420763
ae3bb7,52,1790866420763
50c4cb,16,1790781820763
6a0a1f,57,1790780920763
9ba792,55,1790780920763
ef2540,34,1790780920763
dcdf66,48,1790866420763
6f2973,43,1790866420763
8cdbc7,27,1790780920763
103776,30,1790780920763
445fdb,19,1790866420763
191c1b,26,1790780920763
971382,21,1790866420763
2ace44,16,1790781820763
31c25b,47,1790780920763
639237,46,1790781820763
c2e768,19,1790866420763
fc4d26,47,1790866420763
416ec7,34,1790866420763
8e29c4,45,1790781820763
e3176a,36,1790781820763
66c273,57,1790866420763
aadce7,19,1790780920763
274c19,50,1790866420763
4c684d,26,1790780920763
a32cd5,39,1790780920763
2f16d7,20,1790866420763
059142,59,1790780920763
907df5,41,1790866420763
269081,45,1790780920763
d05e01,33,1790866420763
8b525c,44,1790780920763
093b2e,17,1790780920763
ca3e3b,40,1790781820763
d34f71,45,1790780920763
9e4c88,36,1790781820763
708361,59,1790780920763
b54e18,54,1790866420763
73c679,48,1790866420763
dbcfa8,60,1790781820763
dd7241,30,1790866420763
384dd0,35,1790781820763
5bda49,51,1790781820763
7045a1,57,1790780920763
863a6e,32,1790780920763
bf8180,59,1790780920763
a0a663,31,1790780920763
f2725a,48,1790866420763
49a348,20,1790866420763
f1f3a1,56,1790781820763
deebae,23,1790780920763
3b8278,34,1790781820763
feb250,24,1790780920763
1d225e,31,1790866420763
fbd501,30,1790866420763
c10cda,43,1790780920763
6fd80f,54,1790781820763
0ecb6a,45,1790781820763
c555f3,34,1790780920763
06da40,31,1790780920763
7c045d,16,1790866420763
245879,54,1790781820763
f2b99f,59,1790866420763
cd53f7,57,1790780920763
9962f9,21,1790866420763
ebc3e4,54,1790866420763
8b1b61,37,1790781820763
b0d5d7,20,1790866420763
0233f5,48,1790780920763
4190d6,44,1790781820763
6f61e9,25,1790781820763
a30b12,57,1790781820763
37f215,60,1790866420763
57b5ef,20,1790866420763
432b48,30,1790780920763
1b4e85,43,1790780920763
f470b6,20,1790780920763
fd6775,43,1790866420763
73c1a7,15,1790781820763
ecbfbe,27,1790780920763
0ab13b,52,1790866420763
31dd17,25,1790866420763
20facc,28,1790780920763
52c1b1,29,1790780920763
2b5ec8,32,1790780920763
507308,38,1790780920763
ce1338,37,1790866420763
1311e9,45,1790781820763
239dd9,24,1790781820763
3eca7a,28,1790866420763
8c9080,28,1790780920763
1ef61d,22,1790781820763
74e219,58,1790866420763
5d5226,29,1790781820763
33dced,44,1790780920763
56c9ae,56,1790781820763
7bfb18,29,1790781820763
5405b6,17,1790866420763
5c3e4a,42,1790780920763
0b825f,46,1790780920763
66d82b,23,1790781820763
fe8c91,18,1790780920763
73f742,48,1790781820763
9c776f,60,1790866420763
5f1583,47,1790780920763
9aa47e,18,1790866420763
479333,21,1790866420763
91b903,33,1790866420763
b904d9,17,1790780920763
62b7a7,47,1790866420763
0f062f,33,1790780920763
37be04,21,1790866420763
7821c7,26,1790781820763
40935b,24,1790866420763
540731,29,1790781820763
7c3777,41,1790866420763
05ab59,20,1790781820763
84f19d,46,1790780920763
d6c2b2,22,1790781820763
1d2eb2,55,1790781820763
bfbbd8,53,1790866420763
8f06a0,60,1790866420763
b90eaa,48,1790866420763
72ba0d,53,1790866420763
d69bb6,36,1790781820763
1c6443,56,1790866420763
94668f,37,1790866420763
fbcf54,38,1790780920763
be13b7,42,1790781820763
19576d,20,1790781820763
cfd946,23,1790780920763
1a3bd0,48,1790781820763
848f2b,50,1790781820763
e1278d,48,1790866420763
0afbf5,34,1790781820763
01d6ce,42,1790781820763
f20555,29,1790780920763
c5fa84,48,1790781820763
a9ee9c,51,1790866420763
c6b96a,22,1790866420763
4520ff,40,1790780920763
ede857,28,1790780920763
5e1874,48,1790780920763
ce0455,47,1790781820763
baafc5,22,1790780920763
1df191,39,1790866420763
4e193b,43,1790780920763
afbaef,29,1790780920763
9e2eb7,57,1790780920763
ea19c2,53,1790780920763
8acf6a,15,1790781820763
236648,46,1790866420763
3ccb87,24,1790781820763
c4f1bc,52,1790781820763
ec79d9,15,1790781820763
c61869,57,1790866420763
1e8bdf,45,1790866420763
bd6d34,42,1790866420763
935f8f,53,1790866420763
96754b,23,1790780920763
777b69,29,1790780920763
6baa34,52,1790866420763
ff3dd2,20,1790781820763
52c380,56,1790781820763
63798b,26,1790781820763
88f67c,49,1790780920763
c8d4e4,53,1790780920763
708501,39,1790866420763
1f5eed,18,1790866420763
76c725,54,1790780920763
6079bc,53,1790780920763
951be3,55,1790780920763
bdcbc5,48,1790780920763
4e1798,50,1790866420763
c7e2cf,20,1790781820763
981585,47,1790780920763
86f349,29,1790781820763
e1fd6f,23,1790780920763
2d86b1,16,1790780920763
8a570f,23,1790781820763
09083a,38,1790780920763
4ea30a,31,1790780920763
19c601,31,1790866420763
7ba0ee,32,1790780920763
6e44b5,20,1790780920763
85bef4,58,1790780920763
e87f40,37,1790780920763
8eed6d,60,1790781820763
ba4885,29,1790866420763
d84f62,31,1790866420763
b6c910,35,1790780920763
5d4bee,18,1790780920763
946c7c,51,1790781820763
f96b1c,37,1790780920763
361007,22,1790781820763
470be5,56,1790781820763
bc864c,58,1790866420763
c3345c,24,1790781820763
d1047f,30,1790780920763
5ba034,53,1790866420763
d27ff8,28,1790780920763
d887c8,38,1790866420763
396e48,35,1790866420763
0a7c35,20,1790780920763
36c48b,24,1790781820763
58dd5e,21,1790780920763
868d12,53,1790781820763
b63ef6,39,1790781820763
2efb3e,46,1790781820763
2164fd,52,1790781820763
f1d039,49,1790780920763
ff0e2e,26,1790781820763
d3143e,22,1790866420763
9aebb6,60,1790866420763
aa46c1,30,1790781820763
7e5180,53,1790780920763
e2a966,24,1790781820763
3c0b68,29,1790866420763
e458c8,18,1790866420763
099830,18,1790866420763
8e1822,29,1790780920763
5681e7,36,1790781820763
a67cdf,42,1790781820763
11ba0a,59,1790866420763
ce3769,22,1790866420763
419a89,52,1790781820763
b1319c,49,1790866420763
71cff3,52,1790781820763
43a27e,49,1790781820763
868e6c,27,1790866420763
fe1673,17,1790866420763
14c115,59,1790781820763
958264,27,1790781820763
722690,49,1790866420763
24f38b,43,1790780920763
b3bdd7,50,1790780920763
e0adaa,29,1790780920763
8f04b4,46,1790780920763
2e0e8d,29,1790866420763
4f479a,58,1790780920763
544399,59,1790780920763
969b3c,34,1790781820763
6a1db3,31,1790781820763
4445c7,59,1790866420763
597043,55,1790780920763
8fb122,49,1790781820763
5d2b15,29,1790780920763
ccb139,33,1790866420763
e85126,55,1790780920763
204c03,38,1790866420763
b4be54,59,1790866420763
6381a1,43,1790780920763
e4bf95,55,1790781820763
e143e8,20,1790781820763
d16012,29,1790780920763
700eef,50,1790781820763
c59f00,24,1790866420763
ceec93,43,1790866420763
939ba8,39,1790781820763
189f96,27,1790781820763
47c05b,59,1790781820763
bee5fe,55,1790866420763
34ff28,42,1790780920763
30a365,32,1790866420763
df23e9,42,1790866420763
1f2041,43,1790866420763
06699c,53,1790781820763
4e3924,22,1790781820763
b2451f,52,1790780920763
56145a,30,1790780920763
647bd9,36,1790780920763
d6a80f,52,1790866420763
77d732,32,1790866420763
bb2267,40,1790781820763
c79f00,16,1790780920763
59db6a,41,1790866420763
0e972f,23,1790866420763
3b5b07,57,1790781820763
093627,33,1790780920763
ae4b02,27,1790780920763
9772d8,37,1790780920763
d3422d,16,1790866420763
0ceb0d,30,1790780920763
bb3cc0,55,1790780920763
8e849c,21,1790780920763
56a0a7,46,1790781820763
fcd1f8,47,1790866420763
c754be,48,1790780920763
0e6926,24,1790866420763
1a077f,38,1790781820763
de51c3,35,1790781820763
3320d6,28,1790780920763
7ebbae,56,1790780920763
519ad9,20,1790866420763
4dff66,26,1790866420763
057d00,56,1790866420763
2c8b80,25,1790780920763
a9a3b1,53,1790780920763
eeaf52,58,1790781820763
1db733,59,1790780920763
c869a4,27,1790866420763
646907,55,1790781820763
d2de09,52,1790866420763
201352,29,1790781820763
af6da2,28,1790780920763
8072a0,20,1790866420763
571bf1,53,1790781820763
0bea77,27,1790866420763
41bd06,48,1790866420763
3384a1,20,1790866420763
d5a48a,19,1790866420763
3c5ec9,15,1790780920763
a4fac6,48,1790780920763
023545,32,1790781820763
bccc1c,27,1790781820763
8422ad,18,1790866420763
ff6319,39,1790781820763
da0a5a,44,1790866420763
2498f5,31,1790781820763
fdcc07,36,1790780920763
238d8e,18,1790780920763
9dc4e7,17,1790780920763
521efc,36,1790781820763
4d5a13,53,1790781820763
0c3194,22,1790781820763
be3ec1,26,1790780920763
46c423,50,1790866420763
9e0440,33,1790866420763
77dcb6,55,1790780920763
96e876,53,1790781820763
aad5ef,53,1790866420763
2e0444,21,1790866420763
581ca4,55,1790866420763
e1b8f3,26,1790866420763
a9827d,22,1790780920763
5def98,30,1790781820763
b3bbe8,37,1790780920763
44be99,21,1790866420763
82907a,15,1790866420763
aac723,25,1790781820763
04f8bf,50,1790781820763
02181e,28,1790781820763
4eda21,51,1790866420763
a29257,52,1790866420763
b84721,35,1790781820763
33ee14,39,1790780920763
ccf18c,53,1790781820763
81f07b,52,1790780920763
4342d3,32,1790780920763
4cb781,29,1790780920763
acedbe,21,1790866420763
5929bf,24,1790781820763
a40b0a,44,1790780920763
337aa5,55,1790781820763
ee4b5c,19,1790781820763
7c9316,51,1790781820763
de0957,36,1790866420763
ff89b6,27,1790866420763
5f5b58,36,1790866420763
91b4fb,33,1790781820763
cb6271,36,1790781820763
dee117,17,1790780920763
526c18,16,1790866420763
7816df,53,1790866420763
bdd6ab,49,1790781820763
fbc058,35,1790780920763
cdacf1,58,1790780920763
7e28c8,25,1790866420763
b5ba0d,30,1790866420763
c9f2ab,37,1790780920763
bc68c9,37,1790866420763
509c8f,50,1790866420763
6cc940,52,1790780920763
6c2d1c,21,1790866420763
0de090,60,1790780920763
fe8214,34,1790781820763
cfc1b9,56,1790781820763
e79b99,60,1790781820763
8efbe3,47,1790866420763
796496,34,1790780920763
f45073,23,1790781820763
0cd67f,17,1790781820763
3b5f99,53,1790780920763
ff63e0,35,1790780920763
998e7b,59,1790781820763
6aff60,45,1790781820763
8e27e8,30,1790866420763
f43192,48,1790866420763
b0eca4,45,1790780920763
e9264f,45,1790781820763
d32b50,58,1790781820763
772928,48,1790780920763
e14a38,18,1790866420763
0a4a18,34,1790781820763
5d8d3a,26,1790781820763
3001af,25,1790780920763
fa3422,54,1790781820763
9c4ee5,19,1790780920763
d509b6,43,1790866420763
20e690,19,1790866420763
54816e,20,1790866420763
c7f013,27,1790781820763
550f6a,38,1790780920763
f170d1,36,1790781820763
800319,32,1790781820763
e1ff0f,15,1790866420763
04f535,50,1790780920763
75aa5d,29,1790780920763
1be5d8,31,1790781820763
abb116,30,1790781820763
5eaf00,40,1790780920763
1b62f7,46,1790866420763
fc6f54,58,1790781820763
d06df9,16,1790866420763
1ce11a,59,1790780920763
c7ca5c,30,1790780920763
4bcf54,39,1790780920763
4cf861,16,1790780920763
0224aa,41,1790781820763
ac357e,52,1790866420763
f69ff7,49,1790866420763
733c9d,34,1790866420763
d7fe53,51,1790781820763
4211c2,26,1790781820763
d0f4e6,17,1790781820763
32218a,41,1790866420763
cc1906,19,1790781820763
74bec7,15,1790781820763
73216e,37,1790781820763
394075,22,1790781820763
e53e86,22,1790781820763
9564e5,25,1790866420763
48ead5,35,1790866420763
e89d49,43,1790866420763
e25aad,47,1790781820763
2f0ce3,59,1790780920763
8631ea,45,1790866420763
561398,26,1790780920763
ba9c3b,27,1790866420763
32650f,51,1790781820763
6acbbc,42,1790781820763
e16198,32,1790780920763
71bf26,52,1790781820763
54c70a,17,1790780920763
64ed4e,48,1790780920763
208bdf,41,1790781820763
635035,20,1790781820763
d9c9ca,36,1790781820763
4d2cd2,21,1790781820763
d07e43,52,1790781820763
4c920e,29,1790780920763
aa4b25,55,1790780920763
56cf14,33,1790780920763
1644f2,59,1790781820763
0024e4,57,1790780920763
8c0c14,48,1790780920763
659c93,16,1790866420763
e17090,34,1790781820763
404ef8,35,1790866420763
2e4d9e,15,1790866420763
d07be7,44,1790781820763
8f35ea,43,1790780920763
961ef3,20,1790781820763
03b729,23,1790781820763
ace868,16,1790780920763
e8d7b5,54,1790866420763
e7e72d,50,1790780920763
1a5ab4,38,1790780920763
0a3b6b,60,1790866420763
94485d,51,1790780920763
1c9a99,55,1790780920763
ee740a,31,1790780920763
2f471c,48,1790780920763
392dc9,22,1790781820763
3c9dcf,57,1790866420763
172ae5,41,1790781820763
23861d,30,1790780920763
1eb0d6,18,1790781820763
45c5ae,34,1790781820763
d7c7ea,27,1790781820763
fa1b2c,30,1790780920763
eade42,30,1790781820763
d86f97,22,1790780920763
39529a,46,1790780920763
c89115,47,1790781820763
bb455e,24,1790780920763
9fd9a1,53,1790866420763
b2d5f9,27,1790780920763
d086da,28,1790866420763
d6c188,58,1790780920763
3c9af6,42,1790780920763
15464f,27,1790866420763
ad7ab7,38,1790866420763
400777,49,1790780920763
cca5b8,45,1790781820763
e2b08d,49,1790781820763
4b2635,57,1790781820763
d28a22,37,1790866420763
60daae,26,1790781820763
49b01c,58,1790780920763
b25767,48,1790866420763
33d574,57,1790866420763
8da605,45,1790781820763
a0dba9,31,1790781820763
9cb016,28,1790866420763
67d1a0,33,1790866420763
e656b4,33,1790866420763
073378,28,1790780920763
8c046c,50,1790781820763
bd0cdf,47,1790780920763
2eeb9d,32,1790866420763
69b8ba,32,1790866420763
701498,50,1790866420763
32736c,60,1790866420763
1490e9,46,1790781820763
f92608,55,1790780920763
96e0f0,60,1790781820763
4e0d80,25,1790781820763
1c8428,27,1790866420763
36546a,35,1790866420763
d17e67,49,1790866420763
ff8ac6,18,1790866420763
3ec2e7,39,1790781820763
ce0ff8,40,1790866420763
0711e5,22,1790780920763
9bdc8d,15,1790780920763
425af2,56,1790781820763
7877cd,55,1790780920763
5ea33e,56,1790866420763
21e4bf,52,1790781820763
4a7e80,18,1790780920763
be9303,37,1790780920763
5dd822,52,1790781820763
22658b,43,1790866420763
0b942e,30,1790866420763
964b88,32,1790780920763
1fc4ee,57,1790866420763
7b0c77,29,1790781820763
36b76e,47,1790866420763
c5d3ca,55,1790866420763
b49f8e,27,1790866420763
a9bfdb,35,1790866420763
ff17da,20,1790781820763
8a8141,27,1790780920763
c7e3ce,15,1790866420763
2a48b1,39,1790866420763
82a2eb,18,1790780920763
e72599,27,1790781820763
17c3e3,51,1790866420763
f2b360,32,1790780920763
36f65a,46,1790780920763
01516a,29,1790781820763
6c22a2,49,1790866420763
f0a8de,55,1790866420763
043f05,24,1790866420763
60904b,28,1790866420763
1ee4c0,45,1790781820763
1a96c6,21,1790781820763
2e7e2c,32,1790781820763
d5c1e1,25,1790780920763
ee574b,51,1790866420763
e3fbc1,24,1790781820763
5db680,46,1790780920763
0c6a86,27,1790780920763
eaef9c,30,1790781820763
845d37,21,1790780920763
f25946,20,1790866420763
3a7489,25,1790780920763
21f7d5,17,1790780920763
2c7846,23,1790780920763
d6058e,32,1790866420763
1092b0,17,1790866420763
14c52b,36,1790866420763
9df85c,19,1790866420763
8e9a7b,34,1790866420763
9ef41f,39,1790781820763
732b50,22,1790780920763
1d2950,18,1790866420763
3f6a4c,46,1790780920763
664bfb,56,1790866420763
d8e282,52,1790780920763
ded7a1,27,1790780920763
04a2c8,15,1790780920763
3572e1,42,1790781820763
47e79b,33,1790780920763
528bb9,39,1790781820763
cbec10,43,1790780920763
8292c1,38,1790866420763
0d3c1e,44,1790781820763
6d1b52,22,1790866420763
b27ad9,27,1790866420763
59f229,19,1790866420763
4f7e02,37,1790781820763
a508be,21,1790866420763
99b78f,18,1790866420763
12661d,26,1790780920763
9c1079,35,1790780920763
eb8600,56,1790781820763
4e15ab,15,1790781820763
1f8e3a,40,1790866420763
bf7113,52,1790781820763
6b8f75,34,1790780920763
cda158,22,1790780920763
89737e,27,1790780920763
74a2ee,43,1790780920763
80b2e5,33,1790781820763
6796ca,22,1790781820763
ca8803,22,1790781820763
47d88e,55,1790780920763
906381,38,1790781820763
c745c1,20,1790866420763
098c34,42,1790780920763
95cfa7,24,1790866420763
94975f,49,1790780920763
cd26cb,42,1790780920763
ef746f,21,1790781820763
892967,25,1790780920763
c24fc5,37,1790781820763
a77d6a,47,1790781820763
9ee1fe,54,1790781820763
7c04f7,36,1790781820763
c91edf,51,1790781820763
2c7d5e,22,1790866420763
dfa390,59,1790781820763
9a98f7,35,1790781820763
585df7,23,1790866420763
820d41,48,1790781820763
761d1c,24,1790781820763
79d717,50,1790781820763
e5481c,23,1790781820763
01d0e5,50,1790866420763
fcfa44,57,1790781820763
a3da0b,21,1790780920763
1b9318,17,1790780920763
eddf9b,16,1790866420763
d9b286,40,1790866420763
e6a3a7,29,1790781820763
0bd2f5,56,1790780920763
d6f843,52,1790780920763
de4d9a,24,1790866420763
ec746a,38,1790866420763
88f4fa,60,1790780920763
665ffc,23,1790780920763
c76325,51,1790780920763
85b68c,24,1790866420763
476970,18,1790781820763
bd61f8,37,1790866420763
d726e4,15,1790780920763
4a9370,18,1790780920763
75a0d6,32,1790781820763
977b57,40,1790866420763
61dc35,56,1790866420763
22c875,53,1790866420763
859974,29,1790780920763
7cb678,34,1790781820763
8dd9f3,15,1790866420763
48ab97,21,1790781820763
d136d1,30,1790866420763
03bbde,26,1790781820763
16bb23,18,1790866420763
9d2221,41,1790866420763
8a6e31,55,1790781820763
b1bbf6,26,1790866420763
5db2e1,43,1790780920763
f333b7,54,1790781820763
55e9fd,42,1790866420763
5a7b2c,43,1790781820763
f32333,17,1790866420763
42fb44,38,1790781820763
a74f11,17,1790866420763
17727d,58,1790781820763
e0b648,17,1790866420763
faf720,49,1790781820763
a4c5e1,32,1790866420763
31701d,23,1790780920763
277180,37,1790780920763
04de79,40,1790781820763
98ea6b,29,1790780920763
f3284c,22,1790866420763
7e3a65,51,1790780920763
07fa29,34,1790780920763
d0db97,29,1790780920763
d68b30,56,1790780920763
946b7e,45,1790781820763
79ad99,57,1790780920763
345de0,49,1790780920763
46a7a0,47,1790781820763
2c58d3,46,1790781820763
693318,37,1790866420763
ece99f,18,1790866420763
a4321f,51,1790780920763
c073f6,49,1790781820763
96e30c,25,1790780920763
1d7438,28,1790780920763
ef9d9b,31,1790781820763
da53f4,54,1790780920763
c161d9,18,1790866420763
9fdd3e,26,1790866420763
252f9d,41,1790780920763
227a39,45,1790866420763
75ad28,27,1790781820763
941339,51,1790781820763
ae198b,24,1790781820763
aa657f,24,1790780920763
c7973c,16,1790780920763
3fad1a,32,1790780920763
87a6cb,48,1790781820763
6c68db,60,1790866420763
b65b8d,60,1790866420763
39670c,19,1790781820763
e0d2fc,35,1790866420763
c5d103,15,1790780920763
3b959d,50,1790780920763
b4f9c4,16,1790780920763
6f25eb,29,1790781820763
72d796,41,1790866420763
7c4d6a,48,1790866420763
2f90d3,32,1790781820763
a109e1,43,1790866420763
b9d710,38,1790780920763
749b44,31,1790780920763
e55545,44,1790780920763
fd7a36,33,1790780920763
3cc26d,30,1790781820763
88df03,51,1790866420763
d0d874,27,1790780920763
5981b2,15,1790781820763
d1d242,50,1790866420763
5c78fc,57,1790866420763
95418e,44,1790780920763
d4e6de,51,1790780920763
ca235f,57,1790866420763
220c24,51,1790780920763
90df59,17,1790866420763
0fa14d,24,1790780920763
df84b0,27,1790780920763
97a1cc,55,1790780920763
4f4f1d,33,1790780920763
d176f9,28,1790780920763
8ea6c9,39,1790781820763
c4d276,36,1790866420763
d94396,34,1790780920763
13cf6f,40,1790866420763
2ec3c7,50,1790866420763
a22629,25,1790781820763
f2dc40,37,1790781820763
62cfcb,30,1790866420763
a7b2d0,27,1790866420763
fe8b86,45,1790780920763
60b073,18,1790781820763
a0398e,17,1790866420763
c59e96,30,1790866420763
eb8326,44,1790781820763
a0afec,52,1790866420763
55c438,40,1790866420763
93bf30,27,1790780920763
040fd3,53,1790866420763
aa5d1e,47,1790866420763
ad6405,29,1790780920763
83173e,23,1790780920763
22ecea,24,1790866420763
b924cb,39,1790866420763
3c351f,20,1790866420763
2192ba,24,1790780920763
b96fb2,53,1790866420763
591568,17,1790866420763
e32826,34,1790781820763
514aeb,41,1790781820763
e721b3,42,1790866420763
7efd28,23,1790866420763
b1c746,35,1790866420763
f0112b,23,1790780920763
1dba5d,29,1790780920763
c65cdb,57,1790780920763
fa110e,39,1790780920763
618e55,19,1790866420763
4dd791,59,1790866420763
faa0bf,58,1790866420763
6ee47e,40,1790866420763
8039c4,32,1790780920763
cdc4e7,38,1790780920763
327d90,57,1790866420763
9034f6,45,1790780920763
754fdf,56,1790781820763
559f8f,33,1790866420763
183e60,50,1790781820763
aba779,28,1790866420763
72a53d,42,1790780920763
56392d,36,1790866420763
a87714,17,1790780920763
d9783b,28,1790866420763
fb530b,40,1790780920763
080379,43,1790866420763
d0db1b,18,1790781820763
bc623c,39,1790781820763
2f68cb,27,1790780920763
c5f3a3,50,1790781820763
eb58d1,57,1790781820763
03cc28,31,1790866420763
60c874,55,1790781820763
7341af,46,1790780920763
e8e933,23,1790866420763
e55432,49,1790781820763
c4d2e9,17,1790780920763
511534,38,1790780920763
6e2a6b,45,1790780920763
14d639,56,1790781820763
57502a,30,1790780920763
1c7438,53,1790780920763
ef8921,31,1790780920763
29e289,32,1790781820763
39fc7f,42,1790866420763
cf41df,18,1790781820763
a681e4,32,1790866420763
c5266e,57,1790781820763
99a4f6,52,1790781820763
c7f2ae,57,1790866420763
e241e5,53,1790780920763
b0f601,19,1790780920763
97b383,44,1790781820763
d3d39a,54,1790780920763
dd094b,53,1790781820763
227656,50,1790781820763
3bba7a,43,1790781820763
87e344,24,1790781820763
96b930,38,1790780920763
d631cb,52,1790781820763
a01ead,55,1790866420763
9d8a95,58,1790781820763
0914a8,37,1790866420763
00cfb1,39,1790780920763
3889d7,52,1790866420763
ca629d,16,1790780920763
831305,48,1790866420763
a2878d,46,1790866420763
779a1a,29,1790866420763
68f200,36,1790866420763
4da105,31,1790781820763
076b9c,26,1790781820763
8904bc,23,1790866420763
1b7513,43,1790866420763
c913cf,41,1790866420763
214641,35,1790781820763
ed31fa,30,1790780920763
013b12,26,1790866420763
fff36a,51,1790866420763
eef4cf,47,1790781820763
8e8946,35,1790781820763
1ab532,49,1790780920763
7c4124,31,1790780920763
9e29bc,15,1790866420763
cb6e86,53,1790866420763
bd5bbe,31,1790780920763
fcf81a,15,1790781820763
cdf7ce,44,1790866420763
f24e94,23,1790781820763
d9972a,36,1790866420763
136b2c,37,1790866420763
abb6ef,52,1790866420763
0e8f8a,29,1790780920763
a3bb4c,49,1790780920763
b6247e,45,1790781820763
9853fc,55,1790866420763
d5fb1c,38,1790781820763
5a3df8,42,1790781820763
01afb4,59,1790781820763
9a1b40,16,1790781820763
d2287f,29,1790780920763
083b07,45,1790780920763
922581,57,1790780920763
885ae3,52,1790780920763
309d38,34,1790780920763
4ff94e,17,1790780920763
21b139,38,1790781820763
b8325b,44,1790780920763
711c9f,43,1790781820763
e19e2e,22,1790866420763
498cc3,26,1790781820763
c3f76f,56,1790780920763
4944d7,39,1790781820763
111418,34,1790780920763
03073b,38,1790781820763
a2cb31,15,1790781820763
6f6a1e,30,1790780920763
48ae6c,27,1790866420763
629d84,33,1790781820763
603b45,45,1790781820763
6009c9,23,1790780920763
36d04b,59,1790781820763
5c8e09,15,1790780920763
957c7a,28,1790781820763
4408c2,53,1790780920763
bacbab,20,1790780920763
4d1e69,29,1790866420763
5ae1e7,35,1790781820763
664bd5,22,1790781820763
2d53ca,21,1790866420763
a3570d,59,1790866420763
131c39,20,1790866420763
cbde3b,46,1790780920763
dd8343,46,1790781820763
27e0d3,37,1790781820763
0a4cc2,29,1790780920763
40a084,51,1790780920763
005b44,26,1790866420763
6cc9d4,42,1790780920763
40afbd,38,1790781820763
79bf8a,54,1790780920763
0ae04e,48,1790781820763
89d413,47,1790781820763
179b2c,57,1790781820763
357fa2,32,1790866420763
cfa35b,37,1790780920763
60bff8,26,1790781820763
40aa6f,58,1790866420763
3952f7,34,1790780920763
e77938,46,1790780920763
acc076,34,1790781820763
b5a604,19,1790780920763
53fe03,55,1790781820763
d2bf77,36,1790781820763
b311a6,42,1790781820763
7725e7,37,1790780920763
51755c,57,1790866420763
56f8d3,21,1790866420763
147584,32,1790866420763
1dbe00,45,1790780920763
4161db,33,1790781820763
5319a1,22,1790780920763
dad6e5,15,1790781820763
7e804f,33,1790781820763
8870e4,28,1790866420763
487080,29,1790781820763
1ddef2,50,1790866420763
c9d02f,41,1790781820763
bb17be,49,1790780920763
15b5e2,18,1790866420763
231abb,22,1790866420763
cb0742,50,1790866420763
daaf08,35,1790780920763
2c8e81,55,1790866420763
3e2f17,23,1790866420763
7b7379,32,1790780920763
797f74,58,1790780920763
86d44c,49,1790781820763
e8d7cc,57,1790780920763
8aae16,48,1790866420763
1235fa,51,1790781820763
dc9b1a,37,1790866420763
5a17d9,56,1790781820763
1ee0a5,33,1790866420763
295037,59,1790866420763
67d64a,33,1790780920763
7498a1,17,1790781820763
50a278,50,1790866420763
702bf2,38,1790866420763
1070ef,44,1790780920763
3c609b,24,1790866420763
4f5104,44,1790780920763
f9fc0e,44,1790866420763
5b9ba3,37,1790780920763
c721c9,46,1790866420763
7cdc35,49,1790866420763
862f28,15,1790780920763
69a540,29,1790781820763
acde51,57,1790866420763
5ddc7f,15,1790780920763
940639,21,1790780920763
d9a2df,58,1790780920763
afd7d2,35,1790866420763
8099b4,46,1790781820763
01565b,31,1790781820763
a5a4ef,24,1790780920763
76ddae,17,1790781820763
7c7477,21,1790781820763
253f70,42,1790866420763
748ee4,26,1790781820763
18ec60,48,1790781820763
11bffa,44,1790780920763
80a74d,54,1790866420763
948831,36,1790866420763
a65f04,24,1790780920763
a0164c,57,1790781820763
39ddd0,46,1790866420763
7ca857,27,1790866420763
d9d18e,39,1790781820763
240ec9,27,1790866420763
157bea,40,1790866420763
1a02ac,17,1790780920763
ba79c1,21,1790781820763
1ce2d9,24,1790866420763
85995c,27,1790866420763
1da820,40,1790866420763
183e05,59,1790780920763
ee003f,38,1790866420763
893082,37,1790781820763
f1ced2,47,1790780920763
4fc904,33,1790866420763
d1286e,29,1790780920763
2737ab,59,1790780920763
6297b0,23,1790866420763
1bedf7,21,1790780920763
5a2e89,29,1790780920763
1b09fb,51,1790781820763
cce8bd,27,1790866420763
0002dd,30,1790781820763
c1939a,59,1790866420763
63dc1b,28,1790780920763
fc72b4,36,1790781820763
06bcb7,49,1790780920763
2a4082,43,1790866420763
b0e308,51,1790781820763
1b7dcc,31,1790781820763
ca7575,22,1790781820763
094f0b,50,1790866420763
a9c3af,19,1790781820763
eb772a,59,1790781820763
3225cc,40,1790780920763
4d389d,23,1790866420763
c15182,16,1790780920763
f997c9,57,1790780920763
b145eb,45,1790866420763
9f0408,54,1790866420763
85f13d,45,1790781820763
16ddb7,25,1790781820763
072bb0,39,1790781820763
f1880d,51,1790781820763
6746f0,52,1790866420763
4ee241,41,1790866420763
f7d1ec,54,1790781820763
532566,49,1790866420763
8041ab,36,1790866420763
32cdc1,20,1790781820763
decde5,24,1790866420763
3203e5,28,1790781820763
61b775,17,1790780920763
0aa786,33,1790780920763
ffeb3e,17,1790780920763
133347,22,1790781820763
bcca63,44,1790866420763
b8b51b,27,1790866420763
9d2873,32,1790781820763
81e36e,43,1790781820763
2f4537,15,1790781820763
da0ad4,48,1790866420763
300858,60,1790781820763
19d5c8,20,1790866420763
dffeec,37,1790866420763
db9343,42,1790781820763
17d8fe,29,1790780920763
e123c6,50,1790781820763
8692ea,22,1790780920763
163558,32,1790781820763
6b7142,21,1790781820763
f3a95d,46,1790866420763
94fa02,21,1790780920763
0a71a1,17,1790780920763
513b61,50,1790866420763
ab6ef0,60,1790780920763
cee9ef,38,1790781820763
b18e2e,38,1790866420763
f53b36,36,1790866420763
dee000,24,1790780920763
2164fc,45,1790780920763
7c2060,48,1790866420763
1eabd8,26,1790780920763
64d1c1,18,1790780920763
31bcde,55,1790866420763
a3565d,40,1790866420763
a751d6,24,1790780920763
15fea2,35,1790866420763
fe867f,51,1790780920763
6291be,58,1790866420763
d54397,32,1790866420763
4814e6,36,1790780920763
63a049,27,1790866420763
45c9c8,60,1790866420763
c11dd7,28,1790781820763
cdf257,15,1790866420763
edfb82,31,1790781820763
241ad2,60,1790866420763
334125,36,1790780920763
6b97fe,18,1790780920763
5e1021,30,1790781820763
ff5873,42,1790866420763
00c83a,58,1790781820763
bcff1e,58,1790781820763
6a9f06,29,1790780920763
e49300,24,1790780920763
8d25b9,42,1790781820763
f9adcd,33,1790781820763
b80cfe,28,1790780920763
566309,26,1790866420763
1fbd04,35,1790866420763
6368d5,55,1790781820763
0b430e,46,1790780920763
fc3d26,44,1790780920763
c727fa,32,1790866420763
8e084c,54,1790781820763
444ed4,44,1790781820763
b60d37,39,1790780920763
03af1d,38,1790780920763
cf4560,52,1790780920763
6cdd6f,36,1790866420763
53eab1,35,1790780920763
2d8743,44,1790866420763
d03b0d,33,1790866420763
a3cb62,17,1790866420763
b1a230,25,1790781820763
99f611,41,1790780920763
75dc55,56,1790780920763
a3b9b6,18,1790866420763
0937a8,35,1790781820763
346655,53,1790866420763
c937a4,48,1790781820763
7798a1,47,1790780920763
610797,47,1790780920763
c2b777,26,1790781820763
d9df58,19,1790781820763
8f68b4,28,1790780920763
6ce0ea,24,1790866420763
a97f8f,31,1790866420763
19b2aa,34,1790781820763
8f74d6,19,1790866420763
5976e9,37,1790781820763
567c5b,56,1790780920763
3790b3,53,1790780920763
efbc30,41,1790781820763
8e8131,52,1790781820763
7f50ed,45,1790781820763
caae43,26,1790781820763
ce3770,43,1790866420763
4294ca,49,1790781820763
d6119a,57,1790780920763
f3a69c,28,1790866420763
d3c5bb,29,1790780920763
8d2177,51,1790866420763
878f9e,43,1790866420763
10bef7,27,1790781820763
81a095,32,1790781820763
174762,56,1790781820763
a63a9e,19,1790866420763
f3998b,15,1790781820763
ec9b1e,52,1790781820763
3bd57a,41,1790780920763
d97831,32,1790781820763
183e0a,16,1790781820763
5ee005,25,1790780920763
d54476,20,1790866420763
e7d47b,49,1790780920763
c9afff,44,1790866420763
995913,35,1790866420763
268172,44,1790781820763
4b13c8,37,1790780920763
d401f6,31,1790780920763
23427e,24,1790780920763
a5e3a9,34,1790866420763
695108,36,1790780920763
69e62f,22,1790866420763
0d1279,35,1790866420763
0f04f7,52,1790781820763
3abc6d,48,1790780920763
bbe1d7,24,1790781820763
ed73b5,47,1790780920763
5d6e34,27,1790866420763
a80435,57,1790866420763
89c62e,48,1790866420763
0ac0bb,21,1790780920763
a58c7c,39,1790866420763
2381ea,42,1790781820763
8bf313,54,1790780920763
9bdfa0,37,1790780920763
8da5fe,22,1790780920763
9ceae0,20,1790780920763
fd096b,39,1790781820763
60daa3,25,1790866420763
c4fc82,16,1790781820763
9607d6,38,1790780920763
d67736,49,1790781820763
fcbc42,51,1790781820763
922e41,26,1790781820763
e8b1ec,44,1790780920763
714923,17,1790866420763
776189,35,1790780920763
19f194,19,1790866420763
5f465a,23,1790780920763
94b1ea,43,1790780920763
f1236e,58,1790781820763
f75fb1,44,1790866420763
6bb893,16,1790866420763
cc40a0,49,1790866420763
a9355c,59,1790781820763
4aa26b,22,1790866420763
f54831,33,1790780920763
d42a81,17,1790866420763
6c062d,16,1790780920763
0ea8e2,32,1790866420763
66a323,21,1790780920763
d852a1,55,1790866420763
3a7539,18,1790780920763
5c5b98,17,1790866420763
343a0d,37,1790781820763
86d3ee,18,1790780920763
30499d,21,1790866420763
dd2fd6,23,1790866420763
2f3fe7,20,1790781820763
baccf9,34,1790780920763
7aceea,27,1790781820763
361e0a,34,1790866420763
e4c6e9,18,1790866420763
272f21,30,1790781820763
61c039,36,1790866420763
f0236f,21,1790780920763
494a55,48,1790780920763
2ac824,58,1790780920763
d27fc0,32,1790781820763
8a0ca3,50,1790866420763
c20093,16,1790781820763
faa539,31,1790866420763
49c982,41,1790780920763
9e4303,17,1790781820763
2c4266,39,1790866420763
506bf1,57,1790780920763
936227,45,1790866420763
463eb2,43,1790866420763
1d6335,17,1790866420763
670950,35,1790866420763
a0d8e4,30,1790780920763
7a4070,40,1790866420763
f37a53,53,1790781820763
1306e0,38,1790781820763
e72f63,45,1790780920763
4e7081,46,1790781820763
e25423,55,1790866420763
c96b8d,20,1790780920763
d5882d,28,1790781820763
f5f64a,19,1790780920763
2f2fa1,55,1790780920763
66e82a,47,1790866420763
1cded2,26,1790781820763
3d3691,46,1790781820763
ce4833,46,1790866420763
0bc28f,16,1790866420763
448dce,52,1790866420763
51872b,35,1790866420763
8462f0,33,1790781820763
2a9379,22,1790780920763
fc96a7,40,1790866420763
933f9b,60,1790781820763
0e448d,15,1790780920763
084bce,59,1790866420763
a53dfe,26,1790781820763
446081,60,1790866420763
a561cd,54,1790866420763
0d8d6e,46,1790780920763
e2cd85,19,1790781820763
ada095,44,1790780920763
27ceeb,52,1790781820763
7d625f,39,1790781820763
d063dc,18,1790781820763
b4fbf3,58,1790866420763
bb0079,32,1790780920763
9908bc,19,1790866420763
dab43e,32,1790866420763
a814a7,32,1790866420763
d2822e,51,1790866420763
d78547,32,1790780920763
b29e15,26,1790781820763
85e403,51,1790781820763
e5de3d,36,1790780920763
5ff911,50,1790780920763
007399,53,1790780920763
fd8745,45,1790866420763
d7bd22,34,1790781820763
b81362,57,1790781820763
9f870c,53,1790866420763
088b38,41,1790781820763
3feade,16,1790781820763
e5428d,17,1790780920763
b6fe1f,39,1790866420763
de518a,43,1790780920763
88c379,42,1790866420763
ea7716,45,1790780920763
a97ada,41,1790780920763
98fb57,42,1790781820763
43c0a2,15,1790781820763
85768e,54,1790866420763
1ec50f,27,1790866420763
8d9861,36,1790780920763
aef251,54,1790866420763
812b78,20,1790780920763
c20896,21,1790780920763
8b596b,54,1790781820763
16301f,46,1790781820763
5e9923,49,1790781820763
757097,50,1790781820763
669f94,20,1790781820763
ad6684,30,1790781820763
c73b20,41,1790780920763
44160c,24,1790781820763
4220c9,47,1790781820763
e77ea1,30,1790780920763
e9d790,30,1790866420763
67c02a,39,1790780920763
0a1892,59,1790780920763
830e7e,23,1790781820763
dbbb98,18,1790781820763
8b2fe1,26,1790781820763
ce1968,34,1790866420763
c6570e,26,1790781820763
dc3a02,16,1790866420763
cb0a79,32,1790780920763
bce1da,37,1790866420763
25df92,18,1790781820763
69e67e,51,1790866420763
e13da3,26,1790781820763
e284cd,20,1790780920763
3c4843,51,1790781820763
a1c407,57,1790866420763
332424,43,1790781820763
70dce6,31,1790780920763
123cea,24,1790781820763
21bc8c,35,1790866420763
29c83f,17,1790781820763
c629be,57,1790780920763
98b0fe,32,1790780920763
d7ac44,40,1790866420763
ee864d,52,1790781820763
8037e7,46,1790781820763
767f9f,18,1790866420763
43556b,39,1790781820763
f17810,45,1790781820763
b1199e,43,1790866420763
d8a086,53,1790780920763
f0f828,52,1790866420763
ca45f2,34,1790781820763
a6aacf,23,1790866420763
f47759,43,1790781820763
920783,40,1790866420763
1ff9e3,52,1790780920763
42a479,46,1790781820763
05ee2e,35,1790780920763
1a9db0,59,1790781820763
76293d,23,1790781820763
a3c8c8,45,1790866420763
c5153f,60,1790780920763
ab5f14,37,1790780920763
d81245,40,1790780920763
514e14,35,1790866420763
1b2ff7,21,1790780920763
92e161,17,1790866420763
a24457,28,1790781820763
6fce78,41,1790780920763
a4f52a,42,1790866420763
22c3aa,33,1790781820763
78ffef,17,1790781820763
b5def7,33,1790780920763
1cb987,21,1790866420763
8f3126,42,1790780920763
cdd6b4,28,1790780920763
08d02c,42,1790781820763
b44b2e,17,1790780920763
5bd715,59,1790866420763
6d7af7,33,1790866420763
eaccaa,35,1790781820763
5629ea,51,1790780920763
24a201,52,1790866420763
4b3095,47,1790866420763
0bc28a,58,1790781820763
08917e,52,1790781820763
0e5f6e,19,1790780920763
cdf84c,52,1790780920763
2d840b,35,1790781820763
e1cb07,41,1790781820763
759fb2,21,1790780920763
0a693c,44,1790866420763
606725,35,1790781820763
ef2ace,48,1790781820763
4d8ebf,47,1790866420763
33b5d7,37,1790780920763
24d831,34,1790866420763
c6d6c8,31,1790866420763
1f884f,42,1790780920763
7942aa,17,1790781820763
a550e2,35,1790780920763
34d56c,31,1790781820763
7f4839,37,1790866420763
618480,49,1790866420763
55dc9f,59,1790866420763
2a63aa,28,1790781820763
e562de,55,1790781820763
b44664,17,1790780920763
e9a498,47,1790780920763
261243,44,1790781820763
7a9faa,33,1790781820763
d078aa,48,1790780920763
901b3c,22,1790866420763
22ed61,41,1790780920763
5b0a60,59,1790780920763
757bf2,40,1790780920763
1ba064,54,1790866420763
ca109f,45,1790781820763
7e1893,51,1790781820763
32f7b9,53,1790781820763
981c13,21,1790866420763
ea5213,39,1790866420763
207085,39,1790866420763
d9685f,51,1790780920763
94e815,30,1790781820763
7ea8c8,22,1790866420763
bf231c,20,1790780920763
ce54be,55,1790866420763
3cb9cf,57,1790866420763
5c6807,17,1790780920763
7df89d,51,1790866420763
f99d8f,32,1790781820763
208a27,60,1790780920763
447324,20,1790781820763
d9dc17,51,1790780920763
e3ef62,51,1790780920763
de4d07,31,1790781820763
307510,59,1790780920763
78dc3d,47,1790780920763
f35460,22,1790866420763
3e86ff,15,1790780920763
5edfda,38,1790781820763
433814,42,1790781820763
e74a68,53,1790781820763
d0d3d4,30,1790780920763
1436eb,19,1790866420763
b50c4e,46,1790866420763
8c3af1,32,1790781820763
445b2e,37,1790866420763
22f63b,58,1790780920763
bde192,46,1790780920763
9ee2da,30,1790866420763
df2c1a,32,1790780920763
77b90c,51,1790781820763
20cf4b,50,1790866420763
ca54dd,42,1790866420763
120c79,23,1790866420763
0a8764,60,1790781820763
51aeef,16,1790780920763
88ad22,39,1790781820763
fe20b4,15,1790781820763
ae2559,58,1790780920763
6c51b7,33,1790781820763
73aa21,43,1790780920763
d73dc9,39,1790780920763
221987,57,1790780920763
67aad2,26,1790780920763
ff91ad,58,1790780920763
1c5b3a,47,1790866420763
4e71f1,20,1790866420763
01f83e,45,1790866420763
fd6d59,17,1790866420763
79c364,37,1790866420763
89210e,50,1790866420763
cc6242,34,1790866420763
f6cbe2,55,1790780920763
f937f5,41,1790866420763
3866c8,23,1790780920763
07fe3c,45,1790781820763
145b34,44,1790781820763
20746d,36,1790780920763
5437ac,34,1790780920763
3572ad,24,1790781820763
1aa813,22,1790780920763
75fe5b,20,1790780920763
da2265,28,1790780920763
6bd74d,20,1790866420763
2c2c19,55,1790781820763
bdd865,35,1790866420763
d0ca84,56,1790866420763
8bfb23,60,1790780920763
ed05d0,19,1790866420763
6701a2,27,1790866420763
fa9b6e,55,1790781820763
9c7ad1,56,1790780920763
a19fce,21,1790866420763
f0607d,18,1790866420763
010ed8,35,1790866420763
50d628,32,1790780920763
a220ac,50,1790866420763
00d5a7,36,1790866420763
29501f,46,1790866420763
75e8d0,59,1790866420763
3fd0cb,56,1790780920763
b66ed3,37,1790866420763
63e44f,38,1790781820763
d30228,49,1790866420763
2557af,30,1790866420763
9398d3,34,1790866420763
040115,28,1790781820763
05ad21,55,1790866420763
cf8ed7,33,1790866420763
f02bba,56,1790780920763
799cef,52,1790866420763
330a10,42,1790780920763
456f31,57,1790866420763
327d71,44,1790866420763
f53c43,43,1790866420763
71a3f4,57,1790781820763
ba39f6,60,1790781820763
590083,37,1790866420763
00e2e3,40,1790780920763
e89a9d,52,1790781820763
a4a7df,39,1790781820763
19b80a,38,1790780920763
dca498,57,1790781820763
457dd9,43,1790866420763
2792a3,36,1790780920763
e8d442,15,1790781820763
479d83,59,1790781820763
99b9fe,33,1790866420763
a34320,15,1790780920763
0a35d0,40,1790781820763
8cfc73,16,1790866420763
305dde,15,1790866420763
ba5c25,50,1790866420763
30b74a,44,1790781820763
5067dc,60,1790781820763
31adb7,29,1790781820763
432530,55,1790780920763
11fe66,50,1790781820763
90afb1,22,1790866420763
0647e3,54,1790781820763
170db4,27,1790866420763
73caf4,37,1790866420763
0813ce,53,1790781820763
908366,56,1790781820763
3e5085,35,1790781820763
7e5c8a,47,1790781820763
a44350,17,1790780920763
bed9e0,48,1790781820763
d855ea,15,1790780920763
d391e0,23,1790780920763
9bcd64,52,1790866420763
736ef3,55,1790866420763
bd79f0,41,1790866420763
716d72,49,1790781820763
79ad87,19,1790780920763
47665f,52,1790866420763
e87f96,17,1790866420763
600431,15,1790781820763
28c289,53,1790781820763
3a969c,40,1790780920763
ebbf38,30,1790866420763
f26d93,28,1790780920763
9c2153,60,1790781820763
eb6931,32,1790781820763
5ceb4c,54,1790866420763
48b007,24,1790866420763
21787b,54,1790781820763
a5d03c,55,1790781820763
10d1bb,40,1790780920763
79e083,51,1790866420763
2a6c46,31,1790866420763
7cef79,19,1790866420763
4b9ac1,34,1790866420763
c5796d,59,1790866420763
ed4db8,60,1790866420763
4704e4,32,1790866420763
89a0fd,17,1790780920763
20a131,22,1790780920763
321d69,33,1790866420763
707b52,21,1790781820763
6cf47c,40,1790781820763
556852,40,1790781820763
d04558,37,1790866420763
dc02db,60,1790866420763
f76ec2,33,1790866420763
7ccf4e,49,1790781820763
45fbd8,33,1790780920763
2b720d,34,1790866420763
885f1e,40,1790780920763
ac35b9,39,1790780920763
a9c25e,23,1790780920763
630f3f,32,1790781820763
8f04b7,30,1790781820763
008f64,40,1790780920763
4c72e2,37,1790780920763
0bcb13,21,1790866420763
483073,27,1790866420763
084c8d,24,1790780920763
f072f4,41,1790780920763
0c6c56,17,1790781820763
208ea8,35,1790866420763
89299f,60,1790780920763
c59aa1,55,1790781820763
ff9776,30,1790780920763
da0c4a,18,1790866420763
f9e9e5,24,1790866420763
98d313,20,1790781820763
9be24e,32,1790780920763
59aece,29,1790780920763
3d1589,41,1790781820763
5e8886,33,1790781820763
07da45,48,1790780920763
237b31,20,1790866420763
18fdfe,57,1790866420763
c88e64,33,1790781820763
cf0125,38,1790866420763
b67a64,60,1790866420763
f443a9,40,1790866420763
8d8f7b,17,1790781820763
b2d85d,60,1790866420763
345503,50,1790866420763
744918,21,1790780920763
cd5f4d,55,1790781820763
78a90d,16,1790781820763
100c6a,30,1790781820763
b1c1f7,35,1790781820763
4e784e,20,1790781820763
41f1dc,26,1790781820763
6742f5,16,1790866420763
e04ae3,21,1790780920763
60fcd4,40,1790780920763
562e70,42,1790866420763
af7594,47,1790781820763
a7d656,48,1790781820763
53ce55,46,1790866420763
5f84f7,15,1790866420763
484605,22,1790780920763
b6bc34,36,1790781820763
91359e,39,1790781820763
a46690,29,1790781820763
d63102,28,1790781820763
7ed295,50,1790781820763
844adf,30,1790780920763
4daf29,47,1790781820763
d2a39f,57,1790781820763
2ca6a1,55,1790780920763
3d4a7a,38,1790780920763
759c93,51,1790781820763
357ecd,32,1790781820763
b7e0d4,33,1790780920763
e8fe62,50,1790781820763
e4b4ac,45,1790780920763
01074f,58,1790781820763
25e786,36,1790780920763
20a107,57,1790781820763
b4dff2,56,1790780920763
437330,27,1790780920763
c5196a,19,1790866420763
13c6f5,18,1790781820763
08a634,45,1790781820763
d0922f,18,1790866420763
54bfd1,20,1790866420763
aa58cd,52,1790780920763
b9e0ce,20,1790866420763
db9367,51,1790781820763
74663f,48,1790781820763
9c0ab5,57,1790781820763
aabafb,31,1790780920763
a3835f,43,1790781820763
7262e2,52,1790781820763
06833c,39,1790780920763
5d6db2,25,1790866420763
351236,33,1790780920763
7ab90e,51,1790780920763
e42366,18,1790781820763
e7945d,54,1790781820763
29f30b,20,1790781820763
1f154a,21,1790780920763
ec8c4f,47,1790780920763
b6a8e4,49,1790866420763
580aa6,22,1790781820763
33194f,24,1790780920763
2e1cb6,37,1790866420763
a79c39,24,1790781820763
db1f5a,31,1790866420763
39ff54,44,1790781820763
6ca8a3,20,1790780920763
927958,30,1790866420763
acf325,30,1790866420763
0bc4c2,50,1790780920763
20e0ce,57,1790781820763
08dcf6,32,1790781820763
4b53eb,41,1790866420763
d790c2,52,1790781820763
c6e9f9,25,1790780920763
015ed4,33,1790780920763
366a8c,18,1790780920763
7eb779,45,1790780920763
be6402,57,1790866420763
150c3e,48,1790866420763
9a2d72,41,1790781820763
7619c0,24,1790866420763
16f742,55,1790781820763
1f3894,15,1790780920763
9ff435,15,1790866420763
bf1781,50,1790866420763
e6d044,54,1790780920763
2e5c48,46,1790866420763
4a4415,34,1790781820763
a8bff6,27,1790781820763
699eb6,37,1790866420763
bee4a8,30,1790781820763
862a32,60,1790781820763
79ebda,42,1790780920763
2356cb,36,1790781820763
a600ed,26,1790781820763
c12a4a,57,1790781820763
0cd470,50,1790780920763
e5db40,50,1790781820763
392e4c,33,1790780920763
ee084c,25,1790866420763
53f5f1,21,1790780920763
7be6d9,18,1790781820763
d77ff0,47,1790781820763
b31d4e,37,1790780920763
e5c4c1,46,1790780920763
e513f9,38,1790866420763
c67ea2,49,1790781820763
f19580,20,1790780920763
c4a3c5,47,1790781820763
7cc0ce,43,1790781820763
351de4,56,1790781820763
98ae7b,30,1790780920763
073597,49,1790866420763
253378,58,1790781820763
46969a,51,1790781820763
f72760,20,1790781820763
0fabee,28,1790866420763
e43afe,58,1790866420763
b95356,42,1790781820763
488431,28,1790866420763
552086,20,1790780920763
c7b890,56,1790781820763
3d1ee2,33,1790781820763
fe4148,22,1790780920763
c57928,60,1790781820763
673e5f,44,1790866420763
6938c8,22,1790866420763
9a8ebb,20,1790866420763
8e7c7a,40,1790866420763
d7e4b8,45,1790781820763
e11b51,36,1790781820763
de4226,54,1790781820763
d8717a,15,1790781820763
e33b0b,16,1790781820763
35fd11,18,1790780920763
207e77,18,1790780920763
1b4df8,53,1790780920763
c7ada1,59,1790866420763
81dc4c,21,1790781820763
d89257,58,1790780920763
c7ecce,59,1790781820763
071cbd,48,1790781820763
c425c6,60,1790780920763
0bc23a,16,1790866420763
958261,58,1790780920763
8c1846,38,1790866420763
673bf1,27,1790866420763
27a869,59,1790866420763
b420f9,19,1790780920763
ddc694,18,1790866420763
180339,26,1790781820763
c9a039,52,1790780920763
9c227e,44,1790866420763
4c38f7,20,1790780920763
f48d35,34,1790781820763
b1ec22,54,1790866420763
b705e5,30,1790780920763
b7c2b0,60,1790780920763
5dc204,38,1790780920763
d46f25,28,1790780920763
4752e0,29,1790866420763
a93310,49,1790781820763
c45e51,26,1790781820763
48d7cd,57,1790866420763
eced69,35,1790780920763
5e6ff6,54,1790780920763
fbb0b2,59,1790781820763
3d5745,29,1790780920763
79cba5,58,1790780920763
ca3ce3,54,1790780920763
9f0752,27,1790866420763
613a4b,40,1790866420763
b44162,43,1790866420763
139054,43,1790866420763
6588bd,32,1790780920763
28f5b7,54,1790781820763
526e9b,21,1790781820763
152c5a,56,1790866420763
1db235,38,1790866420763
78907e,17,1790866420763
6df190,40,1790781820763
0e2294,16,1790866420763
641ab5,27,1790780920763
a3dd20,43,1790780920763
c3332b,50,1790781820763
3dbf80,30,1790781820763
19de6c,20,1790780920763
d003d6,53,1790781820763
fca881,17,1790866420763
c83fba,43,1790781820763
6ded1a,57,1790781820763
784a84,27,1790781820763
92b453,47,1790781820763
7d693e,48,1790781820763
9718fc,44,1790780920763
2b5ac0,39,1790780920763
0c7fd9,19,1790780920763
2fe940,19,1790781820763
f73762,37,1790781820763
9e682b,35,1790866420763
c9eb13,54,1790781820763
d92e8f,44,1790780920763
727914,41,1790780920763
e31fac,45,1790781820763
cde6ae,47,1790781820763
f2c2f7,37,1790781820763
124fb6,34,1790866420763
b82cd5,25,1790781820763
3ae591,57,1790866420763
92f3c9,25,1790866420763
210e80,30,1790866420763
45caf8,26,1790780920763
fe325c,31,1790780920763
0e8d79,31,1790781820763
a6c408,32,1790866420763
dabb04,55,1790866420763
0ca055,54,1790866420763
a4598d,22,1790866420763
2e799c,44,1790780920763
2e2daa,55,1790866420763
e1e439,41,1790866420763
86c062,33,1790781820763
4fbfb8,17,1790780920763
cebb43,28,1790781820763
e9691c,31,1790866420763
79d760,59,1790866420763
febbf2,23,1790866420763
a9b021,24,1790780920763
e81356,19,1790866420763
6891b6,45,1790866420763
baa589,50,1790780920763
6a7f76,42,1790781820763
3f0825,57,1790866420763
266185,60,1790781820763
db4c04,28,1790866420763
3c1c87,18,1790781820763
6b85b1,38,1790780920763
d91131,15,1790781820763
e62a70,49,1790866420763
a372dc,51,1790781820763
e16a51,37,1790866420763
ed4606,44,1790866420763
d0e28e,22,1790866420763
2a88e7,56,1790780920763
35cebc,27,1790780920763
84242f,43,1790866420763
582b6e,24,1790781820763
1f81e2,43,1790780920763
4bcb1e,32,1790780920763
d246fd,45,1790866420763
49d29e,52,1790866420763
1c01c3,32,1790780920763
ac157a,39,1790781820763
e750ff,51,1790781820763
c0c567,47,1790866420763
9b43e4,50,1790780920763
41af74,19,1790780920763
dc4ea4,37,1790866420763
3916cd,49,1790781820763
6feca2,35,1790781820763
6b7245,31,1790780920763
80a9d0,18,1790780920763
2e9000,32,1790781820763
fee565,20,1790866420763
fa090f,60,1790780920763
ef9fb6,44,1790781820763
6b2504,41,1790781820763
ca14dc,35,1790866420763
a09d7d,39,1790781820763
f203ec,32,1790780920763
4df192,45,1790866420763
ca68e5,15,1790866420763
f3791b,45,1790781820763
cf70e9,53,1790866420763
11e7d5,41,1790781820763
996aea,36,1790866420763
a85461,53,1790781820763
2a9aec,42,1790781820763
d459ac,38,1790780920763
af1a76,25,1790781820763
02ecef,28,1790780920763
5442fd,59,1790866420763
98a9cb,47,1790780920763
1a139a,51,1790780920763
d8a216,28,1790866420763
bc82e1,55,1790781820763
6652ca,55,1790866420763
2774d6,37,1790780920763
7ece94,51,1790866420763
9885c5,42,1790866420763
a928e6,37,1790866420763
aab828,50,1790781820763
f0f20d,58,1790781820763
0895cd,50,1790866420763
d0a914,19,1790781820763
ce3237,18,1790780920763
e84fd9,34,1790781820763
b79e5e,43,1790866420763
cacc58,21,1790866420763
1165f9,45,1790781820763
c5a2d0,54,1790780920763
8f1695,35,1790780920763
76cbdf,49,1790866420763
aebae3,22,1790781820763
9d4565,38,1790866420763
0e01eb,37,1790780920763
05b46e,22,1790866420763
665001,38,1790781820763
286853,15,1790780920763
5c46a1,57,1790866420763
2f2959,22,1790780920763
12152f,34,1790781820763
1644a7,19,1790781820763
c38c87,36,1790866420763
f9278a,48,1790781820763
1f46fd,19,1790781820763
7692e0,22,1790781820763
d85c37,49,1790780920763
a4d99f,15,1790781820763
2e2d6c,18,1790781820763
2f5178,25,1790866420763
0e4aa0,55,1790780920763
f734d0,49,1790780920763
c98352,32,1790866420763
58b311,21,1790780920763
32a9f9,29,1790781820763
a5b00d,36,1790780920763
cf30f2,32,1790781820763
c4a033,47,1790866420763
ce5c8b,23,1790781820763
5a863a,23,1790866420763
329d7e,40,1790866420763
34af35,41,1790780920763
ba7059,30,1790866420763
d77f8b,53,1790781820763
9ca076,43,1790781820763
f5723b,45,1790781820763
d54c39,50,1790781820763
ba5d77,30,1790780920763
fcae31,33,1790781820763
02140c,53,1790780920763
0baecf,51,1790866420763
32a0dd,56,1790866420763
ab10ab,50,1790781820763
f4a883,41,1790781820763
3945c5,35,1790866420763
423615,54,1790866420763
b28197,53,1790781820763
d78772,45,1790781820763
a7e418,51,1790866420763
11270f,47,1790866420763
2a7136,53,1790781820763
9bf707,17,1790781820763
a7377c,58,1790781820763
d05fb0,41,1790781820763
09cfc6,50,1790781820763
f24ec3,42,1790780920763
dc8496,45,1790780920763
2feec1,53,1790781820763
cc6251,41,1790781820763
d6dd80,16,1790780920763
ac8817,28,1790780920763
afc312,39,1790780920763
94b73e,25,1790866420763
913bc5,54,1790866420763
ef6658,29,1790781820763
84d1d8,19,1790780920763
4286d0,16,1790866420763
979c43,58,1790866420763
86323c,54,1790781820763
5614bc,18,1790866420763
b1835f,50,1790781820763
343fd1,60,1790780920763
300e7d,15,1790781820763
85afdc,38,1790781820763
e56594,19,1790780920763
a9bd78,38,1790780920763
010929,22,1790866420763
96c430,33,1790780920763
bfc8e7,49,1790780920763
effd65,57,1790866420763
7a5a59,19,1790780920763
46897c,40,1790866420763
2ae5ad,25,1790781820763
2ad306,52,1790781820763
67b383,43,1790781820763
18c07c,16,1790781820763
1a8fdb,20,1790780920763
fb4aa8,20,1790780920763
0f0b8b,29,1790781820763
486679,43,1790781820763
55f734,24,1790781820763
5d66c4,43,1790780920763
e69bcf,55,1790780920763
d1c926,51,1790781820763
649b55,23,1790781820763
28824d,46,1790780920763
95b48b,21,1790781820763
5b0de1,42,1790781820763
0082b3,34,1790866420763
dde89c,41,1790781820763
31c231,34,1790781820763
e37c9b,42,1790866420763
b501e8,26,1790781820763
a6d111,45,1790781820763
0bed19,22,1790781820763
c25105,50,1790866420763
a47658,38,1790781820763
2213f0,34,1790780920763
762d2f,29,1790781820763
8e6f09,34,1790866420763
c0863c,50,1790780920763
db16dc,28,1790780920763
29b878,39,1790866420763
e97c7d,30,1790866420763
806153,52,1790866420763
0187d5,21,1790781820763
1bfaf5,48,1790780920763
aaafd2,52,1790780920763
58d43b,40,1790780920763
c53ca1,36,1790866420763
dd3428,48,1790866420763
9fdfe9,51,1790780920763
c4c6f9,37,1790866420763
25f2dd,33,1790781820763
4e961c,43,1790781820763
f959a7,17,1790780920763
1650a2,26,1790780920763
b5d5ad,25,1790780920763
5b91b4,35,1790866420763
2fe1f1,18,1790780920763
d8753c,53,1790780920763
75b707,48,1790780920763
440ac9,40,1790780920763
448d85,25,1790866420763
d60c43,25,1790866420763
242bd4,37,1790780920763
12ada0,22,1790780920763
f96509,18,1790780920763
29e448,28,1790781820763
04a03f,19,1790780920763
f5690c,23,1790781820763
604bb8,42,1790781820763
aad68b,43,1790780920763
8ae4ea,41,1790780920763
139f0f,49,1790781820763
788efa,38,1790781820763
113584,15,1790781820763
73fa45,35,1790780920763
501ecc,34,1790781820763
55b189,31,1790866420763
7f07d9,56,1790781820763
de9100,52,1790781820763
817796,17,1790780920763
093148,29,1790866420763
52385d,21,1790866420763
4406f9,52,1790780920763
85c157,40,1790866420763
ef8a38,30,1790780920763
c8f0f5,41,1790781820763
b36e7a,53,1790866420763
8c8a89,34,1790866420763
8a1287,36,1790781820763
04b324,31,1790866420763
577798,17,1790866420763
4097aa,57,1790781820763
3a9d70,50,1790780920763
3bd171,36,1790781820763
0fb47b,24,1790781820763
ba6039,44,1790866420763
19c597,35,1790781820763
5502fa,29,1790866420763
e231db,58,1790780920763
c73a1a,35,1790866420763
1fd273,56,1790866420763
1cdd43,38,1790866420763
33574b,60,1790780920763
47dedd,40,1790780920763
b72928,31,1790781820763
58c88b,35,1790780920763
f726a8,19,1790780920763
6f52f3,50,1790866420763
78844a,60,1790780920763
f30a60,45,1790866420763
b33900,40,1790866420763
f44d44,18,1790781820763
91a001,53,1790866420763
a68c36,37,1790866420763
797201,29,1790866420763
9685dc,60,1790866420763
241b22,54,1790781820763
b725c4,49,1790780920763
84aa73,55,1790780920763
09002c,43,1790866420763
fecdc2,42,1790780920763
b41de2,48,1790866420763
f24541,39,1790780920763
3e4d6b,28,1790780920763
9d1312,58,1790780920763
696939,18,1790866420763
8d4f8f,25,1790780920763
564421,54,1790781820763
0d757f,23,1790781820763
e0096f,32,1790781820763
4bcbe6,23,1790866420763
b8df9b,57,1790780920763
b63d17,57,1790866420763
42aa5c,37,1790781820763
36a4c4,46,1790781820763
55b742,23,1790866420763
ffcad6,29,1790866420763
a7fa47,46,1790780920763
078bc1,20,1790780920763
924318,26,1790781820763
4facd5,36,1790781820763
13fffd,30,1790781820763
9b4271,57,1790781820763
b32c80,54,1790866420763
ca397a,35,1790781820763
a8ec1c,29,1790780920763
0b4d7b,41,1790781820763
722f74,23,1790781820763
58ffc4,31,1790866420763
8e4eec,23,1790780920763
90693f,26,1790866420763
15a38e,24,1790780920763
2a0ffe,17,1790866420763
4684a3,23,1790866420763
bbed96,37,1790866420763
ee007c,33,1790780920763
2509e0,16,1790780920763
a96c55,35,1790866420763
c1f91c,53,1790781820763
34537f,42,1790780920763
75a7df,42,1790780920763
652d83,37,1790781820763
998ed5,52,1790780920763
609b1b,45,1790780920763
444593,34,1790780920763
077dba,22,1790781820763
ff2a71,57,1790781820763
4936b5,31,1790781820763
99379d,48,1790866420763
9f2aec,17,1790780920763
e96e2e,50,1790781820763
781903,25,1790780920763
708219,36,1790866420763
c83c4b,35,1790780920763
3db54a,49,1790866420763
6ac28b,18,1790866420763
d60ecf,15,1790780920763
a65440,36,1790866420763
8cd5cb,41,1790780920763
a96eff,44,1790781820763
f8b11e,30,1790780920763
5c190c,19,1790866420763
1b229c,16,1790781820763
d11742,55,1790781820763
a6dd84,51,1790866420763
c8c429,27,1790866420763
036d33,44,1790781820763
ac77db,38,1790781820763
9a47ba,37,1790866420763
1fd256,20,1790866420763
184a8e,30,1790780920763
3df2a9,51,1790780920763
036967,28,1790866420763
c3d717,50,1790781820763
99394c,34,1790866420763
fddee5,42,1790781820763
d705a3,15,1790781820763
578147,60,1790780920763
fc060a,35,1790780920763
f2c367,49,1790780920763
af2569,34,1790866420763
4cf146,15,1790781820763
693faa,52,1790866420763
7dbae5,55,1790780920763
f15f9b,18,1790780920763
f83f68,26,1790780920763
187b86,54,1790780920763
ac782a,59,1790781820763
6205b7,23,1790781820763
fc37b7,55,1790866420763
c7e550,52,1790866420763
34a724,33,1790866420763
e1cdc5,20,1790781820763
5cc60a,20,1790781820763
30c981,31,1790866420763
4b369f,28,1790866420763
db6c45,53,1790781820763
1cf90f,24,1790866420763
9185eb,19,1790781820763
69cddb,45,1790781820763
0b4604,47,1790866420763
47e18c,27,1790780920763
a785f6,42,1790781820763
09b16f,26,1790781820763
4a38d0,48,1790780920763
1d4e80,44,1790866420763
61d3da,31,1790780920763
91b980,16,1790866420763
7daa44,46,1790866420763
a5acb5,45,1790780920763
ebbfdf,36,1790781820763
8331ba,33,1790780920763
7c3d99,24,1790781820763
1c35f7,25,1790780920763
395e4a,18,1790781820763
67905c,20,1790866420763
36d57d,16,1790866420763
46e19c,57,1790866420763
fd986f,50,1790866420763
7eff38,47,1790866420763
f4cb5c,42,1790781820763
059ad1,19,1790781820763
b2de7c,20,1790780920763
47bc0a,37,1790866420763
c3424e,41,1790866420763
121458,60,1790780920763
be585c,40,1790781820763
76dfa2,22,1790866420763
b88b59,26,1790780920763
24f0a7,51,1790866420763
2a0b84,38,1790780920763
4cd584,58,1790781820763
8ec4d3,46,1790781820763
8fdb10,56,1790866420763
ce54c3,56,1790780920763
b4e530,48,1790781820763
df84a4,39,1790780920763
9432e8,32,1790780920763
5e1dcd,39,1790866420763
01dc24,43,1790780920763
cc9013,18,1790780920763
56a976,39,1790866420763
10bce3,36,1790780920763
472e2d,47,1790780920763
8e75ec,59,1790781820763
a4920d,43,1790780920763
981d34,46,1790781820763
a83c6b,53,1790866420763
93d81d,41,1790866420763
70f3ab,43,1790866420763
5735e4,35,1790866420763
07fb3d,53,1790780920763
c81f1c,52,1790866420763
14d59f,21,1790780920763
a97240,48,1790780920763
4d12b3,42,1790866420763
8babb1,17,1790781820763
14c358,60,1790781820763
81baba,50,1790781820763
26463c,58,1790866420763
950c9c,39,1790780920763
b9b297,16,1790781820763
7a75dc,43,1790866420763
322404,23,1790780920763
8c59fb,34,1790866420763
c6d6aa,58,1790866420763
0f11ec,17,1790781820763
870e27,16,1790781820763
841cd1,20,1790866420763
c2973b,47,1790781820763
5e241c,18,1790866420763
cbf6f9,44,1790781820763
6a3048,30,1790780920763
eff7f4,58,1790781820763
0c9b71,38,1790866420763
915189,23,1790781820763
6ed692,20,1790866420763
a18cf5,38,1790780920763
24be56,40,1790781820763
8a0e0f,20,1790781820763
bd8624,42,1790781820763
1671d1,60,1790780920763
01691d,53,1790780920763
2ec694,45,1790866420763
3630ff,52,1790780920763
24b127,23,1790781820763
48d116,36,1790781820763
8d3ecf,39,1790866420763
db0164,24,1790781820763
dc59d9,18,1790781820763
fcc7fb,53,1790780920763
76670f,31,1790780920763
0ccbc8,49,1790866420763
d02fb7,59,1790780920763
5b6ab0,34,1790781820763
734f28,54,1790780920763
3a30cd,33,1790780920763
d7a1f9,57,1790866420763
767d6d,51,1790866420763
c95366,22,1790780920763
677ba7,16,1790866420763
b3b0b8,57,1790866420763
c61c22,44,1790866420763
dab5dd,22,1790866420763
b320e3,56,1790781820763
9134ef,48,1790866420763
c9e878,30,1790781820763
6de9e0,41,1790866420763
500301,57,1790780920763
35ab48,23,1790781820763
599797,36,1790866420763
9f0937,25,1790866420763
c7f9e5,58,1790866420763
1c123d,59,1790781820763
a509e9,51,1790780920763
9c9f1a,45,1790866420763
879128,53,1790866420763
97b44b,35,1790866420763
f837a2,21,1790781820763
e8bcfa,31,1790781820763
0b26d7,27,1790780920763
5232b2,40,1790781820763
8d3915,50,1790866420763
bf464a,44,1790866420763
1d5c51,52,1790866420763
a53918,57,1790781820763
8dbc97,41,1790781820763
aa4b6f,57,1790781820763
4a2327,20,1790780920763
534400,22,1790866420763
ca22c1,44,1790866420763
457fcf,30,1790781820763
5e1964,50,1790780920763
579555,16,1790781820763
f4b4d3,18,1790780920763
e390e8,55,1790866420763
c353da,22,1790866420763
5ad2be,30,1790866420763
60b82c,36,1790866420763
6998dd,27,1790780920763
a0df19,41,1790781820763
212de0,30,1790781820763
947aa4,38,1790866420763
b3d4c0,16,1790866420763
73fba3,57,1790866420763
c6ae4a,58,1790866420763
69587a,58,1790781820763
504620,56,1790866420763
1b4441,41,1790866420763
b268c1,27,1790781820763
ba14e6,25,1790781820763
5d8732,20,1790866420763
76a3f2,16,1790781820763
9c72eb,21,1790781820763
69595f,56,1790780920763
06f2b6,16,1790866420763
bbebd8,25,1790866420763
b0f5ce,60,1790780920763
6b58f7,41,1790866420763
baa774,58,1790780920763
05fc26,35,1790780920763
04f139,15,1790780920763
bfb4d3,20,1790781820763
e37cfb,53,1790780920763
a2f021,21,1790780920763
8a9d95,22,1790780920763
28ffe6,33,1790866420763
38721c,32,1790780920763
13572c,26,1790781820763
52ffb5,26,1790780920763
b7fb83,48,1790781820763
be735c,16,1790780920763
8aaca9,51,1790866420763
b57c29,43,1790780920763
6dd8c4,53,1790781820763
dda142,31,1790780920763
384eea,48,1790866420763
37574a,46,1790781820763
59a70d,21,1790866420763
0fdd4b,40,1790866420763
1788f4,30,1790866420763
fc023e,34,1790780920763
168e82,39,1790866420763
4654eb,42,1790780920763
14aa80,54,1790780920763
c6d0cd,57,1790781820763
9d9d4d,31,1790780920763
f7cc70,41,1790781820763
7086ec,53,1790781820763
b2a393,23,1790866420763
533156,36,1790780920763
4994ad,16,1790866420763
001c1e,30,1790780920763
2d6a46,39,1790781820763
9a16ee,44,1790781820763
e4d1ce,31,1790866420763
d6bc65,55,1790780920763
938438,37,1790780920763
372a4a,38,1790781820763
fbf9b4,16,1790780920763
441fd1,28,1790866420763
25379d,24,1790866420763
4a09e1,26,1790781820763
932dda,31,1790780920763
b31996,46,1790866420763
a5f76b,23,1790866420763
bc0a30,23,1790781820763
00eae6,51,1790781820763
859c18,32,1790780920763
7050ea,22,1790780920763
49f9b5,55,1790780920763
c37486,15,1790780920763
a52c4d,26,1790866420763
a0fa78,21,1790781820763
5d3f70,18,1790780920763
129be6,40,1790866420763
eab817,21,1790866420763
5d19de,44,1790780920763
c005d2,32,1790866420763
52beba,33,1790781820763
f32d69,47,1790866420763
10925f,53,1790781820763
2dddd9,47,1790866420763
7ea895,46,1790866420763
8e8ed6,41,1790866420763
bf6735,32,1790866420763
3ff1d9,48,1790781820763
7ce08d,53,1790866420763
002baa,18,1790780920763
0afc18,30,1790866420763
e9c5b8,47,1790780920763
1cef1b,21,1790866420763
42cc57,55,1790780920763
29c228,26,1790866420763
640c95,51,1790780920763
c75430,58,1790780920763
4ceaf0,51,1790781820763
7c20f6,37,1790866420763
4a242c,36,1790866420763
e9e4ad,32,1790866420763
439ce4,43,1790866420763
004b86,51,1790781820763
f10ca0,58,1790780920763
bc3ff1,39,1790781820763
fa69ec,29,1790866420763
55f989,53,1790866420763
1f0833,52,1790780920763
a6cc78,45,1790781820763
718708,41,1790866420763
dc1592,57,1790780920763
0cf84c,43,1790866420763
a9f707,50,1790781820763
a9c157,52,1790780920763
2b52c9,31,1790780920763
79d855,34,1790866420763
ab9b67,51,1790781820763
12687f,24,1790780920763
a07636,48,1790866420763
4ff6cb,57,1790780920763
acf54c,58,1790866420763
21ec8c,29,1790780920763
5733f5,28,1790781820763
8ce6a0,37,1790781820763
d4a241,22,1790780920763
183026,18,1790781820763
8b8657,28,1790866420763
b122f9,59,1790780920763
871e03,37,1790780920763
2e46ef,39,1790866420763
7066a1,40,1790781820763
6b5768,37,1790781820763
267a1b,39,1790781820763
a857b6,35,1790866420763
7bc919,45,1790780920763
27055b,44,1790866420763
e08df4,23,1790866420763
0c47e8,56,1790781820763
db7164,22,1790866420763
ab96a6,20,1790781820763
fcc116,31,1790781820763
632344,38,1790780920763
d572d5,18,1790866420763
14b8fd,33,1790781820763
ef624d,49,1790781820763
7d82fd,49,1790781820763
7e3e25,50,1790780920763
d1515e,40,1790866420763
5b672b,29,1790866420763
afe7e2,43,1790780920763
dbae63,40,1790866420763
8b8bba,53,1790781820763
b30090,54,1790780920763
17ad0b,54,1790780920763
2b7018,50,1790781820763
af057c,47,1790780920763
23bd9c,41,1790781820763
49e20f,18,1790781820763
e2ddf1,30,1790780920763
b71690,59,1790866420763
b0a1bd,53,1790780920763
11c8c5,57,1790781820763
b4684d,28,1790780920763
1e28d5,28,1790780920763
7b5d2f,25,1790781820763
ca1956,52,1790780920763
328f70,54,1790780920763
40339d,53,1790781820763
820fd7,58,1790781820763
6c81d2,24,1790780920763
f2b3a4,28,1790866420763
cde6df,15,1790780920763
74ef03,30,1790781820763
3f0a5d,47,1790866420763
868486,29,1790780920763
c2a357,19,1790866420763
96cf7e,24,1790780920763
a0cf75,60,1790780920763
d7261f,27,1790866420763
6c5cf3,29,1790781820763
03a2ed,48,1790780920763
9cbac7,43,1790866420763
7fe817,45,1790866420763
d00fcf,16,1790781820763
d4a9e5,40,1790781820763
be1834,29,1790866420763
cff83c,35,1790866420763
dc6949,35,1790781820763
ab75eb,50,1790781820763
231cd8,35,1790866420763
c74377,17,1790780920763
74cc4c,56,1790780920763
fe7340,51,1790781820763
e00277,44,1790866420763
2de52d,19,1790866420763
555140,22,1790866420763
80750d,43,1790866420763
b3b428,24,1790780920763
b7d1af,45,1790781820763
693f84,23,1790781820763
6d9441,28,1790781820763
74a05f,19,1790866420763
6abab7,23,1790781820763
d173ad,50,1790866420763
4e3d7b,58,1790866420763
51345b,41,1790780920763
85d059,55,1790780920763
45f8db,52,1790781820763
5e5df2,20,1790866420763
9d393c,32,1790781820763
9dcdc4,18,1790866420763
f52700,19,1790866420763
bc9b8b,15,1790781820763
b4761b,40,1790781820763
5e31a2,39,1790866420763
274794,23,1790866420763
8a5dbc,15,1790780920763
665228,51,1790866420763
db6391,55,1790781820763
906a88,35,1790781820763
759695,37,1790780920763
9d08ae,37,1790866420763
8a83ce,30,1790866420763
9ad627,29,1790780920763
3bfebd,47,1790866420763
2bb5e3,20,1790866420763
7474ae,32,1790866420763
c18bd9,46,1790866420763
495582,38,1790866420763
ac679e,26,1790780920763
5b234c,49,1790780920763
487568,60,1790866420763
e19a05,44,1790781820763
be5823,25,1790780920763
c55d42,27,1790866420763
d311b0,16,1790780920763
0710d6,48,1790781820763
5eb0c0,60,1790866420763
d6a682,45,1790781820763
28828b,60,1790866420763
0aa88a,34,1790781820763
943e96,39,1790866420763
a1393f,19,1790781820763
f45280,38,1790866420763
04fe1a,34,1790866420763
45f97a,55,1790866420763
b04201,38,1790866420763
7c4f5d,46,1790780920763
e8d416,20,1790866420763
0be85a,32,1790781820763
ff9550,46,1790781820763
28d392,41,1790781820763
0eab6e,48,1790866420763
a81bce,22,1790866420763
85b55a,18,1790781820763
1108f1,29,1790781820763
d07275,25,1790781820763
6515db,28,1790780920763
afbdf1,39,1790781820763
29504e,52,1790781820763
506e08,26,1790866420763
5d5659,46,1790866420763
e0bae4,32,1790866420763
b15310,60,1790866420763
4b916d,52,1790866420763
fcb8d8,33,1790781820763
c164d3,36,1790781820763
8d0e12,39,1790781820763
28ee18,54,1790866420763
d4f18a,15,1790780920763
065228,51,1790781820763
cff502,20,1790780920763
59fc2e,25,1790780920763
76ecc2,52,1790866420763
401ac4,57,1790781820763
700378,29,1790781820763
a10d23,59,1790780920763
06d474,23,1790781820763
459101,38,1790781820763
e82d94,41,1790781820763
60c5ad,24,1790781820763
3683fe,49,1790866420763
04146d,23,1790780920763
6a4624,60,1790780920763
68c078,42,1790866420763
65cfc8,23,1790866420763
baf8f3,36,1790866420763
5ccefe,21,1790866420763
eb8da6,37,1790780920763
79126e,31,1790866420763
11d759,35,1790781820763
fdf337,30,1790781820763
3e9e96,51,1790780920763
8f2b53,25,1790781820763
a29696,26,1790866420763
8bcfd7,60,1790866420763
d56634,52,1790866420763
964f85,35,1790781820763
17ea9f,53,1790866420763
701a27,15,1790781820763
309d8a,22,1790781820763
a50d59,56,1790780920763
9ca3ea,59,1790781820763
1a070a,16,1790780920763
624ca5,22,1790780920763
13d3a4,33,1790781820763
b13266,35,1790780920763
0d7408,16,1790866420763
de7c8d,23,1790780920763
c2579a,37,1790780920763
04de8a,26,1790781820763
a24980,54,1790780920763
0c24ff,32,1790780920763
b313b8,39,1790866420763
ae38bb,41,1790866420763
40623c,50,1790866420763
0343b6,25,1790866420763
8481ba,44,1790866420763
6aca1f,45,1790781820763
58b623,43,1790866420763
a0198d,21,1790781820763
a4c4dc,16,1790866420763
fa6fcc,49,1790780920763
2a3a0d,35,1790781820763
527903,51,1790780920763
3cd7ab,34,1790866420763
d7cf2c,41,1790780920763
3a6463,25,1790781820763
5f1ef4,26,1790781820763
b4da9e,43,1790866420763
52b326,21,1790780920763
6fcae2,58,1790780920763
2a82eb,31,1790781820763
478417,59,1790781820763
581115,38,1790780920763
beaa93,27,1790781820763
56dc80,51,1790780920763
54d9ea,53,1790866420763
ede4be,43,1790780920763
f3a102,17,1790780920763
467ab3,31,1790866420763
464b0d,33,1790780920763
e7cc26,36,1790781820763
aa6a7a,30,1790781820763
0c1222,36,1790866420763
ebf26a,39,1790781820763
ecddd3,27,1790780920763
0226bb,34,1790780920763
7dc145,20,1790780920763
ba3f16,36,1790780920763
274c05,25,1790781820763
87685e,19,1790780920763
c698e4,52,1790781820763
cd3d5a,55,1790781820763
c6858a,37,1790866420763
1ff744,19,1790780920763
f57881,55,1790780920763
c28a0b,32,1790866420763
e17541,54,1790780920763
bf9c24,22,1790781820763
0dc11b,53,1790781820763
04334e,52,1790866420763
9e83ac,56,1790866420763
45a0a3,56,1790781820763
374be4,60,1790780920763
8d8a99,38,1790866420763
c73fe4,40,1790780920763
44ffd4,22,1790780920763
91caff,41,1790781820763
9c62c8,44,1790866420763
3f6637,19,1790866420763
f35373,57,1790866420763
e14b5a,28,1790780920763
101a4a,21,1790780920763
c2f639,32,1790781820763
d95b03,41,1790781820763
862949,46,1790781820763
63c9ff,21,1790866420763
a44af3,25,1790780920763
07db08,26,1790866420763
e1e338,32,1790781820763
04a6f5,54,1790866420763
6cf8c4,28,1790866420763
58b99a,21,1790866420763
053603,58,1790866420763
11322f,26,1790781820763
db59d2,23,1790780920763
4282da,32,1790781820763
381d54,24,1790866420763
5bf4a8,56,1790781820763
ecd60a,20,1790866420763
fe9aeb,30,1790780920763
a39494,18,1790866420763
0353f4,45,1790780920763
af2a23,41,1790866420763
c3e5af,48,1790781820763
bf2ff4,57,1790866420763
dee041,42,1790781820763
c8e3e9,20,1790780920763
e1eec0,17,1790781820763
c6bb31,44,1790780920763
6229f8,47,1790866420763
d54484,52,1790866420763
efde92,37,1790866420763
6e69f6,24,1790781820763
6fcb4d,37,1790780920763
b50bb1,39,1790866420763
839f24,46,1790866420763
175a99,47,1790780920763
8709a1,24,1790781820763
5e86e4,36,1790780920763
91ee62,18,1790866420763
671bd6,38,1790866420763
552716,44,1790866420763
a96d1d,21,1790780920763
c48826,58,1790781820763
bf3018,24,1790780920763
6b7c5a,38,1790866420763
633d41,29,1790866420763
22c39b,30,1790781820763
98346b,51,1790780920763
2d91a4,22,1790780920763
51799c,33,1790781820763
1fae17,52,1790866420763
eaa57b,47,1790866420763
38dbbe,38,1790780920763
073f3b,38,1790780920763
ca1397,44,1790866420763
7551e5,45,1790866420763
834093,46,1790781820763
b92614,34,1790781820763
5c8e0b,40,1790780920763
53854c,49,1790866420763
d64584,59,1790780920763
763d68,30,1790866420763
081b36,46,1790780920763
932aff,19,1790781820763
8d33da,55,1790780920763
c81bbc,42,1790781820763
9bf286,38,1790866420763
c4dbf9,28,1790781820763
07d4f7,20,1790781820763
a12123,31,1790866420763
38ee52,21,1790866420763
480b4b,53,1790866420763
5f7352,34,1790781820763
e3ec2b,39,1790866420763
2fc852,22,1790866420763
d1e1bb,31,1790866420763
c50688,48,1790866420763
026f45,42,1790866420763
579ca5,24,1790780920763
28a966,28,1790866420763
eb524c,41,1790866420763
126b66,32,1790866420763
2fd6a5,33,1790781820763
d320d1,51,1790866420763
7eab90,25,1790866420763
f3cfa8,23,1790866420763
b36f7c,26,1790781820763
a2b35c,41,1790866420763
943183,57,1790781820763
e2935e,37,1790780920763
89a288,34,1790780920763
446a71,57,1790866420763
1c33e7,52,1790866420763
7cc14f,60,1790866420763
75d782,21,1790866420763
94f627,17,1790781820763
98d673,23,1790781820763
f0a6fa,17,1790780920763
baf928,41,1790781820763
5f26ab,25,1790780920763
c9da83,46,1790780920763
a5b0fa,30,1790781820763
e8ed01,57,1790780920763
5ee7fd,60,1790780920763
4368ee,41,1790781820763
95530a,59,1790780920763
8bad95,15,1790866420763
4ae2ff,24,1790780920763
1fd022,31,1790780920763
88c6bc,18,1790780920763
5e85ee,21,1790866420763
46ec8b,15,1790780920763
f1bca5,42,1790866420763
049e00,48,1790780920763
cec36f,44,1790866420763
020d78,39,1790780920763
3731a3,19,1790866420763
02e215,45,1790781820763
1c5432,59,1790781820763
260eca,24,1790780920763
160a2b,40,1790780920763
20e5b4,24,1790866420763
4d878d,45,1790781820763
443bee,43,1790866420763
9fc61b,53,1790866420763
3fa070,31,1790781820763
9af640,38,1790781820763
aaf648,23,1790866420763
e69029,34,1790866420763
9188e8,33,1790866420763
e937f7,39,1790866420763
a1c54e,57,1790866420763
3bafaa,32,1790780920763
1692d2,18,1790866420763
ab3bad,36,1790781820763
fe39ab,41,1790780920763
d8a8b3,29,1790780920763
f82eaf,56,1790866420763
b68509,38,1790781820763
0827f1,25,1790781820763
827066,21,1790781820763
a97918,29,1790781820763
3c5f5b,56,1790781820763
ea2eb7,23,1790780920763
571470,49,1790780920763
967209,20,1790866420763
e96487,43,1790866420763
8179ad,30,1790866420763
13b7fc,26,1790781820763
3607a8,42,1790780920763
3fe6d9,44,1790866420763
147350,44,1790866420763
e2ebbc,39,1790781820763
c3d216,41,1790781820763
2a3291,34,1790780920763
a5a4c3,56,1790866420763
c281fe,48,1790866420763
028cce,27,1790781820763
848174,30,1790866420763
8ebb67,37,1790866420763
6b69ac,41,1790866420763
25ae71,59,1790781820763
74a36b,45,1790866420763
20f4df,60,1790781820763
40958a,27,1790780920763
e3f603,53,1790780920763
04d7f7,55,1790866420763
bf2ca1,54,1790781820763
b67f5f,36,1790866420763
e08999,59,1790866420763
7f48c0,17,1790780920763
bb14b3,46,1790781820763
e81087,21,1790780920763
d0e52a,17,1790780920763
79e275,37,1790781820763
a8a0ff,40,1790781820763
8b80aa,50,1790780920763
c96be4,51,1790781820763
4abc19,33,1790866420763
c67664,35,1790866420763
d85548,60,1790781820763
e3c0a1,15,1790781820763
b83c51,27,1790780920763
05289c,16,1790781820763
798487,51,1790780920763
f3646e,41,1790780920763
a86a3e,25,1790866420763
a2c1d6,48,1790866420763
ef86a9,56,1790866420763
411700,45,1790781820763
f3f84c,42,1790866420763
1aa6a6,34,1790866420763
caaf08,19,1790780920763
826faa,35,1790780920763
82242b,20,1790866420763
e49f3d,37,1790780920763
bd1c69,43,1790781820763
59a111,40,1790780920763
2fda14,40,1790866420763
4a2eac,33,1790781820763
dbc07b,44,1790780920763
9ffbbe,46,1790781820763
aaee51,48,1790781820763
31f2b0,16,1790866420763
eabbfe,49,1790780920763
b172ef,40,1790781820763
85f040,38,1790781820763
8618a3,33,1790781820763
fbd13a,51,1790781820763
53e9f1,60,1790866420763
d67b46,44,1790866420763
1067fd,17,1790866420763
5d7598,35,1790866420763
55d62a,19,1790780920763
9fbfcf,23,1790781820763
ece612,15,1790780920763
a7e7c0,55,1790780920763
27cbca,39,1790780920763
87d8bd,35,1790866420763
598b76,22,1790866420763
db12a8,31,1790780920763
df53c1,40,1790781820763
25baf9,30,1790866420763
bd4893,45,1790781820763
14ba33,21,1790866420763
16cfae,55,1790780920763
6683b0,25,1790866420763
71064e,49,1790781820763
2e2214,28,1790866420763
dfcd1c,34,1790780920763
5b7160,26,1790781820763
bd1aba,32,1790780920763
f1ddfd,32,1790866420763
4c4579,55,1790781820763
0c3a75,37,1790781820763
6b1952,49,1790866420763
051a5e,28,1790866420763
68a6ab,37,1790781820763
04fd49,57,1790781820763
ccffb7,45,1790780920763
b241ed,17,1790780920763
9ca6dc,46,1790780920763
e07fde,22,1790780920763
6f4842,42,1790866420763
d02d8b,49,1790780920763
3218cd,48,1790780920763
ea6ade,36,1790780920763
bcaa5d,30,1790780920763
92f0f5,20,1790866420763
1856e1,16,1790780920763
67d8ce,25,1790780920763
e769ce,25,1790781820763
dd4db6,41,1790780920763
cb547a,31,1790781820763
5ffe5e,26,1790781820763
b2f3a6,55,1790866420763
e10ca3,31,1790866420763
2c1878,35,1790866420763
367b1f,34,1790780920763
0c1fba,47,1790780920763
dd1830,46,1790780920763
bec197,58,1790780920763
b4016e,37,1790780920763
4290a9,58,1790780920763
4b4a2d,57,1790780920763
87c1eb,36,1790866420763
73ca4a,56,1790866420763
cb1967,44,1790866420763
62fad2,31,1790866420763
ca7937,31,1790780920763
9f0b03,47,1790866420763
b59411,25,1790866420763
cb2e99,23,1790866420763
edf247,47,1790866420763
bbbba1,52,1790781820763
7fb24e,34,1790781820763
39a74b,24,1790781820763
05436a,16,1790781820763
54ff78,27,1790866420763
84f037,41,1790781820763
6e2893,27,1790866420763
dc8e92,30,1790780920763
8e7181,31,1790866420763
ba60df,35,1790866420763
4f56f3,45,1790866420763
d7a50a,56,1790866420763
3eb414,22,1790781820763
188f19,15,1790781820763
5ded6e,49,1790780920763
a5863a,52,1790781820763
7bb51a,52,1790866420763
06ba1e,48,1790780920763
e8d45b,27,1790781820763
be6313,58,1790781820763
62c975,15,1790866420763
23cea3,20,1790866420763
fcd85e,20,1790781820763
3da728,34,1790866420763
2dd339,46,1790780920763
39353c,28,1790781820763
8e0ef6,43,1790780920763
f4ed59,42,1790781820763
0f9c0e,24,1790780920763
601845,54,1790780920763
9a6b40,18,1790781820763
0d700b,52,1790866420763
20e30e,40,1790866420763
04f83c,43,1790780920763
1e4f92,58,1790866420763
9a2c70,19,1790781820763
b17fe9,32,1790781820763
a8748c,43,1790780920763
d118bc,53,1790866420763
44e863,32,1790781820763
97ae38,24,1790866420763
a1d3cf,52,1790780920763
ed8c13,40,1790780920763
41bfdf,31,1790780920763
17b6b3,60,1790781820763
25566f,22,1790781820763
6c438a,54,1790780920763
9152de,54,1790780920763
2683e1,23,1790866420763
66084c,29,1790780920763
4d2524,36,1790780920763
ee5d87,35,1790781820763
837b3c,15,1790780920763
d9a85d,15,1790781820763
67c9b1,28,1790780920763
f4d730,60,1790780920763
2eafd4,41,1790780920763
50892f,15,1790781820763
0e2bcb,18,1790781820763
6463e2,24,1790781820763
f80176,19,1790780920763
3ebbb9,58,1790781820763
6ede43,17,1790780920763
1bf187,36,1790866420763
26eb64,19,1790866420763
54294c,58,1790780920763
c73e63,39,1790781820763
b490c8,23,1790866420763
00c101,50,1790866420763
9ac93a,17,1790866420763
b3a34e,49,1790780920763
38295e,42,1790780920763
f91ad5,37,1790781820763
f17396,44,1790781820763
cab845,44,1790781820763
646ff5,27,1790866420763
136933,49,1790780920763
4fe351,19,1790781820763
db187d,45,1790781820763
d5c17c,57,1790781820763
a31fd8,54,1790781820763
183854,42,1790866420763
1bd21f,45,1790866420763
f61927,47,1790781820763
845b1e,24,1790781820763
70f44c,54,1790781820763
0f6eed,53,1790866420763
b0e339,22,1790780920763
c7636c,50,1790780920763
34e474,60,1790866420763
a02a8b,52,1790780920763
acbccb,57,1790866420763
27d567,60,1790866420763
398895,38,1790781820763
8e0662,59,1790866420763
97a9bb,48,1790866420763
069283,28,1790780920763
fa0686,52,1790780920763
453414,18,1790866420763
5cdfc3,59,1790866420763
78ca9d,25,1790866420763
e3e61e,57,1790781820763
a9787e,49,1790781820763
2d24ef,18,1790781820763
fa464b,18,1790780920763
49534d,40,1790866420763
a2c7a8,58,1790780920763
77bd9a,35,1790866420763
e6b862,52,1790866420763
038b56,18,1790866420763
4eff19,41,1790866420763
ca9c72,45,1790866420763
769267,28,1790866420763
4cb734,29,1790780920763
bbe620,32,1790866420763
ee69fc,35,1790866420763
65fd44,46,1790781820763
e4a462,48,1790866420763
a4be75,56,1790866420763
2becad,57,1790781820763
a1ad7c,18,1790866420763
0964c0,48,1790781820763
e17a66,46,1790780920763
6cae3a,48,1790781820763
2a92ff,40,1790866420763
629b6c,36,1790780920763
d691df,37,1790781820763
665bdd,35,1790781820763
fa8683,32,1790781820763
20cf7b,40,1790866420763
7eb788,49,1790866420763
5b8889,46,1790780920763
741088,51,1790780920763
36e26c,16,1790780920763
6aa5aa,38,1790780920763
86f943,21,1790780920763
da65a5,54,1790866420763
419ccd,37,1790866420763
63f564,59,1790781820763
3fa172,29,1790780920763
b20ffc,35,1790781820763
39ccc7,56,1790866420763
b1f0ca,54,1790866420763
aed8c4,25,1790781820763
b4f873,49,1790866420763
69f3ff,36,1790781820763
331f36,45,1790780920763
d4eb13,40,1790866420763
271a39,16,1790781820763
f9bf31,35,1790781820763
bf5dcc,32,1790780920763
24db7c,21,1790781820763
b75f1a,49,1790780920763
fd0adc,59,1790866420763
c2031d,23,1790866420763
3fbd66,19,1790780920763
e0288f,31,1790780920763
841297,23,1790781820763
ececaa,51,1790866420763
099658,50,1790866420763
75e5ad,30,1790866420763
962e3e,30,1790780920763
2fed14,38,1790866420763
c89c3c,44,1790781820763
0afd17,34,1790780920763
c492a0,33,1790866420763
81c2e5,25,1790866420763
f8ff8e,48,1790780920763
6f79fa,53,1790781820763
66584e,51,1790866420763
d271d2,22,1790780920763
c5dc66,50,1790780920763
8893c1,48,1790866420763
ae5da3,38,1790780920763
7c3124,19,1790780920763
dbf74c,29,1790866420763
56d9a3,34,1790780920763
93fae9,58,1790781820763
4b13b0,60,1790780920763
0418ea,22,1790781820763
c6a957,54,1790780920763
fec73c,42,1790781820763
ec08d3,37,1790780920763
90ab1b,51,1790866420763
5d548e,41,1790781820763
fc2ea4,24,1790780920763
7e330c,25,1790780920763
2659bb,44,1790781820763
fdf655,53,1790781820763
d6a976,48,1790866420763
90b2f0,42,1790866420763
2684b1,39,1790866420763
42ff1e,33,1790780920763
44a67b,17,1790781820763
b9b787,21,1790866420763
268b00,52,1790866420763
524b18,55,1790866420763
02e82a,51,1790780920763
1d3e7b,45,1790781820763
e6778a,36,1790781820763
4cc953,59,1790780920763
1649b2,28,1790866420763
9268ca,15,1790866420763
0bdb56,31,1790780920763
0eb698,41,1790781820763
dec09d,58,1790780920763
6a39b2,36,1790781820763
38b24c,47,1790781820763
9cf70a,26,1790781820763
b3b35a,57,1790781820763
db2fa0,15,1790780920763
0f7e1e,26,1790866420763
4da308,26,1790866420763
f4e8e7,15,1790866420763
4acc32,16,1790866420763
8b0b6f,39,1790780920763
ad4d6e,28,1790781820763
40c349,48,1790866420763
66aea2,35,1790780920763
45eb37,20,1790781820763
648998,19,1790780920763
5dbc6a,49,1790866420763
b12bc0,40,1790780920763
5df5cb,41,1790866420763
cd55df,35,1790781820763
a993b4,50,1790780920763
0fe5ab,47,1790866420763
2194c3,41,1790866420763
55eb20,50,1790781820763
3a7148,26,1790866420763
d2c8dd,19,1790866420763
111254,44,1790780920763
47f501,37,1790780920763
2a8073,48,1790781820763
5b7874,35,1790866420763
008bde,39,1790866420763
da94ee,43,1790781820763
22b26e,56,1790780920763
dc108d,26,1790780920763
143b20,37,1790781820763
3b6ba2,36,1790780920763
a6041d,53,1790780920763
abadc1,50,1790780920763
c546ad,42,1790866420763
cbd850,16,1790780920763
0a3ec5,23,1790781820763
5fbf1f,52,1790866420763
9ee913,24,1790866420763
c5959f,52,1790781820763
af0af3,44,1790781820763
b5ad3f,25,1790781820763
7abcc6,60,1790780920763
6406d4,16,1790866420763
7226d7,35,1790780920763
061115,42,1790781820763
88a060,38,1790866420763
710429,36,1790866420763
bd3f4c,46,1790780920763
0b05c5,15,1790866420763
580529,19,1790781820763
78ebbd,21,1790781820763
f7c15f,31,1790781820763
639cc3,21,1790781820763
8b9eae,24,1790781820763
5771e3,48,1790780920763
eedd88,45,1790866420763
c4f388,48,1790781820763
065a54,25,1790866420763
cde738,15,1790780920763
ba5705,58,1790780920763
42336b,19,1790780920763
609056,37,1790866420763
c046cf,38,1790780920763
9bcfa4,59,1790781820763
1405b5,56,1790781820763
c21d53,46,1790780920763
ab0f6e,22,1790781820763
161ad1,31,1790781820763
8f02e3,50,1790780920763
e589e1,57,1790781820763
d65aeb,20,1790780920763
5fb3fb,42,1790866420763
3942c9,57,1790781820763
5d9eab,25,1790780920763
7a988f,24,1790780920763
d04d76,21,1790781820763
1c37eb,26,1790866420763
c9270a,54,1790780920763
03dab9,49,1790781820763
2cd7a0,47,1790781820763
2fd264,53,1790781820763
6513b8,18,1790780920763
b258d6,18,1790780920763
c31882,52,1790781820763
9802a0,51,1790781820763
37a893,55,1790781820763
5c8122,29,1790780920763
48e390,16,1790866420763
b5c131,59,1790866420763
ef3066,28,1790866420763
9fd39b,49,1790781820763
cb9044,39,1790866420763
3a5aed,46,1790780920763
2e9abe,55,1790781820763
241bbe,51,1790866420763
886599,47,1790866420763
cf582a,25,1790866420763
31b8cc,45,1790781820763
db27be,31,1790866420763
b4f3af,56,1790781820763
570714,18,1790866420763
6acab4,58,1790780920763
ebf596,16,1790781820763
4d0963,51,1790866420763
4c2509,49,1790866420763
6b2dde,51,1790781820763
6667b5,31,1790781820763
c66632,17,1790866420763
21fdcd,50,1790781820763
3f227d,41,1790780920763
8d3153,43,1790780920763
348414,21,1790866420763
fc36a5,22,1790780920763
968888,58,1790780920763
a45dab,36,1790781820763
1eb1bc,36,1790780920763
44b421,60,1790780920763
77ab77,44,1790866420763
83f1c9,25,1790781820763
a241d9,24,1790866420763
9ea04c,18,1790866420763
8e0925,60,1790866420763
5ef54f,59,1790781820763
1076af,42,1790781820763
884cac,35,1790780920763
9530b2,39,1790780920763
4b4285,17,1790781820763
ff2ee5,37,1790780920763
42af3a,36,1790781820763
35df1a,26,1790866420763
b82f6c,48,1790866420763
dfc926,37,1790781820763
6b3f68,20,1790781820763
9dcdec,47,1790780920763
1b5d61,56,1790866420763
dc4eee,50,1790781820763
921b94,20,1790781820763
1badd2,52,1790866420763
0f21a9,24,1790781820763
ae49eb,56,1790866420763
f43c5f,16,1790866420763
264408,56,1790781820763
7e5c68,42,1790780920763
1d34f7,36,1790781820763
74a693,60,1790780920763
3c5995,58,1790780920763
5686bc,44,1790780920763
95e7ee,20,1790780920763
07e174,19,1790866420763
98c5d4,19,1790780920763
ed699c,31,1790866420763
bf1822,45,1790866420763
d2f431,35,1790780920763
1f5901,32,1790780920763
f0f841,15,1790780920763
7e60d3,37,1790866420763
08c70b,48,1790866420763
c77f10,58,1790781820763
facdb9,58,1790780920763
06f451,41,1790781820763
14ce20,34,1790780920763
7b4163,37,1790780920763
d4b1d7,31,1790780920763
2122e1,30,1790781820763
136581,28,1790780920763
983ac9,36,1790780920763
82fa28,45,1790866420763
40559c,42,1790780920763
334dad,15,1790866420763
776421,41,1790781820763
127c3f,40,1790866420763
055e33,34,1790781820763
b9d88c,23,1790781820763
0fd7e9,52,1790780920763
974850,17,1790866420763
e34fbc,26,1790780920763
1b7087,27,1790781820763
a64965,38,1790781820763
c6358b,27,1790781820763
9e5988,35,1790866420763
6b548f,53,1790866420763
f102c0,38,1790781820763
eac787,30,1790781820763
fdba54,29,1790781820763
282c19,34,1790780920763
6d8db5,55,1790781820763
51eb1e,38,1790781820763
c4661d,19,1790781820763
6b7b7e,54,1790781820763
3b27f3,36,1790780920763
776c5a,34,1790780920763
ab61c6,54,1790780920763
540837,44,1790866420763
c594ec,39,1790780920763
9c23db,42,1790781820763
bdc61e,49,1790780920763
5b044e,20,1790780920763
c201da,20,1790780920763
f0b7ff,36,1790781820763
ad476f,19,1790781820763
67ab13,23,1790866420763
9f874c,18,1790780920763
08b669,26,1790866420763
138b6a,47,1790781820763
09815e,17,1790866420763
f0f255,44,1790866420763
db8623,57,1790780920763
aa0678,52,1790781820763
46c095,29,1790781820763
ff6008,60,1790866420763
9946d7,26,1790780920763
161862,41,1790780920763
66c157,26,1790780920763
a5e317,24,1790866420763
5862cd,40,1790866420763
477fa9,27,1790866420763
b0ca44,27,1790781820763
e1887c,23,1790781820763
8a985e,35,1790866420763
14d394,41,1790780920763
546de5,28,1790866420763
81bf1c,41,1790780920763
0c52ab,58,1790866420763
65dd3e,41,1790780920763
06845d,30,1790866420763
d918c5,47,1790781820763
1b26d8,33,1790866420763
f3837a,41,1790781820763
7df99c,43,1790780920763
cda289,59,1790781820763
77f8af,38,1790866420763
95e1d9,58,1790781820763
0de847,40,1790866420763
eb1d84,46,1790781820763
4eeb8c,23,1790866420763
43193d,57,1790781820763
848b51,50,1790780920763
de560f,33,1790781820763
e01870,34,1790866420763
309320,18,1790781820763
b299c9,50,1790866420763
e70141,30,1790780920763
6afe7c,56,1790866420763
632bd9,31,1790780920763
2dfed9,58,1790866420763
5303f2,31,1790781820763
c2421d,23,1790781820763
509e2c,51,1790781820763
8dd237,41,1790866420763
5ca809,33,1790780920763
451dcf,50,1790780920763
840429,58,1790866420763
55557e,54,1790866420763
202ed3,29,1790866420763
95840f,22,1790781820763
db9885,32,1790781820763
3d626d,25,1790780920763
9973c5,15,1790781820763
559df5,55,1790781820763
1ecc3e,19,1790781820763
10f205,43,1790781820763
996da5,53,1790780920763
13800b,36,1790780920763
942122,35,1790780920763
efbafb,28,1790780920763
f05bee,35,1790780920763
c60cf9,36,1790780920763
f89bf1,16,1790780920763
11a35f,54,1790781820763
15c544,38,1790780920763
e612fc,19,1790866420763
6f5bd2,60,1790780920763
5d4a53,31,1790866420763
507ff8,59,1790780920763
bbbea3,57,1790781820763
2b04f7,59,1790781820763
f8037b,19,1790780920763
1f8538,49,1790866420763
d6dcd0,31,1790780920763
cd2d04,51,1790866420763
7c5a9e,15,1790780920763
58cba6,30,1790780920763
841d91,37,1790866420763
d14b9f,18,1790781820763
4991a2,43,1790781820763
138256,44,1790781820763
44b515,46,1790780920763
606261,18,1790781820763
1f5cfb,22,1790780920763
81cd08,28,1790780920763
92d000,48,1790781820763
d6a84f,56,1790866420763
8a2c3d,38,1790780920763
521860,25,1790781820763
88b094,60,1790781820763
8bfb8f,57,1790866420763
92d361,37,1790866420763
4b305c,50,1790866420763
98a4b5,33,1790780920763
640b43,26,1790780920763
967303,58,1790781820763
dc8c22,27,1790780920763
5cc151,27,1790780920763
c012d1,28,1790866420763
c53923,18,1790781820763
ee2bda,51,1790780920763
a46fee,33,1790781820763
5f7831,24,1790781820763
1c1d43,38,1790866420763
5860b0,42,1790866420763
d6eacc,18,1790780920763
884a73,45,1790866420763
654216,17,1790781820763
9eee7d,27,1790866420763
e48c2c,58,1790780920763
096f54,44,1790780920763
85097f,40,1790780920763
d9d69c,59,1790866420763
ab1487,16,1790866420763
dc348f,32,1790780920763
faf477,31,1790780920763
65b245,52,1790781820763
6e6e85,26,1790780920763
35e1b9,56,1790780920763
eb66d8,42,1790780920763
0ff7e4,55,1790866420763
41f8e1,28,1790780920763
6845e7,44,1790780920763
e021e9,47,1790781820763
031c4e,22,1790781820763
96787d,27,1790781820763
788b06,46,1790780920763
23ce1b,49,1790781820763
e0bf4a,22,1790781820763
a901d9,22,1790781820763
2d9d0e,44,1790780920763
c14929,60,1790780920763
c033cc,35,1790866420763
c583f1,15,1790781820763
d3d5ed,34,1790781820763
3e65bc,25,1790781820763
6cee91,50,1790780920763
51f2bd,42,1790781820763
58fef9,33,1790866420763
f5daea,59,1790866420763
abf501,30,1790781820763
3315d1,34,1790781820763
91e5d3,32,1790781820763
d324a0,33,1790866420763
729a95,59,1790781820763
f4571b,25,1790780920763
82aa89,16,1790866420763
3b99a0,59,1790781820763
0b2429,46,1790781820763
a95597,52,1790781820763
9b2ef8,17,1790781820763
19a257,50,1790780920763
87fc03,35,1790866420763
af9657,56,1790781820763
bf09f9,48,1790781820763
5c768e,24,1790866420763
252597,48,1790866420763
3fdc36,22,1790781820763
ccc3b5,60,1790780920763
b077d2,26,1790866420763
b6d248,47,1790866420763
4a4527,15,1790781820763
985726,24,1790781820763
01f904,48,1790780920763
8f6680,39,1790781820763
f3e1e5,19,1790780920763
583b27,51,1790780920763
9bf16c,60,1790781820763
84bbdd,22,1790781820763
582b0f,23,1790866420763
81efad,35,1790780920763
ae8aaa,50,1790780920763
62a796,57,1790780920763
1e3bce,48,1790866420763
b3e930,43,1790781820763
224594,60,1790866420763
a1d376,18,1790780920763
a81bca,48,1790781820763
6c3c7f,27,1790780920763
0e3c45,21,1790866420763
68630d,32,1790781820763
1dce4b,59,1790866420763
2f899b,15,1790780920763
7561d8,31,1790780920763
a50cd7,32,1790780920763
258471,41,1790781820763
30b713,54,1790780920763
002370,23,1790866420763
6f5d2a,20,1790781820763
0d7701,29,1790781820763
0d9576,45,1790866420763
6739b5,42,1790781820763
c20e22,42,1790866420763
f456cf,52,1790780920763
31c47d,38,1790866420763
7f05ea,59,1790780920763
ffed07,26,1790866420763
929baa,16,1790780920763
bcbc44,54,1790780920763
9af061,34,1790780920763
4be5b9,15,1790781820763
1b40a8,43,1790780920763
a33bb0,55,1790781820763
fb604d,29,1790781820763
c64bd9,15,1790866420763
811869,55,1790866420763
3d2062,55,1790780920763
9c96e2,22,1790780920763
ba13c2,48,1790866420763
f4a69c,52,1790781820763
3d8e4f,53,1790780920763
0e657e,33,1790780920763
1d8a87,50,1790781820763
543200,30,1790780920763
c81152,17,1790781820763
aa2d77,21,1790780920763
0fe355,32,1790866420763
28706f,46,1790781820763
fa2e63,36,1790780920763
f55c77,16,1790866420763
2f9885,55,1790866420763
407b8a,20,1790866420763
136aab,55,1790781820763
c4a53b,17,1790780920763
9ab229,17,1790866420763
45c1ae,59,1790780920763
7b1782,25,1790781820763
1389e0,48,1790866420763
f88ad9,37,1790780920763
9a0582,38,1790866420763
ddfa19,23,1790780920763
7758fd,54,1790781820763
8f1e90,43,1790780920763
d12c43,17,1790780920763
74eda7,33,1790781820763
62d7c0,57,1790866420763
b5c7d9,47,1790781820763
85c40b,37,1790781820763
60207e,35,1790780920763
6e93eb,28,1790780920763
f124e7,58,1790781820763
ef4585,37,1790781820763
d4703a,40,1790781820763
2dbc01,39,1790780920763
09bf16,18,1790781820763
86ddbe,44,1790780920763
bc8fcf,49,1790781820763
87496b,35,1790866420763
6592e1,26,1790866420763
77d173,36,1790781820763
90046a,27,1790780920763
7cf68e,22,1790866420763
9f81ad,52,1790781820763
234101,50,1790780920763
c044b9,24,1790781820763
4a544d,16,1790780920763
1b4db6,38,1790781820763
a21cb4,15,1790866420763
568483,32,1790866420763
8e526f,44,1790780920763
5b32dc,23,1790781820763
e7fea7,50,1790781820763
e943ab,23,1790780920763
d8bfbc,19,1790781820763
494c21,26,1790866420763
6157f9,52,1790866420763
070d43,42,1790866420763
2813a3,23,1790780920763
7f5e99,34,1790780920763
84d661,31,1790781820763
742fc2,42,1790780920763
ab1558,28,1790780920763
a97b05,39,1790781820763
9bf235,55,1790781820763
1e22f2,30,1790781820763
5b03f8,40,1790866420763
eb78fc,50,1790866420763
591974,31,1790780920763
f01b01,39,1790780920763
b76e6b,27,1790781820763
fb057c,15,1790781820763
cff958,31,1790780920763
1e9c20,33,1790866420763
69fd1a,31,1790781820763
e8bd7c,37,1790781820763
a631ae,60,1790781820763
673996,31,1790866420763
97ccd7,20,1790866420763
5d4aaa,16,1790781820763
51cda6,30,1790780920763
88b977,43,1790781820763
b772a8,18,1790866420763
0e882a,50,1790866420763
477af5,30,1790866420763
f04091,15,1790781820763
b32fc3,45,1790780920763
181e68,17,1790866420763
a85a71,35,1790781820763
586580,40,1790781820763
efc344,58,1790866420763
0b7f15,44,1790866420763
cf2470,33,1790866420763
b89cac,18,1790866420763
508b49,57,1790866420763
7c55ea,36,1790781820763
5fdffe,44,1790866420763
dd328c,38,1790780920763
0003f4,59,1790866420763
bf1052,30,1790780920763
aa81c8,40,1790781820763
d356d6,45,1790780920763
b31e30,49,1790780920763
8af9b0,41,1790866420763
cf3d72,52,1790781820763
540a72,37,1790781820763
53e2b2,55,1790781820763
f5e8ad,20,1790780920763
4c1828,33,1790781820763
5ac51b,21,1790781820763
132ca2,44,1790780920763
31ecc8,51,1790781820763
b7e78f,17,1790780920763
678718,39,1790866420763
2cbca3,37,1790780920763
6a7834,55,1790781820763
b295a6,16,1790781820763
e8bf2b,56,1790866420763
1f1d5c,27,1790780920763
53dea7,50,1790781820763
655deb,50,1790866420763
5e5644,26,1790781820763
1816bb,20,1790781820763
d9340c,33,1790866420763
00ee99,53,1790866420763
fb51b3,46,1790866420763
f77670,46,1790781820763
fc515a,50,1790780920763
00bd54,15,1790866420763
d3bb50,34,1790780920763
98d11d,56,1790781820763
877d1b,48,1790780920763
a48052,50,1790866420763
83a7dc,58,1790866420763
7cb251,29,1790780920763
8fec76,16,1790780920763
f4dfb7,42,1790780920763
fb26f2,38,1790781820763
5394a4,26,1790866420763
2c14a5,20,1790866420763
2fa5e0,42,1790780920763
52fe62,41,1790866420763
d49853,55,1790866420763
fed564,59,1790781820763
314c43,16,1790781820763
78a633,32,1790866420763
3e31b8,22,1790781820763
347aba,47,1790781820763
b09cde,59,1790781820763
f2c370,24,1790780920763
579a26,46,1790781820763
dddcd0,25,1790781820763
55c9bb,39,1790781820763
3a4ae8,35,1790781820763
c7afa8,42,1790780920763
c98ddb,26,1790866420763
d4ac87,20,1790866420763
77ddcc,26,1790866420763
d0ea6b,16,1790780920763
45b4a6,54,1790780920763
a1c6f4,20,1790780920763
e0f7e1,19,1790866420763
6edb70,26,1790781820763
821ac3,31,1790866420763
2a7bf9,40,1790781820763
828d33,55,1790866420763
7445d7,58,1790781820763
ef22bc,36,1790781820763
0f3662,53,1790781820763
bdc4d3,37,1790866420763
ba5da7,17,1790781820763
39cdce,50,1790866420763
73af1d,59,1790781820763
c1c3ad,25,1790780920763
e8e2cb,34,1790780920763
d0371d,15,1790780920763
62f05c,58,1790780920763
d955a8,21,1790781820763
0a52c6,47,1790781820763
2f8908,49,1790781820763
c8b5f7,50,1790780920763
f04fea,17,1790781820763
3fb512,52,1790780920763
5d8e8e,44,1790781820763
4dae35,47,1790780920763
5eeb6a,49,1790781820763
d01d3c,50,1790866420763
094e2b,54,1790780920763
5d4d57,15,1790866420763
8e9719,21,1790866420763
a54650,15,1790866420763
db5d31,41,1790866420763
5cb3f6,58,1790781820763
535d5a,37,1790781820763
707a86,42,1790781820763
4d5c27,30,1790780920763
1e546a,46,1790866420763
6ee831,37,1790866420763
3e31c4,46,1790866420763
1f4ac4,18,1790780920763
60c154,43,1790781820763
553fd3,17,1790780920763
753c51,22,1790866420763
53094a,24,1790780920763
0558a6,38,1790866420763
8ddfca,19,1790780920763
142984,23,1790780920763
510989,19,1790866420763
77dc60,33,1790781820763
4c8af7,22,1790866420763
92902d,56,1790780920763
9991d8,22,1790780920763
5cf35f,50,1790780920763
12dfec,17,1790780920763
9c16ca,32,1790866420763
09f471,55,1790780920763
fced40,16,1790781820763
ec501e,52,1790866420763
65237f,50,1790780920763
b6035c,24,1790781820763
d2c62e,47,1790781820763
99db77,58,1790866420763
8a8c76,44,1790780920763
ee35fc,25,1790781820763
b6a605,33,1790780920763
82ac28,31,1790781820763
b0bbaa,28,1790866420763
9cebc8,19,1790866420763
e9255d,25,1790866420763
cfcd41,31,1790780920763
d3ec33,21,1790781820763
faf1ac,34,1790780920763
52f6de,29,1790866420763
7ac520,40,1790780920763
5fdd4e,28,1790866420763
266e5c,53,1790866420763
66cd26,31,1790781820763
4dc313,40,1790866420763
d07be1,52,1790780920763
77027a,24,1790781820763
039473,19,1790781820763
d9c8a9,52,1790781820763
a0d3fb,36,1790866420763
0933a1,21,1790780920763
46b8d7,49,1790866420763
d09530,35,1790780920763
187499,31,1790781820763
87a477,57,1790866420763
7e8f69,58,1790866420763
288bb1,38,1790781820763
46fc56,59,1790781820763
2e0242,37,1790780920763
6918a8,51,1790866420763
c53388,17,1790781820763
75fcb4,22,1790866420763
5ea2b6,21,1790780920763
740b4d,55,1790866420763
80d72c,44,1790780920763
cf2b6b,40,1790866420763
808c71,33,1790780920763
712c8f,38,1790781820763
047326,53,1790866420763
4d2e22,58,1790780920763
4428ce,28,1790780920763
264e74,37,1790781820763
9376ef,49,1790780920763
8c6c1b,36,1790781820763
261ad3,58,1790780920763
8d3238,50,1790781820763
76f196,59,1790781820763
363db9,37,1790780920763
692904,53,1790781820763
bb3ab1,15,1790866420763
f53827,18,1790866420763
0da27c,48,1790780920763
3753f7,44,1790866420763
336dc1,49,1790780920763
69bba8,20,1790866420763
cd1528,50,1790866420763
8614b6,60,1790866420763
4b522c,53,1790781820763
eb0bd8,42,1790780920763
cf01da,16,1790866420763
20e488,57,1790866420763
3fb082,30,1790866420763
ca0ba0,15,1790866420763
55dadc,33,1790866420763
20adc1,24,1790781820763
8177ac,43,1790866420763
caba92,43,1790866420763
e9fe51,43,1790780920763
f48c80,19,1790780920763
2a8a9c,60,1790780920763
1dfe8f,33,1790780920763
94bdd3,47,1790780920763
36a98f,47,1790866420763
5f0930,35,1790781820763
898f44,21,1790780920763
2761ad,35,1790866420763
fa33e9,43,1790780920763
c5156e,36,1790781820763
2b94eb,53,1790781820763
a1a6fb,47,1790866420763
aaa1f8,36,1790781820763
0298bb,54,1790780920763
d691a5,44,1790866420763
0553fa,25,1790780920763
bfb94b,26,1790866420763
b642c5,36,1790781820763
1ff332,53,1790781820763
a10a56,52,1790781820763
6fb966,42,1790866420763
2649d5,31,1790780920763
e4c017,36,1790781820763
3807b7,37,1790866420763
0d1c1b,28,1790866420763
941044,35,1790866420763
7c7d28,52,1790781820763
62b8e2,33,1790866420763
777e4b,45,1790781820763
2cacc6,17,1790780920763
fb85c5,26,1790781820763
466aa1,59,1790781820763
5bcf90,33,1790780920763
2f6739,37,1790866420763
2126f5,43,1790866420763
9c458d,16,1790780920763
708de8,37,1790866420763
81de25,29,1790781820763
91fae3,33,1790781820763
4c9455,15,1790780920763
f8cdb3,51,1790866420763
679ef7,33,1790780920763
76014b,34,1790866420763
3c9a24,27,1790781820763
519dd2,38,1790780920763
a60976,18,1790780920763
77d345,28,1790866420763
320a62,36,1790781820763
874c60,55,1790866420763
0e77a5,42,1790781820763
0ea984,27,1790780920763
72fd2d,47,1790780920763
c4492e,39,1790781820763
062c7a,41,1790866420763
48561e,53,1790866420763
6f155c,22,1790866420763
7bffbb,41,1790866420763
89a3e1,52,1790866420763
fd49cc,49,1790780920763
1a68ea,53,1790780920763
9c5bd8,38,1790781820763
a5fa0e,54,1790781820763
8b9f76,43,1790780920763
789530,21,1790780920763
e8c706,27,1790780920763
df10d0,52,1790780920763
9b2af4,34,1790780920763
641b81,29,1790780920763
6e8b28,17,1790780920763
dcda19,23,1790780920763
cffa5e,28,1790781820763
92abdf,55,1790780920763
6b346d,37,1790781820763
91aa49,15,1790780920763
7b1f57,47,1790780920763
2cee42,40,1790781820763
8274f4,25,1790866420763
216ab6,17,1790866420763
341ba8,54,1790780920763
d3612a,25,1790781820763
478b1e,47,1790866420763
03e7b0,38,1790781820763
be9fd7,28,1790781820763
6a7123,24,1790780920763
c523d9,50,1790780920763
fa055e,20,1790780920763
378557,22,1790780920763
a64307,27,1790780920763
e14edb,45,1790780920763
83b5df,41,1790780920763
5cb4ce,49,1790781820763
9c6a89,20,1790780920763
1b66b0,47,1790866420763
869af6,48,1790781820763
988b11,58,1790780920763
d3c290,53,1790781820763
fbfcc4,20,1790866420763
a64ad9,54,1790781820763
47528d,31,1790866420763
65e4e8,48,1790780920763
78a50c,16,1790780920763
3a13c0,48,1790780920763
f7f320,51,1790780920763
04d112,56,1790866420763
1aaa91,59,1790866420763
771d41,25,1790780920763
54e10f,47,1790780920763
1ce6e1,28,1790781820763
d2b503,49,1790866420763
f08f89,53,1790780920763
168631,60,1790781820763
372110,60,1790781820763
09bcbd,57,1790781820763
f316a5,20,1790781820763
4feb99,48,1790781820763
1d9a52,45,1790780920763
f5886f,44,1790866420763
09ca65,39,1790780920763
bc3a37,48,1790780920763
5ccfc0,47,1790781820763
6adf00,42,1790866420763
b83bce,46,1790780920763
8976cc,45,1790781820763
db15bb,21,1790780920763
4727fd,19,1790781820763
c0eb82,43,1790781820763
9748c6,28,1790780920763
f7620f,54,1790781820763
54040b,15,1790780920763
c104e1,59,1790866420763
135028,58,1790866420763
583773,38,1790866420763
6cfb10,50,1790781820763
369a10,39,1790781820763
403ce3,28,1790866420763
bcf66c,38,1790781820763
8b0768,46,1790780920763
b12565,36,1790780920763
f07c4a,16,1790780920763
c55cd3,43,1790781820763
13bd11,33,1790781820763
260515,40,1790781820763
697da3,48,1790866420763
d08bd6,28,1790781820763
6501ab,33,1790780920763
d8df74,52,1790781820763
7812bd,56,1790866420763
ff89ac,53,1790780920763
0e2b86,24,1790866420763
75d126,40,1790866420763
546a1d,45,1790780920763
49b967,45,1790781820763
645912,60,1790866420763
b721fe,44,1790780920763
fba846,44,1790781820763
fda17b,30,1790866420763
89c971,58,1790866420763
0beb5e,42,1790780920763
b4024f,33,1790781820763
c86bc7,38,1790781820763
74947f,15,1790866420763
fdee5b,31,1790780920763
3b4fb6,57,1790781820763
f4b98a,38,1790780920763
cf8baf,25,1790780920763
e27ac0,47,1790780920763
cd4f9e,29,1790866420763
ad0eeb,55,1790781820763
a27e42,23,1790781820763
093f03,55,1790780920763
79d240,32,1790781820763
0f71fa,33,1790780920763
a81155,52,1790866420763
be4714,52,1790781820763
3c4d0f,49,1790866420763
9091c0,55,1790866420763
dced27,16,1790866420763
302886,31,1790780920763
56f23a,57,1790780920763
82d31c,15,1790781820763
dc409c,31,1790866420763
1d0c16,27,1790780920763
92445a,41,1790781820763
a6e86f,15,1790781820763
0dd1bd,15,1790780920763
353ced,26,1790866420763
0cf4a5,15,1790780920763
640ebd,60,1790866420763
0db83d,33,1790781820763
cf6149,54,1790866420763
ad1752,26,1790781820763
88a594,33,1790781820763
9caa01,46,1790866420763
1d12fd,55,1790781820763
c58058,58,1790781820763
af4bec,17,1790780920763
ade664,42,1790781820763
34897b,46,1790781820763
0c0e43,18,1790866420763
d19e9c,36,1790781820763
47897a,39,1790780920763
66f33a,56,1790780920763
2f693a,37,1790781820763
99f3e3,40,1790866420763
5f8208,54,1790780920763
b1e0f9,48,1790866420763
c8faa8,18,1790781820763
eb5640,52,1790866420763
7ff64f,19,1790780920763
7ae995,47,1790866420763
d596c8,45,1790781820763
f24cc8,58,1790866420763
fbb189,46,1790781820763
85f379,17,1790780920763
1947b1,42,1790780920763
0a4548,45,1790866420763
b7e895,55,1790781820763
4c6a95,57,1790780920763
e502d8,19,1790781820763
2a1b5c,56,1790866420763
776471,19,1790866420763
847e19,47,1790866420763
30492f,51,1790781820763
e6dd41,31,1790781820763
694526,44,1790780920763
0ba027,55,1790781820763
ddef1f,26,1790866420763
194c4d,40,1790780920763
eeb56e,27,1790780920763
625cb4,60,1790780920763
00801b,33,1790780920763
858a32,28,1790780920763
8cb323,46,1790781820763
fc4a84,56,1790780920763
e25412,58,1790866420763
92b116,28,1790780920763
5ef2fe,56,1790780920763
6f2f9e,41,1790866420763
91a895,56,1790866420763
737907,47,1790780920763
36bb2b,23,1790781820763
e745b8,57,1790780920763
6502c0,53,1790866420763
5962d3,59,1790781820763
ea24ad,56,1790781820763
7a54e9,31,1790781820763
c374ac,38,1790780920763
9cdb41,55,1790866420763
e5dab4,50,1790780920763
6d5b09,46,1790866420763
3628d0,29,1790866420763
cef329,42,1790780920763
27c967,17,1790866420763
230a80,15,1790780920763
fae188,29,1790780920763
b45bff,40,1790866420763
1e9022,22,1790781820763
d511cc,24,1790780920763
39d84b,57,1790780920763
cfc2be,44,1790866420763
8d891b,27,1790780920763
97366d,48,1790866420763
cf2d13,35,1790866420763
6a765a,15,1790866420763
13a045,23,1790781820763
ecb35d,46,1790781820763
e9528b,37,1790780920763
15bc0d,57,1790866420763
b608b4,55,1790866420763
6adef0,16,1790866420763
0cb44a,56,1790781820763
13734a,21,1790781820763
48b9b5,38,1790781820763
858493,58,1790780920763
704898,29,1790781820763
c41340,36,1790866420763
9cdc9e,18,1790866420763
acf3ea,39,1790781820763
4b3ebe,55,1790866420763
47b409,17,1790866420763
a458e7,31,1790780920763
9ca4d0,26,1790780920763
c74db7,43,1790780920763
180669,50,1790866420763
a617b1,56,1790866420763
664a36,17,1790781820763
13e61f,54,1790781820763
70125d,46,1790866420763
94e2ec,36,1790781820763
9f5511,18,1790781820763
09ba60,23,1790781820763
d4c458,28,1790866420763
277944,53,1790781820763
5f8286,42,1790866420763
ff7488,33,1790866420763
ec5a8e,23,1790781820763
5e8074,59,1790781820763
14a8cc,20,1790866420763
db2a90,45,1790866420763
e7338f,48,1790866420763
4aee33,31,1790866420763
553310,41,1790780920763
58a8d7,54,1790780920763
5b48d1,54,1790781820763
7a064f,56,1790780920763
e8631a,29,1790866420763
6e8e74,56,1790780920763
d63110,15,1790866420763
b475a8,43,1790780920763
ba89f7,56,1790780920763
c5275d,56,1790866420763
33204e,26,1790866420763
6eaccb,25,1790866420763
aa466b,16,1790780920763
669d3a,17,1790781820763
d43b8e,18,1790866420763
d58b1b,16,1790781820763
6509d1,48,1790866420763
2bcf9b,20,1790781820763
3db04d,38,1790866420763
17aa78,29,1790866420763
61f66d,19,1790780920763
2bd98b,53,1790866420763
23c3cd,50,1790780920763
3ea6d7,42,1790781820763
730f01,16,1790781820763
f0144f,41,1790866420763
360063,56,1790780920763
060d19,24,1790780920763
904a57,54,1790780920763
35d1c4,38,1790780920763
f0c50f,36,1790781820763
b6b0df,15,1790780920763
460813,53,1790780920763
76904d,57,1790780920763
1201cd,15,1790781820763
882428,34,1790781820763
d7686f,36,1790780920763
f00c7c,50,1790780920763
b78e03,17,1790780920763
1a6454,15,1790780920763
28379b,36,1790780920763
2e5a91,50,1790780920763
7ce0f1,38,1790780920763
fd86b6,28,1790781820763
3e5c9f,24,1790866420763
1e9193,36,1790781820763
d18259,15,1790781820763
4473d9,47,1790780920763
4655f5,38,1790866420763
6d4511,47,1790781820763
84e84e,33,1790866420763
d3817a,16,1790781820763
7c8e38,18,1790781820763
261b50,54,1790780920763
07d997,54,1790866420763
c427be,58,1790780920763
7c2ca8,59,1790780920763
6da201,39,1790780920763
d8c891,41,1790781820763
7db8ca,26,1790780920763
fa24f3,38,1790780920763
e9a5ea,49,1790780920763
4f6535,19,1790780920763
698e67,22,1790781820763
12ed6f,22,1790866420763
a3fe9e,30,1790780920763
c67422,46,1790866420763
6c7431,32,1790781820763
e4b551,41,1790866420763
4ebfc8,41,1790780920763
5de205,44,1790866420763
65c785,46,1790781820763
c3a959,25,1790780920763
d2ab29,42,1790866420763
edf6f7,27,1790866420763
204d7b,41,1790866420763
594229,45,1790780920763
094aea,31,1790781820763
e2b856,52,1790780920763
7be53a,15,1790780920763
50392f,31,1790866420763
1bf94c,55,1790781820763
7f4747,44,1790781820763
b74400,43,1790781820763
f4c1b9,37,1790866420763
906fa5,21,1790780920763
1a8590,58,1790780920763
378b0b,23,1790780920763
2e23e2,37,1790866420763
86b8e0,37,1790866420763
df3d95,21,1790781820763
993fab,58,1790866420763
0a4a02,23,1790780920763
aeb2d1,55,1790780920763
becb0d,15,1790866420763
7d1c98,24,1790780920763
85676a,32,1790780920763
603cc0,57,1790780920763
58ca63,50,1790780920763
7408e0,49,1790780920763
fba733,56,1790781820763
54e30d,56,1790866420763
e6203e,55,1790780920763
002dbf,60,1790866420763
20aa76,17,1790866420763
4b3a5a,32,1790780920763
740328,57,1790780920763
10d232,33,1790781820763
8359e4,49,1790780920763
d8a2b1,56,1790781820763
2e6d27,48,1790781820763
df5b0d,32,1790781820763
7368a2,29,1790780920763
62d546,32,1790781820763
dd6484,20,1790781820763
829d2e,57,1790781820763
e551c9,31,1790866420763
2b1ff1,60,1790780920763
b16202,15,1790866420763
3d4611,53,1790780920763
26ebfa,40,1790866420763
5bc60b,29,1790866420763
8484a0,20,1790866420763
eb6588,41,1790866420763
819bb5,34,1790781820763
5eb4d5,53,1790781820763
8ce97a,21,1790866420763
bb6fe3,50,1790780920763
a53f3b,33,1790781820763
06e524,57,1790781820763
6e5351,53,1790781820763
dc2dc2,18,1790781820763
b88270,37,1790780920763
3b1142,47,1790780920763
5e9177,28,1790781820763
b53e43,20,1790866420763
f904e8,23,1790781820763
57d286,60,1790866420763
68baff,18,1790780920763
ce3f18,45,1790866420763
5e1ce2,18,1790780920763
bf7579,23,1790780920763
77744f,15,1790780920763
4e471a,40,1790780920763
b444d6,26,1790781820763
e284b3,38,1790780920763
88beef,26,1790866420763
26a9e0,15,1790866420763
44eaf1,27,1790780920763
855dc9,44,1790780920763
6779f2,38,1790781820763
84413e,28,1790866420763
23c738,40,1790780920763
002427,37,1790866420763
a03923,24,1790780920763
b0ee95,15,1790866420763
8d07a8,38,1790781820763
507efd,52,1790866420763
8c82ec,38,1790866420763
754f15,30,1790866420763
d8ab73,38,1790866420763
9dcd53,19,1790780920763
ef9e25,18,1790780920763
0db6a8,56,1790866420763
971522,21,1790781820763
4310bf,37,1790780920763
ec7d46,39,1790781820763
23a2f6,27,1790866420763
69c5f4,46,1790866420763
0d3335,44,1790780920763
e01399,23,1790780920763
dea711,28,1790780920763
2a5246,54,1790866420763
8522f1,52,1790780920763
4808c7,39,1790780920763
e607a3,44,1790780920763
f66ce1,50,1790780920763
82c79b,20,1790780920763
fd09af,20,1790866420763
60b0f5,35,1790780920763
03cf8e,34,1790866420763
4ffc10,26,1790780920763
5df8c3,50,1790866420763
9cb7ad,21,1790781820763
a562ee,45,1790866420763
5b63d9,55,1790781820763
aef5dd,27,1790866420763
ec7806,60,1790781820763
e4c0bf,42,1790781820763
c519ba,55,1790866420763
f80689,58,1790781820763
7ac1d6,47,1790780920763
fd033e,32,1790866420763
1a837d,25,1790866420763
471afe,39,1790780920763
c5686c,38,1790780920763
57b00d,43,1790781820763
10d47a,54,1790866420763
6de68d,51,1790780920763
6c893e,60,1790781820763
a2141f,55,1790780920763
067ea4,31,1790781820763
0a9181,37,1790781820763
ab31f4,31,1790780920763
22f33d,53,1790780920763
bd437d,21,1790866420763
9d8e3a,59,1790866420763
38e6f9,29,1790781820763
8097ec,33,1790781820763
0c4da4,22,1790866420763
99b85a,46,1790780920763
775298,39,1790781820763
e005ad,34,1790866420763
b4f12d,21,1790780920763
33268c,42,1790866420763
438474,44,1790780920763
3bb7ea,33,1790866420763
8dab82,28,1790780920763
061362,31,1790780920763
8875f1,19,1790781820763
fd9e1d,40,1790866420763
f6be27,19,1790866420763
ec19d9,50,1790780920763
8f466b,52,1790866420763
8f1ce8,57,1790781820763
076417,47,1790781820763
bd1740,52,1790866420763
acf72d,44,1790866420763
c812d3,50,1790780920763
1226ab,30,1790781820763
933690,29,1790780920763
83f2c7,43,1790781820763
c6208a,48,1790780920763
60a80b,58,1790866420763
a53807,29,1790780920763
16a738,39,1790866420763
72062e,53,1790866420763
2f3c60,35,1790866420763
0750ef,34,1790780920763
5e2c59,37,1790866420763
bbb9ac,43,1790866420763
0cc41a,38,1790780920763
c38206,33,1790781820763
a1c3da,36,1790780920763
7ec8e9,39,1790866420763
83998d,15,1790866420763
c7179d,31,1790780920763
b3273a,60,1790866420763
e9bc74,57,1790780920763
ede178,42,1790780920763
863cf4,53,1790780920763
8d2ce4,51,1790781820763
f15c62,58,1790866420763
c197b4,41,1790780920763
cbf55e,49,1790781820763
d35d8f,44,1790781820763
b160f2,27,1790780920763
39ff5e,31,1790866420763
a017f8,21,1790866420763
641c71,18,1790781820763
dde550,55,1790781820763
be618a,17,1790781820763
1ac4af,23,1790866420763
ac91de,23,1790781820763
202741,45,1790780920763
8e8399,18,1790781820763
08dd55,48,1790866420763
a8bc0d,48,1790780920763
cdac77,50,1790781820763
d119fd,43,1790866420763
075431,41,1790781820763
943763,16,1790781820763
7bfae2,60,1790866420763
6f958b,28,1790780920763
ecf36f,60,1790780920763
3e3c46,45,1790866420763
ec9804,55,1790780920763
3b90cd,56,1790780920763
023f8e,59,1790866420763
a3c620,46,1790866420763
38f8c9,22,1790781820763
cbbf0c,52,1790866420763
ba90e1,24,1790780920763
62125c,47,1790781820763
5e3607,28,1790780920763
6092b4,15,1790781820763
7779dd,24,1790866420763
a51003,27,1790781820763
65225d,57,1790781820763
5059dd,29,1790780920763
acef6a,21,1790866420763
61498d,35,1790781820763
f0e272,16,1790781820763
dc4844,45,1790781820763
6d0ac5,47,1790866420763
294254,50,1790866420763
42f11b,51,1790866420763
9198a7,53,1790780920763
5d9248,56,1790780920763
5bd2f5,39,1790866420763
0aae60,20,1790780920763
02b1b0,37,1790780920763
c64abd,44,1790781820763
1ed7f0,51,1790780920763
2a9be1,53,1790780920763
905148,59,1790866420763
22524a,41,1790780920763
1afec5,22,1790780920763
d83f00,26,1790866420763
294004,33,1790781820763
6e43d4,23,1790781820763
74f2bf,38,1790781820763
6c1714,50,1790866420763
60ae54,16,1790781820763
80e5e4,45,1790781820763
3ff1d7,22,1790780920763
f65e72,43,1790780920763
9cb182,29,1790781820763
99c85d,22,1790866420763
de415e,29,1790780920763
1e6de1,39,1790780920763
7a318a,56,1790866420763
5ddb7a,39,1790780920763
bbf680,26,1790781820763
c849cb,21,1790780920763
6acf8b,42,1790780920763
0fe859,26,1790781820763
c16746,60,1790780920763
7fb469,39,1790781820763
8cb4dc,19,1790781820763
0961d2,22,1790780920763
a76777,48,1790780920763
4111e6,53,1790866420763
4cb719,52,1790780920763
140494,40,1790866420763
a718c7,32,1790866420763
023789,23,1790866420763
37065a,48,1790866420763
6403d3,60,1790866420763
990c16,34,1790866420763
9d1fc0,47,1790780920763
2d3556,54,1790866420763
f0a15d,38,1790781820763
66900f,53,1790781820763
8c8ea9,38,1790781820763
d344a8,34,1790866420763
e35321,48,1790781820763
dd40e3,58,1790781820763
52a1ff,49,1790780920763
6bac64,50,1790866420763
57ca9d,24,1790781820763
ec5af9,38,1790866420763
306c1e,54,1790781820763
65a221,15,1790781820763
60dd1e,52,1790866420763
b685df,32,1790781820763
1806db,17,1790780920763
e1d45a,15,1790781820763
db4731,27,1790780920763
bb04be,34,1790781820763
371d40,59,1790866420763
061280,18,1790866420763
a04e7b,30,1790780920763
759a42,52,1790866420763
e55abd,54,1790866420763
e9096f,38,1790866420763
0ca613,36,1790866420763
507e9b,25,1790866420763
0f2dee,26,1790866420763
7afc26,34,1790866420763
0481a0,38,1790781820763
49b75a,51,1790866420763
92e4db,39,1790780920763
dbfa74,38,1790781820763
c6524f,20,1790781820763
410b45,50,1790781820763
1ef9ce,40,1790781820763
5a1922,30,1790780920763
4387d9,49,1790780920763
4cca59,55,1790866420763
ffe2b4,45,1790866420763
c791fc,39,1790781820763
b5d9fb,47,1790781820763
a44351,58,1790866420763
2049ad,54,1790866420763
27afde,30,1790780920763
93e016,32,1790781820763
53648f,40,1790780920763
92b5fa,41,1790866420763
93fb34,37,1790866420763
99079e,49,1790781820763
b8bd45,47,1790780920763
7e9920,23,1790781820763
2912f4,27,1790781820763
d65ad0,60,1790780920763
5af589,46,1790781820763
ca7afa,15,1790866420763
daa7e4,41,1790780920763
0c3f79,45,1790781820763
6130ba,38,1790781820763
5d669f,44,1790781820763
79a851,59,1790781820763
2e5855,15,1790780920763
5d7039,32,1790781820763
5fbd19,44,1790781820763
af151b,58,1790781820763
9e3a7f,56,1790781820763
0f4ff9,22,1790780920763
46df29,32,1790781820763
4e55f2,25,1790781820763
cc5ec3,34,1790780920763
e3a329,57,1790781820763
d543f8,29,1790866420763
7edd71,42,1790781820763
a2c3dd,56,1790780920763
4c51a1,53,1790781820763
c0ffe0,36,1790780920763
535633,50,1790780920763
36cc3a,48,1790780920763
ed133c,58,1790780920763
ff6b51,33,1790780920763
558f52,54,1790781820763
f5b1fa,47,1790781820763
abbe51,26,1790866420763
7ba2d6,54,1790780920763
c5096a,49,1790866420763
dc38e1,49,1790866420763
b85157,17,1790780920763
bc19c3,26,1790866420763
7c963c,21,1790781820763
3018f7,16,1790866420763
f3a369,56,1790780920763
5a69ac,52,1790780920763
9efac0,47,1790866420763
d5c3f7,23,1790781820763
54f07b,16,1790780920763
388e93,37,1790780920763
5a2161,54,1790781820763
64fc11,20,1790866420763
d91bc8,30,1790866420763
cc70f2,37,1790780920763
f6192d,54,1790780920763
4ed965,24,1790780920763
787e7f,23,1790781820763
d76cfb,44,1790781820763
d4c366,23,1790866420763
4c9198,16,1790781820763
8cf39a,49,1790866420763
b5b3ad,29,1790781820763
635235,15,1790866420763
0e1a2e,30,1790780920763
74b7b1,21,1790866420763
ee34a3,42,1790866420763
1c71cc,17,1790781820763
dc5a8b,20,1790781820763
9b96e6,21,1790781820763
c96afc,22,1790781820763
834138,49,1790781820763
449850,23,1790780920763
ba7810,32,1790866420763
6e93ad,45,1790781820763
df9032,29,1790781820763
e0910a,50,1790781820763
ac7f7f,60,1790780920763
80a11f,39,1790781820763
7ea292,60,1790866420763
0848d2,27,1790780920763
d9be66,49,1790866420763
8ead67,33,1790781820763
bb2db7,55,1790780920763
6c90a8,24,1790781820763
89920f,50,1790866420763
46c753,50,1790866420763
fbfc54,40,1790780920763
cd8b10,50,1790780920763
ec059d,31,1790866420763
91dc25,26,1790866420763
59829b,38,1790866420763
e5c4c5,29,1790866420763
13d394,52,1790780920763
d10aa6,44,1790780920763
eaf075,31,1790866420763
9b24b2,29,1790781820763
c6e57d,47,1790781820763
c13e53,34,1790781820763
e8703e,19,1790781820763
08f1b3,41,1790781820763
863ac3,46,1790781820763
deb870,43,1790866420763
12ea85,23,1790866420763
b83334,27,1790781820763
2deeb8,52,1790781820763
4cbe0e,47,1790866420763
727a93,38,1790781820763
686dd1,28,1790780920763
8f0eba,37,1790781820763
ae83c0,39,1790781820763
c26499,19,1790866420763
a138a1,39,1790780920763
b14a74,25,1790866420763
7ec46b,42,1790781820763
aea02a,31,1790780920763
93e71d,58,1790866420763
6ca1ec,47,1790866420763
1403b8,25,1790866420763
45f6f2,30,1790780920763
be9b82,44,1790866420763
2c3634,27,1790866420763
ba7459,15,1790780920763
1acc7f,28,1790780920763
bcc001,37,1790780920763
c58eb5,22,1790866420763
6e2826,48,1790866420763
8ddbb7,15,1790781820763
4e3c43,48,1790866420763
738a4c,37,1790780920763
c9c3c8,52,1790781820763
342bf7,39,1790780920763
abc02b,27,1790781820763
43f4a9,26,1790781820763
a29501,42,1790781820763
8173ad,19,1790781820763
3a8114,54,1790781820763
c207bb,58,1790780920763
7ca39c,37,1790780920763
c753de,59,1790866420763
6b5489,59,1790780920763
e7e806,39,1790780920763
f2eb33,47,1790781820763
80c8a5,46,1790781820763
40c70c,56,1790866420763
af63b5,51,1790866420763
88f4a0,55,1790780920763
c95aea,15,1790781820763
5799e3,27,1790781820763
81a515,54,1790866420763
a4edf9,30,1790866420763
b33e4a,25,1790781820763
d0a8bf,58,1790866420763
b9990e,37,1790866420763
2fdfb8,31,1790781820763
46801a,49,1790780920763
e6b9ea,34,1790866420763
35adf2,46,1790866420763
5eb95a,39,1790780920763
e42aa2,49,1790781820763
e5579e,50,1790781820763
67ac39,17,1790866420763
96d236,22,1790780920763
8933ac,24,1790866420763
0e942e,50,1790781820763
2a6689,59,1790866420763
991180,36,1790781820763
cd73a2,34,1790781820763
ec9c61,45,1790780920763
f20a36,32,1790780920763
e04080,53,1790781820763
02b4d4,37,1790781820763
377e0d,36,1790781820763
e57155,48,1790866420763
447508,35,1790866420763
81f332,20,1790866420763
246869,37,1790781820763
b2169e,22,1790780920763
693bca,55,1790781820763
ac741c,19,1790780920763
9ddf91,34,1790866420763
5caa0f,16,1790866420763
4d48f5,37,1790781820763
6730a1,30,1790781820763
25f847,37,1790780920763
3625c4,34,1790780920763
0db218,31,1790866420763
d91207,24,1790780920763
3f9f51,21,1790866420763
3fb156,28,1790780920763
ac30a1,28,1790780920763
f078c8,42,1790781820763
6da760,26,1790866420763
90b14b,49,1790781820763
67ad59,23,1790866420763
672187,32,1790866420763
c8613e,31,1790781820763
191d3b,37,1790780920763
f4453c,34,1790780920763
218401,38,1790780920763
b678e7,31,1790781820763
806cc1,16,1790781820763
3b6081,18,1790780920763
43290b,44,1790866420763
4237f3,55,1790780920763
cfdd3a,43,1790780920763
d0819f,35,1790781820763
8308b4,37,1790780920763
8b6d5d,30,1790780920763
9eed4d,17,1790866420763
082938,37,1790781820763
221ee0,22,1790866420763
e2c7a3,43,1790866420763
33230d,30,1790780920763
3c4ff2,49,1790866420763
cdf76b,33,1790781820763
34c573,56,1790866420763
7e91da,25,1790781820763
87feac,30,1790780920763
d8bbe3,52,1790780920763
83b759,49,1790781820763
5540bf,53,1790866420763
43d3d0,25,1790866420763
59216b,40,1790781820763
2be46f,18,1790866420763
b3e904,59,1790780920763
e70854,59,1790866420763
bfef59,39,1790781820763
7feefd,25,1790780920763
29d0b7,50,1790866420763
2a9843,53,1790781820763
032389,54,1790780920763
d7f69f,15,1790781820763
506253,23,1790780920763
b63c58,29,1790780920763
94c6b9,40,1790780920763
b081ad,31,1790866420763
02ec25,50,1790781820763
df5974,30,1790780920763
9d9712,15,1790866420763
d9291f,50,1790781820763
322b2e,45,1790866420763
3908fe,39,1790780920763
54e923,28,1790780920763
2db628,53,1790866420763
4df6e4,28,1790866420763
bdfd8d,49,1790780920763
0ad1b5,27,1790781820763
09fa05,57,1790780920763
d61d5e,44,1790866420763
0fbdc9,31,1790866420763
254304,18,1790780920763
1c23bf,26,1790781820763
1383a0,58,1790780920763
e0d783,20,1790781820763
9eeb6e,38,1790781820763
0f3abb,46,1790866420763
9f381a,48,1790866420763
48a1be,49,1790866420763
5564e6,28,1790780920763
77be9d,56,1790780920763
e02d64,18,1790866420763
f40c9f,25,1790780920763
002b7d,35,1790780920763
43ad61,40,1790781820763
e759f4,60,1790780920763
b1bc86,56,1790866420763
fa0329,60,1790780920763
2bca27,33,1790780920763
5f2f6c,17,1790866420763
03918b,45,1790781820763
b7067a,27,1790866420763
343944,31,1790781820763
da9c86,54,1790866420763
8b5790,56,1790781820763
aa1782,52,1790781820763
42dd9b,58,1790780920763
c74f5a,49,1790780920763
337165,27,1790866420763
d9afc2,31,1790866420763
e70850,45,1790780920763
d928db,55,1790866420763
74199d,46,1790781820763
6cb127,51,1790781820763
b2803c,58,1790781820763
1d18ca,57,1790781820763
771660,38,1790866420763
0b849e,37,1790780920763
f5086e,52,1790781820763
95bcff,57,1790781820763
765fc6,16,1790781820763
aaf930,43,1790780920763
74ee88,27,1790780920763
b0507e,35,1790780920763
fe571d,27,1790781820763
2143e1,57,1790780920763
4397a9,40,1790780920763
16fde7,49,1790780920763
0af7f8,30,1790780920763
eed77a,17,1790780920763
afe4ae,19,1790866420763
62db47,32,1790866420763
c45cf9,46,1790780920763
a41092,32,1790780920763
ec1220,53,1790866420763
07033e,22,1790866420763
fc3915,22,1790866420763
9c574e,17,1790781820763
5630b2,21,1790781820763
e2a195,23,1790866420763
6a74ba,22,1790866420763
8a9cd6,40,1790781820763
0a8ff3,32,1790781820763
ae190b,28,1790780920763
7aa276,50,1790781820763
0d5d66,38,1790781820763
896312,56,1790780920763
951a67,60,1790781820763
f16890,60,1790866420763
c23026,27,1790781820763
dc6aac,21,1790780920763
756518,56,1790866420763
2dd73d,31,1790780920763
bd2449,55,1790780920763
948c9d,49,1790780920763
39b135,47,1790781820763
8dd06b,43,1790866420763
dec196,32,1790781820763
3f1a17,39,1790866420763
20723a,20,1790866420763
cf9497,33,1790866420763
670814,39,1790866420763
2b8712,48,1790866420763
bbc9b2,22,1790781820763
5d9450,26,1790780920763
3e09fd,37,1790781820763
372ea3,33,1790866420763
e40aca,55,1790866420763
decc2e,15,1790866420763
c2a007,33,1790781820763
ab3baf,58,1790780920763
65d0a9,56,1790780920763
48350b,29,1790866420763
becd38,44,1790781820763
fce3c5,18,1790781820763
f31866,18,1790780920763
ced1b7,18,1790781820763
a49233,34,1790781820763
ecce89,56,1790781820763
b4a33d,22,1790780920763
c04e4d,50,1790781820763
db591a,53,1790866420763
a087c0,34,1790866420763
db20cf,34,1790781820763
eff0cc,22,1790781820763
fbc916,15,1790780920763
4fd8e6,25,1790781820763
30fd54,30,1790866420763
e59078,39,1790866420763
8b045a,35,1790866420763
a4e714,58,1790866420763
068fb8,37,1790781820763
9387c5,23,1790781820763
93e3b4,48,1790780920763
9824ef,57,1790781820763
30a2e8,43,1790866420763
7b7201,19,1790866420763
15a815,26,1790780920763
32cee3,47,1790781820763
2552b9,21,1790866420763
4d6e31,56,1790780920763
28a4c6,40,1790781820763
6f1163,26,1790781820763
c22dbc,50,1790780920763
299b89,49,1790866420763
48c6a5,28,1790781820763
bbb630,42,1790780920763
53d11d,54,1790780920763
2f34cd,39,1790780920763
499497,35,1790866420763
50cf54,43,1790866420763
cc2551,15,1790781820763
28c387,15,1790866420763
f67c66,24,1790780920763
0b7ffb,47,1790866420763
bc062f,41,1790780920763
00c061,16,1790866420763
a55c0b,46,1790780920763
b17cd2,51,1790780920763
ccc7e6,19,1790780920763
6c51c9,54,1790866420763
6452fc,58,1790866420763
15a193,49,1790866420763
7465f3,45,1790781820763
c8ee6a,31,1790781820763
a7fce5,30,1790781820763
8ddb76,52,1790781820763
53b7f1,36,1790781820763
89e7e9,53,1790780920763
7c643b,53,1790780920763
13a771,18,1790866420763
cc5a7c,41,1790866420763
7135a0,20,1790781820763
975d88,51,1790780920763
c491da,45,1790780920763
c98707,18,1790780920763
5cd9a3,24,1790781820763
dcaa9c,57,1790781820763
249caf,26,1790866420763
5a282c,59,1790780920763
d72e20,44,1790866420763
701a53,35,1790780920763
deb203,57,1790866420763
99611b,39,1790780920763
218c30,47,1790781820763
f89f06,48,1790781820763
a685f2,59,1790780920763
3c1c1a,53,1790781820763
04035f,31,1790780920763
05904c,19,1790781820763
ac19af,23,1790866420763
f17623,38,1790781820763
392667,48,1790866420763
30d17a,59,1790781820763
d9dcf7,41,1790780920763
63cdd5,60,1790780920763
c52bc5,46,1790780920763
e1ebd4,60,1790781820763
aa4934,59,1790866420763
cb74ca,56,1790781820763
cdd152,17,1790780920763
f6ca6c,21,1790781820763
fe36e6,46,1790780920763
eb98d3,39,1790780920763
047fe8,37,1790780920763
6c099e,17,1790780920763
7d3faf,34,1790866420763
94bb06,17,1790781820763
71b024,33,1790781820763
bb9be6,22,1790781820763
f777a4,39,1790866420763
8db818,59,1790866420763
454f71,42,1790780920763
aac034,40,1790866420763
81e40d,48,1790866420763
a499e1,21,1790781820763
3779ee,15,1790780920763
80ecaf,49,1790781820763
9ab49c,57,1790780920763
71104a,40,1790780920763
5ec1fe,34,1790781820763
1cc413,57,1790866420763
9557b8,21,1790781820763
386a8c,24,1790780920763
eb924f,49,1790781820763
682fd7,28,1790780920763
c257aa,50,1790866420763
84ca75,50,1790866420763
28ec5b,46,1790866420763
7ae202,30,1790866420763
8e1cb7,60,1790781820763
9ba318,27,1790866420763
bdc381,48,1790780920763
5e8fa3,19,1790780920763
2ea27c,50,1790781820763
8e05ba,50,1790866420763
5894d0,20,1790781820763
5a345f,22,1790780920763
0e3044,47,1790781820763
83c40f,30,1790866420763
7a1f28,27,1790866420763
846c99,44,1790866420763
364dab,30,1790780920763
84d346,43,1790781820763
d490a3,19,1790781820763
8239b2,43,1790866420763
de473e,24,1790780920763
d1f058,47,1790780920763
1b62ba,56,1790781820763
a86c2c,16,1790781820763
e82ba2,17,1790781820763
cc12c0,28,1790780920763
13dcb2,59,1790866420763
cf6569,29,1790780920763
55c821,40,1790781820763
740322,29,1790866420763
461a4e,26,1790780920763
baf080,25,1790866420763
c6b0fa,42,1790780920763
9d81d9,59,1790780920763
51eec4,41,1790866420763
6c8344,55,1790781820763
cfa415,23,1790780920763
2c7081,56,1790780920763
c989c6,46,1790866420763
ac0f9f,33,1790866420763
3b7e7d,32,1790780920763
ba5e42,52,1790866420763
0b8e3c,21,1790781820763
08772f,39,1790780920763
d8f80a,60,1790780920763
47f247,17,1790780920763
8185ac,41,1790866420763
7a4193,54,1790781820763
f8a3bf,58,1790866420763
4ad61c,17,1790866420763
aae1e4,56,1790780920763
9a3cb0,51,1790866420763
2c8c4b,29,1790866420763
89e091,18,1790780920763
4489ad,56,1790866420763
ce8060,26,1790866420763
4e9cf3,47,1790866420763
f20470,52,1790781820763
2c1d73,60,1790780920763
f9ec60,50,1790781820763
e2e638,31,1790781820763
7c630d,44,1790866420763
fec212,24,1790781820763
39c246,20,1790781820763
39c72a,31,1790780920763
fb013f,17,1790780920763
d1cef7,46,1790781820763
c2cab7,48,1790780920763
b59a2b,25,1790866420763
cfd299,60,1790780920763
c541cd,18,1790780920763
9babb8,25,1790781820763
c6e9a5,17,1790780920763
f6587b,29,1790781820763
f3c268,40,1790780920763
569681,36,1790866420763
20c3f9,49,1790780920763
a26a70,48,1790781820763
c83964,42,1790781820763
30fc38,24,1790866420763
af45a5,40,1790866420763
7c058f,15,1790780920763
20bad6,31,1790866420763
4830e9,51,1790866420763
396c6d,56,1790781820763
510b99,15,1790866420763
316035,52,1790866420763
415c74,45,1790866420763
ea68e5,47,1790780920763
45d9ea,39,1790866420763
d63ec8,51,1790780920763
686169,23,1790866420763
754c17,15,1790781820763
3d4912,55,1790780920763
fc5daf,27,1790781820763
8d0bb0,46,1790780920763
9a5101,33,1790780920763
c05058,31,1790866420763
77dd92,60,1790781820763
46cfcf,48,1790781820763
d7a848,45,1790866420763
efb3c7,32,1790781820763
5ab8dd,51,1790866420763
ca44b8,56,1790780920763
7919b7,48,1790781820763
e1127b,38,1790780920763
b0d5be,34,1790866420763
5275b5,53,1790781820763
9d4e38,17,1790866420763
a0e850,60,1790780920763
170630,27,1790780920763
40c265,31,1790781820763
44b163,32,1790781820763
9aa8e0,32,1790781820763
dd924b,34,1790780920763
8e4439,46,1790866420763
c05543,21,1790781820763
abe958,60,1790781820763
dba695,15,1790866420763
00307a,20,1790866420763
680576,54,1790780920763
a5da00,26,1790781820763
e416bc,19,1790866420763
cd0563,56,1790780920763
fce91c,42,1790781820763
306c5a,51,1790866420763
31636d,31,1790781820763
71390d,33,1790781820763
5a3140,47,1790781820763
4420ba,52,1790866420763
6251d1,21,1790781820763
c78091,20,1790866420763
20a259,50,1790781820763
75cea7,44,1790866420763
d236d9,50,1790780920763
9b1f56,29,1790781820763
b2ea4b,48,1790866420763
d96899,30,1790781820763
e328ad,32,1790780920763
0e8382,16,1790866420763
132cb2,26,1790866420763
191549,50,1790866420763
4aaef1,60,1790866420763
ace855,53,1790780920763
a12c02,57,1790780920763
86d8f5,16,1790781820763
14a011,51,1790866420763
a7d60e,32,1790780920763
f8706c,54,1790781820763
acc159,19,1790866420763
d52e98,51,1790866420763
78a106,33,1790781820763
037024,45,1790866420763
331dd4,50,1790781820763
ede821,18,1790781820763
21edf7,21,1790781820763
20eb1f,44,1790866420763
f95b5a,49,1790866420763
111f17,34,1790781820763
566a1e,23,1790866420763
dce5b9,40,1790781820763
bb2e65,27,1790866420763
0509ab,35,1790866420763
384043,18,1790781820763
03745c,38,1790781820763
e9ce60,48,1790866420763
4b0aeb,23,1790780920763
55a16f,33,1790781820763
a112c2,44,1790780920763
e176d2,50,1790866420763
1611e5,29,1790781820763
91be65,52,1790781820763
e24a60,21,1790866420763
3dc604,42,1790781820763
acb4c8,22,1790866420763
28a011,34,1790866420763
59dfaa,35,1790866420763
18c573,58,1790780920763
dd8629,50,1790866420763
e89f57,16,1790781820763
5a56b7,46,1790781820763
663eb6,33,1790781820763
3bcca8,42,1790781820763
42c541,37,1790781820763
6b7489,35,1790866420763
195901,34,1790780920763
1e7938,57,1790780920763
87cfd0,27,1790780920763
402966,42,1790866420763
7bb4d1,26,1790866420763
524bb6,58,1790866420763
1442d7,56,1790781820763
6b0474,25,1790866420763
5bbf7a,21,1790780920763
082524,17,1790780920763
615f3e,15,1790780920763
6f76c2,44,1790866420763
6d16e3,34,1790780920763
6c5ba9,19,1790780920763
13add3,58,1790781820763
740826,59,1790781820763
a7c766,44,1790781820763
132b3b,29,1790781820763
504abc,48,1790781820763
99d390,18,1790866420763
ac80b2,19,1790780920763
4f7aaf,27,1790781820763
c4b0bf,57,1790866420763
14db17,16,1790781820763
79829b,17,1790866420763
ae4803,38,1790781820763
d02de4,33,1790781820763
e3ab43,28,1790781820763
56cdc2,38,1790781820763
564b85,21,1790780920763
044c65,55,1790866420763
3abe1b,38,1790781820763
e1d436,24,1790866420763
cb12b8,55,1790781820763
3e73ca,53,1790780920763
efa885,46,1790866420763
3ab335,23,1790866420763
654b0f,48,1790781820763
eeddc3,54,1790780920763
9bfdbc,54,1790780920763
31f6fb,59,1790780920763
adfb1b,31,1790780920763
fae467,53,1790780920763
bd46a6,21,1790781820763
77244a,42,1790780920763
1e27ae,53,1790781820763
b39868,42,1790781820763
2a89c5,47,1790866420763
b236fa,54,1790781820763
6980ee,32,1790866420763
67b7c0,39,1790866420763
6aebe6,54,1790781820763
2aaa9a,39,1790866420763
3a4f96,39,1790781820763
852a9e,50,1790780920763
2aaacd,25,1790781820763
55dc7c,17,1790781820763
c7d17a,54,1790781820763
af7ceb,44,1790780920763
84a6ff,52,1790781820763
c8ba06,37,1790780920763
87d22a,18,1790780920763
fdab66,32,1790866420763
1a3828,45,1790866420763
3583c3,33,1790780920763
87a8a0,31,1790781820763
16d554,15,1790866420763
eebe79,41,1790866420763
845aed,18,1790780920763
2fffeb,59,1790866420763
1abb92,57,1790866420763
ec1836,45,1790781820763
cfd8f6,21,1790866420763
d68f9d,40,1790866420763
d06f73,20,1790780920763
9a0720,32,1790866420763
ffdb91,22,1790781820763
f7df33,43,1790780920763
975311,57,1790781820763
af5a24,50,1790781820763
c3269a,50,1790781820763
d9645a,53,1790780920763
9dba48,45,1790866420763
07577b,28,1790781820763
cf6722,39,1790866420763
bde4a4,52,1790866420763
0cbc61,18,1790781820763
3d5730,27,1790866420763
10edc4,49,1790866420763
c6bdda,46,1790866420763
b5ded9,42,1790781820763
607f0d,35,1790780920763
7098f4,44,1790780920763
3b3941,29,1790780920763
395eb9,40,1790781820763
f74a29,17,1790780920763
ff21d7,54,1790780920763
406d18,33,1790781820763
1a8dbb,48,1790780920763
0f0064,43,1790780920763
aed92f,60,1790780920763
7249e7,24,1790866420763
d40a10,17,1790866420763
bc4ba1,37,1790866420763
72a569,33,1790866420763
0842e7,36,1790780920763
838648,17,1790781820763
cd4a07,18,1790866420763
405acf,36,1790866420763
05ad46,60,1790780920763
b42849,18,1790781820763
4a3aa5,47,1790780920763
60daf6,49,1790781820763
ec95b4,23,1790781820763
cc521a,43,1790866420763
68c0ed,42,1790781820763
5c5fcb,31,1790866420763
da1269,18,1790780920763
5ee53f,18,1790781820763
409984,24,1790781820763
8cfb9f,22,1790866420763
48ea0f,36,1790780920763
dd6d5d,23,1790866420763
1d75fc,59,1790866420763
fe0632,18,1790780920763
96289d,22,1790780920763
4417b2,38,1790866420763
48a2c5,30,1790780920763
0d33e4,37,1790781820763
d38ad1,30,1790866420763
87d884,27,1790781820763
ec80d0,26,1790780920763
c8c32c,15,1790780920763
fbbaec,38,1790780920763
a595ab,42,1790866420763
3616d1,59,1790780920763
00f986,52,1790780920763
a4e0a5,27,1790781820763
27a18d,56,1790866420763
c568e7,23,1790866420763
f01b31,51,1790780920763
08477c,26,1790866420763
414cb1,49,1790866420763
e5adab,28,1790866420763
e1105b,32,1790781820763
defd60,17,1790866420763
7894f6,31,1790781820763
f7b796,37,1790866420763
8554df,55,1790780920763
87a555,59,1790780920763
5a8070,35,1790780920763
e45fc8,59,1790780920763
fe2aea,52,1790781820763
2f493e,42,1790866420763
637169,44,1790866420763
b65b7b,36,1790781820763
9fc35b,60,1790780920763
833486,28,1790781820763
311d2d,28,1790780920763
c6a716,35,1790781820763
bc44e9,52,1790780920763
e03272,52,1790866420763
7ad559,38,1790780920763
4732c1,53,1790781820763
9952a6,26,1790866420763
b0c830,55,1790866420763
4a2d38,42,1790780920763
daa3a5,33,1790866420763
3dd1b1,50,1790780920763
4b54b2,41,1790780920763
09d52c,31,1790780920763
a70c51,17,1790780920763
f44253,15,1790866420763
0be164,33,1790781820763
07ff74,48,1790866420763
328df2,25,1790780920763
77a007,56,1790780920763
ef94a9,22,1790780920763
ed445f,55,1790780920763
96b4a4,19,1790780920763
1f2648,18,1790781820763
3a9a2e,32,1790866420763
5d256e,35,1790780920763
24896e,17,1790780920763
3877e8,17,1790780920763
f709c9,53,1790781820763
44c97b,17,1790780920763
599c76,44,1790780920763
af7f31,40,1790781820763
b13c1d,30,1790781820763
cbf6d1,20,1790781820763
a2a5e1,50,1790866420763
0bdb38,37,1790866420763
d96aa0,40,1790866420763
cef90a,52,1790781820763
cc94cc,20,1790781820763
0efabc,16,1790866420763
c27dc0,48,1790781820763
5dd6ce,40,1790866420763
56791f,18,1790866420763
b548ec,33,1790780920763
15aa31,25,1790781820763
f13381,35,1790866420763
a0bdf9,60,1790780920763
0adcdd,35,1790866420763
a6d21e,54,1790781820763
b91945,54,1790781820763
0a42e3,54,1790866420763
d25362,50,1790781820763
1b4637,18,1790866420763
539647,29,1790866420763
1b8d0d,37,1790780920763
94882d,33,1790780920763
751f08,36,1790781820763
ae8c28,30,1790780920763
a4c7a1,38,1790866420763
c3c3af,22,1790866420763
a3a6e3,45,1790781820763
753084,40,1790866420763
a81bde,23,1790780920763
bfc2b0,15,1790780920763
2d0f1b,20,1790866420763
72db55,60,1790866420763
6bd0af,56,1790781820763
3d684f,59,1790780920763
e9132e,45,1790866420763
7520c3,21,1790780920763
c29b2e,52,1790866420763
e92b89,52,1790780920763
5e81a4,25,1790781820763
78ba19,39,1790866420763
8f291b,43,1790781820763
285b0c,15,1790781820763
4cd007,53,1790866420763
c6dcbc,57,1790780920763
47e3ec,52,1790780920763
f70e58,24,1790780920763
4b963d,48,1790866420763
2478da,44,1790866420763
6f1fcd,53,1790781820763
c36c1b,60,1790780920763
585093,42,1790866420763
c4a016,42,1790781820763
a14c8f,54,1790781820763
669faf,37,1790781820763
5ea5d5,46,1790780920763
8dea20,39,1790781820763
fac145,19,1790781820763
e80850,44,1790781820763
0884d9,34,1790781820763
8dc3bf,19,1790780920763
e451f4,57,1790780920763
224c4f,33,1790781820763
26d63c,29,1790866420763
0ef294,44,1790781820763
ce097c,46,1790866420763
132f01,34,1790780920763
2bdf60,39,1790780920763
1f2c2a,36,1790780920763
9a2bfd,53,1790866420763
041a7b,55,1790781820763
8a1426,40,1790866420763
ff1223,29,1790780920763
0d00b8,53,1790780920763
2e1865,26,1790780920763
9c1da4,41,1790781820763
7acf32,59,1790781820763
e78b10,22,1790780920763
30a779,26,1790781820763
e25b42,38,1790780920763
19003d,37,1790866420763
56a4ba,59,1790780920763
ee4677,52,1790866420763
867140,23,1790866420763
987c46,52,1790866420763
323777,56,1790780920763
0bf2f0,38,1790781820763
2ef37b,37,1790866420763
1fec93,17,1790866420763
a38f4d,34,1790781820763
1a87e1,22,1790866420763
3360c0,31,1790781820763
430565,27,1790781820763
45fbd0,47,1790781820763
c02fcf,48,1790866420763
4089da,55,1790781820763
a8d570,34,1790781820763
64a126,57,1790781820763
7088cb,41,1790866420763
f6ef67,41,1790780920763
1dde08,55,1790780920763
9b76a7,48,1790781820763
192906,59,1790866420763
16b5b9,37,1790780920763
6a0473,42,1790781820763
5bb708,32,1790866420763
399d65,43,1790781820763
6d8ad3,23,1790866420763
fef404,55,1790781820763
84e8c1,49,1790780920763
506d18,38,1790781820763
695833,30,1790781820763
944545,19,1790780920763
f34e37,26,1790781820763
d72ed7,57,1790866420763
ed329d,43,1790780920763
b90990,54,1790780920763
0644c4,24,1790780920763
814e13,51,1790781820763
69f747,40,1790866420763
a7b9cf,56,1790781820763
f77f28,18,1790866420763
b88525,60,1790866420763
28e8ac,31,1790780920763
7715c4,45,1790781820763
2c39d8,16,1790781820763
1538cf,38,1790866420763
01da98,58,1790866420763
e993ef,56,1790780920763
48fb56,18,1790780920763
1a3117,20,1790866420763
66349e,55,1790781820763
10874f,23,1790780920763
c39f34,34,1790781820763
deffae,27,1790780920763
47d08b,52,1790780920763
6193ff,26,1790780920763
bf15a5,23,1790781820763
44f1b0,57,1790781820763
3fef4f,55,1790780920763
c98bb0,16,1790866420763
1bcbe9,51,1790780920763
2e0dd2,53,1790866420763
ad9db6,16,1790866420763
574571,31,1790866420763
92707e,24,1790866420763
3d4887,51,1790866420763
1b3279,56,1790780920763
1323fa,50,1790866420763
9097b1,18,1790780920763
7fca04,55,1790780920763
a4101e,51,1790781820763
8a1821,23,1790866420763
a90c8b,31,1790780920763
cd8c82,59,1790866420763
d06b24,20,1790781820763
20e382,38,1790866420763
1ebcb5,28,1790780920763
119434,20,1790781820763
a5ba64,50,1790781820763
0fdb86,21,1790866420763
0ef573,45,1790781820763
3250df,55,1790781820763
011db8,40,1790780920763
02e86a,25,1790866420763
acc067,25,1790780920763
709491,41,1790780920763
87f1f1,27,1790780920763
1d380d,46,1790781820763
fadf70,23,1790866420763
50527e,21,1790781820763
1aad50,15,1790780920763
225744,27,1790781820763
05d82a,51,1790866420763
117a33,36,1790866420763
984878,54,1790780920763
a2568f,53,1790780920763
ded4a2,44,1790866420763
5d222d,36,1790866420763
55aa5a,30,1790780920763
7adaa3,33,1790866420763
b023dd,45,1790780920763
06ec70,54,1790866420763
8f4273,44,1790866420763
8f886a,44,1790781820763
4f5650,31,1790781820763
2467a9,51,1790781820763
82f279,45,1790780920763
77d18a,31,1790781820763
d16a67,23,1790780920763
a61735,17,1790781820763
a2f0ab,54,1790781820763
deb728,53,1790781820763
4ba051,58,1790781820763
1035d0,31,1790780920763
1446dc,54,1790866420763
d01f22,35,1790866420763
04c0d0,27,1790780920763
cbe9b9,23,1790866420763
ba6acd,53,1790780920763
e89515,35,1790780920763
3073e3,16,1790866420763
8ebe06,16,1790780920763
4cda4d,41,1790866420763
489170,45,1790780920763
2ad327,23,1790781820763
5919b4,45,1790780920763
149807,45,1790780920763
28ef47,30,1790866420763
85fae0,43,1790780920763
4274be,25,1790781820763
4b4eb6,58,1790781820763
774ecd,22,1790780920763
f74a9a,16,1790780920763
619e9c,37,1790781820763
5e3a5a,26,1790780920763
d275e7,44,1790780920763
9f5842,19,1790866420763
d1c590,38,1790780920763
8373eb,24,1790781820763
63940f,47,1790781820763
313d5c,36,1790866420763
54abd3,17,1790866420763
d3177b,17,1790781820763
e80974,24,1790866420763
946516,41,1790780920763
103c3c,55,1790780920763
2df1ec,15,1790781820763
a26927,34,1790781820763
b6d3c2,44,1790780920763
bae730,18,1790781820763
cba7d5,43,1790866420763
8f611e,21,1790780920763
4be443,50,1790866420763
6ba7b4,43,1790781820763
298012,32,1790866420763
7847f2,47,1790781820763
921515,60,1790781820763
777de1,33,1790780920763
e48921,34,1790866420763
e45c20,53,1790781820763
08b09e,34,1790781820763
1af26f,20,1790780920763
499051,33,1790781820763
a18f0b,60,1790866420763
ee1cf8,42,1790781820763
6a5fce,43,1790866420763
857176,41,1790780920763
076b06,37,1790781820763
f86434,40,1790780920763
b3b83e,47,1790866420763
011d03,24,1790780920763
1fc561,41,1790780920763
840a2e,17,1790866420763
32b2fb,19,1790780920763
14f4e1,36,1790780920763
d9e463,45,1790781820763
23ac81,17,1790781820763
84761f,60,1790866420763
e99a93,53,1790781820763
7b9ac5,54,1790866420763
449ed6,40,1790866420763
c1091d,60,1790780920763
c2b213,58,1790780920763
35433f,28,1790781820763
9d5e72,46,1790780920763
964d2f,38,1790780920763
d304f8,49,1790866420763
9a1b15,35,1790781820763
7f0d68,57,1790781820763
14a4fd,49,1790781820763
1c7f0a,23,1790866420763
55328f,19,1790866420763
03f95c,44,1790866420763
42e496,40,1790780920763
d41039,43,1790781820763
e0df02,45,1790866420763
51afc3,53,1790866420763
c7b8bd,42,1790780920763
523190,32,1790780920763
cfe0b5,48,1790780920763
300b46,52,1790780920763
2f1580,41,1790781820763
bcfa18,18,1790781820763
5055e9,33,1790780920763
0ba1ca,47,1790780920763
7a8adf,38,1790781820763
eba28c,16,1790781820763
b361ef,15,1790866420763
c1089b,38,1790781820763
ed1067,17,1790866420763
ea9bfb,58,1790866420763
f8b48e,20,1790780920763
e46df8,21,1790781820763
f2e3a5,48,1790781820763
39ac65,52,1790780920763
935b7c,40,1790781820763
0eaab8,16,1790781820763
0f19dd,47,1790866420763
5026b6,39,1790781820763
69b3b2,51,1790781820763
57bca2,27,1790781820763
1dc5d9,55,1790781820763
ea5baf,43,1790866420763
ffdc97,41,1790780920763
a2d1a5,50,1790780920763
a78a79,18,1790866420763
6d59a9,50,1790780920763
8ffed6,31,1790866420763
0b3ff9,26,1790781820763
a78597,45,1790866420763
9a3cf8,48,1790866420763
5c5ce5,38,1790780920763
cfa11e,34,1790780920763
f961c3,46,1790781820763
3faabd,38,1790780920763
fa1993,36,1790780920763
7a6221,34,1790780920763
0c0ebc,17,1790781820763
80fc00,41,1790866420763
501d08,43,1790781820763
2d8a06,44,1790780920763
f57f95,54,1790781820763
84b931,39,1790781820763
dc2a06,50,1790780920763
65210f,58,1790866420763
821f29,52,1790866420763
79903c,45,1790781820763
ffd804,46,1790781820763
0f0b29,33,1790780920763
60a87d,26,1790781820763
d78ac4,17,1790866420763
b454da,18,1790780920763
218623,26,1790866420763
52c3a9,38,1790866420763
024cc1,38,1790780920763
11b9c0,56,1790780920763
86c277,22,1790866420763
71fbfb,15,1790781820763
08719d,39,1790866420763
859e90,46,1790866420763
8dffb1,31,1790866420763
3d72c1,29,1790781820763
014bf3,29,1790780920763
6d06c4,28,1790780920763
84ffc2,36,1790781820763
cfe535,53,1790866420763
d01ee7,24,1790780920763
1bccc6,38,1790781820763
f67706,43,1790781820763
d67c77,20,1790780920763
267caf,58,1790866420763
4e53a6,18,1790866420763
ad9d6c,51,1790866420763
efec67,52,1790866420763
185a41,18,1790781820763
def869,43,1790780920763
83836b,23,1790781820763
bb2b28,44,1790781820763
e2d2ae,32,1790781820763
184331,41,1790781820763
65866d,44,1790866420763
9bc417,35,1790780920763
9b6937,47,1790780920763
91cb3d,40,1790780920763
b0f5e7,40,1790866420763
644692,36,1790780920763
b491f3,40,1790781820763
adc241,37,1790781820763
3c4be6,51,1790781820763
dd72fa,47,1790781820763
6c672d,29,1790781820763
84e435,55,1790780920763
54d083,29,1790781820763
ad788d,44,1790866420763
ba6ab7,37,1790866420763
ae3136,49,1790781820763
2490e4,58,1790781820763
e5fabb,39,1790866420763
a618fe,56,1790781820763
ab058d,28,1790781820763
74c21d,19,1790780920763
b63ccd,18,1790780920763
7eb15f,38,1790866420763
a1541b,27,1790781820763
9d0ab6,19,1790780920763
000bd0,55,1790780920763
56e5b4,31,1790780920763
7c3370,51,1790866420763
ff2403,49,1790780920763
97e23a,34,1790780920763
7841e2,56,1790781820763
53a829,39,1790780920763
cd54c0,38,1790781820763
ba9591,44,1790781820763
e43721,45,1790866420763
88e46a,60,1790781820763
239a09,33,1790780920763
79cacb,56,1790781820763
674c16,44,1790781820763
678e1f,26,1790866420763
4f8fea,29,1790781820763
f9a00a,44,1790780920763
4c0715,45,1790781820763
41aa1a,56,1790781820763
3032dc,44,1790866420763
2996ff,48,1790866420763
107818,50,1790780920763
5c3c86,24,1790866420763
ecb2b6,22,1790866420763
6dec85,29,1790780920763
f54e0a,45,1790780920763
18b7f0,18,1790866420763
700fcd,27,1790780920763
07dfd5,35,1790781820763
e4636e,31,1790780920763
0ff14f,26,1790781820763
8aeb0d,55,1790781820763
8b27c4,58,1790866420763
a07aea,29,1790781820763
013fe0,25,1790780920763
538623,25,1790781820763
dedee4,25,1790866420763
7351ad,29,1790866420763
db850a,18,1790781820763
6a356a,17,1790781820763
b7100f,43,1790866420763
4629d5,22,1790781820763
e063a3,30,1790781820763
d431e1,31,1790866420763
1bc04d,16,1790866420763
653505,58,1790781820763
8783a6,54,1790780920763
db57eb,50,1790780920763
da53c8,59,1790781820763
83fff9,30,1790781820763
0b9b4a,39,1790780920763
242aff,55,1790781820763
8fadb3,31,1790866420763
9b0b76,59,1790866420763
89132f,60,1790866420763
5264ff,25,1790866420763
c0726b,36,1790866420763
121aa2,21,1790781820763
ff4526,59,1790780920763
15142c,15,1790866420763
2471c8,29,1790781820763
6c8b94,36,1790780920763
50d31b,53,1790781820763
1a5e6e,15,1790780920763
9a9d19,30,1790866420763
9932cc,34,1790866420763
56f366,49,1790780920763
5adec2,34,1790866420763
02e1b0,24,1790866420763
c4e1ee,58,1790780920763
fc9958,18,1790866420763
25560a,31,1790780920763
482b56,26,1790866420763
e3e327,38,1790866420763
cfc17f,31,1790780920763
c0fded,44,1790866420763
3aa7eb,25,1790781820763
8ca5e3,32,1790780920763
e145e7,20,1790781820763
441e73,45,1790780920763
38409d,30,1790781820763
023ea8,58,1790866420763
cbbbf1,20,1790866420763
2f2054,50,1790866420763
45badf,20,1790781820763
49edda,30,1790866420763
ae9530,59,1790780920763
505ae8,44,1790866420763
e095e9,33,1790781820763
b36aa1,23,1790780920763
c03b8d,22,1790781820763
29b9e9,50,1790866420763
5340bc,47,1790866420763
c1976b,46,1790780920763
0fc2db,57,1790866420763
d13cdc,45,1790780920763
b791f8,34,1790866420763
bab8de,58,1790866420763
8ea03d,42,1790781820763
23d5a8,55,1790780920763
6315e4,34,1790780920763
18e3b3,44,1790780920763
5e3d85,43,1790781820763
63b3dc,39,1790781820763
860fa8,48,1790866420763
233e79,25,1790780920763
3965d7,32,1790781820763
a3aa8e,53,1790866420763
c65cad,40,1790781820763
3eb1d1,57,1790866420763
a014a9,15,1790781820763
92f066,20,1790780920763
a12f12,34,1790781820763
1f72fe,19,1790781820763
b8425a,19,1790866420763
e820b4,29,1790781820763
dcd3e3,51,1790780920763
9c5057,40,1790781820763
1665f4,38,1790866420763
f20187,43,1790866420763
e8b2d4,48,1790780920763
a1654b,47,1790780920763
149517,36,1790866420763
757ca6,16,1790866420763
2a73b0,15,1790866420763
e35fb2,54,1790866420763
14160b,38,1790780920763
c1f14e,15,1790866420763
0fe060,58,1790780920763
75a157,22,1790780920763
55be47,29,1790781820763
379335,43,1790780920763
ad5388,30,1790781820763
16bc81,31,1790866420763
b503db,20,1790780920763
7deab7,30,1790866420763
131d07,29,1790866420763
684201,52,1790866420763
ffe9d1,33,1790780920763
590f03,17,1790866420763
550590,19,1790781820763
d4b886,52,1790866420763
5b6c97,60,1790780920763
93e77a,38,1790866420763
662380,40,1790781820763
f3be05,19,1790866420763
4b3c55,39,1790866420763
605b40,52,1790781820763
d75d23,39,1790780920763
f5842d,45,1790866420763
291195,56,1790781820763
59a62b,35,1790781820763
173530,27,1790780920763
b18c0c,50,1790780920763
7d30a5,34,1790780920763
5664cb,45,1790866420763
42410a,36,1790780920763
79f063,34,1790781820763
3d9f2e,49,1790866420763
cdb855,30,1790866420763
f3db19,22,1790781820763
0bf4c6,30,1790780920763
9b2996,41,1790780920763
d78130,35,1790780920763
718fbe,47,1790781820763
62c311,50,1790866420763
452e8e,16,1790780920763
f849c7,57,1790781820763
8ebbb9,40,1790780920763
c6afef,46,1790866420763
133d80,33,1790781820763
004d70,52,1790866420763
3ca4bb,18,1790866420763
40ef33,45,1790781820763
c37e04,45,1790781820763
670789,38,1790866420763
2c6cc8,54,1790866420763
d1d1e2,27,1790780920763
1f930a,53,1790781820763
66a6d0,58,1790781820763
5100d8,41,1790866420763
af592c,43,1790780920763
46ee45,21,1790781820763
390743,53,1790780920763
ceda4f,59,1790781820763
34f55d,53,1790780920763
fd38ba,41,1790781820763
e220c5,45,1790780920763
e8f453,26,1790781820763
4f6a96,43,1790780920763
e21744,15,1790780920763
68558f,57,1790866420763
d4272b,42,1790780920763
621788,33,1790781820763
9cf9ee,58,1790866420763
ebefdd,41,1790780920763
e7b0bb,47,1790866420763
a21406,21,1790780920763
fb46b0,38,1790780920763
9cbb4c,35,1790781820763
c4a430,24,1790866420763
faf431,48,1790866420763
9a24d1,18,1790781820763
cf457e,18,1790780920763
0bfdb7,47,1790780920763
60ea93,57,1790866420763
975b12,23,1790781820763
827fbf,58,1790781820763
afe4e7,25,1790780920763
d26c1c,47,1790781820763
072c8f,49,1790866420763
77a309,31,1790781820763
c5a7a5,23,1790781820763
32e719,26,1790781820763
b7b4b5,24,1790866420763
3218e5,17,1790866420763
0a3221,51,1790780920763
9f9390,34,1790866420763
60ad5f,23,1790781820763
e556c6,38,1790781820763
d10f94,20,1790866420763
fcfb4b,19,1790866420763
16388a,18,1790866420763
5f20ae,42,1790866420763
8d5e2a,20,1790780920763
b80832,52,1790781820763
30f3de,52,1790866420763
3bc112,22,1790866420763
873adb,47,1790866420763
631dcf,57,1790780920763
f75e99,47,1790780920763
8a7d5a,55,1790866420763
e4f6bd,50,1790780920763
0bb3ae,51,1790781820763
5b395c,40,1790780920763
7090da,58,1790780920763
54f7a7,25,1790866420763
9a25c7,45,1790780920763
a0d1ba,49,1790780920763
c9ce81,27,1790780920763
7b1722,57,1790780920763
635a89,52,1790780920763
88d9b3,24,1790781820763
5a44e7,38,1790780920763
d25519,47,1790866420763
563254,28,1790780920763
57afca,33,1790866420763
256714,50,1790866420763
e84a84,20,1790780920763
733633,44,1790781820763
16b38c,36,1790780920763
884147,46,1790780920763
4f184c,51,1790781820763
f13b25,23,1790781820763
957dd0,60,1790866420763
d8fc0a,45,1790780920763
2212ac,24,1790781820763
d32e61,56,1790866420763
55145c,21,1790866420763
abda5a,23,1790781820763
125020,37,1790780920763
3cbdb0,15,1790781820763
69addb,26,1790781820763
6a6070,44,1790866420763
521cc7,48,1790781820763
a98827,46,1790781820763
7f6706,57,1790780920763
8ff09f,58,1790781820763
978458,44,1790780920763
e8fdf0,50,1790780920763
7ad5d3,31,1790866420763
4c26d8,16,1790780920763
a4ac2d,20,1790866420763
8a33c8,17,1790866420763
48a7b1,42,1790866420763
a6ac20,16,1790780920763
3f23eb,49,1790866420763
3f7df2,28,1790781820763
f5553d,35,1790780920763
b191f1,31,1790781820763
7a453e,25,1790866420763
93525d,21,1790781820763
3f2544,33,1790781820763
ff7ff2,45,1790780920763
1b6e11,59,1790780920763
6c4e59,53,1790780920763
8ef14d,44,1790866420763
b092da,47,1790866420763
8e1582,54,1790866420763
b5f98b,47,1790866420763
2a5e17,50,1790781820763
422599,59,1790780920763
e472d2,28,1790866420763
37fd31,40,1790866420763
25794e,15,1790780920763
a432c8,34,1790866420763
a87005,32,1790866420763
67b42e,30,1790781820763
3d2829,28,1790781820763
e97ab6,28,1790780920763
933a1b,55,1790780920763
502a24,35,1790781820763
7dde46,24,1790781820763
282c09,60,1790781820763
f9f981,15,1790866420763
bdd3d9,46,1790781820763
6480a2,47,1790866420763
69fe7e,19,1790780920763
c7f93a,52,1790866420763
554769,16,1790780920763
7eab34,32,1790781820763
1a8c7d,15,1790866420763
1dae71,21,1790780920763
e24d88,52,1790866420763
1751b8,57,1790866420763
40c82e,44,1790781820763
b27b4b,57,1790781820763
c20ef0,58,1790866420763
8d7970,48,1790781820763
7cb524,50,1790780920763
70d8f9,60,1790781820763
dfb3b3,27,1790781820763
a0cd0f,24,1790866420763
941d1b,59,1790780920763
5f7f4d,60,1790780920763
a5b50c,19,1790866420763
1f8b9b,21,1790780920763
bf9c1f,33,1790780920763
8f9716,16,1790780920763
5af1ef,31,1790780920763
07ff96,25,1790866420763
9fd9e9,19,1790781820763
0de2e2,21,1790780920763
eac8eb,53,1790781820763
05a4d7,35,1790866420763
e34dde,27,1790866420763
c1dd93,18,1790780920763
2cca9d,21,1790781820763
92c7a5,56,1790780920763
42445e,21,1790866420763
f7f8d0,47,1790866420763
b1e8cb,57,1790781820763
469e7a,32,1790781820763
0ba643,28,1790780920763
bac128,60,1790781820763
a84e73,20,1790866420763
a35d4b,22,1790781820763
a6f002,57,1790780920763
81373a,24,1790781820763
e877fa,48,1790781820763
bf55f0,49,1790781820763
a90410,44,1790780920763
8f9cbd,56,1790780920763
87b088,31,1790866420763
6fe07f,16,1790781820763
8dd516,20,1790866420763
be8faf,51,1790780920763
e9588b,22,1790780920763
0fec9a,33,1790781820763
944711,21,1790866420763
0546a8,18,1790781820763
f65353,49,1790780920763
8a2e71,38,1790781820763
140bd9,38,1790780920763
a173c2,28,1790781820763
8b3b88,29,1790866420763
f8e5f4,48,1790781820763
78b349,20,1790866420763
932f5a,38,1790780920763
5d39a3,23,1790866420763
f98dae,19,1790866420763
0e5bdf,45,1790780920763
ac375a,22,1790781820763
72cbe5,39,1790781820763
9328c1,37,1790780920763
ba00f2,30,1790866420763
71a89f,25,1790866420763
580d59,21,1790780920763
2ca4e1,34,1790866420763
f7ffca,60,1790781820763
186f41,18,1790780920763
de6fe6,19,1790866420763
eaf823,32,1790780920763
ec748a,35,1790780920763
fa847a,36,1790781820763
d5375e,22,1790781820763
789f8f,50,1790780920763
13411c,47,1790781820763
3d56fd,40,1790866420763
0f660e,16,1790866420763
8e9b47,26,1790780920763
809b54,59,1790780920763
4f50f9,26,1790780920763
c557c6,35,1790781820763
db8ec0,59,1790780920763
f8f607,23,1790781820763
7f548b,17,1790781820763
e6dad0,24,1790780920763
c2df74,45,1790781820763
f7d1bf,25,1790866420763
a4ebf1,17,1790781820763
8d1e1c,35,1790866420763
289d13,56,1790780920763
aa169f,30,1790866420763
32dfa6,18,1790781820763
bf0428,27,1790781820763
06f160,29,1790781820763
8f661a,42,1790866420763
326bba,15,1790781820763
1a80ad,29,1790781820763
ea25f7,30,1790781820763
c5efa4,17,1790780920763
d09a5e,51,1790866420763
b06fd3,36,1790781820763
6eb430,49,1790781820763
074bcc,58,1790866420763
9fce27,29,1790866420763
62fb76,16,1790866420763
5ec77a,60,1790781820763
4c063f,27,1790780920763
4baa89,24,1790780920763
9152aa,53,1790780920763
3bbb0a,45,1790780920763
8b985d,47,1790866420763
761746,58,1790866420763
717f52,32,1790780920763
911666,19,1790781820763
3d7dbd,60,1790866420763
0b0e0d,37,1790781820763
112c19,57,1790780920763
be0b5d,56,1790780920763
2ce0fd,58,1790781820763
fc2d2d,35,1790780920763
8cd9b8,25,1790866420763
fa659e,44,1790780920763
191f21,32,1790866420763
72ff52,51,1790866420763
03c5a4,42,1790866420763
f20ed7,56,1790866420763
cc2bc4,52,1790780920763
743d38,55,1790781820763
ec7f95,57,1790781820763
3c7f56,18,1790780920763
c0478b,58,1790781820763
967712,25,1790781820763
66d96b,18,1790781820763
578904,51,1790780920763
24e4c1,47,1790781820763
a02365,21,1790866420763
ecbb6f,24,1790866420763
7ec58c,45,1790866420763
b08919,17,1790866420763
68a5e0,42,1790780920763
c66719,53,1790780920763
de5f34,19,1790866420763
a6b6c3,38,1790866420763
07d4c4,51,1790866420763
59de74,33,1790781820763
d84f72,22,1790780920763
91e252,57,1790780920763
1a8137,16,1790781820763
b2037d,19,1790866420763
1c2578,39,1790780920763
cd1a76,40,1790781820763
023f7b,18,1790781820763
4013aa,40,1790781820763
b5058b,51,1790781820763
faf562,28,1790866420763
965609,41,1790866420763
8f9b30,38,1790780920763
379920,18,1790780920763
8aa7bb,34,1790780920763
d24819,26,1790780920763
2199b0,54,1790781820763
d01e9a,41,1790781820763
9ef562,39,1790780920763
c29012,16,1790780920763
c604e4,56,1790780920763
38b414,23,1790781820763
59874e,40,1790866420763
df62be,36,1790781820763
de72a4,40,1790866420763
e263a8,28,1790866420763
e183fc,57,1790866420763
a5a05c,47,1790866420763
c2a422,36,1790780920763
17dae5,23,1790780920763
d1977f,19,1790866420763
66d407,43,1790780920763
6dc5f6,23,1790780920763
371369,44,1790781820763
78f76c,43,1790866420763
c93ad4,18,1790780920763
aacc03,49,1790781820763
4c6263,40,1790780920763
3d68b1,60,1790780920763
a25fd5,28,1790780920763
ece1b0,17,1790866420763
0ce438,55,1790781820763
fc622d,34,1790866420763
f75f7b,32,1790866420763
4d1cc1,38,1790781820763
fccc63,18,1790781820763
31dec5,15,1790781820763
9b5778,29,1790781820763
39123f,43,1790866420763
17edb9,36,1790781820763
0b2f71,36,1790780920763
af6e83,31,1790866420763
e30502,26,1790781820763
666201,34,1790780920763
36196c,30,1790780920763
349ecf,44,1790780920763
df6c55,27,1790866420763
45ff82,48,1790866420763
a6d662,16,1790866420763
0c884b,37,1790780920763
9e32cf,16,1790866420763
d3f3f4,46,1790780920763
de63a0,53,1790780920763
a4aad1,15,1790781820763
fb6af3,41,1790781820763
5023f8,56,1790780920763
074510,28,1790780920763
9d0370,20,1790781820763
b82e9e,47,1790866420763
7c57e3,26,1790780920763
780cf7,34,1790780920763
da14a2,38,1790866420763
d4ed09,57,1790866420763
39662b,54,1790781820763
8bd3b2,37,1790780920763
8ed4bd,54,1790780920763
bff242,48,1790780920763
f9587a,19,1790780920763
931518,42,1790780920763
975029,42,1790866420763
72b0a0,48,1790781820763
2f3842,44,1790866420763
d0317f,36,1790780920763
39fa8f,35,1790866420763
d5c3c7,15,1790780920763
982575,22,1790866420763
c8892c,60,1790781820763
59c03f,28,1790781820763
59345c,46,1790781820763
f7f8a1,38,1790781820763
e9c95a,23,1790780920763
61b503,37,1790781820763
acc6e4,41,1790780920763
19e365,18,1790780920763
0193d5,57,1790781820763
94c337,19,1790781820763
7a64fb,56,1790781820763
591186,55,1790866420763
a1a260,35,1790781820763
e904a1,43,1790780920763
9d2298,32,1790866420763
51e1bf,59,1790780920763
e6a33b,58,1790866420763
800e44,57,1790780920763
eae0d3,26,1790781820763
f565bc,32,1790866420763
6c025c,52,1790780920763
d858e5,39,1790781820763
73da0c,49,1790780920763
3df8fd,53,1790866420763
fac231,31,1790781820763
f37c7c,56,1790781820763
fc7bd1,34,1790781820763
f0503d,58,1790780920763
d503cb,39,1790781820763
146fa4,21,1790866420763
b5bbf0,27,1790781820763
7a2812,59,1790781820763
f0f146,47,1790781820763
d2b3ef,22,1790866420763
52a8da,54,1790866420763
d06cf2,26,1790866420763
e8dcb5,34,1790866420763
ef6800,57,1790781820763
ffe11a,34,1790780920763
758731,37,1790866420763
d332e8,21,1790781820763
49cfab,36,1790866420763
4eeb14,42,1790781820763
cb68e2,47,1790780920763
241f32,29,1790866420763
984023,52,1790866420763
595a62,30,1790780920763
789223,39,1790780920763
d13aab,24,1790866420763
a445dc,47,1790780920763
f28362,35,1790780920763
343b08,59,1790781820763
ae0db1,33,1790780920763
9db0a8,33,1790866420763
400c1c,36,1790866420763
e61968,48,1790780920763
8dcede,39,1790781820763
45a82a,17,1790866420763
15eda5,45,1790781820763
9045d6,51,1790780920763
77fac4,19,1790780920763
06ee64,34,1790781820763
faab52,51,1790780920763
6e5ae2,41,1790780920763
ce756e,46,1790780920763
8d4ff1,20,1790780920763
864857,26,1790781820763
5dcf6a,50,1790781820763
67af31,55,1790781820763
5a4ddc,20,1790780920763
e7a3c6,54,1790780920763
a824af,37,1790781820763
17915b,20,1790780920763
f02ec8,46,1790866420763
d2f5de,56,1790780920763
0331af,51,1790781820763
4164bc,28,1790781820763
3ae3ed,41,1790780920763
ecfccd,59,1790781820763
732c7e,31,1790780920763
64dc45,55,1790780920763
49cbd2,25,1790781820763
6ae9b5,58,1790780920763
c960cb,22,1790781820763
b857bb,44,1790781820763
b8f8ca,52,1790780920763
ad5f17,38,1790866420763
a88824,28,1790780920763
43879f,16,1790866420763
9c68ef,35,1790780920763
fbdbbd,25,1790866420763
0d9e8e,23,1790781820763
1b27b0,41,1790866420763
1c9982,34,1790781820763
51ef05,15,1790780920763
c8dbba,42,1790780920763
75ab7f,48,1790866420763
b3c000,34,1790866420763
b40a49,23,1790866420763
24b550,41,1790866420763
8a477e,52,1790780920763
98f2bf,25,1790780920763
3905c9,40,1790780920763
8c9e2d,54,1790866420763
1d56be,23,1790781820763
e35f25,48,1790780920763
f93463,55,1790781820763
54172e,33,1790780920763
168db7,16,1790866420763
90c827,44,1790780920763
3e04f0,33,1790781820763
1e312b,60,1790781820763
6f284d,19,1790866420763
d40fa2,58,1790781820763
3aae21,28,1790781820763
f98ae1,26,1790781820763
9b90ba,48,1790781820763
6c2ba7,17,1790780920763
fed6f1,52,1790866420763
3ca966,27,1790780920763
eff639,45,1790866420763
de62c5,41,1790780920763
41a57a,57,1790781820763
fc97a8,19,1790781820763
e7fd91,59,1790780920763
7be17f,22,1790866420763
7bba21,17,1790866420763
9f28f8,19,1790780920763
d30cb8,60,1790866420763
0ded8e,51,1790781820763
d43557,56,1790866420763
1b3bb6,34,1790781820763
753d22,42,1790866420763
43436b,32,1790866420763
d3c5e7,25,1790866420763
b5f52e,46,1790781820763
3df592,54,1790780920763
7820b9,39,1790780920763
2d93a7,56,1790781820763
a0bd9a,47,1790781820763
6e7036,21,1790781820763
3ec396,19,1790780920763
9cfdeb,50,1790781820763
e67e68,24,1790866420763
b81c4a,16,1790866420763
b13d2b,46,1790866420763
6c4c8d,60,1790781820763
6dcf26,56,1790866420763
4d619e,43,1790781820763
d06be8,45,1790781820763
72e452,47,1790781820763
53d013,47,1790781820763
8e28a2,55,1790781820763
40c956,24,1790781820763
6a17e2,59,1790781820763
d7487b,49,1790781820763
1a0b26,46,1790781820763
ffea46,57,1790866420763
4938c6,22,1790780920763
1e38eb,20,1790780920763
301a7d,60,1790781820763
8ef4ba,26,1790866420763
4d9d6e,18,1790781820763
d01d9c,60,1790780920763
a03c88,36,1790781820763
22e511,49,1790781820763
787c0d,18,1790781820763
fb3bae,20,1790781820763
1f7ea0,35,1790781820763
08ed73,58,1790781820763
c4a5c1,28,1790780920763
c30039,18,1790781820763
4992ae,38,1790781820763
c02ba7,41,1790780920763
9e7a20,25,1790866420763
7dc00d,57,1790781820763
331edb,17,1790781820763
9ae816,41,1790781820763
4f0218,52,1790781820763
3730b7,51,1790780920763
895c3d,29,1790866420763
86950c,21,1790781820763
68a8d7,60,1790780920763
256cee,59,1790781820763
81038a,36,1790780920763
6ebcbf,38,1790866420763
1a0f68,20,1790866420763
1f6ae5,25,1790780920763
45ce23,27,1790781820763
b5965b,46,1790780920763
86b358,33,1790866420763
0fb15a,33,1790780920763
3e2fd3,25,1790780920763
74619f,17,1790780920763
08bf66,45,1790866420763
ce5447,38,1790866420763
8d9701,19,1790781820763
2a1cb7,31,1790781820763
97bf9e,19,1790781820763
01d67a,16,1790866420763
ee6566,48,1790781820763
628734,50,1790866420763
5d6560,34,1790780920763
f961f6,23,1790781820763
b86b10,55,1790780920763
df4faa,46,1790780920763
4a6eef,33,1790781820763
7e7694,47,1790781820763
15dab9,32,1790781820763
674ab3,22,1790866420763
262c2e,49,1790781820763
704f97,60,1790780920763
25ce3e,25,1790780920763
339e2a,51,1790781820763
2e8bc6,41,1790866420763
526eb0,20,1790781820763
951bb1,22,1790780920763
2ce606,15,1790866420763
a05949,24,1790781820763
80dca7,30,1790781820763
6f87df,44,1790781820763
f9181d,58,1790866420763
cab9df,49,1790780920763
e09242,36,1790780920763
e34d4a,22,1790781820763
4dbbca,26,1790781820763
d79c05,21,1790780920763
94bed2,43,1790781820763
cb4c14,59,1790781820763
33048c,31,1790780920763
33a1a8,59,1790781820763
d7e264,56,1790780920763
eaf486,51,1790780920763
1d84f0,20,1790781820763
576c8b,26,1790781820763
39ff3b,35,1790866420763
35a1ea,35,1790866420763
4bbf1f,15,1790866420763
169c31,17,1790780920763
b6529e,20,1790866420763
7bc3d1,29,1790866420763
37e837,20,1790781820763
d9937b,22,1790781820763
4711dc,39,1790866420763
694d2f,30,1790781820763
3fa954,35,1790780920763
f7c923,57,1790781820763
d9a2cc,21,1790780920763
3099c3,34,1790780920763
d6e5bc,33,1790781820763
ab570c,15,1790780920763
a2425e,15,1790866420763
211a42,60,1790780920763
27ba22,34,1790781820763
4a35db,29,1790780920763
4506a6,57,1790866420763
2a03fd,54,1790781820763
3f4b77,26,1790781820763
a0e078,47,1790780920763
ff060c,45,1790780920763
6bdb53,44,1790780920763
389abe,17,1790866420763
8158f0,54,1790781820763
d6f32c,39,1790866420763
57b1ad,38,1790780920763
3ee380,54,1790866420763
1e9b64,18,1790866420763
e2fd18,17,1790866420763
5cbaa5,18,1790781820763
9f32c4,57,1790781820763
e75673,60,1790866420763
241405,47,1790781820763
c801fd,31,1790781820763
5a1ad1,16,1790866420763
63d838,50,1790781820763
c61465,24,1790781820763
0b4885,33,1790781820763
2cef69,15,1790780920763
415daf,56,1790780920763
c49952,38,1790866420763
6d84cb,22,1790781820763
4de302,49,1790780920763
624959,24,1790866420763
37e42b,50,1790781820763
a63db2,19,1790780920763
79e38e,47,1790781820763
e68232,57,1790866420763
59c117,28,1790866420763
7d6797,53,1790781820763
06af8b,27,1790780920763
a8940b,42,1790866420763
c188cf,47,1790781820763
e0ecf1,33,1790866420763
ca9e1c,60,1790781820763
c3beb9,54,1790866420763
9ff7e2,37,1790866420763
7f544a,15,1790781820763
10dec3,40,1790866420763
15dff8,43,1790780920763
0c8a34,29,1790781820763
ba26bf,43,1790781820763
2907ac,24,1790780920763
1b6aea,58,1790866420763
e372af,27,1790781820763
77983f,22,1790781820763
213cd4,26,1790780920763
b90f01,58,1790781820763
9a89e6,16,1790780920763
0ea076,59,1790866420763
b71a82,47,1790866420763
ba0fa7,23,1790866420763
b266ac,42,1790780920763
226aef,15,1790781820763
309235,60,1790780920763
2e4d59,23,1790866420763
6e0535,20,1790866420763
e25d8e,26,1790866420763
6e5c43,43,1790780920763
192d7b,57,1790781820763
67c397,42,1790780920763
557987,56,1790781820763
aa3ed8,46,1790866420763
c1b012,41,1790866420763
e215ee,47,1790866420763
214f1a,38,1790781820763
fcde5f,31,1790866420763
82be0e,18,1790866420763
7534b6,34,1790781820763
6747c5,36,1790866420763
6757b6,51,1790780920763
5e636b,52,1790780920763
a4d8b2,41,1790780920763
2a67a7,26,1790780920763
11bb02,19,1790780920763
82e9e7,44,1790866420763
e9ce5b,24,1790866420763
b51880,55,1790780920763
914e0a,33,1790781820763
fd9652,37,1790780920763
445fc0,48,1790781820763
b9d518,22,1790781820763
b5d321,41,1790781820763
5be9fe,19,1790866420763
2d4a20,17,1790780920763
b296ad,52,1790780920763
1fbc12,21,1790780920763
5fa4db,45,1790780920763
91370b,48,1790780920763
eed1c3,18,1790780920763
e620ce,46,1790866420763
103253,28,1790866420763
4a12c8,25,1790780920763
399e5a,57,1790866420763
8f5a59,35,1790781820763
d1b380,58,1790780920763
ef5e09,41,1790781820763
3d8bad,56,1790781820763
ca4aae,21,1790780920763
6e0e86,58,1790866420763
57414f,32,1790866420763
1e8473,43,1790780920763
f90ee3,16,1790781820763
549a74,46,1790780920763
a259c4,26,1790780920763
aa647a,50,1790780920763
1d7478,38,1790781820763
ff921c,41,1790866420763
7cb69f,28,1790781820763
c4d4a6,57,1790781820763
0fdd2b,23,1790780920763
29b983,32,1790866420763
5eca04,57,1790781820763
bc6b34,49,1790781820763
433006,24,1790781820763
7dd231,59,1790866420763
888746,34,1790781820763
587566,58,1790780920763
842952,16,1790780920763
09eba7,30,1790866420763
7f8030,29,1790866420763
8cd89b,16,1790866420763
be768b,53,1790780920763
5af865,33,1790781820763
f3a7e8,45,1790866420763
be3936,50,1790780920763
ccbfe9,51,1790781820763
df0f74,43,1790866420763
1bca06,58,1790781820763
6d32a6,42,1790866420763
b17c23,29,1790866420763
9514cc,54,1790866420763
7b2f9b,32,1790866420763
086095,43,1790866420763
5c6a78,21,1790866420763
3c236c,40,1790866420763
45d5e5,60,1790780920763
895027,19,1790780920763
0e9e52,34,1790781820763
cadd29,52,1790781820763
6af6ce,40,1790866420763
d0078c,21,1790866420763
639897,59,1790780920763
84b93c,20,1790781820763
eeed66,43,1790780920763
c47fe4,48,1790781820763
262347,19,1790866420763
f8caea,52,1790781820763
4b27e2,28,1790781820763
b66a0f,20,1790780920763
99290c,51,1790780920763
20f58f,45,1790780920763
2aa3ac,55,1790781820763
a03871,35,1790866420763
012ca0,55,1790866420763
784e62,32,1790866420763
66d8ba,38,1790780920763
a7cb57,28,1790780920763
82dc01,41,1790780920763
e94e1c,49,1790866420763
cad288,18,1790781820763
f2c302,57,1790780920763
971183,58,1790866420763
6368b1,54,1790866420763
33698a,42,1790780920763
5ced29,22,1790781820763
d094c3,58,1790780920763
cf8279,38,1790866420763
121855,56,1790781820763
534cf4,33,1790866420763
fe6cf9,50,1790866420763
ef0286,28,1790866420763
824b92,43,1790780920763
70c273,46,1790781820763
4264a2,51,1790780920763
ad7507,16,1790866420763
3b4e4a,59,1790866420763
c7f148,26,1790780920763
c2319c,25,1790866420763
3498dd,17,1790781820763
6df396,60,1790780920763
17bee9,46,1790780920763
af8aa0,28,1790866420763
4e3485,57,1790780920763
b78e6f,53,1790866420763
fdccf0,58,1790781820763
ced10d,43,1790866420763
1fffe9,56,1790866420763
987ca0,22,1790866420763
e0231f,60,1790781820763
0a9243,29,1790781820763
21d128,23,1790781820763
f9a47f,58,1790781820763
21690b,37,1790780920763
aecbfb,47,1790781820763
dd93e4,54,1790780920763
89cf78,50,1790780920763
298319,60,1790780920763
1868af,36,1790866420763
490de5,45,1790781820763
fd93a5,44,1790866420763
aa05fe,60,1790780920763
0b492d,34,1790866420763
c345a5,41,1790866420763
bf6d18,26,1790866420763
df0a56,27,1790781820763
08e7b8,39,1790781820763
e75a92,24,1790780920763
619ae3,21,1790780920763
f6022e,38,1790781820763
4984fe,49,1790780920763
a2231c,53,1790780920763
3e2c68,44,1790866420763
e10937,25,1790780920763
cb9a2c,28,1790866420763
02551f,39,1790781820763
d7397f,30,1790780920763
cd36b7,54,1790781820763
1ce015,40,1790866420763
dee065,16,1790780920763
94b677,53,1790780920763
c03f05,50,1790781820763
17019a,44,1790780920763
0d4984,26,1790780920763
db25c2,30,1790866420763
6ab02a,17,1790780920763
c939be,39,1790780920763
1fddc3,48,1790781820763
915556,45,1790781820763
534d41,57,1790780920763
c358c4,38,1790781820763
d2fe37,29,1790780920763
e9e032,33,1790780920763
966d78,36,1790780920763
77c66c,52,1790780920763
f7bc08,46,1790866420763
f26936,32,1790780920763
a506a5,28,1790866420763
adb3c8,57,1790866420763
238907,31,1790780920763
02e80f,49,1790780920763
536eb0,59,1790780920763
b17285,46,1790866420763
d8f548,50,1790866420763
dacd78,55,1790866420763
e830a3,23,1790780920763
398ecc,44,1790780920763
b848c4,28,1790781820763
28c955,16,1790866420763
0f0fca,16,1790780920763
d94468,26,1790780920763
d0f19a,16,1790780920763
c3eb18,54,1790781820763
5841e5,38,1790781820763
3c4ad5,34,1790866420763
61ad31,47,1790866420763
035083,51,1790781820763
9036b2,23,1790781820763
4497d4,21,1790780920763
a22f6f,39,1790781820763
a47899,26,1790866420763
6d1184,52,1790781820763
781cb6,16,1790780920763
e60b60,60,1790780920763
7ed8c3,25,1790866420763
ee022f,26,1790780920763
4029bd,53,1790781820763
21c355,19,1790866420763
84da2d,32,1790781820763
299b1c,56,1790780920763
85978c,43,1790866420763
ab5734,18,1790781820763
6dd231,42,1790780920763
9c75f9,52,1790866420763
de17e9,53,1790780920763
04d6af,15,1790780920763
916bee,15,1790866420763
33dd1e,32,1790781820763
204190,34,1790781820763
6d701c,48,1790866420763
4b6b67,17,1790781820763
7e4c96,25,1790866420763
57d169,60,1790866420763
dea84c,47,1790866420763
f03b70,42,1790781820763
5f137b,15,1790780920763
da57ef,58,1790866420763
33c110,56,1790781820763
0a52f3,45,1790780920763
737c9d,24,1790781820763
ec0705,39,1790780920763
6576f9,23,1790780920763
e984e6,31,1790780920763
73bd29,34,1790866420763
b17ffe,42,1790780920763
410715,53,1790781820763
3072d5,19,1790866420763
b8264c,49,1790866420763
27d019,60,1790781820763
cdbdee,39,1790780920763
18febb,48,1790780920763
700509,53,1790780920763
55a79f,49,1790780920763
7d5277,16,1790781820763
f2115e,18,1790780920763
38823f,58,1790781820763
58cf3e,25,1790781820763
a1d4e8,40,1790781820763
cc913e,30,1790780920763
896332,29,1790866420763
cb0ee8,37,1790866420763
c181fc,55,1790781820763
db701b,46,1790781820763
b3f633,35,1790866420763
8ce5b8,26,1790780920763
41e927,51,1790781820763
6392f5,53,1790866420763
1d89ad,43,1790781820763
212058,32,1790781820763
8beba0,42,1790781820763
884750,31,1790866420763
35ae38,22,1790781820763
936343,43,1790866420763
57aaaf,55,1790780920763
8a971a,35,1790866420763
2df9d0,15,1790781820763
3d9629,59,1790780920763
fb8776,32,1790781820763
b8b081,54,1790780920763
ff5cfe,58,1790780920763
46edbf,42,1790780920763
0da3e2,55,1790781820763
067bc4,23,1790780920763
4d6199,27,1790781820763
7b60e2,43,1790866420763
d36d7b,17,1790781820763
b16f0d,60,1790866420763
0a5302,46,1790866420763
bee44a,59,1790781820763
2e9ee9,43,1790781820763
952f35,21,1790780920763
da187e,34,1790780920763
df1880,43,1790780920763
a0ee33,32,1790781820763
b46f80,35,1790781820763
e1cc6d,32,1790866420763
906c96,50,1790866420763
3c3847,55,1790780920763
c31a13,28,1790780920763
a8f713,15,1790866420763
f288d1,38,1790866420763
07771c,20,1790781820763
a521b0,28,1790781820763
8cb48d,18,1790866420763
67e92c,53,1790781820763
ccad61,32,1790866420763
972d8b,29,1790780920763
0d0527,39,1790781820763
df6087,29,1790780920763
857f84,54,1790781820763
459d1b,39,1790780920763
561b95,32,1790780920763
b1f0a5,52,1790781820763
c63405,19,1790780920763
9a8901,42,1790781820763
3c2234,15,1790866420763
b4e91d,57,1790866420763
02b0e6,54,1790780920763
57357d,34,1790866420763
45661f,32,1790866420763
820b5e,45,1790780920763
f7b65d,26,1790781820763
cbe0f5,17,1790866420763
f457fc,21,1790780920763
f03012,29,1790781820763
4e9ceb,29,1790866420763
bfd901,39,1790781820763
263a76,36,1790780920763
dc952e,34,1790866420763
b078f0,58,1790780920763
e86155,56,1790780920763
d11c86,15,1790781820763
478343,43,1790781820763
ceae73,30,1790781820763
2edf4a,44,1790866420763
35f75c,53,1790781820763
9a9ad8,59,1790781820763
b15578,23,1790866420763
792fd7,25,1790866420763
2e067d,43,1790780920763
15ea99,33,1790781820763
50c396,39,1790781820763
cfde49,50,1790866420763
3fa59c,24,1790780920763
e4d242,15,1790780920763
e6bc1d,24,1790866420763
d472d1,21,1790780920763
05b25e,23,1790780920763
92220b,22,1790780920763
550771,22,1790781820763
dfe3bb,55,1790780920763
dd1d99,46,1790866420763
b2d92d,39,1790866420763
f912f0,22,1790781820763
17f3e2,19,1790866420763
5a8c17,25,1790780920763
e304bc,46,1790781820763
672402,21,1790866420763
cf48b7,57,1790866420763
f18deb,17,1790780920763
e15961,37,1790780920763
f6b668,46,1790780920763
cd3279,30,1790780920763
6bfdcd,42,1790780920763
6afb39,47,1790781820763
614866,32,1790780920763
b368c0,19,1790781820763
52f1f7,55,1790780920763
501950,58,1790780920763
e23976,18,1790781820763
ae39e4,16,1790780920763
2d67e6,45,1790780920763
a544b3,35,1790866420763
b821b9,48,1790781820763
e6db41,55,1790780920763
3ce3ba,56,1790780920763
e6f25c,52,1790866420763
ea47da,25,1790781820763
448b91,34,1790781820763
968f50,46,1790781820763
be7e64,37,1790781820763
1c983d,44,1790866420763
c13404,40,1790780920763
da8839,47,1790780920763
71439c,47,1790866420763
7f8d9e,58,1790866420763
54fa5a,25,1790781820763
664cc4,43,1790781820763
2eb911,51,1790780920763
260392,31,1790780920763
ecf4db,22,1790780920763
18ba2d,56,1790866420763
416add,30,1790866420763
460c07,58,1790780920763
afa2c6,47,1790781820763
52473a,34,1790781820763
df2cdb,28,1790866420763
6194ff,53,1790780920763
0a0afa,42,1790866420763
50a8d4,49,1790781820763
1574bc,18,1790781820763
2bdd97,41,1790781820763
9ca989,51,1790780920763
29becd,50,1790781820763
026370,20,1790780920763
73e370,50,1790781820763
5a16a1,15,1790780920763
0016d0,38,1790780920763
c2fc4b,16,1790780920763
d599f8,22,1790781820763
d2bb9d,39,1790866420763
91de31,47,1790866420763
63717b,49,1790866420763
2fff7f,53,1790781820763
a45004,19,1790781820763
84ec58,53,1790780920763
6ab732,24,1790781820763
242196,57,1790780920763
d9a9ba,47,1790866420763
8f803f,56,1790781820763
0dd499,32,1790781820763
fe6785,31,1790781820763
c1cd90,15,1790866420763
cc771b,35,1790866420763
991f2e,28,1790866420763
133f9e,34,1790781820763
8e9280,30,1790866420763
1b1cd9,39,1790866420763
eb920d,41,1790780920763
7ac46f,31,1790866420763
a21873,19,1790780920763
7ae82c,58,1790781820763
2a78a2,30,1790780920763
975f07,38,1790866420763
79f95b,15,1790866420763
b80029,22,1790780920763
b448e9,20,1790866420763
4eec12,44,1790866420763
c0b2b7,60,1790780920763
36f6c5,57,1790780920763
81e241,24,1790866420763
148cfc,31,1790781820763
f7beb0,26,1790781820763
be43c9,21,1790781820763
4146c5,44,1790866420763
37c12c,26,1790866420763
81e9d2,37,1790866420763
b45b54,57,1790866420763
6fab34,30,1790866420763
5e02b7,49,1790866420763
2a1c62,43,1790781820763
af0511,53,1790781820763
9b9343,45,1790866420763
1f6ebc,59,1790781820763
834a78,60,1790781820763
a16a96,40,1790866420763
b9e2b0,44,1790780920763
539a96,17,1790780920763
3d09fe,26,1790866420763
535e37,23,1790780920763
1f4129,59,1790780920763
8bc99e,33,1790781820763
af32d8,53,1790780920763
e9bcf8,58,1790781820763
e41905,27,1790780920763
53ab63,59,1790781820763
4f6ef6,39,1790781820763
625235,29,1790781820763
526e44,15,1790781820763
2d228c,19,1790866420763
2fcdb9,50,1790780920763
4cb7a6,51,1790781820763
8f474a,54,1790781820763
0ee2f1,55,1790781820763
82270c,38,1790866420763
3a7ac2,53,1790780920763
23cc27,27,1790866420763
bbcf54,59,1790866420763
6520e7,58,1790866420763
d5d046,18,1790780920763
66451c,19,1790780920763
9c101d,48,1790866420763
15cdab,29,1790866420763
bec007,26,1790866420763
42d379,43,1790866420763
ea0a85,55,1790781820763
908984,55,1790866420763
182cef,42,1790780920763
965fc3,21,1790780920763
84d175,51,1790781820763
bad333,32,1790866420763
73d5c5,18,1790780920763
c63c33,52,1790866420763
ba794d,31,1790781820763
5b1629,17,1790780920763
6e8252,51,1790780920763
95e5e2,29,1790780920763
565031,59,1790780920763
a43cbe,49,1790780920763
6f34bd,34,1790866420763
4b578b,43,1790866420763
34f215,38,1790781820763
66809d,19,1790780920763
199e51,47,1790780920763
972b12,38,1790866420763
04cfaa,55,1790781820763
29e43d,24,1790781820763
8ecac7,26,1790780920763
d744d6,59,1790866420763
f5012e,51,1790781820763
85aa7e,43,1790781820763
3144ef,45,1790866420763
197d31,40,1790780920763
c334cc,35,1790780920763
45e928,41,1790781820763
65754f,38,1790781820763
a23222,52,1790781820763
23a27b,60,1790780920763
05a64d,34,1790780920763
ff16e3,47,1790780920763
81f8d6,40,1790866420763
c3bace,43,1790781820763
35d88d,39,1790781820763
aa885f,47,1790866420763
6d1de1,31,1790780920763
23abec,23,1790781820763
055ce2,60,1790781820763
0208dd,55,1790780920763
453e43,17,1790781820763
373a02,41,1790866420763
9da4fe,19,1790780920763
421fbf,42,1790866420763
5b75e4,35,1790781820763
2aaf45,21,1790781820763
27cde3,30,1790781820763
bdaa3a,52,1790781820763
ca12af,33,1790781820763
139709,36,1790780920763
fb0fdb,26,1790781820763
b592fd,52,1790780920763
5bf8eb,18,1790866420763
f3f786,35,1790866420763
c29848,22,1790780920763
42aa54,60,1790780920763
51ce31,60,1790866420763
74e8e8,32,1790781820763
e3e9cd,47,1790866420763
33f073,27,1790866420763
e3d54d,44,1790781820763
581196,38,1790866420763
337be8,24,1790781820763
6ba852,30,1790866420763
d7b18b,23,1790866420763
cb68ce,27,1790866420763
f08910,50,1790780920763
d2bd90,28,1790866420763
283bf6,38,1790866420763
a56bf3,46,1790866420763
f8eca9,41,1790780920763
6160f1,41,1790781820763
6ccce5,41,1790781820763
6c057d,28,1790866420763
1ce5db,19,1790781820763
b45e90,15,1790866420763
429464,37,1790780920763
80697e,26,1790866420763
7837cd,57,1790780920763
21c668,56,1790780920763
ffac3b,31,1790781820763
cfaa80,21,1790781820763
ce5d4a,31,1790781820763
5b837c,52,1790781820763
1c432a,25,1790866420763
a823a2,18,1790780920763
08bb1c,58,1790781820763
d19214,57,1790866420763
7bcb34,42,1790866420763
c97d41,45,1790780920763
ace350,28,1790780920763
ab0e7f,56,1790866420763
304760,47,1790780920763
fdd24b,49,1790866420763
5e897a,46,1790781820763
6c04c8,50,1790866420763
ddaa5f,50,1790866420763
8bf220,39,1790866420763
b12765,41,1790866420763
1b1507,39,1790781820763
9a5258,43,1790781820763
afa52e,53,1790866420763
cef626,56,1790780920763
9fd0b6,56,1790781820763
6d4460,37,1790780920763
3903ca,49,1790781820763
2744e6,18,1790780920763
b734de,58,1790780920763
c0aac2,17,1790780920763
3fc867,32,1790781820763
efe0c7,16,1790866420763
a6af8b,49,1790866420763
0cd93e,56,1790780920763
b79421,15,1790866420763
5f427a,59,1790780920763
ee2943,44,1790780920763
3dac98,28,1790781820763
58e3a5,56,1790780920763
6bdd18,23,1790866420763
8e9960,49,1790781820763
3ea442,19,1790866420763
72e31d,39,1790866420763
6dcfff,41,1790781820763
60c9ea,40,1790866420763
10ed17,52,1790781820763
503be0,51,1790780920763
f55fb2,56,1790780920763
b6731d,60,1790780920763
70f7bf,46,1790781820763
ff4868,60,1790866420763
490c18,30,1790780920763
32da9d,60,1790866420763
7ed54a,60,1790781820763
fbba14,44,1790866420763
4bc1ca,16,1790866420763
f0d9fe,19,1790866420763
202af9,29,1790866420763
a3e25a,30,1790866420763
b92c3b,52,1790781820763
bacca3,27,1790866420763
98ca1b,28,1790866420763
17814f,47,1790781820763
6ba363,48,1790866420763
0d3fcc,15,1790866420763
66cf3f,49,1790781820763
90e26a,49,1790866420763
de7fef,41,1790866420763
8fc265,52,1790866420763
29ee43,49,1790866420763
745792,56,1790866420763
0a20d7,51,1790780920763
92d0a6,46,1790780920763
a5f0a5,41,1790866420763
974454,42,1790780920763
6c9877,21,1790866420763
50a1b7,32,1790780920763
6316f5,54,1790866420763
98e719,59,1790866420763
6edd70,31,1790780920763
2f0b79,60,1790780920763
246a6d,53,1790866420763
1fa566,55,1790866420763
da128c,51,1790780920763
c9ba6c,48,1790780920763
4a2e50,46,1790780920763
4c7870,22,1790866420763
3895ac,20,1790781820763
f4c3cd,27,1790780920763
fc452d,46,1790866420763
32aa45,27,1790866420763
ed8a7b,26,1790781820763
a96555,46,1790780920763
97e69c,42,1790780920763
769f1a,47,1790781820763
4abb67,44,1790781820763
52d9e2,56,1790781820763
80a5c6,54,1790780920763
6f7c0b,34,1790781820763
def4e5,31,1790780920763
69b6d7,31,1790780920763
5a9976,55,1790780920763
22d4d2,23,1790780920763
0198bc,21,1790780920763
5ed97c,46,1790781820763
a20490,54,1790866420763
3cf819,22,1790780920763
638920,37,1790866420763
bda3b0,50,1790781820763
90d5bf,33,1790780920763
4c4a4f,25,1790866420763
77b627,45,1790866420763
40de04,29,1790866420763
0df71a,35,1790780920763
e8f3ab,46,1790866420763
f350a3,26,1790866420763
5859e3,18,1790781820763
db8f18,30,1790866420763
b6768f,38,1790866420763
800528,50,1790780920763
993eef,44,1790781820763
1cda0b,35,1790781820763
a4b145,56,1790780920763
1be9b3,21,1790780920763
fbaae1,55,1790780920763
a02057,52,1790780920763
f9100c,60,1790781820763
727a2f,60,1790780920763
cdaf3b,46,1790781820763
85005a,38,1790781820763
2a08ea,16,1790781820763
2cfe8f,35,1790866420763
3a6dc2,23,1790781820763
b9d96a,42,1790866420763
176f83,48,1790866420763
dc93ce,42,1790866420763
97e3bf,31,1790780920763
ad9121,60,1790866420763
c4b611,41,1790781820763
58faac,35,1790781820763
22bcf4,22,1790781820763
333854,23,1790780920763
82ef36,50,1790866420763
a70346,36,1790866420763
0515aa,34,1790866420763
ae7bdd,44,1790780920763
a40310,23,1790781820763
5ec180,50,1790781820763
572ff3,58,1790866420763
b02674,52,1790781820763
b9077d,44,1790866420763
efe64f,31,1790780920763
22741b,45,1790781820763
090bc7,19,1790781820763
60e669,26,1790866420763
ed5c8f,19,1790866420763
108111,45,1790780920763
e7a8e7,23,1790866420763
1532e0,42,1790780920763
2288bb,20,1790866420763
441ce4,46,1790780920763
70657a,40,1790866420763
d7541b,39,1790780920763
ac1524,53,1790780920763
eba21b,19,1790780920763
5e5a06,58,1790781820763
7dcbad,34,1790780920763
7bc129,29,1790780920763
81c57e,18,1790780920763
d784f4,46,1790780920763
e0810d,43,1790780920763
87ed58,46,1790780920763
1ea47f,52,1790866420763
a003f8,40,1790780920763
9cbd93,45,1790781820763
a4bb8d,27,1790866420763
9d13f9,27,1790781820763
931e20,20,1790780920763
3ec250,52,1790781820763
91319c,26,1790781820763
d90519,42,1790780920763
e08a74,37,1790781820763
4668e7,29,1790780920763
fd55b4,20,1790780920763
44e306,22,1790780920763
01980b,19,1790866420763
a7040f,55,1790866420763
51e1a9,21,1790866420763
4583d0,55,1790780920763
688f88,22,1790781820763
339e0d,52,1790866420763
f786c7,29,1790866420763
5106d9,42,1790781820763
66d2ee,54,1790780920763
f84335,58,1790866420763
0151cc,59,1790866420763
7f18db,46,1790781820763
70277d,45,1790866420763
e99e7e,39,1790780920763
3c782a,56,1790781820763
d3133b,58,1790780920763
a2835b,56,1790866420763
7e9403,47,1790781820763
8fd720,19,1790781820763
c6c298,44,1790781820763
ee7c22,35,1790781820763
700395,22,1790780920763
dd6aa8,15,1790780920763
1c7df2,56,1790780920763
2267b9,60,1790780920763
f4c698,16,1790780920763
3d4a7f,46,1790781820763
a55a1b,29,1790781820763
9979ec,31,1790866420763
9117b4,49,1790780920763
325f4a,51,1790781820763
9f5c60,53,1790781820763
3d3669,55,1790781820763
d994c8,43,1790781820763
d48b20,24,1790781820763
831ab4,17,1790780920763
a8996e,36,1790866420763
7fbc6c,40,1790781820763
bc55cc,23,1790781820763
664714,40,1790866420763
a18895,56,1790780920763
38e3c9,17,1790866420763
001e01,17,1790780920763
32665d,46,1790866420763
512f1a,29,1790780920763
ad286b,53,1790781820763
6ae11f,22,1790866420763
373716,38,1790866420763
8c33a4,33,1790780920763
00ef16,51,1790866420763
cc9a7a,59,1790866420763
15579d,32,1790780920763
469bd3,37,1790780920763
7cfd89,59,1790780920763
552103,34,1790866420763
b918f1,32,1790866420763
50ce8e,47,1790781820763
00f1c1,23,1790780920763
a0bd0f,24,1790781820763
02df2e,27,1790781820763
b8d23c,45,1790780920763
cbe9bf,21,1790780920763
fb4cf9,22,1790781820763
b9f56a,28,1790780920763
d6e4ac,20,1790780920763
5fdc1d,47,1790866420763
9012f8,44,1790781820763
54bb2b,38,1790781820763
5ee4e0,41,1790781820763
49627c,48,1790780920763
ec4618,34,1790781820763
cf42c3,28,1790780920763
4eb32b,15,1790781820763
e0acf6,50,1790866420763
15fc16,27,1790866420763
d5f855,49,1790866420763
aa443c,34,1790866420763
832f46,19,1790780920763
7fcb88,53,1790781820763
58b7e7,53,1790780920763
7662ae,22,1790866420763
b27cd1,19,1790866420763
3bed95,19,1790780920763
695f54,57,1790866420763
9cc894,42,1790781820763
57f7ee,52,1790866420763
5f3b7b,56,1790866420763
25f71f,38,1790866420763
bb2f2c,34,1790780920763
3bce07,51,1790781820763
40aca8,16,1790866420763
fd6ba1,49,1790866420763
097bdf,26,1790866420763
cb39cd,20,1790866420763
c67888,30,1790780920763
c68b2d,29,1790781820763
d0f1d0,19,1790781820763
f48402,50,1790780920763
1d0491,24,1790780920763
4d1226,56,1790781820763
87eee0,28,1790866420763
8bae71,22,1790780920763
f97d6f,41,1790780920763
c08deb,26,1790780920763
ec3723,40,1790866420763
a6a0fc,22,1790781820763
aa9ec6,45,1790781820763
70ec8d,39,1790781820763
c6c4ec,53,1790780920763
167ba5,46,1790866420763
e91367,37,1790781820763
655311,48,1790781820763
7b82b8,39,1790780920763
f32f4a,49,1790781820763
49d724,24,1790866420763
7d0e7e,53,1790866420763
e99f4c,46,1790780920763
c8bf9c,27,1790781820763
f171dc,29,1790781820763
f75a13,42,1790780920763
7213f5,28,1790780920763
f81a77,41,1790866420763
3b3cfd,32,1790866420763
12ca41,41,1790781820763
c86fee,45,1790781820763
c5657f,21,1790780920763
89080f,51,1790780920763
e89b53,48,1790866420763
a9520a,50,1790780920763
44fa01,55,1790866420763
50db32,33,1790781820763
e01d8f,19,1790780920763
015ccb,60,1790781820763
8bf3cd,59,1790866420763
fd2053,36,1790866420763
bb99b3,16,1790781820763
85df6d,16,1790780920763
ae5cfc,41,1790781820763
8b5473,37,1790781820763
de3982,35,1790866420763
bca8f1,29,1790866420763
c498a4,40,1790781820763
823d10,21,1790780920763
a5037b,38,1790781820763
4425dc,38,1790866420763
fc6cc4,42,1790781820763
d2b81a,54,1790866420763
eff7f0,46,1790866420763
511b0f,32,1790866420763
da61f6,56,1790781820763
d9df2f,20,1790780920763
8230a8,36,1790866420763
7f0053,42,1790866420763
ea6533,16,1790781820763
80bf66,44,1790866420763
21bdc9,53,1790866420763
99708a,45,1790866420763
5f8ebb,40,1790781820763
afafc9,37,1790780920763
13c1f5,48,1790781820763
b764e3,33,1790781820763
2442c6,15,1790866420763
619765,40,1790781820763
614208,54,1790866420763
38a53a,18,1790866420763
516882,38,1790780920763
c2105d,34,1790780920763
0de581,58,1790781820763
722405,28,1790781820763
d3d9f1,39,1790866420763
b976fc,37,1790780920763
7a2401,54,1790781820763
21ef18,16,1790866420763
ca51c9,49,1790866420763
d74231,39,1790780920763
fa9b0c,31,1790780920763
37cae9,31,1790866420763
9dc21b,43,1790780920763
046e00,35,1790780920763
b0d5e0,15,1790780920763
124164,26,1790866420763
96cc6d,38,1790866420763
e6a87e,49,1790780920763
b597ff,22,1790866420763
e5c1ec,18,1790866420763
0d0164,26,1790781820763
089715,33,1790781820763
ff37c5,27,1790781820763
6c954d,59,1790866420763
535e11,54,1790866420763
a8ada7,50,1790866420763
5b85f0,39,1790780920763
cb3f5c,20,1790866420763
c9d644,27,1790781820763
625074,43,1790781820763
b73b82,27,1790780920763
a73fba,40,1790866420763
3e1df8,19,1790866420763
673fea,42,1790780920763
08cd86,41,1790780920763
b51e20,38,1790866420763
20b809,22,1790866420763
65e44e,40,1790781820763
99a05d,47,1790866420763
22c4f6,43,1790781820763
d77924,24,1790866420763
a6acd8,22,1790781820763
57b26e,16,1790780920763
11a392,52,1790866420763
25bf40,39,1790866420763
39b34c,30,1790780920763
81781f,49,1790781820763
a5b86f,35,1790780920763
ca8225,49,1790866420763
56a1eb,21,1790781820763
4498a3,36,1790866420763
024742,50,1790866420763
7577d5,40,1790866420763
3a2d93,44,1790780920763
a54eae,38,1790866420763
85b9b0,48,1790866420763
61a715,37,1790781820763
09b472,39,1790780920763
67a9b8,25,1790780920763
db2f9a,54,1790866420763
9e1625,52,1790866420763
7f4061,50,1790866420763
c8c1c7,23,1790781820763
5229f5,38,1790866420763
97acc6,36,1790781820763
f24247,22,1790781820763
b5024f,56,1790866420763
d6a763,17,1790866420763
f98268,56,1790780920763
2fdb62,56,1790780920763
47e821,36,1790781820763
4743da,41,1790781820763
6c3dc2,48,1790866420763
bc23f6,50,1790866420763
126b2b,53,1790866420763
de51aa,32,1790781820763
3beea3,45,1790780920763
7e28e5,47,1790866420763
f6679b,55,1790866420763
1585af,27,1790781820763
25fc79,17,1790866420763
6dde83,23,1790780920763
1a93c9,18,1790866420763
12ea3a,32,1790781820763
1b030d,59,1790866420763
7dcf86,51,1790781820763
de6532,58,1790781820763
bcbef3,37,1790781820763
3690b7,57,1790780920763
98288d,32,1790866420763
2b9ee3,38,1790781820763
c98f0f,49,1790780920763
3c15b4,17,1790781820763
1ab959,46,1790781820763
6bdeb7,21,1790780920763
0226d2,60,1790781820763
60bed2,24,1790781820763
876cab,16,1790781820763
be56eb,32,1790866420763
4c5ccd,57,1790781820763
bda29d,34,1790780920763
94e588,18,1790781820763
87c60a,30,1790866420763
7405af,33,1790780920763
8ce890,28,1790781820763
0fb26f,27,1790780920763
62e642,46,1790866420763
64c967,39,1790780920763
3571b5,26,1790866420763
a9437c,37,1790866420763
ac08e5,34,1790780920763
663d07,26,1790780920763
d6c1c0,56,1790866420763
b4039c,28,1790780920763
7ee61f,60,1790780920763
26c472,49,1790866420763
f7b499,27,1790780920763
5830b5,57,1790866420763
13c4b4,39,1790780920763
4b7249,59,1790781820763
a2e621,16,1790866420763
c39d40,24,1790781820763
cbadc2,25,1790780920763
90da37,40,1790780920763
b5be6b,21,1790866420763
97d97b,39,1790780920763
e3af67,55,1790780920763
e12c4c,41,1790866420763
fee85a,46,1790780920763
ad72e1,38,1790780920763
27a3a2,57,1790781820763
cf76c1,45,1790780920763
2bcf68,53,1790866420763
71c4da,43,1790866420763
e97a45,60,1790781820763
ea173e,48,1790781820763
03da84,50,1790780920763
4c66a2,21,1790780920763
9b0e2d,23,1790780920763
bd58ea,31,1790780920763
674743,58,1790780920763
cff00f,31,1790866420763
bc2d03,54,1790866420763
20665c,47,1790780920763
8e0132,60,1790866420763
8bc4ae,49,1790866420763
423df3,49,1790780920763
03347d,19,1790781820763
eda7ac,50,1790780920763
2ada58,39,1790781820763
25e5da,54,1790780920763
22cf1e,43,1790866420763
fef37f,20,1790780920763
30c5cc,41,1790866420763
fc2a72,42,1790781820763
551fd3,45,1790866420763
186de0,50,1790781820763
648afd,49,1790781820763
0e67c7,47,1790781820763
bffcd3,59,1790780920763
9acfad,44,1790866420763
52a3f7,30,1790866420763
e28797,42,1790866420763
acb5fd,60,1790780920763
c2648a,50,1790780920763
e75ed2,52,1790866420763
e2832c,27,1790780920763
333bc8,28,1790781820763
b723dd,29,1790866420763
f0bf1e,21,1790781820763
e4f3a9,55,1790780920763
c174b5,15,1790780920763
d3c853,53,1790866420763
8f7c57,23,1790781820763
fe407b,57,1790781820763
28bb0d,36,1790780920763
0ea610,34,1790780920763
4049b5,56,1790780920763
c01963,52,1790866420763
6a1828,15,1790866420763
a49463,46,1790780920763
d2b638,49,1790780920763
7e3fcd,21,1790781820763
3f12ad,53,1790781820763
d5d17a,42,1790780920763
a56508,16,1790780920763
1fc9e4,49,1790866420763
bc1d0a,45,1790781820763
363864,29,1790866420763
0a0c05,27,1790780920763
26a70a,23,1790780920763
c8fb97,48,1790780920763
9a10cf,23,1790866420763
ebc6ad,37,1790781820763
2a80b5,45,1790780920763
ca064b,57,1790866420763
8a1449,36,1790781820763
1629cf,41,1790780920763
60206a,34,1790780920763
3c5159,50,1790780920763
cd34bd,34,1790781820763
44dfd8,27,1790781820763
d51a68,54,1790866420763
9e62b9,44,1790781820763
885ffb,45,1790781820763
bdec11,44,1790866420763
ee345d,40,1790866420763
79a0fc,24,1790866420763
682c4f,60,1790866420763
e60d21,42,1790780920763
b9b3ac,43,1790780920763
f3d068,35,1790780920763
54f209,29,1790781820763
7db88d,17,1790781820763
f91ebe,38,1790866420763
b3997e,24,1790866420763
e21d32,33,1790866420763
cfbca6,16,1790866420763
7f5c17,23,1790780920763
01801c,46,1790781820763
3d7f3f,39,1790781820763
1a9231,27,1790781820763
aee973,47,1790780920763
7a65f6,58,1790866420763
d6ffd5,25,1790780920763
5cded0,41,1790780920763
403ca1,42,1790780920763
56b201,51,1790866420763
d2e0c9,20,1790866420763
2a16bb,56,1790780920763
4013cb,51,1790866420763
a254f2,46,1790781820763
29cb33,56,1790866420763
554eb2,49,1790866420763
a23a93,38,1790866420763
42eb60,38,1790781820763
fc9c2e,20,1790780920763
b2213a,48,1790780920763
5f2b3b,51,1790780920763
51acac,32,1790781820763
ab7a69,50,1790781820763
5d4587,54,1790866420763
59b8b3,59,1790781820763
a87046,33,1790780920763
63ca97,38,1790866420763
78ff36,60,1790781820763
941a78,30,1790780920763
79bbb7,18,1790866420763
3248b7,49,1790866420763
1b3ec3,52,1790780920763
bb48e5,24,1790781820763
798cee,43,1790781820763
c9955a,33,1790866420763
343b80,56,1790866420763
b12c6b,20,1790780920763
a0cde8,46,1790781820763
edbf83,38,1790781820763
27e210,45,1790866420763
fdbe07,18,1790780920763
5bf70f,50,1790781820763
8a2206,15,1790780920763
0b68e3,30,1790866420763
670733,30,1790780920763
01e899,19,1790781820763
a54939,45,1790780920763
6cdce7,53,1790866420763
53b7e7,58,1790781820763
daa42d,28,1790781820763
c5028a,23,1790866420763
69a7a8,27,1790866420763
fdd22a,40,1790866420763
266fdf,58,1790781820763
3506a5,51,1790866420763
768c77,43,1790866420763
0e08cf,21,1790781820763
69eb5f,50,1790866420763
4f08df,32,1790781820763
28181b,34,1790780920763
023096,23,1790781820763
d10587,23,1790781820763
3cd996,20,1790781820763
95af3d,35,1790780920763
548c4d,34,1790781820763
63fc8f,25,1790781820763
0dd102,22,1790781820763
5cfe2b,46,1790866420763
c321e3,15,1790780920763
6a0952,26,1790781820763
c010cd,15,1790866420763
1f61e1,15,1790866420763
48bd8b,23,1790780920763
960476,30,1790780920763
554199,32,1790866420763
5c2981,32,1790781820763
d29888,45,1790866420763
75e277,27,1790780920763
478302,45,1790780920763
fe5c3e,25,1790866420763
1278b6,23,1790781820763
fac3ac,59,1790866420763
af9b0b,16,1790781820763
20bb2d,31,1790781820763
d9f14b,24,1790780920763
943ceb,56,1790781820763
41ffde,43,1790781820763
a170ca,36,1790866420763
cf0e5e,33,1790781820763
d518d5,55,1790780920763
702e8c,42,1790781820763
0b384b,20,1790780920763
b98010,48,1790781820763
f50d41,42,1790781820763
812416,36,1790780920763
773a8f,45,1790866420763
ec2071,56,1790781820763
48a5da,39,1790780920763
729c44,34,1790780920763
5a9337,27,1790866420763
341ada,27,1790780920763
37f4d1,38,1790780920763
219bd5,20,1790781820763
75aa76,43,1790866420763
935afd,41,1790780920763
0c063d,31,1790866420763
86c477,16,1790781820763
f12a77,38,1790866420763
2a992b,29,1790780920763
09492d,21,1790781820763
69f9fc,52,1790866420763
7fc622,22,1790866420763
9afe29,56,1790866420763
ebba12,30,1790781820763
0b676b,58,1790781820763
ef74e9,24,1790780920763
c507ee,18,1790780920763
d6f960,27,1790866420763
b589c0,60,1790781820763
cf332b,25,1790866420763
1ec2f2,19,1790781820763
047ce0,22,1790781820763
5d8ba1,35,1790780920763
b224e1,29,1790866420763
3fc2e3,35,1790780920763
c306e2,40,1790866420763
6c335b,44,1790866420763
81b8ad,29,1790780920763
42ae38,28,1790781820763
850722,51,1790866420763
dffaff,47,1790781820763
ef1011,40,1790781820763
d381d9,47,1790781820763
5f2d25,28,1790780920763
31ba2f,50,1790781820763
46ca08,45,1790780920763
1070bf,32,1790780920763
b513b4,24,1790780920763
c46d05,39,1790780920763
2e4ac1,52,1790781820763
137ae2,48,1790866420763
f409c1,18,1790866420763
5f98eb,16,1790780920763
9cb526,17,1790866420763
214b3d,32,1790781820763
f59690,22,1790780920763
9538f1,34,1790780920763
b736d7,24,1790781820763
3ce136,58,1790780920763
ee31a9,30,1790780920763
7db253,26,1790780920763
623f39,50,1790781820763
8a05e7,56,1790866420763
6f90d5,16,1790780920763
f75248,47,1790780920763
142481,24,1790780920763
21d2d9,50,1790780920763
92d7dd,31,1790781820763
6357ab,43,1790780920763
2971d3,41,1790780920763
fb715b,39,1790780920763
d57752,38,1790780920763
77650c,48,1790780920763
55e155,23,1790866420763
9cbc75,40,1790866420763
63473d,27,1790866420763
24e89d,59,1790780920763
28ed61,57,1790780920763
62ee2a,43,1790781820763
48fed6,37,1790866420763
c487b8,30,1790780920763
1c745e,56,1790866420763
3d77f5,51,1790780920763
ee991f,20,1790780920763
ae861a,43,1790780920763
75fb36,26,1790866420763
59dd76,58,1790781820763
b617db,59,1790780920763
0d6a9b,43,1790780920763
069ec5,39,1790781820763
2e91de,51,1790866420763
4ec62e,26,1790866420763
e0c6b6,31,1790780920763
98fbf0,27,1790866420763
77b148,60,1790866420763
c88d96,58,1790780920763
7d55ad,41,1790781820763
7e8bf3,57,1790781820763
042e8e,54,1790780920763
d5cc5c,40,1790780920763
aad04c,35,1790781820763
bacd8c,30,1790781820763
1d5cd4,37,1790866420763
da8a3e,41,1790780920763
453038,48,1790780920763
620415,51,1790780920763
478781,32,1790866420763
ee9174,25,1790781820763
8e8b9d,58,1790780920763
fb88ae,18,1790780920763
24b95a,25,1790781820763
028b91,41,1790781820763
244ed8,18,1790781820763
10bb54,20,1790781820763
ddcf7a,28,1790780920763
44a498,32,1790780920763
b4260e,52,1790780920763
4ce5a6,43,1790780920763
968a43,36,1790780920763
2ebb18,50,1790866420763
7d66e6,56,1790866420763
d5ac33,32,1790866420763
53ee57,44,1790866420763
8cdd12,35,1790780920763
685502,58,1790866420763
9cbc6b,51,1790781820763
6c06f8,19,1790866420763
f7ff75,17,1790866420763
56046c,18,1790780920763
0583e5,41,1790780920763
e36c9f,38,1790780920763
d216d2,30,1790781820763
31b27d,26,1790866420763
bc886c,46,1790780920763
fa796d,39,1790866420763
56fea5,47,1790780920763
156dd8,49,1790780920763
28270b,41,1790781820763
0624dc,48,1790781820763
7e88cb,52,1790866420763
d234cd,43,1790780920763
998fc2,23,1790781820763
357ceb,43,1790780920763
002d1d,51,1790781820763
116948,59,1790781820763
29a279,16,1790780920763
2bd0b8,54,1790780920763
1cd631,32,1790780920763
572203,43,1790781820763
e16588,56,1790780920763
5b1a81,41,1790781820763
980100,38,1790780920763
d0abd4,45,1790781820763
c078a1,56,1790866420763
dd1b2c,23,1790866420763
f8f6a9,49,1790781820763
104e99,43,1790781820763
328c61,42,1790781820763
1e2a1a,28,1790781820763
fc3946,27,1790866420763
61ebe3,33,1790781820763
9b76a8,21,1790780920763
fa97c4,19,1790866420763
b7525f,31,1790781820763
1ec909,22,1790781820763
19878f,43,1790781820763
881e64,29,1790866420763
7fed33,39,1790781820763
b3e8f2,57,1790866420763
3bd17c,52,1790781820763
ee6256,53,1790780920763
f659e1,59,1790781820763
a745c5,23,1790866420763
7de70d,32,1790866420763
30c2b1,15,1790780920763
f1cb1a,44,1790866420763
8645e8,51,1790781820763
21b11a,57,1790780920763
a32fad,53,1790781820763
c1cf2a,53,1790866420763
0a541d,37,1790866420763
457cff,36,1790780920763
891493,36,1790781820763
b3f5e3,35,1790866420763
d7674c,57,1790866420763
643a81,32,1790780920763
32e11e,55,1790780920763
2fb095,23,1790780920763
c7a367,49,1790781820763
b35c88,30,1790781820763
9fa2ee,52,1790780920763
d82a88,52,1790781820763
125a53,24,1790866420763
a768e3,46,1790866420763
3277ef,40,1790780920763
e70097,15,1790866420763
bb081d,46,1790780920763
f2bd29,29,1790780920763
4720f9,53,1790866420763
7176b0,40,1790866420763
4c3031,41,1790781820763
bffc63,59,1790781820763
b856a2,52,1790780920763
f0b41e,27,1790781820763
9b8109,21,1790866420763
af2425,18,1790781820763
a78977,35,1790781820763
eb9d4f,15,1790781820763
9c5954,44,1790781820763
4f8a8b,34,1790780920763
4e46d9,24,1790781820763
48aa6f,47,1790780920763
f033d5,52,1790781820763
81bc35,15,1790781820763
62098b,26,1790781820763
e2c055,19,1790780920763
a07098,17,1790866420763
dfcb23,27,1790781820763
9e60d0,50,1790866420763
e59b03,32,1790780920763
ee7b95,32,1790780920763
d7e06e,50,1790781820763
938809,59,1790781820763
e2fdb4,24,1790780920763
4fe0ae,44,1790866420763
a8631f,52,1790866420763
21dde0,57,1790781820763
8e2c85,49,1790781820763
231be6,21,1790780920763
734292,20,1790780920763
13fa47,53,1790780920763
fa7f0d,29,1790866420763
2dafc8,30,1790780920763
689784,38,1790866420763
e70257,17,1790780920763
598f49,54,1790781820763
64fa4e,45,1790781820763
4cc44c,36,1790866420763
0b08c1,21,1790780920763
3776f1,24,1790780920763
3e7a02,34,1790866420763
397e43,47,1790781820763
501611,46,1790781820763
f0123c,28,1790866420763
2d3aec,16,1790866420763
f501e3,37,1790866420763
1800a5,49,1790781820763
34c5fe,48,1790781820763
daacaf,25,1790781820763
ed2f1e,33,1790866420763
c5d3b9,57,1790780920763
5fb467,22,1790780920763
3e5a04,45,1790780920763
81047f,50,1790780920763
a832ef,35,1790866420763
011230,34,1790780920763
564bc3,52,1790866420763
9caf41,60,1790781820763
446b10,16,1790866420763
1d57d7,53,1790781820763
eff717,60,1790866420763
9d1674,49,1790780920763
0978b4,32,1790866420763
fc4592,32,1790781820763
7ded39,36,1790780920763
5efcf4,39,1790866420763
a96c90,39,1790866420763
1f958a,51,1790781820763
9f6173,58,1790866420763
858dc2,28,1790866420763
9e62db,59,1790780920763
a1af46,20,1790781820763
882a59,37,1790780920763
7cd27f,35,1790781820763
78c0b4,55,1790780920763
bd85f0,43,1790780920763
e339cb,42,1790866420763
d3eb7c,40,1790866420763
6e946f,46,1790866420763
d11d14,26,1790781820763
d25ad3,40,1790780920763
3aa39c,15,1790866420763
ea2046,35,1790781820763
da64f1,58,1790781820763
49067a,38,1790866420763
ca144e,26,1790866420763
5418c1,45,1790780920763
a58929,22,1790781820763
5359d2,18,1790866420763
cb38c1,47,1790781820763
cf864d,47,1790781820763
a69696,33,1790866420763
8c03b7,54,1790866420763
9d0877,35,1790866420763
e66930,25,1790780920763
b53c18,35,1790780920763
c8c1aa,42,1790781820763
