timestamp,source,namespace,metric,dims,stat,value
2026-09-30T10:02:00+00:00,backend,CWAgent,procstat_memory_rss,exe=amazon-cloudwatch-agent;process_name=amazon-cloudwatch-agent,average,54374400.0
2026-09-30T10:03:00+00:00,backend,CWAgent,procstat_memory_rss,exe=amazon-cloudwatch-agent;process_name=amazon-cloudwatch-agent,average,55209984.0
2026-09-30T10:04:00+00:00,backend,CWAgent,procstat_memory_rss,exe=amazon-cloudwatch-agent;process_name=amazon-cloudwatch-agent,average,47886336.0
2026-09-30T10:05:00+00:00,backend,CWAgent,procstat_memory_rss,exe=amazon-cloudwatch-agent;process_name=amazon-cloudwatch-agent,average,47894528.0
2026-09-30T10:06:00+00:00,backend,CWAgent,procstat_memory_rss,exe=amazon-cloudwatch-agent;process_name=amazon-cloudwatch-agent,average,52948992.0
2026-09-30T10:07:00+00:00,backend,CWAgent,procstat_memory_rss,exe=amazon-cloudwatch-agent;process_name=amazon-cloudwatch-agent,average,55222272.0
2026-09-30T10:08:00+00:00,backend,CWAgent,procstat_memory_rss,exe=amazon-cloudwatch-agent;process_name=amazon-cloudwatch-agent,average,55734272.0
2026-09-30T10:09:00+00:00,backend,CWAgent,procstat_memory_rss,exe=amazon-cloudwatch-agent;process_name=amazon-cloudwatch-agent,average,53047296.0
2026-09-30T10:10:00+00:00,backend,CWAgent,procstat_memory_rss,exe=amazon-cloudwatch-agent;process_name=amazon-cloudwatch-agent,average,47882240.0
2026-09-30T10:11:00+00:00,backend,CWAgent,procstat_memory_rss,exe=amazon-cloudwatch-agent;process_name=amazon-cloudwatch-agent,average,48807936.0
2026-09-30T10:12:00+00:00,backend,CWAgent,procstat_memory_rss,exe=amazon-cloudwatch-agent;process_name=amazon-cloudwatch-agent,average,56463360.0
2026-09-30T10:13:00+00:00,backend,CWAgent,procstat_memory_rss,exe=amazon-cloudwatch-agent;process_name=amazon-cloudwatch-agent,average,57311232.0
2026-09-30T10:14:00+00:00,backend,CWAgent,procstat_memory_rss,exe=amazon-cloudwatch-agent;process_name=amazon-cloudwatch-agent,average,57737216.0
2026-09-30T10:15:00+00:00,backend,CWAgent,procstat_memory_rss,exe=amazon-cloudwatch-agent;process_name=amazon-cloudwatch-agent,average,57868288.0
2026-09-30T10:02:00+00:00,backend,CWAgent,procstat_memory_rss,exe=amazon-cloudwatch-agent;process_name=amazon-cloudwatch-agent,maximum,54374400.0
2026-09-30T10:03:00+00:00,backend,CWAgent,procstat_memory_rss,exe=amazon-cloudwatch-agent;process_name=amazon-cloudwatch-agent,maximum,55209984.0
2026-09-30T10:04:00+00:00,backend,CWAgent,procstat_memory_rss,exe=amazon-cloudwatch-agent;process_name=amazon-cloudwatch-agent,maximum,47886336.0
2026-09-30T10:05:00+00:00,backend,CWAgent,procstat_memory_rss,exe=amazon-cloudwatch-agent;process_name=amazon-cloudwatch-agent,maximum,47894528.0
2026-09-30T10:06:00+00:00,backend,CWAgent,procstat_memory_rss,exe=amazon-cloudwatch-agent;process_name=amazon-cloudwatch-agent,maximum,52948992.0
2026-09-30T10:07:00+00:00,backend,CWAgent,procstat_memory_rss,exe=amazon-cloudwatch-agent;process_name=amazon-cloudwatch-agent,maximum,55222272.0
2026-09-30T10:08:00+00:00,backend,CWAgent,procstat_memory_rss,exe=amazon-cloudwatch-agent;process_name=amazon-cloudwatch-agent,maximum,55734272.0
2026-09-30T10:09:00+00:00,backend,CWAgent,procstat_memory_rss,exe=amazon-cloudwatch-agent;process_name=amazon-cloudwatch-agent,maximum,53047296.0
2026-09-30T10:10:00+00:00,backend,CWAgent,procstat_memory_rss,exe=amazon-cloudwatch-agent;process_name=amazon-cloudwatch-agent,maximum,47882240.0
2026-09-30T10:11:00+00:00,backend,CWAgent,procstat_memory_rss,exe=amazon-cloudwatch-agent;process_name=amazon-cloudwatch-agent,maximum,48807936.0
2026-09-30T10:12:00+00:00,backend,CWAgent,procstat_memory_rss,exe=amazon-cloudwatch-agent;process_name=amazon-cloudwatch-agent,maximum,56463360.0
2026-09-30T10:13:00+00:00,backend,CWAgent,procstat_memory_rss,exe=amazon-cloudwatch-agent;process_name=amazon-cloudwatch-agent,maximum,57311232.0
2026-09-30T10:14:00+00:00,backend,CWAgent,procstat_memory_rss,exe=amazon-cloudwatch-agent;process_name=amazon-cloudwatch-agent,maximum,57737216.0
2026-09-30T10:15:00+00:00,backend,CWAgent,procstat_memory_rss,exe=amazon-cloudwatch-agent;process_name=amazon-cloudwatch-agent,maximum,57868288.0
2026-09-30T10:02:00+00:00,backend,CWAgent,swap_used_percent,,average,10.921308367363677
2026-09-30T10:03:00+00:00,backend,CWAgent,swap_used_percent,,average,10.40784913606479
2026-09-30T10:04:00+00:00,backend,CWAgent,swap_used_percent,,average,10.113544680680619
2026-09-30T10:05:00+00:00,backend,CWAgent,swap_used_percent,,average,10.040302353481966
2026-09-30T10:06:00+00:00,backend,CWAgent,swap_used_percent,,average,13.239504317291864
2026-09-30T10:07:00+00:00,backend,CWAgent,swap_used_percent,,average,12.909913844897927
2026-09-30T10:08:00+00:00,backend,CWAgent,swap_used_percent,,average,13.166261990093211
2026-09-30T10:09:00+00:00,backend,CWAgent,swap_used_percent,,average,13.263155485449762
2026-09-30T10:10:00+00:00,backend,CWAgent,swap_used_percent,,average,13.519503630645048
2026-09-30T10:11:00+00:00,backend,CWAgent,swap_used_percent,,average,13.653781230509242
2026-09-30T10:12:00+00:00,backend,CWAgent,swap_used_percent,,average,13.446261303446395
2026-09-30T10:13:00+00:00,backend,CWAgent,swap_used_percent,,average,13.458468357979502
2026-09-30T10:14:00+00:00,backend,CWAgent,swap_used_percent,,average,13.057161440203553
2026-09-30T10:15:00+00:00,backend,CWAgent,swap_used_percent,,average,12.934518689191227
2026-09-30T10:02:00+00:00,backend,CWAgent,swap_used_percent,,maximum,10.921308367363677
2026-09-30T10:03:00+00:00,backend,CWAgent,swap_used_percent,,maximum,10.40784913606479
2026-09-30T10:04:00+00:00,backend,CWAgent,swap_used_percent,,maximum,10.113544680680619
2026-09-30T10:05:00+00:00,backend,CWAgent,swap_used_percent,,maximum,10.040302353481966
2026-09-30T10:06:00+00:00,backend,CWAgent,swap_used_percent,,maximum,13.239504317291864
2026-09-30T10:07:00+00:00,backend,CWAgent,swap_used_percent,,maximum,12.909913844897927
2026-09-30T10:08:00+00:00,backend,CWAgent,swap_used_percent,,maximum,13.166261990093211
2026-09-30T10:09:00+00:00,backend,CWAgent,swap_used_percent,,maximum,13.263155485449762
2026-09-30T10:10:00+00:00,backend,CWAgent,swap_used_percent,,maximum,13.519503630645048
2026-09-30T10:11:00+00:00,backend,CWAgent,swap_used_percent,,maximum,13.653781230509242
2026-09-30T10:12:00+00:00,backend,CWAgent,swap_used_percent,,maximum,13.446261303446395
2026-09-30T10:13:00+00:00,backend,CWAgent,swap_used_percent,,maximum,13.458468357979502
2026-09-30T10:14:00+00:00,backend,CWAgent,swap_used_percent,,maximum,13.057161440203553
2026-09-30T10:15:00+00:00,backend,CWAgent,swap_used_percent,,maximum,12.934518689191227
2026-09-30T10:02:00+00:00,backend,CWAgent,disk_used_percent,path=/;device=nvme0n1p1;fstype=ext4,average,59.10576156976987
2026-09-30T10:03:00+00:00,backend,CWAgent,disk_used_percent,path=/;device=nvme0n1p1;fstype=ext4,average,59.10576156976987
2026-09-30T10:04:00+00:00,backend,CWAgent,disk_used_percent,path=/;device=nvme0n1p1;fstype=ext4,average,59.089647647499
2026-09-30T10:05:00+00:00,backend,CWAgent,disk_used_percent,path=/;device=nvme0n1p1;fstype=ext4,average,59.089647647499
2026-09-30T10:06:00+00:00,backend,CWAgent,disk_used_percent,path=/;device=nvme0n1p1;fstype=ext4,average,59.110237659289545
2026-09-30T10:07:00+00:00,backend,CWAgent,disk_used_percent,path=/;device=nvme0n1p1;fstype=ext4,average,59.12930053465573
2026-09-30T10:08:00+00:00,backend,CWAgent,disk_used_percent,path=/;device=nvme0n1p1;fstype=ext4,average,59.117873341411354
2026-09-30T10:09:00+00:00,backend,CWAgent,disk_used_percent,path=/;device=nvme0n1p1;fstype=ext4,average,59.11897919882211
2026-09-30T10:10:00+00:00,backend,CWAgent,disk_used_percent,path=/;device=nvme0n1p1;fstype=ext4,average,59.119084518575505
2026-09-30T10:11:00+00:00,backend,CWAgent,disk_used_percent,path=/;device=nvme0n1p1;fstype=ext4,average,59.117452062397746
2026-09-30T10:12:00+00:00,backend,CWAgent,disk_used_percent,path=/;device=nvme0n1p1;fstype=ext4,average,59.11813664079487
2026-09-30T10:13:00+00:00,backend,CWAgent,disk_used_percent,path=/;device=nvme0n1p1;fstype=ext4,average,59.11839994017838
2026-09-30T10:14:00+00:00,backend,CWAgent,disk_used_percent,path=/;device=nvme0n1p1;fstype=ext4,average,59.106182848783476
2026-09-30T10:15:00+00:00,backend,CWAgent,disk_used_percent,path=/;device=nvme0n1p1;fstype=ext4,average,59.106182848783476
2026-09-30T10:02:00+00:00,backend,CWAgent,disk_used_percent,path=/;device=nvme0n1p1;fstype=ext4,maximum,59.10576156976987
2026-09-30T10:03:00+00:00,backend,CWAgent,disk_used_percent,path=/;device=nvme0n1p1;fstype=ext4,maximum,59.10576156976987
2026-09-30T10:04:00+00:00,backend,CWAgent,disk_used_percent,path=/;device=nvme0n1p1;fstype=ext4,maximum,59.089647647499
2026-09-30T10:05:00+00:00,backend,CWAgent,disk_used_percent,path=/;device=nvme0n1p1;fstype=ext4,maximum,59.089647647499
2026-09-30T10:06:00+00:00,backend,CWAgent,disk_used_percent,path=/;device=nvme0n1p1;fstype=ext4,maximum,59.110237659289545
2026-09-30T10:07:00+00:00,backend,CWAgent,disk_used_percent,path=/;device=nvme0n1p1;fstype=ext4,maximum,59.12930053465573
2026-09-30T10:08:00+00:00,backend,CWAgent,disk_used_percent,path=/;device=nvme0n1p1;fstype=ext4,maximum,59.117873341411354
2026-09-30T10:09:00+00:00,backend,CWAgent,disk_used_percent,path=/;device=nvme0n1p1;fstype=ext4,maximum,59.11897919882211
2026-09-30T10:10:00+00:00,backend,CWAgent,disk_used_percent,path=/;device=nvme0n1p1;fstype=ext4,maximum,59.119084518575505
2026-09-30T10:11:00+00:00,backend,CWAgent,disk_used_percent,path=/;device=nvme0n1p1;fstype=ext4,maximum,59.117452062397746
2026-09-30T10:12:00+00:00,backend,CWAgent,disk_used_percent,path=/;device=nvme0n1p1;fstype=ext4,maximum,59.11813664079487
2026-09-30T10:13:00+00:00,backend,CWAgent,disk_used_percent,path=/;device=nvme0n1p1;fstype=ext4,maximum,59.11839994017838
2026-09-30T10:14:00+00:00,backend,CWAgent,disk_used_percent,path=/;device=nvme0n1p1;fstype=ext4,maximum,59.106182848783476
2026-09-30T10:15:00+00:00,backend,CWAgent,disk_used_percent,path=/;device=nvme0n1p1;fstype=ext4,maximum,59.106182848783476
2026-09-30T10:02:00+00:00,backend,CWAgent,procstat_memory_rss,exe=dockerd;process_name=dockerd,average,66519040.0
2026-09-30T10:03:00+00:00,backend,CWAgent,procstat_memory_rss,exe=dockerd;process_name=dockerd,average,66543616.0
2026-09-30T10:04:00+00:00,backend,CWAgent,procstat_memory_rss,exe=dockerd;process_name=dockerd,average,66904064.0
2026-09-30T10:05:00+00:00,backend,CWAgent,procstat_memory_rss,exe=dockerd;process_name=dockerd,average,63000576.0
2026-09-30T10:06:00+00:00,backend,CWAgent,procstat_memory_rss,exe=dockerd;process_name=dockerd,average,57352192.0
2026-09-30T10:07:00+00:00,backend,CWAgent,procstat_memory_rss,exe=dockerd;process_name=dockerd,average,44978176.0
2026-09-30T10:08:00+00:00,backend,CWAgent,procstat_memory_rss,exe=dockerd;process_name=dockerd,average,51138560.0
2026-09-30T10:09:00+00:00,backend,CWAgent,procstat_memory_rss,exe=dockerd;process_name=dockerd,average,50397184.0
2026-09-30T10:10:00+00:00,backend,CWAgent,procstat_memory_rss,exe=dockerd;process_name=dockerd,average,48406528.0
2026-09-30T10:11:00+00:00,backend,CWAgent,procstat_memory_rss,exe=dockerd;process_name=dockerd,average,43323392.0
2026-09-30T10:12:00+00:00,backend,CWAgent,procstat_memory_rss,exe=dockerd;process_name=dockerd,average,49635328.0
2026-09-30T10:13:00+00:00,backend,CWAgent,procstat_memory_rss,exe=dockerd;process_name=dockerd,average,49676288.0
2026-09-30T10:14:00+00:00,backend,CWAgent,procstat_memory_rss,exe=dockerd;process_name=dockerd,average,50204672.0
2026-09-30T10:15:00+00:00,backend,CWAgent,procstat_memory_rss,exe=dockerd;process_name=dockerd,average,50282496.0
2026-09-30T10:02:00+00:00,backend,CWAgent,procstat_memory_rss,exe=dockerd;process_name=dockerd,maximum,66519040.0
2026-09-30T10:03:00+00:00,backend,CWAgent,procstat_memory_rss,exe=dockerd;process_name=dockerd,maximum,66543616.0
2026-09-30T10:04:00+00:00,backend,CWAgent,procstat_memory_rss,exe=dockerd;process_name=dockerd,maximum,66904064.0
2026-09-30T10:05:00+00:00,backend,CWAgent,procstat_memory_rss,exe=dockerd;process_name=dockerd,maximum,63000576.0
2026-09-30T10:06:00+00:00,backend,CWAgent,procstat_memory_rss,exe=dockerd;process_name=dockerd,maximum,57352192.0
2026-09-30T10:07:00+00:00,backend,CWAgent,procstat_memory_rss,exe=dockerd;process_name=dockerd,maximum,44978176.0
2026-09-30T10:08:00+00:00,backend,CWAgent,procstat_memory_rss,exe=dockerd;process_name=dockerd,maximum,51138560.0
2026-09-30T10:09:00+00:00,backend,CWAgent,procstat_memory_rss,exe=dockerd;process_name=dockerd,maximum,50397184.0
2026-09-30T10:10:00+00:00,backend,CWAgent,procstat_memory_rss,exe=dockerd;process_name=dockerd,maximum,48406528.0
2026-09-30T10:11:00+00:00,backend,CWAgent,procstat_memory_rss,exe=dockerd;process_name=dockerd,maximum,43323392.0
2026-09-30T10:12:00+00:00,backend,CWAgent,procstat_memory_rss,exe=dockerd;process_name=dockerd,maximum,49635328.0
2026-09-30T10:13:00+00:00,backend,CWAgent,procstat_memory_rss,exe=dockerd;process_name=dockerd,maximum,49676288.0
2026-09-30T10:14:00+00:00,backend,CWAgent,procstat_memory_rss,exe=dockerd;process_name=dockerd,maximum,50204672.0
2026-09-30T10:15:00+00:00,backend,CWAgent,procstat_memory_rss,exe=dockerd;process_name=dockerd,maximum,50282496.0
2026-09-30T10:02:00+00:00,backend,CWAgent,mem_available,,average,75087872.0
2026-09-30T10:03:00+00:00,backend,CWAgent,mem_available,,average,99508224.0
2026-09-30T10:04:00+00:00,backend,CWAgent,mem_available,,average,85901312.0
2026-09-30T10:05:00+00:00,backend,CWAgent,mem_available,,average,74330112.0
2026-09-30T10:06:00+00:00,backend,CWAgent,mem_available,,average,83529728.0
2026-09-30T10:07:00+00:00,backend,CWAgent,mem_available,,average,79241216.0
2026-09-30T10:08:00+00:00,backend,CWAgent,mem_available,,average,63344640.0
2026-09-30T10:09:00+00:00,backend,CWAgent,mem_available,,average,62066688.0
2026-09-30T10:10:00+00:00,backend,CWAgent,mem_available,,average,45719552.0
2026-09-30T10:11:00+00:00,backend,CWAgent,mem_available,,average,56201216.0
2026-09-30T10:12:00+00:00,backend,CWAgent,mem_available,,average,46432256.0
2026-09-30T10:13:00+00:00,backend,CWAgent,mem_available,,average,51585024.0
2026-09-30T10:14:00+00:00,backend,CWAgent,mem_available,,average,62267392.0
2026-09-30T10:15:00+00:00,backend,CWAgent,mem_available,,average,78073856.0
2026-09-30T10:02:00+00:00,backend,CWAgent,mem_available,,maximum,75087872.0
2026-09-30T10:03:00+00:00,backend,CWAgent,mem_available,,maximum,99508224.0
2026-09-30T10:04:00+00:00,backend,CWAgent,mem_available,,maximum,85901312.0
2026-09-30T10:05:00+00:00,backend,CWAgent,mem_available,,maximum,74330112.0
2026-09-30T10:06:00+00:00,backend,CWAgent,mem_available,,maximum,83529728.0
2026-09-30T10:07:00+00:00,backend,CWAgent,mem_available,,maximum,79241216.0
2026-09-30T10:08:00+00:00,backend,CWAgent,mem_available,,maximum,63344640.0
2026-09-30T10:09:00+00:00,backend,CWAgent,mem_available,,maximum,62066688.0
2026-09-30T10:10:00+00:00,backend,CWAgent,mem_available,,maximum,45719552.0
2026-09-30T10:11:00+00:00,backend,CWAgent,mem_available,,maximum,56201216.0
2026-09-30T10:12:00+00:00,backend,CWAgent,mem_available,,maximum,46432256.0
2026-09-30T10:13:00+00:00,backend,CWAgent,mem_available,,maximum,51585024.0
2026-09-30T10:14:00+00:00,backend,CWAgent,mem_available,,maximum,62267392.0
2026-09-30T10:15:00+00:00,backend,CWAgent,mem_available,,maximum,78073856.0
2026-09-30T10:02:00+00:00,backend,CWAgent,diskio_iops_in_progress,name=nvme0n1p15,average,0.0
2026-09-30T10:03:00+00:00,backend,CWAgent,diskio_iops_in_progress,name=nvme0n1p15,average,0.0
2026-09-30T10:04:00+00:00,backend,CWAgent,diskio_iops_in_progress,name=nvme0n1p15,average,0.0
2026-09-30T10:05:00+00:00,backend,CWAgent,diskio_iops_in_progress,name=nvme0n1p15,average,0.0
2026-09-30T10:06:00+00:00,backend,CWAgent,diskio_iops_in_progress,name=nvme0n1p15,average,0.0
2026-09-30T10:07:00+00:00,backend,CWAgent,diskio_iops_in_progress,name=nvme0n1p15,average,0.0
2026-09-30T10:08:00+00:00,backend,CWAgent,diskio_iops_in_progress,name=nvme0n1p15,average,0.0
2026-09-30T10:09:00+00:00,backend,CWAgent,diskio_iops_in_progress,name=nvme0n1p15,average,0.0
2026-09-30T10:10:00+00:00,backend,CWAgent,diskio_iops_in_progress,name=nvme0n1p15,average,0.0
2026-09-30T10:11:00+00:00,backend,CWAgent,diskio_iops_in_progress,name=nvme0n1p15,average,0.0
2026-09-30T10:12:00+00:00,backend,CWAgent,diskio_iops_in_progress,name=nvme0n1p15,average,0.0
2026-09-30T10:13:00+00:00,backend,CWAgent,diskio_iops_in_progress,name=nvme0n1p15,average,0.0
2026-09-30T10:14:00+00:00,backend,CWAgent,diskio_iops_in_progress,name=nvme0n1p15,average,0.0
2026-09-30T10:15:00+00:00,backend,CWAgent,diskio_iops_in_progress,name=nvme0n1p15,average,0.0
2026-09-30T10:02:00+00:00,backend,CWAgent,diskio_iops_in_progress,name=nvme0n1p15,maximum,0.0
2026-09-30T10:03:00+00:00,backend,CWAgent,diskio_iops_in_progress,name=nvme0n1p15,maximum,0.0
2026-09-30T10:04:00+00:00,backend,CWAgent,diskio_iops_in_progress,name=nvme0n1p15,maximum,0.0
2026-09-30T10:05:00+00:00,backend,CWAgent,diskio_iops_in_progress,name=nvme0n1p15,maximum,0.0
2026-09-30T10:06:00+00:00,backend,CWAgent,diskio_iops_in_progress,name=nvme0n1p15,maximum,0.0
2026-09-30T10:07:00+00:00,backend,CWAgent,diskio_iops_in_progress,name=nvme0n1p15,maximum,0.0
2026-09-30T10:08:00+00:00,backend,CWAgent,diskio_iops_in_progress,name=nvme0n1p15,maximum,0.0
2026-09-30T10:09:00+00:00,backend,CWAgent,diskio_iops_in_progress,name=nvme0n1p15,maximum,0.0
2026-09-30T10:10:00+00:00,backend,CWAgent,diskio_iops_in_progress,name=nvme0n1p15,maximum,0.0
2026-09-30T10:11:00+00:00,backend,CWAgent,diskio_iops_in_progress,name=nvme0n1p15,maximum,0.0
2026-09-30T10:12:00+00:00,backend,CWAgent,diskio_iops_in_progress,name=nvme0n1p15,maximum,0.0
2026-09-30T10:13:00+00:00,backend,CWAgent,diskio_iops_in_progress,name=nvme0n1p15,maximum,0.0
2026-09-30T10:14:00+00:00,backend,CWAgent,diskio_iops_in_progress,name=nvme0n1p15,maximum,0.0
2026-09-30T10:15:00+00:00,backend,CWAgent,diskio_iops_in_progress,name=nvme0n1p15,maximum,0.0
2026-09-30T10:02:00+00:00,backend,CWAgent,diskio_iops_in_progress,name=nvme0n1,average,0.0
2026-09-30T10:03:00+00:00,backend,CWAgent,diskio_iops_in_progress,name=nvme0n1,average,0.0
2026-09-30T10:04:00+00:00,backend,CWAgent,diskio_iops_in_progress,name=nvme0n1,average,0.0
2026-09-30T10:05:00+00:00,backend,CWAgent,diskio_iops_in_progress,name=nvme0n1,average,0.0
2026-09-30T10:06:00+00:00,backend,CWAgent,diskio_iops_in_progress,name=nvme0n1,average,0.0
2026-09-30T10:07:00+00:00,backend,CWAgent,diskio_iops_in_progress,name=nvme0n1,average,0.0
2026-09-30T10:08:00+00:00,backend,CWAgent,diskio_iops_in_progress,name=nvme0n1,average,0.0
2026-09-30T10:09:00+00:00,backend,CWAgent,diskio_iops_in_progress,name=nvme0n1,average,0.0
2026-09-30T10:10:00+00:00,backend,CWAgent,diskio_iops_in_progress,name=nvme0n1,average,0.0
2026-09-30T10:11:00+00:00,backend,CWAgent,diskio_iops_in_progress,name=nvme0n1,average,0.0
2026-09-30T10:12:00+00:00,backend,CWAgent,diskio_iops_in_progress,name=nvme0n1,average,0.0
2026-09-30T10:13:00+00:00,backend,CWAgent,diskio_iops_in_progress,name=nvme0n1,average,0.0
2026-09-30T10:14:00+00:00,backend,CWAgent,diskio_iops_in_progress,name=nvme0n1,average,0.0
2026-09-30T10:15:00+00:00,backend,CWAgent,diskio_iops_in_progress,name=nvme0n1,average,0.0
2026-09-30T10:02:00+00:00,backend,CWAgent,diskio_iops_in_progress,name=nvme0n1,maximum,0.0
2026-09-30T10:03:00+00:00,backend,CWAgent,diskio_iops_in_progress,name=nvme0n1,maximum,0.0
2026-09-30T10:04:00+00:00,backend,CWAgent,diskio_iops_in_progress,name=nvme0n1,maximum,0.0
2026-09-30T10:05:00+00:00,backend,CWAgent,diskio_iops_in_progress,name=nvme0n1,maximum,0.0
2026-09-30T10:06:00+00:00,backend,CWAgent,diskio_iops_in_progress,name=nvme0n1,maximum,0.0
2026-09-30T10:07:00+00:00,backend,CWAgent,diskio_iops_in_progress,name=nvme0n1,maximum,0.0
2026-09-30T10:08:00+00:00,backend,CWAgent,diskio_iops_in_progress,name=nvme0n1,maximum,0.0
2026-09-30T10:09:00+00:00,backend,CWAgent,diskio_iops_in_progress,name=nvme0n1,maximum,0.0
2026-09-30T10:10:00+00:00,backend,CWAgent,diskio_iops_in_progress,name=nvme0n1,maximum,0.0
2026-09-30T10:11:00+00:00,backend,CWAgent,diskio_iops_in_progress,name=nvme0n1,maximum,0.0
2026-09-30T10:12:00+00:00,backend,CWAgent,diskio_iops_in_progress,name=nvme0n1,maximum,0.0
2026-09-30T10:13:00+00:00,backend,CWAgent,diskio_iops_in_progress,name=nvme0n1,maximum,0.0
2026-09-30T10:14:00+00:00,backend,CWAgent,diskio_iops_in_progress,name=nvme0n1,maximum,0.0
2026-09-30T10:15:00+00:00,backend,CWAgent,diskio_iops_in_progress,name=nvme0n1,maximum,0.0
2026-09-30T10:02:00+00:00,backend,CWAgent,disk_used,path=/;device=nvme0n1p1;fstype=ext4,average,4597374976.0
2026-09-30T10:03:00+00:00,backend,CWAgent,disk_used,path=/;device=nvme0n1p1;fstype=ext4,average,4597374976.0
2026-09-30T10:04:00+00:00,backend,CWAgent,disk_used,path=/;device=nvme0n1p1;fstype=ext4,average,4596121600.0
2026-09-30T10:05:00+00:00,backend,CWAgent,disk_used,path=/;device=nvme0n1p1;fstype=ext4,average,4596121600.0
2026-09-30T10:06:00+00:00,backend,CWAgent,disk_used,path=/;device=nvme0n1p1;fstype=ext4,average,4597723136.0
2026-09-30T10:07:00+00:00,backend,CWAgent,disk_used,path=/;device=nvme0n1p1;fstype=ext4,average,4599205888.0
2026-09-30T10:08:00+00:00,backend,CWAgent,disk_used,path=/;device=nvme0n1p1;fstype=ext4,average,4598317056.0
2026-09-30T10:09:00+00:00,backend,CWAgent,disk_used,path=/;device=nvme0n1p1;fstype=ext4,average,4598403072.0
2026-09-30T10:10:00+00:00,backend,CWAgent,disk_used,path=/;device=nvme0n1p1;fstype=ext4,average,4598411264.0
2026-09-30T10:11:00+00:00,backend,CWAgent,disk_used,path=/;device=nvme0n1p1;fstype=ext4,average,4598284288.0
2026-09-30T10:12:00+00:00,backend,CWAgent,disk_used,path=/;device=nvme0n1p1;fstype=ext4,average,4598337536.0
2026-09-30T10:13:00+00:00,backend,CWAgent,disk_used,path=/;device=nvme0n1p1;fstype=ext4,average,4598358016.0
2026-09-30T10:14:00+00:00,backend,CWAgent,disk_used,path=/;device=nvme0n1p1;fstype=ext4,average,4597407744.0
2026-09-30T10:15:00+00:00,backend,CWAgent,disk_used,path=/;device=nvme0n1p1;fstype=ext4,average,4597407744.0
2026-09-30T10:02:00+00:00,backend,CWAgent,disk_used,path=/;device=nvme0n1p1;fstype=ext4,maximum,4597374976.0
2026-09-30T10:03:00+00:00,backend,CWAgent,disk_used,path=/;device=nvme0n1p1;fstype=ext4,maximum,4597374976.0
2026-09-30T10:04:00+00:00,backend,CWAgent,disk_used,path=/;device=nvme0n1p1;fstype=ext4,maximum,4596121600.0
2026-09-30T10:05:00+00:00,backend,CWAgent,disk_used,path=/;device=nvme0n1p1;fstype=ext4,maximum,4596121600.0
2026-09-30T10:06:00+00:00,backend,CWAgent,disk_used,path=/;device=nvme0n1p1;fstype=ext4,maximum,4597723136.0
2026-09-30T10:07:00+00:00,backend,CWAgent,disk_used,path=/;device=nvme0n1p1;fstype=ext4,maximum,4599205888.0
2026-09-30T10:08:00+00:00,backend,CWAgent,disk_used,path=/;device=nvme0n1p1;fstype=ext4,maximum,4598317056.0
2026-09-30T10:09:00+00:00,backend,CWAgent,disk_used,path=/;device=nvme0n1p1;fstype=ext4,maximum,4598403072.0
2026-09-30T10:10:00+00:00,backend,CWAgent,disk_used,path=/;device=nvme0n1p1;fstype=ext4,maximum,4598411264.0
2026-09-30T10:11:00+00:00,backend,CWAgent,disk_used,path=/;device=nvme0n1p1;fstype=ext4,maximum,4598284288.0
2026-09-30T10:12:00+00:00,backend,CWAgent,disk_used,path=/;device=nvme0n1p1;fstype=ext4,maximum,4598337536.0
2026-09-30T10:13:00+00:00,backend,CWAgent,disk_used,path=/;device=nvme0n1p1;fstype=ext4,maximum,4598358016.0
2026-09-30T10:14:00+00:00,backend,CWAgent,disk_used,path=/;device=nvme0n1p1;fstype=ext4,maximum,4597407744.0
2026-09-30T10:15:00+00:00,backend,CWAgent,disk_used,path=/;device=nvme0n1p1;fstype=ext4,maximum,4597407744.0
2026-09-30T10:02:00+00:00,backend,CWAgent,procstat_memory_rss,exe=containerd;process_name=containerd,average,38096896.0
2026-09-30T10:03:00+00:00,backend,CWAgent,procstat_memory_rss,exe=containerd;process_name=containerd,average,38273024.0
2026-09-30T10:04:00+00:00,backend,CWAgent,procstat_memory_rss,exe=containerd;process_name=containerd,average,38219776.0
2026-09-30T10:05:00+00:00,backend,CWAgent,procstat_memory_rss,exe=containerd;process_name=containerd,average,37511168.0
2026-09-30T10:06:00+00:00,backend,CWAgent,procstat_memory_rss,exe=containerd;process_name=containerd,average,32002048.0
2026-09-30T10:07:00+00:00,backend,CWAgent,procstat_memory_rss,exe=containerd;process_name=containerd,average,25862144.0
2026-09-30T10:08:00+00:00,backend,CWAgent,procstat_memory_rss,exe=containerd;process_name=containerd,average,28274688.0
2026-09-30T10:09:00+00:00,backend,CWAgent,procstat_memory_rss,exe=containerd;process_name=containerd,average,28463104.0
2026-09-30T10:10:00+00:00,backend,CWAgent,procstat_memory_rss,exe=containerd;process_name=containerd,average,28278784.0
2026-09-30T10:11:00+00:00,backend,CWAgent,procstat_memory_rss,exe=containerd;process_name=containerd,average,25694208.0
2026-09-30T10:12:00+00:00,backend,CWAgent,procstat_memory_rss,exe=containerd;process_name=containerd,average,26722304.0
2026-09-30T10:13:00+00:00,backend,CWAgent,procstat_memory_rss,exe=containerd;process_name=containerd,average,26923008.0
2026-09-30T10:14:00+00:00,backend,CWAgent,procstat_memory_rss,exe=containerd;process_name=containerd,average,27013120.0
2026-09-30T10:15:00+00:00,backend,CWAgent,procstat_memory_rss,exe=containerd;process_name=containerd,average,27238400.0
2026-09-30T10:02:00+00:00,backend,CWAgent,procstat_memory_rss,exe=containerd;process_name=containerd,maximum,38096896.0
2026-09-30T10:03:00+00:00,backend,CWAgent,procstat_memory_rss,exe=containerd;process_name=containerd,maximum,38273024.0
2026-09-30T10:04:00+00:00,backend,CWAgent,procstat_memory_rss,exe=containerd;process_name=containerd,maximum,38219776.0
2026-09-30T10:05:00+00:00,backend,CWAgent,procstat_memory_rss,exe=containerd;process_name=containerd,maximum,37511168.0
2026-09-30T10:06:00+00:00,backend,CWAgent,procstat_memory_rss,exe=containerd;process_name=containerd,maximum,32002048.0
2026-09-30T10:07:00+00:00,backend,CWAgent,procstat_memory_rss,exe=containerd;process_name=containerd,maximum,25862144.0
2026-09-30T10:08:00+00:00,backend,CWAgent,procstat_memory_rss,exe=containerd;process_name=containerd,maximum,28274688.0
2026-09-30T10:09:00+00:00,backend,CWAgent,procstat_memory_rss,exe=containerd;process_name=containerd,maximum,28463104.0
2026-09-30T10:10:00+00:00,backend,CWAgent,procstat_memory_rss,exe=containerd;process_name=containerd,maximum,28278784.0
2026-09-30T10:11:00+00:00,backend,CWAgent,procstat_memory_rss,exe=containerd;process_name=containerd,maximum,25694208.0
2026-09-30T10:12:00+00:00,backend,CWAgent,procstat_memory_rss,exe=containerd;process_name=containerd,maximum,26722304.0
2026-09-30T10:13:00+00:00,backend,CWAgent,procstat_memory_rss,exe=containerd;process_name=containerd,maximum,26923008.0
2026-09-30T10:14:00+00:00,backend,CWAgent,procstat_memory_rss,exe=containerd;process_name=containerd,maximum,27013120.0
2026-09-30T10:15:00+00:00,backend,CWAgent,procstat_memory_rss,exe=containerd;process_name=containerd,maximum,27238400.0
2026-09-30T10:02:00+00:00,backend,CWAgent,diskio_iops_in_progress,name=nvme0n1p1,average,1.0
2026-09-30T10:03:00+00:00,backend,CWAgent,diskio_iops_in_progress,name=nvme0n1p1,average,1.0
2026-09-30T10:04:00+00:00,backend,CWAgent,diskio_iops_in_progress,name=nvme0n1p1,average,0.0
2026-09-30T10:05:00+00:00,backend,CWAgent,diskio_iops_in_progress,name=nvme0n1p1,average,1.0
2026-09-30T10:06:00+00:00,backend,CWAgent,diskio_iops_in_progress,name=nvme0n1p1,average,2.0
2026-09-30T10:07:00+00:00,backend,CWAgent,diskio_iops_in_progress,name=nvme0n1p1,average,2.0
2026-09-30T10:08:00+00:00,backend,CWAgent,diskio_iops_in_progress,name=nvme0n1p1,average,4.0
2026-09-30T10:09:00+00:00,backend,CWAgent,diskio_iops_in_progress,name=nvme0n1p1,average,0.0
2026-09-30T10:10:00+00:00,backend,CWAgent,diskio_iops_in_progress,name=nvme0n1p1,average,0.0
2026-09-30T10:11:00+00:00,backend,CWAgent,diskio_iops_in_progress,name=nvme0n1p1,average,3.0
2026-09-30T10:12:00+00:00,backend,CWAgent,diskio_iops_in_progress,name=nvme0n1p1,average,4.0
2026-09-30T10:13:00+00:00,backend,CWAgent,diskio_iops_in_progress,name=nvme0n1p1,average,0.0
2026-09-30T10:14:00+00:00,backend,CWAgent,diskio_iops_in_progress,name=nvme0n1p1,average,1.0
2026-09-30T10:15:00+00:00,backend,CWAgent,diskio_iops_in_progress,name=nvme0n1p1,average,0.0
2026-09-30T10:02:00+00:00,backend,CWAgent,diskio_iops_in_progress,name=nvme0n1p1,maximum,1.0
2026-09-30T10:03:00+00:00,backend,CWAgent,diskio_iops_in_progress,name=nvme0n1p1,maximum,1.0
2026-09-30T10:04:00+00:00,backend,CWAgent,diskio_iops_in_progress,name=nvme0n1p1,maximum,0.0
2026-09-30T10:05:00+00:00,backend,CWAgent,diskio_iops_in_progress,name=nvme0n1p1,maximum,1.0
2026-09-30T10:06:00+00:00,backend,CWAgent,diskio_iops_in_progress,name=nvme0n1p1,maximum,2.0
2026-09-30T10:07:00+00:00,backend,CWAgent,diskio_iops_in_progress,name=nvme0n1p1,maximum,2.0
2026-09-30T10:08:00+00:00,backend,CWAgent,diskio_iops_in_progress,name=nvme0n1p1,maximum,4.0
2026-09-30T10:09:00+00:00,backend,CWAgent,diskio_iops_in_progress,name=nvme0n1p1,maximum,0.0
2026-09-30T10:10:00+00:00,backend,CWAgent,diskio_iops_in_progress,name=nvme0n1p1,maximum,0.0
2026-09-30T10:11:00+00:00,backend,CWAgent,diskio_iops_in_progress,name=nvme0n1p1,maximum,3.0
2026-09-30T10:12:00+00:00,backend,CWAgent,diskio_iops_in_progress,name=nvme0n1p1,maximum,4.0
2026-09-30T10:13:00+00:00,backend,CWAgent,diskio_iops_in_progress,name=nvme0n1p1,maximum,0.0
2026-09-30T10:14:00+00:00,backend,CWAgent,diskio_iops_in_progress,name=nvme0n1p1,maximum,1.0
2026-09-30T10:15:00+00:00,backend,CWAgent,diskio_iops_in_progress,name=nvme0n1p1,maximum,0.0
2026-09-30T10:02:00+00:00,backend,CWAgent,netstat_tcp_established,,average,1.0
2026-09-30T10:03:00+00:00,backend,CWAgent,netstat_tcp_established,,average,1.0
2026-09-30T10:04:00+00:00,backend,CWAgent,netstat_tcp_established,,average,1.0
2026-09-30T10:05:00+00:00,backend,CWAgent,netstat_tcp_established,,average,1.0
2026-09-30T10:06:00+00:00,backend,CWAgent,netstat_tcp_established,,average,1.0
2026-09-30T10:08:00+00:00,backend,CWAgent,netstat_tcp_established,,average,1.0
2026-09-30T10:09:00+00:00,backend,CWAgent,netstat_tcp_established,,average,1.0
2026-09-30T10:10:00+00:00,backend,CWAgent,netstat_tcp_established,,average,1.0
2026-09-30T10:11:00+00:00,backend,CWAgent,netstat_tcp_established,,average,1.0
2026-09-30T10:12:00+00:00,backend,CWAgent,netstat_tcp_established,,average,1.0
2026-09-30T10:13:00+00:00,backend,CWAgent,netstat_tcp_established,,average,1.0
2026-09-30T10:14:00+00:00,backend,CWAgent,netstat_tcp_established,,average,1.0
2026-09-30T10:15:00+00:00,backend,CWAgent,netstat_tcp_established,,average,1.0
2026-09-30T10:02:00+00:00,backend,CWAgent,netstat_tcp_established,,maximum,1.0
2026-09-30T10:03:00+00:00,backend,CWAgent,netstat_tcp_established,,maximum,1.0
2026-09-30T10:04:00+00:00,backend,CWAgent,netstat_tcp_established,,maximum,1.0
2026-09-30T10:05:00+00:00,backend,CWAgent,netstat_tcp_established,,maximum,1.0
2026-09-30T10:06:00+00:00,backend,CWAgent,netstat_tcp_established,,maximum,1.0
2026-09-30T10:08:00+00:00,backend,CWAgent,netstat_tcp_established,,maximum,1.0
2026-09-30T10:09:00+00:00,backend,CWAgent,netstat_tcp_established,,maximum,1.0
2026-09-30T10:10:00+00:00,backend,CWAgent,netstat_tcp_established,,maximum,1.0
2026-09-30T10:11:00+00:00,backend,CWAgent,netstat_tcp_established,,maximum,1.0
2026-09-30T10:12:00+00:00,backend,CWAgent,netstat_tcp_established,,maximum,1.0
2026-09-30T10:13:00+00:00,backend,CWAgent,netstat_tcp_established,,maximum,1.0
2026-09-30T10:14:00+00:00,backend,CWAgent,netstat_tcp_established,,maximum,1.0
2026-09-30T10:15:00+00:00,backend,CWAgent,netstat_tcp_established,,maximum,1.0
2026-09-30T10:02:00+00:00,backend,CWAgent,mem_used_percent,,average,80.24159187932045
2026-09-30T10:03:00+00:00,backend,CWAgent,mem_used_percent,,average,77.67187233706473
2026-09-30T10:04:00+00:00,backend,CWAgent,mem_used_percent,,average,77.24995947142423
2026-09-30T10:05:00+00:00,backend,CWAgent,mem_used_percent,,average,78.8507342946573
2026-09-30T10:06:00+00:00,backend,CWAgent,mem_used_percent,,average,77.40999538597752
2026-09-30T10:07:00+00:00,backend,CWAgent,mem_used_percent,,average,78.58885734357008
2026-09-30T10:08:00+00:00,backend,CWAgent,mem_used_percent,,average,80.42407438968122
2026-09-30T10:09:00+00:00,backend,CWAgent,mem_used_percent,,average,80.01587888814528
2026-09-30T10:10:00+00:00,backend,CWAgent,mem_used_percent,,average,82.96053971592586
2026-09-30T10:11:00+00:00,backend,CWAgent,mem_used_percent,,average,82.3756811918311
2026-09-30T10:12:00+00:00,backend,CWAgent,mem_used_percent,,average,82.52532516388094
2026-09-30T10:13:00+00:00,backend,CWAgent,mem_used_percent,,average,81.9612505247931
2026-09-30T10:14:00+00:00,backend,CWAgent,mem_used_percent,,average,80.87550037203154
2026-09-30T10:15:00+00:00,backend,CWAgent,mem_used_percent,,average,79.25809844079295
2026-09-30T10:02:00+00:00,backend,CWAgent,mem_used_percent,,maximum,80.24159187932045
2026-09-30T10:03:00+00:00,backend,CWAgent,mem_used_percent,,maximum,77.67187233706473
2026-09-30T10:04:00+00:00,backend,CWAgent,mem_used_percent,,maximum,77.24995947142423
2026-09-30T10:05:00+00:00,backend,CWAgent,mem_used_percent,,maximum,78.8507342946573
2026-09-30T10:06:00+00:00,backend,CWAgent,mem_used_percent,,maximum,77.40999538597752
2026-09-30T10:07:00+00:00,backend,CWAgent,mem_used_percent,,maximum,78.58885734357008
2026-09-30T10:08:00+00:00,backend,CWAgent,mem_used_percent,,maximum,80.42407438968122
2026-09-30T10:09:00+00:00,backend,CWAgent,mem_used_percent,,maximum,80.01587888814528
2026-09-30T10:10:00+00:00,backend,CWAgent,mem_used_percent,,maximum,82.96053971592586
2026-09-30T10:11:00+00:00,backend,CWAgent,mem_used_percent,,maximum,82.3756811918311
2026-09-30T10:12:00+00:00,backend,CWAgent,mem_used_percent,,maximum,82.52532516388094
2026-09-30T10:13:00+00:00,backend,CWAgent,mem_used_percent,,maximum,81.9612505247931
2026-09-30T10:14:00+00:00,backend,CWAgent,mem_used_percent,,maximum,80.87550037203154
2026-09-30T10:15:00+00:00,backend,CWAgent,mem_used_percent,,maximum,79.25809844079295
2026-09-30T10:02:00+00:00,backend,CWAgent,netstat_tcp_time_wait,,average,0.0
2026-09-30T10:03:00+00:00,backend,CWAgent,netstat_tcp_time_wait,,average,0.0
2026-09-30T10:04:00+00:00,backend,CWAgent,netstat_tcp_time_wait,,average,0.0
2026-09-30T10:05:00+00:00,backend,CWAgent,netstat_tcp_time_wait,,average,0.0
2026-09-30T10:06:00+00:00,backend,CWAgent,netstat_tcp_time_wait,,average,1.0
2026-09-30T10:08:00+00:00,backend,CWAgent,netstat_tcp_time_wait,,average,0.0
2026-09-30T10:09:00+00:00,backend,CWAgent,netstat_tcp_time_wait,,average,0.0
2026-09-30T10:10:00+00:00,backend,CWAgent,netstat_tcp_time_wait,,average,0.0
2026-09-30T10:11:00+00:00,backend,CWAgent,netstat_tcp_time_wait,,average,0.0
2026-09-30T10:12:00+00:00,backend,CWAgent,netstat_tcp_time_wait,,average,0.0
2026-09-30T10:13:00+00:00,backend,CWAgent,netstat_tcp_time_wait,,average,0.0
2026-09-30T10:14:00+00:00,backend,CWAgent,netstat_tcp_time_wait,,average,0.0
2026-09-30T10:15:00+00:00,backend,CWAgent,netstat_tcp_time_wait,,average,0.0
2026-09-30T10:02:00+00:00,backend,CWAgent,netstat_tcp_time_wait,,maximum,0.0
2026-09-30T10:03:00+00:00,backend,CWAgent,netstat_tcp_time_wait,,maximum,0.0
2026-09-30T10:04:00+00:00,backend,CWAgent,netstat_tcp_time_wait,,maximum,0.0
2026-09-30T10:05:00+00:00,backend,CWAgent,netstat_tcp_time_wait,,maximum,0.0
2026-09-30T10:06:00+00:00,backend,CWAgent,netstat_tcp_time_wait,,maximum,1.0
2026-09-30T10:08:00+00:00,backend,CWAgent,netstat_tcp_time_wait,,maximum,0.0
2026-09-30T10:09:00+00:00,backend,CWAgent,netstat_tcp_time_wait,,maximum,0.0
2026-09-30T10:10:00+00:00,backend,CWAgent,netstat_tcp_time_wait,,maximum,0.0
2026-09-30T10:11:00+00:00,backend,CWAgent,netstat_tcp_time_wait,,maximum,0.0
2026-09-30T10:12:00+00:00,backend,CWAgent,netstat_tcp_time_wait,,maximum,0.0
2026-09-30T10:13:00+00:00,backend,CWAgent,netstat_tcp_time_wait,,maximum,0.0
2026-09-30T10:14:00+00:00,backend,CWAgent,netstat_tcp_time_wait,,maximum,0.0
2026-09-30T10:15:00+00:00,backend,CWAgent,netstat_tcp_time_wait,,maximum,0.0
2026-09-30T10:02:00+00:00,backend,CWAgent,mem_used,,average,790683648.0
2026-09-30T10:03:00+00:00,backend,CWAgent,mem_used,,average,765362176.0
2026-09-30T10:04:00+00:00,backend,CWAgent,mem_used,,average,761204736.0
2026-09-30T10:05:00+00:00,backend,CWAgent,mem_used,,average,776978432.0
2026-09-30T10:06:00+00:00,backend,CWAgent,mem_used,,average,762781696.0
2026-09-30T10:07:00+00:00,backend,CWAgent,mem_used,,average,774397952.0
2026-09-30T10:08:00+00:00,backend,CWAgent,mem_used,,average,792481792.0
2026-09-30T10:09:00+00:00,backend,CWAgent,mem_used,,average,788459520.0
2026-09-30T10:10:00+00:00,backend,CWAgent,mem_used,,average,817475584.0
2026-09-30T10:11:00+00:00,backend,CWAgent,mem_used,,average,811712512.0
2026-09-30T10:12:00+00:00,backend,CWAgent,mem_used,,average,813187072.0
2026-09-30T10:13:00+00:00,backend,CWAgent,mem_used,,average,807628800.0
2026-09-30T10:14:00+00:00,backend,CWAgent,mem_used,,average,796930048.0
2026-09-30T10:15:00+00:00,backend,CWAgent,mem_used,,average,780992512.0
2026-09-30T10:02:00+00:00,backend,CWAgent,mem_used,,maximum,790683648.0
2026-09-30T10:03:00+00:00,backend,CWAgent,mem_used,,maximum,765362176.0
2026-09-30T10:04:00+00:00,backend,CWAgent,mem_used,,maximum,761204736.0
2026-09-30T10:05:00+00:00,backend,CWAgent,mem_used,,maximum,776978432.0
2026-09-30T10:06:00+00:00,backend,CWAgent,mem_used,,maximum,762781696.0
2026-09-30T10:07:00+00:00,backend,CWAgent,mem_used,,maximum,774397952.0
2026-09-30T10:08:00+00:00,backend,CWAgent,mem_used,,maximum,792481792.0
2026-09-30T10:09:00+00:00,backend,CWAgent,mem_used,,maximum,788459520.0
2026-09-30T10:10:00+00:00,backend,CWAgent,mem_used,,maximum,817475584.0
2026-09-30T10:11:00+00:00,backend,CWAgent,mem_used,,maximum,811712512.0
2026-09-30T10:12:00+00:00,backend,CWAgent,mem_used,,maximum,813187072.0
2026-09-30T10:13:00+00:00,backend,CWAgent,mem_used,,maximum,807628800.0
2026-09-30T10:14:00+00:00,backend,CWAgent,mem_used,,maximum,796930048.0
2026-09-30T10:15:00+00:00,backend,CWAgent,mem_used,,maximum,780992512.0
2026-09-30T10:02:00+00:00,backend,CWAgent,diskio_iops_in_progress,name=nvme0n1p14,average,0.0
2026-09-30T10:03:00+00:00,backend,CWAgent,diskio_iops_in_progress,name=nvme0n1p14,average,0.0
2026-09-30T10:04:00+00:00,backend,CWAgent,diskio_iops_in_progress,name=nvme0n1p14,average,0.0
2026-09-30T10:05:00+00:00,backend,CWAgent,diskio_iops_in_progress,name=nvme0n1p14,average,0.0
2026-09-30T10:06:00+00:00,backend,CWAgent,diskio_iops_in_progress,name=nvme0n1p14,average,0.0
2026-09-30T10:07:00+00:00,backend,CWAgent,diskio_iops_in_progress,name=nvme0n1p14,average,0.0
2026-09-30T10:08:00+00:00,backend,CWAgent,diskio_iops_in_progress,name=nvme0n1p14,average,0.0
2026-09-30T10:09:00+00:00,backend,CWAgent,diskio_iops_in_progress,name=nvme0n1p14,average,0.0
2026-09-30T10:10:00+00:00,backend,CWAgent,diskio_iops_in_progress,name=nvme0n1p14,average,0.0
2026-09-30T10:11:00+00:00,backend,CWAgent,diskio_iops_in_progress,name=nvme0n1p14,average,0.0
2026-09-30T10:12:00+00:00,backend,CWAgent,diskio_iops_in_progress,name=nvme0n1p14,average,0.0
2026-09-30T10:13:00+00:00,backend,CWAgent,diskio_iops_in_progress,name=nvme0n1p14,average,0.0
2026-09-30T10:14:00+00:00,backend,CWAgent,diskio_iops_in_progress,name=nvme0n1p14,average,0.0
2026-09-30T10:15:00+00:00,backend,CWAgent,diskio_iops_in_progress,name=nvme0n1p14,average,0.0
2026-09-30T10:02:00+00:00,backend,CWAgent,diskio_iops_in_progress,name=nvme0n1p14,maximum,0.0
2026-09-30T10:03:00+00:00,backend,CWAgent,diskio_iops_in_progress,name=nvme0n1p14,maximum,0.0
2026-09-30T10:04:00+00:00,backend,CWAgent,diskio_iops_in_progress,name=nvme0n1p14,maximum,0.0
2026-09-30T10:05:00+00:00,backend,CWAgent,diskio_iops_in_progress,name=nvme0n1p14,maximum,0.0
2026-09-30T10:06:00+00:00,backend,CWAgent,diskio_iops_in_progress,name=nvme0n1p14,maximum,0.0
2026-09-30T10:07:00+00:00,backend,CWAgent,diskio_iops_in_progress,name=nvme0n1p14,maximum,0.0
2026-09-30T10:08:00+00:00,backend,CWAgent,diskio_iops_in_progress,name=nvme0n1p14,maximum,0.0
2026-09-30T10:09:00+00:00,backend,CWAgent,diskio_iops_in_progress,name=nvme0n1p14,maximum,0.0
2026-09-30T10:10:00+00:00,backend,CWAgent,diskio_iops_in_progress,name=nvme0n1p14,maximum,0.0
2026-09-30T10:11:00+00:00,backend,CWAgent,diskio_iops_in_progress,name=nvme0n1p14,maximum,0.0
2026-09-30T10:12:00+00:00,backend,CWAgent,diskio_iops_in_progress,name=nvme0n1p14,maximum,0.0
2026-09-30T10:13:00+00:00,backend,CWAgent,diskio_iops_in_progress,name=nvme0n1p14,maximum,0.0
2026-09-30T10:14:00+00:00,backend,CWAgent,diskio_iops_in_progress,name=nvme0n1p14,maximum,0.0
2026-09-30T10:15:00+00:00,backend,CWAgent,diskio_iops_in_progress,name=nvme0n1p14,maximum,0.0
2026-09-30T10:02:00+00:00,backend,CWAgent,disk_free,path=/;device=nvme0n1p1;fstype=ext4,average,3180843008.0
2026-09-30T10:03:00+00:00,backend,CWAgent,disk_free,path=/;device=nvme0n1p1;fstype=ext4,average,3180843008.0
2026-09-30T10:04:00+00:00,backend,CWAgent,disk_free,path=/;device=nvme0n1p1;fstype=ext4,average,3182096384.0
2026-09-30T10:05:00+00:00,backend,CWAgent,disk_free,path=/;device=nvme0n1p1;fstype=ext4,average,3182096384.0
2026-09-30T10:06:00+00:00,backend,CWAgent,disk_free,path=/;device=nvme0n1p1;fstype=ext4,average,3180494848.0
2026-09-30T10:07:00+00:00,backend,CWAgent,disk_free,path=/;device=nvme0n1p1;fstype=ext4,average,3179012096.0
2026-09-30T10:08:00+00:00,backend,CWAgent,disk_free,path=/;device=nvme0n1p1;fstype=ext4,average,3179900928.0
2026-09-30T10:09:00+00:00,backend,CWAgent,disk_free,path=/;device=nvme0n1p1;fstype=ext4,average,3179814912.0
2026-09-30T10:10:00+00:00,backend,CWAgent,disk_free,path=/;device=nvme0n1p1;fstype=ext4,average,3179806720.0
2026-09-30T10:11:00+00:00,backend,CWAgent,disk_free,path=/;device=nvme0n1p1;fstype=ext4,average,3179933696.0
2026-09-30T10:12:00+00:00,backend,CWAgent,disk_free,path=/;device=nvme0n1p1;fstype=ext4,average,3179880448.0
2026-09-30T10:13:00+00:00,backend,CWAgent,disk_free,path=/;device=nvme0n1p1;fstype=ext4,average,3179859968.0
2026-09-30T10:14:00+00:00,backend,CWAgent,disk_free,path=/;device=nvme0n1p1;fstype=ext4,average,3180810240.0
2026-09-30T10:15:00+00:00,backend,CWAgent,disk_free,path=/;device=nvme0n1p1;fstype=ext4,average,3180810240.0
2026-09-30T10:02:00+00:00,backend,CWAgent,disk_free,path=/;device=nvme0n1p1;fstype=ext4,maximum,3180843008.0
2026-09-30T10:03:00+00:00,backend,CWAgent,disk_free,path=/;device=nvme0n1p1;fstype=ext4,maximum,3180843008.0
2026-09-30T10:04:00+00:00,backend,CWAgent,disk_free,path=/;device=nvme0n1p1;fstype=ext4,maximum,3182096384.0
2026-09-30T10:05:00+00:00,backend,CWAgent,disk_free,path=/;device=nvme0n1p1;fstype=ext4,maximum,3182096384.0
2026-09-30T10:06:00+00:00,backend,CWAgent,disk_free,path=/;device=nvme0n1p1;fstype=ext4,maximum,3180494848.0
2026-09-30T10:07:00+00:00,backend,CWAgent,disk_free,path=/;device=nvme0n1p1;fstype=ext4,maximum,3179012096.0
2026-09-30T10:08:00+00:00,backend,CWAgent,disk_free,path=/;device=nvme0n1p1;fstype=ext4,maximum,3179900928.0
2026-09-30T10:09:00+00:00,backend,CWAgent,disk_free,path=/;device=nvme0n1p1;fstype=ext4,maximum,3179814912.0
2026-09-30T10:10:00+00:00,backend,CWAgent,disk_free,path=/;device=nvme0n1p1;fstype=ext4,maximum,3179806720.0
2026-09-30T10:11:00+00:00,backend,CWAgent,disk_free,path=/;device=nvme0n1p1;fstype=ext4,maximum,3179933696.0
2026-09-30T10:12:00+00:00,backend,CWAgent,disk_free,path=/;device=nvme0n1p1;fstype=ext4,maximum,3179880448.0
2026-09-30T10:13:00+00:00,backend,CWAgent,disk_free,path=/;device=nvme0n1p1;fstype=ext4,maximum,3179859968.0
2026-09-30T10:14:00+00:00,backend,CWAgent,disk_free,path=/;device=nvme0n1p1;fstype=ext4,maximum,3180810240.0
2026-09-30T10:15:00+00:00,backend,CWAgent,disk_free,path=/;device=nvme0n1p1;fstype=ext4,maximum,3180810240.0
2026-09-30T10:02:00+00:00,backend,CWAgent,diskio_reads,name=nvme0n1p14,average,0.0
2026-09-30T10:03:00+00:00,backend,CWAgent,diskio_reads,name=nvme0n1p14,average,0.0
2026-09-30T10:04:00+00:00,backend,CWAgent,diskio_reads,name=nvme0n1p14,average,0.0
2026-09-30T10:05:00+00:00,backend,CWAgent,diskio_reads,name=nvme0n1p14,average,0.0
2026-09-30T10:06:00+00:00,backend,CWAgent,diskio_reads,name=nvme0n1p14,average,0.0
2026-09-30T10:07:00+00:00,backend,CWAgent,diskio_reads,name=nvme0n1p14,average,0.0
2026-09-30T10:08:00+00:00,backend,CWAgent,diskio_reads,name=nvme0n1p14,average,0.0
2026-09-30T10:09:00+00:00,backend,CWAgent,diskio_reads,name=nvme0n1p14,average,0.0
2026-09-30T10:10:00+00:00,backend,CWAgent,diskio_reads,name=nvme0n1p14,average,0.0
2026-09-30T10:11:00+00:00,backend,CWAgent,diskio_reads,name=nvme0n1p14,average,0.0
2026-09-30T10:12:00+00:00,backend,CWAgent,diskio_reads,name=nvme0n1p14,average,0.0
2026-09-30T10:13:00+00:00,backend,CWAgent,diskio_reads,name=nvme0n1p14,average,0.0
2026-09-30T10:14:00+00:00,backend,CWAgent,diskio_reads,name=nvme0n1p14,average,0.0
2026-09-30T10:15:00+00:00,backend,CWAgent,diskio_reads,name=nvme0n1p14,average,0.0
2026-09-30T10:02:00+00:00,backend,CWAgent,diskio_reads,name=nvme0n1p14,maximum,0.0
2026-09-30T10:03:00+00:00,backend,CWAgent,diskio_reads,name=nvme0n1p14,maximum,0.0
2026-09-30T10:04:00+00:00,backend,CWAgent,diskio_reads,name=nvme0n1p14,maximum,0.0
2026-09-30T10:05:00+00:00,backend,CWAgent,diskio_reads,name=nvme0n1p14,maximum,0.0
2026-09-30T10:06:00+00:00,backend,CWAgent,diskio_reads,name=nvme0n1p14,maximum,0.0
2026-09-30T10:07:00+00:00,backend,CWAgent,diskio_reads,name=nvme0n1p14,maximum,0.0
2026-09-30T10:08:00+00:00,backend,CWAgent,diskio_reads,name=nvme0n1p14,maximum,0.0
2026-09-30T10:09:00+00:00,backend,CWAgent,diskio_reads,name=nvme0n1p14,maximum,0.0
2026-09-30T10:10:00+00:00,backend,CWAgent,diskio_reads,name=nvme0n1p14,maximum,0.0
2026-09-30T10:11:00+00:00,backend,CWAgent,diskio_reads,name=nvme0n1p14,maximum,0.0
2026-09-30T10:12:00+00:00,backend,CWAgent,diskio_reads,name=nvme0n1p14,maximum,0.0
2026-09-30T10:13:00+00:00,backend,CWAgent,diskio_reads,name=nvme0n1p14,maximum,0.0
2026-09-30T10:14:00+00:00,backend,CWAgent,diskio_reads,name=nvme0n1p14,maximum,0.0
2026-09-30T10:15:00+00:00,backend,CWAgent,diskio_reads,name=nvme0n1p14,maximum,0.0
2026-09-30T10:02:00+00:00,backend,CWAgent,cpu_usage_iowait,cpu=cpu-total,average,0.786269868109578
2026-09-30T10:03:00+00:00,backend,CWAgent,cpu_usage_iowait,cpu=cpu-total,average,0.0751691305437265
2026-09-30T10:04:00+00:00,backend,CWAgent,cpu_usage_iowait,cpu=cpu-total,average,0.6687285797876706
2026-09-30T10:05:00+00:00,backend,CWAgent,cpu_usage_iowait,cpu=cpu-total,average,0.0860733344809788
2026-09-30T10:06:00+00:00,backend,CWAgent,cpu_usage_iowait,cpu=cpu-total,average,4.732457270462925
2026-09-30T10:07:00+00:00,backend,CWAgent,cpu_usage_iowait,cpu=cpu-total,average,0.17792086757604247
2026-09-30T10:08:00+00:00,backend,CWAgent,cpu_usage_iowait,cpu=cpu-total,average,0.16886187098953484
2026-09-30T10:09:00+00:00,backend,CWAgent,cpu_usage_iowait,cpu=cpu-total,average,0.06736274840013214
2026-09-30T10:10:00+00:00,backend,CWAgent,cpu_usage_iowait,cpu=cpu-total,average,2.275984152406695
2026-09-30T10:11:00+00:00,backend,CWAgent,cpu_usage_iowait,cpu=cpu-total,average,0.06732306656567964
2026-09-30T10:12:00+00:00,backend,CWAgent,cpu_usage_iowait,cpu=cpu-total,average,0.06789442417041255
2026-09-30T10:13:00+00:00,backend,CWAgent,cpu_usage_iowait,cpu=cpu-total,average,0.05938746076185704
2026-09-30T10:14:00+00:00,backend,CWAgent,cpu_usage_iowait,cpu=cpu-total,average,0.09188105579686076
2026-09-30T10:15:00+00:00,backend,CWAgent,cpu_usage_iowait,cpu=cpu-total,average,0.016695884464481996
2026-09-30T10:02:00+00:00,backend,CWAgent,cpu_usage_iowait,cpu=cpu-total,maximum,0.786269868109578
2026-09-30T10:03:00+00:00,backend,CWAgent,cpu_usage_iowait,cpu=cpu-total,maximum,0.0751691305437265
2026-09-30T10:04:00+00:00,backend,CWAgent,cpu_usage_iowait,cpu=cpu-total,maximum,0.6687285797876706
2026-09-30T10:05:00+00:00,backend,CWAgent,cpu_usage_iowait,cpu=cpu-total,maximum,0.0860733344809788
2026-09-30T10:06:00+00:00,backend,CWAgent,cpu_usage_iowait,cpu=cpu-total,maximum,4.732457270462925
2026-09-30T10:07:00+00:00,backend,CWAgent,cpu_usage_iowait,cpu=cpu-total,maximum,0.17792086757604247
2026-09-30T10:08:00+00:00,backend,CWAgent,cpu_usage_iowait,cpu=cpu-total,maximum,0.16886187098953484
2026-09-30T10:09:00+00:00,backend,CWAgent,cpu_usage_iowait,cpu=cpu-total,maximum,0.06736274840013214
2026-09-30T10:10:00+00:00,backend,CWAgent,cpu_usage_iowait,cpu=cpu-total,maximum,2.275984152406695
2026-09-30T10:11:00+00:00,backend,CWAgent,cpu_usage_iowait,cpu=cpu-total,maximum,0.06732306656567964
2026-09-30T10:12:00+00:00,backend,CWAgent,cpu_usage_iowait,cpu=cpu-total,maximum,0.06789442417041255
2026-09-30T10:13:00+00:00,backend,CWAgent,cpu_usage_iowait,cpu=cpu-total,maximum,0.05938746076185704
2026-09-30T10:14:00+00:00,backend,CWAgent,cpu_usage_iowait,cpu=cpu-total,maximum,0.09188105579686076
2026-09-30T10:15:00+00:00,backend,CWAgent,cpu_usage_iowait,cpu=cpu-total,maximum,0.016695884464481996
2026-09-30T10:02:00+00:00,backend,CWAgent,diskio_read_bytes,name=nvme0n1p15,average,0.0
2026-09-30T10:03:00+00:00,backend,CWAgent,diskio_read_bytes,name=nvme0n1p15,average,0.0
2026-09-30T10:04:00+00:00,backend,CWAgent,diskio_read_bytes,name=nvme0n1p15,average,0.0
2026-09-30T10:05:00+00:00,backend,CWAgent,diskio_read_bytes,name=nvme0n1p15,average,0.0
2026-09-30T10:06:00+00:00,backend,CWAgent,diskio_read_bytes,name=nvme0n1p15,average,0.0
2026-09-30T10:07:00+00:00,backend,CWAgent,diskio_read_bytes,name=nvme0n1p15,average,0.0
2026-09-30T10:08:00+00:00,backend,CWAgent,diskio_read_bytes,name=nvme0n1p15,average,0.0
2026-09-30T10:09:00+00:00,backend,CWAgent,diskio_read_bytes,name=nvme0n1p15,average,0.0
2026-09-30T10:10:00+00:00,backend,CWAgent,diskio_read_bytes,name=nvme0n1p15,average,0.0
2026-09-30T10:11:00+00:00,backend,CWAgent,diskio_read_bytes,name=nvme0n1p15,average,0.0
2026-09-30T10:12:00+00:00,backend,CWAgent,diskio_read_bytes,name=nvme0n1p15,average,0.0
2026-09-30T10:13:00+00:00,backend,CWAgent,diskio_read_bytes,name=nvme0n1p15,average,0.0
2026-09-30T10:14:00+00:00,backend,CWAgent,diskio_read_bytes,name=nvme0n1p15,average,0.0
2026-09-30T10:15:00+00:00,backend,CWAgent,diskio_read_bytes,name=nvme0n1p15,average,0.0
2026-09-30T10:02:00+00:00,backend,CWAgent,diskio_read_bytes,name=nvme0n1p15,maximum,0.0
2026-09-30T10:03:00+00:00,backend,CWAgent,diskio_read_bytes,name=nvme0n1p15,maximum,0.0
2026-09-30T10:04:00+00:00,backend,CWAgent,diskio_read_bytes,name=nvme0n1p15,maximum,0.0
2026-09-30T10:05:00+00:00,backend,CWAgent,diskio_read_bytes,name=nvme0n1p15,maximum,0.0
2026-09-30T10:06:00+00:00,backend,CWAgent,diskio_read_bytes,name=nvme0n1p15,maximum,0.0
2026-09-30T10:07:00+00:00,backend,CWAgent,diskio_read_bytes,name=nvme0n1p15,maximum,0.0
2026-09-30T10:08:00+00:00,backend,CWAgent,diskio_read_bytes,name=nvme0n1p15,maximum,0.0
2026-09-30T10:09:00+00:00,backend,CWAgent,diskio_read_bytes,name=nvme0n1p15,maximum,0.0
2026-09-30T10:10:00+00:00,backend,CWAgent,diskio_read_bytes,name=nvme0n1p15,maximum,0.0
2026-09-30T10:11:00+00:00,backend,CWAgent,diskio_read_bytes,name=nvme0n1p15,maximum,0.0
2026-09-30T10:12:00+00:00,backend,CWAgent,diskio_read_bytes,name=nvme0n1p15,maximum,0.0
2026-09-30T10:13:00+00:00,backend,CWAgent,diskio_read_bytes,name=nvme0n1p15,maximum,0.0
2026-09-30T10:14:00+00:00,backend,CWAgent,diskio_read_bytes,name=nvme0n1p15,maximum,0.0
2026-09-30T10:15:00+00:00,backend,CWAgent,diskio_read_bytes,name=nvme0n1p15,maximum,0.0
2026-09-30T10:02:00+00:00,backend,CWAgent,diskio_read_bytes,name=nvme0n1,average,45416448.0
2026-09-30T10:03:00+00:00,backend,CWAgent,diskio_read_bytes,name=nvme0n1,average,2854912.0
2026-09-30T10:04:00+00:00,backend,CWAgent,diskio_read_bytes,name=nvme0n1,average,48422912.0
2026-09-30T10:05:00+00:00,backend,CWAgent,diskio_read_bytes,name=nvme0n1,average,1949696.0
2026-09-30T10:06:00+00:00,backend,CWAgent,diskio_read_bytes,name=nvme0n1,average,408432640.0
2026-09-30T10:07:00+00:00,backend,CWAgent,diskio_read_bytes,name=nvme0n1,average,37781504.0
2026-09-30T10:08:00+00:00,backend,CWAgent,diskio_read_bytes,name=nvme0n1,average,45367296.0
2026-09-30T10:09:00+00:00,backend,CWAgent,diskio_read_bytes,name=nvme0n1,average,24571904.0
2026-09-30T10:10:00+00:00,backend,CWAgent,diskio_read_bytes,name=nvme0n1,average,54231040.0
2026-09-30T10:11:00+00:00,backend,CWAgent,diskio_read_bytes,name=nvme0n1,average,31064064.0
2026-09-30T10:12:00+00:00,backend,CWAgent,diskio_read_bytes,name=nvme0n1,average,23048192.0
2026-09-30T10:13:00+00:00,backend,CWAgent,diskio_read_bytes,name=nvme0n1,average,2789376.0
2026-09-30T10:14:00+00:00,backend,CWAgent,diskio_read_bytes,name=nvme0n1,average,1822720.0
2026-09-30T10:15:00+00:00,backend,CWAgent,diskio_read_bytes,name=nvme0n1,average,540672.0
2026-09-30T10:02:00+00:00,backend,CWAgent,diskio_read_bytes,name=nvme0n1,maximum,45416448.0
2026-09-30T10:03:00+00:00,backend,CWAgent,diskio_read_bytes,name=nvme0n1,maximum,2854912.0
2026-09-30T10:04:00+00:00,backend,CWAgent,diskio_read_bytes,name=nvme0n1,maximum,48422912.0
2026-09-30T10:05:00+00:00,backend,CWAgent,diskio_read_bytes,name=nvme0n1,maximum,1949696.0
2026-09-30T10:06:00+00:00,backend,CWAgent,diskio_read_bytes,name=nvme0n1,maximum,408432640.0
2026-09-30T10:07:00+00:00,backend,CWAgent,diskio_read_bytes,name=nvme0n1,maximum,37781504.0
2026-09-30T10:08:00+00:00,backend,CWAgent,diskio_read_bytes,name=nvme0n1,maximum,45367296.0
2026-09-30T10:09:00+00:00,backend,CWAgent,diskio_read_bytes,name=nvme0n1,maximum,24571904.0
2026-09-30T10:10:00+00:00,backend,CWAgent,diskio_read_bytes,name=nvme0n1,maximum,54231040.0
2026-09-30T10:11:00+00:00,backend,CWAgent,diskio_read_bytes,name=nvme0n1,maximum,31064064.0
2026-09-30T10:12:00+00:00,backend,CWAgent,diskio_read_bytes,name=nvme0n1,maximum,23048192.0
2026-09-30T10:13:00+00:00,backend,CWAgent,diskio_read_bytes,name=nvme0n1,maximum,2789376.0
2026-09-30T10:14:00+00:00,backend,CWAgent,diskio_read_bytes,name=nvme0n1,maximum,1822720.0
2026-09-30T10:15:00+00:00,backend,CWAgent,diskio_read_bytes,name=nvme0n1,maximum,540672.0
2026-09-30T10:02:00+00:00,backend,CWAgent,net_bytes_recv,interface=docker0,average,0.0
2026-09-30T10:03:00+00:00,backend,CWAgent,net_bytes_recv,interface=docker0,average,0.0
2026-09-30T10:04:00+00:00,backend,CWAgent,net_bytes_recv,interface=docker0,average,0.0
2026-09-30T10:05:00+00:00,backend,CWAgent,net_bytes_recv,interface=docker0,average,0.0
2026-09-30T10:06:00+00:00,backend,CWAgent,net_bytes_recv,interface=docker0,average,0.0
2026-09-30T10:07:00+00:00,backend,CWAgent,net_bytes_recv,interface=docker0,average,0.0
2026-09-30T10:08:00+00:00,backend,CWAgent,net_bytes_recv,interface=docker0,average,0.0
2026-09-30T10:09:00+00:00,backend,CWAgent,net_bytes_recv,interface=docker0,average,0.0
2026-09-30T10:10:00+00:00,backend,CWAgent,net_bytes_recv,interface=docker0,average,0.0
2026-09-30T10:11:00+00:00,backend,CWAgent,net_bytes_recv,interface=docker0,average,0.0
2026-09-30T10:12:00+00:00,backend,CWAgent,net_bytes_recv,interface=docker0,average,0.0
2026-09-30T10:13:00+00:00,backend,CWAgent,net_bytes_recv,interface=docker0,average,0.0
2026-09-30T10:14:00+00:00,backend,CWAgent,net_bytes_recv,interface=docker0,average,0.0
2026-09-30T10:15:00+00:00,backend,CWAgent,net_bytes_recv,interface=docker0,average,0.0
2026-09-30T10:02:00+00:00,backend,CWAgent,net_bytes_recv,interface=docker0,maximum,0.0
2026-09-30T10:03:00+00:00,backend,CWAgent,net_bytes_recv,interface=docker0,maximum,0.0
2026-09-30T10:04:00+00:00,backend,CWAgent,net_bytes_recv,interface=docker0,maximum,0.0
2026-09-30T10:05:00+00:00,backend,CWAgent,net_bytes_recv,interface=docker0,maximum,0.0
2026-09-30T10:06:00+00:00,backend,CWAgent,net_bytes_recv,interface=docker0,maximum,0.0
2026-09-30T10:07:00+00:00,backend,CWAgent,net_bytes_recv,interface=docker0,maximum,0.0
2026-09-30T10:08:00+00:00,backend,CWAgent,net_bytes_recv,interface=docker0,maximum,0.0
2026-09-30T10:09:00+00:00,backend,CWAgent,net_bytes_recv,interface=docker0,maximum,0.0
2026-09-30T10:10:00+00:00,backend,CWAgent,net_bytes_recv,interface=docker0,maximum,0.0
2026-09-30T10:11:00+00:00,backend,CWAgent,net_bytes_recv,interface=docker0,maximum,0.0
2026-09-30T10:12:00+00:00,backend,CWAgent,net_bytes_recv,interface=docker0,maximum,0.0
2026-09-30T10:13:00+00:00,backend,CWAgent,net_bytes_recv,interface=docker0,maximum,0.0
2026-09-30T10:14:00+00:00,backend,CWAgent,net_bytes_recv,interface=docker0,maximum,0.0
2026-09-30T10:15:00+00:00,backend,CWAgent,net_bytes_recv,interface=docker0,maximum,0.0
2026-09-30T10:02:00+00:00,backend,CWAgent,net_bytes_recv,interface=ens5,average,5304083.0
2026-09-30T10:03:00+00:00,backend,CWAgent,net_bytes_recv,interface=ens5,average,14845.0
2026-09-30T10:04:00+00:00,backend,CWAgent,net_bytes_recv,interface=ens5,average,347395.0
2026-09-30T10:05:00+00:00,backend,CWAgent,net_bytes_recv,interface=ens5,average,5776109.0
2026-09-30T10:06:00+00:00,backend,CWAgent,net_bytes_recv,interface=ens5,average,12039956.0
2026-09-30T10:07:00+00:00,backend,CWAgent,net_bytes_recv,interface=ens5,average,7823256.0
2026-09-30T10:08:00+00:00,backend,CWAgent,net_bytes_recv,interface=ens5,average,8001367.0
2026-09-30T10:09:00+00:00,backend,CWAgent,net_bytes_recv,interface=ens5,average,8161203.0
2026-09-30T10:10:00+00:00,backend,CWAgent,net_bytes_recv,interface=ens5,average,7657132.0
2026-09-30T10:11:00+00:00,backend,CWAgent,net_bytes_recv,interface=ens5,average,7948708.0
2026-09-30T10:12:00+00:00,backend,CWAgent,net_bytes_recv,interface=ens5,average,7546386.0
2026-09-30T10:13:00+00:00,backend,CWAgent,net_bytes_recv,interface=ens5,average,4892645.0
2026-09-30T10:14:00+00:00,backend,CWAgent,net_bytes_recv,interface=ens5,average,136225.0
2026-09-30T10:15:00+00:00,backend,CWAgent,net_bytes_recv,interface=ens5,average,10083.0
2026-09-30T10:02:00+00:00,backend,CWAgent,net_bytes_recv,interface=ens5,maximum,5304083.0
2026-09-30T10:03:00+00:00,backend,CWAgent,net_bytes_recv,interface=ens5,maximum,14845.0
2026-09-30T10:04:00+00:00,backend,CWAgent,net_bytes_recv,interface=ens5,maximum,347395.0
2026-09-30T10:05:00+00:00,backend,CWAgent,net_bytes_recv,interface=ens5,maximum,5776109.0
2026-09-30T10:06:00+00:00,backend,CWAgent,net_bytes_recv,interface=ens5,maximum,12039956.0
2026-09-30T10:07:00+00:00,backend,CWAgent,net_bytes_recv,interface=ens5,maximum,7823256.0
2026-09-30T10:08:00+00:00,backend,CWAgent,net_bytes_recv,interface=ens5,maximum,8001367.0
2026-09-30T10:09:00+00:00,backend,CWAgent,net_bytes_recv,interface=ens5,maximum,8161203.0
2026-09-30T10:10:00+00:00,backend,CWAgent,net_bytes_recv,interface=ens5,maximum,7657132.0
2026-09-30T10:11:00+00:00,backend,CWAgent,net_bytes_recv,interface=ens5,maximum,7948708.0
2026-09-30T10:12:00+00:00,backend,CWAgent,net_bytes_recv,interface=ens5,maximum,7546386.0
2026-09-30T10:13:00+00:00,backend,CWAgent,net_bytes_recv,interface=ens5,maximum,4892645.0
2026-09-30T10:14:00+00:00,backend,CWAgent,net_bytes_recv,interface=ens5,maximum,136225.0
2026-09-30T10:15:00+00:00,backend,CWAgent,net_bytes_recv,interface=ens5,maximum,10083.0
2026-09-30T10:02:00+00:00,backend,CWAgent,diskio_read_bytes,name=nvme0n1p14,average,0.0
2026-09-30T10:03:00+00:00,backend,CWAgent,diskio_read_bytes,name=nvme0n1p14,average,0.0
2026-09-30T10:04:00+00:00,backend,CWAgent,diskio_read_bytes,name=nvme0n1p14,average,0.0
2026-09-30T10:05:00+00:00,backend,CWAgent,diskio_read_bytes,name=nvme0n1p14,average,0.0
2026-09-30T10:06:00+00:00,backend,CWAgent,diskio_read_bytes,name=nvme0n1p14,average,0.0
2026-09-30T10:07:00+00:00,backend,CWAgent,diskio_read_bytes,name=nvme0n1p14,average,0.0
2026-09-30T10:08:00+00:00,backend,CWAgent,diskio_read_bytes,name=nvme0n1p14,average,0.0
2026-09-30T10:09:00+00:00,backend,CWAgent,diskio_read_bytes,name=nvme0n1p14,average,0.0
2026-09-30T10:10:00+00:00,backend,CWAgent,diskio_read_bytes,name=nvme0n1p14,average,0.0
2026-09-30T10:11:00+00:00,backend,CWAgent,diskio_read_bytes,name=nvme0n1p14,average,0.0
2026-09-30T10:12:00+00:00,backend,CWAgent,diskio_read_bytes,name=nvme0n1p14,average,0.0
2026-09-30T10:13:00+00:00,backend,CWAgent,diskio_read_bytes,name=nvme0n1p14,average,0.0
2026-09-30T10:14:00+00:00,backend,CWAgent,diskio_read_bytes,name=nvme0n1p14,average,0.0
2026-09-30T10:15:00+00:00,backend,CWAgent,diskio_read_bytes,name=nvme0n1p14,average,0.0
2026-09-30T10:02:00+00:00,backend,CWAgent,diskio_read_bytes,name=nvme0n1p14,maximum,0.0
2026-09-30T10:03:00+00:00,backend,CWAgent,diskio_read_bytes,name=nvme0n1p14,maximum,0.0
2026-09-30T10:04:00+00:00,backend,CWAgent,diskio_read_bytes,name=nvme0n1p14,maximum,0.0
2026-09-30T10:05:00+00:00,backend,CWAgent,diskio_read_bytes,name=nvme0n1p14,maximum,0.0
2026-09-30T10:06:00+00:00,backend,CWAgent,diskio_read_bytes,name=nvme0n1p14,maximum,0.0
2026-09-30T10:07:00+00:00,backend,CWAgent,diskio_read_bytes,name=nvme0n1p14,maximum,0.0
2026-09-30T10:08:00+00:00,backend,CWAgent,diskio_read_bytes,name=nvme0n1p14,maximum,0.0
2026-09-30T10:09:00+00:00,backend,CWAgent,diskio_read_bytes,name=nvme0n1p14,maximum,0.0
2026-09-30T10:10:00+00:00,backend,CWAgent,diskio_read_bytes,name=nvme0n1p14,maximum,0.0
2026-09-30T10:11:00+00:00,backend,CWAgent,diskio_read_bytes,name=nvme0n1p14,maximum,0.0
2026-09-30T10:12:00+00:00,backend,CWAgent,diskio_read_bytes,name=nvme0n1p14,maximum,0.0
2026-09-30T10:13:00+00:00,backend,CWAgent,diskio_read_bytes,name=nvme0n1p14,maximum,0.0
2026-09-30T10:14:00+00:00,backend,CWAgent,diskio_read_bytes,name=nvme0n1p14,maximum,0.0
2026-09-30T10:15:00+00:00,backend,CWAgent,diskio_read_bytes,name=nvme0n1p14,maximum,0.0
2026-09-30T10:02:00+00:00,backend,CWAgent,procstat_cpu_usage,exe=dockerd;process_name=dockerd,average,0.1500099958160643
2026-09-30T10:03:00+00:00,backend,CWAgent,procstat_cpu_usage,exe=dockerd;process_name=dockerd,average,0.08334908023335066
2026-09-30T10:04:00+00:00,backend,CWAgent,procstat_cpu_usage,exe=dockerd;process_name=dockerd,average,0.11667004799021999
2026-09-30T10:05:00+00:00,backend,CWAgent,procstat_cpu_usage,exe=dockerd;process_name=dockerd,average,0.06665832092823297
2026-09-30T10:06:00+00:00,backend,CWAgent,procstat_cpu_usage,exe=dockerd;process_name=dockerd,average,0.38298311689233294
2026-09-30T10:07:00+00:00,backend,CWAgent,procstat_cpu_usage,exe=dockerd;process_name=dockerd,average,0.10004155963485517
2026-09-30T10:08:00+00:00,backend,CWAgent,procstat_cpu_usage,exe=dockerd;process_name=dockerd,average,0.20013677575411126
2026-09-30T10:09:00+00:00,backend,CWAgent,procstat_cpu_usage,exe=dockerd;process_name=dockerd,average,0.08328508917394481
2026-09-30T10:10:00+00:00,backend,CWAgent,procstat_cpu_usage,exe=dockerd;process_name=dockerd,average,0.13339888546338455
2026-09-30T10:11:00+00:00,backend,CWAgent,procstat_cpu_usage,exe=dockerd;process_name=dockerd,average,0.08327715537904398
2026-09-30T10:12:00+00:00,backend,CWAgent,procstat_cpu_usage,exe=dockerd;process_name=dockerd,average,0.2001490335089093
2026-09-30T10:13:00+00:00,backend,CWAgent,procstat_cpu_usage,exe=dockerd;process_name=dockerd,average,0.06665808979136018
2026-09-30T10:14:00+00:00,backend,CWAgent,procstat_cpu_usage,exe=dockerd;process_name=dockerd,average,0.11667088614510064
2026-09-30T10:15:00+00:00,backend,CWAgent,procstat_cpu_usage,exe=dockerd;process_name=dockerd,average,0.11667163190797492
2026-09-30T10:02:00+00:00,backend,CWAgent,procstat_cpu_usage,exe=dockerd;process_name=dockerd,maximum,0.1500099958160643
2026-09-30T10:03:00+00:00,backend,CWAgent,procstat_cpu_usage,exe=dockerd;process_name=dockerd,maximum,0.08334908023335066
2026-09-30T10:04:00+00:00,backend,CWAgent,procstat_cpu_usage,exe=dockerd;process_name=dockerd,maximum,0.11667004799021999
2026-09-30T10:05:00+00:00,backend,CWAgent,procstat_cpu_usage,exe=dockerd;process_name=dockerd,maximum,0.06665832092823297
2026-09-30T10:06:00+00:00,backend,CWAgent,procstat_cpu_usage,exe=dockerd;process_name=dockerd,maximum,0.38298311689233294
2026-09-30T10:07:00+00:00,backend,CWAgent,procstat_cpu_usage,exe=dockerd;process_name=dockerd,maximum,0.10004155963485517
2026-09-30T10:08:00+00:00,backend,CWAgent,procstat_cpu_usage,exe=dockerd;process_name=dockerd,maximum,0.20013677575411126
2026-09-30T10:09:00+00:00,backend,CWAgent,procstat_cpu_usage,exe=dockerd;process_name=dockerd,maximum,0.08328508917394481
2026-09-30T10:10:00+00:00,backend,CWAgent,procstat_cpu_usage,exe=dockerd;process_name=dockerd,maximum,0.13339888546338455
2026-09-30T10:11:00+00:00,backend,CWAgent,procstat_cpu_usage,exe=dockerd;process_name=dockerd,maximum,0.08327715537904398
2026-09-30T10:12:00+00:00,backend,CWAgent,procstat_cpu_usage,exe=dockerd;process_name=dockerd,maximum,0.2001490335089093
2026-09-30T10:13:00+00:00,backend,CWAgent,procstat_cpu_usage,exe=dockerd;process_name=dockerd,maximum,0.06665808979136018
2026-09-30T10:14:00+00:00,backend,CWAgent,procstat_cpu_usage,exe=dockerd;process_name=dockerd,maximum,0.11667088614510064
2026-09-30T10:15:00+00:00,backend,CWAgent,procstat_cpu_usage,exe=dockerd;process_name=dockerd,maximum,0.11667163190797492
2026-09-30T10:02:00+00:00,backend,CWAgent,diskio_read_bytes,name=nvme0n1p1,average,45416448.0
2026-09-30T10:03:00+00:00,backend,CWAgent,diskio_read_bytes,name=nvme0n1p1,average,2854912.0
2026-09-30T10:04:00+00:00,backend,CWAgent,diskio_read_bytes,name=nvme0n1p1,average,48422912.0
2026-09-30T10:05:00+00:00,backend,CWAgent,diskio_read_bytes,name=nvme0n1p1,average,1949696.0
2026-09-30T10:06:00+00:00,backend,CWAgent,diskio_read_bytes,name=nvme0n1p1,average,408432640.0
2026-09-30T10:07:00+00:00,backend,CWAgent,diskio_read_bytes,name=nvme0n1p1,average,37781504.0
2026-09-30T10:08:00+00:00,backend,CWAgent,diskio_read_bytes,name=nvme0n1p1,average,45367296.0
2026-09-30T10:09:00+00:00,backend,CWAgent,diskio_read_bytes,name=nvme0n1p1,average,24571904.0
2026-09-30T10:10:00+00:00,backend,CWAgent,diskio_read_bytes,name=nvme0n1p1,average,54231040.0
2026-09-30T10:11:00+00:00,backend,CWAgent,diskio_read_bytes,name=nvme0n1p1,average,31064064.0
2026-09-30T10:12:00+00:00,backend,CWAgent,diskio_read_bytes,name=nvme0n1p1,average,23048192.0
2026-09-30T10:13:00+00:00,backend,CWAgent,diskio_read_bytes,name=nvme0n1p1,average,2789376.0
2026-09-30T10:14:00+00:00,backend,CWAgent,diskio_read_bytes,name=nvme0n1p1,average,1822720.0
2026-09-30T10:15:00+00:00,backend,CWAgent,diskio_read_bytes,name=nvme0n1p1,average,540672.0
2026-09-30T10:02:00+00:00,backend,CWAgent,diskio_read_bytes,name=nvme0n1p1,maximum,45416448.0
2026-09-30T10:03:00+00:00,backend,CWAgent,diskio_read_bytes,name=nvme0n1p1,maximum,2854912.0
2026-09-30T10:04:00+00:00,backend,CWAgent,diskio_read_bytes,name=nvme0n1p1,maximum,48422912.0
2026-09-30T10:05:00+00:00,backend,CWAgent,diskio_read_bytes,name=nvme0n1p1,maximum,1949696.0
2026-09-30T10:06:00+00:00,backend,CWAgent,diskio_read_bytes,name=nvme0n1p1,maximum,408432640.0
2026-09-30T10:07:00+00:00,backend,CWAgent,diskio_read_bytes,name=nvme0n1p1,maximum,37781504.0
2026-09-30T10:08:00+00:00,backend,CWAgent,diskio_read_bytes,name=nvme0n1p1,maximum,45367296.0
2026-09-30T10:09:00+00:00,backend,CWAgent,diskio_read_bytes,name=nvme0n1p1,maximum,24571904.0
2026-09-30T10:10:00+00:00,backend,CWAgent,diskio_read_bytes,name=nvme0n1p1,maximum,54231040.0
2026-09-30T10:11:00+00:00,backend,CWAgent,diskio_read_bytes,name=nvme0n1p1,maximum,31064064.0
2026-09-30T10:12:00+00:00,backend,CWAgent,diskio_read_bytes,name=nvme0n1p1,maximum,23048192.0
2026-09-30T10:13:00+00:00,backend,CWAgent,diskio_read_bytes,name=nvme0n1p1,maximum,2789376.0
2026-09-30T10:14:00+00:00,backend,CWAgent,diskio_read_bytes,name=nvme0n1p1,maximum,1822720.0
2026-09-30T10:15:00+00:00,backend,CWAgent,diskio_read_bytes,name=nvme0n1p1,maximum,540672.0
2026-09-30T10:02:00+00:00,backend,CWAgent,cpu_usage_steal,cpu=cpu-total,average,0.515725397362196
2026-09-30T10:03:00+00:00,backend,CWAgent,cpu_usage_steal,cpu=cpu-total,average,0.16704251231938827
2026-09-30T10:04:00+00:00,backend,CWAgent,cpu_usage_steal,cpu=cpu-total,average,0.10866839421549306
2026-09-30T10:05:00+00:00,backend,CWAgent,cpu_usage_steal,cpu=cpu-total,average,0.5680840075744552
2026-09-30T10:06:00+00:00,backend,CWAgent,cpu_usage_steal,cpu=cpu-total,average,1.7091814824357958
2026-09-30T10:07:00+00:00,backend,CWAgent,cpu_usage_steal,cpu=cpu-total,average,0.21181055663814494
2026-09-30T10:08:00+00:00,backend,CWAgent,cpu_usage_steal,cpu=cpu-total,average,0.008443093549474942
2026-09-30T10:09:00+00:00,backend,CWAgent,cpu_usage_steal,cpu=cpu-total,average,0.1599865274503153
2026-09-30T10:10:00+00:00,backend,CWAgent,cpu_usage_steal,cpu=cpu-total,average,0.6490769619826521
2026-09-30T10:11:00+00:00,backend,CWAgent,cpu_usage_steal,cpu=cpu-total,average,0.2861230329041415
2026-09-30T10:12:00+00:00,backend,CWAgent,cpu_usage_steal,cpu=cpu-total,average,1.2899940592378687
2026-09-30T10:13:00+00:00,backend,CWAgent,cpu_usage_steal,cpu=cpu-total,average,0.07635530669381274
2026-09-30T10:14:00+00:00,backend,CWAgent,cpu_usage_steal,cpu=cpu-total,average,0.14199799532242333
2026-09-30T10:15:00+00:00,backend,CWAgent,cpu_usage_steal,cpu=cpu-total,average,0.21704649803823034
2026-09-30T10:02:00+00:00,backend,CWAgent,cpu_usage_steal,cpu=cpu-total,maximum,0.515725397362196
2026-09-30T10:03:00+00:00,backend,CWAgent,cpu_usage_steal,cpu=cpu-total,maximum,0.16704251231938827
2026-09-30T10:04:00+00:00,backend,CWAgent,cpu_usage_steal,cpu=cpu-total,maximum,0.10866839421549306
2026-09-30T10:05:00+00:00,backend,CWAgent,cpu_usage_steal,cpu=cpu-total,maximum,0.5680840075744552
2026-09-30T10:06:00+00:00,backend,CWAgent,cpu_usage_steal,cpu=cpu-total,maximum,1.7091814824357958
2026-09-30T10:07:00+00:00,backend,CWAgent,cpu_usage_steal,cpu=cpu-total,maximum,0.21181055663814494
2026-09-30T10:08:00+00:00,backend,CWAgent,cpu_usage_steal,cpu=cpu-total,maximum,0.008443093549474942
2026-09-30T10:09:00+00:00,backend,CWAgent,cpu_usage_steal,cpu=cpu-total,maximum,0.1599865274503153
2026-09-30T10:10:00+00:00,backend,CWAgent,cpu_usage_steal,cpu=cpu-total,maximum,0.6490769619826521
2026-09-30T10:11:00+00:00,backend,CWAgent,cpu_usage_steal,cpu=cpu-total,maximum,0.2861230329041415
2026-09-30T10:12:00+00:00,backend,CWAgent,cpu_usage_steal,cpu=cpu-total,maximum,1.2899940592378687
2026-09-30T10:13:00+00:00,backend,CWAgent,cpu_usage_steal,cpu=cpu-total,maximum,0.07635530669381274
2026-09-30T10:14:00+00:00,backend,CWAgent,cpu_usage_steal,cpu=cpu-total,maximum,0.14199799532242333
2026-09-30T10:15:00+00:00,backend,CWAgent,cpu_usage_steal,cpu=cpu-total,maximum,0.21704649803823034
2026-09-30T10:02:00+00:00,backend,CWAgent,diskio_write_bytes,name=nvme0n1p14,average,0.0
2026-09-30T10:03:00+00:00,backend,CWAgent,diskio_write_bytes,name=nvme0n1p14,average,0.0
2026-09-30T10:04:00+00:00,backend,CWAgent,diskio_write_bytes,name=nvme0n1p14,average,0.0
2026-09-30T10:05:00+00:00,backend,CWAgent,diskio_write_bytes,name=nvme0n1p14,average,0.0
2026-09-30T10:06:00+00:00,backend,CWAgent,diskio_write_bytes,name=nvme0n1p14,average,0.0
2026-09-30T10:07:00+00:00,backend,CWAgent,diskio_write_bytes,name=nvme0n1p14,average,0.0
2026-09-30T10:08:00+00:00,backend,CWAgent,diskio_write_bytes,name=nvme0n1p14,average,0.0
2026-09-30T10:09:00+00:00,backend,CWAgent,diskio_write_bytes,name=nvme0n1p14,average,0.0
2026-09-30T10:10:00+00:00,backend,CWAgent,diskio_write_bytes,name=nvme0n1p14,average,0.0
2026-09-30T10:11:00+00:00,backend,CWAgent,diskio_write_bytes,name=nvme0n1p14,average,0.0
2026-09-30T10:12:00+00:00,backend,CWAgent,diskio_write_bytes,name=nvme0n1p14,average,0.0
2026-09-30T10:13:00+00:00,backend,CWAgent,diskio_write_bytes,name=nvme0n1p14,average,0.0
2026-09-30T10:14:00+00:00,backend,CWAgent,diskio_write_bytes,name=nvme0n1p14,average,0.0
2026-09-30T10:15:00+00:00,backend,CWAgent,diskio_write_bytes,name=nvme0n1p14,average,0.0
2026-09-30T10:02:00+00:00,backend,CWAgent,diskio_write_bytes,name=nvme0n1p14,maximum,0.0
2026-09-30T10:03:00+00:00,backend,CWAgent,diskio_write_bytes,name=nvme0n1p14,maximum,0.0
2026-09-30T10:04:00+00:00,backend,CWAgent,diskio_write_bytes,name=nvme0n1p14,maximum,0.0
2026-09-30T10:05:00+00:00,backend,CWAgent,diskio_write_bytes,name=nvme0n1p14,maximum,0.0
2026-09-30T10:06:00+00:00,backend,CWAgent,diskio_write_bytes,name=nvme0n1p14,maximum,0.0
2026-09-30T10:07:00+00:00,backend,CWAgent,diskio_write_bytes,name=nvme0n1p14,maximum,0.0
2026-09-30T10:08:00+00:00,backend,CWAgent,diskio_write_bytes,name=nvme0n1p14,maximum,0.0
2026-09-30T10:09:00+00:00,backend,CWAgent,diskio_write_bytes,name=nvme0n1p14,maximum,0.0
2026-09-30T10:10:00+00:00,backend,CWAgent,diskio_write_bytes,name=nvme0n1p14,maximum,0.0
2026-09-30T10:11:00+00:00,backend,CWAgent,diskio_write_bytes,name=nvme0n1p14,maximum,0.0
2026-09-30T10:12:00+00:00,backend,CWAgent,diskio_write_bytes,name=nvme0n1p14,maximum,0.0
2026-09-30T10:13:00+00:00,backend,CWAgent,diskio_write_bytes,name=nvme0n1p14,maximum,0.0
2026-09-30T10:14:00+00:00,backend,CWAgent,diskio_write_bytes,name=nvme0n1p14,maximum,0.0
2026-09-30T10:15:00+00:00,backend,CWAgent,diskio_write_bytes,name=nvme0n1p14,maximum,0.0
2026-09-30T10:02:00+00:00,backend,CWAgent,diskio_writes,name=nvme0n1,average,865.0
2026-09-30T10:03:00+00:00,backend,CWAgent,diskio_writes,name=nvme0n1,average,32.0
2026-09-30T10:04:00+00:00,backend,CWAgent,diskio_writes,name=nvme0n1,average,142.0
2026-09-30T10:05:00+00:00,backend,CWAgent,diskio_writes,name=nvme0n1,average,139.0
2026-09-30T10:06:00+00:00,backend,CWAgent,diskio_writes,name=nvme0n1,average,8207.0
2026-09-30T10:07:00+00:00,backend,CWAgent,diskio_writes,name=nvme0n1,average,623.0
2026-09-30T10:08:00+00:00,backend,CWAgent,diskio_writes,name=nvme0n1,average,1513.0
2026-09-30T10:09:00+00:00,backend,CWAgent,diskio_writes,name=nvme0n1,average,226.0
2026-09-30T10:10:00+00:00,backend,CWAgent,diskio_writes,name=nvme0n1,average,329.0
2026-09-30T10:11:00+00:00,backend,CWAgent,diskio_writes,name=nvme0n1,average,512.0
2026-09-30T10:12:00+00:00,backend,CWAgent,diskio_writes,name=nvme0n1,average,402.0
2026-09-30T10:13:00+00:00,backend,CWAgent,diskio_writes,name=nvme0n1,average,122.0
2026-09-30T10:14:00+00:00,backend,CWAgent,diskio_writes,name=nvme0n1,average,52.0
2026-09-30T10:15:00+00:00,backend,CWAgent,diskio_writes,name=nvme0n1,average,30.0
2026-09-30T10:02:00+00:00,backend,CWAgent,diskio_writes,name=nvme0n1,maximum,865.0
2026-09-30T10:03:00+00:00,backend,CWAgent,diskio_writes,name=nvme0n1,maximum,32.0
2026-09-30T10:04:00+00:00,backend,CWAgent,diskio_writes,name=nvme0n1,maximum,142.0
2026-09-30T10:05:00+00:00,backend,CWAgent,diskio_writes,name=nvme0n1,maximum,139.0
2026-09-30T10:06:00+00:00,backend,CWAgent,diskio_writes,name=nvme0n1,maximum,8207.0
2026-09-30T10:07:00+00:00,backend,CWAgent,diskio_writes,name=nvme0n1,maximum,623.0
2026-09-30T10:08:00+00:00,backend,CWAgent,diskio_writes,name=nvme0n1,maximum,1513.0
2026-09-30T10:09:00+00:00,backend,CWAgent,diskio_writes,name=nvme0n1,maximum,226.0
2026-09-30T10:10:00+00:00,backend,CWAgent,diskio_writes,name=nvme0n1,maximum,329.0
2026-09-30T10:11:00+00:00,backend,CWAgent,diskio_writes,name=nvme0n1,maximum,512.0
2026-09-30T10:12:00+00:00,backend,CWAgent,diskio_writes,name=nvme0n1,maximum,402.0
2026-09-30T10:13:00+00:00,backend,CWAgent,diskio_writes,name=nvme0n1,maximum,122.0
2026-09-30T10:14:00+00:00,backend,CWAgent,diskio_writes,name=nvme0n1,maximum,52.0
2026-09-30T10:15:00+00:00,backend,CWAgent,diskio_writes,name=nvme0n1,maximum,30.0
2026-09-30T10:02:00+00:00,backend,CWAgent,diskio_reads,name=nvme0n1p1,average,4454.0
2026-09-30T10:03:00+00:00,backend,CWAgent,diskio_reads,name=nvme0n1p1,average,332.0
2026-09-30T10:04:00+00:00,backend,CWAgent,diskio_reads,name=nvme0n1p1,average,1723.0
2026-09-30T10:05:00+00:00,backend,CWAgent,diskio_reads,name=nvme0n1p1,average,283.0
2026-09-30T10:06:00+00:00,backend,CWAgent,diskio_reads,name=nvme0n1p1,average,28682.0
2026-09-30T10:07:00+00:00,backend,CWAgent,diskio_reads,name=nvme0n1p1,average,3153.0
2026-09-30T10:08:00+00:00,backend,CWAgent,diskio_reads,name=nvme0n1p1,average,4251.0
2026-09-30T10:09:00+00:00,backend,CWAgent,diskio_reads,name=nvme0n1p1,average,1575.0
2026-09-30T10:10:00+00:00,backend,CWAgent,diskio_reads,name=nvme0n1p1,average,9305.0
2026-09-30T10:11:00+00:00,backend,CWAgent,diskio_reads,name=nvme0n1p1,average,1744.0
2026-09-30T10:12:00+00:00,backend,CWAgent,diskio_reads,name=nvme0n1p1,average,1531.0
2026-09-30T10:13:00+00:00,backend,CWAgent,diskio_reads,name=nvme0n1p1,average,222.0
2026-09-30T10:14:00+00:00,backend,CWAgent,diskio_reads,name=nvme0n1p1,average,214.0
2026-09-30T10:15:00+00:00,backend,CWAgent,diskio_reads,name=nvme0n1p1,average,49.0
2026-09-30T10:02:00+00:00,backend,CWAgent,diskio_reads,name=nvme0n1p1,maximum,4454.0
2026-09-30T10:03:00+00:00,backend,CWAgent,diskio_reads,name=nvme0n1p1,maximum,332.0
2026-09-30T10:04:00+00:00,backend,CWAgent,diskio_reads,name=nvme0n1p1,maximum,1723.0
2026-09-30T10:05:00+00:00,backend,CWAgent,diskio_reads,name=nvme0n1p1,maximum,283.0
2026-09-30T10:06:00+00:00,backend,CWAgent,diskio_reads,name=nvme0n1p1,maximum,28682.0
2026-09-30T10:07:00+00:00,backend,CWAgent,diskio_reads,name=nvme0n1p1,maximum,3153.0
2026-09-30T10:08:00+00:00,backend,CWAgent,diskio_reads,name=nvme0n1p1,maximum,4251.0
2026-09-30T10:09:00+00:00,backend,CWAgent,diskio_reads,name=nvme0n1p1,maximum,1575.0
2026-09-30T10:10:00+00:00,backend,CWAgent,diskio_reads,name=nvme0n1p1,maximum,9305.0
2026-09-30T10:11:00+00:00,backend,CWAgent,diskio_reads,name=nvme0n1p1,maximum,1744.0
2026-09-30T10:12:00+00:00,backend,CWAgent,diskio_reads,name=nvme0n1p1,maximum,1531.0
2026-09-30T10:13:00+00:00,backend,CWAgent,diskio_reads,name=nvme0n1p1,maximum,222.0
2026-09-30T10:14:00+00:00,backend,CWAgent,diskio_reads,name=nvme0n1p1,maximum,214.0
2026-09-30T10:15:00+00:00,backend,CWAgent,diskio_reads,name=nvme0n1p1,maximum,49.0
2026-09-30T10:02:00+00:00,backend,CWAgent,procstat_cpu_usage,exe=amazon-cloudwatch-agent;process_name=amazon-cloudwatch-agent,average,0.5835068615149958
2026-09-30T10:03:00+00:00,backend,CWAgent,procstat_cpu_usage,exe=amazon-cloudwatch-agent;process_name=amazon-cloudwatch-agent,average,0.41679093929685196
2026-09-30T10:04:00+00:00,backend,CWAgent,procstat_cpu_usage,exe=amazon-cloudwatch-agent;process_name=amazon-cloudwatch-agent,average,0.4166422360228171
2026-09-30T10:05:00+00:00,backend,CWAgent,procstat_cpu_usage,exe=amazon-cloudwatch-agent;process_name=amazon-cloudwatch-agent,average,0.3166571502959879
2026-09-30T10:06:00+00:00,backend,CWAgent,procstat_cpu_usage,exe=amazon-cloudwatch-agent;process_name=amazon-cloudwatch-agent,average,0.43304349844573337
2026-09-30T10:07:00+00:00,backend,CWAgent,procstat_cpu_usage,exe=amazon-cloudwatch-agent;process_name=amazon-cloudwatch-agent,average,0.3833779325316628
2026-09-30T10:08:00+00:00,backend,CWAgent,procstat_cpu_usage,exe=amazon-cloudwatch-agent;process_name=amazon-cloudwatch-agent,average,0.4001756809589613
2026-09-30T10:09:00+00:00,backend,CWAgent,procstat_cpu_usage,exe=amazon-cloudwatch-agent;process_name=amazon-cloudwatch-agent,average,0.3666339407011375
2026-09-30T10:10:00+00:00,backend,CWAgent,procstat_cpu_usage,exe=amazon-cloudwatch-agent;process_name=amazon-cloudwatch-agent,average,0.41657472838805243
2026-09-30T10:11:00+00:00,backend,CWAgent,procstat_cpu_usage,exe=amazon-cloudwatch-agent;process_name=amazon-cloudwatch-agent,average,0.3666481160563465
2026-09-30T10:12:00+00:00,backend,CWAgent,procstat_cpu_usage,exe=amazon-cloudwatch-agent;process_name=amazon-cloudwatch-agent,average,0.45006538497404613
2026-09-30T10:13:00+00:00,backend,CWAgent,procstat_cpu_usage,exe=amazon-cloudwatch-agent;process_name=amazon-cloudwatch-agent,average,0.3334811257376373
2026-09-30T10:14:00+00:00,backend,CWAgent,procstat_cpu_usage,exe=amazon-cloudwatch-agent;process_name=amazon-cloudwatch-agent,average,0.43326701226356545
2026-09-30T10:15:00+00:00,backend,CWAgent,procstat_cpu_usage,exe=amazon-cloudwatch-agent;process_name=amazon-cloudwatch-agent,average,0.3833706310275459
2026-09-30T10:02:00+00:00,backend,CWAgent,procstat_cpu_usage,exe=amazon-cloudwatch-agent;process_name=amazon-cloudwatch-agent,maximum,0.5835068615149958
2026-09-30T10:03:00+00:00,backend,CWAgent,procstat_cpu_usage,exe=amazon-cloudwatch-agent;process_name=amazon-cloudwatch-agent,maximum,0.41679093929685196
2026-09-30T10:04:00+00:00,backend,CWAgent,procstat_cpu_usage,exe=amazon-cloudwatch-agent;process_name=amazon-cloudwatch-agent,maximum,0.4166422360228171
2026-09-30T10:05:00+00:00,backend,CWAgent,procstat_cpu_usage,exe=amazon-cloudwatch-agent;process_name=amazon-cloudwatch-agent,maximum,0.3166571502959879
2026-09-30T10:06:00+00:00,backend,CWAgent,procstat_cpu_usage,exe=amazon-cloudwatch-agent;process_name=amazon-cloudwatch-agent,maximum,0.43304349844573337
2026-09-30T10:07:00+00:00,backend,CWAgent,procstat_cpu_usage,exe=amazon-cloudwatch-agent;process_name=amazon-cloudwatch-agent,maximum,0.3833779325316628
2026-09-30T10:08:00+00:00,backend,CWAgent,procstat_cpu_usage,exe=amazon-cloudwatch-agent;process_name=amazon-cloudwatch-agent,maximum,0.4001756809589613
2026-09-30T10:09:00+00:00,backend,CWAgent,procstat_cpu_usage,exe=amazon-cloudwatch-agent;process_name=amazon-cloudwatch-agent,maximum,0.3666339407011375
2026-09-30T10:10:00+00:00,backend,CWAgent,procstat_cpu_usage,exe=amazon-cloudwatch-agent;process_name=amazon-cloudwatch-agent,maximum,0.41657472838805243
2026-09-30T10:11:00+00:00,backend,CWAgent,procstat_cpu_usage,exe=amazon-cloudwatch-agent;process_name=amazon-cloudwatch-agent,maximum,0.3666481160563465
2026-09-30T10:12:00+00:00,backend,CWAgent,procstat_cpu_usage,exe=amazon-cloudwatch-agent;process_name=amazon-cloudwatch-agent,maximum,0.45006538497404613
2026-09-30T10:13:00+00:00,backend,CWAgent,procstat_cpu_usage,exe=amazon-cloudwatch-agent;process_name=amazon-cloudwatch-agent,maximum,0.3334811257376373
2026-09-30T10:14:00+00:00,backend,CWAgent,procstat_cpu_usage,exe=amazon-cloudwatch-agent;process_name=amazon-cloudwatch-agent,maximum,0.43326701226356545
2026-09-30T10:15:00+00:00,backend,CWAgent,procstat_cpu_usage,exe=amazon-cloudwatch-agent;process_name=amazon-cloudwatch-agent,maximum,0.3833706310275459
2026-09-30T10:02:00+00:00,backend,CWAgent,cpu_usage_idle,cpu=cpu-total,average,51.34426783902617
2026-09-30T10:03:00+00:00,backend,CWAgent,cpu_usage_idle,cpu=cpu-total,average,98.78058966006921
2026-09-30T10:04:00+00:00,backend,CWAgent,cpu_usage_idle,cpu=cpu-total,average,98.12755997659318
2026-09-30T10:05:00+00:00,backend,CWAgent,cpu_usage_idle,cpu=cpu-total,average,83.95593045274629
2026-09-30T10:06:00+00:00,backend,CWAgent,cpu_usage_idle,cpu=cpu-total,average,35.24005840419027
2026-09-30T10:07:00+00:00,backend,CWAgent,cpu_usage_idle,cpu=cpu-total,average,9.158688469034496
2026-09-30T10:08:00+00:00,backend,CWAgent,cpu_usage_idle,cpu=cpu-total,average,6.670043904086224
2026-09-30T10:09:00+00:00,backend,CWAgent,cpu_usage_idle,cpu=cpu-total,average,5.549006399461125
2026-09-30T10:10:00+00:00,backend,CWAgent,cpu_usage_idle,cpu=cpu-total,average,7.409592851723214
2026-09-30T10:11:00+00:00,backend,CWAgent,cpu_usage_idle,cpu=cpu-total,average,7.304552722376642
2026-09-30T10:12:00+00:00,backend,CWAgent,cpu_usage_idle,cpu=cpu-total,average,9.539166595942982
2026-09-30T10:13:00+00:00,backend,CWAgent,cpu_usage_idle,cpu=cpu-total,average,75.31178416900077
2026-09-30T10:14:00+00:00,backend,CWAgent,cpu_usage_idle,cpu=cpu-total,average,98.6217841630489
2026-09-30T10:15:00+00:00,backend,CWAgent,cpu_usage_idle,cpu=cpu-total,average,98.87302779864734
2026-09-30T10:02:00+00:00,backend,CWAgent,cpu_usage_idle,cpu=cpu-total,maximum,51.34426783902617
2026-09-30T10:03:00+00:00,backend,CWAgent,cpu_usage_idle,cpu=cpu-total,maximum,98.78058966006921
2026-09-30T10:04:00+00:00,backend,CWAgent,cpu_usage_idle,cpu=cpu-total,maximum,98.12755997659318
2026-09-30T10:05:00+00:00,backend,CWAgent,cpu_usage_idle,cpu=cpu-total,maximum,83.95593045274629
2026-09-30T10:06:00+00:00,backend,CWAgent,cpu_usage_idle,cpu=cpu-total,maximum,35.24005840419027
2026-09-30T10:07:00+00:00,backend,CWAgent,cpu_usage_idle,cpu=cpu-total,maximum,9.158688469034496
2026-09-30T10:08:00+00:00,backend,CWAgent,cpu_usage_idle,cpu=cpu-total,maximum,6.670043904086224
2026-09-30T10:09:00+00:00,backend,CWAgent,cpu_usage_idle,cpu=cpu-total,maximum,5.549006399461125
2026-09-30T10:10:00+00:00,backend,CWAgent,cpu_usage_idle,cpu=cpu-total,maximum,7.409592851723214
2026-09-30T10:11:00+00:00,backend,CWAgent,cpu_usage_idle,cpu=cpu-total,maximum,7.304552722376642
2026-09-30T10:12:00+00:00,backend,CWAgent,cpu_usage_idle,cpu=cpu-total,maximum,9.539166595942982
2026-09-30T10:13:00+00:00,backend,CWAgent,cpu_usage_idle,cpu=cpu-total,maximum,75.31178416900077
2026-09-30T10:14:00+00:00,backend,CWAgent,cpu_usage_idle,cpu=cpu-total,maximum,98.6217841630489
2026-09-30T10:15:00+00:00,backend,CWAgent,cpu_usage_idle,cpu=cpu-total,maximum,98.87302779864734
2026-09-30T10:02:00+00:00,backend,CWAgent,net_bytes_sent,interface=ens5,average,23626607.0
2026-09-30T10:03:00+00:00,backend,CWAgent,net_bytes_sent,interface=ens5,average,124808.0
2026-09-30T10:04:00+00:00,backend,CWAgent,net_bytes_sent,interface=ens5,average,471743.0
2026-09-30T10:05:00+00:00,backend,CWAgent,net_bytes_sent,interface=ens5,average,26053745.0
2026-09-30T10:06:00+00:00,backend,CWAgent,net_bytes_sent,interface=ens5,average,52513863.0
2026-09-30T10:07:00+00:00,backend,CWAgent,net_bytes_sent,interface=ens5,average,36463620.0
2026-09-30T10:08:00+00:00,backend,CWAgent,net_bytes_sent,interface=ens5,average,37302125.0
2026-09-30T10:09:00+00:00,backend,CWAgent,net_bytes_sent,interface=ens5,average,37986517.0
2026-09-30T10:10:00+00:00,backend,CWAgent,net_bytes_sent,interface=ens5,average,35471134.0
2026-09-30T10:11:00+00:00,backend,CWAgent,net_bytes_sent,interface=ens5,average,37025022.0
2026-09-30T10:12:00+00:00,backend,CWAgent,net_bytes_sent,interface=ens5,average,35647673.0
2026-09-30T10:13:00+00:00,backend,CWAgent,net_bytes_sent,interface=ens5,average,22302425.0
2026-09-30T10:14:00+00:00,backend,CWAgent,net_bytes_sent,interface=ens5,average,150064.0
2026-09-30T10:15:00+00:00,backend,CWAgent,net_bytes_sent,interface=ens5,average,63558.0
2026-09-30T10:02:00+00:00,backend,CWAgent,net_bytes_sent,interface=ens5,maximum,23626607.0
2026-09-30T10:03:00+00:00,backend,CWAgent,net_bytes_sent,interface=ens5,maximum,124808.0
2026-09-30T10:04:00+00:00,backend,CWAgent,net_bytes_sent,interface=ens5,maximum,471743.0
2026-09-30T10:05:00+00:00,backend,CWAgent,net_bytes_sent,interface=ens5,maximum,26053745.0
2026-09-30T10:06:00+00:00,backend,CWAgent,net_bytes_sent,interface=ens5,maximum,52513863.0
2026-09-30T10:07:00+00:00,backend,CWAgent,net_bytes_sent,interface=ens5,maximum,36463620.0
2026-09-30T10:08:00+00:00,backend,CWAgent,net_bytes_sent,interface=ens5,maximum,37302125.0
2026-09-30T10:09:00+00:00,backend,CWAgent,net_bytes_sent,interface=ens5,maximum,37986517.0
2026-09-30T10:10:00+00:00,backend,CWAgent,net_bytes_sent,interface=ens5,maximum,35471134.0
2026-09-30T10:11:00+00:00,backend,CWAgent,net_bytes_sent,interface=ens5,maximum,37025022.0
2026-09-30T10:12:00+00:00,backend,CWAgent,net_bytes_sent,interface=ens5,maximum,35647673.0
2026-09-30T10:13:00+00:00,backend,CWAgent,net_bytes_sent,interface=ens5,maximum,22302425.0
2026-09-30T10:14:00+00:00,backend,CWAgent,net_bytes_sent,interface=ens5,maximum,150064.0
2026-09-30T10:15:00+00:00,backend,CWAgent,net_bytes_sent,interface=ens5,maximum,63558.0
2026-09-30T10:02:00+00:00,backend,CWAgent,diskio_write_bytes,name=nvme0n1p15,average,0.0
2026-09-30T10:03:00+00:00,backend,CWAgent,diskio_write_bytes,name=nvme0n1p15,average,0.0
2026-09-30T10:04:00+00:00,backend,CWAgent,diskio_write_bytes,name=nvme0n1p15,average,0.0
2026-09-30T10:05:00+00:00,backend,CWAgent,diskio_write_bytes,name=nvme0n1p15,average,0.0
2026-09-30T10:06:00+00:00,backend,CWAgent,diskio_write_bytes,name=nvme0n1p15,average,0.0
2026-09-30T10:07:00+00:00,backend,CWAgent,diskio_write_bytes,name=nvme0n1p15,average,0.0
2026-09-30T10:08:00+00:00,backend,CWAgent,diskio_write_bytes,name=nvme0n1p15,average,0.0
2026-09-30T10:09:00+00:00,backend,CWAgent,diskio_write_bytes,name=nvme0n1p15,average,0.0
2026-09-30T10:10:00+00:00,backend,CWAgent,diskio_write_bytes,name=nvme0n1p15,average,0.0
2026-09-30T10:11:00+00:00,backend,CWAgent,diskio_write_bytes,name=nvme0n1p15,average,0.0
2026-09-30T10:12:00+00:00,backend,CWAgent,diskio_write_bytes,name=nvme0n1p15,average,0.0
2026-09-30T10:13:00+00:00,backend,CWAgent,diskio_write_bytes,name=nvme0n1p15,average,0.0
2026-09-30T10:14:00+00:00,backend,CWAgent,diskio_write_bytes,name=nvme0n1p15,average,0.0
2026-09-30T10:15:00+00:00,backend,CWAgent,diskio_write_bytes,name=nvme0n1p15,average,0.0
2026-09-30T10:02:00+00:00,backend,CWAgent,diskio_write_bytes,name=nvme0n1p15,maximum,0.0
2026-09-30T10:03:00+00:00,backend,CWAgent,diskio_write_bytes,name=nvme0n1p15,maximum,0.0
2026-09-30T10:04:00+00:00,backend,CWAgent,diskio_write_bytes,name=nvme0n1p15,maximum,0.0
2026-09-30T10:05:00+00:00,backend,CWAgent,diskio_write_bytes,name=nvme0n1p15,maximum,0.0
2026-09-30T10:06:00+00:00,backend,CWAgent,diskio_write_bytes,name=nvme0n1p15,maximum,0.0
2026-09-30T10:07:00+00:00,backend,CWAgent,diskio_write_bytes,name=nvme0n1p15,maximum,0.0
2026-09-30T10:08:00+00:00,backend,CWAgent,diskio_write_bytes,name=nvme0n1p15,maximum,0.0
2026-09-30T10:09:00+00:00,backend,CWAgent,diskio_write_bytes,name=nvme0n1p15,maximum,0.0
2026-09-30T10:10:00+00:00,backend,CWAgent,diskio_write_bytes,name=nvme0n1p15,maximum,0.0
2026-09-30T10:11:00+00:00,backend,CWAgent,diskio_write_bytes,name=nvme0n1p15,maximum,0.0
2026-09-30T10:12:00+00:00,backend,CWAgent,diskio_write_bytes,name=nvme0n1p15,maximum,0.0
2026-09-30T10:13:00+00:00,backend,CWAgent,diskio_write_bytes,name=nvme0n1p15,maximum,0.0
2026-09-30T10:14:00+00:00,backend,CWAgent,diskio_write_bytes,name=nvme0n1p15,maximum,0.0
2026-09-30T10:15:00+00:00,backend,CWAgent,diskio_write_bytes,name=nvme0n1p15,maximum,0.0
2026-09-30T10:02:00+00:00,backend,CWAgent,cpu_usage_user,cpu=cpu-total,average,28.905985796415617
2026-09-30T10:03:00+00:00,backend,CWAgent,cpu_usage_user,cpu=cpu-total,average,0.6347615468136588
2026-09-30T10:04:00+00:00,backend,CWAgent,cpu_usage_user,cpu=cpu-total,average,0.6938059015296499
2026-09-30T10:05:00+00:00,backend,CWAgent,cpu_usage_user,cpu=cpu-total,average,10.612842141504473
2026-09-30T10:06:00+00:00,backend,CWAgent,cpu_usage_user,cpu=cpu-total,average,35.68667869105888
2026-09-30T10:07:00+00:00,backend,CWAgent,cpu_usage_user,cpu=cpu-total,average,54.469202745065516
2026-09-30T10:08:00+00:00,backend,CWAgent,cpu_usage_user,cpu=cpu-total,average,55.251604187774866
2026-09-30T10:09:00+00:00,backend,CWAgent,cpu_usage_user,cpu=cpu-total,average,55.91950151566095
2026-09-30T10:10:00+00:00,backend,CWAgent,cpu_usage_user,cpu=cpu-total,average,54.24428896569277
2026-09-30T10:11:00+00:00,backend,CWAgent,cpu_usage_user,cpu=cpu-total,average,55.14600690061368
2026-09-30T10:12:00+00:00,backend,CWAgent,cpu_usage_user,cpu=cpu-total,average,53.74692353390392
2026-09-30T10:13:00+00:00,backend,CWAgent,cpu_usage_user,cpu=cpu-total,average,15.008059726817857
2026-09-30T10:14:00+00:00,backend,CWAgent,cpu_usage_user,cpu=cpu-total,average,0.668225860340771
2026-09-30T10:15:00+00:00,backend,CWAgent,cpu_usage_user,cpu=cpu-total,average,0.5426162450954661
2026-09-30T10:02:00+00:00,backend,CWAgent,cpu_usage_user,cpu=cpu-total,maximum,28.905985796415617
2026-09-30T10:03:00+00:00,backend,CWAgent,cpu_usage_user,cpu=cpu-total,maximum,0.6347615468136588
2026-09-30T10:04:00+00:00,backend,CWAgent,cpu_usage_user,cpu=cpu-total,maximum,0.6938059015296499
2026-09-30T10:05:00+00:00,backend,CWAgent,cpu_usage_user,cpu=cpu-total,maximum,10.612842141504473
2026-09-30T10:06:00+00:00,backend,CWAgent,cpu_usage_user,cpu=cpu-total,maximum,35.68667869105888
2026-09-30T10:07:00+00:00,backend,CWAgent,cpu_usage_user,cpu=cpu-total,maximum,54.469202745065516
2026-09-30T10:08:00+00:00,backend,CWAgent,cpu_usage_user,cpu=cpu-total,maximum,55.251604187774866
2026-09-30T10:09:00+00:00,backend,CWAgent,cpu_usage_user,cpu=cpu-total,maximum,55.91950151566095
2026-09-30T10:10:00+00:00,backend,CWAgent,cpu_usage_user,cpu=cpu-total,maximum,54.24428896569277
2026-09-30T10:11:00+00:00,backend,CWAgent,cpu_usage_user,cpu=cpu-total,maximum,55.14600690061368
2026-09-30T10:12:00+00:00,backend,CWAgent,cpu_usage_user,cpu=cpu-total,maximum,53.74692353390392
2026-09-30T10:13:00+00:00,backend,CWAgent,cpu_usage_user,cpu=cpu-total,maximum,15.008059726817857
2026-09-30T10:14:00+00:00,backend,CWAgent,cpu_usage_user,cpu=cpu-total,maximum,0.668225860340771
2026-09-30T10:15:00+00:00,backend,CWAgent,cpu_usage_user,cpu=cpu-total,maximum,0.5426162450954661
2026-09-30T10:02:00+00:00,backend,CWAgent,diskio_write_bytes,name=nvme0n1,average,11284480.0
2026-09-30T10:03:00+00:00,backend,CWAgent,diskio_write_bytes,name=nvme0n1,average,184320.0
2026-09-30T10:04:00+00:00,backend,CWAgent,diskio_write_bytes,name=nvme0n1,average,827392.0
2026-09-30T10:05:00+00:00,backend,CWAgent,diskio_write_bytes,name=nvme0n1,average,1667072.0
2026-09-30T10:06:00+00:00,backend,CWAgent,diskio_write_bytes,name=nvme0n1,average,181559296.0
2026-09-30T10:07:00+00:00,backend,CWAgent,diskio_write_bytes,name=nvme0n1,average,13152256.0
2026-09-30T10:08:00+00:00,backend,CWAgent,diskio_write_bytes,name=nvme0n1,average,15450112.0
2026-09-30T10:09:00+00:00,backend,CWAgent,diskio_write_bytes,name=nvme0n1,average,7520256.0
2026-09-30T10:10:00+00:00,backend,CWAgent,diskio_write_bytes,name=nvme0n1,average,9551872.0
2026-09-30T10:11:00+00:00,backend,CWAgent,diskio_write_bytes,name=nvme0n1,average,11960320.0
2026-09-30T10:12:00+00:00,backend,CWAgent,diskio_write_bytes,name=nvme0n1,average,3883008.0
2026-09-30T10:13:00+00:00,backend,CWAgent,diskio_write_bytes,name=nvme0n1,average,2949120.0
2026-09-30T10:14:00+00:00,backend,CWAgent,diskio_write_bytes,name=nvme0n1,average,1142784.0
2026-09-30T10:15:00+00:00,backend,CWAgent,diskio_write_bytes,name=nvme0n1,average,151552.0
2026-09-30T10:02:00+00:00,backend,CWAgent,diskio_write_bytes,name=nvme0n1,maximum,11284480.0
2026-09-30T10:03:00+00:00,backend,CWAgent,diskio_write_bytes,name=nvme0n1,maximum,184320.0
2026-09-30T10:04:00+00:00,backend,CWAgent,diskio_write_bytes,name=nvme0n1,maximum,827392.0
2026-09-30T10:05:00+00:00,backend,CWAgent,diskio_write_bytes,name=nvme0n1,maximum,1667072.0
2026-09-30T10:06:00+00:00,backend,CWAgent,diskio_write_bytes,name=nvme0n1,maximum,181559296.0
2026-09-30T10:07:00+00:00,backend,CWAgent,diskio_write_bytes,name=nvme0n1,maximum,13152256.0
2026-09-30T10:08:00+00:00,backend,CWAgent,diskio_write_bytes,name=nvme0n1,maximum,15450112.0
2026-09-30T10:09:00+00:00,backend,CWAgent,diskio_write_bytes,name=nvme0n1,maximum,7520256.0
2026-09-30T10:10:00+00:00,backend,CWAgent,diskio_write_bytes,name=nvme0n1,maximum,9551872.0
2026-09-30T10:11:00+00:00,backend,CWAgent,diskio_write_bytes,name=nvme0n1,maximum,11960320.0
2026-09-30T10:12:00+00:00,backend,CWAgent,diskio_write_bytes,name=nvme0n1,maximum,3883008.0
2026-09-30T10:13:00+00:00,backend,CWAgent,diskio_write_bytes,name=nvme0n1,maximum,2949120.0
2026-09-30T10:14:00+00:00,backend,CWAgent,diskio_write_bytes,name=nvme0n1,maximum,1142784.0
2026-09-30T10:15:00+00:00,backend,CWAgent,diskio_write_bytes,name=nvme0n1,maximum,151552.0
2026-09-30T10:02:00+00:00,backend,CWAgent,diskio_reads,name=nvme0n1,average,4454.0
2026-09-30T10:03:00+00:00,backend,CWAgent,diskio_reads,name=nvme0n1,average,332.0
2026-09-30T10:04:00+00:00,backend,CWAgent,diskio_reads,name=nvme0n1,average,1723.0
2026-09-30T10:05:00+00:00,backend,CWAgent,diskio_reads,name=nvme0n1,average,283.0
2026-09-30T10:06:00+00:00,backend,CWAgent,diskio_reads,name=nvme0n1,average,28682.0
2026-09-30T10:07:00+00:00,backend,CWAgent,diskio_reads,name=nvme0n1,average,3153.0
2026-09-30T10:08:00+00:00,backend,CWAgent,diskio_reads,name=nvme0n1,average,4251.0
2026-09-30T10:09:00+00:00,backend,CWAgent,diskio_reads,name=nvme0n1,average,1575.0
2026-09-30T10:10:00+00:00,backend,CWAgent,diskio_reads,name=nvme0n1,average,9305.0
2026-09-30T10:11:00+00:00,backend,CWAgent,diskio_reads,name=nvme0n1,average,1744.0
2026-09-30T10:12:00+00:00,backend,CWAgent,diskio_reads,name=nvme0n1,average,1531.0
2026-09-30T10:13:00+00:00,backend,CWAgent,diskio_reads,name=nvme0n1,average,222.0
2026-09-30T10:14:00+00:00,backend,CWAgent,diskio_reads,name=nvme0n1,average,214.0
2026-09-30T10:15:00+00:00,backend,CWAgent,diskio_reads,name=nvme0n1,average,49.0
2026-09-30T10:02:00+00:00,backend,CWAgent,diskio_reads,name=nvme0n1,maximum,4454.0
2026-09-30T10:03:00+00:00,backend,CWAgent,diskio_reads,name=nvme0n1,maximum,332.0
2026-09-30T10:04:00+00:00,backend,CWAgent,diskio_reads,name=nvme0n1,maximum,1723.0
2026-09-30T10:05:00+00:00,backend,CWAgent,diskio_reads,name=nvme0n1,maximum,283.0
2026-09-30T10:06:00+00:00,backend,CWAgent,diskio_reads,name=nvme0n1,maximum,28682.0
2026-09-30T10:07:00+00:00,backend,CWAgent,diskio_reads,name=nvme0n1,maximum,3153.0
2026-09-30T10:08:00+00:00,backend,CWAgent,diskio_reads,name=nvme0n1,maximum,4251.0
2026-09-30T10:09:00+00:00,backend,CWAgent,diskio_reads,name=nvme0n1,maximum,1575.0
2026-09-30T10:10:00+00:00,backend,CWAgent,diskio_reads,name=nvme0n1,maximum,9305.0
2026-09-30T10:11:00+00:00,backend,CWAgent,diskio_reads,name=nvme0n1,maximum,1744.0
2026-09-30T10:12:00+00:00,backend,CWAgent,diskio_reads,name=nvme0n1,maximum,1531.0
2026-09-30T10:13:00+00:00,backend,CWAgent,diskio_reads,name=nvme0n1,maximum,222.0
2026-09-30T10:14:00+00:00,backend,CWAgent,diskio_reads,name=nvme0n1,maximum,214.0
2026-09-30T10:15:00+00:00,backend,CWAgent,diskio_reads,name=nvme0n1,maximum,49.0
2026-09-30T10:02:00+00:00,backend,CWAgent,diskio_reads,name=nvme0n1p15,average,0.0
2026-09-30T10:03:00+00:00,backend,CWAgent,diskio_reads,name=nvme0n1p15,average,0.0
2026-09-30T10:04:00+00:00,backend,CWAgent,diskio_reads,name=nvme0n1p15,average,0.0
2026-09-30T10:05:00+00:00,backend,CWAgent,diskio_reads,name=nvme0n1p15,average,0.0
2026-09-30T10:06:00+00:00,backend,CWAgent,diskio_reads,name=nvme0n1p15,average,0.0
2026-09-30T10:07:00+00:00,backend,CWAgent,diskio_reads,name=nvme0n1p15,average,0.0
2026-09-30T10:08:00+00:00,backend,CWAgent,diskio_reads,name=nvme0n1p15,average,0.0
2026-09-30T10:09:00+00:00,backend,CWAgent,diskio_reads,name=nvme0n1p15,average,0.0
2026-09-30T10:10:00+00:00,backend,CWAgent,diskio_reads,name=nvme0n1p15,average,0.0
2026-09-30T10:11:00+00:00,backend,CWAgent,diskio_reads,name=nvme0n1p15,average,0.0
2026-09-30T10:12:00+00:00,backend,CWAgent,diskio_reads,name=nvme0n1p15,average,0.0
2026-09-30T10:13:00+00:00,backend,CWAgent,diskio_reads,name=nvme0n1p15,average,0.0
2026-09-30T10:14:00+00:00,backend,CWAgent,diskio_reads,name=nvme0n1p15,average,0.0
2026-09-30T10:15:00+00:00,backend,CWAgent,diskio_reads,name=nvme0n1p15,average,0.0
2026-09-30T10:02:00+00:00,backend,CWAgent,diskio_reads,name=nvme0n1p15,maximum,0.0
2026-09-30T10:03:00+00:00,backend,CWAgent,diskio_reads,name=nvme0n1p15,maximum,0.0
2026-09-30T10:04:00+00:00,backend,CWAgent,diskio_reads,name=nvme0n1p15,maximum,0.0
2026-09-30T10:05:00+00:00,backend,CWAgent,diskio_reads,name=nvme0n1p15,maximum,0.0
2026-09-30T10:06:00+00:00,backend,CWAgent,diskio_reads,name=nvme0n1p15,maximum,0.0
2026-09-30T10:07:00+00:00,backend,CWAgent,diskio_reads,name=nvme0n1p15,maximum,0.0
2026-09-30T10:08:00+00:00,backend,CWAgent,diskio_reads,name=nvme0n1p15,maximum,0.0
2026-09-30T10:09:00+00:00,backend,CWAgent,diskio_reads,name=nvme0n1p15,maximum,0.0
2026-09-30T10:10:00+00:00,backend,CWAgent,diskio_reads,name=nvme0n1p15,maximum,0.0
2026-09-30T10:11:00+00:00,backend,CWAgent,diskio_reads,name=nvme0n1p15,maximum,0.0
2026-09-30T10:12:00+00:00,backend,CWAgent,diskio_reads,name=nvme0n1p15,maximum,0.0
2026-09-30T10:13:00+00:00,backend,CWAgent,diskio_reads,name=nvme0n1p15,maximum,0.0
2026-09-30T10:14:00+00:00,backend,CWAgent,diskio_reads,name=nvme0n1p15,maximum,0.0
2026-09-30T10:15:00+00:00,backend,CWAgent,diskio_reads,name=nvme0n1p15,maximum,0.0
2026-09-30T10:02:00+00:00,backend,CWAgent,diskio_writes,name=nvme0n1p15,average,0.0
2026-09-30T10:03:00+00:00,backend,CWAgent,diskio_writes,name=nvme0n1p15,average,0.0
2026-09-30T10:04:00+00:00,backend,CWAgent,diskio_writes,name=nvme0n1p15,average,0.0
2026-09-30T10:05:00+00:00,backend,CWAgent,diskio_writes,name=nvme0n1p15,average,0.0
2026-09-30T10:06:00+00:00,backend,CWAgent,diskio_writes,name=nvme0n1p15,average,0.0
2026-09-30T10:07:00+00:00,backend,CWAgent,diskio_writes,name=nvme0n1p15,average,0.0
2026-09-30T10:08:00+00:00,backend,CWAgent,diskio_writes,name=nvme0n1p15,average,0.0
2026-09-30T10:09:00+00:00,backend,CWAgent,diskio_writes,name=nvme0n1p15,average,0.0
2026-09-30T10:10:00+00:00,backend,CWAgent,diskio_writes,name=nvme0n1p15,average,0.0
2026-09-30T10:11:00+00:00,backend,CWAgent,diskio_writes,name=nvme0n1p15,average,0.0
2026-09-30T10:12:00+00:00,backend,CWAgent,diskio_writes,name=nvme0n1p15,average,0.0
2026-09-30T10:13:00+00:00,backend,CWAgent,diskio_writes,name=nvme0n1p15,average,0.0
2026-09-30T10:14:00+00:00,backend,CWAgent,diskio_writes,name=nvme0n1p15,average,0.0
2026-09-30T10:15:00+00:00,backend,CWAgent,diskio_writes,name=nvme0n1p15,average,0.0
2026-09-30T10:02:00+00:00,backend,CWAgent,diskio_writes,name=nvme0n1p15,maximum,0.0
2026-09-30T10:03:00+00:00,backend,CWAgent,diskio_writes,name=nvme0n1p15,maximum,0.0
2026-09-30T10:04:00+00:00,backend,CWAgent,diskio_writes,name=nvme0n1p15,maximum,0.0
2026-09-30T10:05:00+00:00,backend,CWAgent,diskio_writes,name=nvme0n1p15,maximum,0.0
2026-09-30T10:06:00+00:00,backend,CWAgent,diskio_writes,name=nvme0n1p15,maximum,0.0
2026-09-30T10:07:00+00:00,backend,CWAgent,diskio_writes,name=nvme0n1p15,maximum,0.0
2026-09-30T10:08:00+00:00,backend,CWAgent,diskio_writes,name=nvme0n1p15,maximum,0.0
2026-09-30T10:09:00+00:00,backend,CWAgent,diskio_writes,name=nvme0n1p15,maximum,0.0
2026-09-30T10:10:00+00:00,backend,CWAgent,diskio_writes,name=nvme0n1p15,maximum,0.0
2026-09-30T10:11:00+00:00,backend,CWAgent,diskio_writes,name=nvme0n1p15,maximum,0.0
2026-09-30T10:12:00+00:00,backend,CWAgent,diskio_writes,name=nvme0n1p15,maximum,0.0
2026-09-30T10:13:00+00:00,backend,CWAgent,diskio_writes,name=nvme0n1p15,maximum,0.0
2026-09-30T10:14:00+00:00,backend,CWAgent,diskio_writes,name=nvme0n1p15,maximum,0.0
2026-09-30T10:15:00+00:00,backend,CWAgent,diskio_writes,name=nvme0n1p15,maximum,0.0
2026-09-30T10:02:00+00:00,backend,CWAgent,cpu_usage_system,cpu=cpu-total,average,13.391951301995377
2026-09-30T10:03:00+00:00,backend,CWAgent,cpu_usage_system,cpu=cpu-total,average,0.3257328990228386
2026-09-30T10:04:00+00:00,backend,CWAgent,cpu_usage_system,cpu=cpu-total,average,0.35944161163583244
2026-09-30T10:05:00+00:00,backend,CWAgent,cpu_usage_system,cpu=cpu-total,average,2.711310036150823
2026-09-30T10:06:00+00:00,backend,CWAgent,cpu_usage_system,cpu=cpu-total,average,15.8120759254487
2026-09-30T10:07:00+00:00,backend,CWAgent,cpu_usage_system,cpu=cpu-total,average,27.255782428196504
2026-09-30T10:08:00+00:00,backend,CWAgent,cpu_usage_system,cpu=cpu-total,average,28.284363390746684
2026-09-30T10:09:00+00:00,backend,CWAgent,cpu_usage_system,cpu=cpu-total,average,28.721791849106914
2026-09-30T10:10:00+00:00,backend,CWAgent,cpu_usage_system,cpu=cpu-total,average,26.67116243783259
2026-09-30T10:11:00+00:00,backend,CWAgent,cpu_usage_system,cpu=cpu-total,average,27.896995708154076
2026-09-30T10:12:00+00:00,backend,CWAgent,cpu_usage_system,cpu=cpu-total,average,26.606127471781004
2026-09-30T10:13:00+00:00,backend,CWAgent,cpu_usage_system,cpu=cpu-total,average,6.64291168236192
2026-09-30T10:14:00+00:00,backend,CWAgent,cpu_usage_system,cpu=cpu-total,average,0.44269963247576316
2026-09-30T10:15:00+00:00,backend,CWAgent,cpu_usage_system,cpu=cpu-total,average,0.3422656315218957
2026-09-30T10:02:00+00:00,backend,CWAgent,cpu_usage_system,cpu=cpu-total,maximum,13.391951301995377
2026-09-30T10:03:00+00:00,backend,CWAgent,cpu_usage_system,cpu=cpu-total,maximum,0.3257328990228386
2026-09-30T10:04:00+00:00,backend,CWAgent,cpu_usage_system,cpu=cpu-total,maximum,0.35944161163583244
2026-09-30T10:05:00+00:00,backend,CWAgent,cpu_usage_system,cpu=cpu-total,maximum,2.711310036150823
2026-09-30T10:06:00+00:00,backend,CWAgent,cpu_usage_system,cpu=cpu-total,maximum,15.8120759254487
2026-09-30T10:07:00+00:00,backend,CWAgent,cpu_usage_system,cpu=cpu-total,maximum,27.255782428196504
2026-09-30T10:08:00+00:00,backend,CWAgent,cpu_usage_system,cpu=cpu-total,maximum,28.284363390746684
2026-09-30T10:09:00+00:00,backend,CWAgent,cpu_usage_system,cpu=cpu-total,maximum,28.721791849106914
2026-09-30T10:10:00+00:00,backend,CWAgent,cpu_usage_system,cpu=cpu-total,maximum,26.67116243783259
2026-09-30T10:11:00+00:00,backend,CWAgent,cpu_usage_system,cpu=cpu-total,maximum,27.896995708154076
2026-09-30T10:12:00+00:00,backend,CWAgent,cpu_usage_system,cpu=cpu-total,maximum,26.606127471781004
2026-09-30T10:13:00+00:00,backend,CWAgent,cpu_usage_system,cpu=cpu-total,maximum,6.64291168236192
2026-09-30T10:14:00+00:00,backend,CWAgent,cpu_usage_system,cpu=cpu-total,maximum,0.44269963247576316
2026-09-30T10:15:00+00:00,backend,CWAgent,cpu_usage_system,cpu=cpu-total,maximum,0.3422656315218957
2026-09-30T10:02:00+00:00,backend,CWAgent,procstat_memory_rss,exe=java;process_name=java,average,566685696.0
2026-09-30T10:03:00+00:00,backend,CWAgent,procstat_memory_rss,exe=java;process_name=java,average,557084672.0
2026-09-30T10:04:00+00:00,backend,CWAgent,procstat_memory_rss,exe=java;process_name=java,average,557101056.0
2026-09-30T10:05:00+00:00,backend,CWAgent,procstat_memory_rss,exe=java;process_name=java,average,559194112.0
2026-09-30T10:06:00+00:00,backend,CWAgent,procstat_memory_rss,exe=java;process_name=java,average,566247424.0
2026-09-30T10:07:00+00:00,backend,CWAgent,procstat_memory_rss,exe=java;process_name=java,average,570175488.0
2026-09-30T10:08:00+00:00,backend,CWAgent,procstat_memory_rss,exe=java;process_name=java,average,560418816.0
2026-09-30T10:09:00+00:00,backend,CWAgent,procstat_memory_rss,exe=java;process_name=java,average,558723072.0
2026-09-30T10:10:00+00:00,backend,CWAgent,procstat_memory_rss,exe=java;process_name=java,average,596340736.0
2026-09-30T10:11:00+00:00,backend,CWAgent,procstat_memory_rss,exe=java;process_name=java,average,595419136.0
2026-09-30T10:12:00+00:00,backend,CWAgent,procstat_memory_rss,exe=java;process_name=java,average,586956800.0
2026-09-30T10:13:00+00:00,backend,CWAgent,procstat_memory_rss,exe=java;process_name=java,average,584826880.0
2026-09-30T10:14:00+00:00,backend,CWAgent,procstat_memory_rss,exe=java;process_name=java,average,578097152.0
2026-09-30T10:15:00+00:00,backend,CWAgent,procstat_memory_rss,exe=java;process_name=java,average,576176128.0
2026-09-30T10:02:00+00:00,backend,CWAgent,procstat_memory_rss,exe=java;process_name=java,maximum,566685696.0
2026-09-30T10:03:00+00:00,backend,CWAgent,procstat_memory_rss,exe=java;process_name=java,maximum,557084672.0
2026-09-30T10:04:00+00:00,backend,CWAgent,procstat_memory_rss,exe=java;process_name=java,maximum,557101056.0
2026-09-30T10:05:00+00:00,backend,CWAgent,procstat_memory_rss,exe=java;process_name=java,maximum,559194112.0
2026-09-30T10:06:00+00:00,backend,CWAgent,procstat_memory_rss,exe=java;process_name=java,maximum,566247424.0
2026-09-30T10:07:00+00:00,backend,CWAgent,procstat_memory_rss,exe=java;process_name=java,maximum,570175488.0
2026-09-30T10:08:00+00:00,backend,CWAgent,procstat_memory_rss,exe=java;process_name=java,maximum,560418816.0
2026-09-30T10:09:00+00:00,backend,CWAgent,procstat_memory_rss,exe=java;process_name=java,maximum,558723072.0
2026-09-30T10:10:00+00:00,backend,CWAgent,procstat_memory_rss,exe=java;process_name=java,maximum,596340736.0
2026-09-30T10:11:00+00:00,backend,CWAgent,procstat_memory_rss,exe=java;process_name=java,maximum,595419136.0
2026-09-30T10:12:00+00:00,backend,CWAgent,procstat_memory_rss,exe=java;process_name=java,maximum,586956800.0
2026-09-30T10:13:00+00:00,backend,CWAgent,procstat_memory_rss,exe=java;process_name=java,maximum,584826880.0
2026-09-30T10:14:00+00:00,backend,CWAgent,procstat_memory_rss,exe=java;process_name=java,maximum,578097152.0
2026-09-30T10:15:00+00:00,backend,CWAgent,procstat_memory_rss,exe=java;process_name=java,maximum,576176128.0
2026-09-30T10:02:00+00:00,backend,CWAgent,net_bytes_sent,interface=docker0,average,0.0
2026-09-30T10:03:00+00:00,backend,CWAgent,net_bytes_sent,interface=docker0,average,0.0
2026-09-30T10:04:00+00:00,backend,CWAgent,net_bytes_sent,interface=docker0,average,0.0
2026-09-30T10:05:00+00:00,backend,CWAgent,net_bytes_sent,interface=docker0,average,0.0
2026-09-30T10:06:00+00:00,backend,CWAgent,net_bytes_sent,interface=docker0,average,0.0
2026-09-30T10:07:00+00:00,backend,CWAgent,net_bytes_sent,interface=docker0,average,0.0
2026-09-30T10:08:00+00:00,backend,CWAgent,net_bytes_sent,interface=docker0,average,0.0
2026-09-30T10:09:00+00:00,backend,CWAgent,net_bytes_sent,interface=docker0,average,0.0
2026-09-30T10:10:00+00:00,backend,CWAgent,net_bytes_sent,interface=docker0,average,0.0
2026-09-30T10:11:00+00:00,backend,CWAgent,net_bytes_sent,interface=docker0,average,0.0
2026-09-30T10:12:00+00:00,backend,CWAgent,net_bytes_sent,interface=docker0,average,0.0
2026-09-30T10:13:00+00:00,backend,CWAgent,net_bytes_sent,interface=docker0,average,0.0
2026-09-30T10:14:00+00:00,backend,CWAgent,net_bytes_sent,interface=docker0,average,0.0
2026-09-30T10:15:00+00:00,backend,CWAgent,net_bytes_sent,interface=docker0,average,0.0
2026-09-30T10:02:00+00:00,backend,CWAgent,net_bytes_sent,interface=docker0,maximum,0.0
2026-09-30T10:03:00+00:00,backend,CWAgent,net_bytes_sent,interface=docker0,maximum,0.0
2026-09-30T10:04:00+00:00,backend,CWAgent,net_bytes_sent,interface=docker0,maximum,0.0
2026-09-30T10:05:00+00:00,backend,CWAgent,net_bytes_sent,interface=docker0,maximum,0.0
2026-09-30T10:06:00+00:00,backend,CWAgent,net_bytes_sent,interface=docker0,maximum,0.0
2026-09-30T10:07:00+00:00,backend,CWAgent,net_bytes_sent,interface=docker0,maximum,0.0
2026-09-30T10:08:00+00:00,backend,CWAgent,net_bytes_sent,interface=docker0,maximum,0.0
2026-09-30T10:09:00+00:00,backend,CWAgent,net_bytes_sent,interface=docker0,maximum,0.0
2026-09-30T10:10:00+00:00,backend,CWAgent,net_bytes_sent,interface=docker0,maximum,0.0
2026-09-30T10:11:00+00:00,backend,CWAgent,net_bytes_sent,interface=docker0,maximum,0.0
2026-09-30T10:12:00+00:00,backend,CWAgent,net_bytes_sent,interface=docker0,maximum,0.0
2026-09-30T10:13:00+00:00,backend,CWAgent,net_bytes_sent,interface=docker0,maximum,0.0
2026-09-30T10:14:00+00:00,backend,CWAgent,net_bytes_sent,interface=docker0,maximum,0.0
2026-09-30T10:15:00+00:00,backend,CWAgent,net_bytes_sent,interface=docker0,maximum,0.0
2026-09-30T10:02:00+00:00,backend,CWAgent,diskio_writes,name=nvme0n1p1,average,865.0
2026-09-30T10:03:00+00:00,backend,CWAgent,diskio_writes,name=nvme0n1p1,average,32.0
2026-09-30T10:04:00+00:00,backend,CWAgent,diskio_writes,name=nvme0n1p1,average,142.0
2026-09-30T10:05:00+00:00,backend,CWAgent,diskio_writes,name=nvme0n1p1,average,139.0
2026-09-30T10:06:00+00:00,backend,CWAgent,diskio_writes,name=nvme0n1p1,average,8207.0
2026-09-30T10:07:00+00:00,backend,CWAgent,diskio_writes,name=nvme0n1p1,average,623.0
2026-09-30T10:08:00+00:00,backend,CWAgent,diskio_writes,name=nvme0n1p1,average,1513.0
2026-09-30T10:09:00+00:00,backend,CWAgent,diskio_writes,name=nvme0n1p1,average,226.0
2026-09-30T10:10:00+00:00,backend,CWAgent,diskio_writes,name=nvme0n1p1,average,329.0
2026-09-30T10:11:00+00:00,backend,CWAgent,diskio_writes,name=nvme0n1p1,average,512.0
2026-09-30T10:12:00+00:00,backend,CWAgent,diskio_writes,name=nvme0n1p1,average,402.0
2026-09-30T10:13:00+00:00,backend,CWAgent,diskio_writes,name=nvme0n1p1,average,122.0
2026-09-30T10:14:00+00:00,backend,CWAgent,diskio_writes,name=nvme0n1p1,average,52.0
2026-09-30T10:15:00+00:00,backend,CWAgent,diskio_writes,name=nvme0n1p1,average,30.0
2026-09-30T10:02:00+00:00,backend,CWAgent,diskio_writes,name=nvme0n1p1,maximum,865.0
2026-09-30T10:03:00+00:00,backend,CWAgent,diskio_writes,name=nvme0n1p1,maximum,32.0
2026-09-30T10:04:00+00:00,backend,CWAgent,diskio_writes,name=nvme0n1p1,maximum,142.0
2026-09-30T10:05:00+00:00,backend,CWAgent,diskio_writes,name=nvme0n1p1,maximum,139.0
2026-09-30T10:06:00+00:00,backend,CWAgent,diskio_writes,name=nvme0n1p1,maximum,8207.0
2026-09-30T10:07:00+00:00,backend,CWAgent,diskio_writes,name=nvme0n1p1,maximum,623.0
2026-09-30T10:08:00+00:00,backend,CWAgent,diskio_writes,name=nvme0n1p1,maximum,1513.0
2026-09-30T10:09:00+00:00,backend,CWAgent,diskio_writes,name=nvme0n1p1,maximum,226.0
2026-09-30T10:10:00+00:00,backend,CWAgent,diskio_writes,name=nvme0n1p1,maximum,329.0
2026-09-30T10:11:00+00:00,backend,CWAgent,diskio_writes,name=nvme0n1p1,maximum,512.0
2026-09-30T10:12:00+00:00,backend,CWAgent,diskio_writes,name=nvme0n1p1,maximum,402.0
2026-09-30T10:13:00+00:00,backend,CWAgent,diskio_writes,name=nvme0n1p1,maximum,122.0
2026-09-30T10:14:00+00:00,backend,CWAgent,diskio_writes,name=nvme0n1p1,maximum,52.0
2026-09-30T10:15:00+00:00,backend,CWAgent,diskio_writes,name=nvme0n1p1,maximum,30.0
2026-09-30T10:02:00+00:00,backend,CWAgent,procstat_cpu_usage,exe=containerd;process_name=containerd,average,0.08333102375984584
2026-09-30T10:03:00+00:00,backend,CWAgent,procstat_cpu_usage,exe=containerd;process_name=containerd,average,0.10000686358105298
2026-09-30T10:04:00+00:00,backend,CWAgent,procstat_cpu_usage,exe=containerd;process_name=containerd,average,0.08333068616464945
2026-09-30T10:05:00+00:00,backend,CWAgent,procstat_cpu_usage,exe=containerd;process_name=containerd,average,0.09999925146060103
2026-09-30T10:06:00+00:00,backend,CWAgent,procstat_cpu_usage,exe=containerd;process_name=containerd,average,0.19980686540513712
2026-09-30T10:07:00+00:00,backend,CWAgent,procstat_cpu_usage,exe=containerd;process_name=containerd,average,0.08340809652401716
2026-09-30T10:08:00+00:00,backend,CWAgent,procstat_cpu_usage,exe=containerd;process_name=containerd,average,0.166576500364512
2026-09-30T10:09:00+00:00,backend,CWAgent,procstat_cpu_usage,exe=containerd;process_name=containerd,average,0.06670658651071389
2026-09-30T10:10:00+00:00,backend,CWAgent,procstat_cpu_usage,exe=containerd;process_name=containerd,average,0.08329508919969666
2026-09-30T10:11:00+00:00,backend,CWAgent,procstat_cpu_usage,exe=containerd;process_name=containerd,average,0.08336836039155907
2026-09-30T10:12:00+00:00,backend,CWAgent,procstat_cpu_usage,exe=containerd;process_name=containerd,average,0.16667277857967666
2026-09-30T10:13:00+00:00,backend,CWAgent,procstat_cpu_usage,exe=containerd;process_name=containerd,average,0.06666993314670577
2026-09-30T10:14:00+00:00,backend,CWAgent,procstat_cpu_usage,exe=containerd;process_name=containerd,average,0.09999918616995444
2026-09-30T10:15:00+00:00,backend,CWAgent,procstat_cpu_usage,exe=containerd;process_name=containerd,average,0.08333348016414878
2026-09-30T10:02:00+00:00,backend,CWAgent,procstat_cpu_usage,exe=containerd;process_name=containerd,maximum,0.08333102375984584
2026-09-30T10:03:00+00:00,backend,CWAgent,procstat_cpu_usage,exe=containerd;process_name=containerd,maximum,0.10000686358105298
2026-09-30T10:04:00+00:00,backend,CWAgent,procstat_cpu_usage,exe=containerd;process_name=containerd,maximum,0.08333068616464945
2026-09-30T10:05:00+00:00,backend,CWAgent,procstat_cpu_usage,exe=containerd;process_name=containerd,maximum,0.09999925146060103
2026-09-30T10:06:00+00:00,backend,CWAgent,procstat_cpu_usage,exe=containerd;process_name=containerd,maximum,0.19980686540513712
2026-09-30T10:07:00+00:00,backend,CWAgent,procstat_cpu_usage,exe=containerd;process_name=containerd,maximum,0.08340809652401716
2026-09-30T10:08:00+00:00,backend,CWAgent,procstat_cpu_usage,exe=containerd;process_name=containerd,maximum,0.166576500364512
2026-09-30T10:09:00+00:00,backend,CWAgent,procstat_cpu_usage,exe=containerd;process_name=containerd,maximum,0.06670658651071389
2026-09-30T10:10:00+00:00,backend,CWAgent,procstat_cpu_usage,exe=containerd;process_name=containerd,maximum,0.08329508919969666
2026-09-30T10:11:00+00:00,backend,CWAgent,procstat_cpu_usage,exe=containerd;process_name=containerd,maximum,0.08336836039155907
2026-09-30T10:12:00+00:00,backend,CWAgent,procstat_cpu_usage,exe=containerd;process_name=containerd,maximum,0.16667277857967666
2026-09-30T10:13:00+00:00,backend,CWAgent,procstat_cpu_usage,exe=containerd;process_name=containerd,maximum,0.06666993314670577
2026-09-30T10:14:00+00:00,backend,CWAgent,procstat_cpu_usage,exe=containerd;process_name=containerd,maximum,0.09999918616995444
2026-09-30T10:15:00+00:00,backend,CWAgent,procstat_cpu_usage,exe=containerd;process_name=containerd,maximum,0.08333348016414878
2026-09-30T10:02:00+00:00,backend,CWAgent,diskio_writes,name=nvme0n1p14,average,0.0
2026-09-30T10:03:00+00:00,backend,CWAgent,diskio_writes,name=nvme0n1p14,average,0.0
2026-09-30T10:04:00+00:00,backend,CWAgent,diskio_writes,name=nvme0n1p14,average,0.0
2026-09-30T10:05:00+00:00,backend,CWAgent,diskio_writes,name=nvme0n1p14,average,0.0
2026-09-30T10:06:00+00:00,backend,CWAgent,diskio_writes,name=nvme0n1p14,average,0.0
2026-09-30T10:07:00+00:00,backend,CWAgent,diskio_writes,name=nvme0n1p14,average,0.0
2026-09-30T10:08:00+00:00,backend,CWAgent,diskio_writes,name=nvme0n1p14,average,0.0
2026-09-30T10:09:00+00:00,backend,CWAgent,diskio_writes,name=nvme0n1p14,average,0.0
2026-09-30T10:10:00+00:00,backend,CWAgent,diskio_writes,name=nvme0n1p14,average,0.0
2026-09-30T10:11:00+00:00,backend,CWAgent,diskio_writes,name=nvme0n1p14,average,0.0
2026-09-30T10:12:00+00:00,backend,CWAgent,diskio_writes,name=nvme0n1p14,average,0.0
2026-09-30T10:13:00+00:00,backend,CWAgent,diskio_writes,name=nvme0n1p14,average,0.0
2026-09-30T10:14:00+00:00,backend,CWAgent,diskio_writes,name=nvme0n1p14,average,0.0
2026-09-30T10:15:00+00:00,backend,CWAgent,diskio_writes,name=nvme0n1p14,average,0.0
2026-09-30T10:02:00+00:00,backend,CWAgent,diskio_writes,name=nvme0n1p14,maximum,0.0
2026-09-30T10:03:00+00:00,backend,CWAgent,diskio_writes,name=nvme0n1p14,maximum,0.0
2026-09-30T10:04:00+00:00,backend,CWAgent,diskio_writes,name=nvme0n1p14,maximum,0.0
2026-09-30T10:05:00+00:00,backend,CWAgent,diskio_writes,name=nvme0n1p14,maximum,0.0
2026-09-30T10:06:00+00:00,backend,CWAgent,diskio_writes,name=nvme0n1p14,maximum,0.0
2026-09-30T10:07:00+00:00,backend,CWAgent,diskio_writes,name=nvme0n1p14,maximum,0.0
2026-09-30T10:08:00+00:00,backend,CWAgent,diskio_writes,name=nvme0n1p14,maximum,0.0
2026-09-30T10:09:00+00:00,backend,CWAgent,diskio_writes,name=nvme0n1p14,maximum,0.0
2026-09-30T10:10:00+00:00,backend,CWAgent,diskio_writes,name=nvme0n1p14,maximum,0.0
2026-09-30T10:11:00+00:00,backend,CWAgent,diskio_writes,name=nvme0n1p14,maximum,0.0
2026-09-30T10:12:00+00:00,backend,CWAgent,diskio_writes,name=nvme0n1p14,maximum,0.0
2026-09-30T10:13:00+00:00,backend,CWAgent,diskio_writes,name=nvme0n1p14,maximum,0.0
2026-09-30T10:14:00+00:00,backend,CWAgent,diskio_writes,name=nvme0n1p14,maximum,0.0
2026-09-30T10:15:00+00:00,backend,CWAgent,diskio_writes,name=nvme0n1p14,maximum,0.0
2026-09-30T10:02:00+00:00,backend,CWAgent,diskio_write_bytes,name=nvme0n1p1,average,11284480.0
2026-09-30T10:03:00+00:00,backend,CWAgent,diskio_write_bytes,name=nvme0n1p1,average,184320.0
2026-09-30T10:04:00+00:00,backend,CWAgent,diskio_write_bytes,name=nvme0n1p1,average,827392.0
2026-09-30T10:05:00+00:00,backend,CWAgent,diskio_write_bytes,name=nvme0n1p1,average,1667072.0
2026-09-30T10:06:00+00:00,backend,CWAgent,diskio_write_bytes,name=nvme0n1p1,average,181559296.0
2026-09-30T10:07:00+00:00,backend,CWAgent,diskio_write_bytes,name=nvme0n1p1,average,13152256.0
2026-09-30T10:08:00+00:00,backend,CWAgent,diskio_write_bytes,name=nvme0n1p1,average,15450112.0
2026-09-30T10:09:00+00:00,backend,CWAgent,diskio_write_bytes,name=nvme0n1p1,average,7520256.0
2026-09-30T10:10:00+00:00,backend,CWAgent,diskio_write_bytes,name=nvme0n1p1,average,9551872.0
2026-09-30T10:11:00+00:00,backend,CWAgent,diskio_write_bytes,name=nvme0n1p1,average,11960320.0
2026-09-30T10:12:00+00:00,backend,CWAgent,diskio_write_bytes,name=nvme0n1p1,average,3883008.0
2026-09-30T10:13:00+00:00,backend,CWAgent,diskio_write_bytes,name=nvme0n1p1,average,2949120.0
2026-09-30T10:14:00+00:00,backend,CWAgent,diskio_write_bytes,name=nvme0n1p1,average,1142784.0
2026-09-30T10:15:00+00:00,backend,CWAgent,diskio_write_bytes,name=nvme0n1p1,average,151552.0
2026-09-30T10:02:00+00:00,backend,CWAgent,diskio_write_bytes,name=nvme0n1p1,maximum,11284480.0
2026-09-30T10:03:00+00:00,backend,CWAgent,diskio_write_bytes,name=nvme0n1p1,maximum,184320.0
2026-09-30T10:04:00+00:00,backend,CWAgent,diskio_write_bytes,name=nvme0n1p1,maximum,827392.0
2026-09-30T10:05:00+00:00,backend,CWAgent,diskio_write_bytes,name=nvme0n1p1,maximum,1667072.0
2026-09-30T10:06:00+00:00,backend,CWAgent,diskio_write_bytes,name=nvme0n1p1,maximum,181559296.0
2026-09-30T10:07:00+00:00,backend,CWAgent,diskio_write_bytes,name=nvme0n1p1,maximum,13152256.0
2026-09-30T10:08:00+00:00,backend,CWAgent,diskio_write_bytes,name=nvme0n1p1,maximum,15450112.0
2026-09-30T10:09:00+00:00,backend,CWAgent,diskio_write_bytes,name=nvme0n1p1,maximum,7520256.0
2026-09-30T10:10:00+00:00,backend,CWAgent,diskio_write_bytes,name=nvme0n1p1,maximum,9551872.0
2026-09-30T10:11:00+00:00,backend,CWAgent,diskio_write_bytes,name=nvme0n1p1,maximum,11960320.0
2026-09-30T10:12:00+00:00,backend,CWAgent,diskio_write_bytes,name=nvme0n1p1,maximum,3883008.0
2026-09-30T10:13:00+00:00,backend,CWAgent,diskio_write_bytes,name=nvme0n1p1,maximum,2949120.0
2026-09-30T10:14:00+00:00,backend,CWAgent,diskio_write_bytes,name=nvme0n1p1,maximum,1142784.0
2026-09-30T10:15:00+00:00,backend,CWAgent,diskio_write_bytes,name=nvme0n1p1,maximum,151552.0
2026-09-30T10:02:00+00:00,backend,CWAgent,procstat_cpu_usage,exe=redis-server;process_name=redis-server,average,19.961670732908363
2026-09-30T10:03:00+00:00,backend,CWAgent,procstat_cpu_usage,exe=redis-server;process_name=redis-server,average,0.5335395787841591
2026-09-30T10:04:00+00:00,backend,CWAgent,procstat_cpu_usage,exe=redis-server;process_name=redis-server,average,0.46666388499218575
2026-09-30T10:05:00+00:00,backend,CWAgent,procstat_cpu_usage,exe=redis-server;process_name=redis-server,average,5.566636663701112
2026-09-30T10:06:00+00:00,backend,CWAgent,procstat_cpu_usage,exe=redis-server;process_name=redis-server,average,21.707245386020098
2026-09-30T10:07:00+00:00,backend,CWAgent,procstat_cpu_usage,exe=redis-server;process_name=redis-server,average,39.761473953175496
2026-09-30T10:08:00+00:00,backend,CWAgent,procstat_cpu_usage,exe=redis-server;process_name=redis-server,average,40.45078675431875
2026-09-30T10:09:00+00:00,backend,CWAgent,procstat_cpu_usage,exe=redis-server;process_name=redis-server,average,41.000938441779375
2026-09-30T10:10:00+00:00,backend,CWAgent,procstat_cpu_usage,exe=redis-server;process_name=redis-server,average,38.63463545512559
2026-09-30T10:11:00+00:00,backend,CWAgent,procstat_cpu_usage,exe=redis-server;process_name=redis-server,average,40.21563304580654
2026-09-30T10:12:00+00:00,backend,CWAgent,procstat_cpu_usage,exe=redis-server;process_name=redis-server,average,38.88279237972465
2026-09-30T10:13:00+00:00,backend,CWAgent,procstat_cpu_usage,exe=redis-server;process_name=redis-server,average,9.650416753086487
2026-09-30T10:14:00+00:00,backend,CWAgent,procstat_cpu_usage,exe=redis-server;process_name=redis-server,average,0.5333289739468278
2026-09-30T10:15:00+00:00,backend,CWAgent,procstat_cpu_usage,exe=redis-server;process_name=redis-server,average,0.4833341187270489
2026-09-30T10:02:00+00:00,backend,CWAgent,procstat_cpu_usage,exe=redis-server;process_name=redis-server,maximum,19.961670732908363
2026-09-30T10:03:00+00:00,backend,CWAgent,procstat_cpu_usage,exe=redis-server;process_name=redis-server,maximum,0.5335395787841591
2026-09-30T10:04:00+00:00,backend,CWAgent,procstat_cpu_usage,exe=redis-server;process_name=redis-server,maximum,0.46666388499218575
2026-09-30T10:05:00+00:00,backend,CWAgent,procstat_cpu_usage,exe=redis-server;process_name=redis-server,maximum,5.566636663701112
2026-09-30T10:06:00+00:00,backend,CWAgent,procstat_cpu_usage,exe=redis-server;process_name=redis-server,maximum,21.707245386020098
2026-09-30T10:07:00+00:00,backend,CWAgent,procstat_cpu_usage,exe=redis-server;process_name=redis-server,maximum,39.761473953175496
2026-09-30T10:08:00+00:00,backend,CWAgent,procstat_cpu_usage,exe=redis-server;process_name=redis-server,maximum,40.45078675431875
2026-09-30T10:09:00+00:00,backend,CWAgent,procstat_cpu_usage,exe=redis-server;process_name=redis-server,maximum,41.000938441779375
2026-09-30T10:10:00+00:00,backend,CWAgent,procstat_cpu_usage,exe=redis-server;process_name=redis-server,maximum,38.63463545512559
2026-09-30T10:11:00+00:00,backend,CWAgent,procstat_cpu_usage,exe=redis-server;process_name=redis-server,maximum,40.21563304580654
2026-09-30T10:12:00+00:00,backend,CWAgent,procstat_cpu_usage,exe=redis-server;process_name=redis-server,maximum,38.88279237972465
2026-09-30T10:13:00+00:00,backend,CWAgent,procstat_cpu_usage,exe=redis-server;process_name=redis-server,maximum,9.650416753086487
2026-09-30T10:14:00+00:00,backend,CWAgent,procstat_cpu_usage,exe=redis-server;process_name=redis-server,maximum,0.5333289739468278
2026-09-30T10:15:00+00:00,backend,CWAgent,procstat_cpu_usage,exe=redis-server;process_name=redis-server,maximum,0.4833341187270489
2026-09-30T10:02:00+00:00,backend,CWAgent,net_bytes_recv,interface=veth2afa901,average,311782614.0
2026-09-30T10:03:00+00:00,backend,CWAgent,net_bytes_recv,interface=veth2afa901,average,3170.0
2026-09-30T10:04:00+00:00,backend,CWAgent,net_bytes_recv,interface=veth2afa901,average,103916.0
2026-09-30T10:05:00+00:00,backend,CWAgent,net_bytes_recv,interface=veth2afa901,average,41576091.0
2026-09-30T10:06:00+00:00,backend,CWAgent,net_bytes_recv,interface=veth2afa901,average,301962390.0
2026-09-30T10:07:00+00:00,backend,CWAgent,net_bytes_recv,interface=veth2afa901,average,666374509.0
2026-09-30T10:08:00+00:00,backend,CWAgent,net_bytes_recv,interface=veth2afa901,average,677864104.0
2026-09-30T10:09:00+00:00,backend,CWAgent,net_bytes_recv,interface=veth2afa901,average,689121133.0
2026-09-30T10:10:00+00:00,backend,CWAgent,net_bytes_recv,interface=veth2afa901,average,643731768.0
2026-09-30T10:11:00+00:00,backend,CWAgent,net_bytes_recv,interface=veth2afa901,average,667152199.0
2026-09-30T10:12:00+00:00,backend,CWAgent,net_bytes_recv,interface=veth2afa901,average,649983166.0
2026-09-30T10:13:00+00:00,backend,CWAgent,net_bytes_recv,interface=veth2afa901,average,130799462.0
2026-09-30T10:14:00+00:00,backend,CWAgent,net_bytes_recv,interface=veth2afa901,average,90482.0
2026-09-30T10:15:00+00:00,backend,CWAgent,net_bytes_recv,interface=veth2afa901,average,1006.0
2026-09-30T10:02:00+00:00,backend,CWAgent,net_bytes_recv,interface=veth2afa901,maximum,311782614.0
2026-09-30T10:03:00+00:00,backend,CWAgent,net_bytes_recv,interface=veth2afa901,maximum,3170.0
2026-09-30T10:04:00+00:00,backend,CWAgent,net_bytes_recv,interface=veth2afa901,maximum,103916.0
2026-09-30T10:05:00+00:00,backend,CWAgent,net_bytes_recv,interface=veth2afa901,maximum,41576091.0
2026-09-30T10:06:00+00:00,backend,CWAgent,net_bytes_recv,interface=veth2afa901,maximum,301962390.0
2026-09-30T10:07:00+00:00,backend,CWAgent,net_bytes_recv,interface=veth2afa901,maximum,666374509.0
2026-09-30T10:08:00+00:00,backend,CWAgent,net_bytes_recv,interface=veth2afa901,maximum,677864104.0
2026-09-30T10:09:00+00:00,backend,CWAgent,net_bytes_recv,interface=veth2afa901,maximum,689121133.0
2026-09-30T10:10:00+00:00,backend,CWAgent,net_bytes_recv,interface=veth2afa901,maximum,643731768.0
2026-09-30T10:11:00+00:00,backend,CWAgent,net_bytes_recv,interface=veth2afa901,maximum,667152199.0
2026-09-30T10:12:00+00:00,backend,CWAgent,net_bytes_recv,interface=veth2afa901,maximum,649983166.0
2026-09-30T10:13:00+00:00,backend,CWAgent,net_bytes_recv,interface=veth2afa901,maximum,130799462.0
2026-09-30T10:14:00+00:00,backend,CWAgent,net_bytes_recv,interface=veth2afa901,maximum,90482.0
2026-09-30T10:15:00+00:00,backend,CWAgent,net_bytes_recv,interface=veth2afa901,maximum,1006.0
2026-09-30T10:02:00+00:00,backend,CWAgent,procstat_cpu_usage,exe=containerd;process_name=containerd-shim-runc-v2,average,0.03333533850228052
2026-09-30T10:03:00+00:00,backend,CWAgent,procstat_cpu_usage,exe=containerd;process_name=containerd-shim-runc-v2,average,0.04167128100137898
2026-09-30T10:04:00+00:00,backend,CWAgent,procstat_cpu_usage,exe=containerd;process_name=containerd-shim-runc-v2,average,0.025000229805445945
2026-09-30T10:05:00+00:00,backend,CWAgent,procstat_cpu_usage,exe=containerd;process_name=containerd-shim-runc-v2,average,0.04166642737832202
2026-09-30T10:06:00+00:00,backend,CWAgent,procstat_cpu_usage,exe=containerd;process_name=containerd-shim-runc-v2,average,0.08323523540540753
2026-09-30T10:07:00+00:00,backend,CWAgent,procstat_cpu_usage,exe=containerd;process_name=containerd-shim-runc-v2,average,0.06671288500741483
2026-09-30T10:08:00+00:00,backend,CWAgent,procstat_cpu_usage,exe=containerd;process_name=containerd-shim-runc-v2,average,0.041652060747479444
2026-09-30T10:09:00+00:00,backend,CWAgent,procstat_cpu_usage,exe=containerd;process_name=containerd-shim-runc-v2,average,0.033352940267352416
2026-09-30T10:10:00+00:00,backend,CWAgent,procstat_cpu_usage,exe=containerd;process_name=containerd-shim-runc-v2,average,0.0666418004474984
2026-09-30T10:11:00+00:00,backend,CWAgent,procstat_cpu_usage,exe=containerd;process_name=containerd-shim-runc-v2,average,0.06667600539996503
2026-09-30T10:12:00+00:00,backend,CWAgent,procstat_cpu_usage,exe=containerd;process_name=containerd-shim-runc-v2,average,0.06668512397861179
2026-09-30T10:13:00+00:00,backend,CWAgent,procstat_cpu_usage,exe=containerd;process_name=containerd-shim-runc-v2,average,0.03333498154038248
2026-09-30T10:14:00+00:00,backend,CWAgent,procstat_cpu_usage,exe=containerd;process_name=containerd-shim-runc-v2,average,0.041664463276137965
2026-09-30T10:15:00+00:00,backend,CWAgent,procstat_cpu_usage,exe=containerd;process_name=containerd-shim-runc-v2,average,0.03333459570529
2026-09-30T10:02:00+00:00,backend,CWAgent,procstat_cpu_usage,exe=containerd;process_name=containerd-shim-runc-v2,maximum,0.06667067700456104
2026-09-30T10:03:00+00:00,backend,CWAgent,procstat_cpu_usage,exe=containerd;process_name=containerd-shim-runc-v2,maximum,0.06667403425968704
2026-09-30T10:04:00+00:00,backend,CWAgent,procstat_cpu_usage,exe=containerd;process_name=containerd-shim-runc-v2,maximum,0.05000045961089189
2026-09-30T10:05:00+00:00,backend,CWAgent,procstat_cpu_usage,exe=containerd;process_name=containerd-shim-runc-v2,maximum,0.06666629320764769
2026-09-30T10:06:00+00:00,backend,CWAgent,procstat_cpu_usage,exe=containerd;process_name=containerd-shim-runc-v2,maximum,0.13318725027194966
2026-09-30T10:07:00+00:00,backend,CWAgent,procstat_cpu_usage,exe=containerd;process_name=containerd-shim-runc-v2,maximum,0.10006801210836291
2026-09-30T10:08:00+00:00,backend,CWAgent,procstat_cpu_usage,exe=containerd;process_name=containerd-shim-runc-v2,maximum,0.08330412149495889
2026-09-30T10:09:00+00:00,backend,CWAgent,procstat_cpu_usage,exe=containerd;process_name=containerd-shim-runc-v2,maximum,0.050035609146343404
2026-09-30T10:10:00+00:00,backend,CWAgent,procstat_cpu_usage,exe=containerd;process_name=containerd-shim-runc-v2,maximum,0.0999538984366783
2026-09-30T10:11:00+00:00,backend,CWAgent,procstat_cpu_usage,exe=containerd;process_name=containerd-shim-runc-v2,maximum,0.10002627763332547
2026-09-30T10:12:00+00:00,backend,CWAgent,procstat_cpu_usage,exe=containerd;process_name=containerd-shim-runc-v2,maximum,0.11668959140071793
2026-09-30T10:13:00+00:00,backend,CWAgent,procstat_cpu_usage,exe=containerd;process_name=containerd-shim-runc-v2,maximum,0.06666996308076496
2026-09-30T10:14:00+00:00,backend,CWAgent,procstat_cpu_usage,exe=containerd;process_name=containerd-shim-runc-v2,maximum,0.06666330471843794
2026-09-30T10:15:00+00:00,backend,CWAgent,procstat_cpu_usage,exe=containerd;process_name=containerd-shim-runc-v2,maximum,0.05000161784151213
2026-09-30T10:02:00+00:00,backend,CWAgent,net_bytes_sent,interface=br-47788c3d9ee4,average,6066241.0
2026-09-30T10:03:00+00:00,backend,CWAgent,net_bytes_sent,interface=br-47788c3d9ee4,average,5917.0
2026-09-30T10:04:00+00:00,backend,CWAgent,net_bytes_sent,interface=br-47788c3d9ee4,average,18272.0
2026-09-30T10:05:00+00:00,backend,CWAgent,net_bytes_sent,interface=br-47788c3d9ee4,average,6523235.0
2026-09-30T10:06:00+00:00,backend,CWAgent,net_bytes_sent,interface=br-47788c3d9ee4,average,13333868.0
2026-09-30T10:07:00+00:00,backend,CWAgent,net_bytes_sent,interface=br-47788c3d9ee4,average,8812300.0
2026-09-30T10:08:00+00:00,backend,CWAgent,net_bytes_sent,interface=br-47788c3d9ee4,average,9011692.0
2026-09-30T10:09:00+00:00,backend,CWAgent,net_bytes_sent,interface=br-47788c3d9ee4,average,9181595.0
2026-09-30T10:10:00+00:00,backend,CWAgent,net_bytes_sent,interface=br-47788c3d9ee4,average,8623965.0
2026-09-30T10:11:00+00:00,backend,CWAgent,net_bytes_sent,interface=br-47788c3d9ee4,average,8946064.0
2026-09-30T10:12:00+00:00,backend,CWAgent,net_bytes_sent,interface=br-47788c3d9ee4,average,8511174.0
2026-09-30T10:13:00+00:00,backend,CWAgent,net_bytes_sent,interface=br-47788c3d9ee4,average,5531733.0
2026-09-30T10:14:00+00:00,backend,CWAgent,net_bytes_sent,interface=br-47788c3d9ee4,average,160365.0
2026-09-30T10:15:00+00:00,backend,CWAgent,net_bytes_sent,interface=br-47788c3d9ee4,average,621.0
2026-09-30T10:02:00+00:00,backend,CWAgent,net_bytes_sent,interface=br-47788c3d9ee4,maximum,6066241.0
2026-09-30T10:03:00+00:00,backend,CWAgent,net_bytes_sent,interface=br-47788c3d9ee4,maximum,5917.0
2026-09-30T10:04:00+00:00,backend,CWAgent,net_bytes_sent,interface=br-47788c3d9ee4,maximum,18272.0
2026-09-30T10:05:00+00:00,backend,CWAgent,net_bytes_sent,interface=br-47788c3d9ee4,maximum,6523235.0
2026-09-30T10:06:00+00:00,backend,CWAgent,net_bytes_sent,interface=br-47788c3d9ee4,maximum,13333868.0
2026-09-30T10:07:00+00:00,backend,CWAgent,net_bytes_sent,interface=br-47788c3d9ee4,maximum,8812300.0
2026-09-30T10:08:00+00:00,backend,CWAgent,net_bytes_sent,interface=br-47788c3d9ee4,maximum,9011692.0
2026-09-30T10:09:00+00:00,backend,CWAgent,net_bytes_sent,interface=br-47788c3d9ee4,maximum,9181595.0
2026-09-30T10:10:00+00:00,backend,CWAgent,net_bytes_sent,interface=br-47788c3d9ee4,maximum,8623965.0
2026-09-30T10:11:00+00:00,backend,CWAgent,net_bytes_sent,interface=br-47788c3d9ee4,maximum,8946064.0
2026-09-30T10:12:00+00:00,backend,CWAgent,net_bytes_sent,interface=br-47788c3d9ee4,maximum,8511174.0
2026-09-30T10:13:00+00:00,backend,CWAgent,net_bytes_sent,interface=br-47788c3d9ee4,maximum,5531733.0
2026-09-30T10:14:00+00:00,backend,CWAgent,net_bytes_sent,interface=br-47788c3d9ee4,maximum,160365.0
2026-09-30T10:15:00+00:00,backend,CWAgent,net_bytes_sent,interface=br-47788c3d9ee4,maximum,621.0
2026-09-30T10:02:00+00:00,backend,CWAgent,net_bytes_recv,interface=veth2836f30,average,78695302.0
2026-09-30T10:03:00+00:00,backend,CWAgent,net_bytes_recv,interface=veth2836f30,average,0.0
2026-09-30T10:04:00+00:00,backend,CWAgent,net_bytes_recv,interface=veth2836f30,average,14157.0
2026-09-30T10:05:00+00:00,backend,CWAgent,net_bytes_recv,interface=veth2836f30,average,6323215.0
2026-09-30T10:06:00+00:00,backend,CWAgent,net_bytes_recv,interface=veth2836f30,average,69811216.0
2026-09-30T10:07:00+00:00,backend,CWAgent,net_bytes_recv,interface=veth2836f30,average,170133047.0
2026-09-30T10:08:00+00:00,backend,CWAgent,net_bytes_recv,interface=veth2836f30,average,172865044.0
2026-09-30T10:09:00+00:00,backend,CWAgent,net_bytes_recv,interface=veth2836f30,average,174736894.0
2026-09-30T10:10:00+00:00,backend,CWAgent,net_bytes_recv,interface=veth2836f30,average,164397536.0
2026-09-30T10:11:00+00:00,backend,CWAgent,net_bytes_recv,interface=veth2836f30,average,171152639.0
2026-09-30T10:12:00+00:00,backend,CWAgent,net_bytes_recv,interface=veth2836f30,average,165486462.0
2026-09-30T10:13:00+00:00,backend,CWAgent,net_bytes_recv,interface=veth2836f30,average,30498270.0
2026-09-30T10:14:00+00:00,backend,CWAgent,net_bytes_recv,interface=veth2836f30,average,0.0
2026-09-30T10:15:00+00:00,backend,CWAgent,net_bytes_recv,interface=veth2836f30,average,0.0
2026-09-30T10:02:00+00:00,backend,CWAgent,net_bytes_recv,interface=veth2836f30,maximum,78695302.0
2026-09-30T10:03:00+00:00,backend,CWAgent,net_bytes_recv,interface=veth2836f30,maximum,0.0
2026-09-30T10:04:00+00:00,backend,CWAgent,net_bytes_recv,interface=veth2836f30,maximum,14157.0
2026-09-30T10:05:00+00:00,backend,CWAgent,net_bytes_recv,interface=veth2836f30,maximum,6323215.0
2026-09-30T10:06:00+00:00,backend,CWAgent,net_bytes_recv,interface=veth2836f30,maximum,69811216.0
2026-09-30T10:07:00+00:00,backend,CWAgent,net_bytes_recv,interface=veth2836f30,maximum,170133047.0
2026-09-30T10:08:00+00:00,backend,CWAgent,net_bytes_recv,interface=veth2836f30,maximum,172865044.0
2026-09-30T10:09:00+00:00,backend,CWAgent,net_bytes_recv,interface=veth2836f30,maximum,174736894.0
2026-09-30T10:10:00+00:00,backend,CWAgent,net_bytes_recv,interface=veth2836f30,maximum,164397536.0
2026-09-30T10:11:00+00:00,backend,CWAgent,net_bytes_recv,interface=veth2836f30,maximum,171152639.0
2026-09-30T10:12:00+00:00,backend,CWAgent,net_bytes_recv,interface=veth2836f30,maximum,165486462.0
2026-09-30T10:13:00+00:00,backend,CWAgent,net_bytes_recv,interface=veth2836f30,maximum,30498270.0
2026-09-30T10:14:00+00:00,backend,CWAgent,net_bytes_recv,interface=veth2836f30,maximum,0.0
2026-09-30T10:15:00+00:00,backend,CWAgent,net_bytes_recv,interface=veth2836f30,maximum,0.0
2026-09-30T10:02:00+00:00,backend,CWAgent,net_bytes_recv,interface=br-47788c3d9ee4,average,22069485.0
2026-09-30T10:03:00+00:00,backend,CWAgent,net_bytes_recv,interface=br-47788c3d9ee4,average,2806.0
2026-09-30T10:04:00+00:00,backend,CWAgent,net_bytes_recv,interface=br-47788c3d9ee4,average,62660.0
2026-09-30T10:05:00+00:00,backend,CWAgent,net_bytes_recv,interface=br-47788c3d9ee4,average,24553494.0
2026-09-30T10:06:00+00:00,backend,CWAgent,net_bytes_recv,interface=br-47788c3d9ee4,average,49574037.0
2026-09-30T10:07:00+00:00,backend,CWAgent,net_bytes_recv,interface=br-47788c3d9ee4,average,34349926.0
2026-09-30T10:08:00+00:00,backend,CWAgent,net_bytes_recv,interface=br-47788c3d9ee4,average,35140258.0
2026-09-30T10:09:00+00:00,backend,CWAgent,net_bytes_recv,interface=br-47788c3d9ee4,average,35808188.0
2026-09-30T10:10:00+00:00,backend,CWAgent,net_bytes_recv,interface=br-47788c3d9ee4,average,33516658.0
2026-09-30T10:11:00+00:00,backend,CWAgent,net_bytes_recv,interface=br-47788c3d9ee4,average,34863515.0
2026-09-30T10:12:00+00:00,backend,CWAgent,net_bytes_recv,interface=br-47788c3d9ee4,average,33588597.0
2026-09-30T10:13:00+00:00,backend,CWAgent,net_bytes_recv,interface=br-47788c3d9ee4,average,20952410.0
2026-09-30T10:14:00+00:00,backend,CWAgent,net_bytes_recv,interface=br-47788c3d9ee4,average,71344.0
2026-09-30T10:15:00+00:00,backend,CWAgent,net_bytes_recv,interface=br-47788c3d9ee4,average,824.0
2026-09-30T10:02:00+00:00,backend,CWAgent,net_bytes_recv,interface=br-47788c3d9ee4,maximum,22069485.0
2026-09-30T10:03:00+00:00,backend,CWAgent,net_bytes_recv,interface=br-47788c3d9ee4,maximum,2806.0
2026-09-30T10:04:00+00:00,backend,CWAgent,net_bytes_recv,interface=br-47788c3d9ee4,maximum,62660.0
2026-09-30T10:05:00+00:00,backend,CWAgent,net_bytes_recv,interface=br-47788c3d9ee4,maximum,24553494.0
2026-09-30T10:06:00+00:00,backend,CWAgent,net_bytes_recv,interface=br-47788c3d9ee4,maximum,49574037.0
2026-09-30T10:07:00+00:00,backend,CWAgent,net_bytes_recv,interface=br-47788c3d9ee4,maximum,34349926.0
2026-09-30T10:08:00+00:00,backend,CWAgent,net_bytes_recv,interface=br-47788c3d9ee4,maximum,35140258.0
2026-09-30T10:09:00+00:00,backend,CWAgent,net_bytes_recv,interface=br-47788c3d9ee4,maximum,35808188.0
2026-09-30T10:10:00+00:00,backend,CWAgent,net_bytes_recv,interface=br-47788c3d9ee4,maximum,33516658.0
2026-09-30T10:11:00+00:00,backend,CWAgent,net_bytes_recv,interface=br-47788c3d9ee4,maximum,34863515.0
2026-09-30T10:12:00+00:00,backend,CWAgent,net_bytes_recv,interface=br-47788c3d9ee4,maximum,33588597.0
2026-09-30T10:13:00+00:00,backend,CWAgent,net_bytes_recv,interface=br-47788c3d9ee4,maximum,20952410.0
2026-09-30T10:14:00+00:00,backend,CWAgent,net_bytes_recv,interface=br-47788c3d9ee4,maximum,71344.0
2026-09-30T10:15:00+00:00,backend,CWAgent,net_bytes_recv,interface=br-47788c3d9ee4,maximum,824.0
2026-09-30T10:02:00+00:00,backend,CWAgent,procstat_memory_rss,exe=redis-server;process_name=redis-server,average,10178560.0
2026-09-30T10:03:00+00:00,backend,CWAgent,procstat_memory_rss,exe=redis-server;process_name=redis-server,average,7995392.0
2026-09-30T10:04:00+00:00,backend,CWAgent,procstat_memory_rss,exe=redis-server;process_name=redis-server,average,7004160.0
2026-09-30T10:05:00+00:00,backend,CWAgent,procstat_memory_rss,exe=redis-server;process_name=redis-server,average,7286784.0
2026-09-30T10:06:00+00:00,backend,CWAgent,procstat_memory_rss,exe=redis-server;process_name=redis-server,average,6201344.0
2026-09-30T10:07:00+00:00,backend,CWAgent,procstat_memory_rss,exe=redis-server;process_name=redis-server,average,7856128.0
2026-09-30T10:08:00+00:00,backend,CWAgent,procstat_memory_rss,exe=redis-server;process_name=redis-server,average,7663616.0
2026-09-30T10:09:00+00:00,backend,CWAgent,procstat_memory_rss,exe=redis-server;process_name=redis-server,average,7585792.0
2026-09-30T10:10:00+00:00,backend,CWAgent,procstat_memory_rss,exe=redis-server;process_name=redis-server,average,7421952.0
2026-09-30T10:11:00+00:00,backend,CWAgent,procstat_memory_rss,exe=redis-server;process_name=redis-server,average,7385088.0
2026-09-30T10:12:00+00:00,backend,CWAgent,procstat_memory_rss,exe=redis-server;process_name=redis-server,average,7438336.0
2026-09-30T10:13:00+00:00,backend,CWAgent,procstat_memory_rss,exe=redis-server;process_name=redis-server,average,7430144.0
2026-09-30T10:14:00+00:00,backend,CWAgent,procstat_memory_rss,exe=redis-server;process_name=redis-server,average,5869568.0
2026-09-30T10:15:00+00:00,backend,CWAgent,procstat_memory_rss,exe=redis-server;process_name=redis-server,average,5521408.0
2026-09-30T10:02:00+00:00,backend,CWAgent,procstat_memory_rss,exe=redis-server;process_name=redis-server,maximum,10178560.0
2026-09-30T10:03:00+00:00,backend,CWAgent,procstat_memory_rss,exe=redis-server;process_name=redis-server,maximum,7995392.0
2026-09-30T10:04:00+00:00,backend,CWAgent,procstat_memory_rss,exe=redis-server;process_name=redis-server,maximum,7004160.0
2026-09-30T10:05:00+00:00,backend,CWAgent,procstat_memory_rss,exe=redis-server;process_name=redis-server,maximum,7286784.0
2026-09-30T10:06:00+00:00,backend,CWAgent,procstat_memory_rss,exe=redis-server;process_name=redis-server,maximum,6201344.0
2026-09-30T10:07:00+00:00,backend,CWAgent,procstat_memory_rss,exe=redis-server;process_name=redis-server,maximum,7856128.0
2026-09-30T10:08:00+00:00,backend,CWAgent,procstat_memory_rss,exe=redis-server;process_name=redis-server,maximum,7663616.0
2026-09-30T10:09:00+00:00,backend,CWAgent,procstat_memory_rss,exe=redis-server;process_name=redis-server,maximum,7585792.0
2026-09-30T10:10:00+00:00,backend,CWAgent,procstat_memory_rss,exe=redis-server;process_name=redis-server,maximum,7421952.0
2026-09-30T10:11:00+00:00,backend,CWAgent,procstat_memory_rss,exe=redis-server;process_name=redis-server,maximum,7385088.0
2026-09-30T10:12:00+00:00,backend,CWAgent,procstat_memory_rss,exe=redis-server;process_name=redis-server,maximum,7438336.0
2026-09-30T10:13:00+00:00,backend,CWAgent,procstat_memory_rss,exe=redis-server;process_name=redis-server,maximum,7430144.0
2026-09-30T10:14:00+00:00,backend,CWAgent,procstat_memory_rss,exe=redis-server;process_name=redis-server,maximum,5869568.0
2026-09-30T10:15:00+00:00,backend,CWAgent,procstat_memory_rss,exe=redis-server;process_name=redis-server,maximum,5521408.0
2026-09-30T10:02:00+00:00,backend,CWAgent,net_bytes_sent,interface=veth2afa901,average,84761543.0
2026-09-30T10:03:00+00:00,backend,CWAgent,net_bytes_sent,interface=veth2afa901,average,5917.0
2026-09-30T10:04:00+00:00,backend,CWAgent,net_bytes_sent,interface=veth2afa901,average,32429.0
2026-09-30T10:05:00+00:00,backend,CWAgent,net_bytes_sent,interface=veth2afa901,average,12846450.0
2026-09-30T10:06:00+00:00,backend,CWAgent,net_bytes_sent,interface=veth2afa901,average,83145084.0
2026-09-30T10:07:00+00:00,backend,CWAgent,net_bytes_sent,interface=veth2afa901,average,178945347.0
2026-09-30T10:08:00+00:00,backend,CWAgent,net_bytes_sent,interface=veth2afa901,average,181876736.0
2026-09-30T10:09:00+00:00,backend,CWAgent,net_bytes_sent,interface=veth2afa901,average,183918489.0
2026-09-30T10:10:00+00:00,backend,CWAgent,net_bytes_sent,interface=veth2afa901,average,173021501.0
2026-09-30T10:11:00+00:00,backend,CWAgent,net_bytes_sent,interface=veth2afa901,average,180098703.0
2026-09-30T10:12:00+00:00,backend,CWAgent,net_bytes_sent,interface=veth2afa901,average,173997636.0
2026-09-30T10:13:00+00:00,backend,CWAgent,net_bytes_sent,interface=veth2afa901,average,36030003.0
2026-09-30T10:14:00+00:00,backend,CWAgent,net_bytes_sent,interface=veth2afa901,average,160365.0
2026-09-30T10:15:00+00:00,backend,CWAgent,net_bytes_sent,interface=veth2afa901,average,691.0
2026-09-30T10:02:00+00:00,backend,CWAgent,net_bytes_sent,interface=veth2afa901,maximum,84761543.0
2026-09-30T10:03:00+00:00,backend,CWAgent,net_bytes_sent,interface=veth2afa901,maximum,5917.0
2026-09-30T10:04:00+00:00,backend,CWAgent,net_bytes_sent,interface=veth2afa901,maximum,32429.0
2026-09-30T10:05:00+00:00,backend,CWAgent,net_bytes_sent,interface=veth2afa901,maximum,12846450.0
2026-09-30T10:06:00+00:00,backend,CWAgent,net_bytes_sent,interface=veth2afa901,maximum,83145084.0
2026-09-30T10:07:00+00:00,backend,CWAgent,net_bytes_sent,interface=veth2afa901,maximum,178945347.0
2026-09-30T10:08:00+00:00,backend,CWAgent,net_bytes_sent,interface=veth2afa901,maximum,181876736.0
2026-09-30T10:09:00+00:00,backend,CWAgent,net_bytes_sent,interface=veth2afa901,maximum,183918489.0
2026-09-30T10:10:00+00:00,backend,CWAgent,net_bytes_sent,interface=veth2afa901,maximum,173021501.0
2026-09-30T10:11:00+00:00,backend,CWAgent,net_bytes_sent,interface=veth2afa901,maximum,180098703.0
2026-09-30T10:12:00+00:00,backend,CWAgent,net_bytes_sent,interface=veth2afa901,maximum,173997636.0
2026-09-30T10:13:00+00:00,backend,CWAgent,net_bytes_sent,interface=veth2afa901,maximum,36030003.0
2026-09-30T10:14:00+00:00,backend,CWAgent,net_bytes_sent,interface=veth2afa901,maximum,160365.0
2026-09-30T10:15:00+00:00,backend,CWAgent,net_bytes_sent,interface=veth2afa901,maximum,691.0
2026-09-30T10:02:00+00:00,backend,CWAgent,procstat_cpu_usage,exe=java;process_name=java,average,73.73125996059088
2026-09-30T10:03:00+00:00,backend,CWAgent,procstat_cpu_usage,exe=java;process_name=java,average,0.45022058511792395
2026-09-30T10:04:00+00:00,backend,CWAgent,procstat_cpu_usage,exe=java;process_name=java,average,0.3000020283734414
2026-09-30T10:05:00+00:00,backend,CWAgent,procstat_cpu_usage,exe=java;process_name=java,average,26.891539019613464
2026-09-30T10:06:00+00:00,backend,CWAgent,procstat_cpu_usage,exe=java;process_name=java,average,90.28953589867577
2026-09-30T10:07:00+00:00,backend,CWAgent,procstat_cpu_usage,exe=java;process_name=java,average,138.14395002685558
2026-09-30T10:08:00+00:00,backend,CWAgent,procstat_cpu_usage,exe=java;process_name=java,average,142.40990015959224
2026-09-30T10:09:00+00:00,backend,CWAgent,procstat_cpu_usage,exe=java;process_name=java,average,144.87872713776088
2026-09-30T10:10:00+00:00,backend,CWAgent,procstat_cpu_usage,exe=java;process_name=java,average,139.53487454486032
2026-09-30T10:11:00+00:00,backend,CWAgent,procstat_cpu_usage,exe=java;process_name=java,average,141.66538332816322
2026-09-30T10:12:00+00:00,backend,CWAgent,procstat_cpu_usage,exe=java;process_name=java,average,138.32915228372013
2026-09-30T10:13:00+00:00,backend,CWAgent,procstat_cpu_usage,exe=java;process_name=java,average,37.81801906234916
2026-09-30T10:14:00+00:00,backend,CWAgent,procstat_cpu_usage,exe=java;process_name=java,average,0.4166550826349435
2026-09-30T10:15:00+00:00,backend,CWAgent,procstat_cpu_usage,exe=java;process_name=java,average,0.2666673875572618
2026-09-30T10:02:00+00:00,backend,CWAgent,procstat_cpu_usage,exe=java;process_name=java,maximum,73.73125996059088
2026-09-30T10:03:00+00:00,backend,CWAgent,procstat_cpu_usage,exe=java;process_name=java,maximum,0.45022058511792395
2026-09-30T10:04:00+00:00,backend,CWAgent,procstat_cpu_usage,exe=java;process_name=java,maximum,0.3000020283734414
2026-09-30T10:05:00+00:00,backend,CWAgent,procstat_cpu_usage,exe=java;process_name=java,maximum,26.891539019613464
2026-09-30T10:06:00+00:00,backend,CWAgent,procstat_cpu_usage,exe=java;process_name=java,maximum,90.28953589867577
2026-09-30T10:07:00+00:00,backend,CWAgent,procstat_cpu_usage,exe=java;process_name=java,maximum,138.14395002685558
2026-09-30T10:08:00+00:00,backend,CWAgent,procstat_cpu_usage,exe=java;process_name=java,maximum,142.40990015959224
2026-09-30T10:09:00+00:00,backend,CWAgent,procstat_cpu_usage,exe=java;process_name=java,maximum,144.87872713776088
2026-09-30T10:10:00+00:00,backend,CWAgent,procstat_cpu_usage,exe=java;process_name=java,maximum,139.53487454486032
2026-09-30T10:11:00+00:00,backend,CWAgent,procstat_cpu_usage,exe=java;process_name=java,maximum,141.66538332816322
2026-09-30T10:12:00+00:00,backend,CWAgent,procstat_cpu_usage,exe=java;process_name=java,maximum,138.32915228372013
2026-09-30T10:13:00+00:00,backend,CWAgent,procstat_cpu_usage,exe=java;process_name=java,maximum,37.81801906234916
2026-09-30T10:14:00+00:00,backend,CWAgent,procstat_cpu_usage,exe=java;process_name=java,maximum,0.4166550826349435
2026-09-30T10:15:00+00:00,backend,CWAgent,procstat_cpu_usage,exe=java;process_name=java,maximum,0.2666673875572618
2026-09-30T10:02:00+00:00,backend,CWAgent,procstat_memory_rss,exe=containerd;process_name=containerd-shim-runc-v2,average,6750208.0
2026-09-30T10:03:00+00:00,backend,CWAgent,procstat_memory_rss,exe=containerd;process_name=containerd-shim-runc-v2,average,6797312.0
2026-09-30T10:04:00+00:00,backend,CWAgent,procstat_memory_rss,exe=containerd;process_name=containerd-shim-runc-v2,average,7055360.0
2026-09-30T10:05:00+00:00,backend,CWAgent,procstat_memory_rss,exe=containerd;process_name=containerd-shim-runc-v2,average,7008256.0
2026-09-30T10:06:00+00:00,backend,CWAgent,procstat_memory_rss,exe=containerd;process_name=containerd-shim-runc-v2,average,8501248.0
2026-09-30T10:07:00+00:00,backend,CWAgent,procstat_memory_rss,exe=containerd;process_name=containerd-shim-runc-v2,average,6449152.0
2026-09-30T10:08:00+00:00,backend,CWAgent,procstat_memory_rss,exe=containerd;process_name=containerd-shim-runc-v2,average,6557696.0
2026-09-30T10:09:00+00:00,backend,CWAgent,procstat_memory_rss,exe=containerd;process_name=containerd-shim-runc-v2,average,6490112.0
2026-09-30T10:10:00+00:00,backend,CWAgent,procstat_memory_rss,exe=containerd;process_name=containerd-shim-runc-v2,average,6350848.0
2026-09-30T10:11:00+00:00,backend,CWAgent,procstat_memory_rss,exe=containerd;process_name=containerd-shim-runc-v2,average,6342656.0
2026-09-30T10:12:00+00:00,backend,CWAgent,procstat_memory_rss,exe=containerd;process_name=containerd-shim-runc-v2,average,6504448.0
2026-09-30T10:13:00+00:00,backend,CWAgent,procstat_memory_rss,exe=containerd;process_name=containerd-shim-runc-v2,average,6641664.0
2026-09-30T10:14:00+00:00,backend,CWAgent,procstat_memory_rss,exe=containerd;process_name=containerd-shim-runc-v2,average,6594560.0
2026-09-30T10:15:00+00:00,backend,CWAgent,procstat_memory_rss,exe=containerd;process_name=containerd-shim-runc-v2,average,6680576.0
2026-09-30T10:02:00+00:00,backend,CWAgent,procstat_memory_rss,exe=containerd;process_name=containerd-shim-runc-v2,maximum,7913472.0
2026-09-30T10:03:00+00:00,backend,CWAgent,procstat_memory_rss,exe=containerd;process_name=containerd-shim-runc-v2,maximum,8003584.0
2026-09-30T10:04:00+00:00,backend,CWAgent,procstat_memory_rss,exe=containerd;process_name=containerd-shim-runc-v2,maximum,8458240.0
2026-09-30T10:05:00+00:00,backend,CWAgent,procstat_memory_rss,exe=containerd;process_name=containerd-shim-runc-v2,maximum,8364032.0
2026-09-30T10:06:00+00:00,backend,CWAgent,procstat_memory_rss,exe=containerd;process_name=containerd-shim-runc-v2,maximum,10780672.0
2026-09-30T10:07:00+00:00,backend,CWAgent,procstat_memory_rss,exe=containerd;process_name=containerd-shim-runc-v2,maximum,7745536.0
2026-09-30T10:08:00+00:00,backend,CWAgent,procstat_memory_rss,exe=containerd;process_name=containerd-shim-runc-v2,maximum,7938048.0
2026-09-30T10:09:00+00:00,backend,CWAgent,procstat_memory_rss,exe=containerd;process_name=containerd-shim-runc-v2,maximum,7827456.0
2026-09-30T10:10:00+00:00,backend,CWAgent,procstat_memory_rss,exe=containerd;process_name=containerd-shim-runc-v2,maximum,7610368.0
2026-09-30T10:11:00+00:00,backend,CWAgent,procstat_memory_rss,exe=containerd;process_name=containerd-shim-runc-v2,maximum,7663616.0
2026-09-30T10:12:00+00:00,backend,CWAgent,procstat_memory_rss,exe=containerd;process_name=containerd-shim-runc-v2,maximum,7942144.0
2026-09-30T10:13:00+00:00,backend,CWAgent,procstat_memory_rss,exe=containerd;process_name=containerd-shim-runc-v2,maximum,8216576.0
2026-09-30T10:14:00+00:00,backend,CWAgent,procstat_memory_rss,exe=containerd;process_name=containerd-shim-runc-v2,maximum,8110080.0
2026-09-30T10:15:00+00:00,backend,CWAgent,procstat_memory_rss,exe=containerd;process_name=containerd-shim-runc-v2,maximum,8282112.0
2026-09-30T10:02:00+00:00,backend,CWAgent,net_bytes_sent,interface=veth2836f30,average,288793486.0
2026-09-30T10:03:00+00:00,backend,CWAgent,net_bytes_sent,interface=veth2836f30,average,0.0
2026-09-30T10:04:00+00:00,backend,CWAgent,net_bytes_sent,interface=veth2836f30,average,38302.0
2026-09-30T10:05:00+00:00,backend,CWAgent,net_bytes_sent,interface=veth2836f30,average,16200643.0
2026-09-30T10:06:00+00:00,backend,CWAgent,net_bytes_sent,interface=veth2836f30,average,250739587.0
2026-09-30T10:07:00+00:00,backend,CWAgent,net_bytes_sent,interface=veth2836f30,average,630789797.0
2026-09-30T10:08:00+00:00,backend,CWAgent,net_bytes_sent,interface=veth2836f30,average,641468480.0
2026-09-30T10:09:00+00:00,backend,CWAgent,net_bytes_sent,interface=veth2836f30,average,652033443.0
2026-09-30T10:10:00+00:00,backend,CWAgent,net_bytes_sent,interface=veth2836f30,average,609011838.0
2026-09-30T10:11:00+00:00,backend,CWAgent,net_bytes_sent,interface=veth2836f30,average,631039702.0
2026-09-30T10:12:00+00:00,backend,CWAgent,net_bytes_sent,interface=veth2836f30,average,615189085.0
2026-09-30T10:13:00+00:00,backend,CWAgent,net_bytes_sent,interface=veth2836f30,average,109070164.0
2026-09-30T10:14:00+00:00,backend,CWAgent,net_bytes_sent,interface=veth2836f30,average,0.0
2026-09-30T10:15:00+00:00,backend,CWAgent,net_bytes_sent,interface=veth2836f30,average,0.0
2026-09-30T10:02:00+00:00,backend,CWAgent,net_bytes_sent,interface=veth2836f30,maximum,288793486.0
2026-09-30T10:03:00+00:00,backend,CWAgent,net_bytes_sent,interface=veth2836f30,maximum,0.0
2026-09-30T10:04:00+00:00,backend,CWAgent,net_bytes_sent,interface=veth2836f30,maximum,38302.0
2026-09-30T10:05:00+00:00,backend,CWAgent,net_bytes_sent,interface=veth2836f30,maximum,16200643.0
2026-09-30T10:06:00+00:00,backend,CWAgent,net_bytes_sent,interface=veth2836f30,maximum,250739587.0
2026-09-30T10:07:00+00:00,backend,CWAgent,net_bytes_sent,interface=veth2836f30,maximum,630789797.0
2026-09-30T10:08:00+00:00,backend,CWAgent,net_bytes_sent,interface=veth2836f30,maximum,641468480.0
2026-09-30T10:09:00+00:00,backend,CWAgent,net_bytes_sent,interface=veth2836f30,maximum,652033443.0
2026-09-30T10:10:00+00:00,backend,CWAgent,net_bytes_sent,interface=veth2836f30,maximum,609011838.0
2026-09-30T10:11:00+00:00,backend,CWAgent,net_bytes_sent,interface=veth2836f30,maximum,631039702.0
2026-09-30T10:12:00+00:00,backend,CWAgent,net_bytes_sent,interface=veth2836f30,maximum,615189085.0
2026-09-30T10:13:00+00:00,backend,CWAgent,net_bytes_sent,interface=veth2836f30,maximum,109070164.0
2026-09-30T10:14:00+00:00,backend,CWAgent,net_bytes_sent,interface=veth2836f30,maximum,0.0
2026-09-30T10:15:00+00:00,backend,CWAgent,net_bytes_sent,interface=veth2836f30,maximum,0.0
2026-09-30T10:02:00+00:00,backend,AWS/EC2,CPUUtilization,,average,56.41858141858141
2026-09-30T10:03:00+00:00,backend,AWS/EC2,CPUUtilization,,average,1.7100433767100434
2026-09-30T10:04:00+00:00,backend,AWS/EC2,CPUUtilization,,average,1.4069498326645467
2026-09-30T10:05:00+00:00,backend,AWS/EC2,CPUUtilization,,average,18.625
2026-09-30T10:06:00+00:00,backend,AWS/EC2,CPUUtilization,,average,57.949999999999996
2026-09-30T10:07:00+00:00,backend,AWS/EC2,CPUUtilization,,average,91.60674663419029
2026-09-30T10:08:00+00:00,backend,AWS/EC2,CPUUtilization,,average,94.08248555587006
2026-09-30T10:09:00+00:00,backend,AWS/EC2,CPUUtilization,,average,94.975
2026-09-30T10:10:00+00:00,backend,AWS/EC2,CPUUtilization,,average,91.29810980797784
2026-09-30T10:11:00+00:00,backend,AWS/EC2,CPUUtilization,,average,93.03351704157578
2026-09-30T10:12:00+00:00,backend,AWS/EC2,CPUUtilization,,average,90.33865537815406
2026-09-30T10:13:00+00:00,backend,AWS/EC2,CPUUtilization,,average,35.227481272627166
2026-09-30T10:14:00+00:00,backend,AWS/EC2,CPUUtilization,,average,1.8499999999999999
2026-09-30T10:15:00+00:00,backend,AWS/EC2,CPUUtilization,,average,1.4749999999999999
2026-09-30T10:02:00+00:00,backend,AWS/EC2,CPUUtilization,,maximum,56.41858141858141
2026-09-30T10:03:00+00:00,backend,AWS/EC2,CPUUtilization,,maximum,1.7100433767100434
2026-09-30T10:04:00+00:00,backend,AWS/EC2,CPUUtilization,,maximum,1.4069498326645467
2026-09-30T10:05:00+00:00,backend,AWS/EC2,CPUUtilization,,maximum,18.625
2026-09-30T10:06:00+00:00,backend,AWS/EC2,CPUUtilization,,maximum,57.949999999999996
2026-09-30T10:07:00+00:00,backend,AWS/EC2,CPUUtilization,,maximum,91.60674663419029
2026-09-30T10:08:00+00:00,backend,AWS/EC2,CPUUtilization,,maximum,94.08248555587006
2026-09-30T10:09:00+00:00,backend,AWS/EC2,CPUUtilization,,maximum,94.975
2026-09-30T10:10:00+00:00,backend,AWS/EC2,CPUUtilization,,maximum,91.29810980797784
2026-09-30T10:11:00+00:00,backend,AWS/EC2,CPUUtilization,,maximum,93.03351704157578
2026-09-30T10:12:00+00:00,backend,AWS/EC2,CPUUtilization,,maximum,90.33865537815406
2026-09-30T10:13:00+00:00,backend,AWS/EC2,CPUUtilization,,maximum,35.227481272627166
2026-09-30T10:14:00+00:00,backend,AWS/EC2,CPUUtilization,,maximum,1.8499999999999999
2026-09-30T10:15:00+00:00,backend,AWS/EC2,CPUUtilization,,maximum,1.4749999999999999
2026-09-30T10:02:00+00:00,backend,AWS/EC2,EBSWriteBytes,,average,5111808.0
2026-09-30T10:03:00+00:00,backend,AWS/EC2,EBSWriteBytes,,average,8642560.0
2026-09-30T10:04:00+00:00,backend,AWS/EC2,EBSWriteBytes,,average,184320.0
2026-09-30T10:05:00+00:00,backend,AWS/EC2,EBSWriteBytes,,average,917504.0
2026-09-30T10:06:00+00:00,backend,AWS/EC2,EBSWriteBytes,,average,2883584.0
2026-09-30T10:07:00+00:00,backend,AWS/EC2,EBSWriteBytes,,average,190001152.0
2026-09-30T10:08:00+00:00,backend,AWS/EC2,EBSWriteBytes,,average,8097792.0
2026-09-30T10:09:00+00:00,backend,AWS/EC2,EBSWriteBytes,,average,12722176.0
2026-09-30T10:10:00+00:00,backend,AWS/EC2,EBSWriteBytes,,average,8605696.0
2026-09-30T10:11:00+00:00,backend,AWS/EC2,EBSWriteBytes,,average,12066816.0
2026-09-30T10:12:00+00:00,backend,AWS/EC2,EBSWriteBytes,,average,9883648.0
2026-09-30T10:13:00+00:00,backend,AWS/EC2,EBSWriteBytes,,average,3063808.0
2026-09-30T10:14:00+00:00,backend,AWS/EC2,EBSWriteBytes,,average,1236992.0
2026-09-30T10:15:00+00:00,backend,AWS/EC2,EBSWriteBytes,,average,180224.0
2026-09-30T10:02:00+00:00,backend,AWS/EC2,EBSWriteBytes,,maximum,5111808.0
2026-09-30T10:03:00+00:00,backend,AWS/EC2,EBSWriteBytes,,maximum,8642560.0
2026-09-30T10:04:00+00:00,backend,AWS/EC2,EBSWriteBytes,,maximum,184320.0
2026-09-30T10:05:00+00:00,backend,AWS/EC2,EBSWriteBytes,,maximum,917504.0
2026-09-30T10:06:00+00:00,backend,AWS/EC2,EBSWriteBytes,,maximum,2883584.0
2026-09-30T10:07:00+00:00,backend,AWS/EC2,EBSWriteBytes,,maximum,190001152.0
2026-09-30T10:08:00+00:00,backend,AWS/EC2,EBSWriteBytes,,maximum,8097792.0
2026-09-30T10:09:00+00:00,backend,AWS/EC2,EBSWriteBytes,,maximum,12722176.0
2026-09-30T10:10:00+00:00,backend,AWS/EC2,EBSWriteBytes,,maximum,8605696.0
2026-09-30T10:11:00+00:00,backend,AWS/EC2,EBSWriteBytes,,maximum,12066816.0
2026-09-30T10:12:00+00:00,backend,AWS/EC2,EBSWriteBytes,,maximum,9883648.0
2026-09-30T10:13:00+00:00,backend,AWS/EC2,EBSWriteBytes,,maximum,3063808.0
2026-09-30T10:14:00+00:00,backend,AWS/EC2,EBSWriteBytes,,maximum,1236992.0
2026-09-30T10:15:00+00:00,backend,AWS/EC2,EBSWriteBytes,,maximum,180224.0
2026-09-30T10:02:00+00:00,backend,AWS/EC2,EBSReadOps,,average,2565.0
2026-09-30T10:03:00+00:00,backend,AWS/EC2,EBSReadOps,,average,2882.0
2026-09-30T10:04:00+00:00,backend,AWS/EC2,EBSReadOps,,average,317.0
2026-09-30T10:05:00+00:00,backend,AWS/EC2,EBSReadOps,,average,1725.0
2026-09-30T10:06:00+00:00,backend,AWS/EC2,EBSReadOps,,average,447.0
2026-09-30T10:07:00+00:00,backend,AWS/EC2,EBSReadOps,,average,29715.0
2026-09-30T10:08:00+00:00,backend,AWS/EC2,EBSReadOps,,average,2844.0
2026-09-30T10:09:00+00:00,backend,AWS/EC2,EBSReadOps,,average,3555.0
2026-09-30T10:10:00+00:00,backend,AWS/EC2,EBSReadOps,,average,1539.0
2026-09-30T10:11:00+00:00,backend,AWS/EC2,EBSReadOps,,average,9319.0
2026-09-30T10:12:00+00:00,backend,AWS/EC2,EBSReadOps,,average,2126.0
2026-09-30T10:13:00+00:00,backend,AWS/EC2,EBSReadOps,,average,999.0
2026-09-30T10:14:00+00:00,backend,AWS/EC2,EBSReadOps,,average,205.0
2026-09-30T10:15:00+00:00,backend,AWS/EC2,EBSReadOps,,average,212.0
2026-09-30T10:02:00+00:00,backend,AWS/EC2,EBSReadOps,,maximum,2565.0
2026-09-30T10:03:00+00:00,backend,AWS/EC2,EBSReadOps,,maximum,2882.0
2026-09-30T10:04:00+00:00,backend,AWS/EC2,EBSReadOps,,maximum,317.0
2026-09-30T10:05:00+00:00,backend,AWS/EC2,EBSReadOps,,maximum,1725.0
2026-09-30T10:06:00+00:00,backend,AWS/EC2,EBSReadOps,,maximum,447.0
2026-09-30T10:07:00+00:00,backend,AWS/EC2,EBSReadOps,,maximum,29715.0
2026-09-30T10:08:00+00:00,backend,AWS/EC2,EBSReadOps,,maximum,2844.0
2026-09-30T10:09:00+00:00,backend,AWS/EC2,EBSReadOps,,maximum,3555.0
2026-09-30T10:10:00+00:00,backend,AWS/EC2,EBSReadOps,,maximum,1539.0
2026-09-30T10:11:00+00:00,backend,AWS/EC2,EBSReadOps,,maximum,9319.0
2026-09-30T10:12:00+00:00,backend,AWS/EC2,EBSReadOps,,maximum,2126.0
2026-09-30T10:13:00+00:00,backend,AWS/EC2,EBSReadOps,,maximum,999.0
2026-09-30T10:14:00+00:00,backend,AWS/EC2,EBSReadOps,,maximum,205.0
2026-09-30T10:15:00+00:00,backend,AWS/EC2,EBSReadOps,,maximum,212.0
2026-09-30T10:02:00+00:00,backend,AWS/EC2,EBSWriteOps,,average,456.0
2026-09-30T10:03:00+00:00,backend,AWS/EC2,EBSWriteOps,,average,526.0
2026-09-30T10:04:00+00:00,backend,AWS/EC2,EBSWriteOps,,average,31.0
2026-09-30T10:05:00+00:00,backend,AWS/EC2,EBSWriteOps,,average,158.0
2026-09-30T10:06:00+00:00,backend,AWS/EC2,EBSWriteOps,,average,143.0
2026-09-30T10:07:00+00:00,backend,AWS/EC2,EBSWriteOps,,average,8266.0
2026-09-30T10:08:00+00:00,backend,AWS/EC2,EBSWriteOps,,average,1193.0
2026-09-30T10:09:00+00:00,backend,AWS/EC2,EBSWriteOps,,average,879.0
2026-09-30T10:10:00+00:00,backend,AWS/EC2,EBSWriteOps,,average,302.0
2026-09-30T10:11:00+00:00,backend,AWS/EC2,EBSWriteOps,,average,334.0
2026-09-30T10:12:00+00:00,backend,AWS/EC2,EBSWriteOps,,average,760.0
2026-09-30T10:13:00+00:00,backend,AWS/EC2,EBSWriteOps,,average,144.0
2026-09-30T10:14:00+00:00,backend,AWS/EC2,EBSWriteOps,,average,55.0
2026-09-30T10:15:00+00:00,backend,AWS/EC2,EBSWriteOps,,average,33.0
2026-09-30T10:02:00+00:00,backend,AWS/EC2,EBSWriteOps,,maximum,456.0
2026-09-30T10:03:00+00:00,backend,AWS/EC2,EBSWriteOps,,maximum,526.0
2026-09-30T10:04:00+00:00,backend,AWS/EC2,EBSWriteOps,,maximum,31.0
2026-09-30T10:05:00+00:00,backend,AWS/EC2,EBSWriteOps,,maximum,158.0
2026-09-30T10:06:00+00:00,backend,AWS/EC2,EBSWriteOps,,maximum,143.0
2026-09-30T10:07:00+00:00,backend,AWS/EC2,EBSWriteOps,,maximum,8266.0
2026-09-30T10:08:00+00:00,backend,AWS/EC2,EBSWriteOps,,maximum,1193.0
2026-09-30T10:09:00+00:00,backend,AWS/EC2,EBSWriteOps,,maximum,879.0
2026-09-30T10:10:00+00:00,backend,AWS/EC2,EBSWriteOps,,maximum,302.0
2026-09-30T10:11:00+00:00,backend,AWS/EC2,EBSWriteOps,,maximum,334.0
2026-09-30T10:12:00+00:00,backend,AWS/EC2,EBSWriteOps,,maximum,760.0
2026-09-30T10:13:00+00:00,backend,AWS/EC2,EBSWriteOps,,maximum,144.0
2026-09-30T10:14:00+00:00,backend,AWS/EC2,EBSWriteOps,,maximum,55.0
2026-09-30T10:15:00+00:00,backend,AWS/EC2,EBSWriteOps,,maximum,33.0
2026-09-30T10:02:00+00:00,backend,AWS/EC2,EBSReadBytes,,average,24481792.0
2026-09-30T10:03:00+00:00,backend,AWS/EC2,EBSReadBytes,,average,30756864.0
2026-09-30T10:04:00+00:00,backend,AWS/EC2,EBSReadBytes,,average,3178496.0
2026-09-30T10:05:00+00:00,backend,AWS/EC2,EBSReadBytes,,average,47620096.0
2026-09-30T10:06:00+00:00,backend,AWS/EC2,EBSReadBytes,,average,3710976.0
2026-09-30T10:07:00+00:00,backend,AWS/EC2,EBSReadBytes,,average,414564352.0
2026-09-30T10:08:00+00:00,backend,AWS/EC2,EBSReadBytes,,average,40157184.0
2026-09-30T10:09:00+00:00,backend,AWS/EC2,EBSReadBytes,,average,37142528.0
2026-09-30T10:10:00+00:00,backend,AWS/EC2,EBSReadBytes,,average,24104960.0
2026-09-30T10:11:00+00:00,backend,AWS/EC2,EBSReadBytes,,average,58331136.0
2026-09-30T10:12:00+00:00,backend,AWS/EC2,EBSReadBytes,,average,35127296.0
2026-09-30T10:13:00+00:00,backend,AWS/EC2,EBSReadBytes,,average,13574144.0
2026-09-30T10:14:00+00:00,backend,AWS/EC2,EBSReadBytes,,average,2543616.0
2026-09-30T10:15:00+00:00,backend,AWS/EC2,EBSReadBytes,,average,1961984.0
2026-09-30T10:02:00+00:00,backend,AWS/EC2,EBSReadBytes,,maximum,24481792.0
2026-09-30T10:03:00+00:00,backend,AWS/EC2,EBSReadBytes,,maximum,30756864.0
2026-09-30T10:04:00+00:00,backend,AWS/EC2,EBSReadBytes,,maximum,3178496.0
2026-09-30T10:05:00+00:00,backend,AWS/EC2,EBSReadBytes,,maximum,47620096.0
2026-09-30T10:06:00+00:00,backend,AWS/EC2,EBSReadBytes,,maximum,3710976.0
2026-09-30T10:07:00+00:00,backend,AWS/EC2,EBSReadBytes,,maximum,414564352.0
2026-09-30T10:08:00+00:00,backend,AWS/EC2,EBSReadBytes,,maximum,40157184.0
2026-09-30T10:09:00+00:00,backend,AWS/EC2,EBSReadBytes,,maximum,37142528.0
2026-09-30T10:10:00+00:00,backend,AWS/EC2,EBSReadBytes,,maximum,24104960.0
2026-09-30T10:11:00+00:00,backend,AWS/EC2,EBSReadBytes,,maximum,58331136.0
2026-09-30T10:12:00+00:00,backend,AWS/EC2,EBSReadBytes,,maximum,35127296.0
2026-09-30T10:13:00+00:00,backend,AWS/EC2,EBSReadBytes,,maximum,13574144.0
2026-09-30T10:14:00+00:00,backend,AWS/EC2,EBSReadBytes,,maximum,2543616.0
2026-09-30T10:15:00+00:00,backend,AWS/EC2,EBSReadBytes,,maximum,1961984.0
2026-09-30T10:02:00+00:00,backend,AWS/EC2,NetworkOut,,average,32779207.0
2026-09-30T10:03:00+00:00,backend,AWS/EC2,NetworkOut,,average,1801591.0
2026-09-30T10:04:00+00:00,backend,AWS/EC2,NetworkOut,,average,126092.0
2026-09-30T10:05:00+00:00,backend,AWS/EC2,NetworkOut,,average,12817016.0
2026-09-30T10:06:00+00:00,backend,AWS/EC2,NetworkOut,,average,54236449.0
2026-09-30T10:07:00+00:00,backend,AWS/EC2,NetworkOut,,average,36012498.0
2026-09-30T10:08:00+00:00,backend,AWS/EC2,NetworkOut,,average,37484541.0
2026-09-30T10:09:00+00:00,backend,AWS/EC2,NetworkOut,,average,37758299.0
2026-09-30T10:10:00+00:00,backend,AWS/EC2,NetworkOut,,average,37285440.0
2026-09-30T10:11:00+00:00,backend,AWS/EC2,NetworkOut,,average,35582940.0
2026-09-30T10:12:00+00:00,backend,AWS/EC2,NetworkOut,,average,35168706.0
2026-09-30T10:13:00+00:00,backend,AWS/EC2,NetworkOut,,average,32346946.0
2026-09-30T10:14:00+00:00,backend,AWS/EC2,NetworkOut,,average,2579194.0
2026-09-30T10:15:00+00:00,backend,AWS/EC2,NetworkOut,,average,59890.0
2026-09-30T10:02:00+00:00,backend,AWS/EC2,NetworkOut,,maximum,32779207.0
2026-09-30T10:03:00+00:00,backend,AWS/EC2,NetworkOut,,maximum,1801591.0
2026-09-30T10:04:00+00:00,backend,AWS/EC2,NetworkOut,,maximum,126092.0
2026-09-30T10:05:00+00:00,backend,AWS/EC2,NetworkOut,,maximum,12817016.0
2026-09-30T10:06:00+00:00,backend,AWS/EC2,NetworkOut,,maximum,54236449.0
2026-09-30T10:07:00+00:00,backend,AWS/EC2,NetworkOut,,maximum,36012498.0
2026-09-30T10:08:00+00:00,backend,AWS/EC2,NetworkOut,,maximum,37484541.0
2026-09-30T10:09:00+00:00,backend,AWS/EC2,NetworkOut,,maximum,37758299.0
2026-09-30T10:10:00+00:00,backend,AWS/EC2,NetworkOut,,maximum,37285440.0
2026-09-30T10:11:00+00:00,backend,AWS/EC2,NetworkOut,,maximum,35582940.0
2026-09-30T10:12:00+00:00,backend,AWS/EC2,NetworkOut,,maximum,35168706.0
2026-09-30T10:13:00+00:00,backend,AWS/EC2,NetworkOut,,maximum,32346946.0
2026-09-30T10:14:00+00:00,backend,AWS/EC2,NetworkOut,,maximum,2579194.0
2026-09-30T10:15:00+00:00,backend,AWS/EC2,NetworkOut,,maximum,59890.0
2026-09-30T10:02:00+00:00,backend,AWS/EC2,NetworkIn,,average,7868773.0
2026-09-30T10:03:00+00:00,backend,AWS/EC2,NetworkIn,,average,790636.0
2026-09-30T10:04:00+00:00,backend,AWS/EC2,NetworkIn,,average,9545.0
2026-09-30T10:05:00+00:00,backend,AWS/EC2,NetworkIn,,average,3497586.0
2026-09-30T10:06:00+00:00,backend,AWS/EC2,NetworkIn,,average,13904326.0
2026-09-30T10:07:00+00:00,backend,AWS/EC2,NetworkIn,,average,8888680.0
2026-09-30T10:08:00+00:00,backend,AWS/EC2,NetworkIn,,average,9066108.0
2026-09-30T10:09:00+00:00,backend,AWS/EC2,NetworkIn,,average,9138004.0
2026-09-30T10:10:00+00:00,backend,AWS/EC2,NetworkIn,,average,9063672.0
2026-09-30T10:11:00+00:00,backend,AWS/EC2,NetworkIn,,average,8638614.0
2026-09-30T10:12:00+00:00,backend,AWS/EC2,NetworkIn,,average,8445494.0
2026-09-30T10:13:00+00:00,backend,AWS/EC2,NetworkIn,,average,7886313.0
2026-09-30T10:14:00+00:00,backend,AWS/EC2,NetworkIn,,average,811470.0
2026-09-30T10:15:00+00:00,backend,AWS/EC2,NetworkIn,,average,10469.0
2026-09-30T10:02:00+00:00,backend,AWS/EC2,NetworkIn,,maximum,7868773.0
2026-09-30T10:03:00+00:00,backend,AWS/EC2,NetworkIn,,maximum,790636.0
2026-09-30T10:04:00+00:00,backend,AWS/EC2,NetworkIn,,maximum,9545.0
2026-09-30T10:05:00+00:00,backend,AWS/EC2,NetworkIn,,maximum,3497586.0
2026-09-30T10:06:00+00:00,backend,AWS/EC2,NetworkIn,,maximum,13904326.0
2026-09-30T10:07:00+00:00,backend,AWS/EC2,NetworkIn,,maximum,8888680.0
2026-09-30T10:08:00+00:00,backend,AWS/EC2,NetworkIn,,maximum,9066108.0
2026-09-30T10:09:00+00:00,backend,AWS/EC2,NetworkIn,,maximum,9138004.0
2026-09-30T10:10:00+00:00,backend,AWS/EC2,NetworkIn,,maximum,9063672.0
2026-09-30T10:11:00+00:00,backend,AWS/EC2,NetworkIn,,maximum,8638614.0
2026-09-30T10:12:00+00:00,backend,AWS/EC2,NetworkIn,,maximum,8445494.0
2026-09-30T10:13:00+00:00,backend,AWS/EC2,NetworkIn,,maximum,7886313.0
2026-09-30T10:14:00+00:00,backend,AWS/EC2,NetworkIn,,maximum,811470.0
2026-09-30T10:15:00+00:00,backend,AWS/EC2,NetworkIn,,maximum,10469.0
2026-09-30T10:05:00+00:00,backend,AWS/EC2,CPUCreditBalance,,average,0.0
2026-09-30T10:10:00+00:00,backend,AWS/EC2,CPUCreditBalance,,average,0.0
2026-09-30T10:15:00+00:00,backend,AWS/EC2,CPUCreditBalance,,average,0.0
2026-09-30T10:05:00+00:00,backend,AWS/EC2,CPUCreditBalance,,maximum,0.0
2026-09-30T10:10:00+00:00,backend,AWS/EC2,CPUCreditBalance,,maximum,0.0
2026-09-30T10:15:00+00:00,backend,AWS/EC2,CPUCreditBalance,,maximum,0.0
2026-09-30T10:05:00+00:00,backend,AWS/EC2,CPUCreditUsage,,average,3.3355632833333333
2026-09-30T10:10:00+00:00,backend,AWS/EC2,CPUCreditUsage,,average,8.605773216666666
2026-09-30T10:15:00+00:00,backend,AWS/EC2,CPUCreditUsage,,average,4.419600033333333
2026-09-30T10:05:00+00:00,backend,AWS/EC2,CPUCreditUsage,,maximum,3.3355632833333333
2026-09-30T10:10:00+00:00,backend,AWS/EC2,CPUCreditUsage,,maximum,8.605773216666666
2026-09-30T10:15:00+00:00,backend,AWS/EC2,CPUCreditUsage,,maximum,4.419600033333333
2026-09-30T10:05:00+00:00,backend,AWS/EC2,CPUSurplusCreditBalance,,average,2.1362760166666668
2026-09-30T10:10:00+00:00,backend,AWS/EC2,CPUSurplusCreditBalance,,average,9.743022566666667
2026-09-30T10:15:00+00:00,backend,AWS/EC2,CPUSurplusCreditBalance,,average,13.162345933333333
2026-09-30T10:05:00+00:00,backend,AWS/EC2,CPUSurplusCreditBalance,,maximum,2.1362760166666668
2026-09-30T10:10:00+00:00,backend,AWS/EC2,CPUSurplusCreditBalance,,maximum,9.743022566666667
2026-09-30T10:15:00+00:00,backend,AWS/EC2,CPUSurplusCreditBalance,,maximum,13.162345933333333
2026-09-30T10:05:00+00:00,backend,AWS/EC2,CPUSurplusCreditsCharged,,average,0.0
2026-09-30T10:10:00+00:00,backend,AWS/EC2,CPUSurplusCreditsCharged,,average,0.0
2026-09-30T10:15:00+00:00,backend,AWS/EC2,CPUSurplusCreditsCharged,,average,0.0
2026-09-30T10:05:00+00:00,backend,AWS/EC2,CPUSurplusCreditsCharged,,maximum,0.0
2026-09-30T10:10:00+00:00,backend,AWS/EC2,CPUSurplusCreditsCharged,,maximum,0.0
2026-09-30T10:15:00+00:00,backend,AWS/EC2,CPUSurplusCreditsCharged,,maximum,0.0
2026-09-30T10:02:00+00:00,loadgen,MintLoadgen,mem_used_percent,,average,34.493839582097735
2026-09-30T10:03:00+00:00,loadgen,MintLoadgen,mem_used_percent,,average,2.6476444990303554
2026-09-30T10:04:00+00:00,loadgen,MintLoadgen,mem_used_percent,,average,2.4798695005555826
2026-09-30T10:05:00+00:00,loadgen,MintLoadgen,mem_used_percent,,average,9.01624342026962
2026-09-30T10:06:00+00:00,loadgen,MintLoadgen,mem_used_percent,,average,13.12010489562945
2026-09-30T10:07:00+00:00,loadgen,MintLoadgen,mem_used_percent,,average,16.754196375259912
2026-09-30T10:08:00+00:00,loadgen,MintLoadgen,mem_used_percent,,average,18.737191841584394
2026-09-30T10:09:00+00:00,loadgen,MintLoadgen,mem_used_percent,,average,18.743142728266513
2026-09-30T10:10:00+00:00,loadgen,MintLoadgen,mem_used_percent,,average,18.85155888227346
2026-09-30T10:11:00+00:00,loadgen,MintLoadgen,mem_used_percent,,average,19.136951405759458
2026-09-30T10:12:00+00:00,loadgen,MintLoadgen,mem_used_percent,,average,19.143502381854898
2026-09-30T10:13:00+00:00,loadgen,MintLoadgen,mem_used_percent,,average,19.07039148833176
2026-09-30T10:14:00+00:00,loadgen,MintLoadgen,mem_used_percent,,average,2.3595515731844046
2026-09-30T10:15:00+00:00,loadgen,MintLoadgen,mem_used_percent,,average,2.359451558282184
2026-09-30T10:02:00+00:00,loadgen,MintLoadgen,mem_used_percent,,maximum,34.493839582097735
2026-09-30T10:03:00+00:00,loadgen,MintLoadgen,mem_used_percent,,maximum,2.6476444990303554
2026-09-30T10:04:00+00:00,loadgen,MintLoadgen,mem_used_percent,,maximum,2.4798695005555826
2026-09-30T10:05:00+00:00,loadgen,MintLoadgen,mem_used_percent,,maximum,9.01624342026962
2026-09-30T10:06:00+00:00,loadgen,MintLoadgen,mem_used_percent,,maximum,13.12010489562945
2026-09-30T10:07:00+00:00,loadgen,MintLoadgen,mem_used_percent,,maximum,16.754196375259912
2026-09-30T10:08:00+00:00,loadgen,MintLoadgen,mem_used_percent,,maximum,18.737191841584394
2026-09-30T10:09:00+00:00,loadgen,MintLoadgen,mem_used_percent,,maximum,18.743142728266513
2026-09-30T10:10:00+00:00,loadgen,MintLoadgen,mem_used_percent,,maximum,18.85155888227346
2026-09-30T10:11:00+00:00,loadgen,MintLoadgen,mem_used_percent,,maximum,19.136951405759458
2026-09-30T10:12:00+00:00,loadgen,MintLoadgen,mem_used_percent,,maximum,19.143502381854898
2026-09-30T10:13:00+00:00,loadgen,MintLoadgen,mem_used_percent,,maximum,19.07039148833176
2026-09-30T10:14:00+00:00,loadgen,MintLoadgen,mem_used_percent,,maximum,2.3595515731844046
2026-09-30T10:15:00+00:00,loadgen,MintLoadgen,mem_used_percent,,maximum,2.359451558282184
2026-09-30T10:02:00+00:00,loadgen,MintLoadgen,cpu_usage_system,cpu=cpu-total,average,0.6501625406351583
2026-09-30T10:03:00+00:00,loadgen,MintLoadgen,cpu_usage_system,cpu=cpu-total,average,0.2799364920197193
2026-09-30T10:04:00+00:00,loadgen,MintLoadgen,cpu_usage_system,cpu=cpu-total,average,0.041701417848204594
2026-09-30T10:05:00+00:00,loadgen,MintLoadgen,cpu_usage_system,cpu=cpu-total,average,0.5002709801142281
2026-09-30T10:06:00+00:00,loadgen,MintLoadgen,cpu_usage_system,cpu=cpu-total,average,0.9806376231013216
2026-09-30T10:07:00+00:00,loadgen,MintLoadgen,cpu_usage_system,cpu=cpu-total,average,0.8586027810353539
2026-09-30T10:08:00+00:00,loadgen,MintLoadgen,cpu_usage_system,cpu=cpu-total,average,0.5063291139240479
2026-09-30T10:09:00+00:00,loadgen,MintLoadgen,cpu_usage_system,cpu=cpu-total,average,0.5562813435037319
2026-09-30T10:10:00+00:00,loadgen,MintLoadgen,cpu_usage_system,cpu=cpu-total,average,0.5815913688469329
2026-09-30T10:11:00+00:00,loadgen,MintLoadgen,cpu_usage_system,cpu=cpu-total,average,0.47993937607881
2026-09-30T10:12:00+00:00,loadgen,MintLoadgen,cpu_usage_system,cpu=cpu-total,average,0.5719091673675328
2026-09-30T10:13:00+00:00,loadgen,MintLoadgen,cpu_usage_system,cpu=cpu-total,average,0.47255390067930136
2026-09-30T10:14:00+00:00,loadgen,MintLoadgen,cpu_usage_system,cpu=cpu-total,average,0.2508466072996363
2026-09-30T10:15:00+00:00,loadgen,MintLoadgen,cpu_usage_system,cpu=cpu-total,average,0.03752971102122339
2026-09-30T10:02:00+00:00,loadgen,MintLoadgen,cpu_usage_system,cpu=cpu-total,maximum,0.6501625406351583
2026-09-30T10:03:00+00:00,loadgen,MintLoadgen,cpu_usage_system,cpu=cpu-total,maximum,0.2799364920197193
2026-09-30T10:04:00+00:00,loadgen,MintLoadgen,cpu_usage_system,cpu=cpu-total,maximum,0.041701417848204594
2026-09-30T10:05:00+00:00,loadgen,MintLoadgen,cpu_usage_system,cpu=cpu-total,maximum,0.5002709801142281
2026-09-30T10:06:00+00:00,loadgen,MintLoadgen,cpu_usage_system,cpu=cpu-total,maximum,0.9806376231013216
2026-09-30T10:07:00+00:00,loadgen,MintLoadgen,cpu_usage_system,cpu=cpu-total,maximum,0.8586027810353539
2026-09-30T10:08:00+00:00,loadgen,MintLoadgen,cpu_usage_system,cpu=cpu-total,maximum,0.5063291139240479
2026-09-30T10:09:00+00:00,loadgen,MintLoadgen,cpu_usage_system,cpu=cpu-total,maximum,0.5562813435037319
2026-09-30T10:10:00+00:00,loadgen,MintLoadgen,cpu_usage_system,cpu=cpu-total,maximum,0.5815913688469329
2026-09-30T10:11:00+00:00,loadgen,MintLoadgen,cpu_usage_system,cpu=cpu-total,maximum,0.47993937607881
2026-09-30T10:12:00+00:00,loadgen,MintLoadgen,cpu_usage_system,cpu=cpu-total,maximum,0.5719091673675328
2026-09-30T10:13:00+00:00,loadgen,MintLoadgen,cpu_usage_system,cpu=cpu-total,maximum,0.47255390067930136
2026-09-30T10:14:00+00:00,loadgen,MintLoadgen,cpu_usage_system,cpu=cpu-total,maximum,0.2508466072996363
2026-09-30T10:15:00+00:00,loadgen,MintLoadgen,cpu_usage_system,cpu=cpu-total,maximum,0.03752971102122339
2026-09-30T10:02:00+00:00,loadgen,MintLoadgen,cpu_usage_user,cpu=cpu-total,average,2.3089105609735747
2026-09-30T10:03:00+00:00,loadgen,MintLoadgen,cpu_usage_user,cpu=cpu-total,average,0.6852176819587145
2026-09-30T10:04:00+00:00,loadgen,MintLoadgen,cpu_usage_user,cpu=cpu-total,average,0.025020850708919202
2026-09-30T10:05:00+00:00,loadgen,MintLoadgen,cpu_usage_user,cpu=cpu-total,average,1.5133197148455404
2026-09-30T10:06:00+00:00,loadgen,MintLoadgen,cpu_usage_user,cpu=cpu-total,average,3.7764980804540165
2026-09-30T10:07:00+00:00,loadgen,MintLoadgen,cpu_usage_user,cpu=cpu-total,average,3.3590216116602716
2026-09-30T10:08:00+00:00,loadgen,MintLoadgen,cpu_usage_user,cpu=cpu-total,average,2.3459915611814175
2026-09-30T10:09:00+00:00,loadgen,MintLoadgen,cpu_usage_user,cpu=cpu-total,average,2.1408403219689127
2026-09-30T10:10:00+00:00,loadgen,MintLoadgen,cpu_usage_user,cpu=cpu-total,average,2.1156439649359435
2026-09-30T10:11:00+00:00,loadgen,MintLoadgen,cpu_usage_user,cpu=cpu-total,average,2.496526754515215
2026-09-30T10:12:00+00:00,loadgen,MintLoadgen,cpu_usage_user,cpu=cpu-total,average,2.1194280908326193
2026-09-30T10:13:00+00:00,loadgen,MintLoadgen,cpu_usage_user,cpu=cpu-total,average,1.9577233028142467
2026-09-30T10:14:00+00:00,loadgen,MintLoadgen,cpu_usage_user,cpu=cpu-total,average,0.622935741460754
2026-09-30T10:15:00+00:00,loadgen,MintLoadgen,cpu_usage_user,cpu=cpu-total,average,0.025019807347484237
2026-09-30T10:02:00+00:00,loadgen,MintLoadgen,cpu_usage_user,cpu=cpu-total,maximum,2.3089105609735747
2026-09-30T10:03:00+00:00,loadgen,MintLoadgen,cpu_usage_user,cpu=cpu-total,maximum,0.6852176819587145
2026-09-30T10:04:00+00:00,loadgen,MintLoadgen,cpu_usage_user,cpu=cpu-total,maximum,0.025020850708919202
2026-09-30T10:05:00+00:00,loadgen,MintLoadgen,cpu_usage_user,cpu=cpu-total,maximum,1.5133197148455404
2026-09-30T10:06:00+00:00,loadgen,MintLoadgen,cpu_usage_user,cpu=cpu-total,maximum,3.7764980804540165
2026-09-30T10:07:00+00:00,loadgen,MintLoadgen,cpu_usage_user,cpu=cpu-total,maximum,3.3590216116602716
2026-09-30T10:08:00+00:00,loadgen,MintLoadgen,cpu_usage_user,cpu=cpu-total,maximum,2.3459915611814175
2026-09-30T10:09:00+00:00,loadgen,MintLoadgen,cpu_usage_user,cpu=cpu-total,maximum,2.1408403219689127
2026-09-30T10:10:00+00:00,loadgen,MintLoadgen,cpu_usage_user,cpu=cpu-total,maximum,2.1156439649359435
2026-09-30T10:11:00+00:00,loadgen,MintLoadgen,cpu_usage_user,cpu=cpu-total,maximum,2.496526754515215
2026-09-30T10:12:00+00:00,loadgen,MintLoadgen,cpu_usage_user,cpu=cpu-total,maximum,2.1194280908326193
2026-09-30T10:13:00+00:00,loadgen,MintLoadgen,cpu_usage_user,cpu=cpu-total,maximum,1.9577233028142467
2026-09-30T10:14:00+00:00,loadgen,MintLoadgen,cpu_usage_user,cpu=cpu-total,maximum,0.622935741460754
2026-09-30T10:15:00+00:00,loadgen,MintLoadgen,cpu_usage_user,cpu=cpu-total,maximum,0.025019807347484237
2026-09-30T10:02:00+00:00,loadgen,MintLoadgen,net_bytes_recv,interface=ens5,average,28029065.0
2026-09-30T10:03:00+00:00,loadgen,MintLoadgen,net_bytes_recv,interface=ens5,average,8107037.0
2026-09-30T10:04:00+00:00,loadgen,MintLoadgen,net_bytes_recv,interface=ens5,average,10102.0
2026-09-30T10:05:00+00:00,loadgen,MintLoadgen,net_bytes_recv,interface=ens5,average,4064520.0
2026-09-30T10:06:00+00:00,loadgen,MintLoadgen,net_bytes_recv,interface=ens5,average,35697548.0
2026-09-30T10:07:00+00:00,loadgen,MintLoadgen,net_bytes_recv,interface=ens5,average,35532494.0
2026-09-30T10:08:00+00:00,loadgen,MintLoadgen,net_bytes_recv,interface=ens5,average,29718225.0
2026-09-30T10:09:00+00:00,loadgen,MintLoadgen,net_bytes_recv,interface=ens5,average,30669910.0
2026-09-30T10:10:00+00:00,loadgen,MintLoadgen,net_bytes_recv,interface=ens5,average,30846864.0
2026-09-30T10:11:00+00:00,loadgen,MintLoadgen,net_bytes_recv,interface=ens5,average,28849290.0
2026-09-30T10:12:00+00:00,loadgen,MintLoadgen,net_bytes_recv,interface=ens5,average,28931189.0
2026-09-30T10:13:00+00:00,loadgen,MintLoadgen,net_bytes_recv,interface=ens5,average,29308678.0
2026-09-30T10:14:00+00:00,loadgen,MintLoadgen,net_bytes_recv,interface=ens5,average,6946297.0
2026-09-30T10:15:00+00:00,loadgen,MintLoadgen,net_bytes_recv,interface=ens5,average,9768.0
2026-09-30T10:02:00+00:00,loadgen,MintLoadgen,net_bytes_recv,interface=ens5,maximum,28029065.0
2026-09-30T10:03:00+00:00,loadgen,MintLoadgen,net_bytes_recv,interface=ens5,maximum,8107037.0
2026-09-30T10:04:00+00:00,loadgen,MintLoadgen,net_bytes_recv,interface=ens5,maximum,10102.0
2026-09-30T10:05:00+00:00,loadgen,MintLoadgen,net_bytes_recv,interface=ens5,maximum,4064520.0
2026-09-30T10:06:00+00:00,loadgen,MintLoadgen,net_bytes_recv,interface=ens5,maximum,35697548.0
2026-09-30T10:07:00+00:00,loadgen,MintLoadgen,net_bytes_recv,interface=ens5,maximum,35532494.0
2026-09-30T10:08:00+00:00,loadgen,MintLoadgen,net_bytes_recv,interface=ens5,maximum,29718225.0
2026-09-30T10:09:00+00:00,loadgen,MintLoadgen,net_bytes_recv,interface=ens5,maximum,30669910.0
2026-09-30T10:10:00+00:00,loadgen,MintLoadgen,net_bytes_recv,interface=ens5,maximum,30846864.0
2026-09-30T10:11:00+00:00,loadgen,MintLoadgen,net_bytes_recv,interface=ens5,maximum,28849290.0
2026-09-30T10:12:00+00:00,loadgen,MintLoadgen,net_bytes_recv,interface=ens5,maximum,28931189.0
2026-09-30T10:13:00+00:00,loadgen,MintLoadgen,net_bytes_recv,interface=ens5,maximum,29308678.0
2026-09-30T10:14:00+00:00,loadgen,MintLoadgen,net_bytes_recv,interface=ens5,maximum,6946297.0
2026-09-30T10:15:00+00:00,loadgen,MintLoadgen,net_bytes_recv,interface=ens5,maximum,9768.0
2026-09-30T10:02:00+00:00,loadgen,MintLoadgen,net_bytes_sent,interface=ens5,average,3292925.0
2026-09-30T10:03:00+00:00,loadgen,MintLoadgen,net_bytes_sent,interface=ens5,average,1540677.0
2026-09-30T10:04:00+00:00,loadgen,MintLoadgen,net_bytes_sent,interface=ens5,average,36631.0
2026-09-30T10:05:00+00:00,loadgen,MintLoadgen,net_bytes_sent,interface=ens5,average,623334.0
2026-09-30T10:06:00+00:00,loadgen,MintLoadgen,net_bytes_sent,interface=ens5,average,4682942.0
2026-09-30T10:07:00+00:00,loadgen,MintLoadgen,net_bytes_sent,interface=ens5,average,4807864.0
2026-09-30T10:08:00+00:00,loadgen,MintLoadgen,net_bytes_sent,interface=ens5,average,3720642.0
2026-09-30T10:09:00+00:00,loadgen,MintLoadgen,net_bytes_sent,interface=ens5,average,3780751.0
2026-09-30T10:10:00+00:00,loadgen,MintLoadgen,net_bytes_sent,interface=ens5,average,3832252.0
2026-09-30T10:11:00+00:00,loadgen,MintLoadgen,net_bytes_sent,interface=ens5,average,3603240.0
2026-09-30T10:12:00+00:00,loadgen,MintLoadgen,net_bytes_sent,interface=ens5,average,3558375.0
2026-09-30T10:13:00+00:00,loadgen,MintLoadgen,net_bytes_sent,interface=ens5,average,3573280.0
2026-09-30T10:14:00+00:00,loadgen,MintLoadgen,net_bytes_sent,interface=ens5,average,1215890.0
2026-09-30T10:15:00+00:00,loadgen,MintLoadgen,net_bytes_sent,interface=ens5,average,41169.0
2026-09-30T10:02:00+00:00,loadgen,MintLoadgen,net_bytes_sent,interface=ens5,maximum,3292925.0
2026-09-30T10:03:00+00:00,loadgen,MintLoadgen,net_bytes_sent,interface=ens5,maximum,1540677.0
2026-09-30T10:04:00+00:00,loadgen,MintLoadgen,net_bytes_sent,interface=ens5,maximum,36631.0
2026-09-30T10:05:00+00:00,loadgen,MintLoadgen,net_bytes_sent,interface=ens5,maximum,623334.0
2026-09-30T10:06:00+00:00,loadgen,MintLoadgen,net_bytes_sent,interface=ens5,maximum,4682942.0
2026-09-30T10:07:00+00:00,loadgen,MintLoadgen,net_bytes_sent,interface=ens5,maximum,4807864.0
2026-09-30T10:08:00+00:00,loadgen,MintLoadgen,net_bytes_sent,interface=ens5,maximum,3720642.0
2026-09-30T10:09:00+00:00,loadgen,MintLoadgen,net_bytes_sent,interface=ens5,maximum,3780751.0
2026-09-30T10:10:00+00:00,loadgen,MintLoadgen,net_bytes_sent,interface=ens5,maximum,3832252.0
2026-09-30T10:11:00+00:00,loadgen,MintLoadgen,net_bytes_sent,interface=ens5,maximum,3603240.0
2026-09-30T10:12:00+00:00,loadgen,MintLoadgen,net_bytes_sent,interface=ens5,maximum,3558375.0
2026-09-30T10:13:00+00:00,loadgen,MintLoadgen,net_bytes_sent,interface=ens5,maximum,3573280.0
2026-09-30T10:14:00+00:00,loadgen,MintLoadgen,net_bytes_sent,interface=ens5,maximum,1215890.0
2026-09-30T10:15:00+00:00,loadgen,MintLoadgen,net_bytes_sent,interface=ens5,maximum,41169.0
2026-09-30T10:02:00+00:00,loadgen,MintLoadgen,cpu_usage_idle,cpu=cpu-total,average,96.6241560390096
2026-09-30T10:03:00+00:00,loadgen,MintLoadgen,cpu_usage_idle,cpu=cpu-total,average,98.93874822428309
2026-09-30T10:04:00+00:00,loadgen,MintLoadgen,cpu_usage_idle,cpu=cpu-total,average,99.93327773144293
2026-09-30T10:05:00+00:00,loadgen,MintLoadgen,cpu_usage_idle,cpu=cpu-total,average,97.8029766123315
2026-09-30T10:06:00+00:00,loadgen,MintLoadgen,cpu_usage_idle,cpu=cpu-total,average,94.82139876481394
2026-09-30T10:07:00+00:00,loadgen,MintLoadgen,cpu_usage_idle,cpu=cpu-total,average,95.41380465739698
2026-09-30T10:08:00+00:00,loadgen,MintLoadgen,cpu_usage_idle,cpu=cpu-total,average,96.88185654008389
2026-09-30T10:09:00+00:00,loadgen,MintLoadgen,cpu_usage_idle,cpu=cpu-total,average,97.04159467318529
2026-09-30T10:10:00+00:00,loadgen,MintLoadgen,cpu_usage_idle,cpu=cpu-total,average,97.01618341200272
2026-09-30T10:11:00+00:00,loadgen,MintLoadgen,cpu_usage_idle,cpu=cpu-total,average,96.79198417042025
2026-09-30T10:12:00+00:00,loadgen,MintLoadgen,cpu_usage_idle,cpu=cpu-total,average,97.01850294365008
2026-09-30T10:13:00+00:00,loadgen,MintLoadgen,cpu_usage_idle,cpu=cpu-total,average,97.35032277119156
2026-09-30T10:14:00+00:00,loadgen,MintLoadgen,cpu_usage_idle,cpu=cpu-total,average,99.03424056189661
2026-09-30T10:15:00+00:00,loadgen,MintLoadgen,cpu_usage_idle,cpu=cpu-total,average,99.93745048163069
2026-09-30T10:02:00+00:00,loadgen,MintLoadgen,cpu_usage_idle,cpu=cpu-total,maximum,96.6241560390096
2026-09-30T10:03:00+00:00,loadgen,MintLoadgen,cpu_usage_idle,cpu=cpu-total,maximum,98.93874822428309
2026-09-30T10:04:00+00:00,loadgen,MintLoadgen,cpu_usage_idle,cpu=cpu-total,maximum,99.93327773144293
2026-09-30T10:05:00+00:00,loadgen,MintLoadgen,cpu_usage_idle,cpu=cpu-total,maximum,97.8029766123315
2026-09-30T10:06:00+00:00,loadgen,MintLoadgen,cpu_usage_idle,cpu=cpu-total,maximum,94.82139876481394
2026-09-30T10:07:00+00:00,loadgen,MintLoadgen,cpu_usage_idle,cpu=cpu-total,maximum,95.41380465739698
2026-09-30T10:08:00+00:00,loadgen,MintLoadgen,cpu_usage_idle,cpu=cpu-total,maximum,96.88185654008389
2026-09-30T10:09:00+00:00,loadgen,MintLoadgen,cpu_usage_idle,cpu=cpu-total,maximum,97.04159467318529
2026-09-30T10:10:00+00:00,loadgen,MintLoadgen,cpu_usage_idle,cpu=cpu-total,maximum,97.01618341200272
2026-09-30T10:11:00+00:00,loadgen,MintLoadgen,cpu_usage_idle,cpu=cpu-total,maximum,96.79198417042025
2026-09-30T10:12:00+00:00,loadgen,MintLoadgen,cpu_usage_idle,cpu=cpu-total,maximum,97.01850294365008
2026-09-30T10:13:00+00:00,loadgen,MintLoadgen,cpu_usage_idle,cpu=cpu-total,maximum,97.35032277119156
2026-09-30T10:14:00+00:00,loadgen,MintLoadgen,cpu_usage_idle,cpu=cpu-total,maximum,99.03424056189661
2026-09-30T10:15:00+00:00,loadgen,MintLoadgen,cpu_usage_idle,cpu=cpu-total,maximum,99.93745048163069
2026-09-30T10:05:00+00:00,loadgen,AWS/EC2,CPUUtilization,,average,4.835666666666667
2026-09-30T10:10:00+00:00,loadgen,AWS/EC2,CPUUtilization,,average,4.561999999999999
2026-09-30T10:15:00+00:00,loadgen,AWS/EC2,CPUUtilization,,average,3.021333333333333
2026-09-30T10:05:00+00:00,loadgen,AWS/EC2,CPUUtilization,,maximum,7.049999999999999
2026-09-30T10:10:00+00:00,loadgen,AWS/EC2,CPUUtilization,,maximum,5.108333333333333
2026-09-30T10:15:00+00:00,loadgen,AWS/EC2,CPUUtilization,,maximum,5.786666666666666
2026-09-30T10:05:00+00:00,loadgen,AWS/EC2,NetworkIn,,average,31494122.0
2026-09-30T10:10:00+00:00,loadgen,AWS/EC2,NetworkIn,,average,21677949.8
2026-09-30T10:15:00+00:00,loadgen,AWS/EC2,NetworkIn,,average,22463812.4
2026-09-30T10:05:00+00:00,loadgen,AWS/EC2,NetworkIn,,maximum,43667770.0
2026-09-30T10:10:00+00:00,loadgen,AWS/EC2,NetworkIn,,maximum,30780116.0
2026-09-30T10:15:00+00:00,loadgen,AWS/EC2,NetworkIn,,maximum,38328243.0
2026-09-30T10:05:00+00:00,loadgen,AWS/EC2,NetworkOut,,average,3978783.0
2026-09-30T10:10:00+00:00,loadgen,AWS/EC2,NetworkOut,,average,2694526.2
2026-09-30T10:15:00+00:00,loadgen,AWS/EC2,NetworkOut,,average,2852851.8
2026-09-30T10:05:00+00:00,loadgen,AWS/EC2,NetworkOut,,maximum,5812105.0
2026-09-30T10:10:00+00:00,loadgen,AWS/EC2,NetworkOut,,maximum,3734000.0
2026-09-30T10:15:00+00:00,loadgen,AWS/EC2,NetworkOut,,maximum,4778095.0
2026-09-30T10:02:00+00:00,db,AWS/RDS,WriteThroughput,,average,90305.72696040825
2026-09-30T10:03:00+00:00,db,AWS/RDS,WriteThroughput,,average,2247281.2838502177
2026-09-30T10:04:00+00:00,db,AWS/RDS,WriteThroughput,,average,4710.321494641756
2026-09-30T10:05:00+00:00,db,AWS/RDS,WriteThroughput,,average,175701.74415699078
2026-09-30T10:06:00+00:00,db,AWS/RDS,WriteThroughput,,average,148119.7732577526
2026-09-30T10:07:00+00:00,db,AWS/RDS,WriteThroughput,,average,97481.6096927737
2026-09-30T10:08:00+00:00,db,AWS/RDS,WriteThroughput,,average,2302560.42984198
2026-09-30T10:09:00+00:00,db,AWS/RDS,WriteThroughput,,average,105442.39554503319
2026-09-30T10:10:00+00:00,db,AWS/RDS,WriteThroughput,,average,88384.71023427867
2026-09-30T10:11:00+00:00,db,AWS/RDS,WriteThroughput,,average,95498.70008666089
2026-09-30T10:12:00+00:00,db,AWS/RDS,WriteThroughput,,average,107340.2460574134
2026-09-30T10:13:00+00:00,db,AWS/RDS,WriteThroughput,,average,2330975.885342888
2026-09-30T10:14:00+00:00,db,AWS/RDS,WriteThroughput,,average,4164.752554464688
2026-09-30T10:15:00+00:00,db,AWS/RDS,WriteThroughput,,average,2936.200716845878
2026-09-30T10:02:00+00:00,db,AWS/RDS,WriteThroughput,,maximum,90305.72696040825
2026-09-30T10:03:00+00:00,db,AWS/RDS,WriteThroughput,,maximum,2247281.2838502177
2026-09-30T10:04:00+00:00,db,AWS/RDS,WriteThroughput,,maximum,4710.321494641756
2026-09-30T10:05:00+00:00,db,AWS/RDS,WriteThroughput,,maximum,175701.74415699078
2026-09-30T10:06:00+00:00,db,AWS/RDS,WriteThroughput,,maximum,148119.7732577526
2026-09-30T10:07:00+00:00,db,AWS/RDS,WriteThroughput,,maximum,97481.6096927737
2026-09-30T10:08:00+00:00,db,AWS/RDS,WriteThroughput,,maximum,2302560.42984198
2026-09-30T10:09:00+00:00,db,AWS/RDS,WriteThroughput,,maximum,105442.39554503319
2026-09-30T10:10:00+00:00,db,AWS/RDS,WriteThroughput,,maximum,88384.71023427867
2026-09-30T10:11:00+00:00,db,AWS/RDS,WriteThroughput,,maximum,95498.70008666089
2026-09-30T10:12:00+00:00,db,AWS/RDS,WriteThroughput,,maximum,107340.2460574134
2026-09-30T10:13:00+00:00,db,AWS/RDS,WriteThroughput,,maximum,2330975.885342888
2026-09-30T10:14:00+00:00,db,AWS/RDS,WriteThroughput,,maximum,4164.752554464688
2026-09-30T10:15:00+00:00,db,AWS/RDS,WriteThroughput,,maximum,2936.200716845878
2026-09-30T10:02:00+00:00,db,AWS/RDS,BurstBalance,,average,99.0
2026-09-30T10:03:00+00:00,db,AWS/RDS,BurstBalance,,average,99.0
2026-09-30T10:04:00+00:00,db,AWS/RDS,BurstBalance,,average,99.0
2026-09-30T10:05:00+00:00,db,AWS/RDS,BurstBalance,,average,99.0
2026-09-30T10:06:00+00:00,db,AWS/RDS,BurstBalance,,average,99.0
2026-09-30T10:07:00+00:00,db,AWS/RDS,BurstBalance,,average,99.0
2026-09-30T10:08:00+00:00,db,AWS/RDS,BurstBalance,,average,99.0
2026-09-30T10:09:00+00:00,db,AWS/RDS,BurstBalance,,average,99.0
2026-09-30T10:10:00+00:00,db,AWS/RDS,BurstBalance,,average,99.0
2026-09-30T10:11:00+00:00,db,AWS/RDS,BurstBalance,,average,99.0
2026-09-30T10:12:00+00:00,db,AWS/RDS,BurstBalance,,average,99.0
2026-09-30T10:13:00+00:00,db,AWS/RDS,BurstBalance,,average,99.0
2026-09-30T10:14:00+00:00,db,AWS/RDS,BurstBalance,,average,99.0
2026-09-30T10:15:00+00:00,db,AWS/RDS,BurstBalance,,average,99.0
2026-09-30T10:02:00+00:00,db,AWS/RDS,BurstBalance,,maximum,99.0
2026-09-30T10:03:00+00:00,db,AWS/RDS,BurstBalance,,maximum,99.0
2026-09-30T10:04:00+00:00,db,AWS/RDS,BurstBalance,,maximum,99.0
2026-09-30T10:05:00+00:00,db,AWS/RDS,BurstBalance,,maximum,99.0
2026-09-30T10:06:00+00:00,db,AWS/RDS,BurstBalance,,maximum,99.0
2026-09-30T10:07:00+00:00,db,AWS/RDS,BurstBalance,,maximum,99.0
2026-09-30T10:08:00+00:00,db,AWS/RDS,BurstBalance,,maximum,99.0
2026-09-30T10:09:00+00:00,db,AWS/RDS,BurstBalance,,maximum,99.0
2026-09-30T10:10:00+00:00,db,AWS/RDS,BurstBalance,,maximum,99.0
2026-09-30T10:11:00+00:00,db,AWS/RDS,BurstBalance,,maximum,99.0
2026-09-30T10:12:00+00:00,db,AWS/RDS,BurstBalance,,maximum,99.0
2026-09-30T10:13:00+00:00,db,AWS/RDS,BurstBalance,,maximum,99.0
2026-09-30T10:14:00+00:00,db,AWS/RDS,BurstBalance,,maximum,99.0
2026-09-30T10:15:00+00:00,db,AWS/RDS,BurstBalance,,maximum,99.0
2026-09-30T10:02:00+00:00,db,AWS/RDS,CPUUtilization,,average,7.225
2026-09-30T10:03:00+00:00,db,AWS/RDS,CPUUtilization,,average,5.079354505637251
2026-09-30T10:04:00+00:00,db,AWS/RDS,CPUUtilization,,average,3.9113972611879304
2026-09-30T10:05:00+00:00,db,AWS/RDS,CPUUtilization,,average,4.338340605535756
2026-09-30T10:06:00+00:00,db,AWS/RDS,CPUUtilization,,average,7.349877502041632
2026-09-30T10:07:00+00:00,db,AWS/RDS,CPUUtilization,,average,11.075342351508683
2026-09-30T10:08:00+00:00,db,AWS/RDS,CPUUtilization,,average,8.616666666666667
2026-09-30T10:09:00+00:00,db,AWS/RDS,CPUUtilization,,average,7.341666666666667
2026-09-30T10:10:00+00:00,db,AWS/RDS,CPUUtilization,,average,7.494379215588308
2026-09-30T10:11:00+00:00,db,AWS/RDS,CPUUtilization,,average,7.5945572339823135
2026-09-30T10:12:00+00:00,db,AWS/RDS,CPUUtilization,,average,7.302376819335024
2026-09-30T10:13:00+00:00,db,AWS/RDS,CPUUtilization,,average,8.025
2026-09-30T10:14:00+00:00,db,AWS/RDS,CPUUtilization,,average,4.541666666666666
2026-09-30T10:15:00+00:00,db,AWS/RDS,CPUUtilization,,average,3.975
2026-09-30T10:02:00+00:00,db,AWS/RDS,CPUUtilization,,maximum,7.225
2026-09-30T10:03:00+00:00,db,AWS/RDS,CPUUtilization,,maximum,5.079354505637251
2026-09-30T10:04:00+00:00,db,AWS/RDS,CPUUtilization,,maximum,3.9113972611879304
2026-09-30T10:05:00+00:00,db,AWS/RDS,CPUUtilization,,maximum,4.338340605535756
2026-09-30T10:06:00+00:00,db,AWS/RDS,CPUUtilization,,maximum,7.349877502041632
2026-09-30T10:07:00+00:00,db,AWS/RDS,CPUUtilization,,maximum,11.075342351508683
2026-09-30T10:08:00+00:00,db,AWS/RDS,CPUUtilization,,maximum,8.616666666666667
2026-09-30T10:09:00+00:00,db,AWS/RDS,CPUUtilization,,maximum,7.341666666666667
2026-09-30T10:10:00+00:00,db,AWS/RDS,CPUUtilization,,maximum,7.494379215588308
2026-09-30T10:11:00+00:00,db,AWS/RDS,CPUUtilization,,maximum,7.5945572339823135
2026-09-30T10:12:00+00:00,db,AWS/RDS,CPUUtilization,,maximum,7.302376819335024
2026-09-30T10:13:00+00:00,db,AWS/RDS,CPUUtilization,,maximum,8.025
2026-09-30T10:14:00+00:00,db,AWS/RDS,CPUUtilization,,maximum,4.541666666666666
2026-09-30T10:15:00+00:00,db,AWS/RDS,CPUUtilization,,maximum,3.975
2026-09-30T10:02:00+00:00,db,AWS/RDS,SwapUsage,,average,520192.0
2026-09-30T10:03:00+00:00,db,AWS/RDS,SwapUsage,,average,507904.0
2026-09-30T10:04:00+00:00,db,AWS/RDS,SwapUsage,,average,507904.0
2026-09-30T10:05:00+00:00,db,AWS/RDS,SwapUsage,,average,507904.0
2026-09-30T10:06:00+00:00,db,AWS/RDS,SwapUsage,,average,507904.0
2026-09-30T10:07:00+00:00,db,AWS/RDS,SwapUsage,,average,507904.0
2026-09-30T10:08:00+00:00,db,AWS/RDS,SwapUsage,,average,503808.0
2026-09-30T10:09:00+00:00,db,AWS/RDS,SwapUsage,,average,503808.0
2026-09-30T10:10:00+00:00,db,AWS/RDS,SwapUsage,,average,503808.0
2026-09-30T10:11:00+00:00,db,AWS/RDS,SwapUsage,,average,503808.0
2026-09-30T10:12:00+00:00,db,AWS/RDS,SwapUsage,,average,503808.0
2026-09-30T10:13:00+00:00,db,AWS/RDS,SwapUsage,,average,507904.0
2026-09-30T10:14:00+00:00,db,AWS/RDS,SwapUsage,,average,507904.0
2026-09-30T10:15:00+00:00,db,AWS/RDS,SwapUsage,,average,507904.0
2026-09-30T10:02:00+00:00,db,AWS/RDS,SwapUsage,,maximum,520192.0
2026-09-30T10:03:00+00:00,db,AWS/RDS,SwapUsage,,maximum,507904.0
2026-09-30T10:04:00+00:00,db,AWS/RDS,SwapUsage,,maximum,507904.0
2026-09-30T10:05:00+00:00,db,AWS/RDS,SwapUsage,,maximum,507904.0
2026-09-30T10:06:00+00:00,db,AWS/RDS,SwapUsage,,maximum,507904.0
2026-09-30T10:07:00+00:00,db,AWS/RDS,SwapUsage,,maximum,507904.0
2026-09-30T10:08:00+00:00,db,AWS/RDS,SwapUsage,,maximum,503808.0
2026-09-30T10:09:00+00:00,db,AWS/RDS,SwapUsage,,maximum,503808.0
2026-09-30T10:10:00+00:00,db,AWS/RDS,SwapUsage,,maximum,503808.0
2026-09-30T10:11:00+00:00,db,AWS/RDS,SwapUsage,,maximum,503808.0
2026-09-30T10:12:00+00:00,db,AWS/RDS,SwapUsage,,maximum,503808.0
2026-09-30T10:13:00+00:00,db,AWS/RDS,SwapUsage,,maximum,507904.0
2026-09-30T10:14:00+00:00,db,AWS/RDS,SwapUsage,,maximum,507904.0
2026-09-30T10:15:00+00:00,db,AWS/RDS,SwapUsage,,maximum,507904.0
2026-09-30T10:02:00+00:00,db,AWS/RDS,DiskQueueDepth,,average,0.010039691804809714
2026-09-30T10:03:00+00:00,db,AWS/RDS,DiskQueueDepth,,average,0.07279150765743997
2026-09-30T10:04:00+00:00,db,AWS/RDS,DiskQueueDepth,,average,0.00034999416676388727
2026-09-30T10:05:00+00:00,db,AWS/RDS,DiskQueueDepth,,average,0.006213663396025255
2026-09-30T10:06:00+00:00,db,AWS/RDS,DiskQueueDepth,,average,0.007602660931325964
2026-09-30T10:07:00+00:00,db,AWS/RDS,DiskQueueDepth,,average,0.005974670061743805
2026-09-30T10:08:00+00:00,db,AWS/RDS,DiskQueueDepth,,average,0.07163476780857347
2026-09-30T10:09:00+00:00,db,AWS/RDS,DiskQueueDepth,,average,0.0052186671557430345
2026-09-30T10:10:00+00:00,db,AWS/RDS,DiskQueueDepth,,average,0.005315337832208614
2026-09-30T10:11:00+00:00,db,AWS/RDS,DiskQueueDepth,,average,0.009482859190373815
2026-09-30T10:12:00+00:00,db,AWS/RDS,DiskQueueDepth,,average,0.011385800256722289
2026-09-30T10:13:00+00:00,db,AWS/RDS,DiskQueueDepth,,average,0.06804432963919674
2026-09-30T10:14:00+00:00,db,AWS/RDS,DiskQueueDepth,,average,0.00026670222696359517
2026-09-30T10:15:00+00:00,db,AWS/RDS,DiskQueueDepth,,average,0.0010002333877904845
2026-09-30T10:02:00+00:00,db,AWS/RDS,DiskQueueDepth,,maximum,0.010039691804809714
2026-09-30T10:03:00+00:00,db,AWS/RDS,DiskQueueDepth,,maximum,0.07279150765743997
2026-09-30T10:04:00+00:00,db,AWS/RDS,DiskQueueDepth,,maximum,0.00034999416676388727
2026-09-30T10:05:00+00:00,db,AWS/RDS,DiskQueueDepth,,maximum,0.006213663396025255
2026-09-30T10:06:00+00:00,db,AWS/RDS,DiskQueueDepth,,maximum,0.007602660931325964
2026-09-30T10:07:00+00:00,db,AWS/RDS,DiskQueueDepth,,maximum,0.005974670061743805
2026-09-30T10:08:00+00:00,db,AWS/RDS,DiskQueueDepth,,maximum,0.07163476780857347
2026-09-30T10:09:00+00:00,db,AWS/RDS,DiskQueueDepth,,maximum,0.0052186671557430345
2026-09-30T10:10:00+00:00,db,AWS/RDS,DiskQueueDepth,,maximum,0.005315337832208614
2026-09-30T10:11:00+00:00,db,AWS/RDS,DiskQueueDepth,,maximum,0.009482859190373815
2026-09-30T10:12:00+00:00,db,AWS/RDS,DiskQueueDepth,,maximum,0.011385800256722289
2026-09-30T10:13:00+00:00,db,AWS/RDS,DiskQueueDepth,,maximum,0.06804432963919674
2026-09-30T10:14:00+00:00,db,AWS/RDS,DiskQueueDepth,,maximum,0.00026670222696359517
2026-09-30T10:15:00+00:00,db,AWS/RDS,DiskQueueDepth,,maximum,0.0010002333877904845
2026-09-30T10:02:00+00:00,db,AWS/RDS,ReadThroughput,,average,0.0
2026-09-30T10:03:00+00:00,db,AWS/RDS,ReadThroughput,,average,68.25870315129902
2026-09-30T10:04:00+00:00,db,AWS/RDS,ReadThroughput,,average,0.0
2026-09-30T10:05:00+00:00,db,AWS/RDS,ReadThroughput,,average,750.5705575638441
2026-09-30T10:06:00+00:00,db,AWS/RDS,ReadThroughput,,average,0.0
2026-09-30T10:07:00+00:00,db,AWS/RDS,ReadThroughput,,average,204.5068734813434
2026-09-30T10:08:00+00:00,db,AWS/RDS,ReadThroughput,,average,12302.558026998615
2026-09-30T10:09:00+00:00,db,AWS/RDS,ReadThroughput,,average,0.0
2026-09-30T10:10:00+00:00,db,AWS/RDS,ReadThroughput,,average,682.5074149365148
2026-09-30T10:11:00+00:00,db,AWS/RDS,ReadThroughput,,average,0.0
2026-09-30T10:12:00+00:00,db,AWS/RDS,ReadThroughput,,average,0.0
2026-09-30T10:13:00+00:00,db,AWS/RDS,ReadThroughput,,average,68.26097825181235
2026-09-30T10:14:00+00:00,db,AWS/RDS,ReadThroughput,,average,0.0
2026-09-30T10:15:00+00:00,db,AWS/RDS,ReadThroughput,,average,682.8373760106693
2026-09-30T10:02:00+00:00,db,AWS/RDS,ReadThroughput,,maximum,0.0
2026-09-30T10:03:00+00:00,db,AWS/RDS,ReadThroughput,,maximum,68.25870315129902
2026-09-30T10:04:00+00:00,db,AWS/RDS,ReadThroughput,,maximum,0.0
2026-09-30T10:05:00+00:00,db,AWS/RDS,ReadThroughput,,maximum,750.5705575638441
2026-09-30T10:06:00+00:00,db,AWS/RDS,ReadThroughput,,maximum,0.0
2026-09-30T10:07:00+00:00,db,AWS/RDS,ReadThroughput,,maximum,204.5068734813434
2026-09-30T10:08:00+00:00,db,AWS/RDS,ReadThroughput,,maximum,12302.558026998615
2026-09-30T10:09:00+00:00,db,AWS/RDS,ReadThroughput,,maximum,0.0
2026-09-30T10:10:00+00:00,db,AWS/RDS,ReadThroughput,,maximum,682.5074149365148
2026-09-30T10:11:00+00:00,db,AWS/RDS,ReadThroughput,,maximum,0.0
2026-09-30T10:12:00+00:00,db,AWS/RDS,ReadThroughput,,maximum,0.0
2026-09-30T10:13:00+00:00,db,AWS/RDS,ReadThroughput,,maximum,68.26097825181235
2026-09-30T10:14:00+00:00,db,AWS/RDS,ReadThroughput,,maximum,0.0
2026-09-30T10:15:00+00:00,db,AWS/RDS,ReadThroughput,,maximum,682.8373760106693
2026-09-30T10:02:00+00:00,db,AWS/RDS,WriteLatency,,average,0.0007267525035765379
2026-09-30T10:03:00+00:00,db,AWS/RDS,WriteLatency,,average,0.003695616211745244
2026-09-30T10:04:00+00:00,db,AWS/RDS,WriteLatency,,average,5.797101449275363e-05
2026-09-30T10:05:00+00:00,db,AWS/RDS,WriteLatency,,average,0.0002339561332250203
2026-09-30T10:06:00+00:00,db,AWS/RDS,WriteLatency,,average,0.0004289544235924933
2026-09-30T10:07:00+00:00,db,AWS/RDS,WriteLatency,,average,0.00046338215712383486
2026-09-30T10:08:00+00:00,db,AWS/RDS,WriteLatency,,average,0.0021894296180010467
2026-09-30T10:09:00+00:00,db,AWS/RDS,WriteLatency,,average,0.0004335483870967742
2026-09-30T10:10:00+00:00,db,AWS/RDS,WriteLatency,,average,0.0005309734513274336
2026-09-30T10:11:00+00:00,db,AWS/RDS,WriteLatency,,average,0.0007462277091906722
2026-09-30T10:12:00+00:00,db,AWS/RDS,WriteLatency,,average,0.0011205510907003444
2026-09-30T10:13:00+00:00,db,AWS/RDS,WriteLatency,,average,0.0021643984757757214
2026-09-30T10:14:00+00:00,db,AWS/RDS,WriteLatency,,average,0.0001509433962264151
2026-09-30T10:15:00+00:00,db,AWS/RDS,WriteLatency,,average,0.000186046511627907
2026-09-30T10:02:00+00:00,db,AWS/RDS,WriteLatency,,maximum,0.0007267525035765379
2026-09-30T10:03:00+00:00,db,AWS/RDS,WriteLatency,,maximum,0.003695616211745244
2026-09-30T10:04:00+00:00,db,AWS/RDS,WriteLatency,,maximum,5.797101449275363e-05
2026-09-30T10:05:00+00:00,db,AWS/RDS,WriteLatency,,maximum,0.0002339561332250203
2026-09-30T10:06:00+00:00,db,AWS/RDS,WriteLatency,,maximum,0.0004289544235924933
2026-09-30T10:07:00+00:00,db,AWS/RDS,WriteLatency,,maximum,0.00046338215712383486
2026-09-30T10:08:00+00:00,db,AWS/RDS,WriteLatency,,maximum,0.0021894296180010467
2026-09-30T10:09:00+00:00,db,AWS/RDS,WriteLatency,,maximum,0.0004335483870967742
2026-09-30T10:10:00+00:00,db,AWS/RDS,WriteLatency,,maximum,0.0005309734513274336
2026-09-30T10:11:00+00:00,db,AWS/RDS,WriteLatency,,maximum,0.0007462277091906722
2026-09-30T10:12:00+00:00,db,AWS/RDS,WriteLatency,,maximum,0.0011205510907003444
2026-09-30T10:13:00+00:00,db,AWS/RDS,WriteLatency,,maximum,0.0021643984757757214
2026-09-30T10:14:00+00:00,db,AWS/RDS,WriteLatency,,maximum,0.0001509433962264151
2026-09-30T10:15:00+00:00,db,AWS/RDS,WriteLatency,,maximum,0.000186046511627907
2026-09-30T10:02:00+00:00,db,AWS/RDS,DatabaseConnections,,average,10.0
2026-09-30T10:03:00+00:00,db,AWS/RDS,DatabaseConnections,,average,10.0
2026-09-30T10:04:00+00:00,db,AWS/RDS,DatabaseConnections,,average,10.0
2026-09-30T10:05:00+00:00,db,AWS/RDS,DatabaseConnections,,average,10.0
2026-09-30T10:06:00+00:00,db,AWS/RDS,DatabaseConnections,,average,10.0
2026-09-30T10:07:00+00:00,db,AWS/RDS,DatabaseConnections,,average,10.0
2026-09-30T10:08:00+00:00,db,AWS/RDS,DatabaseConnections,,average,10.0
2026-09-30T10:09:00+00:00,db,AWS/RDS,DatabaseConnections,,average,10.0
2026-09-30T10:10:00+00:00,db,AWS/RDS,DatabaseConnections,,average,10.0
2026-09-30T10:11:00+00:00,db,AWS/RDS,DatabaseConnections,,average,10.0
2026-09-30T10:12:00+00:00,db,AWS/RDS,DatabaseConnections,,average,10.0
2026-09-30T10:13:00+00:00,db,AWS/RDS,DatabaseConnections,,average,10.0
2026-09-30T10:14:00+00:00,db,AWS/RDS,DatabaseConnections,,average,10.0
2026-09-30T10:15:00+00:00,db,AWS/RDS,DatabaseConnections,,average,10.0
2026-09-30T10:02:00+00:00,db,AWS/RDS,DatabaseConnections,,maximum,10.0
2026-09-30T10:03:00+00:00,db,AWS/RDS,DatabaseConnections,,maximum,10.0
2026-09-30T10:04:00+00:00,db,AWS/RDS,DatabaseConnections,,maximum,10.0
2026-09-30T10:05:00+00:00,db,AWS/RDS,DatabaseConnections,,maximum,10.0
2026-09-30T10:06:00+00:00,db,AWS/RDS,DatabaseConnections,,maximum,10.0
2026-09-30T10:07:00+00:00,db,AWS/RDS,DatabaseConnections,,maximum,10.0
2026-09-30T10:08:00+00:00,db,AWS/RDS,DatabaseConnections,,maximum,10.0
2026-09-30T10:09:00+00:00,db,AWS/RDS,DatabaseConnections,,maximum,10.0
2026-09-30T10:10:00+00:00,db,AWS/RDS,DatabaseConnections,,maximum,10.0
2026-09-30T10:11:00+00:00,db,AWS/RDS,DatabaseConnections,,maximum,10.0
2026-09-30T10:12:00+00:00,db,AWS/RDS,DatabaseConnections,,maximum,10.0
2026-09-30T10:13:00+00:00,db,AWS/RDS,DatabaseConnections,,maximum,10.0
2026-09-30T10:14:00+00:00,db,AWS/RDS,DatabaseConnections,,maximum,10.0
2026-09-30T10:15:00+00:00,db,AWS/RDS,DatabaseConnections,,maximum,10.0
2026-09-30T10:02:00+00:00,db,AWS/RDS,FreeableMemory,,average,152035328.0
2026-09-30T10:03:00+00:00,db,AWS/RDS,FreeableMemory,,average,155815936.0
2026-09-30T10:04:00+00:00,db,AWS/RDS,FreeableMemory,,average,153251840.0
2026-09-30T10:05:00+00:00,db,AWS/RDS,FreeableMemory,,average,153784320.0
2026-09-30T10:06:00+00:00,db,AWS/RDS,FreeableMemory,,average,152477696.0
2026-09-30T10:07:00+00:00,db,AWS/RDS,FreeableMemory,,average,151216128.0
2026-09-30T10:08:00+00:00,db,AWS/RDS,FreeableMemory,,average,154726400.0
2026-09-30T10:09:00+00:00,db,AWS/RDS,FreeableMemory,,average,153714688.0
2026-09-30T10:10:00+00:00,db,AWS/RDS,FreeableMemory,,average,152301568.0
2026-09-30T10:11:00+00:00,db,AWS/RDS,FreeableMemory,,average,151928832.0
2026-09-30T10:12:00+00:00,db,AWS/RDS,FreeableMemory,,average,151916544.0
2026-09-30T10:13:00+00:00,db,AWS/RDS,FreeableMemory,,average,153890816.0
2026-09-30T10:14:00+00:00,db,AWS/RDS,FreeableMemory,,average,152150016.0
2026-09-30T10:15:00+00:00,db,AWS/RDS,FreeableMemory,,average,152096768.0
2026-09-30T10:02:00+00:00,db,AWS/RDS,FreeableMemory,,maximum,152035328.0
2026-09-30T10:03:00+00:00,db,AWS/RDS,FreeableMemory,,maximum,155815936.0
2026-09-30T10:04:00+00:00,db,AWS/RDS,FreeableMemory,,maximum,153251840.0
2026-09-30T10:05:00+00:00,db,AWS/RDS,FreeableMemory,,maximum,153784320.0
2026-09-30T10:06:00+00:00,db,AWS/RDS,FreeableMemory,,maximum,152477696.0
2026-09-30T10:07:00+00:00,db,AWS/RDS,FreeableMemory,,maximum,151216128.0
2026-09-30T10:08:00+00:00,db,AWS/RDS,FreeableMemory,,maximum,154726400.0
2026-09-30T10:09:00+00:00,db,AWS/RDS,FreeableMemory,,maximum,153714688.0
2026-09-30T10:10:00+00:00,db,AWS/RDS,FreeableMemory,,maximum,152301568.0
2026-09-30T10:11:00+00:00,db,AWS/RDS,FreeableMemory,,maximum,151928832.0
2026-09-30T10:12:00+00:00,db,AWS/RDS,FreeableMemory,,maximum,151916544.0
2026-09-30T10:13:00+00:00,db,AWS/RDS,FreeableMemory,,maximum,153890816.0
2026-09-30T10:14:00+00:00,db,AWS/RDS,FreeableMemory,,maximum,152150016.0
2026-09-30T10:15:00+00:00,db,AWS/RDS,FreeableMemory,,maximum,152096768.0
2026-09-30T10:02:00+00:00,db,AWS/RDS,ReadLatency,,average,0.0
2026-09-30T10:03:00+00:00,db,AWS/RDS,ReadLatency,,average,0.0
2026-09-30T10:04:00+00:00,db,AWS/RDS,ReadLatency,,average,0.0
2026-09-30T10:05:00+00:00,db,AWS/RDS,ReadLatency,,average,0.0007272727272727273
2026-09-30T10:06:00+00:00,db,AWS/RDS,ReadLatency,,average,0.0
2026-09-30T10:07:00+00:00,db,AWS/RDS,ReadLatency,,average,0.0
2026-09-30T10:08:00+00:00,db,AWS/RDS,ReadLatency,,average,0.0006857142857142857
2026-09-30T10:09:00+00:00,db,AWS/RDS,ReadLatency,,average,0.0
2026-09-30T10:10:00+00:00,db,AWS/RDS,ReadLatency,,average,0.0004
2026-09-30T10:11:00+00:00,db,AWS/RDS,ReadLatency,,average,0.0
2026-09-30T10:12:00+00:00,db,AWS/RDS,ReadLatency,,average,0.0
2026-09-30T10:13:00+00:00,db,AWS/RDS,ReadLatency,,average,0.0
2026-09-30T10:14:00+00:00,db,AWS/RDS,ReadLatency,,average,0.0
2026-09-30T10:15:00+00:00,db,AWS/RDS,ReadLatency,,average,0.0008
2026-09-30T10:02:00+00:00,db,AWS/RDS,ReadLatency,,maximum,0.0
2026-09-30T10:03:00+00:00,db,AWS/RDS,ReadLatency,,maximum,0.0
2026-09-30T10:04:00+00:00,db,AWS/RDS,ReadLatency,,maximum,0.0
2026-09-30T10:05:00+00:00,db,AWS/RDS,ReadLatency,,maximum,0.0007272727272727273
2026-09-30T10:06:00+00:00,db,AWS/RDS,ReadLatency,,maximum,0.0
2026-09-30T10:07:00+00:00,db,AWS/RDS,ReadLatency,,maximum,0.0
2026-09-30T10:08:00+00:00,db,AWS/RDS,ReadLatency,,maximum,0.0006857142857142857
2026-09-30T10:09:00+00:00,db,AWS/RDS,ReadLatency,,maximum,0.0
2026-09-30T10:10:00+00:00,db,AWS/RDS,ReadLatency,,maximum,0.0004
2026-09-30T10:11:00+00:00,db,AWS/RDS,ReadLatency,,maximum,0.0
2026-09-30T10:12:00+00:00,db,AWS/RDS,ReadLatency,,maximum,0.0
2026-09-30T10:13:00+00:00,db,AWS/RDS,ReadLatency,,maximum,0.0
2026-09-30T10:14:00+00:00,db,AWS/RDS,ReadLatency,,maximum,0.0
2026-09-30T10:15:00+00:00,db,AWS/RDS,ReadLatency,,maximum,0.0008
2026-09-30T10:02:00+00:00,db,AWS/RDS,FreeStorageSpace,,average,18718928896.0
2026-09-30T10:03:00+00:00,db,AWS/RDS,FreeStorageSpace,,average,18651799552.0
2026-09-30T10:04:00+00:00,db,AWS/RDS,FreeStorageSpace,,average,18651799552.0
2026-09-30T10:05:00+00:00,db,AWS/RDS,FreeStorageSpace,,average,18652807168.0
2026-09-30T10:06:00+00:00,db,AWS/RDS,FreeStorageSpace,,average,18652594176.0
2026-09-30T10:07:00+00:00,db,AWS/RDS,FreeStorageSpace,,average,18652438528.0
2026-09-30T10:08:00+00:00,db,AWS/RDS,FreeStorageSpace,,average,18585231360.0
2026-09-30T10:09:00+00:00,db,AWS/RDS,FreeStorageSpace,,average,18585083904.0
2026-09-30T10:10:00+00:00,db,AWS/RDS,FreeStorageSpace,,average,18585014272.0
2026-09-30T10:11:00+00:00,db,AWS/RDS,FreeStorageSpace,,average,18584899584.0
2026-09-30T10:12:00+00:00,db,AWS/RDS,FreeStorageSpace,,average,18584784896.0
2026-09-30T10:13:00+00:00,db,AWS/RDS,FreeStorageSpace,,average,18517532672.0
2026-09-30T10:14:00+00:00,db,AWS/RDS,FreeStorageSpace,,average,18517532672.0
2026-09-30T10:15:00+00:00,db,AWS/RDS,FreeStorageSpace,,average,18517532672.0
2026-09-30T10:02:00+00:00,db,AWS/RDS,FreeStorageSpace,,maximum,18718928896.0
2026-09-30T10:03:00+00:00,db,AWS/RDS,FreeStorageSpace,,maximum,18651799552.0
2026-09-30T10:04:00+00:00,db,AWS/RDS,FreeStorageSpace,,maximum,18651799552.0
2026-09-30T10:05:00+00:00,db,AWS/RDS,FreeStorageSpace,,maximum,18652807168.0
2026-09-30T10:06:00+00:00,db,AWS/RDS,FreeStorageSpace,,maximum,18652594176.0
2026-09-30T10:07:00+00:00,db,AWS/RDS,FreeStorageSpace,,maximum,18652438528.0
2026-09-30T10:08:00+00:00,db,AWS/RDS,FreeStorageSpace,,maximum,18585231360.0
2026-09-30T10:09:00+00:00,db,AWS/RDS,FreeStorageSpace,,maximum,18585083904.0
2026-09-30T10:10:00+00:00,db,AWS/RDS,FreeStorageSpace,,maximum,18585014272.0
2026-09-30T10:11:00+00:00,db,AWS/RDS,FreeStorageSpace,,maximum,18584899584.0
2026-09-30T10:12:00+00:00,db,AWS/RDS,FreeStorageSpace,,maximum,18584784896.0
2026-09-30T10:13:00+00:00,db,AWS/RDS,FreeStorageSpace,,maximum,18517532672.0
2026-09-30T10:14:00+00:00,db,AWS/RDS,FreeStorageSpace,,maximum,18517532672.0
2026-09-30T10:15:00+00:00,db,AWS/RDS,FreeStorageSpace,,maximum,18517532672.0
2026-09-30T10:02:00+00:00,db,AWS/RDS,WriteIOPS,,average,10.456622527600814
2026-09-30T10:03:00+00:00,db,AWS/RDS,WriteIOPS,,average,19.34806519348065
2026-09-30T10:04:00+00:00,db,AWS/RDS,WriteIOPS,,average,0.6333227779537007
2026-09-30T10:05:00+00:00,db,AWS/RDS,WriteIOPS,,average,7.196521681187426
2026-09-30T10:06:00+00:00,db,AWS/RDS,WriteIOPS,,average,17.02262458527151
2026-09-30T10:07:00+00:00,db,AWS/RDS,WriteIOPS,,average,11.250166422580216
2026-09-30T10:08:00+00:00,db,AWS/RDS,WriteIOPS,,average,30.2863436123348
2026-09-30T10:09:00+00:00,db,AWS/RDS,WriteIOPS,,average,11.254126513054787
2026-09-30T10:10:00+00:00,db,AWS/RDS,WriteIOPS,,average,10.380911120738494
2026-09-30T10:11:00+00:00,db,AWS/RDS,WriteIOPS,,average,11.249250049996666
2026-09-30T10:12:00+00:00,db,AWS/RDS,WriteIOPS,,average,11.702730637148669
2026-09-30T10:13:00+00:00,db,AWS/RDS,WriteIOPS,,average,28.847596033663862
2026-09-30T10:14:00+00:00,db,AWS/RDS,WriteIOPS,,average,0.5500641741536513
2026-09-30T10:15:00+00:00,db,AWS/RDS,WriteIOPS,,average,0.5001250312578145
2026-09-30T10:02:00+00:00,db,AWS/RDS,WriteIOPS,,maximum,10.456622527600814
2026-09-30T10:03:00+00:00,db,AWS/RDS,WriteIOPS,,maximum,19.34806519348065
2026-09-30T10:04:00+00:00,db,AWS/RDS,WriteIOPS,,maximum,0.6333227779537007
2026-09-30T10:05:00+00:00,db,AWS/RDS,WriteIOPS,,maximum,7.196521681187426
2026-09-30T10:06:00+00:00,db,AWS/RDS,WriteIOPS,,maximum,17.02262458527151
2026-09-30T10:07:00+00:00,db,AWS/RDS,WriteIOPS,,maximum,11.250166422580216
2026-09-30T10:08:00+00:00,db,AWS/RDS,WriteIOPS,,maximum,30.2863436123348
2026-09-30T10:09:00+00:00,db,AWS/RDS,WriteIOPS,,maximum,11.254126513054787
2026-09-30T10:10:00+00:00,db,AWS/RDS,WriteIOPS,,maximum,10.380911120738494
2026-09-30T10:11:00+00:00,db,AWS/RDS,WriteIOPS,,maximum,11.249250049996666
2026-09-30T10:12:00+00:00,db,AWS/RDS,WriteIOPS,,maximum,11.702730637148669
2026-09-30T10:13:00+00:00,db,AWS/RDS,WriteIOPS,,maximum,28.847596033663862
2026-09-30T10:14:00+00:00,db,AWS/RDS,WriteIOPS,,maximum,0.5500641741536513
2026-09-30T10:15:00+00:00,db,AWS/RDS,WriteIOPS,,maximum,0.5001250312578145
2026-09-30T10:02:00+00:00,db,AWS/RDS,ReadIOPS,,average,0.0
2026-09-30T10:03:00+00:00,db,AWS/RDS,ReadIOPS,,average,0.016665000166650002
2026-09-30T10:04:00+00:00,db,AWS/RDS,ReadIOPS,,average,0.0
2026-09-30T10:05:00+00:00,db,AWS/RDS,ReadIOPS,,average,1.316030585217145
2026-09-30T10:06:00+00:00,db,AWS/RDS,ReadIOPS,,average,0.0
2026-09-30T10:07:00+00:00,db,AWS/RDS,ReadIOPS,,average,0.0499267740647051
2026-09-30T10:08:00+00:00,db,AWS/RDS,ReadIOPS,,average,0.5840341743425443
2026-09-30T10:09:00+00:00,db,AWS/RDS,ReadIOPS,,average,0.0
2026-09-30T10:10:00+00:00,db,AWS/RDS,ReadIOPS,,average,1.2996967374279336
2026-09-30T10:11:00+00:00,db,AWS/RDS,ReadIOPS,,average,0.0
2026-09-30T10:12:00+00:00,db,AWS/RDS,ReadIOPS,,average,0.0
2026-09-30T10:13:00+00:00,db,AWS/RDS,ReadIOPS,,average,0.016665277893508874
2026-09-30T10:14:00+00:00,db,AWS/RDS,ReadIOPS,,average,0.0
2026-09-30T10:15:00+00:00,db,AWS/RDS,ReadIOPS,,average,1.3003250812703175
2026-09-30T10:02:00+00:00,db,AWS/RDS,ReadIOPS,,maximum,0.0
2026-09-30T10:03:00+00:00,db,AWS/RDS,ReadIOPS,,maximum,0.016665000166650002
2026-09-30T10:04:00+00:00,db,AWS/RDS,ReadIOPS,,maximum,0.0
2026-09-30T10:05:00+00:00,db,AWS/RDS,ReadIOPS,,maximum,1.316030585217145
2026-09-30T10:06:00+00:00,db,AWS/RDS,ReadIOPS,,maximum,0.0
2026-09-30T10:07:00+00:00,db,AWS/RDS,ReadIOPS,,maximum,0.0499267740647051
2026-09-30T10:08:00+00:00,db,AWS/RDS,ReadIOPS,,maximum,0.5840341743425443
2026-09-30T10:09:00+00:00,db,AWS/RDS,ReadIOPS,,maximum,0.0
2026-09-30T10:10:00+00:00,db,AWS/RDS,ReadIOPS,,maximum,1.2996967374279336
2026-09-30T10:11:00+00:00,db,AWS/RDS,ReadIOPS,,maximum,0.0
2026-09-30T10:12:00+00:00,db,AWS/RDS,ReadIOPS,,maximum,0.0
2026-09-30T10:13:00+00:00,db,AWS/RDS,ReadIOPS,,maximum,0.016665277893508874
2026-09-30T10:14:00+00:00,db,AWS/RDS,ReadIOPS,,maximum,0.0
2026-09-30T10:15:00+00:00,db,AWS/RDS,ReadIOPS,,maximum,1.3003250812703175
2026-09-30T10:05:00+00:00,db,AWS/RDS,CPUCreditUsage,,average,0.5692097333333334
2026-09-30T10:10:00+00:00,db,AWS/RDS,CPUCreditUsage,,average,0.83798035
2026-09-30T10:15:00+00:00,db,AWS/RDS,CPUCreditUsage,,average,0.6418218333333333
2026-09-30T10:05:00+00:00,db,AWS/RDS,CPUCreditUsage,,maximum,0.5692097333333334
2026-09-30T10:10:00+00:00,db,AWS/RDS,CPUCreditUsage,,maximum,0.83798035
2026-09-30T10:15:00+00:00,db,AWS/RDS,CPUCreditUsage,,maximum,0.6418218333333333
2026-09-30T10:05:00+00:00,db,AWS/RDS,CPUCreditBalance,,average,14.145631166666666
2026-09-30T10:10:00+00:00,db,AWS/RDS,CPUCreditBalance,,average,14.307540816666666
2026-09-30T10:15:00+00:00,db,AWS/RDS,CPUCreditBalance,,average,14.66703565
2026-09-30T10:05:00+00:00,db,AWS/RDS,CPUCreditBalance,,maximum,14.145631166666666
2026-09-30T10:10:00+00:00,db,AWS/RDS,CPUCreditBalance,,maximum,14.307540816666666
2026-09-30T10:15:00+00:00,db,AWS/RDS,CPUCreditBalance,,maximum,14.66703565
