1988a5,19,1790763596213
baa6d8,50,1790849096213
5bc33e,18,1790849096213
c9cb76,26,1790763596213
8aeded,51,1790849096213
3c0155,22,1790763596213
71da20,59,1790763596213
8f3089,47,1790763596213
acefd5,19,1790849096213
84941c,55,1790849096213
e0cec5,30,1790763596213
6276e4,31,1790763596213
42f2c4,42,1790849096213
1aad57,38,1790763596213
c70df7,33,1790849096213
8fdf5a,53,1790849096213
0b1df2,28,1790763596213
0346a3,23,1790849096213
fe1eba,36,1790849096213
b1cb1c,16,1790763596213
72221e,26,1790763596213
a0aa0c,27,1790849096213
9da4a3,55,1790849096213
3e92ab,36,1790849096213
19a391,32,1790849096213
992024,47,1790764496213
364b3e,49,1790763596213
3c58a8,30,1790763596213
15c3e5,53,1790764496213
e64aa6,43,1790764496213
b4efcd,26,1790764496213
9d7bd5,37,1790763596213
df9163,22,1790849096213
20bfcd,37,1790849096213
9ebc13,44,1790764496213
c8643e,25,1790763596213
f24eef,58,1790764496213
272474,44,1790764496213
13bf90,18,1790849096213
630d83,16,1790763596213
6efa43,22,1790763596213
21dec0,24,1790849096213
9a2255,24,1790763596213
80979e,39,1790849096213
8bc498,49,1790849096213
b8257f,20,1790763596213
0741e7,42,1790764496213
bd754d,51,1790849096213
272141,56,1790764496213
36695b,24,1790763596213
575b63,54,1790763596213
5ce6f6,37,1790763596213
5597c9,19,1790764496213
181169,24,1790763596213
730dbd,58,1790763596213
76a3b7,40,1790849096213
284144,37,1790764496213
b826e1,30,1790849096213
665b08,48,1790764496213
19b288,47,1790849096213
0df0a5,38,1790763596213
6e994a,37,1790849096213
76e21b,46,1790764496213
23da42,33,1790849096213
f673a1,17,1790763596213
2e2755,28,1790764496213
6916f1,39,1790764496213
2bd287,19,1790763596213
3ec0bb,21,1790763596213
93932d,58,1790764496213
b60205,43,1790763596213
abac4c,32,1790763596213
460ebc,52,1790764496213
a5eca3,22,1790763596213
482c6b,18,1790849096213
fa0d96,23,1790764496213
337739,19,1790763596213
52f55b,17,1790763596213
8132ce,28,1790763596213
c8d6ae,21,1790849096213
73e68d,17,1790763596213
5a09aa,41,1790849096213
f32af0,34,1790849096213
b9e44d,50,1790849096213
fef5e1,40,1790849096213
73f904,55,1790764496213
828204,49,1790763596213
5ff1c5,43,1790849096213
00f392,23,1790763596213
b652e0,27,1790763596213
2c4fee,31,1790849096213
7f5464,43,1790849096213
71cb02,38,1790764496213
41bb17,56,1790764496213
d18801,55,1790764496213
e912fb,17,1790764496213
f34732,43,1790763596213
5f79f1,19,1790763596213
e00511,52,1790764496213
5b1adf,42,1790763596213
081f58,29,1790849096213
cba45c,19,1790764496213
9a7182,52,1790763596213
5acab9,34,1790763596213
cca8d5,52,1790849096213
799c20,24,1790849096213
ffeabd,20,1790763596213
299918,28,1790763596213
391e21,24,1790849096213
5a9f3f,50,1790763596213
670775,21,1790849096213
911ff9,43,1790763596213
9ea317,35,1790764496213
020469,50,1790763596213
801cf8,60,1790764496213
7e0190,58,1790764496213
543fdd,41,1790764496213
2dc721,53,1790763596213
2d179c,18,1790849096213
5bc935,51,1790763596213
5583e9,53,1790763596213
3ef010,40,1790763596213
36697a,60,1790763596213
41460f,36,1790764496213
d43697,28,1790764496213
1d3055,60,1790763596213
82daa1,30,1790849096213
0225d5,40,1790763596213
e8e137,19,1790763596213
c2d2b2,25,1790849096213
2a08df,22,1790849096213
a18cae,27,1790764496213
ca877c,38,1790763596213
2f7ec6,50,1790849096213
f46b9f,35,1790849096213
bf9557,15,1790849096213
cbdc5e,48,1790764496213
0ec502,57,1790763596213
d1993f,44,1790849096213
0a2030,48,1790764496213
dcf687,43,1790849096213
eb9dc8,41,1790849096213
213a52,56,1790763596213
af2aaf,33,1790763596213
6f0c3f,59,1790764496213
3a3011,58,1790849096213
1236a6,23,1790849096213
8a5196,42,1790849096213
c03303,55,1790764496213
4ed9f9,37,1790763596213
29c992,47,1790763596213
301498,18,1790849096213
067b2d,18,1790764496213
e02457,58,1790764496213
031108,55,1790849096213
f80447,31,1790763596213
2f6a62,24,1790764496213
cd966e,31,1790849096213
2f3aab,38,1790763596213
a7c757,31,1790763596213
afc965,37,1790763596213
44cad8,52,1790764496213
9253ec,51,1790849096213
4fae3c,28,1790849096213
b51ba9,48,1790763596213
560b82,41,1790764496213
737bab,40,1790849096213
b340ef,26,1790764496213
2b1fd2,56,1790849096213
85dd8d,29,1790849096213
01af57,57,1790763596213
fa89a3,39,1790763596213
ababd8,37,1790764496213
e96f18,50,1790849096213
3fbc64,34,1790849096213
e65331,40,1790763596213
c10506,39,1790764496213
22ee9a,36,1790849096213
850ca4,50,1790763596213
adaee0,51,1790763596213
71bb1f,28,1790849096213
28e2d0,20,1790849096213
d5e97c,52,1790849096213
f2a9c0,30,1790764496213
d8899f,30,1790849096213
0a275b,16,1790763596213
500d6c,29,1790763596213
4ea9af,60,1790849096213
a7caf3,36,1790849096213
62b1a7,54,1790764496213
297d3b,17,1790849096213
75de40,41,1790763596213
9b14bf,57,1790764496213
edca76,44,1790764496213
81bfac,44,1790764496213
4e3501,25,1790763596213
4b4866,48,1790763596213
be809d,60,1790764496213
d7cf38,52,1790764496213
586b13,24,1790849096213
c877c4,41,1790764496213
c02644,47,1790849096213
21934b,48,1790764496213
1193ab,43,1790763596213
a43cb0,29,1790764496213
561db1,34,1790849096213
4b4dca,53,1790763596213
6c9fc2,46,1790764496213
a37c5e,37,1790764496213
e1312c,59,1790763596213
0dff38,24,1790763596213
f7827f,30,1790849096213
45ddcb,39,1790764496213
136d7f,23,1790849096213
a67525,15,1790763596213
49e802,51,1790849096213
a2cdaa,27,1790763596213
7a5c41,32,1790764496213
7d3701,21,1790849096213
9d381d,22,1790764496213
885ddd,52,1790763596213
04fc6a,35,1790764496213
34c40e,42,1790764496213
58140f,58,1790764496213
eb521c,28,1790764496213
2aaf4c,48,1790763596213
657f1f,48,1790763596213
e056fa,59,1790763596213
f3c309,54,1790849096213
aa7fb5,39,1790849096213
1fab6e,58,1790849096213
fc05b0,31,1790764496213
2d5896,41,1790764496213
05e4de,15,1790763596213
b1f557,50,1790763596213
fa8172,31,1790849096213
a79bdf,18,1790764496213
c4b875,23,1790849096213
744357,48,1790764496213
a7415c,37,1790764496213
fe4bfe,37,1790764496213
d1cbfa,22,1790763596213
ec658a,20,1790763596213
ea1947,51,1790764496213
3f5887,50,1790849096213
d5cd17,42,1790763596213
912382,37,1790763596213
511a3f,46,1790763596213
829ed2,60,1790763596213
0505a8,29,1790764496213
45ec94,36,1790763596213
1c2ef8,59,1790764496213
aedc92,15,1790764496213
095232,56,1790764496213
057c82,42,1790763596213
012e1e,31,1790763596213
13487b,40,1790764496213
3473a9,41,1790763596213
5ba9e5,21,1790849096213
d6ba6f,35,1790764496213
0644ce,54,1790849096213
9b26ad,15,1790763596213
633c41,38,1790764496213
ee97e5,35,1790763596213
7cecc6,58,1790849096213
012764,43,1790764496213
f61fc8,43,1790764496213
40d711,29,1790764496213
4272bb,52,1790764496213
d21db1,35,1790763596213
b10e55,47,1790849096213
f15573,21,1790763596213
c6352a,21,1790763596213
8d7ead,44,1790764496213
abda2e,35,1790849096213
a9d691,49,1790764496213
e4a24a,39,1790849096213
652279,59,1790764496213
6e8f8a,16,1790764496213
e99f59,41,1790763596213
e0265e,40,1790764496213
bf887d,46,1790763596213
53e1e5,56,1790763596213
ff87f9,19,1790849096213
ef9779,38,1790764496213
28a91d,46,1790764496213
7917f8,23,1790764496213
7636bf,34,1790763596213
b1db0f,42,1790849096213
822121,20,1790763596213
d90ead,27,1790849096213
ac320f,45,1790763596213
753027,51,1790763596213
67b5de,52,1790763596213
ad5756,42,1790849096213
142742,33,1790764496213
14ca35,15,1790763596213
518bee,53,1790849096213
72ee34,48,1790849096213
3ae53d,24,1790763596213
085d14,43,1790764496213
b8c19e,25,1790763596213
ca52ca,22,1790764496213
6583ba,33,1790764496213
9b2ba7,59,1790764496213
86a5e0,16,1790763596213
4f41a9,45,1790763596213
d5587a,54,1790763596213
6f6133,60,1790764496213
b48712,36,1790764496213
c714c3,49,1790764496213
dd9df3,35,1790764496213
392ca7,46,1790763596213
47620b,16,1790849096213
cdf9aa,45,1790763596213
998e47,48,1790764496213
b35c8a,49,1790763596213
d7a617,41,1790763596213
3bbd3c,15,1790763596213
34cc31,33,1790849096213
7bf506,43,1790763596213
5c6e09,52,1790763596213
817c74,16,1790764496213
964541,17,1790763596213
cbc497,59,1790849096213
7a7668,48,1790763596213
61c2a3,36,1790764496213
115337,31,1790764496213
79b997,33,1790763596213
b548de,45,1790849096213
f0d773,45,1790764496213
baad1b,26,1790849096213
3a4c3f,17,1790849096213
286ef0,40,1790764496213
c7bcb1,52,1790849096213
301127,45,1790763596213
09e720,38,1790763596213
7a25e8,51,1790764496213
9751ea,45,1790763596213
467b3e,23,1790849096213
84bb76,36,1790764496213
59ab62,40,1790764496213
58acff,47,1790763596213
26b60c,17,1790763596213
0ae74d,24,1790764496213
8d61be,18,1790849096213
6673cd,53,1790763596213
e247c2,19,1790764496213
0e72b2,29,1790849096213
7ebebf,51,1790849096213
8bffac,30,1790849096213
43c8ed,52,1790763596213
7e97f8,36,1790764496213
3f1a97,54,1790849096213
f6f6a7,48,1790764496213
28787a,19,1790764496213
538c3d,34,1790849096213
f883a2,59,1790764496213
35e6a9,48,1790849096213
1f4ab6,19,1790849096213
e1b3fc,18,1790849096213
bb2099,38,1790763596213
e33535,33,1790849096213
589198,50,1790763596213
da331a,58,1790849096213
c28c27,38,1790764496213
d6f1a6,35,1790849096213
bb71c4,58,1790764496213
a5f56f,22,1790849096213
ae2eb7,19,1790849096213
11aa2e,52,1790764496213
0788d0,27,1790763596213
09c29c,16,1790849096213
998a45,50,1790849096213
ca9899,19,1790763596213
e88a26,46,1790763596213
c78dfc,54,1790849096213
50da72,54,1790763596213
12a32e,58,1790849096213
7c6461,55,1790764496213
a4f32a,50,1790764496213
9ef590,24,1790764496213
9315fc,52,1790763596213
3b7375,59,1790763596213
0881ab,38,1790763596213
3904c2,27,1790764496213
f19711,50,1790764496213
89e3a2,44,1790849096213
86ea09,27,1790764496213
5ec2d0,53,1790764496213
ce4c4f,36,1790763596213
796d1b,51,1790849096213
239245,38,1790763596213
a898bb,55,1790849096213
ffdf79,51,1790764496213
1710ca,59,1790764496213
8dbf69,19,1790849096213
b7536f,16,1790763596213
f355cf,58,1790763596213
cc4043,25,1790763596213
34d5cf,25,1790764496213
c4745c,47,1790763596213
90b792,25,1790849096213
c70215,58,1790763596213
d7d1d3,18,1790849096213
3501d0,20,1790849096213
b56f89,39,1790763596213
9d70b2,39,1790849096213
72c13b,51,1790763596213
8dff55,45,1790764496213
555f48,15,1790763596213
edc6be,19,1790764496213
b5a2c0,56,1790763596213
07f852,24,1790764496213
fa88d1,20,1790764496213
a1f923,15,1790764496213
f540ff,38,1790763596213
63bc8f,16,1790764496213
a87afb,40,1790849096213
aae8c3,27,1790763596213
9bd4ff,33,1790763596213
a4d6e9,37,1790849096213
d0f464,21,1790763596213
254110,31,1790764496213
3bd18f,46,1790849096213
2797e8,55,1790764496213
bb9b7c,37,1790763596213
a1e208,34,1790849096213
7982a4,51,1790849096213
6a5738,37,1790849096213
f90838,57,1790764496213
ff098a,57,1790763596213
52ca9b,50,1790849096213
0fee4d,28,1790764496213
5e74af,47,1790849096213
f43597,34,1790849096213
c28932,49,1790764496213
fd2bfc,18,1790849096213
9c9fc6,58,1790764496213
025da2,56,1790764496213
67401d,32,1790763596213
f95bb8,16,1790764496213
3b9ce4,26,1790763596213
bafd81,37,1790764496213
abdca4,26,1790849096213
208311,39,1790849096213
dcbcd9,46,1790764496213
1b9d3f,24,1790764496213
b100e3,34,1790763596213
ceff1f,55,1790849096213
323ec4,54,1790763596213
cdf727,28,1790763596213
8ba6a7,34,1790764496213
07fc5c,50,1790764496213
63a06c,35,1790849096213
d4039f,49,1790763596213
9b5710,24,1790763596213
e022bb,29,1790764496213
2d476f,50,1790763596213
0fcca7,21,1790763596213
06be45,46,1790764496213
bc09ce,57,1790764496213
0cd7b1,56,1790764496213
641273,24,1790763596213
5db283,42,1790849096213
ff56c8,29,1790763596213
9b5c1d,26,1790763596213
21295c,55,1790763596213
2cad7a,17,1790763596213
468940,45,1790849096213
7d732b,48,1790849096213
98fe4a,40,1790763596213
389355,58,1790763596213
c4e56c,59,1790763596213
1f9d28,24,1790849096213
556690,50,1790764496213
b68698,25,1790764496213
93cfed,51,1790763596213
6b0cf3,60,1790763596213
649e45,52,1790764496213
a6649a,27,1790849096213
de4eb0,48,1790764496213
cb597b,26,1790849096213
98761e,40,1790849096213
4c4864,21,1790849096213
298778,48,1790849096213
57b7a5,30,1790763596213
c30814,52,1790763596213
40996f,56,1790849096213
a517a4,47,1790764496213
b962ac,15,1790764496213
6973de,33,1790849096213
a718ef,27,1790849096213
2cb23c,53,1790764496213
afac7d,58,1790764496213
e20739,59,1790763596213
9833d6,19,1790763596213
0d439d,40,1790849096213
52e269,48,1790849096213
2cb6b3,35,1790764496213
55d209,34,1790763596213
4f11c9,44,1790763596213
519ab9,50,1790764496213
ce6000,15,1790764496213
86684c,25,1790764496213
e6fb8e,27,1790763596213
24ced3,29,1790764496213
fbfaea,19,1790849096213
714d0e,54,1790764496213
2f8870,56,1790764496213
0776c8,30,1790849096213
db3a75,33,1790764496213
b214a8,37,1790763596213
649b8f,27,1790763596213
c1c28a,18,1790764496213
f8757b,38,1790764496213
c3f1e6,20,1790849096213
5c0ed4,19,1790849096213
686b6f,45,1790763596213
c93334,51,1790849096213
1e68b7,19,1790764496213
eb7393,50,1790764496213
6e9293,16,1790764496213
7af167,44,1790849096213
5b160c,26,1790763596213
6eda89,49,1790763596213
93b8e0,56,1790764496213
e8f2a6,50,1790849096213
b93937,50,1790849096213
088f3b,49,1790764496213
2ae1d1,21,1790849096213
b2e815,27,1790764496213
d71a99,51,1790763596213
5977e9,20,1790764496213
5a01ea,18,1790849096213
ccf5c9,52,1790764496213
4aef5c,27,1790849096213
143d20,60,1790849096213
b33bb2,38,1790763596213
34e968,46,1790763596213
12f7ba,48,1790763596213
6dde62,35,1790764496213
95b44f,18,1790764496213
9f25cd,25,1790849096213
2f5e6a,50,1790763596213
7c1577,28,1790763596213
034227,25,1790764496213
9eb3e5,57,1790764496213
b81a0e,40,1790764496213
125ce8,59,1790849096213
4793d9,18,1790763596213
b4a251,58,1790764496213
a54b24,28,1790764496213
12e9bc,29,1790763596213
19fd9e,52,1790849096213
01ad0f,37,1790764496213
45026a,21,1790763596213
7d2c09,53,1790849096213
502c87,47,1790764496213
4ac849,59,1790849096213
788a72,23,1790764496213
ae821c,27,1790764496213
7e6e95,47,1790763596213
76d4b3,60,1790849096213
3f201a,45,1790764496213
bd3165,51,1790849096213
7dc901,53,1790849096213
70bc5e,20,1790849096213
24aa8b,47,1790849096213
7323f5,25,1790763596213
953aca,15,1790763596213
155982,60,1790764496213
793613,57,1790763596213
969855,38,1790763596213
86c663,29,1790764496213
daa27c,31,1790764496213
952d27,55,1790764496213
84290e,32,1790849096213
2fb4da,53,1790763596213
c07145,36,1790764496213
52355e,24,1790849096213
46c684,47,1790763596213
77e63c,19,1790849096213
2f9fb7,32,1790764496213
4537a2,25,1790763596213
dbf1d7,18,1790849096213
fd76b5,32,1790849096213
b451dc,53,1790764496213
0c4c11,36,1790763596213
af6dba,40,1790764496213
1a0ca5,24,1790849096213
68cbf0,29,1790764496213
2ad971,28,1790764496213
f27cb6,59,1790849096213
6e0fc7,48,1790764496213
307ceb,24,1790764496213
1b8dae,51,1790763596213
0e29cd,38,1790764496213
0f4d59,51,1790763596213
c21194,50,1790763596213
41ba29,53,1790849096213
d54b6f,43,1790849096213
c42cc9,58,1790763596213
49229b,44,1790849096213
2174f1,34,1790764496213
359d9d,40,1790763596213
04836e,38,1790764496213
cf6a40,43,1790763596213
7a06fa,32,1790764496213
58681a,33,1790763596213
e633ef,55,1790849096213
8914a8,36,1790849096213
57b736,51,1790849096213
8e2948,19,1790763596213
5eeaa4,39,1790849096213
92ae19,15,1790764496213
769bb1,57,1790763596213
c57ef3,40,1790763596213
0e812b,48,1790764496213
dfccce,58,1790849096213
33fecd,45,1790763596213
ce51a9,44,1790763596213
a91938,39,1790849096213
76ff58,48,1790763596213
e3ae54,55,1790764496213
0006d8,56,1790764496213
3b31c7,43,1790763596213
522fa2,44,1790764496213
7f2e37,55,1790763596213
81ae1e,43,1790764496213
f659ad,37,1790849096213
705ab1,51,1790764496213
3b30c8,49,1790763596213
f61b5e,39,1790849096213
bcb937,41,1790764496213
f25668,22,1790849096213
cb2a12,36,1790763596213
7eab63,24,1790763596213
d88aa3,52,1790763596213
64e056,21,1790764496213
677b05,46,1790763596213
2b5e43,18,1790763596213
032ddb,37,1790849096213
09e45d,40,1790849096213
cbd48c,49,1790763596213
315982,46,1790764496213
728bca,36,1790763596213
afd237,17,1790849096213
843028,45,1790763596213
cbf8cc,37,1790849096213
d1201e,59,1790849096213
fd90da,24,1790849096213
f7e085,24,1790849096213
9988b5,47,1790764496213
1234c3,22,1790849096213
4fe193,34,1790849096213
bd5b76,40,1790764496213
f32c15,33,1790849096213
69eda5,46,1790849096213
f91855,46,1790764496213
d3f686,56,1790764496213
a6fd1a,19,1790763596213
90be81,51,1790764496213
fbe7bc,46,1790764496213
c52085,17,1790763596213
fba500,36,1790849096213
61f073,15,1790764496213
cd2aff,17,1790763596213
89cbcb,31,1790849096213
6b5bc9,43,1790764496213
1953c6,51,1790763596213
b37e88,34,1790764496213
f394ce,32,1790764496213
54a422,57,1790764496213
1e83c4,57,1790763596213
fb6801,45,1790849096213
0db5b1,44,1790764496213
51c6d9,49,1790764496213
ede270,25,1790764496213
77b68d,21,1790764496213
fa536f,23,1790763596213
317a2b,22,1790763596213
6b3b98,26,1790764496213
50d21b,33,1790764496213
c19a54,30,1790763596213
0b9f20,18,1790764496213
d72e1f,52,1790764496213
ab6d2c,31,1790849096213
6902b1,20,1790763596213
d72481,49,1790849096213
02fd90,49,1790849096213
968db0,30,1790763596213
dff146,52,1790849096213
ae0576,42,1790764496213
7854a6,36,1790764496213
279827,26,1790849096213
872888,28,1790849096213
b84502,33,1790849096213
10fe0e,34,1790764496213
dd8ce5,23,1790849096213
5b6ca7,43,1790763596213
49b17b,48,1790764496213
b34004,45,1790849096213
06ef39,16,1790849096213
2e4a5a,55,1790849096213
e9d133,17,1790764496213
5c5a14,37,1790849096213
b36ef5,60,1790849096213
4fe9f4,33,1790763596213
bfdb46,41,1790763596213
592687,20,1790764496213
56925b,48,1790764496213
4c3763,30,1790764496213
bf108d,55,1790764496213
953351,47,1790849096213
340d3d,36,1790763596213
4294b2,40,1790763596213
808828,25,1790764496213
c8b550,34,1790849096213
995ab2,41,1790764496213
472ede,41,1790764496213
4a1e73,26,1790763596213
64242a,36,1790849096213
9c683c,40,1790764496213
d936b8,56,1790764496213
0abeb0,41,1790849096213
49ea4c,20,1790763596213
8f5f52,24,1790763596213
489e08,24,1790849096213
b4d20f,31,1790763596213
5319da,35,1790763596213
b80407,59,1790764496213
3b30d6,25,1790849096213
fc6865,16,1790849096213
f82405,40,1790849096213
bafd53,38,1790764496213
13b3df,21,1790764496213
a8d995,36,1790763596213
e74401,21,1790763596213
dac74d,31,1790763596213
df4c54,32,1790764496213
9a0636,30,1790849096213
a8e079,59,1790849096213
aa527e,59,1790763596213
e177ad,49,1790763596213
4279fa,45,1790763596213
e19e5c,47,1790763596213
8bd44b,60,1790763596213
1b55ef,46,1790763596213
eab2d7,18,1790763596213
2fa496,52,1790763596213
0e3142,59,1790849096213
0523a7,56,1790849096213
178b18,57,1790763596213
27c127,55,1790763596213
0cc861,58,1790849096213
6c72b2,54,1790764496213
2e2c3d,59,1790763596213
ed1554,46,1790764496213
3cf11a,47,1790763596213
29c9f2,45,1790764496213
dde5fd,41,1790764496213
48b267,53,1790763596213
f79518,53,1790763596213
e8c1dd,40,1790764496213
226d71,36,1790849096213
2e39ab,20,1790849096213
c45a68,40,1790849096213
7c3018,32,1790764496213
8a3cad,32,1790849096213
ebf9ce,29,1790764496213
6d8dd9,44,1790763596213
53688f,34,1790763596213
bfd6cc,30,1790849096213
9951c7,55,1790764496213
a10a36,48,1790764496213
bb37e5,58,1790764496213
ddff2e,18,1790764496213
68a77a,22,1790763596213
8b35b2,28,1790763596213
763589,50,1790849096213
97f76c,51,1790763596213
ad676a,49,1790764496213
ae2b6a,34,1790764496213
804017,55,1790763596213
f25599,53,1790849096213
9591f4,30,1790849096213
88fc99,51,1790763596213
a81212,52,1790763596213
102bc7,15,1790764496213
1be32e,16,1790849096213
bc66cf,51,1790764496213
aafeaf,35,1790764496213
1c1de2,29,1790763596213
d577c9,57,1790764496213
a443e7,17,1790849096213
ca418d,23,1790764496213
fb1978,58,1790763596213
479373,41,1790849096213
10da52,38,1790849096213
ff8daa,21,1790763596213
38e409,45,1790764496213
9a0501,46,1790763596213
1d0de0,17,1790764496213
bf9c69,52,1790849096213
de342e,28,1790849096213
70901c,38,1790764496213
bda112,18,1790764496213
af62cf,41,1790763596213
b5590d,16,1790849096213
588d67,35,1790849096213
e2dde8,27,1790763596213
1f8ff6,31,1790763596213
808777,23,1790764496213
fbf3f1,26,1790764496213
391444,23,1790764496213
8518ee,58,1790849096213
50cffe,37,1790849096213
e64301,34,1790849096213
ec61f1,33,1790764496213
44415c,29,1790763596213
e86f97,50,1790763596213
245d1a,53,1790763596213
eae1af,34,1790849096213
a0d376,21,1790763596213
0d38ae,35,1790849096213
f0c4ed,16,1790764496213
bc765e,54,1790763596213
85bc62,35,1790849096213
9e6e52,26,1790764496213
48bb6f,43,1790763596213
86e1f1,48,1790763596213
9de557,49,1790849096213
6f4d38,19,1790849096213
31020c,29,1790763596213
aff799,60,1790763596213
618d63,15,1790764496213
3fd62d,31,1790849096213
6dc35a,52,1790763596213
f2a17f,51,1790849096213
09bef3,48,1790764496213
42a4e1,28,1790849096213
aaa97a,57,1790763596213
9d8967,27,1790849096213
e79eeb,35,1790849096213
ca3537,60,1790764496213
76ee85,48,1790764496213
f4eaab,50,1790763596213
87e11e,31,1790764496213
052014,22,1790763596213
809fd4,24,1790763596213
fbb9db,49,1790763596213
f0fb71,44,1790764496213
8d444a,31,1790763596213
182f36,41,1790849096213
e9b190,27,1790849096213
63fc6c,58,1790849096213
84490f,20,1790764496213
5877f4,49,1790849096213
52a686,15,1790763596213
a601fc,52,1790849096213
ee79bd,18,1790763596213
1b2420,40,1790849096213
d3ed40,44,1790849096213
e012cc,24,1790763596213
8660d7,39,1790764496213
6b63ef,40,1790849096213
6c6c43,47,1790764496213
eac849,33,1790849096213
c5a617,38,1790763596213
cde7c8,30,1790849096213
49aa9a,37,1790763596213
16bb30,52,1790763596213
22e1ee,51,1790764496213
bfbef7,29,1790764496213
0c901a,50,1790849096213
9b3193,19,1790763596213
cadbf2,54,1790763596213
1310f4,30,1790849096213
c5d46e,20,1790849096213
9ce8ce,18,1790764496213
ef01c6,56,1790763596213
809cf8,18,1790764496213
9eac87,21,1790763596213
a6e1cb,34,1790763596213
1c0cdc,21,1790849096213
2ec11f,35,1790849096213
1031c5,29,1790849096213
97ebab,36,1790849096213
e6d3a5,33,1790764496213
27f783,23,1790763596213
509481,49,1790849096213
9b2161,18,1790763596213
75d624,29,1790849096213
7cc36a,44,1790849096213
987e3d,22,1790849096213
f93646,50,1790764496213
783ff5,25,1790764496213
2e0b00,16,1790764496213
750231,52,1790849096213
53c387,58,1790764496213
dcf00e,50,1790764496213
357dc2,50,1790764496213
d662ca,46,1790764496213
4a8d4d,43,1790764496213
a4f3ab,18,1790764496213
2e715b,44,1790763596213
0f2d2c,23,1790763596213
6d24f8,34,1790763596213
a4b7bd,43,1790763596213
1567de,39,1790763596213
685fc5,51,1790764496213
fc4fb3,28,1790763596213
25c961,17,1790849096213
b45014,42,1790764496213
8cbf91,37,1790764496213
1c8c93,40,1790764496213
fda4ff,57,1790763596213
6e2d2e,56,1790849096213
508aef,46,1790763596213
73ce17,53,1790763596213
59a1e4,16,1790763596213
cf5eea,33,1790763596213
2794ff,24,1790849096213
45cab6,40,1790763596213
369ee1,29,1790763596213
29c416,41,1790849096213
2d96b2,19,1790849096213
18a1ff,42,1790764496213
88694e,25,1790849096213
6450d8,26,1790763596213
ab65e7,16,1790764496213
953280,20,1790849096213
6ad90e,44,1790849096213
873c95,37,1790763596213
09dad1,50,1790849096213
c486b8,44,1790763596213
f65f80,48,1790764496213
8f62c5,50,1790764496213
8555f3,51,1790849096213
a52af3,21,1790764496213
ce2630,51,1790764496213
f435b8,60,1790764496213
6c7e71,33,1790763596213
a62c77,57,1790849096213
0d3700,49,1790764496213
300bf9,59,1790849096213
a544bb,37,1790849096213
27ce4d,43,1790763596213
1e9b3d,20,1790764496213
24c3cd,15,1790764496213
ae744a,25,1790849096213
6601f6,26,1790849096213
f72ba8,60,1790849096213
97089d,28,1790764496213
ed06ac,47,1790764496213
c4474b,25,1790763596213
7f13cc,17,1790764496213
00f77e,32,1790764496213
105d83,29,1790764496213
9aedd0,53,1790764496213
ab1848,40,1790764496213
1b5e49,30,1790764496213
73fd34,50,1790763596213
d243a3,28,1790763596213
3f8a1c,57,1790763596213
118c3a,28,1790764496213
a7d1be,30,1790764496213
92db28,19,1790849096213
c168d2,34,1790763596213
00c05e,39,1790849096213
5de5df,57,1790849096213
8278ae,29,1790763596213
b28e81,51,1790763596213
af2a41,28,1790763596213
9bb322,43,1790763596213
62d243,22,1790763596213
111528,37,1790764496213
b0cf4d,33,1790763596213
1636ff,54,1790763596213
c4e9ad,55,1790849096213
df9182,50,1790849096213
9b526f,17,1790849096213
17009c,45,1790764496213
0555eb,52,1790763596213
aa0649,26,1790764496213
53a799,38,1790763596213
3e99ae,50,1790849096213
6c0e7d,44,1790849096213
cdee05,57,1790764496213
0ced9e,50,1790764496213
364f85,50,1790849096213
c8f6f8,19,1790763596213
b2b09f,41,1790764496213
e6022b,57,1790849096213
14083d,60,1790763596213
f79c0d,36,1790764496213
d9d8bc,36,1790764496213
d4a5e6,18,1790849096213
7efc68,33,1790763596213
e8fa6a,18,1790849096213
3801ae,38,1790849096213
fdc5c8,42,1790764496213
e40d25,40,1790764496213
ce7f49,46,1790763596213
b9ea49,35,1790763596213
e5715f,18,1790764496213
d26b28,50,1790849096213
73d0ff,38,1790849096213
6a6f4c,58,1790763596213
d8389d,19,1790764496213
6badd6,15,1790763596213
a79a99,54,1790764496213
678f0a,48,1790764496213
21ece4,53,1790764496213
58923f,54,1790764496213
49cdf2,43,1790763596213
b3e6bd,39,1790849096213
fff30b,50,1790764496213
396a29,33,1790764496213
a5eafe,46,1790849096213
b7e7ee,27,1790849096213
584cff,22,1790849096213
a793ab,47,1790764496213
221760,38,1790849096213
acd138,29,1790764496213
34a14e,55,1790849096213
f88cec,31,1790763596213
222e7d,19,1790849096213
8e38fd,23,1790763596213
acd195,51,1790763596213
164ee0,39,1790849096213
c8758c,34,1790849096213
5ef2a9,20,1790764496213
c2af04,19,1790849096213
e31ab9,39,1790764496213
775ae6,59,1790764496213
7bfc58,16,1790764496213
34f5eb,28,1790764496213
2c36fd,57,1790764496213
2deec1,28,1790849096213
2428b1,47,1790763596213
2b6778,38,1790764496213
b350e3,27,1790764496213
366656,56,1790764496213
71d843,38,1790763596213
3ea719,50,1790764496213
16589e,36,1790849096213
8f034e,42,1790849096213
6d3f71,58,1790764496213
03d6a1,46,1790849096213
f4bd13,31,1790849096213
7ea382,41,1790763596213
ce1614,53,1790764496213
06903a,51,1790763596213
1e0ab3,35,1790764496213
de4278,32,1790763596213
dcfa6c,46,1790849096213
61d833,43,1790763596213
ef0fca,39,1790764496213
8421e6,20,1790763596213
35eacd,38,1790763596213
4d6949,15,1790763596213
e82f74,43,1790764496213
59d113,21,1790763596213
ae7b8e,27,1790764496213
0f67c0,45,1790849096213
794146,26,1790763596213
cc851f,29,1790764496213
6a2afe,16,1790764496213
af872c,28,1790849096213
6b5ffc,33,1790764496213
d9b892,42,1790763596213
938c79,34,1790849096213
eb3547,24,1790764496213
02f819,20,1790764496213
e3d7a1,41,1790763596213
d809ea,46,1790849096213
e78a1d,47,1790763596213
796081,44,1790764496213
70eccd,17,1790763596213
a55eff,51,1790763596213
e20680,43,1790764496213
bafa55,49,1790764496213
e6bac5,45,1790764496213
5d6d5c,25,1790849096213
bce19e,48,1790763596213
3b7ba8,49,1790763596213
4a7793,59,1790763596213
4b016f,54,1790849096213
c40f8d,17,1790764496213
0be8cb,46,1790763596213
b70e42,28,1790764496213
07507d,28,1790849096213
ed6993,50,1790849096213
83d634,23,1790849096213
c66bf7,41,1790764496213
6dfdfd,52,1790763596213
554c50,21,1790764496213
ffe544,39,1790763596213
0715ab,57,1790764496213
32e8ff,27,1790849096213
591b1b,22,1790763596213
426d17,59,1790849096213
64ba4d,60,1790764496213
bff118,45,1790763596213
7dbce0,45,1790763596213
62428f,58,1790763596213
d22467,15,1790849096213
4704b4,57,1790764496213
786ff4,27,1790764496213
731e46,23,1790849096213
0ec7c7,33,1790849096213
127fa4,53,1790849096213
769c81,21,1790849096213
40cf1a,42,1790849096213
0c0df9,17,1790764496213
186870,19,1790764496213
05e405,31,1790763596213
17baad,49,1790849096213
d8b4e0,27,1790763596213
5498b8,20,1790763596213
2df706,42,1790849096213
041c77,16,1790849096213
99ff9d,52,1790763596213
c0e933,31,1790849096213
a2ea34,55,1790764496213
31948e,31,1790763596213
e9913e,16,1790763596213
c7d570,26,1790764496213
2b92c8,25,1790849096213
bb5225,50,1790763596213
27bec0,20,1790764496213
e3751b,52,1790849096213
23f464,27,1790849096213
ad7669,41,1790764496213
b9c7cb,54,1790849096213
80344c,33,1790849096213
ab3d78,37,1790763596213
03c238,44,1790764496213
d2d1a5,58,1790764496213
8bf302,31,1790763596213
1a974f,38,1790849096213
d72f00,31,1790764496213
9943de,25,1790764496213
1a60e4,15,1790849096213
a07e72,24,1790849096213
017970,47,1790849096213
5d83dd,34,1790763596213
66e148,44,1790764496213
48042f,15,1790763596213
953b30,16,1790763596213
b9b8a8,31,1790763596213
522dc7,21,1790763596213
fb6b0e,28,1790764496213
f3c814,30,1790764496213
867a0b,28,1790764496213
f787a1,26,1790763596213
2fe7f8,22,1790849096213
073371,50,1790763596213
52cb19,23,1790763596213
8820e6,39,1790763596213
161f7b,21,1790764496213
a43cce,33,1790764496213
e1840d,56,1790763596213
d298eb,60,1790764496213
58a345,57,1790763596213
c2da38,18,1790763596213
325927,59,1790764496213
c15a16,40,1790764496213
dbc5c0,27,1790849096213
f97e54,25,1790849096213
6dfce6,27,1790849096213
b321f7,17,1790763596213
891164,42,1790763596213
20bc25,58,1790849096213
5d4ef8,48,1790849096213
95b7fc,15,1790764496213
57460a,58,1790763596213
43e825,58,1790764496213
08c6f4,45,1790849096213
f8dd87,39,1790764496213
348732,44,1790764496213
b43060,19,1790763596213
71f1ba,46,1790764496213
ae648e,36,1790849096213
ff854b,20,1790763596213
ef5b9f,45,1790764496213
2c8bdd,35,1790764496213
a9a451,37,1790763596213
1aec4b,25,1790849096213
034b8f,41,1790763596213
40b0fe,25,1790764496213
0ea3cc,22,1790849096213
4f040a,32,1790763596213
2bf966,45,1790764496213
aa8bb5,15,1790849096213
48b71a,60,1790763596213
e82799,33,1790764496213
8902f5,31,1790764496213
15ea8d,36,1790764496213
5505b5,16,1790764496213
af02ec,21,1790764496213
748870,56,1790764496213
2ba5df,19,1790763596213
f7463e,43,1790764496213
beeac2,54,1790763596213
1f40e8,47,1790764496213
b125ff,18,1790764496213
c5b67c,49,1790764496213
06fe92,49,1790849096213
a3f6fc,59,1790763596213
9b8cee,43,1790764496213
fefaef,45,1790764496213
d66606,25,1790763596213
501965,50,1790763596213
315b5f,21,1790763596213
b370e8,50,1790764496213
04a362,21,1790763596213
ba3abd,47,1790763596213
91395f,32,1790764496213
03372a,45,1790849096213
b29d49,31,1790849096213
4ffcc5,55,1790763596213
35b2bc,43,1790849096213
44dc54,15,1790849096213
9f9a01,44,1790849096213
22b817,57,1790764496213
8b812f,43,1790849096213
ecf418,18,1790849096213
ff692f,34,1790763596213
becde8,51,1790764496213
1143da,17,1790849096213
b88be6,60,1790763596213
3c4605,31,1790763596213
bcef29,60,1790764496213
aa0ba6,36,1790764496213
f66d65,52,1790849096213
90953b,54,1790764496213
2f6deb,25,1790763596213
4ac3d5,29,1790764496213
841ee9,44,1790764496213
cb6745,51,1790849096213
7f607a,53,1790763596213
4c15be,24,1790849096213
22805e,46,1790763596213
a6e751,38,1790764496213
39c8e8,24,1790763596213
6efc89,47,1790764496213
bcfa1a,26,1790763596213
9082b9,30,1790764496213
5d146f,31,1790764496213
07b13c,44,1790763596213
2bd7aa,35,1790849096213
43b3a4,32,1790849096213
b88457,27,1790763596213
b5f445,15,1790849096213
a78531,53,1790764496213
2808e2,21,1790849096213
7fc36c,47,1790764496213
528f4a,55,1790764496213
9b0c52,16,1790849096213
ae12ec,19,1790764496213
09361a,51,1790764496213
6e880f,49,1790849096213
0ef12f,40,1790764496213
acf9e7,53,1790763596213
b10adb,41,1790763596213
109db5,28,1790764496213
15c00b,51,1790849096213
9bccf7,59,1790764496213
710104,26,1790849096213
1c96ef,44,1790849096213
12b761,30,1790763596213
210760,18,1790849096213
493227,16,1790764496213
443157,48,1790764496213
65c194,55,1790849096213
7a29a1,23,1790849096213
57f887,37,1790849096213
1dcb39,48,1790849096213
109580,38,1790763596213
6102bd,54,1790764496213
a4520e,44,1790764496213
9f0f46,29,1790849096213
01b05d,42,1790764496213
d3a0b8,16,1790763596213
d4a6a6,39,1790763596213
fda8a3,54,1790763596213
e9bd11,35,1790764496213
ccf6c6,25,1790849096213
8e962b,39,1790763596213
5ebefc,51,1790849096213
bb3eca,25,1790849096213
7cc902,19,1790764496213
c7c1b0,51,1790764496213
05fc0a,43,1790849096213
b36e5a,45,1790763596213
0b9217,42,1790849096213
515886,57,1790763596213
a5c5df,36,1790764496213
baf232,60,1790764496213
8cdc77,42,1790764496213
3e5812,16,1790764496213
a5d478,17,1790763596213
d70d4d,26,1790763596213
63667c,55,1790849096213
bdb2d9,41,1790764496213
3e33d3,59,1790849096213
2c6fae,15,1790763596213
d3ce41,26,1790849096213
b12674,47,1790764496213
ad0ca3,57,1790763596213
ee9f4f,42,1790764496213
98cc86,27,1790849096213
5228f8,43,1790849096213
52e9a4,44,1790764496213
e45d8a,28,1790763596213
0f2c86,39,1790849096213
f00a71,41,1790763596213
2a083c,36,1790764496213
72c8a4,18,1790849096213
d4e950,15,1790849096213
2e9aa8,35,1790849096213
d7b075,24,1790764496213
2cfcbe,58,1790763596213
9cc1a2,43,1790763596213
4163bc,37,1790849096213
5a0df0,40,1790764496213
972488,21,1790849096213
2e2a60,18,1790849096213
9faaf2,23,1790764496213
a02a74,27,1790763596213
5c3cf6,26,1790763596213
571594,31,1790764496213
3b72b2,39,1790763596213
043150,33,1790849096213
a23e28,40,1790763596213
ff4f8c,18,1790849096213
cefbf6,41,1790763596213
f143f8,15,1790763596213
74c411,30,1790849096213
3f5a1c,30,1790763596213
5d26fa,37,1790764496213
907635,41,1790849096213
089289,59,1790763596213
6e517e,24,1790849096213
5d2f40,50,1790764496213
e86194,21,1790763596213
60f307,45,1790763596213
44eb72,50,1790849096213
994b00,17,1790763596213
2ba586,25,1790764496213
afa6d6,57,1790849096213
28aaa8,43,1790763596213
08f450,50,1790763596213
5a13c0,18,1790763596213
4f5d8d,33,1790849096213
b0293b,51,1790849096213
0b791d,59,1790763596213
c0932f,22,1790763596213
7ce810,16,1790849096213
1818df,39,1790849096213
6c9447,40,1790763596213
bb539b,43,1790849096213
c02310,26,1790849096213
5e0593,20,1790849096213
72cff3,59,1790763596213
c3d271,24,1790764496213
62d376,22,1790763596213
f42443,17,1790763596213
0d1556,48,1790763596213
0dd1bf,48,1790763596213
c67dbb,25,1790764496213
44a179,58,1790763596213
45f6a1,31,1790764496213
f124a9,42,1790764496213
875083,17,1790764496213
71f7d6,20,1790764496213
35bfaa,60,1790763596213
76272c,16,1790849096213
2fd7de,56,1790849096213
3e7071,43,1790763596213
ec0cc8,59,1790764496213
fe920a,56,1790763596213
b3b053,46,1790849096213
d0dca4,51,1790849096213
cc7984,50,1790763596213
e8491e,55,1790763596213
a5e7e7,32,1790763596213
7109aa,29,1790763596213
44075e,53,1790849096213
1e13e6,36,1790849096213
d3e952,31,1790763596213
e489ae,31,1790763596213
c2301e,35,1790764496213
315a23,59,1790764496213
4f902b,20,1790849096213
a0bbda,29,1790849096213
ffd8f2,49,1790849096213
affe87,47,1790764496213
a4cd52,17,1790764496213
577f08,29,1790849096213
8c5334,49,1790763596213
c4b3c9,45,1790849096213
c38295,40,1790849096213
bbf342,59,1790849096213
024b5b,27,1790763596213
7ecb7c,56,1790764496213
042d77,50,1790763596213
9f9900,38,1790849096213
889231,53,1790763596213
23f0f3,37,1790764496213
78ca5a,58,1790764496213
be9450,45,1790764496213
6fb91c,25,1790849096213
0dd1e6,29,1790763596213
a26720,19,1790764496213
ad529c,50,1790849096213
b522b3,56,1790763596213
7c6fcb,60,1790764496213
386cb4,23,1790849096213
b7acb6,60,1790763596213
133b95,25,1790763596213
a14fc2,60,1790764496213
4fa063,42,1790764496213
ac8d3c,30,1790764496213
922f49,39,1790763596213
e324ee,18,1790849096213
46feb1,34,1790764496213
801962,24,1790763596213
9818a9,55,1790763596213
67f907,56,1790849096213
ecbcfd,55,1790764496213
9a4a1e,34,1790764496213
60a570,21,1790849096213
fc9eb9,49,1790764496213
d91c33,38,1790763596213
f9cf59,48,1790764496213
341c81,44,1790764496213
058d42,16,1790849096213
eb51c1,48,1790849096213
375f29,44,1790764496213
7c7950,16,1790763596213
b9353a,18,1790764496213
e5c94b,45,1790849096213
ecfcc9,16,1790764496213
7d8d2d,53,1790849096213
6c4501,38,1790763596213
2d9ef0,47,1790764496213
7d135b,32,1790849096213
c2a187,38,1790849096213
ecff7b,45,1790763596213
d5ea5c,17,1790764496213
7fcb34,47,1790764496213
0e6817,51,1790849096213
f601d3,24,1790763596213
de1f12,45,1790764496213
496190,44,1790763596213
9e8ebb,43,1790764496213
0c88ef,41,1790763596213
a7b693,43,1790764496213
a54d77,52,1790849096213
890bf6,41,1790763596213
53b7f2,22,1790763596213
5f6f43,40,1790764496213
dba8a5,40,1790764496213
e6e8ab,54,1790764496213
52204b,26,1790849096213
343dfc,53,1790764496213
b64890,54,1790763596213
457d59,22,1790763596213
7ef0b2,35,1790764496213
23d2bd,27,1790764496213
7cc745,57,1790849096213
cdbee4,58,1790849096213
1d1799,39,1790763596213
6fc623,53,1790849096213
f8b9dd,18,1790849096213
0cc5fe,46,1790764496213
0eb96a,38,1790764496213
d8900c,24,1790849096213
eea659,21,1790763596213
07c2e3,40,1790763596213
13a483,42,1790763596213
fa3505,35,1790764496213
a50c25,16,1790764496213
7eeb08,27,1790849096213
322b52,33,1790763596213
c60f71,31,1790764496213
521ccc,30,1790763596213
828a42,15,1790849096213
b2fd9f,53,1790849096213
c2cacc,45,1790763596213
02d5b4,28,1790763596213
cd36d5,23,1790763596213
b0377c,59,1790849096213
41c381,22,1790763596213
cdff94,51,1790849096213
3be734,42,1790763596213
ae3c6f,60,1790764496213
abbd84,37,1790764496213
6c9944,25,1790849096213
f18bcb,36,1790849096213
29ac99,45,1790764496213
a0c967,30,1790763596213
9fed9a,48,1790849096213
d44656,15,1790764496213
aa0f72,48,1790764496213
31d3db,51,1790849096213
a5d0b9,22,1790763596213
df3289,23,1790764496213
9e6b42,46,1790763596213
1815c3,47,1790849096213
b5de1c,38,1790764496213
3b0b87,40,1790764496213
707007,36,1790849096213
5569fd,30,1790764496213
372a79,40,1790764496213
bb802f,26,1790849096213
9f488a,35,1790764496213
b10917,15,1790764496213
be07b8,60,1790764496213
92f127,50,1790764496213
b4bed1,19,1790764496213
7a6879,25,1790764496213
b42e5c,40,1790849096213
51f5ca,31,1790763596213
b6e39e,29,1790849096213
41db99,59,1790849096213
e9179a,27,1790763596213
f8c494,38,1790763596213
65e48a,54,1790763596213
4a349d,54,1790849096213
1ea771,20,1790764496213
8d23c9,50,1790763596213
866e08,22,1790764496213
c618c1,34,1790763596213
bd6139,24,1790764496213
1f4973,18,1790849096213
37e600,41,1790763596213
cd5868,56,1790849096213
a17929,15,1790764496213
2e39e0,18,1790849096213
4027f5,42,1790849096213
bc315b,44,1790763596213
df5bf3,53,1790849096213
5a7b2a,37,1790764496213
7bd9c2,21,1790849096213
56ed46,32,1790764496213
2e02a2,39,1790763596213
08602c,33,1790763596213
f217d4,55,1790849096213
7b47c9,45,1790764496213
a3e279,38,1790763596213
937cfb,50,1790849096213
67c302,16,1790764496213
a01de1,39,1790849096213
d4c7b6,19,1790763596213
b970f4,52,1790763596213
5890ca,53,1790764496213
4f2044,54,1790763596213
dab8b6,19,1790763596213
f18762,18,1790763596213
88f749,46,1790764496213
e3f4c6,24,1790849096213
aa9e43,56,1790764496213
32fd64,26,1790763596213
c859d3,56,1790849096213
8b71e3,49,1790849096213
78e63b,16,1790849096213
0c274a,46,1790764496213
44ff31,36,1790763596213
815017,52,1790849096213
1e6e15,20,1790764496213
7e3d81,21,1790849096213
8c2df7,60,1790849096213
8a759f,20,1790763596213
4d9afc,21,1790849096213
716b76,42,1790849096213
9fd470,46,1790764496213
587d3f,31,1790764496213
322454,50,1790763596213
942a45,57,1790764496213
4f7514,58,1790764496213
e103d3,58,1790849096213
ba6ffb,53,1790763596213
1613f8,31,1790764496213
b9df4d,25,1790763596213
fe3c89,49,1790764496213
a72fc4,24,1790763596213
2cb342,24,1790849096213
3f67e9,30,1790849096213
cf40e9,32,1790764496213
de7b30,46,1790764496213
e46ede,21,1790849096213
5e20e8,31,1790764496213
fc39ab,26,1790764496213
65d248,22,1790763596213
042f88,41,1790849096213
64cae4,31,1790849096213
9aaa7f,17,1790763596213
4aae2e,32,1790849096213
6565c1,44,1790763596213
773ba6,44,1790764496213
8c6f62,58,1790764496213
eb029e,16,1790763596213
3f7671,60,1790764496213
698b41,53,1790763596213
a73491,26,1790763596213
d27be4,36,1790764496213
2b11ea,34,1790763596213
6f5075,58,1790764496213
c28b25,36,1790764496213
b9332b,18,1790764496213
fcb98a,27,1790763596213
52e536,23,1790764496213
5d8839,39,1790764496213
a6131b,24,1790763596213
93f499,56,1790763596213
b3e556,23,1790763596213
1e2342,26,1790763596213
50bb72,18,1790764496213
94ed0c,54,1790764496213
c8bb1c,59,1790764496213
ceb34a,56,1790763596213
d9bfea,17,1790764496213
ed77be,30,1790764496213
333351,58,1790763596213
b4c93f,16,1790764496213
ad0da9,34,1790849096213
eb0c0a,51,1790763596213
ad9745,17,1790849096213
1d9978,38,1790763596213
222feb,31,1790764496213
346c86,46,1790764496213
583959,17,1790763596213
88deee,55,1790764496213
e4f4c9,58,1790763596213
45f8f2,57,1790764496213
2970f3,18,1790764496213
a4b1c3,57,1790764496213
bd7f7c,52,1790764496213
355568,33,1790763596213
c6f955,22,1790763596213
40d9f8,51,1790764496213
da5d97,34,1790764496213
897bf5,15,1790849096213
27b8e3,53,1790763596213
251bff,51,1790764496213
35b54e,42,1790764496213
da3837,56,1790763596213
e5c0a1,25,1790849096213
bf7e89,22,1790763596213
32dec7,28,1790763596213
cd6c56,44,1790763596213
5cb24d,47,1790763596213
69084b,24,1790763596213
c9da5f,44,1790763596213
c96181,44,1790763596213
7bdb7b,27,1790764496213
e046d8,60,1790763596213
cf574d,60,1790763596213
4a2106,34,1790849096213
6bfc95,25,1790849096213
d85912,17,1790763596213
b3e2c6,42,1790764496213
84b68c,38,1790849096213
3ed186,37,1790849096213
b9b7f5,41,1790764496213
e14e9a,31,1790763596213
1b9d2c,20,1790764496213
2b1c97,32,1790764496213
bafbc9,30,1790849096213
050b86,32,1790849096213
642746,56,1790764496213
0442c4,17,1790763596213
4322b9,20,1790849096213
d0e800,20,1790849096213
7e983f,49,1790849096213
2a316c,43,1790764496213
e366b9,16,1790849096213
dadf66,34,1790764496213
16365a,55,1790764496213
8699c6,60,1790849096213
873fe8,20,1790849096213
4cc828,52,1790763596213
428da5,42,1790764496213
95b852,22,1790764496213
ee659c,22,1790763596213
fed2fd,29,1790849096213
8a5478,43,1790764496213
e7258e,23,1790763596213
bbc644,28,1790764496213
c3c42d,25,1790849096213
bcb50a,19,1790849096213
2e0d8d,45,1790763596213
5d19b3,52,1790763596213
9c2921,22,1790763596213
85e831,41,1790764496213
fd6e25,51,1790764496213
8ff417,18,1790764496213
40b9e4,16,1790763596213
9d52b8,50,1790849096213
4dddfc,29,1790849096213
41e5e6,57,1790763596213
d799de,41,1790764496213
e452ae,60,1790849096213
3bc0d4,45,1790763596213
28538f,49,1790849096213
02c851,21,1790763596213
b058f4,21,1790763596213
a06241,26,1790763596213
6207a3,36,1790764496213
ed65fd,30,1790764496213
3d5dd8,25,1790764496213
8066c6,33,1790763596213
809ff4,24,1790764496213
01a29e,23,1790763596213
e0f670,40,1790849096213
f35142,44,1790764496213
a713df,20,1790849096213
a82056,27,1790763596213
fcf352,19,1790764496213
8c0e65,43,1790849096213
e18ee7,32,1790849096213
8a8db5,42,1790764496213
ba115c,41,1790849096213
2d5bf3,50,1790849096213
80c761,26,1790849096213
a0b0d7,38,1790763596213
88d671,39,1790764496213
74ebf0,41,1790764496213
bf0188,28,1790849096213
a57c46,53,1790849096213
47e021,36,1790763596213
5b9f7a,57,1790763596213
52cf8d,20,1790849096213
ad7929,44,1790849096213
bc8064,43,1790849096213
9f5a52,35,1790849096213
5ba65b,36,1790849096213
a4da9c,49,1790763596213
5f9ead,41,1790763596213
3e66e3,41,1790764496213
b80c99,55,1790849096213
128259,23,1790763596213
4b6727,29,1790849096213
249b87,55,1790764496213
ecf2f7,50,1790763596213
36e5a6,15,1790763596213
f23bae,39,1790849096213
321964,34,1790764496213
3a2792,26,1790763596213
25feb2,58,1790764496213
df8586,23,1790849096213
7622c7,57,1790849096213
f50999,27,1790849096213
9e4308,15,1790763596213
2e9b28,30,1790764496213
00b6cd,55,1790763596213
766523,47,1790849096213
f45aba,55,1790849096213
8e887e,23,1790763596213
b75023,37,1790763596213
663bb8,37,1790764496213
d1e37d,56,1790849096213
ec53c6,44,1790763596213
dbe410,30,1790763596213
798de8,35,1790764496213
eba674,60,1790764496213
3eff52,57,1790764496213
8dd7b2,57,1790849096213
b54ae0,47,1790763596213
7a862e,49,1790849096213
5517ed,33,1790849096213
df22e6,44,1790764496213
75f39c,19,1790764496213
410f43,16,1790763596213
92352d,50,1790764496213
55482c,17,1790763596213
b81065,28,1790764496213
9d0926,31,1790849096213
ef959c,59,1790763596213
37dc45,48,1790849096213
84859a,40,1790764496213
22ebfe,25,1790763596213
8d3311,28,1790763596213
ba3d63,37,1790763596213
62c27e,53,1790763596213
d3f565,43,1790849096213
639b46,50,1790764496213
fb891c,56,1790764496213
6fd383,24,1790763596213
6f7e56,50,1790763596213
cf1769,57,1790849096213
d68de4,48,1790764496213
da3f8c,36,1790763596213
90b6cd,46,1790763596213
2274dc,36,1790764496213
4a427b,56,1790763596213
2ccf0f,40,1790849096213
aab054,42,1790849096213
2db450,52,1790764496213
a7835d,35,1790849096213
3503d0,51,1790849096213
8358bf,31,1790849096213
238234,37,1790849096213
fdb6ef,20,1790764496213
d451d1,29,1790764496213
b216cd,38,1790849096213
33a1f6,57,1790849096213
cdbae1,41,1790849096213
8312ec,15,1790849096213
6017fb,20,1790763596213
2df02f,24,1790763596213
892f64,18,1790849096213
7736c9,42,1790764496213
5bc519,53,1790763596213
46d58b,56,1790763596213
c58080,15,1790763596213
3ff835,54,1790849096213
6b83eb,34,1790763596213
007712,52,1790849096213
ac9dd7,36,1790849096213
54c305,33,1790849096213
448902,22,1790763596213
e9ee99,56,1790849096213
fd8bc5,15,1790764496213
aa7ed0,60,1790849096213
84c8ea,24,1790849096213
bed124,51,1790764496213
787efb,25,1790763596213
ac5bf3,31,1790849096213
892f31,35,1790849096213
767a9d,47,1790764496213
50608d,25,1790764496213
fc34af,53,1790849096213
56053a,40,1790763596213
c5a6cf,17,1790763596213
c2a488,56,1790849096213
9f1346,17,1790764496213
490f7d,56,1790764496213
04c81a,36,1790763596213
259f1b,57,1790763596213
4b9576,32,1790763596213
a2b018,38,1790849096213
938650,40,1790764496213
fb66fa,43,1790849096213
c1685e,17,1790764496213
cf4149,31,1790763596213
c78de0,58,1790849096213
a36144,33,1790764496213
bceddf,23,1790763596213
fb4544,29,1790764496213
a37f20,38,1790849096213
6d0957,43,1790764496213
fa11f0,35,1790763596213
d60c14,44,1790849096213
e70413,43,1790763596213
7fc97f,49,1790764496213
5f48b8,25,1790763596213
215e76,15,1790849096213
9da99c,51,1790849096213
60141a,49,1790763596213
de36c3,55,1790763596213
33dc82,47,1790764496213
37ef54,33,1790763596213
8d3032,26,1790764496213
82c328,15,1790849096213
244bce,23,1790764496213
73caca,31,1790849096213
0fe410,29,1790849096213
7ab6b4,60,1790849096213
27d6aa,18,1790764496213
01c22e,58,1790763596213
4577b7,22,1790764496213
101b3b,44,1790849096213
9aad1b,55,1790764496213
019911,15,1790849096213
bcc333,34,1790764496213
bdc1aa,40,1790764496213
d3ed7f,47,1790764496213
80d79c,16,1790849096213
fc0b7d,19,1790764496213
d836c9,46,1790849096213
003bc6,28,1790763596213
c5cd42,17,1790764496213
9863db,32,1790849096213
f5ab1b,29,1790763596213
d2c3be,25,1790764496213
d7ee34,25,1790764496213
baf0a6,43,1790764496213
9d71b7,57,1790764496213
933968,27,1790849096213
e0ddc1,20,1790763596213
715bb7,22,1790849096213
bddaa8,19,1790764496213
673b77,53,1790763596213
1a9269,24,1790763596213
d46fa6,27,1790763596213
956275,31,1790763596213
77ab05,40,1790849096213
ee4d4c,16,1790849096213
083f0b,50,1790764496213
5fb19b,27,1790764496213
af3a3e,28,1790764496213
40d62a,25,1790849096213
ff5aa4,25,1790763596213
66d82b,55,1790763596213
bd606f,29,1790849096213
b4df7b,15,1790764496213
a94edb,26,1790849096213
a44e24,24,1790764496213
0d8c03,32,1790764496213
210dc1,58,1790763596213
4c7482,50,1790849096213
d47f39,16,1790763596213
3164c5,23,1790764496213
164ec0,48,1790764496213
5cf4aa,17,1790763596213
be4f59,40,1790849096213
defe5a,23,1790764496213
b76234,16,1790764496213
9bc921,59,1790763596213
4d9002,49,1790763596213
99df1b,36,1790763596213
99e3fd,35,1790764496213
208e21,31,1790764496213
c4f960,40,1790763596213
d444ef,51,1790764496213
96922b,28,1790764496213
db9a5f,55,1790849096213
6a11e0,60,1790763596213
461954,29,1790764496213
f1b429,28,1790763596213
9de604,24,1790764496213
e9d953,55,1790849096213
9de9af,32,1790764496213
e241d7,34,1790849096213
8a6769,25,1790764496213
4dae47,44,1790763596213
4bfa58,49,1790763596213
1d1ecd,19,1790849096213
7a6864,16,1790764496213
d5d1db,40,1790849096213
02f853,59,1790764496213
f148a3,18,1790849096213
834f62,24,1790849096213
a317ba,55,1790764496213
b46f2b,49,1790763596213
599d27,47,1790763596213
957a6c,33,1790849096213
d268a8,32,1790763596213
16be85,53,1790763596213
6a3450,21,1790763596213
d7bce4,40,1790849096213
e4b9b8,23,1790764496213
62284e,41,1790763596213
fad649,20,1790764496213
31c455,18,1790763596213
aa2abb,40,1790849096213
0905f8,39,1790764496213
1b19cb,28,1790849096213
e627f7,48,1790764496213
1280d3,27,1790763596213
ed0d48,19,1790849096213
680a56,52,1790849096213
3dd260,29,1790849096213
4f63d2,52,1790763596213
8fc3f0,60,1790849096213
d648e3,17,1790849096213
6d71b5,45,1790849096213
9c441d,42,1790764496213
4da961,44,1790763596213
c54a07,40,1790849096213
c01b48,24,1790849096213
a603e3,44,1790763596213
d3b9aa,26,1790764496213
f4a92c,44,1790849096213
87474e,26,1790849096213
53813d,46,1790849096213
738ae3,25,1790849096213
ccd750,22,1790763596213
5e36f9,30,1790764496213
c13185,51,1790764496213
b71dd7,31,1790849096213
fde512,17,1790764496213
4a8d59,24,1790764496213
773789,48,1790764496213
6e13d1,46,1790763596213
3f8d47,47,1790764496213
791b3d,32,1790849096213
2f1ffa,23,1790849096213
d7925b,33,1790763596213
20e5d2,45,1790763596213
05a96d,58,1790763596213
24c6ff,51,1790849096213
6079fb,32,1790764496213
cf5cd5,23,1790849096213
54bbb4,17,1790763596213
f5ea74,49,1790763596213
ef1daf,39,1790764496213
dc44c6,33,1790849096213
83dd84,53,1790849096213
b01eca,60,1790849096213
87112a,31,1790763596213
2003db,23,1790763596213
dc71c9,48,1790764496213
61ace7,18,1790763596213
0e0066,54,1790763596213
0677eb,26,1790764496213
732fff,48,1790849096213
a10da7,40,1790763596213
9c762f,55,1790763596213
83928a,39,1790849096213
94dfc1,46,1790763596213
d6ec22,17,1790763596213
d36352,44,1790763596213
ef1203,34,1790849096213
54eec2,46,1790764496213
29a702,57,1790763596213
9b0c8e,41,1790764496213
de235e,22,1790849096213
44510a,38,1790763596213
f77c8d,40,1790849096213
9e0216,47,1790849096213
cd7ff0,49,1790764496213
cf6361,28,1790763596213
10477d,39,1790849096213
e7cded,60,1790849096213
35c447,56,1790849096213
201b64,19,1790849096213
1a2c6e,47,1790763596213
be220e,39,1790849096213
05237c,20,1790763596213
d81291,42,1790764496213
dea90e,26,1790849096213
df7e43,48,1790849096213
419e31,23,1790764496213
c262f0,23,1790764496213
d49fde,15,1790763596213
da18ca,49,1790764496213
29ffe2,25,1790849096213
c9c9dc,24,1790849096213
189b1e,38,1790764496213
838c00,60,1790763596213
1c97d6,57,1790849096213
3cd8b6,19,1790764496213
2b1891,30,1790764496213
de2f3b,36,1790763596213
386e02,53,1790764496213
c053ea,22,1790849096213
3d7826,20,1790849096213
d13c6c,42,1790764496213
c42f5d,24,1790763596213
83e51e,53,1790763596213
78e8cc,29,1790763596213
c39ca3,51,1790764496213
aa182c,52,1790763596213
fdaf52,45,1790764496213
4c5d23,19,1790849096213
b2f5d5,47,1790763596213
b1b162,45,1790763596213
d7ee62,40,1790763596213
b5255d,46,1790849096213
5ac13c,16,1790764496213
861e79,16,1790849096213
94c567,24,1790763596213
b22651,48,1790849096213
55c1fe,15,1790764496213
18380e,30,1790849096213
b1b3eb,26,1790763596213
9f82d6,52,1790764496213
bb938f,21,1790849096213
7c6bfb,18,1790763596213
d9aa9f,47,1790849096213
9bf174,25,1790763596213
f34954,15,1790763596213
f4b3c4,39,1790764496213
e84c14,47,1790849096213
dc34bc,22,1790849096213
dbc4a9,22,1790849096213
59d2ad,28,1790764496213
640f4e,49,1790849096213
7ba239,33,1790849096213
27e546,20,1790849096213
c690a2,41,1790764496213
254510,39,1790849096213
d611a3,35,1790763596213
cce256,58,1790849096213
129efa,20,1790763596213
f4921b,39,1790764496213
ab8b55,43,1790849096213
18f51f,25,1790849096213
c50c4e,49,1790763596213
3201b7,43,1790764496213
a73f78,43,1790764496213
11bedc,50,1790849096213
a0f1e8,22,1790764496213
cc1400,37,1790764496213
b7a565,21,1790763596213
f4de22,18,1790849096213
3e4afb,49,1790764496213
7b4f53,38,1790764496213
81ab0d,16,1790849096213
bcdc83,16,1790763596213
ad5ddc,51,1790764496213
3712e9,19,1790763596213
e01ff0,48,1790764496213
9bd6a5,37,1790849096213
00ec68,54,1790849096213
ca451e,47,1790763596213
5b2f54,25,1790763596213
b2b8dd,56,1790849096213
b5b2da,37,1790849096213
4ac2b9,49,1790763596213
a35049,54,1790764496213
d58319,22,1790849096213
78932b,44,1790763596213
a03cd9,24,1790764496213
7061af,56,1790849096213
691a76,41,1790849096213
9be78d,36,1790763596213
7b999b,36,1790763596213
3b8252,48,1790763596213
e24ddc,41,1790764496213
12d5c2,17,1790849096213
b951bf,55,1790849096213
178e86,47,1790763596213
972641,32,1790849096213
0e78fb,53,1790764496213
2d22a8,54,1790849096213
8d3001,17,1790849096213
ca619b,45,1790763596213
890171,25,1790849096213
829602,27,1790763596213
c4fcdc,51,1790764496213
603653,21,1790764496213
653a83,53,1790849096213
1396ab,58,1790849096213
642703,22,1790764496213
bb1aeb,34,1790764496213
251b14,15,1790764496213
0fc90e,42,1790764496213
a36c5f,56,1790764496213
2273ba,52,1790764496213
60ca43,17,1790849096213
30f4a7,49,1790849096213
73fb5c,23,1790849096213
715bb6,44,1790849096213
ab6370,50,1790849096213
9be63f,52,1790849096213
cf9166,53,1790764496213
3c9af1,35,1790764496213
3b392d,21,1790849096213
b34151,48,1790849096213
7be4a2,26,1790763596213
0f1472,42,1790763596213
e77931,40,1790763596213
b8268f,23,1790763596213
700c97,33,1790849096213
d730e1,29,1790849096213
f4a9a4,47,1790763596213
1938f2,30,1790849096213
5c8356,60,1790763596213
dc1ce2,55,1790764496213
f9bcf1,24,1790763596213
342354,59,1790849096213
430d05,45,1790849096213
3a0c1a,44,1790849096213
04ad0e,25,1790763596213
ce5c41,30,1790763596213
8caae6,25,1790849096213
ff51d8,32,1790849096213
ec2073,34,1790849096213
5f2e28,42,1790763596213
6ca183,30,1790763596213
f1fe8a,51,1790849096213
bac702,39,1790763596213
1e4abd,34,1790763596213
07ee0b,22,1790764496213
b380f8,58,1790764496213
592081,17,1790764496213
31fa5a,18,1790849096213
776a37,30,1790849096213
c2299f,34,1790764496213
148c63,59,1790763596213
bf1386,15,1790849096213
7469d1,41,1790763596213
121592,40,1790764496213
70b22a,26,1790764496213
60cdda,54,1790849096213
58fbaf,51,1790849096213
7c0f4a,46,1790763596213
ec781c,26,1790849096213
889b44,18,1790763596213
0cb39b,37,1790849096213
ac08ae,27,1790849096213
65dec3,18,1790763596213
9eddae,42,1790764496213
f567f5,57,1790849096213
1e50ca,44,1790763596213
955040,33,1790763596213
fb4e16,50,1790849096213
02fd8c,29,1790763596213
af53d9,44,1790849096213
c88f2f,57,1790763596213
4c8937,53,1790764496213
b7abb8,16,1790763596213
aa79f5,55,1790764496213
4d30ed,17,1790764496213
e0d034,21,1790763596213
0180bc,17,1790763596213
bce9e5,58,1790764496213
dbe513,15,1790764496213
959c5d,33,1790849096213
847f44,36,1790849096213
34c33e,59,1790764496213
e1ffd4,54,1790763596213
444304,47,1790849096213
bba194,44,1790764496213
78b89c,23,1790764496213
7252ad,26,1790764496213
d44eec,58,1790849096213
2e28e3,42,1790763596213
4d24cf,25,1790763596213
940296,26,1790763596213
37832d,44,1790763596213
f32fd0,28,1790763596213
141340,25,1790764496213
b7842a,48,1790763596213
634e74,57,1790764496213
902966,24,1790764496213
13bd76,21,1790849096213
4f2a73,60,1790764496213
29fe50,55,1790849096213
303f5c,58,1790763596213
aab269,26,1790849096213
404131,46,1790763596213
e8ba46,49,1790764496213
0ddb3f,31,1790763596213
468e4a,26,1790764496213
00e109,56,1790763596213
8f0a67,20,1790849096213
9a9e41,30,1790764496213
f28b48,40,1790763596213
e88f61,52,1790764496213
a4545d,46,1790849096213
8463d6,50,1790849096213
d3c1c6,32,1790849096213
c7cebb,51,1790764496213
7600ff,55,1790763596213
856582,25,1790763596213
ed75c0,40,1790849096213
78359a,25,1790849096213
ff2917,27,1790764496213
daa03d,29,1790849096213
37f9b5,36,1790849096213
b5de02,57,1790849096213
d26265,58,1790764496213
3dd43b,43,1790764496213
54af5b,30,1790763596213
48e9d1,50,1790763596213
4247d4,16,1790849096213
cd53b7,25,1790763596213
f5317a,25,1790763596213
3e245d,21,1790849096213
23e932,37,1790763596213
2f1a30,37,1790764496213
7f7a6d,39,1790763596213
0c35f5,46,1790849096213
58fcd2,41,1790764496213
d8fbab,26,1790849096213
b0dcbf,47,1790764496213
2ba0f3,38,1790849096213
1d2e17,21,1790764496213
1a8155,19,1790849096213
8b0dd9,25,1790764496213
a4b274,20,1790849096213
bcd841,26,1790764496213
df565a,56,1790763596213
a2a4e4,19,1790763596213
7e5447,20,1790763596213
913c2b,38,1790763596213
97ea43,59,1790763596213
33af1e,32,1790849096213
37f0a9,53,1790763596213
61e5c7,42,1790849096213
e3bdfa,41,1790764496213
74dc63,16,1790763596213
f7c55f,37,1790764496213
2fb5c4,29,1790763596213
f36921,22,1790849096213
8ce31b,60,1790763596213
227c3c,36,1790764496213
8a31b3,47,1790849096213
8e6228,37,1790764496213
a08bd3,43,1790763596213
6da7ba,37,1790849096213
c21385,17,1790849096213
86fe45,40,1790763596213
33c57a,17,1790763596213
f9e083,45,1790849096213
07cd1a,20,1790849096213
bb107f,54,1790763596213
163787,22,1790763596213
c49585,33,1790849096213
10666a,52,1790849096213
38cc2f,25,1790763596213
009bf6,54,1790849096213
467e23,25,1790763596213
87aa50,54,1790763596213
3d38a3,34,1790849096213
d6d8c0,34,1790764496213
7b9232,49,1790763596213
ed6e50,27,1790764496213
af8c88,29,1790849096213
a2c75e,32,1790849096213
98eeba,17,1790849096213
011b95,32,1790764496213
7dbe67,24,1790763596213
a4efa5,37,1790763596213
add31d,15,1790849096213
91b57d,54,1790764496213
fd93fb,27,1790764496213
107101,27,1790763596213
038058,51,1790849096213
b5fd21,42,1790763596213
71c09d,53,1790849096213
878e67,45,1790849096213
00ce59,52,1790764496213
7244f8,50,1790764496213
0f1601,38,1790763596213
562a14,27,1790849096213
227409,60,1790849096213
f25c91,35,1790764496213
df174b,38,1790763596213
2069f0,47,1790849096213
b5ae5d,15,1790764496213
f5712a,17,1790763596213
c83125,19,1790764496213
07d98c,46,1790849096213
3ac612,19,1790849096213
3b33aa,15,1790763596213
f3a83a,56,1790763596213
7bf144,60,1790849096213
203282,35,1790849096213
e59e0f,51,1790763596213
930dfa,56,1790763596213
562ed3,38,1790849096213
8d2c9e,47,1790849096213
6aa1bb,16,1790764496213
8f6e7a,31,1790764496213
a3460e,43,1790764496213
b03ce9,59,1790764496213
88f24c,15,1790764496213
35be84,30,1790764496213
2f862f,53,1790763596213
8844ee,32,1790849096213
03b1f6,30,1790763596213
6782fc,47,1790763596213
7bbc03,59,1790763596213
0ebac2,48,1790764496213
7cffa1,41,1790763596213
162f1c,45,1790764496213
ba34c6,16,1790763596213
cb3d59,55,1790764496213
db86df,26,1790764496213
766226,39,1790764496213
358a57,39,1790763596213
ef6564,30,1790849096213
b5ec57,40,1790849096213
f47ea2,23,1790849096213
26e175,29,1790849096213
56c679,53,1790849096213
dd8faa,25,1790764496213
abe77f,51,1790764496213
67d1db,31,1790849096213
a01705,37,1790764496213
0496f7,49,1790849096213
6b625d,38,1790763596213
226664,26,1790763596213
5a82db,43,1790763596213
5cb0d8,57,1790849096213
c654ce,48,1790849096213
e545e9,54,1790849096213
325e62,42,1790849096213
567186,17,1790849096213
d84781,50,1790763596213
a4a1a3,37,1790849096213
7d236d,29,1790763596213
01050a,58,1790764496213
f26a98,40,1790763596213
19636b,25,1790763596213
78a823,60,1790849096213
3ad72e,20,1790763596213
8374a1,59,1790849096213
7c16c8,33,1790849096213
953d4a,24,1790763596213
7221e7,24,1790849096213
5a78b2,21,1790764496213
455453,33,1790763596213
d03c02,17,1790763596213
2eea74,44,1790763596213
ac67af,52,1790763596213
13d28e,30,1790849096213
8ac193,50,1790764496213
8c0c86,18,1790849096213
9a2366,17,1790764496213
133a91,47,1790764496213
da1264,40,1790764496213
1cad35,47,1790764496213
12c0f7,50,1790764496213
721ac8,41,1790764496213
9f6d47,16,1790849096213
9d3214,54,1790763596213
3151bc,55,1790764496213
85d35a,40,1790849096213
e997ef,43,1790849096213
d32bc2,38,1790764496213
da5617,54,1790763596213
70e7b1,28,1790849096213
c13e4c,45,1790764496213
9dffea,55,1790763596213
cb4d86,54,1790763596213
5805ac,50,1790763596213
89d880,34,1790764496213
c9d4bb,27,1790849096213
3504c8,56,1790849096213
0dd971,38,1790849096213
b4daaf,24,1790763596213
8e128c,29,1790764496213
d9fc10,33,1790849096213
ddcd37,52,1790764496213
cd996d,54,1790764496213
c6f274,19,1790849096213
0a9c4b,53,1790763596213
98293a,46,1790849096213
4eb0c3,15,1790763596213
8ef7ae,43,1790763596213
780897,27,1790849096213
a54955,49,1790763596213
6cb218,58,1790849096213
fd6536,38,1790764496213
bf48ef,34,1790763596213
345a59,26,1790763596213
877434,27,1790849096213
51f2f9,36,1790849096213
5f8911,33,1790849096213
56331f,59,1790764496213
9ec914,15,1790764496213
10c6d5,25,1790764496213
228e61,51,1790764496213
6720fc,33,1790849096213
e0024e,39,1790764496213
3c73f6,24,1790764496213
35cb28,35,1790849096213
c8ed7d,26,1790764496213
65922a,54,1790849096213
260e84,36,1790764496213
39e3a5,24,1790763596213
0ae3a1,44,1790763596213
c504d2,40,1790764496213
ded2be,34,1790764496213
42c171,22,1790764496213
9eca1d,60,1790763596213
36b983,44,1790764496213
e06173,21,1790849096213
dbf671,53,1790849096213
748c38,59,1790849096213
d24afc,47,1790763596213
d0aa54,49,1790849096213
c1521c,38,1790763596213
aac5a5,19,1790764496213
11ca6a,25,1790764496213
174cf0,54,1790763596213
64949f,55,1790763596213
e07c1d,24,1790849096213
4df7e5,23,1790764496213
cc7e67,41,1790849096213
3eb550,58,1790763596213
ff2983,42,1790849096213
699448,50,1790764496213
960b35,44,1790764496213
70a51c,29,1790849096213
46fa1f,20,1790849096213
3c56d8,50,1790763596213
f7a79b,16,1790849096213
b374b8,35,1790763596213
42f85a,16,1790763596213
c361c5,22,1790764496213
b841c9,41,1790764496213
adaa32,36,1790764496213
aa0004,15,1790763596213
c58c60,37,1790763596213
87ec11,59,1790849096213
e4ce68,49,1790763596213
7a8162,44,1790763596213
a7f24b,39,1790849096213
fc9bc5,53,1790763596213
f04fc2,43,1790763596213
777b7d,20,1790764496213
40ae62,27,1790763596213
ca0e0d,49,1790763596213
cc6f38,35,1790849096213
b51770,25,1790849096213
26e0ad,27,1790849096213
7c2eb9,60,1790849096213
4c0786,25,1790763596213
3420fe,25,1790763596213
0285f9,54,1790849096213
19ad19,59,1790849096213
ed11a5,17,1790764496213
b452c0,30,1790764496213
e62928,44,1790764496213
a8dbfd,42,1790849096213
0f015f,26,1790763596213
93031a,47,1790764496213
66269f,15,1790849096213
1ffd85,27,1790764496213
a8d3f9,38,1790849096213
82cf2e,17,1790764496213
7abb65,15,1790764496213
3987c8,55,1790764496213
1b558d,58,1790764496213
95c145,44,1790763596213
a8bf57,50,1790849096213
7c81ab,41,1790763596213
8649f4,15,1790849096213
bdd0b6,42,1790764496213
3b2eea,59,1790764496213
f0e0a1,16,1790763596213
411ec8,53,1790763596213
e2353b,49,1790763596213
5ca128,25,1790764496213
1753e5,30,1790763596213
d2453d,50,1790849096213
d9a44a,52,1790764496213
553ddd,25,1790849096213
12dd33,42,1790849096213
15c237,33,1790849096213
f3bb6b,23,1790764496213
a55dac,50,1790764496213
b2e08d,50,1790764496213
8737fc,52,1790763596213
f82505,20,1790763596213
532563,38,1790849096213
4eb211,19,1790849096213
ec97a6,40,1790764496213
f7b299,45,1790764496213
e71625,51,1790849096213
187cf9,24,1790763596213
aac99f,48,1790764496213
e3a5e0,30,1790849096213
470405,43,1790849096213
789445,50,1790849096213
65610e,33,1790764496213
57a833,54,1790763596213
5428ea,51,1790849096213
c23eb3,45,1790764496213
bf9335,27,1790849096213
9f6d78,39,1790849096213
964d89,55,1790764496213
1ae71c,17,1790763596213
0b43ad,33,1790764496213
2e05e7,56,1790763596213
e78a0c,50,1790763596213
8e9e0d,48,1790764496213
cc32b9,31,1790849096213
51e841,56,1790849096213
fb7f98,46,1790849096213
16d18d,40,1790764496213
ec269f,26,1790763596213
b0f3c9,46,1790764496213
b636b1,15,1790764496213
1c5e88,29,1790764496213
1952a1,51,1790764496213
7a2295,28,1790764496213
2c48d2,32,1790764496213
d64449,60,1790764496213
7f90b8,21,1790849096213
5f08aa,16,1790764496213
f870d1,47,1790849096213
e5ca6a,36,1790764496213
842ee3,56,1790763596213
1c5989,35,1790849096213
192fb9,39,1790763596213
965c97,53,1790764496213
ef535b,19,1790849096213
950ff2,16,1790764496213
a0d83f,53,1790764496213
6b8101,47,1790849096213
8152a9,55,1790763596213
8f6ec2,59,1790764496213
aedd4a,20,1790764496213
69befa,56,1790763596213
dbd2c0,54,1790763596213
c3781f,28,1790849096213
c30c2a,54,1790763596213
ef9243,18,1790764496213
334ec9,47,1790849096213
edeb7d,25,1790764496213
fd88a0,43,1790763596213
7453ed,26,1790849096213
5900a5,24,1790764496213
eb92cc,31,1790849096213
538160,38,1790764496213
ea1688,39,1790849096213
798bf8,55,1790764496213
de6bb5,25,1790849096213
c410b9,21,1790764496213
26684f,50,1790849096213
61606f,23,1790849096213
ac0969,57,1790849096213
3d8962,35,1790764496213
c8ede9,28,1790763596213
ac1d83,38,1790764496213
49edab,32,1790763596213
c88208,17,1790763596213
665e9b,59,1790763596213
f76a3b,40,1790849096213
0b1d25,41,1790764496213
2d01ff,23,1790849096213
0fb4b8,25,1790764496213
9fd3cd,15,1790764496213
2d5782,35,1790763596213
9d6da1,58,1790764496213
6fc753,32,1790763596213
55f2dc,42,1790849096213
75c597,33,1790849096213
c6116b,50,1790849096213
b926b2,32,1790763596213
44be89,45,1790764496213
ab89b7,44,1790763596213
6b1a22,16,1790764496213
35d1f6,34,1790849096213
4b3dc5,25,1790764496213
caf372,23,1790849096213
23abaf,36,1790849096213
c108f4,35,1790763596213
aa7087,56,1790764496213
5418c9,15,1790764496213
db4436,32,1790763596213
3fce4f,48,1790849096213
8788cb,60,1790849096213
7468b0,40,1790764496213
257555,31,1790764496213
aaf9fe,58,1790849096213
a46350,55,1790763596213
791587,38,1790849096213
9c8d2e,53,1790849096213
766469,44,1790763596213
915712,28,1790849096213
48ab2a,57,1790763596213
4f54f7,24,1790763596213
c19dc2,41,1790763596213
033deb,22,1790764496213
6815f3,55,1790849096213
14d0e2,44,1790849096213
96230d,46,1790849096213
7ac6fd,34,1790764496213
e6efa3,38,1790764496213
e834d1,37,1790764496213
8d90db,59,1790849096213
6506b1,35,1790764496213
842897,57,1790764496213
b3879c,53,1790763596213
3d23c8,51,1790849096213
2633d8,39,1790849096213
6abc84,34,1790764496213
6e4785,22,1790763596213
a76ab8,46,1790763596213
1364b3,32,1790849096213
856959,53,1790764496213
953caf,50,1790764496213
aea2ab,55,1790764496213
68212c,57,1790763596213
4b3084,59,1790763596213
c57e9c,39,1790849096213
b96752,54,1790849096213
0b6731,53,1790763596213
b8cf5e,53,1790764496213
439dfe,37,1790849096213
653fea,50,1790763596213
df54f7,54,1790763596213
a7253c,43,1790763596213
40b02d,58,1790849096213
6501d2,22,1790763596213
a7abc3,54,1790763596213
9032a8,56,1790849096213
acdb44,38,1790764496213
41a559,41,1790849096213
489d3e,31,1790764496213
442ad3,31,1790849096213
8199ff,32,1790764496213
46ade4,48,1790849096213
83b806,43,1790764496213
fdaf29,28,1790764496213
862b69,49,1790764496213
757741,59,1790849096213
e78175,20,1790763596213
f07788,47,1790764496213
cf0a4a,37,1790849096213
307eb2,18,1790849096213
c31aac,46,1790763596213
5b3a66,26,1790763596213
d994ee,33,1790764496213
85d18b,24,1790763596213
14aa17,58,1790764496213
6d01af,23,1790764496213
8b5d6e,28,1790849096213
b75e2d,53,1790763596213
471a2e,15,1790763596213
f144af,17,1790764496213
5be9c1,35,1790763596213
a3b062,33,1790849096213
031475,44,1790849096213
b8bda9,49,1790763596213
229607,19,1790763596213
23879d,39,1790763596213
f7b62a,55,1790849096213
fcf44e,34,1790764496213
30bd30,52,1790849096213
bd8aed,46,1790849096213
632da0,21,1790764496213
808969,38,1790763596213
776df2,55,1790849096213
d07bf1,45,1790763596213
15424f,41,1790849096213
839e30,15,1790764496213
7b42a7,23,1790764496213
b6812a,24,1790764496213
cc32da,21,1790763596213
bc5318,25,1790764496213
d60670,21,1790763596213
820701,20,1790764496213
b33da7,21,1790764496213
4ffc7d,15,1790763596213
386e54,15,1790764496213
f3ce98,29,1790764496213
398037,33,1790849096213
db3087,15,1790849096213
5c9890,58,1790764496213
9ab2d3,24,1790763596213
de67db,57,1790849096213
41539c,16,1790763596213
a8422e,32,1790763596213
8a22c9,44,1790764496213
b1a145,29,1790764496213
e10881,30,1790849096213
c69d20,18,1790763596213
57e5ff,41,1790849096213
fb9a45,34,1790763596213
0c7a9e,15,1790849096213
baea0a,47,1790849096213
de9455,35,1790849096213
4e6786,54,1790849096213
53182c,17,1790764496213
5c92bc,18,1790763596213
efcfcd,60,1790763596213
7fb0ed,42,1790764496213
06c9fc,41,1790763596213
95e276,41,1790849096213
75263c,25,1790764496213
e8db28,49,1790849096213
bbe37e,37,1790763596213
e91d32,15,1790763596213
26707a,52,1790764496213
627c2e,52,1790764496213
95854b,33,1790763596213
a538b6,49,1790764496213
3eb23c,50,1790849096213
45eabe,33,1790764496213
869f18,46,1790849096213
a3021d,41,1790849096213
8e3bfe,34,1790764496213
4104d8,15,1790764496213
a6a348,38,1790849096213
8b7f14,21,1790764496213
ecff74,39,1790764496213
05e799,44,1790763596213
aea38d,21,1790849096213
edf8f2,33,1790763596213
e4ad65,57,1790849096213
2a90d9,48,1790763596213
dff3f2,15,1790763596213
d41904,56,1790849096213
6166d9,29,1790764496213
a9ab09,52,1790764496213
8b35db,49,1790764496213
a03610,45,1790763596213
4c390a,25,1790763596213
f4301b,19,1790849096213
bd57dc,45,1790763596213
3d8dd5,32,1790849096213
c2b09b,20,1790849096213
41af6e,29,1790849096213
36dd09,17,1790763596213
d197ec,16,1790763596213
277cfd,35,1790849096213
f752ac,22,1790849096213
d4b542,31,1790764496213
612a37,18,1790849096213
c5ca9c,54,1790763596213
7ae4df,32,1790849096213
c68ccf,28,1790764496213
550490,31,1790764496213
2ec1c7,43,1790849096213
6e654e,36,1790849096213
cca49b,30,1790849096213
bf4e33,16,1790764496213
bc9aae,52,1790763596213
b7ee72,34,1790764496213
34fdbd,55,1790849096213
4f632c,32,1790763596213
6f5437,44,1790764496213
7024a8,48,1790763596213
9fa3bd,47,1790764496213
fddb03,50,1790763596213
7c7c6d,28,1790849096213
f30f1f,50,1790764496213
a48d79,37,1790764496213
d96016,38,1790764496213
08814a,51,1790764496213
a43ed1,57,1790763596213
1fcbbb,49,1790849096213
531246,50,1790763596213
3a919a,37,1790764496213
e1bbb8,31,1790763596213
1fabaf,24,1790763596213
073c96,40,1790763596213
3ef3ed,23,1790849096213
7b71b6,22,1790764496213
95471d,30,1790763596213
691f17,48,1790849096213
7877a0,19,1790849096213
6dc46a,26,1790763596213
14315c,16,1790763596213
1db9a9,18,1790763596213
144e17,27,1790763596213
512973,49,1790763596213
5696ad,58,1790763596213
3e1056,55,1790764496213
b7d9d5,53,1790763596213
bb5b04,56,1790849096213
43f57f,32,1790849096213
6ce2af,41,1790763596213
8ca648,29,1790764496213
c49e8f,23,1790763596213
ca1e9d,32,1790763596213
440f59,41,1790763596213
19f6c5,15,1790764496213
382cfb,15,1790849096213
771302,21,1790763596213
c58a67,24,1790764496213
157b17,46,1790849096213
9e21ef,18,1790849096213
d5bfc6,57,1790763596213
1c714f,47,1790763596213
bceb5c,45,1790763596213
b1c96c,24,1790763596213
6a9488,54,1790763596213
c308b8,15,1790763596213
7dd66a,48,1790764496213
4b48d2,33,1790763596213
4750cc,42,1790764496213
ae4f16,23,1790764496213
24a8dc,17,1790764496213
4e9708,28,1790849096213
09799d,54,1790763596213
10d5a1,52,1790763596213
e2710d,29,1790764496213
c8d561,32,1790849096213
c5f6ac,25,1790764496213
fab383,37,1790763596213
10f084,60,1790763596213
3c66be,44,1790849096213
781aae,41,1790849096213
01db40,16,1790764496213
4d8a61,58,1790763596213
fa82d0,36,1790763596213
de28af,21,1790763596213
d985cd,27,1790764496213
560895,59,1790764496213
330e00,53,1790764496213
153934,24,1790763596213
322eb9,15,1790763596213
fe6177,35,1790764496213
392c43,26,1790849096213
03ee41,17,1790764496213
8937ce,43,1790764496213
c271ea,55,1790763596213
2a1258,47,1790763596213
98d9f5,19,1790763596213
9c9271,20,1790764496213
993374,29,1790763596213
ba2c2f,27,1790764496213
f467bf,39,1790764496213
6f8ea0,53,1790849096213
42b8a0,59,1790763596213
7f3b1b,46,1790763596213
b6720c,15,1790849096213
1982a3,27,1790763596213
1c7f60,27,1790764496213
6fde21,38,1790849096213
9e8361,56,1790763596213
c9209f,38,1790764496213
25430c,32,1790849096213
d4e243,53,1790763596213
50a49d,25,1790849096213
d73159,54,1790849096213
3ff026,26,1790763596213
897280,23,1790763596213
903ec1,34,1790764496213
9bc966,21,1790763596213
250edb,36,1790763596213
059c3a,53,1790764496213
641413,50,1790849096213
b8e809,43,1790849096213
b8599e,39,1790764496213
a8ec14,35,1790849096213
116438,32,1790763596213
90af0f,28,1790764496213
036f9c,42,1790849096213
e71750,28,1790849096213
efcd51,46,1790764496213
743ebc,51,1790764496213
82840b,34,1790849096213
77df39,19,1790763596213
057d3e,35,1790849096213
80fbd7,21,1790764496213
55e7e8,39,1790764496213
9b4a32,39,1790849096213
a7ec02,17,1790764496213
d1ed90,57,1790764496213
d63868,53,1790764496213
574ea1,25,1790849096213
1fed26,29,1790764496213
ed9427,31,1790764496213
d2b004,18,1790763596213
fd4cb8,30,1790764496213
59fe96,46,1790763596213
3cb2c4,29,1790763596213
9eacad,49,1790763596213
c995bf,29,1790764496213
a384d8,36,1790764496213
62e9f6,33,1790763596213
a58711,38,1790849096213
c3fc54,53,1790764496213
228181,17,1790763596213
2d728b,22,1790763596213
f40e47,24,1790763596213
eb8a63,48,1790849096213
f81d3c,29,1790764496213
2d1989,59,1790849096213
e43cb9,41,1790764496213
1a3865,21,1790849096213
9cbd09,26,1790764496213
56b3e3,34,1790764496213
dd2cee,33,1790764496213
40776c,20,1790764496213
2a22f0,48,1790764496213
0c9789,54,1790849096213
247dec,35,1790763596213
898f3d,55,1790763596213
70a525,29,1790849096213
e67b1d,51,1790849096213
8602ff,17,1790763596213
e96712,22,1790763596213
3c5d13,57,1790763596213
33b8eb,31,1790764496213
39e3a0,41,1790764496213
50183f,52,1790849096213
4f2936,56,1790763596213
365020,38,1790764496213
2a3bc5,49,1790764496213
a457d0,22,1790764496213
189ead,31,1790763596213
c83435,56,1790764496213
16f70a,19,1790849096213
ea69e9,45,1790764496213
a06aba,17,1790764496213
cded8a,21,1790849096213
6fb4f1,29,1790763596213
3cd0d1,23,1790849096213
f40bd8,56,1790764496213
5674d0,49,1790763596213
ac8285,20,1790763596213
d3f8d9,53,1790849096213
83f254,37,1790849096213
91550e,56,1790849096213
15791a,55,1790764496213
adfb71,26,1790849096213
f1f8da,39,1790849096213
43d153,29,1790763596213
d6c7ab,20,1790763596213
cb7779,43,1790763596213
9e34c4,39,1790849096213
ff33a7,36,1790849096213
bad874,32,1790849096213
3831bb,37,1790764496213
45a5a2,24,1790764496213
431588,38,1790849096213
dcd95b,40,1790764496213
0590f3,31,1790763596213
ab0f44,44,1790764496213
f03607,39,1790849096213
26d0aa,56,1790763596213
243fbf,39,1790764496213
77fd27,22,1790849096213
1ddd85,50,1790764496213
b58e3e,18,1790849096213
9a2237,30,1790764496213
be4118,47,1790849096213
78e63c,18,1790849096213
6ed0f3,54,1790764496213
2515df,23,1790763596213
ce0187,44,1790849096213
e50a27,16,1790763596213
6c2043,22,1790763596213
e1b5ee,56,1790849096213
e56854,46,1790849096213
5eceea,55,1790763596213
ce920c,52,1790849096213
da429c,42,1790763596213
5db65e,19,1790849096213
91c6e8,36,1790764496213
0c7891,51,1790764496213
09abf9,24,1790849096213
856d67,25,1790763596213
49fb39,17,1790764496213
ff6c4b,35,1790849096213
a26e14,21,1790763596213
93ce9a,28,1790849096213
708f40,34,1790764496213
08d01d,24,1790849096213
de6737,55,1790763596213
065ada,18,1790849096213
f9e17b,48,1790764496213
33d6cb,35,1790764496213
e7e7b6,57,1790849096213
341d50,60,1790849096213
222800,52,1790849096213
116578,27,1790849096213
f86f55,38,1790764496213
c09963,16,1790763596213
b5a2c1,22,1790849096213
ee9e52,39,1790763596213
b97312,41,1790849096213
a017d8,27,1790763596213
8318e3,58,1790764496213
96e42a,27,1790764496213
09b02c,41,1790849096213
3d3549,30,1790764496213
36b207,41,1790849096213
a165c7,40,1790764496213
26a8d6,51,1790849096213
89ea8a,52,1790764496213
cc839b,46,1790764496213
08ceff,28,1790763596213
33e9c1,32,1790763596213
055490,30,1790763596213
42b408,16,1790764496213
18b4eb,44,1790764496213
48f2dd,46,1790763596213
87a06b,50,1790849096213
99b527,16,1790849096213
1891e7,59,1790849096213
a793e9,60,1790764496213
9b3c7c,48,1790764496213
0fb7de,57,1790763596213
e83cfe,15,1790764496213
2d4984,32,1790849096213
5e3116,29,1790764496213
0660d1,52,1790849096213
df68bf,21,1790849096213
c5766e,16,1790764496213
4fc081,42,1790849096213
a49002,59,1790849096213
6aeee6,16,1790764496213
4219c0,32,1790763596213
404580,36,1790764496213
41dfcb,47,1790849096213
0a520f,53,1790764496213
947af5,50,1790764496213
b052bd,25,1790849096213
6c5522,47,1790763596213
8eff4a,46,1790764496213
87a32c,17,1790849096213
7b5e64,27,1790849096213
d873cf,41,1790763596213
2db578,54,1790763596213
8161d5,42,1790764496213
358277,43,1790764496213
2ed4d8,47,1790764496213
8f4016,20,1790849096213
727270,45,1790849096213
a366ad,18,1790849096213
c88586,18,1790763596213
b0c3e2,50,1790849096213
d24c26,54,1790849096213
c6ffb1,46,1790849096213
466b48,16,1790849096213
40089e,33,1790764496213
5d368e,21,1790849096213
1b8dc4,23,1790764496213
15b65c,27,1790764496213
cc01e4,25,1790763596213
7e7e26,26,1790764496213
dfff80,56,1790763596213
1cc2ff,57,1790763596213
215560,37,1790763596213
3b4682,57,1790764496213
6540e6,45,1790764496213
749324,21,1790763596213
efd485,41,1790764496213
a6e5a4,28,1790763596213
a8d908,34,1790849096213
ae8e03,30,1790763596213
a46e96,58,1790764496213
1050ee,57,1790763596213
1ff9b6,45,1790849096213
01d01b,37,1790764496213
76b26e,60,1790849096213
6d8559,32,1790763596213
332c7f,22,1790764496213
818d04,44,1790763596213
456337,29,1790764496213
187f33,30,1790764496213
3d2afe,23,1790764496213
146713,45,1790764496213
aafad9,30,1790763596213
d70d40,38,1790763596213
644ddb,39,1790764496213
ed8e23,37,1790763596213
037b88,33,1790849096213
b121fc,53,1790764496213
85183b,31,1790763596213
9db97e,41,1790849096213
1d05a5,56,1790849096213
b456ef,41,1790764496213
2abdbd,44,1790764496213
a47921,37,1790849096213
acaddd,34,1790764496213
b51efb,55,1790763596213
a8a7ad,34,1790849096213
3dd37c,42,1790763596213
c5b258,58,1790763596213
519f52,16,1790764496213
6a8bc9,19,1790763596213
cb33d5,39,1790763596213
d3cecc,60,1790763596213
cf00f3,38,1790763596213
5860a4,51,1790763596213
b51ca6,19,1790763596213
e434b5,34,1790849096213
8c5bd2,41,1790764496213
b26bcc,37,1790849096213
ef848d,15,1790763596213
24167e,48,1790849096213
310dfb,39,1790849096213
fb9508,15,1790764496213
33fa0d,55,1790764496213
c95fb6,33,1790763596213
9aaca3,21,1790764496213
5e3542,42,1790849096213
73542f,31,1790763596213
512c19,43,1790849096213
0b8131,22,1790849096213
2e4fde,57,1790764496213
a916ac,27,1790763596213
696f87,46,1790764496213
9e5c79,40,1790764496213
918c39,25,1790849096213
f01ae4,36,1790849096213
6d157a,60,1790764496213
71289c,24,1790849096213
b1693d,22,1790763596213
7d9793,37,1790764496213
ffe6e5,50,1790764496213
62ddec,17,1790849096213
f44b2c,59,1790849096213
eea552,32,1790763596213
180a35,47,1790849096213
4b24c0,50,1790763596213
2e3c0b,27,1790849096213
4b31ad,53,1790764496213
1e6fdc,15,1790763596213
0aab8a,25,1790764496213
64971f,51,1790763596213
15ff4f,48,1790764496213
6b56b7,36,1790763596213
a525a3,47,1790764496213
c95a27,51,1790763596213
77afbe,38,1790764496213
887a69,19,1790849096213
04c5b5,43,1790763596213
e0f49f,35,1790763596213
2055fe,51,1790849096213
1a7dc9,42,1790849096213
22246f,55,1790764496213
3700a3,39,1790764496213
980fc7,21,1790849096213
92f219,23,1790849096213
ebfa61,43,1790849096213
0221f9,24,1790764496213
38abe0,53,1790763596213
71797c,26,1790849096213
cad1bb,22,1790849096213
f997b4,33,1790764496213
0949da,19,1790764496213
1efd45,29,1790763596213
5705c8,23,1790763596213
4f20b7,49,1790849096213
0201f2,16,1790849096213
e31b45,41,1790849096213
20aba1,36,1790849096213
b1fc78,28,1790763596213
46902c,52,1790764496213
ab24ed,36,1790764496213
46dc9a,28,1790763596213
6cd32c,24,1790849096213
e24914,51,1790763596213
83e440,37,1790849096213
099a25,38,1790764496213
da6e4b,18,1790764496213
c56f35,45,1790849096213
2406dc,20,1790764496213
ecd265,43,1790763596213
9d692e,53,1790763596213
362945,46,1790764496213
db4fd5,53,1790849096213
a0029d,46,1790764496213
647ae3,28,1790763596213
ab24bd,48,1790849096213
f2246f,53,1790764496213
103e7d,33,1790764496213
bdc187,37,1790764496213
e5952c,58,1790849096213
cbe9e5,29,1790764496213
858d14,21,1790764496213
4e0274,37,1790849096213
af0171,41,1790764496213
66338f,56,1790849096213
7e7e04,39,1790763596213
b48692,56,1790764496213
2f69ae,37,1790764496213
6b40a5,55,1790763596213
3bba22,41,1790764496213
226388,32,1790849096213
295c8e,38,1790849096213
e9ae1b,18,1790849096213
1c3c28,40,1790849096213
c515d9,31,1790763596213
3a4fb6,17,1790763596213
0fa6cf,21,1790849096213
026d56,22,1790849096213
1d12f0,60,1790849096213
822f17,30,1790764496213
85ddeb,49,1790764496213
db5605,45,1790764496213
b52d12,31,1790763596213
72d970,60,1790849096213
fbb8e7,34,1790849096213
86c9fe,29,1790763596213
da8e70,40,1790763596213
492190,60,1790764496213
8ac243,57,1790763596213
001aca,60,1790849096213
eeef22,31,1790763596213
6d5cdf,50,1790764496213
06acb7,52,1790764496213
53e3e7,22,1790849096213
3b3926,38,1790849096213
7e0e7f,46,1790764496213
a52b9e,48,1790849096213
5aaa30,17,1790849096213
6ad4ed,33,1790763596213
c09279,15,1790849096213
c67dc5,39,1790764496213
b47f6a,32,1790849096213
e5551f,53,1790849096213
8c22b5,29,1790764496213
4187c0,20,1790849096213
46d551,48,1790849096213
6441f5,33,1790763596213
45ff26,50,1790849096213
258528,24,1790764496213
280f8b,28,1790849096213
1d1cab,33,1790764496213
a97388,42,1790849096213
b5d95f,28,1790849096213
ae269c,57,1790764496213
0cb139,37,1790763596213
a6609f,38,1790763596213
f694fd,33,1790763596213
d2715e,46,1790849096213
0c0669,39,1790763596213
13ceea,59,1790763596213
7f7a20,56,1790849096213
af0fdd,35,1790849096213
24157c,25,1790764496213
d79bcc,27,1790849096213
a20ca7,54,1790763596213
6d1aab,26,1790849096213
05b59f,34,1790764496213
80cc03,53,1790764496213
10ce73,16,1790763596213
2b6b81,53,1790849096213
37b8c7,22,1790849096213
370972,59,1790764496213
d15f54,17,1790849096213
73a663,47,1790764496213
d17f12,21,1790849096213
d4d810,56,1790763596213
69f27b,37,1790763596213
7b2ead,21,1790849096213
a59c70,33,1790763596213
cb8f39,51,1790763596213
7b3326,33,1790764496213
238ec6,34,1790763596213
5dffc2,45,1790764496213
77bb06,19,1790849096213
5aeec2,47,1790764496213
86d6ae,21,1790764496213
fc0a4e,26,1790763596213
01133f,29,1790849096213
336069,53,1790764496213
0ffc94,22,1790764496213
91dd4c,26,1790764496213
c7665f,38,1790763596213
629052,20,1790763596213
5a90d0,33,1790763596213
374e53,50,1790849096213
4b511b,40,1790849096213
82d18b,40,1790849096213
d41e39,49,1790764496213
19109e,37,1790764496213
d23472,23,1790764496213
2ea524,47,1790849096213
9b1859,26,1790763596213
9c2dd2,35,1790849096213
f97609,17,1790764496213
86a85e,24,1790763596213
847917,52,1790849096213
84ec65,37,1790849096213
632887,40,1790849096213
0df41d,25,1790764496213
7e3d99,51,1790763596213
e87ac2,51,1790849096213
37e53c,44,1790763596213
c25ff4,15,1790764496213
a3ef03,55,1790849096213
84b2a0,15,1790763596213
21ca22,42,1790764496213
ad92f2,21,1790764496213
c30f39,54,1790763596213
fd3dea,31,1790849096213
5b2b24,41,1790764496213
9ab2d4,22,1790849096213
898e25,15,1790764496213
0d13dc,28,1790849096213
998e7d,51,1790764496213
0aebd6,56,1790849096213
b86900,46,1790849096213
28c665,35,1790763596213
b809e2,43,1790849096213
2e9ab2,19,1790763596213
ade1be,52,1790763596213
7ff5cd,57,1790763596213
d4f32e,37,1790764496213
ad4086,50,1790849096213
3cf32c,29,1790763596213
e30ab2,42,1790764496213
1baaeb,33,1790763596213
d5ffef,24,1790764496213
0f2e84,44,1790763596213
1440b9,28,1790849096213
552499,28,1790764496213
e91fc1,16,1790764496213
675057,58,1790849096213
0e9c66,43,1790849096213
cc2d79,49,1790764496213
33f561,30,1790849096213
df2ccb,24,1790764496213
69f6a1,24,1790764496213
31d9d6,56,1790763596213
af5240,32,1790764496213
cb00a2,35,1790849096213
959d95,50,1790763596213
d6fe70,21,1790764496213
1e6a98,54,1790764496213
9897cb,59,1790849096213
b30110,60,1790763596213
696586,37,1790763596213
6d4034,23,1790763596213
e42d13,57,1790849096213
866881,15,1790763596213
eee39b,47,1790763596213
0bc2cf,42,1790849096213
828749,43,1790849096213
c1140b,53,1790764496213
85072d,57,1790764496213
7d09db,58,1790763596213
a47dae,20,1790763596213
1fa38f,54,1790764496213
29fba8,47,1790764496213
99b2b7,21,1790849096213
2ba999,47,1790849096213
835041,46,1790763596213
8cf0a8,34,1790764496213
b2553e,38,1790763596213
f6ff2c,48,1790764496213
9e5e8b,20,1790763596213
929790,25,1790763596213
4dec01,29,1790764496213
d52856,27,1790849096213
e8dca6,47,1790763596213
5b1e25,28,1790763596213
6a3b3b,22,1790849096213
49fe17,31,1790763596213
513081,30,1790764496213
9ffeb1,23,1790763596213
e95437,31,1790764496213
7c6d85,54,1790763596213
db2082,51,1790763596213
287c0b,36,1790849096213
89c2ea,34,1790764496213
857440,35,1790763596213
7c7d64,21,1790763596213
ea7ff4,57,1790849096213
d45f2e,35,1790849096213
d74ec8,19,1790764496213
5fb3f0,43,1790849096213
e269d8,53,1790763596213
35ec75,38,1790849096213
f6fda8,60,1790849096213
b65331,59,1790849096213
dce087,57,1790849096213
3fc4df,26,1790763596213
fb3647,22,1790849096213
51099c,27,1790763596213
dc2fc8,60,1790849096213
8e1593,27,1790763596213
36889a,43,1790849096213
632317,57,1790763596213
6118cd,25,1790764496213
ac3ad3,43,1790763596213
543768,30,1790763596213
de86c9,57,1790764496213
4a6c4f,25,1790764496213
7bb710,33,1790764496213
cd5a85,19,1790849096213
3dce3a,42,1790849096213
b67d66,46,1790849096213
84578d,28,1790849096213
98be81,37,1790764496213
2e3444,39,1790849096213
78fa2c,27,1790849096213
8f0828,23,1790764496213
e7f626,50,1790764496213
41d05e,34,1790763596213
af1fb4,20,1790764496213
8ba72f,46,1790764496213
bf68ee,53,1790763596213
c6e240,45,1790764496213
fad9a9,39,1790849096213
5f3987,57,1790764496213
a59aef,33,1790849096213
c66c4a,37,1790763596213
74104e,43,1790763596213
d6a931,35,1790849096213
3761b3,24,1790849096213
ae198d,22,1790849096213
16a53f,56,1790764496213
b8df95,54,1790849096213
1b52fe,34,1790763596213
7a62f6,58,1790763596213
d67c09,50,1790763596213
e05921,59,1790764496213
4fdf12,26,1790849096213
fc51a7,56,1790764496213
0480fc,45,1790764496213
1a0189,27,1790849096213
4bd5dd,39,1790849096213
08e858,52,1790764496213
d0aa63,38,1790849096213
5bd56f,54,1790763596213
4c89a6,16,1790849096213
79bd91,28,1790763596213
bd99bb,21,1790849096213
5d5671,38,1790764496213
469b84,55,1790763596213
db4ea7,30,1790763596213
6c07b2,60,1790849096213
9d4477,21,1790764496213
d48375,28,1790763596213
9df6ec,56,1790764496213
aadf3b,25,1790849096213
ce0406,48,1790764496213
55e781,26,1790764496213
a7e70e,55,1790849096213
267c84,56,1790849096213
9e52b7,29,1790763596213
dc43e8,35,1790764496213
62a44b,56,1790763596213
6aa300,54,1790849096213
1aad4f,32,1790849096213
3e8721,27,1790849096213
b2268f,32,1790763596213
438586,21,1790764496213
f52f28,58,1790849096213
ee42ff,41,1790764496213
a00ff7,56,1790763596213
de5bb3,48,1790849096213
7b0ba1,53,1790764496213
d828b6,22,1790764496213
13cd30,18,1790849096213
b60eb2,45,1790849096213
1821fe,33,1790763596213
8a5c6e,15,1790764496213
ffc93f,31,1790763596213
cbf480,16,1790849096213
463e90,42,1790764496213
3ebc5c,19,1790764496213
635f3c,24,1790849096213
aa1efa,55,1790764496213
1ca0d8,52,1790849096213
037434,54,1790849096213
2d50d5,56,1790849096213
3e7213,59,1790764496213
aecbc8,19,1790763596213
9ce440,59,1790763596213
4019f7,49,1790764496213
d26f2a,50,1790849096213
3bae2c,17,1790763596213
ca26ac,37,1790849096213
48f920,39,1790763596213
149715,17,1790763596213
839158,23,1790764496213
8a84fe,17,1790763596213
41402f,30,1790849096213
d2d755,36,1790849096213
1a5699,25,1790764496213
bfa0d2,52,1790763596213
c187fa,51,1790849096213
ce3fcd,50,1790764496213
61fb9a,58,1790763596213
f74b19,19,1790764496213
50a72e,59,1790849096213
20755a,48,1790763596213
7cc8f1,58,1790849096213
0e78ff,48,1790763596213
d0f72d,15,1790849096213
7b5010,15,1790764496213
b74cf8,33,1790764496213
15cab8,60,1790763596213
062bb5,22,1790764496213
0a0238,15,1790764496213
b4f2ac,18,1790849096213
dcc126,50,1790849096213
6dabbf,18,1790763596213
26843d,58,1790764496213
f9d6ab,60,1790763596213
225d2e,40,1790849096213
83a4a3,38,1790763596213
3e5526,56,1790849096213
a59fb1,28,1790764496213
7066f7,54,1790764496213
2fda66,46,1790849096213
e01554,28,1790763596213
5d788a,47,1790849096213
625e5b,41,1790763596213
61b7e7,39,1790764496213
4a5070,43,1790763596213
9e8dfd,54,1790849096213
c62251,39,1790763596213
63751e,24,1790849096213
e20e09,26,1790764496213
1c9eba,41,1790763596213
17252d,51,1790849096213
7cc178,44,1790763596213
014e45,56,1790763596213
3cdb57,59,1790764496213
6aa9d7,34,1790849096213
df8e78,37,1790849096213
a1ec35,21,1790764496213
69eb4a,23,1790849096213
c8aad2,27,1790849096213
3a67a2,57,1790849096213
d65768,55,1790764496213
b8fc08,23,1790849096213
9c8efe,56,1790764496213
9c1756,30,1790849096213
a898c4,51,1790763596213
2dbe44,34,1790849096213
2ba254,45,1790764496213
6a12c3,41,1790763596213
bea5b5,48,1790849096213
6506c4,37,1790849096213
39027a,57,1790849096213
5751af,24,1790764496213
f0de78,42,1790763596213
06b8c3,30,1790763596213
caed88,48,1790763596213
92248d,19,1790763596213
fab2d6,27,1790764496213
5e4838,48,1790764496213
8f5e50,27,1790763596213
4487e3,42,1790764496213
737179,27,1790763596213
a92571,19,1790764496213
aae1a0,58,1790763596213
14c7b2,28,1790763596213
b0feff,23,1790764496213
ea70d6,34,1790764496213
beb669,24,1790764496213
2e5902,27,1790764496213
0f57e9,54,1790764496213
2e64e8,39,1790849096213
9d53f1,31,1790849096213
d165bb,59,1790763596213
25e140,30,1790764496213
5e7b86,43,1790763596213
ae9f65,26,1790763596213
13a2e6,26,1790763596213
21387a,30,1790763596213
1a19f0,22,1790849096213
9da3d1,24,1790763596213
11e032,46,1790849096213
942dc9,44,1790764496213
92697d,47,1790764496213
c57034,25,1790764496213
f9833e,56,1790763596213
b1cd06,57,1790763596213
770e70,17,1790849096213
c6ee4e,58,1790764496213
d2d8ee,38,1790764496213
240025,16,1790849096213
c177ac,20,1790764496213
48e967,47,1790764496213
f541b9,18,1790763596213
75fd2d,50,1790763596213
c89d27,53,1790849096213
e8bf36,50,1790764496213
a37b1b,29,1790764496213
249005,17,1790763596213
846775,53,1790849096213
3c275c,28,1790764496213
d36aa8,15,1790849096213
20b87b,27,1790849096213
4f3b99,55,1790763596213
23bb9e,35,1790764496213
427999,54,1790764496213
300cb5,42,1790763596213
3cd977,33,1790764496213
85bb14,54,1790764496213
c9af75,26,1790764496213
cc5cd0,27,1790849096213
ecf808,51,1790764496213
c32539,18,1790849096213
d23a54,30,1790764496213
e675a5,43,1790849096213
3ecb5b,45,1790849096213
a94d01,30,1790763596213
f04a9d,41,1790764496213
fd3506,45,1790849096213
c6d17b,41,1790763596213
392716,24,1790763596213
881539,20,1790764496213
127558,44,1790849096213
6a7670,39,1790763596213
f8dcb3,44,1790849096213
1f552e,18,1790849096213
2ba93f,33,1790849096213
664617,20,1790763596213
e7bcf7,46,1790849096213
275af6,51,1790763596213
72e38d,54,1790849096213
524300,38,1790764496213
54d02d,36,1790763596213
7983e8,60,1790763596213
198b3e,22,1790849096213
8971de,18,1790764496213
1fc3ec,47,1790763596213
58524e,32,1790764496213
94d2c1,17,1790763596213
a6c522,53,1790763596213
03dae3,40,1790763596213
c336f4,55,1790764496213
93e5b7,51,1790763596213
401c29,55,1790763596213
134233,35,1790764496213
525578,57,1790763596213
6582e7,47,1790849096213
1c5f64,21,1790764496213
6dc960,18,1790849096213
f14f09,27,1790764496213
21e057,21,1790763596213
91d541,21,1790849096213
e0cfcf,44,1790764496213
ebed02,50,1790849096213
86b1ee,57,1790849096213
b63e6f,46,1790764496213
0ac7ee,46,1790763596213
b4d15b,38,1790849096213
13a766,21,1790763596213
ebf2da,53,1790763596213
f9ed78,23,1790763596213
645482,28,1790849096213
4a878f,28,1790764496213
c8a3ac,38,1790763596213
5ef62d,44,1790764496213
b55dbb,51,1790763596213
867a43,42,1790763596213
8ff30a,49,1790763596213
cef186,29,1790764496213
7c3b91,18,1790764496213
fc90d7,31,1790764496213
d99d97,52,1790849096213
ad4ef4,19,1790763596213
19e59d,46,1790764496213
865452,27,1790764496213
5512b3,21,1790849096213
76b250,46,1790764496213
16289d,37,1790764496213
6bd25b,55,1790849096213
e710bb,39,1790764496213
7f0e93,53,1790764496213
644e09,35,1790763596213
b0eec8,32,1790849096213
c6b20d,57,1790764496213
735b53,23,1790849096213
4aa3f1,50,1790764496213
77c34e,19,1790764496213
e7b22b,37,1790764496213
b900ee,27,1790764496213
74914a,23,1790849096213
a22238,50,1790763596213
37d4a6,40,1790764496213
a38d65,28,1790849096213
25cb62,48,1790763596213
212d62,15,1790763596213
d8f707,32,1790763596213
98cd9d,45,1790849096213
3dc000,57,1790763596213
110ae8,50,1790763596213
d35b7e,42,1790764496213
45f7d2,56,1790764496213
a9e442,19,1790849096213
d05501,59,1790764496213
25b48c,27,1790849096213
afd670,19,1790764496213
5c7093,45,1790764496213
3f7365,51,1790763596213
adbef9,58,1790849096213
361ffe,36,1790763596213
4254b2,24,1790849096213
a3e43a,15,1790763596213
529713,51,1790849096213
048af7,58,1790764496213
708b22,31,1790764496213
8bb481,25,1790763596213
ae6531,33,1790763596213
3860f3,43,1790849096213
00a814,38,1790849096213
3f9683,58,1790849096213
c7e498,36,1790763596213
281199,34,1790849096213
6c8e30,27,1790763596213
5336e8,21,1790764496213
d760b8,59,1790764496213
94b307,27,1790763596213
8b191e,50,1790764496213
194826,34,1790763596213
4cdcf2,36,1790763596213
434138,52,1790849096213
5d7a9b,34,1790763596213
a62138,60,1790764496213
68e35c,30,1790763596213
b3ae64,23,1790764496213
96bea4,17,1790763596213
e93603,27,1790764496213
9a5e6d,23,1790763596213
4e0c61,49,1790764496213
f2bc2b,38,1790764496213
a5c5ce,28,1790764496213
371a16,50,1790764496213
4ffe9c,50,1790763596213
189f7c,24,1790849096213
bdf62d,49,1790763596213
1f6c9e,22,1790849096213
232c32,34,1790849096213
5809a0,42,1790763596213
c46d9f,26,1790849096213
306202,28,1790764496213
0a4fa3,26,1790849096213
82e94b,29,1790763596213
51537e,23,1790764496213
d771e4,38,1790764496213
227349,48,1790763596213
0e3c0c,42,1790849096213
4849db,53,1790849096213
bcce89,32,1790764496213
e31dc8,54,1790764496213
99977b,49,1790763596213
08e1ec,34,1790763596213
7bfb8c,60,1790763596213
ba40c2,51,1790849096213
d1cff2,27,1790764496213
a63e48,23,1790849096213
0fec7c,24,1790849096213
713680,43,1790849096213
90abe2,43,1790763596213
58a574,38,1790849096213
a7cca0,42,1790763596213
622670,24,1790764496213
5c1175,44,1790849096213
1600d9,16,1790849096213
07a321,28,1790849096213
270896,34,1790764496213
ef90c0,51,1790764496213
0b69db,51,1790764496213
e86320,36,1790763596213
b4ac65,60,1790763596213
dabd06,50,1790849096213
1c2e0e,23,1790849096213
b556ff,22,1790764496213
404bd9,23,1790764496213
db1e3e,30,1790764496213
e4a065,46,1790764496213
017be7,55,1790849096213
63f288,30,1790764496213
0e7289,24,1790763596213
fafb62,28,1790763596213
f4cc7e,27,1790764496213
f66f4c,18,1790764496213
e7fa3f,50,1790763596213
ed4e82,30,1790763596213
8221ac,42,1790849096213
951520,19,1790849096213
940ec1,31,1790764496213
1732d5,37,1790763596213
9bb546,59,1790763596213
8b4d7f,47,1790763596213
905b89,47,1790849096213
0122d3,15,1790849096213
64114d,48,1790849096213
84cfbf,51,1790849096213
eb40cb,50,1790849096213
b4182c,57,1790849096213
bb5abd,54,1790849096213
a4fd04,59,1790764496213
425b73,53,1790849096213
ff7633,17,1790849096213
99eee3,54,1790849096213
4dd4b7,25,1790849096213
b3e262,33,1790849096213
121b70,25,1790763596213
1232db,50,1790764496213
2df946,16,1790764496213
e31333,27,1790763596213
feb436,16,1790849096213
ca7541,32,1790849096213
d80261,15,1790764496213
4a8ab5,59,1790763596213
1f696b,58,1790764496213
89aa8a,40,1790764496213
cf2fca,45,1790764496213
a031d5,56,1790763596213
771103,49,1790764496213
6bc1c2,23,1790849096213
e3280a,50,1790763596213
2bc51c,28,1790849096213
83de14,22,1790849096213
fc9cde,23,1790763596213
1d7273,15,1790764496213
480b2b,36,1790764496213
268b68,15,1790849096213
3ae358,31,1790763596213
283926,17,1790763596213
be1ec5,17,1790764496213
ea8c99,54,1790763596213
00d90a,25,1790849096213
98bae2,34,1790763596213
bfdcb0,46,1790849096213
6abf5d,60,1790763596213
23d6b6,34,1790763596213
b07950,54,1790763596213
7c997e,37,1790763596213
e331b5,20,1790763596213
c5ab89,18,1790764496213
b92b87,26,1790849096213
d6a204,40,1790763596213
356f2a,45,1790763596213
eacc8e,51,1790849096213
320d0b,31,1790764496213
349dc4,16,1790764496213
73edf1,34,1790763596213
877606,49,1790763596213
3ecf76,39,1790764496213
aafe0f,48,1790763596213
7b1333,42,1790763596213
08e8c9,30,1790763596213
7590ce,51,1790764496213
13222b,37,1790764496213
d4e7e2,31,1790764496213
026576,30,1790763596213
be475d,30,1790849096213
faace1,44,1790764496213
211779,24,1790763596213
db7401,24,1790849096213
1aa872,33,1790764496213
19a105,16,1790764496213
3fec75,46,1790849096213
059f5f,38,1790764496213
9b5426,30,1790763596213
4271aa,45,1790763596213
9dffd9,37,1790849096213
aef515,57,1790764496213
172b61,30,1790763596213
d96aa4,28,1790763596213
f49286,29,1790764496213
409650,24,1790849096213
a5fb31,53,1790849096213
8f5694,41,1790763596213
a3629a,25,1790763596213
df6f77,51,1790849096213
63535a,60,1790763596213
13c411,38,1790849096213
f8f729,58,1790849096213
cbb3e5,34,1790763596213
88f1d7,47,1790849096213
341181,37,1790764496213
1eff34,49,1790764496213
538e9a,16,1790764496213
7041e8,37,1790763596213
11be51,38,1790849096213
653da4,56,1790763596213
5760bc,52,1790763596213
3b6fc3,18,1790763596213
90a7b4,53,1790764496213
4b0196,60,1790849096213
80533c,45,1790764496213
1ef78c,23,1790849096213
61783f,56,1790849096213
e64ce7,24,1790764496213
ad0d08,32,1790763596213
115ca0,35,1790764496213
c7db5a,41,1790764496213
1eea9f,42,1790763596213
1b70c6,33,1790763596213
11d65e,15,1790849096213
1187a3,49,1790764496213
51f4aa,36,1790764496213
ed0a9a,42,1790849096213
97c97e,17,1790764496213
c270a0,54,1790764496213
4b35cf,44,1790763596213
f1a57c,49,1790764496213
6a1218,51,1790763596213
53d28c,34,1790764496213
35a636,34,1790763596213
decbfc,53,1790763596213
5db159,56,1790849096213
6062a4,49,1790764496213
63c4c4,57,1790849096213
698647,48,1790764496213
a1288a,57,1790764496213
15b006,56,1790849096213
cc4b79,57,1790764496213
ca5c2f,22,1790764496213
f3b65b,24,1790764496213
ae9148,33,1790763596213
5b18a5,55,1790849096213
54485b,54,1790849096213
f7e9f1,45,1790763596213
33a709,31,1790764496213
92ecf2,38,1790849096213
3a48f6,22,1790763596213
45a230,26,1790764496213
a4667c,55,1790849096213
87b8f8,16,1790763596213
22b72a,37,1790763596213
413e65,37,1790764496213
f3d21f,29,1790763596213
face01,36,1790764496213
b31ce8,60,1790764496213
8a9617,47,1790849096213
bd0921,34,1790763596213
c1003c,27,1790764496213
24dd78,22,1790849096213
cc19fa,56,1790763596213
39cf79,55,1790763596213
f20c1a,35,1790849096213
4dcb04,55,1790849096213
f321d1,60,1790849096213
aac1dd,41,1790763596213
ba271f,44,1790849096213
a423d0,60,1790849096213
48e22e,49,1790849096213
060f06,60,1790763596213
f44a0e,26,1790849096213
e0e0d9,23,1790763596213
2ac7ba,57,1790764496213
4d8e96,26,1790763596213
bb0850,42,1790849096213
bb104b,41,1790763596213
e0e8a6,34,1790764496213
c34745,52,1790849096213
8565f2,57,1790764496213
2a73e8,50,1790764496213
61fc7e,49,1790849096213
9bea0c,30,1790764496213
b8b99e,59,1790763596213
4142a7,23,1790764496213
50824f,60,1790763596213
282182,41,1790764496213
9a7faa,57,1790764496213
e12d19,55,1790764496213
131a91,46,1790763596213
ba833c,44,1790849096213
832368,56,1790763596213
ecf93d,38,1790764496213
1b814f,15,1790764496213
a71b3c,30,1790849096213
0d7ae0,33,1790763596213
f5116b,44,1790763596213
c78181,41,1790849096213
c41a5f,25,1790763596213
b9731e,17,1790764496213
6c35a9,54,1790764496213
4e7f45,20,1790849096213
6c4bee,34,1790763596213
6b4b60,43,1790764496213
a587fd,21,1790763596213
72ca96,40,1790849096213
febc3f,41,1790764496213
b5b6a7,32,1790849096213
1f5141,23,1790763596213
ce6fff,42,1790763596213
16a0ee,38,1790849096213
3b12c5,31,1790849096213
ee4288,25,1790849096213
be636d,58,1790764496213
557b56,54,1790763596213
8d9812,48,1790764496213
844318,21,1790764496213
b5b73d,40,1790763596213
fa4861,22,1790764496213
3bccbd,38,1790764496213
0d84ff,53,1790764496213
51eb8d,36,1790849096213
10acfe,59,1790763596213
89ce84,53,1790764496213
e847ae,18,1790764496213
1f8e38,42,1790849096213
ec9837,51,1790763596213
707eb4,23,1790764496213
fa56a7,60,1790849096213
7fe551,58,1790849096213
9ff826,32,1790764496213
8178df,57,1790764496213
fc91c9,41,1790764496213
9056e9,27,1790764496213
681467,32,1790763596213
d0e4a4,57,1790764496213
33e023,26,1790763596213
b2e808,33,1790763596213
23d1c4,29,1790763596213
c97765,48,1790763596213
c52b5e,24,1790849096213
4c321f,40,1790763596213
d69b66,47,1790764496213
88666c,49,1790763596213
dc39dd,29,1790849096213
0cfda1,35,1790763596213
ee6771,55,1790849096213
6980bd,20,1790764496213
e30649,57,1790763596213
47f9d7,54,1790764496213
c8dcc4,20,1790849096213
f726a9,24,1790849096213
9a47dc,57,1790763596213
d4de7b,17,1790764496213
125cf2,56,1790763596213
0499ba,26,1790849096213
598341,52,1790849096213
15a38e,33,1790764496213
aeac5d,23,1790763596213
e30611,46,1790763596213
5275e9,47,1790763596213
b9593a,19,1790764496213
000b08,20,1790763596213
eacdcd,59,1790763596213
a9f382,22,1790764496213
998ed5,53,1790763596213
8503d0,29,1790764496213
2ef8f7,30,1790763596213
e5a8dc,29,1790764496213
f51629,26,1790764496213
f01884,15,1790763596213
cb158f,57,1790849096213
9d5b8d,32,1790764496213
230fc0,43,1790849096213
76f67b,30,1790849096213
bc3bd3,43,1790763596213
f442b4,58,1790849096213
607a3d,50,1790849096213
98ba1e,35,1790764496213
44da1b,26,1790849096213
5ba83f,54,1790849096213
cac80c,54,1790763596213
1c2ddb,48,1790764496213
0991a0,56,1790764496213
837cfd,35,1790763596213
efe638,39,1790763596213
6f469f,58,1790764496213
63a6ce,23,1790763596213
1547d3,42,1790849096213
fcdf5c,29,1790849096213
854495,26,1790849096213
a2a933,32,1790764496213
76713d,26,1790849096213
78f48a,44,1790849096213
6aff9d,45,1790764496213
ef11ca,44,1790849096213
7bfe66,42,1790764496213
0d2e8f,55,1790849096213
61066f,27,1790763596213
cca898,40,1790849096213
9b50ee,32,1790763596213
26306a,18,1790849096213
d074b3,28,1790764496213
8d0a79,40,1790764496213
0047ce,17,1790763596213
af287a,42,1790764496213
8fb307,37,1790849096213
c0b231,52,1790764496213
08795d,16,1790849096213
335335,39,1790849096213
e2424a,41,1790763596213
5f0f99,49,1790849096213
cb39f5,53,1790849096213
95c034,40,1790849096213
eb8513,20,1790763596213
536784,20,1790764496213
93be28,29,1790849096213
3b1cc9,25,1790764496213
0b99fa,52,1790849096213
50603f,34,1790849096213
82099d,58,1790763596213
8ca644,35,1790849096213
555300,39,1790849096213
c2b0c6,34,1790764496213
8ea736,30,1790764496213
f5958d,23,1790763596213
b5aa0d,16,1790764496213
20a5e4,38,1790849096213
d55930,60,1790764496213
1dd0d5,29,1790763596213
968f65,17,1790849096213
40aa90,16,1790849096213
cf3b19,59,1790763596213
205287,34,1790763596213
09e007,58,1790763596213
5c0009,23,1790763596213
fcbf37,39,1790849096213
d3f7fb,51,1790849096213
b46efb,29,1790849096213
5efd05,26,1790764496213
ec0e27,44,1790849096213
efd205,15,1790763596213
989d05,33,1790764496213
bb1d69,23,1790764496213
696ca6,55,1790764496213
64e1b1,58,1790764496213
eb28c3,43,1790849096213
282e3b,31,1790849096213
dd8e69,45,1790849096213
159bba,22,1790763596213
6dad24,53,1790763596213
15dc04,52,1790849096213
802475,47,1790764496213
80ba10,59,1790764496213
4eab2d,48,1790763596213
009c1c,60,1790763596213
590295,42,1790764496213
e1cbc1,36,1790763596213
97a17a,22,1790764496213
d81765,40,1790763596213
ec38dc,35,1790764496213
177935,38,1790764496213
ecf867,22,1790763596213
d4ee54,57,1790764496213
c53f17,53,1790849096213
d5c4c0,23,1790849096213
3bef61,21,1790764496213
3dcebb,27,1790763596213
48e8fd,49,1790764496213
d36489,29,1790849096213
8c414c,57,1790763596213
cee640,20,1790764496213
3b2a2e,27,1790764496213
4e7675,34,1790764496213
65ce5c,28,1790764496213
b54606,16,1790849096213
ba19d6,32,1790764496213
50fad0,28,1790764496213
5d10af,40,1790763596213
a1130c,50,1790849096213
6381c2,36,1790764496213
1493eb,41,1790849096213
38eb5b,33,1790764496213
af70d5,17,1790764496213
47b071,57,1790849096213
950d07,45,1790763596213
e87ee8,40,1790764496213
5cb70a,60,1790763596213
09723d,24,1790764496213
630ad8,41,1790763596213
74c646,29,1790849096213
e74d02,22,1790764496213
c04edd,39,1790763596213
e6fcee,43,1790764496213
1cbfc1,59,1790849096213
5063a3,56,1790849096213
c40782,41,1790764496213
b15770,24,1790763596213
f2000f,47,1790849096213
9e3fa6,45,1790849096213
a34378,53,1790763596213
b72171,19,1790763596213
9def88,38,1790763596213
1feb8c,26,1790849096213
4d79b2,20,1790763596213
31def3,32,1790763596213
641603,48,1790849096213
a00256,50,1790764496213
c32169,33,1790764496213
ee39c1,15,1790763596213
9dcd40,32,1790849096213
3c139c,48,1790764496213
a3f65f,23,1790849096213
fe77da,47,1790763596213
d656a8,47,1790849096213
f17fb5,15,1790849096213
cf5392,29,1790849096213
ed8477,53,1790849096213
59e8c9,47,1790849096213
a6be94,27,1790764496213
5d9d73,38,1790764496213
919f01,54,1790849096213
354101,36,1790764496213
e31680,23,1790763596213
dae185,38,1790849096213
f000e4,35,1790764496213
c1ddd4,17,1790849096213
d869b7,31,1790849096213
9942ea,50,1790764496213
dcea62,50,1790763596213
4037bc,45,1790849096213
151af4,16,1790763596213
5ec8c1,42,1790764496213
ccbf0c,43,1790764496213
2038d0,40,1790764496213
647eee,17,1790849096213
64849e,15,1790764496213
404cd9,60,1790764496213
c31b02,16,1790849096213
9f2b97,51,1790849096213
08f737,41,1790849096213
8a65c6,36,1790763596213
53e081,24,1790763596213
388f66,42,1790849096213
695d18,40,1790849096213
fbfa20,52,1790849096213
33cc1d,24,1790849096213
e2bbee,54,1790849096213
de0e45,44,1790849096213
109586,43,1790849096213
2b5087,24,1790764496213
e42859,43,1790763596213
c022b7,20,1790849096213
3d3cdb,31,1790763596213
cc87fc,27,1790763596213
420396,44,1790849096213
10194a,15,1790849096213
561522,49,1790763596213
748db1,52,1790763596213
58c3d8,16,1790849096213
b45ac1,43,1790849096213
a183a0,41,1790849096213
beaa36,52,1790763596213
a7d25d,21,1790763596213
4d3a86,24,1790764496213
ef92e7,44,1790849096213
3311ae,56,1790849096213
5bf9de,51,1790849096213
93a40b,15,1790764496213
6987cb,20,1790849096213
4ec14d,53,1790849096213
ad4d0c,26,1790763596213
2be150,32,1790764496213
aa0fef,53,1790764496213
65b8f6,60,1790763596213
e39096,36,1790849096213
769e26,32,1790763596213
d86378,44,1790764496213
5a44dc,29,1790764496213
1fe205,38,1790764496213
5fb0aa,42,1790763596213
78795f,25,1790763596213
048160,19,1790764496213
bbd70a,27,1790764496213
d84aab,43,1790764496213
4277d8,60,1790764496213
cf98f7,49,1790763596213
02a060,44,1790849096213
35e71c,18,1790764496213
a3a1cb,52,1790764496213
6b472a,59,1790763596213
0a1638,38,1790763596213
dafb62,27,1790763596213
745f19,42,1790849096213
33d27c,44,1790763596213
e7f534,56,1790849096213
c86054,54,1790764496213
952e6a,37,1790849096213
5dfaff,36,1790849096213
a72776,15,1790764496213
46ee78,52,1790849096213
a91207,50,1790849096213
1ba481,49,1790764496213
6850c9,49,1790763596213
34413d,24,1790764496213
c6d0a1,27,1790763596213
f80660,52,1790764496213
8e2682,15,1790763596213
a3fb1e,42,1790763596213
f52f1d,48,1790764496213
f1febc,24,1790764496213
57fe4d,29,1790849096213
f5fb14,55,1790849096213
74aab6,60,1790764496213
e2f217,35,1790764496213
fb8828,55,1790763596213
a5ccaa,36,1790763596213
87ad88,31,1790763596213
827bb7,20,1790764496213
0b8d69,58,1790849096213
63b11d,18,1790849096213
6596ab,56,1790763596213
d7cb35,54,1790763596213
9007a9,40,1790764496213
d68d22,22,1790849096213
591a25,60,1790763596213
6b1238,39,1790763596213
dee292,17,1790764496213
25e06e,22,1790764496213
2a5e3b,20,1790764496213
039d25,23,1790763596213
9bd99a,47,1790763596213
db238f,16,1790764496213
2c4bbe,15,1790764496213
158da4,44,1790763596213
d3d7f1,19,1790764496213
185bc1,18,1790849096213
52d92e,52,1790763596213
080b74,59,1790763596213
3e1191,25,1790849096213
513594,19,1790849096213
48f1e2,18,1790764496213
bfa9d3,37,1790849096213
6b7ca1,28,1790764496213
c0447a,15,1790763596213
741f6b,31,1790763596213
4f8041,26,1790763596213
06f94e,31,1790763596213
86593c,18,1790763596213
51d190,25,1790849096213
00183e,29,1790764496213
423392,18,1790763596213
bd2ec5,54,1790763596213
f5c69b,35,1790764496213
667434,31,1790764496213
7affed,18,1790764496213
2bc650,17,1790763596213
71823a,51,1790763596213
25d087,59,1790849096213
95fd20,57,1790849096213
ef2c53,26,1790763596213
0e68b6,59,1790763596213
9a3dda,53,1790849096213
40b644,44,1790763596213
a7bed9,43,1790849096213
5e6c33,17,1790849096213
46cfff,24,1790764496213
0a13f7,43,1790849096213
27a19b,60,1790764496213
9063b8,48,1790763596213
298371,23,1790764496213
d83468,52,1790849096213
ee5412,31,1790849096213
371e43,51,1790763596213
856401,34,1790763596213
88d619,16,1790849096213
4c1f95,34,1790849096213
cc98b8,49,1790849096213
cddb1c,20,1790764496213
f37741,24,1790849096213
3b66b4,25,1790849096213
19c5f7,57,1790764496213
a04cb0,15,1790764496213
bbd25a,49,1790763596213
825a31,39,1790763596213
b0d878,26,1790763596213
a47718,54,1790763596213
9304ba,17,1790849096213
438496,36,1790764496213
6f2afb,25,1790763596213
bb3634,30,1790764496213
b9c8f9,53,1790763596213
6dd0a2,39,1790763596213
1091d5,60,1790764496213
52db57,38,1790764496213
e885f7,39,1790763596213
e9c3d5,41,1790763596213
f564fe,28,1790849096213
53c54e,38,1790849096213
59a033,34,1790849096213
386f97,41,1790763596213
b194cd,45,1790763596213
695de0,16,1790764496213
5c3bb0,20,1790763596213
240342,29,1790849096213
7ddb12,47,1790764496213
2c7232,56,1790763596213
9ae042,45,1790849096213
b70161,18,1790849096213
8ba2cf,56,1790763596213
670e3a,48,1790763596213
ab3c0a,42,1790849096213
92c2b7,24,1790849096213
224ca1,60,1790764496213
349c52,19,1790764496213
b3c3fe,31,1790763596213
2980f4,54,1790763596213
0b277f,51,1790763596213
c924de,48,1790763596213
720f7a,42,1790764496213
3ac1fe,19,1790763596213
d870c0,32,1790764496213
96c81c,51,1790849096213
42154a,41,1790849096213
b82ee6,22,1790849096213
c8bfe1,56,1790764496213
f5b6a0,36,1790763596213
791f8e,43,1790763596213
d6afae,33,1790763596213
300fd8,20,1790763596213
48112b,54,1790764496213
a91c5a,35,1790763596213
cb5096,29,1790764496213
435827,53,1790764496213
e6f159,55,1790763596213
f97476,58,1790849096213
6e0b26,48,1790764496213
d4f253,34,1790763596213
98debb,23,1790849096213
d606b4,57,1790764496213
4cb89f,35,1790849096213
3b0bdc,38,1790763596213
b5a1c5,49,1790763596213
bf3df7,25,1790764496213
5a876d,38,1790764496213
45b716,33,1790764496213
ec4d97,35,1790764496213
03d897,40,1790849096213
ab1ffe,55,1790849096213
4883d2,37,1790764496213
65b9b1,46,1790763596213
8a5118,16,1790764496213
65601f,27,1790849096213
6dc11b,59,1790763596213
59e099,46,1790763596213
e2dc2a,20,1790849096213
968eb5,41,1790763596213
4cab95,51,1790849096213
c896e5,25,1790849096213
616c0b,59,1790849096213
2a4cac,59,1790763596213
cdd139,26,1790849096213
946245,17,1790763596213
72cd4b,16,1790849096213
2e0003,26,1790764496213
d6c852,39,1790764496213
fe55f1,47,1790764496213
9e4165,52,1790764496213
053c8b,43,1790763596213
433b18,47,1790849096213
c3fb1a,25,1790764496213
431ddd,49,1790849096213
c04450,39,1790763596213
75751b,42,1790763596213
8b2f43,28,1790764496213
af88bf,55,1790763596213
9ba408,47,1790764496213
08ce7c,52,1790764496213
ccea91,42,1790849096213
2a25bf,54,1790763596213
c2e3d2,44,1790849096213
a8fc72,60,1790763596213
4d8366,46,1790763596213
3c3441,48,1790764496213
9ad07e,31,1790764496213
f08870,47,1790764496213
fec2ec,42,1790849096213
952a2c,60,1790763596213
0592a1,38,1790849096213
bed0c7,59,1790849096213
b0af2f,52,1790764496213
610492,15,1790763596213
1d7bcd,55,1790764496213
332ee0,15,1790849096213
0e0517,23,1790764496213
b8d4d6,31,1790763596213
328c55,46,1790763596213
d1d117,45,1790764496213
d677de,57,1790764496213
44f69c,24,1790764496213
6b71ae,21,1790763596213
dcfc2b,47,1790849096213
d6dc5c,22,1790764496213
8beaa9,26,1790764496213
3f06ed,57,1790763596213
f6460e,36,1790763596213
fa8928,54,1790764496213
122325,50,1790764496213
f44655,23,1790763596213
16e360,27,1790849096213
428d6a,16,1790764496213
99641e,40,1790849096213
7547e6,16,1790764496213
8e82a9,42,1790764496213
748b42,42,1790764496213
4c1cbc,18,1790764496213
82e897,37,1790763596213
eb101f,48,1790763596213
6de2cd,20,1790849096213
34180e,30,1790849096213
b279bc,58,1790849096213
dee28c,59,1790763596213
4abc69,25,1790764496213
3dcd91,46,1790764496213
695cbb,42,1790764496213
98d693,56,1790763596213
236812,59,1790764496213
4fef6b,21,1790849096213
9e379c,33,1790764496213
125010,42,1790849096213
050130,44,1790763596213
7d2579,30,1790763596213
e5da16,16,1790764496213
3d3946,33,1790764496213
7d5cc1,52,1790849096213
6b0921,27,1790849096213
d3bb00,44,1790849096213
770962,48,1790763596213
3389bb,50,1790763596213
bf43a4,35,1790849096213
e9b01c,57,1790849096213
68e14e,36,1790763596213
31c3f9,47,1790849096213
5ae357,52,1790849096213
4ac75c,45,1790763596213
7a43cc,25,1790849096213
154d5a,16,1790849096213
b99aa0,17,1790764496213
9c671f,18,1790763596213
6601fd,25,1790764496213
244290,29,1790764496213
c93749,57,1790763596213
47aff3,33,1790764496213
42c0d0,46,1790764496213
9d3862,49,1790764496213
0ab472,19,1790764496213
c27b4f,58,1790763596213
c15bb8,47,1790849096213
47647d,48,1790763596213
af207e,30,1790849096213
6d8e01,44,1790849096213
77489a,37,1790763596213
a0c0b4,36,1790849096213
ec4d4c,19,1790764496213
45c0c6,60,1790764496213
dd4479,27,1790763596213
749fd3,25,1790764496213
4d66a7,30,1790764496213
b1007e,49,1790763596213
7b68b1,21,1790849096213
ed6c4f,27,1790849096213
8b4af1,18,1790849096213
fa7671,51,1790764496213
34ad6d,51,1790763596213
aa6944,29,1790764496213
b8ab02,20,1790764496213
f71196,41,1790764496213
0b4100,17,1790763596213
ad8dd8,56,1790764496213
923a40,16,1790764496213
6a0b9f,42,1790763596213
68d3d0,15,1790763596213
50331f,31,1790849096213
a5f9a1,53,1790849096213
ee42c6,43,1790849096213
762fc5,58,1790764496213
87a78a,34,1790763596213
a4d5f0,32,1790764496213
5703cb,26,1790764496213
729a00,54,1790763596213
f80b5c,41,1790763596213
266130,29,1790763596213
1418ba,20,1790763596213
e98942,55,1790849096213
623f0e,47,1790763596213
1bf858,37,1790764496213
a60e57,52,1790849096213
93101b,49,1790849096213
1b90d3,23,1790763596213
ba331b,42,1790763596213
7efb9f,17,1790764496213
7142f5,60,1790763596213
7e3e9e,48,1790764496213
3716de,57,1790849096213
97ecee,33,1790763596213
e6410a,42,1790763596213
1728ed,55,1790849096213
3be359,58,1790764496213
6c09f7,32,1790763596213
5d45f6,40,1790763596213
dbb036,25,1790763596213
7753bf,34,1790763596213
557d26,28,1790764496213
13124c,57,1790849096213
c06b96,35,1790763596213
18877e,41,1790849096213
034c36,20,1790764496213
2aca09,49,1790764496213
39971c,51,1790764496213
83a059,24,1790764496213
9cc287,15,1790849096213
a13b4a,40,1790763596213
10beaf,60,1790849096213
be4ffc,37,1790764496213
e63dcc,30,1790849096213
763731,33,1790849096213
b49d17,59,1790763596213
8c5196,36,1790764496213
980951,53,1790764496213
7b6405,38,1790763596213
bd2684,26,1790764496213
951bb4,32,1790764496213
db3beb,32,1790849096213
4f2a6e,59,1790849096213
fbb182,59,1790763596213
027413,49,1790763596213
7edd67,40,1790849096213
016b1c,25,1790763596213
7065c7,54,1790763596213
06edb7,56,1790764496213
d3ad9b,58,1790764496213
46a7d4,48,1790849096213
c2e293,43,1790764496213
c7ac1b,49,1790763596213
bdeb6d,38,1790763596213
869969,16,1790763596213
867699,44,1790763596213
4e6281,58,1790849096213
6d5c9d,36,1790764496213
09ed6a,22,1790763596213
499414,21,1790764496213
a1e710,48,1790763596213
6da434,19,1790764496213
2c177b,55,1790763596213
507eed,20,1790849096213
3e0b32,59,1790763596213
afb194,45,1790763596213
6ef47d,29,1790849096213
26229f,27,1790849096213
417cbf,18,1790763596213
7c1c2d,26,1790764496213
632697,31,1790849096213
ae90ea,37,1790849096213
39d01f,32,1790764496213
aef437,16,1790763596213
1a9f9e,29,1790764496213
ce85fd,58,1790763596213
27e7f8,20,1790849096213
c37655,60,1790763596213
0496a3,24,1790849096213
1d50a8,36,1790763596213
7ede62,37,1790763596213
61b416,39,1790849096213
d1ed89,34,1790764496213
93a4c6,52,1790763596213
cc6e93,58,1790764496213
3c4d70,58,1790764496213
588b39,18,1790764496213
aa8130,20,1790763596213
f7b9e7,30,1790764496213
7c32c1,33,1790764496213
cc4223,34,1790849096213
476ad9,51,1790764496213
116b02,15,1790764496213
7ed583,19,1790763596213
8e5234,30,1790849096213
c54660,48,1790849096213
8aad15,57,1790849096213
7fe50b,30,1790764496213
edd0fd,52,1790763596213
bf157d,20,1790763596213
39d70e,20,1790764496213
93d1a4,45,1790849096213
251792,46,1790763596213
d9390d,24,1790849096213
5b60bf,48,1790849096213
89c075,52,1790763596213
ececaf,15,1790849096213
3983ff,24,1790764496213
7674e4,15,1790849096213
452a0a,20,1790764496213
2fd874,26,1790763596213
d7c8a1,34,1790849096213
855de0,26,1790763596213
25b028,37,1790764496213
b2cd59,42,1790849096213
7470bb,26,1790763596213
cb8aa4,39,1790763596213
c8af62,16,1790849096213
56a87c,52,1790849096213
d2e7d5,26,1790764496213
991442,30,1790764496213
d57e5a,49,1790849096213
02b961,45,1790763596213
b21c09,43,1790764496213
5d7752,40,1790849096213
d427b6,24,1790763596213
618185,25,1790763596213
a6103d,57,1790763596213
43b02c,18,1790849096213
dcc17b,22,1790764496213
55fc04,21,1790763596213
a2e861,47,1790849096213
0d5279,55,1790764496213
8750ba,18,1790849096213
046a61,50,1790763596213
67a83b,56,1790764496213
244145,41,1790764496213
c3fd94,19,1790849096213
d6a825,35,1790764496213
1251bf,47,1790763596213
2fedb6,24,1790849096213
972876,38,1790763596213
d3e7f2,20,1790764496213
02ea99,25,1790849096213
933f59,47,1790849096213
df31c5,26,1790763596213
ec6844,45,1790849096213
7b4044,60,1790764496213
6c4a3c,17,1790764496213
61c1df,47,1790763596213
7d1ff8,33,1790763596213
f23ee0,24,1790763596213
895044,48,1790849096213
8c82c1,43,1790763596213
c0c98b,51,1790849096213
a751f3,57,1790849096213
8d21a4,42,1790763596213
52cb77,48,1790764496213
c459c7,41,1790849096213
e5b54e,44,1790849096213
18150a,19,1790764496213
89b257,20,1790849096213
ae59a5,22,1790849096213
fc0523,47,1790849096213
7477b3,17,1790764496213
9a1f40,24,1790849096213
a8da22,34,1790849096213
eca889,48,1790763596213
4dada5,58,1790849096213
0bfd1f,42,1790849096213
2e8d75,55,1790849096213
dec8df,57,1790763596213
a084da,30,1790763596213
11b8dd,22,1790764496213
a0e38b,21,1790849096213
3956f7,32,1790763596213
65cc44,32,1790763596213
134ec6,59,1790764496213
038156,35,1790849096213
759630,47,1790849096213
dade95,33,1790849096213
5d3192,34,1790763596213
27cf29,45,1790764496213
0e2483,54,1790763596213
72a2ce,18,1790849096213
c7df28,30,1790763596213
6b3c09,45,1790763596213
4b9364,17,1790764496213
4c5d13,28,1790849096213
ae4495,37,1790849096213
b0dacf,20,1790763596213
0957c3,49,1790849096213
cf2b34,58,1790764496213
7017e6,57,1790764496213
b85968,18,1790849096213
fc5e3a,53,1790764496213
ed9c2b,27,1790763596213
fe6b8e,17,1790763596213
5a0f5b,30,1790763596213
a9c9c6,30,1790849096213
bb0c68,30,1790849096213
f72352,43,1790849096213
cad17e,59,1790849096213
6a48e8,24,1790764496213
d7f95f,15,1790763596213
486b27,46,1790849096213
db8826,28,1790763596213
c05493,32,1790764496213
c0f7a6,33,1790849096213
447413,59,1790764496213
3e6a7c,53,1790849096213
4a930c,33,1790849096213
ffd69a,40,1790763596213
2c4921,26,1790764496213
035c4f,43,1790763596213
1c205a,40,1790849096213
9b39c6,26,1790849096213
214a16,42,1790763596213
303eb7,57,1790849096213
8146f7,60,1790763596213
15eada,21,1790763596213
89e46d,59,1790763596213
cb8af5,43,1790849096213
5acdd2,29,1790764496213
5f6070,29,1790763596213
7f8527,58,1790763596213
61242e,51,1790764496213
7014e5,34,1790764496213
5a9283,53,1790764496213
5108c9,58,1790849096213
af5b76,45,1790764496213
65a38e,52,1790849096213
9b68ca,27,1790849096213
770d02,18,1790849096213
33ba9b,39,1790849096213
2b8845,41,1790763596213
7ba517,46,1790764496213
6e4b73,44,1790849096213
4fbfb6,16,1790763596213
2691fe,43,1790764496213
fbbceb,60,1790764496213
064b96,48,1790849096213
63a8b2,32,1790763596213
dedf00,32,1790849096213
9a9b17,36,1790849096213
191c7e,29,1790849096213
5e940c,58,1790763596213
2fb224,32,1790849096213
a437ef,50,1790849096213
33a6df,43,1790763596213
a7ddfd,38,1790849096213
19924e,15,1790764496213
6f8660,44,1790849096213
b17852,37,1790763596213
b68564,28,1790849096213
836d16,16,1790764496213
77d6f2,38,1790763596213
324386,27,1790849096213
1b812c,35,1790849096213
7088b5,24,1790849096213
f55415,55,1790764496213
a40ac3,33,1790764496213
f5fa67,59,1790763596213
3eedca,36,1790764496213
5c62ed,25,1790849096213
ae2f6c,36,1790849096213
1258f0,17,1790763596213
a3cf5c,31,1790849096213
1ecb00,35,1790763596213
7e935e,54,1790849096213
5faf8a,20,1790763596213
173fdb,43,1790763596213
90ebb1,47,1790764496213
0511c5,31,1790849096213
18fd36,34,1790849096213
39b879,56,1790764496213
5f77b5,44,1790764496213
5f3d45,21,1790849096213
aa0f9f,47,1790764496213
fe9692,60,1790849096213
161277,33,1790763596213
4ab1d2,43,1790763596213
6e3d67,55,1790849096213
e7ba54,42,1790849096213
4e844f,33,1790763596213
3d937a,25,1790849096213
5d3685,29,1790849096213
280a6b,50,1790763596213
cf220c,53,1790764496213
303b86,49,1790849096213
e8cf37,55,1790764496213
492632,31,1790849096213
0d07d7,59,1790764496213
9c818d,22,1790763596213
181fd7,55,1790849096213
3075da,23,1790764496213
6b8b70,31,1790849096213
5dd3fd,17,1790764496213
756be2,21,1790849096213
e02bac,33,1790763596213
cec26d,47,1790763596213
577190,15,1790849096213
db05cd,23,1790849096213
214ffc,40,1790764496213
a0c928,29,1790849096213
0f5bfa,45,1790764496213
83ec20,18,1790849096213
8618a3,44,1790849096213
652117,47,1790849096213
a46c8c,25,1790849096213
f5de93,30,1790763596213
30de4e,54,1790849096213
cc9f4f,16,1790764496213
290473,56,1790764496213
b1683f,25,1790764496213
38feec,15,1790849096213
e2bf81,37,1790763596213
1e4e21,50,1790763596213
b597c0,56,1790763596213
13cdff,53,1790764496213
31f92a,30,1790849096213
1f3cc8,28,1790763596213
71b1cb,40,1790763596213
1893de,38,1790764496213
118c93,38,1790764496213
8c60ac,17,1790763596213
b17ab2,56,1790763596213
531d63,30,1790764496213
7e19d3,51,1790763596213
0f540a,58,1790763596213
6ccb63,39,1790764496213
8f6583,54,1790763596213
9e07cd,55,1790849096213
70d609,31,1790849096213
d16f7d,46,1790849096213
53d2b7,33,1790763596213
9c6d16,50,1790764496213
3264b3,29,1790763596213
4ce457,25,1790764496213
42e7bc,25,1790763596213
799410,50,1790764496213
cdb5f8,33,1790849096213
86e3f8,37,1790849096213
be5460,60,1790764496213
8e5625,23,1790764496213
876241,56,1790763596213
c60b10,23,1790764496213
7f7cd3,22,1790849096213
45d9d6,19,1790764496213
9b0b64,36,1790849096213
1e407e,45,1790763596213
512045,37,1790763596213
8f957c,53,1790763596213
1c1580,45,1790849096213
647a5c,42,1790849096213
c26e09,51,1790763596213
238f7f,18,1790849096213
a1503c,15,1790849096213
7405a3,17,1790763596213
8fd958,43,1790763596213
f3d8d0,34,1790849096213
6d6392,39,1790763596213
0185f9,47,1790764496213
d3e5d9,47,1790764496213
a4661d,41,1790763596213
2dc468,54,1790764496213
c9630a,53,1790764496213
4dc269,31,1790764496213
b8cd79,37,1790763596213
63c103,25,1790763596213
4ba8c5,26,1790849096213
2c0a62,20,1790849096213
a13bab,40,1790763596213
eab994,51,1790763596213
e05999,22,1790763596213
459c39,36,1790764496213
38439a,60,1790764496213
74f5bc,53,1790763596213
c142c4,46,1790763596213
154fea,57,1790763596213
d416a7,38,1790763596213
f5efaa,55,1790849096213
6a5750,37,1790849096213
57feab,30,1790764496213
135da2,33,1790764496213
6ed9b7,17,1790849096213
05ae4b,37,1790764496213
254d16,42,1790763596213
ec2d9c,17,1790763596213
a3ad86,15,1790764496213
6ba9f0,45,1790763596213
818f8b,36,1790764496213
45627a,40,1790763596213
579da9,28,1790764496213
8b2b80,21,1790764496213
baf608,43,1790763596213
2b2919,20,1790763596213
ee5bd0,38,1790763596213
6729c3,45,1790849096213
e86d78,50,1790763596213
109ed6,30,1790764496213
6d3902,31,1790763596213
c9bfd9,46,1790763596213
7bcd20,24,1790763596213
03db42,55,1790849096213
e9e705,25,1790764496213
5b952d,31,1790849096213
cd879d,60,1790764496213
3a1d87,59,1790764496213
f4f5d9,38,1790764496213
79eb3f,44,1790764496213
a500f0,52,1790849096213
999c82,15,1790764496213
da1663,34,1790763596213
228b87,50,1790763596213
ce3349,41,1790849096213
10beb4,15,1790849096213
e51e3b,43,1790764496213
6d3fa8,46,1790849096213
d95e1c,35,1790763596213
b6c69e,16,1790764496213
9aca11,40,1790764496213
d2fb7c,35,1790763596213
7d7f5b,58,1790764496213
e283d1,57,1790763596213
148b68,53,1790764496213
7132f8,53,1790763596213
8b9224,43,1790763596213
f0964f,27,1790849096213
e6446a,36,1790764496213
ab8632,40,1790763596213
dbe6f4,54,1790849096213
9bfa11,24,1790764496213
1d0c32,43,1790763596213
014c52,32,1790764496213
db0a1f,38,1790763596213
260436,30,1790763596213
c424c2,30,1790764496213
7694d8,17,1790764496213
3e0783,20,1790763596213
b4abba,40,1790763596213
44188f,25,1790764496213
8c2d0e,37,1790763596213
9e8d66,53,1790764496213
e965ed,36,1790763596213
506957,45,1790764496213
cccb07,15,1790763596213
e44c35,52,1790764496213
cf0398,35,1790763596213
f29304,28,1790763596213
affc97,24,1790763596213
1126fe,30,1790849096213
7e8380,48,1790763596213
b7e754,43,1790764496213
4787d1,32,1790764496213
f42b29,56,1790764496213
dfbcde,59,1790849096213
fb0357,54,1790849096213
ad6410,56,1790764496213
029e38,26,1790764496213
9d0636,20,1790764496213
600840,39,1790763596213
ce6da4,27,1790763596213
db28eb,21,1790764496213
b3ccde,37,1790849096213
5acdb3,22,1790764496213
6525eb,35,1790849096213
8092b6,33,1790849096213
c1220a,49,1790764496213
bfe690,48,1790763596213
f82dac,22,1790849096213
ceb00f,19,1790849096213
f22a2b,49,1790763596213
38ba3a,37,1790764496213
feedfb,23,1790763596213
cb2800,21,1790764496213
176211,45,1790764496213
9c03ae,23,1790763596213
96ec8a,53,1790764496213
5f4d9f,20,1790763596213
cc640c,50,1790764496213
716b3b,52,1790764496213
ea0ae7,48,1790849096213
816847,41,1790763596213
39932e,18,1790763596213
8423c2,37,1790763596213
ef6b78,17,1790849096213
902d8f,22,1790764496213
c3a32d,32,1790763596213
f4c1be,16,1790763596213
4ce3f8,32,1790849096213
2285fa,20,1790764496213
f7705f,25,1790763596213
b584ec,36,1790849096213
30dfb6,20,1790849096213
b330bf,34,1790849096213
b0aa9b,58,1790764496213
039e13,21,1790764496213
fcf075,47,1790764496213
e66bc1,36,1790764496213
d143fa,52,1790764496213
c3f9a4,26,1790764496213
48ca42,31,1790763596213
fefe0f,51,1790849096213
d8106d,40,1790764496213
fc77f3,20,1790764496213
aeb939,32,1790763596213
90a967,39,1790763596213
5835d5,33,1790849096213
e7db65,39,1790764496213
87e2be,38,1790849096213
00a6d6,33,1790849096213
c87476,45,1790763596213
b8b2b3,26,1790764496213
8cc82e,28,1790764496213
2f2cea,59,1790763596213
2d056b,51,1790763596213
8f3bec,21,1790763596213
cb6c89,60,1790764496213
0be8a6,54,1790764496213
b48acf,15,1790764496213
eb8fb7,36,1790849096213
407a14,41,1790849096213
7ce032,47,1790763596213
419afc,43,1790849096213
c47540,23,1790763596213
7227d6,37,1790763596213
7dc6d5,51,1790763596213
c3dedc,25,1790764496213
87533a,57,1790764496213
a42c24,19,1790763596213
d1da22,24,1790849096213
352768,56,1790764496213
056126,22,1790849096213
c871ea,22,1790763596213
71b7dd,21,1790763596213
c2346e,22,1790763596213
6f8fe8,20,1790849096213
8648ef,21,1790764496213
1af071,47,1790763596213
73fbe6,52,1790764496213
b37fc1,21,1790763596213
09350b,20,1790764496213
bbe51b,45,1790849096213
b27373,22,1790763596213
b6e2c1,19,1790763596213
977727,48,1790764496213
27ca7b,17,1790763596213
d065e8,37,1790764496213
6815e2,52,1790849096213
6545f0,41,1790849096213
e97ae1,29,1790849096213
009bd4,24,1790849096213
4e6266,52,1790849096213
cd5271,16,1790849096213
222eaa,23,1790764496213
cf753d,41,1790763596213
daeb27,57,1790763596213
24d22c,23,1790764496213
e5b32b,20,1790764496213
8124d6,47,1790764496213
23fe83,24,1790763596213
d51ede,25,1790763596213
2c5bc4,59,1790763596213
c2e00e,17,1790764496213
ba1a61,31,1790849096213
446501,36,1790849096213
f2c90e,19,1790763596213
06a807,38,1790764496213
cb0ae4,44,1790849096213
05d771,22,1790763596213
6df899,53,1790763596213
e8cbd1,19,1790849096213
926e48,59,1790764496213
724aaf,45,1790763596213
12f0a8,60,1790849096213
7118df,47,1790763596213
755186,20,1790764496213
bbdfd8,47,1790849096213
d28156,48,1790764496213
b05140,33,1790849096213
15f115,39,1790849096213
f44cbb,33,1790763596213
00b9fa,34,1790763596213
40f294,41,1790849096213
3d13be,57,1790763596213
5ff179,47,1790764496213
e0f1f4,18,1790764496213
c13422,43,1790849096213
d46cf8,47,1790849096213
047183,27,1790763596213
a2b370,35,1790849096213
15bce8,47,1790849096213
09df3c,20,1790849096213
d1f40a,25,1790763596213
e7d0ce,18,1790849096213
9401d9,54,1790763596213
f43b2b,35,1790849096213
c252e2,53,1790763596213
9bde2c,29,1790849096213
579dfa,44,1790764496213
e75184,47,1790763596213
f64415,60,1790763596213
808f3e,39,1790764496213
1c7f79,35,1790849096213
b55ef9,25,1790763596213
0e28c0,23,1790849096213
a5623a,34,1790849096213
00bace,45,1790763596213
328ef7,56,1790764496213
4312f1,34,1790849096213
4452a8,56,1790763596213
2319be,43,1790763596213
2fc490,15,1790764496213
d03277,47,1790763596213
8cde48,45,1790849096213
5292bb,17,1790763596213
2c732c,60,1790764496213
327e3a,58,1790849096213
6ff035,55,1790849096213
b11bfd,22,1790763596213
b64c66,52,1790849096213
97bc72,37,1790849096213
b8ac8e,17,1790849096213
632144,34,1790849096213
a34f55,36,1790764496213
acbea1,22,1790763596213
4dafbc,25,1790764496213
d79051,41,1790763596213
9c3f35,39,1790849096213
c26085,43,1790764496213
794691,57,1790763596213
ebd599,43,1790764496213
79999f,59,1790764496213
11339d,60,1790849096213
528b23,46,1790763596213
15c59e,44,1790764496213
4008e1,55,1790849096213
7c9774,19,1790764496213
04c996,51,1790764496213
ce1e45,35,1790849096213
d83de2,42,1790764496213
2e0c1d,24,1790763596213
22efac,34,1790763596213
8527a1,48,1790763596213
275190,59,1790849096213
5d53b0,56,1790764496213
eb9b5b,26,1790764496213
ff510e,37,1790849096213
bb701d,24,1790764496213
fb3caa,58,1790849096213
f6c9e7,57,1790849096213
5cf388,55,1790849096213
76a636,42,1790849096213
97edc4,24,1790849096213
31761a,49,1790763596213
6aaefe,17,1790763596213
1ed779,56,1790763596213
acb4d8,15,1790764496213
c9e815,17,1790763596213
ec4c9e,49,1790763596213
afcad7,15,1790764496213
22d305,31,1790849096213
2aab87,25,1790849096213
a363dd,21,1790849096213
fcd3d8,32,1790764496213
9c1e7d,22,1790764496213
3279f1,37,1790849096213
4b2b61,32,1790763596213
44ec4c,50,1790849096213
013fcc,57,1790763596213
383b4b,18,1790763596213
c966af,56,1790763596213
51c6ef,52,1790849096213
b39001,23,1790763596213
21fdcd,29,1790764496213
7f1504,18,1790764496213
0f7a6b,60,1790849096213
1c2aa0,38,1790764496213
2ca216,51,1790764496213
79dfc6,24,1790849096213
ecfa81,59,1790764496213
5a6921,36,1790849096213
f35d7f,56,1790763596213
d6e22c,53,1790763596213
87669a,39,1790849096213
c43f02,15,1790849096213
b309a9,41,1790849096213
29af6b,41,1790764496213
2743bb,18,1790763596213
f1c94d,29,1790763596213
96a030,34,1790763596213
47fd16,20,1790849096213
5865ce,50,1790764496213
ab1adf,58,1790764496213
ba4435,44,1790849096213
3ec901,34,1790764496213
51bf37,23,1790763596213
6b43c4,17,1790849096213
800a91,34,1790849096213
c22f52,15,1790763596213
9a7f48,28,1790849096213
4b74ca,58,1790763596213
30f713,40,1790763596213
230f28,55,1790763596213
b9eeea,33,1790764496213
88b4dc,25,1790764496213
0c2d26,23,1790763596213
20d432,42,1790763596213
553091,18,1790849096213
d2447b,41,1790763596213
70a2a7,33,1790849096213
c6319d,41,1790764496213
537761,44,1790849096213
af98e9,19,1790849096213
cb534f,53,1790849096213
a39333,33,1790764496213
6de7d3,31,1790849096213
4e9fab,46,1790763596213
25822f,56,1790849096213
d500d9,21,1790849096213
965c3f,60,1790849096213
6a3ae2,29,1790763596213
642b18,32,1790763596213
d89169,40,1790764496213
38e395,55,1790764496213
7091f2,27,1790764496213
e08fb9,49,1790764496213
3de4ae,57,1790763596213
e118b9,38,1790764496213
4b211b,51,1790764496213
f3e653,34,1790849096213
59d779,42,1790763596213
ff5293,25,1790763596213
4d3add,32,1790764496213
bf7327,55,1790849096213
b7f864,20,1790849096213
e17fb2,27,1790763596213
873555,22,1790764496213
d9566d,43,1790764496213
748464,18,1790849096213
302edd,37,1790763596213
da361c,56,1790849096213
2dc581,31,1790764496213
2c879d,44,1790763596213
2832c4,34,1790849096213
8a8d47,23,1790764496213
025edc,21,1790763596213
4e706a,58,1790764496213
477cfc,58,1790763596213
0bdd13,29,1790763596213
691ca7,49,1790849096213
652336,52,1790763596213
5a5621,44,1790849096213
2d2808,38,1790849096213
8ba978,44,1790764496213
2a705c,31,1790764496213
dc0bed,34,1790849096213
4f747b,41,1790763596213
9a4729,49,1790764496213
d32e98,31,1790849096213
097073,53,1790763596213
e0639f,16,1790763596213
6cf3da,60,1790763596213
913778,15,1790764496213
9c086c,59,1790849096213
9532cf,39,1790763596213
c90bcd,39,1790764496213
5579ad,23,1790849096213
a3d2b3,39,1790763596213
d2b730,47,1790849096213
18a96d,46,1790849096213
d65ade,36,1790763596213
409b61,18,1790764496213
19b0af,27,1790764496213
1f4655,36,1790763596213
0347b2,44,1790764496213
e505c8,26,1790764496213
70e064,56,1790764496213
476116,17,1790849096213
1abdeb,22,1790764496213
2b5313,30,1790849096213
d1490a,38,1790763596213
14de80,30,1790849096213
131034,49,1790764496213
baa7f7,48,1790849096213
00bf77,26,1790764496213
bca52d,49,1790849096213
2c110c,45,1790763596213
4c6176,56,1790763596213
7e7897,19,1790849096213
29d559,33,1790849096213
82fe15,39,1790763596213
c6d2c3,42,1790849096213
4745d9,45,1790763596213
5576c0,38,1790763596213
400bfd,35,1790763596213
d69f64,58,1790763596213
379d4a,29,1790849096213
c99832,57,1790764496213
65cc5e,20,1790763596213
1507ae,30,1790763596213
76151a,16,1790849096213
810917,36,1790763596213
736583,51,1790764496213
286b2f,60,1790764496213
c45d1f,49,1790763596213
4c6546,19,1790849096213
93b1b7,28,1790764496213
3f17e8,16,1790849096213
af1078,49,1790763596213
73c24a,43,1790763596213
be58ec,50,1790764496213
0c3513,42,1790764496213
2f2484,21,1790849096213
993b40,39,1790764496213
937571,47,1790849096213
a48bb3,30,1790764496213
869b21,21,1790764496213
684127,58,1790764496213
55d178,31,1790763596213
1eb84b,25,1790849096213
12a2e5,54,1790764496213
a20ef9,58,1790763596213
59fc14,48,1790764496213
b3ebc1,58,1790763596213
2d7afb,27,1790764496213
67862f,39,1790763596213
42b180,35,1790849096213
32d19f,46,1790764496213
112246,30,1790763596213
32c4bb,37,1790849096213
bb2cfe,35,1790763596213
679bbd,42,1790764496213
b8e1b9,35,1790849096213
604df2,17,1790764496213
52c2ba,38,1790763596213
78e003,31,1790764496213
3dc60d,56,1790764496213
bb4810,23,1790763596213
3627f8,51,1790763596213
53393c,35,1790764496213
d7ba4b,26,1790763596213
bf3e34,37,1790849096213
4b3da8,20,1790763596213
88f351,33,1790849096213
31c184,49,1790763596213
8445f1,36,1790763596213
c0687b,60,1790849096213
eac297,32,1790764496213
22d0a9,40,1790849096213
44d8b5,44,1790849096213
a98e2e,45,1790763596213
d8902d,24,1790763596213
3e20dd,52,1790763596213
661238,29,1790849096213
54a156,32,1790764496213
3c83e2,51,1790764496213
d110aa,22,1790763596213
1b56e7,48,1790763596213
bb9680,22,1790849096213
d2bc79,31,1790849096213
f26e18,21,1790764496213
4acc7d,25,1790764496213
b9d172,56,1790849096213
428903,28,1790763596213
b76286,55,1790763596213
ab6a27,53,1790764496213
53fe0c,40,1790764496213
443da2,45,1790763596213
d722ba,18,1790763596213
3741bc,26,1790764496213
445125,43,1790764496213
7d6358,25,1790764496213
71fda3,34,1790764496213
7516c4,48,1790764496213
7e2ae0,47,1790849096213
b327fa,39,1790849096213
b30134,25,1790763596213
c37ced,55,1790764496213
c7c502,20,1790849096213
88eb88,37,1790849096213
8f57b4,50,1790764496213
e0b2a2,58,1790849096213
a3aada,54,1790849096213
79988e,45,1790849096213
d13b85,26,1790763596213
7f097c,42,1790764496213
74acef,26,1790849096213
c67beb,45,1790764496213
02b780,18,1790849096213
ddd7ee,60,1790764496213
2578ab,46,1790764496213
e3d89b,21,1790764496213
6e912a,58,1790763596213
ea2171,40,1790763596213
46c261,38,1790763596213
ca57ce,55,1790764496213
4b5f99,56,1790763596213
95baec,24,1790763596213
f528b2,28,1790849096213
8fad7a,27,1790763596213
b298e8,23,1790849096213
dcc50a,15,1790849096213
858662,28,1790763596213
b18950,40,1790764496213
9a41fa,32,1790849096213
16094d,44,1790763596213
00d408,54,1790763596213
377e20,38,1790849096213
1d030a,25,1790849096213
bffa0a,55,1790763596213
c7b7b1,26,1790763596213
e06dd2,45,1790764496213
c7800c,58,1790849096213
ad8b94,21,1790849096213
a7f8a4,59,1790764496213
39c6b9,49,1790763596213
0f5003,32,1790849096213
d08ff3,19,1790763596213
417499,41,1790763596213
1daa68,55,1790763596213
3a6909,40,1790764496213
2feb41,36,1790763596213
3c477a,30,1790849096213
23e089,57,1790763596213
a3d54c,28,1790763596213
3ef520,32,1790764496213
f3e77f,58,1790763596213
306a83,32,1790849096213
a054a3,49,1790849096213
3f5599,36,1790849096213
4c2b58,24,1790763596213
9cf05e,57,1790764496213
ca1ecd,41,1790849096213
e4d43c,55,1790764496213
819c89,25,1790763596213
db147d,41,1790764496213
bee49a,42,1790763596213
dc88e4,60,1790763596213
fea799,59,1790764496213
822328,19,1790849096213
10d11a,30,1790763596213
8240cd,47,1790849096213
9ef01b,45,1790763596213
aed79c,21,1790763596213
84bbdd,53,1790763596213
3a0d49,36,1790763596213
a9cf49,58,1790763596213
90d494,48,1790849096213
e42b80,54,1790849096213
902e51,49,1790763596213
ca177f,26,1790764496213
536bc3,60,1790849096213
9617d5,23,1790763596213
b2a2ed,19,1790764496213
32c55b,46,1790764496213
763464,42,1790849096213
adb541,52,1790764496213
1dad1d,40,1790849096213
49ce75,49,1790764496213
40e960,18,1790849096213
1069a3,57,1790849096213
1de56a,45,1790764496213
421811,34,1790763596213
4b1cbb,56,1790849096213
e4b4f8,22,1790764496213
9c0ab9,19,1790764496213
4d0966,21,1790764496213
6bedb8,22,1790764496213
b7ca08,53,1790764496213
5a3cd5,34,1790764496213
751110,25,1790849096213
130c15,43,1790763596213
3a1e8c,39,1790764496213
71be52,37,1790764496213
6863ba,34,1790849096213
f3788f,45,1790764496213
a47ee8,35,1790763596213
7ccfa8,35,1790764496213
28bd63,19,1790849096213
e108a0,20,1790764496213
fe3587,57,1790764496213
9cdf1d,50,1790849096213
3fd20b,43,1790849096213
bf2428,21,1790763596213
b9aa68,22,1790764496213
3e7443,34,1790849096213
832be7,27,1790763596213
26af1a,43,1790764496213
78d7c8,26,1790763596213
da358d,45,1790763596213
5388fc,16,1790763596213
f16547,47,1790764496213
b26f90,44,1790764496213
c89275,31,1790763596213
57af47,50,1790849096213
bdcc3a,60,1790849096213
9f871e,21,1790763596213
7b1d86,49,1790763596213
90039a,32,1790764496213
dc3591,54,1790763596213
87f4ec,23,1790849096213
6704fb,29,1790764496213
b9b9cd,35,1790764496213
091dd9,28,1790849096213
2fad20,19,1790763596213
92bd8c,55,1790763596213
93ac0b,16,1790849096213
f3fc0c,28,1790764496213
004423,48,1790763596213
fe3ab7,54,1790764496213
603ab5,39,1790763596213
f2cd4e,44,1790763596213
430ff5,24,1790764496213
32a10f,38,1790763596213
60b266,23,1790763596213
58ae4f,19,1790763596213
380a7c,18,1790764496213
ae07a8,33,1790849096213
94e57f,42,1790764496213
2f630a,38,1790764496213
42a3bb,44,1790849096213
70f910,34,1790764496213
2bebd3,16,1790849096213
e75631,21,1790849096213
c87c07,51,1790763596213
d9b75a,43,1790764496213
90cc7b,31,1790763596213
ceed0b,54,1790763596213
a1b02e,43,1790763596213
c7b4cd,24,1790849096213
dd0b36,20,1790849096213
feca6c,38,1790849096213
221afa,33,1790849096213
88e0f9,25,1790763596213
197a69,33,1790763596213
02cc65,44,1790763596213
5dc8aa,25,1790849096213
4307a1,55,1790849096213
220683,49,1790849096213
2819e4,26,1790764496213
ee203d,36,1790763596213
ee5421,29,1790849096213
2c1ba4,34,1790849096213
475a8c,37,1790763596213
477a56,55,1790764496213
212a46,35,1790849096213
4e068e,43,1790763596213
4d0900,36,1790763596213
0cb755,35,1790763596213
213ebb,26,1790764496213
3945d6,46,1790764496213
1db9bc,24,1790763596213
a03834,41,1790764496213
280fdd,42,1790764496213
40c624,35,1790764496213
c64d8f,16,1790764496213
ac730a,23,1790849096213
cbb73a,58,1790763596213
19689d,37,1790849096213
c16ba2,52,1790763596213
c534c6,31,1790764496213
3928a9,32,1790849096213
f03c77,21,1790849096213
56dd14,21,1790763596213
35f498,43,1790764496213
11f6d3,51,1790849096213
19c0a9,51,1790849096213
cfaa2f,56,1790849096213
05e69c,34,1790763596213
721656,40,1790764496213
7705b1,16,1790764496213
d936a5,26,1790764496213
f0987d,15,1790849096213
d53e1e,43,1790763596213
2c7406,37,1790763596213
ae7b67,26,1790763596213
b7f0ec,39,1790763596213
facca7,39,1790763596213
0adec2,51,1790849096213
7fbeea,56,1790764496213
5084f2,15,1790763596213
d536ce,49,1790764496213
8ebb93,53,1790849096213
d3c3e6,42,1790849096213
8379d0,48,1790764496213
6e0935,20,1790849096213
036d23,15,1790849096213
c4b315,23,1790764496213
2cdb0f,27,1790849096213
cd4c36,35,1790764496213
d89be3,45,1790764496213
a36b0a,26,1790764496213
86e5c9,49,1790849096213
d49853,27,1790764496213
566fed,27,1790849096213
efcc8d,22,1790849096213
4fe710,38,1790763596213
a254f9,29,1790849096213
6fafde,38,1790849096213
7c7df4,29,1790764496213
92ad19,23,1790763596213
e01d16,48,1790764496213
850f9a,35,1790849096213
0dfdd4,50,1790764496213
50d405,52,1790763596213
122b44,16,1790764496213
644de4,20,1790849096213
d108d8,44,1790764496213
5712e4,26,1790763596213
941dea,19,1790764496213
d29b64,56,1790849096213
bdbe0c,48,1790849096213
198b84,48,1790764496213
25cf22,60,1790764496213
7df579,42,1790849096213
4c0c5f,24,1790763596213
4a03ae,51,1790849096213
1ad5a7,57,1790849096213
1d185b,49,1790764496213
71123e,23,1790764496213
7ef863,41,1790849096213
ce0417,26,1790849096213
57b663,29,1790764496213
9120c6,53,1790849096213
baf216,55,1790849096213
8dd631,33,1790849096213
d473dd,60,1790764496213
eba680,22,1790764496213
82feb7,22,1790764496213
e4e3d8,26,1790764496213
b6a4c5,32,1790764496213
5d265e,23,1790764496213
c09da8,53,1790763596213
0c0394,40,1790849096213
42d519,23,1790764496213
c004cf,15,1790764496213
5c7bc8,44,1790849096213
3e1731,44,1790763596213
07e9af,29,1790849096213
267617,23,1790764496213
f6c0c5,17,1790849096213
753e2e,44,1790849096213
1767ed,38,1790764496213
09b0be,58,1790763596213
270223,35,1790849096213
ffdf34,27,1790763596213
3bb63c,37,1790849096213
61a316,23,1790764496213
1bde93,47,1790763596213
21a81c,15,1790849096213
f5d5b0,22,1790763596213
b1e208,54,1790763596213
a05c46,46,1790764496213
f90188,55,1790764496213
2aa3d3,43,1790763596213
7f5214,39,1790763596213
fb816b,42,1790764496213
dfe29a,50,1790764496213
8f4699,20,1790849096213
b2156e,60,1790764496213
64b67e,23,1790764496213
c4ae8b,46,1790764496213
2b3aa0,26,1790764496213
3164c0,41,1790764496213
c98ee7,16,1790849096213
7165f0,60,1790764496213
98edca,58,1790764496213
8b0250,55,1790764496213
cfb819,26,1790764496213
0045dd,58,1790763596213
57a46a,34,1790764496213
23e6a6,18,1790849096213
35cdac,19,1790764496213
293b71,40,1790764496213
4bc345,16,1790849096213
78fcfe,57,1790764496213
d8bf62,45,1790763596213
d4c267,17,1790763596213
98c210,50,1790764496213
56d871,31,1790764496213
5b1df7,37,1790764496213
cd72ac,23,1790763596213
a4e3b3,54,1790764496213
2a3736,48,1790764496213
7b038b,26,1790763596213
e86695,48,1790764496213
3193a2,47,1790764496213
3dcf22,40,1790764496213
750a72,21,1790849096213
1602c3,22,1790849096213
b16bff,44,1790764496213
0101bb,37,1790764496213
e58e5a,44,1790764496213
bc7e2b,15,1790763596213
33db30,58,1790763596213
9ab3be,56,1790763596213
d623c4,43,1790764496213
5c1519,57,1790764496213
553a2f,16,1790849096213
17c9c5,53,1790763596213
49e2db,28,1790764496213
007894,25,1790849096213
53e0e2,26,1790764496213
375983,43,1790764496213
b46633,49,1790763596213
d821b3,36,1790764496213
29f0ee,17,1790763596213
35ed09,46,1790764496213
37964d,21,1790763596213
598784,31,1790764496213
b07813,33,1790764496213
99938d,49,1790849096213
e65656,18,1790849096213
794fdb,17,1790764496213
54d182,53,1790763596213
0ec4f6,38,1790763596213
ec3c4a,49,1790849096213
0034b0,40,1790764496213
b67077,17,1790763596213
7733ba,54,1790763596213
51862b,20,1790764496213
daa12e,18,1790763596213
6836f0,32,1790764496213
500275,34,1790763596213
e6b43a,29,1790849096213
a34283,44,1790763596213
79d63e,22,1790764496213
939922,42,1790849096213
ba9519,43,1790849096213
2c3dc8,17,1790763596213
3f7bba,31,1790763596213
90f98f,17,1790849096213
100840,18,1790763596213
00adf8,55,1790849096213
8a9bf0,25,1790849096213
0d27c7,48,1790764496213
a5f48c,24,1790763596213
c9e016,47,1790849096213
3ba62a,41,1790849096213
687292,15,1790763596213
bd602d,37,1790763596213
5bcd09,38,1790849096213
4e93b8,26,1790764496213
495c5a,46,1790764496213
6af211,25,1790763596213
789206,55,1790849096213
fb3795,57,1790763596213
af7d40,29,1790849096213
317e94,16,1790764496213
e1fc01,25,1790764496213
a16065,27,1790763596213
07d135,41,1790763596213
b91368,24,1790764496213
b27918,27,1790764496213
2da258,25,1790849096213
9b586f,53,1790764496213
76028b,56,1790849096213
31b205,59,1790849096213
3cb4dd,17,1790849096213
81c276,38,1790764496213
2819aa,31,1790764496213
e0cbde,26,1790763596213
e455e0,36,1790764496213
f43a1d,39,1790849096213
d7074d,30,1790763596213
dbd2c9,18,1790849096213
4ae886,47,1790763596213
007c12,41,1790849096213
70f755,32,1790763596213
3f8565,34,1790764496213
4b7c4c,32,1790763596213
aaad3e,36,1790763596213
1cb139,56,1790763596213
e7b175,52,1790763596213
44de81,55,1790849096213
6c181a,32,1790849096213
614f35,21,1790763596213
789c73,52,1790763596213
9902df,60,1790764496213
f25bf6,42,1790849096213
c3127e,51,1790764496213
dffa80,36,1790849096213
c91d71,56,1790764496213
74d409,30,1790764496213
836bb4,52,1790763596213
9edade,19,1790763596213
a3eb70,15,1790849096213
028e7d,29,1790764496213
15d702,26,1790764496213
ca5f3f,24,1790763596213
08f125,19,1790764496213
272ebb,56,1790849096213
aae31c,41,1790764496213
46debe,41,1790849096213
3b7a48,59,1790849096213
bbb4ca,21,1790763596213
a32f55,22,1790764496213
ff18d3,35,1790764496213
9347d0,47,1790763596213
8b84be,55,1790849096213
1aa371,35,1790849096213
b826ed,32,1790849096213
7361a3,43,1790764496213
9337e8,49,1790764496213
2d5720,49,1790849096213
926c2a,20,1790849096213
7e1a0b,21,1790763596213
32584b,54,1790764496213
86713f,51,1790764496213
c70900,49,1790764496213
230f32,58,1790849096213
cbac03,24,1790849096213
8af776,31,1790764496213
a33a28,32,1790764496213
44ee8d,20,1790849096213
bb383d,24,1790764496213
e1b102,46,1790763596213
e9ff06,37,1790763596213
284878,56,1790763596213
3fcaae,26,1790763596213
4ca56c,44,1790764496213
9d5b65,43,1790849096213
20c477,20,1790764496213
5777e4,60,1790763596213
10ebc9,49,1790763596213
1bd20c,41,1790764496213
fc85d7,42,1790764496213
a2db3d,35,1790763596213
83632a,30,1790763596213
e22fb8,58,1790763596213
91b7aa,57,1790763596213
b2807f,60,1790849096213
13bd26,32,1790763596213
e846c5,28,1790764496213
def245,57,1790764496213
14d15b,29,1790763596213
451846,60,1790763596213
b90caf,18,1790764496213
80c908,57,1790763596213
651322,18,1790764496213
cbe1d6,23,1790849096213
43c744,51,1790849096213
c09090,43,1790763596213
e56e90,19,1790763596213
50a088,28,1790763596213
e79af4,20,1790763596213
ea7bdb,58,1790849096213
012cb0,39,1790764496213
eb5b6a,16,1790764496213
5ffc13,51,1790763596213
a4b826,59,1790764496213
b6c813,20,1790764496213
8d20f8,36,1790849096213
5856f2,26,1790849096213
aab179,20,1790849096213
98258f,51,1790764496213
347c60,38,1790849096213
3d6e76,22,1790763596213
b3ce74,18,1790763596213
129000,34,1790763596213
3e2e16,53,1790763596213
9f981a,23,1790764496213
e7824d,27,1790849096213
83fd56,25,1790849096213
2bf240,22,1790849096213
ef59e9,20,1790763596213
fef7ed,23,1790849096213
2608d0,27,1790764496213
633ed0,23,1790849096213
2986f9,36,1790849096213
8d832a,25,1790849096213
3e472d,20,1790763596213
d0a40f,53,1790764496213
194b43,54,1790849096213
c09ce4,24,1790764496213
afa041,54,1790849096213
265eee,56,1790849096213
e14c5b,49,1790764496213
cce55a,15,1790764496213
5df6ff,31,1790763596213
44fe85,27,1790849096213
3d3942,25,1790763596213
771265,60,1790763596213
4fa0f0,17,1790763596213
99ceb3,53,1790763596213
32cc9f,49,1790764496213
1488db,15,1790763596213
5630fe,39,1790764496213
456b33,58,1790763596213
b2d03f,21,1790764496213
c380ff,22,1790764496213
96b704,42,1790763596213
2d3ce0,32,1790764496213
898d39,25,1790849096213
f6d50b,48,1790764496213
df3a63,34,1790849096213
60b489,42,1790763596213
b1c9ac,34,1790763596213
4f4494,47,1790849096213
a855c7,28,1790763596213
133b62,27,1790849096213
e16a61,32,1790763596213
68fb8a,48,1790763596213
3ba196,39,1790849096213
660710,31,1790763596213
13d80a,15,1790849096213
8646ee,48,1790763596213
7d4f27,50,1790763596213
ac5d1f,54,1790764496213
705223,29,1790764496213
b80f73,57,1790763596213
6f169e,58,1790849096213
3bfd56,51,1790764496213
538aec,26,1790849096213
4563e6,18,1790849096213
39bb02,52,1790763596213
570c7d,16,1790764496213
23c2dd,25,1790849096213
46b1bb,29,1790849096213
8e473b,33,1790849096213
625aa0,30,1790763596213
66cfc9,20,1790849096213
f82baa,25,1790849096213
937d34,38,1790763596213
841640,55,1790764496213
387985,23,1790764496213
1d27fa,25,1790763596213
46992f,46,1790849096213
83c4ed,55,1790763596213
c1e2c0,51,1790764496213
a4d17c,39,1790849096213
92bcfe,19,1790763596213
378e78,52,1790764496213
728e7a,48,1790764496213
11c4ea,39,1790849096213
ddbc2b,36,1790849096213
04c7c1,51,1790849096213
77c377,56,1790849096213
26f23f,48,1790763596213
f195ea,47,1790849096213
44efe3,49,1790764496213
be8bd2,44,1790763596213
3b386e,49,1790763596213
9994af,46,1790763596213
31def8,53,1790763596213
7ade03,59,1790849096213
6940a3,41,1790849096213
447f2a,41,1790764496213
900062,19,1790764496213
cf4572,58,1790764496213
2b8b52,45,1790764496213
28f80a,29,1790849096213
0acdc8,27,1790849096213
2a724a,31,1790763596213
50a74e,29,1790763596213
14b1a5,41,1790763596213
142399,56,1790849096213
1db7e5,33,1790849096213
6cbaf5,50,1790849096213
8096ad,58,1790763596213
08bde9,30,1790763596213
6dba1b,19,1790763596213
809e11,15,1790763596213
2e39d3,23,1790764496213
89fd34,36,1790849096213
ca7698,18,1790849096213
2e044e,17,1790849096213
4bcfd6,18,1790849096213
08f1bd,27,1790849096213
d80a5b,54,1790849096213
ba2dc7,31,1790764496213
2f1ed6,47,1790764496213
fc8c43,41,1790763596213
353ead,42,1790763596213
2ee2aa,60,1790764496213
0923f1,21,1790764496213
a53deb,40,1790849096213
bd3e5d,60,1790763596213
019a52,17,1790764496213
4fffe4,23,1790849096213
10aea9,42,1790764496213
e1a5e5,41,1790764496213
45b699,43,1790764496213
c8d3c9,31,1790849096213
541e21,21,1790763596213
a1fa3a,49,1790849096213
c428e2,21,1790764496213
d8c794,27,1790764496213
00b71e,32,1790764496213
177a23,23,1790849096213
eb1080,19,1790763596213
ed50d9,31,1790764496213
47b3e2,54,1790764496213
de0fa3,55,1790849096213
cd9d39,60,1790764496213
33e60e,47,1790763596213
50362d,48,1790763596213
ff0b6e,26,1790764496213
6b70b6,15,1790764496213
f61643,43,1790849096213
a0a757,45,1790764496213
0fbb41,33,1790849096213
ac240e,39,1790849096213
1bbb59,22,1790763596213
c9097d,22,1790764496213
5a547a,40,1790849096213
ce6026,48,1790764496213
ecc6ee,17,1790764496213
cfd948,28,1790764496213
6b150c,28,1790849096213
791f2f,45,1790764496213
33d93b,51,1790849096213
b375d5,34,1790764496213
31d3f1,26,1790763596213
a55a40,48,1790763596213
ab018f,53,1790764496213
539985,37,1790763596213
d81e6a,58,1790849096213
2c60b2,57,1790763596213
fc99ca,59,1790849096213
c06e37,24,1790764496213
70dc31,41,1790764496213
d0313d,29,1790849096213
e43c54,50,1790849096213
dadf41,34,1790763596213
e091bc,20,1790849096213
494e5c,23,1790763596213
09f6a5,28,1790763596213
a50261,54,1790763596213
ea936d,36,1790763596213
0da7e5,29,1790763596213
2f3297,51,1790849096213
b03455,49,1790764496213
d1404b,41,1790763596213
076163,19,1790764496213
038c57,18,1790763596213
cf81c3,47,1790764496213
9a33d0,42,1790764496213
104d72,20,1790763596213
533976,24,1790849096213
e04d98,30,1790764496213
2ba5b4,15,1790763596213
be7b16,22,1790764496213
e2db35,55,1790849096213
d5703d,19,1790764496213
f42cfb,22,1790764496213
ff733b,40,1790849096213
1efc70,19,1790849096213
0a770d,49,1790849096213
cb866f,60,1790849096213
d150d3,18,1790763596213
c2a04b,42,1790764496213
acca85,58,1790764496213
54e54d,17,1790849096213
784f9d,17,1790763596213
7f945c,35,1790763596213
1bf7bf,56,1790763596213
fe9452,28,1790849096213
396ab5,43,1790764496213
7e2a8a,22,1790763596213
935c98,32,1790763596213
a013eb,16,1790763596213
21e294,54,1790763596213
a989d5,32,1790763596213
a7c392,48,1790849096213
3718c5,47,1790763596213
b430c2,40,1790764496213
9783a1,41,1790849096213
f4d2c5,21,1790849096213
dcb1c4,41,1790764496213
298dcb,48,1790849096213
e690aa,26,1790764496213
3fcaf4,27,1790763596213
77e28b,39,1790763596213
9fe72a,23,1790764496213
4d666f,29,1790764496213
002346,28,1790764496213
ff0ad5,49,1790763596213
54d496,30,1790763596213
478f2f,49,1790849096213
eedc4f,58,1790849096213
c46b63,34,1790849096213
a8c6ac,36,1790849096213
d52073,31,1790849096213
ed8741,45,1790763596213
46ea4a,47,1790764496213
16e21c,20,1790764496213
c5337a,47,1790764496213
9f1489,48,1790764496213
6e1483,48,1790764496213
8c39e9,46,1790849096213
63b038,27,1790763596213
8e6ae5,41,1790764496213
d3e8b5,33,1790849096213
9955a1,41,1790764496213
abe31b,28,1790764496213
b88038,34,1790764496213
350c60,60,1790764496213
f2ad2e,60,1790763596213
ca0ce6,48,1790763596213
be44ef,29,1790763596213
041bf4,56,1790764496213
7eab4a,41,1790849096213
687dad,16,1790763596213
d3b0f3,60,1790849096213
4e8fae,20,1790849096213
27bca1,40,1790849096213
93bec2,45,1790763596213
8eb492,38,1790764496213
52394e,35,1790764496213
992d1f,34,1790849096213
feb740,16,1790849096213
3a7828,55,1790764496213
e87f4f,19,1790763596213
92a78c,48,1790763596213
242ff3,37,1790764496213
c9778c,18,1790764496213
c1bff3,24,1790764496213
4a11db,22,1790849096213
13c460,40,1790763596213
e560c6,32,1790763596213
936f0f,30,1790764496213
450cea,29,1790849096213
5991c5,39,1790849096213
3dfe45,40,1790849096213
46aee0,42,1790849096213
9224e0,33,1790849096213
2b6fde,52,1790849096213
7e133e,16,1790849096213
378556,33,1790763596213
239baa,39,1790764496213
af695d,24,1790763596213
cbb1ac,30,1790849096213
650b00,21,1790849096213
24051d,41,1790764496213
32353a,43,1790763596213
b18004,51,1790763596213
403581,52,1790849096213
9bbd96,58,1790763596213
b6f085,21,1790849096213
2f5fb0,29,1790763596213
7551ae,49,1790849096213
e16cc3,18,1790849096213
592ffc,51,1790763596213
8bbc05,18,1790764496213
e9a5ea,51,1790763596213
1ea4a5,59,1790764496213
8c5d30,54,1790763596213
316c2b,38,1790764496213
6230eb,27,1790763596213
a985c1,57,1790764496213
dd6560,60,1790849096213
e324e1,49,1790763596213
d8e366,39,1790763596213
6553b0,43,1790764496213
a22fd6,43,1790764496213
a6a855,34,1790764496213
9de853,15,1790849096213
a7065f,36,1790763596213
3c9e33,39,1790764496213
a9ad1a,32,1790763596213
7ab2d9,22,1790849096213
c935f2,58,1790849096213
bb3858,30,1790763596213
9d6159,56,1790763596213
8b290a,43,1790764496213
f03665,36,1790849096213
6929db,43,1790849096213
a95d19,17,1790849096213
32a811,49,1790849096213
2cf2d3,19,1790849096213
01ee23,50,1790849096213
a91308,43,1790763596213
140a50,50,1790763596213
c22193,53,1790764496213
e34e24,22,1790849096213
249ad2,24,1790764496213
bfab2d,29,1790764496213
7b49e7,30,1790764496213
4c87f5,33,1790764496213
f61f4e,15,1790764496213
004e5e,55,1790764496213
2854a6,42,1790764496213
76a1c9,34,1790763596213
d2584d,26,1790849096213
9ee2c0,56,1790764496213
3845b4,16,1790849096213
2733c6,55,1790849096213
d29eb4,30,1790849096213
a90e73,20,1790763596213
7f55fa,53,1790764496213
492079,40,1790764496213
0f8ede,19,1790849096213
0cb708,28,1790764496213
64c01e,48,1790849096213
1a0a0f,28,1790849096213
fc3d22,50,1790763596213
1eb9bc,43,1790763596213
a08090,43,1790764496213
532a56,27,1790764496213
f061e0,53,1790764496213
376cfa,38,1790764496213
50ac6a,24,1790764496213
67e98c,50,1790764496213
06bc0b,19,1790849096213
123378,42,1790849096213
39e2dd,60,1790849096213
6ee1d1,22,1790849096213
e779a0,28,1790764496213
7ce4b1,38,1790764496213
8fc4b3,29,1790764496213
10f8fb,38,1790849096213
5da1e2,55,1790849096213
4f3548,21,1790763596213
08a550,38,1790763596213
0af7c6,36,1790763596213
cb6a79,57,1790849096213
6e05b4,21,1790849096213
9ccae0,22,1790764496213
40a9a8,55,1790763596213
b22130,35,1790764496213
c6b214,18,1790764496213
e7b697,51,1790763596213
829f94,30,1790763596213
2a5c7a,54,1790764496213
480938,29,1790763596213
031173,48,1790764496213
13da8c,23,1790764496213
ba8ed2,26,1790763596213
1ecf8d,32,1790764496213
424ac1,29,1790849096213
d5a980,54,1790764496213
9847b7,53,1790764496213
9df6f3,60,1790849096213
a78f15,48,1790764496213
0dff12,16,1790763596213
4992a4,39,1790849096213
d493f6,39,1790764496213
3ecbb9,37,1790763596213
4784b0,59,1790764496213
31eba9,41,1790764496213
fa0259,42,1790764496213
a12575,27,1790849096213
9264d6,37,1790763596213
691696,49,1790764496213
cf794a,58,1790764496213
d10d02,46,1790764496213
7467a6,23,1790849096213
177ef3,15,1790763596213
cd0307,51,1790849096213
8dda1b,23,1790849096213
1b2612,22,1790763596213
921702,30,1790764496213
ea669e,15,1790764496213
ebf447,18,1790763596213
61fa69,43,1790849096213
98de63,44,1790764496213
ab506e,40,1790764496213
4370da,36,1790764496213
77e98d,58,1790763596213
92b060,15,1790849096213
995324,35,1790764496213
94ae3e,56,1790849096213
b7d811,40,1790764496213
342526,26,1790849096213
313963,34,1790764496213
a9639c,40,1790764496213
e007c4,39,1790763596213
9ce429,55,1790764496213
0b2de5,48,1790849096213
d0f224,52,1790849096213
894fb9,37,1790849096213
ccfd8d,54,1790849096213
27bef8,26,1790849096213
c03d0d,33,1790764496213
067719,28,1790849096213
cbb117,60,1790849096213
662985,40,1790763596213
1c73af,19,1790764496213
fe070d,40,1790849096213
fd3222,54,1790763596213
cb0a3f,17,1790849096213
76e36c,47,1790764496213
469150,36,1790763596213
5db88e,27,1790849096213
293198,27,1790849096213
5ad864,31,1790849096213
20fe6e,23,1790763596213
4df0ed,25,1790849096213
f8fc0d,58,1790763596213
376e68,29,1790763596213
cc02dd,55,1790763596213
0dedca,30,1790763596213
09bd4a,28,1790763596213
4401f9,37,1790763596213
0208c0,44,1790849096213
0e0662,49,1790763596213
64e903,19,1790764496213
3f3b93,27,1790763596213
8481b7,34,1790763596213
7d96df,19,1790763596213
a11b90,19,1790764496213
c066c5,29,1790763596213
96eed7,29,1790849096213
af05fa,34,1790849096213
a2cc14,51,1790849096213
335300,41,1790849096213
75dd75,59,1790764496213
78ce99,15,1790849096213
9df8e0,35,1790763596213
68f564,41,1790763596213
f66dbf,47,1790764496213
216bc1,45,1790763596213
dc2d92,59,1790849096213
61b987,52,1790764496213
bcee67,19,1790764496213
1d0b4a,38,1790763596213
f50ec9,29,1790763596213
d5ee1c,51,1790763596213
a691a4,60,1790849096213
5eaa5c,34,1790764496213
db930b,60,1790849096213
10a604,36,1790764496213
562281,21,1790764496213
059b79,33,1790764496213
7c97b0,43,1790764496213
5ce7ba,49,1790763596213
059b0f,50,1790763596213
7c524a,18,1790764496213
1dfdce,22,1790764496213
580258,45,1790764496213
d18fa4,34,1790763596213
c230dd,50,1790849096213
4347b5,32,1790764496213
031f1a,18,1790849096213
dace3c,53,1790849096213
2b72c0,27,1790849096213
c3da49,48,1790849096213
959bcb,34,1790763596213
aef6e4,59,1790849096213
00c284,34,1790763596213
529686,18,1790764496213
f539d3,43,1790764496213
a8d6c4,50,1790763596213
f69fcc,17,1790763596213
4a3606,46,1790763596213
dca8ee,45,1790764496213
45c5b0,24,1790849096213
f10178,51,1790763596213
95a66c,27,1790763596213
ed5574,60,1790763596213
cb54fb,51,1790849096213
6d1ee6,51,1790764496213
f2d835,30,1790763596213
9b6fea,49,1790763596213
b20653,42,1790763596213
b9486c,36,1790764496213
6eda51,55,1790764496213
18a2ce,19,1790764496213
2646e5,27,1790849096213
962589,34,1790763596213
7d542c,26,1790763596213
8f1573,30,1790764496213
751cc3,47,1790763596213
1cafd1,47,1790764496213
252911,26,1790849096213
62f6e8,29,1790763596213
def556,50,1790849096213
3c64cc,48,1790763596213
778daa,27,1790764496213
ac7f02,24,1790849096213
32c618,58,1790763596213
5512ca,20,1790849096213
e88cf7,17,1790763596213
8d6610,60,1790764496213
f09fc2,41,1790763596213
5b7845,49,1790764496213
cf98ea,59,1790764496213
ccd791,56,1790849096213
2c581d,27,1790763596213
d2ef54,18,1790764496213
108489,57,1790764496213
fd296e,17,1790763596213
4259a0,50,1790764496213
2bfb62,45,1790849096213
71e336,43,1790764496213
b82fef,18,1790763596213
4dc915,19,1790849096213
6dac90,50,1790763596213
c9d294,43,1790763596213
f8dc5e,24,1790764496213
6b66a7,50,1790764496213
8afc0e,54,1790764496213
244dee,46,1790763596213
63eaa4,60,1790763596213
28fb09,47,1790764496213
a85586,35,1790764496213
422506,53,1790763596213
85328b,24,1790849096213
b3c13e,21,1790763596213
bd5d2f,32,1790849096213
8189d6,34,1790764496213
079399,42,1790763596213
dae777,18,1790764496213
d2cfc9,23,1790763596213
9df380,51,1790849096213
66c80d,59,1790849096213
a7ccf7,29,1790849096213
3c7c4f,27,1790763596213
2e100b,34,1790849096213
4d1823,55,1790849096213
f8575c,48,1790849096213
bf1128,21,1790849096213
d49835,32,1790763596213
87fbb1,20,1790849096213
f81fde,47,1790764496213
4c6f9c,41,1790849096213
0b56b2,27,1790764496213
432165,55,1790763596213
4b62be,53,1790849096213
c66c3c,60,1790763596213
598851,38,1790849096213
3825e8,35,1790764496213
1668ad,57,1790764496213
ee1880,43,1790763596213
f2f21a,53,1790764496213
fe5bbf,41,1790764496213
243279,28,1790763596213
3a11c4,15,1790764496213
ae9104,15,1790763596213
ad080e,38,1790764496213
ddf7f1,52,1790849096213
9f0cf4,38,1790849096213
70db8f,41,1790849096213
6f46fc,20,1790763596213
cef855,40,1790763596213
20e171,49,1790849096213
665218,19,1790849096213
993fe2,34,1790764496213
b78e60,33,1790849096213
f4241a,38,1790764496213
c875d7,36,1790764496213
6e939d,26,1790764496213
3d705f,42,1790849096213
738752,29,1790764496213
393ef7,57,1790764496213
2fa61a,40,1790763596213
455caf,35,1790764496213
37f8a6,29,1790763596213
1e41aa,52,1790764496213
ce0c09,40,1790849096213
3ee766,57,1790849096213
47c600,43,1790849096213
140776,15,1790849096213
dcd733,35,1790763596213
bf1427,27,1790849096213
0bb53e,18,1790763596213
2ef4e3,17,1790849096213
f17158,30,1790763596213
933db6,25,1790763596213
3766d8,44,1790849096213
29a57e,24,1790764496213
a70931,30,1790764496213
7d02e0,28,1790764496213
5f3c37,20,1790763596213
10147c,40,1790849096213
159118,26,1790849096213
4e0cac,34,1790849096213
38c76d,43,1790764496213
6d4b73,36,1790763596213
66ee9b,25,1790849096213
c8c35e,21,1790849096213
7ef11f,51,1790849096213
354d74,51,1790849096213
8bcb85,37,1790849096213
feedda,36,1790849096213
f54748,16,1790764496213
9fd53e,27,1790764496213
c2c5ee,48,1790763596213
9f450c,16,1790849096213
9215a9,60,1790764496213
e7eebd,23,1790764496213
fe3234,30,1790763596213
611821,37,1790849096213
a48705,46,1790764496213
d4f6bb,35,1790764496213
8f2c47,27,1790849096213
8a89db,27,1790763596213
117600,59,1790763596213
50c958,53,1790763596213
10d44d,60,1790849096213
122be3,19,1790849096213
d534fb,31,1790849096213
5cce5f,18,1790763596213
3f0df8,41,1790849096213
ee65ae,51,1790764496213
12a803,49,1790849096213
6341ca,56,1790764496213
3221be,36,1790763596213
94667d,40,1790849096213
3d80d3,59,1790849096213
d09080,23,1790763596213
3407f8,34,1790764496213
6a63fd,33,1790763596213
a87436,16,1790849096213
fd6160,28,1790849096213
eb77d5,24,1790849096213
84b1f8,36,1790849096213
124b71,55,1790763596213
77653e,26,1790764496213
61dae3,47,1790849096213
83bdd6,48,1790849096213
2ffcb9,38,1790764496213
8da86f,58,1790763596213
a64bd9,22,1790763596213
834e40,37,1790763596213
7b4a89,29,1790849096213
e4adc2,24,1790763596213
a839fc,59,1790763596213
44a705,37,1790849096213
91cc4b,41,1790763596213
e767dd,31,1790763596213
55f7f6,18,1790849096213
3f4ad2,43,1790849096213
295f3d,27,1790849096213
ec51d6,57,1790764496213
4211f0,53,1790763596213
d945a4,30,1790764496213
a91130,53,1790764496213
18c5c0,51,1790763596213
f04587,31,1790763596213
ab8204,23,1790764496213
0e462d,40,1790849096213
3d27b3,39,1790763596213
bd8a72,39,1790763596213
cc56f4,28,1790849096213
147d26,24,1790763596213
3fe2f6,22,1790763596213
3beb3a,36,1790849096213
22e18c,33,1790764496213
062b66,45,1790849096213
0d4619,59,1790763596213
d2f7d5,37,1790763596213
80e202,48,1790763596213
bcfab7,58,1790763596213
928053,56,1790849096213
fb7bed,34,1790849096213
74a61e,23,1790763596213
59799d,55,1790849096213
1647ce,43,1790849096213
471537,44,1790764496213
61b1dd,51,1790849096213
5d709b,37,1790849096213
077fc5,39,1790763596213
808c8e,39,1790764496213
ce5147,47,1790763596213
b91795,49,1790849096213
4e211e,19,1790849096213
dd67b4,31,1790764496213
c04c78,35,1790849096213
9195c7,51,1790849096213
c415b7,43,1790849096213
753b1d,39,1790764496213
2a598c,52,1790764496213
1461a2,41,1790763596213
fbfc54,22,1790764496213
1e7e05,17,1790763596213
e674e5,16,1790849096213
7ff709,56,1790849096213
fb8e3d,49,1790849096213
65c093,16,1790763596213
e6c3cf,24,1790849096213
ac9c6a,36,1790763596213
8af844,17,1790849096213
161c39,37,1790763596213
a2a917,23,1790764496213
537a8f,39,1790849096213
1389d8,59,1790849096213
f11174,54,1790764496213
e75399,15,1790764496213
6c120b,28,1790763596213
45d027,30,1790763596213
7f471e,40,1790764496213
b76280,44,1790763596213
0e53f9,31,1790849096213
33ddf9,42,1790849096213
88a9f1,24,1790763596213
c2b2cd,16,1790763596213
5934be,17,1790763596213
bf40bc,22,1790849096213
05c602,24,1790849096213
7c14f3,56,1790764496213
00cef2,23,1790764496213
2e7f6b,24,1790849096213
5d68a8,23,1790849096213
d82bbf,16,1790849096213
aba822,23,1790764496213
d73e5b,20,1790849096213
a607dd,56,1790763596213
8432f9,55,1790849096213
57e5cf,60,1790849096213
c945ba,21,1790764496213
a670a4,18,1790764496213
9ecea0,43,1790849096213
187dc1,53,1790764496213
981b0f,32,1790849096213
260fa9,30,1790763596213
80c355,24,1790763596213
6887cc,40,1790763596213
e32a43,43,1790763596213
712e7a,57,1790849096213
f3f5f5,16,1790849096213
6f5816,47,1790849096213
7e0f8b,40,1790764496213
5203f4,26,1790763596213
50344e,42,1790764496213
159af5,23,1790763596213
85b3a9,55,1790849096213
3d6936,47,1790764496213
8d8093,50,1790849096213
7eb785,48,1790849096213
523179,37,1790763596213
b8afa7,24,1790849096213
6a499e,55,1790763596213
fc25a2,29,1790849096213
109b05,54,1790849096213
1def9d,44,1790764496213
96dce9,35,1790849096213
6f3f8f,57,1790763596213
f6915e,46,1790849096213
4ff02e,17,1790763596213
fd1313,50,1790849096213
bc98eb,27,1790849096213
1d6a07,58,1790763596213
0e85c8,18,1790764496213
2b3668,16,1790764496213
c772ca,16,1790849096213
4935a7,35,1790764496213
87e29b,36,1790763596213
6affb4,38,1790849096213
39bbd3,27,1790763596213
8f6318,36,1790849096213
c7a3ee,37,1790849096213
b7267c,29,1790763596213
dd788b,58,1790849096213
e794c1,29,1790849096213
07affc,36,1790849096213
769455,42,1790849096213
698988,37,1790764496213
7e5c03,31,1790763596213
7f599a,18,1790764496213
b52724,48,1790849096213
b330ee,41,1790764496213
6075c3,25,1790763596213
d1ddd8,52,1790764496213
91ad4b,16,1790849096213
4418f7,54,1790849096213
bf3527,60,1790764496213
02768c,16,1790763596213
ceb84a,29,1790763596213
690f58,29,1790849096213
6936a7,39,1790764496213
323dc7,30,1790764496213
03475d,39,1790764496213
60bc0b,43,1790764496213
d19881,29,1790764496213
0441a2,37,1790763596213
cf3c8a,21,1790763596213
7ec238,50,1790763596213
daeff4,23,1790763596213
ff5909,16,1790849096213
a30cfe,32,1790764496213
15e7e5,55,1790849096213
a414ad,36,1790849096213
6e3aae,41,1790763596213
ef3ac4,58,1790764496213
c58c27,18,1790763596213
dfa86d,37,1790764496213
280e6e,42,1790764496213
55b94f,26,1790849096213
2b6a8c,40,1790849096213
26b7f7,25,1790763596213
93cd05,49,1790764496213
86658a,18,1790849096213
219ae6,48,1790849096213
b42d60,48,1790763596213
e26356,60,1790763596213
41719a,54,1790849096213
091b3f,43,1790849096213
61193f,16,1790849096213
97f254,32,1790764496213
89446f,27,1790849096213
7a8c21,49,1790764496213
ff5cb3,48,1790849096213
a284f6,38,1790764496213
1417cf,56,1790849096213
2cbd29,15,1790764496213
b7d1e9,37,1790763596213
60228c,60,1790763596213
9519a4,33,1790849096213
8d833c,21,1790764496213
38f689,35,1790764496213
a8e480,37,1790763596213
ca15e2,31,1790849096213
4f19d6,56,1790763596213
28f175,55,1790764496213
5e4199,41,1790849096213
c414db,34,1790764496213
828656,55,1790764496213
8ea2ff,25,1790763596213
599fab,48,1790763596213
748769,35,1790849096213
ce2edc,18,1790849096213
eb9668,41,1790763596213
ba3f46,34,1790763596213
567f0d,17,1790764496213
c3ae1c,54,1790849096213
95ecc9,29,1790849096213
c8f24d,31,1790764496213
5499ff,18,1790764496213
295fe3,38,1790763596213
47dc68,60,1790849096213
4241cd,32,1790763596213
ab12c5,27,1790764496213
4752c6,48,1790763596213
16603a,37,1790763596213
0d681f,57,1790763596213
93c7d6,32,1790849096213
cf3b56,22,1790849096213
c7a049,59,1790764496213
8930c9,30,1790764496213
aa9e1e,31,1790849096213
bceabd,17,1790763596213
0f753d,33,1790763596213
c1232a,37,1790849096213
deee79,28,1790764496213
783345,57,1790763596213
62579e,46,1790763596213
cab642,56,1790764496213
b7e468,40,1790849096213
e822c4,27,1790849096213
ba6edd,51,1790849096213
f1ba1b,51,1790763596213
52304d,54,1790764496213
3d59ff,47,1790849096213
0babf7,33,1790763596213
f753eb,34,1790849096213
bcd968,50,1790849096213
40e492,55,1790764496213
351341,15,1790763596213
382ed6,47,1790764496213
9ef63d,50,1790764496213
1c5330,27,1790764496213
7afeef,29,1790849096213
4fb68f,49,1790849096213
09c2c9,23,1790764496213
82078d,35,1790849096213
a5fa9c,41,1790849096213
1d3a75,40,1790764496213
d28cb1,44,1790849096213
e642ba,47,1790849096213
edfe94,59,1790763596213
e8f662,22,1790849096213
ea0767,43,1790764496213
5c403a,28,1790764496213
30d6fa,53,1790763596213
a8126c,34,1790764496213
953785,35,1790849096213
e60a23,45,1790763596213
5d088e,43,1790763596213
5aff20,49,1790763596213
57cb8c,17,1790764496213
79d4b4,42,1790763596213
e9f564,33,1790764496213
146460,29,1790763596213
0f8fd4,40,1790763596213
802d02,46,1790849096213
e6e520,28,1790763596213
f9553b,55,1790763596213
74138c,18,1790849096213
a57d34,37,1790849096213
fb62cc,19,1790763596213
cd324b,54,1790764496213
2a4bc8,18,1790764496213
681cab,30,1790763596213
14b9c4,15,1790849096213
3bf178,58,1790849096213
4a9d0b,44,1790764496213
352ab1,51,1790763596213
2176d3,15,1790849096213
56c38e,33,1790849096213
55a185,54,1790764496213
9c9f22,58,1790763596213
8a0709,52,1790763596213
378fb1,57,1790763596213
e1caf0,57,1790849096213
762701,22,1790849096213
cae6b9,53,1790849096213
b259cb,32,1790764496213
74411a,40,1790764496213
db7227,21,1790849096213
c57fa7,52,1790763596213
9d625b,33,1790764496213
81c157,60,1790849096213
468810,44,1790849096213
2101bf,35,1790763596213
0c2da6,52,1790849096213
882350,57,1790763596213
a30003,58,1790763596213
0088f0,23,1790763596213
98dade,18,1790763596213
43ced1,23,1790764496213
ac8d64,47,1790849096213
e22322,19,1790849096213
e4e89a,20,1790849096213
668fb4,25,1790764496213
72bd8c,43,1790763596213
9a6b90,15,1790849096213
8362db,26,1790849096213
089d20,54,1790763596213
4fd668,16,1790764496213
d361d8,23,1790849096213
76defe,16,1790764496213
d5f037,47,1790763596213
20b4c1,58,1790849096213
7048d7,46,1790764496213
3a2c03,22,1790763596213
3bae87,49,1790763596213
009394,38,1790763596213
d94343,52,1790849096213
8a0ad5,38,1790764496213
701bbd,17,1790764496213
9b06d3,57,1790764496213
d7f210,45,1790763596213
293ae1,33,1790764496213
e2b2df,43,1790849096213
ba9433,59,1790763596213
aa2ef0,38,1790763596213
08616d,30,1790849096213
ecf1e3,29,1790763596213
4c69e9,29,1790849096213
52bb3a,28,1790849096213
507c6c,40,1790763596213
3a99b4,47,1790849096213
8d40f5,36,1790764496213
39597c,51,1790849096213
876abb,18,1790763596213
400ab3,53,1790764496213
b2aaed,26,1790764496213
77c3ff,30,1790763596213
eeaf51,20,1790849096213
c880bf,34,1790763596213
9b8058,35,1790764496213
0b8730,30,1790763596213
dc0db1,22,1790764496213
72a3ae,25,1790764496213
a00991,39,1790763596213
63552b,40,1790849096213
dd9c60,58,1790763596213
306f88,40,1790763596213
426ce2,24,1790849096213
8fb7b0,56,1790763596213
ca4ce5,47,1790764496213
411fb1,42,1790763596213
830cf3,39,1790849096213
703524,24,1790764496213
61244c,27,1790849096213
07fde2,30,1790763596213
e53233,35,1790849096213
96ab5d,42,1790849096213
8f9173,55,1790849096213
40f4c6,37,1790764496213
9971ba,53,1790763596213
23dd3f,26,1790764496213
450f61,55,1790849096213
63c534,31,1790764496213
fc969c,56,1790763596213
422f3c,52,1790764496213
a6fa71,40,1790763596213
985cdf,58,1790849096213
a41b3f,34,1790764496213
669d1c,50,1790849096213
0a35ac,26,1790849096213
fbe999,43,1790763596213
f9bd8c,57,1790849096213
67cc4d,38,1790849096213
311c23,46,1790763596213
0521b2,26,1790849096213
a5f676,26,1790763596213
6d1a63,42,1790849096213
2b38c7,53,1790849096213
790460,35,1790763596213
1258d3,30,1790764496213
f2ef0f,29,1790764496213
1bbee1,26,1790763596213
63e65e,58,1790849096213
b3dea6,40,1790764496213
112dce,42,1790764496213
18506d,19,1790849096213
7bff48,31,1790764496213
501654,49,1790849096213
94823d,56,1790849096213
0e2840,46,1790849096213
b92182,37,1790849096213
caaab6,25,1790763596213
7aa279,23,1790763596213
4255ae,44,1790849096213
8cba08,51,1790764496213
995777,43,1790763596213
c19f1b,15,1790764496213
bfbcc1,54,1790763596213
41fe79,23,1790764496213
304d9e,20,1790849096213
7da50c,59,1790763596213
3d7772,27,1790849096213
05d3d4,22,1790763596213
36c016,54,1790763596213
561c5c,46,1790849096213
6cc977,29,1790763596213
d375d5,32,1790849096213
b15d0d,60,1790763596213
9c1498,17,1790763596213
2cedde,38,1790763596213
5a912e,60,1790764496213
cb811b,43,1790849096213
77a99e,59,1790764496213
bf57c0,55,1790849096213
29a443,28,1790849096213
7f21d7,16,1790763596213
a598e2,32,1790764496213
791de3,49,1790763596213
10696b,58,1790764496213
0a36e4,49,1790763596213
5b0969,26,1790763596213
e0f58d,57,1790763596213
741e74,19,1790764496213
ccba70,40,1790763596213
a7b7ac,40,1790764496213
585b41,43,1790849096213
91b84a,52,1790849096213
b8e640,42,1790763596213
37bf80,23,1790849096213
41ea67,27,1790763596213
2c47eb,50,1790764496213
f491bd,24,1790849096213
983f2f,29,1790849096213
0e9f01,15,1790849096213
7876fb,27,1790849096213
66336e,31,1790763596213
07bce0,20,1790764496213
99f421,37,1790763596213
360002,19,1790764496213
be10c0,20,1790849096213
742751,47,1790764496213
8bf55c,55,1790763596213
508e0d,23,1790849096213
557191,41,1790764496213
281879,30,1790764496213
b821e8,19,1790849096213
7c5c9d,24,1790763596213
e3cce4,45,1790764496213
1f0de4,30,1790849096213
c15ace,48,1790764496213
7178f4,20,1790763596213
b5e543,48,1790763596213
bc9fe9,31,1790764496213
067b53,52,1790764496213
eb72bf,37,1790849096213
656522,39,1790849096213
a2a889,54,1790764496213
c0654a,19,1790849096213
d44d8f,23,1790849096213
0bba1c,42,1790849096213
6f4970,46,1790764496213
8a81b4,50,1790763596213
23a685,41,1790849096213
58c366,16,1790763596213
4f08ed,25,1790764496213
3b06b0,41,1790849096213
8f7c25,29,1790764496213
734170,38,1790849096213
66460c,44,1790763596213
1e3b9e,44,1790849096213
55a492,38,1790849096213
d2157f,55,1790764496213
bcd680,52,1790763596213
37ac78,55,1790763596213
826fb0,23,1790764496213
507800,40,1790849096213
d3ca66,48,1790764496213
0fc7dd,29,1790764496213
3c3d92,36,1790764496213
112a14,33,1790763596213
45097c,22,1790763596213
5407d0,18,1790764496213
69037a,25,1790763596213
aa63d5,56,1790849096213
047ca3,46,1790764496213
86721f,56,1790763596213
f11392,16,1790849096213
c38455,18,1790763596213
66d5f1,17,1790763596213
fff995,29,1790764496213
d519e5,49,1790763596213
1f5f2b,45,1790763596213
e010f5,26,1790849096213
44a550,40,1790849096213
476d57,39,1790849096213
df7567,29,1790763596213
2ddf47,25,1790763596213
ab3bb5,17,1790763596213
c7b87a,28,1790849096213
d241d5,22,1790764496213
4292b6,39,1790849096213
c2b847,56,1790764496213
d9409b,45,1790764496213
608566,44,1790763596213
e11e74,35,1790763596213
8730f7,28,1790764496213
df95a6,54,1790849096213
ec59e4,27,1790849096213
65757a,29,1790849096213
6136c6,53,1790849096213
5b9c10,47,1790763596213
7f9abf,60,1790849096213
521234,48,1790764496213
004f28,31,1790764496213
03f035,18,1790764496213
9229c9,18,1790849096213
a7d316,51,1790763596213
899e67,15,1790849096213
46cf77,44,1790849096213
8d7dc8,35,1790764496213
a34e81,44,1790763596213
6384f9,28,1790763596213
df00a8,40,1790849096213
e8b111,47,1790849096213
9064a5,30,1790849096213
158b76,26,1790763596213
9afaa9,33,1790849096213
11e74d,28,1790764496213
32d2b9,50,1790849096213
bcd7aa,34,1790764496213
3d583c,45,1790764496213
32adaf,27,1790764496213
1fc983,25,1790849096213
084a51,30,1790764496213
e119da,42,1790763596213
002ec3,52,1790764496213
d8ee2e,25,1790849096213
0564f2,32,1790763596213
b6da99,33,1790763596213
8f28c7,48,1790763596213
688198,34,1790764496213
358b13,16,1790849096213
78fdb3,56,1790849096213
36997a,51,1790849096213
310b1b,53,1790849096213
909c8b,40,1790763596213
61388a,19,1790764496213
00964c,39,1790763596213
2b8f25,47,1790764496213
5c9fe1,40,1790763596213
a169c1,35,1790764496213
452313,21,1790763596213
c09744,32,1790763596213
477bf3,60,1790764496213
876a4b,40,1790763596213
65adeb,41,1790849096213
beb09a,48,1790849096213
9d531c,39,1790764496213
a4db81,55,1790764496213
6f1f13,35,1790849096213
de64ad,60,1790763596213
360e73,45,1790764496213
c23c91,59,1790849096213
338c7e,28,1790763596213
070d8d,29,1790764496213
13f831,22,1790849096213
b42e9f,51,1790849096213
601df4,58,1790763596213
a2ffc3,50,1790849096213
40d144,36,1790764496213
0867d3,56,1790849096213
b59f7e,32,1790849096213
367558,43,1790763596213
b17441,33,1790764496213
7d5605,46,1790764496213
54058e,24,1790849096213
ab9026,59,1790764496213
ee1140,23,1790764496213
76213a,45,1790849096213
9fec19,35,1790763596213
d79f86,32,1790764496213
8c8179,55,1790849096213
5055f0,52,1790763596213
46c538,33,1790763596213
c842fe,24,1790763596213
7a78af,52,1790849096213
bef652,51,1790763596213
87ed69,41,1790849096213
0ab991,25,1790763596213
b76752,26,1790764496213
3ee4c9,44,1790764496213
d11045,39,1790763596213
862f14,35,1790849096213
3af91b,51,1790849096213
c2dfac,47,1790763596213
2b3983,38,1790849096213
df7b85,30,1790764496213
0473dd,17,1790849096213
5d9cd6,18,1790849096213
d78b66,31,1790849096213
c23ec8,45,1790764496213
d90d3c,42,1790764496213
d2af78,51,1790764496213
9502b1,27,1790764496213
c7b21b,37,1790764496213
e761b0,44,1790764496213
54b831,30,1790849096213
717148,37,1790763596213
be7d14,45,1790764496213
507670,39,1790763596213
1c9417,59,1790764496213
88cf3d,30,1790849096213
873738,52,1790764496213
4bf28d,48,1790763596213
fa6d70,54,1790764496213
0aeda3,28,1790764496213
049ea2,39,1790763596213
3c41e5,48,1790764496213
c2c188,55,1790763596213
9d9bd2,56,1790849096213
59d2d1,59,1790764496213
946c63,23,1790849096213
85a425,58,1790764496213
b48382,49,1790764496213
8e0b4d,59,1790849096213
ac7c31,44,1790764496213
428f7f,48,1790763596213
20eb02,34,1790763596213
3d7808,59,1790849096213
baca32,38,1790849096213
62ec0e,19,1790763596213
c30fe7,51,1790764496213
416ea2,49,1790764496213
043977,20,1790763596213
3dd3fe,26,1790764496213
f19231,28,1790849096213
4855c6,49,1790763596213
0dfe72,50,1790849096213
9bb41b,42,1790763596213
e214f2,50,1790849096213
7ce03a,50,1790764496213
6f22bc,25,1790849096213
ae395a,21,1790763596213
7333c6,60,1790849096213
74576c,59,1790764496213
09ae46,57,1790849096213
35ea2e,40,1790849096213
99ed4e,30,1790764496213
0a401f,45,1790849096213
4e46a0,47,1790849096213
532fec,42,1790764496213
24fd69,50,1790764496213
656e1e,26,1790763596213
c1f663,17,1790764496213
4132aa,38,1790764496213
a034f7,22,1790763596213
1e7b96,19,1790764496213
f817e8,60,1790764496213
71a339,36,1790849096213
a4a19e,29,1790849096213
7e1aae,38,1790849096213
8ee773,22,1790763596213
ee9d54,43,1790849096213
af73d0,17,1790849096213
529b47,15,1790763596213
63fd3a,22,1790849096213
2b83d1,37,1790764496213
3294a3,48,1790849096213
703826,30,1790764496213
8bc20b,22,1790849096213
f70394,35,1790763596213
2c4d29,55,1790764496213
69ae5f,22,1790764496213
c21330,40,1790764496213
babaae,22,1790849096213
e74979,41,1790763596213
f0c329,53,1790849096213
27fe12,58,1790764496213
5fb102,50,1790849096213
d0e0bc,33,1790849096213
a2042f,19,1790763596213
f3795c,43,1790764496213
1b2dd2,32,1790764496213
017ef2,43,1790763596213
27637a,42,1790849096213
062d3a,17,1790763596213
9359a9,36,1790763596213
c8442c,23,1790763596213
0e2bed,23,1790764496213
ba4311,40,1790764496213
21d55f,27,1790849096213
c15a0a,46,1790849096213
2b1354,50,1790849096213
82acac,42,1790764496213
fa60d8,46,1790849096213
e3b623,41,1790764496213
a57819,29,1790764496213
121ccd,45,1790763596213
871847,16,1790763596213
9e6e30,52,1790849096213
773190,39,1790849096213
f40585,52,1790764496213
78137c,20,1790763596213
f557ad,38,1790764496213
35d8c6,58,1790763596213
083957,24,1790764496213
e434a8,50,1790849096213
2ca8a3,28,1790849096213
0f5f67,50,1790763596213
4cce7a,17,1790764496213
04074a,39,1790849096213
ec5534,19,1790763596213
eaf276,24,1790763596213
6dcda5,42,1790849096213
a9fce6,42,1790849096213
af4a45,27,1790849096213
94091b,53,1790763596213
18a1a8,16,1790849096213
df99fc,16,1790763596213
906561,35,1790764496213
265abd,33,1790764496213
5de274,36,1790764496213
cb1b87,36,1790763596213
ef34b2,57,1790849096213
ea2e5f,18,1790849096213
2a3a4b,43,1790763596213
5a6b83,53,1790763596213
671d89,27,1790764496213
cb6bd1,27,1790764496213
69eccc,49,1790849096213
d61f46,15,1790849096213
69a27c,56,1790764496213
65da6c,52,1790763596213
c0e5da,56,1790849096213
f40b13,42,1790849096213
910557,44,1790764496213
c52fc5,17,1790763596213
3b9e03,26,1790849096213
a0cc12,55,1790764496213
87c584,20,1790764496213
6e4e45,17,1790764496213
c9cce7,19,1790764496213
d2b74a,35,1790763596213
c552be,40,1790849096213
8df7d5,31,1790763596213
2d750f,38,1790764496213
1288e7,22,1790763596213
de71f6,32,1790764496213
22f1c3,37,1790764496213
a43a8c,32,1790849096213
960334,33,1790764496213
f50ce1,53,1790764496213
04c7f9,28,1790763596213
c021fb,40,1790764496213
780e1d,59,1790849096213
4f46e8,38,1790849096213
0644a3,20,1790849096213
e5edc7,35,1790763596213
d77fb0,57,1790764496213
b739db,16,1790849096213
73b7b1,15,1790763596213
50f992,52,1790763596213
13b7e6,42,1790763596213
8699e1,31,1790763596213
668c2f,55,1790849096213
53c79c,39,1790764496213
ec0d51,49,1790763596213
27eede,27,1790764496213
ab09c6,40,1790763596213
d95535,50,1790849096213
813230,20,1790849096213
712b52,48,1790763596213
fc1a7d,54,1790763596213
3e5afb,37,1790763596213
16cd2a,17,1790764496213
4410cd,33,1790763596213
a7f77d,31,1790764496213
bd0c58,49,1790763596213
32a385,50,1790763596213
8a8117,20,1790763596213
28440d,15,1790849096213
57d76b,32,1790763596213
5f88db,32,1790764496213
fa6938,28,1790763596213
0a1af7,20,1790764496213
fba089,16,1790849096213
48daa9,45,1790763596213
69ab9b,28,1790763596213
4133a8,33,1790764496213
6ea5e3,37,1790763596213
c2af69,18,1790763596213
34fc5a,60,1790763596213
f0a847,39,1790763596213
8b549a,17,1790763596213
160f20,19,1790849096213
06b770,39,1790763596213
e935e0,51,1790764496213
b65f92,59,1790849096213
6952fc,24,1790763596213
211ff3,38,1790764496213
a1790a,34,1790849096213
7a0911,25,1790763596213
bb4825,37,1790849096213
e2a656,53,1790849096213
f790fb,15,1790763596213
e948b2,47,1790763596213
2acb6c,34,1790764496213
98f936,41,1790763596213
4450a8,56,1790763596213
f4347f,21,1790764496213
b6f598,47,1790763596213
f376a4,18,1790849096213
cd73aa,20,1790849096213
2c2af9,19,1790849096213
d810f0,57,1790763596213
7735c5,20,1790764496213
c73b7b,39,1790763596213
2eafe3,34,1790849096213
6fab2d,17,1790849096213
3db85a,24,1790849096213
7cc7bc,34,1790763596213
b1f8ae,51,1790763596213
b096e2,34,1790763596213
bab3f2,25,1790849096213
3155ec,15,1790764496213
a98786,17,1790764496213
a7ef75,33,1790763596213
9de6f8,56,1790764496213
183dbf,21,1790849096213
42919e,49,1790764496213
e9d858,47,1790849096213
403acc,42,1790849096213
7cae50,47,1790763596213
dcf325,32,1790849096213
7b0075,38,1790764496213
9a808e,33,1790763596213
eb2788,50,1790849096213
80cfd8,15,1790763596213
42257a,19,1790763596213
3e73b3,27,1790849096213
c97556,55,1790764496213
ff7aac,28,1790849096213
cba0c2,19,1790763596213
081c72,45,1790764496213
d1c0b1,31,1790764496213
ffa700,27,1790849096213
cb5d09,41,1790764496213
4b2fb5,30,1790849096213
296c78,20,1790763596213
5f77cd,43,1790763596213
0f7cd7,45,1790849096213
ad684f,53,1790849096213
001b7a,15,1790763596213
bed9d5,32,1790763596213
b66719,42,1790763596213
285795,48,1790764496213
025dfe,54,1790849096213
19fb0f,37,1790764496213
5d1c2c,52,1790763596213
d13b68,48,1790849096213
0d4243,18,1790763596213
ee220c,53,1790849096213
6a189f,22,1790763596213
83d2ae,38,1790763596213
31a86f,19,1790763596213
c57c33,26,1790763596213
361217,39,1790763596213
8c9ff0,48,1790849096213
0cd75c,17,1790764496213
b1fc62,44,1790763596213
9ebbf4,19,1790849096213
0d9499,45,1790763596213
4c2c2f,51,1790763596213
de374d,17,1790764496213
4f8cc1,23,1790849096213
c5dc2c,27,1790764496213
462973,50,1790764496213
18d58a,21,1790764496213
d887e0,44,1790763596213
b94b1c,27,1790763596213
3cd52b,38,1790763596213
49e8e9,27,1790764496213
2ca43b,25,1790763596213
c6d68f,35,1790849096213
9cf1a3,60,1790763596213
0f61d8,28,1790764496213
4496b8,55,1790763596213
b8a965,45,1790764496213
19282b,43,1790849096213
ec9084,32,1790763596213
5d6000,18,1790849096213
d8f1b2,25,1790763596213
021615,58,1790849096213
075769,57,1790764496213
2cae71,18,1790764496213
be7a3d,19,1790849096213
ced4ae,52,1790764496213
4e514e,41,1790764496213
998d75,40,1790763596213
df1e9b,45,1790763596213
5b1fa2,58,1790763596213
f6b6c3,35,1790849096213
e80ba3,15,1790764496213
22adc3,23,1790764496213
7f75fb,60,1790764496213
de2898,53,1790764496213
fc1de8,25,1790849096213
4bc43d,24,1790764496213
37a1a5,53,1790764496213
e0d6d4,53,1790763596213
d59b52,36,1790763596213
7927f1,53,1790763596213
e1ece0,33,1790849096213
4ad9e3,59,1790763596213
2de38d,60,1790849096213
3c3809,47,1790764496213
5e62b7,32,1790763596213
b2b2ad,34,1790849096213
6f17f6,31,1790849096213
342c91,41,1790764496213
ec8c34,49,1790849096213
4c9820,16,1790849096213
7a726f,34,1790763596213
d85e67,55,1790764496213
999fd3,51,1790764496213
cea51f,31,1790764496213
4b12fa,34,1790764496213
ee6b7e,52,1790849096213
b3f7e9,31,1790764496213
9422eb,53,1790764496213
ad1a6c,32,1790764496213
ba555c,52,1790764496213
990ef1,31,1790763596213
beab1a,41,1790763596213
5df00b,53,1790849096213
38f20e,51,1790764496213
2d098e,54,1790764496213
a86746,30,1790763596213
a18f27,32,1790849096213
2b64bc,26,1790764496213
c26560,49,1790764496213
836481,56,1790849096213
6b7e4f,23,1790763596213
8db3af,35,1790849096213
7c31b0,35,1790764496213
7cebcc,25,1790849096213
bca548,19,1790764496213
07395f,21,1790764496213
aa69e1,57,1790764496213
b1ca18,48,1790764496213
8eb8c0,49,1790763596213
d22fa3,37,1790849096213
f0c0c6,45,1790849096213
c9548c,29,1790849096213
5f30e1,17,1790764496213
85f6e1,34,1790849096213
fce7f9,25,1790764496213
b528c9,22,1790764496213
3ad7c8,26,1790764496213
256657,22,1790763596213
9a3dcb,60,1790849096213
b22166,52,1790849096213
458049,26,1790849096213
eee058,36,1790763596213
e94038,24,1790763596213
5d58f1,43,1790763596213
5f30af,35,1790763596213
eb5742,24,1790849096213
7f67bb,17,1790849096213
5a05fb,37,1790764496213
3fca29,32,1790764496213
f16c16,28,1790763596213
f0ff84,58,1790763596213
b04f46,59,1790764496213
3456fb,36,1790764496213
629c8c,37,1790849096213
a1aa74,15,1790764496213
f60efe,19,1790763596213
a9c6db,44,1790849096213
9f2e0e,45,1790764496213
9c3d0b,26,1790763596213
d19b85,37,1790849096213
22a122,26,1790849096213
1ace57,15,1790849096213
896a36,47,1790764496213
7f3b24,60,1790763596213
c2337e,16,1790849096213
708a7c,15,1790763596213
5943c6,56,1790764496213
e1e9ee,55,1790763596213
0b8657,35,1790849096213
2d7e8a,19,1790763596213
4551a9,39,1790764496213
58a867,45,1790764496213
48daf3,55,1790764496213
0a8b6c,42,1790764496213
214e3b,37,1790763596213
2b36d0,56,1790849096213
eca2cd,40,1790764496213
5f1f0f,25,1790849096213
10c8d6,49,1790763596213
267596,42,1790849096213
dba22e,22,1790763596213
acce3a,17,1790849096213
b659e3,25,1790849096213
d54b82,54,1790763596213
b1a925,48,1790763596213
c3a084,39,1790764496213
2ae169,20,1790764496213
3f281e,18,1790764496213
91accd,58,1790849096213
c0dc7e,52,1790764496213
cbe368,22,1790849096213
2e6436,55,1790849096213
8e8c5a,57,1790763596213
02517d,55,1790763596213
88e685,29,1790763596213
df3493,33,1790764496213
fa1b09,52,1790764496213
72ee77,60,1790764496213
fc2f37,33,1790763596213
b546c7,37,1790764496213
d22584,48,1790763596213
61ba93,19,1790764496213
4c224f,33,1790763596213
d43936,46,1790849096213
0ef564,57,1790849096213
f8288f,34,1790764496213
33c115,17,1790764496213
1cffe1,19,1790764496213
883a92,15,1790849096213
9a1838,34,1790763596213
3a6667,18,1790764496213
e01897,38,1790849096213
b4266b,60,1790849096213
be4fde,38,1790763596213
140618,55,1790764496213
92dd12,47,1790849096213
a521b7,22,1790849096213
0082f4,19,1790763596213
af7bf7,53,1790764496213
4ff6cc,21,1790849096213
46e276,55,1790763596213
df9e7a,34,1790764496213
1acd80,18,1790764496213
d01924,42,1790849096213
bf1b14,52,1790849096213
d14ce7,24,1790764496213
bb23ef,46,1790849096213
ea456d,24,1790764496213
6a7668,48,1790764496213
b18e54,23,1790849096213
a4deca,54,1790849096213
a64fe6,37,1790849096213
b9205a,39,1790849096213
a3b598,40,1790763596213
a23b43,21,1790763596213
5a6cc9,41,1790763596213
6d2b1b,35,1790849096213
e102d5,27,1790764496213
54dbd3,37,1790764496213
834c76,35,1790764496213
d4a775,55,1790849096213
251840,59,1790764496213
a9c49a,56,1790849096213
44275d,17,1790849096213
f372f0,18,1790763596213
d94a97,53,1790849096213
7e4f28,42,1790764496213
26539f,56,1790849096213
40a141,36,1790763596213
b8d336,58,1790763596213
68e1b0,46,1790764496213
83a89d,40,1790764496213
194511,51,1790764496213
bb3850,31,1790849096213
5f17c2,40,1790764496213
08e6b4,39,1790763596213
db5a87,49,1790763596213
6dd3ec,53,1790763596213
208661,29,1790763596213
a19b7e,55,1790764496213
2eab71,45,1790763596213
4755ef,44,1790763596213
22a2f6,45,1790763596213
424bf6,45,1790764496213
1ecf26,17,1790849096213
9a6f06,20,1790763596213
98c7d7,21,1790763596213
8ddef7,28,1790763596213
5558fa,19,1790764496213
f4eb57,38,1790764496213
cede8f,50,1790764496213
44ddc7,41,1790764496213
086a3d,40,1790764496213
200f43,25,1790764496213
3da25e,15,1790764496213
c23f3e,31,1790849096213
574c40,16,1790764496213
2ea7da,19,1790764496213
762b9b,41,1790764496213
a5ef85,27,1790763596213
1db001,47,1790849096213
aa8403,53,1790763596213
c3322f,50,1790764496213
05614b,27,1790763596213
14805e,26,1790764496213
108f23,25,1790849096213
4ef5c3,33,1790763596213
332537,58,1790764496213
01235c,44,1790763596213
5cfd2e,51,1790849096213
23e9d0,22,1790764496213
72134e,58,1790849096213
f97d2f,56,1790764496213
a5f23b,42,1790764496213
9e8a7d,41,1790849096213
1cda7f,30,1790849096213
0d18c2,17,1790764496213
42b4e0,48,1790763596213
1ca46c,58,1790849096213
2f9289,21,1790764496213
0f9d58,59,1790763596213
79d6ce,32,1790849096213
2477e6,34,1790763596213
1862a6,22,1790849096213
2eb504,43,1790849096213
7541e7,39,1790763596213
54eb2c,32,1790849096213
cdf996,60,1790763596213
2f68e1,56,1790764496213
0f947e,55,1790764496213
f575d7,43,1790764496213
7d0216,32,1790849096213
208981,33,1790763596213
fd0f67,19,1790849096213
4a760d,49,1790849096213
2d7896,53,1790849096213
1225c1,23,1790764496213
4dbe2e,33,1790763596213
c5ded5,57,1790763596213
a32781,25,1790849096213
edadb8,42,1790849096213
100522,54,1790764496213
4dc951,30,1790763596213
01c829,26,1790849096213
7f9d7b,46,1790763596213
890af4,54,1790763596213
adab39,41,1790764496213
35414d,36,1790849096213
4926de,59,1790763596213
ae324b,18,1790763596213
b1419c,21,1790764496213
c337b1,45,1790764496213
a4c4f0,28,1790764496213
a67dda,30,1790763596213
f862d8,43,1790764496213
5abb4d,21,1790764496213
122359,31,1790764496213
1bcaaf,38,1790763596213
2e118c,24,1790764496213
22294a,47,1790763596213
e96c30,19,1790849096213
1a4c96,58,1790849096213
38bce0,29,1790763596213
34e824,38,1790763596213
069360,53,1790764496213
d72391,49,1790763596213
8a325e,42,1790763596213
cfb4c5,29,1790763596213
edb68a,50,1790764496213
7afcd9,18,1790763596213
1c84f1,39,1790764496213
30aeaa,33,1790849096213
616bd8,43,1790849096213
1865c9,28,1790764496213
23db9f,36,1790763596213
b740b4,52,1790763596213
7bf5b6,50,1790764496213
117474,27,1790763596213
c89e95,27,1790763596213
56aa6e,43,1790763596213
6d8967,28,1790764496213
c62431,41,1790763596213
5e5cd7,34,1790764496213
edb84b,44,1790849096213
cb30ec,54,1790764496213
39ac8a,37,1790849096213
ba61cc,42,1790763596213
36075c,38,1790849096213
784101,55,1790849096213
cd01dd,38,1790764496213
69ced0,34,1790763596213
873213,35,1790849096213
fbcda5,47,1790764496213
c6b506,47,1790849096213
4766ee,27,1790764496213
aff33f,47,1790764496213
bd92e8,60,1790763596213
1fc534,43,1790849096213
4c54cf,26,1790763596213
b8d5bc,20,1790763596213
a5700c,56,1790764496213
fc60d1,21,1790849096213
0d46fc,20,1790763596213
c285e7,41,1790849096213
3b8cd3,56,1790849096213
4bc63c,41,1790849096213
39b63e,56,1790849096213
348f5c,27,1790849096213
a85b9e,42,1790764496213
542a57,45,1790764496213
d66590,34,1790763596213
58b4e1,35,1790764496213
65ecee,50,1790764496213
ffb8dc,27,1790764496213
77192a,52,1790849096213
d6f81a,37,1790764496213
c6cfaf,30,1790764496213
37a2b3,19,1790763596213
cc2973,15,1790849096213
43d0b9,27,1790849096213
8ac405,41,1790849096213
3bc4c9,34,1790763596213
c45d0b,47,1790764496213
0bb99b,27,1790763596213
d6adc1,53,1790763596213
bcb387,19,1790764496213
d782f1,44,1790764496213
9dc156,48,1790764496213
2f9cfc,41,1790764496213
0a1e4c,45,1790849096213
d0efff,16,1790849096213
a29176,30,1790764496213
0360cf,60,1790764496213
4a288a,50,1790849096213
84b550,22,1790849096213
da88cd,57,1790763596213
ae8484,60,1790763596213
884b89,36,1790849096213
8fe344,28,1790764496213
e5d6cc,35,1790763596213
c7e986,21,1790764496213
df4a56,17,1790763596213
dcfd9e,53,1790763596213
a9c8b6,34,1790849096213
2d59f4,18,1790763596213
5f0f73,46,1790763596213
eaa79b,33,1790849096213
a63993,31,1790764496213
16e39e,41,1790849096213
f03189,25,1790763596213
5527e7,17,1790763596213
32c6fc,15,1790849096213
b97a6c,19,1790763596213
0ddac8,48,1790764496213
af7a89,37,1790764496213
0bd2db,15,1790849096213
d0d178,49,1790763596213
f4bd49,56,1790764496213
199a85,46,1790764496213
a10eb5,28,1790849096213
e28980,25,1790849096213
9df763,17,1790763596213
6e9f27,55,1790849096213
7d6f27,34,1790764496213
e48d46,21,1790763596213
0a3d12,31,1790763596213
8df159,27,1790849096213
af40bc,36,1790849096213
33834f,41,1790763596213
5a51f7,44,1790764496213
6b3115,15,1790849096213
bbd3d2,18,1790764496213
43a6bd,54,1790849096213
500ee1,52,1790764496213
1c81d8,35,1790764496213
1b045b,36,1790763596213
d96ab5,20,1790764496213
2a08dd,22,1790764496213
31c0b5,19,1790764496213
a016f1,40,1790763596213
1da263,16,1790849096213
895558,28,1790763596213
01ec04,58,1790764496213
b2e5e2,46,1790764496213
f0d5ab,36,1790849096213
4672de,46,1790763596213
160206,51,1790763596213
0b9b77,41,1790764496213
7ef184,41,1790764496213
93eafd,47,1790849096213
4ebd8f,36,1790849096213
93117b,16,1790849096213
eb9b22,18,1790763596213
145eb9,60,1790764496213
b3d00d,21,1790764496213
1e2394,34,1790763596213
c17f25,25,1790764496213
d4ae9b,60,1790763596213
60428a,46,1790763596213
36b3af,58,1790763596213
39dd8d,36,1790763596213
9df0b8,25,1790764496213
23e1ee,53,1790763596213
283288,27,1790849096213
961c07,29,1790764496213
77e16c,42,1790764496213
09c9e0,31,1790764496213
06932b,15,1790763596213
bb9eda,56,1790763596213
7e3712,27,1790763596213
651a15,48,1790763596213
4c2dbe,55,1790764496213
da94f4,39,1790764496213
9d3fd0,47,1790849096213
3c4697,46,1790763596213
5a4659,19,1790763596213
438f5b,53,1790764496213
dfc073,33,1790849096213
da4181,42,1790763596213
2abe22,52,1790763596213
40cf03,34,1790849096213
52badb,15,1790764496213
5f1fb1,36,1790849096213
f623a1,34,1790764496213
28ea93,50,1790763596213
bfbb4f,36,1790849096213
c41325,43,1790764496213
fb1396,42,1790849096213
e3fc83,46,1790764496213
8e7501,60,1790763596213
2ab09c,31,1790763596213
fca4c3,59,1790849096213
7278b6,60,1790763596213
2655d5,38,1790763596213
147767,20,1790764496213
3a6bfe,32,1790849096213
27fc22,19,1790763596213
79ffc9,39,1790849096213
26afe3,52,1790764496213
ab13e0,37,1790764496213
bc095f,43,1790763596213
91fd22,30,1790764496213
5d6891,44,1790763596213
682211,44,1790763596213
99eed6,40,1790763596213
9c3c68,54,1790764496213
a01969,29,1790763596213
3e8dfc,46,1790763596213
52ae5a,37,1790764496213
33af45,53,1790764496213
048781,28,1790763596213
c3dfa2,37,1790849096213
fdf6c3,28,1790849096213
9ebaea,46,1790763596213
5eb386,29,1790764496213
495aca,31,1790764496213
304045,45,1790764496213
d05f1b,35,1790763596213
534c17,25,1790763596213
f779d7,23,1790849096213
d41560,47,1790764496213
a6c8c1,17,1790764496213
c1dccd,23,1790763596213
639d7a,59,1790849096213
153e4b,56,1790763596213
a484bd,48,1790763596213
a42084,30,1790764496213
0aa4cf,15,1790764496213
1443cf,51,1790849096213
240ac2,47,1790763596213
084fad,35,1790763596213
336f5e,20,1790764496213
3805de,25,1790849096213
5dee3e,36,1790763596213
21d244,40,1790763596213
547828,34,1790763596213
9d66a1,24,1790849096213
ba6269,36,1790764496213
50513d,27,1790764496213
4eb39c,51,1790763596213
d3034c,58,1790764496213
d71a4f,48,1790764496213
2bc247,25,1790764496213
3e9598,37,1790849096213
ed9af9,19,1790764496213
dec44b,49,1790763596213
5e26fa,34,1790764496213
1580de,53,1790764496213
c1067e,51,1790849096213
f85448,33,1790849096213
68a80f,58,1790764496213
428d77,59,1790849096213
3c798a,59,1790763596213
cce808,29,1790849096213
50eda6,33,1790764496213
e9f5d4,42,1790763596213
c5f57a,26,1790849096213
0f8741,23,1790763596213
441f74,31,1790764496213
9833f0,53,1790764496213
226160,39,1790764496213
97d17f,26,1790763596213
b24082,44,1790764496213
172f50,44,1790764496213
e80267,44,1790763596213
362c66,21,1790763596213
ab8f43,33,1790763596213
4f7eb4,22,1790849096213
f79bc8,20,1790849096213
713c80,19,1790763596213
93de9e,51,1790764496213
49449f,50,1790763596213
f70cba,18,1790849096213
95a3c0,52,1790849096213
e1db48,28,1790763596213
6b33cc,31,1790763596213
b2b44e,26,1790764496213
5fc17f,24,1790763596213
3fe185,60,1790849096213
e1e6d6,27,1790764496213
499761,37,1790849096213
f9183e,36,1790763596213
9f1cd8,22,1790849096213
72c77f,51,1790849096213
b269e8,38,1790763596213
4cc085,58,1790764496213
1cf9fc,22,1790849096213
30a59f,58,1790849096213
f94497,55,1790764496213
ae3218,37,1790764496213
738a7a,22,1790763596213
40e77c,24,1790849096213
d45d0a,40,1790764496213
e0a603,36,1790763596213
60ee42,48,1790849096213
682864,49,1790849096213
7edc62,21,1790763596213
13fb4f,50,1790764496213
fcb00c,60,1790764496213
188aa5,53,1790849096213
427ea1,36,1790763596213
7bdacc,23,1790763596213
76da69,22,1790764496213
b4243e,21,1790849096213
f2bba2,46,1790764496213
5742ab,46,1790763596213
9cb572,24,1790849096213
601906,32,1790763596213
1f4954,21,1790849096213
d34cfa,27,1790849096213
5f5450,45,1790849096213
4d924e,35,1790763596213
0ab2d5,31,1790763596213
7ff517,27,1790849096213
e3894f,36,1790764496213
8fd938,28,1790849096213
c5cc7d,60,1790849096213
5b12c9,20,1790849096213
c2c130,60,1790849096213
bb8685,44,1790849096213
19433a,28,1790764496213
084dbd,48,1790849096213
abda5a,23,1790764496213
33c1ce,31,1790763596213
93dd4a,29,1790849096213
802ea6,43,1790763596213
2d1219,52,1790849096213
d65cd2,30,1790763596213
6605ca,49,1790849096213
1aa602,50,1790849096213
b1a7ee,24,1790849096213
7a1c66,26,1790849096213
0b3fab,21,1790763596213
462133,43,1790849096213
935577,43,1790764496213
52ecfd,15,1790764496213
b00e9f,22,1790849096213
7ca346,48,1790849096213
996944,39,1790763596213
635086,41,1790764496213
96e34b,55,1790764496213
750a6b,17,1790763596213
c9d848,20,1790764496213
6f40a0,55,1790849096213
844698,58,1790763596213
cc9987,40,1790849096213
fe4db7,55,1790764496213
ba0cbb,22,1790849096213
438c4f,44,1790763596213
37853d,31,1790763596213
e223d5,39,1790764496213
17d140,36,1790763596213
f5bccb,40,1790764496213
920ef2,54,1790763596213
960ef3,32,1790763596213
478931,29,1790849096213
cc113a,15,1790764496213
4e5278,30,1790763596213
9ec1c3,44,1790763596213
c21484,36,1790764496213
46f47d,39,1790764496213
01d57b,38,1790763596213
3d9988,38,1790763596213
72e904,37,1790764496213
447144,32,1790764496213
57e864,19,1790764496213
294d13,58,1790849096213
924c83,26,1790763596213
6c14d6,35,1790849096213
96b898,23,1790763596213
c52872,17,1790763596213
aa925c,44,1790763596213
364ffc,18,1790849096213
f8a339,31,1790764496213
d7aee2,57,1790764496213
b94a1b,46,1790764496213
180e25,18,1790764496213
ae9278,43,1790763596213
8c0e34,46,1790763596213
c20654,45,1790849096213
7ef752,19,1790764496213
c4af08,31,1790764496213
6a6c57,25,1790849096213
ae9b1d,28,1790763596213
7435c7,21,1790763596213
936952,26,1790764496213
a18e48,42,1790763596213
a16af8,53,1790764496213
c96025,36,1790763596213
da2faf,53,1790763596213
97e024,33,1790763596213
17d035,15,1790763596213
da1195,33,1790764496213
efabe8,27,1790764496213
b511db,51,1790763596213
1b4263,38,1790764496213
8e10f0,34,1790763596213
4c44da,28,1790849096213
f36094,59,1790849096213
db7313,43,1790764496213
ff82ab,43,1790764496213
b4f22f,51,1790849096213
04cefc,28,1790764496213
77450f,34,1790764496213
a275b5,31,1790849096213
e72b1a,22,1790849096213
3db350,37,1790763596213
388a1f,44,1790763596213
153f19,37,1790764496213
22fcd2,35,1790764496213
5b0081,47,1790849096213
540e6e,59,1790764496213
4b474f,51,1790763596213
d99b80,54,1790849096213
ae6e29,29,1790764496213
d65fb9,59,1790763596213
9f101b,42,1790764496213
88d605,39,1790849096213
f2d22e,19,1790849096213
799806,25,1790763596213
19696c,53,1790764496213
7b5166,36,1790764496213
f050a1,57,1790763596213
498074,53,1790849096213
7c6c9a,48,1790764496213
a3988f,47,1790849096213
e5355d,46,1790849096213
e135d8,15,1790764496213
e28a76,33,1790849096213
8a263f,26,1790849096213
7c3a08,51,1790763596213
bace5d,27,1790763596213
94dabe,26,1790849096213
9cfd4a,25,1790764496213
1b44b7,26,1790764496213
21d588,46,1790849096213
99e2cd,49,1790764496213
5fb7d4,48,1790764496213
d794bd,58,1790763596213
c68254,42,1790763596213
23f369,16,1790764496213
f54bc0,16,1790763596213
dcc851,41,1790763596213
01b61b,33,1790763596213
382798,54,1790763596213
87da1f,23,1790763596213
e3071f,58,1790764496213
8c36e7,31,1790849096213
4433fa,55,1790849096213
15cce4,16,1790763596213
d86b4c,43,1790849096213
784636,21,1790764496213
b37055,35,1790764496213
984301,23,1790849096213
780c7b,57,1790764496213
dfab58,51,1790763596213
15525d,36,1790849096213
d0c32e,58,1790763596213
b0d1a1,55,1790764496213
aad197,55,1790849096213
25faaa,32,1790849096213
c3f9a3,48,1790764496213
4fb1c4,46,1790763596213
cdeae3,16,1790764496213
0b6ff0,50,1790764496213
9a83da,52,1790763596213
d1d748,51,1790763596213
394033,22,1790763596213
982030,40,1790763596213
f3110a,55,1790763596213
174510,58,1790849096213
adef8e,59,1790763596213
2866b8,51,1790849096213
07e66e,33,1790849096213
42628c,16,1790763596213
73c3ed,57,1790764496213
be8470,23,1790849096213
9d2d89,15,1790849096213
bd7a50,21,1790849096213
b74029,59,1790764496213
0c8e3d,24,1790849096213
e5c21b,23,1790763596213
cbfb3f,50,1790764496213
5e2cad,58,1790764496213
132d74,29,1790763596213
a7fe9c,20,1790764496213
e10b46,50,1790849096213
a37163,22,1790763596213
aa1b1e,36,1790849096213
63a48e,42,1790764496213
6e2dc4,23,1790763596213
7358c0,60,1790849096213
e8f23f,56,1790763596213
f61306,47,1790763596213
98d632,50,1790764496213
d2e89a,34,1790763596213
d57c65,27,1790764496213
d03e77,45,1790764496213
3aaf58,57,1790763596213
d7e6cd,57,1790764496213
cd34b0,53,1790764496213
fa68d6,25,1790849096213
5d7d7b,43,1790849096213
b89b20,32,1790763596213
f89e0f,57,1790763596213
6a2b5e,54,1790763596213
9508d9,20,1790849096213
76758d,38,1790763596213
d6f8af,23,1790849096213
7a8b86,50,1790763596213
58aeb5,38,1790849096213
4061e8,24,1790849096213
6d5114,25,1790764496213
302b73,42,1790849096213
fb0590,33,1790764496213
7ce7c7,58,1790763596213
28ffd5,60,1790849096213
7b46fd,50,1790849096213
7cdbe7,53,1790763596213
efcbfa,21,1790849096213
0012ed,44,1790849096213
9edc29,24,1790849096213
ffaa4f,36,1790763596213
b0a62f,45,1790763596213
c86895,37,1790763596213
817004,27,1790764496213
947ec9,27,1790849096213
f200eb,32,1790763596213
777be6,57,1790849096213
e6ab32,59,1790849096213
e74cd3,59,1790763596213
0882c9,34,1790764496213
43d381,19,1790764496213
18a770,55,1790763596213
9b9a56,19,1790763596213
95b440,25,1790763596213
54abcb,34,1790849096213
4a9937,50,1790764496213
53193c,39,1790763596213
9cef59,28,1790849096213
734f22,59,1790849096213
094907,46,1790763596213
dbd7c9,60,1790764496213
5f7658,60,1790849096213
d107b3,20,1790849096213
323f0a,22,1790764496213
48923c,35,1790849096213
9c1e37,43,1790763596213
2aa818,26,1790849096213
23491c,47,1790763596213
c69337,55,1790764496213
194793,44,1790764496213
93b5c5,30,1790764496213
927313,24,1790849096213
dfbc97,37,1790763596213
8392f9,15,1790849096213
6d1f20,37,1790849096213
3ae313,47,1790764496213
ddf6e2,21,1790764496213
df2272,15,1790764496213
0f9291,59,1790764496213
76236c,53,1790849096213
99d63c,25,1790764496213
23cbb0,26,1790763596213
c68be7,39,1790764496213
ee4755,25,1790849096213
ffa209,17,1790849096213
258201,49,1790849096213
788a55,47,1790849096213
e70fec,50,1790763596213
8c8d59,24,1790763596213
d5eefe,40,1790764496213
2544ca,57,1790849096213
83a937,51,1790764496213
4e3194,23,1790764496213
cf4a2c,50,1790764496213
0c94e7,30,1790763596213
fab99a,20,1790763596213
0c00dc,32,1790763596213
4ce2f4,29,1790849096213
c00a98,33,1790849096213
b66059,57,1790763596213
5f1a66,31,1790764496213
b6f6fc,38,1790763596213
07d682,17,1790764496213
3b9ffe,18,1790849096213
05147e,17,1790764496213
0a5272,46,1790849096213
34ae01,60,1790849096213
297aa9,16,1790764496213
9d4e3d,45,1790849096213
340692,45,1790764496213
8e7973,27,1790849096213
8574df,51,1790849096213
0f6097,36,1790849096213
1a87f8,54,1790764496213
3d5959,15,1790763596213
65f92f,16,1790764496213
f3d2bd,44,1790763596213
60296b,58,1790849096213
78ecb0,24,1790763596213
8da3dc,60,1790763596213
871d38,56,1790763596213
2d6603,45,1790763596213
9a108a,41,1790764496213
b44f6d,30,1790764496213
f8fbb6,22,1790764496213
eb7834,57,1790764496213
128c09,56,1790849096213
e4576c,20,1790763596213
859a20,42,1790763596213
f9874c,26,1790764496213
e61a06,36,1790849096213
c54564,40,1790849096213
f569a6,23,1790763596213
e780ec,18,1790764496213
d67a56,60,1790849096213
0352f1,28,1790849096213
8648ac,55,1790764496213
9341f5,24,1790849096213
b5e52c,24,1790849096213
c3afab,45,1790764496213
358dab,53,1790764496213
7aea2b,44,1790849096213
163866,32,1790849096213
7e62e0,51,1790764496213
5189cc,21,1790849096213
0487e3,40,1790763596213
9377e8,36,1790763596213
7eb85f,51,1790764496213
f2a9eb,22,1790763596213
9a4277,30,1790764496213
1e95a2,28,1790764496213
06617d,56,1790763596213
e503f7,49,1790849096213
310d99,51,1790764496213
323067,19,1790764496213
8c1c95,33,1790763596213
816433,39,1790849096213
83d671,36,1790764496213
aa1bfb,24,1790849096213
e8991c,26,1790764496213
826b2b,51,1790764496213
3e90a5,47,1790849096213
0e7871,35,1790764496213
cb39b0,19,1790764496213
e1720c,26,1790849096213
8f90ff,52,1790763596213
ca0e44,49,1790849096213
7de593,18,1790849096213
557c4d,38,1790764496213
17b422,41,1790763596213
391cfd,46,1790763596213
fe7e0e,54,1790763596213
724081,29,1790764496213
f5be52,39,1790764496213
217fa7,35,1790763596213
df562d,17,1790764496213
e3fc58,34,1790763596213
3973c3,19,1790763596213
2d72e9,42,1790763596213
feff93,22,1790763596213
c1be23,21,1790764496213
6007a7,43,1790849096213
68d20b,17,1790764496213
06189d,35,1790763596213
0ec364,18,1790764496213
a04f98,31,1790849096213
965bf3,56,1790764496213
7d7443,24,1790763596213
fabc3d,59,1790849096213
2e1e46,59,1790763596213
74f4f5,56,1790763596213
2d28d7,43,1790764496213
36fb35,52,1790763596213
9f0880,21,1790763596213
00a22f,29,1790764496213
610cdd,33,1790763596213
d557d3,28,1790849096213
4d05d6,36,1790849096213
8d7d53,34,1790764496213
2e9353,51,1790763596213
61e07a,36,1790849096213
19ca7d,57,1790849096213
a42f17,33,1790763596213
76fdfc,48,1790764496213
67e70c,21,1790763596213
59e4d6,28,1790849096213
a567d9,35,1790849096213
525651,41,1790763596213
6c3a63,50,1790764496213
16fe9d,38,1790763596213
4ed1d1,31,1790763596213
25767f,51,1790763596213
513887,40,1790764496213
edf308,55,1790764496213
978cb8,27,1790764496213
22a750,34,1790763596213
4dcc80,35,1790764496213
282ee8,26,1790764496213
814f8d,50,1790764496213
6e0d33,54,1790763596213
75c727,15,1790849096213
718987,26,1790764496213
3960f5,23,1790764496213
da6c3a,46,1790763596213
a2fa90,41,1790849096213
333d27,38,1790849096213
14f22f,59,1790764496213
a47cd5,41,1790764496213
19da83,21,1790849096213
9ac724,37,1790764496213
2c6094,25,1790764496213
18a02c,48,1790764496213
df6347,57,1790849096213
ad14da,29,1790763596213
64b79e,52,1790764496213
fb3cf7,27,1790763596213
621b9a,20,1790849096213
488c9a,17,1790849096213
3f04a0,56,1790763596213
92af51,31,1790849096213
00474c,40,1790849096213
91b337,56,1790764496213
243f6c,44,1790764496213
177fdf,22,1790763596213
f0a2a5,27,1790849096213
739f3f,34,1790763596213
3c5cdb,18,1790849096213
33548e,34,1790764496213
fbdd67,38,1790849096213
710c31,31,1790849096213
9bfb38,44,1790764496213
bff25f,23,1790764496213
63857c,36,1790849096213
121bf8,49,1790849096213
df4282,57,1790763596213
e47326,41,1790763596213
e733b5,39,1790849096213
a3e156,45,1790849096213
fa945d,35,1790764496213
6aa72c,38,1790764496213
571b6c,57,1790764496213
c73fab,38,1790763596213
951f0c,25,1790764496213
2fa025,54,1790764496213
51df92,55,1790763596213
8a392f,21,1790849096213
ae6a6b,20,1790764496213
ec6984,53,1790763596213
dddcaa,51,1790764496213
2975d1,56,1790849096213
bc3a92,15,1790764496213
866062,50,1790764496213
6114b8,48,1790849096213
da87bb,22,1790763596213
4ca7df,37,1790849096213
d9174b,51,1790763596213
8964a7,38,1790763596213
3eeedd,55,1790764496213
474c09,32,1790763596213
5997c7,49,1790764496213
fe6123,20,1790764496213
6b5cab,30,1790849096213
ed6c17,39,1790849096213
da084f,37,1790764496213
d7997d,30,1790849096213
ee032f,19,1790764496213
7dad89,24,1790849096213
0a2359,26,1790849096213
8926db,57,1790764496213
d4d6f5,46,1790764496213
740036,23,1790764496213
ffc995,59,1790764496213
419061,36,1790764496213
26cbdb,60,1790763596213
68edaa,40,1790849096213
ea1ec0,39,1790763596213
575b94,55,1790849096213
8692d2,58,1790849096213
2dbc08,26,1790763596213
8bd24e,58,1790764496213
d249cd,59,1790763596213
80ae92,45,1790764496213
1da4c0,32,1790764496213
18db0f,28,1790849096213
f90272,60,1790849096213
a1c0b5,44,1790764496213
7befe5,17,1790764496213
458593,47,1790764496213
0a98ea,25,1790849096213
88e284,16,1790764496213
cd2fb1,44,1790764496213
325537,31,1790763596213
5c2734,23,1790763596213
73fbd1,35,1790849096213
03a70c,33,1790763596213
e8dc8f,41,1790763596213
218461,42,1790763596213
b43113,23,1790849096213
11687b,26,1790763596213
4ff992,55,1790764496213
fb8045,51,1790764496213
81a1d8,25,1790849096213
f6ebee,25,1790763596213
309d01,31,1790763596213
508629,16,1790764496213
8ec5ce,45,1790764496213
b86a10,37,1790763596213
b4d5b1,35,1790849096213
37bcf4,60,1790763596213
a95f8c,48,1790763596213
d746aa,26,1790764496213
9b2f5f,52,1790763596213
034c9b,42,1790763596213
c453e0,23,1790764496213
9b4402,37,1790763596213
260c69,27,1790764496213
52959d,56,1790849096213
1c5c6a,55,1790764496213
82b5b0,37,1790763596213
6af21e,33,1790763596213
d64eb5,43,1790763596213
5f141b,18,1790763596213
131281,29,1790849096213
720d34,15,1790849096213
51bc60,54,1790849096213
5ffd9f,16,1790849096213
9395d5,40,1790849096213
c078f6,36,1790764496213
910660,16,1790763596213
e5079d,15,1790849096213
7addaf,29,1790763596213
0f7e93,29,1790764496213
266678,51,1790849096213
981cde,36,1790763596213
1eee62,55,1790763596213
475522,38,1790763596213
3eb133,41,1790764496213
5c20ea,43,1790764496213
eab2ea,15,1790763596213
97d7cd,20,1790763596213
18b7cb,25,1790763596213
44c5ad,31,1790764496213
59aea5,20,1790849096213
1a9d5b,23,1790763596213
d9a556,33,1790849096213
75a196,53,1790764496213
de163d,28,1790764496213
7a5d43,32,1790764496213
8b6f10,54,1790763596213
817fdf,28,1790764496213
9e0369,38,1790763596213
7f2051,16,1790763596213
4a4a94,34,1790849096213
dc1a2b,48,1790764496213
c3fccf,30,1790849096213
f3caed,21,1790764496213
c0b688,58,1790764496213
c8d24f,57,1790849096213
59c9c6,55,1790763596213
2b10ae,25,1790764496213
9bb7c8,40,1790764496213
860d7e,54,1790764496213
15955b,30,1790764496213
0c6051,39,1790763596213
37ba6f,53,1790763596213
dc8faa,43,1790849096213
f1fb36,30,1790764496213
933490,33,1790764496213
c0c81e,49,1790763596213
a71965,56,1790763596213
26f047,28,1790763596213
e24e57,20,1790849096213
fb0a76,16,1790849096213
34d90e,49,1790849096213
eea72b,58,1790764496213
b23dae,29,1790849096213
e634d0,48,1790764496213
97b986,31,1790763596213
e79629,15,1790849096213
5d7d74,38,1790764496213
a8635d,18,1790763596213
d162f6,22,1790763596213
a2cd02,25,1790849096213
7ececa,60,1790849096213
67cfc0,38,1790849096213
523a19,53,1790763596213
fc1504,24,1790763596213
6ff1a1,43,1790763596213
5300d7,16,1790764496213
f11df5,59,1790763596213
7b1e79,37,1790763596213
6e14fd,48,1790764496213
8c5a4d,33,1790763596213
ea269f,28,1790849096213
7ca2ec,36,1790763596213
3156e0,54,1790764496213
28a5ef,59,1790764496213
86899c,18,1790849096213
e73319,49,1790763596213
090ef2,51,1790763596213
31cb23,44,1790763596213
7d46be,43,1790764496213
99d49f,38,1790764496213
ec8c7f,24,1790763596213
5ba9d8,42,1790849096213
87a61b,21,1790849096213
066c1d,38,1790764496213
454d54,28,1790764496213
0feae7,25,1790849096213
79e913,31,1790764496213
3f3aee,54,1790849096213
d47241,48,1790764496213
f39422,49,1790849096213
3b37cc,30,1790763596213
c7cb93,16,1790763596213
90abd0,59,1790764496213
282d40,32,1790764496213
5876fd,21,1790764496213
0b1ddb,20,1790763596213
382a72,24,1790764496213
56aed2,59,1790849096213
23dc6f,15,1790849096213
8e1260,41,1790764496213
8af3ff,55,1790763596213
417f56,16,1790763596213
01b770,15,1790764496213
2e5c7b,56,1790849096213
0fdbcd,53,1790849096213
621c88,21,1790763596213
485748,23,1790763596213
50c124,19,1790849096213
2b48b2,47,1790764496213
c254fa,33,1790763596213
28880b,16,1790849096213
dccb51,46,1790764496213
1afc52,30,1790849096213
c70770,49,1790763596213
454d03,49,1790763596213
6ae523,18,1790849096213
c6be2b,44,1790849096213
e3a185,31,1790763596213
cc3227,29,1790849096213
246f5c,38,1790849096213
636a9f,48,1790764496213
467154,36,1790763596213
559c87,46,1790849096213
fb6024,35,1790764496213
957761,24,1790764496213
aada73,26,1790764496213
53b086,28,1790849096213
a7edc0,23,1790849096213
710def,44,1790764496213
ad1285,25,1790849096213
1f03d0,25,1790764496213
494798,20,1790763596213
6a9daf,49,1790763596213
53f2da,54,1790764496213
2d3fa0,21,1790764496213
5c2440,27,1790849096213
985a8f,27,1790763596213
d61d2d,28,1790763596213
b43515,38,1790849096213
c7729e,52,1790763596213
a776cd,55,1790764496213
ca83fe,23,1790764496213
226ad1,55,1790849096213
ac3354,41,1790764496213
723520,32,1790764496213
d5a471,54,1790763596213
aaeaf2,24,1790849096213
8cf210,51,1790764496213
cc159a,54,1790763596213
73f967,33,1790849096213
8a7365,32,1790849096213
0c008d,35,1790764496213
0768d8,16,1790849096213
fed4ed,39,1790764496213
02962a,23,1790763596213
9f49e5,33,1790849096213
4b5b8a,28,1790849096213
cfe460,35,1790849096213
58385b,49,1790763596213
8a956c,56,1790763596213
10b8fa,17,1790849096213
a17f64,51,1790764496213
f1646e,56,1790763596213
4c152e,58,1790763596213
b25e06,29,1790763596213
34a5f5,34,1790764496213
d8de38,44,1790764496213
d57830,48,1790849096213
94cf61,37,1790849096213
17e67b,22,1790849096213
e2d8b8,56,1790849096213
d4fee4,20,1790849096213
788db0,45,1790764496213
d9cda5,44,1790763596213
5b19d8,23,1790764496213
9bb13b,56,1790764496213
0083cd,60,1790763596213
04886a,24,1790763596213
454372,54,1790849096213
b95da4,20,1790763596213
12f155,26,1790849096213
8429e1,46,1790764496213
ca0ff1,25,1790764496213
e34789,57,1790763596213
4d3035,44,1790764496213
122026,58,1790849096213
a6c292,28,1790764496213
385241,52,1790763596213
9f0eb0,55,1790763596213
e57a86,50,1790764496213
dd4906,34,1790764496213
9cae18,43,1790763596213
18ed8d,16,1790764496213
a4c84d,20,1790764496213
d9e83b,60,1790763596213
9edd98,45,1790764496213
27e397,57,1790763596213
9e5d67,26,1790763596213
c80547,33,1790849096213
573c62,48,1790763596213
9e68e0,30,1790763596213
6f6bc7,52,1790763596213
f445cf,16,1790849096213
0a9243,51,1790763596213
e07c39,50,1790849096213
1fcd2d,31,1790763596213
415358,60,1790764496213
c03eec,20,1790764496213
ac179d,52,1790763596213
556a6e,15,1790763596213
dd417a,37,1790764496213
d68a80,37,1790764496213
db01a4,29,1790764496213
ab9a2a,27,1790849096213
903148,28,1790849096213
29e795,58,1790849096213
11117a,20,1790764496213
ab0a52,28,1790763596213
ea14d0,50,1790849096213
e8d31a,28,1790763596213
cbe25e,46,1790764496213
619b2c,50,1790763596213
1c35e1,45,1790764496213
d05c0e,21,1790849096213
af379b,42,1790763596213
b2a42a,15,1790763596213
0f54c6,53,1790849096213
419e4a,42,1790849096213
aa6b18,24,1790849096213
2c4c27,51,1790849096213
6931a3,51,1790764496213
9c264b,38,1790764496213
da1f3f,57,1790763596213
9f2563,18,1790764496213
08fcdb,18,1790764496213
47d50f,54,1790849096213
e966b0,25,1790764496213
8fbb4e,25,1790849096213
94642f,26,1790764496213
6fdcbc,19,1790849096213
dbb3eb,19,1790764496213
cbe831,51,1790849096213
3b59b7,19,1790849096213
6d0b68,51,1790764496213
6677fd,43,1790764496213
f6977e,20,1790849096213
1e26c0,49,1790849096213
4bd29d,59,1790764496213
aa3ac3,53,1790849096213
4fe0ba,20,1790849096213
8e1eab,41,1790763596213
22e1fd,59,1790849096213
ad0099,22,1790764496213
7bf30f,52,1790763596213
f23aa6,57,1790763596213
461021,52,1790763596213
984a94,23,1790763596213
835db5,60,1790763596213
a1e4dc,51,1790763596213
2df4ed,53,1790763596213
1d3b03,41,1790849096213
01b61e,47,1790849096213
9079d3,46,1790764496213
c0df44,44,1790763596213
3ec9f7,37,1790764496213
e527a3,35,1790764496213
ab425a,43,1790764496213
7fc58a,15,1790763596213
d47332,45,1790763596213
2ddc78,38,1790849096213
dfbab1,24,1790763596213
e02f18,39,1790763596213
c3f927,44,1790764496213
4b6447,32,1790849096213
0ef611,24,1790763596213
709a61,18,1790763596213
3826a2,28,1790764496213
96d7dc,23,1790763596213
f30949,26,1790764496213
cdb46b,41,1790849096213
2647d7,49,1790763596213
6b9bd3,45,1790764496213
ccdd0d,29,1790763596213
0e5a1c,49,1790763596213
605fc4,34,1790763596213
2ca1c5,20,1790764496213
273cf3,19,1790763596213
a2e4e9,60,1790764496213
828646,58,1790763596213
091d6d,46,1790764496213
7291fe,32,1790849096213
913e6f,53,1790763596213
883fd3,37,1790849096213
0a4ba8,56,1790764496213
564054,40,1790764496213
f1a23c,42,1790763596213
f0dcc9,49,1790763596213
e92fdd,17,1790763596213
39aa1f,28,1790849096213
5810db,27,1790849096213
bbd06a,40,1790849096213
8dce00,60,1790849096213
579e2a,22,1790763596213
caf924,53,1790764496213
4479a1,24,1790763596213
4a0475,51,1790764496213
ffcd76,36,1790763596213
a32011,16,1790763596213
4128bd,22,1790764496213
ce638c,47,1790849096213
be2ca6,52,1790763596213
e35099,54,1790849096213
e15337,32,1790763596213
819779,37,1790849096213
61fb17,52,1790764496213
7bfc79,54,1790764496213
c4c872,49,1790763596213
54e6c0,28,1790763596213
70b20d,19,1790763596213
514d40,53,1790763596213
82d29e,15,1790849096213
cd38c2,32,1790763596213
5055a2,54,1790849096213
2a8556,21,1790763596213
71fa0c,26,1790764496213
f95133,48,1790849096213
5a580e,39,1790763596213
cebd5e,51,1790763596213
f642d0,30,1790763596213
f35ac6,50,1790764496213
49d03c,58,1790849096213
8467aa,20,1790849096213
c6cf54,24,1790763596213
ceed87,38,1790764496213
026ad5,21,1790763596213
e0984f,24,1790849096213
7c68c5,17,1790763596213
1758ad,49,1790849096213
a03529,29,1790763596213
280133,48,1790763596213
54caed,29,1790764496213
e1fc96,50,1790763596213
88fec2,25,1790763596213
f9da02,26,1790849096213
68e56d,44,1790763596213
ead539,33,1790763596213
1066a5,26,1790763596213
a5e5fe,42,1790764496213
7f8664,40,1790764496213
40de30,35,1790764496213
7f112e,58,1790763596213
3b782b,17,1790764496213
660be2,43,1790763596213
bae7d5,46,1790849096213
8cb789,25,1790763596213
fddb35,39,1790849096213
9731d0,27,1790849096213
b1cca3,35,1790849096213
1b9d4d,41,1790764496213
1e8158,45,1790763596213
967a9b,24,1790849096213
b342d9,17,1790764496213
7b9a6b,17,1790764496213
7e0bb4,33,1790764496213
444849,50,1790763596213
8b96ca,38,1790849096213
fb867e,32,1790763596213
b010eb,37,1790763596213
727ae7,29,1790849096213
7e567c,53,1790849096213
0311de,33,1790764496213
5b27e6,42,1790849096213
a1f90a,39,1790764496213
8bde75,20,1790764496213
d11d7e,49,1790764496213
13deb0,59,1790849096213
46b140,49,1790849096213
f22f0f,38,1790849096213
30fac0,22,1790849096213
9e4e99,16,1790849096213
3f8af0,19,1790764496213
11284a,24,1790764496213
f481f6,23,1790764496213
21b3f0,16,1790763596213
95f0e5,25,1790764496213
51efe0,59,1790849096213
e8057f,23,1790764496213
e8d74c,58,1790763596213
299248,31,1790764496213
96e57b,46,1790849096213
969a26,49,1790764496213
67ed1f,60,1790849096213
d20538,52,1790763596213
72aeb4,58,1790849096213
ecb872,22,1790763596213
805f45,60,1790849096213
8073a9,18,1790763596213
27060c,18,1790849096213
159d32,48,1790849096213
e9596b,16,1790764496213
3c8481,58,1790763596213
a4a52b,37,1790764496213
485aea,15,1790763596213
b66162,60,1790763596213
34d36d,54,1790849096213
71de58,53,1790849096213
774940,54,1790764496213
b10f5b,37,1790764496213
65e875,47,1790764496213
df4cae,39,1790763596213
2131d3,30,1790849096213
06dc8e,28,1790764496213
e8c3aa,29,1790763596213
a109ed,54,1790764496213
08370a,39,1790763596213
9d3867,29,1790849096213
87e7f4,58,1790763596213
864973,52,1790763596213
4e8d6a,32,1790764496213
3a8e9d,27,1790849096213
ced86f,33,1790763596213
751e1d,23,1790763596213
dbd134,53,1790764496213
f390c9,49,1790763596213
320f24,58,1790763596213
54216a,41,1790763596213
609fdf,15,1790763596213
a13f51,36,1790763596213
b2c874,59,1790763596213
541e3f,18,1790763596213
9500e7,42,1790764496213
e537ab,17,1790764496213
892c2a,22,1790763596213
d35c99,56,1790849096213
3a10c8,50,1790849096213
df3d36,41,1790849096213
5c0387,28,1790763596213
734479,54,1790849096213
0eacca,21,1790763596213
8972fe,28,1790849096213
9e2cfa,16,1790849096213
9cb660,24,1790764496213
516a59,47,1790764496213
1d4e36,45,1790849096213
b9799a,23,1790764496213
fff67e,54,1790763596213
cb7ae2,54,1790764496213
6a73be,51,1790764496213
31999f,32,1790849096213
47f224,20,1790764496213
6dc73d,53,1790849096213
36e5b6,50,1790764496213
28b7b5,57,1790849096213
6fc529,47,1790849096213
fe6776,28,1790849096213
c81b9e,22,1790849096213
8629da,50,1790763596213
c48336,20,1790763596213
3c487c,58,1790764496213
0bb0f6,39,1790763596213
fb517c,47,1790764496213
e4bded,36,1790849096213
412a79,38,1790763596213
69631c,55,1790849096213
072b19,36,1790764496213
643e2c,37,1790764496213
1e911c,51,1790763596213
9b93d4,28,1790763596213
82c3e7,48,1790763596213
b6a6e2,50,1790849096213
943648,46,1790764496213
3f6484,33,1790763596213
97906f,50,1790849096213
a6fba7,19,1790849096213
3fb4b0,24,1790764496213
2b69dd,55,1790764496213
9f6c13,49,1790849096213
77576c,37,1790763596213
c0b1b0,34,1790849096213
bf7724,35,1790764496213
841394,54,1790763596213
a47ba3,32,1790849096213
e708d7,40,1790763596213
72cbe7,21,1790764496213
3f4644,41,1790849096213
2d42db,36,1790764496213
57cfc4,21,1790764496213
246548,55,1790763596213
618dec,45,1790849096213
a88811,48,1790764496213
1d8993,52,1790764496213
72efb2,22,1790764496213
5dbdc6,34,1790849096213
4a04f1,55,1790763596213
c76f97,21,1790764496213
02c37d,57,1790849096213
6ace1c,57,1790764496213
a2eb9d,51,1790849096213
21200d,18,1790764496213
0a4173,34,1790764496213
9cec4a,26,1790763596213
364c76,31,1790764496213
f33028,39,1790849096213
986b1b,20,1790763596213
8ddfa9,34,1790849096213
1c7306,17,1790849096213
aeb73c,20,1790764496213
31c1c1,28,1790763596213
84e23c,41,1790849096213
5eed85,32,1790764496213
d7945e,60,1790763596213
68dbe0,35,1790763596213
8be11f,19,1790764496213
20ca28,50,1790763596213
3c1e58,51,1790764496213
eea0eb,30,1790764496213
812111,53,1790763596213
1538d5,34,1790849096213
e51a3c,54,1790763596213
396b23,28,1790763596213
4670b9,39,1790849096213
574bcd,59,1790763596213
a6d087,31,1790764496213
0d7afd,27,1790763596213
6fc136,20,1790849096213
311d49,19,1790849096213
5799b6,21,1790763596213
234600,26,1790849096213
991b9e,40,1790849096213
e251ad,31,1790764496213
0fb35b,36,1790764496213
c5abb6,45,1790763596213
da2ab0,34,1790849096213
6cfc5a,52,1790849096213
56b9b5,45,1790763596213
7c126c,26,1790764496213
4fc6df,38,1790763596213
201609,16,1790763596213
9fb4c8,35,1790849096213
159980,18,1790763596213
7b3f66,21,1790764496213
c8d4e9,59,1790764496213
11320c,45,1790849096213
8e96da,34,1790849096213
2761ec,44,1790849096213
a6ebc7,54,1790849096213
678372,19,1790763596213
fa3ea3,53,1790763596213
e0376d,44,1790763596213
9eb60e,44,1790763596213
341515,17,1790764496213
d4fda4,36,1790763596213
07c482,54,1790849096213
6286b9,54,1790849096213
c47f26,55,1790849096213
c337fc,53,1790763596213
0cf2e5,16,1790763596213
ab0182,56,1790849096213
b3d0c9,28,1790764496213
07f75f,57,1790849096213
c22cd1,44,1790849096213
387979,17,1790764496213
9c7e42,40,1790849096213
b2bc4e,47,1790764496213
6c16ce,57,1790849096213
19a47d,23,1790763596213
34e463,16,1790849096213
d2169a,16,1790763596213
665cbd,54,1790764496213
6b7d53,30,1790849096213
8c4827,28,1790763596213
082d58,23,1790764496213
7659e6,60,1790764496213
2e640a,40,1790849096213
9d631f,39,1790763596213
5c8db3,46,1790764496213
5e10d4,55,1790849096213
9a8357,59,1790764496213
48a962,39,1790763596213
a768b2,60,1790763596213
b1a2a4,60,1790849096213
91d365,56,1790764496213
0daeb8,51,1790764496213
5d5049,19,1790763596213
fd4b52,28,1790763596213
a92a38,38,1790763596213
255472,44,1790764496213
0ec4e3,36,1790763596213
40bc81,16,1790763596213
fd9328,18,1790764496213
915522,52,1790764496213
629acf,21,1790764496213
929899,47,1790764496213
dba9bf,42,1790849096213
10f832,48,1790763596213
cc8ea8,59,1790763596213
f93804,32,1790764496213
089cea,15,1790763596213
1070da,19,1790764496213
008fa3,43,1790763596213
d203d4,57,1790763596213
f3a63b,54,1790764496213
a7fc07,46,1790763596213
093a4c,16,1790763596213
ef6fcb,47,1790849096213
69ee3c,25,1790763596213
9c6b26,46,1790764496213
1b8bb8,46,1790763596213
141701,55,1790763596213
1a8f8d,56,1790764496213
fa061d,34,1790764496213
b2b041,21,1790763596213
f20955,21,1790763596213
bc7b99,32,1790764496213
86b9a9,59,1790764496213
ed85ae,54,1790763596213
3827d2,16,1790763596213
38dd35,44,1790849096213
448ed0,58,1790764496213
dff605,33,1790849096213
032d44,42,1790763596213
43d229,24,1790849096213
562a34,43,1790764496213
2d43f9,51,1790763596213
492828,29,1790849096213
774631,36,1790763596213
2bbb2c,58,1790764496213
cbce23,55,1790849096213
dedda3,24,1790763596213
cd09ef,47,1790849096213
897efe,53,1790763596213
bf957a,34,1790764496213
575bf5,56,1790764496213
f0bd4c,40,1790763596213
a3acbd,22,1790764496213
ece708,35,1790849096213
2eda2e,53,1790764496213
ddb5c5,52,1790763596213
f417fb,23,1790764496213
353fcb,48,1790764496213
b36766,55,1790849096213
273a9b,20,1790764496213
437de6,34,1790764496213
fe6466,38,1790763596213
6cf3fc,53,1790764496213
d5e7d7,22,1790763596213
d59d6e,26,1790849096213
09000b,30,1790763596213
4383c4,45,1790849096213
fd735f,53,1790764496213
7e6379,15,1790764496213
9a3ce4,24,1790763596213
2c906e,34,1790763596213
fb2465,30,1790763596213
3df8ed,48,1790849096213
33488b,33,1790763596213
5330f7,49,1790764496213
fbf4a7,41,1790763596213
8bdb0c,41,1790763596213
14f936,24,1790764496213
29ac22,60,1790763596213
6f136d,53,1790764496213
899cc2,28,1790849096213
3db011,37,1790849096213
42d6eb,31,1790764496213
d9bccd,44,1790764496213
fa4991,53,1790849096213
5971d8,17,1790763596213
f8295b,54,1790763596213
0cc34d,22,1790764496213
c0c19b,28,1790763596213
8f13b7,53,1790849096213
8fb92a,51,1790849096213
a30a54,59,1790764496213
e1aca8,21,1790849096213
6b2b9d,39,1790763596213
36ea34,21,1790849096213
a164e4,27,1790764496213
dc71b6,52,1790764496213
a753e7,52,1790763596213
93c843,27,1790849096213
e83453,26,1790849096213
7f9ac5,46,1790763596213
0156b2,17,1790764496213
76bbdb,49,1790763596213
0dacd4,22,1790763596213
7cfd74,19,1790764496213
57d435,35,1790849096213
746b9f,37,1790764496213
ed6b0a,29,1790764496213
fb4c5e,18,1790849096213
fd4c66,23,1790849096213
9342a4,16,1790849096213
dbf9f0,27,1790764496213
387a20,15,1790849096213
452528,31,1790764496213
f028f4,27,1790764496213
ca6a2a,53,1790849096213
17320e,18,1790764496213
e5fc74,24,1790764496213
71df98,52,1790764496213
87bdad,40,1790849096213
2e973f,20,1790764496213
fd15bd,53,1790763596213
f2dd4e,33,1790764496213
3e00aa,35,1790849096213
4d8cdb,50,1790764496213
169c8a,52,1790849096213
278e0f,54,1790849096213
9e436e,55,1790763596213
d2b4e9,60,1790763596213
6d8414,56,1790849096213
e83c93,39,1790849096213
a337c9,33,1790764496213
4beab0,44,1790763596213
b5c4d5,34,1790763596213
d94fdc,25,1790763596213
49fafb,56,1790849096213
da363b,48,1790764496213
0fdfce,31,1790763596213
11d5e7,58,1790764496213
241ee0,30,1790763596213
4bae8d,49,1790849096213
f9da60,52,1790764496213
e7d278,22,1790849096213
7a5223,29,1790764496213
0094ef,48,1790763596213
a48dbb,54,1790763596213
87336f,53,1790849096213
14c429,29,1790849096213
a346b9,52,1790764496213
b4ecfe,22,1790763596213
548a95,42,1790849096213
506971,25,1790763596213
ca20e3,43,1790764496213
43b1a2,22,1790849096213
268111,22,1790764496213
57cd36,51,1790764496213
f59d60,50,1790763596213
0964ab,52,1790764496213
bc5ed1,41,1790849096213
7e9359,57,1790764496213
0a931e,47,1790763596213
99a822,46,1790849096213
ca4b4e,26,1790763596213
600589,47,1790849096213
00e789,51,1790849096213
f0321f,18,1790764496213
7d19e6,44,1790763596213
cdc99e,54,1790763596213
79372c,49,1790849096213
a40576,34,1790763596213
40f355,34,1790764496213
bc5474,24,1790763596213
fb7e73,15,1790849096213
fb08ed,49,1790763596213
138154,24,1790763596213
4b80e0,25,1790764496213
16558e,30,1790764496213
e3279a,50,1790763596213
d74ba5,27,1790849096213
5f4709,56,1790764496213
025e05,47,1790849096213
c9b4a4,27,1790849096213
6e9d62,44,1790764496213
e18cb4,17,1790764496213
f318a0,40,1790849096213
168766,15,1790763596213
3208eb,26,1790764496213
01c25f,50,1790764496213
a3291c,50,1790763596213
53f810,46,1790764496213
ee7897,30,1790763596213
022b36,42,1790764496213
3be45c,31,1790849096213
098b4d,31,1790849096213
47516e,38,1790764496213
9d40a9,21,1790764496213
e799b3,47,1790764496213
29a7d1,30,1790763596213
751028,31,1790763596213
33cef6,21,1790763596213
a9be03,29,1790764496213
22a3fe,49,1790849096213
a62fa1,53,1790764496213
2aeb3e,44,1790849096213
bc52e9,32,1790764496213
7db4ea,27,1790763596213
e25387,42,1790764496213
5cc6f0,15,1790763596213
dede2d,15,1790764496213
14c96d,33,1790764496213
d52ae6,26,1790849096213
38fab4,55,1790764496213
4e8c36,53,1790764496213
361776,54,1790764496213
e33836,37,1790849096213
64074d,59,1790849096213
433954,27,1790763596213
e0e905,22,1790849096213
c94800,46,1790763596213
ba1ef9,43,1790763596213
8ffcd2,38,1790764496213
8fbcdb,46,1790764496213
906be1,33,1790764496213
6af01d,19,1790763596213
c8ecb6,38,1790763596213
3d8d82,41,1790849096213
d6269c,51,1790764496213
ff0cd7,44,1790764496213
b48c81,21,1790763596213
cf669e,41,1790849096213
37ef8f,33,1790763596213
b1a28d,32,1790763596213
bd8f4d,59,1790849096213
9c83ef,51,1790763596213
4bf08c,15,1790849096213
cd8090,36,1790763596213
d8f9be,28,1790849096213
8451f4,17,1790764496213
35fb86,46,1790763596213
cded08,44,1790849096213
08c324,29,1790849096213
b928d2,39,1790764496213
8173da,51,1790763596213
4beedd,24,1790764496213
ad4a57,55,1790849096213
65ab65,50,1790849096213
e8936f,30,1790763596213
2aabaa,43,1790763596213
cb673e,39,1790849096213
5c2930,37,1790763596213
217c26,37,1790849096213
7f154f,30,1790763596213
41f766,44,1790849096213
73c7c1,48,1790763596213
6fb1af,42,1790849096213
813ed5,21,1790763596213
b36c66,22,1790849096213
ba194b,45,1790763596213
04f87f,40,1790763596213
ce609c,30,1790764496213
73e375,21,1790849096213
403e1b,41,1790764496213
8ff14b,37,1790849096213
7df015,36,1790764496213
51e490,24,1790764496213
e8dae9,51,1790763596213
d071c7,27,1790764496213
596c37,57,1790764496213
361d3a,47,1790763596213
51d251,53,1790764496213
8aa926,27,1790849096213
6ab34c,32,1790764496213
00d40a,52,1790764496213
0490ab,28,1790764496213
1a542e,52,1790849096213
7cbfe6,25,1790763596213
c581e4,34,1790763596213
4d6fd2,19,1790764496213
0d53c8,46,1790764496213
afdfb5,54,1790764496213
14c33d,56,1790764496213
68c3b4,19,1790763596213
a4e740,43,1790849096213
cbc39f,39,1790763596213
aab355,42,1790849096213
9f42cf,32,1790764496213
ec8669,19,1790849096213
bede87,27,1790849096213
42437a,31,1790764496213
1ca2ea,25,1790763596213
993395,50,1790764496213
17e164,30,1790764496213
666029,18,1790849096213
6558c2,23,1790849096213
d89399,15,1790764496213
970f8b,43,1790763596213
3903c0,25,1790764496213
6f3c4b,40,1790764496213
a01945,26,1790764496213
1b181b,20,1790763596213
55550f,42,1790849096213
f9e00d,35,1790763596213
2343f1,24,1790849096213
873ac7,52,1790763596213
8ac5fe,28,1790849096213
f148ee,50,1790763596213
8756e4,59,1790849096213
1a76e0,59,1790764496213
ce7903,58,1790849096213
fbd5f5,51,1790849096213
6a6e46,26,1790763596213
0cc2f6,47,1790849096213
68defa,43,1790763596213
64cdea,56,1790763596213
e9468b,52,1790764496213
9b9ad6,32,1790763596213
ea3861,18,1790763596213
2859e2,41,1790763596213
74054d,15,1790764496213
141c6c,50,1790849096213
4215ae,58,1790764496213
c0f022,32,1790763596213
c368b4,47,1790849096213
710b40,33,1790764496213
eff34b,46,1790764496213
5021af,47,1790763596213
23f1aa,48,1790764496213
6426e0,24,1790849096213
2ee782,56,1790763596213
68abc3,33,1790849096213
56eab2,26,1790763596213
db9f64,52,1790849096213
2929da,36,1790849096213
20149f,29,1790849096213
8dc379,47,1790764496213
dd8b34,39,1790849096213
5b96fc,43,1790764496213
4a0dc0,51,1790763596213
54b4e4,28,1790763596213
ce051a,59,1790849096213
2a6c07,39,1790764496213
0a11df,57,1790849096213
83fc4c,38,1790763596213
cee12b,29,1790764496213
ed30be,16,1790764496213
1d5e71,37,1790763596213
a19001,53,1790763596213
dcdfb8,55,1790763596213
7048d8,26,1790764496213
3080fa,55,1790763596213
74db8c,39,1790764496213
e1c7b0,35,1790764496213
7b7454,46,1790849096213
b111ed,24,1790763596213
9e3636,55,1790763596213
7bdcbe,36,1790849096213
f85a07,43,1790763596213
db8489,29,1790849096213
cfef6b,56,1790764496213
bc5560,28,1790764496213
fbfffe,19,1790849096213
052c08,19,1790849096213
381d7e,60,1790849096213
c5f13d,60,1790763596213
33eea5,25,1790763596213
ed418e,57,1790849096213
8e5a59,24,1790849096213
7fce6f,52,1790763596213
88fdc5,31,1790763596213
570dfd,42,1790849096213
fcb350,47,1790763596213
5a3c85,16,1790763596213
ddce62,47,1790849096213
174417,16,1790849096213
af1a48,45,1790763596213
73d907,54,1790849096213
020192,30,1790763596213
0bac2f,15,1790763596213
346cdf,33,1790849096213
814f2f,60,1790764496213
eb5cf2,57,1790763596213
73df94,34,1790849096213
2525bd,19,1790764496213
272fb1,29,1790763596213
c60e5c,26,1790763596213
9f9f5a,20,1790849096213
fdcbd6,33,1790764496213
c97053,45,1790849096213
d99a2a,28,1790849096213
2cd924,39,1790764496213
c831dc,41,1790764496213
8e610e,16,1790849096213
c1387c,54,1790764496213
9f0073,28,1790763596213
ffa96c,26,1790764496213
fffedb,22,1790764496213
1940b7,42,1790849096213
6efc2f,32,1790763596213
44f4bf,22,1790763596213
509192,40,1790763596213
81d3d7,52,1790849096213
63927d,43,1790849096213
ec0fc7,48,1790849096213
cb2196,49,1790764496213
6600b8,54,1790849096213
5903ff,53,1790764496213
76f092,31,1790763596213
83b7ae,53,1790764496213
6240ad,53,1790764496213
9e4809,18,1790849096213
35997b,29,1790849096213
6d1dba,26,1790764496213
bc76a6,38,1790763596213
03c011,42,1790763596213
5ca0cc,49,1790763596213
d134ce,25,1790764496213
62aa7b,25,1790764496213
2b972a,29,1790764496213
d5de9e,47,1790849096213
04b2b0,50,1790763596213
4707a9,35,1790849096213
777a21,36,1790764496213
3627c4,26,1790849096213
ba1ca1,35,1790764496213
ba1c59,24,1790763596213
ff9d3f,50,1790763596213
f0a34a,28,1790763596213
230d90,30,1790764496213
e818b3,21,1790764496213
240d6a,27,1790764496213
873cc0,19,1790764496213
1ca870,55,1790764496213
4b8b99,55,1790763596213
e1d8a1,59,1790763596213
24e54a,37,1790763596213
26662c,17,1790763596213
d8356b,42,1790849096213
547117,25,1790764496213
2d8e94,23,1790763596213
4d3531,39,1790849096213
4cb380,20,1790849096213
bc78d4,19,1790763596213
44f5ac,36,1790764496213
d02c25,27,1790849096213
c2935e,17,1790849096213
c083a5,49,1790763596213
9adb9a,16,1790849096213
b6d18b,46,1790764496213
4a9777,16,1790763596213
3b5b8e,22,1790849096213
d47d76,15,1790764496213
f708a8,48,1790763596213
d6e16b,49,1790763596213
b5a4d3,20,1790764496213
9e9aaf,54,1790763596213
f05623,22,1790763596213
eefc69,20,1790849096213
1d1c79,23,1790849096213
042a42,21,1790849096213
b4686e,27,1790764496213
121bf6,21,1790763596213
bdf2b4,28,1790849096213
e75ca4,38,1790764496213
48c5ca,39,1790763596213
87ecad,43,1790849096213
001849,32,1790764496213
406404,29,1790849096213
68402d,23,1790764496213
00745d,30,1790763596213
34c4bd,56,1790763596213
91ce7b,26,1790849096213
5fcf82,35,1790764496213
797629,42,1790849096213
6ac2a5,17,1790764496213
248fa2,25,1790849096213
b65a56,41,1790763596213
d95570,44,1790764496213
8de56c,39,1790763596213
0f99e1,48,1790849096213
5718d3,51,1790763596213
3e8fa3,30,1790764496213
08e4c2,23,1790764496213
7a628e,16,1790849096213
89a29a,54,1790764496213
5c54d4,56,1790763596213
9c83a3,19,1790763596213
082bf7,39,1790849096213
a81758,50,1790763596213
5adea5,23,1790763596213
f302ba,46,1790849096213
980671,40,1790764496213
ccc67b,36,1790763596213
f293b1,56,1790764496213
62b95e,18,1790764496213
03a730,37,1790849096213
d18ae0,32,1790849096213
f51f1f,28,1790764496213
b5ea58,57,1790849096213
9614f3,25,1790849096213
081760,39,1790849096213
70af78,22,1790849096213
3e77c3,57,1790764496213
026c8e,49,1790764496213
b95210,32,1790764496213
6d08ab,60,1790849096213
71bfed,48,1790764496213
606450,26,1790763596213
462278,25,1790764496213
079436,28,1790763596213
c1ebb8,58,1790849096213
3464ee,48,1790763596213
328e6b,42,1790763596213
3b9951,36,1790849096213
45e10a,37,1790849096213
080fc9,60,1790763596213
3f22c9,56,1790849096213
15db29,59,1790763596213
cceb97,48,1790849096213
e71eb9,33,1790763596213
ce91a6,26,1790849096213
bc87fc,50,1790849096213
557b11,53,1790849096213
0ea6bc,18,1790849096213
cdd659,46,1790763596213
ba3a7b,45,1790849096213
7bf631,46,1790763596213
2a5802,36,1790849096213
c8b7fa,16,1790849096213
fc28d0,37,1790849096213
4a4d1a,51,1790763596213
1ab4ef,28,1790763596213
b49acc,18,1790763596213
d8403c,26,1790849096213
cf8c40,20,1790763596213
dba817,48,1790764496213
222744,43,1790849096213
58329f,18,1790763596213
28475b,52,1790849096213
f2ba9e,31,1790763596213
9191f3,32,1790849096213
ab49ab,31,1790764496213
fadf50,34,1790764496213
5a52d6,32,1790763596213
dab31f,37,1790763596213
8241db,49,1790764496213
7a6ed0,47,1790849096213
5fe327,44,1790849096213
bc55a8,56,1790764496213
0cf64c,28,1790764496213
15f994,27,1790764496213
b635f7,52,1790764496213
143a46,20,1790763596213
948f3d,16,1790764496213
310031,30,1790763596213
fc8cbb,40,1790764496213
2a741e,58,1790764496213
72ffc4,35,1790764496213
fb8837,60,1790764496213
407434,52,1790763596213
c5367c,34,1790763596213
e0b59f,23,1790763596213
687d83,30,1790764496213
a0b728,21,1790764496213
14d2fe,27,1790849096213
afbe21,15,1790849096213
69ed3e,25,1790763596213
985f20,55,1790849096213
b3847a,48,1790764496213
7f31d4,32,1790849096213
bbc926,41,1790849096213
9dc5c5,45,1790763596213
5ab066,47,1790764496213
d5d9f7,46,1790764496213
46e578,59,1790849096213
aaab2f,56,1790764496213
a3ad07,48,1790763596213
a3f4c8,38,1790849096213
28b4e2,55,1790764496213
082c00,56,1790763596213
ab64de,55,1790764496213
51b799,52,1790763596213
015ea9,19,1790763596213
05ba2d,38,1790764496213
083c3f,18,1790849096213
c73026,53,1790763596213
887e84,33,1790849096213
20a2d4,15,1790764496213
f347e8,48,1790763596213
1d64d7,60,1790849096213
ed4c3e,41,1790763596213
30966f,25,1790849096213
ddb698,37,1790763596213
d0376e,31,1790849096213
e2dd12,35,1790764496213
b17d0d,47,1790764496213
07ab53,53,1790764496213
e4cd87,46,1790764496213
116d1c,45,1790764496213
1660e7,42,1790764496213
bb9eb5,27,1790849096213
a2a580,30,1790763596213
86c33c,47,1790763596213
7e42c7,51,1790764496213
7c1ec5,25,1790849096213
99b318,30,1790764496213
acbf0f,17,1790763596213
246b46,51,1790849096213
fd2fae,24,1790849096213
086d8b,52,1790763596213
38aee7,23,1790764496213
2db921,58,1790763596213
69ca2e,32,1790763596213
163134,19,1790763596213
f53a48,60,1790849096213
8eaa20,39,1790849096213
3788a2,19,1790763596213
7ebd36,24,1790764496213
b3e259,49,1790849096213
654033,37,1790764496213
736f17,37,1790763596213
61393a,42,1790763596213
367ab5,39,1790763596213
1a4ee3,41,1790849096213
fa2b80,47,1790764496213
e96756,54,1790763596213
1514d5,24,1790764496213
119a92,51,1790849096213
5e92ab,60,1790763596213
5f8b9d,53,1790764496213
0e25d8,29,1790764496213
f9a90a,34,1790849096213
2d540a,48,1790764496213
643f6e,52,1790764496213
691415,27,1790849096213
e5d170,50,1790763596213
03547a,58,1790764496213
fabe33,46,1790764496213
67ecb8,29,1790764496213
bf8e1a,52,1790764496213
1f4f5f,27,1790763596213
d55643,57,1790849096213
98b9d3,18,1790764496213
2dbd86,35,1790764496213
e8dfca,54,1790764496213
8be287,51,1790849096213
318350,53,1790849096213
4b5bb8,18,1790763596213
94cfba,49,1790764496213
5f7e6b,39,1790764496213
175a21,15,1790849096213
780d63,35,1790764496213
4a01c9,52,1790763596213
49373b,47,1790849096213
a9fe91,42,1790763596213
a3c29f,53,1790763596213
b952fc,29,1790849096213
068ea4,38,1790849096213
522bfa,43,1790763596213
871625,31,1790763596213
ebe551,15,1790764496213
cfb1ed,31,1790763596213
c51a8d,45,1790849096213
ba460c,28,1790849096213
22142b,18,1790763596213
e62363,38,1790764496213
c52b8a,39,1790849096213
2a08a7,38,1790849096213
907505,30,1790849096213
f08d18,34,1790763596213
3eb149,31,1790849096213
2840e4,44,1790763596213
30db65,47,1790849096213
a60c34,37,1790763596213
1176f1,27,1790763596213
9b37a4,23,1790763596213
76f83b,38,1790849096213
4c0c04,57,1790849096213
6829d8,35,1790849096213
574484,43,1790849096213
2edf35,50,1790763596213
764623,18,1790763596213
dfe4a4,54,1790849096213
8212ca,18,1790764496213
1981b4,30,1790763596213
6a5dfb,52,1790763596213
0a58cb,21,1790764496213
c42051,29,1790849096213
69e5cc,23,1790764496213
5ca707,41,1790763596213
d68fa3,19,1790763596213
29dbc5,19,1790849096213
fc9ea1,38,1790849096213
c3c296,15,1790763596213
5cfd7f,42,1790763596213
1a813c,35,1790764496213
a4b2e9,36,1790849096213
8d3e19,17,1790764496213
3795d9,55,1790764496213
c37137,51,1790849096213
be4a88,17,1790763596213
d7759a,41,1790763596213
ad54cf,17,1790849096213
900cd2,22,1790764496213
760dcc,18,1790849096213
496d46,59,1790849096213
766ffc,53,1790764496213
00d9b7,40,1790849096213
3689eb,57,1790763596213
3c5e47,15,1790849096213
b3de55,34,1790849096213
3ff1b4,48,1790849096213
a6ac6c,24,1790849096213
b60268,58,1790849096213
04ebb1,30,1790763596213
9599c6,50,1790849096213
85ed3d,52,1790763596213
8d7d2a,45,1790849096213
95beee,24,1790763596213
447e3a,15,1790849096213
8ea603,28,1790763596213
5e5f4f,31,1790763596213
aaad32,57,1790849096213
52dcca,19,1790763596213
235939,42,1790764496213
1066ad,57,1790849096213
cf99c5,56,1790849096213
2b4e5d,52,1790764496213
d3e368,20,1790849096213
4b5619,53,1790763596213
06b4f8,43,1790764496213
149fbc,41,1790764496213
65941d,15,1790763596213
dbc13b,47,1790763596213
a1064b,46,1790849096213
470223,37,1790763596213
37bda3,27,1790849096213
fb4c42,57,1790849096213
818687,28,1790764496213
e46969,19,1790764496213
358e72,45,1790763596213
3cb5af,53,1790849096213
c7e3c8,37,1790764496213
14e5aa,35,1790764496213
629ace,27,1790764496213
c96645,26,1790764496213
7aebad,40,1790763596213
664eda,54,1790764496213
2d4ec1,30,1790763596213
400b40,46,1790764496213
d360a6,36,1790764496213
403767,60,1790849096213
26504c,29,1790764496213
c6029a,25,1790764496213
1d2e39,15,1790849096213
4a28e6,57,1790849096213
7585ce,59,1790763596213
9eddd1,57,1790764496213
e8c29a,48,1790849096213
da52d2,16,1790764496213
13cd19,41,1790849096213
0e593c,60,1790849096213
8b3dc2,60,1790764496213
986b03,37,1790849096213
982f2d,33,1790764496213
049c17,15,1790849096213
9630de,42,1790849096213
631e01,20,1790763596213
d32d7d,35,1790763596213
f4a3f2,27,1790764496213
1d2bec,25,1790849096213
bf9bf5,29,1790763596213
ae3cbf,22,1790763596213
00561f,29,1790764496213
6e6a18,59,1790764496213
37388e,52,1790849096213
d4afe3,32,1790764496213
e0b61a,16,1790849096213
b200ab,59,1790764496213
e5eb61,30,1790763596213
6246eb,43,1790764496213
1c8faf,52,1790763596213
4399d0,45,1790763596213
4e29fe,55,1790849096213
c5b399,59,1790849096213
a0881d,27,1790764496213
abccfa,47,1790763596213
19a481,35,1790763596213
b4be0b,38,1790763596213
8642d8,40,1790849096213
450912,18,1790764496213
8d4cae,38,1790763596213
6040e6,23,1790849096213
49dbd3,17,1790763596213
cca49e,48,1790763596213
9e788a,48,1790763596213
983da6,56,1790849096213
dae111,18,1790763596213
817d02,57,1790763596213
c05f6a,18,1790849096213
841b41,31,1790849096213
07a8de,18,1790763596213
d4e1ce,54,1790763596213
2683cb,55,1790849096213
04b90c,36,1790763596213
870460,44,1790764496213
f23753,51,1790764496213
0e025d,58,1790849096213
0da83b,54,1790763596213
c04335,33,1790764496213
11cc03,19,1790763596213
608f6c,41,1790764496213
a8ded5,15,1790763596213
830c7f,40,1790764496213
