ebdaec,25,1790765599096
972fd1,35,1790851099096
8b2209,30,1790766499096
312e07,31,1790765599096
9f7fe7,53,1790765599096
45c376,19,1790766499096
6fa7fe,47,1790851099096
0eaaf4,41,1790766499096
036244,16,1790851099096
98f0e9,45,1790765599096
6cc365,41,1790851099096
19a535,21,1790765599096
877a09,52,1790765599096
d1ab53,55,1790851099096
21ecd0,40,1790766499096
21a8bb,60,1790851099096
f7c6d2,23,1790851099096
37ef06,32,1790765599096
2e4181,15,1790765599096
23c68e,40,1790851099096
512461,57,1790766499096
f6d8df,38,1790851099096
1ee157,49,1790766499096
4acb00,39,1790765599096
5d1691,49,1790765599096
e1fd07,27,1790766499096
632078,30,1790765599096
ab756b,21,1790765599096
1bd2c9,50,1790766499096
71acde,34,1790766499096
634f60,18,1790765599096
384bbc,46,1790766499096
f6a2d6,45,1790851099096
90a60c,27,1790766499096
37f0ae,34,1790851099096
4b6d02,19,1790766499096
b0e532,56,1790765599096
0e3539,37,1790765599096
56ac93,57,1790851099096
bbb265,16,1790851099096
32e016,19,1790765599096
0f056b,19,1790765599096
36f253,27,1790851099096
ec62a5,39,1790766499096
d5da4b,48,1790766499096
07fbc0,60,1790766499096
7ee82f,15,1790766499096
a8d8a0,50,1790851099096
ef34ea,58,1790765599096
5ff155,20,1790851099096
43c987,17,1790851099096
252fc6,19,1790765599096
5dd8e3,42,1790765599096
bcac38,58,1790765599096
244ec9,29,1790851099096
16e31c,32,1790851099096
d5ab8c,22,1790851099096
eee1d9,40,1790765599096
d2878f,59,1790851099096
dd6bbf,23,1790851099096
d99b3f,36,1790766499096
e55145,25,1790765599096
84673b,55,1790766499096
958b0c,17,1790766499096
cdb39b,21,1790765599096
4afb93,18,1790851099096
21891e,59,1790851099096
bea29b,21,1790851099096
178c1c,48,1790851099096
7d8d51,55,1790766499096
94da99,25,1790765599096
28f073,47,1790766499096
cb9758,16,1790765599096
b4659f,34,1790765599096
46804a,44,1790765599096
c5446c,20,1790851099096
084672,45,1790851099096
e66e21,59,1790851099096
0455c6,35,1790765599096
fe6aa6,17,1790766499096
9bc810,51,1790766499096
5c0089,53,1790765599096
fb4d89,25,1790765599096
d9dd14,57,1790851099096
300536,39,1790765599096
942387,17,1790765599096
35018d,24,1790765599096
c95bb2,56,1790766499096
7945a5,57,1790851099096
453a62,29,1790765599096
c6d9de,25,1790765599096
3c05f7,41,1790766499096
9022ea,18,1790765599096
1f6e15,41,1790851099096
f99f68,51,1790766499096
bedc11,45,1790765599096
3cd166,53,1790851099096
e7a09c,16,1790765599096
f59b9e,39,1790765599096
47e70c,21,1790766499096
5c9381,56,1790851099096
3b61f0,41,1790766499096
48627c,28,1790766499096
324245,25,1790851099096
2695d3,41,1790766499096
8525d1,49,1790766499096
3f03eb,34,1790765599096
7a7b62,59,1790851099096
ac4847,33,1790851099096
dcb66f,24,1790766499096
633ff0,24,1790765599096
fe4ff9,29,1790851099096
45c49f,21,1790765599096
f8aa9e,18,1790851099096
96c34d,41,1790766499096
683e38,31,1790766499096
6732d3,56,1790766499096
03d418,46,1790766499096
2515ec,50,1790851099096
400576,52,1790765599096
379e2d,51,1790765599096
0a11aa,30,1790766499096
e68270,19,1790766499096
b830bc,24,1790851099096
8264ab,22,1790851099096
2f8b22,32,1790851099096
483aee,24,1790851099096
820839,38,1790851099096
57a113,47,1790851099096
b6c5ae,55,1790765599096
df4d4e,36,1790851099096
88975d,43,1790766499096
3d6080,30,1790851099096
55222a,18,1790766499096
b2c48f,35,1790851099096
76831e,53,1790766499096
6ede05,58,1790851099096
05f29f,25,1790765599096
f242f1,35,1790765599096
a7aed0,55,1790765599096
ff07e7,39,1790851099096
8f062e,34,1790765599096
490a3f,27,1790765599096
d63b81,33,1790766499096
5a827e,56,1790765599096
a7a6e0,34,1790766499096
0f6819,52,1790851099096
ddfbd7,60,1790766499096
641053,32,1790851099096
b3fb83,46,1790851099096
b7a461,31,1790766499096
7dc8c0,22,1790766499096
071ff0,34,1790851099096
7bcf0d,32,1790765599096
feb32d,25,1790766499096
e9d7c8,29,1790766499096
6b6728,55,1790851099096
a93cc6,45,1790851099096
0e874e,21,1790766499096
62fac9,19,1790765599096
cd62e5,58,1790766499096
0d1232,60,1790851099096
957c7d,20,1790765599096
1b570e,34,1790766499096
f0ec3a,33,1790851099096
0669e0,36,1790766499096
f21f9d,40,1790765599096
a8dfc9,28,1790851099096
7a3649,32,1790851099096
92d871,33,1790766499096
56218a,32,1790766499096
0f5404,45,1790766499096
ae7b57,24,1790851099096
a752dc,39,1790766499096
5611d4,22,1790765599096
30cfa2,27,1790765599096
331eed,51,1790765599096
5f71e3,32,1790766499096
d27d33,21,1790851099096
a4d90b,35,1790765599096
df3a50,44,1790765599096
03b898,32,1790851099096
6c7d7b,15,1790765599096
93add8,26,1790851099096
41dc4d,49,1790765599096
7ace8b,50,1790851099096
fffb70,58,1790765599096
af8631,53,1790766499096
8298a3,20,1790766499096
f810f4,47,1790766499096
a2f75e,60,1790765599096
69bdab,60,1790766499096
54739e,43,1790765599096
7e92f2,16,1790766499096
b39031,22,1790851099096
e04ca7,52,1790765599096
01692f,46,1790766499096
de1093,46,1790766499096
0e3304,33,1790765599096
fe110d,34,1790765599096
bd4dae,31,1790851099096
148ef4,46,1790851099096
1f2f6d,24,1790851099096
a73ccd,58,1790851099096
100e21,18,1790766499096
ab9e7b,41,1790765599096
bdf0d2,20,1790765599096
294d2f,54,1790765599096
20d319,31,1790851099096
603dbc,47,1790851099096
03ae22,47,1790766499096
4cdc28,38,1790765599096
f2eaaa,17,1790851099096
f0244a,20,1790765599096
aa05b7,58,1790766499096
4add11,17,1790851099096
730fd5,26,1790765599096
14440e,47,1790851099096
9cd7b1,18,1790765599096
e1101f,16,1790766499096
88a709,19,1790851099096
526b55,59,1790765599096
d68f03,50,1790765599096
91ff09,44,1790851099096
9d4479,25,1790765599096
161dd6,32,1790851099096
9370e9,26,1790765599096
7961bf,49,1790851099096
686a36,37,1790766499096
a59ec5,25,1790765599096
502ca0,59,1790851099096
62065b,41,1790766499096
fbdaec,46,1790765599096
4c1960,27,1790766499096
143901,18,1790851099096
a03b08,17,1790851099096
e8ba69,52,1790765599096
0fb5c9,25,1790765599096
769a09,29,1790765599096
3315e6,20,1790851099096
14a340,28,1790765599096
41fa73,26,1790766499096
faeabb,17,1790851099096
12b787,52,1790765599096
0c5016,29,1790851099096
0c487c,49,1790765599096
d12339,27,1790766499096
ffff3b,26,1790766499096
2e2c7f,51,1790765599096
09aa14,46,1790765599096
5b70d2,32,1790765599096
cc30c9,44,1790851099096
f271d6,35,1790766499096
912e80,18,1790766499096
dfdda0,58,1790766499096
10b3ac,52,1790766499096
8b184a,33,1790766499096
21a165,22,1790851099096
cddddb,18,1790765599096
85d6c3,25,1790766499096
b1b68f,51,1790851099096
bf7f1c,17,1790766499096
cadf3d,44,1790766499096
332438,25,1790766499096
6b52c6,39,1790851099096
25f5ae,60,1790766499096
d4b5a2,56,1790851099096
22fd59,26,1790851099096
b363d8,56,1790766499096
52939d,31,1790851099096
b577ce,37,1790766499096
ab72dd,16,1790766499096
8c987b,26,1790765599096
b98a87,21,1790851099096
b52156,42,1790766499096
e4ab3a,57,1790851099096
9b0b75,33,1790766499096
b84d08,36,1790851099096
016256,60,1790765599096
a37dbd,29,1790851099096
d3b053,49,1790766499096
10b5fe,37,1790851099096
1dcbbf,17,1790765599096
dc9d23,23,1790765599096
e80506,60,1790765599096
6586fc,50,1790851099096
a2fcae,41,1790766499096
e739ee,38,1790765599096
007131,59,1790851099096
389e71,20,1790851099096
22cd81,57,1790766499096
0ce0c6,58,1790765599096
e11b0e,59,1790766499096
e8c1a3,18,1790765599096
87cf8b,47,1790851099096
e01d72,29,1790765599096
75a5c3,33,1790766499096
df2568,18,1790765599096
70a1a4,45,1790851099096
a1436e,20,1790851099096
a116e8,21,1790766499096
e57703,39,1790851099096
102c7b,21,1790765599096
2c500c,29,1790851099096
9e1cab,17,1790766499096
b454a7,55,1790765599096
0a33b1,49,1790765599096
28ee97,39,1790851099096
68148b,52,1790851099096
038ce0,21,1790765599096
34bef7,44,1790765599096
63a68e,60,1790765599096
e5507e,50,1790851099096
628958,23,1790851099096
07c2cf,53,1790766499096
77cc4f,23,1790851099096
c9f16b,30,1790766499096
d0296e,18,1790766499096
1ee129,36,1790766499096
5fa115,56,1790765599096
713f4f,53,1790766499096
2fec34,47,1790766499096
3fea24,36,1790766499096
199b0f,18,1790765599096
187052,44,1790851099096
101643,43,1790765599096
ec8ba0,44,1790765599096
0d7d1d,28,1790851099096
faf765,25,1790765599096
5669a2,55,1790765599096
abdd82,47,1790765599096
5cb340,44,1790765599096
54d5da,51,1790766499096
3ff228,22,1790766499096
993a67,51,1790766499096
623f14,23,1790851099096
5f2fd7,17,1790765599096
06d947,42,1790851099096
7272a1,33,1790766499096
d0f57a,45,1790851099096
ccb0a8,39,1790765599096
bc1be6,54,1790765599096
b8a82b,27,1790765599096
03b828,20,1790766499096
c1cc70,24,1790766499096
84d7c7,42,1790851099096
c2ea91,29,1790851099096
eed770,54,1790765599096
d45a99,28,1790851099096
55d5a9,33,1790851099096
28f39f,55,1790765599096
44cfea,16,1790766499096
1364f0,59,1790851099096
671ea6,41,1790766499096
083c96,19,1790765599096
fce8ee,21,1790765599096
2bd875,24,1790766499096
aaa295,26,1790765599096
ea9d92,20,1790765599096
21db9c,40,1790851099096
7fbc9b,23,1790851099096
965f41,56,1790765599096
638850,60,1790766499096
cd0956,25,1790766499096
c4b329,54,1790765599096
3b0799,17,1790766499096
089183,19,1790766499096
f56b67,24,1790851099096
04d826,22,1790766499096
34b2ac,50,1790851099096
9d82d9,26,1790766499096
e94183,23,1790851099096
56188b,49,1790851099096
f19dd1,51,1790851099096
8d9e6d,46,1790851099096
21efa6,36,1790766499096
456cda,52,1790765599096
abdf70,20,1790765599096
750693,30,1790766499096
20fea5,16,1790766499096
ac890e,34,1790765599096
8ff774,42,1790765599096
09ef99,29,1790851099096
20b4be,43,1790766499096
966a8e,49,1790765599096
3b8f37,36,1790851099096
bd0f44,54,1790851099096
9f1230,15,1790851099096
039985,29,1790765599096
b58e47,44,1790851099096
0555df,24,1790765599096
2e214f,32,1790765599096
c41ff8,50,1790851099096
a8ae5e,53,1790765599096
d35b37,17,1790765599096
04978b,53,1790766499096
d2a9ef,48,1790851099096
605690,30,1790851099096
ed94ec,17,1790766499096
2df528,28,1790851099096
1fd6a6,35,1790765599096
987a75,35,1790766499096
d9cbd1,27,1790766499096
adc568,40,1790765599096
3b0d29,31,1790851099096
201393,47,1790851099096
1bd6de,38,1790766499096
7759a3,42,1790851099096
6507a0,22,1790851099096
89f946,27,1790766499096
9080d0,24,1790766499096
d40da6,28,1790765599096
6da918,28,1790765599096
1fa2fb,46,1790766499096
9ab0ff,26,1790851099096
b13780,39,1790766499096
b149cc,59,1790765599096
555f18,25,1790765599096
f7588d,26,1790851099096
2c2d2f,20,1790765599096
0ee21e,59,1790765599096
a531bf,36,1790765599096
44a551,58,1790766499096
6b9fd7,35,1790765599096
78906f,50,1790765599096
e49dda,21,1790766499096
24699e,24,1790851099096
520ebd,57,1790851099096
b7bea2,32,1790765599096
975f63,32,1790765599096
279b6f,29,1790851099096
55a818,38,1790851099096
3b0bf3,51,1790765599096
da1225,26,1790851099096
ed1880,33,1790766499096
e3380d,28,1790765599096
1ac1e0,36,1790765599096
0bc15c,36,1790765599096
bb6a2d,57,1790766499096
ddd2ba,20,1790851099096
83e6de,50,1790765599096
8764be,36,1790851099096
819beb,42,1790851099096
e652d9,55,1790851099096
804702,59,1790766499096
9e80e1,37,1790851099096
47c068,56,1790766499096
73ceee,60,1790766499096
0e2c68,48,1790766499096
b9e908,50,1790765599096
c5d2d9,32,1790765599096
a8d9dd,16,1790766499096
79c849,59,1790851099096
38fc1d,56,1790765599096
5e3f42,23,1790765599096
219380,59,1790766499096
9f9c0e,15,1790766499096
2ac520,32,1790766499096
a3a36b,37,1790851099096
3e0d0f,40,1790851099096
dc6123,40,1790851099096
c74c75,37,1790765599096
6135be,15,1790765599096
28b741,29,1790851099096
de4c51,47,1790766499096
16acca,52,1790765599096
ca90b4,29,1790766499096
399b1d,39,1790765599096
e1b553,20,1790766499096
76838d,28,1790766499096
238f65,27,1790765599096
19e543,53,1790765599096
1861c4,22,1790851099096
c9718d,24,1790765599096
bf49cb,55,1790766499096
12e102,19,1790765599096
be758b,33,1790765599096
9dde77,48,1790851099096
81a208,19,1790765599096
9303f4,23,1790766499096
577979,38,1790765599096
9517db,31,1790851099096
e1e164,34,1790851099096
8a2b21,43,1790851099096
ae6f65,33,1790765599096
69bdda,58,1790851099096
e1adc3,30,1790766499096
055fd3,38,1790766499096
9ce39b,27,1790766499096
f0aee2,38,1790766499096
de1177,34,1790851099096
9f309c,48,1790851099096
31c6f0,17,1790766499096
35bcc2,40,1790765599096
8d11d6,55,1790851099096
e5499f,44,1790765599096
1054a9,24,1790766499096
a615db,34,1790765599096
6f0445,45,1790765599096
719301,37,1790851099096
7fba5e,21,1790766499096
5cdad0,35,1790765599096
14da72,57,1790851099096
183827,60,1790851099096
336471,39,1790851099096
09e5c0,20,1790765599096
67ab90,32,1790851099096
6caea0,25,1790766499096
8aab59,34,1790851099096
047d3e,33,1790766499096
b7b8c6,53,1790766499096
cf2a6a,40,1790765599096
b40be6,15,1790765599096
5182ec,59,1790766499096
d189db,57,1790765599096
9dcdcf,45,1790766499096
573e6e,60,1790765599096
e625d7,57,1790851099096
fc9100,33,1790851099096
027528,52,1790765599096
e6e982,36,1790766499096
78b443,41,1790851099096
f7bbb5,27,1790851099096
7fedb8,54,1790765599096
f2939d,26,1790766499096
f47e96,26,1790765599096
481a33,15,1790851099096
c1ea2b,34,1790765599096
634997,18,1790766499096
6b8cba,22,1790766499096
679e92,46,1790851099096
0f2116,23,1790851099096
e03c77,56,1790766499096
070c3b,59,1790851099096
b87e02,50,1790765599096
dd9bfc,43,1790851099096
4a8349,40,1790765599096
b79358,47,1790766499096
0bb490,55,1790766499096
002750,35,1790766499096
06f819,59,1790766499096
54ebd3,37,1790851099096
29e179,59,1790765599096
8b0702,60,1790851099096
a4f78a,34,1790766499096
13b109,60,1790765599096
3b6144,44,1790766499096
b3e1d8,43,1790851099096
198147,46,1790765599096
f17a7d,23,1790765599096
acf141,35,1790765599096
d04d83,50,1790766499096
41d5c0,35,1790765599096
59976a,50,1790766499096
894751,28,1790851099096
ccc033,48,1790851099096
c9e7a0,29,1790851099096
cf6e66,17,1790765599096
10ea93,27,1790766499096
17cc2e,33,1790766499096
f4b27c,25,1790851099096
8b1726,19,1790851099096
ee4726,40,1790765599096
a114ce,19,1790765599096
43c3f8,16,1790766499096
9d594f,58,1790765599096
00dbc3,35,1790851099096
e9cd45,39,1790766499096
744719,33,1790851099096
9a8cfa,38,1790766499096
de8030,19,1790765599096
1e76b9,36,1790766499096
654dcd,39,1790766499096
4cd2fc,19,1790851099096
fed353,58,1790766499096
92d274,43,1790766499096
fb1ba0,56,1790851099096
47b898,19,1790851099096
232069,22,1790766499096
968950,60,1790851099096
692906,40,1790765599096
f3ccad,28,1790851099096
f05cce,28,1790766499096
ce7a61,25,1790765599096
867433,37,1790851099096
be726e,54,1790765599096
be0ad8,33,1790851099096
acc3b1,51,1790765599096
7bbd2a,44,1790851099096
d47865,30,1790851099096
e6f9b8,41,1790765599096
2f3de8,29,1790851099096
8a2084,45,1790851099096
dbe0ae,47,1790851099096
7d541d,27,1790765599096
3aeea2,54,1790766499096
5fb8f8,17,1790851099096
2dc008,20,1790765599096
3ed136,15,1790766499096
54ca67,47,1790766499096
db3216,51,1790851099096
ba3e1a,32,1790766499096
0fcb7a,36,1790851099096
5720a7,49,1790766499096
89796c,32,1790765599096
ff9077,56,1790851099096
5dd344,24,1790765599096
bd73d3,36,1790851099096
f1a6cf,50,1790851099096
b58716,46,1790765599096
179c8a,36,1790851099096
be1bd9,43,1790766499096
5e9b87,20,1790766499096
268006,47,1790765599096
8cd76f,16,1790766499096
51d9f4,32,1790851099096
a450b5,15,1790765599096
ce95b7,15,1790851099096
a9c876,17,1790766499096
7d41ce,46,1790765599096
c3f1d5,33,1790765599096
ae6aa5,47,1790851099096
1e9c29,49,1790766499096
259430,42,1790766499096
dd2cf7,48,1790766499096
386075,46,1790766499096
8b9ce1,38,1790765599096
1693f4,22,1790765599096
8dae5e,40,1790765599096
fc847a,35,1790766499096
7443bd,34,1790851099096
7e261e,20,1790851099096
36f4a0,23,1790765599096
7af105,31,1790766499096
5be3e4,32,1790851099096
46ad0e,48,1790766499096
4247ae,34,1790766499096
745b73,22,1790766499096
b12362,55,1790851099096
c473a6,50,1790765599096
d2839c,35,1790766499096
fc9246,22,1790765599096
f2fc5e,17,1790765599096
d523e3,29,1790851099096
c98773,18,1790765599096
6e5991,36,1790765599096
74c21a,31,1790765599096
96a846,27,1790766499096
3a1800,34,1790851099096
69b21e,56,1790765599096
097598,42,1790766499096
d805ac,59,1790851099096
165fdc,34,1790851099096
484887,26,1790765599096
bc3cb2,51,1790851099096
cd6c98,42,1790765599096
81ea3e,30,1790765599096
cfad93,19,1790766499096
834d2e,36,1790766499096
c83948,48,1790765599096
9abc66,58,1790851099096
3f57e3,22,1790851099096
0c6925,33,1790766499096
2d35ab,17,1790766499096
c68199,51,1790851099096
ab72b6,50,1790766499096
f932eb,18,1790766499096
fd4982,36,1790765599096
b2677c,33,1790765599096
c79232,19,1790766499096
841f16,60,1790765599096
5f755e,23,1790765599096
341710,31,1790851099096
f31811,18,1790765599096
128acb,60,1790765599096
372706,25,1790851099096
c05419,32,1790766499096
ee0cb8,19,1790766499096
896340,35,1790851099096
523932,18,1790765599096
824795,55,1790851099096
6568ce,35,1790766499096
cecb88,36,1790765599096
e39caa,22,1790766499096
c80199,44,1790766499096
6da3c5,21,1790765599096
3aa1c1,44,1790851099096
4c8939,58,1790851099096
7d457d,29,1790766499096
12d76b,32,1790851099096
cf3def,37,1790766499096
dff1e7,45,1790851099096
ed3202,50,1790765599096
03e2ce,34,1790765599096
0448c7,15,1790766499096
a6be7f,54,1790766499096
11a984,44,1790766499096
4476fc,32,1790766499096
e3c1d3,26,1790766499096
560103,52,1790765599096
e9d133,32,1790851099096
8cda36,36,1790766499096
9bdf23,36,1790765599096
0719d5,22,1790851099096
cccf4d,30,1790851099096
b2a652,19,1790851099096
130597,41,1790766499096
9b2cb3,60,1790765599096
98d8ab,30,1790851099096
ec4ad5,30,1790851099096
8f9e02,37,1790765599096
9b7a99,30,1790766499096
0c166b,46,1790765599096
dbaa8b,20,1790851099096
f4bd53,20,1790851099096
36e383,18,1790851099096
d012cc,15,1790766499096
651acd,49,1790766499096
8d8247,44,1790765599096
1c9de5,19,1790851099096
ee9ee1,26,1790851099096
18aa4b,59,1790765599096
f67b18,22,1790766499096
80266b,42,1790765599096
f9cb37,35,1790766499096
b23a8c,44,1790765599096
cdb2c6,22,1790765599096
3319e1,23,1790766499096
16b510,18,1790766499096
047eb9,24,1790851099096
d5054e,22,1790851099096
d81b40,26,1790765599096
4f15b4,28,1790851099096
713ac1,51,1790851099096
99d5f2,58,1790851099096
cc0e1d,40,1790765599096
e678fe,34,1790766499096
133367,30,1790765599096
e01a50,46,1790766499096
499f09,44,1790765599096
eaf2bd,20,1790765599096
1347de,25,1790765599096
201591,50,1790765599096
3c90a5,39,1790765599096
736da3,57,1790851099096
26bd56,27,1790851099096
0dc00c,59,1790765599096
7220ba,38,1790851099096
3a5638,60,1790851099096
3b237d,29,1790765599096
cc8a02,22,1790851099096
0fbdf0,22,1790765599096
87fa34,24,1790851099096
34f1ff,59,1790765599096
28ef74,21,1790766499096
ebdb2a,44,1790851099096
44d04e,37,1790765599096
06f5b2,22,1790766499096
7d2809,24,1790765599096
fd38cb,54,1790765599096
ea3abb,19,1790851099096
f186e9,18,1790851099096
6d97dc,51,1790766499096
58417d,50,1790765599096
db0774,47,1790766499096
6c2cfc,46,1790851099096
4226dc,16,1790766499096
996e31,46,1790851099096
29dc07,51,1790851099096
b36ad8,45,1790766499096
9781f2,46,1790765599096
c9fbc1,27,1790766499096
2f6f93,53,1790766499096
eb5123,60,1790765599096
8a6fda,56,1790765599096
275ca0,41,1790766499096
9199ce,15,1790851099096
f3f0f8,37,1790765599096
bf2c2a,27,1790766499096
3e927f,59,1790766499096
4ca692,25,1790766499096
48e256,44,1790766499096
21f7cd,26,1790851099096
125690,19,1790766499096
5d1cbf,41,1790851099096
1b9b3b,26,1790851099096
355ac4,41,1790765599096
7bfb8d,49,1790766499096
8abcde,35,1790851099096
56d4b6,29,1790766499096
8aa220,28,1790851099096
8940bf,49,1790851099096
745ebe,60,1790765599096
02e46c,16,1790765599096
85cfd8,55,1790765599096
209d80,54,1790765599096
6e02b7,60,1790766499096
51422f,52,1790765599096
039b68,52,1790765599096
e95cb5,35,1790766499096
fb4c12,56,1790765599096
2b1f78,30,1790851099096
6aa27c,53,1790851099096
b88155,38,1790851099096
a7b6c7,42,1790765599096
2b3f54,17,1790765599096
8876a0,47,1790765599096
4aefdc,45,1790766499096
f7e70b,35,1790765599096
925ef4,52,1790765599096
4e0ff3,33,1790851099096
aa97dd,47,1790765599096
660e70,21,1790765599096
6d6d97,52,1790766499096
5022cc,33,1790765599096
461748,24,1790766499096
72c3d6,46,1790765599096
c11df8,15,1790766499096
d40af9,47,1790851099096
85cf0b,50,1790766499096
7bd83e,38,1790851099096
6c0154,42,1790851099096
d4611f,30,1790765599096
224b35,28,1790851099096
1540c7,58,1790766499096
fe6fc7,24,1790851099096
53608a,25,1790851099096
136138,58,1790765599096
812b0e,27,1790851099096
db30ab,56,1790766499096
768391,39,1790766499096
0d08f1,19,1790851099096
95fbb8,40,1790851099096
fd4372,27,1790851099096
50bba0,16,1790851099096
0ca7fe,34,1790851099096
1fcbde,27,1790851099096
9b3ad4,22,1790765599096
e4dcf2,20,1790851099096
7e81ab,21,1790766499096
298d3d,58,1790851099096
0c210b,34,1790851099096
d0512c,30,1790765599096
d92f83,42,1790766499096
e7e076,42,1790765599096
b1fc86,15,1790765599096
8afb4d,35,1790766499096
dd552d,16,1790766499096
72baa4,44,1790851099096
537f99,53,1790766499096
851ebb,47,1790765599096
ca63ee,33,1790851099096
c2f28e,40,1790851099096
249f77,36,1790765599096
42d2cb,59,1790766499096
a6b100,19,1790851099096
60dd39,47,1790765599096
75a605,53,1790851099096
c1717b,40,1790765599096
44c9f7,17,1790765599096
1c12b1,17,1790851099096
fbb33b,57,1790765599096
825af1,39,1790766499096
d9d90c,51,1790766499096
44210f,39,1790851099096
675f7a,28,1790766499096
af269d,20,1790766499096
12334f,44,1790851099096
c9e1a2,38,1790765599096
5344f4,24,1790851099096
46a98d,52,1790765599096
92a4c1,43,1790851099096
df7643,21,1790851099096
e741c4,38,1790765599096
8bf3c2,38,1790766499096
5b396f,55,1790765599096
d85e65,21,1790766499096
d69e0b,49,1790851099096
682105,30,1790766499096
758df7,48,1790766499096
d3b55a,48,1790766499096
0600c6,34,1790765599096
c8249d,15,1790766499096
0e6c76,57,1790765599096
7632ec,51,1790766499096
0913e3,22,1790766499096
cdf95e,48,1790765599096
a7a6bc,46,1790851099096
244e17,21,1790766499096
a49da1,38,1790765599096
1dd9a5,24,1790851099096
b7eee5,26,1790766499096
3019df,34,1790765599096
53d2d4,43,1790851099096
c3fc37,25,1790851099096
2ce812,54,1790765599096
924d08,54,1790766499096
757633,25,1790766499096
d69669,41,1790765599096
d6306b,55,1790851099096
e508fe,16,1790851099096
99e3d9,60,1790765599096
43c757,16,1790851099096
9490ba,27,1790851099096
fc9efd,44,1790766499096
757782,38,1790851099096
c25482,27,1790765599096
80fdd6,37,1790851099096
525517,38,1790765599096
1aab82,34,1790765599096
3364fe,28,1790766499096
22391f,34,1790851099096
711d96,41,1790765599096
e0dfc6,52,1790851099096
1af28b,53,1790766499096
8b8776,49,1790765599096
f301d1,56,1790765599096
8e3ba2,24,1790766499096
5fff50,46,1790766499096
c58433,34,1790765599096
e0cb2e,19,1790765599096
1b4b99,47,1790851099096
139dc4,54,1790766499096
8d8c03,54,1790765599096
39d5ff,43,1790851099096
e149a2,23,1790766499096
8356b4,39,1790851099096
d7cfcb,20,1790765599096
9efdf5,15,1790765599096
b5c954,54,1790765599096
8faa37,51,1790765599096
b964bc,50,1790765599096
9104d5,35,1790851099096
d87754,46,1790765599096
251503,39,1790766499096
2359eb,31,1790766499096
f9db21,36,1790851099096
b7f5a8,19,1790851099096
27d133,56,1790851099096
5b2e47,32,1790851099096
5bad75,48,1790765599096
895ab0,15,1790765599096
4ec056,33,1790851099096
b39450,19,1790851099096
fba337,18,1790765599096
925d47,39,1790851099096
5e497f,30,1790851099096
9a8360,49,1790851099096
9f454c,53,1790766499096
acbac5,50,1790851099096
b00b9d,25,1790851099096
e37386,48,1790765599096
578986,24,1790766499096
e0390a,40,1790766499096
f48a3c,49,1790851099096
1024be,43,1790765599096
0cc8ea,16,1790766499096
0958d0,56,1790765599096
7f21ad,40,1790765599096
665dbf,31,1790851099096
d46f14,29,1790765599096
d8f45a,53,1790851099096
ab0b05,55,1790765599096
921eaa,20,1790851099096
70a7f2,18,1790765599096
f3740e,16,1790851099096
358689,44,1790851099096
79b4a8,29,1790765599096
2a751b,20,1790766499096
dc2d78,28,1790851099096
9ffbcd,26,1790851099096
f2e820,55,1790765599096
a50a75,23,1790766499096
930c30,49,1790765599096
3c48cd,19,1790851099096
1f1bbc,36,1790766499096
e2281f,53,1790765599096
b89391,27,1790766499096
6e594b,17,1790765599096
698f0d,56,1790766499096
461b57,47,1790765599096
2e5b67,57,1790851099096
abcc45,33,1790766499096
7bffe7,42,1790765599096
3026e5,33,1790851099096
24e73c,45,1790766499096
8b71a2,37,1790766499096
5f2e64,15,1790765599096
4e8c3a,30,1790765599096
8f5b6c,56,1790766499096
534618,32,1790766499096
823764,24,1790766499096
37f24a,17,1790765599096
e9a069,31,1790765599096
01ecae,57,1790851099096
13b74b,26,1790766499096
25a4d5,22,1790851099096
de7b93,38,1790765599096
1d3eee,46,1790766499096
cf1f82,53,1790851099096
d4bec2,28,1790851099096
95d7bf,15,1790765599096
a127bf,41,1790766499096
ce6dd9,41,1790765599096
e56eef,33,1790851099096
315e29,58,1790766499096
c769eb,48,1790765599096
d2bddf,40,1790765599096
87bf29,51,1790765599096
a46fbc,26,1790851099096
f7f4ca,44,1790765599096
e68315,28,1790851099096
f69deb,46,1790765599096
ff8822,28,1790851099096
329a07,37,1790851099096
7273da,22,1790766499096
8e01fe,53,1790766499096
a7f007,50,1790765599096
70c006,44,1790766499096
326739,48,1790766499096
883858,34,1790851099096
129254,35,1790765599096
89a6d8,53,1790765599096
1451d7,40,1790765599096
0b04bc,50,1790851099096
3a857f,38,1790851099096
668c82,31,1790765599096
d272c6,16,1790851099096
e350bf,23,1790851099096
1a24b1,37,1790851099096
51711c,22,1790851099096
a2a721,32,1790766499096
c32d02,40,1790766499096
e068b6,35,1790851099096
e3049f,28,1790765599096
b08b8d,50,1790765599096
ad14c1,30,1790851099096
7897e0,37,1790765599096
57c1be,25,1790766499096
e4d2bb,60,1790765599096
01b997,16,1790851099096
2bc3d8,50,1790765599096
f96936,35,1790765599096
1f5875,40,1790765599096
9a85b9,44,1790851099096
9b35ae,49,1790766499096
ddc76a,50,1790766499096
6d2c0d,46,1790851099096
6ab2e7,59,1790766499096
5e66e3,24,1790851099096
1988d7,42,1790851099096
ac3d47,19,1790766499096
478525,60,1790851099096
aaea1b,21,1790766499096
319b6e,51,1790766499096
a945dd,46,1790766499096
6012e3,19,1790851099096
9360af,34,1790766499096
b2c674,49,1790765599096
ba05a7,59,1790765599096
64a2a1,21,1790766499096
090360,18,1790851099096
557751,21,1790851099096
0a5eca,38,1790766499096
9c1ec3,55,1790766499096
288362,48,1790765599096
472519,46,1790851099096
1a9f23,28,1790765599096
7176cd,48,1790765599096
476a60,39,1790765599096
d2ee87,49,1790765599096
aacb7d,45,1790766499096
502b3a,32,1790851099096
8fa45d,41,1790851099096
d92bf4,42,1790765599096
4895f9,19,1790766499096
fd7e05,35,1790766499096
a54dab,47,1790766499096
0637ae,59,1790766499096
4248a6,27,1790765599096
f8f2d3,24,1790766499096
a7166c,15,1790851099096
68becf,20,1790766499096
0dde69,30,1790766499096
8de45d,21,1790766499096
3b59d7,41,1790765599096
7f7883,24,1790766499096
4a0fd6,51,1790766499096
577dff,36,1790851099096
b98bda,52,1790765599096
4a09c2,25,1790766499096
e1d610,44,1790765599096
a5ff84,20,1790765599096
a73d96,24,1790765599096
bd3037,56,1790851099096
6912ab,24,1790851099096
0237b2,52,1790765599096
79356e,59,1790766499096
968285,27,1790851099096
7f0dcf,25,1790766499096
5a71c2,34,1790765599096
89675a,20,1790851099096
d90432,20,1790851099096
342525,19,1790766499096
12c048,36,1790766499096
b47d1a,53,1790765599096
9414ca,23,1790766499096
4618a1,48,1790851099096
79929c,46,1790766499096
e019a4,43,1790765599096
e73141,43,1790765599096
bca320,27,1790765599096
47dd2c,18,1790765599096
40c9f8,35,1790766499096
c5fef2,55,1790851099096
7ab7a3,28,1790765599096
86024b,55,1790851099096
af24bf,41,1790851099096
fa9510,23,1790766499096
897916,42,1790851099096
99f77d,49,1790765599096
17ad12,23,1790851099096
611049,22,1790851099096
4165a9,23,1790765599096
a308dc,55,1790765599096
393d7b,24,1790766499096
48fe91,58,1790851099096
9a9c74,41,1790766499096
76e216,34,1790765599096
ad205c,50,1790765599096
c6bb1f,36,1790851099096
4d2285,53,1790766499096
1adb8d,15,1790851099096
f58e08,30,1790765599096
abd7a0,31,1790765599096
54293b,26,1790765599096
4e6add,18,1790765599096
38127e,20,1790766499096
cfb9e1,25,1790766499096
92e107,28,1790851099096
dee4ca,15,1790765599096
f17a72,36,1790851099096
d843af,33,1790851099096
1cdf2c,41,1790765599096
e62c3b,40,1790766499096
225643,57,1790851099096
17d366,33,1790766499096
2f5340,15,1790851099096
8bbabd,26,1790851099096
68b3a0,24,1790851099096
11e48a,53,1790766499096
0fc133,53,1790851099096
f8ee89,27,1790765599096
491b05,20,1790765599096
409b20,60,1790765599096
350584,22,1790851099096
7619e1,26,1790851099096
f4ebf7,58,1790851099096
814e28,18,1790851099096
be3b7a,58,1790765599096
8245a9,59,1790765599096
8619fa,59,1790765599096
14a64c,15,1790766499096
969a01,55,1790851099096
af8b9e,58,1790851099096
227b67,23,1790765599096
d9bee6,30,1790765599096
ebb216,47,1790851099096
a98b55,40,1790766499096
e623a0,23,1790765599096
dc1566,28,1790766499096
720f9f,46,1790766499096
444a1a,52,1790765599096
4fc538,15,1790851099096
438225,56,1790851099096
554d5e,23,1790851099096
4927b9,34,1790851099096
cac945,31,1790765599096
abd08a,36,1790765599096
81443a,40,1790766499096
7a5787,37,1790765599096
427ac0,37,1790851099096
b4a502,52,1790851099096
bb63cf,21,1790851099096
ceb88d,50,1790766499096
ce96f4,37,1790766499096
ab25af,58,1790765599096
69276b,25,1790765599096
a320a2,56,1790766499096
75f0c2,59,1790765599096
20379b,19,1790765599096
4e14f0,46,1790851099096
5e9eec,43,1790766499096
ea55f7,57,1790851099096
a7a455,50,1790765599096
e58081,44,1790851099096
acae0f,53,1790766499096
257477,15,1790851099096
9636bf,38,1790766499096
55aa2f,44,1790851099096
2a0206,36,1790765599096
9ffd24,20,1790765599096
91c037,40,1790766499096
446d90,17,1790851099096
d230e6,49,1790766499096
4cb6aa,23,1790851099096
fade0a,54,1790851099096
a0be1d,45,1790765599096
5d8618,57,1790765599096
ba837b,57,1790766499096
9ca29f,53,1790766499096
115c1b,36,1790851099096
f81b10,35,1790766499096
ef4ac5,26,1790851099096
a227fc,58,1790765599096
bfe6c7,32,1790765599096
6af030,15,1790766499096
6c8e42,53,1790766499096
f3bf0f,58,1790766499096
5f3919,52,1790765599096
a97d90,30,1790851099096
8792c7,27,1790851099096
e08314,39,1790765599096
28fc0f,51,1790766499096
54ec2e,28,1790765599096
369cd6,57,1790766499096
768f97,59,1790766499096
7aed78,42,1790851099096
3a2e54,44,1790766499096
2a2f19,60,1790851099096
36fd3e,44,1790851099096
0147e0,21,1790765599096
9db07f,46,1790765599096
f7207e,16,1790766499096
3c7441,43,1790765599096
30f731,21,1790765599096
d33faf,36,1790766499096
7077f3,17,1790765599096
709468,43,1790851099096
31356f,53,1790851099096
70d815,16,1790766499096
41f2b8,60,1790766499096
20fabf,17,1790851099096
94921b,38,1790851099096
efb2e4,54,1790766499096
b1e1ee,32,1790766499096
31d8b6,33,1790766499096
93e34b,39,1790765599096
d75ad1,37,1790766499096
0b95f4,52,1790765599096
0f2fca,46,1790851099096
725c10,36,1790766499096
4ee7ec,33,1790766499096
010943,20,1790766499096
46e38c,45,1790851099096
a2fff1,31,1790851099096
328cdf,47,1790765599096
5a4b46,40,1790766499096
8e144a,60,1790766499096
9fa845,40,1790765599096
8a9518,28,1790851099096
55fed0,20,1790851099096
2fd0a2,17,1790765599096
fe31fa,28,1790766499096
da90c3,50,1790765599096
ba9bba,35,1790766499096
a9b92d,59,1790765599096
2f052f,28,1790766499096
1251b9,18,1790765599096
849e95,33,1790766499096
a798ca,55,1790765599096
787aa8,36,1790766499096
acf381,30,1790765599096
66c9f8,37,1790851099096
2ad2ed,46,1790765599096
135c67,53,1790766499096
a1b082,39,1790851099096
cf99ee,30,1790851099096
9b8996,29,1790851099096
1bfcdd,52,1790765599096
c249a9,60,1790851099096
dc756b,21,1790851099096
aa4914,19,1790851099096
3f5da6,25,1790766499096
a5f005,30,1790851099096
518586,24,1790765599096
d57f23,15,1790766499096
10606b,50,1790765599096
4b797e,48,1790851099096
01fc03,28,1790765599096
4dddfb,16,1790765599096
f1078a,60,1790766499096
7ab28f,24,1790765599096
f538d4,19,1790851099096
b5a380,26,1790766499096
68ad1a,26,1790766499096
1bfc9f,38,1790765599096
681f87,22,1790766499096
92c505,19,1790766499096
dd06ca,18,1790766499096
50794d,48,1790765599096
996a85,49,1790851099096
07e519,51,1790766499096
cfd42d,24,1790766499096
48bb6e,36,1790765599096
108d73,48,1790766499096
c802fb,19,1790851099096
845e5d,30,1790765599096
253f4a,36,1790765599096
7b8da8,36,1790766499096
8038d4,59,1790766499096
4c19ce,16,1790851099096
61509f,60,1790765599096
104e4f,40,1790851099096
4a8419,42,1790766499096
cf937f,18,1790765599096
dab233,19,1790765599096
50a03e,56,1790766499096
fa4ad0,16,1790851099096
7485b6,17,1790765599096
f291d3,31,1790851099096
c574f0,60,1790765599096
a8e36e,29,1790851099096
73c879,43,1790766499096
730fed,57,1790851099096
d247d0,41,1790851099096
773bdd,52,1790766499096
342aa0,51,1790765599096
d3a3df,25,1790851099096
3839fc,45,1790765599096
cff2ce,53,1790765599096
3598dd,60,1790765599096
0fcbc3,34,1790765599096
c5be84,59,1790851099096
8da4e8,19,1790766499096
4dbf83,45,1790765599096
ce51d6,40,1790766499096
bdd815,44,1790851099096
46b893,26,1790766499096
b963a3,58,1790765599096
6f7957,59,1790765599096
63e165,37,1790765599096
436643,60,1790851099096
567d7d,60,1790766499096
6fab21,16,1790765599096
c88d0a,42,1790765599096
0ebe61,30,1790851099096
83375a,28,1790766499096
db1be1,17,1790766499096
924cd6,42,1790765599096
cc482e,51,1790766499096
c00457,39,1790766499096
1406a2,16,1790766499096
7eacef,28,1790851099096
8dd590,42,1790765599096
0d2c57,37,1790765599096
1bd1d7,53,1790851099096
a602df,38,1790851099096
671c05,47,1790766499096
d728e6,52,1790851099096
2c5c38,22,1790766499096
0d73f5,51,1790851099096
527cff,49,1790765599096
a91f8c,39,1790851099096
9c8eb5,24,1790851099096
5eec54,34,1790765599096
87bdf5,17,1790851099096
4f6218,27,1790765599096
f5b6c2,53,1790851099096
83bc0b,44,1790766499096
b523e0,33,1790851099096
b10099,55,1790766499096
4145d7,59,1790765599096
df5819,32,1790766499096
5a1677,49,1790851099096
b83a4d,29,1790851099096
87465f,29,1790765599096
3e7ded,31,1790766499096
119e88,24,1790766499096
84f549,48,1790766499096
13e590,18,1790851099096
34e901,33,1790851099096
986ae9,59,1790851099096
762cc1,56,1790765599096
4bc478,46,1790765599096
dd9aac,56,1790851099096
2a6ade,50,1790851099096
82341b,34,1790851099096
ce7c52,16,1790765599096
6aa5bd,16,1790851099096
328924,57,1790765599096
7fc4b2,56,1790765599096
433639,58,1790766499096
f81d1f,60,1790765599096
b6e9cd,60,1790851099096
cc2ce4,32,1790851099096
3359d3,15,1790765599096
16ac73,16,1790766499096
844636,41,1790765599096
308226,31,1790851099096
f03d46,17,1790765599096
64de0d,28,1790766499096
73ef09,54,1790851099096
86e0a2,33,1790851099096
c90be1,41,1790765599096
35d224,43,1790765599096
b60313,27,1790765599096
8ee88e,19,1790851099096
211210,44,1790766499096
cca6ad,55,1790765599096
8ffafd,50,1790766499096
cfaaa3,18,1790766499096
565246,54,1790766499096
caa301,38,1790766499096
7766a0,58,1790765599096
0c67a0,46,1790765599096
bbba17,47,1790765599096
6b97d3,15,1790851099096
7cac94,30,1790765599096
42c1de,54,1790765599096
802aca,35,1790765599096
ab1c81,51,1790765599096
b5878c,52,1790851099096
7d5a03,38,1790851099096
7c6328,57,1790766499096
64e04e,39,1790766499096
b725a6,50,1790766499096
3e80a0,21,1790765599096
46a08f,59,1790765599096
c62de7,44,1790765599096
eb08d7,35,1790851099096
0989b7,49,1790765599096
71bdbf,18,1790766499096
e2112f,16,1790766499096
ba9215,46,1790851099096
edbb1f,31,1790766499096
e16aca,56,1790766499096
9f51a5,41,1790766499096
7a3d75,50,1790851099096
acdfe2,50,1790851099096
d5c425,43,1790851099096
9d1809,52,1790765599096
000eb3,28,1790851099096
267dcf,15,1790766499096
62f6aa,55,1790766499096
047492,20,1790766499096
f3b52c,37,1790851099096
906ab1,18,1790851099096
10b099,53,1790766499096
c85a7a,17,1790766499096
fc99b8,40,1790766499096
15dec8,59,1790765599096
7da7f1,37,1790766499096
d0895c,42,1790766499096
e5e83f,60,1790766499096
f0d836,30,1790851099096
f603a6,22,1790765599096
8fbda3,42,1790765599096
fe8e36,55,1790766499096
9ef05b,31,1790766499096
4e0205,51,1790765599096
580cc7,60,1790766499096
e9d31a,24,1790851099096
ee6521,31,1790766499096
fd8eea,36,1790765599096
de6ef9,23,1790766499096
dca5d4,48,1790765599096
980345,41,1790851099096
7d40f6,24,1790766499096
6d72de,45,1790765599096
0c3712,30,1790765599096
5ba77a,34,1790765599096
da1840,16,1790766499096
43a06c,32,1790851099096
320d4f,44,1790766499096
b94ad8,37,1790766499096
dd560e,33,1790765599096
70a0e1,42,1790851099096
aa7407,46,1790851099096
e9df1d,57,1790765599096
2bb0a4,41,1790765599096
8857e5,22,1790765599096
135f83,59,1790851099096
9b43f1,28,1790765599096
e9fbd7,34,1790765599096
2fd937,16,1790766499096
198d06,24,1790765599096
11ce6f,22,1790851099096
06d553,21,1790765599096
5ae45c,30,1790766499096
a8718d,22,1790766499096
147942,27,1790766499096
a717a5,26,1790766499096
c57af7,19,1790765599096
148ad6,25,1790851099096
40a565,29,1790851099096
34c4a8,44,1790765599096
b3eee1,35,1790851099096
4ab2ca,60,1790766499096
0424e7,22,1790851099096
9ba8a1,19,1790765599096
e3f139,17,1790851099096
94f28b,18,1790765599096
b5107c,39,1790851099096
35dd07,48,1790766499096
5d00eb,18,1790766499096
5768d8,56,1790765599096
d02375,42,1790766499096
f948ec,20,1790765599096
af6bd6,56,1790851099096
12393e,42,1790766499096
382d21,32,1790765599096
f0c617,35,1790765599096
e5cead,30,1790851099096
faf51b,44,1790766499096
f8b873,52,1790766499096
291c78,46,1790851099096
305360,38,1790766499096
1445b2,36,1790851099096
0993e4,20,1790765599096
c12d18,19,1790765599096
765ca6,21,1790851099096
163e56,58,1790766499096
f1216d,41,1790766499096
eab6ac,31,1790765599096
6a9af8,48,1790765599096
8187de,35,1790851099096
9adfcc,35,1790765599096
7d378b,24,1790851099096
10cdc6,47,1790765599096
71be90,27,1790766499096
f17f34,16,1790765599096
58c5b0,20,1790766499096
6385c1,44,1790851099096
944ff0,19,1790765599096
cf0142,24,1790765599096
2ffd6d,35,1790765599096
c2f63d,56,1790766499096
d3df8b,21,1790765599096
22d6f2,48,1790766499096
06d054,41,1790766499096
123b93,41,1790765599096
4eab23,59,1790766499096
b4e07b,49,1790851099096
e4912e,25,1790851099096
3af48b,60,1790766499096
d81045,40,1790765599096
ed6819,36,1790765599096
58a78c,30,1790851099096
1055cb,34,1790766499096
d3b6fd,49,1790851099096
ae3a56,47,1790851099096
3276d1,41,1790851099096
24ad09,22,1790765599096
b47211,55,1790766499096
967e70,32,1790766499096
3ca094,36,1790766499096
c3ca95,35,1790766499096
152bc1,52,1790765599096
ce9554,47,1790765599096
d14751,42,1790765599096
92cd76,59,1790766499096
f27901,46,1790766499096
0d9394,57,1790765599096
07092c,48,1790766499096
edf2ef,37,1790851099096
f902ab,59,1790851099096
89b8cf,59,1790851099096
3aeb8b,59,1790851099096
133d93,38,1790765599096
8b6168,25,1790765599096
b96c44,26,1790851099096
1fd398,42,1790765599096
3a8451,20,1790766499096
cb666f,59,1790851099096
f73d3d,39,1790765599096
83a5f5,52,1790765599096
cbe9ab,40,1790766499096
eb1a7b,50,1790766499096
dba49e,19,1790766499096
04b3cd,30,1790766499096
4c210b,54,1790765599096
e1cb63,35,1790766499096
e79f8f,56,1790765599096
ce1d66,15,1790766499096
87a4c8,30,1790765599096
51ea92,34,1790766499096
776d79,32,1790765599096
e1cbe2,38,1790766499096
265b57,37,1790766499096
5a047b,36,1790765599096
590fa5,27,1790765599096
c06013,35,1790851099096
52c74a,26,1790765599096
a47956,17,1790766499096
401b5a,22,1790766499096
315338,33,1790766499096
4dcd13,54,1790851099096
1212f2,17,1790765599096
873b09,32,1790851099096
ea9d69,15,1790766499096
713749,38,1790765599096
2aff89,58,1790765599096
bf355e,16,1790765599096
880f25,42,1790851099096
6dbcb2,54,1790851099096
4de025,47,1790851099096
6c8c44,23,1790766499096
fa1201,56,1790851099096
5cc438,25,1790851099096
84bc9a,38,1790765599096
8aea7a,40,1790766499096
60cee2,35,1790765599096
9abcde,27,1790766499096
9ba540,28,1790766499096
fce4ce,45,1790851099096
2f96f1,39,1790766499096
e16fbc,39,1790851099096
a34011,41,1790851099096
4b8632,26,1790766499096
854801,60,1790766499096
c80b5b,57,1790765599096
b684a6,35,1790851099096
055b22,48,1790851099096
aa1dc6,59,1790766499096
860e0d,37,1790851099096
e3f9a1,37,1790851099096
c0d284,39,1790851099096
120972,57,1790766499096
854b3f,37,1790851099096
cc30b6,30,1790766499096
4d31df,30,1790766499096
120417,43,1790765599096
979aba,35,1790851099096
6dca74,49,1790766499096
306819,45,1790765599096
9a36de,58,1790766499096
44d00f,39,1790766499096
e17084,54,1790766499096
141dd8,41,1790851099096
2c6a6f,37,1790765599096
88ebf7,33,1790765599096
8748c1,55,1790766499096
0d6bde,53,1790851099096
d94d19,21,1790766499096
8bfa45,36,1790851099096
f75fb5,59,1790851099096
ead30e,41,1790851099096
842e3e,60,1790766499096
a91f8a,45,1790851099096
dc6049,27,1790765599096
dd572c,43,1790765599096
4d7551,44,1790766499096
a5f9df,39,1790851099096
7ffecf,22,1790765599096
8badd4,49,1790851099096
4af8f9,48,1790766499096
9b848f,55,1790766499096
c04cb0,17,1790765599096
ccfa56,16,1790766499096
dbaaf0,39,1790851099096
6e7178,27,1790765599096
f053c3,56,1790766499096
a43801,22,1790765599096
369d6a,45,1790851099096
077638,16,1790766499096
f155e9,47,1790851099096
ee91b2,27,1790766499096
ea4cbb,34,1790766499096
8d48c0,43,1790851099096
20791f,47,1790851099096
b99fae,48,1790765599096
cfad85,56,1790851099096
c4e727,43,1790766499096
a8a8a9,60,1790766499096
78ae5d,45,1790766499096
7e616d,41,1790765599096
4a0fdf,28,1790766499096
dcf2c3,32,1790851099096
aea66b,17,1790765599096
fe1588,36,1790851099096
ac5ced,33,1790765599096
f144a3,18,1790766499096
eb02ed,18,1790851099096
e35825,48,1790765599096
377335,54,1790765599096
14001d,60,1790766499096
80361d,37,1790766499096
a53793,30,1790851099096
5122b9,36,1790765599096
93e5cb,47,1790765599096
b6c0b1,60,1790851099096
33fcc0,46,1790766499096
52854a,33,1790766499096
53e229,46,1790766499096
ec35f2,52,1790766499096
85024c,47,1790765599096
c7c18b,26,1790765599096
8c50aa,22,1790766499096
e14072,51,1790765599096
d14b08,41,1790765599096
4faec2,25,1790765599096
5a9040,21,1790765599096
d96282,17,1790766499096
9795be,56,1790766499096
4fb24b,17,1790765599096
0501bc,32,1790765599096
c047d8,32,1790765599096
330c34,31,1790766499096
725549,26,1790851099096
e1d1ab,57,1790766499096
4af396,33,1790766499096
e2897e,17,1790766499096
8d5f75,17,1790765599096
f4cf20,52,1790766499096
00300e,35,1790765599096
0b8f89,30,1790765599096
d242df,49,1790851099096
eadfd8,27,1790766499096
ae70cf,55,1790765599096
a3de08,48,1790851099096
62e1df,21,1790851099096
5a03e7,60,1790766499096
ae9f5c,25,1790765599096
83fcb6,48,1790766499096
509684,17,1790765599096
550ee4,45,1790851099096
208ac9,50,1790851099096
9fc56a,33,1790766499096
8c2182,47,1790851099096
542905,27,1790765599096
77c52f,15,1790766499096
4af95c,44,1790851099096
88f7b7,25,1790851099096
67b903,45,1790766499096
1363cb,54,1790851099096
5ed35c,27,1790766499096
6f9568,57,1790765599096
ac286e,19,1790766499096
656f88,53,1790766499096
f96ee8,29,1790766499096
093e02,49,1790766499096
1d65ef,28,1790765599096
263235,23,1790765599096
78a1d2,47,1790766499096
7f3b87,17,1790851099096
fc4777,38,1790765599096
b43fe3,26,1790851099096
ea0338,27,1790766499096
6e8fb5,20,1790765599096
769642,38,1790765599096
f9d8f7,56,1790765599096
4c2450,58,1790851099096
878848,18,1790851099096
0d9ba2,47,1790851099096
f4c21b,45,1790766499096
32da24,50,1790765599096
92be05,47,1790765599096
d04b45,32,1790851099096
8ec5a2,56,1790851099096
2b1c97,59,1790851099096
a63311,52,1790765599096
0e163e,48,1790851099096
6e3768,15,1790851099096
fe92b6,31,1790766499096
06a170,44,1790851099096
a39dee,49,1790766499096
9011a6,37,1790851099096
2b0ff0,30,1790766499096
de5090,54,1790766499096
16b61a,41,1790766499096
a80b35,16,1790766499096
9a2690,48,1790765599096
6e495f,59,1790765599096
bd71a5,39,1790851099096
6c8fc6,44,1790766499096
33706f,26,1790765599096
f601fa,51,1790765599096
48d231,53,1790851099096
0b7fe8,52,1790851099096
bc7682,23,1790851099096
4f52cb,27,1790765599096
60b471,17,1790765599096
979164,31,1790851099096
412372,18,1790765599096
80f5e1,44,1790851099096
0a1e40,32,1790851099096
6feff8,46,1790851099096
56f047,27,1790851099096
0b5912,40,1790766499096
2f243b,50,1790765599096
ce87d9,56,1790851099096
564b9c,58,1790765599096
c39026,41,1790766499096
c52f31,53,1790766499096
252337,39,1790766499096
72d94d,52,1790851099096
bf8138,33,1790766499096
f12fc4,47,1790851099096
992839,34,1790766499096
8d9654,32,1790766499096
d5e5cb,37,1790851099096
c2ed46,15,1790765599096
14ca3e,29,1790765599096
ef4dc8,50,1790766499096
6e34eb,48,1790765599096
3b39dc,21,1790766499096
33d080,31,1790851099096
8677ee,20,1790766499096
e6e567,23,1790766499096
db0290,25,1790851099096
8e4671,47,1790851099096
10202c,56,1790766499096
6b0d5b,53,1790766499096
af4457,41,1790766499096
dcbee8,27,1790765599096
2b18e8,47,1790766499096
a4ffe3,51,1790766499096
5a755c,36,1790851099096
e712b6,37,1790765599096
7d7c79,58,1790766499096
0bd061,50,1790851099096
0461ac,35,1790766499096
1942d4,31,1790765599096
a23e74,28,1790851099096
465478,50,1790765599096
740ce7,48,1790851099096
b33ee8,43,1790851099096
dd97eb,35,1790765599096
ad9516,49,1790851099096
b0bebd,38,1790851099096
718c4a,49,1790851099096
396d61,31,1790765599096
3b485b,18,1790765599096
b6239e,30,1790766499096
2567c7,55,1790765599096
ffa39e,58,1790851099096
f60e01,57,1790851099096
9ba6ba,48,1790851099096
0a6a27,36,1790851099096
897c95,47,1790766499096
b39097,31,1790765599096
3d13c7,47,1790766499096
66daee,23,1790765599096
e9af81,45,1790851099096
907502,23,1790851099096
3beab6,18,1790766499096
3dc9c8,51,1790766499096
78b90b,18,1790765599096
930bbf,59,1790851099096
e161b1,29,1790765599096
1d6302,37,1790851099096
3387d2,42,1790765599096
88bb0a,40,1790766499096
936162,59,1790766499096
70104f,16,1790851099096
2839bf,46,1790766499096
75d904,46,1790765599096
a6a1f0,54,1790765599096
68ef86,15,1790851099096
362146,42,1790851099096
b8459d,32,1790851099096
b2aa71,16,1790766499096
659858,52,1790765599096
344f8b,16,1790766499096
93ed73,46,1790765599096
0cdb4d,27,1790765599096
8db3f4,51,1790765599096
224310,23,1790765599096
fa6548,25,1790851099096
203cf0,54,1790766499096
6dee2d,33,1790851099096
b3a597,33,1790765599096
6c5945,23,1790765599096
5a8dd4,58,1790766499096
3f0e18,40,1790766499096
dd20c5,24,1790851099096
d10ff2,20,1790765599096
ddda14,34,1790851099096
c0aeb5,35,1790766499096
556d95,53,1790766499096
33f76c,44,1790851099096
753d64,29,1790766499096
1b2e55,41,1790765599096
c92460,51,1790851099096
bfde6a,30,1790765599096
fe8ffe,49,1790851099096
da314b,21,1790851099096
49a81b,36,1790765599096
827eab,20,1790765599096
e227cf,24,1790851099096
086ae8,58,1790765599096
deb060,49,1790851099096
e8613e,29,1790765599096
ef1efc,25,1790766499096
c02c6c,24,1790765599096
89d161,31,1790765599096
dbc195,15,1790765599096
427703,50,1790851099096
7ffd5d,15,1790766499096
7c3c67,25,1790851099096
58a885,45,1790851099096
250af5,22,1790765599096
3ff27d,59,1790851099096
b08fd4,50,1790851099096
3db063,27,1790851099096
93ec13,54,1790765599096
858200,45,1790766499096
fe00fb,21,1790766499096
6d8c8a,17,1790765599096
726321,24,1790766499096
3b68b9,47,1790851099096
752cf1,24,1790765599096
8f4518,38,1790765599096
f84791,55,1790765599096
94da0d,51,1790766499096
74ab99,60,1790851099096
67b5b8,58,1790766499096
187775,56,1790766499096
f8aae3,39,1790851099096
955ba5,28,1790766499096
4b8d40,44,1790851099096
1d2e61,53,1790766499096
fe8479,60,1790851099096
683c7b,54,1790765599096
bd61d3,55,1790765599096
a76cf5,26,1790765599096
62d6d8,57,1790851099096
4bc200,41,1790765599096
58f5bc,59,1790851099096
07b22a,39,1790851099096
ae3b65,46,1790851099096
1957ca,56,1790766499096
7823c6,59,1790765599096
53b962,40,1790766499096
659c52,33,1790766499096
9f5efe,42,1790765599096
9ab4d2,23,1790765599096
06b73e,52,1790766499096
7d4b00,54,1790765599096
01f38b,27,1790765599096
8d2f2c,29,1790766499096
de19fb,35,1790766499096
92a92e,34,1790765599096
ec1e9f,24,1790851099096
af6a42,18,1790766499096
6876f3,37,1790765599096
3b195f,46,1790851099096
a22e5b,23,1790851099096
5f0ce1,47,1790765599096
5ed3b6,60,1790851099096
35dd29,38,1790765599096
eaa51f,19,1790766499096
9293d4,57,1790766499096
f1ed4d,25,1790851099096
6a2467,16,1790851099096
35968f,20,1790765599096
fd64d5,44,1790851099096
052fbb,44,1790766499096
f709b6,20,1790851099096
c12412,34,1790765599096
9e1517,58,1790851099096
622eaa,50,1790766499096
000178,26,1790766499096
2adf42,21,1790765599096
6fcc40,51,1790766499096
76d4b4,58,1790851099096
1ee21a,59,1790851099096
a6d6b0,53,1790851099096
f24c94,29,1790766499096
c9d6ac,39,1790765599096
740dbb,22,1790766499096
84dcc4,35,1790851099096
292e39,33,1790851099096
c63f1d,36,1790851099096
08f505,20,1790765599096
717b7b,59,1790765599096
150ba7,53,1790851099096
d56a8a,18,1790766499096
0ca9b3,37,1790766499096
ed6618,31,1790765599096
1dd507,18,1790766499096
7a6e31,55,1790851099096
00cfd9,41,1790765599096
a53094,24,1790851099096
4400fc,34,1790765599096
8e88ef,20,1790766499096
241986,18,1790765599096
436d05,59,1790765599096
8544b5,31,1790851099096
92bbc4,47,1790766499096
d4d6b1,20,1790851099096
4d2a8b,49,1790766499096
73ac67,30,1790765599096
e12629,58,1790765599096
bee09f,46,1790766499096
4f6127,47,1790765599096
7ae948,57,1790765599096
c47389,28,1790766499096
62f4dd,24,1790851099096
7ef1a5,59,1790765599096
d4a157,37,1790765599096
cc9754,54,1790766499096
08b258,36,1790765599096
bed76e,44,1790766499096
ffb0a8,40,1790851099096
7dfa0b,41,1790851099096
726758,32,1790765599096
b6c392,47,1790766499096
bedfbe,40,1790766499096
0ecd60,45,1790765599096
1a0b11,38,1790765599096
28088c,28,1790765599096
46c884,18,1790851099096
f6674f,60,1790766499096
df6888,29,1790766499096
37c60b,35,1790851099096
129f49,33,1790766499096
02fb83,54,1790765599096
02ca6f,17,1790766499096
a0b947,36,1790766499096
d66506,34,1790765599096
708828,26,1790765599096
9c56b3,20,1790765599096
31e90f,45,1790851099096
2395a8,54,1790765599096
0813ee,24,1790851099096
9c4dc4,46,1790765599096
0907b3,42,1790765599096
309b0b,20,1790851099096
76ee6a,31,1790766499096
6c3a70,54,1790766499096
b191a6,48,1790765599096
b210ca,42,1790766499096
b995e3,38,1790765599096
d00b2c,51,1790765599096
9924e4,46,1790851099096
61441c,17,1790851099096
4e0928,21,1790766499096
ccb49e,17,1790851099096
1d7a88,49,1790851099096
16df72,32,1790766499096
3e3455,53,1790766499096
9b210f,49,1790851099096
a115fc,49,1790765599096
696283,48,1790851099096
c041b7,43,1790766499096
b2c614,26,1790851099096
adf52c,20,1790851099096
361007,21,1790851099096
b48b2e,58,1790851099096
e4e5cf,36,1790765599096
79ef85,44,1790765599096
1e3b61,60,1790766499096
41d653,40,1790851099096
3306dd,32,1790765599096
8eee93,42,1790766499096
2cfdca,28,1790765599096
87f0f4,35,1790765599096
91794d,39,1790851099096
9fa19d,44,1790851099096
afc26d,44,1790851099096
192fc8,33,1790765599096
200cb3,26,1790851099096
e77eac,16,1790765599096
87938d,19,1790765599096
456316,25,1790765599096
4172ac,34,1790765599096
8b213e,24,1790851099096
2ddc42,50,1790851099096
d3820e,42,1790765599096
253662,40,1790851099096
e71b0e,18,1790851099096
28843e,28,1790766499096
3a5d2e,36,1790766499096
9cd8c5,41,1790765599096
546531,54,1790851099096
be53d2,60,1790765599096
96b1ec,50,1790766499096
15e588,16,1790765599096
22b2f9,32,1790851099096
b63a00,59,1790766499096
445600,40,1790851099096
f6c7b6,20,1790851099096
aa6060,21,1790766499096
0247a0,52,1790765599096
c70e34,31,1790766499096
389f41,37,1790766499096
c825e1,24,1790851099096
004f93,21,1790766499096
b40ad5,40,1790765599096
d86b89,21,1790766499096
8a37f1,20,1790851099096
67f133,29,1790851099096
db8ca1,51,1790851099096
b69abb,32,1790851099096
deb1f4,16,1790851099096
cedcc0,43,1790851099096
9e6232,17,1790766499096
c2e064,28,1790766499096
576bdc,29,1790765599096
6868e2,55,1790765599096
5bc293,29,1790766499096
7a6ab0,57,1790765599096
c0fe93,58,1790765599096
45c8c6,49,1790766499096
abb936,30,1790851099096
7d16f2,38,1790765599096
48dadb,15,1790851099096
812236,29,1790766499096
044f0b,17,1790766499096
adbfd4,20,1790765599096
0821c0,38,1790766499096
e549c9,50,1790766499096
068af3,22,1790851099096
a5ded6,23,1790765599096
babdfc,56,1790766499096
1cde8d,44,1790851099096
f5ec71,29,1790851099096
f95a46,41,1790851099096
32499f,59,1790766499096
762cdd,24,1790765599096
bf8174,29,1790851099096
f8ff68,19,1790765599096
e5982d,48,1790851099096
6b89e0,49,1790765599096
1eb081,30,1790766499096
904dae,58,1790766499096
454a5e,52,1790765599096
3f74e3,15,1790851099096
40c4f5,37,1790766499096
2590d2,50,1790765599096
4558d0,24,1790851099096
a2fee7,46,1790851099096
045607,46,1790765599096
aa6ff9,42,1790851099096
5eda5f,38,1790851099096
e8c368,36,1790765599096
35a408,39,1790765599096
4e99bd,43,1790766499096
7b7b56,28,1790851099096
0d1777,47,1790851099096
31ce99,18,1790766499096
c2531d,23,1790766499096
562421,16,1790766499096
a03632,49,1790851099096
eb430b,31,1790765599096
351f29,39,1790765599096
e5ea26,33,1790766499096
03ee6b,48,1790765599096
896aea,51,1790766499096
1ec3e8,59,1790851099096
ab468a,25,1790765599096
a58580,36,1790766499096
1a2e8a,20,1790765599096
1c1cb1,53,1790765599096
cb8955,60,1790765599096
c7a409,29,1790765599096
91eb08,19,1790766499096
3ab402,49,1790766499096
ca44a2,37,1790766499096
413bf1,44,1790766499096
b33612,49,1790851099096
4e9c5b,34,1790766499096
b81efe,25,1790766499096
8f6d4e,38,1790766499096
7e873b,25,1790851099096
e9eca9,48,1790765599096
1375fd,47,1790851099096
6caab1,52,1790766499096
842e32,31,1790766499096
40907a,26,1790766499096
9f01a9,29,1790765599096
20be7e,21,1790766499096
2c3e9c,40,1790766499096
c3d688,31,1790851099096
bcb6e1,34,1790766499096
1a3c0e,48,1790765599096
df866b,30,1790766499096
935979,24,1790851099096
5dc185,49,1790765599096
609a89,44,1790851099096
632df9,30,1790765599096
5b397a,54,1790766499096
7f55d6,35,1790765599096
940a7e,57,1790765599096
1b737b,53,1790766499096
0495f1,24,1790851099096
ced545,58,1790851099096
05e51c,27,1790765599096
0f4925,58,1790765599096
b5ca59,26,1790765599096
e6f272,19,1790851099096
06c9fd,33,1790766499096
b12b52,49,1790765599096
32241e,18,1790851099096
e01ba9,42,1790765599096
4850b7,41,1790851099096
aeb705,45,1790765599096
9fce26,54,1790765599096
6c57e2,36,1790766499096
111fe5,51,1790851099096
045697,16,1790851099096
7c5378,32,1790766499096
581ce3,24,1790766499096
bb0f6c,18,1790851099096
f041e7,34,1790851099096
6de6e8,37,1790765599096
8b8250,37,1790851099096
f4f659,39,1790765599096
a3dbd1,48,1790766499096
51f757,55,1790851099096
717700,53,1790765599096
d59aaf,35,1790766499096
be3384,19,1790765599096
03abc1,59,1790851099096
1048c8,30,1790851099096
b915ba,23,1790851099096
f648d7,48,1790766499096
dda3ac,55,1790851099096
070753,56,1790765599096
cc5f40,44,1790851099096
516452,38,1790765599096
6dea6d,23,1790765599096
8c2668,50,1790851099096
902eb9,56,1790766499096
a45bd8,41,1790765599096
c7d2dc,59,1790851099096
3b5c71,53,1790765599096
8dec23,21,1790766499096
64a06d,38,1790851099096
c19a9f,37,1790765599096
a6fd4b,23,1790765599096
3a4665,21,1790766499096
67b59e,49,1790851099096
ddbc3c,59,1790765599096
7b0a2b,43,1790765599096
f81271,47,1790851099096
1485ed,27,1790851099096
37b4f9,48,1790766499096
63deae,36,1790851099096
3665fa,57,1790765599096
742ddc,37,1790766499096
73faab,60,1790851099096
79ea06,42,1790851099096
607708,26,1790851099096
9c92b0,41,1790766499096
1e534f,52,1790765599096
eea387,32,1790766499096
e14a05,44,1790851099096
6bdd1a,28,1790851099096
dbe513,41,1790765599096
230ed8,31,1790765599096
511642,39,1790851099096
db8a61,58,1790766499096
02d2f1,32,1790766499096
40963d,58,1790851099096
7fb2bb,21,1790766499096
83499c,36,1790851099096
2bdd98,53,1790766499096
060957,49,1790851099096
7caee7,34,1790851099096
b718c2,55,1790851099096
94ef1c,43,1790765599096
484622,57,1790766499096
0dbd34,19,1790851099096
e66205,29,1790765599096
bc087f,29,1790765599096
237d64,25,1790765599096
4e973b,36,1790765599096
d4056b,30,1790851099096
d1310b,16,1790765599096
fbfb31,38,1790766499096
4b1f3b,24,1790851099096
ef3cd1,27,1790765599096
efd718,44,1790765599096
23766d,29,1790766499096
50258a,58,1790765599096
be6e37,52,1790851099096
1af1c3,17,1790851099096
5510eb,47,1790765599096
f64e2d,38,1790765599096
353a01,37,1790851099096
659f28,47,1790851099096
e4a947,37,1790766499096
ecc0a7,29,1790765599096
3cd9c6,42,1790851099096
9618b4,34,1790766499096
213673,40,1790851099096
12da1a,47,1790765599096
bdd9ba,46,1790765599096
14fdee,20,1790766499096
9e2518,51,1790851099096
cabfe3,39,1790766499096
5b313c,59,1790766499096
c6f777,28,1790765599096
b4d298,44,1790851099096
54002c,58,1790766499096
c2b905,55,1790765599096
54d9fe,27,1790766499096
9f8af9,18,1790851099096
3b0a92,22,1790766499096
716dfc,37,1790765599096
73dcd6,25,1790766499096
6b3b03,48,1790766499096
24ba36,43,1790851099096
4bbe4b,60,1790766499096
3abaf2,22,1790766499096
c1eeee,56,1790851099096
261c60,45,1790851099096
dfbcb1,59,1790766499096
cd7b41,15,1790765599096
51b680,22,1790851099096
0b5d79,21,1790766499096
780810,31,1790766499096
bf941e,56,1790765599096
bd3737,17,1790765599096
c0a0d8,39,1790766499096
1fd955,36,1790765599096
a065c9,57,1790765599096
a8d67a,53,1790765599096
817b45,37,1790766499096
cbbe98,50,1790765599096
09a37c,46,1790765599096
5c56ce,23,1790851099096
7176a5,53,1790765599096
107aa8,48,1790765599096
aa1510,50,1790766499096
a941ca,37,1790766499096
6693b1,52,1790765599096
70a28d,47,1790766499096
cdc598,31,1790851099096
0ea5d9,49,1790851099096
032f68,57,1790766499096
d39de0,53,1790765599096
2057ca,29,1790765599096
d8551a,55,1790765599096
8640a1,28,1790765599096
bdfb23,37,1790765599096
7dff09,24,1790851099096
c2194b,56,1790765599096
d1d6f8,48,1790851099096
cf785a,52,1790851099096
ce51ed,55,1790851099096
efd196,46,1790851099096
49bb58,44,1790765599096
659496,24,1790765599096
40fb29,28,1790851099096
8e1b75,54,1790851099096
4bf2b6,58,1790851099096
2c26a0,57,1790765599096
edd6d8,41,1790851099096
42f91f,33,1790851099096
7f4ad3,48,1790765599096
1e298e,18,1790851099096
9537ae,35,1790765599096
92a420,35,1790851099096
676f33,46,1790851099096
01fa2f,51,1790766499096
ffc34d,56,1790766499096
d961ae,15,1790765599096
d18fb5,27,1790766499096
fcff44,30,1790766499096
c9b321,42,1790766499096
d7a949,50,1790765599096
e3162c,56,1790765599096
acfa3b,23,1790851099096
23113d,55,1790766499096
60386a,35,1790765599096
54a3d7,39,1790765599096
0eea94,37,1790851099096
7546fa,54,1790766499096
203282,58,1790765599096
2fa99b,17,1790765599096
0c9366,51,1790851099096
9b0238,56,1790765599096
f488cd,56,1790851099096
de97de,54,1790766499096
007f67,15,1790765599096
9a6802,53,1790765599096
d1be1b,31,1790765599096
fdb405,40,1790766499096
58a9da,57,1790766499096
dadc83,22,1790766499096
9d539b,49,1790765599096
1ae9ac,47,1790766499096
75040c,60,1790765599096
70efe4,15,1790766499096
1e993a,34,1790765599096
1c2db4,32,1790766499096
acd0a6,28,1790765599096
d62109,20,1790765599096
0cbc28,54,1790765599096
a68c14,32,1790765599096
fe9512,57,1790851099096
bc8cff,36,1790766499096
a82ef2,40,1790766499096
dd4eb1,26,1790851099096
fbe553,39,1790765599096
e6321b,54,1790765599096
c556ad,16,1790765599096
4afc48,58,1790766499096
0e4374,58,1790851099096
537637,19,1790851099096
79b9cc,42,1790851099096
20c89f,27,1790765599096
536977,38,1790766499096
fadf96,20,1790766499096
0dc6e1,26,1790765599096
7f02ca,54,1790765599096
44bfcc,15,1790765599096
6d3915,39,1790851099096
032f50,56,1790851099096
b321be,43,1790851099096
3710b0,40,1790766499096
5ca16f,25,1790765599096
1566a8,29,1790851099096
19158c,20,1790766499096
b35b42,60,1790765599096
a18430,59,1790851099096
3b43e3,41,1790765599096
2430bc,34,1790851099096
9f4c60,17,1790765599096
0d72c8,36,1790765599096
fb18f3,58,1790766499096
b6c5ac,55,1790766499096
4f0ead,42,1790851099096
7dfd9f,47,1790851099096
891da5,19,1790851099096
132ccd,48,1790851099096
4671c3,37,1790766499096
64ae56,44,1790766499096
a9151e,24,1790851099096
229d4d,18,1790851099096
a16a46,39,1790765599096
56b1f3,37,1790851099096
4c31ab,41,1790765599096
537323,43,1790765599096
0aa45e,49,1790766499096
537db4,26,1790766499096
487c1a,33,1790765599096
124946,29,1790851099096
d1357d,31,1790766499096
24ac2a,55,1790766499096
62696b,38,1790766499096
40ec5e,30,1790765599096
b2ccce,50,1790766499096
a500cc,51,1790765599096
7e7948,47,1790766499096
1d4db6,52,1790851099096
f46dd5,46,1790851099096
06cb79,19,1790766499096
875c35,35,1790766499096
422a31,37,1790766499096
276dc5,54,1790766499096
7406c8,31,1790851099096
e1381a,52,1790766499096
6f5958,47,1790766499096
2e9544,38,1790766499096
c24dc1,36,1790851099096
a85417,17,1790851099096
8a0c93,15,1790851099096
40afae,58,1790765599096
f5b8cd,55,1790851099096
427e27,25,1790766499096
2cda5b,25,1790851099096
bf6974,34,1790765599096
821eba,39,1790765599096
3d4f45,56,1790766499096
162f51,29,1790765599096
94ff9e,47,1790765599096
53dcef,32,1790765599096
d46063,15,1790851099096
79b64f,52,1790851099096
0a2871,29,1790851099096
4a5e0b,23,1790851099096
f51f96,39,1790851099096
6aa00b,47,1790766499096
269308,44,1790851099096
aa02af,51,1790851099096
435ea3,37,1790766499096
61be96,22,1790765599096
a96bbf,51,1790765599096
5ab6ab,60,1790765599096
fd77fa,51,1790851099096
9a0eea,46,1790851099096
77e210,42,1790766499096
83896b,44,1790765599096
a1cd7d,31,1790765599096
d7fe8d,39,1790765599096
024348,43,1790851099096
0c022f,37,1790766499096
131de1,42,1790765599096
eabbaf,18,1790765599096
b40865,20,1790765599096
9bf223,37,1790851099096
b23c1f,43,1790851099096
8f24af,30,1790766499096
8b92a7,29,1790766499096
7195b6,48,1790851099096
60af7b,35,1790766499096
492fd2,50,1790766499096
9ab022,21,1790766499096
51aa4d,48,1790851099096
318062,25,1790766499096
ea2c71,52,1790765599096
f6af24,23,1790851099096
6b136e,44,1790765599096
29bd91,28,1790765599096
f60ab9,28,1790766499096
10474f,55,1790766499096
44b68b,18,1790851099096
e63b60,24,1790765599096
3ccb5d,38,1790766499096
be48db,24,1790766499096
c3f600,59,1790765599096
dca006,40,1790766499096
718c35,58,1790766499096
1dd11e,30,1790766499096
a6c9f5,30,1790851099096
f00f87,48,1790851099096
5ede32,24,1790766499096
e78e32,44,1790851099096
d5224f,43,1790851099096
baa55c,21,1790766499096
b8d00e,33,1790851099096
bb331f,25,1790765599096
3a39d8,60,1790851099096
67443c,21,1790851099096
1b8118,32,1790766499096
27363b,37,1790766499096
1e262f,27,1790766499096
fb0057,18,1790765599096
0de4d1,18,1790766499096
819f94,51,1790766499096
487c98,15,1790851099096
261150,27,1790851099096
9b8a59,25,1790766499096
cc176f,22,1790765599096
9e5b79,43,1790765599096
f09ae5,42,1790851099096
8983fb,24,1790765599096
f15860,15,1790766499096
adabca,27,1790766499096
1e5f98,21,1790851099096
d08b15,27,1790766499096
fe209a,47,1790766499096
24e22d,19,1790851099096
c3124e,54,1790765599096
82912b,17,1790851099096
477778,35,1790851099096
ed7d2a,55,1790766499096
0767de,45,1790766499096
0aa410,55,1790765599096
0cabe9,52,1790851099096
367d90,27,1790765599096
81e5b1,51,1790766499096
85597c,24,1790851099096
d4427d,41,1790765599096
c8f235,22,1790766499096
b2b152,26,1790766499096
56aaa1,54,1790766499096
bf6eb4,29,1790765599096
c4d511,40,1790766499096
f2f74b,35,1790851099096
e599d1,20,1790765599096
5717de,47,1790766499096
bcfbb7,46,1790766499096
110dab,46,1790765599096
822905,50,1790765599096
ae4890,38,1790851099096
daea90,37,1790765599096
a76547,15,1790851099096
720930,45,1790766499096
6dc01c,36,1790851099096
1163b9,48,1790765599096
2c729a,47,1790851099096
ed3290,56,1790851099096
28864f,54,1790765599096
b0c961,21,1790765599096
15c509,51,1790766499096
71785e,38,1790766499096
8dbeaf,44,1790766499096
a29be8,15,1790851099096
752710,42,1790766499096
fca54b,34,1790765599096
21bf8d,44,1790765599096
83c3f9,50,1790765599096
d5f2cb,21,1790765599096
5558a0,25,1790766499096
05d08d,26,1790851099096
d85cd2,22,1790766499096
d45000,28,1790766499096
eea380,36,1790766499096
f5b71a,15,1790765599096
6d2fc2,25,1790765599096
e69918,33,1790765599096
52a29f,47,1790851099096
0e780e,54,1790765599096
77e45c,30,1790851099096
6a9523,23,1790766499096
bb0514,58,1790851099096
cd3b29,38,1790851099096
b86f98,46,1790766499096
d29a85,20,1790851099096
56d4dd,58,1790765599096
93dd6d,23,1790766499096
076fa9,59,1790851099096
4fc308,56,1790765599096
f073f8,52,1790765599096
17e271,46,1790851099096
4b2a50,36,1790765599096
e9be7d,52,1790851099096
564d2c,22,1790766499096
88e8de,55,1790765599096
6c7208,60,1790851099096
73a5bd,55,1790766499096
0b057b,34,1790851099096
d03a42,44,1790851099096
b49115,52,1790851099096
a53aca,25,1790766499096
b85768,17,1790765599096
357c44,47,1790765599096
944b4c,18,1790765599096
ff469a,56,1790851099096
67e889,26,1790851099096
84b14c,21,1790765599096
85e8a6,57,1790765599096
e5ab7e,58,1790765599096
6f8000,31,1790765599096
6e2d7a,23,1790766499096
a18cc3,21,1790765599096
212f2f,19,1790766499096
2c5e9d,51,1790851099096
ee80c8,15,1790766499096
79a109,59,1790851099096
48a4b9,33,1790851099096
cf8b35,38,1790766499096
9a7c9d,46,1790766499096
0b6c6e,36,1790851099096
ddcb1f,55,1790766499096
9a2496,44,1790765599096
ec98ea,31,1790851099096
ff9e43,56,1790765599096
c3084e,16,1790766499096
fe2cae,39,1790851099096
cb2abf,33,1790766499096
1b8602,46,1790766499096
f854a7,59,1790766499096
5fd324,18,1790766499096
40a15e,18,1790766499096
bb45cb,50,1790765599096
01519a,37,1790766499096
061379,18,1790766499096
e617f4,45,1790766499096
016db7,32,1790851099096
01fc0f,53,1790766499096
45d4f9,58,1790766499096
d420ce,52,1790765599096
5dff36,21,1790765599096
2f996e,53,1790765599096
807b7a,32,1790851099096
81c6ef,51,1790851099096
506f63,52,1790851099096
2465ca,56,1790765599096
b15b27,27,1790765599096
05cd5d,47,1790851099096
d09d35,28,1790765599096
7db3c9,17,1790851099096
fbc092,60,1790851099096
9b01c6,19,1790766499096
53473a,45,1790851099096
6a91ac,39,1790851099096
3a9b7b,59,1790765599096
6829d5,35,1790766499096
7c5b88,24,1790766499096
6d3dde,47,1790766499096
a52d64,38,1790851099096
ac3d0a,52,1790766499096
04a168,48,1790766499096
2cbd37,15,1790765599096
4b3fd3,24,1790851099096
c99403,41,1790851099096
237f8b,19,1790765599096
cbc1c5,54,1790766499096
e07239,54,1790851099096
ee9445,53,1790851099096
36d638,16,1790765599096
761fb5,33,1790766499096
63017a,16,1790851099096
e98acc,57,1790851099096
fb635b,47,1790765599096
a7ce68,38,1790851099096
9e4239,55,1790766499096
11a153,36,1790765599096
4c49d4,33,1790765599096
62314a,20,1790765599096
68a2e7,46,1790765599096
fddc87,17,1790765599096
79cb0a,56,1790851099096
61e553,37,1790851099096
1571a7,59,1790851099096
a3d24e,26,1790765599096
317a8f,43,1790766499096
d30c4d,27,1790765599096
a0a07b,33,1790766499096
44e261,40,1790851099096
85847a,36,1790851099096
c58b96,35,1790851099096
318017,50,1790851099096
42716b,44,1790851099096
21160e,50,1790851099096
c457fb,53,1790851099096
ab2c55,47,1790766499096
fb7395,26,1790766499096
5b9f2a,36,1790851099096
aed77e,38,1790851099096
ee97a8,40,1790766499096
9d28f8,54,1790765599096
0c54ba,55,1790766499096
453aa4,39,1790766499096
e82dc7,38,1790766499096
360098,32,1790851099096
983332,59,1790765599096
da8fc3,59,1790766499096
2ba787,56,1790766499096
0ecefc,29,1790851099096
b92b27,55,1790765599096
e30466,56,1790765599096
9f8cb0,56,1790851099096
56b866,39,1790765599096
daa80c,34,1790766499096
063b3d,22,1790851099096
f2f3fb,35,1790851099096
6df8e4,27,1790765599096
02d1c3,40,1790765599096
3abf5e,17,1790766499096
c8fbb4,31,1790765599096
00408d,27,1790766499096
e95a4a,18,1790766499096
d8e311,48,1790766499096
2529b0,56,1790851099096
24b84a,30,1790851099096
af084f,37,1790766499096
bd910b,32,1790766499096
493036,32,1790766499096
df39da,29,1790851099096
98eebf,30,1790766499096
a85e7c,38,1790851099096
dcdccb,44,1790851099096
5b7d28,17,1790766499096
95220c,26,1790851099096
22b186,34,1790765599096
254d30,58,1790766499096
56b116,26,1790766499096
1e3cdd,18,1790851099096
9fab45,30,1790766499096
0054d8,18,1790765599096
177122,25,1790765599096
00cc78,28,1790851099096
453b5a,46,1790766499096
4564a6,46,1790766499096
74c457,37,1790851099096
b0b3a6,45,1790765599096
5b0d0e,56,1790765599096
b88392,30,1790765599096
6c38f9,24,1790851099096
e1fce7,43,1790765599096
962f0e,38,1790765599096
16ae2b,27,1790765599096
d16933,38,1790851099096
78f16a,23,1790851099096
2f36c0,35,1790766499096
af2bae,56,1790766499096
dbc08d,51,1790766499096
4bab66,52,1790766499096
c6b0c7,36,1790765599096
0ebc98,36,1790851099096
1c43ca,50,1790851099096
e914d1,40,1790851099096
97496a,41,1790765599096
25abdc,25,1790765599096
3724a4,42,1790766499096
b8288a,43,1790765599096
84c7fa,29,1790766499096
397235,47,1790765599096
a13fd8,50,1790766499096
ca5a2f,44,1790851099096
80a93a,39,1790766499096
ef9387,17,1790765599096
fb1d4d,38,1790851099096
2def49,47,1790765599096
cb6298,54,1790765599096
e46ae2,25,1790766499096
2937de,31,1790851099096
6e8ebd,33,1790851099096
479700,27,1790765599096
a73ca6,51,1790766499096
f45d80,29,1790765599096
17519b,38,1790766499096
827ff2,45,1790765599096
3a2a06,26,1790766499096
dd3540,40,1790766499096
a23695,28,1790851099096
e923ef,28,1790765599096
7f17ba,46,1790766499096
de9f7b,31,1790765599096
6a0df3,50,1790766499096
63bac3,38,1790765599096
feb1c2,16,1790766499096
931c35,51,1790766499096
596560,17,1790851099096
c590b0,44,1790765599096
c26e1c,52,1790765599096
fee22f,33,1790766499096
15e27d,56,1790766499096
e2e116,28,1790765599096
f30f2a,26,1790851099096
8718b6,16,1790851099096
3fba5f,26,1790765599096
af7223,50,1790766499096
cb1d67,32,1790765599096
72a454,25,1790766499096
043841,55,1790765599096
238e43,50,1790766499096
6efd5b,30,1790851099096
6e98e8,37,1790851099096
5965df,26,1790766499096
caa16b,16,1790766499096
e11d79,49,1790765599096
5128e8,17,1790851099096
b7727b,29,1790851099096
14d30b,19,1790765599096
27c34a,42,1790766499096
f5182f,49,1790765599096
52237d,35,1790765599096
c99822,45,1790765599096
21e5ae,60,1790851099096
ef1131,47,1790851099096
09f12f,46,1790851099096
e47c75,35,1790766499096
1823eb,56,1790851099096
d6d442,18,1790851099096
0c7906,54,1790765599096
55bc39,60,1790766499096
55c608,45,1790765599096
ecf215,40,1790766499096
ec47bf,34,1790766499096
d05bc0,41,1790766499096
c937d0,51,1790766499096
90278f,21,1790766499096
5f99f4,57,1790766499096
9812ea,38,1790765599096
7b8e1e,49,1790765599096
2b3304,51,1790766499096
1326ea,41,1790766499096
8ad7f1,28,1790766499096
b8ec0b,33,1790765599096
7ffcfc,59,1790765599096
671c6a,31,1790766499096
c8d1eb,32,1790765599096
c378d0,28,1790766499096
10e2e5,20,1790765599096
77eea2,35,1790851099096
8cc0bd,44,1790765599096
5ff0d3,16,1790851099096
ef47d6,19,1790765599096
e81fec,27,1790851099096
cb95ce,20,1790851099096
0831c4,39,1790765599096
550cda,29,1790851099096
c4f095,60,1790766499096
fe0a2a,55,1790765599096
9e15ca,57,1790765599096
b69c36,44,1790765599096
b32567,58,1790766499096
630e48,58,1790766499096
0ea470,30,1790765599096
351a61,49,1790765599096
181d94,51,1790766499096
d9fc1b,29,1790766499096
8b4ca3,47,1790851099096
f97a3d,27,1790851099096
507ddb,45,1790765599096
6705ca,26,1790765599096
8c97a9,48,1790851099096
dc9809,23,1790851099096
159842,16,1790766499096
62f89b,32,1790765599096
5d3db9,41,1790765599096
c0844b,45,1790765599096
3d37ee,24,1790766499096
7a7ec8,27,1790851099096
d978b5,18,1790851099096
3c6dde,46,1790851099096
ca96d2,15,1790851099096
30bd57,24,1790766499096
1d27f3,57,1790851099096
048b1b,39,1790765599096
ddae63,35,1790851099096
eb7aaf,48,1790851099096
4aa840,18,1790765599096
10954b,56,1790765599096
b79edc,41,1790851099096
b5878b,39,1790765599096
c94cfd,40,1790766499096
7c4afe,54,1790765599096
790dff,18,1790765599096
c4f415,32,1790766499096
edd1fa,57,1790765599096
cab7fb,47,1790765599096
7ed646,42,1790766499096
f42fc2,40,1790851099096
f5c5af,21,1790851099096
7b23b1,58,1790766499096
f9faad,40,1790851099096
abaf39,16,1790765599096
f9b2ae,51,1790851099096
a13347,53,1790765599096
52f859,26,1790851099096
7b0ac5,53,1790851099096
b7137e,30,1790766499096
b341b6,15,1790765599096
ebfc97,59,1790766499096
e7f5b1,43,1790766499096
a29235,40,1790765599096
2e0906,37,1790765599096
942a9f,51,1790851099096
275dbf,39,1790766499096
cf290b,57,1790766499096
c85cef,46,1790765599096
7f9e26,43,1790851099096
0a3b33,17,1790765599096
4f2278,45,1790765599096
23fa0d,55,1790765599096
b51416,25,1790851099096
3846a1,20,1790766499096
a9cb8f,17,1790765599096
aa7490,60,1790851099096
44b37d,36,1790765599096
a46437,58,1790766499096
c0d012,40,1790851099096
f06699,41,1790851099096
842458,47,1790851099096
a1f154,30,1790765599096
2a9330,54,1790766499096
b6b6c2,20,1790766499096
f9c927,18,1790765599096
815ee2,35,1790765599096
fd3e2d,48,1790766499096
b1a5a1,41,1790765599096
3b27f6,54,1790765599096
44472d,17,1790766499096
ac338c,51,1790766499096
b21fbd,44,1790851099096
05500e,26,1790765599096
66ec0e,33,1790851099096
36ea4c,32,1790766499096
7d3af8,22,1790765599096
e27622,41,1790765599096
b97e4b,52,1790765599096
3cf48b,35,1790766499096
6ab42d,32,1790766499096
2d10c4,26,1790851099096
fddb8a,36,1790851099096
436781,16,1790765599096
ce78e7,25,1790765599096
6c3062,36,1790851099096
9dc98f,19,1790765599096
83b7fa,43,1790766499096
7a1cca,29,1790766499096
48826c,21,1790765599096
d0f318,18,1790766499096
eb2e64,58,1790766499096
c9f3d5,52,1790765599096
c0220e,34,1790765599096
83e284,33,1790765599096
dda61d,45,1790766499096
9b6cf3,58,1790851099096
e83d3a,42,1790766499096
172ba1,20,1790851099096
c22801,40,1790765599096
445644,32,1790765599096
55fe02,31,1790766499096
fe5353,51,1790765599096
74868c,35,1790765599096
cf0b2a,22,1790766499096
164c44,42,1790765599096
eca0b0,45,1790766499096
4bb029,25,1790765599096
34bb56,30,1790765599096
c26869,39,1790766499096
451a7d,22,1790765599096
30c619,31,1790851099096
2258c6,44,1790766499096
c4acb6,33,1790766499096
112aee,17,1790766499096
3791fb,50,1790765599096
2e019d,31,1790851099096
1668f9,44,1790765599096
40a2b7,54,1790851099096
3fe205,55,1790766499096
ce3a70,29,1790851099096
cdeaed,46,1790765599096
644292,25,1790765599096
923165,49,1790765599096
b4333e,35,1790765599096
63e57f,60,1790765599096
0c02fe,18,1790766499096
fc4f23,40,1790851099096
3bd897,18,1790851099096
41d06b,53,1790766499096
df311b,31,1790851099096
d93110,49,1790765599096
b4e19d,36,1790766499096
7fa1c6,43,1790766499096
413440,17,1790765599096
9d8eb2,22,1790765599096
d8cafc,16,1790851099096
4c9139,50,1790766499096
b245bb,60,1790765599096
c5e49f,29,1790766499096
03099c,31,1790851099096
f0b720,42,1790766499096
c91878,20,1790851099096
05ce15,20,1790851099096
6317fe,32,1790766499096
30551d,16,1790851099096
709005,19,1790851099096
e3fefb,38,1790766499096
082eee,16,1790766499096
79b8a8,56,1790851099096
2eab5a,24,1790765599096
bb3e1c,31,1790766499096
ff93a1,30,1790766499096
03fa13,59,1790766499096
d9f781,40,1790851099096
97bae7,25,1790766499096
54a1d1,22,1790765599096
1295e8,49,1790765599096
593aea,32,1790766499096
7bba13,35,1790766499096
0a3f4a,27,1790766499096
c06c9d,29,1790851099096
f5789c,22,1790766499096
23ee03,47,1790766499096
0e4a3b,38,1790766499096
3c86a3,48,1790851099096
f0765d,40,1790851099096
b76cac,55,1790766499096
c90597,54,1790765599096
490140,54,1790766499096
38cd64,36,1790851099096
170089,43,1790766499096
f26fc6,27,1790766499096
c3139b,34,1790765599096
30cb78,47,1790851099096
2be0d0,51,1790765599096
aefc00,26,1790765599096
dbb121,50,1790851099096
4172f1,26,1790765599096
3e50cc,50,1790766499096
6a362a,45,1790851099096
939cae,25,1790765599096
d3fe6a,42,1790766499096
9e7469,56,1790851099096
c74363,42,1790765599096
577b5d,56,1790766499096
750102,24,1790766499096
9df842,42,1790766499096
7e4c3b,36,1790766499096
4c4504,51,1790766499096
112f30,47,1790851099096
e41691,35,1790851099096
21519e,22,1790766499096
4bd1e5,39,1790765599096
fba280,51,1790851099096
18abaf,60,1790766499096
29a1de,17,1790851099096
351ad6,42,1790766499096
881775,34,1790765599096
69130b,28,1790766499096
465955,48,1790851099096
c03883,54,1790766499096
f11903,39,1790765599096
1c9bdf,16,1790851099096
734a35,44,1790765599096
91e891,60,1790766499096
0a8cfd,33,1790765599096
3237fd,41,1790851099096
e99d9e,55,1790766499096
e21d2e,44,1790766499096
245ee7,40,1790765599096
1659b8,26,1790765599096
2e0e0e,41,1790766499096
d8cf70,34,1790851099096
db37bc,57,1790766499096
08028e,22,1790765599096
e255d5,21,1790851099096
7adba1,54,1790765599096
3c85cd,58,1790765599096
a703e0,35,1790765599096
cfd903,31,1790765599096
a95374,18,1790765599096
1a6c9c,41,1790851099096
b2e769,37,1790851099096
b6ca9d,51,1790766499096
d694ae,38,1790851099096
68cf1e,38,1790851099096
0435ba,31,1790765599096
358277,33,1790851099096
80e4e7,35,1790766499096
edfc1f,18,1790765599096
af95ee,47,1790766499096
24bc26,46,1790766499096
013fbf,18,1790851099096
6f63df,45,1790766499096
a6260d,49,1790765599096
9b726d,51,1790766499096
55a79b,15,1790851099096
4e4b14,25,1790765599096
50f8df,22,1790765599096
e80061,49,1790766499096
ae559b,54,1790765599096
ce318c,31,1790766499096
9e315e,45,1790766499096
c4804a,40,1790851099096
df101c,17,1790765599096
9173ed,36,1790765599096
3914cc,20,1790765599096
7e672d,15,1790851099096
821802,35,1790851099096
40e2a8,27,1790851099096
0200eb,51,1790766499096
e5ff39,48,1790766499096
018e51,31,1790851099096
53db5f,54,1790766499096
31d409,41,1790765599096
2a3958,21,1790765599096
198d2e,44,1790851099096
68d238,52,1790765599096
a320be,51,1790851099096
a5d9d7,49,1790766499096
91dafe,33,1790851099096
359cf9,56,1790851099096
a438ef,20,1790765599096
b920d4,36,1790766499096
4b340e,37,1790851099096
601e69,45,1790851099096
372698,31,1790851099096
dc0a43,35,1790851099096
e4101b,18,1790766499096
6a4a9a,28,1790766499096
18755c,50,1790765599096
a8dff4,60,1790765599096
a0dd23,55,1790765599096
bec54b,24,1790765599096
b4cf7b,44,1790765599096
9e1ca3,56,1790765599096
756d08,21,1790765599096
d13968,29,1790766499096
c97f6b,56,1790765599096
4d12e0,23,1790765599096
89eb4a,32,1790765599096
2e2bfb,28,1790766499096
5d6ae5,30,1790765599096
1be15f,30,1790851099096
de36e7,50,1790765599096
1fc265,20,1790851099096
84b829,56,1790851099096
45494d,21,1790766499096
3a9860,53,1790851099096
ae2872,16,1790851099096
e18fb3,31,1790765599096
a92c65,20,1790765599096
48684b,42,1790851099096
fc82cb,46,1790851099096
9b663d,38,1790765599096
a108ad,57,1790851099096
32a6b8,25,1790851099096
a4dc0a,29,1790851099096
bc0ba2,57,1790765599096
a20f7e,52,1790765599096
40426d,19,1790851099096
20d1c4,19,1790765599096
3fcefa,38,1790765599096
3ba864,26,1790766499096
a11dce,48,1790766499096
e4863a,56,1790766499096
36ec4b,50,1790766499096
d10add,47,1790851099096
f8189c,43,1790765599096
b37820,17,1790765599096
f1553a,17,1790765599096
ce6646,54,1790851099096
a48fd5,16,1790851099096
3eaffa,27,1790765599096
b89e25,38,1790766499096
34f36e,37,1790851099096
bafbb8,60,1790766499096
2a9815,38,1790765599096
c9a568,44,1790766499096
8fecc7,49,1790766499096
4f6505,40,1790765599096
034b21,53,1790765599096
19c606,28,1790765599096
efffd7,16,1790765599096
af3fda,53,1790851099096
6b3eb8,52,1790765599096
d7fd04,34,1790766499096
0e86cd,28,1790765599096
6aeb42,35,1790851099096
cb2a42,26,1790851099096
90580d,49,1790851099096
f70bbc,34,1790766499096
31b0c4,37,1790766499096
0c09db,34,1790765599096
d29dd2,25,1790851099096
1484b2,43,1790851099096
1ae178,42,1790851099096
e93d53,15,1790766499096
ab2c63,39,1790765599096
d2d530,50,1790851099096
db9bdd,27,1790851099096
52f49b,33,1790766499096
41f0b5,16,1790766499096
c36f0b,25,1790765599096
11048b,23,1790765599096
f74dde,28,1790766499096
078746,54,1790851099096
d7fbc9,42,1790766499096
1f81f9,47,1790765599096
e54d1e,16,1790851099096
69c4a6,57,1790851099096
e499dd,36,1790851099096
f131b4,35,1790851099096
1bb638,23,1790766499096
defbf4,26,1790766499096
7a413b,18,1790765599096
70f792,24,1790766499096
eaaba8,52,1790766499096
eadc21,59,1790851099096
2d3431,29,1790766499096
74ef4b,32,1790851099096
679cfb,26,1790766499096
64a27b,27,1790766499096
3950b2,46,1790851099096
6bdf62,48,1790851099096
e90503,18,1790765599096
c5011c,45,1790851099096
089632,54,1790765599096
ceaa78,24,1790765599096
2a0229,27,1790765599096
5dfadd,52,1790766499096
6a154e,22,1790765599096
ca57ac,47,1790851099096
efe534,59,1790766499096
9ae8f1,55,1790851099096
ed56e6,59,1790766499096
b37ca0,18,1790765599096
34ce03,29,1790765599096
05f0a2,51,1790766499096
15e57b,60,1790765599096
26dcd9,44,1790765599096
67a0f4,22,1790851099096
9aad79,36,1790765599096
e7b002,43,1790766499096
6535b9,49,1790851099096
1141b9,46,1790766499096
efa928,24,1790765599096
327fa3,43,1790851099096
ef4f05,35,1790851099096
26aa40,31,1790766499096
12d0e8,56,1790765599096
b5c58c,53,1790851099096
f12bde,39,1790765599096
424729,60,1790766499096
dcca67,47,1790765599096
aabb9a,21,1790766499096
fcba78,56,1790851099096
2b9ccb,16,1790765599096
0141ea,47,1790766499096
e5921f,32,1790765599096
268749,52,1790765599096
7c57c0,54,1790851099096
a714ea,15,1790766499096
533ba3,55,1790766499096
ead94c,45,1790851099096
c7a488,17,1790766499096
3ff61a,29,1790765599096
82bb5d,21,1790851099096
c36e83,52,1790766499096
21b67a,44,1790766499096
53df70,44,1790851099096
b98afc,23,1790765599096
99ac93,53,1790851099096
3ac698,59,1790851099096
c3fda0,30,1790765599096
fd8c53,38,1790766499096
121289,19,1790765599096
3bc353,45,1790766499096
3806d6,26,1790766499096
197279,45,1790766499096
bd5c68,44,1790765599096
b683bd,29,1790765599096
6b4594,45,1790851099096
5282cc,33,1790851099096
8a57e5,30,1790765599096
c7efc7,43,1790766499096
76469c,41,1790765599096
6d6629,38,1790851099096
9274e5,19,1790766499096
eed4bf,43,1790766499096
48472c,54,1790765599096
e01bac,42,1790851099096
6c55fd,44,1790766499096
ecc2ab,48,1790766499096
89f148,51,1790765599096
f5afb1,51,1790765599096
413be8,44,1790851099096
c3d763,45,1790765599096
d04fa0,51,1790851099096
c47bf5,19,1790765599096
beed7b,34,1790765599096
8ab0fc,38,1790851099096
4c65a3,27,1790765599096
5d0dd0,52,1790851099096
ae911d,49,1790765599096
41bde2,19,1790766499096
5195ee,43,1790851099096
2d1dae,39,1790766499096
7ea6f8,54,1790766499096
b9286c,37,1790765599096
98bc1d,49,1790765599096
30a44e,57,1790851099096
a5e20b,51,1790766499096
8036f1,28,1790765599096
175e59,36,1790766499096
60587e,38,1790851099096
4c7306,52,1790766499096
392319,41,1790765599096
a0a6a9,59,1790766499096
fe2a33,19,1790851099096
5de446,47,1790851099096
ea1ccc,19,1790765599096
be8cd2,51,1790765599096
5fd7c4,53,1790765599096
626395,35,1790765599096
ac8171,40,1790851099096
3a7370,58,1790851099096
8393c5,32,1790851099096
09a81f,59,1790851099096
a79b40,57,1790765599096
62118b,58,1790765599096
2c1a02,53,1790766499096
053b73,25,1790766499096
fca2c2,47,1790851099096
8dc483,51,1790851099096
7ca7b8,54,1790851099096
af0b88,55,1790851099096
68339e,57,1790766499096
a49c7b,23,1790765599096
b2901b,49,1790766499096
8535dd,58,1790765599096
e0e6c9,42,1790765599096
ea34c6,36,1790766499096
521e19,48,1790765599096
7a1eb0,36,1790766499096
be4e15,24,1790765599096
f17fa1,51,1790765599096
dfd526,22,1790765599096
03489a,15,1790766499096
9ada55,20,1790766499096
0ab04a,57,1790851099096
420680,25,1790851099096
3c91f6,21,1790765599096
75a94c,21,1790765599096
19f014,22,1790851099096
2b0d72,48,1790766499096
8ff696,59,1790851099096
e5d5ee,16,1790766499096
462b37,20,1790765599096
c16440,53,1790765599096
850531,21,1790765599096
989120,42,1790765599096
e04504,22,1790851099096
590812,47,1790851099096
59a444,47,1790765599096
727c8c,47,1790766499096
7a255c,54,1790851099096
f52809,27,1790766499096
9141fd,18,1790851099096
0aa241,59,1790765599096
62fe9e,31,1790765599096
e773ba,34,1790851099096
48c319,40,1790766499096
522421,56,1790765599096
668872,18,1790766499096
3ae830,48,1790851099096
375dd3,28,1790765599096
3c29f2,46,1790765599096
9d52cd,27,1790766499096
bc8180,53,1790851099096
00d765,15,1790851099096
4299f6,30,1790766499096
cfd6a6,41,1790766499096
fc5100,45,1790851099096
839cd2,56,1790851099096
044948,55,1790851099096
6ebb3b,35,1790851099096
b9f75e,42,1790765599096
6a4fef,41,1790851099096
a84bb5,45,1790765599096
e9da61,49,1790766499096
42c784,30,1790766499096
bf26e2,20,1790766499096
b481e3,34,1790851099096
e14586,53,1790765599096
0ba1f0,43,1790765599096
f748ee,45,1790766499096
ae07f3,23,1790851099096
44bd37,58,1790765599096
eb3a1b,55,1790851099096
89b2f4,36,1790851099096
e4f01a,46,1790851099096
a1a336,56,1790766499096
40f12f,56,1790851099096
e5cbb7,19,1790765599096
6836a1,20,1790851099096
b13986,17,1790765599096
343a7f,34,1790851099096
ebd39f,17,1790765599096
31527a,55,1790766499096
9e5f38,24,1790766499096
773289,24,1790851099096
b6e0e5,36,1790851099096
4be530,46,1790765599096
078d20,48,1790851099096
23ab26,33,1790765599096
2b835f,23,1790765599096
554018,34,1790766499096
710d51,50,1790851099096
7fee9b,29,1790851099096
40d1f8,43,1790765599096
b8d39b,17,1790766499096
f76072,41,1790766499096
1b2199,38,1790765599096
42ddc7,46,1790765599096
32be48,29,1790851099096
4ca649,59,1790766499096
e6429c,56,1790766499096
a59bd1,24,1790851099096
89b155,49,1790765599096
2a17d5,50,1790766499096
6d9000,45,1790766499096
f85a1c,48,1790766499096
fad050,36,1790766499096
41bdc4,25,1790851099096
f63a73,16,1790765599096
aa7448,24,1790851099096
4f398c,33,1790851099096
69c9b7,38,1790851099096
5e60fb,21,1790766499096
325bf0,47,1790765599096
02658c,44,1790765599096
00c95c,53,1790765599096
2b7a66,29,1790765599096
55c8db,57,1790851099096
049457,52,1790851099096
96dfe5,44,1790765599096
7fb97a,26,1790851099096
bfc6d2,15,1790766499096
1eeb4d,34,1790851099096
45f727,16,1790766499096
3fe87a,30,1790766499096
864d44,28,1790766499096
46c03b,21,1790851099096
683517,33,1790766499096
dd76f4,50,1790766499096
a3b65c,45,1790766499096
2c4cb9,21,1790765599096
1701d8,15,1790765599096
c7f20e,16,1790766499096
f8fdd8,24,1790851099096
bf4e49,57,1790851099096
a20ee2,18,1790765599096
fbccc9,23,1790766499096
e1ebfa,33,1790851099096
141c92,22,1790851099096
616b71,19,1790851099096
e195f1,17,1790765599096
2b5f3b,16,1790766499096
d8fc99,27,1790851099096
ecaaa2,28,1790766499096
965124,17,1790766499096
a608a1,60,1790851099096
5375d6,56,1790766499096
530e28,60,1790851099096
edc7d2,47,1790851099096
eca35c,41,1790851099096
7a3047,35,1790766499096
9c44a7,37,1790766499096
2f9904,26,1790766499096
6fda8c,21,1790851099096
804d75,55,1790851099096
48c79a,60,1790851099096
2bde45,30,1790851099096
31ea57,40,1790851099096
97609f,41,1790766499096
1f59d5,40,1790766499096
0930dd,60,1790765599096
cbdffa,36,1790766499096
d6c0e1,34,1790851099096
a26aed,41,1790851099096
f16f0f,26,1790765599096
ace4aa,52,1790765599096
4d3146,16,1790766499096
13ee1d,27,1790765599096
62b079,21,1790766499096
9afbb0,15,1790766499096
35a0fa,19,1790851099096
099272,29,1790765599096
80ad8e,19,1790765599096
3172c7,21,1790765599096
d4e3e3,45,1790765599096
e0b656,28,1790766499096
e5bdc1,59,1790766499096
f2a7fe,60,1790766499096
05d5d0,18,1790851099096
7c1107,48,1790765599096
0dab8d,50,1790765599096
ce0596,54,1790851099096
439bff,43,1790765599096
db7c35,56,1790851099096
25e786,20,1790851099096
2ec6ab,25,1790851099096
f740a0,57,1790851099096
057d27,34,1790851099096
d0fd20,30,1790765599096
460994,46,1790766499096
f9103f,44,1790765599096
780842,24,1790765599096
92c1d4,20,1790766499096
b1b647,16,1790851099096
c430e1,23,1790766499096
615b63,26,1790765599096
3298ef,42,1790766499096
fd37ba,58,1790766499096
5b8fda,16,1790765599096
640347,53,1790765599096
35042a,41,1790765599096
2e4ebd,60,1790765599096
f61acc,17,1790851099096
34a97d,24,1790851099096
29b536,16,1790766499096
dcb4f0,20,1790766499096
332422,45,1790765599096
533bc2,43,1790765599096
f26f6c,23,1790851099096
673e35,21,1790765599096
6a728f,57,1790765599096
d730a2,22,1790851099096
3b6142,31,1790766499096
b0cb33,42,1790766499096
3fa972,44,1790851099096
bd33f6,27,1790851099096
9e0190,19,1790766499096
66c575,41,1790765599096
81b442,35,1790765599096
53b59e,55,1790851099096
d620b4,51,1790766499096
70804c,29,1790765599096
5aca89,49,1790766499096
47404d,33,1790851099096
b663d0,33,1790766499096
82607e,27,1790766499096
a0acc2,33,1790765599096
5a17fc,47,1790765599096
f09d89,27,1790765599096
6391ac,36,1790851099096
dc51c0,31,1790851099096
f4f2ed,19,1790851099096
f3e27c,23,1790851099096
09ba29,38,1790766499096
a1578e,18,1790851099096
da556b,45,1790765599096
16b483,20,1790765599096
b971a0,29,1790766499096
306e1a,25,1790766499096
0a36fe,52,1790765599096
3b2114,42,1790765599096
a3c0a0,41,1790765599096
9b0147,36,1790766499096
1f873b,36,1790766499096
099b80,51,1790851099096
4dac06,29,1790765599096
7e0b36,36,1790851099096
e63198,41,1790765599096
de1e3b,48,1790851099096
7bd00b,38,1790766499096
dc8199,21,1790851099096
0fa40e,50,1790851099096
0c8b51,45,1790765599096
032b49,50,1790765599096
1f26b6,18,1790765599096
322f6d,56,1790765599096
de8a7f,32,1790851099096
a49719,46,1790765599096
7113c0,23,1790851099096
2682e4,58,1790765599096
9207d1,20,1790851099096
ad4ec4,33,1790765599096
ef1d93,58,1790766499096
5f8ad4,19,1790765599096
bde7de,15,1790851099096
cebea1,38,1790851099096
0ecc07,27,1790765599096
bf21ca,26,1790851099096
44e8ee,56,1790851099096
bcdf5b,24,1790851099096
791238,45,1790765599096
c3524a,26,1790765599096
e9958e,35,1790766499096
0133d2,43,1790766499096
27a1c7,42,1790851099096
989d57,29,1790851099096
465c77,25,1790851099096
bbde48,25,1790765599096
b681b5,18,1790851099096
c77be7,53,1790766499096
3b92a4,41,1790765599096
0a5cbf,60,1790766499096
5e9817,50,1790765599096
6d7dac,48,1790766499096
797bab,22,1790851099096
1d1c75,15,1790851099096
07330e,15,1790765599096
04391a,30,1790851099096
a4e562,52,1790851099096
739e5b,38,1790765599096
10b24a,41,1790851099096
5114ba,42,1790851099096
20bb6a,28,1790851099096
05c3bc,54,1790765599096
8d70b8,54,1790766499096
bf0f0a,47,1790851099096
331d59,45,1790766499096
138075,25,1790766499096
f00bda,30,1790766499096
a8bd95,47,1790851099096
01ea65,27,1790851099096
743b28,18,1790766499096
6c820b,20,1790766499096
9f87a4,56,1790765599096
f2c87b,20,1790851099096
6e3d83,32,1790851099096
18c6cf,21,1790766499096
815fcf,47,1790765599096
2c97ce,51,1790765599096
7e36f0,43,1790851099096
dc3f1d,45,1790766499096
749afc,26,1790766499096
9babaf,53,1790851099096
9d06de,22,1790851099096
b85864,48,1790851099096
b9ac28,35,1790851099096
7a5ac9,48,1790766499096
4a8a8b,58,1790851099096
4be838,30,1790851099096
bf8156,21,1790765599096
bdd8b3,38,1790766499096
38102b,58,1790765599096
a01e43,23,1790766499096
efbdaf,20,1790766499096
f74f81,49,1790765599096
912045,20,1790765599096
e4828f,60,1790851099096
03a892,52,1790851099096
ddc5de,25,1790765599096
ade63b,25,1790766499096
8ae04d,46,1790851099096
a416ca,26,1790851099096
7f23b9,18,1790765599096
cdf02f,26,1790851099096
9fb0f7,22,1790851099096
a6c05b,37,1790765599096
b271a1,58,1790851099096
d80db7,45,1790765599096
1bcded,16,1790851099096
400452,28,1790766499096
2d92a4,48,1790851099096
89d400,46,1790851099096
d18798,33,1790766499096
7f2a35,23,1790851099096
e0ab6b,27,1790766499096
b2acb7,19,1790765599096
ccd1fa,51,1790766499096
5e1a8e,58,1790851099096
76b77c,43,1790766499096
3abd92,18,1790851099096
eaf1f8,19,1790765599096
63845b,59,1790765599096
5fd48f,29,1790851099096
76d462,19,1790765599096
025a38,57,1790765599096
31b9ad,28,1790765599096
57cff1,30,1790765599096
f08017,47,1790851099096
4b9f12,40,1790851099096
62e9bd,37,1790765599096
3b1da6,25,1790851099096
0995fd,17,1790765599096
0962f4,39,1790851099096
286691,50,1790766499096
b081cc,19,1790851099096
e27bc8,43,1790765599096
78737a,37,1790766499096
b2ad5b,43,1790851099096
ff31c2,47,1790765599096
0ad3e6,54,1790765599096
534732,46,1790766499096
9bce40,41,1790851099096
d0378c,21,1790765599096
b51d3f,50,1790851099096
1b9026,15,1790851099096
aa3a35,58,1790851099096
430065,22,1790851099096
ac974a,52,1790765599096
7de073,33,1790851099096
047bad,45,1790765599096
32b52d,30,1790765599096
87c22f,24,1790765599096
3f0bc5,60,1790851099096
53acdd,44,1790765599096
f6af6f,44,1790851099096
0cca56,47,1790766499096
3b6934,59,1790851099096
cbfeb5,55,1790851099096
651fce,55,1790851099096
b66c78,22,1790851099096
24aebe,45,1790851099096
fb4a10,20,1790766499096
3fad39,15,1790765599096
47d39d,33,1790765599096
1be09e,35,1790766499096
e6f5f2,23,1790766499096
bec818,30,1790766499096
bbe6c8,48,1790765599096
c4b5e5,22,1790851099096
cb10a3,45,1790765599096
2523b9,53,1790765599096
ec0577,17,1790851099096
f858fc,18,1790766499096
78eca4,52,1790766499096
3fe86a,21,1790851099096
0f4e6c,32,1790765599096
f1b3f3,21,1790851099096
c70470,56,1790851099096
a16df1,22,1790766499096
96f6de,32,1790851099096
668fd6,41,1790765599096
915cc8,28,1790851099096
6186bc,26,1790765599096
2360b0,31,1790765599096
4c64b6,25,1790765599096
0e100b,59,1790765599096
f10646,33,1790765599096
084439,34,1790765599096
1fb944,33,1790765599096
b40d2e,23,1790851099096
acabad,57,1790765599096
1d25e6,44,1790851099096
06242a,38,1790851099096
1f7883,51,1790766499096
9d1592,31,1790851099096
47eb7b,46,1790766499096
42abd5,21,1790851099096
2b3d46,59,1790851099096
727c6c,21,1790851099096
d94aaf,22,1790851099096
1eb5aa,35,1790851099096
bc936f,43,1790766499096
8628e8,59,1790766499096
512fcf,41,1790765599096
634b72,58,1790765599096
9b962f,40,1790765599096
ec9cff,41,1790851099096
0129b8,60,1790765599096
8ce5b4,18,1790765599096
01bc49,16,1790766499096
3c3831,30,1790851099096
acf069,47,1790851099096
8386f2,19,1790766499096
0fa066,42,1790765599096
5defbb,37,1790765599096
62b666,44,1790766499096
a1601a,17,1790766499096
fc4285,18,1790851099096
11ea8d,53,1790766499096
740471,48,1790851099096
f50270,31,1790765599096
bc6920,18,1790765599096
2d81f0,57,1790765599096
02b5c1,18,1790766499096
cb894e,29,1790765599096
1e26ed,20,1790766499096
658e33,18,1790851099096
082449,38,1790851099096
e586e9,49,1790851099096
37c7cd,45,1790766499096
5f65ae,28,1790851099096
f06a01,32,1790851099096
dcad34,26,1790765599096
643043,60,1790851099096
83fb9b,46,1790766499096
32f00c,29,1790766499096
ceac90,23,1790851099096
2697e8,25,1790766499096
0a39ae,29,1790851099096
c72463,28,1790765599096
9fbd2f,56,1790851099096
c1d0ef,57,1790851099096
1e6db0,54,1790851099096
79a7f9,33,1790766499096
8f70c5,43,1790766499096
cc0ba9,41,1790765599096
46718c,43,1790766499096
ab8a2f,60,1790766499096
5d395e,23,1790766499096
143f02,42,1790765599096
a4e537,36,1790851099096
3ae0eb,54,1790851099096
73bc14,59,1790766499096
ff32cf,27,1790765599096
a2222f,15,1790766499096
616f6d,19,1790851099096
f193ee,21,1790766499096
9363e5,44,1790851099096
2e2935,52,1790851099096
ca7d4d,36,1790765599096
289915,33,1790765599096
1ce1b4,37,1790851099096
a825d4,19,1790766499096
fae4bd,44,1790766499096
eef2af,15,1790766499096
e0c4b8,58,1790851099096
64aa1a,48,1790766499096
fc2fa8,37,1790766499096
07dfd4,42,1790766499096
901bf4,54,1790766499096
6b8b1a,22,1790765599096
308d30,58,1790851099096
6217c4,32,1790851099096
80bec0,28,1790851099096
74a578,60,1790765599096
b53a64,45,1790766499096
d953f1,40,1790766499096
1fa3fb,25,1790851099096
fae377,25,1790765599096
735789,15,1790765599096
8e4373,57,1790765599096
d34dd7,16,1790766499096
409f9a,56,1790766499096
c238c8,48,1790851099096
ad9029,34,1790765599096
86fd60,31,1790766499096
83ce0f,39,1790851099096
2a4cc5,33,1790766499096
fb57c8,54,1790765599096
450afd,44,1790851099096
055317,17,1790851099096
8ac9db,38,1790851099096
5fbe41,21,1790765599096
5084c5,27,1790765599096
1ced2e,44,1790766499096
3e5559,17,1790765599096
250e27,35,1790851099096
869016,36,1790766499096
bfd564,42,1790765599096
922039,55,1790851099096
7ef671,19,1790851099096
a0586d,26,1790766499096
9533cf,55,1790765599096
735ce7,45,1790766499096
a07b86,41,1790851099096
ac298e,47,1790765599096
ffde43,27,1790765599096
d8c3a9,46,1790765599096
8b05b9,56,1790851099096
aee71e,53,1790766499096
77928d,20,1790765599096
6c454b,46,1790766499096
35f539,22,1790851099096
95b890,57,1790766499096
a65e6d,16,1790851099096
957390,57,1790765599096
8411b6,47,1790766499096
47f796,39,1790765599096
3455a5,22,1790851099096
ca59c7,28,1790851099096
53ed25,20,1790851099096
78252d,32,1790851099096
b81889,32,1790766499096
eea6b1,35,1790851099096
177589,46,1790765599096
f8c710,33,1790765599096
a2e3b9,50,1790765599096
8d7276,39,1790766499096
a81065,35,1790766499096
1f2ad8,24,1790766499096
be53ca,15,1790765599096
d2a4ed,30,1790851099096
a5014e,41,1790851099096
b3f481,60,1790851099096
44f67e,27,1790765599096
e789d2,38,1790765599096
94f7f7,27,1790766499096
8f3f77,18,1790766499096
332b5b,60,1790851099096
857409,56,1790851099096
2fe458,50,1790851099096
cd6763,53,1790765599096
1045f0,43,1790765599096
3d854c,40,1790765599096
719bd6,53,1790851099096
fcc0eb,36,1790851099096
1bd70b,44,1790766499096
9bf716,56,1790766499096
d2a23a,41,1790766499096
1a2d39,27,1790766499096
19b470,59,1790851099096
ffde06,50,1790765599096
8ce9bf,23,1790766499096
7ed280,26,1790851099096
cab959,37,1790851099096
a43982,50,1790766499096
e5135f,27,1790766499096
4f2432,15,1790766499096
3d46c3,19,1790765599096
3c5b04,55,1790766499096
ef4615,33,1790851099096
5569cb,24,1790766499096
f69602,60,1790765599096
903ced,56,1790851099096
20efe6,25,1790766499096
3824f2,57,1790851099096
0f5b5a,53,1790851099096
aae16f,25,1790765599096
68626a,28,1790766499096
578c18,26,1790766499096
a2d78a,33,1790766499096
f64327,37,1790851099096
036725,52,1790765599096
259fd8,24,1790766499096
5ca89a,23,1790851099096
495ccf,28,1790765599096
59fbe2,31,1790851099096
b9182b,42,1790766499096
84921e,24,1790851099096
d438e8,34,1790766499096
f5dd86,56,1790765599096
d17b06,53,1790851099096
aacfe1,40,1790851099096
9a3d2b,41,1790766499096
9765e6,26,1790766499096
78d15f,36,1790765599096
2a8db5,29,1790765599096
b1c646,51,1790765599096
7bea8c,19,1790766499096
e642d9,18,1790766499096
0e8c00,31,1790851099096
322211,40,1790765599096
072830,37,1790851099096
81ab8e,51,1790766499096
14e033,52,1790766499096
bf35e6,37,1790766499096
78c6b4,49,1790765599096
c11b92,36,1790766499096
722dab,55,1790766499096
76263c,20,1790851099096
a8095a,58,1790851099096
e60f96,26,1790765599096
5ddd6f,37,1790851099096
32f80f,16,1790766499096
873079,47,1790851099096
dc9062,24,1790765599096
89aab4,40,1790765599096
6ea8e1,58,1790765599096
fefd8d,59,1790766499096
53eed5,36,1790765599096
796f95,55,1790766499096
33fc9a,48,1790766499096
60d8f1,38,1790765599096
07a39e,31,1790765599096
df579b,54,1790765599096
b1901c,27,1790851099096
d87ffb,24,1790766499096
d154e6,45,1790766499096
83cb5d,35,1790851099096
f30489,15,1790766499096
5e521d,18,1790766499096
5dc7a0,33,1790851099096
e6e12f,24,1790851099096
7ac0b2,26,1790851099096
b7b28d,38,1790766499096
c8bcb9,27,1790766499096
d8435d,35,1790765599096
d37be4,43,1790766499096
fba5ef,25,1790766499096
1a346a,51,1790766499096
a36e5f,28,1790851099096
11f61e,50,1790766499096
61bd38,35,1790765599096
5c8083,57,1790766499096
c32c0f,21,1790851099096
c3959a,37,1790765599096
244a9f,49,1790765599096
510695,48,1790766499096
3e5760,21,1790765599096
b7a047,30,1790765599096
a993b2,43,1790766499096
d44e49,56,1790765599096
d8fd95,30,1790766499096
11bc70,56,1790765599096
9e8d6f,31,1790766499096
8cebc2,20,1790851099096
d9e2ff,41,1790851099096
0b31b4,42,1790765599096
391a79,43,1790851099096
62991b,19,1790851099096
f9e8bd,45,1790765599096
cb7bef,25,1790766499096
36f1fd,57,1790766499096
981e7d,36,1790766499096
95bb60,54,1790851099096
88c556,56,1790765599096
45e32b,51,1790851099096
5a237f,31,1790766499096
027672,25,1790851099096
892962,43,1790851099096
fab991,43,1790851099096
d44ed0,22,1790765599096
b849f6,37,1790766499096
0af493,58,1790851099096
2e7ea4,55,1790766499096
0e1a2f,47,1790851099096
fb1f34,45,1790765599096
306042,20,1790851099096
ca6447,31,1790766499096
6b3672,16,1790765599096
f5c05d,15,1790765599096
6d5b7c,48,1790851099096
54c62b,32,1790851099096
839343,60,1790766499096
a05cf5,43,1790766499096
deae80,55,1790766499096
2d041f,51,1790765599096
a4465b,49,1790851099096
dee2e1,35,1790765599096
def6d8,43,1790851099096
46c5ad,52,1790851099096
c6ae36,58,1790766499096
ee8223,40,1790765599096
0a4f6b,22,1790766499096
0c7183,55,1790765599096
0d7142,21,1790766499096
c68c80,45,1790766499096
8eacc0,49,1790851099096
8787d0,21,1790766499096
902350,26,1790765599096
7201cc,52,1790765599096
5526ed,40,1790851099096
8cc202,44,1790765599096
1a370b,44,1790766499096
d55126,16,1790765599096
a7e9a2,52,1790765599096
51ecdd,15,1790766499096
eec903,37,1790766499096
0743f6,57,1790765599096
43f7bf,47,1790851099096
23f5aa,36,1790765599096
0d48ad,22,1790766499096
7ea67e,56,1790766499096
9d12fd,38,1790765599096
d2634f,22,1790765599096
9e2c50,25,1790765599096
664739,23,1790851099096
64d9ca,54,1790766499096
1876e2,51,1790765599096
5ed64e,29,1790765599096
e14ad0,53,1790851099096
c30410,38,1790851099096
f69560,25,1790851099096
3bbf2f,37,1790766499096
e2c240,26,1790766499096
9bc214,39,1790766499096
63fe0a,31,1790766499096
f1146b,17,1790765599096
986749,28,1790765599096
628f8a,28,1790765599096
589f11,31,1790766499096
22144d,37,1790766499096
f6acbc,17,1790766499096
b0a4c5,32,1790766499096
2b2ee5,20,1790851099096
740022,34,1790766499096
16fdf3,31,1790851099096
fab47f,30,1790765599096
39ddeb,40,1790766499096
bbb905,21,1790766499096
403883,23,1790766499096
9fa0ef,34,1790851099096
64af00,17,1790766499096
2eb6a2,51,1790766499096
3f6d16,25,1790766499096
5780d0,19,1790765599096
b26c41,46,1790766499096
1372cc,59,1790851099096
43b9bd,25,1790851099096
438e01,55,1790851099096
74431e,51,1790765599096
b23323,49,1790851099096
0bdf9f,60,1790851099096
846c50,52,1790851099096
e59890,41,1790766499096
13a381,58,1790766499096
014783,36,1790765599096
402c74,51,1790851099096
df9f56,34,1790765599096
44c8cf,48,1790851099096
a7f33b,28,1790765599096
2df0c6,43,1790851099096
1209ac,52,1790766499096
fe68ac,15,1790765599096
fc6f1b,18,1790766499096
6c0b19,54,1790765599096
740e7c,56,1790765599096
dc21b2,18,1790851099096
8d42da,55,1790765599096
db63b6,24,1790851099096
948eb7,20,1790851099096
e35ae1,39,1790766499096
64dd0b,17,1790765599096
98903c,55,1790765599096
339420,23,1790851099096
afc5d0,49,1790765599096
06d0cc,50,1790766499096
183036,20,1790766499096
c4010c,17,1790765599096
0cfc9f,17,1790766499096
2b1ec5,50,1790765599096
712d08,26,1790765599096
0a8487,42,1790851099096
593246,28,1790766499096
d1747f,50,1790851099096
aa9312,38,1790851099096
6b6f6e,18,1790765599096
b0a7bf,40,1790765599096
145737,41,1790851099096
043786,22,1790766499096
742085,28,1790766499096
a75fa3,35,1790766499096
a26fb2,28,1790851099096
bd8ae0,42,1790765599096
be3b39,26,1790766499096
a70ce9,20,1790765599096
443c9f,45,1790851099096
6f0e13,56,1790766499096
3e0384,39,1790766499096
2a5b08,50,1790766499096
2717de,45,1790851099096
927d0d,46,1790766499096
ec8e68,34,1790766499096
d355ee,30,1790851099096
4e0d1f,41,1790765599096
b5de07,56,1790851099096
4a178f,56,1790765599096
5d91f5,55,1790765599096
9ac1f1,46,1790765599096
aea619,32,1790851099096
35c801,58,1790765599096
8121db,40,1790851099096
6f8db8,47,1790766499096
4a31a7,49,1790851099096
d4ff19,41,1790851099096
cb9250,29,1790765599096
095815,44,1790851099096
7eda39,30,1790765599096
bc8801,35,1790765599096
9726aa,41,1790766499096
99794d,35,1790765599096
5cc104,36,1790851099096
9839ba,34,1790765599096
646bca,54,1790851099096
f312a6,32,1790766499096
749515,42,1790851099096
efba1d,43,1790766499096
879642,45,1790765599096
25dfdb,53,1790765599096
ea9ba7,34,1790766499096
85c726,35,1790765599096
c05ec3,40,1790765599096
acad1a,15,1790766499096
6d4cd6,38,1790765599096
f2f1d8,17,1790766499096
a2da7e,35,1790766499096
8057c8,49,1790766499096
5a9a5f,39,1790766499096
475adb,60,1790765599096
ccb13c,38,1790851099096
492037,43,1790765599096
384224,44,1790851099096
13ec2f,29,1790766499096
242359,19,1790851099096
213069,44,1790766499096
c02108,46,1790765599096
cf259e,58,1790851099096
9d1e9e,29,1790765599096
e34004,41,1790766499096
24321a,18,1790851099096
9a0207,16,1790765599096
dc9897,36,1790765599096
305493,22,1790765599096
d9da1f,25,1790766499096
3e8b5f,18,1790765599096
725670,24,1790766499096
72ea30,35,1790766499096
daf903,54,1790851099096
24dab6,30,1790765599096
d83783,37,1790766499096
c0a93c,47,1790766499096
b431d1,30,1790851099096
2238e5,27,1790851099096
2dc950,52,1790765599096
c48d2a,31,1790765599096
14d1a3,55,1790851099096
ffec67,58,1790765599096
b70e1d,52,1790765599096
96648c,23,1790851099096
167fdc,15,1790766499096
e428ec,47,1790765599096
d01448,48,1790766499096
69c6de,25,1790851099096
69574a,51,1790851099096
053d88,16,1790766499096
af5a3d,26,1790765599096
5dca73,23,1790851099096
dbe3f9,32,1790851099096
5a2503,31,1790851099096
214d53,15,1790851099096
3396c1,39,1790766499096
c04e29,21,1790765599096
82b1a8,41,1790766499096
2ba178,48,1790766499096
4129cb,17,1790766499096
d70754,23,1790766499096
b8a3ba,60,1790766499096
e6f11b,23,1790765599096
c477fe,58,1790766499096
95cebb,26,1790765599096
6f9fa3,44,1790765599096
cfff55,43,1790765599096
f9eccf,15,1790765599096
7510d8,33,1790765599096
789de4,37,1790766499096
e45695,57,1790851099096
2bf275,31,1790851099096
24455b,22,1790766499096
2b8094,41,1790765599096
7f6c81,45,1790765599096
f1cf3b,54,1790766499096
2f059d,38,1790851099096
caf229,45,1790851099096
951e4f,50,1790851099096
91d0ae,54,1790851099096
69300d,15,1790765599096
667f27,35,1790766499096
3bcc3e,30,1790765599096
c7c904,42,1790766499096
9e27af,21,1790851099096
b190c8,39,1790765599096
297271,21,1790851099096
976304,28,1790766499096
633632,39,1790766499096
3d5e0e,40,1790766499096
faba61,26,1790766499096
0ec6e4,46,1790851099096
177090,53,1790851099096
c43a4e,32,1790765599096
13f8ea,53,1790851099096
739ee7,44,1790766499096
e1ff9f,50,1790766499096
19edd6,39,1790765599096
36958f,18,1790765599096
f63731,46,1790766499096
1f6609,60,1790851099096
b56a6f,31,1790851099096
3cfea4,36,1790851099096
257730,17,1790766499096
565696,25,1790766499096
40a5cb,26,1790851099096
d3a872,35,1790851099096
c87c9b,31,1790765599096
29777f,48,1790765599096
8752f3,32,1790765599096
d632fd,51,1790766499096
b2f425,53,1790765599096
61861d,17,1790851099096
157809,28,1790851099096
71f54a,46,1790766499096
16ecdb,18,1790765599096
370134,15,1790765599096
84e3c6,48,1790851099096
b93e1c,52,1790765599096
67cbce,29,1790766499096
113e65,59,1790765599096
db7925,38,1790851099096
b1b5f4,60,1790765599096
cd23b7,53,1790766499096
827a04,34,1790766499096
43394f,43,1790765599096
e88c77,29,1790851099096
ff6f53,30,1790766499096
19dab0,39,1790851099096
988ab9,51,1790766499096
11772b,47,1790851099096
95159b,45,1790765599096
21267a,15,1790766499096
dfe02f,54,1790765599096
db8901,41,1790765599096
8096be,52,1790766499096
8e02f1,58,1790851099096
8d4cf1,58,1790851099096
0e54d9,50,1790851099096
a96a2a,19,1790765599096
0aaf4f,28,1790766499096
5aa6f6,39,1790765599096
804ee4,57,1790766499096
95e551,21,1790851099096
7fe955,20,1790851099096
467c0e,34,1790851099096
7e3ec7,21,1790766499096
a0c577,47,1790851099096
816c49,59,1790765599096
c615af,17,1790851099096
6e9220,29,1790766499096
64659a,54,1790765599096
c0ce8e,43,1790766499096
fcbe77,56,1790765599096
6d2e1b,26,1790851099096
45f960,58,1790766499096
3b2ec8,21,1790765599096
6ce07a,58,1790766499096
20a9d9,43,1790765599096
dedb7e,17,1790766499096
6e86cf,60,1790766499096
260256,49,1790766499096
248edb,18,1790766499096
e6be0c,26,1790765599096
516057,17,1790851099096
bd57e5,32,1790851099096
8974e5,36,1790851099096
207bec,43,1790765599096
f15f15,54,1790766499096
ef2ec7,42,1790766499096
20ed1f,27,1790851099096
008972,55,1790765599096
004bc7,60,1790766499096
5821c9,43,1790851099096
614ebd,52,1790851099096
a239a9,33,1790851099096
e9cc6a,23,1790765599096
667404,41,1790851099096
b7d989,20,1790851099096
396ea7,21,1790851099096
0ed896,21,1790765599096
c4378c,27,1790851099096
076d9f,25,1790766499096
5fa51e,36,1790766499096
66e20e,43,1790766499096
54ea7a,59,1790765599096
569a79,31,1790766499096
07de61,29,1790766499096
4a8fae,40,1790851099096
8fbf79,30,1790765599096
87c93b,28,1790765599096
fd2a5f,31,1790766499096
3e961d,18,1790766499096
884620,31,1790765599096
9e5ee4,46,1790766499096
704688,33,1790765599096
e07c6e,47,1790766499096
e263a9,59,1790766499096
f8c7c4,23,1790766499096
0e7b21,52,1790766499096
77a737,48,1790766499096
6a81e5,33,1790765599096
460fa1,24,1790765599096
4326cb,15,1790851099096
447caa,19,1790851099096
324cd4,39,1790851099096
6a2d98,57,1790766499096
0750a5,18,1790851099096
71fe7a,54,1790765599096
399839,45,1790766499096
1f7965,25,1790851099096
fe0c19,31,1790766499096
815598,43,1790765599096
ea3eb4,31,1790765599096
5bf3ac,24,1790765599096
eb44b1,53,1790766499096
da1d4a,21,1790766499096
61ed3a,39,1790851099096
8a8da3,44,1790766499096
719f2e,52,1790851099096
2711ae,30,1790766499096
769483,44,1790766499096
2c73b4,53,1790765599096
c99776,42,1790766499096
e86a5d,41,1790851099096
451e21,26,1790851099096
91e5e1,47,1790851099096
103782,51,1790766499096
9c3f4f,23,1790851099096
aaacc4,35,1790851099096
be9435,30,1790765599096
d7b966,60,1790766499096
b4279e,34,1790765599096
fbd60c,57,1790765599096
ee9157,58,1790765599096
21eea9,49,1790851099096
d565d8,29,1790765599096
16bbe6,25,1790765599096
432331,22,1790766499096
e81188,48,1790766499096
00dfcc,39,1790851099096
4887c3,20,1790851099096
09bcf2,46,1790765599096
663cc0,40,1790765599096
93da5b,31,1790851099096
79c6b5,53,1790765599096
7637f1,53,1790766499096
dd93a7,48,1790766499096
04a186,60,1790765599096
8f95d5,23,1790766499096
0dd23f,40,1790765599096
f1a08b,37,1790765599096
c431b0,21,1790766499096
938434,15,1790765599096
8ac85d,16,1790851099096
47fa33,21,1790766499096
dca6ca,39,1790765599096
d52d8d,28,1790851099096
f99173,31,1790766499096
9d08ae,16,1790766499096
d5e7e6,27,1790765599096
a5feb9,19,1790766499096
c064db,58,1790766499096
b367e1,52,1790765599096
4d6d8e,19,1790765599096
d8097b,19,1790765599096
2c1df2,50,1790851099096
04cbfa,43,1790765599096
e6ff9b,27,1790765599096
980b0a,26,1790851099096
41fa6c,41,1790765599096
974756,24,1790766499096
3580fd,16,1790765599096
4518dc,25,1790765599096
6796d2,30,1790851099096
ba2e00,20,1790766499096
eff1da,32,1790765599096
9c009b,19,1790766499096
61fad0,15,1790765599096
1ebf84,32,1790766499096
aa7ab2,17,1790851099096
ec5e1a,24,1790766499096
d825c0,43,1790765599096
2ac163,20,1790765599096
007fe6,49,1790765599096
b27d85,41,1790851099096
5a7ba8,26,1790851099096
763202,53,1790851099096
60bb1c,45,1790766499096
7049f0,15,1790766499096
414e4d,33,1790766499096
7e1b8d,52,1790765599096
989a2e,28,1790851099096
7eec52,57,1790851099096
8edf0b,28,1790766499096
9edbf3,25,1790765599096
9f8a94,56,1790765599096
3eeb34,41,1790851099096
8f706b,30,1790851099096
b10df6,58,1790765599096
adeea8,33,1790851099096
7c4cef,50,1790766499096
496858,33,1790851099096
39fcf2,58,1790765599096
7f3975,56,1790766499096
578458,57,1790766499096
896579,16,1790765599096
915eda,16,1790766499096
06e41b,44,1790765599096
db4f04,38,1790765599096
65fa66,41,1790765599096
23402e,24,1790851099096
d76f9c,23,1790851099096
1cddd2,50,1790765599096
f428b1,48,1790851099096
312bed,30,1790851099096
3f43c9,16,1790765599096
0a99eb,56,1790765599096
db8d19,19,1790766499096
186f74,55,1790766499096
dc6dfa,25,1790851099096
f6c269,40,1790766499096
ac3ef6,43,1790766499096
667dee,44,1790851099096
e76eb8,57,1790851099096
a5cc3a,60,1790765599096
6192f4,32,1790765599096
33d2e0,35,1790766499096
e59aea,58,1790765599096
f04d97,56,1790766499096
b6d892,20,1790766499096
de934e,56,1790766499096
e9ad9d,46,1790765599096
bdc6d7,44,1790766499096
c4606c,39,1790765599096
776276,48,1790851099096
7c76be,50,1790765599096
07ffa9,40,1790851099096
60ee9a,56,1790851099096
d23a20,16,1790851099096
0fe19c,43,1790851099096
c664a2,29,1790851099096
7c16b3,15,1790765599096
ccd65d,41,1790766499096
09886b,43,1790766499096
01568d,20,1790765599096
be8357,57,1790765599096
458648,60,1790765599096
4cdced,53,1790766499096
9aa0ce,25,1790766499096
4d4149,31,1790766499096
593401,46,1790851099096
23176d,39,1790765599096
11d7cb,19,1790765599096
e5f2c6,32,1790766499096
df19ea,45,1790851099096
539bc1,42,1790765599096
ca3df8,17,1790851099096
4fdba8,35,1790851099096
77c279,17,1790765599096
e9a751,44,1790765599096
1d12f1,35,1790851099096
4484ca,54,1790765599096
ba91e0,16,1790766499096
ea0370,41,1790765599096
ca81e2,31,1790851099096
fa6fcc,24,1790766499096
dc0158,37,1790851099096
679980,53,1790765599096
4ced60,25,1790851099096
d21d19,27,1790765599096
b8e6de,53,1790766499096
35d6dd,49,1790851099096
4034c7,27,1790766499096
09e4d8,60,1790766499096
ab0010,31,1790765599096
def34f,57,1790765599096
795812,37,1790766499096
25a77b,58,1790766499096
7f559d,24,1790766499096
914203,41,1790851099096
8d6738,40,1790851099096
26250a,54,1790851099096
112e5e,27,1790765599096
28ee07,39,1790765599096
3f4d5b,24,1790765599096
2db283,39,1790765599096
9ffba9,33,1790766499096
69c9df,40,1790766499096
d97fe6,38,1790766499096
dc8f12,42,1790851099096
92978c,48,1790851099096
97f1ea,50,1790765599096
7199cd,36,1790766499096
233274,43,1790851099096
95ef40,18,1790766499096
221495,55,1790766499096
efd6b3,22,1790766499096
795fdf,39,1790851099096
b167ef,20,1790851099096
401725,15,1790766499096
1ed1e4,41,1790851099096
f796b5,38,1790766499096
85942d,35,1790765599096
276e53,36,1790765599096
00aea8,26,1790765599096
536d56,22,1790851099096
8e1d84,32,1790766499096
ad0335,37,1790766499096
234922,16,1790851099096
50edc6,51,1790851099096
e80f66,39,1790766499096
efb432,56,1790766499096
5dcb89,58,1790765599096
b2cd91,25,1790851099096
3880d1,60,1790766499096
7a44a9,37,1790766499096
42c0b4,46,1790766499096
56eec4,22,1790851099096
2ebd0f,21,1790765599096
0c5ad7,51,1790765599096
c43331,23,1790766499096
93734b,46,1790765599096
961042,60,1790766499096
e22690,40,1790766499096
9f522c,60,1790766499096
c8724e,27,1790765599096
f042f5,37,1790765599096
445f96,30,1790851099096
86b87b,40,1790851099096
80123e,51,1790765599096
5e0b2b,15,1790766499096
f19feb,32,1790765599096
51d901,48,1790851099096
5a09a1,48,1790765599096
919c1c,35,1790851099096
1d4109,25,1790766499096
81468a,37,1790851099096
0a6492,16,1790851099096
58091e,49,1790765599096
c9781b,37,1790766499096
e7ec6e,50,1790766499096
260b69,36,1790765599096
d94d0f,40,1790851099096
cfdc75,53,1790765599096
07ec38,52,1790766499096
5a9f55,47,1790851099096
04865c,48,1790851099096
d6a211,59,1790765599096
3b84df,15,1790766499096
603590,24,1790851099096
855de0,42,1790765599096
638873,29,1790766499096
050244,33,1790851099096
1901f6,44,1790851099096
542f80,32,1790765599096
e6d6ff,22,1790766499096
2aab62,59,1790765599096
7947fa,44,1790765599096
afb727,43,1790851099096
1b2926,46,1790766499096
b0363a,31,1790851099096
9be894,32,1790765599096
4a2080,40,1790766499096
e6bbc4,21,1790766499096
9e2c60,43,1790851099096
0404b2,19,1790765599096
2c3a24,36,1790765599096
3e1b20,29,1790766499096
f982f7,38,1790765599096
a48958,16,1790765599096
8b30cf,21,1790766499096
914712,55,1790766499096
61977f,53,1790851099096
6d5f70,52,1790851099096
7c0719,27,1790851099096
15b838,20,1790851099096
81dd19,49,1790851099096
58a201,38,1790851099096
2a1e3c,51,1790851099096
dcf384,48,1790765599096
d45faf,60,1790765599096
a7d50d,20,1790766499096
cd1a6d,20,1790766499096
3395b0,60,1790766499096
e03271,23,1790765599096
a97c5e,20,1790766499096
41c041,52,1790851099096
388cfa,35,1790765599096
c9e9d5,57,1790766499096
340a73,43,1790766499096
7c249c,19,1790766499096
57998c,51,1790766499096
3f10ac,30,1790765599096
615b74,33,1790851099096
b22d47,37,1790851099096
f37e8e,16,1790851099096
96429d,44,1790766499096
691f4c,48,1790766499096
bc8927,45,1790765599096
509bab,53,1790766499096
559e4f,41,1790765599096
ee736f,36,1790765599096
940267,34,1790765599096
d92c73,53,1790851099096
16c826,30,1790851099096
f279c7,55,1790766499096
fb4cbc,55,1790765599096
1a49f4,29,1790851099096
02da0d,18,1790851099096
882584,43,1790851099096
1ee2c2,23,1790765599096
07c79e,34,1790765599096
7db213,47,1790766499096
a3fd80,42,1790765599096
bca158,25,1790851099096
828d3b,16,1790765599096
716a52,56,1790765599096
f5c7b7,46,1790766499096
48ea41,55,1790765599096
a8f82f,30,1790765599096
e4ac5c,27,1790851099096
c05a1f,19,1790765599096
da982d,20,1790851099096
fe43c0,27,1790851099096
7585ee,43,1790766499096
208f4b,57,1790851099096
50be40,49,1790851099096
632951,50,1790765599096
ede244,19,1790766499096
c1efbc,37,1790851099096
01a884,48,1790766499096
5be96c,44,1790766499096
0c7923,24,1790851099096
fa696b,49,1790765599096
c9aa82,39,1790765599096
86d0be,40,1790766499096
8a1356,17,1790765599096
d9ece5,50,1790766499096
a80d54,16,1790766499096
4b524e,26,1790851099096
c6ad3e,58,1790766499096
af92f7,51,1790765599096
2d1f97,15,1790851099096
2d2157,40,1790851099096
4e4af9,60,1790765599096
14c542,39,1790851099096
290bc0,32,1790765599096
154a01,39,1790766499096
07c9d3,48,1790766499096
6cd9a4,49,1790851099096
b8a482,51,1790765599096
74f731,47,1790851099096
192152,42,1790765599096
993d9d,17,1790765599096
e7d2a0,60,1790851099096
533009,23,1790851099096
1a0ccc,31,1790765599096
dffb22,16,1790851099096
3e8789,52,1790766499096
22ea10,43,1790766499096
1676e4,46,1790766499096
88b0f9,30,1790766499096
318626,21,1790766499096
ba7333,45,1790765599096
2cf7f6,54,1790766499096
da3fb0,57,1790766499096
f4e7c3,35,1790851099096
e9749d,18,1790765599096
a5b7e4,23,1790765599096
9a3923,52,1790766499096
0f87a1,19,1790765599096
e03d9c,36,1790851099096
f17e0d,24,1790851099096
9092a8,39,1790766499096
f637d0,21,1790851099096
2dd3c0,47,1790766499096
cd99f5,60,1790765599096
8264e5,28,1790851099096
7aa333,48,1790766499096
09d795,49,1790765599096
015011,57,1790766499096
2a411c,37,1790851099096
4fca78,28,1790765599096
75bf51,55,1790851099096
cfb31e,23,1790766499096
32a89a,60,1790851099096
1f92ee,20,1790766499096
be75c5,18,1790851099096
f4e14e,33,1790851099096
1b9470,23,1790765599096
af6616,48,1790766499096
a4b8cb,36,1790765599096
f9340d,31,1790766499096
ea593b,30,1790766499096
54d3aa,32,1790766499096
b2f646,59,1790851099096
f42aa2,55,1790851099096
8a56c3,22,1790765599096
f10698,39,1790766499096
899e54,48,1790766499096
7c0148,25,1790766499096
f421e8,54,1790851099096
5c0cb2,21,1790851099096
571279,23,1790765599096
73ae2a,41,1790851099096
046566,38,1790766499096
d530d4,34,1790851099096
dd2b0d,41,1790851099096
83add7,47,1790766499096
73851a,17,1790766499096
6930bf,21,1790765599096
bbcd7e,41,1790765599096
d48de7,57,1790851099096
a88d51,32,1790851099096
93e1b9,35,1790765599096
a1b9b3,50,1790766499096
5556c6,50,1790766499096
f607b1,42,1790766499096
2d6600,15,1790765599096
095c90,22,1790765599096
e251c3,28,1790851099096
5fe325,27,1790765599096
b5951d,20,1790765599096
82a8ba,26,1790851099096
1292ed,28,1790765599096
5a3f97,56,1790766499096
0414cb,31,1790765599096
ed7118,19,1790766499096
d13ae4,34,1790765599096
c2cd5b,46,1790851099096
4e2481,48,1790766499096
088a48,23,1790765599096
a9c496,39,1790766499096
c1dcf4,19,1790765599096
c279fe,46,1790766499096
6ed878,22,1790851099096
a608fd,54,1790766499096
f0d6cc,28,1790851099096
5be1d2,25,1790766499096
951c4c,36,1790765599096
2f436b,29,1790851099096
0c6bf6,32,1790765599096
dd4dc1,21,1790851099096
5d346b,34,1790765599096
3564cf,49,1790851099096
1916e7,18,1790765599096
c3a70b,37,1790851099096
973f14,37,1790766499096
083e90,19,1790766499096
4e9f0b,20,1790766499096
58d9cc,31,1790851099096
eb390d,57,1790765599096
af922e,52,1790766499096
ad22f1,25,1790766499096
03b939,52,1790765599096
483862,45,1790851099096
0a4480,44,1790766499096
b3f339,37,1790766499096
06b30c,52,1790766499096
8b12a2,56,1790765599096
53455c,33,1790766499096
1edf2b,49,1790765599096
b6af04,45,1790766499096
04fbb7,40,1790851099096
dfae6b,24,1790851099096
ca4374,33,1790851099096
c396ed,57,1790766499096
c0d9dd,41,1790851099096
43fe3c,57,1790851099096
3af0a3,50,1790766499096
631439,34,1790765599096
fa2385,20,1790851099096
248d60,52,1790766499096
088f3c,19,1790765599096
eb7395,26,1790766499096
77f0e3,53,1790851099096
04c079,49,1790765599096
12dc1c,49,1790765599096
323bd4,36,1790765599096
645abe,58,1790766499096
d02934,34,1790765599096
ad0328,54,1790851099096
c1c60b,42,1790765599096
f45cc0,28,1790851099096
8d2301,44,1790765599096
179982,45,1790851099096
362a7e,52,1790766499096
16d736,49,1790765599096
bbe5d1,56,1790765599096
06d95e,16,1790766499096
07e3e7,20,1790766499096
354b87,43,1790765599096
9d8ccc,42,1790851099096
a53de5,49,1790766499096
e24462,27,1790766499096
cb869b,21,1790766499096
38f760,35,1790765599096
e28810,39,1790766499096
f833f2,15,1790766499096
f420ff,57,1790765599096
18e6db,43,1790765599096
d87d80,42,1790765599096
94ba2c,47,1790851099096
ce157a,48,1790766499096
398019,54,1790766499096
f42b3f,37,1790766499096
601441,57,1790851099096
2b10ba,49,1790851099096
fc14bd,44,1790766499096
3d4efd,35,1790851099096
2f6445,19,1790765599096
345ecc,44,1790766499096
785c83,36,1790851099096
da9fd0,31,1790765599096
82b4c8,24,1790765599096
308f51,32,1790851099096
203c5a,31,1790851099096
4a4750,29,1790851099096
3a10a7,40,1790766499096
087e10,15,1790851099096
c386fb,20,1790765599096
2da2ec,17,1790765599096
4e635a,26,1790765599096
3fdedf,59,1790851099096
6634a2,21,1790766499096
814e45,15,1790765599096
21a96e,21,1790765599096
2b6dad,38,1790851099096
a6ab2d,25,1790851099096
df921b,39,1790765599096
7f92e6,41,1790766499096
d9c047,45,1790851099096
8de8fa,22,1790851099096
fcde7f,57,1790851099096
b1f9a4,36,1790765599096
6bceb2,18,1790766499096
68e91f,53,1790765599096
63a784,53,1790851099096
cbd496,58,1790766499096
b7dc81,34,1790765599096
992386,55,1790765599096
01298c,44,1790765599096
6c25fc,49,1790765599096
0cc996,17,1790766499096
df2694,57,1790765599096
edc831,34,1790766499096
f64025,40,1790765599096
491b48,45,1790766499096
0a63f1,36,1790851099096
4f8da5,43,1790765599096
56e9ee,36,1790851099096
abf257,45,1790765599096
519b91,42,1790851099096
ee92cf,56,1790765599096
89f6e3,22,1790765599096
2a4c82,47,1790851099096
aeb8ee,55,1790765599096
2546ec,24,1790765599096
a5a68e,27,1790766499096
df9997,56,1790766499096
4e0524,35,1790766499096
ab70cb,27,1790851099096
c27451,25,1790765599096
819aac,42,1790851099096
fc0bd8,32,1790766499096
f067fe,25,1790851099096
90bb7e,23,1790766499096
841952,33,1790851099096
f0cc8f,39,1790765599096
95d919,21,1790851099096
aa41c0,20,1790765599096
034248,53,1790766499096
da4461,50,1790766499096
22a0e1,36,1790766499096
9e7d0f,22,1790765599096
d5c412,37,1790766499096
4c7b24,32,1790765599096
142bf2,47,1790851099096
ac8d0c,33,1790766499096
a107e5,47,1790765599096
a47a94,60,1790851099096
e943dc,16,1790766499096
95fbb9,15,1790765599096
625845,31,1790765599096
3bd308,22,1790766499096
bd3fb2,49,1790851099096
c9f80e,41,1790766499096
a28af7,56,1790766499096
d4283c,56,1790765599096
e42825,21,1790851099096
3f94ea,15,1790851099096
c9651f,46,1790851099096
f19ed2,32,1790851099096
b83583,47,1790765599096
85d6e8,32,1790765599096
227078,35,1790766499096
3c8830,57,1790851099096
22335a,19,1790851099096
33aed6,54,1790851099096
ff97e2,42,1790851099096
2bf0be,17,1790766499096
91adfe,41,1790851099096
2550c7,32,1790851099096
8cd6fc,18,1790851099096
be2d53,33,1790765599096
bad6f9,53,1790851099096
a2c193,29,1790851099096
464e5d,30,1790765599096
cb8249,24,1790851099096
edfafb,36,1790851099096
653937,42,1790765599096
952159,49,1790766499096
12f8ff,17,1790851099096
5fa01c,21,1790851099096
e2693f,60,1790851099096
ef0392,47,1790766499096
c2b16a,47,1790765599096
6ea55d,56,1790765599096
d862d5,44,1790766499096
b31d16,38,1790851099096
f15832,25,1790851099096
21f63b,55,1790851099096
506b73,18,1790766499096
257906,49,1790851099096
d157ba,25,1790765599096
52e7c1,29,1790851099096
a88ea6,46,1790765599096
c39c8e,26,1790765599096
67ecdb,18,1790766499096
faaaed,42,1790851099096
6b80fe,28,1790765599096
c3873d,22,1790766499096
80a637,52,1790765599096
c458ee,33,1790851099096
d66a17,53,1790765599096
019cee,57,1790765599096
d01524,36,1790766499096
94488f,19,1790851099096
5909f9,52,1790851099096
b41605,34,1790765599096
3a99ba,26,1790851099096
bf5dcc,56,1790851099096
106aa3,41,1790766499096
45d627,46,1790766499096
5bbb89,53,1790766499096
28efc2,45,1790851099096
c54c6e,21,1790851099096
8fbd88,27,1790766499096
9424ff,47,1790851099096
75f14e,23,1790766499096
3297b3,37,1790766499096
9ac1e6,36,1790765599096
581d7b,48,1790851099096
154a21,16,1790765599096
91ed9c,52,1790766499096
43e403,23,1790766499096
1c75fe,24,1790765599096
23ce93,33,1790765599096
820f60,56,1790851099096
a2f1c8,27,1790766499096
e34f38,32,1790766499096
3cfd57,21,1790766499096
a5bc7a,56,1790766499096
55e7e6,36,1790765599096
19b0db,56,1790851099096
dcfb6c,16,1790766499096
45d4df,22,1790765599096
ddc096,29,1790766499096
e7873c,39,1790766499096
0cab44,53,1790851099096
91fbde,28,1790851099096
8c27ec,25,1790765599096
87da5a,33,1790766499096
b56b76,34,1790766499096
ea3f3c,29,1790765599096
15aaeb,43,1790766499096
9b2a2c,45,1790851099096
371ece,35,1790851099096
8dd053,42,1790765599096
5157aa,41,1790851099096
8db5ec,27,1790766499096
08de98,21,1790766499096
b367b0,18,1790851099096
fdea8e,32,1790766499096
7ea5f5,41,1790851099096
bfc3a1,59,1790765599096
9f7081,46,1790851099096
2799a5,39,1790851099096
5b42ef,56,1790766499096
cca8d6,21,1790766499096
60b2aa,36,1790766499096
4daa92,26,1790851099096
a44f0f,32,1790766499096
a06c41,39,1790765599096
d328cb,20,1790851099096
cabb77,22,1790765599096
e74ebd,31,1790851099096
a00db0,48,1790766499096
6ef92d,28,1790851099096
d746da,54,1790851099096
74365a,47,1790766499096
a6ff01,59,1790765599096
14e41e,23,1790765599096
144038,39,1790766499096
ad388d,40,1790765599096
1e60ec,33,1790851099096
e76ffd,32,1790851099096
f5b79e,39,1790766499096
f7a3ae,47,1790766499096
190424,57,1790851099096
b9bf98,18,1790851099096
39ddd6,25,1790766499096
bdfdbf,27,1790766499096
adec70,52,1790765599096
cfa643,50,1790851099096
323d82,39,1790851099096
9d972a,19,1790766499096
c62835,48,1790766499096
187433,56,1790851099096
902a95,52,1790851099096
5d4e89,22,1790851099096
b2c4f3,36,1790766499096
8805e6,42,1790765599096
c026db,15,1790851099096
daa5e7,26,1790766499096
d20def,26,1790851099096
d6f3f9,31,1790766499096
7d0ad7,56,1790766499096
40f478,43,1790765599096
623ca6,58,1790851099096
e1049d,27,1790766499096
d73bcc,59,1790765599096
97123a,21,1790766499096
4e70f9,23,1790851099096
e71b25,59,1790765599096
9ce87e,57,1790766499096
c8d6b9,23,1790851099096
0357b3,56,1790766499096
cd1697,54,1790765599096
e7378c,49,1790851099096
ae1a05,38,1790851099096
a12696,50,1790765599096
50f963,22,1790851099096
e78f6d,51,1790851099096
9eae3e,36,1790851099096
d2c383,41,1790766499096
7a8e37,16,1790851099096
b18786,54,1790766499096
f9e4aa,41,1790766499096
f8754b,57,1790765599096
6a5eba,37,1790851099096
7bc816,53,1790851099096
0588c8,15,1790851099096
24b5ab,57,1790766499096
620c7b,60,1790766499096
889ecc,36,1790851099096
a262fe,16,1790766499096
896f65,52,1790765599096
65ff9f,15,1790851099096
e91fc0,42,1790851099096
d0321e,19,1790765599096
21096b,23,1790766499096
8fdc91,40,1790766499096
cc6249,48,1790851099096
c045b7,27,1790765599096
3de845,54,1790766499096
7cd4f4,57,1790851099096
0d76ac,31,1790766499096
dc69ca,30,1790766499096
b71945,58,1790851099096
ef1ab8,43,1790766499096
0ec5cb,54,1790851099096
8a4ccf,59,1790766499096
272731,26,1790851099096
dbeb7a,46,1790765599096
af94c0,54,1790766499096
c079fc,45,1790766499096
0d2ac9,39,1790765599096
368f39,46,1790851099096
957e38,46,1790765599096
7f631f,49,1790766499096
431817,16,1790851099096
5cce33,39,1790766499096
9131c1,19,1790766499096
77be42,57,1790851099096
688487,42,1790766499096
0e6fb9,49,1790765599096
537715,16,1790766499096
1641dc,15,1790766499096
c125ba,47,1790765599096
91cc20,22,1790851099096
b139b4,39,1790851099096
bf7439,58,1790851099096
1e9176,44,1790765599096
cc7e36,58,1790765599096
b39ae3,39,1790765599096
b4b363,19,1790766499096
6b9fe0,22,1790851099096
65b49f,56,1790851099096
0ceda6,41,1790766499096
aa460f,24,1790766499096
4472bd,25,1790851099096
10c762,25,1790766499096
bcdf27,45,1790765599096
34bfc2,50,1790765599096
6aa859,19,1790765599096
5f8949,41,1790765599096
d246b1,20,1790851099096
8db5e9,21,1790766499096
def6e5,57,1790765599096
39235f,23,1790766499096
271962,39,1790766499096
e04586,24,1790765599096
6e59cc,38,1790766499096
97a20a,57,1790851099096
5776de,20,1790765599096
5d1624,26,1790765599096
61ddf9,20,1790851099096
296084,26,1790851099096
e79e0c,38,1790766499096
75a585,37,1790851099096
d06040,51,1790765599096
0aa249,37,1790765599096
d02b32,46,1790766499096
245847,31,1790765599096
d2e50b,23,1790851099096
8e53cd,16,1790765599096
385ecb,55,1790765599096
ee834b,35,1790766499096
fc8dfe,56,1790851099096
ffd209,34,1790766499096
91269f,35,1790765599096
39620e,50,1790766499096
827f38,42,1790765599096
25482a,15,1790766499096
b9859c,40,1790766499096
44fc80,57,1790766499096
89aaab,53,1790765599096
f17c30,31,1790851099096
dfbe9f,51,1790765599096
a30a78,33,1790851099096
c3a73b,58,1790851099096
29fb75,49,1790765599096
7ee511,41,1790765599096
9a4f52,35,1790766499096
244150,28,1790766499096
d5c085,60,1790766499096
7695b7,16,1790851099096
c65b59,23,1790851099096
fa4c9d,24,1790766499096
142112,44,1790765599096
292472,21,1790851099096
014660,21,1790765599096
a77530,38,1790851099096
0d7a0f,42,1790851099096
5bce19,54,1790766499096
feae79,30,1790851099096
da0b26,21,1790765599096
f154af,33,1790766499096
6d5f01,27,1790851099096
efdbc7,25,1790851099096
ba84b8,18,1790851099096
6c888f,34,1790766499096
5d591e,20,1790766499096
8c4c23,35,1790765599096
d42a2f,38,1790766499096
f56554,37,1790765599096
631417,40,1790766499096
5b7737,28,1790851099096
d9a0e1,54,1790851099096
1fe035,44,1790851099096
e7c02d,60,1790851099096
22e7df,26,1790851099096
bf64ad,24,1790766499096
07ffe2,33,1790765599096
21523c,36,1790851099096
4529cd,43,1790766499096
8a1728,37,1790851099096
97b970,36,1790851099096
e60886,22,1790765599096
a97f0d,24,1790765599096
de3d14,30,1790765599096
a5baa3,50,1790851099096
c10f7d,23,1790766499096
572d1c,56,1790851099096
d1c7b4,34,1790766499096
0cf7e6,47,1790765599096
7f6971,28,1790765599096
b9bb5b,32,1790765599096
4956b0,41,1790766499096
68fd7e,56,1790851099096
a76c6a,17,1790765599096
ab1b56,50,1790765599096
c7b3a2,38,1790765599096
ee6a8c,41,1790851099096
64f91a,30,1790766499096
42ecb8,45,1790766499096
ee2c7c,59,1790765599096
55f25b,23,1790851099096
1d80ee,48,1790765599096
20736f,18,1790766499096
74e23c,50,1790765599096
fa06c3,54,1790765599096
cd7bb4,39,1790766499096
55903c,45,1790766499096
c42c60,29,1790766499096
baee39,28,1790765599096
04179b,42,1790851099096
80af85,49,1790765599096
d9a244,55,1790851099096
a18185,53,1790766499096
d17dc7,30,1790766499096
82ca7e,26,1790851099096
23d2fe,29,1790766499096
4a4e8d,39,1790765599096
d2f53f,27,1790766499096
c23010,27,1790851099096
02bf62,43,1790766499096
a097ea,43,1790851099096
339575,28,1790851099096
7966de,59,1790766499096
44d8aa,18,1790765599096
31886c,16,1790851099096
874577,57,1790766499096
c4b5c0,38,1790766499096
b57e35,55,1790766499096
16a697,38,1790766499096
0557e6,40,1790765599096
502dad,41,1790851099096
5c2044,58,1790851099096
60cd76,47,1790765599096
36481a,60,1790766499096
4987e8,19,1790766499096
5db3ea,18,1790851099096
d901fa,47,1790765599096
492cd1,26,1790766499096
26115c,36,1790765599096
def3e9,28,1790765599096
f343f2,45,1790765599096
47f39b,28,1790765599096
582e3f,21,1790766499096
dca935,29,1790851099096
5d56ca,18,1790766499096
4a2450,48,1790766499096
89b4ed,51,1790765599096
bf917c,42,1790766499096
35f1fc,21,1790765599096
36c0af,54,1790851099096
a5b870,18,1790766499096
f1ed5e,40,1790766499096
8261aa,39,1790765599096
b065b7,42,1790851099096
c9e778,19,1790765599096
4d875d,23,1790765599096
4f2533,20,1790851099096
07d278,40,1790766499096
fb0a45,52,1790766499096
9df1c0,36,1790851099096
bf7ccc,41,1790851099096
bcd6eb,25,1790766499096
a09fe0,24,1790766499096
a9636a,49,1790766499096
a1dc05,45,1790766499096
525393,53,1790765599096
4b5fad,52,1790765599096
512e2e,17,1790851099096
c24c84,15,1790766499096
d0a03b,56,1790765599096
fd0f1d,33,1790766499096
aa9590,35,1790851099096
fed7e8,47,1790851099096
8accc8,16,1790766499096
f8eead,16,1790765599096
6c3fa7,55,1790765599096
978f77,30,1790851099096
6e2796,41,1790765599096
39105f,37,1790766499096
bb4b9a,18,1790851099096
cd68cf,60,1790765599096
e8cecb,28,1790766499096
5ec9fb,60,1790766499096
36b87c,34,1790851099096
84bd89,57,1790765599096
70fbf0,58,1790765599096
bdc57f,55,1790851099096
d4c810,18,1790851099096
771cd2,26,1790851099096
3f593c,45,1790766499096
fa3226,24,1790766499096
d50537,47,1790766499096
a0b6df,57,1790851099096
f478a5,38,1790851099096
2e461f,28,1790765599096
e33d33,36,1790765599096
bb3142,33,1790765599096
2a23da,27,1790766499096
3e9261,31,1790765599096
619fc9,42,1790851099096
fa682e,24,1790765599096
27198b,51,1790765599096
20d13e,37,1790766499096
cf9bb3,33,1790851099096
dd2ed5,36,1790765599096
7920b1,18,1790766499096
78101d,48,1790766499096
2928e1,46,1790765599096
322a68,52,1790765599096
34bce7,20,1790765599096
0223bd,50,1790851099096
b0cd17,30,1790766499096
c3fcee,60,1790766499096
8caded,15,1790851099096
beab46,45,1790851099096
0ac000,24,1790766499096
1cad04,21,1790851099096
f058d1,53,1790765599096
ac307a,42,1790765599096
7c574f,52,1790766499096
e0be5f,16,1790765599096
eafb04,52,1790851099096
75b545,28,1790851099096
cbee4a,30,1790765599096
70f744,48,1790765599096
691ad8,38,1790765599096
e2335e,55,1790851099096
20cd64,28,1790766499096
cfa3c4,16,1790851099096
8da7ac,25,1790765599096
391ed6,50,1790766499096
437c2a,27,1790765599096
4b14bb,47,1790851099096
e74616,44,1790851099096
635aeb,41,1790766499096
7eea04,27,1790766499096
236287,21,1790766499096
35ecbf,47,1790766499096
becefa,26,1790766499096
c061ff,38,1790766499096
b75eb1,26,1790851099096
1e38f3,40,1790765599096
efa791,22,1790765599096
2a8ddf,16,1790766499096
98ed60,49,1790765599096
0eb7f4,59,1790851099096
fcb6cc,37,1790851099096
55b6a7,29,1790766499096
654c20,30,1790765599096
ab1f14,21,1790851099096
eb0bc0,49,1790851099096
494891,28,1790765599096
4c56f3,36,1790765599096
736c4a,32,1790851099096
a193a8,59,1790851099096
81ca00,41,1790765599096
8dae6f,59,1790765599096
b1fdf7,50,1790851099096
bba57d,35,1790766499096
0f5f78,53,1790765599096
98fb08,36,1790766499096
a10667,17,1790766499096
87fc03,52,1790766499096
fd4a93,30,1790766499096
65f4ce,25,1790851099096
19dc6e,25,1790765599096
c50b32,43,1790765599096
91cebc,32,1790766499096
781dc9,37,1790851099096
edb89e,41,1790851099096
f51b06,42,1790851099096
e845f9,43,1790851099096
aaf6f2,49,1790851099096
9b0f84,55,1790765599096
05c9d0,45,1790851099096
dad6cb,18,1790851099096
8361b2,51,1790765599096
61528f,33,1790851099096
e109e4,17,1790766499096
2f5986,40,1790765599096
832774,41,1790766499096
e45bcc,42,1790766499096
ec00b1,46,1790765599096
509ccb,25,1790765599096
e81b5b,57,1790765599096
62b579,55,1790766499096
e4140b,58,1790765599096
b177de,25,1790765599096
da2df4,15,1790851099096
2793cb,47,1790766499096
162586,42,1790851099096
176445,20,1790851099096
988ae9,18,1790851099096
4fe7d5,27,1790766499096
10844a,57,1790765599096
0fe55f,23,1790766499096
2d8323,48,1790765599096
8824d4,30,1790851099096
22cfb2,23,1790765599096
009164,25,1790851099096
3c9798,31,1790766499096
69239d,55,1790765599096
c391e3,20,1790765599096
8cf55b,39,1790766499096
5914e1,28,1790851099096
ed188d,19,1790765599096
f0199a,38,1790765599096
ded86d,54,1790766499096
fd9d9d,42,1790851099096
e48513,35,1790765599096
31315c,32,1790765599096
31a9af,59,1790765599096
7c5702,16,1790765599096
996d66,58,1790765599096
46af5c,53,1790765599096
98b388,48,1790766499096
d8a85a,37,1790851099096
654e21,41,1790765599096
359852,33,1790766499096
3ea8a2,32,1790766499096
7735bc,33,1790766499096
047c76,41,1790766499096
01ec35,51,1790851099096
7de182,31,1790766499096
d79d79,60,1790765599096
c5d4ff,48,1790851099096
c7e0b3,20,1790765599096
805a04,59,1790851099096
7901d5,41,1790765599096
01d0d4,24,1790851099096
a16100,38,1790765599096
50da28,51,1790851099096
299c09,44,1790766499096
fc4d80,40,1790765599096
99df3c,26,1790766499096
860440,15,1790851099096
41653a,56,1790851099096
0c9ba0,31,1790851099096
a835ff,21,1790766499096
10276b,47,1790766499096
113fe7,60,1790766499096
0f8211,36,1790765599096
49c738,24,1790765599096
e54d74,16,1790766499096
74fd82,34,1790851099096
442e90,59,1790851099096
08bef9,47,1790765599096
cdc308,58,1790765599096
60b5e6,54,1790766499096
4bb256,44,1790851099096
86a9e7,40,1790765599096
7215a0,34,1790766499096
e7c2be,37,1790765599096
39a3f9,40,1790765599096
3e1155,37,1790765599096
4c0963,40,1790765599096
769a99,18,1790851099096
859801,22,1790765599096
0d018b,30,1790851099096
d63c8d,34,1790766499096
82b30b,29,1790765599096
ecdff4,42,1790765599096
4231db,56,1790766499096
a27a70,15,1790765599096
f342c3,15,1790851099096
560479,22,1790851099096
ca5f65,41,1790765599096
3bd3c5,31,1790766499096
364c22,40,1790851099096
1f252c,49,1790851099096
f3482c,31,1790765599096
db49bf,52,1790765599096
925672,45,1790851099096
1646a6,45,1790766499096
92a9ce,50,1790851099096
1b7857,27,1790766499096
5ffa67,49,1790765599096
adc25e,31,1790766499096
0e9e92,49,1790851099096
b40d60,19,1790851099096
7fad50,25,1790851099096
8d183f,51,1790765599096
3e42de,17,1790766499096
5109ff,56,1790766499096
0cb4e9,54,1790766499096
dc0ece,18,1790851099096
f66098,43,1790766499096
0defbf,59,1790851099096
ceb4e4,30,1790765599096
9e6238,60,1790766499096
81a1c0,46,1790766499096
b1722e,25,1790765599096
1f3601,48,1790766499096
a91ce3,21,1790851099096
086467,35,1790851099096
cfaa2f,18,1790765599096
d54347,53,1790766499096
3e5862,55,1790765599096
f39e71,31,1790851099096
511e7a,59,1790765599096
cccc4d,56,1790765599096
4b21bf,40,1790766499096
757c87,30,1790765599096
0245cb,50,1790766499096
2879b8,34,1790851099096
c2e480,22,1790765599096
78dddb,16,1790765599096
1a1b67,42,1790766499096
0ad471,57,1790851099096
c1c46e,47,1790766499096
7462a8,51,1790851099096
9668e1,56,1790851099096
cc1d44,21,1790851099096
1856aa,43,1790851099096
6b63dc,44,1790765599096
4e995d,17,1790766499096
405714,19,1790851099096
0150a4,60,1790851099096
b61596,25,1790851099096
b73310,21,1790765599096
25bfc2,27,1790766499096
f49e68,31,1790766499096
108362,45,1790765599096
05ec27,53,1790851099096
4c3278,17,1790766499096
6f5e37,22,1790851099096
30bd1f,47,1790851099096
1631c2,47,1790851099096
cbc15e,15,1790766499096
eed70d,45,1790766499096
4c84c6,24,1790851099096
a8372e,18,1790851099096
275cf8,32,1790765599096
4980ca,31,1790766499096
0d12b1,44,1790766499096
661100,49,1790851099096
664b78,28,1790851099096
000209,19,1790765599096
ef5978,23,1790851099096
c523d8,27,1790766499096
d27859,54,1790766499096
480b03,51,1790765599096
6cb15b,30,1790765599096
878728,54,1790765599096
9eebca,21,1790765599096
4a49ac,29,1790765599096
a05c2d,30,1790851099096
4531a0,48,1790765599096
694a35,48,1790766499096
dbd89c,45,1790851099096
405bde,60,1790765599096
346050,45,1790765599096
87a957,59,1790851099096
bcb48b,37,1790851099096
625630,57,1790765599096
0f7b6f,32,1790765599096
a1916f,15,1790766499096
baabb4,37,1790766499096
578004,19,1790765599096
f44c21,49,1790766499096
e4149d,59,1790766499096
b470d2,35,1790765599096
fa8924,59,1790765599096
c850d8,39,1790851099096
3577a7,21,1790766499096
3fc26c,43,1790766499096
d5c8e8,42,1790766499096
8b8f76,54,1790766499096
8c7010,51,1790766499096
26374c,46,1790766499096
876229,48,1790851099096
f473bc,16,1790766499096
e4910e,33,1790765599096
f957fa,22,1790766499096
47aa23,34,1790851099096
368008,56,1790851099096
f2ee7f,36,1790765599096
95638b,43,1790851099096
566bf9,30,1790765599096
78cbe7,19,1790766499096
45e942,47,1790851099096
866726,58,1790851099096
0f6f94,42,1790766499096
38c3fb,47,1790851099096
f1c4ad,16,1790765599096
34a9da,52,1790765599096
f50009,57,1790765599096
244987,29,1790765599096
d9af90,30,1790851099096
bc2887,36,1790851099096
e818c8,46,1790765599096
1e3c6e,54,1790851099096
628927,57,1790851099096
43f42e,58,1790766499096
9c5cc0,22,1790851099096
32547b,15,1790765599096
77e67d,45,1790851099096
d553e2,33,1790766499096
9ddd3d,44,1790851099096
c0ab61,34,1790766499096
2e37f1,16,1790851099096
e42f10,22,1790851099096
9bb25a,40,1790766499096
ae3e2f,55,1790765599096
2906b6,51,1790851099096
d6abd2,19,1790766499096
8469de,24,1790765599096
fcf3b5,48,1790851099096
76d27e,32,1790851099096
52fe81,29,1790851099096
5792f2,35,1790851099096
4cf432,17,1790765599096
dca480,28,1790766499096
4943e2,54,1790766499096
5b05ca,35,1790766499096
3e2fe9,34,1790851099096
0a4b59,16,1790765599096
05927f,34,1790765599096
28825c,53,1790766499096
942567,21,1790851099096
daba3b,28,1790851099096
6864c0,44,1790765599096
fb7d35,41,1790851099096
c8df43,30,1790766499096
a18e5e,41,1790851099096
3e13be,60,1790765599096
ec36b1,33,1790765599096
5f720d,40,1790851099096
5678e8,16,1790851099096
e3fd73,17,1790766499096
4249f6,31,1790851099096
3152b3,51,1790766499096
21867b,40,1790851099096
591ce6,49,1790765599096
933732,48,1790851099096
e827f6,29,1790851099096
f3ff3f,25,1790851099096
133c9d,16,1790851099096
c0423b,36,1790851099096
7f44e8,48,1790766499096
e4afb0,43,1790765599096
6b9bcc,52,1790765599096
8edd08,43,1790851099096
2824c2,18,1790766499096
b7e0a7,34,1790765599096
e146a6,33,1790851099096
d69575,17,1790765599096
997115,45,1790765599096
45f38a,29,1790766499096
5e64eb,24,1790851099096
6acf08,44,1790765599096
cd0a00,54,1790766499096
4dc258,47,1790766499096
986b1e,44,1790765599096
5fa407,32,1790766499096
d622ef,55,1790766499096
191f81,31,1790765599096
8d362a,56,1790765599096
6675b6,51,1790766499096
ec7c91,31,1790765599096
656eb3,28,1790765599096
8c062c,23,1790765599096
37964d,20,1790766499096
c329fb,19,1790765599096
aeafb1,47,1790765599096
c5bacd,16,1790766499096
cd566c,25,1790766499096
79c389,48,1790766499096
f8035d,42,1790765599096
0031cf,49,1790766499096
9771fb,27,1790765599096
6d2bbe,56,1790851099096
f71876,56,1790766499096
74d7ac,36,1790765599096
2fa755,35,1790765599096
bca0d7,59,1790765599096
4ea533,20,1790766499096
a27c41,17,1790851099096
56ca6f,23,1790851099096
ea6598,15,1790766499096
17783c,53,1790851099096
1f7122,51,1790766499096
f030e4,54,1790765599096
2a0d00,42,1790851099096
b64860,55,1790765599096
dae828,24,1790851099096
e5f7ab,43,1790851099096
212819,56,1790765599096
02593c,19,1790851099096
564539,22,1790765599096
61b181,22,1790766499096
36d253,18,1790765599096
1447de,51,1790766499096
28c548,48,1790766499096
b22734,40,1790851099096
3c7bfb,29,1790851099096
c1da81,47,1790766499096
d336b0,43,1790766499096
25944f,32,1790851099096
9488b3,15,1790766499096
15ed9c,27,1790851099096
15f745,55,1790851099096
ada36b,56,1790851099096
f9df13,44,1790765599096
d788db,20,1790765599096
eb529b,25,1790851099096
1a25c4,21,1790766499096
855c95,32,1790766499096
e922c3,36,1790765599096
c8fa93,34,1790766499096
91bae0,21,1790851099096
6c8bfa,25,1790766499096
32d7fb,23,1790765599096
eb58b0,37,1790766499096
ec5fae,39,1790851099096
cfaa3f,23,1790766499096
9adf81,18,1790765599096
204041,46,1790851099096
4ab9fe,21,1790766499096
ccae38,23,1790766499096
973b4c,54,1790765599096
94d0d5,32,1790851099096
eabf98,23,1790766499096
69233d,18,1790851099096
79c1fc,24,1790851099096
d1f646,28,1790851099096
543a9d,39,1790766499096
261d52,45,1790851099096
6798b1,25,1790851099096
098b22,35,1790765599096
e9d013,19,1790766499096
d9d328,29,1790766499096
79a6bd,50,1790851099096
006291,22,1790765599096
3c0f01,26,1790766499096
203ef7,30,1790766499096
12a843,44,1790765599096
bcb9b6,31,1790851099096
d33b4a,39,1790765599096
6d8731,28,1790851099096
c4a8a7,54,1790765599096
99720b,16,1790766499096
8eec80,35,1790766499096
6b7ff5,46,1790766499096
36750e,41,1790851099096
95e621,29,1790851099096
47dc39,26,1790851099096
a31a35,48,1790766499096
5f7f77,50,1790766499096
d78666,38,1790766499096
e59f8a,23,1790851099096
305ad7,32,1790765599096
219381,32,1790851099096
0e26a3,42,1790851099096
1acc6f,29,1790766499096
25dc0a,52,1790765599096
1b859e,52,1790851099096
d640df,52,1790765599096
ea66e0,52,1790766499096
fd619e,20,1790765599096
5ca855,42,1790851099096
27d1b7,42,1790851099096
dbc6db,17,1790851099096
d13e1a,36,1790765599096
9bd3ae,54,1790766499096
792cb3,31,1790765599096
606d31,32,1790766499096
c087d6,47,1790765599096
4bb77e,50,1790765599096
ea721e,54,1790851099096
64e581,22,1790766499096
a52cdb,46,1790765599096
775177,58,1790765599096
d3013d,38,1790765599096
8e3a0b,54,1790766499096
f15310,60,1790766499096
99b7b2,35,1790766499096
7f67fb,29,1790766499096
e05cb4,28,1790765599096
e4932f,22,1790851099096
0d290c,45,1790851099096
8602cd,28,1790851099096
cdba9c,20,1790766499096
7b62dd,59,1790766499096
4e2098,29,1790851099096
dbd9fd,34,1790851099096
a38f77,33,1790851099096
d646aa,24,1790766499096
80f55e,29,1790765599096
2cd4ad,53,1790851099096
771d41,23,1790766499096
0c325d,28,1790766499096
e217d6,17,1790766499096
b625b9,54,1790851099096
464ca5,59,1790851099096
1c58e6,52,1790766499096
5f78e1,15,1790766499096
dba77b,52,1790765599096
378351,41,1790766499096
df8d10,23,1790766499096
c13e7c,35,1790766499096
b60aba,49,1790851099096
164cb9,50,1790765599096
d147db,43,1790766499096
72bd45,24,1790766499096
929f96,52,1790765599096
ab0c8a,52,1790851099096
7d44c8,30,1790766499096
dfc1b8,29,1790765599096
18cfca,59,1790851099096
928f2f,50,1790766499096
f9155f,54,1790766499096
2f4b8f,18,1790766499096
796c33,15,1790851099096
6efc9b,20,1790766499096
1e8fe3,50,1790851099096
27bf48,31,1790765599096
e71f82,28,1790766499096
12ca69,49,1790766499096
7a4111,48,1790766499096
a68a97,18,1790851099096
95817a,46,1790851099096
583773,49,1790766499096
ab036d,42,1790766499096
a78be3,35,1790766499096
403871,37,1790851099096
8f5d37,45,1790851099096
1faa38,51,1790765599096
1ef69f,33,1790766499096
9f49f0,15,1790765599096
2d0caf,52,1790851099096
9d3afd,26,1790766499096
4349db,52,1790765599096
eb9c10,39,1790765599096
5b5da9,42,1790765599096
10cca6,17,1790766499096
49b967,47,1790851099096
af2692,58,1790765599096
269c8b,44,1790851099096
b08678,54,1790765599096
a3d6f3,27,1790765599096
2a1eef,29,1790766499096
366a62,35,1790766499096
ef96d5,55,1790766499096
7e6e59,60,1790851099096
8b57e5,58,1790766499096
a88406,60,1790766499096
edbc46,46,1790765599096
46f6d6,47,1790766499096
0cca7e,39,1790766499096
d3cf1e,16,1790851099096
5f6aba,55,1790851099096
4c3628,38,1790765599096
638560,29,1790765599096
e31377,28,1790851099096
e317f3,46,1790765599096
8bc5f3,32,1790851099096
a7dc99,45,1790765599096
849500,35,1790765599096
93cc12,46,1790851099096
f4ac78,56,1790766499096
400cc0,24,1790765599096
45ebfb,19,1790766499096
6b08ec,21,1790851099096
1cc6e5,29,1790851099096
e49d6e,19,1790851099096
b6bfb4,60,1790851099096
17812b,28,1790765599096
3d5146,49,1790765599096
c4b6c5,57,1790766499096
150f0e,19,1790851099096
8b9889,19,1790765599096
1b9ef7,18,1790765599096
c144fe,27,1790765599096
d5c551,54,1790765599096
3f8fce,34,1790765599096
05aa1b,56,1790765599096
55510c,56,1790765599096
663ecb,58,1790766499096
b1e6f0,25,1790766499096
e8b8c5,57,1790765599096
66b7f0,34,1790765599096
ef12cc,51,1790765599096
f088ef,36,1790766499096
ae4593,39,1790765599096
fef34c,26,1790766499096
fa10e8,55,1790766499096
57de60,24,1790851099096
2ade85,43,1790765599096
fb0311,44,1790851099096
85ba5e,36,1790766499096
6f9159,43,1790765599096
738ac3,36,1790766499096
fc383e,22,1790851099096
0e3491,28,1790766499096
b5c1b0,37,1790765599096
b67875,17,1790851099096
7259cb,45,1790765599096
0cc473,24,1790766499096
8e7308,49,1790766499096
cc5b4a,44,1790851099096
46c731,47,1790766499096
2f0a5d,57,1790766499096
6ae136,29,1790851099096
4be686,32,1790765599096
b5fe5b,34,1790766499096
4aa1dd,20,1790851099096
34e25c,28,1790766499096
cc7116,22,1790851099096
f3f344,58,1790765599096
5562b8,24,1790766499096
633aa2,57,1790851099096
f08d39,16,1790766499096
bc9755,22,1790765599096
24fc1a,21,1790766499096
7f11e4,26,1790851099096
ad3c6b,45,1790765599096
31bd59,54,1790766499096
0eb389,41,1790766499096
a00f94,23,1790851099096
3e8048,17,1790851099096
49550b,41,1790765599096
82727e,38,1790765599096
49b764,44,1790765599096
cd7cb0,19,1790851099096
571f20,40,1790766499096
59704d,26,1790851099096
2ea997,44,1790851099096
0dd692,54,1790765599096
e6ae36,44,1790851099096
be3e9f,30,1790766499096
5bda78,48,1790851099096
986f13,48,1790851099096
627052,51,1790766499096
b3c3bb,58,1790851099096
45b327,26,1790766499096
64b5be,60,1790766499096
64e41f,58,1790851099096
98774b,56,1790766499096
8cc205,53,1790851099096
165cfa,15,1790766499096
36f775,55,1790851099096
0c2c35,16,1790851099096
ab9063,15,1790766499096
7ec056,16,1790766499096
49e7d9,32,1790765599096
d67ac3,45,1790851099096
5d38c0,41,1790766499096
a067ca,22,1790765599096
6a41a8,38,1790765599096
3ed69e,56,1790851099096
3a5bc3,38,1790766499096
08d9e7,49,1790766499096
d459dc,53,1790765599096
6d1375,40,1790851099096
a122b8,15,1790766499096
a5ce0d,49,1790766499096
195386,35,1790851099096
998112,52,1790766499096
37e76d,50,1790765599096
3a324e,19,1790851099096
3bde15,15,1790765599096
5ac07d,16,1790766499096
76daec,39,1790765599096
a6af7a,33,1790851099096
d51c82,38,1790851099096
5d0fb9,29,1790766499096
94ae31,40,1790851099096
75c86a,56,1790766499096
9a4307,20,1790766499096
968496,49,1790765599096
2ed130,58,1790766499096
e06112,51,1790766499096
28e898,49,1790765599096
e0e956,54,1790851099096
5153cd,15,1790765599096
bc7d71,43,1790766499096
e01b6b,17,1790765599096
568f47,21,1790765599096
c2d663,31,1790766499096
285fa1,59,1790765599096
7c4b4f,28,1790766499096
d6b56d,22,1790851099096
95112f,37,1790851099096
aba7eb,36,1790851099096
186fda,29,1790851099096
ff99da,59,1790766499096
fd2dcb,30,1790851099096
47b803,36,1790765599096
9e0c46,40,1790765599096
f947d3,60,1790766499096
6f9130,20,1790765599096
a4fa8a,47,1790765599096
552613,37,1790765599096
fb088a,29,1790851099096
9b212f,47,1790851099096
d1d193,60,1790765599096
4034f4,37,1790766499096
510455,50,1790766499096
40f07c,53,1790851099096
d51118,30,1790765599096
58d33f,48,1790766499096
f8a4ff,26,1790765599096
f98956,29,1790766499096
cd2582,29,1790765599096
043a23,28,1790851099096
b6150d,58,1790851099096
857516,44,1790765599096
dc8fe9,30,1790765599096
02fb9c,33,1790766499096
b29081,54,1790765599096
e7e6a9,36,1790765599096
c426f4,36,1790766499096
c8b57c,16,1790851099096
8ee896,32,1790766499096
32fb91,47,1790851099096
acf3f3,24,1790765599096
d55822,45,1790851099096
b24d3e,34,1790766499096
0cf5e6,54,1790766499096
4655b5,54,1790766499096
8b97d1,57,1790851099096
7dbdf1,43,1790765599096
ff39af,39,1790765599096
9990b9,44,1790765599096
fb6be1,38,1790851099096
69afe7,44,1790851099096
228762,42,1790851099096
bf85e1,56,1790766499096
f1883c,44,1790766499096
ad3715,59,1790765599096
6285a8,55,1790765599096
f71439,27,1790766499096
e1cfd5,47,1790851099096
302a3a,38,1790851099096
785d6c,59,1790765599096
df3aa5,22,1790766499096
7e96d9,30,1790851099096
4e9b87,36,1790765599096
fc56c3,45,1790765599096
b8edb6,16,1790851099096
fafaa6,47,1790766499096
bb673d,23,1790851099096
c1fde6,45,1790766499096
adafbd,53,1790765599096
8671e9,57,1790765599096
06d60f,49,1790851099096
7be42b,33,1790851099096
222f88,47,1790765599096
f6c4dd,27,1790765599096
e5e5fe,43,1790765599096
0df80d,47,1790765599096
5bd07b,38,1790851099096
b533a9,38,1790765599096
0d1ce5,32,1790766499096
36d828,36,1790851099096
262f24,48,1790851099096
241103,45,1790765599096
52d0e1,60,1790766499096
840479,31,1790765599096
c5d244,34,1790765599096
6fbd3e,27,1790765599096
cd6f35,22,1790765599096
29846f,59,1790766499096
c2ad4b,28,1790765599096
9c1f47,41,1790765599096
6fca3a,49,1790766499096
803584,40,1790765599096
a61266,33,1790765599096
26ea7d,59,1790765599096
3f5e47,38,1790851099096
ec7e92,55,1790765599096
df29e1,20,1790851099096
26ecdc,33,1790851099096
fa885b,32,1790766499096
59520c,22,1790766499096
38395f,52,1790851099096
64e679,37,1790851099096
11f239,30,1790851099096
0655bd,44,1790851099096
31cfbc,56,1790765599096
6b87e2,58,1790851099096
9a17b2,18,1790851099096
a88965,58,1790851099096
ffd65b,29,1790766499096
2bb78b,39,1790765599096
99dcab,34,1790851099096
4167cd,49,1790766499096
21fd13,58,1790765599096
8dc30b,16,1790851099096
b71b0c,26,1790851099096
f83755,19,1790765599096
170be0,50,1790766499096
7693e0,29,1790851099096
2fbd8d,46,1790765599096
ea9883,31,1790851099096
0daa89,39,1790765599096
cff2ee,22,1790765599096
329817,42,1790765599096
186ccf,43,1790766499096
c1b059,59,1790765599096
734371,52,1790766499096
3827e5,20,1790765599096
5ac762,29,1790851099096
341a52,15,1790851099096
05139e,52,1790766499096
184e68,57,1790851099096
3abb6c,39,1790851099096
71e09c,31,1790766499096
7a1eda,46,1790765599096
a4048d,60,1790765599096
80baf3,28,1790766499096
255bfc,25,1790766499096
73d6e5,32,1790765599096
40650b,21,1790851099096
2e8f96,43,1790851099096
21c346,49,1790766499096
4a791a,40,1790851099096
1732af,56,1790851099096
732fe3,25,1790766499096
d41994,35,1790765599096
3b6c57,54,1790765599096
7a5e6d,32,1790851099096
4430a6,43,1790765599096
730cfd,46,1790765599096
e5f94e,26,1790765599096
a00701,42,1790765599096
4c4b2e,19,1790851099096
5ff359,22,1790851099096
80b4b9,48,1790766499096
2d1977,38,1790851099096
dd52f6,25,1790765599096
4e520a,58,1790851099096
d59d31,33,1790766499096
7a0e65,54,1790766499096
89f114,50,1790765599096
dc7545,24,1790766499096
bc3293,29,1790765599096
8e31ff,19,1790765599096
fc5508,20,1790766499096
906e5c,46,1790766499096
d611b8,43,1790765599096
8af433,34,1790766499096
38d68c,25,1790765599096
d73aab,19,1790765599096
f913b2,37,1790851099096
fe9060,60,1790765599096
c4500d,48,1790851099096
b2e7db,60,1790765599096
4eb924,25,1790766499096
bd208e,46,1790766499096
7f34bb,59,1790766499096
2c10ea,38,1790851099096
cceae6,39,1790765599096
c4fe4a,50,1790765599096
37aaa0,18,1790851099096
0e8d45,53,1790851099096
f2c64b,55,1790851099096
6419f9,52,1790766499096
8a0d1b,15,1790765599096
2ce238,37,1790765599096
8b9e68,16,1790766499096
e53349,35,1790766499096
64f7fe,50,1790765599096
8951dd,34,1790765599096
e420be,39,1790851099096
cb6524,22,1790766499096
4e7a24,57,1790765599096
55c19e,30,1790765599096
2af5d6,15,1790766499096
a3d713,33,1790766499096
71cc21,37,1790766499096
15f980,60,1790851099096
162f89,55,1790851099096
2dcb99,50,1790851099096
65ec8d,39,1790766499096
af4949,22,1790766499096
63bc1c,26,1790851099096
97f352,43,1790766499096
0cda72,31,1790851099096
7db88b,21,1790765599096
f53873,48,1790766499096
426ea9,37,1790765599096
31155b,19,1790851099096
f1136a,25,1790765599096
ab46d4,47,1790765599096
c8ec36,20,1790765599096
e4798b,48,1790766499096
ca29d9,19,1790766499096
1e2b4c,29,1790765599096
ccc10b,33,1790851099096
c82b6e,31,1790766499096
f802d3,55,1790851099096
64ef8f,20,1790851099096
707269,16,1790765599096
74192c,39,1790765599096
487424,58,1790765599096
692e4f,30,1790766499096
29dfab,41,1790765599096
8571d6,28,1790765599096
5d4c1c,21,1790766499096
0d9b66,28,1790766499096
f3b095,60,1790766499096
563a18,45,1790765599096
1d0816,33,1790851099096
1e65ae,37,1790765599096
5f1a00,21,1790851099096
46a040,52,1790851099096
f5193e,59,1790766499096
d8617e,45,1790766499096
a5ccea,37,1790851099096
2c4d87,54,1790766499096
45b6d7,27,1790766499096
0d62e5,21,1790766499096
67de7e,52,1790766499096
597746,53,1790765599096
e154e3,51,1790851099096
f565b6,46,1790766499096
635b3a,41,1790765599096
2281fd,52,1790766499096
62bb32,38,1790765599096
e74535,16,1790766499096
93f643,33,1790765599096
df0d4d,58,1790765599096
918f9e,25,1790766499096
3ffd48,60,1790765599096
9380fe,50,1790765599096
c63519,56,1790766499096
ece54f,37,1790765599096
076519,49,1790851099096
52ad5e,47,1790766499096
d103f3,22,1790765599096
373bf4,40,1790766499096
888381,53,1790765599096
ec85ee,60,1790765599096
b2bced,27,1790766499096
5f3468,47,1790851099096
6b9df7,29,1790766499096
ed619e,34,1790765599096
4f3713,50,1790851099096
689103,55,1790851099096
eb12fa,23,1790851099096
22efbc,56,1790765599096
758c5a,23,1790766499096
0482bc,53,1790851099096
b77f2a,59,1790766499096
b97cb4,53,1790765599096
865721,17,1790851099096
6f2f91,26,1790851099096
f84669,44,1790766499096
591040,56,1790765599096
8e8390,50,1790766499096
42aa99,42,1790765599096
870412,16,1790766499096
012945,27,1790765599096
648756,17,1790765599096
6240da,44,1790851099096
1de478,23,1790765599096
3d58e1,36,1790766499096
529494,58,1790765599096
692750,55,1790766499096
46e3c5,60,1790851099096
7f1051,24,1790765599096
ff26fa,44,1790765599096
f1b41a,52,1790851099096
229791,57,1790766499096
07f35a,41,1790765599096
06773f,18,1790765599096
cdd3bc,15,1790851099096
0cd92f,54,1790765599096
817988,41,1790851099096
75f135,29,1790851099096
1eab4e,53,1790765599096
ac91dd,45,1790765599096
5e117a,25,1790851099096
b79258,33,1790766499096
6d00f0,39,1790851099096
4178fc,60,1790765599096
a456d4,25,1790851099096
8f13b5,53,1790766499096
6974f6,27,1790851099096
779c64,24,1790765599096
8444f5,40,1790765599096
826b30,22,1790851099096
a0faa1,38,1790851099096
7901d7,45,1790851099096
7eb9bd,30,1790765599096
d05b8b,55,1790851099096
d628db,27,1790766499096
1b5c45,49,1790765599096
adc69c,58,1790766499096
f8e5b9,55,1790766499096
29a918,52,1790765599096
99b763,45,1790766499096
81347c,25,1790766499096
958c7b,57,1790765599096
f528d2,24,1790765599096
2b7bb4,48,1790851099096
634790,28,1790766499096
c1be73,49,1790765599096
5965e1,41,1790851099096
0f188a,22,1790765599096
af5b04,59,1790766499096
dfa70e,39,1790766499096
dd4ebf,26,1790851099096
d2a9d4,35,1790766499096
88b1fd,47,1790766499096
0e8a6c,31,1790851099096
1021b7,19,1790765599096
76d7a0,17,1790851099096
478574,41,1790766499096
a5ff21,42,1790851099096
abd802,60,1790851099096
0e8a2f,60,1790766499096
5cf82a,16,1790851099096
507bfb,48,1790851099096
071bac,15,1790765599096
f4f605,60,1790766499096
5efe44,35,1790766499096
42371b,25,1790851099096
c8c684,43,1790765599096
5faf63,26,1790765599096
a45835,26,1790766499096
7298ba,33,1790765599096
35c057,31,1790766499096
cb0b35,36,1790765599096
1bc7c5,35,1790766499096
4b8434,40,1790765599096
a6d9e5,38,1790766499096
00a856,59,1790765599096
1fca95,40,1790851099096
a1da57,18,1790766499096
6ff34b,42,1790766499096
e83cb4,21,1790765599096
8d268c,60,1790851099096
67bfd0,40,1790766499096
6323d8,48,1790851099096
50299e,47,1790766499096
0797dd,29,1790851099096
1cc05b,42,1790766499096
ab10f5,28,1790851099096
9b5500,26,1790766499096
d7c3f8,48,1790766499096
e9dcf7,29,1790851099096
58af36,54,1790766499096
766fae,54,1790765599096
14103c,30,1790851099096
5a92b3,24,1790765599096
e67626,38,1790765599096
325b03,18,1790851099096
e7e9c6,22,1790766499096
ce26e7,37,1790765599096
4c3527,46,1790851099096
3a917e,34,1790765599096
6e8408,23,1790765599096
270564,26,1790766499096
28a5a3,39,1790766499096
b29db5,57,1790765599096
141e84,46,1790765599096
55274e,47,1790765599096
8c6be2,55,1790765599096
3ca636,32,1790765599096
5ca890,21,1790766499096
a6cfe9,31,1790851099096
5cccb6,48,1790766499096
c90fe5,48,1790851099096
985ac4,27,1790766499096
55e65f,51,1790765599096
0132de,43,1790766499096
8e683b,15,1790766499096
c8445d,27,1790851099096
958a2c,30,1790851099096
ba72d7,56,1790765599096
51b5a0,23,1790766499096
c03367,24,1790766499096
0b8f02,32,1790851099096
7319c0,16,1790851099096
b30b32,17,1790851099096
2c7fca,43,1790766499096
c5848c,54,1790851099096
f3e886,30,1790766499096
18a053,47,1790766499096
995e33,34,1790766499096
3c4587,53,1790765599096
b9e475,25,1790851099096
2545bc,28,1790765599096
911334,58,1790765599096
1c5490,58,1790851099096
e81f0d,36,1790851099096
3bf249,31,1790766499096
a867ba,37,1790766499096
f1bba4,21,1790851099096
109cbf,47,1790765599096
5b7780,48,1790766499096
559696,31,1790765599096
a85389,44,1790851099096
fd0331,57,1790766499096
e38366,18,1790766499096
42d0af,42,1790851099096
d0296c,24,1790765599096
b2f6f7,31,1790765599096
e2364a,34,1790851099096
dd45fe,18,1790851099096
c6fffe,35,1790851099096
7f8d18,43,1790766499096
64e10d,45,1790851099096
2131cb,44,1790766499096
27f688,42,1790765599096
dc28fb,39,1790765599096
00cce2,55,1790851099096
594c2c,32,1790765599096
f38baf,39,1790851099096
898104,53,1790766499096
57eae9,22,1790851099096
09f053,25,1790765599096
db5b27,53,1790765599096
df7648,25,1790851099096
896575,22,1790766499096
191031,22,1790766499096
7c2f62,25,1790851099096
491f2b,49,1790765599096
d9646b,27,1790766499096
f0745a,39,1790766499096
23b4d1,30,1790766499096
456565,20,1790851099096
81e588,39,1790765599096
d7e8b8,34,1790766499096
6cfd38,37,1790765599096
b09f80,49,1790765599096
33e83e,40,1790766499096
a81cd7,36,1790851099096
1c70ed,21,1790851099096
0ae046,21,1790766499096
542019,56,1790765599096
bd6a92,40,1790851099096
98a29b,53,1790851099096
a1c5e0,51,1790765599096
7c38ac,50,1790851099096
c345cb,47,1790765599096
ba1ad8,26,1790765599096
3a02d3,24,1790765599096
c14720,43,1790766499096
ab47dc,18,1790765599096
4b62c5,28,1790851099096
ffca6c,59,1790766499096
6c1c61,18,1790766499096
b0c238,16,1790766499096
c5ec34,34,1790765599096
f3c260,32,1790766499096
23aae1,39,1790851099096
2160f6,52,1790766499096
b02e66,38,1790766499096
4955a5,59,1790765599096
8283e3,37,1790766499096
136572,23,1790765599096
19dee9,37,1790851099096
e7b550,28,1790851099096
2a7c90,35,1790765599096
ed4784,60,1790765599096
6c22a5,44,1790766499096
2e9802,16,1790851099096
f9d4d8,31,1790765599096
6fc937,17,1790765599096
9e1ac2,23,1790765599096
5bb971,30,1790851099096
5b8469,44,1790766499096
d10885,40,1790851099096
2264e8,44,1790851099096
839d5b,16,1790766499096
c15a5b,35,1790766499096
d3bf7d,22,1790766499096
0641c3,29,1790851099096
65acf4,45,1790766499096
62c4ef,38,1790851099096
2f58a7,34,1790851099096
62066f,25,1790766499096
39ac0f,59,1790765599096
825d54,42,1790765599096
98e813,24,1790765599096
c0e586,16,1790851099096
f603e9,24,1790765599096
70de07,46,1790765599096
91c0e0,23,1790766499096
1a8220,18,1790766499096
b67361,26,1790851099096
40a405,49,1790766499096
3ffdb4,24,1790765599096
42456b,40,1790766499096
d2f92f,24,1790766499096
79f6ff,15,1790765599096
38ed41,29,1790766499096
c8e920,26,1790766499096
46019c,47,1790766499096
23ae21,33,1790765599096
ff809d,52,1790851099096
214c36,52,1790851099096
d6037a,57,1790766499096
69e8ff,47,1790765599096
36c955,59,1790765599096
822b5c,37,1790851099096
301479,37,1790766499096
1528cc,29,1790766499096
914e0e,42,1790766499096
57397f,38,1790766499096
b2a8f0,59,1790766499096
7b741c,40,1790851099096
b18e16,48,1790851099096
37e937,46,1790851099096
478d16,37,1790765599096
840609,41,1790766499096
d5965a,41,1790851099096
beac4a,28,1790851099096
ef624e,21,1790765599096
0b05b7,28,1790765599096
ab9c43,20,1790766499096
62c941,55,1790766499096
d5e646,16,1790766499096
81ef71,33,1790765599096
8ec6d1,48,1790765599096
9e9cfa,51,1790765599096
aeecbb,34,1790851099096
09648a,31,1790851099096
562772,60,1790766499096
6efdfb,25,1790765599096
6f3597,58,1790851099096
19f417,48,1790765599096
9007b8,51,1790851099096
02a915,33,1790765599096
d33b6e,25,1790765599096
947432,37,1790851099096
bdc715,34,1790851099096
061d21,31,1790765599096
f8e7f5,42,1790851099096
10c1a4,45,1790851099096
f31777,50,1790766499096
7b636d,48,1790766499096
eb39f6,59,1790851099096
ff1235,32,1790851099096
d58c3d,54,1790851099096
50af07,53,1790851099096
f9404d,57,1790766499096
ae5bec,33,1790765599096
ec35b0,25,1790851099096
6c756a,35,1790765599096
3c27e2,31,1790766499096
d7b7c1,40,1790766499096
96747b,37,1790851099096
7d131b,42,1790765599096
c76085,37,1790851099096
11a1c6,55,1790765599096
6af29b,21,1790851099096
ba7035,45,1790766499096
59acf0,37,1790766499096
eb8b89,29,1790766499096
231cac,22,1790851099096
a5429d,28,1790765599096
624f48,32,1790851099096
6c6e20,53,1790765599096
ddb547,46,1790851099096
f6ab05,43,1790765599096
610b77,15,1790766499096
d2aa9f,53,1790766499096
42659f,25,1790766499096
a508c6,48,1790851099096
3dcd0c,57,1790766499096
ea6765,36,1790765599096
db20ef,19,1790851099096
dedc1c,26,1790851099096
e3b521,36,1790851099096
382785,19,1790851099096
93b993,37,1790851099096
4d38ea,46,1790765599096
02fa8f,38,1790766499096
18a478,35,1790766499096
a02413,60,1790766499096
411c28,16,1790851099096
45c95d,56,1790851099096
f04ae0,43,1790765599096
7d1af3,45,1790765599096
5e9b64,42,1790851099096
f2ba0d,53,1790851099096
a44a67,26,1790851099096
73f677,27,1790851099096
83a8d8,26,1790765599096
290185,49,1790851099096
efeaf7,60,1790766499096
fb12d2,52,1790766499096
ead306,38,1790765599096
83e721,57,1790766499096
52e826,19,1790766499096
0fc290,39,1790851099096
4c8859,57,1790765599096
c61582,48,1790765599096
29d904,24,1790766499096
c3460f,28,1790766499096
86a2f9,55,1790851099096
62cf1d,60,1790851099096
66cf32,52,1790851099096
4767e4,36,1790766499096
2bdf73,46,1790766499096
4b9dcb,19,1790765599096
580b75,50,1790766499096
daeb5c,51,1790765599096
a88b14,33,1790766499096
c414db,33,1790766499096
fb6d99,54,1790851099096
304ffb,23,1790765599096
2d6466,15,1790851099096
c33d97,17,1790766499096
30e23c,25,1790851099096
6bdfca,15,1790765599096
5d2539,27,1790765599096
a2f83b,47,1790851099096
efb061,39,1790766499096
947015,22,1790765599096
5fb205,31,1790851099096
712f0d,49,1790851099096
ca9d26,42,1790765599096
1f8bcc,53,1790851099096
ad3ad8,22,1790765599096
f69c07,23,1790765599096
113d1a,18,1790765599096
ecd49a,19,1790765599096
31ad62,39,1790851099096
90bc2a,44,1790765599096
7043d1,43,1790765599096
5707e4,46,1790766499096
fb7621,21,1790766499096
ade50d,47,1790851099096
acfdbe,26,1790765599096
a69885,43,1790766499096
987690,58,1790765599096
b85af1,35,1790766499096
fe86e9,23,1790766499096
305916,45,1790766499096
1523ef,60,1790766499096
f0ce68,48,1790765599096
35675a,60,1790765599096
f8dd21,23,1790766499096
92b667,24,1790851099096
4d624f,38,1790765599096
e81f4d,47,1790766499096
88b230,49,1790765599096
47ef1e,38,1790765599096
7cf79a,19,1790851099096
273e85,42,1790766499096
5077a6,24,1790765599096
5e8a27,45,1790766499096
3e962e,15,1790766499096
9ef9fa,45,1790766499096
a787c1,43,1790851099096
0f80f2,46,1790851099096
8705a6,28,1790851099096
47d963,24,1790765599096
ba5633,58,1790765599096
dc0f87,26,1790766499096
c92beb,28,1790766499096
0df339,28,1790851099096
99532b,26,1790766499096
c1d782,17,1790851099096
aabf27,36,1790766499096
3866a5,48,1790851099096
4eae0e,60,1790765599096
473774,49,1790851099096
1aedd3,60,1790766499096
b1495f,38,1790766499096
3f69ec,43,1790765599096
c1b8e0,30,1790766499096
6583f6,30,1790766499096
c42282,50,1790851099096
1c3e8d,41,1790765599096
8d2d9c,27,1790851099096
713dd5,38,1790766499096
5087cd,29,1790766499096
baf006,47,1790765599096
82b225,44,1790766499096
ec96ca,25,1790765599096
42d001,56,1790851099096
378790,16,1790766499096
a46e6e,22,1790766499096
4cfafb,19,1790765599096
dfa1d2,26,1790766499096
f53de5,41,1790765599096
f4c56a,40,1790851099096
dbb692,31,1790766499096
a0e50d,35,1790851099096
cf7c58,41,1790766499096
381a75,18,1790766499096
e32fa2,16,1790851099096
07bf06,28,1790851099096
dd052d,18,1790765599096
1eb817,40,1790766499096
e1ad63,18,1790851099096
41a920,35,1790765599096
dafed7,57,1790851099096
495b89,56,1790765599096
0128f4,37,1790765599096
811474,55,1790766499096
445a1e,32,1790766499096
feb97b,36,1790765599096
bf5c4b,23,1790766499096
488475,45,1790765599096
785ccd,50,1790851099096
cc704e,50,1790765599096
0e3753,27,1790766499096
cca974,37,1790765599096
8539ea,49,1790851099096
bc36bb,28,1790851099096
60ca74,49,1790851099096
b4d262,35,1790766499096
4fe288,30,1790766499096
367909,18,1790766499096
ca4864,44,1790766499096
af7f42,47,1790851099096
2e3ea4,32,1790765599096
77a1b0,50,1790765599096
65b2be,23,1790765599096
af9e5b,36,1790766499096
2c5116,52,1790766499096
6505d9,56,1790765599096
825121,55,1790766499096
b282a5,48,1790765599096
1d8eae,28,1790766499096
58a248,36,1790765599096
b4b333,16,1790766499096
94163c,42,1790851099096
76d33e,15,1790851099096
fe17ab,38,1790851099096
eebfc5,39,1790766499096
23c67a,59,1790765599096
fbcc3a,46,1790765599096
f8c5a7,45,1790766499096
496101,34,1790851099096
dc8427,27,1790851099096
512945,18,1790766499096
54c069,16,1790851099096
134a9c,22,1790851099096
056cee,30,1790765599096
c4ca6b,42,1790851099096
5aeff3,31,1790765599096
88a5b4,49,1790765599096
57ae06,41,1790851099096
51448f,35,1790765599096
ddd0a8,45,1790765599096
e80b13,54,1790765599096
25f3e3,44,1790766499096
40490a,60,1790765599096
43312c,23,1790851099096
7bab1d,23,1790765599096
2fb1ae,43,1790765599096
e69b06,30,1790766499096
a5cde7,22,1790765599096
7b8234,31,1790766499096
41da9c,27,1790765599096
a1d53d,33,1790766499096
9c4b96,22,1790765599096
c4c340,45,1790765599096
5cb077,59,1790766499096
48ab52,40,1790851099096
f4daa1,56,1790766499096
6fdb6d,15,1790766499096
1a4061,29,1790766499096
3e585c,47,1790851099096
08a433,59,1790766499096
f66b65,60,1790851099096
350a54,39,1790766499096
d2a272,58,1790766499096
c2764a,56,1790851099096
3683c6,38,1790851099096
aa1193,60,1790766499096
095557,58,1790766499096
202bfa,19,1790765599096
3c7ef9,17,1790766499096
eb8992,27,1790851099096
8713a1,21,1790766499096
6285e8,36,1790766499096
4bb4fd,26,1790766499096
3e1f2b,34,1790851099096
aba881,57,1790765599096
7d1053,45,1790851099096
81085e,18,1790851099096
85a48a,43,1790851099096
7785a4,32,1790766499096
9ec4ec,35,1790766499096
8051d6,34,1790766499096
9e8506,28,1790765599096
446b67,30,1790765599096
1dcdc0,36,1790765599096
4084ea,17,1790766499096
730b12,47,1790766499096
33d0b1,50,1790765599096
cbae6f,57,1790766499096
4de47f,37,1790765599096
e1486c,37,1790766499096
f5c3df,25,1790765599096
9da205,58,1790765599096
ec7e21,40,1790851099096
7a061f,40,1790766499096
e43d68,35,1790851099096
8349f0,23,1790766499096
5205f4,22,1790765599096
ff59ff,16,1790851099096
5e0185,18,1790765599096
be67b6,35,1790766499096
6cc9d0,44,1790766499096
93395e,31,1790766499096
88c581,17,1790765599096
376d3a,15,1790851099096
23efff,15,1790766499096
57b089,51,1790766499096
d5d93e,45,1790765599096
720d59,44,1790851099096
c3153b,17,1790765599096
20b18d,46,1790766499096
a3c0b9,45,1790851099096
b8242b,22,1790851099096
cf0170,43,1790765599096
80b5fd,33,1790765599096
816b0e,48,1790766499096
bf1dfe,33,1790766499096
3ffa4f,15,1790766499096
c46a97,54,1790851099096
fcbbae,50,1790766499096
3078fa,19,1790766499096
59d4e8,24,1790765599096
9d7927,48,1790851099096
e331eb,20,1790765599096
be2de4,38,1790765599096
978c28,48,1790765599096
513c79,16,1790765599096
a3a3c3,16,1790851099096
f1d785,19,1790765599096
a6e9aa,39,1790766499096
f6f5e2,57,1790765599096
10bdc1,25,1790765599096
028b18,39,1790765599096
e3a3fd,38,1790766499096
cdcc4a,47,1790851099096
01a237,30,1790766499096
91729a,32,1790766499096
e3949f,43,1790765599096
e886f3,40,1790766499096
4a29dc,49,1790766499096
f0fb86,30,1790851099096
c1f4d4,27,1790851099096
272ba0,38,1790766499096
399986,43,1790766499096
eca6e3,46,1790765599096
2705e5,22,1790766499096
f84b18,30,1790765599096
6fe673,33,1790851099096
b47d83,26,1790765599096
130c0e,39,1790765599096
0fe58f,39,1790766499096
122fd4,41,1790851099096
aeb9c7,22,1790851099096
15ddfd,40,1790766499096
94e41f,36,1790851099096
921707,53,1790851099096
2332e4,31,1790765599096
641098,38,1790766499096
2eb320,58,1790766499096
677fe9,18,1790851099096
9f6b1c,36,1790765599096
993548,30,1790851099096
e8a3d0,15,1790851099096
2a7363,60,1790851099096
dffbe7,19,1790766499096
cfe691,59,1790765599096
dbfc32,38,1790765599096
b6ab26,48,1790766499096
05829f,47,1790851099096
e6a5cb,34,1790851099096
6061c3,39,1790851099096
6b910a,60,1790766499096
77d4eb,50,1790766499096
01b72e,43,1790851099096
d0e775,36,1790765599096
d93730,31,1790765599096
595eb7,23,1790766499096
965e7d,40,1790765599096
3f6769,40,1790851099096
e48b60,20,1790766499096
cd85ed,32,1790766499096
c9853e,26,1790766499096
892d71,40,1790766499096
ac2c05,28,1790851099096
1bf228,42,1790851099096
ecdf8c,48,1790851099096
dbb268,48,1790766499096
146c84,21,1790851099096
cac27b,23,1790851099096
74e1f0,30,1790765599096
159366,37,1790766499096
19ed5e,31,1790765599096
ebb1b2,50,1790765599096
640cfe,55,1790851099096
b94c5b,43,1790766499096
b05c22,46,1790851099096
1a6523,22,1790851099096
a54984,20,1790851099096
74a733,17,1790765599096
4c233d,39,1790766499096
5a302e,37,1790765599096
5dd8ef,60,1790766499096
e53361,46,1790851099096
5722eb,37,1790765599096
fcc680,34,1790765599096
bb3665,51,1790851099096
a607b6,30,1790765599096
92fbd0,30,1790766499096
38f409,59,1790766499096
1d364b,15,1790766499096
6230f5,52,1790765599096
f5d88d,29,1790851099096
24a761,22,1790765599096
65ee70,38,1790766499096
46f4a3,18,1790851099096
c93a4e,51,1790851099096
8856cd,41,1790851099096
7fd09a,22,1790765599096
4c366f,46,1790851099096
6029a9,20,1790765599096
fd1586,32,1790765599096
1004e3,57,1790766499096
6a9a7d,57,1790851099096
8067b0,18,1790851099096
78513f,30,1790766499096
1cb9a3,44,1790766499096
849ecc,23,1790766499096
297f8a,48,1790766499096
d6dbc0,56,1790851099096
09ee9d,29,1790851099096
6136c6,55,1790765599096
274160,24,1790851099096
0e0e21,26,1790765599096
34083a,22,1790766499096
e7749c,43,1790766499096
ada3dd,54,1790851099096
3ba11b,15,1790766499096
5a1786,49,1790765599096
dca107,45,1790765599096
ddc920,31,1790765599096
362360,45,1790766499096
eacb1f,33,1790766499096
3ccc41,43,1790851099096
86ae8d,54,1790765599096
2f9647,22,1790766499096
5f4af2,17,1790765599096
2c6593,45,1790851099096
303b33,57,1790766499096
4b3562,32,1790766499096
af75f3,55,1790851099096
b3e7a5,20,1790765599096
d7f5a1,57,1790851099096
ff83be,56,1790851099096
70e62b,32,1790851099096
7d55f4,28,1790766499096
e28d39,50,1790851099096
fba6eb,30,1790851099096
2df87b,26,1790851099096
eabe77,47,1790851099096
e9e356,42,1790765599096
6750e0,26,1790851099096
4c24ef,28,1790851099096
5a7d4c,39,1790766499096
366a17,37,1790766499096
6e2bb4,31,1790851099096
c99481,43,1790766499096
79fedf,29,1790765599096
c46e5d,26,1790851099096
a04d70,58,1790851099096
ebc3b6,43,1790765599096
5ab230,32,1790766499096
b8de96,41,1790851099096
5c568b,32,1790766499096
fe5118,19,1790766499096
380cb9,57,1790765599096
031cef,36,1790851099096
996bce,24,1790851099096
680576,52,1790851099096
9ed1c9,44,1790765599096
552af6,22,1790765599096
e0fcfc,34,1790766499096
b04ffe,30,1790765599096
504c58,36,1790766499096
bd38a7,60,1790765599096
c03cc0,35,1790851099096
f1d921,24,1790766499096
fe9597,33,1790765599096
191285,42,1790765599096
fc0634,18,1790851099096
d7ac24,31,1790851099096
d9c913,38,1790766499096
0444e8,57,1790766499096
799d1c,54,1790766499096
0af5ec,26,1790766499096
690659,28,1790851099096
aa86c4,23,1790851099096
08639a,33,1790765599096
4a8709,56,1790765599096
dbd429,50,1790851099096
655291,41,1790851099096
57e03b,49,1790851099096
09e37b,39,1790851099096
4ae8db,29,1790765599096
1efac0,15,1790851099096
9aad3e,56,1790851099096
982453,43,1790766499096
2015d7,50,1790766499096
1836a5,31,1790851099096
b4453e,21,1790851099096
fccec5,57,1790765599096
cb6d1e,22,1790765599096
42bf31,44,1790766499096
c7cc04,17,1790851099096
00821a,55,1790851099096
98395c,24,1790766499096
5ac3a6,21,1790851099096
a18ab9,52,1790851099096
3b6dd7,45,1790766499096
3e2cc6,31,1790766499096
b82aa4,46,1790765599096
e62596,47,1790766499096
b39c1d,46,1790766499096
fb09d4,43,1790766499096
3128a0,49,1790851099096
158a65,19,1790765599096
dcc5cb,57,1790766499096
b666e0,18,1790851099096
cc6c40,46,1790765599096
6e3c02,27,1790766499096
0cc3c7,29,1790765599096
a773ed,32,1790766499096
727fa8,36,1790765599096
541903,23,1790766499096
fd5bd3,29,1790851099096
6b9353,23,1790851099096
38fc11,46,1790766499096
39e9ad,18,1790851099096
c0c17d,29,1790851099096
9667a6,47,1790766499096
a0eba2,17,1790766499096
cbdeda,43,1790765599096
99de05,37,1790851099096
e314ec,32,1790766499096
243210,38,1790851099096
ce2483,30,1790766499096
0e8a3e,26,1790765599096
d7e7c8,34,1790851099096
3c0840,16,1790766499096
a9d0d0,41,1790765599096
8aa208,48,1790851099096
dfa092,51,1790851099096
190bb5,58,1790851099096
6911bf,49,1790851099096
c03515,40,1790766499096
014b58,58,1790765599096
dcb369,43,1790765599096
4ca009,60,1790766499096
5b35bc,51,1790766499096
3a152f,22,1790851099096
934ec8,18,1790765599096
6351cf,17,1790851099096
074082,19,1790765599096
0cad56,30,1790851099096
ebad7b,17,1790851099096
1820b9,48,1790851099096
711549,59,1790765599096
15641d,15,1790851099096
6cf277,44,1790851099096
2605fd,56,1790765599096
dcbfe7,23,1790766499096
a79c4e,56,1790765599096
45b01e,18,1790851099096
54c3b4,38,1790766499096
f34d83,59,1790766499096
72f8f5,58,1790851099096
70f03b,15,1790851099096
ebcd03,15,1790851099096
46610b,44,1790765599096
71b271,33,1790766499096
168768,48,1790765599096
55e507,52,1790851099096
86e40c,49,1790765599096
1d47c3,54,1790851099096
b88d24,40,1790851099096
4e135b,36,1790765599096
9570e3,19,1790766499096
8864b1,40,1790766499096
056cc2,25,1790851099096
8c59dd,35,1790765599096
1940f3,34,1790766499096
bfa619,37,1790766499096
6e4a9e,28,1790765599096
f7c949,49,1790766499096
9e487c,22,1790766499096
9041bb,36,1790765599096
5c9a92,47,1790851099096
7ba82a,54,1790766499096
b9df77,18,1790851099096
e0a2f3,38,1790766499096
7e8d40,58,1790766499096
ad6fda,46,1790851099096
f9073c,24,1790851099096
102df6,50,1790765599096
392b8f,60,1790851099096
3c2c09,19,1790851099096
871ffc,44,1790766499096
54259d,29,1790766499096
bb9e50,59,1790765599096
03393b,60,1790765599096
2ee849,60,1790765599096
4be4c8,54,1790851099096
7a8f58,56,1790765599096
11fda0,57,1790766499096
80b508,30,1790766499096
9e0d04,26,1790766499096
936bb2,53,1790766499096
472e94,49,1790851099096
753a2f,15,1790851099096
ceb6d9,46,1790765599096
6eb88b,24,1790766499096
b000cd,55,1790851099096
92e1ca,22,1790765599096
9c56f2,25,1790765599096
240e46,22,1790765599096
0bbb0a,51,1790851099096
e57164,36,1790765599096
ee1423,47,1790765599096
48bd80,30,1790765599096
b05272,22,1790851099096
639cb5,55,1790851099096
26a3f8,24,1790851099096
2d8016,18,1790765599096
0a7e77,51,1790851099096
9469c5,41,1790766499096
3d7b17,37,1790765599096
2b98b9,15,1790851099096
297b92,16,1790766499096
1b8ba8,60,1790851099096
a1d555,53,1790851099096
0420c4,43,1790766499096
2a9f65,31,1790766499096
8794dd,19,1790765599096
bac347,40,1790765599096
e8a8c0,54,1790765599096
9130da,32,1790851099096
4667c3,33,1790765599096
a13978,55,1790766499096
021032,33,1790766499096
b2b00f,16,1790766499096
710e27,18,1790851099096
ec5759,25,1790765599096
c7fc10,47,1790765599096
90b9cc,52,1790765599096
28b42c,51,1790766499096
4136c8,34,1790851099096
790b62,43,1790851099096
8dcf61,41,1790851099096
d9f369,32,1790766499096
a3c1e5,39,1790766499096
8b4424,52,1790765599096
524c08,32,1790765599096
5de1b8,30,1790851099096
01f5d8,15,1790765599096
5715be,55,1790766499096
3c8bb8,16,1790765599096
a3a8ea,28,1790766499096
4e0039,17,1790766499096
7d5d05,24,1790765599096
e07608,27,1790766499096
5c03ef,55,1790766499096
a58268,33,1790766499096
74fd85,51,1790765599096
2f6701,27,1790766499096
acef9c,41,1790851099096
5d1934,22,1790851099096
dea33b,37,1790851099096
abfec6,44,1790765599096
637acb,60,1790766499096
d2bff9,55,1790765599096
1cd3f4,37,1790766499096
bb2677,31,1790765599096
dbb557,36,1790765599096
33a78f,57,1790766499096
6e587d,18,1790765599096
a63d8a,49,1790851099096
cb0df3,43,1790851099096
176c2c,29,1790765599096
97b903,56,1790765599096
a6d0a8,26,1790765599096
0b0ac1,18,1790765599096
c247a5,48,1790765599096
b0d2b4,34,1790766499096
0e0e77,33,1790851099096
9f43f9,42,1790765599096
e95d25,47,1790765599096
88e295,52,1790765599096
eb89c2,17,1790766499096
81978e,27,1790766499096
a34ec7,48,1790766499096
01b83c,57,1790766499096
66523d,24,1790765599096
896158,32,1790766499096
d9d19c,54,1790765599096
454a9f,34,1790766499096
62f955,38,1790766499096
403c0b,23,1790851099096
4f0b12,49,1790765599096
3c15e7,46,1790766499096
657d40,27,1790765599096
bf804a,55,1790766499096
d0f0e0,42,1790765599096
69f6e5,34,1790851099096
0bdb38,15,1790765599096
6397a8,45,1790766499096
ea7b8a,21,1790766499096
96980e,49,1790766499096
0b0ee8,15,1790765599096
37c734,48,1790851099096
bdcecf,25,1790766499096
e5b231,52,1790851099096
c8e4ab,39,1790766499096
82e5a3,16,1790766499096
d7c9ac,25,1790851099096
6ce981,33,1790766499096
6be20e,59,1790766499096
916902,41,1790765599096
eaf822,27,1790851099096
ee23b0,29,1790766499096
ea3655,51,1790766499096
788b1f,37,1790765599096
0a68f7,46,1790765599096
01380f,58,1790765599096
759719,51,1790851099096
6e2431,42,1790766499096
e9b886,30,1790851099096
408daa,59,1790765599096
489294,29,1790766499096
38f8a7,23,1790765599096
9d818d,32,1790766499096
1bf190,15,1790851099096
66f0d7,57,1790766499096
85ad35,46,1790851099096
44cf5e,49,1790851099096
73563b,54,1790766499096
4d9ac8,42,1790766499096
116325,44,1790765599096
df853b,32,1790766499096
adf9ad,60,1790765599096
ba0c0e,24,1790851099096
3d7330,32,1790851099096
12033c,49,1790851099096
d972f9,19,1790765599096
1693b1,16,1790851099096
290cb5,21,1790851099096
d07d38,23,1790765599096
d8076f,41,1790765599096
6ac91d,39,1790766499096
1741f2,41,1790766499096
68a25c,56,1790765599096
2d96de,33,1790766499096
5e04c6,46,1790766499096
bf4d20,20,1790851099096
ab3643,32,1790765599096
54f95f,38,1790765599096
f0cb23,41,1790766499096
7d9802,17,1790765599096
8f2ccf,33,1790766499096
b41fe0,33,1790851099096
77632f,31,1790765599096
0d5059,53,1790765599096
4683ce,57,1790851099096
f55905,60,1790766499096
301f87,47,1790851099096
0a23b7,48,1790766499096
bc4358,53,1790765599096
341357,41,1790851099096
b97622,23,1790766499096
8cbda6,30,1790765599096
acedd5,57,1790766499096
a0889d,55,1790851099096
1d30f3,54,1790851099096
b332b5,35,1790765599096
edee18,41,1790766499096
ace26a,15,1790766499096
5ec8a5,20,1790851099096
cd75fe,55,1790765599096
421f3d,49,1790851099096
491ce1,34,1790766499096
c1b818,45,1790766499096
33ae27,33,1790765599096
0fd35d,25,1790851099096
cf8b2c,45,1790851099096
62771d,45,1790765599096
90dd9c,15,1790766499096
7a2087,35,1790766499096
54f800,24,1790851099096
a047ba,28,1790765599096
8258e2,19,1790851099096
55e65a,36,1790851099096
7976d9,47,1790851099096
a347a8,43,1790765599096
8ac8e9,56,1790851099096
4fd80f,21,1790765599096
3f355b,52,1790765599096
23f695,32,1790766499096
de0541,50,1790766499096
001dfa,24,1790766499096
ff9985,24,1790851099096
c0aab4,50,1790766499096
c34750,28,1790851099096
0174d7,33,1790765599096
e2229b,18,1790851099096
79320f,36,1790766499096
61ee90,49,1790851099096
921195,19,1790851099096
a65183,36,1790765599096
247385,27,1790765599096
cf1559,25,1790765599096
cced2e,20,1790766499096
ac91cf,43,1790765599096
8a148e,26,1790851099096
5e0ed4,53,1790765599096
95e82d,57,1790766499096
f23fbe,20,1790851099096
2a34ea,22,1790766499096
9e881f,59,1790766499096
8cec93,30,1790851099096
f411ff,21,1790766499096
45a97c,24,1790851099096
c9cb7f,52,1790765599096
11bed6,41,1790851099096
583597,42,1790766499096
099a02,47,1790851099096
bd7819,37,1790851099096
e6b3d0,42,1790765599096
0ad34b,37,1790765599096
7dc7ef,26,1790765599096
b7950e,32,1790766499096
c01d5c,49,1790766499096
cabd11,15,1790766499096
c1d5c0,30,1790766499096
00e1c2,28,1790765599096
30019d,30,1790851099096
e7674b,51,1790851099096
ae1cb7,21,1790766499096
3ae165,40,1790766499096
4a0a15,35,1790851099096
27ebbb,39,1790766499096
6adb4c,59,1790765599096
ff03e5,21,1790851099096
c8ab0c,22,1790766499096
e88324,22,1790851099096
65217e,57,1790765599096
0f3d5b,59,1790766499096
b1c677,43,1790766499096
98df8b,44,1790766499096
ada739,32,1790851099096
da67df,51,1790765599096
c3b028,24,1790766499096
8f61e2,53,1790765599096
8be31d,15,1790851099096
717827,32,1790766499096
dc4216,31,1790766499096
d99578,38,1790766499096
8bc9ea,45,1790851099096
b1b1bf,31,1790766499096
74dbf2,20,1790851099096
aec56a,41,1790851099096
cb8eeb,25,1790765599096
f3b24e,41,1790851099096
f7e9a4,15,1790851099096
fa9b9d,45,1790766499096
cc9bec,58,1790765599096
c292ac,59,1790766499096
ed6b38,26,1790766499096
27159c,41,1790851099096
3fd16e,51,1790765599096
2ecab7,15,1790765599096
c456d7,27,1790851099096
8f779c,60,1790765599096
4848b1,53,1790765599096
1d2be9,36,1790851099096
18ae29,32,1790851099096
36046a,38,1790765599096
cf71a5,42,1790851099096
eb7322,49,1790765599096
a82203,26,1790766499096
4f204a,33,1790851099096
ab0fcf,44,1790766499096
4dd0b3,22,1790766499096
827b5e,21,1790766499096
b8bd71,55,1790765599096
61aa35,44,1790765599096
112d06,17,1790766499096
a94bd9,26,1790765599096
3aef30,21,1790766499096
837d41,54,1790765599096
25105c,47,1790765599096
53a7e7,20,1790766499096
6e3943,25,1790766499096
c15fa7,20,1790766499096
b5f9c3,56,1790851099096
839b41,40,1790765599096
909bcc,37,1790851099096
b0282a,49,1790851099096
571151,56,1790851099096
0bf7a3,37,1790851099096
36eeb0,41,1790766499096
8b160e,60,1790766499096
262abc,30,1790766499096
1cd5b9,21,1790851099096
6d68cd,24,1790851099096
fbc54a,38,1790765599096
650782,22,1790851099096
18f4cc,59,1790851099096
eb53b4,31,1790765599096
1de021,37,1790766499096
643db9,28,1790766499096
c678c1,21,1790765599096
5d2bec,25,1790851099096
e04086,30,1790765599096
776613,38,1790851099096
5424cc,16,1790766499096
d9bc77,28,1790766499096
e0aacc,39,1790766499096
c7fcce,45,1790765599096
d0ea7a,39,1790851099096
f96802,57,1790766499096
32b654,47,1790766499096
998265,47,1790766499096
79a8cb,33,1790765599096
119153,50,1790851099096
45356a,38,1790765599096
fa060e,21,1790851099096
359fe0,25,1790765599096
f6826c,52,1790766499096
bc32c7,42,1790851099096
70d747,32,1790851099096
820f03,41,1790851099096
2bff45,19,1790765599096
6f25d0,58,1790765599096
679b85,29,1790766499096
b03f2e,37,1790851099096
b38d02,18,1790766499096
343d36,21,1790766499096
7497c0,48,1790765599096
f03837,38,1790766499096
3a06de,50,1790851099096
3a64e3,15,1790851099096
05d52c,25,1790765599096
1566e5,30,1790851099096
1a2d94,47,1790765599096
77bedf,52,1790766499096
58cc35,19,1790766499096
d90827,42,1790851099096
8f10a2,60,1790766499096
7908e3,43,1790765599096
9b280c,36,1790766499096
90cd67,46,1790851099096
0f155b,58,1790765599096
31af04,60,1790851099096
a8e4da,54,1790765599096
fd0afd,43,1790766499096
b68557,17,1790851099096
fe9477,43,1790765599096
0784ea,40,1790766499096
9d5394,31,1790851099096
c779b6,22,1790766499096
3a7199,32,1790851099096
8c04cc,16,1790851099096
ae9615,21,1790765599096
eb3e07,45,1790765599096
1b3e5e,22,1790851099096
93802b,55,1790765599096
ca71fa,43,1790765599096
86a172,49,1790766499096
d36d63,30,1790851099096
697dc5,26,1790851099096
d361b8,32,1790851099096
1d45f9,35,1790766499096
184b57,20,1790765599096
d92445,20,1790766499096
ef7f8c,47,1790851099096
8f5234,36,1790766499096
923180,18,1790851099096
30456f,42,1790766499096
5285a2,37,1790765599096
ba75bf,22,1790766499096
0df18b,39,1790765599096
7cb617,27,1790765599096
85feab,43,1790766499096
9cb5a9,54,1790766499096
4e36ba,32,1790766499096
3ad948,58,1790766499096
a6bb25,27,1790765599096
33f8b8,28,1790766499096
d70703,33,1790765599096
2a5d6e,18,1790851099096
56bef2,20,1790766499096
aac48c,27,1790765599096
bd5d51,19,1790765599096
ff0d8d,24,1790851099096
749b23,59,1790766499096
177354,56,1790851099096
e36ec3,31,1790766499096
2d47ed,58,1790851099096
3c8ea4,15,1790766499096
e25f4c,37,1790851099096
9e8e55,25,1790765599096
c05007,20,1790765599096
d22f09,50,1790765599096
fb62a2,59,1790765599096
4b05fb,38,1790766499096
e11fbe,54,1790851099096
09b1c0,43,1790766499096
9a4b17,47,1790766499096
8cc045,38,1790765599096
8d3ab2,39,1790765599096
d74fdf,19,1790765599096
dd4759,56,1790765599096
0c43b8,52,1790851099096
575569,43,1790765599096
a637ba,26,1790851099096
bf6e57,53,1790765599096
c0e691,18,1790766499096
1eff3f,29,1790766499096
fcae3b,41,1790765599096
7f7a5e,50,1790766499096
ab56c4,36,1790766499096
81c4b6,51,1790765599096
5f9194,18,1790765599096
3ed92e,27,1790851099096
1c9aa3,44,1790766499096
a1f951,56,1790766499096
dbf23b,24,1790766499096
4cf1d3,39,1790765599096
c9b9f2,43,1790765599096
a1f685,19,1790766499096
240820,41,1790765599096
c5ff57,32,1790851099096
3b14a8,56,1790851099096
98ec97,59,1790851099096
0f32e2,58,1790766499096
50e635,57,1790766499096
edb65d,60,1790765599096
f148eb,24,1790765599096
79d6ce,55,1790766499096
60126f,32,1790765599096
edbd8a,55,1790851099096
5cc75a,34,1790851099096
fc2380,42,1790851099096
aa54df,19,1790851099096
ed5a31,34,1790765599096
eff6f8,43,1790765599096
1a17ca,34,1790851099096
0bf887,42,1790765599096
2f378e,51,1790851099096
922cbd,17,1790766499096
4cd9f9,57,1790766499096
17cdd7,39,1790851099096
f50bb4,24,1790851099096
032d27,35,1790765599096
ec8f1d,46,1790851099096
e1b4c5,45,1790766499096
dd44db,23,1790851099096
989f0a,53,1790765599096
ac3166,50,1790765599096
df4fa0,23,1790851099096
3233d2,17,1790765599096
4598b7,38,1790851099096
431739,17,1790766499096
b7cd71,40,1790766499096
a70ae9,24,1790766499096
f5d19d,23,1790766499096
c4a8e2,26,1790766499096
25aa42,30,1790851099096
2133eb,52,1790765599096
05fe96,16,1790765599096
890509,50,1790851099096
699137,35,1790851099096
a4f05c,18,1790766499096
dc6955,41,1790766499096
13747c,31,1790766499096
c86605,36,1790851099096
8c1614,28,1790851099096
ff3647,36,1790765599096
f31746,39,1790766499096
8f872e,19,1790765599096
8010b2,60,1790851099096
ef936f,59,1790851099096
61bfcc,36,1790765599096
127c45,38,1790766499096
03e866,38,1790766499096
6c7f61,49,1790766499096
ec812c,17,1790765599096
826276,40,1790765599096
dbb75c,31,1790766499096
f719f8,24,1790851099096
6e43f8,33,1790851099096
525909,46,1790766499096
fabb12,51,1790851099096
2a841d,19,1790766499096
0eb70a,22,1790851099096
eac61c,50,1790851099096
0c9fe9,21,1790851099096
cc6146,24,1790851099096
d75710,50,1790765599096
9b79f2,32,1790851099096
bebb5d,40,1790766499096
ff47c9,42,1790851099096
714e39,23,1790851099096
018905,21,1790766499096
42c820,20,1790851099096
be3abd,33,1790766499096
4259bc,54,1790765599096
5a2a37,24,1790765599096
1daee6,49,1790765599096
703b10,32,1790765599096
8bc345,50,1790765599096
089d00,18,1790765599096
f782ea,53,1790766499096
9138a8,19,1790766499096
cdca98,24,1790851099096
37fae1,34,1790766499096
5588ba,35,1790765599096
0fa5b5,53,1790766499096
39c925,29,1790851099096
016851,50,1790766499096
f37370,46,1790766499096
87c62c,24,1790766499096
50bcf2,49,1790766499096
41d57d,23,1790765599096
0aa077,21,1790765599096
d43590,53,1790851099096
d84da5,18,1790851099096
123e7d,22,1790851099096
344f1e,18,1790765599096
8460ab,58,1790851099096
00d1c9,34,1790765599096
be3025,20,1790766499096
05af30,26,1790766499096
6dd706,53,1790766499096
e65125,55,1790851099096
14087b,59,1790765599096
57f5f7,19,1790851099096
b9da1e,45,1790765599096
ffdaf2,28,1790766499096
024335,48,1790765599096
c1decf,40,1790766499096
2e7095,16,1790851099096
cb7160,21,1790765599096
e6ee29,27,1790851099096
30652c,33,1790765599096
98e233,22,1790766499096
643432,59,1790851099096
c8c2f6,26,1790851099096
eab9a0,17,1790851099096
e809af,56,1790765599096
b1d026,49,1790766499096
05bba8,49,1790851099096
67e727,44,1790851099096
a8bd0c,48,1790851099096
ee090b,16,1790851099096
edb079,45,1790765599096
2c139f,52,1790765599096
b1a865,32,1790766499096
c54674,16,1790766499096
e5630f,27,1790851099096
ef6450,44,1790766499096
5156b2,34,1790766499096
930f88,56,1790851099096
f85c05,47,1790851099096
aa5af2,39,1790765599096
90ab2e,28,1790851099096
45b08f,45,1790766499096
36275c,60,1790766499096
d6b68f,34,1790766499096
90f24b,17,1790765599096
6027cc,49,1790851099096
3e5cae,18,1790765599096
4c2c29,16,1790766499096
dba65c,56,1790851099096
c682cd,30,1790851099096
cc9c1b,26,1790765599096
ae4734,60,1790851099096
75159a,56,1790766499096
f3da3e,33,1790765599096
83c792,40,1790765599096
9af58e,17,1790851099096
3f5657,40,1790851099096
636a51,17,1790766499096
688f9b,48,1790766499096
20201e,49,1790765599096
fcf6ca,50,1790851099096
c0492d,15,1790766499096
f17820,59,1790765599096
28100f,54,1790765599096
4394ca,27,1790765599096
a322b3,51,1790851099096
41b37f,44,1790766499096
975bcd,36,1790765599096
7cf591,22,1790765599096
2f9780,27,1790766499096
4fe03a,44,1790766499096
562bc8,60,1790766499096
a36565,16,1790765599096
b63a60,16,1790851099096
c5106d,41,1790765599096
cf84a0,50,1790851099096
8f94c4,43,1790851099096
85c080,36,1790766499096
5f75a2,39,1790766499096
05e441,52,1790851099096
02395a,29,1790766499096
5435fd,56,1790766499096
a16d34,59,1790765599096
97b992,39,1790765599096
a26fa8,27,1790766499096
9c5a8f,40,1790851099096
7ac1a1,26,1790851099096
8a6411,43,1790765599096
a814e7,50,1790765599096
67efd2,48,1790766499096
884eec,26,1790766499096
93bae8,42,1790766499096
a17779,19,1790766499096
f8784c,59,1790851099096
be9990,16,1790851099096
c3f6ab,36,1790766499096
6b5c05,60,1790851099096
0c7211,54,1790851099096
06ccfa,18,1790851099096
6732ea,25,1790851099096
c8ccbe,31,1790766499096
529026,22,1790851099096
464208,50,1790851099096
9ca2e8,56,1790766499096
4add7f,15,1790765599096
a53bf1,47,1790766499096
f190e8,28,1790765599096
35e6f4,24,1790765599096
3ad3fd,28,1790851099096
33cedf,42,1790851099096
b5cc75,27,1790766499096
c1ecaa,20,1790765599096
dfc533,56,1790851099096
da0dd3,31,1790765599096
9b4167,26,1790851099096
6b771a,36,1790766499096
4d7206,26,1790765599096
e300d5,19,1790766499096
6f2cd2,44,1790766499096
622fa7,34,1790766499096
b34d74,43,1790765599096
9b84c2,51,1790851099096
550e0d,17,1790851099096
eb8afc,43,1790851099096
3f68ab,40,1790766499096
84993c,47,1790765599096
542c1f,31,1790765599096
e7a95f,59,1790765599096
83fbd6,44,1790851099096
4eb631,28,1790765599096
93e77a,41,1790765599096
da9ff8,47,1790766499096
47d6b6,60,1790765599096
e752ed,38,1790766499096
ed31a0,24,1790766499096
3815b5,50,1790851099096
83960f,17,1790765599096
b70505,25,1790851099096
5c88e1,56,1790851099096
291f72,55,1790851099096
7546bb,19,1790765599096
f8ecae,35,1790851099096
fa7e69,16,1790766499096
ee9e41,60,1790851099096
fe1c0d,52,1790766499096
8d96f7,37,1790851099096
abc44f,24,1790765599096
fa7038,46,1790851099096
c1e916,59,1790851099096
84844b,32,1790766499096
8f9031,38,1790765599096
2dfb02,20,1790851099096
33bd16,57,1790765599096
a37297,32,1790765599096
ed91d9,51,1790766499096
0f8162,52,1790766499096
de45d4,16,1790765599096
2a1a06,15,1790766499096
940e0e,23,1790765599096
14e084,32,1790851099096
b7a620,29,1790765599096
d32e5a,37,1790766499096
1e1874,22,1790766499096
87fb00,45,1790766499096
d0793e,31,1790765599096
b37a71,36,1790765599096
b40ac9,20,1790766499096
937ac9,55,1790766499096
3b1460,32,1790766499096
18af91,47,1790851099096
f6d3f6,49,1790851099096
493524,27,1790766499096
93d3a7,37,1790851099096
0a247f,40,1790766499096
08346b,52,1790766499096
a3fc84,36,1790851099096
6f2a95,31,1790766499096
f62e87,48,1790851099096
14dd32,33,1790851099096
237ddf,25,1790766499096
38756f,32,1790765599096
69ae39,32,1790766499096
eb9bca,53,1790851099096
0857e1,21,1790765599096
5f5f28,41,1790851099096
0496f6,38,1790766499096
21759a,28,1790851099096
1529ef,34,1790765599096
7d6cd6,22,1790766499096
2d6162,17,1790765599096
bedce9,39,1790765599096
8fc375,54,1790851099096
58bdfd,26,1790851099096
31c5c6,44,1790765599096
313fed,24,1790765599096
f640d2,26,1790765599096
ad414c,43,1790766499096
19d22f,23,1790766499096
acb5e8,52,1790765599096
1ee890,41,1790851099096
fc3954,45,1790766499096
b2adea,22,1790766499096
317acb,17,1790851099096
8282cc,60,1790851099096
8110c7,28,1790765599096
112701,22,1790851099096
937342,29,1790851099096
87dffe,22,1790766499096
bd85a0,20,1790765599096
5dc3da,24,1790765599096
4f208c,56,1790766499096
834cb2,33,1790766499096
b23cd8,54,1790851099096
0a0e53,41,1790851099096
268ffa,37,1790766499096
b2cbd7,16,1790766499096
fd9695,22,1790765599096
cacec0,50,1790766499096
010a18,51,1790765599096
feb9f6,25,1790851099096
d617a7,46,1790851099096
54cdb6,30,1790851099096
5d3d7f,16,1790851099096
8f8f70,30,1790851099096
b89e0d,43,1790765599096
0a1bb2,17,1790851099096
1c74fe,43,1790765599096
4acf43,59,1790851099096
a76a16,38,1790766499096
6f04d4,55,1790851099096
712f22,34,1790765599096
90f296,42,1790765599096
6e752e,59,1790765599096
d4c58a,55,1790766499096
70e0c2,29,1790765599096
7f330a,44,1790765599096
1fdf2a,56,1790765599096
849c09,19,1790851099096
07c902,51,1790766499096
36e0d5,57,1790765599096
736a92,15,1790765599096
4e03b0,58,1790766499096
72cc98,59,1790766499096
ab9299,17,1790765599096
6485d4,43,1790766499096
7b9276,23,1790765599096
b4ea23,57,1790766499096
97027d,60,1790766499096
d69b61,31,1790851099096
f4634f,26,1790851099096
4037f2,27,1790851099096
e8dd83,41,1790765599096
c5b78a,22,1790851099096
1fe137,33,1790765599096
776dab,26,1790765599096
a0947d,36,1790851099096
f77dcf,36,1790851099096
991e40,46,1790766499096
2bf1eb,40,1790766499096
6a30a1,17,1790851099096
78e6cf,60,1790765599096
0ba895,30,1790765599096
55fef6,23,1790766499096
3b89ed,52,1790851099096
c7b49d,41,1790766499096
0040be,45,1790765599096
7b2a3e,44,1790766499096
5ddfcb,21,1790766499096
10cdd1,24,1790766499096
6bed92,37,1790765599096
dd9cdf,36,1790851099096
7c1045,46,1790765599096
332b54,34,1790766499096
2e7eb2,37,1790851099096
8bc463,40,1790765599096
cd5cd1,59,1790766499096
7b3361,18,1790765599096
0801ad,31,1790851099096
9d9d92,57,1790851099096
d4bc22,37,1790765599096
8f1dbc,50,1790765599096
83d936,34,1790766499096
d4f742,45,1790765599096
e37813,15,1790851099096
2682d4,25,1790851099096
e1b290,30,1790766499096
1caa71,37,1790766499096
d93c1e,15,1790766499096
742985,58,1790851099096
aeb3df,21,1790766499096
f0af4a,28,1790765599096
bad019,59,1790851099096
d3e77c,46,1790765599096
a90339,58,1790765599096
7deeba,22,1790765599096
7e7aac,52,1790766499096
ae3c47,19,1790851099096
4f9bdf,55,1790765599096
3218f2,25,1790765599096
57fc38,40,1790765599096
f4cd54,60,1790851099096
69f9ba,16,1790851099096
d45178,24,1790851099096
f23621,21,1790851099096
643f81,44,1790766499096
767c75,60,1790765599096
120458,39,1790766499096
92b4b3,53,1790851099096
740d93,39,1790766499096
a490e8,59,1790766499096
4b2332,53,1790851099096
11b34c,53,1790765599096
362c65,56,1790766499096
b8c265,30,1790766499096
4de035,55,1790851099096
7fdd24,39,1790765599096
a406aa,15,1790851099096
dabc3b,25,1790765599096
df3963,39,1790765599096
5b7180,36,1790766499096
626e31,40,1790851099096
d5e537,25,1790765599096
421f59,17,1790851099096
cbc461,52,1790851099096
13f6dc,59,1790851099096
e11d43,34,1790765599096
ff2fc9,39,1790851099096
5cdf24,38,1790851099096
227e10,35,1790766499096
9a5bc0,21,1790766499096
72c3b5,30,1790766499096
e629ec,33,1790851099096
38f561,18,1790765599096
301857,56,1790766499096
54f3af,29,1790765599096
3bd23e,46,1790851099096
f9b9a3,57,1790766499096
ec78e7,21,1790765599096
2ec1e3,23,1790766499096
ae1486,36,1790766499096
4b1bef,43,1790765599096
b56061,52,1790765599096
166d5a,47,1790851099096
0aefc4,30,1790851099096
8b4832,54,1790765599096
6c8c2e,24,1790851099096
2bc993,42,1790765599096
b1d20e,27,1790851099096
9ee295,40,1790766499096
872c3c,32,1790765599096
ccc6ea,60,1790851099096
8c6af7,43,1790851099096
d56f5e,49,1790766499096
f8def1,33,1790851099096
3be7d5,19,1790766499096
9a2893,55,1790851099096
94e157,21,1790851099096
3b7144,47,1790766499096
204284,55,1790851099096
3611c3,44,1790851099096
6a66e8,25,1790766499096
b5b62a,48,1790765599096
38ee69,23,1790766499096
6ff199,60,1790766499096
f8755d,55,1790851099096
f8166c,58,1790766499096
19a3eb,31,1790766499096
540e6e,26,1790851099096
d0fb5e,57,1790851099096
32ebc4,30,1790766499096
597652,20,1790766499096
545808,26,1790851099096
cf86c9,50,1790766499096
f306c7,30,1790851099096
52f71c,16,1790851099096
5e19dd,39,1790766499096
77a06d,51,1790765599096
464cb4,57,1790766499096
f5fe49,39,1790765599096
63a38a,25,1790766499096
bac26c,52,1790766499096
f5169e,37,1790766499096
a46f8f,38,1790765599096
10d260,40,1790851099096
db4a87,15,1790851099096
5dd3f3,52,1790765599096
09b289,38,1790851099096
818bf6,19,1790851099096
f84a4d,56,1790851099096
dab53d,30,1790851099096
5683be,60,1790765599096
c1cdc4,22,1790765599096
1c6412,45,1790851099096
5062f3,18,1790766499096
40c399,22,1790765599096
a52313,37,1790851099096
6ab68c,32,1790765599096
0ffd83,60,1790765599096
15216f,52,1790765599096
bd6391,34,1790765599096
737cce,24,1790766499096
c03658,43,1790765599096
9fac28,21,1790766499096
3d0743,40,1790766499096
890d66,27,1790766499096
d3c267,17,1790766499096
97372d,54,1790851099096
7c42e4,18,1790766499096
674a92,22,1790851099096
7f1674,25,1790851099096
58a617,41,1790851099096
cfe6a8,50,1790766499096
0d939a,43,1790765599096
9100e2,41,1790765599096
f7142a,16,1790765599096
74125d,54,1790766499096
d17188,15,1790766499096
00a860,50,1790765599096
7cc4f1,40,1790851099096
eefd84,24,1790851099096
fed267,41,1790766499096
768167,16,1790851099096
3a7a1f,35,1790766499096
a00a2f,17,1790851099096
156ad6,52,1790765599096
6c3bc0,45,1790851099096
7b6828,48,1790766499096
ca106d,28,1790765599096
e54e73,41,1790765599096
0d14e4,58,1790765599096
ab2d4e,44,1790766499096
cd4473,39,1790851099096
45f41f,15,1790851099096
8c0ea4,60,1790851099096
646d58,47,1790766499096
e1bc07,33,1790851099096
503c4a,47,1790851099096
66266a,36,1790765599096
62cc26,42,1790851099096
2fed34,25,1790765599096
1dfe2d,43,1790765599096
c4b8ff,26,1790766499096
f0bbd6,16,1790766499096
6daf7f,41,1790766499096
c41ce0,31,1790851099096
c708a0,36,1790765599096
f5b0e5,57,1790851099096
6cea4a,27,1790851099096
beddf1,39,1790766499096
f3f262,35,1790765599096
48ac47,52,1790765599096
2d4313,58,1790766499096
ef0410,50,1790765599096
4bb1c3,16,1790766499096
0e2656,47,1790765599096
bfe498,42,1790851099096
235f9e,31,1790766499096
36bd23,21,1790766499096
3485da,36,1790766499096
adf1b6,47,1790766499096
774769,25,1790851099096
716765,47,1790851099096
2e21bd,53,1790765599096
1a0b7c,32,1790851099096
1dba08,43,1790765599096
13fa0c,50,1790766499096
680dda,20,1790766499096
a8871e,50,1790851099096
2a98b1,59,1790766499096
bee792,17,1790851099096
391144,51,1790765599096
544e3f,42,1790766499096
3606c5,36,1790766499096
93c625,31,1790851099096
5892d4,24,1790766499096
afa900,46,1790765599096
e381d8,26,1790766499096
ea2ee3,22,1790851099096
09b866,46,1790851099096
8fa818,50,1790765599096
7b0cc3,60,1790765599096
e4abec,54,1790765599096
25930d,39,1790766499096
674b5d,54,1790765599096
272ad6,49,1790765599096
0a8e65,24,1790765599096
78f985,53,1790851099096
c65500,26,1790766499096
96b4d4,57,1790851099096
844c80,25,1790765599096
c9b90e,52,1790765599096
be2b2a,41,1790766499096
e4bd39,17,1790765599096
5c9bb5,24,1790766499096
2fbc18,34,1790851099096
e837ff,56,1790766499096
dc5721,53,1790765599096
1fdab8,31,1790766499096
1b5620,36,1790766499096
e971d3,50,1790766499096
5e6714,53,1790851099096
3de72b,35,1790765599096
1a11cd,49,1790765599096
321db7,45,1790766499096
782e7e,42,1790766499096
94e78c,58,1790765599096
14499d,40,1790851099096
6486fd,50,1790766499096
950a06,54,1790765599096
29ec37,30,1790851099096
f59a25,18,1790766499096
cf7724,15,1790851099096
b314a8,47,1790851099096
ac4b3f,22,1790851099096
bada83,37,1790851099096
65afee,40,1790766499096
57150a,26,1790851099096
a7008d,33,1790765599096
1cf28f,47,1790766499096
3c4076,37,1790765599096
b37197,31,1790766499096
cf238c,16,1790766499096
30e33b,31,1790765599096
55c943,50,1790851099096
a369af,36,1790766499096
37a13d,40,1790766499096
51e79e,36,1790851099096
8ffdef,27,1790851099096
f6a0e3,55,1790766499096
2fb916,53,1790765599096
37200a,38,1790765599096
779b01,59,1790766499096
638c51,38,1790765599096
ed201e,34,1790766499096
a6fd52,57,1790766499096
9e426b,41,1790851099096
86560c,51,1790851099096
e6c1b0,31,1790765599096
76dd7f,60,1790851099096
dbcdc6,33,1790766499096
82e1ff,56,1790851099096
2d2cc0,23,1790765599096
67068a,46,1790765599096
59f852,44,1790765599096
064d6a,22,1790766499096
c48fd9,37,1790765599096
00209b,32,1790851099096
c027b5,23,1790766499096
743f2e,55,1790765599096
d0a98b,17,1790766499096
6b7a71,26,1790766499096
567e1a,35,1790765599096
325e66,28,1790765599096
082105,31,1790851099096
4e46b6,21,1790766499096
767a4a,39,1790765599096
ba57cc,23,1790851099096
9499ff,19,1790765599096
68e1e4,55,1790766499096
c0dbab,18,1790765599096
8aba5b,42,1790851099096
66f4e2,17,1790766499096
8e30ce,32,1790766499096
7a9ec1,59,1790851099096
72f845,53,1790765599096
548772,59,1790765599096
d704fe,57,1790765599096
75d8af,43,1790766499096
24e16a,27,1790851099096
2b46b6,20,1790765599096
4c4a6b,55,1790765599096
6628f0,15,1790765599096
4a7b15,18,1790765599096
14d6cf,25,1790851099096
2a0568,40,1790766499096
e21bec,42,1790766499096
a2d30b,20,1790765599096
99513c,16,1790766499096
d3c540,48,1790766499096
ecf6f4,34,1790766499096
9ee359,47,1790851099096
5dba5d,16,1790851099096
6169e4,45,1790766499096
2c8ae5,41,1790765599096
6284db,15,1790765599096
85f903,38,1790766499096
a9e6ca,24,1790851099096
8cafca,51,1790765599096
6251dc,58,1790765599096
eb89a8,31,1790766499096
6dea7b,39,1790765599096
4740ac,40,1790851099096
10ecfd,30,1790766499096
dcd033,26,1790851099096
aa203a,27,1790765599096
0f2fe8,58,1790851099096
1deb8b,17,1790851099096
b74ada,49,1790765599096
0fc32f,32,1790765599096
a98c63,20,1790766499096
4876da,17,1790851099096
d8bce2,38,1790766499096
a45f63,36,1790851099096
4be5de,45,1790766499096
b4ae3c,56,1790766499096
27ad8f,42,1790765599096
476c2b,56,1790851099096
23cff5,31,1790851099096
b83c0d,58,1790766499096
dcdeac,44,1790766499096
cf955f,31,1790765599096
feb35f,22,1790765599096
f4b306,32,1790766499096
c92caf,17,1790851099096
68f8f4,25,1790766499096
56fbb5,21,1790765599096
14d885,54,1790766499096
46abc5,45,1790765599096
c1eac4,49,1790765599096
bc3800,51,1790765599096
32ae73,41,1790765599096
abb971,23,1790851099096
9c78de,17,1790851099096
8a0ff7,35,1790851099096
f95de9,23,1790765599096
4d6fa2,57,1790765599096
4d7cc9,58,1790766499096
250630,53,1790765599096
f2fddd,56,1790765599096
0aa8ba,17,1790765599096
13d219,59,1790765599096
c4fb27,30,1790851099096
f90c82,23,1790765599096
0b5928,32,1790766499096
52b345,23,1790766499096
1721e0,17,1790765599096
f39ad9,40,1790851099096
00e9fc,16,1790851099096
94926d,47,1790851099096
aad03d,38,1790765599096
fb3751,42,1790851099096
6cfdc7,50,1790766499096
feeefc,15,1790765599096
c969ab,28,1790851099096
f937ad,47,1790765599096
16de77,46,1790851099096
5193ad,51,1790851099096
433f02,41,1790765599096
47e546,57,1790766499096
88a907,33,1790851099096
091415,57,1790766499096
3d6981,55,1790765599096
fb2aa6,45,1790851099096
5cebda,52,1790765599096
5d6705,27,1790766499096
357882,54,1790765599096
8f019b,51,1790851099096
e218d5,28,1790765599096
a08f23,35,1790851099096
73beb8,31,1790765599096
c42022,19,1790851099096
f4cf67,15,1790765599096
98e8da,16,1790851099096
5a30de,44,1790765599096
a6075a,32,1790851099096
0d4a78,29,1790766499096
846e2d,17,1790851099096
bc2007,46,1790851099096
88e06a,35,1790765599096
7ef398,53,1790766499096
a77191,45,1790851099096
a00b6b,42,1790851099096
5e323e,30,1790765599096
c1a7b1,55,1790765599096
bced22,15,1790851099096
29124c,48,1790766499096
330996,48,1790851099096
18ac36,15,1790765599096
302345,18,1790765599096
012a62,54,1790766499096
f2516b,43,1790765599096
7fc295,21,1790765599096
eb2155,60,1790766499096
c9e92d,23,1790765599096
824855,24,1790766499096
c10b82,38,1790851099096
e854c0,46,1790851099096
a40259,30,1790851099096
9ec2d9,21,1790766499096
1c5e56,45,1790766499096
9972c6,19,1790765599096
8872be,19,1790765599096
c12b44,50,1790766499096
817eef,42,1790765599096
1eaee5,27,1790851099096
6b80cc,56,1790851099096
3f7a4d,31,1790766499096
f6fa06,40,1790765599096
d42ac6,25,1790766499096
de1ed6,42,1790765599096
21c6ea,19,1790766499096
1ec553,47,1790766499096
d4c7d6,55,1790766499096
534aa5,30,1790766499096
b3b12e,21,1790766499096
d296a8,40,1790851099096
347301,37,1790851099096
c05b1b,46,1790851099096
1d8990,31,1790766499096
6b1c83,55,1790766499096
0eb172,41,1790851099096
2490f6,23,1790766499096
66d8b7,48,1790851099096
452d91,42,1790851099096
715b56,26,1790851099096
dbe89e,35,1790766499096
84209e,52,1790766499096
45cedd,45,1790851099096
ddb12b,26,1790766499096
c718c9,53,1790766499096
47d5fa,40,1790766499096
8a45e3,23,1790765599096
0ca51e,41,1790851099096
c2b9fb,41,1790766499096
0a13f2,55,1790766499096
d50834,49,1790765599096
e28707,23,1790766499096
bb35ff,35,1790766499096
82525d,20,1790851099096
c781b6,52,1790765599096
22ccb4,33,1790851099096
a365be,42,1790765599096
97a075,31,1790765599096
4108d2,45,1790851099096
b9b881,42,1790765599096
4ab18c,56,1790766499096
d0ee2a,30,1790765599096
66c75a,44,1790851099096
e28ada,46,1790851099096
e2aca2,42,1790851099096
57bc42,58,1790765599096
c0f59b,19,1790851099096
46e4f4,51,1790766499096
b49b3b,38,1790766499096
0e8bd8,25,1790851099096
bac328,25,1790851099096
bb79df,30,1790851099096
c98e3b,27,1790766499096
a8aa30,52,1790765599096
6d4d3d,32,1790851099096
62f9ea,39,1790766499096
7822d2,30,1790765599096
c07a08,56,1790766499096
d79c30,25,1790851099096
d50974,56,1790851099096
a677cb,39,1790765599096
5c0859,60,1790765599096
633cc5,29,1790766499096
e9fca7,46,1790766499096
2cc6eb,48,1790851099096
11717a,58,1790851099096
a033a9,34,1790851099096
47f895,39,1790851099096
5f081b,40,1790765599096
8d307d,58,1790851099096
c9d109,50,1790766499096
7a65e1,17,1790765599096
4d00fb,60,1790851099096
ff4081,29,1790851099096
8e7440,54,1790766499096
b5fa4a,20,1790765599096
3cc507,49,1790765599096
ffdd20,40,1790766499096
99fd2d,55,1790851099096
9d5688,28,1790766499096
0df213,22,1790766499096
e25a7a,49,1790766499096
de972b,39,1790851099096
a48763,33,1790851099096
8ddc72,43,1790766499096
f5e472,35,1790765599096
483eaf,32,1790765599096
a4a91a,35,1790851099096
96d37a,45,1790766499096
e29a35,38,1790765599096
657268,31,1790765599096
636c5a,60,1790765599096
e2753b,16,1790766499096
24c052,15,1790766499096
70594d,36,1790851099096
3afb1d,42,1790765599096
994d8b,40,1790851099096
788e3d,28,1790851099096
17bf4d,21,1790766499096
da68ef,42,1790851099096
945b0b,34,1790765599096
450202,19,1790765599096
615c71,31,1790765599096
6eadb6,39,1790765599096
5c9b35,51,1790766499096
6f591d,38,1790851099096
d6f727,32,1790766499096
2d00bf,43,1790851099096
1bff98,27,1790766499096
42cbbd,25,1790766499096
20578f,20,1790766499096
fb3b70,36,1790766499096
429214,20,1790851099096
9882ac,15,1790765599096
325f39,49,1790766499096
cc7173,58,1790851099096
97eece,58,1790851099096
2b613b,26,1790851099096
48bd0b,22,1790765599096
9dd862,37,1790766499096
1357de,31,1790851099096
f1ffd2,29,1790851099096
3734b3,30,1790766499096
98924b,58,1790766499096
6d0e27,51,1790765599096
dad8cd,28,1790851099096
ad31ae,39,1790765599096
f74e37,38,1790765599096
2337a1,35,1790851099096
03493a,51,1790765599096
7519ca,46,1790851099096
09d6a0,32,1790851099096
7c8c67,18,1790851099096
16cf5f,50,1790766499096
840f70,22,1790766499096
ceffa7,26,1790851099096
00c8e4,32,1790766499096
e14af6,16,1790766499096
2a0a2d,57,1790765599096
8c753a,54,1790851099096
3a4d08,29,1790766499096
f3b115,20,1790851099096
e46de8,21,1790851099096
a823fa,31,1790766499096
38016c,27,1790765599096
04d41a,15,1790851099096
5c834a,38,1790851099096
c970db,36,1790765599096
61d626,18,1790766499096
cfd04d,32,1790766499096
089bbd,50,1790765599096
a32027,55,1790765599096
2dcaf4,51,1790851099096
377e01,32,1790766499096
0a4080,18,1790766499096
421d78,51,1790851099096
e44fde,41,1790766499096
d24fde,41,1790766499096
801a15,31,1790851099096
88b84c,16,1790765599096
78b2f9,54,1790851099096
32aab2,52,1790765599096
7ddf10,51,1790851099096
957977,57,1790851099096
757a64,38,1790765599096
aba5af,53,1790766499096
6cb660,45,1790765599096
3eac3a,22,1790766499096
4eff04,18,1790766499096
853738,32,1790851099096
6a41cf,45,1790766499096
62c93a,32,1790766499096
6b2175,35,1790765599096
a45406,54,1790766499096
256194,16,1790766499096
af266a,51,1790851099096
8e9d50,37,1790765599096
c4ac82,42,1790765599096
6d9698,44,1790851099096
3dea55,22,1790766499096
10ed27,34,1790766499096
8e30ad,22,1790766499096
28f5e3,36,1790766499096
c6661b,34,1790765599096
3ca07f,25,1790765599096
42730d,48,1790851099096
f703db,60,1790851099096
c3859b,38,1790765599096
ec3b60,28,1790765599096
a46bb7,24,1790766499096
6ae5cc,45,1790765599096
3213e6,51,1790766499096
95e461,31,1790766499096
55dce9,17,1790765599096
31512e,31,1790766499096
ee2c4d,51,1790765599096
cbbea8,54,1790766499096
d5e4db,40,1790765599096
ee4572,35,1790765599096
002544,45,1790765599096
ad1c0f,21,1790851099096
495f4b,25,1790766499096
b7c800,54,1790851099096
44ae14,42,1790766499096
8a251c,23,1790851099096
80624a,59,1790765599096
819633,46,1790765599096
036249,26,1790766499096
c2e182,57,1790765599096
f995e8,47,1790765599096
1d3e2e,21,1790766499096
5e81a5,57,1790765599096
891fef,28,1790766499096
7efcd3,47,1790766499096
8f3d37,47,1790765599096
925f7c,45,1790766499096
2a8632,28,1790766499096
38e78b,40,1790766499096
20db6b,15,1790851099096
b22134,54,1790851099096
75cd67,45,1790766499096
81017a,34,1790766499096
f7bdf4,33,1790851099096
d21a66,38,1790851099096
f4d57e,55,1790765599096
8e5e73,38,1790765599096
01f5eb,26,1790765599096
2565ba,47,1790851099096
9bd9f6,35,1790851099096
0839e1,18,1790766499096
fa8365,31,1790851099096
860b48,34,1790766499096
97e49e,25,1790765599096
55a452,44,1790765599096
97ea77,48,1790851099096
7052b3,26,1790765599096
d51efd,47,1790766499096
44baa8,55,1790765599096
555581,58,1790765599096
0deb87,56,1790766499096
deff5b,47,1790851099096
a23969,45,1790766499096
91f906,32,1790766499096
5602b6,18,1790765599096
ab0b66,50,1790766499096
dc7d1e,32,1790851099096
082218,32,1790851099096
f2fa28,59,1790851099096
58472b,44,1790765599096
acd42a,58,1790765599096
570d01,15,1790765599096
102ed1,60,1790766499096
e2fdea,44,1790765599096
06ed87,57,1790851099096
54034e,35,1790766499096
583a7b,44,1790766499096
f1ca09,24,1790766499096
5cbec0,38,1790851099096
089a8f,26,1790851099096
c26bf3,45,1790851099096
cc5e39,25,1790766499096
3fc665,48,1790765599096
c09948,56,1790766499096
0d3c37,44,1790765599096
c47f8f,26,1790765599096
5d8362,57,1790766499096
a6ad3e,32,1790766499096
1c194a,15,1790851099096
1ee62f,37,1790765599096
958029,57,1790765599096
b0b6b6,54,1790765599096
402283,32,1790851099096
5ba1dd,55,1790765599096
a30a20,27,1790766499096
1e78cc,29,1790765599096
ea2ffd,36,1790766499096
d7ea53,27,1790851099096
09a479,31,1790851099096
11f385,38,1790766499096
0dac9e,29,1790765599096
68e3a0,58,1790851099096
823f23,18,1790851099096
4be953,27,1790851099096
860eac,59,1790765599096
15412a,19,1790851099096
e87ec0,16,1790766499096
23b8b8,24,1790766499096
234e4e,24,1790765599096
9a623c,25,1790851099096
ca8ab1,46,1790765599096
27a322,47,1790766499096
00bb6b,56,1790851099096
02858c,55,1790766499096
ac179d,33,1790766499096
e7c6fa,28,1790851099096
8a2422,18,1790851099096
051c11,20,1790851099096
4a1bef,29,1790765599096
8be19e,26,1790765599096
0c6bca,59,1790765599096
bc6fda,59,1790766499096
e2842b,43,1790766499096
4a62c7,44,1790766499096
0b060c,55,1790766499096
44d457,54,1790765599096
8cc932,36,1790765599096
13238f,31,1790765599096
ec4aaa,53,1790766499096
389746,17,1790765599096
129f2e,49,1790765599096
ce5f28,53,1790765599096
97fce9,16,1790765599096
bd9064,25,1790851099096
6d9722,46,1790766499096
61c096,51,1790851099096
c8a5a4,57,1790851099096
98d362,15,1790765599096
b24ee6,54,1790765599096
b6fab6,45,1790851099096
afd7dc,43,1790851099096
5c18de,21,1790765599096
5b0287,25,1790765599096
7b7157,46,1790766499096
286eb8,51,1790851099096
ab9345,19,1790765599096
9becf7,30,1790765599096
ddfdab,35,1790766499096
8ebb3a,27,1790766499096
ef8b46,45,1790766499096
24787d,49,1790766499096
d73802,22,1790851099096
ae7975,38,1790766499096
4be4b5,49,1790765599096
da55eb,15,1790851099096
39cb5c,28,1790851099096
f54f2c,25,1790851099096
8b9629,19,1790765599096
1f09b4,20,1790851099096
fe0fe1,52,1790766499096
85d902,44,1790766499096
86acb3,43,1790851099096
51e672,58,1790851099096
7a71c2,42,1790851099096
35787f,25,1790765599096
f231d8,43,1790766499096
494b62,17,1790765599096
93804f,54,1790765599096
560337,15,1790851099096
1c470d,36,1790765599096
9d7176,58,1790851099096
d5d860,48,1790766499096
c47edf,42,1790766499096
5322f8,43,1790766499096
7dafd3,57,1790766499096
766b23,25,1790851099096
3e464c,45,1790766499096
e0d641,31,1790765599096
7dbbee,27,1790851099096
5c89bf,29,1790851099096
d465c7,46,1790851099096
ebfaba,26,1790765599096
e21b4c,30,1790765599096
82fc36,41,1790765599096
c323be,37,1790765599096
a96e41,42,1790766499096
2d63b7,15,1790765599096
506da4,24,1790851099096
e73d40,40,1790765599096
50a308,47,1790765599096
eab8ea,49,1790765599096
ffc2c3,35,1790766499096
58dc7e,38,1790851099096
db614d,21,1790765599096
1b7e77,58,1790851099096
4964c4,15,1790851099096
8551f7,41,1790766499096
21ae90,58,1790851099096
98ec8c,27,1790851099096
1b137f,38,1790766499096
e17dd2,53,1790851099096
7d1925,36,1790766499096
1070f4,29,1790851099096
00a471,50,1790766499096
ea68d8,59,1790766499096
021588,29,1790766499096
147c0d,19,1790851099096
0d1084,35,1790851099096
b7e0f8,30,1790765599096
9bf688,58,1790766499096
ac5f4e,42,1790765599096
335d55,34,1790765599096
1f149f,21,1790765599096
f3dcda,24,1790766499096
7f8330,21,1790766499096
50f823,17,1790851099096
2a2da4,22,1790765599096
32211d,29,1790765599096
7cb6e1,30,1790765599096
c0640e,59,1790851099096
f11a50,58,1790766499096
843f46,20,1790765599096
e3d851,60,1790765599096
49b31a,44,1790766499096
bf1b72,36,1790766499096
af9938,37,1790851099096
a2701d,42,1790766499096
82c09e,20,1790765599096
87c7b1,56,1790765599096
da171d,46,1790766499096
c103a9,25,1790766499096
bc9743,25,1790765599096
85c5e0,25,1790766499096
e18686,45,1790766499096
088b59,36,1790851099096
a0649c,49,1790766499096
c015dc,44,1790765599096
d31f4e,60,1790765599096
ddbeaf,24,1790766499096
5d712c,54,1790851099096
f0573a,34,1790851099096
5fcf12,52,1790765599096
579d84,28,1790766499096
61d010,58,1790766499096
dc6f8b,22,1790765599096
0c8427,42,1790851099096
702cb4,49,1790765599096
7bd819,57,1790851099096
764667,37,1790765599096
f57e5f,23,1790766499096
dced7b,27,1790766499096
807029,57,1790851099096
6d75dc,22,1790766499096
4d8e55,21,1790766499096
52bf23,57,1790851099096
e4929a,58,1790851099096
c8ceb9,58,1790851099096
915e2a,29,1790851099096
5b65b6,23,1790765599096
77dc36,26,1790766499096
8d9f8c,30,1790766499096
355be1,22,1790766499096
f68e98,22,1790765599096
bb6e62,59,1790766499096
845538,47,1790766499096
c70e1d,21,1790766499096
94dc49,15,1790765599096
c224c7,57,1790766499096
e5e140,25,1790766499096
829df3,35,1790766499096
e48c28,55,1790765599096
3490b1,36,1790766499096
303f0b,60,1790851099096
f3fca8,19,1790766499096
901273,15,1790765599096
000d4f,18,1790766499096
fb081f,50,1790766499096
4e0d59,22,1790766499096
313c4d,57,1790765599096
69b84e,40,1790851099096
92f932,28,1790851099096
319fab,26,1790766499096
7f3dde,49,1790765599096
e8f18f,42,1790765599096
49969e,28,1790765599096
fe47f9,59,1790765599096
e7f0a9,25,1790765599096
14c865,57,1790851099096
ebb3a4,48,1790851099096
f97e45,25,1790851099096
b40d74,19,1790766499096
0aef9c,54,1790851099096
e8ae82,29,1790766499096
0184b8,35,1790765599096
c50e26,18,1790766499096
310a92,41,1790765599096
2b53c6,21,1790851099096
0ac5d4,26,1790765599096
aa9b36,35,1790851099096
f12267,30,1790766499096
864cd9,49,1790766499096
9fd0ff,37,1790766499096
32fbd4,33,1790765599096
5fdf40,34,1790851099096
383ec9,33,1790851099096
207b4a,54,1790851099096
2cced4,20,1790766499096
8f8cee,26,1790851099096
43a13e,24,1790851099096
7a5112,51,1790766499096
556300,52,1790765599096
5caee6,45,1790851099096
2a997e,42,1790766499096
5be81a,43,1790766499096
878858,50,1790766499096
b32cf8,43,1790766499096
0d23e1,34,1790766499096
1b3b1f,18,1790765599096
7a7236,53,1790766499096
38d18a,35,1790766499096
20560d,44,1790765599096
9be7a7,28,1790766499096
1d1411,25,1790765599096
ae2eda,37,1790851099096
619e29,32,1790766499096
1f5615,50,1790851099096
e53dbc,35,1790851099096
465fba,18,1790765599096
96ca4c,60,1790765599096
fb36b3,46,1790851099096
6df733,54,1790765599096
de19c7,31,1790765599096
21348e,51,1790765599096
8fe4b9,25,1790766499096
0a240d,40,1790851099096
272d5e,32,1790766499096
e73a5c,41,1790766499096
c4efb3,44,1790765599096
239f3f,60,1790765599096
5a05f6,30,1790766499096
9ece75,37,1790765599096
9cd85f,59,1790765599096
67befe,41,1790851099096
143381,18,1790851099096
b41dfc,58,1790765599096
269466,31,1790765599096
29574e,49,1790765599096
cdd2f9,43,1790766499096
f8122c,36,1790851099096
42e11b,29,1790766499096
54a7df,34,1790851099096
0e335f,18,1790851099096
2f9da0,51,1790766499096
51fd5f,23,1790766499096
405dd3,52,1790766499096
3cb99a,46,1790765599096
1b9f30,55,1790765599096
6ba6b7,40,1790851099096
26abaa,56,1790765599096
734c50,28,1790765599096
46177b,25,1790851099096
28b4b7,28,1790851099096
72ac1c,27,1790766499096
ab6346,33,1790765599096
830f1a,26,1790765599096
bed79c,44,1790765599096
442146,55,1790765599096
cee2ec,32,1790766499096
164513,56,1790766499096
a39f1a,42,1790851099096
34ee22,36,1790766499096
10265d,46,1790851099096
620e2d,36,1790765599096
25530b,23,1790851099096
cdd022,48,1790851099096
8275f0,59,1790766499096
7b1f62,32,1790765599096
bb68f9,30,1790765599096
dbbe7b,57,1790765599096
7fedd4,16,1790766499096
721b92,60,1790765599096
811156,56,1790851099096
651e55,30,1790765599096
e067b2,27,1790766499096
96a5a3,41,1790765599096
433553,32,1790851099096
4d49b9,44,1790765599096
07efb1,38,1790765599096
53b0a2,56,1790766499096
52b1ed,31,1790766499096
5a2dbe,58,1790766499096
912f30,16,1790765599096
d7367b,16,1790765599096
723ca8,53,1790765599096
880444,17,1790765599096
4bcefc,46,1790851099096
b6a895,32,1790851099096
1b89de,31,1790765599096
349c63,32,1790766499096
7cc5ad,24,1790851099096
2e29b5,29,1790851099096
11a649,32,1790851099096
790e59,21,1790766499096
0782c3,16,1790851099096
881439,40,1790766499096
24a936,52,1790765599096
c69fd2,24,1790765599096
3b7768,25,1790851099096
836abf,58,1790851099096
94d75a,30,1790766499096
55964b,51,1790766499096
2f4b45,47,1790765599096
07473c,29,1790765599096
9a6a61,32,1790851099096
837227,48,1790766499096
045065,39,1790765599096
ed8cfa,58,1790851099096
63b267,38,1790766499096
abf4ae,39,1790766499096
c7986f,41,1790765599096
0f94c7,48,1790851099096
4bb59f,50,1790851099096
d9ffb5,60,1790765599096
05eaa3,40,1790851099096
f69058,57,1790851099096
b8fd35,18,1790766499096
4c05e6,35,1790766499096
702d31,56,1790851099096
c6d477,53,1790766499096
ca3585,56,1790851099096
fac703,58,1790765599096
25981a,34,1790851099096
a00450,25,1790765599096
1669da,51,1790765599096
1d3e2b,59,1790766499096
ad0620,59,1790851099096
018d6c,41,1790766499096
7b635c,33,1790851099096
9208b2,25,1790766499096
a70192,28,1790766499096
961d58,45,1790851099096
f0a8c3,52,1790851099096
585474,26,1790851099096
e94590,29,1790766499096
d4763a,49,1790766499096
abe290,59,1790766499096
3a69cc,43,1790766499096
5e9c45,30,1790766499096
a90995,32,1790766499096
11621d,59,1790765599096
68aed9,39,1790766499096
42811e,57,1790765599096
7b690e,55,1790765599096
72f8db,29,1790765599096
c42916,47,1790766499096
e8d7f6,17,1790766499096
d0f8b9,54,1790765599096
0569e0,58,1790766499096
028bcc,32,1790766499096
231561,41,1790766499096
873fdb,36,1790851099096
ade07f,51,1790766499096
fce0bc,40,1790766499096
50c803,36,1790766499096
bdaa3a,22,1790765599096
14b162,45,1790766499096
d7f377,31,1790766499096
66ad84,25,1790851099096
64199b,58,1790765599096
6ed643,55,1790765599096
c4ffab,38,1790765599096
5a1edc,39,1790765599096
7f5ce1,21,1790765599096
087523,46,1790851099096
90d9ef,34,1790766499096
7c970b,39,1790766499096
311f4b,49,1790766499096
548a2e,22,1790766499096
5abed7,24,1790766499096
607a74,41,1790765599096
ae0f66,37,1790765599096
56b4a8,42,1790851099096
5950e0,21,1790851099096
3b6ebe,22,1790851099096
567549,54,1790765599096
d53447,44,1790766499096
ff7e2a,45,1790766499096
57982b,33,1790765599096
174046,15,1790766499096
7662fe,42,1790765599096
28557a,56,1790765599096
1067a5,35,1790766499096
7274d2,58,1790765599096
6da54c,22,1790765599096
045d57,54,1790766499096
f2fc9a,58,1790766499096
723218,27,1790766499096
de6792,38,1790765599096
8c804e,36,1790851099096
820e15,47,1790765599096
275bc8,51,1790766499096
ca4f31,49,1790766499096
2dc75b,49,1790766499096
c51f55,25,1790851099096
df28cb,30,1790765599096
b8977a,32,1790765599096
3ff487,24,1790851099096
2356ea,46,1790765599096
77f8ee,21,1790766499096
7d6934,15,1790765599096
369abc,46,1790765599096
ade5e9,39,1790851099096
d4063b,31,1790851099096
0ef957,33,1790766499096
fed639,20,1790766499096
5072dd,23,1790851099096
3c130e,53,1790851099096
875a9b,49,1790851099096
3a7fac,15,1790766499096
4f5d51,52,1790851099096
5a206c,51,1790851099096
6c5df3,37,1790766499096
6d1474,17,1790851099096
86e40e,22,1790851099096
35c47d,59,1790766499096
bec0ed,53,1790765599096
dc97cb,21,1790765599096
39f5b4,27,1790766499096
57e455,43,1790765599096
a9ef62,53,1790851099096
4a8032,48,1790851099096
72a81a,40,1790765599096
225339,57,1790851099096
3156a2,36,1790766499096
5e3343,51,1790766499096
82c08c,35,1790766499096
bf2ecc,28,1790851099096
354325,19,1790765599096
8bfed9,21,1790851099096
fe485b,28,1790765599096
7cd3c6,53,1790765599096
e1f5b6,30,1790765599096
04342e,49,1790766499096
649d4d,40,1790766499096
c71f5a,23,1790851099096
bd92cf,51,1790851099096
b044ac,42,1790766499096
f218a2,43,1790765599096
4a5443,49,1790851099096
1ac2b6,38,1790765599096
ab5d19,57,1790851099096
1c9ac1,54,1790766499096
c7d7dd,21,1790765599096
8cf562,52,1790851099096
2c906e,16,1790851099096
155c5b,43,1790765599096
365f60,28,1790765599096
6f48be,50,1790851099096
24fd4a,34,1790765599096
126dcd,29,1790851099096
525eeb,25,1790851099096
252ca5,51,1790766499096
75d311,20,1790851099096
2021d1,59,1790765599096
3184a6,18,1790766499096
2876dc,46,1790766499096
f44e7d,31,1790765599096
7fe204,30,1790765599096
5bd85e,29,1790851099096
0dc498,59,1790851099096
36f72d,16,1790851099096
26382f,49,1790766499096
f6e756,26,1790766499096
4642d2,18,1790766499096
45a596,22,1790765599096
39b746,33,1790766499096
4ca52f,16,1790766499096
25186a,54,1790766499096
ae707b,18,1790851099096
18b203,25,1790766499096
c638ad,60,1790766499096
34cf11,60,1790765599096
9e9ff2,31,1790765599096
30e3bc,18,1790766499096
0c5fb7,21,1790851099096
9edd4a,48,1790766499096
b62331,33,1790765599096
e126d2,49,1790766499096
102003,50,1790766499096
89b758,50,1790765599096
7a41c4,51,1790851099096
0388a1,26,1790765599096
00ec48,21,1790765599096
3b03c5,20,1790766499096
00f117,55,1790851099096
ff8977,57,1790765599096
276dcd,59,1790766499096
7a4dee,20,1790765599096
cba806,35,1790766499096
3a98f6,41,1790766499096
d26998,50,1790765599096
aa2812,26,1790766499096
63d2f8,27,1790765599096
d4d2cb,45,1790766499096
c9cad9,44,1790766499096
748cb0,24,1790851099096
ae1703,33,1790765599096
846470,20,1790766499096
35b921,55,1790851099096
f6b1ea,38,1790765599096
2c7b8c,17,1790851099096
f8a1ad,39,1790851099096
03ff59,47,1790765599096
3e57e6,24,1790766499096
38b607,30,1790765599096
c5069b,34,1790765599096
950b62,57,1790851099096
17ad1f,43,1790765599096
3a21e5,34,1790851099096
6616f8,56,1790851099096
9dc444,42,1790765599096
c869f8,45,1790766499096
63c07c,33,1790766499096
feee90,38,1790851099096
9572a4,45,1790766499096
34d71f,33,1790765599096
410996,32,1790765599096
96b966,38,1790766499096
a7570e,43,1790851099096
be073f,59,1790766499096
e8b073,30,1790766499096
c0f76e,39,1790766499096
6473da,35,1790851099096
3bd1b1,20,1790851099096
bca92e,24,1790851099096
fa7d46,46,1790765599096
5cd63f,17,1790765599096
9456c1,29,1790851099096
25f21e,43,1790766499096
e5bf0e,37,1790766499096
307d2c,24,1790766499096
e1346c,40,1790766499096
bde2a4,41,1790766499096
619c0f,34,1790765599096
053d14,19,1790766499096
8e8d2d,50,1790851099096
60ccf1,57,1790766499096
9a03a8,34,1790766499096
088abe,41,1790765599096
e9d50c,45,1790765599096
8f9a88,19,1790766499096
599f17,33,1790765599096
fe65b9,38,1790765599096
6fc4fc,27,1790766499096
845ade,26,1790766499096
86c3f7,17,1790766499096
4fdbad,29,1790851099096
6300ec,27,1790851099096
a7959c,38,1790851099096
20be3f,26,1790851099096
5e9a3d,30,1790765599096
48821e,30,1790851099096
f14749,22,1790851099096
8c6b16,40,1790766499096
9f2676,17,1790851099096
9f9dd7,21,1790766499096
c5a499,36,1790851099096
d8e840,44,1790765599096
15c6e2,43,1790765599096
c219ad,21,1790765599096
7a00e2,52,1790766499096
693b62,17,1790765599096
65f8a5,33,1790766499096
a946c2,15,1790766499096
da8ca5,20,1790765599096
aeb74d,20,1790765599096
2388f5,24,1790766499096
a94cca,26,1790851099096
e8641e,18,1790765599096
318b22,17,1790766499096
c3c85f,54,1790766499096
97e4c9,39,1790851099096
490ea8,20,1790766499096
af1e0c,22,1790851099096
38bed0,30,1790765599096
a3862a,54,1790765599096
57a77a,21,1790766499096
45cc37,47,1790766499096
d201c7,30,1790851099096
e1ee3f,31,1790765599096
5925b2,24,1790851099096
468d12,16,1790765599096
c04629,54,1790766499096
bbbb21,15,1790765599096
e5df74,30,1790851099096
b86628,21,1790851099096
b38731,35,1790765599096
fc6d93,43,1790765599096
e779af,29,1790851099096
9747ab,30,1790765599096
46c98f,22,1790765599096
06de47,36,1790851099096
5e6330,38,1790851099096
632740,26,1790851099096
beb169,42,1790765599096
c7d4a8,53,1790766499096
296d87,31,1790765599096
4a1d32,51,1790766499096
f29b71,53,1790851099096
dd6d07,57,1790765599096
fba704,30,1790851099096
c71e6e,26,1790766499096
f5c467,44,1790766499096
9c43cc,40,1790851099096
61d6b1,24,1790765599096
72530f,21,1790851099096
3752eb,20,1790851099096
860798,55,1790851099096
720542,43,1790765599096
ae76f8,16,1790766499096
004279,48,1790765599096
67f690,27,1790851099096
cdf57b,43,1790851099096
3c3668,21,1790851099096
f4e6f3,36,1790766499096
a7b6b9,24,1790851099096
f5e2b0,16,1790851099096
ea654f,37,1790766499096
c7b123,22,1790851099096
48f7cd,56,1790765599096
c4377b,39,1790766499096
fbc388,43,1790766499096
3a4884,59,1790766499096
edb425,37,1790766499096
8472e0,56,1790851099096
9689b4,26,1790765599096
0b9c50,47,1790851099096
715411,32,1790765599096
1f98a5,51,1790765599096
287df2,55,1790766499096
55f100,44,1790766499096
8584ce,39,1790851099096
4d6672,46,1790765599096
10338d,59,1790851099096
95bb98,41,1790766499096
a54efe,46,1790851099096
663c64,27,1790851099096
1155c3,23,1790766499096
0170ab,36,1790766499096
04d651,33,1790851099096
665f64,20,1790851099096
a36f54,52,1790765599096
a8690c,24,1790765599096
1d2530,21,1790851099096
0cfb61,56,1790766499096
9d0068,26,1790765599096
71e342,27,1790851099096
035174,57,1790765599096
7f594b,20,1790851099096
6cc79c,54,1790851099096
46d0d5,34,1790766499096
3512a8,29,1790766499096
428493,18,1790766499096
6ac996,38,1790851099096
59eef1,43,1790851099096
e128b9,39,1790851099096
5a2b62,28,1790765599096
5c1d73,46,1790765599096
093219,17,1790766499096
e795cc,32,1790851099096
51eecd,51,1790851099096
800671,55,1790765599096
1bfba4,45,1790851099096
8eb5e4,36,1790851099096
942401,48,1790765599096
f5e85f,19,1790851099096
045c86,21,1790766499096
1bd266,31,1790851099096
647228,23,1790765599096
203560,19,1790766499096
fa0b14,47,1790766499096
60e4e0,32,1790765599096
feb47e,49,1790851099096
c1af09,16,1790851099096
4860a2,51,1790766499096
a8571a,60,1790851099096
ee8d5e,28,1790851099096
37cc02,19,1790766499096
e417ef,50,1790765599096
48411f,25,1790851099096
128f0a,20,1790851099096
c73103,54,1790766499096
8d7498,24,1790766499096
2f16b1,59,1790766499096
98365a,54,1790766499096
697571,29,1790765599096
2bab3b,41,1790851099096
9253c1,27,1790766499096
77a566,23,1790765599096
8e62d9,43,1790851099096
266801,27,1790766499096
efe68f,32,1790766499096
90f710,26,1790851099096
de9582,25,1790851099096
85d294,56,1790765599096
45fe18,37,1790851099096
91368b,44,1790851099096
fbfce1,22,1790765599096
c9645c,39,1790851099096
d0e3ec,47,1790766499096
8ad58e,24,1790766499096
c82059,40,1790765599096
0cadfa,48,1790766499096
dcaef2,54,1790766499096
2bc5b7,37,1790765599096
88ace7,56,1790766499096
027dd9,18,1790765599096
5deecc,41,1790766499096
bf8fdd,17,1790765599096
7ca9eb,30,1790766499096
832e34,33,1790765599096
92f15d,41,1790765599096
5dc2d9,37,1790766499096
a8b337,28,1790851099096
c358f0,23,1790766499096
004dd5,27,1790766499096
fad95f,34,1790765599096
be2d28,45,1790765599096
5ff6f1,32,1790765599096
5f6f01,39,1790851099096
72054d,24,1790765599096
c19d94,36,1790766499096
1347a8,34,1790765599096
1c5adc,31,1790851099096
4830f9,39,1790851099096
978f7e,31,1790766499096
b9f045,15,1790851099096
88fd19,15,1790851099096
228c2c,36,1790851099096
56b39a,59,1790765599096
a8ceac,21,1790766499096
799838,47,1790851099096
63454e,18,1790766499096
5cf3a1,22,1790851099096
9f8b53,19,1790766499096
2b0aab,28,1790765599096
ee9cb3,22,1790765599096
412256,60,1790765599096
2a6bd5,48,1790765599096
5b027b,20,1790851099096
ce12dc,42,1790851099096
945e0f,30,1790851099096
5933a8,22,1790851099096
2d7845,52,1790765599096
685b5b,16,1790766499096
36ece8,42,1790851099096
a132c9,52,1790851099096
a20b8e,16,1790765599096
4b5009,20,1790765599096
99d882,35,1790766499096
cc4247,19,1790765599096
6600e8,19,1790851099096
faa355,28,1790765599096
fcdbbe,15,1790766499096
dff259,57,1790765599096
637e69,40,1790765599096
73e744,52,1790851099096
1bd5a4,16,1790766499096
07c40d,21,1790765599096
ebe777,48,1790851099096
a7c050,45,1790766499096
39d00c,50,1790765599096
ecaf56,60,1790766499096
d7e3a7,47,1790765599096
f6fee4,27,1790765599096
0131ca,45,1790765599096
71cda3,23,1790851099096
1c8781,19,1790766499096
ba7ff7,29,1790766499096
e62296,52,1790851099096
bd8a9c,30,1790765599096
e4501a,18,1790851099096
f3caf8,26,1790851099096
f1070f,42,1790851099096
ea5a3b,43,1790851099096
49885e,21,1790765599096
243201,55,1790765599096
577c97,53,1790765599096
816da1,15,1790766499096
526308,46,1790766499096
e77b57,18,1790766499096
82619d,20,1790765599096
b66123,54,1790766499096
8248bb,45,1790765599096
67323b,50,1790765599096
7df133,44,1790766499096
ffa227,27,1790851099096
1149a4,24,1790765599096
7319cd,60,1790851099096
e3f01d,16,1790851099096
aaeef8,39,1790765599096
ae6bd6,48,1790766499096
ab701a,31,1790766499096
a0e016,38,1790765599096
1ef762,37,1790765599096
1e9c51,56,1790766499096
2cdc18,26,1790765599096
95294e,20,1790765599096
f9372b,16,1790851099096
4819c5,18,1790765599096
b7c2cf,23,1790851099096
1a8c26,53,1790765599096
890c59,46,1790766499096
56ffd2,55,1790851099096
22dc56,17,1790766499096
24d4be,42,1790765599096
5892ea,55,1790766499096
83c22b,48,1790851099096
865b0d,52,1790765599096
cb480e,45,1790851099096
fb42a4,50,1790851099096
ab0783,45,1790765599096
3dcd0f,23,1790851099096
6c9e5d,18,1790851099096
8922d9,36,1790765599096
3ba261,27,1790765599096
520a79,28,1790851099096
8ec52e,30,1790765599096
75ddab,47,1790765599096
8de56c,25,1790851099096
0f129a,58,1790766499096
9a431b,47,1790766499096
4228c8,37,1790851099096
2755ed,21,1790851099096
10cc1c,22,1790765599096
ea1761,44,1790851099096
0254c8,41,1790766499096
d6b3da,34,1790765599096
631121,41,1790765599096
f76d3f,58,1790766499096
745b67,28,1790765599096
0cff7d,50,1790765599096
99bb28,46,1790766499096
c3aa3d,56,1790766499096
fb87bf,21,1790766499096
29afa7,38,1790765599096
2aad6f,43,1790765599096
e1a70f,51,1790766499096
4fa8d1,49,1790851099096
4c4a61,54,1790765599096
ff1a7a,22,1790765599096
fd5081,30,1790765599096
cf8627,38,1790765599096
74490c,42,1790765599096
5a7b68,42,1790766499096
6d0220,38,1790851099096
899b26,42,1790766499096
281307,37,1790851099096
7bb326,27,1790851099096
1772a5,15,1790851099096
b2b278,54,1790765599096
8bdf94,48,1790766499096
0819d0,28,1790851099096
ba4ee5,32,1790766499096
2575bd,51,1790765599096
0e63ff,20,1790765599096
a168be,38,1790851099096
253355,37,1790766499096
4dbb56,60,1790766499096
4b2ed6,51,1790851099096
48b763,26,1790766499096
d51e10,25,1790766499096
932ac6,58,1790766499096
8281a3,55,1790851099096
32c7c3,49,1790765599096
181093,19,1790766499096
cdd5ec,18,1790851099096
83a2e4,34,1790766499096
2416fa,54,1790766499096
f1b904,28,1790765599096
fe124b,15,1790766499096
952cd0,17,1790851099096
760d70,18,1790765599096
164b67,56,1790851099096
713d1b,35,1790851099096
b0bd59,38,1790851099096
7f69f9,52,1790766499096
6344d6,38,1790765599096
3013de,20,1790851099096
7745eb,18,1790851099096
5a041d,23,1790765599096
594612,56,1790766499096
b3c3e9,16,1790851099096
ab5946,34,1790851099096
cdbdcc,16,1790766499096
e76aa4,26,1790766499096
93af1d,37,1790851099096
a6df29,16,1790851099096
29ba8f,39,1790765599096
f3683d,55,1790851099096
cc7c51,17,1790766499096
e76c6d,16,1790851099096
a317f1,44,1790765599096
1312f1,43,1790765599096
138746,28,1790851099096
54c5ce,58,1790851099096
82fc39,53,1790765599096
8f0cac,39,1790851099096
c3706b,26,1790766499096
dca1af,16,1790765599096
9be039,22,1790851099096
72dbdb,16,1790851099096
8d25b6,26,1790765599096
aed2df,19,1790851099096
e45da8,55,1790765599096
74807d,38,1790765599096
c8fb97,41,1790765599096
c8c589,26,1790765599096
5fa50f,58,1790851099096
df1d8c,28,1790765599096
331afd,51,1790851099096
c59686,41,1790851099096
1f07a7,37,1790766499096
67836f,28,1790851099096
615f68,40,1790765599096
58e76a,44,1790851099096
2e49cb,35,1790766499096
42445f,49,1790765599096
9c62f3,42,1790766499096
018c4b,18,1790765599096
3e0e49,18,1790851099096
539ff8,28,1790766499096
e65026,46,1790851099096
15d803,53,1790765599096
df466d,35,1790765599096
47bdca,41,1790851099096
040f86,54,1790851099096
c85e46,49,1790851099096
78f664,40,1790851099096
762f2d,54,1790766499096
c69aa1,54,1790766499096
0d7c88,33,1790851099096
fe7616,18,1790766499096
92a4e8,31,1790851099096
99cb81,17,1790765599096
75616d,50,1790765599096
f5719c,15,1790766499096
a13277,43,1790766499096
379fe8,43,1790851099096
d4de73,34,1790765599096
6cd0b6,22,1790851099096
c599d0,51,1790765599096
2b0211,31,1790766499096
28890c,15,1790766499096
475aa1,23,1790766499096
38e5c9,32,1790765599096
bd110a,24,1790765599096
9c73b6,60,1790851099096
7f9db3,43,1790851099096
ad67d0,59,1790766499096
f30908,54,1790851099096
eef881,17,1790765599096
643efd,32,1790765599096
8a0e5e,40,1790851099096
5859bc,54,1790766499096
6775b6,58,1790766499096
59a731,43,1790851099096
24f922,56,1790766499096
09f1f4,55,1790851099096
fb78ba,23,1790851099096
906d69,49,1790851099096
3b5bc8,48,1790765599096
5fb108,20,1790851099096
c35cc6,34,1790766499096
91d042,44,1790765599096
7e05bd,52,1790765599096
ebb51b,45,1790765599096
8a2931,31,1790765599096
3fa400,57,1790765599096
158e0d,45,1790766499096
18b9fd,27,1790851099096
5a78cc,48,1790766499096
1b20f7,56,1790766499096
f06fd0,52,1790766499096
0e4c9d,15,1790766499096
8f7444,45,1790766499096
df47cb,59,1790766499096
85eee5,54,1790765599096
f78960,42,1790851099096
488213,40,1790766499096
ad6834,50,1790851099096
74f10a,48,1790851099096
deba26,30,1790766499096
21e73c,33,1790766499096
e34ba9,23,1790851099096
0e54ab,20,1790766499096
b2659d,29,1790851099096
1bc3e3,45,1790766499096
d492e5,54,1790765599096
2cc86e,45,1790851099096
dc5a1c,25,1790851099096
db1b98,59,1790765599096
981bd6,54,1790851099096
61c713,40,1790766499096
15abb0,17,1790765599096
00ab87,60,1790766499096
d2fe30,15,1790851099096
090660,41,1790765599096
633780,34,1790851099096
ce41c3,20,1790851099096
d82db1,49,1790851099096
9ac5cd,43,1790766499096
1213d4,54,1790766499096
df32e6,21,1790765599096
799ab9,31,1790851099096
2c8e4e,49,1790765599096
bfa43c,34,1790766499096
e1d6f8,29,1790765599096
38c538,60,1790766499096
ede82f,42,1790851099096
76d1f5,22,1790851099096
27563a,23,1790851099096
cd635f,36,1790766499096
1f7353,56,1790766499096
9fbe7f,22,1790851099096
b2edf4,56,1790766499096
415952,49,1790766499096
ccdd31,43,1790765599096
f4da45,30,1790766499096
190f55,16,1790766499096
b29f23,57,1790765599096
35f051,58,1790765599096
5ced50,21,1790765599096
cc7614,23,1790766499096
aaf7db,18,1790851099096
a33e49,44,1790851099096
00d686,52,1790766499096
fb7715,48,1790765599096
b1b1dc,45,1790851099096
8d0358,32,1790766499096
3fc9c7,56,1790766499096
152aaf,15,1790851099096
aa0773,19,1790766499096
4cc9b0,41,1790851099096
91421b,50,1790766499096
a9249d,56,1790765599096
6e7df2,16,1790765599096
ce5718,60,1790765599096
4cab3d,23,1790851099096
db9504,23,1790766499096
3304d1,39,1790851099096
9cec34,45,1790765599096
cde77d,22,1790851099096
750966,21,1790765599096
11f302,18,1790765599096
b64973,42,1790765599096
26eed5,53,1790765599096
616056,37,1790766499096
c3de12,45,1790765599096
07ab6c,20,1790851099096
d9790b,45,1790851099096
c8035e,22,1790765599096
cf15cc,25,1790766499096
c0e479,15,1790766499096
3577df,24,1790766499096
d9294b,46,1790766499096
6ecc92,51,1790766499096
9c6dcc,17,1790851099096
570f67,29,1790766499096
4b02a2,20,1790765599096
792fbf,47,1790766499096
55cdc9,56,1790766499096
0f2d39,53,1790766499096
c3e88a,19,1790766499096
06ab03,25,1790851099096
2c30c5,38,1790766499096
394213,38,1790766499096
a9b1f3,50,1790766499096
dda7e5,19,1790851099096
42f901,32,1790851099096
747bf9,36,1790851099096
7ee2c1,38,1790765599096
101581,48,1790851099096
51b728,32,1790765599096
950ce9,19,1790766499096
a579bd,43,1790765599096
4bd1c8,16,1790766499096
267f0c,27,1790766499096
ddd659,43,1790766499096
26a5cd,24,1790851099096
86f16e,19,1790851099096
693d53,18,1790765599096
47f896,30,1790765599096
dab7af,57,1790766499096
c1cf6b,49,1790851099096
de4e27,39,1790851099096
76e4cc,57,1790765599096
b11f25,43,1790765599096
9881b3,38,1790765599096
0a6ec8,30,1790851099096
5615d3,17,1790765599096
618e82,35,1790851099096
1d3449,51,1790851099096
89b3f7,21,1790766499096
09d6a5,44,1790765599096
d58580,15,1790766499096
107ee5,32,1790851099096
a2bcbe,29,1790851099096
a328dc,44,1790766499096
2938d7,29,1790766499096
65583f,24,1790851099096
d5a8cb,47,1790765599096
5f138a,49,1790766499096
93f1b9,32,1790765599096
996380,35,1790851099096
36cf97,31,1790851099096
79c9ee,49,1790765599096
7d582c,54,1790766499096
50b00b,26,1790766499096
5f0bb3,37,1790765599096
18d520,18,1790766499096
8ceaaf,22,1790766499096
e1c58e,20,1790765599096
79c9b0,53,1790851099096
6352d4,26,1790766499096
1e23de,25,1790766499096
050c3a,37,1790766499096
36d97b,57,1790851099096
a726ed,32,1790851099096
c92313,54,1790765599096
dda30e,53,1790766499096
421eb8,29,1790851099096
719122,18,1790766499096
3a8e85,31,1790765599096
84063b,42,1790851099096
e4b270,49,1790851099096
f0fc77,51,1790766499096
8c2403,54,1790851099096
4d4c8e,20,1790851099096
fb1246,40,1790766499096
420397,25,1790766499096
0c7e7f,48,1790851099096
25eff0,22,1790765599096
426717,42,1790766499096
c6d8c3,51,1790766499096
6748ac,39,1790765599096
a3866d,46,1790765599096
2bacd8,33,1790851099096
e809fe,49,1790851099096
f5abc6,59,1790765599096
5a1721,39,1790766499096
1f83f7,18,1790765599096
865a0b,60,1790766499096
d512f5,55,1790765599096
7ab640,17,1790766499096
cdbbbe,39,1790766499096
bfbfe8,32,1790766499096
21e80d,22,1790765599096
668b19,59,1790766499096
e67fdf,37,1790851099096
b7be2f,34,1790765599096
fc4c44,38,1790766499096
682da9,46,1790851099096
ccd69c,50,1790766499096
123c67,41,1790766499096
f5b469,42,1790765599096
ecebfb,29,1790765599096
4d1656,54,1790766499096
2f0d82,17,1790766499096
fee025,60,1790765599096
d51fed,29,1790765599096
8f64c5,44,1790765599096
6927be,59,1790766499096
9c69f0,31,1790766499096
5fb556,18,1790851099096
e03d32,27,1790766499096
7f0e4f,58,1790765599096
5d2071,19,1790765599096
1da79f,37,1790766499096
a124ab,20,1790766499096
6f1b95,31,1790765599096
552d03,46,1790766499096
cdd4a3,39,1790851099096
4f7c43,32,1790851099096
a6f3cb,48,1790765599096
f25f09,17,1790765599096
2725e8,22,1790851099096
538742,15,1790765599096
ba4098,49,1790765599096
8f20b4,59,1790765599096
e78324,27,1790851099096
e5b74f,29,1790765599096
2e0878,40,1790766499096
498978,55,1790851099096
edf25a,58,1790766499096
f190dc,55,1790766499096
1ea500,43,1790851099096
621c9f,18,1790765599096
2a9fef,36,1790765599096
6e7162,52,1790851099096
2e8fca,17,1790851099096
1d7d53,32,1790766499096
8a2cc4,45,1790765599096
b67bb8,22,1790851099096
1309f8,53,1790765599096
6fd229,30,1790851099096
c35232,42,1790851099096
6b7bb1,17,1790851099096
44bf36,19,1790851099096
02ef50,35,1790851099096
0d1dd2,60,1790766499096
164729,18,1790851099096
d1f27e,20,1790851099096
c02edf,24,1790765599096
8cef5a,51,1790766499096
290baa,53,1790766499096
70bc25,60,1790765599096
8ca35e,55,1790766499096
0cc93b,24,1790766499096
5ae88b,60,1790766499096
4c26af,32,1790765599096
0406ca,59,1790851099096
5b67a5,59,1790765599096
718fbf,19,1790766499096
169860,25,1790766499096
65a49f,50,1790765599096
19852a,32,1790766499096
24eb69,22,1790766499096
dba783,49,1790851099096
e994a1,47,1790765599096
c624c5,40,1790765599096
0ccdb5,22,1790766499096
824dd1,50,1790766499096
f40650,55,1790765599096
050574,19,1790851099096
fffa71,48,1790766499096
f7756a,48,1790765599096
fc689a,54,1790766499096
1c6385,60,1790766499096
607bd3,22,1790765599096
652e80,35,1790765599096
a9ecae,33,1790766499096
761897,27,1790851099096
02e242,59,1790766499096
69124f,58,1790765599096
6625b4,37,1790766499096
439c83,58,1790766499096
8e67be,48,1790766499096
6ae304,53,1790765599096
9b06bb,16,1790851099096
18f1ac,38,1790851099096
565962,32,1790851099096
5675a2,51,1790765599096
ad7b99,40,1790766499096
2e9dde,42,1790851099096
762dbd,59,1790851099096
5ae44b,59,1790766499096
d377ac,30,1790851099096
51c2e1,53,1790765599096
b9a2da,48,1790765599096
94a3ff,44,1790766499096
536467,17,1790766499096
35cfdb,51,1790765599096
e1b755,57,1790765599096
2a70f9,20,1790851099096
ca57da,27,1790766499096
96f07f,21,1790766499096
4c803c,43,1790851099096
6d611b,23,1790765599096
038d25,45,1790766499096
d7fac4,34,1790851099096
9afd86,40,1790851099096
9f16e2,41,1790851099096
5e958f,19,1790766499096
bc088d,18,1790766499096
944204,40,1790765599096
dc327e,41,1790851099096
262c35,49,1790851099096
bdd77e,58,1790766499096
27e291,47,1790851099096
74afbe,52,1790851099096
ca05ae,18,1790765599096
a7b9e5,18,1790765599096
f3dcef,21,1790851099096
11eaa2,16,1790765599096
7d5740,51,1790851099096
262ce2,15,1790766499096
9d90db,50,1790766499096
4d4dc3,42,1790766499096
9924d5,57,1790765599096
fc9519,21,1790766499096
5f4ea3,46,1790766499096
554c56,32,1790851099096
1a25e8,60,1790765599096
73c056,26,1790765599096
05aac3,31,1790851099096
