timestamp,source,namespace,metric,dims,stat,value
2026-09-30T16:13:00+00:00,backend,CWAgent,mem_used_percent,,average,82.2987808173055
2026-09-30T16:14:00+00:00,backend,CWAgent,mem_used_percent,,average,81.85816245515876
2026-09-30T16:15:00+00:00,backend,CWAgent,mem_used_percent,,average,79.3516259233241
2026-09-30T16:16:00+00:00,backend,CWAgent,mem_used_percent,,average,78.74556783652227
2026-09-30T16:17:00+00:00,backend,CWAgent,mem_used_percent,,average,78.99954691130685
2026-09-30T16:18:00+00:00,backend,CWAgent,mem_used_percent,,average,79.1516849495575
2026-09-30T16:19:00+00:00,backend,CWAgent,mem_used_percent,,average,77.7936659032053
2026-09-30T16:20:00+00:00,backend,CWAgent,mem_used_percent,,average,78.55394041675846
2026-09-30T16:21:00+00:00,backend,CWAgent,mem_used_percent,,average,78.55934422686026
2026-09-30T16:22:00+00:00,backend,CWAgent,mem_used_percent,,average,79.38488013933517
2026-09-30T16:23:00+00:00,backend,CWAgent,mem_used_percent,,average,78.98250412560117
2026-09-30T16:24:00+00:00,backend,CWAgent,mem_used_percent,,average,80.25697195422558
2026-09-30T16:25:00+00:00,backend,CWAgent,mem_used_percent,,average,79.49295634137115
2026-09-30T16:13:00+00:00,backend,CWAgent,mem_used_percent,,maximum,82.2987808173055
2026-09-30T16:14:00+00:00,backend,CWAgent,mem_used_percent,,maximum,81.85816245515876
2026-09-30T16:15:00+00:00,backend,CWAgent,mem_used_percent,,maximum,79.3516259233241
2026-09-30T16:16:00+00:00,backend,CWAgent,mem_used_percent,,maximum,78.74556783652227
2026-09-30T16:17:00+00:00,backend,CWAgent,mem_used_percent,,maximum,78.99954691130685
2026-09-30T16:18:00+00:00,backend,CWAgent,mem_used_percent,,maximum,79.1516849495575
2026-09-30T16:19:00+00:00,backend,CWAgent,mem_used_percent,,maximum,77.7936659032053
2026-09-30T16:20:00+00:00,backend,CWAgent,mem_used_percent,,maximum,78.55394041675846
2026-09-30T16:21:00+00:00,backend,CWAgent,mem_used_percent,,maximum,78.55934422686026
2026-09-30T16:22:00+00:00,backend,CWAgent,mem_used_percent,,maximum,79.38488013933517
2026-09-30T16:23:00+00:00,backend,CWAgent,mem_used_percent,,maximum,78.98250412560117
2026-09-30T16:24:00+00:00,backend,CWAgent,mem_used_percent,,maximum,80.25697195422558
2026-09-30T16:25:00+00:00,backend,CWAgent,mem_used_percent,,maximum,79.49295634137115
2026-09-30T16:13:00+00:00,backend,CWAgent,diskio_iops_in_progress,name=nvme0n1p15,average,0.0
2026-09-30T16:14:00+00:00,backend,CWAgent,diskio_iops_in_progress,name=nvme0n1p15,average,0.0
2026-09-30T16:15:00+00:00,backend,CWAgent,diskio_iops_in_progress,name=nvme0n1p15,average,0.0
2026-09-30T16:16:00+00:00,backend,CWAgent,diskio_iops_in_progress,name=nvme0n1p15,average,0.0
2026-09-30T16:17:00+00:00,backend,CWAgent,diskio_iops_in_progress,name=nvme0n1p15,average,0.0
2026-09-30T16:18:00+00:00,backend,CWAgent,diskio_iops_in_progress,name=nvme0n1p15,average,0.0
2026-09-30T16:19:00+00:00,backend,CWAgent,diskio_iops_in_progress,name=nvme0n1p15,average,0.0
2026-09-30T16:20:00+00:00,backend,CWAgent,diskio_iops_in_progress,name=nvme0n1p15,average,0.0
2026-09-30T16:21:00+00:00,backend,CWAgent,diskio_iops_in_progress,name=nvme0n1p15,average,0.0
2026-09-30T16:22:00+00:00,backend,CWAgent,diskio_iops_in_progress,name=nvme0n1p15,average,0.0
2026-09-30T16:23:00+00:00,backend,CWAgent,diskio_iops_in_progress,name=nvme0n1p15,average,0.0
2026-09-30T16:24:00+00:00,backend,CWAgent,diskio_iops_in_progress,name=nvme0n1p15,average,0.0
2026-09-30T16:25:00+00:00,backend,CWAgent,diskio_iops_in_progress,name=nvme0n1p15,average,0.0
2026-09-30T16:13:00+00:00,backend,CWAgent,diskio_iops_in_progress,name=nvme0n1p15,maximum,0.0
2026-09-30T16:14:00+00:00,backend,CWAgent,diskio_iops_in_progress,name=nvme0n1p15,maximum,0.0
2026-09-30T16:15:00+00:00,backend,CWAgent,diskio_iops_in_progress,name=nvme0n1p15,maximum,0.0
2026-09-30T16:16:00+00:00,backend,CWAgent,diskio_iops_in_progress,name=nvme0n1p15,maximum,0.0
2026-09-30T16:17:00+00:00,backend,CWAgent,diskio_iops_in_progress,name=nvme0n1p15,maximum,0.0
2026-09-30T16:18:00+00:00,backend,CWAgent,diskio_iops_in_progress,name=nvme0n1p15,maximum,0.0
2026-09-30T16:19:00+00:00,backend,CWAgent,diskio_iops_in_progress,name=nvme0n1p15,maximum,0.0
2026-09-30T16:20:00+00:00,backend,CWAgent,diskio_iops_in_progress,name=nvme0n1p15,maximum,0.0
2026-09-30T16:21:00+00:00,backend,CWAgent,diskio_iops_in_progress,name=nvme0n1p15,maximum,0.0
2026-09-30T16:22:00+00:00,backend,CWAgent,diskio_iops_in_progress,name=nvme0n1p15,maximum,0.0
2026-09-30T16:23:00+00:00,backend,CWAgent,diskio_iops_in_progress,name=nvme0n1p15,maximum,0.0
2026-09-30T16:24:00+00:00,backend,CWAgent,diskio_iops_in_progress,name=nvme0n1p15,maximum,0.0
2026-09-30T16:25:00+00:00,backend,CWAgent,diskio_iops_in_progress,name=nvme0n1p15,maximum,0.0
2026-09-30T16:13:00+00:00,backend,CWAgent,mem_available,,average,54329344.0
2026-09-30T16:14:00+00:00,backend,CWAgent,mem_available,,average,56422400.0
2026-09-30T16:15:00+00:00,backend,CWAgent,mem_available,,average,80654336.0
2026-09-30T16:16:00+00:00,backend,CWAgent,mem_available,,average,70578176.0
2026-09-30T16:17:00+00:00,backend,CWAgent,mem_available,,average,66654208.0
2026-09-30T16:18:00+00:00,backend,CWAgent,mem_available,,average,67653632.0
2026-09-30T16:19:00+00:00,backend,CWAgent,mem_available,,average,80408576.0
2026-09-30T16:20:00+00:00,backend,CWAgent,mem_available,,average,72359936.0
2026-09-30T16:21:00+00:00,backend,CWAgent,mem_available,,average,72159232.0
2026-09-30T16:22:00+00:00,backend,CWAgent,mem_available,,average,64253952.0
2026-09-30T16:23:00+00:00,backend,CWAgent,mem_available,,average,68448256.0
2026-09-30T16:24:00+00:00,backend,CWAgent,mem_available,,average,56369152.0
2026-09-30T16:25:00+00:00,backend,CWAgent,mem_available,,average,65458176.0
2026-09-30T16:13:00+00:00,backend,CWAgent,mem_available,,maximum,54329344.0
2026-09-30T16:14:00+00:00,backend,CWAgent,mem_available,,maximum,56422400.0
2026-09-30T16:15:00+00:00,backend,CWAgent,mem_available,,maximum,80654336.0
2026-09-30T16:16:00+00:00,backend,CWAgent,mem_available,,maximum,70578176.0
2026-09-30T16:17:00+00:00,backend,CWAgent,mem_available,,maximum,66654208.0
2026-09-30T16:18:00+00:00,backend,CWAgent,mem_available,,maximum,67653632.0
2026-09-30T16:19:00+00:00,backend,CWAgent,mem_available,,maximum,80408576.0
2026-09-30T16:20:00+00:00,backend,CWAgent,mem_available,,maximum,72359936.0
2026-09-30T16:21:00+00:00,backend,CWAgent,mem_available,,maximum,72159232.0
2026-09-30T16:22:00+00:00,backend,CWAgent,mem_available,,maximum,64253952.0
2026-09-30T16:23:00+00:00,backend,CWAgent,mem_available,,maximum,68448256.0
2026-09-30T16:24:00+00:00,backend,CWAgent,mem_available,,maximum,56369152.0
2026-09-30T16:25:00+00:00,backend,CWAgent,mem_available,,maximum,65458176.0
2026-09-30T16:13:00+00:00,backend,CWAgent,procstat_memory_rss,exe=containerd;process_name=containerd,average,28098560.0
2026-09-30T16:14:00+00:00,backend,CWAgent,procstat_memory_rss,exe=containerd;process_name=containerd,average,28319744.0
2026-09-30T16:15:00+00:00,backend,CWAgent,procstat_memory_rss,exe=containerd;process_name=containerd,average,28323840.0
2026-09-30T16:16:00+00:00,backend,CWAgent,procstat_memory_rss,exe=containerd;process_name=containerd,average,28323840.0
2026-09-30T16:17:00+00:00,backend,CWAgent,procstat_memory_rss,exe=containerd;process_name=containerd,average,28504064.0
2026-09-30T16:18:00+00:00,backend,CWAgent,procstat_memory_rss,exe=containerd;process_name=containerd,average,28585984.0
2026-09-30T16:19:00+00:00,backend,CWAgent,procstat_memory_rss,exe=containerd;process_name=containerd,average,28446720.0
2026-09-30T16:20:00+00:00,backend,CWAgent,procstat_memory_rss,exe=containerd;process_name=containerd,average,28450816.0
2026-09-30T16:21:00+00:00,backend,CWAgent,procstat_memory_rss,exe=containerd;process_name=containerd,average,28520448.0
2026-09-30T16:22:00+00:00,backend,CWAgent,procstat_memory_rss,exe=containerd;process_name=containerd,average,28446720.0
2026-09-30T16:23:00+00:00,backend,CWAgent,procstat_memory_rss,exe=containerd;process_name=containerd,average,28295168.0
2026-09-30T16:24:00+00:00,backend,CWAgent,procstat_memory_rss,exe=containerd;process_name=containerd,average,28307456.0
2026-09-30T16:25:00+00:00,backend,CWAgent,procstat_memory_rss,exe=containerd;process_name=containerd,average,28295168.0
2026-09-30T16:13:00+00:00,backend,CWAgent,procstat_memory_rss,exe=containerd;process_name=containerd,maximum,28098560.0
2026-09-30T16:14:00+00:00,backend,CWAgent,procstat_memory_rss,exe=containerd;process_name=containerd,maximum,28319744.0
2026-09-30T16:15:00+00:00,backend,CWAgent,procstat_memory_rss,exe=containerd;process_name=containerd,maximum,28323840.0
2026-09-30T16:16:00+00:00,backend,CWAgent,procstat_memory_rss,exe=containerd;process_name=containerd,maximum,28323840.0
2026-09-30T16:17:00+00:00,backend,CWAgent,procstat_memory_rss,exe=containerd;process_name=containerd,maximum,28504064.0
2026-09-30T16:18:00+00:00,backend,CWAgent,procstat_memory_rss,exe=containerd;process_name=containerd,maximum,28585984.0
2026-09-30T16:19:00+00:00,backend,CWAgent,procstat_memory_rss,exe=containerd;process_name=containerd,maximum,28446720.0
2026-09-30T16:20:00+00:00,backend,CWAgent,procstat_memory_rss,exe=containerd;process_name=containerd,maximum,28450816.0
2026-09-30T16:21:00+00:00,backend,CWAgent,procstat_memory_rss,exe=containerd;process_name=containerd,maximum,28520448.0
2026-09-30T16:22:00+00:00,backend,CWAgent,procstat_memory_rss,exe=containerd;process_name=containerd,maximum,28446720.0
2026-09-30T16:23:00+00:00,backend,CWAgent,procstat_memory_rss,exe=containerd;process_name=containerd,maximum,28295168.0
2026-09-30T16:24:00+00:00,backend,CWAgent,procstat_memory_rss,exe=containerd;process_name=containerd,maximum,28307456.0
2026-09-30T16:25:00+00:00,backend,CWAgent,procstat_memory_rss,exe=containerd;process_name=containerd,maximum,28295168.0
2026-09-30T16:13:00+00:00,backend,CWAgent,diskio_iops_in_progress,name=nvme0n1p1,average,0.0
2026-09-30T16:14:00+00:00,backend,CWAgent,diskio_iops_in_progress,name=nvme0n1p1,average,0.0
2026-09-30T16:15:00+00:00,backend,CWAgent,diskio_iops_in_progress,name=nvme0n1p1,average,0.0
2026-09-30T16:16:00+00:00,backend,CWAgent,diskio_iops_in_progress,name=nvme0n1p1,average,0.0
2026-09-30T16:17:00+00:00,backend,CWAgent,diskio_iops_in_progress,name=nvme0n1p1,average,0.0
2026-09-30T16:18:00+00:00,backend,CWAgent,diskio_iops_in_progress,name=nvme0n1p1,average,0.0
2026-09-30T16:19:00+00:00,backend,CWAgent,diskio_iops_in_progress,name=nvme0n1p1,average,0.0
2026-09-30T16:20:00+00:00,backend,CWAgent,diskio_iops_in_progress,name=nvme0n1p1,average,0.0
2026-09-30T16:21:00+00:00,backend,CWAgent,diskio_iops_in_progress,name=nvme0n1p1,average,0.0
2026-09-30T16:22:00+00:00,backend,CWAgent,diskio_iops_in_progress,name=nvme0n1p1,average,0.0
2026-09-30T16:23:00+00:00,backend,CWAgent,diskio_iops_in_progress,name=nvme0n1p1,average,0.0
2026-09-30T16:24:00+00:00,backend,CWAgent,diskio_iops_in_progress,name=nvme0n1p1,average,0.0
2026-09-30T16:25:00+00:00,backend,CWAgent,diskio_iops_in_progress,name=nvme0n1p1,average,0.0
2026-09-30T16:13:00+00:00,backend,CWAgent,diskio_iops_in_progress,name=nvme0n1p1,maximum,0.0
2026-09-30T16:14:00+00:00,backend,CWAgent,diskio_iops_in_progress,name=nvme0n1p1,maximum,0.0
2026-09-30T16:15:00+00:00,backend,CWAgent,diskio_iops_in_progress,name=nvme0n1p1,maximum,0.0
2026-09-30T16:16:00+00:00,backend,CWAgent,diskio_iops_in_progress,name=nvme0n1p1,maximum,0.0
2026-09-30T16:17:00+00:00,backend,CWAgent,diskio_iops_in_progress,name=nvme0n1p1,maximum,0.0
2026-09-30T16:18:00+00:00,backend,CWAgent,diskio_iops_in_progress,name=nvme0n1p1,maximum,0.0
2026-09-30T16:19:00+00:00,backend,CWAgent,diskio_iops_in_progress,name=nvme0n1p1,maximum,0.0
2026-09-30T16:20:00+00:00,backend,CWAgent,diskio_iops_in_progress,name=nvme0n1p1,maximum,0.0
2026-09-30T16:21:00+00:00,backend,CWAgent,diskio_iops_in_progress,name=nvme0n1p1,maximum,0.0
2026-09-30T16:22:00+00:00,backend,CWAgent,diskio_iops_in_progress,name=nvme0n1p1,maximum,0.0
2026-09-30T16:23:00+00:00,backend,CWAgent,diskio_iops_in_progress,name=nvme0n1p1,maximum,0.0
2026-09-30T16:24:00+00:00,backend,CWAgent,diskio_iops_in_progress,name=nvme0n1p1,maximum,0.0
2026-09-30T16:25:00+00:00,backend,CWAgent,diskio_iops_in_progress,name=nvme0n1p1,maximum,0.0
2026-09-30T16:13:00+00:00,backend,CWAgent,diskio_iops_in_progress,name=nvme0n1p14,average,0.0
2026-09-30T16:14:00+00:00,backend,CWAgent,diskio_iops_in_progress,name=nvme0n1p14,average,0.0
2026-09-30T16:15:00+00:00,backend,CWAgent,diskio_iops_in_progress,name=nvme0n1p14,average,0.0
2026-09-30T16:16:00+00:00,backend,CWAgent,diskio_iops_in_progress,name=nvme0n1p14,average,0.0
2026-09-30T16:17:00+00:00,backend,CWAgent,diskio_iops_in_progress,name=nvme0n1p14,average,0.0
2026-09-30T16:18:00+00:00,backend,CWAgent,diskio_iops_in_progress,name=nvme0n1p14,average,0.0
2026-09-30T16:19:00+00:00,backend,CWAgent,diskio_iops_in_progress,name=nvme0n1p14,average,0.0
2026-09-30T16:20:00+00:00,backend,CWAgent,diskio_iops_in_progress,name=nvme0n1p14,average,0.0
2026-09-30T16:21:00+00:00,backend,CWAgent,diskio_iops_in_progress,name=nvme0n1p14,average,0.0
2026-09-30T16:22:00+00:00,backend,CWAgent,diskio_iops_in_progress,name=nvme0n1p14,average,0.0
2026-09-30T16:23:00+00:00,backend,CWAgent,diskio_iops_in_progress,name=nvme0n1p14,average,0.0
2026-09-30T16:24:00+00:00,backend,CWAgent,diskio_iops_in_progress,name=nvme0n1p14,average,0.0
2026-09-30T16:25:00+00:00,backend,CWAgent,diskio_iops_in_progress,name=nvme0n1p14,average,0.0
2026-09-30T16:13:00+00:00,backend,CWAgent,diskio_iops_in_progress,name=nvme0n1p14,maximum,0.0
2026-09-30T16:14:00+00:00,backend,CWAgent,diskio_iops_in_progress,name=nvme0n1p14,maximum,0.0
2026-09-30T16:15:00+00:00,backend,CWAgent,diskio_iops_in_progress,name=nvme0n1p14,maximum,0.0
2026-09-30T16:16:00+00:00,backend,CWAgent,diskio_iops_in_progress,name=nvme0n1p14,maximum,0.0
2026-09-30T16:17:00+00:00,backend,CWAgent,diskio_iops_in_progress,name=nvme0n1p14,maximum,0.0
2026-09-30T16:18:00+00:00,backend,CWAgent,diskio_iops_in_progress,name=nvme0n1p14,maximum,0.0
2026-09-30T16:19:00+00:00,backend,CWAgent,diskio_iops_in_progress,name=nvme0n1p14,maximum,0.0
2026-09-30T16:20:00+00:00,backend,CWAgent,diskio_iops_in_progress,name=nvme0n1p14,maximum,0.0
2026-09-30T16:21:00+00:00,backend,CWAgent,diskio_iops_in_progress,name=nvme0n1p14,maximum,0.0
2026-09-30T16:22:00+00:00,backend,CWAgent,diskio_iops_in_progress,name=nvme0n1p14,maximum,0.0
2026-09-30T16:23:00+00:00,backend,CWAgent,diskio_iops_in_progress,name=nvme0n1p14,maximum,0.0
2026-09-30T16:24:00+00:00,backend,CWAgent,diskio_iops_in_progress,name=nvme0n1p14,maximum,0.0
2026-09-30T16:25:00+00:00,backend,CWAgent,diskio_iops_in_progress,name=nvme0n1p14,maximum,0.0
2026-09-30T16:13:00+00:00,backend,CWAgent,netstat_tcp_established,,average,1.0
2026-09-30T16:14:00+00:00,backend,CWAgent,netstat_tcp_established,,average,1.0
2026-09-30T16:15:00+00:00,backend,CWAgent,netstat_tcp_established,,average,1.0
2026-09-30T16:16:00+00:00,backend,CWAgent,netstat_tcp_established,,average,1.0
2026-09-30T16:17:00+00:00,backend,CWAgent,netstat_tcp_established,,average,1.0
2026-09-30T16:18:00+00:00,backend,CWAgent,netstat_tcp_established,,average,1.0
2026-09-30T16:19:00+00:00,backend,CWAgent,netstat_tcp_established,,average,1.0
2026-09-30T16:20:00+00:00,backend,CWAgent,netstat_tcp_established,,average,1.0
2026-09-30T16:21:00+00:00,backend,CWAgent,netstat_tcp_established,,average,1.0
2026-09-30T16:22:00+00:00,backend,CWAgent,netstat_tcp_established,,average,1.0
2026-09-30T16:23:00+00:00,backend,CWAgent,netstat_tcp_established,,average,1.0
2026-09-30T16:24:00+00:00,backend,CWAgent,netstat_tcp_established,,average,1.0
2026-09-30T16:25:00+00:00,backend,CWAgent,netstat_tcp_established,,average,1.0
2026-09-30T16:13:00+00:00,backend,CWAgent,netstat_tcp_established,,maximum,1.0
2026-09-30T16:14:00+00:00,backend,CWAgent,netstat_tcp_established,,maximum,1.0
2026-09-30T16:15:00+00:00,backend,CWAgent,netstat_tcp_established,,maximum,1.0
2026-09-30T16:16:00+00:00,backend,CWAgent,netstat_tcp_established,,maximum,1.0
2026-09-30T16:17:00+00:00,backend,CWAgent,netstat_tcp_established,,maximum,1.0
2026-09-30T16:18:00+00:00,backend,CWAgent,netstat_tcp_established,,maximum,1.0
2026-09-30T16:19:00+00:00,backend,CWAgent,netstat_tcp_established,,maximum,1.0
2026-09-30T16:20:00+00:00,backend,CWAgent,netstat_tcp_established,,maximum,1.0
2026-09-30T16:21:00+00:00,backend,CWAgent,netstat_tcp_established,,maximum,1.0
2026-09-30T16:22:00+00:00,backend,CWAgent,netstat_tcp_established,,maximum,1.0
2026-09-30T16:23:00+00:00,backend,CWAgent,netstat_tcp_established,,maximum,1.0
2026-09-30T16:24:00+00:00,backend,CWAgent,netstat_tcp_established,,maximum,1.0
2026-09-30T16:25:00+00:00,backend,CWAgent,netstat_tcp_established,,maximum,1.0
2026-09-30T16:13:00+00:00,backend,CWAgent,procstat_memory_rss,exe=dockerd;process_name=dockerd,average,53170176.0
2026-09-30T16:14:00+00:00,backend,CWAgent,procstat_memory_rss,exe=dockerd;process_name=dockerd,average,53202944.0
2026-09-30T16:15:00+00:00,backend,CWAgent,procstat_memory_rss,exe=dockerd;process_name=dockerd,average,53252096.0
2026-09-30T16:16:00+00:00,backend,CWAgent,procstat_memory_rss,exe=dockerd;process_name=dockerd,average,53284864.0
2026-09-30T16:17:00+00:00,backend,CWAgent,procstat_memory_rss,exe=dockerd;process_name=dockerd,average,53653504.0
2026-09-30T16:18:00+00:00,backend,CWAgent,procstat_memory_rss,exe=dockerd;process_name=dockerd,average,53653504.0
2026-09-30T16:19:00+00:00,backend,CWAgent,procstat_memory_rss,exe=dockerd;process_name=dockerd,average,53846016.0
2026-09-30T16:20:00+00:00,backend,CWAgent,procstat_memory_rss,exe=dockerd;process_name=dockerd,average,53850112.0
2026-09-30T16:21:00+00:00,backend,CWAgent,procstat_memory_rss,exe=dockerd;process_name=dockerd,average,54124544.0
2026-09-30T16:22:00+00:00,backend,CWAgent,procstat_memory_rss,exe=dockerd;process_name=dockerd,average,54157312.0
2026-09-30T16:23:00+00:00,backend,CWAgent,procstat_memory_rss,exe=dockerd;process_name=dockerd,average,54272000.0
2026-09-30T16:24:00+00:00,backend,CWAgent,procstat_memory_rss,exe=dockerd;process_name=dockerd,average,54206464.0
2026-09-30T16:25:00+00:00,backend,CWAgent,procstat_memory_rss,exe=dockerd;process_name=dockerd,average,54210560.0
2026-09-30T16:13:00+00:00,backend,CWAgent,procstat_memory_rss,exe=dockerd;process_name=dockerd,maximum,53170176.0
2026-09-30T16:14:00+00:00,backend,CWAgent,procstat_memory_rss,exe=dockerd;process_name=dockerd,maximum,53202944.0
2026-09-30T16:15:00+00:00,backend,CWAgent,procstat_memory_rss,exe=dockerd;process_name=dockerd,maximum,53252096.0
2026-09-30T16:16:00+00:00,backend,CWAgent,procstat_memory_rss,exe=dockerd;process_name=dockerd,maximum,53284864.0
2026-09-30T16:17:00+00:00,backend,CWAgent,procstat_memory_rss,exe=dockerd;process_name=dockerd,maximum,53653504.0
2026-09-30T16:18:00+00:00,backend,CWAgent,procstat_memory_rss,exe=dockerd;process_name=dockerd,maximum,53653504.0
2026-09-30T16:19:00+00:00,backend,CWAgent,procstat_memory_rss,exe=dockerd;process_name=dockerd,maximum,53846016.0
2026-09-30T16:20:00+00:00,backend,CWAgent,procstat_memory_rss,exe=dockerd;process_name=dockerd,maximum,53850112.0
2026-09-30T16:21:00+00:00,backend,CWAgent,procstat_memory_rss,exe=dockerd;process_name=dockerd,maximum,54124544.0
2026-09-30T16:22:00+00:00,backend,CWAgent,procstat_memory_rss,exe=dockerd;process_name=dockerd,maximum,54157312.0
2026-09-30T16:23:00+00:00,backend,CWAgent,procstat_memory_rss,exe=dockerd;process_name=dockerd,maximum,54272000.0
2026-09-30T16:24:00+00:00,backend,CWAgent,procstat_memory_rss,exe=dockerd;process_name=dockerd,maximum,54206464.0
2026-09-30T16:25:00+00:00,backend,CWAgent,procstat_memory_rss,exe=dockerd;process_name=dockerd,maximum,54210560.0
2026-09-30T16:13:00+00:00,backend,CWAgent,diskio_iops_in_progress,name=nvme0n1,average,0.0
2026-09-30T16:14:00+00:00,backend,CWAgent,diskio_iops_in_progress,name=nvme0n1,average,0.0
2026-09-30T16:15:00+00:00,backend,CWAgent,diskio_iops_in_progress,name=nvme0n1,average,0.0
2026-09-30T16:16:00+00:00,backend,CWAgent,diskio_iops_in_progress,name=nvme0n1,average,0.0
2026-09-30T16:17:00+00:00,backend,CWAgent,diskio_iops_in_progress,name=nvme0n1,average,0.0
2026-09-30T16:18:00+00:00,backend,CWAgent,diskio_iops_in_progress,name=nvme0n1,average,0.0
2026-09-30T16:19:00+00:00,backend,CWAgent,diskio_iops_in_progress,name=nvme0n1,average,0.0
2026-09-30T16:20:00+00:00,backend,CWAgent,diskio_iops_in_progress,name=nvme0n1,average,0.0
2026-09-30T16:21:00+00:00,backend,CWAgent,diskio_iops_in_progress,name=nvme0n1,average,0.0
2026-09-30T16:22:00+00:00,backend,CWAgent,diskio_iops_in_progress,name=nvme0n1,average,0.0
2026-09-30T16:23:00+00:00,backend,CWAgent,diskio_iops_in_progress,name=nvme0n1,average,0.0
2026-09-30T16:24:00+00:00,backend,CWAgent,diskio_iops_in_progress,name=nvme0n1,average,0.0
2026-09-30T16:25:00+00:00,backend,CWAgent,diskio_iops_in_progress,name=nvme0n1,average,0.0
2026-09-30T16:13:00+00:00,backend,CWAgent,diskio_iops_in_progress,name=nvme0n1,maximum,0.0
2026-09-30T16:14:00+00:00,backend,CWAgent,diskio_iops_in_progress,name=nvme0n1,maximum,0.0
2026-09-30T16:15:00+00:00,backend,CWAgent,diskio_iops_in_progress,name=nvme0n1,maximum,0.0
2026-09-30T16:16:00+00:00,backend,CWAgent,diskio_iops_in_progress,name=nvme0n1,maximum,0.0
2026-09-30T16:17:00+00:00,backend,CWAgent,diskio_iops_in_progress,name=nvme0n1,maximum,0.0
2026-09-30T16:18:00+00:00,backend,CWAgent,diskio_iops_in_progress,name=nvme0n1,maximum,0.0
2026-09-30T16:19:00+00:00,backend,CWAgent,diskio_iops_in_progress,name=nvme0n1,maximum,0.0
2026-09-30T16:20:00+00:00,backend,CWAgent,diskio_iops_in_progress,name=nvme0n1,maximum,0.0
2026-09-30T16:21:00+00:00,backend,CWAgent,diskio_iops_in_progress,name=nvme0n1,maximum,0.0
2026-09-30T16:22:00+00:00,backend,CWAgent,diskio_iops_in_progress,name=nvme0n1,maximum,0.0
2026-09-30T16:23:00+00:00,backend,CWAgent,diskio_iops_in_progress,name=nvme0n1,maximum,0.0
2026-09-30T16:24:00+00:00,backend,CWAgent,diskio_iops_in_progress,name=nvme0n1,maximum,0.0
2026-09-30T16:25:00+00:00,backend,CWAgent,diskio_iops_in_progress,name=nvme0n1,maximum,0.0
2026-09-30T16:13:00+00:00,backend,CWAgent,disk_free,path=/;device=nvme0n1p1;fstype=ext4,average,3163938816.0
2026-09-30T16:14:00+00:00,backend,CWAgent,disk_free,path=/;device=nvme0n1p1;fstype=ext4,average,3163987968.0
2026-09-30T16:15:00+00:00,backend,CWAgent,disk_free,path=/;device=nvme0n1p1;fstype=ext4,average,3163987968.0
2026-09-30T16:16:00+00:00,backend,CWAgent,disk_free,path=/;device=nvme0n1p1;fstype=ext4,average,3163987968.0
2026-09-30T16:17:00+00:00,backend,CWAgent,disk_free,path=/;device=nvme0n1p1;fstype=ext4,average,3163922432.0
2026-09-30T16:18:00+00:00,backend,CWAgent,disk_free,path=/;device=nvme0n1p1;fstype=ext4,average,3163869184.0
2026-09-30T16:19:00+00:00,backend,CWAgent,disk_free,path=/;device=nvme0n1p1;fstype=ext4,average,3163873280.0
2026-09-30T16:20:00+00:00,backend,CWAgent,disk_free,path=/;device=nvme0n1p1;fstype=ext4,average,3163877376.0
2026-09-30T16:21:00+00:00,backend,CWAgent,disk_free,path=/;device=nvme0n1p1;fstype=ext4,average,3163860992.0
2026-09-30T16:22:00+00:00,backend,CWAgent,disk_free,path=/;device=nvme0n1p1;fstype=ext4,average,3163881472.0
2026-09-30T16:23:00+00:00,backend,CWAgent,disk_free,path=/;device=nvme0n1p1;fstype=ext4,average,3163881472.0
2026-09-30T16:24:00+00:00,backend,CWAgent,disk_free,path=/;device=nvme0n1p1;fstype=ext4,average,3163934720.0
2026-09-30T16:25:00+00:00,backend,CWAgent,disk_free,path=/;device=nvme0n1p1;fstype=ext4,average,3163979776.0
2026-09-30T16:13:00+00:00,backend,CWAgent,disk_free,path=/;device=nvme0n1p1;fstype=ext4,maximum,3163938816.0
2026-09-30T16:14:00+00:00,backend,CWAgent,disk_free,path=/;device=nvme0n1p1;fstype=ext4,maximum,3163987968.0
2026-09-30T16:15:00+00:00,backend,CWAgent,disk_free,path=/;device=nvme0n1p1;fstype=ext4,maximum,3163987968.0
2026-09-30T16:16:00+00:00,backend,CWAgent,disk_free,path=/;device=nvme0n1p1;fstype=ext4,maximum,3163987968.0
2026-09-30T16:17:00+00:00,backend,CWAgent,disk_free,path=/;device=nvme0n1p1;fstype=ext4,maximum,3163922432.0
2026-09-30T16:18:00+00:00,backend,CWAgent,disk_free,path=/;device=nvme0n1p1;fstype=ext4,maximum,3163869184.0
2026-09-30T16:19:00+00:00,backend,CWAgent,disk_free,path=/;device=nvme0n1p1;fstype=ext4,maximum,3163873280.0
2026-09-30T16:20:00+00:00,backend,CWAgent,disk_free,path=/;device=nvme0n1p1;fstype=ext4,maximum,3163877376.0
2026-09-30T16:21:00+00:00,backend,CWAgent,disk_free,path=/;device=nvme0n1p1;fstype=ext4,maximum,3163860992.0
2026-09-30T16:22:00+00:00,backend,CWAgent,disk_free,path=/;device=nvme0n1p1;fstype=ext4,maximum,3163881472.0
2026-09-30T16:23:00+00:00,backend,CWAgent,disk_free,path=/;device=nvme0n1p1;fstype=ext4,maximum,3163881472.0
2026-09-30T16:24:00+00:00,backend,CWAgent,disk_free,path=/;device=nvme0n1p1;fstype=ext4,maximum,3163934720.0
2026-09-30T16:25:00+00:00,backend,CWAgent,disk_free,path=/;device=nvme0n1p1;fstype=ext4,maximum,3163979776.0
2026-09-30T16:13:00+00:00,backend,CWAgent,mem_used,,average,810954752.0
2026-09-30T16:14:00+00:00,backend,CWAgent,mem_used,,average,806612992.0
2026-09-30T16:15:00+00:00,backend,CWAgent,mem_used,,average,781914112.0
2026-09-30T16:16:00+00:00,backend,CWAgent,mem_used,,average,775942144.0
2026-09-30T16:17:00+00:00,backend,CWAgent,mem_used,,average,778444800.0
2026-09-30T16:18:00+00:00,backend,CWAgent,mem_used,,average,779943936.0
2026-09-30T16:19:00+00:00,backend,CWAgent,mem_used,,average,766562304.0
2026-09-30T16:20:00+00:00,backend,CWAgent,mem_used,,average,774053888.0
2026-09-30T16:21:00+00:00,backend,CWAgent,mem_used,,average,774107136.0
2026-09-30T16:22:00+00:00,backend,CWAgent,mem_used,,average,782241792.0
2026-09-30T16:23:00+00:00,backend,CWAgent,mem_used,,average,778276864.0
2026-09-30T16:24:00+00:00,backend,CWAgent,mem_used,,average,790835200.0
2026-09-30T16:25:00+00:00,backend,CWAgent,mem_used,,average,783306752.0
2026-09-30T16:13:00+00:00,backend,CWAgent,mem_used,,maximum,810954752.0
2026-09-30T16:14:00+00:00,backend,CWAgent,mem_used,,maximum,806612992.0
2026-09-30T16:15:00+00:00,backend,CWAgent,mem_used,,maximum,781914112.0
2026-09-30T16:16:00+00:00,backend,CWAgent,mem_used,,maximum,775942144.0
2026-09-30T16:17:00+00:00,backend,CWAgent,mem_used,,maximum,778444800.0
2026-09-30T16:18:00+00:00,backend,CWAgent,mem_used,,maximum,779943936.0
2026-09-30T16:19:00+00:00,backend,CWAgent,mem_used,,maximum,766562304.0
2026-09-30T16:20:00+00:00,backend,CWAgent,mem_used,,maximum,774053888.0
2026-09-30T16:21:00+00:00,backend,CWAgent,mem_used,,maximum,774107136.0
2026-09-30T16:22:00+00:00,backend,CWAgent,mem_used,,maximum,782241792.0
2026-09-30T16:23:00+00:00,backend,CWAgent,mem_used,,maximum,778276864.0
2026-09-30T16:24:00+00:00,backend,CWAgent,mem_used,,maximum,790835200.0
2026-09-30T16:25:00+00:00,backend,CWAgent,mem_used,,maximum,783306752.0
2026-09-30T16:13:00+00:00,backend,CWAgent,netstat_tcp_time_wait,,average,0.0
2026-09-30T16:14:00+00:00,backend,CWAgent,netstat_tcp_time_wait,,average,1.0
2026-09-30T16:15:00+00:00,backend,CWAgent,netstat_tcp_time_wait,,average,0.0
2026-09-30T16:16:00+00:00,backend,CWAgent,netstat_tcp_time_wait,,average,0.0
2026-09-30T16:17:00+00:00,backend,CWAgent,netstat_tcp_time_wait,,average,0.0
2026-09-30T16:18:00+00:00,backend,CWAgent,netstat_tcp_time_wait,,average,0.0
2026-09-30T16:19:00+00:00,backend,CWAgent,netstat_tcp_time_wait,,average,0.0
2026-09-30T16:20:00+00:00,backend,CWAgent,netstat_tcp_time_wait,,average,0.0
2026-09-30T16:21:00+00:00,backend,CWAgent,netstat_tcp_time_wait,,average,0.0
2026-09-30T16:22:00+00:00,backend,CWAgent,netstat_tcp_time_wait,,average,0.0
2026-09-30T16:23:00+00:00,backend,CWAgent,netstat_tcp_time_wait,,average,0.0
2026-09-30T16:24:00+00:00,backend,CWAgent,netstat_tcp_time_wait,,average,0.0
2026-09-30T16:25:00+00:00,backend,CWAgent,netstat_tcp_time_wait,,average,0.0
2026-09-30T16:13:00+00:00,backend,CWAgent,netstat_tcp_time_wait,,maximum,0.0
2026-09-30T16:14:00+00:00,backend,CWAgent,netstat_tcp_time_wait,,maximum,1.0
2026-09-30T16:15:00+00:00,backend,CWAgent,netstat_tcp_time_wait,,maximum,0.0
2026-09-30T16:16:00+00:00,backend,CWAgent,netstat_tcp_time_wait,,maximum,0.0
2026-09-30T16:17:00+00:00,backend,CWAgent,netstat_tcp_time_wait,,maximum,0.0
2026-09-30T16:18:00+00:00,backend,CWAgent,netstat_tcp_time_wait,,maximum,0.0
2026-09-30T16:19:00+00:00,backend,CWAgent,netstat_tcp_time_wait,,maximum,0.0
2026-09-30T16:20:00+00:00,backend,CWAgent,netstat_tcp_time_wait,,maximum,0.0
2026-09-30T16:21:00+00:00,backend,CWAgent,netstat_tcp_time_wait,,maximum,0.0
2026-09-30T16:22:00+00:00,backend,CWAgent,netstat_tcp_time_wait,,maximum,0.0
2026-09-30T16:23:00+00:00,backend,CWAgent,netstat_tcp_time_wait,,maximum,0.0
2026-09-30T16:24:00+00:00,backend,CWAgent,netstat_tcp_time_wait,,maximum,0.0
2026-09-30T16:25:00+00:00,backend,CWAgent,netstat_tcp_time_wait,,maximum,0.0
2026-09-30T16:13:00+00:00,backend,CWAgent,disk_used,path=/;device=nvme0n1p1;fstype=ext4,average,4614279168.0
2026-09-30T16:14:00+00:00,backend,CWAgent,disk_used,path=/;device=nvme0n1p1;fstype=ext4,average,4614230016.0
2026-09-30T16:15:00+00:00,backend,CWAgent,disk_used,path=/;device=nvme0n1p1;fstype=ext4,average,4614230016.0
2026-09-30T16:16:00+00:00,backend,CWAgent,disk_used,path=/;device=nvme0n1p1;fstype=ext4,average,4614230016.0
2026-09-30T16:17:00+00:00,backend,CWAgent,disk_used,path=/;device=nvme0n1p1;fstype=ext4,average,4614295552.0
2026-09-30T16:18:00+00:00,backend,CWAgent,disk_used,path=/;device=nvme0n1p1;fstype=ext4,average,4614348800.0
2026-09-30T16:19:00+00:00,backend,CWAgent,disk_used,path=/;device=nvme0n1p1;fstype=ext4,average,4614344704.0
2026-09-30T16:20:00+00:00,backend,CWAgent,disk_used,path=/;device=nvme0n1p1;fstype=ext4,average,4614340608.0
2026-09-30T16:21:00+00:00,backend,CWAgent,disk_used,path=/;device=nvme0n1p1;fstype=ext4,average,4614356992.0
2026-09-30T16:22:00+00:00,backend,CWAgent,disk_used,path=/;device=nvme0n1p1;fstype=ext4,average,4614336512.0
2026-09-30T16:23:00+00:00,backend,CWAgent,disk_used,path=/;device=nvme0n1p1;fstype=ext4,average,4614336512.0
2026-09-30T16:24:00+00:00,backend,CWAgent,disk_used,path=/;device=nvme0n1p1;fstype=ext4,average,4614283264.0
2026-09-30T16:25:00+00:00,backend,CWAgent,disk_used,path=/;device=nvme0n1p1;fstype=ext4,average,4614238208.0
2026-09-30T16:13:00+00:00,backend,CWAgent,disk_used,path=/;device=nvme0n1p1;fstype=ext4,maximum,4614279168.0
2026-09-30T16:14:00+00:00,backend,CWAgent,disk_used,path=/;device=nvme0n1p1;fstype=ext4,maximum,4614230016.0
2026-09-30T16:15:00+00:00,backend,CWAgent,disk_used,path=/;device=nvme0n1p1;fstype=ext4,maximum,4614230016.0
2026-09-30T16:16:00+00:00,backend,CWAgent,disk_used,path=/;device=nvme0n1p1;fstype=ext4,maximum,4614230016.0
2026-09-30T16:17:00+00:00,backend,CWAgent,disk_used,path=/;device=nvme0n1p1;fstype=ext4,maximum,4614295552.0
2026-09-30T16:18:00+00:00,backend,CWAgent,disk_used,path=/;device=nvme0n1p1;fstype=ext4,maximum,4614348800.0
2026-09-30T16:19:00+00:00,backend,CWAgent,disk_used,path=/;device=nvme0n1p1;fstype=ext4,maximum,4614344704.0
2026-09-30T16:20:00+00:00,backend,CWAgent,disk_used,path=/;device=nvme0n1p1;fstype=ext4,maximum,4614340608.0
2026-09-30T16:21:00+00:00,backend,CWAgent,disk_used,path=/;device=nvme0n1p1;fstype=ext4,maximum,4614356992.0
2026-09-30T16:22:00+00:00,backend,CWAgent,disk_used,path=/;device=nvme0n1p1;fstype=ext4,maximum,4614336512.0
2026-09-30T16:23:00+00:00,backend,CWAgent,disk_used,path=/;device=nvme0n1p1;fstype=ext4,maximum,4614336512.0
2026-09-30T16:24:00+00:00,backend,CWAgent,disk_used,path=/;device=nvme0n1p1;fstype=ext4,maximum,4614283264.0
2026-09-30T16:25:00+00:00,backend,CWAgent,disk_used,path=/;device=nvme0n1p1;fstype=ext4,maximum,4614238208.0
2026-09-30T16:13:00+00:00,backend,CWAgent,swap_used_percent,,average,15.366392834458988
2026-09-30T16:14:00+00:00,backend,CWAgent,swap_used_percent,,average,15.329771670859662
2026-09-30T16:15:00+00:00,backend,CWAgent,swap_used_percent,,average,15.304976091339286
2026-09-30T16:16:00+00:00,backend,CWAgent,swap_used_percent,,average,15.243940818673742
2026-09-30T16:17:00+00:00,backend,CWAgent,swap_used_percent,,average,15.133314386967445
2026-09-30T16:18:00+00:00,backend,CWAgent,swap_used_percent,,average,15.072279114301901
2026-09-30T16:19:00+00:00,backend,CWAgent,swap_used_percent,,average,14.974622678037031
2026-09-30T16:20:00+00:00,backend,CWAgent,swap_used_percent,,average,14.962415623503922
2026-09-30T16:21:00+00:00,backend,CWAgent,swap_used_percent,,average,14.950208568970814
2026-09-30T16:22:00+00:00,backend,CWAgent,swap_used_percent,,average,14.950208568970814
2026-09-30T16:23:00+00:00,backend,CWAgent,swap_used_percent,,average,14.950208568970814
2026-09-30T16:24:00+00:00,backend,CWAgent,swap_used_percent,,average,14.950208568970814
2026-09-30T16:25:00+00:00,backend,CWAgent,swap_used_percent,,average,14.950208568970814
2026-09-30T16:13:00+00:00,backend,CWAgent,swap_used_percent,,maximum,15.366392834458988
2026-09-30T16:14:00+00:00,backend,CWAgent,swap_used_percent,,maximum,15.329771670859662
2026-09-30T16:15:00+00:00,backend,CWAgent,swap_used_percent,,maximum,15.304976091339286
2026-09-30T16:16:00+00:00,backend,CWAgent,swap_used_percent,,maximum,15.243940818673742
2026-09-30T16:17:00+00:00,backend,CWAgent,swap_used_percent,,maximum,15.133314386967445
2026-09-30T16:18:00+00:00,backend,CWAgent,swap_used_percent,,maximum,15.072279114301901
2026-09-30T16:19:00+00:00,backend,CWAgent,swap_used_percent,,maximum,14.974622678037031
2026-09-30T16:20:00+00:00,backend,CWAgent,swap_used_percent,,maximum,14.962415623503922
2026-09-30T16:21:00+00:00,backend,CWAgent,swap_used_percent,,maximum,14.950208568970814
2026-09-30T16:22:00+00:00,backend,CWAgent,swap_used_percent,,maximum,14.950208568970814
2026-09-30T16:23:00+00:00,backend,CWAgent,swap_used_percent,,maximum,14.950208568970814
2026-09-30T16:24:00+00:00,backend,CWAgent,swap_used_percent,,maximum,14.950208568970814
2026-09-30T16:25:00+00:00,backend,CWAgent,swap_used_percent,,maximum,14.950208568970814
2026-09-30T16:13:00+00:00,backend,CWAgent,disk_used_percent,path=/;device=nvme0n1p1;fstype=ext4,average,59.32308888091969
2026-09-30T16:14:00+00:00,backend,CWAgent,disk_used_percent,path=/;device=nvme0n1p1;fstype=ext4,average,59.32245696239927
2026-09-30T16:15:00+00:00,backend,CWAgent,disk_used_percent,path=/;device=nvme0n1p1;fstype=ext4,average,59.32245696239927
2026-09-30T16:16:00+00:00,backend,CWAgent,disk_used_percent,path=/;device=nvme0n1p1;fstype=ext4,average,59.32245696239927
2026-09-30T16:17:00+00:00,backend,CWAgent,disk_used_percent,path=/;device=nvme0n1p1;fstype=ext4,average,59.323299520426495
2026-09-30T16:18:00+00:00,backend,CWAgent,disk_used_percent,path=/;device=nvme0n1p1;fstype=ext4,average,59.32398409882364
2026-09-30T16:19:00+00:00,backend,CWAgent,disk_used_percent,path=/;device=nvme0n1p1;fstype=ext4,average,59.32393143894693
2026-09-30T16:20:00+00:00,backend,CWAgent,disk_used_percent,path=/;device=nvme0n1p1;fstype=ext4,average,59.32387877907023
2026-09-30T16:21:00+00:00,backend,CWAgent,disk_used_percent,path=/;device=nvme0n1p1;fstype=ext4,average,59.32408941857703
2026-09-30T16:22:00+00:00,backend,CWAgent,disk_used_percent,path=/;device=nvme0n1p1;fstype=ext4,average,59.32382611919353
2026-09-30T16:23:00+00:00,backend,CWAgent,disk_used_percent,path=/;device=nvme0n1p1;fstype=ext4,average,59.32382611919353
2026-09-30T16:24:00+00:00,backend,CWAgent,disk_used_percent,path=/;device=nvme0n1p1;fstype=ext4,average,59.3231415407964
2026-09-30T16:25:00+00:00,backend,CWAgent,disk_used_percent,path=/;device=nvme0n1p1;fstype=ext4,average,59.32256228215267
2026-09-30T16:13:00+00:00,backend,CWAgent,disk_used_percent,path=/;device=nvme0n1p1;fstype=ext4,maximum,59.32308888091969
2026-09-30T16:14:00+00:00,backend,CWAgent,disk_used_percent,path=/;device=nvme0n1p1;fstype=ext4,maximum,59.32245696239927
2026-09-30T16:15:00+00:00,backend,CWAgent,disk_used_percent,path=/;device=nvme0n1p1;fstype=ext4,maximum,59.32245696239927
2026-09-30T16:16:00+00:00,backend,CWAgent,disk_used_percent,path=/;device=nvme0n1p1;fstype=ext4,maximum,59.32245696239927
2026-09-30T16:17:00+00:00,backend,CWAgent,disk_used_percent,path=/;device=nvme0n1p1;fstype=ext4,maximum,59.323299520426495
2026-09-30T16:18:00+00:00,backend,CWAgent,disk_used_percent,path=/;device=nvme0n1p1;fstype=ext4,maximum,59.32398409882364
2026-09-30T16:19:00+00:00,backend,CWAgent,disk_used_percent,path=/;device=nvme0n1p1;fstype=ext4,maximum,59.32393143894693
2026-09-30T16:20:00+00:00,backend,CWAgent,disk_used_percent,path=/;device=nvme0n1p1;fstype=ext4,maximum,59.32387877907023
2026-09-30T16:21:00+00:00,backend,CWAgent,disk_used_percent,path=/;device=nvme0n1p1;fstype=ext4,maximum,59.32408941857703
2026-09-30T16:22:00+00:00,backend,CWAgent,disk_used_percent,path=/;device=nvme0n1p1;fstype=ext4,maximum,59.32382611919353
2026-09-30T16:23:00+00:00,backend,CWAgent,disk_used_percent,path=/;device=nvme0n1p1;fstype=ext4,maximum,59.32382611919353
2026-09-30T16:24:00+00:00,backend,CWAgent,disk_used_percent,path=/;device=nvme0n1p1;fstype=ext4,maximum,59.3231415407964
2026-09-30T16:25:00+00:00,backend,CWAgent,disk_used_percent,path=/;device=nvme0n1p1;fstype=ext4,maximum,59.32256228215267
2026-09-30T16:13:00+00:00,backend,CWAgent,procstat_memory_rss,exe=amazon-cloudwatch-agent;process_name=amazon-cloudwatch-agent,average,55070720.0
2026-09-30T16:14:00+00:00,backend,CWAgent,procstat_memory_rss,exe=amazon-cloudwatch-agent;process_name=amazon-cloudwatch-agent,average,55304192.0
2026-09-30T16:15:00+00:00,backend,CWAgent,procstat_memory_rss,exe=amazon-cloudwatch-agent;process_name=amazon-cloudwatch-agent,average,53080064.0
2026-09-30T16:16:00+00:00,backend,CWAgent,procstat_memory_rss,exe=amazon-cloudwatch-agent;process_name=amazon-cloudwatch-agent,average,53108736.0
2026-09-30T16:17:00+00:00,backend,CWAgent,procstat_memory_rss,exe=amazon-cloudwatch-agent;process_name=amazon-cloudwatch-agent,average,48406528.0
2026-09-30T16:18:00+00:00,backend,CWAgent,procstat_memory_rss,exe=amazon-cloudwatch-agent;process_name=amazon-cloudwatch-agent,average,50032640.0
2026-09-30T16:19:00+00:00,backend,CWAgent,procstat_memory_rss,exe=amazon-cloudwatch-agent;process_name=amazon-cloudwatch-agent,average,50618368.0
2026-09-30T16:20:00+00:00,backend,CWAgent,procstat_memory_rss,exe=amazon-cloudwatch-agent;process_name=amazon-cloudwatch-agent,average,51417088.0
2026-09-30T16:21:00+00:00,backend,CWAgent,procstat_memory_rss,exe=amazon-cloudwatch-agent;process_name=amazon-cloudwatch-agent,average,51613696.0
2026-09-30T16:22:00+00:00,backend,CWAgent,procstat_memory_rss,exe=amazon-cloudwatch-agent;process_name=amazon-cloudwatch-agent,average,51777536.0
2026-09-30T16:23:00+00:00,backend,CWAgent,procstat_memory_rss,exe=amazon-cloudwatch-agent;process_name=amazon-cloudwatch-agent,average,52113408.0
2026-09-30T16:24:00+00:00,backend,CWAgent,procstat_memory_rss,exe=amazon-cloudwatch-agent;process_name=amazon-cloudwatch-agent,average,52129792.0
2026-09-30T16:25:00+00:00,backend,CWAgent,procstat_memory_rss,exe=amazon-cloudwatch-agent;process_name=amazon-cloudwatch-agent,average,52310016.0
2026-09-30T16:13:00+00:00,backend,CWAgent,procstat_memory_rss,exe=amazon-cloudwatch-agent;process_name=amazon-cloudwatch-agent,maximum,55070720.0
2026-09-30T16:14:00+00:00,backend,CWAgent,procstat_memory_rss,exe=amazon-cloudwatch-agent;process_name=amazon-cloudwatch-agent,maximum,55304192.0
2026-09-30T16:15:00+00:00,backend,CWAgent,procstat_memory_rss,exe=amazon-cloudwatch-agent;process_name=amazon-cloudwatch-agent,maximum,53080064.0
2026-09-30T16:16:00+00:00,backend,CWAgent,procstat_memory_rss,exe=amazon-cloudwatch-agent;process_name=amazon-cloudwatch-agent,maximum,53108736.0
2026-09-30T16:17:00+00:00,backend,CWAgent,procstat_memory_rss,exe=amazon-cloudwatch-agent;process_name=amazon-cloudwatch-agent,maximum,48406528.0
2026-09-30T16:18:00+00:00,backend,CWAgent,procstat_memory_rss,exe=amazon-cloudwatch-agent;process_name=amazon-cloudwatch-agent,maximum,50032640.0
2026-09-30T16:19:00+00:00,backend,CWAgent,procstat_memory_rss,exe=amazon-cloudwatch-agent;process_name=amazon-cloudwatch-agent,maximum,50618368.0
2026-09-30T16:20:00+00:00,backend,CWAgent,procstat_memory_rss,exe=amazon-cloudwatch-agent;process_name=amazon-cloudwatch-agent,maximum,51417088.0
2026-09-30T16:21:00+00:00,backend,CWAgent,procstat_memory_rss,exe=amazon-cloudwatch-agent;process_name=amazon-cloudwatch-agent,maximum,51613696.0
2026-09-30T16:22:00+00:00,backend,CWAgent,procstat_memory_rss,exe=amazon-cloudwatch-agent;process_name=amazon-cloudwatch-agent,maximum,51777536.0
2026-09-30T16:23:00+00:00,backend,CWAgent,procstat_memory_rss,exe=amazon-cloudwatch-agent;process_name=amazon-cloudwatch-agent,maximum,52113408.0
2026-09-30T16:24:00+00:00,backend,CWAgent,procstat_memory_rss,exe=amazon-cloudwatch-agent;process_name=amazon-cloudwatch-agent,maximum,52129792.0
2026-09-30T16:25:00+00:00,backend,CWAgent,procstat_memory_rss,exe=amazon-cloudwatch-agent;process_name=amazon-cloudwatch-agent,maximum,52310016.0
2026-09-30T16:13:00+00:00,backend,CWAgent,diskio_writes,name=nvme0n1p1,average,52.0
2026-09-30T16:14:00+00:00,backend,CWAgent,diskio_writes,name=nvme0n1p1,average,51.0
2026-09-30T16:15:00+00:00,backend,CWAgent,diskio_writes,name=nvme0n1p1,average,32.0
2026-09-30T16:16:00+00:00,backend,CWAgent,diskio_writes,name=nvme0n1p1,average,349.0
2026-09-30T16:17:00+00:00,backend,CWAgent,diskio_writes,name=nvme0n1p1,average,63.0
2026-09-30T16:18:00+00:00,backend,CWAgent,diskio_writes,name=nvme0n1p1,average,545.0
2026-09-30T16:19:00+00:00,backend,CWAgent,diskio_writes,name=nvme0n1p1,average,67.0
2026-09-30T16:20:00+00:00,backend,CWAgent,diskio_writes,name=nvme0n1p1,average,86.0
2026-09-30T16:21:00+00:00,backend,CWAgent,diskio_writes,name=nvme0n1p1,average,53.0
2026-09-30T16:22:00+00:00,backend,CWAgent,diskio_writes,name=nvme0n1p1,average,50.0
2026-09-30T16:23:00+00:00,backend,CWAgent,diskio_writes,name=nvme0n1p1,average,45.0
2026-09-30T16:24:00+00:00,backend,CWAgent,diskio_writes,name=nvme0n1p1,average,52.0
2026-09-30T16:25:00+00:00,backend,CWAgent,diskio_writes,name=nvme0n1p1,average,55.0
2026-09-30T16:13:00+00:00,backend,CWAgent,diskio_writes,name=nvme0n1p1,maximum,52.0
2026-09-30T16:14:00+00:00,backend,CWAgent,diskio_writes,name=nvme0n1p1,maximum,51.0
2026-09-30T16:15:00+00:00,backend,CWAgent,diskio_writes,name=nvme0n1p1,maximum,32.0
2026-09-30T16:16:00+00:00,backend,CWAgent,diskio_writes,name=nvme0n1p1,maximum,349.0
2026-09-30T16:17:00+00:00,backend,CWAgent,diskio_writes,name=nvme0n1p1,maximum,63.0
2026-09-30T16:18:00+00:00,backend,CWAgent,diskio_writes,name=nvme0n1p1,maximum,545.0
2026-09-30T16:19:00+00:00,backend,CWAgent,diskio_writes,name=nvme0n1p1,maximum,67.0
2026-09-30T16:20:00+00:00,backend,CWAgent,diskio_writes,name=nvme0n1p1,maximum,86.0
2026-09-30T16:21:00+00:00,backend,CWAgent,diskio_writes,name=nvme0n1p1,maximum,53.0
2026-09-30T16:22:00+00:00,backend,CWAgent,diskio_writes,name=nvme0n1p1,maximum,50.0
2026-09-30T16:23:00+00:00,backend,CWAgent,diskio_writes,name=nvme0n1p1,maximum,45.0
2026-09-30T16:24:00+00:00,backend,CWAgent,diskio_writes,name=nvme0n1p1,maximum,52.0
2026-09-30T16:25:00+00:00,backend,CWAgent,diskio_writes,name=nvme0n1p1,maximum,55.0
2026-09-30T16:13:00+00:00,backend,CWAgent,procstat_cpu_usage,exe=amazon-cloudwatch-agent;process_name=amazon-cloudwatch-agent,average,0.40010999553256416
2026-09-30T16:14:00+00:00,backend,CWAgent,procstat_cpu_usage,exe=amazon-cloudwatch-agent;process_name=amazon-cloudwatch-agent,average,0.3666478875851641
2026-09-30T16:15:00+00:00,backend,CWAgent,procstat_cpu_usage,exe=amazon-cloudwatch-agent;process_name=amazon-cloudwatch-agent,average,0.3666645651409377
2026-09-30T16:16:00+00:00,backend,CWAgent,procstat_cpu_usage,exe=amazon-cloudwatch-agent;process_name=amazon-cloudwatch-agent,average,0.30001702514613005
2026-09-30T16:17:00+00:00,backend,CWAgent,procstat_cpu_usage,exe=amazon-cloudwatch-agent;process_name=amazon-cloudwatch-agent,average,0.38330344061596877
2026-09-30T16:18:00+00:00,backend,CWAgent,procstat_cpu_usage,exe=amazon-cloudwatch-agent;process_name=amazon-cloudwatch-agent,average,0.400029657718791
2026-09-30T16:19:00+00:00,backend,CWAgent,procstat_cpu_usage,exe=amazon-cloudwatch-agent;process_name=amazon-cloudwatch-agent,average,0.48325517604683443
2026-09-30T16:20:00+00:00,backend,CWAgent,procstat_cpu_usage,exe=amazon-cloudwatch-agent;process_name=amazon-cloudwatch-agent,average,0.48337723223565704
2026-09-30T16:21:00+00:00,backend,CWAgent,procstat_cpu_usage,exe=amazon-cloudwatch-agent;process_name=amazon-cloudwatch-agent,average,0.4166699705886979
2026-09-30T16:22:00+00:00,backend,CWAgent,procstat_cpu_usage,exe=amazon-cloudwatch-agent;process_name=amazon-cloudwatch-agent,average,0.4666612807188302
2026-09-30T16:23:00+00:00,backend,CWAgent,procstat_cpu_usage,exe=amazon-cloudwatch-agent;process_name=amazon-cloudwatch-agent,average,0.4499506949277857
2026-09-30T16:24:00+00:00,backend,CWAgent,procstat_cpu_usage,exe=amazon-cloudwatch-agent;process_name=amazon-cloudwatch-agent,average,0.40007093701125496
2026-09-30T16:25:00+00:00,backend,CWAgent,procstat_cpu_usage,exe=amazon-cloudwatch-agent;process_name=amazon-cloudwatch-agent,average,0.38334578566309846
2026-09-30T16:13:00+00:00,backend,CWAgent,procstat_cpu_usage,exe=amazon-cloudwatch-agent;process_name=amazon-cloudwatch-agent,maximum,0.40010999553256416
2026-09-30T16:14:00+00:00,backend,CWAgent,procstat_cpu_usage,exe=amazon-cloudwatch-agent;process_name=amazon-cloudwatch-agent,maximum,0.3666478875851641
2026-09-30T16:15:00+00:00,backend,CWAgent,procstat_cpu_usage,exe=amazon-cloudwatch-agent;process_name=amazon-cloudwatch-agent,maximum,0.3666645651409377
2026-09-30T16:16:00+00:00,backend,CWAgent,procstat_cpu_usage,exe=amazon-cloudwatch-agent;process_name=amazon-cloudwatch-agent,maximum,0.30001702514613005
2026-09-30T16:17:00+00:00,backend,CWAgent,procstat_cpu_usage,exe=amazon-cloudwatch-agent;process_name=amazon-cloudwatch-agent,maximum,0.38330344061596877
2026-09-30T16:18:00+00:00,backend,CWAgent,procstat_cpu_usage,exe=amazon-cloudwatch-agent;process_name=amazon-cloudwatch-agent,maximum,0.400029657718791
2026-09-30T16:19:00+00:00,backend,CWAgent,procstat_cpu_usage,exe=amazon-cloudwatch-agent;process_name=amazon-cloudwatch-agent,maximum,0.48325517604683443
2026-09-30T16:20:00+00:00,backend,CWAgent,procstat_cpu_usage,exe=amazon-cloudwatch-agent;process_name=amazon-cloudwatch-agent,maximum,0.48337723223565704
2026-09-30T16:21:00+00:00,backend,CWAgent,procstat_cpu_usage,exe=amazon-cloudwatch-agent;process_name=amazon-cloudwatch-agent,maximum,0.4166699705886979
2026-09-30T16:22:00+00:00,backend,CWAgent,procstat_cpu_usage,exe=amazon-cloudwatch-agent;process_name=amazon-cloudwatch-agent,maximum,0.4666612807188302
2026-09-30T16:23:00+00:00,backend,CWAgent,procstat_cpu_usage,exe=amazon-cloudwatch-agent;process_name=amazon-cloudwatch-agent,maximum,0.4499506949277857
2026-09-30T16:24:00+00:00,backend,CWAgent,procstat_cpu_usage,exe=amazon-cloudwatch-agent;process_name=amazon-cloudwatch-agent,maximum,0.40007093701125496
2026-09-30T16:25:00+00:00,backend,CWAgent,procstat_cpu_usage,exe=amazon-cloudwatch-agent;process_name=amazon-cloudwatch-agent,maximum,0.38334578566309846
2026-09-30T16:13:00+00:00,backend,CWAgent,diskio_write_bytes,name=nvme0n1p1,average,520192.0
2026-09-30T16:14:00+00:00,backend,CWAgent,diskio_write_bytes,name=nvme0n1p1,average,327680.0
2026-09-30T16:15:00+00:00,backend,CWAgent,diskio_write_bytes,name=nvme0n1p1,average,159744.0
2026-09-30T16:16:00+00:00,backend,CWAgent,diskio_write_bytes,name=nvme0n1p1,average,2797568.0
2026-09-30T16:17:00+00:00,backend,CWAgent,diskio_write_bytes,name=nvme0n1p1,average,602112.0
2026-09-30T16:18:00+00:00,backend,CWAgent,diskio_write_bytes,name=nvme0n1p1,average,3235840.0
2026-09-30T16:19:00+00:00,backend,CWAgent,diskio_write_bytes,name=nvme0n1p1,average,1228800.0
2026-09-30T16:20:00+00:00,backend,CWAgent,diskio_write_bytes,name=nvme0n1p1,average,712704.0
2026-09-30T16:21:00+00:00,backend,CWAgent,diskio_write_bytes,name=nvme0n1p1,average,618496.0
2026-09-30T16:22:00+00:00,backend,CWAgent,diskio_write_bytes,name=nvme0n1p1,average,577536.0
2026-09-30T16:23:00+00:00,backend,CWAgent,diskio_write_bytes,name=nvme0n1p1,average,548864.0
2026-09-30T16:24:00+00:00,backend,CWAgent,diskio_write_bytes,name=nvme0n1p1,average,552960.0
2026-09-30T16:25:00+00:00,backend,CWAgent,diskio_write_bytes,name=nvme0n1p1,average,389120.0
2026-09-30T16:13:00+00:00,backend,CWAgent,diskio_write_bytes,name=nvme0n1p1,maximum,520192.0
2026-09-30T16:14:00+00:00,backend,CWAgent,diskio_write_bytes,name=nvme0n1p1,maximum,327680.0
2026-09-30T16:15:00+00:00,backend,CWAgent,diskio_write_bytes,name=nvme0n1p1,maximum,159744.0
2026-09-30T16:16:00+00:00,backend,CWAgent,diskio_write_bytes,name=nvme0n1p1,maximum,2797568.0
2026-09-30T16:17:00+00:00,backend,CWAgent,diskio_write_bytes,name=nvme0n1p1,maximum,602112.0
2026-09-30T16:18:00+00:00,backend,CWAgent,diskio_write_bytes,name=nvme0n1p1,maximum,3235840.0
2026-09-30T16:19:00+00:00,backend,CWAgent,diskio_write_bytes,name=nvme0n1p1,maximum,1228800.0
2026-09-30T16:20:00+00:00,backend,CWAgent,diskio_write_bytes,name=nvme0n1p1,maximum,712704.0
2026-09-30T16:21:00+00:00,backend,CWAgent,diskio_write_bytes,name=nvme0n1p1,maximum,618496.0
2026-09-30T16:22:00+00:00,backend,CWAgent,diskio_write_bytes,name=nvme0n1p1,maximum,577536.0
2026-09-30T16:23:00+00:00,backend,CWAgent,diskio_write_bytes,name=nvme0n1p1,maximum,548864.0
2026-09-30T16:24:00+00:00,backend,CWAgent,diskio_write_bytes,name=nvme0n1p1,maximum,552960.0
2026-09-30T16:25:00+00:00,backend,CWAgent,diskio_write_bytes,name=nvme0n1p1,maximum,389120.0
2026-09-30T16:13:00+00:00,backend,CWAgent,diskio_read_bytes,name=nvme0n1p1,average,2527232.0
2026-09-30T16:14:00+00:00,backend,CWAgent,diskio_read_bytes,name=nvme0n1p1,average,7602176.0
2026-09-30T16:15:00+00:00,backend,CWAgent,diskio_read_bytes,name=nvme0n1p1,average,1802240.0
2026-09-30T16:16:00+00:00,backend,CWAgent,diskio_read_bytes,name=nvme0n1p1,average,39911424.0
2026-09-30T16:17:00+00:00,backend,CWAgent,diskio_read_bytes,name=nvme0n1p1,average,9388032.0
2026-09-30T16:18:00+00:00,backend,CWAgent,diskio_read_bytes,name=nvme0n1p1,average,4558848.0
2026-09-30T16:19:00+00:00,backend,CWAgent,diskio_read_bytes,name=nvme0n1p1,average,4308992.0
2026-09-30T16:20:00+00:00,backend,CWAgent,diskio_read_bytes,name=nvme0n1p1,average,1818624.0
2026-09-30T16:21:00+00:00,backend,CWAgent,diskio_read_bytes,name=nvme0n1p1,average,614400.0
2026-09-30T16:22:00+00:00,backend,CWAgent,diskio_read_bytes,name=nvme0n1p1,average,512000.0
2026-09-30T16:23:00+00:00,backend,CWAgent,diskio_read_bytes,name=nvme0n1p1,average,610304.0
2026-09-30T16:24:00+00:00,backend,CWAgent,diskio_read_bytes,name=nvme0n1p1,average,65536.0
2026-09-30T16:25:00+00:00,backend,CWAgent,diskio_read_bytes,name=nvme0n1p1,average,487424.0
2026-09-30T16:13:00+00:00,backend,CWAgent,diskio_read_bytes,name=nvme0n1p1,maximum,2527232.0
2026-09-30T16:14:00+00:00,backend,CWAgent,diskio_read_bytes,name=nvme0n1p1,maximum,7602176.0
2026-09-30T16:15:00+00:00,backend,CWAgent,diskio_read_bytes,name=nvme0n1p1,maximum,1802240.0
2026-09-30T16:16:00+00:00,backend,CWAgent,diskio_read_bytes,name=nvme0n1p1,maximum,39911424.0
2026-09-30T16:17:00+00:00,backend,CWAgent,diskio_read_bytes,name=nvme0n1p1,maximum,9388032.0
2026-09-30T16:18:00+00:00,backend,CWAgent,diskio_read_bytes,name=nvme0n1p1,maximum,4558848.0
2026-09-30T16:19:00+00:00,backend,CWAgent,diskio_read_bytes,name=nvme0n1p1,maximum,4308992.0
2026-09-30T16:20:00+00:00,backend,CWAgent,diskio_read_bytes,name=nvme0n1p1,maximum,1818624.0
2026-09-30T16:21:00+00:00,backend,CWAgent,diskio_read_bytes,name=nvme0n1p1,maximum,614400.0
2026-09-30T16:22:00+00:00,backend,CWAgent,diskio_read_bytes,name=nvme0n1p1,maximum,512000.0
2026-09-30T16:23:00+00:00,backend,CWAgent,diskio_read_bytes,name=nvme0n1p1,maximum,610304.0
2026-09-30T16:24:00+00:00,backend,CWAgent,diskio_read_bytes,name=nvme0n1p1,maximum,65536.0
2026-09-30T16:25:00+00:00,backend,CWAgent,diskio_read_bytes,name=nvme0n1p1,maximum,487424.0
2026-09-30T16:13:00+00:00,backend,CWAgent,diskio_writes,name=nvme0n1p15,average,0.0
2026-09-30T16:14:00+00:00,backend,CWAgent,diskio_writes,name=nvme0n1p15,average,0.0
2026-09-30T16:15:00+00:00,backend,CWAgent,diskio_writes,name=nvme0n1p15,average,0.0
2026-09-30T16:16:00+00:00,backend,CWAgent,diskio_writes,name=nvme0n1p15,average,0.0
2026-09-30T16:17:00+00:00,backend,CWAgent,diskio_writes,name=nvme0n1p15,average,0.0
2026-09-30T16:18:00+00:00,backend,CWAgent,diskio_writes,name=nvme0n1p15,average,0.0
2026-09-30T16:19:00+00:00,backend,CWAgent,diskio_writes,name=nvme0n1p15,average,0.0
2026-09-30T16:20:00+00:00,backend,CWAgent,diskio_writes,name=nvme0n1p15,average,0.0
2026-09-30T16:21:00+00:00,backend,CWAgent,diskio_writes,name=nvme0n1p15,average,0.0
2026-09-30T16:22:00+00:00,backend,CWAgent,diskio_writes,name=nvme0n1p15,average,0.0
2026-09-30T16:23:00+00:00,backend,CWAgent,diskio_writes,name=nvme0n1p15,average,0.0
2026-09-30T16:24:00+00:00,backend,CWAgent,diskio_writes,name=nvme0n1p15,average,0.0
2026-09-30T16:25:00+00:00,backend,CWAgent,diskio_writes,name=nvme0n1p15,average,0.0
2026-09-30T16:13:00+00:00,backend,CWAgent,diskio_writes,name=nvme0n1p15,maximum,0.0
2026-09-30T16:14:00+00:00,backend,CWAgent,diskio_writes,name=nvme0n1p15,maximum,0.0
2026-09-30T16:15:00+00:00,backend,CWAgent,diskio_writes,name=nvme0n1p15,maximum,0.0
2026-09-30T16:16:00+00:00,backend,CWAgent,diskio_writes,name=nvme0n1p15,maximum,0.0
2026-09-30T16:17:00+00:00,backend,CWAgent,diskio_writes,name=nvme0n1p15,maximum,0.0
2026-09-30T16:18:00+00:00,backend,CWAgent,diskio_writes,name=nvme0n1p15,maximum,0.0
2026-09-30T16:19:00+00:00,backend,CWAgent,diskio_writes,name=nvme0n1p15,maximum,0.0
2026-09-30T16:20:00+00:00,backend,CWAgent,diskio_writes,name=nvme0n1p15,maximum,0.0
2026-09-30T16:21:00+00:00,backend,CWAgent,diskio_writes,name=nvme0n1p15,maximum,0.0
2026-09-30T16:22:00+00:00,backend,CWAgent,diskio_writes,name=nvme0n1p15,maximum,0.0
2026-09-30T16:23:00+00:00,backend,CWAgent,diskio_writes,name=nvme0n1p15,maximum,0.0
2026-09-30T16:24:00+00:00,backend,CWAgent,diskio_writes,name=nvme0n1p15,maximum,0.0
2026-09-30T16:25:00+00:00,backend,CWAgent,diskio_writes,name=nvme0n1p15,maximum,0.0
2026-09-30T16:13:00+00:00,backend,CWAgent,cpu_usage_iowait,cpu=cpu-total,average,0.09258479925932152
2026-09-30T16:14:00+00:00,backend,CWAgent,cpu_usage_iowait,cpu=cpu-total,average,0.12559658377292582
2026-09-30T16:15:00+00:00,backend,CWAgent,cpu_usage_iowait,cpu=cpu-total,average,0.03334444814937623
2026-09-30T16:16:00+00:00,backend,CWAgent,cpu_usage_iowait,cpu=cpu-total,average,0.5636883728756593
2026-09-30T16:17:00+00:00,backend,CWAgent,cpu_usage_iowait,cpu=cpu-total,average,0.14460700918679806
2026-09-30T16:18:00+00:00,backend,CWAgent,cpu_usage_iowait,cpu=cpu-total,average,0.04230834320527757
2026-09-30T16:19:00+00:00,backend,CWAgent,cpu_usage_iowait,cpu=cpu-total,average,0.03382663847780708
2026-09-30T16:20:00+00:00,backend,CWAgent,cpu_usage_iowait,cpu=cpu-total,average,0.00842105263157116
2026-09-30T16:21:00+00:00,backend,CWAgent,cpu_usage_iowait,cpu=cpu-total,average,0.008505571149107034
2026-09-30T16:22:00+00:00,backend,CWAgent,cpu_usage_iowait,cpu=cpu-total,average,0.008505571149107034
2026-09-30T16:23:00+00:00,backend,CWAgent,cpu_usage_iowait,cpu=cpu-total,average,0.017034324163185458
2026-09-30T16:24:00+00:00,backend,CWAgent,cpu_usage_iowait,cpu=cpu-total,average,0.025393600812596312
2026-09-30T16:25:00+00:00,backend,CWAgent,cpu_usage_iowait,cpu=cpu-total,average,0.033478406427847496
2026-09-30T16:13:00+00:00,backend,CWAgent,cpu_usage_iowait,cpu=cpu-total,maximum,0.09258479925932152
2026-09-30T16:14:00+00:00,backend,CWAgent,cpu_usage_iowait,cpu=cpu-total,maximum,0.12559658377292582
2026-09-30T16:15:00+00:00,backend,CWAgent,cpu_usage_iowait,cpu=cpu-total,maximum,0.03334444814937623
2026-09-30T16:16:00+00:00,backend,CWAgent,cpu_usage_iowait,cpu=cpu-total,maximum,0.5636883728756593
2026-09-30T16:17:00+00:00,backend,CWAgent,cpu_usage_iowait,cpu=cpu-total,maximum,0.14460700918679806
2026-09-30T16:18:00+00:00,backend,CWAgent,cpu_usage_iowait,cpu=cpu-total,maximum,0.04230834320527757
2026-09-30T16:19:00+00:00,backend,CWAgent,cpu_usage_iowait,cpu=cpu-total,maximum,0.03382663847780708
2026-09-30T16:20:00+00:00,backend,CWAgent,cpu_usage_iowait,cpu=cpu-total,maximum,0.00842105263157116
2026-09-30T16:21:00+00:00,backend,CWAgent,cpu_usage_iowait,cpu=cpu-total,maximum,0.008505571149107034
2026-09-30T16:22:00+00:00,backend,CWAgent,cpu_usage_iowait,cpu=cpu-total,maximum,0.008505571149107034
2026-09-30T16:23:00+00:00,backend,CWAgent,cpu_usage_iowait,cpu=cpu-total,maximum,0.017034324163185458
2026-09-30T16:24:00+00:00,backend,CWAgent,cpu_usage_iowait,cpu=cpu-total,maximum,0.025393600812596312
2026-09-30T16:25:00+00:00,backend,CWAgent,cpu_usage_iowait,cpu=cpu-total,maximum,0.033478406427847496
2026-09-30T16:13:00+00:00,backend,CWAgent,net_bytes_sent,interface=ens5,average,46071325.0
2026-09-30T16:14:00+00:00,backend,CWAgent,net_bytes_sent,interface=ens5,average,273524.0
2026-09-30T16:15:00+00:00,backend,CWAgent,net_bytes_sent,interface=ens5,average,66840.0
2026-09-30T16:16:00+00:00,backend,CWAgent,net_bytes_sent,interface=ens5,average,33054905.0
2026-09-30T16:17:00+00:00,backend,CWAgent,net_bytes_sent,interface=ens5,average,116835110.0
2026-09-30T16:18:00+00:00,backend,CWAgent,net_bytes_sent,interface=ens5,average,170535110.0
2026-09-30T16:19:00+00:00,backend,CWAgent,net_bytes_sent,interface=ens5,average,171451194.0
2026-09-30T16:20:00+00:00,backend,CWAgent,net_bytes_sent,interface=ens5,average,170712439.0
2026-09-30T16:21:00+00:00,backend,CWAgent,net_bytes_sent,interface=ens5,average,171478947.0
2026-09-30T16:22:00+00:00,backend,CWAgent,net_bytes_sent,interface=ens5,average,171492803.0
2026-09-30T16:23:00+00:00,backend,CWAgent,net_bytes_sent,interface=ens5,average,142930444.0
2026-09-30T16:24:00+00:00,backend,CWAgent,net_bytes_sent,interface=ens5,average,59841820.0
2026-09-30T16:25:00+00:00,backend,CWAgent,net_bytes_sent,interface=ens5,average,1840788.0
2026-09-30T16:13:00+00:00,backend,CWAgent,net_bytes_sent,interface=ens5,maximum,46071325.0
2026-09-30T16:14:00+00:00,backend,CWAgent,net_bytes_sent,interface=ens5,maximum,273524.0
2026-09-30T16:15:00+00:00,backend,CWAgent,net_bytes_sent,interface=ens5,maximum,66840.0
2026-09-30T16:16:00+00:00,backend,CWAgent,net_bytes_sent,interface=ens5,maximum,33054905.0
2026-09-30T16:17:00+00:00,backend,CWAgent,net_bytes_sent,interface=ens5,maximum,116835110.0
2026-09-30T16:18:00+00:00,backend,CWAgent,net_bytes_sent,interface=ens5,maximum,170535110.0
2026-09-30T16:19:00+00:00,backend,CWAgent,net_bytes_sent,interface=ens5,maximum,171451194.0
2026-09-30T16:20:00+00:00,backend,CWAgent,net_bytes_sent,interface=ens5,maximum,170712439.0
2026-09-30T16:21:00+00:00,backend,CWAgent,net_bytes_sent,interface=ens5,maximum,171478947.0
2026-09-30T16:22:00+00:00,backend,CWAgent,net_bytes_sent,interface=ens5,maximum,171492803.0
2026-09-30T16:23:00+00:00,backend,CWAgent,net_bytes_sent,interface=ens5,maximum,142930444.0
2026-09-30T16:24:00+00:00,backend,CWAgent,net_bytes_sent,interface=ens5,maximum,59841820.0
2026-09-30T16:25:00+00:00,backend,CWAgent,net_bytes_sent,interface=ens5,maximum,1840788.0
2026-09-30T16:13:00+00:00,backend,CWAgent,net_bytes_recv,interface=ens5,average,10428558.0
2026-09-30T16:14:00+00:00,backend,CWAgent,net_bytes_recv,interface=ens5,average,250930.0
2026-09-30T16:15:00+00:00,backend,CWAgent,net_bytes_recv,interface=ens5,average,10599.0
2026-09-30T16:16:00+00:00,backend,CWAgent,net_bytes_recv,interface=ens5,average,7649011.0
2026-09-30T16:17:00+00:00,backend,CWAgent,net_bytes_recv,interface=ens5,average,26060422.0
2026-09-30T16:18:00+00:00,backend,CWAgent,net_bytes_recv,interface=ens5,average,37776258.0
2026-09-30T16:19:00+00:00,backend,CWAgent,net_bytes_recv,interface=ens5,average,38024919.0
2026-09-30T16:20:00+00:00,backend,CWAgent,net_bytes_recv,interface=ens5,average,37733163.0
2026-09-30T16:21:00+00:00,backend,CWAgent,net_bytes_recv,interface=ens5,average,38060523.0
2026-09-30T16:22:00+00:00,backend,CWAgent,net_bytes_recv,interface=ens5,average,38066477.0
2026-09-30T16:23:00+00:00,backend,CWAgent,net_bytes_recv,interface=ens5,average,31715053.0
2026-09-30T16:24:00+00:00,backend,CWAgent,net_bytes_recv,interface=ens5,average,13487478.0
2026-09-30T16:25:00+00:00,backend,CWAgent,net_bytes_recv,interface=ens5,average,625844.0
2026-09-30T16:13:00+00:00,backend,CWAgent,net_bytes_recv,interface=ens5,maximum,10428558.0
2026-09-30T16:14:00+00:00,backend,CWAgent,net_bytes_recv,interface=ens5,maximum,250930.0
2026-09-30T16:15:00+00:00,backend,CWAgent,net_bytes_recv,interface=ens5,maximum,10599.0
2026-09-30T16:16:00+00:00,backend,CWAgent,net_bytes_recv,interface=ens5,maximum,7649011.0
2026-09-30T16:17:00+00:00,backend,CWAgent,net_bytes_recv,interface=ens5,maximum,26060422.0
2026-09-30T16:18:00+00:00,backend,CWAgent,net_bytes_recv,interface=ens5,maximum,37776258.0
2026-09-30T16:19:00+00:00,backend,CWAgent,net_bytes_recv,interface=ens5,maximum,38024919.0
2026-09-30T16:20:00+00:00,backend,CWAgent,net_bytes_recv,interface=ens5,maximum,37733163.0
2026-09-30T16:21:00+00:00,backend,CWAgent,net_bytes_recv,interface=ens5,maximum,38060523.0
2026-09-30T16:22:00+00:00,backend,CWAgent,net_bytes_recv,interface=ens5,maximum,38066477.0
2026-09-30T16:23:00+00:00,backend,CWAgent,net_bytes_recv,interface=ens5,maximum,31715053.0
2026-09-30T16:24:00+00:00,backend,CWAgent,net_bytes_recv,interface=ens5,maximum,13487478.0
2026-09-30T16:25:00+00:00,backend,CWAgent,net_bytes_recv,interface=ens5,maximum,625844.0
2026-09-30T16:13:00+00:00,backend,CWAgent,diskio_reads,name=nvme0n1p15,average,0.0
2026-09-30T16:14:00+00:00,backend,CWAgent,diskio_reads,name=nvme0n1p15,average,0.0
2026-09-30T16:15:00+00:00,backend,CWAgent,diskio_reads,name=nvme0n1p15,average,0.0
2026-09-30T16:16:00+00:00,backend,CWAgent,diskio_reads,name=nvme0n1p15,average,0.0
2026-09-30T16:17:00+00:00,backend,CWAgent,diskio_reads,name=nvme0n1p15,average,0.0
2026-09-30T16:18:00+00:00,backend,CWAgent,diskio_reads,name=nvme0n1p15,average,0.0
2026-09-30T16:19:00+00:00,backend,CWAgent,diskio_reads,name=nvme0n1p15,average,0.0
2026-09-30T16:20:00+00:00,backend,CWAgent,diskio_reads,name=nvme0n1p15,average,0.0
2026-09-30T16:21:00+00:00,backend,CWAgent,diskio_reads,name=nvme0n1p15,average,0.0
2026-09-30T16:22:00+00:00,backend,CWAgent,diskio_reads,name=nvme0n1p15,average,0.0
2026-09-30T16:23:00+00:00,backend,CWAgent,diskio_reads,name=nvme0n1p15,average,0.0
2026-09-30T16:24:00+00:00,backend,CWAgent,diskio_reads,name=nvme0n1p15,average,0.0
2026-09-30T16:25:00+00:00,backend,CWAgent,diskio_reads,name=nvme0n1p15,average,0.0
2026-09-30T16:13:00+00:00,backend,CWAgent,diskio_reads,name=nvme0n1p15,maximum,0.0
2026-09-30T16:14:00+00:00,backend,CWAgent,diskio_reads,name=nvme0n1p15,maximum,0.0
2026-09-30T16:15:00+00:00,backend,CWAgent,diskio_reads,name=nvme0n1p15,maximum,0.0
2026-09-30T16:16:00+00:00,backend,CWAgent,diskio_reads,name=nvme0n1p15,maximum,0.0
2026-09-30T16:17:00+00:00,backend,CWAgent,diskio_reads,name=nvme0n1p15,maximum,0.0
2026-09-30T16:18:00+00:00,backend,CWAgent,diskio_reads,name=nvme0n1p15,maximum,0.0
2026-09-30T16:19:00+00:00,backend,CWAgent,diskio_reads,name=nvme0n1p15,maximum,0.0
2026-09-30T16:20:00+00:00,backend,CWAgent,diskio_reads,name=nvme0n1p15,maximum,0.0
2026-09-30T16:21:00+00:00,backend,CWAgent,diskio_reads,name=nvme0n1p15,maximum,0.0
2026-09-30T16:22:00+00:00,backend,CWAgent,diskio_reads,name=nvme0n1p15,maximum,0.0
2026-09-30T16:23:00+00:00,backend,CWAgent,diskio_reads,name=nvme0n1p15,maximum,0.0
2026-09-30T16:24:00+00:00,backend,CWAgent,diskio_reads,name=nvme0n1p15,maximum,0.0
2026-09-30T16:25:00+00:00,backend,CWAgent,diskio_reads,name=nvme0n1p15,maximum,0.0
2026-09-30T16:13:00+00:00,backend,CWAgent,diskio_write_bytes,name=nvme0n1p14,average,0.0
2026-09-30T16:14:00+00:00,backend,CWAgent,diskio_write_bytes,name=nvme0n1p14,average,0.0
2026-09-30T16:15:00+00:00,backend,CWAgent,diskio_write_bytes,name=nvme0n1p14,average,0.0
2026-09-30T16:16:00+00:00,backend,CWAgent,diskio_write_bytes,name=nvme0n1p14,average,0.0
2026-09-30T16:17:00+00:00,backend,CWAgent,diskio_write_bytes,name=nvme0n1p14,average,0.0
2026-09-30T16:18:00+00:00,backend,CWAgent,diskio_write_bytes,name=nvme0n1p14,average,0.0
2026-09-30T16:19:00+00:00,backend,CWAgent,diskio_write_bytes,name=nvme0n1p14,average,0.0
2026-09-30T16:20:00+00:00,backend,CWAgent,diskio_write_bytes,name=nvme0n1p14,average,0.0
2026-09-30T16:21:00+00:00,backend,CWAgent,diskio_write_bytes,name=nvme0n1p14,average,0.0
2026-09-30T16:22:00+00:00,backend,CWAgent,diskio_write_bytes,name=nvme0n1p14,average,0.0
2026-09-30T16:23:00+00:00,backend,CWAgent,diskio_write_bytes,name=nvme0n1p14,average,0.0
2026-09-30T16:24:00+00:00,backend,CWAgent,diskio_write_bytes,name=nvme0n1p14,average,0.0
2026-09-30T16:25:00+00:00,backend,CWAgent,diskio_write_bytes,name=nvme0n1p14,average,0.0
2026-09-30T16:13:00+00:00,backend,CWAgent,diskio_write_bytes,name=nvme0n1p14,maximum,0.0
2026-09-30T16:14:00+00:00,backend,CWAgent,diskio_write_bytes,name=nvme0n1p14,maximum,0.0
2026-09-30T16:15:00+00:00,backend,CWAgent,diskio_write_bytes,name=nvme0n1p14,maximum,0.0
2026-09-30T16:16:00+00:00,backend,CWAgent,diskio_write_bytes,name=nvme0n1p14,maximum,0.0
2026-09-30T16:17:00+00:00,backend,CWAgent,diskio_write_bytes,name=nvme0n1p14,maximum,0.0
2026-09-30T16:18:00+00:00,backend,CWAgent,diskio_write_bytes,name=nvme0n1p14,maximum,0.0
2026-09-30T16:19:00+00:00,backend,CWAgent,diskio_write_bytes,name=nvme0n1p14,maximum,0.0
2026-09-30T16:20:00+00:00,backend,CWAgent,diskio_write_bytes,name=nvme0n1p14,maximum,0.0
2026-09-30T16:21:00+00:00,backend,CWAgent,diskio_write_bytes,name=nvme0n1p14,maximum,0.0
2026-09-30T16:22:00+00:00,backend,CWAgent,diskio_write_bytes,name=nvme0n1p14,maximum,0.0
2026-09-30T16:23:00+00:00,backend,CWAgent,diskio_write_bytes,name=nvme0n1p14,maximum,0.0
2026-09-30T16:24:00+00:00,backend,CWAgent,diskio_write_bytes,name=nvme0n1p14,maximum,0.0
2026-09-30T16:25:00+00:00,backend,CWAgent,diskio_write_bytes,name=nvme0n1p14,maximum,0.0
2026-09-30T16:13:00+00:00,backend,CWAgent,diskio_reads,name=nvme0n1p14,average,0.0
2026-09-30T16:14:00+00:00,backend,CWAgent,diskio_reads,name=nvme0n1p14,average,0.0
2026-09-30T16:15:00+00:00,backend,CWAgent,diskio_reads,name=nvme0n1p14,average,0.0
2026-09-30T16:16:00+00:00,backend,CWAgent,diskio_reads,name=nvme0n1p14,average,0.0
2026-09-30T16:17:00+00:00,backend,CWAgent,diskio_reads,name=nvme0n1p14,average,0.0
2026-09-30T16:18:00+00:00,backend,CWAgent,diskio_reads,name=nvme0n1p14,average,0.0
2026-09-30T16:19:00+00:00,backend,CWAgent,diskio_reads,name=nvme0n1p14,average,0.0
2026-09-30T16:20:00+00:00,backend,CWAgent,diskio_reads,name=nvme0n1p14,average,0.0
2026-09-30T16:21:00+00:00,backend,CWAgent,diskio_reads,name=nvme0n1p14,average,0.0
2026-09-30T16:22:00+00:00,backend,CWAgent,diskio_reads,name=nvme0n1p14,average,0.0
2026-09-30T16:23:00+00:00,backend,CWAgent,diskio_reads,name=nvme0n1p14,average,0.0
2026-09-30T16:24:00+00:00,backend,CWAgent,diskio_reads,name=nvme0n1p14,average,0.0
2026-09-30T16:25:00+00:00,backend,CWAgent,diskio_reads,name=nvme0n1p14,average,0.0
2026-09-30T16:13:00+00:00,backend,CWAgent,diskio_reads,name=nvme0n1p14,maximum,0.0
2026-09-30T16:14:00+00:00,backend,CWAgent,diskio_reads,name=nvme0n1p14,maximum,0.0
2026-09-30T16:15:00+00:00,backend,CWAgent,diskio_reads,name=nvme0n1p14,maximum,0.0
2026-09-30T16:16:00+00:00,backend,CWAgent,diskio_reads,name=nvme0n1p14,maximum,0.0
2026-09-30T16:17:00+00:00,backend,CWAgent,diskio_reads,name=nvme0n1p14,maximum,0.0
2026-09-30T16:18:00+00:00,backend,CWAgent,diskio_reads,name=nvme0n1p14,maximum,0.0
2026-09-30T16:19:00+00:00,backend,CWAgent,diskio_reads,name=nvme0n1p14,maximum,0.0
2026-09-30T16:20:00+00:00,backend,CWAgent,diskio_reads,name=nvme0n1p14,maximum,0.0
2026-09-30T16:21:00+00:00,backend,CWAgent,diskio_reads,name=nvme0n1p14,maximum,0.0
2026-09-30T16:22:00+00:00,backend,CWAgent,diskio_reads,name=nvme0n1p14,maximum,0.0
2026-09-30T16:23:00+00:00,backend,CWAgent,diskio_reads,name=nvme0n1p14,maximum,0.0
2026-09-30T16:24:00+00:00,backend,CWAgent,diskio_reads,name=nvme0n1p14,maximum,0.0
2026-09-30T16:25:00+00:00,backend,CWAgent,diskio_reads,name=nvme0n1p14,maximum,0.0
2026-09-30T16:13:00+00:00,backend,CWAgent,diskio_writes,name=nvme0n1,average,52.0
2026-09-30T16:14:00+00:00,backend,CWAgent,diskio_writes,name=nvme0n1,average,51.0
2026-09-30T16:15:00+00:00,backend,CWAgent,diskio_writes,name=nvme0n1,average,32.0
2026-09-30T16:16:00+00:00,backend,CWAgent,diskio_writes,name=nvme0n1,average,349.0
2026-09-30T16:17:00+00:00,backend,CWAgent,diskio_writes,name=nvme0n1,average,63.0
2026-09-30T16:18:00+00:00,backend,CWAgent,diskio_writes,name=nvme0n1,average,545.0
2026-09-30T16:19:00+00:00,backend,CWAgent,diskio_writes,name=nvme0n1,average,67.0
2026-09-30T16:20:00+00:00,backend,CWAgent,diskio_writes,name=nvme0n1,average,86.0
2026-09-30T16:21:00+00:00,backend,CWAgent,diskio_writes,name=nvme0n1,average,53.0
2026-09-30T16:22:00+00:00,backend,CWAgent,diskio_writes,name=nvme0n1,average,50.0
2026-09-30T16:23:00+00:00,backend,CWAgent,diskio_writes,name=nvme0n1,average,45.0
2026-09-30T16:24:00+00:00,backend,CWAgent,diskio_writes,name=nvme0n1,average,52.0
2026-09-30T16:25:00+00:00,backend,CWAgent,diskio_writes,name=nvme0n1,average,55.0
2026-09-30T16:13:00+00:00,backend,CWAgent,diskio_writes,name=nvme0n1,maximum,52.0
2026-09-30T16:14:00+00:00,backend,CWAgent,diskio_writes,name=nvme0n1,maximum,51.0
2026-09-30T16:15:00+00:00,backend,CWAgent,diskio_writes,name=nvme0n1,maximum,32.0
2026-09-30T16:16:00+00:00,backend,CWAgent,diskio_writes,name=nvme0n1,maximum,349.0
2026-09-30T16:17:00+00:00,backend,CWAgent,diskio_writes,name=nvme0n1,maximum,63.0
2026-09-30T16:18:00+00:00,backend,CWAgent,diskio_writes,name=nvme0n1,maximum,545.0
2026-09-30T16:19:00+00:00,backend,CWAgent,diskio_writes,name=nvme0n1,maximum,67.0
2026-09-30T16:20:00+00:00,backend,CWAgent,diskio_writes,name=nvme0n1,maximum,86.0
2026-09-30T16:21:00+00:00,backend,CWAgent,diskio_writes,name=nvme0n1,maximum,53.0
2026-09-30T16:22:00+00:00,backend,CWAgent,diskio_writes,name=nvme0n1,maximum,50.0
2026-09-30T16:23:00+00:00,backend,CWAgent,diskio_writes,name=nvme0n1,maximum,45.0
2026-09-30T16:24:00+00:00,backend,CWAgent,diskio_writes,name=nvme0n1,maximum,52.0
2026-09-30T16:25:00+00:00,backend,CWAgent,diskio_writes,name=nvme0n1,maximum,55.0
2026-09-30T16:13:00+00:00,backend,CWAgent,cpu_usage_user,cpu=cpu-total,average,16.345425469236726
2026-09-30T16:14:00+00:00,backend,CWAgent,cpu_usage_user,cpu=cpu-total,average,1.4736665829354092
2026-09-30T16:15:00+00:00,backend,CWAgent,cpu_usage_user,cpu=cpu-total,average,1.3921307102367952
2026-09-30T16:16:00+00:00,backend,CWAgent,cpu_usage_user,cpu=cpu-total,average,11.753323237422514
2026-09-30T16:17:00+00:00,backend,CWAgent,cpu_usage_user,cpu=cpu-total,average,34.501531133038014
2026-09-30T16:18:00+00:00,backend,CWAgent,cpu_usage_user,cpu=cpu-total,average,48.29920460314756
2026-09-30T16:19:00+00:00,backend,CWAgent,cpu_usage_user,cpu=cpu-total,average,50.799154334038974
2026-09-30T16:20:00+00:00,backend,CWAgent,cpu_usage_user,cpu=cpu-total,average,50.89684210526242
2026-09-30T16:21:00+00:00,backend,CWAgent,cpu_usage_user,cpu=cpu-total,average,50.25091434889859
2026-09-30T16:22:00+00:00,backend,CWAgent,cpu_usage_user,cpu=cpu-total,average,50.57412605256459
2026-09-30T16:23:00+00:00,backend,CWAgent,cpu_usage_user,cpu=cpu-total,average,42.645430542543416
2026-09-30T16:24:00+00:00,backend,CWAgent,cpu_usage_user,cpu=cpu-total,average,20.509564922972476
2026-09-30T16:25:00+00:00,backend,CWAgent,cpu_usage_user,cpu=cpu-total,average,2.142618011383001
2026-09-30T16:13:00+00:00,backend,CWAgent,cpu_usage_user,cpu=cpu-total,maximum,16.345425469236726
2026-09-30T16:14:00+00:00,backend,CWAgent,cpu_usage_user,cpu=cpu-total,maximum,1.4736665829354092
2026-09-30T16:15:00+00:00,backend,CWAgent,cpu_usage_user,cpu=cpu-total,maximum,1.3921307102367952
2026-09-30T16:16:00+00:00,backend,CWAgent,cpu_usage_user,cpu=cpu-total,maximum,11.753323237422514
2026-09-30T16:17:00+00:00,backend,CWAgent,cpu_usage_user,cpu=cpu-total,maximum,34.501531133038014
2026-09-30T16:18:00+00:00,backend,CWAgent,cpu_usage_user,cpu=cpu-total,maximum,48.29920460314756
2026-09-30T16:19:00+00:00,backend,CWAgent,cpu_usage_user,cpu=cpu-total,maximum,50.799154334038974
2026-09-30T16:20:00+00:00,backend,CWAgent,cpu_usage_user,cpu=cpu-total,maximum,50.89684210526242
2026-09-30T16:21:00+00:00,backend,CWAgent,cpu_usage_user,cpu=cpu-total,maximum,50.25091434889859
2026-09-30T16:22:00+00:00,backend,CWAgent,cpu_usage_user,cpu=cpu-total,maximum,50.57412605256459
2026-09-30T16:23:00+00:00,backend,CWAgent,cpu_usage_user,cpu=cpu-total,maximum,42.645430542543416
2026-09-30T16:24:00+00:00,backend,CWAgent,cpu_usage_user,cpu=cpu-total,maximum,20.509564922972476
2026-09-30T16:25:00+00:00,backend,CWAgent,cpu_usage_user,cpu=cpu-total,maximum,2.142618011383001
2026-09-30T16:13:00+00:00,backend,CWAgent,procstat_memory_rss,exe=java;process_name=java,average,567193600.0
2026-09-30T16:14:00+00:00,backend,CWAgent,procstat_memory_rss,exe=java;process_name=java,average,566624256.0
2026-09-30T16:15:00+00:00,backend,CWAgent,procstat_memory_rss,exe=java;process_name=java,average,563097600.0
2026-09-30T16:16:00+00:00,backend,CWAgent,procstat_memory_rss,exe=java;process_name=java,average,561221632.0
2026-09-30T16:17:00+00:00,backend,CWAgent,procstat_memory_rss,exe=java;process_name=java,average,564113408.0
2026-09-30T16:18:00+00:00,backend,CWAgent,procstat_memory_rss,exe=java;process_name=java,average,551960576.0
2026-09-30T16:19:00+00:00,backend,CWAgent,procstat_memory_rss,exe=java;process_name=java,average,547733504.0
2026-09-30T16:20:00+00:00,backend,CWAgent,procstat_memory_rss,exe=java;process_name=java,average,544358400.0
2026-09-30T16:21:00+00:00,backend,CWAgent,procstat_memory_rss,exe=java;process_name=java,average,545005568.0
2026-09-30T16:22:00+00:00,backend,CWAgent,procstat_memory_rss,exe=java;process_name=java,average,543760384.0
2026-09-30T16:23:00+00:00,backend,CWAgent,procstat_memory_rss,exe=java;process_name=java,average,544452608.0
2026-09-30T16:24:00+00:00,backend,CWAgent,procstat_memory_rss,exe=java;process_name=java,average,544522240.0
2026-09-30T16:25:00+00:00,backend,CWAgent,procstat_memory_rss,exe=java;process_name=java,average,543809536.0
2026-09-30T16:13:00+00:00,backend,CWAgent,procstat_memory_rss,exe=java;process_name=java,maximum,567193600.0
2026-09-30T16:14:00+00:00,backend,CWAgent,procstat_memory_rss,exe=java;process_name=java,maximum,566624256.0
2026-09-30T16:15:00+00:00,backend,CWAgent,procstat_memory_rss,exe=java;process_name=java,maximum,563097600.0
2026-09-30T16:16:00+00:00,backend,CWAgent,procstat_memory_rss,exe=java;process_name=java,maximum,561221632.0
2026-09-30T16:17:00+00:00,backend,CWAgent,procstat_memory_rss,exe=java;process_name=java,maximum,564113408.0
2026-09-30T16:18:00+00:00,backend,CWAgent,procstat_memory_rss,exe=java;process_name=java,maximum,551960576.0
2026-09-30T16:19:00+00:00,backend,CWAgent,procstat_memory_rss,exe=java;process_name=java,maximum,547733504.0
2026-09-30T16:20:00+00:00,backend,CWAgent,procstat_memory_rss,exe=java;process_name=java,maximum,544358400.0
2026-09-30T16:21:00+00:00,backend,CWAgent,procstat_memory_rss,exe=java;process_name=java,maximum,545005568.0
2026-09-30T16:22:00+00:00,backend,CWAgent,procstat_memory_rss,exe=java;process_name=java,maximum,543760384.0
2026-09-30T16:23:00+00:00,backend,CWAgent,procstat_memory_rss,exe=java;process_name=java,maximum,544452608.0
2026-09-30T16:24:00+00:00,backend,CWAgent,procstat_memory_rss,exe=java;process_name=java,maximum,544522240.0
2026-09-30T16:25:00+00:00,backend,CWAgent,procstat_memory_rss,exe=java;process_name=java,maximum,543809536.0
2026-09-30T16:13:00+00:00,backend,CWAgent,diskio_reads,name=nvme0n1p1,average,317.0
2026-09-30T16:14:00+00:00,backend,CWAgent,diskio_reads,name=nvme0n1p1,average,436.0
2026-09-30T16:15:00+00:00,backend,CWAgent,diskio_reads,name=nvme0n1p1,average,62.0
2026-09-30T16:16:00+00:00,backend,CWAgent,diskio_reads,name=nvme0n1p1,average,1515.0
2026-09-30T16:17:00+00:00,backend,CWAgent,diskio_reads,name=nvme0n1p1,average,1177.0
2026-09-30T16:18:00+00:00,backend,CWAgent,diskio_reads,name=nvme0n1p1,average,758.0
2026-09-30T16:19:00+00:00,backend,CWAgent,diskio_reads,name=nvme0n1p1,average,617.0
2026-09-30T16:20:00+00:00,backend,CWAgent,diskio_reads,name=nvme0n1p1,average,212.0
2026-09-30T16:21:00+00:00,backend,CWAgent,diskio_reads,name=nvme0n1p1,average,87.0
2026-09-30T16:22:00+00:00,backend,CWAgent,diskio_reads,name=nvme0n1p1,average,34.0
2026-09-30T16:23:00+00:00,backend,CWAgent,diskio_reads,name=nvme0n1p1,average,121.0
2026-09-30T16:24:00+00:00,backend,CWAgent,diskio_reads,name=nvme0n1p1,average,15.0
2026-09-30T16:25:00+00:00,backend,CWAgent,diskio_reads,name=nvme0n1p1,average,65.0
2026-09-30T16:13:00+00:00,backend,CWAgent,diskio_reads,name=nvme0n1p1,maximum,317.0
2026-09-30T16:14:00+00:00,backend,CWAgent,diskio_reads,name=nvme0n1p1,maximum,436.0
2026-09-30T16:15:00+00:00,backend,CWAgent,diskio_reads,name=nvme0n1p1,maximum,62.0
2026-09-30T16:16:00+00:00,backend,CWAgent,diskio_reads,name=nvme0n1p1,maximum,1515.0
2026-09-30T16:17:00+00:00,backend,CWAgent,diskio_reads,name=nvme0n1p1,maximum,1177.0
2026-09-30T16:18:00+00:00,backend,CWAgent,diskio_reads,name=nvme0n1p1,maximum,758.0
2026-09-30T16:19:00+00:00,backend,CWAgent,diskio_reads,name=nvme0n1p1,maximum,617.0
2026-09-30T16:20:00+00:00,backend,CWAgent,diskio_reads,name=nvme0n1p1,maximum,212.0
2026-09-30T16:21:00+00:00,backend,CWAgent,diskio_reads,name=nvme0n1p1,maximum,87.0
2026-09-30T16:22:00+00:00,backend,CWAgent,diskio_reads,name=nvme0n1p1,maximum,34.0
2026-09-30T16:23:00+00:00,backend,CWAgent,diskio_reads,name=nvme0n1p1,maximum,121.0
2026-09-30T16:24:00+00:00,backend,CWAgent,diskio_reads,name=nvme0n1p1,maximum,15.0
2026-09-30T16:25:00+00:00,backend,CWAgent,diskio_reads,name=nvme0n1p1,maximum,65.0
2026-09-30T16:13:00+00:00,backend,CWAgent,diskio_read_bytes,name=nvme0n1,average,2527232.0
2026-09-30T16:14:00+00:00,backend,CWAgent,diskio_read_bytes,name=nvme0n1,average,7602176.0
2026-09-30T16:15:00+00:00,backend,CWAgent,diskio_read_bytes,name=nvme0n1,average,1802240.0
2026-09-30T16:16:00+00:00,backend,CWAgent,diskio_read_bytes,name=nvme0n1,average,39911424.0
2026-09-30T16:17:00+00:00,backend,CWAgent,diskio_read_bytes,name=nvme0n1,average,9388032.0
2026-09-30T16:18:00+00:00,backend,CWAgent,diskio_read_bytes,name=nvme0n1,average,4558848.0
2026-09-30T16:19:00+00:00,backend,CWAgent,diskio_read_bytes,name=nvme0n1,average,4308992.0
2026-09-30T16:20:00+00:00,backend,CWAgent,diskio_read_bytes,name=nvme0n1,average,1818624.0
2026-09-30T16:21:00+00:00,backend,CWAgent,diskio_read_bytes,name=nvme0n1,average,614400.0
2026-09-30T16:22:00+00:00,backend,CWAgent,diskio_read_bytes,name=nvme0n1,average,512000.0
2026-09-30T16:23:00+00:00,backend,CWAgent,diskio_read_bytes,name=nvme0n1,average,610304.0
2026-09-30T16:24:00+00:00,backend,CWAgent,diskio_read_bytes,name=nvme0n1,average,65536.0
2026-09-30T16:25:00+00:00,backend,CWAgent,diskio_read_bytes,name=nvme0n1,average,487424.0
2026-09-30T16:13:00+00:00,backend,CWAgent,diskio_read_bytes,name=nvme0n1,maximum,2527232.0
2026-09-30T16:14:00+00:00,backend,CWAgent,diskio_read_bytes,name=nvme0n1,maximum,7602176.0
2026-09-30T16:15:00+00:00,backend,CWAgent,diskio_read_bytes,name=nvme0n1,maximum,1802240.0
2026-09-30T16:16:00+00:00,backend,CWAgent,diskio_read_bytes,name=nvme0n1,maximum,39911424.0
2026-09-30T16:17:00+00:00,backend,CWAgent,diskio_read_bytes,name=nvme0n1,maximum,9388032.0
2026-09-30T16:18:00+00:00,backend,CWAgent,diskio_read_bytes,name=nvme0n1,maximum,4558848.0
2026-09-30T16:19:00+00:00,backend,CWAgent,diskio_read_bytes,name=nvme0n1,maximum,4308992.0
2026-09-30T16:20:00+00:00,backend,CWAgent,diskio_read_bytes,name=nvme0n1,maximum,1818624.0
2026-09-30T16:21:00+00:00,backend,CWAgent,diskio_read_bytes,name=nvme0n1,maximum,614400.0
2026-09-30T16:22:00+00:00,backend,CWAgent,diskio_read_bytes,name=nvme0n1,maximum,512000.0
2026-09-30T16:23:00+00:00,backend,CWAgent,diskio_read_bytes,name=nvme0n1,maximum,610304.0
2026-09-30T16:24:00+00:00,backend,CWAgent,diskio_read_bytes,name=nvme0n1,maximum,65536.0
2026-09-30T16:25:00+00:00,backend,CWAgent,diskio_read_bytes,name=nvme0n1,maximum,487424.0
2026-09-30T16:13:00+00:00,backend,CWAgent,diskio_read_bytes,name=nvme0n1p15,average,0.0
2026-09-30T16:14:00+00:00,backend,CWAgent,diskio_read_bytes,name=nvme0n1p15,average,0.0
2026-09-30T16:15:00+00:00,backend,CWAgent,diskio_read_bytes,name=nvme0n1p15,average,0.0
2026-09-30T16:16:00+00:00,backend,CWAgent,diskio_read_bytes,name=nvme0n1p15,average,0.0
2026-09-30T16:17:00+00:00,backend,CWAgent,diskio_read_bytes,name=nvme0n1p15,average,0.0
2026-09-30T16:18:00+00:00,backend,CWAgent,diskio_read_bytes,name=nvme0n1p15,average,0.0
2026-09-30T16:19:00+00:00,backend,CWAgent,diskio_read_bytes,name=nvme0n1p15,average,0.0
2026-09-30T16:20:00+00:00,backend,CWAgent,diskio_read_bytes,name=nvme0n1p15,average,0.0
2026-09-30T16:21:00+00:00,backend,CWAgent,diskio_read_bytes,name=nvme0n1p15,average,0.0
2026-09-30T16:22:00+00:00,backend,CWAgent,diskio_read_bytes,name=nvme0n1p15,average,0.0
2026-09-30T16:23:00+00:00,backend,CWAgent,diskio_read_bytes,name=nvme0n1p15,average,0.0
2026-09-30T16:24:00+00:00,backend,CWAgent,diskio_read_bytes,name=nvme0n1p15,average,0.0
2026-09-30T16:25:00+00:00,backend,CWAgent,diskio_read_bytes,name=nvme0n1p15,average,0.0
2026-09-30T16:13:00+00:00,backend,CWAgent,diskio_read_bytes,name=nvme0n1p15,maximum,0.0
2026-09-30T16:14:00+00:00,backend,CWAgent,diskio_read_bytes,name=nvme0n1p15,maximum,0.0
2026-09-30T16:15:00+00:00,backend,CWAgent,diskio_read_bytes,name=nvme0n1p15,maximum,0.0
2026-09-30T16:16:00+00:00,backend,CWAgent,diskio_read_bytes,name=nvme0n1p15,maximum,0.0
2026-09-30T16:17:00+00:00,backend,CWAgent,diskio_read_bytes,name=nvme0n1p15,maximum,0.0
2026-09-30T16:18:00+00:00,backend,CWAgent,diskio_read_bytes,name=nvme0n1p15,maximum,0.0
2026-09-30T16:19:00+00:00,backend,CWAgent,diskio_read_bytes,name=nvme0n1p15,maximum,0.0
2026-09-30T16:20:00+00:00,backend,CWAgent,diskio_read_bytes,name=nvme0n1p15,maximum,0.0
2026-09-30T16:21:00+00:00,backend,CWAgent,diskio_read_bytes,name=nvme0n1p15,maximum,0.0
2026-09-30T16:22:00+00:00,backend,CWAgent,diskio_read_bytes,name=nvme0n1p15,maximum,0.0
2026-09-30T16:23:00+00:00,backend,CWAgent,diskio_read_bytes,name=nvme0n1p15,maximum,0.0
2026-09-30T16:24:00+00:00,backend,CWAgent,diskio_read_bytes,name=nvme0n1p15,maximum,0.0
2026-09-30T16:25:00+00:00,backend,CWAgent,diskio_read_bytes,name=nvme0n1p15,maximum,0.0
2026-09-30T16:13:00+00:00,backend,CWAgent,procstat_cpu_usage,exe=dockerd;process_name=dockerd,average,0.08333580731650167
2026-09-30T16:14:00+00:00,backend,CWAgent,procstat_cpu_usage,exe=dockerd;process_name=dockerd,average,0.09999421216000817
2026-09-30T16:15:00+00:00,backend,CWAgent,procstat_cpu_usage,exe=dockerd;process_name=dockerd,average,0.08333770442926693
2026-09-30T16:16:00+00:00,backend,CWAgent,procstat_cpu_usage,exe=dockerd;process_name=dockerd,average,0.11666890080806076
2026-09-30T16:17:00+00:00,backend,CWAgent,procstat_cpu_usage,exe=dockerd;process_name=dockerd,average,0.08332641089453531
2026-09-30T16:18:00+00:00,backend,CWAgent,procstat_cpu_usage,exe=dockerd;process_name=dockerd,average,0.11665287956004267
2026-09-30T16:19:00+00:00,backend,CWAgent,procstat_cpu_usage,exe=dockerd;process_name=dockerd,average,0.08334752188341903
2026-09-30T16:20:00+00:00,backend,CWAgent,procstat_cpu_usage,exe=dockerd;process_name=dockerd,average,0.15000231137312145
2026-09-30T16:21:00+00:00,backend,CWAgent,procstat_cpu_usage,exe=dockerd;process_name=dockerd,average,0.09999478307717491
2026-09-30T16:22:00+00:00,backend,CWAgent,procstat_cpu_usage,exe=dockerd;process_name=dockerd,average,0.11665906268313762
2026-09-30T16:23:00+00:00,backend,CWAgent,procstat_cpu_usage,exe=dockerd;process_name=dockerd,average,0.08334364891010995
2026-09-30T16:24:00+00:00,backend,CWAgent,procstat_cpu_usage,exe=dockerd;process_name=dockerd,average,0.13333441441320704
2026-09-30T16:25:00+00:00,backend,CWAgent,procstat_cpu_usage,exe=dockerd;process_name=dockerd,average,0.0666674582160634
2026-09-30T16:13:00+00:00,backend,CWAgent,procstat_cpu_usage,exe=dockerd;process_name=dockerd,maximum,0.08333580731650167
2026-09-30T16:14:00+00:00,backend,CWAgent,procstat_cpu_usage,exe=dockerd;process_name=dockerd,maximum,0.09999421216000817
2026-09-30T16:15:00+00:00,backend,CWAgent,procstat_cpu_usage,exe=dockerd;process_name=dockerd,maximum,0.08333770442926693
2026-09-30T16:16:00+00:00,backend,CWAgent,procstat_cpu_usage,exe=dockerd;process_name=dockerd,maximum,0.11666890080806076
2026-09-30T16:17:00+00:00,backend,CWAgent,procstat_cpu_usage,exe=dockerd;process_name=dockerd,maximum,0.08332641089453531
2026-09-30T16:18:00+00:00,backend,CWAgent,procstat_cpu_usage,exe=dockerd;process_name=dockerd,maximum,0.11665287956004267
2026-09-30T16:19:00+00:00,backend,CWAgent,procstat_cpu_usage,exe=dockerd;process_name=dockerd,maximum,0.08334752188341903
2026-09-30T16:20:00+00:00,backend,CWAgent,procstat_cpu_usage,exe=dockerd;process_name=dockerd,maximum,0.15000231137312145
2026-09-30T16:21:00+00:00,backend,CWAgent,procstat_cpu_usage,exe=dockerd;process_name=dockerd,maximum,0.09999478307717491
2026-09-30T16:22:00+00:00,backend,CWAgent,procstat_cpu_usage,exe=dockerd;process_name=dockerd,maximum,0.11665906268313762
2026-09-30T16:23:00+00:00,backend,CWAgent,procstat_cpu_usage,exe=dockerd;process_name=dockerd,maximum,0.08334364891010995
2026-09-30T16:24:00+00:00,backend,CWAgent,procstat_cpu_usage,exe=dockerd;process_name=dockerd,maximum,0.13333441441320704
2026-09-30T16:25:00+00:00,backend,CWAgent,procstat_cpu_usage,exe=dockerd;process_name=dockerd,maximum,0.0666674582160634
2026-09-30T16:13:00+00:00,backend,CWAgent,diskio_writes,name=nvme0n1p14,average,0.0
2026-09-30T16:14:00+00:00,backend,CWAgent,diskio_writes,name=nvme0n1p14,average,0.0
2026-09-30T16:15:00+00:00,backend,CWAgent,diskio_writes,name=nvme0n1p14,average,0.0
2026-09-30T16:16:00+00:00,backend,CWAgent,diskio_writes,name=nvme0n1p14,average,0.0
2026-09-30T16:17:00+00:00,backend,CWAgent,diskio_writes,name=nvme0n1p14,average,0.0
2026-09-30T16:18:00+00:00,backend,CWAgent,diskio_writes,name=nvme0n1p14,average,0.0
2026-09-30T16:19:00+00:00,backend,CWAgent,diskio_writes,name=nvme0n1p14,average,0.0
2026-09-30T16:20:00+00:00,backend,CWAgent,diskio_writes,name=nvme0n1p14,average,0.0
2026-09-30T16:21:00+00:00,backend,CWAgent,diskio_writes,name=nvme0n1p14,average,0.0
2026-09-30T16:22:00+00:00,backend,CWAgent,diskio_writes,name=nvme0n1p14,average,0.0
2026-09-30T16:23:00+00:00,backend,CWAgent,diskio_writes,name=nvme0n1p14,average,0.0
2026-09-30T16:24:00+00:00,backend,CWAgent,diskio_writes,name=nvme0n1p14,average,0.0
2026-09-30T16:25:00+00:00,backend,CWAgent,diskio_writes,name=nvme0n1p14,average,0.0
2026-09-30T16:13:00+00:00,backend,CWAgent,diskio_writes,name=nvme0n1p14,maximum,0.0
2026-09-30T16:14:00+00:00,backend,CWAgent,diskio_writes,name=nvme0n1p14,maximum,0.0
2026-09-30T16:15:00+00:00,backend,CWAgent,diskio_writes,name=nvme0n1p14,maximum,0.0
2026-09-30T16:16:00+00:00,backend,CWAgent,diskio_writes,name=nvme0n1p14,maximum,0.0
2026-09-30T16:17:00+00:00,backend,CWAgent,diskio_writes,name=nvme0n1p14,maximum,0.0
2026-09-30T16:18:00+00:00,backend,CWAgent,diskio_writes,name=nvme0n1p14,maximum,0.0
2026-09-30T16:19:00+00:00,backend,CWAgent,diskio_writes,name=nvme0n1p14,maximum,0.0
2026-09-30T16:20:00+00:00,backend,CWAgent,diskio_writes,name=nvme0n1p14,maximum,0.0
2026-09-30T16:21:00+00:00,backend,CWAgent,diskio_writes,name=nvme0n1p14,maximum,0.0
2026-09-30T16:22:00+00:00,backend,CWAgent,diskio_writes,name=nvme0n1p14,maximum,0.0
2026-09-30T16:23:00+00:00,backend,CWAgent,diskio_writes,name=nvme0n1p14,maximum,0.0
2026-09-30T16:24:00+00:00,backend,CWAgent,diskio_writes,name=nvme0n1p14,maximum,0.0
2026-09-30T16:25:00+00:00,backend,CWAgent,diskio_writes,name=nvme0n1p14,maximum,0.0
2026-09-30T16:13:00+00:00,backend,CWAgent,diskio_read_bytes,name=nvme0n1p14,average,0.0
2026-09-30T16:14:00+00:00,backend,CWAgent,diskio_read_bytes,name=nvme0n1p14,average,0.0
2026-09-30T16:15:00+00:00,backend,CWAgent,diskio_read_bytes,name=nvme0n1p14,average,0.0
2026-09-30T16:16:00+00:00,backend,CWAgent,diskio_read_bytes,name=nvme0n1p14,average,0.0
2026-09-30T16:17:00+00:00,backend,CWAgent,diskio_read_bytes,name=nvme0n1p14,average,0.0
2026-09-30T16:18:00+00:00,backend,CWAgent,diskio_read_bytes,name=nvme0n1p14,average,0.0
2026-09-30T16:19:00+00:00,backend,CWAgent,diskio_read_bytes,name=nvme0n1p14,average,0.0
2026-09-30T16:20:00+00:00,backend,CWAgent,diskio_read_bytes,name=nvme0n1p14,average,0.0
2026-09-30T16:21:00+00:00,backend,CWAgent,diskio_read_bytes,name=nvme0n1p14,average,0.0
2026-09-30T16:22:00+00:00,backend,CWAgent,diskio_read_bytes,name=nvme0n1p14,average,0.0
2026-09-30T16:23:00+00:00,backend,CWAgent,diskio_read_bytes,name=nvme0n1p14,average,0.0
2026-09-30T16:24:00+00:00,backend,CWAgent,diskio_read_bytes,name=nvme0n1p14,average,0.0
2026-09-30T16:25:00+00:00,backend,CWAgent,diskio_read_bytes,name=nvme0n1p14,average,0.0
2026-09-30T16:13:00+00:00,backend,CWAgent,diskio_read_bytes,name=nvme0n1p14,maximum,0.0
2026-09-30T16:14:00+00:00,backend,CWAgent,diskio_read_bytes,name=nvme0n1p14,maximum,0.0
2026-09-30T16:15:00+00:00,backend,CWAgent,diskio_read_bytes,name=nvme0n1p14,maximum,0.0
2026-09-30T16:16:00+00:00,backend,CWAgent,diskio_read_bytes,name=nvme0n1p14,maximum,0.0
2026-09-30T16:17:00+00:00,backend,CWAgent,diskio_read_bytes,name=nvme0n1p14,maximum,0.0
2026-09-30T16:18:00+00:00,backend,CWAgent,diskio_read_bytes,name=nvme0n1p14,maximum,0.0
2026-09-30T16:19:00+00:00,backend,CWAgent,diskio_read_bytes,name=nvme0n1p14,maximum,0.0
2026-09-30T16:20:00+00:00,backend,CWAgent,diskio_read_bytes,name=nvme0n1p14,maximum,0.0
2026-09-30T16:21:00+00:00,backend,CWAgent,diskio_read_bytes,name=nvme0n1p14,maximum,0.0
2026-09-30T16:22:00+00:00,backend,CWAgent,diskio_read_bytes,name=nvme0n1p14,maximum,0.0
2026-09-30T16:23:00+00:00,backend,CWAgent,diskio_read_bytes,name=nvme0n1p14,maximum,0.0
2026-09-30T16:24:00+00:00,backend,CWAgent,diskio_read_bytes,name=nvme0n1p14,maximum,0.0
2026-09-30T16:25:00+00:00,backend,CWAgent,diskio_read_bytes,name=nvme0n1p14,maximum,0.0
2026-09-30T16:13:00+00:00,backend,CWAgent,cpu_usage_system,cpu=cpu-total,average,5.630839154953357
2026-09-30T16:14:00+00:00,backend,CWAgent,cpu_usage_system,cpu=cpu-total,average,2.7966172653436407
2026-09-30T16:15:00+00:00,backend,CWAgent,cpu_usage_system,cpu=cpu-total,average,2.6842280760253434
2026-09-30T16:16:00+00:00,backend,CWAgent,cpu_usage_system,cpu=cpu-total,average,4.829210836278032
2026-09-30T16:17:00+00:00,backend,CWAgent,cpu_usage_system,cpu=cpu-total,average,9.739707383463694
2026-09-30T16:18:00+00:00,backend,CWAgent,cpu_usage_system,cpu=cpu-total,average,12.8871213403282
2026-09-30T16:19:00+00:00,backend,CWAgent,cpu_usage_system,cpu=cpu-total,average,12.82875264270639
2026-09-30T16:20:00+00:00,backend,CWAgent,cpu_usage_system,cpu=cpu-total,average,12.909473684210267
2026-09-30T16:21:00+00:00,backend,CWAgent,cpu_usage_system,cpu=cpu-total,average,13.158118567661875
2026-09-30T16:22:00+00:00,backend,CWAgent,cpu_usage_system,cpu=cpu-total,average,12.452156162286316
2026-09-30T16:23:00+00:00,backend,CWAgent,cpu_usage_system,cpu=cpu-total,average,11.11489651648078
2026-09-30T16:24:00+00:00,backend,CWAgent,cpu_usage_system,cpu=cpu-total,average,6.509226341628558
2026-09-30T16:25:00+00:00,backend,CWAgent,cpu_usage_system,cpu=cpu-total,average,2.7870773351188927
2026-09-30T16:13:00+00:00,backend,CWAgent,cpu_usage_system,cpu=cpu-total,maximum,5.630839154953357
2026-09-30T16:14:00+00:00,backend,CWAgent,cpu_usage_system,cpu=cpu-total,maximum,2.7966172653436407
2026-09-30T16:15:00+00:00,backend,CWAgent,cpu_usage_system,cpu=cpu-total,maximum,2.6842280760253434
2026-09-30T16:16:00+00:00,backend,CWAgent,cpu_usage_system,cpu=cpu-total,maximum,4.829210836278032
2026-09-30T16:17:00+00:00,backend,CWAgent,cpu_usage_system,cpu=cpu-total,maximum,9.739707383463694
2026-09-30T16:18:00+00:00,backend,CWAgent,cpu_usage_system,cpu=cpu-total,maximum,12.8871213403282
2026-09-30T16:19:00+00:00,backend,CWAgent,cpu_usage_system,cpu=cpu-total,maximum,12.82875264270639
2026-09-30T16:20:00+00:00,backend,CWAgent,cpu_usage_system,cpu=cpu-total,maximum,12.909473684210267
2026-09-30T16:21:00+00:00,backend,CWAgent,cpu_usage_system,cpu=cpu-total,maximum,13.158118567661875
2026-09-30T16:22:00+00:00,backend,CWAgent,cpu_usage_system,cpu=cpu-total,maximum,12.452156162286316
2026-09-30T16:23:00+00:00,backend,CWAgent,cpu_usage_system,cpu=cpu-total,maximum,11.11489651648078
2026-09-30T16:24:00+00:00,backend,CWAgent,cpu_usage_system,cpu=cpu-total,maximum,6.509226341628558
2026-09-30T16:25:00+00:00,backend,CWAgent,cpu_usage_system,cpu=cpu-total,maximum,2.7870773351188927
2026-09-30T16:13:00+00:00,backend,CWAgent,diskio_write_bytes,name=nvme0n1,average,520192.0
2026-09-30T16:14:00+00:00,backend,CWAgent,diskio_write_bytes,name=nvme0n1,average,327680.0
2026-09-30T16:15:00+00:00,backend,CWAgent,diskio_write_bytes,name=nvme0n1,average,159744.0
2026-09-30T16:16:00+00:00,backend,CWAgent,diskio_write_bytes,name=nvme0n1,average,2797568.0
2026-09-30T16:17:00+00:00,backend,CWAgent,diskio_write_bytes,name=nvme0n1,average,602112.0
2026-09-30T16:18:00+00:00,backend,CWAgent,diskio_write_bytes,name=nvme0n1,average,3235840.0
2026-09-30T16:19:00+00:00,backend,CWAgent,diskio_write_bytes,name=nvme0n1,average,1228800.0
2026-09-30T16:20:00+00:00,backend,CWAgent,diskio_write_bytes,name=nvme0n1,average,712704.0
2026-09-30T16:21:00+00:00,backend,CWAgent,diskio_write_bytes,name=nvme0n1,average,618496.0
2026-09-30T16:22:00+00:00,backend,CWAgent,diskio_write_bytes,name=nvme0n1,average,577536.0
2026-09-30T16:23:00+00:00,backend,CWAgent,diskio_write_bytes,name=nvme0n1,average,548864.0
2026-09-30T16:24:00+00:00,backend,CWAgent,diskio_write_bytes,name=nvme0n1,average,552960.0
2026-09-30T16:25:00+00:00,backend,CWAgent,diskio_write_bytes,name=nvme0n1,average,389120.0
2026-09-30T16:13:00+00:00,backend,CWAgent,diskio_write_bytes,name=nvme0n1,maximum,520192.0
2026-09-30T16:14:00+00:00,backend,CWAgent,diskio_write_bytes,name=nvme0n1,maximum,327680.0
2026-09-30T16:15:00+00:00,backend,CWAgent,diskio_write_bytes,name=nvme0n1,maximum,159744.0
2026-09-30T16:16:00+00:00,backend,CWAgent,diskio_write_bytes,name=nvme0n1,maximum,2797568.0
2026-09-30T16:17:00+00:00,backend,CWAgent,diskio_write_bytes,name=nvme0n1,maximum,602112.0
2026-09-30T16:18:00+00:00,backend,CWAgent,diskio_write_bytes,name=nvme0n1,maximum,3235840.0
2026-09-30T16:19:00+00:00,backend,CWAgent,diskio_write_bytes,name=nvme0n1,maximum,1228800.0
2026-09-30T16:20:00+00:00,backend,CWAgent,diskio_write_bytes,name=nvme0n1,maximum,712704.0
2026-09-30T16:21:00+00:00,backend,CWAgent,diskio_write_bytes,name=nvme0n1,maximum,618496.0
2026-09-30T16:22:00+00:00,backend,CWAgent,diskio_write_bytes,name=nvme0n1,maximum,577536.0
2026-09-30T16:23:00+00:00,backend,CWAgent,diskio_write_bytes,name=nvme0n1,maximum,548864.0
2026-09-30T16:24:00+00:00,backend,CWAgent,diskio_write_bytes,name=nvme0n1,maximum,552960.0
2026-09-30T16:25:00+00:00,backend,CWAgent,diskio_write_bytes,name=nvme0n1,maximum,389120.0
2026-09-30T16:13:00+00:00,backend,CWAgent,diskio_write_bytes,name=nvme0n1p15,average,0.0
2026-09-30T16:14:00+00:00,backend,CWAgent,diskio_write_bytes,name=nvme0n1p15,average,0.0
2026-09-30T16:15:00+00:00,backend,CWAgent,diskio_write_bytes,name=nvme0n1p15,average,0.0
2026-09-30T16:16:00+00:00,backend,CWAgent,diskio_write_bytes,name=nvme0n1p15,average,0.0
2026-09-30T16:17:00+00:00,backend,CWAgent,diskio_write_bytes,name=nvme0n1p15,average,0.0
2026-09-30T16:18:00+00:00,backend,CWAgent,diskio_write_bytes,name=nvme0n1p15,average,0.0
2026-09-30T16:19:00+00:00,backend,CWAgent,diskio_write_bytes,name=nvme0n1p15,average,0.0
2026-09-30T16:20:00+00:00,backend,CWAgent,diskio_write_bytes,name=nvme0n1p15,average,0.0
2026-09-30T16:21:00+00:00,backend,CWAgent,diskio_write_bytes,name=nvme0n1p15,average,0.0
2026-09-30T16:22:00+00:00,backend,CWAgent,diskio_write_bytes,name=nvme0n1p15,average,0.0
2026-09-30T16:23:00+00:00,backend,CWAgent,diskio_write_bytes,name=nvme0n1p15,average,0.0
2026-09-30T16:24:00+00:00,backend,CWAgent,diskio_write_bytes,name=nvme0n1p15,average,0.0
2026-09-30T16:25:00+00:00,backend,CWAgent,diskio_write_bytes,name=nvme0n1p15,average,0.0
2026-09-30T16:13:00+00:00,backend,CWAgent,diskio_write_bytes,name=nvme0n1p15,maximum,0.0
2026-09-30T16:14:00+00:00,backend,CWAgent,diskio_write_bytes,name=nvme0n1p15,maximum,0.0
2026-09-30T16:15:00+00:00,backend,CWAgent,diskio_write_bytes,name=nvme0n1p15,maximum,0.0
2026-09-30T16:16:00+00:00,backend,CWAgent,diskio_write_bytes,name=nvme0n1p15,maximum,0.0
2026-09-30T16:17:00+00:00,backend,CWAgent,diskio_write_bytes,name=nvme0n1p15,maximum,0.0
2026-09-30T16:18:00+00:00,backend,CWAgent,diskio_write_bytes,name=nvme0n1p15,maximum,0.0
2026-09-30T16:19:00+00:00,backend,CWAgent,diskio_write_bytes,name=nvme0n1p15,maximum,0.0
2026-09-30T16:20:00+00:00,backend,CWAgent,diskio_write_bytes,name=nvme0n1p15,maximum,0.0
2026-09-30T16:21:00+00:00,backend,CWAgent,diskio_write_bytes,name=nvme0n1p15,maximum,0.0
2026-09-30T16:22:00+00:00,backend,CWAgent,diskio_write_bytes,name=nvme0n1p15,maximum,0.0
2026-09-30T16:23:00+00:00,backend,CWAgent,diskio_write_bytes,name=nvme0n1p15,maximum,0.0
2026-09-30T16:24:00+00:00,backend,CWAgent,diskio_write_bytes,name=nvme0n1p15,maximum,0.0
2026-09-30T16:25:00+00:00,backend,CWAgent,diskio_write_bytes,name=nvme0n1p15,maximum,0.0
2026-09-30T16:13:00+00:00,backend,CWAgent,net_bytes_recv,interface=docker0,average,0.0
2026-09-30T16:14:00+00:00,backend,CWAgent,net_bytes_recv,interface=docker0,average,0.0
2026-09-30T16:15:00+00:00,backend,CWAgent,net_bytes_recv,interface=docker0,average,0.0
2026-09-30T16:16:00+00:00,backend,CWAgent,net_bytes_recv,interface=docker0,average,0.0
2026-09-30T16:17:00+00:00,backend,CWAgent,net_bytes_recv,interface=docker0,average,0.0
2026-09-30T16:18:00+00:00,backend,CWAgent,net_bytes_recv,interface=docker0,average,0.0
2026-09-30T16:19:00+00:00,backend,CWAgent,net_bytes_recv,interface=docker0,average,0.0
2026-09-30T16:20:00+00:00,backend,CWAgent,net_bytes_recv,interface=docker0,average,0.0
2026-09-30T16:21:00+00:00,backend,CWAgent,net_bytes_recv,interface=docker0,average,0.0
2026-09-30T16:22:00+00:00,backend,CWAgent,net_bytes_recv,interface=docker0,average,0.0
2026-09-30T16:23:00+00:00,backend,CWAgent,net_bytes_recv,interface=docker0,average,0.0
2026-09-30T16:24:00+00:00,backend,CWAgent,net_bytes_recv,interface=docker0,average,0.0
2026-09-30T16:25:00+00:00,backend,CWAgent,net_bytes_recv,interface=docker0,average,0.0
2026-09-30T16:13:00+00:00,backend,CWAgent,net_bytes_recv,interface=docker0,maximum,0.0
2026-09-30T16:14:00+00:00,backend,CWAgent,net_bytes_recv,interface=docker0,maximum,0.0
2026-09-30T16:15:00+00:00,backend,CWAgent,net_bytes_recv,interface=docker0,maximum,0.0
2026-09-30T16:16:00+00:00,backend,CWAgent,net_bytes_recv,interface=docker0,maximum,0.0
2026-09-30T16:17:00+00:00,backend,CWAgent,net_bytes_recv,interface=docker0,maximum,0.0
2026-09-30T16:18:00+00:00,backend,CWAgent,net_bytes_recv,interface=docker0,maximum,0.0
2026-09-30T16:19:00+00:00,backend,CWAgent,net_bytes_recv,interface=docker0,maximum,0.0
2026-09-30T16:20:00+00:00,backend,CWAgent,net_bytes_recv,interface=docker0,maximum,0.0
2026-09-30T16:21:00+00:00,backend,CWAgent,net_bytes_recv,interface=docker0,maximum,0.0
2026-09-30T16:22:00+00:00,backend,CWAgent,net_bytes_recv,interface=docker0,maximum,0.0
2026-09-30T16:23:00+00:00,backend,CWAgent,net_bytes_recv,interface=docker0,maximum,0.0
2026-09-30T16:24:00+00:00,backend,CWAgent,net_bytes_recv,interface=docker0,maximum,0.0
2026-09-30T16:25:00+00:00,backend,CWAgent,net_bytes_recv,interface=docker0,maximum,0.0
2026-09-30T16:13:00+00:00,backend,CWAgent,cpu_usage_steal,cpu=cpu-total,average,0.8164295934685658
2026-09-30T16:14:00+00:00,backend,CWAgent,cpu_usage_steal,cpu=cpu-total,average,0.4437745959976554
2026-09-30T16:15:00+00:00,backend,CWAgent,cpu_usage_steal,cpu=cpu-total,average,0.891963987995986
2026-09-30T16:16:00+00:00,backend,CWAgent,cpu_usage_steal,cpu=cpu-total,average,0.8918054854450727
2026-09-30T16:17:00+00:00,backend,CWAgent,cpu_usage_steal,cpu=cpu-total,average,1.2674379040489898
2026-09-30T16:18:00+00:00,backend,CWAgent,cpu_usage_steal,cpu=cpu-total,average,1.2184802843120615
2026-09-30T16:19:00+00:00,backend,CWAgent,cpu_usage_steal,cpu=cpu-total,average,0.23678646934461348
2026-09-30T16:20:00+00:00,backend,CWAgent,cpu_usage_steal,cpu=cpu-total,average,1.9199999999999715
2026-09-30T16:21:00+00:00,backend,CWAgent,cpu_usage_steal,cpu=cpu-total,average,0.6974568342264142
2026-09-30T16:22:00+00:00,backend,CWAgent,cpu_usage_steal,cpu=cpu-total,average,0.38275070170961106
2026-09-30T16:23:00+00:00,backend,CWAgent,cpu_usage_steal,cpu=cpu-total,average,0.6984072906907369
2026-09-30T16:24:00+00:00,backend,CWAgent,cpu_usage_steal,cpu=cpu-total,average,1.7521584560690975
2026-09-30T16:25:00+00:00,backend,CWAgent,cpu_usage_steal,cpu=cpu-total,average,0.5523937060595907
2026-09-30T16:13:00+00:00,backend,CWAgent,cpu_usage_steal,cpu=cpu-total,maximum,0.8164295934685658
2026-09-30T16:14:00+00:00,backend,CWAgent,cpu_usage_steal,cpu=cpu-total,maximum,0.4437745959976554
2026-09-30T16:15:00+00:00,backend,CWAgent,cpu_usage_steal,cpu=cpu-total,maximum,0.891963987995986
2026-09-30T16:16:00+00:00,backend,CWAgent,cpu_usage_steal,cpu=cpu-total,maximum,0.8918054854450727
2026-09-30T16:17:00+00:00,backend,CWAgent,cpu_usage_steal,cpu=cpu-total,maximum,1.2674379040489898
2026-09-30T16:18:00+00:00,backend,CWAgent,cpu_usage_steal,cpu=cpu-total,maximum,1.2184802843120615
2026-09-30T16:19:00+00:00,backend,CWAgent,cpu_usage_steal,cpu=cpu-total,maximum,0.23678646934461348
2026-09-30T16:20:00+00:00,backend,CWAgent,cpu_usage_steal,cpu=cpu-total,maximum,1.9199999999999715
2026-09-30T16:21:00+00:00,backend,CWAgent,cpu_usage_steal,cpu=cpu-total,maximum,0.6974568342264142
2026-09-30T16:22:00+00:00,backend,CWAgent,cpu_usage_steal,cpu=cpu-total,maximum,0.38275070170961106
2026-09-30T16:23:00+00:00,backend,CWAgent,cpu_usage_steal,cpu=cpu-total,maximum,0.6984072906907369
2026-09-30T16:24:00+00:00,backend,CWAgent,cpu_usage_steal,cpu=cpu-total,maximum,1.7521584560690975
2026-09-30T16:25:00+00:00,backend,CWAgent,cpu_usage_steal,cpu=cpu-total,maximum,0.5523937060595907
2026-09-30T16:13:00+00:00,backend,CWAgent,net_bytes_sent,interface=docker0,average,0.0
2026-09-30T16:14:00+00:00,backend,CWAgent,net_bytes_sent,interface=docker0,average,0.0
2026-09-30T16:15:00+00:00,backend,CWAgent,net_bytes_sent,interface=docker0,average,0.0
2026-09-30T16:16:00+00:00,backend,CWAgent,net_bytes_sent,interface=docker0,average,0.0
2026-09-30T16:17:00+00:00,backend,CWAgent,net_bytes_sent,interface=docker0,average,0.0
2026-09-30T16:18:00+00:00,backend,CWAgent,net_bytes_sent,interface=docker0,average,0.0
2026-09-30T16:19:00+00:00,backend,CWAgent,net_bytes_sent,interface=docker0,average,0.0
2026-09-30T16:20:00+00:00,backend,CWAgent,net_bytes_sent,interface=docker0,average,0.0
2026-09-30T16:21:00+00:00,backend,CWAgent,net_bytes_sent,interface=docker0,average,0.0
2026-09-30T16:22:00+00:00,backend,CWAgent,net_bytes_sent,interface=docker0,average,0.0
2026-09-30T16:23:00+00:00,backend,CWAgent,net_bytes_sent,interface=docker0,average,0.0
2026-09-30T16:24:00+00:00,backend,CWAgent,net_bytes_sent,interface=docker0,average,0.0
2026-09-30T16:25:00+00:00,backend,CWAgent,net_bytes_sent,interface=docker0,average,0.0
2026-09-30T16:13:00+00:00,backend,CWAgent,net_bytes_sent,interface=docker0,maximum,0.0
2026-09-30T16:14:00+00:00,backend,CWAgent,net_bytes_sent,interface=docker0,maximum,0.0
2026-09-30T16:15:00+00:00,backend,CWAgent,net_bytes_sent,interface=docker0,maximum,0.0
2026-09-30T16:16:00+00:00,backend,CWAgent,net_bytes_sent,interface=docker0,maximum,0.0
2026-09-30T16:17:00+00:00,backend,CWAgent,net_bytes_sent,interface=docker0,maximum,0.0
2026-09-30T16:18:00+00:00,backend,CWAgent,net_bytes_sent,interface=docker0,maximum,0.0
2026-09-30T16:19:00+00:00,backend,CWAgent,net_bytes_sent,interface=docker0,maximum,0.0
2026-09-30T16:20:00+00:00,backend,CWAgent,net_bytes_sent,interface=docker0,maximum,0.0
2026-09-30T16:21:00+00:00,backend,CWAgent,net_bytes_sent,interface=docker0,maximum,0.0
2026-09-30T16:22:00+00:00,backend,CWAgent,net_bytes_sent,interface=docker0,maximum,0.0
2026-09-30T16:23:00+00:00,backend,CWAgent,net_bytes_sent,interface=docker0,maximum,0.0
2026-09-30T16:24:00+00:00,backend,CWAgent,net_bytes_sent,interface=docker0,maximum,0.0
2026-09-30T16:25:00+00:00,backend,CWAgent,net_bytes_sent,interface=docker0,maximum,0.0
2026-09-30T16:13:00+00:00,backend,CWAgent,cpu_usage_idle,cpu=cpu-total,average,73.89108660887082
2026-09-30T16:14:00+00:00,backend,CWAgent,cpu_usage_idle,cpu=cpu-total,average,94.86728627648063
2026-09-30T16:15:00+00:00,backend,CWAgent,cpu_usage_idle,cpu=cpu-total,average,94.66488829609753
2026-09-30T16:16:00+00:00,backend,CWAgent,cpu_usage_idle,cpu=cpu-total,average,79.63149924280718
2026-09-30T16:17:00+00:00,backend,CWAgent,cpu_usage_idle,cpu=cpu-total,average,47.58421231711457
2026-09-30T16:18:00+00:00,backend,CWAgent,cpu_usage_idle,cpu=cpu-total,average,28.143509900152427
2026-09-30T16:19:00+00:00,backend,CWAgent,cpu_usage_idle,cpu=cpu-total,average,26.613107822410004
2026-09-30T16:20:00+00:00,backend,CWAgent,cpu_usage_idle,cpu=cpu-total,average,24.7242105263159
2026-09-30T16:21:00+00:00,backend,CWAgent,cpu_usage_idle,cpu=cpu-total,average,26.520370842902413
2026-09-30T16:22:00+00:00,backend,CWAgent,cpu_usage_idle,cpu=cpu-total,average,27.00518839840102
2026-09-30T16:23:00+00:00,backend,CWAgent,cpu_usage_idle,cpu=cpu-total,average,37.63733923856464
2026-09-30T16:24:00+00:00,backend,CWAgent,cpu_usage_idle,cpu=cpu-total,average,67.46233282546227
2026-09-30T16:25:00+00:00,backend,CWAgent,cpu_usage_idle,cpu=cpu-total,average,94.07432206226987
2026-09-30T16:13:00+00:00,backend,CWAgent,cpu_usage_idle,cpu=cpu-total,maximum,73.89108660887082
2026-09-30T16:14:00+00:00,backend,CWAgent,cpu_usage_idle,cpu=cpu-total,maximum,94.86728627648063
2026-09-30T16:15:00+00:00,backend,CWAgent,cpu_usage_idle,cpu=cpu-total,maximum,94.66488829609753
2026-09-30T16:16:00+00:00,backend,CWAgent,cpu_usage_idle,cpu=cpu-total,maximum,79.63149924280718
2026-09-30T16:17:00+00:00,backend,CWAgent,cpu_usage_idle,cpu=cpu-total,maximum,47.58421231711457
2026-09-30T16:18:00+00:00,backend,CWAgent,cpu_usage_idle,cpu=cpu-total,maximum,28.143509900152427
2026-09-30T16:19:00+00:00,backend,CWAgent,cpu_usage_idle,cpu=cpu-total,maximum,26.613107822410004
2026-09-30T16:20:00+00:00,backend,CWAgent,cpu_usage_idle,cpu=cpu-total,maximum,24.7242105263159
2026-09-30T16:21:00+00:00,backend,CWAgent,cpu_usage_idle,cpu=cpu-total,maximum,26.520370842902413
2026-09-30T16:22:00+00:00,backend,CWAgent,cpu_usage_idle,cpu=cpu-total,maximum,27.00518839840102
2026-09-30T16:23:00+00:00,backend,CWAgent,cpu_usage_idle,cpu=cpu-total,maximum,37.63733923856464
2026-09-30T16:24:00+00:00,backend,CWAgent,cpu_usage_idle,cpu=cpu-total,maximum,67.46233282546227
2026-09-30T16:25:00+00:00,backend,CWAgent,cpu_usage_idle,cpu=cpu-total,maximum,94.07432206226987
2026-09-30T16:13:00+00:00,backend,CWAgent,diskio_reads,name=nvme0n1,average,317.0
2026-09-30T16:14:00+00:00,backend,CWAgent,diskio_reads,name=nvme0n1,average,436.0
2026-09-30T16:15:00+00:00,backend,CWAgent,diskio_reads,name=nvme0n1,average,62.0
2026-09-30T16:16:00+00:00,backend,CWAgent,diskio_reads,name=nvme0n1,average,1515.0
2026-09-30T16:17:00+00:00,backend,CWAgent,diskio_reads,name=nvme0n1,average,1177.0
2026-09-30T16:18:00+00:00,backend,CWAgent,diskio_reads,name=nvme0n1,average,758.0
2026-09-30T16:19:00+00:00,backend,CWAgent,diskio_reads,name=nvme0n1,average,617.0
2026-09-30T16:20:00+00:00,backend,CWAgent,diskio_reads,name=nvme0n1,average,212.0
2026-09-30T16:21:00+00:00,backend,CWAgent,diskio_reads,name=nvme0n1,average,87.0
2026-09-30T16:22:00+00:00,backend,CWAgent,diskio_reads,name=nvme0n1,average,34.0
2026-09-30T16:23:00+00:00,backend,CWAgent,diskio_reads,name=nvme0n1,average,121.0
2026-09-30T16:24:00+00:00,backend,CWAgent,diskio_reads,name=nvme0n1,average,15.0
2026-09-30T16:25:00+00:00,backend,CWAgent,diskio_reads,name=nvme0n1,average,65.0
2026-09-30T16:13:00+00:00,backend,CWAgent,diskio_reads,name=nvme0n1,maximum,317.0
2026-09-30T16:14:00+00:00,backend,CWAgent,diskio_reads,name=nvme0n1,maximum,436.0
2026-09-30T16:15:00+00:00,backend,CWAgent,diskio_reads,name=nvme0n1,maximum,62.0
2026-09-30T16:16:00+00:00,backend,CWAgent,diskio_reads,name=nvme0n1,maximum,1515.0
2026-09-30T16:17:00+00:00,backend,CWAgent,diskio_reads,name=nvme0n1,maximum,1177.0
2026-09-30T16:18:00+00:00,backend,CWAgent,diskio_reads,name=nvme0n1,maximum,758.0
2026-09-30T16:19:00+00:00,backend,CWAgent,diskio_reads,name=nvme0n1,maximum,617.0
2026-09-30T16:20:00+00:00,backend,CWAgent,diskio_reads,name=nvme0n1,maximum,212.0
2026-09-30T16:21:00+00:00,backend,CWAgent,diskio_reads,name=nvme0n1,maximum,87.0
2026-09-30T16:22:00+00:00,backend,CWAgent,diskio_reads,name=nvme0n1,maximum,34.0
2026-09-30T16:23:00+00:00,backend,CWAgent,diskio_reads,name=nvme0n1,maximum,121.0
2026-09-30T16:24:00+00:00,backend,CWAgent,diskio_reads,name=nvme0n1,maximum,15.0
2026-09-30T16:25:00+00:00,backend,CWAgent,diskio_reads,name=nvme0n1,maximum,65.0
2026-09-30T16:13:00+00:00,backend,CWAgent,procstat_cpu_usage,exe=containerd;process_name=containerd,average,0.05001387068518621
2026-09-30T16:14:00+00:00,backend,CWAgent,procstat_cpu_usage,exe=containerd;process_name=containerd,average,0.08332929721077185
2026-09-30T16:15:00+00:00,backend,CWAgent,procstat_cpu_usage,exe=containerd;process_name=containerd,average,0.04999866210663536
2026-09-30T16:16:00+00:00,backend,CWAgent,procstat_cpu_usage,exe=containerd;process_name=containerd,average,0.08333958962243163
2026-09-30T16:17:00+00:00,backend,CWAgent,procstat_cpu_usage,exe=containerd;process_name=containerd,average,0.08333252646059157
2026-09-30T16:18:00+00:00,backend,CWAgent,procstat_cpu_usage,exe=containerd;process_name=containerd,average,0.08330280621196093
2026-09-30T16:19:00+00:00,backend,CWAgent,procstat_cpu_usage,exe=containerd;process_name=containerd,average,0.08335885513062039
2026-09-30T16:20:00+00:00,backend,CWAgent,procstat_cpu_usage,exe=containerd;process_name=containerd,average,0.08333759414840014
2026-09-30T16:21:00+00:00,backend,CWAgent,procstat_cpu_usage,exe=containerd;process_name=containerd,average,0.06666613253650025
2026-09-30T16:22:00+00:00,backend,CWAgent,procstat_cpu_usage,exe=containerd;process_name=containerd,average,0.08333500376265118
2026-09-30T16:23:00+00:00,backend,CWAgent,procstat_cpu_usage,exe=containerd;process_name=containerd,average,0.06666520008115127
2026-09-30T16:24:00+00:00,backend,CWAgent,procstat_cpu_usage,exe=containerd;process_name=containerd,average,0.10000191003981895
2026-09-30T16:25:00+00:00,backend,CWAgent,procstat_cpu_usage,exe=containerd;process_name=containerd,average,0.0666674720530615
2026-09-30T16:13:00+00:00,backend,CWAgent,procstat_cpu_usage,exe=containerd;process_name=containerd,maximum,0.05001387068518621
2026-09-30T16:14:00+00:00,backend,CWAgent,procstat_cpu_usage,exe=containerd;process_name=containerd,maximum,0.08332929721077185
2026-09-30T16:15:00+00:00,backend,CWAgent,procstat_cpu_usage,exe=containerd;process_name=containerd,maximum,0.04999866210663536
2026-09-30T16:16:00+00:00,backend,CWAgent,procstat_cpu_usage,exe=containerd;process_name=containerd,maximum,0.08333958962243163
2026-09-30T16:17:00+00:00,backend,CWAgent,procstat_cpu_usage,exe=containerd;process_name=containerd,maximum,0.08333252646059157
2026-09-30T16:18:00+00:00,backend,CWAgent,procstat_cpu_usage,exe=containerd;process_name=containerd,maximum,0.08330280621196093
2026-09-30T16:19:00+00:00,backend,CWAgent,procstat_cpu_usage,exe=containerd;process_name=containerd,maximum,0.08335885513062039
2026-09-30T16:20:00+00:00,backend,CWAgent,procstat_cpu_usage,exe=containerd;process_name=containerd,maximum,0.08333759414840014
2026-09-30T16:21:00+00:00,backend,CWAgent,procstat_cpu_usage,exe=containerd;process_name=containerd,maximum,0.06666613253650025
2026-09-30T16:22:00+00:00,backend,CWAgent,procstat_cpu_usage,exe=containerd;process_name=containerd,maximum,0.08333500376265118
2026-09-30T16:23:00+00:00,backend,CWAgent,procstat_cpu_usage,exe=containerd;process_name=containerd,maximum,0.06666520008115127
2026-09-30T16:24:00+00:00,backend,CWAgent,procstat_cpu_usage,exe=containerd;process_name=containerd,maximum,0.10000191003981895
2026-09-30T16:25:00+00:00,backend,CWAgent,procstat_cpu_usage,exe=containerd;process_name=containerd,maximum,0.0666674720530615
2026-09-30T16:13:00+00:00,backend,CWAgent,net_bytes_recv,interface=br-dbf96cd2fd10,average,43455248.0
2026-09-30T16:14:00+00:00,backend,CWAgent,net_bytes_recv,interface=br-dbf96cd2fd10,average,156092.0
2026-09-30T16:15:00+00:00,backend,CWAgent,net_bytes_recv,interface=br-dbf96cd2fd10,average,768.0
2026-09-30T16:16:00+00:00,backend,CWAgent,net_bytes_recv,interface=br-dbf96cd2fd10,average,30954050.0
2026-09-30T16:17:00+00:00,backend,CWAgent,net_bytes_recv,interface=br-dbf96cd2fd10,average,110806399.0
2026-09-30T16:18:00+00:00,backend,CWAgent,net_bytes_recv,interface=br-dbf96cd2fd10,average,161831358.0
2026-09-30T16:19:00+00:00,backend,CWAgent,net_bytes_recv,interface=br-dbf96cd2fd10,average,162755381.0
2026-09-30T16:20:00+00:00,backend,CWAgent,net_bytes_recv,interface=br-dbf96cd2fd10,average,161981752.0
2026-09-30T16:21:00+00:00,backend,CWAgent,net_bytes_recv,interface=br-dbf96cd2fd10,average,162775908.0
2026-09-30T16:22:00+00:00,backend,CWAgent,net_bytes_recv,interface=br-dbf96cd2fd10,average,162808856.0
2026-09-30T16:23:00+00:00,backend,CWAgent,net_bytes_recv,interface=br-dbf96cd2fd10,average,135645358.0
2026-09-30T16:24:00+00:00,backend,CWAgent,net_bytes_recv,interface=br-dbf96cd2fd10,average,56567928.0
2026-09-30T16:25:00+00:00,backend,CWAgent,net_bytes_recv,interface=br-dbf96cd2fd10,average,1611594.0
2026-09-30T16:13:00+00:00,backend,CWAgent,net_bytes_recv,interface=br-dbf96cd2fd10,maximum,43455248.0
2026-09-30T16:14:00+00:00,backend,CWAgent,net_bytes_recv,interface=br-dbf96cd2fd10,maximum,156092.0
2026-09-30T16:15:00+00:00,backend,CWAgent,net_bytes_recv,interface=br-dbf96cd2fd10,maximum,768.0
2026-09-30T16:16:00+00:00,backend,CWAgent,net_bytes_recv,interface=br-dbf96cd2fd10,maximum,30954050.0
2026-09-30T16:17:00+00:00,backend,CWAgent,net_bytes_recv,interface=br-dbf96cd2fd10,maximum,110806399.0
2026-09-30T16:18:00+00:00,backend,CWAgent,net_bytes_recv,interface=br-dbf96cd2fd10,maximum,161831358.0
2026-09-30T16:19:00+00:00,backend,CWAgent,net_bytes_recv,interface=br-dbf96cd2fd10,maximum,162755381.0
2026-09-30T16:20:00+00:00,backend,CWAgent,net_bytes_recv,interface=br-dbf96cd2fd10,maximum,161981752.0
2026-09-30T16:21:00+00:00,backend,CWAgent,net_bytes_recv,interface=br-dbf96cd2fd10,maximum,162775908.0
2026-09-30T16:22:00+00:00,backend,CWAgent,net_bytes_recv,interface=br-dbf96cd2fd10,maximum,162808856.0
2026-09-30T16:23:00+00:00,backend,CWAgent,net_bytes_recv,interface=br-dbf96cd2fd10,maximum,135645358.0
2026-09-30T16:24:00+00:00,backend,CWAgent,net_bytes_recv,interface=br-dbf96cd2fd10,maximum,56567928.0
2026-09-30T16:25:00+00:00,backend,CWAgent,net_bytes_recv,interface=br-dbf96cd2fd10,maximum,1611594.0
2026-09-30T16:13:00+00:00,backend,CWAgent,net_bytes_sent,interface=vethaa909a3,average,12838422.0
2026-09-30T16:14:00+00:00,backend,CWAgent,net_bytes_sent,interface=vethaa909a3,average,304599.0
2026-09-30T16:15:00+00:00,backend,CWAgent,net_bytes_sent,interface=vethaa909a3,average,537.0
2026-09-30T16:16:00+00:00,backend,CWAgent,net_bytes_sent,interface=vethaa909a3,average,9022751.0
2026-09-30T16:17:00+00:00,backend,CWAgent,net_bytes_sent,interface=vethaa909a3,average,32030006.0
2026-09-30T16:18:00+00:00,backend,CWAgent,net_bytes_sent,interface=vethaa909a3,average,46240782.0
2026-09-30T16:19:00+00:00,backend,CWAgent,net_bytes_sent,interface=vethaa909a3,average,46562839.0
2026-09-30T16:20:00+00:00,backend,CWAgent,net_bytes_sent,interface=vethaa909a3,average,46121979.0
2026-09-30T16:21:00+00:00,backend,CWAgent,net_bytes_sent,interface=vethaa909a3,average,46570147.0
2026-09-30T16:22:00+00:00,backend,CWAgent,net_bytes_sent,interface=vethaa909a3,average,46571059.0
2026-09-30T16:23:00+00:00,backend,CWAgent,net_bytes_sent,interface=vethaa909a3,average,38881857.0
2026-09-30T16:24:00+00:00,backend,CWAgent,net_bytes_sent,interface=vethaa909a3,average,16583414.0
2026-09-30T16:25:00+00:00,backend,CWAgent,net_bytes_sent,interface=vethaa909a3,average,766672.0
2026-09-30T16:13:00+00:00,backend,CWAgent,net_bytes_sent,interface=vethaa909a3,maximum,12838422.0
2026-09-30T16:14:00+00:00,backend,CWAgent,net_bytes_sent,interface=vethaa909a3,maximum,304599.0
2026-09-30T16:15:00+00:00,backend,CWAgent,net_bytes_sent,interface=vethaa909a3,maximum,537.0
2026-09-30T16:16:00+00:00,backend,CWAgent,net_bytes_sent,interface=vethaa909a3,maximum,9022751.0
2026-09-30T16:17:00+00:00,backend,CWAgent,net_bytes_sent,interface=vethaa909a3,maximum,32030006.0
2026-09-30T16:18:00+00:00,backend,CWAgent,net_bytes_sent,interface=vethaa909a3,maximum,46240782.0
2026-09-30T16:19:00+00:00,backend,CWAgent,net_bytes_sent,interface=vethaa909a3,maximum,46562839.0
2026-09-30T16:20:00+00:00,backend,CWAgent,net_bytes_sent,interface=vethaa909a3,maximum,46121979.0
2026-09-30T16:21:00+00:00,backend,CWAgent,net_bytes_sent,interface=vethaa909a3,maximum,46570147.0
2026-09-30T16:22:00+00:00,backend,CWAgent,net_bytes_sent,interface=vethaa909a3,maximum,46571059.0
2026-09-30T16:23:00+00:00,backend,CWAgent,net_bytes_sent,interface=vethaa909a3,maximum,38881857.0
2026-09-30T16:24:00+00:00,backend,CWAgent,net_bytes_sent,interface=vethaa909a3,maximum,16583414.0
2026-09-30T16:25:00+00:00,backend,CWAgent,net_bytes_sent,interface=vethaa909a3,maximum,766672.0
2026-09-30T16:13:00+00:00,backend,CWAgent,procstat_cpu_usage,exe=redis-server;process_name=redis-server,average,4.283343429959066
2026-09-30T16:14:00+00:00,backend,CWAgent,procstat_cpu_usage,exe=redis-server;process_name=redis-server,average,0.4666680932088545
2026-09-30T16:15:00+00:00,backend,CWAgent,procstat_cpu_usage,exe=redis-server;process_name=redis-server,average,0.5166729087297656
2026-09-30T16:16:00+00:00,backend,CWAgent,procstat_cpu_usage,exe=redis-server;process_name=redis-server,average,3.2499561505083743
2026-09-30T16:17:00+00:00,backend,CWAgent,procstat_cpu_usage,exe=redis-server;process_name=redis-server,average,9.282905465035768
2026-09-30T16:18:00+00:00,backend,CWAgent,procstat_cpu_usage,exe=redis-server;process_name=redis-server,average,12.616094085867372
2026-09-30T16:19:00+00:00,backend,CWAgent,procstat_cpu_usage,exe=redis-server;process_name=redis-server,average,12.617414211868208
2026-09-30T16:20:00+00:00,backend,CWAgent,procstat_cpu_usage,exe=redis-server;process_name=redis-server,average,12.933861567113661
2026-09-30T16:21:00+00:00,backend,CWAgent,procstat_cpu_usage,exe=redis-server;process_name=redis-server,average,12.682444546351304
2026-09-30T16:22:00+00:00,backend,CWAgent,procstat_cpu_usage,exe=redis-server;process_name=redis-server,average,12.484160567519787
2026-09-30T16:23:00+00:00,backend,CWAgent,procstat_cpu_usage,exe=redis-server;process_name=redis-server,average,10.7165186243917
2026-09-30T16:24:00+00:00,backend,CWAgent,procstat_cpu_usage,exe=redis-server;process_name=redis-server,average,5.383457258186616
2026-09-30T16:25:00+00:00,backend,CWAgent,procstat_cpu_usage,exe=redis-server;process_name=redis-server,average,0.6166644453796756
2026-09-30T16:13:00+00:00,backend,CWAgent,procstat_cpu_usage,exe=redis-server;process_name=redis-server,maximum,4.283343429959066
2026-09-30T16:14:00+00:00,backend,CWAgent,procstat_cpu_usage,exe=redis-server;process_name=redis-server,maximum,0.4666680932088545
2026-09-30T16:15:00+00:00,backend,CWAgent,procstat_cpu_usage,exe=redis-server;process_name=redis-server,maximum,0.5166729087297656
2026-09-30T16:16:00+00:00,backend,CWAgent,procstat_cpu_usage,exe=redis-server;process_name=redis-server,maximum,3.2499561505083743
2026-09-30T16:17:00+00:00,backend,CWAgent,procstat_cpu_usage,exe=redis-server;process_name=redis-server,maximum,9.282905465035768
2026-09-30T16:18:00+00:00,backend,CWAgent,procstat_cpu_usage,exe=redis-server;process_name=redis-server,maximum,12.616094085867372
2026-09-30T16:19:00+00:00,backend,CWAgent,procstat_cpu_usage,exe=redis-server;process_name=redis-server,maximum,12.617414211868208
2026-09-30T16:20:00+00:00,backend,CWAgent,procstat_cpu_usage,exe=redis-server;process_name=redis-server,maximum,12.933861567113661
2026-09-30T16:21:00+00:00,backend,CWAgent,procstat_cpu_usage,exe=redis-server;process_name=redis-server,maximum,12.682444546351304
2026-09-30T16:22:00+00:00,backend,CWAgent,procstat_cpu_usage,exe=redis-server;process_name=redis-server,maximum,12.484160567519787
2026-09-30T16:23:00+00:00,backend,CWAgent,procstat_cpu_usage,exe=redis-server;process_name=redis-server,maximum,10.7165186243917
2026-09-30T16:24:00+00:00,backend,CWAgent,procstat_cpu_usage,exe=redis-server;process_name=redis-server,maximum,5.383457258186616
2026-09-30T16:25:00+00:00,backend,CWAgent,procstat_cpu_usage,exe=redis-server;process_name=redis-server,maximum,0.6166644453796756
2026-09-30T16:13:00+00:00,backend,CWAgent,procstat_cpu_usage,exe=java;process_name=java,average,35.44539787572731
2026-09-30T16:14:00+00:00,backend,CWAgent,procstat_cpu_usage,exe=java;process_name=java,average,0.500009760557503
2026-09-30T16:15:00+00:00,backend,CWAgent,procstat_cpu_usage,exe=java;process_name=java,average,0.26662958437930695
2026-09-30T16:16:00+00:00,backend,CWAgent,procstat_cpu_usage,exe=java;process_name=java,average,24.73555370299684
2026-09-30T16:17:00+00:00,backend,CWAgent,procstat_cpu_usage,exe=java;process_name=java,average,81.00638684006697
2026-09-30T16:18:00+00:00,backend,CWAgent,procstat_cpu_usage,exe=java;process_name=java,average,115.9389872997726
2026-09-30T16:19:00+00:00,backend,CWAgent,procstat_cpu_usage,exe=java;process_name=java,average,119.04731858890725
2026-09-30T16:20:00+00:00,backend,CWAgent,procstat_cpu_usage,exe=java;process_name=java,average,121.9687025804475
2026-09-30T16:21:00+00:00,backend,CWAgent,procstat_cpu_usage,exe=java;process_name=java,average,119.73207466807006
2026-09-30T16:22:00+00:00,backend,CWAgent,procstat_cpu_usage,exe=java;process_name=java,average,118.81473060043393
2026-09-30T16:23:00+00:00,backend,CWAgent,procstat_cpu_usage,exe=java;process_name=java,average,99.59606344985346
2026-09-30T16:24:00+00:00,backend,CWAgent,procstat_cpu_usage,exe=java;process_name=java,average,46.69116619201378
2026-09-30T16:25:00+00:00,backend,CWAgent,procstat_cpu_usage,exe=java;process_name=java,average,1.7667261508940078
2026-09-30T16:13:00+00:00,backend,CWAgent,procstat_cpu_usage,exe=java;process_name=java,maximum,35.44539787572731
2026-09-30T16:14:00+00:00,backend,CWAgent,procstat_cpu_usage,exe=java;process_name=java,maximum,0.500009760557503
2026-09-30T16:15:00+00:00,backend,CWAgent,procstat_cpu_usage,exe=java;process_name=java,maximum,0.26662958437930695
2026-09-30T16:16:00+00:00,backend,CWAgent,procstat_cpu_usage,exe=java;process_name=java,maximum,24.73555370299684
2026-09-30T16:17:00+00:00,backend,CWAgent,procstat_cpu_usage,exe=java;process_name=java,maximum,81.00638684006697
2026-09-30T16:18:00+00:00,backend,CWAgent,procstat_cpu_usage,exe=java;process_name=java,maximum,115.9389872997726
2026-09-30T16:19:00+00:00,backend,CWAgent,procstat_cpu_usage,exe=java;process_name=java,maximum,119.04731858890725
2026-09-30T16:20:00+00:00,backend,CWAgent,procstat_cpu_usage,exe=java;process_name=java,maximum,121.9687025804475
2026-09-30T16:21:00+00:00,backend,CWAgent,procstat_cpu_usage,exe=java;process_name=java,maximum,119.73207466807006
2026-09-30T16:22:00+00:00,backend,CWAgent,procstat_cpu_usage,exe=java;process_name=java,maximum,118.81473060043393
2026-09-30T16:23:00+00:00,backend,CWAgent,procstat_cpu_usage,exe=java;process_name=java,maximum,99.59606344985346
2026-09-30T16:24:00+00:00,backend,CWAgent,procstat_cpu_usage,exe=java;process_name=java,maximum,46.69116619201378
2026-09-30T16:25:00+00:00,backend,CWAgent,procstat_cpu_usage,exe=java;process_name=java,maximum,1.7667261508940078
2026-09-30T16:13:00+00:00,backend,CWAgent,net_bytes_recv,interface=veth342b8e3,average,1030598.0
2026-09-30T16:14:00+00:00,backend,CWAgent,net_bytes_recv,interface=veth342b8e3,average,0.0
2026-09-30T16:15:00+00:00,backend,CWAgent,net_bytes_recv,interface=veth342b8e3,average,0.0
2026-09-30T16:16:00+00:00,backend,CWAgent,net_bytes_recv,interface=veth342b8e3,average,742776.0
2026-09-30T16:17:00+00:00,backend,CWAgent,net_bytes_recv,interface=veth342b8e3,average,2613068.0
2026-09-30T16:18:00+00:00,backend,CWAgent,net_bytes_recv,interface=veth342b8e3,average,3637972.0
2026-09-30T16:19:00+00:00,backend,CWAgent,net_bytes_recv,interface=veth342b8e3,average,3688416.0
2026-09-30T16:20:00+00:00,backend,CWAgent,net_bytes_recv,interface=veth342b8e3,average,3579772.0
2026-09-30T16:21:00+00:00,backend,CWAgent,net_bytes_recv,interface=veth342b8e3,average,3666116.0
2026-09-30T16:22:00+00:00,backend,CWAgent,net_bytes_recv,interface=veth342b8e3,average,3664834.0
2026-09-30T16:23:00+00:00,backend,CWAgent,net_bytes_recv,interface=veth342b8e3,average,3130516.0
2026-09-30T16:24:00+00:00,backend,CWAgent,net_bytes_recv,interface=veth342b8e3,average,1328864.0
2026-09-30T16:25:00+00:00,backend,CWAgent,net_bytes_recv,interface=veth342b8e3,average,33110.0
2026-09-30T16:13:00+00:00,backend,CWAgent,net_bytes_recv,interface=veth342b8e3,maximum,1030598.0
2026-09-30T16:14:00+00:00,backend,CWAgent,net_bytes_recv,interface=veth342b8e3,maximum,0.0
2026-09-30T16:15:00+00:00,backend,CWAgent,net_bytes_recv,interface=veth342b8e3,maximum,0.0
2026-09-30T16:16:00+00:00,backend,CWAgent,net_bytes_recv,interface=veth342b8e3,maximum,742776.0
2026-09-30T16:17:00+00:00,backend,CWAgent,net_bytes_recv,interface=veth342b8e3,maximum,2613068.0
2026-09-30T16:18:00+00:00,backend,CWAgent,net_bytes_recv,interface=veth342b8e3,maximum,3637972.0
2026-09-30T16:19:00+00:00,backend,CWAgent,net_bytes_recv,interface=veth342b8e3,maximum,3688416.0
2026-09-30T16:20:00+00:00,backend,CWAgent,net_bytes_recv,interface=veth342b8e3,maximum,3579772.0
2026-09-30T16:21:00+00:00,backend,CWAgent,net_bytes_recv,interface=veth342b8e3,maximum,3666116.0
2026-09-30T16:22:00+00:00,backend,CWAgent,net_bytes_recv,interface=veth342b8e3,maximum,3664834.0
2026-09-30T16:23:00+00:00,backend,CWAgent,net_bytes_recv,interface=veth342b8e3,maximum,3130516.0
2026-09-30T16:24:00+00:00,backend,CWAgent,net_bytes_recv,interface=veth342b8e3,maximum,1328864.0
2026-09-30T16:25:00+00:00,backend,CWAgent,net_bytes_recv,interface=veth342b8e3,maximum,33110.0
2026-09-30T16:13:00+00:00,backend,CWAgent,procstat_cpu_usage,exe=containerd;process_name=containerd-shim-runc-v2,average,0.05001486870637206
2026-09-30T16:14:00+00:00,backend,CWAgent,procstat_cpu_usage,exe=containerd;process_name=containerd-shim-runc-v2,average,0.03333093475094097
2026-09-30T16:15:00+00:00,backend,CWAgent,procstat_cpu_usage,exe=containerd;process_name=containerd-shim-runc-v2,average,0.024999867481535994
2026-09-30T16:16:00+00:00,backend,CWAgent,procstat_cpu_usage,exe=containerd;process_name=containerd-shim-runc-v2,average,0.04166973989012859
2026-09-30T16:17:00+00:00,backend,CWAgent,procstat_cpu_usage,exe=containerd;process_name=containerd-shim-runc-v2,average,0.04166588273419451
2026-09-30T16:18:00+00:00,backend,CWAgent,procstat_cpu_usage,exe=containerd;process_name=containerd-shim-runc-v2,average,0.03331922571865777
2026-09-30T16:19:00+00:00,backend,CWAgent,procstat_cpu_usage,exe=containerd;process_name=containerd-shim-runc-v2,average,0.04168061296275928
2026-09-30T16:20:00+00:00,backend,CWAgent,procstat_cpu_usage,exe=containerd;process_name=containerd-shim-runc-v2,average,0.050003953172841537
2026-09-30T16:21:00+00:00,backend,CWAgent,procstat_cpu_usage,exe=containerd;process_name=containerd-shim-runc-v2,average,0.04999416052698953
2026-09-30T16:22:00+00:00,backend,CWAgent,procstat_cpu_usage,exe=containerd;process_name=containerd-shim-runc-v2,average,0.05000689252637306
2026-09-30T16:23:00+00:00,backend,CWAgent,procstat_cpu_usage,exe=containerd;process_name=containerd-shim-runc-v2,average,0.049996745393667184
2026-09-30T16:24:00+00:00,backend,CWAgent,procstat_cpu_usage,exe=containerd;process_name=containerd-shim-runc-v2,average,0.04166853386630942
2026-09-30T16:25:00+00:00,backend,CWAgent,procstat_cpu_usage,exe=containerd;process_name=containerd-shim-runc-v2,average,0.03333378685672601
2026-09-30T16:13:00+00:00,backend,CWAgent,procstat_cpu_usage,exe=containerd;process_name=containerd-shim-runc-v2,maximum,0.08335794955824508
2026-09-30T16:14:00+00:00,backend,CWAgent,procstat_cpu_usage,exe=containerd;process_name=containerd-shim-runc-v2,maximum,0.06666186950188194
2026-09-30T16:15:00+00:00,backend,CWAgent,procstat_cpu_usage,exe=containerd;process_name=containerd-shim-runc-v2,maximum,0.04999973496307199
2026-09-30T16:16:00+00:00,backend,CWAgent,procstat_cpu_usage,exe=containerd;process_name=containerd-shim-runc-v2,maximum,0.06667158325256557
2026-09-30T16:17:00+00:00,backend,CWAgent,procstat_cpu_usage,exe=containerd;process_name=containerd-shim-runc-v2,maximum,0.08333176546838902
2026-09-30T16:18:00+00:00,backend,CWAgent,procstat_cpu_usage,exe=containerd;process_name=containerd-shim-runc-v2,maximum,0.04997915995643582
2026-09-30T16:19:00+00:00,backend,CWAgent,procstat_cpu_usage,exe=containerd;process_name=containerd-shim-runc-v2,maximum,0.06669124389170533
2026-09-30T16:20:00+00:00,backend,CWAgent,procstat_cpu_usage,exe=containerd;process_name=containerd-shim-runc-v2,maximum,0.08333742593570478
2026-09-30T16:21:00+00:00,backend,CWAgent,procstat_cpu_usage,exe=containerd;process_name=containerd-shim-runc-v2,maximum,0.08332337333084106
2026-09-30T16:22:00+00:00,backend,CWAgent,procstat_cpu_usage,exe=containerd;process_name=containerd-shim-runc-v2,maximum,0.08334476411357084
2026-09-30T16:23:00+00:00,backend,CWAgent,procstat_cpu_usage,exe=containerd;process_name=containerd-shim-runc-v2,maximum,0.08332893699722296
2026-09-30T16:24:00+00:00,backend,CWAgent,procstat_cpu_usage,exe=containerd;process_name=containerd-shim-runc-v2,maximum,0.08333706773261884
2026-09-30T16:25:00+00:00,backend,CWAgent,procstat_cpu_usage,exe=containerd;process_name=containerd-shim-runc-v2,maximum,0.06666757371345201
2026-09-30T16:13:00+00:00,backend,CWAgent,net_bytes_sent,interface=veth342b8e3,average,4942244.0
2026-09-30T16:14:00+00:00,backend,CWAgent,net_bytes_sent,interface=veth342b8e3,average,0.0
2026-09-30T16:15:00+00:00,backend,CWAgent,net_bytes_sent,interface=veth342b8e3,average,0.0
2026-09-30T16:16:00+00:00,backend,CWAgent,net_bytes_sent,interface=veth342b8e3,average,3538698.0
2026-09-30T16:17:00+00:00,backend,CWAgent,net_bytes_sent,interface=veth342b8e3,average,12931317.0
2026-09-30T16:18:00+00:00,backend,CWAgent,net_bytes_sent,interface=veth342b8e3,average,18925055.0
2026-09-30T16:19:00+00:00,backend,CWAgent,net_bytes_sent,interface=veth342b8e3,average,19038857.0
2026-09-30T16:20:00+00:00,backend,CWAgent,net_bytes_sent,interface=veth342b8e3,average,18903112.0
2026-09-30T16:21:00+00:00,backend,CWAgent,net_bytes_sent,interface=veth342b8e3,average,19016172.0
2026-09-30T16:22:00+00:00,backend,CWAgent,net_bytes_sent,interface=veth342b8e3,average,19006078.0
2026-09-30T16:23:00+00:00,backend,CWAgent,net_bytes_sent,interface=veth342b8e3,average,15807689.0
2026-09-30T16:24:00+00:00,backend,CWAgent,net_bytes_sent,interface=veth342b8e3,average,6473536.0
2026-09-30T16:25:00+00:00,backend,CWAgent,net_bytes_sent,interface=veth342b8e3,average,163055.0
2026-09-30T16:13:00+00:00,backend,CWAgent,net_bytes_sent,interface=veth342b8e3,maximum,4942244.0
2026-09-30T16:14:00+00:00,backend,CWAgent,net_bytes_sent,interface=veth342b8e3,maximum,0.0
2026-09-30T16:15:00+00:00,backend,CWAgent,net_bytes_sent,interface=veth342b8e3,maximum,0.0
2026-09-30T16:16:00+00:00,backend,CWAgent,net_bytes_sent,interface=veth342b8e3,maximum,3538698.0
2026-09-30T16:17:00+00:00,backend,CWAgent,net_bytes_sent,interface=veth342b8e3,maximum,12931317.0
2026-09-30T16:18:00+00:00,backend,CWAgent,net_bytes_sent,interface=veth342b8e3,maximum,18925055.0
2026-09-30T16:19:00+00:00,backend,CWAgent,net_bytes_sent,interface=veth342b8e3,maximum,19038857.0
2026-09-30T16:20:00+00:00,backend,CWAgent,net_bytes_sent,interface=veth342b8e3,maximum,18903112.0
2026-09-30T16:21:00+00:00,backend,CWAgent,net_bytes_sent,interface=veth342b8e3,maximum,19016172.0
2026-09-30T16:22:00+00:00,backend,CWAgent,net_bytes_sent,interface=veth342b8e3,maximum,19006078.0
2026-09-30T16:23:00+00:00,backend,CWAgent,net_bytes_sent,interface=veth342b8e3,maximum,15807689.0
2026-09-30T16:24:00+00:00,backend,CWAgent,net_bytes_sent,interface=veth342b8e3,maximum,6473536.0
2026-09-30T16:25:00+00:00,backend,CWAgent,net_bytes_sent,interface=veth342b8e3,maximum,163055.0
2026-09-30T16:13:00+00:00,backend,CWAgent,net_bytes_recv,interface=vethaa909a3,average,49921182.0
2026-09-30T16:14:00+00:00,backend,CWAgent,net_bytes_recv,interface=vethaa909a3,average,198064.0
2026-09-30T16:15:00+00:00,backend,CWAgent,net_bytes_recv,interface=vethaa909a3,average,922.0
2026-09-30T16:16:00+00:00,backend,CWAgent,net_bytes_recv,interface=vethaa909a3,average,35528776.0
2026-09-30T16:17:00+00:00,backend,CWAgent,net_bytes_recv,interface=vethaa909a3,average,127149124.0
2026-09-30T16:18:00+00:00,backend,CWAgent,net_bytes_recv,interface=vethaa909a3,average,185685043.0
2026-09-30T16:19:00+00:00,backend,CWAgent,net_bytes_recv,interface=vethaa909a3,average,186687378.0
2026-09-30T16:20:00+00:00,backend,CWAgent,net_bytes_recv,interface=vethaa909a3,average,185839114.0
2026-09-30T16:21:00+00:00,backend,CWAgent,net_bytes_recv,interface=vethaa909a3,average,186701166.0
2026-09-30T16:22:00+00:00,backend,CWAgent,net_bytes_recv,interface=vethaa909a3,average,186699464.0
2026-09-30T16:23:00+00:00,backend,CWAgent,net_bytes_recv,interface=vethaa909a3,average,155560227.0
2026-09-30T16:24:00+00:00,backend,CWAgent,net_bytes_recv,interface=vethaa909a3,average,64948278.0
2026-09-30T16:25:00+00:00,backend,CWAgent,net_bytes_recv,interface=vethaa909a3,average,1885669.0
2026-09-30T16:13:00+00:00,backend,CWAgent,net_bytes_recv,interface=vethaa909a3,maximum,49921182.0
2026-09-30T16:14:00+00:00,backend,CWAgent,net_bytes_recv,interface=vethaa909a3,maximum,198064.0
2026-09-30T16:15:00+00:00,backend,CWAgent,net_bytes_recv,interface=vethaa909a3,maximum,922.0
2026-09-30T16:16:00+00:00,backend,CWAgent,net_bytes_recv,interface=vethaa909a3,maximum,35528776.0
2026-09-30T16:17:00+00:00,backend,CWAgent,net_bytes_recv,interface=vethaa909a3,maximum,127149124.0
2026-09-30T16:18:00+00:00,backend,CWAgent,net_bytes_recv,interface=vethaa909a3,maximum,185685043.0
2026-09-30T16:19:00+00:00,backend,CWAgent,net_bytes_recv,interface=vethaa909a3,maximum,186687378.0
2026-09-30T16:20:00+00:00,backend,CWAgent,net_bytes_recv,interface=vethaa909a3,maximum,185839114.0
2026-09-30T16:21:00+00:00,backend,CWAgent,net_bytes_recv,interface=vethaa909a3,maximum,186701166.0
2026-09-30T16:22:00+00:00,backend,CWAgent,net_bytes_recv,interface=vethaa909a3,maximum,186699464.0
2026-09-30T16:23:00+00:00,backend,CWAgent,net_bytes_recv,interface=vethaa909a3,maximum,155560227.0
2026-09-30T16:24:00+00:00,backend,CWAgent,net_bytes_recv,interface=vethaa909a3,maximum,64948278.0
2026-09-30T16:25:00+00:00,backend,CWAgent,net_bytes_recv,interface=vethaa909a3,maximum,1885669.0
2026-09-30T16:13:00+00:00,backend,CWAgent,net_bytes_sent,interface=br-dbf96cd2fd10,average,11807824.0
2026-09-30T16:14:00+00:00,backend,CWAgent,net_bytes_sent,interface=br-dbf96cd2fd10,average,304599.0
2026-09-30T16:15:00+00:00,backend,CWAgent,net_bytes_sent,interface=br-dbf96cd2fd10,average,537.0
2026-09-30T16:16:00+00:00,backend,CWAgent,net_bytes_sent,interface=br-dbf96cd2fd10,average,8279975.0
2026-09-30T16:17:00+00:00,backend,CWAgent,net_bytes_sent,interface=br-dbf96cd2fd10,average,29416938.0
2026-09-30T16:18:00+00:00,backend,CWAgent,net_bytes_sent,interface=br-dbf96cd2fd10,average,42602810.0
2026-09-30T16:19:00+00:00,backend,CWAgent,net_bytes_sent,interface=br-dbf96cd2fd10,average,42874423.0
2026-09-30T16:20:00+00:00,backend,CWAgent,net_bytes_sent,interface=br-dbf96cd2fd10,average,42542207.0
2026-09-30T16:21:00+00:00,backend,CWAgent,net_bytes_sent,interface=br-dbf96cd2fd10,average,42904031.0
2026-09-30T16:22:00+00:00,backend,CWAgent,net_bytes_sent,interface=br-dbf96cd2fd10,average,42906225.0
2026-09-30T16:23:00+00:00,backend,CWAgent,net_bytes_sent,interface=br-dbf96cd2fd10,average,35751341.0
2026-09-30T16:24:00+00:00,backend,CWAgent,net_bytes_sent,interface=br-dbf96cd2fd10,average,15254550.0
2026-09-30T16:25:00+00:00,backend,CWAgent,net_bytes_sent,interface=br-dbf96cd2fd10,average,733562.0
2026-09-30T16:13:00+00:00,backend,CWAgent,net_bytes_sent,interface=br-dbf96cd2fd10,maximum,11807824.0
2026-09-30T16:14:00+00:00,backend,CWAgent,net_bytes_sent,interface=br-dbf96cd2fd10,maximum,304599.0
2026-09-30T16:15:00+00:00,backend,CWAgent,net_bytes_sent,interface=br-dbf96cd2fd10,maximum,537.0
2026-09-30T16:16:00+00:00,backend,CWAgent,net_bytes_sent,interface=br-dbf96cd2fd10,maximum,8279975.0
2026-09-30T16:17:00+00:00,backend,CWAgent,net_bytes_sent,interface=br-dbf96cd2fd10,maximum,29416938.0
2026-09-30T16:18:00+00:00,backend,CWAgent,net_bytes_sent,interface=br-dbf96cd2fd10,maximum,42602810.0
2026-09-30T16:19:00+00:00,backend,CWAgent,net_bytes_sent,interface=br-dbf96cd2fd10,maximum,42874423.0
2026-09-30T16:20:00+00:00,backend,CWAgent,net_bytes_sent,interface=br-dbf96cd2fd10,maximum,42542207.0
2026-09-30T16:21:00+00:00,backend,CWAgent,net_bytes_sent,interface=br-dbf96cd2fd10,maximum,42904031.0
2026-09-30T16:22:00+00:00,backend,CWAgent,net_bytes_sent,interface=br-dbf96cd2fd10,maximum,42906225.0
2026-09-30T16:23:00+00:00,backend,CWAgent,net_bytes_sent,interface=br-dbf96cd2fd10,maximum,35751341.0
2026-09-30T16:24:00+00:00,backend,CWAgent,net_bytes_sent,interface=br-dbf96cd2fd10,maximum,15254550.0
2026-09-30T16:25:00+00:00,backend,CWAgent,net_bytes_sent,interface=br-dbf96cd2fd10,maximum,733562.0
2026-09-30T16:13:00+00:00,backend,CWAgent,procstat_memory_rss,exe=containerd;process_name=containerd-shim-runc-v2,average,8493056.0
2026-09-30T16:14:00+00:00,backend,CWAgent,procstat_memory_rss,exe=containerd;process_name=containerd-shim-runc-v2,average,8503296.0
2026-09-30T16:15:00+00:00,backend,CWAgent,procstat_memory_rss,exe=containerd;process_name=containerd-shim-runc-v2,average,8515584.0
2026-09-30T16:16:00+00:00,backend,CWAgent,procstat_memory_rss,exe=containerd;process_name=containerd-shim-runc-v2,average,8482816.0
2026-09-30T16:17:00+00:00,backend,CWAgent,procstat_memory_rss,exe=containerd;process_name=containerd-shim-runc-v2,average,8491008.0
2026-09-30T16:18:00+00:00,backend,CWAgent,procstat_memory_rss,exe=containerd;process_name=containerd-shim-runc-v2,average,8488960.0
2026-09-30T16:19:00+00:00,backend,CWAgent,procstat_memory_rss,exe=containerd;process_name=containerd-shim-runc-v2,average,8478720.0
2026-09-30T16:20:00+00:00,backend,CWAgent,procstat_memory_rss,exe=containerd;process_name=containerd-shim-runc-v2,average,8427520.0
2026-09-30T16:21:00+00:00,backend,CWAgent,procstat_memory_rss,exe=containerd;process_name=containerd-shim-runc-v2,average,8474624.0
2026-09-30T16:22:00+00:00,backend,CWAgent,procstat_memory_rss,exe=containerd;process_name=containerd-shim-runc-v2,average,8472576.0
2026-09-30T16:23:00+00:00,backend,CWAgent,procstat_memory_rss,exe=containerd;process_name=containerd-shim-runc-v2,average,8540160.0
2026-09-30T16:24:00+00:00,backend,CWAgent,procstat_memory_rss,exe=containerd;process_name=containerd-shim-runc-v2,average,8562688.0
2026-09-30T16:25:00+00:00,backend,CWAgent,procstat_memory_rss,exe=containerd;process_name=containerd-shim-runc-v2,average,8515584.0
2026-09-30T16:13:00+00:00,backend,CWAgent,procstat_memory_rss,exe=containerd;process_name=containerd-shim-runc-v2,maximum,8613888.0
2026-09-30T16:14:00+00:00,backend,CWAgent,procstat_memory_rss,exe=containerd;process_name=containerd-shim-runc-v2,maximum,8634368.0
2026-09-30T16:15:00+00:00,backend,CWAgent,procstat_memory_rss,exe=containerd;process_name=containerd-shim-runc-v2,maximum,8658944.0
2026-09-30T16:16:00+00:00,backend,CWAgent,procstat_memory_rss,exe=containerd;process_name=containerd-shim-runc-v2,maximum,8593408.0
2026-09-30T16:17:00+00:00,backend,CWAgent,procstat_memory_rss,exe=containerd;process_name=containerd-shim-runc-v2,maximum,8605696.0
2026-09-30T16:18:00+00:00,backend,CWAgent,procstat_memory_rss,exe=containerd;process_name=containerd-shim-runc-v2,maximum,8568832.0
2026-09-30T16:19:00+00:00,backend,CWAgent,procstat_memory_rss,exe=containerd;process_name=containerd-shim-runc-v2,maximum,8552448.0
2026-09-30T16:20:00+00:00,backend,CWAgent,procstat_memory_rss,exe=containerd;process_name=containerd-shim-runc-v2,maximum,8450048.0
2026-09-30T16:21:00+00:00,backend,CWAgent,procstat_memory_rss,exe=containerd;process_name=containerd-shim-runc-v2,maximum,8544256.0
2026-09-30T16:22:00+00:00,backend,CWAgent,procstat_memory_rss,exe=containerd;process_name=containerd-shim-runc-v2,maximum,8540160.0
2026-09-30T16:23:00+00:00,backend,CWAgent,procstat_memory_rss,exe=containerd;process_name=containerd-shim-runc-v2,maximum,8605696.0
2026-09-30T16:24:00+00:00,backend,CWAgent,procstat_memory_rss,exe=containerd;process_name=containerd-shim-runc-v2,maximum,8585216.0
2026-09-30T16:25:00+00:00,backend,CWAgent,procstat_memory_rss,exe=containerd;process_name=containerd-shim-runc-v2,maximum,8564736.0
2026-09-30T16:13:00+00:00,backend,CWAgent,procstat_memory_rss,exe=redis-server;process_name=redis-server,average,4710400.0
2026-09-30T16:14:00+00:00,backend,CWAgent,procstat_memory_rss,exe=redis-server;process_name=redis-server,average,4710400.0
2026-09-30T16:15:00+00:00,backend,CWAgent,procstat_memory_rss,exe=redis-server;process_name=redis-server,average,4710400.0
2026-09-30T16:16:00+00:00,backend,CWAgent,procstat_memory_rss,exe=redis-server;process_name=redis-server,average,4710400.0
2026-09-30T16:17:00+00:00,backend,CWAgent,procstat_memory_rss,exe=redis-server;process_name=redis-server,average,4743168.0
2026-09-30T16:18:00+00:00,backend,CWAgent,procstat_memory_rss,exe=redis-server;process_name=redis-server,average,4759552.0
2026-09-30T16:19:00+00:00,backend,CWAgent,procstat_memory_rss,exe=redis-server;process_name=redis-server,average,4747264.0
2026-09-30T16:20:00+00:00,backend,CWAgent,procstat_memory_rss,exe=redis-server;process_name=redis-server,average,4767744.0
2026-09-30T16:21:00+00:00,backend,CWAgent,procstat_memory_rss,exe=redis-server;process_name=redis-server,average,4759552.0
2026-09-30T16:22:00+00:00,backend,CWAgent,procstat_memory_rss,exe=redis-server;process_name=redis-server,average,4759552.0
2026-09-30T16:23:00+00:00,backend,CWAgent,procstat_memory_rss,exe=redis-server;process_name=redis-server,average,4759552.0
2026-09-30T16:24:00+00:00,backend,CWAgent,procstat_memory_rss,exe=redis-server;process_name=redis-server,average,4739072.0
2026-09-30T16:25:00+00:00,backend,CWAgent,procstat_memory_rss,exe=redis-server;process_name=redis-server,average,4739072.0
2026-09-30T16:13:00+00:00,backend,CWAgent,procstat_memory_rss,exe=redis-server;process_name=redis-server,maximum,4710400.0
2026-09-30T16:14:00+00:00,backend,CWAgent,procstat_memory_rss,exe=redis-server;process_name=redis-server,maximum,4710400.0
2026-09-30T16:15:00+00:00,backend,CWAgent,procstat_memory_rss,exe=redis-server;process_name=redis-server,maximum,4710400.0
2026-09-30T16:16:00+00:00,backend,CWAgent,procstat_memory_rss,exe=redis-server;process_name=redis-server,maximum,4710400.0
2026-09-30T16:17:00+00:00,backend,CWAgent,procstat_memory_rss,exe=redis-server;process_name=redis-server,maximum,4743168.0
2026-09-30T16:18:00+00:00,backend,CWAgent,procstat_memory_rss,exe=redis-server;process_name=redis-server,maximum,4759552.0
2026-09-30T16:19:00+00:00,backend,CWAgent,procstat_memory_rss,exe=redis-server;process_name=redis-server,maximum,4747264.0
2026-09-30T16:20:00+00:00,backend,CWAgent,procstat_memory_rss,exe=redis-server;process_name=redis-server,maximum,4767744.0
2026-09-30T16:21:00+00:00,backend,CWAgent,procstat_memory_rss,exe=redis-server;process_name=redis-server,maximum,4759552.0
2026-09-30T16:22:00+00:00,backend,CWAgent,procstat_memory_rss,exe=redis-server;process_name=redis-server,maximum,4759552.0
2026-09-30T16:23:00+00:00,backend,CWAgent,procstat_memory_rss,exe=redis-server;process_name=redis-server,maximum,4759552.0
2026-09-30T16:24:00+00:00,backend,CWAgent,procstat_memory_rss,exe=redis-server;process_name=redis-server,maximum,4739072.0
2026-09-30T16:25:00+00:00,backend,CWAgent,procstat_memory_rss,exe=redis-server;process_name=redis-server,maximum,4739072.0
2026-09-30T16:15:00+00:00,backend,AWS/EC2,CPUCreditBalance,,average,0.0
2026-09-30T16:20:00+00:00,backend,AWS/EC2,CPUCreditBalance,,average,0.0
2026-09-30T16:25:00+00:00,backend,AWS/EC2,CPUCreditBalance,,average,0.0
2026-09-30T16:15:00+00:00,backend,AWS/EC2,CPUCreditBalance,,maximum,0.0
2026-09-30T16:20:00+00:00,backend,AWS/EC2,CPUCreditBalance,,maximum,0.0
2026-09-30T16:25:00+00:00,backend,AWS/EC2,CPUCreditBalance,,maximum,0.0
2026-09-30T16:15:00+00:00,backend,AWS/EC2,CPUSurplusCreditBalance,,average,69.22319243333334
2026-09-30T16:20:00+00:00,backend,AWS/EC2,CPUSurplusCreditBalance,,average,74.6618166
2026-09-30T16:25:00+00:00,backend,AWS/EC2,CPUSurplusCreditBalance,,average,78.33818125
2026-09-30T16:15:00+00:00,backend,AWS/EC2,CPUSurplusCreditBalance,,maximum,69.22319243333334
2026-09-30T16:20:00+00:00,backend,AWS/EC2,CPUSurplusCreditBalance,,maximum,74.6618166
2026-09-30T16:25:00+00:00,backend,AWS/EC2,CPUSurplusCreditBalance,,maximum,78.33818125
2026-09-30T16:15:00+00:00,backend,AWS/EC2,CPUSurplusCreditsCharged,,average,0.0
2026-09-30T16:20:00+00:00,backend,AWS/EC2,CPUSurplusCreditsCharged,,average,0.0
2026-09-30T16:25:00+00:00,backend,AWS/EC2,CPUSurplusCreditsCharged,,average,0.0
2026-09-30T16:15:00+00:00,backend,AWS/EC2,CPUSurplusCreditsCharged,,maximum,0.0
2026-09-30T16:20:00+00:00,backend,AWS/EC2,CPUSurplusCreditsCharged,,maximum,0.0
2026-09-30T16:25:00+00:00,backend,AWS/EC2,CPUSurplusCreditsCharged,,maximum,0.0
2026-09-30T16:15:00+00:00,backend,AWS/EC2,CPUCreditUsage,,average,3.1646694
2026-09-30T16:20:00+00:00,backend,AWS/EC2,CPUCreditUsage,,average,6.438714166666666
2026-09-30T16:25:00+00:00,backend,AWS/EC2,CPUCreditUsage,,average,4.676391316666667
2026-09-30T16:15:00+00:00,backend,AWS/EC2,CPUCreditUsage,,maximum,3.1646694
2026-09-30T16:20:00+00:00,backend,AWS/EC2,CPUCreditUsage,,maximum,6.438714166666666
2026-09-30T16:25:00+00:00,backend,AWS/EC2,CPUCreditUsage,,maximum,4.676391316666667
2026-09-30T16:13:00+00:00,backend,AWS/EC2,NetworkOut,,average,20355492.0
2026-09-30T16:14:00+00:00,backend,AWS/EC2,NetworkOut,,average,70578.0
2026-09-30T16:15:00+00:00,backend,AWS/EC2,NetworkOut,,average,2252161.0
2026-09-30T16:16:00+00:00,backend,AWS/EC2,NetworkOut,,average,60528025.0
2026-09-30T16:17:00+00:00,backend,AWS/EC2,NetworkOut,,average,144912760.0
2026-09-30T16:18:00+00:00,backend,AWS/EC2,NetworkOut,,average,172683259.0
2026-09-30T16:19:00+00:00,backend,AWS/EC2,NetworkOut,,average,170626575.0
2026-09-30T16:20:00+00:00,backend,AWS/EC2,NetworkOut,,average,170308251.0
2026-09-30T16:21:00+00:00,backend,AWS/EC2,NetworkOut,,average,171117414.0
2026-09-30T16:22:00+00:00,backend,AWS/EC2,NetworkOut,,average,171877003.0
2026-09-30T16:23:00+00:00,backend,AWS/EC2,NetworkOut,,average,114229219.0
2026-09-30T16:24:00+00:00,backend,AWS/EC2,NetworkOut,,average,31624742.0
2026-09-30T16:25:00+00:00,backend,AWS/EC2,NetworkOut,,average,73751.0
2026-09-30T16:13:00+00:00,backend,AWS/EC2,NetworkOut,,maximum,20355492.0
2026-09-30T16:14:00+00:00,backend,AWS/EC2,NetworkOut,,maximum,70578.0
2026-09-30T16:15:00+00:00,backend,AWS/EC2,NetworkOut,,maximum,2252161.0
2026-09-30T16:16:00+00:00,backend,AWS/EC2,NetworkOut,,maximum,60528025.0
2026-09-30T16:17:00+00:00,backend,AWS/EC2,NetworkOut,,maximum,144912760.0
2026-09-30T16:18:00+00:00,backend,AWS/EC2,NetworkOut,,maximum,172683259.0
2026-09-30T16:19:00+00:00,backend,AWS/EC2,NetworkOut,,maximum,170626575.0
2026-09-30T16:20:00+00:00,backend,AWS/EC2,NetworkOut,,maximum,170308251.0
2026-09-30T16:21:00+00:00,backend,AWS/EC2,NetworkOut,,maximum,171117414.0
2026-09-30T16:22:00+00:00,backend,AWS/EC2,NetworkOut,,maximum,171877003.0
2026-09-30T16:23:00+00:00,backend,AWS/EC2,NetworkOut,,maximum,114229219.0
2026-09-30T16:24:00+00:00,backend,AWS/EC2,NetworkOut,,maximum,31624742.0
2026-09-30T16:25:00+00:00,backend,AWS/EC2,NetworkOut,,maximum,73751.0
2026-09-30T16:13:00+00:00,backend,AWS/EC2,NetworkIn,,average,5525633.0
2026-09-30T16:14:00+00:00,backend,AWS/EC2,NetworkIn,,average,11579.0
2026-09-30T16:15:00+00:00,backend,AWS/EC2,NetworkIn,,average,832647.0
2026-09-30T16:16:00+00:00,backend,AWS/EC2,NetworkIn,,average,15274675.0
2026-09-30T16:17:00+00:00,backend,AWS/EC2,NetworkIn,,average,36442543.0
2026-09-30T16:18:00+00:00,backend,AWS/EC2,NetworkIn,,average,43110725.0
2026-09-30T16:19:00+00:00,backend,AWS/EC2,NetworkIn,,average,42619589.0
2026-09-30T16:20:00+00:00,backend,AWS/EC2,NetworkIn,,average,42504544.0
2026-09-30T16:21:00+00:00,backend,AWS/EC2,NetworkIn,,average,42835001.0
2026-09-30T16:22:00+00:00,backend,AWS/EC2,NetworkIn,,average,43002674.0
2026-09-30T16:23:00+00:00,backend,AWS/EC2,NetworkIn,,average,28663835.0
2026-09-30T16:24:00+00:00,backend,AWS/EC2,NetworkIn,,average,8419603.0
2026-09-30T16:25:00+00:00,backend,AWS/EC2,NetworkIn,,average,17146.0
2026-09-30T16:13:00+00:00,backend,AWS/EC2,NetworkIn,,maximum,5525633.0
2026-09-30T16:14:00+00:00,backend,AWS/EC2,NetworkIn,,maximum,11579.0
2026-09-30T16:15:00+00:00,backend,AWS/EC2,NetworkIn,,maximum,832647.0
2026-09-30T16:16:00+00:00,backend,AWS/EC2,NetworkIn,,maximum,15274675.0
2026-09-30T16:17:00+00:00,backend,AWS/EC2,NetworkIn,,maximum,36442543.0
2026-09-30T16:18:00+00:00,backend,AWS/EC2,NetworkIn,,maximum,43110725.0
2026-09-30T16:19:00+00:00,backend,AWS/EC2,NetworkIn,,maximum,42619589.0
2026-09-30T16:20:00+00:00,backend,AWS/EC2,NetworkIn,,maximum,42504544.0
2026-09-30T16:21:00+00:00,backend,AWS/EC2,NetworkIn,,maximum,42835001.0
2026-09-30T16:22:00+00:00,backend,AWS/EC2,NetworkIn,,maximum,43002674.0
2026-09-30T16:23:00+00:00,backend,AWS/EC2,NetworkIn,,maximum,28663835.0
2026-09-30T16:24:00+00:00,backend,AWS/EC2,NetworkIn,,maximum,8419603.0
2026-09-30T16:25:00+00:00,backend,AWS/EC2,NetworkIn,,maximum,17146.0
2026-09-30T16:13:00+00:00,backend,AWS/EC2,EBSWriteOps,,average,53.0
2026-09-30T16:14:00+00:00,backend,AWS/EC2,EBSWriteOps,,average,49.0
2026-09-30T16:15:00+00:00,backend,AWS/EC2,EBSWriteOps,,average,33.0
2026-09-30T16:16:00+00:00,backend,AWS/EC2,EBSWriteOps,,average,349.0
2026-09-30T16:17:00+00:00,backend,AWS/EC2,EBSWriteOps,,average,63.0
2026-09-30T16:18:00+00:00,backend,AWS/EC2,EBSWriteOps,,average,563.0
2026-09-30T16:19:00+00:00,backend,AWS/EC2,EBSWriteOps,,average,49.0
2026-09-30T16:20:00+00:00,backend,AWS/EC2,EBSWriteOps,,average,86.0
2026-09-30T16:21:00+00:00,backend,AWS/EC2,EBSWriteOps,,average,53.0
2026-09-30T16:22:00+00:00,backend,AWS/EC2,EBSWriteOps,,average,50.0
2026-09-30T16:23:00+00:00,backend,AWS/EC2,EBSWriteOps,,average,45.0
2026-09-30T16:24:00+00:00,backend,AWS/EC2,EBSWriteOps,,average,57.0
2026-09-30T16:25:00+00:00,backend,AWS/EC2,EBSWriteOps,,average,51.0
2026-09-30T16:13:00+00:00,backend,AWS/EC2,EBSWriteOps,,maximum,53.0
2026-09-30T16:14:00+00:00,backend,AWS/EC2,EBSWriteOps,,maximum,49.0
2026-09-30T16:15:00+00:00,backend,AWS/EC2,EBSWriteOps,,maximum,33.0
2026-09-30T16:16:00+00:00,backend,AWS/EC2,EBSWriteOps,,maximum,349.0
2026-09-30T16:17:00+00:00,backend,AWS/EC2,EBSWriteOps,,maximum,63.0
2026-09-30T16:18:00+00:00,backend,AWS/EC2,EBSWriteOps,,maximum,563.0
2026-09-30T16:19:00+00:00,backend,AWS/EC2,EBSWriteOps,,maximum,49.0
2026-09-30T16:20:00+00:00,backend,AWS/EC2,EBSWriteOps,,maximum,86.0
2026-09-30T16:21:00+00:00,backend,AWS/EC2,EBSWriteOps,,maximum,53.0
2026-09-30T16:22:00+00:00,backend,AWS/EC2,EBSWriteOps,,maximum,50.0
2026-09-30T16:23:00+00:00,backend,AWS/EC2,EBSWriteOps,,maximum,45.0
2026-09-30T16:24:00+00:00,backend,AWS/EC2,EBSWriteOps,,maximum,57.0
2026-09-30T16:25:00+00:00,backend,AWS/EC2,EBSWriteOps,,maximum,51.0
2026-09-30T16:13:00+00:00,backend,AWS/EC2,EBSWriteBytes,,average,516096.0
2026-09-30T16:14:00+00:00,backend,AWS/EC2,EBSWriteBytes,,average,311296.0
2026-09-30T16:15:00+00:00,backend,AWS/EC2,EBSWriteBytes,,average,167936.0
2026-09-30T16:16:00+00:00,backend,AWS/EC2,EBSWriteBytes,,average,2809856.0
2026-09-30T16:17:00+00:00,backend,AWS/EC2,EBSWriteBytes,,average,602112.0
2026-09-30T16:18:00+00:00,backend,AWS/EC2,EBSWriteBytes,,average,3883008.0
2026-09-30T16:19:00+00:00,backend,AWS/EC2,EBSWriteBytes,,average,585728.0
2026-09-30T16:20:00+00:00,backend,AWS/EC2,EBSWriteBytes,,average,708608.0
2026-09-30T16:21:00+00:00,backend,AWS/EC2,EBSWriteBytes,,average,618496.0
2026-09-30T16:22:00+00:00,backend,AWS/EC2,EBSWriteBytes,,average,577536.0
2026-09-30T16:23:00+00:00,backend,AWS/EC2,EBSWriteBytes,,average,548864.0
2026-09-30T16:24:00+00:00,backend,AWS/EC2,EBSWriteBytes,,average,573440.0
2026-09-30T16:25:00+00:00,backend,AWS/EC2,EBSWriteBytes,,average,360448.0
2026-09-30T16:13:00+00:00,backend,AWS/EC2,EBSWriteBytes,,maximum,516096.0
2026-09-30T16:14:00+00:00,backend,AWS/EC2,EBSWriteBytes,,maximum,311296.0
2026-09-30T16:15:00+00:00,backend,AWS/EC2,EBSWriteBytes,,maximum,167936.0
2026-09-30T16:16:00+00:00,backend,AWS/EC2,EBSWriteBytes,,maximum,2809856.0
2026-09-30T16:17:00+00:00,backend,AWS/EC2,EBSWriteBytes,,maximum,602112.0
2026-09-30T16:18:00+00:00,backend,AWS/EC2,EBSWriteBytes,,maximum,3883008.0
2026-09-30T16:19:00+00:00,backend,AWS/EC2,EBSWriteBytes,,maximum,585728.0
2026-09-30T16:20:00+00:00,backend,AWS/EC2,EBSWriteBytes,,maximum,708608.0
2026-09-30T16:21:00+00:00,backend,AWS/EC2,EBSWriteBytes,,maximum,618496.0
2026-09-30T16:22:00+00:00,backend,AWS/EC2,EBSWriteBytes,,maximum,577536.0
2026-09-30T16:23:00+00:00,backend,AWS/EC2,EBSWriteBytes,,maximum,548864.0
2026-09-30T16:24:00+00:00,backend,AWS/EC2,EBSWriteBytes,,maximum,573440.0
2026-09-30T16:25:00+00:00,backend,AWS/EC2,EBSWriteBytes,,maximum,360448.0
2026-09-30T16:13:00+00:00,backend,AWS/EC2,CPUUtilization,,average,30.791666666666668
2026-09-30T16:14:00+00:00,backend,AWS/EC2,CPUUtilization,,average,5.891666666666667
2026-09-30T16:15:00+00:00,backend,AWS/EC2,CPUUtilization,,average,5.42808618335609
2026-09-30T16:16:00+00:00,backend,AWS/EC2,CPUUtilization,,average,19.491666666666664
2026-09-30T16:17:00+00:00,backend,AWS/EC2,CPUUtilization,,average,52.57582329585265
2026-09-30T16:18:00+00:00,backend,AWS/EC2,CPUUtilization,,average,72.96666666666665
2026-09-30T16:19:00+00:00,backend,AWS/EC2,CPUUtilization,,average,75.23207946534224
2026-09-30T16:20:00+00:00,backend,AWS/EC2,CPUUtilization,,average,75.66145495112976
2026-09-30T16:21:00+00:00,backend,AWS/EC2,CPUUtilization,,average,75.1701588148939
2026-09-30T16:22:00+00:00,backend,AWS/EC2,CPUUtilization,,average,75.31304116158253
2026-09-30T16:23:00+00:00,backend,AWS/EC2,CPUUtilization,,average,66.75619765773583
2026-09-30T16:24:00+00:00,backend,AWS/EC2,CPUUtilization,,average,36.61338661338661
2026-09-30T16:25:00+00:00,backend,AWS/EC2,CPUUtilization,,average,7.31564898231565
2026-09-30T16:13:00+00:00,backend,AWS/EC2,CPUUtilization,,maximum,30.791666666666668
2026-09-30T16:14:00+00:00,backend,AWS/EC2,CPUUtilization,,maximum,5.891666666666667
2026-09-30T16:15:00+00:00,backend,AWS/EC2,CPUUtilization,,maximum,5.42808618335609
2026-09-30T16:16:00+00:00,backend,AWS/EC2,CPUUtilization,,maximum,19.491666666666664
2026-09-30T16:17:00+00:00,backend,AWS/EC2,CPUUtilization,,maximum,52.57582329585265
2026-09-30T16:18:00+00:00,backend,AWS/EC2,CPUUtilization,,maximum,72.96666666666665
2026-09-30T16:19:00+00:00,backend,AWS/EC2,CPUUtilization,,maximum,75.23207946534224
2026-09-30T16:20:00+00:00,backend,AWS/EC2,CPUUtilization,,maximum,75.66145495112976
2026-09-30T16:21:00+00:00,backend,AWS/EC2,CPUUtilization,,maximum,75.1701588148939
2026-09-30T16:22:00+00:00,backend,AWS/EC2,CPUUtilization,,maximum,75.31304116158253
2026-09-30T16:23:00+00:00,backend,AWS/EC2,CPUUtilization,,maximum,66.75619765773583
2026-09-30T16:24:00+00:00,backend,AWS/EC2,CPUUtilization,,maximum,36.61338661338661
2026-09-30T16:25:00+00:00,backend,AWS/EC2,CPUUtilization,,maximum,7.31564898231565
2026-09-30T16:13:00+00:00,backend,AWS/EC2,EBSReadOps,,average,298.0
2026-09-30T16:14:00+00:00,backend,AWS/EC2,EBSReadOps,,average,474.0
2026-09-30T16:15:00+00:00,backend,AWS/EC2,EBSReadOps,,average,30.0
2026-09-30T16:16:00+00:00,backend,AWS/EC2,EBSReadOps,,average,1537.0
2026-09-30T16:17:00+00:00,backend,AWS/EC2,EBSReadOps,,average,1198.0
2026-09-30T16:18:00+00:00,backend,AWS/EC2,EBSReadOps,,average,723.0
2026-09-30T16:19:00+00:00,backend,AWS/EC2,EBSReadOps,,average,626.0
2026-09-30T16:20:00+00:00,backend,AWS/EC2,EBSReadOps,,average,189.0
2026-09-30T16:21:00+00:00,backend,AWS/EC2,EBSReadOps,,average,99.0
2026-09-30T16:22:00+00:00,backend,AWS/EC2,EBSReadOps,,average,121.0
2026-09-30T16:23:00+00:00,backend,AWS/EC2,EBSReadOps,,average,23.0
2026-09-30T16:24:00+00:00,backend,AWS/EC2,EBSReadOps,,average,36.0
2026-09-30T16:25:00+00:00,backend,AWS/EC2,EBSReadOps,,average,50.0
2026-09-30T16:13:00+00:00,backend,AWS/EC2,EBSReadOps,,maximum,298.0
2026-09-30T16:14:00+00:00,backend,AWS/EC2,EBSReadOps,,maximum,474.0
2026-09-30T16:15:00+00:00,backend,AWS/EC2,EBSReadOps,,maximum,30.0
2026-09-30T16:16:00+00:00,backend,AWS/EC2,EBSReadOps,,maximum,1537.0
2026-09-30T16:17:00+00:00,backend,AWS/EC2,EBSReadOps,,maximum,1198.0
2026-09-30T16:18:00+00:00,backend,AWS/EC2,EBSReadOps,,maximum,723.0
2026-09-30T16:19:00+00:00,backend,AWS/EC2,EBSReadOps,,maximum,626.0
2026-09-30T16:20:00+00:00,backend,AWS/EC2,EBSReadOps,,maximum,189.0
2026-09-30T16:21:00+00:00,backend,AWS/EC2,EBSReadOps,,maximum,99.0
2026-09-30T16:22:00+00:00,backend,AWS/EC2,EBSReadOps,,maximum,121.0
2026-09-30T16:23:00+00:00,backend,AWS/EC2,EBSReadOps,,maximum,23.0
2026-09-30T16:24:00+00:00,backend,AWS/EC2,EBSReadOps,,maximum,36.0
2026-09-30T16:25:00+00:00,backend,AWS/EC2,EBSReadOps,,maximum,50.0
2026-09-30T16:13:00+00:00,backend,AWS/EC2,EBSReadBytes,,average,2072576.0
2026-09-30T16:14:00+00:00,backend,AWS/EC2,EBSReadBytes,,average,9306112.0
2026-09-30T16:15:00+00:00,backend,AWS/EC2,EBSReadBytes,,average,303104.0
2026-09-30T16:16:00+00:00,backend,AWS/EC2,EBSReadBytes,,average,39849984.0
2026-09-30T16:17:00+00:00,backend,AWS/EC2,EBSReadBytes,,average,9494528.0
2026-09-30T16:18:00+00:00,backend,AWS/EC2,EBSReadBytes,,average,4702208.0
2026-09-30T16:19:00+00:00,backend,AWS/EC2,EBSReadBytes,,average,4472832.0
2026-09-30T16:20:00+00:00,backend,AWS/EC2,EBSReadBytes,,average,1261568.0
2026-09-30T16:21:00+00:00,backend,AWS/EC2,EBSReadBytes,,average,897024.0
2026-09-30T16:22:00+00:00,backend,AWS/EC2,EBSReadBytes,,average,704512.0
2026-09-30T16:23:00+00:00,backend,AWS/EC2,EBSReadBytes,,average,139264.0
2026-09-30T16:24:00+00:00,backend,AWS/EC2,EBSReadBytes,,average,368640.0
2026-09-30T16:25:00+00:00,backend,AWS/EC2,EBSReadBytes,,average,208896.0
2026-09-30T16:13:00+00:00,backend,AWS/EC2,EBSReadBytes,,maximum,2072576.0
2026-09-30T16:14:00+00:00,backend,AWS/EC2,EBSReadBytes,,maximum,9306112.0
2026-09-30T16:15:00+00:00,backend,AWS/EC2,EBSReadBytes,,maximum,303104.0
2026-09-30T16:16:00+00:00,backend,AWS/EC2,EBSReadBytes,,maximum,39849984.0
2026-09-30T16:17:00+00:00,backend,AWS/EC2,EBSReadBytes,,maximum,9494528.0
2026-09-30T16:18:00+00:00,backend,AWS/EC2,EBSReadBytes,,maximum,4702208.0
2026-09-30T16:19:00+00:00,backend,AWS/EC2,EBSReadBytes,,maximum,4472832.0
2026-09-30T16:20:00+00:00,backend,AWS/EC2,EBSReadBytes,,maximum,1261568.0
2026-09-30T16:21:00+00:00,backend,AWS/EC2,EBSReadBytes,,maximum,897024.0
2026-09-30T16:22:00+00:00,backend,AWS/EC2,EBSReadBytes,,maximum,704512.0
2026-09-30T16:23:00+00:00,backend,AWS/EC2,EBSReadBytes,,maximum,139264.0
2026-09-30T16:24:00+00:00,backend,AWS/EC2,EBSReadBytes,,maximum,368640.0
2026-09-30T16:25:00+00:00,backend,AWS/EC2,EBSReadBytes,,maximum,208896.0
2026-09-30T16:13:00+00:00,loadgen,MintLoadgen,mem_used_percent,,average,2.4731685021068137
2026-09-30T16:14:00+00:00,loadgen,MintLoadgen,mem_used_percent,,average,2.5054233080729027
2026-09-30T16:15:00+00:00,loadgen,MintLoadgen,mem_used_percent,,average,2.5529303866276076
2026-09-30T16:16:00+00:00,loadgen,MintLoadgen,mem_used_percent,,average,18.38989009362395
2026-09-30T16:17:00+00:00,loadgen,MintLoadgen,mem_used_percent,,average,29.264060344991403
2026-09-30T16:18:00+00:00,loadgen,MintLoadgen,mem_used_percent,,average,32.94755918631876
2026-09-30T16:19:00+00:00,loadgen,MintLoadgen,mem_used_percent,,average,33.22170003330496
2026-09-30T16:20:00+00:00,loadgen,MintLoadgen,mem_used_percent,,average,33.63661185516642
2026-09-30T16:21:00+00:00,loadgen,MintLoadgen,mem_used_percent,,average,33.789084573601464
2026-09-30T16:22:00+00:00,loadgen,MintLoadgen,mem_used_percent,,average,33.87444729264661
2026-09-30T16:23:00+00:00,loadgen,MintLoadgen,mem_used_percent,,average,34.1637403973192
2026-09-30T16:24:00+00:00,loadgen,MintLoadgen,mem_used_percent,,average,34.13953679098186
2026-09-30T16:25:00+00:00,loadgen,MintLoadgen,mem_used_percent,,average,2.4121594117523513
2026-09-30T16:13:00+00:00,loadgen,MintLoadgen,mem_used_percent,,maximum,2.4731685021068137
2026-09-30T16:14:00+00:00,loadgen,MintLoadgen,mem_used_percent,,maximum,2.5054233080729027
2026-09-30T16:15:00+00:00,loadgen,MintLoadgen,mem_used_percent,,maximum,2.5529303866276076
2026-09-30T16:16:00+00:00,loadgen,MintLoadgen,mem_used_percent,,maximum,18.38989009362395
2026-09-30T16:17:00+00:00,loadgen,MintLoadgen,mem_used_percent,,maximum,29.264060344991403
2026-09-30T16:18:00+00:00,loadgen,MintLoadgen,mem_used_percent,,maximum,32.94755918631876
2026-09-30T16:19:00+00:00,loadgen,MintLoadgen,mem_used_percent,,maximum,33.22170003330496
2026-09-30T16:20:00+00:00,loadgen,MintLoadgen,mem_used_percent,,maximum,33.63661185516642
2026-09-30T16:21:00+00:00,loadgen,MintLoadgen,mem_used_percent,,maximum,33.789084573601464
2026-09-30T16:22:00+00:00,loadgen,MintLoadgen,mem_used_percent,,maximum,33.87444729264661
2026-09-30T16:23:00+00:00,loadgen,MintLoadgen,mem_used_percent,,maximum,34.1637403973192
2026-09-30T16:24:00+00:00,loadgen,MintLoadgen,mem_used_percent,,maximum,34.13953679098186
2026-09-30T16:25:00+00:00,loadgen,MintLoadgen,mem_used_percent,,maximum,2.4121594117523513
2026-09-30T16:13:00+00:00,loadgen,MintLoadgen,net_bytes_recv,interface=ens5,average,28327123.0
2026-09-30T16:14:00+00:00,loadgen,MintLoadgen,net_bytes_recv,interface=ens5,average,43079.0
2026-09-30T16:15:00+00:00,loadgen,MintLoadgen,net_bytes_recv,interface=ens5,average,36772.0
2026-09-30T16:16:00+00:00,loadgen,MintLoadgen,net_bytes_recv,interface=ens5,average,35527617.0
2026-09-30T16:17:00+00:00,loadgen,MintLoadgen,net_bytes_recv,interface=ens5,average,104792575.0
2026-09-30T16:18:00+00:00,loadgen,MintLoadgen,net_bytes_recv,interface=ens5,average,140665928.0
2026-09-30T16:19:00+00:00,loadgen,MintLoadgen,net_bytes_recv,interface=ens5,average,141043334.0
2026-09-30T16:20:00+00:00,loadgen,MintLoadgen,net_bytes_recv,interface=ens5,average,140011801.0
2026-09-30T16:21:00+00:00,loadgen,MintLoadgen,net_bytes_recv,interface=ens5,average,140636414.0
2026-09-30T16:22:00+00:00,loadgen,MintLoadgen,net_bytes_recv,interface=ens5,average,140963462.0
2026-09-30T16:23:00+00:00,loadgen,MintLoadgen,net_bytes_recv,interface=ens5,average,109144139.0
2026-09-30T16:24:00+00:00,loadgen,MintLoadgen,net_bytes_recv,interface=ens5,average,39414351.0
2026-09-30T16:25:00+00:00,loadgen,MintLoadgen,net_bytes_recv,interface=ens5,average,310825.0
2026-09-30T16:13:00+00:00,loadgen,MintLoadgen,net_bytes_recv,interface=ens5,maximum,28327123.0
2026-09-30T16:14:00+00:00,loadgen,MintLoadgen,net_bytes_recv,interface=ens5,maximum,43079.0
2026-09-30T16:15:00+00:00,loadgen,MintLoadgen,net_bytes_recv,interface=ens5,maximum,36772.0
2026-09-30T16:16:00+00:00,loadgen,MintLoadgen,net_bytes_recv,interface=ens5,maximum,35527617.0
2026-09-30T16:17:00+00:00,loadgen,MintLoadgen,net_bytes_recv,interface=ens5,maximum,104792575.0
2026-09-30T16:18:00+00:00,loadgen,MintLoadgen,net_bytes_recv,interface=ens5,maximum,140665928.0
2026-09-30T16:19:00+00:00,loadgen,MintLoadgen,net_bytes_recv,interface=ens5,maximum,141043334.0
2026-09-30T16:20:00+00:00,loadgen,MintLoadgen,net_bytes_recv,interface=ens5,maximum,140011801.0
2026-09-30T16:21:00+00:00,loadgen,MintLoadgen,net_bytes_recv,interface=ens5,maximum,140636414.0
2026-09-30T16:22:00+00:00,loadgen,MintLoadgen,net_bytes_recv,interface=ens5,maximum,140963462.0
2026-09-30T16:23:00+00:00,loadgen,MintLoadgen,net_bytes_recv,interface=ens5,maximum,109144139.0
2026-09-30T16:24:00+00:00,loadgen,MintLoadgen,net_bytes_recv,interface=ens5,maximum,39414351.0
2026-09-30T16:25:00+00:00,loadgen,MintLoadgen,net_bytes_recv,interface=ens5,maximum,310825.0
2026-09-30T16:13:00+00:00,loadgen,MintLoadgen,cpu_usage_user,cpu=cpu-total,average,2.620307382212059
2026-09-30T16:14:00+00:00,loadgen,MintLoadgen,cpu_usage_user,cpu=cpu-total,average,5.789363920750827
2026-09-30T16:15:00+00:00,loadgen,MintLoadgen,cpu_usage_user,cpu=cpu-total,average,0.09174311926606671
2026-09-30T16:16:00+00:00,loadgen,MintLoadgen,cpu_usage_user,cpu=cpu-total,average,4.721355703566306
2026-09-30T16:17:00+00:00,loadgen,MintLoadgen,cpu_usage_user,cpu=cpu-total,average,8.234743382415502
2026-09-30T16:18:00+00:00,loadgen,MintLoadgen,cpu_usage_user,cpu=cpu-total,average,10.51914313700451
2026-09-30T16:19:00+00:00,loadgen,MintLoadgen,cpu_usage_user,cpu=cpu-total,average,10.104011887072664
2026-09-30T16:20:00+00:00,loadgen,MintLoadgen,cpu_usage_user,cpu=cpu-total,average,10.794176323273504
2026-09-30T16:21:00+00:00,loadgen,MintLoadgen,cpu_usage_user,cpu=cpu-total,average,9.901328435350907
2026-09-30T16:22:00+00:00,loadgen,MintLoadgen,cpu_usage_user,cpu=cpu-total,average,10.035015799812253
2026-09-30T16:23:00+00:00,loadgen,MintLoadgen,cpu_usage_user,cpu=cpu-total,average,8.324498536957623
2026-09-30T16:24:00+00:00,loadgen,MintLoadgen,cpu_usage_user,cpu=cpu-total,average,2.950598549991595
2026-09-30T16:25:00+00:00,loadgen,MintLoadgen,cpu_usage_user,cpu=cpu-total,average,5.944187210611859
2026-09-30T16:13:00+00:00,loadgen,MintLoadgen,cpu_usage_user,cpu=cpu-total,maximum,2.620307382212059
2026-09-30T16:14:00+00:00,loadgen,MintLoadgen,cpu_usage_user,cpu=cpu-total,maximum,5.789363920750827
2026-09-30T16:15:00+00:00,loadgen,MintLoadgen,cpu_usage_user,cpu=cpu-total,maximum,0.09174311926606671
2026-09-30T16:16:00+00:00,loadgen,MintLoadgen,cpu_usage_user,cpu=cpu-total,maximum,4.721355703566306
2026-09-30T16:17:00+00:00,loadgen,MintLoadgen,cpu_usage_user,cpu=cpu-total,maximum,8.234743382415502
2026-09-30T16:18:00+00:00,loadgen,MintLoadgen,cpu_usage_user,cpu=cpu-total,maximum,10.51914313700451
2026-09-30T16:19:00+00:00,loadgen,MintLoadgen,cpu_usage_user,cpu=cpu-total,maximum,10.104011887072664
2026-09-30T16:20:00+00:00,loadgen,MintLoadgen,cpu_usage_user,cpu=cpu-total,maximum,10.794176323273504
2026-09-30T16:21:00+00:00,loadgen,MintLoadgen,cpu_usage_user,cpu=cpu-total,maximum,9.901328435350907
2026-09-30T16:22:00+00:00,loadgen,MintLoadgen,cpu_usage_user,cpu=cpu-total,maximum,10.035015799812253
2026-09-30T16:23:00+00:00,loadgen,MintLoadgen,cpu_usage_user,cpu=cpu-total,maximum,8.324498536957623
2026-09-30T16:24:00+00:00,loadgen,MintLoadgen,cpu_usage_user,cpu=cpu-total,maximum,2.950598549991595
2026-09-30T16:25:00+00:00,loadgen,MintLoadgen,cpu_usage_user,cpu=cpu-total,maximum,5.944187210611859
2026-09-30T16:13:00+00:00,loadgen,MintLoadgen,cpu_usage_system,cpu=cpu-total,average,0.5458973712942028
2026-09-30T16:14:00+00:00,loadgen,MintLoadgen,cpu_usage_system,cpu=cpu-total,average,0.054223149113658164
2026-09-30T16:15:00+00:00,loadgen,MintLoadgen,cpu_usage_system,cpu=cpu-total,average,0.037531276063399545
2026-09-30T16:16:00+00:00,loadgen,MintLoadgen,cpu_usage_system,cpu=cpu-total,average,1.0623050333024069
2026-09-30T16:17:00+00:00,loadgen,MintLoadgen,cpu_usage_system,cpu=cpu-total,average,1.6341816324793765
2026-09-30T16:18:00+00:00,loadgen,MintLoadgen,cpu_usage_system,cpu=cpu-total,average,1.8142327839529975
2026-09-30T16:19:00+00:00,loadgen,MintLoadgen,cpu_usage_system,cpu=cpu-total,average,1.82551475270639
2026-09-30T16:20:00+00:00,loadgen,MintLoadgen,cpu_usage_system,cpu=cpu-total,average,1.833694129632008
2026-09-30T16:21:00+00:00,loadgen,MintLoadgen,cpu_usage_system,cpu=cpu-total,average,1.7214130109777295
2026-09-30T16:22:00+00:00,loadgen,MintLoadgen,cpu_usage_system,cpu=cpu-total,average,1.6269536254163706
2026-09-30T16:23:00+00:00,loadgen,MintLoadgen,cpu_usage_system,cpu=cpu-total,average,1.4588015775412317
2026-09-30T16:24:00+00:00,loadgen,MintLoadgen,cpu_usage_system,cpu=cpu-total,average,0.6617771033552549
2026-09-30T16:25:00+00:00,loadgen,MintLoadgen,cpu_usage_system,cpu=cpu-total,average,0.12096942393526743
2026-09-30T16:13:00+00:00,loadgen,MintLoadgen,cpu_usage_system,cpu=cpu-total,maximum,0.5458973712942028
2026-09-30T16:14:00+00:00,loadgen,MintLoadgen,cpu_usage_system,cpu=cpu-total,maximum,0.054223149113658164
2026-09-30T16:15:00+00:00,loadgen,MintLoadgen,cpu_usage_system,cpu=cpu-total,maximum,0.037531276063399545
2026-09-30T16:16:00+00:00,loadgen,MintLoadgen,cpu_usage_system,cpu=cpu-total,maximum,1.0623050333024069
2026-09-30T16:17:00+00:00,loadgen,MintLoadgen,cpu_usage_system,cpu=cpu-total,maximum,1.6341816324793765
2026-09-30T16:18:00+00:00,loadgen,MintLoadgen,cpu_usage_system,cpu=cpu-total,maximum,1.8142327839529975
2026-09-30T16:19:00+00:00,loadgen,MintLoadgen,cpu_usage_system,cpu=cpu-total,maximum,1.82551475270639
2026-09-30T16:20:00+00:00,loadgen,MintLoadgen,cpu_usage_system,cpu=cpu-total,maximum,1.833694129632008
2026-09-30T16:21:00+00:00,loadgen,MintLoadgen,cpu_usage_system,cpu=cpu-total,maximum,1.7214130109777295
2026-09-30T16:22:00+00:00,loadgen,MintLoadgen,cpu_usage_system,cpu=cpu-total,maximum,1.6269536254163706
2026-09-30T16:23:00+00:00,loadgen,MintLoadgen,cpu_usage_system,cpu=cpu-total,maximum,1.4588015775412317
2026-09-30T16:24:00+00:00,loadgen,MintLoadgen,cpu_usage_system,cpu=cpu-total,maximum,0.6617771033552549
2026-09-30T16:25:00+00:00,loadgen,MintLoadgen,cpu_usage_system,cpu=cpu-total,maximum,0.12096942393526743
2026-09-30T16:13:00+00:00,loadgen,MintLoadgen,cpu_usage_idle,cpu=cpu-total,average,96.49785840262024
2026-09-30T16:14:00+00:00,loadgen,MintLoadgen,cpu_usage_idle,cpu=cpu-total,average,94.13555787278361
2026-09-30T16:15:00+00:00,loadgen,MintLoadgen,cpu_usage_idle,cpu=cpu-total,average,99.84153461217791
2026-09-30T16:16:00+00:00,loadgen,MintLoadgen,cpu_usage_idle,cpu=cpu-total,average,93.70204873113471
2026-09-30T16:17:00+00:00,loadgen,MintLoadgen,cpu_usage_idle,cpu=cpu-total,average,89.27142735551998
2026-09-30T16:18:00+00:00,loadgen,MintLoadgen,cpu_usage_idle,cpu=cpu-total,average,86.55082832928818
2026-09-30T16:19:00+00:00,loadgen,MintLoadgen,cpu_usage_idle,cpu=cpu-total,average,86.91997452770073
2026-09-30T16:20:00+00:00,loadgen,MintLoadgen,cpu_usage_idle,cpu=cpu-total,average,86.23031537841067
2026-09-30T16:21:00+00:00,loadgen,MintLoadgen,cpu_usage_idle,cpu=cpu-total,average,87.3307419589083
2026-09-30T16:22:00+00:00,loadgen,MintLoadgen,cpu_usage_idle,cpu=cpu-total,average,87.21069262960222
2026-09-30T16:23:00+00:00,loadgen,MintLoadgen,cpu_usage_idle,cpu=cpu-total,average,89.41944786056546
2026-09-30T16:24:00+00:00,loadgen,MintLoadgen,cpu_usage_idle,cpu=cpu-total,average,96.01247681672601
2026-09-30T16:25:00+00:00,loadgen,MintLoadgen,cpu_usage_idle,cpu=cpu-total,average,93.8889584115458
2026-09-30T16:13:00+00:00,loadgen,MintLoadgen,cpu_usage_idle,cpu=cpu-total,maximum,96.49785840262024
2026-09-30T16:14:00+00:00,loadgen,MintLoadgen,cpu_usage_idle,cpu=cpu-total,maximum,94.13555787278361
2026-09-30T16:15:00+00:00,loadgen,MintLoadgen,cpu_usage_idle,cpu=cpu-total,maximum,99.84153461217791
2026-09-30T16:16:00+00:00,loadgen,MintLoadgen,cpu_usage_idle,cpu=cpu-total,maximum,93.70204873113471
2026-09-30T16:17:00+00:00,loadgen,MintLoadgen,cpu_usage_idle,cpu=cpu-total,maximum,89.27142735551998
2026-09-30T16:18:00+00:00,loadgen,MintLoadgen,cpu_usage_idle,cpu=cpu-total,maximum,86.55082832928818
2026-09-30T16:19:00+00:00,loadgen,MintLoadgen,cpu_usage_idle,cpu=cpu-total,maximum,86.91997452770073
2026-09-30T16:20:00+00:00,loadgen,MintLoadgen,cpu_usage_idle,cpu=cpu-total,maximum,86.23031537841067
2026-09-30T16:21:00+00:00,loadgen,MintLoadgen,cpu_usage_idle,cpu=cpu-total,maximum,87.3307419589083
2026-09-30T16:22:00+00:00,loadgen,MintLoadgen,cpu_usage_idle,cpu=cpu-total,maximum,87.21069262960222
2026-09-30T16:23:00+00:00,loadgen,MintLoadgen,cpu_usage_idle,cpu=cpu-total,maximum,89.41944786056546
2026-09-30T16:24:00+00:00,loadgen,MintLoadgen,cpu_usage_idle,cpu=cpu-total,maximum,96.01247681672601
2026-09-30T16:25:00+00:00,loadgen,MintLoadgen,cpu_usage_idle,cpu=cpu-total,maximum,93.8889584115458
2026-09-30T16:13:00+00:00,loadgen,MintLoadgen,net_bytes_sent,interface=ens5,average,4369343.0
2026-09-30T16:14:00+00:00,loadgen,MintLoadgen,net_bytes_sent,interface=ens5,average,80061.0
2026-09-30T16:15:00+00:00,loadgen,MintLoadgen,net_bytes_sent,interface=ens5,average,69317.0
2026-09-30T16:16:00+00:00,loadgen,MintLoadgen,net_bytes_sent,interface=ens5,average,4791639.0
2026-09-30T16:17:00+00:00,loadgen,MintLoadgen,net_bytes_sent,interface=ens5,average,13428606.0
2026-09-30T16:18:00+00:00,loadgen,MintLoadgen,net_bytes_sent,interface=ens5,average,17527177.0
2026-09-30T16:19:00+00:00,loadgen,MintLoadgen,net_bytes_sent,interface=ens5,average,17583937.0
2026-09-30T16:20:00+00:00,loadgen,MintLoadgen,net_bytes_sent,interface=ens5,average,17370509.0
2026-09-30T16:21:00+00:00,loadgen,MintLoadgen,net_bytes_sent,interface=ens5,average,17497853.0
2026-09-30T16:22:00+00:00,loadgen,MintLoadgen,net_bytes_sent,interface=ens5,average,17519014.0
2026-09-30T16:23:00+00:00,loadgen,MintLoadgen,net_bytes_sent,interface=ens5,average,13663834.0
2026-09-30T16:24:00+00:00,loadgen,MintLoadgen,net_bytes_sent,interface=ens5,average,5497872.0
2026-09-30T16:25:00+00:00,loadgen,MintLoadgen,net_bytes_sent,interface=ens5,average,417288.0
2026-09-30T16:13:00+00:00,loadgen,MintLoadgen,net_bytes_sent,interface=ens5,maximum,4369343.0
2026-09-30T16:14:00+00:00,loadgen,MintLoadgen,net_bytes_sent,interface=ens5,maximum,80061.0
2026-09-30T16:15:00+00:00,loadgen,MintLoadgen,net_bytes_sent,interface=ens5,maximum,69317.0
2026-09-30T16:16:00+00:00,loadgen,MintLoadgen,net_bytes_sent,interface=ens5,maximum,4791639.0
2026-09-30T16:17:00+00:00,loadgen,MintLoadgen,net_bytes_sent,interface=ens5,maximum,13428606.0
2026-09-30T16:18:00+00:00,loadgen,MintLoadgen,net_bytes_sent,interface=ens5,maximum,17527177.0
2026-09-30T16:19:00+00:00,loadgen,MintLoadgen,net_bytes_sent,interface=ens5,maximum,17583937.0
2026-09-30T16:20:00+00:00,loadgen,MintLoadgen,net_bytes_sent,interface=ens5,maximum,17370509.0
2026-09-30T16:21:00+00:00,loadgen,MintLoadgen,net_bytes_sent,interface=ens5,maximum,17497853.0
2026-09-30T16:22:00+00:00,loadgen,MintLoadgen,net_bytes_sent,interface=ens5,maximum,17519014.0
2026-09-30T16:23:00+00:00,loadgen,MintLoadgen,net_bytes_sent,interface=ens5,maximum,13663834.0
2026-09-30T16:24:00+00:00,loadgen,MintLoadgen,net_bytes_sent,interface=ens5,maximum,5497872.0
2026-09-30T16:25:00+00:00,loadgen,MintLoadgen,net_bytes_sent,interface=ens5,maximum,417288.0
2026-09-30T16:15:00+00:00,loadgen,AWS/EC2,CPUUtilization,,average,9.944666666666668
2026-09-30T16:20:00+00:00,loadgen,AWS/EC2,CPUUtilization,,average,15.24033333333333
2026-09-30T16:25:00+00:00,loadgen,AWS/EC2,CPUUtilization,,average,7.537999999999999
2026-09-30T16:15:00+00:00,loadgen,AWS/EC2,CPUUtilization,,maximum,17.261666666666667
2026-09-30T16:20:00+00:00,loadgen,AWS/EC2,CPUUtilization,,maximum,17.383333333333333
2026-09-30T16:25:00+00:00,loadgen,AWS/EC2,CPUUtilization,,maximum,16.086666666666666
2026-09-30T16:15:00+00:00,loadgen,AWS/EC2,NetworkOut,,average,8309901.4
2026-09-30T16:20:00+00:00,loadgen,AWS/EC2,NetworkOut,,average,16129647.2
2026-09-30T16:25:00+00:00,loadgen,AWS/EC2,NetworkOut,,average,4950114.0
2026-09-30T16:15:00+00:00,loadgen,AWS/EC2,NetworkOut,,maximum,17648359.0
2026-09-30T16:20:00+00:00,loadgen,AWS/EC2,NetworkOut,,maximum,17552949.0
2026-09-30T16:25:00+00:00,loadgen,AWS/EC2,NetworkOut,,maximum,15046841.0
2026-09-30T16:15:00+00:00,loadgen,AWS/EC2,NetworkIn,,average,66439820.4
2026-09-30T16:20:00+00:00,loadgen,AWS/EC2,NetworkIn,,average,131568020.6
2026-09-30T16:25:00+00:00,loadgen,AWS/EC2,NetworkIn,,average,37927070.0
2026-09-30T16:15:00+00:00,loadgen,AWS/EC2,NetworkIn,,maximum,144538392.0
2026-09-30T16:20:00+00:00,loadgen,AWS/EC2,NetworkIn,,maximum,144523584.0
2026-09-30T16:25:00+00:00,loadgen,AWS/EC2,NetworkIn,,maximum,120622784.0
2026-09-30T16:13:00+00:00,db,AWS/RDS,WriteLatency,,average,0.0006775700934579439
2026-09-30T16:14:00+00:00,db,AWS/RDS,WriteLatency,,average,0.00034782608695652176
2026-09-30T16:15:00+00:00,db,AWS/RDS,WriteLatency,,average,0.0007619047619047619
2026-09-30T16:16:00+00:00,db,AWS/RDS,WriteLatency,,average,0.0006439716312056738
2026-09-30T16:17:00+00:00,db,AWS/RDS,WriteLatency,,average,0.0012723680496754164
2026-09-30T16:18:00+00:00,db,AWS/RDS,WriteLatency,,average,0.0009494949494949495
2026-09-30T16:19:00+00:00,db,AWS/RDS,WriteLatency,,average,0.0009320012890750886
2026-09-30T16:20:00+00:00,db,AWS/RDS,WriteLatency,,average,0.0009517426273458444
2026-09-30T16:21:00+00:00,db,AWS/RDS,WriteLatency,,average,0.000925937800577108
2026-09-30T16:22:00+00:00,db,AWS/RDS,WriteLatency,,average,0.0016527390900649955
2026-09-30T16:23:00+00:00,db,AWS/RDS,WriteLatency,,average,0.0009261410788381744
2026-09-30T16:24:00+00:00,db,AWS/RDS,WriteLatency,,average,0.0010009233610341645
2026-09-30T16:25:00+00:00,db,AWS/RDS,WriteLatency,,average,0.0006956521739130435
2026-09-30T16:13:00+00:00,db,AWS/RDS,WriteLatency,,maximum,0.0006775700934579439
2026-09-30T16:14:00+00:00,db,AWS/RDS,WriteLatency,,maximum,0.00034782608695652176
2026-09-30T16:15:00+00:00,db,AWS/RDS,WriteLatency,,maximum,0.0007619047619047619
2026-09-30T16:16:00+00:00,db,AWS/RDS,WriteLatency,,maximum,0.0006439716312056738
2026-09-30T16:17:00+00:00,db,AWS/RDS,WriteLatency,,maximum,0.0012723680496754164
2026-09-30T16:18:00+00:00,db,AWS/RDS,WriteLatency,,maximum,0.0009494949494949495
2026-09-30T16:19:00+00:00,db,AWS/RDS,WriteLatency,,maximum,0.0009320012890750886
2026-09-30T16:20:00+00:00,db,AWS/RDS,WriteLatency,,maximum,0.0009517426273458444
2026-09-30T16:21:00+00:00,db,AWS/RDS,WriteLatency,,maximum,0.000925937800577108
2026-09-30T16:22:00+00:00,db,AWS/RDS,WriteLatency,,maximum,0.0016527390900649955
2026-09-30T16:23:00+00:00,db,AWS/RDS,WriteLatency,,maximum,0.0009261410788381744
2026-09-30T16:24:00+00:00,db,AWS/RDS,WriteLatency,,maximum,0.0010009233610341645
2026-09-30T16:25:00+00:00,db,AWS/RDS,WriteLatency,,maximum,0.0006956521739130435
2026-09-30T16:13:00+00:00,db,AWS/RDS,WriteIOPS,,average,12.736729794611897
2026-09-30T16:14:00+00:00,db,AWS/RDS,WriteIOPS,,average,0.30005000833472245
2026-09-30T16:15:00+00:00,db,AWS/RDS,WriteIOPS,,average,0.26667555585186176
2026-09-30T16:16:00+00:00,db,AWS/RDS,WriteIOPS,,average,12.262987770335567
2026-09-30T16:17:00+00:00,db,AWS/RDS,WriteIOPS,,average,55.42128510709226
2026-09-30T16:18:00+00:00,db,AWS/RDS,WriteIOPS,,average,50.12823501981814
2026-09-30T16:19:00+00:00,db,AWS/RDS,WriteIOPS,,average,49.34813777466573
2026-09-30T16:20:00+00:00,db,AWS/RDS,WriteIOPS,,average,47.8728720391778
2026-09-30T16:21:00+00:00,db,AWS/RDS,WriteIOPS,,average,50.15010006671114
2026-09-30T16:22:00+00:00,db,AWS/RDS,WriteIOPS,,average,67.6448520216757
2026-09-30T16:23:00+00:00,db,AWS/RDS,WriteIOPS,,average,38.41794726490883
2026-09-30T16:24:00+00:00,db,AWS/RDS,WriteIOPS,,average,16.5319556703608
2026-09-30T16:25:00+00:00,db,AWS/RDS,WriteIOPS,,average,0.6500866782237632
2026-09-30T16:13:00+00:00,db,AWS/RDS,WriteIOPS,,maximum,12.736729794611897
2026-09-30T16:14:00+00:00,db,AWS/RDS,WriteIOPS,,maximum,0.30005000833472245
2026-09-30T16:15:00+00:00,db,AWS/RDS,WriteIOPS,,maximum,0.26667555585186176
2026-09-30T16:16:00+00:00,db,AWS/RDS,WriteIOPS,,maximum,12.262987770335567
2026-09-30T16:17:00+00:00,db,AWS/RDS,WriteIOPS,,maximum,55.42128510709226
2026-09-30T16:18:00+00:00,db,AWS/RDS,WriteIOPS,,maximum,50.12823501981814
2026-09-30T16:19:00+00:00,db,AWS/RDS,WriteIOPS,,maximum,49.34813777466573
2026-09-30T16:20:00+00:00,db,AWS/RDS,WriteIOPS,,maximum,47.8728720391778
2026-09-30T16:21:00+00:00,db,AWS/RDS,WriteIOPS,,maximum,50.15010006671114
2026-09-30T16:22:00+00:00,db,AWS/RDS,WriteIOPS,,maximum,67.6448520216757
2026-09-30T16:23:00+00:00,db,AWS/RDS,WriteIOPS,,maximum,38.41794726490883
2026-09-30T16:24:00+00:00,db,AWS/RDS,WriteIOPS,,maximum,16.5319556703608
2026-09-30T16:25:00+00:00,db,AWS/RDS,WriteIOPS,,maximum,0.6500866782237632
2026-09-30T16:13:00+00:00,db,AWS/RDS,ReadIOPS,,average,0.08335556148306215
2026-09-30T16:14:00+00:00,db,AWS/RDS,ReadIOPS,,average,0.0
2026-09-30T16:15:00+00:00,db,AWS/RDS,ReadIOPS,,average,1.300043334777826
2026-09-30T16:16:00+00:00,db,AWS/RDS,ReadIOPS,,average,0.083308340831084
2026-09-30T16:17:00+00:00,db,AWS/RDS,ReadIOPS,,average,0.1166763896991416
2026-09-30T16:18:00+00:00,db,AWS/RDS,ReadIOPS,,average,0.14988508809912401
2026-09-30T16:19:00+00:00,db,AWS/RDS,ReadIOPS,,average,0.0
2026-09-30T16:20:00+00:00,db,AWS/RDS,ReadIOPS,,average,1.2992637505413598
2026-09-30T16:21:00+00:00,db,AWS/RDS,ReadIOPS,,average,0.0
2026-09-30T16:22:00+00:00,db,AWS/RDS,ReadIOPS,,average,0.0500208420175073
2026-09-30T16:23:00+00:00,db,AWS/RDS,ReadIOPS,,average,0.0
2026-09-30T16:24:00+00:00,db,AWS/RDS,ReadIOPS,,average,0.29997500208315975
2026-09-30T16:25:00+00:00,db,AWS/RDS,ReadIOPS,,average,1.3001733564475264
2026-09-30T16:13:00+00:00,db,AWS/RDS,ReadIOPS,,maximum,0.08335556148306215
2026-09-30T16:14:00+00:00,db,AWS/RDS,ReadIOPS,,maximum,0.0
2026-09-30T16:15:00+00:00,db,AWS/RDS,ReadIOPS,,maximum,1.300043334777826
2026-09-30T16:16:00+00:00,db,AWS/RDS,ReadIOPS,,maximum,0.083308340831084
2026-09-30T16:17:00+00:00,db,AWS/RDS,ReadIOPS,,maximum,0.1166763896991416
2026-09-30T16:18:00+00:00,db,AWS/RDS,ReadIOPS,,maximum,0.14988508809912401
2026-09-30T16:19:00+00:00,db,AWS/RDS,ReadIOPS,,maximum,0.0
2026-09-30T16:20:00+00:00,db,AWS/RDS,ReadIOPS,,maximum,1.2992637505413598
2026-09-30T16:21:00+00:00,db,AWS/RDS,ReadIOPS,,maximum,0.0
2026-09-30T16:22:00+00:00,db,AWS/RDS,ReadIOPS,,maximum,0.0500208420175073
2026-09-30T16:23:00+00:00,db,AWS/RDS,ReadIOPS,,maximum,0.0
2026-09-30T16:24:00+00:00,db,AWS/RDS,ReadIOPS,,maximum,0.29997500208315975
2026-09-30T16:25:00+00:00,db,AWS/RDS,ReadIOPS,,maximum,1.3001733564475264
2026-09-30T16:13:00+00:00,db,AWS/RDS,ReadThroughput,,average,1707.1218991731128
2026-09-30T16:14:00+00:00,db,AWS/RDS,ReadThroughput,,average,0.0
2026-09-30T16:15:00+00:00,db,AWS/RDS,ReadThroughput,,average,682.6780446340772
2026-09-30T16:16:00+00:00,db,AWS/RDS,ReadThroughput,,average,409.4839795391306
2026-09-30T16:17:00+00:00,db,AWS/RDS,ReadThroughput,,average,1297.1747645637136
2026-09-30T16:18:00+00:00,db,AWS/RDS,ReadThroughput,,average,613.9395453409943
2026-09-30T16:19:00+00:00,db,AWS/RDS,ReadThroughput,,average,0.0
2026-09-30T16:20:00+00:00,db,AWS/RDS,ReadThroughput,,average,682.2573122792991
2026-09-30T16:21:00+00:00,db,AWS/RDS,ReadThroughput,,average,0.0
2026-09-30T16:22:00+00:00,db,AWS/RDS,ReadThroughput,,average,204.86487387672764
2026-09-30T16:23:00+00:00,db,AWS/RDS,ReadThroughput,,average,0.0
2026-09-30T16:24:00+00:00,db,AWS/RDS,ReadThroughput,,average,5051.312390634113
2026-09-30T16:25:00+00:00,db,AWS/RDS,ReadThroughput,,average,682.769082028971
2026-09-30T16:13:00+00:00,db,AWS/RDS,ReadThroughput,,maximum,1707.1218991731128
2026-09-30T16:14:00+00:00,db,AWS/RDS,ReadThroughput,,maximum,0.0
2026-09-30T16:15:00+00:00,db,AWS/RDS,ReadThroughput,,maximum,682.6780446340772
2026-09-30T16:16:00+00:00,db,AWS/RDS,ReadThroughput,,maximum,409.4839795391306
2026-09-30T16:17:00+00:00,db,AWS/RDS,ReadThroughput,,maximum,1297.1747645637136
2026-09-30T16:18:00+00:00,db,AWS/RDS,ReadThroughput,,maximum,613.9395453409943
2026-09-30T16:19:00+00:00,db,AWS/RDS,ReadThroughput,,maximum,0.0
2026-09-30T16:20:00+00:00,db,AWS/RDS,ReadThroughput,,maximum,682.2573122792991
2026-09-30T16:21:00+00:00,db,AWS/RDS,ReadThroughput,,maximum,0.0
2026-09-30T16:22:00+00:00,db,AWS/RDS,ReadThroughput,,maximum,204.86487387672764
2026-09-30T16:23:00+00:00,db,AWS/RDS,ReadThroughput,,maximum,0.0
2026-09-30T16:24:00+00:00,db,AWS/RDS,ReadThroughput,,maximum,5051.312390634113
2026-09-30T16:25:00+00:00,db,AWS/RDS,ReadThroughput,,maximum,682.769082028971
2026-09-30T16:13:00+00:00,db,AWS/RDS,WriteThroughput,,average,117449.98666311016
2026-09-30T16:14:00+00:00,db,AWS/RDS,WriteThroughput,,average,1570.3950658443073
2026-09-30T16:15:00+00:00,db,AWS/RDS,WriteThroughput,,average,1570.1595026583777
2026-09-30T16:16:00+00:00,db,AWS/RDS,WriteThroughput,,average,211293.73344219138
2026-09-30T16:17:00+00:00,db,AWS/RDS,WriteThroughput,,average,2511671.705975498
2026-09-30T16:18:00+00:00,db,AWS/RDS,WriteThroughput,,average,440808.59355483385
2026-09-30T16:19:00+00:00,db,AWS/RDS,WriteThroughput,,average,426528.6674113469
2026-09-30T16:20:00+00:00,db,AWS/RDS,WriteThroughput,,average,411401.1593044173
2026-09-30T16:21:00+00:00,db,AWS/RDS,WriteThroughput,,average,432049.63805584284
2026-09-30T16:22:00+00:00,db,AWS/RDS,WriteThroughput,,average,2647741.91827412
2026-09-30T16:23:00+00:00,db,AWS/RDS,WriteThroughput,,average,330353.4117803927
2026-09-30T16:24:00+00:00,db,AWS/RDS,WriteThroughput,,average,143484.57628530957
2026-09-30T16:25:00+00:00,db,AWS/RDS,WriteThroughput,,average,4233.16830857962
2026-09-30T16:13:00+00:00,db,AWS/RDS,WriteThroughput,,maximum,117449.98666311016
2026-09-30T16:14:00+00:00,db,AWS/RDS,WriteThroughput,,maximum,1570.3950658443073
2026-09-30T16:15:00+00:00,db,AWS/RDS,WriteThroughput,,maximum,1570.1595026583777
2026-09-30T16:16:00+00:00,db,AWS/RDS,WriteThroughput,,maximum,211293.73344219138
2026-09-30T16:17:00+00:00,db,AWS/RDS,WriteThroughput,,maximum,2511671.705975498
2026-09-30T16:18:00+00:00,db,AWS/RDS,WriteThroughput,,maximum,440808.59355483385
2026-09-30T16:19:00+00:00,db,AWS/RDS,WriteThroughput,,maximum,426528.6674113469
2026-09-30T16:20:00+00:00,db,AWS/RDS,WriteThroughput,,maximum,411401.1593044173
2026-09-30T16:21:00+00:00,db,AWS/RDS,WriteThroughput,,maximum,432049.63805584284
2026-09-30T16:22:00+00:00,db,AWS/RDS,WriteThroughput,,maximum,2647741.91827412
2026-09-30T16:23:00+00:00,db,AWS/RDS,WriteThroughput,,maximum,330353.4117803927
2026-09-30T16:24:00+00:00,db,AWS/RDS,WriteThroughput,,maximum,143484.57628530957
2026-09-30T16:25:00+00:00,db,AWS/RDS,WriteThroughput,,maximum,4233.16830857962
2026-09-30T16:15:00+00:00,db,AWS/RDS,CPUCreditBalance,,average,0.0
2026-09-30T16:20:00+00:00,db,AWS/RDS,CPUCreditBalance,,average,0.0
2026-09-30T16:25:00+00:00,db,AWS/RDS,CPUCreditBalance,,average,0.0
2026-09-30T16:15:00+00:00,db,AWS/RDS,CPUCreditBalance,,maximum,0.0
2026-09-30T16:20:00+00:00,db,AWS/RDS,CPUCreditBalance,,maximum,0.0
2026-09-30T16:25:00+00:00,db,AWS/RDS,CPUCreditBalance,,maximum,0.0
2026-09-30T16:13:00+00:00,db,AWS/RDS,FreeableMemory,,average,134541312.0
2026-09-30T16:14:00+00:00,db,AWS/RDS,FreeableMemory,,average,136839168.0
2026-09-30T16:15:00+00:00,db,AWS/RDS,FreeableMemory,,average,134868992.0
2026-09-30T16:16:00+00:00,db,AWS/RDS,FreeableMemory,,average,134762496.0
2026-09-30T16:17:00+00:00,db,AWS/RDS,FreeableMemory,,average,134672384.0
2026-09-30T16:18:00+00:00,db,AWS/RDS,FreeableMemory,,average,135577600.0
2026-09-30T16:19:00+00:00,db,AWS/RDS,FreeableMemory,,average,136986624.0
2026-09-30T16:20:00+00:00,db,AWS/RDS,FreeableMemory,,average,134270976.0
2026-09-30T16:21:00+00:00,db,AWS/RDS,FreeableMemory,,average,133976064.0
2026-09-30T16:22:00+00:00,db,AWS/RDS,FreeableMemory,,average,133083136.0
2026-09-30T16:23:00+00:00,db,AWS/RDS,FreeableMemory,,average,132288512.0
2026-09-30T16:24:00+00:00,db,AWS/RDS,FreeableMemory,,average,136105984.0
2026-09-30T16:25:00+00:00,db,AWS/RDS,FreeableMemory,,average,134905856.0
2026-09-30T16:13:00+00:00,db,AWS/RDS,FreeableMemory,,maximum,134541312.0
2026-09-30T16:14:00+00:00,db,AWS/RDS,FreeableMemory,,maximum,136839168.0
2026-09-30T16:15:00+00:00,db,AWS/RDS,FreeableMemory,,maximum,134868992.0
2026-09-30T16:16:00+00:00,db,AWS/RDS,FreeableMemory,,maximum,134762496.0
2026-09-30T16:17:00+00:00,db,AWS/RDS,FreeableMemory,,maximum,134672384.0
2026-09-30T16:18:00+00:00,db,AWS/RDS,FreeableMemory,,maximum,135577600.0
2026-09-30T16:19:00+00:00,db,AWS/RDS,FreeableMemory,,maximum,136986624.0
2026-09-30T16:20:00+00:00,db,AWS/RDS,FreeableMemory,,maximum,134270976.0
2026-09-30T16:21:00+00:00,db,AWS/RDS,FreeableMemory,,maximum,133976064.0
2026-09-30T16:22:00+00:00,db,AWS/RDS,FreeableMemory,,maximum,133083136.0
2026-09-30T16:23:00+00:00,db,AWS/RDS,FreeableMemory,,maximum,132288512.0
2026-09-30T16:24:00+00:00,db,AWS/RDS,FreeableMemory,,maximum,136105984.0
2026-09-30T16:25:00+00:00,db,AWS/RDS,FreeableMemory,,maximum,134905856.0
2026-09-30T16:13:00+00:00,db,AWS/RDS,CPUUtilization,,average,9.491666666666665
2026-09-30T16:14:00+00:00,db,AWS/RDS,CPUUtilization,,average,3.7416666666666663
2026-09-30T16:15:00+00:00,db,AWS/RDS,CPUUtilization,,average,4.208333333333334
2026-09-30T16:16:00+00:00,db,AWS/RDS,CPUUtilization,,average,7.883333333333335
2026-09-30T16:17:00+00:00,db,AWS/RDS,CPUUtilization,,average,14.766666666666666
2026-09-30T16:18:00+00:00,db,AWS/RDS,CPUUtilization,,average,19.075
2026-09-30T16:19:00+00:00,db,AWS/RDS,CPUUtilization,,average,18.710655164373982
2026-09-30T16:20:00+00:00,db,AWS/RDS,CPUUtilization,,average,19.366666666666664
2026-09-30T16:21:00+00:00,db,AWS/RDS,CPUUtilization,,average,19.225320422007034
2026-09-30T16:22:00+00:00,db,AWS/RDS,CPUUtilization,,average,18.638979234425822
2026-09-30T16:23:00+00:00,db,AWS/RDS,CPUUtilization,,average,16.8
2026-09-30T16:24:00+00:00,db,AWS/RDS,CPUUtilization,,average,10.558747605962195
2026-09-30T16:25:00+00:00,db,AWS/RDS,CPUUtilization,,average,4.416666666666666
2026-09-30T16:13:00+00:00,db,AWS/RDS,CPUUtilization,,maximum,9.491666666666665
2026-09-30T16:14:00+00:00,db,AWS/RDS,CPUUtilization,,maximum,3.7416666666666663
2026-09-30T16:15:00+00:00,db,AWS/RDS,CPUUtilization,,maximum,4.208333333333334
2026-09-30T16:16:00+00:00,db,AWS/RDS,CPUUtilization,,maximum,7.883333333333335
2026-09-30T16:17:00+00:00,db,AWS/RDS,CPUUtilization,,maximum,14.766666666666666
2026-09-30T16:18:00+00:00,db,AWS/RDS,CPUUtilization,,maximum,19.075
2026-09-30T16:19:00+00:00,db,AWS/RDS,CPUUtilization,,maximum,18.710655164373982
2026-09-30T16:20:00+00:00,db,AWS/RDS,CPUUtilization,,maximum,19.366666666666664
2026-09-30T16:21:00+00:00,db,AWS/RDS,CPUUtilization,,maximum,19.225320422007034
2026-09-30T16:22:00+00:00,db,AWS/RDS,CPUUtilization,,maximum,18.638979234425822
2026-09-30T16:23:00+00:00,db,AWS/RDS,CPUUtilization,,maximum,16.8
2026-09-30T16:24:00+00:00,db,AWS/RDS,CPUUtilization,,maximum,10.558747605962195
2026-09-30T16:25:00+00:00,db,AWS/RDS,CPUUtilization,,maximum,4.416666666666666
2026-09-30T16:13:00+00:00,db,AWS/RDS,SwapUsage,,average,516096.0
2026-09-30T16:14:00+00:00,db,AWS/RDS,SwapUsage,,average,516096.0
2026-09-30T16:15:00+00:00,db,AWS/RDS,SwapUsage,,average,516096.0
2026-09-30T16:16:00+00:00,db,AWS/RDS,SwapUsage,,average,516096.0
2026-09-30T16:17:00+00:00,db,AWS/RDS,SwapUsage,,average,516096.0
2026-09-30T16:18:00+00:00,db,AWS/RDS,SwapUsage,,average,520192.0
2026-09-30T16:19:00+00:00,db,AWS/RDS,SwapUsage,,average,520192.0
2026-09-30T16:20:00+00:00,db,AWS/RDS,SwapUsage,,average,520192.0
2026-09-30T16:21:00+00:00,db,AWS/RDS,SwapUsage,,average,520192.0
2026-09-30T16:22:00+00:00,db,AWS/RDS,SwapUsage,,average,520192.0
2026-09-30T16:23:00+00:00,db,AWS/RDS,SwapUsage,,average,520192.0
2026-09-30T16:24:00+00:00,db,AWS/RDS,SwapUsage,,average,516096.0
2026-09-30T16:25:00+00:00,db,AWS/RDS,SwapUsage,,average,516096.0
2026-09-30T16:13:00+00:00,db,AWS/RDS,SwapUsage,,maximum,516096.0
2026-09-30T16:14:00+00:00,db,AWS/RDS,SwapUsage,,maximum,516096.0
2026-09-30T16:15:00+00:00,db,AWS/RDS,SwapUsage,,maximum,516096.0
2026-09-30T16:16:00+00:00,db,AWS/RDS,SwapUsage,,maximum,516096.0
2026-09-30T16:17:00+00:00,db,AWS/RDS,SwapUsage,,maximum,516096.0
2026-09-30T16:18:00+00:00,db,AWS/RDS,SwapUsage,,maximum,520192.0
2026-09-30T16:19:00+00:00,db,AWS/RDS,SwapUsage,,maximum,520192.0
2026-09-30T16:20:00+00:00,db,AWS/RDS,SwapUsage,,maximum,520192.0
2026-09-30T16:21:00+00:00,db,AWS/RDS,SwapUsage,,maximum,520192.0
2026-09-30T16:22:00+00:00,db,AWS/RDS,SwapUsage,,maximum,520192.0
2026-09-30T16:23:00+00:00,db,AWS/RDS,SwapUsage,,maximum,520192.0
2026-09-30T16:24:00+00:00,db,AWS/RDS,SwapUsage,,maximum,516096.0
2026-09-30T16:25:00+00:00,db,AWS/RDS,SwapUsage,,maximum,516096.0
2026-09-30T16:13:00+00:00,db,AWS/RDS,FreeStorageSpace,,average,18918072320.0
2026-09-30T16:14:00+00:00,db,AWS/RDS,FreeStorageSpace,,average,18918072320.0
2026-09-30T16:15:00+00:00,db,AWS/RDS,FreeStorageSpace,,average,18918072320.0
2026-09-30T16:16:00+00:00,db,AWS/RDS,FreeStorageSpace,,average,18921078784.0
2026-09-30T16:17:00+00:00,db,AWS/RDS,FreeStorageSpace,,average,18853543936.0
2026-09-30T16:18:00+00:00,db,AWS/RDS,FreeStorageSpace,,average,18852970496.0
2026-09-30T16:19:00+00:00,db,AWS/RDS,FreeStorageSpace,,average,18852642816.0
2026-09-30T16:20:00+00:00,db,AWS/RDS,FreeStorageSpace,,average,18852364288.0
2026-09-30T16:21:00+00:00,db,AWS/RDS,FreeStorageSpace,,average,18851962880.0
2026-09-30T16:22:00+00:00,db,AWS/RDS,FreeStorageSpace,,average,18784436224.0
2026-09-30T16:23:00+00:00,db,AWS/RDS,FreeStorageSpace,,average,18784198656.0
2026-09-30T16:24:00+00:00,db,AWS/RDS,FreeStorageSpace,,average,18784026624.0
2026-09-30T16:25:00+00:00,db,AWS/RDS,FreeStorageSpace,,average,18784026624.0
2026-09-30T16:13:00+00:00,db,AWS/RDS,FreeStorageSpace,,maximum,18918072320.0
2026-09-30T16:14:00+00:00,db,AWS/RDS,FreeStorageSpace,,maximum,18918072320.0
2026-09-30T16:15:00+00:00,db,AWS/RDS,FreeStorageSpace,,maximum,18918072320.0
2026-09-30T16:16:00+00:00,db,AWS/RDS,FreeStorageSpace,,maximum,18921078784.0
2026-09-30T16:17:00+00:00,db,AWS/RDS,FreeStorageSpace,,maximum,18853543936.0
2026-09-30T16:18:00+00:00,db,AWS/RDS,FreeStorageSpace,,maximum,18852970496.0
2026-09-30T16:19:00+00:00,db,AWS/RDS,FreeStorageSpace,,maximum,18852642816.0
2026-09-30T16:20:00+00:00,db,AWS/RDS,FreeStorageSpace,,maximum,18852364288.0
2026-09-30T16:21:00+00:00,db,AWS/RDS,FreeStorageSpace,,maximum,18851962880.0
2026-09-30T16:22:00+00:00,db,AWS/RDS,FreeStorageSpace,,maximum,18784436224.0
2026-09-30T16:23:00+00:00,db,AWS/RDS,FreeStorageSpace,,maximum,18784198656.0
2026-09-30T16:24:00+00:00,db,AWS/RDS,FreeStorageSpace,,maximum,18784026624.0
2026-09-30T16:25:00+00:00,db,AWS/RDS,FreeStorageSpace,,maximum,18784026624.0
2026-09-30T16:13:00+00:00,db,AWS/RDS,DatabaseConnections,,average,10.0
2026-09-30T16:14:00+00:00,db,AWS/RDS,DatabaseConnections,,average,10.0
2026-09-30T16:15:00+00:00,db,AWS/RDS,DatabaseConnections,,average,10.0
2026-09-30T16:16:00+00:00,db,AWS/RDS,DatabaseConnections,,average,10.0
2026-09-30T16:17:00+00:00,db,AWS/RDS,DatabaseConnections,,average,10.0
2026-09-30T16:18:00+00:00,db,AWS/RDS,DatabaseConnections,,average,10.0
2026-09-30T16:19:00+00:00,db,AWS/RDS,DatabaseConnections,,average,10.0
2026-09-30T16:20:00+00:00,db,AWS/RDS,DatabaseConnections,,average,10.0
2026-09-30T16:21:00+00:00,db,AWS/RDS,DatabaseConnections,,average,10.0
2026-09-30T16:22:00+00:00,db,AWS/RDS,DatabaseConnections,,average,10.0
2026-09-30T16:23:00+00:00,db,AWS/RDS,DatabaseConnections,,average,10.0
2026-09-30T16:24:00+00:00,db,AWS/RDS,DatabaseConnections,,average,10.0
2026-09-30T16:25:00+00:00,db,AWS/RDS,DatabaseConnections,,average,10.0
2026-09-30T16:13:00+00:00,db,AWS/RDS,DatabaseConnections,,maximum,10.0
2026-09-30T16:14:00+00:00,db,AWS/RDS,DatabaseConnections,,maximum,10.0
2026-09-30T16:15:00+00:00,db,AWS/RDS,DatabaseConnections,,maximum,10.0
2026-09-30T16:16:00+00:00,db,AWS/RDS,DatabaseConnections,,maximum,10.0
2026-09-30T16:17:00+00:00,db,AWS/RDS,DatabaseConnections,,maximum,10.0
2026-09-30T16:18:00+00:00,db,AWS/RDS,DatabaseConnections,,maximum,10.0
2026-09-30T16:19:00+00:00,db,AWS/RDS,DatabaseConnections,,maximum,10.0
2026-09-30T16:20:00+00:00,db,AWS/RDS,DatabaseConnections,,maximum,10.0
2026-09-30T16:21:00+00:00,db,AWS/RDS,DatabaseConnections,,maximum,10.0
2026-09-30T16:22:00+00:00,db,AWS/RDS,DatabaseConnections,,maximum,10.0
2026-09-30T16:23:00+00:00,db,AWS/RDS,DatabaseConnections,,maximum,10.0
2026-09-30T16:24:00+00:00,db,AWS/RDS,DatabaseConnections,,maximum,10.0
2026-09-30T16:25:00+00:00,db,AWS/RDS,DatabaseConnections,,maximum,10.0
2026-09-30T16:13:00+00:00,db,AWS/RDS,BurstBalance,,average,99.0
2026-09-30T16:14:00+00:00,db,AWS/RDS,BurstBalance,,average,99.0
2026-09-30T16:15:00+00:00,db,AWS/RDS,BurstBalance,,average,99.0
2026-09-30T16:16:00+00:00,db,AWS/RDS,BurstBalance,,average,99.0
2026-09-30T16:17:00+00:00,db,AWS/RDS,BurstBalance,,average,99.0
2026-09-30T16:18:00+00:00,db,AWS/RDS,BurstBalance,,average,99.0
2026-09-30T16:19:00+00:00,db,AWS/RDS,BurstBalance,,average,99.0
2026-09-30T16:20:00+00:00,db,AWS/RDS,BurstBalance,,average,99.0
2026-09-30T16:21:00+00:00,db,AWS/RDS,BurstBalance,,average,99.0
2026-09-30T16:22:00+00:00,db,AWS/RDS,BurstBalance,,average,99.0
2026-09-30T16:23:00+00:00,db,AWS/RDS,BurstBalance,,average,99.0
2026-09-30T16:24:00+00:00,db,AWS/RDS,BurstBalance,,average,99.0
2026-09-30T16:25:00+00:00,db,AWS/RDS,BurstBalance,,average,99.0
2026-09-30T16:13:00+00:00,db,AWS/RDS,BurstBalance,,maximum,99.0
2026-09-30T16:14:00+00:00,db,AWS/RDS,BurstBalance,,maximum,99.0
2026-09-30T16:15:00+00:00,db,AWS/RDS,BurstBalance,,maximum,99.0
2026-09-30T16:16:00+00:00,db,AWS/RDS,BurstBalance,,maximum,99.0
2026-09-30T16:17:00+00:00,db,AWS/RDS,BurstBalance,,maximum,99.0
2026-09-30T16:18:00+00:00,db,AWS/RDS,BurstBalance,,maximum,99.0
2026-09-30T16:19:00+00:00,db,AWS/RDS,BurstBalance,,maximum,99.0
2026-09-30T16:20:00+00:00,db,AWS/RDS,BurstBalance,,maximum,99.0
2026-09-30T16:21:00+00:00,db,AWS/RDS,BurstBalance,,maximum,99.0
2026-09-30T16:22:00+00:00,db,AWS/RDS,BurstBalance,,maximum,99.0
2026-09-30T16:23:00+00:00,db,AWS/RDS,BurstBalance,,maximum,99.0
2026-09-30T16:24:00+00:00,db,AWS/RDS,BurstBalance,,maximum,99.0
2026-09-30T16:25:00+00:00,db,AWS/RDS,BurstBalance,,maximum,99.0
2026-09-30T16:15:00+00:00,db,AWS/RDS,CPUCreditUsage,,average,0.9996322
2026-09-30T16:20:00+00:00,db,AWS/RDS,CPUCreditUsage,,average,1.6537129166666666
2026-09-30T16:25:00+00:00,db,AWS/RDS,CPUCreditUsage,,average,1.3278718333333333
2026-09-30T16:15:00+00:00,db,AWS/RDS,CPUCreditUsage,,maximum,0.9996322
2026-09-30T16:20:00+00:00,db,AWS/RDS,CPUCreditUsage,,maximum,1.6537129166666666
2026-09-30T16:25:00+00:00,db,AWS/RDS,CPUCreditUsage,,maximum,1.3278718333333333
2026-09-30T16:13:00+00:00,db,AWS/RDS,ReadLatency,,average,0.0016
2026-09-30T16:14:00+00:00,db,AWS/RDS,ReadLatency,,average,0.0
2026-09-30T16:15:00+00:00,db,AWS/RDS,ReadLatency,,average,0.0004
2026-09-30T16:16:00+00:00,db,AWS/RDS,ReadLatency,,average,0.0
2026-09-30T16:17:00+00:00,db,AWS/RDS,ReadLatency,,average,0.0
2026-09-30T16:18:00+00:00,db,AWS/RDS,ReadLatency,,average,0.00044444444444444447
2026-09-30T16:19:00+00:00,db,AWS/RDS,ReadLatency,,average,0.0
2026-09-30T16:20:00+00:00,db,AWS/RDS,ReadLatency,,average,0.0004
2026-09-30T16:21:00+00:00,db,AWS/RDS,ReadLatency,,average,0.0
2026-09-30T16:22:00+00:00,db,AWS/RDS,ReadLatency,,average,0.0013333333333333333
2026-09-30T16:23:00+00:00,db,AWS/RDS,ReadLatency,,average,0.0
2026-09-30T16:24:00+00:00,db,AWS/RDS,ReadLatency,,average,0.00044444444444444447
2026-09-30T16:25:00+00:00,db,AWS/RDS,ReadLatency,,average,0.0008
2026-09-30T16:13:00+00:00,db,AWS/RDS,ReadLatency,,maximum,0.0016
2026-09-30T16:14:00+00:00,db,AWS/RDS,ReadLatency,,maximum,0.0
2026-09-30T16:15:00+00:00,db,AWS/RDS,ReadLatency,,maximum,0.0004
2026-09-30T16:16:00+00:00,db,AWS/RDS,ReadLatency,,maximum,0.0
2026-09-30T16:17:00+00:00,db,AWS/RDS,ReadLatency,,maximum,0.0
2026-09-30T16:18:00+00:00,db,AWS/RDS,ReadLatency,,maximum,0.00044444444444444447
2026-09-30T16:19:00+00:00,db,AWS/RDS,ReadLatency,,maximum,0.0
2026-09-30T16:20:00+00:00,db,AWS/RDS,ReadLatency,,maximum,0.0004
2026-09-30T16:21:00+00:00,db,AWS/RDS,ReadLatency,,maximum,0.0
2026-09-30T16:22:00+00:00,db,AWS/RDS,ReadLatency,,maximum,0.0013333333333333333
2026-09-30T16:23:00+00:00,db,AWS/RDS,ReadLatency,,maximum,0.0
2026-09-30T16:24:00+00:00,db,AWS/RDS,ReadLatency,,maximum,0.00044444444444444447
2026-09-30T16:25:00+00:00,db,AWS/RDS,ReadLatency,,maximum,0.0008
2026-09-30T16:13:00+00:00,db,AWS/RDS,DiskQueueDepth,,average,0.011152602273863901
2026-09-30T16:14:00+00:00,db,AWS/RDS,DiskQueueDepth,,average,0.0002833805634272379
2026-09-30T16:15:00+00:00,db,AWS/RDS,DiskQueueDepth,,average,0.0010000166669444492
2026-09-30T16:16:00+00:00,db,AWS/RDS,DiskQueueDepth,,average,0.01279637436059783
2026-09-30T16:17:00+00:00,db,AWS/RDS,DiskQueueDepth,,average,0.07230602550212517
2026-09-30T16:18:00+00:00,db,AWS/RDS,DiskQueueDepth,,average,0.04822969057056257
2026-09-30T16:19:00+00:00,db,AWS/RDS,DiskQueueDepth,,average,0.04744914971657219
2026-09-30T16:20:00+00:00,db,AWS/RDS,DiskQueueDepth,,average,0.04668865347458192
2026-09-30T16:21:00+00:00,db,AWS/RDS,DiskQueueDepth,,average,0.04798678987223538
2026-09-30T16:22:00+00:00,db,AWS/RDS,DiskQueueDepth,,average,0.11475300511828745
2026-09-30T16:23:00+00:00,db,AWS/RDS,DiskQueueDepth,,average,0.03691789726324211
2026-09-30T16:24:00+00:00,db,AWS/RDS,DiskQueueDepth,,average,0.016481959836680278
2026-09-30T16:25:00+00:00,db,AWS/RDS,DiskQueueDepth,,average,0.0013668489131884252
2026-09-30T16:13:00+00:00,db,AWS/RDS,DiskQueueDepth,,maximum,0.011152602273863901
2026-09-30T16:14:00+00:00,db,AWS/RDS,DiskQueueDepth,,maximum,0.0002833805634272379
2026-09-30T16:15:00+00:00,db,AWS/RDS,DiskQueueDepth,,maximum,0.0010000166669444492
2026-09-30T16:16:00+00:00,db,AWS/RDS,DiskQueueDepth,,maximum,0.01279637436059783
2026-09-30T16:17:00+00:00,db,AWS/RDS,DiskQueueDepth,,maximum,0.07230602550212517
2026-09-30T16:18:00+00:00,db,AWS/RDS,DiskQueueDepth,,maximum,0.04822969057056257
2026-09-30T16:19:00+00:00,db,AWS/RDS,DiskQueueDepth,,maximum,0.04744914971657219
2026-09-30T16:20:00+00:00,db,AWS/RDS,DiskQueueDepth,,maximum,0.04668865347458192
2026-09-30T16:21:00+00:00,db,AWS/RDS,DiskQueueDepth,,maximum,0.04798678987223538
2026-09-30T16:22:00+00:00,db,AWS/RDS,DiskQueueDepth,,maximum,0.11475300511828745
2026-09-30T16:23:00+00:00,db,AWS/RDS,DiskQueueDepth,,maximum,0.03691789726324211
2026-09-30T16:24:00+00:00,db,AWS/RDS,DiskQueueDepth,,maximum,0.016481959836680278
2026-09-30T16:25:00+00:00,db,AWS/RDS,DiskQueueDepth,,maximum,0.0013668489131884252
