1548aa,39,1790786743886
797a96,36,1790786743886
ffd33c,50,1790785843886
420063,39,1790786743886
2b67db,54,1790871343886
3ee360,53,1790786743886
5a9a44,30,1790871343886
32da0a,17,1790786743886
bc892e,29,1790871343886
52cbb8,21,1790871343886
b4f4e0,46,1790786743886
0e0776,40,1790785843886
93bd7c,42,1790785843886
479ce0,19,1790786743886
fa1763,17,1790786743886
0520f8,60,1790786743886
7d53d7,59,1790871343886
87e35a,42,1790871343886
ac69fd,49,1790785843886
50348f,33,1790786743886
377378,15,1790871343886
db95ed,52,1790871343886
c04b26,35,1790871343886
6cbaa6,60,1790871343886
3dfcaa,52,1790785843886
afef3f,39,1790786743886
87147a,56,1790871343886
e4485c,31,1790786743886
435047,50,1790785843886
95aed5,30,1790785843886
99c727,57,1790786743886
93b44c,38,1790871343886
1e5785,38,1790871343886
593b83,51,1790871343886
92f564,44,1790785843886
f6de25,32,1790785843886
ed2fd4,29,1790785843886
aab727,32,1790871343886
c836e7,24,1790871343886
977766,55,1790871343886
004663,26,1790786743886
eb267d,49,1790786743886
3cea19,34,1790786743886
67a1ba,53,1790785843886
740f02,41,1790786743886
e2c5a3,45,1790871343886
7f0e2c,15,1790785843886
e7896e,35,1790785843886
74e4a3,16,1790785843886
f9c32e,38,1790785843886
59a27f,24,1790871343886
7fe050,59,1790785843886
de2d4a,38,1790785843886
d62921,21,1790786743886
736465,31,1790785843886
15d184,37,1790785843886
7a26be,27,1790871343886
ddd500,52,1790785843886
5d23ec,50,1790871343886
0e2b9b,58,1790871343886
a04f40,32,1790786743886
e3f113,27,1790786743886
22d2d2,37,1790786743886
0c956b,56,1790785843886
b489b1,42,1790785843886
a0bea9,41,1790785843886
7282ed,42,1790785843886
2c49ba,26,1790785843886
174bfc,44,1790871343886
d1c201,45,1790786743886
065790,16,1790786743886
b2cb7b,48,1790786743886
14ffa5,53,1790785843886
c6c8a5,25,1790786743886
6915e8,32,1790786743886
dc7df1,48,1790785843886
98e119,60,1790786743886
00fb86,33,1790786743886
aecd72,29,1790871343886
f98981,35,1790785843886
28459f,54,1790871343886
b2facc,26,1790786743886
37448a,28,1790786743886
2afb12,27,1790871343886
c20725,34,1790785843886
810b38,26,1790785843886
92ad74,47,1790871343886
548a77,32,1790785843886
18a0ab,32,1790871343886
6c48e9,26,1790786743886
5f5c89,22,1790871343886
8d5d46,43,1790871343886
916640,38,1790871343886
c1529e,20,1790871343886
4e2ac2,16,1790786743886
3b75b9,34,1790785843886
2fd722,31,1790786743886
e5512d,52,1790871343886
1340a9,50,1790871343886
d59671,15,1790785843886
24f2b9,51,1790786743886
c6e69b,53,1790786743886
570245,30,1790785843886
e262df,39,1790786743886
de1c03,21,1790785843886
57951f,17,1790786743886
f2b048,48,1790785843886
203bf0,23,1790785843886
7f943d,15,1790786743886
e8d28d,47,1790871343886
3ca740,30,1790785843886
cddf31,52,1790785843886
79c9e8,53,1790871343886
f0ee7c,38,1790785843886
3cf5b5,42,1790786743886
33189e,21,1790786743886
aeb0ef,22,1790871343886
962c7e,41,1790871343886
c05dfb,38,1790786743886
2b300b,52,1790786743886
85f11d,57,1790785843886
9f236b,21,1790786743886
d3be08,24,1790786743886
275306,35,1790785843886
8ba5fe,36,1790785843886
86fe3f,20,1790786743886
1d9e8f,48,1790871343886
6577ed,58,1790786743886
9c62f0,15,1790871343886
1fd7af,37,1790786743886
0d8814,29,1790785843886
194c0f,49,1790786743886
ad7715,21,1790785843886
ee7f75,22,1790785843886
264986,54,1790786743886
129134,26,1790786743886
2f9c77,56,1790786743886
740293,57,1790871343886
d15c4f,39,1790785843886
1b6769,43,1790786743886
458472,28,1790785843886
89fe46,39,1790871343886
b2c2a8,17,1790871343886
70d2bd,25,1790786743886
fee1e0,28,1790786743886
15c49d,37,1790786743886
34a449,43,1790871343886
20671e,21,1790786743886
065243,44,1790785843886
d4ff3a,54,1790785843886
b3e730,50,1790786743886
4232f8,35,1790871343886
ea38cc,20,1790871343886
c64116,51,1790785843886
f94c0b,33,1790871343886
9a2b9b,46,1790871343886
5ac91b,15,1790871343886
480353,53,1790786743886
638d7d,16,1790785843886
a7ac15,24,1790871343886
950397,29,1790871343886
cf8e08,34,1790785843886
7302cd,28,1790785843886
e5268e,22,1790785843886
b7f78a,29,1790786743886
453f0b,26,1790785843886
74ac28,28,1790786743886
abfafb,60,1790785843886
9473c2,24,1790871343886
9dbf48,36,1790785843886
e3bdab,53,1790871343886
9aa261,46,1790786743886
cfeb53,22,1790786743886
5c8597,53,1790871343886
7ae423,57,1790786743886
625db4,30,1790871343886
c7321a,36,1790785843886
7bce1e,30,1790871343886
10965a,54,1790786743886
46bb9e,54,1790786743886
5011c0,41,1790786743886
740275,58,1790786743886
905228,45,1790871343886
cac6bd,34,1790785843886
e230a5,51,1790871343886
f05960,36,1790785843886
9f75c4,55,1790786743886
ac8d29,55,1790785843886
8decc8,15,1790786743886
2eefa4,43,1790871343886
11ab95,58,1790871343886
f8168a,58,1790785843886
5f2172,27,1790871343886
2615d3,15,1790785843886
bb5f8d,28,1790871343886
a0adfe,59,1790785843886
ef2b12,50,1790871343886
801ad9,25,1790786743886
7461d4,21,1790786743886
39fa09,30,1790871343886
158eab,22,1790785843886
d97edb,16,1790785843886
853ef8,28,1790871343886
e79e1c,40,1790871343886
b06a21,25,1790785843886
a2ffef,25,1790785843886
30e6e2,15,1790786743886
03e5fa,52,1790786743886
205b84,42,1790785843886
c8a402,25,1790871343886
e7c463,32,1790785843886
7e91eb,37,1790871343886
b945c2,38,1790786743886
24482a,17,1790871343886
e04d24,38,1790785843886
d3d386,17,1790871343886
63cf69,40,1790785843886
c1cf0c,18,1790871343886
ea734d,43,1790786743886
1c5c6e,40,1790786743886
409e75,48,1790785843886
3125c6,36,1790871343886
25d43c,46,1790871343886
1cc95f,37,1790785843886
49eb20,45,1790871343886
a13179,31,1790785843886
7c3089,30,1790786743886
b7aeb7,46,1790871343886
2969ee,28,1790786743886
e0581b,44,1790785843886
54d296,46,1790871343886
c77fd7,44,1790785843886
f3b33f,52,1790786743886
51db80,59,1790786743886
17b0ef,29,1790871343886
dd9c25,28,1790785843886
84f618,31,1790785843886
d83d0c,46,1790786743886
dc9887,55,1790786743886
a55a0e,55,1790785843886
665b48,44,1790786743886
81234b,52,1790871343886
065482,23,1790786743886
315d20,56,1790785843886
4ba176,20,1790786743886
3ec0dc,52,1790871343886
7a5730,16,1790871343886
cdc83c,59,1790871343886
479703,21,1790786743886
04ace9,46,1790786743886
a82307,53,1790785843886
4b1a74,56,1790786743886
7a252c,44,1790786743886
b9c8b9,49,1790786743886
a25870,39,1790786743886
761ebc,40,1790871343886
0b5a1a,23,1790785843886
7a39bb,54,1790786743886
dff927,46,1790785843886
387051,47,1790785843886
18fc2f,30,1790785843886
0f939e,39,1790785843886
918265,59,1790785843886
f8767b,19,1790785843886
eefda5,35,1790786743886
db5b47,27,1790871343886
6f520a,30,1790871343886
217173,52,1790786743886
ce5515,41,1790786743886
5c2363,60,1790871343886
9895da,50,1790871343886
0eeba3,29,1790871343886
7bd254,44,1790786743886
b88261,34,1790786743886
2efd5d,49,1790871343886
0f9dbc,29,1790871343886
72ff61,36,1790785843886
038479,34,1790786743886
250a5b,24,1790871343886
43a10a,45,1790871343886
fde715,46,1790871343886
745b72,49,1790786743886
5e2376,49,1790785843886
4fade1,33,1790786743886
9e0cca,55,1790871343886
48f120,26,1790786743886
15d1e1,32,1790785843886
bf495e,25,1790785843886
746580,28,1790785843886
e4014e,59,1790785843886
4b5e3e,20,1790871343886
d1e64a,33,1790786743886
42b811,49,1790871343886
d4fb67,36,1790871343886
012764,44,1790871343886
917ce8,28,1790871343886
6b0c4d,17,1790786743886
eb80ea,19,1790785843886
308930,39,1790871343886
873cc8,16,1790786743886
71fc3b,23,1790871343886
b7fbda,60,1790786743886
2cf7a7,53,1790785843886
70e06b,33,1790786743886
65fdcf,33,1790785843886
d89511,38,1790785843886
ad0b72,21,1790786743886
d8b107,30,1790786743886
41b3a4,51,1790785843886
0246f7,26,1790786743886
50a052,41,1790786743886
ce55c6,33,1790786743886
9a188e,34,1790871343886
64a7ca,60,1790785843886
99d053,22,1790785843886
cbf851,20,1790785843886
7a85f5,28,1790786743886
221e8c,24,1790871343886
6ced59,25,1790871343886
e9e839,59,1790785843886
81ab8d,46,1790871343886
a71fe0,43,1790785843886
094bc9,21,1790785843886
4d536d,56,1790786743886
b1db0f,26,1790871343886
d08bf2,50,1790785843886
6b52c0,26,1790871343886
896f26,56,1790786743886
dd6f9c,25,1790785843886
39062d,47,1790786743886
17f7d4,18,1790786743886
5fb74e,42,1790786743886
9b7654,34,1790785843886
8c6de3,20,1790786743886
dad167,15,1790871343886
b232df,28,1790785843886
a196fc,35,1790786743886
072ce8,52,1790785843886
2543b9,36,1790871343886
2cdb69,44,1790785843886
2625a1,43,1790786743886
482134,59,1790871343886
4ca884,58,1790785843886
3e8cb4,29,1790871343886
2c82d3,25,1790871343886
43e431,27,1790786743886
20991a,57,1790786743886
9c6e89,17,1790785843886
5df140,38,1790786743886
eb8b56,30,1790871343886
c2d7dd,50,1790786743886
cbb537,28,1790785843886
eac77a,35,1790871343886
736823,58,1790871343886
2e7498,43,1790871343886
7375b1,44,1790871343886
dd9141,26,1790871343886
95ba3a,50,1790786743886
5111e6,39,1790871343886
51dc6e,15,1790786743886
2ac95b,35,1790785843886
02e876,27,1790871343886
ca2d7d,48,1790871343886
4fda1f,49,1790786743886
ba3e7c,51,1790786743886
d26d10,36,1790785843886
73384a,52,1790786743886
d5dd74,18,1790785843886
9b93b2,53,1790871343886
bc73f0,36,1790785843886
6d2c97,40,1790786743886
fe7ad0,18,1790785843886
b97b6f,59,1790786743886
acda51,38,1790785843886
97b674,30,1790785843886
9721c0,51,1790871343886
89e286,43,1790786743886
303890,24,1790785843886
272959,52,1790785843886
cecc29,57,1790786743886
fb9cae,31,1790785843886
f2a0c9,21,1790785843886
8cb689,57,1790785843886
6e9f14,37,1790785843886
174c4b,38,1790785843886
48abf5,38,1790785843886
a5f9b4,30,1790785843886
f4cec2,36,1790786743886
2d0097,54,1790785843886
1d9aaa,18,1790785843886
de917d,26,1790785843886
91ceb3,29,1790786743886
3ec1aa,56,1790871343886
7f9741,52,1790785843886
51b22b,51,1790786743886
66537e,18,1790785843886
3248c6,46,1790785843886
206803,58,1790871343886
e4e41c,31,1790871343886
534e3f,41,1790785843886
519927,53,1790785843886
7583d6,47,1790785843886
f3d03e,48,1790785843886
2db0fb,20,1790786743886
bf64fc,44,1790786743886
16a201,25,1790786743886
441b44,24,1790786743886
94d3ca,21,1790871343886
7d9ef5,58,1790786743886
4d3e4e,28,1790871343886
0ec683,33,1790785843886
8dc19a,58,1790785843886
78c0d0,39,1790786743886
c87f10,17,1790871343886
5067e8,40,1790785843886
7aeb77,52,1790785843886
00c62f,56,1790871343886
458799,47,1790786743886
e394e3,42,1790871343886
83e42f,33,1790786743886
29d79d,32,1790871343886
d5286d,47,1790785843886
87a18a,23,1790871343886
cdffbe,47,1790871343886
29b131,20,1790785843886
4fa059,58,1790785843886
cf16db,40,1790785843886
bc06aa,18,1790786743886
05c84c,29,1790785843886
c30618,39,1790785843886
43cc21,37,1790785843886
b6155d,20,1790785843886
90df40,40,1790785843886
3574d1,58,1790786743886
75ba44,18,1790785843886
1df02a,36,1790786743886
27bf25,25,1790785843886
523e0e,56,1790785843886
9e791a,16,1790871343886
2d9874,17,1790871343886
1f192a,58,1790871343886
46e21d,45,1790785843886
b35552,28,1790871343886
9d4a78,40,1790786743886
66b898,21,1790785843886
ca7b91,32,1790871343886
1f1e7e,42,1790785843886
768546,24,1790786743886
174d6d,15,1790871343886
2a7cb5,25,1790785843886
dcecab,31,1790785843886
d0f41f,46,1790871343886
bb60e8,59,1790871343886
c9bb6b,16,1790785843886
126d97,48,1790785843886
833822,35,1790785843886
b4a4c3,33,1790785843886
34642b,50,1790871343886
da40fb,27,1790871343886
f512a1,39,1790786743886
f61266,53,1790871343886
075a4b,55,1790871343886
3fc92c,29,1790786743886
c04e19,22,1790786743886
3ffc51,56,1790785843886
ed02b1,58,1790785843886
ec9553,21,1790871343886
61673c,32,1790786743886
619a96,47,1790871343886
07d712,55,1790786743886
13236d,54,1790785843886
1a8f6d,56,1790871343886
ac4b7e,49,1790786743886
5bd177,43,1790785843886
edc7c4,52,1790785843886
edb337,18,1790785843886
8db156,27,1790786743886
d5d15f,34,1790786743886
bfa697,23,1790786743886
4aa7eb,51,1790871343886
c8fcf2,18,1790785843886
b94a5d,49,1790786743886
5cd252,21,1790786743886
f45f84,18,1790785843886
c803c9,51,1790871343886
a7edc1,38,1790871343886
d436d7,17,1790871343886
8f7251,35,1790785843886
61c16d,26,1790786743886
37100c,35,1790786743886
a07579,31,1790786743886
00da08,59,1790785843886
8dafb8,60,1790786743886
5ae969,56,1790871343886
e7d520,34,1790871343886
08dabe,38,1790871343886
60944e,17,1790871343886
d4fd33,45,1790785843886
ba2d78,29,1790871343886
e3bdbb,58,1790786743886
93615c,16,1790871343886
5bab4d,54,1790786743886
79c008,32,1790786743886
ccfacf,53,1790871343886
b60a4f,27,1790871343886
ae986d,29,1790785843886
194087,56,1790786743886
a7ee86,60,1790785843886
d60de7,22,1790871343886
79ae86,27,1790871343886
254ebb,33,1790785843886
75ae64,27,1790786743886
e0053f,40,1790786743886
4bf1c1,59,1790871343886
2fc502,32,1790785843886
21c525,38,1790786743886
cb27c7,27,1790785843886
921ba4,48,1790871343886
d0e3d7,53,1790785843886
c9e680,20,1790871343886
1ddf81,53,1790785843886
308200,18,1790785843886
945d31,20,1790871343886
199ebd,44,1790871343886
2981dd,23,1790786743886
8c93e5,44,1790786743886
af2555,34,1790786743886
8f8c1a,45,1790786743886
901afe,43,1790786743886
7d3286,28,1790871343886
705813,41,1790785843886
0334c7,45,1790871343886
ea42e4,40,1790786743886
3308b6,58,1790786743886
9a7dc9,46,1790786743886
0260e6,21,1790871343886
b22681,49,1790786743886
82870c,28,1790871343886
2b026f,41,1790871343886
b31b82,52,1790785843886
227f1d,43,1790786743886
c66c86,34,1790785843886
9bbf24,35,1790871343886
caf28a,40,1790871343886
4c4185,22,1790785843886
9dd0b3,48,1790786743886
6f091b,27,1790785843886
f2081b,21,1790871343886
46a1fc,28,1790785843886
531a08,39,1790871343886
b438ac,17,1790786743886
8cba85,47,1790785843886
f3ef79,30,1790785843886
fcf6cd,35,1790785843886
5f4d26,16,1790785843886
c433b1,53,1790871343886
da1163,51,1790871343886
c7fe58,42,1790785843886
cb4c8e,18,1790786743886
6ef0d0,42,1790786743886
30ec7a,27,1790871343886
720a79,20,1790785843886
b83b80,47,1790786743886
79e4e2,43,1790785843886
73be60,26,1790785843886
7799f1,23,1790871343886
05a965,39,1790785843886
cb7bc8,42,1790786743886
2e3e0a,46,1790871343886
25a6f0,21,1790785843886
1af033,32,1790785843886
fa1cd2,56,1790786743886
ca3a4a,36,1790871343886
cc15b1,47,1790786743886
f2feb2,22,1790785843886
9200ca,28,1790785843886
e22d17,47,1790786743886
909428,59,1790871343886
c17c7c,48,1790786743886
e1bc35,51,1790785843886
60284e,54,1790785843886
aec352,57,1790786743886
1679d3,51,1790785843886
643ec5,56,1790785843886
9168a8,22,1790786743886
caff24,24,1790786743886
d29b28,23,1790871343886
56fb65,27,1790786743886
3a7ed1,22,1790785843886
9f9684,51,1790785843886
3f08c4,52,1790786743886
a33d38,28,1790871343886
0e4f0e,57,1790785843886
03804f,58,1790871343886
b1737e,33,1790785843886
e2e17c,50,1790785843886
c12763,34,1790785843886
2b4db9,28,1790786743886
617650,35,1790871343886
c5cb61,19,1790785843886
c49b03,20,1790785843886
d1ce9f,41,1790871343886
de516f,53,1790786743886
9ad939,35,1790871343886
8a5c82,43,1790871343886
197536,36,1790785843886
8c1896,55,1790786743886
e29aea,27,1790786743886
1124a0,57,1790785843886
d2c4d8,48,1790871343886
fea3b2,28,1790786743886
68b32f,32,1790871343886
01d41b,39,1790871343886
ca0d21,60,1790785843886
487104,16,1790871343886
424ab8,49,1790786743886
37dfe4,31,1790871343886
e1041d,32,1790871343886
dab6b5,42,1790871343886
265905,28,1790871343886
93d034,45,1790786743886
425cc1,41,1790871343886
a2e1c4,60,1790871343886
82c332,51,1790785843886
25d0c4,35,1790786743886
251dca,39,1790871343886
9c3ed0,42,1790785843886
23ede7,43,1790786743886
87a608,51,1790871343886
65f852,30,1790871343886
326994,46,1790871343886
47252f,54,1790785843886
e8a6c2,37,1790786743886
e355ef,41,1790871343886
9c3d08,55,1790871343886
0a505e,47,1790871343886
f52cea,49,1790785843886
6b97f9,38,1790871343886
e86fe8,29,1790871343886
a5f4f8,21,1790871343886
84659d,33,1790871343886
1ad718,39,1790786743886
9650fd,38,1790871343886
52403e,49,1790786743886
150634,51,1790785843886
d46eea,44,1790786743886
7eabb4,44,1790785843886
8652f9,47,1790785843886
fd6750,16,1790786743886
735798,56,1790785843886
a3cea7,52,1790871343886
6d905e,36,1790786743886
d482f9,59,1790871343886
041f9a,52,1790871343886
a174ed,30,1790785843886
30c01a,29,1790871343886
2769c3,46,1790785843886
d2cf95,24,1790786743886
7b4b1b,53,1790871343886
047675,41,1790871343886
b71d4f,25,1790786743886
973177,53,1790786743886
4fa5fb,44,1790785843886
ad23c3,19,1790785843886
e6b8d2,50,1790871343886
3566db,59,1790871343886
95a334,36,1790871343886
077f4c,40,1790786743886
ef8573,37,1790786743886
e3095c,35,1790786743886
936fff,30,1790786743886
f7898f,22,1790786743886
484293,17,1790871343886
0f7980,59,1790785843886
621fae,35,1790871343886
f5da4e,38,1790786743886
8e50b0,51,1790786743886
0f0b51,49,1790871343886
d7a899,30,1790785843886
785c99,47,1790871343886
5b77e6,19,1790871343886
bb78b9,19,1790871343886
4f7f26,48,1790786743886
95516a,43,1790871343886
d7cbe1,40,1790785843886
40726d,33,1790786743886
2d0899,38,1790785843886
300b3f,33,1790786743886
82271e,41,1790871343886
e7d8bf,60,1790786743886
b34cc2,30,1790785843886
13f9e6,39,1790786743886
25cb12,20,1790785843886
6c0f0b,22,1790786743886
db2019,49,1790786743886
0b86d3,39,1790871343886
5df648,54,1790785843886
15f27d,60,1790785843886
375bf0,16,1790871343886
6984f9,26,1790785843886
1e05ba,21,1790871343886
5c08e3,60,1790785843886
6d7819,28,1790786743886
f399a7,24,1790785843886
c17a3d,43,1790785843886
cd00f5,51,1790785843886
a4c23c,21,1790871343886
c52754,35,1790785843886
375e39,48,1790785843886
affb33,54,1790871343886
f771bc,59,1790786743886
5a81ea,54,1790785843886
cadd99,44,1790785843886
35f0a3,29,1790785843886
c9b926,32,1790786743886
3c2fec,20,1790785843886
8d49d1,32,1790785843886
a92e6b,43,1790785843886
00ae55,38,1790786743886
52a5e1,31,1790871343886
831b02,53,1790871343886
90916c,58,1790786743886
8136c7,21,1790871343886
5e548a,42,1790785843886
22afa2,16,1790871343886
800493,53,1790871343886
75cffd,55,1790786743886
00c9bf,40,1790785843886
417e01,15,1790871343886
5822ca,40,1790786743886
a92560,19,1790786743886
947d55,25,1790785843886
b4c454,57,1790871343886
71ce0a,30,1790785843886
8c7b9d,21,1790785843886
77d3bb,21,1790786743886
42770f,32,1790786743886
1634d5,36,1790785843886
642371,52,1790786743886
39dc48,49,1790785843886
7ab199,46,1790871343886
4ed7a9,25,1790785843886
2dc4cf,26,1790871343886
dd159b,46,1790871343886
a83764,30,1790785843886
b1a633,21,1790785843886
a91ff1,25,1790871343886
aa7546,55,1790785843886
c3413d,24,1790871343886
c7634d,16,1790786743886
4d4ab4,24,1790871343886
716454,15,1790785843886
046dc4,34,1790871343886
dc4f2c,43,1790785843886
880f82,43,1790871343886
486bac,50,1790786743886
0d4d0e,45,1790786743886
56c39e,37,1790786743886
1f4249,15,1790786743886
a19d5e,43,1790786743886
39ddfe,31,1790785843886
82f155,16,1790871343886
abccd8,41,1790786743886
67a8cb,59,1790786743886
9bf722,53,1790786743886
bec6e7,16,1790785843886
0652e2,53,1790785843886
b66d3d,30,1790785843886
c85643,39,1790871343886
678245,18,1790871343886
e6da78,60,1790871343886
2f9a68,42,1790786743886
1ca14e,27,1790871343886
9c223e,42,1790786743886
8d69d6,39,1790871343886
b98160,39,1790871343886
315a6d,25,1790871343886
5e1704,40,1790871343886
568d34,32,1790785843886
d6d0c2,17,1790786743886
e46196,52,1790785843886
9916a1,51,1790871343886
64e4cf,27,1790786743886
68da67,22,1790785843886
ee3e55,27,1790871343886
b1f67d,43,1790871343886
f7a193,41,1790871343886
ec6114,60,1790871343886
cc5661,49,1790785843886
4e6832,49,1790786743886
2e7411,38,1790871343886
a2d43f,29,1790871343886
43a16d,35,1790786743886
c95ccb,31,1790786743886
fba2a5,20,1790871343886
650046,25,1790871343886
7d7efe,44,1790871343886
b0dbd7,44,1790786743886
49cd83,42,1790871343886
2c1a5b,35,1790871343886
167536,32,1790871343886
fd3faf,35,1790785843886
c20d5c,21,1790871343886
4851ad,24,1790786743886
9fbba7,32,1790786743886
25e481,50,1790785843886
d1cfad,23,1790785843886
ba8700,28,1790785843886
6a1058,31,1790785843886
7a6fef,44,1790871343886
7c4bd7,60,1790786743886
1d9669,51,1790871343886
edad83,26,1790786743886
a156e9,60,1790871343886
f74cd5,38,1790785843886
1425e3,20,1790785843886
47412b,34,1790785843886
ed7a0f,28,1790786743886
5d0d27,32,1790785843886
8e0e36,47,1790786743886
89b7f6,44,1790785843886
8c9d52,19,1790785843886
e6b411,54,1790871343886
58e395,31,1790786743886
3b7d9f,43,1790786743886
5d57cf,26,1790786743886
1d3e1b,15,1790871343886
f51c40,19,1790785843886
add3f5,43,1790871343886
af62e8,20,1790785843886
0fe6de,18,1790785843886
db4d16,58,1790786743886
018073,50,1790786743886
5a7ff7,22,1790785843886
438b93,32,1790871343886
cee43c,32,1790785843886
397833,54,1790871343886
88ab8c,16,1790785843886
316bd9,16,1790871343886
254d12,23,1790871343886
e70406,47,1790786743886
6650bc,40,1790786743886
602628,15,1790786743886
63ec04,59,1790785843886
ef42fe,42,1790871343886
e4e987,40,1790786743886
9a097e,35,1790871343886
477a57,22,1790786743886
e6c190,30,1790786743886
73a6a2,23,1790786743886
96f190,48,1790871343886
18684f,45,1790786743886
c0071e,56,1790785843886
853a83,54,1790871343886
ba7ff8,38,1790786743886
9ce1c5,45,1790786743886
8df65f,49,1790786743886
f36f61,39,1790786743886
fe213d,17,1790871343886
97c521,53,1790785843886
4f99b9,55,1790871343886
b46a02,23,1790785843886
dddb3b,48,1790785843886
484827,27,1790871343886
f41e95,39,1790785843886
1e0540,30,1790785843886
1879d4,56,1790871343886
c2d080,23,1790871343886
7b6fd2,50,1790785843886
6b6cf7,56,1790785843886
2abada,27,1790785843886
0e839f,58,1790785843886
4d1fc0,36,1790785843886
47abca,16,1790871343886
a7b348,33,1790785843886
3b9b12,23,1790786743886
349600,20,1790785843886
dc8d07,54,1790786743886
ecaf9a,29,1790871343886
580647,17,1790785843886
920fbd,27,1790871343886
29bbf6,35,1790786743886
e5d289,44,1790871343886
2d8479,15,1790785843886
00663e,48,1790871343886
ff6761,36,1790871343886
3e9d87,59,1790871343886
e81660,45,1790871343886
96aaf6,36,1790785843886
e31ac6,22,1790786743886
627602,47,1790785843886
a93eea,60,1790871343886
067df2,19,1790786743886
0d1a2c,59,1790786743886
6b4eec,47,1790786743886
9552c0,45,1790785843886
63d217,31,1790786743886
ddb095,57,1790785843886
060cbf,55,1790871343886
9b703c,51,1790871343886
e516ff,44,1790871343886
0db45f,44,1790871343886
5a90b2,41,1790785843886
65b70c,60,1790785843886
10bdcc,35,1790786743886
139361,49,1790785843886
271ef1,33,1790785843886
47554c,41,1790785843886
7ddc6f,40,1790786743886
bd5072,34,1790786743886
615fdf,60,1790785843886
ed21ae,23,1790785843886
5def8e,30,1790785843886
1835a1,38,1790871343886
b45921,49,1790786743886
fe689c,34,1790786743886
7a4885,52,1790785843886
ecc3f7,56,1790871343886
c52afa,50,1790871343886
ce388f,36,1790786743886
ada3e6,29,1790786743886
5b2abf,29,1790871343886
8f855d,42,1790786743886
849ccd,32,1790785843886
455b9a,43,1790785843886
55375f,36,1790786743886
de59ba,30,1790786743886
5c8677,36,1790871343886
277f5d,53,1790785843886
5f73a8,59,1790786743886
77cc8e,26,1790871343886
3525a1,30,1790785843886
5b2373,51,1790871343886
b57f18,19,1790871343886
08c31f,31,1790785843886
e8f233,25,1790871343886
e37a1d,21,1790786743886
537611,39,1790785843886
b24fc3,41,1790786743886
551de9,53,1790871343886
7241e5,33,1790785843886
015f94,49,1790786743886
3f9027,33,1790871343886
ee1276,38,1790786743886
261ef3,46,1790785843886
8ed495,58,1790785843886
8953de,48,1790785843886
a69137,57,1790785843886
738600,21,1790785843886
010aa0,44,1790785843886
7a25f2,57,1790785843886
aded27,33,1790786743886
8aafa4,17,1790785843886
07a18f,43,1790786743886
fb5c4c,45,1790786743886
543166,20,1790871343886
2c5422,24,1790871343886
64bafc,44,1790785843886
9ebb62,20,1790785843886
4413ea,58,1790786743886
21e204,50,1790785843886
42bb41,44,1790871343886
a0b100,25,1790786743886
b2c9e0,49,1790786743886
4970bb,15,1790871343886
b8705d,29,1790785843886
dcf805,56,1790871343886
7c9e9c,36,1790785843886
68b583,25,1790871343886
154c50,19,1790786743886
78bdc5,57,1790786743886
9ed084,38,1790786743886
efb840,44,1790871343886
657863,15,1790871343886
c99e9d,29,1790785843886
c6610a,54,1790785843886
f2c37f,25,1790785843886
392398,40,1790785843886
464ae2,21,1790786743886
3bf9a5,49,1790786743886
13a5bf,54,1790871343886
6a8c7b,20,1790785843886
12bf04,53,1790786743886
bcec6c,21,1790871343886
27f531,26,1790785843886
820992,59,1790871343886
035854,35,1790786743886
768090,21,1790785843886
34f010,21,1790786743886
ce8a3c,42,1790785843886
d9c850,54,1790871343886
282cc1,50,1790785843886
657c32,50,1790871343886
45b9e6,45,1790785843886
fdd0c3,43,1790785843886
0c2d2b,25,1790785843886
4c6ffa,56,1790786743886
f3735b,34,1790785843886
1f6b8f,50,1790871343886
b427e8,34,1790871343886
79f749,54,1790871343886
c2c016,57,1790785843886
09c462,50,1790786743886
13df95,43,1790871343886
a71b82,59,1790871343886
e054e5,32,1790786743886
cead39,32,1790785843886
4fa811,25,1790785843886
798782,18,1790785843886
65bdaa,52,1790786743886
372caa,58,1790785843886
768a75,23,1790871343886
c5d00a,49,1790785843886
d1a696,46,1790786743886
67b3a8,15,1790871343886
43adb6,18,1790785843886
7e5938,57,1790785843886
3cee8a,29,1790871343886
bce0af,20,1790786743886
e51303,48,1790786743886
af42d0,19,1790785843886
25ddd9,47,1790786743886
dbd9a3,56,1790786743886
e67b78,17,1790786743886
a702b8,26,1790871343886
f09291,60,1790871343886
50653e,31,1790871343886
4220d7,53,1790786743886
e38809,39,1790786743886
3b0eb9,26,1790786743886
e54709,38,1790786743886
432892,59,1790871343886
971edb,54,1790871343886
dfbebf,35,1790871343886
24ad04,20,1790786743886
55fb83,45,1790785843886
d37e1f,24,1790871343886
fd0a54,23,1790786743886
7cd0a8,43,1790785843886
06b64d,22,1790871343886
1af183,33,1790786743886
12760c,23,1790786743886
307f9b,24,1790786743886
229ba1,32,1790871343886
3b4709,19,1790871343886
535d87,41,1790786743886
e092ed,16,1790786743886
201be3,28,1790871343886
e34160,31,1790786743886
782309,54,1790871343886
4b33b7,57,1790871343886
8a64c5,60,1790871343886
08a5fc,44,1790871343886
203dc4,18,1790871343886
4690c0,26,1790786743886
cbaac5,39,1790786743886
8a6f0b,16,1790786743886
929d94,55,1790871343886
89d168,42,1790871343886
047637,38,1790871343886
5cc653,15,1790786743886
1b67f0,49,1790871343886
6321a8,39,1790785843886
51aeb4,17,1790786743886
ec20e3,17,1790786743886
918cc1,53,1790871343886
a0b66a,26,1790785843886
d4836d,43,1790785843886
da7561,16,1790785843886
8da37e,19,1790785843886
aed316,25,1790786743886
fceee9,22,1790871343886
7280ee,44,1790786743886
d0f797,21,1790871343886
dd00ad,51,1790786743886
7e4e2e,19,1790785843886
26e118,26,1790786743886
56cc0e,31,1790785843886
8909cb,45,1790786743886
b30388,32,1790871343886
3894b5,32,1790786743886
2a3521,54,1790786743886
4e7d22,30,1790871343886
9fc90a,15,1790785843886
3aa0a7,51,1790785843886
f72e35,24,1790871343886
224345,44,1790871343886
2bdd27,16,1790871343886
adc4f9,50,1790786743886
e305ef,24,1790786743886
23937e,59,1790785843886
20e691,23,1790871343886
06107c,30,1790785843886
acdc75,46,1790871343886
372438,41,1790786743886
acfc10,37,1790786743886
235009,39,1790871343886
b2b0e0,21,1790786743886
834d3b,54,1790785843886
a41652,17,1790785843886
432d36,33,1790785843886
ec83c0,52,1790786743886
ecfe37,24,1790785843886
32b64c,25,1790786743886
553250,39,1790871343886
3283d6,39,1790871343886
66684b,58,1790786743886
3a9a3c,48,1790871343886
ddca12,57,1790871343886
8ab795,46,1790786743886
4141c0,29,1790871343886
22999b,23,1790785843886
40d2b0,25,1790871343886
500e1f,43,1790785843886
16c514,47,1790871343886
ef4c23,46,1790786743886
890d4a,46,1790785843886
78794c,41,1790786743886
24e7fe,44,1790786743886
96320b,52,1790785843886
91fec2,25,1790871343886
04879a,59,1790786743886
ff48ba,31,1790785843886
96a3f2,20,1790871343886
16a417,59,1790871343886
e6d1b8,19,1790871343886
fb9a1e,34,1790786743886
7e26be,44,1790786743886
c4fc5a,42,1790785843886
151325,38,1790785843886
011cab,17,1790871343886
e5301a,19,1790785843886
28ad73,46,1790871343886
f34611,56,1790786743886
25a389,33,1790871343886
4696a4,44,1790786743886
f4f729,29,1790785843886
1ec426,39,1790786743886
06bf24,36,1790871343886
ab8ec4,54,1790785843886
66941c,19,1790785843886
7b2ada,27,1790785843886
3c9553,47,1790871343886
365d97,37,1790786743886
2bcab0,50,1790871343886
41ef34,26,1790871343886
ea3f2c,29,1790785843886
8417f1,42,1790871343886
2d5e35,26,1790785843886
99ff80,29,1790871343886
6a10e6,52,1790871343886
c1dda6,58,1790871343886
5af783,17,1790785843886
e29cc8,26,1790786743886
1e50d7,58,1790785843886
12e141,55,1790785843886
29c884,15,1790785843886
0c4491,21,1790785843886
82e650,19,1790785843886
b0a3a9,20,1790785843886
9d87c2,29,1790871343886
d0da7b,57,1790786743886
1fc50e,31,1790785843886
0dcb0c,40,1790871343886
fddee7,57,1790785843886
9a6277,55,1790871343886
61d4d4,38,1790785843886
d2400f,52,1790871343886
93f954,25,1790871343886
a12a73,15,1790786743886
13fb9b,18,1790786743886
6f1311,55,1790785843886
e32f52,37,1790785843886
7aca6b,24,1790871343886
b209a0,26,1790871343886
e2cfec,58,1790786743886
fdc96f,28,1790785843886
7f0532,40,1790786743886
332538,36,1790785843886
029e2d,16,1790785843886
4f04d2,41,1790871343886
7b8d3d,46,1790871343886
741a42,17,1790786743886
edfd93,30,1790871343886
a85c91,41,1790786743886
d97465,20,1790786743886
550375,33,1790871343886
2e9001,23,1790785843886
4d41a1,33,1790785843886
c590d0,26,1790786743886
d207be,15,1790785843886
bf0f04,43,1790785843886
bb1be0,48,1790785843886
c87174,53,1790786743886
14b697,55,1790786743886
9b6252,60,1790871343886
c36aa9,26,1790785843886
615a5f,37,1790785843886
d15b12,24,1790871343886
a7835c,23,1790785843886
77336f,29,1790871343886
7397c2,33,1790785843886
98a6ef,37,1790871343886
5f2ef6,32,1790786743886
2faf15,26,1790871343886
08d955,24,1790785843886
f47eab,43,1790871343886
e2d393,56,1790786743886
5fc2af,17,1790871343886
b9e27e,29,1790786743886
2fb64a,46,1790786743886
daba35,60,1790785843886
5ea7ef,30,1790786743886
7c004f,45,1790871343886
38b155,46,1790786743886
95080d,26,1790871343886
a7ebbc,19,1790786743886
5cb4a8,26,1790871343886
ef15be,59,1790871343886
ad9094,40,1790786743886
7b3aef,49,1790785843886
50e3bc,16,1790786743886
1958a0,60,1790785843886
d2a67d,24,1790786743886
f3744c,18,1790786743886
a7ac3c,47,1790786743886
a4f9a6,16,1790785843886
9e1d43,33,1790785843886
6c5f6d,21,1790786743886
d8b2e6,56,1790871343886
adfb63,60,1790871343886
467304,44,1790785843886
5d5f80,41,1790786743886
73a81c,48,1790786743886
6e5ec9,58,1790786743886
1e4ba6,17,1790871343886
7ede59,55,1790785843886
d34b4a,45,1790871343886
af4e34,19,1790786743886
03be15,30,1790786743886
8473c7,25,1790871343886
83f6f0,60,1790871343886
89b330,23,1790786743886
ba824b,53,1790786743886
9128c0,52,1790871343886
cdb48c,42,1790871343886
77c9c4,39,1790871343886
e41bba,35,1790785843886
0c1f71,21,1790786743886
a83283,59,1790785843886
11a2c7,37,1790871343886
8c04e1,18,1790871343886
520069,16,1790871343886
5efd2d,37,1790871343886
185abe,52,1790871343886
eaa0b9,58,1790871343886
539348,47,1790786743886
3d5826,52,1790785843886
95e97f,36,1790786743886
f5e869,16,1790871343886
da66dd,44,1790786743886
6796f5,57,1790785843886
681e0d,51,1790786743886
1ce6c6,48,1790871343886
1e23d8,56,1790871343886
1275f5,24,1790785843886
409a5a,26,1790786743886
b6b835,23,1790785843886
c5c450,47,1790871343886
65893b,47,1790871343886
2b307c,40,1790871343886
5b1e31,26,1790785843886
e25d94,37,1790786743886
167234,56,1790786743886
f8d135,50,1790786743886
330105,20,1790786743886
2cd90a,28,1790786743886
875068,43,1790786743886
5ddc28,51,1790871343886
ff98e2,36,1790786743886
f3c5cb,37,1790786743886
1afd49,54,1790785843886
0fd9c0,46,1790871343886
65dee5,22,1790871343886
8fa5e1,48,1790871343886
257d31,39,1790786743886
e40df1,25,1790785843886
2dfad4,28,1790786743886
74efcd,20,1790871343886
7370fc,29,1790786743886
e7e800,34,1790786743886
cee730,42,1790785843886
ef95c9,37,1790871343886
28dd41,59,1790871343886
e4f0d0,34,1790871343886
432dbd,56,1790785843886
220d12,43,1790871343886
0a134c,24,1790871343886
b9add4,54,1790871343886
d344aa,57,1790785843886
c1f627,22,1790786743886
fb7a10,19,1790786743886
9af1d0,16,1790785843886
b37aa3,43,1790871343886
0e0ec1,43,1790786743886
86f937,24,1790871343886
40b349,21,1790785843886
a57e78,35,1790871343886
c6bcf1,32,1790871343886
bf266a,42,1790871343886
4b7af7,39,1790785843886
cb5fae,22,1790785843886
daa302,17,1790871343886
e8e88f,36,1790785843886
9729df,24,1790785843886
af8d26,52,1790871343886
cd2d43,52,1790871343886
739330,55,1790871343886
bf48d7,28,1790786743886
572bdb,39,1790785843886
9305fc,48,1790871343886
6868bd,41,1790785843886
dd06b6,27,1790785843886
8fb11d,48,1790786743886
859874,28,1790871343886
55fcfa,43,1790785843886
271afd,16,1790785843886
adab7d,17,1790785843886
c6686e,49,1790871343886
7b5698,59,1790785843886
69e87e,59,1790786743886
6cdeaa,24,1790785843886
07661e,31,1790871343886
8e74c0,25,1790786743886
213476,52,1790785843886
b56a29,30,1790785843886
5a8a73,56,1790786743886
2f5693,37,1790786743886
271171,21,1790786743886
c58c1a,46,1790785843886
fd4c4f,51,1790785843886
08bfaa,60,1790786743886
1eb501,44,1790786743886
0309f8,22,1790786743886
1a80b9,26,1790786743886
40b33d,18,1790786743886
261485,60,1790785843886
3712ca,34,1790786743886
9be271,39,1790786743886
4c305f,36,1790786743886
911bd2,57,1790786743886
43768d,39,1790871343886
009df2,38,1790786743886
778730,54,1790786743886
8f9a21,59,1790785843886
338e07,44,1790786743886
51d284,21,1790785843886
f70aa2,18,1790785843886
421878,16,1790871343886
8d41d7,54,1790786743886
1ec343,24,1790785843886
013451,28,1790785843886
0eefc2,33,1790785843886
7b0a22,17,1790871343886
7c24d2,21,1790871343886
1b29c8,25,1790785843886
e29112,48,1790786743886
528732,38,1790871343886
cfca78,31,1790785843886
4fbcfe,56,1790785843886
83672e,47,1790785843886
9d78bd,55,1790785843886
4b8076,19,1790786743886
eecf60,59,1790785843886
ae8d45,55,1790871343886
ae9516,26,1790871343886
ac55f4,23,1790786743886
104943,22,1790786743886
7b7126,53,1790871343886
3737b6,34,1790786743886
2764e6,50,1790871343886
b7e00f,29,1790785843886
24135c,28,1790785843886
540467,39,1790786743886
7df66f,51,1790785843886
ce05c0,60,1790785843886
1b5518,38,1790871343886
3608ef,54,1790786743886
117f78,38,1790786743886
78b080,36,1790785843886
bcefe5,44,1790871343886
f6ef46,39,1790871343886
109ab4,32,1790785843886
d85f96,43,1790786743886
f1924e,21,1790786743886
df4a73,22,1790785843886
9f28ee,20,1790785843886
cd2854,53,1790786743886
35d039,29,1790786743886
090fb9,54,1790871343886
f866a0,59,1790785843886
88acf1,50,1790786743886
11fa07,30,1790871343886
c522a8,35,1790871343886
a17949,52,1790786743886
ed5a19,43,1790786743886
b5c860,50,1790785843886
692846,51,1790785843886
9ba217,28,1790871343886
439d94,59,1790785843886
6912f7,48,1790786743886
cea3e8,33,1790871343886
11df9d,57,1790785843886
b495a2,41,1790785843886
2dedae,17,1790785843886
472126,27,1790871343886
c5409d,60,1790786743886
e03b75,60,1790785843886
543392,51,1790786743886
db7b81,21,1790871343886
4f401e,20,1790871343886
958800,46,1790871343886
30e5a4,16,1790871343886
6a36ce,44,1790871343886
0cfc08,16,1790785843886
9a5826,49,1790871343886
3cdb5b,54,1790786743886
ab8112,32,1790785843886
0af3bd,23,1790786743886
8b520f,15,1790786743886
18393a,58,1790785843886
890b5a,34,1790871343886
80dd58,19,1790871343886
ccf51e,50,1790785843886
d00f8f,20,1790786743886
b729dc,27,1790871343886
4e9c49,34,1790785843886
c1c9a6,17,1790786743886
d743ad,15,1790785843886
53a91c,57,1790785843886
85fcf7,27,1790871343886
4dcab6,55,1790786743886
b3edc1,25,1790871343886
75d13a,59,1790871343886
27f8c9,38,1790871343886
000cc7,60,1790785843886
a75f8e,19,1790871343886
dcde2b,44,1790871343886
dca0f0,24,1790785843886
a2fb6f,50,1790786743886
01a187,38,1790786743886
a0de3d,32,1790785843886
9c9ef6,33,1790785843886
0e107e,55,1790785843886
319a04,47,1790871343886
39362a,36,1790871343886
6a8d29,53,1790871343886
6731a0,48,1790871343886
a399e8,33,1790785843886
fb1d70,51,1790871343886
656836,26,1790785843886
04ae8b,16,1790785843886
b94d28,43,1790785843886
259030,25,1790786743886
f3e77b,37,1790785843886
2984c9,57,1790871343886
d64cd5,41,1790871343886
f30670,25,1790871343886
c09211,49,1790786743886
32e996,23,1790785843886
d3cc8c,29,1790785843886
71b515,60,1790871343886
a85422,30,1790871343886
6b98f2,57,1790871343886
4877e0,58,1790785843886
02fba8,25,1790786743886
6455c4,45,1790785843886
c78ff1,35,1790871343886
859676,39,1790785843886
cf7f71,49,1790786743886
7b084c,32,1790871343886
79ce0e,33,1790785843886
916c47,44,1790785843886
7e7f45,18,1790786743886
882d29,60,1790871343886
fd1baf,47,1790785843886
a010ab,34,1790786743886
8f34e4,51,1790786743886
4e8ac7,38,1790786743886
c5e1f7,54,1790785843886
f66e31,47,1790785843886
fdadff,31,1790786743886
511291,47,1790785843886
5b073b,43,1790785843886
2004dc,34,1790785843886
d40c1a,22,1790785843886
d48d4b,50,1790785843886
313005,51,1790785843886
b164fa,33,1790871343886
63d2ef,32,1790786743886
717fae,37,1790785843886
98fdc8,23,1790871343886
91de85,52,1790785843886
5d307b,58,1790785843886
1459ff,16,1790871343886
089f54,20,1790785843886
935a68,25,1790786743886
1e5629,22,1790785843886
346be6,48,1790785843886
bf6f63,16,1790785843886
7a9c1d,19,1790871343886
727538,59,1790786743886
1ee181,56,1790871343886
b16897,36,1790785843886
b123eb,29,1790786743886
f06840,28,1790786743886
ee43ae,39,1790786743886
8f904e,33,1790785843886
bda920,17,1790785843886
9b752e,49,1790785843886
810a92,53,1790785843886
a26cf8,39,1790871343886
0d987c,31,1790871343886
d0a3c7,21,1790785843886
d286eb,32,1790871343886
d770f2,16,1790785843886
05afb0,48,1790785843886
aa3596,24,1790785843886
c2a086,49,1790871343886
283266,23,1790785843886
39bdb0,37,1790871343886
b1d079,51,1790871343886
e72d79,56,1790785843886
6d2afe,27,1790786743886
a53b91,15,1790786743886
4bdf4d,54,1790785843886
30bbef,15,1790786743886
cd1831,34,1790786743886
3b3c30,46,1790871343886
44d8da,23,1790786743886
a01921,48,1790786743886
0ae84f,18,1790871343886
e849b6,28,1790785843886
23314c,42,1790785843886
d07c8f,51,1790786743886
861787,21,1790785843886
27054a,29,1790785843886
4d13e9,19,1790871343886
8a7e5e,27,1790786743886
f26116,60,1790871343886
fd26a7,55,1790785843886
3b1fdd,58,1790785843886
c381f5,52,1790871343886
7da16e,31,1790786743886
c85852,49,1790786743886
d4959d,32,1790871343886
248c3a,41,1790871343886
f3a717,55,1790785843886
3889e9,27,1790871343886
ccbfbe,32,1790786743886
8fb057,32,1790871343886
569911,26,1790786743886
4027c1,52,1790786743886
b75c8f,27,1790786743886
2a1915,27,1790785843886
02f2ac,23,1790786743886
3ed1e5,54,1790786743886
437025,29,1790785843886
ec3608,38,1790786743886
0b0b67,16,1790871343886
c99a3f,26,1790786743886
264b00,43,1790871343886
982836,57,1790871343886
c682b9,33,1790871343886
d96cd3,48,1790871343886
234bac,22,1790785843886
ea6784,55,1790871343886
851b82,50,1790786743886
8bee07,21,1790786743886
a50471,18,1790785843886
8e6c07,47,1790871343886
434303,55,1790871343886
1155a8,34,1790871343886
732956,52,1790785843886
805540,46,1790871343886
acb955,39,1790785843886
02d1ee,18,1790871343886
688839,58,1790785843886
c0d97f,18,1790786743886
b4f12f,32,1790871343886
a3a571,40,1790871343886
ffc593,48,1790785843886
6634c1,35,1790785843886
20c50e,32,1790785843886
cb102d,37,1790785843886
6172d3,41,1790871343886
162c04,35,1790871343886
2a73c4,56,1790871343886
c55065,42,1790786743886
b110f0,39,1790786743886
324825,15,1790786743886
fe4926,19,1790871343886
b6be54,40,1790786743886
08cb30,31,1790871343886
5e5875,56,1790871343886
fac094,49,1790785843886
e8fbd7,16,1790871343886
24d3c6,58,1790871343886
e93b9b,31,1790871343886
846709,58,1790786743886
179818,42,1790871343886
36e08f,22,1790785843886
bd76f3,42,1790871343886
54e4b4,16,1790786743886
5ec137,44,1790871343886
b15ab6,53,1790871343886
e4b582,47,1790785843886
c41352,15,1790786743886
4fad86,36,1790871343886
6ea799,19,1790871343886
e11556,19,1790785843886
50542f,50,1790785843886
7f6077,15,1790871343886
fb3240,29,1790871343886
65002a,29,1790871343886
0feb24,38,1790786743886
2a4713,48,1790871343886
47121e,41,1790785843886
7e6de1,23,1790786743886
266a88,22,1790871343886
16739f,23,1790786743886
8c7c93,17,1790786743886
9f5a06,35,1790786743886
c6e4a0,45,1790786743886
f06cd7,27,1790871343886
262d70,22,1790785843886
8e9cd1,36,1790871343886
914c2e,27,1790785843886
dabc59,18,1790786743886
6d3ce5,53,1790786743886
e13ad9,26,1790785843886
422c19,40,1790785843886
fb040a,42,1790871343886
9a3475,60,1790871343886
c4899b,58,1790871343886
615fea,56,1790786743886
61d3bb,46,1790786743886
6b8251,35,1790785843886
9e6877,31,1790785843886
3f9d77,29,1790871343886
076335,56,1790871343886
278dad,31,1790871343886
e235a6,30,1790785843886
1f4d9f,52,1790786743886
738b3c,15,1790785843886
372557,57,1790786743886
27de4b,29,1790871343886
2d4ff1,54,1790785843886
6e17b4,41,1790786743886
647765,22,1790871343886
52b2fc,25,1790785843886
a073cd,20,1790871343886
e59e03,60,1790786743886
2d63f4,53,1790871343886
9192da,18,1790786743886
5d0609,49,1790871343886
e8e67e,30,1790871343886
21adde,43,1790786743886
a40916,53,1790785843886
8f648e,58,1790786743886
97def6,48,1790785843886
d00692,35,1790785843886
88d5d3,23,1790785843886
7831f5,30,1790785843886
f6af90,20,1790786743886
2cb096,46,1790786743886
312062,24,1790786743886
95834a,16,1790786743886
9be924,28,1790871343886
4189c9,36,1790871343886
549772,29,1790785843886
aeab4a,34,1790785843886
246806,27,1790785843886
891328,43,1790871343886
e7cf5c,46,1790785843886
fca9a3,40,1790871343886
ac4a6f,25,1790785843886
c7aaf7,53,1790786743886
dbf415,52,1790785843886
8e86e9,45,1790786743886
923508,23,1790786743886
c9ba11,38,1790786743886
44adca,21,1790785843886
e31d14,29,1790871343886
ff5618,46,1790785843886
6fb63a,50,1790785843886
f9415b,30,1790871343886
8b6742,32,1790786743886
da854d,47,1790785843886
5ee462,43,1790871343886
77fcb3,18,1790786743886
29122d,44,1790785843886
9a4e30,33,1790786743886
b9e1ce,27,1790786743886
a1ac3d,57,1790871343886
62e414,27,1790786743886
3c75fb,19,1790786743886
c810af,46,1790871343886
dfa31b,55,1790785843886
e61f94,37,1790785843886
c5d8a9,39,1790871343886
012dbc,44,1790786743886
159e64,32,1790785843886
d4d9b2,27,1790785843886
4b290b,22,1790786743886
e69b50,27,1790785843886
8e238f,47,1790871343886
d636c9,54,1790785843886
0cb6df,18,1790786743886
214700,46,1790786743886
aca5cb,26,1790785843886
ae6c5c,15,1790786743886
5ba9ac,20,1790786743886
5d0294,41,1790785843886
8bcdd3,56,1790785843886
6d5c58,25,1790785843886
8a2ab7,17,1790871343886
731c2f,51,1790786743886
b97e9c,24,1790871343886
6526ff,48,1790786743886
692ea5,57,1790785843886
b8ba61,49,1790871343886
c91069,35,1790871343886
a1a098,39,1790871343886
cfef17,41,1790785843886
72b646,60,1790871343886
71c0de,59,1790786743886
ccc9ea,33,1790786743886
ec98df,54,1790786743886
0bddcc,51,1790786743886
48132a,21,1790785843886
a3a216,33,1790871343886
34fa71,52,1790786743886
9351b3,18,1790785843886
77175c,54,1790785843886
d0a5be,49,1790785843886
931fef,18,1790871343886
03fbb5,50,1790786743886
728899,20,1790785843886
ec9727,24,1790786743886
d2d0c5,21,1790785843886
d4a37d,22,1790785843886
9f661f,53,1790785843886
05c495,30,1790871343886
05200c,31,1790785843886
fbda2f,15,1790786743886
07e931,29,1790786743886
ae9655,27,1790786743886
9f8dee,46,1790786743886
2885e0,52,1790785843886
3ca73f,60,1790786743886
e609ef,19,1790786743886
f09ca6,28,1790786743886
5e3a04,31,1790871343886
9f8425,24,1790786743886
23f781,43,1790871343886
3fd8ec,27,1790871343886
507589,34,1790871343886
8c2efe,35,1790785843886
58ed1b,20,1790786743886
902ed2,49,1790785843886
119eb3,54,1790785843886
5cadd5,26,1790871343886
e93804,59,1790785843886
1d9fb4,52,1790785843886
05550a,20,1790785843886
bc60b1,41,1790785843886
fa3c5a,58,1790871343886
59453c,55,1790786743886
c871bd,42,1790786743886
ad0bdd,23,1790785843886
a344f9,58,1790785843886
8c2ab7,48,1790786743886
67dbe5,60,1790871343886
8a587b,33,1790785843886
26ee29,37,1790871343886
9fa80c,35,1790786743886
37a529,40,1790785843886
a9066a,15,1790786743886
c5b692,16,1790785843886
b9ee4e,24,1790786743886
a67196,19,1790871343886
3ae471,49,1790871343886
a5a362,33,1790871343886
5adf93,52,1790786743886
99ba41,52,1790871343886
72ce87,54,1790785843886
1d608d,32,1790785843886
e20475,21,1790786743886
5b3727,19,1790785843886
1f41b3,30,1790785843886
b182c3,27,1790871343886
426d8d,32,1790786743886
634c20,30,1790786743886
e65712,38,1790786743886
6be49d,60,1790786743886
c601c7,43,1790785843886
97d38a,36,1790785843886
e11ed9,58,1790785843886
120030,55,1790785843886
671130,48,1790786743886
b480f6,28,1790871343886
9ea848,53,1790786743886
98c7a7,31,1790786743886
d0db0b,36,1790786743886
86b91c,43,1790871343886
4566ec,31,1790786743886
636824,27,1790785843886
0a90f7,52,1790785843886
8a832f,44,1790871343886
b7f3a2,38,1790786743886
09f043,24,1790785843886
139cbc,37,1790785843886
7d0ba0,26,1790785843886
90c795,25,1790786743886
221062,39,1790785843886
ddb93f,42,1790785843886
c41de8,21,1790785843886
d32c07,19,1790785843886
f49c59,28,1790785843886
37bc17,38,1790786743886
447359,19,1790785843886
4509c4,22,1790786743886
0c16fb,52,1790871343886
8cf308,55,1790871343886
a1ddf6,15,1790786743886
efcea8,24,1790785843886
be5625,23,1790871343886
fddd9d,56,1790871343886
1d6e93,22,1790786743886
ad85bd,43,1790786743886
98227f,38,1790786743886
360379,58,1790785843886
fefb17,37,1790785843886
b07598,41,1790786743886
b7f975,42,1790786743886
700779,32,1790786743886
ba7c09,26,1790785843886
f69a52,38,1790786743886
f2eb0c,27,1790871343886
c2eebe,23,1790786743886
199c58,53,1790785843886
3d9535,59,1790785843886
1f7580,42,1790785843886
ea0597,45,1790871343886
5ab693,29,1790871343886
53f1c7,48,1790786743886
c1d3dc,20,1790785843886
1bb56a,42,1790786743886
c33aa6,56,1790871343886
69362c,41,1790871343886
9beea0,21,1790786743886
28375e,44,1790786743886
1e2696,36,1790871343886
59b446,54,1790871343886
370e52,28,1790785843886
a19bb8,17,1790786743886
d90b12,41,1790871343886
bd8e15,38,1790871343886
d14051,57,1790871343886
99b96e,17,1790785843886
555ec9,34,1790786743886
a8126e,58,1790786743886
f3854f,22,1790785843886
d22a71,26,1790786743886
802935,40,1790786743886
53c0f4,20,1790871343886
2958aa,59,1790785843886
f24236,27,1790785843886
75afdb,34,1790785843886
cf2860,36,1790871343886
37b7d2,27,1790785843886
92be05,32,1790871343886
e5452b,40,1790871343886
24ccc1,19,1790786743886
22efa5,37,1790785843886
639925,51,1790871343886
210f0c,17,1790871343886
667ccf,20,1790785843886
e44bed,46,1790871343886
6cea14,52,1790786743886
55b827,18,1790786743886
2159f1,50,1790786743886
fd9a13,32,1790785843886
fbef63,17,1790785843886
650c64,51,1790786743886
666668,47,1790786743886
7f1ab9,59,1790871343886
2d701b,16,1790785843886
d6618b,22,1790785843886
f15f24,32,1790785843886
3a77fb,23,1790785843886
73693f,38,1790786743886
ab9371,36,1790786743886
a27339,26,1790785843886
5fb0cb,56,1790785843886
e9437b,56,1790871343886
4cc46f,40,1790786743886
83d4ed,30,1790785843886
19e320,18,1790786743886
643f52,33,1790785843886
709ac3,16,1790785843886
eb572e,38,1790871343886
a8d348,20,1790786743886
7bb16e,56,1790871343886
9afaf1,51,1790785843886
76895e,50,1790786743886
de3563,15,1790871343886
98663d,54,1790871343886
4ff315,35,1790786743886
7ab235,29,1790785843886
02579b,17,1790871343886
31b008,28,1790785843886
9f64d6,20,1790786743886
64aa12,29,1790785843886
f33546,37,1790786743886
f3096c,50,1790786743886
be3bd8,29,1790785843886
6f15dd,41,1790785843886
0bd086,38,1790786743886
1383a9,57,1790785843886
6a4105,41,1790786743886
bdaf83,58,1790871343886
a133b3,26,1790786743886
da3ea6,36,1790871343886
66f2e2,22,1790785843886
be5b34,50,1790785843886
b8c516,22,1790871343886
c79b75,24,1790871343886
baafa1,25,1790871343886
2becb9,58,1790785843886
f443c3,51,1790786743886
80b0d3,20,1790786743886
af56b9,55,1790785843886
7864bc,34,1790786743886
868a72,58,1790871343886
6ef932,32,1790871343886
b42a10,50,1790785843886
43fe91,16,1790871343886
e3cedc,24,1790785843886
203808,36,1790871343886
0ecea6,27,1790785843886
776054,34,1790785843886
8b60ef,28,1790871343886
b3b110,60,1790871343886
abd979,43,1790871343886
6058eb,60,1790786743886
e1fbdc,52,1790871343886
6dfad1,30,1790871343886
a23d38,30,1790785843886
29777c,25,1790871343886
d4baef,35,1790871343886
829897,41,1790786743886
2567c7,57,1790785843886
a05c9e,54,1790785843886
44f1a6,41,1790871343886
6471d9,33,1790786743886
1015c8,21,1790786743886
560522,15,1790786743886
f5a4dd,27,1790871343886
82d6af,30,1790786743886
3506e8,26,1790871343886
105235,54,1790785843886
e6c4e2,47,1790785843886
b3aa34,24,1790785843886
2b045d,60,1790786743886
2d812b,42,1790785843886
db4b46,51,1790786743886
0bec3e,30,1790871343886
6c5e11,16,1790786743886
526c7f,54,1790871343886
858a6e,15,1790785843886
ba252c,55,1790786743886
4299f8,46,1790785843886
8963bd,17,1790786743886
4a427b,54,1790871343886
9c8328,35,1790871343886
0d72a4,30,1790785843886
08f79d,49,1790786743886
ca7981,16,1790785843886
2fefc2,47,1790785843886
2b27df,37,1790871343886
8bfd64,36,1790871343886
1df65e,16,1790785843886
f9791c,44,1790871343886
3717d1,19,1790786743886
8514a4,40,1790786743886
943b4c,40,1790785843886
df2fe3,46,1790785843886
5dd66b,21,1790786743886
a81e73,33,1790785843886
d301ae,26,1790871343886
1c3033,35,1790871343886
f124b7,19,1790785843886
9d2283,41,1790785843886
f495d9,56,1790786743886
d840cb,49,1790785843886
493233,27,1790785843886
2da41a,17,1790871343886
7e28e9,35,1790871343886
7d919b,19,1790785843886
c8c4aa,24,1790785843886
a2e15e,27,1790786743886
2f572b,49,1790871343886
d429cd,53,1790785843886
d2111c,34,1790786743886
62beb1,35,1790871343886
c8f2bb,55,1790785843886
a44272,41,1790871343886
c75b96,24,1790785843886
28e2b1,49,1790785843886
e74542,21,1790871343886
bb571a,28,1790871343886
4efe00,21,1790871343886
96d5e1,31,1790785843886
a0695a,47,1790786743886
e5006f,27,1790871343886
1a3c14,44,1790871343886
d48b0f,54,1790786743886
a37c4d,50,1790871343886
522797,27,1790786743886
8eb3cd,33,1790785843886
27d914,16,1790871343886
87b20b,60,1790785843886
1a013c,34,1790785843886
79f30b,46,1790786743886
6a0cf4,58,1790785843886
3da747,18,1790871343886
584a1d,40,1790785843886
311b7c,42,1790786743886
3adca8,32,1790786743886
b35e1f,36,1790786743886
28b665,20,1790786743886
99f571,35,1790871343886
f3eb0c,41,1790871343886
e16473,60,1790786743886
a8f19a,15,1790786743886
32bbe1,27,1790785843886
bd9bc2,29,1790871343886
2124d6,31,1790871343886
f84820,51,1790786743886
6a5d1a,60,1790785843886
016775,21,1790871343886
1cd8e2,19,1790871343886
b6aa0b,24,1790785843886
f0f46b,25,1790786743886
1c297b,49,1790871343886
863ec3,30,1790785843886
d149b0,28,1790786743886
fb7495,46,1790785843886
b3e97e,58,1790785843886
744e6d,28,1790785843886
4463df,27,1790785843886
3051b1,24,1790785843886
73c28f,27,1790786743886
e36736,35,1790871343886
2a6ed5,20,1790786743886
f264bb,32,1790785843886
fc2d77,57,1790786743886
b88853,57,1790785843886
891f74,34,1790785843886
1ef947,26,1790871343886
47b859,24,1790786743886
e55bc4,49,1790786743886
11cf6c,18,1790786743886
e016cd,41,1790785843886
4ae90b,18,1790786743886
cb4311,21,1790785843886
c36736,33,1790871343886
128c38,31,1790786743886
c6663c,46,1790786743886
edc590,45,1790785843886
bbf499,60,1790786743886
c95539,55,1790785843886
0206d8,39,1790786743886
1381e0,20,1790785843886
9ed2e3,51,1790785843886
f9dfbb,47,1790871343886
9678f7,25,1790785843886
0937a5,34,1790785843886
8b1b8c,57,1790871343886
eefef1,40,1790871343886
9c28f4,18,1790786743886
4643a8,44,1790785843886
7d54cb,48,1790871343886
650620,45,1790786743886
a7054a,56,1790786743886
d36f77,51,1790785843886
1aa620,50,1790785843886
a96e3a,53,1790785843886
181c36,34,1790785843886
186f8b,46,1790786743886
971d9a,20,1790786743886
e9dda6,49,1790786743886
82a8d5,37,1790871343886
273102,42,1790786743886
1161ad,24,1790871343886
6147be,29,1790786743886
fa1819,58,1790785843886
55e1f2,38,1790786743886
deb1b2,22,1790785843886
ea67d2,19,1790786743886
881ff4,38,1790785843886
fcfb9f,32,1790785843886
8e02d3,39,1790871343886
06796a,38,1790786743886
ce993b,58,1790785843886
6d4e9d,24,1790871343886
2d6c7b,15,1790786743886
da4ed6,15,1790786743886
8bc97f,21,1790785843886
0fe5f5,21,1790871343886
67f8c4,26,1790871343886
80e0e1,54,1790785843886
e6793c,45,1790871343886
108612,28,1790785843886
61b87a,28,1790786743886
47d457,20,1790786743886
1334fa,23,1790786743886
ef17d8,28,1790786743886
ac044d,52,1790785843886
39696d,52,1790785843886
56a3ac,23,1790871343886
4a7649,33,1790871343886
44a21a,29,1790785843886
41c8a5,37,1790785843886
efa1a5,27,1790785843886
ad4543,43,1790785843886
cb3bf7,43,1790871343886
1aad35,44,1790785843886
833eb4,34,1790785843886
d4b79f,48,1790786743886
32907e,44,1790785843886
447ef8,50,1790871343886
f94e0d,21,1790785843886
0e5209,22,1790871343886
e02200,34,1790786743886
3167ef,30,1790785843886
9e0424,35,1790786743886
a4e933,53,1790786743886
0b060a,23,1790785843886
20edeb,32,1790785843886
f48b24,33,1790785843886
6e4b27,17,1790871343886
200437,47,1790786743886
7eb385,20,1790871343886
f16f0b,36,1790871343886
bf6ae5,52,1790786743886
0a81a7,36,1790871343886
a7a527,20,1790786743886
1fefbb,17,1790786743886
40252b,27,1790785843886
842f3d,23,1790871343886
c4d2d0,34,1790786743886
c0551a,26,1790786743886
a64a7e,43,1790786743886
e08798,17,1790785843886
6794a1,42,1790786743886
eff03f,41,1790871343886
f83074,46,1790786743886
c7682a,21,1790786743886
668af6,33,1790785843886
e107d2,18,1790871343886
95379c,21,1790871343886
98ad09,28,1790786743886
df9ea9,26,1790785843886
b79a23,15,1790871343886
aac86a,23,1790786743886
1deaa5,56,1790871343886
d609eb,54,1790785843886
4bdf03,39,1790785843886
da6cff,22,1790785843886
8ad4ef,58,1790785843886
bb3356,39,1790871343886
dce8d0,43,1790785843886
57b4e2,29,1790871343886
b2724e,20,1790871343886
b57f28,57,1790786743886
efd507,16,1790785843886
608b80,58,1790785843886
e17160,35,1790785843886
5e7757,50,1790786743886
1bddeb,29,1790786743886
7142a1,46,1790786743886
a30e5e,49,1790786743886
a0ebd2,42,1790785843886
b2502b,58,1790871343886
0d1fb2,33,1790785843886
6a6618,55,1790786743886
29f241,30,1790786743886
8ced66,15,1790871343886
a2c03d,34,1790785843886
414d25,53,1790785843886
0900e0,54,1790786743886
275241,32,1790786743886
3aa5c2,48,1790786743886
9fbc15,35,1790785843886
9cb27a,46,1790871343886
db6687,57,1790786743886
520610,55,1790785843886
7c9d92,31,1790786743886
4da37f,16,1790785843886
ef87df,31,1790785843886
b8870f,19,1790786743886
8b7360,55,1790786743886
ff7148,15,1790785843886
5d8da2,21,1790786743886
b30625,49,1790871343886
c4b3d8,27,1790871343886
2d822a,53,1790786743886
6e1f7b,27,1790871343886
8bacea,41,1790871343886
f2f535,40,1790785843886
7b1210,52,1790785843886
6d92ca,50,1790785843886
1f8b74,29,1790786743886
677d7c,20,1790871343886
85aaa8,31,1790785843886
8e0b89,43,1790786743886
d6ad93,26,1790785843886
c11e63,19,1790871343886
b7239a,58,1790785843886
f83154,49,1790786743886
f003cc,27,1790786743886
b9b2da,37,1790786743886
8b6f47,58,1790871343886
3be230,53,1790785843886
78c8a8,54,1790785843886
3e271a,27,1790785843886
ad6a88,27,1790871343886
b58b3a,52,1790785843886
e73e98,48,1790786743886
5a3bb7,42,1790871343886
cdb3e0,56,1790785843886
9a8945,41,1790871343886
2e97c7,15,1790785843886
bd9310,29,1790785843886
4219c8,22,1790871343886
c12d30,16,1790785843886
0f966d,15,1790871343886
cb799d,56,1790871343886
c25741,19,1790785843886
bba309,56,1790785843886
c9e602,23,1790786743886
171a3e,18,1790871343886
9a012f,40,1790786743886
73e1ec,40,1790785843886
5ce457,30,1790871343886
3d2da3,41,1790785843886
0554ba,57,1790871343886
eb6851,31,1790785843886
46ead0,56,1790871343886
487aff,15,1790871343886
fd0ef9,21,1790785843886
4f5582,20,1790871343886
2e54cc,60,1790785843886
1bfc9b,38,1790871343886
d6bed2,46,1790786743886
a7c72e,25,1790786743886
289de1,31,1790786743886
cd00bb,59,1790785843886
11a51b,21,1790786743886
589c8b,52,1790785843886
528991,31,1790871343886
01ed4f,50,1790871343886
57b209,30,1790871343886
4fdc56,38,1790785843886
8a7d4b,39,1790871343886
87f005,43,1790786743886
29f305,28,1790785843886
1b4678,44,1790785843886
61b43d,37,1790785843886
67e9cd,43,1790785843886
645f99,38,1790871343886
618eeb,47,1790785843886
cdf9ce,29,1790871343886
89c4d2,45,1790785843886
9c9fc0,19,1790785843886
58bd39,21,1790871343886
cd3b63,44,1790785843886
75004b,42,1790871343886
ccfbb7,52,1790871343886
44d8ad,44,1790786743886
46b61b,33,1790871343886
d60f86,27,1790871343886
cf307b,21,1790786743886
730bc9,58,1790871343886
a1308f,55,1790871343886
2a80b9,54,1790786743886
a91869,24,1790871343886
9b890a,50,1790871343886
a1a09b,38,1790786743886
1602ec,31,1790785843886
2b16b8,36,1790871343886
596870,56,1790785843886
a62ed3,43,1790785843886
a138d3,56,1790785843886
01e333,37,1790786743886
e5bf97,22,1790785843886
3de318,46,1790786743886
8f1883,25,1790785843886
9e38cc,55,1790785843886
f72517,36,1790785843886
25939f,27,1790785843886
b8ffc9,29,1790785843886
b38f80,29,1790786743886
4c86ce,15,1790785843886
724351,30,1790871343886
440a4a,42,1790786743886
a8cbac,16,1790786743886
b178b4,49,1790785843886
bd675b,23,1790785843886
d84d44,37,1790785843886
f119c4,46,1790785843886
f8f730,35,1790871343886
3154d7,33,1790786743886
9b8ccd,53,1790786743886
ffcb52,25,1790785843886
e304d0,26,1790871343886
525a65,60,1790871343886
557dab,29,1790786743886
eba58c,43,1790871343886
afaf5c,34,1790786743886
2f0800,32,1790785843886
bb5064,16,1790871343886
c8ab6a,37,1790871343886
9fa5fb,45,1790785843886
cb231d,38,1790785843886
f3fa79,37,1790786743886
faaa56,23,1790786743886
0d9282,48,1790871343886
30bb92,36,1790786743886
248ba4,41,1790785843886
3e7558,35,1790785843886
471e69,24,1790871343886
9dc1cf,44,1790785843886
77172f,60,1790871343886
2d6f9c,57,1790871343886
462475,58,1790785843886
5acc71,34,1790785843886
ca8256,17,1790785843886
667f63,53,1790871343886
b5ec99,41,1790871343886
47f0dd,17,1790785843886
de49d3,45,1790786743886
36b432,37,1790786743886
cc9ff4,57,1790785843886
f5eaa2,15,1790871343886
93dbdd,51,1790785843886
ded19b,29,1790871343886
d785fb,28,1790871343886
d8959d,44,1790786743886
11b8ed,41,1790871343886
e8b875,49,1790786743886
bc68c9,17,1790785843886
014f2b,23,1790785843886
6d445e,35,1790785843886
1d285a,18,1790871343886
49e6bf,50,1790786743886
32ec40,56,1790785843886
a8a3b6,58,1790785843886
dfe093,23,1790786743886
ca47c1,40,1790786743886
d48dd2,43,1790871343886
ecc6ad,20,1790786743886
9f4c03,49,1790785843886
7dff75,22,1790786743886
8ef607,46,1790871343886
068db9,31,1790786743886
611e92,19,1790786743886
4fa1d4,18,1790785843886
989f4f,40,1790785843886
e886e9,31,1790785843886
a6dcca,24,1790871343886
a865e2,33,1790785843886
74367f,44,1790786743886
b0d4d2,38,1790785843886
e614c3,37,1790786743886
6ae949,34,1790786743886
3972fb,51,1790786743886
b405f8,53,1790786743886
153744,43,1790786743886
a2c079,19,1790786743886
c08c30,34,1790786743886
708233,60,1790871343886
ecea7b,55,1790786743886
a59959,17,1790786743886
f3e4c6,56,1790786743886
6d0e66,29,1790871343886
a21db3,45,1790785843886
829107,53,1790785843886
f88d1c,28,1790785843886
78b6fe,30,1790786743886
0f7d0c,50,1790785843886
afb96d,48,1790786743886
03bbc5,37,1790785843886
1cc742,23,1790786743886
d529d1,44,1790785843886
cbd71d,40,1790871343886
5de751,54,1790785843886
569626,27,1790786743886
20e314,22,1790871343886
ffd3b3,19,1790786743886
878480,28,1790871343886
ca1aa5,24,1790785843886
7a5896,46,1790786743886
5d21f9,49,1790786743886
69aaef,45,1790785843886
f7a7b4,48,1790786743886
e65d09,56,1790785843886
e09e02,39,1790871343886
c5322b,44,1790871343886
0bacff,34,1790786743886
e1d545,26,1790785843886
3e290f,22,1790786743886
36c567,57,1790871343886
699998,49,1790871343886
088db8,29,1790786743886
78c671,21,1790786743886
34b151,57,1790871343886
dc4400,31,1790786743886
c04379,24,1790785843886
098133,21,1790871343886
7c8bf2,60,1790786743886
3f6fa9,25,1790785843886
c1af2d,35,1790785843886
5902e8,36,1790785843886
a43098,23,1790786743886
1ab6a9,57,1790785843886
a2ce3c,41,1790785843886
c3d5f8,41,1790871343886
234be0,39,1790871343886
4de581,29,1790785843886
b54d07,35,1790786743886
dabfd8,34,1790786743886
758fba,38,1790785843886
4227b1,26,1790871343886
233e37,54,1790871343886
936a8e,23,1790786743886
0cabb9,16,1790871343886
a8772f,35,1790786743886
1e334b,50,1790871343886
f16b2e,47,1790871343886
914460,33,1790871343886
f8daf2,15,1790871343886
59ec1a,54,1790871343886
eeaaab,20,1790785843886
c5d485,31,1790786743886
c4a91d,51,1790785843886
2cb6ed,42,1790786743886
35e21c,38,1790785843886
1da023,49,1790785843886
522efc,46,1790786743886
496c7a,24,1790786743886
84906b,31,1790871343886
f07325,33,1790785843886
d1b1a4,35,1790786743886
34a694,17,1790871343886
e9d0a8,34,1790871343886
165c3d,25,1790871343886
bfcbee,60,1790871343886
163ea1,24,1790785843886
b304a1,48,1790871343886
97db6b,40,1790871343886
ae6f47,51,1790786743886
6a3bfc,50,1790785843886
b79cd9,37,1790786743886
87622d,47,1790786743886
2e935f,19,1790871343886
02169b,53,1790786743886
aa4ce7,53,1790871343886
b48b99,54,1790785843886
272c9c,42,1790786743886
003f10,27,1790786743886
9e2519,43,1790786743886
03ec2d,37,1790871343886
d5ad2a,16,1790786743886
109d19,20,1790786743886
3eedcd,53,1790786743886
cf37f1,41,1790871343886
4d5957,51,1790786743886
aa8f16,55,1790871343886
2e094f,27,1790786743886
a37698,35,1790785843886
6aa1cb,18,1790786743886
1b2938,36,1790871343886
e6dc32,15,1790786743886
32d86c,59,1790871343886
31b427,35,1790786743886
ed6a71,25,1790785843886
026959,58,1790786743886
02cf2f,33,1790786743886
f67835,18,1790871343886
27e4f4,60,1790871343886
1f40b3,59,1790786743886
d0dd98,51,1790785843886
8bfb51,31,1790786743886
5f6b1b,30,1790871343886
125770,53,1790785843886
d5c5dd,45,1790785843886
9257ac,44,1790786743886
bbdb64,20,1790785843886
0ebb3a,23,1790786743886
fa75e1,37,1790871343886
fe6760,44,1790871343886
1bf715,55,1790871343886
3a2860,46,1790785843886
dce089,15,1790786743886
ccbd89,58,1790871343886
996f49,51,1790871343886
40037b,25,1790785843886
107a4d,45,1790785843886
7f7c31,45,1790786743886
bd7582,50,1790785843886
9b5c83,55,1790871343886
b9a3aa,31,1790786743886
f42e32,25,1790785843886
fa7cc6,19,1790785843886
5f03a7,21,1790871343886
91fc3d,19,1790785843886
acee92,18,1790785843886
8685ea,40,1790786743886
cc10f9,24,1790871343886
4bad13,54,1790786743886
922d26,32,1790785843886
833099,44,1790871343886
81dbe1,50,1790785843886
764566,32,1790785843886
6f11eb,46,1790871343886
7bff04,52,1790785843886
2ff9ef,32,1790786743886
f9c4ea,54,1790786743886
4b183e,16,1790871343886
f949ba,60,1790786743886
c400f1,15,1790786743886
b2cc02,42,1790871343886
8ce61d,47,1790871343886
ca1bd8,48,1790871343886
a2ea51,38,1790785843886
dd8b42,25,1790786743886
8b71f0,33,1790871343886
0fc8a8,30,1790871343886
91fed8,52,1790785843886
3da24a,19,1790785843886
076f96,55,1790786743886
f4f0df,52,1790786743886
7c6801,22,1790871343886
d29e26,31,1790786743886
4c7cc0,20,1790871343886
8c947d,51,1790871343886
694675,58,1790871343886
0c0934,38,1790871343886
1010dc,40,1790871343886
393803,39,1790871343886
b3f337,36,1790871343886
487613,28,1790786743886
3885c7,42,1790786743886
bd2485,34,1790871343886
6cc02b,49,1790871343886
621643,28,1790785843886
c0a9f8,15,1790871343886
999524,30,1790785843886
eef099,23,1790871343886
93c826,49,1790871343886
1a2f95,24,1790785843886
b0cecb,37,1790871343886
8c1838,16,1790785843886
155301,41,1790871343886
0518aa,26,1790786743886
b489ab,37,1790786743886
01d941,47,1790785843886
fb4965,38,1790786743886
102d39,33,1790786743886
9f9069,56,1790871343886
27bc96,45,1790786743886
b86934,15,1790871343886
0a9161,47,1790785843886
ae7e64,27,1790785843886
9c255b,30,1790871343886
687418,49,1790871343886
181f10,21,1790785843886
d6a228,29,1790786743886
f67eb3,58,1790786743886
e81f2d,48,1790871343886
406421,55,1790786743886
8f9007,42,1790871343886
db399c,48,1790785843886
7d218e,19,1790785843886
444613,52,1790786743886
cb7a01,31,1790786743886
199f79,38,1790871343886
6dee6d,38,1790785843886
032895,23,1790786743886
6a11e1,34,1790786743886
89af05,41,1790785843886
df5540,28,1790871343886
964e36,59,1790785843886
9e9356,16,1790871343886
8fbc55,35,1790871343886
900ce3,44,1790785843886
4ec6e5,58,1790786743886
482e68,54,1790785843886
c4d2c6,57,1790786743886
81077b,49,1790871343886
34a404,37,1790785843886
4b0ea3,47,1790786743886
219f54,45,1790871343886
3f4fb9,48,1790785843886
27e4c1,39,1790786743886
a79ef5,59,1790786743886
741bb8,27,1790785843886
01437d,25,1790871343886
3a1150,59,1790786743886
f84e9f,56,1790786743886
aeb629,24,1790871343886
527b59,47,1790785843886
1a8b17,49,1790785843886
23c1b2,18,1790871343886
0cfa99,51,1790785843886
ad9cca,37,1790785843886
0852eb,59,1790871343886
eb9575,56,1790786743886
8f63d7,30,1790871343886
e689a2,32,1790785843886
4c35ce,43,1790785843886
e400a1,33,1790871343886
36d9cf,58,1790786743886
1008d4,57,1790786743886
d99920,35,1790786743886
2bfd98,20,1790786743886
5393ea,48,1790786743886
be283c,52,1790785843886
d12f2c,47,1790785843886
ffb3f9,44,1790871343886
374b40,29,1790786743886
5c5833,18,1790871343886
cdaf68,31,1790786743886
ecef74,57,1790785843886
150db1,40,1790785843886
a09863,21,1790786743886
b2a5fe,45,1790871343886
cb1777,30,1790786743886
d8c13d,31,1790785843886
5abe7b,57,1790871343886
49c799,25,1790871343886
b2772c,54,1790786743886
623bbb,30,1790871343886
655383,54,1790786743886
cb4643,52,1790785843886
9a240c,22,1790786743886
5c3233,48,1790871343886
91ce54,55,1790871343886
576a9a,44,1790786743886
680dd9,31,1790786743886
8013ce,41,1790785843886
0d16ff,42,1790786743886
fcd1ba,35,1790785843886
b37ff7,51,1790871343886
a00fbd,37,1790871343886
026deb,30,1790785843886
10f23e,54,1790871343886
cf570a,29,1790786743886
b9518d,49,1790786743886
b739c6,40,1790786743886
80c924,34,1790786743886
50bd7c,46,1790785843886
41641b,32,1790786743886
d6f627,31,1790785843886
964d38,57,1790871343886
89169d,59,1790871343886
2b0b67,35,1790871343886
27953c,15,1790785843886
7db1e2,39,1790786743886
d8e2ce,45,1790871343886
c1b895,38,1790871343886
776d46,34,1790785843886
931e3d,41,1790785843886
4e09b4,56,1790785843886
214f18,23,1790785843886
2f9437,32,1790871343886
343c35,29,1790785843886
d4ccd3,28,1790786743886
3bded6,28,1790871343886
27ac55,25,1790871343886
06ee00,21,1790786743886
840581,59,1790871343886
b67190,51,1790785843886
8bcf56,19,1790785843886
3064ff,25,1790871343886
a2e877,23,1790871343886
0ea523,44,1790871343886
3588ec,17,1790871343886
d484fc,16,1790871343886
2b933d,38,1790786743886
95f58b,55,1790786743886
75bd47,30,1790786743886
d6617b,18,1790785843886
86bfb9,54,1790871343886
3fed39,42,1790785843886
29c95e,49,1790871343886
6eeccb,43,1790786743886
028c02,17,1790786743886
57d7c3,32,1790786743886
aec280,39,1790785843886
1f5296,56,1790785843886
e991d5,39,1790871343886
cd355e,19,1790785843886
9335ec,54,1790871343886
3eb1ba,46,1790871343886
255737,33,1790785843886
cffad0,54,1790786743886
13705f,26,1790785843886
dd4d1d,60,1790785843886
5029d8,46,1790871343886
9544b8,16,1790871343886
5c2660,45,1790786743886
bd03ac,57,1790785843886
bcce7f,22,1790871343886
22d882,42,1790785843886
c4bac0,29,1790785843886
1a1dce,53,1790871343886
aa0cef,26,1790785843886
64f4e9,30,1790871343886
f4af2a,39,1790786743886
dbf296,26,1790786743886
ece58a,23,1790785843886
e4910f,60,1790871343886
573761,37,1790786743886
52e5c6,59,1790785843886
205f6f,46,1790871343886
75efdb,48,1790786743886
c374c0,54,1790786743886
4a4869,60,1790786743886
eb3d00,26,1790785843886
8f30b4,52,1790785843886
475d0b,24,1790871343886
7bd02c,44,1790786743886
6fdb92,25,1790871343886
8f17c0,31,1790871343886
b4e14e,54,1790871343886
0c551d,36,1790871343886
490b7a,37,1790785843886
30465d,20,1790786743886
be397b,48,1790871343886
059b37,27,1790786743886
dde3f6,44,1790785843886
53d0fe,17,1790786743886
0eb926,43,1790871343886
8e1bd9,26,1790871343886
432cd2,16,1790786743886
0fd5d6,15,1790871343886
d5da53,51,1790786743886
094356,42,1790871343886
4a0562,42,1790785843886
818a06,37,1790785843886
d01ddb,23,1790871343886
72de74,15,1790785843886
35e6a7,23,1790785843886
8bb84b,27,1790785843886
a7b35a,37,1790785843886
388bf9,40,1790785843886
2aa879,25,1790871343886
a2ac4b,42,1790786743886
899c09,58,1790785843886
25d22e,32,1790871343886
74a0f2,17,1790871343886
11710f,57,1790871343886
10609a,16,1790871343886
c85b86,56,1790785843886
188fe0,41,1790871343886
693761,60,1790871343886
89a008,52,1790871343886
b34dc7,18,1790786743886
5df594,54,1790871343886
c3c3ad,60,1790786743886
d3ffb9,54,1790871343886
ca819a,39,1790786743886
618722,46,1790871343886
c3d51d,38,1790785843886
ce5e1d,51,1790871343886
a8b126,39,1790785843886
00fc30,40,1790785843886
4e2d51,30,1790871343886
66daf8,49,1790871343886
ac7184,32,1790871343886
3eb8e2,25,1790786743886
c375f3,54,1790786743886
876704,25,1790785843886
3c5d3b,28,1790785843886
9be36c,60,1790871343886
34a20d,25,1790871343886
81652c,26,1790871343886
f85866,57,1790871343886
9b29f6,16,1790786743886
42ef29,54,1790871343886
d76eff,55,1790871343886
a92302,41,1790785843886
f462d7,24,1790786743886
52d964,20,1790786743886
d2c1aa,19,1790871343886
6f956c,41,1790785843886
166ca2,56,1790785843886
5b9edc,59,1790871343886
6cac09,52,1790871343886
829446,51,1790871343886
251a04,22,1790785843886
ed673f,21,1790785843886
7621a9,39,1790786743886
499ec0,60,1790786743886
612b62,41,1790871343886
e99c3d,31,1790785843886
23515f,52,1790786743886
37c4d7,40,1790871343886
be5782,57,1790785843886
3a97ee,48,1790785843886
6cfb4d,49,1790785843886
fa31b5,37,1790786743886
5a77f7,44,1790785843886
55ca39,58,1790785843886
605413,40,1790785843886
1948a5,47,1790785843886
ef5f5c,32,1790786743886
1a2949,22,1790786743886
a75c0b,31,1790786743886
40e2ae,25,1790786743886
708323,60,1790871343886
c5f1fe,35,1790871343886
87653d,26,1790786743886
82434f,58,1790871343886
417fbc,52,1790785843886
91da19,32,1790785843886
dba6a7,24,1790785843886
9466af,26,1790786743886
676601,18,1790871343886
b3169a,33,1790871343886
f4d19e,37,1790785843886
58434b,51,1790786743886
74508d,46,1790871343886
33f418,27,1790871343886
99e01c,32,1790785843886
38f56c,35,1790785843886
972c2b,40,1790871343886
f3ad30,53,1790786743886
0b7cae,41,1790871343886
eeae38,40,1790785843886
79aca2,24,1790786743886
2b1261,22,1790871343886
479171,32,1790785843886
7759f0,47,1790785843886
36b5a9,15,1790871343886
3a8c75,28,1790871343886
3804ec,52,1790785843886
722229,54,1790871343886
d54299,59,1790871343886
47ad8e,50,1790785843886
61534f,24,1790786743886
b1a104,50,1790785843886
e97ac4,54,1790871343886
be1fbd,31,1790785843886
7dd692,16,1790785843886
ffd238,36,1790785843886
4b82ca,20,1790786743886
6f530f,26,1790786743886
5de7bc,22,1790785843886
e2315a,54,1790786743886
9c3cda,49,1790871343886
a79f17,52,1790871343886
10905e,19,1790786743886
489317,31,1790786743886
9e5a72,59,1790871343886
c13f23,20,1790786743886
f220ed,43,1790786743886
29a29a,17,1790785843886
9958cd,35,1790785843886
f052e7,50,1790786743886
c96096,15,1790786743886
18a15d,56,1790871343886
aaa596,39,1790871343886
25b20a,20,1790871343886
96aeb4,55,1790871343886
c20e46,30,1790871343886
2b50a8,40,1790786743886
bd74bb,41,1790786743886
089bca,28,1790786743886
8f06fe,27,1790786743886
ff2191,25,1790785843886
cdb49e,56,1790786743886
684a4c,28,1790871343886
f0bd8b,15,1790871343886
a29460,57,1790871343886
f69212,56,1790785843886
9074e4,16,1790786743886
da12e1,55,1790786743886
3e51fe,46,1790786743886
ff0c27,33,1790785843886
f14084,16,1790871343886
5430ef,26,1790786743886
0de377,18,1790785843886
e151e7,40,1790785843886
c28fd6,21,1790785843886
faa07c,24,1790871343886
4b0ebe,35,1790786743886
e5b0a2,19,1790785843886
adf948,35,1790786743886
4e8052,60,1790786743886
e50af4,16,1790786743886
7bab5a,29,1790871343886
274c6b,32,1790785843886
0c649d,52,1790785843886
bbd8aa,45,1790871343886
4c97b4,19,1790786743886
1650f3,23,1790786743886
5649f1,56,1790871343886
65d50c,56,1790786743886
ce0bd4,19,1790785843886
a31c40,22,1790871343886
e6ff2e,59,1790871343886
23941c,42,1790786743886
8a19c4,34,1790786743886
a8dc4a,24,1790786743886
e48f2d,18,1790871343886
db90f8,20,1790785843886
b08fb9,38,1790871343886
fc37a3,26,1790786743886
84710f,56,1790786743886
ecada7,40,1790785843886
2daf03,19,1790785843886
904fbb,21,1790785843886
883e32,34,1790785843886
417fb4,56,1790785843886
bcebd4,38,1790786743886
4c6e4c,16,1790786743886
1d97c6,33,1790871343886
b034d6,38,1790871343886
2c5852,48,1790785843886
8adc8c,48,1790871343886
b006bd,49,1790871343886
85af1c,28,1790871343886
dee58e,43,1790786743886
b4115b,47,1790786743886
14da3c,22,1790786743886
e0295d,39,1790871343886
7a63f7,34,1790785843886
eaa3c9,20,1790785843886
552925,54,1790785843886
5861b1,38,1790785843886
2f4234,32,1790785843886
aeacc8,50,1790786743886
6ea70e,47,1790785843886
3fa71c,41,1790871343886
3ff6e3,40,1790785843886
802ed1,55,1790785843886
ec1d6c,43,1790871343886
1da02b,16,1790786743886
b54fba,45,1790871343886
19c1d5,42,1790785843886
f38862,19,1790871343886
95d8da,29,1790786743886
8ad4ae,33,1790786743886
4933e0,20,1790786743886
bc8947,21,1790786743886
f49e52,23,1790785843886
738aa1,58,1790786743886
19a01e,44,1790871343886
874512,36,1790785843886
e7fc10,44,1790871343886
61a111,48,1790871343886
e0a1fa,39,1790786743886
f5cbbb,53,1790871343886
735f54,30,1790871343886
dde1bd,57,1790785843886
f83058,29,1790785843886
cbe8d8,26,1790871343886
acc4b5,16,1790786743886
7444cd,44,1790871343886
854efb,48,1790785843886
f04771,33,1790871343886
a938c3,47,1790786743886
4091c8,60,1790786743886
5264ef,57,1790871343886
47d7f4,59,1790871343886
060d76,29,1790786743886
f21fcb,51,1790871343886
b93bc9,29,1790871343886
6af54a,32,1790871343886
2aa0a3,41,1790786743886
f743b6,39,1790871343886
e9601f,58,1790785843886
49eb7e,29,1790786743886
52520a,60,1790785843886
b6b46a,49,1790871343886
280a5e,36,1790786743886
2256f1,21,1790871343886
05289d,55,1790785843886
3de50f,36,1790786743886
bef22e,58,1790786743886
3ced9f,50,1790786743886
709c9e,26,1790785843886
7f7f38,47,1790786743886
a0cad2,37,1790785843886
a1eaa5,52,1790871343886
c4138c,28,1790785843886
fad10b,60,1790786743886
a1a751,17,1790871343886
b380c4,54,1790871343886
469afb,28,1790786743886
7cb553,44,1790786743886
f1c3a6,38,1790785843886
6c6d76,35,1790785843886
eb8e2f,35,1790785843886
489adf,53,1790871343886
28d7e4,26,1790785843886
a7a8dd,47,1790871343886
869c91,39,1790785843886
dabe3f,44,1790871343886
1da462,33,1790785843886
a6d854,31,1790871343886
54c585,32,1790785843886
2dff5f,31,1790871343886
7740b2,55,1790785843886
7525cc,46,1790871343886
732d93,45,1790785843886
544881,17,1790871343886
6272ad,46,1790786743886
e7808c,29,1790871343886
f26d30,16,1790871343886
1b596a,49,1790786743886
4fc78a,18,1790871343886
fd547b,48,1790786743886
0bf7b7,35,1790785843886
d5eda5,31,1790871343886
7f6223,40,1790785843886
819161,52,1790786743886
1611b2,19,1790786743886
27876c,46,1790871343886
657e58,25,1790785843886
898112,47,1790785843886
036c80,28,1790785843886
29db5a,34,1790871343886
abb286,45,1790785843886
72f042,19,1790786743886
415584,18,1790785843886
7cff2f,54,1790785843886
f7c107,25,1790871343886
41cd79,48,1790785843886
ddb775,17,1790871343886
00ce7c,37,1790785843886
fd0c5c,60,1790871343886
6abe37,19,1790871343886
125ceb,32,1790786743886
9b0984,29,1790785843886
69f7ef,36,1790785843886
e10c6e,39,1790871343886
b7c737,40,1790785843886
da9571,53,1790785843886
64c459,34,1790871343886
afacc6,59,1790871343886
0f9804,31,1790871343886
459012,43,1790785843886
a59c30,22,1790785843886
9e56c7,60,1790786743886
4fc358,52,1790871343886
f7994e,50,1790785843886
3d51e2,35,1790785843886
43bb44,24,1790871343886
3b200f,32,1790871343886
2b841f,60,1790871343886
8e3fa0,20,1790871343886
aa4a62,26,1790871343886
cc38fd,38,1790785843886
21e90d,47,1790785843886
463001,46,1790871343886
a1c5ba,42,1790871343886
bb73a0,18,1790785843886
8960e9,25,1790871343886
8233af,25,1790786743886
1c35a3,59,1790785843886
41fffb,26,1790785843886
4d67b9,47,1790785843886
e2d505,42,1790786743886
91ed63,36,1790871343886
1e48de,24,1790785843886
0b76d7,25,1790785843886
dcf810,30,1790871343886
1ca2b1,39,1790785843886
9ea506,30,1790786743886
3f3fc5,57,1790786743886
fa7251,59,1790786743886
e09e05,49,1790785843886
cde443,53,1790871343886
a965f6,27,1790786743886
06b1e4,38,1790785843886
34d614,49,1790786743886
88f35f,19,1790871343886
e1b68a,53,1790871343886
4a7102,57,1790871343886
81a73c,32,1790785843886
30340b,36,1790786743886
beae22,42,1790871343886
a4c7fc,46,1790871343886
6b7dd0,23,1790785843886
e775d0,43,1790786743886
f43902,25,1790871343886
5285e3,27,1790871343886
17ddb0,23,1790786743886
74ed91,26,1790786743886
a4bcd5,49,1790785843886
a763f9,28,1790786743886
8b3c39,23,1790785843886
1d8e61,58,1790871343886
829a09,35,1790871343886
fd4b66,16,1790786743886
0fcfab,41,1790785843886
2dbf2d,58,1790786743886
455ad2,31,1790871343886
9793d2,46,1790871343886
3a5856,55,1790786743886
69d6cc,50,1790786743886
b48dc5,24,1790871343886
aa8098,45,1790871343886
7a2620,35,1790871343886
47c499,22,1790871343886
2514bf,21,1790871343886
2f0ab7,60,1790871343886
d4cdff,31,1790785843886
67a382,20,1790785843886
94a391,36,1790786743886
1b150f,32,1790871343886
734296,36,1790871343886
fafc9c,22,1790871343886
3b3ccd,40,1790871343886
098981,27,1790786743886
36b7c0,26,1790871343886
81dcdd,56,1790785843886
a28e3f,32,1790871343886
961437,55,1790785843886
b4c5a0,53,1790786743886
073bcd,25,1790871343886
fa7366,23,1790871343886
d7de67,31,1790871343886
8b0d49,41,1790871343886
7ec1d3,25,1790786743886
8b6590,30,1790786743886
6a310e,39,1790786743886
97ca01,53,1790785843886
ee6023,39,1790871343886
d687f1,54,1790786743886
b4b690,40,1790871343886
6de3f9,42,1790786743886
9a8e8d,16,1790785843886
b02b47,30,1790871343886
62ce1c,59,1790871343886
9eec7d,37,1790786743886
87a993,49,1790786743886
d6e712,52,1790786743886
ce24f0,34,1790786743886
07cd75,31,1790785843886
f35979,44,1790786743886
242979,47,1790871343886
e189a8,60,1790786743886
4c0675,43,1790785843886
e2416f,31,1790785843886
ca546b,57,1790785843886
f3c1bc,19,1790785843886
2f543f,38,1790786743886
34d23c,56,1790786743886
de5e91,56,1790785843886
a6f730,58,1790786743886
2110e7,20,1790785843886
371081,34,1790785843886
d9abdd,37,1790785843886
befe51,33,1790871343886
6e1fc6,55,1790871343886
99e3d5,51,1790786743886
b43788,56,1790786743886
5a029f,18,1790785843886
5709f0,45,1790785843886
5e3dbf,60,1790786743886
416e2c,50,1790785843886
88ab33,32,1790786743886
c91b7e,50,1790786743886
9b4a6c,53,1790871343886
ef2ae5,29,1790785843886
a4d93a,40,1790786743886
8d7621,45,1790786743886
667917,51,1790786743886
a2d23b,30,1790785843886
e295aa,22,1790785843886
ac93ef,23,1790871343886
7f5633,49,1790785843886
9abdd0,24,1790785843886
1118ec,21,1790871343886
9a6e93,28,1790871343886
897efb,17,1790785843886
de7ef3,55,1790786743886
7429bf,54,1790785843886
570d65,35,1790871343886
950810,29,1790871343886
7d986c,28,1790786743886
b8eafd,24,1790786743886
708e9a,47,1790871343886
8e95f4,53,1790871343886
8d1ea2,27,1790785843886
5f3fae,21,1790871343886
a89b5d,40,1790786743886
2ea946,28,1790871343886
178782,47,1790786743886
94fbae,37,1790786743886
ab6850,46,1790871343886
ddd680,56,1790785843886
66aea4,34,1790785843886
923628,23,1790786743886
fb7fff,28,1790871343886
1465c4,58,1790785843886
2a196d,37,1790786743886
787e1b,35,1790786743886
a319af,15,1790785843886
242cfd,20,1790785843886
3c6df8,54,1790786743886
826356,29,1790871343886
91d71a,37,1790785843886
ffedd9,35,1790871343886
872435,44,1790871343886
a06348,46,1790785843886
c9c933,27,1790786743886
76de64,30,1790786743886
2e51cd,36,1790786743886
aadd84,20,1790786743886
259114,57,1790785843886
523604,50,1790871343886
2c7fd5,60,1790871343886
059b65,42,1790786743886
24697a,51,1790871343886
8e8750,58,1790785843886
e6c06d,49,1790871343886
8f8bd9,25,1790786743886
246f3f,50,1790871343886
f2f7ef,19,1790786743886
a00f3d,27,1790785843886
fd7713,23,1790871343886
3a8110,34,1790785843886
c62b4b,52,1790785843886
5cef17,52,1790785843886
d7da1b,59,1790785843886
bcfca5,54,1790871343886
511a38,29,1790871343886
d8ff99,52,1790786743886
aa498d,37,1790786743886
680543,44,1790871343886
7a3103,30,1790871343886
09efd5,44,1790871343886
2c14b9,60,1790786743886
3c6a57,56,1790785843886
b11c82,24,1790871343886
490e12,59,1790785843886
9c58ea,46,1790785843886
f0e4be,56,1790785843886
272796,44,1790786743886
241c5c,25,1790785843886
44bc45,44,1790785843886
d38314,20,1790786743886
e3d189,49,1790786743886
ca4cad,38,1790871343886
c84f05,20,1790785843886
557cda,52,1790785843886
8f5ea8,31,1790785843886
cd57c4,31,1790785843886
4e1e9c,23,1790785843886
b45a18,24,1790786743886
daac80,27,1790786743886
df0683,17,1790786743886
370d3e,37,1790786743886
59dbdc,27,1790786743886
9ece42,22,1790785843886
dbb78a,50,1790785843886
8a85e9,16,1790786743886
b00f6b,55,1790785843886
3432fa,43,1790786743886
6563a6,46,1790786743886
263b24,35,1790871343886
8de03f,28,1790785843886
23c51b,15,1790871343886
dac2da,22,1790871343886
d78878,15,1790785843886
50428e,35,1790871343886
4682f8,33,1790785843886
1a5321,27,1790785843886
e1388d,21,1790871343886
c1fabb,35,1790871343886
9416ca,41,1790871343886
e126c2,57,1790785843886
43476d,30,1790785843886
a0028f,55,1790785843886
4adf40,15,1790786743886
860b49,35,1790786743886
f502f2,53,1790785843886
0183f2,55,1790785843886
748065,47,1790786743886
780c68,60,1790871343886
053714,50,1790871343886
57fdb4,33,1790785843886
f7cb91,32,1790786743886
72c7e0,40,1790785843886
c693de,17,1790785843886
e90313,16,1790871343886
1fa763,56,1790786743886
9f3451,58,1790871343886
d95eb5,49,1790785843886
db6328,48,1790871343886
c9e927,34,1790871343886
cda37f,23,1790785843886
6e3372,33,1790786743886
bb1671,50,1790871343886
a8d0d9,49,1790786743886
d90a33,18,1790786743886
12d86d,59,1790786743886
ef78a7,40,1790786743886
8a8234,51,1790785843886
f0e58e,60,1790871343886
95ba53,52,1790871343886
674bd9,42,1790871343886
63df5a,52,1790785843886
31a46e,46,1790786743886
d0a3f7,45,1790871343886
45b158,34,1790785843886
d1ffd2,39,1790786743886
592a9d,20,1790786743886
146586,53,1790871343886
ca5685,23,1790786743886
23df9b,46,1790786743886
f8a2ad,17,1790785843886
9088d8,37,1790871343886
f15227,52,1790785843886
a82638,34,1790785843886
5fec37,15,1790786743886
ef0063,44,1790785843886
54bf1c,42,1790871343886
2c9ccd,52,1790871343886
ecd790,42,1790871343886
6b7ef5,54,1790786743886
eea82e,31,1790785843886
a18599,25,1790786743886
199c68,49,1790785843886
3fb4d5,19,1790786743886
fcc090,30,1790871343886
85cbfa,53,1790785843886
7bd805,59,1790785843886
0d96be,47,1790786743886
dbe200,18,1790785843886
a0ac4b,55,1790786743886
39ce26,45,1790786743886
1e64b1,24,1790785843886
326c09,53,1790786743886
a97418,37,1790871343886
070b70,38,1790786743886
f119ae,26,1790871343886
0cab4d,38,1790786743886
477f47,48,1790786743886
21177b,57,1790785843886
3eae85,55,1790786743886
c4f5d9,37,1790871343886
28673c,29,1790871343886
b28f77,42,1790785843886
0dc103,43,1790871343886
5607c0,54,1790786743886
bd5a8b,56,1790786743886
b549ad,24,1790871343886
d49c00,19,1790785843886
0044d6,47,1790871343886
92151f,37,1790786743886
94c633,51,1790786743886
667ed4,28,1790785843886
b3a6d2,38,1790785843886
10457c,58,1790786743886
326166,48,1790785843886
96a193,59,1790785843886
d46cb7,33,1790786743886
59cb1b,15,1790786743886
f28363,22,1790871343886
0ec3bb,18,1790871343886
e3cb2f,40,1790785843886
ac2e2b,22,1790871343886
61ba95,20,1790871343886
00dc6c,39,1790786743886
e34414,22,1790786743886
dc4d92,17,1790786743886
196476,48,1790871343886
b18c03,34,1790786743886
e13c54,45,1790785843886
4dc5ee,30,1790786743886
59d10e,52,1790785843886
fba657,18,1790871343886
bc4267,58,1790871343886
573d77,36,1790785843886
53fb77,17,1790785843886
39a4c0,30,1790786743886
83146e,53,1790785843886
2347a2,56,1790785843886
45f33d,55,1790871343886
e9851f,50,1790871343886
5b68e8,54,1790785843886
600c80,60,1790785843886
702599,35,1790871343886
73e436,47,1790785843886
244ab2,18,1790785843886
a2d689,52,1790871343886
f9d982,53,1790871343886
57edba,39,1790786743886
7b1517,38,1790785843886
40ce7e,38,1790785843886
49bbd1,43,1790785843886
6996b7,21,1790785843886
8ab551,43,1790785843886
c699c5,43,1790871343886
0cff43,18,1790786743886
e17da9,40,1790871343886
eeca0c,35,1790785843886
aba1a6,50,1790786743886
1bb467,36,1790785843886
3ceb89,24,1790785843886
1e3f18,55,1790786743886
feb0bb,23,1790785843886
104b83,53,1790871343886
00e3e2,36,1790786743886
660ed4,30,1790871343886
e1e066,29,1790786743886
3c7ed7,26,1790871343886
6fa0fe,15,1790786743886
c3e35e,36,1790871343886
13fc91,29,1790871343886
09edc5,38,1790785843886
0da450,46,1790785843886
d4f588,59,1790785843886
ae4101,60,1790785843886
36f2a7,15,1790785843886
46a847,31,1790786743886
26c99e,40,1790785843886
d4d3b5,33,1790785843886
6c0ad9,27,1790785843886
d74466,21,1790785843886
7fd860,18,1790785843886
8216a3,37,1790786743886
931a5b,51,1790871343886
b179d0,23,1790785843886
4d238b,56,1790785843886
785ae2,49,1790786743886
333742,53,1790785843886
f52208,20,1790871343886
c52267,60,1790785843886
821349,53,1790785843886
e4d3f8,23,1790871343886
1d5171,20,1790871343886
263428,49,1790871343886
c58de7,54,1790871343886
bbd4e9,56,1790786743886
1d4ea8,17,1790785843886
439507,49,1790786743886
e3e36d,37,1790785843886
c1673e,42,1790786743886
d2f55f,27,1790871343886
d1a500,45,1790785843886
2382df,36,1790785843886
545656,19,1790785843886
295b89,20,1790785843886
04ed2c,57,1790871343886
20cb79,29,1790786743886
db2f3d,45,1790786743886
32177b,29,1790786743886
cda430,28,1790785843886
432fc0,47,1790786743886
a28de3,59,1790785843886
15fb1a,54,1790785843886
7041c9,31,1790786743886
c84778,45,1790871343886
8678bd,41,1790786743886
3e12cd,15,1790871343886
9956c1,27,1790786743886
0623ef,54,1790871343886
140b53,20,1790871343886
e669ac,52,1790786743886
c04576,57,1790785843886
ba8576,19,1790786743886
6977e6,53,1790871343886
d314fa,16,1790786743886
5ef80f,22,1790871343886
bbe80d,49,1790871343886
13ecfd,55,1790786743886
9cd632,49,1790871343886
1326c1,55,1790785843886
5d227a,24,1790871343886
dec251,51,1790785843886
418bef,51,1790871343886
74397b,59,1790785843886
9042ea,41,1790786743886
2a8041,50,1790871343886
5a707e,26,1790786743886
c43f52,25,1790786743886
4b9198,35,1790871343886
a74dc2,31,1790871343886
fdb18d,52,1790871343886
fcace6,28,1790785843886
b6e6d9,49,1790871343886
652d70,59,1790785843886
942b58,40,1790785843886
27373d,53,1790786743886
cb11f9,24,1790786743886
de661c,45,1790871343886
a6a1ad,59,1790786743886
bf7ebb,58,1790786743886
ed73c7,18,1790871343886
933b0a,43,1790871343886
ba60e4,25,1790871343886
debc8a,18,1790785843886
f8c09f,50,1790871343886
4a6fcd,29,1790785843886
967825,58,1790785843886
558e28,16,1790786743886
f3e701,47,1790786743886
c14349,40,1790786743886
84c326,21,1790785843886
7f98f6,34,1790786743886
56fed7,18,1790786743886
d4cc0f,35,1790786743886
fd49ae,59,1790786743886
839b32,29,1790786743886
8a5624,50,1790786743886
4d1d4d,30,1790871343886
48e114,32,1790786743886
92cf7c,18,1790786743886
bd76d8,31,1790871343886
8e5e92,45,1790786743886
778590,46,1790786743886
383f8b,49,1790786743886
51a915,40,1790871343886
53229e,21,1790786743886
0dec81,44,1790785843886
566b8f,19,1790785843886
f252fb,33,1790785843886
005d89,16,1790871343886
69e5b2,35,1790786743886
5c7426,39,1790871343886
60ac27,16,1790786743886
9c5762,43,1790786743886
8bcbcd,27,1790785843886
1722d8,50,1790871343886
9b0e72,46,1790871343886
0c6bd4,19,1790785843886
f03fac,57,1790871343886
92bd04,38,1790785843886
0341a3,44,1790786743886
c45d93,30,1790871343886
523c68,53,1790786743886
b549c7,35,1790871343886
281421,50,1790786743886
2a04d1,40,1790871343886
9e1422,18,1790786743886
6b26d9,40,1790786743886
e6a7ec,25,1790786743886
c53bf2,25,1790785843886
6ff2aa,60,1790785843886
348393,39,1790785843886
0a8d21,29,1790871343886
15c755,40,1790785843886
b795d4,16,1790785843886
1e67fe,52,1790786743886
728f86,26,1790871343886
9c399a,57,1790785843886
2a1e44,41,1790786743886
86d222,44,1790871343886
238cdb,53,1790871343886
5acf9f,30,1790785843886
18c82e,39,1790786743886
ff1094,49,1790786743886
51db6d,47,1790871343886
02cdc8,57,1790785843886
b07d43,27,1790786743886
a74877,43,1790785843886
1e1e0a,22,1790871343886
5f6db9,30,1790785843886
4c9331,57,1790785843886
1129e5,34,1790785843886
75db6c,39,1790786743886
3edc99,53,1790871343886
19093e,35,1790785843886
3ffefe,18,1790871343886
c5ba5f,33,1790786743886
5219f1,46,1790786743886
435ca9,51,1790871343886
7f0024,29,1790786743886
ddb60c,41,1790786743886
6410e1,58,1790871343886
b7c58c,38,1790786743886
336623,19,1790786743886
09d843,27,1790785843886
26e605,23,1790871343886
db6a8b,46,1790871343886
df1c7f,19,1790871343886
c273c2,60,1790786743886
3f61f0,38,1790871343886
d66ff3,60,1790871343886
633103,26,1790871343886
7210bd,26,1790786743886
5a60cc,44,1790785843886
d5d0b7,26,1790785843886
3505f9,39,1790785843886
888a20,42,1790871343886
66b9c0,59,1790785843886
5d6a37,42,1790786743886
7bb8d6,58,1790785843886
dab072,39,1790786743886
1148a1,43,1790871343886
3c7eb8,43,1790871343886
72af7a,28,1790786743886
5ef1f4,44,1790786743886
a21439,56,1790786743886
0263d0,40,1790785843886
7c6ea5,36,1790871343886
34e09f,25,1790786743886
1f251c,24,1790785843886
228a63,22,1790871343886
2d2be9,17,1790871343886
2afe2a,44,1790871343886
77b833,22,1790871343886
99ac13,58,1790871343886
edbb62,39,1790786743886
37cbbb,17,1790785843886
01ff39,46,1790786743886
16a4ce,25,1790785843886
c83b7c,57,1790871343886
b4c12a,19,1790871343886
21bb99,41,1790785843886
e8cee1,15,1790785843886
f66878,33,1790871343886
b787d3,29,1790871343886
5da0bb,43,1790871343886
367c97,45,1790871343886
20d63a,32,1790871343886
df6a10,26,1790786743886
cfb7e6,43,1790871343886
2d50d5,59,1790785843886
76dcd3,35,1790871343886
b4ae48,33,1790871343886
6199e5,55,1790785843886
c56013,58,1790871343886
bbcc57,30,1790786743886
29b28f,32,1790871343886
1e69e0,28,1790786743886
4f716c,39,1790871343886
ce1fa8,22,1790871343886
fa10ce,44,1790786743886
c9b714,46,1790871343886
25117a,47,1790785843886
2cc5f0,17,1790786743886
26e6db,40,1790871343886
27289d,23,1790785843886
1ea6a9,33,1790786743886
2d3838,53,1790786743886
45cdb6,51,1790786743886
021dbb,53,1790786743886
aee22e,38,1790785843886
bd5636,20,1790871343886
1581f7,58,1790786743886
f816cb,36,1790786743886
c612f5,55,1790871343886
d7dbb4,15,1790785843886
7a1e0c,46,1790785843886
a916e8,22,1790785843886
de8162,29,1790786743886
fd6450,21,1790871343886
540452,45,1790871343886
e4313d,45,1790786743886
598d1f,20,1790785843886
a3f895,25,1790871343886
e79376,46,1790786743886
97a861,48,1790871343886
081cdc,38,1790785843886
0ffc09,48,1790871343886
0a039e,58,1790786743886
2a487a,32,1790785843886
6d24fc,54,1790871343886
8f08c8,15,1790786743886
074fa8,26,1790785843886
b4850f,37,1790786743886
136d95,17,1790785843886
b0d6c2,26,1790871343886
41f27c,53,1790786743886
4af2d9,48,1790871343886
296ec9,58,1790785843886
53aca4,52,1790785843886
908473,55,1790786743886
d42a7d,49,1790785843886
13edf6,31,1790786743886
1d5752,27,1790786743886
f97905,24,1790785843886
05d3f7,42,1790871343886
f0aa9a,36,1790786743886
0a3e46,20,1790786743886
6f9ccc,47,1790871343886
b30624,36,1790786743886
71dcbf,35,1790786743886
a4bbf5,52,1790785843886
83fa7a,20,1790786743886
f7abf8,17,1790785843886
b3daa6,21,1790785843886
246ca8,50,1790785843886
75d1d5,47,1790871343886
bf68ef,38,1790785843886
23264d,55,1790871343886
21f450,36,1790871343886
48bf43,28,1790871343886
6feeea,52,1790871343886
42df23,24,1790871343886
e32244,60,1790786743886
355736,23,1790786743886
ff5cfc,55,1790786743886
b90888,57,1790871343886
0fbb8d,30,1790871343886
b3950e,16,1790785843886
ca0c03,41,1790786743886
151f2e,48,1790786743886
d5d13b,58,1790786743886
37ed2e,36,1790785843886
4e0f9b,58,1790785843886
6486b8,51,1790871343886
527de1,26,1790871343886
b37cad,38,1790785843886
f59104,19,1790786743886
8712d8,40,1790785843886
82a2e3,57,1790786743886
6ae724,41,1790785843886
326149,50,1790785843886
4fee66,58,1790786743886
e57ee7,57,1790785843886
d596a3,19,1790785843886
2299d8,15,1790871343886
e5a985,52,1790785843886
2de563,60,1790785843886
a9f203,52,1790786743886
a020ed,39,1790786743886
7aa73d,50,1790786743886
cdbfa6,46,1790871343886
7a73ad,42,1790871343886
aae7ef,56,1790785843886
3d97d7,44,1790785843886
123558,35,1790785843886
519ae4,22,1790786743886
572d4a,57,1790785843886
414ea1,56,1790871343886
e07c20,36,1790786743886
1726c7,30,1790785843886
c3d6d9,21,1790871343886
c520ef,20,1790786743886
e1d7d8,45,1790871343886
afd552,35,1790871343886
b08540,35,1790785843886
72b019,52,1790871343886
3bcd6a,45,1790785843886
73c8fc,38,1790786743886
afcb2c,55,1790871343886
7952ae,22,1790871343886
a23cb0,26,1790871343886
985499,15,1790786743886
c01707,28,1790786743886
b7ecc7,22,1790786743886
621ca1,19,1790871343886
bd3c1c,28,1790785843886
88297d,16,1790785843886
dfee23,22,1790786743886
ae7889,49,1790785843886
07d8b3,29,1790785843886
1e8716,28,1790786743886
f34e6a,28,1790785843886
58ddda,19,1790786743886
60147d,27,1790871343886
88731c,32,1790871343886
eef1db,45,1790786743886
d86ba2,59,1790785843886
9efea1,18,1790786743886
960135,29,1790785843886
e19588,33,1790786743886
16e2ca,50,1790786743886
e0a9cf,16,1790786743886
d016df,38,1790871343886
39ede0,27,1790786743886
5ab319,26,1790785843886
e7eb33,17,1790786743886
f5e5fd,26,1790786743886
eb4dfd,44,1790786743886
24f23f,49,1790786743886
9e263a,56,1790871343886
b773bc,23,1790785843886
cebe35,38,1790786743886
86e757,35,1790871343886
b1fdb8,50,1790871343886
f16676,19,1790871343886
cbc5be,47,1790871343886
fde23e,43,1790871343886
cdf901,55,1790786743886
564d89,37,1790786743886
310c98,20,1790871343886
a005e8,37,1790786743886
efc5cb,60,1790785843886
036edb,22,1790785843886
375f35,53,1790786743886
83eacb,59,1790871343886
383c7f,18,1790871343886
e969c5,22,1790786743886
a97e82,16,1790786743886
e0f3d8,29,1790871343886
b04faf,34,1790871343886
7b3dc1,44,1790786743886
65d75f,22,1790786743886
9b6392,19,1790786743886
fb88ca,45,1790786743886
fadbd6,48,1790785843886
3b68ae,59,1790871343886
97a206,16,1790785843886
2f9d1d,25,1790785843886
ea6331,36,1790785843886
6aea34,58,1790786743886
b1b66c,54,1790785843886
ed0340,52,1790786743886
b3d332,54,1790871343886
fec8e4,22,1790871343886
6e1edf,29,1790785843886
1e6fc2,34,1790785843886
5633c4,57,1790871343886
7127a6,49,1790871343886
5b65e1,25,1790785843886
733089,33,1790786743886
da6c21,60,1790786743886
3660b3,36,1790786743886
cfdbd7,18,1790786743886
26f3e4,24,1790786743886
2a3afe,25,1790785843886
f18603,40,1790871343886
c5d712,26,1790786743886
55e760,27,1790786743886
826eb6,22,1790871343886
af02c9,15,1790785843886
c776ec,49,1790785843886
e9527d,47,1790871343886
50e36f,32,1790786743886
f32a5f,35,1790785843886
56bea8,29,1790785843886
eb53c0,30,1790786743886
72eb2b,37,1790871343886
bbc1cc,59,1790871343886
7588a4,35,1790785843886
9be642,47,1790871343886
c51e14,53,1790785843886
b84ceb,25,1790871343886
790723,35,1790786743886
159286,29,1790871343886
b80989,33,1790871343886
63a2bd,30,1790786743886
91642a,35,1790871343886
687204,42,1790786743886
8c238b,30,1790785843886
ba1adc,19,1790785843886
8a27b8,41,1790871343886
4b98d7,34,1790785843886
ef99d9,49,1790871343886
552985,32,1790785843886
9f8d2d,30,1790871343886
31e49d,21,1790786743886
7ee7a8,47,1790785843886
6da958,46,1790786743886
ddad5e,59,1790871343886
65a5e3,21,1790871343886
30cd73,60,1790871343886
ee265a,42,1790871343886
5bf331,51,1790871343886
7f99a5,24,1790785843886
d82b3f,46,1790785843886
f5c610,15,1790871343886
d554b1,38,1790786743886
f4d072,42,1790785843886
d652e6,48,1790786743886
84ce67,32,1790785843886
3b001e,59,1790786743886
92a8de,48,1790871343886
7017fc,54,1790871343886
7604e4,15,1790871343886
b2c9f1,15,1790785843886
9d558b,25,1790785843886
64873c,46,1790871343886
8fb816,28,1790785843886
cac227,45,1790871343886
f2826e,53,1790786743886
2f507e,29,1790871343886
1fa45e,28,1790785843886
b749e2,26,1790786743886
661e80,19,1790785843886
673272,47,1790871343886
a69f9d,18,1790871343886
6bce52,28,1790786743886
497fed,15,1790871343886
f30ccd,47,1790786743886
bd7f58,40,1790871343886
98605c,42,1790786743886
901a3a,51,1790871343886
82d6d1,60,1790786743886
5212cf,35,1790871343886
b9dc47,24,1790786743886
870c01,15,1790871343886
82091b,37,1790786743886
f41e02,57,1790786743886
4e445d,37,1790786743886
53b3c5,50,1790786743886
5b9499,16,1790786743886
804939,20,1790786743886
f6782c,50,1790785843886
64c0b2,56,1790785843886
37cfa0,16,1790786743886
3f0844,45,1790871343886
e02656,57,1790786743886
897143,29,1790871343886
752700,50,1790786743886
cf0c97,47,1790786743886
be30c9,16,1790871343886
f96da7,25,1790786743886
d74140,26,1790785843886
5f7f8f,39,1790785843886
b740bb,41,1790785843886
220061,16,1790786743886
7233f2,16,1790785843886
3340c4,60,1790786743886
aca5a6,39,1790786743886
720167,23,1790871343886
9c9ed6,52,1790871343886
907354,58,1790785843886
f44362,22,1790785843886
a07e97,46,1790786743886
b9df3c,59,1790871343886
1d5106,43,1790871343886
49fd51,34,1790785843886
b68b79,27,1790785843886
8a89a3,19,1790871343886
bdc648,44,1790871343886
c5f7e6,57,1790786743886
ac17f8,33,1790785843886
5d0fc0,35,1790871343886
7e3569,57,1790786743886
7a79d6,51,1790786743886
97495d,17,1790786743886
9a5d34,45,1790785843886
2bb805,37,1790786743886
892c03,34,1790785843886
1783ce,26,1790871343886
316c51,39,1790871343886
ea550b,60,1790786743886
1cda4d,60,1790871343886
04b8a6,19,1790785843886
1d325d,35,1790786743886
821960,54,1790871343886
f14d67,54,1790871343886
57b814,27,1790786743886
20fcb1,47,1790786743886
30ed26,20,1790786743886
5b6afd,26,1790785843886
cd3439,45,1790871343886
eb1b46,27,1790871343886
dbb5da,43,1790785843886
6e0364,22,1790871343886
818b51,52,1790785843886
d65f5b,37,1790785843886
5e8fb7,29,1790871343886
2c1345,41,1790871343886
edd04f,18,1790786743886
51eea2,51,1790871343886
0f6119,24,1790871343886
f1b230,16,1790871343886
e4bdcc,42,1790786743886
f62663,54,1790871343886
c89607,32,1790871343886
e9e302,39,1790785843886
e6a653,19,1790871343886
7d00fb,25,1790785843886
d4e9a6,18,1790871343886
8e7646,19,1790871343886
5905ac,24,1790786743886
6bc1c2,46,1790786743886
c53f2c,29,1790786743886
5b49d1,22,1790786743886
29f6f1,49,1790786743886
9833fd,34,1790871343886
870136,15,1790785843886
0984b2,30,1790786743886
2a12e6,27,1790786743886
861c2e,38,1790786743886
6b0e25,54,1790786743886
1110e1,56,1790785843886
2122f6,43,1790786743886
24054e,31,1790786743886
497f19,56,1790785843886
68cb1f,20,1790785843886
da3d8a,38,1790871343886
7c339d,15,1790786743886
af56e9,31,1790786743886
bf7f24,42,1790785843886
846f35,20,1790871343886
73b262,59,1790786743886
5cf10e,28,1790871343886
df5203,40,1790786743886
370031,32,1790871343886
ac6624,44,1790871343886
31fe29,51,1790871343886
7867b6,17,1790785843886
408894,34,1790871343886
d05160,30,1790871343886
ff669b,39,1790786743886
b7b4dd,18,1790871343886
894730,23,1790785843886
780001,55,1790786743886
43f6dd,18,1790786743886
3ad2a5,40,1790786743886
bff04f,19,1790871343886
00e10a,31,1790871343886
75a6b8,19,1790785843886
7b544b,60,1790785843886
34b0e0,20,1790871343886
63cbea,18,1790785843886
e434f4,30,1790786743886
3fe72b,31,1790786743886
b6069f,30,1790785843886
53b4a3,26,1790786743886
6e3626,38,1790871343886
accf50,33,1790786743886
18cc8d,29,1790786743886
0e754c,47,1790785843886
efbccc,40,1790786743886
633ce1,34,1790786743886
c13a4b,42,1790871343886
847bf5,58,1790785843886
cbf9f7,57,1790871343886
60dd5f,19,1790786743886
8ab523,41,1790786743886
f727d9,23,1790786743886
1e4f63,26,1790785843886
62b4e6,37,1790786743886
e2d2bf,25,1790786743886
368e11,54,1790871343886
d0ff4d,59,1790785843886
2b38b4,19,1790871343886
4f5a42,42,1790786743886
d614ba,21,1790785843886
9f40c4,55,1790871343886
bc0d82,47,1790786743886
5bab7e,60,1790786743886
640919,49,1790785843886
555332,49,1790785843886
76c1cd,19,1790871343886
a47658,59,1790871343886
b85b54,35,1790785843886
2bbde3,51,1790785843886
7d38d7,36,1790786743886
1a8029,37,1790786743886
821a3b,42,1790871343886
ad3eb9,16,1790785843886
9fa02a,17,1790785843886
213b86,59,1790785843886
f27b61,33,1790785843886
62c88a,31,1790785843886
0a7656,53,1790785843886
99c53d,25,1790871343886
ee568c,60,1790785843886
2a4d55,46,1790786743886
4248c7,16,1790871343886
8d5fa9,18,1790786743886
93c4ee,35,1790785843886
cf4721,32,1790786743886
3b2eaf,56,1790871343886
950e46,41,1790785843886
85fa08,42,1790786743886
c04b56,27,1790786743886
d9e7dc,34,1790871343886
7e8858,56,1790871343886
6354dd,24,1790871343886
11f85a,31,1790786743886
7f6fa5,37,1790785843886
67d5e9,17,1790786743886
90b5ef,17,1790871343886
4540e2,59,1790871343886
8258f8,23,1790785843886
1a28a5,33,1790785843886
27593a,35,1790785843886
c04792,21,1790785843886
54d379,45,1790871343886
1d430c,38,1790871343886
9a27bb,18,1790785843886
08b4a0,52,1790871343886
2d3376,40,1790785843886
46ae5d,44,1790786743886
f41e35,15,1790786743886
b13c2a,57,1790785843886
d915ef,44,1790871343886
c7b212,20,1790785843886
85d5c5,34,1790871343886
6ff645,32,1790871343886
2b02d2,45,1790785843886
11795e,54,1790871343886
5c376f,45,1790871343886
1114fb,33,1790786743886
b89d42,22,1790871343886
68e910,47,1790871343886
b40d42,54,1790871343886
461045,49,1790786743886
b067d7,28,1790871343886
10acbf,50,1790785843886
1373b6,34,1790786743886
64295d,41,1790871343886
e31e77,44,1790871343886
f93a28,21,1790786743886
ba1671,36,1790871343886
907ae3,33,1790786743886
ffc7c1,32,1790786743886
a6479e,39,1790786743886
671190,45,1790871343886
80b9f9,34,1790786743886
189369,57,1790785843886
f33bc7,48,1790786743886
6b2284,25,1790785843886
6c9c60,15,1790785843886
829bb7,43,1790785843886
a055b3,40,1790871343886
29564c,59,1790785843886
92979e,20,1790871343886
7b9e2e,22,1790786743886
49cdf0,59,1790786743886
015baf,58,1790786743886
83fe66,45,1790786743886
2a1104,36,1790871343886
e55d72,52,1790785843886
5801b3,27,1790786743886
c8bd9b,53,1790786743886
1a179d,58,1790786743886
2c46f1,17,1790786743886
e8727d,16,1790871343886
01123f,29,1790785843886
19ced1,56,1790785843886
900dab,49,1790785843886
00e48a,25,1790785843886
add717,31,1790786743886
d9e546,26,1790785843886
fe82d9,48,1790785843886
8e6c3d,56,1790871343886
7d870f,50,1790871343886
7a3f59,22,1790785843886
f212eb,59,1790786743886
938d33,29,1790871343886
970a61,23,1790786743886
cb2541,34,1790786743886
cc51c9,57,1790785843886
e55b06,21,1790785843886
c6b520,58,1790871343886
39fdf7,51,1790786743886
b39276,23,1790871343886
02f758,46,1790785843886
4ce84b,51,1790785843886
665a5d,17,1790871343886
2d601a,52,1790786743886
1d9374,54,1790871343886
aee2a4,56,1790785843886
2bf4e1,36,1790871343886
71cfff,22,1790785843886
6d2016,57,1790785843886
7e98f9,60,1790871343886
39fb39,41,1790786743886
13e4bc,35,1790785843886
bf2250,26,1790786743886
2a1477,28,1790786743886
37b688,38,1790871343886
9ad7ee,53,1790871343886
3af299,21,1790871343886
176e5e,54,1790871343886
8b8110,56,1790786743886
7145f8,30,1790785843886
2527d5,34,1790871343886
de4b51,39,1790785843886
9d2c22,35,1790786743886
7b2737,36,1790785843886
fef92e,20,1790871343886
99ba0d,55,1790785843886
ea6b5d,20,1790871343886
de64ce,37,1790786743886
04ba14,17,1790785843886
e6c7ed,19,1790785843886
e2c498,17,1790786743886
fe1b12,37,1790786743886
262d3b,19,1790786743886
db000d,28,1790785843886
82f86f,44,1790785843886
d8d658,55,1790785843886
2cbdd5,15,1790785843886
8f12b5,44,1790871343886
af9115,19,1790871343886
e0900b,37,1790786743886
30ea70,45,1790871343886
14b83e,49,1790786743886
12d694,48,1790785843886
c6c961,30,1790871343886
744828,35,1790871343886
f30074,39,1790871343886
a7e116,19,1790786743886
936692,35,1790871343886
d3daac,17,1790786743886
a0688e,33,1790786743886
48d723,15,1790871343886
3159ab,24,1790786743886
6e16e6,38,1790786743886
523228,56,1790786743886
cf576b,38,1790871343886
76476c,31,1790786743886
a00c20,43,1790786743886
5b895f,38,1790871343886
49e0bf,21,1790785843886
ae4071,34,1790786743886
6b3b14,47,1790786743886
67d527,28,1790871343886
8c35ca,41,1790785843886
a4c6b5,26,1790871343886
b1bbf0,23,1790785843886
9761f7,20,1790785843886
637791,16,1790871343886
89cff2,57,1790786743886
31829c,29,1790871343886
028b4d,57,1790785843886
b097c4,25,1790785843886
45f48c,29,1790871343886
c4d392,47,1790785843886
c2f1a7,43,1790786743886
869727,15,1790785843886
31462e,57,1790786743886
dddba6,47,1790871343886
7093d2,50,1790871343886
45814d,55,1790871343886
0097ef,26,1790871343886
d6fedc,36,1790785843886
b00783,57,1790785843886
7398ce,16,1790871343886
cd779b,33,1790785843886
92badb,22,1790785843886
9b9837,21,1790786743886
b964eb,32,1790785843886
63ba45,43,1790785843886
4d7913,55,1790871343886
2fb81e,29,1790871343886
723c8e,34,1790871343886
fcfeb1,17,1790786743886
2442f0,19,1790871343886
d9e636,34,1790786743886
8e1148,48,1790786743886
00c681,48,1790786743886
ea70e1,55,1790786743886
d7c263,54,1790786743886
deb447,39,1790871343886
cdf8ae,49,1790785843886
a80913,54,1790785843886
8f129d,26,1790786743886
553154,45,1790871343886
989ae4,23,1790786743886
8c8f74,49,1790871343886
b8c542,50,1790871343886
14225d,41,1790785843886
479682,54,1790785843886
6328ef,45,1790871343886
678bd8,57,1790785843886
04d220,47,1790871343886
83ef31,27,1790785843886
7e4f2f,56,1790871343886
09d358,26,1790786743886
8c6d14,22,1790786743886
9acbfd,53,1790785843886
37164f,48,1790785843886
ffd704,59,1790785843886
ea6745,21,1790786743886
eedf54,35,1790785843886
1bec5e,60,1790786743886
e94220,27,1790871343886
03369a,39,1790786743886
206307,28,1790786743886
4434e3,38,1790785843886
73979a,54,1790871343886
830870,60,1790871343886
4366c9,53,1790786743886
2b7d09,29,1790871343886
a21121,59,1790871343886
7abcbb,22,1790786743886
b71a7c,25,1790871343886
e1d4a2,26,1790785843886
738007,25,1790786743886
b61287,18,1790871343886
8409ec,44,1790785843886
41aada,23,1790785843886
029444,17,1790785843886
339fd7,60,1790871343886
2d113d,40,1790785843886
f6fe38,27,1790785843886
ec393a,34,1790785843886
8aeaf1,58,1790871343886
513bb4,40,1790785843886
8c982a,40,1790786743886
9d586b,29,1790785843886
a3b0c0,52,1790786743886
82f0ac,37,1790786743886
e7075e,19,1790786743886
19d678,35,1790871343886
249eca,24,1790871343886
eb3f4a,28,1790871343886
c8f6d1,15,1790871343886
94bb31,48,1790785843886
eca001,49,1790871343886
d2e819,15,1790871343886
aaecb2,21,1790785843886
9086ee,41,1790871343886
613ad3,18,1790785843886
d018f8,22,1790871343886
01a12a,19,1790871343886
6be84c,26,1790786743886
0c39e5,22,1790786743886
c98192,22,1790871343886
8f89c2,24,1790785843886
46fdb0,41,1790785843886
6b2be4,22,1790871343886
8664c1,37,1790871343886
23aa86,16,1790786743886
083494,18,1790786743886
250bcc,24,1790871343886
48c401,34,1790785843886
1fe0d9,25,1790786743886
b3823e,59,1790871343886
bb26fc,18,1790785843886
d81293,35,1790786743886
97c948,33,1790785843886
96a81c,42,1790871343886
6b7356,28,1790871343886
2802a4,34,1790785843886
d47f4e,17,1790871343886
69292d,59,1790871343886
232b17,60,1790871343886
c78b35,51,1790785843886
b62203,19,1790786743886
c3a425,30,1790785843886
30017a,36,1790786743886
a26c7e,15,1790785843886
2fbdc2,54,1790786743886
a3f354,36,1790786743886
3c4092,25,1790871343886
28f12a,33,1790785843886
deb9bd,16,1790785843886
414a07,57,1790786743886
4a304d,37,1790785843886
dd2717,42,1790871343886
3c4586,34,1790786743886
618abf,57,1790786743886
efbf89,20,1790871343886
169375,18,1790785843886
701ae7,42,1790785843886
e04b3b,18,1790786743886
8a32c4,51,1790785843886
fa5a66,40,1790786743886
d34789,46,1790786743886
ffdc3f,50,1790785843886
93b056,47,1790871343886
8c02b2,27,1790871343886
07b1f8,15,1790871343886
77097c,30,1790785843886
3cfc9e,58,1790785843886
c1706a,50,1790786743886
03657a,20,1790785843886
21fa28,42,1790786743886
8e674a,58,1790785843886
f6681e,29,1790785843886
b75300,24,1790785843886
51a274,37,1790871343886
ef0beb,37,1790786743886
db0b75,44,1790871343886
266307,19,1790785843886
509701,58,1790871343886
b199ec,39,1790785843886
59b8af,53,1790785843886
91dac8,39,1790871343886
46228d,25,1790871343886
e3e3e1,24,1790785843886
9bbede,49,1790786743886
4e6a39,59,1790871343886
08cab4,36,1790785843886
4247c4,21,1790785843886
be141b,23,1790871343886
f113a2,53,1790871343886
11ec99,37,1790871343886
1c83d5,55,1790785843886
04eec3,28,1790871343886
c1bea5,46,1790786743886
59cbeb,43,1790785843886
320f02,34,1790786743886
5be0e7,40,1790786743886
f2be26,48,1790785843886
0291a2,32,1790786743886
195503,60,1790786743886
5a6ab2,17,1790785843886
daef65,18,1790871343886
9b34f4,29,1790786743886
f9af86,27,1790871343886
e66ad9,26,1790785843886
55ca13,44,1790786743886
06945f,20,1790871343886
bcdcbd,29,1790785843886
203155,38,1790871343886
052b53,37,1790786743886
157934,59,1790785843886
077de4,21,1790785843886
3e4912,23,1790786743886
78aad7,15,1790871343886
6f1586,22,1790785843886
b1965f,40,1790871343886
27eec6,19,1790786743886
567047,16,1790786743886
33b2b5,55,1790871343886
caa8be,36,1790871343886
9bfbaf,34,1790786743886
e22460,26,1790785843886
afea91,33,1790785843886
09c920,58,1790786743886
2e7fe5,19,1790786743886
12ee88,34,1790785843886
9374e1,32,1790785843886
8a734d,16,1790786743886
de50a7,27,1790785843886
c8f893,23,1790871343886
e5b1be,23,1790786743886
a4e320,50,1790786743886
5d1f39,18,1790785843886
3399c5,50,1790786743886
7f94b9,58,1790785843886
10c7b7,43,1790871343886
04daa5,49,1790786743886
24eb9b,55,1790785843886
761a81,57,1790871343886
46f932,54,1790786743886
3db4d7,17,1790871343886
eb682a,23,1790786743886
158276,48,1790785843886
396ae8,40,1790785843886
e0d361,46,1790786743886
4496b4,23,1790871343886
e2045e,34,1790871343886
bb6474,45,1790871343886
9b87af,60,1790786743886
504390,28,1790786743886
156abb,38,1790786743886
70dc68,30,1790871343886
360ce7,52,1790786743886
23c17d,50,1790785843886
5fc4df,19,1790785843886
45d4c2,46,1790871343886
0c7432,51,1790871343886
622a34,24,1790785843886
29cac9,35,1790871343886
bfe7c3,26,1790786743886
2f52b3,36,1790786743886
d2184c,23,1790786743886
9423b3,29,1790785843886
5ec9eb,50,1790785843886
a0fa96,57,1790785843886
c27a5b,42,1790786743886
88a734,32,1790785843886
a919e4,21,1790785843886
8f7ca9,28,1790871343886
331727,39,1790871343886
1a7da1,54,1790785843886
a80fb8,42,1790786743886
91c6c7,25,1790786743886
319624,32,1790871343886
791b76,18,1790871343886
e5460b,28,1790871343886
c58cde,15,1790785843886
ff372a,26,1790871343886
42bc3b,33,1790786743886
08a270,38,1790785843886
238da8,40,1790786743886
c70457,26,1790786743886
8e5ae1,42,1790871343886
023780,24,1790786743886
a94332,34,1790786743886
312600,54,1790871343886
cd9f7c,38,1790871343886
7b58ad,60,1790871343886
7b9a5b,43,1790871343886
510b7d,44,1790785843886
2d5df7,41,1790871343886
e013b7,37,1790785843886
506918,21,1790786743886
7ffc8e,21,1790871343886
4c1c38,34,1790785843886
670a06,22,1790871343886
09a2d1,23,1790871343886
bbb215,58,1790785843886
a2c7c5,48,1790785843886
78e01e,34,1790871343886
fa3d86,20,1790871343886
0b4411,52,1790871343886
232323,18,1790785843886
00c4c0,58,1790871343886
5452f5,20,1790871343886
d1beda,54,1790785843886
7c7570,44,1790871343886
61a6e3,52,1790786743886
80e7d0,17,1790871343886
b9aa15,24,1790785843886
138e6e,59,1790785843886
c22db9,37,1790871343886
46c1d5,32,1790785843886
9a88a8,37,1790871343886
a9ee4d,56,1790785843886
dcf6b2,46,1790785843886
38d096,42,1790871343886
27bbbf,38,1790785843886
e5b874,58,1790785843886
b4868c,27,1790785843886
42a66a,40,1790785843886
843be6,57,1790871343886
6037dc,29,1790785843886
87b7dc,55,1790871343886
c72afd,42,1790785843886
87d13d,47,1790786743886
ff911f,56,1790786743886
30a15a,56,1790871343886
6e53e8,45,1790871343886
226a0a,18,1790871343886
c26edd,58,1790786743886
735812,54,1790871343886
451a07,24,1790871343886
ae1b7e,24,1790871343886
4532a2,32,1790786743886
ac6fb8,17,1790785843886
ce5e3b,26,1790786743886
625555,37,1790871343886
da6430,50,1790786743886
63b1a9,47,1790871343886
9b5098,48,1790786743886
444ebd,17,1790786743886
616e74,34,1790871343886
4874f1,20,1790786743886
f3174d,15,1790871343886
dcee60,15,1790871343886
d6208e,40,1790785843886
63124c,52,1790871343886
68627c,42,1790786743886
09b794,35,1790871343886
44fad2,20,1790786743886
175f42,29,1790871343886
c009e8,23,1790871343886
30b61c,20,1790785843886
b49a6a,55,1790785843886
ddb8ad,39,1790786743886
5dc983,53,1790786743886
87de89,45,1790871343886
bff021,25,1790785843886
a7247e,59,1790785843886
b97fe3,18,1790785843886
ea87ac,25,1790871343886
119d2e,30,1790785843886
db0e73,47,1790785843886
2b1f54,33,1790785843886
2f48d0,47,1790786743886
e16a47,41,1790786743886
f28aca,17,1790871343886
0a59c3,17,1790785843886
d82c2b,20,1790785843886
33bdf8,41,1790786743886
af094d,25,1790786743886
80b3ba,40,1790785843886
5a00bd,31,1790871343886
b0b1b3,26,1790871343886
548f7a,45,1790871343886
07936e,35,1790786743886
7acf71,39,1790785843886
199c06,22,1790785843886
466107,26,1790785843886
5325e8,16,1790785843886
d1d93f,34,1790871343886
798790,29,1790786743886
4df680,43,1790785843886
77f18e,46,1790785843886
d089d8,31,1790871343886
0db82d,54,1790786743886
c16551,24,1790785843886
76790b,41,1790786743886
ce1073,16,1790785843886
ab0945,28,1790871343886
4f1f70,27,1790785843886
749dce,49,1790785843886
f28761,39,1790786743886
49a4e8,33,1790785843886
90ef68,47,1790871343886
f6ebd9,45,1790871343886
0b868c,51,1790871343886
129d7f,58,1790871343886
0db344,57,1790871343886
02fcbc,49,1790871343886
04db71,43,1790786743886
464919,56,1790786743886
05d699,24,1790785843886
8ac96e,50,1790871343886
922450,28,1790786743886
c51a28,33,1790871343886
7f3c42,29,1790871343886
b1896b,31,1790785843886
84e267,18,1790785843886
61dd78,52,1790871343886
ae7e96,20,1790785843886
0ece6c,56,1790786743886
5526e8,24,1790871343886
4ad2da,59,1790871343886
b6692a,49,1790871343886
289676,43,1790786743886
27ec5c,49,1790786743886
f4f7c7,21,1790871343886
dad084,25,1790785843886
9dc2ea,35,1790786743886
d53f71,55,1790871343886
987dae,29,1790871343886
6fe90d,36,1790786743886
f6595a,58,1790871343886
8b2e9a,20,1790785843886
d8a654,60,1790785843886
7116d6,46,1790871343886
9f185b,16,1790786743886
4d4c45,21,1790785843886
c9777f,54,1790785843886
c19fe5,20,1790785843886
fc1118,56,1790786743886
e578e9,21,1790871343886
06b477,38,1790871343886
367930,53,1790785843886
a2d8ab,25,1790785843886
31d977,56,1790785843886
df4d41,15,1790786743886
08e4f7,36,1790871343886
e518af,41,1790785843886
3d2ecf,22,1790786743886
70db0f,44,1790786743886
900a59,57,1790785843886
11ad87,24,1790786743886
551fc8,52,1790785843886
61ac0b,21,1790871343886
9439d9,50,1790871343886
b32c97,28,1790786743886
8abcd9,18,1790871343886
3f0285,54,1790871343886
0649aa,54,1790786743886
6135d7,47,1790786743886
cfe134,20,1790786743886
bedc84,46,1790785843886
608547,22,1790871343886
8852cc,60,1790871343886
5b248d,27,1790785843886
7c532b,29,1790871343886
47a997,54,1790786743886
9916f2,23,1790785843886
929912,29,1790785843886
982f19,20,1790785843886
50e1bb,45,1790871343886
f73d41,46,1790786743886
e94fdc,46,1790785843886
3b1fc4,31,1790786743886
218c1f,16,1790786743886
2ce5eb,16,1790785843886
50af51,15,1790785843886
aaaca8,15,1790871343886
0bf58d,41,1790786743886
52859c,57,1790871343886
c4027e,53,1790786743886
ad0f96,27,1790871343886
26ec53,46,1790786743886
ccf374,26,1790786743886
20f5da,49,1790786743886
9172ce,39,1790786743886
91603d,24,1790871343886
915555,23,1790785843886
f7ab4e,27,1790786743886
ef5c62,21,1790785843886
e58f61,29,1790786743886
bce5db,48,1790871343886
39a840,47,1790785843886
637ea8,60,1790785843886
692a09,15,1790871343886
37c314,32,1790785843886
93447a,60,1790785843886
a01d67,54,1790786743886
4ec436,42,1790871343886
e3900c,24,1790871343886
f71e66,37,1790871343886
3e5916,46,1790785843886
7665a1,39,1790786743886
22c5d0,29,1790871343886
510822,50,1790786743886
c60968,46,1790785843886
8f53db,17,1790785843886
797f13,31,1790786743886
0b7505,27,1790871343886
f224ef,54,1790786743886
2995cf,28,1790785843886
8b4821,53,1790786743886
d1fed0,28,1790786743886
8752df,51,1790786743886
de4375,34,1790871343886
c30453,31,1790786743886
d226b1,29,1790871343886
fca588,59,1790785843886
53b82a,50,1790871343886
468976,46,1790785843886
1aed95,31,1790871343886
1e9055,31,1790785843886
3f355f,23,1790786743886
a7db22,44,1790785843886
73dc7c,31,1790785843886
2e8001,24,1790786743886
4cd79e,35,1790871343886
ef84e8,41,1790785843886
1fab5b,60,1790786743886
70bfe0,52,1790871343886
31b806,41,1790785843886
52280e,57,1790871343886
9abced,50,1790785843886
45cfa6,45,1790786743886
19f3c4,31,1790786743886
37680c,43,1790786743886
274e49,26,1790871343886
b7cc39,32,1790871343886
511612,31,1790785843886
b03603,53,1790871343886
e6aab8,25,1790785843886
b78eb5,34,1790871343886
330bc7,29,1790786743886
0da746,55,1790786743886
bf2bf4,49,1790785843886
b5bb9a,25,1790786743886
311642,15,1790871343886
8cdbe2,22,1790785843886
6c1073,33,1790786743886
8c93a0,44,1790871343886
d5b1cc,27,1790785843886
29a5b5,54,1790871343886
888819,27,1790785843886
c2cd74,59,1790785843886
9ee4f5,48,1790786743886
c3c066,32,1790786743886
4b80cf,40,1790785843886
81f3e2,45,1790786743886
d34c54,22,1790785843886
78328d,28,1790785843886
fe650b,25,1790785843886
65b60c,34,1790785843886
9c919c,48,1790785843886
405e01,53,1790785843886
359130,34,1790871343886
9fac38,21,1790871343886
a39532,59,1790785843886
ba75c4,17,1790785843886
9a3b56,15,1790785843886
0b69a3,21,1790785843886
36c732,21,1790786743886
0ec591,24,1790871343886
434508,35,1790871343886
89d01e,31,1790786743886
69a000,21,1790786743886
01d3d9,37,1790786743886
694e65,59,1790785843886
c1c8d3,24,1790871343886
bb16a9,49,1790786743886
fbac82,17,1790871343886
225722,48,1790785843886
222dc6,47,1790786743886
b24e45,16,1790785843886
ccbd84,22,1790871343886
a7a412,30,1790871343886
38235f,41,1790871343886
8efb55,19,1790785843886
71f0c8,58,1790786743886
144056,27,1790786743886
2decff,45,1790871343886
56dc5b,60,1790871343886
2c5118,57,1790871343886
a02e94,34,1790785843886
35b629,50,1790871343886
7a48e6,20,1790785843886
7f4619,20,1790871343886
af700b,48,1790785843886
2c5a4a,40,1790785843886
be4e8f,42,1790786743886
a1a991,51,1790786743886
5a5b4a,35,1790871343886
5c732f,23,1790786743886
ec7c63,43,1790871343886
8d5312,32,1790871343886
0485ae,27,1790785843886
0bde35,38,1790786743886
e60bc7,39,1790871343886
9b7b93,50,1790871343886
f8b55a,16,1790785843886
eba9d1,46,1790786743886
0a4de5,29,1790871343886
3afd58,16,1790785843886
55357a,17,1790785843886
176fed,29,1790786743886
d4f2bd,59,1790785843886
592fd7,60,1790785843886
0f8af8,39,1790786743886
fa19dd,28,1790785843886
a74600,37,1790871343886
c59445,27,1790785843886
4113b8,36,1790786743886
ef44bd,53,1790785843886
dc0985,20,1790871343886
81f21b,17,1790871343886
495ed1,29,1790785843886
a2d154,50,1790786743886
e94109,58,1790871343886
e476ee,39,1790871343886
990690,60,1790785843886
79760c,29,1790786743886
40ce7d,20,1790785843886
c12fe4,41,1790785843886
a6a9a4,17,1790785843886
c3b170,27,1790871343886
8a97f0,29,1790785843886
cdbeda,17,1790786743886
6098d7,38,1790786743886
12d1ee,39,1790871343886
444b90,59,1790786743886
5f645c,34,1790786743886
1b520d,20,1790871343886
8b18ba,53,1790785843886
3dfd99,39,1790871343886
839fc3,53,1790786743886
02c49d,31,1790786743886
5c2f8e,48,1790786743886
e265df,40,1790786743886
e44557,21,1790786743886
230c22,23,1790871343886
f0d0fb,46,1790786743886
137292,28,1790871343886
85c7ff,31,1790785843886
37f3be,54,1790785843886
09f224,55,1790786743886
a8bd35,60,1790871343886
ffa501,43,1790786743886
ae3a71,28,1790786743886
64ddad,26,1790786743886
092806,19,1790786743886
a19b5b,36,1790786743886
19a371,37,1790785843886
fb4294,18,1790785843886
472fc0,44,1790871343886
ca0c4e,27,1790786743886
6cdcc5,42,1790785843886
58a7c2,44,1790786743886
2e55d8,23,1790871343886
37caa5,59,1790786743886
fb6fd1,29,1790786743886
2c352a,57,1790785843886
78fae9,44,1790871343886
707010,45,1790785843886
560a1e,50,1790785843886
47389e,15,1790786743886
bcce3b,17,1790785843886
d43cc5,50,1790871343886
2f2c55,32,1790871343886
1f9c4f,54,1790871343886
c36d10,57,1790785843886
0361c0,18,1790786743886
3ab6fd,16,1790786743886
fbfbc9,28,1790871343886
cc672f,39,1790871343886
b9bf03,30,1790785843886
07c870,51,1790785843886
cbbc5c,37,1790871343886
e952b6,46,1790785843886
ba0d94,50,1790785843886
a0c82b,50,1790786743886
dd9aa9,37,1790786743886
029a90,23,1790785843886
c3ef59,21,1790871343886
fd545b,22,1790786743886
6a21fb,34,1790786743886
d5902a,32,1790785843886
07a1cd,33,1790786743886
189e73,51,1790785843886
def567,18,1790871343886
43850f,16,1790786743886
18170a,33,1790871343886
8cee4a,33,1790786743886
0f8d9a,59,1790871343886
c89abb,30,1790785843886
982cb6,27,1790785843886
00ab0d,53,1790871343886
0eb993,43,1790785843886
ed33ac,27,1790871343886
6c073e,22,1790785843886
b724e9,32,1790871343886
1e682d,52,1790785843886
f5ffd3,53,1790785843886
1ee84e,52,1790785843886
d0598e,47,1790785843886
4dd394,22,1790785843886
de452f,37,1790786743886
677c0a,44,1790785843886
bf2744,33,1790786743886
762ca0,56,1790785843886
d16961,45,1790785843886
805f3a,32,1790871343886
576340,54,1790871343886
5736eb,56,1790786743886
1dd2e2,34,1790786743886
426e77,52,1790871343886
98dd06,49,1790785843886
8ee1b4,58,1790785843886
3a6609,48,1790785843886
7c71ff,40,1790786743886
91d28c,35,1790871343886
83e55a,23,1790786743886
a39434,27,1790786743886
786173,57,1790785843886
4e7624,28,1790786743886
898df1,60,1790871343886
5bc8ea,31,1790871343886
a86d4a,46,1790871343886
b1bcde,43,1790785843886
ba0e3a,25,1790785843886
43661b,48,1790785843886
bb4d4f,38,1790786743886
817c28,20,1790785843886
c4296b,46,1790785843886
b6208e,53,1790785843886
aeb405,48,1790786743886
67c08c,22,1790785843886
505782,31,1790785843886
0f048f,22,1790786743886
f80ce5,60,1790786743886
b08a79,40,1790786743886
ce2aca,44,1790871343886
a8e42d,33,1790785843886
529c21,53,1790871343886
2ab95d,54,1790785843886
d17803,53,1790786743886
aa4c50,41,1790785843886
bc5da2,45,1790786743886
1917cb,30,1790871343886
1a15ff,55,1790871343886
f41239,43,1790871343886
a10abf,30,1790785843886
bd5f23,42,1790871343886
8fc3c7,45,1790871343886
9ab712,20,1790786743886
527d1e,31,1790786743886
3b0b15,43,1790786743886
c2d6ab,59,1790871343886
8e309f,54,1790785843886
9ef454,19,1790871343886
124765,48,1790785843886
3a024f,38,1790785843886
b8aeca,26,1790871343886
cb5f27,52,1790785843886
ccad15,19,1790785843886
798082,23,1790871343886
f42771,44,1790871343886
ca8dff,24,1790785843886
a38b92,34,1790785843886
5ae5f5,59,1790786743886
e9a04b,54,1790871343886
deab8c,56,1790871343886
f77177,46,1790785843886
cd9ca9,51,1790786743886
5106f7,57,1790871343886
c7f972,33,1790785843886
c66e93,55,1790871343886
d63abc,19,1790785843886
948390,55,1790785843886
5dc8cf,44,1790785843886
9a0ce2,39,1790786743886
41801a,33,1790786743886
cbd26d,20,1790871343886
98c80b,58,1790871343886
9d715b,26,1790871343886
6521a2,49,1790785843886
d2cf35,23,1790786743886
3fc196,22,1790786743886
1c343c,47,1790786743886
e084d7,20,1790786743886
ea7164,57,1790785843886
a0dbad,41,1790786743886
4b1058,44,1790785843886
52c616,21,1790785843886
9a3eb4,57,1790785843886
5d5650,30,1790785843886
b34762,44,1790786743886
c5d2ef,45,1790786743886
51db33,25,1790871343886
2cd748,26,1790871343886
e3efc9,31,1790871343886
9072d7,51,1790871343886
85e0ca,28,1790871343886
5f2e93,24,1790871343886
9257bf,59,1790871343886
559ea7,46,1790786743886
af4fe2,22,1790871343886
b424bc,19,1790785843886
db5cbf,51,1790786743886
8a988d,33,1790785843886
8c80c7,38,1790786743886
3c047e,38,1790871343886
20cc40,25,1790786743886
ffc657,31,1790871343886
6cb021,21,1790786743886
21106d,32,1790786743886
127771,53,1790785843886
411b41,16,1790786743886
364e7d,49,1790871343886
2021b8,30,1790785843886
996179,42,1790786743886
4ecd46,33,1790786743886
7d41f7,59,1790871343886
e6fae0,56,1790785843886
922334,23,1790785843886
249abf,58,1790871343886
041adc,56,1790871343886
bfb079,48,1790785843886
abd2e4,23,1790871343886
661d87,27,1790871343886
3ae107,39,1790871343886
182796,15,1790785843886
88b68d,29,1790786743886
e76290,24,1790871343886
dc305b,50,1790786743886
b9fc3b,56,1790785843886
612adc,38,1790786743886
d9c1fc,45,1790786743886
138980,57,1790786743886
d83ed3,60,1790786743886
659cb7,33,1790785843886
58830c,27,1790786743886
e461af,45,1790785843886
617178,45,1790785843886
01df5e,29,1790786743886
9804f1,45,1790785843886
83b54a,25,1790785843886
db7935,21,1790785843886
576ca6,52,1790786743886
9337dd,21,1790871343886
b8510f,34,1790785843886
64e257,53,1790871343886
24314f,36,1790785843886
a4f396,38,1790786743886
63a45a,50,1790786743886
cbea35,18,1790786743886
3d40d5,27,1790871343886
baf06c,22,1790785843886
578a58,34,1790786743886
345f52,26,1790786743886
76ba66,31,1790871343886
244a20,26,1790785843886
9b9354,17,1790871343886
5d837e,58,1790785843886
8f2429,23,1790785843886
293e9a,23,1790785843886
a477af,53,1790871343886
6c1803,42,1790786743886
e11568,23,1790786743886
67d1da,59,1790785843886
c308e5,32,1790785843886
2cee0c,46,1790786743886
572e05,48,1790871343886
eb75cf,33,1790871343886
18ec0a,57,1790785843886
81178f,49,1790785843886
c26dea,44,1790786743886
912f93,29,1790871343886
d63a23,32,1790871343886
735cb8,21,1790786743886
6215e8,53,1790786743886
4ba73e,57,1790871343886
1d6c37,57,1790786743886
03dc9e,24,1790871343886
2262a9,26,1790786743886
789eae,21,1790871343886
0f9735,34,1790871343886
f16e08,16,1790786743886
b516fa,22,1790871343886
806d37,57,1790871343886
1f3d94,36,1790785843886
9dee88,49,1790785843886
03eb22,28,1790785843886
03dc34,46,1790786743886
813613,21,1790785843886
eeef19,21,1790871343886
1e1cf1,57,1790785843886
643de3,45,1790785843886
d13b0f,38,1790786743886
ecde3c,39,1790786743886
d3000d,60,1790786743886
3ebcf0,41,1790871343886
4a4cb6,20,1790785843886
10c9ed,43,1790871343886
40e9ad,25,1790786743886
797cf4,57,1790785843886
682576,30,1790871343886
3a1603,42,1790871343886
2b4ea2,58,1790785843886
5773a1,27,1790786743886
c07a93,47,1790786743886
dfb1f5,46,1790871343886
a5231b,23,1790786743886
c372be,49,1790785843886
fae3f3,24,1790786743886
5116da,57,1790785843886
9092e1,49,1790871343886
cb9ea2,41,1790786743886
4d4746,30,1790785843886
25eb5a,60,1790785843886
aa9e35,37,1790785843886
81cf40,43,1790871343886
9582a5,56,1790786743886
dfd807,55,1790786743886
c91ec8,48,1790871343886
fa9aef,22,1790785843886
9fa5c4,20,1790786743886
d37c54,20,1790785843886
a2f3ce,57,1790871343886
0274ab,42,1790785843886
51aaec,26,1790871343886
1a46f5,52,1790785843886
95009d,16,1790871343886
467b2e,53,1790785843886
104708,59,1790786743886
e64a80,20,1790786743886
ec387e,42,1790786743886
75a0e9,42,1790786743886
f2bef0,30,1790785843886
62a00e,19,1790785843886
ea7e42,55,1790871343886
542811,58,1790785843886
82af7f,20,1790785843886
fdeada,31,1790785843886
ffebf2,42,1790786743886
94488f,40,1790786743886
1ca2cc,58,1790871343886
44a654,58,1790786743886
000845,53,1790786743886
bac305,19,1790786743886
584e6b,51,1790871343886
121d36,21,1790871343886
7685a6,27,1790786743886
5f69e0,17,1790871343886
dbcddd,21,1790785843886
1cdb9c,54,1790871343886
84ca0f,30,1790785843886
87d6e7,52,1790785843886
24be4e,51,1790785843886
db1a60,32,1790785843886
072e07,30,1790785843886
6c2156,57,1790871343886
3d6d4c,51,1790786743886
e72a51,50,1790785843886
e4e03c,54,1790871343886
73ab5a,43,1790786743886
59731b,46,1790871343886
efc207,58,1790871343886
e92950,59,1790871343886
90531a,36,1790871343886
503774,16,1790785843886
8c64be,19,1790786743886
c2e7d8,29,1790785843886
703b5a,31,1790786743886
2b1291,31,1790786743886
39e9a1,56,1790785843886
5a0fa2,57,1790786743886
e147ef,34,1790785843886
99d480,55,1790786743886
8950fc,17,1790786743886
53ed3f,52,1790785843886
660a04,60,1790786743886
d7d0a7,54,1790786743886
d2c83b,53,1790785843886
51c285,44,1790786743886
aecb4b,36,1790785843886
544c87,27,1790785843886
659763,16,1790871343886
b6755f,42,1790785843886
e2805e,27,1790871343886
8e2d93,23,1790786743886
557ee4,24,1790786743886
d6f448,58,1790786743886
64e055,48,1790785843886
8985d7,50,1790786743886
36f897,30,1790785843886
402783,46,1790871343886
fcafee,27,1790786743886
c7a465,21,1790785843886
d0a64b,58,1790785843886
446b9f,28,1790871343886
848bdb,42,1790871343886
e074df,35,1790785843886
bc94b8,16,1790871343886
d10d38,56,1790785843886
310f06,46,1790786743886
aac6d2,32,1790786743886
1430f7,26,1790785843886
8cce12,47,1790786743886
3a4ea1,53,1790785843886
aa30c6,46,1790786743886
7e4a1a,33,1790871343886
98bea6,23,1790786743886
cabce0,56,1790871343886
004d64,55,1790785843886
e12437,38,1790785843886
f0e772,57,1790871343886
c0a9d9,27,1790785843886
070704,24,1790871343886
07dccc,50,1790786743886
3a4225,50,1790785843886
0285be,22,1790871343886
7b7115,24,1790871343886
700c4c,53,1790871343886
e62988,51,1790785843886
55abd7,52,1790785843886
9b520f,53,1790785843886
cfc105,35,1790785843886
2e9511,47,1790785843886
829865,35,1790871343886
8fa23a,39,1790871343886
aad16f,58,1790871343886
be48e3,22,1790785843886
ae1ee9,33,1790786743886
4f2b9c,17,1790871343886
76d780,28,1790785843886
bdf1c0,39,1790786743886
9cf224,17,1790786743886
b688a9,58,1790871343886
402016,40,1790786743886
3c9c57,49,1790786743886
12db97,52,1790871343886
731e34,59,1790786743886
e1a7c2,56,1790871343886
b2f8cc,34,1790785843886
6b6177,27,1790871343886
18be62,19,1790786743886
8e205f,21,1790871343886
d41ffe,15,1790871343886
276371,49,1790871343886
8e8104,30,1790785843886
0b34bb,60,1790786743886
ff703a,49,1790785843886
2c732c,34,1790786743886
060203,20,1790785843886
5ea5f7,34,1790786743886
3135d4,23,1790785843886
216a20,21,1790786743886
0be405,50,1790785843886
bc45d4,47,1790871343886
587b02,30,1790785843886
d0dbb3,22,1790785843886
45d6aa,52,1790786743886
614922,27,1790871343886
c952de,24,1790785843886
c9244f,47,1790871343886
906a14,45,1790871343886
3b006d,38,1790785843886
24e43a,46,1790871343886
055f57,51,1790786743886
bc3ab8,60,1790786743886
db18b9,15,1790786743886
0e80f8,23,1790785843886
1e61d4,24,1790786743886
f58a6b,32,1790871343886
751acf,19,1790871343886
3b4d46,45,1790785843886
80cad6,15,1790785843886
675ce7,38,1790871343886
f60f4d,44,1790785843886
785068,25,1790786743886
4a1516,35,1790871343886
074c5f,37,1790785843886
8021c0,53,1790785843886
f6c88b,58,1790871343886
471659,60,1790871343886
f33ba3,43,1790785843886
ec807b,45,1790871343886
b03ef4,42,1790786743886
76c69f,59,1790871343886
23a072,52,1790785843886
47ecaf,27,1790785843886
c1171a,46,1790871343886
ab21e9,21,1790785843886
a399f1,24,1790786743886
d660dc,45,1790786743886
a08228,16,1790785843886
da3957,47,1790871343886
3660b6,22,1790871343886
738a45,60,1790871343886
33d11d,25,1790871343886
d1432a,47,1790785843886
3f17b0,22,1790785843886
57e5c4,42,1790785843886
09ca64,37,1790786743886
5081ff,34,1790785843886
da9c7e,16,1790871343886
93abb8,37,1790785843886
aaa6f3,46,1790786743886
c45567,44,1790871343886
9828dc,55,1790786743886
5594e1,27,1790871343886
be8a36,24,1790786743886
f70c3a,29,1790785843886
200eb8,49,1790786743886
2c11e6,39,1790871343886
a0a1bb,37,1790786743886
bc409f,40,1790871343886
70b850,18,1790786743886
5fe3a4,21,1790871343886
7c69d2,15,1790871343886
6c1d19,55,1790786743886
9f432d,44,1790871343886
9548f7,37,1790786743886
5539ee,41,1790785843886
0a8581,34,1790871343886
5a6ee1,54,1790785843886
bb7d97,52,1790871343886
c9aed6,54,1790785843886
d04cfd,60,1790785843886
f9f4cd,59,1790871343886
555799,16,1790871343886
2d04fa,22,1790786743886
a3ee83,18,1790786743886
1c15f9,40,1790785843886
a2f88e,24,1790786743886
7c2fe5,47,1790786743886
5cf32e,42,1790786743886
a447b2,52,1790785843886
4c976b,45,1790786743886
aa2b54,43,1790785843886
1051ce,37,1790785843886
0dd14a,51,1790785843886
dc8d2a,31,1790871343886
6a09c4,41,1790786743886
ce6f81,50,1790785843886
202d83,26,1790785843886
36775d,17,1790785843886
91459a,25,1790786743886
24a19b,31,1790871343886
9cecae,24,1790786743886
e47eaa,47,1790786743886
a4b839,43,1790786743886
436086,41,1790871343886
9c677a,15,1790785843886
f1d5d5,28,1790871343886
9d82ac,35,1790785843886
4b15c6,54,1790786743886
58c294,54,1790786743886
216f47,53,1790785843886
dcd777,46,1790786743886
7f0493,38,1790871343886
626518,60,1790785843886
8440db,56,1790871343886
0051e5,19,1790786743886
992b92,51,1790786743886
67d174,32,1790785843886
6d1cbf,21,1790785843886
a5e6fe,33,1790871343886
2949b7,48,1790785843886
9fb9c8,40,1790785843886
844c44,38,1790871343886
bbdc34,39,1790786743886
f9e2a5,53,1790871343886
6996f0,31,1790785843886
9f5426,58,1790871343886
fde015,32,1790785843886
cd6d6b,26,1790786743886
1a12eb,46,1790871343886
1a95a3,57,1790786743886
bd7c2b,52,1790786743886
803720,20,1790785843886
649e26,25,1790786743886
d33108,38,1790871343886
17c9a7,45,1790786743886
7ea616,51,1790785843886
fe88d8,45,1790871343886
c19b65,21,1790786743886
c31b19,48,1790786743886
404a58,53,1790871343886
c7868f,28,1790786743886
3aeaed,44,1790786743886
608b16,41,1790785843886
254a35,23,1790871343886
19c559,21,1790786743886
c583b2,58,1790785843886
4e1bc5,39,1790871343886
83b040,60,1790786743886
a79e7d,39,1790785843886
8adb96,47,1790871343886
880224,39,1790786743886
4c2b70,43,1790786743886
0bfa1e,25,1790786743886
cc496f,24,1790785843886
e0001a,18,1790785843886
050d5f,31,1790871343886
1db4ec,57,1790785843886
e1bb49,19,1790785843886
88d12a,18,1790786743886
adec42,43,1790785843886
055c28,42,1790871343886
fa03a2,56,1790871343886
ec7747,41,1790871343886
23d285,17,1790871343886
a801f2,54,1790786743886
cc6ff0,39,1790871343886
cb238d,18,1790785843886
855899,27,1790785843886
f83c2b,18,1790786743886
39ee65,60,1790786743886
4c6b7b,58,1790786743886
dd5891,21,1790786743886
bafe0c,45,1790871343886
6e1fc7,15,1790871343886
8a65eb,40,1790871343886
0bc15f,48,1790786743886
0b7965,36,1790871343886
989109,43,1790871343886
43b1a1,31,1790785843886
4d2466,49,1790786743886
5087cc,42,1790871343886
4c8e65,18,1790785843886
4160d6,29,1790785843886
795fcc,16,1790785843886
9cfa32,17,1790871343886
87efb1,57,1790786743886
62ba7d,27,1790871343886
35cd1a,48,1790785843886
8fd2c1,50,1790871343886
a5614a,54,1790786743886
06a30e,55,1790871343886
d455b8,27,1790785843886
27db15,40,1790871343886
7db805,22,1790871343886
eafb19,18,1790786743886
621efa,24,1790785843886
44d39b,58,1790786743886
69f9f4,17,1790786743886
4e8a0f,54,1790785843886
91f04e,25,1790871343886
468137,49,1790786743886
26863f,19,1790785843886
d093a3,53,1790785843886
409384,48,1790785843886
1b757e,18,1790785843886
6db35d,36,1790871343886
3fee89,37,1790785843886
ec8a2f,50,1790786743886
2d47c0,58,1790786743886
90edd2,49,1790785843886
6555fa,33,1790871343886
ecca65,34,1790871343886
5af365,26,1790786743886
e3b1b2,38,1790786743886
ddae6b,48,1790786743886
86179f,48,1790871343886
6c4c37,29,1790871343886
7660b3,42,1790871343886
52825b,15,1790785843886
e67993,17,1790871343886
618757,48,1790786743886
668a28,31,1790871343886
6eb53b,36,1790785843886
0782ad,50,1790786743886
163827,38,1790871343886
8db8bb,15,1790785843886
f1dfc2,16,1790871343886
6a3fa0,42,1790871343886
5f4a75,46,1790871343886
a9e350,46,1790871343886
f62898,42,1790786743886
d94dc3,58,1790785843886
997b12,42,1790786743886
a39651,58,1790785843886
0732d1,33,1790871343886
f0b296,40,1790785843886
95c18c,27,1790871343886
b1d515,53,1790786743886
06906e,46,1790871343886
cf3359,23,1790785843886
63a917,27,1790786743886
84334d,58,1790785843886
f01ab7,15,1790786743886
d1fae4,43,1790871343886
646886,42,1790871343886
91fbd2,59,1790785843886
922328,53,1790785843886
1b5ab6,18,1790871343886
263a5b,45,1790785843886
77493f,29,1790871343886
f1f926,23,1790871343886
18b0e0,15,1790785843886
ae6ab5,20,1790871343886
a18f81,59,1790785843886
9af0cc,25,1790786743886
7c1213,29,1790871343886
c364ea,54,1790786743886
c33855,30,1790786743886
fea2c9,32,1790871343886
a48ee9,38,1790785843886
2bc646,56,1790786743886
e5714f,40,1790871343886
7ad046,31,1790871343886
93327c,60,1790871343886
3fcedc,24,1790785843886
df3ae3,25,1790871343886
e025c2,37,1790785843886
f66d4d,47,1790871343886
606017,30,1790785843886
4f71ac,38,1790871343886
0e90a9,57,1790785843886
5f189e,29,1790786743886
1ddbef,54,1790871343886
5f0080,35,1790871343886
423c89,58,1790785843886
6834cd,45,1790785843886
5e856c,41,1790785843886
c93169,50,1790786743886
480de8,36,1790871343886
769032,20,1790785843886
9a5a05,41,1790871343886
a0a1a4,17,1790785843886
817043,17,1790871343886
fad999,31,1790785843886
c3f041,48,1790871343886
39798e,15,1790871343886
61c629,15,1790786743886
8ec375,46,1790785843886
cc8edf,47,1790785843886
7c70b0,33,1790871343886
0d7ba6,25,1790786743886
89eddb,36,1790871343886
deb9f6,50,1790786743886
b91aa4,18,1790871343886
57afe7,48,1790871343886
1ca1b4,16,1790786743886
5c9223,17,1790871343886
8865b6,40,1790871343886
08360c,28,1790871343886
7e7a4e,47,1790786743886
024944,55,1790786743886
b26aad,51,1790786743886
8b7b1e,51,1790871343886
81da2d,43,1790786743886
1cef27,56,1790786743886
1cc46c,31,1790785843886
62a3b8,54,1790785843886
02f974,36,1790871343886
d32136,15,1790786743886
1070a1,60,1790871343886
39fb19,23,1790871343886
7302c8,56,1790786743886
1d42ad,30,1790871343886
49c674,40,1790871343886
ae0cd4,26,1790786743886
5d55d8,28,1790786743886
8c823a,39,1790786743886
9c3e1c,37,1790786743886
ed1e0c,20,1790786743886
cf971b,37,1790871343886
c7bcc0,49,1790785843886
1bb6c9,23,1790786743886
c01fd1,45,1790786743886
56490a,60,1790785843886
b309d9,45,1790871343886
a09d20,39,1790786743886
1274a9,32,1790871343886
c8a65d,38,1790871343886
585190,28,1790871343886
a52c7d,57,1790786743886
963568,42,1790785843886
ebc13b,49,1790785843886
45e50e,44,1790871343886
3e3cf9,27,1790786743886
5254bf,45,1790871343886
a3bed1,37,1790785843886
50ca36,40,1790785843886
28693c,45,1790786743886
0cf655,29,1790786743886
e2cc92,28,1790871343886
ef8690,51,1790871343886
865b88,60,1790871343886
b8e9bc,53,1790871343886
49081b,60,1790871343886
efff69,29,1790786743886
8f55c8,35,1790785843886
15e54a,45,1790785843886
da41e7,16,1790871343886
6a758e,21,1790785843886
3b8562,35,1790786743886
36da74,40,1790786743886
44af38,58,1790785843886
188645,57,1790786743886
e73efb,46,1790785843886
0695cc,43,1790786743886
0fe8cc,59,1790785843886
668f3b,50,1790871343886
0c7d8f,60,1790786743886
2a797a,47,1790786743886
0467bb,43,1790871343886
127dab,58,1790785843886
775b34,45,1790786743886
fd4fbe,19,1790871343886
eda6fa,26,1790785843886
da1700,16,1790786743886
940ee7,51,1790871343886
b043ae,29,1790786743886
c74071,26,1790786743886
5773ba,48,1790785843886
ebb864,25,1790785843886
a8baa5,24,1790871343886
3fda8e,55,1790871343886
4567f7,56,1790786743886
595f38,18,1790871343886
50152e,27,1790871343886
bd3f0e,29,1790786743886
eb62ff,23,1790871343886
f846af,35,1790785843886
dfdd98,48,1790786743886
ef1675,22,1790785843886
e571a9,34,1790786743886
79118b,55,1790871343886
05166c,57,1790786743886
f23805,19,1790871343886
c447db,60,1790871343886
47a4ab,57,1790785843886
9bacbb,59,1790786743886
19df49,18,1790786743886
529f8a,38,1790871343886
ee8c49,37,1790786743886
cbd15b,35,1790786743886
9bd8cb,23,1790785843886
fcde0f,34,1790871343886
779ae1,48,1790786743886
0a93e1,32,1790871343886
0bde42,22,1790785843886
585bd7,18,1790871343886
110b48,27,1790785843886
7c8b3b,32,1790871343886
34caa8,31,1790871343886
49496d,34,1790871343886
c1a97e,16,1790786743886
71b1c1,24,1790785843886
7c6182,23,1790786743886
61a904,58,1790785843886
296eac,27,1790786743886
d2fb7a,30,1790785843886
7065ad,32,1790871343886
7afb78,19,1790785843886
26379a,19,1790786743886
116231,29,1790786743886
1c4084,52,1790785843886
bb47fa,32,1790871343886
bfcd97,60,1790786743886
a3837a,46,1790785843886
82ed78,39,1790786743886
516828,47,1790785843886
c57bee,15,1790786743886
9d5502,49,1790786743886
2ad10e,32,1790786743886
eb7e6d,60,1790871343886
6e9cea,27,1790785843886
4f3f57,42,1790785843886
31f074,50,1790871343886
34faaf,27,1790871343886
a048fa,38,1790871343886
16e35e,27,1790871343886
0b3c8c,58,1790785843886
16c2ed,52,1790786743886
cf72a1,54,1790785843886
ee5fc7,25,1790785843886
e498a7,20,1790871343886
1ab6ef,27,1790785843886
82434a,20,1790785843886
7fcba2,33,1790785843886
ad957c,48,1790785843886
d61c8e,24,1790785843886
e310b9,20,1790786743886
32ab6a,49,1790871343886
99c654,31,1790785843886
a49101,29,1790785843886
8aae08,54,1790785843886
c8c0af,40,1790785843886
1c03f9,52,1790785843886
cabf1d,55,1790785843886
9cab83,31,1790785843886
420bad,16,1790785843886
5a64c7,34,1790786743886
ba68d4,40,1790871343886
5cd655,49,1790785843886
b55a05,36,1790786743886
5415fa,46,1790785843886
c7c9fa,15,1790785843886
40918d,43,1790786743886
089d3f,58,1790786743886
f0c8c6,43,1790785843886
01c78a,50,1790785843886
87c2b6,19,1790871343886
6ea4f1,38,1790785843886
4eb780,27,1790871343886
926e2f,22,1790871343886
da35c6,57,1790786743886
fd88a5,52,1790785843886
447c3e,20,1790871343886
b35db4,26,1790786743886
e7fd2b,16,1790785843886
80f655,45,1790871343886
06bc87,49,1790786743886
c329d3,55,1790871343886
704f34,26,1790871343886
54e9fc,28,1790785843886
05281e,59,1790871343886
37a160,27,1790785843886
3a67ad,42,1790785843886
4f726c,27,1790871343886
5cda31,57,1790871343886
4b978d,53,1790785843886
72eeb8,53,1790871343886
acfec9,18,1790785843886
0597f1,30,1790786743886
9c3b08,47,1790785843886
ed133e,43,1790871343886
c0f747,45,1790785843886
79f861,44,1790871343886
f3a8ab,19,1790786743886
d6dc49,56,1790785843886
7e239f,43,1790786743886
b11333,15,1790786743886
719801,56,1790786743886
5a6016,21,1790786743886
f2ad03,34,1790871343886
7922e2,40,1790785843886
5026a4,28,1790786743886
e690d2,18,1790786743886
c16902,18,1790786743886
036e55,54,1790786743886
afce51,60,1790786743886
46da7b,37,1790785843886
197228,35,1790785843886
5507d9,44,1790785843886
f314fd,16,1790871343886
d99149,19,1790871343886
4aac77,47,1790785843886
2b2338,15,1790786743886
af5ead,24,1790871343886
1ce4b3,54,1790871343886
5e12e8,17,1790786743886
785230,59,1790785843886
09c565,45,1790785843886
dba174,28,1790785843886
8b6394,26,1790786743886
d65ccd,52,1790871343886
4ad481,18,1790871343886
d7235f,49,1790785843886
4acbbb,46,1790786743886
8ff1f4,42,1790785843886
6ea61b,21,1790871343886
6f4eef,34,1790786743886
e72055,18,1790871343886
9073e9,41,1790871343886
358446,18,1790871343886
fe554f,52,1790785843886
04ad30,44,1790871343886
56833f,42,1790871343886
7b8f39,23,1790786743886
f0061c,45,1790871343886
f89978,54,1790786743886
1fa618,34,1790871343886
b78cda,39,1790785843886
fc4d09,38,1790785843886
9eee63,34,1790785843886
77eecb,15,1790871343886
0b2ab9,46,1790871343886
2fcda7,25,1790871343886
d00acb,33,1790785843886
6d0be0,48,1790785843886
b91980,26,1790786743886
3fada2,43,1790785843886
9e7ef3,53,1790871343886
668fee,49,1790785843886
42d619,24,1790871343886
f6168b,28,1790785843886
257afb,25,1790785843886
bc1560,49,1790871343886
66c237,45,1790785843886
b14025,52,1790785843886
c9da9e,35,1790786743886
aa4e6a,33,1790785843886
d42fad,17,1790786743886
253c1e,22,1790786743886
f65ad5,49,1790785843886
3a4858,27,1790871343886
72324a,25,1790785843886
3b5668,46,1790785843886
c0fb32,32,1790786743886
b975b4,60,1790786743886
56e1e2,23,1790871343886
e1f9ca,39,1790871343886
77175f,22,1790871343886
369cee,41,1790871343886
9af673,58,1790785843886
37305b,17,1790871343886
37dac5,20,1790871343886
b2d11e,57,1790785843886
ec09ac,22,1790785843886
05d8d2,38,1790786743886
5b5173,29,1790871343886
97e302,19,1790786743886
78b013,25,1790786743886
db4282,28,1790871343886
f008a4,25,1790786743886
d997ff,17,1790871343886
2b4a63,41,1790785843886
31a500,26,1790871343886
8a1afc,29,1790871343886
ea4ef6,22,1790786743886
e405b8,21,1790786743886
a6b917,38,1790871343886
eac427,51,1790871343886
643d5a,56,1790785843886
7230d5,49,1790871343886
495d8f,23,1790785843886
e710b3,47,1790785843886
75c127,38,1790786743886
0eaee5,45,1790785843886
779294,36,1790785843886
c10af6,45,1790786743886
619b2d,27,1790871343886
40e117,17,1790786743886
dd22c0,49,1790785843886
e3639d,35,1790871343886
63cbc3,30,1790785843886
555185,54,1790785843886
ca63aa,30,1790871343886
47e605,36,1790871343886
efb960,36,1790871343886
e2c0b3,43,1790785843886
a72d1b,42,1790785843886
73550d,25,1790785843886
00e469,39,1790871343886
f2d94a,42,1790786743886
cc42cd,41,1790871343886
8e8206,56,1790871343886
c0fe8d,19,1790785843886
a43a0a,52,1790871343886
d73a81,20,1790786743886
fd6556,46,1790786743886
979e6a,26,1790786743886
25da27,23,1790871343886
aef215,48,1790785843886
13590d,21,1790786743886
14303c,47,1790785843886
4428ce,30,1790786743886
f581a0,59,1790871343886
301705,15,1790785843886
5d257c,54,1790871343886
0c6a0f,27,1790871343886
e70aa3,43,1790871343886
2245f3,58,1790785843886
ecd399,42,1790871343886
0052b5,16,1790871343886
941d06,21,1790871343886
8f543b,22,1790871343886
0ef42d,44,1790785843886
4c73cf,44,1790785843886
f388fd,19,1790786743886
e3b313,31,1790871343886
72fdf2,59,1790786743886
0f4ec3,55,1790785843886
fc7e16,33,1790785843886
3030ca,57,1790871343886
dfa068,52,1790871343886
d54f02,54,1790786743886
83437d,30,1790871343886
8fcd02,44,1790786743886
445509,19,1790786743886
bf8597,52,1790785843886
f55a60,59,1790786743886
e96556,45,1790785843886
85a572,38,1790785843886
114c25,30,1790871343886
965534,27,1790786743886
e4e858,23,1790871343886
19addf,60,1790785843886
7ac2d6,59,1790785843886
c4c988,22,1790785843886
5202f9,34,1790786743886
f4e530,57,1790785843886
72afc8,47,1790871343886
4a4e64,17,1790785843886
827a62,38,1790785843886
c3d276,49,1790786743886
72f334,41,1790786743886
544947,58,1790871343886
139d38,46,1790871343886
a85940,29,1790785843886
e42158,60,1790786743886
12afc0,44,1790871343886
62311b,17,1790871343886
71b8b3,17,1790786743886
5c39c0,43,1790871343886
129bd0,48,1790786743886
1e1890,18,1790871343886
9dc55c,58,1790786743886
fdae56,15,1790871343886
234d8b,41,1790871343886
8ddac9,36,1790785843886
e30874,36,1790786743886
91f076,32,1790786743886
4bf335,45,1790871343886
f24ada,43,1790786743886
f79676,24,1790786743886
b5d01a,17,1790786743886
d818f6,43,1790786743886
ec9974,17,1790786743886
5d628a,17,1790786743886
0a09c3,18,1790785843886
f7366f,54,1790871343886
91bae0,42,1790871343886
7ef90c,22,1790785843886
83d6a7,27,1790871343886
513570,39,1790785843886
8778c3,20,1790871343886
c8a663,56,1790785843886
12bf1f,20,1790786743886
8955e4,15,1790785843886
199621,36,1790785843886
188860,49,1790871343886
48aad0,19,1790786743886
9e7583,51,1790871343886
d4bee5,56,1790871343886
6dc647,23,1790785843886
0dc070,16,1790785843886
68ca63,32,1790871343886
144541,23,1790786743886
cd2821,33,1790871343886
5d48a7,25,1790786743886
8f052b,58,1790786743886
8b8fe4,26,1790871343886
540349,32,1790785843886
a5797d,31,1790785843886
1c54c7,29,1790786743886
d868cb,39,1790786743886
04fcf6,28,1790786743886
1099d6,30,1790785843886
c4064f,42,1790785843886
b38532,56,1790871343886
3eb5c8,46,1790786743886
ccd79d,57,1790871343886
8c15ca,54,1790785843886
38b303,30,1790786743886
26c745,42,1790871343886
a1e197,43,1790785843886
e9401b,35,1790786743886
23001a,39,1790786743886
400846,43,1790871343886
131dfe,60,1790871343886
a5c5fc,22,1790785843886
d1bfc5,60,1790785843886
f3e650,16,1790785843886
3dd352,26,1790785843886
18d700,58,1790785843886
c73fb0,33,1790871343886
035667,51,1790785843886
e2258c,51,1790871343886
948c78,42,1790871343886
a7582d,57,1790871343886
ee0994,53,1790786743886
a9b981,21,1790871343886
fe73d1,51,1790785843886
050fa2,41,1790785843886
84b34f,39,1790786743886
567924,42,1790871343886
8e5825,15,1790871343886
54dbcc,40,1790786743886
4c73dc,51,1790786743886
c81131,25,1790786743886
3b6947,28,1790786743886
d131fd,39,1790871343886
cd2927,36,1790786743886
00906b,22,1790786743886
3c87a1,18,1790786743886
8535e5,40,1790785843886
315261,50,1790785843886
ef93e4,15,1790785843886
1d5764,38,1790786743886
a0dba1,44,1790785843886
6e2eba,45,1790871343886
b96cf0,47,1790786743886
4ba63a,58,1790785843886
34dc48,37,1790871343886
c16b78,27,1790786743886
29c3d6,52,1790785843886
385945,58,1790871343886
751aa4,22,1790786743886
d78822,37,1790871343886
a02e7e,44,1790786743886
02cf49,16,1790871343886
aeaa21,15,1790871343886
d595f6,44,1790785843886
be763e,55,1790785843886
9e920f,54,1790871343886
048307,20,1790871343886
1d3d89,24,1790786743886
f9c724,48,1790871343886
64ef0a,27,1790871343886
7653de,51,1790871343886
943c5b,51,1790785843886
b87978,19,1790786743886
0ca4ca,47,1790871343886
304876,45,1790786743886
9137d3,53,1790786743886
68fdd9,56,1790785843886
3f5b89,15,1790786743886
03c67d,25,1790871343886
1dc5ce,39,1790785843886
84ed00,41,1790871343886
7f890d,24,1790871343886
c0fbe6,43,1790871343886
bfc414,37,1790786743886
7b40d1,41,1790786743886
6ead7e,44,1790785843886
f1c20c,37,1790871343886
0badd2,60,1790871343886
c39563,39,1790786743886
aeb4e5,23,1790785843886
ef3657,15,1790871343886
b486c0,19,1790785843886
86a083,20,1790871343886
7d1633,58,1790871343886
7e39a8,55,1790871343886
a257a2,38,1790871343886
8581da,49,1790786743886
cc650d,22,1790785843886
b58eba,51,1790871343886
8d6439,35,1790786743886
a639ec,32,1790871343886
164fb5,56,1790785843886
42f89d,21,1790871343886
d01aa3,25,1790786743886
f37213,37,1790871343886
0832a1,56,1790871343886
388163,55,1790785843886
7ae9e2,25,1790871343886
40d2d9,57,1790786743886
296e52,39,1790871343886
fe2d66,53,1790871343886
a0cb76,51,1790871343886
76e989,49,1790786743886
0ae027,30,1790871343886
7e54ef,51,1790871343886
94b64a,27,1790785843886
295b70,53,1790785843886
c7652d,57,1790785843886
966021,36,1790871343886
e7c266,18,1790785843886
f754c9,27,1790785843886
c1de78,55,1790871343886
4fbc5c,59,1790786743886
0bed9f,44,1790871343886
0e28c7,26,1790786743886
3162ff,19,1790786743886
226d97,23,1790785843886
47bd47,43,1790785843886
8cabc2,56,1790786743886
e38b5d,48,1790786743886
5282d2,15,1790871343886
78e7f8,48,1790786743886
effa6b,22,1790785843886
218c98,51,1790785843886
9fe365,50,1790871343886
90d3ba,47,1790785843886
c0294e,30,1790786743886
bbfd16,23,1790871343886
d516b8,44,1790786743886
a1ef51,15,1790786743886
8a8ff5,21,1790786743886
7cbd13,47,1790785843886
87c1f6,49,1790786743886
99d7ba,38,1790785843886
9fad6a,58,1790785843886
3bb231,18,1790871343886
95a4dc,39,1790786743886
64a20b,28,1790871343886
9e0e7d,56,1790871343886
16576f,17,1790786743886
3eff81,35,1790871343886
c78d67,19,1790786743886
ad8b6b,24,1790785843886
dfb6f0,24,1790871343886
648315,31,1790871343886
da93b5,23,1790785843886
040763,30,1790786743886
9eef56,58,1790785843886
bc4f14,55,1790786743886
523294,55,1790786743886
66c8ff,40,1790871343886
f75fd7,27,1790785843886
50d23c,21,1790786743886
d6d4df,29,1790785843886
610f1f,41,1790786743886
3c816f,60,1790871343886
92ddc4,56,1790871343886
db9a44,41,1790785843886
a5dfac,33,1790871343886
448628,20,1790786743886
0d68a4,45,1790785843886
40cd17,59,1790785843886
d14e60,19,1790786743886
bc4675,22,1790785843886
1fb6f5,30,1790785843886
1dabab,58,1790785843886
7d164c,24,1790786743886
246076,18,1790786743886
51ea17,15,1790786743886
54ff7d,23,1790871343886
2a7fd4,22,1790785843886
e69c67,46,1790871343886
efa4c9,50,1790785843886
b9a8c3,23,1790786743886
44f55a,56,1790785843886
e0cbb2,52,1790785843886
408497,18,1790786743886
24817f,52,1790786743886
620506,38,1790786743886
a3c44a,31,1790785843886
9380e5,36,1790871343886
49795c,39,1790786743886
cbf741,47,1790785843886
ec9416,32,1790785843886
2eae46,49,1790785843886
0b18ee,60,1790786743886
8d8a55,41,1790785843886
bf1fc3,22,1790786743886
d82062,29,1790786743886
a8605e,34,1790871343886
35c266,45,1790785843886
841ed8,43,1790871343886
a1b08c,36,1790785843886
1b84c4,44,1790871343886
d0631f,23,1790785843886
b701f9,37,1790785843886
e9e7cf,58,1790786743886
b2e0f1,24,1790785843886
8c0df1,59,1790786743886
64b27c,27,1790785843886
2a6f58,57,1790786743886
616ec7,48,1790871343886
16a382,16,1790871343886
f22b63,48,1790786743886
e279da,17,1790786743886
4fd767,34,1790786743886
1d851b,55,1790785843886
f85dcc,36,1790786743886
1995ba,49,1790871343886
a70dff,30,1790786743886
ea5584,31,1790871343886
0a5d56,51,1790785843886
50a5ec,20,1790785843886
e11427,24,1790785843886
5ff367,31,1790786743886
f3ab00,54,1790786743886
7aac81,24,1790871343886
7fac92,37,1790871343886
db875d,42,1790871343886
0c2c48,36,1790871343886
d53ec5,22,1790871343886
450ed1,43,1790785843886
4da1ff,40,1790786743886
b17302,19,1790785843886
3ff4df,16,1790786743886
35cc0e,47,1790871343886
b5c5e8,47,1790871343886
72da6c,27,1790785843886
43bf82,18,1790785843886
8f2243,19,1790786743886
d68fb9,44,1790871343886
7af1c4,26,1790871343886
7afab1,59,1790871343886
585263,30,1790786743886
31a47b,19,1790871343886
9d652e,29,1790785843886
251515,58,1790786743886
0388cd,46,1790871343886
d3c784,40,1790785843886
260dff,60,1790871343886
53a74a,30,1790785843886
66570d,35,1790871343886
85a964,29,1790786743886
22a8dd,38,1790785843886
185050,55,1790871343886
c61225,60,1790785843886
76f9ca,53,1790786743886
1c6b2a,24,1790786743886
f4842a,33,1790871343886
408904,52,1790785843886
5e652d,21,1790871343886
8f607f,50,1790871343886
d39d25,28,1790786743886
fee792,59,1790785843886
2e14b4,20,1790786743886
0a3486,34,1790785843886
d76ac6,31,1790871343886
d809a6,55,1790786743886
d38848,18,1790871343886
ed05bc,34,1790786743886
e28944,26,1790871343886
217dbc,57,1790871343886
225794,42,1790871343886
95afca,49,1790871343886
33d7d5,43,1790871343886
8427a1,15,1790786743886
cca355,25,1790786743886
478822,21,1790786743886
237bdc,39,1790786743886
ccc40b,23,1790871343886
bf20d9,41,1790785843886
62fc4b,44,1790786743886
00848f,22,1790786743886
49f9d8,42,1790785843886
636c41,37,1790871343886
59fa3b,27,1790871343886
c0eff9,57,1790785843886
fc4924,40,1790871343886
8e874c,38,1790871343886
940a6e,43,1790785843886
e3ba28,19,1790785843886
5d722c,37,1790871343886
8c38fa,15,1790871343886
ea8138,48,1790871343886
d16748,47,1790785843886
475f67,42,1790785843886
d1cb5c,45,1790786743886
f6b126,59,1790785843886
a1f8f2,31,1790785843886
e774b9,46,1790785843886
158ebd,29,1790871343886
6d5f55,24,1790785843886
968d51,19,1790785843886
f3f3e9,23,1790871343886
9814b0,40,1790871343886
9688ce,59,1790871343886
8c0576,34,1790786743886
fc0d97,26,1790786743886
9c7bf6,36,1790871343886
18ba7e,16,1790785843886
f58756,53,1790785843886
506879,44,1790871343886
22a9cd,36,1790785843886
254da2,22,1790786743886
8b361e,50,1790785843886
951562,56,1790871343886
af0791,32,1790785843886
1a5bd8,25,1790871343886
84253e,45,1790786743886
db54e6,21,1790786743886
1b56b5,59,1790785843886
4b3c60,48,1790786743886
e2c247,23,1790786743886
fb6dbb,56,1790785843886
64774b,31,1790871343886
9fddf9,30,1790785843886
f2d46b,58,1790786743886
027d47,20,1790871343886
dd7178,21,1790786743886
dff97a,22,1790871343886
4f169c,36,1790785843886
47ed59,17,1790871343886
3b2b58,42,1790871343886
1ccfa4,22,1790785843886
5e24f4,40,1790871343886
fc5ed8,38,1790786743886
09a8e1,35,1790871343886
21e9e0,29,1790785843886
f8bae9,16,1790871343886
7bc568,34,1790786743886
4e3085,20,1790786743886
7874be,45,1790871343886
6ebde2,20,1790785843886
b29138,40,1790786743886
cc3375,43,1790786743886
e98f7b,50,1790871343886
05285c,44,1790786743886
3b5dff,28,1790786743886
225910,15,1790786743886
9b7b1d,36,1790786743886
4990f9,17,1790786743886
7cc53d,34,1790785843886
d82c74,17,1790785843886
d98105,47,1790785843886
b22951,49,1790786743886
44e378,53,1790786743886
1c7d55,15,1790786743886
2220b0,36,1790871343886
75e255,19,1790871343886
304568,33,1790786743886
3a254c,59,1790786743886
14bec6,16,1790786743886
b4f1e4,25,1790786743886
8a5727,21,1790871343886
045716,54,1790785843886
b4da78,40,1790871343886
31c74d,20,1790871343886
ffd828,47,1790785843886
fbc7cd,60,1790785843886
dae00c,20,1790871343886
35dfb7,31,1790871343886
8c3c53,59,1790786743886
aa610a,27,1790871343886
0e9c6c,58,1790871343886
7a6ebf,37,1790785843886
c01f11,44,1790786743886
f4d1be,52,1790786743886
f5cfa9,52,1790786743886
c3fa9d,52,1790786743886
d332fa,51,1790785843886
e05c1a,33,1790785843886
bb0721,34,1790786743886
7fc3e3,27,1790871343886
ab3cf7,49,1790785843886
86482c,26,1790785843886
805e8b,21,1790785843886
5181e3,25,1790786743886
2d6486,53,1790786743886
01c5a0,31,1790786743886
04e2ae,49,1790786743886
14b727,36,1790871343886
336ed0,52,1790785843886
f0c874,15,1790786743886
5a02e3,19,1790871343886
06a8e9,26,1790871343886
27fce4,17,1790785843886
4e51de,19,1790785843886
dc4778,19,1790786743886
2f980a,43,1790786743886
7fd76d,53,1790871343886
cf5297,59,1790871343886
0cf11b,50,1790786743886
c71a2c,25,1790786743886
6a908c,44,1790786743886
e47dcf,54,1790871343886
b797af,38,1790785843886
8aec60,28,1790785843886
5780a6,20,1790871343886
65a35e,31,1790871343886
a7af55,43,1790871343886
6db8ee,59,1790871343886
cdbceb,34,1790871343886
0e6a55,18,1790871343886
636e17,49,1790786743886
16fde8,32,1790785843886
a7cd96,18,1790786743886
d421ab,15,1790785843886
8f50de,27,1790786743886
bcda3c,55,1790786743886
751d2f,40,1790786743886
259ed3,36,1790786743886
26a9e7,37,1790871343886
4a08c8,28,1790785843886
e2cb6f,22,1790785843886
5a485c,15,1790785843886
e64d6c,40,1790786743886
1d8901,37,1790785843886
dbd5b8,43,1790871343886
114f0f,45,1790785843886
853e11,56,1790871343886
fb6988,37,1790785843886
48be32,38,1790871343886
ebec02,55,1790786743886
ec2883,55,1790785843886
71732a,52,1790786743886
0554fe,56,1790785843886
4151e1,53,1790786743886
125869,17,1790785843886
d12bca,60,1790785843886
459bab,38,1790786743886
74bd6b,56,1790871343886
904974,29,1790871343886
2e62bc,55,1790785843886
90aa2f,30,1790786743886
4fe440,60,1790786743886
2f20f3,18,1790786743886
48542a,52,1790785843886
140511,21,1790786743886
2ccf2f,36,1790785843886
4353b8,23,1790786743886
092aeb,49,1790871343886
a1e33c,36,1790785843886
17be8e,42,1790786743886
418eff,15,1790786743886
c582a4,25,1790785843886
e8f5e9,44,1790785843886
294432,56,1790871343886
d49787,48,1790871343886
bbf3a5,22,1790871343886
3bb043,34,1790785843886
6f4e3d,28,1790871343886
cd2759,42,1790871343886
a47ee0,39,1790785843886
f935c6,27,1790871343886
095341,55,1790871343886
0ff20c,50,1790786743886
c0383d,43,1790785843886
b825c3,52,1790786743886
bbba2f,36,1790786743886
d20480,39,1790786743886
67cedb,60,1790871343886
5fd082,57,1790785843886
57fd27,43,1790785843886
cf42b8,38,1790785843886
1fe15b,41,1790871343886
cc0c7c,16,1790871343886
b525e1,52,1790785843886
5054e7,31,1790785843886
eef85c,48,1790786743886
ea1d8e,29,1790786743886
d5976e,51,1790785843886
cfe09e,46,1790786743886
0af2cb,45,1790785843886
92a199,53,1790785843886
369311,41,1790785843886
1f7687,58,1790871343886
bd310d,24,1790871343886
14ecc2,42,1790785843886
56b135,53,1790785843886
548da5,26,1790871343886
dc7371,35,1790871343886
238e7a,37,1790785843886
75907f,30,1790871343886
b0e3a9,31,1790871343886
7e1023,47,1790786743886
60daaa,32,1790786743886
d51db2,51,1790786743886
bf949c,24,1790785843886
c7fd62,36,1790785843886
ab84af,42,1790871343886
37a530,60,1790871343886
edb5bd,23,1790785843886
c8e88a,55,1790871343886
a685bb,22,1790785843886
cfed22,21,1790786743886
4ff829,50,1790786743886
a0e52a,18,1790786743886
f4fb40,32,1790871343886
cd3fda,25,1790786743886
7021c2,37,1790785843886
3980d2,23,1790785843886
825f46,16,1790786743886
12179a,32,1790786743886
44c2f4,15,1790785843886
3e02fd,30,1790785843886
d506ea,48,1790785843886
90a6f6,36,1790785843886
d8b29d,55,1790786743886
e50aea,51,1790871343886
68f490,56,1790871343886
54999a,35,1790785843886
0ca913,31,1790871343886
027a3e,22,1790785843886
ed1aec,44,1790786743886
396064,51,1790786743886
ad0886,41,1790785843886
e31c52,45,1790786743886
800d00,60,1790786743886
8532ee,40,1790785843886
e5d171,50,1790871343886
79ae84,37,1790785843886
7378b3,29,1790871343886
6fe8b3,58,1790785843886
c614f6,19,1790786743886
6fc0df,38,1790786743886
ab4beb,20,1790871343886
0a814e,30,1790786743886
4e22b9,21,1790871343886
030126,58,1790786743886
38e134,50,1790871343886
bda1c6,49,1790786743886
602eed,35,1790786743886
9f4b4e,56,1790786743886
4339a0,41,1790871343886
b3e6d7,45,1790785843886
94d4a1,24,1790785843886
34b9dc,32,1790786743886
b73760,29,1790785843886
df104a,22,1790786743886
e588db,33,1790786743886
42a94c,15,1790871343886
47ecfa,22,1790786743886
a56ec3,58,1790786743886
3856b5,32,1790785843886
73b701,16,1790786743886
344e09,47,1790871343886
01e6af,49,1790871343886
a75138,49,1790871343886
9b0628,30,1790871343886
4fbc5f,55,1790786743886
18299c,37,1790871343886
a30362,19,1790785843886
b37125,24,1790786743886
e56b80,42,1790871343886
db673a,23,1790786743886
2a306e,56,1790785843886
f96456,60,1790871343886
9b597b,17,1790871343886
342072,52,1790871343886
a50db6,23,1790871343886
02d4de,45,1790786743886
9126a1,37,1790785843886
33a337,51,1790785843886
3730c6,19,1790871343886
32110e,58,1790786743886
530e7e,49,1790785843886
8c653c,59,1790785843886
7e7f3d,20,1790786743886
f14525,56,1790871343886
714714,39,1790785843886
12685a,34,1790785843886
b86006,48,1790871343886
de9eca,59,1790871343886
92cffa,34,1790871343886
5ebc17,18,1790785843886
a59335,33,1790786743886
4d845c,53,1790785843886
929722,16,1790786743886
8c5749,43,1790785843886
13df05,47,1790785843886
0e266f,40,1790871343886
fc693b,18,1790871343886
741cdb,28,1790785843886
55d09f,17,1790786743886
c4fdfd,48,1790871343886
7f7a96,41,1790786743886
b92137,46,1790786743886
7a254f,40,1790786743886
34b626,28,1790785843886
3337b7,46,1790785843886
2a5e68,45,1790785843886
c42a4c,26,1790786743886
4cd1c1,26,1790786743886
7a2b62,60,1790785843886
06a6a5,35,1790871343886
336831,50,1790786743886
5cb78f,39,1790871343886
7182ca,18,1790786743886
8ca43d,48,1790785843886
644d8f,28,1790785843886
9e9bcd,58,1790871343886
7733f7,32,1790871343886
4fd221,24,1790785843886
11aeb9,35,1790871343886
ef14b1,35,1790871343886
18c04b,53,1790786743886
975d59,25,1790871343886
ed21d4,42,1790786743886
5738ab,44,1790785843886
cc727e,15,1790786743886
76b284,42,1790786743886
18a340,40,1790786743886
61884d,32,1790785843886
be52e1,27,1790871343886
3e68fb,18,1790785843886
fb5042,47,1790871343886
a68d0d,42,1790785843886
94786e,31,1790786743886
3b1466,49,1790785843886
96312b,19,1790785843886
2e32ef,55,1790871343886
6aedfa,32,1790871343886
2f0759,30,1790786743886
7bd577,16,1790786743886
1c9092,31,1790785843886
e9b1fd,32,1790871343886
a10fef,57,1790785843886
23a30c,15,1790786743886
defb8d,34,1790786743886
ed7b3a,30,1790786743886
e10e9c,17,1790871343886
d4f4bf,38,1790785843886
7afb76,18,1790786743886
2c3641,49,1790871343886
893079,48,1790871343886
b3618c,26,1790785843886
69ce15,57,1790785843886
5b1b2d,38,1790786743886
0da6c0,31,1790785843886
875826,18,1790871343886
72d1d8,47,1790786743886
fcc588,22,1790785843886
e1e350,20,1790871343886
bb0706,28,1790786743886
15cb63,51,1790871343886
57fd26,27,1790871343886
3b12bf,50,1790786743886
7f8d18,49,1790785843886
1ea7dd,25,1790785843886
625b46,25,1790871343886
ebfca7,56,1790785843886
dd285a,18,1790871343886
72cb90,45,1790871343886
b9f7a6,57,1790785843886
c3c5cd,24,1790785843886
b8f876,30,1790785843886
f7280b,32,1790785843886
bb1cae,57,1790786743886
84febf,32,1790786743886
328d35,40,1790786743886
d239c8,37,1790785843886
1db79b,47,1790871343886
04def5,24,1790871343886
8b7f02,32,1790871343886
0a5d16,27,1790871343886
07ac38,55,1790871343886
cd7556,24,1790871343886
fcdc00,56,1790785843886
390038,18,1790871343886
dacdc0,40,1790871343886
04a1f4,31,1790786743886
e79fe3,54,1790871343886
44dccb,35,1790871343886
1d1c8f,46,1790785843886
a28e35,31,1790786743886
e78e0e,16,1790786743886
dfdeaf,36,1790871343886
b2f9fb,33,1790785843886
8c4bc2,16,1790871343886
78a9e0,43,1790871343886
5e56e9,19,1790786743886
9059a0,17,1790785843886
4403bb,40,1790786743886
a15944,57,1790786743886
708893,57,1790871343886
ded40b,55,1790871343886
a4ec4a,47,1790786743886
f73392,15,1790786743886
65f6d7,29,1790786743886
95fc0d,39,1790871343886
53eaee,47,1790785843886
dc7690,29,1790785843886
e1d467,60,1790871343886
05aed9,53,1790786743886
896c82,46,1790871343886
f49e27,38,1790871343886
8ef1d7,41,1790785843886
3bfff4,19,1790785843886
467404,42,1790871343886
d4784d,54,1790786743886
2c6787,23,1790786743886
454d33,57,1790871343886
8f4dcf,28,1790786743886
d2b2af,27,1790786743886
b47b2f,46,1790785843886
cea7df,32,1790785843886
6207a2,28,1790785843886
503497,15,1790871343886
788238,16,1790871343886
f5fc79,24,1790871343886
224a5f,46,1790786743886
c7b716,31,1790871343886
234628,39,1790871343886
3ef86e,35,1790785843886
34e6f5,20,1790871343886
0ef360,49,1790785843886
17300e,37,1790871343886
368877,39,1790786743886
2a4b85,47,1790871343886
5aa710,42,1790871343886
9205f8,49,1790786743886
e75399,46,1790871343886
92fb39,31,1790871343886
0e86e3,21,1790871343886
12a215,56,1790785843886
2ef27b,48,1790785843886
23238e,43,1790785843886
ac72ca,59,1790786743886
407cc5,29,1790785843886
5d1702,39,1790786743886
4ed3c5,46,1790785843886
43243f,54,1790786743886
f5af48,54,1790786743886
9b55eb,58,1790785843886
5253a6,59,1790786743886
187334,45,1790786743886
e9266a,31,1790785843886
205af2,57,1790786743886
2c455f,56,1790871343886
f35215,56,1790871343886
24d853,29,1790785843886
8801e4,19,1790871343886
fe0b3f,27,1790786743886
4daad9,51,1790785843886
2b1f4e,60,1790786743886
54ac38,27,1790871343886
d6a6f2,15,1790871343886
3cec54,47,1790785843886
47c857,46,1790785843886
93a26c,58,1790785843886
c057e4,16,1790785843886
9bc37d,17,1790786743886
d06ddc,52,1790786743886
e02b88,55,1790786743886
c087b6,32,1790786743886
8c510a,41,1790785843886
7b4f6f,57,1790786743886
dfcb22,44,1790785843886
f2ba45,38,1790785843886
d15d17,16,1790786743886
a3c4fc,48,1790871343886
731045,31,1790786743886
ebf011,37,1790786743886
1966c8,15,1790785843886
d9cad2,22,1790786743886
3e2d31,38,1790785843886
cd2e91,22,1790785843886
e9951e,19,1790871343886
c7fc9d,50,1790786743886
403e36,55,1790786743886
8e5872,42,1790786743886
246361,19,1790785843886
aaca1e,44,1790786743886
c46079,55,1790871343886
61997c,45,1790785843886
f2988d,37,1790786743886
d1c662,31,1790785843886
382d96,22,1790786743886
e484dd,44,1790786743886
c78253,54,1790871343886
9ad3d6,43,1790871343886
e7df18,49,1790785843886
adafe3,15,1790786743886
33e5ec,44,1790785843886
001da1,23,1790785843886
ecb0b3,36,1790786743886
f104b3,46,1790785843886
99e5ef,45,1790786743886
ba8a81,48,1790871343886
2cdaeb,49,1790871343886
1c41e9,51,1790786743886
941fbb,59,1790786743886
12e0bd,43,1790785843886
ea9afa,33,1790786743886
a71266,18,1790871343886
fb04e8,36,1790785843886
27d347,37,1790871343886
4a4c4d,43,1790786743886
d65c08,35,1790786743886
040bca,16,1790871343886
a3fde1,42,1790871343886
b94173,27,1790785843886
d8e961,34,1790871343886
f5adbc,31,1790785843886
6c1fbd,54,1790785843886
db8da0,55,1790871343886
677ac4,32,1790786743886
d46882,18,1790871343886
71b628,34,1790785843886
c0e1ae,17,1790785843886
0ea6c1,36,1790871343886
6d6a3b,54,1790785843886
6562c7,55,1790871343886
4df623,49,1790785843886
6b1a75,55,1790786743886
a4d123,28,1790785843886
99f78e,31,1790786743886
4d67b1,18,1790871343886
78eb98,19,1790871343886
20da08,31,1790871343886
d2cd55,25,1790786743886
b2801c,19,1790871343886
d494ee,35,1790871343886
f73d36,17,1790785843886
288580,30,1790785843886
a1f437,15,1790786743886
1a36f4,17,1790871343886
716238,37,1790786743886
11c146,46,1790786743886
501f3d,49,1790786743886
ca1c06,29,1790871343886
1b0f86,28,1790785843886
9fb1ee,23,1790785843886
696cba,52,1790871343886
f15587,28,1790786743886
4f0328,21,1790785843886
567056,29,1790871343886
c64c93,48,1790786743886
615107,49,1790785843886
97a5a9,38,1790871343886
69799d,60,1790871343886
4aa436,25,1790785843886
33822f,27,1790786743886
2c42cf,36,1790871343886
68b3b9,52,1790871343886
2b1196,27,1790786743886
6f5b42,21,1790871343886
a922f9,20,1790871343886
57faff,49,1790786743886
3be5d0,27,1790786743886
6896ba,34,1790785843886
42180f,53,1790871343886
1b86d0,17,1790871343886
adbb2b,53,1790871343886
16ba19,48,1790786743886
4f4c25,53,1790785843886
1fa2af,41,1790786743886
d4fa8a,47,1790785843886
4c83b5,25,1790786743886
8407a3,22,1790785843886
e99d1d,35,1790871343886
e05dc7,41,1790786743886
863e78,34,1790786743886
221a2c,50,1790786743886
5aa59b,17,1790786743886
8cc3ad,24,1790786743886
2c73dd,15,1790785843886
32ba7a,48,1790785843886
e80bdb,34,1790785843886
c81a27,29,1790785843886
f9e5fb,43,1790785843886
8b9f1e,27,1790786743886
ed8142,33,1790871343886
7f44ec,35,1790786743886
f8f8fa,31,1790786743886
a747e4,46,1790786743886
1738b3,20,1790786743886
a40e52,51,1790871343886
7ea21c,55,1790786743886
c9933d,31,1790785843886
bdecdc,42,1790871343886
c94abf,18,1790786743886
ae175e,47,1790786743886
4c857c,50,1790785843886
e7b7a8,15,1790785843886
99d559,50,1790786743886
484bba,24,1790871343886
b78f46,26,1790786743886
f4ca47,15,1790871343886
0a4833,17,1790786743886
940b2a,18,1790785843886
01ccce,33,1790786743886
3a2cd7,32,1790871343886
9fe07b,60,1790871343886
74b4e6,55,1790871343886
57801d,18,1790786743886
93368c,43,1790871343886
df1d1f,47,1790871343886
1be4c8,31,1790785843886
a152e7,52,1790786743886
024e1a,47,1790786743886
4da6e0,16,1790871343886
d5ad04,52,1790785843886
737493,43,1790786743886
c45cf9,54,1790786743886
92fd22,33,1790786743886
2dfafa,33,1790785843886
a78824,59,1790785843886
1d414b,38,1790786743886
521fca,21,1790785843886
64b5b2,38,1790785843886
bb154c,46,1790871343886
36c66f,60,1790871343886
4c79c5,30,1790871343886
d00780,52,1790785843886
1facc1,48,1790786743886
b1486e,26,1790786743886
d14521,17,1790786743886
71e970,43,1790786743886
a85645,46,1790786743886
665f56,47,1790786743886
82b5a6,28,1790871343886
dfece3,34,1790785843886
277dc3,47,1790785843886
60f5b5,39,1790871343886
cc567c,40,1790785843886
0155dc,51,1790785843886
bd9706,41,1790785843886
0d0f0d,19,1790785843886
a8b42c,17,1790785843886
c0388c,46,1790786743886
7d14a0,48,1790786743886
e349a6,34,1790785843886
9b33fb,31,1790785843886
5a80fc,25,1790785843886
932bbf,34,1790785843886
6cddae,51,1790785843886
0ee140,40,1790786743886
e716c5,34,1790871343886
7521e9,47,1790785843886
360402,50,1790785843886
49e13d,21,1790871343886
a14ea8,34,1790786743886
b2dbd0,50,1790871343886
50059b,19,1790785843886
eb5db7,18,1790871343886
20f8b7,22,1790871343886
ccb556,15,1790786743886
df935d,44,1790786743886
bdeeb3,16,1790785843886
2fda49,31,1790871343886
4b2f97,36,1790871343886
43c386,56,1790871343886
7cf60d,16,1790786743886
5f841c,48,1790786743886
9698b2,15,1790785843886
0cf86a,34,1790786743886
6b394c,58,1790786743886
77d97d,19,1790785843886
7c6958,46,1790786743886
358c40,34,1790871343886
61c2d5,17,1790871343886
d60f2c,31,1790786743886
5783bb,54,1790871343886
1d9b54,47,1790786743886
80a0ea,59,1790871343886
a9be02,34,1790871343886
c1f016,52,1790786743886
fc042d,56,1790871343886
70dfaf,29,1790871343886
6ba408,53,1790785843886
dd505a,58,1790785843886
fbaa3d,21,1790871343886
2bcc56,40,1790786743886
2d56ff,32,1790871343886
5b0323,48,1790871343886
b616f4,18,1790786743886
01b25e,42,1790871343886
2b3f84,25,1790785843886
178c8d,50,1790871343886
52cb11,27,1790786743886
b72d07,24,1790785843886
9c415c,32,1790785843886
1a51cf,49,1790785843886
5ae778,35,1790785843886
3f13be,39,1790786743886
84f18e,27,1790786743886
414826,23,1790786743886
7e76dd,26,1790871343886
ff9a88,33,1790871343886
57c2c7,35,1790785843886
f4102d,22,1790785843886
0afbbe,21,1790785843886
4f3355,53,1790786743886
91e599,57,1790871343886
7d14b3,54,1790785843886
74600d,33,1790871343886
afa03a,23,1790871343886
411588,34,1790785843886
1eb93a,31,1790871343886
951df0,34,1790785843886
4b851a,31,1790786743886
405820,51,1790871343886
51daf7,50,1790871343886
c09b67,27,1790786743886
bc3287,53,1790785843886
0e17f7,53,1790871343886
886286,50,1790871343886
6e03d6,21,1790786743886
759f8f,33,1790785843886
7c3ece,43,1790786743886
a4d93e,54,1790871343886
7f119f,44,1790871343886
2739cc,34,1790786743886
52cf2b,30,1790786743886
eeeb44,59,1790785843886
c4370f,28,1790786743886
ce60fc,33,1790871343886
61bceb,44,1790786743886
731764,54,1790785843886
bd91da,28,1790871343886
967f39,26,1790871343886
e55739,59,1790785843886
65c688,52,1790871343886
c1a1a2,45,1790871343886
f7753c,37,1790786743886
6523d0,35,1790785843886
858451,57,1790871343886
727128,44,1790785843886
1c1055,53,1790785843886
68473d,34,1790871343886
804105,43,1790786743886
b87935,53,1790871343886
3d1495,39,1790785843886
3d7619,49,1790871343886
d920d9,48,1790785843886
9ddc8d,46,1790871343886
0eb59c,40,1790871343886
671749,49,1790785843886
8ffd1e,24,1790785843886
a2dc70,47,1790871343886
31e3ae,31,1790786743886
2c8e31,38,1790786743886
3d86f5,42,1790785843886
1b469b,47,1790785843886
e80c94,54,1790871343886
0c34c8,54,1790785843886
af875f,55,1790785843886
627936,59,1790785843886
2e5330,26,1790871343886
90d003,57,1790786743886
f08551,19,1790785843886
620dc2,52,1790871343886
5d631e,36,1790785843886
d41215,26,1790786743886
27a6de,57,1790871343886
11528c,31,1790785843886
1d9384,31,1790785843886
430e84,23,1790786743886
0f68eb,42,1790871343886
785016,37,1790871343886
af1b9d,24,1790871343886
7f232d,52,1790785843886
f02eea,39,1790786743886
03882f,35,1790785843886
ffc80a,55,1790871343886
1242d2,29,1790786743886
197269,28,1790871343886
b75688,28,1790871343886
be32ab,24,1790785843886
5761ef,23,1790785843886
cdb684,38,1790871343886
45943b,41,1790871343886
d76632,15,1790871343886
97da2c,49,1790785843886
9cda90,44,1790786743886
fdcb2e,20,1790786743886
73936e,26,1790786743886
7a2ae7,28,1790785843886
c8661e,18,1790871343886
19e5f2,36,1790786743886
e16533,51,1790786743886
c53505,36,1790785843886
5a8a6b,44,1790785843886
263fdc,57,1790785843886
52fde2,17,1790786743886
c63e0d,20,1790786743886
914a27,60,1790785843886
72f207,54,1790871343886
5e125d,43,1790786743886
593d40,33,1790785843886
dc5681,58,1790871343886
36ea63,37,1790785843886
f5768e,37,1790785843886
8701c3,58,1790786743886
b90789,40,1790871343886
2e702b,17,1790786743886
94b56f,48,1790785843886
f128ee,22,1790786743886
0a8304,39,1790871343886
f80f5c,57,1790871343886
f9a153,37,1790785843886
6b4912,46,1790785843886
470e49,44,1790871343886
221fee,54,1790786743886
a0a550,48,1790871343886
393442,36,1790785843886
3e7da8,22,1790785843886
a691a2,27,1790871343886
1a35ac,22,1790786743886
0a6017,52,1790871343886
0490dc,49,1790871343886
81a6e7,26,1790786743886
3461f3,30,1790786743886
69d9d8,46,1790871343886
317e22,25,1790786743886
0e839c,38,1790786743886
de7059,30,1790785843886
62e814,50,1790786743886
a23f67,21,1790871343886
c6d71a,51,1790786743886
d48020,38,1790785843886
2a3080,32,1790786743886
fbaa1e,38,1790871343886
c59982,36,1790786743886
d7a719,37,1790785843886
07acf6,53,1790871343886
54e9cb,26,1790786743886
472d8c,45,1790786743886
a9dc1d,39,1790785843886
8867ce,54,1790786743886
94de13,57,1790785843886
36c108,34,1790871343886
1be021,55,1790785843886
4eaf74,19,1790785843886
4a14ea,31,1790871343886
d2f6f9,55,1790785843886
441c1a,58,1790785843886
009883,32,1790871343886
c98b78,28,1790785843886
4740d1,57,1790871343886
dfc3e2,22,1790785843886
7d01d1,18,1790785843886
c6ac58,27,1790785843886
975033,34,1790786743886
c512c7,15,1790785843886
b925be,47,1790785843886
f1f44d,50,1790786743886
58a8a9,36,1790785843886
08e96b,58,1790785843886
41d349,60,1790786743886
4cc40b,21,1790786743886
d9ae62,35,1790871343886
8800bd,49,1790871343886
e6b527,47,1790871343886
9b220e,31,1790871343886
f08714,59,1790786743886
ff7dce,45,1790786743886
a75b09,42,1790785843886
24d429,58,1790785843886
90d5c9,30,1790786743886
057c8e,40,1790871343886
1c2ecf,58,1790786743886
26d113,24,1790785843886
9484bb,36,1790786743886
4cc5e6,32,1790786743886
453748,15,1790785843886
3647a9,27,1790786743886
e7a330,31,1790785843886
d4d90c,59,1790871343886
14aa7b,57,1790871343886
b68e44,17,1790786743886
37ba3c,28,1790871343886
610f5e,18,1790871343886
4f258c,35,1790786743886
188835,23,1790871343886
601ef5,49,1790786743886
8e7a2a,52,1790785843886
6bc6c1,44,1790785843886
4d6189,45,1790785843886
132fd1,47,1790871343886
8896b9,53,1790785843886
2bf493,40,1790785843886
14a689,17,1790786743886
21525e,46,1790871343886
c945c5,28,1790786743886
5e1b00,34,1790785843886
962b76,53,1790786743886
67c4af,36,1790871343886
6dc623,41,1790871343886
8518cd,20,1790871343886
c0d75d,25,1790785843886
538602,45,1790871343886
367fc1,47,1790786743886
45e600,34,1790785843886
102d83,46,1790786743886
e897ca,60,1790785843886
8c87da,46,1790785843886
fc3566,51,1790871343886
aa3fdf,24,1790785843886
23b4f3,22,1790871343886
a4ba04,60,1790786743886
ba6306,56,1790786743886
ae1d34,42,1790786743886
bd8fa7,58,1790786743886
73a73e,39,1790871343886
6cb9ee,39,1790785843886
a50854,44,1790785843886
547dc5,25,1790871343886
976776,46,1790786743886
00083a,55,1790871343886
8f4561,29,1790871343886
b7c5c2,54,1790871343886
7f051c,34,1790786743886
64b30b,17,1790871343886
237675,15,1790785843886
574ea3,57,1790785843886
275652,33,1790871343886
1991e1,44,1790785843886
0c6649,31,1790871343886
c3846f,20,1790871343886
20078e,39,1790871343886
7dd070,45,1790785843886
4aa3c2,37,1790871343886
a7706f,25,1790786743886
004499,24,1790871343886
e53827,37,1790786743886
d521b3,39,1790785843886
14efd3,23,1790785843886
52f03f,34,1790785843886
7dadd6,45,1790786743886
4f3afd,19,1790871343886
b1897b,31,1790785843886
daf9a3,55,1790785843886
3ece90,49,1790871343886
b19d9a,45,1790871343886
ca8912,39,1790871343886
73e766,26,1790786743886
78cb60,51,1790871343886
074082,37,1790785843886
a46a10,19,1790785843886
e3e668,28,1790871343886
2fb756,38,1790785843886
c06f5b,33,1790786743886
a53230,32,1790785843886
043977,45,1790786743886
aa2171,49,1790785843886
034ef7,48,1790786743886
fda563,40,1790871343886
2e9994,18,1790871343886
7f7e3f,59,1790871343886
56773e,20,1790786743886
9ab848,42,1790785843886
40226a,26,1790871343886
7a33fc,46,1790871343886
3c52c2,37,1790871343886
12255f,49,1790785843886
94a552,15,1790871343886
9a8664,21,1790871343886
9d18c6,55,1790785843886
7124b2,25,1790785843886
354c73,39,1790871343886
640e34,38,1790871343886
8c1e64,18,1790785843886
fcb236,45,1790871343886
e149a3,19,1790871343886
58fbb3,26,1790871343886
4bc500,55,1790871343886
5cb598,59,1790786743886
696524,42,1790786743886
1c4630,26,1790871343886
40d0b0,55,1790786743886
35de3a,55,1790871343886
4a1615,29,1790871343886
054033,30,1790785843886
e9334c,32,1790871343886
05f2be,54,1790785843886
46a534,20,1790786743886
a88df3,45,1790871343886
c5f6d6,52,1790786743886
cc9a42,40,1790871343886
f2f71a,34,1790785843886
89c9ff,38,1790785843886
767cbf,34,1790871343886
6f3589,54,1790785843886
e0ea51,22,1790785843886
5613ce,27,1790785843886
4aceb2,43,1790786743886
619bd9,27,1790785843886
13688a,31,1790871343886
6df07e,57,1790785843886
59ee91,49,1790786743886
322032,58,1790871343886
bcca3e,51,1790871343886
12fe5b,23,1790785843886
db495b,45,1790871343886
a4230b,50,1790871343886
30da25,44,1790785843886
f03be2,33,1790785843886
2b9884,38,1790786743886
e0f152,46,1790785843886
c725db,27,1790786743886
656c04,32,1790785843886
79c0e2,56,1790786743886
039a5c,54,1790871343886
341462,43,1790871343886
250dce,45,1790786743886
d0c4c8,34,1790786743886
55fdea,52,1790785843886
96df5c,27,1790786743886
3901cd,21,1790786743886
fea770,36,1790871343886
f9a8c9,17,1790871343886
cadd4f,46,1790785843886
ca7c4e,44,1790871343886
e3e560,34,1790871343886
aac2f5,56,1790871343886
985265,42,1790785843886
772736,53,1790786743886
494eac,52,1790786743886
5ff0d4,60,1790871343886
748103,24,1790786743886
f0253f,57,1790786743886
3138db,57,1790785843886
dd6e87,30,1790871343886
a63a11,41,1790786743886
aa0451,41,1790871343886
a3dce7,51,1790871343886
8da91d,21,1790786743886
f9c147,20,1790871343886
8628fa,45,1790871343886
3af636,27,1790871343886
58b768,45,1790871343886
1f067d,20,1790786743886
ceebca,36,1790785843886
ab8077,45,1790785843886
ae93b0,52,1790871343886
76c2e1,57,1790785843886
fa14b5,26,1790871343886
9ffbd0,22,1790871343886
4f8aa0,39,1790786743886
cd11a7,45,1790871343886
df88f1,19,1790786743886
a03c98,53,1790785843886
2b5d26,42,1790871343886
323d25,33,1790785843886
7f1057,32,1790785843886
78f868,23,1790786743886
c67b0d,32,1790871343886
8d119d,48,1790785843886
da289b,57,1790785843886
64d843,20,1790786743886
baeb66,31,1790785843886
701b9c,38,1790785843886
91960a,19,1790786743886
23a24c,55,1790871343886
ecffe8,33,1790786743886
93da1e,43,1790786743886
b59afc,23,1790786743886
34fe61,29,1790786743886
f1caa3,56,1790871343886
36d011,35,1790785843886
c2ebc5,51,1790785843886
2c8330,34,1790786743886
20e988,58,1790786743886
d28d61,30,1790786743886
67ae66,53,1790785843886
a71663,50,1790785843886
dfc9b8,22,1790871343886
543a2c,21,1790786743886
019045,51,1790785843886
212dfc,31,1790786743886
019a24,26,1790785843886
54affd,41,1790871343886
733519,42,1790786743886
53fdea,16,1790786743886
e2c5eb,40,1790785843886
98a51c,45,1790786743886
d0266a,16,1790871343886
c60e40,35,1790871343886
9a2ec7,24,1790786743886
773163,42,1790786743886
1bca9d,52,1790786743886
79d685,22,1790871343886
e89d41,19,1790871343886
79e9ba,39,1790786743886
c2deb4,22,1790871343886
0b2f23,58,1790786743886
f36c07,37,1790871343886
215700,23,1790871343886
372d87,56,1790785843886
c78263,38,1790785843886
f2a152,29,1790871343886
769548,39,1790786743886
ef32e0,41,1790871343886
587d45,36,1790785843886
6b6a36,34,1790786743886
1aead9,55,1790785843886
6bc6df,25,1790785843886
71ae5b,44,1790786743886
7bd423,36,1790871343886
6211b1,41,1790786743886
a11b41,19,1790871343886
70e669,23,1790786743886
aa70bf,28,1790786743886
d7df00,16,1790871343886
3e03f2,17,1790786743886
ea9826,20,1790785843886
0e128d,24,1790785843886
32ef80,35,1790871343886
25193a,19,1790785843886
29c11f,55,1790871343886
473ef6,31,1790786743886
c4285d,20,1790871343886
53aff0,33,1790786743886
9a97d0,20,1790871343886
aebdb8,42,1790786743886
88c86c,45,1790786743886
402387,44,1790871343886
4b35ac,20,1790786743886
0874c4,26,1790785843886
50bd55,48,1790871343886
d10de7,19,1790785843886
a058cb,30,1790871343886
2dd85f,56,1790785843886
7c5b9a,15,1790785843886
073349,51,1790786743886
09d11d,45,1790785843886
343494,57,1790871343886
e20042,17,1790871343886
87d23e,32,1790785843886
20a34e,56,1790786743886
e93db9,54,1790871343886
ba76dd,23,1790871343886
3df2d2,51,1790871343886
ee5a76,19,1790785843886
635a5c,34,1790871343886
025db9,56,1790785843886
2478da,49,1790871343886
2f2016,35,1790785843886
cacb28,31,1790786743886
45fc9c,18,1790786743886
c2a1cc,24,1790786743886
d2f0ae,53,1790786743886
3c72c5,32,1790785843886
e71e1c,52,1790786743886
ffeab3,18,1790786743886
f14d50,16,1790785843886
6382a5,32,1790786743886
3f6eb4,49,1790785843886
856d70,22,1790785843886
f434e7,24,1790785843886
d23bb7,56,1790786743886
aa6df3,60,1790871343886
84da6e,19,1790786743886
b7dbb7,41,1790786743886
e75d71,60,1790871343886
eedde0,31,1790785843886
cb6a4b,55,1790871343886
f1fc9d,56,1790785843886
224c4f,56,1790785843886
05f9b6,55,1790785843886
ceb115,38,1790785843886
54d522,53,1790785843886
db01ec,42,1790785843886
216f33,44,1790871343886
47ab73,29,1790785843886
b4cb2b,48,1790786743886
9b3d76,40,1790786743886
060081,38,1790785843886
401c09,30,1790786743886
4a4b93,29,1790871343886
b3b06d,17,1790871343886
302f3d,18,1790786743886
67acee,53,1790785843886
f3d608,25,1790785843886
91cb6b,33,1790786743886
c9bd2b,49,1790786743886
ff5c3e,33,1790786743886
d1b176,23,1790871343886
373b89,50,1790786743886
680e90,33,1790786743886
f27f0a,17,1790785843886
490570,24,1790786743886
80a548,42,1790785843886
51b9a8,58,1790785843886
81ebbe,49,1790786743886
93b7c3,35,1790785843886
810b30,39,1790871343886
231f63,16,1790785843886
83c292,21,1790785843886
dc4273,57,1790871343886
d78833,22,1790871343886
33e906,46,1790786743886
1bd9e7,29,1790785843886
6fccb2,23,1790786743886
d7c211,28,1790786743886
1261de,19,1790871343886
f96b86,18,1790785843886
e45126,25,1790871343886
89b734,38,1790871343886
daf318,40,1790871343886
ec7011,16,1790786743886
a6243c,28,1790786743886
24c2b6,33,1790785843886
f64d0e,40,1790786743886
042581,29,1790871343886
a5bf66,24,1790785843886
9f52cf,32,1790785843886
647fdc,37,1790785843886
855390,20,1790871343886
fe4a6a,47,1790786743886
015924,22,1790871343886
bb9af4,44,1790871343886
87e37a,24,1790785843886
997243,44,1790871343886
4a0d33,16,1790871343886
326cec,20,1790786743886
13f108,16,1790871343886
9b4188,34,1790785843886
f2d656,40,1790871343886
6d3511,15,1790786743886
44dc67,39,1790785843886
0fd024,47,1790785843886
317aad,16,1790871343886
d35f18,51,1790871343886
85f20d,51,1790785843886
75a12e,21,1790871343886
e003c2,56,1790786743886
a935d3,36,1790871343886
e9796b,60,1790786743886
d6bab8,45,1790785843886
e7266d,49,1790786743886
f67481,45,1790786743886
6aaf94,27,1790785843886
9c8b08,24,1790871343886
5458c5,49,1790785843886
2a0f3f,45,1790786743886
bf60ab,33,1790786743886
68345f,59,1790785843886
0c5292,44,1790871343886
24cd5a,48,1790871343886
bafcf9,51,1790786743886
5cb463,43,1790871343886
f032b3,50,1790786743886
88edcc,25,1790871343886
1f98bd,57,1790871343886
7a488c,33,1790786743886
e1770a,36,1790871343886
367848,37,1790871343886
9cff17,38,1790785843886
598078,40,1790786743886
4e3ad9,48,1790785843886
f2feb8,57,1790786743886
a8bb87,36,1790786743886
b52d4e,51,1790871343886
d0957d,27,1790871343886
f13c7c,16,1790785843886
f525f7,59,1790785843886
27d220,37,1790871343886
2bec4b,15,1790785843886
953e3e,54,1790785843886
71c9a4,39,1790871343886
1ace57,28,1790871343886
a24978,44,1790786743886
c7191d,20,1790871343886
1f5805,52,1790786743886
dc8286,42,1790785843886
4ace10,46,1790785843886
29285e,23,1790785843886
34ea50,36,1790785843886
3bff15,35,1790871343886
28b3a6,45,1790785843886
482384,49,1790871343886
b1ef3a,44,1790786743886
7337c5,40,1790786743886
593d81,23,1790785843886
b4ace4,38,1790785843886
01ddfb,46,1790786743886
b4e1c3,41,1790786743886
98f656,50,1790786743886
24d132,56,1790871343886
9a07b2,34,1790785843886
2bead4,15,1790785843886
640159,20,1790785843886
97c7c9,29,1790871343886
c10a91,41,1790786743886
34f4bb,32,1790786743886
cdf6a0,56,1790871343886
bcdf06,47,1790786743886
a16d7b,46,1790871343886
de7b41,35,1790871343886
c8d800,21,1790785843886
04acfd,30,1790785843886
bd7a2b,33,1790786743886
95ca46,21,1790786743886
b45496,25,1790786743886
d01399,45,1790871343886
c43e57,52,1790786743886
ac760b,18,1790785843886
1a12a4,25,1790785843886
75a518,51,1790871343886
8c4cab,24,1790786743886
ec8fbe,37,1790785843886
96d979,42,1790871343886
fc6e72,51,1790871343886
24ab7d,34,1790785843886
d7adb7,59,1790785843886
6897b9,52,1790871343886
8b7142,26,1790871343886
04147c,51,1790785843886
ac498b,43,1790871343886
4a462b,45,1790786743886
431918,57,1790785843886
9d7e04,16,1790785843886
5a9bc5,30,1790786743886
a9f7fe,20,1790785843886
896736,24,1790786743886
8d3c98,53,1790785843886
505b19,21,1790786743886
43983c,52,1790871343886
f9d6a5,36,1790871343886
616ed5,16,1790785843886
dc5b41,26,1790786743886
4dc6e5,18,1790785843886
b2e4db,53,1790785843886
ddc24e,59,1790786743886
e328b2,21,1790785843886
f8706b,39,1790786743886
743ca7,20,1790785843886
57b9ac,57,1790871343886
a685e1,58,1790871343886
b4b31f,60,1790871343886
c07709,29,1790871343886
848994,28,1790871343886
ef8d77,45,1790785843886
c2d617,39,1790871343886
3ccde3,60,1790785843886
204c24,55,1790871343886
01ed65,20,1790786743886
c57811,23,1790785843886
709706,59,1790785843886
adf7b0,38,1790871343886
81340b,55,1790785843886
adfaf1,48,1790785843886
996443,22,1790786743886
e25f4c,41,1790786743886
65b6de,39,1790786743886
566745,48,1790785843886
10df76,55,1790785843886
c38467,54,1790871343886
bcec5b,52,1790785843886
c597d9,57,1790871343886
6261c5,49,1790786743886
7da5e2,45,1790786743886
dfe874,17,1790785843886
a0cd07,27,1790871343886
b7324b,15,1790786743886
cba2ce,37,1790786743886
bb2f67,56,1790871343886
f855b6,45,1790871343886
9c66d6,28,1790785843886
71ddb4,18,1790786743886
d66990,37,1790786743886
00cb24,41,1790786743886
ff0c58,51,1790871343886
8eacae,25,1790785843886
5abe2b,51,1790786743886
0201fc,38,1790785843886
f2cd47,23,1790785843886
427286,27,1790786743886
9dacb4,58,1790871343886
a97205,20,1790871343886
74eed7,19,1790786743886
39e88a,34,1790786743886
12bd46,34,1790871343886
72d367,22,1790786743886
7256ef,50,1790871343886
147ca7,15,1790785843886
d1266b,15,1790786743886
6885ea,27,1790785843886
962dd4,42,1790871343886
e13abb,53,1790785843886
569020,49,1790871343886
01f06f,60,1790786743886
3e80e6,52,1790785843886
eeb425,30,1790785843886
ddaf7b,19,1790785843886
051034,38,1790786743886
3f0708,36,1790871343886
525d95,46,1790871343886
92df0f,44,1790871343886
77092d,37,1790871343886
01b6a4,45,1790785843886
9d20fa,21,1790786743886
edf772,31,1790785843886
fac1eb,37,1790785843886
059e88,28,1790786743886
5f6dc0,34,1790785843886
02836d,19,1790785843886
b23a21,26,1790871343886
747590,44,1790871343886
2e6720,15,1790785843886
9c710b,43,1790785843886
468d34,40,1790871343886
b5b6ac,37,1790871343886
41d31c,58,1790785843886
d704a7,23,1790871343886
34bdef,44,1790785843886
0604c0,55,1790786743886
4dcfbe,59,1790786743886
547237,52,1790871343886
454077,27,1790786743886
225f30,47,1790785843886
96c76f,32,1790786743886
56e7fa,55,1790871343886
d6cea9,51,1790786743886
c267f7,15,1790785843886
2e6706,24,1790786743886
09485c,22,1790871343886
85e47d,53,1790785843886
119508,21,1790786743886
7ba6b4,25,1790786743886
6c8825,57,1790786743886
78f7b4,36,1790871343886
d60d87,41,1790871343886
1396b9,38,1790871343886
5d3025,45,1790871343886
a40379,35,1790871343886
efed8d,29,1790871343886
6f958c,56,1790786743886
f6b193,27,1790786743886
246017,47,1790871343886
d2c721,56,1790785843886
c0524b,18,1790785843886
a92c9f,47,1790871343886
b1baa3,40,1790785843886
79caba,43,1790786743886
48d652,50,1790785843886
997259,58,1790871343886
310131,38,1790871343886
4aae2d,30,1790786743886
1cc628,16,1790871343886
b83e2f,45,1790785843886
9a0c23,34,1790785843886
52591f,29,1790786743886
d77328,57,1790871343886
0b4e7a,42,1790786743886
dc6034,23,1790786743886
1f025e,22,1790785843886
d3fda3,19,1790786743886
4fcbba,28,1790786743886
9d0879,33,1790871343886
6c6169,56,1790786743886
bfc14d,26,1790871343886
ac7674,22,1790786743886
f0ecfc,52,1790785843886
75d1fb,43,1790785843886
374318,19,1790786743886
13bbe7,24,1790871343886
351516,25,1790786743886
536ae6,59,1790785843886
288972,32,1790785843886
c4277b,43,1790786743886
361e3a,32,1790786743886
929237,27,1790871343886
64662d,41,1790871343886
8a82e5,17,1790785843886
0479a9,34,1790871343886
8ad681,28,1790871343886
26ac0f,51,1790871343886
be26f8,42,1790871343886
c53c42,17,1790786743886
059c77,19,1790871343886
06245f,47,1790871343886
4cfff7,47,1790871343886
d8973c,29,1790786743886
cbea27,57,1790871343886
2fb0b8,39,1790871343886
7ec9bc,24,1790871343886
c794ac,37,1790785843886
8bd53d,30,1790871343886
dc6901,22,1790871343886
a33121,20,1790786743886
f8714d,19,1790871343886
13ee49,30,1790786743886
5e4c29,51,1790786743886
3374c5,57,1790871343886
16914b,42,1790786743886
78ffed,20,1790785843886
7805bb,26,1790871343886
02dfd8,52,1790785843886
e1a16f,44,1790786743886
d36a62,31,1790785843886
ad9c7a,53,1790871343886
57cfab,60,1790785843886
e91731,32,1790785843886
9d3362,54,1790785843886
53e0bc,52,1790871343886
1bb885,51,1790871343886
2931b3,33,1790785843886
ff9027,58,1790871343886
d67dd6,25,1790871343886
eaafe7,54,1790871343886
b21b53,54,1790786743886
3dab00,21,1790785843886
8b91cc,57,1790871343886
24109f,19,1790871343886
846013,37,1790786743886
6ee974,17,1790786743886
87077c,38,1790785843886
68f349,32,1790786743886
1b7b2e,28,1790871343886
5d6aa4,49,1790786743886
b5c92b,35,1790871343886
65396f,26,1790786743886
17ec38,29,1790785843886
158c5b,52,1790785843886
6fac44,17,1790786743886
48fad2,34,1790785843886
3ebeef,38,1790786743886
bbde07,41,1790871343886
df5c21,60,1790871343886
b16a51,44,1790871343886
0aaa12,53,1790786743886
7770eb,51,1790871343886
dd4b2a,22,1790785843886
c4ba07,58,1790785843886
11a94b,35,1790871343886
6b5e5a,18,1790786743886
c63971,37,1790786743886
e623b9,57,1790871343886
9cc88f,55,1790871343886
154b00,35,1790785843886
aac648,20,1790786743886
d1cbee,41,1790871343886
720e25,30,1790785843886
222110,48,1790785843886
8b28f1,43,1790786743886
99f814,22,1790785843886
f67fb5,47,1790871343886
792ca9,37,1790871343886
ea5cdb,48,1790871343886
3ad0cc,39,1790785843886
7e3e75,52,1790785843886
da467b,59,1790786743886
642e3d,48,1790786743886
92e366,15,1790786743886
615a45,60,1790785843886
c4cc2a,47,1790871343886
f44e50,52,1790785843886
ae69c4,56,1790786743886
94bfbb,15,1790871343886
bb33ea,18,1790785843886
b5bdc5,33,1790871343886
eeeb43,49,1790785843886
da3ba3,43,1790785843886
517d75,33,1790785843886
e3d73f,41,1790785843886
a524d6,46,1790786743886
957f41,31,1790871343886
d68ec2,57,1790871343886
92ccfd,28,1790786743886
ed1cdd,54,1790786743886
5ff364,30,1790871343886
08a669,50,1790871343886
6a05d2,59,1790871343886
d71bcf,51,1790785843886
d17114,29,1790871343886
b2ab83,22,1790871343886
7a5be1,26,1790871343886
2cd53a,54,1790871343886
68e4af,57,1790785843886
f28173,29,1790785843886
677b4e,41,1790871343886
2f783d,37,1790871343886
21f6ce,41,1790786743886
787fcc,32,1790871343886
7661e8,38,1790786743886
0fb1d0,20,1790786743886
8ba77e,43,1790871343886
086c15,23,1790786743886
5ad210,26,1790786743886
0c932a,55,1790785843886
a9e5f1,32,1790786743886
25c6a0,59,1790871343886
d5a7a3,26,1790785843886
852859,58,1790785843886
0c1ad8,15,1790871343886
f7cfd7,50,1790786743886
6feeb4,28,1790871343886
be24e3,25,1790871343886
f75e0c,40,1790785843886
ed807f,15,1790786743886
eea5ef,46,1790871343886
5258a8,20,1790785843886
9af5d9,35,1790871343886
b84057,33,1790785843886
552445,34,1790786743886
9d8582,16,1790785843886
1d68fb,29,1790871343886
fdbeed,22,1790786743886
0fbb87,25,1790786743886
d12fae,30,1790785843886
2d7e70,23,1790871343886
e59096,31,1790785843886
541d56,29,1790785843886
dad4a6,39,1790871343886
b8ce44,38,1790871343886
b4feea,36,1790871343886
b677a9,27,1790785843886
aa61fc,48,1790785843886
6d3b79,34,1790871343886
65dffe,16,1790785843886
1f9b30,31,1790785843886
fda982,44,1790786743886
5ccae9,47,1790786743886
aa8b2a,51,1790785843886
a8c76c,57,1790871343886
7d38e6,33,1790871343886
71d495,53,1790786743886
c7ec4f,49,1790786743886
05c214,25,1790786743886
1e407f,50,1790786743886
57351e,28,1790785843886
e7532f,36,1790785843886
aec0af,35,1790871343886
0a5d3f,52,1790786743886
bb5481,41,1790785843886
0d5819,43,1790786743886
bb4184,41,1790786743886
4a53ea,22,1790785843886
bc48fa,22,1790871343886
52e158,33,1790785843886
379731,54,1790871343886
3ada97,55,1790786743886
6843ba,54,1790785843886
96a6f6,53,1790786743886
3aecf8,39,1790871343886
c5de75,23,1790785843886
59379f,54,1790786743886
82f8db,17,1790785843886
4291ca,26,1790785843886
29506c,57,1790786743886
4cd985,37,1790785843886
969d76,16,1790786743886
b26670,23,1790786743886
02c835,56,1790785843886
c42592,50,1790786743886
a87926,15,1790785843886
228f24,24,1790785843886
5f8766,34,1790786743886
d212cd,25,1790785843886
fc12f4,29,1790785843886
2b4a98,30,1790786743886
7b5165,37,1790785843886
ab1818,49,1790785843886
bc55c8,16,1790785843886
a7ac97,16,1790871343886
ce8739,25,1790785843886
4e9de1,18,1790786743886
dac7c4,45,1790785843886
efd7f0,27,1790871343886
2abd2a,20,1790786743886
a9bd98,27,1790786743886
9e7b39,26,1790871343886
9e44cc,25,1790785843886
add781,39,1790871343886
d71305,34,1790871343886
b6fb5f,56,1790786743886
1f2a88,16,1790871343886
bf49fc,29,1790785843886
437d89,21,1790871343886
795eaf,19,1790786743886
e5cc99,51,1790871343886
aa0b3a,52,1790785843886
e86ca7,30,1790871343886
4a3aee,17,1790785843886
254f5d,41,1790871343886
f8ab5e,24,1790871343886
89d981,50,1790871343886
62a8a7,25,1790871343886
72ba21,34,1790871343886
e84341,51,1790785843886
5c23ab,45,1790785843886
65e06b,39,1790785843886
47f942,44,1790785843886
48ae61,22,1790871343886
2593d1,23,1790785843886
201dcf,45,1790871343886
c73a26,17,1790871343886
3a9336,21,1790786743886
3dc493,37,1790786743886
fc2cb2,29,1790786743886
04b674,41,1790785843886
1b775e,32,1790785843886
fbf22a,15,1790785843886
484ef2,16,1790786743886
180dc1,39,1790785843886
5c8b76,33,1790871343886
0c8811,26,1790786743886
b777b8,59,1790786743886
fff458,38,1790786743886
cd0067,36,1790786743886
a58ff3,22,1790785843886
91d39a,60,1790871343886
3387d7,53,1790871343886
dd88bf,41,1790785843886
53eed1,17,1790785843886
3c1ff8,26,1790785843886
3656cd,38,1790785843886
24dddc,20,1790785843886
8d7480,24,1790785843886
588fea,16,1790785843886
71d2cd,49,1790786743886
ecea45,41,1790871343886
8b5ac2,45,1790871343886
fe7a0f,22,1790786743886
583f92,40,1790786743886
5d1e72,57,1790871343886
c49f51,55,1790785843886
15398c,22,1790871343886
14711c,58,1790785843886
550d38,47,1790785843886
d4eb89,37,1790871343886
d6b6e0,48,1790871343886
4a6a75,54,1790785843886
48ed93,28,1790786743886
3d9a12,32,1790785843886
961f94,60,1790871343886
92b8d7,48,1790785843886
b226d1,54,1790785843886
c2044b,41,1790786743886
4edfa9,15,1790786743886
333a33,20,1790871343886
1b82d3,33,1790786743886
3afe77,54,1790786743886
799fcc,56,1790871343886
e85568,19,1790871343886
a65dc5,24,1790785843886
199189,47,1790785843886
1f2610,47,1790871343886
84b4b0,26,1790785843886
f1fe7c,42,1790871343886
5690cc,36,1790871343886
efde1c,35,1790871343886
ae1039,40,1790871343886
61539a,26,1790871343886
412842,38,1790786743886
eecfbd,19,1790786743886
335a82,57,1790786743886
9eab98,34,1790785843886
e8d684,19,1790785843886
7f3d6c,25,1790785843886
c64200,27,1790786743886
d5fb89,49,1790786743886
25c510,26,1790786743886
10b13c,51,1790785843886
852f9e,41,1790871343886
e509ee,16,1790786743886
6e0518,22,1790871343886
4ae28a,40,1790786743886
c71a02,20,1790785843886
f9fccd,45,1790785843886
00bb84,27,1790785843886
7e5e7a,20,1790786743886
c0ed82,43,1790786743886
001c78,30,1790871343886
0625ec,24,1790785843886
2c666f,31,1790871343886
a731a1,48,1790786743886
61c63b,26,1790786743886
5f1461,51,1790785843886
dbba56,34,1790786743886
9e4450,23,1790871343886
7c354e,39,1790871343886
be79cc,55,1790785843886
7b2427,35,1790871343886
231a71,17,1790871343886
a3559d,17,1790871343886
967a0b,42,1790871343886
f6117e,58,1790871343886
b293aa,21,1790786743886
3d9ecd,56,1790785843886
f002c9,56,1790785843886
b8679e,27,1790785843886
6551cc,17,1790785843886
c226af,54,1790786743886
e9218f,25,1790786743886
7dd34a,46,1790871343886
f2d2ec,59,1790786743886
4083e8,49,1790871343886
bfe571,51,1790871343886
5005bb,21,1790871343886
898edf,46,1790786743886
561e04,46,1790785843886
8b24ec,32,1790786743886
961650,22,1790785843886
ad34c4,19,1790786743886
8b9547,21,1790785843886
5c2130,55,1790871343886
73c771,43,1790786743886
96e67e,53,1790871343886
dd470d,23,1790785843886
a54a22,57,1790871343886
e3ce54,19,1790785843886
9c297a,54,1790871343886
72b8ae,20,1790871343886
8046b7,51,1790785843886
728ea2,19,1790786743886
2de861,37,1790786743886
2953ff,40,1790785843886
6ae9d0,30,1790786743886
752273,48,1790786743886
795dbb,55,1790871343886
6f6997,33,1790786743886
de7f5a,31,1790786743886
5220f6,37,1790785843886
5d66c2,41,1790871343886
948d59,44,1790786743886
6c6bf8,42,1790785843886
d0fef9,27,1790871343886
055ca8,23,1790871343886
753c88,15,1790871343886
5c5084,41,1790786743886
da59b5,41,1790871343886
8f57a7,46,1790786743886
ac1503,58,1790871343886
88ac34,42,1790785843886
841c1e,36,1790786743886
223cd6,43,1790786743886
00f214,48,1790871343886
ca8aef,37,1790785843886
ddb6c3,44,1790786743886
9c8c16,21,1790786743886
a1b405,44,1790785843886
beeff6,55,1790871343886
9cc824,53,1790785843886
44d166,35,1790785843886
4cf8e9,31,1790871343886
44bc66,28,1790785843886
c91d23,59,1790786743886
f1c1d4,32,1790871343886
13be8b,50,1790871343886
56a797,58,1790785843886
85a632,52,1790785843886
61a669,39,1790785843886
207217,27,1790786743886
99d900,34,1790785843886
c1644f,43,1790871343886
ac7403,57,1790871343886
00524a,15,1790785843886
961044,56,1790786743886
a7655b,15,1790785843886
53b57b,20,1790871343886
6c2231,49,1790785843886
45c7d2,31,1790785843886
63e68d,15,1790785843886
1511a1,21,1790871343886
5aac6d,58,1790785843886
ac5d57,45,1790786743886
bc2741,52,1790871343886
95536f,35,1790871343886
b5206e,45,1790786743886
a173c2,52,1790786743886
587a21,51,1790871343886
f1ce9a,57,1790785843886
5accf7,33,1790786743886
ab8162,23,1790871343886
68bab8,40,1790785843886
00d717,38,1790785843886
ea359b,21,1790871343886
89420a,51,1790786743886
a16eba,24,1790785843886
f51d32,56,1790786743886
20bf3f,46,1790871343886
2230ac,23,1790786743886
9e76e5,51,1790786743886
877f54,46,1790785843886
2427ac,46,1790785843886
c0dfcd,39,1790786743886
d724aa,52,1790786743886
d42b69,47,1790871343886
20246e,39,1790786743886
b8bc64,17,1790871343886
b2ad1a,60,1790786743886
2f4523,59,1790871343886
0decdf,50,1790785843886
ce2084,19,1790786743886
dfd207,53,1790785843886
afade1,19,1790871343886
9306da,56,1790786743886
2e787c,37,1790871343886
7e6e8d,55,1790785843886
9692ef,27,1790871343886
a19c00,19,1790785843886
e46f3e,38,1790785843886
87ab50,20,1790871343886
d90f2d,53,1790785843886
113808,32,1790871343886
28c982,57,1790871343886
99c36b,18,1790871343886
01932c,33,1790785843886
27c39f,40,1790871343886
da81f5,38,1790871343886
111320,42,1790871343886
d99a63,30,1790871343886
f21645,31,1790785843886
38e64d,24,1790785843886
a71482,16,1790785843886
ec54ea,57,1790786743886
56f719,34,1790871343886
64f867,38,1790786743886
b8d48a,16,1790871343886
a5dd7e,15,1790871343886
8b9aea,25,1790785843886
5083ec,38,1790786743886
3fc571,33,1790786743886
3cc249,38,1790786743886
0a24f7,29,1790785843886
64cac0,22,1790871343886
eaf38a,16,1790785843886
5369e6,25,1790786743886
a4ebf1,27,1790871343886
ad8d5a,18,1790871343886
b8e338,20,1790786743886
18f631,42,1790871343886
ee8ff7,19,1790785843886
2c9ba2,17,1790871343886
f93f1b,28,1790786743886
895846,48,1790871343886
ee5619,56,1790785843886
7e5292,30,1790785843886
a7aecf,43,1790871343886
8ebee8,48,1790785843886
fdff3e,33,1790871343886
8ad423,17,1790871343886
87d0c5,41,1790871343886
e25b96,28,1790785843886
1d91d7,31,1790786743886
2ac157,26,1790786743886
634209,26,1790785843886
a005f4,25,1790785843886
af40fe,37,1790786743886
b49e21,33,1790871343886
79a663,24,1790871343886
3cc779,52,1790871343886
d7becc,48,1790785843886
8a5320,54,1790786743886
956423,15,1790785843886
b99064,18,1790871343886
e670d6,36,1790785843886
e7e181,52,1790871343886
7ef66a,41,1790785843886
94cb51,15,1790786743886
c6e918,49,1790871343886
58888d,30,1790871343886
d0702b,18,1790871343886
97404f,33,1790785843886
4cfef2,15,1790785843886
81a7f8,42,1790871343886
d4d34b,51,1790786743886
525f9c,22,1790786743886
db2707,48,1790785843886
f6aa20,20,1790871343886
3d4d07,23,1790786743886
6233cc,41,1790786743886
3a3f94,30,1790786743886
23f299,45,1790786743886
f429d0,43,1790785843886
c76db1,55,1790871343886
660ad7,47,1790786743886
366784,41,1790871343886
6dd53c,54,1790785843886
d331d3,40,1790785843886
8309fb,27,1790786743886
e1c4f3,21,1790786743886
5bb7e2,26,1790786743886
691b36,51,1790786743886
6c24ea,17,1790786743886
09a105,44,1790785843886
f67a3f,36,1790785843886
34a36b,55,1790786743886
046066,42,1790871343886
6e32fd,33,1790785843886
1d2b31,58,1790785843886
a6398d,43,1790786743886
16abb4,46,1790871343886
ed9802,53,1790785843886
ef6b2f,48,1790786743886
7b5276,49,1790786743886
a8fe0b,26,1790785843886
51c77d,18,1790786743886
5e4167,36,1790785843886
7928cf,21,1790871343886
207677,41,1790786743886
329979,22,1790786743886
9e50e4,58,1790785843886
0c4288,38,1790785843886
a67c30,55,1790786743886
c10a97,25,1790786743886
9fe0d7,35,1790785843886
35c506,44,1790786743886
3f640d,55,1790786743886
5f8f69,24,1790871343886
622c45,42,1790785843886
3e1c09,24,1790786743886
df3498,24,1790785843886
ce5f37,20,1790786743886
6c4814,53,1790785843886
8b6b23,19,1790871343886
420eca,22,1790785843886
0127fd,18,1790786743886
bc74fc,52,1790871343886
94c4b2,26,1790785843886
bdf7be,29,1790871343886
37a002,59,1790871343886
fcf8cf,23,1790785843886
787dc9,51,1790871343886
bd3954,54,1790871343886
c3fe5c,44,1790786743886
a6bba2,48,1790871343886
3fc25c,33,1790785843886
30dfb0,31,1790871343886
aa4f56,52,1790786743886
bb5fd9,38,1790785843886
f224f8,59,1790785843886
08a318,47,1790785843886
8eace7,45,1790871343886
a9c098,45,1790785843886
a4b3b0,52,1790871343886
3b400f,46,1790871343886
c3521e,45,1790785843886
c44586,52,1790785843886
1ead46,36,1790785843886
c01fb7,44,1790871343886
7c2ba1,33,1790785843886
e60578,27,1790786743886
e32385,47,1790786743886
270127,56,1790871343886
fec229,27,1790786743886
e94db4,52,1790785843886
55bb21,59,1790871343886
c47faf,54,1790785843886
a154c4,52,1790785843886
708a7a,41,1790871343886
ee976b,25,1790786743886
811187,47,1790785843886
990705,39,1790871343886
cf2adb,17,1790785843886
dfbf1a,43,1790785843886
cb5536,54,1790786743886
b6ed39,42,1790785843886
e39a6b,47,1790786743886
b49c97,27,1790871343886
62571f,35,1790785843886
df9f0e,56,1790871343886
440dfd,18,1790871343886
b5ca67,40,1790785843886
536036,16,1790871343886
4d6164,54,1790785843886
bf3596,28,1790871343886
36a419,33,1790871343886
352c0b,49,1790785843886
497d4c,54,1790871343886
392e53,44,1790786743886
86aa0d,41,1790786743886
6bef4b,42,1790871343886
8cb5f6,28,1790871343886
bb9285,31,1790786743886
6699df,31,1790871343886
e28e24,53,1790785843886
14e340,45,1790871343886
21a72f,45,1790785843886
fee630,53,1790785843886
a667c7,46,1790786743886
1f8fe7,49,1790785843886
8fed4c,31,1790785843886
e6f2bb,27,1790871343886
374522,18,1790871343886
9d92b6,24,1790786743886
f97975,26,1790786743886
16f88c,46,1790786743886
039c86,16,1790785843886
669a6c,24,1790785843886
6506d8,42,1790785843886
e31a26,17,1790785843886
9f415c,57,1790871343886
32fbf1,40,1790786743886
b40b07,60,1790786743886
bc9974,46,1790785843886
099d00,24,1790785843886
b110ad,24,1790871343886
554046,29,1790786743886
cae292,31,1790871343886
ab0b8c,40,1790785843886
85fffe,57,1790785843886
e715a5,19,1790871343886
0f8f23,60,1790785843886
db2dad,24,1790871343886
ee3845,56,1790786743886
171ec7,44,1790785843886
ca6b4d,32,1790871343886
6e2983,41,1790871343886
1c32eb,50,1790785843886
53f54b,20,1790786743886
2c8ca1,38,1790786743886
ab92cd,31,1790786743886
64e74f,43,1790785843886
f8a780,58,1790785843886
66b61b,59,1790871343886
48c7a6,41,1790786743886
3c97b5,35,1790786743886
5d26e4,23,1790871343886
7aa841,51,1790786743886
6d64a9,34,1790786743886
dbbe22,52,1790871343886
c12f79,50,1790871343886
05bf46,15,1790785843886
14ebb3,55,1790786743886
42993b,45,1790785843886
25eaba,54,1790871343886
1f1e18,26,1790785843886
703eec,53,1790786743886
025633,47,1790785843886
ade95a,51,1790785843886
843a8e,46,1790785843886
c13f05,39,1790786743886
8c1800,32,1790786743886
e04446,24,1790871343886
bfef63,58,1790871343886
216820,33,1790871343886
525dd4,29,1790785843886
2317d4,16,1790785843886
6ca900,19,1790786743886
306256,38,1790786743886
6bcfe5,32,1790786743886
07edaf,59,1790871343886
aa8a7d,22,1790871343886
775e3c,15,1790785843886
da5964,15,1790785843886
223fb8,34,1790871343886
01c58e,17,1790785843886
bfa3ff,32,1790871343886
e7f268,48,1790785843886
b4775e,40,1790786743886
9d7cc1,50,1790785843886
6fa4e3,52,1790786743886
13d9cb,36,1790786743886
4dd044,46,1790871343886
1f4f82,32,1790871343886
79f76b,43,1790871343886
7b0c9b,34,1790785843886
8bca9b,59,1790786743886
bf8452,21,1790785843886
8b314c,19,1790786743886
a5d665,47,1790871343886
6e588f,21,1790785843886
776928,32,1790785843886
75776b,49,1790871343886
15ab32,18,1790785843886
e55f24,44,1790786743886
031d5a,21,1790785843886
97523d,51,1790786743886
3768f6,50,1790871343886
7881ab,20,1790871343886
56a6b2,16,1790871343886
1d90b4,40,1790786743886
fd661d,25,1790786743886
d01267,22,1790871343886
cb10c3,24,1790785843886
012ed4,60,1790786743886
a8ece1,50,1790786743886
adeaf7,42,1790871343886
fa4ba4,36,1790871343886
89d451,52,1790871343886
496d04,58,1790871343886
74f800,44,1790871343886
7a2ac1,22,1790871343886
93a27b,52,1790871343886
cb0b4d,24,1790785843886
637561,46,1790871343886
e9eb4f,46,1790785843886
b23fde,27,1790785843886
d1f7b7,17,1790786743886
faa1ab,53,1790871343886
33abfd,34,1790785843886
fbff2c,31,1790871343886
aa1966,39,1790786743886
cf560f,21,1790786743886
47df70,48,1790871343886
fe2343,44,1790871343886
12e5fb,49,1790871343886
da5d22,60,1790786743886
b1bec5,25,1790785843886
32cf91,20,1790785843886
95cee0,39,1790786743886
e0ac02,17,1790871343886
455b01,50,1790871343886
fc3044,55,1790786743886
43c2f8,37,1790871343886
96d82c,28,1790786743886
bd1af3,48,1790785843886
1d6a48,49,1790871343886
632b8b,29,1790785843886
78f5f2,38,1790786743886
836cbf,18,1790785843886
afa7f8,47,1790786743886
ac4041,54,1790871343886
0c1d8d,26,1790786743886
c82733,17,1790785843886
0d5eed,44,1790786743886
6ed41c,58,1790786743886
437440,20,1790785843886
d13d98,30,1790785843886
66ef1c,33,1790785843886
774268,18,1790871343886
e310bb,29,1790785843886
fd4625,60,1790785843886
445c74,60,1790785843886
e4b1cc,50,1790871343886
260d32,37,1790785843886
b4b427,60,1790785843886
cde7a2,16,1790785843886
1df0a2,28,1790785843886
7ea648,51,1790871343886
9e28c9,33,1790786743886
a3b8bd,35,1790871343886
06c70d,33,1790786743886
7b1d6f,45,1790785843886
0a5d14,35,1790785843886
ec7859,35,1790785843886
ea2c75,37,1790786743886
f4d883,53,1790785843886
430c09,38,1790871343886
73a580,52,1790785843886
40564f,44,1790785843886
88318e,40,1790871343886
753e86,50,1790786743886
7228ed,48,1790871343886
de0ea6,32,1790871343886
234af0,55,1790871343886
361d91,28,1790785843886
44c223,19,1790785843886
84926a,31,1790785843886
597819,23,1790871343886
fd3591,25,1790871343886
c61a02,52,1790785843886
9b5d87,54,1790785843886
dace80,27,1790786743886
cff2d7,60,1790785843886
5526b0,38,1790786743886
a4bba9,48,1790871343886
d247e6,55,1790785843886
105a80,58,1790786743886
ef473f,20,1790785843886
c9c4c8,15,1790871343886
f42b8e,41,1790785843886
f1fb76,57,1790785843886
d9328e,22,1790871343886
acecb4,42,1790786743886
fe0b8e,49,1790786743886
e9f956,50,1790871343886
be1bf7,36,1790785843886
17bd8a,27,1790871343886
755937,39,1790785843886
b8328c,35,1790785843886
5a6ed6,35,1790786743886
d6e4af,34,1790871343886
e364a7,23,1790871343886
9c33c1,35,1790871343886
015574,56,1790871343886
427bbf,21,1790785843886
37e0a7,28,1790871343886
ef731f,54,1790871343886
7b78fe,52,1790871343886
ba4321,50,1790871343886
6327b9,42,1790785843886
f3ad93,57,1790785843886
ed471f,44,1790785843886
6071bc,59,1790785843886
e48f12,23,1790871343886
468d4a,22,1790786743886
9dd979,35,1790871343886
4e377c,55,1790871343886
ee1b51,44,1790786743886
8ca42b,15,1790786743886
33b4d5,34,1790785843886
9ab04c,36,1790871343886
7828a5,60,1790786743886
7224dc,27,1790871343886
14bf91,16,1790786743886
9853a4,18,1790785843886
2f69cc,40,1790785843886
bd66bd,39,1790871343886
9c7846,55,1790786743886
e34754,59,1790871343886
041164,16,1790786743886
9a9e66,49,1790786743886
0ced9f,36,1790785843886
55b182,51,1790786743886
67074a,15,1790786743886
49803b,23,1790786743886
9a2495,60,1790871343886
8cd8b5,17,1790785843886
ea46be,43,1790786743886
caa521,18,1790785843886
c61dea,47,1790871343886
35b168,40,1790871343886
54168d,48,1790871343886
b5cc6d,42,1790871343886
484d03,21,1790786743886
d3a727,35,1790785843886
d1def1,39,1790786743886
5461cd,32,1790786743886
bc2d26,30,1790785843886
95d88b,35,1790871343886
fe5de9,41,1790785843886
c3995e,55,1790786743886
ff2159,18,1790786743886
76f237,32,1790871343886
d1e3ed,34,1790786743886
59c9c6,59,1790871343886
c1a3b1,21,1790785843886
8cc9a0,32,1790786743886
5aa490,25,1790785843886
7f914e,31,1790785843886
9f2e39,58,1790785843886
ae71c8,39,1790786743886
8fb873,29,1790786743886
e2d903,40,1790786743886
b3a8de,25,1790871343886
ffd144,30,1790786743886
55f031,49,1790785843886
2b4f32,55,1790871343886
a0f4ba,58,1790786743886
3d03eb,56,1790785843886
56abfe,44,1790871343886
d1cb5f,35,1790785843886
cbec9d,21,1790786743886
994b4a,23,1790871343886
781735,22,1790785843886
6a695c,32,1790871343886
599249,18,1790871343886
04d2e8,56,1790785843886
e68c9d,31,1790871343886
beb588,34,1790871343886
6c81f0,56,1790785843886
f046ff,15,1790786743886
16b8a3,45,1790785843886
45b9ed,18,1790785843886
e7421d,17,1790786743886
ff9dbb,55,1790785843886
553d0f,35,1790785843886
3bc1d7,15,1790785843886
20797c,20,1790871343886
d46b0e,16,1790786743886
3cc375,29,1790785843886
0fac30,42,1790785843886
9eef70,57,1790786743886
68d6c6,32,1790785843886
5d14da,43,1790786743886
2a484b,26,1790871343886
49c499,45,1790786743886
96dae0,27,1790785843886
1827f7,27,1790871343886
937bcb,22,1790786743886
9ea979,55,1790871343886
2edd56,49,1790871343886
ddf3c1,27,1790786743886
e9c0e3,49,1790785843886
49a007,53,1790785843886
408459,32,1790871343886
0ed21e,44,1790871343886
2bf22e,23,1790786743886
70ccfb,36,1790871343886
b6c074,32,1790871343886
335b19,51,1790871343886
6537fe,46,1790786743886
403457,16,1790785843886
fdaa13,44,1790786743886
b876fa,35,1790785843886
3175af,53,1790785843886
3de84c,44,1790785843886
a2a87b,29,1790786743886
80c329,36,1790786743886
b88888,59,1790786743886
5b9bc6,53,1790785843886
300e3a,58,1790785843886
7fc17a,59,1790785843886
cd74b3,54,1790785843886
a65330,37,1790786743886
f9969e,54,1790785843886
d439a1,27,1790871343886
990a60,27,1790871343886
ef54ce,26,1790786743886
8025d9,42,1790785843886
9112ef,50,1790786743886
babd30,60,1790786743886
4427d8,47,1790871343886
aaf6d4,17,1790786743886
327e71,46,1790785843886
e04fd4,32,1790785843886
8aff53,54,1790785843886
39962c,58,1790786743886
629c24,40,1790786743886
01bf83,25,1790785843886
7b3c67,16,1790871343886
d3e650,29,1790785843886
95963d,52,1790786743886
c926b1,29,1790871343886
618044,53,1790871343886
884c2a,27,1790786743886
d37e93,49,1790785843886
a58bd1,44,1790786743886
2bd215,18,1790785843886
a32838,33,1790871343886
9e2f0e,46,1790786743886
ed5c3a,24,1790786743886
8faa4a,36,1790871343886
c5aece,23,1790786743886
1e7f7e,15,1790785843886
b79f9a,22,1790785843886
414f33,54,1790871343886
1b9cdc,50,1790785843886
ebc1d1,59,1790786743886
33ad62,26,1790871343886
a070f2,45,1790785843886
eb136e,17,1790786743886
9c8479,58,1790871343886
8ede68,25,1790871343886
503e74,35,1790871343886
aaa594,21,1790786743886
dc46b0,17,1790785843886
3a8561,15,1790871343886
8694c9,43,1790871343886
dc6005,30,1790871343886
d722f2,30,1790871343886
ce3480,23,1790785843886
6250df,52,1790785843886
8986c3,55,1790871343886
f1a61b,27,1790786743886
3847ad,23,1790785843886
ad126b,51,1790785843886
b1bce6,15,1790785843886
f408cb,58,1790786743886
dc91b3,56,1790786743886
7f9f5b,38,1790785843886
c29b22,22,1790871343886
060105,42,1790786743886
b86269,49,1790785843886
d7d9da,27,1790871343886
0f4f65,55,1790871343886
4707a5,23,1790871343886
b376be,48,1790785843886
d7adaa,50,1790785843886
536886,15,1790786743886
6ccf48,48,1790871343886
18d82f,47,1790785843886
328992,52,1790871343886
2098f0,59,1790786743886
4e87cb,51,1790786743886
1080e7,56,1790786743886
5ea6b0,57,1790871343886
e78d62,51,1790786743886
7589ea,26,1790871343886
29e3d7,46,1790786743886
9beb3d,56,1790785843886
a0fc04,46,1790785843886
d08025,23,1790786743886
e74e65,30,1790785843886
553d7a,47,1790785843886
8952f3,48,1790786743886
c6f784,45,1790871343886
d999ea,32,1790871343886
f62cf3,42,1790786743886
692c64,43,1790871343886
b36afc,47,1790871343886
e35f3f,49,1790785843886
f8154f,38,1790871343886
ccaaee,52,1790871343886
98b763,40,1790786743886
84906e,40,1790786743886
d42e56,38,1790786743886
ef68ad,52,1790785843886
aa79b4,35,1790871343886
633f22,38,1790871343886
3d41cd,28,1790786743886
f99547,28,1790786743886
11f385,48,1790785843886
91bddb,15,1790786743886
8f5a20,47,1790786743886
4fd3e7,42,1790871343886
006de1,20,1790785843886
e48b00,40,1790785843886
3b44c1,20,1790871343886
a51515,17,1790871343886
35063a,31,1790786743886
85693f,28,1790871343886
126c50,19,1790871343886
833da5,36,1790785843886
2f0f35,37,1790871343886
5ef601,30,1790785843886
a8911e,28,1790786743886
2f7076,38,1790871343886
27b051,27,1790785843886
ceb05e,35,1790786743886
345c25,38,1790785843886
92a457,21,1790786743886
670297,27,1790871343886
13f054,25,1790785843886
b41e8a,37,1790785843886
b74331,19,1790785843886
5dcd82,22,1790871343886
bf89da,35,1790786743886
2c92f8,48,1790786743886
6f5cb2,53,1790785843886
aa4143,46,1790871343886
d91ebc,21,1790786743886
50d3ce,46,1790785843886
05b5ec,60,1790786743886
590575,51,1790871343886
29b557,44,1790871343886
94eeba,27,1790786743886
1dbbd4,31,1790785843886
385229,59,1790871343886
107656,40,1790786743886
9233ad,23,1790786743886
ae46cb,56,1790785843886
23cb76,24,1790786743886
00a843,59,1790871343886
04c13a,35,1790785843886
77de50,49,1790786743886
429076,28,1790871343886
08b99b,37,1790871343886
c25872,32,1790871343886
4d05e9,25,1790785843886
ade074,28,1790871343886
11c355,33,1790785843886
52f19e,55,1790785843886
7938ab,18,1790871343886
1a9426,34,1790785843886
47fdad,35,1790871343886
e8c0fd,43,1790785843886
85b584,36,1790871343886
20b9f1,51,1790871343886
98003c,57,1790871343886
57841e,36,1790871343886
de0f2d,55,1790871343886
6e0bf7,41,1790871343886
c0eb48,22,1790871343886
89a9d4,32,1790786743886
687b05,18,1790871343886
05aebc,42,1790871343886
21ed39,56,1790785843886
142801,34,1790785843886
ea6524,33,1790871343886
4f838e,28,1790786743886
b881ec,53,1790871343886
efca90,27,1790786743886
eb1a64,42,1790785843886
4ffefe,27,1790785843886
f8a4d7,58,1790786743886
db8f7c,16,1790786743886
cb2395,44,1790786743886
940cf9,24,1790785843886
45e672,21,1790785843886
1aa984,33,1790786743886
1e5b47,33,1790786743886
5d480a,56,1790786743886
99b37b,33,1790785843886
398d0d,27,1790871343886
dde25a,37,1790786743886
949671,17,1790871343886
e6f133,37,1790871343886
4b690a,25,1790786743886
1b4ec6,41,1790785843886
f1e639,53,1790786743886
f7ed28,25,1790786743886
e713b9,42,1790871343886
c4021e,16,1790785843886
53cba4,53,1790786743886
c6b281,54,1790871343886
10ff5c,53,1790786743886
e77d0b,32,1790785843886
e139de,31,1790786743886
4ef7f0,36,1790871343886
64ed40,16,1790871343886
8b987f,45,1790786743886
75cb6c,44,1790786743886
5caf82,40,1790871343886
b2661d,19,1790786743886
9d4db1,40,1790785843886
324331,43,1790871343886
3dbd2e,36,1790871343886
cdd248,40,1790785843886
9f5b74,40,1790785843886
e1a295,15,1790871343886
bc3d75,44,1790785843886
a4ec90,57,1790786743886
716bfc,33,1790871343886
5b20b0,20,1790786743886
6c7b58,24,1790785843886
514ebc,20,1790785843886
82fc86,48,1790785843886
6539dc,41,1790786743886
262e45,51,1790871343886
b0903e,42,1790871343886
914c81,47,1790786743886
546b7e,17,1790786743886
ac33d5,17,1790871343886
6dc90e,45,1790871343886
f8c6d4,36,1790786743886
796506,49,1790871343886
cdc312,49,1790786743886
1bd14c,59,1790786743886
7471bb,17,1790785843886
e0c577,57,1790786743886
4f80e5,15,1790871343886
2ae04a,41,1790871343886
8907a6,17,1790871343886
89d648,49,1790871343886
77f9af,50,1790871343886
4e24e2,50,1790871343886
802583,34,1790786743886
463f35,39,1790785843886
1c4fb0,59,1790785843886
f73996,22,1790786743886
46ea90,55,1790786743886
dd28f5,41,1790785843886
c600d2,58,1790785843886
0e1215,24,1790786743886
b8da38,57,1790786743886
6fd5b4,53,1790785843886
4d3b39,36,1790871343886
52cb84,50,1790785843886
16a695,57,1790786743886
781a3b,20,1790871343886
8885e1,57,1790871343886
51e964,44,1790786743886
c2e961,26,1790871343886
7bdb3b,34,1790786743886
b03741,56,1790785843886
d1ceb7,40,1790871343886
3467ff,37,1790785843886
5228cb,39,1790785843886
ec4b9b,22,1790785843886
df255f,47,1790871343886
68f396,57,1790786743886
e7c453,40,1790871343886
9157ec,59,1790871343886
41c953,21,1790871343886
e7f10b,19,1790871343886
7fff7e,36,1790871343886
4bc88d,55,1790871343886
b7bd5e,39,1790786743886
211752,47,1790786743886
2d0f90,39,1790871343886
3c1ad4,51,1790871343886
1f531e,54,1790785843886
a940ad,44,1790871343886
f37519,21,1790871343886
66f6a1,57,1790786743886
2cc83a,29,1790871343886
5d1a53,38,1790871343886
978291,33,1790871343886
42a0d5,45,1790871343886
852ba7,41,1790786743886
28d692,47,1790871343886
88b480,16,1790871343886
b887e1,34,1790785843886
4fc37b,58,1790871343886
2b7d08,35,1790785843886
6745c3,37,1790786743886
94ac0f,44,1790871343886
23bae4,52,1790871343886
87f02f,51,1790786743886
45dc3d,39,1790785843886
992872,55,1790871343886
816b40,15,1790786743886
489d7b,34,1790871343886
917ab1,44,1790871343886
835caf,27,1790871343886
6420f8,23,1790785843886
7ec43c,60,1790786743886
a7ef9d,58,1790785843886
4cd6bb,32,1790786743886
a8a1e4,32,1790785843886
7c22cc,29,1790785843886
02a30e,51,1790785843886
36c596,36,1790871343886
f7545c,60,1790785843886
f36fd4,34,1790785843886
fff241,54,1790871343886
b231db,43,1790871343886
c5dad0,48,1790871343886
1ef756,31,1790786743886
42b8c6,53,1790871343886
dc4c1c,54,1790785843886
f55045,30,1790871343886
1ce598,24,1790785843886
74a116,26,1790786743886
24f3b4,38,1790871343886
ae5ba1,39,1790786743886
8259e4,20,1790786743886
eef803,23,1790786743886
c9b362,57,1790785843886
982a28,20,1790785843886
4d5ea8,52,1790871343886
dd6637,50,1790786743886
2fb452,33,1790786743886
54c342,34,1790786743886
6bc3c7,31,1790786743886
80f355,34,1790871343886
9f2878,28,1790786743886
c9c197,33,1790871343886
996fc7,28,1790871343886
6d3329,60,1790785843886
990070,56,1790786743886
03979a,35,1790871343886
657b1b,18,1790785843886
acd5d3,29,1790871343886
12c826,55,1790785843886
2a34d4,31,1790785843886
e8e515,25,1790785843886
fee660,32,1790785843886
25cbde,60,1790785843886
55a1d6,32,1790785843886
59b4f1,55,1790786743886
dcf555,20,1790785843886
b84e2a,55,1790785843886
8ec74c,59,1790786743886
986e9f,50,1790786743886
80c508,37,1790786743886
119b89,57,1790785843886
ba5e54,32,1790785843886
ee7c1f,19,1790785843886
59f760,49,1790786743886
17dfa3,41,1790785843886
2734d5,31,1790785843886
c5c923,24,1790785843886
4554c1,57,1790786743886
f6b61f,30,1790786743886
6fbf05,26,1790871343886
9957e8,41,1790785843886
b5f4ae,58,1790785843886
c4ecb6,31,1790785843886
b8c08f,48,1790785843886
b47662,51,1790871343886
e72013,19,1790786743886
62d9d4,24,1790871343886
c02029,42,1790871343886
54d5ab,34,1790786743886
87464f,29,1790786743886
521259,43,1790786743886
154f2f,37,1790785843886
6a3b94,39,1790786743886
5e31b8,35,1790786743886
61ff9f,41,1790871343886
b202c3,56,1790785843886
2bfe23,36,1790785843886
9b23a1,36,1790786743886
47c510,19,1790786743886
26b70f,50,1790786743886
4ad8fa,37,1790786743886
19a3b2,29,1790785843886
3ec05c,43,1790785843886
b3715e,43,1790785843886
a71d6e,33,1790871343886
125326,33,1790786743886
d835a5,53,1790871343886
8df614,22,1790871343886
efbf3e,17,1790786743886
8fdc26,27,1790871343886
7ae7f0,54,1790786743886
5bf201,26,1790786743886
b658f3,59,1790871343886
aec7b6,18,1790785843886
3e9efe,16,1790785843886
e05f97,58,1790786743886
e05223,30,1790871343886
30313a,20,1790871343886
9829a9,16,1790785843886
2e50a1,29,1790786743886
c810d2,18,1790785843886
4f7cac,23,1790785843886
f07565,19,1790785843886
46060b,29,1790871343886
5aaff4,37,1790786743886
4b5504,28,1790785843886
28bb40,17,1790786743886
cda439,28,1790786743886
37d8e8,36,1790786743886
f5b7a9,45,1790871343886
a4b374,19,1790871343886
ecaa06,32,1790786743886
a9bebd,55,1790786743886
ab34e5,33,1790871343886
bbcf54,35,1790785843886
5c7d75,52,1790786743886
c84261,31,1790786743886
f83c5a,48,1790786743886
32ee13,27,1790871343886
1facf0,23,1790786743886
92bfac,27,1790786743886
de4570,44,1790785843886
5de37f,43,1790871343886
efd3b5,53,1790785843886
391e72,45,1790786743886
50e1db,30,1790786743886
a1fdcf,37,1790785843886
c32e78,31,1790785843886
854b69,52,1790785843886
d96538,54,1790871343886
87220b,38,1790871343886
f21bbb,18,1790786743886
95c35b,43,1790871343886
0829be,31,1790871343886
b5ea13,43,1790871343886
56e317,15,1790785843886
f38abd,24,1790786743886
28b45f,18,1790785843886
439f54,50,1790786743886
0d276b,35,1790785843886
197376,38,1790871343886
263526,49,1790786743886
e23573,42,1790785843886
39cdb1,30,1790786743886
7b0f94,42,1790871343886
de5794,51,1790785843886
050209,42,1790785843886
dfc3f8,51,1790785843886
d80909,60,1790871343886
252c51,15,1790786743886
b0c5ab,25,1790786743886
62d380,18,1790871343886
d11c77,31,1790871343886
cffc1f,36,1790871343886
123d9a,48,1790786743886
33b614,16,1790786743886
0aebfe,22,1790871343886
cdfd1f,33,1790871343886
27a9b6,39,1790785843886
15808b,23,1790871343886
250569,47,1790785843886
ff6b32,51,1790785843886
9b70fb,33,1790871343886
6c1ae1,20,1790785843886
845ab1,60,1790785843886
df0f44,36,1790785843886
bc11ae,59,1790871343886
0894f6,27,1790785843886
e43b22,36,1790786743886
d8c69e,59,1790871343886
32c8ad,41,1790786743886
734232,20,1790786743886
dfb65e,53,1790786743886
ffe70c,28,1790786743886
5ea93d,19,1790786743886
68cdbc,56,1790785843886
1a5470,54,1790785843886
b28ddc,41,1790871343886
14c868,15,1790785843886
69b653,52,1790786743886
2cd12e,50,1790786743886
be3b56,60,1790871343886
b12180,57,1790786743886
64505c,37,1790786743886
7456f9,60,1790786743886
e3571f,17,1790785843886
a46806,33,1790871343886
18a0b6,39,1790871343886
2ffffa,47,1790786743886
55ab96,24,1790785843886
3b8f79,47,1790871343886
1c4985,53,1790785843886
5c4b48,30,1790786743886
1d2a7d,50,1790786743886
74277f,45,1790785843886
576294,53,1790785843886
bdffca,53,1790871343886
c7f466,49,1790871343886
0aa50c,32,1790786743886
fefb43,19,1790786743886
27e639,49,1790785843886
4a5aab,37,1790785843886
71af76,20,1790871343886
942eb2,55,1790871343886
365a26,50,1790871343886
d0ed0e,21,1790785843886
78321d,44,1790871343886
410d0a,31,1790871343886
bcd6b3,20,1790871343886
48a684,54,1790785843886
d84c59,46,1790785843886
60f9ce,17,1790785843886
959a0c,58,1790871343886
207835,56,1790785843886
1e773f,45,1790786743886
0a0e17,53,1790786743886
f2fd12,36,1790785843886
909377,32,1790871343886
b1fa7b,26,1790785843886
6e2669,33,1790785843886
b968a9,35,1790785843886
bbb6ee,20,1790786743886
c669f0,44,1790785843886
634c92,53,1790871343886
9a393f,59,1790786743886
b2cbf9,46,1790785843886
1f4cca,24,1790871343886
60b985,49,1790785843886
d4db86,44,1790871343886
793b95,29,1790871343886
e0cf59,20,1790871343886
187545,19,1790785843886
fd4fef,51,1790871343886
b1c74e,34,1790871343886
dbab41,57,1790785843886
d2e8bf,37,1790785843886
d1dd1b,18,1790785843886
65acf3,23,1790785843886
84d0d7,46,1790871343886
37fb91,23,1790786743886
c4d3b1,50,1790871343886
1c2e92,44,1790785843886
7cd3c6,49,1790786743886
30350c,40,1790786743886
70d535,27,1790786743886
4c187c,54,1790785843886
745e44,54,1790786743886
47f767,42,1790871343886
457577,46,1790785843886
31feee,57,1790785843886
5c15bc,28,1790871343886
cfbc73,36,1790871343886
ee5d68,46,1790786743886
d3b33a,25,1790785843886
762a4d,25,1790785843886
e30fdd,25,1790785843886
0f61f1,38,1790785843886
283de4,57,1790871343886
847abf,48,1790786743886
e20af0,29,1790871343886
aee9f6,44,1790786743886
f2f652,19,1790871343886
1d8a29,16,1790871343886
ef5315,30,1790786743886
2cc5f5,17,1790785843886
676c02,36,1790786743886
a6ac40,33,1790786743886
47e77e,26,1790785843886
0297ec,41,1790871343886
237e59,15,1790871343886
271fdd,46,1790785843886
2516d5,52,1790786743886
5c50f0,39,1790786743886
9fce91,60,1790785843886
792b60,15,1790871343886
de7914,54,1790786743886
867da9,35,1790786743886
03db54,49,1790785843886
65ac0f,46,1790871343886
3c9c62,48,1790786743886
166848,42,1790871343886
018cf7,40,1790786743886
ebdec8,21,1790871343886
a03689,26,1790786743886
71d930,30,1790786743886
3251cc,39,1790785843886
8556ed,39,1790785843886
b374c4,42,1790786743886
72e3a7,33,1790785843886
8aa649,20,1790871343886
ccecb4,59,1790871343886
72c220,15,1790785843886
279346,52,1790785843886
fba81c,38,1790785843886
5f1e76,27,1790785843886
aa688e,28,1790785843886
bf16cb,41,1790871343886
7e456a,22,1790871343886
1ed13f,24,1790786743886
aa1cb1,17,1790786743886
4e65dc,28,1790785843886
f08458,20,1790786743886
bee691,31,1790871343886
c78ef8,16,1790785843886
53b05e,59,1790785843886
f36d02,43,1790785843886
26540f,16,1790785843886
b7a05d,53,1790871343886
603c5d,37,1790786743886
752ce1,57,1790786743886
aafd8f,24,1790785843886
b33806,41,1790785843886
a9cc8b,52,1790871343886
bbc763,56,1790786743886
aea460,46,1790871343886
1a34df,52,1790871343886
522878,19,1790785843886
2536f9,39,1790785843886
241a53,56,1790785843886
36841a,33,1790786743886
11a5dc,24,1790786743886
7211a8,26,1790871343886
b3e057,19,1790871343886
4cb8d0,27,1790871343886
9de63e,16,1790785843886
d4dd19,27,1790785843886
228157,43,1790786743886
8ec52b,50,1790786743886
93a27a,22,1790785843886
253d65,26,1790786743886
37e111,24,1790785843886
5b9d61,30,1790785843886
6b393b,53,1790786743886
f4c38e,21,1790871343886
6c5385,15,1790785843886
b1d604,52,1790785843886
e809e5,23,1790786743886
441138,18,1790871343886
6fd2f0,20,1790871343886
b5aa7a,50,1790786743886
543a8f,32,1790786743886
9ae925,37,1790871343886
8b7dc4,25,1790786743886
601074,43,1790786743886
ea8913,55,1790786743886
e4dd59,59,1790785843886
15a9e5,16,1790785843886
3c7869,49,1790785843886
820ba5,20,1790785843886
f2e72c,21,1790785843886
9c2f32,30,1790785843886
02fcb2,56,1790785843886
e42646,40,1790786743886
822a9e,46,1790786743886
78990d,33,1790786743886
6598be,60,1790785843886
9ad92d,28,1790786743886
9b8a4d,53,1790871343886
41e2fd,40,1790786743886
d301e8,49,1790786743886
e4fc78,25,1790786743886
68a39d,24,1790871343886
b12bde,32,1790786743886
775391,50,1790871343886
a9eb0e,41,1790871343886
24f06c,50,1790785843886
ad2268,42,1790871343886
75ceed,59,1790786743886
d7223e,60,1790786743886
fb93d9,31,1790785843886
43bc0c,39,1790786743886
6bc5d8,53,1790871343886
69d98b,41,1790785843886
23054b,18,1790871343886
830a66,18,1790785843886
0e72fc,37,1790871343886
aca0ea,29,1790786743886
1d0f34,19,1790786743886
af6b8a,15,1790786743886
0dee12,36,1790786743886
db8ee4,58,1790871343886
372dda,45,1790871343886
de9f94,41,1790871343886
963dee,50,1790871343886
f24d3f,33,1790786743886
08d363,24,1790786743886
962c40,28,1790871343886
b6ea5a,33,1790786743886
d56b33,40,1790785843886
7d394f,42,1790785843886
17a9d9,25,1790786743886
f56f50,43,1790871343886
95b8e0,17,1790871343886
4f8474,58,1790786743886
82719b,25,1790785843886
628983,35,1790785843886
a0ecaf,19,1790871343886
3d5930,27,1790871343886
58c705,54,1790786743886
1b1766,58,1790785843886
61bdbf,16,1790786743886
a6ecd1,50,1790785843886
98ed99,25,1790871343886
ebbde0,45,1790871343886
068f07,20,1790871343886
849b53,60,1790871343886
efe3a2,37,1790871343886
c550e9,41,1790785843886
4a68ed,19,1790786743886
b07988,27,1790786743886
6f59e8,24,1790785843886
123b11,24,1790871343886
27925f,28,1790785843886
33907b,46,1790786743886
24efd3,56,1790871343886
da088e,34,1790785843886
20c6bc,36,1790786743886
50be00,55,1790871343886
019b31,19,1790785843886
a0ddee,32,1790785843886
14f839,28,1790871343886
e899e8,58,1790785843886
06e042,22,1790871343886
44ad81,49,1790786743886
a54e39,53,1790871343886
ef2d0d,40,1790786743886
553729,19,1790786743886
e3d02a,30,1790871343886
326609,22,1790871343886
f135e2,27,1790786743886
82a683,20,1790786743886
4059f6,19,1790871343886
00d61e,36,1790786743886
e6391a,45,1790785843886
bbe3cd,18,1790785843886
c3138b,43,1790871343886
5b6886,27,1790785843886
8a2f93,30,1790786743886
ede459,58,1790785843886
03dac4,44,1790786743886
385f0b,18,1790871343886
0f46c6,42,1790785843886
01a9e5,21,1790785843886
09a625,24,1790871343886
c9c716,26,1790785843886
44dbc9,40,1790785843886
db1b37,36,1790785843886
468478,58,1790785843886
2f9c94,21,1790786743886
0d42ab,29,1790786743886
1ee670,26,1790785843886
39b4a3,46,1790785843886
11ee5a,44,1790785843886
9d9b4e,33,1790785843886
d3276f,15,1790871343886
e167eb,54,1790786743886
954d5b,41,1790785843886
a9256a,46,1790786743886
4bd871,40,1790786743886
2ea3fd,52,1790871343886
3e04bd,27,1790786743886
8e769b,30,1790871343886
159ec0,19,1790786743886
dc0265,28,1790786743886
396c75,37,1790785843886
e9808b,20,1790786743886
e289e2,45,1790786743886
e93a51,15,1790871343886
ba51e4,59,1790786743886
8fcbd8,43,1790871343886
4c175d,36,1790871343886
7b98aa,40,1790871343886
413a42,25,1790871343886
f8a01d,50,1790786743886
2d0e5e,25,1790786743886
7c9c91,24,1790785843886
356dd0,20,1790785843886
77736f,52,1790785843886
bbfd68,31,1790871343886
366c14,17,1790785843886
b42913,56,1790786743886
8a4225,59,1790786743886
f49415,36,1790785843886
6c767b,15,1790786743886
cbeb50,36,1790785843886
be6bfa,51,1790785843886
5afde7,23,1790871343886
b13de3,38,1790785843886
2c05af,17,1790785843886
51d967,26,1790786743886
438cc3,20,1790871343886
d7fcab,39,1790785843886
fd92bb,54,1790871343886
abca27,26,1790785843886
afc0ab,47,1790786743886
7a99a1,57,1790785843886
9bce94,29,1790871343886
1052ef,46,1790786743886
6828ea,36,1790786743886
278586,45,1790786743886
c3ccc9,18,1790786743886
29648c,30,1790785843886
650a54,48,1790871343886
0c9347,34,1790871343886
55cd39,34,1790871343886
95cacc,60,1790785843886
779301,41,1790785843886
897b7f,48,1790871343886
38b5ca,30,1790785843886
7af23c,34,1790786743886
59a65a,23,1790785843886
e54ead,53,1790786743886
91295f,29,1790785843886
512592,40,1790786743886
a6b687,50,1790871343886
b05496,33,1790871343886
04d60e,42,1790785843886
ddafae,25,1790786743886
b160f4,36,1790871343886
bbe419,58,1790786743886
8640df,21,1790785843886
ecb25f,46,1790786743886
32d9b2,28,1790786743886
624e6a,49,1790786743886
ecb15e,16,1790785843886
d51de4,39,1790871343886
48f2eb,23,1790786743886
c43e76,25,1790785843886
38d627,21,1790786743886
9586ae,56,1790785843886
3ce992,49,1790785843886
cbb042,54,1790785843886
a03985,47,1790871343886
74a7ed,43,1790786743886
314b0d,42,1790871343886
ec4494,32,1790786743886
4da6be,15,1790786743886
bf818b,43,1790871343886
275916,35,1790785843886
cd3547,42,1790871343886
92bd8f,35,1790785843886
438206,56,1790786743886
94f9c6,24,1790785843886
a2b7fb,59,1790785843886
19af7e,40,1790785843886
7ff58a,40,1790786743886
430f6f,15,1790786743886
0f237e,32,1790785843886
9ca6bd,55,1790871343886
1e2beb,54,1790786743886
a12958,43,1790871343886
c4feb8,38,1790786743886
fdd370,57,1790871343886
4c1607,50,1790785843886
bfec4c,41,1790785843886
4293a5,42,1790785843886
fb38d5,23,1790786743886
460e54,34,1790786743886
014d3b,34,1790785843886
7f90b2,59,1790785843886
76b81b,31,1790786743886
200f25,22,1790785843886
c7bd9f,34,1790871343886
26215d,53,1790785843886
b694b6,56,1790871343886
246924,28,1790785843886
fc77e0,40,1790786743886
264643,44,1790871343886
fa7210,49,1790786743886
8bc2c5,26,1790871343886
0134db,46,1790871343886
2cf776,15,1790871343886
1f7c7d,31,1790871343886
bdf7c5,22,1790785843886
45df36,29,1790871343886
005af5,54,1790786743886
07347f,37,1790786743886
0220e6,30,1790871343886
4a1280,52,1790871343886
541594,38,1790785843886
b8bfd2,33,1790871343886
a6dbb7,30,1790785843886
afbf38,59,1790786743886
737fa7,42,1790785843886
584d30,21,1790785843886
141d1c,37,1790785843886
f741e2,17,1790786743886
10e101,33,1790871343886
f1c39e,15,1790871343886
ad602a,43,1790786743886
4c037b,53,1790871343886
5e8845,51,1790785843886
a5e630,25,1790786743886
eb29d0,41,1790785843886
a4abcc,57,1790785843886
ae564c,38,1790785843886
30790c,46,1790785843886
58e886,36,1790871343886
cca046,51,1790786743886
d4fdd3,22,1790786743886
1b413c,25,1790871343886
19502d,43,1790871343886
835a47,35,1790785843886
d5f074,42,1790871343886
86aaa7,44,1790786743886
38f2a0,34,1790785843886
feda6b,35,1790871343886
af47a6,27,1790786743886
9b5938,28,1790871343886
87ba13,26,1790785843886
4effd4,31,1790786743886
b2090c,31,1790871343886
ee7083,54,1790786743886
ad15a9,48,1790785843886
8e170a,51,1790871343886
780a00,23,1790786743886
46f960,31,1790785843886
73e8a0,19,1790785843886
903434,32,1790871343886
74d9f7,60,1790871343886
247a5a,36,1790871343886
e46592,37,1790871343886
a44091,39,1790786743886
5fecfd,52,1790785843886
a2968a,36,1790786743886
99645a,30,1790785843886
a80a44,15,1790871343886
d2b197,55,1790786743886
5f5896,51,1790786743886
e576de,17,1790785843886
20f811,41,1790871343886
606b8d,21,1790871343886
19c65a,25,1790785843886
cab37c,38,1790871343886
44a66d,31,1790785843886
767134,57,1790785843886
404925,16,1790786743886
acc9d9,49,1790785843886
f11bb8,50,1790785843886
e12296,49,1790786743886
38fa37,26,1790785843886
974ff0,60,1790786743886
49f207,28,1790871343886
043af5,39,1790786743886
e308c2,45,1790785843886
eb4d0d,53,1790785843886
078c19,28,1790786743886
11508a,22,1790871343886
6f528e,52,1790785843886
35a7eb,25,1790785843886
7e847a,57,1790786743886
9bda08,49,1790785843886
675f60,49,1790786743886
d6190d,18,1790786743886
4c6cae,33,1790785843886
fd9ccc,34,1790785843886
65c471,40,1790786743886
c8cab7,34,1790871343886
0eb963,41,1790786743886
059e4f,25,1790786743886
0ef5fc,40,1790871343886
da1a4c,21,1790871343886
3f8465,28,1790785843886
ed983d,49,1790871343886
73dc23,16,1790786743886
371213,34,1790785843886
9f5b03,27,1790871343886
12abb8,22,1790871343886
ea9fd9,35,1790785843886
ced254,36,1790871343886
3689ec,50,1790786743886
b9d914,47,1790871343886
7d024a,26,1790871343886
7875bc,28,1790786743886
b3955d,30,1790785843886
cfd0b3,42,1790785843886
54e156,32,1790786743886
266495,21,1790786743886
28af2e,15,1790785843886
7d3411,39,1790785843886
2f80cb,25,1790871343886
85cde8,56,1790785843886
4b5732,31,1790785843886
dc6178,43,1790785843886
c30b09,32,1790785843886
85e1ff,46,1790871343886
36b96d,45,1790871343886
0f1ec4,55,1790786743886
18dc24,32,1790786743886
9ca847,32,1790785843886
31f9ae,24,1790786743886
eeae9a,21,1790786743886
bc6736,32,1790785843886
d26013,23,1790786743886
b65371,19,1790785843886
97eb03,22,1790785843886
82a6cc,31,1790786743886
1d599d,32,1790785843886
0e1937,37,1790871343886
8eb702,43,1790785843886
397069,41,1790786743886
e22f4d,24,1790871343886
35c31b,28,1790786743886
1f67cb,54,1790786743886
6cf1c6,31,1790786743886
6d9853,15,1790786743886
3b7cc4,44,1790871343886
ff2f57,25,1790871343886
ec0280,51,1790871343886
a9f44a,16,1790871343886
8757a4,54,1790871343886
115594,15,1790785843886
63bd4f,20,1790871343886
dec8e0,51,1790785843886
a5c6fb,56,1790785843886
e3cbcb,25,1790786743886
4b7e53,43,1790785843886
62dd09,43,1790785843886
42791f,31,1790871343886
2dc489,43,1790785843886
b530ca,38,1790871343886
8bd258,20,1790786743886
a025c6,50,1790785843886
6a008b,20,1790786743886
a343a8,31,1790785843886
7de866,58,1790785843886
dd1bbd,38,1790785843886
12949c,49,1790786743886
4fd4fd,42,1790871343886
4cb9e6,37,1790785843886
edc4b0,21,1790785843886
bdd411,55,1790786743886
562bb2,25,1790785843886
fc665c,33,1790786743886
648f21,16,1790871343886
3ae21f,49,1790871343886
af579e,50,1790785843886
e6652f,49,1790786743886
ee993b,18,1790785843886
2b471c,27,1790785843886
35d184,17,1790786743886
649de1,15,1790785843886
323f2b,29,1790871343886
a3feb3,32,1790785843886
29d8ce,47,1790786743886
361cda,44,1790786743886
eeabd9,24,1790871343886
484f37,54,1790786743886
fbd367,29,1790785843886
5666b8,16,1790785843886
a3a4b7,22,1790871343886
ceae9c,45,1790785843886
a3ce91,45,1790785843886
094401,46,1790871343886
3c2cc3,43,1790871343886
140d21,31,1790786743886
d06581,37,1790871343886
7418c9,23,1790871343886
5795ca,46,1790871343886
6cd28a,37,1790785843886
3efbe4,43,1790871343886
b2d6a0,25,1790871343886
06ad56,25,1790785843886
df2f79,21,1790786743886
4f4d3d,25,1790871343886
ee1171,45,1790871343886
05116d,35,1790786743886
07571c,50,1790785843886
c89ae3,57,1790786743886
9478b7,29,1790785843886
274e98,58,1790871343886
8503f9,23,1790871343886
08de37,51,1790786743886
ac199a,22,1790785843886
bd5fdc,51,1790785843886
1da7c3,51,1790785843886
2ee9cd,34,1790785843886
2805a7,46,1790786743886
057826,53,1790786743886
45b7f3,16,1790786743886
2d4ca9,28,1790871343886
008f68,35,1790785843886
63594b,45,1790785843886
b342c2,24,1790785843886
386e8c,56,1790785843886
a6b1b6,42,1790871343886
339ac0,38,1790871343886
893520,44,1790786743886
f640f5,44,1790785843886
6ea3d5,51,1790786743886
f425b2,39,1790786743886
8919d6,37,1790786743886
105f79,21,1790785843886
b4febf,50,1790871343886
000a8e,41,1790871343886
b51aea,42,1790786743886
396d52,56,1790786743886
7836e3,44,1790786743886
31b21a,32,1790785843886
1f7495,46,1790786743886
5fecd3,55,1790785843886
87794d,20,1790786743886
226f32,18,1790871343886
c53d3e,25,1790871343886
5a5e63,46,1790785843886
d7e622,60,1790785843886
d0ad00,30,1790785843886
db94ac,29,1790871343886
e9d7f7,38,1790871343886
24b352,51,1790786743886
b77783,35,1790871343886
d78a53,25,1790785843886
a31ebb,43,1790785843886
763d6d,33,1790785843886
d2f448,57,1790871343886
f6a071,25,1790785843886
592612,47,1790786743886
c0640a,26,1790786743886
48b357,26,1790785843886
29e18b,37,1790786743886
97453c,41,1790786743886
aba62b,46,1790785843886
6daba2,38,1790871343886
74f1b1,44,1790786743886
49e72b,47,1790785843886
e5261f,33,1790871343886
6937bd,42,1790785843886
4e45c4,34,1790785843886
d859cf,59,1790871343886
95b3ab,52,1790786743886
d23f99,22,1790785843886
630da9,57,1790871343886
7000bb,30,1790871343886
b85a15,31,1790785843886
fb398e,60,1790786743886
b5c847,42,1790785843886
617b57,51,1790871343886
c98c4d,21,1790871343886
e32737,44,1790871343886
78a7e7,40,1790785843886
a17d4b,47,1790786743886
0d7efc,28,1790785843886
ba3a91,30,1790786743886
7cdd99,30,1790786743886
e47497,30,1790871343886
abbde2,15,1790871343886
2fe8b8,56,1790786743886
f2e1c9,16,1790871343886
02a3ba,42,1790785843886
e1ed7d,51,1790786743886
fbd42b,49,1790871343886
8b4130,41,1790786743886
fa77ac,55,1790871343886
a4dd73,51,1790786743886
315fd1,19,1790786743886
4ef392,27,1790785843886
5c981f,36,1790871343886
895108,30,1790871343886
34af95,23,1790786743886
c73ed3,58,1790871343886
823df5,51,1790786743886
b6864c,47,1790786743886
145b4f,44,1790871343886
fb947b,24,1790786743886
b6b350,32,1790785843886
775929,30,1790786743886
faa7fd,50,1790786743886
8fbd87,47,1790785843886
840bf6,49,1790786743886
ac76a8,27,1790871343886
3fd826,60,1790785843886
137844,25,1790871343886
314950,18,1790786743886
35218b,26,1790871343886
560554,40,1790871343886
2fcb44,29,1790785843886
a2f52a,24,1790871343886
c9b63a,25,1790871343886
149a44,46,1790786743886
20f01e,25,1790785843886
ab9683,48,1790785843886
9f737b,40,1790785843886
15dcdf,29,1790786743886
ef99b3,39,1790871343886
ecc0e4,32,1790785843886
55b3fc,32,1790871343886
5d325e,18,1790786743886
8b9cca,52,1790871343886
abbdd2,28,1790786743886
a7b942,43,1790786743886
9f6792,40,1790786743886
117565,50,1790786743886
c0d444,58,1790871343886
c8d897,20,1790871343886
707f29,48,1790786743886
a5f343,15,1790785843886
53bb31,47,1790871343886
d45a75,48,1790786743886
7ec909,34,1790786743886
6a5dd6,57,1790786743886
3c5df5,30,1790786743886
2c777b,17,1790871343886
e62a1c,44,1790871343886
9b55ed,36,1790785843886
679b32,35,1790871343886
a9a826,16,1790871343886
812058,28,1790785843886
99e330,57,1790786743886
93a2ab,54,1790871343886
cdf14e,20,1790871343886
144771,27,1790785843886
b15389,22,1790785843886
040232,42,1790785843886
c9c806,19,1790871343886
efa510,27,1790785843886
584524,58,1790785843886
1cb3ec,26,1790785843886
74d90c,39,1790871343886
9feca5,59,1790785843886
03ad3e,38,1790871343886
6e83ff,20,1790785843886
37b517,46,1790786743886
90da10,58,1790786743886
79ef29,43,1790871343886
2995df,59,1790786743886
19b7b2,60,1790785843886
6f8a08,59,1790786743886
e82248,59,1790786743886
ea874f,37,1790785843886
bbcec0,39,1790786743886
5d9cef,42,1790786743886
fa18aa,34,1790871343886
4f875a,32,1790785843886
279881,37,1790785843886
4f2dd4,40,1790786743886
e2e234,39,1790786743886
9c1cc6,56,1790786743886
c950b7,49,1790871343886
99a14d,60,1790786743886
7c621a,58,1790871343886
cfd6b3,27,1790785843886
4ce9b6,57,1790785843886
01d167,40,1790786743886
c711ae,26,1790785843886
7e06fe,26,1790871343886
f6b002,35,1790871343886
491866,45,1790786743886
9aa5f2,28,1790871343886
3223a9,56,1790786743886
6bc582,53,1790871343886
7e82bd,26,1790786743886
ec7dc1,51,1790786743886
5476b6,47,1790786743886
1b876c,42,1790786743886
f5f3c3,41,1790785843886
f261f3,39,1790786743886
d69c7e,45,1790786743886
0a9782,39,1790786743886
d7d68d,54,1790786743886
2c9a2c,18,1790786743886
77abb2,54,1790785843886
60819b,32,1790871343886
769cf5,34,1790786743886
66618e,24,1790786743886
49b9a0,43,1790785843886
a04dda,27,1790786743886
d15742,54,1790786743886
8951e8,38,1790785843886
b1bd88,47,1790871343886
456ef3,27,1790785843886
f6d773,25,1790785843886
c01d0d,51,1790785843886
a8b1ce,28,1790785843886
5cb1af,20,1790785843886
4ff895,29,1790786743886
766778,54,1790871343886
9ec8bf,34,1790786743886
765595,23,1790786743886
9c0732,28,1790786743886
d5bda8,42,1790871343886
be8a59,44,1790786743886
c9c06f,21,1790786743886
03edc8,34,1790786743886
344d78,45,1790871343886
078f52,18,1790785843886
776b37,32,1790785843886
26f8d1,31,1790871343886
c8328f,19,1790871343886
a50f77,54,1790785843886
08b9ff,51,1790871343886
9133a3,53,1790785843886
21dfbf,29,1790785843886
bb4bf1,35,1790785843886
974d3a,28,1790871343886
2fc33a,44,1790785843886
4239be,34,1790871343886
7e395b,33,1790786743886
ec9176,49,1790785843886
db39d7,39,1790785843886
3e569c,28,1790786743886
991a26,56,1790786743886
4eb065,16,1790871343886
17516c,47,1790785843886
89f237,32,1790871343886
5d19eb,48,1790786743886
84cb91,39,1790786743886
519dfd,23,1790786743886
a03745,22,1790871343886
7a245f,56,1790785843886
fc03d4,36,1790785843886
9e25e8,25,1790786743886
d74c03,18,1790785843886
99f146,45,1790786743886
66a6b0,43,1790786743886
d181fc,18,1790871343886
58a2a4,46,1790786743886
912da2,32,1790785843886
6f7a28,35,1790785843886
fb05df,41,1790871343886
baffd3,41,1790871343886
57cabb,40,1790785843886
479267,23,1790785843886
04831f,21,1790786743886
ecf261,54,1790785843886
937202,58,1790871343886
7c2f2f,25,1790785843886
7539dd,45,1790871343886
5e8f07,20,1790785843886
06a3a7,18,1790786743886
d1da61,40,1790785843886
d503c7,39,1790786743886
ce8747,29,1790871343886
a3e1c3,15,1790785843886
71df68,44,1790786743886
9b3fd9,49,1790786743886
460ee9,27,1790786743886
adb489,58,1790786743886
9e084d,41,1790871343886
3f126f,56,1790871343886
7b4c9e,33,1790785843886
c22f80,28,1790871343886
ca335f,19,1790871343886
ea0e62,58,1790785843886
8e0fe3,48,1790786743886
a2e8c6,55,1790785843886
441f6f,41,1790786743886
ce6cc6,35,1790785843886
9ecdf1,57,1790786743886
