== pass 1: 5000 users (passed up to 0, failed from 0)
TRUNCATE TABLE
SELECT 10000
ALTER TABLE
UPDATE 10000
INSERT 0 10000
COPY 10000
VACUUM
  expiry   | count 
-----------+-------
 HOURS24   |  3374
 MINUTES15 |  3340
 MINUTES30 |  3286
(3 rows)

 rows  |  table  | indexes |  total  
-------+---------+---------+---------
 10000 | 1112 kB | 1488 kB | 2600 kB
(1 row)

wrote /tmp/seed.csv (10000 files). Copy it to the load generator and run load-file-list.sh.
file list loaded: 10000 files
time="2026-09-30T09:53:48Z" level=info msg="Automatic extension resolution is enabled. The current k6 binary doesn't satisfy all dependencies, it's required to provision a custom binary." deps="k6;k6/x/redis"
time="2026-09-30T09:53:49Z" level=info msg="Using cached k6 binary" artifact_id=d29e86c20dd9a49cb84ea3c41fac5b8b8e524e06 deps="map[k6:v2.3.0 k6/x/redis:v0.4.3]" path=/home/admin/.cache/k6/builds/d29e86c20dd9a49cb84ea3c41fac5b8b8e524e06/k6

         /\      Grafana   /‾‾/  
    /\  /  \     |\  __   /  /   
   /  \/    \    | |/ /  /   ‾‾\ 
  /          \   |   (  |  (‾)  |
 / __________ \  |_|\_\  \_____/ 


     execution: local
        script: /home/admin/Mint-Bench/k6/mint.js
        output: csv (/home/admin/Mint-Bench/bench-sql/results/2026-09-30-0953/vus-5000/k6.csv.gz)

     scenarios: (100.00%) 1 scenario, 5000 max VUs, 9m30s max duration (incl. graceful stop):
              * users: Up to 5000 looping VUs for 9m0s over 3 stages (gracefulRampDown: 30s, gracefulStop: 30s)


running (0m00.1s), 0004/5000 VUs, 0 complete and 0 interrupted iterations
users   [   0% ] 0004/5000 VUs  0m00.1s/9m00.0s

running (0m01.1s), 0046/5000 VUs, 0 complete and 0 interrupted iterations
users   [   0% ] 0046/5000 VUs  0m01.1s/9m00.0s

running (0m02.1s), 0087/5000 VUs, 0 complete and 0 interrupted iterations
users   [   0% ] 0087/5000 VUs  0m02.1s/9m00.0s

running (0m03.1s), 0129/5000 VUs, 0 complete and 0 interrupted iterations
users   [   1% ] 0129/5000 VUs  0m03.1s/9m00.0s

running (0m04.1s), 0171/5000 VUs, 0 complete and 0 interrupted iterations
users   [   1% ] 0171/5000 VUs  0m04.1s/9m00.0s

running (0m05.1s), 0212/5000 VUs, 4 complete and 0 interrupted iterations
users   [   1% ] 0212/5000 VUs  0m05.1s/9m00.0s

running (0m06.1s), 0254/5000 VUs, 44 complete and 0 interrupted iterations
users   [   1% ] 0254/5000 VUs  0m06.1s/9m00.0s

running (0m07.1s), 0296/5000 VUs, 86 complete and 0 interrupted iterations
users   [   1% ] 0296/5000 VUs  0m07.1s/9m00.0s

running (0m08.1s), 0337/5000 VUs, 127 complete and 0 interrupted iterations
users   [   2% ] 0337/5000 VUs  0m08.1s/9m00.0s

running (0m09.1s), 0379/5000 VUs, 165 complete and 0 interrupted iterations
users   [   2% ] 0379/5000 VUs  0m09.1s/9m00.0s

running (0m10.1s), 0421/5000 VUs, 212 complete and 0 interrupted iterations
users   [   2% ] 0421/5000 VUs  0m10.1s/9m00.0s

running (0m11.1s), 0462/5000 VUs, 294 complete and 0 interrupted iterations
users   [   2% ] 0462/5000 VUs  0m11.1s/9m00.0s

running (0m12.1s), 0504/5000 VUs, 378 complete and 0 interrupted iterations
users   [   2% ] 0504/5000 VUs  0m12.1s/9m00.0s

running (0m13.1s), 0546/5000 VUs, 462 complete and 0 interrupted iterations
users   [   2% ] 0546/5000 VUs  0m13.1s/9m00.0s

running (0m14.1s), 0587/5000 VUs, 543 complete and 0 interrupted iterations
users   [   3% ] 0587/5000 VUs  0m14.1s/9m00.0s

running (0m15.1s), 0629/5000 VUs, 628 complete and 0 interrupted iterations
users   [   3% ] 0629/5000 VUs  0m15.1s/9m00.0s

running (0m16.1s), 0671/5000 VUs, 745 complete and 0 interrupted iterations
users   [   3% ] 0671/5000 VUs  0m16.1s/9m00.0s

running (0m17.1s), 0712/5000 VUs, 864 complete and 0 interrupted iterations
users   [   3% ] 0712/5000 VUs  0m17.1s/9m00.0s

running (0m18.1s), 0754/5000 VUs, 999 complete and 0 interrupted iterations
users   [   3% ] 0754/5000 VUs  0m18.1s/9m00.0s

running (0m19.1s), 0796/5000 VUs, 1123 complete and 0 interrupted iterations
users   [   4% ] 0796/5000 VUs  0m19.1s/9m00.0s

running (0m20.1s), 0837/5000 VUs, 1247 complete and 0 interrupted iterations
users   [   4% ] 0837/5000 VUs  0m20.1s/9m00.0s

running (0m21.1s), 0879/5000 VUs, 1405 complete and 0 interrupted iterations
users   [   4% ] 0879/5000 VUs  0m21.1s/9m00.0s

running (0m22.1s), 0921/5000 VUs, 1567 complete and 0 interrupted iterations
users   [   4% ] 0921/5000 VUs  0m22.1s/9m00.0s

running (0m23.1s), 0962/5000 VUs, 1744 complete and 0 interrupted iterations
users   [   4% ] 0962/5000 VUs  0m23.1s/9m00.0s

running (0m24.1s), 1004/5000 VUs, 1909 complete and 0 interrupted iterations
users   [   4% ] 1004/5000 VUs  0m24.1s/9m00.0s

running (0m25.1s), 1046/5000 VUs, 2075 complete and 0 interrupted iterations
users   [   5% ] 1046/5000 VUs  0m25.1s/9m00.0s

running (0m26.1s), 1087/5000 VUs, 2275 complete and 0 interrupted iterations
users   [   5% ] 1087/5000 VUs  0m26.1s/9m00.0s

running (0m27.1s), 1129/5000 VUs, 2482 complete and 0 interrupted iterations
users   [   5% ] 1129/5000 VUs  0m27.1s/9m00.0s

running (0m28.1s), 1171/5000 VUs, 2699 complete and 0 interrupted iterations
users   [   5% ] 1171/5000 VUs  0m28.1s/9m00.0s

running (0m29.1s), 1212/5000 VUs, 2904 complete and 0 interrupted iterations
users   [   5% ] 1212/5000 VUs  0m29.1s/9m00.0s

running (0m30.1s), 1254/5000 VUs, 3108 complete and 0 interrupted iterations
users   [   6% ] 1254/5000 VUs  0m30.1s/9m00.0s

running (0m31.1s), 1296/5000 VUs, 3346 complete and 0 interrupted iterations
users   [   6% ] 1296/5000 VUs  0m31.1s/9m00.0s

running (0m32.1s), 1337/5000 VUs, 3595 complete and 0 interrupted iterations
users   [   6% ] 1337/5000 VUs  0m32.1s/9m00.0s

running (0m33.1s), 1379/5000 VUs, 3855 complete and 0 interrupted iterations
users   [   6% ] 1379/5000 VUs  0m33.1s/9m00.0s

running (0m34.1s), 1421/5000 VUs, 4101 complete and 0 interrupted iterations
users   [   6% ] 1421/5000 VUs  0m34.1s/9m00.0s

running (0m35.1s), 1462/5000 VUs, 4346 complete and 0 interrupted iterations
users   [   7% ] 1462/5000 VUs  0m35.1s/9m00.0s

running (0m36.1s), 1504/5000 VUs, 4624 complete and 0 interrupted iterations
users   [   7% ] 1504/5000 VUs  0m36.1s/9m00.0s

running (0m37.1s), 1546/5000 VUs, 4911 complete and 0 interrupted iterations
users   [   7% ] 1546/5000 VUs  0m37.1s/9m00.0s

running (0m38.1s), 1587/5000 VUs, 5218 complete and 0 interrupted iterations
users   [   7% ] 1587/5000 VUs  0m38.1s/9m00.0s

running (0m39.1s), 1629/5000 VUs, 5503 complete and 0 interrupted iterations
users   [   7% ] 1629/5000 VUs  0m39.1s/9m00.0s

running (0m40.1s), 1671/5000 VUs, 5794 complete and 0 interrupted iterations
users   [   7% ] 1671/5000 VUs  0m40.1s/9m00.0s

running (0m41.1s), 1712/5000 VUs, 6112 complete and 0 interrupted iterations
users   [   8% ] 1712/5000 VUs  0m41.1s/9m00.0s

running (0m42.1s), 1754/5000 VUs, 6438 complete and 0 interrupted iterations
users   [   8% ] 1754/5000 VUs  0m42.1s/9m00.0s

running (0m43.1s), 1796/5000 VUs, 6788 complete and 0 interrupted iterations
users   [   8% ] 1796/5000 VUs  0m43.1s/9m00.0s

running (0m44.1s), 1837/5000 VUs, 7119 complete and 0 interrupted iterations
users   [   8% ] 1837/5000 VUs  0m44.1s/9m00.0s

running (0m45.1s), 1879/5000 VUs, 7444 complete and 0 interrupted iterations
users   [   8% ] 1879/5000 VUs  0m45.1s/9m00.0s

running (0m46.1s), 1921/5000 VUs, 7811 complete and 0 interrupted iterations
users   [   9% ] 1921/5000 VUs  0m46.1s/9m00.0s

running (0m47.1s), 1962/5000 VUs, 8174 complete and 0 interrupted iterations
users   [   9% ] 1962/5000 VUs  0m47.1s/9m00.0s

running (0m48.1s), 2004/5000 VUs, 8566 complete and 0 interrupted iterations
users   [   9% ] 2004/5000 VUs  0m48.1s/9m00.0s

running (0m49.1s), 2046/5000 VUs, 8939 complete and 0 interrupted iterations
users   [   9% ] 2046/5000 VUs  0m49.1s/9m00.0s

running (0m50.1s), 2087/5000 VUs, 9308 complete and 0 interrupted iterations
users   [   9% ] 2087/5000 VUs  0m50.1s/9m00.0s

running (0m51.1s), 2129/5000 VUs, 9709 complete and 0 interrupted iterations
users   [   9% ] 2129/5000 VUs  0m51.1s/9m00.0s

running (0m52.1s), 2171/5000 VUs, 10113 complete and 0 interrupted iterations
users   [  10% ] 2171/5000 VUs  0m52.1s/9m00.0s

running (0m53.1s), 2212/5000 VUs, 10543 complete and 0 interrupted iterations
users   [  10% ] 2212/5000 VUs  0m53.1s/9m00.0s

running (0m54.1s), 2254/5000 VUs, 10953 complete and 0 interrupted iterations
users   [  10% ] 2254/5000 VUs  0m54.1s/9m00.0s

running (0m55.1s), 2296/5000 VUs, 11368 complete and 0 interrupted iterations
users   [  10% ] 2296/5000 VUs  0m55.1s/9m00.0s

running (0m56.1s), 2337/5000 VUs, 11810 complete and 0 interrupted iterations
users   [  10% ] 2337/5000 VUs  0m56.1s/9m00.0s

running (0m57.1s), 2379/5000 VUs, 12243 complete and 0 interrupted iterations
users   [  11% ] 2379/5000 VUs  0m57.1s/9m00.0s

running (0m58.1s), 2421/5000 VUs, 12727 complete and 0 interrupted iterations
users   [  11% ] 2421/5000 VUs  0m58.1s/9m00.0s

running (0m59.1s), 2462/5000 VUs, 13184 complete and 0 interrupted iterations
users   [  11% ] 2462/5000 VUs  0m59.1s/9m00.0s

running (1m00.1s), 2504/5000 VUs, 13640 complete and 0 interrupted iterations
users   [  11% ] 2504/5000 VUs  1m00.1s/9m00.0s

running (1m01.1s), 2546/5000 VUs, 14128 complete and 0 interrupted iterations
users   [  11% ] 2546/5000 VUs  1m01.1s/9m00.0s

running (1m02.1s), 2587/5000 VUs, 14589 complete and 0 interrupted iterations
users   [  12% ] 2587/5000 VUs  1m02.1s/9m00.0s

running (1m03.1s), 2629/5000 VUs, 15114 complete and 0 interrupted iterations
users   [  12% ] 2629/5000 VUs  1m03.1s/9m00.0s

running (1m04.1s), 2671/5000 VUs, 15608 complete and 0 interrupted iterations
users   [  12% ] 2671/5000 VUs  1m04.1s/9m00.0s

running (1m05.1s), 2712/5000 VUs, 16106 complete and 0 interrupted iterations
users   [  12% ] 2712/5000 VUs  1m05.1s/9m00.0s

running (1m06.1s), 2754/5000 VUs, 16643 complete and 0 interrupted iterations
users   [  12% ] 2754/5000 VUs  1m06.1s/9m00.0s

running (1m07.1s), 2796/5000 VUs, 17144 complete and 0 interrupted iterations
users   [  12% ] 2796/5000 VUs  1m07.1s/9m00.0s

running (1m08.1s), 2837/5000 VUs, 17687 complete and 0 interrupted iterations
users   [  13% ] 2837/5000 VUs  1m08.1s/9m00.0s

running (1m09.1s), 2879/5000 VUs, 18235 complete and 0 interrupted iterations
users   [  13% ] 2879/5000 VUs  1m09.1s/9m00.0s

running (1m10.1s), 2921/5000 VUs, 18786 complete and 0 interrupted iterations
users   [  13% ] 2921/5000 VUs  1m10.1s/9m00.0s

running (1m11.1s), 2962/5000 VUs, 19353 complete and 0 interrupted iterations
users   [  13% ] 2962/5000 VUs  1m11.1s/9m00.0s

running (1m12.1s), 3004/5000 VUs, 19902 complete and 0 interrupted iterations
users   [  13% ] 3004/5000 VUs  1m12.1s/9m00.0s

running (1m13.1s), 3046/5000 VUs, 20283 complete and 0 interrupted iterations
users   [  14% ] 3046/5000 VUs  1m13.1s/9m00.0s

running (1m14.1s), 3087/5000 VUs, 20448 complete and 0 interrupted iterations
users   [  14% ] 3087/5000 VUs  1m14.1s/9m00.0s

running (1m15.1s), 3129/5000 VUs, 20605 complete and 0 interrupted iterations
users   [  14% ] 3129/5000 VUs  1m15.1s/9m00.0s

running (1m16.1s), 3171/5000 VUs, 20769 complete and 0 interrupted iterations
users   [  14% ] 3171/5000 VUs  1m16.1s/9m00.0s

running (1m17.1s), 3212/5000 VUs, 20909 complete and 0 interrupted iterations
users   [  14% ] 3212/5000 VUs  1m17.1s/9m00.0s

running (1m18.1s), 3254/5000 VUs, 21107 complete and 0 interrupted iterations
users   [  14% ] 3254/5000 VUs  1m18.1s/9m00.0s

running (1m19.1s), 3296/5000 VUs, 21137 complete and 0 interrupted iterations
users   [  15% ] 3296/5000 VUs  1m19.1s/9m00.0s

running (1m20.1s), 3337/5000 VUs, 21225 complete and 0 interrupted iterations
users   [  15% ] 3337/5000 VUs  1m20.1s/9m00.0s

running (1m21.1s), 3379/5000 VUs, 21413 complete and 0 interrupted iterations
users   [  15% ] 3379/5000 VUs  1m21.1s/9m00.0s

running (1m22.1s), 3421/5000 VUs, 21583 complete and 0 interrupted iterations
users   [  15% ] 3421/5000 VUs  1m22.1s/9m00.0s

running (1m23.1s), 3462/5000 VUs, 21746 complete and 0 interrupted iterations
users   [  15% ] 3462/5000 VUs  1m23.1s/9m00.0s

running (1m24.1s), 3504/5000 VUs, 21928 complete and 0 interrupted iterations
users   [  16% ] 3504/5000 VUs  1m24.1s/9m00.0s

running (1m25.1s), 3546/5000 VUs, 22111 complete and 0 interrupted iterations
users   [  16% ] 3546/5000 VUs  1m25.1s/9m00.0s

running (1m26.1s), 3587/5000 VUs, 22266 complete and 0 interrupted iterations
users   [  16% ] 3587/5000 VUs  1m26.1s/9m00.0s

running (1m27.1s), 3629/5000 VUs, 22451 complete and 0 interrupted iterations
users   [  16% ] 3629/5000 VUs  1m27.1s/9m00.0s

running (1m28.1s), 3671/5000 VUs, 22640 complete and 0 interrupted iterations
users   [  16% ] 3671/5000 VUs  1m28.1s/9m00.0s

running (1m29.1s), 3712/5000 VUs, 22828 complete and 0 interrupted iterations
users   [  17% ] 3712/5000 VUs  1m29.1s/9m00.0s

running (1m30.1s), 3754/5000 VUs, 23025 complete and 0 interrupted iterations
users   [  17% ] 3754/5000 VUs  1m30.1s/9m00.0s

running (1m31.1s), 3796/5000 VUs, 23194 complete and 0 interrupted iterations
users   [  17% ] 3796/5000 VUs  1m31.1s/9m00.0s

running (1m32.1s), 3837/5000 VUs, 23390 complete and 0 interrupted iterations
users   [  17% ] 3837/5000 VUs  1m32.1s/9m00.0s

running (1m33.1s), 3879/5000 VUs, 23580 complete and 0 interrupted iterations
users   [  17% ] 3879/5000 VUs  1m33.1s/9m00.0s

running (1m34.1s), 3921/5000 VUs, 23765 complete and 0 interrupted iterations
users   [  17% ] 3921/5000 VUs  1m34.1s/9m00.0s

running (1m35.1s), 3962/5000 VUs, 23925 complete and 0 interrupted iterations
users   [  18% ] 3962/5000 VUs  1m35.1s/9m00.0s

running (1m36.1s), 4004/5000 VUs, 24127 complete and 0 interrupted iterations
users   [  18% ] 4004/5000 VUs  1m36.1s/9m00.0s

running (1m37.1s), 4046/5000 VUs, 24322 complete and 0 interrupted iterations
users   [  18% ] 4046/5000 VUs  1m37.1s/9m00.0s

running (1m38.1s), 4087/5000 VUs, 24512 complete and 0 interrupted iterations
users   [  18% ] 4087/5000 VUs  1m38.1s/9m00.0s

running (1m39.1s), 4129/5000 VUs, 24673 complete and 0 interrupted iterations
users   [  18% ] 4129/5000 VUs  1m39.1s/9m00.0s

running (1m40.1s), 4171/5000 VUs, 24855 complete and 0 interrupted iterations
users   [  19% ] 4171/5000 VUs  1m40.1s/9m00.0s

running (1m41.1s), 4212/5000 VUs, 25060 complete and 0 interrupted iterations
users   [  19% ] 4212/5000 VUs  1m41.1s/9m00.0s

running (1m42.1s), 4254/5000 VUs, 25246 complete and 0 interrupted iterations
users   [  19% ] 4254/5000 VUs  1m42.1s/9m00.0s

running (1m43.1s), 4296/5000 VUs, 25410 complete and 0 interrupted iterations
users   [  19% ] 4296/5000 VUs  1m43.1s/9m00.0s

running (1m44.1s), 4337/5000 VUs, 25589 complete and 0 interrupted iterations
users   [  19% ] 4337/5000 VUs  1m44.1s/9m00.0s

running (1m45.1s), 4379/5000 VUs, 25788 complete and 0 interrupted iterations
users   [  19% ] 4379/5000 VUs  1m45.1s/9m00.0s

running (1m46.1s), 4421/5000 VUs, 25991 complete and 0 interrupted iterations
users   [  20% ] 4421/5000 VUs  1m46.1s/9m00.0s

running (1m47.1s), 4462/5000 VUs, 26153 complete and 0 interrupted iterations
users   [  20% ] 4462/5000 VUs  1m47.1s/9m00.0s

running (1m48.1s), 4504/5000 VUs, 26360 complete and 0 interrupted iterations
users   [  20% ] 4504/5000 VUs  1m48.1s/9m00.0s

running (1m49.1s), 4546/5000 VUs, 26562 complete and 0 interrupted iterations
users   [  20% ] 4546/5000 VUs  1m49.1s/9m00.0s

running (1m50.1s), 4587/5000 VUs, 26739 complete and 0 interrupted iterations
users   [  20% ] 4587/5000 VUs  1m50.1s/9m00.0s

running (1m51.1s), 4629/5000 VUs, 26903 complete and 0 interrupted iterations
users   [  21% ] 4629/5000 VUs  1m51.1s/9m00.0s

running (1m52.1s), 4671/5000 VUs, 27092 complete and 0 interrupted iterations
users   [  21% ] 4671/5000 VUs  1m52.1s/9m00.0s

running (1m53.1s), 4712/5000 VUs, 27276 complete and 0 interrupted iterations
users   [  21% ] 4712/5000 VUs  1m53.1s/9m00.0s

running (1m54.1s), 4754/5000 VUs, 27411 complete and 0 interrupted iterations
users   [  21% ] 4754/5000 VUs  1m54.1s/9m00.0s

running (1m55.1s), 4796/5000 VUs, 27575 complete and 0 interrupted iterations
users   [  21% ] 4796/5000 VUs  1m55.1s/9m00.0s

running (1m56.1s), 4837/5000 VUs, 27758 complete and 0 interrupted iterations
users   [  22% ] 4837/5000 VUs  1m56.1s/9m00.0s

running (1m57.1s), 4879/5000 VUs, 27941 complete and 0 interrupted iterations
users   [  22% ] 4879/5000 VUs  1m57.1s/9m00.0s

running (1m58.1s), 4921/5000 VUs, 28120 complete and 0 interrupted iterations
users   [  22% ] 4921/5000 VUs  1m58.1s/9m00.0s

running (1m59.1s), 4962/5000 VUs, 28295 complete and 0 interrupted iterations
users   [  22% ] 4962/5000 VUs  1m59.1s/9m00.0s

running (2m00.1s), 5000/5000 VUs, 28446 complete and 0 interrupted iterations
users   [  22% ] 5000/5000 VUs  2m00.1s/9m00.0s

running (2m01.1s), 5000/5000 VUs, 28653 complete and 0 interrupted iterations
users   [  22% ] 5000/5000 VUs  2m01.1s/9m00.0s

running (2m02.1s), 5000/5000 VUs, 28826 complete and 0 interrupted iterations
users   [  23% ] 5000/5000 VUs  2m02.1s/9m00.0s

running (2m03.1s), 5000/5000 VUs, 28969 complete and 0 interrupted iterations
users   [  23% ] 5000/5000 VUs  2m03.1s/9m00.0s

running (2m04.1s), 5000/5000 VUs, 29142 complete and 0 interrupted iterations
users   [  23% ] 5000/5000 VUs  2m04.1s/9m00.0s

running (2m05.1s), 5000/5000 VUs, 29334 complete and 0 interrupted iterations
users   [  23% ] 5000/5000 VUs  2m05.1s/9m00.0s

running (2m06.1s), 5000/5000 VUs, 29480 complete and 0 interrupted iterations
users   [  23% ] 5000/5000 VUs  2m06.1s/9m00.0s

running (2m07.1s), 5000/5000 VUs, 29666 complete and 0 interrupted iterations
users   [  24% ] 5000/5000 VUs  2m07.1s/9m00.0s

running (2m08.1s), 5000/5000 VUs, 29858 complete and 0 interrupted iterations
users   [  24% ] 5000/5000 VUs  2m08.1s/9m00.0s

running (2m09.1s), 5000/5000 VUs, 30048 complete and 0 interrupted iterations
users   [  24% ] 5000/5000 VUs  2m09.1s/9m00.0s

running (2m10.1s), 5000/5000 VUs, 30214 complete and 0 interrupted iterations
users   [  24% ] 5000/5000 VUs  2m10.1s/9m00.0s

running (2m11.1s), 5000/5000 VUs, 30403 complete and 0 interrupted iterations
users   [  24% ] 5000/5000 VUs  2m11.1s/9m00.0s

running (2m12.1s), 5000/5000 VUs, 30585 complete and 0 interrupted iterations
users   [  24% ] 5000/5000 VUs  2m12.1s/9m00.0s

running (2m13.1s), 5000/5000 VUs, 30746 complete and 0 interrupted iterations
users   [  25% ] 5000/5000 VUs  2m13.1s/9m00.0s

running (2m14.1s), 5000/5000 VUs, 30935 complete and 0 interrupted iterations
users   [  25% ] 5000/5000 VUs  2m14.1s/9m00.0s

running (2m15.1s), 5000/5000 VUs, 31100 complete and 0 interrupted iterations
users   [  25% ] 5000/5000 VUs  2m15.1s/9m00.0s

running (2m16.1s), 5000/5000 VUs, 31284 complete and 0 interrupted iterations
users   [  25% ] 5000/5000 VUs  2m16.1s/9m00.0s

running (2m17.1s), 5000/5000 VUs, 31354 complete and 0 interrupted iterations
users   [  25% ] 5000/5000 VUs  2m17.1s/9m00.0s

running (2m18.1s), 5000/5000 VUs, 31536 complete and 0 interrupted iterations
users   [  26% ] 5000/5000 VUs  2m18.1s/9m00.0s

running (2m19.1s), 5000/5000 VUs, 31724 complete and 0 interrupted iterations
users   [  26% ] 5000/5000 VUs  2m19.1s/9m00.0s

running (2m20.1s), 5000/5000 VUs, 31923 complete and 0 interrupted iterations
users   [  26% ] 5000/5000 VUs  2m20.1s/9m00.0s

running (2m21.1s), 5000/5000 VUs, 32085 complete and 0 interrupted iterations
users   [  26% ] 5000/5000 VUs  2m21.1s/9m00.0s

running (2m22.1s), 5000/5000 VUs, 32277 complete and 0 interrupted iterations
users   [  26% ] 5000/5000 VUs  2m22.1s/9m00.0s

running (2m23.1s), 5000/5000 VUs, 32471 complete and 0 interrupted iterations
users   [  27% ] 5000/5000 VUs  2m23.1s/9m00.0s

running (2m24.1s), 5000/5000 VUs, 32632 complete and 0 interrupted iterations
users   [  27% ] 5000/5000 VUs  2m24.1s/9m00.0s

running (2m25.1s), 5000/5000 VUs, 32815 complete and 0 interrupted iterations
users   [  27% ] 5000/5000 VUs  2m25.1s/9m00.0s

running (2m26.1s), 5000/5000 VUs, 33003 complete and 0 interrupted iterations
users   [  27% ] 5000/5000 VUs  2m26.1s/9m00.0s

running (2m27.1s), 5000/5000 VUs, 33187 complete and 0 interrupted iterations
users   [  27% ] 5000/5000 VUs  2m27.1s/9m00.0s

running (2m28.1s), 5000/5000 VUs, 33345 complete and 0 interrupted iterations
users   [  27% ] 5000/5000 VUs  2m28.1s/9m00.0s

running (2m29.1s), 5000/5000 VUs, 33532 complete and 0 interrupted iterations
users   [  28% ] 5000/5000 VUs  2m29.1s/9m00.0s

running (2m30.1s), 5000/5000 VUs, 33728 complete and 0 interrupted iterations
users   [  28% ] 5000/5000 VUs  2m30.1s/9m00.0s

running (2m31.1s), 5000/5000 VUs, 33897 complete and 0 interrupted iterations
users   [  28% ] 5000/5000 VUs  2m31.1s/9m00.0s

running (2m32.1s), 5000/5000 VUs, 34082 complete and 0 interrupted iterations
users   [  28% ] 5000/5000 VUs  2m32.1s/9m00.0s

running (2m33.1s), 5000/5000 VUs, 34275 complete and 0 interrupted iterations
users   [  28% ] 5000/5000 VUs  2m33.1s/9m00.0s

running (2m34.1s), 5000/5000 VUs, 34478 complete and 0 interrupted iterations
users   [  29% ] 5000/5000 VUs  2m34.1s/9m00.0s

running (2m35.1s), 5000/5000 VUs, 34634 complete and 0 interrupted iterations
users   [  29% ] 5000/5000 VUs  2m35.1s/9m00.0s

running (2m36.1s), 5000/5000 VUs, 34825 complete and 0 interrupted iterations
users   [  29% ] 5000/5000 VUs  2m36.1s/9m00.0s

running (2m37.1s), 5000/5000 VUs, 35014 complete and 0 interrupted iterations
users   [  29% ] 5000/5000 VUs  2m37.1s/9m00.0s

running (2m38.1s), 5000/5000 VUs, 35190 complete and 0 interrupted iterations
users   [  29% ] 5000/5000 VUs  2m38.1s/9m00.0s

running (2m39.1s), 5000/5000 VUs, 35351 complete and 0 interrupted iterations
users   [  29% ] 5000/5000 VUs  2m39.1s/9m00.0s

running (2m40.1s), 5000/5000 VUs, 35503 complete and 0 interrupted iterations
users   [  30% ] 5000/5000 VUs  2m40.1s/9m00.0s

running (2m41.1s), 5000/5000 VUs, 35691 complete and 0 interrupted iterations
users   [  30% ] 5000/5000 VUs  2m41.1s/9m00.0s

running (2m42.1s), 5000/5000 VUs, 35854 complete and 0 interrupted iterations
users   [  30% ] 5000/5000 VUs  2m42.1s/9m00.0s

running (2m43.1s), 5000/5000 VUs, 36045 complete and 0 interrupted iterations
users   [  30% ] 5000/5000 VUs  2m43.1s/9m00.0s

running (2m44.1s), 5000/5000 VUs, 36243 complete and 0 interrupted iterations
users   [  30% ] 5000/5000 VUs  2m44.1s/9m00.0s

running (2m45.1s), 5000/5000 VUs, 36424 complete and 0 interrupted iterations
users   [  31% ] 5000/5000 VUs  2m45.1s/9m00.0s

running (2m46.1s), 5000/5000 VUs, 36592 complete and 0 interrupted iterations
users   [  31% ] 5000/5000 VUs  2m46.1s/9m00.0s

running (2m47.1s), 5000/5000 VUs, 36796 complete and 0 interrupted iterations
users   [  31% ] 5000/5000 VUs  2m47.1s/9m00.0s

running (2m48.1s), 5000/5000 VUs, 37000 complete and 0 interrupted iterations
users   [  31% ] 5000/5000 VUs  2m48.1s/9m00.0s

running (2m49.1s), 5000/5000 VUs, 37172 complete and 0 interrupted iterations
users   [  31% ] 5000/5000 VUs  2m49.1s/9m00.0s

running (2m50.1s), 5000/5000 VUs, 37360 complete and 0 interrupted iterations
users   [  32% ] 5000/5000 VUs  2m50.1s/9m00.0s

running (2m51.1s), 5000/5000 VUs, 37539 complete and 0 interrupted iterations
users   [  32% ] 5000/5000 VUs  2m51.1s/9m00.0s

running (2m52.1s), 5000/5000 VUs, 37726 complete and 0 interrupted iterations
users   [  32% ] 5000/5000 VUs  2m52.1s/9m00.0s

running (2m53.1s), 5000/5000 VUs, 37892 complete and 0 interrupted iterations
users   [  32% ] 5000/5000 VUs  2m53.1s/9m00.0s

running (2m54.1s), 5000/5000 VUs, 37931 complete and 0 interrupted iterations
users   [  32% ] 5000/5000 VUs  2m54.1s/9m00.0s

running (2m55.1s), 5000/5000 VUs, 38119 complete and 0 interrupted iterations
users   [  32% ] 5000/5000 VUs  2m55.1s/9m00.0s

running (2m56.1s), 5000/5000 VUs, 38312 complete and 0 interrupted iterations
users   [  33% ] 5000/5000 VUs  2m56.1s/9m00.0s

running (2m57.1s), 5000/5000 VUs, 38467 complete and 0 interrupted iterations
users   [  33% ] 5000/5000 VUs  2m57.1s/9m00.0s

running (2m58.1s), 5000/5000 VUs, 38659 complete and 0 interrupted iterations
users   [  33% ] 5000/5000 VUs  2m58.1s/9m00.0s

running (2m59.1s), 5000/5000 VUs, 38814 complete and 0 interrupted iterations
users   [  33% ] 5000/5000 VUs  2m59.1s/9m00.0s

running (3m00.1s), 5000/5000 VUs, 39002 complete and 0 interrupted iterations
users   [  33% ] 5000/5000 VUs  3m00.1s/9m00.0s

running (3m01.1s), 5000/5000 VUs, 39199 complete and 0 interrupted iterations
users   [  34% ] 5000/5000 VUs  3m01.1s/9m00.0s

running (3m02.1s), 5000/5000 VUs, 39394 complete and 0 interrupted iterations
users   [  34% ] 5000/5000 VUs  3m02.1s/9m00.0s

running (3m03.1s), 5000/5000 VUs, 39558 complete and 0 interrupted iterations
users   [  34% ] 5000/5000 VUs  3m03.1s/9m00.0s

running (3m04.1s), 5000/5000 VUs, 39744 complete and 0 interrupted iterations
users   [  34% ] 5000/5000 VUs  3m04.1s/9m00.0s

running (3m05.1s), 5000/5000 VUs, 39934 complete and 0 interrupted iterations
users   [  34% ] 5000/5000 VUs  3m05.1s/9m00.0s

running (3m06.1s), 5000/5000 VUs, 40092 complete and 0 interrupted iterations
users   [  34% ] 5000/5000 VUs  3m06.1s/9m00.0s

running (3m07.1s), 5000/5000 VUs, 40295 complete and 0 interrupted iterations
users   [  35% ] 5000/5000 VUs  3m07.1s/9m00.0s

running (3m08.1s), 5000/5000 VUs, 40502 complete and 0 interrupted iterations
users   [  35% ] 5000/5000 VUs  3m08.1s/9m00.0s

running (3m09.1s), 5000/5000 VUs, 40698 complete and 0 interrupted iterations
users   [  35% ] 5000/5000 VUs  3m09.1s/9m00.0s

running (3m10.1s), 5000/5000 VUs, 40866 complete and 0 interrupted iterations
users   [  35% ] 5000/5000 VUs  3m10.1s/9m00.0s

running (3m11.1s), 5000/5000 VUs, 41064 complete and 0 interrupted iterations
users   [  35% ] 5000/5000 VUs  3m11.1s/9m00.0s

running (3m12.1s), 5000/5000 VUs, 41257 complete and 0 interrupted iterations
users   [  36% ] 5000/5000 VUs  3m12.1s/9m00.0s

running (3m13.1s), 5000/5000 VUs, 41430 complete and 0 interrupted iterations
users   [  36% ] 5000/5000 VUs  3m13.1s/9m00.0s

running (3m14.1s), 5000/5000 VUs, 41624 complete and 0 interrupted iterations
users   [  36% ] 5000/5000 VUs  3m14.1s/9m00.0s

running (3m15.1s), 5000/5000 VUs, 41775 complete and 0 interrupted iterations
users   [  36% ] 5000/5000 VUs  3m15.1s/9m00.0s

running (3m16.1s), 5000/5000 VUs, 41983 complete and 0 interrupted iterations
users   [  36% ] 5000/5000 VUs  3m16.1s/9m00.0s

running (3m17.1s), 5000/5000 VUs, 42116 complete and 0 interrupted iterations
users   [  37% ] 5000/5000 VUs  3m17.1s/9m00.0s

running (3m18.1s), 5000/5000 VUs, 42309 complete and 0 interrupted iterations
users   [  37% ] 5000/5000 VUs  3m18.1s/9m00.0s

running (3m19.1s), 5000/5000 VUs, 42500 complete and 0 interrupted iterations
users   [  37% ] 5000/5000 VUs  3m19.1s/9m00.0s

running (3m20.1s), 5000/5000 VUs, 42669 complete and 0 interrupted iterations
users   [  37% ] 5000/5000 VUs  3m20.1s/9m00.0s

running (3m21.1s), 5000/5000 VUs, 42857 complete and 0 interrupted iterations
users   [  37% ] 5000/5000 VUs  3m21.1s/9m00.0s

running (3m22.1s), 5000/5000 VUs, 43039 complete and 0 interrupted iterations
users   [  37% ] 5000/5000 VUs  3m22.1s/9m00.0s

running (3m23.1s), 5000/5000 VUs, 43241 complete and 0 interrupted iterations
users   [  38% ] 5000/5000 VUs  3m23.1s/9m00.0s

running (3m24.1s), 5000/5000 VUs, 43411 complete and 0 interrupted iterations
users   [  38% ] 5000/5000 VUs  3m24.1s/9m00.0s

running (3m25.1s), 5000/5000 VUs, 43586 complete and 0 interrupted iterations
users   [  38% ] 5000/5000 VUs  3m25.1s/9m00.0s

running (3m26.1s), 5000/5000 VUs, 43782 complete and 0 interrupted iterations
users   [  38% ] 5000/5000 VUs  3m26.1s/9m00.0s

running (3m27.1s), 5000/5000 VUs, 43956 complete and 0 interrupted iterations
users   [  38% ] 5000/5000 VUs  3m27.1s/9m00.0s

running (3m28.1s), 5000/5000 VUs, 44138 complete and 0 interrupted iterations
users   [  39% ] 5000/5000 VUs  3m28.1s/9m00.0s

running (3m29.1s), 5000/5000 VUs, 44333 complete and 0 interrupted iterations
users   [  39% ] 5000/5000 VUs  3m29.1s/9m00.0s

running (3m30.1s), 5000/5000 VUs, 44359 complete and 0 interrupted iterations
users   [  39% ] 5000/5000 VUs  3m30.1s/9m00.0s

running (3m31.1s), 5000/5000 VUs, 44452 complete and 0 interrupted iterations
users   [  39% ] 5000/5000 VUs  3m31.1s/9m00.0s

running (3m32.1s), 5000/5000 VUs, 44635 complete and 0 interrupted iterations
users   [  39% ] 5000/5000 VUs  3m32.1s/9m00.0s

running (3m33.1s), 5000/5000 VUs, 44807 complete and 0 interrupted iterations
users   [  39% ] 5000/5000 VUs  3m33.1s/9m00.0s

running (3m34.1s), 5000/5000 VUs, 44977 complete and 0 interrupted iterations
users   [  40% ] 5000/5000 VUs  3m34.1s/9m00.0s

running (3m35.1s), 5000/5000 VUs, 45165 complete and 0 interrupted iterations
users   [  40% ] 5000/5000 VUs  3m35.1s/9m00.0s

running (3m36.1s), 5000/5000 VUs, 45324 complete and 0 interrupted iterations
users   [  40% ] 5000/5000 VUs  3m36.1s/9m00.0s

running (3m37.1s), 5000/5000 VUs, 45501 complete and 0 interrupted iterations
users   [  40% ] 5000/5000 VUs  3m37.1s/9m00.0s

running (3m38.1s), 5000/5000 VUs, 45701 complete and 0 interrupted iterations
users   [  40% ] 5000/5000 VUs  3m38.1s/9m00.0s

running (3m39.1s), 5000/5000 VUs, 45906 complete and 0 interrupted iterations
users   [  41% ] 5000/5000 VUs  3m39.1s/9m00.0s

running (3m40.1s), 5000/5000 VUs, 46068 complete and 0 interrupted iterations
users   [  41% ] 5000/5000 VUs  3m40.1s/9m00.0s

running (3m41.1s), 5000/5000 VUs, 46263 complete and 0 interrupted iterations
users   [  41% ] 5000/5000 VUs  3m41.1s/9m00.0s

running (3m42.1s), 5000/5000 VUs, 46442 complete and 0 interrupted iterations
users   [  41% ] 5000/5000 VUs  3m42.1s/9m00.0s

running (3m43.1s), 5000/5000 VUs, 46611 complete and 0 interrupted iterations
users   [  41% ] 5000/5000 VUs  3m43.1s/9m00.0s

running (3m44.1s), 5000/5000 VUs, 46807 complete and 0 interrupted iterations
users   [  42% ] 5000/5000 VUs  3m44.1s/9m00.0s

running (3m45.1s), 5000/5000 VUs, 47004 complete and 0 interrupted iterations
users   [  42% ] 5000/5000 VUs  3m45.1s/9m00.0s

running (3m46.1s), 5000/5000 VUs, 47172 complete and 0 interrupted iterations
users   [  42% ] 5000/5000 VUs  3m46.1s/9m00.0s

running (3m47.1s), 5000/5000 VUs, 47365 complete and 0 interrupted iterations
users   [  42% ] 5000/5000 VUs  3m47.1s/9m00.0s

running (3m48.1s), 5000/5000 VUs, 47536 complete and 0 interrupted iterations
users   [  42% ] 5000/5000 VUs  3m48.1s/9m00.0s

running (3m49.1s), 5000/5000 VUs, 47721 complete and 0 interrupted iterations
users   [  42% ] 5000/5000 VUs  3m49.1s/9m00.0s

running (3m50.1s), 5000/5000 VUs, 47880 complete and 0 interrupted iterations
users   [  43% ] 5000/5000 VUs  3m50.1s/9m00.0s

running (3m51.1s), 5000/5000 VUs, 48064 complete and 0 interrupted iterations
users   [  43% ] 5000/5000 VUs  3m51.1s/9m00.0s

running (3m52.1s), 5000/5000 VUs, 48258 complete and 0 interrupted iterations
users   [  43% ] 5000/5000 VUs  3m52.1s/9m00.0s

running (3m53.1s), 5000/5000 VUs, 48421 complete and 0 interrupted iterations
users   [  43% ] 5000/5000 VUs  3m53.1s/9m00.0s

running (3m54.1s), 5000/5000 VUs, 48598 complete and 0 interrupted iterations
users   [  43% ] 5000/5000 VUs  3m54.1s/9m00.0s

running (3m55.1s), 5000/5000 VUs, 48771 complete and 0 interrupted iterations
users   [  44% ] 5000/5000 VUs  3m55.1s/9m00.0s

running (3m56.1s), 5000/5000 VUs, 48958 complete and 0 interrupted iterations
users   [  44% ] 5000/5000 VUs  3m56.1s/9m00.0s

running (3m57.1s), 5000/5000 VUs, 49145 complete and 0 interrupted iterations
users   [  44% ] 5000/5000 VUs  3m57.1s/9m00.0s

running (3m58.1s), 5000/5000 VUs, 49314 complete and 0 interrupted iterations
users   [  44% ] 5000/5000 VUs  3m58.1s/9m00.0s

running (3m59.1s), 5000/5000 VUs, 49520 complete and 0 interrupted iterations
users   [  44% ] 5000/5000 VUs  3m59.1s/9m00.0s

running (4m00.1s), 5000/5000 VUs, 49692 complete and 0 interrupted iterations
users   [  44% ] 5000/5000 VUs  4m00.1s/9m00.0s

running (4m01.1s), 5000/5000 VUs, 49869 complete and 0 interrupted iterations
users   [  45% ] 5000/5000 VUs  4m01.1s/9m00.0s

running (4m02.1s), 5000/5000 VUs, 50044 complete and 0 interrupted iterations
users   [  45% ] 5000/5000 VUs  4m02.1s/9m00.0s

running (4m03.1s), 5000/5000 VUs, 50214 complete and 0 interrupted iterations
users   [  45% ] 5000/5000 VUs  4m03.1s/9m00.0s

running (4m04.1s), 5000/5000 VUs, 50412 complete and 0 interrupted iterations
users   [  45% ] 5000/5000 VUs  4m04.1s/9m00.0s

running (4m05.1s), 5000/5000 VUs, 50579 complete and 0 interrupted iterations
users   [  45% ] 5000/5000 VUs  4m05.1s/9m00.0s

running (4m06.1s), 5000/5000 VUs, 50747 complete and 0 interrupted iterations
users   [  46% ] 5000/5000 VUs  4m06.1s/9m00.0s

running (4m07.1s), 5000/5000 VUs, 50856 complete and 0 interrupted iterations
users   [  46% ] 5000/5000 VUs  4m07.1s/9m00.0s

running (4m08.1s), 5000/5000 VUs, 51013 complete and 0 interrupted iterations
users   [  46% ] 5000/5000 VUs  4m08.1s/9m00.0s

running (4m09.1s), 5000/5000 VUs, 51197 complete and 0 interrupted iterations
users   [  46% ] 5000/5000 VUs  4m09.1s/9m00.0s

running (4m10.1s), 5000/5000 VUs, 51359 complete and 0 interrupted iterations
users   [  46% ] 5000/5000 VUs  4m10.1s/9m00.0s

running (4m11.1s), 5000/5000 VUs, 51535 complete and 0 interrupted iterations
users   [  47% ] 5000/5000 VUs  4m11.1s/9m00.0s

running (4m12.1s), 5000/5000 VUs, 51722 complete and 0 interrupted iterations
users   [  47% ] 5000/5000 VUs  4m12.1s/9m00.0s

running (4m13.1s), 5000/5000 VUs, 51871 complete and 0 interrupted iterations
users   [  47% ] 5000/5000 VUs  4m13.1s/9m00.0s

running (4m14.1s), 5000/5000 VUs, 52078 complete and 0 interrupted iterations
users   [  47% ] 5000/5000 VUs  4m14.1s/9m00.0s

running (4m15.1s), 5000/5000 VUs, 52221 complete and 0 interrupted iterations
users   [  47% ] 5000/5000 VUs  4m15.1s/9m00.0s

running (4m16.1s), 5000/5000 VUs, 52392 complete and 0 interrupted iterations
users   [  47% ] 5000/5000 VUs  4m16.1s/9m00.0s

running (4m17.1s), 5000/5000 VUs, 52589 complete and 0 interrupted iterations
users   [  48% ] 5000/5000 VUs  4m17.1s/9m00.0s

running (4m18.1s), 5000/5000 VUs, 52753 complete and 0 interrupted iterations
users   [  48% ] 5000/5000 VUs  4m18.1s/9m00.0s

running (4m19.1s), 5000/5000 VUs, 52945 complete and 0 interrupted iterations
users   [  48% ] 5000/5000 VUs  4m19.1s/9m00.0s

running (4m20.1s), 5000/5000 VUs, 53073 complete and 0 interrupted iterations
users   [  48% ] 5000/5000 VUs  4m20.1s/9m00.0s

running (4m21.1s), 5000/5000 VUs, 53252 complete and 0 interrupted iterations
users   [  48% ] 5000/5000 VUs  4m21.1s/9m00.0s

running (4m22.1s), 5000/5000 VUs, 53458 complete and 0 interrupted iterations
users   [  49% ] 5000/5000 VUs  4m22.1s/9m00.0s

running (4m23.1s), 5000/5000 VUs, 53625 complete and 0 interrupted iterations
users   [  49% ] 5000/5000 VUs  4m23.1s/9m00.0s

running (4m24.1s), 5000/5000 VUs, 53816 complete and 0 interrupted iterations
users   [  49% ] 5000/5000 VUs  4m24.1s/9m00.0s

running (4m25.1s), 5000/5000 VUs, 53989 complete and 0 interrupted iterations
users   [  49% ] 5000/5000 VUs  4m25.1s/9m00.0s

running (4m26.1s), 5000/5000 VUs, 54164 complete and 0 interrupted iterations
users   [  49% ] 5000/5000 VUs  4m26.1s/9m00.0s

running (4m27.1s), 5000/5000 VUs, 54339 complete and 0 interrupted iterations
users   [  49% ] 5000/5000 VUs  4m27.1s/9m00.0s

running (4m28.1s), 5000/5000 VUs, 54509 complete and 0 interrupted iterations
users   [  50% ] 5000/5000 VUs  4m28.1s/9m00.0s

running (4m29.1s), 5000/5000 VUs, 54708 complete and 0 interrupted iterations
users   [  50% ] 5000/5000 VUs  4m29.1s/9m00.0s

running (4m30.1s), 5000/5000 VUs, 54896 complete and 0 interrupted iterations
users   [  50% ] 5000/5000 VUs  4m30.1s/9m00.0s

running (4m31.1s), 5000/5000 VUs, 55047 complete and 0 interrupted iterations
users   [  50% ] 5000/5000 VUs  4m31.1s/9m00.0s

running (4m32.1s), 5000/5000 VUs, 55225 complete and 0 interrupted iterations
users   [  50% ] 5000/5000 VUs  4m32.1s/9m00.0s

running (4m33.1s), 5000/5000 VUs, 55413 complete and 0 interrupted iterations
users   [  51% ] 5000/5000 VUs  4m33.1s/9m00.0s

running (4m34.1s), 5000/5000 VUs, 55592 complete and 0 interrupted iterations
users   [  51% ] 5000/5000 VUs  4m34.1s/9m00.0s

running (4m35.1s), 5000/5000 VUs, 55799 complete and 0 interrupted iterations
users   [  51% ] 5000/5000 VUs  4m35.1s/9m00.0s

running (4m36.1s), 5000/5000 VUs, 55962 complete and 0 interrupted iterations
users   [  51% ] 5000/5000 VUs  4m36.1s/9m00.0s

running (4m37.1s), 5000/5000 VUs, 56151 complete and 0 interrupted iterations
users   [  51% ] 5000/5000 VUs  4m37.1s/9m00.0s

running (4m38.1s), 5000/5000 VUs, 56333 complete and 0 interrupted iterations
users   [  52% ] 5000/5000 VUs  4m38.1s/9m00.0s

running (4m39.1s), 5000/5000 VUs, 56530 complete and 0 interrupted iterations
users   [  52% ] 5000/5000 VUs  4m39.1s/9m00.0s

running (4m40.1s), 5000/5000 VUs, 56729 complete and 0 interrupted iterations
users   [  52% ] 5000/5000 VUs  4m40.1s/9m00.0s

running (4m41.1s), 5000/5000 VUs, 56904 complete and 0 interrupted iterations
users   [  52% ] 5000/5000 VUs  4m41.1s/9m00.0s

running (4m42.1s), 5000/5000 VUs, 57089 complete and 0 interrupted iterations
users   [  52% ] 5000/5000 VUs  4m42.1s/9m00.0s

running (4m43.1s), 5000/5000 VUs, 57248 complete and 0 interrupted iterations
users   [  52% ] 5000/5000 VUs  4m43.1s/9m00.0s

running (4m44.1s), 5000/5000 VUs, 57448 complete and 0 interrupted iterations
users   [  53% ] 5000/5000 VUs  4m44.1s/9m00.0s

running (4m45.1s), 5000/5000 VUs, 57616 complete and 0 interrupted iterations
users   [  53% ] 5000/5000 VUs  4m45.1s/9m00.0s

running (4m46.1s), 5000/5000 VUs, 57812 complete and 0 interrupted iterations
users   [  53% ] 5000/5000 VUs  4m46.1s/9m00.0s

running (4m47.1s), 5000/5000 VUs, 58005 complete and 0 interrupted iterations
users   [  53% ] 5000/5000 VUs  4m47.1s/9m00.0s

running (4m48.1s), 5000/5000 VUs, 58174 complete and 0 interrupted iterations
users   [  53% ] 5000/5000 VUs  4m48.1s/9m00.0s

running (4m49.1s), 5000/5000 VUs, 58374 complete and 0 interrupted iterations
users   [  54% ] 5000/5000 VUs  4m49.1s/9m00.0s

running (4m50.1s), 5000/5000 VUs, 58525 complete and 0 interrupted iterations
users   [  54% ] 5000/5000 VUs  4m50.1s/9m00.0s

running (4m51.1s), 5000/5000 VUs, 58710 complete and 0 interrupted iterations
users   [  54% ] 5000/5000 VUs  4m51.1s/9m00.0s

running (4m52.1s), 5000/5000 VUs, 58885 complete and 0 interrupted iterations
users   [  54% ] 5000/5000 VUs  4m52.1s/9m00.0s

running (4m53.1s), 5000/5000 VUs, 59066 complete and 0 interrupted iterations
users   [  54% ] 5000/5000 VUs  4m53.1s/9m00.0s

running (4m54.1s), 5000/5000 VUs, 59266 complete and 0 interrupted iterations
users   [  54% ] 5000/5000 VUs  4m54.1s/9m00.0s

running (4m55.1s), 5000/5000 VUs, 59441 complete and 0 interrupted iterations
users   [  55% ] 5000/5000 VUs  4m55.1s/9m00.0s

running (4m56.1s), 5000/5000 VUs, 59642 complete and 0 interrupted iterations
users   [  55% ] 5000/5000 VUs  4m56.1s/9m00.0s

running (4m57.1s), 5000/5000 VUs, 59811 complete and 0 interrupted iterations
users   [  55% ] 5000/5000 VUs  4m57.1s/9m00.0s

running (4m58.1s), 5000/5000 VUs, 59987 complete and 0 interrupted iterations
users   [  55% ] 5000/5000 VUs  4m58.1s/9m00.0s

running (4m59.1s), 5000/5000 VUs, 60170 complete and 0 interrupted iterations
users   [  55% ] 5000/5000 VUs  4m59.1s/9m00.0s

running (5m00.1s), 5000/5000 VUs, 60353 complete and 0 interrupted iterations
users   [  56% ] 5000/5000 VUs  5m00.1s/9m00.0s

running (5m01.1s), 5000/5000 VUs, 60542 complete and 0 interrupted iterations
users   [  56% ] 5000/5000 VUs  5m01.1s/9m00.0s

running (5m02.1s), 5000/5000 VUs, 60714 complete and 0 interrupted iterations
users   [  56% ] 5000/5000 VUs  5m02.1s/9m00.0s

running (5m03.1s), 5000/5000 VUs, 60905 complete and 0 interrupted iterations
users   [  56% ] 5000/5000 VUs  5m03.1s/9m00.0s

running (5m04.1s), 5000/5000 VUs, 61065 complete and 0 interrupted iterations
users   [  56% ] 5000/5000 VUs  5m04.1s/9m00.0s

running (5m05.1s), 5000/5000 VUs, 61268 complete and 0 interrupted iterations
users   [  57% ] 5000/5000 VUs  5m05.1s/9m00.0s

running (5m06.1s), 5000/5000 VUs, 61462 complete and 0 interrupted iterations
users   [  57% ] 5000/5000 VUs  5m06.1s/9m00.0s

running (5m07.1s), 5000/5000 VUs, 61620 complete and 0 interrupted iterations
users   [  57% ] 5000/5000 VUs  5m07.1s/9m00.0s

running (5m08.1s), 5000/5000 VUs, 61823 complete and 0 interrupted iterations
users   [  57% ] 5000/5000 VUs  5m08.1s/9m00.0s

running (5m09.1s), 5000/5000 VUs, 61981 complete and 0 interrupted iterations
users   [  57% ] 5000/5000 VUs  5m09.1s/9m00.0s

running (5m10.1s), 5000/5000 VUs, 62168 complete and 0 interrupted iterations
users   [  57% ] 5000/5000 VUs  5m10.1s/9m00.0s

running (5m11.1s), 5000/5000 VUs, 62365 complete and 0 interrupted iterations
users   [  58% ] 5000/5000 VUs  5m11.1s/9m00.0s

running (5m12.1s), 5000/5000 VUs, 62516 complete and 0 interrupted iterations
users   [  58% ] 5000/5000 VUs  5m12.1s/9m00.0s

running (5m13.1s), 5000/5000 VUs, 62714 complete and 0 interrupted iterations
users   [  58% ] 5000/5000 VUs  5m13.1s/9m00.0s

running (5m14.1s), 5000/5000 VUs, 62917 complete and 0 interrupted iterations
users   [  58% ] 5000/5000 VUs  5m14.1s/9m00.0s

running (5m15.1s), 5000/5000 VUs, 63095 complete and 0 interrupted iterations
users   [  58% ] 5000/5000 VUs  5m15.1s/9m00.0s

running (5m16.1s), 5000/5000 VUs, 63247 complete and 0 interrupted iterations
users   [  59% ] 5000/5000 VUs  5m16.1s/9m00.0s

running (5m17.1s), 5000/5000 VUs, 63424 complete and 0 interrupted iterations
users   [  59% ] 5000/5000 VUs  5m17.1s/9m00.0s

running (5m18.1s), 5000/5000 VUs, 63615 complete and 0 interrupted iterations
users   [  59% ] 5000/5000 VUs  5m18.1s/9m00.0s

running (5m19.1s), 5000/5000 VUs, 63786 complete and 0 interrupted iterations
users   [  59% ] 5000/5000 VUs  5m19.1s/9m00.0s

running (5m20.1s), 5000/5000 VUs, 63976 complete and 0 interrupted iterations
users   [  59% ] 5000/5000 VUs  5m20.1s/9m00.0s

running (5m21.1s), 5000/5000 VUs, 64162 complete and 0 interrupted iterations
users   [  59% ] 5000/5000 VUs  5m21.1s/9m00.0s

running (5m22.1s), 5000/5000 VUs, 64364 complete and 0 interrupted iterations
users   [  60% ] 5000/5000 VUs  5m22.1s/9m00.0s

running (5m23.1s), 5000/5000 VUs, 64528 complete and 0 interrupted iterations
users   [  60% ] 5000/5000 VUs  5m23.1s/9m00.0s

running (5m24.1s), 5000/5000 VUs, 64723 complete and 0 interrupted iterations
users   [  60% ] 5000/5000 VUs  5m24.1s/9m00.0s

running (5m25.1s), 5000/5000 VUs, 64937 complete and 0 interrupted iterations
users   [  60% ] 5000/5000 VUs  5m25.1s/9m00.0s

running (5m26.1s), 5000/5000 VUs, 65008 complete and 0 interrupted iterations
users   [  60% ] 5000/5000 VUs  5m26.1s/9m00.0s

running (5m27.1s), 5000/5000 VUs, 65145 complete and 0 interrupted iterations
users   [  61% ] 5000/5000 VUs  5m27.1s/9m00.0s

running (5m28.1s), 5000/5000 VUs, 65338 complete and 0 interrupted iterations
users   [  61% ] 5000/5000 VUs  5m28.1s/9m00.0s

running (5m29.1s), 5000/5000 VUs, 65544 complete and 0 interrupted iterations
users   [  61% ] 5000/5000 VUs  5m29.1s/9m00.0s

running (5m30.1s), 5000/5000 VUs, 65729 complete and 0 interrupted iterations
users   [  61% ] 5000/5000 VUs  5m30.1s/9m00.0s

running (5m31.1s), 5000/5000 VUs, 65928 complete and 0 interrupted iterations
users   [  61% ] 5000/5000 VUs  5m31.1s/9m00.0s

running (5m32.1s), 5000/5000 VUs, 66132 complete and 0 interrupted iterations
users   [  62% ] 5000/5000 VUs  5m32.1s/9m00.0s

running (5m33.1s), 5000/5000 VUs, 66317 complete and 0 interrupted iterations
users   [  62% ] 5000/5000 VUs  5m33.1s/9m00.0s

running (5m34.1s), 5000/5000 VUs, 66508 complete and 0 interrupted iterations
users   [  62% ] 5000/5000 VUs  5m34.1s/9m00.0s

running (5m35.1s), 5000/5000 VUs, 66719 complete and 0 interrupted iterations
users   [  62% ] 5000/5000 VUs  5m35.1s/9m00.0s

running (5m36.1s), 5000/5000 VUs, 66742 complete and 0 interrupted iterations
users   [  62% ] 5000/5000 VUs  5m36.1s/9m00.0s

running (5m37.1s), 5000/5000 VUs, 66750 complete and 0 interrupted iterations
users   [  62% ] 5000/5000 VUs  5m37.1s/9m00.0s

running (5m38.1s), 5000/5000 VUs, 66969 complete and 0 interrupted iterations
users   [  63% ] 5000/5000 VUs  5m38.1s/9m00.0s

running (5m39.1s), 5000/5000 VUs, 67057 complete and 0 interrupted iterations
users   [  63% ] 5000/5000 VUs  5m39.1s/9m00.0s

running (5m40.1s), 5000/5000 VUs, 67263 complete and 0 interrupted iterations
users   [  63% ] 5000/5000 VUs  5m40.1s/9m00.0s

running (5m41.1s), 5000/5000 VUs, 67473 complete and 0 interrupted iterations
users   [  63% ] 5000/5000 VUs  5m41.1s/9m00.0s

running (5m42.1s), 5000/5000 VUs, 67652 complete and 0 interrupted iterations
users   [  63% ] 5000/5000 VUs  5m42.1s/9m00.0s

running (5m43.1s), 5000/5000 VUs, 67838 complete and 0 interrupted iterations
users   [  64% ] 5000/5000 VUs  5m43.1s/9m00.0s

running (5m44.1s), 5000/5000 VUs, 68033 complete and 0 interrupted iterations
users   [  64% ] 5000/5000 VUs  5m44.1s/9m00.0s

running (5m45.1s), 5000/5000 VUs, 68205 complete and 0 interrupted iterations
users   [  64% ] 5000/5000 VUs  5m45.1s/9m00.0s

running (5m46.1s), 5000/5000 VUs, 68363 complete and 0 interrupted iterations
users   [  64% ] 5000/5000 VUs  5m46.1s/9m00.0s

running (5m47.1s), 5000/5000 VUs, 68559 complete and 0 interrupted iterations
users   [  64% ] 5000/5000 VUs  5m47.1s/9m00.0s

running (5m48.1s), 5000/5000 VUs, 68755 complete and 0 interrupted iterations
users   [  64% ] 5000/5000 VUs  5m48.1s/9m00.0s

running (5m49.1s), 5000/5000 VUs, 68937 complete and 0 interrupted iterations
users   [  65% ] 5000/5000 VUs  5m49.1s/9m00.0s

running (5m50.1s), 5000/5000 VUs, 69114 complete and 0 interrupted iterations
users   [  65% ] 5000/5000 VUs  5m50.1s/9m00.0s

running (5m51.1s), 5000/5000 VUs, 69319 complete and 0 interrupted iterations
users   [  65% ] 5000/5000 VUs  5m51.1s/9m00.0s

running (5m52.1s), 5000/5000 VUs, 69528 complete and 0 interrupted iterations
users   [  65% ] 5000/5000 VUs  5m52.1s/9m00.0s

running (5m53.1s), 5000/5000 VUs, 69696 complete and 0 interrupted iterations
users   [  65% ] 5000/5000 VUs  5m53.1s/9m00.0s

running (5m54.1s), 5000/5000 VUs, 69764 complete and 0 interrupted iterations
users   [  66% ] 5000/5000 VUs  5m54.1s/9m00.0s

running (5m55.1s), 5000/5000 VUs, 69766 complete and 0 interrupted iterations
users   [  66% ] 5000/5000 VUs  5m55.1s/9m00.0s

running (5m56.1s), 5000/5000 VUs, 69907 complete and 0 interrupted iterations
users   [  66% ] 5000/5000 VUs  5m56.1s/9m00.0s

running (5m57.1s), 5000/5000 VUs, 70110 complete and 0 interrupted iterations
users   [  66% ] 5000/5000 VUs  5m57.1s/9m00.0s

running (5m58.1s), 5000/5000 VUs, 70244 complete and 0 interrupted iterations
users   [  66% ] 5000/5000 VUs  5m58.1s/9m00.0s

running (5m59.1s), 5000/5000 VUs, 70441 complete and 0 interrupted iterations
users   [  67% ] 5000/5000 VUs  5m59.1s/9m00.0s

running (6m00.1s), 5000/5000 VUs, 70647 complete and 0 interrupted iterations
users   [  67% ] 5000/5000 VUs  6m00.1s/9m00.0s

running (6m01.1s), 5000/5000 VUs, 70838 complete and 0 interrupted iterations
users   [  67% ] 5000/5000 VUs  6m01.1s/9m00.0s

running (6m02.1s), 5000/5000 VUs, 71020 complete and 0 interrupted iterations
users   [  67% ] 5000/5000 VUs  6m02.1s/9m00.0s

running (6m03.1s), 5000/5000 VUs, 71226 complete and 0 interrupted iterations
users   [  67% ] 5000/5000 VUs  6m03.1s/9m00.0s

running (6m04.1s), 5000/5000 VUs, 71421 complete and 0 interrupted iterations
users   [  67% ] 5000/5000 VUs  6m04.1s/9m00.0s

running (6m05.1s), 5000/5000 VUs, 71604 complete and 0 interrupted iterations
users   [  68% ] 5000/5000 VUs  6m05.1s/9m00.0s

running (6m06.1s), 5000/5000 VUs, 71789 complete and 0 interrupted iterations
users   [  68% ] 5000/5000 VUs  6m06.1s/9m00.0s

running (6m07.1s), 5000/5000 VUs, 71966 complete and 0 interrupted iterations
users   [  68% ] 5000/5000 VUs  6m07.1s/9m00.0s

running (6m08.1s), 5000/5000 VUs, 72151 complete and 0 interrupted iterations
users   [  68% ] 5000/5000 VUs  6m08.1s/9m00.0s

running (6m09.1s), 5000/5000 VUs, 72341 complete and 0 interrupted iterations
users   [  68% ] 5000/5000 VUs  6m09.1s/9m00.0s

running (6m10.1s), 5000/5000 VUs, 72539 complete and 0 interrupted iterations
users   [  69% ] 5000/5000 VUs  6m10.1s/9m00.0s

running (6m11.1s), 5000/5000 VUs, 72739 complete and 0 interrupted iterations
users   [  69% ] 5000/5000 VUs  6m11.1s/9m00.0s

running (6m12.1s), 5000/5000 VUs, 72901 complete and 0 interrupted iterations
users   [  69% ] 5000/5000 VUs  6m12.1s/9m00.0s

running (6m13.1s), 5000/5000 VUs, 73100 complete and 0 interrupted iterations
users   [  69% ] 5000/5000 VUs  6m13.1s/9m00.0s

running (6m14.1s), 5000/5000 VUs, 73305 complete and 0 interrupted iterations
users   [  69% ] 5000/5000 VUs  6m14.1s/9m00.0s

running (6m15.1s), 5000/5000 VUs, 73450 complete and 0 interrupted iterations
users   [  69% ] 5000/5000 VUs  6m15.1s/9m00.0s

running (6m16.1s), 5000/5000 VUs, 73599 complete and 0 interrupted iterations
users   [  70% ] 5000/5000 VUs  6m16.1s/9m00.0s

running (6m17.1s), 5000/5000 VUs, 73662 complete and 0 interrupted iterations
users   [  70% ] 5000/5000 VUs  6m17.1s/9m00.0s

running (6m18.1s), 5000/5000 VUs, 73794 complete and 0 interrupted iterations
users   [  70% ] 5000/5000 VUs  6m18.1s/9m00.0s

running (6m19.1s), 5000/5000 VUs, 74001 complete and 0 interrupted iterations
users   [  70% ] 5000/5000 VUs  6m19.1s/9m00.0s

running (6m20.1s), 5000/5000 VUs, 74144 complete and 0 interrupted iterations
users   [  70% ] 5000/5000 VUs  6m20.1s/9m00.0s

running (6m21.1s), 5000/5000 VUs, 74318 complete and 0 interrupted iterations
users   [  71% ] 5000/5000 VUs  6m21.1s/9m00.0s

running (6m22.1s), 5000/5000 VUs, 74509 complete and 0 interrupted iterations
users   [  71% ] 5000/5000 VUs  6m22.1s/9m00.0s

running (6m23.1s), 5000/5000 VUs, 74694 complete and 0 interrupted iterations
users   [  71% ] 5000/5000 VUs  6m23.1s/9m00.0s

running (6m24.1s), 5000/5000 VUs, 74847 complete and 0 interrupted iterations
users   [  71% ] 5000/5000 VUs  6m24.1s/9m00.0s

running (6m25.1s), 5000/5000 VUs, 75035 complete and 0 interrupted iterations
users   [  71% ] 5000/5000 VUs  6m25.1s/9m00.0s

running (6m26.1s), 5000/5000 VUs, 75173 complete and 0 interrupted iterations
users   [  72% ] 5000/5000 VUs  6m26.1s/9m00.0s

running (6m27.1s), 5000/5000 VUs, 75320 complete and 0 interrupted iterations
users   [  72% ] 5000/5000 VUs  6m27.1s/9m00.0s

running (6m28.1s), 5000/5000 VUs, 75465 complete and 0 interrupted iterations
users   [  72% ] 5000/5000 VUs  6m28.1s/9m00.0s

running (6m29.1s), 5000/5000 VUs, 75654 complete and 0 interrupted iterations
users   [  72% ] 5000/5000 VUs  6m29.1s/9m00.0s

running (6m30.1s), 5000/5000 VUs, 75834 complete and 0 interrupted iterations
users   [  72% ] 5000/5000 VUs  6m30.1s/9m00.0s

running (6m31.1s), 5000/5000 VUs, 75998 complete and 0 interrupted iterations
users   [  72% ] 5000/5000 VUs  6m31.1s/9m00.0s

running (6m32.1s), 5000/5000 VUs, 76195 complete and 0 interrupted iterations
users   [  73% ] 5000/5000 VUs  6m32.1s/9m00.0s

running (6m33.1s), 5000/5000 VUs, 76390 complete and 0 interrupted iterations
users   [  73% ] 5000/5000 VUs  6m33.1s/9m00.0s

running (6m34.1s), 5000/5000 VUs, 76572 complete and 0 interrupted iterations
users   [  73% ] 5000/5000 VUs  6m34.1s/9m00.0s

running (6m35.1s), 5000/5000 VUs, 76733 complete and 0 interrupted iterations
users   [  73% ] 5000/5000 VUs  6m35.1s/9m00.0s

running (6m36.1s), 5000/5000 VUs, 76917 complete and 0 interrupted iterations
users   [  73% ] 5000/5000 VUs  6m36.1s/9m00.0s

running (6m37.1s), 5000/5000 VUs, 77103 complete and 0 interrupted iterations
users   [  74% ] 5000/5000 VUs  6m37.1s/9m00.0s

running (6m38.1s), 5000/5000 VUs, 77273 complete and 0 interrupted iterations
users   [  74% ] 5000/5000 VUs  6m38.1s/9m00.0s

running (6m39.1s), 5000/5000 VUs, 77435 complete and 0 interrupted iterations
users   [  74% ] 5000/5000 VUs  6m39.1s/9m00.0s

running (6m40.1s), 5000/5000 VUs, 77620 complete and 0 interrupted iterations
users   [  74% ] 5000/5000 VUs  6m40.1s/9m00.0s

running (6m41.1s), 5000/5000 VUs, 77795 complete and 0 interrupted iterations
users   [  74% ] 5000/5000 VUs  6m41.1s/9m00.0s

running (6m42.1s), 5000/5000 VUs, 77950 complete and 0 interrupted iterations
users   [  74% ] 5000/5000 VUs  6m42.1s/9m00.0s

running (6m43.1s), 5000/5000 VUs, 78148 complete and 0 interrupted iterations
users   [  75% ] 5000/5000 VUs  6m43.1s/9m00.0s

running (6m44.1s), 5000/5000 VUs, 78340 complete and 0 interrupted iterations
users   [  75% ] 5000/5000 VUs  6m44.1s/9m00.0s

running (6m45.1s), 5000/5000 VUs, 78527 complete and 0 interrupted iterations
users   [  75% ] 5000/5000 VUs  6m45.1s/9m00.0s

running (6m46.1s), 5000/5000 VUs, 78700 complete and 0 interrupted iterations
users   [  75% ] 5000/5000 VUs  6m46.1s/9m00.0s

running (6m47.1s), 5000/5000 VUs, 78900 complete and 0 interrupted iterations
users   [  75% ] 5000/5000 VUs  6m47.1s/9m00.0s

running (6m48.1s), 5000/5000 VUs, 79073 complete and 0 interrupted iterations
users   [  76% ] 5000/5000 VUs  6m48.1s/9m00.0s

running (6m49.1s), 5000/5000 VUs, 79241 complete and 0 interrupted iterations
users   [  76% ] 5000/5000 VUs  6m49.1s/9m00.0s

running (6m50.1s), 5000/5000 VUs, 79422 complete and 0 interrupted iterations
users   [  76% ] 5000/5000 VUs  6m50.1s/9m00.0s

running (6m51.1s), 5000/5000 VUs, 79606 complete and 0 interrupted iterations
users   [  76% ] 5000/5000 VUs  6m51.1s/9m00.0s

running (6m52.1s), 5000/5000 VUs, 79792 complete and 0 interrupted iterations
users   [  76% ] 5000/5000 VUs  6m52.1s/9m00.0s

running (6m53.1s), 5000/5000 VUs, 79952 complete and 0 interrupted iterations
users   [  77% ] 5000/5000 VUs  6m53.1s/9m00.0s

running (6m54.1s), 5000/5000 VUs, 80141 complete and 0 interrupted iterations
users   [  77% ] 5000/5000 VUs  6m54.1s/9m00.0s

running (6m55.1s), 5000/5000 VUs, 80285 complete and 0 interrupted iterations
users   [  77% ] 5000/5000 VUs  6m55.1s/9m00.0s

running (6m56.1s), 5000/5000 VUs, 80476 complete and 0 interrupted iterations
users   [  77% ] 5000/5000 VUs  6m56.1s/9m00.0s

running (6m57.1s), 5000/5000 VUs, 80645 complete and 0 interrupted iterations
users   [  77% ] 5000/5000 VUs  6m57.1s/9m00.0s

running (6m58.1s), 5000/5000 VUs, 80811 complete and 0 interrupted iterations
users   [  77% ] 5000/5000 VUs  6m58.1s/9m00.0s

running (6m59.1s), 5000/5000 VUs, 80994 complete and 0 interrupted iterations
users   [  78% ] 5000/5000 VUs  6m59.1s/9m00.0s

running (7m00.1s), 5000/5000 VUs, 81147 complete and 0 interrupted iterations
users   [  78% ] 5000/5000 VUs  7m00.1s/9m00.0s

running (7m01.1s), 4996/5000 VUs, 81289 complete and 0 interrupted iterations
users   [  78% ] 4996/5000 VUs  7m01.1s/9m00.0s

running (7m02.1s), 4990/5000 VUs, 81467 complete and 0 interrupted iterations
users   [  78% ] 4990/5000 VUs  7m02.1s/9m00.0s

running (7m03.1s), 4982/5000 VUs, 81647 complete and 0 interrupted iterations
users   [  78% ] 4982/5000 VUs  7m03.1s/9m00.0s

running (7m04.1s), 4964/5000 VUs, 81802 complete and 0 interrupted iterations
users   [  79% ] 4964/5000 VUs  7m04.1s/9m00.0s

running (7m05.1s), 4950/5000 VUs, 82002 complete and 0 interrupted iterations
users   [  79% ] 4950/5000 VUs  7m05.1s/9m00.0s

running (7m06.1s), 4932/5000 VUs, 82205 complete and 0 interrupted iterations
users   [  79% ] 4932/5000 VUs  7m06.1s/9m00.0s

running (7m07.1s), 4918/5000 VUs, 82373 complete and 0 interrupted iterations
users   [  79% ] 4918/5000 VUs  7m07.1s/9m00.0s

running (7m08.1s), 4908/5000 VUs, 82536 complete and 0 interrupted iterations
users   [  79% ] 4908/5000 VUs  7m08.1s/9m00.0s

running (7m09.1s), 4903/5000 VUs, 82724 complete and 0 interrupted iterations
users   [  79% ] 4903/5000 VUs  7m09.1s/9m00.0s

running (7m10.1s), 4900/5000 VUs, 82911 complete and 0 interrupted iterations
users   [  80% ] 4900/5000 VUs  7m10.1s/9m00.0s

running (7m11.1s), 4900/5000 VUs, 83070 complete and 0 interrupted iterations
users   [  80% ] 4900/5000 VUs  7m11.1s/9m00.0s

running (7m12.1s), 4898/5000 VUs, 83277 complete and 0 interrupted iterations
users   [  80% ] 4898/5000 VUs  7m12.1s/9m00.0s

running (7m13.1s), 4894/5000 VUs, 83483 complete and 0 interrupted iterations
users   [  80% ] 4894/5000 VUs  7m13.1s/9m00.0s

running (7m14.1s), 4887/5000 VUs, 83667 complete and 0 interrupted iterations
users   [  80% ] 4887/5000 VUs  7m14.1s/9m00.0s

running (7m15.1s), 4870/5000 VUs, 83846 complete and 0 interrupted iterations
users   [  81% ] 4870/5000 VUs  7m15.1s/9m00.0s

running (7m16.1s), 4833/5000 VUs, 84052 complete and 0 interrupted iterations
users   [  81% ] 4833/5000 VUs  7m16.1s/9m00.0s

running (7m17.1s), 4816/5000 VUs, 84151 complete and 0 interrupted iterations
users   [  81% ] 4816/5000 VUs  7m17.1s/9m00.0s

running (7m18.1s), 4792/5000 VUs, 84308 complete and 0 interrupted iterations
users   [  81% ] 4792/5000 VUs  7m18.1s/9m00.0s

running (7m19.1s), 4759/5000 VUs, 84504 complete and 0 interrupted iterations
users   [  81% ] 4759/5000 VUs  7m19.1s/9m00.0s

running (7m20.1s), 4717/5000 VUs, 84702 complete and 0 interrupted iterations
users   [  82% ] 4717/5000 VUs  7m20.1s/9m00.0s

running (7m21.1s), 4681/5000 VUs, 84899 complete and 0 interrupted iterations
users   [  82% ] 4681/5000 VUs  7m21.1s/9m00.0s

running (7m22.1s), 4659/5000 VUs, 85041 complete and 0 interrupted iterations
users   [  82% ] 4659/5000 VUs  7m22.1s/9m00.0s

running (7m23.1s), 4634/5000 VUs, 85222 complete and 0 interrupted iterations
users   [  82% ] 4634/5000 VUs  7m23.1s/9m00.0s

running (7m24.1s), 4602/5000 VUs, 85406 complete and 0 interrupted iterations
users   [  82% ] 4602/5000 VUs  7m24.1s/9m00.0s

running (7m25.1s), 4570/5000 VUs, 85565 complete and 0 interrupted iterations
users   [  82% ] 4570/5000 VUs  7m25.1s/9m00.0s

running (7m26.1s), 4533/5000 VUs, 85743 complete and 0 interrupted iterations
users   [  83% ] 4533/5000 VUs  7m26.1s/9m00.0s

running (7m27.1s), 4463/5000 VUs, 85944 complete and 0 interrupted iterations
users   [  83% ] 4463/5000 VUs  7m27.1s/9m00.0s

running (7m28.1s), 4405/5000 VUs, 86152 complete and 0 interrupted iterations
users   [  83% ] 4405/5000 VUs  7m28.1s/9m00.0s

running (7m29.1s), 4352/5000 VUs, 86302 complete and 0 interrupted iterations
users   [  83% ] 4352/5000 VUs  7m29.1s/9m00.0s

running (7m30.1s), 4296/5000 VUs, 86489 complete and 0 interrupted iterations
users   [  83% ] 4296/5000 VUs  7m30.1s/9m00.0s

running (7m31.1s), 4257/5000 VUs, 86676 complete and 0 interrupted iterations
users   [  84% ] 4257/5000 VUs  7m31.1s/9m00.0s

running (7m32.1s), 4233/5000 VUs, 86843 complete and 1 interrupted iterations
users   [  84% ] 4233/5000 VUs  7m32.1s/9m00.0s

running (7m33.1s), 4202/5000 VUs, 87025 complete and 1 interrupted iterations
users   [  84% ] 4202/5000 VUs  7m33.1s/9m00.0s

running (7m34.1s), 4164/5000 VUs, 87221 complete and 1 interrupted iterations
users   [  84% ] 4164/5000 VUs  7m34.1s/9m00.0s

running (7m35.1s), 4116/5000 VUs, 87414 complete and 2 interrupted iterations
users   [  84% ] 4116/5000 VUs  7m35.1s/9m00.0s

running (7m36.1s), 4083/5000 VUs, 87573 complete and 2 interrupted iterations
users   [  84% ] 4083/5000 VUs  7m36.1s/9m00.0s

running (7m37.1s), 4034/5000 VUs, 87762 complete and 4 interrupted iterations
users   [  85% ] 4034/5000 VUs  7m37.1s/9m00.0s

running (7m38.1s), 3978/5000 VUs, 87947 complete and 5 interrupted iterations
users   [  85% ] 3978/5000 VUs  7m38.1s/9m00.0s

running (7m39.1s), 3932/5000 VUs, 88109 complete and 7 interrupted iterations
users   [  85% ] 3932/5000 VUs  7m39.1s/9m00.0s

running (7m40.1s), 3877/5000 VUs, 88286 complete and 7 interrupted iterations
users   [  85% ] 3877/5000 VUs  7m40.1s/9m00.0s

running (7m41.1s), 3818/5000 VUs, 88492 complete and 8 interrupted iterations
users   [  85% ] 3818/5000 VUs  7m41.1s/9m00.0s

running (7m42.1s), 3771/5000 VUs, 88692 complete and 10 interrupted iterations
users   [  86% ] 3771/5000 VUs  7m42.1s/9m00.0s

running (7m43.1s), 3727/5000 VUs, 88860 complete and 10 interrupted iterations
users   [  86% ] 3727/5000 VUs  7m43.1s/9m00.0s

running (7m44.1s), 3687/5000 VUs, 89063 complete and 10 interrupted iterations
users   [  86% ] 3687/5000 VUs  7m44.1s/9m00.0s

running (7m45.1s), 3640/5000 VUs, 89271 complete and 10 interrupted iterations
users   [  86% ] 3640/5000 VUs  7m45.1s/9m00.0s

running (7m46.1s), 3599/5000 VUs, 89441 complete and 10 interrupted iterations
users   [  86% ] 3599/5000 VUs  7m46.1s/9m00.0s

running (7m47.1s), 3578/5000 VUs, 89621 complete and 11 interrupted iterations
users   [  87% ] 3578/5000 VUs  7m47.1s/9m00.0s

running (7m48.1s), 3522/5000 VUs, 89822 complete and 11 interrupted iterations
users   [  87% ] 3522/5000 VUs  7m48.1s/9m00.0s

running (7m49.1s), 3463/5000 VUs, 90002 complete and 12 interrupted iterations
users   [  87% ] 3463/5000 VUs  7m49.1s/9m00.0s

running (7m50.1s), 3408/5000 VUs, 90172 complete and 14 interrupted iterations
users   [  87% ] 3408/5000 VUs  7m50.1s/9m00.0s

running (7m51.1s), 3353/5000 VUs, 90367 complete and 14 interrupted iterations
users   [  87% ] 3353/5000 VUs  7m51.1s/9m00.0s

running (7m52.1s), 3301/5000 VUs, 90557 complete and 14 interrupted iterations
users   [  87% ] 3301/5000 VUs  7m52.1s/9m00.0s

running (7m53.1s), 3254/5000 VUs, 90740 complete and 14 interrupted iterations
users   [  88% ] 3254/5000 VUs  7m53.1s/9m00.0s

running (7m54.1s), 3210/5000 VUs, 90921 complete and 14 interrupted iterations
users   [  88% ] 3210/5000 VUs  7m54.1s/9m00.0s

running (7m55.1s), 3160/5000 VUs, 91107 complete and 14 interrupted iterations
users   [  88% ] 3160/5000 VUs  7m55.1s/9m00.0s

running (7m56.1s), 3104/5000 VUs, 91290 complete and 15 interrupted iterations
users   [  88% ] 3104/5000 VUs  7m56.1s/9m00.0s

running (7m57.1s), 3051/5000 VUs, 91453 complete and 16 interrupted iterations
users   [  88% ] 3051/5000 VUs  7m57.1s/9m00.0s

running (7m58.1s), 3001/5000 VUs, 91636 complete and 18 interrupted iterations
users   [  89% ] 3001/5000 VUs  7m58.1s/9m00.0s

running (7m59.1s), 2945/5000 VUs, 91835 complete and 18 interrupted iterations
users   [  89% ] 2945/5000 VUs  7m59.1s/9m00.0s

running (8m00.1s), 2907/5000 VUs, 92008 complete and 19 interrupted iterations
users   [  89% ] 2907/5000 VUs  8m00.1s/9m00.0s

running (8m01.1s), 2866/5000 VUs, 92212 complete and 21 interrupted iterations
users   [  89% ] 2866/5000 VUs  8m01.1s/9m00.0s

running (8m02.1s), 2822/5000 VUs, 92396 complete and 22 interrupted iterations
users   [  89% ] 2822/5000 VUs  8m02.1s/9m00.0s

running (8m03.1s), 2770/5000 VUs, 92585 complete and 22 interrupted iterations
users   [  89% ] 2770/5000 VUs  8m03.1s/9m00.0s

running (8m04.1s), 2736/5000 VUs, 92741 complete and 22 interrupted iterations
users   [  90% ] 2736/5000 VUs  8m04.1s/9m00.0s

running (8m05.1s), 2686/5000 VUs, 92926 complete and 22 interrupted iterations
users   [  90% ] 2686/5000 VUs  8m05.1s/9m00.0s

running (8m06.1s), 2626/5000 VUs, 93114 complete and 22 interrupted iterations
users   [  90% ] 2626/5000 VUs  8m06.1s/9m00.0s

running (8m07.1s), 2586/5000 VUs, 93280 complete and 22 interrupted iterations
users   [  90% ] 2586/5000 VUs  8m07.1s/9m00.0s

running (8m08.1s), 2539/5000 VUs, 93461 complete and 22 interrupted iterations
users   [  90% ] 2539/5000 VUs  8m08.1s/9m00.0s

running (8m09.1s), 2489/5000 VUs, 93645 complete and 23 interrupted iterations
users   [  91% ] 2489/5000 VUs  8m09.1s/9m00.0s

running (8m10.1s), 2440/5000 VUs, 93835 complete and 23 interrupted iterations
users   [  91% ] 2440/5000 VUs  8m10.1s/9m00.0s

running (8m11.1s), 2405/5000 VUs, 93975 complete and 23 interrupted iterations
users   [  91% ] 2405/5000 VUs  8m11.1s/9m00.0s

running (8m12.1s), 2374/5000 VUs, 94102 complete and 23 interrupted iterations
users   [  91% ] 2374/5000 VUs  8m12.1s/9m00.0s

running (8m13.1s), 2323/5000 VUs, 94287 complete and 23 interrupted iterations
users   [  91% ] 2323/5000 VUs  8m13.1s/9m00.0s

running (8m14.1s), 2287/5000 VUs, 94452 complete and 23 interrupted iterations
users   [  92% ] 2287/5000 VUs  8m14.1s/9m00.0s

running (8m15.1s), 2238/5000 VUs, 94601 complete and 23 interrupted iterations
users   [  92% ] 2238/5000 VUs  8m15.1s/9m00.0s

running (8m16.1s), 2190/5000 VUs, 94778 complete and 23 interrupted iterations
users   [  92% ] 2190/5000 VUs  8m16.1s/9m00.0s

running (8m17.1s), 2143/5000 VUs, 94920 complete and 23 interrupted iterations
users   [  92% ] 2143/5000 VUs  8m17.1s/9m00.0s

running (8m18.1s), 2078/5000 VUs, 95129 complete and 23 interrupted iterations
users   [  92% ] 2078/5000 VUs  8m18.1s/9m00.0s

running (8m19.1s), 2025/5000 VUs, 95308 complete and 23 interrupted iterations
users   [  92% ] 2025/5000 VUs  8m19.1s/9m00.0s

running (8m20.1s), 1985/5000 VUs, 95473 complete and 23 interrupted iterations
users   [  93% ] 1985/5000 VUs  8m20.1s/9m00.0s

running (8m21.1s), 1930/5000 VUs, 95662 complete and 23 interrupted iterations
users   [  93% ] 1930/5000 VUs  8m21.1s/9m00.0s

running (8m22.1s), 1871/5000 VUs, 95865 complete and 23 interrupted iterations
users   [  93% ] 1871/5000 VUs  8m22.1s/9m00.0s

running (8m23.1s), 1827/5000 VUs, 96018 complete and 23 interrupted iterations
users   [  93% ] 1827/5000 VUs  8m23.1s/9m00.0s

running (8m24.1s), 1780/5000 VUs, 96176 complete and 23 interrupted iterations
users   [  93% ] 1780/5000 VUs  8m24.1s/9m00.0s

running (8m25.1s), 1728/5000 VUs, 96370 complete and 23 interrupted iterations
users   [  94% ] 1728/5000 VUs  8m25.1s/9m00.0s

running (8m26.1s), 1671/5000 VUs, 96571 complete and 23 interrupted iterations
users   [  94% ] 1671/5000 VUs  8m26.1s/9m00.0s

running (8m27.1s), 1627/5000 VUs, 96753 complete and 23 interrupted iterations
users   [  94% ] 1627/5000 VUs  8m27.1s/9m00.0s

running (8m28.1s), 1575/5000 VUs, 96932 complete and 23 interrupted iterations
users   [  94% ] 1575/5000 VUs  8m28.1s/9m00.0s

running (8m29.1s), 1527/5000 VUs, 97116 complete and 23 interrupted iterations
users   [  94% ] 1527/5000 VUs  8m29.1s/9m00.0s

running (8m30.1s), 1476/5000 VUs, 97310 complete and 23 interrupted iterations
users   [  94% ] 1475/5000 VUs  8m30.1s/9m00.0s

running (8m31.1s), 1434/5000 VUs, 97468 complete and 23 interrupted iterations
users   [  95% ] 1434/5000 VUs  8m31.1s/9m00.0s

running (8m32.1s), 1381/5000 VUs, 97669 complete and 23 interrupted iterations
users   [  95% ] 1381/5000 VUs  8m32.1s/9m00.0s

running (8m33.1s), 1311/5000 VUs, 97871 complete and 23 interrupted iterations
users   [  95% ] 1311/5000 VUs  8m33.1s/9m00.0s

running (8m34.1s), 1256/5000 VUs, 98054 complete and 23 interrupted iterations
users   [  95% ] 1256/5000 VUs  8m34.1s/9m00.0s

running (8m35.1s), 1220/5000 VUs, 98211 complete and 23 interrupted iterations
users   [  95% ] 1220/5000 VUs  8m35.1s/9m00.0s

running (8m36.1s), 1165/5000 VUs, 98405 complete and 23 interrupted iterations
users   [  96% ] 1165/5000 VUs  8m36.1s/9m00.0s

running (8m37.1s), 1121/5000 VUs, 98602 complete and 23 interrupted iterations
users   [  96% ] 1121/5000 VUs  8m37.1s/9m00.0s

running (8m38.1s), 1079/5000 VUs, 98774 complete and 23 interrupted iterations
users   [  96% ] 1079/5000 VUs  8m38.1s/9m00.0s

running (8m39.1s), 1020/5000 VUs, 98965 complete and 23 interrupted iterations
users   [  96% ] 1020/5000 VUs  8m39.1s/9m00.0s

running (8m40.1s), 0969/5000 VUs, 99182 complete and 23 interrupted iterations
users   [  96% ] 0969/5000 VUs  8m40.1s/9m00.0s

running (8m41.1s), 0928/5000 VUs, 99351 complete and 23 interrupted iterations
users   [  97% ] 0928/5000 VUs  8m41.1s/9m00.0s

running (8m42.1s), 0890/5000 VUs, 99511 complete and 23 interrupted iterations
users   [  97% ] 0890/5000 VUs  8m42.1s/9m00.0s

running (8m43.1s), 0821/5000 VUs, 99728 complete and 23 interrupted iterations
users   [  97% ] 0821/5000 VUs  8m43.1s/9m00.0s

running (8m44.1s), 0763/5000 VUs, 99978 complete and 23 interrupted iterations
users   [  97% ] 0763/5000 VUs  8m44.1s/9m00.0s

running (8m45.1s), 0720/5000 VUs, 100144 complete and 23 interrupted iterations
users   [  97% ] 0720/5000 VUs  8m45.1s/9m00.0s

running (8m46.1s), 0680/5000 VUs, 100273 complete and 23 interrupted iterations
users   [  97% ] 0680/5000 VUs  8m46.1s/9m00.0s

running (8m47.1s), 0653/5000 VUs, 100395 complete and 23 interrupted iterations
users   [  98% ] 0653/5000 VUs  8m47.1s/9m00.0s

running (8m48.1s), 0613/5000 VUs, 100541 complete and 23 interrupted iterations
users   [  98% ] 0613/5000 VUs  8m48.1s/9m00.0s

running (8m49.1s), 0557/5000 VUs, 100730 complete and 23 interrupted iterations
users   [  98% ] 0557/5000 VUs  8m49.1s/9m00.0s

running (8m50.1s), 0515/5000 VUs, 100853 complete and 23 interrupted iterations
users   [  98% ] 0515/5000 VUs  8m50.1s/9m00.0s

running (8m51.1s), 0486/5000 VUs, 100946 complete and 23 interrupted iterations
users   [  98% ] 0486/5000 VUs  8m51.1s/9m00.0s

running (8m52.1s), 0444/5000 VUs, 101043 complete and 23 interrupted iterations
users   [  99% ] 0444/5000 VUs  8m52.1s/9m00.0s

running (8m53.1s), 0394/5000 VUs, 101146 complete and 23 interrupted iterations
users   [  99% ] 0394/5000 VUs  8m53.1s/9m00.0s

running (8m54.1s), 0348/5000 VUs, 101277 complete and 23 interrupted iterations
users   [  99% ] 0348/5000 VUs  8m54.1s/9m00.0s

running (8m55.1s), 0313/5000 VUs, 101358 complete and 23 interrupted iterations
users   [  99% ] 0313/5000 VUs  8m55.1s/9m00.0s

running (8m56.1s), 0275/5000 VUs, 101426 complete and 23 interrupted iterations
users   [  99% ] 0275/5000 VUs  8m56.1s/9m00.0s

running (8m57.1s), 0239/5000 VUs, 101483 complete and 23 interrupted iterations
users   [  99% ] 0239/5000 VUs  8m57.1s/9m00.0s

running (8m58.1s), 0199/5000 VUs, 101540 complete and 23 interrupted iterations
users   [ 100% ] 0199/5000 VUs  8m58.1s/9m00.0s

running (8m59.1s), 0138/5000 VUs, 101620 complete and 23 interrupted iterations
users   [ 100% ] 0138/5000 VUs  8m59.1s/9m00.0s

running (9m00.1s), 0095/5000 VUs, 101666 complete and 23 interrupted iterations
users ↓ [ 100% ] 0097/5000 VUs  9m0s

running (9m01.1s), 0064/5000 VUs, 101697 complete and 23 interrupted iterations
users ↓ [ 100% ] 0097/5000 VUs  9m0s

running (9m02.1s), 0041/5000 VUs, 101720 complete and 23 interrupted iterations
users ↓ [ 100% ] 0097/5000 VUs  9m0s

running (9m03.1s), 0023/5000 VUs, 101738 complete and 23 interrupted iterations
users ↓ [ 100% ] 0097/5000 VUs  9m0s

running (9m04.1s), 0003/5000 VUs, 101758 complete and 23 interrupted iterations
users ↓ [ 100% ] 0097/5000 VUs  9m0s


  █ THRESHOLDS 

    checks{phase:bench}
    ✓ 'rate>0.99' rate=100.00%

    http_req_duration{name:confirm,phase:bench}
    ✗ 'p(95)<200' p(95)=22.84s
    ✗ 'p(99)<600' p(99)=23.83s

    http_req_duration{name:download_expired,phase:bench}
    ✓ 'p(95)<200' p(95)=0s
    ✓ 'p(99)<600' p(99)=0s

    http_req_duration{name:download,phase:bench}
    ✗ 'p(95)<200' p(95)=24.93s
    ✗ 'p(99)<600' p(99)=26.14s

    http_req_duration{name:upload,phase:bench}
    ✗ 'p(95)<200' p(95)=23.01s
    ✗ 'p(99)<600' p(99)=23.91s

    http_req_failed{phase:bench}
    ✓ 'rate<0.01' rate=0.00%

    server_errors{phase:bench}
    ✓ 'rate<0.01' rate=0.00%


  █ TOTAL RESULTS 

    checks_total.......: 104485  191.839859/s
    checks_succeeded...: 100.00% 104485 out of 104485
    checks_failed......: 0.00%   0 out of 104485

    ✓ download as expected
    ✓ upload link 201
    ✓ confirm 200

    CUSTOM
    server_errors.............................: 0.00%  0 out of 104485
      { phase:bench }.........................: 0.00%  0 out of 54049

    HTTP
    http_req_duration.........................: med=21.45s p(95)=24.36s p(99)=25.65s avg=15.57s max=30.61s
      { expected_response:true }..............: med=21.45s p(95)=24.36s p(99)=25.65s avg=15.57s max=30.61s
      { name:confirm,phase:bench }............: med=21.69s p(95)=22.84s p(99)=23.83s avg=21.71s max=24.59s
      { name:download_expired,phase:bench }...: med=0s     p(95)=0s     p(99)=0s     avg=0s     max=0s    
      { name:download,phase:bench }...........: med=22.7s  p(95)=24.93s p(99)=26.14s avg=22.85s max=30.61s
      { name:upload,phase:bench }.............: med=21.7s  p(95)=23.01s p(99)=23.91s avg=21.72s max=24.32s
    http_req_failed...........................: 0.00%  0 out of 104485
      { phase:bench }.........................: 0.00%  0 out of 54081
    http_reqs.................................: 104485 191.839859/s

    EXECUTION
    iteration_duration........................: med=26.55s p(95)=29.75s p(99)=49.66s avg=21.04s max=54.45s
    iterations................................: 101761 186.838454/s
    vus.......................................: 3      min=3           max=5000
    vus_max...................................: 5000   min=5000        max=5000

    NETWORK
    data_received.............................: 246 MB 452 kB/s
    data_sent.................................: 85 MB  156 kB/s




running (9m04.6s), 0000/5000 VUs, 101761 complete and 23 interrupted iterations
users ✓ [ 100% ] 0000/5000 VUs  9m0s
time="2026-09-30T10:02:55Z" level=error msg="thresholds on metrics 'http_req_duration{name:confirm,phase:bench}, http_req_duration{name:download,phase:bench}, http_req_duration{name:upload,phase:bench}' have been crossed"
== 5000 users: fail
== resting 120s
== pass 2: 2500 users (passed up to 0, failed from 5000)
TRUNCATE TABLE
SELECT 10000
ALTER TABLE
UPDATE 10000
INSERT 0 10000
COPY 10000
VACUUM
  expiry   | count 
-----------+-------
 HOURS24   |  3302
 MINUTES15 |  3353
 MINUTES30 |  3345
(3 rows)

 rows  |  table  | indexes |  total  
-------+---------+---------+---------
 10000 | 1112 kB | 1496 kB | 2608 kB
(1 row)

wrote /tmp/seed.csv (10000 files). Copy it to the load generator and run load-file-list.sh.
file list loaded: 10000 files
time="2026-09-30T10:04:57Z" level=info msg="Automatic extension resolution is enabled. The current k6 binary doesn't satisfy all dependencies, it's required to provision a custom binary." deps="k6;k6/x/redis"
time="2026-09-30T10:04:58Z" level=info msg="Using cached k6 binary" artifact_id=d29e86c20dd9a49cb84ea3c41fac5b8b8e524e06 deps="map[k6:v2.3.0 k6/x/redis:v0.4.3]" path=/home/admin/.cache/k6/builds/d29e86c20dd9a49cb84ea3c41fac5b8b8e524e06/k6

         /\      Grafana   /‾‾/  
    /\  /  \     |\  __   /  /   
   /  \/    \    | |/ /  /   ‾‾\ 
  /          \   |   (  |  (‾)  |
 / __________ \  |_|\_\  \_____/ 


     execution: local
        script: /home/admin/Mint-Bench/k6/mint.js
        output: csv (/home/admin/Mint-Bench/bench-sql/results/2026-09-30-0953/vus-2500/k6.csv.gz)

     scenarios: (100.00%) 1 scenario, 2500 max VUs, 9m30s max duration (incl. graceful stop):
              * users: Up to 2500 looping VUs for 9m0s over 3 stages (gracefulRampDown: 30s, gracefulStop: 30s)


running (0m00.5s), 0010/2500 VUs, 0 complete and 0 interrupted iterations
users   [   0% ] 0010/2500 VUs  0m00.5s/9m00.0s

running (0m01.5s), 0031/2500 VUs, 0 complete and 0 interrupted iterations
users   [   0% ] 0031/2500 VUs  0m01.5s/9m00.0s

running (0m02.5s), 0052/2500 VUs, 0 complete and 0 interrupted iterations
users   [   0% ] 0052/2500 VUs  0m02.5s/9m00.0s

running (0m03.5s), 0072/2500 VUs, 0 complete and 0 interrupted iterations
users   [   1% ] 0072/2500 VUs  0m03.5s/9m00.0s

running (0m04.5s), 0093/2500 VUs, 0 complete and 0 interrupted iterations
users   [   1% ] 0093/2500 VUs  0m04.5s/9m00.0s

running (0m05.5s), 0114/2500 VUs, 10 complete and 0 interrupted iterations
users   [   1% ] 0114/2500 VUs  0m05.5s/9m00.0s

running (0m06.5s), 0135/2500 VUs, 30 complete and 0 interrupted iterations
users   [   1% ] 0135/2500 VUs  0m06.5s/9m00.0s

running (0m07.5s), 0156/2500 VUs, 50 complete and 0 interrupted iterations
users   [   1% ] 0156/2500 VUs  0m07.5s/9m00.0s

running (0m08.5s), 0177/2500 VUs, 71 complete and 0 interrupted iterations
users   [   2% ] 0177/2500 VUs  0m08.5s/9m00.0s

running (0m09.5s), 0197/2500 VUs, 93 complete and 0 interrupted iterations
users   [   2% ] 0197/2500 VUs  0m09.5s/9m00.0s

running (0m10.5s), 0218/2500 VUs, 123 complete and 0 interrupted iterations
users   [   2% ] 0218/2500 VUs  0m10.5s/9m00.0s

running (0m11.5s), 0239/2500 VUs, 165 complete and 0 interrupted iterations
users   [   2% ] 0239/2500 VUs  0m11.5s/9m00.0s

running (0m12.5s), 0260/2500 VUs, 205 complete and 0 interrupted iterations
users   [   2% ] 0260/2500 VUs  0m12.5s/9m00.0s

running (0m13.5s), 0281/2500 VUs, 245 complete and 0 interrupted iterations
users   [   3% ] 0281/2500 VUs  0m13.5s/9m00.0s

running (0m14.5s), 0302/2500 VUs, 286 complete and 0 interrupted iterations
users   [   3% ] 0302/2500 VUs  0m14.5s/9m00.0s

running (0m15.5s), 0322/2500 VUs, 339 complete and 0 interrupted iterations
users   [   3% ] 0322/2500 VUs  0m15.5s/9m00.0s

running (0m16.5s), 0343/2500 VUs, 403 complete and 0 interrupted iterations
users   [   3% ] 0343/2500 VUs  0m16.5s/9m00.0s

running (0m17.5s), 0364/2500 VUs, 459 complete and 0 interrupted iterations
users   [   3% ] 0364/2500 VUs  0m17.5s/9m00.0s

running (0m18.5s), 0385/2500 VUs, 519 complete and 0 interrupted iterations
users   [   3% ] 0385/2500 VUs  0m18.5s/9m00.0s

running (0m19.5s), 0406/2500 VUs, 582 complete and 0 interrupted iterations
users   [   4% ] 0406/2500 VUs  0m19.5s/9m00.0s

running (0m20.5s), 0427/2500 VUs, 654 complete and 0 interrupted iterations
users   [   4% ] 0427/2500 VUs  0m20.5s/9m00.0s

running (0m21.5s), 0447/2500 VUs, 739 complete and 0 interrupted iterations
users   [   4% ] 0447/2500 VUs  0m21.5s/9m00.0s

running (0m22.5s), 0468/2500 VUs, 815 complete and 0 interrupted iterations
users   [   4% ] 0468/2500 VUs  0m22.5s/9m00.0s

running (0m23.5s), 0489/2500 VUs, 898 complete and 0 interrupted iterations
users   [   4% ] 0489/2500 VUs  0m23.5s/9m00.0s

running (0m24.5s), 0510/2500 VUs, 985 complete and 0 interrupted iterations
users   [   5% ] 0510/2500 VUs  0m24.5s/9m00.0s

running (0m25.5s), 0531/2500 VUs, 1074 complete and 0 interrupted iterations
users   [   5% ] 0531/2500 VUs  0m25.5s/9m00.0s

running (0m26.5s), 0552/2500 VUs, 1180 complete and 0 interrupted iterations
users   [   5% ] 0552/2500 VUs  0m26.5s/9m00.0s

running (0m27.5s), 0572/2500 VUs, 1280 complete and 0 interrupted iterations
users   [   5% ] 0572/2500 VUs  0m27.5s/9m00.0s

running (0m28.5s), 0593/2500 VUs, 1384 complete and 0 interrupted iterations
users   [   5% ] 0593/2500 VUs  0m28.5s/9m00.0s

running (0m29.5s), 0614/2500 VUs, 1492 complete and 0 interrupted iterations
users   [   5% ] 0614/2500 VUs  0m29.5s/9m00.0s

running (0m30.5s), 0635/2500 VUs, 1599 complete and 0 interrupted iterations
users   [   6% ] 0635/2500 VUs  0m30.5s/9m00.0s

running (0m31.5s), 0656/2500 VUs, 1725 complete and 0 interrupted iterations
users   [   6% ] 0656/2500 VUs  0m31.5s/9m00.0s

running (0m32.5s), 0677/2500 VUs, 1842 complete and 0 interrupted iterations
users   [   6% ] 0677/2500 VUs  0m32.5s/9m00.0s

running (0m33.5s), 0697/2500 VUs, 1965 complete and 0 interrupted iterations
users   [   6% ] 0697/2500 VUs  0m33.5s/9m00.0s

running (0m34.5s), 0718/2500 VUs, 2097 complete and 0 interrupted iterations
users   [   6% ] 0718/2500 VUs  0m34.5s/9m00.0s

running (0m35.5s), 0739/2500 VUs, 2227 complete and 0 interrupted iterations
users   [   7% ] 0739/2500 VUs  0m35.5s/9m00.0s

running (0m36.5s), 0760/2500 VUs, 2369 complete and 0 interrupted iterations
users   [   7% ] 0760/2500 VUs  0m36.5s/9m00.0s

running (0m37.5s), 0781/2500 VUs, 2507 complete and 0 interrupted iterations
users   [   7% ] 0781/2500 VUs  0m37.5s/9m00.0s

running (0m38.5s), 0802/2500 VUs, 2652 complete and 0 interrupted iterations
users   [   7% ] 0802/2500 VUs  0m38.5s/9m00.0s

running (0m39.5s), 0823/2500 VUs, 2809 complete and 0 interrupted iterations
users   [   7% ] 0823/2500 VUs  0m39.5s/9m00.0s

running (0m40.5s), 0843/2500 VUs, 2961 complete and 0 interrupted iterations
users   [   8% ] 0843/2500 VUs  0m40.5s/9m00.0s

running (0m41.5s), 0864/2500 VUs, 3121 complete and 0 interrupted iterations
users   [   8% ] 0864/2500 VUs  0m41.5s/9m00.0s

running (0m42.5s), 0885/2500 VUs, 3277 complete and 0 interrupted iterations
users   [   8% ] 0885/2500 VUs  0m42.5s/9m00.0s

running (0m43.5s), 0906/2500 VUs, 3441 complete and 0 interrupted iterations
users   [   8% ] 0906/2500 VUs  0m43.5s/9m00.0s

running (0m44.5s), 0927/2500 VUs, 3623 complete and 0 interrupted iterations
users   [   8% ] 0927/2500 VUs  0m44.5s/9m00.0s

running (0m45.5s), 0947/2500 VUs, 3796 complete and 0 interrupted iterations
users   [   8% ] 0947/2500 VUs  0m45.5s/9m00.0s

running (0m46.5s), 0968/2500 VUs, 3975 complete and 0 interrupted iterations
users   [   9% ] 0968/2500 VUs  0m46.5s/9m00.0s

running (0m47.5s), 0989/2500 VUs, 4154 complete and 0 interrupted iterations
users   [   9% ] 0989/2500 VUs  0m47.5s/9m00.0s

running (0m48.5s), 1010/2500 VUs, 4341 complete and 0 interrupted iterations
users   [   9% ] 1010/2500 VUs  0m48.5s/9m00.0s

running (0m49.5s), 1031/2500 VUs, 4545 complete and 0 interrupted iterations
users   [   9% ] 1031/2500 VUs  0m49.5s/9m00.0s

running (0m50.5s), 1052/2500 VUs, 4737 complete and 0 interrupted iterations
users   [   9% ] 1052/2500 VUs  0m50.5s/9m00.0s

running (0m51.5s), 1072/2500 VUs, 4932 complete and 0 interrupted iterations
users   [  10% ] 1072/2500 VUs  0m51.5s/9m00.0s

running (0m52.5s), 1093/2500 VUs, 5133 complete and 0 interrupted iterations
users   [  10% ] 1093/2500 VUs  0m52.5s/9m00.0s

running (0m53.5s), 1114/2500 VUs, 5341 complete and 0 interrupted iterations
users   [  10% ] 1114/2500 VUs  0m53.5s/9m00.0s

running (0m54.5s), 1135/2500 VUs, 5566 complete and 0 interrupted iterations
users   [  10% ] 1135/2500 VUs  0m54.5s/9m00.0s

running (0m55.5s), 1156/2500 VUs, 5782 complete and 0 interrupted iterations
users   [  10% ] 1156/2500 VUs  0m55.5s/9m00.0s

running (0m56.5s), 1177/2500 VUs, 5993 complete and 0 interrupted iterations
users   [  10% ] 1177/2500 VUs  0m56.5s/9m00.0s

running (0m57.5s), 1197/2500 VUs, 6209 complete and 0 interrupted iterations
users   [  11% ] 1197/2500 VUs  0m57.5s/9m00.0s

running (0m58.5s), 1218/2500 VUs, 6437 complete and 0 interrupted iterations
users   [  11% ] 1218/2500 VUs  0m58.5s/9m00.0s

running (0m59.5s), 1239/2500 VUs, 6688 complete and 0 interrupted iterations
users   [  11% ] 1239/2500 VUs  0m59.5s/9m00.0s

running (1m00.5s), 1260/2500 VUs, 6919 complete and 0 interrupted iterations
users   [  11% ] 1260/2500 VUs  1m00.5s/9m00.0s

running (1m01.5s), 1281/2500 VUs, 7149 complete and 0 interrupted iterations
users   [  11% ] 1281/2500 VUs  1m01.5s/9m00.0s

running (1m02.5s), 1302/2500 VUs, 7392 complete and 0 interrupted iterations
users   [  12% ] 1302/2500 VUs  1m02.5s/9m00.0s

running (1m03.5s), 1322/2500 VUs, 7645 complete and 0 interrupted iterations
users   [  12% ] 1322/2500 VUs  1m03.5s/9m00.0s

running (1m04.5s), 1343/2500 VUs, 7918 complete and 0 interrupted iterations
users   [  12% ] 1343/2500 VUs  1m04.5s/9m00.0s

running (1m05.5s), 1364/2500 VUs, 8169 complete and 0 interrupted iterations
users   [  12% ] 1364/2500 VUs  1m05.5s/9m00.0s

running (1m06.5s), 1385/2500 VUs, 8416 complete and 0 interrupted iterations
users   [  12% ] 1385/2500 VUs  1m06.5s/9m00.0s

running (1m07.5s), 1406/2500 VUs, 8679 complete and 0 interrupted iterations
users   [  13% ] 1406/2500 VUs  1m07.5s/9m00.0s

running (1m08.5s), 1427/2500 VUs, 8920 complete and 0 interrupted iterations
users   [  13% ] 1427/2500 VUs  1m08.5s/9m00.0s

running (1m09.5s), 1447/2500 VUs, 9247 complete and 0 interrupted iterations
users   [  13% ] 1447/2500 VUs  1m09.5s/9m00.0s

running (1m10.5s), 1468/2500 VUs, 9521 complete and 0 interrupted iterations
users   [  13% ] 1468/2500 VUs  1m10.5s/9m00.0s

running (1m11.5s), 1489/2500 VUs, 9785 complete and 0 interrupted iterations
users   [  13% ] 1489/2500 VUs  1m11.5s/9m00.0s

running (1m12.5s), 1510/2500 VUs, 10068 complete and 0 interrupted iterations
users   [  13% ] 1510/2500 VUs  1m12.5s/9m00.0s

running (1m13.5s), 1531/2500 VUs, 10332 complete and 0 interrupted iterations
users   [  14% ] 1531/2500 VUs  1m13.5s/9m00.0s

running (1m14.5s), 1552/2500 VUs, 10679 complete and 0 interrupted iterations
users   [  14% ] 1552/2500 VUs  1m14.5s/9m00.0s

running (1m15.5s), 1572/2500 VUs, 10974 complete and 0 interrupted iterations
users   [  14% ] 1572/2500 VUs  1m15.5s/9m00.0s

running (1m16.5s), 1593/2500 VUs, 11255 complete and 0 interrupted iterations
users   [  14% ] 1593/2500 VUs  1m16.5s/9m00.0s

running (1m17.5s), 1614/2500 VUs, 11550 complete and 0 interrupted iterations
users   [  14% ] 1614/2500 VUs  1m17.5s/9m00.0s

running (1m18.5s), 1635/2500 VUs, 11839 complete and 0 interrupted iterations
users   [  15% ] 1635/2500 VUs  1m18.5s/9m00.0s

running (1m19.5s), 1656/2500 VUs, 12208 complete and 0 interrupted iterations
users   [  15% ] 1656/2500 VUs  1m19.5s/9m00.0s

running (1m20.5s), 1677/2500 VUs, 12523 complete and 0 interrupted iterations
users   [  15% ] 1677/2500 VUs  1m20.5s/9m00.0s

running (1m21.5s), 1697/2500 VUs, 12822 complete and 0 interrupted iterations
users   [  15% ] 1697/2500 VUs  1m21.5s/9m00.0s

running (1m22.5s), 1718/2500 VUs, 13146 complete and 0 interrupted iterations
users   [  15% ] 1718/2500 VUs  1m22.5s/9m00.0s

running (1m23.5s), 1739/2500 VUs, 13457 complete and 0 interrupted iterations
users   [  15% ] 1739/2500 VUs  1m23.5s/9m00.0s

running (1m24.5s), 1760/2500 VUs, 13843 complete and 0 interrupted iterations
users   [  16% ] 1760/2500 VUs  1m24.5s/9m00.0s

running (1m25.5s), 1781/2500 VUs, 14178 complete and 0 interrupted iterations
users   [  16% ] 1781/2500 VUs  1m25.5s/9m00.0s

running (1m26.5s), 1802/2500 VUs, 14494 complete and 0 interrupted iterations
users   [  16% ] 1802/2500 VUs  1m26.5s/9m00.0s

running (1m27.5s), 1822/2500 VUs, 14844 complete and 0 interrupted iterations
users   [  16% ] 1822/2500 VUs  1m27.5s/9m00.0s

running (1m28.5s), 1843/2500 VUs, 15171 complete and 0 interrupted iterations
users   [  16% ] 1843/2500 VUs  1m28.5s/9m00.0s

running (1m29.5s), 1864/2500 VUs, 15584 complete and 0 interrupted iterations
users   [  17% ] 1864/2500 VUs  1m29.5s/9m00.0s

running (1m30.5s), 1885/2500 VUs, 15937 complete and 0 interrupted iterations
users   [  17% ] 1885/2500 VUs  1m30.5s/9m00.0s

running (1m31.5s), 1906/2500 VUs, 16280 complete and 0 interrupted iterations
users   [  17% ] 1906/2500 VUs  1m31.5s/9m00.0s

running (1m32.5s), 1927/2500 VUs, 16648 complete and 0 interrupted iterations
users   [  17% ] 1927/2500 VUs  1m32.5s/9m00.0s

running (1m33.5s), 1947/2500 VUs, 16998 complete and 0 interrupted iterations
users   [  17% ] 1947/2500 VUs  1m33.5s/9m00.0s

running (1m34.5s), 1968/2500 VUs, 17420 complete and 0 interrupted iterations
users   [  18% ] 1968/2500 VUs  1m34.5s/9m00.0s

running (1m35.5s), 1989/2500 VUs, 17797 complete and 0 interrupted iterations
users   [  18% ] 1989/2500 VUs  1m35.5s/9m00.0s

running (1m36.5s), 2010/2500 VUs, 18155 complete and 0 interrupted iterations
users   [  18% ] 2010/2500 VUs  1m36.5s/9m00.0s

running (1m37.5s), 2031/2500 VUs, 18549 complete and 0 interrupted iterations
users   [  18% ] 2031/2500 VUs  1m37.5s/9m00.0s

running (1m38.5s), 2052/2500 VUs, 18921 complete and 0 interrupted iterations
users   [  18% ] 2052/2500 VUs  1m38.5s/9m00.0s

running (1m39.5s), 2072/2500 VUs, 19363 complete and 0 interrupted iterations
users   [  18% ] 2072/2500 VUs  1m39.5s/9m00.0s

running (1m40.5s), 2093/2500 VUs, 19766 complete and 0 interrupted iterations
users   [  19% ] 2093/2500 VUs  1m40.5s/9m00.0s

running (1m41.5s), 2114/2500 VUs, 20106 complete and 0 interrupted iterations
users   [  19% ] 2114/2500 VUs  1m41.5s/9m00.0s

running (1m42.5s), 2135/2500 VUs, 20549 complete and 0 interrupted iterations
users   [  19% ] 2135/2500 VUs  1m42.5s/9m00.0s

running (1m43.5s), 2156/2500 VUs, 20686 complete and 0 interrupted iterations
users   [  19% ] 2156/2500 VUs  1m43.5s/9m00.0s

running (1m44.5s), 2177/2500 VUs, 20976 complete and 0 interrupted iterations
users   [  19% ] 2177/2500 VUs  1m44.5s/9m00.0s

running (1m45.5s), 2197/2500 VUs, 21167 complete and 0 interrupted iterations
users   [  20% ] 2197/2500 VUs  1m45.5s/9m00.0s

running (1m46.5s), 2218/2500 VUs, 21312 complete and 0 interrupted iterations
users   [  20% ] 2218/2500 VUs  1m46.5s/9m00.0s

running (1m47.5s), 2239/2500 VUs, 21448 complete and 0 interrupted iterations
users   [  20% ] 2239/2500 VUs  1m47.5s/9m00.0s

running (1m48.5s), 2260/2500 VUs, 21598 complete and 0 interrupted iterations
users   [  20% ] 2260/2500 VUs  1m48.5s/9m00.0s

running (1m49.5s), 2281/2500 VUs, 21780 complete and 0 interrupted iterations
users   [  20% ] 2281/2500 VUs  1m49.5s/9m00.0s

running (1m50.5s), 2302/2500 VUs, 21952 complete and 0 interrupted iterations
users   [  20% ] 2302/2500 VUs  1m50.5s/9m00.0s

running (1m51.5s), 2322/2500 VUs, 22116 complete and 0 interrupted iterations
users   [  21% ] 2322/2500 VUs  1m51.5s/9m00.0s

running (1m52.5s), 2343/2500 VUs, 22308 complete and 0 interrupted iterations
users   [  21% ] 2343/2500 VUs  1m52.5s/9m00.0s

running (1m53.5s), 2364/2500 VUs, 22509 complete and 0 interrupted iterations
users   [  21% ] 2364/2500 VUs  1m53.5s/9m00.0s

running (1m54.5s), 2385/2500 VUs, 22707 complete and 0 interrupted iterations
users   [  21% ] 2385/2500 VUs  1m54.5s/9m00.0s

running (1m55.5s), 2406/2500 VUs, 22938 complete and 0 interrupted iterations
users   [  21% ] 2406/2500 VUs  1m55.5s/9m00.0s

running (1m56.5s), 2427/2500 VUs, 23118 complete and 0 interrupted iterations
users   [  22% ] 2427/2500 VUs  1m56.5s/9m00.0s

running (1m57.5s), 2447/2500 VUs, 23325 complete and 0 interrupted iterations
users   [  22% ] 2447/2500 VUs  1m57.5s/9m00.0s

running (1m58.5s), 2468/2500 VUs, 23521 complete and 0 interrupted iterations
users   [  22% ] 2468/2500 VUs  1m58.5s/9m00.0s

running (1m59.5s), 2489/2500 VUs, 23721 complete and 0 interrupted iterations
users   [  22% ] 2489/2500 VUs  1m59.5s/9m00.0s

running (2m00.5s), 2500/2500 VUs, 23908 complete and 0 interrupted iterations
users   [  22% ] 2500/2500 VUs  2m00.5s/9m00.0s

running (2m01.5s), 2500/2500 VUs, 24075 complete and 0 interrupted iterations
users   [  23% ] 2500/2500 VUs  2m01.5s/9m00.0s

running (2m02.5s), 2500/2500 VUs, 24288 complete and 0 interrupted iterations
users   [  23% ] 2500/2500 VUs  2m02.5s/9m00.0s

running (2m03.5s), 2500/2500 VUs, 24488 complete and 0 interrupted iterations
users   [  23% ] 2500/2500 VUs  2m03.5s/9m00.0s

running (2m04.5s), 2500/2500 VUs, 24683 complete and 0 interrupted iterations
users   [  23% ] 2500/2500 VUs  2m04.5s/9m00.0s

running (2m05.5s), 2500/2500 VUs, 24879 complete and 0 interrupted iterations
users   [  23% ] 2500/2500 VUs  2m05.5s/9m00.0s

running (2m06.5s), 2500/2500 VUs, 25022 complete and 0 interrupted iterations
users   [  23% ] 2500/2500 VUs  2m06.5s/9m00.0s

running (2m07.5s), 2500/2500 VUs, 25206 complete and 0 interrupted iterations
users   [  24% ] 2500/2500 VUs  2m07.5s/9m00.0s

running (2m08.5s), 2500/2500 VUs, 25388 complete and 0 interrupted iterations
users   [  24% ] 2500/2500 VUs  2m08.5s/9m00.0s

running (2m09.5s), 2500/2500 VUs, 25595 complete and 0 interrupted iterations
users   [  24% ] 2500/2500 VUs  2m09.5s/9m00.0s

running (2m10.5s), 2500/2500 VUs, 25777 complete and 0 interrupted iterations
users   [  24% ] 2500/2500 VUs  2m10.5s/9m00.0s

running (2m11.5s), 2500/2500 VUs, 25947 complete and 0 interrupted iterations
users   [  24% ] 2500/2500 VUs  2m11.5s/9m00.0s

running (2m12.5s), 2500/2500 VUs, 26137 complete and 0 interrupted iterations
users   [  25% ] 2500/2500 VUs  2m12.5s/9m00.0s

running (2m13.5s), 2500/2500 VUs, 26325 complete and 0 interrupted iterations
users   [  25% ] 2500/2500 VUs  2m13.5s/9m00.0s

running (2m14.5s), 2500/2500 VUs, 26502 complete and 0 interrupted iterations
users   [  25% ] 2500/2500 VUs  2m14.5s/9m00.0s

running (2m15.5s), 2500/2500 VUs, 26690 complete and 0 interrupted iterations
users   [  25% ] 2500/2500 VUs  2m15.5s/9m00.0s

running (2m16.5s), 2500/2500 VUs, 26860 complete and 0 interrupted iterations
users   [  25% ] 2500/2500 VUs  2m16.5s/9m00.0s

running (2m17.5s), 2500/2500 VUs, 27032 complete and 0 interrupted iterations
users   [  25% ] 2500/2500 VUs  2m17.5s/9m00.0s

running (2m18.5s), 2500/2500 VUs, 27221 complete and 0 interrupted iterations
users   [  26% ] 2500/2500 VUs  2m18.5s/9m00.0s

running (2m19.5s), 2500/2500 VUs, 27411 complete and 0 interrupted iterations
users   [  26% ] 2500/2500 VUs  2m19.5s/9m00.0s

running (2m20.5s), 2500/2500 VUs, 27598 complete and 0 interrupted iterations
users   [  26% ] 2500/2500 VUs  2m20.5s/9m00.0s

running (2m21.5s), 2500/2500 VUs, 27771 complete and 0 interrupted iterations
users   [  26% ] 2500/2500 VUs  2m21.5s/9m00.0s

running (2m22.5s), 2500/2500 VUs, 27950 complete and 0 interrupted iterations
users   [  26% ] 2500/2500 VUs  2m22.5s/9m00.0s

running (2m23.5s), 2500/2500 VUs, 28141 complete and 0 interrupted iterations
users   [  27% ] 2500/2500 VUs  2m23.5s/9m00.0s

running (2m24.5s), 2500/2500 VUs, 28346 complete and 0 interrupted iterations
users   [  27% ] 2500/2500 VUs  2m24.5s/9m00.0s

running (2m25.5s), 2500/2500 VUs, 28553 complete and 0 interrupted iterations
users   [  27% ] 2500/2500 VUs  2m25.5s/9m00.0s

running (2m26.5s), 2500/2500 VUs, 28737 complete and 0 interrupted iterations
users   [  27% ] 2500/2500 VUs  2m26.5s/9m00.0s

running (2m27.5s), 2500/2500 VUs, 28928 complete and 0 interrupted iterations
users   [  27% ] 2500/2500 VUs  2m27.5s/9m00.0s

running (2m28.5s), 2500/2500 VUs, 29125 complete and 0 interrupted iterations
users   [  28% ] 2500/2500 VUs  2m28.5s/9m00.0s

running (2m29.5s), 2500/2500 VUs, 29328 complete and 0 interrupted iterations
users   [  28% ] 2500/2500 VUs  2m29.5s/9m00.0s

running (2m30.5s), 2500/2500 VUs, 29542 complete and 0 interrupted iterations
users   [  28% ] 2500/2500 VUs  2m30.5s/9m00.0s

running (2m31.5s), 2500/2500 VUs, 29720 complete and 0 interrupted iterations
users   [  28% ] 2500/2500 VUs  2m31.5s/9m00.0s

running (2m32.5s), 2500/2500 VUs, 29935 complete and 0 interrupted iterations
users   [  28% ] 2500/2500 VUs  2m32.5s/9m00.0s

running (2m33.5s), 2500/2500 VUs, 30137 complete and 0 interrupted iterations
users   [  28% ] 2500/2500 VUs  2m33.5s/9m00.0s

running (2m34.5s), 2500/2500 VUs, 30329 complete and 0 interrupted iterations
users   [  29% ] 2500/2500 VUs  2m34.5s/9m00.0s

running (2m35.5s), 2500/2500 VUs, 30508 complete and 0 interrupted iterations
users   [  29% ] 2500/2500 VUs  2m35.5s/9m00.0s

running (2m36.5s), 2500/2500 VUs, 30687 complete and 0 interrupted iterations
users   [  29% ] 2500/2500 VUs  2m36.5s/9m00.0s

running (2m37.5s), 2500/2500 VUs, 30903 complete and 0 interrupted iterations
users   [  29% ] 2500/2500 VUs  2m37.5s/9m00.0s

running (2m38.5s), 2500/2500 VUs, 31069 complete and 0 interrupted iterations
users   [  29% ] 2500/2500 VUs  2m38.5s/9m00.0s

running (2m39.5s), 2500/2500 VUs, 31261 complete and 0 interrupted iterations
users   [  30% ] 2500/2500 VUs  2m39.5s/9m00.0s

running (2m40.5s), 2500/2500 VUs, 31461 complete and 0 interrupted iterations
users   [  30% ] 2500/2500 VUs  2m40.5s/9m00.0s

running (2m41.5s), 2500/2500 VUs, 31624 complete and 0 interrupted iterations
users   [  30% ] 2500/2500 VUs  2m41.5s/9m00.0s

running (2m42.5s), 2500/2500 VUs, 31814 complete and 0 interrupted iterations
users   [  30% ] 2500/2500 VUs  2m42.5s/9m00.0s

running (2m43.5s), 2500/2500 VUs, 32015 complete and 0 interrupted iterations
users   [  30% ] 2500/2500 VUs  2m43.5s/9m00.0s

running (2m44.5s), 2500/2500 VUs, 32219 complete and 0 interrupted iterations
users   [  30% ] 2500/2500 VUs  2m44.5s/9m00.0s

running (2m45.5s), 2500/2500 VUs, 32417 complete and 0 interrupted iterations
users   [  31% ] 2500/2500 VUs  2m45.5s/9m00.0s

running (2m46.5s), 2500/2500 VUs, 32593 complete and 0 interrupted iterations
users   [  31% ] 2500/2500 VUs  2m46.5s/9m00.0s

running (2m47.5s), 2500/2500 VUs, 32782 complete and 0 interrupted iterations
users   [  31% ] 2500/2500 VUs  2m47.5s/9m00.0s

running (2m48.5s), 2500/2500 VUs, 32994 complete and 0 interrupted iterations
users   [  31% ] 2500/2500 VUs  2m48.5s/9m00.0s

running (2m49.5s), 2500/2500 VUs, 33204 complete and 0 interrupted iterations
users   [  31% ] 2500/2500 VUs  2m49.5s/9m00.0s

running (2m50.5s), 2500/2500 VUs, 33402 complete and 0 interrupted iterations
users   [  32% ] 2500/2500 VUs  2m50.5s/9m00.0s

running (2m51.5s), 2500/2500 VUs, 33576 complete and 0 interrupted iterations
users   [  32% ] 2500/2500 VUs  2m51.5s/9m00.0s

running (2m52.5s), 2500/2500 VUs, 33767 complete and 0 interrupted iterations
users   [  32% ] 2500/2500 VUs  2m52.5s/9m00.0s

running (2m53.5s), 2500/2500 VUs, 33966 complete and 0 interrupted iterations
users   [  32% ] 2500/2500 VUs  2m53.5s/9m00.0s

running (2m54.5s), 2500/2500 VUs, 34173 complete and 0 interrupted iterations
users   [  32% ] 2500/2500 VUs  2m54.5s/9m00.0s

running (2m55.5s), 2500/2500 VUs, 34373 complete and 0 interrupted iterations
users   [  33% ] 2500/2500 VUs  2m55.5s/9m00.0s

running (2m56.5s), 2500/2500 VUs, 34534 complete and 0 interrupted iterations
users   [  33% ] 2500/2500 VUs  2m56.5s/9m00.0s

running (2m57.5s), 2500/2500 VUs, 34752 complete and 0 interrupted iterations
users   [  33% ] 2500/2500 VUs  2m57.5s/9m00.0s

running (2m58.5s), 2500/2500 VUs, 34968 complete and 0 interrupted iterations
users   [  33% ] 2500/2500 VUs  2m58.5s/9m00.0s

running (2m59.5s), 2500/2500 VUs, 35170 complete and 0 interrupted iterations
users   [  33% ] 2500/2500 VUs  2m59.5s/9m00.0s

running (3m00.5s), 2500/2500 VUs, 35358 complete and 0 interrupted iterations
users   [  33% ] 2500/2500 VUs  3m00.5s/9m00.0s

running (3m01.5s), 2500/2500 VUs, 35498 complete and 0 interrupted iterations
users   [  34% ] 2500/2500 VUs  3m01.5s/9m00.0s

running (3m02.5s), 2500/2500 VUs, 35694 complete and 0 interrupted iterations
users   [  34% ] 2500/2500 VUs  3m02.5s/9m00.0s

running (3m03.5s), 2500/2500 VUs, 35909 complete and 0 interrupted iterations
users   [  34% ] 2500/2500 VUs  3m03.5s/9m00.0s

running (3m04.5s), 2500/2500 VUs, 36119 complete and 0 interrupted iterations
users   [  34% ] 2500/2500 VUs  3m04.5s/9m00.0s

running (3m05.5s), 2500/2500 VUs, 36319 complete and 0 interrupted iterations
users   [  34% ] 2500/2500 VUs  3m05.5s/9m00.0s

running (3m06.5s), 2500/2500 VUs, 36471 complete and 0 interrupted iterations
users   [  35% ] 2500/2500 VUs  3m06.5s/9m00.0s

running (3m07.5s), 2500/2500 VUs, 36674 complete and 0 interrupted iterations
users   [  35% ] 2500/2500 VUs  3m07.5s/9m00.0s

running (3m08.5s), 2500/2500 VUs, 36866 complete and 0 interrupted iterations
users   [  35% ] 2500/2500 VUs  3m08.5s/9m00.0s

running (3m09.5s), 2500/2500 VUs, 37071 complete and 0 interrupted iterations
users   [  35% ] 2500/2500 VUs  3m09.5s/9m00.0s

running (3m10.5s), 2500/2500 VUs, 37290 complete and 0 interrupted iterations
users   [  35% ] 2500/2500 VUs  3m10.5s/9m00.0s

running (3m11.5s), 2500/2500 VUs, 37464 complete and 0 interrupted iterations
users   [  35% ] 2500/2500 VUs  3m11.5s/9m00.0s

running (3m12.5s), 2500/2500 VUs, 37652 complete and 0 interrupted iterations
users   [  36% ] 2500/2500 VUs  3m12.5s/9m00.0s

running (3m13.5s), 2500/2500 VUs, 37836 complete and 0 interrupted iterations
users   [  36% ] 2500/2500 VUs  3m13.5s/9m00.0s

running (3m14.5s), 2500/2500 VUs, 38023 complete and 0 interrupted iterations
users   [  36% ] 2500/2500 VUs  3m14.5s/9m00.0s

running (3m15.5s), 2500/2500 VUs, 38151 complete and 0 interrupted iterations
users   [  36% ] 2500/2500 VUs  3m15.5s/9m00.0s

running (3m16.5s), 2500/2500 VUs, 38329 complete and 0 interrupted iterations
users   [  36% ] 2500/2500 VUs  3m16.5s/9m00.0s

running (3m17.5s), 2500/2500 VUs, 38506 complete and 0 interrupted iterations
users   [  37% ] 2500/2500 VUs  3m17.5s/9m00.0s

running (3m18.5s), 2500/2500 VUs, 38721 complete and 0 interrupted iterations
users   [  37% ] 2500/2500 VUs  3m18.5s/9m00.0s

running (3m19.5s), 2500/2500 VUs, 38934 complete and 0 interrupted iterations
users   [  37% ] 2500/2500 VUs  3m19.5s/9m00.0s

running (3m20.5s), 2500/2500 VUs, 39145 complete and 0 interrupted iterations
users   [  37% ] 2500/2500 VUs  3m20.5s/9m00.0s

running (3m21.5s), 2500/2500 VUs, 39328 complete and 0 interrupted iterations
users   [  37% ] 2500/2500 VUs  3m21.5s/9m00.0s

running (3m22.5s), 2500/2500 VUs, 39540 complete and 0 interrupted iterations
users   [  38% ] 2500/2500 VUs  3m22.5s/9m00.0s

running (3m23.5s), 2500/2500 VUs, 39762 complete and 0 interrupted iterations
users   [  38% ] 2500/2500 VUs  3m23.5s/9m00.0s

running (3m24.5s), 2500/2500 VUs, 39965 complete and 0 interrupted iterations
users   [  38% ] 2500/2500 VUs  3m24.5s/9m00.0s

running (3m25.5s), 2500/2500 VUs, 40128 complete and 0 interrupted iterations
users   [  38% ] 2500/2500 VUs  3m25.5s/9m00.0s

running (3m26.5s), 2500/2500 VUs, 40272 complete and 0 interrupted iterations
users   [  38% ] 2500/2500 VUs  3m26.5s/9m00.0s

running (3m27.5s), 2500/2500 VUs, 40457 complete and 0 interrupted iterations
users   [  38% ] 2500/2500 VUs  3m27.5s/9m00.0s

running (3m28.5s), 2500/2500 VUs, 40645 complete and 0 interrupted iterations
users   [  39% ] 2500/2500 VUs  3m28.5s/9m00.0s

running (3m29.5s), 2500/2500 VUs, 40839 complete and 0 interrupted iterations
users   [  39% ] 2500/2500 VUs  3m29.5s/9m00.0s

running (3m30.5s), 2500/2500 VUs, 41049 complete and 0 interrupted iterations
users   [  39% ] 2500/2500 VUs  3m30.5s/9m00.0s

running (3m31.5s), 2500/2500 VUs, 41244 complete and 0 interrupted iterations
users   [  39% ] 2500/2500 VUs  3m31.5s/9m00.0s

running (3m32.5s), 2500/2500 VUs, 41447 complete and 0 interrupted iterations
users   [  39% ] 2500/2500 VUs  3m32.5s/9m00.0s

running (3m33.5s), 2500/2500 VUs, 41647 complete and 0 interrupted iterations
users   [  40% ] 2500/2500 VUs  3m33.5s/9m00.0s

running (3m34.5s), 2500/2500 VUs, 41859 complete and 0 interrupted iterations
users   [  40% ] 2500/2500 VUs  3m34.5s/9m00.0s

running (3m35.5s), 2500/2500 VUs, 42067 complete and 0 interrupted iterations
users   [  40% ] 2500/2500 VUs  3m35.5s/9m00.0s

running (3m36.5s), 2500/2500 VUs, 42251 complete and 0 interrupted iterations
users   [  40% ] 2500/2500 VUs  3m36.5s/9m00.0s

running (3m37.5s), 2500/2500 VUs, 42467 complete and 0 interrupted iterations
users   [  40% ] 2500/2500 VUs  3m37.5s/9m00.0s

running (3m38.5s), 2500/2500 VUs, 42681 complete and 0 interrupted iterations
users   [  40% ] 2500/2500 VUs  3m38.5s/9m00.0s

running (3m39.5s), 2500/2500 VUs, 42893 complete and 0 interrupted iterations
users   [  41% ] 2500/2500 VUs  3m39.5s/9m00.0s

running (3m40.5s), 2500/2500 VUs, 43115 complete and 0 interrupted iterations
users   [  41% ] 2500/2500 VUs  3m40.5s/9m00.0s

running (3m41.5s), 2500/2500 VUs, 43292 complete and 0 interrupted iterations
users   [  41% ] 2500/2500 VUs  3m41.5s/9m00.0s

running (3m42.5s), 2500/2500 VUs, 43508 complete and 0 interrupted iterations
users   [  41% ] 2500/2500 VUs  3m42.5s/9m00.0s

running (3m43.5s), 2500/2500 VUs, 43713 complete and 0 interrupted iterations
users   [  41% ] 2500/2500 VUs  3m43.5s/9m00.0s

running (3m44.5s), 2500/2500 VUs, 43929 complete and 0 interrupted iterations
users   [  42% ] 2500/2500 VUs  3m44.5s/9m00.0s

running (3m45.5s), 2500/2500 VUs, 44142 complete and 0 interrupted iterations
users   [  42% ] 2500/2500 VUs  3m45.5s/9m00.0s

running (3m46.5s), 2500/2500 VUs, 44310 complete and 0 interrupted iterations
users   [  42% ] 2500/2500 VUs  3m46.5s/9m00.0s

running (3m47.5s), 2500/2500 VUs, 44528 complete and 0 interrupted iterations
users   [  42% ] 2500/2500 VUs  3m47.5s/9m00.0s

running (3m48.5s), 2500/2500 VUs, 44747 complete and 0 interrupted iterations
users   [  42% ] 2500/2500 VUs  3m48.5s/9m00.0s

running (3m49.5s), 2500/2500 VUs, 44952 complete and 0 interrupted iterations
users   [  43% ] 2500/2500 VUs  3m49.5s/9m00.0s

running (3m50.5s), 2500/2500 VUs, 45155 complete and 0 interrupted iterations
users   [  43% ] 2500/2500 VUs  3m50.5s/9m00.0s

running (3m51.5s), 2500/2500 VUs, 45324 complete and 0 interrupted iterations
users   [  43% ] 2500/2500 VUs  3m51.5s/9m00.0s

running (3m52.5s), 2500/2500 VUs, 45507 complete and 0 interrupted iterations
users   [  43% ] 2500/2500 VUs  3m52.5s/9m00.0s

running (3m53.5s), 2500/2500 VUs, 45722 complete and 0 interrupted iterations
users   [  43% ] 2500/2500 VUs  3m53.5s/9m00.0s

running (3m54.5s), 2500/2500 VUs, 45896 complete and 0 interrupted iterations
users   [  43% ] 2500/2500 VUs  3m54.5s/9m00.0s

running (3m55.5s), 2500/2500 VUs, 46109 complete and 0 interrupted iterations
users   [  44% ] 2500/2500 VUs  3m55.5s/9m00.0s

running (3m56.5s), 2500/2500 VUs, 46311 complete and 0 interrupted iterations
users   [  44% ] 2500/2500 VUs  3m56.5s/9m00.0s

running (3m57.5s), 2500/2500 VUs, 46489 complete and 0 interrupted iterations
users   [  44% ] 2500/2500 VUs  3m57.5s/9m00.0s

running (3m58.5s), 2500/2500 VUs, 46698 complete and 0 interrupted iterations
users   [  44% ] 2500/2500 VUs  3m58.5s/9m00.0s

running (3m59.5s), 2500/2500 VUs, 46889 complete and 0 interrupted iterations
users   [  44% ] 2500/2500 VUs  3m59.5s/9m00.0s

running (4m00.5s), 2500/2500 VUs, 47094 complete and 0 interrupted iterations
users   [  45% ] 2500/2500 VUs  4m00.5s/9m00.0s

running (4m01.5s), 2500/2500 VUs, 47250 complete and 0 interrupted iterations
users   [  45% ] 2500/2500 VUs  4m01.5s/9m00.0s

running (4m02.5s), 2500/2500 VUs, 47454 complete and 0 interrupted iterations
users   [  45% ] 2500/2500 VUs  4m02.5s/9m00.0s

running (4m03.5s), 2500/2500 VUs, 47665 complete and 0 interrupted iterations
users   [  45% ] 2500/2500 VUs  4m03.5s/9m00.0s

running (4m04.5s), 2500/2500 VUs, 47840 complete and 0 interrupted iterations
users   [  45% ] 2500/2500 VUs  4m04.5s/9m00.0s

running (4m05.5s), 2500/2500 VUs, 48053 complete and 0 interrupted iterations
users   [  45% ] 2500/2500 VUs  4m05.5s/9m00.0s

running (4m06.5s), 2500/2500 VUs, 48225 complete and 0 interrupted iterations
users   [  46% ] 2500/2500 VUs  4m06.5s/9m00.0s

running (4m07.5s), 2500/2500 VUs, 48407 complete and 0 interrupted iterations
users   [  46% ] 2500/2500 VUs  4m07.5s/9m00.0s

running (4m08.5s), 2500/2500 VUs, 48585 complete and 0 interrupted iterations
users   [  46% ] 2500/2500 VUs  4m08.5s/9m00.0s

running (4m09.5s), 2500/2500 VUs, 48790 complete and 0 interrupted iterations
users   [  46% ] 2500/2500 VUs  4m09.5s/9m00.0s

running (4m10.5s), 2500/2500 VUs, 49006 complete and 0 interrupted iterations
users   [  46% ] 2500/2500 VUs  4m10.5s/9m00.0s

running (4m11.5s), 2500/2500 VUs, 49147 complete and 0 interrupted iterations
users   [  47% ] 2500/2500 VUs  4m11.5s/9m00.0s

running (4m12.5s), 2500/2500 VUs, 49351 complete and 0 interrupted iterations
users   [  47% ] 2500/2500 VUs  4m12.5s/9m00.0s

running (4m13.5s), 2500/2500 VUs, 49540 complete and 0 interrupted iterations
users   [  47% ] 2500/2500 VUs  4m13.5s/9m00.0s

running (4m14.5s), 2500/2500 VUs, 49727 complete and 0 interrupted iterations
users   [  47% ] 2500/2500 VUs  4m14.5s/9m00.0s

running (4m15.5s), 2500/2500 VUs, 49929 complete and 0 interrupted iterations
users   [  47% ] 2500/2500 VUs  4m15.5s/9m00.0s

running (4m16.5s), 2500/2500 VUs, 50121 complete and 0 interrupted iterations
users   [  48% ] 2500/2500 VUs  4m16.5s/9m00.0s

running (4m17.5s), 2500/2500 VUs, 50331 complete and 0 interrupted iterations
users   [  48% ] 2500/2500 VUs  4m17.5s/9m00.0s

running (4m18.5s), 2500/2500 VUs, 50504 complete and 0 interrupted iterations
users   [  48% ] 2500/2500 VUs  4m18.5s/9m00.0s

running (4m19.5s), 2500/2500 VUs, 50710 complete and 0 interrupted iterations
users   [  48% ] 2500/2500 VUs  4m19.5s/9m00.0s

running (4m20.5s), 2500/2500 VUs, 50914 complete and 0 interrupted iterations
users   [  48% ] 2500/2500 VUs  4m20.5s/9m00.0s

running (4m21.5s), 2500/2500 VUs, 51089 complete and 0 interrupted iterations
users   [  48% ] 2500/2500 VUs  4m21.5s/9m00.0s

running (4m22.5s), 2500/2500 VUs, 51294 complete and 0 interrupted iterations
users   [  49% ] 2500/2500 VUs  4m22.5s/9m00.0s

running (4m23.5s), 2500/2500 VUs, 51517 complete and 0 interrupted iterations
users   [  49% ] 2500/2500 VUs  4m23.5s/9m00.0s

running (4m24.5s), 2500/2500 VUs, 51698 complete and 0 interrupted iterations
users   [  49% ] 2500/2500 VUs  4m24.5s/9m00.0s

running (4m25.5s), 2500/2500 VUs, 51925 complete and 0 interrupted iterations
users   [  49% ] 2500/2500 VUs  4m25.5s/9m00.0s

running (4m26.5s), 2500/2500 VUs, 52140 complete and 0 interrupted iterations
users   [  49% ] 2500/2500 VUs  4m26.5s/9m00.0s

running (4m27.5s), 2500/2500 VUs, 52336 complete and 0 interrupted iterations
users   [  50% ] 2500/2500 VUs  4m27.5s/9m00.0s

running (4m28.5s), 2500/2500 VUs, 52529 complete and 0 interrupted iterations
users   [  50% ] 2500/2500 VUs  4m28.5s/9m00.0s

running (4m29.5s), 2500/2500 VUs, 52751 complete and 0 interrupted iterations
users   [  50% ] 2500/2500 VUs  4m29.5s/9m00.0s

running (4m30.5s), 2500/2500 VUs, 52954 complete and 0 interrupted iterations
users   [  50% ] 2500/2500 VUs  4m30.5s/9m00.0s

running (4m31.5s), 2500/2500 VUs, 53147 complete and 0 interrupted iterations
users   [  50% ] 2500/2500 VUs  4m31.5s/9m00.0s

running (4m32.5s), 2500/2500 VUs, 53351 complete and 0 interrupted iterations
users   [  50% ] 2500/2500 VUs  4m32.5s/9m00.0s

running (4m33.5s), 2500/2500 VUs, 53557 complete and 0 interrupted iterations
users   [  51% ] 2500/2500 VUs  4m33.5s/9m00.0s

running (4m34.5s), 2500/2500 VUs, 53732 complete and 0 interrupted iterations
users   [  51% ] 2500/2500 VUs  4m34.5s/9m00.0s

running (4m35.5s), 2500/2500 VUs, 53934 complete and 0 interrupted iterations
users   [  51% ] 2500/2500 VUs  4m35.5s/9m00.0s

running (4m36.5s), 2500/2500 VUs, 54135 complete and 0 interrupted iterations
users   [  51% ] 2500/2500 VUs  4m36.5s/9m00.0s

running (4m37.5s), 2500/2500 VUs, 54313 complete and 0 interrupted iterations
users   [  51% ] 2500/2500 VUs  4m37.5s/9m00.0s

running (4m38.5s), 2500/2500 VUs, 54527 complete and 0 interrupted iterations
users   [  52% ] 2500/2500 VUs  4m38.5s/9m00.0s

running (4m39.5s), 2500/2500 VUs, 54740 complete and 0 interrupted iterations
users   [  52% ] 2500/2500 VUs  4m39.5s/9m00.0s

running (4m40.5s), 2500/2500 VUs, 54923 complete and 0 interrupted iterations
users   [  52% ] 2500/2500 VUs  4m40.5s/9m00.0s

running (4m41.5s), 2500/2500 VUs, 55144 complete and 0 interrupted iterations
users   [  52% ] 2500/2500 VUs  4m41.5s/9m00.0s

running (4m42.5s), 2500/2500 VUs, 55356 complete and 0 interrupted iterations
users   [  52% ] 2500/2500 VUs  4m42.5s/9m00.0s

running (4m43.5s), 2500/2500 VUs, 55556 complete and 0 interrupted iterations
users   [  53% ] 2500/2500 VUs  4m43.5s/9m00.0s

running (4m44.5s), 2500/2500 VUs, 55750 complete and 0 interrupted iterations
users   [  53% ] 2500/2500 VUs  4m44.5s/9m00.0s

running (4m45.5s), 2500/2500 VUs, 55958 complete and 0 interrupted iterations
users   [  53% ] 2500/2500 VUs  4m45.5s/9m00.0s

running (4m46.5s), 2500/2500 VUs, 56169 complete and 0 interrupted iterations
users   [  53% ] 2500/2500 VUs  4m46.5s/9m00.0s

running (4m47.5s), 2500/2500 VUs, 56337 complete and 0 interrupted iterations
users   [  53% ] 2500/2500 VUs  4m47.5s/9m00.0s

running (4m48.5s), 2500/2500 VUs, 56538 complete and 0 interrupted iterations
users   [  53% ] 2500/2500 VUs  4m48.5s/9m00.0s

running (4m49.5s), 2500/2500 VUs, 56753 complete and 0 interrupted iterations
users   [  54% ] 2500/2500 VUs  4m49.5s/9m00.0s

running (4m50.5s), 2500/2500 VUs, 56932 complete and 0 interrupted iterations
users   [  54% ] 2500/2500 VUs  4m50.5s/9m00.0s

running (4m51.5s), 2500/2500 VUs, 57134 complete and 0 interrupted iterations
users   [  54% ] 2500/2500 VUs  4m51.5s/9m00.0s

running (4m52.5s), 2500/2500 VUs, 57353 complete and 0 interrupted iterations
users   [  54% ] 2500/2500 VUs  4m52.5s/9m00.0s

running (4m53.5s), 2500/2500 VUs, 57548 complete and 0 interrupted iterations
users   [  54% ] 2500/2500 VUs  4m53.5s/9m00.0s

running (4m54.5s), 2500/2500 VUs, 57758 complete and 0 interrupted iterations
users   [  55% ] 2500/2500 VUs  4m54.5s/9m00.0s

running (4m55.5s), 2500/2500 VUs, 57972 complete and 0 interrupted iterations
users   [  55% ] 2500/2500 VUs  4m55.5s/9m00.0s

running (4m56.5s), 2500/2500 VUs, 58175 complete and 0 interrupted iterations
users   [  55% ] 2500/2500 VUs  4m56.5s/9m00.0s

running (4m57.5s), 2500/2500 VUs, 58374 complete and 0 interrupted iterations
users   [  55% ] 2500/2500 VUs  4m57.5s/9m00.0s

running (4m58.5s), 2500/2500 VUs, 58580 complete and 0 interrupted iterations
users   [  55% ] 2500/2500 VUs  4m58.5s/9m00.0s

running (4m59.5s), 2500/2500 VUs, 58790 complete and 0 interrupted iterations
users   [  55% ] 2500/2500 VUs  4m59.5s/9m00.0s

running (5m00.5s), 2500/2500 VUs, 58976 complete and 0 interrupted iterations
users   [  56% ] 2500/2500 VUs  5m00.5s/9m00.0s

running (5m01.5s), 2500/2500 VUs, 59186 complete and 0 interrupted iterations
users   [  56% ] 2500/2500 VUs  5m01.5s/9m00.0s

running (5m02.5s), 2500/2500 VUs, 59409 complete and 0 interrupted iterations
users   [  56% ] 2500/2500 VUs  5m02.5s/9m00.0s

running (5m03.5s), 2500/2500 VUs, 59571 complete and 0 interrupted iterations
users   [  56% ] 2500/2500 VUs  5m03.5s/9m00.0s

running (5m04.5s), 2500/2500 VUs, 59792 complete and 0 interrupted iterations
users   [  56% ] 2500/2500 VUs  5m04.5s/9m00.0s

running (5m05.5s), 2500/2500 VUs, 60010 complete and 0 interrupted iterations
users   [  57% ] 2500/2500 VUs  5m05.5s/9m00.0s

running (5m06.5s), 2500/2500 VUs, 60174 complete and 0 interrupted iterations
users   [  57% ] 2500/2500 VUs  5m06.5s/9m00.0s

running (5m07.5s), 2500/2500 VUs, 60378 complete and 0 interrupted iterations
users   [  57% ] 2500/2500 VUs  5m07.5s/9m00.0s

running (5m08.5s), 2500/2500 VUs, 60494 complete and 0 interrupted iterations
users   [  57% ] 2500/2500 VUs  5m08.5s/9m00.0s

running (5m09.5s), 2500/2500 VUs, 60709 complete and 0 interrupted iterations
users   [  57% ] 2500/2500 VUs  5m09.5s/9m00.0s

running (5m10.5s), 2500/2500 VUs, 60882 complete and 0 interrupted iterations
users   [  58% ] 2500/2500 VUs  5m10.5s/9m00.0s

running (5m11.5s), 2500/2500 VUs, 61089 complete and 0 interrupted iterations
users   [  58% ] 2500/2500 VUs  5m11.5s/9m00.0s

running (5m12.5s), 2500/2500 VUs, 61300 complete and 0 interrupted iterations
users   [  58% ] 2500/2500 VUs  5m12.5s/9m00.0s

running (5m13.5s), 2500/2500 VUs, 61477 complete and 0 interrupted iterations
users   [  58% ] 2500/2500 VUs  5m13.5s/9m00.0s

running (5m14.5s), 2500/2500 VUs, 61699 complete and 0 interrupted iterations
users   [  58% ] 2500/2500 VUs  5m14.5s/9m00.0s

running (5m15.5s), 2500/2500 VUs, 61920 complete and 0 interrupted iterations
users   [  58% ] 2500/2500 VUs  5m15.5s/9m00.0s

running (5m16.5s), 2500/2500 VUs, 62111 complete and 0 interrupted iterations
users   [  59% ] 2500/2500 VUs  5m16.5s/9m00.0s

running (5m17.5s), 2500/2500 VUs, 62309 complete and 0 interrupted iterations
users   [  59% ] 2500/2500 VUs  5m17.5s/9m00.0s

running (5m18.5s), 2500/2500 VUs, 62516 complete and 0 interrupted iterations
users   [  59% ] 2500/2500 VUs  5m18.5s/9m00.0s

running (5m19.5s), 2500/2500 VUs, 62719 complete and 0 interrupted iterations
users   [  59% ] 2500/2500 VUs  5m19.5s/9m00.0s

running (5m20.5s), 2500/2500 VUs, 62901 complete and 0 interrupted iterations
users   [  59% ] 2500/2500 VUs  5m20.5s/9m00.0s

running (5m21.5s), 2500/2500 VUs, 63103 complete and 0 interrupted iterations
users   [  60% ] 2500/2500 VUs  5m21.5s/9m00.0s

running (5m22.5s), 2500/2500 VUs, 63321 complete and 0 interrupted iterations
users   [  60% ] 2500/2500 VUs  5m22.5s/9m00.0s

running (5m23.5s), 2500/2500 VUs, 63498 complete and 0 interrupted iterations
users   [  60% ] 2500/2500 VUs  5m23.5s/9m00.0s

running (5m24.5s), 2500/2500 VUs, 63708 complete and 0 interrupted iterations
users   [  60% ] 2500/2500 VUs  5m24.5s/9m00.0s

running (5m25.5s), 2500/2500 VUs, 63921 complete and 0 interrupted iterations
users   [  60% ] 2500/2500 VUs  5m25.5s/9m00.0s

running (5m26.5s), 2500/2500 VUs, 64101 complete and 0 interrupted iterations
users   [  60% ] 2500/2500 VUs  5m26.5s/9m00.0s

running (5m27.5s), 2500/2500 VUs, 64282 complete and 0 interrupted iterations
users   [  61% ] 2500/2500 VUs  5m27.5s/9m00.0s

running (5m28.5s), 2500/2500 VUs, 64472 complete and 0 interrupted iterations
users   [  61% ] 2500/2500 VUs  5m28.5s/9m00.0s

running (5m29.5s), 2500/2500 VUs, 64678 complete and 0 interrupted iterations
users   [  61% ] 2500/2500 VUs  5m29.5s/9m00.0s

running (5m30.5s), 2500/2500 VUs, 64847 complete and 0 interrupted iterations
users   [  61% ] 2500/2500 VUs  5m30.5s/9m00.0s

running (5m31.5s), 2500/2500 VUs, 65033 complete and 0 interrupted iterations
users   [  61% ] 2500/2500 VUs  5m31.5s/9m00.0s

running (5m32.5s), 2500/2500 VUs, 65228 complete and 0 interrupted iterations
users   [  62% ] 2500/2500 VUs  5m32.5s/9m00.0s

running (5m33.5s), 2500/2500 VUs, 65394 complete and 0 interrupted iterations
users   [  62% ] 2500/2500 VUs  5m33.5s/9m00.0s

running (5m34.5s), 2500/2500 VUs, 65610 complete and 0 interrupted iterations
users   [  62% ] 2500/2500 VUs  5m34.5s/9m00.0s

running (5m35.5s), 2500/2500 VUs, 65830 complete and 0 interrupted iterations
users   [  62% ] 2500/2500 VUs  5m35.5s/9m00.0s

running (5m36.5s), 2500/2500 VUs, 66010 complete and 0 interrupted iterations
users   [  62% ] 2500/2500 VUs  5m36.5s/9m00.0s

running (5m37.5s), 2500/2500 VUs, 66215 complete and 0 interrupted iterations
users   [  63% ] 2500/2500 VUs  5m37.5s/9m00.0s

running (5m38.5s), 2500/2500 VUs, 66433 complete and 0 interrupted iterations
users   [  63% ] 2500/2500 VUs  5m38.5s/9m00.0s

running (5m39.5s), 2500/2500 VUs, 66631 complete and 0 interrupted iterations
users   [  63% ] 2500/2500 VUs  5m39.5s/9m00.0s

running (5m40.5s), 2500/2500 VUs, 66828 complete and 0 interrupted iterations
users   [  63% ] 2500/2500 VUs  5m40.5s/9m00.0s

running (5m41.5s), 2500/2500 VUs, 67030 complete and 0 interrupted iterations
users   [  63% ] 2500/2500 VUs  5m41.5s/9m00.0s

running (5m42.5s), 2500/2500 VUs, 67236 complete and 0 interrupted iterations
users   [  63% ] 2500/2500 VUs  5m42.5s/9m00.0s

running (5m43.5s), 2500/2500 VUs, 67406 complete and 0 interrupted iterations
users   [  64% ] 2500/2500 VUs  5m43.5s/9m00.0s

running (5m44.5s), 2500/2500 VUs, 67623 complete and 0 interrupted iterations
users   [  64% ] 2500/2500 VUs  5m44.5s/9m00.0s

running (5m45.5s), 2500/2500 VUs, 67843 complete and 0 interrupted iterations
users   [  64% ] 2500/2500 VUs  5m45.5s/9m00.0s

running (5m46.5s), 2500/2500 VUs, 68012 complete and 0 interrupted iterations
users   [  64% ] 2500/2500 VUs  5m46.5s/9m00.0s

running (5m47.5s), 2500/2500 VUs, 68204 complete and 0 interrupted iterations
users   [  64% ] 2500/2500 VUs  5m47.5s/9m00.0s

running (5m48.5s), 2500/2500 VUs, 68411 complete and 0 interrupted iterations
users   [  65% ] 2500/2500 VUs  5m48.5s/9m00.0s

running (5m49.5s), 2500/2500 VUs, 68548 complete and 0 interrupted iterations
users   [  65% ] 2500/2500 VUs  5m49.5s/9m00.0s

running (5m50.5s), 2500/2500 VUs, 68600 complete and 0 interrupted iterations
users   [  65% ] 2500/2500 VUs  5m50.5s/9m00.0s

running (5m51.5s), 2500/2500 VUs, 68600 complete and 0 interrupted iterations
users   [  65% ] 2500/2500 VUs  5m51.5s/9m00.0s

running (5m52.5s), 2500/2500 VUs, 68753 complete and 0 interrupted iterations
users   [  65% ] 2500/2500 VUs  5m52.5s/9m00.0s

running (5m53.5s), 2500/2500 VUs, 68951 complete and 0 interrupted iterations
users   [  65% ] 2500/2500 VUs  5m53.5s/9m00.0s

running (5m54.5s), 2500/2500 VUs, 69162 complete and 0 interrupted iterations
users   [  66% ] 2500/2500 VUs  5m54.5s/9m00.0s

running (5m55.5s), 2500/2500 VUs, 69340 complete and 0 interrupted iterations
users   [  66% ] 2500/2500 VUs  5m55.5s/9m00.0s

running (5m56.5s), 2500/2500 VUs, 69557 complete and 0 interrupted iterations
users   [  66% ] 2500/2500 VUs  5m56.5s/9m00.0s

running (5m57.5s), 2500/2500 VUs, 69665 complete and 0 interrupted iterations
users   [  66% ] 2500/2500 VUs  5m57.5s/9m00.0s

running (5m58.5s), 2500/2500 VUs, 69871 complete and 0 interrupted iterations
users   [  66% ] 2500/2500 VUs  5m58.5s/9m00.0s

running (5m59.5s), 2500/2500 VUs, 70051 complete and 0 interrupted iterations
users   [  67% ] 2500/2500 VUs  5m59.5s/9m00.0s

running (6m00.5s), 2500/2500 VUs, 70273 complete and 0 interrupted iterations
users   [  67% ] 2500/2500 VUs  6m00.5s/9m00.0s

running (6m01.5s), 2500/2500 VUs, 70494 complete and 0 interrupted iterations
users   [  67% ] 2500/2500 VUs  6m01.5s/9m00.0s

running (6m02.5s), 2500/2500 VUs, 70677 complete and 0 interrupted iterations
users   [  67% ] 2500/2500 VUs  6m02.5s/9m00.0s

running (6m03.5s), 2500/2500 VUs, 70894 complete and 0 interrupted iterations
users   [  67% ] 2500/2500 VUs  6m03.5s/9m00.0s

running (6m04.5s), 2500/2500 VUs, 71027 complete and 0 interrupted iterations
users   [  68% ] 2500/2500 VUs  6m04.5s/9m00.0s

running (6m05.5s), 2500/2500 VUs, 71194 complete and 0 interrupted iterations
users   [  68% ] 2500/2500 VUs  6m05.5s/9m00.0s

running (6m06.5s), 2500/2500 VUs, 71369 complete and 0 interrupted iterations
users   [  68% ] 2500/2500 VUs  6m06.5s/9m00.0s

running (6m07.5s), 2500/2500 VUs, 71574 complete and 0 interrupted iterations
users   [  68% ] 2500/2500 VUs  6m07.5s/9m00.0s

running (6m08.5s), 2500/2500 VUs, 71741 complete and 0 interrupted iterations
users   [  68% ] 2500/2500 VUs  6m08.5s/9m00.0s

running (6m09.5s), 2500/2500 VUs, 71921 complete and 0 interrupted iterations
users   [  68% ] 2500/2500 VUs  6m09.5s/9m00.0s

running (6m10.5s), 2500/2500 VUs, 72108 complete and 0 interrupted iterations
users   [  69% ] 2500/2500 VUs  6m10.5s/9m00.0s

running (6m11.5s), 2500/2500 VUs, 72301 complete and 0 interrupted iterations
users   [  69% ] 2500/2500 VUs  6m11.5s/9m00.0s

running (6m12.5s), 2500/2500 VUs, 72507 complete and 0 interrupted iterations
users   [  69% ] 2500/2500 VUs  6m12.5s/9m00.0s

running (6m13.5s), 2500/2500 VUs, 72690 complete and 0 interrupted iterations
users   [  69% ] 2500/2500 VUs  6m13.5s/9m00.0s

running (6m14.5s), 2500/2500 VUs, 72904 complete and 0 interrupted iterations
users   [  69% ] 2500/2500 VUs  6m14.5s/9m00.0s

running (6m15.5s), 2500/2500 VUs, 73121 complete and 0 interrupted iterations
users   [  70% ] 2500/2500 VUs  6m15.5s/9m00.0s

running (6m16.5s), 2500/2500 VUs, 73291 complete and 0 interrupted iterations
users   [  70% ] 2500/2500 VUs  6m16.5s/9m00.0s

running (6m17.5s), 2500/2500 VUs, 73495 complete and 0 interrupted iterations
users   [  70% ] 2500/2500 VUs  6m17.5s/9m00.0s

running (6m18.5s), 2500/2500 VUs, 73714 complete and 0 interrupted iterations
users   [  70% ] 2500/2500 VUs  6m18.5s/9m00.0s

running (6m19.5s), 2500/2500 VUs, 73887 complete and 0 interrupted iterations
users   [  70% ] 2500/2500 VUs  6m19.5s/9m00.0s

running (6m20.5s), 2500/2500 VUs, 74078 complete and 0 interrupted iterations
users   [  70% ] 2500/2500 VUs  6m20.5s/9m00.0s

running (6m21.5s), 2500/2500 VUs, 74300 complete and 0 interrupted iterations
users   [  71% ] 2500/2500 VUs  6m21.5s/9m00.0s

running (6m22.5s), 2500/2500 VUs, 74479 complete and 0 interrupted iterations
users   [  71% ] 2500/2500 VUs  6m22.5s/9m00.0s

running (6m23.5s), 2500/2500 VUs, 74677 complete and 0 interrupted iterations
users   [  71% ] 2500/2500 VUs  6m23.5s/9m00.0s

running (6m24.5s), 2500/2500 VUs, 74881 complete and 0 interrupted iterations
users   [  71% ] 2500/2500 VUs  6m24.5s/9m00.0s

running (6m25.5s), 2500/2500 VUs, 75076 complete and 0 interrupted iterations
users   [  71% ] 2500/2500 VUs  6m25.5s/9m00.0s

running (6m26.5s), 2500/2500 VUs, 75263 complete and 0 interrupted iterations
users   [  72% ] 2500/2500 VUs  6m26.5s/9m00.0s

running (6m27.5s), 2500/2500 VUs, 75471 complete and 0 interrupted iterations
users   [  72% ] 2500/2500 VUs  6m27.5s/9m00.0s

running (6m28.5s), 2500/2500 VUs, 75678 complete and 0 interrupted iterations
users   [  72% ] 2500/2500 VUs  6m28.5s/9m00.0s

running (6m29.5s), 2500/2500 VUs, 75848 complete and 0 interrupted iterations
users   [  72% ] 2500/2500 VUs  6m29.5s/9m00.0s

running (6m30.5s), 2500/2500 VUs, 76034 complete and 0 interrupted iterations
users   [  72% ] 2500/2500 VUs  6m30.5s/9m00.0s

running (6m31.5s), 2500/2500 VUs, 76193 complete and 0 interrupted iterations
users   [  73% ] 2500/2500 VUs  6m31.5s/9m00.0s

running (6m32.5s), 2500/2500 VUs, 76402 complete and 0 interrupted iterations
users   [  73% ] 2500/2500 VUs  6m32.5s/9m00.0s

running (6m33.5s), 2500/2500 VUs, 76585 complete and 0 interrupted iterations
users   [  73% ] 2500/2500 VUs  6m33.5s/9m00.0s

running (6m34.5s), 2500/2500 VUs, 76786 complete and 0 interrupted iterations
users   [  73% ] 2500/2500 VUs  6m34.5s/9m00.0s

running (6m35.5s), 2500/2500 VUs, 77012 complete and 0 interrupted iterations
users   [  73% ] 2500/2500 VUs  6m35.5s/9m00.0s

running (6m36.5s), 2500/2500 VUs, 77196 complete and 0 interrupted iterations
users   [  73% ] 2500/2500 VUs  6m36.5s/9m00.0s

running (6m37.5s), 2500/2500 VUs, 77398 complete and 0 interrupted iterations
users   [  74% ] 2500/2500 VUs  6m37.5s/9m00.0s

running (6m38.5s), 2500/2500 VUs, 77601 complete and 0 interrupted iterations
users   [  74% ] 2500/2500 VUs  6m38.5s/9m00.0s

running (6m39.5s), 2500/2500 VUs, 77779 complete and 0 interrupted iterations
users   [  74% ] 2500/2500 VUs  6m39.5s/9m00.0s

running (6m40.5s), 2500/2500 VUs, 77994 complete and 0 interrupted iterations
users   [  74% ] 2500/2500 VUs  6m40.5s/9m00.0s

running (6m41.5s), 2500/2500 VUs, 78201 complete and 0 interrupted iterations
users   [  74% ] 2500/2500 VUs  6m41.5s/9m00.0s

running (6m42.5s), 2500/2500 VUs, 78387 complete and 0 interrupted iterations
users   [  75% ] 2500/2500 VUs  6m42.5s/9m00.0s

running (6m43.5s), 2500/2500 VUs, 78598 complete and 0 interrupted iterations
users   [  75% ] 2500/2500 VUs  6m43.5s/9m00.0s

running (6m44.5s), 2500/2500 VUs, 78811 complete and 0 interrupted iterations
users   [  75% ] 2500/2500 VUs  6m44.5s/9m00.0s

running (6m45.5s), 2500/2500 VUs, 79024 complete and 0 interrupted iterations
users   [  75% ] 2500/2500 VUs  6m45.5s/9m00.0s

running (6m46.5s), 2500/2500 VUs, 79196 complete and 0 interrupted iterations
users   [  75% ] 2500/2500 VUs  6m46.5s/9m00.0s

running (6m47.5s), 2500/2500 VUs, 79384 complete and 0 interrupted iterations
users   [  75% ] 2500/2500 VUs  6m47.5s/9m00.0s

running (6m48.5s), 2500/2500 VUs, 79545 complete and 0 interrupted iterations
users   [  76% ] 2500/2500 VUs  6m48.5s/9m00.0s

running (6m49.5s), 2500/2500 VUs, 79721 complete and 0 interrupted iterations
users   [  76% ] 2500/2500 VUs  6m49.5s/9m00.0s

running (6m50.5s), 2500/2500 VUs, 79927 complete and 0 interrupted iterations
users   [  76% ] 2500/2500 VUs  6m50.5s/9m00.0s

running (6m51.5s), 2500/2500 VUs, 80138 complete and 0 interrupted iterations
users   [  76% ] 2500/2500 VUs  6m51.5s/9m00.0s

running (6m52.5s), 2500/2500 VUs, 80336 complete and 0 interrupted iterations
users   [  76% ] 2500/2500 VUs  6m52.5s/9m00.0s

running (6m53.5s), 2500/2500 VUs, 80521 complete and 0 interrupted iterations
users   [  77% ] 2500/2500 VUs  6m53.5s/9m00.0s

running (6m54.5s), 2500/2500 VUs, 80723 complete and 0 interrupted iterations
users   [  77% ] 2500/2500 VUs  6m54.5s/9m00.0s

running (6m55.5s), 2500/2500 VUs, 80943 complete and 0 interrupted iterations
users   [  77% ] 2500/2500 VUs  6m55.5s/9m00.0s

running (6m56.5s), 2500/2500 VUs, 81093 complete and 0 interrupted iterations
users   [  77% ] 2500/2500 VUs  6m56.5s/9m00.0s

running (6m57.5s), 2500/2500 VUs, 81278 complete and 0 interrupted iterations
users   [  77% ] 2500/2500 VUs  6m57.5s/9m00.0s

running (6m58.5s), 2500/2500 VUs, 81434 complete and 0 interrupted iterations
users   [  78% ] 2500/2500 VUs  6m58.5s/9m00.0s

running (6m59.5s), 2500/2500 VUs, 81617 complete and 0 interrupted iterations
users   [  78% ] 2500/2500 VUs  6m59.5s/9m00.0s

running (7m00.5s), 2500/2500 VUs, 81802 complete and 0 interrupted iterations
users   [  78% ] 2500/2500 VUs  7m00.5s/9m00.0s

running (7m01.5s), 2497/2500 VUs, 82006 complete and 0 interrupted iterations
users   [  78% ] 2497/2500 VUs  7m01.5s/9m00.0s

running (7m02.5s), 2494/2500 VUs, 82217 complete and 0 interrupted iterations
users   [  78% ] 2494/2500 VUs  7m02.5s/9m00.0s

running (7m03.5s), 2488/2500 VUs, 82390 complete and 0 interrupted iterations
users   [  78% ] 2488/2500 VUs  7m03.5s/9m00.0s

running (7m04.5s), 2481/2500 VUs, 82580 complete and 0 interrupted iterations
users   [  79% ] 2481/2500 VUs  7m04.5s/9m00.0s

running (7m05.5s), 2473/2500 VUs, 82792 complete and 0 interrupted iterations
users   [  79% ] 2473/2500 VUs  7m05.5s/9m00.0s

running (7m06.5s), 2465/2500 VUs, 82959 complete and 0 interrupted iterations
users   [  79% ] 2465/2500 VUs  7m06.5s/9m00.0s

running (7m07.5s), 2457/2500 VUs, 83152 complete and 0 interrupted iterations
users   [  79% ] 2457/2500 VUs  7m07.5s/9m00.0s

running (7m08.5s), 2455/2500 VUs, 83198 complete and 0 interrupted iterations
users   [  79% ] 2455/2500 VUs  7m08.5s/9m00.0s

running (7m09.5s), 2444/2500 VUs, 83361 complete and 0 interrupted iterations
users   [  80% ] 2444/2500 VUs  7m09.5s/9m00.0s

running (7m10.5s), 2428/2500 VUs, 83551 complete and 0 interrupted iterations
users   [  80% ] 2428/2500 VUs  7m10.5s/9m00.0s

running (7m11.5s), 2412/2500 VUs, 83709 complete and 0 interrupted iterations
users   [  80% ] 2412/2500 VUs  7m11.5s/9m00.0s

running (7m12.5s), 2393/2500 VUs, 83904 complete and 0 interrupted iterations
users   [  80% ] 2393/2500 VUs  7m12.5s/9m00.0s

running (7m13.5s), 2375/2500 VUs, 84114 complete and 0 interrupted iterations
users   [  80% ] 2375/2500 VUs  7m13.5s/9m00.0s

running (7m14.5s), 2353/2500 VUs, 84288 complete and 0 interrupted iterations
users   [  80% ] 2353/2500 VUs  7m14.5s/9m00.0s

running (7m15.5s), 2335/2500 VUs, 84473 complete and 0 interrupted iterations
users   [  81% ] 2335/2500 VUs  7m15.5s/9m00.0s

running (7m16.5s), 2307/2500 VUs, 84657 complete and 0 interrupted iterations
users   [  81% ] 2307/2500 VUs  7m16.5s/9m00.0s

running (7m17.5s), 2291/2500 VUs, 84853 complete and 0 interrupted iterations
users   [  81% ] 2291/2500 VUs  7m17.5s/9m00.0s

running (7m18.5s), 2271/2500 VUs, 85010 complete and 0 interrupted iterations
users   [  81% ] 2271/2500 VUs  7m18.5s/9m00.0s

running (7m19.5s), 2251/2500 VUs, 85193 complete and 0 interrupted iterations
users   [  81% ] 2251/2500 VUs  7m19.5s/9m00.0s

running (7m20.5s), 2221/2500 VUs, 85381 complete and 0 interrupted iterations
users   [  82% ] 2221/2500 VUs  7m20.5s/9m00.0s

running (7m21.5s), 2198/2500 VUs, 85549 complete and 0 interrupted iterations
users   [  82% ] 2198/2500 VUs  7m21.5s/9m00.0s

running (7m22.5s), 2174/2500 VUs, 85734 complete and 0 interrupted iterations
users   [  82% ] 2174/2500 VUs  7m22.5s/9m00.0s

running (7m23.5s), 2148/2500 VUs, 85938 complete and 0 interrupted iterations
users   [  82% ] 2148/2500 VUs  7m23.5s/9m00.0s

running (7m24.5s), 2119/2500 VUs, 86151 complete and 0 interrupted iterations
users   [  82% ] 2119/2500 VUs  7m24.5s/9m00.0s

running (7m25.5s), 2100/2500 VUs, 86317 complete and 0 interrupted iterations
users   [  83% ] 2100/2500 VUs  7m25.5s/9m00.0s

running (7m26.5s), 2076/2500 VUs, 86506 complete and 0 interrupted iterations
users   [  83% ] 2076/2500 VUs  7m26.5s/9m00.0s

running (7m27.5s), 2056/2500 VUs, 86688 complete and 0 interrupted iterations
users   [  83% ] 2056/2500 VUs  7m27.5s/9m00.0s

running (7m28.5s), 2037/2500 VUs, 86845 complete and 0 interrupted iterations
users   [  83% ] 2037/2500 VUs  7m28.5s/9m00.0s

running (7m29.5s), 2009/2500 VUs, 87058 complete and 0 interrupted iterations
users   [  83% ] 2009/2500 VUs  7m29.5s/9m00.0s

running (7m30.5s), 1983/2500 VUs, 87258 complete and 0 interrupted iterations
users   [  83% ] 1983/2500 VUs  7m30.5s/9m00.0s

running (7m31.5s), 1967/2500 VUs, 87442 complete and 0 interrupted iterations
users   [  84% ] 1967/2500 VUs  7m31.5s/9m00.0s

running (7m32.5s), 1951/2500 VUs, 87600 complete and 0 interrupted iterations
users   [  84% ] 1951/2500 VUs  7m32.5s/9m00.0s

running (7m33.5s), 1928/2500 VUs, 87803 complete and 0 interrupted iterations
users   [  84% ] 1928/2500 VUs  7m33.5s/9m00.0s

running (7m34.5s), 1903/2500 VUs, 88016 complete and 0 interrupted iterations
users   [  84% ] 1903/2500 VUs  7m34.5s/9m00.0s

running (7m35.5s), 1878/2500 VUs, 88194 complete and 0 interrupted iterations
users   [  84% ] 1878/2500 VUs  7m35.5s/9m00.0s

running (7m36.5s), 1847/2500 VUs, 88400 complete and 0 interrupted iterations
users   [  85% ] 1847/2500 VUs  7m36.5s/9m00.0s

running (7m37.5s), 1825/2500 VUs, 88595 complete and 0 interrupted iterations
users   [  85% ] 1825/2500 VUs  7m37.5s/9m00.0s

running (7m38.5s), 1803/2500 VUs, 88792 complete and 0 interrupted iterations
users   [  85% ] 1803/2500 VUs  7m38.5s/9m00.0s

running (7m39.5s), 1781/2500 VUs, 88966 complete and 0 interrupted iterations
users   [  85% ] 1781/2500 VUs  7m39.5s/9m00.0s

running (7m40.5s), 1755/2500 VUs, 89164 complete and 0 interrupted iterations
users   [  85% ] 1755/2500 VUs  7m40.5s/9m00.0s

running (7m41.5s), 1732/2500 VUs, 89382 complete and 0 interrupted iterations
users   [  85% ] 1732/2500 VUs  7m41.5s/9m00.0s

running (7m42.5s), 1717/2500 VUs, 89546 complete and 0 interrupted iterations
users   [  86% ] 1717/2500 VUs  7m42.5s/9m00.0s

running (7m43.5s), 1694/2500 VUs, 89739 complete and 0 interrupted iterations
users   [  86% ] 1694/2500 VUs  7m43.5s/9m00.0s

running (7m44.5s), 1668/2500 VUs, 89937 complete and 0 interrupted iterations
users   [  86% ] 1668/2500 VUs  7m44.5s/9m00.0s

running (7m45.5s), 1652/2500 VUs, 90100 complete and 0 interrupted iterations
users   [  86% ] 1652/2500 VUs  7m45.5s/9m00.0s

running (7m46.5s), 1631/2500 VUs, 90317 complete and 0 interrupted iterations
users   [  86% ] 1631/2500 VUs  7m46.5s/9m00.0s

running (7m47.5s), 1612/2500 VUs, 90525 complete and 0 interrupted iterations
users   [  87% ] 1612/2500 VUs  7m47.5s/9m00.0s

running (7m48.5s), 1591/2500 VUs, 90716 complete and 0 interrupted iterations
users   [  87% ] 1591/2500 VUs  7m48.5s/9m00.0s

running (7m49.5s), 1556/2500 VUs, 90908 complete and 0 interrupted iterations
users   [  87% ] 1556/2500 VUs  7m49.5s/9m00.0s

running (7m50.5s), 1536/2500 VUs, 91116 complete and 0 interrupted iterations
users   [  87% ] 1536/2500 VUs  7m50.5s/9m00.0s

running (7m51.5s), 1514/2500 VUs, 91328 complete and 0 interrupted iterations
users   [  87% ] 1514/2500 VUs  7m51.5s/9m00.0s

running (7m52.5s), 1498/2500 VUs, 91514 complete and 0 interrupted iterations
users   [  88% ] 1498/2500 VUs  7m52.5s/9m00.0s

running (7m53.5s), 1472/2500 VUs, 91702 complete and 0 interrupted iterations
users   [  88% ] 1472/2500 VUs  7m53.5s/9m00.0s

running (7m54.5s), 1455/2500 VUs, 91901 complete and 0 interrupted iterations
users   [  88% ] 1455/2500 VUs  7m54.5s/9m00.0s

running (7m55.5s), 1431/2500 VUs, 92065 complete and 0 interrupted iterations
users   [  88% ] 1431/2500 VUs  7m55.5s/9m00.0s

running (7m56.5s), 1408/2500 VUs, 92263 complete and 0 interrupted iterations
users   [  88% ] 1408/2500 VUs  7m56.5s/9m00.0s

running (7m57.5s), 1380/2500 VUs, 92451 complete and 0 interrupted iterations
users   [  88% ] 1380/2500 VUs  7m57.5s/9m00.0s

running (7m58.5s), 1358/2500 VUs, 92641 complete and 0 interrupted iterations
users   [  89% ] 1358/2500 VUs  7m58.5s/9m00.0s

running (7m59.5s), 1344/2500 VUs, 92816 complete and 0 interrupted iterations
users   [  89% ] 1344/2500 VUs  7m59.5s/9m00.0s

running (8m00.5s), 1319/2500 VUs, 93025 complete and 0 interrupted iterations
users   [  89% ] 1319/2500 VUs  8m00.5s/9m00.0s

running (8m01.5s), 1288/2500 VUs, 93232 complete and 0 interrupted iterations
users   [  89% ] 1288/2500 VUs  8m01.5s/9m00.0s

running (8m02.5s), 1265/2500 VUs, 93398 complete and 0 interrupted iterations
users   [  89% ] 1265/2500 VUs  8m02.5s/9m00.0s

running (8m03.5s), 1245/2500 VUs, 93599 complete and 0 interrupted iterations
users   [  90% ] 1245/2500 VUs  8m03.5s/9m00.0s

running (8m04.5s), 1227/2500 VUs, 93811 complete and 0 interrupted iterations
users   [  90% ] 1227/2500 VUs  8m04.5s/9m00.0s

running (8m05.5s), 1210/2500 VUs, 93990 complete and 0 interrupted iterations
users   [  90% ] 1210/2500 VUs  8m05.5s/9m00.0s

running (8m06.5s), 1181/2500 VUs, 94198 complete and 0 interrupted iterations
users   [  90% ] 1181/2500 VUs  8m06.5s/9m00.0s

running (8m07.5s), 1159/2500 VUs, 94406 complete and 0 interrupted iterations
users   [  90% ] 1159/2500 VUs  8m07.5s/9m00.0s

running (8m08.5s), 1144/2500 VUs, 94608 complete and 0 interrupted iterations
users   [  90% ] 1144/2500 VUs  8m08.5s/9m00.0s

running (8m09.5s), 1120/2500 VUs, 94809 complete and 0 interrupted iterations
users   [  91% ] 1120/2500 VUs  8m09.5s/9m00.0s

running (8m10.5s), 1096/2500 VUs, 94984 complete and 0 interrupted iterations
users   [  91% ] 1096/2500 VUs  8m10.5s/9m00.0s

running (8m11.5s), 1075/2500 VUs, 95173 complete and 0 interrupted iterations
users   [  91% ] 1075/2500 VUs  8m11.5s/9m00.0s

running (8m12.5s), 1052/2500 VUs, 95356 complete and 0 interrupted iterations
users   [  91% ] 1052/2500 VUs  8m12.5s/9m00.0s

running (8m13.5s), 1031/2500 VUs, 95552 complete and 0 interrupted iterations
users   [  91% ] 1031/2500 VUs  8m13.5s/9m00.0s

running (8m14.5s), 1014/2500 VUs, 95754 complete and 0 interrupted iterations
users   [  92% ] 1014/2500 VUs  8m14.5s/9m00.0s

running (8m15.5s), 0979/2500 VUs, 96010 complete and 0 interrupted iterations
users   [  92% ] 0979/2500 VUs  8m15.5s/9m00.0s

running (8m16.5s), 0951/2500 VUs, 96243 complete and 0 interrupted iterations
users   [  92% ] 0951/2500 VUs  8m16.5s/9m00.0s

running (8m17.5s), 0936/2500 VUs, 96401 complete and 0 interrupted iterations
users   [  92% ] 0936/2500 VUs  8m17.5s/9m00.0s

running (8m18.5s), 0920/2500 VUs, 96572 complete and 0 interrupted iterations
users   [  92% ] 0920/2500 VUs  8m18.5s/9m00.0s

running (8m19.5s), 0904/2500 VUs, 96761 complete and 0 interrupted iterations
users   [  93% ] 0904/2500 VUs  8m19.5s/9m00.0s

running (8m20.5s), 0872/2500 VUs, 96977 complete and 0 interrupted iterations
users   [  93% ] 0872/2500 VUs  8m20.5s/9m00.0s

running (8m21.5s), 0845/2500 VUs, 97184 complete and 0 interrupted iterations
users   [  93% ] 0845/2500 VUs  8m21.5s/9m00.0s

running (8m22.5s), 0832/2500 VUs, 97328 complete and 0 interrupted iterations
users   [  93% ] 0832/2500 VUs  8m22.5s/9m00.0s

running (8m23.5s), 0815/2500 VUs, 97481 complete and 0 interrupted iterations
users   [  93% ] 0815/2500 VUs  8m23.5s/9m00.0s

running (8m24.5s), 0793/2500 VUs, 97656 complete and 0 interrupted iterations
users   [  93% ] 0793/2500 VUs  8m24.5s/9m00.0s

running (8m25.5s), 0776/2500 VUs, 97839 complete and 0 interrupted iterations
users   [  94% ] 0776/2500 VUs  8m25.5s/9m00.0s

running (8m26.5s), 0755/2500 VUs, 98017 complete and 0 interrupted iterations
users   [  94% ] 0755/2500 VUs  8m26.5s/9m00.0s

running (8m27.5s), 0735/2500 VUs, 98149 complete and 0 interrupted iterations
users   [  94% ] 0735/2500 VUs  8m27.5s/9m00.0s

running (8m28.5s), 0714/2500 VUs, 98287 complete and 0 interrupted iterations
users   [  94% ] 0714/2500 VUs  8m28.5s/9m00.0s

running (8m29.5s), 0685/2500 VUs, 98440 complete and 0 interrupted iterations
users   [  94% ] 0685/2500 VUs  8m29.5s/9m00.0s

running (8m30.5s), 0666/2500 VUs, 98607 complete and 0 interrupted iterations
users   [  95% ] 0666/2500 VUs  8m30.5s/9m00.0s

running (8m31.5s), 0645/2500 VUs, 98764 complete and 0 interrupted iterations
users   [  95% ] 0645/2500 VUs  8m31.5s/9m00.0s

running (8m32.5s), 0631/2500 VUs, 98874 complete and 0 interrupted iterations
users   [  95% ] 0631/2500 VUs  8m32.5s/9m00.0s

running (8m33.5s), 0613/2500 VUs, 98996 complete and 0 interrupted iterations
users   [  95% ] 0613/2500 VUs  8m33.5s/9m00.0s

running (8m34.5s), 0594/2500 VUs, 99114 complete and 0 interrupted iterations
users   [  95% ] 0594/2500 VUs  8m34.5s/9m00.0s

running (8m35.5s), 0561/2500 VUs, 99264 complete and 0 interrupted iterations
users   [  95% ] 0561/2500 VUs  8m35.5s/9m00.0s

running (8m36.5s), 0541/2500 VUs, 99400 complete and 0 interrupted iterations
users   [  96% ] 0541/2500 VUs  8m36.5s/9m00.0s

running (8m37.5s), 0522/2500 VUs, 99497 complete and 0 interrupted iterations
users   [  96% ] 0522/2500 VUs  8m37.5s/9m00.0s

running (8m38.5s), 0504/2500 VUs, 99601 complete and 0 interrupted iterations
users   [  96% ] 0504/2500 VUs  8m38.5s/9m00.0s

running (8m39.5s), 0485/2500 VUs, 99698 complete and 0 interrupted iterations
users   [  96% ] 0485/2500 VUs  8m39.5s/9m00.0s

running (8m40.5s), 0453/2500 VUs, 99819 complete and 0 interrupted iterations
users   [  96% ] 0453/2500 VUs  8m40.5s/9m00.0s

running (8m41.5s), 0434/2500 VUs, 99934 complete and 0 interrupted iterations
users   [  97% ] 0434/2500 VUs  8m41.5s/9m00.0s

running (8m42.5s), 0415/2500 VUs, 100017 complete and 0 interrupted iterations
users   [  97% ] 0415/2500 VUs  8m42.5s/9m00.0s

running (8m43.5s), 0393/2500 VUs, 100097 complete and 0 interrupted iterations
users   [  97% ] 0393/2500 VUs  8m43.5s/9m00.0s

running (8m44.5s), 0380/2500 VUs, 100178 complete and 0 interrupted iterations
users   [  97% ] 0380/2500 VUs  8m44.5s/9m00.0s

running (8m45.5s), 0355/2500 VUs, 100267 complete and 0 interrupted iterations
users   [  97% ] 0355/2500 VUs  8m45.5s/9m00.0s

running (8m46.5s), 0333/2500 VUs, 100362 complete and 0 interrupted iterations
users   [  98% ] 0333/2500 VUs  8m46.5s/9m00.0s

running (8m47.5s), 0317/2500 VUs, 100425 complete and 0 interrupted iterations
users   [  98% ] 0317/2500 VUs  8m47.5s/9m00.0s

running (8m48.5s), 0294/2500 VUs, 100486 complete and 0 interrupted iterations
users   [  98% ] 0294/2500 VUs  8m48.5s/9m00.0s

running (8m49.5s), 0274/2500 VUs, 100554 complete and 0 interrupted iterations
users   [  98% ] 0274/2500 VUs  8m49.5s/9m00.0s

running (8m50.5s), 0256/2500 VUs, 100617 complete and 0 interrupted iterations
users   [  98% ] 0256/2500 VUs  8m50.5s/9m00.0s

running (8m51.5s), 0231/2500 VUs, 100692 complete and 0 interrupted iterations
users   [  98% ] 0231/2500 VUs  8m51.5s/9m00.0s

running (8m52.5s), 0209/2500 VUs, 100739 complete and 0 interrupted iterations
users   [  99% ] 0209/2500 VUs  8m52.5s/9m00.0s

running (8m53.5s), 0193/2500 VUs, 100776 complete and 0 interrupted iterations
users   [  99% ] 0193/2500 VUs  8m53.5s/9m00.0s

running (8m54.5s), 0169/2500 VUs, 100827 complete and 0 interrupted iterations
users   [  99% ] 0169/2500 VUs  8m54.5s/9m00.0s

running (8m55.5s), 0147/2500 VUs, 100873 complete and 0 interrupted iterations
users   [  99% ] 0147/2500 VUs  8m55.5s/9m00.0s

running (8m56.5s), 0115/2500 VUs, 100923 complete and 0 interrupted iterations
users   [  99% ] 0115/2500 VUs  8m56.5s/9m00.0s

running (8m57.5s), 0099/2500 VUs, 100947 complete and 0 interrupted iterations
users   [ 100% ] 0099/2500 VUs  8m57.5s/9m00.0s

running (8m58.5s), 0083/2500 VUs, 100969 complete and 0 interrupted iterations
users   [ 100% ] 0083/2500 VUs  8m58.5s/9m00.0s

running (8m59.5s), 0061/2500 VUs, 100994 complete and 0 interrupted iterations
users   [ 100% ] 0061/2500 VUs  8m59.5s/9m00.0s

running (9m00.5s), 0035/2500 VUs, 101020 complete and 0 interrupted iterations
users ↓ [ 100% ] 0050/2500 VUs  9m0s

running (9m01.5s), 0017/2500 VUs, 101038 complete and 0 interrupted iterations
users ↓ [ 100% ] 0050/2500 VUs  9m0s

running (9m02.5s), 0009/2500 VUs, 101046 complete and 0 interrupted iterations
users ↓ [ 100% ] 0050/2500 VUs  9m0s

running (9m03.5s), 0003/2500 VUs, 101052 complete and 0 interrupted iterations
users ↓ [ 100% ] 0050/2500 VUs  9m0s


  █ THRESHOLDS 

    checks{phase:bench}
    ✓ 'rate>0.99' rate=100.00%

    http_req_duration{name:confirm,phase:bench}
    ✗ 'p(95)<200' p(95)=7.63s
    ✗ 'p(99)<600' p(99)=8.82s

    http_req_duration{name:download_expired,phase:bench}
    ✓ 'p(95)<200' p(95)=0s
    ✓ 'p(99)<600' p(99)=0s

    http_req_duration{name:download,phase:bench}
    ✗ 'p(95)<200' p(95)=9.65s
    ✗ 'p(99)<600' p(99)=10.84s

    http_req_duration{name:upload,phase:bench}
    ✗ 'p(95)<200' p(95)=7.94s
    ✗ 'p(99)<600' p(99)=9.04s

    http_req_failed{phase:bench}
    ✓ 'rate<0.01' rate=0.00%

    server_errors{phase:bench}
    ✓ 'rate<0.01' rate=0.00%


  █ TOTAL RESULTS 

    checks_total.......: 103722  190.733746/s
    checks_succeeded...: 100.00% 103722 out of 103722
    checks_failed......: 0.00%   0 out of 103722

    ✓ download as expected
    ✓ upload link 201
    ✓ confirm 200

    CUSTOM
    server_errors.............................: 0.00%  0 out of 103722
      { phase:bench }.........................: 0.00%  0 out of 59377

    HTTP
    http_req_duration.........................: med=6.93s  p(95)=9.27s  p(99)=10.49s avg=5.29s  max=14.84s
      { expected_response:true }..............: med=6.93s  p(95)=9.27s  p(99)=10.49s avg=5.29s  max=14.84s
      { name:confirm,phase:bench }............: med=6.68s  p(95)=7.63s  p(99)=8.82s  avg=6.75s  max=10.42s
      { name:download_expired,phase:bench }...: med=0s     p(95)=0s     p(99)=0s     avg=0s     max=0s    
      { name:download,phase:bench }...........: med=7.55s  p(95)=9.65s  p(99)=10.84s avg=7.76s  max=14.84s
      { name:upload,phase:bench }.............: med=6.68s  p(95)=7.94s  p(99)=9.04s  avg=6.77s  max=10.29s
    http_req_failed...........................: 0.00%  0 out of 103722
      { phase:bench }.........................: 0.00%  0 out of 59356
    http_reqs.................................: 103722 190.733746/s

    EXECUTION
    iteration_duration........................: med=12.01s p(95)=14.62s p(99)=20.11s avg=10.49s max=24.81s
    iterations................................: 101055 185.829416/s
    vus.......................................: 3      min=3           max=2500
    vus_max...................................: 2500   min=2500        max=2500

    NETWORK
    data_received.............................: 244 MB 448 kB/s
    data_sent.................................: 84 MB  154 kB/s




running (9m03.8s), 0000/2500 VUs, 101055 complete and 0 interrupted iterations
users ✓ [ 100% ] 0000/2500 VUs  9m0s
time="2026-09-30T10:14:02Z" level=error msg="thresholds on metrics 'http_req_duration{name:confirm,phase:bench}, http_req_duration{name:download,phase:bench}, http_req_duration{name:upload,phase:bench}' have been crossed"
== 2500 users: fail
== resting 120s
== pass 3: 1250 users (passed up to 0, failed from 2500)
TRUNCATE TABLE
SELECT 10000
ALTER TABLE
UPDATE 10000
INSERT 0 10000
COPY 10000
VACUUM
  expiry   | count 
-----------+-------
 HOURS24   |  3283
 MINUTES15 |  3352
 MINUTES30 |  3365
(3 rows)

 rows  |  table  | indexes |  total  
-------+---------+---------+---------
 10000 | 1112 kB | 1400 kB | 2512 kB
(1 row)

wrote /tmp/seed.csv (10000 files). Copy it to the load generator and run load-file-list.sh.
file list loaded: 10000 files
time="2026-09-30T10:16:05Z" level=info msg="Automatic extension resolution is enabled. The current k6 binary doesn't satisfy all dependencies, it's required to provision a custom binary." deps="k6;k6/x/redis"
time="2026-09-30T10:16:05Z" level=info msg="Using cached k6 binary" artifact_id=d29e86c20dd9a49cb84ea3c41fac5b8b8e524e06 deps="map[k6:v2.3.0 k6/x/redis:v0.4.3]" path=/home/admin/.cache/k6/builds/d29e86c20dd9a49cb84ea3c41fac5b8b8e524e06/k6

         /\      Grafana   /‾‾/  
    /\  /  \     |\  __   /  /   
   /  \/    \    | |/ /  /   ‾‾\ 
  /          \   |   (  |  (‾)  |
 / __________ \  |_|\_\  \_____/ 


     execution: local
        script: /home/admin/Mint-Bench/k6/mint.js
        output: csv (/home/admin/Mint-Bench/bench-sql/results/2026-09-30-0953/vus-1250/k6.csv.gz)

     scenarios: (100.00%) 1 scenario, 1250 max VUs, 9m30s max duration (incl. graceful stop):
              * users: Up to 1250 looping VUs for 9m0s over 3 stages (gracefulRampDown: 30s, gracefulStop: 30s)


running (0m00.8s), 0007/1250 VUs, 0 complete and 0 interrupted iterations
users   [   0% ] 0007/1250 VUs  0m00.8s/9m00.0s

running (0m01.8s), 0018/1250 VUs, 0 complete and 0 interrupted iterations
users   [   0% ] 0018/1250 VUs  0m01.8s/9m00.0s

running (0m02.8s), 0028/1250 VUs, 0 complete and 0 interrupted iterations
users   [   1% ] 0028/1250 VUs  0m02.8s/9m00.0s

running (0m03.8s), 0039/1250 VUs, 0 complete and 0 interrupted iterations
users   [   1% ] 0039/1250 VUs  0m03.8s/9m00.0s

running (0m04.8s), 0049/1250 VUs, 0 complete and 0 interrupted iterations
users   [   1% ] 0049/1250 VUs  0m04.8s/9m00.0s

running (0m05.8s), 0060/1250 VUs, 6 complete and 0 interrupted iterations
users   [   1% ] 0060/1250 VUs  0m05.8s/9m00.0s

running (0m06.8s), 0070/1250 VUs, 16 complete and 0 interrupted iterations
users   [   1% ] 0070/1250 VUs  0m06.8s/9m00.0s

running (0m07.8s), 0080/1250 VUs, 27 complete and 0 interrupted iterations
users   [   1% ] 0080/1250 VUs  0m07.8s/9m00.0s

running (0m08.8s), 0091/1250 VUs, 39 complete and 0 interrupted iterations
users   [   2% ] 0091/1250 VUs  0m08.8s/9m00.0s

running (0m09.8s), 0101/1250 VUs, 49 complete and 0 interrupted iterations
users   [   2% ] 0101/1250 VUs  0m09.8s/9m00.0s

running (0m10.8s), 0112/1250 VUs, 64 complete and 0 interrupted iterations
users   [   2% ] 0112/1250 VUs  0m10.8s/9m00.0s

running (0m11.8s), 0122/1250 VUs, 85 complete and 0 interrupted iterations
users   [   2% ] 0122/1250 VUs  0m11.8s/9m00.0s

running (0m12.8s), 0132/1250 VUs, 106 complete and 0 interrupted iterations
users   [   2% ] 0132/1250 VUs  0m12.8s/9m00.0s

running (0m13.8s), 0143/1250 VUs, 130 complete and 0 interrupted iterations
users   [   3% ] 0143/1250 VUs  0m13.8s/9m00.0s

running (0m14.8s), 0153/1250 VUs, 150 complete and 0 interrupted iterations
users   [   3% ] 0153/1250 VUs  0m14.8s/9m00.0s

running (0m15.8s), 0164/1250 VUs, 176 complete and 0 interrupted iterations
users   [   3% ] 0164/1250 VUs  0m15.8s/9m00.0s

running (0m16.8s), 0174/1250 VUs, 206 complete and 0 interrupted iterations
users   [   3% ] 0174/1250 VUs  0m16.8s/9m00.0s

running (0m17.8s), 0185/1250 VUs, 237 complete and 0 interrupted iterations
users   [   3% ] 0185/1250 VUs  0m17.8s/9m00.0s

running (0m18.8s), 0195/1250 VUs, 272 complete and 0 interrupted iterations
users   [   3% ] 0195/1250 VUs  0m18.8s/9m00.0s

running (0m19.8s), 0205/1250 VUs, 302 complete and 0 interrupted iterations
users   [   4% ] 0205/1250 VUs  0m19.8s/9m00.0s

running (0m20.8s), 0216/1250 VUs, 337 complete and 0 interrupted iterations
users   [   4% ] 0216/1250 VUs  0m20.8s/9m00.0s

running (0m21.8s), 0226/1250 VUs, 376 complete and 0 interrupted iterations
users   [   4% ] 0226/1250 VUs  0m21.8s/9m00.0s

running (0m22.8s), 0237/1250 VUs, 418 complete and 0 interrupted iterations
users   [   4% ] 0237/1250 VUs  0m22.8s/9m00.0s

running (0m23.8s), 0247/1250 VUs, 463 complete and 0 interrupted iterations
users   [   4% ] 0247/1250 VUs  0m23.8s/9m00.0s

running (0m24.8s), 0257/1250 VUs, 506 complete and 0 interrupted iterations
users   [   5% ] 0257/1250 VUs  0m24.8s/9m00.0s

running (0m25.8s), 0268/1250 VUs, 552 complete and 0 interrupted iterations
users   [   5% ] 0268/1250 VUs  0m25.8s/9m00.0s

running (0m26.8s), 0278/1250 VUs, 602 complete and 0 interrupted iterations
users   [   5% ] 0278/1250 VUs  0m26.8s/9m00.0s

running (0m27.8s), 0289/1250 VUs, 653 complete and 0 interrupted iterations
users   [   5% ] 0289/1250 VUs  0m27.8s/9m00.0s

running (0m28.8s), 0299/1250 VUs, 706 complete and 0 interrupted iterations
users   [   5% ] 0299/1250 VUs  0m28.8s/9m00.0s

running (0m29.8s), 0309/1250 VUs, 761 complete and 0 interrupted iterations
users   [   6% ] 0309/1250 VUs  0m29.8s/9m00.0s

running (0m30.8s), 0320/1250 VUs, 818 complete and 0 interrupted iterations
users   [   6% ] 0320/1250 VUs  0m30.8s/9m00.0s

running (0m31.8s), 0330/1250 VUs, 876 complete and 0 interrupted iterations
users   [   6% ] 0330/1250 VUs  0m31.8s/9m00.0s

running (0m32.8s), 0341/1250 VUs, 936 complete and 0 interrupted iterations
users   [   6% ] 0341/1250 VUs  0m32.8s/9m00.0s

running (0m33.8s), 0351/1250 VUs, 1004 complete and 0 interrupted iterations
users   [   6% ] 0351/1250 VUs  0m33.8s/9m00.0s

running (0m34.8s), 0362/1250 VUs, 1068 complete and 0 interrupted iterations
users   [   6% ] 0362/1250 VUs  0m34.8s/9m00.0s

running (0m35.8s), 0372/1250 VUs, 1131 complete and 0 interrupted iterations
users   [   7% ] 0372/1250 VUs  0m35.8s/9m00.0s

running (0m36.8s), 0382/1250 VUs, 1202 complete and 0 interrupted iterations
users   [   7% ] 0382/1250 VUs  0m36.8s/9m00.0s

running (0m37.8s), 0393/1250 VUs, 1273 complete and 0 interrupted iterations
users   [   7% ] 0393/1250 VUs  0m37.8s/9m00.0s

running (0m38.8s), 0403/1250 VUs, 1351 complete and 0 interrupted iterations
users   [   7% ] 0403/1250 VUs  0m38.8s/9m00.0s

running (0m39.8s), 0414/1250 VUs, 1425 complete and 0 interrupted iterations
users   [   7% ] 0414/1250 VUs  0m39.8s/9m00.0s

running (0m40.8s), 0424/1250 VUs, 1499 complete and 0 interrupted iterations
users   [   8% ] 0424/1250 VUs  0m40.8s/9m00.0s

running (0m41.8s), 0435/1250 VUs, 1581 complete and 0 interrupted iterations
users   [   8% ] 0435/1250 VUs  0m41.8s/9m00.0s

running (0m42.8s), 0445/1250 VUs, 1664 complete and 0 interrupted iterations
users   [   8% ] 0445/1250 VUs  0m42.8s/9m00.0s

running (0m43.8s), 0455/1250 VUs, 1751 complete and 0 interrupted iterations
users   [   8% ] 0455/1250 VUs  0m43.8s/9m00.0s

running (0m44.8s), 0466/1250 VUs, 1837 complete and 0 interrupted iterations
users   [   8% ] 0466/1250 VUs  0m44.8s/9m00.0s

running (0m45.8s), 0476/1250 VUs, 1918 complete and 0 interrupted iterations
users   [   8% ] 0476/1250 VUs  0m45.8s/9m00.0s

running (0m46.8s), 0487/1250 VUs, 2011 complete and 0 interrupted iterations
users   [   9% ] 0487/1250 VUs  0m46.8s/9m00.0s

running (0m47.8s), 0497/1250 VUs, 2101 complete and 0 interrupted iterations
users   [   9% ] 0497/1250 VUs  0m47.8s/9m00.0s

running (0m48.8s), 0507/1250 VUs, 2195 complete and 0 interrupted iterations
users   [   9% ] 0507/1250 VUs  0m48.8s/9m00.0s

running (0m49.8s), 0518/1250 VUs, 2291 complete and 0 interrupted iterations
users   [   9% ] 0518/1250 VUs  0m49.8s/9m00.0s

running (0m50.8s), 0528/1250 VUs, 2387 complete and 0 interrupted iterations
users   [   9% ] 0528/1250 VUs  0m50.8s/9m00.0s

running (0m51.8s), 0539/1250 VUs, 2494 complete and 0 interrupted iterations
users   [  10% ] 0539/1250 VUs  0m51.8s/9m00.0s

running (0m52.8s), 0549/1250 VUs, 2594 complete and 0 interrupted iterations
users   [  10% ] 0549/1250 VUs  0m52.8s/9m00.0s

running (0m53.8s), 0560/1250 VUs, 2693 complete and 0 interrupted iterations
users   [  10% ] 0560/1250 VUs  0m53.8s/9m00.0s

running (0m54.8s), 0570/1250 VUs, 2802 complete and 0 interrupted iterations
users   [  10% ] 0570/1250 VUs  0m54.8s/9m00.0s

running (0m55.8s), 0580/1250 VUs, 2912 complete and 0 interrupted iterations
users   [  10% ] 0580/1250 VUs  0m55.8s/9m00.0s

running (0m56.8s), 0591/1250 VUs, 3027 complete and 0 interrupted iterations
users   [  11% ] 0591/1250 VUs  0m56.8s/9m00.0s

running (0m57.8s), 0601/1250 VUs, 3136 complete and 0 interrupted iterations
users   [  11% ] 0601/1250 VUs  0m57.8s/9m00.0s

running (0m58.8s), 0612/1250 VUs, 3245 complete and 0 interrupted iterations
users   [  11% ] 0612/1250 VUs  0m58.8s/9m00.0s

running (0m59.8s), 0622/1250 VUs, 3365 complete and 0 interrupted iterations
users   [  11% ] 0622/1250 VUs  0m59.8s/9m00.0s

running (1m00.8s), 0632/1250 VUs, 3486 complete and 0 interrupted iterations
users   [  11% ] 0632/1250 VUs  1m00.8s/9m00.0s

running (1m01.8s), 0643/1250 VUs, 3614 complete and 0 interrupted iterations
users   [  11% ] 0643/1250 VUs  1m01.8s/9m00.0s

running (1m02.8s), 0653/1250 VUs, 3732 complete and 0 interrupted iterations
users   [  12% ] 0653/1250 VUs  1m02.8s/9m00.0s

running (1m03.8s), 0664/1250 VUs, 3850 complete and 0 interrupted iterations
users   [  12% ] 0664/1250 VUs  1m03.8s/9m00.0s

running (1m04.8s), 0674/1250 VUs, 3975 complete and 0 interrupted iterations
users   [  12% ] 0674/1250 VUs  1m04.8s/9m00.0s

running (1m05.8s), 0685/1250 VUs, 4106 complete and 0 interrupted iterations
users   [  12% ] 0685/1250 VUs  1m05.8s/9m00.0s

running (1m06.8s), 0695/1250 VUs, 4250 complete and 0 interrupted iterations
users   [  12% ] 0695/1250 VUs  1m06.8s/9m00.0s

running (1m07.8s), 0705/1250 VUs, 4377 complete and 0 interrupted iterations
users   [  13% ] 0705/1250 VUs  1m07.8s/9m00.0s

running (1m08.8s), 0716/1250 VUs, 4505 complete and 0 interrupted iterations
users   [  13% ] 0716/1250 VUs  1m08.8s/9m00.0s

running (1m09.8s), 0726/1250 VUs, 4641 complete and 0 interrupted iterations
users   [  13% ] 0726/1250 VUs  1m09.8s/9m00.0s

running (1m10.8s), 0737/1250 VUs, 4782 complete and 0 interrupted iterations
users   [  13% ] 0737/1250 VUs  1m10.8s/9m00.0s

running (1m11.8s), 0747/1250 VUs, 4934 complete and 0 interrupted iterations
users   [  13% ] 0747/1250 VUs  1m11.8s/9m00.0s

running (1m12.8s), 0757/1250 VUs, 5077 complete and 0 interrupted iterations
users   [  13% ] 0757/1250 VUs  1m12.8s/9m00.0s

running (1m13.8s), 0768/1250 VUs, 5218 complete and 0 interrupted iterations
users   [  14% ] 0768/1250 VUs  1m13.8s/9m00.0s

running (1m14.8s), 0778/1250 VUs, 5356 complete and 0 interrupted iterations
users   [  14% ] 0778/1250 VUs  1m14.8s/9m00.0s

running (1m15.8s), 0789/1250 VUs, 5506 complete and 0 interrupted iterations
users   [  14% ] 0789/1250 VUs  1m15.8s/9m00.0s

running (1m16.8s), 0799/1250 VUs, 5673 complete and 0 interrupted iterations
users   [  14% ] 0799/1250 VUs  1m16.8s/9m00.0s

running (1m17.8s), 0810/1250 VUs, 5825 complete and 0 interrupted iterations
users   [  14% ] 0810/1250 VUs  1m17.8s/9m00.0s

running (1m18.8s), 0820/1250 VUs, 5980 complete and 0 interrupted iterations
users   [  15% ] 0820/1250 VUs  1m18.8s/9m00.0s

running (1m19.8s), 0830/1250 VUs, 6129 complete and 0 interrupted iterations
users   [  15% ] 0830/1250 VUs  1m19.8s/9m00.0s

running (1m20.8s), 0841/1250 VUs, 6288 complete and 0 interrupted iterations
users   [  15% ] 0841/1250 VUs  1m20.8s/9m00.0s

running (1m21.8s), 0851/1250 VUs, 6464 complete and 0 interrupted iterations
users   [  15% ] 0851/1250 VUs  1m21.8s/9m00.0s

running (1m22.8s), 0862/1250 VUs, 6630 complete and 0 interrupted iterations
users   [  15% ] 0862/1250 VUs  1m22.8s/9m00.0s

running (1m23.8s), 0872/1250 VUs, 6796 complete and 0 interrupted iterations
users   [  16% ] 0872/1250 VUs  1m23.8s/9m00.0s

running (1m24.8s), 0882/1250 VUs, 6954 complete and 0 interrupted iterations
users   [  16% ] 0882/1250 VUs  1m24.8s/9m00.0s

running (1m25.8s), 0893/1250 VUs, 7121 complete and 0 interrupted iterations
users   [  16% ] 0893/1250 VUs  1m25.8s/9m00.0s

running (1m26.8s), 0903/1250 VUs, 7303 complete and 0 interrupted iterations
users   [  16% ] 0903/1250 VUs  1m26.8s/9m00.0s

running (1m27.8s), 0914/1250 VUs, 7484 complete and 0 interrupted iterations
users   [  16% ] 0914/1250 VUs  1m27.8s/9m00.0s

running (1m28.8s), 0924/1250 VUs, 7652 complete and 0 interrupted iterations
users   [  16% ] 0924/1250 VUs  1m28.8s/9m00.0s

running (1m29.8s), 0935/1250 VUs, 7819 complete and 0 interrupted iterations
users   [  17% ] 0935/1250 VUs  1m29.8s/9m00.0s

running (1m30.8s), 0945/1250 VUs, 8003 complete and 0 interrupted iterations
users   [  17% ] 0945/1250 VUs  1m30.8s/9m00.0s

running (1m31.8s), 0955/1250 VUs, 8196 complete and 0 interrupted iterations
users   [  17% ] 0955/1250 VUs  1m31.8s/9m00.0s

running (1m32.8s), 0966/1250 VUs, 8386 complete and 0 interrupted iterations
users   [  17% ] 0966/1250 VUs  1m32.8s/9m00.0s

running (1m33.8s), 0976/1250 VUs, 8562 complete and 0 interrupted iterations
users   [  17% ] 0976/1250 VUs  1m33.8s/9m00.0s

running (1m34.8s), 0987/1250 VUs, 8742 complete and 0 interrupted iterations
users   [  18% ] 0987/1250 VUs  1m34.8s/9m00.0s

running (1m35.8s), 0997/1250 VUs, 8942 complete and 0 interrupted iterations
users   [  18% ] 0997/1250 VUs  1m35.8s/9m00.0s

running (1m36.8s), 1007/1250 VUs, 9143 complete and 0 interrupted iterations
users   [  18% ] 1007/1250 VUs  1m36.8s/9m00.0s

running (1m37.8s), 1018/1250 VUs, 9342 complete and 0 interrupted iterations
users   [  18% ] 1018/1250 VUs  1m37.8s/9m00.0s

running (1m38.8s), 1028/1250 VUs, 9531 complete and 0 interrupted iterations
users   [  18% ] 1028/1250 VUs  1m38.8s/9m00.0s

running (1m39.8s), 1039/1250 VUs, 9722 complete and 0 interrupted iterations
users   [  18% ] 1039/1250 VUs  1m39.8s/9m00.0s

running (1m40.8s), 1049/1250 VUs, 9926 complete and 0 interrupted iterations
users   [  19% ] 1049/1250 VUs  1m40.8s/9m00.0s

running (1m41.8s), 1060/1250 VUs, 10136 complete and 0 interrupted iterations
users   [  19% ] 1060/1250 VUs  1m41.8s/9m00.0s

running (1m42.8s), 1070/1250 VUs, 10345 complete and 0 interrupted iterations
users   [  19% ] 1070/1250 VUs  1m42.8s/9m00.0s

running (1m43.8s), 1080/1250 VUs, 10554 complete and 0 interrupted iterations
users   [  19% ] 1080/1250 VUs  1m43.8s/9m00.0s

running (1m44.8s), 1091/1250 VUs, 10751 complete and 0 interrupted iterations
users   [  19% ] 1091/1250 VUs  1m44.8s/9m00.0s

running (1m45.8s), 1101/1250 VUs, 10964 complete and 0 interrupted iterations
users   [  20% ] 1101/1250 VUs  1m45.8s/9m00.0s

running (1m46.8s), 1112/1250 VUs, 11183 complete and 0 interrupted iterations
users   [  20% ] 1112/1250 VUs  1m46.8s/9m00.0s

running (1m47.8s), 1122/1250 VUs, 11405 complete and 0 interrupted iterations
users   [  20% ] 1122/1250 VUs  1m47.8s/9m00.0s

running (1m48.8s), 1132/1250 VUs, 11621 complete and 0 interrupted iterations
users   [  20% ] 1132/1250 VUs  1m48.8s/9m00.0s

running (1m49.8s), 1143/1250 VUs, 11830 complete and 0 interrupted iterations
users   [  20% ] 1143/1250 VUs  1m49.8s/9m00.0s

running (1m50.8s), 1153/1250 VUs, 12055 complete and 0 interrupted iterations
users   [  21% ] 1153/1250 VUs  1m50.8s/9m00.0s

running (1m51.8s), 1164/1250 VUs, 12284 complete and 0 interrupted iterations
users   [  21% ] 1164/1250 VUs  1m51.8s/9m00.0s

running (1m52.8s), 1174/1250 VUs, 12512 complete and 0 interrupted iterations
users   [  21% ] 1174/1250 VUs  1m52.8s/9m00.0s

running (1m53.8s), 1185/1250 VUs, 12732 complete and 0 interrupted iterations
users   [  21% ] 1185/1250 VUs  1m53.8s/9m00.0s

running (1m54.8s), 1195/1250 VUs, 12955 complete and 0 interrupted iterations
users   [  21% ] 1195/1250 VUs  1m54.8s/9m00.0s

running (1m55.8s), 1205/1250 VUs, 13195 complete and 0 interrupted iterations
users   [  21% ] 1205/1250 VUs  1m55.8s/9m00.0s

running (1m56.8s), 1216/1250 VUs, 13434 complete and 0 interrupted iterations
users   [  22% ] 1216/1250 VUs  1m56.8s/9m00.0s

running (1m57.8s), 1226/1250 VUs, 13666 complete and 0 interrupted iterations
users   [  22% ] 1226/1250 VUs  1m57.8s/9m00.0s

running (1m58.8s), 1237/1250 VUs, 13901 complete and 0 interrupted iterations
users   [  22% ] 1237/1250 VUs  1m58.8s/9m00.0s

running (1m59.8s), 1247/1250 VUs, 14137 complete and 0 interrupted iterations
users   [  22% ] 1247/1250 VUs  1m59.8s/9m00.0s

running (2m00.8s), 1250/1250 VUs, 14383 complete and 0 interrupted iterations
users   [  22% ] 1250/1250 VUs  2m00.8s/9m00.0s

running (2m01.8s), 1250/1250 VUs, 14633 complete and 0 interrupted iterations
users   [  23% ] 1250/1250 VUs  2m01.8s/9m00.0s

running (2m02.8s), 1250/1250 VUs, 14877 complete and 0 interrupted iterations
users   [  23% ] 1250/1250 VUs  2m02.8s/9m00.0s

running (2m03.8s), 1250/1250 VUs, 15126 complete and 0 interrupted iterations
users   [  23% ] 1250/1250 VUs  2m03.8s/9m00.0s

running (2m04.8s), 1250/1250 VUs, 15371 complete and 0 interrupted iterations
users   [  23% ] 1250/1250 VUs  2m04.8s/9m00.0s

running (2m05.8s), 1250/1250 VUs, 15616 complete and 0 interrupted iterations
users   [  23% ] 1250/1250 VUs  2m05.8s/9m00.0s

running (2m06.8s), 1250/1250 VUs, 15868 complete and 0 interrupted iterations
users   [  23% ] 1250/1250 VUs  2m06.8s/9m00.0s

running (2m07.8s), 1250/1250 VUs, 16113 complete and 0 interrupted iterations
users   [  24% ] 1250/1250 VUs  2m07.8s/9m00.0s

running (2m08.8s), 1250/1250 VUs, 16361 complete and 0 interrupted iterations
users   [  24% ] 1250/1250 VUs  2m08.8s/9m00.0s

running (2m09.8s), 1250/1250 VUs, 16601 complete and 0 interrupted iterations
users   [  24% ] 1250/1250 VUs  2m09.8s/9m00.0s

running (2m10.8s), 1250/1250 VUs, 16854 complete and 0 interrupted iterations
users   [  24% ] 1250/1250 VUs  2m10.8s/9m00.0s

running (2m11.8s), 1250/1250 VUs, 17103 complete and 0 interrupted iterations
users   [  24% ] 1250/1250 VUs  2m11.8s/9m00.0s

running (2m12.8s), 1250/1250 VUs, 17351 complete and 0 interrupted iterations
users   [  25% ] 1250/1250 VUs  2m12.8s/9m00.0s

running (2m13.8s), 1250/1250 VUs, 17595 complete and 0 interrupted iterations
users   [  25% ] 1250/1250 VUs  2m13.8s/9m00.0s

running (2m14.8s), 1250/1250 VUs, 17839 complete and 0 interrupted iterations
users   [  25% ] 1250/1250 VUs  2m14.8s/9m00.0s

running (2m15.8s), 1250/1250 VUs, 18089 complete and 0 interrupted iterations
users   [  25% ] 1250/1250 VUs  2m15.8s/9m00.0s

running (2m16.8s), 1250/1250 VUs, 18337 complete and 0 interrupted iterations
users   [  25% ] 1250/1250 VUs  2m16.8s/9m00.0s

running (2m17.8s), 1250/1250 VUs, 18581 complete and 0 interrupted iterations
users   [  26% ] 1250/1250 VUs  2m17.8s/9m00.0s

running (2m18.8s), 1250/1250 VUs, 18825 complete and 0 interrupted iterations
users   [  26% ] 1250/1250 VUs  2m18.8s/9m00.0s

running (2m19.8s), 1250/1250 VUs, 19074 complete and 0 interrupted iterations
users   [  26% ] 1250/1250 VUs  2m19.8s/9m00.0s

running (2m20.8s), 1250/1250 VUs, 19326 complete and 0 interrupted iterations
users   [  26% ] 1250/1250 VUs  2m20.8s/9m00.0s

running (2m21.8s), 1250/1250 VUs, 19580 complete and 0 interrupted iterations
users   [  26% ] 1250/1250 VUs  2m21.8s/9m00.0s

running (2m22.8s), 1250/1250 VUs, 19822 complete and 0 interrupted iterations
users   [  26% ] 1250/1250 VUs  2m22.8s/9m00.0s

running (2m23.8s), 1250/1250 VUs, 20064 complete and 0 interrupted iterations
users   [  27% ] 1250/1250 VUs  2m23.8s/9m00.0s

running (2m24.8s), 1250/1250 VUs, 20307 complete and 0 interrupted iterations
users   [  27% ] 1250/1250 VUs  2m24.8s/9m00.0s

running (2m25.8s), 1250/1250 VUs, 20562 complete and 0 interrupted iterations
users   [  27% ] 1250/1250 VUs  2m25.8s/9m00.0s

running (2m26.8s), 1250/1250 VUs, 20812 complete and 0 interrupted iterations
users   [  27% ] 1250/1250 VUs  2m26.8s/9m00.0s

running (2m27.8s), 1250/1250 VUs, 21058 complete and 0 interrupted iterations
users   [  27% ] 1250/1250 VUs  2m27.8s/9m00.0s

running (2m28.8s), 1250/1250 VUs, 21303 complete and 0 interrupted iterations
users   [  28% ] 1250/1250 VUs  2m28.8s/9m00.0s

running (2m29.8s), 1250/1250 VUs, 21545 complete and 0 interrupted iterations
users   [  28% ] 1250/1250 VUs  2m29.8s/9m00.0s

running (2m30.8s), 1250/1250 VUs, 21795 complete and 0 interrupted iterations
users   [  28% ] 1250/1250 VUs  2m30.8s/9m00.0s

running (2m31.8s), 1250/1250 VUs, 22045 complete and 0 interrupted iterations
users   [  28% ] 1250/1250 VUs  2m31.8s/9m00.0s

running (2m32.8s), 1250/1250 VUs, 22291 complete and 0 interrupted iterations
users   [  28% ] 1250/1250 VUs  2m32.8s/9m00.0s

running (2m33.8s), 1250/1250 VUs, 22540 complete and 0 interrupted iterations
users   [  28% ] 1250/1250 VUs  2m33.8s/9m00.0s

running (2m34.8s), 1250/1250 VUs, 22781 complete and 0 interrupted iterations
users   [  29% ] 1250/1250 VUs  2m34.8s/9m00.0s

running (2m35.8s), 1250/1250 VUs, 23030 complete and 0 interrupted iterations
users   [  29% ] 1250/1250 VUs  2m35.8s/9m00.0s

running (2m36.8s), 1250/1250 VUs, 23281 complete and 0 interrupted iterations
users   [  29% ] 1250/1250 VUs  2m36.8s/9m00.0s

running (2m37.8s), 1250/1250 VUs, 23530 complete and 0 interrupted iterations
users   [  29% ] 1250/1250 VUs  2m37.8s/9m00.0s

running (2m38.8s), 1250/1250 VUs, 23777 complete and 0 interrupted iterations
users   [  29% ] 1250/1250 VUs  2m38.8s/9m00.0s

running (2m39.8s), 1250/1250 VUs, 24024 complete and 0 interrupted iterations
users   [  30% ] 1250/1250 VUs  2m39.8s/9m00.0s

running (2m40.8s), 1250/1250 VUs, 24269 complete and 0 interrupted iterations
users   [  30% ] 1250/1250 VUs  2m40.8s/9m00.0s

running (2m41.8s), 1250/1250 VUs, 24518 complete and 0 interrupted iterations
users   [  30% ] 1250/1250 VUs  2m41.8s/9m00.0s

running (2m42.8s), 1250/1250 VUs, 24764 complete and 0 interrupted iterations
users   [  30% ] 1250/1250 VUs  2m42.8s/9m00.0s

running (2m43.8s), 1250/1250 VUs, 25009 complete and 0 interrupted iterations
users   [  30% ] 1250/1250 VUs  2m43.8s/9m00.0s

running (2m44.8s), 1250/1250 VUs, 25260 complete and 0 interrupted iterations
users   [  31% ] 1250/1250 VUs  2m44.8s/9m00.0s

running (2m45.8s), 1250/1250 VUs, 25505 complete and 0 interrupted iterations
users   [  31% ] 1250/1250 VUs  2m45.8s/9m00.0s

running (2m46.8s), 1250/1250 VUs, 25748 complete and 0 interrupted iterations
users   [  31% ] 1250/1250 VUs  2m46.8s/9m00.0s

running (2m47.8s), 1250/1250 VUs, 26001 complete and 0 interrupted iterations
users   [  31% ] 1250/1250 VUs  2m47.8s/9m00.0s

running (2m48.8s), 1250/1250 VUs, 26243 complete and 0 interrupted iterations
users   [  31% ] 1250/1250 VUs  2m48.8s/9m00.0s

running (2m49.8s), 1250/1250 VUs, 26497 complete and 0 interrupted iterations
users   [  31% ] 1250/1250 VUs  2m49.8s/9m00.0s

running (2m50.8s), 1250/1250 VUs, 26742 complete and 0 interrupted iterations
users   [  32% ] 1250/1250 VUs  2m50.8s/9m00.0s

running (2m51.8s), 1250/1250 VUs, 26988 complete and 0 interrupted iterations
users   [  32% ] 1250/1250 VUs  2m51.8s/9m00.0s

running (2m52.8s), 1250/1250 VUs, 27236 complete and 0 interrupted iterations
users   [  32% ] 1250/1250 VUs  2m52.8s/9m00.0s

running (2m53.8s), 1250/1250 VUs, 27475 complete and 0 interrupted iterations
users   [  32% ] 1250/1250 VUs  2m53.8s/9m00.0s

running (2m54.8s), 1250/1250 VUs, 27726 complete and 0 interrupted iterations
users   [  32% ] 1250/1250 VUs  2m54.8s/9m00.0s

running (2m55.8s), 1250/1250 VUs, 27973 complete and 0 interrupted iterations
users   [  33% ] 1250/1250 VUs  2m55.8s/9m00.0s

running (2m56.8s), 1250/1250 VUs, 28223 complete and 0 interrupted iterations
users   [  33% ] 1250/1250 VUs  2m56.8s/9m00.0s

running (2m57.8s), 1250/1250 VUs, 28475 complete and 0 interrupted iterations
users   [  33% ] 1250/1250 VUs  2m57.8s/9m00.0s

running (2m58.8s), 1250/1250 VUs, 28716 complete and 0 interrupted iterations
users   [  33% ] 1250/1250 VUs  2m58.8s/9m00.0s

running (2m59.8s), 1250/1250 VUs, 28963 complete and 0 interrupted iterations
users   [  33% ] 1250/1250 VUs  2m59.8s/9m00.0s

running (3m00.8s), 1250/1250 VUs, 29200 complete and 0 interrupted iterations
users   [  33% ] 1250/1250 VUs  3m00.8s/9m00.0s

running (3m01.8s), 1250/1250 VUs, 29450 complete and 0 interrupted iterations
users   [  34% ] 1250/1250 VUs  3m01.8s/9m00.0s

running (3m02.8s), 1250/1250 VUs, 29705 complete and 0 interrupted iterations
users   [  34% ] 1250/1250 VUs  3m02.8s/9m00.0s

running (3m03.8s), 1250/1250 VUs, 29951 complete and 0 interrupted iterations
users   [  34% ] 1250/1250 VUs  3m03.8s/9m00.0s

running (3m04.8s), 1250/1250 VUs, 30197 complete and 0 interrupted iterations
users   [  34% ] 1250/1250 VUs  3m04.8s/9m00.0s

running (3m05.8s), 1250/1250 VUs, 30430 complete and 0 interrupted iterations
users   [  34% ] 1250/1250 VUs  3m05.8s/9m00.0s

running (3m06.8s), 1250/1250 VUs, 30689 complete and 0 interrupted iterations
users   [  35% ] 1250/1250 VUs  3m06.8s/9m00.0s

running (3m07.8s), 1250/1250 VUs, 30945 complete and 0 interrupted iterations
users   [  35% ] 1250/1250 VUs  3m07.8s/9m00.0s

running (3m08.8s), 1250/1250 VUs, 31188 complete and 0 interrupted iterations
users   [  35% ] 1250/1250 VUs  3m08.8s/9m00.0s

running (3m09.8s), 1250/1250 VUs, 31436 complete and 0 interrupted iterations
users   [  35% ] 1250/1250 VUs  3m09.8s/9m00.0s

running (3m10.8s), 1250/1250 VUs, 31668 complete and 0 interrupted iterations
users   [  35% ] 1250/1250 VUs  3m10.8s/9m00.0s

running (3m11.8s), 1250/1250 VUs, 31924 complete and 0 interrupted iterations
users   [  36% ] 1250/1250 VUs  3m11.8s/9m00.0s

running (3m12.8s), 1250/1250 VUs, 32177 complete and 0 interrupted iterations
users   [  36% ] 1250/1250 VUs  3m12.8s/9m00.0s

running (3m13.8s), 1250/1250 VUs, 32426 complete and 0 interrupted iterations
users   [  36% ] 1250/1250 VUs  3m13.8s/9m00.0s

running (3m14.8s), 1250/1250 VUs, 32672 complete and 0 interrupted iterations
users   [  36% ] 1250/1250 VUs  3m14.8s/9m00.0s

running (3m15.8s), 1250/1250 VUs, 32905 complete and 0 interrupted iterations
users   [  36% ] 1250/1250 VUs  3m15.8s/9m00.0s

running (3m16.8s), 1250/1250 VUs, 33164 complete and 0 interrupted iterations
users   [  36% ] 1250/1250 VUs  3m16.8s/9m00.0s

running (3m17.8s), 1250/1250 VUs, 33410 complete and 0 interrupted iterations
users   [  37% ] 1250/1250 VUs  3m17.8s/9m00.0s

running (3m18.8s), 1250/1250 VUs, 33656 complete and 0 interrupted iterations
users   [  37% ] 1250/1250 VUs  3m18.8s/9m00.0s

running (3m19.8s), 1250/1250 VUs, 33903 complete and 0 interrupted iterations
users   [  37% ] 1250/1250 VUs  3m19.8s/9m00.0s

running (3m20.8s), 1250/1250 VUs, 34139 complete and 0 interrupted iterations
users   [  37% ] 1250/1250 VUs  3m20.8s/9m00.0s

running (3m21.8s), 1250/1250 VUs, 34403 complete and 0 interrupted iterations
users   [  37% ] 1250/1250 VUs  3m21.8s/9m00.0s

running (3m22.8s), 1250/1250 VUs, 34651 complete and 0 interrupted iterations
users   [  38% ] 1250/1250 VUs  3m22.8s/9m00.0s

running (3m23.8s), 1250/1250 VUs, 34893 complete and 0 interrupted iterations
users   [  38% ] 1250/1250 VUs  3m23.8s/9m00.0s

running (3m24.8s), 1250/1250 VUs, 35140 complete and 0 interrupted iterations
users   [  38% ] 1250/1250 VUs  3m24.8s/9m00.0s

running (3m25.8s), 1250/1250 VUs, 35375 complete and 0 interrupted iterations
users   [  38% ] 1250/1250 VUs  3m25.8s/9m00.0s

running (3m26.8s), 1250/1250 VUs, 35638 complete and 0 interrupted iterations
users   [  38% ] 1250/1250 VUs  3m26.8s/9m00.0s

running (3m27.8s), 1250/1250 VUs, 35893 complete and 0 interrupted iterations
users   [  38% ] 1250/1250 VUs  3m27.8s/9m00.0s

running (3m28.8s), 1250/1250 VUs, 36133 complete and 0 interrupted iterations
users   [  39% ] 1250/1250 VUs  3m28.8s/9m00.0s

running (3m29.8s), 1250/1250 VUs, 36375 complete and 0 interrupted iterations
users   [  39% ] 1250/1250 VUs  3m29.8s/9m00.0s

running (3m30.8s), 1250/1250 VUs, 36602 complete and 0 interrupted iterations
users   [  39% ] 1250/1250 VUs  3m30.8s/9m00.0s

running (3m31.8s), 1250/1250 VUs, 36870 complete and 0 interrupted iterations
users   [  39% ] 1250/1250 VUs  3m31.8s/9m00.0s

running (3m32.8s), 1250/1250 VUs, 37126 complete and 0 interrupted iterations
users   [  39% ] 1250/1250 VUs  3m32.8s/9m00.0s

running (3m33.8s), 1250/1250 VUs, 37364 complete and 0 interrupted iterations
users   [  40% ] 1250/1250 VUs  3m33.8s/9m00.0s

running (3m34.8s), 1250/1250 VUs, 37610 complete and 0 interrupted iterations
users   [  40% ] 1250/1250 VUs  3m34.8s/9m00.0s

running (3m35.8s), 1250/1250 VUs, 37837 complete and 0 interrupted iterations
users   [  40% ] 1250/1250 VUs  3m35.8s/9m00.0s

running (3m36.8s), 1250/1250 VUs, 38107 complete and 0 interrupted iterations
users   [  40% ] 1250/1250 VUs  3m36.8s/9m00.0s

running (3m37.8s), 1250/1250 VUs, 38365 complete and 0 interrupted iterations
users   [  40% ] 1250/1250 VUs  3m37.8s/9m00.0s

running (3m38.8s), 1250/1250 VUs, 38601 complete and 0 interrupted iterations
users   [  41% ] 1250/1250 VUs  3m38.8s/9m00.0s

running (3m39.8s), 1250/1250 VUs, 38847 complete and 0 interrupted iterations
users   [  41% ] 1250/1250 VUs  3m39.8s/9m00.0s

running (3m40.8s), 1250/1250 VUs, 39070 complete and 0 interrupted iterations
users   [  41% ] 1250/1250 VUs  3m40.8s/9m00.0s

running (3m41.8s), 1250/1250 VUs, 39341 complete and 0 interrupted iterations
users   [  41% ] 1250/1250 VUs  3m41.8s/9m00.0s

running (3m42.8s), 1250/1250 VUs, 39594 complete and 0 interrupted iterations
users   [  41% ] 1250/1250 VUs  3m42.8s/9m00.0s

running (3m43.8s), 1250/1250 VUs, 39834 complete and 0 interrupted iterations
users   [  41% ] 1250/1250 VUs  3m43.8s/9m00.0s

running (3m44.8s), 1250/1250 VUs, 40083 complete and 0 interrupted iterations
users   [  42% ] 1250/1250 VUs  3m44.8s/9m00.0s

running (3m45.8s), 1250/1250 VUs, 40312 complete and 0 interrupted iterations
users   [  42% ] 1250/1250 VUs  3m45.8s/9m00.0s

running (3m46.8s), 1250/1250 VUs, 40576 complete and 0 interrupted iterations
users   [  42% ] 1250/1250 VUs  3m46.8s/9m00.0s

running (3m47.8s), 1250/1250 VUs, 40831 complete and 0 interrupted iterations
users   [  42% ] 1250/1250 VUs  3m47.8s/9m00.0s

running (3m48.8s), 1250/1250 VUs, 41071 complete and 0 interrupted iterations
users   [  42% ] 1250/1250 VUs  3m48.8s/9m00.0s

running (3m49.8s), 1250/1250 VUs, 41319 complete and 0 interrupted iterations
users   [  43% ] 1250/1250 VUs  3m49.8s/9m00.0s

running (3m50.8s), 1250/1250 VUs, 41542 complete and 0 interrupted iterations
users   [  43% ] 1250/1250 VUs  3m50.8s/9m00.0s

running (3m51.8s), 1250/1250 VUs, 41801 complete and 0 interrupted iterations
users   [  43% ] 1250/1250 VUs  3m51.8s/9m00.0s

running (3m52.8s), 1250/1250 VUs, 42068 complete and 0 interrupted iterations
users   [  43% ] 1250/1250 VUs  3m52.8s/9m00.0s

running (3m53.8s), 1250/1250 VUs, 42303 complete and 0 interrupted iterations
users   [  43% ] 1250/1250 VUs  3m53.8s/9m00.0s

running (3m54.8s), 1250/1250 VUs, 42554 complete and 0 interrupted iterations
users   [  43% ] 1250/1250 VUs  3m54.8s/9m00.0s

running (3m55.8s), 1250/1250 VUs, 42780 complete and 0 interrupted iterations
users   [  44% ] 1250/1250 VUs  3m55.8s/9m00.0s

running (3m56.8s), 1250/1250 VUs, 43039 complete and 0 interrupted iterations
users   [  44% ] 1250/1250 VUs  3m56.8s/9m00.0s

running (3m57.8s), 1250/1250 VUs, 43308 complete and 0 interrupted iterations
users   [  44% ] 1250/1250 VUs  3m57.8s/9m00.0s

running (3m58.8s), 1250/1250 VUs, 43544 complete and 0 interrupted iterations
users   [  44% ] 1250/1250 VUs  3m58.8s/9m00.0s

running (3m59.8s), 1250/1250 VUs, 43792 complete and 0 interrupted iterations
users   [  44% ] 1250/1250 VUs  3m59.8s/9m00.0s

running (4m00.8s), 1250/1250 VUs, 44002 complete and 0 interrupted iterations
users   [  45% ] 1250/1250 VUs  4m00.8s/9m00.0s

running (4m01.8s), 1250/1250 VUs, 44279 complete and 0 interrupted iterations
users   [  45% ] 1250/1250 VUs  4m01.8s/9m00.0s

running (4m02.8s), 1250/1250 VUs, 44545 complete and 0 interrupted iterations
users   [  45% ] 1250/1250 VUs  4m02.8s/9m00.0s

running (4m03.8s), 1250/1250 VUs, 44780 complete and 0 interrupted iterations
users   [  45% ] 1250/1250 VUs  4m03.8s/9m00.0s

running (4m04.8s), 1250/1250 VUs, 45026 complete and 0 interrupted iterations
users   [  45% ] 1250/1250 VUs  4m04.8s/9m00.0s

running (4m05.8s), 1250/1250 VUs, 45240 complete and 0 interrupted iterations
users   [  46% ] 1250/1250 VUs  4m05.8s/9m00.0s

running (4m06.8s), 1250/1250 VUs, 45519 complete and 0 interrupted iterations
users   [  46% ] 1250/1250 VUs  4m06.8s/9m00.0s

running (4m07.8s), 1250/1250 VUs, 45785 complete and 0 interrupted iterations
users   [  46% ] 1250/1250 VUs  4m07.8s/9m00.0s

running (4m08.8s), 1250/1250 VUs, 46024 complete and 0 interrupted iterations
users   [  46% ] 1250/1250 VUs  4m08.8s/9m00.0s

running (4m09.8s), 1250/1250 VUs, 46264 complete and 0 interrupted iterations
users   [  46% ] 1250/1250 VUs  4m09.8s/9m00.0s

running (4m10.8s), 1250/1250 VUs, 46476 complete and 0 interrupted iterations
users   [  46% ] 1250/1250 VUs  4m10.8s/9m00.0s

running (4m11.8s), 1250/1250 VUs, 46756 complete and 0 interrupted iterations
users   [  47% ] 1250/1250 VUs  4m11.8s/9m00.0s

running (4m12.8s), 1250/1250 VUs, 47020 complete and 0 interrupted iterations
users   [  47% ] 1250/1250 VUs  4m12.8s/9m00.0s

running (4m13.8s), 1250/1250 VUs, 47260 complete and 0 interrupted iterations
users   [  47% ] 1250/1250 VUs  4m13.8s/9m00.0s

running (4m14.8s), 1250/1250 VUs, 47500 complete and 0 interrupted iterations
users   [  47% ] 1250/1250 VUs  4m14.8s/9m00.0s

running (4m15.8s), 1250/1250 VUs, 47711 complete and 0 interrupted iterations
users   [  47% ] 1250/1250 VUs  4m15.8s/9m00.0s

running (4m16.8s), 1250/1250 VUs, 47991 complete and 0 interrupted iterations
users   [  48% ] 1250/1250 VUs  4m16.8s/9m00.0s

running (4m17.8s), 1250/1250 VUs, 48248 complete and 0 interrupted iterations
users   [  48% ] 1250/1250 VUs  4m17.8s/9m00.0s

running (4m18.8s), 1250/1250 VUs, 48492 complete and 0 interrupted iterations
users   [  48% ] 1250/1250 VUs  4m18.8s/9m00.0s

running (4m19.8s), 1250/1250 VUs, 48738 complete and 0 interrupted iterations
users   [  48% ] 1250/1250 VUs  4m19.8s/9m00.0s

running (4m20.8s), 1250/1250 VUs, 48950 complete and 0 interrupted iterations
users   [  48% ] 1250/1250 VUs  4m20.8s/9m00.0s

running (4m21.8s), 1250/1250 VUs, 49222 complete and 0 interrupted iterations
users   [  48% ] 1250/1250 VUs  4m21.8s/9m00.0s

running (4m22.8s), 1250/1250 VUs, 49478 complete and 0 interrupted iterations
users   [  49% ] 1250/1250 VUs  4m22.8s/9m00.0s

running (4m23.8s), 1250/1250 VUs, 49728 complete and 0 interrupted iterations
users   [  49% ] 1250/1250 VUs  4m23.8s/9m00.0s

running (4m24.8s), 1250/1250 VUs, 49977 complete and 0 interrupted iterations
users   [  49% ] 1250/1250 VUs  4m24.8s/9m00.0s

running (4m25.8s), 1250/1250 VUs, 50187 complete and 0 interrupted iterations
users   [  49% ] 1250/1250 VUs  4m25.8s/9m00.0s

running (4m26.8s), 1250/1250 VUs, 50458 complete and 0 interrupted iterations
users   [  49% ] 1250/1250 VUs  4m26.8s/9m00.0s

running (4m27.8s), 1250/1250 VUs, 50717 complete and 0 interrupted iterations
users   [  50% ] 1250/1250 VUs  4m27.8s/9m00.0s

running (4m28.8s), 1250/1250 VUs, 50968 complete and 0 interrupted iterations
users   [  50% ] 1250/1250 VUs  4m28.8s/9m00.0s

running (4m29.8s), 1250/1250 VUs, 51214 complete and 0 interrupted iterations
users   [  50% ] 1250/1250 VUs  4m29.8s/9m00.0s

running (4m30.8s), 1250/1250 VUs, 51428 complete and 0 interrupted iterations
users   [  50% ] 1250/1250 VUs  4m30.8s/9m00.0s

running (4m31.8s), 1250/1250 VUs, 51697 complete and 0 interrupted iterations
users   [  50% ] 1250/1250 VUs  4m31.8s/9m00.0s

running (4m32.8s), 1250/1250 VUs, 51949 complete and 0 interrupted iterations
users   [  51% ] 1250/1250 VUs  4m32.8s/9m00.0s

running (4m33.8s), 1250/1250 VUs, 52206 complete and 0 interrupted iterations
users   [  51% ] 1250/1250 VUs  4m33.8s/9m00.0s

running (4m34.8s), 1250/1250 VUs, 52451 complete and 0 interrupted iterations
users   [  51% ] 1250/1250 VUs  4m34.8s/9m00.0s

running (4m35.8s), 1250/1250 VUs, 52660 complete and 0 interrupted iterations
users   [  51% ] 1250/1250 VUs  4m35.8s/9m00.0s

running (4m36.8s), 1250/1250 VUs, 52931 complete and 0 interrupted iterations
users   [  51% ] 1250/1250 VUs  4m36.8s/9m00.0s

running (4m37.8s), 1250/1250 VUs, 53182 complete and 0 interrupted iterations
users   [  51% ] 1250/1250 VUs  4m37.8s/9m00.0s

running (4m38.8s), 1250/1250 VUs, 53435 complete and 0 interrupted iterations
users   [  52% ] 1250/1250 VUs  4m38.8s/9m00.0s

running (4m39.8s), 1250/1250 VUs, 53687 complete and 0 interrupted iterations
users   [  52% ] 1250/1250 VUs  4m39.8s/9m00.0s

running (4m40.8s), 1250/1250 VUs, 53891 complete and 0 interrupted iterations
users   [  52% ] 1250/1250 VUs  4m40.8s/9m00.0s

running (4m41.8s), 1250/1250 VUs, 54172 complete and 0 interrupted iterations
users   [  52% ] 1250/1250 VUs  4m41.8s/9m00.0s

running (4m42.8s), 1250/1250 VUs, 54421 complete and 0 interrupted iterations
users   [  52% ] 1250/1250 VUs  4m42.8s/9m00.0s

running (4m43.8s), 1250/1250 VUs, 54668 complete and 0 interrupted iterations
users   [  53% ] 1250/1250 VUs  4m43.8s/9m00.0s

running (4m44.8s), 1250/1250 VUs, 54913 complete and 0 interrupted iterations
users   [  53% ] 1250/1250 VUs  4m44.8s/9m00.0s

running (4m45.8s), 1250/1250 VUs, 55117 complete and 0 interrupted iterations
users   [  53% ] 1250/1250 VUs  4m45.8s/9m00.0s

running (4m46.8s), 1250/1250 VUs, 55401 complete and 0 interrupted iterations
users   [  53% ] 1250/1250 VUs  4m46.8s/9m00.0s

running (4m47.8s), 1250/1250 VUs, 55660 complete and 0 interrupted iterations
users   [  53% ] 1250/1250 VUs  4m47.8s/9m00.0s

running (4m48.8s), 1250/1250 VUs, 55908 complete and 0 interrupted iterations
users   [  53% ] 1250/1250 VUs  4m48.8s/9m00.0s

running (4m49.8s), 1250/1250 VUs, 56148 complete and 0 interrupted iterations
users   [  54% ] 1250/1250 VUs  4m49.8s/9m00.0s

running (4m50.8s), 1250/1250 VUs, 56352 complete and 0 interrupted iterations
users   [  54% ] 1250/1250 VUs  4m50.8s/9m00.0s

running (4m51.8s), 1250/1250 VUs, 56636 complete and 0 interrupted iterations
users   [  54% ] 1250/1250 VUs  4m51.8s/9m00.0s

running (4m52.8s), 1250/1250 VUs, 56898 complete and 0 interrupted iterations
users   [  54% ] 1250/1250 VUs  4m52.8s/9m00.0s

running (4m53.8s), 1250/1250 VUs, 57147 complete and 0 interrupted iterations
users   [  54% ] 1250/1250 VUs  4m53.8s/9m00.0s

running (4m54.8s), 1250/1250 VUs, 57382 complete and 0 interrupted iterations
users   [  55% ] 1250/1250 VUs  4m54.8s/9m00.0s

running (4m55.8s), 1250/1250 VUs, 57589 complete and 0 interrupted iterations
users   [  55% ] 1250/1250 VUs  4m55.8s/9m00.0s

running (4m56.8s), 1250/1250 VUs, 57871 complete and 0 interrupted iterations
users   [  55% ] 1250/1250 VUs  4m56.8s/9m00.0s

running (4m57.8s), 1250/1250 VUs, 58132 complete and 0 interrupted iterations
users   [  55% ] 1250/1250 VUs  4m57.8s/9m00.0s

running (4m58.8s), 1250/1250 VUs, 58379 complete and 0 interrupted iterations
users   [  55% ] 1250/1250 VUs  4m58.8s/9m00.0s

running (4m59.8s), 1250/1250 VUs, 58618 complete and 0 interrupted iterations
users   [  56% ] 1250/1250 VUs  4m59.8s/9m00.0s

running (5m00.8s), 1250/1250 VUs, 58822 complete and 0 interrupted iterations
users   [  56% ] 1250/1250 VUs  5m00.8s/9m00.0s

running (5m01.8s), 1250/1250 VUs, 59101 complete and 0 interrupted iterations
users   [  56% ] 1250/1250 VUs  5m01.8s/9m00.0s

running (5m02.8s), 1250/1250 VUs, 59365 complete and 0 interrupted iterations
users   [  56% ] 1250/1250 VUs  5m02.8s/9m00.0s

running (5m03.8s), 1250/1250 VUs, 59611 complete and 0 interrupted iterations
users   [  56% ] 1250/1250 VUs  5m03.8s/9m00.0s

running (5m04.8s), 1250/1250 VUs, 59851 complete and 0 interrupted iterations
users   [  56% ] 1250/1250 VUs  5m04.8s/9m00.0s

running (5m05.8s), 1250/1250 VUs, 60057 complete and 0 interrupted iterations
users   [  57% ] 1250/1250 VUs  5m05.8s/9m00.0s

running (5m06.8s), 1250/1250 VUs, 60337 complete and 0 interrupted iterations
users   [  57% ] 1250/1250 VUs  5m06.8s/9m00.0s

running (5m07.8s), 1250/1250 VUs, 60606 complete and 0 interrupted iterations
users   [  57% ] 1250/1250 VUs  5m07.8s/9m00.0s

running (5m08.8s), 1250/1250 VUs, 60853 complete and 0 interrupted iterations
users   [  57% ] 1250/1250 VUs  5m08.8s/9m00.0s

running (5m09.8s), 1250/1250 VUs, 61089 complete and 0 interrupted iterations
users   [  57% ] 1250/1250 VUs  5m09.8s/9m00.0s

running (5m10.8s), 1250/1250 VUs, 61299 complete and 0 interrupted iterations
users   [  58% ] 1250/1250 VUs  5m10.8s/9m00.0s

running (5m11.8s), 1250/1250 VUs, 61577 complete and 0 interrupted iterations
users   [  58% ] 1250/1250 VUs  5m11.8s/9m00.0s

running (5m12.8s), 1250/1250 VUs, 61846 complete and 0 interrupted iterations
users   [  58% ] 1250/1250 VUs  5m12.8s/9m00.0s

running (5m13.8s), 1250/1250 VUs, 62093 complete and 0 interrupted iterations
users   [  58% ] 1250/1250 VUs  5m13.8s/9m00.0s

running (5m14.8s), 1250/1250 VUs, 62327 complete and 0 interrupted iterations
users   [  58% ] 1250/1250 VUs  5m14.8s/9m00.0s

running (5m15.8s), 1250/1250 VUs, 62536 complete and 0 interrupted iterations
users   [  58% ] 1250/1250 VUs  5m15.8s/9m00.0s

running (5m16.8s), 1250/1250 VUs, 62815 complete and 0 interrupted iterations
users   [  59% ] 1250/1250 VUs  5m16.8s/9m00.0s

running (5m17.8s), 1250/1250 VUs, 63083 complete and 0 interrupted iterations
users   [  59% ] 1250/1250 VUs  5m17.8s/9m00.0s

running (5m18.8s), 1250/1250 VUs, 63329 complete and 0 interrupted iterations
users   [  59% ] 1250/1250 VUs  5m18.8s/9m00.0s

running (5m19.8s), 1250/1250 VUs, 63570 complete and 0 interrupted iterations
users   [  59% ] 1250/1250 VUs  5m19.8s/9m00.0s

running (5m20.8s), 1250/1250 VUs, 63779 complete and 0 interrupted iterations
users   [  59% ] 1250/1250 VUs  5m20.8s/9m00.0s

running (5m21.8s), 1250/1250 VUs, 64058 complete and 0 interrupted iterations
users   [  60% ] 1250/1250 VUs  5m21.8s/9m00.0s

running (5m22.8s), 1250/1250 VUs, 64309 complete and 0 interrupted iterations
users   [  60% ] 1250/1250 VUs  5m22.8s/9m00.0s

running (5m23.8s), 1250/1250 VUs, 64561 complete and 0 interrupted iterations
users   [  60% ] 1250/1250 VUs  5m23.8s/9m00.0s

running (5m24.8s), 1250/1250 VUs, 64804 complete and 0 interrupted iterations
users   [  60% ] 1250/1250 VUs  5m24.8s/9m00.0s

running (5m25.8s), 1250/1250 VUs, 65013 complete and 0 interrupted iterations
users   [  60% ] 1250/1250 VUs  5m25.8s/9m00.0s

running (5m26.8s), 1250/1250 VUs, 65293 complete and 0 interrupted iterations
users   [  61% ] 1250/1250 VUs  5m26.8s/9m00.0s

running (5m27.8s), 1250/1250 VUs, 65547 complete and 0 interrupted iterations
users   [  61% ] 1250/1250 VUs  5m27.8s/9m00.0s

running (5m28.8s), 1250/1250 VUs, 65798 complete and 0 interrupted iterations
users   [  61% ] 1250/1250 VUs  5m28.8s/9m00.0s

running (5m29.8s), 1250/1250 VUs, 66037 complete and 0 interrupted iterations
users   [  61% ] 1250/1250 VUs  5m29.8s/9m00.0s

running (5m30.8s), 1250/1250 VUs, 66244 complete and 0 interrupted iterations
users   [  61% ] 1250/1250 VUs  5m30.8s/9m00.0s

running (5m31.8s), 1250/1250 VUs, 66530 complete and 0 interrupted iterations
users   [  61% ] 1250/1250 VUs  5m31.8s/9m00.0s

running (5m32.8s), 1250/1250 VUs, 66785 complete and 0 interrupted iterations
users   [  62% ] 1250/1250 VUs  5m32.8s/9m00.0s

running (5m33.8s), 1250/1250 VUs, 67031 complete and 0 interrupted iterations
users   [  62% ] 1250/1250 VUs  5m33.8s/9m00.0s

running (5m34.8s), 1250/1250 VUs, 67271 complete and 0 interrupted iterations
users   [  62% ] 1250/1250 VUs  5m34.8s/9m00.0s

running (5m35.8s), 1250/1250 VUs, 67479 complete and 0 interrupted iterations
users   [  62% ] 1250/1250 VUs  5m35.8s/9m00.0s

running (5m36.8s), 1250/1250 VUs, 67763 complete and 0 interrupted iterations
users   [  62% ] 1250/1250 VUs  5m36.8s/9m00.0s

running (5m37.8s), 1250/1250 VUs, 68018 complete and 0 interrupted iterations
users   [  63% ] 1250/1250 VUs  5m37.8s/9m00.0s

running (5m38.8s), 1250/1250 VUs, 68266 complete and 0 interrupted iterations
users   [  63% ] 1250/1250 VUs  5m38.8s/9m00.0s

running (5m39.8s), 1250/1250 VUs, 68507 complete and 0 interrupted iterations
users   [  63% ] 1250/1250 VUs  5m39.8s/9m00.0s

running (5m40.8s), 1250/1250 VUs, 68714 complete and 0 interrupted iterations
users   [  63% ] 1250/1250 VUs  5m40.8s/9m00.0s

running (5m41.8s), 1250/1250 VUs, 68994 complete and 0 interrupted iterations
users   [  63% ] 1250/1250 VUs  5m41.8s/9m00.0s

running (5m42.8s), 1250/1250 VUs, 69248 complete and 0 interrupted iterations
users   [  63% ] 1250/1250 VUs  5m42.8s/9m00.0s

running (5m43.8s), 1250/1250 VUs, 69498 complete and 0 interrupted iterations
users   [  64% ] 1250/1250 VUs  5m43.8s/9m00.0s

running (5m44.8s), 1250/1250 VUs, 69742 complete and 0 interrupted iterations
users   [  64% ] 1250/1250 VUs  5m44.8s/9m00.0s

running (5m45.8s), 1250/1250 VUs, 69950 complete and 0 interrupted iterations
users   [  64% ] 1250/1250 VUs  5m45.8s/9m00.0s

running (5m46.8s), 1250/1250 VUs, 70229 complete and 0 interrupted iterations
users   [  64% ] 1250/1250 VUs  5m46.8s/9m00.0s

running (5m47.8s), 1250/1250 VUs, 70486 complete and 0 interrupted iterations
users   [  64% ] 1250/1250 VUs  5m47.8s/9m00.0s

running (5m48.8s), 1250/1250 VUs, 70737 complete and 0 interrupted iterations
users   [  65% ] 1250/1250 VUs  5m48.8s/9m00.0s

running (5m49.8s), 1250/1250 VUs, 70981 complete and 0 interrupted iterations
users   [  65% ] 1250/1250 VUs  5m49.8s/9m00.0s

running (5m50.8s), 1250/1250 VUs, 71185 complete and 0 interrupted iterations
users   [  65% ] 1250/1250 VUs  5m50.8s/9m00.0s

running (5m51.8s), 1250/1250 VUs, 71466 complete and 0 interrupted iterations
users   [  65% ] 1250/1250 VUs  5m51.8s/9m00.0s

running (5m52.8s), 1250/1250 VUs, 71718 complete and 0 interrupted iterations
users   [  65% ] 1250/1250 VUs  5m52.8s/9m00.0s

running (5m53.8s), 1250/1250 VUs, 71971 complete and 0 interrupted iterations
users   [  66% ] 1250/1250 VUs  5m53.8s/9m00.0s

running (5m54.8s), 1250/1250 VUs, 72218 complete and 0 interrupted iterations
users   [  66% ] 1250/1250 VUs  5m54.8s/9m00.0s

running (5m55.8s), 1250/1250 VUs, 72421 complete and 0 interrupted iterations
users   [  66% ] 1250/1250 VUs  5m55.8s/9m00.0s

running (5m56.8s), 1250/1250 VUs, 72700 complete and 0 interrupted iterations
users   [  66% ] 1250/1250 VUs  5m56.8s/9m00.0s

running (5m57.8s), 1250/1250 VUs, 72948 complete and 0 interrupted iterations
users   [  66% ] 1250/1250 VUs  5m57.8s/9m00.0s

running (5m58.8s), 1250/1250 VUs, 73203 complete and 0 interrupted iterations
users   [  66% ] 1250/1250 VUs  5m58.8s/9m00.0s

running (5m59.8s), 1250/1250 VUs, 73460 complete and 0 interrupted iterations
users   [  67% ] 1250/1250 VUs  5m59.8s/9m00.0s

running (6m00.8s), 1250/1250 VUs, 73656 complete and 0 interrupted iterations
users   [  67% ] 1250/1250 VUs  6m00.8s/9m00.0s

running (6m01.8s), 1250/1250 VUs, 73945 complete and 0 interrupted iterations
users   [  67% ] 1250/1250 VUs  6m01.8s/9m00.0s

running (6m02.8s), 1250/1250 VUs, 74189 complete and 0 interrupted iterations
users   [  67% ] 1250/1250 VUs  6m02.8s/9m00.0s

running (6m03.8s), 1250/1250 VUs, 74441 complete and 0 interrupted iterations
users   [  67% ] 1250/1250 VUs  6m03.8s/9m00.0s

running (6m04.8s), 1250/1250 VUs, 74697 complete and 0 interrupted iterations
users   [  68% ] 1250/1250 VUs  6m04.8s/9m00.0s

running (6m05.8s), 1250/1250 VUs, 74890 complete and 0 interrupted iterations
users   [  68% ] 1250/1250 VUs  6m05.8s/9m00.0s

running (6m06.8s), 1250/1250 VUs, 75182 complete and 0 interrupted iterations
users   [  68% ] 1250/1250 VUs  6m06.8s/9m00.0s

running (6m07.8s), 1250/1250 VUs, 75419 complete and 0 interrupted iterations
users   [  68% ] 1250/1250 VUs  6m07.8s/9m00.0s

running (6m08.8s), 1250/1250 VUs, 75676 complete and 0 interrupted iterations
users   [  68% ] 1250/1250 VUs  6m08.8s/9m00.0s

running (6m09.8s), 1250/1250 VUs, 75933 complete and 0 interrupted iterations
users   [  68% ] 1250/1250 VUs  6m09.8s/9m00.0s

running (6m10.8s), 1250/1250 VUs, 76133 complete and 0 interrupted iterations
users   [  69% ] 1250/1250 VUs  6m10.8s/9m00.0s

running (6m11.8s), 1250/1250 VUs, 76420 complete and 0 interrupted iterations
users   [  69% ] 1250/1250 VUs  6m11.8s/9m00.0s

running (6m12.8s), 1250/1250 VUs, 76653 complete and 0 interrupted iterations
users   [  69% ] 1250/1250 VUs  6m12.8s/9m00.0s

running (6m13.8s), 1250/1250 VUs, 76912 complete and 0 interrupted iterations
users   [  69% ] 1250/1250 VUs  6m13.8s/9m00.0s

running (6m14.8s), 1250/1250 VUs, 77172 complete and 0 interrupted iterations
users   [  69% ] 1250/1250 VUs  6m14.8s/9m00.0s

running (6m15.8s), 1250/1250 VUs, 77368 complete and 0 interrupted iterations
users   [  70% ] 1250/1250 VUs  6m15.8s/9m00.0s

running (6m16.8s), 1250/1250 VUs, 77654 complete and 0 interrupted iterations
users   [  70% ] 1250/1250 VUs  6m16.8s/9m00.0s

running (6m17.8s), 1250/1250 VUs, 77891 complete and 0 interrupted iterations
users   [  70% ] 1250/1250 VUs  6m17.8s/9m00.0s

running (6m18.8s), 1250/1250 VUs, 78143 complete and 0 interrupted iterations
users   [  70% ] 1250/1250 VUs  6m18.8s/9m00.0s

running (6m19.8s), 1250/1250 VUs, 78408 complete and 0 interrupted iterations
users   [  70% ] 1250/1250 VUs  6m19.8s/9m00.0s

running (6m20.8s), 1250/1250 VUs, 78604 complete and 0 interrupted iterations
users   [  71% ] 1250/1250 VUs  6m20.8s/9m00.0s

running (6m21.8s), 1250/1250 VUs, 78892 complete and 0 interrupted iterations
users   [  71% ] 1250/1250 VUs  6m21.8s/9m00.0s

running (6m22.8s), 1250/1250 VUs, 79127 complete and 0 interrupted iterations
users   [  71% ] 1250/1250 VUs  6m22.8s/9m00.0s

running (6m23.8s), 1250/1250 VUs, 79383 complete and 0 interrupted iterations
users   [  71% ] 1250/1250 VUs  6m23.8s/9m00.0s

running (6m24.8s), 1250/1250 VUs, 79648 complete and 0 interrupted iterations
users   [  71% ] 1250/1250 VUs  6m24.8s/9m00.0s

running (6m25.8s), 1250/1250 VUs, 79837 complete and 0 interrupted iterations
users   [  71% ] 1250/1250 VUs  6m25.8s/9m00.0s

running (6m26.8s), 1250/1250 VUs, 80125 complete and 0 interrupted iterations
users   [  72% ] 1250/1250 VUs  6m26.8s/9m00.0s

running (6m27.8s), 1250/1250 VUs, 80357 complete and 0 interrupted iterations
users   [  72% ] 1250/1250 VUs  6m27.8s/9m00.0s

running (6m28.8s), 1250/1250 VUs, 80619 complete and 0 interrupted iterations
users   [  72% ] 1250/1250 VUs  6m28.8s/9m00.0s

running (6m29.8s), 1250/1250 VUs, 80887 complete and 0 interrupted iterations
users   [  72% ] 1250/1250 VUs  6m29.8s/9m00.0s

running (6m30.8s), 1250/1250 VUs, 81071 complete and 0 interrupted iterations
users   [  72% ] 1250/1250 VUs  6m30.8s/9m00.0s

running (6m31.8s), 1250/1250 VUs, 81353 complete and 0 interrupted iterations
users   [  73% ] 1250/1250 VUs  6m31.8s/9m00.0s

running (6m32.8s), 1250/1250 VUs, 81588 complete and 0 interrupted iterations
users   [  73% ] 1250/1250 VUs  6m32.8s/9m00.0s

running (6m33.8s), 1250/1250 VUs, 81857 complete and 0 interrupted iterations
users   [  73% ] 1250/1250 VUs  6m33.8s/9m00.0s

running (6m34.8s), 1250/1250 VUs, 82120 complete and 0 interrupted iterations
users   [  73% ] 1250/1250 VUs  6m34.8s/9m00.0s

running (6m35.8s), 1250/1250 VUs, 82304 complete and 0 interrupted iterations
users   [  73% ] 1250/1250 VUs  6m35.8s/9m00.0s

running (6m36.8s), 1250/1250 VUs, 82586 complete and 0 interrupted iterations
users   [  73% ] 1250/1250 VUs  6m36.8s/9m00.0s

running (6m37.8s), 1250/1250 VUs, 82825 complete and 0 interrupted iterations
users   [  74% ] 1250/1250 VUs  6m37.8s/9m00.0s

running (6m38.8s), 1250/1250 VUs, 83099 complete and 0 interrupted iterations
users   [  74% ] 1250/1250 VUs  6m38.8s/9m00.0s

running (6m39.8s), 1250/1250 VUs, 83362 complete and 0 interrupted iterations
users   [  74% ] 1250/1250 VUs  6m39.8s/9m00.0s

running (6m40.8s), 1250/1250 VUs, 83542 complete and 0 interrupted iterations
users   [  74% ] 1250/1250 VUs  6m40.8s/9m00.0s

running (6m41.8s), 1250/1250 VUs, 83826 complete and 0 interrupted iterations
users   [  74% ] 1250/1250 VUs  6m41.8s/9m00.0s

running (6m42.8s), 1250/1250 VUs, 84063 complete and 0 interrupted iterations
users   [  75% ] 1250/1250 VUs  6m42.8s/9m00.0s

running (6m43.8s), 1250/1250 VUs, 84333 complete and 0 interrupted iterations
users   [  75% ] 1250/1250 VUs  6m43.8s/9m00.0s

running (6m44.8s), 1250/1250 VUs, 84604 complete and 0 interrupted iterations
users   [  75% ] 1250/1250 VUs  6m44.8s/9m00.0s

running (6m45.8s), 1250/1250 VUs, 84786 complete and 0 interrupted iterations
users   [  75% ] 1250/1250 VUs  6m45.8s/9m00.0s

running (6m46.8s), 1250/1250 VUs, 85063 complete and 0 interrupted iterations
users   [  75% ] 1250/1250 VUs  6m46.8s/9m00.0s

running (6m47.8s), 1250/1250 VUs, 85304 complete and 0 interrupted iterations
users   [  76% ] 1250/1250 VUs  6m47.8s/9m00.0s

running (6m48.8s), 1250/1250 VUs, 85573 complete and 0 interrupted iterations
users   [  76% ] 1250/1250 VUs  6m48.8s/9m00.0s

running (6m49.8s), 1250/1250 VUs, 85842 complete and 0 interrupted iterations
users   [  76% ] 1250/1250 VUs  6m49.8s/9m00.0s

running (6m50.8s), 1250/1250 VUs, 86026 complete and 0 interrupted iterations
users   [  76% ] 1250/1250 VUs  6m50.8s/9m00.0s

running (6m51.8s), 1250/1250 VUs, 86296 complete and 0 interrupted iterations
users   [  76% ] 1250/1250 VUs  6m51.8s/9m00.0s

running (6m52.8s), 1250/1250 VUs, 86542 complete and 0 interrupted iterations
users   [  76% ] 1250/1250 VUs  6m52.8s/9m00.0s

running (6m53.8s), 1250/1250 VUs, 86810 complete and 0 interrupted iterations
users   [  77% ] 1250/1250 VUs  6m53.8s/9m00.0s

running (6m54.8s), 1250/1250 VUs, 87079 complete and 0 interrupted iterations
users   [  77% ] 1250/1250 VUs  6m54.8s/9m00.0s

running (6m55.8s), 1250/1250 VUs, 87266 complete and 0 interrupted iterations
users   [  77% ] 1250/1250 VUs  6m55.8s/9m00.0s

running (6m56.8s), 1250/1250 VUs, 87529 complete and 0 interrupted iterations
users   [  77% ] 1250/1250 VUs  6m56.8s/9m00.0s

running (6m57.8s), 1250/1250 VUs, 87772 complete and 0 interrupted iterations
users   [  77% ] 1250/1250 VUs  6m57.8s/9m00.0s

running (6m58.8s), 1250/1250 VUs, 88045 complete and 0 interrupted iterations
users   [  78% ] 1250/1250 VUs  6m58.8s/9m00.0s

running (6m59.8s), 1250/1250 VUs, 88316 complete and 0 interrupted iterations
users   [  78% ] 1250/1250 VUs  6m59.8s/9m00.0s

running (7m00.8s), 1250/1250 VUs, 88504 complete and 0 interrupted iterations
users   [  78% ] 1250/1250 VUs  7m00.8s/9m00.0s

running (7m01.8s), 1248/1250 VUs, 88764 complete and 0 interrupted iterations
users   [  78% ] 1248/1250 VUs  7m01.8s/9m00.0s

running (7m02.8s), 1245/1250 VUs, 89006 complete and 0 interrupted iterations
users   [  78% ] 1245/1250 VUs  7m02.8s/9m00.0s

running (7m03.8s), 1238/1250 VUs, 89285 complete and 0 interrupted iterations
users   [  78% ] 1238/1250 VUs  7m03.8s/9m00.0s

running (7m04.8s), 1225/1250 VUs, 89555 complete and 0 interrupted iterations
users   [  79% ] 1225/1250 VUs  7m04.8s/9m00.0s

running (7m05.8s), 1216/1250 VUs, 89743 complete and 0 interrupted iterations
users   [  79% ] 1216/1250 VUs  7m05.8s/9m00.0s

running (7m06.8s), 1209/1250 VUs, 89999 complete and 0 interrupted iterations
users   [  79% ] 1209/1250 VUs  7m06.8s/9m00.0s

running (7m07.8s), 1197/1250 VUs, 90236 complete and 0 interrupted iterations
users   [  79% ] 1197/1250 VUs  7m07.8s/9m00.0s

running (7m08.8s), 1187/1250 VUs, 90516 complete and 0 interrupted iterations
users   [  79% ] 1187/1250 VUs  7m08.8s/9m00.0s

running (7m09.8s), 1173/1250 VUs, 90770 complete and 0 interrupted iterations
users   [  80% ] 1173/1250 VUs  7m09.8s/9m00.0s

running (7m10.8s), 1164/1250 VUs, 90953 complete and 0 interrupted iterations
users   [  80% ] 1164/1250 VUs  7m10.8s/9m00.0s

running (7m11.8s), 1155/1250 VUs, 91199 complete and 0 interrupted iterations
users   [  80% ] 1155/1250 VUs  7m11.8s/9m00.0s

running (7m12.8s), 1144/1250 VUs, 91420 complete and 0 interrupted iterations
users   [  80% ] 1144/1250 VUs  7m12.8s/9m00.0s

running (7m13.8s), 1133/1250 VUs, 91691 complete and 0 interrupted iterations
users   [  80% ] 1133/1250 VUs  7m13.8s/9m00.0s

running (7m14.8s), 1123/1250 VUs, 91925 complete and 0 interrupted iterations
users   [  81% ] 1123/1250 VUs  7m14.8s/9m00.0s

running (7m15.8s), 1117/1250 VUs, 92103 complete and 0 interrupted iterations
users   [  81% ] 1117/1250 VUs  7m15.8s/9m00.0s

running (7m16.8s), 1104/1250 VUs, 92348 complete and 0 interrupted iterations
users   [  81% ] 1104/1250 VUs  7m16.8s/9m00.0s

running (7m17.8s), 1091/1250 VUs, 92554 complete and 0 interrupted iterations
users   [  81% ] 1091/1250 VUs  7m17.8s/9m00.0s

running (7m18.8s), 1076/1250 VUs, 92810 complete and 0 interrupted iterations
users   [  81% ] 1076/1250 VUs  7m18.8s/9m00.0s

running (7m19.8s), 1064/1250 VUs, 93028 complete and 0 interrupted iterations
users   [  81% ] 1064/1250 VUs  7m19.8s/9m00.0s

running (7m20.8s), 1058/1250 VUs, 93201 complete and 0 interrupted iterations
users   [  82% ] 1058/1250 VUs  7m20.8s/9m00.0s

running (7m21.8s), 1050/1250 VUs, 93439 complete and 0 interrupted iterations
users   [  82% ] 1050/1250 VUs  7m21.8s/9m00.0s

running (7m22.8s), 1041/1250 VUs, 93634 complete and 0 interrupted iterations
users   [  82% ] 1041/1250 VUs  7m22.8s/9m00.0s

running (7m23.8s), 1030/1250 VUs, 93875 complete and 0 interrupted iterations
users   [  82% ] 1030/1250 VUs  7m23.8s/9m00.0s

running (7m24.8s), 1020/1250 VUs, 94082 complete and 0 interrupted iterations
users   [  82% ] 1020/1250 VUs  7m24.8s/9m00.0s

running (7m25.8s), 1009/1250 VUs, 94253 complete and 0 interrupted iterations
users   [  83% ] 1009/1250 VUs  7m25.8s/9m00.0s

running (7m26.8s), 0997/1250 VUs, 94483 complete and 0 interrupted iterations
users   [  83% ] 0997/1250 VUs  7m26.8s/9m00.0s

running (7m27.8s), 0988/1250 VUs, 94665 complete and 0 interrupted iterations
users   [  83% ] 0988/1250 VUs  7m27.8s/9m00.0s

running (7m28.8s), 0975/1250 VUs, 94889 complete and 0 interrupted iterations
users   [  83% ] 0975/1250 VUs  7m28.8s/9m00.0s

running (7m29.8s), 0962/1250 VUs, 95088 complete and 0 interrupted iterations
users   [  83% ] 0962/1250 VUs  7m29.8s/9m00.0s

running (7m30.8s), 0959/1250 VUs, 95256 complete and 0 interrupted iterations
users   [  83% ] 0959/1250 VUs  7m30.8s/9m00.0s

running (7m31.8s), 0952/1250 VUs, 95473 complete and 0 interrupted iterations
users   [  84% ] 0952/1250 VUs  7m31.8s/9m00.0s

running (7m32.8s), 0939/1250 VUs, 95641 complete and 0 interrupted iterations
users   [  84% ] 0939/1250 VUs  7m32.8s/9m00.0s

running (7m33.8s), 0930/1250 VUs, 95859 complete and 0 interrupted iterations
users   [  84% ] 0930/1250 VUs  7m33.8s/9m00.0s

running (7m34.8s), 0916/1250 VUs, 96043 complete and 0 interrupted iterations
users   [  84% ] 0916/1250 VUs  7m34.8s/9m00.0s

running (7m35.8s), 0906/1250 VUs, 96205 complete and 0 interrupted iterations
users   [  84% ] 0906/1250 VUs  7m35.8s/9m00.0s

running (7m36.8s), 0893/1250 VUs, 96409 complete and 0 interrupted iterations
users   [  85% ] 0893/1250 VUs  7m36.8s/9m00.0s

running (7m37.8s), 0883/1250 VUs, 96568 complete and 0 interrupted iterations
users   [  85% ] 0883/1250 VUs  7m37.8s/9m00.0s

running (7m38.8s), 0869/1250 VUs, 96770 complete and 0 interrupted iterations
users   [  85% ] 0869/1250 VUs  7m38.8s/9m00.0s

running (7m39.8s), 0860/1250 VUs, 96950 complete and 0 interrupted iterations
users   [  85% ] 0860/1250 VUs  7m39.8s/9m00.0s

running (7m40.8s), 0856/1250 VUs, 97101 complete and 0 interrupted iterations
users   [  85% ] 0856/1250 VUs  7m40.8s/9m00.0s

running (7m41.8s), 0843/1250 VUs, 97293 complete and 0 interrupted iterations
users   [  86% ] 0843/1250 VUs  7m41.8s/9m00.0s

running (7m42.8s), 0829/1250 VUs, 97442 complete and 0 interrupted iterations
users   [  86% ] 0829/1250 VUs  7m42.8s/9m00.0s

running (7m43.8s), 0818/1250 VUs, 97633 complete and 0 interrupted iterations
users   [  86% ] 0818/1250 VUs  7m43.8s/9m00.0s

running (7m44.8s), 0809/1250 VUs, 97803 complete and 0 interrupted iterations
users   [  86% ] 0809/1250 VUs  7m44.8s/9m00.0s

running (7m45.8s), 0802/1250 VUs, 97952 complete and 0 interrupted iterations
users   [  86% ] 0802/1250 VUs  7m45.8s/9m00.0s

running (7m46.8s), 0789/1250 VUs, 98127 complete and 0 interrupted iterations
users   [  86% ] 0789/1250 VUs  7m46.8s/9m00.0s

running (7m47.8s), 0780/1250 VUs, 98262 complete and 0 interrupted iterations
users   [  87% ] 0780/1250 VUs  7m47.8s/9m00.0s

running (7m48.8s), 0767/1250 VUs, 98447 complete and 0 interrupted iterations
users   [  87% ] 0767/1250 VUs  7m48.8s/9m00.0s

running (7m49.8s), 0761/1250 VUs, 98607 complete and 0 interrupted iterations
users   [  87% ] 0761/1250 VUs  7m49.8s/9m00.0s

running (7m50.8s), 0750/1250 VUs, 98748 complete and 0 interrupted iterations
users   [  87% ] 0750/1250 VUs  7m50.8s/9m00.0s

running (7m51.8s), 0736/1250 VUs, 98907 complete and 0 interrupted iterations
users   [  87% ] 0736/1250 VUs  7m51.8s/9m00.0s

running (7m52.8s), 0726/1250 VUs, 99036 complete and 0 interrupted iterations
users   [  88% ] 0726/1250 VUs  7m52.8s/9m00.0s

running (7m53.8s), 0713/1250 VUs, 99203 complete and 0 interrupted iterations
users   [  88% ] 0713/1250 VUs  7m53.8s/9m00.0s

running (7m54.8s), 0702/1250 VUs, 99357 complete and 0 interrupted iterations
users   [  88% ] 0702/1250 VUs  7m54.8s/9m00.0s

running (7m55.8s), 0692/1250 VUs, 99491 complete and 0 interrupted iterations
users   [  88% ] 0692/1250 VUs  7m55.8s/9m00.0s

running (7m56.8s), 0680/1250 VUs, 99638 complete and 0 interrupted iterations
users   [  88% ] 0680/1250 VUs  7m56.8s/9m00.0s

running (7m57.8s), 0674/1250 VUs, 99754 complete and 0 interrupted iterations
users   [  88% ] 0674/1250 VUs  7m57.8s/9m00.0s

running (7m58.8s), 0661/1250 VUs, 99908 complete and 0 interrupted iterations
users   [  89% ] 0661/1250 VUs  7m58.8s/9m00.0s

running (7m59.8s), 0651/1250 VUs, 100054 complete and 0 interrupted iterations
users   [  89% ] 0651/1250 VUs  7m59.8s/9m00.0s

running (8m00.8s), 0639/1250 VUs, 100175 complete and 0 interrupted iterations
users   [  89% ] 0639/1250 VUs  8m00.8s/9m00.0s

running (8m01.8s), 0633/1250 VUs, 100313 complete and 0 interrupted iterations
users   [  89% ] 0633/1250 VUs  8m01.8s/9m00.0s

running (8m02.8s), 0625/1250 VUs, 100421 complete and 0 interrupted iterations
users   [  89% ] 0625/1250 VUs  8m02.8s/9m00.0s

running (8m03.8s), 0610/1250 VUs, 100560 complete and 0 interrupted iterations
users   [  90% ] 0610/1250 VUs  8m03.8s/9m00.0s

running (8m04.8s), 0598/1250 VUs, 100695 complete and 0 interrupted iterations
users   [  90% ] 0598/1250 VUs  8m04.8s/9m00.0s

running (8m05.8s), 0591/1250 VUs, 100804 complete and 0 interrupted iterations
users   [  90% ] 0591/1250 VUs  8m05.8s/9m00.0s

running (8m06.8s), 0580/1250 VUs, 100940 complete and 0 interrupted iterations
users   [  90% ] 0580/1250 VUs  8m06.8s/9m00.0s

running (8m07.8s), 0574/1250 VUs, 101042 complete and 0 interrupted iterations
users   [  90% ] 0574/1250 VUs  8m07.8s/9m00.0s

running (8m08.8s), 0564/1250 VUs, 101166 complete and 0 interrupted iterations
users   [  91% ] 0564/1250 VUs  8m08.8s/9m00.0s

running (8m09.8s), 0549/1250 VUs, 101290 complete and 0 interrupted iterations
users   [  91% ] 0549/1250 VUs  8m09.8s/9m00.0s

running (8m10.8s), 0543/1250 VUs, 101391 complete and 0 interrupted iterations
users   [  91% ] 0543/1250 VUs  8m10.8s/9m00.0s

running (8m11.8s), 0527/1250 VUs, 101512 complete and 0 interrupted iterations
users   [  91% ] 0527/1250 VUs  8m11.8s/9m00.0s

running (8m12.8s), 0519/1250 VUs, 101612 complete and 0 interrupted iterations
users   [  91% ] 0519/1250 VUs  8m12.8s/9m00.0s

running (8m13.8s), 0510/1250 VUs, 101724 complete and 0 interrupted iterations
users   [  91% ] 0510/1250 VUs  8m13.8s/9m00.0s

running (8m14.8s), 0494/1250 VUs, 101831 complete and 0 interrupted iterations
users   [  92% ] 0494/1250 VUs  8m14.8s/9m00.0s

running (8m15.8s), 0486/1250 VUs, 101925 complete and 0 interrupted iterations
users   [  92% ] 0486/1250 VUs  8m15.8s/9m00.0s

running (8m16.8s), 0474/1250 VUs, 102033 complete and 0 interrupted iterations
users   [  92% ] 0474/1250 VUs  8m16.8s/9m00.0s

running (8m17.8s), 0465/1250 VUs, 102124 complete and 0 interrupted iterations
users   [  92% ] 0465/1250 VUs  8m17.8s/9m00.0s

running (8m18.8s), 0453/1250 VUs, 102224 complete and 0 interrupted iterations
users   [  92% ] 0453/1250 VUs  8m18.8s/9m00.0s

running (8m19.8s), 0446/1250 VUs, 102318 complete and 0 interrupted iterations
users   [  93% ] 0446/1250 VUs  8m19.8s/9m00.0s

running (8m20.8s), 0438/1250 VUs, 102409 complete and 0 interrupted iterations
users   [  93% ] 0438/1250 VUs  8m20.8s/9m00.0s

running (8m21.8s), 0423/1250 VUs, 102504 complete and 0 interrupted iterations
users   [  93% ] 0423/1250 VUs  8m21.8s/9m00.0s

running (8m22.8s), 0417/1250 VUs, 102586 complete and 0 interrupted iterations
users   [  93% ] 0417/1250 VUs  8m22.8s/9m00.0s

running (8m23.8s), 0412/1250 VUs, 102673 complete and 0 interrupted iterations
users   [  93% ] 0412/1250 VUs  8m23.8s/9m00.0s

running (8m24.8s), 0399/1250 VUs, 102757 complete and 0 interrupted iterations
users   [  93% ] 0399/1250 VUs  8m24.8s/9m00.0s

running (8m25.8s), 0382/1250 VUs, 102843 complete and 0 interrupted iterations
users   [  94% ] 0382/1250 VUs  8m25.8s/9m00.0s

running (8m26.8s), 0372/1250 VUs, 102923 complete and 0 interrupted iterations
users   [  94% ] 0372/1250 VUs  8m26.8s/9m00.0s

running (8m27.8s), 0366/1250 VUs, 103000 complete and 0 interrupted iterations
users   [  94% ] 0366/1250 VUs  8m27.8s/9m00.0s

running (8m28.8s), 0356/1250 VUs, 103082 complete and 0 interrupted iterations
users   [  94% ] 0356/1250 VUs  8m28.8s/9m00.0s

running (8m29.8s), 0344/1250 VUs, 103153 complete and 0 interrupted iterations
users   [  94% ] 0344/1250 VUs  8m29.8s/9m00.0s

running (8m30.8s), 0336/1250 VUs, 103222 complete and 0 interrupted iterations
users   [  95% ] 0336/1250 VUs  8m30.8s/9m00.0s

running (8m31.8s), 0328/1250 VUs, 103291 complete and 0 interrupted iterations
users   [  95% ] 0328/1250 VUs  8m31.8s/9m00.0s

running (8m32.8s), 0315/1250 VUs, 103362 complete and 0 interrupted iterations
users   [  95% ] 0315/1250 VUs  8m32.8s/9m00.0s

running (8m33.8s), 0302/1250 VUs, 103438 complete and 0 interrupted iterations
users   [  95% ] 0302/1250 VUs  8m33.8s/9m00.0s

running (8m34.8s), 0292/1250 VUs, 103496 complete and 0 interrupted iterations
users   [  95% ] 0292/1250 VUs  8m34.8s/9m00.0s

running (8m35.8s), 0282/1250 VUs, 103556 complete and 0 interrupted iterations
users   [  96% ] 0282/1250 VUs  8m35.8s/9m00.0s

running (8m36.8s), 0268/1250 VUs, 103618 complete and 0 interrupted iterations
users   [  96% ] 0268/1250 VUs  8m36.8s/9m00.0s

running (8m37.8s), 0259/1250 VUs, 103677 complete and 0 interrupted iterations
users   [  96% ] 0259/1250 VUs  8m37.8s/9m00.0s

running (8m38.8s), 0245/1250 VUs, 103740 complete and 0 interrupted iterations
users   [  96% ] 0245/1250 VUs  8m38.8s/9m00.0s

running (8m39.8s), 0234/1250 VUs, 103785 complete and 0 interrupted iterations
users   [  96% ] 0234/1250 VUs  8m39.8s/9m00.0s

running (8m40.8s), 0227/1250 VUs, 103836 complete and 0 interrupted iterations
users   [  96% ] 0227/1250 VUs  8m40.8s/9m00.0s

running (8m41.8s), 0216/1250 VUs, 103884 complete and 0 interrupted iterations
users   [  97% ] 0216/1250 VUs  8m41.8s/9m00.0s

running (8m42.8s), 0207/1250 VUs, 103930 complete and 0 interrupted iterations
users   [  97% ] 0207/1250 VUs  8m42.8s/9m00.0s

running (8m43.8s), 0195/1250 VUs, 103981 complete and 0 interrupted iterations
users   [  97% ] 0195/1250 VUs  8m43.8s/9m00.0s

running (8m44.8s), 0181/1250 VUs, 104017 complete and 0 interrupted iterations
users   [  97% ] 0181/1250 VUs  8m44.8s/9m00.0s

running (8m45.8s), 0175/1250 VUs, 104061 complete and 0 interrupted iterations
users   [  97% ] 0175/1250 VUs  8m45.8s/9m00.0s

running (8m46.8s), 0166/1250 VUs, 104096 complete and 0 interrupted iterations
users   [  98% ] 0166/1250 VUs  8m46.8s/9m00.0s

running (8m47.8s), 0156/1250 VUs, 104136 complete and 0 interrupted iterations
users   [  98% ] 0156/1250 VUs  8m47.8s/9m00.0s

running (8m48.8s), 0145/1250 VUs, 104174 complete and 0 interrupted iterations
users   [  98% ] 0145/1250 VUs  8m48.8s/9m00.0s

running (8m49.8s), 0134/1250 VUs, 104196 complete and 0 interrupted iterations
users   [  98% ] 0134/1250 VUs  8m49.8s/9m00.0s

running (8m50.8s), 0124/1250 VUs, 104232 complete and 0 interrupted iterations
users   [  98% ] 0124/1250 VUs  8m50.8s/9m00.0s

running (8m51.8s), 0113/1250 VUs, 104261 complete and 0 interrupted iterations
users   [  98% ] 0113/1250 VUs  8m51.8s/9m00.0s

running (8m52.8s), 0103/1250 VUs, 104289 complete and 0 interrupted iterations
users   [  99% ] 0103/1250 VUs  8m52.8s/9m00.0s

running (8m53.8s), 0093/1250 VUs, 104315 complete and 0 interrupted iterations
users   [  99% ] 0093/1250 VUs  8m53.8s/9m00.0s

running (8m54.8s), 0088/1250 VUs, 104327 complete and 0 interrupted iterations
users   [  99% ] 0088/1250 VUs  8m54.8s/9m00.0s

running (8m55.8s), 0072/1250 VUs, 104355 complete and 0 interrupted iterations
users   [  99% ] 0072/1250 VUs  8m55.8s/9m00.0s

running (8m56.8s), 0058/1250 VUs, 104374 complete and 0 interrupted iterations
users   [  99% ] 0058/1250 VUs  8m56.8s/9m00.0s

running (8m57.8s), 0046/1250 VUs, 104392 complete and 0 interrupted iterations
users   [ 100% ] 0046/1250 VUs  8m57.8s/9m00.0s

running (8m58.8s), 0034/1250 VUs, 104408 complete and 0 interrupted iterations
users   [ 100% ] 0034/1250 VUs  8m58.8s/9m00.0s

running (8m59.8s), 0028/1250 VUs, 104415 complete and 0 interrupted iterations
users   [ 100% ] 0028/1250 VUs  8m59.8s/9m00.0s

running (9m00.8s), 0017/1250 VUs, 104426 complete and 0 interrupted iterations
users ↓ [ 100% ] 0024/1250 VUs  9m0s

running (9m01.8s), 0012/1250 VUs, 104431 complete and 0 interrupted iterations
users ↓ [ 100% ] 0024/1250 VUs  9m0s

running (9m02.8s), 0007/1250 VUs, 104436 complete and 0 interrupted iterations
users ↓ [ 100% ] 0024/1250 VUs  9m0s

running (9m03.8s), 0002/1250 VUs, 104441 complete and 0 interrupted iterations
users ↓ [ 100% ] 0024/1250 VUs  9m0s


  █ THRESHOLDS 

    checks{phase:bench}
    ✓ 'rate>0.99' rate=100.00%

    http_req_duration{name:confirm,phase:bench}
    ✓ 'p(95)<200' p(95)=6.28ms
    ✓ 'p(99)<600' p(99)=12.17ms

    http_req_duration{name:download_expired,phase:bench}
    ✓ 'p(95)<200' p(95)=0s
    ✓ 'p(99)<600' p(99)=0s

    http_req_duration{name:download,phase:bench}
    ✓ 'p(95)<200' p(95)=6.12ms
    ✓ 'p(99)<600' p(99)=12.38ms

    http_req_duration{name:upload,phase:bench}
    ✓ 'p(95)<200' p(95)=7.59ms
    ✓ 'p(99)<600' p(99)=14.15ms

    http_req_failed{phase:bench}
    ✓ 'rate<0.01' rate=0.00%

    server_errors{phase:bench}
    ✓ 'rate<0.01' rate=0.00%


  █ TOTAL RESULTS 

    checks_total.......: 107163  196.749019/s
    checks_succeeded...: 100.00% 107163 out of 107163
    checks_failed......: 0.00%   0 out of 107163

    ✓ download as expected
    ✓ upload link 201
    ✓ confirm 200

    CUSTOM
    server_errors.............................: 0.00%  0 out of 107163
      { phase:bench }.........................: 0.00%  0 out of 76122

    HTTP
    http_req_duration.........................: med=3.44ms p(95)=6.09ms p(99)=15.38ms avg=4.2ms  max=296.41ms
      { expected_response:true }..............: med=3.44ms p(95)=6.09ms p(99)=15.38ms avg=4.2ms  max=296.41ms
      { name:confirm,phase:bench }............: med=4.21ms p(95)=6.28ms p(99)=12.17ms avg=4.62ms max=59.42ms 
      { name:download_expired,phase:bench }...: med=0s     p(95)=0s     p(99)=0s      avg=0s     max=0s      
      { name:download,phase:bench }...........: med=3.43ms p(95)=6.12ms p(99)=12.38ms avg=4.07ms max=296.41ms
      { name:upload,phase:bench }.............: med=5.07ms p(95)=7.59ms p(99)=14.15ms avg=5.62ms max=102.48ms
    http_req_failed...........................: 0.00%  0 out of 107163
      { phase:bench }.........................: 0.00%  0 out of 76120
    http_reqs.................................: 107163 196.749019/s

    EXECUTION
    iteration_duration........................: med=5s     p(95)=5s     p(99)=7.24s   avg=5.05s  max=8.01s   
    iterations................................: 104443 191.755156/s
    vus.......................................: 2      min=2           max=1250
    vus_max...................................: 1250   min=1250        max=1250

    NETWORK
    data_received.............................: 251 MB 462 kB/s
    data_sent.................................: 86 MB  159 kB/s




running (9m04.7s), 0000/1250 VUs, 104443 complete and 0 interrupted iterations
users ✓ [ 100% ] 0000/1250 VUs  9m0s
== 1250 users: pass
== resting 120s
== pass 4: 1875 users (passed up to 1250, failed from 2500)
TRUNCATE TABLE
SELECT 10000
ALTER TABLE
UPDATE 10000
INSERT 0 10000
COPY 10000
VACUUM
  expiry   | count 
-----------+-------
 HOURS24   |  3359
 MINUTES15 |  3310
 MINUTES30 |  3331
(3 rows)

 rows  |  table  | indexes |  total  
-------+---------+---------+---------
 10000 | 1112 kB | 1464 kB | 2576 kB
(1 row)

wrote /tmp/seed.csv (10000 files). Copy it to the load generator and run load-file-list.sh.
file list loaded: 10000 files
time="2026-09-30T10:27:13Z" level=info msg="Automatic extension resolution is enabled. The current k6 binary doesn't satisfy all dependencies, it's required to provision a custom binary." deps="k6;k6/x/redis"
time="2026-09-30T10:27:13Z" level=info msg="Using cached k6 binary" artifact_id=d29e86c20dd9a49cb84ea3c41fac5b8b8e524e06 deps="map[k6:v2.3.0 k6/x/redis:v0.4.3]" path=/home/admin/.cache/k6/builds/d29e86c20dd9a49cb84ea3c41fac5b8b8e524e06/k6

         /\      Grafana   /‾‾/  
    /\  /  \     |\  __   /  /   
   /  \/    \    | |/ /  /   ‾‾\ 
  /          \   |   (  |  (‾)  |
 / __________ \  |_|\_\  \_____/ 


     execution: local
        script: /home/admin/Mint-Bench/k6/mint.js
        output: csv (/home/admin/Mint-Bench/bench-sql/results/2026-09-30-0953/vus-1875/k6.csv.gz)

     scenarios: (100.00%) 1 scenario, 1875 max VUs, 9m30s max duration (incl. graceful stop):
              * users: Up to 1875 looping VUs for 9m0s over 3 stages (gracefulRampDown: 30s, gracefulStop: 30s)


running (0m00.6s), 0010/1875 VUs, 0 complete and 0 interrupted iterations
users   [   0% ] 0010/1875 VUs  0m00.6s/9m00.0s

running (0m01.6s), 0025/1875 VUs, 0 complete and 0 interrupted iterations
users   [   0% ] 0025/1875 VUs  0m01.6s/9m00.0s

running (0m02.6s), 0041/1875 VUs, 0 complete and 0 interrupted iterations
users   [   0% ] 0041/1875 VUs  0m02.6s/9m00.0s

running (0m03.6s), 0056/1875 VUs, 0 complete and 0 interrupted iterations
users   [   1% ] 0056/1875 VUs  0m03.6s/9m00.0s

running (0m04.6s), 0072/1875 VUs, 0 complete and 0 interrupted iterations
users   [   1% ] 0072/1875 VUs  0m04.6s/9m00.0s

running (0m05.6s), 0088/1875 VUs, 9 complete and 0 interrupted iterations
users   [   1% ] 0088/1875 VUs  0m05.6s/9m00.0s

running (0m06.6s), 0103/1875 VUs, 25 complete and 0 interrupted iterations
users   [   1% ] 0103/1875 VUs  0m06.6s/9m00.0s

running (0m07.6s), 0119/1875 VUs, 41 complete and 0 interrupted iterations
users   [   1% ] 0119/1875 VUs  0m07.6s/9m00.0s

running (0m08.6s), 0135/1875 VUs, 56 complete and 0 interrupted iterations
users   [   2% ] 0135/1875 VUs  0m08.6s/9m00.0s

running (0m09.6s), 0150/1875 VUs, 72 complete and 0 interrupted iterations
users   [   2% ] 0150/1875 VUs  0m09.6s/9m00.0s

running (0m10.6s), 0166/1875 VUs, 96 complete and 0 interrupted iterations
users   [   2% ] 0166/1875 VUs  0m10.6s/9m00.0s

running (0m11.6s), 0181/1875 VUs, 127 complete and 0 interrupted iterations
users   [   2% ] 0181/1875 VUs  0m11.6s/9m00.0s

running (0m12.6s), 0197/1875 VUs, 160 complete and 0 interrupted iterations
users   [   2% ] 0197/1875 VUs  0m12.6s/9m00.0s

running (0m13.6s), 0213/1875 VUs, 189 complete and 0 interrupted iterations
users   [   3% ] 0213/1875 VUs  0m13.6s/9m00.0s

running (0m14.6s), 0228/1875 VUs, 220 complete and 0 interrupted iterations
users   [   3% ] 0228/1875 VUs  0m14.6s/9m00.0s

running (0m15.6s), 0244/1875 VUs, 259 complete and 0 interrupted iterations
users   [   3% ] 0244/1875 VUs  0m15.6s/9m00.0s

running (0m16.6s), 0260/1875 VUs, 304 complete and 0 interrupted iterations
users   [   3% ] 0260/1875 VUs  0m16.6s/9m00.0s

running (0m17.6s), 0275/1875 VUs, 352 complete and 0 interrupted iterations
users   [   3% ] 0275/1875 VUs  0m17.6s/9m00.0s

running (0m18.6s), 0291/1875 VUs, 399 complete and 0 interrupted iterations
users   [   3% ] 0291/1875 VUs  0m18.6s/9m00.0s

running (0m19.6s), 0306/1875 VUs, 445 complete and 0 interrupted iterations
users   [   4% ] 0306/1875 VUs  0m19.6s/9m00.0s

running (0m20.6s), 0322/1875 VUs, 498 complete and 0 interrupted iterations
users   [   4% ] 0322/1875 VUs  0m20.6s/9m00.0s

running (0m21.6s), 0338/1875 VUs, 560 complete and 0 interrupted iterations
users   [   4% ] 0338/1875 VUs  0m21.6s/9m00.0s

running (0m22.6s), 0353/1875 VUs, 623 complete and 0 interrupted iterations
users   [   4% ] 0353/1875 VUs  0m22.6s/9m00.0s

running (0m23.6s), 0369/1875 VUs, 687 complete and 0 interrupted iterations
users   [   4% ] 0369/1875 VUs  0m23.6s/9m00.0s

running (0m24.6s), 0385/1875 VUs, 745 complete and 0 interrupted iterations
users   [   5% ] 0385/1875 VUs  0m24.6s/9m00.0s

running (0m25.6s), 0400/1875 VUs, 811 complete and 0 interrupted iterations
users   [   5% ] 0400/1875 VUs  0m25.6s/9m00.0s

running (0m26.6s), 0416/1875 VUs, 890 complete and 0 interrupted iterations
users   [   5% ] 0416/1875 VUs  0m26.6s/9m00.0s

running (0m27.6s), 0431/1875 VUs, 974 complete and 0 interrupted iterations
users   [   5% ] 0431/1875 VUs  0m27.6s/9m00.0s

running (0m28.6s), 0447/1875 VUs, 1051 complete and 0 interrupted iterations
users   [   5% ] 0447/1875 VUs  0m28.6s/9m00.0s

running (0m29.6s), 0463/1875 VUs, 1124 complete and 0 interrupted iterations
users   [   5% ] 0463/1875 VUs  0m29.6s/9m00.0s

running (0m30.6s), 0478/1875 VUs, 1206 complete and 0 interrupted iterations
users   [   6% ] 0478/1875 VUs  0m30.6s/9m00.0s

running (0m31.6s), 0494/1875 VUs, 1300 complete and 0 interrupted iterations
users   [   6% ] 0494/1875 VUs  0m31.6s/9m00.0s

running (0m32.7s), 0510/1875 VUs, 1397 complete and 0 interrupted iterations
users   [   6% ] 0510/1875 VUs  0m32.7s/9m00.0s

running (0m33.6s), 0525/1875 VUs, 1489 complete and 0 interrupted iterations
users   [   6% ] 0525/1875 VUs  0m33.6s/9m00.0s

running (0m34.6s), 0541/1875 VUs, 1576 complete and 0 interrupted iterations
users   [   6% ] 0541/1875 VUs  0m34.6s/9m00.0s

running (0m35.6s), 0556/1875 VUs, 1675 complete and 0 interrupted iterations
users   [   7% ] 0556/1875 VUs  0m35.6s/9m00.0s

running (0m36.6s), 0572/1875 VUs, 1785 complete and 0 interrupted iterations
users   [   7% ] 0572/1875 VUs  0m36.6s/9m00.0s

running (0m37.6s), 0588/1875 VUs, 1894 complete and 0 interrupted iterations
users   [   7% ] 0588/1875 VUs  0m37.6s/9m00.0s

running (0m38.6s), 0603/1875 VUs, 2003 complete and 0 interrupted iterations
users   [   7% ] 0603/1875 VUs  0m38.6s/9m00.0s

running (0m39.6s), 0619/1875 VUs, 2110 complete and 0 interrupted iterations
users   [   7% ] 0619/1875 VUs  0m39.6s/9m00.0s

running (0m40.6s), 0635/1875 VUs, 2222 complete and 0 interrupted iterations
users   [   8% ] 0635/1875 VUs  0m40.6s/9m00.0s

running (0m41.6s), 0650/1875 VUs, 2344 complete and 0 interrupted iterations
users   [   8% ] 0650/1875 VUs  0m41.6s/9m00.0s

running (0m42.6s), 0666/1875 VUs, 2474 complete and 0 interrupted iterations
users   [   8% ] 0666/1875 VUs  0m42.6s/9m00.0s

running (0m43.6s), 0681/1875 VUs, 2599 complete and 0 interrupted iterations
users   [   8% ] 0681/1875 VUs  0m43.6s/9m00.0s

running (0m44.6s), 0697/1875 VUs, 2720 complete and 0 interrupted iterations
users   [   8% ] 0697/1875 VUs  0m44.6s/9m00.0s

running (0m45.6s), 0713/1875 VUs, 2849 complete and 0 interrupted iterations
users   [   8% ] 0713/1875 VUs  0m45.6s/9m00.0s

running (0m46.6s), 0728/1875 VUs, 2990 complete and 0 interrupted iterations
users   [   9% ] 0728/1875 VUs  0m46.6s/9m00.0s

running (0m47.6s), 0744/1875 VUs, 3136 complete and 0 interrupted iterations
users   [   9% ] 0744/1875 VUs  0m47.6s/9m00.0s

running (0m48.6s), 0760/1875 VUs, 3271 complete and 0 interrupted iterations
users   [   9% ] 0760/1875 VUs  0m48.6s/9m00.0s

running (0m49.6s), 0775/1875 VUs, 3413 complete and 0 interrupted iterations
users   [   9% ] 0775/1875 VUs  0m49.6s/9m00.0s

running (0m50.6s), 0791/1875 VUs, 3552 complete and 0 interrupted iterations
users   [   9% ] 0791/1875 VUs  0m50.6s/9m00.0s

running (0m51.6s), 0806/1875 VUs, 3710 complete and 0 interrupted iterations
users   [  10% ] 0806/1875 VUs  0m51.6s/9m00.0s

running (0m52.6s), 0822/1875 VUs, 3871 complete and 0 interrupted iterations
users   [  10% ] 0822/1875 VUs  0m52.6s/9m00.0s

running (0m53.6s), 0838/1875 VUs, 4022 complete and 0 interrupted iterations
users   [  10% ] 0838/1875 VUs  0m53.6s/9m00.0s

running (0m54.6s), 0853/1875 VUs, 4178 complete and 0 interrupted iterations
users   [  10% ] 0853/1875 VUs  0m54.6s/9m00.0s

running (0m55.6s), 0869/1875 VUs, 4333 complete and 0 interrupted iterations
users   [  10% ] 0869/1875 VUs  0m55.6s/9m00.0s

running (0m56.6s), 0885/1875 VUs, 4506 complete and 0 interrupted iterations
users   [  10% ] 0885/1875 VUs  0m56.6s/9m00.0s

running (0m57.6s), 0900/1875 VUs, 4685 complete and 0 interrupted iterations
users   [  11% ] 0900/1875 VUs  0m57.6s/9m00.0s

running (0m58.6s), 0916/1875 VUs, 4851 complete and 0 interrupted iterations
users   [  11% ] 0916/1875 VUs  0m58.6s/9m00.0s

running (0m59.6s), 0931/1875 VUs, 5020 complete and 0 interrupted iterations
users   [  11% ] 0931/1875 VUs  0m59.6s/9m00.0s

running (1m00.6s), 0947/1875 VUs, 5192 complete and 0 interrupted iterations
users   [  11% ] 0947/1875 VUs  1m00.6s/9m00.0s

running (1m01.6s), 0963/1875 VUs, 5378 complete and 0 interrupted iterations
users   [  11% ] 0963/1875 VUs  1m01.6s/9m00.0s

running (1m02.6s), 0978/1875 VUs, 5572 complete and 0 interrupted iterations
users   [  12% ] 0978/1875 VUs  1m02.6s/9m00.0s

running (1m03.6s), 0994/1875 VUs, 5758 complete and 0 interrupted iterations
users   [  12% ] 0994/1875 VUs  1m03.6s/9m00.0s

running (1m04.6s), 1010/1875 VUs, 5941 complete and 0 interrupted iterations
users   [  12% ] 1010/1875 VUs  1m04.6s/9m00.0s

running (1m05.6s), 1025/1875 VUs, 6128 complete and 0 interrupted iterations
users   [  12% ] 1025/1875 VUs  1m05.6s/9m00.0s

running (1m06.6s), 1041/1875 VUs, 6327 complete and 0 interrupted iterations
users   [  12% ] 1041/1875 VUs  1m06.6s/9m00.0s

running (1m07.6s), 1056/1875 VUs, 6540 complete and 0 interrupted iterations
users   [  13% ] 1056/1875 VUs  1m07.6s/9m00.0s

running (1m08.6s), 1072/1875 VUs, 6744 complete and 0 interrupted iterations
users   [  13% ] 1072/1875 VUs  1m08.6s/9m00.0s

running (1m09.6s), 1088/1875 VUs, 6944 complete and 0 interrupted iterations
users   [  13% ] 1088/1875 VUs  1m09.6s/9m00.0s

running (1m10.6s), 1103/1875 VUs, 7141 complete and 0 interrupted iterations
users   [  13% ] 1103/1875 VUs  1m10.6s/9m00.0s

running (1m11.6s), 1119/1875 VUs, 7356 complete and 0 interrupted iterations
users   [  13% ] 1119/1875 VUs  1m11.6s/9m00.0s

running (1m12.6s), 1135/1875 VUs, 7588 complete and 0 interrupted iterations
users   [  13% ] 1135/1875 VUs  1m12.6s/9m00.0s

running (1m13.6s), 1150/1875 VUs, 7807 complete and 0 interrupted iterations
users   [  14% ] 1150/1875 VUs  1m13.6s/9m00.0s

running (1m14.6s), 1166/1875 VUs, 8021 complete and 0 interrupted iterations
users   [  14% ] 1166/1875 VUs  1m14.6s/9m00.0s

running (1m15.6s), 1181/1875 VUs, 8234 complete and 0 interrupted iterations
users   [  14% ] 1181/1875 VUs  1m15.6s/9m00.0s

running (1m16.6s), 1197/1875 VUs, 8460 complete and 0 interrupted iterations
users   [  14% ] 1197/1875 VUs  1m16.6s/9m00.0s

running (1m17.6s), 1213/1875 VUs, 8709 complete and 0 interrupted iterations
users   [  14% ] 1213/1875 VUs  1m17.6s/9m00.0s

running (1m18.6s), 1228/1875 VUs, 8943 complete and 0 interrupted iterations
users   [  15% ] 1228/1875 VUs  1m18.6s/9m00.0s

running (1m19.6s), 1244/1875 VUs, 9175 complete and 0 interrupted iterations
users   [  15% ] 1244/1875 VUs  1m19.6s/9m00.0s

running (1m20.6s), 1260/1875 VUs, 9402 complete and 0 interrupted iterations
users   [  15% ] 1260/1875 VUs  1m20.6s/9m00.0s

running (1m21.6s), 1275/1875 VUs, 9646 complete and 0 interrupted iterations
users   [  15% ] 1275/1875 VUs  1m21.6s/9m00.0s

running (1m22.6s), 1291/1875 VUs, 9911 complete and 0 interrupted iterations
users   [  15% ] 1291/1875 VUs  1m22.6s/9m00.0s

running (1m23.6s), 1306/1875 VUs, 10152 complete and 0 interrupted iterations
users   [  15% ] 1306/1875 VUs  1m23.6s/9m00.0s

running (1m24.6s), 1322/1875 VUs, 10400 complete and 0 interrupted iterations
users   [  16% ] 1322/1875 VUs  1m24.6s/9m00.0s

running (1m25.6s), 1338/1875 VUs, 10643 complete and 0 interrupted iterations
users   [  16% ] 1338/1875 VUs  1m25.6s/9m00.0s

running (1m26.6s), 1353/1875 VUs, 10908 complete and 0 interrupted iterations
users   [  16% ] 1353/1875 VUs  1m26.6s/9m00.0s

running (1m27.6s), 1369/1875 VUs, 11188 complete and 0 interrupted iterations
users   [  16% ] 1369/1875 VUs  1m27.6s/9m00.0s

running (1m28.6s), 1385/1875 VUs, 11444 complete and 0 interrupted iterations
users   [  16% ] 1385/1875 VUs  1m28.6s/9m00.0s

running (1m29.6s), 1400/1875 VUs, 11706 complete and 0 interrupted iterations
users   [  17% ] 1400/1875 VUs  1m29.6s/9m00.0s

running (1m30.6s), 1416/1875 VUs, 11966 complete and 0 interrupted iterations
users   [  17% ] 1416/1875 VUs  1m30.6s/9m00.0s

running (1m31.6s), 1431/1875 VUs, 12238 complete and 0 interrupted iterations
users   [  17% ] 1431/1875 VUs  1m31.6s/9m00.0s

running (1m32.6s), 1447/1875 VUs, 12540 complete and 0 interrupted iterations
users   [  17% ] 1447/1875 VUs  1m32.6s/9m00.0s

running (1m33.6s), 1463/1875 VUs, 12811 complete and 0 interrupted iterations
users   [  17% ] 1463/1875 VUs  1m33.6s/9m00.0s

running (1m34.6s), 1478/1875 VUs, 13091 complete and 0 interrupted iterations
users   [  18% ] 1478/1875 VUs  1m34.6s/9m00.0s

running (1m35.6s), 1494/1875 VUs, 13372 complete and 0 interrupted iterations
users   [  18% ] 1494/1875 VUs  1m35.6s/9m00.0s

running (1m36.6s), 1510/1875 VUs, 13660 complete and 0 interrupted iterations
users   [  18% ] 1510/1875 VUs  1m36.6s/9m00.0s

running (1m37.6s), 1525/1875 VUs, 13968 complete and 0 interrupted iterations
users   [  18% ] 1525/1875 VUs  1m37.6s/9m00.0s

running (1m38.6s), 1541/1875 VUs, 14260 complete and 0 interrupted iterations
users   [  18% ] 1541/1875 VUs  1m38.6s/9m00.0s

running (1m39.6s), 1556/1875 VUs, 14553 complete and 0 interrupted iterations
users   [  18% ] 1556/1875 VUs  1m39.6s/9m00.0s

running (1m40.6s), 1572/1875 VUs, 14847 complete and 0 interrupted iterations
users   [  19% ] 1572/1875 VUs  1m40.6s/9m00.0s

running (1m41.6s), 1588/1875 VUs, 15153 complete and 0 interrupted iterations
users   [  19% ] 1588/1875 VUs  1m41.6s/9m00.0s

running (1m42.6s), 1603/1875 VUs, 15470 complete and 0 interrupted iterations
users   [  19% ] 1603/1875 VUs  1m42.6s/9m00.0s

running (1m43.6s), 1619/1875 VUs, 15780 complete and 0 interrupted iterations
users   [  19% ] 1619/1875 VUs  1m43.6s/9m00.0s

running (1m44.6s), 1635/1875 VUs, 16087 complete and 0 interrupted iterations
users   [  19% ] 1635/1875 VUs  1m44.6s/9m00.0s

running (1m45.6s), 1650/1875 VUs, 16400 complete and 0 interrupted iterations
users   [  20% ] 1650/1875 VUs  1m45.6s/9m00.0s

running (1m46.6s), 1666/1875 VUs, 16722 complete and 0 interrupted iterations
users   [  20% ] 1666/1875 VUs  1m46.6s/9m00.0s

running (1m47.6s), 1681/1875 VUs, 17061 complete and 0 interrupted iterations
users   [  20% ] 1681/1875 VUs  1m47.6s/9m00.0s

running (1m48.6s), 1697/1875 VUs, 17386 complete and 0 interrupted iterations
users   [  20% ] 1697/1875 VUs  1m48.6s/9m00.0s

running (1m49.6s), 1713/1875 VUs, 17702 complete and 0 interrupted iterations
users   [  20% ] 1713/1875 VUs  1m49.6s/9m00.0s

running (1m50.6s), 1728/1875 VUs, 18034 complete and 0 interrupted iterations
users   [  20% ] 1728/1875 VUs  1m50.6s/9m00.0s

running (1m51.6s), 1744/1875 VUs, 18369 complete and 0 interrupted iterations
users   [  21% ] 1744/1875 VUs  1m51.6s/9m00.0s

running (1m52.6s), 1760/1875 VUs, 18720 complete and 0 interrupted iterations
users   [  21% ] 1760/1875 VUs  1m52.6s/9m00.0s

running (1m53.6s), 1775/1875 VUs, 19062 complete and 0 interrupted iterations
users   [  21% ] 1775/1875 VUs  1m53.6s/9m00.0s

running (1m54.6s), 1791/1875 VUs, 19393 complete and 0 interrupted iterations
users   [  21% ] 1791/1875 VUs  1m54.6s/9m00.0s

running (1m55.6s), 1806/1875 VUs, 19739 complete and 0 interrupted iterations
users   [  21% ] 1806/1875 VUs  1m55.6s/9m00.0s

running (1m56.6s), 1822/1875 VUs, 20093 complete and 0 interrupted iterations
users   [  22% ] 1822/1875 VUs  1m56.6s/9m00.0s

running (1m57.6s), 1838/1875 VUs, 20461 complete and 0 interrupted iterations
users   [  22% ] 1838/1875 VUs  1m57.6s/9m00.0s

running (1m58.6s), 1853/1875 VUs, 20820 complete and 0 interrupted iterations
users   [  22% ] 1853/1875 VUs  1m58.6s/9m00.0s

running (1m59.6s), 1869/1875 VUs, 21169 complete and 0 interrupted iterations
users   [  22% ] 1869/1875 VUs  1m59.6s/9m00.0s

running (2m00.6s), 1875/1875 VUs, 21532 complete and 0 interrupted iterations
users   [  22% ] 1875/1875 VUs  2m00.6s/9m00.0s

running (2m01.6s), 1875/1875 VUs, 21903 complete and 0 interrupted iterations
users   [  23% ] 1875/1875 VUs  2m01.6s/9m00.0s

running (2m02.6s), 1875/1875 VUs, 22280 complete and 0 interrupted iterations
users   [  23% ] 1875/1875 VUs  2m02.6s/9m00.0s

running (2m03.6s), 1875/1875 VUs, 22648 complete and 0 interrupted iterations
users   [  23% ] 1875/1875 VUs  2m03.6s/9m00.0s

running (2m04.6s), 1875/1875 VUs, 23015 complete and 0 interrupted iterations
users   [  23% ] 1875/1875 VUs  2m04.6s/9m00.0s

running (2m05.6s), 1875/1875 VUs, 23389 complete and 0 interrupted iterations
users   [  23% ] 1875/1875 VUs  2m05.6s/9m00.0s

running (2m06.6s), 1875/1875 VUs, 23754 complete and 0 interrupted iterations
users   [  23% ] 1875/1875 VUs  2m06.6s/9m00.0s

running (2m07.6s), 1875/1875 VUs, 24129 complete and 0 interrupted iterations
users   [  24% ] 1875/1875 VUs  2m07.6s/9m00.0s

running (2m08.6s), 1875/1875 VUs, 24498 complete and 0 interrupted iterations
users   [  24% ] 1875/1875 VUs  2m08.6s/9m00.0s

running (2m09.6s), 1875/1875 VUs, 24870 complete and 0 interrupted iterations
users   [  24% ] 1875/1875 VUs  2m09.6s/9m00.0s

running (2m10.6s), 1875/1875 VUs, 25247 complete and 0 interrupted iterations
users   [  24% ] 1875/1875 VUs  2m10.6s/9m00.0s

running (2m11.6s), 1875/1875 VUs, 25606 complete and 0 interrupted iterations
users   [  24% ] 1875/1875 VUs  2m11.6s/9m00.0s

running (2m12.6s), 1875/1875 VUs, 25982 complete and 0 interrupted iterations
users   [  25% ] 1875/1875 VUs  2m12.6s/9m00.0s

running (2m13.6s), 1875/1875 VUs, 26353 complete and 0 interrupted iterations
users   [  25% ] 1875/1875 VUs  2m13.6s/9m00.0s

running (2m14.6s), 1875/1875 VUs, 26727 complete and 0 interrupted iterations
users   [  25% ] 1875/1875 VUs  2m14.6s/9m00.0s

running (2m15.6s), 1875/1875 VUs, 27104 complete and 0 interrupted iterations
users   [  25% ] 1875/1875 VUs  2m15.6s/9m00.0s

running (2m16.6s), 1875/1875 VUs, 27458 complete and 0 interrupted iterations
users   [  25% ] 1875/1875 VUs  2m16.6s/9m00.0s

running (2m17.6s), 1875/1875 VUs, 27835 complete and 0 interrupted iterations
users   [  25% ] 1875/1875 VUs  2m17.6s/9m00.0s

running (2m18.6s), 1875/1875 VUs, 28202 complete and 0 interrupted iterations
users   [  26% ] 1875/1875 VUs  2m18.6s/9m00.0s

running (2m19.6s), 1875/1875 VUs, 28584 complete and 0 interrupted iterations
users   [  26% ] 1875/1875 VUs  2m19.6s/9m00.0s

running (2m20.6s), 1875/1875 VUs, 28963 complete and 0 interrupted iterations
users   [  26% ] 1875/1875 VUs  2m20.6s/9m00.0s

running (2m21.6s), 1875/1875 VUs, 29308 complete and 0 interrupted iterations
users   [  26% ] 1875/1875 VUs  2m21.6s/9m00.0s

running (2m22.6s), 1875/1875 VUs, 29687 complete and 0 interrupted iterations
users   [  26% ] 1875/1875 VUs  2m22.6s/9m00.0s

running (2m23.6s), 1875/1875 VUs, 30059 complete and 0 interrupted iterations
users   [  27% ] 1875/1875 VUs  2m23.6s/9m00.0s

running (2m24.6s), 1875/1875 VUs, 30452 complete and 0 interrupted iterations
users   [  27% ] 1875/1875 VUs  2m24.6s/9m00.0s

running (2m25.6s), 1875/1875 VUs, 30821 complete and 0 interrupted iterations
users   [  27% ] 1875/1875 VUs  2m25.6s/9m00.0s

running (2m26.6s), 1875/1875 VUs, 31166 complete and 0 interrupted iterations
users   [  27% ] 1875/1875 VUs  2m26.6s/9m00.0s

running (2m27.6s), 1875/1875 VUs, 31545 complete and 0 interrupted iterations
users   [  27% ] 1875/1875 VUs  2m27.6s/9m00.0s

running (2m28.6s), 1875/1875 VUs, 31918 complete and 0 interrupted iterations
users   [  28% ] 1875/1875 VUs  2m28.6s/9m00.0s

running (2m29.6s), 1875/1875 VUs, 32303 complete and 0 interrupted iterations
users   [  28% ] 1875/1875 VUs  2m29.6s/9m00.0s

running (2m30.6s), 1875/1875 VUs, 32679 complete and 0 interrupted iterations
users   [  28% ] 1875/1875 VUs  2m30.6s/9m00.0s

running (2m31.6s), 1875/1875 VUs, 33026 complete and 0 interrupted iterations
users   [  28% ] 1875/1875 VUs  2m31.6s/9m00.0s

running (2m32.6s), 1875/1875 VUs, 33403 complete and 0 interrupted iterations
users   [  28% ] 1875/1875 VUs  2m32.6s/9m00.0s

running (2m33.6s), 1875/1875 VUs, 33775 complete and 0 interrupted iterations
users   [  28% ] 1875/1875 VUs  2m33.6s/9m00.0s

running (2m34.6s), 1875/1875 VUs, 34160 complete and 0 interrupted iterations
users   [  29% ] 1875/1875 VUs  2m34.6s/9m00.0s

running (2m35.6s), 1875/1875 VUs, 34530 complete and 0 interrupted iterations
users   [  29% ] 1875/1875 VUs  2m35.6s/9m00.0s

running (2m36.6s), 1875/1875 VUs, 34881 complete and 0 interrupted iterations
users   [  29% ] 1875/1875 VUs  2m36.6s/9m00.0s

running (2m37.6s), 1875/1875 VUs, 35263 complete and 0 interrupted iterations
users   [  29% ] 1875/1875 VUs  2m37.6s/9m00.0s

running (2m38.6s), 1875/1875 VUs, 35638 complete and 0 interrupted iterations
users   [  29% ] 1875/1875 VUs  2m38.6s/9m00.0s

running (2m39.6s), 1875/1875 VUs, 36013 complete and 0 interrupted iterations
users   [  30% ] 1875/1875 VUs  2m39.6s/9m00.0s

running (2m40.6s), 1875/1875 VUs, 36375 complete and 0 interrupted iterations
users   [  30% ] 1875/1875 VUs  2m40.6s/9m00.0s

running (2m41.6s), 1875/1875 VUs, 36729 complete and 0 interrupted iterations
users   [  30% ] 1875/1875 VUs  2m41.6s/9m00.0s

running (2m42.6s), 1875/1875 VUs, 37114 complete and 0 interrupted iterations
users   [  30% ] 1875/1875 VUs  2m42.6s/9m00.0s

running (2m43.6s), 1875/1875 VUs, 37487 complete and 0 interrupted iterations
users   [  30% ] 1875/1875 VUs  2m43.6s/9m00.0s

running (2m44.6s), 1875/1875 VUs, 37863 complete and 0 interrupted iterations
users   [  30% ] 1875/1875 VUs  2m44.6s/9m00.0s

running (2m45.6s), 1875/1875 VUs, 38220 complete and 0 interrupted iterations
users   [  31% ] 1875/1875 VUs  2m45.6s/9m00.0s

running (2m46.6s), 1875/1875 VUs, 38575 complete and 0 interrupted iterations
users   [  31% ] 1875/1875 VUs  2m46.6s/9m00.0s

running (2m47.6s), 1875/1875 VUs, 38963 complete and 0 interrupted iterations
users   [  31% ] 1875/1875 VUs  2m47.6s/9m00.0s

running (2m48.6s), 1875/1875 VUs, 39335 complete and 0 interrupted iterations
users   [  31% ] 1875/1875 VUs  2m48.6s/9m00.0s

running (2m49.6s), 1875/1875 VUs, 39713 complete and 0 interrupted iterations
users   [  31% ] 1875/1875 VUs  2m49.6s/9m00.0s

running (2m50.6s), 1875/1875 VUs, 40068 complete and 0 interrupted iterations
users   [  32% ] 1875/1875 VUs  2m50.6s/9m00.0s

running (2m51.6s), 1875/1875 VUs, 40426 complete and 0 interrupted iterations
users   [  32% ] 1875/1875 VUs  2m51.6s/9m00.0s

running (2m52.6s), 1875/1875 VUs, 40638 complete and 0 interrupted iterations
users   [  32% ] 1875/1875 VUs  2m52.6s/9m00.0s

running (2m53.6s), 1875/1875 VUs, 40675 complete and 0 interrupted iterations
users   [  32% ] 1875/1875 VUs  2m53.6s/9m00.0s

running (2m54.6s), 1875/1875 VUs, 40818 complete and 0 interrupted iterations
users   [  32% ] 1875/1875 VUs  2m54.6s/9m00.0s

running (2m55.6s), 1875/1875 VUs, 41030 complete and 0 interrupted iterations
users   [  33% ] 1875/1875 VUs  2m55.6s/9m00.0s

running (2m56.6s), 1875/1875 VUs, 41224 complete and 0 interrupted iterations
users   [  33% ] 1875/1875 VUs  2m56.6s/9m00.0s

running (2m57.6s), 1875/1875 VUs, 41433 complete and 0 interrupted iterations
users   [  33% ] 1875/1875 VUs  2m57.6s/9m00.0s

running (2m58.6s), 1875/1875 VUs, 41632 complete and 0 interrupted iterations
users   [  33% ] 1875/1875 VUs  2m58.6s/9m00.0s

running (2m59.6s), 1875/1875 VUs, 41809 complete and 0 interrupted iterations
users   [  33% ] 1875/1875 VUs  2m59.6s/9m00.0s

running (3m00.6s), 1875/1875 VUs, 42004 complete and 0 interrupted iterations
users   [  33% ] 1875/1875 VUs  3m00.6s/9m00.0s

running (3m01.6s), 1875/1875 VUs, 42212 complete and 0 interrupted iterations
users   [  34% ] 1875/1875 VUs  3m01.6s/9m00.0s

running (3m02.6s), 1875/1875 VUs, 42434 complete and 0 interrupted iterations
users   [  34% ] 1875/1875 VUs  3m02.6s/9m00.0s

running (3m03.6s), 1875/1875 VUs, 42624 complete and 0 interrupted iterations
users   [  34% ] 1875/1875 VUs  3m03.6s/9m00.0s

running (3m04.6s), 1875/1875 VUs, 42824 complete and 0 interrupted iterations
users   [  34% ] 1875/1875 VUs  3m04.6s/9m00.0s

running (3m05.6s), 1875/1875 VUs, 43017 complete and 0 interrupted iterations
users   [  34% ] 1875/1875 VUs  3m05.6s/9m00.0s

running (3m06.6s), 1875/1875 VUs, 43225 complete and 0 interrupted iterations
users   [  35% ] 1875/1875 VUs  3m06.6s/9m00.0s

running (3m07.6s), 1875/1875 VUs, 43426 complete and 0 interrupted iterations
users   [  35% ] 1875/1875 VUs  3m07.6s/9m00.0s

running (3m08.6s), 1875/1875 VUs, 43629 complete and 0 interrupted iterations
users   [  35% ] 1875/1875 VUs  3m08.6s/9m00.0s

running (3m09.6s), 1875/1875 VUs, 43844 complete and 0 interrupted iterations
users   [  35% ] 1875/1875 VUs  3m09.6s/9m00.0s

running (3m10.6s), 1875/1875 VUs, 44021 complete and 0 interrupted iterations
users   [  35% ] 1875/1875 VUs  3m10.6s/9m00.0s

running (3m11.6s), 1875/1875 VUs, 44235 complete and 0 interrupted iterations
users   [  35% ] 1875/1875 VUs  3m11.6s/9m00.0s

running (3m12.6s), 1875/1875 VUs, 44450 complete and 0 interrupted iterations
users   [  36% ] 1875/1875 VUs  3m12.6s/9m00.0s

running (3m13.6s), 1875/1875 VUs, 44660 complete and 0 interrupted iterations
users   [  36% ] 1875/1875 VUs  3m13.6s/9m00.0s

running (3m14.6s), 1875/1875 VUs, 44883 complete and 0 interrupted iterations
users   [  36% ] 1875/1875 VUs  3m14.6s/9m00.0s

running (3m15.6s), 1875/1875 VUs, 45063 complete and 0 interrupted iterations
users   [  36% ] 1875/1875 VUs  3m15.6s/9m00.0s

running (3m16.6s), 1875/1875 VUs, 45271 complete and 0 interrupted iterations
users   [  36% ] 1875/1875 VUs  3m16.6s/9m00.0s

running (3m17.6s), 1875/1875 VUs, 45489 complete and 0 interrupted iterations
users   [  37% ] 1875/1875 VUs  3m17.6s/9m00.0s

running (3m18.6s), 1875/1875 VUs, 45697 complete and 0 interrupted iterations
users   [  37% ] 1875/1875 VUs  3m18.6s/9m00.0s

running (3m19.6s), 1875/1875 VUs, 45906 complete and 0 interrupted iterations
users   [  37% ] 1875/1875 VUs  3m19.6s/9m00.0s

running (3m20.6s), 1875/1875 VUs, 46061 complete and 0 interrupted iterations
users   [  37% ] 1875/1875 VUs  3m20.6s/9m00.0s

running (3m21.6s), 1875/1875 VUs, 46279 complete and 0 interrupted iterations
users   [  37% ] 1875/1875 VUs  3m21.6s/9m00.0s

running (3m22.6s), 1875/1875 VUs, 46490 complete and 0 interrupted iterations
users   [  38% ] 1875/1875 VUs  3m22.6s/9m00.0s

running (3m23.6s), 1875/1875 VUs, 46705 complete and 0 interrupted iterations
users   [  38% ] 1875/1875 VUs  3m23.6s/9m00.0s

running (3m24.6s), 1875/1875 VUs, 46916 complete and 0 interrupted iterations
users   [  38% ] 1875/1875 VUs  3m24.6s/9m00.0s

running (3m25.6s), 1875/1875 VUs, 47093 complete and 0 interrupted iterations
users   [  38% ] 1875/1875 VUs  3m25.6s/9m00.0s

running (3m26.6s), 1875/1875 VUs, 47289 complete and 0 interrupted iterations
users   [  38% ] 1875/1875 VUs  3m26.6s/9m00.0s

running (3m27.6s), 1875/1875 VUs, 47494 complete and 0 interrupted iterations
users   [  38% ] 1875/1875 VUs  3m27.6s/9m00.0s

running (3m28.6s), 1875/1875 VUs, 47699 complete and 0 interrupted iterations
users   [  39% ] 1875/1875 VUs  3m28.6s/9m00.0s

running (3m29.6s), 1875/1875 VUs, 47915 complete and 0 interrupted iterations
users   [  39% ] 1875/1875 VUs  3m29.6s/9m00.0s

running (3m30.6s), 1875/1875 VUs, 48083 complete and 0 interrupted iterations
users   [  39% ] 1875/1875 VUs  3m30.6s/9m00.0s

running (3m31.6s), 1875/1875 VUs, 48271 complete and 0 interrupted iterations
users   [  39% ] 1875/1875 VUs  3m31.6s/9m00.0s

running (3m32.6s), 1875/1875 VUs, 48453 complete and 0 interrupted iterations
users   [  39% ] 1875/1875 VUs  3m32.6s/9m00.0s

running (3m33.6s), 1875/1875 VUs, 48640 complete and 0 interrupted iterations
users   [  40% ] 1875/1875 VUs  3m33.6s/9m00.0s

running (3m34.6s), 1875/1875 VUs, 48824 complete and 0 interrupted iterations
users   [  40% ] 1875/1875 VUs  3m34.6s/9m00.0s

running (3m35.6s), 1875/1875 VUs, 49039 complete and 0 interrupted iterations
users   [  40% ] 1875/1875 VUs  3m35.6s/9m00.0s

running (3m36.6s), 1875/1875 VUs, 49201 complete and 0 interrupted iterations
users   [  40% ] 1875/1875 VUs  3m36.6s/9m00.0s

running (3m37.6s), 1875/1875 VUs, 49404 complete and 0 interrupted iterations
users   [  40% ] 1875/1875 VUs  3m37.6s/9m00.0s

running (3m38.6s), 1875/1875 VUs, 49616 complete and 0 interrupted iterations
users   [  40% ] 1875/1875 VUs  3m38.6s/9m00.0s

running (3m39.6s), 1875/1875 VUs, 49814 complete and 0 interrupted iterations
users   [  41% ] 1875/1875 VUs  3m39.6s/9m00.0s

running (3m40.6s), 1875/1875 VUs, 50018 complete and 0 interrupted iterations
users   [  41% ] 1875/1875 VUs  3m40.6s/9m00.0s

running (3m41.6s), 1875/1875 VUs, 50186 complete and 0 interrupted iterations
users   [  41% ] 1875/1875 VUs  3m41.6s/9m00.0s

running (3m42.6s), 1875/1875 VUs, 50379 complete and 0 interrupted iterations
users   [  41% ] 1875/1875 VUs  3m42.6s/9m00.0s

running (3m43.6s), 1875/1875 VUs, 50579 complete and 0 interrupted iterations
users   [  41% ] 1875/1875 VUs  3m43.6s/9m00.0s

running (3m44.6s), 1875/1875 VUs, 50797 complete and 0 interrupted iterations
users   [  42% ] 1875/1875 VUs  3m44.6s/9m00.0s

running (3m45.6s), 1875/1875 VUs, 51004 complete and 0 interrupted iterations
users   [  42% ] 1875/1875 VUs  3m45.6s/9m00.0s

running (3m46.6s), 1875/1875 VUs, 51186 complete and 0 interrupted iterations
users   [  42% ] 1875/1875 VUs  3m46.6s/9m00.0s

running (3m47.6s), 1875/1875 VUs, 51403 complete and 0 interrupted iterations
users   [  42% ] 1875/1875 VUs  3m47.6s/9m00.0s

running (3m48.6s), 1875/1875 VUs, 51606 complete and 0 interrupted iterations
users   [  42% ] 1875/1875 VUs  3m48.6s/9m00.0s

running (3m49.6s), 1875/1875 VUs, 51813 complete and 0 interrupted iterations
users   [  43% ] 1875/1875 VUs  3m49.6s/9m00.0s

running (3m50.6s), 1875/1875 VUs, 52022 complete and 0 interrupted iterations
users   [  43% ] 1875/1875 VUs  3m50.6s/9m00.0s

running (3m51.6s), 1875/1875 VUs, 52210 complete and 0 interrupted iterations
users   [  43% ] 1875/1875 VUs  3m51.6s/9m00.0s

running (3m52.6s), 1875/1875 VUs, 52336 complete and 0 interrupted iterations
users   [  43% ] 1875/1875 VUs  3m52.6s/9m00.0s

running (3m53.6s), 1875/1875 VUs, 52543 complete and 0 interrupted iterations
users   [  43% ] 1875/1875 VUs  3m53.6s/9m00.0s

running (3m54.6s), 1875/1875 VUs, 52735 complete and 0 interrupted iterations
users   [  43% ] 1875/1875 VUs  3m54.6s/9m00.0s

running (3m55.6s), 1875/1875 VUs, 52920 complete and 0 interrupted iterations
users   [  44% ] 1875/1875 VUs  3m55.6s/9m00.0s

running (3m56.6s), 1875/1875 VUs, 53098 complete and 0 interrupted iterations
users   [  44% ] 1875/1875 VUs  3m56.6s/9m00.0s

running (3m57.6s), 1875/1875 VUs, 53264 complete and 0 interrupted iterations
users   [  44% ] 1875/1875 VUs  3m57.6s/9m00.0s

running (3m58.6s), 1875/1875 VUs, 53441 complete and 0 interrupted iterations
users   [  44% ] 1875/1875 VUs  3m58.6s/9m00.0s

running (3m59.6s), 1875/1875 VUs, 53620 complete and 0 interrupted iterations
users   [  44% ] 1875/1875 VUs  3m59.6s/9m00.0s

running (4m00.6s), 1875/1875 VUs, 53831 complete and 0 interrupted iterations
users   [  45% ] 1875/1875 VUs  4m00.6s/9m00.0s

running (4m01.6s), 1875/1875 VUs, 54011 complete and 0 interrupted iterations
users   [  45% ] 1875/1875 VUs  4m01.6s/9m00.0s

running (4m02.6s), 1875/1875 VUs, 54196 complete and 0 interrupted iterations
users   [  45% ] 1875/1875 VUs  4m02.6s/9m00.0s

running (4m03.6s), 1875/1875 VUs, 54360 complete and 0 interrupted iterations
users   [  45% ] 1875/1875 VUs  4m03.6s/9m00.0s

running (4m04.6s), 1875/1875 VUs, 54556 complete and 0 interrupted iterations
users   [  45% ] 1875/1875 VUs  4m04.6s/9m00.0s

running (4m05.6s), 1875/1875 VUs, 54767 complete and 0 interrupted iterations
users   [  45% ] 1875/1875 VUs  4m05.6s/9m00.0s

running (4m06.6s), 1875/1875 VUs, 54977 complete and 0 interrupted iterations
users   [  46% ] 1875/1875 VUs  4m06.6s/9m00.0s

running (4m07.6s), 1875/1875 VUs, 55178 complete and 0 interrupted iterations
users   [  46% ] 1875/1875 VUs  4m07.6s/9m00.0s

running (4m08.6s), 1875/1875 VUs, 55355 complete and 0 interrupted iterations
users   [  46% ] 1875/1875 VUs  4m08.6s/9m00.0s

running (4m09.6s), 1875/1875 VUs, 55519 complete and 0 interrupted iterations
users   [  46% ] 1875/1875 VUs  4m09.6s/9m00.0s

running (4m10.6s), 1875/1875 VUs, 55727 complete and 0 interrupted iterations
users   [  46% ] 1875/1875 VUs  4m10.6s/9m00.0s

running (4m11.6s), 1875/1875 VUs, 55921 complete and 0 interrupted iterations
users   [  47% ] 1875/1875 VUs  4m11.6s/9m00.0s

running (4m12.6s), 1875/1875 VUs, 56124 complete and 0 interrupted iterations
users   [  47% ] 1875/1875 VUs  4m12.6s/9m00.0s

running (4m13.6s), 1875/1875 VUs, 56306 complete and 0 interrupted iterations
users   [  47% ] 1875/1875 VUs  4m13.6s/9m00.0s

running (4m14.6s), 1875/1875 VUs, 56465 complete and 0 interrupted iterations
users   [  47% ] 1875/1875 VUs  4m14.6s/9m00.0s

running (4m15.6s), 1875/1875 VUs, 56652 complete and 0 interrupted iterations
users   [  47% ] 1875/1875 VUs  4m15.6s/9m00.0s

running (4m16.6s), 1875/1875 VUs, 56849 complete and 0 interrupted iterations
users   [  48% ] 1875/1875 VUs  4m16.6s/9m00.0s

running (4m17.6s), 1875/1875 VUs, 57063 complete and 0 interrupted iterations
users   [  48% ] 1875/1875 VUs  4m17.6s/9m00.0s

running (4m18.6s), 1875/1875 VUs, 57257 complete and 0 interrupted iterations
users   [  48% ] 1875/1875 VUs  4m18.6s/9m00.0s

running (4m19.6s), 1875/1875 VUs, 57445 complete and 0 interrupted iterations
users   [  48% ] 1875/1875 VUs  4m19.6s/9m00.0s

running (4m20.6s), 1875/1875 VUs, 57611 complete and 0 interrupted iterations
users   [  48% ] 1875/1875 VUs  4m20.6s/9m00.0s

running (4m21.6s), 1875/1875 VUs, 57790 complete and 0 interrupted iterations
users   [  48% ] 1875/1875 VUs  4m21.6s/9m00.0s

running (4m22.6s), 1875/1875 VUs, 57979 complete and 0 interrupted iterations
users   [  49% ] 1875/1875 VUs  4m22.6s/9m00.0s

running (4m23.6s), 1875/1875 VUs, 58174 complete and 0 interrupted iterations
users   [  49% ] 1875/1875 VUs  4m23.6s/9m00.0s

running (4m24.6s), 1875/1875 VUs, 58388 complete and 0 interrupted iterations
users   [  49% ] 1875/1875 VUs  4m24.6s/9m00.0s

running (4m25.6s), 1875/1875 VUs, 58565 complete and 0 interrupted iterations
users   [  49% ] 1875/1875 VUs  4m25.6s/9m00.0s

running (4m26.6s), 1875/1875 VUs, 58788 complete and 0 interrupted iterations
users   [  49% ] 1875/1875 VUs  4m26.6s/9m00.0s

running (4m27.6s), 1875/1875 VUs, 58997 complete and 0 interrupted iterations
users   [  50% ] 1875/1875 VUs  4m27.6s/9m00.0s

running (4m28.6s), 1875/1875 VUs, 59197 complete and 0 interrupted iterations
users   [  50% ] 1875/1875 VUs  4m28.6s/9m00.0s

running (4m29.6s), 1875/1875 VUs, 59389 complete and 0 interrupted iterations
users   [  50% ] 1875/1875 VUs  4m29.6s/9m00.0s

running (4m30.6s), 1875/1875 VUs, 59570 complete and 0 interrupted iterations
users   [  50% ] 1875/1875 VUs  4m30.6s/9m00.0s

running (4m31.6s), 1875/1875 VUs, 59739 complete and 0 interrupted iterations
users   [  50% ] 1875/1875 VUs  4m31.6s/9m00.0s

running (4m32.6s), 1875/1875 VUs, 59944 complete and 0 interrupted iterations
users   [  50% ] 1875/1875 VUs  4m32.6s/9m00.0s

running (4m33.6s), 1875/1875 VUs, 60155 complete and 0 interrupted iterations
users   [  51% ] 1875/1875 VUs  4m33.6s/9m00.0s

running (4m34.6s), 1875/1875 VUs, 60368 complete and 0 interrupted iterations
users   [  51% ] 1875/1875 VUs  4m34.6s/9m00.0s

running (4m35.6s), 1875/1875 VUs, 60555 complete and 0 interrupted iterations
users   [  51% ] 1875/1875 VUs  4m35.6s/9m00.0s

running (4m36.6s), 1875/1875 VUs, 60718 complete and 0 interrupted iterations
users   [  51% ] 1875/1875 VUs  4m36.6s/9m00.0s

running (4m37.6s), 1875/1875 VUs, 60912 complete and 0 interrupted iterations
users   [  51% ] 1875/1875 VUs  4m37.6s/9m00.0s

running (4m38.6s), 1875/1875 VUs, 61111 complete and 0 interrupted iterations
users   [  52% ] 1875/1875 VUs  4m38.6s/9m00.0s

running (4m39.6s), 1875/1875 VUs, 61314 complete and 0 interrupted iterations
users   [  52% ] 1875/1875 VUs  4m39.6s/9m00.0s

running (4m40.6s), 1875/1875 VUs, 61470 complete and 0 interrupted iterations
users   [  52% ] 1875/1875 VUs  4m40.6s/9m00.0s

running (4m41.6s), 1875/1875 VUs, 61662 complete and 0 interrupted iterations
users   [  52% ] 1875/1875 VUs  4m41.6s/9m00.0s

running (4m42.6s), 1875/1875 VUs, 61847 complete and 0 interrupted iterations
users   [  52% ] 1875/1875 VUs  4m42.6s/9m00.0s

running (4m43.6s), 1875/1875 VUs, 62052 complete and 0 interrupted iterations
users   [  53% ] 1875/1875 VUs  4m43.6s/9m00.0s

running (4m44.6s), 1875/1875 VUs, 62260 complete and 0 interrupted iterations
users   [  53% ] 1875/1875 VUs  4m44.6s/9m00.0s

running (4m45.6s), 1875/1875 VUs, 62458 complete and 0 interrupted iterations
users   [  53% ] 1875/1875 VUs  4m45.6s/9m00.0s

running (4m46.6s), 1875/1875 VUs, 62640 complete and 0 interrupted iterations
users   [  53% ] 1875/1875 VUs  4m46.6s/9m00.0s

running (4m47.6s), 1875/1875 VUs, 62688 complete and 0 interrupted iterations
users   [  53% ] 1875/1875 VUs  4m47.6s/9m00.0s

running (4m48.6s), 1875/1875 VUs, 62720 complete and 0 interrupted iterations
users   [  53% ] 1875/1875 VUs  4m48.6s/9m00.0s

running (4m49.6s), 1875/1875 VUs, 62887 complete and 0 interrupted iterations
users   [  54% ] 1875/1875 VUs  4m49.6s/9m00.0s

running (4m50.6s), 1875/1875 VUs, 63083 complete and 0 interrupted iterations
users   [  54% ] 1875/1875 VUs  4m50.6s/9m00.0s

running (4m51.6s), 1875/1875 VUs, 63261 complete and 0 interrupted iterations
users   [  54% ] 1875/1875 VUs  4m51.6s/9m00.0s

running (4m52.6s), 1875/1875 VUs, 63425 complete and 0 interrupted iterations
users   [  54% ] 1875/1875 VUs  4m52.6s/9m00.0s

running (4m53.6s), 1875/1875 VUs, 63630 complete and 0 interrupted iterations
users   [  54% ] 1875/1875 VUs  4m53.6s/9m00.0s

running (4m54.6s), 1875/1875 VUs, 63808 complete and 0 interrupted iterations
users   [  55% ] 1875/1875 VUs  4m54.6s/9m00.0s

running (4m55.6s), 1875/1875 VUs, 64020 complete and 0 interrupted iterations
users   [  55% ] 1875/1875 VUs  4m55.6s/9m00.0s

running (4m56.7s), 1875/1875 VUs, 64222 complete and 0 interrupted iterations
users   [  55% ] 1875/1875 VUs  4m56.7s/9m00.0s

running (4m57.6s), 1875/1875 VUs, 64417 complete and 0 interrupted iterations
users   [  55% ] 1875/1875 VUs  4m57.6s/9m00.0s

running (4m58.6s), 1875/1875 VUs, 64623 complete and 0 interrupted iterations
users   [  55% ] 1875/1875 VUs  4m58.6s/9m00.0s

running (4m59.6s), 1875/1875 VUs, 64831 complete and 0 interrupted iterations
users   [  55% ] 1875/1875 VUs  4m59.6s/9m00.0s

running (5m00.6s), 1875/1875 VUs, 65024 complete and 0 interrupted iterations
users   [  56% ] 1875/1875 VUs  5m00.6s/9m00.0s

running (5m01.6s), 1875/1875 VUs, 65242 complete and 0 interrupted iterations
users   [  56% ] 1875/1875 VUs  5m01.6s/9m00.0s

running (5m02.6s), 1875/1875 VUs, 65448 complete and 0 interrupted iterations
users   [  56% ] 1875/1875 VUs  5m02.6s/9m00.0s

running (5m03.6s), 1875/1875 VUs, 65663 complete and 0 interrupted iterations
users   [  56% ] 1875/1875 VUs  5m03.6s/9m00.0s

running (5m04.6s), 1875/1875 VUs, 65875 complete and 0 interrupted iterations
users   [  56% ] 1875/1875 VUs  5m04.6s/9m00.0s

running (5m05.6s), 1875/1875 VUs, 66062 complete and 0 interrupted iterations
users   [  57% ] 1875/1875 VUs  5m05.6s/9m00.0s

running (5m06.6s), 1875/1875 VUs, 66261 complete and 0 interrupted iterations
users   [  57% ] 1875/1875 VUs  5m06.6s/9m00.0s

running (5m07.6s), 1875/1875 VUs, 66454 complete and 0 interrupted iterations
users   [  57% ] 1875/1875 VUs  5m07.6s/9m00.0s

running (5m08.6s), 1875/1875 VUs, 66645 complete and 0 interrupted iterations
users   [  57% ] 1875/1875 VUs  5m08.6s/9m00.0s

running (5m09.6s), 1875/1875 VUs, 66838 complete and 0 interrupted iterations
users   [  57% ] 1875/1875 VUs  5m09.6s/9m00.0s

running (5m10.6s), 1875/1875 VUs, 67006 complete and 0 interrupted iterations
users   [  58% ] 1875/1875 VUs  5m10.6s/9m00.0s

running (5m11.6s), 1875/1875 VUs, 67165 complete and 0 interrupted iterations
users   [  58% ] 1875/1875 VUs  5m11.6s/9m00.0s

running (5m12.6s), 1875/1875 VUs, 67349 complete and 0 interrupted iterations
users   [  58% ] 1875/1875 VUs  5m12.6s/9m00.0s

running (5m13.6s), 1875/1875 VUs, 67542 complete and 0 interrupted iterations
users   [  58% ] 1875/1875 VUs  5m13.6s/9m00.0s

running (5m14.6s), 1875/1875 VUs, 67697 complete and 0 interrupted iterations
users   [  58% ] 1875/1875 VUs  5m14.6s/9m00.0s

running (5m15.6s), 1875/1875 VUs, 67888 complete and 0 interrupted iterations
users   [  58% ] 1875/1875 VUs  5m15.6s/9m00.0s

running (5m16.6s), 1875/1875 VUs, 68070 complete and 0 interrupted iterations
users   [  59% ] 1875/1875 VUs  5m16.6s/9m00.0s

running (5m17.6s), 1875/1875 VUs, 68195 complete and 0 interrupted iterations
users   [  59% ] 1875/1875 VUs  5m17.6s/9m00.0s

running (5m18.6s), 1875/1875 VUs, 68383 complete and 0 interrupted iterations
users   [  59% ] 1875/1875 VUs  5m18.6s/9m00.0s

running (5m19.6s), 1875/1875 VUs, 68575 complete and 0 interrupted iterations
users   [  59% ] 1875/1875 VUs  5m19.6s/9m00.0s

running (5m20.6s), 1875/1875 VUs, 68747 complete and 0 interrupted iterations
users   [  59% ] 1875/1875 VUs  5m20.6s/9m00.0s

running (5m21.6s), 1875/1875 VUs, 68962 complete and 0 interrupted iterations
users   [  60% ] 1875/1875 VUs  5m21.6s/9m00.0s

running (5m22.6s), 1875/1875 VUs, 69151 complete and 0 interrupted iterations
users   [  60% ] 1875/1875 VUs  5m22.6s/9m00.0s

running (5m23.6s), 1875/1875 VUs, 69346 complete and 0 interrupted iterations
users   [  60% ] 1875/1875 VUs  5m23.6s/9m00.0s

running (5m24.6s), 1875/1875 VUs, 69512 complete and 0 interrupted iterations
users   [  60% ] 1875/1875 VUs  5m24.6s/9m00.0s

running (5m25.6s), 1875/1875 VUs, 69713 complete and 0 interrupted iterations
users   [  60% ] 1875/1875 VUs  5m25.6s/9m00.0s

running (5m26.6s), 1875/1875 VUs, 69919 complete and 0 interrupted iterations
users   [  60% ] 1875/1875 VUs  5m26.6s/9m00.0s

running (5m27.6s), 1875/1875 VUs, 70130 complete and 0 interrupted iterations
users   [  61% ] 1875/1875 VUs  5m27.6s/9m00.0s

running (5m28.6s), 1875/1875 VUs, 70348 complete and 0 interrupted iterations
users   [  61% ] 1875/1875 VUs  5m28.6s/9m00.0s

running (5m29.6s), 1875/1875 VUs, 70534 complete and 0 interrupted iterations
users   [  61% ] 1875/1875 VUs  5m29.6s/9m00.0s

running (5m30.6s), 1875/1875 VUs, 70753 complete and 0 interrupted iterations
users   [  61% ] 1875/1875 VUs  5m30.6s/9m00.0s

running (5m31.6s), 1875/1875 VUs, 70965 complete and 0 interrupted iterations
users   [  61% ] 1875/1875 VUs  5m31.6s/9m00.0s

running (5m32.6s), 1875/1875 VUs, 71162 complete and 0 interrupted iterations
users   [  62% ] 1875/1875 VUs  5m32.6s/9m00.0s

running (5m33.6s), 1875/1875 VUs, 71332 complete and 0 interrupted iterations
users   [  62% ] 1875/1875 VUs  5m33.6s/9m00.0s

running (5m34.6s), 1875/1875 VUs, 71517 complete and 0 interrupted iterations
users   [  62% ] 1875/1875 VUs  5m34.6s/9m00.0s

running (5m35.6s), 1875/1875 VUs, 71702 complete and 0 interrupted iterations
users   [  62% ] 1875/1875 VUs  5m35.6s/9m00.0s

running (5m36.6s), 1875/1875 VUs, 71876 complete and 0 interrupted iterations
users   [  62% ] 1875/1875 VUs  5m36.6s/9m00.0s

running (5m37.6s), 1875/1875 VUs, 72086 complete and 0 interrupted iterations
users   [  63% ] 1875/1875 VUs  5m37.6s/9m00.0s

running (5m38.6s), 1875/1875 VUs, 72300 complete and 0 interrupted iterations
users   [  63% ] 1875/1875 VUs  5m38.6s/9m00.0s

running (5m39.6s), 1875/1875 VUs, 72506 complete and 0 interrupted iterations
users   [  63% ] 1875/1875 VUs  5m39.6s/9m00.0s

running (5m40.6s), 1875/1875 VUs, 72675 complete and 0 interrupted iterations
users   [  63% ] 1875/1875 VUs  5m40.6s/9m00.0s

running (5m41.6s), 1875/1875 VUs, 72870 complete and 0 interrupted iterations
users   [  63% ] 1875/1875 VUs  5m41.6s/9m00.0s

running (5m42.6s), 1875/1875 VUs, 73059 complete and 0 interrupted iterations
users   [  63% ] 1875/1875 VUs  5m42.6s/9m00.0s

running (5m43.6s), 1875/1875 VUs, 73257 complete and 0 interrupted iterations
users   [  64% ] 1875/1875 VUs  5m43.6s/9m00.0s

running (5m44.6s), 1875/1875 VUs, 73440 complete and 0 interrupted iterations
users   [  64% ] 1875/1875 VUs  5m44.6s/9m00.0s

running (5m45.6s), 1875/1875 VUs, 73647 complete and 0 interrupted iterations
users   [  64% ] 1875/1875 VUs  5m45.6s/9m00.0s

running (5m46.6s), 1875/1875 VUs, 73839 complete and 0 interrupted iterations
users   [  64% ] 1875/1875 VUs  5m46.6s/9m00.0s

running (5m47.6s), 1875/1875 VUs, 74008 complete and 0 interrupted iterations
users   [  64% ] 1875/1875 VUs  5m47.6s/9m00.0s

running (5m48.6s), 1875/1875 VUs, 74213 complete and 0 interrupted iterations
users   [  65% ] 1875/1875 VUs  5m48.6s/9m00.0s

running (5m49.6s), 1875/1875 VUs, 74407 complete and 0 interrupted iterations
users   [  65% ] 1875/1875 VUs  5m49.6s/9m00.0s

running (5m50.6s), 1875/1875 VUs, 74615 complete and 0 interrupted iterations
users   [  65% ] 1875/1875 VUs  5m50.6s/9m00.0s

running (5m51.6s), 1875/1875 VUs, 74795 complete and 0 interrupted iterations
users   [  65% ] 1875/1875 VUs  5m51.6s/9m00.0s

running (5m52.6s), 1875/1875 VUs, 74998 complete and 0 interrupted iterations
users   [  65% ] 1875/1875 VUs  5m52.6s/9m00.0s

running (5m53.6s), 1875/1875 VUs, 75145 complete and 0 interrupted iterations
users   [  65% ] 1875/1875 VUs  5m53.6s/9m00.0s

running (5m54.6s), 1875/1875 VUs, 75361 complete and 0 interrupted iterations
users   [  66% ] 1875/1875 VUs  5m54.6s/9m00.0s

running (5m55.6s), 1875/1875 VUs, 75525 complete and 0 interrupted iterations
users   [  66% ] 1875/1875 VUs  5m55.6s/9m00.0s

running (5m56.6s), 1875/1875 VUs, 75731 complete and 0 interrupted iterations
users   [  66% ] 1875/1875 VUs  5m56.6s/9m00.0s

running (5m57.6s), 1875/1875 VUs, 75945 complete and 0 interrupted iterations
users   [  66% ] 1875/1875 VUs  5m57.6s/9m00.0s

running (5m58.6s), 1875/1875 VUs, 76130 complete and 0 interrupted iterations
users   [  66% ] 1875/1875 VUs  5m58.6s/9m00.0s

running (5m59.6s), 1875/1875 VUs, 76320 complete and 0 interrupted iterations
users   [  67% ] 1875/1875 VUs  5m59.6s/9m00.0s

running (6m00.6s), 1875/1875 VUs, 76538 complete and 0 interrupted iterations
users   [  67% ] 1875/1875 VUs  6m00.6s/9m00.0s

running (6m01.6s), 1875/1875 VUs, 76748 complete and 0 interrupted iterations
users   [  67% ] 1875/1875 VUs  6m01.6s/9m00.0s

running (6m02.6s), 1875/1875 VUs, 76905 complete and 0 interrupted iterations
users   [  67% ] 1875/1875 VUs  6m02.6s/9m00.0s

running (6m03.6s), 1875/1875 VUs, 77074 complete and 0 interrupted iterations
users   [  67% ] 1875/1875 VUs  6m03.6s/9m00.0s

running (6m04.6s), 1875/1875 VUs, 77258 complete and 0 interrupted iterations
users   [  68% ] 1875/1875 VUs  6m04.6s/9m00.0s

running (6m05.6s), 1875/1875 VUs, 77446 complete and 0 interrupted iterations
users   [  68% ] 1875/1875 VUs  6m05.6s/9m00.0s

running (6m06.6s), 1875/1875 VUs, 77599 complete and 0 interrupted iterations
users   [  68% ] 1875/1875 VUs  6m06.6s/9m00.0s

running (6m07.6s), 1875/1875 VUs, 77793 complete and 0 interrupted iterations
users   [  68% ] 1875/1875 VUs  6m07.6s/9m00.0s

running (6m08.6s), 1875/1875 VUs, 78005 complete and 0 interrupted iterations
users   [  68% ] 1875/1875 VUs  6m08.6s/9m00.0s

running (6m09.6s), 1875/1875 VUs, 78204 complete and 0 interrupted iterations
users   [  68% ] 1875/1875 VUs  6m09.6s/9m00.0s

running (6m10.6s), 1875/1875 VUs, 78384 complete and 0 interrupted iterations
users   [  69% ] 1875/1875 VUs  6m10.6s/9m00.0s

running (6m11.6s), 1875/1875 VUs, 78596 complete and 0 interrupted iterations
users   [  69% ] 1875/1875 VUs  6m11.6s/9m00.0s

running (6m12.6s), 1875/1875 VUs, 78797 complete and 0 interrupted iterations
users   [  69% ] 1875/1875 VUs  6m12.6s/9m00.0s

running (6m13.6s), 1875/1875 VUs, 78968 complete and 0 interrupted iterations
users   [  69% ] 1875/1875 VUs  6m13.6s/9m00.0s

running (6m14.6s), 1875/1875 VUs, 79162 complete and 0 interrupted iterations
users   [  69% ] 1875/1875 VUs  6m14.6s/9m00.0s

running (6m15.6s), 1875/1875 VUs, 79358 complete and 0 interrupted iterations
users   [  70% ] 1875/1875 VUs  6m15.6s/9m00.0s

running (6m16.6s), 1875/1875 VUs, 79572 complete and 0 interrupted iterations
users   [  70% ] 1875/1875 VUs  6m16.6s/9m00.0s

running (6m17.6s), 1875/1875 VUs, 79753 complete and 0 interrupted iterations
users   [  70% ] 1875/1875 VUs  6m17.6s/9m00.0s

running (6m18.6s), 1875/1875 VUs, 79964 complete and 0 interrupted iterations
users   [  70% ] 1875/1875 VUs  6m18.6s/9m00.0s

running (6m19.6s), 1875/1875 VUs, 80159 complete and 0 interrupted iterations
users   [  70% ] 1875/1875 VUs  6m19.6s/9m00.0s

running (6m20.6s), 1875/1875 VUs, 80343 complete and 0 interrupted iterations
users   [  70% ] 1875/1875 VUs  6m20.6s/9m00.0s

running (6m21.6s), 1875/1875 VUs, 80554 complete and 0 interrupted iterations
users   [  71% ] 1875/1875 VUs  6m21.6s/9m00.0s

running (6m22.6s), 1875/1875 VUs, 80748 complete and 0 interrupted iterations
users   [  71% ] 1875/1875 VUs  6m22.6s/9m00.0s

running (6m23.6s), 1875/1875 VUs, 80942 complete and 0 interrupted iterations
users   [  71% ] 1875/1875 VUs  6m23.6s/9m00.0s

running (6m24.6s), 1875/1875 VUs, 81135 complete and 0 interrupted iterations
users   [  71% ] 1875/1875 VUs  6m24.6s/9m00.0s

running (6m25.6s), 1875/1875 VUs, 81323 complete and 0 interrupted iterations
users   [  71% ] 1875/1875 VUs  6m25.6s/9m00.0s

running (6m26.6s), 1875/1875 VUs, 81497 complete and 0 interrupted iterations
users   [  72% ] 1875/1875 VUs  6m26.6s/9m00.0s

running (6m27.6s), 1875/1875 VUs, 81676 complete and 0 interrupted iterations
users   [  72% ] 1875/1875 VUs  6m27.6s/9m00.0s

running (6m28.6s), 1875/1875 VUs, 81689 complete and 0 interrupted iterations
users   [  72% ] 1875/1875 VUs  6m28.6s/9m00.0s

running (6m29.6s), 1875/1875 VUs, 81736 complete and 0 interrupted iterations
users   [  72% ] 1875/1875 VUs  6m29.6s/9m00.0s

running (6m30.6s), 1875/1875 VUs, 81938 complete and 0 interrupted iterations
users   [  72% ] 1875/1875 VUs  6m30.6s/9m00.0s

running (6m31.6s), 1875/1875 VUs, 82129 complete and 0 interrupted iterations
users   [  73% ] 1875/1875 VUs  6m31.6s/9m00.0s

running (6m32.6s), 1875/1875 VUs, 82317 complete and 0 interrupted iterations
users   [  73% ] 1875/1875 VUs  6m32.6s/9m00.0s

running (6m33.6s), 1875/1875 VUs, 82518 complete and 0 interrupted iterations
users   [  73% ] 1875/1875 VUs  6m33.6s/9m00.0s

running (6m34.6s), 1875/1875 VUs, 82709 complete and 0 interrupted iterations
users   [  73% ] 1875/1875 VUs  6m34.6s/9m00.0s

running (6m35.6s), 1875/1875 VUs, 82889 complete and 0 interrupted iterations
users   [  73% ] 1875/1875 VUs  6m35.6s/9m00.0s

running (6m36.6s), 1875/1875 VUs, 83097 complete and 0 interrupted iterations
users   [  73% ] 1875/1875 VUs  6m36.6s/9m00.0s

running (6m37.6s), 1875/1875 VUs, 83302 complete and 0 interrupted iterations
users   [  74% ] 1875/1875 VUs  6m37.6s/9m00.0s

running (6m38.6s), 1875/1875 VUs, 83506 complete and 0 interrupted iterations
users   [  74% ] 1875/1875 VUs  6m38.6s/9m00.0s

running (6m39.6s), 1875/1875 VUs, 83676 complete and 0 interrupted iterations
users   [  74% ] 1875/1875 VUs  6m39.6s/9m00.0s

running (6m40.6s), 1875/1875 VUs, 83886 complete and 0 interrupted iterations
users   [  74% ] 1875/1875 VUs  6m40.6s/9m00.0s

running (6m41.6s), 1875/1875 VUs, 84080 complete and 0 interrupted iterations
users   [  74% ] 1875/1875 VUs  6m41.6s/9m00.0s

running (6m42.6s), 1875/1875 VUs, 84257 complete and 0 interrupted iterations
users   [  75% ] 1875/1875 VUs  6m42.6s/9m00.0s

running (6m43.6s), 1875/1875 VUs, 84443 complete and 0 interrupted iterations
users   [  75% ] 1875/1875 VUs  6m43.6s/9m00.0s

running (6m44.6s), 1875/1875 VUs, 84630 complete and 0 interrupted iterations
users   [  75% ] 1875/1875 VUs  6m44.6s/9m00.0s

running (6m45.6s), 1875/1875 VUs, 84828 complete and 0 interrupted iterations
users   [  75% ] 1875/1875 VUs  6m45.6s/9m00.0s

running (6m46.6s), 1875/1875 VUs, 85003 complete and 0 interrupted iterations
users   [  75% ] 1875/1875 VUs  6m46.6s/9m00.0s

running (6m47.6s), 1875/1875 VUs, 85190 complete and 0 interrupted iterations
users   [  75% ] 1875/1875 VUs  6m47.6s/9m00.0s

running (6m48.6s), 1875/1875 VUs, 85364 complete and 0 interrupted iterations
users   [  76% ] 1875/1875 VUs  6m48.6s/9m00.0s

running (6m49.6s), 1875/1875 VUs, 85565 complete and 0 interrupted iterations
users   [  76% ] 1875/1875 VUs  6m49.6s/9m00.0s

running (6m50.6s), 1875/1875 VUs, 85735 complete and 0 interrupted iterations
users   [  76% ] 1875/1875 VUs  6m50.6s/9m00.0s

running (6m51.6s), 1875/1875 VUs, 85926 complete and 0 interrupted iterations
users   [  76% ] 1875/1875 VUs  6m51.6s/9m00.0s

running (6m52.6s), 1875/1875 VUs, 86119 complete and 0 interrupted iterations
users   [  76% ] 1875/1875 VUs  6m52.6s/9m00.0s

running (6m53.6s), 1875/1875 VUs, 86321 complete and 0 interrupted iterations
users   [  77% ] 1875/1875 VUs  6m53.6s/9m00.0s

running (6m54.6s), 1875/1875 VUs, 86499 complete and 0 interrupted iterations
users   [  77% ] 1875/1875 VUs  6m54.6s/9m00.0s

running (6m55.6s), 1875/1875 VUs, 86688 complete and 0 interrupted iterations
users   [  77% ] 1875/1875 VUs  6m55.6s/9m00.0s

running (6m56.6s), 1875/1875 VUs, 86872 complete and 0 interrupted iterations
users   [  77% ] 1875/1875 VUs  6m56.6s/9m00.0s

running (6m57.6s), 1875/1875 VUs, 87053 complete and 0 interrupted iterations
users   [  77% ] 1875/1875 VUs  6m57.6s/9m00.0s

running (6m58.6s), 1875/1875 VUs, 87270 complete and 0 interrupted iterations
users   [  78% ] 1875/1875 VUs  6m58.6s/9m00.0s

running (6m59.6s), 1875/1875 VUs, 87471 complete and 0 interrupted iterations
users   [  78% ] 1875/1875 VUs  6m59.6s/9m00.0s

running (7m00.6s), 1875/1875 VUs, 87661 complete and 0 interrupted iterations
users   [  78% ] 1875/1875 VUs  7m00.6s/9m00.0s

running (7m01.6s), 1875/1875 VUs, 87836 complete and 0 interrupted iterations
users   [  78% ] 1875/1875 VUs  7m01.6s/9m00.0s

running (7m02.6s), 1870/1875 VUs, 88042 complete and 0 interrupted iterations
users   [  78% ] 1870/1875 VUs  7m02.6s/9m00.0s

running (7m03.6s), 1864/1875 VUs, 88240 complete and 0 interrupted iterations
users   [  78% ] 1864/1875 VUs  7m03.6s/9m00.0s

running (7m04.6s), 1856/1875 VUs, 88428 complete and 0 interrupted iterations
users   [  79% ] 1856/1875 VUs  7m04.6s/9m00.0s

running (7m05.6s), 1851/1875 VUs, 88626 complete and 0 interrupted iterations
users   [  79% ] 1851/1875 VUs  7m05.6s/9m00.0s

running (7m06.6s), 1836/1875 VUs, 88850 complete and 0 interrupted iterations
users   [  79% ] 1836/1875 VUs  7m06.6s/9m00.0s

running (7m07.6s), 1830/1875 VUs, 89065 complete and 0 interrupted iterations
users   [  79% ] 1830/1875 VUs  7m07.6s/9m00.0s

running (7m08.6s), 1827/1875 VUs, 89235 complete and 0 interrupted iterations
users   [  79% ] 1827/1875 VUs  7m08.6s/9m00.0s

running (7m09.6s), 1805/1875 VUs, 89428 complete and 0 interrupted iterations
users   [  80% ] 1805/1875 VUs  7m09.6s/9m00.0s

running (7m10.6s), 1791/1875 VUs, 89626 complete and 0 interrupted iterations
users   [  80% ] 1791/1875 VUs  7m10.6s/9m00.0s

running (7m11.6s), 1764/1875 VUs, 89831 complete and 0 interrupted iterations
users   [  80% ] 1764/1875 VUs  7m11.6s/9m00.0s

running (7m12.6s), 1746/1875 VUs, 90005 complete and 0 interrupted iterations
users   [  80% ] 1746/1875 VUs  7m12.6s/9m00.0s

running (7m13.6s), 1733/1875 VUs, 90207 complete and 0 interrupted iterations
users   [  80% ] 1733/1875 VUs  7m13.6s/9m00.0s

running (7m14.6s), 1714/1875 VUs, 90425 complete and 0 interrupted iterations
users   [  80% ] 1714/1875 VUs  7m14.6s/9m00.0s

running (7m15.6s), 1704/1875 VUs, 90606 complete and 0 interrupted iterations
users   [  81% ] 1704/1875 VUs  7m15.6s/9m00.0s

running (7m16.6s), 1688/1875 VUs, 90813 complete and 0 interrupted iterations
users   [  81% ] 1688/1875 VUs  7m16.6s/9m00.0s

running (7m17.6s), 1677/1875 VUs, 91008 complete and 0 interrupted iterations
users   [  81% ] 1677/1875 VUs  7m17.6s/9m00.0s

running (7m18.6s), 1665/1875 VUs, 91200 complete and 0 interrupted iterations
users   [  81% ] 1665/1875 VUs  7m18.6s/9m00.0s

running (7m19.6s), 1651/1875 VUs, 91367 complete and 0 interrupted iterations
users   [  81% ] 1651/1875 VUs  7m19.6s/9m00.0s

running (7m20.6s), 1634/1875 VUs, 91584 complete and 0 interrupted iterations
users   [  82% ] 1634/1875 VUs  7m20.6s/9m00.0s

running (7m21.6s), 1615/1875 VUs, 91793 complete and 0 interrupted iterations
users   [  82% ] 1615/1875 VUs  7m21.6s/9m00.0s

running (7m22.6s), 1591/1875 VUs, 91991 complete and 0 interrupted iterations
users   [  82% ] 1591/1875 VUs  7m22.6s/9m00.0s

running (7m23.6s), 1571/1875 VUs, 92174 complete and 0 interrupted iterations
users   [  82% ] 1571/1875 VUs  7m23.6s/9m00.0s

running (7m24.6s), 1555/1875 VUs, 92372 complete and 0 interrupted iterations
users   [  82% ] 1555/1875 VUs  7m24.6s/9m00.0s

running (7m25.6s), 1537/1875 VUs, 92566 complete and 0 interrupted iterations
users   [  83% ] 1537/1875 VUs  7m25.6s/9m00.0s

running (7m26.6s), 1527/1875 VUs, 92734 complete and 0 interrupted iterations
users   [  83% ] 1527/1875 VUs  7m26.6s/9m00.0s

running (7m27.6s), 1509/1875 VUs, 92911 complete and 0 interrupted iterations
users   [  83% ] 1509/1875 VUs  7m27.6s/9m00.0s

running (7m28.6s), 1494/1875 VUs, 93110 complete and 0 interrupted iterations
users   [  83% ] 1494/1875 VUs  7m28.6s/9m00.0s

running (7m29.6s), 1477/1875 VUs, 93330 complete and 0 interrupted iterations
users   [  83% ] 1477/1875 VUs  7m29.6s/9m00.0s

running (7m30.6s), 1459/1875 VUs, 93518 complete and 0 interrupted iterations
users   [  83% ] 1459/1875 VUs  7m30.6s/9m00.0s

running (7m31.6s), 1442/1875 VUs, 93732 complete and 0 interrupted iterations
users   [  84% ] 1442/1875 VUs  7m31.6s/9m00.0s

running (7m32.6s), 1425/1875 VUs, 93940 complete and 0 interrupted iterations
users   [  84% ] 1425/1875 VUs  7m32.6s/9m00.0s

running (7m33.6s), 1413/1875 VUs, 94104 complete and 0 interrupted iterations
users   [  84% ] 1413/1875 VUs  7m33.6s/9m00.0s

running (7m34.6s), 1401/1875 VUs, 94310 complete and 0 interrupted iterations
users   [  84% ] 1401/1875 VUs  7m34.6s/9m00.0s

running (7m35.6s), 1389/1875 VUs, 94507 complete and 0 interrupted iterations
users   [  84% ] 1389/1875 VUs  7m35.6s/9m00.0s

running (7m36.6s), 1371/1875 VUs, 94699 complete and 0 interrupted iterations
users   [  85% ] 1371/1875 VUs  7m36.6s/9m00.0s

running (7m37.6s), 1360/1875 VUs, 94876 complete and 0 interrupted iterations
users   [  85% ] 1360/1875 VUs  7m37.6s/9m00.0s

running (7m38.6s), 1341/1875 VUs, 95104 complete and 0 interrupted iterations
users   [  85% ] 1341/1875 VUs  7m38.6s/9m00.0s

running (7m39.6s), 1324/1875 VUs, 95288 complete and 0 interrupted iterations
users   [  85% ] 1324/1875 VUs  7m39.6s/9m00.0s

running (7m40.6s), 1304/1875 VUs, 95491 complete and 0 interrupted iterations
users   [  85% ] 1304/1875 VUs  7m40.6s/9m00.0s

running (7m41.6s), 1284/1875 VUs, 95666 complete and 0 interrupted iterations
users   [  85% ] 1284/1875 VUs  7m41.6s/9m00.0s

running (7m42.6s), 1264/1875 VUs, 95873 complete and 0 interrupted iterations
users   [  86% ] 1264/1875 VUs  7m42.6s/9m00.0s

running (7m43.6s), 1251/1875 VUs, 96071 complete and 0 interrupted iterations
users   [  86% ] 1251/1875 VUs  7m43.6s/9m00.0s

running (7m44.6s), 1233/1875 VUs, 96274 complete and 0 interrupted iterations
users   [  86% ] 1233/1875 VUs  7m44.6s/9m00.0s

running (7m45.6s), 1215/1875 VUs, 96489 complete and 0 interrupted iterations
users   [  86% ] 1215/1875 VUs  7m45.6s/9m00.0s

running (7m46.6s), 1201/1875 VUs, 96666 complete and 0 interrupted iterations
users   [  86% ] 1201/1875 VUs  7m46.6s/9m00.0s

running (7m47.6s), 1181/1875 VUs, 96881 complete and 0 interrupted iterations
users   [  87% ] 1181/1875 VUs  7m47.6s/9m00.0s

running (7m48.6s), 1165/1875 VUs, 97091 complete and 0 interrupted iterations
users   [  87% ] 1165/1875 VUs  7m48.6s/9m00.0s

running (7m49.6s), 1154/1875 VUs, 97289 complete and 0 interrupted iterations
users   [  87% ] 1154/1875 VUs  7m49.6s/9m00.0s

running (7m50.6s), 1132/1875 VUs, 97482 complete and 0 interrupted iterations
users   [  87% ] 1132/1875 VUs  7m50.6s/9m00.0s

running (7m51.6s), 1116/1875 VUs, 97697 complete and 0 interrupted iterations
users   [  87% ] 1116/1875 VUs  7m51.6s/9m00.0s

running (7m52.6s), 1098/1875 VUs, 97921 complete and 0 interrupted iterations
users   [  88% ] 1098/1875 VUs  7m52.6s/9m00.0s

running (7m53.6s), 1076/1875 VUs, 98241 complete and 0 interrupted iterations
users   [  88% ] 1076/1875 VUs  7m53.6s/9m00.0s

running (7m54.6s), 1061/1875 VUs, 98436 complete and 0 interrupted iterations
users   [  88% ] 1061/1875 VUs  7m54.6s/9m00.0s

running (7m55.6s), 1046/1875 VUs, 98606 complete and 0 interrupted iterations
users   [  88% ] 1046/1875 VUs  7m55.6s/9m00.0s

running (7m56.6s), 1033/1875 VUs, 98805 complete and 0 interrupted iterations
users   [  88% ] 1033/1875 VUs  7m56.6s/9m00.0s

running (7m57.6s), 1017/1875 VUs, 99007 complete and 0 interrupted iterations
users   [  88% ] 1017/1875 VUs  7m57.6s/9m00.0s

running (7m58.6s), 1005/1875 VUs, 99305 complete and 0 interrupted iterations
users   [  89% ] 1005/1875 VUs  7m58.6s/9m00.0s

running (7m59.6s), 0987/1875 VUs, 99488 complete and 0 interrupted iterations
users   [  89% ] 0987/1875 VUs  7m59.6s/9m00.0s

running (8m00.6s), 0971/1875 VUs, 99638 complete and 0 interrupted iterations
users   [  89% ] 0971/1875 VUs  8m00.6s/9m00.0s

running (8m01.6s), 0954/1875 VUs, 99822 complete and 0 interrupted iterations
users   [  89% ] 0954/1875 VUs  8m01.6s/9m00.0s

running (8m02.6s), 0935/1875 VUs, 100015 complete and 0 interrupted iterations
users   [  89% ] 0935/1875 VUs  8m02.6s/9m00.0s

running (8m03.6s), 0912/1875 VUs, 100296 complete and 0 interrupted iterations
users   [  90% ] 0912/1875 VUs  8m03.6s/9m00.0s

running (8m04.6s), 0897/1875 VUs, 100464 complete and 0 interrupted iterations
users   [  90% ] 0897/1875 VUs  8m04.6s/9m00.0s

running (8m05.6s), 0885/1875 VUs, 100599 complete and 0 interrupted iterations
users   [  90% ] 0885/1875 VUs  8m05.6s/9m00.0s

running (8m06.6s), 0869/1875 VUs, 100767 complete and 0 interrupted iterations
users   [  90% ] 0869/1875 VUs  8m06.6s/9m00.0s

running (8m07.6s), 0859/1875 VUs, 100944 complete and 0 interrupted iterations
users   [  90% ] 0859/1875 VUs  8m07.6s/9m00.0s

running (8m08.6s), 0833/1875 VUs, 101200 complete and 0 interrupted iterations
users   [  90% ] 0833/1875 VUs  8m08.6s/9m00.0s

running (8m09.6s), 0822/1875 VUs, 101351 complete and 0 interrupted iterations
users   [  91% ] 0822/1875 VUs  8m09.6s/9m00.0s

running (8m10.6s), 0812/1875 VUs, 101474 complete and 0 interrupted iterations
users   [  91% ] 0812/1875 VUs  8m10.6s/9m00.0s

running (8m11.6s), 0794/1875 VUs, 101629 complete and 0 interrupted iterations
users   [  91% ] 0794/1875 VUs  8m11.6s/9m00.0s

running (8m12.6s), 0779/1875 VUs, 101793 complete and 0 interrupted iterations
users   [  91% ] 0779/1875 VUs  8m12.6s/9m00.0s

running (8m13.6s), 0761/1875 VUs, 102027 complete and 0 interrupted iterations
users   [  91% ] 0761/1875 VUs  8m13.6s/9m00.0s

running (8m14.6s), 0744/1875 VUs, 102169 complete and 0 interrupted iterations
users   [  92% ] 0744/1875 VUs  8m14.6s/9m00.0s

running (8m15.6s), 0737/1875 VUs, 102285 complete and 0 interrupted iterations
users   [  92% ] 0737/1875 VUs  8m15.6s/9m00.0s

running (8m16.6s), 0722/1875 VUs, 102418 complete and 0 interrupted iterations
users   [  92% ] 0722/1875 VUs  8m16.6s/9m00.0s

running (8m17.6s), 0705/1875 VUs, 102564 complete and 0 interrupted iterations
users   [  92% ] 0705/1875 VUs  8m17.6s/9m00.0s

running (8m18.6s), 0684/1875 VUs, 102777 complete and 0 interrupted iterations
users   [  92% ] 0684/1875 VUs  8m18.6s/9m00.0s

running (8m19.6s), 0669/1875 VUs, 102897 complete and 0 interrupted iterations
users   [  93% ] 0669/1875 VUs  8m19.6s/9m00.0s

running (8m20.6s), 0652/1875 VUs, 103012 complete and 0 interrupted iterations
users   [  93% ] 0652/1875 VUs  8m20.6s/9m00.0s

running (8m21.6s), 0645/1875 VUs, 103135 complete and 0 interrupted iterations
users   [  93% ] 0645/1875 VUs  8m21.6s/9m00.0s

running (8m22.6s), 0634/1875 VUs, 103262 complete and 0 interrupted iterations
users   [  93% ] 0634/1875 VUs  8m22.6s/9m00.0s

running (8m23.6s), 0606/1875 VUs, 103452 complete and 0 interrupted iterations
users   [  93% ] 0606/1875 VUs  8m23.6s/9m00.0s

running (8m24.6s), 0595/1875 VUs, 103559 complete and 0 interrupted iterations
users   [  93% ] 0595/1875 VUs  8m24.6s/9m00.0s

running (8m25.6s), 0580/1875 VUs, 103655 complete and 0 interrupted iterations
users   [  94% ] 0579/1875 VUs  8m25.6s/9m00.0s

running (8m26.6s), 0562/1875 VUs, 103775 complete and 0 interrupted iterations
users   [  94% ] 0562/1875 VUs  8m26.6s/9m00.0s

running (8m27.6s), 0548/1875 VUs, 103890 complete and 0 interrupted iterations
users   [  94% ] 0548/1875 VUs  8m27.6s/9m00.0s

running (8m28.6s), 0524/1875 VUs, 104050 complete and 0 interrupted iterations
users   [  94% ] 0524/1875 VUs  8m28.6s/9m00.0s

running (8m29.6s), 0512/1875 VUs, 104145 complete and 0 interrupted iterations
users   [  94% ] 0512/1875 VUs  8m29.6s/9m00.0s

running (8m30.6s), 0497/1875 VUs, 104227 complete and 0 interrupted iterations
users   [  95% ] 0497/1875 VUs  8m30.6s/9m00.0s

running (8m31.6s), 0482/1875 VUs, 104334 complete and 0 interrupted iterations
users   [  95% ] 0482/1875 VUs  8m31.6s/9m00.0s

running (8m32.6s), 0469/1875 VUs, 104431 complete and 0 interrupted iterations
users   [  95% ] 0469/1875 VUs  8m32.6s/9m00.0s

running (8m33.6s), 0445/1875 VUs, 104566 complete and 0 interrupted iterations
users   [  95% ] 0445/1875 VUs  8m33.6s/9m00.0s

running (8m34.6s), 0428/1875 VUs, 104650 complete and 0 interrupted iterations
users   [  95% ] 0428/1875 VUs  8m34.6s/9m00.0s

running (8m35.6s), 0417/1875 VUs, 104721 complete and 0 interrupted iterations
users   [  95% ] 0417/1875 VUs  8m35.6s/9m00.0s

running (8m36.6s), 0401/1875 VUs, 104811 complete and 0 interrupted iterations
users   [  96% ] 0401/1875 VUs  8m36.6s/9m00.0s

running (8m37.6s), 0386/1875 VUs, 104895 complete and 0 interrupted iterations
users   [  96% ] 0386/1875 VUs  8m37.6s/9m00.0s

running (8m38.6s), 0367/1875 VUs, 105006 complete and 0 interrupted iterations
users   [  96% ] 0367/1875 VUs  8m38.6s/9m00.0s

running (8m39.6s), 0354/1875 VUs, 105077 complete and 0 interrupted iterations
users   [  96% ] 0354/1875 VUs  8m39.6s/9m00.0s

running (8m40.6s), 0340/1875 VUs, 105137 complete and 0 interrupted iterations
users   [  96% ] 0340/1875 VUs  8m40.6s/9m00.0s

running (8m41.6s), 0326/1875 VUs, 105210 complete and 0 interrupted iterations
users   [  97% ] 0326/1875 VUs  8m41.6s/9m00.0s

running (8m42.6s), 0308/1875 VUs, 105277 complete and 0 interrupted iterations
users   [  97% ] 0308/1875 VUs  8m42.6s/9m00.0s

running (8m43.6s), 0291/1875 VUs, 105368 complete and 0 interrupted iterations
users   [  97% ] 0291/1875 VUs  8m43.6s/9m00.0s

running (8m44.6s), 0281/1875 VUs, 105426 complete and 0 interrupted iterations
users   [  97% ] 0281/1875 VUs  8m44.6s/9m00.0s

running (8m45.6s), 0267/1875 VUs, 105473 complete and 0 interrupted iterations
users   [  97% ] 0267/1875 VUs  8m45.6s/9m00.0s

running (8m46.6s), 0254/1875 VUs, 105534 complete and 0 interrupted iterations
users   [  98% ] 0254/1875 VUs  8m46.6s/9m00.0s

running (8m47.6s), 0240/1875 VUs, 105582 complete and 0 interrupted iterations
users   [  98% ] 0240/1875 VUs  8m47.6s/9m00.0s

running (8m48.6s), 0213/1875 VUs, 105657 complete and 0 interrupted iterations
users   [  98% ] 0213/1875 VUs  8m48.6s/9m00.0s

running (8m49.6s), 0197/1875 VUs, 105706 complete and 0 interrupted iterations
users   [  98% ] 0197/1875 VUs  8m49.6s/9m00.0s

running (8m50.6s), 0184/1875 VUs, 105739 complete and 0 interrupted iterations
users   [  98% ] 0184/1875 VUs  8m50.6s/9m00.0s

running (8m51.6s), 0169/1875 VUs, 105786 complete and 0 interrupted iterations
users   [  98% ] 0169/1875 VUs  8m51.6s/9m00.0s

running (8m52.6s), 0160/1875 VUs, 105817 complete and 0 interrupted iterations
users   [  99% ] 0160/1875 VUs  8m52.6s/9m00.0s

running (8m53.6s), 0136/1875 VUs, 105867 complete and 0 interrupted iterations
users   [  99% ] 0136/1875 VUs  8m53.6s/9m00.0s

running (8m54.6s), 0119/1875 VUs, 105902 complete and 0 interrupted iterations
users   [  99% ] 0119/1875 VUs  8m54.6s/9m00.0s

running (8m55.6s), 0108/1875 VUs, 105923 complete and 0 interrupted iterations
users   [  99% ] 0108/1875 VUs  8m55.6s/9m00.0s

running (8m56.6s), 0090/1875 VUs, 105954 complete and 0 interrupted iterations
users   [  99% ] 0090/1875 VUs  8m56.6s/9m00.0s

running (8m57.6s), 0074/1875 VUs, 105976 complete and 0 interrupted iterations
users   [ 100% ] 0074/1875 VUs  8m57.6s/9m00.0s

running (8m58.6s), 0052/1875 VUs, 106003 complete and 0 interrupted iterations
users   [ 100% ] 0052/1875 VUs  8m58.6s/9m00.0s

running (8m59.6s), 0039/1875 VUs, 106020 complete and 0 interrupted iterations
users   [ 100% ] 0039/1875 VUs  8m59.6s/9m00.0s

running (9m00.6s), 0028/1875 VUs, 106031 complete and 0 interrupted iterations
users ↓ [ 100% ] 0034/1875 VUs  9m0s

running (9m01.6s), 0015/1875 VUs, 106044 complete and 0 interrupted iterations
users ↓ [ 100% ] 0034/1875 VUs  9m0s

running (9m02.6s), 0009/1875 VUs, 106050 complete and 0 interrupted iterations
users ↓ [ 100% ] 0034/1875 VUs  9m0s

running (9m03.6s), 0004/1875 VUs, 106055 complete and 0 interrupted iterations
users ↓ [ 100% ] 0034/1875 VUs  9m0s


  █ THRESHOLDS 

    checks{phase:bench}
    ✓ 'rate>0.99' rate=100.00%

    http_req_duration{name:confirm,phase:bench}
    ✗ 'p(95)<200' p(95)=4.59s
    ✗ 'p(99)<600' p(99)=5.43s

    http_req_duration{name:download_expired,phase:bench}
    ✓ 'p(95)<200' p(95)=0s
    ✓ 'p(99)<600' p(99)=0s

    http_req_duration{name:download,phase:bench}
    ✗ 'p(95)<200' p(95)=6.35s
    ✗ 'p(99)<600' p(99)=7.52s

    http_req_duration{name:upload,phase:bench}
    ✗ 'p(95)<200' p(95)=4.63s
    ✗ 'p(99)<600' p(99)=5.45s

    http_req_failed{phase:bench}
    ✓ 'rate<0.01' rate=0.00%

    server_errors{phase:bench}
    ✓ 'rate<0.01' rate=0.00%


  █ TOTAL RESULTS 

    checks_total.......: 108817  200.045525/s
    checks_succeeded...: 100.00% 108817 out of 108817
    checks_failed......: 0.00%   0 out of 108817

    ✓ download as expected
    ✓ upload link 201
    ✓ confirm 200

    CUSTOM
    server_errors.............................: 0.00%  0 out of 108817
      { phase:bench }.........................: 0.00%  0 out of 67028

    HTTP
    http_req_duration.........................: med=2.71s p(95)=5.95s  p(99)=7.16s  avg=2.36s max=13.12s
      { expected_response:true }..............: med=2.71s p(95)=5.95s  p(99)=7.16s  avg=2.36s max=13.12s
      { name:confirm,phase:bench }............: med=3.4s  p(95)=4.59s  p(99)=5.43s  avg=2.64s max=6.65s 
      { name:download_expired,phase:bench }...: med=0s    p(95)=0s     p(99)=0s     avg=0s    max=0s    
      { name:download,phase:bench }...........: med=4.14s p(95)=6.35s  p(99)=7.52s  avg=3.45s max=13.12s
      { name:upload,phase:bench }.............: med=3.43s p(95)=4.63s  p(99)=5.45s  avg=2.65s max=6.29s 
    http_req_failed...........................: 0.00%  0 out of 108817
      { phase:bench }.........................: 0.00%  0 out of 67928
    http_reqs.................................: 108817 200.045525/s

    EXECUTION
    iteration_duration........................: med=7.84s p(95)=11.21s p(99)=13.64s avg=7.48s max=18.33s
    iterations................................: 106059 194.97531/s
    vus.......................................: 4      min=4           max=1875
    vus_max...................................: 1875   min=1875        max=1875

    NETWORK
    data_received.............................: 256 MB 470 kB/s
    data_sent.................................: 88 MB  162 kB/s




running (9m04.0s), 0000/1875 VUs, 106059 complete and 0 interrupted iterations
users ✓ [ 100% ] 0000/1875 VUs  9m0s
time="2026-09-30T10:36:18Z" level=error msg="thresholds on metrics 'http_req_duration{name:confirm,phase:bench}, http_req_duration{name:download,phase:bench}, http_req_duration{name:upload,phase:bench}' have been crossed"
== 1875 users: fail
== resting 120s
== pass 5: 1562 users (passed up to 1250, failed from 1875)
TRUNCATE TABLE
SELECT 10000
ALTER TABLE
UPDATE 10000
INSERT 0 10000
COPY 10000
VACUUM
  expiry   | count 
-----------+-------
 HOURS24   |  3313
 MINUTES15 |  3318
 MINUTES30 |  3369
(3 rows)

 rows  |  table  | indexes |  total  
-------+---------+---------+---------
 10000 | 1112 kB | 1432 kB | 2544 kB
(1 row)

wrote /tmp/seed.csv (10000 files). Copy it to the load generator and run load-file-list.sh.
file list loaded: 10000 files
time="2026-09-30T10:38:20Z" level=info msg="Automatic extension resolution is enabled. The current k6 binary doesn't satisfy all dependencies, it's required to provision a custom binary." deps="k6;k6/x/redis"
time="2026-09-30T10:38:21Z" level=info msg="Using cached k6 binary" artifact_id=d29e86c20dd9a49cb84ea3c41fac5b8b8e524e06 deps="map[k6:v2.3.0 k6/x/redis:v0.4.3]" path=/home/admin/.cache/k6/builds/d29e86c20dd9a49cb84ea3c41fac5b8b8e524e06/k6

         /\      Grafana   /‾‾/  
    /\  /  \     |\  __   /  /   
   /  \/    \    | |/ /  /   ‾‾\ 
  /          \   |   (  |  (‾)  |
 / __________ \  |_|\_\  \_____/ 


     execution: local
        script: /home/admin/Mint-Bench/k6/mint.js
        output: csv (/home/admin/Mint-Bench/bench-sql/results/2026-09-30-0953/vus-1562/k6.csv.gz)

     scenarios: (100.00%) 1 scenario, 1562 max VUs, 9m30s max duration (incl. graceful stop):
              * users: Up to 1562 looping VUs for 9m0s over 3 stages (gracefulRampDown: 30s, gracefulStop: 30s)


running (0m00.7s), 0008/1562 VUs, 0 complete and 0 interrupted iterations
users   [   0% ] 0008/1562 VUs  0m00.7s/9m00.0s

running (0m01.7s), 0021/1562 VUs, 0 complete and 0 interrupted iterations
users   [   0% ] 0021/1562 VUs  0m01.7s/9m00.0s

running (0m02.7s), 0034/1562 VUs, 0 complete and 0 interrupted iterations
users   [   0% ] 0034/1562 VUs  0m02.7s/9m00.0s

running (0m03.7s), 0047/1562 VUs, 0 complete and 0 interrupted iterations
users   [   1% ] 0047/1562 VUs  0m03.7s/9m00.0s

running (0m04.7s), 0060/1562 VUs, 0 complete and 0 interrupted iterations
users   [   1% ] 0060/1562 VUs  0m04.7s/9m00.0s

running (0m05.7s), 0073/1562 VUs, 8 complete and 0 interrupted iterations
users   [   1% ] 0073/1562 VUs  0m05.7s/9m00.0s

running (0m06.7s), 0086/1562 VUs, 21 complete and 0 interrupted iterations
users   [   1% ] 0086/1562 VUs  0m06.7s/9m00.0s

running (0m07.7s), 0099/1562 VUs, 34 complete and 0 interrupted iterations
users   [   1% ] 0099/1562 VUs  0m07.7s/9m00.0s

running (0m08.7s), 0112/1562 VUs, 47 complete and 0 interrupted iterations
users   [   2% ] 0112/1562 VUs  0m08.7s/9m00.0s

running (0m09.7s), 0125/1562 VUs, 59 complete and 0 interrupted iterations
users   [   2% ] 0125/1562 VUs  0m09.7s/9m00.0s

running (0m10.7s), 0138/1562 VUs, 80 complete and 0 interrupted iterations
users   [   2% ] 0138/1562 VUs  0m10.7s/9m00.0s

running (0m11.7s), 0151/1562 VUs, 106 complete and 0 interrupted iterations
users   [   2% ] 0151/1562 VUs  0m11.7s/9m00.0s

running (0m12.7s), 0164/1562 VUs, 132 complete and 0 interrupted iterations
users   [   2% ] 0164/1562 VUs  0m12.7s/9m00.0s

running (0m13.7s), 0178/1562 VUs, 158 complete and 0 interrupted iterations
users   [   3% ] 0178/1562 VUs  0m13.7s/9m00.0s

running (0m14.7s), 0191/1562 VUs, 183 complete and 0 interrupted iterations
users   [   3% ] 0191/1562 VUs  0m14.7s/9m00.0s

running (0m15.7s), 0204/1562 VUs, 216 complete and 0 interrupted iterations
users   [   3% ] 0204/1562 VUs  0m15.7s/9m00.0s

running (0m16.7s), 0217/1562 VUs, 252 complete and 0 interrupted iterations
users   [   3% ] 0217/1562 VUs  0m16.7s/9m00.0s

running (0m17.7s), 0230/1562 VUs, 291 complete and 0 interrupted iterations
users   [   3% ] 0230/1562 VUs  0m17.7s/9m00.0s

running (0m18.7s), 0243/1562 VUs, 332 complete and 0 interrupted iterations
users   [   3% ] 0243/1562 VUs  0m18.7s/9m00.0s

running (0m19.7s), 0256/1562 VUs, 370 complete and 0 interrupted iterations
users   [   4% ] 0256/1562 VUs  0m19.7s/9m00.0s

running (0m20.7s), 0269/1562 VUs, 418 complete and 0 interrupted iterations
users   [   4% ] 0269/1562 VUs  0m20.7s/9m00.0s

running (0m21.7s), 0282/1562 VUs, 465 complete and 0 interrupted iterations
users   [   4% ] 0282/1562 VUs  0m21.7s/9m00.0s

running (0m22.7s), 0295/1562 VUs, 516 complete and 0 interrupted iterations
users   [   4% ] 0295/1562 VUs  0m22.7s/9m00.0s

running (0m23.7s), 0308/1562 VUs, 572 complete and 0 interrupted iterations
users   [   4% ] 0308/1562 VUs  0m23.7s/9m00.0s

running (0m24.7s), 0321/1562 VUs, 622 complete and 0 interrupted iterations
users   [   5% ] 0321/1562 VUs  0m24.7s/9m00.0s

running (0m25.7s), 0334/1562 VUs, 687 complete and 0 interrupted iterations
users   [   5% ] 0334/1562 VUs  0m25.7s/9m00.0s

running (0m26.7s), 0347/1562 VUs, 746 complete and 0 interrupted iterations
users   [   5% ] 0347/1562 VUs  0m26.7s/9m00.0s

running (0m27.7s), 0360/1562 VUs, 809 complete and 0 interrupted iterations
users   [   5% ] 0360/1562 VUs  0m27.7s/9m00.0s

running (0m28.7s), 0373/1562 VUs, 873 complete and 0 interrupted iterations
users   [   5% ] 0373/1562 VUs  0m28.7s/9m00.0s

running (0m29.7s), 0386/1562 VUs, 939 complete and 0 interrupted iterations
users   [   5% ] 0386/1562 VUs  0m29.7s/9m00.0s

running (0m30.7s), 0399/1562 VUs, 1018 complete and 0 interrupted iterations
users   [   6% ] 0399/1562 VUs  0m30.7s/9m00.0s

running (0m31.7s), 0412/1562 VUs, 1090 complete and 0 interrupted iterations
users   [   6% ] 0412/1562 VUs  0m31.7s/9m00.0s

running (0m32.7s), 0425/1562 VUs, 1166 complete and 0 interrupted iterations
users   [   6% ] 0425/1562 VUs  0m32.7s/9m00.0s

running (0m33.7s), 0438/1562 VUs, 1242 complete and 0 interrupted iterations
users   [   6% ] 0438/1562 VUs  0m33.7s/9m00.0s

running (0m34.7s), 0451/1562 VUs, 1319 complete and 0 interrupted iterations
users   [   6% ] 0451/1562 VUs  0m34.7s/9m00.0s

running (0m35.7s), 0464/1562 VUs, 1413 complete and 0 interrupted iterations
users   [   7% ] 0464/1562 VUs  0m35.7s/9m00.0s

running (0m36.7s), 0477/1562 VUs, 1499 complete and 0 interrupted iterations
users   [   7% ] 0477/1562 VUs  0m36.7s/9m00.0s

running (0m37.7s), 0490/1562 VUs, 1583 complete and 0 interrupted iterations
users   [   7% ] 0490/1562 VUs  0m37.7s/9m00.0s

running (0m38.7s), 0503/1562 VUs, 1675 complete and 0 interrupted iterations
users   [   7% ] 0503/1562 VUs  0m38.7s/9m00.0s

running (0m39.7s), 0516/1562 VUs, 1768 complete and 0 interrupted iterations
users   [   7% ] 0516/1562 VUs  0m39.7s/9m00.0s

running (0m40.7s), 0529/1562 VUs, 1876 complete and 0 interrupted iterations
users   [   8% ] 0529/1562 VUs  0m40.7s/9m00.0s

running (0m41.7s), 0542/1562 VUs, 1974 complete and 0 interrupted iterations
users   [   8% ] 0542/1562 VUs  0m41.7s/9m00.0s

running (0m42.7s), 0555/1562 VUs, 2070 complete and 0 interrupted iterations
users   [   8% ] 0555/1562 VUs  0m42.7s/9m00.0s

running (0m43.7s), 0568/1562 VUs, 2175 complete and 0 interrupted iterations
users   [   8% ] 0568/1562 VUs  0m43.7s/9m00.0s

running (0m44.7s), 0581/1562 VUs, 2281 complete and 0 interrupted iterations
users   [   8% ] 0581/1562 VUs  0m44.7s/9m00.0s

running (0m45.7s), 0594/1562 VUs, 2398 complete and 0 interrupted iterations
users   [   8% ] 0594/1562 VUs  0m45.7s/9m00.0s

running (0m46.7s), 0607/1562 VUs, 2509 complete and 0 interrupted iterations
users   [   9% ] 0607/1562 VUs  0m46.7s/9m00.0s

running (0m47.7s), 0620/1562 VUs, 2617 complete and 0 interrupted iterations
users   [   9% ] 0620/1562 VUs  0m47.7s/9m00.0s

running (0m48.7s), 0633/1562 VUs, 2735 complete and 0 interrupted iterations
users   [   9% ] 0633/1562 VUs  0m48.7s/9m00.0s

running (0m49.7s), 0646/1562 VUs, 2855 complete and 0 interrupted iterations
users   [   9% ] 0646/1562 VUs  0m49.7s/9m00.0s

running (0m50.7s), 0659/1562 VUs, 2984 complete and 0 interrupted iterations
users   [   9% ] 0659/1562 VUs  0m50.7s/9m00.0s

running (0m51.7s), 0672/1562 VUs, 3106 complete and 0 interrupted iterations
users   [  10% ] 0672/1562 VUs  0m51.7s/9m00.0s

running (0m52.7s), 0685/1562 VUs, 3228 complete and 0 interrupted iterations
users   [  10% ] 0685/1562 VUs  0m52.7s/9m00.0s

running (0m53.7s), 0698/1562 VUs, 3360 complete and 0 interrupted iterations
users   [  10% ] 0698/1562 VUs  0m53.7s/9m00.0s

running (0m54.7s), 0711/1562 VUs, 3494 complete and 0 interrupted iterations
users   [  10% ] 0711/1562 VUs  0m54.7s/9m00.0s

running (0m55.7s), 0724/1562 VUs, 3632 complete and 0 interrupted iterations
users   [  10% ] 0724/1562 VUs  0m55.7s/9m00.0s

running (0m56.7s), 0737/1562 VUs, 3770 complete and 0 interrupted iterations
users   [  10% ] 0737/1562 VUs  0m56.7s/9m00.0s

running (0m57.7s), 0750/1562 VUs, 3903 complete and 0 interrupted iterations
users   [  11% ] 0750/1562 VUs  0m57.7s/9m00.0s

running (0m58.7s), 0763/1562 VUs, 4053 complete and 0 interrupted iterations
users   [  11% ] 0763/1562 VUs  0m58.7s/9m00.0s

running (0m59.7s), 0776/1562 VUs, 4201 complete and 0 interrupted iterations
users   [  11% ] 0776/1562 VUs  0m59.7s/9m00.0s

running (1m00.7s), 0789/1562 VUs, 4349 complete and 0 interrupted iterations
users   [  11% ] 0789/1562 VUs  1m00.7s/9m00.0s

running (1m01.7s), 0802/1562 VUs, 4494 complete and 0 interrupted iterations
users   [  11% ] 0802/1562 VUs  1m01.7s/9m00.0s

running (1m02.7s), 0815/1562 VUs, 4644 complete and 0 interrupted iterations
users   [  12% ] 0815/1562 VUs  1m02.7s/9m00.0s

running (1m03.7s), 0828/1562 VUs, 4806 complete and 0 interrupted iterations
users   [  12% ] 0828/1562 VUs  1m03.7s/9m00.0s

running (1m04.7s), 0841/1562 VUs, 4970 complete and 0 interrupted iterations
users   [  12% ] 0841/1562 VUs  1m04.7s/9m00.0s

running (1m05.7s), 0854/1562 VUs, 5128 complete and 0 interrupted iterations
users   [  12% ] 0854/1562 VUs  1m05.7s/9m00.0s

running (1m06.7s), 0867/1562 VUs, 5292 complete and 0 interrupted iterations
users   [  12% ] 0867/1562 VUs  1m06.7s/9m00.0s

running (1m07.7s), 0880/1562 VUs, 5453 complete and 0 interrupted iterations
users   [  13% ] 0880/1562 VUs  1m07.7s/9m00.0s

running (1m08.7s), 0893/1562 VUs, 5628 complete and 0 interrupted iterations
users   [  13% ] 0893/1562 VUs  1m08.7s/9m00.0s

running (1m09.7s), 0906/1562 VUs, 5706 complete and 0 interrupted iterations
users   [  13% ] 0906/1562 VUs  1m09.7s/9m00.0s

running (1m10.7s), 0919/1562 VUs, 5714 complete and 0 interrupted iterations
users   [  13% ] 0919/1562 VUs  1m10.7s/9m00.0s

running (1m11.7s), 0932/1562 VUs, 5902 complete and 0 interrupted iterations
users   [  13% ] 0932/1562 VUs  1m11.7s/9m00.0s

running (1m12.7s), 0945/1562 VUs, 6081 complete and 0 interrupted iterations
users   [  13% ] 0945/1562 VUs  1m12.7s/9m00.0s

running (1m13.7s), 0959/1562 VUs, 6287 complete and 0 interrupted iterations
users   [  14% ] 0959/1562 VUs  1m13.7s/9m00.0s

running (1m14.7s), 0972/1562 VUs, 6525 complete and 0 interrupted iterations
users   [  14% ] 0972/1562 VUs  1m14.7s/9m00.0s

running (1m15.7s), 0985/1562 VUs, 6630 complete and 0 interrupted iterations
users   [  14% ] 0985/1562 VUs  1m15.7s/9m00.0s

running (1m16.7s), 0998/1562 VUs, 6829 complete and 0 interrupted iterations
users   [  14% ] 0998/1562 VUs  1m16.7s/9m00.0s

running (1m17.7s), 1011/1562 VUs, 7019 complete and 0 interrupted iterations
users   [  14% ] 1011/1562 VUs  1m17.7s/9m00.0s

running (1m18.7s), 1024/1562 VUs, 7230 complete and 0 interrupted iterations
users   [  15% ] 1024/1562 VUs  1m18.7s/9m00.0s

running (1m19.7s), 1037/1562 VUs, 7480 complete and 0 interrupted iterations
users   [  15% ] 1037/1562 VUs  1m19.7s/9m00.0s

running (1m20.7s), 1050/1562 VUs, 7605 complete and 0 interrupted iterations
users   [  15% ] 1050/1562 VUs  1m20.7s/9m00.0s

running (1m21.7s), 1063/1562 VUs, 7819 complete and 0 interrupted iterations
users   [  15% ] 1063/1562 VUs  1m21.7s/9m00.0s

running (1m22.7s), 1076/1562 VUs, 8020 complete and 0 interrupted iterations
users   [  15% ] 1076/1562 VUs  1m22.7s/9m00.0s

running (1m23.7s), 1089/1562 VUs, 8244 complete and 0 interrupted iterations
users   [  15% ] 1089/1562 VUs  1m23.7s/9m00.0s

running (1m24.7s), 1102/1562 VUs, 8503 complete and 0 interrupted iterations
users   [  16% ] 1102/1562 VUs  1m24.7s/9m00.0s

running (1m25.7s), 1115/1562 VUs, 8649 complete and 0 interrupted iterations
users   [  16% ] 1115/1562 VUs  1m25.7s/9m00.0s

running (1m26.7s), 1128/1562 VUs, 8872 complete and 0 interrupted iterations
users   [  16% ] 1128/1562 VUs  1m26.7s/9m00.0s

running (1m27.7s), 1141/1562 VUs, 9089 complete and 0 interrupted iterations
users   [  16% ] 1141/1562 VUs  1m27.7s/9m00.0s

running (1m28.7s), 1154/1562 VUs, 9320 complete and 0 interrupted iterations
users   [  16% ] 1154/1562 VUs  1m28.7s/9m00.0s

running (1m29.7s), 1167/1562 VUs, 9591 complete and 0 interrupted iterations
users   [  17% ] 1167/1562 VUs  1m29.7s/9m00.0s

running (1m30.7s), 1180/1562 VUs, 9753 complete and 0 interrupted iterations
users   [  17% ] 1180/1562 VUs  1m30.7s/9m00.0s

running (1m31.7s), 1193/1562 VUs, 9992 complete and 0 interrupted iterations
users   [  17% ] 1193/1562 VUs  1m31.7s/9m00.0s

running (1m32.7s), 1206/1562 VUs, 10217 complete and 0 interrupted iterations
users   [  17% ] 1206/1562 VUs  1m32.7s/9m00.0s

running (1m33.7s), 1219/1562 VUs, 10460 complete and 0 interrupted iterations
users   [  17% ] 1219/1562 VUs  1m33.7s/9m00.0s

running (1m34.7s), 1232/1562 VUs, 10738 complete and 0 interrupted iterations
users   [  18% ] 1232/1562 VUs  1m34.7s/9m00.0s

running (1m35.7s), 1245/1562 VUs, 10915 complete and 0 interrupted iterations
users   [  18% ] 1245/1562 VUs  1m35.7s/9m00.0s

running (1m36.7s), 1258/1562 VUs, 11172 complete and 0 interrupted iterations
users   [  18% ] 1258/1562 VUs  1m36.7s/9m00.0s

running (1m37.7s), 1271/1562 VUs, 11414 complete and 0 interrupted iterations
users   [  18% ] 1271/1562 VUs  1m37.7s/9m00.0s

running (1m38.7s), 1284/1562 VUs, 11666 complete and 0 interrupted iterations
users   [  18% ] 1284/1562 VUs  1m38.7s/9m00.0s

running (1m39.7s), 1297/1562 VUs, 11953 complete and 0 interrupted iterations
users   [  18% ] 1297/1562 VUs  1m39.7s/9m00.0s

running (1m40.7s), 1310/1562 VUs, 12148 complete and 0 interrupted iterations
users   [  19% ] 1310/1562 VUs  1m40.7s/9m00.0s

running (1m41.7s), 1323/1562 VUs, 12418 complete and 0 interrupted iterations
users   [  19% ] 1323/1562 VUs  1m41.7s/9m00.0s

running (1m42.7s), 1336/1562 VUs, 12665 complete and 0 interrupted iterations
users   [  19% ] 1336/1562 VUs  1m42.7s/9m00.0s

running (1m43.7s), 1349/1562 VUs, 12929 complete and 0 interrupted iterations
users   [  19% ] 1349/1562 VUs  1m43.7s/9m00.0s

running (1m44.7s), 1362/1562 VUs, 13230 complete and 0 interrupted iterations
users   [  19% ] 1362/1562 VUs  1m44.7s/9m00.0s

running (1m45.7s), 1375/1562 VUs, 13447 complete and 0 interrupted iterations
users   [  20% ] 1375/1562 VUs  1m45.7s/9m00.0s

running (1m46.7s), 1388/1562 VUs, 13723 complete and 0 interrupted iterations
users   [  20% ] 1388/1562 VUs  1m46.7s/9m00.0s

running (1m47.7s), 1401/1562 VUs, 13978 complete and 0 interrupted iterations
users   [  20% ] 1401/1562 VUs  1m47.7s/9m00.0s

running (1m48.7s), 1414/1562 VUs, 14258 complete and 0 interrupted iterations
users   [  20% ] 1414/1562 VUs  1m48.7s/9m00.0s

running (1m49.7s), 1427/1562 VUs, 14575 complete and 0 interrupted iterations
users   [  20% ] 1427/1562 VUs  1m49.7s/9m00.0s

running (1m50.7s), 1440/1562 VUs, 14809 complete and 0 interrupted iterations
users   [  20% ] 1440/1562 VUs  1m50.7s/9m00.0s

running (1m51.7s), 1453/1562 VUs, 15093 complete and 0 interrupted iterations
users   [  21% ] 1453/1562 VUs  1m51.7s/9m00.0s

running (1m52.7s), 1466/1562 VUs, 15363 complete and 0 interrupted iterations
users   [  21% ] 1466/1562 VUs  1m52.7s/9m00.0s

running (1m53.7s), 1479/1562 VUs, 15656 complete and 0 interrupted iterations
users   [  21% ] 1479/1562 VUs  1m53.7s/9m00.0s

running (1m54.7s), 1492/1562 VUs, 15990 complete and 0 interrupted iterations
users   [  21% ] 1492/1562 VUs  1m54.7s/9m00.0s

running (1m55.7s), 1505/1562 VUs, 16237 complete and 0 interrupted iterations
users   [  21% ] 1505/1562 VUs  1m55.7s/9m00.0s

running (1m56.7s), 1518/1562 VUs, 16534 complete and 0 interrupted iterations
users   [  22% ] 1518/1562 VUs  1m56.7s/9m00.0s

running (1m57.7s), 1531/1562 VUs, 16818 complete and 0 interrupted iterations
users   [  22% ] 1531/1562 VUs  1m57.7s/9m00.0s

running (1m58.7s), 1544/1562 VUs, 17121 complete and 0 interrupted iterations
users   [  22% ] 1544/1562 VUs  1m58.7s/9m00.0s

running (1m59.7s), 1557/1562 VUs, 17460 complete and 0 interrupted iterations
users   [  22% ] 1557/1562 VUs  1m59.7s/9m00.0s

running (2m00.7s), 1562/1562 VUs, 17724 complete and 0 interrupted iterations
users   [  22% ] 1562/1562 VUs  2m00.7s/9m00.0s

running (2m01.7s), 1562/1562 VUs, 18032 complete and 0 interrupted iterations
users   [  23% ] 1562/1562 VUs  2m01.7s/9m00.0s

running (2m02.7s), 1562/1562 VUs, 18328 complete and 0 interrupted iterations
users   [  23% ] 1562/1562 VUs  2m02.7s/9m00.0s

running (2m03.7s), 1562/1562 VUs, 18637 complete and 0 interrupted iterations
users   [  23% ] 1562/1562 VUs  2m03.7s/9m00.0s

running (2m04.7s), 1562/1562 VUs, 19000 complete and 0 interrupted iterations
users   [  23% ] 1562/1562 VUs  2m04.7s/9m00.0s

running (2m05.7s), 1562/1562 VUs, 19272 complete and 0 interrupted iterations
users   [  23% ] 1562/1562 VUs  2m05.7s/9m00.0s

running (2m06.7s), 1562/1562 VUs, 19583 complete and 0 interrupted iterations
users   [  23% ] 1562/1562 VUs  2m06.7s/9m00.0s

running (2m07.7s), 1562/1562 VUs, 19880 complete and 0 interrupted iterations
users   [  24% ] 1562/1562 VUs  2m07.7s/9m00.0s

running (2m08.7s), 1562/1562 VUs, 20180 complete and 0 interrupted iterations
users   [  24% ] 1562/1562 VUs  2m08.7s/9m00.0s

running (2m09.7s), 1562/1562 VUs, 20542 complete and 0 interrupted iterations
users   [  24% ] 1562/1562 VUs  2m09.7s/9m00.0s

running (2m10.7s), 1562/1562 VUs, 20814 complete and 0 interrupted iterations
users   [  24% ] 1562/1562 VUs  2m10.7s/9m00.0s

running (2m11.7s), 1562/1562 VUs, 21123 complete and 0 interrupted iterations
users   [  24% ] 1562/1562 VUs  2m11.7s/9m00.0s

running (2m12.7s), 1562/1562 VUs, 21425 complete and 0 interrupted iterations
users   [  25% ] 1562/1562 VUs  2m12.7s/9m00.0s

running (2m13.7s), 1562/1562 VUs, 21721 complete and 0 interrupted iterations
users   [  25% ] 1562/1562 VUs  2m13.7s/9m00.0s

running (2m14.7s), 1562/1562 VUs, 22081 complete and 0 interrupted iterations
users   [  25% ] 1562/1562 VUs  2m14.7s/9m00.0s

running (2m15.7s), 1562/1562 VUs, 22357 complete and 0 interrupted iterations
users   [  25% ] 1562/1562 VUs  2m15.7s/9m00.0s

running (2m16.7s), 1562/1562 VUs, 22670 complete and 0 interrupted iterations
users   [  25% ] 1562/1562 VUs  2m16.7s/9m00.0s

running (2m17.7s), 1562/1562 VUs, 22974 complete and 0 interrupted iterations
users   [  25% ] 1562/1562 VUs  2m17.7s/9m00.0s

running (2m18.7s), 1562/1562 VUs, 23267 complete and 0 interrupted iterations
users   [  26% ] 1562/1562 VUs  2m18.7s/9m00.0s

running (2m19.7s), 1562/1562 VUs, 23624 complete and 0 interrupted iterations
users   [  26% ] 1562/1562 VUs  2m19.7s/9m00.0s

running (2m20.7s), 1562/1562 VUs, 23900 complete and 0 interrupted iterations
users   [  26% ] 1562/1562 VUs  2m20.7s/9m00.0s

running (2m21.7s), 1562/1562 VUs, 24214 complete and 0 interrupted iterations
users   [  26% ] 1562/1562 VUs  2m21.7s/9m00.0s

running (2m22.7s), 1562/1562 VUs, 24522 complete and 0 interrupted iterations
users   [  26% ] 1562/1562 VUs  2m22.7s/9m00.0s

running (2m23.7s), 1562/1562 VUs, 24811 complete and 0 interrupted iterations
users   [  27% ] 1562/1562 VUs  2m23.7s/9m00.0s

running (2m24.7s), 1562/1562 VUs, 25171 complete and 0 interrupted iterations
users   [  27% ] 1562/1562 VUs  2m24.7s/9m00.0s

running (2m25.7s), 1562/1562 VUs, 25444 complete and 0 interrupted iterations
users   [  27% ] 1562/1562 VUs  2m25.7s/9m00.0s

running (2m26.7s), 1562/1562 VUs, 25765 complete and 0 interrupted iterations
users   [  27% ] 1562/1562 VUs  2m26.7s/9m00.0s

running (2m27.7s), 1562/1562 VUs, 26068 complete and 0 interrupted iterations
users   [  27% ] 1562/1562 VUs  2m27.7s/9m00.0s

running (2m28.7s), 1562/1562 VUs, 26355 complete and 0 interrupted iterations
users   [  28% ] 1562/1562 VUs  2m28.7s/9m00.0s

running (2m29.7s), 1562/1562 VUs, 26711 complete and 0 interrupted iterations
users   [  28% ] 1562/1562 VUs  2m29.7s/9m00.0s

running (2m30.7s), 1562/1562 VUs, 26988 complete and 0 interrupted iterations
users   [  28% ] 1562/1562 VUs  2m30.7s/9m00.0s

running (2m31.7s), 1562/1562 VUs, 27311 complete and 0 interrupted iterations
users   [  28% ] 1562/1562 VUs  2m31.7s/9m00.0s

running (2m32.7s), 1562/1562 VUs, 27616 complete and 0 interrupted iterations
users   [  28% ] 1562/1562 VUs  2m32.7s/9m00.0s

running (2m33.7s), 1562/1562 VUs, 27902 complete and 0 interrupted iterations
users   [  28% ] 1562/1562 VUs  2m33.7s/9m00.0s

running (2m34.7s), 1562/1562 VUs, 28258 complete and 0 interrupted iterations
users   [  29% ] 1562/1562 VUs  2m34.7s/9m00.0s

running (2m35.7s), 1562/1562 VUs, 28544 complete and 0 interrupted iterations
users   [  29% ] 1562/1562 VUs  2m35.7s/9m00.0s

running (2m36.7s), 1562/1562 VUs, 28857 complete and 0 interrupted iterations
users   [  29% ] 1562/1562 VUs  2m36.7s/9m00.0s

running (2m37.7s), 1562/1562 VUs, 29158 complete and 0 interrupted iterations
users   [  29% ] 1562/1562 VUs  2m37.7s/9m00.0s

running (2m38.7s), 1562/1562 VUs, 29437 complete and 0 interrupted iterations
users   [  29% ] 1562/1562 VUs  2m38.7s/9m00.0s

running (2m39.7s), 1562/1562 VUs, 29798 complete and 0 interrupted iterations
users   [  30% ] 1562/1562 VUs  2m39.7s/9m00.0s

running (2m40.7s), 1562/1562 VUs, 30091 complete and 0 interrupted iterations
users   [  30% ] 1562/1562 VUs  2m40.7s/9m00.0s

running (2m41.7s), 1562/1562 VUs, 30398 complete and 0 interrupted iterations
users   [  30% ] 1562/1562 VUs  2m41.7s/9m00.0s

running (2m42.7s), 1562/1562 VUs, 30698 complete and 0 interrupted iterations
users   [  30% ] 1562/1562 VUs  2m42.7s/9m00.0s

running (2m43.7s), 1562/1562 VUs, 30978 complete and 0 interrupted iterations
users   [  30% ] 1562/1562 VUs  2m43.7s/9m00.0s

running (2m44.7s), 1562/1562 VUs, 31340 complete and 0 interrupted iterations
users   [  30% ] 1562/1562 VUs  2m44.7s/9m00.0s

running (2m45.7s), 1562/1562 VUs, 31634 complete and 0 interrupted iterations
users   [  31% ] 1562/1562 VUs  2m45.7s/9m00.0s

running (2m46.7s), 1562/1562 VUs, 31950 complete and 0 interrupted iterations
users   [  31% ] 1562/1562 VUs  2m46.7s/9m00.0s

running (2m47.7s), 1562/1562 VUs, 32244 complete and 0 interrupted iterations
users   [  31% ] 1562/1562 VUs  2m47.7s/9m00.0s

running (2m48.7s), 1562/1562 VUs, 32522 complete and 0 interrupted iterations
users   [  31% ] 1562/1562 VUs  2m48.7s/9m00.0s

running (2m49.7s), 1562/1562 VUs, 32879 complete and 0 interrupted iterations
users   [  31% ] 1562/1562 VUs  2m49.7s/9m00.0s

running (2m50.7s), 1562/1562 VUs, 33169 complete and 0 interrupted iterations
users   [  32% ] 1562/1562 VUs  2m50.7s/9m00.0s

running (2m51.7s), 1562/1562 VUs, 33487 complete and 0 interrupted iterations
users   [  32% ] 1562/1562 VUs  2m51.7s/9m00.0s

running (2m52.7s), 1562/1562 VUs, 33787 complete and 0 interrupted iterations
users   [  32% ] 1562/1562 VUs  2m52.7s/9m00.0s

running (2m53.7s), 1562/1562 VUs, 34067 complete and 0 interrupted iterations
users   [  32% ] 1562/1562 VUs  2m53.7s/9m00.0s

running (2m54.7s), 1562/1562 VUs, 34420 complete and 0 interrupted iterations
users   [  32% ] 1562/1562 VUs  2m54.7s/9m00.0s

running (2m55.7s), 1562/1562 VUs, 34720 complete and 0 interrupted iterations
users   [  33% ] 1562/1562 VUs  2m55.7s/9m00.0s

running (2m56.7s), 1562/1562 VUs, 35036 complete and 0 interrupted iterations
users   [  33% ] 1562/1562 VUs  2m56.7s/9m00.0s

running (2m57.7s), 1562/1562 VUs, 35336 complete and 0 interrupted iterations
users   [  33% ] 1562/1562 VUs  2m57.7s/9m00.0s

running (2m58.7s), 1562/1562 VUs, 35618 complete and 0 interrupted iterations
users   [  33% ] 1562/1562 VUs  2m58.7s/9m00.0s

running (2m59.7s), 1562/1562 VUs, 35967 complete and 0 interrupted iterations
users   [  33% ] 1562/1562 VUs  2m59.7s/9m00.0s

running (3m00.7s), 1562/1562 VUs, 36271 complete and 0 interrupted iterations
users   [  33% ] 1562/1562 VUs  3m00.7s/9m00.0s

running (3m01.7s), 1562/1562 VUs, 36581 complete and 0 interrupted iterations
users   [  34% ] 1562/1562 VUs  3m01.7s/9m00.0s

running (3m02.7s), 1562/1562 VUs, 36878 complete and 0 interrupted iterations
users   [  34% ] 1562/1562 VUs  3m02.7s/9m00.0s

running (3m03.7s), 1562/1562 VUs, 37163 complete and 0 interrupted iterations
users   [  34% ] 1562/1562 VUs  3m03.7s/9m00.0s

running (3m04.7s), 1562/1562 VUs, 37510 complete and 0 interrupted iterations
users   [  34% ] 1562/1562 VUs  3m04.7s/9m00.0s

running (3m05.7s), 1562/1562 VUs, 37816 complete and 0 interrupted iterations
users   [  34% ] 1562/1562 VUs  3m05.7s/9m00.0s

running (3m06.7s), 1562/1562 VUs, 38122 complete and 0 interrupted iterations
users   [  35% ] 1562/1562 VUs  3m06.7s/9m00.0s

running (3m07.7s), 1562/1562 VUs, 38423 complete and 0 interrupted iterations
users   [  35% ] 1562/1562 VUs  3m07.7s/9m00.0s

running (3m08.7s), 1562/1562 VUs, 38705 complete and 0 interrupted iterations
users   [  35% ] 1562/1562 VUs  3m08.7s/9m00.0s

running (3m09.7s), 1562/1562 VUs, 39059 complete and 0 interrupted iterations
users   [  35% ] 1562/1562 VUs  3m09.7s/9m00.0s

running (3m10.7s), 1562/1562 VUs, 39366 complete and 0 interrupted iterations
users   [  35% ] 1562/1562 VUs  3m10.7s/9m00.0s

running (3m11.7s), 1562/1562 VUs, 39666 complete and 0 interrupted iterations
users   [  35% ] 1562/1562 VUs  3m11.7s/9m00.0s

running (3m12.7s), 1562/1562 VUs, 39968 complete and 0 interrupted iterations
users   [  36% ] 1562/1562 VUs  3m12.7s/9m00.0s

running (3m13.7s), 1562/1562 VUs, 40248 complete and 0 interrupted iterations
users   [  36% ] 1562/1562 VUs  3m13.7s/9m00.0s

running (3m14.7s), 1562/1562 VUs, 40601 complete and 0 interrupted iterations
users   [  36% ] 1562/1562 VUs  3m14.7s/9m00.0s

running (3m15.7s), 1562/1562 VUs, 40911 complete and 0 interrupted iterations
users   [  36% ] 1562/1562 VUs  3m15.7s/9m00.0s

running (3m16.7s), 1562/1562 VUs, 41217 complete and 0 interrupted iterations
users   [  36% ] 1562/1562 VUs  3m16.7s/9m00.0s

running (3m17.7s), 1562/1562 VUs, 41517 complete and 0 interrupted iterations
users   [  37% ] 1562/1562 VUs  3m17.7s/9m00.0s

running (3m18.7s), 1562/1562 VUs, 41788 complete and 0 interrupted iterations
users   [  37% ] 1562/1562 VUs  3m18.7s/9m00.0s

running (3m19.7s), 1562/1562 VUs, 42142 complete and 0 interrupted iterations
users   [  37% ] 1562/1562 VUs  3m19.7s/9m00.0s

running (3m20.7s), 1562/1562 VUs, 42462 complete and 0 interrupted iterations
users   [  37% ] 1562/1562 VUs  3m20.7s/9m00.0s

running (3m21.7s), 1562/1562 VUs, 42755 complete and 0 interrupted iterations
users   [  37% ] 1562/1562 VUs  3m21.7s/9m00.0s

running (3m22.7s), 1562/1562 VUs, 43061 complete and 0 interrupted iterations
users   [  38% ] 1562/1562 VUs  3m22.7s/9m00.0s

running (3m23.7s), 1562/1562 VUs, 43330 complete and 0 interrupted iterations
users   [  38% ] 1562/1562 VUs  3m23.7s/9m00.0s

running (3m24.7s), 1562/1562 VUs, 43690 complete and 0 interrupted iterations
users   [  38% ] 1562/1562 VUs  3m24.7s/9m00.0s

running (3m25.7s), 1562/1562 VUs, 44011 complete and 0 interrupted iterations
users   [  38% ] 1562/1562 VUs  3m25.7s/9m00.0s

running (3m26.7s), 1562/1562 VUs, 44304 complete and 0 interrupted iterations
users   [  38% ] 1562/1562 VUs  3m26.7s/9m00.0s

running (3m27.7s), 1562/1562 VUs, 44606 complete and 0 interrupted iterations
users   [  38% ] 1562/1562 VUs  3m27.7s/9m00.0s

running (3m28.7s), 1562/1562 VUs, 44878 complete and 0 interrupted iterations
users   [  39% ] 1562/1562 VUs  3m28.7s/9m00.0s

running (3m29.7s), 1562/1562 VUs, 45230 complete and 0 interrupted iterations
users   [  39% ] 1562/1562 VUs  3m29.7s/9m00.0s

running (3m30.7s), 1562/1562 VUs, 45548 complete and 0 interrupted iterations
users   [  39% ] 1562/1562 VUs  3m30.7s/9m00.0s

running (3m31.7s), 1562/1562 VUs, 45843 complete and 0 interrupted iterations
users   [  39% ] 1562/1562 VUs  3m31.7s/9m00.0s

running (3m32.7s), 1562/1562 VUs, 46150 complete and 0 interrupted iterations
users   [  39% ] 1562/1562 VUs  3m32.7s/9m00.0s

running (3m33.7s), 1562/1562 VUs, 46421 complete and 0 interrupted iterations
users   [  40% ] 1562/1562 VUs  3m33.7s/9m00.0s

running (3m34.7s), 1562/1562 VUs, 46772 complete and 0 interrupted iterations
users   [  40% ] 1562/1562 VUs  3m34.7s/9m00.0s

running (3m35.7s), 1562/1562 VUs, 47087 complete and 0 interrupted iterations
users   [  40% ] 1562/1562 VUs  3m35.7s/9m00.0s

running (3m36.7s), 1562/1562 VUs, 47388 complete and 0 interrupted iterations
users   [  40% ] 1562/1562 VUs  3m36.7s/9m00.0s

running (3m37.7s), 1562/1562 VUs, 47698 complete and 0 interrupted iterations
users   [  40% ] 1562/1562 VUs  3m37.7s/9m00.0s

running (3m38.7s), 1562/1562 VUs, 47975 complete and 0 interrupted iterations
users   [  40% ] 1562/1562 VUs  3m38.7s/9m00.0s

running (3m39.7s), 1562/1562 VUs, 48320 complete and 0 interrupted iterations
users   [  41% ] 1562/1562 VUs  3m39.7s/9m00.0s

running (3m40.7s), 1562/1562 VUs, 48632 complete and 0 interrupted iterations
users   [  41% ] 1562/1562 VUs  3m40.7s/9m00.0s

running (3m41.7s), 1562/1562 VUs, 48935 complete and 0 interrupted iterations
users   [  41% ] 1562/1562 VUs  3m41.7s/9m00.0s

running (3m42.7s), 1562/1562 VUs, 49250 complete and 0 interrupted iterations
users   [  41% ] 1562/1562 VUs  3m42.7s/9m00.0s

running (3m43.7s), 1562/1562 VUs, 49523 complete and 0 interrupted iterations
users   [  41% ] 1562/1562 VUs  3m43.7s/9m00.0s

running (3m44.7s), 1562/1562 VUs, 49843 complete and 0 interrupted iterations
users   [  42% ] 1562/1562 VUs  3m44.7s/9m00.0s

running (3m45.7s), 1562/1562 VUs, 49916 complete and 0 interrupted iterations
users   [  42% ] 1562/1562 VUs  3m45.7s/9m00.0s

running (3m46.7s), 1562/1562 VUs, 50077 complete and 0 interrupted iterations
users   [  42% ] 1562/1562 VUs  3m46.7s/9m00.0s

running (3m47.7s), 1562/1562 VUs, 50292 complete and 0 interrupted iterations
users   [  42% ] 1562/1562 VUs  3m47.7s/9m00.0s

running (3m48.7s), 1562/1562 VUs, 50506 complete and 0 interrupted iterations
users   [  42% ] 1562/1562 VUs  3m48.7s/9m00.0s

running (3m49.7s), 1562/1562 VUs, 50690 complete and 0 interrupted iterations
users   [  43% ] 1562/1562 VUs  3m49.7s/9m00.0s

running (3m50.7s), 1562/1562 VUs, 50898 complete and 0 interrupted iterations
users   [  43% ] 1562/1562 VUs  3m50.7s/9m00.0s

running (3m51.7s), 1562/1562 VUs, 51075 complete and 0 interrupted iterations
users   [  43% ] 1562/1562 VUs  3m51.7s/9m00.0s

running (3m52.7s), 1562/1562 VUs, 51296 complete and 0 interrupted iterations
users   [  43% ] 1562/1562 VUs  3m52.7s/9m00.0s

running (3m53.7s), 1562/1562 VUs, 51511 complete and 0 interrupted iterations
users   [  43% ] 1562/1562 VUs  3m53.7s/9m00.0s

running (3m54.7s), 1562/1562 VUs, 51719 complete and 0 interrupted iterations
users   [  43% ] 1562/1562 VUs  3m54.7s/9m00.0s

running (3m55.7s), 1562/1562 VUs, 51931 complete and 0 interrupted iterations
users   [  44% ] 1562/1562 VUs  3m55.7s/9m00.0s

running (3m56.7s), 1562/1562 VUs, 52110 complete and 0 interrupted iterations
users   [  44% ] 1562/1562 VUs  3m56.7s/9m00.0s

running (3m57.7s), 1562/1562 VUs, 52320 complete and 0 interrupted iterations
users   [  44% ] 1562/1562 VUs  3m57.7s/9m00.0s

running (3m58.7s), 1562/1562 VUs, 52527 complete and 0 interrupted iterations
users   [  44% ] 1562/1562 VUs  3m58.7s/9m00.0s

running (3m59.7s), 1562/1562 VUs, 52725 complete and 0 interrupted iterations
users   [  44% ] 1562/1562 VUs  3m59.7s/9m00.0s

running (4m00.7s), 1562/1562 VUs, 52936 complete and 0 interrupted iterations
users   [  45% ] 1562/1562 VUs  4m00.7s/9m00.0s

running (4m01.7s), 1562/1562 VUs, 53118 complete and 0 interrupted iterations
users   [  45% ] 1562/1562 VUs  4m01.7s/9m00.0s

running (4m02.7s), 1562/1562 VUs, 53304 complete and 0 interrupted iterations
users   [  45% ] 1562/1562 VUs  4m02.7s/9m00.0s

running (4m03.7s), 1562/1562 VUs, 53511 complete and 0 interrupted iterations
users   [  45% ] 1562/1562 VUs  4m03.7s/9m00.0s

running (4m04.7s), 1562/1562 VUs, 53714 complete and 0 interrupted iterations
users   [  45% ] 1562/1562 VUs  4m04.7s/9m00.0s

running (4m05.7s), 1562/1562 VUs, 53923 complete and 0 interrupted iterations
users   [  45% ] 1562/1562 VUs  4m05.7s/9m00.0s

running (4m06.7s), 1562/1562 VUs, 54144 complete and 0 interrupted iterations
users   [  46% ] 1562/1562 VUs  4m06.7s/9m00.0s

running (4m07.7s), 1562/1562 VUs, 54349 complete and 0 interrupted iterations
users   [  46% ] 1562/1562 VUs  4m07.7s/9m00.0s

running (4m08.7s), 1562/1562 VUs, 54557 complete and 0 interrupted iterations
users   [  46% ] 1562/1562 VUs  4m08.7s/9m00.0s

running (4m09.7s), 1562/1562 VUs, 54765 complete and 0 interrupted iterations
users   [  46% ] 1562/1562 VUs  4m09.7s/9m00.0s

running (4m10.7s), 1562/1562 VUs, 54973 complete and 0 interrupted iterations
users   [  46% ] 1562/1562 VUs  4m10.7s/9m00.0s

running (4m11.7s), 1562/1562 VUs, 55187 complete and 0 interrupted iterations
users   [  47% ] 1562/1562 VUs  4m11.7s/9m00.0s

running (4m12.7s), 1562/1562 VUs, 55392 complete and 0 interrupted iterations
users   [  47% ] 1562/1562 VUs  4m12.7s/9m00.0s

running (4m13.7s), 1562/1562 VUs, 55606 complete and 0 interrupted iterations
users   [  47% ] 1562/1562 VUs  4m13.7s/9m00.0s

running (4m14.7s), 1562/1562 VUs, 55824 complete and 0 interrupted iterations
users   [  47% ] 1562/1562 VUs  4m14.7s/9m00.0s

running (4m15.7s), 1562/1562 VUs, 56040 complete and 0 interrupted iterations
users   [  47% ] 1562/1562 VUs  4m15.7s/9m00.0s

running (4m16.7s), 1562/1562 VUs, 56258 complete and 0 interrupted iterations
users   [  48% ] 1562/1562 VUs  4m16.7s/9m00.0s

running (4m17.7s), 1562/1562 VUs, 56467 complete and 0 interrupted iterations
users   [  48% ] 1562/1562 VUs  4m17.7s/9m00.0s

running (4m18.7s), 1562/1562 VUs, 56680 complete and 0 interrupted iterations
users   [  48% ] 1562/1562 VUs  4m18.7s/9m00.0s

running (4m19.7s), 1562/1562 VUs, 56876 complete and 0 interrupted iterations
users   [  48% ] 1562/1562 VUs  4m19.7s/9m00.0s

running (4m20.7s), 1562/1562 VUs, 57091 complete and 0 interrupted iterations
users   [  48% ] 1562/1562 VUs  4m20.7s/9m00.0s

running (4m21.7s), 1562/1562 VUs, 57311 complete and 0 interrupted iterations
users   [  48% ] 1562/1562 VUs  4m21.7s/9m00.0s

running (4m22.7s), 1562/1562 VUs, 57524 complete and 0 interrupted iterations
users   [  49% ] 1562/1562 VUs  4m22.7s/9m00.0s

running (4m23.7s), 1562/1562 VUs, 57741 complete and 0 interrupted iterations
users   [  49% ] 1562/1562 VUs  4m23.7s/9m00.0s

running (4m24.7s), 1562/1562 VUs, 57961 complete and 0 interrupted iterations
users   [  49% ] 1562/1562 VUs  4m24.7s/9m00.0s

running (4m25.7s), 1562/1562 VUs, 58180 complete and 0 interrupted iterations
users   [  49% ] 1562/1562 VUs  4m25.7s/9m00.0s

running (4m26.7s), 1562/1562 VUs, 58400 complete and 0 interrupted iterations
users   [  49% ] 1562/1562 VUs  4m26.7s/9m00.0s

running (4m27.7s), 1562/1562 VUs, 58616 complete and 0 interrupted iterations
users   [  50% ] 1562/1562 VUs  4m27.7s/9m00.0s

running (4m28.7s), 1562/1562 VUs, 58830 complete and 0 interrupted iterations
users   [  50% ] 1562/1562 VUs  4m28.7s/9m00.0s

running (4m29.7s), 1562/1562 VUs, 59038 complete and 0 interrupted iterations
users   [  50% ] 1562/1562 VUs  4m29.7s/9m00.0s

running (4m30.7s), 1562/1562 VUs, 59251 complete and 0 interrupted iterations
users   [  50% ] 1562/1562 VUs  4m30.7s/9m00.0s

running (4m31.7s), 1562/1562 VUs, 59475 complete and 0 interrupted iterations
users   [  50% ] 1562/1562 VUs  4m31.7s/9m00.0s

running (4m32.7s), 1562/1562 VUs, 59690 complete and 0 interrupted iterations
users   [  50% ] 1562/1562 VUs  4m32.7s/9m00.0s

running (4m33.7s), 1562/1562 VUs, 59900 complete and 0 interrupted iterations
users   [  51% ] 1562/1562 VUs  4m33.7s/9m00.0s

running (4m34.7s), 1562/1562 VUs, 60105 complete and 0 interrupted iterations
users   [  51% ] 1562/1562 VUs  4m34.7s/9m00.0s

running (4m35.7s), 1562/1562 VUs, 60316 complete and 0 interrupted iterations
users   [  51% ] 1562/1562 VUs  4m35.7s/9m00.0s

running (4m36.7s), 1562/1562 VUs, 60526 complete and 0 interrupted iterations
users   [  51% ] 1562/1562 VUs  4m36.7s/9m00.0s

running (4m37.7s), 1562/1562 VUs, 60725 complete and 0 interrupted iterations
users   [  51% ] 1562/1562 VUs  4m37.7s/9m00.0s

running (4m38.7s), 1562/1562 VUs, 60938 complete and 0 interrupted iterations
users   [  52% ] 1562/1562 VUs  4m38.7s/9m00.0s

running (4m39.7s), 1562/1562 VUs, 61142 complete and 0 interrupted iterations
users   [  52% ] 1562/1562 VUs  4m39.7s/9m00.0s

running (4m40.7s), 1562/1562 VUs, 61362 complete and 0 interrupted iterations
users   [  52% ] 1562/1562 VUs  4m40.7s/9m00.0s

running (4m41.7s), 1562/1562 VUs, 61584 complete and 0 interrupted iterations
users   [  52% ] 1562/1562 VUs  4m41.7s/9m00.0s

running (4m42.7s), 1562/1562 VUs, 61788 complete and 0 interrupted iterations
users   [  52% ] 1562/1562 VUs  4m42.7s/9m00.0s

running (4m43.7s), 1562/1562 VUs, 61981 complete and 0 interrupted iterations
users   [  53% ] 1562/1562 VUs  4m43.7s/9m00.0s

running (4m44.7s), 1562/1562 VUs, 62201 complete and 0 interrupted iterations
users   [  53% ] 1562/1562 VUs  4m44.7s/9m00.0s

running (4m45.7s), 1562/1562 VUs, 62391 complete and 0 interrupted iterations
users   [  53% ] 1562/1562 VUs  4m45.7s/9m00.0s

running (4m46.7s), 1562/1562 VUs, 62607 complete and 0 interrupted iterations
users   [  53% ] 1562/1562 VUs  4m46.7s/9m00.0s

running (4m47.7s), 1562/1562 VUs, 62818 complete and 0 interrupted iterations
users   [  53% ] 1562/1562 VUs  4m47.7s/9m00.0s

running (4m48.7s), 1562/1562 VUs, 63023 complete and 0 interrupted iterations
users   [  53% ] 1562/1562 VUs  4m48.7s/9m00.0s

running (4m49.7s), 1562/1562 VUs, 63219 complete and 0 interrupted iterations
users   [  54% ] 1562/1562 VUs  4m49.7s/9m00.0s

running (4m50.7s), 1562/1562 VUs, 63438 complete and 0 interrupted iterations
users   [  54% ] 1562/1562 VUs  4m50.7s/9m00.0s

running (4m51.7s), 1562/1562 VUs, 63637 complete and 0 interrupted iterations
users   [  54% ] 1562/1562 VUs  4m51.7s/9m00.0s

running (4m52.7s), 1562/1562 VUs, 63845 complete and 0 interrupted iterations
users   [  54% ] 1562/1562 VUs  4m52.7s/9m00.0s

running (4m53.7s), 1562/1562 VUs, 64057 complete and 0 interrupted iterations
users   [  54% ] 1562/1562 VUs  4m53.7s/9m00.0s

running (4m54.7s), 1562/1562 VUs, 64260 complete and 0 interrupted iterations
users   [  55% ] 1562/1562 VUs  4m54.7s/9m00.0s

running (4m55.7s), 1562/1562 VUs, 64468 complete and 0 interrupted iterations
users   [  55% ] 1562/1562 VUs  4m55.7s/9m00.0s

running (4m56.7s), 1562/1562 VUs, 64685 complete and 0 interrupted iterations
users   [  55% ] 1562/1562 VUs  4m56.7s/9m00.0s

running (4m57.7s), 1562/1562 VUs, 64899 complete and 0 interrupted iterations
users   [  55% ] 1562/1562 VUs  4m57.7s/9m00.0s

running (4m58.7s), 1562/1562 VUs, 65121 complete and 0 interrupted iterations
users   [  55% ] 1562/1562 VUs  4m58.7s/9m00.0s

running (4m59.7s), 1562/1562 VUs, 65333 complete and 0 interrupted iterations
users   [  55% ] 1562/1562 VUs  4m59.7s/9m00.0s

running (5m00.7s), 1562/1562 VUs, 65538 complete and 0 interrupted iterations
users   [  56% ] 1562/1562 VUs  5m00.7s/9m00.0s

running (5m01.7s), 1562/1562 VUs, 65751 complete and 0 interrupted iterations
users   [  56% ] 1562/1562 VUs  5m01.7s/9m00.0s

running (5m02.7s), 1562/1562 VUs, 65956 complete and 0 interrupted iterations
users   [  56% ] 1562/1562 VUs  5m02.7s/9m00.0s

running (5m03.7s), 1562/1562 VUs, 66172 complete and 0 interrupted iterations
users   [  56% ] 1562/1562 VUs  5m03.7s/9m00.0s

running (5m04.7s), 1562/1562 VUs, 66379 complete and 0 interrupted iterations
users   [  56% ] 1562/1562 VUs  5m04.7s/9m00.0s

running (5m05.7s), 1562/1562 VUs, 66587 complete and 0 interrupted iterations
users   [  57% ] 1562/1562 VUs  5m05.7s/9m00.0s

running (5m06.7s), 1562/1562 VUs, 66799 complete and 0 interrupted iterations
users   [  57% ] 1562/1562 VUs  5m06.7s/9m00.0s

running (5m07.7s), 1562/1562 VUs, 67010 complete and 0 interrupted iterations
users   [  57% ] 1562/1562 VUs  5m07.7s/9m00.0s

running (5m08.7s), 1562/1562 VUs, 67217 complete and 0 interrupted iterations
users   [  57% ] 1562/1562 VUs  5m08.7s/9m00.0s

running (5m09.7s), 1562/1562 VUs, 67427 complete and 0 interrupted iterations
users   [  57% ] 1562/1562 VUs  5m09.7s/9m00.0s

running (5m10.7s), 1562/1562 VUs, 67639 complete and 0 interrupted iterations
users   [  58% ] 1562/1562 VUs  5m10.7s/9m00.0s

running (5m11.7s), 1562/1562 VUs, 67852 complete and 0 interrupted iterations
users   [  58% ] 1562/1562 VUs  5m11.7s/9m00.0s

running (5m12.7s), 1562/1562 VUs, 68076 complete and 0 interrupted iterations
users   [  58% ] 1562/1562 VUs  5m12.7s/9m00.0s

running (5m13.7s), 1562/1562 VUs, 68288 complete and 0 interrupted iterations
users   [  58% ] 1562/1562 VUs  5m13.7s/9m00.0s

running (5m14.7s), 1562/1562 VUs, 68505 complete and 0 interrupted iterations
users   [  58% ] 1562/1562 VUs  5m14.7s/9m00.0s

running (5m15.7s), 1562/1562 VUs, 68726 complete and 0 interrupted iterations
users   [  58% ] 1562/1562 VUs  5m15.7s/9m00.0s

running (5m16.7s), 1562/1562 VUs, 68940 complete and 0 interrupted iterations
users   [  59% ] 1562/1562 VUs  5m16.7s/9m00.0s

running (5m17.7s), 1562/1562 VUs, 69135 complete and 0 interrupted iterations
users   [  59% ] 1562/1562 VUs  5m17.7s/9m00.0s

running (5m18.7s), 1562/1562 VUs, 69345 complete and 0 interrupted iterations
users   [  59% ] 1562/1562 VUs  5m18.7s/9m00.0s

running (5m19.7s), 1562/1562 VUs, 69561 complete and 0 interrupted iterations
users   [  59% ] 1562/1562 VUs  5m19.7s/9m00.0s

running (5m20.7s), 1562/1562 VUs, 69766 complete and 0 interrupted iterations
users   [  59% ] 1562/1562 VUs  5m20.7s/9m00.0s

running (5m21.7s), 1562/1562 VUs, 69976 complete and 0 interrupted iterations
users   [  60% ] 1562/1562 VUs  5m21.7s/9m00.0s

running (5m22.7s), 1562/1562 VUs, 70200 complete and 0 interrupted iterations
users   [  60% ] 1562/1562 VUs  5m22.7s/9m00.0s

running (5m23.7s), 1562/1562 VUs, 70411 complete and 0 interrupted iterations
users   [  60% ] 1562/1562 VUs  5m23.7s/9m00.0s

running (5m24.7s), 1562/1562 VUs, 70625 complete and 0 interrupted iterations
users   [  60% ] 1562/1562 VUs  5m24.7s/9m00.0s

running (5m25.7s), 1562/1562 VUs, 70836 complete and 0 interrupted iterations
users   [  60% ] 1562/1562 VUs  5m25.7s/9m00.0s

running (5m26.7s), 1562/1562 VUs, 71061 complete and 0 interrupted iterations
users   [  60% ] 1562/1562 VUs  5m26.7s/9m00.0s

running (5m27.7s), 1562/1562 VUs, 71283 complete and 0 interrupted iterations
users   [  61% ] 1562/1562 VUs  5m27.7s/9m00.0s

running (5m28.7s), 1562/1562 VUs, 71499 complete and 0 interrupted iterations
users   [  61% ] 1562/1562 VUs  5m28.7s/9m00.0s

running (5m29.7s), 1562/1562 VUs, 71715 complete and 0 interrupted iterations
users   [  61% ] 1562/1562 VUs  5m29.7s/9m00.0s

running (5m30.7s), 1562/1562 VUs, 71926 complete and 0 interrupted iterations
users   [  61% ] 1562/1562 VUs  5m30.7s/9m00.0s

running (5m31.7s), 1562/1562 VUs, 72143 complete and 0 interrupted iterations
users   [  61% ] 1562/1562 VUs  5m31.7s/9m00.0s

running (5m32.7s), 1562/1562 VUs, 72359 complete and 0 interrupted iterations
users   [  62% ] 1562/1562 VUs  5m32.7s/9m00.0s

running (5m33.7s), 1562/1562 VUs, 72572 complete and 0 interrupted iterations
users   [  62% ] 1562/1562 VUs  5m33.7s/9m00.0s

running (5m34.7s), 1562/1562 VUs, 72799 complete and 0 interrupted iterations
users   [  62% ] 1562/1562 VUs  5m34.7s/9m00.0s

running (5m35.7s), 1562/1562 VUs, 73020 complete and 0 interrupted iterations
users   [  62% ] 1562/1562 VUs  5m35.7s/9m00.0s

running (5m36.7s), 1562/1562 VUs, 73237 complete and 0 interrupted iterations
users   [  62% ] 1562/1562 VUs  5m36.7s/9m00.0s

running (5m37.7s), 1562/1562 VUs, 73453 complete and 0 interrupted iterations
users   [  63% ] 1562/1562 VUs  5m37.7s/9m00.0s

running (5m38.7s), 1562/1562 VUs, 73661 complete and 0 interrupted iterations
users   [  63% ] 1562/1562 VUs  5m38.7s/9m00.0s

running (5m39.7s), 1562/1562 VUs, 73872 complete and 0 interrupted iterations
users   [  63% ] 1562/1562 VUs  5m39.7s/9m00.0s

running (5m40.7s), 1562/1562 VUs, 74086 complete and 0 interrupted iterations
users   [  63% ] 1562/1562 VUs  5m40.7s/9m00.0s

running (5m41.7s), 1562/1562 VUs, 74303 complete and 0 interrupted iterations
users   [  63% ] 1562/1562 VUs  5m41.7s/9m00.0s

running (5m42.7s), 1562/1562 VUs, 74520 complete and 0 interrupted iterations
users   [  63% ] 1562/1562 VUs  5m42.7s/9m00.0s

running (5m43.7s), 1562/1562 VUs, 74729 complete and 0 interrupted iterations
users   [  64% ] 1562/1562 VUs  5m43.7s/9m00.0s

running (5m44.7s), 1562/1562 VUs, 74946 complete and 0 interrupted iterations
users   [  64% ] 1562/1562 VUs  5m44.7s/9m00.0s

running (5m45.7s), 1562/1562 VUs, 75119 complete and 0 interrupted iterations
users   [  64% ] 1562/1562 VUs  5m45.7s/9m00.0s

running (5m46.7s), 1562/1562 VUs, 75337 complete and 0 interrupted iterations
users   [  64% ] 1562/1562 VUs  5m46.7s/9m00.0s

running (5m47.7s), 1562/1562 VUs, 75557 complete and 0 interrupted iterations
users   [  64% ] 1562/1562 VUs  5m47.7s/9m00.0s

running (5m48.7s), 1562/1562 VUs, 75772 complete and 0 interrupted iterations
users   [  65% ] 1562/1562 VUs  5m48.7s/9m00.0s

running (5m49.7s), 1562/1562 VUs, 75987 complete and 0 interrupted iterations
users   [  65% ] 1562/1562 VUs  5m49.7s/9m00.0s

running (5m50.7s), 1562/1562 VUs, 76187 complete and 0 interrupted iterations
users   [  65% ] 1562/1562 VUs  5m50.7s/9m00.0s

running (5m51.7s), 1562/1562 VUs, 76402 complete and 0 interrupted iterations
users   [  65% ] 1562/1562 VUs  5m51.7s/9m00.0s

running (5m52.7s), 1562/1562 VUs, 76615 complete and 0 interrupted iterations
users   [  65% ] 1562/1562 VUs  5m52.7s/9m00.0s

running (5m53.7s), 1562/1562 VUs, 76833 complete and 0 interrupted iterations
users   [  65% ] 1562/1562 VUs  5m53.7s/9m00.0s

running (5m54.7s), 1562/1562 VUs, 77037 complete and 0 interrupted iterations
users   [  66% ] 1562/1562 VUs  5m54.7s/9m00.0s

running (5m55.7s), 1562/1562 VUs, 77250 complete and 0 interrupted iterations
users   [  66% ] 1562/1562 VUs  5m55.7s/9m00.0s

running (5m56.7s), 1562/1562 VUs, 77455 complete and 0 interrupted iterations
users   [  66% ] 1562/1562 VUs  5m56.7s/9m00.0s

running (5m57.7s), 1562/1562 VUs, 77668 complete and 0 interrupted iterations
users   [  66% ] 1562/1562 VUs  5m57.7s/9m00.0s

running (5m58.7s), 1562/1562 VUs, 77882 complete and 0 interrupted iterations
users   [  66% ] 1562/1562 VUs  5m58.7s/9m00.0s

running (5m59.7s), 1562/1562 VUs, 78102 complete and 0 interrupted iterations
users   [  67% ] 1562/1562 VUs  5m59.7s/9m00.0s

running (6m00.7s), 1562/1562 VUs, 78302 complete and 0 interrupted iterations
users   [  67% ] 1562/1562 VUs  6m00.7s/9m00.0s

running (6m01.7s), 1562/1562 VUs, 78515 complete and 0 interrupted iterations
users   [  67% ] 1562/1562 VUs  6m01.7s/9m00.0s

running (6m02.7s), 1562/1562 VUs, 78721 complete and 0 interrupted iterations
users   [  67% ] 1562/1562 VUs  6m02.7s/9m00.0s

running (6m03.7s), 1562/1562 VUs, 78935 complete and 0 interrupted iterations
users   [  67% ] 1562/1562 VUs  6m03.7s/9m00.0s

running (6m04.7s), 1562/1562 VUs, 79153 complete and 0 interrupted iterations
users   [  68% ] 1562/1562 VUs  6m04.7s/9m00.0s

running (6m05.7s), 1562/1562 VUs, 79370 complete and 0 interrupted iterations
users   [  68% ] 1562/1562 VUs  6m05.7s/9m00.0s

running (6m06.7s), 1562/1562 VUs, 79587 complete and 0 interrupted iterations
users   [  68% ] 1562/1562 VUs  6m06.7s/9m00.0s

running (6m07.7s), 1562/1562 VUs, 79803 complete and 0 interrupted iterations
users   [  68% ] 1562/1562 VUs  6m07.7s/9m00.0s

running (6m08.7s), 1562/1562 VUs, 80012 complete and 0 interrupted iterations
users   [  68% ] 1562/1562 VUs  6m08.7s/9m00.0s

running (6m09.7s), 1562/1562 VUs, 80233 complete and 0 interrupted iterations
users   [  68% ] 1562/1562 VUs  6m09.7s/9m00.0s

running (6m10.7s), 1562/1562 VUs, 80434 complete and 0 interrupted iterations
users   [  69% ] 1562/1562 VUs  6m10.7s/9m00.0s

running (6m11.7s), 1562/1562 VUs, 80651 complete and 0 interrupted iterations
users   [  69% ] 1562/1562 VUs  6m11.7s/9m00.0s

running (6m12.7s), 1562/1562 VUs, 80871 complete and 0 interrupted iterations
users   [  69% ] 1562/1562 VUs  6m12.7s/9m00.0s

running (6m13.7s), 1562/1562 VUs, 81087 complete and 0 interrupted iterations
users   [  69% ] 1562/1562 VUs  6m13.7s/9m00.0s

running (6m14.7s), 1562/1562 VUs, 81305 complete and 0 interrupted iterations
users   [  69% ] 1562/1562 VUs  6m14.7s/9m00.0s

running (6m15.7s), 1562/1562 VUs, 81517 complete and 0 interrupted iterations
users   [  70% ] 1562/1562 VUs  6m15.7s/9m00.0s

running (6m16.7s), 1562/1562 VUs, 81730 complete and 0 interrupted iterations
users   [  70% ] 1562/1562 VUs  6m16.7s/9m00.0s

running (6m17.7s), 1562/1562 VUs, 81939 complete and 0 interrupted iterations
users   [  70% ] 1562/1562 VUs  6m17.7s/9m00.0s

running (6m18.7s), 1562/1562 VUs, 82156 complete and 0 interrupted iterations
users   [  70% ] 1562/1562 VUs  6m18.7s/9m00.0s

running (6m19.7s), 1562/1562 VUs, 82349 complete and 0 interrupted iterations
users   [  70% ] 1562/1562 VUs  6m19.7s/9m00.0s

running (6m20.7s), 1562/1562 VUs, 82559 complete and 0 interrupted iterations
users   [  70% ] 1562/1562 VUs  6m20.7s/9m00.0s

running (6m21.7s), 1562/1562 VUs, 82773 complete and 0 interrupted iterations
users   [  71% ] 1562/1562 VUs  6m21.7s/9m00.0s

running (6m22.7s), 1562/1562 VUs, 82987 complete and 0 interrupted iterations
users   [  71% ] 1562/1562 VUs  6m22.7s/9m00.0s

running (6m23.7s), 1562/1562 VUs, 83200 complete and 0 interrupted iterations
users   [  71% ] 1562/1562 VUs  6m23.7s/9m00.0s

running (6m24.7s), 1562/1562 VUs, 83416 complete and 0 interrupted iterations
users   [  71% ] 1562/1562 VUs  6m24.7s/9m00.0s

running (6m25.7s), 1562/1562 VUs, 83627 complete and 0 interrupted iterations
users   [  71% ] 1562/1562 VUs  6m25.7s/9m00.0s

running (6m26.7s), 1562/1562 VUs, 83829 complete and 0 interrupted iterations
users   [  72% ] 1562/1562 VUs  6m26.7s/9m00.0s

running (6m27.7s), 1562/1562 VUs, 84031 complete and 0 interrupted iterations
users   [  72% ] 1562/1562 VUs  6m27.7s/9m00.0s

running (6m28.7s), 1562/1562 VUs, 84236 complete and 0 interrupted iterations
users   [  72% ] 1562/1562 VUs  6m28.7s/9m00.0s

running (6m29.7s), 1562/1562 VUs, 84452 complete and 0 interrupted iterations
users   [  72% ] 1562/1562 VUs  6m29.7s/9m00.0s

running (6m30.7s), 1562/1562 VUs, 84659 complete and 0 interrupted iterations
users   [  72% ] 1562/1562 VUs  6m30.7s/9m00.0s

running (6m31.7s), 1562/1562 VUs, 84866 complete and 0 interrupted iterations
users   [  73% ] 1562/1562 VUs  6m31.7s/9m00.0s

running (6m32.7s), 1562/1562 VUs, 85075 complete and 0 interrupted iterations
users   [  73% ] 1562/1562 VUs  6m32.7s/9m00.0s

running (6m33.7s), 1562/1562 VUs, 85291 complete and 0 interrupted iterations
users   [  73% ] 1562/1562 VUs  6m33.7s/9m00.0s

running (6m34.7s), 1562/1562 VUs, 85492 complete and 0 interrupted iterations
users   [  73% ] 1562/1562 VUs  6m34.7s/9m00.0s

running (6m35.7s), 1562/1562 VUs, 85703 complete and 0 interrupted iterations
users   [  73% ] 1562/1562 VUs  6m35.7s/9m00.0s

running (6m36.7s), 1562/1562 VUs, 85910 complete and 0 interrupted iterations
users   [  73% ] 1562/1562 VUs  6m36.7s/9m00.0s

running (6m37.7s), 1562/1562 VUs, 86110 complete and 0 interrupted iterations
users   [  74% ] 1562/1562 VUs  6m37.7s/9m00.0s

running (6m38.7s), 1562/1562 VUs, 86317 complete and 0 interrupted iterations
users   [  74% ] 1562/1562 VUs  6m38.7s/9m00.0s

running (6m39.7s), 1562/1562 VUs, 86523 complete and 0 interrupted iterations
users   [  74% ] 1562/1562 VUs  6m39.7s/9m00.0s

running (6m40.7s), 1562/1562 VUs, 86732 complete and 0 interrupted iterations
users   [  74% ] 1562/1562 VUs  6m40.7s/9m00.0s

running (6m41.7s), 1562/1562 VUs, 86938 complete and 0 interrupted iterations
users   [  74% ] 1562/1562 VUs  6m41.7s/9m00.0s

running (6m42.7s), 1562/1562 VUs, 87150 complete and 0 interrupted iterations
users   [  75% ] 1562/1562 VUs  6m42.7s/9m00.0s

running (6m43.7s), 1562/1562 VUs, 87353 complete and 0 interrupted iterations
users   [  75% ] 1562/1562 VUs  6m43.7s/9m00.0s

running (6m44.7s), 1562/1562 VUs, 87554 complete and 0 interrupted iterations
users   [  75% ] 1562/1562 VUs  6m44.7s/9m00.0s

running (6m45.7s), 1562/1562 VUs, 87726 complete and 0 interrupted iterations
users   [  75% ] 1562/1562 VUs  6m45.7s/9m00.0s

running (6m46.7s), 1562/1562 VUs, 87909 complete and 0 interrupted iterations
users   [  75% ] 1562/1562 VUs  6m46.7s/9m00.0s

running (6m47.7s), 1562/1562 VUs, 88125 complete and 0 interrupted iterations
users   [  75% ] 1562/1562 VUs  6m47.7s/9m00.0s

running (6m48.7s), 1562/1562 VUs, 88348 complete and 0 interrupted iterations
users   [  76% ] 1562/1562 VUs  6m48.7s/9m00.0s

running (6m49.7s), 1562/1562 VUs, 88562 complete and 0 interrupted iterations
users   [  76% ] 1562/1562 VUs  6m49.7s/9m00.0s

running (6m50.7s), 1562/1562 VUs, 88774 complete and 0 interrupted iterations
users   [  76% ] 1562/1562 VUs  6m50.7s/9m00.0s

running (6m51.7s), 1562/1562 VUs, 88974 complete and 0 interrupted iterations
users   [  76% ] 1562/1562 VUs  6m51.7s/9m00.0s

running (6m52.7s), 1562/1562 VUs, 89193 complete and 0 interrupted iterations
users   [  76% ] 1562/1562 VUs  6m52.7s/9m00.0s

running (6m53.7s), 1562/1562 VUs, 89406 complete and 0 interrupted iterations
users   [  77% ] 1562/1562 VUs  6m53.7s/9m00.0s

running (6m54.7s), 1562/1562 VUs, 89612 complete and 0 interrupted iterations
users   [  77% ] 1562/1562 VUs  6m54.7s/9m00.0s

running (6m55.7s), 1562/1562 VUs, 89801 complete and 0 interrupted iterations
users   [  77% ] 1562/1562 VUs  6m55.7s/9m00.0s

running (6m56.7s), 1562/1562 VUs, 90015 complete and 0 interrupted iterations
users   [  77% ] 1562/1562 VUs  6m56.7s/9m00.0s

running (6m57.7s), 1562/1562 VUs, 90230 complete and 0 interrupted iterations
users   [  77% ] 1562/1562 VUs  6m57.7s/9m00.0s

running (6m58.7s), 1562/1562 VUs, 90437 complete and 0 interrupted iterations
users   [  78% ] 1562/1562 VUs  6m58.7s/9m00.0s

running (6m59.7s), 1562/1562 VUs, 90652 complete and 0 interrupted iterations
users   [  78% ] 1562/1562 VUs  6m59.7s/9m00.0s

running (7m00.7s), 1561/1562 VUs, 90845 complete and 0 interrupted iterations
users   [  78% ] 1561/1562 VUs  7m00.7s/9m00.0s

running (7m01.7s), 1559/1562 VUs, 91052 complete and 0 interrupted iterations
users   [  78% ] 1559/1562 VUs  7m01.7s/9m00.0s

running (7m02.7s), 1555/1562 VUs, 91271 complete and 0 interrupted iterations
users   [  78% ] 1555/1562 VUs  7m02.7s/9m00.0s

running (7m03.7s), 1550/1562 VUs, 91478 complete and 0 interrupted iterations
users   [  78% ] 1550/1562 VUs  7m03.7s/9m00.0s

running (7m04.7s), 1544/1562 VUs, 91646 complete and 0 interrupted iterations
users   [  79% ] 1544/1562 VUs  7m04.7s/9m00.0s

running (7m05.7s), 1536/1562 VUs, 91855 complete and 0 interrupted iterations
users   [  79% ] 1536/1562 VUs  7m05.7s/9m00.0s

running (7m06.7s), 1521/1562 VUs, 92071 complete and 0 interrupted iterations
users   [  79% ] 1521/1562 VUs  7m06.7s/9m00.0s

running (7m07.7s), 1509/1562 VUs, 92289 complete and 0 interrupted iterations
users   [  79% ] 1509/1562 VUs  7m07.7s/9m00.0s

running (7m08.7s), 1495/1562 VUs, 92510 complete and 0 interrupted iterations
users   [  79% ] 1495/1562 VUs  7m08.7s/9m00.0s

running (7m09.7s), 1485/1562 VUs, 92716 complete and 0 interrupted iterations
users   [  80% ] 1485/1562 VUs  7m09.7s/9m00.0s

running (7m10.7s), 1471/1562 VUs, 92931 complete and 0 interrupted iterations
users   [  80% ] 1471/1562 VUs  7m10.7s/9m00.0s

running (7m11.7s), 1461/1562 VUs, 93133 complete and 0 interrupted iterations
users   [  80% ] 1461/1562 VUs  7m11.7s/9m00.0s

running (7m12.7s), 1447/1562 VUs, 93342 complete and 0 interrupted iterations
users   [  80% ] 1447/1562 VUs  7m12.7s/9m00.0s

running (7m13.7s), 1430/1562 VUs, 93555 complete and 0 interrupted iterations
users   [  80% ] 1430/1562 VUs  7m13.7s/9m00.0s

running (7m14.7s), 1419/1562 VUs, 93768 complete and 0 interrupted iterations
users   [  80% ] 1419/1562 VUs  7m14.7s/9m00.0s

running (7m15.7s), 1408/1562 VUs, 93980 complete and 0 interrupted iterations
users   [  81% ] 1408/1562 VUs  7m15.7s/9m00.0s

running (7m16.7s), 1399/1562 VUs, 94182 complete and 0 interrupted iterations
users   [  81% ] 1399/1562 VUs  7m16.7s/9m00.0s

running (7m17.7s), 1385/1562 VUs, 94376 complete and 0 interrupted iterations
users   [  81% ] 1385/1562 VUs  7m17.7s/9m00.0s

running (7m18.7s), 1372/1562 VUs, 94572 complete and 0 interrupted iterations
users   [  81% ] 1372/1562 VUs  7m18.7s/9m00.0s

running (7m19.7s), 1357/1562 VUs, 94781 complete and 0 interrupted iterations
users   [  81% ] 1357/1562 VUs  7m19.7s/9m00.0s

running (7m20.7s), 1341/1562 VUs, 94998 complete and 0 interrupted iterations
users   [  82% ] 1341/1562 VUs  7m20.7s/9m00.0s

running (7m21.7s), 1328/1562 VUs, 95192 complete and 0 interrupted iterations
users   [  82% ] 1328/1562 VUs  7m21.7s/9m00.0s

running (7m22.7s), 1318/1562 VUs, 95407 complete and 0 interrupted iterations
users   [  82% ] 1318/1562 VUs  7m22.7s/9m00.0s

running (7m23.7s), 1295/1562 VUs, 95615 complete and 0 interrupted iterations
users   [  82% ] 1295/1562 VUs  7m23.7s/9m00.0s

running (7m24.7s), 1280/1562 VUs, 95838 complete and 0 interrupted iterations
users   [  82% ] 1280/1562 VUs  7m24.7s/9m00.0s

running (7m25.7s), 1266/1562 VUs, 96056 complete and 0 interrupted iterations
users   [  83% ] 1266/1562 VUs  7m25.7s/9m00.0s

running (7m26.7s), 1257/1562 VUs, 96271 complete and 0 interrupted iterations
users   [  83% ] 1257/1562 VUs  7m26.7s/9m00.0s

running (7m27.7s), 1241/1562 VUs, 96492 complete and 0 interrupted iterations
users   [  83% ] 1241/1562 VUs  7m27.7s/9m00.0s

running (7m28.7s), 1228/1562 VUs, 96711 complete and 0 interrupted iterations
users   [  83% ] 1228/1562 VUs  7m28.7s/9m00.0s

running (7m29.7s), 1219/1562 VUs, 96934 complete and 0 interrupted iterations
users   [  83% ] 1219/1562 VUs  7m29.7s/9m00.0s

running (7m30.7s), 1192/1562 VUs, 97257 complete and 0 interrupted iterations
users   [  83% ] 1192/1562 VUs  7m30.7s/9m00.0s

running (7m31.7s), 1181/1562 VUs, 97513 complete and 0 interrupted iterations
users   [  84% ] 1181/1562 VUs  7m31.7s/9m00.0s

running (7m32.7s), 1171/1562 VUs, 97715 complete and 0 interrupted iterations
users   [  84% ] 1171/1562 VUs  7m32.7s/9m00.0s

running (7m33.7s), 1159/1562 VUs, 97919 complete and 0 interrupted iterations
users   [  84% ] 1159/1562 VUs  7m33.7s/9m00.0s

running (7m34.7s), 1145/1562 VUs, 98139 complete and 0 interrupted iterations
users   [  84% ] 1145/1562 VUs  7m34.7s/9m00.0s

running (7m35.7s), 1130/1562 VUs, 98437 complete and 0 interrupted iterations
users   [  84% ] 1130/1562 VUs  7m35.7s/9m00.0s

running (7m36.7s), 1121/1562 VUs, 98686 complete and 0 interrupted iterations
users   [  85% ] 1121/1562 VUs  7m36.7s/9m00.0s

running (7m37.7s), 1106/1562 VUs, 98874 complete and 0 interrupted iterations
users   [  85% ] 1106/1562 VUs  7m37.7s/9m00.0s

running (7m38.7s), 1092/1562 VUs, 99067 complete and 0 interrupted iterations
users   [  85% ] 1092/1562 VUs  7m38.7s/9m00.0s

running (7m39.7s), 1081/1562 VUs, 99270 complete and 0 interrupted iterations
users   [  85% ] 1081/1562 VUs  7m39.7s/9m00.0s

running (7m40.7s), 1067/1562 VUs, 99549 complete and 0 interrupted iterations
users   [  85% ] 1067/1562 VUs  7m40.7s/9m00.0s

running (7m41.7s), 1049/1562 VUs, 99789 complete and 0 interrupted iterations
users   [  85% ] 1049/1562 VUs  7m41.7s/9m00.0s

running (7m42.7s), 1037/1562 VUs, 99962 complete and 0 interrupted iterations
users   [  86% ] 1037/1562 VUs  7m42.7s/9m00.0s

running (7m43.7s), 1027/1562 VUs, 100145 complete and 0 interrupted iterations
users   [  86% ] 1027/1562 VUs  7m43.7s/9m00.0s

running (7m44.7s), 1016/1562 VUs, 100343 complete and 0 interrupted iterations
users   [  86% ] 1016/1562 VUs  7m44.7s/9m00.0s

running (7m45.7s), 0997/1562 VUs, 100604 complete and 0 interrupted iterations
users   [  86% ] 0997/1562 VUs  7m45.7s/9m00.0s

running (7m46.7s), 0987/1562 VUs, 100829 complete and 0 interrupted iterations
users   [  86% ] 0987/1562 VUs  7m46.7s/9m00.0s

running (7m47.7s), 0980/1562 VUs, 100989 complete and 0 interrupted iterations
users   [  87% ] 0980/1562 VUs  7m47.7s/9m00.0s

running (7m48.7s), 0964/1562 VUs, 101162 complete and 0 interrupted iterations
users   [  87% ] 0964/1562 VUs  7m48.7s/9m00.0s

running (7m49.7s), 0952/1562 VUs, 101348 complete and 0 interrupted iterations
users   [  87% ] 0952/1562 VUs  7m49.7s/9m00.0s

running (7m50.7s), 0942/1562 VUs, 101588 complete and 0 interrupted iterations
users   [  87% ] 0942/1562 VUs  7m50.7s/9m00.0s

running (7m51.7s), 0925/1562 VUs, 101801 complete and 0 interrupted iterations
users   [  87% ] 0925/1562 VUs  7m51.7s/9m00.0s

running (7m52.7s), 0915/1562 VUs, 101954 complete and 0 interrupted iterations
users   [  88% ] 0915/1562 VUs  7m52.7s/9m00.0s

running (7m53.7s), 0903/1562 VUs, 102111 complete and 0 interrupted iterations
users   [  88% ] 0903/1562 VUs  7m53.7s/9m00.0s

running (7m54.7s), 0882/1562 VUs, 102288 complete and 0 interrupted iterations
users   [  88% ] 0882/1562 VUs  7m54.7s/9m00.0s

running (7m55.7s), 0868/1562 VUs, 102512 complete and 0 interrupted iterations
users   [  88% ] 0868/1562 VUs  7m55.7s/9m00.0s

running (7m56.7s), 0854/1562 VUs, 102713 complete and 0 interrupted iterations
users   [  88% ] 0854/1562 VUs  7m56.7s/9m00.0s

running (7m57.7s), 0843/1562 VUs, 102860 complete and 0 interrupted iterations
users   [  88% ] 0843/1562 VUs  7m57.7s/9m00.0s

running (7m58.7s), 0829/1562 VUs, 103002 complete and 0 interrupted iterations
users   [  89% ] 0829/1562 VUs  7m58.7s/9m00.0s

running (7m59.7s), 0817/1562 VUs, 103162 complete and 0 interrupted iterations
users   [  89% ] 0817/1562 VUs  7m59.7s/9m00.0s

running (8m00.7s), 0802/1562 VUs, 103367 complete and 0 interrupted iterations
users   [  89% ] 0802/1562 VUs  8m00.7s/9m00.0s

running (8m01.7s), 0794/1562 VUs, 103555 complete and 0 interrupted iterations
users   [  89% ] 0794/1562 VUs  8m01.7s/9m00.0s

running (8m02.7s), 0789/1562 VUs, 103693 complete and 0 interrupted iterations
users   [  89% ] 0789/1562 VUs  8m02.7s/9m00.0s

running (8m03.7s), 0781/1562 VUs, 103822 complete and 0 interrupted iterations
users   [  90% ] 0781/1562 VUs  8m03.7s/9m00.0s

running (8m04.7s), 0763/1562 VUs, 103969 complete and 0 interrupted iterations
users   [  90% ] 0763/1562 VUs  8m04.7s/9m00.0s

running (8m05.7s), 0741/1562 VUs, 104157 complete and 0 interrupted iterations
users   [  90% ] 0741/1562 VUs  8m05.7s/9m00.0s

running (8m06.7s), 0726/1562 VUs, 104334 complete and 0 interrupted iterations
users   [  90% ] 0726/1562 VUs  8m06.7s/9m00.0s

running (8m07.7s), 0718/1562 VUs, 104468 complete and 0 interrupted iterations
users   [  90% ] 0718/1562 VUs  8m07.7s/9m00.0s

running (8m08.7s), 0708/1562 VUs, 104593 complete and 0 interrupted iterations
users   [  90% ] 0708/1562 VUs  8m08.7s/9m00.0s

running (8m09.7s), 0698/1562 VUs, 104718 complete and 0 interrupted iterations
users   [  91% ] 0698/1562 VUs  8m09.7s/9m00.0s

running (8m10.7s), 0676/1562 VUs, 104889 complete and 0 interrupted iterations
users   [  91% ] 0676/1562 VUs  8m10.7s/9m00.0s

running (8m11.7s), 0662/1562 VUs, 105053 complete and 0 interrupted iterations
users   [  91% ] 0662/1562 VUs  8m11.7s/9m00.0s

running (8m12.7s), 0650/1562 VUs, 105177 complete and 0 interrupted iterations
users   [  91% ] 0650/1562 VUs  8m12.7s/9m00.0s

running (8m13.7s), 0638/1562 VUs, 105294 complete and 0 interrupted iterations
users   [  91% ] 0638/1562 VUs  8m13.7s/9m00.0s

running (8m14.7s), 0626/1562 VUs, 105408 complete and 0 interrupted iterations
users   [  92% ] 0626/1562 VUs  8m14.7s/9m00.0s

running (8m15.7s), 0606/1562 VUs, 105557 complete and 0 interrupted iterations
users   [  92% ] 0606/1562 VUs  8m15.7s/9m00.0s

running (8m16.7s), 0596/1562 VUs, 105706 complete and 0 interrupted iterations
users   [  92% ] 0596/1562 VUs  8m16.7s/9m00.0s

running (8m17.7s), 0580/1562 VUs, 105819 complete and 0 interrupted iterations
users   [  92% ] 0580/1562 VUs  8m17.7s/9m00.0s

running (8m18.7s), 0571/1562 VUs, 105926 complete and 0 interrupted iterations
users   [  92% ] 0571/1562 VUs  8m18.7s/9m00.0s

running (8m19.7s), 0561/1562 VUs, 106028 complete and 0 interrupted iterations
users   [  93% ] 0561/1562 VUs  8m19.7s/9m00.0s

running (8m20.7s), 0549/1562 VUs, 106149 complete and 0 interrupted iterations
users   [  93% ] 0549/1562 VUs  8m20.7s/9m00.0s

running (8m21.7s), 0528/1562 VUs, 106293 complete and 0 interrupted iterations
users   [  93% ] 0528/1562 VUs  8m21.7s/9m00.0s

running (8m22.7s), 0524/1562 VUs, 106390 complete and 0 interrupted iterations
users   [  93% ] 0524/1562 VUs  8m22.7s/9m00.0s

running (8m23.7s), 0512/1562 VUs, 106489 complete and 0 interrupted iterations
users   [  93% ] 0512/1562 VUs  8m23.7s/9m00.0s

running (8m24.7s), 0494/1562 VUs, 106582 complete and 0 interrupted iterations
users   [  93% ] 0494/1562 VUs  8m24.7s/9m00.0s

running (8m25.7s), 0479/1562 VUs, 106693 complete and 0 interrupted iterations
users   [  94% ] 0479/1562 VUs  8m25.7s/9m00.0s

running (8m26.7s), 0464/1562 VUs, 106814 complete and 0 interrupted iterations
users   [  94% ] 0464/1562 VUs  8m26.7s/9m00.0s

running (8m27.7s), 0454/1562 VUs, 106908 complete and 0 interrupted iterations
users   [  94% ] 0454/1562 VUs  8m27.7s/9m00.0s

running (8m28.7s), 0441/1562 VUs, 106993 complete and 0 interrupted iterations
users   [  94% ] 0441/1562 VUs  8m28.7s/9m00.0s

running (8m29.7s), 0432/1562 VUs, 107066 complete and 0 interrupted iterations
users   [  94% ] 0432/1562 VUs  8m29.7s/9m00.0s

running (8m30.7s), 0414/1562 VUs, 107166 complete and 0 interrupted iterations
users   [  95% ] 0414/1562 VUs  8m30.7s/9m00.0s

running (8m31.7s), 0403/1562 VUs, 107269 complete and 0 interrupted iterations
users   [  95% ] 0403/1562 VUs  8m31.7s/9m00.0s

running (8m32.7s), 0392/1562 VUs, 107354 complete and 0 interrupted iterations
users   [  95% ] 0392/1562 VUs  8m32.7s/9m00.0s

running (8m33.7s), 0377/1562 VUs, 107426 complete and 0 interrupted iterations
users   [  95% ] 0377/1562 VUs  8m33.7s/9m00.0s

running (8m34.7s), 0365/1562 VUs, 107495 complete and 0 interrupted iterations
users   [  95% ] 0365/1562 VUs  8m34.7s/9m00.0s

running (8m35.7s), 0346/1562 VUs, 107573 complete and 0 interrupted iterations
users   [  95% ] 0346/1562 VUs  8m35.7s/9m00.0s

running (8m36.7s), 0338/1562 VUs, 107667 complete and 0 interrupted iterations
users   [  96% ] 0338/1562 VUs  8m36.7s/9m00.0s

running (8m37.7s), 0321/1562 VUs, 107741 complete and 0 interrupted iterations
users   [  96% ] 0321/1562 VUs  8m37.7s/9m00.0s

running (8m38.7s), 0309/1562 VUs, 107801 complete and 0 interrupted iterations
users   [  96% ] 0309/1562 VUs  8m38.7s/9m00.0s

running (8m39.7s), 0301/1562 VUs, 107858 complete and 0 interrupted iterations
users   [  96% ] 0301/1562 VUs  8m39.7s/9m00.0s

running (8m40.7s), 0288/1562 VUs, 107919 complete and 0 interrupted iterations
users   [  96% ] 0288/1562 VUs  8m40.7s/9m00.0s

running (8m41.7s), 0270/1562 VUs, 108002 complete and 0 interrupted iterations
users   [  97% ] 0270/1562 VUs  8m41.7s/9m00.0s

running (8m42.7s), 0258/1562 VUs, 108061 complete and 0 interrupted iterations
users   [  97% ] 0258/1562 VUs  8m42.7s/9m00.0s

running (8m43.7s), 0246/1562 VUs, 108109 complete and 0 interrupted iterations
users   [  97% ] 0246/1562 VUs  8m43.7s/9m00.0s

running (8m44.7s), 0237/1562 VUs, 108157 complete and 0 interrupted iterations
users   [  97% ] 0237/1562 VUs  8m44.7s/9m00.0s

running (8m45.7s), 0224/1562 VUs, 108204 complete and 0 interrupted iterations
users   [  97% ] 0224/1562 VUs  8m45.7s/9m00.0s

running (8m46.7s), 0204/1562 VUs, 108269 complete and 0 interrupted iterations
users   [  98% ] 0204/1562 VUs  8m46.7s/9m00.0s

running (8m47.7s), 0189/1562 VUs, 108316 complete and 0 interrupted iterations
users   [  98% ] 0189/1562 VUs  8m47.7s/9m00.0s

running (8m48.7s), 0179/1562 VUs, 108353 complete and 0 interrupted iterations
users   [  98% ] 0179/1562 VUs  8m48.7s/9m00.0s

running (8m49.7s), 0167/1562 VUs, 108392 complete and 0 interrupted iterations
users   [  98% ] 0167/1562 VUs  8m49.7s/9m00.0s

running (8m50.7s), 0156/1562 VUs, 108422 complete and 0 interrupted iterations
users   [  98% ] 0156/1562 VUs  8m50.7s/9m00.0s

running (8m51.7s), 0140/1562 VUs, 108466 complete and 0 interrupted iterations
users   [  98% ] 0140/1562 VUs  8m51.7s/9m00.0s

running (8m52.7s), 0127/1562 VUs, 108503 complete and 0 interrupted iterations
users   [  99% ] 0127/1562 VUs  8m52.7s/9m00.0s

running (8m53.7s), 0115/1562 VUs, 108530 complete and 0 interrupted iterations
users   [  99% ] 0115/1562 VUs  8m53.7s/9m00.0s

running (8m54.7s), 0100/1562 VUs, 108558 complete and 0 interrupted iterations
users   [  99% ] 0100/1562 VUs  8m54.7s/9m00.0s

running (8m55.7s), 0091/1562 VUs, 108577 complete and 0 interrupted iterations
users   [  99% ] 0091/1562 VUs  8m55.7s/9m00.0s

running (8m56.7s), 0082/1562 VUs, 108603 complete and 0 interrupted iterations
users   [  99% ] 0082/1562 VUs  8m56.7s/9m00.0s

running (8m57.7s), 0065/1562 VUs, 108627 complete and 0 interrupted iterations
users   [ 100% ] 0065/1562 VUs  8m57.7s/9m00.0s

running (8m58.7s), 0055/1562 VUs, 108643 complete and 0 interrupted iterations
users   [ 100% ] 0055/1562 VUs  8m58.7s/9m00.0s

running (8m59.7s), 0042/1562 VUs, 108656 complete and 0 interrupted iterations
users   [ 100% ] 0042/1562 VUs  8m59.7s/9m00.0s

running (9m00.7s), 0032/1562 VUs, 108666 complete and 0 interrupted iterations
users ↓ [ 100% ] 0041/1562 VUs  9m0s

running (9m01.7s), 0014/1562 VUs, 108684 complete and 0 interrupted iterations
users ↓ [ 100% ] 0041/1562 VUs  9m0s

running (9m02.7s), 0006/1562 VUs, 108692 complete and 0 interrupted iterations
users ↓ [ 100% ] 0041/1562 VUs  9m0s

running (9m03.6s), 0000/1562 VUs, 108698 complete and 0 interrupted iterations
users ✓ [ 100% ] 0000/1562 VUs  9m0s


  █ THRESHOLDS 

    checks{phase:bench}
    ✓ 'rate>0.99' rate=100.00%

    http_req_duration{name:confirm,phase:bench}
    ✗ 'p(95)<200' p(95)=1.65s
    ✗ 'p(99)<600' p(99)=1.83s

    http_req_duration{name:download_expired,phase:bench}
    ✓ 'p(95)<200' p(95)=0s
    ✓ 'p(99)<600' p(99)=0s

    http_req_duration{name:download,phase:bench}
    ✗ 'p(95)<200' p(95)=3.4s
    ✗ 'p(99)<600' p(99)=4.39s

    http_req_duration{name:upload,phase:bench}
    ✗ 'p(95)<200' p(95)=1.67s
    ✗ 'p(99)<600' p(99)=1.83s

    http_req_failed{phase:bench}
    ✓ 'rate<0.01' rate=0.00%

    server_errors{phase:bench}
    ✓ 'rate<0.01' rate=0.00%


  █ TOTAL RESULTS 

    checks_total.......: 111495  205.089276/s
    checks_succeeded...: 100.00% 111495 out of 111495
    checks_failed......: 0.00%   0 out of 111495

    ✓ download as expected
    ✓ upload link 201
    ✓ confirm 200

    CUSTOM
    server_errors.............................: 0.00%  0 out of 111495
      { phase:bench }.........................: 0.00%  0 out of 74407

    HTTP
    http_req_duration.........................: med=5.05ms p(95)=3.17s p(99)=4.16s avg=997.33ms max=9.49s 
      { expected_response:true }..............: med=5.05ms p(95)=3.17s p(99)=4.16s avg=997.33ms max=9.49s 
      { name:confirm,phase:bench }............: med=1.26s  p(95)=1.65s p(99)=1.83s avg=819.1ms  max=2.46s 
      { name:download_expired,phase:bench }...: med=0s     p(95)=0s    p(99)=0s    avg=0s       max=0s    
      { name:download,phase:bench }...........: med=1.67s  p(95)=3.4s  p(99)=4.39s avg=1.37s    max=9.49s 
      { name:upload,phase:bench }.............: med=1.26s  p(95)=1.67s p(99)=1.83s avg=822.56ms max=2.51s 
    http_req_failed...........................: 0.00%  0 out of 111495
      { phase:bench }.........................: 0.00%  0 out of 74959
    http_reqs.................................: 111495 205.089276/s

    EXECUTION
    iteration_duration........................: med=5s     p(95)=8.33s p(99)=9.69s avg=6.07s    max=14.49s
    iterations................................: 108698 199.94434/s
    vus.......................................: 6      min=6           max=1562
    vus_max...................................: 1562   min=1562        max=1562

    NETWORK
    data_received.............................: 262 MB 481 kB/s
    data_sent.................................: 90 MB  166 kB/s




running (9m03.6s), 0000/1562 VUs, 108698 complete and 0 interrupted iterations
users ✓ [ 100% ] 0000/1562 VUs  9m0s
time="2026-09-30T10:47:25Z" level=error msg="thresholds on metrics 'http_req_duration{name:confirm,phase:bench}, http_req_duration{name:download,phase:bench}, http_req_duration{name:upload,phase:bench}' have been crossed"
== 1562 users: fail
== resting 120s
== pass 6: 1406 users (passed up to 1250, failed from 1562)
TRUNCATE TABLE
SELECT 10000
ALTER TABLE
UPDATE 10000
INSERT 0 10000
COPY 10000
VACUUM
  expiry   | count 
-----------+-------
 HOURS24   |  3328
 MINUTES15 |  3321
 MINUTES30 |  3351
(3 rows)

 rows  |  table  | indexes |  total  
-------+---------+---------+---------
 10000 | 1112 kB | 1440 kB | 2552 kB
(1 row)

wrote /tmp/seed.csv (10000 files). Copy it to the load generator and run load-file-list.sh.
file list loaded: 10000 files
time="2026-09-30T10:49:28Z" level=info msg="Automatic extension resolution is enabled. The current k6 binary doesn't satisfy all dependencies, it's required to provision a custom binary." deps="k6;k6/x/redis"
time="2026-09-30T10:49:28Z" level=info msg="Using cached k6 binary" artifact_id=d29e86c20dd9a49cb84ea3c41fac5b8b8e524e06 deps="map[k6:v2.3.0 k6/x/redis:v0.4.3]" path=/home/admin/.cache/k6/builds/d29e86c20dd9a49cb84ea3c41fac5b8b8e524e06/k6

         /\      Grafana   /‾‾/  
    /\  /  \     |\  __   /  /   
   /  \/    \    | |/ /  /   ‾‾\ 
  /          \   |   (  |  (‾)  |
 / __________ \  |_|\_\  \_____/ 


     execution: local
        script: /home/admin/Mint-Bench/k6/mint.js
        output: csv (/home/admin/Mint-Bench/bench-sql/results/2026-09-30-0953/vus-1406/k6.csv.gz)

     scenarios: (100.00%) 1 scenario, 1406 max VUs, 9m30s max duration (incl. graceful stop):
              * users: Up to 1406 looping VUs for 9m0s over 3 stages (gracefulRampDown: 30s, gracefulStop: 30s)


running (0m00.7s), 0008/1406 VUs, 0 complete and 0 interrupted iterations
users   [   0% ] 0008/1406 VUs  0m00.7s/9m00.0s

running (0m01.7s), 0020/1406 VUs, 0 complete and 0 interrupted iterations
users   [   0% ] 0020/1406 VUs  0m01.7s/9m00.0s

running (0m02.7s), 0032/1406 VUs, 0 complete and 0 interrupted iterations
users   [   1% ] 0032/1406 VUs  0m02.7s/9m00.0s

running (0m03.7s), 0043/1406 VUs, 0 complete and 0 interrupted iterations
users   [   1% ] 0043/1406 VUs  0m03.7s/9m00.0s

running (0m04.7s), 0055/1406 VUs, 0 complete and 0 interrupted iterations
users   [   1% ] 0055/1406 VUs  0m04.7s/9m00.0s

running (0m05.7s), 0067/1406 VUs, 7 complete and 0 interrupted iterations
users   [   1% ] 0067/1406 VUs  0m05.7s/9m00.0s

running (0m06.7s), 0078/1406 VUs, 19 complete and 0 interrupted iterations
users   [   1% ] 0078/1406 VUs  0m06.7s/9m00.0s

running (0m07.7s), 0090/1406 VUs, 29 complete and 0 interrupted iterations
users   [   1% ] 0090/1406 VUs  0m07.7s/9m00.0s

running (0m08.7s), 0102/1406 VUs, 42 complete and 0 interrupted iterations
users   [   2% ] 0102/1406 VUs  0m08.7s/9m00.0s

running (0m09.7s), 0114/1406 VUs, 55 complete and 0 interrupted iterations
users   [   2% ] 0114/1406 VUs  0m09.7s/9m00.0s

running (0m10.7s), 0125/1406 VUs, 74 complete and 0 interrupted iterations
users   [   2% ] 0125/1406 VUs  0m10.7s/9m00.0s

running (0m11.7s), 0137/1406 VUs, 96 complete and 0 interrupted iterations
users   [   2% ] 0137/1406 VUs  0m11.7s/9m00.0s

running (0m12.7s), 0149/1406 VUs, 117 complete and 0 interrupted iterations
users   [   2% ] 0149/1406 VUs  0m12.7s/9m00.0s

running (0m13.7s), 0160/1406 VUs, 141 complete and 0 interrupted iterations
users   [   3% ] 0160/1406 VUs  0m13.7s/9m00.0s

running (0m14.7s), 0172/1406 VUs, 165 complete and 0 interrupted iterations
users   [   3% ] 0172/1406 VUs  0m14.7s/9m00.0s

running (0m15.7s), 0184/1406 VUs, 194 complete and 0 interrupted iterations
users   [   3% ] 0184/1406 VUs  0m15.7s/9m00.0s

running (0m16.7s), 0196/1406 VUs, 228 complete and 0 interrupted iterations
users   [   3% ] 0196/1406 VUs  0m16.7s/9m00.0s

running (0m17.7s), 0207/1406 VUs, 263 complete and 0 interrupted iterations
users   [   3% ] 0207/1406 VUs  0m17.7s/9m00.0s

running (0m18.7s), 0219/1406 VUs, 300 complete and 0 interrupted iterations
users   [   3% ] 0219/1406 VUs  0m18.7s/9m00.0s

running (0m19.7s), 0231/1406 VUs, 335 complete and 0 interrupted iterations
users   [   4% ] 0231/1406 VUs  0m19.7s/9m00.0s

running (0m20.7s), 0242/1406 VUs, 376 complete and 0 interrupted iterations
users   [   4% ] 0242/1406 VUs  0m20.7s/9m00.0s

running (0m21.7s), 0254/1406 VUs, 421 complete and 0 interrupted iterations
users   [   4% ] 0254/1406 VUs  0m21.7s/9m00.0s

running (0m22.7s), 0266/1406 VUs, 468 complete and 0 interrupted iterations
users   [   4% ] 0266/1406 VUs  0m22.7s/9m00.0s

running (0m23.7s), 0278/1406 VUs, 515 complete and 0 interrupted iterations
users   [   4% ] 0278/1406 VUs  0m23.7s/9m00.0s

running (0m24.7s), 0289/1406 VUs, 563 complete and 0 interrupted iterations
users   [   5% ] 0289/1406 VUs  0m24.7s/9m00.0s

running (0m25.7s), 0301/1406 VUs, 613 complete and 0 interrupted iterations
users   [   5% ] 0301/1406 VUs  0m25.7s/9m00.0s

running (0m26.7s), 0313/1406 VUs, 672 complete and 0 interrupted iterations
users   [   5% ] 0313/1406 VUs  0m26.7s/9m00.0s

running (0m27.7s), 0324/1406 VUs, 731 complete and 0 interrupted iterations
users   [   5% ] 0324/1406 VUs  0m27.7s/9m00.0s

running (0m28.7s), 0336/1406 VUs, 792 complete and 0 interrupted iterations
users   [   5% ] 0336/1406 VUs  0m28.7s/9m00.0s

running (0m29.7s), 0348/1406 VUs, 849 complete and 0 interrupted iterations
users   [   6% ] 0348/1406 VUs  0m29.7s/9m00.0s

running (0m30.7s), 0360/1406 VUs, 913 complete and 0 interrupted iterations
users   [   6% ] 0360/1406 VUs  0m30.7s/9m00.0s

running (0m31.7s), 0371/1406 VUs, 984 complete and 0 interrupted iterations
users   [   6% ] 0371/1406 VUs  0m31.7s/9m00.0s

running (0m32.7s), 0383/1406 VUs, 1050 complete and 0 interrupted iterations
users   [   6% ] 0383/1406 VUs  0m32.7s/9m00.0s

running (0m33.7s), 0395/1406 VUs, 1120 complete and 0 interrupted iterations
users   [   6% ] 0395/1406 VUs  0m33.7s/9m00.0s

running (0m34.7s), 0406/1406 VUs, 1189 complete and 0 interrupted iterations
users   [   6% ] 0406/1406 VUs  0m34.7s/9m00.0s

running (0m35.7s), 0418/1406 VUs, 1268 complete and 0 interrupted iterations
users   [   7% ] 0418/1406 VUs  0m35.7s/9m00.0s

running (0m36.7s), 0430/1406 VUs, 1349 complete and 0 interrupted iterations
users   [   7% ] 0430/1406 VUs  0m36.7s/9m00.0s

running (0m37.7s), 0442/1406 VUs, 1428 complete and 0 interrupted iterations
users   [   7% ] 0442/1406 VUs  0m37.7s/9m00.0s

running (0m38.7s), 0453/1406 VUs, 1510 complete and 0 interrupted iterations
users   [   7% ] 0453/1406 VUs  0m38.7s/9m00.0s

running (0m39.7s), 0465/1406 VUs, 1589 complete and 0 interrupted iterations
users   [   7% ] 0465/1406 VUs  0m39.7s/9m00.0s

running (0m40.7s), 0477/1406 VUs, 1680 complete and 0 interrupted iterations
users   [   8% ] 0477/1406 VUs  0m40.7s/9m00.0s

running (0m41.7s), 0488/1406 VUs, 1771 complete and 0 interrupted iterations
users   [   8% ] 0488/1406 VUs  0m41.7s/9m00.0s

running (0m42.7s), 0500/1406 VUs, 1860 complete and 0 interrupted iterations
users   [   8% ] 0500/1406 VUs  0m42.7s/9m00.0s

running (0m43.7s), 0512/1406 VUs, 1956 complete and 0 interrupted iterations
users   [   8% ] 0512/1406 VUs  0m43.7s/9m00.0s

running (0m44.7s), 0524/1406 VUs, 2050 complete and 0 interrupted iterations
users   [   8% ] 0524/1406 VUs  0m44.7s/9m00.0s

running (0m45.7s), 0535/1406 VUs, 2152 complete and 0 interrupted iterations
users   [   8% ] 0535/1406 VUs  0m45.7s/9m00.0s

running (0m46.7s), 0547/1406 VUs, 2251 complete and 0 interrupted iterations
users   [   9% ] 0547/1406 VUs  0m46.7s/9m00.0s

running (0m47.7s), 0559/1406 VUs, 2351 complete and 0 interrupted iterations
users   [   9% ] 0559/1406 VUs  0m47.7s/9m00.0s

running (0m48.7s), 0570/1406 VUs, 2465 complete and 0 interrupted iterations
users   [   9% ] 0570/1406 VUs  0m48.7s/9m00.0s

running (0m49.7s), 0582/1406 VUs, 2571 complete and 0 interrupted iterations
users   [   9% ] 0582/1406 VUs  0m49.7s/9m00.0s

running (0m50.7s), 0594/1406 VUs, 2679 complete and 0 interrupted iterations
users   [   9% ] 0594/1406 VUs  0m50.7s/9m00.0s

running (0m51.7s), 0606/1406 VUs, 2792 complete and 0 interrupted iterations
users   [  10% ] 0606/1406 VUs  0m51.7s/9m00.0s

running (0m52.7s), 0617/1406 VUs, 2907 complete and 0 interrupted iterations
users   [  10% ] 0617/1406 VUs  0m52.7s/9m00.0s

running (0m53.7s), 0629/1406 VUs, 3033 complete and 0 interrupted iterations
users   [  10% ] 0629/1406 VUs  0m53.7s/9m00.0s

running (0m54.7s), 0641/1406 VUs, 3151 complete and 0 interrupted iterations
users   [  10% ] 0641/1406 VUs  0m54.7s/9m00.0s

running (0m55.7s), 0653/1406 VUs, 3261 complete and 0 interrupted iterations
users   [  10% ] 0653/1406 VUs  0m55.7s/9m00.0s

running (0m56.7s), 0664/1406 VUs, 3385 complete and 0 interrupted iterations
users   [  11% ] 0664/1406 VUs  0m56.7s/9m00.0s

running (0m57.7s), 0676/1406 VUs, 3514 complete and 0 interrupted iterations
users   [  11% ] 0676/1406 VUs  0m57.7s/9m00.0s

running (0m58.7s), 0688/1406 VUs, 3650 complete and 0 interrupted iterations
users   [  11% ] 0688/1406 VUs  0m58.7s/9m00.0s

running (0m59.7s), 0699/1406 VUs, 3784 complete and 0 interrupted iterations
users   [  11% ] 0699/1406 VUs  0m59.7s/9m00.0s

running (1m00.7s), 0711/1406 VUs, 3906 complete and 0 interrupted iterations
users   [  11% ] 0711/1406 VUs  1m00.7s/9m00.0s

running (1m01.7s), 0723/1406 VUs, 4040 complete and 0 interrupted iterations
users   [  11% ] 0723/1406 VUs  1m01.7s/9m00.0s

running (1m02.7s), 0735/1406 VUs, 4182 complete and 0 interrupted iterations
users   [  12% ] 0735/1406 VUs  1m02.7s/9m00.0s

running (1m03.7s), 0746/1406 VUs, 4325 complete and 0 interrupted iterations
users   [  12% ] 0746/1406 VUs  1m03.7s/9m00.0s

running (1m04.7s), 0758/1406 VUs, 4473 complete and 0 interrupted iterations
users   [  12% ] 0758/1406 VUs  1m04.7s/9m00.0s

running (1m05.7s), 0770/1406 VUs, 4607 complete and 0 interrupted iterations
users   [  12% ] 0770/1406 VUs  1m05.7s/9m00.0s

running (1m06.7s), 0781/1406 VUs, 4755 complete and 0 interrupted iterations
users   [  12% ] 0781/1406 VUs  1m06.7s/9m00.0s

running (1m07.7s), 0793/1406 VUs, 4914 complete and 0 interrupted iterations
users   [  13% ] 0793/1406 VUs  1m07.7s/9m00.0s

running (1m08.7s), 0805/1406 VUs, 5069 complete and 0 interrupted iterations
users   [  13% ] 0805/1406 VUs  1m08.7s/9m00.0s

running (1m09.7s), 0817/1406 VUs, 5223 complete and 0 interrupted iterations
users   [  13% ] 0817/1406 VUs  1m09.7s/9m00.0s

running (1m10.7s), 0828/1406 VUs, 5366 complete and 0 interrupted iterations
users   [  13% ] 0828/1406 VUs  1m10.7s/9m00.0s

running (1m11.7s), 0840/1406 VUs, 5528 complete and 0 interrupted iterations
users   [  13% ] 0840/1406 VUs  1m11.7s/9m00.0s

running (1m12.7s), 0852/1406 VUs, 5701 complete and 0 interrupted iterations
users   [  13% ] 0852/1406 VUs  1m12.7s/9m00.0s

running (1m13.7s), 0863/1406 VUs, 5867 complete and 0 interrupted iterations
users   [  14% ] 0863/1406 VUs  1m13.7s/9m00.0s

running (1m14.7s), 0875/1406 VUs, 6028 complete and 0 interrupted iterations
users   [  14% ] 0875/1406 VUs  1m14.7s/9m00.0s

running (1m15.7s), 0887/1406 VUs, 6180 complete and 0 interrupted iterations
users   [  14% ] 0887/1406 VUs  1m15.7s/9m00.0s

running (1m16.7s), 0899/1406 VUs, 6350 complete and 0 interrupted iterations
users   [  14% ] 0899/1406 VUs  1m16.7s/9m00.0s

running (1m17.7s), 0910/1406 VUs, 6537 complete and 0 interrupted iterations
users   [  14% ] 0910/1406 VUs  1m17.7s/9m00.0s

running (1m18.7s), 0922/1406 VUs, 6719 complete and 0 interrupted iterations
users   [  15% ] 0922/1406 VUs  1m18.7s/9m00.0s

running (1m19.7s), 0934/1406 VUs, 6892 complete and 0 interrupted iterations
users   [  15% ] 0934/1406 VUs  1m19.7s/9m00.0s

running (1m20.7s), 0945/1406 VUs, 7060 complete and 0 interrupted iterations
users   [  15% ] 0945/1406 VUs  1m20.7s/9m00.0s

running (1m21.7s), 0957/1406 VUs, 7239 complete and 0 interrupted iterations
users   [  15% ] 0957/1406 VUs  1m21.7s/9m00.0s

running (1m22.7s), 0969/1406 VUs, 7435 complete and 0 interrupted iterations
users   [  15% ] 0969/1406 VUs  1m22.7s/9m00.0s

running (1m23.7s), 0981/1406 VUs, 7626 complete and 0 interrupted iterations
users   [  16% ] 0981/1406 VUs  1m23.7s/9m00.0s

running (1m24.7s), 0992/1406 VUs, 7817 complete and 0 interrupted iterations
users   [  16% ] 0992/1406 VUs  1m24.7s/9m00.0s

running (1m25.7s), 1004/1406 VUs, 7998 complete and 0 interrupted iterations
users   [  16% ] 1004/1406 VUs  1m25.7s/9m00.0s

running (1m26.7s), 1016/1406 VUs, 8190 complete and 0 interrupted iterations
users   [  16% ] 1016/1406 VUs  1m26.7s/9m00.0s

running (1m27.7s), 1027/1406 VUs, 8394 complete and 0 interrupted iterations
users   [  16% ] 1027/1406 VUs  1m27.7s/9m00.0s

running (1m28.7s), 1039/1406 VUs, 8596 complete and 0 interrupted iterations
users   [  16% ] 1039/1406 VUs  1m28.7s/9m00.0s

running (1m29.7s), 1051/1406 VUs, 8795 complete and 0 interrupted iterations
users   [  17% ] 1051/1406 VUs  1m29.7s/9m00.0s

running (1m30.7s), 1063/1406 VUs, 8981 complete and 0 interrupted iterations
users   [  17% ] 1063/1406 VUs  1m30.7s/9m00.0s

running (1m31.7s), 1074/1406 VUs, 9185 complete and 0 interrupted iterations
users   [  17% ] 1074/1406 VUs  1m31.7s/9m00.0s

running (1m32.7s), 1086/1406 VUs, 9405 complete and 0 interrupted iterations
users   [  17% ] 1086/1406 VUs  1m32.7s/9m00.0s

running (1m33.7s), 1098/1406 VUs, 9618 complete and 0 interrupted iterations
users   [  17% ] 1098/1406 VUs  1m33.7s/9m00.0s

running (1m34.7s), 1109/1406 VUs, 9834 complete and 0 interrupted iterations
users   [  18% ] 1109/1406 VUs  1m34.7s/9m00.0s

running (1m35.7s), 1121/1406 VUs, 10035 complete and 0 interrupted iterations
users   [  18% ] 1121/1406 VUs  1m35.7s/9m00.0s

running (1m36.7s), 1133/1406 VUs, 10248 complete and 0 interrupted iterations
users   [  18% ] 1133/1406 VUs  1m36.7s/9m00.0s

running (1m37.7s), 1145/1406 VUs, 10478 complete and 0 interrupted iterations
users   [  18% ] 1145/1406 VUs  1m37.7s/9m00.0s

running (1m38.7s), 1156/1406 VUs, 10707 complete and 0 interrupted iterations
users   [  18% ] 1156/1406 VUs  1m38.7s/9m00.0s

running (1m39.7s), 1168/1406 VUs, 10929 complete and 0 interrupted iterations
users   [  18% ] 1168/1406 VUs  1m39.7s/9m00.0s

running (1m40.7s), 1180/1406 VUs, 11147 complete and 0 interrupted iterations
users   [  19% ] 1180/1406 VUs  1m40.7s/9m00.0s

running (1m41.7s), 1191/1406 VUs, 11368 complete and 0 interrupted iterations
users   [  19% ] 1191/1406 VUs  1m41.7s/9m00.0s

running (1m42.7s), 1203/1406 VUs, 11604 complete and 0 interrupted iterations
users   [  19% ] 1203/1406 VUs  1m42.7s/9m00.0s

running (1m43.7s), 1215/1406 VUs, 11848 complete and 0 interrupted iterations
users   [  19% ] 1215/1406 VUs  1m43.7s/9m00.0s

running (1m44.7s), 1227/1406 VUs, 12081 complete and 0 interrupted iterations
users   [  19% ] 1227/1406 VUs  1m44.7s/9m00.0s

running (1m45.7s), 1238/1406 VUs, 12312 complete and 0 interrupted iterations
users   [  20% ] 1238/1406 VUs  1m45.7s/9m00.0s

running (1m46.7s), 1250/1406 VUs, 12547 complete and 0 interrupted iterations
users   [  20% ] 1250/1406 VUs  1m46.7s/9m00.0s

running (1m47.7s), 1262/1406 VUs, 12799 complete and 0 interrupted iterations
users   [  20% ] 1262/1406 VUs  1m47.7s/9m00.0s

running (1m48.7s), 1273/1406 VUs, 13049 complete and 0 interrupted iterations
users   [  20% ] 1273/1406 VUs  1m48.7s/9m00.0s

running (1m49.7s), 1285/1406 VUs, 13298 complete and 0 interrupted iterations
users   [  20% ] 1285/1406 VUs  1m49.7s/9m00.0s

running (1m50.7s), 1297/1406 VUs, 13536 complete and 0 interrupted iterations
users   [  21% ] 1297/1406 VUs  1m50.7s/9m00.0s

running (1m51.7s), 1309/1406 VUs, 13780 complete and 0 interrupted iterations
users   [  21% ] 1309/1406 VUs  1m51.7s/9m00.0s

running (1m52.7s), 1320/1406 VUs, 14040 complete and 0 interrupted iterations
users   [  21% ] 1320/1406 VUs  1m52.7s/9m00.0s

running (1m53.7s), 1332/1406 VUs, 14299 complete and 0 interrupted iterations
users   [  21% ] 1332/1406 VUs  1m53.7s/9m00.0s

running (1m54.7s), 1344/1406 VUs, 14567 complete and 0 interrupted iterations
users   [  21% ] 1344/1406 VUs  1m54.7s/9m00.0s

running (1m55.7s), 1355/1406 VUs, 14823 complete and 0 interrupted iterations
users   [  21% ] 1355/1406 VUs  1m55.7s/9m00.0s

running (1m56.7s), 1367/1406 VUs, 15070 complete and 0 interrupted iterations
users   [  22% ] 1367/1406 VUs  1m56.7s/9m00.0s

running (1m57.7s), 1379/1406 VUs, 15339 complete and 0 interrupted iterations
users   [  22% ] 1379/1406 VUs  1m57.7s/9m00.0s

running (1m58.7s), 1391/1406 VUs, 15614 complete and 0 interrupted iterations
users   [  22% ] 1391/1406 VUs  1m58.7s/9m00.0s

running (1m59.7s), 1402/1406 VUs, 15893 complete and 0 interrupted iterations
users   [  22% ] 1402/1406 VUs  1m59.7s/9m00.0s

running (2m00.7s), 1406/1406 VUs, 16163 complete and 0 interrupted iterations
users   [  22% ] 1406/1406 VUs  2m00.7s/9m00.0s

running (2m01.7s), 1406/1406 VUs, 16428 complete and 0 interrupted iterations
users   [  23% ] 1406/1406 VUs  2m01.7s/9m00.0s

running (2m02.7s), 1406/1406 VUs, 16712 complete and 0 interrupted iterations
users   [  23% ] 1406/1406 VUs  2m02.7s/9m00.0s

running (2m03.7s), 1406/1406 VUs, 16993 complete and 0 interrupted iterations
users   [  23% ] 1406/1406 VUs  2m03.7s/9m00.0s

running (2m04.7s), 1406/1406 VUs, 17280 complete and 0 interrupted iterations
users   [  23% ] 1406/1406 VUs  2m04.7s/9m00.0s

running (2m05.7s), 1406/1406 VUs, 17553 complete and 0 interrupted iterations
users   [  23% ] 1406/1406 VUs  2m05.7s/9m00.0s

running (2m06.7s), 1406/1406 VUs, 17817 complete and 0 interrupted iterations
users   [  23% ] 1406/1406 VUs  2m06.7s/9m00.0s

running (2m07.7s), 1406/1406 VUs, 18100 complete and 0 interrupted iterations
users   [  24% ] 1406/1406 VUs  2m07.7s/9m00.0s

running (2m08.7s), 1406/1406 VUs, 18379 complete and 0 interrupted iterations
users   [  24% ] 1406/1406 VUs  2m08.7s/9m00.0s

running (2m09.7s), 1406/1406 VUs, 18664 complete and 0 interrupted iterations
users   [  24% ] 1406/1406 VUs  2m09.7s/9m00.0s

running (2m10.7s), 1406/1406 VUs, 18942 complete and 0 interrupted iterations
users   [  24% ] 1406/1406 VUs  2m10.7s/9m00.0s

running (2m11.7s), 1406/1406 VUs, 19210 complete and 0 interrupted iterations
users   [  24% ] 1406/1406 VUs  2m11.7s/9m00.0s

running (2m12.7s), 1406/1406 VUs, 19491 complete and 0 interrupted iterations
users   [  25% ] 1406/1406 VUs  2m12.7s/9m00.0s

running (2m13.7s), 1406/1406 VUs, 19769 complete and 0 interrupted iterations
users   [  25% ] 1406/1406 VUs  2m13.7s/9m00.0s

running (2m14.7s), 1406/1406 VUs, 20052 complete and 0 interrupted iterations
users   [  25% ] 1406/1406 VUs  2m14.7s/9m00.0s

running (2m15.7s), 1406/1406 VUs, 20335 complete and 0 interrupted iterations
users   [  25% ] 1406/1406 VUs  2m15.7s/9m00.0s

running (2m16.7s), 1406/1406 VUs, 20600 complete and 0 interrupted iterations
users   [  25% ] 1406/1406 VUs  2m16.7s/9m00.0s

running (2m17.7s), 1406/1406 VUs, 20883 complete and 0 interrupted iterations
users   [  26% ] 1406/1406 VUs  2m17.7s/9m00.0s

running (2m18.7s), 1406/1406 VUs, 21163 complete and 0 interrupted iterations
users   [  26% ] 1406/1406 VUs  2m18.7s/9m00.0s

running (2m19.7s), 1406/1406 VUs, 21445 complete and 0 interrupted iterations
users   [  26% ] 1406/1406 VUs  2m19.7s/9m00.0s

running (2m20.7s), 1406/1406 VUs, 21723 complete and 0 interrupted iterations
users   [  26% ] 1406/1406 VUs  2m20.7s/9m00.0s

running (2m21.7s), 1406/1406 VUs, 21989 complete and 0 interrupted iterations
users   [  26% ] 1406/1406 VUs  2m21.7s/9m00.0s

running (2m22.7s), 1406/1406 VUs, 22279 complete and 0 interrupted iterations
users   [  26% ] 1406/1406 VUs  2m22.7s/9m00.0s

running (2m23.7s), 1406/1406 VUs, 22558 complete and 0 interrupted iterations
users   [  27% ] 1406/1406 VUs  2m23.7s/9m00.0s

running (2m24.7s), 1406/1406 VUs, 22833 complete and 0 interrupted iterations
users   [  27% ] 1406/1406 VUs  2m24.7s/9m00.0s

running (2m25.7s), 1406/1406 VUs, 23115 complete and 0 interrupted iterations
users   [  27% ] 1406/1406 VUs  2m25.7s/9m00.0s

running (2m26.7s), 1406/1406 VUs, 23381 complete and 0 interrupted iterations
users   [  27% ] 1406/1406 VUs  2m26.7s/9m00.0s

running (2m27.7s), 1406/1406 VUs, 23669 complete and 0 interrupted iterations
users   [  27% ] 1406/1406 VUs  2m27.7s/9m00.0s

running (2m28.7s), 1406/1406 VUs, 23950 complete and 0 interrupted iterations
users   [  28% ] 1406/1406 VUs  2m28.7s/9m00.0s

running (2m29.7s), 1406/1406 VUs, 24220 complete and 0 interrupted iterations
users   [  28% ] 1406/1406 VUs  2m29.7s/9m00.0s

running (2m30.7s), 1406/1406 VUs, 24508 complete and 0 interrupted iterations
users   [  28% ] 1406/1406 VUs  2m30.7s/9m00.0s

running (2m31.7s), 1406/1406 VUs, 24780 complete and 0 interrupted iterations
users   [  28% ] 1406/1406 VUs  2m31.7s/9m00.0s

running (2m32.7s), 1406/1406 VUs, 25065 complete and 0 interrupted iterations
users   [  28% ] 1406/1406 VUs  2m32.7s/9m00.0s

running (2m33.7s), 1406/1406 VUs, 25341 complete and 0 interrupted iterations
users   [  28% ] 1406/1406 VUs  2m33.7s/9m00.0s

running (2m34.7s), 1406/1406 VUs, 25604 complete and 0 interrupted iterations
users   [  29% ] 1406/1406 VUs  2m34.7s/9m00.0s

running (2m35.7s), 1406/1406 VUs, 25894 complete and 0 interrupted iterations
users   [  29% ] 1406/1406 VUs  2m35.7s/9m00.0s

running (2m36.7s), 1406/1406 VUs, 26166 complete and 0 interrupted iterations
users   [  29% ] 1406/1406 VUs  2m36.7s/9m00.0s

running (2m37.7s), 1406/1406 VUs, 26446 complete and 0 interrupted iterations
users   [  29% ] 1406/1406 VUs  2m37.7s/9m00.0s

running (2m38.7s), 1406/1406 VUs, 26727 complete and 0 interrupted iterations
users   [  29% ] 1406/1406 VUs  2m38.7s/9m00.0s

running (2m39.7s), 1406/1406 VUs, 26992 complete and 0 interrupted iterations
users   [  30% ] 1406/1406 VUs  2m39.7s/9m00.0s

running (2m40.7s), 1406/1406 VUs, 27287 complete and 0 interrupted iterations
users   [  30% ] 1406/1406 VUs  2m40.7s/9m00.0s

running (2m41.7s), 1406/1406 VUs, 27556 complete and 0 interrupted iterations
users   [  30% ] 1406/1406 VUs  2m41.7s/9m00.0s

running (2m42.7s), 1406/1406 VUs, 27837 complete and 0 interrupted iterations
users   [  30% ] 1406/1406 VUs  2m42.7s/9m00.0s

running (2m43.7s), 1406/1406 VUs, 28122 complete and 0 interrupted iterations
users   [  30% ] 1406/1406 VUs  2m43.7s/9m00.0s

running (2m44.7s), 1406/1406 VUs, 28383 complete and 0 interrupted iterations
users   [  31% ] 1406/1406 VUs  2m44.7s/9m00.0s

running (2m45.7s), 1406/1406 VUs, 28673 complete and 0 interrupted iterations
users   [  31% ] 1406/1406 VUs  2m45.7s/9m00.0s

running (2m46.7s), 1406/1406 VUs, 28941 complete and 0 interrupted iterations
users   [  31% ] 1406/1406 VUs  2m46.7s/9m00.0s

running (2m47.7s), 1406/1406 VUs, 29224 complete and 0 interrupted iterations
users   [  31% ] 1406/1406 VUs  2m47.7s/9m00.0s

running (2m48.7s), 1406/1406 VUs, 29515 complete and 0 interrupted iterations
users   [  31% ] 1406/1406 VUs  2m48.7s/9m00.0s

running (2m49.7s), 1406/1406 VUs, 29772 complete and 0 interrupted iterations
users   [  31% ] 1406/1406 VUs  2m49.7s/9m00.0s

running (2m50.7s), 1406/1406 VUs, 30063 complete and 0 interrupted iterations
users   [  32% ] 1406/1406 VUs  2m50.7s/9m00.0s

running (2m51.7s), 1406/1406 VUs, 30338 complete and 0 interrupted iterations
users   [  32% ] 1406/1406 VUs  2m51.7s/9m00.0s

running (2m52.7s), 1406/1406 VUs, 30618 complete and 0 interrupted iterations
users   [  32% ] 1406/1406 VUs  2m52.7s/9m00.0s

running (2m53.7s), 1406/1406 VUs, 30903 complete and 0 interrupted iterations
users   [  32% ] 1406/1406 VUs  2m53.7s/9m00.0s

running (2m54.7s), 1406/1406 VUs, 31163 complete and 0 interrupted iterations
users   [  32% ] 1406/1406 VUs  2m54.7s/9m00.0s

running (2m55.7s), 1406/1406 VUs, 31453 complete and 0 interrupted iterations
users   [  33% ] 1406/1406 VUs  2m55.7s/9m00.0s

running (2m56.7s), 1406/1406 VUs, 31731 complete and 0 interrupted iterations
users   [  33% ] 1406/1406 VUs  2m56.7s/9m00.0s

running (2m57.7s), 1406/1406 VUs, 32004 complete and 0 interrupted iterations
users   [  33% ] 1406/1406 VUs  2m57.7s/9m00.0s

running (2m58.7s), 1406/1406 VUs, 32291 complete and 0 interrupted iterations
users   [  33% ] 1406/1406 VUs  2m58.7s/9m00.0s

running (2m59.7s), 1406/1406 VUs, 32551 complete and 0 interrupted iterations
users   [  33% ] 1406/1406 VUs  2m59.7s/9m00.0s

running (3m00.7s), 1406/1406 VUs, 32841 complete and 0 interrupted iterations
users   [  33% ] 1406/1406 VUs  3m00.7s/9m00.0s

running (3m01.7s), 1406/1406 VUs, 33119 complete and 0 interrupted iterations
users   [  34% ] 1406/1406 VUs  3m01.7s/9m00.0s

running (3m02.7s), 1406/1406 VUs, 33398 complete and 0 interrupted iterations
users   [  34% ] 1406/1406 VUs  3m02.7s/9m00.0s

running (3m03.7s), 1406/1406 VUs, 33684 complete and 0 interrupted iterations
users   [  34% ] 1406/1406 VUs  3m03.7s/9m00.0s

running (3m04.7s), 1406/1406 VUs, 33944 complete and 0 interrupted iterations
users   [  34% ] 1406/1406 VUs  3m04.7s/9m00.0s

running (3m05.7s), 1406/1406 VUs, 34233 complete and 0 interrupted iterations
users   [  34% ] 1406/1406 VUs  3m05.7s/9m00.0s

running (3m06.7s), 1406/1406 VUs, 34508 complete and 0 interrupted iterations
users   [  35% ] 1406/1406 VUs  3m06.7s/9m00.0s

running (3m07.7s), 1406/1406 VUs, 34788 complete and 0 interrupted iterations
users   [  35% ] 1406/1406 VUs  3m07.7s/9m00.0s

running (3m08.7s), 1406/1406 VUs, 35071 complete and 0 interrupted iterations
users   [  35% ] 1406/1406 VUs  3m08.7s/9m00.0s

running (3m09.7s), 1406/1406 VUs, 35330 complete and 0 interrupted iterations
users   [  35% ] 1406/1406 VUs  3m09.7s/9m00.0s

running (3m10.7s), 1406/1406 VUs, 35626 complete and 0 interrupted iterations
users   [  35% ] 1406/1406 VUs  3m10.7s/9m00.0s

running (3m11.7s), 1406/1406 VUs, 35898 complete and 0 interrupted iterations
users   [  36% ] 1406/1406 VUs  3m11.7s/9m00.0s

running (3m12.7s), 1406/1406 VUs, 36180 complete and 0 interrupted iterations
users   [  36% ] 1406/1406 VUs  3m12.7s/9m00.0s

running (3m13.7s), 1406/1406 VUs, 36459 complete and 0 interrupted iterations
users   [  36% ] 1406/1406 VUs  3m13.7s/9m00.0s

running (3m14.7s), 1406/1406 VUs, 36718 complete and 0 interrupted iterations
users   [  36% ] 1406/1406 VUs  3m14.7s/9m00.0s

running (3m15.7s), 1406/1406 VUs, 37018 complete and 0 interrupted iterations
users   [  36% ] 1406/1406 VUs  3m15.7s/9m00.0s

running (3m16.7s), 1406/1406 VUs, 37288 complete and 0 interrupted iterations
users   [  36% ] 1406/1406 VUs  3m16.7s/9m00.0s

running (3m17.7s), 1406/1406 VUs, 37571 complete and 0 interrupted iterations
users   [  37% ] 1406/1406 VUs  3m17.7s/9m00.0s

running (3m18.7s), 1406/1406 VUs, 37850 complete and 0 interrupted iterations
users   [  37% ] 1406/1406 VUs  3m18.7s/9m00.0s

running (3m19.7s), 1406/1406 VUs, 38107 complete and 0 interrupted iterations
users   [  37% ] 1406/1406 VUs  3m19.7s/9m00.0s

running (3m20.7s), 1406/1406 VUs, 38412 complete and 0 interrupted iterations
users   [  37% ] 1406/1406 VUs  3m20.7s/9m00.0s

running (3m21.7s), 1406/1406 VUs, 38683 complete and 0 interrupted iterations
users   [  37% ] 1406/1406 VUs  3m21.7s/9m00.0s

running (3m22.7s), 1406/1406 VUs, 38967 complete and 0 interrupted iterations
users   [  38% ] 1406/1406 VUs  3m22.7s/9m00.0s

running (3m23.7s), 1406/1406 VUs, 39244 complete and 0 interrupted iterations
users   [  38% ] 1406/1406 VUs  3m23.7s/9m00.0s

running (3m24.7s), 1406/1406 VUs, 39492 complete and 0 interrupted iterations
users   [  38% ] 1406/1406 VUs  3m24.7s/9m00.0s

running (3m25.7s), 1406/1406 VUs, 39802 complete and 0 interrupted iterations
users   [  38% ] 1406/1406 VUs  3m25.7s/9m00.0s

running (3m26.7s), 1406/1406 VUs, 40076 complete and 0 interrupted iterations
users   [  38% ] 1406/1406 VUs  3m26.7s/9m00.0s

running (3m27.7s), 1406/1406 VUs, 40361 complete and 0 interrupted iterations
users   [  38% ] 1406/1406 VUs  3m27.7s/9m00.0s

running (3m28.7s), 1406/1406 VUs, 40635 complete and 0 interrupted iterations
users   [  39% ] 1406/1406 VUs  3m28.7s/9m00.0s

running (3m29.7s), 1406/1406 VUs, 40886 complete and 0 interrupted iterations
users   [  39% ] 1406/1406 VUs  3m29.7s/9m00.0s

running (3m30.7s), 1406/1406 VUs, 41195 complete and 0 interrupted iterations
users   [  39% ] 1406/1406 VUs  3m30.7s/9m00.0s

running (3m31.7s), 1406/1406 VUs, 41469 complete and 0 interrupted iterations
users   [  39% ] 1406/1406 VUs  3m31.7s/9m00.0s

running (3m32.7s), 1406/1406 VUs, 41749 complete and 0 interrupted iterations
users   [  39% ] 1406/1406 VUs  3m32.7s/9m00.0s

running (3m33.7s), 1406/1406 VUs, 42025 complete and 0 interrupted iterations
users   [  40% ] 1406/1406 VUs  3m33.7s/9m00.0s

running (3m34.7s), 1406/1406 VUs, 42273 complete and 0 interrupted iterations
users   [  40% ] 1406/1406 VUs  3m34.7s/9m00.0s

running (3m35.7s), 1406/1406 VUs, 42583 complete and 0 interrupted iterations
users   [  40% ] 1406/1406 VUs  3m35.7s/9m00.0s

running (3m36.7s), 1406/1406 VUs, 42861 complete and 0 interrupted iterations
users   [  40% ] 1406/1406 VUs  3m36.7s/9m00.0s

running (3m37.7s), 1406/1406 VUs, 43139 complete and 0 interrupted iterations
users   [  40% ] 1406/1406 VUs  3m37.7s/9m00.0s

running (3m38.7s), 1406/1406 VUs, 43412 complete and 0 interrupted iterations
users   [  41% ] 1406/1406 VUs  3m38.7s/9m00.0s

running (3m39.7s), 1406/1406 VUs, 43658 complete and 0 interrupted iterations
users   [  41% ] 1406/1406 VUs  3m39.7s/9m00.0s

running (3m40.7s), 1406/1406 VUs, 43970 complete and 0 interrupted iterations
users   [  41% ] 1406/1406 VUs  3m40.7s/9m00.0s

running (3m41.7s), 1406/1406 VUs, 44247 complete and 0 interrupted iterations
users   [  41% ] 1406/1406 VUs  3m41.7s/9m00.0s

running (3m42.7s), 1406/1406 VUs, 44525 complete and 0 interrupted iterations
users   [  41% ] 1406/1406 VUs  3m42.7s/9m00.0s

running (3m43.7s), 1406/1406 VUs, 44802 complete and 0 interrupted iterations
users   [  41% ] 1406/1406 VUs  3m43.7s/9m00.0s

running (3m44.7s), 1406/1406 VUs, 45058 complete and 0 interrupted iterations
users   [  42% ] 1406/1406 VUs  3m44.7s/9m00.0s

running (3m45.7s), 1406/1406 VUs, 45365 complete and 0 interrupted iterations
users   [  42% ] 1406/1406 VUs  3m45.7s/9m00.0s

running (3m46.7s), 1406/1406 VUs, 45638 complete and 0 interrupted iterations
users   [  42% ] 1406/1406 VUs  3m46.7s/9m00.0s

running (3m47.7s), 1406/1406 VUs, 45917 complete and 0 interrupted iterations
users   [  42% ] 1406/1406 VUs  3m47.7s/9m00.0s

running (3m48.7s), 1406/1406 VUs, 46193 complete and 0 interrupted iterations
users   [  42% ] 1406/1406 VUs  3m48.7s/9m00.0s

running (3m49.7s), 1406/1406 VUs, 46444 complete and 0 interrupted iterations
users   [  43% ] 1406/1406 VUs  3m49.7s/9m00.0s

running (3m50.7s), 1406/1406 VUs, 46751 complete and 0 interrupted iterations
users   [  43% ] 1406/1406 VUs  3m50.7s/9m00.0s

running (3m51.7s), 1406/1406 VUs, 47035 complete and 0 interrupted iterations
users   [  43% ] 1406/1406 VUs  3m51.7s/9m00.0s

running (3m52.7s), 1406/1406 VUs, 47310 complete and 0 interrupted iterations
users   [  43% ] 1406/1406 VUs  3m52.7s/9m00.0s

running (3m53.7s), 1406/1406 VUs, 47584 complete and 0 interrupted iterations
users   [  43% ] 1406/1406 VUs  3m53.7s/9m00.0s

running (3m54.7s), 1406/1406 VUs, 47834 complete and 0 interrupted iterations
users   [  43% ] 1406/1406 VUs  3m54.7s/9m00.0s

running (3m55.7s), 1406/1406 VUs, 48133 complete and 0 interrupted iterations
users   [  44% ] 1406/1406 VUs  3m55.7s/9m00.0s

running (3m56.7s), 1406/1406 VUs, 48425 complete and 0 interrupted iterations
users   [  44% ] 1406/1406 VUs  3m56.7s/9m00.0s

running (3m57.7s), 1406/1406 VUs, 48701 complete and 0 interrupted iterations
users   [  44% ] 1406/1406 VUs  3m57.7s/9m00.0s

running (3m58.7s), 1406/1406 VUs, 48977 complete and 0 interrupted iterations
users   [  44% ] 1406/1406 VUs  3m58.7s/9m00.0s

running (3m59.7s), 1406/1406 VUs, 49226 complete and 0 interrupted iterations
users   [  44% ] 1406/1406 VUs  3m59.7s/9m00.0s

running (4m00.7s), 1406/1406 VUs, 49521 complete and 0 interrupted iterations
users   [  45% ] 1406/1406 VUs  4m00.7s/9m00.0s

running (4m01.7s), 1406/1406 VUs, 49817 complete and 0 interrupted iterations
users   [  45% ] 1406/1406 VUs  4m01.7s/9m00.0s

running (4m02.7s), 1406/1406 VUs, 50091 complete and 0 interrupted iterations
users   [  45% ] 1406/1406 VUs  4m02.7s/9m00.0s

running (4m03.7s), 1406/1406 VUs, 50366 complete and 0 interrupted iterations
users   [  45% ] 1406/1406 VUs  4m03.7s/9m00.0s

running (4m04.7s), 1406/1406 VUs, 50619 complete and 0 interrupted iterations
users   [  45% ] 1406/1406 VUs  4m04.7s/9m00.0s

running (4m05.7s), 1406/1406 VUs, 50911 complete and 0 interrupted iterations
users   [  46% ] 1406/1406 VUs  4m05.7s/9m00.0s

running (4m06.7s), 1406/1406 VUs, 51200 complete and 0 interrupted iterations
users   [  46% ] 1406/1406 VUs  4m06.7s/9m00.0s

running (4m07.7s), 1406/1406 VUs, 51469 complete and 0 interrupted iterations
users   [  46% ] 1406/1406 VUs  4m07.7s/9m00.0s

running (4m08.7s), 1406/1406 VUs, 51746 complete and 0 interrupted iterations
users   [  46% ] 1406/1406 VUs  4m08.7s/9m00.0s

running (4m09.7s), 1406/1406 VUs, 52008 complete and 0 interrupted iterations
users   [  46% ] 1406/1406 VUs  4m09.7s/9m00.0s

running (4m10.7s), 1406/1406 VUs, 52306 complete and 0 interrupted iterations
users   [  46% ] 1406/1406 VUs  4m10.7s/9m00.0s

running (4m11.7s), 1406/1406 VUs, 52592 complete and 0 interrupted iterations
users   [  47% ] 1406/1406 VUs  4m11.7s/9m00.0s

running (4m12.7s), 1406/1406 VUs, 52857 complete and 0 interrupted iterations
users   [  47% ] 1406/1406 VUs  4m12.7s/9m00.0s

running (4m13.7s), 1406/1406 VUs, 53133 complete and 0 interrupted iterations
users   [  47% ] 1406/1406 VUs  4m13.7s/9m00.0s

running (4m14.7s), 1406/1406 VUs, 53394 complete and 0 interrupted iterations
users   [  47% ] 1406/1406 VUs  4m14.7s/9m00.0s

running (4m15.7s), 1406/1406 VUs, 53695 complete and 0 interrupted iterations
users   [  47% ] 1406/1406 VUs  4m15.7s/9m00.0s

running (4m16.7s), 1406/1406 VUs, 53981 complete and 0 interrupted iterations
users   [  48% ] 1406/1406 VUs  4m16.7s/9m00.0s

running (4m17.7s), 1406/1406 VUs, 54252 complete and 0 interrupted iterations
users   [  48% ] 1406/1406 VUs  4m17.7s/9m00.0s

running (4m18.7s), 1406/1406 VUs, 54528 complete and 0 interrupted iterations
users   [  48% ] 1406/1406 VUs  4m18.7s/9m00.0s

running (4m19.7s), 1406/1406 VUs, 54790 complete and 0 interrupted iterations
users   [  48% ] 1406/1406 VUs  4m19.7s/9m00.0s

running (4m20.7s), 1406/1406 VUs, 55081 complete and 0 interrupted iterations
users   [  48% ] 1406/1406 VUs  4m20.7s/9m00.0s

running (4m21.7s), 1406/1406 VUs, 55375 complete and 0 interrupted iterations
users   [  48% ] 1406/1406 VUs  4m21.7s/9m00.0s

running (4m22.7s), 1406/1406 VUs, 55646 complete and 0 interrupted iterations
users   [  49% ] 1406/1406 VUs  4m22.7s/9m00.0s

running (4m23.7s), 1406/1406 VUs, 55919 complete and 0 interrupted iterations
users   [  49% ] 1406/1406 VUs  4m23.7s/9m00.0s

running (4m24.7s), 1406/1406 VUs, 56181 complete and 0 interrupted iterations
users   [  49% ] 1406/1406 VUs  4m24.7s/9m00.0s

running (4m25.7s), 1406/1406 VUs, 56473 complete and 0 interrupted iterations
users   [  49% ] 1406/1406 VUs  4m25.7s/9m00.0s

running (4m26.7s), 1406/1406 VUs, 56764 complete and 0 interrupted iterations
users   [  49% ] 1406/1406 VUs  4m26.7s/9m00.0s

running (4m27.7s), 1406/1406 VUs, 57033 complete and 0 interrupted iterations
users   [  50% ] 1406/1406 VUs  4m27.7s/9m00.0s

running (4m28.7s), 1406/1406 VUs, 57311 complete and 0 interrupted iterations
users   [  50% ] 1406/1406 VUs  4m28.7s/9m00.0s

running (4m29.7s), 1406/1406 VUs, 57577 complete and 0 interrupted iterations
users   [  50% ] 1406/1406 VUs  4m29.7s/9m00.0s

running (4m30.7s), 1406/1406 VUs, 57861 complete and 0 interrupted iterations
users   [  50% ] 1406/1406 VUs  4m30.7s/9m00.0s

running (4m31.7s), 1406/1406 VUs, 58158 complete and 0 interrupted iterations
users   [  50% ] 1406/1406 VUs  4m31.7s/9m00.0s

running (4m32.7s), 1406/1406 VUs, 58419 complete and 0 interrupted iterations
users   [  51% ] 1406/1406 VUs  4m32.7s/9m00.0s

running (4m33.7s), 1406/1406 VUs, 58700 complete and 0 interrupted iterations
users   [  51% ] 1406/1406 VUs  4m33.7s/9m00.0s

running (4m34.7s), 1406/1406 VUs, 58966 complete and 0 interrupted iterations
users   [  51% ] 1406/1406 VUs  4m34.7s/9m00.0s

running (4m35.7s), 1406/1406 VUs, 59248 complete and 0 interrupted iterations
users   [  51% ] 1406/1406 VUs  4m35.7s/9m00.0s

running (4m36.7s), 1406/1406 VUs, 59542 complete and 0 interrupted iterations
users   [  51% ] 1406/1406 VUs  4m36.7s/9m00.0s

running (4m37.7s), 1406/1406 VUs, 59794 complete and 0 interrupted iterations
users   [  51% ] 1406/1406 VUs  4m37.7s/9m00.0s

running (4m38.7s), 1406/1406 VUs, 60089 complete and 0 interrupted iterations
users   [  52% ] 1406/1406 VUs  4m38.7s/9m00.0s

running (4m39.7s), 1406/1406 VUs, 60360 complete and 0 interrupted iterations
users   [  52% ] 1406/1406 VUs  4m39.7s/9m00.0s

running (4m40.7s), 1406/1406 VUs, 60640 complete and 0 interrupted iterations
users   [  52% ] 1406/1406 VUs  4m40.7s/9m00.0s

running (4m41.7s), 1406/1406 VUs, 60931 complete and 0 interrupted iterations
users   [  52% ] 1406/1406 VUs  4m41.7s/9m00.0s

running (4m42.7s), 1406/1406 VUs, 61183 complete and 0 interrupted iterations
users   [  52% ] 1406/1406 VUs  4m42.7s/9m00.0s

running (4m43.7s), 1406/1406 VUs, 61479 complete and 0 interrupted iterations
users   [  53% ] 1406/1406 VUs  4m43.7s/9m00.0s

running (4m44.7s), 1406/1406 VUs, 61742 complete and 0 interrupted iterations
users   [  53% ] 1406/1406 VUs  4m44.7s/9m00.0s

running (4m45.7s), 1406/1406 VUs, 62026 complete and 0 interrupted iterations
users   [  53% ] 1406/1406 VUs  4m45.7s/9m00.0s

running (4m46.7s), 1406/1406 VUs, 62316 complete and 0 interrupted iterations
users   [  53% ] 1406/1406 VUs  4m46.7s/9m00.0s

running (4m47.7s), 1406/1406 VUs, 62580 complete and 0 interrupted iterations
users   [  53% ] 1406/1406 VUs  4m47.7s/9m00.0s

running (4m48.7s), 1406/1406 VUs, 62877 complete and 0 interrupted iterations
users   [  53% ] 1406/1406 VUs  4m48.7s/9m00.0s

running (4m49.7s), 1406/1406 VUs, 63139 complete and 0 interrupted iterations
users   [  54% ] 1406/1406 VUs  4m49.7s/9m00.0s

running (4m50.7s), 1406/1406 VUs, 63414 complete and 0 interrupted iterations
users   [  54% ] 1406/1406 VUs  4m50.7s/9m00.0s

running (4m51.7s), 1406/1406 VUs, 63702 complete and 0 interrupted iterations
users   [  54% ] 1406/1406 VUs  4m51.7s/9m00.0s

running (4m52.7s), 1406/1406 VUs, 63970 complete and 0 interrupted iterations
users   [  54% ] 1406/1406 VUs  4m52.7s/9m00.0s

running (4m53.7s), 1406/1406 VUs, 64272 complete and 0 interrupted iterations
users   [  54% ] 1406/1406 VUs  4m53.7s/9m00.0s

running (4m54.7s), 1406/1406 VUs, 64535 complete and 0 interrupted iterations
users   [  55% ] 1406/1406 VUs  4m54.7s/9m00.0s

running (4m55.7s), 1406/1406 VUs, 64812 complete and 0 interrupted iterations
users   [  55% ] 1406/1406 VUs  4m55.7s/9m00.0s

running (4m56.7s), 1406/1406 VUs, 65085 complete and 0 interrupted iterations
users   [  55% ] 1406/1406 VUs  4m56.7s/9m00.0s

running (4m57.7s), 1406/1406 VUs, 65358 complete and 0 interrupted iterations
users   [  55% ] 1406/1406 VUs  4m57.7s/9m00.0s

running (4m58.7s), 1406/1406 VUs, 65663 complete and 0 interrupted iterations
users   [  55% ] 1406/1406 VUs  4m58.7s/9m00.0s

running (4m59.7s), 1406/1406 VUs, 65926 complete and 0 interrupted iterations
users   [  56% ] 1406/1406 VUs  4m59.7s/9m00.0s

running (5m00.7s), 1406/1406 VUs, 66200 complete and 0 interrupted iterations
users   [  56% ] 1406/1406 VUs  5m00.7s/9m00.0s

running (5m01.7s), 1406/1406 VUs, 66479 complete and 0 interrupted iterations
users   [  56% ] 1406/1406 VUs  5m01.7s/9m00.0s

running (5m02.7s), 1406/1406 VUs, 66750 complete and 0 interrupted iterations
users   [  56% ] 1406/1406 VUs  5m02.7s/9m00.0s

running (5m03.7s), 1406/1406 VUs, 67050 complete and 0 interrupted iterations
users   [  56% ] 1406/1406 VUs  5m03.7s/9m00.0s

running (5m04.7s), 1406/1406 VUs, 67313 complete and 0 interrupted iterations
users   [  56% ] 1406/1406 VUs  5m04.7s/9m00.0s

running (5m05.7s), 1406/1406 VUs, 67587 complete and 0 interrupted iterations
users   [  57% ] 1406/1406 VUs  5m05.7s/9m00.0s

running (5m06.7s), 1406/1406 VUs, 67861 complete and 0 interrupted iterations
users   [  57% ] 1406/1406 VUs  5m06.7s/9m00.0s

running (5m07.7s), 1406/1406 VUs, 68133 complete and 0 interrupted iterations
users   [  57% ] 1406/1406 VUs  5m07.7s/9m00.0s

running (5m08.7s), 1406/1406 VUs, 68440 complete and 0 interrupted iterations
users   [  57% ] 1406/1406 VUs  5m08.7s/9m00.0s

running (5m09.7s), 1406/1406 VUs, 68706 complete and 0 interrupted iterations
users   [  57% ] 1406/1406 VUs  5m09.7s/9m00.0s

running (5m10.7s), 1406/1406 VUs, 68978 complete and 0 interrupted iterations
users   [  58% ] 1406/1406 VUs  5m10.7s/9m00.0s

running (5m11.7s), 1406/1406 VUs, 69253 complete and 0 interrupted iterations
users   [  58% ] 1406/1406 VUs  5m11.7s/9m00.0s

running (5m12.7s), 1406/1406 VUs, 69522 complete and 0 interrupted iterations
users   [  58% ] 1406/1406 VUs  5m12.7s/9m00.0s

running (5m13.7s), 1406/1406 VUs, 69834 complete and 0 interrupted iterations
users   [  58% ] 1406/1406 VUs  5m13.7s/9m00.0s

running (5m14.7s), 1406/1406 VUs, 70094 complete and 0 interrupted iterations
users   [  58% ] 1406/1406 VUs  5m14.7s/9m00.0s

running (5m15.7s), 1406/1406 VUs, 70371 complete and 0 interrupted iterations
users   [  58% ] 1406/1406 VUs  5m15.7s/9m00.0s

running (5m16.7s), 1406/1406 VUs, 70647 complete and 0 interrupted iterations
users   [  59% ] 1406/1406 VUs  5m16.7s/9m00.0s

running (5m17.7s), 1406/1406 VUs, 70918 complete and 0 interrupted iterations
users   [  59% ] 1406/1406 VUs  5m17.7s/9m00.0s

running (5m18.7s), 1406/1406 VUs, 71226 complete and 0 interrupted iterations
users   [  59% ] 1406/1406 VUs  5m18.7s/9m00.0s

running (5m19.7s), 1406/1406 VUs, 71492 complete and 0 interrupted iterations
users   [  59% ] 1406/1406 VUs  5m19.7s/9m00.0s

running (5m20.7s), 1406/1406 VUs, 71765 complete and 0 interrupted iterations
users   [  59% ] 1406/1406 VUs  5m20.7s/9m00.0s

running (5m21.7s), 1406/1406 VUs, 72033 complete and 0 interrupted iterations
users   [  60% ] 1406/1406 VUs  5m21.7s/9m00.0s

running (5m22.7s), 1406/1406 VUs, 72306 complete and 0 interrupted iterations
users   [  60% ] 1406/1406 VUs  5m22.7s/9m00.0s

running (5m23.7s), 1406/1406 VUs, 72617 complete and 0 interrupted iterations
users   [  60% ] 1406/1406 VUs  5m23.7s/9m00.0s

running (5m24.7s), 1406/1406 VUs, 72884 complete and 0 interrupted iterations
users   [  60% ] 1406/1406 VUs  5m24.7s/9m00.0s

running (5m25.7s), 1406/1406 VUs, 73157 complete and 0 interrupted iterations
users   [  60% ] 1406/1406 VUs  5m25.7s/9m00.0s

running (5m26.7s), 1406/1406 VUs, 73424 complete and 0 interrupted iterations
users   [  61% ] 1406/1406 VUs  5m26.7s/9m00.0s

running (5m27.7s), 1406/1406 VUs, 73697 complete and 0 interrupted iterations
users   [  61% ] 1406/1406 VUs  5m27.7s/9m00.0s

running (5m28.7s), 1406/1406 VUs, 74012 complete and 0 interrupted iterations
users   [  61% ] 1406/1406 VUs  5m28.7s/9m00.0s

running (5m29.7s), 1406/1406 VUs, 74277 complete and 0 interrupted iterations
users   [  61% ] 1406/1406 VUs  5m29.7s/9m00.0s

running (5m30.7s), 1406/1406 VUs, 74551 complete and 0 interrupted iterations
users   [  61% ] 1406/1406 VUs  5m30.7s/9m00.0s

running (5m31.7s), 1406/1406 VUs, 74820 complete and 0 interrupted iterations
users   [  61% ] 1406/1406 VUs  5m31.7s/9m00.0s

running (5m32.7s), 1406/1406 VUs, 75088 complete and 0 interrupted iterations
users   [  62% ] 1406/1406 VUs  5m32.7s/9m00.0s

running (5m33.7s), 1406/1406 VUs, 75398 complete and 0 interrupted iterations
users   [  62% ] 1406/1406 VUs  5m33.7s/9m00.0s

running (5m34.7s), 1406/1406 VUs, 75666 complete and 0 interrupted iterations
users   [  62% ] 1406/1406 VUs  5m34.7s/9m00.0s

running (5m35.7s), 1406/1406 VUs, 75942 complete and 0 interrupted iterations
users   [  62% ] 1406/1406 VUs  5m35.7s/9m00.0s

running (5m36.7s), 1406/1406 VUs, 76214 complete and 0 interrupted iterations
users   [  62% ] 1406/1406 VUs  5m36.7s/9m00.0s

running (5m37.7s), 1406/1406 VUs, 76482 complete and 0 interrupted iterations
users   [  63% ] 1406/1406 VUs  5m37.7s/9m00.0s

running (5m38.7s), 1406/1406 VUs, 76792 complete and 0 interrupted iterations
users   [  63% ] 1406/1406 VUs  5m38.7s/9m00.0s

running (5m39.7s), 1406/1406 VUs, 77058 complete and 0 interrupted iterations
users   [  63% ] 1406/1406 VUs  5m39.7s/9m00.0s

running (5m40.7s), 1406/1406 VUs, 77334 complete and 0 interrupted iterations
users   [  63% ] 1406/1406 VUs  5m40.7s/9m00.0s

running (5m41.7s), 1406/1406 VUs, 77609 complete and 0 interrupted iterations
users   [  63% ] 1406/1406 VUs  5m41.7s/9m00.0s

running (5m42.7s), 1406/1406 VUs, 77872 complete and 0 interrupted iterations
users   [  63% ] 1406/1406 VUs  5m42.7s/9m00.0s

running (5m43.7s), 1406/1406 VUs, 78179 complete and 0 interrupted iterations
users   [  64% ] 1406/1406 VUs  5m43.7s/9m00.0s

running (5m44.7s), 1406/1406 VUs, 78443 complete and 0 interrupted iterations
users   [  64% ] 1406/1406 VUs  5m44.7s/9m00.0s

running (5m45.7s), 1406/1406 VUs, 78723 complete and 0 interrupted iterations
users   [  64% ] 1406/1406 VUs  5m45.7s/9m00.0s

running (5m46.7s), 1406/1406 VUs, 79000 complete and 0 interrupted iterations
users   [  64% ] 1406/1406 VUs  5m46.7s/9m00.0s

running (5m47.7s), 1406/1406 VUs, 79264 complete and 0 interrupted iterations
users   [  64% ] 1406/1406 VUs  5m47.7s/9m00.0s

running (5m48.7s), 1406/1406 VUs, 79569 complete and 0 interrupted iterations
users   [  65% ] 1406/1406 VUs  5m48.7s/9m00.0s

running (5m49.7s), 1406/1406 VUs, 79830 complete and 0 interrupted iterations
users   [  65% ] 1406/1406 VUs  5m49.7s/9m00.0s

running (5m50.7s), 1406/1406 VUs, 80111 complete and 0 interrupted iterations
users   [  65% ] 1406/1406 VUs  5m50.7s/9m00.0s

running (5m51.7s), 1406/1406 VUs, 80391 complete and 0 interrupted iterations
users   [  65% ] 1406/1406 VUs  5m51.7s/9m00.0s

running (5m52.7s), 1406/1406 VUs, 80654 complete and 0 interrupted iterations
users   [  65% ] 1406/1406 VUs  5m52.7s/9m00.0s

running (5m53.7s), 1406/1406 VUs, 80961 complete and 0 interrupted iterations
users   [  66% ] 1406/1406 VUs  5m53.7s/9m00.0s

running (5m54.7s), 1406/1406 VUs, 81221 complete and 0 interrupted iterations
users   [  66% ] 1406/1406 VUs  5m54.7s/9m00.0s

running (5m55.7s), 1406/1406 VUs, 81500 complete and 0 interrupted iterations
users   [  66% ] 1406/1406 VUs  5m55.7s/9m00.0s

running (5m56.7s), 1406/1406 VUs, 81783 complete and 0 interrupted iterations
users   [  66% ] 1406/1406 VUs  5m56.7s/9m00.0s

running (5m57.7s), 1406/1406 VUs, 82043 complete and 0 interrupted iterations
users   [  66% ] 1406/1406 VUs  5m57.7s/9m00.0s

running (5m58.7s), 1406/1406 VUs, 82353 complete and 0 interrupted iterations
users   [  66% ] 1406/1406 VUs  5m58.7s/9m00.0s

running (5m59.7s), 1406/1406 VUs, 82615 complete and 0 interrupted iterations
users   [  67% ] 1406/1406 VUs  5m59.7s/9m00.0s

running (6m00.7s), 1406/1406 VUs, 82886 complete and 0 interrupted iterations
users   [  67% ] 1406/1406 VUs  6m00.7s/9m00.0s

running (6m01.7s), 1406/1406 VUs, 83168 complete and 0 interrupted iterations
users   [  67% ] 1406/1406 VUs  6m01.7s/9m00.0s

running (6m02.7s), 1406/1406 VUs, 83431 complete and 0 interrupted iterations
users   [  67% ] 1406/1406 VUs  6m02.7s/9m00.0s

running (6m03.7s), 1406/1406 VUs, 83733 complete and 0 interrupted iterations
users   [  67% ] 1406/1406 VUs  6m03.7s/9m00.0s

running (6m04.7s), 1406/1406 VUs, 84001 complete and 0 interrupted iterations
users   [  68% ] 1406/1406 VUs  6m04.7s/9m00.0s

running (6m05.7s), 1406/1406 VUs, 84272 complete and 0 interrupted iterations
users   [  68% ] 1406/1406 VUs  6m05.7s/9m00.0s

running (6m06.7s), 1406/1406 VUs, 84552 complete and 0 interrupted iterations
users   [  68% ] 1406/1406 VUs  6m06.7s/9m00.0s

running (6m07.7s), 1406/1406 VUs, 84821 complete and 0 interrupted iterations
users   [  68% ] 1406/1406 VUs  6m07.7s/9m00.0s

running (6m08.7s), 1406/1406 VUs, 85124 complete and 0 interrupted iterations
users   [  68% ] 1406/1406 VUs  6m08.7s/9m00.0s

running (6m09.7s), 1406/1406 VUs, 85395 complete and 0 interrupted iterations
users   [  68% ] 1406/1406 VUs  6m09.7s/9m00.0s

running (6m10.7s), 1406/1406 VUs, 85668 complete and 0 interrupted iterations
users   [  69% ] 1406/1406 VUs  6m10.7s/9m00.0s

running (6m11.7s), 1406/1406 VUs, 85945 complete and 0 interrupted iterations
users   [  69% ] 1406/1406 VUs  6m11.7s/9m00.0s

running (6m12.7s), 1406/1406 VUs, 86218 complete and 0 interrupted iterations
users   [  69% ] 1406/1406 VUs  6m12.7s/9m00.0s

running (6m13.7s), 1406/1406 VUs, 86512 complete and 0 interrupted iterations
users   [  69% ] 1406/1406 VUs  6m13.7s/9m00.0s

running (6m14.7s), 1406/1406 VUs, 86786 complete and 0 interrupted iterations
users   [  69% ] 1406/1406 VUs  6m14.7s/9m00.0s

running (6m15.7s), 1406/1406 VUs, 87054 complete and 0 interrupted iterations
users   [  70% ] 1406/1406 VUs  6m15.7s/9m00.0s

running (6m16.7s), 1406/1406 VUs, 87328 complete and 0 interrupted iterations
users   [  70% ] 1406/1406 VUs  6m16.7s/9m00.0s

running (6m17.7s), 1406/1406 VUs, 87611 complete and 0 interrupted iterations
users   [  70% ] 1406/1406 VUs  6m17.7s/9m00.0s

running (6m18.7s), 1406/1406 VUs, 87904 complete and 0 interrupted iterations
users   [  70% ] 1406/1406 VUs  6m18.7s/9m00.0s

running (6m19.7s), 1406/1406 VUs, 88173 complete and 0 interrupted iterations
users   [  70% ] 1406/1406 VUs  6m19.7s/9m00.0s

running (6m20.7s), 1406/1406 VUs, 88445 complete and 0 interrupted iterations
users   [  71% ] 1406/1406 VUs  6m20.7s/9m00.0s

running (6m21.7s), 1406/1406 VUs, 88721 complete and 0 interrupted iterations
users   [  71% ] 1406/1406 VUs  6m21.7s/9m00.0s

running (6m22.7s), 1406/1406 VUs, 89002 complete and 0 interrupted iterations
users   [  71% ] 1406/1406 VUs  6m22.7s/9m00.0s

running (6m23.7s), 1406/1406 VUs, 89295 complete and 0 interrupted iterations
users   [  71% ] 1406/1406 VUs  6m23.7s/9m00.0s

running (6m24.7s), 1406/1406 VUs, 89561 complete and 0 interrupted iterations
users   [  71% ] 1406/1406 VUs  6m24.7s/9m00.0s

running (6m25.7s), 1406/1406 VUs, 89828 complete and 0 interrupted iterations
users   [  71% ] 1406/1406 VUs  6m25.7s/9m00.0s

running (6m26.7s), 1406/1406 VUs, 90109 complete and 0 interrupted iterations
users   [  72% ] 1406/1406 VUs  6m26.7s/9m00.0s

running (6m27.7s), 1406/1406 VUs, 90389 complete and 0 interrupted iterations
users   [  72% ] 1406/1406 VUs  6m27.7s/9m00.0s

running (6m28.7s), 1406/1406 VUs, 90687 complete and 0 interrupted iterations
users   [  72% ] 1406/1406 VUs  6m28.7s/9m00.0s

running (6m29.7s), 1406/1406 VUs, 90954 complete and 0 interrupted iterations
users   [  72% ] 1406/1406 VUs  6m29.7s/9m00.0s

running (6m30.7s), 1406/1406 VUs, 91222 complete and 0 interrupted iterations
users   [  72% ] 1406/1406 VUs  6m30.7s/9m00.0s

running (6m31.7s), 1406/1406 VUs, 91502 complete and 0 interrupted iterations
users   [  73% ] 1406/1406 VUs  6m31.7s/9m00.0s

running (6m32.7s), 1406/1406 VUs, 91779 complete and 0 interrupted iterations
users   [  73% ] 1406/1406 VUs  6m32.7s/9m00.0s

running (6m33.7s), 1406/1406 VUs, 92074 complete and 0 interrupted iterations
users   [  73% ] 1406/1406 VUs  6m33.7s/9m00.0s

running (6m34.7s), 1406/1406 VUs, 92342 complete and 0 interrupted iterations
users   [  73% ] 1406/1406 VUs  6m34.7s/9m00.0s

running (6m35.7s), 1406/1406 VUs, 92618 complete and 0 interrupted iterations
users   [  73% ] 1406/1406 VUs  6m35.7s/9m00.0s

running (6m36.7s), 1406/1406 VUs, 92895 complete and 0 interrupted iterations
users   [  73% ] 1406/1406 VUs  6m36.7s/9m00.0s

running (6m37.7s), 1406/1406 VUs, 93163 complete and 0 interrupted iterations
users   [  74% ] 1406/1406 VUs  6m37.7s/9m00.0s

running (6m38.7s), 1406/1406 VUs, 93461 complete and 0 interrupted iterations
users   [  74% ] 1406/1406 VUs  6m38.7s/9m00.0s

running (6m39.7s), 1406/1406 VUs, 93737 complete and 0 interrupted iterations
users   [  74% ] 1406/1406 VUs  6m39.7s/9m00.0s

running (6m40.7s), 1406/1406 VUs, 94003 complete and 0 interrupted iterations
users   [  74% ] 1406/1406 VUs  6m40.7s/9m00.0s

running (6m41.7s), 1406/1406 VUs, 94287 complete and 0 interrupted iterations
users   [  74% ] 1406/1406 VUs  6m41.7s/9m00.0s

running (6m42.7s), 1406/1406 VUs, 94559 complete and 0 interrupted iterations
users   [  75% ] 1406/1406 VUs  6m42.7s/9m00.0s

running (6m43.7s), 1406/1406 VUs, 94854 complete and 0 interrupted iterations
users   [  75% ] 1406/1406 VUs  6m43.7s/9m00.0s

running (6m44.7s), 1406/1406 VUs, 95129 complete and 0 interrupted iterations
users   [  75% ] 1406/1406 VUs  6m44.7s/9m00.0s

running (6m45.7s), 1406/1406 VUs, 95398 complete and 0 interrupted iterations
users   [  75% ] 1406/1406 VUs  6m45.7s/9m00.0s

running (6m46.7s), 1406/1406 VUs, 95672 complete and 0 interrupted iterations
users   [  75% ] 1406/1406 VUs  6m46.7s/9m00.0s

running (6m47.7s), 1406/1406 VUs, 95951 complete and 0 interrupted iterations
users   [  76% ] 1406/1406 VUs  6m47.7s/9m00.0s

running (6m48.7s), 1406/1406 VUs, 96245 complete and 0 interrupted iterations
users   [  76% ] 1406/1406 VUs  6m48.7s/9m00.0s

running (6m49.7s), 1406/1406 VUs, 96519 complete and 0 interrupted iterations
users   [  76% ] 1406/1406 VUs  6m49.7s/9m00.0s

running (6m50.7s), 1406/1406 VUs, 96792 complete and 0 interrupted iterations
users   [  76% ] 1406/1406 VUs  6m50.7s/9m00.0s

running (6m51.7s), 1406/1406 VUs, 97063 complete and 0 interrupted iterations
users   [  76% ] 1406/1406 VUs  6m51.7s/9m00.0s

running (6m52.7s), 1406/1406 VUs, 97343 complete and 0 interrupted iterations
users   [  76% ] 1406/1406 VUs  6m52.7s/9m00.0s

running (6m53.7s), 1406/1406 VUs, 97642 complete and 0 interrupted iterations
users   [  77% ] 1406/1406 VUs  6m53.7s/9m00.0s

running (6m54.7s), 1406/1406 VUs, 97917 complete and 0 interrupted iterations
users   [  77% ] 1406/1406 VUs  6m54.7s/9m00.0s

running (6m55.7s), 1406/1406 VUs, 98187 complete and 0 interrupted iterations
users   [  77% ] 1406/1406 VUs  6m55.7s/9m00.0s

running (6m56.7s), 1406/1406 VUs, 98455 complete and 0 interrupted iterations
users   [  77% ] 1406/1406 VUs  6m56.7s/9m00.0s

running (6m57.7s), 1406/1406 VUs, 98733 complete and 0 interrupted iterations
users   [  77% ] 1406/1406 VUs  6m57.7s/9m00.0s

running (6m58.7s), 1406/1406 VUs, 99035 complete and 0 interrupted iterations
users   [  78% ] 1406/1406 VUs  6m58.7s/9m00.0s

running (6m59.7s), 1406/1406 VUs, 99307 complete and 0 interrupted iterations
users   [  78% ] 1406/1406 VUs  6m59.7s/9m00.0s

running (7m00.7s), 1405/1406 VUs, 99581 complete and 0 interrupted iterations
users   [  78% ] 1405/1406 VUs  7m00.7s/9m00.0s

running (7m01.7s), 1400/1406 VUs, 99846 complete and 0 interrupted iterations
users   [  78% ] 1400/1406 VUs  7m01.7s/9m00.0s

running (7m02.7s), 1398/1406 VUs, 100119 complete and 0 interrupted iterations
users   [  78% ] 1398/1406 VUs  7m02.7s/9m00.0s

running (7m03.7s), 1387/1406 VUs, 100424 complete and 0 interrupted iterations
users   [  78% ] 1387/1406 VUs  7m03.7s/9m00.0s

running (7m04.7s), 1379/1406 VUs, 100692 complete and 0 interrupted iterations
users   [  79% ] 1379/1406 VUs  7m04.7s/9m00.0s

running (7m05.7s), 1363/1406 VUs, 100969 complete and 0 interrupted iterations
users   [  79% ] 1363/1406 VUs  7m05.7s/9m00.0s

running (7m06.7s), 1358/1406 VUs, 101232 complete and 0 interrupted iterations
users   [  79% ] 1358/1406 VUs  7m06.7s/9m00.0s

running (7m07.7s), 1350/1406 VUs, 101506 complete and 0 interrupted iterations
users   [  79% ] 1350/1406 VUs  7m07.7s/9m00.0s

running (7m08.7s), 1334/1406 VUs, 101795 complete and 0 interrupted iterations
users   [  79% ] 1334/1406 VUs  7m08.7s/9m00.0s

running (7m09.7s), 1320/1406 VUs, 102053 complete and 0 interrupted iterations
users   [  80% ] 1320/1406 VUs  7m09.7s/9m00.0s

running (7m10.7s), 1309/1406 VUs, 102311 complete and 0 interrupted iterations
users   [  80% ] 1309/1406 VUs  7m10.7s/9m00.0s

running (7m11.7s), 1299/1406 VUs, 102571 complete and 0 interrupted iterations
users   [  80% ] 1299/1406 VUs  7m11.7s/9m00.0s

running (7m12.7s), 1290/1406 VUs, 102841 complete and 0 interrupted iterations
users   [  80% ] 1290/1406 VUs  7m12.7s/9m00.0s

running (7m13.7s), 1275/1406 VUs, 103117 complete and 0 interrupted iterations
users   [  80% ] 1275/1406 VUs  7m13.7s/9m00.0s

running (7m14.7s), 1264/1406 VUs, 103361 complete and 0 interrupted iterations
users   [  81% ] 1264/1406 VUs  7m14.7s/9m00.0s

running (7m15.7s), 1253/1406 VUs, 103607 complete and 0 interrupted iterations
users   [  81% ] 1253/1406 VUs  7m15.7s/9m00.0s

running (7m16.7s), 1239/1406 VUs, 103859 complete and 0 interrupted iterations
users   [  81% ] 1239/1406 VUs  7m16.7s/9m00.0s

running (7m17.7s), 1228/1406 VUs, 104119 complete and 0 interrupted iterations
users   [  81% ] 1228/1406 VUs  7m17.7s/9m00.0s

running (7m18.7s), 1211/1406 VUs, 104384 complete and 0 interrupted iterations
users   [  81% ] 1211/1406 VUs  7m18.7s/9m00.0s

running (7m19.7s), 1202/1406 VUs, 104616 complete and 0 interrupted iterations
users   [  81% ] 1202/1406 VUs  7m19.7s/9m00.0s

running (7m20.7s), 1188/1406 VUs, 104849 complete and 0 interrupted iterations
users   [  82% ] 1188/1406 VUs  7m20.7s/9m00.0s

running (7m21.7s), 1179/1406 VUs, 105086 complete and 0 interrupted iterations
users   [  82% ] 1179/1406 VUs  7m21.7s/9m00.0s

running (7m22.7s), 1168/1406 VUs, 105334 complete and 0 interrupted iterations
users   [  82% ] 1168/1406 VUs  7m22.7s/9m00.0s

running (7m23.7s), 1157/1406 VUs, 105575 complete and 0 interrupted iterations
users   [  82% ] 1157/1406 VUs  7m23.7s/9m00.0s

running (7m24.7s), 1147/1406 VUs, 105803 complete and 0 interrupted iterations
users   [  82% ] 1147/1406 VUs  7m24.7s/9m00.0s

running (7m25.7s), 1140/1406 VUs, 106022 complete and 0 interrupted iterations
users   [  83% ] 1140/1406 VUs  7m25.7s/9m00.0s

running (7m26.7s), 1123/1406 VUs, 106251 complete and 0 interrupted iterations
users   [  83% ] 1123/1406 VUs  7m26.7s/9m00.0s

running (7m27.7s), 1111/1406 VUs, 106493 complete and 0 interrupted iterations
users   [  83% ] 1111/1406 VUs  7m27.7s/9m00.0s

running (7m28.7s), 1098/1406 VUs, 106725 complete and 0 interrupted iterations
users   [  83% ] 1098/1406 VUs  7m28.7s/9m00.0s

running (7m29.7s), 1091/1406 VUs, 106936 complete and 0 interrupted iterations
users   [  83% ] 1091/1406 VUs  7m29.7s/9m00.0s

running (7m30.7s), 1075/1406 VUs, 107142 complete and 0 interrupted iterations
users   [  83% ] 1075/1406 VUs  7m30.7s/9m00.0s

running (7m31.7s), 1059/1406 VUs, 107361 complete and 0 interrupted iterations
users   [  84% ] 1059/1406 VUs  7m31.7s/9m00.0s

running (7m32.7s), 1051/1406 VUs, 107589 complete and 0 interrupted iterations
users   [  84% ] 1051/1406 VUs  7m32.7s/9m00.0s

running (7m33.7s), 1041/1406 VUs, 107810 complete and 0 interrupted iterations
users   [  84% ] 1041/1406 VUs  7m33.7s/9m00.0s

running (7m34.7s), 1027/1406 VUs, 108019 complete and 0 interrupted iterations
users   [  84% ] 1027/1406 VUs  7m34.7s/9m00.0s

running (7m35.7s), 1018/1406 VUs, 108209 complete and 0 interrupted iterations
users   [  84% ] 1018/1406 VUs  7m35.7s/9m00.0s

running (7m36.7s), 1008/1406 VUs, 108410 complete and 0 interrupted iterations
users   [  85% ] 1008/1406 VUs  7m36.7s/9m00.0s

running (7m37.7s), 0988/1406 VUs, 108629 complete and 0 interrupted iterations
users   [  85% ] 0988/1406 VUs  7m37.7s/9m00.0s

running (7m38.7s), 0980/1406 VUs, 108835 complete and 0 interrupted iterations
users   [  85% ] 0980/1406 VUs  7m38.7s/9m00.0s

running (7m39.7s), 0977/1406 VUs, 109034 complete and 0 interrupted iterations
users   [  85% ] 0977/1406 VUs  7m39.7s/9m00.0s

running (7m40.7s), 0964/1406 VUs, 109211 complete and 0 interrupted iterations
users   [  85% ] 0964/1406 VUs  7m40.7s/9m00.0s

running (7m41.7s), 0953/1406 VUs, 109408 complete and 0 interrupted iterations
users   [  86% ] 0953/1406 VUs  7m41.7s/9m00.0s

running (7m42.7s), 0938/1406 VUs, 109611 complete and 0 interrupted iterations
users   [  86% ] 0938/1406 VUs  7m42.7s/9m00.0s

running (7m43.7s), 0925/1406 VUs, 109801 complete and 0 interrupted iterations
users   [  86% ] 0925/1406 VUs  7m43.7s/9m00.0s

running (7m44.7s), 0912/1406 VUs, 110001 complete and 0 interrupted iterations
users   [  86% ] 0912/1406 VUs  7m44.7s/9m00.0s

running (7m45.7s), 0897/1406 VUs, 110163 complete and 0 interrupted iterations
users   [  86% ] 0897/1406 VUs  7m45.7s/9m00.0s

running (7m46.7s), 0883/1406 VUs, 110350 complete and 0 interrupted iterations
users   [  86% ] 0883/1406 VUs  7m46.7s/9m00.0s

running (7m47.7s), 0873/1406 VUs, 110539 complete and 0 interrupted iterations
users   [  87% ] 0873/1406 VUs  7m47.7s/9m00.0s

running (7m48.7s), 0863/1406 VUs, 110715 complete and 0 interrupted iterations
users   [  87% ] 0863/1406 VUs  7m48.7s/9m00.0s

running (7m49.7s), 0855/1406 VUs, 110900 complete and 0 interrupted iterations
users   [  87% ] 0855/1406 VUs  7m49.7s/9m00.0s

running (7m50.7s), 0847/1406 VUs, 111049 complete and 0 interrupted iterations
users   [  87% ] 0847/1406 VUs  7m50.7s/9m00.0s

running (7m51.7s), 0831/1406 VUs, 111222 complete and 0 interrupted iterations
users   [  87% ] 0831/1406 VUs  7m51.7s/9m00.0s

running (7m52.7s), 0819/1406 VUs, 111406 complete and 0 interrupted iterations
users   [  88% ] 0819/1406 VUs  7m52.7s/9m00.0s

running (7m53.7s), 0807/1406 VUs, 111568 complete and 0 interrupted iterations
users   [  88% ] 0807/1406 VUs  7m53.7s/9m00.0s

running (7m54.7s), 0792/1406 VUs, 111743 complete and 0 interrupted iterations
users   [  88% ] 0792/1406 VUs  7m54.7s/9m00.0s

running (7m55.7s), 0780/1406 VUs, 111888 complete and 0 interrupted iterations
users   [  88% ] 0780/1406 VUs  7m55.7s/9m00.0s

running (7m56.7s), 0773/1406 VUs, 112046 complete and 0 interrupted iterations
users   [  88% ] 0773/1406 VUs  7m56.7s/9m00.0s

running (7m57.7s), 0755/1406 VUs, 112217 complete and 0 interrupted iterations
users   [  88% ] 0755/1406 VUs  7m57.7s/9m00.0s

running (7m58.7s), 0742/1406 VUs, 112367 complete and 0 interrupted iterations
users   [  89% ] 0742/1406 VUs  7m58.7s/9m00.0s

running (7m59.7s), 0733/1406 VUs, 112528 complete and 0 interrupted iterations
users   [  89% ] 0733/1406 VUs  7m59.7s/9m00.0s

running (8m00.7s), 0722/1406 VUs, 112662 complete and 0 interrupted iterations
users   [  89% ] 0722/1406 VUs  8m00.7s/9m00.0s

running (8m01.7s), 0714/1406 VUs, 112809 complete and 0 interrupted iterations
users   [  89% ] 0714/1406 VUs  8m01.7s/9m00.0s

running (8m02.7s), 0702/1406 VUs, 112961 complete and 0 interrupted iterations
users   [  89% ] 0702/1406 VUs  8m02.7s/9m00.0s

running (8m03.7s), 0683/1406 VUs, 113096 complete and 0 interrupted iterations
users   [  90% ] 0683/1406 VUs  8m03.7s/9m00.0s

running (8m04.7s), 0670/1406 VUs, 113254 complete and 0 interrupted iterations
users   [  90% ] 0670/1406 VUs  8m04.7s/9m00.0s

running (8m05.7s), 0662/1406 VUs, 113375 complete and 0 interrupted iterations
users   [  90% ] 0662/1406 VUs  8m05.7s/9m00.0s

running (8m06.7s), 0654/1406 VUs, 113512 complete and 0 interrupted iterations
users   [  90% ] 0654/1406 VUs  8m06.7s/9m00.0s

running (8m07.7s), 0644/1406 VUs, 113653 complete and 0 interrupted iterations
users   [  90% ] 0644/1406 VUs  8m07.7s/9m00.0s

running (8m08.7s), 0627/1406 VUs, 113773 complete and 0 interrupted iterations
users   [  91% ] 0627/1406 VUs  8m08.7s/9m00.0s

running (8m09.7s), 0616/1406 VUs, 113913 complete and 0 interrupted iterations
users   [  91% ] 0616/1406 VUs  8m09.7s/9m00.0s

running (8m10.7s), 0604/1406 VUs, 114027 complete and 0 interrupted iterations
users   [  91% ] 0604/1406 VUs  8m10.7s/9m00.0s

running (8m11.7s), 0592/1406 VUs, 114159 complete and 0 interrupted iterations
users   [  91% ] 0592/1406 VUs  8m11.7s/9m00.0s

running (8m12.7s), 0578/1406 VUs, 114289 complete and 0 interrupted iterations
users   [  91% ] 0578/1406 VUs  8m12.7s/9m00.0s

running (8m13.7s), 0567/1406 VUs, 114395 complete and 0 interrupted iterations
users   [  91% ] 0567/1406 VUs  8m13.7s/9m00.0s

running (8m14.7s), 0556/1406 VUs, 114526 complete and 0 interrupted iterations
users   [  92% ] 0556/1406 VUs  8m14.7s/9m00.0s

running (8m15.7s), 0546/1406 VUs, 114623 complete and 0 interrupted iterations
users   [  92% ] 0546/1406 VUs  8m15.7s/9m00.0s

running (8m16.7s), 0537/1406 VUs, 114745 complete and 0 interrupted iterations
users   [  92% ] 0537/1406 VUs  8m16.7s/9m00.0s

running (8m17.7s), 0529/1406 VUs, 114860 complete and 0 interrupted iterations
users   [  92% ] 0529/1406 VUs  8m17.7s/9m00.0s

running (8m18.7s), 0516/1406 VUs, 114952 complete and 0 interrupted iterations
users   [  92% ] 0516/1406 VUs  8m18.7s/9m00.0s

running (8m19.7s), 0507/1406 VUs, 115071 complete and 0 interrupted iterations
users   [  93% ] 0507/1406 VUs  8m19.7s/9m00.0s

running (8m20.7s), 0494/1406 VUs, 115158 complete and 0 interrupted iterations
users   [  93% ] 0494/1406 VUs  8m20.7s/9m00.0s

running (8m21.7s), 0478/1406 VUs, 115275 complete and 0 interrupted iterations
users   [  93% ] 0478/1406 VUs  8m21.7s/9m00.0s

running (8m22.7s), 0464/1406 VUs, 115380 complete and 0 interrupted iterations
users   [  93% ] 0464/1406 VUs  8m22.7s/9m00.0s

running (8m23.7s), 0457/1406 VUs, 115464 complete and 0 interrupted iterations
users   [  93% ] 0457/1406 VUs  8m23.7s/9m00.0s

running (8m24.7s), 0442/1406 VUs, 115572 complete and 0 interrupted iterations
users   [  93% ] 0442/1406 VUs  8m24.7s/9m00.0s

running (8m25.7s), 0427/1406 VUs, 115648 complete and 0 interrupted iterations
users   [  94% ] 0427/1406 VUs  8m25.7s/9m00.0s

running (8m26.7s), 0419/1406 VUs, 115749 complete and 0 interrupted iterations
users   [  94% ] 0419/1406 VUs  8m26.7s/9m00.0s

running (8m27.7s), 0405/1406 VUs, 115839 complete and 0 interrupted iterations
users   [  94% ] 0405/1406 VUs  8m27.7s/9m00.0s

running (8m28.7s), 0396/1406 VUs, 115916 complete and 0 interrupted iterations
users   [  94% ] 0396/1406 VUs  8m28.7s/9m00.0s

running (8m29.7s), 0383/1406 VUs, 116006 complete and 0 interrupted iterations
users   [  94% ] 0383/1406 VUs  8m29.7s/9m00.0s

running (8m30.7s), 0371/1406 VUs, 116071 complete and 0 interrupted iterations
users   [  95% ] 0371/1406 VUs  8m30.7s/9m00.0s

running (8m31.7s), 0359/1406 VUs, 116166 complete and 0 interrupted iterations
users   [  95% ] 0359/1406 VUs  8m31.7s/9m00.0s

running (8m32.7s), 0347/1406 VUs, 116242 complete and 0 interrupted iterations
users   [  95% ] 0347/1406 VUs  8m32.7s/9m00.0s

running (8m33.7s), 0336/1406 VUs, 116307 complete and 0 interrupted iterations
users   [  95% ] 0336/1406 VUs  8m33.7s/9m00.0s

running (8m34.7s), 0318/1406 VUs, 116381 complete and 0 interrupted iterations
users   [  95% ] 0318/1406 VUs  8m34.7s/9m00.0s

running (8m35.7s), 0310/1406 VUs, 116438 complete and 0 interrupted iterations
users   [  96% ] 0310/1406 VUs  8m35.7s/9m00.0s

running (8m36.7s), 0299/1406 VUs, 116524 complete and 0 interrupted iterations
users   [  96% ] 0299/1406 VUs  8m36.7s/9m00.0s

running (8m37.7s), 0293/1406 VUs, 116588 complete and 0 interrupted iterations
users   [  96% ] 0293/1406 VUs  8m37.7s/9m00.0s

running (8m38.7s), 0278/1406 VUs, 116641 complete and 0 interrupted iterations
users   [  96% ] 0278/1406 VUs  8m38.7s/9m00.0s

running (8m39.7s), 0267/1406 VUs, 116697 complete and 0 interrupted iterations
users   [  96% ] 0267/1406 VUs  8m39.7s/9m00.0s

running (8m40.7s), 0258/1406 VUs, 116744 complete and 0 interrupted iterations
users   [  96% ] 0258/1406 VUs  8m40.7s/9m00.0s

running (8m41.7s), 0245/1406 VUs, 116820 complete and 0 interrupted iterations
users   [  97% ] 0245/1406 VUs  8m41.7s/9m00.0s

running (8m42.7s), 0235/1406 VUs, 116879 complete and 0 interrupted iterations
users   [  97% ] 0235/1406 VUs  8m42.7s/9m00.0s

running (8m43.7s), 0230/1406 VUs, 116918 complete and 0 interrupted iterations
users   [  97% ] 0230/1406 VUs  8m43.7s/9m00.0s

running (8m44.7s), 0214/1406 VUs, 116961 complete and 0 interrupted iterations
users   [  97% ] 0214/1406 VUs  8m44.7s/9m00.0s

running (8m45.7s), 0202/1406 VUs, 116999 complete and 0 interrupted iterations
users   [  97% ] 0202/1406 VUs  8m45.7s/9m00.0s

running (8m46.7s), 0182/1406 VUs, 117060 complete and 0 interrupted iterations
users   [  98% ] 0182/1406 VUs  8m46.7s/9m00.0s

running (8m47.7s), 0175/1406 VUs, 117110 complete and 0 interrupted iterations
users   [  98% ] 0175/1406 VUs  8m47.7s/9m00.0s

running (8m48.7s), 0163/1406 VUs, 117143 complete and 0 interrupted iterations
users   [  98% ] 0163/1406 VUs  8m48.7s/9m00.0s

running (8m49.7s), 0155/1406 VUs, 117172 complete and 0 interrupted iterations
users   [  98% ] 0155/1406 VUs  8m49.7s/9m00.0s

running (8m50.7s), 0141/1406 VUs, 117198 complete and 0 interrupted iterations
users   [  98% ] 0141/1406 VUs  8m50.7s/9m00.0s

running (8m51.7s), 0125/1406 VUs, 117241 complete and 0 interrupted iterations
users   [  98% ] 0125/1406 VUs  8m51.7s/9m00.0s

running (8m52.7s), 0109/1406 VUs, 117283 complete and 0 interrupted iterations
users   [  99% ] 0109/1406 VUs  8m52.7s/9m00.0s

running (8m53.7s), 0100/1406 VUs, 117305 complete and 0 interrupted iterations
users   [  99% ] 0100/1406 VUs  8m53.7s/9m00.0s

running (8m54.7s), 0090/1406 VUs, 117326 complete and 0 interrupted iterations
users   [  99% ] 0090/1406 VUs  8m54.7s/9m00.0s

running (8m55.7s), 0082/1406 VUs, 117338 complete and 0 interrupted iterations
users   [  99% ] 0082/1406 VUs  8m55.7s/9m00.0s

running (8m56.7s), 0064/1406 VUs, 117365 complete and 0 interrupted iterations
users   [  99% ] 0064/1406 VUs  8m56.7s/9m00.0s

running (8m57.7s), 0050/1406 VUs, 117392 complete and 0 interrupted iterations
users   [ 100% ] 0050/1406 VUs  8m57.7s/9m00.0s

running (8m58.7s), 0043/1406 VUs, 117405 complete and 0 interrupted iterations
users   [ 100% ] 0043/1406 VUs  8m58.7s/9m00.0s

running (8m59.7s), 0035/1406 VUs, 117415 complete and 0 interrupted iterations
users   [ 100% ] 0035/1406 VUs  8m59.7s/9m00.0s

running (9m00.7s), 0031/1406 VUs, 117419 complete and 0 interrupted iterations
users ↓ [ 100% ] 0033/1406 VUs  9m0s

running (9m01.7s), 0023/1406 VUs, 117427 complete and 0 interrupted iterations
users ↓ [ 100% ] 0033/1406 VUs  9m0s

running (9m02.7s), 0009/1406 VUs, 117441 complete and 0 interrupted iterations
users ↓ [ 100% ] 0033/1406 VUs  9m0s

running (9m03.7s), 0003/1406 VUs, 117447 complete and 0 interrupted iterations
users ↓ [ 100% ] 0033/1406 VUs  9m0s

running (9m04.7s), 0000/1406 VUs, 117450 complete and 0 interrupted iterations
users ✓ [ 100% ] 0000/1406 VUs  9m0s


  █ THRESHOLDS 

    checks{phase:bench}
    ✓ 'rate>0.99' rate=100.00%

    http_req_duration{name:confirm,phase:bench}
    ✓ 'p(95)<200' p(95)=6.87ms
    ✓ 'p(99)<600' p(99)=19.62ms

    http_req_duration{name:download_expired,phase:bench}
    ✓ 'p(95)<200' p(95)=0s
    ✓ 'p(99)<600' p(99)=0s

    http_req_duration{name:download,phase:bench}
    ✓ 'p(95)<200' p(95)=6.2ms
    ✓ 'p(99)<600' p(99)=13.89ms

    http_req_duration{name:upload,phase:bench}
    ✓ 'p(95)<200' p(95)=7.86ms
    ✓ 'p(99)<600' p(99)=17.12ms

    http_req_failed{phase:bench}
    ✓ 'rate<0.01' rate=0.00%

    server_errors{phase:bench}
    ✓ 'rate<0.01' rate=0.00%


  █ TOTAL RESULTS 

    checks_total.......: 120554  221.337656/s
    checks_succeeded...: 100.00% 120554 out of 120554
    checks_failed......: 0.00%   0 out of 120554

    ✓ download as expected
    ✓ upload link 201
    ✓ confirm 200

    CUSTOM
    server_errors.............................: 0.00%  0 out of 120554
      { phase:bench }.........................: 0.00%  0 out of 85580

    HTTP
    http_req_duration.........................: med=3.36ms p(95)=6.09ms p(99)=12.96ms avg=3.93ms max=161.24ms
      { expected_response:true }..............: med=3.36ms p(95)=6.09ms p(99)=12.96ms avg=3.93ms max=161.24ms
      { name:confirm,phase:bench }............: med=4.27ms p(95)=6.87ms p(99)=19.62ms avg=4.94ms max=84.17ms 
      { name:download_expired,phase:bench }...: med=0s     p(95)=0s     p(99)=0s      avg=0s     max=0s      
      { name:download,phase:bench }...........: med=3.36ms p(95)=6.2ms  p(99)=13.89ms avg=3.96ms max=122.61ms
      { name:upload,phase:bench }.............: med=5.08ms p(95)=7.86ms p(99)=17.12ms avg=5.64ms max=67.75ms 
    http_req_failed...........................: 0.00%  0 out of 120554
      { phase:bench }.........................: 0.00%  0 out of 85580
    http_reqs.................................: 120554 221.337656/s

    EXECUTION
    iteration_duration........................: med=5s     p(95)=5s     p(99)=7.23s   avg=5.05s  max=8.03s   
    iterations................................: 117450 215.638699/s
    vus.......................................: 3      min=3           max=1406
    vus_max...................................: 1406   min=1406        max=1406

    NETWORK
    data_received.............................: 283 MB 519 kB/s
    data_sent.................................: 97 MB  179 kB/s




running (9m04.7s), 0000/1406 VUs, 117450 complete and 0 interrupted iterations
users ✓ [ 100% ] 0000/1406 VUs  9m0s
== 1406 users: pass
== resting 120s
== pass 7: 1484 users (passed up to 1406, failed from 1562)
TRUNCATE TABLE
SELECT 10000
ALTER TABLE
UPDATE 10000
INSERT 0 10000
COPY 10000
VACUUM
  expiry   | count 
-----------+-------
 HOURS24   |  3319
 MINUTES15 |  3274
 MINUTES30 |  3407
(3 rows)

 rows  |  table  | indexes |  total  
-------+---------+---------+---------
 10000 | 1112 kB | 1416 kB | 2528 kB
(1 row)

wrote /tmp/seed.csv (10000 files). Copy it to the load generator and run load-file-list.sh.
file list loaded: 10000 files
time="2026-09-30T11:00:36Z" level=info msg="Automatic extension resolution is enabled. The current k6 binary doesn't satisfy all dependencies, it's required to provision a custom binary." deps="k6;k6/x/redis"
time="2026-09-30T11:00:36Z" level=info msg="Using cached k6 binary" artifact_id=d29e86c20dd9a49cb84ea3c41fac5b8b8e524e06 deps="map[k6:v2.3.0 k6/x/redis:v0.4.3]" path=/home/admin/.cache/k6/builds/d29e86c20dd9a49cb84ea3c41fac5b8b8e524e06/k6

         /\      Grafana   /‾‾/  
    /\  /  \     |\  __   /  /   
   /  \/    \    | |/ /  /   ‾‾\ 
  /          \   |   (  |  (‾)  |
 / __________ \  |_|\_\  \_____/ 


     execution: local
        script: /home/admin/Mint-Bench/k6/mint.js
        output: csv (/home/admin/Mint-Bench/bench-sql/results/2026-09-30-0953/vus-1484/k6.csv.gz)

     scenarios: (100.00%) 1 scenario, 1484 max VUs, 9m30s max duration (incl. graceful stop):
              * users: Up to 1484 looping VUs for 9m0s over 3 stages (gracefulRampDown: 30s, gracefulStop: 30s)


running (0m00.7s), 0008/1484 VUs, 0 complete and 0 interrupted iterations
users   [   0% ] 0008/1484 VUs  0m00.7s/9m00.0s

running (0m01.7s), 0020/1484 VUs, 0 complete and 0 interrupted iterations
users   [   0% ] 0020/1484 VUs  0m01.7s/9m00.0s

running (0m02.7s), 0033/1484 VUs, 0 complete and 0 interrupted iterations
users   [   0% ] 0033/1484 VUs  0m02.7s/9m00.0s

running (0m03.7s), 0045/1484 VUs, 0 complete and 0 interrupted iterations
users   [   1% ] 0045/1484 VUs  0m03.7s/9m00.0s

running (0m04.7s), 0057/1484 VUs, 0 complete and 0 interrupted iterations
users   [   1% ] 0057/1484 VUs  0m04.7s/9m00.0s

running (0m05.7s), 0070/1484 VUs, 8 complete and 0 interrupted iterations
users   [   1% ] 0070/1484 VUs  0m05.7s/9m00.0s

running (0m06.7s), 0082/1484 VUs, 20 complete and 0 interrupted iterations
users   [   1% ] 0082/1484 VUs  0m06.7s/9m00.0s

running (0m07.7s), 0095/1484 VUs, 33 complete and 0 interrupted iterations
users   [   1% ] 0095/1484 VUs  0m07.7s/9m00.0s

running (0m08.7s), 0107/1484 VUs, 45 complete and 0 interrupted iterations
users   [   2% ] 0107/1484 VUs  0m08.7s/9m00.0s

running (0m09.7s), 0119/1484 VUs, 56 complete and 0 interrupted iterations
users   [   2% ] 0119/1484 VUs  0m09.7s/9m00.0s

running (0m10.7s), 0132/1484 VUs, 77 complete and 0 interrupted iterations
users   [   2% ] 0132/1484 VUs  0m10.7s/9m00.0s

running (0m11.7s), 0144/1484 VUs, 102 complete and 0 interrupted iterations
users   [   2% ] 0144/1484 VUs  0m11.7s/9m00.0s

running (0m12.7s), 0156/1484 VUs, 128 complete and 0 interrupted iterations
users   [   2% ] 0156/1484 VUs  0m12.7s/9m00.0s

running (0m13.7s), 0169/1484 VUs, 150 complete and 0 interrupted iterations
users   [   3% ] 0169/1484 VUs  0m13.7s/9m00.0s

running (0m14.7s), 0181/1484 VUs, 173 complete and 0 interrupted iterations
users   [   3% ] 0181/1484 VUs  0m14.7s/9m00.0s

running (0m15.7s), 0194/1484 VUs, 207 complete and 0 interrupted iterations
users   [   3% ] 0194/1484 VUs  0m15.7s/9m00.0s

running (0m16.7s), 0206/1484 VUs, 245 complete and 0 interrupted iterations
users   [   3% ] 0206/1484 VUs  0m16.7s/9m00.0s

running (0m17.7s), 0218/1484 VUs, 282 complete and 0 interrupted iterations
users   [   3% ] 0218/1484 VUs  0m17.7s/9m00.0s

running (0m18.7s), 0231/1484 VUs, 318 complete and 0 interrupted iterations
users   [   3% ] 0231/1484 VUs  0m18.7s/9m00.0s

running (0m19.7s), 0243/1484 VUs, 354 complete and 0 interrupted iterations
users   [   4% ] 0243/1484 VUs  0m19.7s/9m00.0s

running (0m20.7s), 0255/1484 VUs, 400 complete and 0 interrupted iterations
users   [   4% ] 0255/1484 VUs  0m20.7s/9m00.0s

running (0m21.7s), 0268/1484 VUs, 451 complete and 0 interrupted iterations
users   [   4% ] 0268/1484 VUs  0m21.7s/9m00.0s

running (0m22.7s), 0280/1484 VUs, 499 complete and 0 interrupted iterations
users   [   4% ] 0280/1484 VUs  0m22.7s/9m00.0s

running (0m23.7s), 0292/1484 VUs, 548 complete and 0 interrupted iterations
users   [   4% ] 0292/1484 VUs  0m23.7s/9m00.0s

running (0m24.7s), 0305/1484 VUs, 596 complete and 0 interrupted iterations
users   [   5% ] 0305/1484 VUs  0m24.7s/9m00.0s

running (0m25.7s), 0317/1484 VUs, 653 complete and 0 interrupted iterations
users   [   5% ] 0317/1484 VUs  0m25.7s/9m00.0s

running (0m26.7s), 0330/1484 VUs, 718 complete and 0 interrupted iterations
users   [   5% ] 0330/1484 VUs  0m26.7s/9m00.0s

running (0m27.7s), 0342/1484 VUs, 774 complete and 0 interrupted iterations
users   [   5% ] 0342/1484 VUs  0m27.7s/9m00.0s

running (0m28.7s), 0354/1484 VUs, 838 complete and 0 interrupted iterations
users   [   5% ] 0354/1484 VUs  0m28.7s/9m00.0s

running (0m29.7s), 0367/1484 VUs, 893 complete and 0 interrupted iterations
users   [   5% ] 0367/1484 VUs  0m29.7s/9m00.0s

running (0m30.7s), 0379/1484 VUs, 964 complete and 0 interrupted iterations
users   [   6% ] 0379/1484 VUs  0m30.7s/9m00.0s

running (0m31.7s), 0391/1484 VUs, 1045 complete and 0 interrupted iterations
users   [   6% ] 0391/1484 VUs  0m31.7s/9m00.0s

running (0m32.7s), 0404/1484 VUs, 1112 complete and 0 interrupted iterations
users   [   6% ] 0404/1484 VUs  0m32.7s/9m00.0s

running (0m33.7s), 0416/1484 VUs, 1186 complete and 0 interrupted iterations
users   [   6% ] 0416/1484 VUs  0m33.7s/9m00.0s

running (0m34.7s), 0428/1484 VUs, 1251 complete and 0 interrupted iterations
users   [   6% ] 0428/1484 VUs  0m34.7s/9m00.0s

running (0m35.7s), 0441/1484 VUs, 1339 complete and 0 interrupted iterations
users   [   7% ] 0441/1484 VUs  0m35.7s/9m00.0s

running (0m36.7s), 0453/1484 VUs, 1430 complete and 0 interrupted iterations
users   [   7% ] 0453/1484 VUs  0m36.7s/9m00.0s

running (0m37.7s), 0466/1484 VUs, 1509 complete and 0 interrupted iterations
users   [   7% ] 0466/1484 VUs  0m37.7s/9m00.0s

running (0m38.7s), 0478/1484 VUs, 1595 complete and 0 interrupted iterations
users   [   7% ] 0478/1484 VUs  0m38.7s/9m00.0s

running (0m39.7s), 0490/1484 VUs, 1671 complete and 0 interrupted iterations
users   [   7% ] 0490/1484 VUs  0m39.7s/9m00.0s

running (0m40.7s), 0503/1484 VUs, 1773 complete and 0 interrupted iterations
users   [   8% ] 0503/1484 VUs  0m40.7s/9m00.0s

running (0m41.7s), 0515/1484 VUs, 1878 complete and 0 interrupted iterations
users   [   8% ] 0515/1484 VUs  0m41.7s/9m00.0s

running (0m42.7s), 0527/1484 VUs, 1971 complete and 0 interrupted iterations
users   [   8% ] 0527/1484 VUs  0m42.7s/9m00.0s

running (0m43.7s), 0540/1484 VUs, 2072 complete and 0 interrupted iterations
users   [   8% ] 0540/1484 VUs  0m43.7s/9m00.0s

running (0m44.7s), 0552/1484 VUs, 2159 complete and 0 interrupted iterations
users   [   8% ] 0552/1484 VUs  0m44.7s/9m00.0s

running (0m45.7s), 0565/1484 VUs, 2271 complete and 0 interrupted iterations
users   [   8% ] 0565/1484 VUs  0m45.7s/9m00.0s

running (0m46.7s), 0577/1484 VUs, 2387 complete and 0 interrupted iterations
users   [   9% ] 0577/1484 VUs  0m46.7s/9m00.0s

running (0m47.7s), 0589/1484 VUs, 2491 complete and 0 interrupted iterations
users   [   9% ] 0589/1484 VUs  0m47.7s/9m00.0s

running (0m48.7s), 0602/1484 VUs, 2605 complete and 0 interrupted iterations
users   [   9% ] 0602/1484 VUs  0m48.7s/9m00.0s

running (0m49.7s), 0614/1484 VUs, 2706 complete and 0 interrupted iterations
users   [   9% ] 0614/1484 VUs  0m49.7s/9m00.0s

running (0m50.7s), 0626/1484 VUs, 2825 complete and 0 interrupted iterations
users   [   9% ] 0626/1484 VUs  0m50.7s/9m00.0s

running (0m51.7s), 0639/1484 VUs, 2947 complete and 0 interrupted iterations
users   [  10% ] 0639/1484 VUs  0m51.7s/9m00.0s

running (0m52.7s), 0651/1484 VUs, 3070 complete and 0 interrupted iterations
users   [  10% ] 0651/1484 VUs  0m52.7s/9m00.0s

running (0m53.7s), 0663/1484 VUs, 3196 complete and 0 interrupted iterations
users   [  10% ] 0663/1484 VUs  0m53.7s/9m00.0s

running (0m54.7s), 0676/1484 VUs, 3312 complete and 0 interrupted iterations
users   [  10% ] 0676/1484 VUs  0m54.7s/9m00.0s

running (0m55.7s), 0688/1484 VUs, 3447 complete and 0 interrupted iterations
users   [  10% ] 0688/1484 VUs  0m55.7s/9m00.0s

running (0m56.7s), 0701/1484 VUs, 3574 complete and 0 interrupted iterations
users   [  10% ] 0701/1484 VUs  0m56.7s/9m00.0s

running (0m57.7s), 0713/1484 VUs, 3709 complete and 0 interrupted iterations
users   [  11% ] 0713/1484 VUs  0m57.7s/9m00.0s

running (0m58.7s), 0725/1484 VUs, 3852 complete and 0 interrupted iterations
users   [  11% ] 0725/1484 VUs  0m58.7s/9m00.0s

running (0m59.7s), 0738/1484 VUs, 3981 complete and 0 interrupted iterations
users   [  11% ] 0738/1484 VUs  0m59.7s/9m00.0s

running (1m00.7s), 0750/1484 VUs, 4127 complete and 0 interrupted iterations
users   [  11% ] 0750/1484 VUs  1m00.7s/9m00.0s

running (1m01.7s), 0762/1484 VUs, 4268 complete and 0 interrupted iterations
users   [  11% ] 0762/1484 VUs  1m01.7s/9m00.0s

running (1m02.7s), 0775/1484 VUs, 4414 complete and 0 interrupted iterations
users   [  12% ] 0775/1484 VUs  1m02.7s/9m00.0s

running (1m03.7s), 0787/1484 VUs, 4571 complete and 0 interrupted iterations
users   [  12% ] 0787/1484 VUs  1m03.7s/9m00.0s

running (1m04.7s), 0799/1484 VUs, 4713 complete and 0 interrupted iterations
users   [  12% ] 0799/1484 VUs  1m04.7s/9m00.0s

running (1m05.7s), 0812/1484 VUs, 4868 complete and 0 interrupted iterations
users   [  12% ] 0812/1484 VUs  1m05.7s/9m00.0s

running (1m06.7s), 0824/1484 VUs, 5019 complete and 0 interrupted iterations
users   [  12% ] 0824/1484 VUs  1m06.7s/9m00.0s

running (1m07.7s), 0837/1484 VUs, 5180 complete and 0 interrupted iterations
users   [  13% ] 0837/1484 VUs  1m07.7s/9m00.0s

running (1m08.7s), 0849/1484 VUs, 5350 complete and 0 interrupted iterations
users   [  13% ] 0849/1484 VUs  1m08.7s/9m00.0s

running (1m09.7s), 0861/1484 VUs, 5505 complete and 0 interrupted iterations
users   [  13% ] 0861/1484 VUs  1m09.7s/9m00.0s

running (1m10.7s), 0874/1484 VUs, 5673 complete and 0 interrupted iterations
users   [  13% ] 0874/1484 VUs  1m10.7s/9m00.0s

running (1m11.7s), 0886/1484 VUs, 5835 complete and 0 interrupted iterations
users   [  13% ] 0886/1484 VUs  1m11.7s/9m00.0s

running (1m12.7s), 0898/1484 VUs, 6008 complete and 0 interrupted iterations
users   [  13% ] 0898/1484 VUs  1m12.7s/9m00.0s

running (1m13.7s), 0911/1484 VUs, 6189 complete and 0 interrupted iterations
users   [  14% ] 0911/1484 VUs  1m13.7s/9m00.0s

running (1m14.7s), 0923/1484 VUs, 6361 complete and 0 interrupted iterations
users   [  14% ] 0923/1484 VUs  1m14.7s/9m00.0s

running (1m15.7s), 0936/1484 VUs, 6542 complete and 0 interrupted iterations
users   [  14% ] 0936/1484 VUs  1m15.7s/9m00.0s

running (1m16.7s), 0948/1484 VUs, 6714 complete and 0 interrupted iterations
users   [  14% ] 0948/1484 VUs  1m16.7s/9m00.0s

running (1m17.7s), 0960/1484 VUs, 6896 complete and 0 interrupted iterations
users   [  14% ] 0960/1484 VUs  1m17.7s/9m00.0s

running (1m18.7s), 0973/1484 VUs, 7089 complete and 0 interrupted iterations
users   [  15% ] 0973/1484 VUs  1m18.7s/9m00.0s

running (1m19.7s), 0985/1484 VUs, 7277 complete and 0 interrupted iterations
users   [  15% ] 0985/1484 VUs  1m19.7s/9m00.0s

running (1m20.7s), 0997/1484 VUs, 7470 complete and 0 interrupted iterations
users   [  15% ] 0997/1484 VUs  1m20.7s/9m00.0s

running (1m21.7s), 1010/1484 VUs, 7652 complete and 0 interrupted iterations
users   [  15% ] 1010/1484 VUs  1m21.7s/9m00.0s

running (1m22.7s), 1022/1484 VUs, 7842 complete and 0 interrupted iterations
users   [  15% ] 1022/1484 VUs  1m22.7s/9m00.0s

running (1m23.7s), 1034/1484 VUs, 8051 complete and 0 interrupted iterations
users   [  15% ] 1034/1484 VUs  1m23.7s/9m00.0s

running (1m24.7s), 1047/1484 VUs, 8249 complete and 0 interrupted iterations
users   [  16% ] 1047/1484 VUs  1m24.7s/9m00.0s

running (1m25.7s), 1059/1484 VUs, 8457 complete and 0 interrupted iterations
users   [  16% ] 1059/1484 VUs  1m25.7s/9m00.0s

running (1m26.7s), 1072/1484 VUs, 8653 complete and 0 interrupted iterations
users   [  16% ] 1072/1484 VUs  1m26.7s/9m00.0s

running (1m27.7s), 1084/1484 VUs, 8853 complete and 0 interrupted iterations
users   [  16% ] 1084/1484 VUs  1m27.7s/9m00.0s

running (1m28.7s), 1096/1484 VUs, 9074 complete and 0 interrupted iterations
users   [  16% ] 1096/1484 VUs  1m28.7s/9m00.0s

running (1m29.7s), 1109/1484 VUs, 9281 complete and 0 interrupted iterations
users   [  17% ] 1109/1484 VUs  1m29.7s/9m00.0s

running (1m30.7s), 1121/1484 VUs, 9497 complete and 0 interrupted iterations
users   [  17% ] 1121/1484 VUs  1m30.7s/9m00.0s

running (1m31.7s), 1133/1484 VUs, 9709 complete and 0 interrupted iterations
users   [  17% ] 1133/1484 VUs  1m31.7s/9m00.0s

running (1m32.7s), 1146/1484 VUs, 9918 complete and 0 interrupted iterations
users   [  17% ] 1146/1484 VUs  1m32.7s/9m00.0s

running (1m33.7s), 1158/1484 VUs, 10157 complete and 0 interrupted iterations
users   [  17% ] 1158/1484 VUs  1m33.7s/9m00.0s

running (1m34.7s), 1170/1484 VUs, 10380 complete and 0 interrupted iterations
users   [  18% ] 1170/1484 VUs  1m34.7s/9m00.0s

running (1m35.7s), 1183/1484 VUs, 10608 complete and 0 interrupted iterations
users   [  18% ] 1183/1484 VUs  1m35.7s/9m00.0s

running (1m36.7s), 1195/1484 VUs, 10831 complete and 0 interrupted iterations
users   [  18% ] 1195/1484 VUs  1m36.7s/9m00.0s

running (1m37.7s), 1208/1484 VUs, 11054 complete and 0 interrupted iterations
users   [  18% ] 1208/1484 VUs  1m37.7s/9m00.0s

running (1m38.7s), 1220/1484 VUs, 11304 complete and 0 interrupted iterations
users   [  18% ] 1220/1484 VUs  1m38.7s/9m00.0s

running (1m39.7s), 1232/1484 VUs, 11537 complete and 0 interrupted iterations
users   [  18% ] 1232/1484 VUs  1m39.7s/9m00.0s

running (1m40.7s), 1245/1484 VUs, 11778 complete and 0 interrupted iterations
users   [  19% ] 1245/1484 VUs  1m40.7s/9m00.0s

running (1m41.7s), 1257/1484 VUs, 12021 complete and 0 interrupted iterations
users   [  19% ] 1257/1484 VUs  1m41.7s/9m00.0s

running (1m42.7s), 1269/1484 VUs, 12251 complete and 0 interrupted iterations
users   [  19% ] 1269/1484 VUs  1m42.7s/9m00.0s

running (1m43.7s), 1282/1484 VUs, 12516 complete and 0 interrupted iterations
users   [  19% ] 1282/1484 VUs  1m43.7s/9m00.0s

running (1m44.7s), 1294/1484 VUs, 12758 complete and 0 interrupted iterations
users   [  19% ] 1294/1484 VUs  1m44.7s/9m00.0s

running (1m45.7s), 1307/1484 VUs, 13010 complete and 0 interrupted iterations
users   [  20% ] 1307/1484 VUs  1m45.7s/9m00.0s

running (1m46.7s), 1319/1484 VUs, 13263 complete and 0 interrupted iterations
users   [  20% ] 1319/1484 VUs  1m46.7s/9m00.0s

running (1m47.7s), 1331/1484 VUs, 13504 complete and 0 interrupted iterations
users   [  20% ] 1331/1484 VUs  1m47.7s/9m00.0s

running (1m48.7s), 1344/1484 VUs, 13778 complete and 0 interrupted iterations
users   [  20% ] 1344/1484 VUs  1m48.7s/9m00.0s

running (1m49.7s), 1356/1484 VUs, 14034 complete and 0 interrupted iterations
users   [  20% ] 1356/1484 VUs  1m49.7s/9m00.0s

running (1m50.7s), 1368/1484 VUs, 14298 complete and 0 interrupted iterations
users   [  20% ] 1368/1484 VUs  1m50.7s/9m00.0s

running (1m51.7s), 1381/1484 VUs, 14568 complete and 0 interrupted iterations
users   [  21% ] 1381/1484 VUs  1m51.7s/9m00.0s

running (1m52.7s), 1393/1484 VUs, 14826 complete and 0 interrupted iterations
users   [  21% ] 1393/1484 VUs  1m52.7s/9m00.0s

running (1m53.7s), 1405/1484 VUs, 15105 complete and 0 interrupted iterations
users   [  21% ] 1405/1484 VUs  1m53.7s/9m00.0s

running (1m54.7s), 1418/1484 VUs, 15379 complete and 0 interrupted iterations
users   [  21% ] 1418/1484 VUs  1m54.7s/9m00.0s

running (1m55.7s), 1430/1484 VUs, 15652 complete and 0 interrupted iterations
users   [  21% ] 1430/1484 VUs  1m55.7s/9m00.0s

running (1m56.7s), 1443/1484 VUs, 15935 complete and 0 interrupted iterations
users   [  22% ] 1443/1484 VUs  1m56.7s/9m00.0s

running (1m57.7s), 1455/1484 VUs, 16199 complete and 0 interrupted iterations
users   [  22% ] 1455/1484 VUs  1m57.7s/9m00.0s

running (1m58.7s), 1467/1484 VUs, 16495 complete and 0 interrupted iterations
users   [  22% ] 1467/1484 VUs  1m58.7s/9m00.0s

running (1m59.7s), 1480/1484 VUs, 16783 complete and 0 interrupted iterations
users   [  22% ] 1480/1484 VUs  1m59.7s/9m00.0s

running (2m00.7s), 1484/1484 VUs, 17068 complete and 0 interrupted iterations
users   [  22% ] 1484/1484 VUs  2m00.7s/9m00.0s

running (2m01.7s), 1484/1484 VUs, 17362 complete and 0 interrupted iterations
users   [  23% ] 1484/1484 VUs  2m01.7s/9m00.0s

running (2m02.7s), 1484/1484 VUs, 17641 complete and 0 interrupted iterations
users   [  23% ] 1484/1484 VUs  2m02.7s/9m00.0s

running (2m03.7s), 1484/1484 VUs, 17951 complete and 0 interrupted iterations
users   [  23% ] 1484/1484 VUs  2m03.7s/9m00.0s

running (2m04.7s), 1484/1484 VUs, 18247 complete and 0 interrupted iterations
users   [  23% ] 1484/1484 VUs  2m04.7s/9m00.0s

running (2m05.7s), 1484/1484 VUs, 18539 complete and 0 interrupted iterations
users   [  23% ] 1484/1484 VUs  2m05.7s/9m00.0s

running (2m06.7s), 1484/1484 VUs, 18835 complete and 0 interrupted iterations
users   [  23% ] 1484/1484 VUs  2m06.7s/9m00.0s

running (2m07.7s), 1484/1484 VUs, 19111 complete and 0 interrupted iterations
users   [  24% ] 1484/1484 VUs  2m07.7s/9m00.0s

running (2m08.7s), 1484/1484 VUs, 19424 complete and 0 interrupted iterations
users   [  24% ] 1484/1484 VUs  2m08.7s/9m00.0s

running (2m09.7s), 1484/1484 VUs, 19721 complete and 0 interrupted iterations
users   [  24% ] 1484/1484 VUs  2m09.7s/9m00.0s

running (2m10.7s), 1484/1484 VUs, 20011 complete and 0 interrupted iterations
users   [  24% ] 1484/1484 VUs  2m10.7s/9m00.0s

running (2m11.7s), 1484/1484 VUs, 20300 complete and 0 interrupted iterations
users   [  24% ] 1484/1484 VUs  2m11.7s/9m00.0s

running (2m12.7s), 1484/1484 VUs, 20582 complete and 0 interrupted iterations
users   [  25% ] 1484/1484 VUs  2m12.7s/9m00.0s

running (2m13.7s), 1484/1484 VUs, 20896 complete and 0 interrupted iterations
users   [  25% ] 1484/1484 VUs  2m13.7s/9m00.0s

running (2m14.7s), 1484/1484 VUs, 21191 complete and 0 interrupted iterations
users   [  25% ] 1484/1484 VUs  2m14.7s/9m00.0s

running (2m15.7s), 1484/1484 VUs, 21475 complete and 0 interrupted iterations
users   [  25% ] 1484/1484 VUs  2m15.7s/9m00.0s

running (2m16.7s), 1484/1484 VUs, 21764 complete and 0 interrupted iterations
users   [  25% ] 1484/1484 VUs  2m16.7s/9m00.0s

running (2m17.7s), 1484/1484 VUs, 22051 complete and 0 interrupted iterations
users   [  25% ] 1484/1484 VUs  2m17.7s/9m00.0s

running (2m18.7s), 1484/1484 VUs, 22365 complete and 0 interrupted iterations
users   [  26% ] 1484/1484 VUs  2m18.7s/9m00.0s

running (2m19.7s), 1484/1484 VUs, 22652 complete and 0 interrupted iterations
users   [  26% ] 1484/1484 VUs  2m19.7s/9m00.0s

running (2m20.7s), 1484/1484 VUs, 22940 complete and 0 interrupted iterations
users   [  26% ] 1484/1484 VUs  2m20.7s/9m00.0s

running (2m21.7s), 1484/1484 VUs, 23228 complete and 0 interrupted iterations
users   [  26% ] 1484/1484 VUs  2m21.7s/9m00.0s

running (2m22.7s), 1484/1484 VUs, 23516 complete and 0 interrupted iterations
users   [  26% ] 1484/1484 VUs  2m22.7s/9m00.0s

running (2m23.7s), 1484/1484 VUs, 23833 complete and 0 interrupted iterations
users   [  27% ] 1484/1484 VUs  2m23.7s/9m00.0s

running (2m24.7s), 1484/1484 VUs, 24119 complete and 0 interrupted iterations
users   [  27% ] 1484/1484 VUs  2m24.7s/9m00.0s

running (2m25.7s), 1484/1484 VUs, 24408 complete and 0 interrupted iterations
users   [  27% ] 1484/1484 VUs  2m25.7s/9m00.0s

running (2m26.7s), 1484/1484 VUs, 24695 complete and 0 interrupted iterations
users   [  27% ] 1484/1484 VUs  2m26.7s/9m00.0s

running (2m27.7s), 1484/1484 VUs, 24987 complete and 0 interrupted iterations
users   [  27% ] 1484/1484 VUs  2m27.7s/9m00.0s

running (2m28.7s), 1484/1484 VUs, 25300 complete and 0 interrupted iterations
users   [  28% ] 1484/1484 VUs  2m28.7s/9m00.0s

running (2m29.7s), 1484/1484 VUs, 25587 complete and 0 interrupted iterations
users   [  28% ] 1484/1484 VUs  2m29.7s/9m00.0s

running (2m30.7s), 1484/1484 VUs, 25881 complete and 0 interrupted iterations
users   [  28% ] 1484/1484 VUs  2m30.7s/9m00.0s

running (2m31.7s), 1484/1484 VUs, 26164 complete and 0 interrupted iterations
users   [  28% ] 1484/1484 VUs  2m31.7s/9m00.0s

running (2m32.7s), 1484/1484 VUs, 26463 complete and 0 interrupted iterations
users   [  28% ] 1484/1484 VUs  2m32.7s/9m00.0s

running (2m33.7s), 1484/1484 VUs, 26775 complete and 0 interrupted iterations
users   [  28% ] 1484/1484 VUs  2m33.7s/9m00.0s

running (2m34.7s), 1484/1484 VUs, 27059 complete and 0 interrupted iterations
users   [  29% ] 1484/1484 VUs  2m34.7s/9m00.0s

running (2m35.7s), 1484/1484 VUs, 27350 complete and 0 interrupted iterations
users   [  29% ] 1484/1484 VUs  2m35.7s/9m00.0s

running (2m36.7s), 1484/1484 VUs, 27636 complete and 0 interrupted iterations
users   [  29% ] 1484/1484 VUs  2m36.7s/9m00.0s

running (2m37.7s), 1484/1484 VUs, 27929 complete and 0 interrupted iterations
users   [  29% ] 1484/1484 VUs  2m37.7s/9m00.0s

running (2m38.7s), 1484/1484 VUs, 28241 complete and 0 interrupted iterations
users   [  29% ] 1484/1484 VUs  2m38.7s/9m00.0s

running (2m39.7s), 1484/1484 VUs, 28526 complete and 0 interrupted iterations
users   [  30% ] 1484/1484 VUs  2m39.7s/9m00.0s

running (2m40.7s), 1484/1484 VUs, 28813 complete and 0 interrupted iterations
users   [  30% ] 1484/1484 VUs  2m40.7s/9m00.0s

running (2m41.7s), 1484/1484 VUs, 29099 complete and 0 interrupted iterations
users   [  30% ] 1484/1484 VUs  2m41.7s/9m00.0s

running (2m42.7s), 1484/1484 VUs, 29399 complete and 0 interrupted iterations
users   [  30% ] 1484/1484 VUs  2m42.7s/9m00.0s

running (2m43.7s), 1484/1484 VUs, 29708 complete and 0 interrupted iterations
users   [  30% ] 1484/1484 VUs  2m43.7s/9m00.0s

running (2m44.7s), 1484/1484 VUs, 29997 complete and 0 interrupted iterations
users   [  30% ] 1484/1484 VUs  2m44.7s/9m00.0s

running (2m45.7s), 1484/1484 VUs, 30279 complete and 0 interrupted iterations
users   [  31% ] 1484/1484 VUs  2m45.7s/9m00.0s

running (2m46.7s), 1484/1484 VUs, 30564 complete and 0 interrupted iterations
users   [  31% ] 1484/1484 VUs  2m46.7s/9m00.0s

running (2m47.7s), 1484/1484 VUs, 30852 complete and 0 interrupted iterations
users   [  31% ] 1484/1484 VUs  2m47.7s/9m00.0s

running (2m48.7s), 1484/1484 VUs, 31172 complete and 0 interrupted iterations
users   [  31% ] 1484/1484 VUs  2m48.7s/9m00.0s

running (2m49.7s), 1484/1484 VUs, 31465 complete and 0 interrupted iterations
users   [  31% ] 1484/1484 VUs  2m49.7s/9m00.0s

running (2m50.7s), 1484/1484 VUs, 31744 complete and 0 interrupted iterations
users   [  32% ] 1484/1484 VUs  2m50.7s/9m00.0s

running (2m51.7s), 1484/1484 VUs, 32030 complete and 0 interrupted iterations
users   [  32% ] 1484/1484 VUs  2m51.7s/9m00.0s

running (2m52.7s), 1484/1484 VUs, 32319 complete and 0 interrupted iterations
users   [  32% ] 1484/1484 VUs  2m52.7s/9m00.0s

running (2m53.7s), 1484/1484 VUs, 32639 complete and 0 interrupted iterations
users   [  32% ] 1484/1484 VUs  2m53.7s/9m00.0s

running (2m54.7s), 1484/1484 VUs, 32935 complete and 0 interrupted iterations
users   [  32% ] 1484/1484 VUs  2m54.7s/9m00.0s

running (2m55.7s), 1484/1484 VUs, 33215 complete and 0 interrupted iterations
users   [  33% ] 1484/1484 VUs  2m55.7s/9m00.0s

running (2m56.7s), 1484/1484 VUs, 33500 complete and 0 interrupted iterations
users   [  33% ] 1484/1484 VUs  2m56.7s/9m00.0s

running (2m57.7s), 1484/1484 VUs, 33794 complete and 0 interrupted iterations
users   [  33% ] 1484/1484 VUs  2m57.7s/9m00.0s

running (2m58.7s), 1484/1484 VUs, 34110 complete and 0 interrupted iterations
users   [  33% ] 1484/1484 VUs  2m58.7s/9m00.0s

running (2m59.7s), 1484/1484 VUs, 34408 complete and 0 interrupted iterations
users   [  33% ] 1484/1484 VUs  2m59.7s/9m00.0s

running (3m00.7s), 1484/1484 VUs, 34686 complete and 0 interrupted iterations
users   [  33% ] 1484/1484 VUs  3m00.7s/9m00.0s

running (3m01.7s), 1484/1484 VUs, 34972 complete and 0 interrupted iterations
users   [  34% ] 1484/1484 VUs  3m01.7s/9m00.0s

running (3m02.7s), 1484/1484 VUs, 35257 complete and 0 interrupted iterations
users   [  34% ] 1484/1484 VUs  3m02.7s/9m00.0s

running (3m03.7s), 1484/1484 VUs, 35562 complete and 0 interrupted iterations
users   [  34% ] 1484/1484 VUs  3m03.7s/9m00.0s

running (3m04.7s), 1484/1484 VUs, 35872 complete and 0 interrupted iterations
users   [  34% ] 1484/1484 VUs  3m04.7s/9m00.0s

running (3m05.7s), 1484/1484 VUs, 36158 complete and 0 interrupted iterations
users   [  34% ] 1484/1484 VUs  3m05.7s/9m00.0s

running (3m06.7s), 1484/1484 VUs, 36445 complete and 0 interrupted iterations
users   [  35% ] 1484/1484 VUs  3m06.7s/9m00.0s

running (3m07.7s), 1484/1484 VUs, 36726 complete and 0 interrupted iterations
users   [  35% ] 1484/1484 VUs  3m07.7s/9m00.0s

running (3m08.7s), 1484/1484 VUs, 37033 complete and 0 interrupted iterations
users   [  35% ] 1484/1484 VUs  3m08.7s/9m00.0s

running (3m09.7s), 1484/1484 VUs, 37337 complete and 0 interrupted iterations
users   [  35% ] 1484/1484 VUs  3m09.7s/9m00.0s

running (3m10.7s), 1484/1484 VUs, 37619 complete and 0 interrupted iterations
users   [  35% ] 1484/1484 VUs  3m10.7s/9m00.0s

running (3m11.7s), 1484/1484 VUs, 37911 complete and 0 interrupted iterations
users   [  35% ] 1484/1484 VUs  3m11.7s/9m00.0s

running (3m12.7s), 1484/1484 VUs, 38198 complete and 0 interrupted iterations
users   [  36% ] 1484/1484 VUs  3m12.7s/9m00.0s

running (3m13.7s), 1484/1484 VUs, 38509 complete and 0 interrupted iterations
users   [  36% ] 1484/1484 VUs  3m13.7s/9m00.0s

running (3m14.7s), 1484/1484 VUs, 38809 complete and 0 interrupted iterations
users   [  36% ] 1484/1484 VUs  3m14.7s/9m00.0s

running (3m15.7s), 1484/1484 VUs, 39090 complete and 0 interrupted iterations
users   [  36% ] 1484/1484 VUs  3m15.7s/9m00.0s

running (3m16.7s), 1484/1484 VUs, 39381 complete and 0 interrupted iterations
users   [  36% ] 1484/1484 VUs  3m16.7s/9m00.0s

running (3m17.7s), 1484/1484 VUs, 39667 complete and 0 interrupted iterations
users   [  37% ] 1484/1484 VUs  3m17.7s/9m00.0s

running (3m18.7s), 1484/1484 VUs, 39979 complete and 0 interrupted iterations
users   [  37% ] 1484/1484 VUs  3m18.7s/9m00.0s

running (3m19.7s), 1484/1484 VUs, 40275 complete and 0 interrupted iterations
users   [  37% ] 1484/1484 VUs  3m19.7s/9m00.0s

running (3m20.7s), 1484/1484 VUs, 40559 complete and 0 interrupted iterations
users   [  37% ] 1484/1484 VUs  3m20.7s/9m00.0s

running (3m21.7s), 1484/1484 VUs, 40847 complete and 0 interrupted iterations
users   [  37% ] 1484/1484 VUs  3m21.7s/9m00.0s

running (3m22.7s), 1484/1484 VUs, 41135 complete and 0 interrupted iterations
users   [  38% ] 1484/1484 VUs  3m22.7s/9m00.0s

running (3m23.7s), 1484/1484 VUs, 41441 complete and 0 interrupted iterations
users   [  38% ] 1484/1484 VUs  3m23.7s/9m00.0s

running (3m24.7s), 1484/1484 VUs, 41740 complete and 0 interrupted iterations
users   [  38% ] 1484/1484 VUs  3m24.7s/9m00.0s

running (3m25.7s), 1484/1484 VUs, 42030 complete and 0 interrupted iterations
users   [  38% ] 1484/1484 VUs  3m25.7s/9m00.0s

running (3m26.7s), 1484/1484 VUs, 42316 complete and 0 interrupted iterations
users   [  38% ] 1484/1484 VUs  3m26.7s/9m00.0s

running (3m27.7s), 1484/1484 VUs, 42606 complete and 0 interrupted iterations
users   [  38% ] 1484/1484 VUs  3m27.7s/9m00.0s

running (3m28.7s), 1484/1484 VUs, 42903 complete and 0 interrupted iterations
users   [  39% ] 1484/1484 VUs  3m28.7s/9m00.0s

running (3m29.7s), 1484/1484 VUs, 43208 complete and 0 interrupted iterations
users   [  39% ] 1484/1484 VUs  3m29.7s/9m00.0s

running (3m30.7s), 1484/1484 VUs, 43499 complete and 0 interrupted iterations
users   [  39% ] 1484/1484 VUs  3m30.7s/9m00.0s

running (3m31.7s), 1484/1484 VUs, 43787 complete and 0 interrupted iterations
users   [  39% ] 1484/1484 VUs  3m31.7s/9m00.0s

running (3m32.7s), 1484/1484 VUs, 44081 complete and 0 interrupted iterations
users   [  39% ] 1484/1484 VUs  3m32.7s/9m00.0s

running (3m33.7s), 1484/1484 VUs, 44369 complete and 0 interrupted iterations
users   [  40% ] 1484/1484 VUs  3m33.7s/9m00.0s

running (3m34.7s), 1484/1484 VUs, 44673 complete and 0 interrupted iterations
users   [  40% ] 1484/1484 VUs  3m34.7s/9m00.0s

running (3m35.7s), 1484/1484 VUs, 44961 complete and 0 interrupted iterations
users   [  40% ] 1484/1484 VUs  3m35.7s/9m00.0s

running (3m36.7s), 1484/1484 VUs, 45253 complete and 0 interrupted iterations
users   [  40% ] 1484/1484 VUs  3m36.7s/9m00.0s

running (3m37.7s), 1484/1484 VUs, 45552 complete and 0 interrupted iterations
users   [  40% ] 1484/1484 VUs  3m37.7s/9m00.0s

running (3m38.7s), 1484/1484 VUs, 45832 complete and 0 interrupted iterations
users   [  40% ] 1484/1484 VUs  3m38.7s/9m00.0s

running (3m39.7s), 1484/1484 VUs, 46139 complete and 0 interrupted iterations
users   [  41% ] 1484/1484 VUs  3m39.7s/9m00.0s

running (3m40.7s), 1484/1484 VUs, 46425 complete and 0 interrupted iterations
users   [  41% ] 1484/1484 VUs  3m40.7s/9m00.0s

running (3m41.7s), 1484/1484 VUs, 46714 complete and 0 interrupted iterations
users   [  41% ] 1484/1484 VUs  3m41.7s/9m00.0s

running (3m42.7s), 1484/1484 VUs, 47013 complete and 0 interrupted iterations
users   [  41% ] 1484/1484 VUs  3m42.7s/9m00.0s

running (3m43.7s), 1484/1484 VUs, 47296 complete and 0 interrupted iterations
users   [  41% ] 1484/1484 VUs  3m43.7s/9m00.0s

running (3m44.7s), 1484/1484 VUs, 47603 complete and 0 interrupted iterations
users   [  42% ] 1484/1484 VUs  3m44.7s/9m00.0s

running (3m45.7s), 1484/1484 VUs, 47894 complete and 0 interrupted iterations
users   [  42% ] 1484/1484 VUs  3m45.7s/9m00.0s

running (3m46.7s), 1484/1484 VUs, 48181 complete and 0 interrupted iterations
users   [  42% ] 1484/1484 VUs  3m46.7s/9m00.0s

running (3m47.7s), 1484/1484 VUs, 48481 complete and 0 interrupted iterations
users   [  42% ] 1484/1484 VUs  3m47.7s/9m00.0s

running (3m48.7s), 1484/1484 VUs, 48766 complete and 0 interrupted iterations
users   [  42% ] 1484/1484 VUs  3m48.7s/9m00.0s

running (3m49.7s), 1484/1484 VUs, 49070 complete and 0 interrupted iterations
users   [  43% ] 1484/1484 VUs  3m49.7s/9m00.0s

running (3m50.7s), 1484/1484 VUs, 49363 complete and 0 interrupted iterations
users   [  43% ] 1484/1484 VUs  3m50.7s/9m00.0s

running (3m51.7s), 1484/1484 VUs, 49649 complete and 0 interrupted iterations
users   [  43% ] 1484/1484 VUs  3m51.7s/9m00.0s

running (3m52.7s), 1484/1484 VUs, 49951 complete and 0 interrupted iterations
users   [  43% ] 1484/1484 VUs  3m52.7s/9m00.0s

running (3m53.7s), 1484/1484 VUs, 50234 complete and 0 interrupted iterations
users   [  43% ] 1484/1484 VUs  3m53.7s/9m00.0s

running (3m54.7s), 1484/1484 VUs, 50541 complete and 0 interrupted iterations
users   [  43% ] 1484/1484 VUs  3m54.7s/9m00.0s

running (3m55.7s), 1484/1484 VUs, 50830 complete and 0 interrupted iterations
users   [  44% ] 1484/1484 VUs  3m55.7s/9m00.0s

running (3m56.7s), 1484/1484 VUs, 51114 complete and 0 interrupted iterations
users   [  44% ] 1484/1484 VUs  3m56.7s/9m00.0s

running (3m57.7s), 1484/1484 VUs, 51422 complete and 0 interrupted iterations
users   [  44% ] 1484/1484 VUs  3m57.7s/9m00.0s

running (3m58.7s), 1484/1484 VUs, 51706 complete and 0 interrupted iterations
users   [  44% ] 1484/1484 VUs  3m58.7s/9m00.0s

running (3m59.7s), 1484/1484 VUs, 52003 complete and 0 interrupted iterations
users   [  44% ] 1484/1484 VUs  3m59.7s/9m00.0s

running (4m00.7s), 1484/1484 VUs, 52287 complete and 0 interrupted iterations
users   [  45% ] 1484/1484 VUs  4m00.7s/9m00.0s

running (4m01.7s), 1484/1484 VUs, 52575 complete and 0 interrupted iterations
users   [  45% ] 1484/1484 VUs  4m01.7s/9m00.0s

running (4m02.7s), 1484/1484 VUs, 52884 complete and 0 interrupted iterations
users   [  45% ] 1484/1484 VUs  4m02.7s/9m00.0s

running (4m03.7s), 1484/1484 VUs, 53171 complete and 0 interrupted iterations
users   [  45% ] 1484/1484 VUs  4m03.7s/9m00.0s

running (4m04.7s), 1484/1484 VUs, 53472 complete and 0 interrupted iterations
users   [  45% ] 1484/1484 VUs  4m04.7s/9m00.0s

running (4m05.7s), 1484/1484 VUs, 53751 complete and 0 interrupted iterations
users   [  45% ] 1484/1484 VUs  4m05.7s/9m00.0s

running (4m06.7s), 1484/1484 VUs, 54044 complete and 0 interrupted iterations
users   [  46% ] 1484/1484 VUs  4m06.7s/9m00.0s

running (4m07.7s), 1484/1484 VUs, 54350 complete and 0 interrupted iterations
users   [  46% ] 1484/1484 VUs  4m07.7s/9m00.0s

running (4m08.7s), 1484/1484 VUs, 54644 complete and 0 interrupted iterations
users   [  46% ] 1484/1484 VUs  4m08.7s/9m00.0s

running (4m09.7s), 1484/1484 VUs, 54940 complete and 0 interrupted iterations
users   [  46% ] 1484/1484 VUs  4m09.7s/9m00.0s

running (4m10.7s), 1484/1484 VUs, 55217 complete and 0 interrupted iterations
users   [  46% ] 1484/1484 VUs  4m10.7s/9m00.0s

running (4m11.7s), 1484/1484 VUs, 55499 complete and 0 interrupted iterations
users   [  47% ] 1484/1484 VUs  4m11.7s/9m00.0s

running (4m12.7s), 1484/1484 VUs, 55808 complete and 0 interrupted iterations
users   [  47% ] 1484/1484 VUs  4m12.7s/9m00.0s

running (4m13.7s), 1484/1484 VUs, 56101 complete and 0 interrupted iterations
users   [  47% ] 1484/1484 VUs  4m13.7s/9m00.0s

running (4m14.7s), 1484/1484 VUs, 56403 complete and 0 interrupted iterations
users   [  47% ] 1484/1484 VUs  4m14.7s/9m00.0s

running (4m15.7s), 1484/1484 VUs, 56680 complete and 0 interrupted iterations
users   [  47% ] 1484/1484 VUs  4m15.7s/9m00.0s

running (4m16.7s), 1484/1484 VUs, 56964 complete and 0 interrupted iterations
users   [  48% ] 1484/1484 VUs  4m16.7s/9m00.0s

running (4m17.7s), 1484/1484 VUs, 57275 complete and 0 interrupted iterations
users   [  48% ] 1484/1484 VUs  4m17.7s/9m00.0s

running (4m18.7s), 1484/1484 VUs, 57573 complete and 0 interrupted iterations
users   [  48% ] 1484/1484 VUs  4m18.7s/9m00.0s

running (4m19.7s), 1484/1484 VUs, 57872 complete and 0 interrupted iterations
users   [  48% ] 1484/1484 VUs  4m19.7s/9m00.0s

running (4m20.7s), 1484/1484 VUs, 58152 complete and 0 interrupted iterations
users   [  48% ] 1484/1484 VUs  4m20.7s/9m00.0s

running (4m21.7s), 1484/1484 VUs, 58436 complete and 0 interrupted iterations
users   [  48% ] 1484/1484 VUs  4m21.7s/9m00.0s

running (4m22.7s), 1484/1484 VUs, 58746 complete and 0 interrupted iterations
users   [  49% ] 1484/1484 VUs  4m22.7s/9m00.0s

running (4m23.7s), 1484/1484 VUs, 59038 complete and 0 interrupted iterations
users   [  49% ] 1484/1484 VUs  4m23.7s/9m00.0s

running (4m24.7s), 1484/1484 VUs, 59336 complete and 0 interrupted iterations
users   [  49% ] 1484/1484 VUs  4m24.7s/9m00.0s

running (4m25.7s), 1484/1484 VUs, 59622 complete and 0 interrupted iterations
users   [  49% ] 1484/1484 VUs  4m25.7s/9m00.0s

running (4m26.7s), 1484/1484 VUs, 59903 complete and 0 interrupted iterations
users   [  49% ] 1484/1484 VUs  4m26.7s/9m00.0s

running (4m27.7s), 1484/1484 VUs, 60211 complete and 0 interrupted iterations
users   [  50% ] 1484/1484 VUs  4m27.7s/9m00.0s

running (4m28.7s), 1484/1484 VUs, 60504 complete and 0 interrupted iterations
users   [  50% ] 1484/1484 VUs  4m28.7s/9m00.0s

running (4m29.7s), 1484/1484 VUs, 60805 complete and 0 interrupted iterations
users   [  50% ] 1484/1484 VUs  4m29.7s/9m00.0s

running (4m30.7s), 1484/1484 VUs, 61092 complete and 0 interrupted iterations
users   [  50% ] 1484/1484 VUs  4m30.7s/9m00.0s

running (4m31.7s), 1484/1484 VUs, 61373 complete and 0 interrupted iterations
users   [  50% ] 1484/1484 VUs  4m31.7s/9m00.0s

running (4m32.7s), 1484/1484 VUs, 61678 complete and 0 interrupted iterations
users   [  50% ] 1484/1484 VUs  4m32.7s/9m00.0s

running (4m33.7s), 1484/1484 VUs, 61970 complete and 0 interrupted iterations
users   [  51% ] 1484/1484 VUs  4m33.7s/9m00.0s

running (4m34.7s), 1484/1484 VUs, 62275 complete and 0 interrupted iterations
users   [  51% ] 1484/1484 VUs  4m34.7s/9m00.0s

running (4m35.7s), 1484/1484 VUs, 62557 complete and 0 interrupted iterations
users   [  51% ] 1484/1484 VUs  4m35.7s/9m00.0s

running (4m36.7s), 1484/1484 VUs, 62842 complete and 0 interrupted iterations
users   [  51% ] 1484/1484 VUs  4m36.7s/9m00.0s

running (4m37.7s), 1484/1484 VUs, 63145 complete and 0 interrupted iterations
users   [  51% ] 1484/1484 VUs  4m37.7s/9m00.0s

running (4m38.7s), 1484/1484 VUs, 63430 complete and 0 interrupted iterations
users   [  52% ] 1484/1484 VUs  4m38.7s/9m00.0s

running (4m39.7s), 1484/1484 VUs, 63736 complete and 0 interrupted iterations
users   [  52% ] 1484/1484 VUs  4m39.7s/9m00.0s

running (4m40.7s), 1484/1484 VUs, 64027 complete and 0 interrupted iterations
users   [  52% ] 1484/1484 VUs  4m40.7s/9m00.0s

running (4m41.7s), 1484/1484 VUs, 64311 complete and 0 interrupted iterations
users   [  52% ] 1484/1484 VUs  4m41.7s/9m00.0s

running (4m42.7s), 1484/1484 VUs, 64610 complete and 0 interrupted iterations
users   [  52% ] 1484/1484 VUs  4m42.7s/9m00.0s

running (4m43.7s), 1484/1484 VUs, 64901 complete and 0 interrupted iterations
users   [  53% ] 1484/1484 VUs  4m43.7s/9m00.0s

running (4m44.7s), 1484/1484 VUs, 65203 complete and 0 interrupted iterations
users   [  53% ] 1484/1484 VUs  4m44.7s/9m00.0s

running (4m45.7s), 1484/1484 VUs, 65497 complete and 0 interrupted iterations
users   [  53% ] 1484/1484 VUs  4m45.7s/9m00.0s

running (4m46.7s), 1484/1484 VUs, 65783 complete and 0 interrupted iterations
users   [  53% ] 1484/1484 VUs  4m46.7s/9m00.0s

running (4m47.7s), 1484/1484 VUs, 66075 complete and 0 interrupted iterations
users   [  53% ] 1484/1484 VUs  4m47.7s/9m00.0s

running (4m48.7s), 1484/1484 VUs, 66360 complete and 0 interrupted iterations
users   [  53% ] 1484/1484 VUs  4m48.7s/9m00.0s

running (4m49.7s), 1484/1484 VUs, 66659 complete and 0 interrupted iterations
users   [  54% ] 1484/1484 VUs  4m49.7s/9m00.0s

running (4m50.7s), 1484/1484 VUs, 66968 complete and 0 interrupted iterations
users   [  54% ] 1484/1484 VUs  4m50.7s/9m00.0s

running (4m51.7s), 1484/1484 VUs, 67246 complete and 0 interrupted iterations
users   [  54% ] 1484/1484 VUs  4m51.7s/9m00.0s

running (4m52.7s), 1484/1484 VUs, 67540 complete and 0 interrupted iterations
users   [  54% ] 1484/1484 VUs  4m52.7s/9m00.0s

running (4m53.7s), 1484/1484 VUs, 67827 complete and 0 interrupted iterations
users   [  54% ] 1484/1484 VUs  4m53.7s/9m00.0s

running (4m54.7s), 1484/1484 VUs, 68120 complete and 0 interrupted iterations
users   [  55% ] 1484/1484 VUs  4m54.7s/9m00.0s

running (4m55.7s), 1484/1484 VUs, 68435 complete and 0 interrupted iterations
users   [  55% ] 1484/1484 VUs  4m55.7s/9m00.0s

running (4m56.7s), 1484/1484 VUs, 68719 complete and 0 interrupted iterations
users   [  55% ] 1484/1484 VUs  4m56.7s/9m00.0s

running (4m57.7s), 1484/1484 VUs, 69010 complete and 0 interrupted iterations
users   [  55% ] 1484/1484 VUs  4m57.7s/9m00.0s

running (4m58.7s), 1484/1484 VUs, 69295 complete and 0 interrupted iterations
users   [  55% ] 1484/1484 VUs  4m58.7s/9m00.0s

running (4m59.7s), 1484/1484 VUs, 69591 complete and 0 interrupted iterations
users   [  55% ] 1484/1484 VUs  4m59.7s/9m00.0s

running (5m00.7s), 1484/1484 VUs, 69901 complete and 0 interrupted iterations
users   [  56% ] 1484/1484 VUs  5m00.7s/9m00.0s

running (5m01.7s), 1484/1484 VUs, 70186 complete and 0 interrupted iterations
users   [  56% ] 1484/1484 VUs  5m01.7s/9m00.0s

running (5m02.7s), 1484/1484 VUs, 70480 complete and 0 interrupted iterations
users   [  56% ] 1484/1484 VUs  5m02.7s/9m00.0s

running (5m03.7s), 1484/1484 VUs, 70765 complete and 0 interrupted iterations
users   [  56% ] 1484/1484 VUs  5m03.7s/9m00.0s

running (5m04.7s), 1484/1484 VUs, 71056 complete and 0 interrupted iterations
users   [  56% ] 1484/1484 VUs  5m04.7s/9m00.0s

running (5m05.7s), 1484/1484 VUs, 71366 complete and 0 interrupted iterations
users   [  57% ] 1484/1484 VUs  5m05.7s/9m00.0s

running (5m06.7s), 1484/1484 VUs, 71656 complete and 0 interrupted iterations
users   [  57% ] 1484/1484 VUs  5m06.7s/9m00.0s

running (5m07.7s), 1484/1484 VUs, 71946 complete and 0 interrupted iterations
users   [  57% ] 1484/1484 VUs  5m07.7s/9m00.0s

running (5m08.7s), 1484/1484 VUs, 72225 complete and 0 interrupted iterations
users   [  57% ] 1484/1484 VUs  5m08.7s/9m00.0s

running (5m09.7s), 1484/1484 VUs, 72515 complete and 0 interrupted iterations
users   [  57% ] 1484/1484 VUs  5m09.7s/9m00.0s

running (5m10.7s), 1484/1484 VUs, 72829 complete and 0 interrupted iterations
users   [  58% ] 1484/1484 VUs  5m10.7s/9m00.0s

running (5m11.7s), 1484/1484 VUs, 73123 complete and 0 interrupted iterations
users   [  58% ] 1484/1484 VUs  5m11.7s/9m00.0s

running (5m12.7s), 1484/1484 VUs, 73412 complete and 0 interrupted iterations
users   [  58% ] 1484/1484 VUs  5m12.7s/9m00.0s

running (5m13.7s), 1484/1484 VUs, 73700 complete and 0 interrupted iterations
users   [  58% ] 1484/1484 VUs  5m13.7s/9m00.0s

running (5m14.7s), 1484/1484 VUs, 73988 complete and 0 interrupted iterations
users   [  58% ] 1484/1484 VUs  5m14.7s/9m00.0s

running (5m15.7s), 1484/1484 VUs, 74295 complete and 0 interrupted iterations
users   [  58% ] 1484/1484 VUs  5m15.7s/9m00.0s

running (5m16.7s), 1484/1484 VUs, 74590 complete and 0 interrupted iterations
users   [  59% ] 1484/1484 VUs  5m16.7s/9m00.0s

running (5m17.7s), 1484/1484 VUs, 74878 complete and 0 interrupted iterations
users   [  59% ] 1484/1484 VUs  5m17.7s/9m00.0s

running (5m18.7s), 1484/1484 VUs, 75167 complete and 0 interrupted iterations
users   [  59% ] 1484/1484 VUs  5m18.7s/9m00.0s

running (5m19.7s), 1484/1484 VUs, 75456 complete and 0 interrupted iterations
users   [  59% ] 1484/1484 VUs  5m19.7s/9m00.0s

running (5m20.7s), 1484/1484 VUs, 75764 complete and 0 interrupted iterations
users   [  59% ] 1484/1484 VUs  5m20.7s/9m00.0s

running (5m21.7s), 1484/1484 VUs, 76050 complete and 0 interrupted iterations
users   [  60% ] 1484/1484 VUs  5m21.7s/9m00.0s

running (5m22.7s), 1484/1484 VUs, 76341 complete and 0 interrupted iterations
users   [  60% ] 1484/1484 VUs  5m22.7s/9m00.0s

running (5m23.7s), 1484/1484 VUs, 76632 complete and 0 interrupted iterations
users   [  60% ] 1484/1484 VUs  5m23.7s/9m00.0s

running (5m24.7s), 1484/1484 VUs, 76924 complete and 0 interrupted iterations
users   [  60% ] 1484/1484 VUs  5m24.7s/9m00.0s

running (5m25.7s), 1484/1484 VUs, 77231 complete and 0 interrupted iterations
users   [  60% ] 1484/1484 VUs  5m25.7s/9m00.0s

running (5m26.7s), 1484/1484 VUs, 77519 complete and 0 interrupted iterations
users   [  60% ] 1484/1484 VUs  5m26.7s/9m00.0s

running (5m27.7s), 1484/1484 VUs, 77814 complete and 0 interrupted iterations
users   [  61% ] 1484/1484 VUs  5m27.7s/9m00.0s

running (5m28.7s), 1484/1484 VUs, 78107 complete and 0 interrupted iterations
users   [  61% ] 1484/1484 VUs  5m28.7s/9m00.0s

running (5m29.7s), 1484/1484 VUs, 78314 complete and 0 interrupted iterations
users   [  61% ] 1484/1484 VUs  5m29.7s/9m00.0s

running (5m30.7s), 1484/1484 VUs, 78465 complete and 0 interrupted iterations
users   [  61% ] 1484/1484 VUs  5m30.7s/9m00.0s

running (5m31.7s), 1484/1484 VUs, 78675 complete and 0 interrupted iterations
users   [  61% ] 1484/1484 VUs  5m31.7s/9m00.0s

running (5m32.7s), 1484/1484 VUs, 78886 complete and 0 interrupted iterations
users   [  62% ] 1484/1484 VUs  5m32.7s/9m00.0s

running (5m33.7s), 1484/1484 VUs, 79097 complete and 0 interrupted iterations
users   [  62% ] 1484/1484 VUs  5m33.7s/9m00.0s

running (5m34.7s), 1484/1484 VUs, 79314 complete and 0 interrupted iterations
users   [  62% ] 1484/1484 VUs  5m34.7s/9m00.0s

running (5m35.7s), 1484/1484 VUs, 79520 complete and 0 interrupted iterations
users   [  62% ] 1484/1484 VUs  5m35.7s/9m00.0s

running (5m36.7s), 1484/1484 VUs, 79729 complete and 0 interrupted iterations
users   [  62% ] 1484/1484 VUs  5m36.7s/9m00.0s

running (5m37.7s), 1484/1484 VUs, 79948 complete and 0 interrupted iterations
users   [  63% ] 1484/1484 VUs  5m37.7s/9m00.0s

running (5m38.7s), 1484/1484 VUs, 80164 complete and 0 interrupted iterations
users   [  63% ] 1484/1484 VUs  5m38.7s/9m00.0s

running (5m39.7s), 1484/1484 VUs, 80373 complete and 0 interrupted iterations
users   [  63% ] 1484/1484 VUs  5m39.7s/9m00.0s

running (5m40.7s), 1484/1484 VUs, 80590 complete and 0 interrupted iterations
users   [  63% ] 1484/1484 VUs  5m40.7s/9m00.0s

running (5m41.7s), 1484/1484 VUs, 80802 complete and 0 interrupted iterations
users   [  63% ] 1484/1484 VUs  5m41.7s/9m00.0s

running (5m42.7s), 1484/1484 VUs, 81007 complete and 0 interrupted iterations
users   [  63% ] 1484/1484 VUs  5m42.7s/9m00.0s

running (5m43.7s), 1484/1484 VUs, 81171 complete and 0 interrupted iterations
users   [  64% ] 1484/1484 VUs  5m43.7s/9m00.0s

running (5m44.7s), 1484/1484 VUs, 81382 complete and 0 interrupted iterations
users   [  64% ] 1484/1484 VUs  5m44.7s/9m00.0s

running (5m45.7s), 1484/1484 VUs, 81581 complete and 0 interrupted iterations
users   [  64% ] 1484/1484 VUs  5m45.7s/9m00.0s

running (5m46.7s), 1484/1484 VUs, 81792 complete and 0 interrupted iterations
users   [  64% ] 1484/1484 VUs  5m46.7s/9m00.0s

running (5m47.7s), 1484/1484 VUs, 82013 complete and 0 interrupted iterations
users   [  64% ] 1484/1484 VUs  5m47.7s/9m00.0s

running (5m48.7s), 1484/1484 VUs, 82229 complete and 0 interrupted iterations
users   [  65% ] 1484/1484 VUs  5m48.7s/9m00.0s

running (5m49.7s), 1484/1484 VUs, 82445 complete and 0 interrupted iterations
users   [  65% ] 1484/1484 VUs  5m49.7s/9m00.0s

running (5m50.7s), 1484/1484 VUs, 82657 complete and 0 interrupted iterations
users   [  65% ] 1484/1484 VUs  5m50.7s/9m00.0s

running (5m51.7s), 1484/1484 VUs, 82876 complete and 0 interrupted iterations
users   [  65% ] 1484/1484 VUs  5m51.7s/9m00.0s

running (5m52.7s), 1484/1484 VUs, 83083 complete and 0 interrupted iterations
users   [  65% ] 1484/1484 VUs  5m52.7s/9m00.0s

running (5m53.7s), 1484/1484 VUs, 83297 complete and 0 interrupted iterations
users   [  65% ] 1484/1484 VUs  5m53.7s/9m00.0s

running (5m54.7s), 1484/1484 VUs, 83509 complete and 0 interrupted iterations
users   [  66% ] 1484/1484 VUs  5m54.7s/9m00.0s

running (5m55.7s), 1484/1484 VUs, 83711 complete and 0 interrupted iterations
users   [  66% ] 1484/1484 VUs  5m55.7s/9m00.0s

running (5m56.7s), 1484/1484 VUs, 83919 complete and 0 interrupted iterations
users   [  66% ] 1484/1484 VUs  5m56.7s/9m00.0s

running (5m57.7s), 1484/1484 VUs, 84137 complete and 0 interrupted iterations
users   [  66% ] 1484/1484 VUs  5m57.7s/9m00.0s

running (5m58.7s), 1484/1484 VUs, 84349 complete and 0 interrupted iterations
users   [  66% ] 1484/1484 VUs  5m58.7s/9m00.0s

running (5m59.7s), 1484/1484 VUs, 84531 complete and 0 interrupted iterations
users   [  67% ] 1484/1484 VUs  5m59.7s/9m00.0s

running (6m00.7s), 1484/1484 VUs, 84745 complete and 0 interrupted iterations
users   [  67% ] 1484/1484 VUs  6m00.7s/9m00.0s

running (6m01.7s), 1484/1484 VUs, 84950 complete and 0 interrupted iterations
users   [  67% ] 1484/1484 VUs  6m01.7s/9m00.0s

running (6m02.7s), 1484/1484 VUs, 85155 complete and 0 interrupted iterations
users   [  67% ] 1484/1484 VUs  6m02.7s/9m00.0s

running (6m03.7s), 1484/1484 VUs, 85369 complete and 0 interrupted iterations
users   [  67% ] 1484/1484 VUs  6m03.7s/9m00.0s

running (6m04.7s), 1484/1484 VUs, 85533 complete and 0 interrupted iterations
users   [  68% ] 1484/1484 VUs  6m04.7s/9m00.0s

running (6m05.7s), 1484/1484 VUs, 85533 complete and 0 interrupted iterations
users   [  68% ] 1484/1484 VUs  6m05.7s/9m00.0s

running (6m06.7s), 1484/1484 VUs, 85685 complete and 0 interrupted iterations
users   [  68% ] 1484/1484 VUs  6m06.7s/9m00.0s

running (6m07.7s), 1484/1484 VUs, 85889 complete and 0 interrupted iterations
users   [  68% ] 1484/1484 VUs  6m07.7s/9m00.0s

running (6m08.7s), 1484/1484 VUs, 86089 complete and 0 interrupted iterations
users   [  68% ] 1484/1484 VUs  6m08.7s/9m00.0s

running (6m09.7s), 1484/1484 VUs, 86293 complete and 0 interrupted iterations
users   [  68% ] 1484/1484 VUs  6m09.7s/9m00.0s

running (6m10.7s), 1484/1484 VUs, 86507 complete and 0 interrupted iterations
users   [  69% ] 1484/1484 VUs  6m10.7s/9m00.0s

running (6m11.7s), 1484/1484 VUs, 86714 complete and 0 interrupted iterations
users   [  69% ] 1484/1484 VUs  6m11.7s/9m00.0s

running (6m12.7s), 1484/1484 VUs, 86934 complete and 0 interrupted iterations
users   [  69% ] 1484/1484 VUs  6m12.7s/9m00.0s

running (6m13.7s), 1484/1484 VUs, 87156 complete and 0 interrupted iterations
users   [  69% ] 1484/1484 VUs  6m13.7s/9m00.0s

running (6m14.7s), 1484/1484 VUs, 87368 complete and 0 interrupted iterations
users   [  69% ] 1484/1484 VUs  6m14.7s/9m00.0s

running (6m15.7s), 1484/1484 VUs, 87576 complete and 0 interrupted iterations
users   [  70% ] 1484/1484 VUs  6m15.7s/9m00.0s

running (6m16.7s), 1484/1484 VUs, 87789 complete and 0 interrupted iterations
users   [  70% ] 1484/1484 VUs  6m16.7s/9m00.0s

running (6m17.7s), 1484/1484 VUs, 88001 complete and 0 interrupted iterations
users   [  70% ] 1484/1484 VUs  6m17.7s/9m00.0s

running (6m18.7s), 1484/1484 VUs, 88210 complete and 0 interrupted iterations
users   [  70% ] 1484/1484 VUs  6m18.7s/9m00.0s

running (6m19.7s), 1484/1484 VUs, 88385 complete and 0 interrupted iterations
users   [  70% ] 1484/1484 VUs  6m19.7s/9m00.0s

running (6m20.7s), 1484/1484 VUs, 88598 complete and 0 interrupted iterations
users   [  70% ] 1484/1484 VUs  6m20.7s/9m00.0s

running (6m21.7s), 1484/1484 VUs, 88812 complete and 0 interrupted iterations
users   [  71% ] 1484/1484 VUs  6m21.7s/9m00.0s

running (6m22.7s), 1484/1484 VUs, 89031 complete and 0 interrupted iterations
users   [  71% ] 1484/1484 VUs  6m22.7s/9m00.0s

running (6m23.7s), 1484/1484 VUs, 89246 complete and 0 interrupted iterations
users   [  71% ] 1484/1484 VUs  6m23.7s/9m00.0s

running (6m24.7s), 1484/1484 VUs, 89459 complete and 0 interrupted iterations
users   [  71% ] 1484/1484 VUs  6m24.7s/9m00.0s

running (6m25.7s), 1484/1484 VUs, 89663 complete and 0 interrupted iterations
users   [  71% ] 1484/1484 VUs  6m25.7s/9m00.0s

running (6m26.7s), 1484/1484 VUs, 89873 complete and 0 interrupted iterations
users   [  72% ] 1484/1484 VUs  6m26.7s/9m00.0s

running (6m27.7s), 1484/1484 VUs, 90085 complete and 0 interrupted iterations
users   [  72% ] 1484/1484 VUs  6m27.7s/9m00.0s

running (6m28.7s), 1484/1484 VUs, 90287 complete and 0 interrupted iterations
users   [  72% ] 1484/1484 VUs  6m28.7s/9m00.0s

running (6m29.7s), 1484/1484 VUs, 90499 complete and 0 interrupted iterations
users   [  72% ] 1484/1484 VUs  6m29.7s/9m00.0s

running (6m30.7s), 1484/1484 VUs, 90707 complete and 0 interrupted iterations
users   [  72% ] 1484/1484 VUs  6m30.7s/9m00.0s

running (6m31.7s), 1484/1484 VUs, 90919 complete and 0 interrupted iterations
users   [  73% ] 1484/1484 VUs  6m31.7s/9m00.0s

running (6m32.7s), 1484/1484 VUs, 91129 complete and 0 interrupted iterations
users   [  73% ] 1484/1484 VUs  6m32.7s/9m00.0s

running (6m33.7s), 1484/1484 VUs, 91285 complete and 0 interrupted iterations
users   [  73% ] 1484/1484 VUs  6m33.7s/9m00.0s

running (6m34.7s), 1484/1484 VUs, 91501 complete and 0 interrupted iterations
users   [  73% ] 1484/1484 VUs  6m34.7s/9m00.0s

running (6m35.7s), 1484/1484 VUs, 91702 complete and 0 interrupted iterations
users   [  73% ] 1484/1484 VUs  6m35.7s/9m00.0s

running (6m36.7s), 1484/1484 VUs, 91915 complete and 0 interrupted iterations
users   [  73% ] 1484/1484 VUs  6m36.7s/9m00.0s

running (6m37.7s), 1484/1484 VUs, 92127 complete and 0 interrupted iterations
users   [  74% ] 1484/1484 VUs  6m37.7s/9m00.0s

running (6m38.7s), 1484/1484 VUs, 92338 complete and 0 interrupted iterations
users   [  74% ] 1484/1484 VUs  6m38.7s/9m00.0s

running (6m39.7s), 1484/1484 VUs, 92546 complete and 0 interrupted iterations
users   [  74% ] 1484/1484 VUs  6m39.7s/9m00.0s

running (6m40.7s), 1484/1484 VUs, 92770 complete and 0 interrupted iterations
users   [  74% ] 1484/1484 VUs  6m40.7s/9m00.0s

running (6m41.7s), 1484/1484 VUs, 92984 complete and 0 interrupted iterations
users   [  74% ] 1484/1484 VUs  6m41.7s/9m00.0s

running (6m42.7s), 1484/1484 VUs, 93197 complete and 0 interrupted iterations
users   [  75% ] 1484/1484 VUs  6m42.7s/9m00.0s

running (6m43.7s), 1484/1484 VUs, 93417 complete and 0 interrupted iterations
users   [  75% ] 1484/1484 VUs  6m43.7s/9m00.0s

running (6m44.7s), 1484/1484 VUs, 93630 complete and 0 interrupted iterations
users   [  75% ] 1484/1484 VUs  6m44.7s/9m00.0s

running (6m45.7s), 1484/1484 VUs, 93829 complete and 0 interrupted iterations
users   [  75% ] 1484/1484 VUs  6m45.7s/9m00.0s

running (6m46.7s), 1484/1484 VUs, 94038 complete and 0 interrupted iterations
users   [  75% ] 1484/1484 VUs  6m46.7s/9m00.0s

running (6m47.7s), 1484/1484 VUs, 94253 complete and 0 interrupted iterations
users   [  75% ] 1484/1484 VUs  6m47.7s/9m00.0s

running (6m48.7s), 1484/1484 VUs, 94470 complete and 0 interrupted iterations
users   [  76% ] 1484/1484 VUs  6m48.7s/9m00.0s

running (6m49.7s), 1484/1484 VUs, 94683 complete and 0 interrupted iterations
users   [  76% ] 1484/1484 VUs  6m49.7s/9m00.0s

running (6m50.7s), 1484/1484 VUs, 94895 complete and 0 interrupted iterations
users   [  76% ] 1484/1484 VUs  6m50.7s/9m00.0s

running (6m51.7s), 1484/1484 VUs, 95113 complete and 0 interrupted iterations
users   [  76% ] 1484/1484 VUs  6m51.7s/9m00.0s

running (6m52.7s), 1484/1484 VUs, 95327 complete and 0 interrupted iterations
users   [  76% ] 1484/1484 VUs  6m52.7s/9m00.0s

running (6m53.7s), 1484/1484 VUs, 95539 complete and 0 interrupted iterations
users   [  77% ] 1484/1484 VUs  6m53.7s/9m00.0s

running (6m54.7s), 1484/1484 VUs, 95752 complete and 0 interrupted iterations
users   [  77% ] 1484/1484 VUs  6m54.7s/9m00.0s

running (6m55.7s), 1484/1484 VUs, 95963 complete and 0 interrupted iterations
users   [  77% ] 1484/1484 VUs  6m55.7s/9m00.0s

running (6m56.7s), 1484/1484 VUs, 96178 complete and 0 interrupted iterations
users   [  77% ] 1484/1484 VUs  6m56.7s/9m00.0s

running (6m57.7s), 1484/1484 VUs, 96392 complete and 0 interrupted iterations
users   [  77% ] 1484/1484 VUs  6m57.7s/9m00.0s

running (6m58.7s), 1484/1484 VUs, 96610 complete and 0 interrupted iterations
users   [  78% ] 1484/1484 VUs  6m58.7s/9m00.0s

running (6m59.7s), 1484/1484 VUs, 96828 complete and 0 interrupted iterations
users   [  78% ] 1484/1484 VUs  6m59.7s/9m00.0s

running (7m00.7s), 1484/1484 VUs, 97045 complete and 0 interrupted iterations
users   [  78% ] 1484/1484 VUs  7m00.7s/9m00.0s

running (7m01.7s), 1482/1484 VUs, 97254 complete and 0 interrupted iterations
users   [  78% ] 1482/1484 VUs  7m01.7s/9m00.0s

running (7m02.7s), 1477/1484 VUs, 97473 complete and 0 interrupted iterations
users   [  78% ] 1477/1484 VUs  7m02.7s/9m00.0s

running (7m03.7s), 1474/1484 VUs, 97689 complete and 0 interrupted iterations
users   [  78% ] 1474/1484 VUs  7m03.7s/9m00.0s

running (7m04.7s), 1464/1484 VUs, 97902 complete and 0 interrupted iterations
users   [  79% ] 1464/1484 VUs  7m04.7s/9m00.0s

running (7m05.7s), 1452/1484 VUs, 98082 complete and 0 interrupted iterations
users   [  79% ] 1452/1484 VUs  7m05.7s/9m00.0s

running (7m06.7s), 1439/1484 VUs, 98292 complete and 0 interrupted iterations
users   [  79% ] 1439/1484 VUs  7m06.7s/9m00.0s

running (7m07.7s), 1426/1484 VUs, 98507 complete and 0 interrupted iterations
users   [  79% ] 1426/1484 VUs  7m07.7s/9m00.0s

running (7m08.7s), 1414/1484 VUs, 98726 complete and 0 interrupted iterations
users   [  79% ] 1414/1484 VUs  7m08.7s/9m00.0s

running (7m09.7s), 1400/1484 VUs, 98940 complete and 0 interrupted iterations
users   [  80% ] 1400/1484 VUs  7m09.7s/9m00.0s

running (7m10.7s), 1391/1484 VUs, 99155 complete and 0 interrupted iterations
users   [  80% ] 1391/1484 VUs  7m10.7s/9m00.0s

running (7m11.7s), 1375/1484 VUs, 99372 complete and 0 interrupted iterations
users   [  80% ] 1375/1484 VUs  7m11.7s/9m00.0s

running (7m12.7s), 1363/1484 VUs, 99582 complete and 0 interrupted iterations
users   [  80% ] 1363/1484 VUs  7m12.7s/9m00.0s

running (7m13.7s), 1354/1484 VUs, 99794 complete and 0 interrupted iterations
users   [  80% ] 1354/1484 VUs  7m13.7s/9m00.0s

running (7m14.7s), 1341/1484 VUs, 100009 complete and 0 interrupted iterations
users   [  80% ] 1341/1484 VUs  7m14.7s/9m00.0s

running (7m15.7s), 1328/1484 VUs, 100222 complete and 0 interrupted iterations
users   [  81% ] 1328/1484 VUs  7m15.7s/9m00.0s

running (7m16.7s), 1319/1484 VUs, 100424 complete and 0 interrupted iterations
users   [  81% ] 1319/1484 VUs  7m16.7s/9m00.0s

running (7m17.7s), 1311/1484 VUs, 100616 complete and 0 interrupted iterations
users   [  81% ] 1311/1484 VUs  7m17.7s/9m00.0s

running (7m18.7s), 1299/1484 VUs, 100833 complete and 0 interrupted iterations
users   [  81% ] 1299/1484 VUs  7m18.7s/9m00.0s

running (7m19.7s), 1290/1484 VUs, 101027 complete and 0 interrupted iterations
users   [  81% ] 1290/1484 VUs  7m19.7s/9m00.0s

running (7m20.7s), 1275/1484 VUs, 101224 complete and 0 interrupted iterations
users   [  82% ] 1275/1484 VUs  7m20.7s/9m00.0s

running (7m21.7s), 1260/1484 VUs, 101432 complete and 0 interrupted iterations
users   [  82% ] 1260/1484 VUs  7m21.7s/9m00.0s

running (7m22.7s), 1250/1484 VUs, 101644 complete and 0 interrupted iterations
users   [  82% ] 1250/1484 VUs  7m22.7s/9m00.0s

running (7m23.7s), 1241/1484 VUs, 101867 complete and 0 interrupted iterations
users   [  82% ] 1241/1484 VUs  7m23.7s/9m00.0s

running (7m24.7s), 1220/1484 VUs, 102082 complete and 0 interrupted iterations
users   [  82% ] 1220/1484 VUs  7m24.7s/9m00.0s

running (7m25.7s), 1204/1484 VUs, 102322 complete and 0 interrupted iterations
users   [  83% ] 1204/1484 VUs  7m25.7s/9m00.0s

running (7m26.7s), 1180/1484 VUs, 102679 complete and 0 interrupted iterations
users   [  83% ] 1180/1484 VUs  7m26.7s/9m00.0s

running (7m27.7s), 1169/1484 VUs, 102882 complete and 0 interrupted iterations
users   [  83% ] 1169/1484 VUs  7m27.7s/9m00.0s

running (7m28.7s), 1155/1484 VUs, 103090 complete and 0 interrupted iterations
users   [  83% ] 1155/1484 VUs  7m28.7s/9m00.0s

running (7m29.7s), 1145/1484 VUs, 103289 complete and 0 interrupted iterations
users   [  83% ] 1145/1484 VUs  7m29.7s/9m00.0s

running (7m30.7s), 1137/1484 VUs, 103510 complete and 0 interrupted iterations
users   [  83% ] 1137/1484 VUs  7m30.7s/9m00.0s

running (7m31.7s), 1118/1484 VUs, 103847 complete and 0 interrupted iterations
users   [  84% ] 1118/1484 VUs  7m31.7s/9m00.0s

running (7m32.7s), 1113/1484 VUs, 104035 complete and 0 interrupted iterations
users   [  84% ] 1113/1484 VUs  7m32.7s/9m00.0s

running (7m33.7s), 1101/1484 VUs, 104229 complete and 0 interrupted iterations
users   [  84% ] 1101/1484 VUs  7m33.7s/9m00.0s

running (7m34.7s), 1084/1484 VUs, 104419 complete and 0 interrupted iterations
users   [  84% ] 1084/1484 VUs  7m34.7s/9m00.0s

running (7m35.7s), 1076/1484 VUs, 104632 complete and 0 interrupted iterations
users   [  84% ] 1076/1484 VUs  7m35.7s/9m00.0s

running (7m36.7s), 1055/1484 VUs, 104944 complete and 0 interrupted iterations
users   [  85% ] 1055/1484 VUs  7m36.7s/9m00.0s

running (7m37.7s), 1043/1484 VUs, 105130 complete and 0 interrupted iterations
users   [  85% ] 1043/1484 VUs  7m37.7s/9m00.0s

running (7m38.7s), 1036/1484 VUs, 105319 complete and 0 interrupted iterations
users   [  85% ] 1036/1484 VUs  7m38.7s/9m00.0s

running (7m39.7s), 1024/1484 VUs, 105495 complete and 0 interrupted iterations
users   [  85% ] 1024/1484 VUs  7m39.7s/9m00.0s

running (7m40.7s), 1013/1484 VUs, 105698 complete and 0 interrupted iterations
users   [  85% ] 1013/1484 VUs  7m40.7s/9m00.0s

running (7m41.7s), 0999/1484 VUs, 105993 complete and 0 interrupted iterations
users   [  85% ] 0999/1484 VUs  7m41.7s/9m00.0s

running (7m42.7s), 0990/1484 VUs, 106160 complete and 0 interrupted iterations
users   [  86% ] 0990/1484 VUs  7m42.7s/9m00.0s

running (7m43.7s), 0979/1484 VUs, 106342 complete and 0 interrupted iterations
users   [  86% ] 0979/1484 VUs  7m43.7s/9m00.0s

running (7m44.7s), 0970/1484 VUs, 106512 complete and 0 interrupted iterations
users   [  86% ] 0970/1484 VUs  7m44.7s/9m00.0s

running (7m45.7s), 0956/1484 VUs, 106700 complete and 0 interrupted iterations
users   [  86% ] 0956/1484 VUs  7m45.7s/9m00.0s

running (7m46.7s), 0936/1484 VUs, 106979 complete and 0 interrupted iterations
users   [  86% ] 0936/1484 VUs  7m46.7s/9m00.0s

running (7m47.7s), 0924/1484 VUs, 107142 complete and 0 interrupted iterations
users   [  87% ] 0924/1484 VUs  7m47.7s/9m00.0s

running (7m48.7s), 0914/1484 VUs, 107312 complete and 0 interrupted iterations
users   [  87% ] 0914/1484 VUs  7m48.7s/9m00.0s

running (7m49.7s), 0909/1484 VUs, 107477 complete and 0 interrupted iterations
users   [  87% ] 0909/1484 VUs  7m49.7s/9m00.0s

running (7m50.7s), 0897/1484 VUs, 107652 complete and 0 interrupted iterations
users   [  87% ] 0897/1484 VUs  7m50.7s/9m00.0s

running (7m51.7s), 0877/1484 VUs, 107908 complete and 0 interrupted iterations
users   [  87% ] 0877/1484 VUs  7m51.7s/9m00.0s

running (7m52.7s), 0863/1484 VUs, 108060 complete and 0 interrupted iterations
users   [  88% ] 0863/1484 VUs  7m52.7s/9m00.0s

running (7m53.7s), 0844/1484 VUs, 108222 complete and 0 interrupted iterations
users   [  88% ] 0844/1484 VUs  7m53.7s/9m00.0s

running (7m54.7s), 0834/1484 VUs, 108381 complete and 0 interrupted iterations
users   [  88% ] 0834/1484 VUs  7m54.7s/9m00.0s

running (7m55.7s), 0825/1484 VUs, 108539 complete and 0 interrupted iterations
users   [  88% ] 0825/1484 VUs  7m55.7s/9m00.0s

running (7m56.7s), 0809/1484 VUs, 108773 complete and 0 interrupted iterations
users   [  88% ] 0809/1484 VUs  7m56.7s/9m00.0s

running (7m57.7s), 0796/1484 VUs, 108913 complete and 0 interrupted iterations
users   [  88% ] 0796/1484 VUs  7m57.7s/9m00.0s

running (7m58.7s), 0788/1484 VUs, 109057 complete and 0 interrupted iterations
users   [  89% ] 0788/1484 VUs  7m58.7s/9m00.0s

running (7m59.7s), 0781/1484 VUs, 109208 complete and 0 interrupted iterations
users   [  89% ] 0781/1484 VUs  7m59.7s/9m00.0s

running (8m00.7s), 0767/1484 VUs, 109356 complete and 0 interrupted iterations
users   [  89% ] 0767/1484 VUs  8m00.7s/9m00.0s

running (8m01.7s), 0753/1484 VUs, 109569 complete and 0 interrupted iterations
users   [  89% ] 0753/1484 VUs  8m01.7s/9m00.0s

running (8m02.7s), 0738/1484 VUs, 109701 complete and 0 interrupted iterations
users   [  89% ] 0738/1484 VUs  8m02.7s/9m00.0s

running (8m03.7s), 0728/1484 VUs, 109839 complete and 0 interrupted iterations
users   [  90% ] 0728/1484 VUs  8m03.7s/9m00.0s

running (8m04.7s), 0712/1484 VUs, 109979 complete and 0 interrupted iterations
users   [  90% ] 0712/1484 VUs  8m04.7s/9m00.0s

running (8m05.7s), 0708/1484 VUs, 110109 complete and 0 interrupted iterations
users   [  90% ] 0708/1484 VUs  8m05.7s/9m00.0s

running (8m06.7s), 0688/1484 VUs, 110308 complete and 0 interrupted iterations
users   [  90% ] 0688/1484 VUs  8m06.7s/9m00.0s

running (8m07.7s), 0680/1484 VUs, 110425 complete and 0 interrupted iterations
users   [  90% ] 0680/1484 VUs  8m07.7s/9m00.0s

running (8m08.7s), 0665/1484 VUs, 110553 complete and 0 interrupted iterations
users   [  90% ] 0665/1484 VUs  8m08.7s/9m00.0s

running (8m09.7s), 0658/1484 VUs, 110681 complete and 0 interrupted iterations
users   [  91% ] 0658/1484 VUs  8m09.7s/9m00.0s

running (8m10.7s), 0645/1484 VUs, 110812 complete and 0 interrupted iterations
users   [  91% ] 0645/1484 VUs  8m10.7s/9m00.0s

running (8m11.7s), 0631/1484 VUs, 110990 complete and 0 interrupted iterations
users   [  91% ] 0631/1484 VUs  8m11.7s/9m00.0s

running (8m12.7s), 0617/1484 VUs, 111099 complete and 0 interrupted iterations
users   [  91% ] 0617/1484 VUs  8m12.7s/9m00.0s

running (8m13.7s), 0601/1484 VUs, 111214 complete and 0 interrupted iterations
users   [  91% ] 0601/1484 VUs  8m13.7s/9m00.0s

running (8m14.7s), 0589/1484 VUs, 111328 complete and 0 interrupted iterations
users   [  92% ] 0589/1484 VUs  8m14.7s/9m00.0s

running (8m15.7s), 0582/1484 VUs, 111449 complete and 0 interrupted iterations
users   [  92% ] 0582/1484 VUs  8m15.7s/9m00.0s

running (8m16.7s), 0567/1484 VUs, 111612 complete and 0 interrupted iterations
users   [  92% ] 0567/1484 VUs  8m16.7s/9m00.0s

running (8m17.7s), 0556/1484 VUs, 111707 complete and 0 interrupted iterations
users   [  92% ] 0556/1484 VUs  8m17.7s/9m00.0s

running (8m18.7s), 0547/1484 VUs, 111809 complete and 0 interrupted iterations
users   [  92% ] 0547/1484 VUs  8m18.7s/9m00.0s

running (8m19.7s), 0531/1484 VUs, 111913 complete and 0 interrupted iterations
users   [  93% ] 0531/1484 VUs  8m19.7s/9m00.0s

running (8m20.7s), 0523/1484 VUs, 112024 complete and 0 interrupted iterations
users   [  93% ] 0523/1484 VUs  8m20.7s/9m00.0s

running (8m21.7s), 0502/1484 VUs, 112172 complete and 0 interrupted iterations
users   [  93% ] 0502/1484 VUs  8m21.7s/9m00.0s

running (8m22.7s), 0494/1484 VUs, 112254 complete and 0 interrupted iterations
users   [  93% ] 0494/1484 VUs  8m22.7s/9m00.0s

running (8m23.7s), 0480/1484 VUs, 112348 complete and 0 interrupted iterations
users   [  93% ] 0480/1484 VUs  8m23.7s/9m00.0s

running (8m24.7s), 0471/1484 VUs, 112433 complete and 0 interrupted iterations
users   [  93% ] 0471/1484 VUs  8m24.7s/9m00.0s

running (8m25.7s), 0463/1484 VUs, 112536 complete and 0 interrupted iterations
users   [  94% ] 0463/1484 VUs  8m25.7s/9m00.0s

running (8m26.7s), 0444/1484 VUs, 112665 complete and 0 interrupted iterations
users   [  94% ] 0444/1484 VUs  8m26.7s/9m00.0s

running (8m27.7s), 0437/1484 VUs, 112743 complete and 0 interrupted iterations
users   [  94% ] 0437/1484 VUs  8m27.7s/9m00.0s

running (8m28.7s), 0424/1484 VUs, 112826 complete and 0 interrupted iterations
users   [  94% ] 0424/1484 VUs  8m28.7s/9m00.0s

running (8m29.7s), 0412/1484 VUs, 112900 complete and 0 interrupted iterations
users   [  94% ] 0412/1484 VUs  8m29.7s/9m00.0s

running (8m30.7s), 0398/1484 VUs, 112994 complete and 0 interrupted iterations
users   [  95% ] 0398/1484 VUs  8m30.7s/9m00.0s

running (8m31.7s), 0376/1484 VUs, 113100 complete and 0 interrupted iterations
users   [  95% ] 0376/1484 VUs  8m31.7s/9m00.0s

running (8m32.7s), 0372/1484 VUs, 113174 complete and 0 interrupted iterations
users   [  95% ] 0372/1484 VUs  8m32.7s/9m00.0s

running (8m33.7s), 0358/1484 VUs, 113245 complete and 0 interrupted iterations
users   [  95% ] 0358/1484 VUs  8m33.7s/9m00.0s

running (8m34.7s), 0349/1484 VUs, 113309 complete and 0 interrupted iterations
users   [  95% ] 0349/1484 VUs  8m34.7s/9m00.0s

running (8m35.7s), 0333/1484 VUs, 113389 complete and 0 interrupted iterations
users   [  95% ] 0333/1484 VUs  8m35.7s/9m00.0s

running (8m36.7s), 0318/1484 VUs, 113471 complete and 0 interrupted iterations
users   [  96% ] 0318/1484 VUs  8m36.7s/9m00.0s

running (8m37.7s), 0310/1484 VUs, 113539 complete and 0 interrupted iterations
users   [  96% ] 0310/1484 VUs  8m37.7s/9m00.0s

running (8m38.7s), 0298/1484 VUs, 113600 complete and 0 interrupted iterations
users   [  96% ] 0298/1484 VUs  8m38.7s/9m00.0s

running (8m39.7s), 0283/1484 VUs, 113656 complete and 0 interrupted iterations
users   [  96% ] 0283/1484 VUs  8m39.7s/9m00.0s

running (8m40.7s), 0273/1484 VUs, 113720 complete and 0 interrupted iterations
users   [  96% ] 0273/1484 VUs  8m40.7s/9m00.0s

running (8m41.7s), 0258/1484 VUs, 113787 complete and 0 interrupted iterations
users   [  97% ] 0258/1484 VUs  8m41.7s/9m00.0s

running (8m42.7s), 0247/1484 VUs, 113847 complete and 0 interrupted iterations
users   [  97% ] 0247/1484 VUs  8m42.7s/9m00.0s

running (8m43.7s), 0237/1484 VUs, 113897 complete and 0 interrupted iterations
users   [  97% ] 0237/1484 VUs  8m43.7s/9m00.0s

running (8m44.7s), 0225/1484 VUs, 113935 complete and 0 interrupted iterations
users   [  97% ] 0225/1484 VUs  8m44.7s/9m00.0s

running (8m45.7s), 0207/1484 VUs, 113991 complete and 0 interrupted iterations
users   [  97% ] 0207/1484 VUs  8m45.7s/9m00.0s

running (8m46.7s), 0194/1484 VUs, 114043 complete and 0 interrupted iterations
users   [  98% ] 0194/1484 VUs  8m46.7s/9m00.0s

running (8m47.7s), 0180/1484 VUs, 114092 complete and 0 interrupted iterations
users   [  98% ] 0180/1484 VUs  8m47.7s/9m00.0s

running (8m48.7s), 0166/1484 VUs, 114131 complete and 0 interrupted iterations
users   [  98% ] 0166/1484 VUs  8m48.7s/9m00.0s

running (8m49.7s), 0158/1484 VUs, 114157 complete and 0 interrupted iterations
users   [  98% ] 0158/1484 VUs  8m49.7s/9m00.0s

running (8m50.7s), 0149/1484 VUs, 114195 complete and 0 interrupted iterations
users   [  98% ] 0149/1484 VUs  8m50.7s/9m00.0s

running (8m51.7s), 0136/1484 VUs, 114236 complete and 0 interrupted iterations
users   [  98% ] 0136/1484 VUs  8m51.7s/9m00.0s

running (8m52.7s), 0121/1484 VUs, 114272 complete and 0 interrupted iterations
users   [  99% ] 0121/1484 VUs  8m52.7s/9m00.0s

running (8m53.7s), 0110/1484 VUs, 114297 complete and 0 interrupted iterations
users   [  99% ] 0110/1484 VUs  8m53.7s/9m00.0s

running (8m54.7s), 0099/1484 VUs, 114315 complete and 0 interrupted iterations
users   [  99% ] 0099/1484 VUs  8m54.7s/9m00.0s

running (8m55.7s), 0082/1484 VUs, 114344 complete and 0 interrupted iterations
users   [  99% ] 0082/1484 VUs  8m55.7s/9m00.0s

running (8m56.7s), 0063/1484 VUs, 114372 complete and 0 interrupted iterations
users   [  99% ] 0063/1484 VUs  8m56.7s/9m00.0s

running (8m57.7s), 0049/1484 VUs, 114392 complete and 0 interrupted iterations
users   [ 100% ] 0049/1484 VUs  8m57.7s/9m00.0s

running (8m58.7s), 0039/1484 VUs, 114406 complete and 0 interrupted iterations
users   [ 100% ] 0039/1484 VUs  8m58.7s/9m00.0s

running (8m59.7s), 0033/1484 VUs, 114414 complete and 0 interrupted iterations
users   [ 100% ] 0033/1484 VUs  8m59.7s/9m00.0s

running (9m00.7s), 0021/1484 VUs, 114426 complete and 0 interrupted iterations
users ↓ [ 100% ] 0030/1484 VUs  9m0s

running (9m01.7s), 0012/1484 VUs, 114435 complete and 0 interrupted iterations
users ↓ [ 100% ] 0030/1484 VUs  9m0s

running (9m02.7s), 0006/1484 VUs, 114441 complete and 0 interrupted iterations
users ↓ [ 100% ] 0030/1484 VUs  9m0s

running (9m03.7s), 0002/1484 VUs, 114445 complete and 0 interrupted iterations
users ↓ [ 100% ] 0030/1484 VUs  9m0s


  █ THRESHOLDS 

    checks{phase:bench}
    ✓ 'rate>0.99' rate=100.00%

    http_req_duration{name:confirm,phase:bench}
    ✗ 'p(95)<200' p(95)=1.22s
    ✗ 'p(99)<600' p(99)=2.63s

    http_req_duration{name:download_expired,phase:bench}
    ✓ 'p(95)<200' p(95)=0s
    ✓ 'p(99)<600' p(99)=0s

    http_req_duration{name:download,phase:bench}
    ✗ 'p(95)<200' p(95)=2.7s
    ✗ 'p(99)<600' p(99)=3.88s

    http_req_duration{name:upload,phase:bench}
    ✗ 'p(95)<200' p(95)=1.24s
    ✗ 'p(99)<600' p(99)=2.64s

    http_req_failed{phase:bench}
    ✓ 'rate<0.01' rate=0.00%

    server_errors{phase:bench}
    ✓ 'rate<0.01' rate=0.00%


  █ TOTAL RESULTS 

    checks_total.......: 117429  215.818262/s
    checks_succeeded...: 100.00% 117429 out of 117429
    checks_failed......: 0.00%   0 out of 117429

    ✓ download as expected
    ✓ upload link 201
    ✓ confirm 200

    CUSTOM
    server_errors.............................: 0.00%  0 out of 117429
      { phase:bench }.........................: 0.00%  0 out of 81737

    HTTP
    http_req_duration.........................: med=3.62ms p(95)=2.42s p(99)=3.64s avg=416.63ms max=8.32s 
      { expected_response:true }..............: med=3.62ms p(95)=2.42s p(99)=3.64s avg=416.63ms max=8.32s 
      { name:confirm,phase:bench }............: med=4.57ms p(95)=1.22s p(99)=2.63s avg=301.27ms max=3.64s 
      { name:download_expired,phase:bench }...: med=0s     p(95)=0s    p(99)=0s    avg=0s       max=0s    
      { name:download,phase:bench }...........: med=3.77ms p(95)=2.7s  p(99)=3.88s avg=525.39ms max=8.32s 
      { name:upload,phase:bench }.............: med=5.49ms p(95)=1.24s p(99)=2.64s avg=299.43ms max=3.04s 
    http_req_failed...........................: 0.00%  0 out of 117429
      { phase:bench }.........................: 0.00%  0 out of 82144
    http_reqs.................................: 117429 215.818262/s

    EXECUTION
    iteration_duration........................: med=5s     p(95)=7.62s p(99)=8.92s avg=5.48s    max=13.32s
    iterations................................: 114447 210.337758/s
    vus.......................................: 2      min=2           max=1484
    vus_max...................................: 1484   min=1484        max=1484

    NETWORK
    data_received.............................: 276 MB 506 kB/s
    data_sent.................................: 95 MB  174 kB/s




running (9m04.1s), 0000/1484 VUs, 114447 complete and 0 interrupted iterations
users ✓ [ 100% ] 0000/1484 VUs  9m0s
time="2026-09-30T11:09:41Z" level=error msg="thresholds on metrics 'http_req_duration{name:confirm,phase:bench}, http_req_duration{name:download,phase:bench}, http_req_duration{name:upload,phase:bench}' have been crossed"
== 1484 users: fail
== resting 120s
== pass 8: 1445 users (passed up to 1406, failed from 1484)
TRUNCATE TABLE
SELECT 10000
ALTER TABLE
UPDATE 10000
INSERT 0 10000
COPY 10000
VACUUM
  expiry   | count 
-----------+-------
 HOURS24   |  3320
 MINUTES15 |  3285
 MINUTES30 |  3395
(3 rows)

 rows  |  table  | indexes |  total  
-------+---------+---------+---------
 10000 | 1112 kB | 1456 kB | 2568 kB
(1 row)

wrote /tmp/seed.csv (10000 files). Copy it to the load generator and run load-file-list.sh.
file list loaded: 10000 files
time="2026-09-30T11:11:43Z" level=info msg="Automatic extension resolution is enabled. The current k6 binary doesn't satisfy all dependencies, it's required to provision a custom binary." deps="k6;k6/x/redis"
time="2026-09-30T11:11:44Z" level=info msg="Using cached k6 binary" artifact_id=d29e86c20dd9a49cb84ea3c41fac5b8b8e524e06 deps="map[k6:v2.3.0 k6/x/redis:v0.4.3]" path=/home/admin/.cache/k6/builds/d29e86c20dd9a49cb84ea3c41fac5b8b8e524e06/k6

         /\      Grafana   /‾‾/  
    /\  /  \     |\  __   /  /   
   /  \/    \    | |/ /  /   ‾‾\ 
  /          \   |   (  |  (‾)  |
 / __________ \  |_|\_\  \_____/ 


     execution: local
        script: /home/admin/Mint-Bench/k6/mint.js
        output: csv (/home/admin/Mint-Bench/bench-sql/results/2026-09-30-0953/vus-1445/k6.csv.gz)

     scenarios: (100.00%) 1 scenario, 1445 max VUs, 9m30s max duration (incl. graceful stop):
              * users: Up to 1445 looping VUs for 9m0s over 3 stages (gracefulRampDown: 30s, gracefulStop: 30s)


running (0m00.7s), 0008/1445 VUs, 0 complete and 0 interrupted iterations
users   [   0% ] 0008/1445 VUs  0m00.7s/9m00.0s

running (0m01.7s), 0020/1445 VUs, 0 complete and 0 interrupted iterations
users   [   0% ] 0020/1445 VUs  0m01.7s/9m00.0s

running (0m02.7s), 0032/1445 VUs, 0 complete and 0 interrupted iterations
users   [   1% ] 0032/1445 VUs  0m02.7s/9m00.0s

running (0m03.7s), 0044/1445 VUs, 0 complete and 0 interrupted iterations
users   [   1% ] 0044/1445 VUs  0m03.7s/9m00.0s

running (0m04.7s), 0056/1445 VUs, 0 complete and 0 interrupted iterations
users   [   1% ] 0056/1445 VUs  0m04.7s/9m00.0s

running (0m05.7s), 0068/1445 VUs, 8 complete and 0 interrupted iterations
users   [   1% ] 0068/1445 VUs  0m05.7s/9m00.0s

running (0m06.7s), 0080/1445 VUs, 19 complete and 0 interrupted iterations
users   [   1% ] 0080/1445 VUs  0m06.7s/9m00.0s

running (0m07.7s), 0092/1445 VUs, 32 complete and 0 interrupted iterations
users   [   1% ] 0092/1445 VUs  0m07.7s/9m00.0s

running (0m08.7s), 0104/1445 VUs, 44 complete and 0 interrupted iterations
users   [   2% ] 0104/1445 VUs  0m08.7s/9m00.0s

running (0m09.7s), 0116/1445 VUs, 56 complete and 0 interrupted iterations
users   [   2% ] 0116/1445 VUs  0m09.7s/9m00.0s

running (0m10.7s), 0128/1445 VUs, 76 complete and 0 interrupted iterations
users   [   2% ] 0128/1445 VUs  0m10.7s/9m00.0s

running (0m11.7s), 0140/1445 VUs, 97 complete and 0 interrupted iterations
users   [   2% ] 0140/1445 VUs  0m11.7s/9m00.0s

running (0m12.7s), 0152/1445 VUs, 122 complete and 0 interrupted iterations
users   [   2% ] 0152/1445 VUs  0m12.7s/9m00.0s

running (0m13.7s), 0165/1445 VUs, 148 complete and 0 interrupted iterations
users   [   3% ] 0165/1445 VUs  0m13.7s/9m00.0s

running (0m14.7s), 0177/1445 VUs, 172 complete and 0 interrupted iterations
users   [   3% ] 0177/1445 VUs  0m14.7s/9m00.0s

running (0m15.7s), 0189/1445 VUs, 202 complete and 0 interrupted iterations
users   [   3% ] 0189/1445 VUs  0m15.7s/9m00.0s

running (0m16.7s), 0201/1445 VUs, 235 complete and 0 interrupted iterations
users   [   3% ] 0201/1445 VUs  0m16.7s/9m00.0s

running (0m17.7s), 0213/1445 VUs, 272 complete and 0 interrupted iterations
users   [   3% ] 0213/1445 VUs  0m17.7s/9m00.0s

running (0m18.7s), 0225/1445 VUs, 310 complete and 0 interrupted iterations
users   [   3% ] 0225/1445 VUs  0m18.7s/9m00.0s

running (0m19.7s), 0237/1445 VUs, 347 complete and 0 interrupted iterations
users   [   4% ] 0237/1445 VUs  0m19.7s/9m00.0s

running (0m20.7s), 0249/1445 VUs, 391 complete and 0 interrupted iterations
users   [   4% ] 0249/1445 VUs  0m20.7s/9m00.0s

running (0m21.7s), 0261/1445 VUs, 433 complete and 0 interrupted iterations
users   [   4% ] 0261/1445 VUs  0m21.7s/9m00.0s

running (0m22.7s), 0273/1445 VUs, 484 complete and 0 interrupted iterations
users   [   4% ] 0273/1445 VUs  0m22.7s/9m00.0s

running (0m23.7s), 0285/1445 VUs, 535 complete and 0 interrupted iterations
users   [   4% ] 0285/1445 VUs  0m23.7s/9m00.0s

running (0m24.7s), 0297/1445 VUs, 582 complete and 0 interrupted iterations
users   [   5% ] 0297/1445 VUs  0m24.7s/9m00.0s

running (0m25.7s), 0309/1445 VUs, 636 complete and 0 interrupted iterations
users   [   5% ] 0309/1445 VUs  0m25.7s/9m00.0s

running (0m26.7s), 0321/1445 VUs, 690 complete and 0 interrupted iterations
users   [   5% ] 0321/1445 VUs  0m26.7s/9m00.0s

running (0m27.7s), 0333/1445 VUs, 754 complete and 0 interrupted iterations
users   [   5% ] 0333/1445 VUs  0m27.7s/9m00.0s

running (0m28.7s), 0345/1445 VUs, 819 complete and 0 interrupted iterations
users   [   5% ] 0345/1445 VUs  0m28.7s/9m00.0s

running (0m29.7s), 0357/1445 VUs, 877 complete and 0 interrupted iterations
users   [   6% ] 0357/1445 VUs  0m29.7s/9m00.0s

running (0m30.7s), 0369/1445 VUs, 942 complete and 0 interrupted iterations
users   [   6% ] 0369/1445 VUs  0m30.7s/9m00.0s

running (0m31.7s), 0381/1445 VUs, 1007 complete and 0 interrupted iterations
users   [   6% ] 0381/1445 VUs  0m31.7s/9m00.0s

running (0m32.7s), 0393/1445 VUs, 1082 complete and 0 interrupted iterations
users   [   6% ] 0393/1445 VUs  0m32.7s/9m00.0s

running (0m33.7s), 0405/1445 VUs, 1159 complete and 0 interrupted iterations
users   [   6% ] 0405/1445 VUs  0m33.7s/9m00.0s

running (0m34.7s), 0417/1445 VUs, 1228 complete and 0 interrupted iterations
users   [   6% ] 0417/1445 VUs  0m34.7s/9m00.0s

running (0m35.7s), 0429/1445 VUs, 1306 complete and 0 interrupted iterations
users   [   7% ] 0429/1445 VUs  0m35.7s/9m00.0s

running (0m36.7s), 0442/1445 VUs, 1387 complete and 0 interrupted iterations
users   [   7% ] 0442/1445 VUs  0m36.7s/9m00.0s

running (0m37.7s), 0454/1445 VUs, 1474 complete and 0 interrupted iterations
users   [   7% ] 0454/1445 VUs  0m37.7s/9m00.0s

running (0m38.7s), 0466/1445 VUs, 1561 complete and 0 interrupted iterations
users   [   7% ] 0466/1445 VUs  0m38.7s/9m00.0s

running (0m39.7s), 0478/1445 VUs, 1643 complete and 0 interrupted iterations
users   [   7% ] 0478/1445 VUs  0m39.7s/9m00.0s

running (0m40.7s), 0490/1445 VUs, 1730 complete and 0 interrupted iterations
users   [   8% ] 0490/1445 VUs  0m40.7s/9m00.0s

running (0m41.7s), 0502/1445 VUs, 1822 complete and 0 interrupted iterations
users   [   8% ] 0502/1445 VUs  0m41.7s/9m00.0s

running (0m42.7s), 0514/1445 VUs, 1918 complete and 0 interrupted iterations
users   [   8% ] 0514/1445 VUs  0m42.7s/9m00.0s

running (0m43.7s), 0526/1445 VUs, 2017 complete and 0 interrupted iterations
users   [   8% ] 0526/1445 VUs  0m43.7s/9m00.0s

running (0m44.7s), 0538/1445 VUs, 2115 complete and 0 interrupted iterations
users   [   8% ] 0538/1445 VUs  0m44.7s/9m00.0s

running (0m45.7s), 0550/1445 VUs, 2215 complete and 0 interrupted iterations
users   [   8% ] 0550/1445 VUs  0m45.7s/9m00.0s

running (0m46.7s), 0562/1445 VUs, 2320 complete and 0 interrupted iterations
users   [   9% ] 0562/1445 VUs  0m46.7s/9m00.0s

running (0m47.7s), 0574/1445 VUs, 2430 complete and 0 interrupted iterations
users   [   9% ] 0574/1445 VUs  0m47.7s/9m00.0s

running (0m48.7s), 0586/1445 VUs, 2540 complete and 0 interrupted iterations
users   [   9% ] 0586/1445 VUs  0m48.7s/9m00.0s

running (0m49.7s), 0598/1445 VUs, 2647 complete and 0 interrupted iterations
users   [   9% ] 0598/1445 VUs  0m49.7s/9m00.0s

running (0m50.7s), 0610/1445 VUs, 2755 complete and 0 interrupted iterations
users   [   9% ] 0610/1445 VUs  0m50.7s/9m00.0s

running (0m51.7s), 0622/1445 VUs, 2869 complete and 0 interrupted iterations
users   [  10% ] 0622/1445 VUs  0m51.7s/9m00.0s

running (0m52.7s), 0634/1445 VUs, 2996 complete and 0 interrupted iterations
users   [  10% ] 0634/1445 VUs  0m52.7s/9m00.0s

running (0m53.7s), 0646/1445 VUs, 3120 complete and 0 interrupted iterations
users   [  10% ] 0646/1445 VUs  0m53.7s/9m00.0s

running (0m54.7s), 0658/1445 VUs, 3239 complete and 0 interrupted iterations
users   [  10% ] 0658/1445 VUs  0m54.7s/9m00.0s

running (0m55.7s), 0670/1445 VUs, 3360 complete and 0 interrupted iterations
users   [  10% ] 0670/1445 VUs  0m55.7s/9m00.0s

running (0m56.7s), 0682/1445 VUs, 3488 complete and 0 interrupted iterations
users   [  11% ] 0682/1445 VUs  0m56.7s/9m00.0s

running (0m57.7s), 0694/1445 VUs, 3625 complete and 0 interrupted iterations
users   [  11% ] 0694/1445 VUs  0m57.7s/9m00.0s

running (0m58.7s), 0706/1445 VUs, 3758 complete and 0 interrupted iterations
users   [  11% ] 0706/1445 VUs  0m58.7s/9m00.0s

running (0m59.7s), 0718/1445 VUs, 3885 complete and 0 interrupted iterations
users   [  11% ] 0718/1445 VUs  0m59.7s/9m00.0s

running (1m00.7s), 0731/1445 VUs, 4020 complete and 0 interrupted iterations
users   [  11% ] 0731/1445 VUs  1m00.7s/9m00.0s

running (1m01.7s), 0743/1445 VUs, 4161 complete and 0 interrupted iterations
users   [  11% ] 0743/1445 VUs  1m01.7s/9m00.0s

running (1m02.7s), 0755/1445 VUs, 4314 complete and 0 interrupted iterations
users   [  12% ] 0755/1445 VUs  1m02.7s/9m00.0s

running (1m03.7s), 0767/1445 VUs, 4457 complete and 0 interrupted iterations
users   [  12% ] 0767/1445 VUs  1m03.7s/9m00.0s

running (1m04.7s), 0779/1445 VUs, 4593 complete and 0 interrupted iterations
users   [  12% ] 0779/1445 VUs  1m04.7s/9m00.0s

running (1m05.7s), 0791/1445 VUs, 4737 complete and 0 interrupted iterations
users   [  12% ] 0791/1445 VUs  1m05.7s/9m00.0s

running (1m06.7s), 0803/1445 VUs, 4891 complete and 0 interrupted iterations
users   [  12% ] 0803/1445 VUs  1m06.7s/9m00.0s

running (1m07.7s), 0815/1445 VUs, 5059 complete and 0 interrupted iterations
users   [  13% ] 0815/1445 VUs  1m07.7s/9m00.0s

running (1m08.7s), 0827/1445 VUs, 5213 complete and 0 interrupted iterations
users   [  13% ] 0827/1445 VUs  1m08.7s/9m00.0s

running (1m09.7s), 0839/1445 VUs, 5358 complete and 0 interrupted iterations
users   [  13% ] 0839/1445 VUs  1m09.7s/9m00.0s

running (1m10.7s), 0851/1445 VUs, 5516 complete and 0 interrupted iterations
users   [  13% ] 0851/1445 VUs  1m10.7s/9m00.0s

running (1m11.7s), 0863/1445 VUs, 5688 complete and 0 interrupted iterations
users   [  13% ] 0863/1445 VUs  1m11.7s/9m00.0s

running (1m12.7s), 0875/1445 VUs, 5864 complete and 0 interrupted iterations
users   [  13% ] 0875/1445 VUs  1m12.7s/9m00.0s

running (1m13.7s), 0887/1445 VUs, 6030 complete and 0 interrupted iterations
users   [  14% ] 0887/1445 VUs  1m13.7s/9m00.0s

running (1m14.7s), 0899/1445 VUs, 6186 complete and 0 interrupted iterations
users   [  14% ] 0899/1445 VUs  1m14.7s/9m00.0s

running (1m15.7s), 0911/1445 VUs, 6354 complete and 0 interrupted iterations
users   [  14% ] 0911/1445 VUs  1m15.7s/9m00.0s

running (1m16.7s), 0923/1445 VUs, 6537 complete and 0 interrupted iterations
users   [  14% ] 0923/1445 VUs  1m16.7s/9m00.0s

running (1m17.7s), 0935/1445 VUs, 6731 complete and 0 interrupted iterations
users   [  14% ] 0935/1445 VUs  1m17.7s/9m00.0s

running (1m18.7s), 0947/1445 VUs, 6906 complete and 0 interrupted iterations
users   [  15% ] 0947/1445 VUs  1m18.7s/9m00.0s

running (1m19.7s), 0959/1445 VUs, 7072 complete and 0 interrupted iterations
users   [  15% ] 0959/1445 VUs  1m19.7s/9m00.0s

running (1m20.7s), 0971/1445 VUs, 7256 complete and 0 interrupted iterations
users   [  15% ] 0971/1445 VUs  1m20.7s/9m00.0s

running (1m21.7s), 0983/1445 VUs, 7455 complete and 0 interrupted iterations
users   [  15% ] 0983/1445 VUs  1m21.7s/9m00.0s

running (1m22.7s), 0995/1445 VUs, 7658 complete and 0 interrupted iterations
users   [  15% ] 0995/1445 VUs  1m22.7s/9m00.0s

running (1m23.7s), 1007/1445 VUs, 7845 complete and 0 interrupted iterations
users   [  16% ] 1007/1445 VUs  1m23.7s/9m00.0s

running (1m24.7s), 1019/1445 VUs, 8023 complete and 0 interrupted iterations
users   [  16% ] 1019/1445 VUs  1m24.7s/9m00.0s

running (1m25.7s), 1032/1445 VUs, 8220 complete and 0 interrupted iterations
users   [  16% ] 1032/1445 VUs  1m25.7s/9m00.0s

running (1m26.7s), 1044/1445 VUs, 8432 complete and 0 interrupted iterations
users   [  16% ] 1044/1445 VUs  1m26.7s/9m00.0s

running (1m27.7s), 1056/1445 VUs, 8644 complete and 0 interrupted iterations
users   [  16% ] 1056/1445 VUs  1m27.7s/9m00.0s

running (1m28.7s), 1068/1445 VUs, 8842 complete and 0 interrupted iterations
users   [  16% ] 1068/1445 VUs  1m28.7s/9m00.0s

running (1m29.7s), 1080/1445 VUs, 9032 complete and 0 interrupted iterations
users   [  17% ] 1080/1445 VUs  1m29.7s/9m00.0s

running (1m30.7s), 1092/1445 VUs, 9244 complete and 0 interrupted iterations
users   [  17% ] 1092/1445 VUs  1m30.7s/9m00.0s

running (1m31.7s), 1104/1445 VUs, 9465 complete and 0 interrupted iterations
users   [  17% ] 1104/1445 VUs  1m31.7s/9m00.0s

running (1m32.7s), 1116/1445 VUs, 9687 complete and 0 interrupted iterations
users   [  17% ] 1116/1445 VUs  1m32.7s/9m00.0s

running (1m33.7s), 1128/1445 VUs, 9901 complete and 0 interrupted iterations
users   [  17% ] 1128/1445 VUs  1m33.7s/9m00.0s

running (1m34.7s), 1140/1445 VUs, 10103 complete and 0 interrupted iterations
users   [  18% ] 1140/1445 VUs  1m34.7s/9m00.0s

running (1m35.7s), 1152/1445 VUs, 10324 complete and 0 interrupted iterations
users   [  18% ] 1152/1445 VUs  1m35.7s/9m00.0s

running (1m36.7s), 1164/1445 VUs, 10550 complete and 0 interrupted iterations
users   [  18% ] 1164/1445 VUs  1m36.7s/9m00.0s

running (1m37.7s), 1176/1445 VUs, 10787 complete and 0 interrupted iterations
users   [  18% ] 1176/1445 VUs  1m37.7s/9m00.0s

running (1m38.7s), 1188/1445 VUs, 11023 complete and 0 interrupted iterations
users   [  18% ] 1188/1445 VUs  1m38.7s/9m00.0s

running (1m39.7s), 1200/1445 VUs, 11231 complete and 0 interrupted iterations
users   [  18% ] 1200/1445 VUs  1m39.7s/9m00.0s

running (1m40.7s), 1212/1445 VUs, 11465 complete and 0 interrupted iterations
users   [  19% ] 1212/1445 VUs  1m40.7s/9m00.0s

running (1m41.7s), 1224/1445 VUs, 11707 complete and 0 interrupted iterations
users   [  19% ] 1224/1445 VUs  1m41.7s/9m00.0s

running (1m42.7s), 1236/1445 VUs, 11951 complete and 0 interrupted iterations
users   [  19% ] 1236/1445 VUs  1m42.7s/9m00.0s

running (1m43.7s), 1248/1445 VUs, 12195 complete and 0 interrupted iterations
users   [  19% ] 1248/1445 VUs  1m43.7s/9m00.0s

running (1m44.7s), 1260/1445 VUs, 12414 complete and 0 interrupted iterations
users   [  19% ] 1260/1445 VUs  1m44.7s/9m00.0s

running (1m45.7s), 1272/1445 VUs, 12666 complete and 0 interrupted iterations
users   [  20% ] 1272/1445 VUs  1m45.7s/9m00.0s

running (1m46.7s), 1284/1445 VUs, 12918 complete and 0 interrupted iterations
users   [  20% ] 1284/1445 VUs  1m46.7s/9m00.0s

running (1m47.7s), 1296/1445 VUs, 13177 complete and 0 interrupted iterations
users   [  20% ] 1296/1445 VUs  1m47.7s/9m00.0s

running (1m48.7s), 1308/1445 VUs, 13426 complete and 0 interrupted iterations
users   [  20% ] 1308/1445 VUs  1m48.7s/9m00.0s

running (1m49.7s), 1321/1445 VUs, 13658 complete and 0 interrupted iterations
users   [  20% ] 1321/1445 VUs  1m49.7s/9m00.0s

running (1m50.7s), 1333/1445 VUs, 13921 complete and 0 interrupted iterations
users   [  21% ] 1333/1445 VUs  1m50.7s/9m00.0s

running (1m51.7s), 1345/1445 VUs, 14186 complete and 0 interrupted iterations
users   [  21% ] 1345/1445 VUs  1m51.7s/9m00.0s

running (1m52.7s), 1357/1445 VUs, 14463 complete and 0 interrupted iterations
users   [  21% ] 1357/1445 VUs  1m52.7s/9m00.0s

running (1m53.7s), 1369/1445 VUs, 14724 complete and 0 interrupted iterations
users   [  21% ] 1369/1445 VUs  1m53.7s/9m00.0s

running (1m54.7s), 1381/1445 VUs, 14969 complete and 0 interrupted iterations
users   [  21% ] 1381/1445 VUs  1m54.7s/9m00.0s

running (1m55.7s), 1393/1445 VUs, 15237 complete and 0 interrupted iterations
users   [  21% ] 1393/1445 VUs  1m55.7s/9m00.0s

running (1m56.7s), 1405/1445 VUs, 15520 complete and 0 interrupted iterations
users   [  22% ] 1405/1445 VUs  1m56.7s/9m00.0s

running (1m57.7s), 1417/1445 VUs, 15805 complete and 0 interrupted iterations
users   [  22% ] 1417/1445 VUs  1m57.7s/9m00.0s

running (1m58.7s), 1429/1445 VUs, 16072 complete and 0 interrupted iterations
users   [  22% ] 1429/1445 VUs  1m58.7s/9m00.0s

running (1m59.7s), 1441/1445 VUs, 16333 complete and 0 interrupted iterations
users   [  22% ] 1441/1445 VUs  1m59.7s/9m00.0s

running (2m00.7s), 1445/1445 VUs, 16617 complete and 0 interrupted iterations
users   [  22% ] 1445/1445 VUs  2m00.7s/9m00.0s

running (2m01.7s), 1445/1445 VUs, 16911 complete and 0 interrupted iterations
users   [  23% ] 1445/1445 VUs  2m01.7s/9m00.0s

running (2m02.7s), 1445/1445 VUs, 17203 complete and 0 interrupted iterations
users   [  23% ] 1445/1445 VUs  2m02.7s/9m00.0s

running (2m03.7s), 1445/1445 VUs, 17481 complete and 0 interrupted iterations
users   [  23% ] 1445/1445 VUs  2m03.7s/9m00.0s

running (2m04.7s), 1445/1445 VUs, 17758 complete and 0 interrupted iterations
users   [  23% ] 1445/1445 VUs  2m04.7s/9m00.0s

running (2m05.7s), 1445/1445 VUs, 18054 complete and 0 interrupted iterations
users   [  23% ] 1445/1445 VUs  2m05.7s/9m00.0s

running (2m06.7s), 1445/1445 VUs, 18343 complete and 0 interrupted iterations
users   [  23% ] 1445/1445 VUs  2m06.7s/9m00.0s

running (2m07.7s), 1445/1445 VUs, 18632 complete and 0 interrupted iterations
users   [  24% ] 1445/1445 VUs  2m07.7s/9m00.0s

running (2m08.7s), 1445/1445 VUs, 18911 complete and 0 interrupted iterations
users   [  24% ] 1445/1445 VUs  2m08.7s/9m00.0s

running (2m09.7s), 1445/1445 VUs, 19190 complete and 0 interrupted iterations
users   [  24% ] 1445/1445 VUs  2m09.7s/9m00.0s

running (2m10.7s), 1445/1445 VUs, 19482 complete and 0 interrupted iterations
users   [  24% ] 1445/1445 VUs  2m10.7s/9m00.0s

running (2m11.7s), 1445/1445 VUs, 19770 complete and 0 interrupted iterations
users   [  24% ] 1445/1445 VUs  2m11.7s/9m00.0s

running (2m12.7s), 1445/1445 VUs, 20061 complete and 0 interrupted iterations
users   [  25% ] 1445/1445 VUs  2m12.7s/9m00.0s

running (2m13.7s), 1445/1445 VUs, 20345 complete and 0 interrupted iterations
users   [  25% ] 1445/1445 VUs  2m13.7s/9m00.0s

running (2m14.7s), 1445/1445 VUs, 20622 complete and 0 interrupted iterations
users   [  25% ] 1445/1445 VUs  2m14.7s/9m00.0s

running (2m15.7s), 1445/1445 VUs, 20908 complete and 0 interrupted iterations
users   [  25% ] 1445/1445 VUs  2m15.7s/9m00.0s

running (2m16.7s), 1445/1445 VUs, 21197 complete and 0 interrupted iterations
users   [  25% ] 1445/1445 VUs  2m16.7s/9m00.0s

running (2m17.7s), 1445/1445 VUs, 21485 complete and 0 interrupted iterations
users   [  26% ] 1445/1445 VUs  2m17.7s/9m00.0s

running (2m18.7s), 1445/1445 VUs, 21770 complete and 0 interrupted iterations
users   [  26% ] 1445/1445 VUs  2m18.7s/9m00.0s

running (2m19.7s), 1445/1445 VUs, 22050 complete and 0 interrupted iterations
users   [  26% ] 1445/1445 VUs  2m19.7s/9m00.0s

running (2m20.7s), 1445/1445 VUs, 22335 complete and 0 interrupted iterations
users   [  26% ] 1445/1445 VUs  2m20.7s/9m00.0s

running (2m21.7s), 1445/1445 VUs, 22621 complete and 0 interrupted iterations
users   [  26% ] 1445/1445 VUs  2m21.7s/9m00.0s

running (2m22.7s), 1445/1445 VUs, 22913 complete and 0 interrupted iterations
users   [  26% ] 1445/1445 VUs  2m22.7s/9m00.0s

running (2m23.7s), 1445/1445 VUs, 23198 complete and 0 interrupted iterations
users   [  27% ] 1445/1445 VUs  2m23.7s/9m00.0s

running (2m24.7s), 1445/1445 VUs, 23482 complete and 0 interrupted iterations
users   [  27% ] 1445/1445 VUs  2m24.7s/9m00.0s

running (2m25.7s), 1445/1445 VUs, 23766 complete and 0 interrupted iterations
users   [  27% ] 1445/1445 VUs  2m25.7s/9m00.0s

running (2m26.7s), 1445/1445 VUs, 24049 complete and 0 interrupted iterations
users   [  27% ] 1445/1445 VUs  2m26.7s/9m00.0s

running (2m27.7s), 1445/1445 VUs, 24342 complete and 0 interrupted iterations
users   [  27% ] 1445/1445 VUs  2m27.7s/9m00.0s

running (2m28.7s), 1445/1445 VUs, 24618 complete and 0 interrupted iterations
users   [  28% ] 1445/1445 VUs  2m28.7s/9m00.0s

running (2m29.7s), 1445/1445 VUs, 24910 complete and 0 interrupted iterations
users   [  28% ] 1445/1445 VUs  2m29.7s/9m00.0s

running (2m30.7s), 1445/1445 VUs, 25192 complete and 0 interrupted iterations
users   [  28% ] 1445/1445 VUs  2m30.7s/9m00.0s

running (2m31.7s), 1445/1445 VUs, 25478 complete and 0 interrupted iterations
users   [  28% ] 1445/1445 VUs  2m31.7s/9m00.0s

running (2m32.7s), 1445/1445 VUs, 25767 complete and 0 interrupted iterations
users   [  28% ] 1445/1445 VUs  2m32.7s/9m00.0s

running (2m33.7s), 1445/1445 VUs, 26047 complete and 0 interrupted iterations
users   [  28% ] 1445/1445 VUs  2m33.7s/9m00.0s

running (2m34.7s), 1445/1445 VUs, 26344 complete and 0 interrupted iterations
users   [  29% ] 1445/1445 VUs  2m34.7s/9m00.0s

running (2m35.7s), 1445/1445 VUs, 26623 complete and 0 interrupted iterations
users   [  29% ] 1445/1445 VUs  2m35.7s/9m00.0s

running (2m36.7s), 1445/1445 VUs, 26911 complete and 0 interrupted iterations
users   [  29% ] 1445/1445 VUs  2m36.7s/9m00.0s

running (2m37.7s), 1445/1445 VUs, 27202 complete and 0 interrupted iterations
users   [  29% ] 1445/1445 VUs  2m37.7s/9m00.0s

running (2m38.7s), 1445/1445 VUs, 27478 complete and 0 interrupted iterations
users   [  29% ] 1445/1445 VUs  2m38.7s/9m00.0s

running (2m39.7s), 1445/1445 VUs, 27772 complete and 0 interrupted iterations
users   [  30% ] 1445/1445 VUs  2m39.7s/9m00.0s

running (2m40.7s), 1445/1445 VUs, 28053 complete and 0 interrupted iterations
users   [  30% ] 1445/1445 VUs  2m40.7s/9m00.0s

running (2m41.7s), 1445/1445 VUs, 28343 complete and 0 interrupted iterations
users   [  30% ] 1445/1445 VUs  2m41.7s/9m00.0s

running (2m42.7s), 1445/1445 VUs, 28636 complete and 0 interrupted iterations
users   [  30% ] 1445/1445 VUs  2m42.7s/9m00.0s

running (2m43.7s), 1445/1445 VUs, 28909 complete and 0 interrupted iterations
users   [  30% ] 1445/1445 VUs  2m43.7s/9m00.0s

running (2m44.7s), 1445/1445 VUs, 29201 complete and 0 interrupted iterations
users   [  31% ] 1445/1445 VUs  2m44.7s/9m00.0s

running (2m45.7s), 1445/1445 VUs, 29482 complete and 0 interrupted iterations
users   [  31% ] 1445/1445 VUs  2m45.7s/9m00.0s

running (2m46.7s), 1445/1445 VUs, 29776 complete and 0 interrupted iterations
users   [  31% ] 1445/1445 VUs  2m46.7s/9m00.0s

running (2m47.7s), 1445/1445 VUs, 30070 complete and 0 interrupted iterations
users   [  31% ] 1445/1445 VUs  2m47.7s/9m00.0s

running (2m48.7s), 1445/1445 VUs, 30338 complete and 0 interrupted iterations
users   [  31% ] 1445/1445 VUs  2m48.7s/9m00.0s

running (2m49.7s), 1445/1445 VUs, 30633 complete and 0 interrupted iterations
users   [  31% ] 1445/1445 VUs  2m49.7s/9m00.0s

running (2m50.7s), 1445/1445 VUs, 30913 complete and 0 interrupted iterations
users   [  32% ] 1445/1445 VUs  2m50.7s/9m00.0s

running (2m51.7s), 1445/1445 VUs, 31208 complete and 0 interrupted iterations
users   [  32% ] 1445/1445 VUs  2m51.7s/9m00.0s

running (2m52.7s), 1445/1445 VUs, 31499 complete and 0 interrupted iterations
users   [  32% ] 1445/1445 VUs  2m52.7s/9m00.0s

running (2m53.7s), 1445/1445 VUs, 31768 complete and 0 interrupted iterations
users   [  32% ] 1445/1445 VUs  2m53.7s/9m00.0s

running (2m54.7s), 1445/1445 VUs, 32061 complete and 0 interrupted iterations
users   [  32% ] 1445/1445 VUs  2m54.7s/9m00.0s

running (2m55.7s), 1445/1445 VUs, 32339 complete and 0 interrupted iterations
users   [  33% ] 1445/1445 VUs  2m55.7s/9m00.0s

running (2m56.7s), 1445/1445 VUs, 32635 complete and 0 interrupted iterations
users   [  33% ] 1445/1445 VUs  2m56.7s/9m00.0s

running (2m57.7s), 1445/1445 VUs, 32930 complete and 0 interrupted iterations
users   [  33% ] 1445/1445 VUs  2m57.7s/9m00.0s

running (2m58.7s), 1445/1445 VUs, 33200 complete and 0 interrupted iterations
users   [  33% ] 1445/1445 VUs  2m58.7s/9m00.0s

running (2m59.7s), 1445/1445 VUs, 33492 complete and 0 interrupted iterations
users   [  33% ] 1445/1445 VUs  2m59.7s/9m00.0s

running (3m00.7s), 1445/1445 VUs, 33765 complete and 0 interrupted iterations
users   [  33% ] 1445/1445 VUs  3m00.7s/9m00.0s

running (3m01.7s), 1445/1445 VUs, 34059 complete and 0 interrupted iterations
users   [  34% ] 1445/1445 VUs  3m01.7s/9m00.0s

running (3m02.7s), 1445/1445 VUs, 34361 complete and 0 interrupted iterations
users   [  34% ] 1445/1445 VUs  3m02.7s/9m00.0s

running (3m03.7s), 1445/1445 VUs, 34628 complete and 0 interrupted iterations
users   [  34% ] 1445/1445 VUs  3m03.7s/9m00.0s

running (3m04.7s), 1445/1445 VUs, 34922 complete and 0 interrupted iterations
users   [  34% ] 1445/1445 VUs  3m04.7s/9m00.0s

running (3m05.7s), 1445/1445 VUs, 35196 complete and 0 interrupted iterations
users   [  34% ] 1445/1445 VUs  3m05.7s/9m00.0s

running (3m06.7s), 1445/1445 VUs, 35496 complete and 0 interrupted iterations
users   [  35% ] 1445/1445 VUs  3m06.7s/9m00.0s

running (3m07.7s), 1445/1445 VUs, 35795 complete and 0 interrupted iterations
users   [  35% ] 1445/1445 VUs  3m07.7s/9m00.0s

running (3m08.7s), 1445/1445 VUs, 36059 complete and 0 interrupted iterations
users   [  35% ] 1445/1445 VUs  3m08.7s/9m00.0s

running (3m09.7s), 1445/1445 VUs, 36352 complete and 0 interrupted iterations
users   [  35% ] 1445/1445 VUs  3m09.7s/9m00.0s

running (3m10.7s), 1445/1445 VUs, 36628 complete and 0 interrupted iterations
users   [  35% ] 1445/1445 VUs  3m10.7s/9m00.0s

running (3m11.7s), 1445/1445 VUs, 36930 complete and 0 interrupted iterations
users   [  36% ] 1445/1445 VUs  3m11.7s/9m00.0s

running (3m12.7s), 1445/1445 VUs, 37224 complete and 0 interrupted iterations
users   [  36% ] 1445/1445 VUs  3m12.7s/9m00.0s

running (3m13.7s), 1445/1445 VUs, 37481 complete and 0 interrupted iterations
users   [  36% ] 1445/1445 VUs  3m13.7s/9m00.0s

running (3m14.7s), 1445/1445 VUs, 37778 complete and 0 interrupted iterations
users   [  36% ] 1445/1445 VUs  3m14.7s/9m00.0s

running (3m15.7s), 1445/1445 VUs, 38059 complete and 0 interrupted iterations
users   [  36% ] 1445/1445 VUs  3m15.7s/9m00.0s

running (3m16.7s), 1445/1445 VUs, 38358 complete and 0 interrupted iterations
users   [  36% ] 1445/1445 VUs  3m16.7s/9m00.0s

running (3m17.7s), 1445/1445 VUs, 38652 complete and 0 interrupted iterations
users   [  37% ] 1445/1445 VUs  3m17.7s/9m00.0s

running (3m18.7s), 1445/1445 VUs, 38911 complete and 0 interrupted iterations
users   [  37% ] 1445/1445 VUs  3m18.7s/9m00.0s

running (3m19.7s), 1445/1445 VUs, 39204 complete and 0 interrupted iterations
users   [  37% ] 1445/1445 VUs  3m19.7s/9m00.0s

running (3m20.7s), 1445/1445 VUs, 39490 complete and 0 interrupted iterations
users   [  37% ] 1445/1445 VUs  3m20.7s/9m00.0s

running (3m21.7s), 1445/1445 VUs, 39785 complete and 0 interrupted iterations
users   [  37% ] 1445/1445 VUs  3m21.7s/9m00.0s

running (3m22.7s), 1445/1445 VUs, 40078 complete and 0 interrupted iterations
users   [  38% ] 1445/1445 VUs  3m22.7s/9m00.0s

running (3m23.7s), 1445/1445 VUs, 40346 complete and 0 interrupted iterations
users   [  38% ] 1445/1445 VUs  3m23.7s/9m00.0s

running (3m24.7s), 1445/1445 VUs, 40641 complete and 0 interrupted iterations
users   [  38% ] 1445/1445 VUs  3m24.7s/9m00.0s

running (3m25.7s), 1445/1445 VUs, 40924 complete and 0 interrupted iterations
users   [  38% ] 1445/1445 VUs  3m25.7s/9m00.0s

running (3m26.7s), 1445/1445 VUs, 41221 complete and 0 interrupted iterations
users   [  38% ] 1445/1445 VUs  3m26.7s/9m00.0s

running (3m27.7s), 1445/1445 VUs, 41508 complete and 0 interrupted iterations
users   [  38% ] 1445/1445 VUs  3m27.7s/9m00.0s

running (3m28.7s), 1445/1445 VUs, 41775 complete and 0 interrupted iterations
users   [  39% ] 1445/1445 VUs  3m28.7s/9m00.0s

running (3m29.7s), 1445/1445 VUs, 42072 complete and 0 interrupted iterations
users   [  39% ] 1445/1445 VUs  3m29.7s/9m00.0s

running (3m30.7s), 1445/1445 VUs, 42352 complete and 0 interrupted iterations
users   [  39% ] 1445/1445 VUs  3m30.7s/9m00.0s

running (3m31.7s), 1445/1445 VUs, 42649 complete and 0 interrupted iterations
users   [  39% ] 1445/1445 VUs  3m31.7s/9m00.0s

running (3m32.7s), 1445/1445 VUs, 42935 complete and 0 interrupted iterations
users   [  39% ] 1445/1445 VUs  3m32.7s/9m00.0s

running (3m33.7s), 1445/1445 VUs, 43207 complete and 0 interrupted iterations
users   [  40% ] 1445/1445 VUs  3m33.7s/9m00.0s

running (3m34.7s), 1445/1445 VUs, 43493 complete and 0 interrupted iterations
users   [  40% ] 1445/1445 VUs  3m34.7s/9m00.0s

running (3m35.7s), 1445/1445 VUs, 43773 complete and 0 interrupted iterations
users   [  40% ] 1445/1445 VUs  3m35.7s/9m00.0s

running (3m36.7s), 1445/1445 VUs, 44074 complete and 0 interrupted iterations
users   [  40% ] 1445/1445 VUs  3m36.7s/9m00.0s

running (3m37.7s), 1445/1445 VUs, 44367 complete and 0 interrupted iterations
users   [  40% ] 1445/1445 VUs  3m37.7s/9m00.0s

running (3m38.7s), 1445/1445 VUs, 44636 complete and 0 interrupted iterations
users   [  41% ] 1445/1445 VUs  3m38.7s/9m00.0s

running (3m39.7s), 1445/1445 VUs, 44918 complete and 0 interrupted iterations
users   [  41% ] 1445/1445 VUs  3m39.7s/9m00.0s

running (3m40.7s), 1445/1445 VUs, 45194 complete and 0 interrupted iterations
users   [  41% ] 1445/1445 VUs  3m40.7s/9m00.0s

running (3m41.7s), 1445/1445 VUs, 45503 complete and 0 interrupted iterations
users   [  41% ] 1445/1445 VUs  3m41.7s/9m00.0s

running (3m42.7s), 1445/1445 VUs, 45797 complete and 0 interrupted iterations
users   [  41% ] 1445/1445 VUs  3m42.7s/9m00.0s

running (3m43.7s), 1445/1445 VUs, 46064 complete and 0 interrupted iterations
users   [  41% ] 1445/1445 VUs  3m43.7s/9m00.0s

running (3m44.7s), 1445/1445 VUs, 46341 complete and 0 interrupted iterations
users   [  42% ] 1445/1445 VUs  3m44.7s/9m00.0s

running (3m45.7s), 1445/1445 VUs, 46610 complete and 0 interrupted iterations
users   [  42% ] 1445/1445 VUs  3m45.7s/9m00.0s

running (3m46.7s), 1445/1445 VUs, 46917 complete and 0 interrupted iterations
users   [  42% ] 1445/1445 VUs  3m46.7s/9m00.0s

running (3m47.7s), 1445/1445 VUs, 47222 complete and 0 interrupted iterations
users   [  42% ] 1445/1445 VUs  3m47.7s/9m00.0s

running (3m48.7s), 1445/1445 VUs, 47489 complete and 0 interrupted iterations
users   [  42% ] 1445/1445 VUs  3m48.7s/9m00.0s

running (3m49.7s), 1445/1445 VUs, 47763 complete and 0 interrupted iterations
users   [  43% ] 1445/1445 VUs  3m49.7s/9m00.0s

running (3m50.7s), 1445/1445 VUs, 48034 complete and 0 interrupted iterations
users   [  43% ] 1445/1445 VUs  3m50.7s/9m00.0s

running (3m51.7s), 1445/1445 VUs, 48345 complete and 0 interrupted iterations
users   [  43% ] 1445/1445 VUs  3m51.7s/9m00.0s

running (3m52.7s), 1445/1445 VUs, 48651 complete and 0 interrupted iterations
users   [  43% ] 1445/1445 VUs  3m52.7s/9m00.0s

running (3m53.7s), 1445/1445 VUs, 48924 complete and 0 interrupted iterations
users   [  43% ] 1445/1445 VUs  3m53.7s/9m00.0s

running (3m54.7s), 1445/1445 VUs, 49193 complete and 0 interrupted iterations
users   [  43% ] 1445/1445 VUs  3m54.7s/9m00.0s

running (3m55.7s), 1445/1445 VUs, 49466 complete and 0 interrupted iterations
users   [  44% ] 1445/1445 VUs  3m55.7s/9m00.0s

running (3m56.7s), 1445/1445 VUs, 49778 complete and 0 interrupted iterations
users   [  44% ] 1445/1445 VUs  3m56.7s/9m00.0s

running (3m57.7s), 1445/1445 VUs, 50084 complete and 0 interrupted iterations
users   [  44% ] 1445/1445 VUs  3m57.7s/9m00.0s

running (3m58.7s), 1445/1445 VUs, 50353 complete and 0 interrupted iterations
users   [  44% ] 1445/1445 VUs  3m58.7s/9m00.0s

running (3m59.7s), 1445/1445 VUs, 50614 complete and 0 interrupted iterations
users   [  44% ] 1445/1445 VUs  3m59.7s/9m00.0s

running (4m00.7s), 1445/1445 VUs, 50894 complete and 0 interrupted iterations
users   [  45% ] 1445/1445 VUs  4m00.7s/9m00.0s

running (4m01.7s), 1445/1445 VUs, 51206 complete and 0 interrupted iterations
users   [  45% ] 1445/1445 VUs  4m01.7s/9m00.0s

running (4m02.7s), 1445/1445 VUs, 51515 complete and 0 interrupted iterations
users   [  45% ] 1445/1445 VUs  4m02.7s/9m00.0s

running (4m03.7s), 1445/1445 VUs, 51787 complete and 0 interrupted iterations
users   [  45% ] 1445/1445 VUs  4m03.7s/9m00.0s

running (4m04.7s), 1445/1445 VUs, 52043 complete and 0 interrupted iterations
users   [  45% ] 1445/1445 VUs  4m04.7s/9m00.0s

running (4m05.7s), 1445/1445 VUs, 52326 complete and 0 interrupted iterations
users   [  46% ] 1445/1445 VUs  4m05.7s/9m00.0s

running (4m06.7s), 1445/1445 VUs, 52633 complete and 0 interrupted iterations
users   [  46% ] 1445/1445 VUs  4m06.7s/9m00.0s

running (4m07.7s), 1445/1445 VUs, 52938 complete and 0 interrupted iterations
users   [  46% ] 1445/1445 VUs  4m07.7s/9m00.0s

running (4m08.7s), 1445/1445 VUs, 53213 complete and 0 interrupted iterations
users   [  46% ] 1445/1445 VUs  4m08.7s/9m00.0s

running (4m09.7s), 1445/1445 VUs, 53473 complete and 0 interrupted iterations
users   [  46% ] 1445/1445 VUs  4m09.7s/9m00.0s

running (4m10.7s), 1445/1445 VUs, 53756 complete and 0 interrupted iterations
users   [  46% ] 1445/1445 VUs  4m10.7s/9m00.0s

running (4m11.7s), 1445/1445 VUs, 54060 complete and 0 interrupted iterations
users   [  47% ] 1445/1445 VUs  4m11.7s/9m00.0s

running (4m12.7s), 1445/1445 VUs, 54366 complete and 0 interrupted iterations
users   [  47% ] 1445/1445 VUs  4m12.7s/9m00.0s

running (4m13.7s), 1445/1445 VUs, 54644 complete and 0 interrupted iterations
users   [  47% ] 1445/1445 VUs  4m13.7s/9m00.0s

running (4m14.7s), 1445/1445 VUs, 54912 complete and 0 interrupted iterations
users   [  47% ] 1445/1445 VUs  4m14.7s/9m00.0s

running (4m15.7s), 1445/1445 VUs, 55192 complete and 0 interrupted iterations
users   [  47% ] 1445/1445 VUs  4m15.7s/9m00.0s

running (4m16.7s), 1445/1445 VUs, 55496 complete and 0 interrupted iterations
users   [  48% ] 1445/1445 VUs  4m16.7s/9m00.0s

running (4m17.7s), 1445/1445 VUs, 55796 complete and 0 interrupted iterations
users   [  48% ] 1445/1445 VUs  4m17.7s/9m00.0s

running (4m18.7s), 1445/1445 VUs, 56072 complete and 0 interrupted iterations
users   [  48% ] 1445/1445 VUs  4m18.7s/9m00.0s

running (4m19.7s), 1445/1445 VUs, 56339 complete and 0 interrupted iterations
users   [  48% ] 1445/1445 VUs  4m19.7s/9m00.0s

running (4m20.7s), 1445/1445 VUs, 56614 complete and 0 interrupted iterations
users   [  48% ] 1445/1445 VUs  4m20.7s/9m00.0s

running (4m21.7s), 1445/1445 VUs, 56922 complete and 0 interrupted iterations
users   [  48% ] 1445/1445 VUs  4m21.7s/9m00.0s

running (4m22.7s), 1445/1445 VUs, 57223 complete and 0 interrupted iterations
users   [  49% ] 1445/1445 VUs  4m22.7s/9m00.0s

running (4m23.7s), 1445/1445 VUs, 57492 complete and 0 interrupted iterations
users   [  49% ] 1445/1445 VUs  4m23.7s/9m00.0s

running (4m24.7s), 1445/1445 VUs, 57765 complete and 0 interrupted iterations
users   [  49% ] 1445/1445 VUs  4m24.7s/9m00.0s

running (4m25.7s), 1445/1445 VUs, 58042 complete and 0 interrupted iterations
users   [  49% ] 1445/1445 VUs  4m25.7s/9m00.0s

running (4m26.7s), 1445/1445 VUs, 58352 complete and 0 interrupted iterations
users   [  49% ] 1445/1445 VUs  4m26.7s/9m00.0s

running (4m27.7s), 1445/1445 VUs, 58650 complete and 0 interrupted iterations
users   [  50% ] 1445/1445 VUs  4m27.7s/9m00.0s

running (4m28.7s), 1445/1445 VUs, 58922 complete and 0 interrupted iterations
users   [  50% ] 1445/1445 VUs  4m28.7s/9m00.0s

running (4m29.7s), 1445/1445 VUs, 59200 complete and 0 interrupted iterations
users   [  50% ] 1445/1445 VUs  4m29.7s/9m00.0s

running (4m30.7s), 1445/1445 VUs, 59471 complete and 0 interrupted iterations
users   [  50% ] 1445/1445 VUs  4m30.7s/9m00.0s

running (4m31.7s), 1445/1445 VUs, 59781 complete and 0 interrupted iterations
users   [  50% ] 1445/1445 VUs  4m31.7s/9m00.0s

running (4m32.7s), 1445/1445 VUs, 60077 complete and 0 interrupted iterations
users   [  51% ] 1445/1445 VUs  4m32.7s/9m00.0s

running (4m33.7s), 1445/1445 VUs, 60354 complete and 0 interrupted iterations
users   [  51% ] 1445/1445 VUs  4m33.7s/9m00.0s

running (4m34.7s), 1445/1445 VUs, 60627 complete and 0 interrupted iterations
users   [  51% ] 1445/1445 VUs  4m34.7s/9m00.0s

running (4m35.7s), 1445/1445 VUs, 60898 complete and 0 interrupted iterations
users   [  51% ] 1445/1445 VUs  4m35.7s/9m00.0s

running (4m36.7s), 1445/1445 VUs, 61197 complete and 0 interrupted iterations
users   [  51% ] 1445/1445 VUs  4m36.7s/9m00.0s

running (4m37.7s), 1445/1445 VUs, 61506 complete and 0 interrupted iterations
users   [  51% ] 1445/1445 VUs  4m37.7s/9m00.0s

running (4m38.7s), 1445/1445 VUs, 61776 complete and 0 interrupted iterations
users   [  52% ] 1445/1445 VUs  4m38.7s/9m00.0s

running (4m39.7s), 1445/1445 VUs, 62060 complete and 0 interrupted iterations
users   [  52% ] 1445/1445 VUs  4m39.7s/9m00.0s

running (4m40.7s), 1445/1445 VUs, 62334 complete and 0 interrupted iterations
users   [  52% ] 1445/1445 VUs  4m40.7s/9m00.0s

running (4m41.7s), 1445/1445 VUs, 62632 complete and 0 interrupted iterations
users   [  52% ] 1445/1445 VUs  4m41.7s/9m00.0s

running (4m42.7s), 1445/1445 VUs, 62941 complete and 0 interrupted iterations
users   [  52% ] 1445/1445 VUs  4m42.7s/9m00.0s

running (4m43.7s), 1445/1445 VUs, 63210 complete and 0 interrupted iterations
users   [  53% ] 1445/1445 VUs  4m43.7s/9m00.0s

running (4m44.7s), 1445/1445 VUs, 63490 complete and 0 interrupted iterations
users   [  53% ] 1445/1445 VUs  4m44.7s/9m00.0s

running (4m45.7s), 1445/1445 VUs, 63762 complete and 0 interrupted iterations
users   [  53% ] 1445/1445 VUs  4m45.7s/9m00.0s

running (4m46.7s), 1445/1445 VUs, 64058 complete and 0 interrupted iterations
users   [  53% ] 1445/1445 VUs  4m46.7s/9m00.0s

running (4m47.7s), 1445/1445 VUs, 64373 complete and 0 interrupted iterations
users   [  53% ] 1445/1445 VUs  4m47.7s/9m00.0s

running (4m48.7s), 1445/1445 VUs, 64643 complete and 0 interrupted iterations
users   [  53% ] 1445/1445 VUs  4m48.7s/9m00.0s

running (4m49.7s), 1445/1445 VUs, 64917 complete and 0 interrupted iterations
users   [  54% ] 1445/1445 VUs  4m49.7s/9m00.0s

running (4m50.7s), 1445/1445 VUs, 65189 complete and 0 interrupted iterations
users   [  54% ] 1445/1445 VUs  4m50.7s/9m00.0s

running (4m51.7s), 1445/1445 VUs, 65481 complete and 0 interrupted iterations
users   [  54% ] 1445/1445 VUs  4m51.7s/9m00.0s

running (4m52.7s), 1445/1445 VUs, 65798 complete and 0 interrupted iterations
users   [  54% ] 1445/1445 VUs  4m52.7s/9m00.0s

running (4m53.7s), 1445/1445 VUs, 66070 complete and 0 interrupted iterations
users   [  54% ] 1445/1445 VUs  4m53.7s/9m00.0s

running (4m54.7s), 1445/1445 VUs, 66343 complete and 0 interrupted iterations
users   [  55% ] 1445/1445 VUs  4m54.7s/9m00.0s

running (4m55.7s), 1445/1445 VUs, 66613 complete and 0 interrupted iterations
users   [  55% ] 1445/1445 VUs  4m55.7s/9m00.0s

running (4m56.7s), 1445/1445 VUs, 66905 complete and 0 interrupted iterations
users   [  55% ] 1445/1445 VUs  4m56.7s/9m00.0s

running (4m57.7s), 1445/1445 VUs, 67229 complete and 0 interrupted iterations
users   [  55% ] 1445/1445 VUs  4m57.7s/9m00.0s

running (4m58.7s), 1445/1445 VUs, 67501 complete and 0 interrupted iterations
users   [  55% ] 1445/1445 VUs  4m58.7s/9m00.0s

running (4m59.7s), 1445/1445 VUs, 67774 complete and 0 interrupted iterations
users   [  56% ] 1445/1445 VUs  4m59.7s/9m00.0s

running (5m00.7s), 1445/1445 VUs, 68040 complete and 0 interrupted iterations
users   [  56% ] 1445/1445 VUs  5m00.7s/9m00.0s

running (5m01.7s), 1445/1445 VUs, 68335 complete and 0 interrupted iterations
users   [  56% ] 1445/1445 VUs  5m01.7s/9m00.0s

running (5m02.7s), 1445/1445 VUs, 68660 complete and 0 interrupted iterations
users   [  56% ] 1445/1445 VUs  5m02.7s/9m00.0s

running (5m03.7s), 1445/1445 VUs, 68933 complete and 0 interrupted iterations
users   [  56% ] 1445/1445 VUs  5m03.7s/9m00.0s

running (5m04.7s), 1445/1445 VUs, 69211 complete and 0 interrupted iterations
users   [  56% ] 1445/1445 VUs  5m04.7s/9m00.0s

running (5m05.7s), 1445/1445 VUs, 69476 complete and 0 interrupted iterations
users   [  57% ] 1445/1445 VUs  5m05.7s/9m00.0s

running (5m06.7s), 1445/1445 VUs, 69759 complete and 0 interrupted iterations
users   [  57% ] 1445/1445 VUs  5m06.7s/9m00.0s

running (5m07.7s), 1445/1445 VUs, 70082 complete and 0 interrupted iterations
users   [  57% ] 1445/1445 VUs  5m07.7s/9m00.0s

running (5m08.7s), 1445/1445 VUs, 70362 complete and 0 interrupted iterations
users   [  57% ] 1445/1445 VUs  5m08.7s/9m00.0s

running (5m09.7s), 1445/1445 VUs, 70640 complete and 0 interrupted iterations
users   [  57% ] 1445/1445 VUs  5m09.7s/9m00.0s

running (5m10.7s), 1445/1445 VUs, 70901 complete and 0 interrupted iterations
users   [  58% ] 1445/1445 VUs  5m10.7s/9m00.0s

running (5m11.7s), 1445/1445 VUs, 71189 complete and 0 interrupted iterations
users   [  58% ] 1445/1445 VUs  5m11.7s/9m00.0s

running (5m12.7s), 1445/1445 VUs, 71513 complete and 0 interrupted iterations
users   [  58% ] 1445/1445 VUs  5m12.7s/9m00.0s

running (5m13.7s), 1445/1445 VUs, 71787 complete and 0 interrupted iterations
users   [  58% ] 1445/1445 VUs  5m13.7s/9m00.0s

running (5m14.7s), 1445/1445 VUs, 72062 complete and 0 interrupted iterations
users   [  58% ] 1445/1445 VUs  5m14.7s/9m00.0s

running (5m15.7s), 1445/1445 VUs, 72327 complete and 0 interrupted iterations
users   [  58% ] 1445/1445 VUs  5m15.7s/9m00.0s

running (5m16.7s), 1445/1445 VUs, 72622 complete and 0 interrupted iterations
users   [  59% ] 1445/1445 VUs  5m16.7s/9m00.0s

running (5m17.7s), 1445/1445 VUs, 72943 complete and 0 interrupted iterations
users   [  59% ] 1445/1445 VUs  5m17.7s/9m00.0s

running (5m18.7s), 1445/1445 VUs, 73222 complete and 0 interrupted iterations
users   [  59% ] 1445/1445 VUs  5m18.7s/9m00.0s

running (5m19.7s), 1445/1445 VUs, 73490 complete and 0 interrupted iterations
users   [  59% ] 1445/1445 VUs  5m19.7s/9m00.0s

running (5m20.7s), 1445/1445 VUs, 73757 complete and 0 interrupted iterations
users   [  59% ] 1445/1445 VUs  5m20.7s/9m00.0s

running (5m21.7s), 1445/1445 VUs, 74052 complete and 0 interrupted iterations
users   [  60% ] 1445/1445 VUs  5m21.7s/9m00.0s

running (5m22.7s), 1445/1445 VUs, 74376 complete and 0 interrupted iterations
users   [  60% ] 1445/1445 VUs  5m22.7s/9m00.0s

running (5m23.7s), 1445/1445 VUs, 74649 complete and 0 interrupted iterations
users   [  60% ] 1445/1445 VUs  5m23.7s/9m00.0s

running (5m24.7s), 1445/1445 VUs, 74918 complete and 0 interrupted iterations
users   [  60% ] 1445/1445 VUs  5m24.7s/9m00.0s

running (5m25.7s), 1445/1445 VUs, 75187 complete and 0 interrupted iterations
users   [  60% ] 1445/1445 VUs  5m25.7s/9m00.0s

running (5m26.7s), 1445/1445 VUs, 75480 complete and 0 interrupted iterations
users   [  61% ] 1445/1445 VUs  5m26.7s/9m00.0s

running (5m27.7s), 1445/1445 VUs, 75803 complete and 0 interrupted iterations
users   [  61% ] 1445/1445 VUs  5m27.7s/9m00.0s

running (5m28.7s), 1445/1445 VUs, 76080 complete and 0 interrupted iterations
users   [  61% ] 1445/1445 VUs  5m28.7s/9m00.0s

running (5m29.7s), 1445/1445 VUs, 76351 complete and 0 interrupted iterations
users   [  61% ] 1445/1445 VUs  5m29.7s/9m00.0s

running (5m30.7s), 1445/1445 VUs, 76614 complete and 0 interrupted iterations
users   [  61% ] 1445/1445 VUs  5m30.7s/9m00.0s

running (5m31.7s), 1445/1445 VUs, 76913 complete and 0 interrupted iterations
users   [  61% ] 1445/1445 VUs  5m31.7s/9m00.0s

running (5m32.7s), 1445/1445 VUs, 77230 complete and 0 interrupted iterations
users   [  62% ] 1445/1445 VUs  5m32.7s/9m00.0s

running (5m33.7s), 1445/1445 VUs, 77507 complete and 0 interrupted iterations
users   [  62% ] 1445/1445 VUs  5m33.7s/9m00.0s

running (5m34.7s), 1445/1445 VUs, 77778 complete and 0 interrupted iterations
users   [  62% ] 1445/1445 VUs  5m34.7s/9m00.0s

running (5m35.7s), 1445/1445 VUs, 78044 complete and 0 interrupted iterations
users   [  62% ] 1445/1445 VUs  5m35.7s/9m00.0s

running (5m36.7s), 1445/1445 VUs, 78343 complete and 0 interrupted iterations
users   [  62% ] 1445/1445 VUs  5m36.7s/9m00.0s

running (5m37.7s), 1445/1445 VUs, 78651 complete and 0 interrupted iterations
users   [  63% ] 1445/1445 VUs  5m37.7s/9m00.0s

running (5m38.7s), 1445/1445 VUs, 78931 complete and 0 interrupted iterations
users   [  63% ] 1445/1445 VUs  5m38.7s/9m00.0s

running (5m39.7s), 1445/1445 VUs, 79209 complete and 0 interrupted iterations
users   [  63% ] 1445/1445 VUs  5m39.7s/9m00.0s

running (5m40.7s), 1445/1445 VUs, 79473 complete and 0 interrupted iterations
users   [  63% ] 1445/1445 VUs  5m40.7s/9m00.0s

running (5m41.7s), 1445/1445 VUs, 79761 complete and 0 interrupted iterations
users   [  63% ] 1445/1445 VUs  5m41.7s/9m00.0s

running (5m42.7s), 1445/1445 VUs, 80073 complete and 0 interrupted iterations
users   [  63% ] 1445/1445 VUs  5m42.7s/9m00.0s

running (5m43.7s), 1445/1445 VUs, 80368 complete and 0 interrupted iterations
users   [  64% ] 1445/1445 VUs  5m43.7s/9m00.0s

running (5m44.7s), 1445/1445 VUs, 80635 complete and 0 interrupted iterations
users   [  64% ] 1445/1445 VUs  5m44.7s/9m00.0s

running (5m45.7s), 1445/1445 VUs, 80900 complete and 0 interrupted iterations
users   [  64% ] 1445/1445 VUs  5m45.7s/9m00.0s

running (5m46.7s), 1445/1445 VUs, 81187 complete and 0 interrupted iterations
users   [  64% ] 1445/1445 VUs  5m46.7s/9m00.0s

running (5m47.7s), 1445/1445 VUs, 81495 complete and 0 interrupted iterations
users   [  64% ] 1445/1445 VUs  5m47.7s/9m00.0s

running (5m48.7s), 1445/1445 VUs, 81796 complete and 0 interrupted iterations
users   [  65% ] 1445/1445 VUs  5m48.7s/9m00.0s

running (5m49.7s), 1445/1445 VUs, 82066 complete and 0 interrupted iterations
users   [  65% ] 1445/1445 VUs  5m49.7s/9m00.0s

running (5m50.7s), 1445/1445 VUs, 82327 complete and 0 interrupted iterations
users   [  65% ] 1445/1445 VUs  5m50.7s/9m00.0s

running (5m51.7s), 1445/1445 VUs, 82614 complete and 0 interrupted iterations
users   [  65% ] 1445/1445 VUs  5m51.7s/9m00.0s

running (5m52.7s), 1445/1445 VUs, 82925 complete and 0 interrupted iterations
users   [  65% ] 1445/1445 VUs  5m52.7s/9m00.0s

running (5m53.7s), 1445/1445 VUs, 83221 complete and 0 interrupted iterations
users   [  66% ] 1445/1445 VUs  5m53.7s/9m00.0s

running (5m54.7s), 1445/1445 VUs, 83500 complete and 0 interrupted iterations
users   [  66% ] 1445/1445 VUs  5m54.7s/9m00.0s

running (5m55.7s), 1445/1445 VUs, 83754 complete and 0 interrupted iterations
users   [  66% ] 1445/1445 VUs  5m55.7s/9m00.0s

running (5m56.7s), 1445/1445 VUs, 84040 complete and 0 interrupted iterations
users   [  66% ] 1445/1445 VUs  5m56.7s/9m00.0s

running (5m57.7s), 1445/1445 VUs, 84358 complete and 0 interrupted iterations
users   [  66% ] 1445/1445 VUs  5m57.7s/9m00.0s

running (5m58.7s), 1445/1445 VUs, 84656 complete and 0 interrupted iterations
users   [  66% ] 1445/1445 VUs  5m58.7s/9m00.0s

running (5m59.7s), 1445/1445 VUs, 84933 complete and 0 interrupted iterations
users   [  67% ] 1445/1445 VUs  5m59.7s/9m00.0s

running (6m00.7s), 1445/1445 VUs, 85187 complete and 0 interrupted iterations
users   [  67% ] 1445/1445 VUs  6m00.7s/9m00.0s

running (6m01.7s), 1445/1445 VUs, 85466 complete and 0 interrupted iterations
users   [  67% ] 1445/1445 VUs  6m01.7s/9m00.0s

running (6m02.7s), 1445/1445 VUs, 85787 complete and 0 interrupted iterations
users   [  67% ] 1445/1445 VUs  6m02.7s/9m00.0s

running (6m03.7s), 1445/1445 VUs, 86084 complete and 0 interrupted iterations
users   [  67% ] 1445/1445 VUs  6m03.7s/9m00.0s

running (6m04.7s), 1445/1445 VUs, 86360 complete and 0 interrupted iterations
users   [  68% ] 1445/1445 VUs  6m04.7s/9m00.0s

running (6m05.7s), 1445/1445 VUs, 86613 complete and 0 interrupted iterations
users   [  68% ] 1445/1445 VUs  6m05.7s/9m00.0s

running (6m06.7s), 1445/1445 VUs, 86895 complete and 0 interrupted iterations
users   [  68% ] 1445/1445 VUs  6m06.7s/9m00.0s

running (6m07.7s), 1445/1445 VUs, 87214 complete and 0 interrupted iterations
users   [  68% ] 1445/1445 VUs  6m07.7s/9m00.0s

running (6m08.7s), 1445/1445 VUs, 87515 complete and 0 interrupted iterations
users   [  68% ] 1445/1445 VUs  6m08.7s/9m00.0s

running (6m09.7s), 1445/1445 VUs, 87789 complete and 0 interrupted iterations
users   [  68% ] 1445/1445 VUs  6m09.7s/9m00.0s

running (6m10.7s), 1445/1445 VUs, 88039 complete and 0 interrupted iterations
users   [  69% ] 1445/1445 VUs  6m10.7s/9m00.0s

running (6m11.7s), 1445/1445 VUs, 88327 complete and 0 interrupted iterations
users   [  69% ] 1445/1445 VUs  6m11.7s/9m00.0s

running (6m12.7s), 1445/1445 VUs, 88645 complete and 0 interrupted iterations
users   [  69% ] 1445/1445 VUs  6m12.7s/9m00.0s

running (6m13.7s), 1445/1445 VUs, 88944 complete and 0 interrupted iterations
users   [  69% ] 1445/1445 VUs  6m13.7s/9m00.0s

running (6m14.7s), 1445/1445 VUs, 89214 complete and 0 interrupted iterations
users   [  69% ] 1445/1445 VUs  6m14.7s/9m00.0s

running (6m15.7s), 1445/1445 VUs, 89471 complete and 0 interrupted iterations
users   [  70% ] 1445/1445 VUs  6m15.7s/9m00.0s

running (6m16.7s), 1445/1445 VUs, 89759 complete and 0 interrupted iterations
users   [  70% ] 1445/1445 VUs  6m16.7s/9m00.0s

running (6m17.7s), 1445/1445 VUs, 90073 complete and 0 interrupted iterations
users   [  70% ] 1445/1445 VUs  6m17.7s/9m00.0s

running (6m18.7s), 1445/1445 VUs, 90375 complete and 0 interrupted iterations
users   [  70% ] 1445/1445 VUs  6m18.7s/9m00.0s

running (6m19.7s), 1445/1445 VUs, 90646 complete and 0 interrupted iterations
users   [  70% ] 1445/1445 VUs  6m19.7s/9m00.0s

running (6m20.7s), 1445/1445 VUs, 90906 complete and 0 interrupted iterations
users   [  71% ] 1445/1445 VUs  6m20.7s/9m00.0s

running (6m21.7s), 1445/1445 VUs, 91184 complete and 0 interrupted iterations
users   [  71% ] 1445/1445 VUs  6m21.7s/9m00.0s

running (6m22.7s), 1445/1445 VUs, 91267 complete and 0 interrupted iterations
users   [  71% ] 1445/1445 VUs  6m22.7s/9m00.0s

running (6m23.7s), 1445/1445 VUs, 91470 complete and 0 interrupted iterations
users   [  71% ] 1445/1445 VUs  6m23.7s/9m00.0s

running (6m24.7s), 1445/1445 VUs, 91683 complete and 0 interrupted iterations
users   [  71% ] 1445/1445 VUs  6m24.7s/9m00.0s

running (6m25.7s), 1445/1445 VUs, 91899 complete and 0 interrupted iterations
users   [  71% ] 1445/1445 VUs  6m25.7s/9m00.0s

running (6m26.7s), 1445/1445 VUs, 92116 complete and 0 interrupted iterations
users   [  72% ] 1445/1445 VUs  6m26.7s/9m00.0s

running (6m27.7s), 1445/1445 VUs, 92316 complete and 0 interrupted iterations
users   [  72% ] 1445/1445 VUs  6m27.7s/9m00.0s

running (6m28.7s), 1445/1445 VUs, 92515 complete and 0 interrupted iterations
users   [  72% ] 1445/1445 VUs  6m28.7s/9m00.0s

running (6m29.7s), 1445/1445 VUs, 92713 complete and 0 interrupted iterations
users   [  72% ] 1445/1445 VUs  6m29.7s/9m00.0s

running (6m30.7s), 1445/1445 VUs, 92932 complete and 0 interrupted iterations
users   [  72% ] 1445/1445 VUs  6m30.7s/9m00.0s

running (6m31.7s), 1445/1445 VUs, 93150 complete and 0 interrupted iterations
users   [  73% ] 1445/1445 VUs  6m31.7s/9m00.0s

running (6m32.7s), 1445/1445 VUs, 93363 complete and 0 interrupted iterations
users   [  73% ] 1445/1445 VUs  6m32.7s/9m00.0s

running (6m33.7s), 1445/1445 VUs, 93571 complete and 0 interrupted iterations
users   [  73% ] 1445/1445 VUs  6m33.7s/9m00.0s

running (6m34.7s), 1445/1445 VUs, 93721 complete and 0 interrupted iterations
users   [  73% ] 1445/1445 VUs  6m34.7s/9m00.0s

running (6m35.7s), 1445/1445 VUs, 93929 complete and 0 interrupted iterations
users   [  73% ] 1445/1445 VUs  6m35.7s/9m00.0s

running (6m36.7s), 1445/1445 VUs, 94141 complete and 0 interrupted iterations
users   [  73% ] 1445/1445 VUs  6m36.7s/9m00.0s

running (6m37.7s), 1445/1445 VUs, 94349 complete and 0 interrupted iterations
users   [  74% ] 1445/1445 VUs  6m37.7s/9m00.0s

running (6m38.7s), 1445/1445 VUs, 94564 complete and 0 interrupted iterations
users   [  74% ] 1445/1445 VUs  6m38.7s/9m00.0s

running (6m39.7s), 1445/1445 VUs, 94772 complete and 0 interrupted iterations
users   [  74% ] 1445/1445 VUs  6m39.7s/9m00.0s

running (6m40.7s), 1445/1445 VUs, 94995 complete and 0 interrupted iterations
users   [  74% ] 1445/1445 VUs  6m40.7s/9m00.0s

running (6m41.7s), 1445/1445 VUs, 95211 complete and 0 interrupted iterations
users   [  74% ] 1445/1445 VUs  6m41.7s/9m00.0s

running (6m42.7s), 1445/1445 VUs, 95389 complete and 0 interrupted iterations
users   [  75% ] 1445/1445 VUs  6m42.7s/9m00.0s

running (6m43.7s), 1445/1445 VUs, 95597 complete and 0 interrupted iterations
users   [  75% ] 1445/1445 VUs  6m43.7s/9m00.0s

running (6m44.7s), 1445/1445 VUs, 95779 complete and 0 interrupted iterations
users   [  75% ] 1445/1445 VUs  6m44.7s/9m00.0s

running (6m45.7s), 1445/1445 VUs, 95983 complete and 0 interrupted iterations
users   [  75% ] 1445/1445 VUs  6m45.7s/9m00.0s

running (6m46.7s), 1445/1445 VUs, 96199 complete and 0 interrupted iterations
users   [  75% ] 1445/1445 VUs  6m46.7s/9m00.0s

running (6m47.7s), 1445/1445 VUs, 96417 complete and 0 interrupted iterations
users   [  76% ] 1445/1445 VUs  6m47.7s/9m00.0s

running (6m48.7s), 1445/1445 VUs, 96634 complete and 0 interrupted iterations
users   [  76% ] 1445/1445 VUs  6m48.7s/9m00.0s

running (6m49.7s), 1445/1445 VUs, 96849 complete and 0 interrupted iterations
users   [  76% ] 1445/1445 VUs  6m49.7s/9m00.0s

running (6m50.7s), 1445/1445 VUs, 97063 complete and 0 interrupted iterations
users   [  76% ] 1445/1445 VUs  6m50.7s/9m00.0s

running (6m51.7s), 1445/1445 VUs, 97269 complete and 0 interrupted iterations
users   [  76% ] 1445/1445 VUs  6m51.7s/9m00.0s

running (6m52.7s), 1445/1445 VUs, 97466 complete and 0 interrupted iterations
users   [  76% ] 1445/1445 VUs  6m52.7s/9m00.0s

running (6m53.7s), 1445/1445 VUs, 97633 complete and 0 interrupted iterations
users   [  77% ] 1445/1445 VUs  6m53.7s/9m00.0s

running (6m54.7s), 1445/1445 VUs, 97832 complete and 0 interrupted iterations
users   [  77% ] 1445/1445 VUs  6m54.7s/9m00.0s

running (6m55.7s), 1445/1445 VUs, 98048 complete and 0 interrupted iterations
users   [  77% ] 1445/1445 VUs  6m55.7s/9m00.0s

running (6m56.7s), 1445/1445 VUs, 98264 complete and 0 interrupted iterations
users   [  77% ] 1445/1445 VUs  6m56.7s/9m00.0s

running (6m57.7s), 1445/1445 VUs, 98465 complete and 0 interrupted iterations
users   [  77% ] 1445/1445 VUs  6m57.7s/9m00.0s

running (6m58.7s), 1445/1445 VUs, 98639 complete and 0 interrupted iterations
users   [  78% ] 1445/1445 VUs  6m58.7s/9m00.0s

running (6m59.7s), 1445/1445 VUs, 98849 complete and 0 interrupted iterations
users   [  78% ] 1445/1445 VUs  6m59.7s/9m00.0s

running (7m00.7s), 1445/1445 VUs, 99065 complete and 0 interrupted iterations
users   [  78% ] 1445/1445 VUs  7m00.7s/9m00.0s

running (7m01.7s), 1442/1445 VUs, 99275 complete and 0 interrupted iterations
users   [  78% ] 1442/1445 VUs  7m01.7s/9m00.0s

running (7m02.7s), 1439/1445 VUs, 99485 complete and 0 interrupted iterations
users   [  78% ] 1439/1445 VUs  7m02.7s/9m00.0s

running (7m03.7s), 1434/1445 VUs, 99684 complete and 0 interrupted iterations
users   [  78% ] 1434/1445 VUs  7m03.7s/9m00.0s

running (7m04.7s), 1432/1445 VUs, 99807 complete and 0 interrupted iterations
users   [  79% ] 1432/1445 VUs  7m04.7s/9m00.0s

running (7m05.7s), 1421/1445 VUs, 100005 complete and 0 interrupted iterations
users   [  79% ] 1421/1445 VUs  7m05.7s/9m00.0s

running (7m06.7s), 1409/1445 VUs, 100210 complete and 0 interrupted iterations
users   [  79% ] 1409/1445 VUs  7m06.7s/9m00.0s

running (7m07.7s), 1396/1445 VUs, 100409 complete and 0 interrupted iterations
users   [  79% ] 1396/1445 VUs  7m07.7s/9m00.0s

running (7m08.7s), 1387/1445 VUs, 100618 complete and 0 interrupted iterations
users   [  79% ] 1387/1445 VUs  7m08.7s/9m00.0s

running (7m09.7s), 1375/1445 VUs, 100820 complete and 0 interrupted iterations
users   [  80% ] 1375/1445 VUs  7m09.7s/9m00.0s

running (7m10.7s), 1360/1445 VUs, 101035 complete and 0 interrupted iterations
users   [  80% ] 1360/1445 VUs  7m10.7s/9m00.0s

running (7m11.7s), 1349/1445 VUs, 101249 complete and 0 interrupted iterations
users   [  80% ] 1349/1445 VUs  7m11.7s/9m00.0s

running (7m12.7s), 1340/1445 VUs, 101460 complete and 0 interrupted iterations
users   [  80% ] 1340/1445 VUs  7m12.7s/9m00.0s

running (7m13.7s), 1331/1445 VUs, 101665 complete and 0 interrupted iterations
users   [  80% ] 1331/1445 VUs  7m13.7s/9m00.0s

running (7m14.7s), 1313/1445 VUs, 101883 complete and 0 interrupted iterations
users   [  81% ] 1313/1445 VUs  7m14.7s/9m00.0s

running (7m15.7s), 1295/1445 VUs, 102106 complete and 0 interrupted iterations
users   [  81% ] 1295/1445 VUs  7m15.7s/9m00.0s

running (7m16.7s), 1284/1445 VUs, 102316 complete and 0 interrupted iterations
users   [  81% ] 1284/1445 VUs  7m16.7s/9m00.0s

running (7m17.7s), 1269/1445 VUs, 102525 complete and 0 interrupted iterations
users   [  81% ] 1269/1445 VUs  7m17.7s/9m00.0s

running (7m18.7s), 1255/1445 VUs, 102743 complete and 0 interrupted iterations
users   [  81% ] 1255/1445 VUs  7m18.7s/9m00.0s

running (7m19.7s), 1247/1445 VUs, 102952 complete and 0 interrupted iterations
users   [  81% ] 1247/1445 VUs  7m19.7s/9m00.0s

running (7m20.7s), 1232/1445 VUs, 103156 complete and 0 interrupted iterations
users   [  82% ] 1232/1445 VUs  7m20.7s/9m00.0s

running (7m21.7s), 1220/1445 VUs, 103362 complete and 0 interrupted iterations
users   [  82% ] 1220/1445 VUs  7m21.7s/9m00.0s

running (7m22.7s), 1205/1445 VUs, 103569 complete and 0 interrupted iterations
users   [  82% ] 1205/1445 VUs  7m22.7s/9m00.0s

running (7m23.7s), 1194/1445 VUs, 103774 complete and 0 interrupted iterations
users   [  82% ] 1194/1445 VUs  7m23.7s/9m00.0s

running (7m24.7s), 1184/1445 VUs, 103990 complete and 0 interrupted iterations
users   [  82% ] 1184/1445 VUs  7m24.7s/9m00.0s

running (7m25.7s), 1167/1445 VUs, 104235 complete and 0 interrupted iterations
users   [  83% ] 1167/1445 VUs  7m25.7s/9m00.0s

running (7m26.7s), 1152/1445 VUs, 104575 complete and 0 interrupted iterations
users   [  83% ] 1152/1445 VUs  7m26.7s/9m00.0s

running (7m27.7s), 1145/1445 VUs, 104765 complete and 0 interrupted iterations
users   [  83% ] 1145/1445 VUs  7m27.7s/9m00.0s

running (7m28.7s), 1133/1445 VUs, 104957 complete and 0 interrupted iterations
users   [  83% ] 1133/1445 VUs  7m28.7s/9m00.0s

running (7m29.7s), 1123/1445 VUs, 105161 complete and 0 interrupted iterations
users   [  83% ] 1123/1445 VUs  7m29.7s/9m00.0s

running (7m30.7s), 1107/1445 VUs, 105390 complete and 0 interrupted iterations
users   [  83% ] 1107/1445 VUs  7m30.7s/9m00.0s

running (7m31.7s), 1092/1445 VUs, 105711 complete and 0 interrupted iterations
users   [  84% ] 1092/1445 VUs  7m31.7s/9m00.0s

running (7m32.7s), 1086/1445 VUs, 105894 complete and 0 interrupted iterations
users   [  84% ] 1086/1445 VUs  7m32.7s/9m00.0s

running (7m33.7s), 1072/1445 VUs, 106080 complete and 0 interrupted iterations
users   [  84% ] 1072/1445 VUs  7m33.7s/9m00.0s

running (7m34.7s), 1059/1445 VUs, 106271 complete and 0 interrupted iterations
users   [  84% ] 1059/1445 VUs  7m34.7s/9m00.0s

running (7m35.7s), 1045/1445 VUs, 106485 complete and 0 interrupted iterations
users   [  84% ] 1045/1445 VUs  7m35.7s/9m00.0s

running (7m36.7s), 1029/1445 VUs, 106787 complete and 0 interrupted iterations
users   [  85% ] 1029/1445 VUs  7m36.7s/9m00.0s

running (7m37.7s), 1021/1445 VUs, 106970 complete and 0 interrupted iterations
users   [  85% ] 1021/1445 VUs  7m37.7s/9m00.0s

running (7m38.7s), 1009/1445 VUs, 107137 complete and 0 interrupted iterations
users   [  85% ] 1009/1445 VUs  7m38.7s/9m00.0s

running (7m39.7s), 1000/1445 VUs, 107318 complete and 0 interrupted iterations
users   [  85% ] 1000/1445 VUs  7m39.7s/9m00.0s

running (7m40.7s), 0985/1445 VUs, 107519 complete and 0 interrupted iterations
users   [  85% ] 0985/1445 VUs  7m40.7s/9m00.0s

running (7m41.7s), 0974/1445 VUs, 107800 complete and 0 interrupted iterations
users   [  86% ] 0974/1445 VUs  7m41.7s/9m00.0s

running (7m42.7s), 0962/1445 VUs, 107972 complete and 0 interrupted iterations
users   [  86% ] 0962/1445 VUs  7m42.7s/9m00.0s

running (7m43.7s), 0953/1445 VUs, 108133 complete and 0 interrupted iterations
users   [  86% ] 0953/1445 VUs  7m43.7s/9m00.0s

running (7m44.7s), 0941/1445 VUs, 108302 complete and 0 interrupted iterations
users   [  86% ] 0941/1445 VUs  7m44.7s/9m00.0s

running (7m45.7s), 0930/1445 VUs, 108493 complete and 0 interrupted iterations
users   [  86% ] 0930/1445 VUs  7m45.7s/9m00.0s

running (7m46.7s), 0910/1445 VUs, 108765 complete and 0 interrupted iterations
users   [  86% ] 0910/1445 VUs  7m46.7s/9m00.0s

running (7m47.7s), 0900/1445 VUs, 108922 complete and 0 interrupted iterations
users   [  87% ] 0900/1445 VUs  7m47.7s/9m00.0s

running (7m48.7s), 0893/1445 VUs, 109077 complete and 0 interrupted iterations
users   [  87% ] 0893/1445 VUs  7m48.7s/9m00.0s

running (7m49.7s), 0881/1445 VUs, 109228 complete and 0 interrupted iterations
users   [  87% ] 0881/1445 VUs  7m49.7s/9m00.0s

running (7m50.7s), 0870/1445 VUs, 109414 complete and 0 interrupted iterations
users   [  87% ] 0870/1445 VUs  7m50.7s/9m00.0s

running (7m51.7s), 0856/1445 VUs, 109665 complete and 0 interrupted iterations
users   [  87% ] 0856/1445 VUs  7m51.7s/9m00.0s

running (7m52.7s), 0848/1445 VUs, 109814 complete and 0 interrupted iterations
users   [  88% ] 0848/1445 VUs  7m52.7s/9m00.0s

running (7m53.7s), 0834/1445 VUs, 109963 complete and 0 interrupted iterations
users   [  88% ] 0834/1445 VUs  7m53.7s/9m00.0s

running (7m54.7s), 0820/1445 VUs, 110103 complete and 0 interrupted iterations
users   [  88% ] 0820/1445 VUs  7m54.7s/9m00.0s

running (7m55.7s), 0808/1445 VUs, 110274 complete and 0 interrupted iterations
users   [  88% ] 0808/1445 VUs  7m55.7s/9m00.0s

running (7m56.7s), 0791/1445 VUs, 110504 complete and 0 interrupted iterations
users   [  88% ] 0791/1445 VUs  7m56.7s/9m00.0s

running (7m57.7s), 0780/1445 VUs, 110649 complete and 0 interrupted iterations
users   [  88% ] 0780/1445 VUs  7m57.7s/9m00.0s

running (7m58.7s), 0776/1445 VUs, 110792 complete and 0 interrupted iterations
users   [  89% ] 0776/1445 VUs  7m58.7s/9m00.0s

running (7m59.7s), 0766/1445 VUs, 110919 complete and 0 interrupted iterations
users   [  89% ] 0766/1445 VUs  7m59.7s/9m00.0s

running (8m00.7s), 0750/1445 VUs, 111072 complete and 0 interrupted iterations
users   [  89% ] 0750/1445 VUs  8m00.7s/9m00.0s

running (8m01.7s), 0726/1445 VUs, 111285 complete and 0 interrupted iterations
users   [  89% ] 0726/1445 VUs  8m01.7s/9m00.0s

running (8m02.7s), 0714/1445 VUs, 111416 complete and 0 interrupted iterations
users   [  89% ] 0714/1445 VUs  8m02.7s/9m00.0s

running (8m03.7s), 0708/1445 VUs, 111559 complete and 0 interrupted iterations
users   [  90% ] 0708/1445 VUs  8m03.7s/9m00.0s

running (8m04.7s), 0702/1445 VUs, 111677 complete and 0 interrupted iterations
users   [  90% ] 0702/1445 VUs  8m04.7s/9m00.0s

running (8m05.7s), 0685/1445 VUs, 111813 complete and 0 interrupted iterations
users   [  90% ] 0685/1445 VUs  8m05.7s/9m00.0s

running (8m06.7s), 0664/1445 VUs, 112000 complete and 0 interrupted iterations
users   [  90% ] 0664/1445 VUs  8m06.7s/9m00.0s

running (8m07.7s), 0656/1445 VUs, 112123 complete and 0 interrupted iterations
users   [  90% ] 0656/1445 VUs  8m07.7s/9m00.0s

running (8m08.7s), 0643/1445 VUs, 112259 complete and 0 interrupted iterations
users   [  91% ] 0643/1445 VUs  8m08.7s/9m00.0s

running (8m09.7s), 0634/1445 VUs, 112375 complete and 0 interrupted iterations
users   [  91% ] 0634/1445 VUs  8m09.7s/9m00.0s

running (8m10.7s), 0628/1445 VUs, 112489 complete and 0 interrupted iterations
users   [  91% ] 0628/1445 VUs  8m10.7s/9m00.0s

running (8m11.7s), 0609/1445 VUs, 112655 complete and 0 interrupted iterations
users   [  91% ] 0609/1445 VUs  8m11.7s/9m00.0s

running (8m12.7s), 0599/1445 VUs, 112772 complete and 0 interrupted iterations
users   [  91% ] 0599/1445 VUs  8m12.7s/9m00.0s

running (8m13.7s), 0584/1445 VUs, 112894 complete and 0 interrupted iterations
users   [  91% ] 0584/1445 VUs  8m13.7s/9m00.0s

running (8m14.7s), 0574/1445 VUs, 113005 complete and 0 interrupted iterations
users   [  92% ] 0574/1445 VUs  8m14.7s/9m00.0s

running (8m15.7s), 0564/1445 VUs, 113113 complete and 0 interrupted iterations
users   [  92% ] 0564/1445 VUs  8m15.7s/9m00.0s

running (8m16.7s), 0551/1445 VUs, 113259 complete and 0 interrupted iterations
users   [  92% ] 0551/1445 VUs  8m16.7s/9m00.0s

running (8m17.7s), 0538/1445 VUs, 113364 complete and 0 interrupted iterations
users   [  92% ] 0538/1445 VUs  8m17.7s/9m00.0s

running (8m18.7s), 0526/1445 VUs, 113472 complete and 0 interrupted iterations
users   [  92% ] 0526/1445 VUs  8m18.7s/9m00.0s

running (8m19.7s), 0516/1445 VUs, 113571 complete and 0 interrupted iterations
users   [  93% ] 0516/1445 VUs  8m19.7s/9m00.0s

running (8m20.7s), 0506/1445 VUs, 113670 complete and 0 interrupted iterations
users   [  93% ] 0506/1445 VUs  8m20.7s/9m00.0s

running (8m21.7s), 0490/1445 VUs, 113800 complete and 0 interrupted iterations
users   [  93% ] 0490/1445 VUs  8m21.7s/9m00.0s

running (8m22.7s), 0482/1445 VUs, 113896 complete and 0 interrupted iterations
users   [  93% ] 0482/1445 VUs  8m22.7s/9m00.0s

running (8m23.7s), 0474/1445 VUs, 113991 complete and 0 interrupted iterations
users   [  93% ] 0474/1445 VUs  8m23.7s/9m00.0s

running (8m24.7s), 0460/1445 VUs, 114084 complete and 0 interrupted iterations
users   [  93% ] 0460/1445 VUs  8m24.7s/9m00.0s

running (8m25.7s), 0451/1445 VUs, 114172 complete and 0 interrupted iterations
users   [  94% ] 0451/1445 VUs  8m25.7s/9m00.0s

running (8m26.7s), 0430/1445 VUs, 114286 complete and 0 interrupted iterations
users   [  94% ] 0430/1445 VUs  8m26.7s/9m00.0s

running (8m27.7s), 0417/1445 VUs, 114375 complete and 0 interrupted iterations
users   [  94% ] 0417/1445 VUs  8m27.7s/9m00.0s

running (8m28.7s), 0409/1445 VUs, 114459 complete and 0 interrupted iterations
users   [  94% ] 0409/1445 VUs  8m28.7s/9m00.0s

running (8m29.7s), 0400/1445 VUs, 114539 complete and 0 interrupted iterations
users   [  94% ] 0400/1445 VUs  8m29.7s/9m00.0s

running (8m30.7s), 0387/1445 VUs, 114619 complete and 0 interrupted iterations
users   [  95% ] 0387/1445 VUs  8m30.7s/9m00.0s

running (8m31.7s), 0375/1445 VUs, 114712 complete and 0 interrupted iterations
users   [  95% ] 0375/1445 VUs  8m31.7s/9m00.0s

running (8m32.7s), 0358/1445 VUs, 114787 complete and 0 interrupted iterations
users   [  95% ] 0358/1445 VUs  8m32.7s/9m00.0s

running (8m33.7s), 0345/1445 VUs, 114866 complete and 0 interrupted iterations
users   [  95% ] 0345/1445 VUs  8m33.7s/9m00.0s

running (8m34.7s), 0337/1445 VUs, 114936 complete and 0 interrupted iterations
users   [  95% ] 0337/1445 VUs  8m34.7s/9m00.0s

running (8m35.7s), 0326/1445 VUs, 115003 complete and 0 interrupted iterations
users   [  96% ] 0326/1445 VUs  8m35.7s/9m00.0s

running (8m36.7s), 0314/1445 VUs, 115080 complete and 0 interrupted iterations
users   [  96% ] 0314/1445 VUs  8m36.7s/9m00.0s

running (8m37.7s), 0299/1445 VUs, 115140 complete and 0 interrupted iterations
users   [  96% ] 0299/1445 VUs  8m37.7s/9m00.0s

running (8m38.7s), 0285/1445 VUs, 115207 complete and 0 interrupted iterations
users   [  96% ] 0285/1445 VUs  8m38.7s/9m00.0s

running (8m39.7s), 0271/1445 VUs, 115269 complete and 0 interrupted iterations
users   [  96% ] 0271/1445 VUs  8m39.7s/9m00.0s

running (8m40.7s), 0259/1445 VUs, 115323 complete and 0 interrupted iterations
users   [  96% ] 0259/1445 VUs  8m40.7s/9m00.0s

running (8m41.7s), 0247/1445 VUs, 115389 complete and 0 interrupted iterations
users   [  97% ] 0247/1445 VUs  8m41.7s/9m00.0s

running (8m42.7s), 0241/1445 VUs, 115439 complete and 0 interrupted iterations
users   [  97% ] 0241/1445 VUs  8m42.7s/9m00.0s

running (8m43.7s), 0229/1445 VUs, 115491 complete and 0 interrupted iterations
users   [  97% ] 0229/1445 VUs  8m43.7s/9m00.0s

running (8m44.7s), 0216/1445 VUs, 115537 complete and 0 interrupted iterations
users   [  97% ] 0216/1445 VUs  8m44.7s/9m00.0s

running (8m45.7s), 0211/1445 VUs, 115580 complete and 0 interrupted iterations
users   [  97% ] 0211/1445 VUs  8m45.7s/9m00.0s

running (8m46.7s), 0199/1445 VUs, 115633 complete and 0 interrupted iterations
users   [  98% ] 0199/1445 VUs  8m46.7s/9m00.0s

running (8m47.7s), 0185/1445 VUs, 115678 complete and 0 interrupted iterations
users   [  98% ] 0185/1445 VUs  8m47.7s/9m00.0s

running (8m48.7s), 0171/1445 VUs, 115719 complete and 0 interrupted iterations
users   [  98% ] 0171/1445 VUs  8m48.7s/9m00.0s

running (8m49.7s), 0162/1445 VUs, 115751 complete and 0 interrupted iterations
users   [  98% ] 0162/1445 VUs  8m49.7s/9m00.0s

running (8m50.7s), 0150/1445 VUs, 115787 complete and 0 interrupted iterations
users   [  98% ] 0150/1445 VUs  8m50.7s/9m00.0s

running (8m51.7s), 0132/1445 VUs, 115829 complete and 0 interrupted iterations
users   [  98% ] 0132/1445 VUs  8m51.7s/9m00.0s

running (8m52.7s), 0122/1445 VUs, 115860 complete and 0 interrupted iterations
users   [  99% ] 0122/1445 VUs  8m52.7s/9m00.0s

running (8m53.7s), 0109/1445 VUs, 115888 complete and 0 interrupted iterations
users   [  99% ] 0109/1445 VUs  8m53.7s/9m00.0s

running (8m54.7s), 0095/1445 VUs, 115911 complete and 0 interrupted iterations
users   [  99% ] 0095/1445 VUs  8m54.7s/9m00.0s

running (8m55.7s), 0084/1445 VUs, 115936 complete and 0 interrupted iterations
users   [  99% ] 0084/1445 VUs  8m55.7s/9m00.0s

running (8m56.7s), 0073/1445 VUs, 115960 complete and 0 interrupted iterations
users   [  99% ] 0073/1445 VUs  8m56.7s/9m00.0s

running (8m57.7s), 0061/1445 VUs, 115981 complete and 0 interrupted iterations
users   [ 100% ] 0061/1445 VUs  8m57.7s/9m00.0s

running (8m58.7s), 0051/1445 VUs, 115996 complete and 0 interrupted iterations
users   [ 100% ] 0051/1445 VUs  8m58.7s/9m00.0s

running (8m59.7s), 0044/1445 VUs, 116005 complete and 0 interrupted iterations
users   [ 100% ] 0044/1445 VUs  8m59.7s/9m00.0s

running (9m00.7s), 0030/1445 VUs, 116019 complete and 0 interrupted iterations
users ↓ [ 100% ] 0039/1445 VUs  9m0s

running (9m01.7s), 0017/1445 VUs, 116032 complete and 0 interrupted iterations
users ↓ [ 100% ] 0039/1445 VUs  9m0s

running (9m02.7s), 0007/1445 VUs, 116042 complete and 0 interrupted iterations
users ↓ [ 100% ] 0039/1445 VUs  9m0s

running (9m03.7s), 0002/1445 VUs, 116047 complete and 0 interrupted iterations
users ↓ [ 100% ] 0039/1445 VUs  9m0s

running (9m04.7s), 0001/1445 VUs, 116048 complete and 0 interrupted iterations
users ↓ [ 100% ] 0039/1445 VUs  9m0s

running (9m05.7s), 0000/1445 VUs, 116049 complete and 0 interrupted iterations
users ✓ [ 100% ] 0000/1445 VUs  9m0s


  █ THRESHOLDS 

    checks{phase:bench}
    ✓ 'rate>0.99' rate=100.00%

    http_req_duration{name:confirm,phase:bench}
    ✗ 'p(95)<200' p(95)=1.08s
    ✗ 'p(99)<600' p(99)=1.21s

    http_req_duration{name:download_expired,phase:bench}
    ✓ 'p(95)<200' p(95)=0s
    ✓ 'p(99)<600' p(99)=0s

    http_req_duration{name:download,phase:bench}
    ✗ 'p(95)<200' p(95)=1.91s
    ✗ 'p(99)<600' p(99)=3.05s

    http_req_duration{name:upload,phase:bench}
    ✗ 'p(95)<200' p(95)=1.1s
    ✗ 'p(99)<600' p(99)=1.19s

    http_req_failed{phase:bench}
    ✓ 'rate<0.01' rate=0.00%

    server_errors{phase:bench}
    ✓ 'rate<0.01' rate=0.00%


  █ TOTAL RESULTS 

    checks_total.......: 119062  218.192653/s
    checks_succeeded...: 100.00% 119062 out of 119062
    checks_failed......: 0.00%   0 out of 119062

    ✓ download as expected
    ✓ upload link 201
    ✓ confirm 200

    CUSTOM
    server_errors.............................: 0.00%  0 out of 119062
      { phase:bench }.........................: 0.00%  0 out of 84162

    HTTP
    http_req_duration.........................: med=3.54ms p(95)=1.79s p(99)=2.94s avg=206.06ms max=7.83s 
      { expected_response:true }..............: med=3.54ms p(95)=1.79s p(99)=2.94s avg=206.06ms max=7.83s 
      { name:confirm,phase:bench }............: med=4.44ms p(95)=1.08s p(99)=1.21s avg=124.09ms max=1.53s 
      { name:download_expired,phase:bench }...: med=0s     p(95)=0s    p(99)=0s    avg=0s       max=0s    
      { name:download,phase:bench }...........: med=3.59ms p(95)=1.91s p(99)=3.05s avg=221.54ms max=7.83s 
      { name:upload,phase:bench }.............: med=5.34ms p(95)=1.1s  p(99)=1.19s avg=123.94ms max=1.59s 
    http_req_failed...........................: 0.00%  0 out of 119062
      { phase:bench }.........................: 0.00%  0 out of 84656
    http_reqs.................................: 119062 218.192653/s

    EXECUTION
    iteration_duration........................: med=5s     p(95)=7.07s p(99)=8.13s avg=5.26s    max=12.83s
    iterations................................: 116049 212.671039/s
    vus.......................................: 1      min=1           max=1445
    vus_max...................................: 1445   min=1445        max=1445

    NETWORK
    data_received.............................: 279 MB 512 kB/s
    data_sent.................................: 96 MB  176 kB/s




running (9m05.7s), 0000/1445 VUs, 116049 complete and 0 interrupted iterations
users ✓ [ 100% ] 0000/1445 VUs  9m0s
time="2026-09-30T11:20:50Z" level=error msg="thresholds on metrics 'http_req_duration{name:confirm,phase:bench}, http_req_duration{name:download,phase:bench}, http_req_duration{name:upload,phase:bench}' have been crossed"
== 1445 users: fail
== resting 120s
== pass 9: 1425 users (passed up to 1406, failed from 1445)
TRUNCATE TABLE
SELECT 10000
ALTER TABLE
UPDATE 10000
INSERT 0 10000
COPY 10000
VACUUM
  expiry   | count 
-----------+-------
 HOURS24   |  3327
 MINUTES15 |  3334
 MINUTES30 |  3339
(3 rows)

 rows  |  table  | indexes |  total  
-------+---------+---------+---------
 10000 | 1112 kB | 1472 kB | 2584 kB
(1 row)

wrote /tmp/seed.csv (10000 files). Copy it to the load generator and run load-file-list.sh.
file list loaded: 10000 files
time="2026-09-30T11:22:52Z" level=info msg="Automatic extension resolution is enabled. The current k6 binary doesn't satisfy all dependencies, it's required to provision a custom binary." deps="k6;k6/x/redis"
time="2026-09-30T11:22:53Z" level=info msg="Using cached k6 binary" artifact_id=d29e86c20dd9a49cb84ea3c41fac5b8b8e524e06 deps="map[k6:v2.3.0 k6/x/redis:v0.4.3]" path=/home/admin/.cache/k6/builds/d29e86c20dd9a49cb84ea3c41fac5b8b8e524e06/k6

         /\      Grafana   /‾‾/  
    /\  /  \     |\  __   /  /   
   /  \/    \    | |/ /  /   ‾‾\ 
  /          \   |   (  |  (‾)  |
 / __________ \  |_|\_\  \_____/ 


     execution: local
        script: /home/admin/Mint-Bench/k6/mint.js
        output: csv (/home/admin/Mint-Bench/bench-sql/results/2026-09-30-0953/vus-1425/k6.csv.gz)

     scenarios: (100.00%) 1 scenario, 1425 max VUs, 9m30s max duration (incl. graceful stop):
              * users: Up to 1425 looping VUs for 9m0s over 3 stages (gracefulRampDown: 30s, gracefulStop: 30s)


running (0m00.7s), 0008/1425 VUs, 0 complete and 0 interrupted iterations
users   [   0% ] 0008/1425 VUs  0m00.7s/9m00.0s

running (0m01.7s), 0020/1425 VUs, 0 complete and 0 interrupted iterations
users   [   0% ] 0020/1425 VUs  0m01.7s/9m00.0s

running (0m02.7s), 0032/1425 VUs, 0 complete and 0 interrupted iterations
users   [   1% ] 0032/1425 VUs  0m02.7s/9m00.0s

running (0m03.7s), 0043/1425 VUs, 0 complete and 0 interrupted iterations
users   [   1% ] 0043/1425 VUs  0m03.7s/9m00.0s

running (0m04.7s), 0055/1425 VUs, 0 complete and 0 interrupted iterations
users   [   1% ] 0055/1425 VUs  0m04.7s/9m00.0s

running (0m05.7s), 0067/1425 VUs, 8 complete and 0 interrupted iterations
users   [   1% ] 0067/1425 VUs  0m05.7s/9m00.0s

running (0m06.7s), 0079/1425 VUs, 20 complete and 0 interrupted iterations
users   [   1% ] 0079/1425 VUs  0m06.7s/9m00.0s

running (0m07.7s), 0091/1425 VUs, 30 complete and 0 interrupted iterations
users   [   1% ] 0091/1425 VUs  0m07.7s/9m00.0s

running (0m08.7s), 0103/1425 VUs, 41 complete and 0 interrupted iterations
users   [   2% ] 0103/1425 VUs  0m08.7s/9m00.0s

running (0m09.7s), 0115/1425 VUs, 55 complete and 0 interrupted iterations
users   [   2% ] 0115/1425 VUs  0m09.7s/9m00.0s

running (0m10.7s), 0127/1425 VUs, 75 complete and 0 interrupted iterations
users   [   2% ] 0127/1425 VUs  0m10.7s/9m00.0s

running (0m11.7s), 0138/1425 VUs, 98 complete and 0 interrupted iterations
users   [   2% ] 0138/1425 VUs  0m11.7s/9m00.0s

running (0m12.7s), 0150/1425 VUs, 119 complete and 0 interrupted iterations
users   [   2% ] 0150/1425 VUs  0m12.7s/9m00.0s

running (0m13.7s), 0162/1425 VUs, 144 complete and 0 interrupted iterations
users   [   3% ] 0162/1425 VUs  0m13.7s/9m00.0s

running (0m14.7s), 0174/1425 VUs, 167 complete and 0 interrupted iterations
users   [   3% ] 0174/1425 VUs  0m14.7s/9m00.0s

running (0m15.7s), 0186/1425 VUs, 199 complete and 0 interrupted iterations
users   [   3% ] 0186/1425 VUs  0m15.7s/9m00.0s

running (0m16.7s), 0198/1425 VUs, 232 complete and 0 interrupted iterations
users   [   3% ] 0198/1425 VUs  0m16.7s/9m00.0s

running (0m17.7s), 0210/1425 VUs, 265 complete and 0 interrupted iterations
users   [   3% ] 0210/1425 VUs  0m17.7s/9m00.0s

running (0m18.7s), 0222/1425 VUs, 305 complete and 0 interrupted iterations
users   [   3% ] 0222/1425 VUs  0m18.7s/9m00.0s

running (0m19.7s), 0233/1425 VUs, 338 complete and 0 interrupted iterations
users   [   4% ] 0233/1425 VUs  0m19.7s/9m00.0s

running (0m20.7s), 0245/1425 VUs, 379 complete and 0 interrupted iterations
users   [   4% ] 0245/1425 VUs  0m20.7s/9m00.0s

running (0m21.7s), 0257/1425 VUs, 427 complete and 0 interrupted iterations
users   [   4% ] 0257/1425 VUs  0m21.7s/9m00.0s

running (0m22.7s), 0269/1425 VUs, 475 complete and 0 interrupted iterations
users   [   4% ] 0269/1425 VUs  0m22.7s/9m00.0s

running (0m23.7s), 0281/1425 VUs, 527 complete and 0 interrupted iterations
users   [   4% ] 0281/1425 VUs  0m23.7s/9m00.0s

running (0m24.7s), 0293/1425 VUs, 569 complete and 0 interrupted iterations
users   [   5% ] 0293/1425 VUs  0m24.7s/9m00.0s

running (0m25.7s), 0305/1425 VUs, 620 complete and 0 interrupted iterations
users   [   5% ] 0305/1425 VUs  0m25.7s/9m00.0s

running (0m26.7s), 0317/1425 VUs, 680 complete and 0 interrupted iterations
users   [   5% ] 0317/1425 VUs  0m26.7s/9m00.0s

running (0m27.7s), 0328/1425 VUs, 742 complete and 0 interrupted iterations
users   [   5% ] 0328/1425 VUs  0m27.7s/9m00.0s

running (0m28.7s), 0340/1425 VUs, 805 complete and 0 interrupted iterations
users   [   5% ] 0340/1425 VUs  0m28.7s/9m00.0s

running (0m29.7s), 0352/1425 VUs, 858 complete and 0 interrupted iterations
users   [   6% ] 0352/1425 VUs  0m29.7s/9m00.0s

running (0m30.7s), 0364/1425 VUs, 918 complete and 0 interrupted iterations
users   [   6% ] 0364/1425 VUs  0m30.7s/9m00.0s

running (0m31.7s), 0376/1425 VUs, 990 complete and 0 interrupted iterations
users   [   6% ] 0376/1425 VUs  0m31.7s/9m00.0s

running (0m32.7s), 0388/1425 VUs, 1064 complete and 0 interrupted iterations
users   [   6% ] 0388/1425 VUs  0m32.7s/9m00.0s

running (0m33.7s), 0400/1425 VUs, 1139 complete and 0 interrupted iterations
users   [   6% ] 0400/1425 VUs  0m33.7s/9m00.0s

running (0m34.7s), 0412/1425 VUs, 1205 complete and 0 interrupted iterations
users   [   6% ] 0412/1425 VUs  0m34.7s/9m00.0s

running (0m35.7s), 0423/1425 VUs, 1278 complete and 0 interrupted iterations
users   [   7% ] 0423/1425 VUs  0m35.7s/9m00.0s

running (0m36.7s), 0435/1425 VUs, 1360 complete and 0 interrupted iterations
users   [   7% ] 0435/1425 VUs  0m36.7s/9m00.0s

running (0m37.7s), 0447/1425 VUs, 1449 complete and 0 interrupted iterations
users   [   7% ] 0447/1425 VUs  0m37.7s/9m00.0s

running (0m38.7s), 0459/1425 VUs, 1535 complete and 0 interrupted iterations
users   [   7% ] 0459/1425 VUs  0m38.7s/9m00.0s

running (0m39.7s), 0471/1425 VUs, 1615 complete and 0 interrupted iterations
users   [   7% ] 0471/1425 VUs  0m39.7s/9m00.0s

running (0m40.7s), 0483/1425 VUs, 1699 complete and 0 interrupted iterations
users   [   8% ] 0483/1425 VUs  0m40.7s/9m00.0s

running (0m41.7s), 0495/1425 VUs, 1789 complete and 0 interrupted iterations
users   [   8% ] 0495/1425 VUs  0m41.7s/9m00.0s

running (0m42.7s), 0507/1425 VUs, 1887 complete and 0 interrupted iterations
users   [   8% ] 0507/1425 VUs  0m42.7s/9m00.0s

running (0m43.7s), 0518/1425 VUs, 1987 complete and 0 interrupted iterations
users   [   8% ] 0518/1425 VUs  0m43.7s/9m00.0s

running (0m44.7s), 0530/1425 VUs, 2082 complete and 0 interrupted iterations
users   [   8% ] 0530/1425 VUs  0m44.7s/9m00.0s

running (0m45.7s), 0542/1425 VUs, 2175 complete and 0 interrupted iterations
users   [   8% ] 0542/1425 VUs  0m45.7s/9m00.0s

running (0m46.7s), 0554/1425 VUs, 2279 complete and 0 interrupted iterations
users   [   9% ] 0554/1425 VUs  0m46.7s/9m00.0s

running (0m47.7s), 0566/1425 VUs, 2384 complete and 0 interrupted iterations
users   [   9% ] 0566/1425 VUs  0m47.7s/9m00.0s

running (0m48.7s), 0578/1425 VUs, 2498 complete and 0 interrupted iterations
users   [   9% ] 0578/1425 VUs  0m48.7s/9m00.0s

running (0m49.7s), 0590/1425 VUs, 2604 complete and 0 interrupted iterations
users   [   9% ] 0590/1425 VUs  0m49.7s/9m00.0s

running (0m50.7s), 0602/1425 VUs, 2706 complete and 0 interrupted iterations
users   [   9% ] 0602/1425 VUs  0m50.7s/9m00.0s

running (0m51.7s), 0613/1425 VUs, 2829 complete and 0 interrupted iterations
users   [  10% ] 0613/1425 VUs  0m51.7s/9m00.0s

running (0m52.7s), 0625/1425 VUs, 2946 complete and 0 interrupted iterations
users   [  10% ] 0625/1425 VUs  0m52.7s/9m00.0s

running (0m53.7s), 0637/1425 VUs, 3071 complete and 0 interrupted iterations
users   [  10% ] 0637/1425 VUs  0m53.7s/9m00.0s

running (0m54.7s), 0649/1425 VUs, 3189 complete and 0 interrupted iterations
users   [  10% ] 0649/1425 VUs  0m54.7s/9m00.0s

running (0m55.7s), 0661/1425 VUs, 3302 complete and 0 interrupted iterations
users   [  10% ] 0661/1425 VUs  0m55.7s/9m00.0s

running (0m56.7s), 0673/1425 VUs, 3436 complete and 0 interrupted iterations
users   [  11% ] 0673/1425 VUs  0m56.7s/9m00.0s

running (0m57.7s), 0685/1425 VUs, 3565 complete and 0 interrupted iterations
users   [  11% ] 0685/1425 VUs  0m57.7s/9m00.0s

running (0m58.7s), 0697/1425 VUs, 3705 complete and 0 interrupted iterations
users   [  11% ] 0697/1425 VUs  0m58.7s/9m00.0s

running (0m59.7s), 0708/1425 VUs, 3834 complete and 0 interrupted iterations
users   [  11% ] 0708/1425 VUs  0m59.7s/9m00.0s

running (1m00.7s), 0720/1425 VUs, 3958 complete and 0 interrupted iterations
users   [  11% ] 0720/1425 VUs  1m00.7s/9m00.0s

running (1m01.7s), 0732/1425 VUs, 4101 complete and 0 interrupted iterations
users   [  11% ] 0732/1425 VUs  1m01.7s/9m00.0s

running (1m02.7s), 0744/1425 VUs, 4241 complete and 0 interrupted iterations
users   [  12% ] 0744/1425 VUs  1m02.7s/9m00.0s

running (1m03.7s), 0756/1425 VUs, 4396 complete and 0 interrupted iterations
users   [  12% ] 0756/1425 VUs  1m03.7s/9m00.0s

running (1m04.7s), 0768/1425 VUs, 4535 complete and 0 interrupted iterations
users   [  12% ] 0768/1425 VUs  1m04.7s/9m00.0s

running (1m05.7s), 0780/1425 VUs, 4668 complete and 0 interrupted iterations
users   [  12% ] 0780/1425 VUs  1m05.7s/9m00.0s

running (1m06.7s), 0792/1425 VUs, 4819 complete and 0 interrupted iterations
users   [  12% ] 0792/1425 VUs  1m06.7s/9m00.0s

running (1m07.7s), 0803/1425 VUs, 4976 complete and 0 interrupted iterations
users   [  13% ] 0803/1425 VUs  1m07.7s/9m00.0s

running (1m08.7s), 0815/1425 VUs, 5144 complete and 0 interrupted iterations
users   [  13% ] 0815/1425 VUs  1m08.7s/9m00.0s

running (1m09.7s), 0827/1425 VUs, 5296 complete and 0 interrupted iterations
users   [  13% ] 0827/1425 VUs  1m09.7s/9m00.0s

running (1m10.7s), 0839/1425 VUs, 5440 complete and 0 interrupted iterations
users   [  13% ] 0839/1425 VUs  1m10.7s/9m00.0s

running (1m11.7s), 0851/1425 VUs, 5597 complete and 0 interrupted iterations
users   [  13% ] 0851/1425 VUs  1m11.7s/9m00.0s

running (1m12.7s), 0863/1425 VUs, 5765 complete and 0 interrupted iterations
users   [  13% ] 0863/1425 VUs  1m12.7s/9m00.0s

running (1m13.7s), 0875/1425 VUs, 5950 complete and 0 interrupted iterations
users   [  14% ] 0875/1425 VUs  1m13.7s/9m00.0s

running (1m14.7s), 0887/1425 VUs, 6111 complete and 0 interrupted iterations
users   [  14% ] 0887/1425 VUs  1m14.7s/9m00.0s

running (1m15.7s), 0898/1425 VUs, 6272 complete and 0 interrupted iterations
users   [  14% ] 0898/1425 VUs  1m15.7s/9m00.0s

running (1m16.7s), 0910/1425 VUs, 6438 complete and 0 interrupted iterations
users   [  14% ] 0910/1425 VUs  1m16.7s/9m00.0s

running (1m17.7s), 0922/1425 VUs, 6618 complete and 0 interrupted iterations
users   [  14% ] 0922/1425 VUs  1m17.7s/9m00.0s

running (1m18.7s), 0934/1425 VUs, 6814 complete and 0 interrupted iterations
users   [  15% ] 0934/1425 VUs  1m18.7s/9m00.0s

running (1m19.7s), 0946/1425 VUs, 6985 complete and 0 interrupted iterations
users   [  15% ] 0946/1425 VUs  1m19.7s/9m00.0s

running (1m20.7s), 0958/1425 VUs, 7159 complete and 0 interrupted iterations
users   [  15% ] 0958/1425 VUs  1m20.7s/9m00.0s

running (1m21.7s), 0970/1425 VUs, 7338 complete and 0 interrupted iterations
users   [  15% ] 0970/1425 VUs  1m21.7s/9m00.0s

running (1m22.7s), 0982/1425 VUs, 7529 complete and 0 interrupted iterations
users   [  15% ] 0982/1425 VUs  1m22.7s/9m00.0s

running (1m23.7s), 0993/1425 VUs, 7740 complete and 0 interrupted iterations
users   [  16% ] 0993/1425 VUs  1m23.7s/9m00.0s

running (1m24.7s), 1005/1425 VUs, 7917 complete and 0 interrupted iterations
users   [  16% ] 1005/1425 VUs  1m24.7s/9m00.0s

running (1m25.7s), 1017/1425 VUs, 8104 complete and 0 interrupted iterations
users   [  16% ] 1017/1425 VUs  1m25.7s/9m00.0s

running (1m26.7s), 1029/1425 VUs, 8300 complete and 0 interrupted iterations
users   [  16% ] 1029/1425 VUs  1m26.7s/9m00.0s

running (1m27.7s), 1041/1425 VUs, 8502 complete and 0 interrupted iterations
users   [  16% ] 1041/1425 VUs  1m27.7s/9m00.0s

running (1m28.7s), 1053/1425 VUs, 8717 complete and 0 interrupted iterations
users   [  16% ] 1053/1425 VUs  1m28.7s/9m00.0s

running (1m29.7s), 1065/1425 VUs, 8909 complete and 0 interrupted iterations
users   [  17% ] 1065/1425 VUs  1m29.7s/9m00.0s

running (1m30.7s), 1077/1425 VUs, 9107 complete and 0 interrupted iterations
users   [  17% ] 1077/1425 VUs  1m30.7s/9m00.0s

running (1m31.7s), 1088/1425 VUs, 9324 complete and 0 interrupted iterations
users   [  17% ] 1088/1425 VUs  1m31.7s/9m00.0s

running (1m32.7s), 1100/1425 VUs, 9538 complete and 0 interrupted iterations
users   [  17% ] 1100/1425 VUs  1m32.7s/9m00.0s

running (1m33.7s), 1112/1425 VUs, 9763 complete and 0 interrupted iterations
users   [  17% ] 1112/1425 VUs  1m33.7s/9m00.0s

running (1m34.7s), 1124/1425 VUs, 9961 complete and 0 interrupted iterations
users   [  18% ] 1124/1425 VUs  1m34.7s/9m00.0s

running (1m35.7s), 1136/1425 VUs, 10171 complete and 0 interrupted iterations
users   [  18% ] 1136/1425 VUs  1m35.7s/9m00.0s

running (1m36.7s), 1148/1425 VUs, 10404 complete and 0 interrupted iterations
users   [  18% ] 1148/1425 VUs  1m36.7s/9m00.0s

running (1m37.7s), 1160/1425 VUs, 10629 complete and 0 interrupted iterations
users   [  18% ] 1160/1425 VUs  1m37.7s/9m00.0s

running (1m38.7s), 1172/1425 VUs, 10865 complete and 0 interrupted iterations
users   [  18% ] 1172/1425 VUs  1m38.7s/9m00.0s

running (1m39.7s), 1183/1425 VUs, 11072 complete and 0 interrupted iterations
users   [  18% ] 1183/1425 VUs  1m39.7s/9m00.0s

running (1m40.7s), 1195/1425 VUs, 11293 complete and 0 interrupted iterations
users   [  19% ] 1195/1425 VUs  1m40.7s/9m00.0s

running (1m41.7s), 1207/1425 VUs, 11541 complete and 0 interrupted iterations
users   [  19% ] 1207/1425 VUs  1m41.7s/9m00.0s

running (1m42.7s), 1219/1425 VUs, 11776 complete and 0 interrupted iterations
users   [  19% ] 1219/1425 VUs  1m42.7s/9m00.0s

running (1m43.7s), 1231/1425 VUs, 12021 complete and 0 interrupted iterations
users   [  19% ] 1231/1425 VUs  1m43.7s/9m00.0s

running (1m44.7s), 1243/1425 VUs, 12241 complete and 0 interrupted iterations
users   [  19% ] 1243/1425 VUs  1m44.7s/9m00.0s

running (1m45.7s), 1255/1425 VUs, 12470 complete and 0 interrupted iterations
users   [  20% ] 1255/1425 VUs  1m45.7s/9m00.0s

running (1m46.7s), 1267/1425 VUs, 12732 complete and 0 interrupted iterations
users   [  20% ] 1267/1425 VUs  1m46.7s/9m00.0s

running (1m47.7s), 1278/1425 VUs, 12978 complete and 0 interrupted iterations
users   [  20% ] 1278/1425 VUs  1m47.7s/9m00.0s

running (1m48.7s), 1290/1425 VUs, 13241 complete and 0 interrupted iterations
users   [  20% ] 1290/1425 VUs  1m48.7s/9m00.0s

running (1m49.7s), 1302/1425 VUs, 13473 complete and 0 interrupted iterations
users   [  20% ] 1302/1425 VUs  1m49.7s/9m00.0s

running (1m50.7s), 1314/1425 VUs, 13709 complete and 0 interrupted iterations
users   [  21% ] 1314/1425 VUs  1m50.7s/9m00.0s

running (1m51.7s), 1326/1425 VUs, 13983 complete and 0 interrupted iterations
users   [  21% ] 1326/1425 VUs  1m51.7s/9m00.0s

running (1m52.7s), 1338/1425 VUs, 14237 complete and 0 interrupted iterations
users   [  21% ] 1338/1425 VUs  1m52.7s/9m00.0s

running (1m53.7s), 1350/1425 VUs, 14516 complete and 0 interrupted iterations
users   [  21% ] 1350/1425 VUs  1m53.7s/9m00.0s

running (1m54.7s), 1362/1425 VUs, 14760 complete and 0 interrupted iterations
users   [  21% ] 1362/1425 VUs  1m54.7s/9m00.0s

running (1m55.7s), 1373/1425 VUs, 15011 complete and 0 interrupted iterations
users   [  21% ] 1373/1425 VUs  1m55.7s/9m00.0s

running (1m56.7s), 1385/1425 VUs, 15296 complete and 0 interrupted iterations
users   [  22% ] 1385/1425 VUs  1m56.7s/9m00.0s

running (1m57.7s), 1397/1425 VUs, 15556 complete and 0 interrupted iterations
users   [  22% ] 1397/1425 VUs  1m57.7s/9m00.0s

running (1m58.7s), 1409/1425 VUs, 15849 complete and 0 interrupted iterations
users   [  22% ] 1409/1425 VUs  1m58.7s/9m00.0s

running (1m59.7s), 1421/1425 VUs, 16104 complete and 0 interrupted iterations
users   [  22% ] 1421/1425 VUs  1m59.7s/9m00.0s

running (2m00.7s), 1425/1425 VUs, 16374 complete and 0 interrupted iterations
users   [  22% ] 1425/1425 VUs  2m00.7s/9m00.0s

running (2m01.7s), 1425/1425 VUs, 16666 complete and 0 interrupted iterations
users   [  23% ] 1425/1425 VUs  2m01.7s/9m00.0s

running (2m02.7s), 1425/1425 VUs, 16938 complete and 0 interrupted iterations
users   [  23% ] 1425/1425 VUs  2m02.7s/9m00.0s

running (2m03.7s), 1425/1425 VUs, 17239 complete and 0 interrupted iterations
users   [  23% ] 1425/1425 VUs  2m03.7s/9m00.0s

running (2m04.7s), 1425/1425 VUs, 17503 complete and 0 interrupted iterations
users   [  23% ] 1425/1425 VUs  2m04.7s/9m00.0s

running (2m05.7s), 1425/1425 VUs, 17776 complete and 0 interrupted iterations
users   [  23% ] 1425/1425 VUs  2m05.7s/9m00.0s

running (2m06.7s), 1425/1425 VUs, 18070 complete and 0 interrupted iterations
users   [  23% ] 1425/1425 VUs  2m06.7s/9m00.0s

running (2m07.7s), 1425/1425 VUs, 18346 complete and 0 interrupted iterations
users   [  24% ] 1425/1425 VUs  2m07.7s/9m00.0s

running (2m08.7s), 1425/1425 VUs, 18649 complete and 0 interrupted iterations
users   [  24% ] 1425/1425 VUs  2m08.7s/9m00.0s

running (2m09.7s), 1425/1425 VUs, 18911 complete and 0 interrupted iterations
users   [  24% ] 1425/1425 VUs  2m09.7s/9m00.0s

running (2m10.7s), 1425/1425 VUs, 19190 complete and 0 interrupted iterations
users   [  24% ] 1425/1425 VUs  2m10.7s/9m00.0s

running (2m11.7s), 1425/1425 VUs, 19488 complete and 0 interrupted iterations
users   [  24% ] 1425/1425 VUs  2m11.7s/9m00.0s

running (2m12.7s), 1425/1425 VUs, 19758 complete and 0 interrupted iterations
users   [  25% ] 1425/1425 VUs  2m12.7s/9m00.0s

running (2m13.7s), 1425/1425 VUs, 20055 complete and 0 interrupted iterations
users   [  25% ] 1425/1425 VUs  2m13.7s/9m00.0s

running (2m14.7s), 1425/1425 VUs, 20315 complete and 0 interrupted iterations
users   [  25% ] 1425/1425 VUs  2m14.7s/9m00.0s

running (2m15.7s), 1425/1425 VUs, 20595 complete and 0 interrupted iterations
users   [  25% ] 1425/1425 VUs  2m15.7s/9m00.0s

running (2m16.7s), 1425/1425 VUs, 20889 complete and 0 interrupted iterations
users   [  25% ] 1425/1425 VUs  2m16.7s/9m00.0s

running (2m17.7s), 1425/1425 VUs, 21165 complete and 0 interrupted iterations
users   [  26% ] 1425/1425 VUs  2m17.7s/9m00.0s

running (2m18.7s), 1425/1425 VUs, 21465 complete and 0 interrupted iterations
users   [  26% ] 1425/1425 VUs  2m18.7s/9m00.0s

running (2m19.7s), 1425/1425 VUs, 21729 complete and 0 interrupted iterations
users   [  26% ] 1425/1425 VUs  2m19.7s/9m00.0s

running (2m20.7s), 1425/1425 VUs, 22009 complete and 0 interrupted iterations
users   [  26% ] 1425/1425 VUs  2m20.7s/9m00.0s

running (2m21.7s), 1425/1425 VUs, 22298 complete and 0 interrupted iterations
users   [  26% ] 1425/1425 VUs  2m21.7s/9m00.0s

running (2m22.7s), 1425/1425 VUs, 22573 complete and 0 interrupted iterations
users   [  26% ] 1425/1425 VUs  2m22.7s/9m00.0s

running (2m23.7s), 1425/1425 VUs, 22867 complete and 0 interrupted iterations
users   [  27% ] 1425/1425 VUs  2m23.7s/9m00.0s

running (2m24.7s), 1425/1425 VUs, 23134 complete and 0 interrupted iterations
users   [  27% ] 1425/1425 VUs  2m24.7s/9m00.0s

running (2m25.7s), 1425/1425 VUs, 23415 complete and 0 interrupted iterations
users   [  27% ] 1425/1425 VUs  2m25.7s/9m00.0s

running (2m26.7s), 1425/1425 VUs, 23707 complete and 0 interrupted iterations
users   [  27% ] 1425/1425 VUs  2m26.7s/9m00.0s

running (2m27.7s), 1425/1425 VUs, 23976 complete and 0 interrupted iterations
users   [  27% ] 1425/1425 VUs  2m27.7s/9m00.0s

running (2m28.7s), 1425/1425 VUs, 24272 complete and 0 interrupted iterations
users   [  28% ] 1425/1425 VUs  2m28.7s/9m00.0s

running (2m29.7s), 1425/1425 VUs, 24542 complete and 0 interrupted iterations
users   [  28% ] 1425/1425 VUs  2m29.7s/9m00.0s

running (2m30.7s), 1425/1425 VUs, 24827 complete and 0 interrupted iterations
users   [  28% ] 1425/1425 VUs  2m30.7s/9m00.0s

running (2m31.7s), 1425/1425 VUs, 25116 complete and 0 interrupted iterations
users   [  28% ] 1425/1425 VUs  2m31.7s/9m00.0s

running (2m32.7s), 1425/1425 VUs, 25391 complete and 0 interrupted iterations
users   [  28% ] 1425/1425 VUs  2m32.7s/9m00.0s

running (2m33.7s), 1425/1425 VUs, 25685 complete and 0 interrupted iterations
users   [  28% ] 1425/1425 VUs  2m33.7s/9m00.0s

running (2m34.7s), 1425/1425 VUs, 25954 complete and 0 interrupted iterations
users   [  29% ] 1425/1425 VUs  2m34.7s/9m00.0s

running (2m35.7s), 1425/1425 VUs, 26230 complete and 0 interrupted iterations
users   [  29% ] 1425/1425 VUs  2m35.7s/9m00.0s

running (2m36.7s), 1425/1425 VUs, 26525 complete and 0 interrupted iterations
users   [  29% ] 1425/1425 VUs  2m36.7s/9m00.0s

running (2m37.7s), 1425/1425 VUs, 26793 complete and 0 interrupted iterations
users   [  29% ] 1425/1425 VUs  2m37.7s/9m00.0s

running (2m38.7s), 1425/1425 VUs, 27082 complete and 0 interrupted iterations
users   [  29% ] 1425/1425 VUs  2m38.7s/9m00.0s

running (2m39.7s), 1425/1425 VUs, 27352 complete and 0 interrupted iterations
users   [  30% ] 1425/1425 VUs  2m39.7s/9m00.0s

running (2m40.7s), 1425/1425 VUs, 27640 complete and 0 interrupted iterations
users   [  30% ] 1425/1425 VUs  2m40.7s/9m00.0s

running (2m41.7s), 1425/1425 VUs, 27937 complete and 0 interrupted iterations
users   [  30% ] 1425/1425 VUs  2m41.7s/9m00.0s

running (2m42.7s), 1425/1425 VUs, 28201 complete and 0 interrupted iterations
users   [  30% ] 1425/1425 VUs  2m42.7s/9m00.0s

running (2m43.7s), 1425/1425 VUs, 28494 complete and 0 interrupted iterations
users   [  30% ] 1425/1425 VUs  2m43.7s/9m00.0s

running (2m44.7s), 1425/1425 VUs, 28766 complete and 0 interrupted iterations
users   [  31% ] 1425/1425 VUs  2m44.7s/9m00.0s

running (2m45.7s), 1425/1425 VUs, 29053 complete and 0 interrupted iterations
users   [  31% ] 1425/1425 VUs  2m45.7s/9m00.0s

running (2m46.7s), 1425/1425 VUs, 29347 complete and 0 interrupted iterations
users   [  31% ] 1425/1425 VUs  2m46.7s/9m00.0s

running (2m47.7s), 1425/1425 VUs, 29608 complete and 0 interrupted iterations
users   [  31% ] 1425/1425 VUs  2m47.7s/9m00.0s

running (2m48.7s), 1425/1425 VUs, 29900 complete and 0 interrupted iterations
users   [  31% ] 1425/1425 VUs  2m48.7s/9m00.0s

running (2m49.7s), 1425/1425 VUs, 30179 complete and 0 interrupted iterations
users   [  31% ] 1425/1425 VUs  2m49.7s/9m00.0s

running (2m50.7s), 1425/1425 VUs, 30465 complete and 0 interrupted iterations
users   [  32% ] 1425/1425 VUs  2m50.7s/9m00.0s

running (2m51.7s), 1425/1425 VUs, 30757 complete and 0 interrupted iterations
users   [  32% ] 1425/1425 VUs  2m51.7s/9m00.0s

running (2m52.7s), 1425/1425 VUs, 31013 complete and 0 interrupted iterations
users   [  32% ] 1425/1425 VUs  2m52.7s/9m00.0s

running (2m53.7s), 1425/1425 VUs, 31309 complete and 0 interrupted iterations
users   [  32% ] 1425/1425 VUs  2m53.7s/9m00.0s

running (2m54.7s), 1425/1425 VUs, 31593 complete and 0 interrupted iterations
users   [  32% ] 1425/1425 VUs  2m54.7s/9m00.0s

running (2m55.7s), 1425/1425 VUs, 31878 complete and 0 interrupted iterations
users   [  33% ] 1425/1425 VUs  2m55.7s/9m00.0s

running (2m56.7s), 1425/1425 VUs, 32166 complete and 0 interrupted iterations
users   [  33% ] 1425/1425 VUs  2m56.7s/9m00.0s

running (2m57.7s), 1425/1425 VUs, 32415 complete and 0 interrupted iterations
users   [  33% ] 1425/1425 VUs  2m57.7s/9m00.0s

running (2m58.7s), 1425/1425 VUs, 32717 complete and 0 interrupted iterations
users   [  33% ] 1425/1425 VUs  2m58.7s/9m00.0s

running (2m59.7s), 1425/1425 VUs, 33000 complete and 0 interrupted iterations
users   [  33% ] 1425/1425 VUs  2m59.7s/9m00.0s

running (3m00.7s), 1425/1425 VUs, 33288 complete and 0 interrupted iterations
users   [  33% ] 1425/1425 VUs  3m00.7s/9m00.0s

running (3m01.7s), 1425/1425 VUs, 33393 complete and 0 interrupted iterations
users   [  34% ] 1425/1425 VUs  3m01.7s/9m00.0s

running (3m02.7s), 1425/1425 VUs, 33455 complete and 0 interrupted iterations
users   [  34% ] 1425/1425 VUs  3m02.7s/9m00.0s

running (3m03.7s), 1425/1425 VUs, 33645 complete and 0 interrupted iterations
users   [  34% ] 1425/1425 VUs  3m03.7s/9m00.0s

running (3m04.7s), 1425/1425 VUs, 33836 complete and 0 interrupted iterations
users   [  34% ] 1425/1425 VUs  3m04.7s/9m00.0s

running (3m05.7s), 1425/1425 VUs, 34049 complete and 0 interrupted iterations
users   [  34% ] 1425/1425 VUs  3m05.7s/9m00.0s

running (3m06.7s), 1425/1425 VUs, 34260 complete and 0 interrupted iterations
users   [  35% ] 1425/1425 VUs  3m06.7s/9m00.0s

running (3m07.7s), 1425/1425 VUs, 34459 complete and 0 interrupted iterations
users   [  35% ] 1425/1425 VUs  3m07.7s/9m00.0s

running (3m08.7s), 1425/1425 VUs, 34682 complete and 0 interrupted iterations
users   [  35% ] 1425/1425 VUs  3m08.7s/9m00.0s

running (3m09.7s), 1425/1425 VUs, 34898 complete and 0 interrupted iterations
users   [  35% ] 1425/1425 VUs  3m09.7s/9m00.0s

running (3m10.7s), 1425/1425 VUs, 35096 complete and 0 interrupted iterations
users   [  35% ] 1425/1425 VUs  3m10.7s/9m00.0s

running (3m11.7s), 1425/1425 VUs, 35286 complete and 0 interrupted iterations
users   [  36% ] 1425/1425 VUs  3m11.7s/9m00.0s

running (3m12.7s), 1425/1425 VUs, 35484 complete and 0 interrupted iterations
users   [  36% ] 1425/1425 VUs  3m12.7s/9m00.0s

running (3m13.7s), 1425/1425 VUs, 35687 complete and 0 interrupted iterations
users   [  36% ] 1425/1425 VUs  3m13.7s/9m00.0s

running (3m14.7s), 1425/1425 VUs, 35900 complete and 0 interrupted iterations
users   [  36% ] 1425/1425 VUs  3m14.7s/9m00.0s

running (3m15.7s), 1425/1425 VUs, 36123 complete and 0 interrupted iterations
users   [  36% ] 1425/1425 VUs  3m15.7s/9m00.0s

running (3m16.7s), 1425/1425 VUs, 36327 complete and 0 interrupted iterations
users   [  36% ] 1425/1425 VUs  3m16.7s/9m00.0s

running (3m17.7s), 1425/1425 VUs, 36532 complete and 0 interrupted iterations
users   [  37% ] 1425/1425 VUs  3m17.7s/9m00.0s

running (3m18.7s), 1425/1425 VUs, 36740 complete and 0 interrupted iterations
users   [  37% ] 1425/1425 VUs  3m18.7s/9m00.0s

running (3m19.7s), 1425/1425 VUs, 36956 complete and 0 interrupted iterations
users   [  37% ] 1425/1425 VUs  3m19.7s/9m00.0s

running (3m20.7s), 1425/1425 VUs, 37164 complete and 0 interrupted iterations
users   [  37% ] 1425/1425 VUs  3m20.7s/9m00.0s

running (3m21.7s), 1425/1425 VUs, 37366 complete and 0 interrupted iterations
users   [  37% ] 1425/1425 VUs  3m21.7s/9m00.0s

running (3m22.7s), 1425/1425 VUs, 37578 complete and 0 interrupted iterations
users   [  38% ] 1425/1425 VUs  3m22.7s/9m00.0s

running (3m23.7s), 1425/1425 VUs, 37781 complete and 0 interrupted iterations
users   [  38% ] 1425/1425 VUs  3m23.7s/9m00.0s

running (3m24.7s), 1425/1425 VUs, 37980 complete and 0 interrupted iterations
users   [  38% ] 1425/1425 VUs  3m24.7s/9m00.0s

running (3m25.7s), 1425/1425 VUs, 38175 complete and 0 interrupted iterations
users   [  38% ] 1425/1425 VUs  3m25.7s/9m00.0s

running (3m26.7s), 1425/1425 VUs, 38371 complete and 0 interrupted iterations
users   [  38% ] 1425/1425 VUs  3m26.7s/9m00.0s

running (3m27.7s), 1425/1425 VUs, 38567 complete and 0 interrupted iterations
users   [  38% ] 1425/1425 VUs  3m27.7s/9m00.0s

running (3m28.7s), 1425/1425 VUs, 38769 complete and 0 interrupted iterations
users   [  39% ] 1425/1425 VUs  3m28.7s/9m00.0s

running (3m29.7s), 1425/1425 VUs, 38982 complete and 0 interrupted iterations
users   [  39% ] 1425/1425 VUs  3m29.7s/9m00.0s

running (3m30.7s), 1425/1425 VUs, 39192 complete and 0 interrupted iterations
users   [  39% ] 1425/1425 VUs  3m30.7s/9m00.0s

running (3m31.7s), 1425/1425 VUs, 39352 complete and 0 interrupted iterations
users   [  39% ] 1425/1425 VUs  3m31.7s/9m00.0s

running (3m32.7s), 1425/1425 VUs, 39516 complete and 0 interrupted iterations
users   [  39% ] 1425/1425 VUs  3m32.7s/9m00.0s

running (3m33.7s), 1425/1425 VUs, 39737 complete and 0 interrupted iterations
users   [  40% ] 1425/1425 VUs  3m33.7s/9m00.0s

running (3m34.7s), 1425/1425 VUs, 39873 complete and 0 interrupted iterations
users   [  40% ] 1425/1425 VUs  3m34.7s/9m00.0s

running (3m35.7s), 1425/1425 VUs, 40082 complete and 0 interrupted iterations
users   [  40% ] 1425/1425 VUs  3m35.7s/9m00.0s

running (3m36.7s), 1425/1425 VUs, 40286 complete and 0 interrupted iterations
users   [  40% ] 1425/1425 VUs  3m36.7s/9m00.0s

running (3m37.7s), 1425/1425 VUs, 40479 complete and 0 interrupted iterations
users   [  40% ] 1425/1425 VUs  3m37.7s/9m00.0s

running (3m38.7s), 1425/1425 VUs, 40666 complete and 0 interrupted iterations
users   [  41% ] 1425/1425 VUs  3m38.7s/9m00.0s

running (3m39.7s), 1425/1425 VUs, 40876 complete and 0 interrupted iterations
users   [  41% ] 1425/1425 VUs  3m39.7s/9m00.0s

running (3m40.7s), 1425/1425 VUs, 41093 complete and 0 interrupted iterations
users   [  41% ] 1425/1425 VUs  3m40.7s/9m00.0s

running (3m41.7s), 1425/1425 VUs, 41296 complete and 0 interrupted iterations
users   [  41% ] 1425/1425 VUs  3m41.7s/9m00.0s

running (3m42.7s), 1425/1425 VUs, 41509 complete and 0 interrupted iterations
users   [  41% ] 1425/1425 VUs  3m42.7s/9m00.0s

running (3m43.7s), 1425/1425 VUs, 41691 complete and 0 interrupted iterations
users   [  41% ] 1425/1425 VUs  3m43.7s/9m00.0s

running (3m44.7s), 1425/1425 VUs, 41900 complete and 0 interrupted iterations
users   [  42% ] 1425/1425 VUs  3m44.7s/9m00.0s

running (3m45.7s), 1425/1425 VUs, 42116 complete and 0 interrupted iterations
users   [  42% ] 1425/1425 VUs  3m45.7s/9m00.0s

running (3m46.7s), 1425/1425 VUs, 42327 complete and 0 interrupted iterations
users   [  42% ] 1425/1425 VUs  3m46.7s/9m00.0s

running (3m47.7s), 1425/1425 VUs, 42534 complete and 0 interrupted iterations
users   [  42% ] 1425/1425 VUs  3m47.7s/9m00.0s

running (3m48.7s), 1425/1425 VUs, 42747 complete and 0 interrupted iterations
users   [  42% ] 1425/1425 VUs  3m48.7s/9m00.0s

running (3m49.7s), 1425/1425 VUs, 42962 complete and 0 interrupted iterations
users   [  43% ] 1425/1425 VUs  3m49.7s/9m00.0s

running (3m50.7s), 1425/1425 VUs, 43141 complete and 0 interrupted iterations
users   [  43% ] 1425/1425 VUs  3m50.7s/9m00.0s

running (3m51.7s), 1425/1425 VUs, 43363 complete and 0 interrupted iterations
users   [  43% ] 1425/1425 VUs  3m51.7s/9m00.0s

running (3m52.7s), 1425/1425 VUs, 43578 complete and 0 interrupted iterations
users   [  43% ] 1425/1425 VUs  3m52.7s/9m00.0s

running (3m53.7s), 1425/1425 VUs, 43797 complete and 0 interrupted iterations
users   [  43% ] 1425/1425 VUs  3m53.7s/9m00.0s

running (3m54.7s), 1425/1425 VUs, 43996 complete and 0 interrupted iterations
users   [  43% ] 1425/1425 VUs  3m54.7s/9m00.0s

running (3m55.7s), 1425/1425 VUs, 44202 complete and 0 interrupted iterations
users   [  44% ] 1425/1425 VUs  3m55.7s/9m00.0s

running (3m56.7s), 1425/1425 VUs, 44413 complete and 0 interrupted iterations
users   [  44% ] 1425/1425 VUs  3m56.7s/9m00.0s

running (3m57.7s), 1425/1425 VUs, 44616 complete and 0 interrupted iterations
users   [  44% ] 1425/1425 VUs  3m57.7s/9m00.0s

running (3m58.7s), 1425/1425 VUs, 44832 complete and 0 interrupted iterations
users   [  44% ] 1425/1425 VUs  3m58.7s/9m00.0s

running (3m59.7s), 1425/1425 VUs, 45036 complete and 0 interrupted iterations
users   [  44% ] 1425/1425 VUs  3m59.7s/9m00.0s

running (4m00.7s), 1425/1425 VUs, 45242 complete and 0 interrupted iterations
users   [  45% ] 1425/1425 VUs  4m00.7s/9m00.0s

running (4m01.7s), 1425/1425 VUs, 45453 complete and 0 interrupted iterations
users   [  45% ] 1425/1425 VUs  4m01.7s/9m00.0s

running (4m02.7s), 1425/1425 VUs, 45661 complete and 0 interrupted iterations
users   [  45% ] 1425/1425 VUs  4m02.7s/9m00.0s

running (4m03.7s), 1425/1425 VUs, 45868 complete and 0 interrupted iterations
users   [  45% ] 1425/1425 VUs  4m03.7s/9m00.0s

running (4m04.7s), 1425/1425 VUs, 46070 complete and 0 interrupted iterations
users   [  45% ] 1425/1425 VUs  4m04.7s/9m00.0s

running (4m05.7s), 1425/1425 VUs, 46276 complete and 0 interrupted iterations
users   [  46% ] 1425/1425 VUs  4m05.7s/9m00.0s

running (4m06.7s), 1425/1425 VUs, 46488 complete and 0 interrupted iterations
users   [  46% ] 1425/1425 VUs  4m06.7s/9m00.0s

running (4m07.7s), 1425/1425 VUs, 46668 complete and 0 interrupted iterations
users   [  46% ] 1425/1425 VUs  4m07.7s/9m00.0s

running (4m08.7s), 1425/1425 VUs, 46876 complete and 0 interrupted iterations
users   [  46% ] 1425/1425 VUs  4m08.7s/9m00.0s

running (4m09.7s), 1425/1425 VUs, 47084 complete and 0 interrupted iterations
users   [  46% ] 1425/1425 VUs  4m09.7s/9m00.0s

running (4m10.7s), 1425/1425 VUs, 47290 complete and 0 interrupted iterations
users   [  46% ] 1425/1425 VUs  4m10.7s/9m00.0s

running (4m11.7s), 1425/1425 VUs, 47495 complete and 0 interrupted iterations
users   [  47% ] 1425/1425 VUs  4m11.7s/9m00.0s

running (4m12.7s), 1425/1425 VUs, 47689 complete and 0 interrupted iterations
users   [  47% ] 1425/1425 VUs  4m12.7s/9m00.0s

running (4m13.7s), 1425/1425 VUs, 47887 complete and 0 interrupted iterations
users   [  47% ] 1425/1425 VUs  4m13.7s/9m00.0s

running (4m14.7s), 1425/1425 VUs, 48100 complete and 0 interrupted iterations
users   [  47% ] 1425/1425 VUs  4m14.7s/9m00.0s

running (4m15.7s), 1425/1425 VUs, 48311 complete and 0 interrupted iterations
users   [  47% ] 1425/1425 VUs  4m15.7s/9m00.0s

running (4m16.7s), 1425/1425 VUs, 48523 complete and 0 interrupted iterations
users   [  48% ] 1425/1425 VUs  4m16.7s/9m00.0s

running (4m17.7s), 1425/1425 VUs, 48726 complete and 0 interrupted iterations
users   [  48% ] 1425/1425 VUs  4m17.7s/9m00.0s

running (4m18.7s), 1425/1425 VUs, 48933 complete and 0 interrupted iterations
users   [  48% ] 1425/1425 VUs  4m18.7s/9m00.0s

running (4m19.7s), 1425/1425 VUs, 49141 complete and 0 interrupted iterations
users   [  48% ] 1425/1425 VUs  4m19.7s/9m00.0s

running (4m20.7s), 1425/1425 VUs, 49355 complete and 0 interrupted iterations
users   [  48% ] 1425/1425 VUs  4m20.7s/9m00.0s

running (4m21.7s), 1425/1425 VUs, 49542 complete and 0 interrupted iterations
users   [  48% ] 1425/1425 VUs  4m21.7s/9m00.0s

running (4m22.7s), 1425/1425 VUs, 49757 complete and 0 interrupted iterations
users   [  49% ] 1425/1425 VUs  4m22.7s/9m00.0s

running (4m23.7s), 1425/1425 VUs, 49969 complete and 0 interrupted iterations
users   [  49% ] 1425/1425 VUs  4m23.7s/9m00.0s

running (4m24.7s), 1425/1425 VUs, 50184 complete and 0 interrupted iterations
users   [  49% ] 1425/1425 VUs  4m24.7s/9m00.0s

running (4m25.7s), 1425/1425 VUs, 50400 complete and 0 interrupted iterations
users   [  49% ] 1425/1425 VUs  4m25.7s/9m00.0s

running (4m26.7s), 1425/1425 VUs, 50611 complete and 0 interrupted iterations
users   [  49% ] 1425/1425 VUs  4m26.7s/9m00.0s

running (4m27.7s), 1425/1425 VUs, 50811 complete and 0 interrupted iterations
users   [  50% ] 1425/1425 VUs  4m27.7s/9m00.0s

running (4m28.7s), 1425/1425 VUs, 51019 complete and 0 interrupted iterations
users   [  50% ] 1425/1425 VUs  4m28.7s/9m00.0s

running (4m29.7s), 1425/1425 VUs, 51231 complete and 0 interrupted iterations
users   [  50% ] 1425/1425 VUs  4m29.7s/9m00.0s

running (4m30.7s), 1425/1425 VUs, 51441 complete and 0 interrupted iterations
users   [  50% ] 1425/1425 VUs  4m30.7s/9m00.0s

running (4m31.7s), 1425/1425 VUs, 51649 complete and 0 interrupted iterations
users   [  50% ] 1425/1425 VUs  4m31.7s/9m00.0s

running (4m32.7s), 1425/1425 VUs, 51861 complete and 0 interrupted iterations
users   [  51% ] 1425/1425 VUs  4m32.7s/9m00.0s

running (4m33.7s), 1425/1425 VUs, 52072 complete and 0 interrupted iterations
users   [  51% ] 1425/1425 VUs  4m33.7s/9m00.0s

running (4m34.7s), 1425/1425 VUs, 52247 complete and 0 interrupted iterations
users   [  51% ] 1425/1425 VUs  4m34.7s/9m00.0s

running (4m35.7s), 1425/1425 VUs, 52431 complete and 0 interrupted iterations
users   [  51% ] 1425/1425 VUs  4m35.7s/9m00.0s

running (4m36.7s), 1425/1425 VUs, 52642 complete and 0 interrupted iterations
users   [  51% ] 1425/1425 VUs  4m36.7s/9m00.0s

running (4m37.7s), 1425/1425 VUs, 52857 complete and 0 interrupted iterations
users   [  51% ] 1425/1425 VUs  4m37.7s/9m00.0s

running (4m38.7s), 1425/1425 VUs, 53063 complete and 0 interrupted iterations
users   [  52% ] 1425/1425 VUs  4m38.7s/9m00.0s

running (4m39.7s), 1425/1425 VUs, 53273 complete and 0 interrupted iterations
users   [  52% ] 1425/1425 VUs  4m39.7s/9m00.0s

running (4m40.7s), 1425/1425 VUs, 53492 complete and 0 interrupted iterations
users   [  52% ] 1425/1425 VUs  4m40.7s/9m00.0s

running (4m41.7s), 1425/1425 VUs, 53705 complete and 0 interrupted iterations
users   [  52% ] 1425/1425 VUs  4m41.7s/9m00.0s

running (4m42.7s), 1425/1425 VUs, 53920 complete and 0 interrupted iterations
users   [  52% ] 1425/1425 VUs  4m42.7s/9m00.0s

running (4m43.7s), 1425/1425 VUs, 54129 complete and 0 interrupted iterations
users   [  53% ] 1425/1425 VUs  4m43.7s/9m00.0s

running (4m44.7s), 1425/1425 VUs, 54328 complete and 0 interrupted iterations
users   [  53% ] 1425/1425 VUs  4m44.7s/9m00.0s

running (4m45.7s), 1425/1425 VUs, 54541 complete and 0 interrupted iterations
users   [  53% ] 1425/1425 VUs  4m45.7s/9m00.0s

running (4m46.7s), 1425/1425 VUs, 54751 complete and 0 interrupted iterations
users   [  53% ] 1425/1425 VUs  4m46.7s/9m00.0s

running (4m47.7s), 1425/1425 VUs, 54972 complete and 0 interrupted iterations
users   [  53% ] 1425/1425 VUs  4m47.7s/9m00.0s

running (4m48.7s), 1425/1425 VUs, 55176 complete and 0 interrupted iterations
users   [  53% ] 1425/1425 VUs  4m48.7s/9m00.0s

running (4m49.7s), 1425/1425 VUs, 55393 complete and 0 interrupted iterations
users   [  54% ] 1425/1425 VUs  4m49.7s/9m00.0s

running (4m50.7s), 1425/1425 VUs, 55610 complete and 0 interrupted iterations
users   [  54% ] 1425/1425 VUs  4m50.7s/9m00.0s

running (4m51.7s), 1425/1425 VUs, 55830 complete and 0 interrupted iterations
users   [  54% ] 1425/1425 VUs  4m51.7s/9m00.0s

running (4m52.7s), 1425/1425 VUs, 56055 complete and 0 interrupted iterations
users   [  54% ] 1425/1425 VUs  4m52.7s/9m00.0s

running (4m53.7s), 1425/1425 VUs, 56269 complete and 0 interrupted iterations
users   [  54% ] 1425/1425 VUs  4m53.7s/9m00.0s

running (4m54.7s), 1425/1425 VUs, 56486 complete and 0 interrupted iterations
users   [  55% ] 1425/1425 VUs  4m54.7s/9m00.0s

running (4m55.7s), 1425/1425 VUs, 56694 complete and 0 interrupted iterations
users   [  55% ] 1425/1425 VUs  4m55.7s/9m00.0s

running (4m56.7s), 1425/1425 VUs, 56925 complete and 0 interrupted iterations
users   [  55% ] 1425/1425 VUs  4m56.7s/9m00.0s

running (4m57.7s), 1425/1425 VUs, 57140 complete and 0 interrupted iterations
users   [  55% ] 1425/1425 VUs  4m57.7s/9m00.0s

running (4m58.7s), 1425/1425 VUs, 57349 complete and 0 interrupted iterations
users   [  55% ] 1425/1425 VUs  4m58.7s/9m00.0s

running (4m59.7s), 1425/1425 VUs, 57569 complete and 0 interrupted iterations
users   [  56% ] 1425/1425 VUs  4m59.7s/9m00.0s

running (5m00.7s), 1425/1425 VUs, 57785 complete and 0 interrupted iterations
users   [  56% ] 1425/1425 VUs  5m00.7s/9m00.0s

running (5m01.7s), 1425/1425 VUs, 57997 complete and 0 interrupted iterations
users   [  56% ] 1425/1425 VUs  5m01.7s/9m00.0s

running (5m02.7s), 1425/1425 VUs, 58209 complete and 0 interrupted iterations
users   [  56% ] 1425/1425 VUs  5m02.7s/9m00.0s

running (5m03.7s), 1425/1425 VUs, 58428 complete and 0 interrupted iterations
users   [  56% ] 1425/1425 VUs  5m03.7s/9m00.0s

running (5m04.7s), 1425/1425 VUs, 58638 complete and 0 interrupted iterations
users   [  56% ] 1425/1425 VUs  5m04.7s/9m00.0s

running (5m05.7s), 1425/1425 VUs, 58848 complete and 0 interrupted iterations
users   [  57% ] 1425/1425 VUs  5m05.7s/9m00.0s

running (5m06.7s), 1425/1425 VUs, 59062 complete and 0 interrupted iterations
users   [  57% ] 1425/1425 VUs  5m06.7s/9m00.0s

running (5m07.7s), 1425/1425 VUs, 59278 complete and 0 interrupted iterations
users   [  57% ] 1425/1425 VUs  5m07.7s/9m00.0s

running (5m08.7s), 1425/1425 VUs, 59473 complete and 0 interrupted iterations
users   [  57% ] 1425/1425 VUs  5m08.7s/9m00.0s

running (5m09.7s), 1425/1425 VUs, 59691 complete and 0 interrupted iterations
users   [  57% ] 1425/1425 VUs  5m09.7s/9m00.0s

running (5m10.7s), 1425/1425 VUs, 59897 complete and 0 interrupted iterations
users   [  58% ] 1425/1425 VUs  5m10.7s/9m00.0s

running (5m11.7s), 1425/1425 VUs, 60092 complete and 0 interrupted iterations
users   [  58% ] 1425/1425 VUs  5m11.7s/9m00.0s

running (5m12.7s), 1425/1425 VUs, 60295 complete and 0 interrupted iterations
users   [  58% ] 1425/1425 VUs  5m12.7s/9m00.0s

running (5m13.7s), 1425/1425 VUs, 60478 complete and 0 interrupted iterations
users   [  58% ] 1425/1425 VUs  5m13.7s/9m00.0s

running (5m14.7s), 1425/1425 VUs, 60684 complete and 0 interrupted iterations
users   [  58% ] 1425/1425 VUs  5m14.7s/9m00.0s

running (5m15.7s), 1425/1425 VUs, 60899 complete and 0 interrupted iterations
users   [  58% ] 1425/1425 VUs  5m15.7s/9m00.0s

running (5m16.7s), 1425/1425 VUs, 61100 complete and 0 interrupted iterations
users   [  59% ] 1425/1425 VUs  5m16.7s/9m00.0s

running (5m17.7s), 1425/1425 VUs, 61299 complete and 0 interrupted iterations
users   [  59% ] 1425/1425 VUs  5m17.7s/9m00.0s

running (5m18.7s), 1425/1425 VUs, 61500 complete and 0 interrupted iterations
users   [  59% ] 1425/1425 VUs  5m18.7s/9m00.0s

running (5m19.7s), 1425/1425 VUs, 61706 complete and 0 interrupted iterations
users   [  59% ] 1425/1425 VUs  5m19.7s/9m00.0s

running (5m20.7s), 1425/1425 VUs, 61917 complete and 0 interrupted iterations
users   [  59% ] 1425/1425 VUs  5m20.7s/9m00.0s

running (5m21.7s), 1425/1425 VUs, 62128 complete and 0 interrupted iterations
users   [  60% ] 1425/1425 VUs  5m21.7s/9m00.0s

running (5m22.7s), 1425/1425 VUs, 62335 complete and 0 interrupted iterations
users   [  60% ] 1425/1425 VUs  5m22.7s/9m00.0s

running (5m23.7s), 1425/1425 VUs, 62548 complete and 0 interrupted iterations
users   [  60% ] 1425/1425 VUs  5m23.7s/9m00.0s

running (5m24.7s), 1425/1425 VUs, 62749 complete and 0 interrupted iterations
users   [  60% ] 1425/1425 VUs  5m24.7s/9m00.0s

running (5m25.7s), 1425/1425 VUs, 62959 complete and 0 interrupted iterations
users   [  60% ] 1425/1425 VUs  5m25.7s/9m00.0s

running (5m26.7s), 1425/1425 VUs, 63175 complete and 0 interrupted iterations
users   [  61% ] 1425/1425 VUs  5m26.7s/9m00.0s

running (5m27.7s), 1425/1425 VUs, 63389 complete and 0 interrupted iterations
users   [  61% ] 1425/1425 VUs  5m27.7s/9m00.0s

running (5m28.7s), 1425/1425 VUs, 63600 complete and 0 interrupted iterations
users   [  61% ] 1425/1425 VUs  5m28.7s/9m00.0s

running (5m29.7s), 1425/1425 VUs, 63819 complete and 0 interrupted iterations
users   [  61% ] 1425/1425 VUs  5m29.7s/9m00.0s

running (5m30.7s), 1425/1425 VUs, 64033 complete and 0 interrupted iterations
users   [  61% ] 1425/1425 VUs  5m30.7s/9m00.0s

running (5m31.7s), 1425/1425 VUs, 64254 complete and 0 interrupted iterations
users   [  61% ] 1425/1425 VUs  5m31.7s/9m00.0s

running (5m32.7s), 1425/1425 VUs, 64465 complete and 0 interrupted iterations
users   [  62% ] 1425/1425 VUs  5m32.7s/9m00.0s

running (5m33.7s), 1425/1425 VUs, 64686 complete and 0 interrupted iterations
users   [  62% ] 1425/1425 VUs  5m33.7s/9m00.0s

running (5m34.7s), 1425/1425 VUs, 64877 complete and 0 interrupted iterations
users   [  62% ] 1425/1425 VUs  5m34.7s/9m00.0s

running (5m35.7s), 1425/1425 VUs, 65096 complete and 0 interrupted iterations
users   [  62% ] 1425/1425 VUs  5m35.7s/9m00.0s

running (5m36.7s), 1425/1425 VUs, 65299 complete and 0 interrupted iterations
users   [  62% ] 1425/1425 VUs  5m36.7s/9m00.0s

running (5m37.7s), 1425/1425 VUs, 65506 complete and 0 interrupted iterations
users   [  63% ] 1425/1425 VUs  5m37.7s/9m00.0s

running (5m38.7s), 1425/1425 VUs, 65707 complete and 0 interrupted iterations
users   [  63% ] 1425/1425 VUs  5m38.7s/9m00.0s

running (5m39.7s), 1425/1425 VUs, 65930 complete and 0 interrupted iterations
users   [  63% ] 1425/1425 VUs  5m39.7s/9m00.0s

running (5m40.7s), 1425/1425 VUs, 66152 complete and 0 interrupted iterations
users   [  63% ] 1425/1425 VUs  5m40.7s/9m00.0s

running (5m41.7s), 1425/1425 VUs, 66361 complete and 0 interrupted iterations
users   [  63% ] 1425/1425 VUs  5m41.7s/9m00.0s

running (5m42.7s), 1425/1425 VUs, 66568 complete and 0 interrupted iterations
users   [  63% ] 1425/1425 VUs  5m42.7s/9m00.0s

running (5m43.7s), 1425/1425 VUs, 66786 complete and 0 interrupted iterations
users   [  64% ] 1425/1425 VUs  5m43.7s/9m00.0s

running (5m44.7s), 1425/1425 VUs, 67003 complete and 0 interrupted iterations
users   [  64% ] 1425/1425 VUs  5m44.7s/9m00.0s

running (5m45.7s), 1425/1425 VUs, 67211 complete and 0 interrupted iterations
users   [  64% ] 1425/1425 VUs  5m45.7s/9m00.0s

running (5m46.7s), 1425/1425 VUs, 67425 complete and 0 interrupted iterations
users   [  64% ] 1425/1425 VUs  5m46.7s/9m00.0s

running (5m47.7s), 1425/1425 VUs, 67648 complete and 0 interrupted iterations
users   [  64% ] 1425/1425 VUs  5m47.7s/9m00.0s

running (5m48.7s), 1425/1425 VUs, 67854 complete and 0 interrupted iterations
users   [  65% ] 1425/1425 VUs  5m48.7s/9m00.0s

running (5m49.7s), 1425/1425 VUs, 68071 complete and 0 interrupted iterations
users   [  65% ] 1425/1425 VUs  5m49.7s/9m00.0s

running (5m50.7s), 1425/1425 VUs, 68286 complete and 0 interrupted iterations
users   [  65% ] 1425/1425 VUs  5m50.7s/9m00.0s

running (5m51.7s), 1425/1425 VUs, 68503 complete and 0 interrupted iterations
users   [  65% ] 1425/1425 VUs  5m51.7s/9m00.0s

running (5m52.7s), 1425/1425 VUs, 68724 complete and 0 interrupted iterations
users   [  65% ] 1425/1425 VUs  5m52.7s/9m00.0s

running (5m53.7s), 1425/1425 VUs, 68929 complete and 0 interrupted iterations
users   [  66% ] 1425/1425 VUs  5m53.7s/9m00.0s

running (5m54.7s), 1425/1425 VUs, 69138 complete and 0 interrupted iterations
users   [  66% ] 1425/1425 VUs  5m54.7s/9m00.0s

running (5m55.7s), 1425/1425 VUs, 69357 complete and 0 interrupted iterations
users   [  66% ] 1425/1425 VUs  5m55.7s/9m00.0s

running (5m56.7s), 1425/1425 VUs, 69566 complete and 0 interrupted iterations
users   [  66% ] 1425/1425 VUs  5m56.7s/9m00.0s

running (5m57.7s), 1425/1425 VUs, 69786 complete and 0 interrupted iterations
users   [  66% ] 1425/1425 VUs  5m57.7s/9m00.0s

running (5m58.7s), 1425/1425 VUs, 70005 complete and 0 interrupted iterations
users   [  66% ] 1425/1425 VUs  5m58.7s/9m00.0s

running (5m59.7s), 1425/1425 VUs, 70215 complete and 0 interrupted iterations
users   [  67% ] 1425/1425 VUs  5m59.7s/9m00.0s

running (6m00.7s), 1425/1425 VUs, 70427 complete and 0 interrupted iterations
users   [  67% ] 1425/1425 VUs  6m00.7s/9m00.0s

running (6m01.7s), 1425/1425 VUs, 70643 complete and 0 interrupted iterations
users   [  67% ] 1425/1425 VUs  6m01.7s/9m00.0s

running (6m02.7s), 1425/1425 VUs, 70853 complete and 0 interrupted iterations
users   [  67% ] 1425/1425 VUs  6m02.7s/9m00.0s

running (6m03.7s), 1425/1425 VUs, 71065 complete and 0 interrupted iterations
users   [  67% ] 1425/1425 VUs  6m03.7s/9m00.0s

running (6m04.7s), 1425/1425 VUs, 71278 complete and 0 interrupted iterations
users   [  68% ] 1425/1425 VUs  6m04.7s/9m00.0s

running (6m05.7s), 1425/1425 VUs, 71502 complete and 0 interrupted iterations
users   [  68% ] 1425/1425 VUs  6m05.7s/9m00.0s

running (6m06.7s), 1425/1425 VUs, 71716 complete and 0 interrupted iterations
users   [  68% ] 1425/1425 VUs  6m06.7s/9m00.0s

running (6m07.7s), 1425/1425 VUs, 71860 complete and 0 interrupted iterations
users   [  68% ] 1425/1425 VUs  6m07.7s/9m00.0s

running (6m08.7s), 1425/1425 VUs, 72072 complete and 0 interrupted iterations
users   [  68% ] 1425/1425 VUs  6m08.7s/9m00.0s

running (6m09.7s), 1425/1425 VUs, 72274 complete and 0 interrupted iterations
users   [  68% ] 1425/1425 VUs  6m09.7s/9m00.0s

running (6m10.7s), 1425/1425 VUs, 72493 complete and 0 interrupted iterations
users   [  69% ] 1425/1425 VUs  6m10.7s/9m00.0s

running (6m11.7s), 1425/1425 VUs, 72698 complete and 0 interrupted iterations
users   [  69% ] 1425/1425 VUs  6m11.7s/9m00.0s

running (6m12.7s), 1425/1425 VUs, 72897 complete and 0 interrupted iterations
users   [  69% ] 1425/1425 VUs  6m12.7s/9m00.0s

running (6m13.7s), 1425/1425 VUs, 73100 complete and 0 interrupted iterations
users   [  69% ] 1425/1425 VUs  6m13.7s/9m00.0s

running (6m14.7s), 1425/1425 VUs, 73310 complete and 0 interrupted iterations
users   [  69% ] 1425/1425 VUs  6m14.7s/9m00.0s

running (6m15.7s), 1425/1425 VUs, 73520 complete and 0 interrupted iterations
users   [  70% ] 1425/1425 VUs  6m15.7s/9m00.0s

running (6m16.7s), 1425/1425 VUs, 73740 complete and 0 interrupted iterations
users   [  70% ] 1425/1425 VUs  6m16.7s/9m00.0s

running (6m17.7s), 1425/1425 VUs, 73946 complete and 0 interrupted iterations
users   [  70% ] 1425/1425 VUs  6m17.7s/9m00.0s

running (6m18.7s), 1425/1425 VUs, 74138 complete and 0 interrupted iterations
users   [  70% ] 1425/1425 VUs  6m18.7s/9m00.0s

running (6m19.7s), 1425/1425 VUs, 74290 complete and 0 interrupted iterations
users   [  70% ] 1425/1425 VUs  6m19.7s/9m00.0s

running (6m20.7s), 1425/1425 VUs, 74499 complete and 0 interrupted iterations
users   [  71% ] 1425/1425 VUs  6m20.7s/9m00.0s

running (6m21.7s), 1425/1425 VUs, 74713 complete and 0 interrupted iterations
users   [  71% ] 1425/1425 VUs  6m21.7s/9m00.0s

running (6m22.7s), 1425/1425 VUs, 74924 complete and 0 interrupted iterations
users   [  71% ] 1425/1425 VUs  6m22.7s/9m00.0s

running (6m23.7s), 1425/1425 VUs, 75121 complete and 0 interrupted iterations
users   [  71% ] 1425/1425 VUs  6m23.7s/9m00.0s

running (6m24.7s), 1425/1425 VUs, 75331 complete and 0 interrupted iterations
users   [  71% ] 1425/1425 VUs  6m24.7s/9m00.0s

running (6m25.7s), 1425/1425 VUs, 75542 complete and 0 interrupted iterations
users   [  71% ] 1425/1425 VUs  6m25.7s/9m00.0s

running (6m26.7s), 1425/1425 VUs, 75752 complete and 0 interrupted iterations
users   [  72% ] 1425/1425 VUs  6m26.7s/9m00.0s

running (6m27.7s), 1425/1425 VUs, 75965 complete and 0 interrupted iterations
users   [  72% ] 1425/1425 VUs  6m27.7s/9m00.0s

running (6m28.7s), 1425/1425 VUs, 76184 complete and 0 interrupted iterations
users   [  72% ] 1425/1425 VUs  6m28.7s/9m00.0s

running (6m29.7s), 1425/1425 VUs, 76389 complete and 0 interrupted iterations
users   [  72% ] 1425/1425 VUs  6m29.7s/9m00.0s

running (6m30.7s), 1425/1425 VUs, 76597 complete and 0 interrupted iterations
users   [  72% ] 1425/1425 VUs  6m30.7s/9m00.0s

running (6m31.7s), 1425/1425 VUs, 76807 complete and 0 interrupted iterations
users   [  73% ] 1425/1425 VUs  6m31.7s/9m00.0s

running (6m32.7s), 1425/1425 VUs, 77013 complete and 0 interrupted iterations
users   [  73% ] 1425/1425 VUs  6m32.7s/9m00.0s

running (6m33.7s), 1425/1425 VUs, 77227 complete and 0 interrupted iterations
users   [  73% ] 1425/1425 VUs  6m33.7s/9m00.0s

running (6m34.7s), 1425/1425 VUs, 77449 complete and 0 interrupted iterations
users   [  73% ] 1425/1425 VUs  6m34.7s/9m00.0s

running (6m35.7s), 1425/1425 VUs, 77662 complete and 0 interrupted iterations
users   [  73% ] 1425/1425 VUs  6m35.7s/9m00.0s

running (6m36.7s), 1425/1425 VUs, 77882 complete and 0 interrupted iterations
users   [  73% ] 1425/1425 VUs  6m36.7s/9m00.0s

running (6m37.7s), 1425/1425 VUs, 78100 complete and 0 interrupted iterations
users   [  74% ] 1425/1425 VUs  6m37.7s/9m00.0s

running (6m38.7s), 1425/1425 VUs, 78320 complete and 0 interrupted iterations
users   [  74% ] 1425/1425 VUs  6m38.7s/9m00.0s

running (6m39.7s), 1425/1425 VUs, 78516 complete and 0 interrupted iterations
users   [  74% ] 1425/1425 VUs  6m39.7s/9m00.0s

running (6m40.7s), 1425/1425 VUs, 78740 complete and 0 interrupted iterations
users   [  74% ] 1425/1425 VUs  6m40.7s/9m00.0s

running (6m41.7s), 1425/1425 VUs, 78950 complete and 0 interrupted iterations
users   [  74% ] 1425/1425 VUs  6m41.7s/9m00.0s

running (6m42.7s), 1425/1425 VUs, 79164 complete and 0 interrupted iterations
users   [  75% ] 1425/1425 VUs  6m42.7s/9m00.0s

running (6m43.7s), 1425/1425 VUs, 79383 complete and 0 interrupted iterations
users   [  75% ] 1425/1425 VUs  6m43.7s/9m00.0s

running (6m44.7s), 1425/1425 VUs, 79595 complete and 0 interrupted iterations
users   [  75% ] 1425/1425 VUs  6m44.7s/9m00.0s

running (6m45.7s), 1425/1425 VUs, 79810 complete and 0 interrupted iterations
users   [  75% ] 1425/1425 VUs  6m45.7s/9m00.0s

running (6m46.7s), 1425/1425 VUs, 80023 complete and 0 interrupted iterations
users   [  75% ] 1425/1425 VUs  6m46.7s/9m00.0s

running (6m47.7s), 1425/1425 VUs, 80235 complete and 0 interrupted iterations
users   [  76% ] 1425/1425 VUs  6m47.7s/9m00.0s

running (6m48.7s), 1425/1425 VUs, 80454 complete and 0 interrupted iterations
users   [  76% ] 1425/1425 VUs  6m48.7s/9m00.0s

running (6m49.7s), 1425/1425 VUs, 80651 complete and 0 interrupted iterations
users   [  76% ] 1425/1425 VUs  6m49.7s/9m00.0s

running (6m50.7s), 1425/1425 VUs, 80869 complete and 0 interrupted iterations
users   [  76% ] 1425/1425 VUs  6m50.7s/9m00.0s

running (6m51.7s), 1425/1425 VUs, 81083 complete and 0 interrupted iterations
users   [  76% ] 1425/1425 VUs  6m51.7s/9m00.0s

running (6m52.7s), 1425/1425 VUs, 81282 complete and 0 interrupted iterations
users   [  76% ] 1425/1425 VUs  6m52.7s/9m00.0s

running (6m53.7s), 1425/1425 VUs, 81495 complete and 0 interrupted iterations
users   [  77% ] 1425/1425 VUs  6m53.7s/9m00.0s

running (6m54.7s), 1425/1425 VUs, 81702 complete and 0 interrupted iterations
users   [  77% ] 1425/1425 VUs  6m54.7s/9m00.0s

running (6m55.7s), 1425/1425 VUs, 81923 complete and 0 interrupted iterations
users   [  77% ] 1425/1425 VUs  6m55.7s/9m00.0s

running (6m56.7s), 1425/1425 VUs, 82130 complete and 0 interrupted iterations
users   [  77% ] 1425/1425 VUs  6m56.7s/9m00.0s

running (6m57.7s), 1425/1425 VUs, 82337 complete and 0 interrupted iterations
users   [  77% ] 1425/1425 VUs  6m57.7s/9m00.0s

running (6m58.7s), 1425/1425 VUs, 82509 complete and 0 interrupted iterations
users   [  78% ] 1425/1425 VUs  6m58.7s/9m00.0s

running (6m59.7s), 1425/1425 VUs, 82714 complete and 0 interrupted iterations
users   [  78% ] 1425/1425 VUs  6m59.7s/9m00.0s

running (7m00.7s), 1425/1425 VUs, 82930 complete and 0 interrupted iterations
users   [  78% ] 1425/1425 VUs  7m00.7s/9m00.0s

running (7m01.7s), 1421/1425 VUs, 83138 complete and 0 interrupted iterations
users   [  78% ] 1421/1425 VUs  7m01.7s/9m00.0s

running (7m02.7s), 1417/1425 VUs, 83348 complete and 0 interrupted iterations
users   [  78% ] 1417/1425 VUs  7m02.7s/9m00.0s

running (7m03.7s), 1410/1425 VUs, 83560 complete and 0 interrupted iterations
users   [  78% ] 1410/1425 VUs  7m03.7s/9m00.0s

running (7m04.7s), 1405/1425 VUs, 83722 complete and 0 interrupted iterations
users   [  79% ] 1405/1425 VUs  7m04.7s/9m00.0s

running (7m05.7s), 1398/1425 VUs, 83927 complete and 0 interrupted iterations
users   [  79% ] 1398/1425 VUs  7m05.7s/9m00.0s

running (7m06.7s), 1392/1425 VUs, 84137 complete and 0 interrupted iterations
users   [  79% ] 1392/1425 VUs  7m06.7s/9m00.0s

running (7m07.7s), 1378/1425 VUs, 84347 complete and 0 interrupted iterations
users   [  79% ] 1378/1425 VUs  7m07.7s/9m00.0s

running (7m08.7s), 1370/1425 VUs, 84564 complete and 0 interrupted iterations
users   [  79% ] 1370/1425 VUs  7m08.7s/9m00.0s

running (7m09.7s), 1351/1425 VUs, 84775 complete and 0 interrupted iterations
users   [  80% ] 1351/1425 VUs  7m09.7s/9m00.0s

running (7m10.7s), 1335/1425 VUs, 84987 complete and 0 interrupted iterations
users   [  80% ] 1335/1425 VUs  7m10.7s/9m00.0s

running (7m11.7s), 1322/1425 VUs, 85177 complete and 0 interrupted iterations
users   [  80% ] 1322/1425 VUs  7m11.7s/9m00.0s

running (7m12.7s), 1318/1425 VUs, 85293 complete and 0 interrupted iterations
users   [  80% ] 1318/1425 VUs  7m12.7s/9m00.0s

running (7m13.7s), 1313/1425 VUs, 85383 complete and 0 interrupted iterations
users   [  80% ] 1313/1425 VUs  7m13.7s/9m00.0s

running (7m14.7s), 1307/1425 VUs, 85550 complete and 0 interrupted iterations
users   [  81% ] 1307/1425 VUs  7m14.7s/9m00.0s

running (7m15.7s), 1292/1425 VUs, 85763 complete and 0 interrupted iterations
users   [  81% ] 1292/1425 VUs  7m15.7s/9m00.0s

running (7m16.7s), 1281/1425 VUs, 85970 complete and 0 interrupted iterations
users   [  81% ] 1281/1425 VUs  7m16.7s/9m00.0s

running (7m17.7s), 1265/1425 VUs, 86176 complete and 0 interrupted iterations
users   [  81% ] 1265/1425 VUs  7m17.7s/9m00.0s

running (7m18.7s), 1243/1425 VUs, 86391 complete and 0 interrupted iterations
users   [  81% ] 1243/1425 VUs  7m18.7s/9m00.0s

running (7m19.7s), 1226/1425 VUs, 86608 complete and 0 interrupted iterations
users   [  81% ] 1226/1425 VUs  7m19.7s/9m00.0s

running (7m20.7s), 1209/1425 VUs, 86824 complete and 0 interrupted iterations
users   [  82% ] 1209/1425 VUs  7m20.7s/9m00.0s

running (7m21.7s), 1201/1425 VUs, 87040 complete and 0 interrupted iterations
users   [  82% ] 1201/1425 VUs  7m21.7s/9m00.0s

running (7m22.7s), 1190/1425 VUs, 87273 complete and 0 interrupted iterations
users   [  82% ] 1190/1425 VUs  7m22.7s/9m00.0s

running (7m23.7s), 1169/1425 VUs, 87623 complete and 0 interrupted iterations
users   [  82% ] 1169/1425 VUs  7m23.7s/9m00.0s

running (7m24.7s), 1155/1425 VUs, 87826 complete and 0 interrupted iterations
users   [  82% ] 1155/1425 VUs  7m24.7s/9m00.0s

running (7m25.7s), 1145/1425 VUs, 88024 complete and 0 interrupted iterations
users   [  83% ] 1145/1425 VUs  7m25.7s/9m00.0s

running (7m26.7s), 1136/1425 VUs, 88235 complete and 0 interrupted iterations
users   [  83% ] 1136/1425 VUs  7m26.7s/9m00.0s

running (7m27.7s), 1126/1425 VUs, 88451 complete and 0 interrupted iterations
users   [  83% ] 1126/1425 VUs  7m27.7s/9m00.0s

running (7m28.7s), 1109/1425 VUs, 88779 complete and 0 interrupted iterations
users   [  83% ] 1109/1425 VUs  7m28.7s/9m00.0s

running (7m29.7s), 1098/1425 VUs, 88966 complete and 0 interrupted iterations
users   [  83% ] 1098/1425 VUs  7m29.7s/9m00.0s

running (7m30.7s), 1091/1425 VUs, 89161 complete and 0 interrupted iterations
users   [  83% ] 1091/1425 VUs  7m30.7s/9m00.0s

running (7m31.7s), 1079/1425 VUs, 89359 complete and 0 interrupted iterations
users   [  84% ] 1079/1425 VUs  7m31.7s/9m00.0s

running (7m32.7s), 1067/1425 VUs, 89556 complete and 0 interrupted iterations
users   [  84% ] 1067/1425 VUs  7m32.7s/9m00.0s

running (7m33.7s), 1053/1425 VUs, 89861 complete and 0 interrupted iterations
users   [  84% ] 1053/1425 VUs  7m33.7s/9m00.0s

running (7m34.7s), 1043/1425 VUs, 90049 complete and 0 interrupted iterations
users   [  84% ] 1043/1425 VUs  7m34.7s/9m00.0s

running (7m35.7s), 1035/1425 VUs, 90239 complete and 0 interrupted iterations
users   [  84% ] 1035/1425 VUs  7m35.7s/9m00.0s

running (7m36.7s), 1021/1425 VUs, 90425 complete and 0 interrupted iterations
users   [  85% ] 1021/1425 VUs  7m36.7s/9m00.0s

running (7m37.7s), 1007/1425 VUs, 90610 complete and 0 interrupted iterations
users   [  85% ] 1007/1425 VUs  7m37.7s/9m00.0s

running (7m38.7s), 0992/1425 VUs, 90898 complete and 0 interrupted iterations
users   [  85% ] 0992/1425 VUs  7m38.7s/9m00.0s

running (7m39.7s), 0985/1425 VUs, 91080 complete and 0 interrupted iterations
users   [  85% ] 0985/1425 VUs  7m39.7s/9m00.0s

running (7m40.7s), 0969/1425 VUs, 91266 complete and 0 interrupted iterations
users   [  85% ] 0969/1425 VUs  7m40.7s/9m00.0s

running (7m41.7s), 0960/1425 VUs, 91439 complete and 0 interrupted iterations
users   [  86% ] 0960/1425 VUs  7m41.7s/9m00.0s

running (7m42.7s), 0957/1425 VUs, 91607 complete and 0 interrupted iterations
users   [  86% ] 0957/1425 VUs  7m42.7s/9m00.0s

running (7m43.7s), 0939/1425 VUs, 91879 complete and 0 interrupted iterations
users   [  86% ] 0939/1425 VUs  7m43.7s/9m00.0s

running (7m44.7s), 0921/1425 VUs, 92057 complete and 0 interrupted iterations
users   [  86% ] 0921/1425 VUs  7m44.7s/9m00.0s

running (7m45.7s), 0910/1425 VUs, 92230 complete and 0 interrupted iterations
users   [  86% ] 0910/1425 VUs  7m45.7s/9m00.0s

running (7m46.7s), 0901/1425 VUs, 92390 complete and 0 interrupted iterations
users   [  86% ] 0901/1425 VUs  7m46.7s/9m00.0s

running (7m47.7s), 0887/1425 VUs, 92556 complete and 0 interrupted iterations
users   [  87% ] 0887/1425 VUs  7m47.7s/9m00.0s

running (7m48.7s), 0875/1425 VUs, 92811 complete and 0 interrupted iterations
users   [  87% ] 0875/1425 VUs  7m48.7s/9m00.0s

running (7m49.7s), 0864/1425 VUs, 92970 complete and 0 interrupted iterations
users   [  87% ] 0864/1425 VUs  7m49.7s/9m00.0s

running (7m50.7s), 0855/1425 VUs, 93135 complete and 0 interrupted iterations
users   [  87% ] 0855/1425 VUs  7m50.7s/9m00.0s

running (7m51.7s), 0846/1425 VUs, 93283 complete and 0 interrupted iterations
users   [  87% ] 0846/1425 VUs  7m51.7s/9m00.0s

running (7m52.7s), 0834/1425 VUs, 93435 complete and 0 interrupted iterations
users   [  88% ] 0834/1425 VUs  7m52.7s/9m00.0s

running (7m53.7s), 0818/1425 VUs, 93671 complete and 0 interrupted iterations
users   [  88% ] 0818/1425 VUs  7m53.7s/9m00.0s

running (7m54.7s), 0805/1425 VUs, 93819 complete and 0 interrupted iterations
users   [  88% ] 0805/1425 VUs  7m54.7s/9m00.0s

running (7m55.7s), 0792/1425 VUs, 93983 complete and 0 interrupted iterations
users   [  88% ] 0792/1425 VUs  7m55.7s/9m00.0s

running (7m56.7s), 0786/1425 VUs, 94123 complete and 0 interrupted iterations
users   [  88% ] 0786/1425 VUs  7m56.7s/9m00.0s

running (7m57.7s), 0778/1425 VUs, 94262 complete and 0 interrupted iterations
users   [  88% ] 0778/1425 VUs  7m57.7s/9m00.0s

running (7m58.7s), 0762/1425 VUs, 94480 complete and 0 interrupted iterations
users   [  89% ] 0762/1425 VUs  7m58.7s/9m00.0s

running (7m59.7s), 0749/1425 VUs, 94616 complete and 0 interrupted iterations
users   [  89% ] 0749/1425 VUs  7m59.7s/9m00.0s

running (8m00.7s), 0739/1425 VUs, 94764 complete and 0 interrupted iterations
users   [  89% ] 0739/1425 VUs  8m00.7s/9m00.0s

running (8m01.7s), 0726/1425 VUs, 94898 complete and 0 interrupted iterations
users   [  89% ] 0726/1425 VUs  8m01.7s/9m00.0s

running (8m02.7s), 0713/1425 VUs, 95030 complete and 0 interrupted iterations
users   [  89% ] 0713/1425 VUs  8m02.7s/9m00.0s

running (8m03.7s), 0699/1425 VUs, 95233 complete and 0 interrupted iterations
users   [  90% ] 0699/1425 VUs  8m03.7s/9m00.0s

running (8m04.7s), 0686/1425 VUs, 95358 complete and 0 interrupted iterations
users   [  90% ] 0686/1425 VUs  8m04.7s/9m00.0s

running (8m05.7s), 0671/1425 VUs, 95493 complete and 0 interrupted iterations
users   [  90% ] 0671/1425 VUs  8m05.7s/9m00.0s

running (8m06.7s), 0663/1425 VUs, 95612 complete and 0 interrupted iterations
users   [  90% ] 0663/1425 VUs  8m06.7s/9m00.0s

running (8m07.7s), 0658/1425 VUs, 95728 complete and 0 interrupted iterations
users   [  90% ] 0658/1425 VUs  8m07.7s/9m00.0s

running (8m08.7s), 0636/1425 VUs, 95918 complete and 0 interrupted iterations
users   [  91% ] 0636/1425 VUs  8m08.7s/9m00.0s

running (8m09.7s), 0626/1425 VUs, 96037 complete and 0 interrupted iterations
users   [  91% ] 0626/1425 VUs  8m09.7s/9m00.0s

running (8m10.7s), 0615/1425 VUs, 96158 complete and 0 interrupted iterations
users   [  91% ] 0615/1425 VUs  8m10.7s/9m00.0s

running (8m11.7s), 0609/1425 VUs, 96267 complete and 0 interrupted iterations
users   [  91% ] 0609/1425 VUs  8m11.7s/9m00.0s

running (8m12.7s), 0599/1425 VUs, 96378 complete and 0 interrupted iterations
users   [  91% ] 0599/1425 VUs  8m12.7s/9m00.0s

running (8m13.7s), 0579/1425 VUs, 96546 complete and 0 interrupted iterations
users   [  91% ] 0579/1425 VUs  8m13.7s/9m00.0s

running (8m14.7s), 0572/1425 VUs, 96656 complete and 0 interrupted iterations
users   [  92% ] 0572/1425 VUs  8m14.7s/9m00.0s

running (8m15.7s), 0558/1425 VUs, 96771 complete and 0 interrupted iterations
users   [  92% ] 0558/1425 VUs  8m15.7s/9m00.0s

running (8m16.7s), 0546/1425 VUs, 96869 complete and 0 interrupted iterations
users   [  92% ] 0546/1425 VUs  8m16.7s/9m00.0s

running (8m17.7s), 0537/1425 VUs, 96970 complete and 0 interrupted iterations
users   [  92% ] 0537/1425 VUs  8m17.7s/9m00.0s

running (8m18.7s), 0523/1425 VUs, 97117 complete and 0 interrupted iterations
users   [  92% ] 0523/1425 VUs  8m18.7s/9m00.0s

running (8m19.7s), 0510/1425 VUs, 97219 complete and 0 interrupted iterations
users   [  93% ] 0510/1425 VUs  8m19.7s/9m00.0s

running (8m20.7s), 0497/1425 VUs, 97320 complete and 0 interrupted iterations
users   [  93% ] 0497/1425 VUs  8m20.7s/9m00.0s

running (8m21.7s), 0488/1425 VUs, 97404 complete and 0 interrupted iterations
users   [  93% ] 0488/1425 VUs  8m21.7s/9m00.0s

running (8m22.7s), 0475/1425 VUs, 97501 complete and 0 interrupted iterations
users   [  93% ] 0475/1425 VUs  8m22.7s/9m00.0s

running (8m23.7s), 0459/1425 VUs, 97636 complete and 0 interrupted iterations
users   [  93% ] 0459/1425 VUs  8m23.7s/9m00.0s

running (8m24.7s), 0446/1425 VUs, 97725 complete and 0 interrupted iterations
users   [  93% ] 0446/1425 VUs  8m24.7s/9m00.0s

running (8m25.7s), 0438/1425 VUs, 97814 complete and 0 interrupted iterations
users   [  94% ] 0438/1425 VUs  8m25.7s/9m00.0s

running (8m26.7s), 0427/1425 VUs, 97890 complete and 0 interrupted iterations
users   [  94% ] 0427/1425 VUs  8m26.7s/9m00.0s

running (8m27.7s), 0412/1425 VUs, 97973 complete and 0 interrupted iterations
users   [  94% ] 0412/1425 VUs  8m27.7s/9m00.0s

running (8m28.7s), 0400/1425 VUs, 98089 complete and 0 interrupted iterations
users   [  94% ] 0400/1425 VUs  8m28.7s/9m00.0s

running (8m29.7s), 0389/1425 VUs, 98165 complete and 0 interrupted iterations
users   [  94% ] 0389/1425 VUs  8m29.7s/9m00.0s

running (8m30.7s), 0381/1425 VUs, 98250 complete and 0 interrupted iterations
users   [  95% ] 0381/1425 VUs  8m30.7s/9m00.0s

running (8m31.7s), 0369/1425 VUs, 98312 complete and 0 interrupted iterations
users   [  95% ] 0369/1425 VUs  8m31.7s/9m00.0s

running (8m32.7s), 0357/1425 VUs, 98380 complete and 0 interrupted iterations
users   [  95% ] 0357/1425 VUs  8m32.7s/9m00.0s

running (8m33.7s), 0341/1425 VUs, 98482 complete and 0 interrupted iterations
users   [  95% ] 0341/1425 VUs  8m33.7s/9m00.0s

running (8m34.7s), 0332/1425 VUs, 98549 complete and 0 interrupted iterations
users   [  95% ] 0332/1425 VUs  8m34.7s/9m00.0s

running (8m35.7s), 0319/1425 VUs, 98625 complete and 0 interrupted iterations
users   [  96% ] 0319/1425 VUs  8m35.7s/9m00.0s

running (8m36.7s), 0311/1425 VUs, 98678 complete and 0 interrupted iterations
users   [  96% ] 0311/1425 VUs  8m36.7s/9m00.0s

running (8m37.7s), 0301/1425 VUs, 98736 complete and 0 interrupted iterations
users   [  96% ] 0301/1425 VUs  8m37.7s/9m00.0s

running (8m38.7s), 0281/1425 VUs, 98822 complete and 0 interrupted iterations
users   [  96% ] 0281/1425 VUs  8m38.7s/9m00.0s

running (8m39.7s), 0270/1425 VUs, 98879 complete and 0 interrupted iterations
users   [  96% ] 0270/1425 VUs  8m39.7s/9m00.0s

running (8m40.7s), 0261/1425 VUs, 98941 complete and 0 interrupted iterations
users   [  96% ] 0261/1425 VUs  8m40.7s/9m00.0s

running (8m41.7s), 0255/1425 VUs, 98985 complete and 0 interrupted iterations
users   [  97% ] 0255/1425 VUs  8m41.7s/9m00.0s

running (8m42.7s), 0241/1425 VUs, 99034 complete and 0 interrupted iterations
users   [  97% ] 0241/1425 VUs  8m42.7s/9m00.0s

running (8m43.7s), 0226/1425 VUs, 99100 complete and 0 interrupted iterations
users   [  97% ] 0226/1425 VUs  8m43.7s/9m00.0s

running (8m44.7s), 0217/1425 VUs, 99146 complete and 0 interrupted iterations
users   [  97% ] 0217/1425 VUs  8m44.7s/9m00.0s

running (8m45.7s), 0206/1425 VUs, 99197 complete and 0 interrupted iterations
users   [  97% ] 0206/1425 VUs  8m45.7s/9m00.0s

running (8m46.7s), 0194/1425 VUs, 99236 complete and 0 interrupted iterations
users   [  98% ] 0194/1425 VUs  8m46.7s/9m00.0s

running (8m47.7s), 0177/1425 VUs, 99274 complete and 0 interrupted iterations
users   [  98% ] 0177/1425 VUs  8m47.7s/9m00.0s

running (8m48.7s), 0165/1425 VUs, 99324 complete and 0 interrupted iterations
users   [  98% ] 0165/1425 VUs  8m48.7s/9m00.0s

running (8m49.7s), 0153/1425 VUs, 99361 complete and 0 interrupted iterations
users   [  98% ] 0153/1425 VUs  8m49.7s/9m00.0s

running (8m50.7s), 0139/1425 VUs, 99398 complete and 0 interrupted iterations
users   [  98% ] 0139/1425 VUs  8m50.7s/9m00.0s

running (8m51.7s), 0125/1425 VUs, 99427 complete and 0 interrupted iterations
users   [  98% ] 0125/1425 VUs  8m51.7s/9m00.0s

running (8m52.7s), 0115/1425 VUs, 99451 complete and 0 interrupted iterations
users   [  99% ] 0115/1425 VUs  8m52.7s/9m00.0s

running (8m53.7s), 0098/1425 VUs, 99488 complete and 0 interrupted iterations
users   [  99% ] 0098/1425 VUs  8m53.7s/9m00.0s

running (8m54.7s), 0088/1425 VUs, 99512 complete and 0 interrupted iterations
users   [  99% ] 0088/1425 VUs  8m54.7s/9m00.0s

running (8m55.7s), 0079/1425 VUs, 99535 complete and 0 interrupted iterations
users   [  99% ] 0079/1425 VUs  8m55.7s/9m00.0s

running (8m56.7s), 0068/1425 VUs, 99551 complete and 0 interrupted iterations
users   [  99% ] 0068/1425 VUs  8m56.7s/9m00.0s

running (8m57.7s), 0058/1425 VUs, 99565 complete and 0 interrupted iterations
users   [ 100% ] 0058/1425 VUs  8m57.7s/9m00.0s

running (8m58.7s), 0044/1425 VUs, 99586 complete and 0 interrupted iterations
users   [ 100% ] 0044/1425 VUs  8m58.7s/9m00.0s

running (8m59.7s), 0034/1425 VUs, 99600 complete and 0 interrupted iterations
users   [ 100% ] 0034/1425 VUs  8m59.7s/9m00.0s

running (9m00.7s), 0023/1425 VUs, 99613 complete and 0 interrupted iterations
users ↓ [ 100% ] 0028/1425 VUs  9m0s

running (9m01.7s), 0018/1425 VUs, 99618 complete and 0 interrupted iterations
users ↓ [ 100% ] 0028/1425 VUs  9m0s

running (9m02.7s), 0013/1425 VUs, 99623 complete and 0 interrupted iterations
users ↓ [ 100% ] 0028/1425 VUs  9m0s

running (9m03.7s), 0006/1425 VUs, 99630 complete and 0 interrupted iterations
users ↓ [ 100% ] 0028/1425 VUs  9m0s

running (9m04.7s), 0002/1425 VUs, 99634 complete and 0 interrupted iterations
users ↓ [ 100% ] 0028/1425 VUs  9m0s


  █ THRESHOLDS 

    checks{phase:bench}
    ✓ 'rate>0.99' rate=100.00%

    http_req_duration{name:confirm,phase:bench}
    ✗ 'p(95)<200' p(95)=1.18s
    ✗ 'p(99)<600' p(99)=1.54s

    http_req_duration{name:download_expired,phase:bench}
    ✓ 'p(95)<200' p(95)=0s
    ✓ 'p(99)<600' p(99)=0s

    http_req_duration{name:download,phase:bench}
    ✗ 'p(95)<200' p(95)=3.07s
    ✗ 'p(99)<600' p(99)=4.07s

    http_req_duration{name:upload,phase:bench}
    ✗ 'p(95)<200' p(95)=1.2s
    ✗ 'p(99)<600' p(99)=1.64s

    http_req_failed{phase:bench}
    ✓ 'rate<0.01' rate=0.00%

    server_errors{phase:bench}
    ✓ 'rate<0.01' rate=0.00%


  █ TOTAL RESULTS 

    checks_total.......: 102281  187.737827/s
    checks_succeeded...: 100.00% 102281 out of 102281
    checks_failed......: 0.00%   0 out of 102281

    ✓ download as expected
    ✓ upload link 201
    ✓ confirm 200

    CUSTOM
    server_errors.............................: 0.00%  0 out of 102281
      { phase:bench }.........................: 0.00%  0 out of 67958

    HTTP
    http_req_duration.........................: med=904.89ms p(95)=2.86s p(99)=3.87s avg=966.1ms  max=7.61s 
      { expected_response:true }..............: med=904.89ms p(95)=2.86s p(99)=3.87s avg=966.1ms  max=7.61s 
      { name:confirm,phase:bench }............: med=778.88ms p(95)=1.18s p(99)=1.54s avg=661.33ms max=2.25s 
      { name:download_expired,phase:bench }...: med=0s       p(95)=0s    p(99)=0s    avg=0s       max=0s    
      { name:download,phase:bench }...........: med=1.41s    p(95)=3.07s p(99)=4.07s avg=1.38s    max=7.61s 
      { name:upload,phase:bench }.............: med=784.55ms p(95)=1.2s  p(99)=1.64s avg=675.49ms max=2.28s 
    http_req_failed...........................: 0.00%  0 out of 102281
      { phase:bench }.........................: 0.00%  0 out of 68369
    http_reqs.................................: 102281 187.737827/s

    EXECUTION
    iteration_duration........................: med=6.03s    p(95)=8.05s p(99)=9.19s avg=6.04s    max=12.61s
    iterations................................: 99636  182.882902/s
    vus.......................................: 2      min=2           max=1425
    vus_max...................................: 1425   min=1425        max=1425

    NETWORK
    data_received.............................: 240 MB 440 kB/s
    data_sent.................................: 83 MB  151 kB/s




running (9m04.8s), 0000/1425 VUs, 99636 complete and 0 interrupted iterations
users ✓ [ 100% ] 0000/1425 VUs  9m0s
time="2026-09-30T11:31:59Z" level=error msg="thresholds on metrics 'http_req_duration{name:confirm,phase:bench}, http_req_duration{name:download,phase:bench}, http_req_duration{name:upload,phase:bench}' have been crossed"
== 1425 users: fail
== resting 120s
== pass 10: 1415 users (passed up to 1406, failed from 1425)
TRUNCATE TABLE
SELECT 10000
ALTER TABLE
UPDATE 10000
INSERT 0 10000
COPY 10000
VACUUM
  expiry   | count 
-----------+-------
 HOURS24   |  3374
 MINUTES15 |  3343
 MINUTES30 |  3283
(3 rows)

 rows  |  table  | indexes |  total  
-------+---------+---------+---------
 10000 | 1112 kB | 1488 kB | 2600 kB
(1 row)

wrote /tmp/seed.csv (10000 files). Copy it to the load generator and run load-file-list.sh.
file list loaded: 10000 files
time="2026-09-30T11:34:01Z" level=info msg="Automatic extension resolution is enabled. The current k6 binary doesn't satisfy all dependencies, it's required to provision a custom binary." deps="k6;k6/x/redis"
time="2026-09-30T11:34:02Z" level=info msg="Using cached k6 binary" artifact_id=d29e86c20dd9a49cb84ea3c41fac5b8b8e524e06 deps="map[k6:v2.3.0 k6/x/redis:v0.4.3]" path=/home/admin/.cache/k6/builds/d29e86c20dd9a49cb84ea3c41fac5b8b8e524e06/k6

         /\      Grafana   /‾‾/  
    /\  /  \     |\  __   /  /   
   /  \/    \    | |/ /  /   ‾‾\ 
  /          \   |   (  |  (‾)  |
 / __________ \  |_|\_\  \_____/ 


     execution: local
        script: /home/admin/Mint-Bench/k6/mint.js
        output: csv (/home/admin/Mint-Bench/bench-sql/results/2026-09-30-0953/vus-1415/k6.csv.gz)

     scenarios: (100.00%) 1 scenario, 1415 max VUs, 9m30s max duration (incl. graceful stop):
              * users: Up to 1415 looping VUs for 9m0s over 3 stages (gracefulRampDown: 30s, gracefulStop: 30s)


running (0m00.7s), 0008/1415 VUs, 0 complete and 0 interrupted iterations
users   [   0% ] 0008/1415 VUs  0m00.7s/9m00.0s

running (0m01.7s), 0020/1415 VUs, 0 complete and 0 interrupted iterations
users   [   0% ] 0020/1415 VUs  0m01.7s/9m00.0s

running (0m02.7s), 0032/1415 VUs, 0 complete and 0 interrupted iterations
users   [   1% ] 0032/1415 VUs  0m02.7s/9m00.0s

running (0m03.7s), 0043/1415 VUs, 0 complete and 0 interrupted iterations
users   [   1% ] 0043/1415 VUs  0m03.7s/9m00.0s

running (0m04.7s), 0055/1415 VUs, 0 complete and 0 interrupted iterations
users   [   1% ] 0055/1415 VUs  0m04.7s/9m00.0s

running (0m05.7s), 0067/1415 VUs, 8 complete and 0 interrupted iterations
users   [   1% ] 0067/1415 VUs  0m05.7s/9m00.0s

running (0m06.7s), 0079/1415 VUs, 19 complete and 0 interrupted iterations
users   [   1% ] 0079/1415 VUs  0m06.7s/9m00.0s

running (0m07.7s), 0091/1415 VUs, 31 complete and 0 interrupted iterations
users   [   1% ] 0091/1415 VUs  0m07.7s/9m00.0s

running (0m08.7s), 0102/1415 VUs, 41 complete and 0 interrupted iterations
users   [   2% ] 0102/1415 VUs  0m08.7s/9m00.0s

running (0m09.7s), 0114/1415 VUs, 54 complete and 0 interrupted iterations
users   [   2% ] 0114/1415 VUs  0m09.7s/9m00.0s

running (0m10.7s), 0126/1415 VUs, 75 complete and 0 interrupted iterations
users   [   2% ] 0126/1415 VUs  0m10.7s/9m00.0s

running (0m11.7s), 0138/1415 VUs, 97 complete and 0 interrupted iterations
users   [   2% ] 0138/1415 VUs  0m11.7s/9m00.0s

running (0m12.7s), 0150/1415 VUs, 121 complete and 0 interrupted iterations
users   [   2% ] 0150/1415 VUs  0m12.7s/9m00.0s

running (0m13.7s), 0161/1415 VUs, 142 complete and 0 interrupted iterations
users   [   3% ] 0161/1415 VUs  0m13.7s/9m00.0s

running (0m14.7s), 0173/1415 VUs, 168 complete and 0 interrupted iterations
users   [   3% ] 0173/1415 VUs  0m14.7s/9m00.0s

running (0m15.7s), 0185/1415 VUs, 200 complete and 0 interrupted iterations
users   [   3% ] 0185/1415 VUs  0m15.7s/9m00.0s

running (0m16.7s), 0197/1415 VUs, 233 complete and 0 interrupted iterations
users   [   3% ] 0197/1415 VUs  0m16.7s/9m00.0s

running (0m17.7s), 0209/1415 VUs, 267 complete and 0 interrupted iterations
users   [   3% ] 0209/1415 VUs  0m17.7s/9m00.0s

running (0m18.7s), 0220/1415 VUs, 302 complete and 0 interrupted iterations
users   [   3% ] 0220/1415 VUs  0m18.7s/9m00.0s

running (0m19.7s), 0232/1415 VUs, 340 complete and 0 interrupted iterations
users   [   4% ] 0232/1415 VUs  0m19.7s/9m00.0s

running (0m20.7s), 0244/1415 VUs, 385 complete and 0 interrupted iterations
users   [   4% ] 0244/1415 VUs  0m20.7s/9m00.0s

running (0m21.7s), 0256/1415 VUs, 429 complete and 0 interrupted iterations
users   [   4% ] 0256/1415 VUs  0m21.7s/9m00.0s

running (0m22.7s), 0267/1415 VUs, 474 complete and 0 interrupted iterations
users   [   4% ] 0267/1415 VUs  0m22.7s/9m00.0s

running (0m23.7s), 0279/1415 VUs, 522 complete and 0 interrupted iterations
users   [   4% ] 0279/1415 VUs  0m23.7s/9m00.0s

running (0m24.7s), 0291/1415 VUs, 572 complete and 0 interrupted iterations
users   [   5% ] 0291/1415 VUs  0m24.7s/9m00.0s

running (0m25.7s), 0303/1415 VUs, 627 complete and 0 interrupted iterations
users   [   5% ] 0303/1415 VUs  0m25.7s/9m00.0s

running (0m26.7s), 0315/1415 VUs, 682 complete and 0 interrupted iterations
users   [   5% ] 0315/1415 VUs  0m26.7s/9m00.0s

running (0m27.7s), 0326/1415 VUs, 738 complete and 0 interrupted iterations
users   [   5% ] 0326/1415 VUs  0m27.7s/9m00.0s

running (0m28.7s), 0338/1415 VUs, 799 complete and 0 interrupted iterations
users   [   5% ] 0338/1415 VUs  0m28.7s/9m00.0s

running (0m29.7s), 0350/1415 VUs, 860 complete and 0 interrupted iterations
users   [   6% ] 0350/1415 VUs  0m29.7s/9m00.0s

running (0m30.7s), 0362/1415 VUs, 927 complete and 0 interrupted iterations
users   [   6% ] 0362/1415 VUs  0m30.7s/9m00.0s

running (0m31.7s), 0374/1415 VUs, 991 complete and 0 interrupted iterations
users   [   6% ] 0374/1415 VUs  0m31.7s/9m00.0s

running (0m32.7s), 0385/1415 VUs, 1060 complete and 0 interrupted iterations
users   [   6% ] 0385/1415 VUs  0m32.7s/9m00.0s

running (0m33.7s), 0397/1415 VUs, 1134 complete and 0 interrupted iterations
users   [   6% ] 0397/1415 VUs  0m33.7s/9m00.0s

running (0m34.7s), 0409/1415 VUs, 1207 complete and 0 interrupted iterations
users   [   6% ] 0409/1415 VUs  0m34.7s/9m00.0s

running (0m35.7s), 0421/1415 VUs, 1284 complete and 0 interrupted iterations
users   [   7% ] 0421/1415 VUs  0m35.7s/9m00.0s

running (0m36.7s), 0433/1415 VUs, 1360 complete and 0 interrupted iterations
users   [   7% ] 0433/1415 VUs  0m36.7s/9m00.0s

running (0m37.7s), 0444/1415 VUs, 1440 complete and 0 interrupted iterations
users   [   7% ] 0444/1415 VUs  0m37.7s/9m00.0s

running (0m38.7s), 0456/1415 VUs, 1527 complete and 0 interrupted iterations
users   [   7% ] 0456/1415 VUs  0m38.7s/9m00.0s

running (0m39.7s), 0468/1415 VUs, 1611 complete and 0 interrupted iterations
users   [   7% ] 0468/1415 VUs  0m39.7s/9m00.0s

running (0m40.7s), 0480/1415 VUs, 1699 complete and 0 interrupted iterations
users   [   8% ] 0480/1415 VUs  0m40.7s/9m00.0s

running (0m41.7s), 0492/1415 VUs, 1789 complete and 0 interrupted iterations
users   [   8% ] 0492/1415 VUs  0m41.7s/9m00.0s

running (0m42.7s), 0503/1415 VUs, 1883 complete and 0 interrupted iterations
users   [   8% ] 0503/1415 VUs  0m42.7s/9m00.0s

running (0m43.7s), 0515/1415 VUs, 1981 complete and 0 interrupted iterations
users   [   8% ] 0515/1415 VUs  0m43.7s/9m00.0s

running (0m44.7s), 0527/1415 VUs, 2076 complete and 0 interrupted iterations
users   [   8% ] 0527/1415 VUs  0m44.7s/9m00.0s

running (0m45.7s), 0539/1415 VUs, 2175 complete and 0 interrupted iterations
users   [   8% ] 0539/1415 VUs  0m45.7s/9m00.0s

running (0m46.7s), 0550/1415 VUs, 2272 complete and 0 interrupted iterations
users   [   9% ] 0550/1415 VUs  0m46.7s/9m00.0s

running (0m47.7s), 0562/1415 VUs, 2380 complete and 0 interrupted iterations
users   [   9% ] 0562/1415 VUs  0m47.7s/9m00.0s

running (0m48.7s), 0574/1415 VUs, 2490 complete and 0 interrupted iterations
users   [   9% ] 0574/1415 VUs  0m48.7s/9m00.0s

running (0m49.7s), 0586/1415 VUs, 2590 complete and 0 interrupted iterations
users   [   9% ] 0586/1415 VUs  0m49.7s/9m00.0s

running (0m50.7s), 0598/1415 VUs, 2706 complete and 0 interrupted iterations
users   [   9% ] 0598/1415 VUs  0m50.7s/9m00.0s

running (0m51.7s), 0609/1415 VUs, 2814 complete and 0 interrupted iterations
users   [  10% ] 0609/1415 VUs  0m51.7s/9m00.0s

running (0m52.7s), 0621/1415 VUs, 2932 complete and 0 interrupted iterations
users   [  10% ] 0621/1415 VUs  0m52.7s/9m00.0s

running (0m53.7s), 0633/1415 VUs, 3053 complete and 0 interrupted iterations
users   [  10% ] 0633/1415 VUs  0m53.7s/9m00.0s

running (0m54.7s), 0645/1415 VUs, 3172 complete and 0 interrupted iterations
users   [  10% ] 0645/1415 VUs  0m54.7s/9m00.0s

running (0m55.7s), 0657/1415 VUs, 3296 complete and 0 interrupted iterations
users   [  10% ] 0657/1415 VUs  0m55.7s/9m00.0s

running (0m56.7s), 0668/1415 VUs, 3419 complete and 0 interrupted iterations
users   [  11% ] 0668/1415 VUs  0m56.7s/9m00.0s

running (0m57.7s), 0680/1415 VUs, 3545 complete and 0 interrupted iterations
users   [  11% ] 0680/1415 VUs  0m57.7s/9m00.0s

running (0m58.7s), 0692/1415 VUs, 3675 complete and 0 interrupted iterations
users   [  11% ] 0692/1415 VUs  0m58.7s/9m00.0s

running (0m59.7s), 0704/1415 VUs, 3814 complete and 0 interrupted iterations
users   [  11% ] 0704/1415 VUs  0m59.7s/9m00.0s

running (1m00.7s), 0716/1415 VUs, 3942 complete and 0 interrupted iterations
users   [  11% ] 0716/1415 VUs  1m00.7s/9m00.0s

running (1m01.7s), 0727/1415 VUs, 4078 complete and 0 interrupted iterations
users   [  11% ] 0727/1415 VUs  1m01.7s/9m00.0s

running (1m02.7s), 0739/1415 VUs, 4213 complete and 0 interrupted iterations
users   [  12% ] 0739/1415 VUs  1m02.7s/9m00.0s

running (1m03.7s), 0751/1415 VUs, 4357 complete and 0 interrupted iterations
users   [  12% ] 0751/1415 VUs  1m03.7s/9m00.0s

running (1m04.7s), 0763/1415 VUs, 4505 complete and 0 interrupted iterations
users   [  12% ] 0763/1415 VUs  1m04.7s/9m00.0s

running (1m05.7s), 0775/1415 VUs, 4642 complete and 0 interrupted iterations
users   [  12% ] 0775/1415 VUs  1m05.7s/9m00.0s

running (1m06.7s), 0786/1415 VUs, 4800 complete and 0 interrupted iterations
users   [  12% ] 0786/1415 VUs  1m06.7s/9m00.0s

running (1m07.7s), 0798/1415 VUs, 4947 complete and 0 interrupted iterations
users   [  13% ] 0798/1415 VUs  1m07.7s/9m00.0s

running (1m08.7s), 0810/1415 VUs, 5101 complete and 0 interrupted iterations
users   [  13% ] 0810/1415 VUs  1m08.7s/9m00.0s

running (1m09.7s), 0822/1415 VUs, 5258 complete and 0 interrupted iterations
users   [  13% ] 0822/1415 VUs  1m09.7s/9m00.0s

running (1m10.7s), 0833/1415 VUs, 5406 complete and 0 interrupted iterations
users   [  13% ] 0833/1415 VUs  1m10.7s/9m00.0s

running (1m11.7s), 0845/1415 VUs, 5572 complete and 0 interrupted iterations
users   [  13% ] 0845/1415 VUs  1m11.7s/9m00.0s

running (1m12.7s), 0857/1415 VUs, 5733 complete and 0 interrupted iterations
users   [  13% ] 0857/1415 VUs  1m12.7s/9m00.0s

running (1m13.7s), 0869/1415 VUs, 5898 complete and 0 interrupted iterations
users   [  14% ] 0869/1415 VUs  1m13.7s/9m00.0s

running (1m14.7s), 0881/1415 VUs, 6070 complete and 0 interrupted iterations
users   [  14% ] 0881/1415 VUs  1m14.7s/9m00.0s

running (1m15.7s), 0892/1415 VUs, 6234 complete and 0 interrupted iterations
users   [  14% ] 0892/1415 VUs  1m15.7s/9m00.0s

running (1m16.7s), 0904/1415 VUs, 6411 complete and 0 interrupted iterations
users   [  14% ] 0904/1415 VUs  1m16.7s/9m00.0s

running (1m17.7s), 0916/1415 VUs, 6579 complete and 0 interrupted iterations
users   [  14% ] 0916/1415 VUs  1m17.7s/9m00.0s

running (1m18.7s), 0928/1415 VUs, 6755 complete and 0 interrupted iterations
users   [  15% ] 0928/1415 VUs  1m18.7s/9m00.0s

running (1m19.7s), 0940/1415 VUs, 6943 complete and 0 interrupted iterations
users   [  15% ] 0940/1415 VUs  1m19.7s/9m00.0s

running (1m20.7s), 0951/1415 VUs, 7114 complete and 0 interrupted iterations
users   [  15% ] 0951/1415 VUs  1m20.7s/9m00.0s

running (1m21.7s), 0963/1415 VUs, 7302 complete and 0 interrupted iterations
users   [  15% ] 0963/1415 VUs  1m21.7s/9m00.0s

running (1m22.7s), 0975/1415 VUs, 7487 complete and 0 interrupted iterations
users   [  15% ] 0975/1415 VUs  1m22.7s/9m00.0s

running (1m23.7s), 0987/1415 VUs, 7673 complete and 0 interrupted iterations
users   [  16% ] 0987/1415 VUs  1m23.7s/9m00.0s

running (1m24.7s), 0999/1415 VUs, 7873 complete and 0 interrupted iterations
users   [  16% ] 0999/1415 VUs  1m24.7s/9m00.0s

running (1m25.7s), 1010/1415 VUs, 8052 complete and 0 interrupted iterations
users   [  16% ] 1010/1415 VUs  1m25.7s/9m00.0s

running (1m26.7s), 1022/1415 VUs, 8255 complete and 0 interrupted iterations
users   [  16% ] 1022/1415 VUs  1m26.7s/9m00.0s

running (1m27.7s), 1034/1415 VUs, 8454 complete and 0 interrupted iterations
users   [  16% ] 1034/1415 VUs  1m27.7s/9m00.0s

running (1m28.7s), 1046/1415 VUs, 8649 complete and 0 interrupted iterations
users   [  16% ] 1046/1415 VUs  1m28.7s/9m00.0s

running (1m29.7s), 1058/1415 VUs, 8853 complete and 0 interrupted iterations
users   [  17% ] 1058/1415 VUs  1m29.7s/9m00.0s

running (1m30.7s), 1069/1415 VUs, 9048 complete and 0 interrupted iterations
users   [  17% ] 1069/1415 VUs  1m30.7s/9m00.0s

running (1m31.7s), 1081/1415 VUs, 9253 complete and 0 interrupted iterations
users   [  17% ] 1081/1415 VUs  1m31.7s/9m00.0s

running (1m32.7s), 1093/1415 VUs, 9473 complete and 0 interrupted iterations
users   [  17% ] 1093/1415 VUs  1m32.7s/9m00.0s

running (1m33.7s), 1105/1415 VUs, 9679 complete and 0 interrupted iterations
users   [  17% ] 1105/1415 VUs  1m33.7s/9m00.0s

running (1m34.7s), 1116/1415 VUs, 9901 complete and 0 interrupted iterations
users   [  18% ] 1116/1415 VUs  1m34.7s/9m00.0s

running (1m35.7s), 1128/1415 VUs, 10106 complete and 0 interrupted iterations
users   [  18% ] 1128/1415 VUs  1m35.7s/9m00.0s

running (1m36.7s), 1140/1415 VUs, 10323 complete and 0 interrupted iterations
users   [  18% ] 1140/1415 VUs  1m36.7s/9m00.0s

running (1m37.7s), 1152/1415 VUs, 10554 complete and 0 interrupted iterations
users   [  18% ] 1152/1415 VUs  1m37.7s/9m00.0s

running (1m38.7s), 1164/1415 VUs, 10769 complete and 0 interrupted iterations
users   [  18% ] 1164/1415 VUs  1m38.7s/9m00.0s

running (1m39.7s), 1175/1415 VUs, 11006 complete and 0 interrupted iterations
users   [  18% ] 1175/1415 VUs  1m39.7s/9m00.0s

running (1m40.7s), 1187/1415 VUs, 11223 complete and 0 interrupted iterations
users   [  19% ] 1187/1415 VUs  1m40.7s/9m00.0s

running (1m41.7s), 1199/1415 VUs, 11452 complete and 0 interrupted iterations
users   [  19% ] 1199/1415 VUs  1m41.7s/9m00.0s

running (1m42.7s), 1211/1415 VUs, 11694 complete and 0 interrupted iterations
users   [  19% ] 1211/1415 VUs  1m42.7s/9m00.0s

running (1m43.7s), 1223/1415 VUs, 11915 complete and 0 interrupted iterations
users   [  19% ] 1223/1415 VUs  1m43.7s/9m00.0s

running (1m44.7s), 1234/1415 VUs, 12164 complete and 0 interrupted iterations
users   [  19% ] 1234/1415 VUs  1m44.7s/9m00.0s

running (1m45.7s), 1246/1415 VUs, 12393 complete and 0 interrupted iterations
users   [  20% ] 1246/1415 VUs  1m45.7s/9m00.0s

running (1m46.7s), 1258/1415 VUs, 12639 complete and 0 interrupted iterations
users   [  20% ] 1258/1415 VUs  1m46.7s/9m00.0s

running (1m47.7s), 1270/1415 VUs, 12890 complete and 0 interrupted iterations
users   [  20% ] 1270/1415 VUs  1m47.7s/9m00.0s

running (1m48.7s), 1282/1415 VUs, 13118 complete and 0 interrupted iterations
users   [  20% ] 1282/1415 VUs  1m48.7s/9m00.0s

running (1m49.7s), 1293/1415 VUs, 13373 complete and 0 interrupted iterations
users   [  20% ] 1293/1415 VUs  1m49.7s/9m00.0s

running (1m50.7s), 1305/1415 VUs, 13617 complete and 0 interrupted iterations
users   [  21% ] 1305/1415 VUs  1m50.7s/9m00.0s

running (1m51.7s), 1317/1415 VUs, 13880 complete and 0 interrupted iterations
users   [  21% ] 1317/1415 VUs  1m51.7s/9m00.0s

running (1m52.7s), 1329/1415 VUs, 14143 complete and 0 interrupted iterations
users   [  21% ] 1329/1415 VUs  1m52.7s/9m00.0s

running (1m53.7s), 1341/1415 VUs, 14387 complete and 0 interrupted iterations
users   [  21% ] 1341/1415 VUs  1m53.7s/9m00.0s

running (1m54.7s), 1352/1415 VUs, 14654 complete and 0 interrupted iterations
users   [  21% ] 1352/1415 VUs  1m54.7s/9m00.0s

running (1m55.7s), 1364/1415 VUs, 14908 complete and 0 interrupted iterations
users   [  21% ] 1364/1415 VUs  1m55.7s/9m00.0s

running (1m56.7s), 1376/1415 VUs, 15183 complete and 0 interrupted iterations
users   [  22% ] 1376/1415 VUs  1m56.7s/9m00.0s

running (1m57.7s), 1388/1415 VUs, 15456 complete and 0 interrupted iterations
users   [  22% ] 1388/1415 VUs  1m57.7s/9m00.0s

running (1m58.7s), 1399/1415 VUs, 15716 complete and 0 interrupted iterations
users   [  22% ] 1399/1415 VUs  1m58.7s/9m00.0s

running (1m59.7s), 1411/1415 VUs, 15995 complete and 0 interrupted iterations
users   [  22% ] 1411/1415 VUs  1m59.7s/9m00.0s

running (2m00.7s), 1415/1415 VUs, 16263 complete and 0 interrupted iterations
users   [  22% ] 1415/1415 VUs  2m00.7s/9m00.0s

running (2m01.7s), 1415/1415 VUs, 16545 complete and 0 interrupted iterations
users   [  23% ] 1415/1415 VUs  2m01.7s/9m00.0s

running (2m02.7s), 1415/1415 VUs, 16812 complete and 0 interrupted iterations
users   [  23% ] 1415/1415 VUs  2m02.7s/9m00.0s

running (2m03.7s), 1415/1415 VUs, 17095 complete and 0 interrupted iterations
users   [  23% ] 1415/1415 VUs  2m03.7s/9m00.0s

running (2m04.7s), 1415/1415 VUs, 17384 complete and 0 interrupted iterations
users   [  23% ] 1415/1415 VUs  2m04.7s/9m00.0s

running (2m05.7s), 1415/1415 VUs, 17671 complete and 0 interrupted iterations
users   [  23% ] 1415/1415 VUs  2m05.7s/9m00.0s

running (2m06.7s), 1415/1415 VUs, 17952 complete and 0 interrupted iterations
users   [  23% ] 1415/1415 VUs  2m06.7s/9m00.0s

running (2m07.7s), 1415/1415 VUs, 18219 complete and 0 interrupted iterations
users   [  24% ] 1415/1415 VUs  2m07.7s/9m00.0s

running (2m08.7s), 1415/1415 VUs, 18496 complete and 0 interrupted iterations
users   [  24% ] 1415/1415 VUs  2m08.7s/9m00.0s

running (2m09.7s), 1415/1415 VUs, 18782 complete and 0 interrupted iterations
users   [  24% ] 1415/1415 VUs  2m09.7s/9m00.0s

running (2m10.7s), 1415/1415 VUs, 19069 complete and 0 interrupted iterations
users   [  24% ] 1415/1415 VUs  2m10.7s/9m00.0s

running (2m11.7s), 1415/1415 VUs, 19347 complete and 0 interrupted iterations
users   [  24% ] 1415/1415 VUs  2m11.7s/9m00.0s

running (2m12.7s), 1415/1415 VUs, 19624 complete and 0 interrupted iterations
users   [  25% ] 1415/1415 VUs  2m12.7s/9m00.0s

running (2m13.7s), 1415/1415 VUs, 19901 complete and 0 interrupted iterations
users   [  25% ] 1415/1415 VUs  2m13.7s/9m00.0s

running (2m14.7s), 1415/1415 VUs, 20187 complete and 0 interrupted iterations
users   [  25% ] 1415/1415 VUs  2m14.7s/9m00.0s

running (2m15.7s), 1415/1415 VUs, 20474 complete and 0 interrupted iterations
users   [  25% ] 1415/1415 VUs  2m15.7s/9m00.0s

running (2m16.7s), 1415/1415 VUs, 20754 complete and 0 interrupted iterations
users   [  25% ] 1415/1415 VUs  2m16.7s/9m00.0s

running (2m17.7s), 1415/1415 VUs, 21025 complete and 0 interrupted iterations
users   [  26% ] 1415/1415 VUs  2m17.7s/9m00.0s

running (2m18.7s), 1415/1415 VUs, 21304 complete and 0 interrupted iterations
users   [  26% ] 1415/1415 VUs  2m18.7s/9m00.0s

running (2m19.7s), 1415/1415 VUs, 21589 complete and 0 interrupted iterations
users   [  26% ] 1415/1415 VUs  2m19.7s/9m00.0s

running (2m20.7s), 1415/1415 VUs, 21880 complete and 0 interrupted iterations
users   [  26% ] 1415/1415 VUs  2m20.7s/9m00.0s

running (2m21.7s), 1415/1415 VUs, 22149 complete and 0 interrupted iterations
users   [  26% ] 1415/1415 VUs  2m21.7s/9m00.0s

running (2m22.7s), 1415/1415 VUs, 22428 complete and 0 interrupted iterations
users   [  26% ] 1415/1415 VUs  2m22.7s/9m00.0s

running (2m23.7s), 1415/1415 VUs, 22706 complete and 0 interrupted iterations
users   [  27% ] 1415/1415 VUs  2m23.7s/9m00.0s

running (2m24.7s), 1415/1415 VUs, 22991 complete and 0 interrupted iterations
users   [  27% ] 1415/1415 VUs  2m24.7s/9m00.0s

running (2m25.7s), 1415/1415 VUs, 23269 complete and 0 interrupted iterations
users   [  27% ] 1415/1415 VUs  2m25.7s/9m00.0s

running (2m26.7s), 1415/1415 VUs, 23542 complete and 0 interrupted iterations
users   [  27% ] 1415/1415 VUs  2m26.7s/9m00.0s

running (2m27.7s), 1415/1415 VUs, 23822 complete and 0 interrupted iterations
users   [  27% ] 1415/1415 VUs  2m27.7s/9m00.0s

running (2m28.7s), 1415/1415 VUs, 24101 complete and 0 interrupted iterations
users   [  28% ] 1415/1415 VUs  2m28.7s/9m00.0s

running (2m29.7s), 1415/1415 VUs, 24385 complete and 0 interrupted iterations
users   [  28% ] 1415/1415 VUs  2m29.7s/9m00.0s

running (2m30.7s), 1415/1415 VUs, 24666 complete and 0 interrupted iterations
users   [  28% ] 1415/1415 VUs  2m30.7s/9m00.0s

running (2m31.7s), 1415/1415 VUs, 24939 complete and 0 interrupted iterations
users   [  28% ] 1415/1415 VUs  2m31.7s/9m00.0s

running (2m32.7s), 1415/1415 VUs, 25221 complete and 0 interrupted iterations
users   [  28% ] 1415/1415 VUs  2m32.7s/9m00.0s

running (2m33.7s), 1415/1415 VUs, 25508 complete and 0 interrupted iterations
users   [  28% ] 1415/1415 VUs  2m33.7s/9m00.0s

running (2m34.7s), 1415/1415 VUs, 25789 complete and 0 interrupted iterations
users   [  29% ] 1415/1415 VUs  2m34.7s/9m00.0s

running (2m35.7s), 1415/1415 VUs, 26070 complete and 0 interrupted iterations
users   [  29% ] 1415/1415 VUs  2m35.7s/9m00.0s

running (2m36.7s), 1415/1415 VUs, 26341 complete and 0 interrupted iterations
users   [  29% ] 1415/1415 VUs  2m36.7s/9m00.0s

running (2m37.7s), 1415/1415 VUs, 26625 complete and 0 interrupted iterations
users   [  29% ] 1415/1415 VUs  2m37.7s/9m00.0s

running (2m38.7s), 1415/1415 VUs, 26909 complete and 0 interrupted iterations
users   [  29% ] 1415/1415 VUs  2m38.7s/9m00.0s

running (2m39.7s), 1415/1415 VUs, 27191 complete and 0 interrupted iterations
users   [  30% ] 1415/1415 VUs  2m39.7s/9m00.0s

running (2m40.7s), 1415/1415 VUs, 27473 complete and 0 interrupted iterations
users   [  30% ] 1415/1415 VUs  2m40.7s/9m00.0s

running (2m41.7s), 1415/1415 VUs, 27744 complete and 0 interrupted iterations
users   [  30% ] 1415/1415 VUs  2m41.7s/9m00.0s

running (2m42.7s), 1415/1415 VUs, 28021 complete and 0 interrupted iterations
users   [  30% ] 1415/1415 VUs  2m42.7s/9m00.0s

running (2m43.7s), 1415/1415 VUs, 28303 complete and 0 interrupted iterations
users   [  30% ] 1415/1415 VUs  2m43.7s/9m00.0s

running (2m44.7s), 1415/1415 VUs, 28582 complete and 0 interrupted iterations
users   [  31% ] 1415/1415 VUs  2m44.7s/9m00.0s

running (2m45.7s), 1415/1415 VUs, 28873 complete and 0 interrupted iterations
users   [  31% ] 1415/1415 VUs  2m45.7s/9m00.0s

running (2m46.7s), 1415/1415 VUs, 29143 complete and 0 interrupted iterations
users   [  31% ] 1415/1415 VUs  2m46.7s/9m00.0s

running (2m47.7s), 1415/1415 VUs, 29419 complete and 0 interrupted iterations
users   [  31% ] 1415/1415 VUs  2m47.7s/9m00.0s

running (2m48.7s), 1415/1415 VUs, 29701 complete and 0 interrupted iterations
users   [  31% ] 1415/1415 VUs  2m48.7s/9m00.0s

running (2m49.7s), 1415/1415 VUs, 29982 complete and 0 interrupted iterations
users   [  31% ] 1415/1415 VUs  2m49.7s/9m00.0s

running (2m50.7s), 1415/1415 VUs, 30273 complete and 0 interrupted iterations
users   [  32% ] 1415/1415 VUs  2m50.7s/9m00.0s

running (2m51.7s), 1415/1415 VUs, 30542 complete and 0 interrupted iterations
users   [  32% ] 1415/1415 VUs  2m51.7s/9m00.0s

running (2m52.7s), 1415/1415 VUs, 30813 complete and 0 interrupted iterations
users   [  32% ] 1415/1415 VUs  2m52.7s/9m00.0s

running (2m53.7s), 1415/1415 VUs, 31090 complete and 0 interrupted iterations
users   [  32% ] 1415/1415 VUs  2m53.7s/9m00.0s

running (2m54.7s), 1415/1415 VUs, 31371 complete and 0 interrupted iterations
users   [  32% ] 1415/1415 VUs  2m54.7s/9m00.0s

running (2m55.7s), 1415/1415 VUs, 31670 complete and 0 interrupted iterations
users   [  33% ] 1415/1415 VUs  2m55.7s/9m00.0s

running (2m56.7s), 1415/1415 VUs, 31941 complete and 0 interrupted iterations
users   [  33% ] 1415/1415 VUs  2m56.7s/9m00.0s

running (2m57.7s), 1415/1415 VUs, 32208 complete and 0 interrupted iterations
users   [  33% ] 1415/1415 VUs  2m57.7s/9m00.0s

running (2m58.7s), 1415/1415 VUs, 32486 complete and 0 interrupted iterations
users   [  33% ] 1415/1415 VUs  2m58.7s/9m00.0s

running (2m59.7s), 1415/1415 VUs, 32768 complete and 0 interrupted iterations
users   [  33% ] 1415/1415 VUs  2m59.7s/9m00.0s

running (3m00.7s), 1415/1415 VUs, 33070 complete and 0 interrupted iterations
users   [  33% ] 1415/1415 VUs  3m00.7s/9m00.0s

running (3m01.7s), 1415/1415 VUs, 33341 complete and 0 interrupted iterations
users   [  34% ] 1415/1415 VUs  3m01.7s/9m00.0s

running (3m02.7s), 1415/1415 VUs, 33590 complete and 0 interrupted iterations
users   [  34% ] 1415/1415 VUs  3m02.7s/9m00.0s

running (3m03.7s), 1415/1415 VUs, 33887 complete and 0 interrupted iterations
users   [  34% ] 1415/1415 VUs  3m03.7s/9m00.0s

running (3m04.7s), 1415/1415 VUs, 34163 complete and 0 interrupted iterations
users   [  34% ] 1415/1415 VUs  3m04.7s/9m00.0s

running (3m05.7s), 1415/1415 VUs, 34470 complete and 0 interrupted iterations
users   [  34% ] 1415/1415 VUs  3m05.7s/9m00.0s

running (3m06.7s), 1415/1415 VUs, 34742 complete and 0 interrupted iterations
users   [  35% ] 1415/1415 VUs  3m06.7s/9m00.0s

running (3m07.7s), 1415/1415 VUs, 34996 complete and 0 interrupted iterations
users   [  35% ] 1415/1415 VUs  3m07.7s/9m00.0s

running (3m08.7s), 1415/1415 VUs, 35291 complete and 0 interrupted iterations
users   [  35% ] 1415/1415 VUs  3m08.7s/9m00.0s

running (3m09.7s), 1415/1415 VUs, 35568 complete and 0 interrupted iterations
users   [  35% ] 1415/1415 VUs  3m09.7s/9m00.0s

running (3m10.7s), 1415/1415 VUs, 35878 complete and 0 interrupted iterations
users   [  35% ] 1415/1415 VUs  3m10.7s/9m00.0s

running (3m11.7s), 1415/1415 VUs, 36145 complete and 0 interrupted iterations
users   [  36% ] 1415/1415 VUs  3m11.7s/9m00.0s

running (3m12.7s), 1415/1415 VUs, 36399 complete and 0 interrupted iterations
users   [  36% ] 1415/1415 VUs  3m12.7s/9m00.0s

running (3m13.7s), 1415/1415 VUs, 36691 complete and 0 interrupted iterations
users   [  36% ] 1415/1415 VUs  3m13.7s/9m00.0s

running (3m14.7s), 1415/1415 VUs, 36972 complete and 0 interrupted iterations
users   [  36% ] 1415/1415 VUs  3m14.7s/9m00.0s

running (3m15.7s), 1415/1415 VUs, 37279 complete and 0 interrupted iterations
users   [  36% ] 1415/1415 VUs  3m15.7s/9m00.0s

running (3m16.7s), 1415/1415 VUs, 37544 complete and 0 interrupted iterations
users   [  36% ] 1415/1415 VUs  3m16.7s/9m00.0s

running (3m17.7s), 1415/1415 VUs, 37803 complete and 0 interrupted iterations
users   [  37% ] 1415/1415 VUs  3m17.7s/9m00.0s

running (3m18.7s), 1415/1415 VUs, 38093 complete and 0 interrupted iterations
users   [  37% ] 1415/1415 VUs  3m18.7s/9m00.0s

running (3m19.7s), 1415/1415 VUs, 38373 complete and 0 interrupted iterations
users   [  37% ] 1415/1415 VUs  3m19.7s/9m00.0s

running (3m20.7s), 1415/1415 VUs, 38673 complete and 0 interrupted iterations
users   [  37% ] 1415/1415 VUs  3m20.7s/9m00.0s

running (3m21.7s), 1415/1415 VUs, 38942 complete and 0 interrupted iterations
users   [  37% ] 1415/1415 VUs  3m21.7s/9m00.0s

running (3m22.7s), 1415/1415 VUs, 39207 complete and 0 interrupted iterations
users   [  38% ] 1415/1415 VUs  3m22.7s/9m00.0s

running (3m23.7s), 1415/1415 VUs, 39490 complete and 0 interrupted iterations
users   [  38% ] 1415/1415 VUs  3m23.7s/9m00.0s

running (3m24.7s), 1415/1415 VUs, 39769 complete and 0 interrupted iterations
users   [  38% ] 1415/1415 VUs  3m24.7s/9m00.0s

running (3m25.7s), 1415/1415 VUs, 40069 complete and 0 interrupted iterations
users   [  38% ] 1415/1415 VUs  3m25.7s/9m00.0s

running (3m26.7s), 1415/1415 VUs, 40342 complete and 0 interrupted iterations
users   [  38% ] 1415/1415 VUs  3m26.7s/9m00.0s

running (3m27.7s), 1415/1415 VUs, 40611 complete and 0 interrupted iterations
users   [  38% ] 1415/1415 VUs  3m27.7s/9m00.0s

running (3m28.7s), 1415/1415 VUs, 40888 complete and 0 interrupted iterations
users   [  39% ] 1415/1415 VUs  3m28.7s/9m00.0s

running (3m29.7s), 1415/1415 VUs, 41161 complete and 0 interrupted iterations
users   [  39% ] 1415/1415 VUs  3m29.7s/9m00.0s

running (3m30.7s), 1415/1415 VUs, 41458 complete and 0 interrupted iterations
users   [  39% ] 1415/1415 VUs  3m30.7s/9m00.0s

running (3m31.7s), 1415/1415 VUs, 41734 complete and 0 interrupted iterations
users   [  39% ] 1415/1415 VUs  3m31.7s/9m00.0s

running (3m32.7s), 1415/1415 VUs, 42008 complete and 0 interrupted iterations
users   [  39% ] 1415/1415 VUs  3m32.7s/9m00.0s

running (3m33.7s), 1415/1415 VUs, 42288 complete and 0 interrupted iterations
users   [  40% ] 1415/1415 VUs  3m33.7s/9m00.0s

running (3m34.7s), 1415/1415 VUs, 42558 complete and 0 interrupted iterations
users   [  40% ] 1415/1415 VUs  3m34.7s/9m00.0s

running (3m35.7s), 1415/1415 VUs, 42860 complete and 0 interrupted iterations
users   [  40% ] 1415/1415 VUs  3m35.7s/9m00.0s

running (3m36.7s), 1415/1415 VUs, 43137 complete and 0 interrupted iterations
users   [  40% ] 1415/1415 VUs  3m36.7s/9m00.0s

running (3m37.7s), 1415/1415 VUs, 43406 complete and 0 interrupted iterations
users   [  40% ] 1415/1415 VUs  3m37.7s/9m00.0s

running (3m38.7s), 1415/1415 VUs, 43685 complete and 0 interrupted iterations
users   [  41% ] 1415/1415 VUs  3m38.7s/9m00.0s

running (3m39.7s), 1415/1415 VUs, 43954 complete and 0 interrupted iterations
users   [  41% ] 1415/1415 VUs  3m39.7s/9m00.0s

running (3m40.7s), 1415/1415 VUs, 44261 complete and 0 interrupted iterations
users   [  41% ] 1415/1415 VUs  3m40.7s/9m00.0s

running (3m41.7s), 1415/1415 VUs, 44531 complete and 0 interrupted iterations
users   [  41% ] 1415/1415 VUs  3m41.7s/9m00.0s

running (3m42.7s), 1415/1415 VUs, 44805 complete and 0 interrupted iterations
users   [  41% ] 1415/1415 VUs  3m42.7s/9m00.0s

running (3m43.7s), 1415/1415 VUs, 45088 complete and 0 interrupted iterations
users   [  41% ] 1415/1415 VUs  3m43.7s/9m00.0s

running (3m44.7s), 1415/1415 VUs, 45362 complete and 0 interrupted iterations
users   [  42% ] 1415/1415 VUs  3m44.7s/9m00.0s

running (3m45.7s), 1415/1415 VUs, 45668 complete and 0 interrupted iterations
users   [  42% ] 1415/1415 VUs  3m45.7s/9m00.0s

running (3m46.7s), 1415/1415 VUs, 45930 complete and 0 interrupted iterations
users   [  42% ] 1415/1415 VUs  3m46.7s/9m00.0s

running (3m47.7s), 1415/1415 VUs, 46208 complete and 0 interrupted iterations
users   [  42% ] 1415/1415 VUs  3m47.7s/9m00.0s

running (3m48.7s), 1415/1415 VUs, 46487 complete and 0 interrupted iterations
users   [  42% ] 1415/1415 VUs  3m48.7s/9m00.0s

running (3m49.7s), 1415/1415 VUs, 46760 complete and 0 interrupted iterations
users   [  43% ] 1415/1415 VUs  3m49.7s/9m00.0s

running (3m50.7s), 1415/1415 VUs, 47061 complete and 0 interrupted iterations
users   [  43% ] 1415/1415 VUs  3m50.7s/9m00.0s

running (3m51.7s), 1415/1415 VUs, 47322 complete and 0 interrupted iterations
users   [  43% ] 1415/1415 VUs  3m51.7s/9m00.0s

running (3m52.7s), 1415/1415 VUs, 47603 complete and 0 interrupted iterations
users   [  43% ] 1415/1415 VUs  3m52.7s/9m00.0s

running (3m53.7s), 1415/1415 VUs, 47887 complete and 0 interrupted iterations
users   [  43% ] 1415/1415 VUs  3m53.7s/9m00.0s

running (3m54.7s), 1415/1415 VUs, 48160 complete and 0 interrupted iterations
users   [  43% ] 1415/1415 VUs  3m54.7s/9m00.0s

running (3m55.7s), 1415/1415 VUs, 48466 complete and 0 interrupted iterations
users   [  44% ] 1415/1415 VUs  3m55.7s/9m00.0s

running (3m56.7s), 1415/1415 VUs, 48720 complete and 0 interrupted iterations
users   [  44% ] 1415/1415 VUs  3m56.7s/9m00.0s

running (3m57.7s), 1415/1415 VUs, 49003 complete and 0 interrupted iterations
users   [  44% ] 1415/1415 VUs  3m57.7s/9m00.0s

running (3m58.7s), 1415/1415 VUs, 49286 complete and 0 interrupted iterations
users   [  44% ] 1415/1415 VUs  3m58.7s/9m00.0s

running (3m59.7s), 1415/1415 VUs, 49568 complete and 0 interrupted iterations
users   [  44% ] 1415/1415 VUs  3m59.7s/9m00.0s

running (4m00.7s), 1415/1415 VUs, 49864 complete and 0 interrupted iterations
users   [  45% ] 1415/1415 VUs  4m00.7s/9m00.0s

running (4m01.7s), 1415/1415 VUs, 50116 complete and 0 interrupted iterations
users   [  45% ] 1415/1415 VUs  4m01.7s/9m00.0s

running (4m02.7s), 1415/1415 VUs, 50394 complete and 0 interrupted iterations
users   [  45% ] 1415/1415 VUs  4m02.7s/9m00.0s

running (4m03.7s), 1415/1415 VUs, 50692 complete and 0 interrupted iterations
users   [  45% ] 1415/1415 VUs  4m03.7s/9m00.0s

running (4m04.7s), 1415/1415 VUs, 50968 complete and 0 interrupted iterations
users   [  45% ] 1415/1415 VUs  4m04.7s/9m00.0s

running (4m05.7s), 1415/1415 VUs, 51267 complete and 0 interrupted iterations
users   [  46% ] 1415/1415 VUs  4m05.7s/9m00.0s

running (4m06.7s), 1415/1415 VUs, 51516 complete and 0 interrupted iterations
users   [  46% ] 1415/1415 VUs  4m06.7s/9m00.0s

running (4m07.7s), 1415/1415 VUs, 51802 complete and 0 interrupted iterations
users   [  46% ] 1415/1415 VUs  4m07.7s/9m00.0s

running (4m08.7s), 1415/1415 VUs, 52096 complete and 0 interrupted iterations
users   [  46% ] 1415/1415 VUs  4m08.7s/9m00.0s

running (4m09.7s), 1415/1415 VUs, 52374 complete and 0 interrupted iterations
users   [  46% ] 1415/1415 VUs  4m09.7s/9m00.0s

running (4m10.7s), 1415/1415 VUs, 52665 complete and 0 interrupted iterations
users   [  46% ] 1415/1415 VUs  4m10.7s/9m00.0s

running (4m11.7s), 1415/1415 VUs, 52916 complete and 0 interrupted iterations
users   [  47% ] 1415/1415 VUs  4m11.7s/9m00.0s

running (4m12.7s), 1415/1415 VUs, 53192 complete and 0 interrupted iterations
users   [  47% ] 1415/1415 VUs  4m12.7s/9m00.0s

running (4m13.7s), 1415/1415 VUs, 53487 complete and 0 interrupted iterations
users   [  47% ] 1415/1415 VUs  4m13.7s/9m00.0s

running (4m14.7s), 1415/1415 VUs, 53776 complete and 0 interrupted iterations
users   [  47% ] 1415/1415 VUs  4m14.7s/9m00.0s

running (4m15.7s), 1415/1415 VUs, 54067 complete and 0 interrupted iterations
users   [  47% ] 1415/1415 VUs  4m15.7s/9m00.0s

running (4m16.7s), 1415/1415 VUs, 54323 complete and 0 interrupted iterations
users   [  48% ] 1415/1415 VUs  4m16.7s/9m00.0s

running (4m17.7s), 1415/1415 VUs, 54600 complete and 0 interrupted iterations
users   [  48% ] 1415/1415 VUs  4m17.7s/9m00.0s

running (4m18.7s), 1415/1415 VUs, 54887 complete and 0 interrupted iterations
users   [  48% ] 1415/1415 VUs  4m18.7s/9m00.0s

running (4m19.7s), 1415/1415 VUs, 55171 complete and 0 interrupted iterations
users   [  48% ] 1415/1415 VUs  4m19.7s/9m00.0s

running (4m20.7s), 1415/1415 VUs, 55463 complete and 0 interrupted iterations
users   [  48% ] 1415/1415 VUs  4m20.7s/9m00.0s

running (4m21.7s), 1415/1415 VUs, 55719 complete and 0 interrupted iterations
users   [  48% ] 1415/1415 VUs  4m21.7s/9m00.0s

running (4m22.7s), 1415/1415 VUs, 56003 complete and 0 interrupted iterations
users   [  49% ] 1415/1415 VUs  4m22.7s/9m00.0s

running (4m23.7s), 1415/1415 VUs, 56286 complete and 0 interrupted iterations
users   [  49% ] 1415/1415 VUs  4m23.7s/9m00.0s

running (4m24.7s), 1415/1415 VUs, 56571 complete and 0 interrupted iterations
users   [  49% ] 1415/1415 VUs  4m24.7s/9m00.0s

running (4m25.7s), 1415/1415 VUs, 56865 complete and 0 interrupted iterations
users   [  49% ] 1415/1415 VUs  4m25.7s/9m00.0s

running (4m26.7s), 1415/1415 VUs, 57122 complete and 0 interrupted iterations
users   [  49% ] 1415/1415 VUs  4m26.7s/9m00.0s

running (4m27.7s), 1415/1415 VUs, 57404 complete and 0 interrupted iterations
users   [  50% ] 1415/1415 VUs  4m27.7s/9m00.0s

running (4m28.7s), 1415/1415 VUs, 57682 complete and 0 interrupted iterations
users   [  50% ] 1415/1415 VUs  4m28.7s/9m00.0s

running (4m29.7s), 1415/1415 VUs, 57973 complete and 0 interrupted iterations
users   [  50% ] 1415/1415 VUs  4m29.7s/9m00.0s

running (4m30.7s), 1415/1415 VUs, 58264 complete and 0 interrupted iterations
users   [  50% ] 1415/1415 VUs  4m30.7s/9m00.0s

running (4m31.7s), 1415/1415 VUs, 58523 complete and 0 interrupted iterations
users   [  50% ] 1415/1415 VUs  4m31.7s/9m00.0s

running (4m32.7s), 1415/1415 VUs, 58807 complete and 0 interrupted iterations
users   [  51% ] 1415/1415 VUs  4m32.7s/9m00.0s

running (4m33.7s), 1415/1415 VUs, 59085 complete and 0 interrupted iterations
users   [  51% ] 1415/1415 VUs  4m33.7s/9m00.0s

running (4m34.7s), 1415/1415 VUs, 59371 complete and 0 interrupted iterations
users   [  51% ] 1415/1415 VUs  4m34.7s/9m00.0s

running (4m35.7s), 1415/1415 VUs, 59665 complete and 0 interrupted iterations
users   [  51% ] 1415/1415 VUs  4m35.7s/9m00.0s

running (4m36.7s), 1415/1415 VUs, 59928 complete and 0 interrupted iterations
users   [  51% ] 1415/1415 VUs  4m36.7s/9m00.0s

running (4m37.7s), 1415/1415 VUs, 60207 complete and 0 interrupted iterations
users   [  51% ] 1415/1415 VUs  4m37.7s/9m00.0s

running (4m38.7s), 1415/1415 VUs, 60488 complete and 0 interrupted iterations
users   [  52% ] 1415/1415 VUs  4m38.7s/9m00.0s

running (4m39.7s), 1415/1415 VUs, 60769 complete and 0 interrupted iterations
users   [  52% ] 1415/1415 VUs  4m39.7s/9m00.0s

running (4m40.7s), 1415/1415 VUs, 61063 complete and 0 interrupted iterations
users   [  52% ] 1415/1415 VUs  4m40.7s/9m00.0s

running (4m41.7s), 1415/1415 VUs, 61330 complete and 0 interrupted iterations
users   [  52% ] 1415/1415 VUs  4m41.7s/9m00.0s

running (4m42.7s), 1415/1415 VUs, 61608 complete and 0 interrupted iterations
users   [  52% ] 1415/1415 VUs  4m42.7s/9m00.0s

running (4m43.7s), 1415/1415 VUs, 61892 complete and 0 interrupted iterations
users   [  53% ] 1415/1415 VUs  4m43.7s/9m00.0s

running (4m44.7s), 1415/1415 VUs, 62176 complete and 0 interrupted iterations
users   [  53% ] 1415/1415 VUs  4m44.7s/9m00.0s

running (4m45.7s), 1415/1415 VUs, 62462 complete and 0 interrupted iterations
users   [  53% ] 1415/1415 VUs  4m45.7s/9m00.0s

running (4m46.7s), 1415/1415 VUs, 62725 complete and 0 interrupted iterations
users   [  53% ] 1415/1415 VUs  4m46.7s/9m00.0s

running (4m47.7s), 1415/1415 VUs, 63012 complete and 0 interrupted iterations
users   [  53% ] 1415/1415 VUs  4m47.7s/9m00.0s

running (4m48.7s), 1415/1415 VUs, 63297 complete and 0 interrupted iterations
users   [  53% ] 1415/1415 VUs  4m48.7s/9m00.0s

running (4m49.7s), 1415/1415 VUs, 63580 complete and 0 interrupted iterations
users   [  54% ] 1415/1415 VUs  4m49.7s/9m00.0s

running (4m50.7s), 1415/1415 VUs, 63865 complete and 0 interrupted iterations
users   [  54% ] 1415/1415 VUs  4m50.7s/9m00.0s

running (4m51.7s), 1415/1415 VUs, 64120 complete and 0 interrupted iterations
users   [  54% ] 1415/1415 VUs  4m51.7s/9m00.0s

running (4m52.7s), 1415/1415 VUs, 64408 complete and 0 interrupted iterations
users   [  54% ] 1415/1415 VUs  4m52.7s/9m00.0s

running (4m53.7s), 1415/1415 VUs, 64696 complete and 0 interrupted iterations
users   [  54% ] 1415/1415 VUs  4m53.7s/9m00.0s

running (4m54.7s), 1415/1415 VUs, 64982 complete and 0 interrupted iterations
users   [  55% ] 1415/1415 VUs  4m54.7s/9m00.0s

running (4m55.7s), 1415/1415 VUs, 65270 complete and 0 interrupted iterations
users   [  55% ] 1415/1415 VUs  4m55.7s/9m00.0s

running (4m56.7s), 1415/1415 VUs, 65525 complete and 0 interrupted iterations
users   [  55% ] 1415/1415 VUs  4m56.7s/9m00.0s

running (4m57.7s), 1415/1415 VUs, 65813 complete and 0 interrupted iterations
users   [  55% ] 1415/1415 VUs  4m57.7s/9m00.0s

running (4m58.7s), 1415/1415 VUs, 66097 complete and 0 interrupted iterations
users   [  55% ] 1415/1415 VUs  4m58.7s/9m00.0s

running (4m59.7s), 1415/1415 VUs, 66381 complete and 0 interrupted iterations
users   [  56% ] 1415/1415 VUs  4m59.7s/9m00.0s

running (5m00.7s), 1415/1415 VUs, 66667 complete and 0 interrupted iterations
users   [  56% ] 1415/1415 VUs  5m00.7s/9m00.0s

running (5m01.7s), 1415/1415 VUs, 66925 complete and 0 interrupted iterations
users   [  56% ] 1415/1415 VUs  5m01.7s/9m00.0s

running (5m02.7s), 1415/1415 VUs, 67203 complete and 0 interrupted iterations
users   [  56% ] 1415/1415 VUs  5m02.7s/9m00.0s

running (5m03.7s), 1415/1415 VUs, 67501 complete and 0 interrupted iterations
users   [  56% ] 1415/1415 VUs  5m03.7s/9m00.0s

running (5m04.7s), 1415/1415 VUs, 67789 complete and 0 interrupted iterations
users   [  56% ] 1415/1415 VUs  5m04.7s/9m00.0s

running (5m05.7s), 1415/1415 VUs, 68070 complete and 0 interrupted iterations
users   [  57% ] 1415/1415 VUs  5m05.7s/9m00.0s

running (5m06.7s), 1415/1415 VUs, 68328 complete and 0 interrupted iterations
users   [  57% ] 1415/1415 VUs  5m06.7s/9m00.0s

running (5m07.7s), 1415/1415 VUs, 68608 complete and 0 interrupted iterations
users   [  57% ] 1415/1415 VUs  5m07.7s/9m00.0s

running (5m08.7s), 1415/1415 VUs, 68907 complete and 0 interrupted iterations
users   [  57% ] 1415/1415 VUs  5m08.7s/9m00.0s

running (5m09.7s), 1415/1415 VUs, 69189 complete and 0 interrupted iterations
users   [  57% ] 1415/1415 VUs  5m09.7s/9m00.0s

running (5m10.7s), 1415/1415 VUs, 69474 complete and 0 interrupted iterations
users   [  58% ] 1415/1415 VUs  5m10.7s/9m00.0s

running (5m11.7s), 1415/1415 VUs, 69733 complete and 0 interrupted iterations
users   [  58% ] 1415/1415 VUs  5m11.7s/9m00.0s

running (5m12.7s), 1415/1415 VUs, 70013 complete and 0 interrupted iterations
users   [  58% ] 1415/1415 VUs  5m12.7s/9m00.0s

running (5m13.7s), 1415/1415 VUs, 70307 complete and 0 interrupted iterations
users   [  58% ] 1415/1415 VUs  5m13.7s/9m00.0s

running (5m14.7s), 1415/1415 VUs, 70589 complete and 0 interrupted iterations
users   [  58% ] 1415/1415 VUs  5m14.7s/9m00.0s

running (5m15.7s), 1415/1415 VUs, 70870 complete and 0 interrupted iterations
users   [  58% ] 1415/1415 VUs  5m15.7s/9m00.0s

running (5m16.7s), 1415/1415 VUs, 71133 complete and 0 interrupted iterations
users   [  59% ] 1415/1415 VUs  5m16.7s/9m00.0s

running (5m17.7s), 1415/1415 VUs, 71414 complete and 0 interrupted iterations
users   [  59% ] 1415/1415 VUs  5m17.7s/9m00.0s

running (5m18.7s), 1415/1415 VUs, 71706 complete and 0 interrupted iterations
users   [  59% ] 1415/1415 VUs  5m18.7s/9m00.0s

running (5m19.7s), 1415/1415 VUs, 71985 complete and 0 interrupted iterations
users   [  59% ] 1415/1415 VUs  5m19.7s/9m00.0s

running (5m20.7s), 1415/1415 VUs, 72268 complete and 0 interrupted iterations
users   [  59% ] 1415/1415 VUs  5m20.7s/9m00.0s

running (5m21.7s), 1415/1415 VUs, 72530 complete and 0 interrupted iterations
users   [  60% ] 1415/1415 VUs  5m21.7s/9m00.0s

running (5m22.7s), 1415/1415 VUs, 72814 complete and 0 interrupted iterations
users   [  60% ] 1415/1415 VUs  5m22.7s/9m00.0s

running (5m23.7s), 1415/1415 VUs, 73114 complete and 0 interrupted iterations
users   [  60% ] 1415/1415 VUs  5m23.7s/9m00.0s

running (5m24.7s), 1415/1415 VUs, 73383 complete and 0 interrupted iterations
users   [  60% ] 1415/1415 VUs  5m24.7s/9m00.0s

running (5m25.7s), 1415/1415 VUs, 73665 complete and 0 interrupted iterations
users   [  60% ] 1415/1415 VUs  5m25.7s/9m00.0s

running (5m26.7s), 1415/1415 VUs, 73933 complete and 0 interrupted iterations
users   [  61% ] 1415/1415 VUs  5m26.7s/9m00.0s

running (5m27.7s), 1415/1415 VUs, 74216 complete and 0 interrupted iterations
users   [  61% ] 1415/1415 VUs  5m27.7s/9m00.0s

running (5m28.7s), 1415/1415 VUs, 74517 complete and 0 interrupted iterations
users   [  61% ] 1415/1415 VUs  5m28.7s/9m00.0s

running (5m29.7s), 1415/1415 VUs, 74781 complete and 0 interrupted iterations
users   [  61% ] 1415/1415 VUs  5m29.7s/9m00.0s

running (5m30.7s), 1415/1415 VUs, 75061 complete and 0 interrupted iterations
users   [  61% ] 1415/1415 VUs  5m30.7s/9m00.0s

running (5m31.7s), 1415/1415 VUs, 75336 complete and 0 interrupted iterations
users   [  61% ] 1415/1415 VUs  5m31.7s/9m00.0s

running (5m32.7s), 1415/1415 VUs, 75616 complete and 0 interrupted iterations
users   [  62% ] 1415/1415 VUs  5m32.7s/9m00.0s

running (5m33.7s), 1415/1415 VUs, 75914 complete and 0 interrupted iterations
users   [  62% ] 1415/1415 VUs  5m33.7s/9m00.0s

running (5m34.7s), 1415/1415 VUs, 76173 complete and 0 interrupted iterations
users   [  62% ] 1415/1415 VUs  5m34.7s/9m00.0s

running (5m35.7s), 1415/1415 VUs, 76460 complete and 0 interrupted iterations
users   [  62% ] 1415/1415 VUs  5m35.7s/9m00.0s

running (5m36.7s), 1415/1415 VUs, 76736 complete and 0 interrupted iterations
users   [  62% ] 1415/1415 VUs  5m36.7s/9m00.0s

running (5m37.7s), 1415/1415 VUs, 77021 complete and 0 interrupted iterations
users   [  63% ] 1415/1415 VUs  5m37.7s/9m00.0s

running (5m38.7s), 1415/1415 VUs, 77317 complete and 0 interrupted iterations
users   [  63% ] 1415/1415 VUs  5m38.7s/9m00.0s

running (5m39.7s), 1415/1415 VUs, 77579 complete and 0 interrupted iterations
users   [  63% ] 1415/1415 VUs  5m39.7s/9m00.0s

running (5m40.7s), 1415/1415 VUs, 77856 complete and 0 interrupted iterations
users   [  63% ] 1415/1415 VUs  5m40.7s/9m00.0s

running (5m41.7s), 1415/1415 VUs, 78133 complete and 0 interrupted iterations
users   [  63% ] 1415/1415 VUs  5m41.7s/9m00.0s

running (5m42.7s), 1415/1415 VUs, 78422 complete and 0 interrupted iterations
users   [  63% ] 1415/1415 VUs  5m42.7s/9m00.0s

running (5m43.7s), 1415/1415 VUs, 78713 complete and 0 interrupted iterations
users   [  64% ] 1415/1415 VUs  5m43.7s/9m00.0s

running (5m44.7s), 1415/1415 VUs, 78982 complete and 0 interrupted iterations
users   [  64% ] 1415/1415 VUs  5m44.7s/9m00.0s

running (5m45.7s), 1415/1415 VUs, 79258 complete and 0 interrupted iterations
users   [  64% ] 1415/1415 VUs  5m45.7s/9m00.0s

running (5m46.7s), 1415/1415 VUs, 79532 complete and 0 interrupted iterations
users   [  64% ] 1415/1415 VUs  5m46.7s/9m00.0s

running (5m47.7s), 1415/1415 VUs, 79825 complete and 0 interrupted iterations
users   [  64% ] 1415/1415 VUs  5m47.7s/9m00.0s

running (5m48.7s), 1415/1415 VUs, 80116 complete and 0 interrupted iterations
users   [  65% ] 1415/1415 VUs  5m48.7s/9m00.0s

running (5m49.7s), 1415/1415 VUs, 80385 complete and 0 interrupted iterations
users   [  65% ] 1415/1415 VUs  5m49.7s/9m00.0s

running (5m50.7s), 1415/1415 VUs, 80660 complete and 0 interrupted iterations
users   [  65% ] 1415/1415 VUs  5m50.7s/9m00.0s

running (5m51.7s), 1415/1415 VUs, 80934 complete and 0 interrupted iterations
users   [  65% ] 1415/1415 VUs  5m51.7s/9m00.0s

running (5m52.7s), 1415/1415 VUs, 81224 complete and 0 interrupted iterations
users   [  65% ] 1415/1415 VUs  5m52.7s/9m00.0s

running (5m53.7s), 1415/1415 VUs, 81517 complete and 0 interrupted iterations
users   [  66% ] 1415/1415 VUs  5m53.7s/9m00.0s

running (5m54.7s), 1415/1415 VUs, 81785 complete and 0 interrupted iterations
users   [  66% ] 1415/1415 VUs  5m54.7s/9m00.0s

running (5m55.7s), 1415/1415 VUs, 82062 complete and 0 interrupted iterations
users   [  66% ] 1415/1415 VUs  5m55.7s/9m00.0s

running (5m56.7s), 1415/1415 VUs, 82337 complete and 0 interrupted iterations
users   [  66% ] 1415/1415 VUs  5m56.7s/9m00.0s

running (5m57.7s), 1415/1415 VUs, 82621 complete and 0 interrupted iterations
users   [  66% ] 1415/1415 VUs  5m57.7s/9m00.0s

running (5m58.7s), 1415/1415 VUs, 82911 complete and 0 interrupted iterations
users   [  66% ] 1415/1415 VUs  5m58.7s/9m00.0s

running (5m59.7s), 1415/1415 VUs, 83180 complete and 0 interrupted iterations
users   [  67% ] 1415/1415 VUs  5m59.7s/9m00.0s

running (6m00.7s), 1415/1415 VUs, 83461 complete and 0 interrupted iterations
users   [  67% ] 1415/1415 VUs  6m00.7s/9m00.0s

running (6m01.7s), 1415/1415 VUs, 83734 complete and 0 interrupted iterations
users   [  67% ] 1415/1415 VUs  6m01.7s/9m00.0s

running (6m02.7s), 1415/1415 VUs, 84017 complete and 0 interrupted iterations
users   [  67% ] 1415/1415 VUs  6m02.7s/9m00.0s

running (6m03.7s), 1415/1415 VUs, 84307 complete and 0 interrupted iterations
users   [  67% ] 1415/1415 VUs  6m03.7s/9m00.0s

running (6m04.7s), 1415/1415 VUs, 84469 complete and 0 interrupted iterations
users   [  68% ] 1415/1415 VUs  6m04.7s/9m00.0s

running (6m05.7s), 1415/1415 VUs, 84860 complete and 0 interrupted iterations
users   [  68% ] 1415/1415 VUs  6m05.7s/9m00.0s

running (6m06.7s), 1415/1415 VUs, 85136 complete and 0 interrupted iterations
users   [  68% ] 1415/1415 VUs  6m06.7s/9m00.0s

running (6m07.7s), 1415/1415 VUs, 85419 complete and 0 interrupted iterations
users   [  68% ] 1415/1415 VUs  6m07.7s/9m00.0s

running (6m08.7s), 1415/1415 VUs, 85711 complete and 0 interrupted iterations
users   [  68% ] 1415/1415 VUs  6m08.7s/9m00.0s

running (6m09.7s), 1415/1415 VUs, 85874 complete and 0 interrupted iterations
users   [  68% ] 1415/1415 VUs  6m09.7s/9m00.0s

running (6m10.7s), 1415/1415 VUs, 86265 complete and 0 interrupted iterations
users   [  69% ] 1415/1415 VUs  6m10.7s/9m00.0s

running (6m11.7s), 1415/1415 VUs, 86542 complete and 0 interrupted iterations
users   [  69% ] 1415/1415 VUs  6m11.7s/9m00.0s

running (6m12.7s), 1415/1415 VUs, 86823 complete and 0 interrupted iterations
users   [  69% ] 1415/1415 VUs  6m12.7s/9m00.0s

running (6m13.7s), 1415/1415 VUs, 87109 complete and 0 interrupted iterations
users   [  69% ] 1415/1415 VUs  6m13.7s/9m00.0s

running (6m14.7s), 1415/1415 VUs, 87278 complete and 0 interrupted iterations
users   [  69% ] 1415/1415 VUs  6m14.7s/9m00.0s

running (6m15.7s), 1415/1415 VUs, 87661 complete and 0 interrupted iterations
users   [  70% ] 1415/1415 VUs  6m15.7s/9m00.0s

running (6m16.7s), 1415/1415 VUs, 87938 complete and 0 interrupted iterations
users   [  70% ] 1415/1415 VUs  6m16.7s/9m00.0s

running (6m17.7s), 1415/1415 VUs, 88213 complete and 0 interrupted iterations
users   [  70% ] 1415/1415 VUs  6m17.7s/9m00.0s

running (6m18.7s), 1415/1415 VUs, 88502 complete and 0 interrupted iterations
users   [  70% ] 1415/1415 VUs  6m18.7s/9m00.0s

running (6m19.7s), 1415/1415 VUs, 88684 complete and 0 interrupted iterations
users   [  70% ] 1415/1415 VUs  6m19.7s/9m00.0s

running (6m20.7s), 1415/1415 VUs, 89059 complete and 0 interrupted iterations
users   [  71% ] 1415/1415 VUs  6m20.7s/9m00.0s

running (6m21.7s), 1415/1415 VUs, 89335 complete and 0 interrupted iterations
users   [  71% ] 1415/1415 VUs  6m21.7s/9m00.0s

running (6m22.7s), 1415/1415 VUs, 89613 complete and 0 interrupted iterations
users   [  71% ] 1415/1415 VUs  6m22.7s/9m00.0s

running (6m23.7s), 1415/1415 VUs, 89906 complete and 0 interrupted iterations
users   [  71% ] 1415/1415 VUs  6m23.7s/9m00.0s

running (6m24.7s), 1415/1415 VUs, 90089 complete and 0 interrupted iterations
users   [  71% ] 1415/1415 VUs  6m24.7s/9m00.0s

running (6m25.7s), 1415/1415 VUs, 90466 complete and 0 interrupted iterations
users   [  71% ] 1415/1415 VUs  6m25.7s/9m00.0s

running (6m26.7s), 1415/1415 VUs, 90733 complete and 0 interrupted iterations
users   [  72% ] 1415/1415 VUs  6m26.7s/9m00.0s

running (6m27.7s), 1415/1415 VUs, 91011 complete and 0 interrupted iterations
users   [  72% ] 1415/1415 VUs  6m27.7s/9m00.0s

running (6m28.7s), 1415/1415 VUs, 91299 complete and 0 interrupted iterations
users   [  72% ] 1415/1415 VUs  6m28.7s/9m00.0s

running (6m29.7s), 1415/1415 VUs, 91489 complete and 0 interrupted iterations
users   [  72% ] 1415/1415 VUs  6m29.7s/9m00.0s

running (6m30.7s), 1415/1415 VUs, 91864 complete and 0 interrupted iterations
users   [  72% ] 1415/1415 VUs  6m30.7s/9m00.0s

running (6m31.7s), 1415/1415 VUs, 92133 complete and 0 interrupted iterations
users   [  73% ] 1415/1415 VUs  6m31.7s/9m00.0s

running (6m32.7s), 1415/1415 VUs, 92403 complete and 0 interrupted iterations
users   [  73% ] 1415/1415 VUs  6m32.7s/9m00.0s

running (6m33.7s), 1415/1415 VUs, 92698 complete and 0 interrupted iterations
users   [  73% ] 1415/1415 VUs  6m33.7s/9m00.0s

running (6m34.7s), 1415/1415 VUs, 92897 complete and 0 interrupted iterations
users   [  73% ] 1415/1415 VUs  6m34.7s/9m00.0s

running (6m35.7s), 1415/1415 VUs, 93264 complete and 0 interrupted iterations
users   [  73% ] 1415/1415 VUs  6m35.7s/9m00.0s

running (6m36.7s), 1415/1415 VUs, 93531 complete and 0 interrupted iterations
users   [  73% ] 1415/1415 VUs  6m36.7s/9m00.0s

running (6m37.7s), 1415/1415 VUs, 93808 complete and 0 interrupted iterations
users   [  74% ] 1415/1415 VUs  6m37.7s/9m00.0s

running (6m38.7s), 1415/1415 VUs, 94101 complete and 0 interrupted iterations
users   [  74% ] 1415/1415 VUs  6m38.7s/9m00.0s

running (6m39.7s), 1415/1415 VUs, 94303 complete and 0 interrupted iterations
users   [  74% ] 1415/1415 VUs  6m39.7s/9m00.0s

running (6m40.7s), 1415/1415 VUs, 94663 complete and 0 interrupted iterations
users   [  74% ] 1415/1415 VUs  6m40.7s/9m00.0s

running (6m41.7s), 1415/1415 VUs, 94928 complete and 0 interrupted iterations
users   [  74% ] 1415/1415 VUs  6m41.7s/9m00.0s

running (6m42.7s), 1415/1415 VUs, 95202 complete and 0 interrupted iterations
users   [  75% ] 1415/1415 VUs  6m42.7s/9m00.0s

running (6m43.7s), 1415/1415 VUs, 95502 complete and 0 interrupted iterations
users   [  75% ] 1415/1415 VUs  6m43.7s/9m00.0s

running (6m44.7s), 1415/1415 VUs, 95702 complete and 0 interrupted iterations
users   [  75% ] 1415/1415 VUs  6m44.7s/9m00.0s

running (6m45.7s), 1415/1415 VUs, 96058 complete and 0 interrupted iterations
users   [  75% ] 1415/1415 VUs  6m45.7s/9m00.0s

running (6m46.7s), 1415/1415 VUs, 96321 complete and 0 interrupted iterations
users   [  75% ] 1415/1415 VUs  6m46.7s/9m00.0s

running (6m47.7s), 1415/1415 VUs, 96599 complete and 0 interrupted iterations
users   [  76% ] 1415/1415 VUs  6m47.7s/9m00.0s

running (6m48.7s), 1415/1415 VUs, 96897 complete and 0 interrupted iterations
users   [  76% ] 1415/1415 VUs  6m48.7s/9m00.0s

running (6m49.7s), 1415/1415 VUs, 97100 complete and 0 interrupted iterations
users   [  76% ] 1415/1415 VUs  6m49.7s/9m00.0s

running (6m50.7s), 1415/1415 VUs, 97455 complete and 0 interrupted iterations
users   [  76% ] 1415/1415 VUs  6m50.7s/9m00.0s

running (6m51.7s), 1415/1415 VUs, 97715 complete and 0 interrupted iterations
users   [  76% ] 1415/1415 VUs  6m51.7s/9m00.0s

running (6m52.7s), 1415/1415 VUs, 98000 complete and 0 interrupted iterations
users   [  76% ] 1415/1415 VUs  6m52.7s/9m00.0s

running (6m53.7s), 1415/1415 VUs, 98296 complete and 0 interrupted iterations
users   [  77% ] 1415/1415 VUs  6m53.7s/9m00.0s

running (6m54.7s), 1415/1415 VUs, 98500 complete and 0 interrupted iterations
users   [  77% ] 1415/1415 VUs  6m54.7s/9m00.0s

running (6m55.7s), 1415/1415 VUs, 98852 complete and 0 interrupted iterations
users   [  77% ] 1415/1415 VUs  6m55.7s/9m00.0s

running (6m56.7s), 1415/1415 VUs, 99111 complete and 0 interrupted iterations
users   [  77% ] 1415/1415 VUs  6m56.7s/9m00.0s

running (6m57.7s), 1415/1415 VUs, 99392 complete and 0 interrupted iterations
users   [  77% ] 1415/1415 VUs  6m57.7s/9m00.0s

running (6m58.7s), 1415/1415 VUs, 99687 complete and 0 interrupted iterations
users   [  78% ] 1415/1415 VUs  6m58.7s/9m00.0s

running (6m59.7s), 1415/1415 VUs, 99897 complete and 0 interrupted iterations
users   [  78% ] 1415/1415 VUs  6m59.7s/9m00.0s

running (7m00.7s), 1414/1415 VUs, 100248 complete and 0 interrupted iterations
users   [  78% ] 1414/1415 VUs  7m00.7s/9m00.0s

running (7m01.7s), 1410/1415 VUs, 100509 complete and 0 interrupted iterations
users   [  78% ] 1410/1415 VUs  7m01.7s/9m00.0s

running (7m02.7s), 1406/1415 VUs, 100783 complete and 0 interrupted iterations
users   [  78% ] 1406/1415 VUs  7m02.7s/9m00.0s

running (7m03.7s), 1399/1415 VUs, 101090 complete and 0 interrupted iterations
users   [  78% ] 1399/1415 VUs  7m03.7s/9m00.0s

running (7m04.7s), 1390/1415 VUs, 101297 complete and 0 interrupted iterations
users   [  79% ] 1390/1415 VUs  7m04.7s/9m00.0s

running (7m05.7s), 1377/1415 VUs, 101643 complete and 0 interrupted iterations
users   [  79% ] 1377/1415 VUs  7m05.7s/9m00.0s

running (7m06.7s), 1368/1415 VUs, 101904 complete and 0 interrupted iterations
users   [  79% ] 1368/1415 VUs  7m06.7s/9m00.0s

running (7m07.7s), 1354/1415 VUs, 102178 complete and 0 interrupted iterations
users   [  79% ] 1354/1415 VUs  7m07.7s/9m00.0s

running (7m08.7s), 1342/1415 VUs, 102471 complete and 0 interrupted iterations
users   [  79% ] 1342/1415 VUs  7m08.7s/9m00.0s

running (7m09.7s), 1333/1415 VUs, 102668 complete and 0 interrupted iterations
users   [  80% ] 1333/1415 VUs  7m09.7s/9m00.0s

running (7m10.7s), 1315/1415 VUs, 103003 complete and 0 interrupted iterations
users   [  80% ] 1315/1415 VUs  7m10.7s/9m00.0s

running (7m11.7s), 1306/1415 VUs, 103259 complete and 0 interrupted iterations
users   [  80% ] 1306/1415 VUs  7m11.7s/9m00.0s

running (7m12.7s), 1296/1415 VUs, 103516 complete and 0 interrupted iterations
users   [  80% ] 1296/1415 VUs  7m12.7s/9m00.0s

running (7m13.7s), 1282/1415 VUs, 103793 complete and 0 interrupted iterations
users   [  80% ] 1282/1415 VUs  7m13.7s/9m00.0s

running (7m14.7s), 1274/1415 VUs, 103987 complete and 0 interrupted iterations
users   [  81% ] 1274/1415 VUs  7m14.7s/9m00.0s

running (7m15.7s), 1263/1415 VUs, 104308 complete and 0 interrupted iterations
users   [  81% ] 1263/1415 VUs  7m15.7s/9m00.0s

running (7m16.7s), 1254/1415 VUs, 104551 complete and 0 interrupted iterations
users   [  81% ] 1254/1415 VUs  7m16.7s/9m00.0s

running (7m17.7s), 1239/1415 VUs, 104800 complete and 0 interrupted iterations
users   [  81% ] 1239/1415 VUs  7m17.7s/9m00.0s

running (7m18.7s), 1225/1415 VUs, 105059 complete and 0 interrupted iterations
users   [  81% ] 1225/1415 VUs  7m18.7s/9m00.0s

running (7m19.7s), 1214/1415 VUs, 105252 complete and 0 interrupted iterations
users   [  81% ] 1214/1415 VUs  7m19.7s/9m00.0s

running (7m20.7s), 1202/1415 VUs, 105553 complete and 0 interrupted iterations
users   [  82% ] 1202/1415 VUs  7m20.7s/9m00.0s

running (7m21.7s), 1191/1415 VUs, 105796 complete and 0 interrupted iterations
users   [  82% ] 1191/1415 VUs  7m21.7s/9m00.0s

running (7m22.7s), 1182/1415 VUs, 106034 complete and 0 interrupted iterations
users   [  82% ] 1182/1415 VUs  7m22.7s/9m00.0s

running (7m23.7s), 1166/1415 VUs, 106275 complete and 0 interrupted iterations
users   [  82% ] 1166/1415 VUs  7m23.7s/9m00.0s

running (7m24.7s), 1153/1415 VUs, 106454 complete and 0 interrupted iterations
users   [  82% ] 1153/1415 VUs  7m24.7s/9m00.0s

running (7m25.7s), 1140/1415 VUs, 106739 complete and 0 interrupted iterations
users   [  83% ] 1140/1415 VUs  7m25.7s/9m00.0s

running (7m26.7s), 1126/1415 VUs, 106973 complete and 0 interrupted iterations
users   [  83% ] 1126/1415 VUs  7m26.7s/9m00.0s

running (7m27.7s), 1116/1415 VUs, 107200 complete and 0 interrupted iterations
users   [  83% ] 1116/1415 VUs  7m27.7s/9m00.0s

running (7m28.7s), 1105/1415 VUs, 107428 complete and 0 interrupted iterations
users   [  83% ] 1105/1415 VUs  7m28.7s/9m00.0s

running (7m29.7s), 1097/1415 VUs, 107599 complete and 0 interrupted iterations
users   [  83% ] 1097/1415 VUs  7m29.7s/9m00.0s

running (7m30.7s), 1081/1415 VUs, 107868 complete and 0 interrupted iterations
users   [  83% ] 1081/1415 VUs  7m30.7s/9m00.0s

running (7m31.7s), 1070/1415 VUs, 108089 complete and 0 interrupted iterations
users   [  84% ] 1070/1415 VUs  7m31.7s/9m00.0s

running (7m32.7s), 1058/1415 VUs, 108305 complete and 0 interrupted iterations
users   [  84% ] 1058/1415 VUs  7m32.7s/9m00.0s

running (7m33.7s), 1045/1415 VUs, 108518 complete and 0 interrupted iterations
users   [  84% ] 1045/1415 VUs  7m33.7s/9m00.0s

running (7m34.7s), 1040/1415 VUs, 108684 complete and 0 interrupted iterations
users   [  84% ] 1040/1415 VUs  7m34.7s/9m00.0s

running (7m35.7s), 1021/1415 VUs, 108937 complete and 0 interrupted iterations
users   [  84% ] 1021/1415 VUs  7m35.7s/9m00.0s

running (7m36.7s), 1005/1415 VUs, 109148 complete and 0 interrupted iterations
users   [  85% ] 1005/1415 VUs  7m36.7s/9m00.0s

running (7m37.7s), 0997/1415 VUs, 109356 complete and 0 interrupted iterations
users   [  85% ] 0997/1415 VUs  7m37.7s/9m00.0s

running (7m38.7s), 0988/1415 VUs, 109550 complete and 0 interrupted iterations
users   [  85% ] 0988/1415 VUs  7m38.7s/9m00.0s

running (7m39.7s), 0980/1415 VUs, 109716 complete and 0 interrupted iterations
users   [  85% ] 0980/1415 VUs  7m39.7s/9m00.0s

running (7m40.7s), 0967/1415 VUs, 109946 complete and 0 interrupted iterations
users   [  85% ] 0967/1415 VUs  7m40.7s/9m00.0s

running (7m41.7s), 0950/1415 VUs, 110142 complete and 0 interrupted iterations
users   [  86% ] 0950/1415 VUs  7m41.7s/9m00.0s

running (7m42.7s), 0936/1415 VUs, 110345 complete and 0 interrupted iterations
users   [  86% ] 0936/1415 VUs  7m42.7s/9m00.0s

running (7m43.7s), 0926/1415 VUs, 110530 complete and 0 interrupted iterations
users   [  86% ] 0926/1415 VUs  7m43.7s/9m00.0s

running (7m44.7s), 0915/1415 VUs, 110689 complete and 0 interrupted iterations
users   [  86% ] 0915/1415 VUs  7m44.7s/9m00.0s

running (7m45.7s), 0907/1415 VUs, 110905 complete and 0 interrupted iterations
users   [  86% ] 0907/1415 VUs  7m45.7s/9m00.0s

running (7m46.7s), 0894/1415 VUs, 111084 complete and 0 interrupted iterations
users   [  86% ] 0894/1415 VUs  7m46.7s/9m00.0s

running (7m47.7s), 0880/1415 VUs, 111274 complete and 0 interrupted iterations
users   [  87% ] 0880/1415 VUs  7m47.7s/9m00.0s

running (7m48.7s), 0872/1415 VUs, 111448 complete and 0 interrupted iterations
users   [  87% ] 0872/1415 VUs  7m48.7s/9m00.0s

running (7m49.7s), 0859/1415 VUs, 111601 complete and 0 interrupted iterations
users   [  87% ] 0859/1415 VUs  7m49.7s/9m00.0s

running (7m50.7s), 0842/1415 VUs, 111809 complete and 0 interrupted iterations
users   [  87% ] 0842/1415 VUs  7m50.7s/9m00.0s

running (7m51.7s), 0835/1415 VUs, 111973 complete and 0 interrupted iterations
users   [  87% ] 0835/1415 VUs  7m51.7s/9m00.0s

running (7m52.7s), 0822/1415 VUs, 112145 complete and 0 interrupted iterations
users   [  88% ] 0822/1415 VUs  7m52.7s/9m00.0s

running (7m53.7s), 0814/1415 VUs, 112309 complete and 0 interrupted iterations
users   [  88% ] 0814/1415 VUs  7m53.7s/9m00.0s

running (7m54.7s), 0805/1415 VUs, 112454 complete and 0 interrupted iterations
users   [  88% ] 0805/1415 VUs  7m54.7s/9m00.0s

running (7m55.7s), 0785/1415 VUs, 112646 complete and 0 interrupted iterations
users   [  88% ] 0785/1415 VUs  7m55.7s/9m00.0s

running (7m56.7s), 0781/1415 VUs, 112804 complete and 0 interrupted iterations
users   [  88% ] 0781/1415 VUs  7m56.7s/9m00.0s

running (7m57.7s), 0771/1415 VUs, 112959 complete and 0 interrupted iterations
users   [  88% ] 0771/1415 VUs  7m57.7s/9m00.0s

running (7m58.7s), 0756/1415 VUs, 113114 complete and 0 interrupted iterations
users   [  89% ] 0756/1415 VUs  7m58.7s/9m00.0s

running (7m59.7s), 0745/1415 VUs, 113248 complete and 0 interrupted iterations
users   [  89% ] 0745/1415 VUs  7m59.7s/9m00.0s

running (8m00.7s), 0731/1415 VUs, 113421 complete and 0 interrupted iterations
users   [  89% ] 0731/1415 VUs  8m00.7s/9m00.0s

running (8m01.7s), 0716/1415 VUs, 113575 complete and 0 interrupted iterations
users   [  89% ] 0716/1415 VUs  8m01.7s/9m00.0s

running (8m02.7s), 0703/1415 VUs, 113708 complete and 0 interrupted iterations
users   [  89% ] 0703/1415 VUs  8m02.7s/9m00.0s

running (8m03.7s), 0690/1415 VUs, 113860 complete and 0 interrupted iterations
users   [  90% ] 0690/1415 VUs  8m03.7s/9m00.0s

running (8m04.7s), 0682/1415 VUs, 113985 complete and 0 interrupted iterations
users   [  90% ] 0682/1415 VUs  8m04.7s/9m00.0s

running (8m05.7s), 0669/1415 VUs, 114138 complete and 0 interrupted iterations
users   [  90% ] 0669/1415 VUs  8m05.7s/9m00.0s

running (8m06.7s), 0656/1415 VUs, 114280 complete and 0 interrupted iterations
users   [  90% ] 0656/1415 VUs  8m06.7s/9m00.0s

running (8m07.7s), 0649/1415 VUs, 114403 complete and 0 interrupted iterations
users   [  90% ] 0649/1415 VUs  8m07.7s/9m00.0s

running (8m08.7s), 0636/1415 VUs, 114542 complete and 0 interrupted iterations
users   [  91% ] 0636/1415 VUs  8m08.7s/9m00.0s

running (8m09.7s), 0622/1415 VUs, 114659 complete and 0 interrupted iterations
users   [  91% ] 0622/1415 VUs  8m09.7s/9m00.0s

running (8m10.7s), 0614/1415 VUs, 114797 complete and 0 interrupted iterations
users   [  91% ] 0614/1415 VUs  8m10.7s/9m00.0s

running (8m11.7s), 0597/1415 VUs, 114925 complete and 0 interrupted iterations
users   [  91% ] 0597/1415 VUs  8m11.7s/9m00.0s

running (8m12.7s), 0590/1415 VUs, 115045 complete and 0 interrupted iterations
users   [  91% ] 0590/1415 VUs  8m12.7s/9m00.0s

running (8m13.7s), 0575/1415 VUs, 115170 complete and 0 interrupted iterations
users   [  91% ] 0575/1415 VUs  8m13.7s/9m00.0s

running (8m14.7s), 0565/1415 VUs, 115275 complete and 0 interrupted iterations
users   [  92% ] 0565/1415 VUs  8m14.7s/9m00.0s

running (8m15.7s), 0554/1415 VUs, 115408 complete and 0 interrupted iterations
users   [  92% ] 0554/1415 VUs  8m15.7s/9m00.0s

running (8m16.7s), 0541/1415 VUs, 115514 complete and 0 interrupted iterations
users   [  92% ] 0541/1415 VUs  8m16.7s/9m00.0s

running (8m17.7s), 0530/1415 VUs, 115627 complete and 0 interrupted iterations
users   [  92% ] 0530/1415 VUs  8m17.7s/9m00.0s

running (8m18.7s), 0513/1415 VUs, 115738 complete and 0 interrupted iterations
users   [  92% ] 0513/1415 VUs  8m18.7s/9m00.0s

running (8m19.7s), 0505/1415 VUs, 115835 complete and 0 interrupted iterations
users   [  93% ] 0505/1415 VUs  8m19.7s/9m00.0s

running (8m20.7s), 0488/1415 VUs, 115957 complete and 0 interrupted iterations
users   [  93% ] 0488/1415 VUs  8m20.7s/9m00.0s

running (8m21.7s), 0482/1415 VUs, 116051 complete and 0 interrupted iterations
users   [  93% ] 0482/1415 VUs  8m21.7s/9m00.0s

running (8m22.7s), 0471/1415 VUs, 116153 complete and 0 interrupted iterations
users   [  93% ] 0471/1415 VUs  8m22.7s/9m00.0s

running (8m23.7s), 0457/1415 VUs, 116245 complete and 0 interrupted iterations
users   [  93% ] 0457/1415 VUs  8m23.7s/9m00.0s

running (8m24.7s), 0448/1415 VUs, 116334 complete and 0 interrupted iterations
users   [  93% ] 0448/1415 VUs  8m24.7s/9m00.0s

running (8m25.7s), 0431/1415 VUs, 116438 complete and 0 interrupted iterations
users   [  94% ] 0431/1415 VUs  8m25.7s/9m00.0s

running (8m26.7s), 0418/1415 VUs, 116523 complete and 0 interrupted iterations
users   [  94% ] 0418/1415 VUs  8m26.7s/9m00.0s

running (8m27.7s), 0407/1415 VUs, 116617 complete and 0 interrupted iterations
users   [  94% ] 0407/1415 VUs  8m27.7s/9m00.0s

running (8m28.7s), 0397/1415 VUs, 116694 complete and 0 interrupted iterations
users   [  94% ] 0397/1415 VUs  8m28.7s/9m00.0s

running (8m29.7s), 0379/1415 VUs, 116778 complete and 0 interrupted iterations
users   [  94% ] 0379/1415 VUs  8m29.7s/9m00.0s

running (8m30.7s), 0369/1415 VUs, 116863 complete and 0 interrupted iterations
users   [  95% ] 0369/1415 VUs  8m30.7s/9m00.0s

running (8m31.7s), 0364/1415 VUs, 116937 complete and 0 interrupted iterations
users   [  95% ] 0364/1415 VUs  8m31.7s/9m00.0s

running (8m32.7s), 0355/1415 VUs, 117020 complete and 0 interrupted iterations
users   [  95% ] 0355/1415 VUs  8m32.7s/9m00.0s

running (8m33.7s), 0341/1415 VUs, 117085 complete and 0 interrupted iterations
users   [  95% ] 0341/1415 VUs  8m33.7s/9m00.0s

running (8m34.7s), 0329/1415 VUs, 117151 complete and 0 interrupted iterations
users   [  95% ] 0329/1415 VUs  8m34.7s/9m00.0s

running (8m35.7s), 0321/1415 VUs, 117228 complete and 0 interrupted iterations
users   [  96% ] 0321/1415 VUs  8m35.7s/9m00.0s

running (8m36.7s), 0307/1415 VUs, 117296 complete and 0 interrupted iterations
users   [  96% ] 0307/1415 VUs  8m36.7s/9m00.0s

running (8m37.7s), 0292/1415 VUs, 117372 complete and 0 interrupted iterations
users   [  96% ] 0292/1415 VUs  8m37.7s/9m00.0s

running (8m38.7s), 0281/1415 VUs, 117425 complete and 0 interrupted iterations
users   [  96% ] 0281/1415 VUs  8m38.7s/9m00.0s

running (8m39.7s), 0271/1415 VUs, 117479 complete and 0 interrupted iterations
users   [  96% ] 0271/1415 VUs  8m39.7s/9m00.0s

running (8m40.7s), 0259/1415 VUs, 117544 complete and 0 interrupted iterations
users   [  96% ] 0259/1415 VUs  8m40.7s/9m00.0s

running (8m41.7s), 0247/1415 VUs, 117598 complete and 0 interrupted iterations
users   [  97% ] 0247/1415 VUs  8m41.7s/9m00.0s

running (8m42.7s), 0229/1415 VUs, 117660 complete and 0 interrupted iterations
users   [  97% ] 0229/1415 VUs  8m42.7s/9m00.0s

running (8m43.7s), 0223/1415 VUs, 117704 complete and 0 interrupted iterations
users   [  97% ] 0223/1415 VUs  8m43.7s/9m00.0s

running (8m44.7s), 0212/1415 VUs, 117749 complete and 0 interrupted iterations
users   [  97% ] 0212/1415 VUs  8m44.7s/9m00.0s

running (8m45.7s), 0197/1415 VUs, 117800 complete and 0 interrupted iterations
users   [  97% ] 0197/1415 VUs  8m45.7s/9m00.0s

running (8m46.7s), 0184/1415 VUs, 117842 complete and 0 interrupted iterations
users   [  98% ] 0184/1415 VUs  8m46.7s/9m00.0s

running (8m47.7s), 0173/1415 VUs, 117886 complete and 0 interrupted iterations
users   [  98% ] 0173/1415 VUs  8m47.7s/9m00.0s

running (8m48.7s), 0164/1415 VUs, 117924 complete and 0 interrupted iterations
users   [  98% ] 0164/1415 VUs  8m48.7s/9m00.0s

running (8m49.7s), 0150/1415 VUs, 117960 complete and 0 interrupted iterations
users   [  98% ] 0150/1415 VUs  8m49.7s/9m00.0s

running (8m50.7s), 0142/1415 VUs, 117996 complete and 0 interrupted iterations
users   [  98% ] 0142/1415 VUs  8m50.7s/9m00.0s

running (8m51.7s), 0134/1415 VUs, 118023 complete and 0 interrupted iterations
users   [  98% ] 0134/1415 VUs  8m51.7s/9m00.0s

running (8m52.7s), 0118/1415 VUs, 118057 complete and 0 interrupted iterations
users   [  99% ] 0118/1415 VUs  8m52.7s/9m00.0s

running (8m53.7s), 0101/1415 VUs, 118088 complete and 0 interrupted iterations
users   [  99% ] 0101/1415 VUs  8m53.7s/9m00.0s

running (8m54.7s), 0090/1415 VUs, 118108 complete and 0 interrupted iterations
users   [  99% ] 0090/1415 VUs  8m54.7s/9m00.0s

running (8m55.7s), 0077/1415 VUs, 118136 complete and 0 interrupted iterations
users   [  99% ] 0077/1415 VUs  8m55.7s/9m00.0s

running (8m56.7s), 0065/1415 VUs, 118156 complete and 0 interrupted iterations
users   [  99% ] 0065/1415 VUs  8m56.7s/9m00.0s

running (8m57.7s), 0055/1415 VUs, 118175 complete and 0 interrupted iterations
users   [ 100% ] 0055/1415 VUs  8m57.7s/9m00.0s

running (8m58.7s), 0043/1415 VUs, 118189 complete and 0 interrupted iterations
users   [ 100% ] 0043/1415 VUs  8m58.7s/9m00.0s

running (8m59.7s), 0038/1415 VUs, 118197 complete and 0 interrupted iterations
users   [ 100% ] 0038/1415 VUs  8m59.7s/9m00.0s

running (9m00.7s), 0023/1415 VUs, 118212 complete and 0 interrupted iterations
users ↓ [ 100% ] 0033/1415 VUs  9m0s

running (9m01.7s), 0014/1415 VUs, 118221 complete and 0 interrupted iterations
users ↓ [ 100% ] 0033/1415 VUs  9m0s

running (9m02.7s), 0005/1415 VUs, 118230 complete and 0 interrupted iterations
users ↓ [ 100% ] 0033/1415 VUs  9m0s

running (9m03.7s), 0003/1415 VUs, 118232 complete and 0 interrupted iterations
users ↓ [ 100% ] 0033/1415 VUs  9m0s


  █ THRESHOLDS 

    checks{phase:bench}
    ✓ 'rate>0.99' rate=100.00%

    http_req_duration{name:confirm,phase:bench}
    ✓ 'p(95)<200' p(95)=7.04ms
    ✓ 'p(99)<600' p(99)=23.91ms

    http_req_duration{name:download_expired,phase:bench}
    ✓ 'p(95)<200' p(95)=0s
    ✓ 'p(99)<600' p(99)=0s

    http_req_duration{name:download,phase:bench}
    ✓ 'p(95)<200' p(95)=6.64ms
    ✓ 'p(99)<600' p(99)=19.58ms

    http_req_duration{name:upload,phase:bench}
    ✓ 'p(95)<200' p(95)=8.36ms
    ✓ 'p(99)<600' p(99)=22.64ms

    http_req_failed{phase:bench}
    ✓ 'rate<0.01' rate=0.00%

    server_errors{phase:bench}
    ✓ 'rate<0.01' rate=0.00%


  █ TOTAL RESULTS 

    checks_total.......: 121204  222.556057/s
    checks_succeeded...: 100.00% 121204 out of 121204
    checks_failed......: 0.00%   0 out of 121204

    ✓ download as expected
    ✓ upload link 201
    ✓ confirm 200

    CUSTOM
    server_errors.............................: 0.00%  0 out of 121204
      { phase:bench }.........................: 0.00%  0 out of 85977

    HTTP
    http_req_duration.........................: med=3.54ms p(95)=6.67ms p(99)=19.74ms avg=5.01ms max=1.13s   
      { expected_response:true }..............: med=3.54ms p(95)=6.67ms p(99)=19.74ms avg=5.01ms max=1.13s   
      { name:confirm,phase:bench }............: med=4.28ms p(95)=7.04ms p(99)=23.91ms avg=5.51ms max=295.21ms
      { name:download_expired,phase:bench }...: med=0s     p(95)=0s     p(99)=0s      avg=0s     max=0s      
      { name:download,phase:bench }...........: med=3.46ms p(95)=6.64ms p(99)=19.58ms avg=5.26ms max=1.13s   
      { name:upload,phase:bench }.............: med=5.16ms p(95)=8.36ms p(99)=22.64ms avg=6.07ms max=230.27ms
    http_req_failed...........................: 0.00%  0 out of 121204
      { phase:bench }.........................: 0.00%  0 out of 85976
    http_reqs.................................: 121204 222.556057/s

    EXECUTION
    iteration_duration........................: med=5s     p(95)=5.01s  p(99)=7.24s   avg=5.05s  max=8.01s   
    iterations................................: 118235 217.104348/s
    vus.......................................: 3      min=3           max=1415
    vus_max...................................: 1415   min=1415        max=1415

    NETWORK
    data_received.............................: 285 MB 523 kB/s
    data_sent.................................: 98 MB  180 kB/s




running (9m04.6s), 0000/1415 VUs, 118235 complete and 0 interrupted iterations
users ✓ [ 100% ] 0000/1415 VUs  9m0s
== 1415 users: pass
== resting 120s
== pass 11: 1420 users (passed up to 1415, failed from 1425)
TRUNCATE TABLE
SELECT 10000
ALTER TABLE
UPDATE 10000
INSERT 0 10000
COPY 10000
VACUUM
  expiry   | count 
-----------+-------
 HOURS24   |  3307
 MINUTES15 |  3378
 MINUTES30 |  3315
(3 rows)

 rows  |  table  | indexes |  total  
-------+---------+---------+---------
 10000 | 1112 kB | 1440 kB | 2552 kB
(1 row)

wrote /tmp/seed.csv (10000 files). Copy it to the load generator and run load-file-list.sh.
file list loaded: 10000 files
time="2026-09-30T11:45:09Z" level=info msg="Automatic extension resolution is enabled. The current k6 binary doesn't satisfy all dependencies, it's required to provision a custom binary." deps="k6;k6/x/redis"
time="2026-09-30T11:45:10Z" level=info msg="Using cached k6 binary" artifact_id=d29e86c20dd9a49cb84ea3c41fac5b8b8e524e06 deps="map[k6:v2.3.0 k6/x/redis:v0.4.3]" path=/home/admin/.cache/k6/builds/d29e86c20dd9a49cb84ea3c41fac5b8b8e524e06/k6

         /\      Grafana   /‾‾/  
    /\  /  \     |\  __   /  /   
   /  \/    \    | |/ /  /   ‾‾\ 
  /          \   |   (  |  (‾)  |
 / __________ \  |_|\_\  \_____/ 


     execution: local
        script: /home/admin/Mint-Bench/k6/mint.js
        output: csv (/home/admin/Mint-Bench/bench-sql/results/2026-09-30-0953/vus-1420/k6.csv.gz)

     scenarios: (100.00%) 1 scenario, 1420 max VUs, 9m30s max duration (incl. graceful stop):
              * users: Up to 1420 looping VUs for 9m0s over 3 stages (gracefulRampDown: 30s, gracefulStop: 30s)


running (0m00.7s), 0008/1420 VUs, 0 complete and 0 interrupted iterations
users   [   0% ] 0008/1420 VUs  0m00.7s/9m00.0s

running (0m01.7s), 0020/1420 VUs, 0 complete and 0 interrupted iterations
users   [   0% ] 0020/1420 VUs  0m01.7s/9m00.0s

running (0m02.7s), 0032/1420 VUs, 0 complete and 0 interrupted iterations
users   [   1% ] 0032/1420 VUs  0m02.7s/9m00.0s

running (0m03.7s), 0043/1420 VUs, 0 complete and 0 interrupted iterations
users   [   1% ] 0043/1420 VUs  0m03.7s/9m00.0s

running (0m04.7s), 0055/1420 VUs, 0 complete and 0 interrupted iterations
users   [   1% ] 0055/1420 VUs  0m04.7s/9m00.0s

running (0m05.7s), 0067/1420 VUs, 8 complete and 0 interrupted iterations
users   [   1% ] 0067/1420 VUs  0m05.7s/9m00.0s

running (0m06.7s), 0079/1420 VUs, 19 complete and 0 interrupted iterations
users   [   1% ] 0079/1420 VUs  0m06.7s/9m00.0s

running (0m07.7s), 0091/1420 VUs, 31 complete and 0 interrupted iterations
users   [   1% ] 0091/1420 VUs  0m07.7s/9m00.0s

running (0m08.7s), 0103/1420 VUs, 43 complete and 0 interrupted iterations
users   [   2% ] 0103/1420 VUs  0m08.7s/9m00.0s

running (0m09.7s), 0114/1420 VUs, 55 complete and 0 interrupted iterations
users   [   2% ] 0114/1420 VUs  0m09.7s/9m00.0s

running (0m10.7s), 0126/1420 VUs, 75 complete and 0 interrupted iterations
users   [   2% ] 0126/1420 VUs  0m10.7s/9m00.0s

running (0m11.7s), 0138/1420 VUs, 97 complete and 0 interrupted iterations
users   [   2% ] 0138/1420 VUs  0m11.7s/9m00.0s

running (0m12.7s), 0150/1420 VUs, 120 complete and 0 interrupted iterations
users   [   2% ] 0150/1420 VUs  0m12.7s/9m00.0s

running (0m13.7s), 0162/1420 VUs, 144 complete and 0 interrupted iterations
users   [   3% ] 0162/1420 VUs  0m13.7s/9m00.0s

running (0m14.7s), 0174/1420 VUs, 166 complete and 0 interrupted iterations
users   [   3% ] 0174/1420 VUs  0m14.7s/9m00.0s

running (0m15.7s), 0185/1420 VUs, 197 complete and 0 interrupted iterations
users   [   3% ] 0185/1420 VUs  0m15.7s/9m00.0s

running (0m16.7s), 0197/1420 VUs, 234 complete and 0 interrupted iterations
users   [   3% ] 0197/1420 VUs  0m16.7s/9m00.0s

running (0m17.7s), 0209/1420 VUs, 270 complete and 0 interrupted iterations
users   [   3% ] 0209/1420 VUs  0m17.7s/9m00.0s

running (0m18.7s), 0221/1420 VUs, 305 complete and 0 interrupted iterations
users   [   3% ] 0221/1420 VUs  0m18.7s/9m00.0s

running (0m19.7s), 0233/1420 VUs, 338 complete and 0 interrupted iterations
users   [   4% ] 0233/1420 VUs  0m19.7s/9m00.0s

running (0m20.7s), 0245/1420 VUs, 381 complete and 0 interrupted iterations
users   [   4% ] 0245/1420 VUs  0m20.7s/9m00.0s

running (0m21.7s), 0256/1420 VUs, 429 complete and 0 interrupted iterations
users   [   4% ] 0256/1420 VUs  0m21.7s/9m00.0s

running (0m22.7s), 0268/1420 VUs, 477 complete and 0 interrupted iterations
users   [   4% ] 0268/1420 VUs  0m22.7s/9m00.0s

running (0m23.7s), 0280/1420 VUs, 525 complete and 0 interrupted iterations
users   [   4% ] 0280/1420 VUs  0m23.7s/9m00.0s

running (0m24.7s), 0292/1420 VUs, 569 complete and 0 interrupted iterations
users   [   5% ] 0292/1420 VUs  0m24.7s/9m00.0s

running (0m25.7s), 0304/1420 VUs, 624 complete and 0 interrupted iterations
users   [   5% ] 0304/1420 VUs  0m25.7s/9m00.0s

running (0m26.7s), 0316/1420 VUs, 682 complete and 0 interrupted iterations
users   [   5% ] 0316/1420 VUs  0m26.7s/9m00.0s

running (0m27.7s), 0327/1420 VUs, 743 complete and 0 interrupted iterations
users   [   5% ] 0327/1420 VUs  0m27.7s/9m00.0s

running (0m28.7s), 0339/1420 VUs, 803 complete and 0 interrupted iterations
users   [   5% ] 0339/1420 VUs  0m28.7s/9m00.0s

running (0m29.7s), 0351/1420 VUs, 858 complete and 0 interrupted iterations
users   [   6% ] 0351/1420 VUs  0m29.7s/9m00.0s

running (0m30.7s), 0363/1420 VUs, 925 complete and 0 interrupted iterations
users   [   6% ] 0363/1420 VUs  0m30.7s/9m00.0s

running (0m31.7s), 0375/1420 VUs, 994 complete and 0 interrupted iterations
users   [   6% ] 0375/1420 VUs  0m31.7s/9m00.0s

running (0m32.7s), 0387/1420 VUs, 1066 complete and 0 interrupted iterations
users   [   6% ] 0387/1420 VUs  0m32.7s/9m00.0s

running (0m33.7s), 0398/1420 VUs, 1139 complete and 0 interrupted iterations
users   [   6% ] 0398/1420 VUs  0m33.7s/9m00.0s

running (0m34.7s), 0410/1420 VUs, 1203 complete and 0 interrupted iterations
users   [   6% ] 0410/1420 VUs  0m34.7s/9m00.0s

running (0m35.7s), 0422/1420 VUs, 1278 complete and 0 interrupted iterations
users   [   7% ] 0422/1420 VUs  0m35.7s/9m00.0s

running (0m36.7s), 0434/1420 VUs, 1361 complete and 0 interrupted iterations
users   [   7% ] 0434/1420 VUs  0m36.7s/9m00.0s

running (0m37.7s), 0446/1420 VUs, 1446 complete and 0 interrupted iterations
users   [   7% ] 0446/1420 VUs  0m37.7s/9m00.0s

running (0m38.7s), 0458/1420 VUs, 1528 complete and 0 interrupted iterations
users   [   7% ] 0458/1420 VUs  0m38.7s/9m00.0s

running (0m39.7s), 0469/1420 VUs, 1604 complete and 0 interrupted iterations
users   [   7% ] 0469/1420 VUs  0m39.7s/9m00.0s

running (0m40.7s), 0481/1420 VUs, 1697 complete and 0 interrupted iterations
users   [   8% ] 0481/1420 VUs  0m40.7s/9m00.0s

running (0m41.7s), 0493/1420 VUs, 1794 complete and 0 interrupted iterations
users   [   8% ] 0493/1420 VUs  0m41.7s/9m00.0s

running (0m42.7s), 0505/1420 VUs, 1889 complete and 0 interrupted iterations
users   [   8% ] 0505/1420 VUs  0m42.7s/9m00.0s

running (0m43.7s), 0517/1420 VUs, 1983 complete and 0 interrupted iterations
users   [   8% ] 0517/1420 VUs  0m43.7s/9m00.0s

running (0m44.7s), 0529/1420 VUs, 2067 complete and 0 interrupted iterations
users   [   8% ] 0529/1420 VUs  0m44.7s/9m00.0s

running (0m45.7s), 0540/1420 VUs, 2173 complete and 0 interrupted iterations
users   [   8% ] 0540/1420 VUs  0m45.7s/9m00.0s

running (0m46.7s), 0552/1420 VUs, 2281 complete and 0 interrupted iterations
users   [   9% ] 0552/1420 VUs  0m46.7s/9m00.0s

running (0m47.7s), 0564/1420 VUs, 2387 complete and 0 interrupted iterations
users   [   9% ] 0564/1420 VUs  0m47.7s/9m00.0s

running (0m48.7s), 0576/1420 VUs, 2494 complete and 0 interrupted iterations
users   [   9% ] 0576/1420 VUs  0m48.7s/9m00.0s

running (0m49.7s), 0588/1420 VUs, 2591 complete and 0 interrupted iterations
users   [   9% ] 0588/1420 VUs  0m49.7s/9m00.0s

running (0m50.7s), 0600/1420 VUs, 2707 complete and 0 interrupted iterations
users   [   9% ] 0600/1420 VUs  0m50.7s/9m00.0s

running (0m51.7s), 0611/1420 VUs, 2826 complete and 0 interrupted iterations
users   [  10% ] 0611/1420 VUs  0m51.7s/9m00.0s

running (0m52.7s), 0623/1420 VUs, 2947 complete and 0 interrupted iterations
users   [  10% ] 0623/1420 VUs  0m52.7s/9m00.0s

running (0m53.7s), 0635/1420 VUs, 3066 complete and 0 interrupted iterations
users   [  10% ] 0635/1420 VUs  0m53.7s/9m00.0s

running (0m54.7s), 0647/1420 VUs, 3172 complete and 0 interrupted iterations
users   [  10% ] 0647/1420 VUs  0m54.7s/9m00.0s

running (0m55.7s), 0659/1420 VUs, 3305 complete and 0 interrupted iterations
users   [  10% ] 0659/1420 VUs  0m55.7s/9m00.0s

running (0m56.7s), 0671/1420 VUs, 3427 complete and 0 interrupted iterations
users   [  11% ] 0671/1420 VUs  0m56.7s/9m00.0s

running (0m57.7s), 0682/1420 VUs, 3564 complete and 0 interrupted iterations
users   [  11% ] 0682/1420 VUs  0m57.7s/9m00.0s

running (0m58.7s), 0694/1420 VUs, 3695 complete and 0 interrupted iterations
users   [  11% ] 0694/1420 VUs  0m58.7s/9m00.0s

running (0m59.7s), 0706/1420 VUs, 3811 complete and 0 interrupted iterations
users   [  11% ] 0706/1420 VUs  0m59.7s/9m00.0s

running (1m00.7s), 0718/1420 VUs, 3955 complete and 0 interrupted iterations
users   [  11% ] 0718/1420 VUs  1m00.7s/9m00.0s

running (1m01.7s), 0730/1420 VUs, 4091 complete and 0 interrupted iterations
users   [  11% ] 0730/1420 VUs  1m01.7s/9m00.0s

running (1m02.7s), 0742/1420 VUs, 4239 complete and 0 interrupted iterations
users   [  12% ] 0742/1420 VUs  1m02.7s/9m00.0s

running (1m03.7s), 0753/1420 VUs, 4381 complete and 0 interrupted iterations
users   [  12% ] 0753/1420 VUs  1m03.7s/9m00.0s

running (1m04.7s), 0765/1420 VUs, 4509 complete and 0 interrupted iterations
users   [  12% ] 0765/1420 VUs  1m04.7s/9m00.0s

running (1m05.7s), 0777/1420 VUs, 4668 complete and 0 interrupted iterations
users   [  12% ] 0777/1420 VUs  1m05.7s/9m00.0s

running (1m06.7s), 0789/1420 VUs, 4810 complete and 0 interrupted iterations
users   [  12% ] 0789/1420 VUs  1m06.7s/9m00.0s

running (1m07.7s), 0801/1420 VUs, 4967 complete and 0 interrupted iterations
users   [  13% ] 0801/1420 VUs  1m07.7s/9m00.0s

running (1m08.7s), 0813/1420 VUs, 5125 complete and 0 interrupted iterations
users   [  13% ] 0813/1420 VUs  1m08.7s/9m00.0s

running (1m09.7s), 0824/1420 VUs, 5263 complete and 0 interrupted iterations
users   [  13% ] 0824/1420 VUs  1m09.7s/9m00.0s

running (1m10.7s), 0836/1420 VUs, 5435 complete and 0 interrupted iterations
users   [  13% ] 0836/1420 VUs  1m10.7s/9m00.0s

running (1m11.7s), 0848/1420 VUs, 5593 complete and 0 interrupted iterations
users   [  13% ] 0848/1420 VUs  1m11.7s/9m00.0s

running (1m12.7s), 0860/1420 VUs, 5758 complete and 0 interrupted iterations
users   [  13% ] 0860/1420 VUs  1m12.7s/9m00.0s

running (1m13.7s), 0872/1420 VUs, 5921 complete and 0 interrupted iterations
users   [  14% ] 0872/1420 VUs  1m13.7s/9m00.0s

running (1m14.7s), 0884/1420 VUs, 6073 complete and 0 interrupted iterations
users   [  14% ] 0884/1420 VUs  1m14.7s/9m00.0s

running (1m15.7s), 0895/1420 VUs, 6263 complete and 0 interrupted iterations
users   [  14% ] 0895/1420 VUs  1m15.7s/9m00.0s

running (1m16.7s), 0907/1420 VUs, 6433 complete and 0 interrupted iterations
users   [  14% ] 0907/1420 VUs  1m16.7s/9m00.0s

running (1m17.7s), 0919/1420 VUs, 6613 complete and 0 interrupted iterations
users   [  14% ] 0919/1420 VUs  1m17.7s/9m00.0s

running (1m18.7s), 0931/1420 VUs, 6784 complete and 0 interrupted iterations
users   [  15% ] 0931/1420 VUs  1m18.7s/9m00.0s

running (1m19.7s), 0943/1420 VUs, 6952 complete and 0 interrupted iterations
users   [  15% ] 0943/1420 VUs  1m19.7s/9m00.0s

running (1m20.7s), 0955/1420 VUs, 7149 complete and 0 interrupted iterations
users   [  15% ] 0955/1420 VUs  1m20.7s/9m00.0s

running (1m21.7s), 0966/1420 VUs, 7327 complete and 0 interrupted iterations
users   [  15% ] 0966/1420 VUs  1m21.7s/9m00.0s

running (1m22.7s), 0978/1420 VUs, 7522 complete and 0 interrupted iterations
users   [  15% ] 0978/1420 VUs  1m22.7s/9m00.0s

running (1m23.7s), 0990/1420 VUs, 7708 complete and 0 interrupted iterations
users   [  16% ] 0990/1420 VUs  1m23.7s/9m00.0s

running (1m24.7s), 1002/1420 VUs, 7882 complete and 0 interrupted iterations
users   [  16% ] 1002/1420 VUs  1m24.7s/9m00.0s

running (1m25.7s), 1014/1420 VUs, 8093 complete and 0 interrupted iterations
users   [  16% ] 1014/1420 VUs  1m25.7s/9m00.0s

running (1m26.7s), 1026/1420 VUs, 8280 complete and 0 interrupted iterations
users   [  16% ] 1026/1420 VUs  1m26.7s/9m00.0s

running (1m27.7s), 1037/1420 VUs, 8487 complete and 0 interrupted iterations
users   [  16% ] 1037/1420 VUs  1m27.7s/9m00.0s

running (1m28.7s), 1049/1420 VUs, 8686 complete and 0 interrupted iterations
users   [  16% ] 1049/1420 VUs  1m28.7s/9m00.0s

running (1m29.7s), 1061/1420 VUs, 8876 complete and 0 interrupted iterations
users   [  17% ] 1061/1420 VUs  1m29.7s/9m00.0s

running (1m30.7s), 1073/1420 VUs, 9098 complete and 0 interrupted iterations
users   [  17% ] 1073/1420 VUs  1m30.7s/9m00.0s

running (1m31.7s), 1085/1420 VUs, 9300 complete and 0 interrupted iterations
users   [  17% ] 1085/1420 VUs  1m31.7s/9m00.0s

running (1m32.7s), 1097/1420 VUs, 9510 complete and 0 interrupted iterations
users   [  17% ] 1097/1420 VUs  1m32.7s/9m00.0s

running (1m33.7s), 1108/1420 VUs, 9723 complete and 0 interrupted iterations
users   [  17% ] 1108/1420 VUs  1m33.7s/9m00.0s

running (1m34.7s), 1120/1420 VUs, 9927 complete and 0 interrupted iterations
users   [  18% ] 1120/1420 VUs  1m34.7s/9m00.0s

running (1m35.7s), 1132/1420 VUs, 10163 complete and 0 interrupted iterations
users   [  18% ] 1132/1420 VUs  1m35.7s/9m00.0s

running (1m36.7s), 1144/1420 VUs, 10375 complete and 0 interrupted iterations
users   [  18% ] 1144/1420 VUs  1m36.7s/9m00.0s

running (1m37.7s), 1156/1420 VUs, 10595 complete and 0 interrupted iterations
users   [  18% ] 1156/1420 VUs  1m37.7s/9m00.0s

running (1m38.7s), 1168/1420 VUs, 10816 complete and 0 interrupted iterations
users   [  18% ] 1168/1420 VUs  1m38.7s/9m00.0s

running (1m39.7s), 1179/1420 VUs, 11034 complete and 0 interrupted iterations
users   [  18% ] 1179/1420 VUs  1m39.7s/9m00.0s

running (1m40.7s), 1191/1420 VUs, 11277 complete and 0 interrupted iterations
users   [  19% ] 1191/1420 VUs  1m40.7s/9m00.0s

running (1m41.7s), 1203/1420 VUs, 11503 complete and 0 interrupted iterations
users   [  19% ] 1203/1420 VUs  1m41.7s/9m00.0s

running (1m42.7s), 1215/1420 VUs, 11740 complete and 0 interrupted iterations
users   [  19% ] 1215/1420 VUs  1m42.7s/9m00.0s

running (1m43.7s), 1227/1420 VUs, 11968 complete and 0 interrupted iterations
users   [  19% ] 1227/1420 VUs  1m43.7s/9m00.0s

running (1m44.7s), 1239/1420 VUs, 12199 complete and 0 interrupted iterations
users   [  19% ] 1239/1420 VUs  1m44.7s/9m00.0s

running (1m45.7s), 1250/1420 VUs, 12456 complete and 0 interrupted iterations
users   [  20% ] 1250/1420 VUs  1m45.7s/9m00.0s

running (1m46.7s), 1262/1420 VUs, 12695 complete and 0 interrupted iterations
users   [  20% ] 1262/1420 VUs  1m46.7s/9m00.0s

running (1m47.7s), 1274/1420 VUs, 12943 complete and 0 interrupted iterations
users   [  20% ] 1274/1420 VUs  1m47.7s/9m00.0s

running (1m48.7s), 1286/1420 VUs, 13186 complete and 0 interrupted iterations
users   [  20% ] 1286/1420 VUs  1m48.7s/9m00.0s

running (1m49.7s), 1298/1420 VUs, 13429 complete and 0 interrupted iterations
users   [  20% ] 1298/1420 VUs  1m49.7s/9m00.0s

running (1m50.7s), 1310/1420 VUs, 13696 complete and 0 interrupted iterations
users   [  21% ] 1310/1420 VUs  1m50.7s/9m00.0s

running (1m51.7s), 1321/1420 VUs, 13941 complete and 0 interrupted iterations
users   [  21% ] 1321/1420 VUs  1m51.7s/9m00.0s

running (1m52.7s), 1333/1420 VUs, 14200 complete and 0 interrupted iterations
users   [  21% ] 1333/1420 VUs  1m52.7s/9m00.0s

running (1m53.7s), 1345/1420 VUs, 14457 complete and 0 interrupted iterations
users   [  21% ] 1345/1420 VUs  1m53.7s/9m00.0s

running (1m54.7s), 1357/1420 VUs, 14707 complete and 0 interrupted iterations
users   [  21% ] 1357/1420 VUs  1m54.7s/9m00.0s

running (1m55.7s), 1369/1420 VUs, 14994 complete and 0 interrupted iterations
users   [  21% ] 1369/1420 VUs  1m55.7s/9m00.0s

running (1m56.7s), 1381/1420 VUs, 15247 complete and 0 interrupted iterations
users   [  22% ] 1381/1420 VUs  1m56.7s/9m00.0s

running (1m57.7s), 1392/1420 VUs, 15518 complete and 0 interrupted iterations
users   [  22% ] 1392/1420 VUs  1m57.7s/9m00.0s

running (1m58.7s), 1404/1420 VUs, 15789 complete and 0 interrupted iterations
users   [  22% ] 1404/1420 VUs  1m58.7s/9m00.0s

running (1m59.7s), 1416/1420 VUs, 16050 complete and 0 interrupted iterations
users   [  22% ] 1416/1420 VUs  1m59.7s/9m00.0s

running (2m00.7s), 1420/1420 VUs, 16344 complete and 0 interrupted iterations
users   [  22% ] 1420/1420 VUs  2m00.7s/9m00.0s

running (2m01.7s), 1420/1420 VUs, 16611 complete and 0 interrupted iterations
users   [  23% ] 1420/1420 VUs  2m01.7s/9m00.0s

running (2m02.7s), 1420/1420 VUs, 16893 complete and 0 interrupted iterations
users   [  23% ] 1420/1420 VUs  2m02.7s/9m00.0s

running (2m03.7s), 1420/1420 VUs, 17181 complete and 0 interrupted iterations
users   [  23% ] 1420/1420 VUs  2m03.7s/9m00.0s

running (2m04.7s), 1420/1420 VUs, 17453 complete and 0 interrupted iterations
users   [  23% ] 1420/1420 VUs  2m04.7s/9m00.0s

running (2m05.7s), 1420/1420 VUs, 17750 complete and 0 interrupted iterations
users   [  23% ] 1420/1420 VUs  2m05.7s/9m00.0s

running (2m06.7s), 1420/1420 VUs, 18018 complete and 0 interrupted iterations
users   [  23% ] 1420/1420 VUs  2m06.7s/9m00.0s

running (2m07.7s), 1420/1420 VUs, 18297 complete and 0 interrupted iterations
users   [  24% ] 1420/1420 VUs  2m07.7s/9m00.0s

running (2m08.7s), 1420/1420 VUs, 18584 complete and 0 interrupted iterations
users   [  24% ] 1420/1420 VUs  2m08.7s/9m00.0s

running (2m09.7s), 1420/1420 VUs, 18861 complete and 0 interrupted iterations
users   [  24% ] 1420/1420 VUs  2m09.7s/9m00.0s

running (2m10.7s), 1420/1420 VUs, 19147 complete and 0 interrupted iterations
users   [  24% ] 1420/1420 VUs  2m10.7s/9m00.0s

running (2m11.7s), 1420/1420 VUs, 19417 complete and 0 interrupted iterations
users   [  24% ] 1420/1420 VUs  2m11.7s/9m00.0s

running (2m12.7s), 1420/1420 VUs, 19702 complete and 0 interrupted iterations
users   [  25% ] 1420/1420 VUs  2m12.7s/9m00.0s

running (2m13.7s), 1420/1420 VUs, 19986 complete and 0 interrupted iterations
users   [  25% ] 1420/1420 VUs  2m13.7s/9m00.0s

running (2m14.7s), 1420/1420 VUs, 20269 complete and 0 interrupted iterations
users   [  25% ] 1420/1420 VUs  2m14.7s/9m00.0s

running (2m15.7s), 1420/1420 VUs, 20554 complete and 0 interrupted iterations
users   [  25% ] 1420/1420 VUs  2m15.7s/9m00.0s

running (2m16.7s), 1420/1420 VUs, 20824 complete and 0 interrupted iterations
users   [  25% ] 1420/1420 VUs  2m16.7s/9m00.0s

running (2m17.7s), 1420/1420 VUs, 21106 complete and 0 interrupted iterations
users   [  26% ] 1420/1420 VUs  2m17.7s/9m00.0s

running (2m18.7s), 1420/1420 VUs, 21391 complete and 0 interrupted iterations
users   [  26% ] 1420/1420 VUs  2m18.7s/9m00.0s

running (2m19.7s), 1420/1420 VUs, 21674 complete and 0 interrupted iterations
users   [  26% ] 1420/1420 VUs  2m19.7s/9m00.0s

running (2m20.7s), 1420/1420 VUs, 21964 complete and 0 interrupted iterations
users   [  26% ] 1420/1420 VUs  2m20.7s/9m00.0s

running (2m21.7s), 1420/1420 VUs, 22236 complete and 0 interrupted iterations
users   [  26% ] 1420/1420 VUs  2m21.7s/9m00.0s

running (2m22.7s), 1420/1420 VUs, 22513 complete and 0 interrupted iterations
users   [  26% ] 1420/1420 VUs  2m22.7s/9m00.0s

running (2m23.7s), 1420/1420 VUs, 22795 complete and 0 interrupted iterations
users   [  27% ] 1420/1420 VUs  2m23.7s/9m00.0s

running (2m24.7s), 1420/1420 VUs, 23077 complete and 0 interrupted iterations
users   [  27% ] 1420/1420 VUs  2m24.7s/9m00.0s

running (2m25.7s), 1420/1420 VUs, 23364 complete and 0 interrupted iterations
users   [  27% ] 1420/1420 VUs  2m25.7s/9m00.0s

running (2m26.7s), 1420/1420 VUs, 23642 complete and 0 interrupted iterations
users   [  27% ] 1420/1420 VUs  2m26.7s/9m00.0s

running (2m27.7s), 1420/1420 VUs, 23918 complete and 0 interrupted iterations
users   [  27% ] 1420/1420 VUs  2m27.7s/9m00.0s

running (2m28.7s), 1420/1420 VUs, 24201 complete and 0 interrupted iterations
users   [  28% ] 1420/1420 VUs  2m28.7s/9m00.0s

running (2m29.7s), 1420/1420 VUs, 24480 complete and 0 interrupted iterations
users   [  28% ] 1420/1420 VUs  2m29.7s/9m00.0s

running (2m30.7s), 1420/1420 VUs, 24764 complete and 0 interrupted iterations
users   [  28% ] 1420/1420 VUs  2m30.7s/9m00.0s

running (2m31.7s), 1420/1420 VUs, 25044 complete and 0 interrupted iterations
users   [  28% ] 1420/1420 VUs  2m31.7s/9m00.0s

running (2m32.7s), 1420/1420 VUs, 25323 complete and 0 interrupted iterations
users   [  28% ] 1420/1420 VUs  2m32.7s/9m00.0s

running (2m33.7s), 1420/1420 VUs, 25610 complete and 0 interrupted iterations
users   [  28% ] 1420/1420 VUs  2m33.7s/9m00.0s

running (2m34.7s), 1420/1420 VUs, 25892 complete and 0 interrupted iterations
users   [  29% ] 1420/1420 VUs  2m34.7s/9m00.0s

running (2m35.7s), 1420/1420 VUs, 26177 complete and 0 interrupted iterations
users   [  29% ] 1420/1420 VUs  2m35.7s/9m00.0s

running (2m36.7s), 1420/1420 VUs, 26450 complete and 0 interrupted iterations
users   [  29% ] 1420/1420 VUs  2m36.7s/9m00.0s

running (2m37.7s), 1420/1420 VUs, 26727 complete and 0 interrupted iterations
users   [  29% ] 1420/1420 VUs  2m37.7s/9m00.0s

running (2m38.7s), 1420/1420 VUs, 27020 complete and 0 interrupted iterations
users   [  29% ] 1420/1420 VUs  2m38.7s/9m00.0s

running (2m39.7s), 1420/1420 VUs, 27297 complete and 0 interrupted iterations
users   [  30% ] 1420/1420 VUs  2m39.7s/9m00.0s

running (2m40.7s), 1420/1420 VUs, 27586 complete and 0 interrupted iterations
users   [  30% ] 1420/1420 VUs  2m40.7s/9m00.0s

running (2m41.7s), 1420/1420 VUs, 27858 complete and 0 interrupted iterations
users   [  30% ] 1420/1420 VUs  2m41.7s/9m00.0s

running (2m42.7s), 1420/1420 VUs, 28127 complete and 0 interrupted iterations
users   [  30% ] 1420/1420 VUs  2m42.7s/9m00.0s

running (2m43.7s), 1420/1420 VUs, 28429 complete and 0 interrupted iterations
users   [  30% ] 1420/1420 VUs  2m43.7s/9m00.0s

running (2m44.7s), 1420/1420 VUs, 28702 complete and 0 interrupted iterations
users   [  31% ] 1420/1420 VUs  2m44.7s/9m00.0s

running (2m45.7s), 1420/1420 VUs, 28993 complete and 0 interrupted iterations
users   [  31% ] 1420/1420 VUs  2m45.7s/9m00.0s

running (2m46.7s), 1420/1420 VUs, 29265 complete and 0 interrupted iterations
users   [  31% ] 1420/1420 VUs  2m46.7s/9m00.0s

running (2m47.7s), 1420/1420 VUs, 29529 complete and 0 interrupted iterations
users   [  31% ] 1420/1420 VUs  2m47.7s/9m00.0s

running (2m48.7s), 1420/1420 VUs, 29832 complete and 0 interrupted iterations
users   [  31% ] 1420/1420 VUs  2m48.7s/9m00.0s

running (2m49.7s), 1420/1420 VUs, 30107 complete and 0 interrupted iterations
users   [  31% ] 1420/1420 VUs  2m49.7s/9m00.0s

running (2m50.7s), 1420/1420 VUs, 30396 complete and 0 interrupted iterations
users   [  32% ] 1420/1420 VUs  2m50.7s/9m00.0s

running (2m51.7s), 1420/1420 VUs, 30673 complete and 0 interrupted iterations
users   [  32% ] 1420/1420 VUs  2m51.7s/9m00.0s

running (2m52.7s), 1420/1420 VUs, 30937 complete and 0 interrupted iterations
users   [  32% ] 1420/1420 VUs  2m52.7s/9m00.0s

running (2m53.7s), 1420/1420 VUs, 31236 complete and 0 interrupted iterations
users   [  32% ] 1420/1420 VUs  2m53.7s/9m00.0s

running (2m54.7s), 1420/1420 VUs, 31506 complete and 0 interrupted iterations
users   [  32% ] 1420/1420 VUs  2m54.7s/9m00.0s

running (2m55.7s), 1420/1420 VUs, 31802 complete and 0 interrupted iterations
users   [  33% ] 1420/1420 VUs  2m55.7s/9m00.0s

running (2m56.7s), 1420/1420 VUs, 32068 complete and 0 interrupted iterations
users   [  33% ] 1420/1420 VUs  2m56.7s/9m00.0s

running (2m57.7s), 1420/1420 VUs, 32344 complete and 0 interrupted iterations
users   [  33% ] 1420/1420 VUs  2m57.7s/9m00.0s

running (2m58.7s), 1420/1420 VUs, 32642 complete and 0 interrupted iterations
users   [  33% ] 1420/1420 VUs  2m58.7s/9m00.0s

running (2m59.7s), 1420/1420 VUs, 32912 complete and 0 interrupted iterations
users   [  33% ] 1420/1420 VUs  2m59.7s/9m00.0s

running (3m00.7s), 1420/1420 VUs, 33201 complete and 0 interrupted iterations
users   [  33% ] 1420/1420 VUs  3m00.7s/9m00.0s

running (3m01.7s), 1420/1420 VUs, 33471 complete and 0 interrupted iterations
users   [  34% ] 1420/1420 VUs  3m01.7s/9m00.0s

running (3m02.7s), 1420/1420 VUs, 33750 complete and 0 interrupted iterations
users   [  34% ] 1420/1420 VUs  3m02.7s/9m00.0s

running (3m03.7s), 1420/1420 VUs, 34046 complete and 0 interrupted iterations
users   [  34% ] 1420/1420 VUs  3m03.7s/9m00.0s

running (3m04.7s), 1420/1420 VUs, 34320 complete and 0 interrupted iterations
users   [  34% ] 1420/1420 VUs  3m04.7s/9m00.0s

running (3m05.7s), 1420/1420 VUs, 34604 complete and 0 interrupted iterations
users   [  34% ] 1420/1420 VUs  3m05.7s/9m00.0s

running (3m06.7s), 1420/1420 VUs, 34877 complete and 0 interrupted iterations
users   [  35% ] 1420/1420 VUs  3m06.7s/9m00.0s

running (3m07.7s), 1420/1420 VUs, 35157 complete and 0 interrupted iterations
users   [  35% ] 1420/1420 VUs  3m07.7s/9m00.0s

running (3m08.7s), 1420/1420 VUs, 35451 complete and 0 interrupted iterations
users   [  35% ] 1420/1420 VUs  3m08.7s/9m00.0s

running (3m09.7s), 1420/1420 VUs, 35728 complete and 0 interrupted iterations
users   [  35% ] 1420/1420 VUs  3m09.7s/9m00.0s

running (3m10.7s), 1420/1420 VUs, 36008 complete and 0 interrupted iterations
users   [  35% ] 1420/1420 VUs  3m10.7s/9m00.0s

running (3m11.7s), 1420/1420 VUs, 36277 complete and 0 interrupted iterations
users   [  36% ] 1420/1420 VUs  3m11.7s/9m00.0s

running (3m12.7s), 1420/1420 VUs, 36557 complete and 0 interrupted iterations
users   [  36% ] 1420/1420 VUs  3m12.7s/9m00.0s

running (3m13.7s), 1420/1420 VUs, 36858 complete and 0 interrupted iterations
users   [  36% ] 1420/1420 VUs  3m13.7s/9m00.0s

running (3m14.7s), 1420/1420 VUs, 37131 complete and 0 interrupted iterations
users   [  36% ] 1420/1420 VUs  3m14.7s/9m00.0s

running (3m15.7s), 1420/1420 VUs, 37403 complete and 0 interrupted iterations
users   [  36% ] 1420/1420 VUs  3m15.7s/9m00.0s

running (3m16.7s), 1420/1420 VUs, 37674 complete and 0 interrupted iterations
users   [  36% ] 1420/1420 VUs  3m16.7s/9m00.0s

running (3m17.7s), 1420/1420 VUs, 37965 complete and 0 interrupted iterations
users   [  37% ] 1420/1420 VUs  3m17.7s/9m00.0s

running (3m18.7s), 1420/1420 VUs, 38264 complete and 0 interrupted iterations
users   [  37% ] 1420/1420 VUs  3m18.7s/9m00.0s

running (3m19.7s), 1420/1420 VUs, 38535 complete and 0 interrupted iterations
users   [  37% ] 1420/1420 VUs  3m19.7s/9m00.0s

running (3m20.7s), 1420/1420 VUs, 38815 complete and 0 interrupted iterations
users   [  37% ] 1420/1420 VUs  3m20.7s/9m00.0s

running (3m21.7s), 1420/1420 VUs, 39074 complete and 0 interrupted iterations
users   [  37% ] 1420/1420 VUs  3m21.7s/9m00.0s

running (3m22.7s), 1420/1420 VUs, 39362 complete and 0 interrupted iterations
users   [  38% ] 1420/1420 VUs  3m22.7s/9m00.0s

running (3m23.7s), 1420/1420 VUs, 39668 complete and 0 interrupted iterations
users   [  38% ] 1420/1420 VUs  3m23.7s/9m00.0s

running (3m24.7s), 1420/1420 VUs, 39942 complete and 0 interrupted iterations
users   [  38% ] 1420/1420 VUs  3m24.7s/9m00.0s

running (3m25.7s), 1420/1420 VUs, 40220 complete and 0 interrupted iterations
users   [  38% ] 1420/1420 VUs  3m25.7s/9m00.0s

running (3m26.7s), 1420/1420 VUs, 40482 complete and 0 interrupted iterations
users   [  38% ] 1420/1420 VUs  3m26.7s/9m00.0s

running (3m27.7s), 1420/1420 VUs, 40772 complete and 0 interrupted iterations
users   [  38% ] 1420/1420 VUs  3m27.7s/9m00.0s

running (3m28.7s), 1420/1420 VUs, 41077 complete and 0 interrupted iterations
users   [  39% ] 1420/1420 VUs  3m28.7s/9m00.0s

running (3m29.7s), 1420/1420 VUs, 41349 complete and 0 interrupted iterations
users   [  39% ] 1420/1420 VUs  3m29.7s/9m00.0s

running (3m30.7s), 1420/1420 VUs, 41621 complete and 0 interrupted iterations
users   [  39% ] 1420/1420 VUs  3m30.7s/9m00.0s

running (3m31.7s), 1420/1420 VUs, 41881 complete and 0 interrupted iterations
users   [  39% ] 1420/1420 VUs  3m31.7s/9m00.0s

running (3m32.7s), 1420/1420 VUs, 42173 complete and 0 interrupted iterations
users   [  39% ] 1420/1420 VUs  3m32.7s/9m00.0s

running (3m33.7s), 1420/1420 VUs, 42478 complete and 0 interrupted iterations
users   [  40% ] 1420/1420 VUs  3m33.7s/9m00.0s

running (3m34.7s), 1420/1420 VUs, 42755 complete and 0 interrupted iterations
users   [  40% ] 1420/1420 VUs  3m34.7s/9m00.0s

running (3m35.7s), 1420/1420 VUs, 43028 complete and 0 interrupted iterations
users   [  40% ] 1420/1420 VUs  3m35.7s/9m00.0s

running (3m36.7s), 1420/1420 VUs, 43287 complete and 0 interrupted iterations
users   [  40% ] 1420/1420 VUs  3m36.7s/9m00.0s

running (3m37.7s), 1420/1420 VUs, 43575 complete and 0 interrupted iterations
users   [  40% ] 1420/1420 VUs  3m37.7s/9m00.0s

running (3m38.7s), 1420/1420 VUs, 43880 complete and 0 interrupted iterations
users   [  41% ] 1420/1420 VUs  3m38.7s/9m00.0s

running (3m39.7s), 1420/1420 VUs, 44160 complete and 0 interrupted iterations
users   [  41% ] 1420/1420 VUs  3m39.7s/9m00.0s

running (3m40.7s), 1420/1420 VUs, 44435 complete and 0 interrupted iterations
users   [  41% ] 1420/1420 VUs  3m40.7s/9m00.0s

running (3m41.7s), 1420/1420 VUs, 44699 complete and 0 interrupted iterations
users   [  41% ] 1420/1420 VUs  3m41.7s/9m00.0s

running (3m42.7s), 1420/1420 VUs, 44982 complete and 0 interrupted iterations
users   [  41% ] 1420/1420 VUs  3m42.7s/9m00.0s

running (3m43.7s), 1420/1420 VUs, 45288 complete and 0 interrupted iterations
users   [  41% ] 1420/1420 VUs  3m43.7s/9m00.0s

running (3m44.7s), 1420/1420 VUs, 45566 complete and 0 interrupted iterations
users   [  42% ] 1420/1420 VUs  3m44.7s/9m00.0s

running (3m45.7s), 1420/1420 VUs, 45844 complete and 0 interrupted iterations
users   [  42% ] 1420/1420 VUs  3m45.7s/9m00.0s

running (3m46.7s), 1420/1420 VUs, 46106 complete and 0 interrupted iterations
users   [  42% ] 1420/1420 VUs  3m46.7s/9m00.0s

running (3m47.7s), 1420/1420 VUs, 46387 complete and 0 interrupted iterations
users   [  42% ] 1420/1420 VUs  3m47.7s/9m00.0s

running (3m48.7s), 1420/1420 VUs, 46697 complete and 0 interrupted iterations
users   [  42% ] 1420/1420 VUs  3m48.7s/9m00.0s

running (3m49.7s), 1420/1420 VUs, 46970 complete and 0 interrupted iterations
users   [  43% ] 1420/1420 VUs  3m49.7s/9m00.0s

running (3m50.7s), 1420/1420 VUs, 47255 complete and 0 interrupted iterations
users   [  43% ] 1420/1420 VUs  3m50.7s/9m00.0s

running (3m51.7s), 1420/1420 VUs, 47516 complete and 0 interrupted iterations
users   [  43% ] 1420/1420 VUs  3m51.7s/9m00.0s

running (3m52.7s), 1420/1420 VUs, 47792 complete and 0 interrupted iterations
users   [  43% ] 1420/1420 VUs  3m52.7s/9m00.0s

running (3m53.7s), 1420/1420 VUs, 48103 complete and 0 interrupted iterations
users   [  43% ] 1420/1420 VUs  3m53.7s/9m00.0s

running (3m54.7s), 1420/1420 VUs, 48367 complete and 0 interrupted iterations
users   [  43% ] 1420/1420 VUs  3m54.7s/9m00.0s

running (3m55.7s), 1420/1420 VUs, 48653 complete and 0 interrupted iterations
users   [  44% ] 1420/1420 VUs  3m55.7s/9m00.0s

running (3m56.7s), 1420/1420 VUs, 48922 complete and 0 interrupted iterations
users   [  44% ] 1420/1420 VUs  3m56.7s/9m00.0s

running (3m57.7s), 1420/1420 VUs, 49199 complete and 0 interrupted iterations
users   [  44% ] 1420/1420 VUs  3m57.7s/9m00.0s

running (3m58.7s), 1420/1420 VUs, 49504 complete and 0 interrupted iterations
users   [  44% ] 1420/1420 VUs  3m58.7s/9m00.0s

running (3m59.7s), 1420/1420 VUs, 49772 complete and 0 interrupted iterations
users   [  44% ] 1420/1420 VUs  3m59.7s/9m00.0s

running (4m00.7s), 1420/1420 VUs, 50056 complete and 0 interrupted iterations
users   [  45% ] 1420/1420 VUs  4m00.7s/9m00.0s

running (4m01.7s), 1420/1420 VUs, 50325 complete and 0 interrupted iterations
users   [  45% ] 1420/1420 VUs  4m01.7s/9m00.0s

running (4m02.7s), 1420/1420 VUs, 50604 complete and 0 interrupted iterations
users   [  45% ] 1420/1420 VUs  4m02.7s/9m00.0s

running (4m03.7s), 1420/1420 VUs, 50912 complete and 0 interrupted iterations
users   [  45% ] 1420/1420 VUs  4m03.7s/9m00.0s

running (4m04.7s), 1420/1420 VUs, 51183 complete and 0 interrupted iterations
users   [  45% ] 1420/1420 VUs  4m04.7s/9m00.0s

running (4m05.7s), 1420/1420 VUs, 51461 complete and 0 interrupted iterations
users   [  46% ] 1420/1420 VUs  4m05.7s/9m00.0s

running (4m06.7s), 1420/1420 VUs, 51728 complete and 0 interrupted iterations
users   [  46% ] 1420/1420 VUs  4m06.7s/9m00.0s

running (4m07.7s), 1420/1420 VUs, 52007 complete and 0 interrupted iterations
users   [  46% ] 1420/1420 VUs  4m07.7s/9m00.0s

running (4m08.7s), 1420/1420 VUs, 52314 complete and 0 interrupted iterations
users   [  46% ] 1420/1420 VUs  4m08.7s/9m00.0s

running (4m09.7s), 1420/1420 VUs, 52585 complete and 0 interrupted iterations
users   [  46% ] 1420/1420 VUs  4m09.7s/9m00.0s

running (4m10.7s), 1420/1420 VUs, 52864 complete and 0 interrupted iterations
users   [  46% ] 1420/1420 VUs  4m10.7s/9m00.0s

running (4m11.7s), 1420/1420 VUs, 53134 complete and 0 interrupted iterations
users   [  47% ] 1420/1420 VUs  4m11.7s/9m00.0s

running (4m12.7s), 1420/1420 VUs, 53411 complete and 0 interrupted iterations
users   [  47% ] 1420/1420 VUs  4m12.7s/9m00.0s

running (4m13.7s), 1420/1420 VUs, 53711 complete and 0 interrupted iterations
users   [  47% ] 1420/1420 VUs  4m13.7s/9m00.0s

running (4m14.7s), 1420/1420 VUs, 53988 complete and 0 interrupted iterations
users   [  47% ] 1420/1420 VUs  4m14.7s/9m00.0s

running (4m15.7s), 1420/1420 VUs, 54265 complete and 0 interrupted iterations
users   [  47% ] 1420/1420 VUs  4m15.7s/9m00.0s

running (4m16.7s), 1420/1420 VUs, 54538 complete and 0 interrupted iterations
users   [  48% ] 1420/1420 VUs  4m16.7s/9m00.0s

running (4m17.7s), 1420/1420 VUs, 54815 complete and 0 interrupted iterations
users   [  48% ] 1420/1420 VUs  4m17.7s/9m00.0s

running (4m18.7s), 1420/1420 VUs, 55119 complete and 0 interrupted iterations
users   [  48% ] 1420/1420 VUs  4m18.7s/9m00.0s

running (4m19.7s), 1420/1420 VUs, 55392 complete and 0 interrupted iterations
users   [  48% ] 1420/1420 VUs  4m19.7s/9m00.0s

running (4m20.7s), 1420/1420 VUs, 55664 complete and 0 interrupted iterations
users   [  48% ] 1420/1420 VUs  4m20.7s/9m00.0s

running (4m21.7s), 1420/1420 VUs, 55946 complete and 0 interrupted iterations
users   [  48% ] 1420/1420 VUs  4m21.7s/9m00.0s

running (4m22.7s), 1420/1420 VUs, 56223 complete and 0 interrupted iterations
users   [  49% ] 1420/1420 VUs  4m22.7s/9m00.0s

running (4m23.7s), 1420/1420 VUs, 56525 complete and 0 interrupted iterations
users   [  49% ] 1420/1420 VUs  4m23.7s/9m00.0s

running (4m24.7s), 1420/1420 VUs, 56795 complete and 0 interrupted iterations
users   [  49% ] 1420/1420 VUs  4m24.7s/9m00.0s

running (4m25.7s), 1420/1420 VUs, 57067 complete and 0 interrupted iterations
users   [  49% ] 1420/1420 VUs  4m25.7s/9m00.0s

running (4m26.7s), 1420/1420 VUs, 57348 complete and 0 interrupted iterations
users   [  49% ] 1420/1420 VUs  4m26.7s/9m00.0s

running (4m27.7s), 1420/1420 VUs, 57625 complete and 0 interrupted iterations
users   [  50% ] 1420/1420 VUs  4m27.7s/9m00.0s

running (4m28.7s), 1420/1420 VUs, 57929 complete and 0 interrupted iterations
users   [  50% ] 1420/1420 VUs  4m28.7s/9m00.0s

running (4m29.7s), 1420/1420 VUs, 58193 complete and 0 interrupted iterations
users   [  50% ] 1420/1420 VUs  4m29.7s/9m00.0s

running (4m30.7s), 1420/1420 VUs, 58468 complete and 0 interrupted iterations
users   [  50% ] 1420/1420 VUs  4m30.7s/9m00.0s

running (4m31.7s), 1420/1420 VUs, 58750 complete and 0 interrupted iterations
users   [  50% ] 1420/1420 VUs  4m31.7s/9m00.0s

running (4m32.7s), 1420/1420 VUs, 59027 complete and 0 interrupted iterations
users   [  51% ] 1420/1420 VUs  4m32.7s/9m00.0s

running (4m33.7s), 1420/1420 VUs, 59332 complete and 0 interrupted iterations
users   [  51% ] 1420/1420 VUs  4m33.7s/9m00.0s

running (4m34.7s), 1420/1420 VUs, 59595 complete and 0 interrupted iterations
users   [  51% ] 1420/1420 VUs  4m34.7s/9m00.0s

running (4m35.7s), 1420/1420 VUs, 59868 complete and 0 interrupted iterations
users   [  51% ] 1420/1420 VUs  4m35.7s/9m00.0s

running (4m36.7s), 1420/1420 VUs, 60155 complete and 0 interrupted iterations
users   [  51% ] 1420/1420 VUs  4m36.7s/9m00.0s

running (4m37.7s), 1420/1420 VUs, 60429 complete and 0 interrupted iterations
users   [  51% ] 1420/1420 VUs  4m37.7s/9m00.0s

running (4m38.7s), 1420/1420 VUs, 60738 complete and 0 interrupted iterations
users   [  52% ] 1420/1420 VUs  4m38.7s/9m00.0s

running (4m39.7s), 1420/1420 VUs, 60999 complete and 0 interrupted iterations
users   [  52% ] 1420/1420 VUs  4m39.7s/9m00.0s

running (4m40.7s), 1420/1420 VUs, 61276 complete and 0 interrupted iterations
users   [  52% ] 1420/1420 VUs  4m40.7s/9m00.0s

running (4m41.7s), 1420/1420 VUs, 61556 complete and 0 interrupted iterations
users   [  52% ] 1420/1420 VUs  4m41.7s/9m00.0s

running (4m42.7s), 1420/1420 VUs, 61828 complete and 0 interrupted iterations
users   [  52% ] 1420/1420 VUs  4m42.7s/9m00.0s

running (4m43.7s), 1420/1420 VUs, 62137 complete and 0 interrupted iterations
users   [  53% ] 1420/1420 VUs  4m43.7s/9m00.0s

running (4m44.7s), 1420/1420 VUs, 62402 complete and 0 interrupted iterations
users   [  53% ] 1420/1420 VUs  4m44.7s/9m00.0s

running (4m45.7s), 1420/1420 VUs, 62685 complete and 0 interrupted iterations
users   [  53% ] 1420/1420 VUs  4m45.7s/9m00.0s

running (4m46.7s), 1420/1420 VUs, 62960 complete and 0 interrupted iterations
users   [  53% ] 1420/1420 VUs  4m46.7s/9m00.0s

running (4m47.7s), 1420/1420 VUs, 63229 complete and 0 interrupted iterations
users   [  53% ] 1420/1420 VUs  4m47.7s/9m00.0s

running (4m48.7s), 1420/1420 VUs, 63535 complete and 0 interrupted iterations
users   [  53% ] 1420/1420 VUs  4m48.7s/9m00.0s

running (4m49.7s), 1420/1420 VUs, 63807 complete and 0 interrupted iterations
users   [  54% ] 1420/1420 VUs  4m49.7s/9m00.0s

running (4m50.7s), 1420/1420 VUs, 64088 complete and 0 interrupted iterations
users   [  54% ] 1420/1420 VUs  4m50.7s/9m00.0s

running (4m51.7s), 1420/1420 VUs, 64364 complete and 0 interrupted iterations
users   [  54% ] 1420/1420 VUs  4m51.7s/9m00.0s

running (4m52.7s), 1420/1420 VUs, 64635 complete and 0 interrupted iterations
users   [  54% ] 1420/1420 VUs  4m52.7s/9m00.0s

running (4m53.7s), 1420/1420 VUs, 64939 complete and 0 interrupted iterations
users   [  54% ] 1420/1420 VUs  4m53.7s/9m00.0s

running (4m54.7s), 1420/1420 VUs, 65212 complete and 0 interrupted iterations
users   [  55% ] 1420/1420 VUs  4m54.7s/9m00.0s

running (4m55.7s), 1420/1420 VUs, 65495 complete and 0 interrupted iterations
users   [  55% ] 1420/1420 VUs  4m55.7s/9m00.0s

running (4m56.7s), 1420/1420 VUs, 65709 complete and 0 interrupted iterations
users   [  55% ] 1420/1420 VUs  4m56.7s/9m00.0s

running (4m57.7s), 1420/1420 VUs, 66045 complete and 0 interrupted iterations
users   [  55% ] 1420/1420 VUs  4m57.7s/9m00.0s

running (4m58.7s), 1420/1420 VUs, 66345 complete and 0 interrupted iterations
users   [  55% ] 1420/1420 VUs  4m58.7s/9m00.0s

running (4m59.7s), 1420/1420 VUs, 66618 complete and 0 interrupted iterations
users   [  56% ] 1420/1420 VUs  4m59.7s/9m00.0s

running (5m00.7s), 1420/1420 VUs, 66906 complete and 0 interrupted iterations
users   [  56% ] 1420/1420 VUs  5m00.7s/9m00.0s

running (5m01.7s), 1420/1420 VUs, 67126 complete and 0 interrupted iterations
users   [  56% ] 1420/1420 VUs  5m01.7s/9m00.0s

running (5m02.7s), 1420/1420 VUs, 67458 complete and 0 interrupted iterations
users   [  56% ] 1420/1420 VUs  5m02.7s/9m00.0s

running (5m03.7s), 1420/1420 VUs, 67750 complete and 0 interrupted iterations
users   [  56% ] 1420/1420 VUs  5m03.7s/9m00.0s

running (5m04.7s), 1420/1420 VUs, 68017 complete and 0 interrupted iterations
users   [  56% ] 1420/1420 VUs  5m04.7s/9m00.0s

running (5m05.7s), 1420/1420 VUs, 68309 complete and 0 interrupted iterations
users   [  57% ] 1420/1420 VUs  5m05.7s/9m00.0s

running (5m06.7s), 1420/1420 VUs, 68531 complete and 0 interrupted iterations
users   [  57% ] 1420/1420 VUs  5m06.7s/9m00.0s

running (5m07.7s), 1420/1420 VUs, 68863 complete and 0 interrupted iterations
users   [  57% ] 1420/1420 VUs  5m07.7s/9m00.0s

running (5m08.7s), 1420/1420 VUs, 69155 complete and 0 interrupted iterations
users   [  57% ] 1420/1420 VUs  5m08.7s/9m00.0s

running (5m09.7s), 1420/1420 VUs, 69421 complete and 0 interrupted iterations
users   [  57% ] 1420/1420 VUs  5m09.7s/9m00.0s

running (5m10.7s), 1420/1420 VUs, 69714 complete and 0 interrupted iterations
users   [  58% ] 1420/1420 VUs  5m10.7s/9m00.0s

running (5m11.7s), 1420/1420 VUs, 69938 complete and 0 interrupted iterations
users   [  58% ] 1420/1420 VUs  5m11.7s/9m00.0s

running (5m12.7s), 1420/1420 VUs, 70264 complete and 0 interrupted iterations
users   [  58% ] 1420/1420 VUs  5m12.7s/9m00.0s

running (5m13.7s), 1420/1420 VUs, 70564 complete and 0 interrupted iterations
users   [  58% ] 1420/1420 VUs  5m13.7s/9m00.0s

running (5m14.7s), 1420/1420 VUs, 70833 complete and 0 interrupted iterations
users   [  58% ] 1420/1420 VUs  5m14.7s/9m00.0s

running (5m15.7s), 1420/1420 VUs, 71124 complete and 0 interrupted iterations
users   [  58% ] 1420/1420 VUs  5m15.7s/9m00.0s

running (5m16.7s), 1420/1420 VUs, 71344 complete and 0 interrupted iterations
users   [  59% ] 1420/1420 VUs  5m16.7s/9m00.0s

running (5m17.7s), 1420/1420 VUs, 71674 complete and 0 interrupted iterations
users   [  59% ] 1420/1420 VUs  5m17.7s/9m00.0s

running (5m18.7s), 1420/1420 VUs, 71970 complete and 0 interrupted iterations
users   [  59% ] 1420/1420 VUs  5m18.7s/9m00.0s

running (5m19.7s), 1420/1420 VUs, 72234 complete and 0 interrupted iterations
users   [  59% ] 1420/1420 VUs  5m19.7s/9m00.0s

running (5m20.7s), 1420/1420 VUs, 72524 complete and 0 interrupted iterations
users   [  59% ] 1420/1420 VUs  5m20.7s/9m00.0s

running (5m21.7s), 1420/1420 VUs, 72746 complete and 0 interrupted iterations
users   [  60% ] 1420/1420 VUs  5m21.7s/9m00.0s

running (5m22.7s), 1420/1420 VUs, 73080 complete and 0 interrupted iterations
users   [  60% ] 1420/1420 VUs  5m22.7s/9m00.0s

running (5m23.7s), 1420/1420 VUs, 73376 complete and 0 interrupted iterations
users   [  60% ] 1420/1420 VUs  5m23.7s/9m00.0s

running (5m24.7s), 1420/1420 VUs, 73643 complete and 0 interrupted iterations
users   [  60% ] 1420/1420 VUs  5m24.7s/9m00.0s

running (5m25.7s), 1420/1420 VUs, 73928 complete and 0 interrupted iterations
users   [  60% ] 1420/1420 VUs  5m25.7s/9m00.0s

running (5m26.7s), 1420/1420 VUs, 74143 complete and 0 interrupted iterations
users   [  61% ] 1420/1420 VUs  5m26.7s/9m00.0s

running (5m27.7s), 1420/1420 VUs, 74475 complete and 0 interrupted iterations
users   [  61% ] 1420/1420 VUs  5m27.7s/9m00.0s

running (5m28.7s), 1420/1420 VUs, 74779 complete and 0 interrupted iterations
users   [  61% ] 1420/1420 VUs  5m28.7s/9m00.0s

running (5m29.7s), 1420/1420 VUs, 75046 complete and 0 interrupted iterations
users   [  61% ] 1420/1420 VUs  5m29.7s/9m00.0s

running (5m30.7s), 1420/1420 VUs, 75334 complete and 0 interrupted iterations
users   [  61% ] 1420/1420 VUs  5m30.7s/9m00.0s

running (5m31.7s), 1420/1420 VUs, 75549 complete and 0 interrupted iterations
users   [  61% ] 1420/1420 VUs  5m31.7s/9m00.0s

running (5m32.7s), 1420/1420 VUs, 75886 complete and 0 interrupted iterations
users   [  62% ] 1420/1420 VUs  5m32.7s/9m00.0s

running (5m33.7s), 1420/1420 VUs, 76193 complete and 0 interrupted iterations
users   [  62% ] 1420/1420 VUs  5m33.7s/9m00.0s

running (5m34.7s), 1420/1420 VUs, 76457 complete and 0 interrupted iterations
users   [  62% ] 1420/1420 VUs  5m34.7s/9m00.0s

running (5m35.7s), 1420/1420 VUs, 76739 complete and 0 interrupted iterations
users   [  62% ] 1420/1420 VUs  5m35.7s/9m00.0s

running (5m36.7s), 1420/1420 VUs, 76955 complete and 0 interrupted iterations
users   [  62% ] 1420/1420 VUs  5m36.7s/9m00.0s

running (5m37.7s), 1420/1420 VUs, 77294 complete and 0 interrupted iterations
users   [  63% ] 1420/1420 VUs  5m37.7s/9m00.0s

running (5m38.7s), 1420/1420 VUs, 77598 complete and 0 interrupted iterations
users   [  63% ] 1420/1420 VUs  5m38.7s/9m00.0s

running (5m39.7s), 1420/1420 VUs, 77866 complete and 0 interrupted iterations
users   [  63% ] 1420/1420 VUs  5m39.7s/9m00.0s

running (5m40.7s), 1420/1420 VUs, 78154 complete and 0 interrupted iterations
users   [  63% ] 1420/1420 VUs  5m40.7s/9m00.0s

running (5m41.7s), 1420/1420 VUs, 78360 complete and 0 interrupted iterations
users   [  63% ] 1420/1420 VUs  5m41.7s/9m00.0s

running (5m42.7s), 1420/1420 VUs, 78700 complete and 0 interrupted iterations
users   [  63% ] 1420/1420 VUs  5m42.7s/9m00.0s

running (5m43.7s), 1420/1420 VUs, 79002 complete and 0 interrupted iterations
users   [  64% ] 1420/1420 VUs  5m43.7s/9m00.0s

running (5m44.7s), 1420/1420 VUs, 79273 complete and 0 interrupted iterations
users   [  64% ] 1420/1420 VUs  5m44.7s/9m00.0s

running (5m45.7s), 1420/1420 VUs, 79558 complete and 0 interrupted iterations
users   [  64% ] 1420/1420 VUs  5m45.7s/9m00.0s

running (5m46.7s), 1420/1420 VUs, 79769 complete and 0 interrupted iterations
users   [  64% ] 1420/1420 VUs  5m46.7s/9m00.0s

running (5m47.7s), 1420/1420 VUs, 80102 complete and 0 interrupted iterations
users   [  64% ] 1420/1420 VUs  5m47.7s/9m00.0s

running (5m48.7s), 1420/1420 VUs, 80398 complete and 0 interrupted iterations
users   [  65% ] 1420/1420 VUs  5m48.7s/9m00.0s

running (5m49.7s), 1420/1420 VUs, 80678 complete and 0 interrupted iterations
users   [  65% ] 1420/1420 VUs  5m49.7s/9m00.0s

running (5m50.7s), 1420/1420 VUs, 80966 complete and 0 interrupted iterations
users   [  65% ] 1420/1420 VUs  5m50.7s/9m00.0s

running (5m51.7s), 1420/1420 VUs, 81172 complete and 0 interrupted iterations
users   [  65% ] 1420/1420 VUs  5m51.7s/9m00.0s

running (5m52.7s), 1420/1420 VUs, 81505 complete and 0 interrupted iterations
users   [  65% ] 1420/1420 VUs  5m52.7s/9m00.0s

running (5m53.7s), 1420/1420 VUs, 81800 complete and 0 interrupted iterations
users   [  66% ] 1420/1420 VUs  5m53.7s/9m00.0s

running (5m54.7s), 1420/1420 VUs, 82075 complete and 0 interrupted iterations
users   [  66% ] 1420/1420 VUs  5m54.7s/9m00.0s

running (5m55.7s), 1420/1420 VUs, 82367 complete and 0 interrupted iterations
users   [  66% ] 1420/1420 VUs  5m55.7s/9m00.0s

running (5m56.7s), 1420/1420 VUs, 82573 complete and 0 interrupted iterations
users   [  66% ] 1420/1420 VUs  5m56.7s/9m00.0s

running (5m57.7s), 1420/1420 VUs, 82903 complete and 0 interrupted iterations
users   [  66% ] 1420/1420 VUs  5m57.7s/9m00.0s

running (5m58.7s), 1420/1420 VUs, 83201 complete and 0 interrupted iterations
users   [  66% ] 1420/1420 VUs  5m58.7s/9m00.0s

running (5m59.7s), 1420/1420 VUs, 83482 complete and 0 interrupted iterations
users   [  67% ] 1420/1420 VUs  5m59.7s/9m00.0s

running (6m00.7s), 1420/1420 VUs, 83770 complete and 0 interrupted iterations
users   [  67% ] 1420/1420 VUs  6m00.7s/9m00.0s

running (6m01.7s), 1420/1420 VUs, 83981 complete and 0 interrupted iterations
users   [  67% ] 1420/1420 VUs  6m01.7s/9m00.0s

running (6m02.7s), 1420/1420 VUs, 84309 complete and 0 interrupted iterations
users   [  67% ] 1420/1420 VUs  6m02.7s/9m00.0s

running (6m03.7s), 1420/1420 VUs, 84607 complete and 0 interrupted iterations
users   [  67% ] 1420/1420 VUs  6m03.7s/9m00.0s

running (6m04.7s), 1420/1420 VUs, 84884 complete and 0 interrupted iterations
users   [  68% ] 1420/1420 VUs  6m04.7s/9m00.0s

running (6m05.7s), 1420/1420 VUs, 85170 complete and 0 interrupted iterations
users   [  68% ] 1420/1420 VUs  6m05.7s/9m00.0s

running (6m06.7s), 1420/1420 VUs, 85384 complete and 0 interrupted iterations
users   [  68% ] 1420/1420 VUs  6m06.7s/9m00.0s

running (6m07.7s), 1420/1420 VUs, 85713 complete and 0 interrupted iterations
users   [  68% ] 1420/1420 VUs  6m07.7s/9m00.0s

running (6m08.7s), 1420/1420 VUs, 86010 complete and 0 interrupted iterations
users   [  68% ] 1420/1420 VUs  6m08.7s/9m00.0s

running (6m09.7s), 1420/1420 VUs, 86286 complete and 0 interrupted iterations
users   [  68% ] 1420/1420 VUs  6m09.7s/9m00.0s

running (6m10.7s), 1420/1420 VUs, 86576 complete and 0 interrupted iterations
users   [  69% ] 1420/1420 VUs  6m10.7s/9m00.0s

running (6m11.7s), 1420/1420 VUs, 86786 complete and 0 interrupted iterations
users   [  69% ] 1420/1420 VUs  6m11.7s/9m00.0s

running (6m12.7s), 1420/1420 VUs, 87108 complete and 0 interrupted iterations
users   [  69% ] 1420/1420 VUs  6m12.7s/9m00.0s

running (6m13.7s), 1420/1420 VUs, 87402 complete and 0 interrupted iterations
users   [  69% ] 1420/1420 VUs  6m13.7s/9m00.0s

running (6m14.7s), 1420/1420 VUs, 87687 complete and 0 interrupted iterations
users   [  69% ] 1420/1420 VUs  6m14.7s/9m00.0s

running (6m15.7s), 1420/1420 VUs, 87982 complete and 0 interrupted iterations
users   [  70% ] 1420/1420 VUs  6m15.7s/9m00.0s

running (6m16.7s), 1420/1420 VUs, 88191 complete and 0 interrupted iterations
users   [  70% ] 1420/1420 VUs  6m16.7s/9m00.0s

running (6m17.7s), 1420/1420 VUs, 88507 complete and 0 interrupted iterations
users   [  70% ] 1420/1420 VUs  6m17.7s/9m00.0s

running (6m18.7s), 1420/1420 VUs, 88802 complete and 0 interrupted iterations
users   [  70% ] 1420/1420 VUs  6m18.7s/9m00.0s

running (6m19.7s), 1420/1420 VUs, 89093 complete and 0 interrupted iterations
users   [  70% ] 1420/1420 VUs  6m19.7s/9m00.0s

running (6m20.7s), 1420/1420 VUs, 89391 complete and 0 interrupted iterations
users   [  71% ] 1420/1420 VUs  6m20.7s/9m00.0s

running (6m21.7s), 1420/1420 VUs, 89598 complete and 0 interrupted iterations
users   [  71% ] 1420/1420 VUs  6m21.7s/9m00.0s

running (6m22.7s), 1420/1420 VUs, 89910 complete and 0 interrupted iterations
users   [  71% ] 1420/1420 VUs  6m22.7s/9m00.0s

running (6m23.7s), 1420/1420 VUs, 90206 complete and 0 interrupted iterations
users   [  71% ] 1420/1420 VUs  6m23.7s/9m00.0s

running (6m24.7s), 1420/1420 VUs, 90497 complete and 0 interrupted iterations
users   [  71% ] 1420/1420 VUs  6m24.7s/9m00.0s

running (6m25.7s), 1420/1420 VUs, 90795 complete and 0 interrupted iterations
users   [  71% ] 1420/1420 VUs  6m25.7s/9m00.0s

running (6m26.7s), 1420/1420 VUs, 91000 complete and 0 interrupted iterations
users   [  72% ] 1420/1420 VUs  6m26.7s/9m00.0s

running (6m27.7s), 1420/1420 VUs, 91319 complete and 0 interrupted iterations
users   [  72% ] 1420/1420 VUs  6m27.7s/9m00.0s

running (6m28.7s), 1420/1420 VUs, 91603 complete and 0 interrupted iterations
users   [  72% ] 1420/1420 VUs  6m28.7s/9m00.0s

running (6m29.7s), 1420/1420 VUs, 91897 complete and 0 interrupted iterations
users   [  72% ] 1420/1420 VUs  6m29.7s/9m00.0s

running (6m30.7s), 1420/1420 VUs, 92196 complete and 0 interrupted iterations
users   [  72% ] 1420/1420 VUs  6m30.7s/9m00.0s

running (6m31.7s), 1420/1420 VUs, 92402 complete and 0 interrupted iterations
users   [  73% ] 1420/1420 VUs  6m31.7s/9m00.0s

running (6m32.7s), 1420/1420 VUs, 92715 complete and 0 interrupted iterations
users   [  73% ] 1420/1420 VUs  6m32.7s/9m00.0s

running (6m33.7s), 1420/1420 VUs, 92997 complete and 0 interrupted iterations
users   [  73% ] 1420/1420 VUs  6m33.7s/9m00.0s

running (6m34.7s), 1420/1420 VUs, 93295 complete and 0 interrupted iterations
users   [  73% ] 1420/1420 VUs  6m34.7s/9m00.0s

running (6m35.7s), 1420/1420 VUs, 93601 complete and 0 interrupted iterations
users   [  73% ] 1420/1420 VUs  6m35.7s/9m00.0s

running (6m36.7s), 1420/1420 VUs, 93806 complete and 0 interrupted iterations
users   [  73% ] 1420/1420 VUs  6m36.7s/9m00.0s

running (6m37.7s), 1420/1420 VUs, 94124 complete and 0 interrupted iterations
users   [  74% ] 1420/1420 VUs  6m37.7s/9m00.0s

running (6m38.7s), 1420/1420 VUs, 94399 complete and 0 interrupted iterations
users   [  74% ] 1420/1420 VUs  6m38.7s/9m00.0s

running (6m39.7s), 1420/1420 VUs, 94698 complete and 0 interrupted iterations
users   [  74% ] 1420/1420 VUs  6m39.7s/9m00.0s

running (6m40.7s), 1420/1420 VUs, 95004 complete and 0 interrupted iterations
users   [  74% ] 1420/1420 VUs  6m40.7s/9m00.0s

running (6m41.7s), 1420/1420 VUs, 95212 complete and 0 interrupted iterations
users   [  74% ] 1420/1420 VUs  6m41.7s/9m00.0s

running (6m42.7s), 1420/1420 VUs, 95529 complete and 0 interrupted iterations
users   [  75% ] 1420/1420 VUs  6m42.7s/9m00.0s

running (6m43.7s), 1420/1420 VUs, 95802 complete and 0 interrupted iterations
users   [  75% ] 1420/1420 VUs  6m43.7s/9m00.0s

running (6m44.7s), 1420/1420 VUs, 96103 complete and 0 interrupted iterations
users   [  75% ] 1420/1420 VUs  6m44.7s/9m00.0s

running (6m45.7s), 1420/1420 VUs, 96408 complete and 0 interrupted iterations
users   [  75% ] 1420/1420 VUs  6m45.7s/9m00.0s

running (6m46.7s), 1420/1420 VUs, 96622 complete and 0 interrupted iterations
users   [  75% ] 1420/1420 VUs  6m46.7s/9m00.0s

running (6m47.7s), 1420/1420 VUs, 96928 complete and 0 interrupted iterations
users   [  76% ] 1420/1420 VUs  6m47.7s/9m00.0s

running (6m48.7s), 1420/1420 VUs, 97206 complete and 0 interrupted iterations
users   [  76% ] 1420/1420 VUs  6m48.7s/9m00.0s

running (6m49.7s), 1420/1420 VUs, 97503 complete and 0 interrupted iterations
users   [  76% ] 1420/1420 VUs  6m49.7s/9m00.0s

running (6m50.7s), 1420/1420 VUs, 97806 complete and 0 interrupted iterations
users   [  76% ] 1420/1420 VUs  6m50.7s/9m00.0s

running (6m51.7s), 1420/1420 VUs, 98030 complete and 0 interrupted iterations
users   [  76% ] 1420/1420 VUs  6m51.7s/9m00.0s

running (6m52.7s), 1420/1420 VUs, 98337 complete and 0 interrupted iterations
users   [  76% ] 1420/1420 VUs  6m52.7s/9m00.0s

running (6m53.7s), 1420/1420 VUs, 98612 complete and 0 interrupted iterations
users   [  77% ] 1420/1420 VUs  6m53.7s/9m00.0s

running (6m54.7s), 1420/1420 VUs, 98908 complete and 0 interrupted iterations
users   [  77% ] 1420/1420 VUs  6m54.7s/9m00.0s

running (6m55.7s), 1420/1420 VUs, 99207 complete and 0 interrupted iterations
users   [  77% ] 1420/1420 VUs  6m55.7s/9m00.0s

running (6m56.7s), 1420/1420 VUs, 99434 complete and 0 interrupted iterations
users   [  77% ] 1420/1420 VUs  6m56.7s/9m00.0s

running (6m57.7s), 1420/1420 VUs, 99739 complete and 0 interrupted iterations
users   [  77% ] 1420/1420 VUs  6m57.7s/9m00.0s

running (6m58.7s), 1420/1420 VUs, 100017 complete and 0 interrupted iterations
users   [  78% ] 1420/1420 VUs  6m58.7s/9m00.0s

running (6m59.7s), 1420/1420 VUs, 100318 complete and 0 interrupted iterations
users   [  78% ] 1420/1420 VUs  6m59.7s/9m00.0s

running (7m00.7s), 1419/1420 VUs, 100612 complete and 0 interrupted iterations
users   [  78% ] 1419/1420 VUs  7m00.7s/9m00.0s

running (7m01.7s), 1415/1420 VUs, 100843 complete and 0 interrupted iterations
users   [  78% ] 1415/1420 VUs  7m01.7s/9m00.0s

running (7m02.7s), 1413/1420 VUs, 101147 complete and 0 interrupted iterations
users   [  78% ] 1413/1420 VUs  7m02.7s/9m00.0s

running (7m03.7s), 1404/1420 VUs, 101420 complete and 0 interrupted iterations
users   [  78% ] 1404/1420 VUs  7m03.7s/9m00.0s

running (7m04.7s), 1394/1420 VUs, 101717 complete and 0 interrupted iterations
users   [  79% ] 1394/1420 VUs  7m04.7s/9m00.0s

running (7m05.7s), 1385/1420 VUs, 102009 complete and 0 interrupted iterations
users   [  79% ] 1385/1420 VUs  7m05.7s/9m00.0s

running (7m06.7s), 1374/1420 VUs, 102232 complete and 0 interrupted iterations
users   [  79% ] 1374/1420 VUs  7m06.7s/9m00.0s

running (7m07.7s), 1359/1420 VUs, 102545 complete and 0 interrupted iterations
users   [  79% ] 1359/1420 VUs  7m07.7s/9m00.0s

running (7m08.7s), 1350/1420 VUs, 102813 complete and 0 interrupted iterations
users   [  79% ] 1350/1420 VUs  7m08.7s/9m00.0s

running (7m09.7s), 1339/1420 VUs, 103099 complete and 0 interrupted iterations
users   [  80% ] 1339/1420 VUs  7m09.7s/9m00.0s

running (7m10.7s), 1325/1420 VUs, 103380 complete and 0 interrupted iterations
users   [  80% ] 1325/1420 VUs  7m10.7s/9m00.0s

running (7m11.7s), 1316/1420 VUs, 103595 complete and 0 interrupted iterations
users   [  80% ] 1316/1420 VUs  7m11.7s/9m00.0s

running (7m12.7s), 1300/1420 VUs, 103893 complete and 0 interrupted iterations
users   [  80% ] 1300/1420 VUs  7m12.7s/9m00.0s

running (7m13.7s), 1285/1420 VUs, 104149 complete and 0 interrupted iterations
users   [  80% ] 1285/1420 VUs  7m13.7s/9m00.0s

running (7m14.7s), 1271/1420 VUs, 104423 complete and 0 interrupted iterations
users   [  81% ] 1271/1420 VUs  7m14.7s/9m00.0s

running (7m15.7s), 1258/1420 VUs, 104689 complete and 0 interrupted iterations
users   [  81% ] 1258/1420 VUs  7m15.7s/9m00.0s

running (7m16.7s), 1246/1420 VUs, 104896 complete and 0 interrupted iterations
users   [  81% ] 1246/1420 VUs  7m16.7s/9m00.0s

running (7m17.7s), 1234/1420 VUs, 105176 complete and 0 interrupted iterations
users   [  81% ] 1234/1420 VUs  7m17.7s/9m00.0s

running (7m18.7s), 1225/1420 VUs, 105411 complete and 0 interrupted iterations
users   [  81% ] 1225/1420 VUs  7m18.7s/9m00.0s

running (7m19.7s), 1214/1420 VUs, 105681 complete and 0 interrupted iterations
users   [  81% ] 1214/1420 VUs  7m19.7s/9m00.0s

running (7m20.7s), 1202/1420 VUs, 105935 complete and 0 interrupted iterations
users   [  82% ] 1202/1420 VUs  7m20.7s/9m00.0s

running (7m21.7s), 1192/1420 VUs, 106132 complete and 0 interrupted iterations
users   [  82% ] 1192/1420 VUs  7m21.7s/9m00.0s

running (7m22.7s), 1178/1420 VUs, 106400 complete and 0 interrupted iterations
users   [  82% ] 1178/1420 VUs  7m22.7s/9m00.0s

running (7m23.7s), 1165/1420 VUs, 106623 complete and 0 interrupted iterations
users   [  82% ] 1165/1420 VUs  7m23.7s/9m00.0s

running (7m24.7s), 1155/1420 VUs, 106876 complete and 0 interrupted iterations
users   [  82% ] 1155/1420 VUs  7m24.7s/9m00.0s

running (7m25.7s), 1143/1420 VUs, 107115 complete and 0 interrupted iterations
users   [  83% ] 1143/1420 VUs  7m25.7s/9m00.0s

running (7m26.7s), 1137/1420 VUs, 107306 complete and 0 interrupted iterations
users   [  83% ] 1137/1420 VUs  7m26.7s/9m00.0s

running (7m27.7s), 1125/1420 VUs, 107563 complete and 0 interrupted iterations
users   [  83% ] 1125/1420 VUs  7m27.7s/9m00.0s

running (7m28.7s), 1109/1420 VUs, 107783 complete and 0 interrupted iterations
users   [  83% ] 1109/1420 VUs  7m28.7s/9m00.0s

running (7m29.7s), 1098/1420 VUs, 108023 complete and 0 interrupted iterations
users   [  83% ] 1098/1420 VUs  7m29.7s/9m00.0s

running (7m30.7s), 1089/1420 VUs, 108248 complete and 0 interrupted iterations
users   [  83% ] 1089/1420 VUs  7m30.7s/9m00.0s

running (7m31.7s), 1080/1420 VUs, 108430 complete and 0 interrupted iterations
users   [  84% ] 1080/1420 VUs  7m31.7s/9m00.0s

running (7m32.7s), 1065/1420 VUs, 108669 complete and 0 interrupted iterations
users   [  84% ] 1065/1420 VUs  7m32.7s/9m00.0s

running (7m33.7s), 1056/1420 VUs, 108879 complete and 0 interrupted iterations
users   [  84% ] 1056/1420 VUs  7m33.7s/9m00.0s

running (7m34.7s), 1036/1420 VUs, 109109 complete and 0 interrupted iterations
users   [  84% ] 1036/1420 VUs  7m34.7s/9m00.0s

running (7m35.7s), 1024/1420 VUs, 109327 complete and 0 interrupted iterations
users   [  84% ] 1024/1420 VUs  7m35.7s/9m00.0s

running (7m36.7s), 1014/1420 VUs, 109498 complete and 0 interrupted iterations
users   [  85% ] 1014/1420 VUs  7m36.7s/9m00.0s

running (7m37.7s), 1007/1420 VUs, 109719 complete and 0 interrupted iterations
users   [  85% ] 1007/1420 VUs  7m37.7s/9m00.0s

running (7m38.7s), 0991/1420 VUs, 109922 complete and 0 interrupted iterations
users   [  85% ] 0991/1420 VUs  7m38.7s/9m00.0s

running (7m39.7s), 0981/1420 VUs, 110133 complete and 0 interrupted iterations
users   [  85% ] 0981/1420 VUs  7m39.7s/9m00.0s

running (7m40.7s), 0968/1420 VUs, 110335 complete and 0 interrupted iterations
users   [  85% ] 0968/1420 VUs  7m40.7s/9m00.0s

running (7m41.7s), 0959/1420 VUs, 110498 complete and 0 interrupted iterations
users   [  86% ] 0959/1420 VUs  7m41.7s/9m00.0s

running (7m42.7s), 0948/1420 VUs, 110709 complete and 0 interrupted iterations
users   [  86% ] 0948/1420 VUs  7m42.7s/9m00.0s

running (7m43.7s), 0936/1420 VUs, 110900 complete and 0 interrupted iterations
users   [  86% ] 0936/1420 VUs  7m43.7s/9m00.0s

running (7m44.7s), 0923/1420 VUs, 111101 complete and 0 interrupted iterations
users   [  86% ] 0923/1420 VUs  7m44.7s/9m00.0s

running (7m45.7s), 0909/1420 VUs, 111288 complete and 0 interrupted iterations
users   [  86% ] 0909/1420 VUs  7m45.7s/9m00.0s

running (7m46.7s), 0898/1420 VUs, 111444 complete and 0 interrupted iterations
users   [  86% ] 0898/1420 VUs  7m46.7s/9m00.0s

running (7m47.7s), 0890/1420 VUs, 111646 complete and 0 interrupted iterations
users   [  87% ] 0890/1420 VUs  7m47.7s/9m00.0s

running (7m48.7s), 0876/1420 VUs, 111828 complete and 0 interrupted iterations
users   [  87% ] 0876/1420 VUs  7m48.7s/9m00.0s

running (7m49.7s), 0861/1420 VUs, 112015 complete and 0 interrupted iterations
users   [  87% ] 0861/1420 VUs  7m49.7s/9m00.0s

running (7m50.7s), 0851/1420 VUs, 112185 complete and 0 interrupted iterations
users   [  87% ] 0851/1420 VUs  7m50.7s/9m00.0s

running (7m51.7s), 0840/1420 VUs, 112336 complete and 0 interrupted iterations
users   [  87% ] 0840/1420 VUs  7m51.7s/9m00.0s

running (7m52.7s), 0827/1420 VUs, 112530 complete and 0 interrupted iterations
users   [  88% ] 0827/1420 VUs  7m52.7s/9m00.0s

running (7m53.7s), 0815/1420 VUs, 112696 complete and 0 interrupted iterations
users   [  88% ] 0815/1420 VUs  7m53.7s/9m00.0s

running (7m54.7s), 0804/1420 VUs, 112869 complete and 0 interrupted iterations
users   [  88% ] 0804/1420 VUs  7m54.7s/9m00.0s

running (7m55.7s), 0794/1420 VUs, 113027 complete and 0 interrupted iterations
users   [  88% ] 0794/1420 VUs  7m55.7s/9m00.0s

running (7m56.7s), 0780/1420 VUs, 113169 complete and 0 interrupted iterations
users   [  88% ] 0780/1420 VUs  7m56.7s/9m00.0s

running (7m57.7s), 0765/1420 VUs, 113351 complete and 0 interrupted iterations
users   [  88% ] 0765/1420 VUs  7m57.7s/9m00.0s

running (7m58.7s), 0752/1420 VUs, 113503 complete and 0 interrupted iterations
users   [  89% ] 0752/1420 VUs  7m58.7s/9m00.0s

running (7m59.7s), 0742/1420 VUs, 113664 complete and 0 interrupted iterations
users   [  89% ] 0742/1420 VUs  7m59.7s/9m00.0s

running (8m00.7s), 0734/1420 VUs, 113812 complete and 0 interrupted iterations
users   [  89% ] 0734/1420 VUs  8m00.7s/9m00.0s

running (8m01.7s), 0725/1420 VUs, 113939 complete and 0 interrupted iterations
users   [  89% ] 0725/1420 VUs  8m01.7s/9m00.0s

running (8m02.7s), 0710/1420 VUs, 114102 complete and 0 interrupted iterations
users   [  89% ] 0710/1420 VUs  8m02.7s/9m00.0s

running (8m03.7s), 0700/1420 VUs, 114247 complete and 0 interrupted iterations
users   [  90% ] 0700/1420 VUs  8m03.7s/9m00.0s

running (8m04.7s), 0676/1420 VUs, 114402 complete and 0 interrupted iterations
users   [  90% ] 0676/1420 VUs  8m04.7s/9m00.0s

running (8m05.7s), 0668/1420 VUs, 114537 complete and 0 interrupted iterations
users   [  90% ] 0668/1420 VUs  8m05.7s/9m00.0s

running (8m06.7s), 0660/1420 VUs, 114657 complete and 0 interrupted iterations
users   [  90% ] 0660/1420 VUs  8m06.7s/9m00.0s

running (8m07.7s), 0649/1420 VUs, 114804 complete and 0 interrupted iterations
users   [  90% ] 0649/1420 VUs  8m07.7s/9m00.0s

running (8m08.7s), 0638/1420 VUs, 114941 complete and 0 interrupted iterations
users   [  91% ] 0638/1420 VUs  8m08.7s/9m00.0s

running (8m09.7s), 0623/1420 VUs, 115073 complete and 0 interrupted iterations
users   [  91% ] 0623/1420 VUs  8m09.7s/9m00.0s

running (8m10.7s), 0618/1420 VUs, 115197 complete and 0 interrupted iterations
users   [  91% ] 0618/1420 VUs  8m10.7s/9m00.0s

running (8m11.7s), 0602/1420 VUs, 115313 complete and 0 interrupted iterations
users   [  91% ] 0602/1420 VUs  8m11.7s/9m00.0s

running (8m12.7s), 0588/1420 VUs, 115449 complete and 0 interrupted iterations
users   [  91% ] 0588/1420 VUs  8m12.7s/9m00.0s

running (8m13.7s), 0579/1420 VUs, 115574 complete and 0 interrupted iterations
users   [  91% ] 0579/1420 VUs  8m13.7s/9m00.0s

running (8m14.7s), 0564/1420 VUs, 115688 complete and 0 interrupted iterations
users   [  92% ] 0564/1420 VUs  8m14.7s/9m00.0s

running (8m15.7s), 0555/1420 VUs, 115806 complete and 0 interrupted iterations
users   [  92% ] 0555/1420 VUs  8m15.7s/9m00.0s

running (8m16.7s), 0544/1420 VUs, 115909 complete and 0 interrupted iterations
users   [  92% ] 0544/1420 VUs  8m16.7s/9m00.0s

running (8m17.7s), 0529/1420 VUs, 116030 complete and 0 interrupted iterations
users   [  92% ] 0529/1420 VUs  8m17.7s/9m00.0s

running (8m18.7s), 0516/1420 VUs, 116147 complete and 0 interrupted iterations
users   [  92% ] 0516/1420 VUs  8m18.7s/9m00.0s

running (8m19.7s), 0509/1420 VUs, 116248 complete and 0 interrupted iterations
users   [  93% ] 0509/1420 VUs  8m19.7s/9m00.0s

running (8m20.7s), 0498/1420 VUs, 116358 complete and 0 interrupted iterations
users   [  93% ] 0498/1420 VUs  8m20.7s/9m00.0s

running (8m21.7s), 0486/1420 VUs, 116449 complete and 0 interrupted iterations
users   [  93% ] 0486/1420 VUs  8m21.7s/9m00.0s

running (8m22.7s), 0469/1420 VUs, 116555 complete and 0 interrupted iterations
users   [  93% ] 0469/1420 VUs  8m22.7s/9m00.0s

running (8m23.7s), 0458/1420 VUs, 116660 complete and 0 interrupted iterations
users   [  93% ] 0458/1420 VUs  8m23.7s/9m00.0s

running (8m24.7s), 0448/1420 VUs, 116754 complete and 0 interrupted iterations
users   [  93% ] 0448/1420 VUs  8m24.7s/9m00.0s

running (8m25.7s), 0439/1420 VUs, 116848 complete and 0 interrupted iterations
users   [  94% ] 0439/1420 VUs  8m25.7s/9m00.0s

running (8m26.7s), 0428/1420 VUs, 116929 complete and 0 interrupted iterations
users   [  94% ] 0428/1420 VUs  8m26.7s/9m00.0s

running (8m27.7s), 0418/1420 VUs, 117017 complete and 0 interrupted iterations
users   [  94% ] 0418/1420 VUs  8m27.7s/9m00.0s

running (8m28.7s), 0405/1420 VUs, 117110 complete and 0 interrupted iterations
users   [  94% ] 0405/1420 VUs  8m28.7s/9m00.0s

running (8m29.7s), 0388/1420 VUs, 117192 complete and 0 interrupted iterations
users   [  94% ] 0388/1420 VUs  8m29.7s/9m00.0s

running (8m30.7s), 0376/1420 VUs, 117281 complete and 0 interrupted iterations
users   [  95% ] 0376/1420 VUs  8m30.7s/9m00.0s

running (8m31.7s), 0367/1420 VUs, 117351 complete and 0 interrupted iterations
users   [  95% ] 0367/1420 VUs  8m31.7s/9m00.0s

running (8m32.7s), 0354/1420 VUs, 117433 complete and 0 interrupted iterations
users   [  95% ] 0354/1420 VUs  8m32.7s/9m00.0s

running (8m33.7s), 0342/1420 VUs, 117511 complete and 0 interrupted iterations
users   [  95% ] 0342/1420 VUs  8m33.7s/9m00.0s

running (8m34.7s), 0328/1420 VUs, 117574 complete and 0 interrupted iterations
users   [  95% ] 0328/1420 VUs  8m34.7s/9m00.0s

running (8m35.7s), 0315/1420 VUs, 117651 complete and 0 interrupted iterations
users   [  96% ] 0315/1420 VUs  8m35.7s/9m00.0s

running (8m36.7s), 0308/1420 VUs, 117713 complete and 0 interrupted iterations
users   [  96% ] 0308/1420 VUs  8m36.7s/9m00.0s

running (8m37.7s), 0293/1420 VUs, 117783 complete and 0 interrupted iterations
users   [  96% ] 0293/1420 VUs  8m37.7s/9m00.0s

running (8m38.7s), 0277/1420 VUs, 117849 complete and 0 interrupted iterations
users   [  96% ] 0277/1420 VUs  8m38.7s/9m00.0s

running (8m39.7s), 0268/1420 VUs, 117898 complete and 0 interrupted iterations
users   [  96% ] 0268/1420 VUs  8m39.7s/9m00.0s

running (8m40.7s), 0256/1420 VUs, 117963 complete and 0 interrupted iterations
users   [  96% ] 0256/1420 VUs  8m40.7s/9m00.0s

running (8m41.7s), 0244/1420 VUs, 118019 complete and 0 interrupted iterations
users   [  97% ] 0244/1420 VUs  8m41.7s/9m00.0s

running (8m42.7s), 0232/1420 VUs, 118075 complete and 0 interrupted iterations
users   [  97% ] 0232/1420 VUs  8m42.7s/9m00.0s

running (8m43.7s), 0222/1420 VUs, 118125 complete and 0 interrupted iterations
users   [  97% ] 0222/1420 VUs  8m43.7s/9m00.0s

running (8m44.7s), 0215/1420 VUs, 118166 complete and 0 interrupted iterations
users   [  97% ] 0215/1420 VUs  8m44.7s/9m00.0s

running (8m45.7s), 0196/1420 VUs, 118217 complete and 0 interrupted iterations
users   [  97% ] 0196/1420 VUs  8m45.7s/9m00.0s

running (8m46.7s), 0188/1420 VUs, 118259 complete and 0 interrupted iterations
users   [  98% ] 0188/1420 VUs  8m46.7s/9m00.0s

running (8m47.7s), 0173/1420 VUs, 118305 complete and 0 interrupted iterations
users   [  98% ] 0173/1420 VUs  8m47.7s/9m00.0s

running (8m48.7s), 0162/1420 VUs, 118344 complete and 0 interrupted iterations
users   [  98% ] 0162/1420 VUs  8m48.7s/9m00.0s

running (8m49.7s), 0147/1420 VUs, 118376 complete and 0 interrupted iterations
users   [  98% ] 0147/1420 VUs  8m49.7s/9m00.0s

running (8m50.7s), 0138/1420 VUs, 118411 complete and 0 interrupted iterations
users   [  98% ] 0138/1420 VUs  8m50.7s/9m00.0s

running (8m51.7s), 0129/1420 VUs, 118447 complete and 0 interrupted iterations
users   [  98% ] 0129/1420 VUs  8m51.7s/9m00.0s

running (8m52.7s), 0117/1420 VUs, 118476 complete and 0 interrupted iterations
users   [  99% ] 0117/1420 VUs  8m52.7s/9m00.0s

running (8m53.7s), 0108/1420 VUs, 118502 complete and 0 interrupted iterations
users   [  99% ] 0108/1420 VUs  8m53.7s/9m00.0s

running (8m54.7s), 0096/1420 VUs, 118519 complete and 0 interrupted iterations
users   [  99% ] 0096/1420 VUs  8m54.7s/9m00.0s

running (8m55.7s), 0080/1420 VUs, 118544 complete and 0 interrupted iterations
users   [  99% ] 0080/1420 VUs  8m55.7s/9m00.0s

running (8m56.7s), 0070/1420 VUs, 118572 complete and 0 interrupted iterations
users   [  99% ] 0070/1420 VUs  8m56.7s/9m00.0s

running (8m57.7s), 0058/1420 VUs, 118591 complete and 0 interrupted iterations
users   [ 100% ] 0058/1420 VUs  8m57.7s/9m00.0s

running (8m58.7s), 0046/1420 VUs, 118609 complete and 0 interrupted iterations
users   [ 100% ] 0046/1420 VUs  8m58.7s/9m00.0s

running (8m59.7s), 0042/1420 VUs, 118615 complete and 0 interrupted iterations
users   [ 100% ] 0042/1420 VUs  8m59.7s/9m00.0s

running (9m00.7s), 0033/1420 VUs, 118624 complete and 0 interrupted iterations
users ↓ [ 100% ] 0040/1420 VUs  9m0s

running (9m01.7s), 0016/1420 VUs, 118641 complete and 0 interrupted iterations
users ↓ [ 100% ] 0040/1420 VUs  9m0s

running (9m02.7s), 0008/1420 VUs, 118649 complete and 0 interrupted iterations
users ↓ [ 100% ] 0040/1420 VUs  9m0s

running (9m03.7s), 0002/1420 VUs, 118655 complete and 0 interrupted iterations
users ↓ [ 100% ] 0040/1420 VUs  9m0s


  █ THRESHOLDS 

    checks{phase:bench}
    ✓ 'rate>0.99' rate=100.00%

    http_req_duration{name:confirm,phase:bench}
    ✓ 'p(95)<200' p(95)=6.74ms
    ✓ 'p(99)<600' p(99)=13.83ms

    http_req_duration{name:download_expired,phase:bench}
    ✓ 'p(95)<200' p(95)=0s
    ✓ 'p(99)<600' p(99)=0s

    http_req_duration{name:download,phase:bench}
    ✓ 'p(95)<200' p(95)=6.2ms
    ✓ 'p(99)<600' p(99)=14.65ms

    http_req_duration{name:upload,phase:bench}
    ✓ 'p(95)<200' p(95)=7.94ms
    ✓ 'p(99)<600' p(99)=16.6ms

    http_req_failed{phase:bench}
    ✓ 'rate<0.01' rate=0.00%

    server_errors{phase:bench}
    ✓ 'rate<0.01' rate=0.00%


  █ TOTAL RESULTS 

    checks_total.......: 121704  223.670893/s
    checks_succeeded...: 100.00% 121704 out of 121704
    checks_failed......: 0.00%   0 out of 121704

    ✓ download as expected
    ✓ upload link 201
    ✓ confirm 200

    CUSTOM
    server_errors.............................: 0.00%  0 out of 121704
      { phase:bench }.........................: 0.00%  0 out of 86400

    HTTP
    http_req_duration.........................: med=3.37ms p(95)=6.04ms p(99)=13.08ms avg=4.11ms max=461.97ms
      { expected_response:true }..............: med=3.37ms p(95)=6.04ms p(99)=13.08ms avg=4.11ms max=461.97ms
      { name:confirm,phase:bench }............: med=4.23ms p(95)=6.74ms p(99)=13.83ms avg=4.77ms max=92.35ms 
      { name:download_expired,phase:bench }...: med=0s     p(95)=0s     p(99)=0s      avg=0s     max=0s      
      { name:download,phase:bench }...........: med=3.39ms p(95)=6.2ms  p(99)=14.65ms avg=4.24ms max=461.97ms
      { name:upload,phase:bench }.............: med=5.07ms p(95)=7.94ms p(99)=16.6ms  avg=5.69ms max=97.36ms 
    http_req_failed...........................: 0.00%  0 out of 121704
      { phase:bench }.........................: 0.00%  0 out of 86400
    http_reqs.................................: 121704 223.670893/s

    EXECUTION
    iteration_duration........................: med=5s     p(95)=5s     p(99)=7.22s   avg=5.05s  max=8.01s   
    iterations................................: 118657 218.071034/s
    vus.......................................: 2      min=2           max=1420
    vus_max...................................: 1420   min=1420        max=1420

    NETWORK
    data_received.............................: 286 MB 525 kB/s
    data_sent.................................: 98 MB  181 kB/s




running (9m04.1s), 0000/1420 VUs, 118657 complete and 0 interrupted iterations
users ✓ [ 100% ] 0000/1420 VUs  9m0s
== 1420 users: pass
== done: passed up to 1420 users, failed from 1425
