be257f,29,1790865753074
e6915c,34,1790865753074
ef7785,18,1790781153074
b77123,18,1790780253074
ffd33c,55,1790781153074
7bb833,43,1790780253074
e83465,43,1790865753074
6e013b,44,1790780253074
ac579c,21,1790781153074
d148ce,17,1790865753074
2c250a,15,1790780253074
c6dda8,40,1790781153074
efa00a,31,1790780253074
bf13ee,35,1790781153074
654b4b,48,1790865753074
264613,34,1790781153074
0520f8,39,1790865753074
314ae1,51,1790780253074
787142,18,1790865753074
39af4b,43,1790781153074
3df913,52,1790865753074
a5bafe,53,1790781153074
6a9ccf,56,1790781153074
c963fb,52,1790780253074
bd7c91,32,1790865753074
ddfdd9,37,1790780253074
fa6a92,47,1790781153074
15e13d,55,1790780253074
3963a7,32,1790780253074
c42567,53,1790780253074
3084af,44,1790781153074
fbc655,41,1790780253074
6751ef,45,1790865753074
0ddd7b,41,1790865753074
d1327c,36,1790781153074
13ad40,27,1790780253074
4033f0,22,1790865753074
75c44f,34,1790781153074
3106ed,55,1790865753074
4b9048,43,1790780253074
81c91f,54,1790865753074
46eda4,30,1790780253074
52a11e,49,1790781153074
6cf257,20,1790781153074
302ed6,58,1790781153074
61ea2a,34,1790865753074
b7ee46,38,1790781153074
b15297,60,1790780253074
1de2d9,15,1790865753074
c2cb44,36,1790781153074
78670d,47,1790865753074
0e1249,56,1790781153074
060e26,43,1790865753074
0a36ef,54,1790865753074
d753bb,24,1790781153074
06a084,25,1790865753074
2f39f9,34,1790780253074
f5f2f6,48,1790781153074
e762cf,32,1790781153074
5e63d4,23,1790865753074
0efc07,55,1790781153074
f98c5c,48,1790781153074
6d4897,46,1790865753074
207c1d,37,1790781153074
212d66,24,1790780253074
7621f3,36,1790865753074
6744f3,36,1790780253074
002a4c,43,1790780253074
e6c426,21,1790780253074
54bdbd,25,1790780253074
eaadce,41,1790781153074
a5aa64,47,1790780253074
73c3e2,52,1790780253074
988658,46,1790781153074
449ea6,26,1790780253074
cae63b,31,1790865753074
5785f3,58,1790780253074
c885ae,51,1790865753074
e55d5c,23,1790781153074
18f915,28,1790865753074
b1e6a7,54,1790780253074
bac88b,33,1790781153074
24f0f2,29,1790865753074
ea3374,57,1790780253074
9cb91b,60,1790865753074
cb846f,23,1790780253074
7b2248,31,1790780253074
d265e3,22,1790865753074
3f708d,29,1790780253074
80d09b,49,1790780253074
898837,33,1790781153074
199976,49,1790780253074
520355,24,1790781153074
a0f7a0,36,1790865753074
468126,52,1790780253074
47fd9a,24,1790780253074
5d657b,32,1790780253074
abb237,39,1790780253074
07955f,16,1790780253074
c25dd6,48,1790865753074
d00932,53,1790780253074
4257fb,60,1790781153074
6cdb74,51,1790865753074
55b0a4,43,1790781153074
4b901d,25,1790780253074
2bd9e0,39,1790865753074
13bcaf,32,1790865753074
ddbbf9,48,1790781153074
9556fb,19,1790865753074
30410b,60,1790781153074
4511df,20,1790780253074
e13694,59,1790865753074
cbffa3,23,1790781153074
6fb83d,50,1790780253074
90ab19,50,1790865753074
c49d52,52,1790781153074
a3a4cf,34,1790865753074
e2bf5d,20,1790780253074
45ea31,59,1790780253074
b652e0,23,1790865753074
08e6b2,41,1790780253074
efb684,37,1790781153074
30e05d,33,1790865753074
2228fb,37,1790780253074
1fb49b,54,1790780253074
340b9d,27,1790865753074
0dbf09,55,1790780253074
078c36,24,1790865753074
fac7ff,28,1790865753074
abcd6e,19,1790781153074
1c4137,41,1790865753074
1df398,55,1790865753074
ed6d38,22,1790865753074
905f06,40,1790781153074
d1b420,31,1790865753074
527919,43,1790865753074
a1a1c9,29,1790780253074
00fc78,43,1790865753074
7e7f3a,60,1790865753074
b985dc,26,1790780253074
144f5d,43,1790780253074
84b155,51,1790781153074
2cd2ba,31,1790780253074
98a6f2,28,1790865753074
7c87d1,57,1790781153074
9b1537,24,1790781153074
6bad4b,41,1790780253074
bc25fe,52,1790781153074
44669c,30,1790780253074
11e70a,60,1790781153074
6b2965,36,1790781153074
279a50,45,1790780253074
b0803e,41,1790780253074
c41d73,26,1790781153074
3fd1e3,21,1790780253074
77a530,58,1790780253074
11439b,44,1790780253074
e3ae34,54,1790865753074
fdf946,52,1790865753074
77ea8b,40,1790780253074
c76e48,58,1790865753074
9bdbd6,32,1790781153074
cef5bf,29,1790865753074
4a5ad7,55,1790865753074
79ada5,25,1790781153074
7dc9ff,50,1790781153074
d5b188,55,1790865753074
b2d84f,28,1790780253074
bd7919,45,1790865753074
303ca0,41,1790780253074
82b7a5,23,1790780253074
489620,23,1790865753074
78539e,59,1790780253074
f6cfb3,54,1790781153074
c25794,31,1790780253074
c285f7,42,1790781153074
7f5186,51,1790865753074
ca365a,53,1790865753074
616e27,48,1790780253074
5ee467,21,1790780253074
83c74c,49,1790865753074
d38025,51,1790780253074
faa3e8,40,1790780253074
3e9452,50,1790781153074
557e9e,17,1790865753074
23638d,16,1790780253074
cdbe52,55,1790781153074
ff9828,26,1790780253074
c3f31a,41,1790780253074
d5bc1c,27,1790781153074
542256,38,1790865753074
bbc776,20,1790781153074
92e0af,25,1790781153074
2d2efc,16,1790780253074
ab8d2a,25,1790780253074
20e042,54,1790865753074
00e930,50,1790865753074
5ab50f,35,1790780253074
ffbdea,47,1790865753074
fb9d9f,44,1790780253074
d50c23,31,1790780253074
697b36,24,1790780253074
e96f9b,15,1790781153074
21239b,21,1790865753074
f88287,56,1790781153074
87f77f,45,1790781153074
ef3957,36,1790865753074
e02def,50,1790781153074
1c85a2,32,1790865753074
550c50,54,1790865753074
9eede5,37,1790780253074
82f1f3,60,1790781153074
8d4d5a,45,1790865753074
2c2014,36,1790865753074
4fef8d,56,1790780253074
2f3bca,49,1790865753074
53da59,32,1790865753074
cdd51b,51,1790780253074
a35128,52,1790780253074
728473,25,1790780253074
b49ab9,42,1790781153074
22656d,44,1790865753074
f23518,28,1790781153074
70bc36,52,1790865753074
7a86b6,50,1790780253074
ee4d6f,56,1790780253074
b9575d,60,1790780253074
7fa35e,23,1790780253074
905730,38,1790781153074
ac8acc,18,1790865753074
9d73e3,27,1790865753074
696c39,54,1790780253074
ab3b7e,37,1790780253074
59c972,38,1790781153074
419a13,29,1790780253074
0a646e,52,1790780253074
85affc,34,1790781153074
6a8fc3,38,1790865753074
0ff689,44,1790781153074
6b9023,29,1790780253074
e78047,29,1790865753074
e22e68,56,1790780253074
b1fa0f,52,1790865753074
b795c1,50,1790781153074
765616,52,1790781153074
acd3d1,49,1790781153074
492979,40,1790781153074
fe152c,48,1790865753074
4db480,34,1790780253074
b2137d,47,1790781153074
743a11,45,1790780253074
a0cfd5,45,1790780253074
df33c0,29,1790781153074
8bf984,24,1790781153074
8cbd72,38,1790865753074
2ab822,50,1790865753074
a11d45,42,1790780253074
9d555b,21,1790780253074
5b0dd3,55,1790780253074
1b3001,33,1790781153074
08577b,46,1790780253074
347a74,54,1790780253074
5c10a4,56,1790780253074
318832,25,1790865753074
bef5c1,53,1790781153074
8b13e9,28,1790780253074
75e7cb,16,1790780253074
1a5cbe,34,1790781153074
b94c34,54,1790781153074
1b60cb,25,1790781153074
f2a064,27,1790865753074
59b76a,28,1790781153074
307a07,59,1790780253074
b58a9d,32,1790780253074
93345b,32,1790865753074
192a9d,33,1790780253074
f7ae7d,60,1790865753074
c0bb3b,45,1790781153074
d67eb8,48,1790865753074
2a43c0,19,1790865753074
d4fa2b,59,1790781153074
3c5ced,42,1790780253074
6dda62,56,1790781153074
65e08c,33,1790781153074
d535c6,56,1790781153074
968e71,27,1790865753074
9c8b38,19,1790780253074
21ce15,53,1790865753074
bf516e,32,1790865753074
b64667,29,1790780253074
259df1,21,1790865753074
a693c5,38,1790781153074
193ebb,19,1790865753074
aba1f2,22,1790780253074
a848c6,28,1790780253074
1af00a,42,1790780253074
d3f06e,52,1790781153074
64e5dc,23,1790781153074
1221c8,43,1790781153074
ac05c3,43,1790780253074
aac9e0,51,1790780253074
508750,52,1790781153074
910126,60,1790781153074
8c4cf0,21,1790781153074
6fa48a,28,1790865753074
7ba5b9,50,1790780253074
acce44,51,1790865753074
0754d0,17,1790865753074
be87e3,19,1790865753074
089356,37,1790781153074
3725e6,43,1790865753074
15865b,50,1790865753074
1c6fb3,41,1790865753074
631aa9,19,1790780253074
86e221,40,1790780253074
39f564,15,1790781153074
51a953,39,1790780253074
408f5c,35,1790781153074
669079,38,1790780253074
985fc6,20,1790781153074
2705bb,59,1790780253074
4b3c12,56,1790780253074
b354bb,48,1790781153074
a34360,34,1790781153074
161428,44,1790781153074
181033,32,1790865753074
eb24b8,50,1790865753074
977ad4,15,1790865753074
66cf1f,41,1790780253074
af2ac6,17,1790781153074
d7d0f9,40,1790780253074
6354a7,22,1790865753074
a6de12,57,1790780253074
4543b9,39,1790865753074
c7ad02,52,1790865753074
5b1d40,38,1790781153074
968cad,41,1790781153074
abd10b,22,1790865753074
1af8d6,20,1790865753074
d8f948,31,1790781153074
8c40ac,26,1790781153074
c82e1c,34,1790781153074
c51fd8,60,1790781153074
8cfe8e,17,1790865753074
8b4436,44,1790780253074
419cac,47,1790780253074
ef05a9,17,1790780253074
0387dc,27,1790865753074
b1f45c,54,1790781153074
196bea,46,1790865753074
bbacf4,15,1790865753074
70bf90,44,1790781153074
c47cd0,42,1790780253074
6e51ea,51,1790780253074
73ac21,41,1790781153074
06b02b,56,1790780253074
2202ec,17,1790865753074
91dc67,38,1790865753074
1d8aef,59,1790781153074
2063a6,24,1790865753074
878d71,32,1790865753074
a5723f,38,1790781153074
9b7143,46,1790865753074
44b5af,25,1790780253074
bb57ce,33,1790780253074
2872ef,32,1790781153074
d3dedd,35,1790781153074
0eed4d,34,1790780253074
e031a4,58,1790780253074
800006,55,1790780253074
b3257e,41,1790781153074
a11941,33,1790780253074
1d930a,27,1790865753074
413976,22,1790865753074
c05968,52,1790781153074
cdad9d,36,1790865753074
5c464c,43,1790865753074
fa5594,25,1790780253074
e6664e,48,1790865753074
3d7322,18,1790781153074
2533fd,44,1790781153074
672e7b,41,1790780253074
4fafa1,17,1790780253074
8d3f8a,42,1790781153074
59e2cd,42,1790781153074
8e4a76,27,1790865753074
5d97e3,30,1790865753074
705352,56,1790865753074
e40b3b,18,1790780253074
114250,45,1790781153074
fc566f,17,1790781153074
34b89e,22,1790865753074
cae8e0,38,1790780253074
29006e,58,1790781153074
08ccd5,45,1790780253074
12fa62,36,1790780253074
9a187e,58,1790781153074
821fce,17,1790780253074
8e1594,18,1790781153074
71a0fe,22,1790780253074
4c22f2,46,1790780253074
07beb8,25,1790780253074
5676f4,53,1790781153074
2708f9,33,1790865753074
a63d02,50,1790780253074
8654db,15,1790781153074
6ed984,28,1790865753074
3057d5,15,1790865753074
4a12e5,40,1790781153074
66bd71,25,1790865753074
d7bf22,29,1790781153074
914d6a,19,1790780253074
d4710d,55,1790780253074
687a25,24,1790781153074
bdb34e,48,1790865753074
287547,25,1790780253074
72d1b3,41,1790865753074
53d401,28,1790780253074
72169b,59,1790781153074
a23235,46,1790781153074
88bf9b,40,1790781153074
b4f828,19,1790865753074
263327,38,1790865753074
a177dc,29,1790780253074
d35ba3,58,1790780253074
15b22f,18,1790780253074
4521c1,18,1790780253074
25acc4,49,1790781153074
98580b,52,1790865753074
60cf83,57,1790780253074
e8b5e4,21,1790865753074
3bbc5f,50,1790781153074
5ceaf2,48,1790781153074
b69b3a,56,1790781153074
dbfa9b,24,1790865753074
42775c,18,1790865753074
2dd00c,36,1790780253074
b66b2e,40,1790780253074
5a8d6f,42,1790865753074
1dc120,49,1790865753074
d307d5,22,1790865753074
74f81f,49,1790780253074
575d72,60,1790865753074
c36dbc,29,1790780253074
5d1b26,41,1790781153074
9240fe,29,1790780253074
0fd0e6,41,1790865753074
6aea6b,15,1790781153074
f6400a,34,1790780253074
81e738,50,1790780253074
2b172c,37,1790780253074
90007b,60,1790865753074
2dbc3e,33,1790865753074
70c46a,18,1790781153074
9c258e,17,1790781153074
adca09,52,1790865753074
49718d,20,1790780253074
c2698e,49,1790781153074
11c896,22,1790780253074
af2696,18,1790865753074
21cd86,24,1790781153074
69b831,52,1790780253074
c16fb7,36,1790780253074
c3c847,43,1790780253074
4c2ba5,20,1790865753074
eff146,30,1790781153074
09cb0f,30,1790781153074
562759,53,1790865753074
3f647b,48,1790781153074
3a556b,53,1790865753074
2d5411,57,1790781153074
8c30c1,25,1790780253074
4bf8d9,60,1790780253074
4a05c2,59,1790781153074
aef49c,16,1790865753074
e81db2,47,1790781153074
90fff5,18,1790780253074
76c9aa,54,1790781153074
f1688f,31,1790865753074
22595d,39,1790865753074
11bc55,17,1790781153074
39a2ff,58,1790780253074
003736,60,1790865753074
381d14,18,1790781153074
a12e47,53,1790781153074
a603b0,16,1790865753074
94d14a,38,1790865753074
22aca5,28,1790865753074
4a3bfc,35,1790781153074
639852,35,1790781153074
6acbb9,30,1790781153074
1d409a,19,1790780253074
27e412,19,1790865753074
1981a2,39,1790780253074
7fb28b,29,1790865753074
1a8730,43,1790780253074
cafca9,24,1790780253074
9cf1fa,25,1790780253074
fefe19,24,1790780253074
1f1696,33,1790780253074
8fd1e8,18,1790865753074
830e8d,42,1790781153074
814df5,33,1790781153074
944cef,57,1790781153074
ddaa7d,18,1790780253074
389947,58,1790865753074
5167b7,15,1790780253074
ca00f9,51,1790780253074
b74a99,44,1790780253074
081eb8,15,1790780253074
06e3ee,56,1790865753074
b74139,37,1790865753074
0209d8,39,1790781153074
cd70cb,37,1790780253074
cbf325,25,1790781153074
5436c3,42,1790865753074
00d5bf,37,1790781153074
327a49,47,1790865753074
dea9fe,32,1790781153074
9fb6ee,23,1790781153074
a1c220,27,1790865753074
2912c7,33,1790780253074
84d989,39,1790865753074
a69cea,52,1790781153074
53a886,38,1790780253074
fed8ad,28,1790781153074
e26ea3,31,1790865753074
0fe9e3,36,1790780253074
4e7d96,56,1790781153074
73e366,36,1790781153074
e74db3,43,1790780253074
47a160,34,1790780253074
0e2693,43,1790865753074
ecb84a,57,1790781153074
9766b9,59,1790781153074
1ddf28,26,1790865753074
3683ba,48,1790781153074
cba90d,29,1790780253074
f03b3e,30,1790865753074
030c93,29,1790781153074
0fdfca,57,1790865753074
76b354,21,1790781153074
c66814,28,1790781153074
d8e288,29,1790865753074
5452e6,16,1790781153074
5da807,42,1790865753074
7796fe,21,1790780253074
67540d,43,1790780253074
8effe5,21,1790781153074
2b9087,44,1790780253074
db6f4c,39,1790781153074
e76191,37,1790781153074
e36ed6,46,1790781153074
7bd30d,26,1790781153074
55f0c4,27,1790780253074
014d3d,60,1790865753074
96f325,20,1790781153074
cdfbe6,50,1790781153074
8748e1,24,1790865753074
d96c18,42,1790780253074
3f7f1e,52,1790865753074
f805ec,48,1790781153074
25ea45,29,1790865753074
c3cca1,20,1790781153074
367c61,39,1790780253074
38ffb9,56,1790865753074
8d7bcf,49,1790865753074
56a7aa,24,1790865753074
1f037d,53,1790865753074
61d0b7,57,1790780253074
445818,44,1790781153074
4c965d,57,1790780253074
92ca01,20,1790780253074
f7e50a,46,1790865753074
b679a7,43,1790780253074
90a2d3,26,1790781153074
ee3faf,21,1790781153074
286ea2,36,1790781153074
c790fd,24,1790780253074
959c65,43,1790780253074
479efe,60,1790780253074
a3eb42,16,1790780253074
f60b7f,56,1790865753074
f9649d,33,1790865753074
657f41,53,1790780253074
20851b,39,1790781153074
608e1a,23,1790780253074
be9457,54,1790781153074
b8252a,15,1790865753074
4178c4,24,1790781153074
ef7f21,16,1790780253074
8a6a18,59,1790780253074
75586e,44,1790865753074
ac1a55,41,1790781153074
45ff4f,48,1790780253074
178a7a,47,1790781153074
f48243,50,1790780253074
d508eb,49,1790780253074
bbafa2,38,1790780253074
9d8573,31,1790780253074
d6147b,51,1790781153074
8c261b,56,1790865753074
be2764,56,1790780253074
1e0104,23,1790865753074
968855,31,1790865753074
8f7c93,34,1790780253074
227921,41,1790780253074
e60d29,26,1790781153074
fbee32,30,1790780253074
501d34,58,1790781153074
7d8148,59,1790781153074
1d6594,41,1790781153074
b9f212,22,1790865753074
c7ae60,55,1790780253074
145c8f,36,1790780253074
970c97,59,1790865753074
48fab4,44,1790865753074
47df17,17,1790781153074
ba0703,35,1790780253074
28b06b,19,1790780253074
967b74,39,1790865753074
01fc6a,29,1790780253074
a82ece,48,1790865753074
837510,58,1790780253074
ce2f9e,29,1790781153074
382acf,28,1790865753074
da8e30,52,1790865753074
e05603,35,1790865753074
26c1a0,25,1790780253074
58f5c6,38,1790865753074
884229,47,1790781153074
2e792d,55,1790780253074
2ce162,29,1790865753074
1dfc38,48,1790781153074
07b2f5,58,1790781153074
b7d874,49,1790780253074
9c1768,25,1790781153074
326778,31,1790865753074
5eda22,47,1790780253074
31ea5b,47,1790865753074
1002df,46,1790865753074
3ab4f1,40,1790865753074
f81142,24,1790781153074
60552f,48,1790780253074
eceadd,48,1790865753074
5d0674,17,1790780253074
721d1c,20,1790780253074
8dce83,52,1790780253074
cf6950,58,1790865753074
1e0866,38,1790781153074
49e81a,33,1790780253074
299c52,46,1790865753074
060ba5,31,1790780253074
1b1770,18,1790781153074
116fd8,42,1790780253074
fcb505,27,1790780253074
5836e4,57,1790865753074
cdc8fd,53,1790780253074
1b88e1,35,1790865753074
945d0a,20,1790780253074
d7527e,55,1790780253074
542f4b,42,1790780253074
42bf10,53,1790781153074
026142,26,1790780253074
6685b4,41,1790865753074
de2794,33,1790781153074
e34951,34,1790781153074
633085,57,1790865753074
c49eee,42,1790865753074
a4098b,21,1790781153074
441ada,55,1790780253074
c7d1cf,59,1790865753074
4efda4,19,1790780253074
03577d,26,1790780253074
6962ae,18,1790780253074
34861f,51,1790780253074
e7e4a6,15,1790865753074
692f23,40,1790865753074
b960df,17,1790780253074
83fcc1,47,1790865753074
8860b5,51,1790781153074
9cd526,27,1790781153074
240e71,35,1790781153074
f75f57,39,1790781153074
5eb9f3,54,1790865753074
9c762d,39,1790865753074
eebae6,18,1790865753074
7448c5,36,1790781153074
3c23e1,32,1790781153074
b83a56,19,1790781153074
b97a42,49,1790865753074
92bf2b,15,1790780253074
8a0ac7,51,1790781153074
c76295,44,1790865753074
bd26fc,30,1790865753074
6956f6,42,1790780253074
d50c45,59,1790780253074
9a9bc8,47,1790780253074
6881d8,25,1790781153074
88cfba,43,1790780253074
27d7ea,54,1790865753074
ad8f9f,47,1790780253074
bdf41c,22,1790865753074
8b4bed,38,1790865753074
034147,44,1790865753074
576c3b,44,1790780253074
d89b5d,59,1790780253074
afd95f,16,1790780253074
595ec6,37,1790865753074
51d092,22,1790865753074
406076,42,1790780253074
f5e60f,40,1790865753074
b7b4e4,53,1790781153074
717bfb,52,1790781153074
a53ca6,44,1790781153074
ff664d,50,1790781153074
84d6d9,28,1790781153074
77d811,56,1790781153074
94f625,28,1790781153074
f36b19,22,1790865753074
2e8cfb,51,1790781153074
959544,37,1790781153074
708668,58,1790865753074
b1cbc8,24,1790781153074
7ad099,50,1790781153074
3cfc2c,55,1790780253074
d79eec,40,1790780253074
8d6746,27,1790780253074
23abc1,41,1790865753074
e9d526,24,1790781153074
9c223e,16,1790780253074
6d2da8,50,1790780253074
87e7d1,48,1790780253074
9a92c0,55,1790781153074
59de35,23,1790781153074
65d0c0,19,1790780253074
2e8e4e,44,1790780253074
03e19f,32,1790781153074
205106,55,1790781153074
39ce1e,50,1790781153074
d0b907,44,1790865753074
d1b91d,48,1790865753074
f26c6b,21,1790865753074
496d38,33,1790780253074
88e677,25,1790781153074
850c7f,37,1790781153074
e7273a,56,1790781153074
230758,39,1790780253074
75a9e0,31,1790781153074
bc2fe9,37,1790780253074
f994c4,30,1790865753074
32dbbd,45,1790781153074
015e2e,30,1790865753074
03cce8,34,1790865753074
c7ca68,46,1790865753074
0df36f,50,1790780253074
4ab24e,49,1790780253074
f60d12,47,1790781153074
6acf47,38,1790865753074
90db91,59,1790865753074
cc56b9,19,1790781153074
44488e,39,1790781153074
490d2d,43,1790780253074
0d97a2,48,1790781153074
4949b2,38,1790781153074
1f779a,32,1790865753074
177037,31,1790781153074
5aad2a,20,1790780253074
44af0d,22,1790781153074
027397,29,1790781153074
e7a8ed,36,1790865753074
ce00c3,60,1790780253074
ccda5b,17,1790865753074
1203ac,55,1790781153074
16b84e,30,1790781153074
605539,49,1790780253074
d5af22,16,1790780253074
f455b7,54,1790865753074
839c41,17,1790780253074
b070ee,27,1790780253074
b961d1,32,1790865753074
5e04cc,59,1790781153074
001164,16,1790865753074
1f9947,25,1790865753074
28657e,45,1790865753074
00e21c,39,1790865753074
68753f,19,1790780253074
37a2c7,44,1790781153074
6d32b4,59,1790780253074
c18509,23,1790780253074
f567d0,34,1790781153074
a32a4e,56,1790781153074
75f552,46,1790780253074
5b417d,34,1790780253074
0787f2,35,1790780253074
cc00cd,28,1790781153074
a239b9,16,1790780253074
da32ac,24,1790781153074
9ca8da,20,1790780253074
21b114,25,1790865753074
92e903,32,1790781153074
d967d1,50,1790865753074
f5505d,57,1790780253074
675f70,21,1790781153074
6bf0d3,29,1790781153074
bc41a4,19,1790781153074
d4722f,43,1790781153074
10037b,56,1790780253074
38b90b,28,1790781153074
5d7fe9,20,1790865753074
1a2d05,57,1790781153074
93b270,30,1790781153074
674318,28,1790865753074
291f13,54,1790865753074
a324d2,28,1790780253074
f0c4ed,16,1790780253074
b9b677,35,1790780253074
6394f8,16,1790781153074
6a2564,30,1790781153074
51c2c7,55,1790865753074
2b7b57,25,1790865753074
f3f68b,57,1790780253074
aefb4d,31,1790781153074
9cb9ff,18,1790865753074
22fd0b,43,1790781153074
9dce61,52,1790865753074
42f4c5,35,1790865753074
12267c,17,1790781153074
abfcaa,20,1790780253074
cee331,20,1790865753074
94bae1,25,1790780253074
53f464,45,1790780253074
d5a998,42,1790781153074
d96f34,53,1790781153074
cc845c,24,1790781153074
53b3c2,58,1790781153074
22f3dd,22,1790865753074
fb7399,27,1790781153074
c07283,37,1790781153074
64f070,43,1790865753074
89a215,33,1790865753074
ed035b,32,1790865753074
407c4a,40,1790780253074
748753,43,1790780253074
df8296,47,1790780253074
418f96,17,1790865753074
1f3035,43,1790865753074
36e86e,48,1790865753074
b2ab5e,17,1790781153074
6a8b5d,34,1790865753074
c54a6a,55,1790780253074
6946a9,36,1790781153074
067a88,26,1790780253074
443a9d,56,1790865753074
cf53ae,37,1790780253074
b6c3b6,51,1790781153074
6dc16f,37,1790780253074
04ac42,15,1790781153074
a577f9,54,1790780253074
3f612a,26,1790780253074
104239,30,1790780253074
61331a,37,1790781153074
a15cce,28,1790781153074
e7e6ff,19,1790781153074
8f3a75,28,1790865753074
48df20,35,1790781153074
302688,30,1790781153074
e864f9,28,1790780253074
cd4629,46,1790780253074
c59d36,30,1790781153074
f721d1,57,1790865753074
d1cd32,52,1790780253074
0af226,57,1790781153074
f81c36,59,1790781153074
530d6f,23,1790865753074
2efe3e,16,1790780253074
8d6cac,44,1790781153074
ac090e,52,1790780253074
56a2de,48,1790865753074
5c3b43,17,1790780253074
87e91e,30,1790865753074
fda790,47,1790865753074
a9cffd,44,1790780253074
f55d53,31,1790781153074
991ba8,48,1790865753074
8174eb,57,1790865753074
0403ea,31,1790780253074
5b7b7b,22,1790865753074
f0cdca,30,1790865753074
1552ee,18,1790780253074
79badf,21,1790865753074
88945b,57,1790780253074
2ec11f,53,1790781153074
034749,35,1790781153074
f85b22,26,1790781153074
22658f,49,1790780253074
eeff84,17,1790865753074
66df09,50,1790865753074
e3b916,17,1790781153074
db3e4d,16,1790780253074
eae18d,34,1790865753074
903531,43,1790865753074
918eb0,18,1790865753074
9e0a36,56,1790781153074
e4f79d,53,1790865753074
672578,34,1790865753074
a54199,35,1790780253074
0020ff,30,1790781153074
dc311c,33,1790865753074
35f4fe,40,1790780253074
1b2af0,47,1790780253074
d062d4,54,1790780253074
9a21ca,18,1790865753074
6c84d9,39,1790781153074
13a53c,50,1790781153074
e6ec52,27,1790781153074
960800,24,1790781153074
6bd87d,17,1790865753074
48510c,23,1790780253074
3465d6,45,1790781153074
79e626,31,1790865753074
502003,19,1790780253074
8db4fd,57,1790865753074
c03e71,21,1790780253074
bcff88,31,1790781153074
808ce3,29,1790865753074
5f5d5b,47,1790865753074
b31521,21,1790781153074
091bc0,47,1790781153074
c21db5,53,1790781153074
b42fea,17,1790780253074
55fdf2,35,1790865753074
6b0e3b,45,1790865753074
2d2936,35,1790780253074
c1cb1b,59,1790780253074
ca9512,60,1790781153074
4f4144,22,1790780253074
369ced,39,1790781153074
91ef58,30,1790865753074
db5b0b,42,1790781153074
575e64,18,1790781153074
a4ecbb,47,1790780253074
7f8fa7,59,1790780253074
9fd67e,54,1790865753074
dfb8e3,44,1790781153074
3d2b28,27,1790780253074
0c1212,39,1790781153074
79a2f8,29,1790865753074
3815fd,54,1790781153074
5906a6,48,1790780253074
411a87,27,1790865753074
5a2f3f,24,1790780253074
b0cb5c,57,1790780253074
3e8c90,25,1790865753074
264899,15,1790865753074
31601f,54,1790781153074
b37122,44,1790865753074
6521b7,29,1790865753074
f59e15,59,1790865753074
b294dc,33,1790781153074
7f5347,41,1790780253074
2f6672,47,1790781153074
3aa75e,26,1790781153074
90c8c1,31,1790780253074
9b52a6,25,1790865753074
405f1e,23,1790865753074
2659ed,26,1790865753074
a332a1,36,1790780253074
aac36a,31,1790780253074
1c699e,28,1790781153074
df030d,59,1790781153074
847643,53,1790865753074
10c6b7,28,1790781153074
3a4d06,48,1790781153074
1b6cf1,55,1790865753074
33eee7,24,1790865753074
e343ed,40,1790780253074
c934c9,57,1790865753074
ee2a2b,43,1790781153074
734e0f,16,1790780253074
4c3755,21,1790780253074
a74208,47,1790781153074
986fe2,21,1790781153074
8c5f9d,48,1790781153074
30096a,38,1790781153074
2b20bd,42,1790781153074
ed7475,32,1790865753074
885703,44,1790865753074
8bb2bb,43,1790781153074
2781e0,42,1790781153074
4e513d,17,1790781153074
588b4e,43,1790865753074
df0a29,27,1790865753074
9fbc2f,15,1790780253074
1a8299,45,1790781153074
ecfd30,41,1790781153074
1cff83,47,1790781153074
a944fc,52,1790780253074
f1c28f,54,1790865753074
2c703a,50,1790780253074
836795,31,1790781153074
1c0773,31,1790781153074
ea20ff,35,1790781153074
951b21,34,1790780253074
457147,31,1790780253074
f9ad72,30,1790865753074
f7f428,58,1790865753074
6ac545,59,1790780253074
eeee6b,55,1790865753074
559a89,50,1790865753074
0ada6a,50,1790781153074
1b826a,25,1790780253074
669115,57,1790865753074
e350ac,46,1790780253074
472f18,15,1790780253074
d5cd46,43,1790781153074
36a607,32,1790865753074
c0622b,24,1790781153074
96969b,25,1790781153074
b0fbc3,29,1790781153074
26caec,28,1790865753074
3c716f,57,1790780253074
6c719d,26,1790781153074
17f74b,50,1790780253074
aacb1a,60,1790865753074
f951c7,47,1790781153074
4c3587,39,1790780253074
59468f,48,1790781153074
35b251,26,1790781153074
e69d81,29,1790780253074
0a6911,22,1790780253074
4b0525,19,1790781153074
9569ec,38,1790781153074
66d571,52,1790781153074
1adfe9,57,1790865753074
43154d,28,1790781153074
ac8c47,42,1790781153074
6891ad,18,1790865753074
051e46,20,1790865753074
88eed7,21,1790865753074
6e50cb,17,1790781153074
4853c5,26,1790865753074
6e0b81,22,1790780253074
59840b,58,1790865753074
95556f,30,1790865753074
61171f,45,1790781153074
98dc2b,35,1790865753074
fbaae9,27,1790781153074
b1d1cc,53,1790780253074
44de04,34,1790780253074
bade6b,40,1790865753074
ef8bd5,45,1790781153074
036a0a,45,1790865753074
3eefcd,29,1790781153074
a3cdf2,49,1790780253074
85f520,55,1790781153074
a7693d,21,1790865753074
7d7433,24,1790865753074
46a751,32,1790780253074
805401,34,1790781153074
c014d4,44,1790865753074
44770f,32,1790781153074
61120d,38,1790865753074
a58e72,17,1790865753074
46c20c,53,1790780253074
1b3d6c,35,1790865753074
64755e,41,1790780253074
1c2084,57,1790781153074
6849f2,50,1790780253074
608c94,34,1790780253074
e4ebc3,16,1790781153074
2f3b33,45,1790781153074
5cf3d4,38,1790781153074
73cd95,26,1790865753074
62999e,29,1790780253074
0bd8ad,34,1790781153074
b45217,16,1790780253074
605be2,22,1790780253074
0280d5,21,1790780253074
3c64ab,31,1790780253074
cb3cd7,27,1790865753074
b1be23,46,1790781153074
68424c,58,1790865753074
cae2b2,23,1790781153074
daea9b,18,1790865753074
78671d,24,1790780253074
5e28fc,45,1790865753074
60b910,30,1790781153074
888907,52,1790781153074
d39507,57,1790865753074
2c49b4,45,1790780253074
f5f5f6,46,1790865753074
c4da66,39,1790865753074
355a18,22,1790780253074
6381c0,15,1790781153074
d9a40b,29,1790865753074
964279,24,1790781153074
81681b,29,1790780253074
2a140c,48,1790781153074
e93c41,54,1790781153074
fe92f7,48,1790865753074
08c49b,46,1790865753074
4112d6,46,1790781153074
93a388,36,1790781153074
46b4a7,17,1790780253074
ff6187,60,1790780253074
25e7b1,49,1790780253074
4871cf,26,1790865753074
0fce91,60,1790781153074
42a24b,21,1790781153074
a005b0,43,1790781153074
aeebb5,24,1790781153074
d6b662,31,1790780253074
547e16,52,1790781153074
fc1478,23,1790865753074
89c8f0,24,1790865753074
d9f30d,28,1790780253074
b4dda9,27,1790780253074
35171b,27,1790780253074
3904ec,28,1790781153074
3b7a8a,49,1790865753074
e4c002,18,1790865753074
e9c61c,22,1790781153074
0d120a,57,1790865753074
db523c,43,1790781153074
4757ea,41,1790780253074
c046f2,20,1790781153074
aeb970,23,1790780253074
68aa6c,52,1790780253074
c63a53,21,1790865753074
d257fa,16,1790865753074
703b65,22,1790781153074
764f1e,25,1790865753074
3d10e8,16,1790865753074
eaed7b,30,1790780253074
3f8d46,51,1790865753074
598257,55,1790865753074
af3f3e,44,1790781153074
77371f,49,1790781153074
050fae,42,1790865753074
a48f1d,20,1790865753074
57e247,48,1790781153074
c588b7,35,1790865753074
3cfa47,18,1790865753074
db20d9,18,1790781153074
b9c684,33,1790781153074
43972c,28,1790865753074
de6b47,47,1790780253074
f2c9ba,45,1790781153074
40c011,22,1790781153074
0ec7c7,32,1790781153074
04c0fc,43,1790780253074
04c17c,30,1790865753074
59d63a,22,1790780253074
c93dcc,24,1790780253074
7955dc,59,1790865753074
737411,17,1790780253074
fa8680,55,1790865753074
cc998b,28,1790781153074
ac6fa2,59,1790865753074
a4933e,58,1790865753074
0fdc1b,46,1790781153074
63a28c,43,1790865753074
8f9309,53,1790865753074
2731ad,33,1790865753074
a27b84,54,1790781153074
f7c3f7,51,1790780253074
f2db32,22,1790865753074
d04772,52,1790780253074
464b10,28,1790780253074
13fb60,30,1790780253074
fbd8f6,45,1790781153074
3d39a3,42,1790865753074
debb6b,59,1790865753074
a4227a,38,1790780253074
4978d9,56,1790781153074
5a84e3,58,1790781153074
0d8678,53,1790781153074
7338a8,27,1790780253074
e4a9e5,21,1790865753074
d6d09a,24,1790865753074
62f626,17,1790780253074
35b6b0,48,1790780253074
7b5c7c,19,1790780253074
7dce2c,45,1790780253074
4b392c,56,1790781153074
31af11,16,1790865753074
5b2693,42,1790781153074
1a9025,33,1790865753074
d2ccec,60,1790781153074
bcf63a,20,1790781153074
9ec4fd,32,1790780253074
937e01,34,1790781153074
7f2ea7,34,1790865753074
684e1d,44,1790781153074
6cdbce,44,1790865753074
0a7e5c,59,1790781153074
a72d91,36,1790780253074
82af60,19,1790865753074
90f509,52,1790780253074
2da253,49,1790780253074
0a7efd,25,1790780253074
00692a,43,1790865753074
1ab6d4,58,1790865753074
8f9d94,49,1790780253074
991fcf,29,1790780253074
3eaeb3,16,1790865753074
d3ebee,19,1790780253074
c1d105,16,1790865753074
853956,56,1790781153074
c20057,55,1790781153074
2a0b37,23,1790865753074
bca686,32,1790781153074
c67510,30,1790781153074
d3f6c9,38,1790781153074
8a0f26,51,1790781153074
cd7602,48,1790781153074
12e947,15,1790781153074
de030b,43,1790781153074
fd6019,42,1790781153074
1d4394,17,1790781153074
657ed5,35,1790780253074
6c71f9,50,1790865753074
7e6b29,52,1790781153074
83855f,32,1790865753074
951c41,54,1790781153074
bfed25,29,1790781153074
66ca30,19,1790781153074
579bf1,24,1790781153074
12d331,57,1790780253074
452177,29,1790781153074
9e9acc,49,1790780253074
4fb78c,24,1790865753074
094525,29,1790865753074
adbdb6,54,1790780253074
94fc91,44,1790781153074
00a9b9,23,1790781153074
140096,42,1790781153074
4ba4bd,45,1790780253074
7d2f87,59,1790780253074
bd63a5,21,1790780253074
d11ef7,29,1790865753074
81541e,16,1790865753074
c8030e,24,1790865753074
c8e6c9,60,1790781153074
111847,26,1790781153074
09e956,57,1790865753074
d44421,18,1790865753074
988e0d,55,1790781153074
b1a947,49,1790865753074
c10bc7,41,1790865753074
b1ccd4,47,1790781153074
1c62a0,24,1790865753074
53a1a6,60,1790781153074
c8afd2,40,1790780253074
76d980,22,1790865753074
51af60,54,1790865753074
ffcae4,25,1790865753074
63d139,40,1790780253074
887334,54,1790780253074
25fdc2,46,1790865753074
93ecdc,47,1790865753074
e6d4de,58,1790780253074
ff0453,59,1790865753074
4fce0a,34,1790780253074
23f9eb,51,1790865753074
04d0a1,58,1790865753074
cc0196,25,1790865753074
de5beb,47,1790781153074
a0ec79,32,1790865753074
b36e8e,15,1790781153074
74063e,29,1790865753074
5e54b1,21,1790781153074
d7d46d,24,1790865753074
8d6131,56,1790865753074
8acbfb,15,1790865753074
9daf4c,22,1790865753074
471804,16,1790780253074
e72e53,19,1790781153074
443a74,55,1790865753074
c29fa6,38,1790781153074
1642d1,36,1790780253074
873d17,23,1790865753074
016f93,26,1790780253074
8f496f,47,1790780253074
7bee4a,50,1790780253074
cedcf7,33,1790865753074
9e9492,53,1790865753074
68d097,58,1790865753074
39d979,53,1790865753074
7fa561,23,1790781153074
842f9f,57,1790781153074
64ae00,15,1790780253074
6aa0bc,25,1790781153074
8bccfc,52,1790780253074
469bfb,23,1790781153074
fc29a1,25,1790780253074
04e9d5,15,1790780253074
883a1d,45,1790780253074
192123,53,1790865753074
8a1567,37,1790780253074
141950,33,1790780253074
89788e,32,1790780253074
788c1f,20,1790865753074
d1f99f,50,1790865753074
e82369,21,1790781153074
ac1da7,36,1790780253074
fb9481,17,1790781153074
ed82db,53,1790780253074
8daa19,17,1790865753074
6ecd78,39,1790865753074
19884e,48,1790865753074
fcbce9,27,1790781153074
b17909,56,1790781153074
85bc39,60,1790781153074
d2b06d,48,1790865753074
2bf990,57,1790865753074
a74c57,53,1790780253074
fea651,20,1790781153074
1aade3,59,1790865753074
39f5be,36,1790865753074
fc4820,41,1790865753074
81bafc,39,1790865753074
1d2851,37,1790865753074
108d66,33,1790865753074
200bee,30,1790781153074
8f7aac,37,1790781153074
f3a500,26,1790865753074
4c669e,28,1790865753074
d924e6,20,1790780253074
ae262a,18,1790865753074
9f2856,37,1790781153074
d629e9,31,1790780253074
246ba9,52,1790865753074
74afd6,33,1790865753074
c25a78,36,1790865753074
cd5e29,19,1790781153074
50f978,27,1790780253074
6e4c44,40,1790780253074
16af98,53,1790781153074
1918d4,54,1790865753074
3afc61,38,1790865753074
9a4e2e,55,1790781153074
32ab97,17,1790780253074
6ac843,30,1790865753074
2109dd,21,1790780253074
281638,33,1790780253074
78afcf,35,1790865753074
7945dd,51,1790780253074
09162b,59,1790780253074
1c5b94,15,1790781153074
6f20c1,48,1790780253074
d5b9a3,29,1790780253074
1486bd,34,1790865753074
f782f4,58,1790780253074
330bef,56,1790781153074
8dc49b,43,1790780253074
5068f1,28,1790865753074
fe0bc0,32,1790780253074
d1165c,47,1790865753074
6495a6,43,1790865753074
9f1b21,42,1790865753074
dbc9c4,53,1790780253074
a0580e,39,1790865753074
bee7e7,46,1790780253074
3b82b7,58,1790780253074
9d69ef,21,1790781153074
e643b9,22,1790781153074
6a6ff2,41,1790781153074
e73877,32,1790780253074
c75aff,29,1790781153074
a81ab5,38,1790780253074
72bda0,30,1790865753074
e26084,39,1790781153074
afe851,27,1790865753074
0e9d6c,16,1790780253074
15c00b,52,1790865753074
9e1bf7,27,1790865753074
909114,50,1790780253074
e07857,57,1790781153074
9ed84d,18,1790780253074
693ab6,34,1790781153074
45705b,37,1790865753074
a1ccf0,57,1790865753074
0fafdb,39,1790781153074
20ae60,53,1790780253074
959428,52,1790865753074
4adc91,58,1790865753074
c2bf84,47,1790865753074
54ac71,18,1790781153074
06471c,25,1790781153074
e44d60,34,1790780253074
a4a13f,50,1790780253074
a9fd2a,41,1790780253074
2b403e,55,1790781153074
44f637,46,1790780253074
0325da,20,1790780253074
0f6956,15,1790865753074
3ede70,35,1790781153074
b20244,22,1790781153074
78347c,48,1790781153074
b315fe,25,1790865753074
9d50a5,23,1790780253074
3c860b,45,1790780253074
87b4b0,40,1790781153074
7c602e,31,1790865753074
252c84,36,1790865753074
56f301,52,1790865753074
c2e7b9,20,1790781153074
ab6831,52,1790865753074
bea4b0,53,1790781153074
e1dcd8,50,1790865753074
6d64d9,34,1790781153074
5274d9,38,1790780253074
db2b6b,43,1790781153074
83276e,40,1790780253074
453a60,23,1790865753074
bde5a2,31,1790780253074
d037c0,35,1790780253074
f65810,46,1790865753074
d2c555,44,1790781153074
695e93,40,1790781153074
c9dbb7,47,1790780253074
7639d5,46,1790781153074
d0ccd1,34,1790865753074
f9b5be,24,1790781153074
b80c09,35,1790780253074
67b9e3,30,1790865753074
2e0262,55,1790865753074
24aa53,22,1790780253074
9a8d60,27,1790865753074
e797ef,56,1790781153074
a00428,22,1790780253074
8bed2d,17,1790781153074
c59797,33,1790865753074
6b880e,47,1790780253074
a28796,56,1790865753074
09d5f2,17,1790865753074
08a9d3,29,1790780253074
e55e50,20,1790781153074
fd654b,58,1790865753074
b61639,32,1790781153074
3c9661,36,1790780253074
7ce027,26,1790781153074
f3115f,33,1790781153074
baeee9,34,1790780253074
f679fb,16,1790781153074
b4af25,47,1790865753074
dc2e46,27,1790865753074
d0fd68,15,1790780253074
64b769,20,1790865753074
8c055e,20,1790780253074
1ac6e3,25,1790781153074
21441b,54,1790865753074
94265a,44,1790781153074
96b14b,40,1790780253074
5ec1ae,40,1790781153074
237565,48,1790781153074
2eac69,44,1790781153074
b8d6d4,33,1790780253074
6afdc5,15,1790780253074
a6749a,20,1790781153074
8f4127,18,1790780253074
8a9185,38,1790865753074
517e4d,29,1790781153074
93c48f,27,1790865753074
f41a07,46,1790865753074
ba6821,36,1790865753074
a4fa6f,34,1790781153074
86721e,39,1790780253074
c535d4,42,1790865753074
69a2c1,30,1790865753074
7298df,36,1790865753074
8203a5,23,1790781153074
98fb1b,33,1790780253074
cf888c,31,1790865753074
d60b36,60,1790865753074
3c4f24,59,1790780253074
63ec20,59,1790865753074
d28770,58,1790780253074
ecbd04,35,1790780253074
35e046,53,1790865753074
79cd3c,26,1790781153074
bb92d9,20,1790781153074
bb3444,17,1790780253074
5e75a6,37,1790780253074
5955d6,48,1790781153074
0d0853,23,1790865753074
e20c93,16,1790780253074
036550,41,1790781153074
928303,49,1790780253074
2d39b1,26,1790865753074
e101f9,29,1790865753074
d2540d,33,1790865753074
a66cba,58,1790781153074
cd543c,24,1790865753074
31ddfb,25,1790780253074
20a8cd,29,1790865753074
2a48a3,45,1790781153074
3eb6c4,54,1790865753074
bc9277,52,1790865753074
b9f879,50,1790781153074
7dee5d,41,1790781153074
fd47b0,15,1790781153074
b16c60,29,1790865753074
1a9228,54,1790865753074
5a34e7,34,1790781153074
ab0215,35,1790865753074
f4b5d4,15,1790781153074
155d9d,55,1790865753074
ca85eb,16,1790781153074
27d2dc,60,1790781153074
45806b,38,1790780253074
d0454a,40,1790780253074
54f6d2,34,1790781153074
659914,15,1790865753074
d6ef57,40,1790780253074
9c7055,38,1790865753074
69d37d,15,1790780253074
d080ca,49,1790781153074
7bb577,57,1790865753074
212922,51,1790781153074
40269d,18,1790781153074
57f3ed,29,1790781153074
a4c120,57,1790865753074
7d77af,22,1790781153074
bdd25f,54,1790781153074
4a8c46,58,1790865753074
247518,52,1790865753074
22835c,25,1790780253074
77bd54,54,1790865753074
a75371,58,1790865753074
93aac3,38,1790865753074
6822c4,15,1790780253074
d9f687,36,1790781153074
e4c6df,45,1790780253074
71d83a,48,1790865753074
473843,35,1790865753074
154fba,40,1790781153074
747cd2,44,1790780253074
ac39cc,23,1790865753074
b096c8,34,1790865753074
a391dc,43,1790781153074
fe4926,56,1790865753074
ed5f87,31,1790865753074
73a2db,42,1790865753074
df9712,48,1790780253074
fc5ab0,24,1790781153074
9e0c0e,39,1790780253074
1a949e,39,1790865753074
018a58,55,1790781153074
9572b6,46,1790780253074
9cb8ff,58,1790781153074
43636a,52,1790780253074
d533c4,58,1790781153074
b685cf,27,1790865753074
34be3c,26,1790865753074
0cd555,36,1790781153074
ba4463,49,1790781153074
fe9cdf,45,1790865753074
db89de,24,1790780253074
7598db,48,1790865753074
32ca51,48,1790780253074
e78d5e,18,1790781153074
4504d9,51,1790781153074
a15630,37,1790780253074
51a72a,58,1790781153074
5911ac,32,1790865753074
a72b32,51,1790781153074
129f0a,30,1790780253074
4b6b6d,36,1790865753074
cfb559,24,1790780253074
63e8cd,56,1790865753074
badb74,41,1790865753074
99b219,33,1790781153074
9315df,56,1790781153074
216acc,41,1790780253074
38f89c,25,1790865753074
e16585,26,1790780253074
206e7f,60,1790865753074
34cebb,36,1790780253074
0f1279,55,1790780253074
87b89a,60,1790780253074
f71e9b,16,1790781153074
45f4a7,30,1790781153074
a2b0f5,55,1790781153074
e01088,60,1790780253074
7fe1d5,57,1790781153074
ceaf6f,33,1790780253074
2464e7,15,1790865753074
25d4ac,43,1790865753074
dba27b,44,1790865753074
ec506f,32,1790781153074
0636bf,24,1790781153074
10f794,22,1790865753074
3e0620,52,1790781153074
f04425,50,1790781153074
105a15,47,1790781153074
38cfd4,16,1790865753074
989b2c,56,1790781153074
090132,44,1790865753074
ac795b,39,1790780253074
d78157,22,1790781153074
587245,54,1790865753074
fca1bb,50,1790780253074
9693f6,20,1790865753074
f0514f,33,1790865753074
931de5,42,1790780253074
52190c,20,1790780253074
17e663,31,1790781153074
30813b,55,1790780253074
293a24,56,1790781153074
e7c164,54,1790781153074
8e1661,48,1790781153074
a6299f,22,1790780253074
ce5b2b,30,1790781153074
2d3153,55,1790780253074
4a0ef2,47,1790780253074
1113d1,51,1790781153074
399664,39,1790865753074
d35195,32,1790781153074
01f787,38,1790865753074
ce689a,30,1790865753074
9ba1aa,42,1790781153074
f1af6f,23,1790865753074
845b93,48,1790865753074
d533f6,28,1790865753074
ae3358,46,1790781153074
811078,60,1790780253074
979c2b,22,1790781153074
c108e4,20,1790781153074
141492,28,1790781153074
05c62f,19,1790780253074
174bfb,43,1790780253074
c942c8,46,1790781153074
3634a6,34,1790781153074
59f279,52,1790781153074
30366f,19,1790780253074
335ad5,38,1790781153074
f62856,48,1790781153074
411fac,16,1790865753074
5c0cf3,27,1790780253074
a5aaa5,40,1790781153074
c8dcf3,21,1790865753074
488a57,28,1790780253074
e24256,26,1790781153074
ce1c1d,51,1790781153074
ce6b3e,30,1790781153074
106a66,33,1790865753074
4bce2f,27,1790865753074
34feb6,18,1790865753074
5c60b5,20,1790781153074
14edb7,24,1790780253074
34d9ac,52,1790780253074
59765b,28,1790780253074
ea1226,35,1790865753074
731596,31,1790865753074
c4f8b6,30,1790865753074
cf7050,42,1790865753074
a29bd2,37,1790780253074
a2b8ba,51,1790865753074
025c78,26,1790781153074
8b1612,33,1790781153074
f4f266,38,1790865753074
1bc6ef,57,1790781153074
af067c,50,1790781153074
a39c24,57,1790865753074
141d20,37,1790780253074
01dad4,57,1790865753074
655700,27,1790865753074
f7689c,42,1790781153074
b9a2e3,29,1790780253074
ea54d4,50,1790865753074
e20c3d,22,1790780253074
403c35,16,1790781153074
ce49f5,20,1790781153074
43a85c,42,1790865753074
6a118d,51,1790781153074
e59fa5,39,1790781153074
1c4ade,53,1790781153074
47834e,59,1790865753074
0167cc,55,1790780253074
5b3549,52,1790780253074
a7414e,56,1790780253074
ca4586,46,1790781153074
b349a3,36,1790781153074
fa9c11,57,1790780253074
23f509,53,1790781153074
bbc103,51,1790781153074
0af772,20,1790781153074
4b7634,43,1790865753074
50adb9,51,1790780253074
1393d9,46,1790780253074
a0d41a,26,1790780253074
38477a,31,1790781153074
a0fd28,37,1790780253074
849f0c,36,1790780253074
b04a9e,58,1790780253074
1a4107,57,1790865753074
0a92a2,57,1790865753074
5e6c3b,36,1790780253074
09c40f,19,1790780253074
5c691f,59,1790780253074
c1264b,40,1790780253074
c882b3,38,1790781153074
32e0d6,24,1790865753074
4a7ac2,58,1790781153074
ddb991,38,1790780253074
8b439d,16,1790780253074
63db6d,51,1790865753074
221630,45,1790780253074
3b788f,41,1790865753074
cebc2f,40,1790780253074
d644e4,39,1790865753074
6f9694,35,1790865753074
7dbab7,57,1790865753074
9892bb,57,1790780253074
a0db5d,30,1790865753074
b26a29,59,1790781153074
59a11a,24,1790865753074
d9c0e0,15,1790780253074
bfcc25,32,1790781153074
d9c96a,24,1790781153074
bb6d50,58,1790780253074
e2eb4e,30,1790781153074
a800a3,27,1790781153074
ff31b4,55,1790781153074
1c6710,48,1790780253074
0d325a,17,1790781153074
b19e90,35,1790781153074
e0cb4b,53,1790780253074
e14eb9,60,1790781153074
bfc46a,23,1790865753074
0d44d6,44,1790781153074
72bfd9,43,1790865753074
77c519,34,1790780253074
10bcc6,60,1790865753074
f92b63,15,1790780253074
790856,15,1790865753074
366b7b,35,1790780253074
e07147,50,1790781153074
e2d19a,23,1790865753074
d3010b,45,1790865753074
dd84f0,15,1790865753074
572dd2,55,1790865753074
f503a3,21,1790865753074
fb957e,26,1790865753074
821713,27,1790780253074
408377,28,1790780253074
7e1d9e,38,1790780253074
b66cf6,57,1790865753074
c94eb5,27,1790780253074
aeace0,25,1790781153074
4bc15e,18,1790865753074
5ae943,59,1790865753074
681a09,38,1790781153074
bb1eba,57,1790780253074
c6b7ef,38,1790780253074
71ff55,59,1790781153074
39e7b9,19,1790865753074
6d7693,46,1790780253074
4530a9,19,1790780253074
9d4749,30,1790780253074
f61b21,25,1790780253074
f2b83c,18,1790780253074
434bd7,48,1790780253074
d153b3,58,1790865753074
e8b3f2,35,1790865753074
16942e,45,1790781153074
3cdae3,26,1790780253074
a18300,50,1790780253074
2d3528,47,1790781153074
011a13,45,1790781153074
d459ea,44,1790780253074
9ccb7d,43,1790780253074
e72c9e,53,1790865753074
ce215d,59,1790780253074
33b410,44,1790780253074
449c95,15,1790780253074
f9d263,16,1790781153074
564bed,38,1790781153074
fe085f,42,1790780253074
d33dca,52,1790865753074
96fcc2,41,1790781153074
4255a2,15,1790865753074
2e8efa,53,1790780253074
1199b4,50,1790781153074
840351,24,1790780253074
c91de9,47,1790865753074
d30ff2,28,1790865753074
0cbbf6,55,1790781153074
3746d5,53,1790865753074
8be551,46,1790865753074
387675,49,1790780253074
73f2d9,42,1790781153074
f0f5cd,21,1790865753074
9e5740,29,1790865753074
1dde66,30,1790781153074
85de2f,48,1790781153074
e435cc,30,1790780253074
74562b,57,1790780253074
f76c1a,48,1790780253074
b009a2,19,1790781153074
1ce0a5,58,1790781153074
21dd39,26,1790780253074
92e52c,60,1790781153074
bd5eb1,26,1790781153074
775658,45,1790865753074
c43e18,31,1790780253074
c8c3c4,47,1790865753074
255e06,43,1790780253074
682005,30,1790780253074
874823,53,1790781153074
088f80,51,1790781153074
612f62,55,1790865753074
ae96e2,25,1790781153074
ab1039,59,1790781153074
7ee525,33,1790865753074
e97253,16,1790781153074
5add4c,22,1790781153074
18f0ff,45,1790780253074
6e1e95,56,1790781153074
08332b,59,1790865753074
b7ec26,21,1790780253074
21a8b2,35,1790781153074
32cec5,60,1790865753074
539f5b,44,1790781153074
cb0eec,28,1790865753074
dd6b64,46,1790865753074
490af2,60,1790780253074
701518,27,1790780253074
825e7c,44,1790781153074
444f7b,27,1790780253074
e1f477,51,1790780253074
0b0474,57,1790780253074
81090b,20,1790865753074
2a1372,53,1790781153074
323475,51,1790780253074
b3b30f,49,1790865753074
9a2d27,42,1790781153074
eb08a4,25,1790781153074
f9886a,59,1790781153074
5305a5,22,1790781153074
d7cfdf,16,1790780253074
d64d6d,30,1790865753074
14592e,51,1790865753074
4bf040,25,1790865753074
d881c6,20,1790781153074
2d1d42,53,1790865753074
0b1c76,17,1790865753074
3cb3aa,29,1790781153074
349ea9,15,1790780253074
f8e50b,43,1790780253074
e4208f,18,1790865753074
9d287f,32,1790781153074
abe6b2,42,1790865753074
4480fd,32,1790780253074
18b12e,48,1790781153074
ecaf21,53,1790781153074
f00a3a,36,1790780253074
1c1829,32,1790865753074
ccaa0c,47,1790781153074
2a1fcc,24,1790780253074
92da10,49,1790781153074
38f982,42,1790780253074
c444d5,51,1790781153074
5d13b8,16,1790780253074
07874b,60,1790781153074
0f3063,34,1790781153074
0f313c,40,1790865753074
12ffe8,41,1790781153074
c1ce5a,30,1790781153074
ce79c6,39,1790865753074
394c49,42,1790781153074
66f364,20,1790865753074
c9f370,19,1790781153074
bad2b8,41,1790865753074
cd770a,48,1790780253074
7369d1,36,1790780253074
a6c968,19,1790865753074
e8c91a,23,1790780253074
5947ee,39,1790781153074
b87538,24,1790780253074
267d12,59,1790865753074
42778c,42,1790780253074
6c616c,17,1790865753074
8f0e08,44,1790865753074
861d42,43,1790865753074
043a12,54,1790781153074
ba893f,15,1790780253074
168261,50,1790780253074
994204,58,1790865753074
5fbbb1,27,1790865753074
b656e1,60,1790780253074
613790,45,1790780253074
ddf392,31,1790865753074
1ccdd2,16,1790865753074
f620a9,33,1790865753074
0d787b,54,1790865753074
f3457d,30,1790780253074
84fb80,39,1790865753074
95ad52,50,1790781153074
2d8b4e,48,1790865753074
3dac47,27,1790781153074
5b0013,33,1790781153074
ad7bd1,49,1790781153074
d4423f,38,1790780253074
41f1e2,23,1790780253074
65079e,16,1790780253074
502212,41,1790781153074
557a29,33,1790780253074
6c0b49,54,1790865753074
536b98,49,1790865753074
a812a7,54,1790781153074
618b5d,15,1790781153074
3d172b,45,1790780253074
8bbbc8,30,1790865753074
9c3bd6,33,1790865753074
83adab,44,1790865753074
e4d631,33,1790781153074
11ffe0,54,1790865753074
fb7458,43,1790865753074
109eea,45,1790780253074
4af3c2,28,1790780253074
486db0,41,1790780253074
9e993f,23,1790780253074
2a1009,17,1790865753074
882f9a,19,1790865753074
560086,16,1790781153074
ff62e2,22,1790781153074
6c514b,15,1790865753074
0758ad,32,1790781153074
e400ce,40,1790865753074
8e483d,25,1790780253074
8c603f,59,1790865753074
8cbc57,45,1790780253074
feb61a,17,1790865753074
bf488b,30,1790781153074
77f5a7,36,1790781153074
3dfea9,56,1790780253074
799eaf,54,1790780253074
b6171a,20,1790781153074
3e4edf,41,1790865753074
a6a786,45,1790780253074
03a83b,50,1790781153074
a4cf02,47,1790781153074
0f440d,59,1790781153074
7edf7a,47,1790865753074
1f4244,38,1790780253074
e37bd4,15,1790780253074
ca8797,53,1790865753074
b585ce,38,1790780253074
bc1c9e,58,1790865753074
37cb84,41,1790781153074
a90775,43,1790865753074
d2c83d,49,1790781153074
aa93d3,27,1790780253074
14344d,36,1790781153074
599b0a,31,1790865753074
207a53,58,1790865753074
5dca4a,16,1790781153074
59fa1b,52,1790865753074
26729f,60,1790865753074
e7ba41,28,1790780253074
ef13c8,39,1790780253074
b93ba0,56,1790781153074
c6e971,49,1790781153074
544d08,44,1790865753074
5c0f1f,60,1790780253074
4b3b27,30,1790865753074
c930af,39,1790780253074
c513b3,37,1790781153074
f0a572,48,1790781153074
77c560,15,1790781153074
d3c140,35,1790780253074
710889,26,1790865753074
660dda,16,1790865753074
cf0dc1,44,1790865753074
aa1738,49,1790865753074
24bd91,37,1790780253074
708ec6,31,1790865753074
872cd7,22,1790781153074
7ced08,43,1790781153074
300d78,34,1790780253074
a0f4eb,41,1790780253074
e5f811,18,1790780253074
537826,23,1790780253074
5c8d54,47,1790781153074
4c4a8b,48,1790781153074
eab10b,41,1790865753074
0f4829,55,1790865753074
9b96e4,36,1790780253074
902be8,22,1790780253074
dce0db,44,1790781153074
1552af,48,1790865753074
b0331d,16,1790781153074
87d929,55,1790781153074
ec8345,19,1790780253074
d8978a,56,1790780253074
8701fa,59,1790781153074
edb799,57,1790865753074
617495,25,1790781153074
e7a813,47,1790865753074
436302,17,1790780253074
94cb3e,19,1790865753074
511031,56,1790780253074
4fde00,28,1790865753074
5b8903,24,1790780253074
77b6eb,44,1790780253074
f7613e,22,1790865753074
e31782,22,1790781153074
20f73d,55,1790780253074
90a76c,20,1790780253074
1f56f6,50,1790780253074
83e717,50,1790865753074
56ca8f,47,1790865753074
6f6ce0,46,1790780253074
f6921d,30,1790865753074
19b713,19,1790780253074
59417c,15,1790781153074
168e9a,31,1790780253074
e2b4fb,43,1790780253074
709f55,49,1790780253074
4ff908,17,1790865753074
08174d,28,1790781153074
61b2cc,26,1790865753074
0bdcc7,55,1790780253074
a07541,34,1790865753074
78dc46,40,1790781153074
ec8537,29,1790780253074
872482,48,1790865753074
e42b9a,25,1790780253074
1adb27,23,1790781153074
d96bd6,48,1790865753074
3cde88,51,1790781153074
ee6db8,31,1790780253074
eb6fc1,19,1790781153074
cd6b35,30,1790865753074
bd7db4,17,1790780253074
6bed66,57,1790780253074
bab254,54,1790780253074
a5dbac,38,1790865753074
c62cc8,59,1790865753074
28a3df,58,1790781153074
24a09a,43,1790781153074
e5f866,36,1790865753074
0d118e,33,1790865753074
75c766,21,1790865753074
73b44b,21,1790781153074
d143d7,60,1790865753074
d00bcb,21,1790865753074
45e13d,36,1790865753074
9b6025,33,1790780253074
e747aa,42,1790865753074
6f1f5a,44,1790781153074
a48688,47,1790865753074
911671,58,1790781153074
487ddc,15,1790865753074
bcd46b,59,1790780253074
96530c,52,1790781153074
67ebd7,31,1790781153074
9ebdf2,18,1790865753074
953198,60,1790780253074
a4f16f,44,1790865753074
4106fe,15,1790780253074
983b67,53,1790865753074
7b71e6,30,1790780253074
e0ffa6,35,1790865753074
c6ccc1,45,1790780253074
a043ae,34,1790865753074
eb687b,28,1790865753074
95c271,24,1790865753074
72b6e7,30,1790865753074
2688f3,45,1790865753074
8857cb,49,1790781153074
a63f5f,50,1790781153074
51c346,15,1790780253074
3e8fbd,53,1790780253074
bc1eea,23,1790780253074
ff8d3a,22,1790865753074
45586a,28,1790781153074
2bffbb,56,1790865753074
b1c9f6,23,1790865753074
505200,49,1790865753074
9546de,60,1790781153074
62e310,30,1790781153074
07cc83,35,1790781153074
89e5c6,29,1790780253074
fd1f6a,21,1790865753074
e0dccf,60,1790780253074
0e2eeb,20,1790781153074
efe935,33,1790781153074
fcf025,33,1790865753074
7559d3,31,1790865753074
891811,29,1790780253074
111730,17,1790780253074
d64efa,60,1790780253074
84f17d,51,1790865753074
8e5f9d,42,1790781153074
be2401,45,1790865753074
13a572,23,1790780253074
747f1e,30,1790781153074
f95393,57,1790780253074
e6bde8,60,1790780253074
27eecc,30,1790781153074
666210,19,1790865753074
2a9f7a,48,1790781153074
3d3cd2,59,1790865753074
905da6,33,1790781153074
5b6c01,37,1790865753074
4a38c5,34,1790865753074
3f7608,57,1790781153074
0a6a64,35,1790865753074
6aae2b,20,1790780253074
09b4cb,40,1790865753074
e35ece,19,1790865753074
b31e90,60,1790865753074
f2c750,24,1790865753074
3107bd,46,1790781153074
0040bf,51,1790865753074
a02538,33,1790865753074
ceca62,57,1790865753074
2dda11,37,1790780253074
6de0d2,55,1790780253074
8fd149,51,1790780253074
5c3de6,36,1790781153074
8eec09,16,1790865753074
d03a85,50,1790781153074
6746b5,58,1790865753074
ecd22c,54,1790865753074
0bc885,23,1790865753074
e9db31,55,1790780253074
6b2ad7,44,1790781153074
3ec900,60,1790780253074
f3d033,41,1790865753074
2d9757,32,1790780253074
9b228e,60,1790781153074
2c4847,20,1790781153074
ec802b,47,1790781153074
87750b,58,1790780253074
c2767f,50,1790781153074
1bcf39,44,1790865753074
0a4ac7,53,1790865753074
7f69a6,15,1790780253074
facf22,53,1790865753074
c21bf8,35,1790780253074
5e4fbe,45,1790781153074
eae531,34,1790781153074
c15e95,58,1790865753074
3a25b6,40,1790781153074
b28d9e,21,1790865753074
62a229,15,1790780253074
df5ffc,15,1790865753074
93fc32,52,1790781153074
7c45c4,15,1790865753074
f99bf4,44,1790780253074
c6dc11,27,1790865753074
569448,51,1790781153074
3bb04a,60,1790780253074
e979d7,57,1790865753074
b378f5,24,1790865753074
4ac561,31,1790781153074
ed6408,31,1790780253074
0af260,50,1790781153074
e62fd6,31,1790865753074
e2528b,59,1790780253074
ac6247,39,1790865753074
7d8f32,30,1790865753074
becb0c,28,1790865753074
8bfd20,57,1790781153074
b280e7,36,1790865753074
33bac6,42,1790865753074
1a0ca2,41,1790781153074
bd786a,18,1790781153074
23ae3e,36,1790865753074
d3a0cf,41,1790865753074
89be29,53,1790865753074
edde28,39,1790780253074
9df071,52,1790780253074
fd153b,41,1790780253074
69a8fb,51,1790780253074
1fd700,37,1790780253074
f1c86a,57,1790865753074
b666ea,60,1790781153074
4492e0,42,1790781153074
3e4cf5,22,1790865753074
b4994a,33,1790865753074
205ae0,26,1790865753074
6f3d57,25,1790781153074
13c94a,43,1790865753074
c97dda,26,1790865753074
197368,30,1790781153074
b22ff3,34,1790780253074
86f724,38,1790780253074
08159c,43,1790781153074
7ea7df,21,1790780253074
696116,28,1790781153074
5fba7b,59,1790780253074
e5cd42,60,1790780253074
1f6fac,39,1790781153074
3f71c0,28,1790780253074
ef13f5,51,1790865753074
bfd2db,47,1790780253074
59c07f,45,1790865753074
94d28e,31,1790865753074
65dbfa,28,1790780253074
62eda0,48,1790780253074
4c344a,54,1790781153074
daaf7f,21,1790780253074
0950df,23,1790781153074
4d99e7,25,1790780253074
8ebe9d,44,1790865753074
4afd80,57,1790865753074
9b93fe,43,1790781153074
8c268b,24,1790780253074
53cee7,40,1790865753074
99b9c9,21,1790865753074
9c67a2,28,1790865753074
5333a5,60,1790780253074
8d251b,54,1790865753074
cbf204,42,1790780253074
2c6008,25,1790781153074
9fcb26,57,1790865753074
84cf4d,54,1790781153074
a696b8,55,1790781153074
b582f3,17,1790780253074
08133a,35,1790780253074
400da5,54,1790781153074
64dfb4,35,1790865753074
717ccd,20,1790780253074
b35805,47,1790780253074
c4c0b9,48,1790865753074
65547d,27,1790780253074
52d500,41,1790780253074
64a142,51,1790781153074
20f3cd,33,1790865753074
36a45c,41,1790780253074
77f975,39,1790865753074
18601e,53,1790865753074
8ef49f,43,1790780253074
7ea326,60,1790865753074
cc52c7,53,1790780253074
a636f3,25,1790781153074
94fe81,27,1790780253074
da6de3,23,1790865753074
c610ea,51,1790781153074
d6e17e,43,1790781153074
a9e310,15,1790865753074
a70364,45,1790781153074
8ebd51,53,1790780253074
419f3a,50,1790781153074
e59fba,16,1790865753074
ae569e,43,1790780253074
97d311,42,1790780253074
8eaaca,56,1790780253074
8b7e6b,48,1790865753074
f13148,21,1790780253074
baa8bf,53,1790780253074
2db5a4,37,1790780253074
b88bb4,48,1790780253074
126bfa,16,1790780253074
0f584f,50,1790781153074
cd7b7a,15,1790780253074
d06ef8,41,1790780253074
686fd9,33,1790780253074
9f4d8d,28,1790781153074
c8855a,43,1790780253074
2a01be,33,1790780253074
e35b94,58,1790781153074
7c4246,17,1790865753074
725525,59,1790865753074
73e958,46,1790780253074
288214,47,1790780253074
f9f4ac,31,1790781153074
0abd4e,42,1790781153074
51c6eb,39,1790865753074
4c369f,22,1790780253074
c0a00b,19,1790781153074
45d6fd,60,1790780253074
87b019,36,1790865753074
56783d,20,1790865753074
67c9cb,21,1790780253074
8ee409,20,1790865753074
5bf56c,20,1790865753074
5882b2,40,1790781153074
ed44d4,48,1790865753074
a8828c,50,1790781153074
c4e21d,56,1790780253074
96819f,56,1790781153074
d39fb4,30,1790781153074
6a19f4,46,1790780253074
c4fac8,21,1790865753074
efdb90,20,1790780253074
3be5bf,26,1790781153074
a5cc27,22,1790780253074
c436d0,23,1790780253074
9963be,42,1790865753074
0ad5ec,54,1790865753074
566624,35,1790781153074
aa60c6,28,1790781153074
14f43c,60,1790865753074
dc4a66,23,1790781153074
af69d1,41,1790865753074
958ccb,53,1790781153074
6983b3,53,1790780253074
c51f0a,40,1790780253074
17a3ad,37,1790865753074
af92df,18,1790781153074
5dc9c5,60,1790781153074
5d691a,45,1790865753074
e51739,56,1790781153074
058388,43,1790780253074
7eba83,22,1790780253074
02bc1f,49,1790865753074
cc4693,56,1790781153074
175b9e,31,1790780253074
3eaf4e,34,1790865753074
ade27a,42,1790780253074
1be2f3,45,1790865753074
6f579b,48,1790865753074
d7b155,34,1790865753074
9759c6,20,1790780253074
ff7c8a,27,1790780253074
68bd20,40,1790781153074
5deb1e,29,1790781153074
4d39a6,27,1790781153074
b02fe9,58,1790865753074
3c5b74,33,1790780253074
cf1070,23,1790781153074
faa785,17,1790780253074
5d2e16,59,1790865753074
cc47da,36,1790780253074
61036c,51,1790780253074
95a17d,52,1790781153074
989b57,51,1790781153074
7dcc1c,15,1790781153074
cc69f4,17,1790781153074
f93054,19,1790865753074
4b778b,41,1790781153074
5047a0,32,1790780253074
db80e4,51,1790781153074
99cbe1,42,1790781153074
2b584b,26,1790865753074
af8279,34,1790865753074
a57d90,28,1790780253074
7f8723,34,1790781153074
74b891,34,1790781153074
a8eb7b,18,1790865753074
89eccd,40,1790780253074
a77c48,45,1790781153074
901423,42,1790781153074
4c107d,45,1790865753074
3e93b0,38,1790780253074
91eb9e,58,1790780253074
995705,46,1790780253074
84b590,15,1790780253074
1a508d,53,1790865753074
f95cc2,57,1790865753074
86a93f,32,1790865753074
7d9759,33,1790781153074
0b123f,36,1790781153074
59cb0f,34,1790781153074
e41e7e,22,1790865753074
f6d270,41,1790781153074
e65bb3,36,1790781153074
382c02,24,1790865753074
9dc1e3,47,1790780253074
c51f1d,38,1790781153074
5f309d,55,1790781153074
f88995,33,1790781153074
32c496,36,1790865753074
fb3968,39,1790780253074
a77831,26,1790865753074
2fa900,35,1790865753074
336329,58,1790780253074
010e12,59,1790865753074
a6a4bb,51,1790865753074
aefc84,40,1790865753074
84ea09,31,1790865753074
31a9c1,52,1790865753074
1fa3ea,25,1790781153074
882b8e,56,1790781153074
55f1e4,54,1790865753074
45614e,32,1790781153074
9cba34,23,1790865753074
cb0446,23,1790780253074
2451d9,34,1790781153074
7f9ee0,50,1790780253074
b16ba0,22,1790865753074
6ae179,30,1790780253074
36fffb,42,1790865753074
6072a6,39,1790865753074
714beb,50,1790865753074
1f4862,42,1790781153074
0311ee,24,1790780253074
883734,42,1790865753074
d518db,60,1790865753074
26eb4c,59,1790781153074
7ac880,60,1790865753074
fec446,43,1790780253074
2b6fbb,22,1790781153074
553366,41,1790865753074
c06843,43,1790780253074
3a3f51,43,1790781153074
92c760,60,1790780253074
442cb1,41,1790780253074
84cb00,16,1790780253074
8a0b31,58,1790865753074
c8c7a7,45,1790865753074
40f21d,23,1790865753074
4b5af6,43,1790781153074
2dcc84,29,1790780253074
605094,22,1790865753074
d601d4,45,1790865753074
dcdda1,23,1790865753074
2f85fc,38,1790781153074
5dacdd,57,1790865753074
e52a81,52,1790865753074
c79cc8,56,1790865753074
4690fd,33,1790781153074
5e958a,20,1790865753074
f0e005,15,1790781153074
ff9bd6,23,1790865753074
22f3f0,27,1790865753074
2f380c,45,1790781153074
93f049,45,1790781153074
96f5cb,16,1790865753074
17432d,34,1790781153074
e35b93,48,1790865753074
2a3fca,29,1790780253074
0af279,19,1790865753074
299762,26,1790780253074
01e63e,36,1790781153074
017418,38,1790780253074
58cf23,56,1790865753074
41fb79,19,1790780253074
4ffe22,29,1790780253074
960e09,50,1790781153074
21675b,58,1790865753074
d35957,56,1790781153074
ab5541,60,1790865753074
3599d7,15,1790865753074
bc8ea5,58,1790781153074
890f72,47,1790780253074
41a89b,28,1790780253074
0cbf17,15,1790865753074
450216,29,1790865753074
45d515,42,1790780253074
56165e,48,1790781153074
be55ef,50,1790781153074
b61ff1,16,1790781153074
660cbe,21,1790781153074
c4a8fa,57,1790780253074
f343de,47,1790865753074
f127d6,56,1790780253074
52ef0a,45,1790865753074
b2af59,58,1790780253074
7c30bd,57,1790781153074
bf4d57,29,1790781153074
91ad30,31,1790781153074
7daebc,45,1790780253074
114d19,46,1790781153074
5c9cf8,25,1790865753074
832f6a,37,1790780253074
1c8c8f,58,1790780253074
f9930b,46,1790865753074
d1d228,26,1790781153074
ab7eb9,22,1790865753074
3d4249,49,1790865753074
12fbd5,56,1790865753074
dc453b,52,1790865753074
6a1cc8,37,1790780253074
9c44c8,55,1790865753074
ab51d9,18,1790780253074
f3a0bf,29,1790865753074
6b39f1,46,1790865753074
37d822,15,1790780253074
6d2a7c,59,1790781153074
5bc957,37,1790865753074
bdf3c4,22,1790780253074
c2d6fd,28,1790865753074
398ef6,58,1790780253074
0f20dd,29,1790781153074
9ec76a,15,1790780253074
103460,33,1790780253074
748c38,29,1790865753074
dc631b,22,1790865753074
3d7daa,48,1790780253074
d1cb04,26,1790780253074
d56ae2,33,1790781153074
ebbb3b,26,1790781153074
47506c,20,1790780253074
31e402,43,1790781153074
a8454a,24,1790865753074
702aaf,52,1790780253074
a3077b,42,1790865753074
5a4148,35,1790780253074
e90b57,52,1790865753074
8b1708,32,1790865753074
916d60,41,1790781153074
662092,49,1790780253074
65f3a6,18,1790865753074
d7b36a,45,1790781153074
ce9563,47,1790865753074
4a3480,28,1790781153074
89aa11,26,1790780253074
5a3377,42,1790781153074
2169d7,15,1790780253074
05f673,39,1790780253074
43429a,50,1790865753074
f274ac,32,1790780253074
776317,55,1790781153074
b82b21,23,1790781153074
b95312,20,1790865753074
dc0f9f,25,1790780253074
445a30,37,1790781153074
4d3d18,40,1790781153074
14548f,39,1790781153074
551f28,54,1790781153074
a3ab10,18,1790865753074
c2e5d2,39,1790781153074
a2b1cf,32,1790781153074
b97a0e,44,1790780253074
ba3702,56,1790865753074
6b2ee7,47,1790865753074
06d6b1,28,1790781153074
021e43,35,1790781153074
0ed328,59,1790780253074
30dd3d,54,1790781153074
b22f07,41,1790780253074
8f523d,40,1790865753074
ddee10,28,1790780253074
cf17be,57,1790865753074
42d0f0,53,1790865753074
d13d0d,21,1790781153074
dd7669,43,1790781153074
746959,27,1790780253074
0c31b0,31,1790865753074
12a9ba,26,1790865753074
815ed0,54,1790865753074
7c4679,25,1790865753074
942568,36,1790865753074
1bfce1,54,1790865753074
b919bb,27,1790781153074
9ae948,52,1790865753074
118407,28,1790865753074
d1083b,40,1790780253074
17db97,60,1790865753074
c18fee,46,1790781153074
134628,56,1790865753074
2648c9,40,1790865753074
a59607,32,1790781153074
e8e6d5,42,1790781153074
e6f31a,49,1790781153074
36004a,26,1790780253074
500313,20,1790780253074
d07ae3,45,1790781153074
82c24f,25,1790865753074
fbc1b5,15,1790781153074
7315de,30,1790865753074
e90027,16,1790781153074
d8a843,60,1790781153074
aca7cf,26,1790780253074
9dc31a,31,1790780253074
945870,19,1790780253074
e7bd49,26,1790781153074
94969b,56,1790865753074
a1bfa6,45,1790781153074
5ede69,17,1790865753074
981097,22,1790865753074
4f1a8f,41,1790781153074
37c1eb,54,1790781153074
e5275e,17,1790865753074
1da5df,43,1790780253074
ea2a79,35,1790865753074
5e9cda,42,1790781153074
6d6ea9,52,1790781153074
4d6be0,22,1790780253074
0c113c,30,1790780253074
a8b80a,36,1790865753074
5618cd,31,1790780253074
652da5,22,1790781153074
3599d5,49,1790865753074
0f04c2,54,1790780253074
8383b6,51,1790780253074
05824f,41,1790781153074
3d6e81,45,1790781153074
4a8815,23,1790781153074
29361e,18,1790781153074
142f42,57,1790865753074
be3e90,27,1790781153074
746eb3,44,1790780253074
b44e19,26,1790781153074
a8bc30,31,1790865753074
a963f6,38,1790781153074
a2c8af,26,1790780253074
a31ace,20,1790780253074
6fcb2d,27,1790781153074
2c7d85,27,1790780253074
0f2f79,16,1790781153074
be29bc,44,1790781153074
bf457d,59,1790865753074
55cc5a,58,1790780253074
5a6771,30,1790781153074
2d5364,19,1790865753074
ddf36c,28,1790865753074
8f3124,23,1790781153074
2dea6c,53,1790781153074
a62b99,48,1790781153074
35b499,25,1790865753074
33bdfb,24,1790781153074
5b97d8,54,1790865753074
bec5aa,58,1790780253074
490760,45,1790780253074
b94d0c,22,1790781153074
c7061e,32,1790865753074
5f38ee,34,1790781153074
0f3cb8,55,1790780253074
1a6930,31,1790781153074
d2d7c4,24,1790865753074
ac38e4,59,1790865753074
7f7a5c,46,1790781153074
312b05,46,1790781153074
129ffc,45,1790780253074
ae6304,48,1790781153074
cf22ae,22,1790780253074
8fc8e0,60,1790781153074
ebab89,28,1790780253074
2aeed6,30,1790780253074
490ea9,56,1790781153074
a74974,15,1790780253074
163672,40,1790865753074
69cf85,43,1790780253074
e59447,50,1790781153074
318bf9,18,1790780253074
dbdd96,33,1790780253074
961b31,36,1790780253074
58bfc6,15,1790780253074
7ca151,47,1790865753074
518e73,31,1790781153074
42684e,18,1790780253074
df16e6,44,1790781153074
865a62,26,1790781153074
a51c1e,19,1790780253074
139a3d,29,1790780253074
d0649b,27,1790865753074
76e21e,23,1790865753074
6e0dfe,15,1790865753074
10bf91,35,1790865753074
f70f97,48,1790865753074
89758b,48,1790781153074
1c97c5,50,1790865753074
351ebd,15,1790865753074
6b32a2,28,1790780253074
b87e61,58,1790865753074
cbdf99,52,1790780253074
e51e67,51,1790781153074
5e1b61,54,1790780253074
a42e4a,21,1790781153074
95f1a7,29,1790781153074
38891c,35,1790781153074
d2022d,35,1790780253074
23e27c,52,1790781153074
256a8a,39,1790865753074
e9e438,18,1790781153074
3d9724,25,1790780253074
6becd4,24,1790781153074
bc324b,32,1790781153074
aa03b0,19,1790865753074
5aeb55,39,1790780253074
820e7d,34,1790780253074
771c44,52,1790781153074
e1b77d,37,1790865753074
86dd15,35,1790781153074
4c4e7e,59,1790781153074
3f79ec,29,1790780253074
431df2,44,1790781153074
280466,28,1790780253074
3d3d9f,46,1790781153074
60a0de,33,1790780253074
c8e49e,47,1790781153074
d21cb5,17,1790780253074
1e1a5f,19,1790781153074
5f89c3,50,1790865753074
e9fd3e,27,1790781153074
33d4d0,23,1790781153074
7a611d,21,1790781153074
cd05f4,47,1790780253074
b6c4d0,58,1790865753074
bfcd32,33,1790780253074
08ddb1,58,1790865753074
33b8f3,58,1790781153074
12dde2,36,1790865753074
3bcc45,56,1790865753074
219176,41,1790865753074
29b185,54,1790780253074
4220ba,60,1790780253074
c326fc,60,1790865753074
92339c,37,1790781153074
2edda5,49,1790780253074
01be91,57,1790780253074
43b51b,42,1790780253074
dbe809,41,1790865753074
05ef8f,51,1790865753074
6e85d6,16,1790781153074
8d6288,19,1790780253074
479014,27,1790781153074
bb2753,33,1790781153074
4d882d,15,1790781153074
c55d3e,29,1790780253074
ce4399,57,1790865753074
b21eaf,37,1790781153074
96962d,31,1790780253074
fa8519,27,1790781153074
acec46,22,1790865753074
10c7f8,46,1790865753074
819411,26,1790781153074
ceab54,57,1790865753074
063d3f,44,1790781153074
3d2132,58,1790780253074
1c9578,60,1790780253074
54e240,28,1790780253074
9c8488,44,1790865753074
25261f,60,1790781153074
1a416c,44,1790865753074
07a38e,23,1790865753074
ec8f87,52,1790865753074
f78a68,44,1790865753074
daeb60,55,1790865753074
62fe3d,55,1790865753074
bbcbc2,43,1790865753074
ae22b0,39,1790780253074
06a937,51,1790781153074
7d7dcf,57,1790780253074
5ade73,58,1790780253074
211c03,18,1790781153074
f92df7,54,1790865753074
2a6819,37,1790865753074
dadde9,27,1790781153074
790e19,20,1790781153074
037391,28,1790780253074
32ed98,51,1790780253074
625471,44,1790781153074
6ebb89,43,1790781153074
464754,33,1790781153074
7875dd,15,1790780253074
566f3b,42,1790781153074
9c715f,29,1790780253074
8c09be,49,1790865753074
e510e8,40,1790865753074
09ca17,33,1790781153074
d6f0d1,47,1790865753074
0cadc9,58,1790781153074
a9da9a,20,1790865753074
6faeb9,44,1790780253074
baf067,39,1790865753074
e68710,29,1790780253074
83b14c,58,1790781153074
91ea54,42,1790780253074
c4f0cd,40,1790781153074
0c8a10,16,1790865753074
221e1a,41,1790865753074
81556c,20,1790781153074
88c915,49,1790780253074
2ccd03,58,1790780253074
f66f73,42,1790781153074
13d099,44,1790780253074
01a1c4,60,1790781153074
e8ff54,18,1790780253074
2df8e5,27,1790865753074
02035c,33,1790781153074
ce4a0b,51,1790780253074
a9f5d3,40,1790780253074
2a2935,53,1790781153074
f855ad,19,1790780253074
5205b1,50,1790781153074
2bcb02,25,1790781153074
180d48,22,1790781153074
af881d,24,1790780253074
b8e995,56,1790780253074
508414,45,1790781153074
94428e,21,1790865753074
f49d9b,58,1790780253074
cb6371,23,1790780253074
9bbb3a,58,1790865753074
cd0a10,18,1790780253074
bc19ee,35,1790865753074
e32638,44,1790865753074
ba293a,46,1790865753074
63eccc,18,1790780253074
d08c3c,42,1790780253074
744406,34,1790865753074
2e49ac,23,1790865753074
00c3f2,21,1790865753074
025cd7,53,1790780253074
e1dff9,22,1790781153074
fe37cf,49,1790865753074
5aa7d0,49,1790865753074
dda986,53,1790865753074
309cd1,16,1790780253074
8f5302,34,1790780253074
cf77da,34,1790781153074
54c2b4,45,1790781153074
c11ff5,17,1790865753074
d48c37,46,1790780253074
eee33c,27,1790781153074
4d4b40,35,1790781153074
6498f7,34,1790781153074
aa25b5,51,1790781153074
419b80,60,1790780253074
baae8d,35,1790865753074
232301,16,1790780253074
5d5cc7,38,1790781153074
45d864,25,1790780253074
e9b0b3,21,1790781153074
30e0ea,30,1790780253074
04663f,37,1790780253074
da1d89,46,1790781153074
cf3ce8,29,1790780253074
adb069,47,1790780253074
27b007,28,1790780253074
8a36c6,41,1790865753074
e9936f,58,1790781153074
971927,22,1790780253074
5508af,29,1790780253074
f77f92,60,1790865753074
6af909,45,1790780253074
3abfbc,51,1790865753074
4d8a34,24,1790781153074
aa7e0c,29,1790781153074
58782c,48,1790781153074
698dfa,28,1790865753074
69eda7,16,1790865753074
740b21,19,1790865753074
d3d36b,22,1790865753074
881f7e,22,1790781153074
714af9,46,1790780253074
9357bd,17,1790865753074
3ee4c7,44,1790781153074
e9370c,42,1790780253074
e155c8,60,1790780253074
b0941e,29,1790781153074
6bbe0a,50,1790865753074
5630ff,44,1790781153074
9aba6d,26,1790781153074
21fadc,41,1790865753074
ce5e11,40,1790865753074
b79ed7,18,1790865753074
52e75e,36,1790865753074
b5a23e,48,1790781153074
9c455d,44,1790865753074
88d82f,44,1790781153074
06d68c,19,1790780253074
7b3055,58,1790780253074
d56b86,52,1790865753074
10853b,24,1790781153074
b94bc2,20,1790865753074
c0cebc,49,1790780253074
c103c2,59,1790781153074
7508c0,36,1790781153074
1aa6fb,25,1790780253074
87de2b,29,1790781153074
ada038,58,1790781153074
89eb2c,56,1790865753074
02758b,16,1790865753074
5128ee,54,1790781153074
8850ba,50,1790780253074
dee2bd,33,1790780253074
2ca7cb,25,1790865753074
31ddf1,59,1790865753074
66d007,31,1790865753074
d77cb8,19,1790781153074
2d8c3a,60,1790780253074
bf6674,36,1790781153074
54c4c8,18,1790781153074
fc18b7,39,1790781153074
ce2a24,48,1790865753074
b16045,51,1790865753074
e0238e,16,1790780253074
da1188,22,1790865753074
b6eb22,59,1790865753074
adf048,22,1790781153074
e49f5f,37,1790781153074
cf04f2,25,1790865753074
4c60f1,34,1790780253074
1a71a6,27,1790780253074
f9f375,38,1790865753074
7c1b9d,25,1790781153074
b2a2bd,25,1790780253074
d8946c,56,1790865753074
86d474,40,1790865753074
b95d29,39,1790780253074
a75c91,50,1790865753074
02832f,34,1790781153074
13768b,26,1790780253074
9bff74,37,1790780253074
59c753,30,1790865753074
224a25,51,1790865753074
0e378e,55,1790781153074
07770c,16,1790780253074
415631,20,1790865753074
a5abf5,58,1790781153074
3e44fa,46,1790865753074
bb4989,41,1790781153074
cd3da9,40,1790865753074
7d02bd,18,1790780253074
b90187,58,1790865753074
e05186,41,1790780253074
fa1fab,15,1790781153074
4ce4f0,15,1790780253074
f08401,44,1790781153074
bf5853,35,1790780253074
ed4302,19,1790865753074
f56e7d,17,1790865753074
f85c24,30,1790865753074
a292b7,59,1790865753074
5e791b,16,1790780253074
489c8e,35,1790781153074
d04b53,15,1790781153074
ce5d77,33,1790781153074
223ba3,38,1790780253074
f2af97,50,1790780253074
2adfcd,24,1790781153074
765b69,57,1790781153074
d5677c,26,1790781153074
fe2e43,16,1790780253074
420560,31,1790865753074
4c420f,56,1790865753074
abc67d,55,1790780253074
62388a,28,1790781153074
b04a41,46,1790865753074
b0a0b3,35,1790780253074
0a756d,34,1790781153074
84e083,44,1790780253074
c51259,25,1790865753074
7322bd,45,1790781153074
34acba,42,1790780253074
44a379,45,1790781153074
fdd0da,23,1790780253074
754813,51,1790781153074
e1dd3b,46,1790781153074
1c5052,49,1790781153074
3493c7,43,1790780253074
ba0bfc,35,1790781153074
bc96a7,27,1790865753074
5a356c,44,1790780253074
a0482d,21,1790780253074
b3f4e2,51,1790780253074
425146,59,1790865753074
d78176,43,1790780253074
4a6009,35,1790781153074
947486,60,1790780253074
62697a,56,1790780253074
82f96e,28,1790780253074
33de82,34,1790780253074
370e9d,27,1790780253074
0f05eb,37,1790780253074
f99c68,16,1790865753074
50bf46,46,1790781153074
969724,57,1790780253074
7b0986,37,1790781153074
37401e,19,1790865753074
a88cfd,48,1790780253074
29e075,26,1790865753074
9bc351,55,1790780253074
64c49d,17,1790780253074
202207,30,1790780253074
eb46a6,25,1790865753074
42cea2,56,1790865753074
6b229f,45,1790780253074
e24b0d,22,1790865753074
8804c4,47,1790780253074
35efd5,57,1790865753074
b4333e,17,1790865753074
1d4764,20,1790865753074
6d37c5,48,1790780253074
790fe0,21,1790781153074
065d39,21,1790781153074
0bfc81,15,1790865753074
ce0137,19,1790865753074
c080d7,38,1790865753074
6f460e,17,1790781153074
7d7f4c,36,1790865753074
42c416,16,1790865753074
0f42ae,45,1790780253074
077b43,57,1790781153074
23101c,44,1790865753074
fdd8ce,39,1790865753074
52f1e4,37,1790780253074
0a9604,60,1790781153074
de07fb,51,1790781153074
c2df70,50,1790781153074
c0c462,28,1790781153074
2ad3dd,50,1790781153074
41d979,54,1790780253074
213fbd,50,1790865753074
747411,26,1790865753074
748366,38,1790780253074
e53a8d,35,1790865753074
91c1aa,60,1790781153074
66843c,28,1790865753074
afba16,57,1790865753074
ad1412,28,1790865753074
2985b5,59,1790865753074
2b7f27,36,1790780253074
de681f,50,1790781153074
334251,24,1790781153074
d8bc65,51,1790865753074
a5050d,50,1790781153074
63affb,56,1790865753074
04ad1e,53,1790781153074
a2d49e,24,1790865753074
d2800c,40,1790781153074
dfe08f,50,1790781153074
dff865,20,1790781153074
ce1785,40,1790780253074
433456,38,1790781153074
1afe32,39,1790781153074
15b4c4,41,1790865753074
8a1bfc,15,1790781153074
430f8e,23,1790780253074
542893,27,1790781153074
4fe0be,32,1790781153074
8da5fe,50,1790781153074
90ddb5,54,1790781153074
0b5cae,60,1790865753074
69a1c6,31,1790781153074
8d0ea5,27,1790780253074
aee8be,30,1790781153074
661ce1,32,1790781153074
0c0f3f,54,1790781153074
031bf2,60,1790865753074
f13f4e,42,1790781153074
cb0d76,16,1790780253074
ec44dc,17,1790865753074
fef666,29,1790781153074
624972,31,1790781153074
ec9873,17,1790865753074
caeba7,30,1790780253074
eb6627,37,1790780253074
2c8df8,27,1790781153074
8d8297,29,1790865753074
a88279,52,1790780253074
ea4a7e,48,1790781153074
1d0f2d,46,1790865753074
8b0987,21,1790781153074
b38e3b,45,1790781153074
852236,28,1790781153074
50c22f,59,1790780253074
d666e5,25,1790781153074
e7f74e,28,1790865753074
6ef1f1,36,1790780253074
afdf9e,58,1790781153074
2f9c36,59,1790780253074
b74248,42,1790781153074
76ebb1,50,1790865753074
56a671,23,1790781153074
360612,59,1790781153074
44dbf5,18,1790865753074
8b0baf,27,1790865753074
186815,56,1790780253074
4feeeb,46,1790781153074
04c532,16,1790780253074
51d5ac,57,1790781153074
d7bf4b,36,1790780253074
3b5d60,55,1790781153074
2dd226,27,1790780253074
9322ee,38,1790781153074
2b5b89,45,1790865753074
09a545,24,1790865753074
d6c76f,55,1790865753074
a81a04,35,1790781153074
93acb0,32,1790781153074
9f1d3c,46,1790780253074
ea19bc,26,1790865753074
abd677,21,1790865753074
fc5ee5,51,1790865753074
e8369d,19,1790781153074
615c81,45,1790781153074
2d0949,18,1790780253074
014551,54,1790781153074
fe41e0,59,1790865753074
ffb22d,55,1790781153074
a35ba1,28,1790781153074
53b549,31,1790865753074
2e2f78,17,1790781153074
2cab6a,21,1790865753074
32d8ec,31,1790780253074
408ded,24,1790781153074
b60104,24,1790780253074
1aacbc,20,1790780253074
ee1eaa,54,1790780253074
420399,26,1790781153074
6b3419,27,1790865753074
d3236a,49,1790865753074
8497a4,53,1790780253074
8b442a,23,1790781153074
0d8b40,49,1790781153074
73bb58,58,1790780253074
1e3cd0,41,1790865753074
b25f64,39,1790780253074
7c33ee,49,1790865753074
76183d,37,1790781153074
7001b5,26,1790781153074
c6def3,48,1790780253074
823f55,43,1790780253074
734ffc,47,1790780253074
886adc,41,1790865753074
8fa92b,52,1790865753074
bc64ef,42,1790781153074
db799e,35,1790781153074
94af68,45,1790780253074
38267c,51,1790780253074
3dacec,43,1790781153074
f466b8,37,1790781153074
b98d93,44,1790865753074
8f367f,57,1790781153074
885eeb,43,1790865753074
41d052,56,1790781153074
5ebcf1,44,1790865753074
85931e,31,1790865753074
06a8e5,51,1790781153074
efcc5c,52,1790865753074
6f7b03,16,1790865753074
6c8a3a,59,1790780253074
f57ca4,44,1790865753074
520398,33,1790780253074
5c3c3f,41,1790780253074
2a1f93,59,1790781153074
393d85,55,1790781153074
660f0d,52,1790865753074
a9fd2c,20,1790781153074
a077e5,58,1790780253074
a081d6,40,1790865753074
9eeaa1,19,1790781153074
78133e,55,1790865753074
33aeb4,43,1790780253074
290aec,18,1790781153074
fafd73,48,1790781153074
755096,32,1790780253074
40751b,51,1790780253074
c3f619,32,1790780253074
43fcf8,34,1790865753074
821177,26,1790865753074
ae1c41,52,1790781153074
eabbf2,49,1790781153074
4d612f,48,1790780253074
dc708d,43,1790865753074
a3313f,34,1790781153074
e3cdb9,40,1790865753074
c9ed91,24,1790781153074
f60034,47,1790781153074
d84909,38,1790781153074
48ac7b,16,1790781153074
ba2271,50,1790865753074
8ed5b9,30,1790865753074
01aa5c,38,1790781153074
e6f500,39,1790780253074
709aca,44,1790781153074
fa23ec,58,1790865753074
7a3428,45,1790781153074
88dc9e,27,1790865753074
f41999,34,1790781153074
942076,15,1790780253074
436dc7,38,1790781153074
624029,46,1790781153074
8a179d,26,1790780253074
52092d,25,1790781153074
eab473,28,1790780253074
77b73e,27,1790865753074
007528,41,1790865753074
edf78b,44,1790780253074
92a364,52,1790780253074
5fbf88,43,1790781153074
f5170d,55,1790781153074
b648d0,39,1790781153074
c2eec3,39,1790865753074
fc367b,46,1790865753074
7bb487,38,1790781153074
ba8f02,24,1790781153074
47aa8f,20,1790865753074
8c95e0,54,1790865753074
d608e4,23,1790865753074
a07857,38,1790780253074
bb7181,37,1790865753074
017012,15,1790780253074
4c0395,33,1790780253074
6116c6,17,1790780253074
b5b316,52,1790781153074
57019a,50,1790780253074
66d785,57,1790865753074
924836,38,1790865753074
a65f91,35,1790780253074
870af3,32,1790781153074
954f02,40,1790781153074
d81b2d,49,1790865753074
2c270f,27,1790780253074
430f7f,55,1790781153074
da0e1d,26,1790865753074
6c788d,59,1790780253074
9ee413,21,1790780253074
007f0f,32,1790781153074
f67202,55,1790865753074
42afa7,36,1790865753074
8f4ce3,24,1790865753074
d0bc59,58,1790865753074
79e300,37,1790781153074
d84f29,54,1790865753074
0b20d1,28,1790865753074
55f818,24,1790781153074
c02bd8,26,1790781153074
b11de5,40,1790865753074
b6e621,50,1790781153074
74406c,58,1790780253074
a74cb8,19,1790865753074
1856f4,46,1790780253074
0a8570,36,1790781153074
86f8ad,40,1790780253074
253b89,48,1790781153074
d404cf,26,1790865753074
952d7d,43,1790780253074
4c597d,28,1790780253074
abc629,18,1790780253074
c1b58c,47,1790780253074
384b71,38,1790781153074
15d594,53,1790781153074
579a0d,42,1790865753074
82ce14,57,1790781153074
0fa575,27,1790865753074
137cb8,22,1790865753074
ac1019,56,1790865753074
9d59e1,56,1790865753074
d55cb3,50,1790781153074
6c8366,52,1790780253074
ded767,52,1790780253074
a092a1,34,1790865753074
d4a5dd,32,1790780253074
1cacfe,48,1790780253074
4d71d7,27,1790781153074
0946d7,41,1790780253074
665719,48,1790865753074
987a58,25,1790781153074
d75530,31,1790865753074
35f4d5,50,1790781153074
45d49e,42,1790781153074
67b1ad,49,1790865753074
26aa40,18,1790780253074
a33af1,56,1790780253074
17d472,57,1790781153074
146530,37,1790865753074
73e156,52,1790865753074
d1df41,35,1790865753074
210e20,40,1790780253074
abbe84,39,1790781153074
e5903c,39,1790780253074
b0d8d7,18,1790781153074
2a43ee,48,1790780253074
2dfb8b,46,1790781153074
08f0bc,26,1790781153074
e49d85,31,1790780253074
850415,15,1790780253074
580431,15,1790780253074
34f2bc,60,1790781153074
6a7773,49,1790781153074
870842,26,1790781153074
6163a5,53,1790865753074
c586f6,35,1790781153074
ddce3f,34,1790781153074
9a8ec5,18,1790781153074
6bf931,18,1790780253074
9cc4ac,26,1790780253074
ee6a59,44,1790865753074
3806d6,17,1790781153074
05cb09,30,1790865753074
c4c29d,60,1790865753074
13f1bf,20,1790865753074
84a1a5,24,1790781153074
5fb39a,24,1790781153074
72fcef,56,1790780253074
72911f,30,1790781153074
92783d,44,1790865753074
358b97,42,1790781153074
e2d097,22,1790780253074
05a846,41,1790780253074
d3537d,45,1790780253074
4a9801,57,1790781153074
7e46f8,36,1790865753074
f161f4,50,1790781153074
5daf15,39,1790780253074
354b2a,56,1790780253074
07dba7,24,1790781153074
925142,40,1790781153074
b04484,56,1790781153074
2286d5,48,1790865753074
5be772,27,1790781153074
1d3e11,42,1790781153074
8eee18,18,1790865753074
5b4e1a,43,1790780253074
a7b3b7,58,1790865753074
6ab674,42,1790780253074
7e6d85,38,1790780253074
353b70,30,1790865753074
fdde49,36,1790865753074
1cf8f5,47,1790781153074
dc75f2,57,1790780253074
e27580,51,1790780253074
7cd615,26,1790781153074
0c002a,27,1790781153074
d2c3d1,30,1790780253074
7ea1c3,46,1790780253074
5de377,30,1790780253074
d741e2,15,1790781153074
32150e,41,1790781153074
6912aa,43,1790865753074
f69e3a,48,1790781153074
18cbe3,44,1790865753074
c01a82,21,1790780253074
453c4f,20,1790780253074
954b59,20,1790781153074
dc9f39,37,1790865753074
c7a3f4,15,1790865753074
038794,43,1790781153074
ba4ff9,16,1790781153074
f09ac7,30,1790780253074
42d9ff,51,1790865753074
3adfe6,45,1790865753074
e74184,53,1790781153074
775adf,56,1790781153074
901342,45,1790781153074
d56b37,24,1790780253074
9cafe3,41,1790780253074
3714d8,60,1790780253074
e64f3f,55,1790781153074
52a614,29,1790781153074
b9471e,24,1790780253074
3b5086,24,1790780253074
ee5139,53,1790781153074
0b9b33,47,1790865753074
e812ec,38,1790780253074
1763c7,58,1790781153074
1f7908,53,1790865753074
188161,25,1790781153074
8c4f7a,17,1790865753074
49ece2,53,1790865753074
1a2b82,57,1790865753074
5c008a,17,1790865753074
8df617,45,1790865753074
5002b7,28,1790781153074
8ff499,39,1790780253074
ad4bad,35,1790781153074
85e716,36,1790781153074
5ee390,30,1790781153074
eca97b,50,1790781153074
d94100,38,1790781153074
d37ae9,21,1790865753074
eee901,28,1790781153074
3b9960,19,1790865753074
5ff336,27,1790780253074
4bd8ee,56,1790781153074
a0aab3,24,1790780253074
d79f02,25,1790780253074
34478a,42,1790865753074
6774a7,38,1790780253074
474885,37,1790780253074
6c9cc3,27,1790781153074
f7b3c7,60,1790780253074
7780d2,35,1790781153074
dd0277,43,1790781153074
bec7d0,44,1790780253074
724b9d,32,1790780253074
d2d8fd,33,1790865753074
b91f44,41,1790780253074
f01652,27,1790780253074
beff40,43,1790865753074
501464,50,1790865753074
d7586c,51,1790865753074
f59122,47,1790780253074
5e3847,15,1790780253074
41e3ea,42,1790865753074
29c3bd,32,1790780253074
1b7834,48,1790780253074
cb9b4a,56,1790781153074
700809,16,1790781153074
0a9e94,33,1790780253074
67d8d4,31,1790780253074
7f264d,43,1790865753074
07b2e1,40,1790780253074
b5c93e,34,1790781153074
4d8619,15,1790780253074
798215,23,1790865753074
73c721,30,1790865753074
476005,26,1790865753074
fdd264,21,1790780253074
562dc8,52,1790865753074
f90b34,24,1790865753074
b7a6a0,27,1790780253074
2429b1,17,1790780253074
85048b,22,1790865753074
5edc7c,33,1790781153074
88a44b,51,1790781153074
378e0a,23,1790781153074
74632f,53,1790781153074
918ee7,44,1790781153074
ac70d2,49,1790781153074
5008d8,44,1790781153074
e9793c,54,1790865753074
b10a6e,41,1790865753074
c56c0b,29,1790865753074
84b445,51,1790780253074
35eb73,31,1790780253074
d4a22e,54,1790781153074
2e9008,23,1790865753074
61702f,22,1790865753074
cf7ae0,26,1790781153074
13e51c,46,1790781153074
2108a2,38,1790865753074
4c9f4e,36,1790781153074
5b21d2,27,1790781153074
2ea7b1,60,1790781153074
ffc612,32,1790865753074
f3fd78,26,1790865753074
06d4c0,29,1790865753074
d94590,59,1790780253074
1483db,54,1790781153074
9ba0aa,36,1790865753074
e8a5c6,56,1790781153074
e4652a,22,1790780253074
348393,60,1790865753074
4343ca,17,1790781153074
24a0d0,16,1790780253074
9a6842,22,1790780253074
41403f,15,1790781153074
8f68c6,28,1790780253074
556ae9,26,1790865753074
fe555b,23,1790780253074
2bf955,19,1790865753074
074f6d,32,1790781153074
da7da0,38,1790781153074
ea8c46,49,1790780253074
c699a0,60,1790780253074
194716,16,1790865753074
147ec9,43,1790865753074
307745,37,1790780253074
26d5a6,44,1790865753074
dc59ac,47,1790780253074
ba6deb,27,1790780253074
211ec1,46,1790865753074
f20e92,52,1790780253074
f7c89e,43,1790865753074
a4df9d,53,1790865753074
c39d59,52,1790781153074
2c544a,17,1790865753074
7b5241,19,1790781153074
dcafc3,36,1790781153074
e5b7be,33,1790865753074
58dc06,53,1790780253074
d70eea,59,1790781153074
a8b9bb,46,1790781153074
e24ac8,35,1790865753074
5a832b,38,1790781153074
5c8069,43,1790780253074
321068,19,1790780253074
f19060,41,1790781153074
6e0b38,21,1790865753074
b2a3d5,16,1790865753074
6915e1,23,1790780253074
ca5843,31,1790781153074
3209c4,39,1790781153074
5c592d,29,1790781153074
211d58,24,1790780253074
e0ad70,41,1790865753074
7990fe,26,1790865753074
2df3a4,46,1790781153074
4f00f0,55,1790780253074
b9f2f6,24,1790865753074
cd3bab,36,1790781153074
517375,55,1790865753074
b45b1b,41,1790865753074
8a1e33,30,1790780253074
c57535,57,1790780253074
499e43,18,1790780253074
4a10fb,34,1790865753074
64dd09,47,1790781153074
91e0b9,41,1790781153074
15a3bb,30,1790865753074
84f645,58,1790865753074
4d0633,40,1790781153074
8222e5,17,1790781153074
9a9b70,20,1790865753074
9e4fe7,51,1790781153074
e7d831,47,1790780253074
16e1d6,23,1790780253074
ae0e22,15,1790865753074
0d933b,41,1790780253074
bc6e11,60,1790781153074
780287,26,1790865753074
27ae49,18,1790780253074
6c9254,31,1790865753074
e14789,59,1790780253074
815268,25,1790781153074
3b6ec9,16,1790780253074
b66e48,41,1790780253074
ed7f3c,23,1790781153074
a733d5,39,1790865753074
8f4bef,15,1790780253074
baa592,28,1790780253074
82b49b,50,1790780253074
65f3b9,58,1790865753074
92e803,40,1790865753074
d83c85,29,1790780253074
65ebf2,17,1790781153074
517c7d,48,1790865753074
503c84,15,1790780253074
2fb088,51,1790865753074
afca2e,43,1790780253074
ae0371,37,1790781153074
414741,47,1790781153074
985904,22,1790780253074
3452cf,45,1790780253074
cf60ca,49,1790865753074
71b4bb,54,1790865753074
284f7d,25,1790780253074
b8570f,19,1790865753074
534460,55,1790780253074
effac4,29,1790781153074
0585e3,26,1790781153074
4d8b2b,58,1790781153074
a7bf50,17,1790781153074
31000a,30,1790780253074
5a6953,16,1790865753074
a9877b,60,1790865753074
a94a5a,42,1790865753074
a43f76,49,1790865753074
5a2450,44,1790780253074
50546c,42,1790781153074
4e609c,55,1790780253074
3479a0,39,1790780253074
25bcc8,32,1790780253074
d9979a,60,1790781153074
8101b7,53,1790780253074
e34011,38,1790865753074
8ddf42,31,1790865753074
d0f1de,24,1790780253074
765299,42,1790865753074
569c46,32,1790781153074
abd6f8,56,1790780253074
d635f7,48,1790781153074
57c204,35,1790865753074
6badf7,55,1790865753074
087b79,58,1790781153074
32e13f,38,1790865753074
88e832,60,1790865753074
97982e,20,1790780253074
b7ccff,30,1790865753074
239cdb,18,1790781153074
931471,52,1790780253074
53e758,26,1790865753074
d8f4ae,27,1790781153074
cd5620,35,1790865753074
3a0796,56,1790781153074
4eb8a9,57,1790865753074
bd37a8,58,1790781153074
23017c,17,1790781153074
5042f3,16,1790865753074
66b407,41,1790865753074
402e21,54,1790780253074
2ab7a8,46,1790780253074
388b6e,19,1790780253074
cec0f5,39,1790780253074
f9e251,59,1790865753074
b4dd57,25,1790865753074
70950f,53,1790781153074
22b29e,30,1790780253074
177c30,41,1790780253074
9bd0a6,53,1790865753074
680336,44,1790865753074
5841a2,24,1790781153074
0ca29b,33,1790781153074
11e313,50,1790780253074
25b2f7,19,1790780253074
a0768e,36,1790780253074
fbd114,27,1790780253074
1d3f9a,41,1790865753074
2ff2e9,48,1790780253074
cc5b09,60,1790780253074
db1140,29,1790780253074
7f810b,58,1790780253074
271f6a,51,1790781153074
f04aad,29,1790865753074
5852a0,27,1790865753074
f84aa9,33,1790781153074
442611,55,1790865753074
2f3935,40,1790865753074
2906c2,44,1790865753074
83d1c1,52,1790865753074
1a356f,44,1790780253074
1c32d9,44,1790781153074
6a1cf8,27,1790865753074
a897bb,55,1790865753074
ddd27c,44,1790865753074
c5a54a,26,1790865753074
c9e1c4,16,1790781153074
381be4,22,1790780253074
1200f0,46,1790865753074
728cf3,28,1790781153074
7c25ad,40,1790781153074
cce89b,28,1790781153074
dd32c5,41,1790780253074
f08706,28,1790781153074
babee7,39,1790865753074
9673a1,40,1790781153074
12c791,32,1790865753074
32fb21,29,1790780253074
ef56e7,21,1790781153074
72adfe,18,1790780253074
9f34cf,39,1790865753074
1086fb,47,1790865753074
5ea382,54,1790781153074
617c55,47,1790865753074
b0b7ba,17,1790780253074
6b95f4,24,1790780253074
a34c5f,56,1790780253074
8ff13b,44,1790780253074
b5244f,42,1790780253074
6493e2,34,1790780253074
42f4f6,54,1790780253074
19e624,27,1790781153074
d5e523,43,1790781153074
2fd6ae,20,1790780253074
9b6c81,21,1790780253074
749263,28,1790780253074
67ba38,20,1790865753074
f6f9a7,29,1790780253074
bcb490,47,1790865753074
776e6d,47,1790780253074
b5e568,31,1790780253074
9e7fd3,58,1790781153074
e8fd50,30,1790865753074
9c6b28,24,1790780253074
e792a2,48,1790780253074
a66a48,54,1790780253074
6be69d,45,1790781153074
97c2dd,23,1790781153074
783f59,43,1790780253074
430d86,53,1790865753074
2498ef,40,1790780253074
de8d38,34,1790781153074
09770a,37,1790865753074
d6bf00,47,1790865753074
6bf669,33,1790781153074
9f3e3d,54,1790865753074
250d68,49,1790865753074
4c6ead,36,1790780253074
13dc36,44,1790865753074
dc6a11,48,1790781153074
59f01e,43,1790865753074
fe017c,58,1790865753074
015e94,25,1790781153074
8c9da1,38,1790780253074
441ffb,26,1790781153074
22bdae,33,1790865753074
548ed1,35,1790780253074
c94c41,26,1790781153074
898d20,18,1790865753074
a71be8,31,1790780253074
a46b69,28,1790780253074
0a9e2f,25,1790865753074
a07e5f,55,1790780253074
638d04,16,1790781153074
babd4c,15,1790865753074
5eb5a5,34,1790865753074
43bfdb,58,1790781153074
ad53d2,60,1790780253074
c4c17f,32,1790780253074
ef9dcf,31,1790781153074
93a0d7,36,1790865753074
75449c,15,1790865753074
498fbd,21,1790781153074
9f4348,24,1790781153074
2382a6,18,1790781153074
47cebc,37,1790780253074
903683,50,1790865753074
b61187,51,1790780253074
ac2f41,15,1790781153074
f56191,54,1790780253074
df3125,19,1790865753074
ffe7de,17,1790865753074
c7b177,45,1790780253074
165cff,20,1790781153074
28519b,43,1790781153074
a3d77d,37,1790865753074
7b754b,59,1790780253074
e315b9,60,1790781153074
4a6208,16,1790781153074
563380,22,1790865753074
f71fbc,36,1790865753074
7900f3,56,1790780253074
7767c3,18,1790780253074
6d02df,56,1790865753074
0e635e,50,1790780253074
78a1d3,52,1790781153074
9e2a37,60,1790780253074
fe35ae,38,1790780253074
09c6b3,23,1790781153074
f7c5ea,34,1790865753074
dc5db2,23,1790780253074
0df816,49,1790865753074
f93968,57,1790781153074
28a889,26,1790865753074
d5a5b2,56,1790780253074
fe486c,58,1790865753074
a77043,43,1790865753074
7fb66f,24,1790781153074
ed3c1c,35,1790780253074
b75ad8,45,1790865753074
30db84,54,1790865753074
afdffc,26,1790780253074
0381e2,45,1790780253074
853d75,20,1790780253074
afd97e,58,1790780253074
18552f,38,1790780253074
385f70,45,1790865753074
a92e5c,40,1790780253074
b1713b,36,1790865753074
fd43bf,47,1790780253074
133538,34,1790781153074
9c4da1,40,1790780253074
d45f00,56,1790780253074
813b84,52,1790780253074
29714e,57,1790865753074
bb83c9,25,1790781153074
932197,25,1790865753074
401a06,52,1790780253074
d83bf9,23,1790780253074
e14a97,19,1790865753074
bb913c,22,1790865753074
2d5579,26,1790780253074
71005c,31,1790781153074
17ba92,29,1790781153074
881479,28,1790865753074
66a2df,59,1790865753074
615e33,42,1790780253074
40bcde,43,1790865753074
ff3d6d,32,1790780253074
125655,60,1790780253074
4d90fb,15,1790781153074
4a52ca,16,1790781153074
876ed5,19,1790865753074
ae96ad,25,1790865753074
4ab0a0,47,1790781153074
a9bbed,39,1790865753074
4918b1,53,1790781153074
3a25fb,37,1790780253074
0ce6fa,49,1790865753074
2d0616,16,1790780253074
1a926a,32,1790780253074
f8e1bb,18,1790865753074
adf1fc,59,1790865753074
11f9a2,55,1790780253074
f17a55,26,1790780253074
79837b,20,1790780253074
32521f,21,1790781153074
c4144a,59,1790781153074
8bb80b,35,1790780253074
9051c2,26,1790781153074
9ad62e,36,1790865753074
f99080,24,1790865753074
a4a92b,42,1790865753074
2f112e,20,1790865753074
c0ede8,42,1790780253074
4a6a3f,37,1790865753074
c460a2,16,1790780253074
b5b7d1,55,1790781153074
389c6d,49,1790780253074
b8e5b1,45,1790781153074
aa7360,17,1790781153074
f242cd,20,1790780253074
198854,32,1790781153074
69612d,40,1790780253074
64b3d4,16,1790780253074
d63ada,34,1790780253074
2fb5fa,22,1790865753074
a90e1a,58,1790781153074
0512c1,17,1790781153074
b1b57b,48,1790781153074
309ef0,58,1790781153074
e119ea,19,1790781153074
b9da2f,54,1790781153074
e3dc20,25,1790780253074
0464a8,37,1790781153074
5bba0d,40,1790865753074
9ade0b,22,1790781153074
e630a2,34,1790781153074
35d3d8,52,1790781153074
2f8161,60,1790780253074
87146b,41,1790865753074
05f8a0,15,1790780253074
6f6cf7,32,1790780253074
5ccc36,40,1790865753074
209193,45,1790780253074
3d6faf,17,1790781153074
0949b1,19,1790781153074
e8d1f2,56,1790865753074
12efc3,43,1790780253074
3511df,27,1790781153074
ff5259,50,1790780253074
6d3e18,54,1790781153074
ac4889,21,1790781153074
1c67d7,49,1790780253074
864a58,18,1790781153074
51501c,56,1790780253074
4738ce,55,1790865753074
da393a,58,1790780253074
3c6f3d,48,1790781153074
541532,42,1790780253074
222175,33,1790780253074
8f5ab5,42,1790780253074
ea0584,37,1790865753074
2b94bc,59,1790865753074
872a55,43,1790865753074
1da689,35,1790865753074
b44c5a,16,1790781153074
49c773,36,1790865753074
6482f0,41,1790781153074
3de0a6,58,1790865753074
69ff2b,57,1790780253074
c4638f,59,1790780253074
3902d4,23,1790781153074
4a14c2,52,1790780253074
86de0e,41,1790781153074
f6d0e7,22,1790781153074
e2c93f,42,1790781153074
b8e04d,18,1790781153074
f01ff5,54,1790781153074
27e6ba,59,1790781153074
75a90a,23,1790865753074
dafbfc,47,1790865753074
b5389d,32,1790780253074
c14ad1,27,1790781153074
bdc651,42,1790865753074
5af55f,22,1790780253074
a470f2,39,1790865753074
42ad55,58,1790780253074
acf81c,38,1790780253074
20c053,25,1790865753074
3a151b,44,1790780253074
a764c5,51,1790781153074
8748e7,49,1790781153074
156aa8,27,1790865753074
1a36a4,46,1790865753074
ef0fc1,40,1790781153074
3c9568,20,1790865753074
e42157,24,1790780253074
34afbe,27,1790781153074
7ae28b,17,1790865753074
24c7ba,33,1790865753074
f82482,55,1790781153074
387291,15,1790865753074
abbe43,53,1790780253074
c7f198,35,1790780253074
ab15eb,59,1790865753074
77f305,46,1790865753074
2f8301,22,1790781153074
8b0690,39,1790780253074
ae5c2b,43,1790781153074
63c0d1,60,1790781153074
d9e28b,33,1790865753074
54c7aa,60,1790780253074
2a0c20,44,1790865753074
3d7e1c,28,1790781153074
89aa8a,47,1790865753074
9e2325,16,1790781153074
bbc073,44,1790781153074
631b12,17,1790780253074
196851,33,1790865753074
7bbc2a,51,1790865753074
75512f,16,1790780253074
bc4c9e,60,1790865753074
3336c5,46,1790780253074
d24a4c,50,1790780253074
5df6eb,17,1790781153074
cd9f86,33,1790865753074
878f6b,35,1790781153074
594808,49,1790865753074
1d21d2,51,1790865753074
f4b443,28,1790780253074
12f878,46,1790865753074
a5f813,28,1790781153074
12a49f,17,1790781153074
6e1418,60,1790865753074
4885d8,30,1790780253074
314d80,21,1790781153074
351e6a,33,1790781153074
4d9e76,31,1790865753074
d6496c,55,1790865753074
d2503c,15,1790780253074
7f255b,21,1790865753074
bf335e,35,1790865753074
0fffda,59,1790865753074
1515b9,45,1790781153074
a041b9,48,1790780253074
d5e7be,16,1790780253074
5a976b,56,1790865753074
e08dc3,30,1790780253074
15d72d,17,1790865753074
5d399b,32,1790780253074
11dcfb,56,1790780253074
c02ca1,21,1790865753074
5d3823,42,1790781153074
2815c0,25,1790781153074
4c83b2,48,1790781153074
eab848,35,1790865753074
3d994f,42,1790781153074
5e151a,41,1790781153074
8e81b8,59,1790781153074
02b03b,20,1790865753074
bd977a,22,1790865753074
3d9178,37,1790781153074
10bc2d,31,1790781153074
454ba2,30,1790780253074
aab2ee,27,1790865753074
46765e,41,1790781153074
6e88a1,43,1790865753074
8cb884,43,1790781153074
bd94ae,27,1790780253074
fbf3ee,41,1790781153074
be7e0a,26,1790780253074
373dc7,55,1790780253074
e7a0ec,54,1790780253074
e3d361,34,1790865753074
0f21b4,36,1790781153074
07ae06,36,1790781153074
26953f,45,1790780253074
06bb8b,29,1790780253074
9699f2,25,1790781153074
ea9891,48,1790781153074
078961,46,1790865753074
82cf9e,42,1790780253074
95349f,46,1790780253074
f81bdc,37,1790781153074
1e37d6,57,1790780253074
2492ba,24,1790781153074
efbbd9,56,1790865753074
f8f751,52,1790780253074
50d67e,50,1790865753074
f3ea14,36,1790781153074
244282,20,1790780253074
fa454c,57,1790865753074
479ba4,32,1790781153074
5bfeec,24,1790865753074
4b10b7,22,1790781153074
b82a0f,32,1790780253074
025e5b,23,1790865753074
1e4e58,32,1790780253074
c569df,36,1790865753074
d10233,19,1790781153074
ab7597,33,1790781153074
8312f2,32,1790865753074
b575c8,34,1790781153074
b1d74f,40,1790781153074
fec5c8,46,1790780253074
1b6269,55,1790865753074
481173,49,1790780253074
da3760,41,1790865753074
194327,58,1790780253074
e5cba7,56,1790781153074
3f1197,27,1790781153074
ef1e1c,35,1790865753074
96ea58,38,1790780253074
0afce1,36,1790865753074
542806,31,1790865753074
fa8a01,34,1790865753074
b9c8dd,40,1790865753074
79c744,50,1790780253074
2ddbe0,29,1790781153074
52f10a,59,1790865753074
5b420f,49,1790781153074
fa46e9,39,1790865753074
c8ddde,49,1790781153074
78f234,56,1790781153074
ab43f5,23,1790781153074
ca5b8c,23,1790781153074
288e19,37,1790780253074
bab7a3,26,1790865753074
490f99,47,1790865753074
bfd86a,37,1790781153074
1cb369,52,1790781153074
9b294c,31,1790865753074
84edea,43,1790781153074
f146b9,54,1790780253074
ba504e,34,1790780253074
7f1fd1,60,1790781153074
169bf3,28,1790865753074
bd472e,42,1790781153074
e9f7b5,58,1790865753074
9e29a2,60,1790865753074
ff9f4a,46,1790781153074
43d354,58,1790865753074
15c97d,47,1790781153074
a94a03,45,1790780253074
327ec0,21,1790865753074
510e25,42,1790781153074
7ab6e8,19,1790780253074
aef70a,53,1790865753074
d676bc,17,1790865753074
aa2aa1,30,1790780253074
fb0686,31,1790780253074
c7062b,32,1790781153074
20d813,16,1790781153074
f220ff,21,1790865753074
985293,44,1790781153074
ca0410,58,1790781153074
77cee9,52,1790781153074
706b46,39,1790865753074
b300d6,29,1790780253074
72ca96,41,1790781153074
587a05,56,1790865753074
4a2293,43,1790781153074
42c614,49,1790865753074
16b3f5,16,1790780253074
17281e,26,1790865753074
d0f2e3,43,1790865753074
124c81,35,1790780253074
c03d24,57,1790781153074
da935d,38,1790781153074
7cf8a8,17,1790865753074
a01c91,46,1790865753074
90d99e,55,1790781153074
f89e3d,54,1790781153074
752d8e,46,1790780253074
8a0fac,28,1790781153074
e3aa4a,22,1790781153074
f496ff,43,1790780253074
493121,44,1790781153074
756219,22,1790780253074
70da01,25,1790780253074
83017b,19,1790865753074
46fd7b,54,1790781153074
23462e,48,1790780253074
f349e4,55,1790781153074
848911,41,1790781153074
1457d7,48,1790780253074
25a92c,38,1790781153074
2f5471,32,1790865753074
7e7a9e,47,1790780253074
2a5fa7,34,1790780253074
aa6f92,43,1790780253074
d2ab9b,47,1790865753074
4b3b38,38,1790781153074
ff7122,28,1790780253074
c61920,32,1790780253074
b50ba1,47,1790865753074
922d57,53,1790781153074
22145f,35,1790780253074
189583,30,1790781153074
758348,51,1790781153074
3bd562,39,1790780253074
9e81c9,60,1790781153074
e49d72,47,1790781153074
ce4b8b,44,1790781153074
055dd3,38,1790780253074
195b46,15,1790865753074
0bf3d8,17,1790865753074
de1e3a,17,1790865753074
7f120f,15,1790865753074
ed5c38,50,1790781153074
997977,19,1790865753074
d865be,41,1790781153074
1601c2,54,1790865753074
1aae8c,21,1790780253074
08ead3,19,1790865753074
159a90,28,1790865753074
c71fa9,53,1790780253074
0b3249,26,1790865753074
47dc77,44,1790865753074
996619,42,1790780253074
686c16,38,1790780253074
4dd0ad,18,1790865753074
adfddb,24,1790865753074
134476,27,1790781153074
11aac5,41,1790781153074
4f57f8,54,1790781153074
778e5e,40,1790780253074
aea4c9,18,1790781153074
672152,24,1790781153074
8bf4ec,30,1790780253074
528656,34,1790781153074
b2214d,53,1790865753074
f2467e,31,1790865753074
29c2f6,24,1790780253074
725f20,23,1790865753074
d2aa22,22,1790780253074
20fe2d,21,1790865753074
e09673,18,1790781153074
e41db2,46,1790781153074
786c2c,43,1790781153074
11243e,34,1790865753074
cad53a,42,1790781153074
c59675,44,1790780253074
3e183d,33,1790780253074
ba5a4f,45,1790865753074
29480d,53,1790865753074
c42664,36,1790781153074
60e057,42,1790780253074
0a0b44,60,1790781153074
38890a,18,1790865753074
1ea51c,29,1790780253074
17824d,50,1790780253074
d70813,34,1790780253074
e5ec76,17,1790865753074
b92a4e,36,1790865753074
d7551d,55,1790780253074
ecb917,48,1790781153074
9383be,45,1790865753074
542be1,18,1790865753074
8071a7,32,1790781153074
9a9616,21,1790781153074
d9eefd,53,1790781153074
bd9c75,47,1790780253074
f3ac0b,44,1790865753074
cdffa2,44,1790781153074
e2f192,22,1790865753074
a87e0e,51,1790780253074
0047ce,48,1790780253074
2b5612,49,1790780253074
d655df,56,1790865753074
c8472c,31,1790780253074
5a2ce8,42,1790780253074
5d22f9,30,1790865753074
ded32c,30,1790865753074
f30f80,29,1790781153074
b50b39,50,1790780253074
03c91c,24,1790865753074
d685a1,33,1790780253074
348cf2,51,1790781153074
44e356,41,1790780253074
ca0cf8,44,1790781153074
bbcfdd,31,1790780253074
4447ef,30,1790865753074
3677b3,26,1790781153074
a09988,36,1790781153074
362cbc,27,1790780253074
7c025c,18,1790865753074
c52026,60,1790781153074
05d62a,49,1790780253074
51263e,22,1790780253074
c770f3,49,1790865753074
a29e3d,57,1790781153074
82b601,34,1790781153074
d61986,54,1790780253074
de3abc,57,1790865753074
861102,46,1790865753074
8b4963,38,1790781153074
fe388d,30,1790781153074
b537ad,27,1790781153074
da5644,28,1790781153074
d2ee6a,26,1790865753074
791444,53,1790865753074
dd399d,29,1790865753074
e51fbb,16,1790865753074
f2332b,45,1790865753074
f61b1a,50,1790865753074
a14c4e,36,1790865753074
20a9f1,37,1790865753074
f530f5,46,1790780253074
043b99,57,1790781153074
6624a2,51,1790781153074
ac4914,60,1790781153074
a0be14,18,1790781153074
5ec241,46,1790781153074
6b7398,45,1790865753074
15858c,15,1790865753074
980a45,44,1790781153074
9fe64d,53,1790781153074
c58fac,33,1790781153074
1c0c94,17,1790865753074
5d7092,49,1790865753074
6a1a3f,38,1790780253074
18e444,25,1790865753074
53061e,26,1790781153074
fe9ed4,39,1790781153074
f34d6a,51,1790780253074
da9581,52,1790780253074
1d44c3,20,1790781153074
79f72a,43,1790780253074
df9ea2,49,1790780253074
e2d7bd,48,1790780253074
c574f6,55,1790781153074
6e7017,38,1790865753074
6685cd,26,1790865753074
d62102,46,1790865753074
59380a,20,1790780253074
7abaac,27,1790865753074
6d2962,20,1790780253074
b58c28,19,1790780253074
b096f7,49,1790865753074
385ef1,54,1790865753074
b29c35,43,1790781153074
9aba90,15,1790865753074
5739fa,21,1790781153074
dc7de3,19,1790780253074
0c31e6,21,1790865753074
a5a910,56,1790865753074
6601de,59,1790781153074
534a37,30,1790780253074
0cc963,35,1790780253074
537c32,15,1790865753074
94fa5b,33,1790781153074
c58b55,57,1790781153074
a6da5d,34,1790865753074
304774,19,1790780253074
c0808f,47,1790781153074
3da209,49,1790781153074
58ca00,35,1790780253074
6c3fbc,23,1790865753074
fc71cb,17,1790865753074
edf5b3,24,1790781153074
af56d1,27,1790865753074
00836b,19,1790865753074
d35ade,48,1790865753074
2c5b03,35,1790781153074
a373ee,23,1790865753074
b2414a,16,1790865753074
89a94a,15,1790780253074
50ec57,52,1790781153074
73f25c,57,1790781153074
31c6c0,53,1790780253074
e26354,17,1790780253074
54d71b,37,1790781153074
34c9e3,28,1790780253074
bd59c0,36,1790865753074
8e8b3f,41,1790865753074
7306e7,52,1790865753074
bc1630,57,1790865753074
12e39f,28,1790780253074
5fbadd,54,1790865753074
ffd302,51,1790865753074
9d55fb,23,1790781153074
67ef79,18,1790781153074
a0d083,53,1790780253074
0ac8ac,49,1790780253074
a8d51b,47,1790781153074
e10585,44,1790865753074
cea660,25,1790780253074
820029,23,1790781153074
96a7f5,22,1790865753074
a6ab9b,59,1790865753074
295c90,16,1790865753074
a3adae,52,1790781153074
e3c9f4,41,1790865753074
a1604b,48,1790781153074
26ca18,29,1790780253074
9ebd46,18,1790865753074
b50562,16,1790865753074
595001,34,1790780253074
2575c9,31,1790781153074
1a6083,30,1790780253074
eefa44,37,1790781153074
433e6b,39,1790781153074
21250f,37,1790781153074
f08ea7,22,1790781153074
f750a4,43,1790780253074
9c0b64,57,1790865753074
dd1ddd,25,1790781153074
5cc99e,15,1790865753074
eb5517,48,1790781153074
28e2e7,60,1790780253074
917090,19,1790781153074
27694d,48,1790865753074
78c923,53,1790781153074
90b1cd,39,1790780253074
e390e8,15,1790865753074
40ca7d,51,1790781153074
74fd5d,15,1790781153074
c5a0fd,51,1790865753074
1238bd,37,1790781153074
525c48,27,1790865753074
0616ec,17,1790865753074
8a715b,44,1790780253074
2084c1,44,1790780253074
acde12,19,1790780253074
3d2d57,55,1790781153074
a6ddfc,57,1790781153074
795265,42,1790865753074
da5bef,25,1790780253074
612760,46,1790780253074
a7fe2c,28,1790780253074
65b6ac,31,1790781153074
c0ec4f,55,1790865753074
d4a6d2,17,1790865753074
4aa197,48,1790865753074
843818,22,1790865753074
68b3aa,23,1790781153074
40be8a,25,1790781153074
94e055,41,1790781153074
8886b1,26,1790781153074
8a776e,49,1790781153074
0825c9,30,1790780253074
9817ce,52,1790780253074
751055,46,1790865753074
c995b4,23,1790780253074
046dbb,34,1790780253074
d3739f,35,1790780253074
341811,54,1790780253074
c8f13e,17,1790781153074
1d86bd,50,1790781153074
b5704e,29,1790865753074
ac30d4,16,1790865753074
acf461,18,1790781153074
6a4bba,49,1790780253074
ef510f,26,1790781153074
7a9385,21,1790780253074
34413d,40,1790780253074
130e1e,35,1790780253074
8805ac,54,1790781153074
79b01f,21,1790865753074
470334,58,1790781153074
bae8bc,43,1790865753074
7223df,49,1790780253074
4d1b90,15,1790865753074
473844,24,1790781153074
86500b,29,1790780253074
636f3c,19,1790780253074
21b1d4,28,1790780253074
2012a2,59,1790865753074
73d68a,19,1790781153074
e1b4a0,23,1790781153074
8dbe12,53,1790865753074
d9a127,29,1790781153074
73010a,38,1790781153074
e593aa,46,1790865753074
89b8da,58,1790865753074
a126d0,31,1790865753074
b13905,27,1790781153074
efba2c,33,1790780253074
7c5fba,31,1790781153074
9dcdc8,30,1790780253074
725422,20,1790780253074
0dfc30,27,1790781153074
84e085,20,1790781153074
a06d0f,25,1790781153074
5446ca,41,1790780253074
ee1462,29,1790780253074
c5a1a8,42,1790781153074
64d20e,51,1790781153074
0cb489,27,1790780253074
70e64e,53,1790781153074
a03f28,33,1790780253074
9247d4,32,1790780253074
e1d709,18,1790865753074
fdad79,21,1790865753074
bd7bfb,52,1790781153074
0b6030,49,1790865753074
312600,25,1790780253074
d92031,20,1790865753074
95006d,58,1790780253074
30cd2a,59,1790780253074
ce4d35,37,1790865753074
e9fae9,52,1790865753074
a83cd1,56,1790780253074
7f5b5c,44,1790865753074
b99a32,31,1790780253074
16fe1a,30,1790865753074
373287,15,1790865753074
24f48f,36,1790780253074
515d79,32,1790780253074
c548da,15,1790865753074
ffa837,41,1790780253074
6b8c88,51,1790781153074
120d47,21,1790780253074
387902,36,1790781153074
90e05f,39,1790865753074
7f8f84,25,1790865753074
f05015,56,1790781153074
efad30,28,1790780253074
d06974,20,1790780253074
db2623,15,1790865753074
cf1c07,35,1790781153074
44f597,53,1790781153074
0228bd,28,1790781153074
575f14,18,1790780253074
d6082a,46,1790865753074
23701e,32,1790865753074
7323e8,51,1790780253074
fd7bfc,29,1790865753074
248347,50,1790865753074
43a545,37,1790865753074
de3abd,21,1790865753074
2cd774,19,1790780253074
1a37f6,53,1790781153074
063793,31,1790865753074
17c260,15,1790780253074
7b14b5,48,1790865753074
532223,22,1790780253074
3f0d79,35,1790865753074
11da43,25,1790865753074
dc236f,24,1790780253074
90d1d6,55,1790865753074
fdb205,36,1790865753074
e6c669,22,1790781153074
fe2485,18,1790781153074
0e9aef,20,1790781153074
9b7ed3,17,1790865753074
f2ba98,37,1790781153074
2616f3,49,1790780253074
1a03b4,33,1790865753074
f1d14e,59,1790865753074
118eeb,33,1790865753074
140fbb,46,1790865753074
977295,60,1790780253074
3bdb0a,39,1790865753074
d4e89b,47,1790781153074
632fa3,59,1790781153074
3d0b12,31,1790865753074
3063a1,49,1790781153074
2c9ccc,43,1790781153074
51a28a,57,1790865753074
3f625e,40,1790865753074
7b3f2c,45,1790865753074
0b6994,56,1790780253074
9d06d4,39,1790780253074
179069,25,1790781153074
7e5f84,24,1790781153074
0e5323,17,1790780253074
85c581,40,1790780253074
6a5ce7,30,1790781153074
3a4f45,52,1790781153074
371718,24,1790780253074
2007cd,42,1790780253074
25b1de,15,1790781153074
b31155,56,1790780253074
ac50cf,33,1790865753074
b07352,40,1790865753074
d045e7,50,1790781153074
e9ab34,34,1790865753074
56cdde,34,1790781153074
a825e5,21,1790781153074
0e4fe0,40,1790781153074
780e82,21,1790780253074
bd0a55,23,1790781153074
c43c1b,52,1790865753074
331ae5,60,1790780253074
92d7f0,45,1790865753074
c18d69,43,1790780253074
aca834,56,1790780253074
1a9a6f,30,1790865753074
8bb2de,43,1790865753074
4e1e6b,52,1790780253074
b523af,48,1790865753074
7273ef,40,1790781153074
acae21,45,1790780253074
bc2b41,26,1790781153074
f6dda0,36,1790781153074
e957ad,24,1790865753074
d19415,42,1790780253074
70ae8d,42,1790865753074
b9e4e2,37,1790865753074
3d2fdc,30,1790780253074
5c0938,56,1790781153074
af8142,56,1790865753074
3c681b,17,1790780253074
f99a00,40,1790865753074
8b15fc,60,1790865753074
cdb819,43,1790780253074
7dab58,27,1790780253074
ff5d74,44,1790781153074
ff4ba2,47,1790865753074
106977,43,1790865753074
f25f72,60,1790865753074
01724f,18,1790780253074
d2023b,34,1790781153074
792127,50,1790865753074
6af82b,55,1790865753074
281be1,27,1790865753074
65c58e,53,1790780253074
ea0ef8,42,1790780253074
27068d,17,1790865753074
8c5aba,26,1790781153074
1ec307,16,1790781153074
4a34a0,26,1790780253074
16e556,23,1790781153074
35ba98,15,1790780253074
23fcdd,57,1790865753074
7754ec,51,1790865753074
699cd7,32,1790780253074
5648e8,19,1790781153074
30bf4c,48,1790865753074
5d02da,16,1790780253074
84a567,28,1790781153074
1c3050,28,1790865753074
833bd4,37,1790780253074
170385,42,1790865753074
9facf6,53,1790780253074
45cf51,60,1790865753074
87ac27,56,1790781153074
041665,50,1790780253074
1cbcb6,52,1790865753074
aaeff6,24,1790780253074
1889b8,34,1790865753074
159033,29,1790865753074
647327,27,1790781153074
4fa4c1,21,1790780253074
6a849b,15,1790780253074
801dc6,19,1790865753074
21b4e9,44,1790780253074
f56fdc,23,1790781153074
fe7271,53,1790865753074
15968b,58,1790781153074
c46fdd,58,1790865753074
54df09,35,1790865753074
fe9712,51,1790781153074
87403d,39,1790780253074
c878ab,52,1790865753074
76316f,45,1790780253074
d738b2,46,1790865753074
e9e3e3,28,1790780253074
17b914,22,1790780253074
ee1c34,24,1790781153074
c27217,49,1790865753074
c87bcb,43,1790865753074
c46af2,34,1790780253074
e98694,54,1790780253074
d9163c,19,1790865753074
56af55,16,1790865753074
842bc6,55,1790780253074
1955d7,50,1790781153074
64edf8,44,1790781153074
8140f4,28,1790781153074
4e0767,30,1790780253074
9cc433,41,1790780253074
2ca140,32,1790780253074
4c3913,20,1790781153074
a1c1fa,31,1790865753074
e57c34,32,1790781153074
734114,50,1790780253074
16076b,32,1790780253074
6b9692,22,1790781153074
95435c,16,1790780253074
d8ed64,37,1790781153074
00d39e,33,1790865753074
728c20,15,1790780253074
afd370,38,1790781153074
4af604,55,1790780253074
f5e95b,41,1790781153074
5f7832,47,1790780253074
7c69b7,57,1790865753074
3915e2,48,1790781153074
b8df78,23,1790781153074
cd5805,60,1790781153074
219cd6,22,1790780253074
a38db3,23,1790865753074
92cc0d,47,1790865753074
81e879,39,1790780253074
113273,43,1790781153074
5e6393,33,1790781153074
c39935,18,1790780253074
16ee5d,47,1790865753074
26cc7f,40,1790781153074
160051,57,1790780253074
cf271e,21,1790781153074
77f0cf,39,1790780253074
341fb3,16,1790780253074
51e08a,51,1790781153074
2042aa,38,1790865753074
c08abb,52,1790780253074
2ba81a,16,1790865753074
c30717,34,1790780253074
ff1a69,38,1790865753074
40d5db,51,1790781153074
94262c,48,1790865753074
6d5a6d,49,1790781153074
508433,19,1790780253074
b78bbe,23,1790781153074
e762ff,58,1790865753074
88de7e,32,1790781153074
f545bc,59,1790865753074
46b4a8,21,1790780253074
091f05,54,1790780253074
eca3b2,40,1790780253074
2a149e,60,1790865753074
d992b9,41,1790865753074
8cf013,22,1790781153074
567c02,49,1790780253074
1418b1,51,1790780253074
6c7df8,20,1790865753074
98ec63,15,1790781153074
129f7d,58,1790781153074
8e8d07,41,1790781153074
e27d84,15,1790780253074
2a5b6e,51,1790865753074
0a9832,29,1790781153074
c4e33e,27,1790865753074
40a1f4,34,1790780253074
c2b6b5,19,1790780253074
8e51c2,23,1790865753074
8600c2,49,1790865753074
4b4caf,49,1790780253074
8011ea,59,1790780253074
3aa8a5,22,1790781153074
95aff2,21,1790781153074
7a2c7e,37,1790781153074
cd0b47,35,1790781153074
8404b6,57,1790780253074
5b578e,17,1790780253074
78cfe0,23,1790865753074
21a7bb,36,1790781153074
8d0b87,15,1790865753074
3be06b,38,1790865753074
11346b,36,1790865753074
406e33,29,1790781153074
a72765,43,1790865753074
c7f831,41,1790781153074
108764,36,1790865753074
b6f040,20,1790781153074
5935f5,58,1790780253074
b1a740,19,1790865753074
417896,32,1790865753074
20367c,35,1790780253074
ca0127,28,1790780253074
edcd3c,40,1790865753074
dc66a9,58,1790781153074
4c5c07,32,1790865753074
ece9a5,38,1790780253074
a5fda8,20,1790781153074
0346b8,50,1790781153074
153088,32,1790780253074
f06ff5,18,1790781153074
37995a,55,1790865753074
f40176,56,1790780253074
957381,35,1790781153074
6241bd,33,1790865753074
dcf514,42,1790780253074
4d2c7e,54,1790780253074
51aa7d,25,1790781153074
5188aa,28,1790865753074
90d5db,15,1790781153074
de4b43,39,1790781153074
c74dcc,50,1790865753074
d40f63,43,1790781153074
70fa77,59,1790865753074
937676,22,1790780253074
343fce,23,1790780253074
599466,40,1790865753074
aeb0af,28,1790865753074
a4b304,29,1790865753074
d03675,37,1790865753074
0cc9cc,46,1790781153074
749cd4,16,1790865753074
6fc15e,38,1790781153074
eb61ee,25,1790780253074
255936,21,1790865753074
176d22,44,1790780253074
19280e,58,1790780253074
bbf28d,59,1790865753074
1e072a,22,1790865753074
d0ee9a,57,1790865753074
71544d,22,1790780253074
04af33,56,1790781153074
6f502c,55,1790865753074
e5a1f0,49,1790780253074
5e61e4,34,1790781153074
fea3a4,47,1790781153074
1301d2,18,1790780253074
3882a9,26,1790780253074
dd2df6,56,1790781153074
6ee343,18,1790865753074
d12258,60,1790780253074
0b2adf,20,1790781153074
5ea843,15,1790780253074
9148e8,52,1790781153074
c1dba2,31,1790781153074
8a4adc,39,1790781153074
324a69,55,1790781153074
88c491,29,1790781153074
1d7091,34,1790865753074
d57d5a,40,1790780253074
c7cbda,46,1790865753074
4f2e16,34,1790780253074
c56d9b,49,1790780253074
a43c3d,45,1790780253074
e1f14a,58,1790781153074
0c3777,25,1790780253074
3c9545,19,1790780253074
08e70c,52,1790781153074
3a44ba,48,1790780253074
f7235d,49,1790865753074
170661,31,1790865753074
511cc0,55,1790780253074
3c13a9,48,1790780253074
11861a,48,1790781153074
916f60,29,1790865753074
03a787,25,1790781153074
840e2a,46,1790865753074
9f2f76,50,1790780253074
286861,21,1790780253074
243820,29,1790865753074
8a7e5c,43,1790781153074
08c7a1,23,1790781153074
7e4d5a,41,1790780253074
b41158,33,1790780253074
458451,36,1790780253074
84a83c,25,1790865753074
2348f9,59,1790865753074
ff081a,31,1790781153074
444176,27,1790780253074
0a8cd5,24,1790780253074
d1e2c4,51,1790865753074
e2550f,20,1790780253074
3bbe23,39,1790781153074
b30a42,60,1790865753074
95ba33,26,1790865753074
c9e9c8,15,1790865753074
067747,16,1790780253074
7811ef,15,1790865753074
357daa,49,1790865753074
65f090,52,1790865753074
1b2898,58,1790781153074
694f50,35,1790780253074
e8ec84,30,1790781153074
32b157,20,1790865753074
f3b0a2,24,1790865753074
464fe7,55,1790780253074
909d70,24,1790865753074
c5a468,47,1790780253074
478284,23,1790781153074
b1bbda,39,1790865753074
4fa095,42,1790781153074
c1580b,44,1790781153074
f985cc,25,1790781153074
a6f260,20,1790781153074
173a9b,41,1790780253074
b8067e,28,1790780253074
34b382,19,1790781153074
8822a2,33,1790865753074
26a9f0,36,1790865753074
e5c84a,39,1790781153074
8ccc70,31,1790865753074
b84895,50,1790865753074
a99d62,45,1790780253074
9147ca,49,1790865753074
dfa720,24,1790781153074
6dfa34,35,1790781153074
5325d9,56,1790781153074
5769bb,46,1790780253074
7bc831,47,1790780253074
d0c26b,27,1790865753074
637fa6,36,1790780253074
b5bba9,40,1790865753074
e4dfe0,46,1790781153074
5c875e,19,1790865753074
c612ae,26,1790781153074
d475fa,27,1790780253074
0d72c9,31,1790781153074
861e98,47,1790780253074
f44f78,37,1790865753074
fe1b8f,48,1790865753074
66f807,55,1790781153074
e6cf53,25,1790865753074
5faf81,18,1790781153074
46c0ae,16,1790865753074
597264,47,1790865753074
cde1b7,25,1790781153074
1cdcd3,33,1790781153074
15888b,20,1790780253074
dbad81,18,1790781153074
f0c792,16,1790865753074
c5cba7,24,1790780253074
efe04e,24,1790865753074
d93571,30,1790865753074
41bb10,25,1790865753074
ecc913,35,1790781153074
1c0db7,31,1790780253074
8145b0,54,1790780253074
f1d8d5,17,1790781153074
6dcdb1,40,1790781153074
be9bc8,60,1790865753074
2631fa,44,1790781153074
ccde67,20,1790780253074
902d26,35,1790865753074
a1d245,40,1790865753074
29c283,17,1790781153074
9bd118,47,1790780253074
0c569d,31,1790865753074
616c05,39,1790780253074
37e494,37,1790780253074
3edae0,60,1790781153074
8a4e57,48,1790781153074
d20f16,39,1790780253074
8dfc0f,60,1790865753074
49ba05,18,1790865753074
c13872,36,1790780253074
f15a87,19,1790865753074
f6ca4a,36,1790781153074
f82580,40,1790781153074
70e149,24,1790781153074
c6b997,60,1790781153074
3839ca,60,1790780253074
c31532,56,1790865753074
bacbc4,25,1790781153074
edf498,49,1790865753074
8abefb,18,1790780253074
af8a0c,21,1790781153074
95252e,38,1790780253074
572102,34,1790780253074
7da8fd,30,1790865753074
fe50e4,40,1790780253074
2888c6,16,1790781153074
9c7ceb,47,1790865753074
85cbc7,47,1790781153074
255bed,31,1790865753074
39d6e8,29,1790865753074
808d45,17,1790781153074
47806a,55,1790780253074
bd5df2,23,1790780253074
5f18b8,52,1790781153074
da8947,17,1790780253074
ef919f,38,1790781153074
98215f,44,1790865753074
b2ce25,15,1790780253074
c8785b,38,1790865753074
fcf96a,15,1790865753074
f5a2de,26,1790780253074
fb164f,29,1790865753074
735a31,31,1790865753074
9950ff,27,1790865753074
4a3776,53,1790781153074
7bc8e0,34,1790781153074
f7a4af,57,1790865753074
80c4d0,57,1790781153074
cf386b,35,1790781153074
02db59,53,1790865753074
8c3bd7,26,1790781153074
d1eee6,30,1790781153074
614ce1,17,1790865753074
972e0c,56,1790865753074
7363df,23,1790865753074
7ac1b7,45,1790865753074
e4fe87,46,1790781153074
f53b7e,48,1790780253074
ca377e,25,1790781153074
53cc35,37,1790865753074
1b5ea1,17,1790781153074
b801bb,17,1790865753074
1dc384,39,1790781153074
6511d3,42,1790781153074
e78ac6,36,1790781153074
5e00c2,47,1790865753074
7fe991,35,1790865753074
9e0036,59,1790865753074
b6b200,43,1790781153074
4b5032,41,1790780253074
1f4427,49,1790780253074
2b1885,19,1790781153074
49e5ed,33,1790780253074
650440,29,1790780253074
c45ec3,37,1790781153074
4ff45e,33,1790781153074
a1a982,45,1790780253074
647381,36,1790865753074
7b716b,46,1790781153074
f25a0d,48,1790781153074
d3ca2a,35,1790865753074
0b69ed,41,1790781153074
3e8aaf,40,1790780253074
daa629,32,1790780253074
f85b2f,15,1790780253074
bb31b4,59,1790865753074
cbe09a,30,1790865753074
eb0e3c,56,1790780253074
15254e,29,1790865753074
6c834c,26,1790865753074
9642ee,40,1790780253074
64c4b5,37,1790780253074
be035d,22,1790865753074
64ebcc,44,1790781153074
887151,20,1790865753074
0a1456,38,1790781153074
6a38e5,51,1790865753074
1bb787,40,1790781153074
0f8455,37,1790865753074
aff429,50,1790865753074
6623cb,48,1790865753074
d71a7f,17,1790780253074
c8f351,51,1790865753074
c122f2,57,1790865753074
850503,19,1790780253074
8befe2,41,1790865753074
7a8601,33,1790781153074
36341a,31,1790865753074
943f78,21,1790865753074
871be9,26,1790865753074
14034f,29,1790865753074
c535b1,57,1790781153074
069d78,46,1790865753074
6af040,25,1790865753074
5b1e1c,29,1790780253074
4ddccb,37,1790865753074
af0641,46,1790781153074
ca5a97,43,1790781153074
1bd09b,46,1790865753074
6f69a5,46,1790780253074
976d94,34,1790781153074
6f398c,33,1790781153074
f49819,29,1790865753074
2bbd7a,45,1790781153074
7a75db,28,1790781153074
f8b069,54,1790780253074
9e22fe,44,1790780253074
eb2de8,42,1790781153074
8f14f8,19,1790781153074
512f88,50,1790781153074
142978,21,1790780253074
73c33b,33,1790781153074
713c7d,52,1790865753074
ad74af,43,1790781153074
8e7404,60,1790865753074
68bc0a,49,1790781153074
b9eb1b,57,1790780253074
edacd7,56,1790781153074
651cd5,42,1790781153074
91bba1,16,1790780253074
cecfe5,39,1790865753074
9e6161,52,1790781153074
c558d5,18,1790865753074
eae6c4,39,1790865753074
69f4d1,52,1790865753074
5df8a8,42,1790865753074
ff165a,53,1790781153074
5d992b,18,1790781153074
79a40a,55,1790865753074
c5a4dd,46,1790865753074
c7432f,43,1790865753074
5e7852,20,1790780253074
f32c89,42,1790780253074
a639a1,34,1790865753074
1a7fe9,32,1790780253074
8e3afa,16,1790865753074
d75ff3,21,1790865753074
16f0c1,23,1790781153074
8adb1e,27,1790780253074
a3267f,17,1790865753074
49534b,21,1790780253074
c073c3,40,1790865753074
79b036,32,1790780253074
1df177,18,1790865753074
864670,24,1790780253074
0d81aa,52,1790865753074
4fb40d,47,1790781153074
b58ddc,43,1790780253074
fce662,31,1790780253074
b9e893,23,1790865753074
99601c,16,1790865753074
a60772,22,1790781153074
c11a08,31,1790781153074
34122c,28,1790780253074
1a5b8c,57,1790780253074
17ad55,16,1790781153074
29f799,23,1790781153074
bd7369,59,1790865753074
76cb90,23,1790865753074
b7bc79,56,1790780253074
056853,26,1790780253074
8a3e1d,17,1790780253074
330095,34,1790780253074
174eee,57,1790781153074
4f994b,18,1790781153074
43711c,53,1790865753074
14f2bc,22,1790781153074
4471cc,52,1790781153074
9cfa16,30,1790781153074
c42c27,41,1790865753074
c8ae66,26,1790865753074
365c40,32,1790780253074
183f67,28,1790780253074
f33d86,50,1790781153074
11dc7e,54,1790780253074
e6a44b,42,1790781153074
7e7cf5,45,1790865753074
ed7b7a,58,1790780253074
890f71,53,1790781153074
8f6214,59,1790781153074
1cfbe4,20,1790865753074
754356,29,1790780253074
771453,50,1790780253074
416550,28,1790780253074
6c6342,56,1790781153074
c461a0,52,1790780253074
2c0454,31,1790865753074
3db4e8,32,1790781153074
488ebd,34,1790780253074
a823a9,57,1790780253074
e5e5c6,49,1790781153074
9b55cf,59,1790865753074
f27aea,48,1790781153074
24e483,39,1790865753074
16bf75,15,1790865753074
39ea31,40,1790780253074
94db25,51,1790780253074
a856b7,37,1790865753074
b2026b,15,1790780253074
5530b8,33,1790780253074
50e224,18,1790865753074
4ac0ee,28,1790781153074
563950,57,1790865753074
0655c6,36,1790780253074
e37419,34,1790865753074
66b1e4,33,1790865753074
e49e1e,40,1790780253074
fdf50d,47,1790780253074
e3b261,28,1790865753074
69dd74,59,1790780253074
b0b025,37,1790780253074
1ba4ac,39,1790781153074
11351b,24,1790781153074
ab8596,56,1790780253074
109879,59,1790780253074
c365a8,21,1790865753074
a9fe49,15,1790780253074
fc6210,19,1790865753074
35617a,54,1790781153074
978f38,23,1790781153074
e02e94,51,1790781153074
f42335,27,1790780253074
b208f4,37,1790781153074
69ba7f,35,1790865753074
69954b,33,1790780253074
acf88b,43,1790780253074
8476ca,19,1790780253074
e7af3b,45,1790781153074
f05eb9,52,1790781153074
cde5ec,45,1790780253074
aa81c9,52,1790865753074
829dae,53,1790780253074
77cc8a,28,1790781153074
92314f,56,1790781153074
4162d1,53,1790865753074
7795e3,17,1790780253074
a7089a,18,1790781153074
743a68,39,1790865753074
7eeb33,44,1790780253074
5898f5,55,1790781153074
432abb,27,1790780253074
6b036b,38,1790780253074
d1f48c,45,1790780253074
f2857e,39,1790865753074
5b57cb,60,1790865753074
e136e5,33,1790865753074
0bc863,27,1790781153074
b49af2,38,1790780253074
dd9761,42,1790780253074
c997e5,15,1790781153074
4929b0,45,1790780253074
c7d410,50,1790781153074
5aded6,16,1790780253074
41bfdf,46,1790781153074
19c2fd,25,1790865753074
c53ef2,29,1790865753074
39403e,16,1790781153074
7898e2,58,1790781153074
e05ab4,35,1790865753074
fe6f1c,17,1790781153074
102e8b,25,1790865753074
4326a5,49,1790781153074
ed1376,22,1790780253074
03ac95,24,1790865753074
8ea6ea,33,1790780253074
da28b3,24,1790865753074
f6be3a,60,1790781153074
741ba4,24,1790780253074
715488,19,1790781153074
81c1f8,22,1790780253074
dfa534,26,1790780253074
d67d76,48,1790781153074
6e55f7,23,1790865753074
62b676,58,1790865753074
ace48d,49,1790781153074
0a4914,52,1790781153074
61692a,20,1790865753074
f9aebf,25,1790865753074
359120,57,1790865753074
4357c5,40,1790780253074
1939b9,15,1790865753074
6966e3,43,1790865753074
1f2a43,45,1790781153074
fe41d4,23,1790780253074
5a9199,21,1790780253074
ec428c,51,1790865753074
5d068c,51,1790780253074
b4e276,30,1790780253074
802faf,23,1790780253074
d94fdb,36,1790781153074
90c345,39,1790780253074
7fcc36,60,1790780253074
49891a,35,1790865753074
42c61f,50,1790780253074
330abc,27,1790780253074
3369c7,53,1790780253074
a2a1dc,23,1790865753074
b2dd1c,48,1790780253074
292b49,52,1790865753074
380ffd,39,1790865753074
ac5442,35,1790781153074
c45d00,59,1790780253074
20697a,60,1790865753074
e574ea,57,1790780253074
c727a9,25,1790780253074
ff49a8,55,1790780253074
023709,43,1790865753074
d7bec4,17,1790780253074
e97473,57,1790781153074
964339,48,1790781153074
e32dcb,43,1790865753074
be1a28,46,1790780253074
598f31,42,1790781153074
a059d4,40,1790781153074
7c69fa,41,1790865753074
b6e8dc,28,1790780253074
34ae6a,30,1790781153074
2ae7b8,41,1790780253074
70426b,25,1790780253074
4b03b6,54,1790865753074
d069ee,41,1790865753074
6898d3,51,1790865753074
a8350b,23,1790781153074
a4aaee,56,1790865753074
54f78f,35,1790865753074
da3bdf,20,1790781153074
1f56fb,20,1790781153074
445582,50,1790781153074
f137ca,48,1790780253074
eca442,29,1790781153074
4e507b,54,1790781153074
3d1add,19,1790781153074
ca8573,16,1790781153074
5c240e,47,1790865753074
8b2dba,46,1790865753074
da5efe,45,1790781153074
3ff236,54,1790865753074
3915e0,40,1790780253074
669712,21,1790780253074
940e54,15,1790781153074
9ae32b,35,1790865753074
f8f202,33,1790780253074
00ff66,60,1790780253074
dcce72,42,1790780253074
75e87c,18,1790865753074
d04661,25,1790865753074
d02803,34,1790865753074
16f482,57,1790780253074
1d1cb6,52,1790865753074
262ffa,19,1790865753074
1596e1,28,1790781153074
9be648,60,1790865753074
b4e199,50,1790865753074
25eaa6,32,1790865753074
ca6c49,41,1790780253074
36171e,58,1790780253074
b55b13,22,1790781153074
4c228d,38,1790865753074
905e4c,55,1790781153074
3b9891,52,1790865753074
462111,27,1790781153074
0ba96a,22,1790865753074
c9dc0f,36,1790865753074
b87bc1,29,1790781153074
67bbe5,23,1790781153074
8bde25,22,1790780253074
2b8517,56,1790780253074
ea5859,60,1790781153074
438da7,57,1790865753074
b6eb69,48,1790865753074
244391,20,1790865753074
b48142,17,1790781153074
635ad7,56,1790865753074
3a8933,44,1790865753074
9e302a,32,1790781153074
b512d4,26,1790865753074
3ef023,27,1790780253074
a7c101,51,1790781153074
3a35df,47,1790781153074
8945f3,44,1790780253074
e7f92d,20,1790780253074
59a883,25,1790865753074
c06f17,26,1790780253074
0583ab,58,1790781153074
cb8817,36,1790781153074
b3e787,26,1790781153074
3d5967,19,1790780253074
768d46,42,1790781153074
83ab9a,37,1790780253074
76fae1,52,1790781153074
fae803,49,1790781153074
b77549,31,1790865753074
aa263e,53,1790865753074
0fc314,38,1790780253074
55c216,17,1790781153074
7f8f2a,49,1790780253074
f50b9e,56,1790781153074
9395df,36,1790781153074
b1181d,57,1790781153074
9dfde8,26,1790781153074
0cee75,53,1790780253074
b2bf52,43,1790780253074
6b9e2a,45,1790780253074
371d3d,22,1790780253074
579be6,33,1790780253074
a2c23d,15,1790865753074
f1869f,45,1790780253074
66856d,54,1790865753074
177bc9,35,1790780253074
2adfc4,60,1790781153074
9c0fb1,19,1790865753074
7df735,46,1790781153074
542c33,20,1790780253074
d96ac5,41,1790865753074
f98cbb,60,1790865753074
298d69,53,1790780253074
831dc1,17,1790780253074
0fecec,24,1790780253074
5e7748,39,1790865753074
60656a,58,1790781153074
3053eb,35,1790781153074
98cee9,43,1790865753074
65539d,57,1790865753074
791a6f,38,1790781153074
1766b0,44,1790781153074
edc9a3,37,1790781153074
68dd76,29,1790865753074
db4430,44,1790780253074
aad16f,51,1790781153074
d64690,53,1790865753074
180d81,60,1790865753074
a46d41,42,1790865753074
c93d42,23,1790780253074
9f56f7,17,1790780253074
9e0191,27,1790781153074
937555,26,1790780253074
9b61fa,43,1790781153074
d20ca3,32,1790781153074
38d66a,29,1790865753074
666791,55,1790780253074
9c8d0d,32,1790780253074
d3b0f0,23,1790865753074
902c62,38,1790780253074
517f28,26,1790780253074
7bfa6a,49,1790780253074
c26050,25,1790781153074
95d3dc,27,1790865753074
3bc5af,30,1790865753074
20669d,22,1790781153074
1dd167,27,1790780253074
f496bb,19,1790781153074
1c2730,41,1790780253074
f82ca4,32,1790865753074
fb0de4,23,1790865753074
365dd1,35,1790865753074
d2baeb,25,1790865753074
243739,28,1790780253074
436f65,24,1790780253074
9d4fdf,28,1790865753074
e66c86,21,1790780253074
b2d327,47,1790865753074
ad59f2,45,1790781153074
6e988f,32,1790780253074
337c1f,54,1790780253074
f3665f,19,1790865753074
4c1025,23,1790780253074
71d9a5,41,1790780253074
7750c7,46,1790865753074
45fe5f,48,1790781153074
c6a838,52,1790781153074
cede61,57,1790781153074
c6a1e1,35,1790781153074
f8acf7,15,1790781153074
244103,34,1790780253074
6e850f,55,1790781153074
e7262e,20,1790780253074
87b169,50,1790865753074
52252c,23,1790781153074
8a2440,48,1790865753074
9596d2,24,1790780253074
424652,55,1790780253074
ddac9c,29,1790781153074
885ba6,50,1790865753074
b3839c,55,1790865753074
6ba5ba,23,1790781153074
20eb94,35,1790780253074
bc647c,51,1790865753074
dc4191,52,1790865753074
3e4423,33,1790780253074
023722,56,1790781153074
574345,37,1790780253074
2c547e,37,1790780253074
9b3c72,29,1790781153074
f1833d,17,1790780253074
b6b2ef,46,1790781153074
912e3b,52,1790781153074
664b2a,25,1790780253074
b91e68,45,1790865753074
f8b212,17,1790865753074
d6f350,33,1790865753074
fbc7d9,29,1790780253074
45461a,58,1790865753074
b45740,56,1790781153074
a2ff23,50,1790781153074
62b037,18,1790865753074
c81e1f,54,1790780253074
3f91e6,59,1790780253074
816cf5,41,1790865753074
9d7354,38,1790781153074
159e7e,59,1790780253074
f65f43,47,1790781153074
37bf54,54,1790780253074
d32783,44,1790780253074
9085d3,41,1790780253074
a0acb0,32,1790781153074
7b7eea,49,1790780253074
c97464,60,1790865753074
87c082,48,1790781153074
7acf52,56,1790865753074
787b29,16,1790781153074
bf5877,42,1790865753074
99e21a,45,1790780253074
966159,60,1790781153074
1e1612,43,1790780253074
baf66c,20,1790780253074
3a6c43,26,1790780253074
dffad5,21,1790865753074
610302,15,1790865753074
ef2b90,55,1790865753074
a77f72,40,1790865753074
c4ac9e,16,1790781153074
e7984b,30,1790781153074
0ae924,37,1790781153074
72497c,39,1790780253074
bd64e1,38,1790781153074
103257,16,1790780253074
d3bfcd,50,1790781153074
0a1d4d,51,1790780253074
99cec5,48,1790780253074
e55cc5,48,1790780253074
5b823a,18,1790865753074
5c2d2e,42,1790780253074
4b6a7e,56,1790780253074
6878a5,43,1790865753074
993f65,39,1790865753074
a99588,60,1790780253074
885dc8,41,1790780253074
2e3cd7,41,1790781153074
6266a4,54,1790865753074
fe369c,55,1790780253074
f968da,35,1790780253074
af3fd1,48,1790865753074
755d00,40,1790865753074
3bb4e0,39,1790780253074
a65d8d,57,1790865753074
661225,59,1790865753074
62aa3d,34,1790780253074
1ab246,34,1790865753074
7ed09a,23,1790781153074
ec3087,21,1790865753074
dabce4,39,1790781153074
cdd893,48,1790865753074
396275,16,1790781153074
d564c9,56,1790865753074
aa9986,49,1790780253074
391518,43,1790780253074
a4f6a3,18,1790780253074
a67b86,47,1790865753074
4c9b66,57,1790781153074
6a601a,27,1790865753074
561b75,34,1790865753074
9a0dc7,22,1790781153074
15befc,60,1790780253074
9c3c24,30,1790780253074
44a6d3,16,1790781153074
98bda5,24,1790865753074
1d6156,53,1790781153074
802f62,53,1790780253074
62706d,18,1790865753074
1af283,31,1790781153074
d9fa78,38,1790781153074
4befde,32,1790780253074
a0a491,25,1790865753074
df394d,41,1790780253074
9b1dfa,29,1790865753074
967025,44,1790780253074
6aa5d6,20,1790865753074
f17d7f,41,1790781153074
c2d8dc,22,1790781153074
01fc8b,36,1790865753074
2b3daf,22,1790780253074
e8e5a8,44,1790781153074
1c0cf2,54,1790865753074
cd9ecb,28,1790865753074
10d4fa,28,1790781153074
4fdb9e,51,1790780253074
1fc331,22,1790780253074
65bbcb,60,1790781153074
065ba7,42,1790865753074
88d3ae,51,1790780253074
34f523,26,1790865753074
789436,60,1790865753074
8d5def,21,1790865753074
767d07,37,1790781153074
18eb89,59,1790780253074
090b2c,22,1790865753074
20ffeb,38,1790781153074
0b2f30,60,1790781153074
b5429e,25,1790781153074
1adc66,22,1790780253074
b7c7f8,34,1790781153074
ab7644,37,1790780253074
5f87d9,29,1790780253074
e340e2,22,1790865753074
05f949,17,1790780253074
5e141e,26,1790781153074
a02546,31,1790781153074
9e64fe,16,1790781153074
68f936,59,1790781153074
02696a,54,1790781153074
73e2ba,16,1790865753074
5cbffb,18,1790781153074
5157a1,29,1790781153074
ecc5c0,48,1790865753074
80fed4,16,1790780253074
a92070,27,1790780253074
3330cc,16,1790780253074
40e549,35,1790780253074
fa2ae7,40,1790780253074
d83387,54,1790865753074
6bc5bd,23,1790865753074
2b40a8,19,1790781153074
c68826,28,1790781153074
a0a158,56,1790781153074
7224c1,43,1790865753074
10a38c,16,1790781153074
e2ef84,33,1790865753074
213fd4,19,1790865753074
ae9611,37,1790781153074
cb6cf1,50,1790781153074
d14bfe,49,1790780253074
da1df5,41,1790780253074
cd2398,48,1790780253074
c2b931,21,1790780253074
69854a,21,1790865753074
097f37,27,1790781153074
95114e,42,1790781153074
bdd737,40,1790865753074
b14752,56,1790865753074
b7a131,51,1790780253074
3ee0dc,25,1790865753074
6c60d2,15,1790865753074
000316,20,1790780253074
19cff8,36,1790780253074
c41885,29,1790865753074
688b63,26,1790865753074
c82256,49,1790865753074
636749,17,1790865753074
3ca672,37,1790781153074
967ed4,27,1790865753074
dd39f9,59,1790781153074
1df2c5,53,1790781153074
077314,34,1790780253074
435942,56,1790780253074
73ed9d,47,1790780253074
37fcda,16,1790865753074
11d684,31,1790780253074
382daf,29,1790780253074
b0c61d,42,1790865753074
9016b3,30,1790780253074
397d7e,17,1790781153074
03f896,55,1790865753074
aa8336,25,1790780253074
7d71ec,53,1790781153074
6d9ad1,27,1790865753074
df6f15,43,1790781153074
14f69d,22,1790781153074
7a9ea9,39,1790781153074
fffc55,20,1790781153074
c34d84,59,1790780253074
f215b9,32,1790865753074
f73935,33,1790865753074
dda369,15,1790781153074
a8392b,50,1790865753074
97e1dc,55,1790781153074
063273,27,1790865753074
5791c1,36,1790781153074
59f5f4,32,1790780253074
0e0609,37,1790781153074
c6f91e,52,1790780253074
f37a60,60,1790865753074
65b40b,36,1790780253074
2345d2,52,1790780253074
a00867,22,1790865753074
fd72c8,30,1790780253074
d722f4,59,1790780253074
9da166,51,1790781153074
b1600d,37,1790865753074
a5e72b,28,1790780253074
035799,50,1790780253074
18764f,16,1790780253074
03d107,47,1790781153074
3ef85b,25,1790780253074
a28f19,37,1790780253074
6ef7d5,35,1790780253074
fed7e8,18,1790781153074
cca1b1,19,1790781153074
5fdcd2,36,1790865753074
f5f6d5,35,1790780253074
4cdaaf,37,1790865753074
4375cb,47,1790865753074
2a7835,39,1790865753074
a212a9,29,1790865753074
9c2d20,41,1790781153074
ed25d7,20,1790865753074
b02ff4,28,1790865753074
067489,41,1790865753074
1b6473,18,1790780253074
15419b,51,1790865753074
37c9da,17,1790780253074
9ce08a,35,1790780253074
9f58c8,22,1790781153074
d40534,19,1790865753074
a64b33,22,1790780253074
8710dc,38,1790865753074
4fe9f1,15,1790781153074
bae369,42,1790781153074
17e82a,36,1790780253074
be439a,56,1790865753074
570def,54,1790781153074
c8a778,29,1790781153074
6a8ad7,46,1790781153074
3d8794,30,1790865753074
38a2a6,33,1790865753074
ade77e,36,1790865753074
e772df,30,1790781153074
0f50f5,27,1790780253074
97ecde,45,1790780253074
1f846f,60,1790865753074
a4852a,37,1790780253074
daea47,40,1790865753074
122d89,56,1790781153074
edb4d5,38,1790865753074
7f516b,52,1790865753074
c51c31,29,1790780253074
c7ff48,41,1790780253074
25aeaa,25,1790865753074
1d5bf3,59,1790781153074
ab771f,40,1790865753074
f64925,16,1790865753074
b30248,58,1790780253074
83a34b,32,1790780253074
8bd5eb,21,1790865753074
5c5d45,32,1790865753074
fc75bc,37,1790781153074
afd18b,43,1790780253074
af2eaa,28,1790865753074
d12d31,29,1790865753074
6a8168,22,1790780253074
c183cb,60,1790780253074
998936,21,1790780253074
15eb21,25,1790780253074
f525d7,40,1790781153074
1f9a8c,41,1790781153074
bd0cb0,27,1790781153074
9262a5,38,1790780253074
669232,48,1790781153074
b29dff,46,1790865753074
5d0c41,47,1790780253074
e61741,60,1790781153074
3369b9,21,1790780253074
f301b2,30,1790781153074
a665de,56,1790780253074
b2146d,41,1790780253074
fd0bae,53,1790781153074
ad59ed,17,1790865753074
c3473c,24,1790780253074
3e76bd,30,1790865753074
be8457,57,1790865753074
5decf0,34,1790865753074
39022e,48,1790865753074
dd000f,15,1790780253074
44ff93,43,1790865753074
ebcd72,39,1790781153074
c4403f,56,1790780253074
1e6590,52,1790781153074
140a2a,49,1790865753074
ed53ed,18,1790781153074
228c0e,53,1790865753074
4f4771,39,1790865753074
17b443,18,1790780253074
1c47ab,54,1790781153074
83f145,42,1790865753074
bd273f,21,1790781153074
c39b21,27,1790781153074
a532a4,57,1790865753074
baf18b,50,1790865753074
0e2331,24,1790781153074
2a7b34,60,1790781153074
15177f,46,1790781153074
e8613a,26,1790780253074
22642b,41,1790865753074
b48125,41,1790780253074
9c7bdd,17,1790780253074
882bca,29,1790780253074
30de90,46,1790780253074
b8fdca,32,1790780253074
9dcd20,34,1790780253074
abe226,56,1790780253074
bb989e,31,1790865753074
43865e,27,1790780253074
04e277,50,1790865753074
4d484e,47,1790865753074
ae657d,35,1790780253074
a3d083,43,1790781153074
2793cb,30,1790780253074
830ff7,30,1790865753074
40afd9,33,1790780253074
e6f784,39,1790865753074
51f978,59,1790781153074
25f034,38,1790781153074
c6b6f3,34,1790781153074
96b294,17,1790781153074
ad5d48,21,1790780253074
c9f1c0,39,1790780253074
be7d9f,30,1790781153074
195eaf,40,1790865753074
52a2d1,46,1790781153074
b0f6ac,18,1790865753074
5c1823,20,1790781153074
332941,36,1790781153074
759008,23,1790780253074
723df1,41,1790781153074
216138,15,1790780253074
56d1d9,60,1790865753074
1c3c23,37,1790865753074
40361d,51,1790781153074
bd2bc9,49,1790781153074
b6ffbb,46,1790865753074
8f04c5,30,1790865753074
da279a,60,1790781153074
d16bbf,44,1790865753074
2a96f7,39,1790781153074
a4c93e,17,1790781153074
fca9af,24,1790780253074
e611e0,58,1790865753074
8c25d2,58,1790780253074
90cd21,60,1790780253074
baa861,37,1790865753074
44d0e8,33,1790865753074
75f7ee,22,1790865753074
3125b3,23,1790780253074
a4a6d9,31,1790865753074
83a6f8,46,1790781153074
4bd158,15,1790865753074
36d558,45,1790781153074
562e8e,23,1790865753074
d8bcb4,28,1790781153074
7e199f,39,1790781153074
bff5e6,24,1790865753074
397be1,52,1790781153074
bcf15a,51,1790780253074
97bf4a,51,1790865753074
911bf2,25,1790780253074
094e6b,28,1790865753074
7f9203,31,1790781153074
d29a65,36,1790865753074
220077,32,1790780253074
e0fbc7,38,1790780253074
bb898a,23,1790780253074
7921e5,44,1790780253074
789b5c,55,1790780253074
cb463f,27,1790865753074
4f24e5,23,1790865753074
cf9e71,19,1790780253074
ddcfb0,26,1790780253074
9708c8,40,1790865753074
e5713d,22,1790781153074
b19756,19,1790865753074
b7e501,52,1790780253074
dd596d,47,1790780253074
9bbe33,26,1790781153074
f3f0ab,60,1790780253074
e9ae9d,17,1790781153074
fcf3be,26,1790865753074
1f53ce,43,1790781153074
68f5d7,24,1790781153074
0767eb,20,1790781153074
ed0a9e,26,1790865753074
bdb79a,46,1790780253074
c9c0b1,57,1790865753074
2a5019,32,1790781153074
d84510,23,1790780253074
89cce7,23,1790781153074
0fe62c,49,1790781153074
f8e981,41,1790781153074
34f2fe,19,1790865753074
cee4aa,32,1790781153074
0c0083,36,1790780253074
95d59d,51,1790780253074
bceacd,56,1790780253074
6ed14f,48,1790865753074
30c1cf,35,1790781153074
1ac1d6,43,1790865753074
b4286b,18,1790865753074
fffb97,44,1790780253074
97281a,40,1790781153074
5dd3e6,32,1790780253074
0135b2,43,1790780253074
4d8fad,28,1790781153074
f1612e,32,1790780253074
f95cff,55,1790865753074
ebe82b,43,1790780253074
b67ed0,27,1790780253074
ff4165,49,1790780253074
faca81,19,1790865753074
7dbcfe,17,1790780253074
22cfa4,46,1790781153074
ab98a3,56,1790781153074
53cd4a,46,1790781153074
94e086,51,1790781153074
f4feb2,58,1790865753074
bb1a5d,29,1790781153074
4608b8,38,1790781153074
66b825,33,1790865753074
9ea5ad,48,1790780253074
24986b,21,1790781153074
8742a6,16,1790781153074
a5ccef,36,1790781153074
adf036,40,1790781153074
116301,16,1790780253074
f9777c,54,1790780253074
4d01c0,52,1790780253074
c972db,25,1790780253074
aab8d9,34,1790780253074
82b544,30,1790781153074
0b1181,33,1790865753074
5fdd6e,56,1790781153074
4ebd8e,37,1790780253074
8b79db,15,1790780253074
f0d972,37,1790780253074
00ccc2,38,1790780253074
e811bf,38,1790781153074
7c977d,51,1790865753074
5102ff,15,1790865753074
87f504,19,1790780253074
a6ef0b,60,1790780253074
3a70fc,38,1790865753074
268bff,32,1790780253074
7ba6f0,60,1790780253074
d28dd0,44,1790780253074
4496c8,55,1790780253074
969038,52,1790781153074
9c7e93,41,1790865753074
4b23d3,47,1790781153074
c19a2a,17,1790780253074
d279c0,23,1790780253074
b119a8,20,1790780253074
ac3b2c,18,1790780253074
799279,37,1790865753074
647af6,47,1790780253074
3d5129,18,1790865753074
52a864,39,1790781153074
9a666d,54,1790865753074
cfedb9,36,1790781153074
4c5302,38,1790865753074
3a117a,50,1790780253074
219716,30,1790865753074
d6be8e,34,1790781153074
c82b54,24,1790865753074
7f7520,43,1790781153074
2ef7f5,28,1790865753074
eba562,19,1790865753074
f9c870,53,1790781153074
2a20d6,20,1790781153074
1203a8,40,1790865753074
bcde91,31,1790865753074
a652ee,42,1790865753074
af899a,46,1790781153074
2714e9,42,1790780253074
3fccab,42,1790780253074
19c457,20,1790780253074
ea53fb,45,1790780253074
7e1f2d,31,1790781153074
464845,27,1790781153074
c0d17d,42,1790865753074
ccbf0a,24,1790780253074
0fe927,29,1790865753074
9604f0,19,1790865753074
b44f72,19,1790780253074
5fc253,39,1790865753074
552c47,20,1790780253074
78a55d,54,1790780253074
770d13,47,1790781153074
9bf724,51,1790865753074
f28fad,19,1790780253074
73aee2,51,1790780253074
ef581b,21,1790865753074
4a1c1d,60,1790780253074
60fa79,59,1790865753074
5957bb,15,1790781153074
a90ac0,38,1790865753074
8c016c,19,1790780253074
e85cae,19,1790865753074
4e853f,55,1790865753074
da7e6d,49,1790865753074
f31803,48,1790781153074
509d23,20,1790780253074
25f8f8,53,1790865753074
6cc771,37,1790780253074
d208ab,19,1790780253074
482170,50,1790781153074
072637,35,1790780253074
a542dc,56,1790865753074
97b55d,31,1790780253074
a6b477,15,1790781153074
7e0828,46,1790780253074
bf4fbc,45,1790781153074
88af1a,36,1790780253074
234af1,55,1790780253074
b2f8bf,31,1790865753074
2e1638,27,1790780253074
343c8b,43,1790780253074
0a746b,38,1790781153074
09152a,16,1790780253074
c46965,44,1790781153074
b844e2,52,1790780253074
8b81d1,29,1790781153074
3dbd04,59,1790780253074
32936d,24,1790865753074
5af9c5,43,1790780253074
2007c2,52,1790781153074
cc2786,34,1790780253074
b84893,41,1790781153074
cd6918,47,1790865753074
edac6a,51,1790865753074
fbc60e,30,1790865753074
13ecf8,18,1790781153074
df207b,49,1790865753074
2a2164,16,1790865753074
f5d311,60,1790781153074
0b7503,43,1790865753074
6b4cfb,15,1790865753074
3d5eb0,40,1790780253074
3b4d24,40,1790865753074
d9895a,43,1790865753074
4a24e6,49,1790865753074
bdad21,31,1790865753074
f6208a,25,1790781153074
7df9c0,37,1790781153074
8572cf,43,1790781153074
f236ed,52,1790865753074
3a5cc7,38,1790781153074
de0754,15,1790781153074
d5ea45,51,1790865753074
082fe3,28,1790865753074
97831a,35,1790780253074
5a3017,30,1790780253074
a3eb85,60,1790865753074
218841,47,1790780253074
1f2bb3,25,1790781153074
03a3b9,22,1790865753074
02cfa8,38,1790780253074
6fcd75,50,1790865753074
37893f,33,1790781153074
61cfbf,56,1790781153074
5e4e01,57,1790865753074
c3f6fe,54,1790780253074
161d45,52,1790781153074
1512bf,27,1790865753074
c369f6,41,1790865753074
74a005,26,1790781153074
fd1d6c,37,1790781153074
65058a,57,1790865753074
f33ca2,28,1790781153074
21d702,17,1790781153074
49fd03,47,1790865753074
716661,42,1790780253074
6b4b93,20,1790865753074
d0ff15,40,1790865753074
e03f96,33,1790781153074
259845,53,1790780253074
b241b5,46,1790865753074
648028,17,1790781153074
c98668,28,1790780253074
d6d112,18,1790780253074
cb2a8d,19,1790865753074
72475f,17,1790865753074
e081fa,60,1790781153074
a67ddf,27,1790780253074
8daaa8,31,1790865753074
bad46f,52,1790865753074
b59dc0,54,1790865753074
e8b7ab,50,1790865753074
9a4e9b,48,1790865753074
b07e5b,34,1790865753074
4b7ce1,43,1790781153074
80a05c,24,1790780253074
064555,58,1790781153074
dedc2c,28,1790780253074
8b0859,54,1790781153074
b9cbe6,31,1790781153074
f701de,39,1790781153074
89fc04,24,1790780253074
17087e,30,1790781153074
9bb262,20,1790781153074
de4f3f,15,1790781153074
326f61,46,1790780253074
3fe07c,40,1790781153074
6e2e76,42,1790780253074
9be566,30,1790780253074
01a98a,44,1790865753074
b72e51,28,1790780253074
0f44ca,60,1790865753074
eb1010,19,1790781153074
542012,31,1790865753074
4a3e87,52,1790781153074
b27152,49,1790780253074
7b6f56,40,1790865753074
5170ea,17,1790780253074
4a588d,36,1790865753074
a9f602,33,1790780253074
4579f8,36,1790865753074
808274,50,1790780253074
9425aa,24,1790781153074
424cfe,39,1790780253074
386a85,28,1790865753074
da51a7,30,1790781153074
b8ee5d,43,1790865753074
e016cf,54,1790781153074
683941,22,1790780253074
c656d3,53,1790780253074
252683,24,1790781153074
28d74c,46,1790865753074
0e9ea7,55,1790781153074
9fee51,22,1790865753074
62dae4,60,1790865753074
47b69f,36,1790780253074
bc78d5,31,1790781153074
7c19ad,42,1790781153074
76a1cb,50,1790865753074
41a31c,26,1790781153074
2af8e7,45,1790865753074
5e6097,46,1790781153074
cbac03,60,1790781153074
502598,21,1790781153074
f5e0c7,40,1790781153074
318320,36,1790865753074
25b966,22,1790865753074
0cd645,45,1790865753074
f88fdf,49,1790780253074
303aa6,36,1790781153074
bf2b1c,23,1790780253074
3ec5e7,57,1790780253074
dd150d,57,1790781153074
fe0296,40,1790781153074
d2280b,26,1790780253074
f6c61e,23,1790781153074
cea35f,40,1790781153074
bcbb8c,49,1790781153074
1c82d2,43,1790780253074
fad631,39,1790865753074
f1f652,36,1790780253074
dac636,42,1790781153074
41bfaa,39,1790780253074
47aa6a,46,1790781153074
df6722,22,1790781153074
b54a2a,20,1790865753074
9ae989,39,1790865753074
cb08c4,21,1790781153074
ae2835,35,1790781153074
dc1754,47,1790865753074
d9d988,25,1790781153074
b73f0c,38,1790780253074
b145a7,32,1790780253074
38e6b9,50,1790780253074
9868ac,43,1790865753074
ad4af1,52,1790781153074
788834,25,1790865753074
64f2ba,17,1790865753074
b762d7,36,1790780253074
da4025,51,1790781153074
da8ace,59,1790781153074
0fa423,30,1790865753074
2374bf,51,1790780253074
e4bd46,46,1790780253074
9ca9e2,51,1790781153074
1a06f3,40,1790781153074
156e87,52,1790780253074
508925,35,1790865753074
2dfa61,18,1790865753074
47bdb8,21,1790865753074
e437ad,28,1790865753074
8ea0da,36,1790781153074
2caa75,26,1790865753074
f0e908,29,1790865753074
b827b7,26,1790780253074
ff4ff1,22,1790865753074
72edcf,39,1790780253074
887331,53,1790781153074
dc9f06,19,1790865753074
31af4b,47,1790781153074
6b836a,16,1790865753074
21c948,51,1790781153074
8653d9,58,1790780253074
509adb,40,1790865753074
693328,54,1790865753074
2f7d98,32,1790781153074
78e4f4,42,1790780253074
b7f257,30,1790781153074
12c4b5,28,1790781153074
699929,52,1790780253074
f0fc33,52,1790865753074
423912,57,1790780253074
659dd0,19,1790865753074
1ed17d,17,1790780253074
4b5011,55,1790781153074
297776,38,1790780253074
f7638d,35,1790780253074
8471a0,38,1790865753074
fe2fa5,41,1790865753074
5c2928,20,1790780253074
f530eb,23,1790865753074
1deb06,27,1790781153074
c8a7f9,37,1790865753074
aff121,57,1790781153074
2de783,40,1790781153074
c31f2a,20,1790781153074
2a2834,23,1790865753074
617ff2,24,1790781153074
e813ac,18,1790781153074
f39532,54,1790865753074
b9045e,26,1790780253074
d19e8d,50,1790781153074
16ee75,32,1790865753074
876ba3,39,1790865753074
45b469,57,1790780253074
5c6edc,50,1790781153074
b51196,37,1790781153074
98f6ba,58,1790780253074
f119c6,50,1790780253074
fca265,46,1790781153074
eb2728,39,1790865753074
59b865,51,1790865753074
2f4876,37,1790780253074
a39afe,26,1790865753074
39a099,58,1790781153074
52d694,43,1790780253074
d263c4,57,1790865753074
f36f79,16,1790780253074
908e13,59,1790781153074
8e4354,47,1790781153074
e6cd94,40,1790780253074
5d62a3,20,1790781153074
5be3df,40,1790781153074
b3031a,30,1790780253074
2c0874,45,1790781153074
37e826,47,1790865753074
8b9945,54,1790781153074
8a660b,48,1790780253074
fe7e91,37,1790781153074
4fb35b,33,1790865753074
fa4ec9,32,1790781153074
c3562c,31,1790780253074
003645,24,1790865753074
766c10,38,1790780253074
94cc09,35,1790780253074
b11664,49,1790865753074
ee9915,34,1790780253074
cf0d06,59,1790780253074
778dcd,48,1790781153074
8895b7,27,1790865753074
e60615,52,1790780253074
d58e6a,23,1790781153074
3efe0a,41,1790781153074
564d3f,16,1790780253074
6eb538,53,1790780253074
a3ae9c,46,1790865753074
655a4a,17,1790865753074
5dc51b,38,1790781153074
6be57e,33,1790781153074
963c12,30,1790865753074
45975c,38,1790781153074
4d8598,32,1790781153074
92a499,26,1790781153074
9903a3,17,1790780253074
77dff2,38,1790781153074
6b406e,42,1790780253074
977a29,54,1790780253074
2cffd8,45,1790780253074
ed1ba7,27,1790780253074
71af9d,52,1790865753074
9f98a5,39,1790865753074
83f5b1,19,1790865753074
bb3a8e,50,1790780253074
502c0d,31,1790780253074
ce8064,54,1790865753074
16e7ea,20,1790780253074
a89115,36,1790781153074
98517b,60,1790780253074
92b48d,49,1790865753074
ffc14f,58,1790781153074
f1cbbd,37,1790781153074
6a2797,35,1790781153074
af83c6,38,1790865753074
1f0a09,52,1790780253074
c86ec9,16,1790865753074
d17652,27,1790780253074
a9ad27,55,1790865753074
516cfe,35,1790780253074
966102,30,1790865753074
f170b5,56,1790780253074
ce7876,58,1790865753074
38359f,34,1790865753074
eb9939,58,1790865753074
0405ed,46,1790865753074
ddd6aa,40,1790780253074
462ded,53,1790865753074
58d856,40,1790780253074
e08788,19,1790780253074
c501a6,31,1790865753074
322278,20,1790781153074
17bfc8,22,1790780253074
62195d,49,1790865753074
ef6d5e,32,1790781153074
6e63e5,18,1790780253074
605e7f,17,1790780253074
311070,43,1790781153074
a34f93,32,1790781153074
c01844,31,1790865753074
93b616,43,1790781153074
ce4c0b,48,1790865753074
ccb33a,40,1790865753074
e9708c,53,1790865753074
685f60,18,1790780253074
319fb0,41,1790865753074
4c4b37,16,1790865753074
b1ee7e,50,1790865753074
cbaafc,26,1790780253074
f7bee1,55,1790865753074
784f9d,26,1790780253074
be4300,30,1790781153074
6efc88,38,1790865753074
40b42d,55,1790780253074
224e6a,28,1790781153074
df061f,17,1790781153074
c3cfaa,37,1790781153074
d2a2a6,36,1790780253074
13acae,55,1790780253074
dc9d61,32,1790781153074
f30cfd,15,1790780253074
41c78c,56,1790781153074
ce300d,35,1790865753074
02135c,50,1790780253074
9bf7ad,58,1790865753074
e59739,27,1790781153074
4d77af,43,1790781153074
d8613c,56,1790780253074
d53f78,15,1790780253074
79f5ef,52,1790865753074
28a212,59,1790780253074
b5a875,21,1790780253074
01fb39,40,1790781153074
06d92f,48,1790865753074
e9c8c8,44,1790781153074
50ee77,44,1790780253074
4a9834,59,1790780253074
dfd86e,24,1790865753074
0622f4,25,1790780253074
94595f,47,1790780253074
68c693,59,1790780253074
33ea05,36,1790780253074
d39d77,33,1790781153074
f0ac2b,22,1790780253074
babfcf,56,1790780253074
579760,47,1790865753074
9a2ae6,43,1790865753074
17844c,35,1790781153074
2f3349,49,1790865753074
df3ddd,15,1790781153074
4a0652,47,1790780253074
9e2930,38,1790865753074
7e1244,60,1790780253074
58fc64,23,1790865753074
583a82,18,1790865753074
7cbb60,15,1790865753074
03a081,60,1790781153074
d89565,29,1790865753074
5d0cc8,34,1790781153074
44a756,40,1790781153074
70bd50,37,1790865753074
7ee4d1,37,1790780253074
107be7,32,1790781153074
64dc9a,39,1790865753074
13f4aa,37,1790780253074
0fd658,45,1790780253074
86a3d8,44,1790780253074
7082ef,58,1790781153074
d064c6,19,1790865753074
f69a1f,55,1790781153074
b5133e,52,1790781153074
c228ed,51,1790780253074
cd8576,48,1790865753074
eaa8bc,28,1790780253074
6fb5e2,49,1790781153074
d58f70,28,1790780253074
59c2aa,32,1790781153074
5af7d6,55,1790780253074
4717d3,58,1790780253074
1c121a,39,1790865753074
393c33,55,1790865753074
ccab6b,57,1790781153074
984f3c,28,1790780253074
ebb494,29,1790780253074
744c60,22,1790780253074
0a3d30,28,1790780253074
116cf1,45,1790781153074
8f7f21,60,1790865753074
c85c58,45,1790780253074
af49bc,37,1790781153074
c4412b,30,1790781153074
309a30,50,1790781153074
547654,17,1790865753074
cc8ea2,31,1790865753074
55de17,27,1790780253074
e4365e,45,1790865753074
622510,39,1790781153074
99499a,20,1790781153074
d4f7d3,52,1790865753074
4ef494,36,1790780253074
ab7670,57,1790865753074
194d2a,26,1790780253074
96915e,20,1790780253074
5582da,45,1790865753074
f67c8a,60,1790781153074
9b115a,44,1790865753074
7d37e5,23,1790780253074
2aee4c,18,1790781153074
ea6ed9,18,1790865753074
e75327,27,1790865753074
e24c6b,50,1790865753074
fe2380,56,1790780253074
893c0f,45,1790865753074
342a0a,35,1790780253074
2d4248,20,1790780253074
0520e7,56,1790780253074
4f0a68,23,1790781153074
efc02d,57,1790781153074
c0fca1,15,1790781153074
696772,47,1790780253074
39be0b,21,1790780253074
5bde93,41,1790781153074
ef82aa,52,1790780253074
7addf6,19,1790780253074
8a030f,51,1790780253074
58c76c,37,1790780253074
cafa0b,17,1790781153074
b0d3e8,20,1790780253074
8715b7,21,1790865753074
38406a,22,1790780253074
eba8ad,26,1790865753074
bb2e9a,48,1790865753074
bf4846,47,1790865753074
fb8c34,54,1790780253074
f79f78,42,1790781153074
54bfb3,23,1790865753074
ca9dc9,40,1790780253074
13a816,52,1790781153074
c6a13a,43,1790781153074
608694,32,1790865753074
eb6556,48,1790780253074
940a41,15,1790780253074
8c9b0c,60,1790780253074
fbbbf8,31,1790781153074
4b08c0,26,1790865753074
a4d9a0,25,1790780253074
b10b58,55,1790865753074
e66ccd,26,1790865753074
98d7c9,42,1790780253074
45e714,54,1790780253074
be73a8,25,1790780253074
791d98,35,1790781153074
433c05,37,1790865753074
2ca5e5,35,1790865753074
59fcb0,15,1790865753074
150a10,52,1790781153074
9c08ea,31,1790865753074
cdd377,55,1790781153074
f6c049,16,1790865753074
fdb6fc,26,1790865753074
552772,25,1790781153074
4d1b35,18,1790780253074
d5bd5d,48,1790780253074
a62b01,18,1790781153074
57e01e,39,1790780253074
1a5c6a,42,1790780253074
f4aba8,33,1790781153074
cf503a,51,1790781153074
854be0,51,1790781153074
817c42,18,1790780253074
e4c9bf,41,1790865753074
bd9d10,47,1790780253074
19052e,33,1790781153074
a206f5,35,1790780253074
304c8c,56,1790781153074
4d432c,32,1790780253074
70d23c,22,1790865753074
f9724b,43,1790780253074
179d7f,48,1790781153074
eab8c9,26,1790780253074
d89917,44,1790865753074
a233ab,42,1790780253074
08174a,45,1790865753074
11bf3c,36,1790780253074
9f5113,60,1790865753074
c2c52c,17,1790780253074
e3b140,59,1790865753074
2131fb,58,1790781153074
6ca818,59,1790865753074
a9012a,45,1790781153074
e68e74,40,1790780253074
3d6bb7,34,1790865753074
24573f,38,1790780253074
042b64,49,1790781153074
3a4322,49,1790781153074
2ab2e0,19,1790780253074
48f5e9,21,1790865753074
8be420,22,1790780253074
92de4c,39,1790781153074
739f8c,17,1790780253074
b06b7f,27,1790865753074
bc2c51,27,1790865753074
fac50c,30,1790865753074
2a1ee2,42,1790865753074
0fb3cf,56,1790781153074
fb3a8b,53,1790781153074
c6905a,37,1790865753074
3476ed,37,1790780253074
3b859e,54,1790780253074
fb8889,29,1790780253074
561c7a,44,1790865753074
21bb09,48,1790865753074
bbf3c4,39,1790865753074
cf0e38,56,1790780253074
d4bc75,40,1790781153074
730c97,56,1790780253074
18739b,16,1790865753074
3e83ed,36,1790865753074
3f0949,49,1790865753074
a120e7,15,1790865753074
f1d15f,27,1790781153074
492189,24,1790781153074
ae6a22,37,1790780253074
e3920a,54,1790781153074
693b6b,30,1790780253074
c2378c,55,1790781153074
3eb499,16,1790780253074
1d131d,17,1790865753074
f519ff,20,1790781153074
128693,52,1790780253074
b0d21a,55,1790865753074
cab723,48,1790865753074
55274f,21,1790780253074
d5d2c3,25,1790780253074
883e56,18,1790865753074
d7baac,23,1790781153074
77416a,19,1790865753074
1f6d09,59,1790865753074
981d08,50,1790781153074
af9ba0,25,1790865753074
97d6f8,56,1790780253074
c886b6,39,1790780253074
9bef77,33,1790780253074
973f22,49,1790780253074
9db256,38,1790865753074
582a18,51,1790865753074
ab6b31,47,1790780253074
a1fb91,17,1790865753074
978da2,60,1790780253074
e8a521,59,1790781153074
65c264,22,1790781153074
358f37,18,1790780253074
fada7b,51,1790781153074
08e1b5,51,1790780253074
8fa57d,38,1790781153074
447db0,37,1790781153074
d34c49,27,1790781153074
0f894b,25,1790781153074
c2eb7d,19,1790780253074
0b0a83,37,1790781153074
c2259d,54,1790865753074
536a60,40,1790780253074
3fa8ab,34,1790865753074
1380a9,43,1790780253074
82d71b,36,1790780253074
78e09d,15,1790865753074
55f6da,39,1790865753074
a0c216,27,1790780253074
b92afe,44,1790780253074
5ecabe,33,1790780253074
620244,35,1790780253074
46f0a8,44,1790780253074
68a064,44,1790865753074
772a1b,39,1790865753074
0c2ea1,16,1790781153074
55ec68,25,1790781153074
158bb0,60,1790781153074
b84f87,60,1790865753074
a122db,55,1790781153074
6e30bc,37,1790781153074
1c8ff0,42,1790781153074
a28407,43,1790865753074
8bee29,21,1790865753074
a15d56,41,1790781153074
a73a78,20,1790780253074
bbb7e7,29,1790781153074
5c7de7,36,1790780253074
5b39f1,27,1790781153074
e5ebac,55,1790865753074
83f9af,47,1790780253074
d96d2d,20,1790781153074
bf0678,46,1790781153074
a4868b,19,1790865753074
731774,57,1790781153074
b309c1,35,1790781153074
51e159,55,1790781153074
726fdf,40,1790780253074
06c022,46,1790780253074
d0f426,15,1790780253074
483fad,60,1790865753074
2eb481,28,1790781153074
807176,40,1790781153074
184193,54,1790780253074
92d17d,53,1790865753074
cc2438,38,1790865753074
3091fb,53,1790780253074
3fabfd,37,1790780253074
872531,33,1790780253074
2e9717,28,1790781153074
3e0a8c,26,1790781153074
6232fd,40,1790781153074
c93b7d,54,1790865753074
a57a37,44,1790781153074
b3723f,47,1790865753074
3fc863,30,1790780253074
15324d,51,1790781153074
476264,56,1790780253074
bb9402,56,1790865753074
6a455c,56,1790780253074
5cc91e,24,1790781153074
449690,59,1790865753074
fc82b1,30,1790780253074
d7f1f2,33,1790780253074
06e610,42,1790780253074
a9ef8e,55,1790780253074
2ee040,20,1790865753074
f4a4e9,56,1790865753074
01c8b5,45,1790780253074
1be85b,19,1790780253074
dfc965,30,1790781153074
9e3a78,27,1790865753074
4b18c3,17,1790781153074
82c605,31,1790865753074
242775,54,1790865753074
fcd4cb,45,1790865753074
67e725,45,1790780253074
492b8a,30,1790780253074
35947b,46,1790780253074
5cdbf0,36,1790781153074
34bc4c,30,1790781153074
c7368c,41,1790781153074
da34c7,49,1790780253074
d513d3,36,1790865753074
ef46e4,47,1790780253074
d06c86,44,1790781153074
494fc5,56,1790780253074
e74684,24,1790780253074
f14c03,31,1790865753074
7afbf5,30,1790780253074
f28c66,58,1790781153074
740b28,54,1790780253074
15ec1a,48,1790865753074
3e07be,41,1790865753074
9211ff,60,1790780253074
84820e,31,1790780253074
6eb4d5,45,1790780253074
502134,45,1790865753074
1537cd,23,1790865753074
138891,23,1790781153074
ff81de,19,1790865753074
652848,26,1790780253074
e41167,52,1790865753074
447b26,36,1790781153074
3f2c58,41,1790865753074
998195,30,1790865753074
a8f2de,42,1790781153074
e70fa5,38,1790781153074
b4931a,19,1790865753074
31f167,31,1790865753074
c2e4e7,53,1790781153074
0827b2,58,1790781153074
fe54e4,36,1790780253074
b8760a,25,1790865753074
cc567d,17,1790780253074
37ce56,19,1790781153074
e409de,28,1790780253074
1d81e2,28,1790781153074
4eb463,43,1790780253074
5837d4,27,1790865753074
f709a3,52,1790865753074
6e8b7f,41,1790781153074
37a5d7,41,1790781153074
89950a,51,1790781153074
c3a61c,22,1790781153074
969b68,29,1790780253074
716e9e,54,1790865753074
bf22b3,30,1790781153074
ca0567,47,1790780253074
a4214f,20,1790865753074
1d29e9,18,1790865753074
cccefe,37,1790865753074
628876,26,1790780253074
3867a8,41,1790781153074
3e6340,16,1790865753074
8b1a94,52,1790781153074
7df18b,27,1790780253074
e28440,21,1790865753074
85b324,42,1790865753074
76646e,49,1790780253074
698862,54,1790780253074
4be1c2,39,1790781153074
dea5f9,49,1790780253074
1e6ae6,17,1790781153074
aeb6ff,21,1790865753074
05a26b,51,1790781153074
4e252d,27,1790865753074
f4255d,53,1790780253074
1b06a4,28,1790780253074
a6ff43,32,1790780253074
1c1592,47,1790865753074
9743ed,53,1790781153074
838a82,37,1790781153074
53368d,26,1790865753074
c46bf7,17,1790781153074
231e55,16,1790865753074
bc9b7d,46,1790781153074
975fa5,17,1790781153074
b42372,15,1790781153074
1c97ce,54,1790865753074
190b8b,54,1790780253074
3f9b64,22,1790781153074
0ce1bc,58,1790865753074
f214bc,37,1790780253074
480ece,19,1790780253074
0e7931,26,1790865753074
43c478,50,1790780253074
e6bec5,20,1790781153074
842524,40,1790865753074
f9441a,57,1790865753074
1a20d2,26,1790781153074
c89775,16,1790781153074
ca5613,35,1790780253074
872922,17,1790780253074
b869a2,38,1790865753074
daeee1,23,1790780253074
89c8e6,30,1790865753074
fb0111,51,1790865753074
66bd22,40,1790781153074
f1cb69,53,1790781153074
2b9471,16,1790780253074
11f3c6,15,1790781153074
df4e26,32,1790865753074
bf98f6,41,1790865753074
ed75fe,30,1790781153074
6b82b4,19,1790780253074
36852b,30,1790781153074
195fc2,21,1790780253074
2444cf,57,1790780253074
34c327,35,1790781153074
96e294,37,1790781153074
9209a1,55,1790865753074
b7bd63,30,1790865753074
f16122,40,1790865753074
d416e1,37,1790780253074
7f3ebb,46,1790865753074
acbf8b,43,1790865753074
f345ea,48,1790780253074
0c3d60,19,1790781153074
59298b,59,1790780253074
2d3bdf,15,1790781153074
68b4dd,24,1790781153074
dde66a,52,1790865753074
1a62a2,53,1790865753074
43f5e2,15,1790781153074
f64f46,49,1790780253074
48eb20,21,1790865753074
98604f,57,1790865753074
4a9aaa,43,1790780253074
48f20a,56,1790865753074
dac2ea,59,1790865753074
a5734a,45,1790780253074
1da4b3,55,1790865753074
00697e,21,1790865753074
3d770d,48,1790865753074
6214b9,29,1790781153074
ac024b,57,1790780253074
c27374,15,1790781153074
56410f,42,1790781153074
c531fa,48,1790780253074
be4e27,51,1790865753074
6e9996,58,1790781153074
70843c,42,1790865753074
7a5739,36,1790781153074
966634,27,1790781153074
43c793,39,1790781153074
f61475,30,1790780253074
42e217,19,1790865753074
8e7f8f,46,1790865753074
7faa01,21,1790780253074
851464,54,1790865753074
75524e,20,1790780253074
4cf039,36,1790865753074
183f9f,17,1790865753074
f369b2,20,1790781153074
a81613,32,1790780253074
8cbee3,23,1790781153074
2a6464,26,1790781153074
f269d5,24,1790780253074
a6e5dd,44,1790781153074
dbd50b,39,1790780253074
ca9d6b,20,1790781153074
3113d8,40,1790865753074
5bfae7,58,1790781153074
c6ba6c,16,1790865753074
597341,28,1790865753074
4ff35a,45,1790781153074
d812a3,33,1790781153074
ac3ad4,50,1790780253074
911053,50,1790780253074
5f45f1,37,1790781153074
39fb28,46,1790865753074
75c212,25,1790865753074
c8c2f0,54,1790781153074
1be9b8,59,1790781153074
430576,55,1790865753074
99b063,33,1790780253074
f2c5d4,43,1790781153074
9aef64,45,1790780253074
28744d,32,1790781153074
babe3e,47,1790781153074
14fa3a,35,1790781153074
a2150b,27,1790781153074
768da7,19,1790780253074
d4453c,44,1790781153074
fb3f12,41,1790781153074
cf4fd0,22,1790781153074
794853,35,1790865753074
0dd374,36,1790781153074
9c02d5,40,1790865753074
be4c13,18,1790780253074
a2e6b0,53,1790865753074
f7ce87,18,1790780253074
14af5f,47,1790781153074
47c463,15,1790780253074
4317aa,38,1790865753074
c07da0,45,1790781153074
120460,26,1790865753074
ffa111,39,1790865753074
03cae9,34,1790865753074
6362cb,21,1790780253074
764d9d,23,1790780253074
fc6bfe,55,1790780253074
768d35,23,1790865753074
415d07,33,1790780253074
fdcda3,37,1790780253074
70cf57,29,1790780253074
ac99df,54,1790865753074
38b213,28,1790865753074
9f67e3,51,1790781153074
ad1ebe,58,1790865753074
ba2139,21,1790781153074
0739cf,37,1790780253074
7a0642,60,1790781153074
f232c4,47,1790780253074
7b39cb,29,1790781153074
cb3fd7,26,1790781153074
88de51,38,1790781153074
6ff080,27,1790781153074
61254e,32,1790781153074
35db40,55,1790780253074
93e71d,24,1790781153074
05aca0,58,1790780253074
381542,56,1790781153074
b28b4f,28,1790780253074
822b5c,23,1790780253074
21812e,45,1790781153074
a87de9,20,1790781153074
583f59,43,1790781153074
087e24,57,1790865753074
43bb1e,47,1790865753074
6d658c,47,1790781153074
dcb4d1,17,1790780253074
a20032,36,1790781153074
996167,48,1790865753074
afebe5,52,1790780253074
b8d8aa,33,1790781153074
c9787e,23,1790865753074
5a0df2,30,1790780253074
cbd343,31,1790780253074
6336e7,22,1790865753074
944be4,41,1790780253074
7573af,44,1790781153074
01a547,31,1790780253074
28e15b,24,1790781153074
820aae,59,1790865753074
1885dd,54,1790865753074
bb087f,52,1790865753074
634151,34,1790781153074
3ab739,32,1790865753074
1d59b3,54,1790780253074
899658,36,1790780253074
a0251b,57,1790781153074
7de0b5,53,1790865753074
ff275b,44,1790781153074
e68c19,54,1790781153074
43ed02,60,1790781153074
a519be,28,1790780253074
c63f8d,40,1790865753074
1f9d27,18,1790780253074
63d337,56,1790780253074
7aa3b0,15,1790865753074
125235,25,1790781153074
d549ce,59,1790781153074
790248,57,1790780253074
f4a0ab,18,1790781153074
9e2447,51,1790865753074
b13e20,23,1790865753074
5e5d7d,23,1790781153074
f7e3cd,34,1790780253074
5287ed,39,1790781153074
91a360,42,1790780253074
8c054a,31,1790780253074
e0f6ea,37,1790865753074
be488f,48,1790780253074
52e15f,56,1790781153074
1be08b,35,1790781153074
9fe1bf,30,1790781153074
56aa56,21,1790865753074
70cf6e,29,1790781153074
6fd402,57,1790865753074
3d0215,44,1790781153074
eb5764,55,1790780253074
9e0cd2,17,1790780253074
d43641,22,1790865753074
f28555,56,1790780253074
20de38,25,1790865753074
dfc486,46,1790865753074
01d9fe,24,1790865753074
1b9d64,28,1790865753074
10002a,30,1790865753074
d846fb,41,1790865753074
42f27f,52,1790781153074
6348d5,52,1790781153074
9d7bb4,34,1790781153074
ff5a15,49,1790780253074
362490,57,1790865753074
a7c3c5,54,1790780253074
0b9128,48,1790780253074
df8c9e,21,1790780253074
8146d9,27,1790780253074
0c4250,16,1790865753074
fa1409,42,1790781153074
203ef3,51,1790781153074
371465,45,1790781153074
5e168f,20,1790781153074
22a8d2,20,1790865753074
eeea14,20,1790781153074
696a69,47,1790780253074
2158bd,20,1790865753074
f75932,32,1790781153074
97fb8c,22,1790780253074
6551b4,33,1790780253074
b851fb,30,1790781153074
5503e8,60,1790780253074
78df0e,40,1790865753074
86a51c,27,1790780253074
f766aa,17,1790780253074
05e719,43,1790865753074
c12ddd,21,1790780253074
689f33,50,1790780253074
cea811,57,1790865753074
5e182b,53,1790780253074
6cf2c4,43,1790865753074
605f44,47,1790781153074
b5699c,30,1790781153074
8d7cf1,60,1790780253074
ab0439,22,1790865753074
d36536,20,1790780253074
ddffcf,43,1790780253074
f258c0,32,1790781153074
4d12f2,21,1790781153074
dfaec3,18,1790865753074
11cb04,51,1790865753074
13db7d,32,1790865753074
e6c5b7,42,1790780253074
c3d9b2,37,1790865753074
abb339,23,1790781153074
ba3d54,58,1790780253074
9d511a,43,1790780253074
9c6598,26,1790865753074
2b1f48,19,1790865753074
0b020a,23,1790865753074
ddb922,24,1790781153074
42e81d,21,1790865753074
5eef58,48,1790865753074
90a674,52,1790780253074
27e704,23,1790865753074
b2e53e,19,1790865753074
cffe23,41,1790865753074
17f453,23,1790865753074
5291d5,20,1790865753074
e7c159,20,1790780253074
6341e2,19,1790781153074
c1e673,32,1790780253074
a97c6c,57,1790780253074
67d74f,55,1790780253074
b9651b,26,1790865753074
84c809,19,1790781153074
b8bcbd,28,1790865753074
282270,59,1790865753074
c90990,42,1790780253074
987613,35,1790780253074
b02285,37,1790781153074
b48d27,21,1790781153074
2a95ac,24,1790781153074
dc5ce7,52,1790781153074
4ccdd0,59,1790865753074
c37ce2,56,1790865753074
ee9574,46,1790780253074
75ea47,55,1790865753074
71deac,25,1790865753074
78725f,35,1790865753074
f380a3,21,1790780253074
bcfc7e,32,1790781153074
caaaf5,49,1790781153074
0a36ba,24,1790781153074
e90bdf,31,1790780253074
7215bd,15,1790865753074
09d9f5,49,1790781153074
bf4dea,34,1790781153074
1d29d9,40,1790865753074
024c3b,56,1790865753074
fb4476,36,1790865753074
b63454,45,1790865753074
582897,43,1790780253074
a772d4,20,1790780253074
9ab04a,19,1790781153074
9d76de,24,1790780253074
93bcbf,22,1790780253074
69c344,27,1790781153074
d39f65,59,1790780253074
60f295,43,1790865753074
9a442c,58,1790780253074
25de18,48,1790865753074
5c1131,51,1790781153074
cb8385,56,1790780253074
52f08b,54,1790865753074
ea982d,29,1790865753074
526002,39,1790780253074
77cd8f,17,1790780253074
e4183b,53,1790780253074
7058cc,28,1790780253074
b86004,17,1790865753074
6c1d25,51,1790780253074
632af5,47,1790781153074
87d9d2,50,1790780253074
037a90,60,1790781153074
cfaf04,54,1790781153074
2cd844,60,1790865753074
aa84cc,32,1790781153074
eb00bc,47,1790781153074
ffedca,58,1790781153074
91d9fd,54,1790781153074
0a0c3d,56,1790781153074
888cb3,46,1790865753074
6044a8,26,1790865753074
57581e,52,1790780253074
20f448,19,1790865753074
c6d3b1,16,1790865753074
31fc8d,21,1790865753074
563076,26,1790780253074
befe06,30,1790781153074
ccff1b,29,1790780253074
1308a4,44,1790781153074
5122f0,32,1790780253074
f44929,59,1790781153074
631222,36,1790781153074
9816c8,34,1790780253074
e33c8b,38,1790781153074
0e5f4c,15,1790780253074
dfba20,24,1790781153074
7f93ba,17,1790781153074
90efc5,15,1790865753074
abf521,41,1790781153074
e762fb,28,1790780253074
caeff5,49,1790781153074
389548,39,1790780253074
f7880d,18,1790865753074
afdebe,28,1790781153074
2ae0e8,20,1790780253074
b91eb6,52,1790781153074
919f3b,33,1790780253074
16517f,25,1790865753074
1382e0,36,1790781153074
12cd3b,26,1790865753074
acfaed,38,1790781153074
b5d073,33,1790781153074
e7dfac,55,1790780253074
f7b0b1,53,1790865753074
9de35b,32,1790865753074
223393,50,1790865753074
297e39,15,1790780253074
7f753b,48,1790780253074
96a53e,45,1790780253074
d9fb98,60,1790781153074
79b34d,16,1790865753074
7d6b6f,26,1790865753074
ee223d,57,1790781153074
bf768c,28,1790781153074
41deba,53,1790865753074
c09833,31,1790865753074
a11be9,31,1790781153074
97252c,28,1790781153074
ff3738,22,1790780253074
fedf2f,47,1790865753074
98c454,35,1790865753074
6e2464,42,1790781153074
264f62,46,1790865753074
d91e16,19,1790865753074
742189,49,1790780253074
4cce8a,33,1790781153074
d4bc50,52,1790781153074
53f845,59,1790780253074
494f38,22,1790781153074
72436b,24,1790865753074
43d8a7,31,1790780253074
136839,53,1790781153074
9b2a64,56,1790780253074
227a1c,52,1790781153074
c6fba0,53,1790781153074
35be48,30,1790780253074
1de0de,42,1790780253074
5bed14,22,1790781153074
662e37,47,1790780253074
e49a36,37,1790780253074
67f2b7,43,1790781153074
2cbc6f,39,1790865753074
a94aa1,15,1790780253074
cc37e2,34,1790780253074
4e6a57,31,1790781153074
f5858d,60,1790780253074
c95c0e,33,1790780253074
456814,37,1790865753074
1cb819,44,1790781153074
7cf151,40,1790780253074
abb0a3,37,1790781153074
39846c,47,1790780253074
5f6804,37,1790780253074
df3fb2,43,1790781153074
edb139,19,1790865753074
6249a5,16,1790781153074
c3d632,33,1790780253074
f04d6b,39,1790865753074
d4d591,16,1790781153074
478e5f,51,1790865753074
e772f2,58,1790780253074
9431b7,17,1790781153074
726fca,54,1790865753074
1f1801,33,1790780253074
e2bc10,32,1790781153074
3b34b4,45,1790781153074
88db78,25,1790865753074
600f56,55,1790865753074
802199,53,1790865753074
971b66,20,1790780253074
c4cfd8,54,1790781153074
48bfe4,39,1790780253074
faa430,15,1790780253074
d64f11,40,1790865753074
cc3153,18,1790780253074
608310,50,1790865753074
c767d5,34,1790865753074
8fd2ff,32,1790865753074
875ac0,40,1790781153074
0f82aa,16,1790781153074
feed9f,22,1790781153074
030a32,16,1790780253074
f3c77a,44,1790865753074
056098,40,1790865753074
09f016,58,1790865753074
4dcdf8,36,1790781153074
7c0861,48,1790780253074
da2201,20,1790781153074
39acfe,31,1790780253074
179df8,33,1790865753074
b8e17d,43,1790780253074
f335f9,27,1790781153074
acac67,29,1790780253074
13c50f,19,1790780253074
9971ba,57,1790865753074
a61bf8,58,1790780253074
3e12c7,25,1790865753074
1c7497,36,1790781153074
436a7f,56,1790865753074
f5a19d,41,1790865753074
f235cf,52,1790781153074
2e6d50,54,1790781153074
572ebd,35,1790865753074
c4fce6,35,1790865753074
9abc23,56,1790780253074
ce235e,45,1790865753074
e3023c,52,1790781153074
3453b4,41,1790780253074
5b6071,34,1790780253074
c27498,26,1790780253074
a5d6cb,34,1790780253074
46488a,41,1790781153074
e39cb6,53,1790780253074
769396,53,1790865753074
ccc635,16,1790780253074
e42e5a,18,1790865753074
d5f628,39,1790780253074
63d081,39,1790865753074
4e89a0,25,1790780253074
81ca8d,48,1790781153074
ca6c6c,42,1790780253074
de49ec,41,1790780253074
313854,56,1790865753074
7b8a1f,48,1790865753074
1c37d8,22,1790780253074
e99c85,17,1790781153074
5db23e,16,1790865753074
eb7524,39,1790781153074
984d4d,43,1790865753074
a53a3c,53,1790781153074
f4f7fc,25,1790780253074
54869e,55,1790781153074
33c878,24,1790780253074
927204,44,1790780253074
ee823f,35,1790780253074
0a3781,15,1790780253074
b995d2,53,1790865753074
dc77ba,43,1790865753074
4ba14c,51,1790781153074
59cd0c,52,1790781153074
a89ee9,30,1790865753074
88b38a,15,1790781153074
d31b86,42,1790780253074
2e1a80,34,1790865753074
8e1fd1,60,1790865753074
0f496f,45,1790865753074
dd47db,25,1790780253074
ed6a67,39,1790781153074
2f1a3d,17,1790781153074
ddc1f9,59,1790781153074
2e299c,17,1790781153074
be5c0e,27,1790781153074
22395d,36,1790781153074
595b67,18,1790781153074
afc9e9,28,1790781153074
3492e8,53,1790780253074
08db4f,23,1790780253074
8f508e,54,1790865753074
3ca8e6,26,1790865753074
ff09e0,31,1790865753074
2a90f2,31,1790780253074
e6cd56,48,1790780253074
2ccb2b,23,1790865753074
69193b,57,1790781153074
5b0910,55,1790780253074
595f81,25,1790780253074
c45fe9,39,1790780253074
e44491,55,1790780253074
e632c7,23,1790781153074
a3fe71,19,1790781153074
3aa418,15,1790865753074
682f1f,47,1790781153074
721bea,54,1790781153074
6a4ba4,26,1790780253074
629147,38,1790781153074
3b182b,60,1790781153074
a2bbc8,45,1790781153074
407eb4,55,1790865753074
ce4800,50,1790780253074
9b7c9a,44,1790780253074
478357,16,1790780253074
599332,25,1790781153074
41de19,18,1790780253074
88944d,42,1790781153074
f1bba9,21,1790781153074
66b42b,53,1790780253074
d2e24b,15,1790781153074
a34409,51,1790781153074
e3efc0,55,1790781153074
dd786a,33,1790781153074
e95cfb,21,1790781153074
448625,25,1790780253074
ac10d4,60,1790865753074
48041e,60,1790865753074
d4bcf3,18,1790865753074
54b875,60,1790780253074
1e8001,36,1790780253074
87af1b,55,1790865753074
af2cc0,60,1790781153074
edf1bd,36,1790781153074
6a1d50,52,1790780253074
a1b333,47,1790865753074
465b4b,51,1790780253074
903fae,24,1790780253074
cdaac9,16,1790865753074
89faa9,28,1790780253074
d038c6,38,1790781153074
adbe72,28,1790780253074
e2e93e,20,1790781153074
1dad0a,18,1790865753074
7357b5,27,1790865753074
b854e7,33,1790781153074
294f2b,44,1790865753074
777615,30,1790780253074
44264b,38,1790780253074
2335fe,40,1790781153074
46818d,43,1790781153074
71da6c,35,1790865753074
e4c590,39,1790781153074
b25f61,39,1790865753074
d107ca,42,1790780253074
bc95b8,52,1790781153074
e95d06,42,1790781153074
37ef72,17,1790780253074
c7505f,38,1790781153074
9e85f4,26,1790780253074
1479c8,25,1790865753074
32183e,50,1790781153074
677137,48,1790781153074
b57e9a,39,1790780253074
f2c976,39,1790781153074
d6e658,42,1790865753074
3a4cbb,35,1790780253074
ed4960,21,1790780253074
69e8b9,36,1790780253074
ffe920,15,1790865753074
afc93a,19,1790780253074
9cafd7,22,1790781153074
1529fa,58,1790865753074
dd82de,23,1790780253074
15b78d,53,1790865753074
e939a6,18,1790781153074
545d0e,54,1790781153074
28be9f,38,1790780253074
e74433,36,1790781153074
a0f5a5,45,1790865753074
18d0d0,42,1790780253074
68b0be,37,1790781153074
309ffa,20,1790865753074
4524a8,48,1790781153074
a1073a,19,1790865753074
5ef1a3,60,1790780253074
caa898,56,1790781153074
cf6f9b,29,1790781153074
1ba16c,22,1790865753074
faa1eb,25,1790780253074
b36bc3,21,1790865753074
72e384,58,1790865753074
c98633,31,1790781153074
329918,42,1790780253074
ef5c4d,17,1790781153074
5f7b0a,38,1790780253074
072a29,52,1790780253074
04ade7,21,1790780253074
f6417d,52,1790865753074
365581,55,1790780253074
a5ff65,48,1790865753074
04b231,53,1790865753074
4fe586,32,1790781153074
986cda,35,1790780253074
d576c3,51,1790781153074
3268ef,37,1790781153074
c77abb,51,1790780253074
f5ccac,31,1790780253074
c5f8eb,53,1790865753074
2b1a31,21,1790865753074
109f48,37,1790865753074
975966,40,1790781153074
ffc642,37,1790865753074
b43c21,33,1790781153074
ea9561,44,1790781153074
393224,30,1790780253074
8a16d5,52,1790865753074
d3ead3,19,1790865753074
9d4cb1,52,1790781153074
d2888e,60,1790780253074
17be99,54,1790781153074
152e06,28,1790781153074
cce6e6,37,1790780253074
01519c,41,1790780253074
f59241,45,1790780253074
44ae0a,15,1790781153074
25ecc0,26,1790865753074
7f8c84,48,1790781153074
6a69ef,43,1790781153074
d2d37e,19,1790865753074
ed58c7,35,1790780253074
04c1f3,44,1790865753074
9b4240,44,1790780253074
3fec39,40,1790781153074
172702,25,1790780253074
cce6aa,26,1790865753074
864b15,27,1790780253074
abb25a,60,1790865753074
02971d,43,1790865753074
3b03a6,59,1790780253074
67a91e,28,1790865753074
a10b28,50,1790865753074
cb6902,29,1790781153074
e0ea06,60,1790865753074
00b6c4,54,1790865753074
e0a09a,55,1790780253074
fa82e4,37,1790865753074
ef5af2,58,1790781153074
6764de,53,1790780253074
4f73f9,30,1790780253074
fe4060,27,1790865753074
cce56e,57,1790865753074
05a764,51,1790781153074
a70a74,22,1790865753074
8b5aa9,38,1790781153074
e2d394,27,1790781153074
40fa50,26,1790780253074
1cd5c7,32,1790781153074
ecdb2d,22,1790781153074
f7481b,55,1790865753074
e2ab0e,16,1790865753074
4881fa,52,1790781153074
6eac74,46,1790865753074
351419,59,1790781153074
c4e3ad,59,1790865753074
47beab,29,1790781153074
9c90be,53,1790781153074
305c58,48,1790781153074
6873b7,38,1790780253074
b342dd,18,1790780253074
aa3f02,15,1790780253074
5e8c58,16,1790865753074
8e5fdb,52,1790780253074
231766,36,1790781153074
4949d7,25,1790781153074
41dfa3,53,1790781153074
17046e,51,1790781153074
8ccc80,22,1790780253074
b551e9,37,1790780253074
93ff1f,22,1790865753074
1b9735,27,1790865753074
2df927,23,1790865753074
2f42cb,23,1790781153074
5ad1fc,58,1790865753074
29a230,26,1790780253074
08ef8e,22,1790781153074
c01b0e,57,1790781153074
3f6b61,53,1790865753074
75aa40,59,1790865753074
f788b2,53,1790865753074
74089c,23,1790780253074
754c05,58,1790865753074
9e60bc,25,1790780253074
0e0962,22,1790780253074
f403a9,17,1790781153074
22bb29,58,1790865753074
515cd4,28,1790781153074
607624,55,1790780253074
53dad3,33,1790781153074
050b67,26,1790780253074
e2bbe3,40,1790781153074
1066f9,19,1790865753074
0fffaf,20,1790781153074
21a66d,37,1790781153074
c97db4,44,1790865753074
9621ba,43,1790865753074
864daa,47,1790781153074
325990,47,1790780253074
9e84ad,40,1790780253074
d46711,57,1790865753074
63e5b7,54,1790781153074
9d77bf,18,1790780253074
391ea5,46,1790781153074
223e98,44,1790780253074
303fff,16,1790780253074
63a5bf,27,1790781153074
4d398d,15,1790865753074
f17856,31,1790780253074
73f4db,58,1790781153074
42cd6d,48,1790781153074
933c2c,35,1790865753074
372cd6,29,1790781153074
137bbd,51,1790865753074
f0139a,19,1790865753074
41296e,52,1790780253074
1cf8d3,37,1790780253074
efeb46,46,1790865753074
4bb6a6,53,1790781153074
3c85ac,40,1790781153074
4ca559,37,1790781153074
8d2372,41,1790865753074
58b00e,26,1790780253074
02d94e,23,1790780253074
0eba12,27,1790780253074
42dfde,31,1790780253074
977899,24,1790780253074
dbea50,44,1790781153074
7a60ea,35,1790781153074
268dd3,45,1790781153074
8e4fe1,50,1790781153074
c945ac,55,1790865753074
7dc245,38,1790781153074
47a728,52,1790781153074
534fec,51,1790781153074
021efc,26,1790865753074
5b3ddb,55,1790780253074
05ddca,55,1790781153074
52d281,21,1790781153074
e76af3,51,1790780253074
e3eddf,50,1790865753074
36fda0,20,1790780253074
696afe,49,1790781153074
b50393,56,1790780253074
0b3d34,40,1790780253074
89130c,18,1790780253074
fda6cc,51,1790781153074
546774,51,1790865753074
67d6dc,53,1790865753074
a4f241,20,1790865753074
aa0451,27,1790865753074
336093,58,1790780253074
e33aa6,44,1790780253074
f66818,26,1790780253074
ac9350,50,1790865753074
c4cb87,32,1790780253074
f6b4c3,37,1790781153074
8bcc74,16,1790781153074
667812,41,1790781153074
f27603,39,1790865753074
381376,28,1790780253074
418994,20,1790780253074
7e3365,33,1790781153074
e17676,21,1790780253074
f33fe4,40,1790865753074
9968e4,19,1790781153074
d72435,39,1790781153074
4f639e,56,1790781153074
44ec18,18,1790781153074
205403,15,1790865753074
830b37,59,1790865753074
45ece2,44,1790780253074
97a774,57,1790781153074
7f79d4,23,1790865753074
f24fe1,31,1790780253074
b88c92,20,1790780253074
b15531,50,1790865753074
d73503,19,1790781153074
1fd776,38,1790781153074
9785af,45,1790865753074
cc919e,53,1790865753074
b40091,59,1790865753074
bb39d1,53,1790781153074
8b05e6,18,1790865753074
a491b6,20,1790780253074
418a76,43,1790781153074
5baac5,54,1790865753074
4e180b,15,1790865753074
c7677d,25,1790865753074
7f3edd,47,1790865753074
8b70e6,50,1790780253074
c95837,34,1790780253074
a92c1a,52,1790781153074
df4847,46,1790780253074
6baf58,23,1790780253074
55350d,29,1790780253074
1cad8c,59,1790781153074
fe14d7,59,1790865753074
b757a1,49,1790781153074
2815fc,39,1790781153074
ef6b81,31,1790781153074
4a8b13,41,1790780253074
d7ddf0,43,1790780253074
a919e3,53,1790780253074
6287cc,33,1790781153074
fabef0,55,1790865753074
b33665,16,1790865753074
8fd90b,31,1790780253074
6d0640,46,1790780253074
26a2e5,47,1790781153074
6c8be6,16,1790865753074
a7fa23,16,1790865753074
8a3ac0,41,1790780253074
2c27f2,29,1790780253074
566851,31,1790780253074
b18398,49,1790781153074
b1d098,16,1790780253074
35a1cd,18,1790781153074
2df23a,59,1790780253074
2126b8,27,1790781153074
9e0740,20,1790781153074
d2be4a,54,1790781153074
445361,39,1790781153074
6d8520,60,1790781153074
ed09a3,21,1790780253074
b097b4,28,1790865753074
a1d480,17,1790781153074
e3f507,41,1790780253074
043234,60,1790781153074
d9dc61,22,1790780253074
b60086,45,1790781153074
e8dd7b,36,1790865753074
9893e5,57,1790780253074
06b6dc,15,1790865753074
b52f02,52,1790781153074
d3480f,42,1790865753074
42c6d3,36,1790781153074
14ffee,32,1790781153074
faf6ef,29,1790781153074
cf77c0,27,1790780253074
1b790e,42,1790781153074
37200c,17,1790865753074
094aef,52,1790865753074
645d46,42,1790781153074
087c95,53,1790781153074
4e5053,55,1790780253074
4def07,42,1790865753074
f2c471,38,1790781153074
a8c020,17,1790865753074
be0626,47,1790781153074
0a8bdd,35,1790781153074
c58837,30,1790865753074
865c8a,49,1790780253074
6e6f70,42,1790781153074
663681,42,1790780253074
c4d515,59,1790780253074
5c213f,44,1790781153074
010083,55,1790865753074
aa5c26,36,1790781153074
f7bdda,35,1790865753074
68939e,43,1790865753074
105180,23,1790865753074
2b01f2,20,1790780253074
40c18b,28,1790781153074
9683e3,34,1790780253074
ee12a4,21,1790780253074
bebc2f,43,1790865753074
f442c8,17,1790865753074
79a5f8,39,1790865753074
09a476,33,1790781153074
f7ea90,24,1790781153074
4709a4,46,1790780253074
2c582f,39,1790865753074
7d5c12,54,1790865753074
96346f,31,1790780253074
2160b9,52,1790780253074
d8f9f2,46,1790865753074
93ada6,33,1790780253074
396df9,56,1790780253074
59719b,39,1790865753074
46c955,22,1790780253074
b63745,25,1790865753074
d92076,24,1790865753074
29b2e4,52,1790865753074
99a237,52,1790781153074
ea32de,15,1790780253074
e639d0,29,1790781153074
53f987,26,1790780253074
5ccf82,15,1790780253074
c02988,35,1790781153074
3f5962,52,1790781153074
e458de,35,1790865753074
05c815,47,1790781153074
ae7699,40,1790865753074
3f641e,44,1790780253074
e6ea92,31,1790781153074
4a0973,23,1790865753074
8d43f7,40,1790780253074
960da4,28,1790780253074
918221,16,1790780253074
73182c,15,1790865753074
0bd9a4,45,1790780253074
7f3f5c,58,1790780253074
9507a9,23,1790780253074
496e4f,20,1790865753074
f19f6e,30,1790781153074
ed0d70,58,1790781153074
f280bb,55,1790865753074
5da2b7,35,1790781153074
ebf4a0,56,1790865753074
aa6b1f,21,1790781153074
ac8992,42,1790780253074
fe63e8,21,1790781153074
23e20b,20,1790780253074
7d0e68,41,1790781153074
168d7b,29,1790780253074
8e8008,37,1790865753074
aecad4,18,1790781153074
f19357,50,1790865753074
48647e,56,1790781153074
a1da6a,40,1790780253074
1dd6a6,49,1790865753074
c39a10,22,1790865753074
9f1f00,32,1790780253074
60f534,33,1790780253074
8e72d6,17,1790780253074
c4d5d5,20,1790865753074
3514a0,35,1790781153074
014ec9,21,1790865753074
a687da,50,1790781153074
dbe62e,29,1790865753074
521762,25,1790865753074
4f8707,42,1790780253074
ea112a,57,1790780253074
d904f1,56,1790865753074
9ef020,24,1790781153074
6f883c,18,1790780253074
d42118,53,1790781153074
e3f958,50,1790781153074
72bb0f,17,1790780253074
561f2b,23,1790781153074
add1fe,26,1790865753074
c259e8,39,1790781153074
fb3275,53,1790780253074
b2626c,39,1790780253074
376188,29,1790781153074
93f4fd,41,1790865753074
28f675,30,1790780253074
f88543,35,1790780253074
b62a04,36,1790865753074
4405f1,57,1790780253074
d0df49,54,1790781153074
a0789e,23,1790780253074
978409,24,1790780253074
3b28ec,29,1790780253074
6263c9,39,1790781153074
8edea7,18,1790780253074
95ef51,16,1790780253074
4c671d,26,1790781153074
a7c71d,34,1790780253074
cc2f96,25,1790865753074
43cdb4,60,1790865753074
de5617,49,1790780253074
235163,39,1790865753074
2f8823,59,1790780253074
dfe0b4,40,1790781153074
12b043,17,1790780253074
782001,19,1790780253074
ee5df1,26,1790781153074
b77657,55,1790780253074
7a0009,26,1790865753074
8dba08,36,1790780253074
77ee98,20,1790780253074
85af71,35,1790865753074
ba00b5,43,1790865753074
acd005,42,1790865753074
b0e8ef,17,1790781153074
a83232,20,1790865753074
c5f75e,29,1790780253074
fa310f,50,1790780253074
4cabc2,44,1790865753074
eae388,28,1790780253074
1fc065,40,1790781153074
348451,18,1790865753074
34d209,38,1790781153074
057161,36,1790781153074
120976,31,1790865753074
b2a63e,38,1790865753074
d84aa4,33,1790780253074
e74828,46,1790780253074
6ea994,47,1790780253074
b27ed5,51,1790781153074
38f746,54,1790865753074
692c8d,34,1790865753074
cdc992,19,1790781153074
0889a5,42,1790781153074
48da32,20,1790865753074
70748f,49,1790781153074
262ea0,25,1790780253074
37c2df,60,1790865753074
1083de,30,1790780253074
8be035,35,1790781153074
1ae81f,56,1790865753074
1b5abc,30,1790865753074
1d681f,41,1790865753074
2ef65e,15,1790780253074
88895e,32,1790781153074
c193b6,54,1790780253074
692873,26,1790781153074
a1dca8,36,1790780253074
05e1c3,52,1790865753074
fe49de,27,1790781153074
3f1883,51,1790865753074
f20c3e,60,1790781153074
d0d3df,51,1790781153074
b66fd4,58,1790780253074
21fdb4,59,1790781153074
bd33d2,39,1790780253074
caa0de,36,1790781153074
cb0df8,37,1790865753074
8210ea,25,1790780253074
c2220c,26,1790780253074
37befa,56,1790865753074
7cc01d,60,1790865753074
15a838,57,1790780253074
cfb5b8,35,1790865753074
19f83b,40,1790865753074
b65196,17,1790780253074
fcd627,45,1790780253074
419148,39,1790780253074
f7d41a,51,1790781153074
314e5a,38,1790865753074
fdc112,25,1790865753074
5a6893,25,1790780253074
fa6d28,58,1790780253074
33d52f,51,1790865753074
076af1,36,1790781153074
37a964,19,1790781153074
0b9d16,55,1790865753074
ffeeb1,55,1790781153074
671e56,39,1790780253074
16c419,33,1790780253074
91906d,54,1790781153074
9762fd,33,1790781153074
f58316,20,1790865753074
958b95,40,1790780253074
ce215a,16,1790865753074
4bdac0,27,1790780253074
1c3503,40,1790865753074
64c110,31,1790780253074
5183b5,48,1790865753074
b17c3c,26,1790780253074
e6e70d,53,1790865753074
ef34bf,35,1790865753074
1f3ff1,57,1790865753074
fce5a2,38,1790781153074
60f357,16,1790780253074
882a28,20,1790781153074
cd5013,22,1790780253074
6f29b9,31,1790781153074
1f9e5c,47,1790865753074
2a27df,46,1790780253074
0073e0,20,1790865753074
b96d7f,35,1790781153074
ff7cae,32,1790781153074
aa40b0,33,1790780253074
d85ebc,35,1790781153074
44c47d,48,1790780253074
4b05fb,35,1790780253074
43e771,29,1790780253074
66b3b8,16,1790865753074
3abc8c,48,1790865753074
fbc7eb,20,1790780253074
1365f0,25,1790780253074
a0763f,48,1790865753074
77d4b1,56,1790781153074
8d60c9,58,1790781153074
98b984,18,1790780253074
a85bbb,17,1790781153074
66d0b3,33,1790781153074
b4d83e,22,1790780253074
c046ef,18,1790781153074
64476e,29,1790865753074
4911ba,30,1790865753074
9e2964,16,1790780253074
5b801b,59,1790865753074
f2489f,56,1790781153074
edd9c1,41,1790865753074
0d3881,31,1790781153074
5330ea,57,1790781153074
ce138b,31,1790781153074
517623,34,1790781153074
97a0ad,18,1790781153074
787ef2,56,1790781153074
744881,21,1790781153074
78bff3,22,1790780253074
42290b,59,1790780253074
32d02e,36,1790781153074
5507f5,53,1790781153074
828712,37,1790865753074
3f60ca,35,1790780253074
92f8c3,31,1790865753074
693d28,27,1790865753074
ee6858,46,1790865753074
3b6f1e,35,1790781153074
3332cf,41,1790865753074
d58f6d,17,1790780253074
3146cf,23,1790780253074
846dab,44,1790780253074
134636,37,1790780253074
311aa6,52,1790781153074
633a60,37,1790865753074
8b5ac7,59,1790781153074
177d11,41,1790781153074
c01a49,17,1790865753074
4398e3,58,1790780253074
d2e5e7,35,1790781153074
11e577,20,1790781153074
fff3db,47,1790865753074
73fe5d,49,1790780253074
c83e4e,55,1790781153074
a87772,33,1790865753074
8cdfe7,37,1790780253074
2bc688,55,1790865753074
454238,34,1790865753074
dc5545,40,1790780253074
1a0065,23,1790781153074
9fcb5b,24,1790865753074
559823,53,1790781153074
6b3b02,32,1790780253074
0a2d9d,24,1790780253074
8742f8,48,1790781153074
b1452b,60,1790781153074
2940a7,29,1790865753074
ff0f48,17,1790865753074
a4069b,52,1790865753074
88f21f,15,1790780253074
0c4463,19,1790865753074
803ea8,22,1790781153074
817263,42,1790865753074
8ac7a8,51,1790781153074
a8418f,21,1790780253074
310cdf,56,1790781153074
c06670,43,1790781153074
56fd9a,58,1790780253074
14f220,53,1790865753074
ea1c04,20,1790781153074
0ae0ef,58,1790780253074
040009,37,1790780253074
08916c,42,1790780253074
391a2f,58,1790781153074
9efabb,22,1790781153074
74fcf2,53,1790781153074
76adea,32,1790781153074
c2c755,53,1790781153074
936546,46,1790865753074
613f1f,27,1790781153074
84387d,30,1790781153074
e1ee6d,59,1790781153074
fe9ec9,19,1790780253074
8a8373,53,1790781153074
bfe3fa,57,1790781153074
c91556,36,1790865753074
a549d0,48,1790780253074
be8cf6,27,1790780253074
cfe24e,24,1790865753074
c3c395,25,1790865753074
4cc892,52,1790865753074
fb09dc,22,1790780253074
8eb2e1,47,1790865753074
a01088,54,1790865753074
bdeaa7,51,1790865753074
b57f2e,47,1790781153074
d02786,46,1790780253074
6a453b,52,1790780253074
6863fb,40,1790865753074
de5343,47,1790865753074
c5bfb1,59,1790865753074
dc870b,22,1790865753074
b76338,52,1790781153074
bce963,20,1790781153074
e73369,22,1790865753074
b949a2,27,1790865753074
43da10,53,1790781153074
c0be10,51,1790780253074
07603f,49,1790865753074
9347c2,17,1790781153074
715423,54,1790780253074
ffb878,32,1790780253074
025168,43,1790781153074
e66ffe,22,1790780253074
9f278d,33,1790780253074
d39aa6,53,1790865753074
41e0ef,37,1790865753074
f81ff7,29,1790781153074
95b542,48,1790865753074
a38840,60,1790780253074
2758bd,48,1790865753074
80ef4f,27,1790780253074
dc7585,48,1790781153074
6c04ae,34,1790780253074
db51d6,50,1790865753074
3e58a6,24,1790780253074
239b3b,59,1790780253074
618d6d,18,1790865753074
400b0a,56,1790781153074
0dcd67,52,1790781153074
2b45c8,31,1790780253074
48f672,57,1790780253074
9a6ee1,27,1790781153074
3697ed,56,1790781153074
4bf8ed,19,1790780253074
40d7f9,56,1790780253074
32fa3c,41,1790780253074
45be58,17,1790780253074
5f7184,15,1790781153074
95d106,60,1790865753074
9355dd,59,1790780253074
c374c5,45,1790780253074
d02b2f,31,1790780253074
5cbc71,38,1790781153074
0af828,51,1790781153074
891c33,34,1790865753074
67117e,38,1790780253074
485a3d,33,1790781153074
74c3aa,38,1790865753074
6ee7c7,26,1790781153074
8fa362,25,1790781153074
fd1c98,32,1790780253074
a6d3f9,49,1790780253074
a8a53a,34,1790780253074
9fe01f,23,1790780253074
36aa1e,15,1790781153074
a0aae3,47,1790780253074
dc52fe,34,1790781153074
d49a76,39,1790780253074
a652e8,24,1790780253074
b575aa,33,1790865753074
852ed8,15,1790781153074
485849,30,1790781153074
9fc78d,43,1790781153074
23344d,37,1790781153074
f743d6,30,1790780253074
eb962d,38,1790781153074
08cb83,41,1790865753074
073492,25,1790781153074
fd98e0,60,1790865753074
fe05c2,22,1790865753074
550269,57,1790865753074
94e3f7,23,1790865753074
5bcb05,39,1790780253074
b4665a,43,1790865753074
c3ebdf,59,1790865753074
95e27d,17,1790781153074
65c794,52,1790781153074
2ec9c2,31,1790780253074
f53370,45,1790865753074
e3bb4d,39,1790781153074
a25f9a,55,1790780253074
a541c6,35,1790781153074
b71ea8,20,1790780253074
27628a,24,1790781153074
af0bd7,23,1790865753074
2c1c4b,54,1790781153074
2892bd,57,1790781153074
13514b,41,1790780253074
b5fb87,40,1790865753074
950bc5,27,1790781153074
145909,18,1790781153074
3ceefc,38,1790781153074
31e8e2,36,1790780253074
acfc18,34,1790780253074
267f0d,52,1790865753074
e4e3b0,55,1790865753074
07ca6a,58,1790780253074
3f4331,29,1790865753074
2a5d65,53,1790781153074
7c7445,35,1790780253074
f85c05,40,1790780253074
961b55,17,1790865753074
a5d547,37,1790865753074
f5d418,52,1790865753074
136f0d,40,1790780253074
9ff085,57,1790780253074
2d6e80,19,1790865753074
99ab20,16,1790780253074
e2ee62,52,1790865753074
423e61,42,1790781153074
55fcc7,26,1790865753074
dc213a,56,1790865753074
b7f82c,17,1790865753074
c48392,32,1790781153074
a34641,16,1790780253074
a90de1,57,1790781153074
13fcb3,22,1790780253074
84bc7e,40,1790865753074
ff9975,35,1790780253074
aa1c35,47,1790780253074
dcd191,23,1790781153074
836f16,25,1790780253074
70f341,16,1790781153074
de9bd1,58,1790865753074
38727e,39,1790865753074
2d39df,24,1790781153074
efcbb8,25,1790781153074
7e0a90,55,1790781153074
caf102,58,1790781153074
ebbefa,20,1790865753074
6262d8,16,1790865753074
4c6df0,58,1790780253074
6541a5,30,1790865753074
259d20,43,1790780253074
0f754d,33,1790781153074
86f7a1,24,1790865753074
2393bb,58,1790780253074
0d0d6f,26,1790780253074
da23df,58,1790865753074
f80545,46,1790780253074
eb75da,18,1790781153074
5bf5b5,35,1790865753074
208f49,17,1790865753074
23abd1,15,1790780253074
0390c7,52,1790781153074
8c59fc,47,1790781153074
77db34,38,1790865753074
da94f4,38,1790780253074
cd24c3,25,1790781153074
fd2071,25,1790780253074
bbab39,39,1790780253074
6a9f86,31,1790865753074
8fddf3,28,1790865753074
e99c8b,17,1790780253074
89c60e,48,1790865753074
1287ff,16,1790781153074
8d9d36,21,1790780253074
56660b,37,1790781153074
76b9bb,29,1790781153074
c58cb3,42,1790865753074
d68833,35,1790781153074
a9d3f1,56,1790865753074
82dd4b,20,1790865753074
1366b9,48,1790781153074
9f0362,46,1790865753074
8a17db,28,1790780253074
1e74f2,46,1790781153074
93cba4,46,1790865753074
653b07,45,1790781153074
6f88fa,44,1790781153074
2822b7,59,1790865753074
a77ad3,34,1790781153074
085d4d,42,1790780253074
951ed9,39,1790865753074
05f69c,37,1790781153074
ff74b1,29,1790781153074
464a36,33,1790865753074
e2978d,28,1790865753074
5f7d1e,28,1790781153074
20b23f,28,1790780253074
f974b8,54,1790781153074
938f24,40,1790781153074
5c380a,54,1790781153074
d18fb3,27,1790780253074
1a687f,46,1790781153074
c1a80d,57,1790780253074
6c1ce1,37,1790780253074
b0b79d,19,1790865753074
80da52,35,1790781153074
2a1d42,17,1790781153074
183288,49,1790781153074
c05d1d,55,1790865753074
60d99a,52,1790865753074
087495,44,1790865753074
cb5365,24,1790781153074
b8b911,59,1790780253074
cba9ce,52,1790780253074
c60fd8,47,1790780253074
146143,45,1790780253074
3ff70c,31,1790781153074
edf0ef,41,1790780253074
15eb42,31,1790780253074
a35760,56,1790865753074
471f8f,58,1790865753074
4d6c94,44,1790865753074
3dd47a,39,1790865753074
bf3bf3,44,1790781153074
80fcf7,49,1790780253074
684784,23,1790780253074
d4c61e,53,1790780253074
ee5b08,19,1790780253074
819795,33,1790865753074
a2cab5,47,1790781153074
50ae7d,50,1790780253074
bbc210,35,1790865753074
7c90f9,33,1790865753074
a1951d,54,1790780253074
0c86ae,36,1790781153074
d1f372,53,1790781153074
02b1e1,16,1790780253074
b9b05a,40,1790865753074
a446b9,27,1790865753074
95362d,22,1790865753074
92e784,31,1790780253074
42fe2e,46,1790781153074
840698,20,1790780253074
4c0822,57,1790865753074
8e856d,21,1790781153074
1a0d43,57,1790781153074
cddd48,26,1790780253074
76b204,37,1790780253074
dbc58a,54,1790780253074
d46776,20,1790781153074
ee6d8a,19,1790865753074
f48556,41,1790865753074
66de71,15,1790781153074
2b63fc,21,1790781153074
4adff1,37,1790781153074
3be1cd,50,1790780253074
448c76,17,1790780253074
4b8597,25,1790780253074
86fcae,40,1790780253074
c3fbc1,28,1790781153074
93b009,58,1790781153074
9ea323,60,1790780253074
965554,17,1790780253074
2fb298,35,1790780253074
df3975,44,1790865753074
06f76a,30,1790781153074
0db72d,20,1790865753074
1e9b0d,19,1790865753074
030ffd,54,1790780253074
8906f4,50,1790865753074
409e3a,37,1790865753074
d697e2,28,1790865753074
ec263d,29,1790781153074
dfd40b,24,1790780253074
30b529,40,1790865753074
c7f1cf,17,1790865753074
62aa23,20,1790780253074
4ed833,22,1790781153074
7312bc,18,1790781153074
6d651d,28,1790780253074
b85787,49,1790865753074
362fc8,33,1790780253074
0c319b,35,1790865753074
d5a814,24,1790781153074
bc897f,58,1790865753074
22365e,60,1790780253074
77b775,38,1790865753074
1d9c71,31,1790865753074
b24d1d,24,1790780253074
3b5018,36,1790781153074
5236cc,55,1790780253074
239581,36,1790781153074
a1d81f,40,1790781153074
912555,27,1790865753074
c6bdbe,19,1790865753074
588952,42,1790865753074
6d2b31,53,1790865753074
548a34,44,1790780253074
c0679a,33,1790865753074
cb11af,58,1790781153074
86375f,28,1790865753074
f5741b,58,1790865753074
699d47,27,1790780253074
e4dddd,38,1790865753074
0c5807,42,1790780253074
b4aa9e,47,1790865753074
f2dd46,16,1790780253074
46381f,32,1790780253074
82ada4,30,1790781153074
261c6b,29,1790781153074
3bbee0,51,1790781153074
728b02,32,1790781153074
188ddc,42,1790780253074
7696d0,24,1790780253074
fdd1d5,28,1790781153074
4f4767,37,1790781153074
a1419a,51,1790780253074
fcbfee,19,1790780253074
d835ab,22,1790780253074
b99f81,46,1790780253074
daae4e,28,1790781153074
7a5b43,55,1790781153074
eda5c8,20,1790780253074
4620d4,44,1790865753074
e65c56,36,1790780253074
fac6c8,36,1790865753074
6cb05c,43,1790781153074
ea4c43,33,1790865753074
58d760,42,1790865753074
5eb9c6,36,1790781153074
20923f,40,1790865753074
80b3d1,39,1790780253074
33f56e,29,1790780253074
b76e01,58,1790780253074
c2e075,15,1790780253074
7edcea,18,1790865753074
5d6f7c,22,1790865753074
f915be,21,1790780253074
d2acf2,15,1790781153074
da2c13,32,1790865753074
abe627,29,1790781153074
13448b,15,1790865753074
86b9fa,18,1790781153074
814ecf,36,1790780253074
23c861,23,1790781153074
455389,19,1790865753074
2b499f,54,1790781153074
da4f84,36,1790781153074
5c04de,43,1790780253074
c22d40,20,1790865753074
e79f88,15,1790865753074
f4aa33,31,1790780253074
b6efec,35,1790865753074
95b7ef,22,1790780253074
6299d4,33,1790781153074
491350,47,1790780253074
224d0c,40,1790865753074
c23120,31,1790781153074
bfc514,20,1790865753074
f61afe,30,1790781153074
0257b4,45,1790781153074
779ef7,50,1790781153074
b0a6c6,19,1790780253074
9440b0,24,1790865753074
9bc11a,25,1790780253074
15ffd2,58,1790865753074
61c24a,57,1790780253074
60363e,46,1790865753074
b89d4c,52,1790865753074
dc3687,15,1790781153074
08b39c,18,1790781153074
5a48d5,39,1790865753074
a5d174,56,1790865753074
4c726e,53,1790865753074
bbfbf8,18,1790781153074
0ef4c7,46,1790780253074
9de6c8,43,1790865753074
066dac,31,1790865753074
347e74,24,1790781153074
6fd5bb,58,1790780253074
0a335f,36,1790865753074
105a0e,59,1790781153074
0a57fc,46,1790780253074
575d4f,25,1790780253074
a1c2c7,53,1790780253074
2f6aed,49,1790780253074
34ec31,28,1790865753074
9c06a8,47,1790865753074
7fdd14,50,1790780253074
bac67c,34,1790781153074
b3c802,54,1790865753074
74e5b9,30,1790780253074
bc93aa,52,1790865753074
c1944a,38,1790780253074
dff949,21,1790865753074
bcf51c,32,1790781153074
e698cc,46,1790781153074
09a187,34,1790865753074
9305a9,27,1790781153074
ad8c2c,47,1790865753074
a45d73,59,1790865753074
1e8dce,56,1790780253074
4c3631,48,1790865753074
ac23d6,29,1790781153074
9258b0,32,1790781153074
70afe8,28,1790780253074
bb8f1c,30,1790865753074
825580,46,1790865753074
3bb20e,39,1790865753074
4aefb9,55,1790865753074
c07a11,40,1790781153074
1c8ce9,39,1790780253074
e14779,38,1790780253074
11a559,47,1790781153074
e94a8b,47,1790865753074
ea3666,39,1790781153074
8d2706,50,1790780253074
5be6d0,51,1790865753074
625297,50,1790865753074
2e15af,30,1790781153074
f4e0d8,60,1790865753074
8eb0ed,60,1790781153074
a58af7,52,1790780253074
2d0171,44,1790781153074
758b72,53,1790865753074
1963c7,25,1790865753074
1ec5cb,46,1790780253074
0701b3,55,1790865753074
3451af,55,1790780253074
8ed8c9,57,1790780253074
0ce8bd,21,1790780253074
0c7eaa,47,1790865753074
c19b09,33,1790781153074
85f891,27,1790781153074
6eb411,15,1790780253074
e3e0ab,54,1790780253074
07e70a,29,1790780253074
308f57,45,1790865753074
94c050,29,1790865753074
1d4ba2,55,1790781153074
7e503b,35,1790781153074
8e7903,40,1790780253074
fbeae8,58,1790780253074
60cc68,36,1790865753074
022d36,28,1790865753074
efd4b6,44,1790865753074
771a2e,45,1790781153074
b52fec,30,1790781153074
ff7388,33,1790781153074
27c9b2,57,1790781153074
e20086,57,1790865753074
c9aa5d,52,1790865753074
919962,24,1790780253074
72558b,32,1790781153074
585c32,52,1790781153074
b7eeca,32,1790865753074
dd6596,56,1790865753074
824ea8,40,1790865753074
1d34d3,31,1790865753074
2031a8,20,1790781153074
6e29e3,58,1790780253074
18fe68,53,1790780253074
f11cd3,17,1790865753074
75b22c,25,1790780253074
12cafd,28,1790780253074
958180,41,1790781153074
1e8e9c,48,1790780253074
e8c194,28,1790865753074
8c2683,57,1790780253074
3f10b7,35,1790781153074
943211,55,1790780253074
367902,19,1790865753074
bbaf48,23,1790781153074
111482,40,1790780253074
e02763,32,1790865753074
335599,59,1790780253074
bb9d4d,33,1790780253074
69e82e,33,1790781153074
e68f8d,35,1790781153074
abd86b,21,1790865753074
f36819,60,1790865753074
fd17e6,42,1790781153074
9eb745,53,1790865753074
9fb27b,47,1790781153074
00712b,56,1790781153074
4909ea,20,1790780253074
b6c63c,54,1790865753074
f9cb17,31,1790865753074
e7b4a8,47,1790781153074
c8ce7f,23,1790781153074
df3734,48,1790781153074
89b386,48,1790780253074
625ced,35,1790865753074
15970b,27,1790780253074
e8e42b,60,1790865753074
54aa45,25,1790780253074
e1cac2,31,1790865753074
5e26bc,20,1790865753074
9bf77e,43,1790865753074
5fc2f9,15,1790781153074
f3a073,38,1790781153074
2933cd,27,1790781153074
fb5b3f,21,1790780253074
0c7014,42,1790781153074
2fb7a9,38,1790780253074
b304fa,59,1790781153074
e31b83,56,1790865753074
1e0709,36,1790780253074
62ef20,29,1790781153074
7b4c0b,55,1790780253074
a8919d,32,1790780253074
a244a1,38,1790780253074
9327de,43,1790781153074
05a4c1,16,1790780253074
6e6ab0,56,1790865753074
cce6e3,55,1790865753074
f0be7f,57,1790780253074
578904,54,1790780253074
f0a9f4,23,1790781153074
09e2b2,52,1790780253074
0aa0ad,19,1790781153074
fc237d,37,1790780253074
3b41b3,23,1790865753074
f5b240,15,1790865753074
d94993,24,1790780253074
35257a,23,1790781153074
6b7826,35,1790780253074
1c1a2d,55,1790781153074
eda49b,36,1790781153074
75c378,47,1790780253074
06f807,27,1790780253074
1a1221,37,1790781153074
a60554,53,1790780253074
a33f97,50,1790780253074
6afdb5,51,1790781153074
ec61fc,48,1790865753074
d4e5e6,42,1790781153074
cf3b01,20,1790780253074
1e1e6c,16,1790781153074
8107d6,15,1790781153074
3a6e34,45,1790780253074
890252,33,1790780253074
908545,53,1790781153074
8d746c,15,1790865753074
92a43c,59,1790780253074
4e3b4c,43,1790865753074
b79362,57,1790865753074
d77117,34,1790781153074
0ecdf1,58,1790780253074
92026d,27,1790781153074
ec9fe2,46,1790780253074
f89a0c,33,1790780253074
5a1a07,45,1790781153074
0ab395,47,1790865753074
f10079,58,1790781153074
fe8023,26,1790780253074
0e373f,27,1790781153074
83deae,21,1790865753074
19493b,16,1790781153074
cc7ac3,48,1790865753074
0a4f0d,29,1790865753074
8a3918,58,1790781153074
4c8ae4,51,1790865753074
171037,24,1790781153074
0a3d92,34,1790781153074
7cce15,24,1790780253074
8abb99,16,1790865753074
2209d3,45,1790781153074
2315a6,44,1790865753074
5eea29,15,1790781153074
282e0f,20,1790780253074
4597a6,40,1790865753074
4e4148,18,1790780253074
964b2c,55,1790780253074
1b665c,55,1790781153074
d0bf2b,46,1790781153074
747a7f,48,1790865753074
c5b771,54,1790781153074
ff1c7b,47,1790780253074
6e8770,58,1790781153074
0b8784,22,1790781153074
790f99,42,1790780253074
136420,49,1790865753074
75cc7e,18,1790781153074
4f8250,60,1790780253074
c872e8,58,1790781153074
e357d2,53,1790865753074
245d5f,59,1790865753074
1d12eb,46,1790865753074
ce976c,22,1790781153074
cd6ba6,56,1790781153074
9716ea,36,1790780253074
80c54f,37,1790781153074
076e78,25,1790780253074
5ea4b9,26,1790780253074
ff7a65,43,1790781153074
a9c922,48,1790780253074
d13f61,42,1790781153074
cfecf7,60,1790865753074
4e7230,47,1790781153074
3f83cc,54,1790780253074
94dafe,58,1790865753074
1d8112,19,1790781153074
e00598,55,1790780253074
9b904f,27,1790780253074
4dd430,24,1790781153074
2d9050,15,1790865753074
3dbd5d,18,1790781153074
7ddd2a,56,1790865753074
e002da,23,1790780253074
e59d84,55,1790781153074
f2dd36,42,1790781153074
2ecd04,18,1790780253074
ab48a0,45,1790781153074
abad16,30,1790780253074
1fd1b4,21,1790781153074
b11c73,37,1790781153074
5e4c50,32,1790780253074
23abcc,25,1790780253074
9123c1,30,1790781153074
3a1601,15,1790780253074
8c9f1d,33,1790865753074
3640d9,28,1790780253074
4fa4c4,38,1790780253074
89471a,17,1790781153074
74a5fd,57,1790865753074
9294f9,44,1790781153074
588ab2,28,1790865753074
ec732d,57,1790781153074
770f4e,16,1790865753074
66d884,20,1790865753074
2cdd37,18,1790780253074
d964b9,33,1790781153074
099d80,59,1790780253074
52fc3a,23,1790781153074
a61ef2,34,1790781153074
91d48d,32,1790865753074
bc9bfc,30,1790780253074
fc0a59,17,1790780253074
e71eb1,51,1790865753074
28dbd5,42,1790780253074
20ed5b,38,1790780253074
08b8e3,29,1790865753074
e9a04e,43,1790865753074
168bde,31,1790780253074
5d7d4a,45,1790780253074
bcc836,51,1790865753074
af10bd,36,1790865753074
249237,40,1790780253074
b0e78c,58,1790780253074
92a940,24,1790780253074
a37029,37,1790865753074
bbf577,30,1790865753074
096b11,40,1790781153074
58fb55,50,1790781153074
eb246b,33,1790780253074
873785,59,1790780253074
18f031,48,1790781153074
1c67e6,26,1790865753074
680ba7,45,1790865753074
acceb9,30,1790865753074
6a7835,42,1790781153074
b36ded,17,1790865753074
509c46,18,1790780253074
9edd49,53,1790865753074
7c437a,41,1790780253074
d1da4d,32,1790781153074
e054a5,48,1790865753074
058533,22,1790781153074
4195d8,50,1790781153074
6c366c,24,1790780253074
d5229f,31,1790780253074
675f7e,54,1790781153074
24d983,31,1790781153074
b39f84,46,1790781153074
62d41e,32,1790865753074
e67a3d,34,1790780253074
4b3d36,25,1790865753074
9f39bb,52,1790781153074
e0639a,24,1790865753074
f7fcd4,39,1790780253074
e2cfbe,28,1790780253074
a24873,24,1790781153074
daac38,33,1790781153074
dbbad0,45,1790865753074
3d504f,52,1790780253074
ad7e78,47,1790780253074
585c8b,39,1790780253074
fdce76,32,1790865753074
626815,27,1790865753074
c074b7,31,1790780253074
682ea0,54,1790865753074
15b4e5,56,1790780253074
a77070,45,1790865753074
71ae1e,24,1790865753074
c35ea3,60,1790780253074
a4b2a2,17,1790781153074
9ffbf2,41,1790781153074
501652,57,1790780253074
8f7a09,41,1790780253074
124f8f,19,1790780253074
7ee9aa,32,1790781153074
7fb253,23,1790865753074
934f64,54,1790865753074
0b1b65,23,1790865753074
8407b4,57,1790780253074
b4c106,27,1790781153074
10cf4c,38,1790781153074
ae3206,57,1790781153074
1c4176,48,1790780253074
0ab9bd,20,1790865753074
a561f6,50,1790781153074
3df061,32,1790780253074
5e4a02,32,1790781153074
4752aa,19,1790780253074
ede53a,40,1790781153074
43cb7c,17,1790865753074
210489,37,1790781153074
223b25,23,1790780253074
fae612,55,1790865753074
44bf9f,15,1790781153074
171481,36,1790865753074
0d37f0,28,1790780253074
199848,16,1790781153074
f0707c,45,1790865753074
1db6f4,56,1790780253074
00557a,26,1790865753074
24b7f5,42,1790781153074
1c5f44,30,1790780253074
868f61,26,1790780253074
c81630,45,1790780253074
9bbdb0,27,1790780253074
d5cc58,15,1790780253074
4d4e59,36,1790780253074
373202,41,1790781153074
aabf0b,54,1790865753074
28081b,25,1790781153074
af79c8,36,1790780253074
50cbb1,27,1790865753074
fe4492,39,1790780253074
aa7ade,50,1790865753074
667b48,51,1790865753074
885024,54,1790781153074
e19e29,50,1790781153074
cbecf9,20,1790781153074
5f1958,22,1790865753074
c7c973,48,1790781153074
ccb866,54,1790781153074
fb6683,52,1790781153074
36393c,23,1790865753074
c2617d,58,1790781153074
78e2f6,31,1790865753074
5a6a14,34,1790781153074
70f753,20,1790781153074
b390a2,25,1790781153074
b73fbf,52,1790781153074
6da770,38,1790781153074
338f23,33,1790780253074
1e92e0,26,1790781153074
6d195b,17,1790781153074
b9cecf,27,1790780253074
145156,57,1790865753074
6c2674,24,1790780253074
99a1eb,36,1790781153074
ddfeba,49,1790865753074
e58676,58,1790865753074
057ef4,58,1790781153074
75f00f,25,1790865753074
df1cd4,32,1790865753074
10d3ef,32,1790865753074
ab7bf2,21,1790780253074
82799c,40,1790865753074
925460,53,1790865753074
908b91,23,1790780253074
1da498,52,1790781153074
848713,28,1790865753074
28cb4c,53,1790781153074
381a2c,19,1790781153074
081582,20,1790865753074
da7828,52,1790780253074
80c32a,45,1790781153074
9d3a9b,45,1790865753074
60bc9f,21,1790865753074
5ff6d4,47,1790781153074
b1d7d6,37,1790780253074
11f9e1,54,1790780253074
d2afde,21,1790865753074
c5cd11,21,1790865753074
2e0dd8,18,1790780253074
2bf4ee,54,1790865753074
8180eb,20,1790781153074
d3e294,34,1790865753074
72b25d,46,1790865753074
94e1e3,60,1790865753074
5d4411,46,1790865753074
4d6568,43,1790781153074
09af8f,35,1790781153074
2b985a,36,1790780253074
495ba0,46,1790781153074
c8e1d4,33,1790865753074
11e701,37,1790780253074
07c1dd,58,1790781153074
a8d654,52,1790780253074
080371,54,1790865753074
1caa22,22,1790780253074
d1d183,54,1790865753074
60039d,34,1790780253074
534599,21,1790865753074
25749a,22,1790865753074
5c09cf,44,1790781153074
25b80b,44,1790865753074
b14875,57,1790780253074
1dbece,47,1790865753074
aadc76,40,1790781153074
38963f,27,1790865753074
9e32f5,30,1790781153074
03f832,28,1790780253074
711bf0,27,1790865753074
4a7b29,57,1790780253074
11ce5c,35,1790865753074
3ffe90,40,1790780253074
4cfce0,60,1790780253074
39264e,60,1790780253074
a56057,44,1790780253074
53afc0,50,1790780253074
4d5e2c,38,1790780253074
02ab17,37,1790781153074
a12a30,26,1790780253074
9c33c1,35,1790781153074
6a8a52,48,1790865753074
f4d2ec,35,1790781153074
a82769,24,1790865753074
b274f7,46,1790865753074
4c259f,32,1790780253074
ce5716,58,1790781153074
85db9f,46,1790780253074
f4665d,37,1790781153074
023d14,19,1790781153074
08b0b5,21,1790781153074
5f781d,58,1790781153074
0a702d,18,1790781153074
09086f,55,1790780253074
da619c,36,1790780253074
e215d6,43,1790781153074
3368c2,38,1790780253074
e56c70,19,1790780253074
be6649,19,1790780253074
078b6c,32,1790780253074
42fec5,22,1790780253074
684384,15,1790781153074
658f79,43,1790780253074
bf9a75,19,1790780253074
43ce40,38,1790865753074
0e2457,21,1790865753074
9b6fec,19,1790780253074
5b7a21,20,1790781153074
977952,60,1790865753074
312d62,58,1790781153074
416587,30,1790865753074
4aa715,43,1790865753074
67f374,34,1790780253074
e1696c,47,1790781153074
575828,38,1790781153074
f29794,36,1790781153074
e13954,41,1790780253074
b0a2d2,43,1790780253074
2014d5,51,1790781153074
cadfba,60,1790780253074
7fbcda,31,1790780253074
beff81,21,1790781153074
f3909c,59,1790781153074
40874a,26,1790780253074
b5e7f0,37,1790865753074
396b08,17,1790865753074
eb9023,23,1790865753074
072419,30,1790865753074
5a4c25,51,1790865753074
aa0829,57,1790780253074
5d3bbd,58,1790865753074
e2402c,32,1790865753074
3950c3,38,1790780253074
aec947,46,1790865753074
305f0f,28,1790780253074
2675c6,32,1790780253074
d9ec89,30,1790780253074
fc0f69,16,1790781153074
e2c4a8,19,1790781153074
7e6322,17,1790781153074
a55351,58,1790780253074
49f81b,39,1790781153074
f33b1c,34,1790781153074
24774f,25,1790781153074
27c351,17,1790781153074
68f504,43,1790781153074
846847,33,1790781153074
400995,37,1790865753074
92776c,19,1790781153074
f5b0b5,40,1790780253074
d7b527,29,1790780253074
562cef,55,1790781153074
146d84,43,1790781153074
fc99e7,57,1790781153074
35eb63,40,1790781153074
7e436a,24,1790781153074
b1c7c0,40,1790780253074
28bc97,28,1790780253074
d5e125,31,1790781153074
dccf67,57,1790781153074
c2b957,40,1790780253074
970218,24,1790865753074
6a5d29,15,1790780253074
5bea24,23,1790865753074
b90969,52,1790865753074
9213fa,34,1790780253074
7a3286,23,1790865753074
92b9ea,27,1790780253074
e30522,26,1790865753074
e37f3e,49,1790781153074
7b5e46,22,1790781153074
2830ea,50,1790780253074
8043d2,60,1790780253074
c8d8f9,44,1790781153074
afc614,34,1790781153074
8fdd01,32,1790865753074
bdd4d5,41,1790865753074
508ae2,26,1790781153074
392998,60,1790865753074
892c20,60,1790780253074
d40328,36,1790781153074
13b172,30,1790865753074
d9e291,31,1790781153074
eed1c3,25,1790781153074
8597bb,25,1790865753074
8dce0b,54,1790780253074
0cb1a6,23,1790865753074
e4c615,49,1790780253074
65d634,27,1790780253074
07a2dd,54,1790780253074
7bd8f1,31,1790865753074
7d0b1c,16,1790865753074
c92d52,28,1790780253074
c7067f,47,1790780253074
425d34,33,1790865753074
24cfcf,59,1790781153074
ba7ade,24,1790865753074
939e35,25,1790865753074
2a197d,54,1790780253074
d02874,34,1790780253074
f6f888,25,1790781153074
abbf1f,50,1790780253074
d2e3ef,16,1790865753074
0f09e1,57,1790865753074
1aef38,50,1790781153074
70a700,36,1790865753074
920710,25,1790780253074
f90b5d,57,1790865753074
eb72d8,28,1790865753074
4d7842,47,1790781153074
3b2095,20,1790780253074
7c37aa,46,1790780253074
17df60,37,1790781153074
27e8a8,56,1790865753074
755683,28,1790780253074
d48ba8,48,1790780253074
99440f,55,1790865753074
d93d52,28,1790780253074
2479a5,31,1790865753074
745ffd,21,1790780253074
e91df2,28,1790865753074
910f3e,34,1790781153074
106f05,16,1790781153074
bb870c,19,1790781153074
c89133,44,1790865753074
5f223b,43,1790780253074
a84c35,50,1790865753074
a52d39,28,1790780253074
6bb79e,50,1790780253074
3d51c2,15,1790780253074
379cd6,28,1790865753074
16f52b,28,1790865753074
decba3,43,1790781153074
1f2fcd,19,1790780253074
714f18,32,1790780253074
e7ea46,35,1790780253074
7083dd,47,1790781153074
4551cf,47,1790780253074
5d8775,32,1790865753074
0bce97,54,1790780253074
ab1638,31,1790780253074
2a0a2f,22,1790865753074
9d7667,40,1790781153074
ac5939,19,1790780253074
7350b7,27,1790865753074
309370,51,1790780253074
2856f3,49,1790865753074
2c39f5,18,1790865753074
04b959,49,1790780253074
cb5e6b,38,1790781153074
f57ab4,18,1790780253074
d54aaa,20,1790865753074
ca898b,49,1790865753074
8e43b7,29,1790780253074
905920,38,1790781153074
3daf12,57,1790865753074
c8d15d,26,1790865753074
1bb49f,28,1790781153074
e45f04,41,1790781153074
e10204,48,1790780253074
a3c833,31,1790865753074
0ba3ab,35,1790865753074
fc8598,25,1790781153074
bbda62,29,1790780253074
ce88b1,16,1790865753074
ac047d,44,1790865753074
83750a,34,1790865753074
618204,16,1790781153074
07546f,42,1790780253074
29e101,37,1790780253074
69ad15,16,1790865753074
964cd3,30,1790865753074
ba026f,50,1790781153074
059355,55,1790781153074
67d02d,37,1790780253074
b8af99,20,1790865753074
bc2b4a,32,1790865753074
dcd78a,43,1790865753074
5ced8b,19,1790780253074
0d2e7a,52,1790865753074
f8091b,58,1790865753074
3eb2e1,48,1790781153074
10fd93,15,1790781153074
ed5bbc,41,1790780253074
45ef25,59,1790865753074
53464c,40,1790865753074
a6d7c7,28,1790780253074
dcf10d,41,1790781153074
7db9aa,16,1790865753074
fb93fa,21,1790780253074
30c37c,23,1790780253074
db146f,39,1790781153074
f34088,24,1790865753074
eab097,16,1790781153074
24e484,60,1790865753074
d00130,41,1790865753074
e097ca,28,1790781153074
6456b1,42,1790780253074
8e6cce,42,1790865753074
5efb9b,58,1790781153074
bc11dc,36,1790780253074
56a7d6,24,1790865753074
35fd8d,22,1790780253074
7d2225,60,1790781153074
c2bbca,31,1790781153074
606591,27,1790865753074
c42431,48,1790865753074
d9463f,22,1790865753074
ab0701,46,1790780253074
e17703,15,1790781153074
f67986,28,1790780253074
25b1d2,43,1790865753074
36c22f,23,1790781153074
e75bb3,50,1790781153074
302e59,37,1790865753074
99b90c,53,1790865753074
175e70,21,1790781153074
0f5687,17,1790781153074
7dbe2c,29,1790780253074
9eea2b,47,1790781153074
bfce0f,20,1790781153074
47f229,19,1790781153074
703e18,58,1790865753074
992a61,56,1790780253074
296b8e,27,1790781153074
d7fc24,23,1790781153074
49b8ad,51,1790781153074
31f8de,47,1790781153074
cf8ee1,50,1790781153074
ed8537,20,1790865753074
fb054d,36,1790780253074
6b8983,17,1790865753074
28d498,41,1790780253074
74983b,54,1790865753074
7f6e22,24,1790781153074
21f7eb,37,1790780253074
58c291,29,1790780253074
59151c,32,1790780253074
150c8a,46,1790780253074
ae9714,48,1790781153074
45d8a5,57,1790780253074
e6f435,45,1790781153074
1a703e,30,1790781153074
60f766,48,1790865753074
c57e52,47,1790865753074
90e38a,59,1790780253074
723a92,41,1790865753074
f5fe5c,37,1790865753074
8b63ca,59,1790780253074
0b7f44,26,1790781153074
7137b7,15,1790865753074
960bc7,26,1790781153074
fa0aca,24,1790781153074
697b96,43,1790781153074
2a6437,29,1790781153074
35e696,35,1790780253074
b4f6ce,19,1790780253074
097c4f,59,1790865753074
1648fe,19,1790780253074
f82144,59,1790781153074
2add0c,27,1790865753074
320300,57,1790865753074
b77fbc,15,1790780253074
f294cf,48,1790865753074
94ecab,42,1790780253074
e7eeaa,40,1790781153074
4fbd7e,60,1790865753074
28d362,45,1790780253074
2c4663,33,1790780253074
473978,46,1790865753074
c29362,15,1790780253074
620311,50,1790781153074
8e0a7c,17,1790865753074
633977,21,1790781153074
1f334c,45,1790865753074
36cb78,19,1790780253074
195b5a,49,1790780253074
9bece4,43,1790780253074
e7e0bb,17,1790865753074
8f6b40,51,1790781153074
8e8a0d,46,1790865753074
956149,60,1790780253074
a81979,51,1790780253074
748543,59,1790865753074
d23294,31,1790781153074
f38256,41,1790865753074
1317ee,15,1790865753074
e215f9,16,1790780253074
0a4abb,52,1790780253074
aa231b,52,1790865753074
022771,40,1790865753074
200add,25,1790781153074
db63c6,18,1790865753074
dda263,42,1790781153074
c58d8a,15,1790781153074
980e6e,19,1790865753074
6096bc,60,1790865753074
647caf,53,1790780253074
b007bf,15,1790780253074
557118,40,1790780253074
052151,24,1790865753074
4afeff,31,1790781153074
848b48,40,1790781153074
e7e929,50,1790865753074
949806,22,1790865753074
5f97d8,21,1790781153074
208566,35,1790865753074
3b36d7,16,1790780253074
094a31,22,1790865753074
c4669f,29,1790781153074
25bb91,57,1790781153074
663a76,46,1790781153074
e18f8b,25,1790781153074
4b3187,59,1790780253074
1cb1d9,24,1790781153074
46bf16,20,1790780253074
855c2a,48,1790781153074
301cc4,59,1790865753074
cff9df,23,1790780253074
6c2cee,45,1790781153074
88ff94,32,1790780253074
8951b8,30,1790865753074
9587e5,52,1790865753074
de1d6c,25,1790781153074
384dee,15,1790780253074
e4a3c2,59,1790781153074
45779f,25,1790865753074
917021,22,1790781153074
7d87a2,25,1790780253074
9ae8de,48,1790780253074
7656c5,41,1790780253074
12aa17,43,1790780253074
71b174,28,1790781153074
27f174,54,1790780253074
264e48,36,1790865753074
371c96,17,1790780253074
3b75e2,18,1790780253074
753f90,38,1790865753074
581e39,55,1790781153074
8930ae,26,1790865753074
e9aece,21,1790780253074
c2c3ef,38,1790780253074
30d34a,40,1790780253074
79ff38,48,1790781153074
1531d9,33,1790780253074
8f15c0,54,1790781153074
b3d335,48,1790865753074
3327f3,16,1790780253074
59c5eb,35,1790865753074
648e37,15,1790780253074
b04e43,23,1790865753074
821855,28,1790780253074
961b5d,15,1790865753074
5ef35b,60,1790781153074
f246a5,41,1790781153074
778d0f,36,1790781153074
c1ac31,16,1790865753074
10f155,49,1790781153074
69c1ea,28,1790865753074
0ed898,49,1790781153074
309830,20,1790781153074
d3dee0,31,1790781153074
f2f28c,44,1790780253074
25891b,36,1790865753074
4f1001,21,1790780253074
edb01a,32,1790780253074
128311,37,1790780253074
13e8a5,49,1790780253074
01d87a,47,1790865753074
692246,27,1790781153074
08885b,43,1790781153074
66ec8f,56,1790865753074
a1c43f,55,1790780253074
537d3b,16,1790781153074
7c3b60,43,1790781153074
c3d511,23,1790781153074
df0eff,39,1790781153074
30904e,28,1790865753074
b788e1,31,1790865753074
b9c2db,40,1790781153074
af5827,22,1790780253074
4391b5,48,1790780253074
46fc69,50,1790780253074
18a75b,38,1790780253074
c8d1cc,59,1790865753074
f08128,58,1790865753074
81c83e,31,1790865753074
cd16e2,33,1790865753074
7049a6,20,1790865753074
691422,43,1790780253074
ee0073,60,1790780253074
2f2807,43,1790865753074
ddcbbe,32,1790781153074
5b7456,17,1790781153074
f5c29a,23,1790781153074
8e1f5f,37,1790780253074
778046,44,1790781153074
48019d,28,1790781153074
8ecfba,56,1790781153074
1211b0,29,1790780253074
f90de4,36,1790781153074
81b6c5,20,1790780253074
29b079,60,1790781153074
6811d2,15,1790781153074
78c884,35,1790780253074
f704c4,22,1790781153074
63513f,39,1790780253074
7c3b1e,40,1790781153074
3397c1,36,1790780253074
247203,55,1790780253074
838cb5,43,1790865753074
cc6210,50,1790781153074
3e1eab,60,1790780253074
38361a,52,1790781153074
f594bb,27,1790781153074
0cafff,45,1790781153074
9a994e,53,1790780253074
4e7199,45,1790781153074
da1e3d,34,1790865753074
6f5b8e,38,1790865753074
32cfb2,57,1790781153074
b8b391,24,1790780253074
6fcb52,58,1790780253074
2974e4,60,1790865753074
a2c651,55,1790781153074
c4210f,46,1790781153074
383ce4,60,1790780253074
d768a1,42,1790865753074
d22147,18,1790780253074
e2d592,26,1790865753074
52c1f2,51,1790865753074
507c2d,57,1790781153074
f4a513,58,1790781153074
153382,36,1790865753074
8e4ef4,57,1790780253074
46dda7,44,1790780253074
7b8fd7,18,1790781153074
c781dc,36,1790865753074
47f1a6,53,1790781153074
124c0b,50,1790780253074
840e8d,15,1790780253074
1275da,42,1790781153074
8f3410,32,1790780253074
6c44c7,44,1790780253074
92eefb,25,1790781153074
20a950,46,1790781153074
7c3ad0,44,1790865753074
8d925e,47,1790781153074
f31419,43,1790865753074
b3d273,24,1790865753074
b476d5,31,1790865753074
0532aa,59,1790865753074
c402ca,49,1790865753074
d5d47d,41,1790865753074
7bb6fa,29,1790781153074
468aef,23,1790865753074
ca53bf,16,1790865753074
a8ff1f,25,1790865753074
2c0f08,54,1790781153074
fe23f2,59,1790781153074
65b1e6,48,1790865753074
558cd2,55,1790780253074
7139bf,45,1790781153074
6bfbe3,31,1790781153074
c44514,34,1790781153074
453b5e,20,1790781153074
7340cb,24,1790780253074
d6d659,43,1790865753074
7940d7,56,1790865753074
8e8f0f,19,1790865753074
155c66,57,1790780253074
7743a7,26,1790780253074
5b6f8c,38,1790781153074
c8ad9b,57,1790781153074
9350bb,43,1790780253074
034a03,47,1790780253074
7bd8ad,56,1790865753074
37b182,16,1790781153074
e3ec10,19,1790780253074
1a10cf,51,1790780253074
1e7bb6,18,1790780253074
963dd7,57,1790780253074
ffba72,18,1790780253074
a69f3d,43,1790780253074
a1db3d,54,1790865753074
51d800,32,1790781153074
06cc35,22,1790780253074
5f3b11,48,1790781153074
d184b0,42,1790780253074
439e32,20,1790781153074
e7e9ee,50,1790865753074
22e583,52,1790865753074
a0cb4f,30,1790865753074
66f837,44,1790865753074
0428aa,42,1790780253074
e0b696,51,1790865753074
d7ab7a,15,1790780253074
067785,44,1790780253074
2fb310,42,1790780253074
a2ea25,35,1790781153074
45c532,39,1790781153074
ba1701,50,1790865753074
8e86e1,31,1790865753074
c5213d,16,1790780253074
e51ae1,34,1790865753074
de9a5b,59,1790780253074
3bf48d,30,1790865753074
8f4105,58,1790781153074
c2cc5f,16,1790865753074
09f663,52,1790865753074
3127fd,54,1790780253074
9323ba,40,1790865753074
12564a,28,1790780253074
112b12,47,1790780253074
565de8,22,1790780253074
f1f314,38,1790781153074
918988,36,1790780253074
c4ef05,34,1790780253074
012fde,37,1790780253074
4bc64e,22,1790780253074
6a0565,57,1790781153074
086eea,53,1790781153074
4f0d47,52,1790780253074
1225a2,49,1790865753074
22ca7e,33,1790780253074
ec496b,55,1790865753074
eadd84,39,1790781153074
26b87c,58,1790865753074
55f3e8,44,1790780253074
7bce99,19,1790865753074
aa6506,47,1790780253074
fa325d,33,1790780253074
927b3c,32,1790781153074
32b860,23,1790781153074
6bb853,41,1790865753074
a6dbdc,43,1790780253074
068061,55,1790781153074
18290d,15,1790781153074
6d2c35,50,1790781153074
6e5eaa,42,1790865753074
f95245,38,1790781153074
8911ae,57,1790781153074
947e09,23,1790780253074
3e6136,17,1790865753074
44d040,34,1790780253074
7c3bd4,47,1790781153074
7025e2,36,1790865753074
4b5574,43,1790781153074
1934ab,24,1790865753074
ed41f8,60,1790780253074
a1bb5f,54,1790780253074
c58afa,49,1790780253074
cb2f7f,19,1790865753074
195d70,55,1790865753074
84ebc8,16,1790780253074
b764e9,52,1790780253074
0a73de,50,1790781153074
8962a1,27,1790780253074
792f38,18,1790781153074
031703,50,1790865753074
587513,38,1790780253074
169a33,51,1790780253074
98f96b,42,1790780253074
4ae574,17,1790865753074
d72c8a,19,1790865753074
05c7d6,18,1790865753074
18e515,59,1790865753074
acd199,52,1790865753074
b54424,41,1790865753074
98eace,19,1790781153074
455ac3,38,1790865753074
bc8638,15,1790780253074
00be42,30,1790865753074
2230de,55,1790780253074
a50f74,20,1790865753074
92723a,31,1790780253074
130575,58,1790780253074
5d307e,50,1790781153074
3e52f7,53,1790780253074
236ff1,20,1790865753074
0b774f,23,1790865753074
2ab8a2,32,1790781153074
d33a82,49,1790780253074
c73155,24,1790781153074
551db7,47,1790781153074
960ea6,33,1790780253074
5f1597,19,1790865753074
40572a,56,1790780253074
fa25de,57,1790780253074
4e1350,27,1790781153074
d78a40,56,1790865753074
9a0e72,60,1790865753074
edeedc,48,1790781153074
6f4507,50,1790865753074
2c7403,28,1790780253074
368ccb,26,1790780253074
17a5c1,60,1790865753074
1723bb,44,1790781153074
9d2b2e,27,1790780253074
c30b4a,16,1790780253074
3d691d,22,1790781153074
597048,32,1790780253074
bbac8e,33,1790780253074
4a405c,16,1790865753074
273a40,59,1790781153074
7c4440,59,1790781153074
027d21,19,1790780253074
43a965,24,1790781153074
204626,34,1790780253074
54bace,58,1790865753074
baeb3e,15,1790780253074
995447,16,1790781153074
ee2ace,37,1790865753074
a8a27c,23,1790781153074
88e796,19,1790865753074
46f75a,25,1790781153074
58d788,48,1790780253074
60378c,45,1790780253074
55ee9f,46,1790780253074
b65625,30,1790780253074
f3250b,57,1790781153074
6f7393,55,1790780253074
e36751,45,1790780253074
95142e,54,1790781153074
545584,48,1790865753074
4e9958,43,1790781153074
c317ce,48,1790865753074
69dc69,48,1790865753074
d2ad02,33,1790865753074
a873a0,26,1790781153074
c1e2ba,25,1790865753074
ecc493,20,1790780253074
ab0ebe,35,1790780253074
32c25e,57,1790781153074
b044ac,39,1790781153074
ddbb81,31,1790865753074
db6b82,21,1790780253074
f295a4,48,1790780253074
452815,32,1790781153074
6509bb,36,1790781153074
0d403f,52,1790780253074
eb6168,29,1790865753074
e315bd,30,1790865753074
adb488,42,1790780253074
03d0c2,40,1790780253074
bcf9b1,33,1790780253074
74b816,23,1790865753074
434623,49,1790780253074
f5cd77,31,1790780253074
ccc200,32,1790781153074
975426,46,1790865753074
85c836,48,1790865753074
eafe81,25,1790780253074
29ffef,36,1790865753074
4cbbdc,32,1790781153074
f8c061,42,1790865753074
3bf3be,25,1790780253074
1eb469,48,1790781153074
d69162,19,1790781153074
87b295,39,1790865753074
35bcc1,60,1790865753074
fa136e,16,1790865753074
e6e475,37,1790781153074
f0710a,48,1790780253074
1dab14,27,1790865753074
418ead,53,1790865753074
712a14,20,1790865753074
4f1527,49,1790781153074
9406c3,43,1790780253074
beeb37,15,1790780253074
4c6b11,52,1790781153074
e096ef,25,1790780253074
031f33,45,1790781153074
cbe75b,36,1790781153074
bf70f1,18,1790780253074
05b2ea,22,1790781153074
cececa,23,1790781153074
54cdbb,53,1790781153074
0210cd,18,1790865753074
8fe165,20,1790781153074
63d3e1,51,1790781153074
d7ab98,29,1790780253074
719f47,20,1790781153074
ecfd32,30,1790780253074
328f1d,57,1790781153074
14f52e,34,1790865753074
b451bc,39,1790865753074
0ba87c,20,1790781153074
bf98a8,57,1790780253074
892663,29,1790781153074
27ab38,31,1790780253074
808f24,47,1790865753074
602dde,48,1790865753074
b213d3,43,1790865753074
ddadd6,54,1790865753074
1e9673,49,1790781153074
cda3c2,40,1790780253074
ec85da,52,1790781153074
d7276a,35,1790781153074
42aad4,46,1790781153074
33c190,42,1790780253074
d82e2d,24,1790865753074
63b9b7,35,1790781153074
c4070a,27,1790780253074
9336f5,42,1790865753074
534796,34,1790865753074
88e7bf,40,1790780253074
e3560b,31,1790780253074
fd2399,43,1790781153074
79efe0,26,1790780253074
6f2ecb,47,1790780253074
32c809,54,1790781153074
49876f,32,1790781153074
b58d73,40,1790781153074
610a07,55,1790780253074
2119bf,21,1790780253074
921c3e,23,1790780253074
74ea94,32,1790780253074
4f5f24,33,1790781153074
fd3c09,20,1790780253074
e8958d,46,1790780253074
fb8217,53,1790865753074
92c4e4,44,1790780253074
9560d5,19,1790780253074
233ffc,58,1790865753074
54b47b,41,1790780253074
a63a0a,20,1790865753074
03b2c6,40,1790865753074
a250ec,24,1790780253074
3f8437,56,1790781153074
ef0d25,22,1790780253074
98d731,34,1790865753074
8eb884,57,1790780253074
98a58d,33,1790780253074
f99b48,51,1790781153074
e2febe,45,1790865753074
853c74,43,1790781153074
97e8d0,33,1790865753074
6096db,27,1790865753074
cc5df9,57,1790865753074
a22a6f,31,1790780253074
8b08ee,56,1790865753074
619e67,40,1790781153074
8358c8,19,1790865753074
ca3f35,19,1790781153074
c81ada,21,1790781153074
fe88b7,19,1790780253074
9af333,36,1790780253074
915f70,36,1790780253074
08219c,46,1790781153074
be884d,58,1790865753074
1fa0f6,58,1790780253074
7f96dc,50,1790780253074
7b7a5c,23,1790780253074
50c030,30,1790780253074
386a59,30,1790780253074
f82426,19,1790865753074
bd4966,44,1790781153074
b441cd,33,1790780253074
892f61,31,1790780253074
80e751,45,1790780253074
75b0f3,55,1790781153074
d7fcd2,39,1790780253074
9277fb,58,1790780253074
dafdc3,51,1790781153074
a99c16,42,1790865753074
14c8b9,18,1790865753074
5cd5ac,59,1790781153074
c7fe5a,46,1790780253074
87d017,38,1790780253074
49971b,26,1790781153074
a70f70,50,1790865753074
f472dc,59,1790780253074
72513e,37,1790781153074
fe4764,26,1790781153074
c1afde,54,1790780253074
44fc16,52,1790780253074
4cae3b,48,1790865753074
e5041c,36,1790865753074
ec77cb,31,1790781153074
74c550,41,1790780253074
e367a0,56,1790781153074
f3d580,50,1790780253074
1f8fb7,46,1790781153074
1c0df4,19,1790780253074
460f9e,41,1790865753074
1bfc6f,41,1790865753074
f0832e,28,1790780253074
f864a7,31,1790781153074
a81ce6,43,1790865753074
265831,55,1790780253074
ccd484,28,1790865753074
18b25d,44,1790865753074
159eeb,56,1790865753074
2cf3ee,36,1790865753074
854ec0,24,1790781153074
7439a1,51,1790781153074
0f2b65,45,1790780253074
7cc8f2,21,1790865753074
33168a,41,1790781153074
71bc28,58,1790780253074
15579d,36,1790780253074
0e89e5,58,1790781153074
80f82e,22,1790780253074
5681b5,26,1790865753074
bacca4,21,1790780253074
23d530,47,1790780253074
71786f,15,1790780253074
164e61,37,1790780253074
158e0b,56,1790781153074
4b5b3f,18,1790781153074
93599d,51,1790781153074
291de4,53,1790781153074
e34850,49,1790781153074
fbecb2,45,1790780253074
d6fe09,37,1790865753074
a15238,36,1790865753074
37ae7b,54,1790780253074
50107d,18,1790780253074
22ae12,58,1790780253074
0bba15,33,1790780253074
a72e6f,23,1790781153074
c4ed23,17,1790865753074
74ff53,46,1790780253074
5c876d,49,1790780253074
cbf369,41,1790781153074
efcb66,33,1790865753074
9ff065,33,1790780253074
5ec6d8,48,1790865753074
6f100a,36,1790781153074
4a2e54,51,1790865753074
4c5eb0,53,1790780253074
ad62ad,54,1790865753074
262bac,34,1790781153074
b74003,43,1790865753074
afd369,53,1790781153074
4ea352,27,1790865753074
388d9e,49,1790865753074
0dd013,57,1790865753074
4961ca,38,1790781153074
cecbd8,49,1790780253074
b8b756,31,1790780253074
b39471,34,1790865753074
fcc1d5,32,1790865753074
e0f582,17,1790781153074
9a57a1,28,1790865753074
3678d7,22,1790781153074
468b3a,36,1790865753074
a734a4,47,1790780253074
95eb28,36,1790780253074
e42489,49,1790781153074
1886c4,49,1790865753074
d139c7,35,1790865753074
d72d54,35,1790865753074
31f8da,58,1790780253074
80a666,28,1790780253074
acb2a8,16,1790780253074
d67acf,39,1790780253074
c03b61,48,1790780253074
0981e6,23,1790865753074
c1769a,44,1790865753074
ec25e6,18,1790780253074
aebe87,45,1790781153074
c3d354,25,1790781153074
f5491f,17,1790780253074
a47e0f,35,1790780253074
b2986e,58,1790781153074
15f445,46,1790781153074
c90e7c,51,1790780253074
b23ace,40,1790780253074
e33ff2,55,1790780253074
513e3e,55,1790865753074
0fdf27,38,1790780253074
2905e1,46,1790781153074
8da897,47,1790781153074
498f07,57,1790780253074
6d63f5,44,1790780253074
9c461d,32,1790781153074
2ec154,57,1790865753074
4d1d94,35,1790781153074
31a2f4,33,1790781153074
4ff1ee,53,1790781153074
e59c52,50,1790865753074
36c9c4,19,1790781153074
83af47,33,1790781153074
5e7218,45,1790865753074
46add1,38,1790865753074
fd5efd,31,1790780253074
85bed8,22,1790865753074
b3f068,37,1790781153074
3c8065,28,1790865753074
05875f,45,1790865753074
db37af,30,1790780253074
9af657,52,1790781153074
b876ac,60,1790865753074
2d8e02,27,1790781153074
167bb2,33,1790865753074
36bf9b,32,1790780253074
bd6b5d,43,1790781153074
755242,38,1790781153074
3d0714,37,1790865753074
a38175,42,1790781153074
962322,22,1790865753074
8a7814,15,1790780253074
d98f1a,26,1790780253074
5bd811,40,1790865753074
9d7c6f,21,1790780253074
532c38,39,1790865753074
f3e8ba,31,1790780253074
b19e65,19,1790780253074
b58762,58,1790780253074
37fe3c,40,1790865753074
8c4ce8,16,1790781153074
5e420c,46,1790780253074
2893da,35,1790781153074
2ab337,55,1790780253074
499b3f,56,1790780253074
ba6f0a,17,1790781153074
99e2e7,46,1790781153074
35b079,16,1790865753074
3e88c3,33,1790780253074
dfc37e,15,1790865753074
f85b87,55,1790865753074
b1c03d,34,1790780253074
4e2848,45,1790865753074
a3640f,56,1790781153074
685f7d,35,1790780253074
a7f3f5,58,1790781153074
8fca1e,48,1790865753074
c42f6d,32,1790780253074
793dbe,32,1790865753074
0f9962,40,1790780253074
e0c1af,15,1790781153074
d2c842,42,1790780253074
0d1fad,38,1790865753074
5d78dd,15,1790781153074
d5692a,18,1790781153074
0fce37,21,1790781153074
cec0c3,57,1790780253074
5aa13b,33,1790781153074
090c34,45,1790781153074
38b5a8,36,1790781153074
0a98c5,22,1790781153074
370252,35,1790781153074
cd140a,45,1790780253074
d03094,28,1790781153074
77bc4d,54,1790865753074
2c5cac,44,1790780253074
283251,44,1790865753074
02156e,47,1790781153074
be394b,42,1790781153074
cf4b8f,36,1790781153074
11e6a1,41,1790781153074
6e1ee2,56,1790865753074
32ec0e,49,1790781153074
d0c317,23,1790781153074
5c63ed,48,1790865753074
4c19fa,22,1790865753074
3e8441,35,1790780253074
2a7d5a,16,1790781153074
45c090,53,1790781153074
00aee2,59,1790780253074
376672,37,1790780253074
5bccb5,16,1790780253074
1b72bf,40,1790865753074
c03233,56,1790865753074
13caa5,57,1790780253074
870f0a,58,1790865753074
73bf74,39,1790781153074
37a41d,54,1790865753074
111f50,17,1790781153074
39a988,44,1790780253074
17153a,30,1790781153074
9a9945,43,1790780253074
c25a47,16,1790865753074
391d81,47,1790780253074
1cb42b,19,1790781153074
fa7e0b,19,1790780253074
424a9a,19,1790780253074
08c73f,54,1790781153074
6cc0ce,37,1790865753074
1cff16,29,1790865753074
b17099,58,1790781153074
656dd4,56,1790781153074
83104c,38,1790781153074
d86db3,30,1790780253074
eed04f,17,1790781153074
8e6b8d,36,1790781153074
728325,60,1790781153074
66f8fd,22,1790865753074
79d38f,56,1790781153074
ba82c3,53,1790780253074
9eaf56,25,1790780253074
f901fe,29,1790781153074
04041d,47,1790865753074
bd10e8,50,1790780253074
e962ef,17,1790780253074
cdf922,53,1790865753074
4e0a8a,41,1790865753074
743b56,29,1790780253074
605fad,53,1790781153074
18fc15,47,1790781153074
852427,16,1790780253074
e6aa22,48,1790865753074
0cb27d,22,1790865753074
aaadfc,20,1790865753074
70f3a5,37,1790780253074
899db1,17,1790781153074
9ae83a,31,1790780253074
a92bff,28,1790780253074
65194f,30,1790865753074
20b913,36,1790865753074
a3c85b,40,1790780253074
40b231,26,1790780253074
e0c8f2,24,1790865753074
ad702e,38,1790865753074
228a75,26,1790865753074
7f8864,55,1790781153074
6d3182,35,1790865753074
c26fa3,32,1790865753074
f0605e,16,1790865753074
58409f,32,1790780253074
56f653,22,1790780253074
23e1b1,29,1790865753074
589dfd,22,1790780253074
dbe0c4,58,1790865753074
907a45,30,1790780253074
981fa6,28,1790865753074
a6a940,34,1790780253074
195064,34,1790781153074
50ee0d,56,1790780253074
e8df49,57,1790781153074
97f6c3,51,1790780253074
764f0f,20,1790865753074
05af27,56,1790865753074
856e9d,54,1790865753074
ea3c6d,37,1790780253074
d3bc04,28,1790781153074
d10dbf,45,1790780253074
7eae0c,44,1790781153074
0e3510,43,1790781153074
f93e31,51,1790781153074
032219,47,1790780253074
f91cfe,20,1790865753074
31aa6b,20,1790865753074
88f826,39,1790781153074
112cf5,49,1790780253074
c3279e,56,1790781153074
bf1cd6,38,1790781153074
a2d6a9,48,1790780253074
b62151,47,1790780253074
041921,43,1790865753074
865f38,56,1790781153074
e4c98c,28,1790865753074
9d0a8d,33,1790781153074
eb2f72,35,1790865753074
2b8670,44,1790780253074
e6097e,60,1790780253074
f5cb6b,36,1790780253074
953797,37,1790781153074
5c124e,33,1790780253074
aa07dd,53,1790865753074
5c826e,54,1790780253074
ef5ddc,28,1790780253074
6c381e,45,1790780253074
48e3ae,35,1790780253074
8e6a74,47,1790781153074
e897af,49,1790865753074
af3a79,60,1790865753074
f81dec,43,1790865753074
efbc11,28,1790780253074
79c13b,26,1790780253074
13dd8c,19,1790780253074
141d9b,24,1790865753074
004cb7,18,1790780253074
a305fd,22,1790865753074
5f26dd,53,1790865753074
c94d86,53,1790865753074
9a9370,16,1790865753074
f9328c,29,1790780253074
091f1f,21,1790780253074
1f5f75,46,1790780253074
2cdd2c,43,1790781153074
b02389,20,1790780253074
402bd6,45,1790865753074
8d1150,26,1790781153074
cd7698,21,1790781153074
0a689d,30,1790780253074
926028,52,1790780253074
86cc0d,47,1790781153074
037588,25,1790865753074
deb688,23,1790865753074
10ef14,37,1790865753074
d84b4d,55,1790780253074
c2b09a,58,1790781153074
3282f0,29,1790780253074
111a39,52,1790865753074
5a17b7,29,1790865753074
228184,47,1790865753074
dbfaf8,48,1790780253074
f2912a,25,1790865753074
bd99c0,56,1790781153074
410332,29,1790780253074
aa61ea,32,1790781153074
cf28d5,39,1790780253074
da3d62,27,1790781153074
cea406,22,1790781153074
25725e,22,1790780253074
939d71,35,1790781153074
28bf50,20,1790865753074
6182c3,56,1790865753074
d4ab9e,47,1790865753074
c44468,47,1790781153074
9c95b2,42,1790780253074
17afca,48,1790780253074
2191c9,24,1790781153074
0f800c,51,1790780253074
eb762a,28,1790865753074
7c49e7,23,1790865753074
2d2798,17,1790781153074
4711ba,40,1790781153074
12579f,41,1790781153074
b41187,24,1790865753074
dfbabd,50,1790780253074
b61ae2,38,1790780253074
422090,15,1790781153074
a28b1c,32,1790865753074
4a6039,35,1790865753074
33700e,27,1790865753074
c194f7,29,1790780253074
f99150,56,1790865753074
93cb25,27,1790780253074
ba4b64,33,1790780253074
a0e111,54,1790865753074
47b555,56,1790781153074
53c1e1,30,1790781153074
f3cf1e,45,1790780253074
665ed5,55,1790780253074
a1572a,57,1790781153074
880df0,57,1790781153074
b3a580,39,1790780253074
0aa3a4,56,1790781153074
8ada2d,18,1790781153074
e1f0ba,47,1790781153074
c3e8c3,24,1790780253074
dfeeec,23,1790780253074
89103b,25,1790780253074
25518f,51,1790780253074
c7098e,43,1790781153074
6d2a68,25,1790780253074
8127f5,18,1790780253074
daad6f,25,1790865753074
b9e5d5,41,1790781153074
226f2e,19,1790781153074
1a77c0,36,1790781153074
119cbe,24,1790865753074
369683,46,1790780253074
89edd8,32,1790781153074
4de2a2,59,1790865753074
420452,30,1790781153074
50ae58,34,1790780253074
201ede,60,1790865753074
9ea672,56,1790780253074
a39b8f,27,1790865753074
f3ea19,48,1790865753074
af4584,57,1790780253074
e6c7aa,48,1790865753074
c5254c,57,1790780253074
660589,21,1790865753074
c875cb,51,1790780253074
748044,25,1790781153074
431fdc,39,1790865753074
f18764,48,1790780253074
1ca43f,60,1790781153074
562097,15,1790781153074
12f629,36,1790865753074
aef6c8,59,1790781153074
629dfc,58,1790865753074
f231c6,28,1790865753074
b7d71a,43,1790780253074
0627d3,27,1790781153074
d191d6,16,1790781153074
7122f1,42,1790780253074
3af0ee,38,1790865753074
3bbcd7,30,1790780253074
db495d,27,1790780253074
06aace,33,1790865753074
7bd8eb,37,1790780253074
09b008,28,1790780253074
435193,37,1790865753074
1aef49,25,1790781153074
46d910,40,1790780253074
316c09,49,1790865753074
88709d,50,1790865753074
b59ef8,16,1790781153074
659a63,58,1790780253074
1026ea,57,1790865753074
5686da,58,1790865753074
aa87f9,23,1790780253074
884735,45,1790781153074
74b5ff,48,1790865753074
aa5d4d,43,1790781153074
0d59e8,16,1790780253074
b22d5d,28,1790781153074
d7a9ed,28,1790781153074
195d25,27,1790780253074
04394a,25,1790780253074
e0ab75,34,1790781153074
391632,34,1790780253074
e9295a,52,1790781153074
3ce5c3,53,1790780253074
813bde,44,1790780253074
04ef2d,33,1790865753074
fd469b,35,1790780253074
d49b16,48,1790781153074
3581c4,46,1790781153074
b65d4b,58,1790781153074
e9e0b3,50,1790865753074
425ec4,30,1790781153074
431ad1,36,1790781153074
aa2184,40,1790865753074
f24b99,38,1790780253074
77ad08,22,1790780253074
b5ce85,17,1790865753074
3f7ec4,45,1790865753074
774ead,51,1790781153074
1085ee,28,1790781153074
4d6ff4,23,1790780253074
b49db2,21,1790781153074
819a75,52,1790781153074
5523e0,52,1790781153074
8f581a,58,1790781153074
04f5f3,25,1790781153074
488abd,53,1790780253074
ce34c5,47,1790780253074
f928d4,31,1790865753074
d0601a,32,1790781153074
40966f,48,1790780253074
9fe423,58,1790781153074
7d7817,31,1790781153074
4e33f5,33,1790865753074
7a636d,31,1790781153074
56531c,38,1790781153074
c0362d,41,1790780253074
7a645e,18,1790865753074
163d11,35,1790865753074
99599f,60,1790865753074
048c94,30,1790781153074
feb7db,17,1790780253074
b80cda,25,1790781153074
6be607,55,1790780253074
19d2e8,33,1790781153074
639c5e,40,1790780253074
098bf0,33,1790780253074
14c929,20,1790865753074
2b1817,41,1790781153074
bd9db3,23,1790865753074
8c1f0d,25,1790781153074
0df6ba,20,1790865753074
5ecfdd,41,1790780253074
9ec385,40,1790865753074
f48bff,16,1790865753074
2efad5,23,1790865753074
1c2858,34,1790781153074
ba8a13,46,1790781153074
09eae9,33,1790781153074
982f42,40,1790780253074
29f08b,42,1790865753074
a61933,32,1790781153074
cdccf2,37,1790781153074
f63d81,19,1790781153074
9a44f2,45,1790781153074
d864bb,23,1790781153074
317dda,55,1790780253074
7a561d,16,1790865753074
31a5f3,16,1790781153074
977542,52,1790781153074
31ab04,30,1790780253074
de0aea,34,1790865753074
6e2fa8,33,1790781153074
211a32,33,1790780253074
f15c3b,49,1790865753074
fc1267,36,1790781153074
da3ddc,47,1790781153074
9f2e83,22,1790865753074
7a957f,59,1790780253074
74c861,53,1790865753074
823601,59,1790865753074
f5c906,15,1790781153074
9c1f29,24,1790781153074
204f5d,32,1790865753074
da027a,24,1790781153074
f919d3,40,1790865753074
55ea92,36,1790780253074
67fa7f,44,1790780253074
4d118d,60,1790780253074
102cac,15,1790781153074
f7a6b4,20,1790781153074
4258b5,24,1790865753074
a01460,16,1790781153074
ffc4ed,19,1790781153074
32ee5f,42,1790865753074
a6cf30,50,1790865753074
5aa2b1,39,1790865753074
6d7d45,41,1790780253074
3ccd35,40,1790781153074
d8d179,22,1790865753074
e66ae9,49,1790780253074
41647d,43,1790865753074
d7a1a2,15,1790781153074
4fb144,60,1790780253074
e9a7b0,28,1790865753074
e8c1a7,48,1790781153074
61c1dc,17,1790781153074
18f8f4,45,1790780253074
e4100c,41,1790780253074
09ced4,54,1790781153074
dbe2af,27,1790780253074
69ea9a,59,1790780253074
ff26d3,32,1790865753074
51c5e8,32,1790865753074
d861d4,27,1790780253074
6bd584,46,1790780253074
271067,44,1790781153074
b8e3f2,43,1790781153074
894b15,50,1790780253074
88a6a7,17,1790781153074
22fccf,15,1790780253074
d794ae,50,1790780253074
cbce6a,49,1790781153074
5e3fcc,19,1790780253074
2fef6c,39,1790865753074
7d4fd5,43,1790780253074
a55fed,29,1790781153074
a45787,18,1790780253074
b220cb,41,1790865753074
bd94ce,47,1790781153074
6122e3,49,1790865753074
a3750d,27,1790780253074
b35352,37,1790865753074
aa5899,46,1790780253074
045e27,59,1790780253074
dba23a,57,1790865753074
63bf46,26,1790780253074
4378ef,39,1790865753074
530dc6,44,1790865753074
c24df6,50,1790865753074
0a56a8,58,1790865753074
8b6220,52,1790865753074
c952cb,33,1790781153074
f4581d,57,1790865753074
2c6ec2,20,1790780253074
862bfe,47,1790865753074
342d97,46,1790781153074
a6a407,35,1790781153074
cb411a,29,1790781153074
b7f245,23,1790865753074
50df6b,37,1790781153074
e51097,27,1790865753074
13e20e,57,1790780253074
5940da,48,1790865753074
1fc062,22,1790781153074
fa2282,44,1790781153074
500ec7,60,1790865753074
530698,22,1790780253074
5a4d2c,45,1790781153074
ee3c33,22,1790781153074
eb572c,15,1790781153074
b8afb5,37,1790865753074
48a1d3,16,1790865753074
567f4f,27,1790780253074
452bd7,30,1790865753074
c1cd20,20,1790780253074
ab3880,20,1790780253074
6c4f08,18,1790865753074
ff1645,44,1790781153074
aa4941,25,1790865753074
42da0b,30,1790865753074
cc7991,39,1790780253074
43d718,34,1790865753074
c3b315,21,1790781153074
1acd86,50,1790865753074
a5470b,30,1790865753074
34a131,39,1790780253074
6130e2,16,1790781153074
986952,57,1790781153074
e748c1,19,1790865753074
ba06b7,35,1790865753074
c9f338,31,1790865753074
a568b2,22,1790780253074
a11f6e,54,1790780253074
dd68b8,31,1790781153074
47ad66,38,1790781153074
ffbb9b,40,1790781153074
22f4f7,51,1790781153074
2a3493,59,1790781153074
29c475,46,1790781153074
f59f5f,21,1790865753074
1bce37,39,1790780253074
779861,54,1790780253074
