timestamp,source,namespace,metric,dims,stat,value
2026-09-30T16:24:00+00:00,backend,CWAgent,mem_used_percent,,average,80.25697195422558
2026-09-30T16:25:00+00:00,backend,CWAgent,mem_used_percent,,average,79.49295634137115
2026-09-30T16:26:00+00:00,backend,CWAgent,mem_used_percent,,average,75.79924429794114
2026-09-30T16:27:00+00:00,backend,CWAgent,mem_used_percent,,average,75.8225222491489
2026-09-30T16:28:00+00:00,backend,CWAgent,mem_used_percent,,average,77.76623117499615
2026-09-30T16:29:00+00:00,backend,CWAgent,mem_used_percent,,average,77.23000694181759
2026-09-30T16:30:00+00:00,backend,CWAgent,mem_used_percent,,average,78.83410718665176
2026-09-30T16:31:00+00:00,backend,CWAgent,mem_used_percent,,average,79.75233922625753
2026-09-30T16:32:00+00:00,backend,CWAgent,mem_used_percent,,average,78.79877458214
2026-09-30T16:33:00+00:00,backend,CWAgent,mem_used_percent,,average,79.2921840122043
2026-09-30T16:34:00+00:00,backend,CWAgent,mem_used_percent,,average,76.31426896841265
2026-09-30T16:24:00+00:00,backend,CWAgent,mem_used_percent,,maximum,80.25697195422558
2026-09-30T16:25:00+00:00,backend,CWAgent,mem_used_percent,,maximum,79.49295634137115
2026-09-30T16:26:00+00:00,backend,CWAgent,mem_used_percent,,maximum,75.79924429794114
2026-09-30T16:27:00+00:00,backend,CWAgent,mem_used_percent,,maximum,75.8225222491489
2026-09-30T16:28:00+00:00,backend,CWAgent,mem_used_percent,,maximum,77.76623117499615
2026-09-30T16:29:00+00:00,backend,CWAgent,mem_used_percent,,maximum,77.23000694181759
2026-09-30T16:30:00+00:00,backend,CWAgent,mem_used_percent,,maximum,78.83410718665176
2026-09-30T16:31:00+00:00,backend,CWAgent,mem_used_percent,,maximum,79.75233922625753
2026-09-30T16:32:00+00:00,backend,CWAgent,mem_used_percent,,maximum,78.79877458214
2026-09-30T16:33:00+00:00,backend,CWAgent,mem_used_percent,,maximum,79.2921840122043
2026-09-30T16:34:00+00:00,backend,CWAgent,mem_used_percent,,maximum,76.31426896841265
2026-09-30T16:24:00+00:00,backend,CWAgent,diskio_iops_in_progress,name=nvme0n1p15,average,0.0
2026-09-30T16:25:00+00:00,backend,CWAgent,diskio_iops_in_progress,name=nvme0n1p15,average,0.0
2026-09-30T16:26:00+00:00,backend,CWAgent,diskio_iops_in_progress,name=nvme0n1p15,average,0.0
2026-09-30T16:27:00+00:00,backend,CWAgent,diskio_iops_in_progress,name=nvme0n1p15,average,0.0
2026-09-30T16:28:00+00:00,backend,CWAgent,diskio_iops_in_progress,name=nvme0n1p15,average,0.0
2026-09-30T16:29:00+00:00,backend,CWAgent,diskio_iops_in_progress,name=nvme0n1p15,average,0.0
2026-09-30T16:30:00+00:00,backend,CWAgent,diskio_iops_in_progress,name=nvme0n1p15,average,0.0
2026-09-30T16:31:00+00:00,backend,CWAgent,diskio_iops_in_progress,name=nvme0n1p15,average,0.0
2026-09-30T16:32:00+00:00,backend,CWAgent,diskio_iops_in_progress,name=nvme0n1p15,average,0.0
2026-09-30T16:33:00+00:00,backend,CWAgent,diskio_iops_in_progress,name=nvme0n1p15,average,0.0
2026-09-30T16:34:00+00:00,backend,CWAgent,diskio_iops_in_progress,name=nvme0n1p15,average,0.0
2026-09-30T16:24:00+00:00,backend,CWAgent,diskio_iops_in_progress,name=nvme0n1p15,maximum,0.0
2026-09-30T16:25:00+00:00,backend,CWAgent,diskio_iops_in_progress,name=nvme0n1p15,maximum,0.0
2026-09-30T16:26:00+00:00,backend,CWAgent,diskio_iops_in_progress,name=nvme0n1p15,maximum,0.0
2026-09-30T16:27:00+00:00,backend,CWAgent,diskio_iops_in_progress,name=nvme0n1p15,maximum,0.0
2026-09-30T16:28:00+00:00,backend,CWAgent,diskio_iops_in_progress,name=nvme0n1p15,maximum,0.0
2026-09-30T16:29:00+00:00,backend,CWAgent,diskio_iops_in_progress,name=nvme0n1p15,maximum,0.0
2026-09-30T16:30:00+00:00,backend,CWAgent,diskio_iops_in_progress,name=nvme0n1p15,maximum,0.0
2026-09-30T16:31:00+00:00,backend,CWAgent,diskio_iops_in_progress,name=nvme0n1p15,maximum,0.0
2026-09-30T16:32:00+00:00,backend,CWAgent,diskio_iops_in_progress,name=nvme0n1p15,maximum,0.0
2026-09-30T16:33:00+00:00,backend,CWAgent,diskio_iops_in_progress,name=nvme0n1p15,maximum,0.0
2026-09-30T16:34:00+00:00,backend,CWAgent,diskio_iops_in_progress,name=nvme0n1p15,maximum,0.0
2026-09-30T16:24:00+00:00,backend,CWAgent,mem_available,,average,56369152.0
2026-09-30T16:25:00+00:00,backend,CWAgent,mem_available,,average,65458176.0
2026-09-30T16:26:00+00:00,backend,CWAgent,mem_available,,average,101851136.0
2026-09-30T16:27:00+00:00,backend,CWAgent,mem_available,,average,97091584.0
2026-09-30T16:28:00+00:00,backend,CWAgent,mem_available,,average,76931072.0
2026-09-30T16:29:00+00:00,backend,CWAgent,mem_available,,average,87982080.0
2026-09-30T16:30:00+00:00,backend,CWAgent,mem_available,,average,71860224.0
2026-09-30T16:31:00+00:00,backend,CWAgent,mem_available,,average,62627840.0
2026-09-30T16:32:00+00:00,backend,CWAgent,mem_available,,average,71733248.0
2026-09-30T16:33:00+00:00,backend,CWAgent,mem_available,,average,66551808.0
2026-09-30T16:34:00+00:00,backend,CWAgent,mem_available,,average,96956416.0
2026-09-30T16:24:00+00:00,backend,CWAgent,mem_available,,maximum,56369152.0
2026-09-30T16:25:00+00:00,backend,CWAgent,mem_available,,maximum,65458176.0
2026-09-30T16:26:00+00:00,backend,CWAgent,mem_available,,maximum,101851136.0
2026-09-30T16:27:00+00:00,backend,CWAgent,mem_available,,maximum,97091584.0
2026-09-30T16:28:00+00:00,backend,CWAgent,mem_available,,maximum,76931072.0
2026-09-30T16:29:00+00:00,backend,CWAgent,mem_available,,maximum,87982080.0
2026-09-30T16:30:00+00:00,backend,CWAgent,mem_available,,maximum,71860224.0
2026-09-30T16:31:00+00:00,backend,CWAgent,mem_available,,maximum,62627840.0
2026-09-30T16:32:00+00:00,backend,CWAgent,mem_available,,maximum,71733248.0
2026-09-30T16:33:00+00:00,backend,CWAgent,mem_available,,maximum,66551808.0
2026-09-30T16:34:00+00:00,backend,CWAgent,mem_available,,maximum,96956416.0
2026-09-30T16:24:00+00:00,backend,CWAgent,procstat_memory_rss,exe=containerd;process_name=containerd,average,28307456.0
2026-09-30T16:25:00+00:00,backend,CWAgent,procstat_memory_rss,exe=containerd;process_name=containerd,average,28295168.0
2026-09-30T16:26:00+00:00,backend,CWAgent,procstat_memory_rss,exe=containerd;process_name=containerd,average,28389376.0
2026-09-30T16:27:00+00:00,backend,CWAgent,procstat_memory_rss,exe=containerd;process_name=containerd,average,28393472.0
2026-09-30T16:28:00+00:00,backend,CWAgent,procstat_memory_rss,exe=containerd;process_name=containerd,average,28401664.0
2026-09-30T16:29:00+00:00,backend,CWAgent,procstat_memory_rss,exe=containerd;process_name=containerd,average,27500544.0
2026-09-30T16:30:00+00:00,backend,CWAgent,procstat_memory_rss,exe=containerd;process_name=containerd,average,27525120.0
2026-09-30T16:31:00+00:00,backend,CWAgent,procstat_memory_rss,exe=containerd;process_name=containerd,average,27656192.0
2026-09-30T16:32:00+00:00,backend,CWAgent,procstat_memory_rss,exe=containerd;process_name=containerd,average,27693056.0
2026-09-30T16:33:00+00:00,backend,CWAgent,procstat_memory_rss,exe=containerd;process_name=containerd,average,27758592.0
2026-09-30T16:34:00+00:00,backend,CWAgent,procstat_memory_rss,exe=containerd;process_name=containerd,average,27717632.0
2026-09-30T16:24:00+00:00,backend,CWAgent,procstat_memory_rss,exe=containerd;process_name=containerd,maximum,28307456.0
2026-09-30T16:25:00+00:00,backend,CWAgent,procstat_memory_rss,exe=containerd;process_name=containerd,maximum,28295168.0
2026-09-30T16:26:00+00:00,backend,CWAgent,procstat_memory_rss,exe=containerd;process_name=containerd,maximum,28389376.0
2026-09-30T16:27:00+00:00,backend,CWAgent,procstat_memory_rss,exe=containerd;process_name=containerd,maximum,28393472.0
2026-09-30T16:28:00+00:00,backend,CWAgent,procstat_memory_rss,exe=containerd;process_name=containerd,maximum,28401664.0
2026-09-30T16:29:00+00:00,backend,CWAgent,procstat_memory_rss,exe=containerd;process_name=containerd,maximum,27500544.0
2026-09-30T16:30:00+00:00,backend,CWAgent,procstat_memory_rss,exe=containerd;process_name=containerd,maximum,27525120.0
2026-09-30T16:31:00+00:00,backend,CWAgent,procstat_memory_rss,exe=containerd;process_name=containerd,maximum,27656192.0
2026-09-30T16:32:00+00:00,backend,CWAgent,procstat_memory_rss,exe=containerd;process_name=containerd,maximum,27693056.0
2026-09-30T16:33:00+00:00,backend,CWAgent,procstat_memory_rss,exe=containerd;process_name=containerd,maximum,27758592.0
2026-09-30T16:34:00+00:00,backend,CWAgent,procstat_memory_rss,exe=containerd;process_name=containerd,maximum,27717632.0
2026-09-30T16:24:00+00:00,backend,CWAgent,diskio_iops_in_progress,name=nvme0n1p1,average,0.0
2026-09-30T16:25:00+00:00,backend,CWAgent,diskio_iops_in_progress,name=nvme0n1p1,average,0.0
2026-09-30T16:26:00+00:00,backend,CWAgent,diskio_iops_in_progress,name=nvme0n1p1,average,0.0
2026-09-30T16:27:00+00:00,backend,CWAgent,diskio_iops_in_progress,name=nvme0n1p1,average,0.0
2026-09-30T16:28:00+00:00,backend,CWAgent,diskio_iops_in_progress,name=nvme0n1p1,average,0.0
2026-09-30T16:29:00+00:00,backend,CWAgent,diskio_iops_in_progress,name=nvme0n1p1,average,0.0
2026-09-30T16:30:00+00:00,backend,CWAgent,diskio_iops_in_progress,name=nvme0n1p1,average,0.0
2026-09-30T16:31:00+00:00,backend,CWAgent,diskio_iops_in_progress,name=nvme0n1p1,average,0.0
2026-09-30T16:32:00+00:00,backend,CWAgent,diskio_iops_in_progress,name=nvme0n1p1,average,0.0
2026-09-30T16:33:00+00:00,backend,CWAgent,diskio_iops_in_progress,name=nvme0n1p1,average,0.0
2026-09-30T16:34:00+00:00,backend,CWAgent,diskio_iops_in_progress,name=nvme0n1p1,average,0.0
2026-09-30T16:24:00+00:00,backend,CWAgent,diskio_iops_in_progress,name=nvme0n1p1,maximum,0.0
2026-09-30T16:25:00+00:00,backend,CWAgent,diskio_iops_in_progress,name=nvme0n1p1,maximum,0.0
2026-09-30T16:26:00+00:00,backend,CWAgent,diskio_iops_in_progress,name=nvme0n1p1,maximum,0.0
2026-09-30T16:27:00+00:00,backend,CWAgent,diskio_iops_in_progress,name=nvme0n1p1,maximum,0.0
2026-09-30T16:28:00+00:00,backend,CWAgent,diskio_iops_in_progress,name=nvme0n1p1,maximum,0.0
2026-09-30T16:29:00+00:00,backend,CWAgent,diskio_iops_in_progress,name=nvme0n1p1,maximum,0.0
2026-09-30T16:30:00+00:00,backend,CWAgent,diskio_iops_in_progress,name=nvme0n1p1,maximum,0.0
2026-09-30T16:31:00+00:00,backend,CWAgent,diskio_iops_in_progress,name=nvme0n1p1,maximum,0.0
2026-09-30T16:32:00+00:00,backend,CWAgent,diskio_iops_in_progress,name=nvme0n1p1,maximum,0.0
2026-09-30T16:33:00+00:00,backend,CWAgent,diskio_iops_in_progress,name=nvme0n1p1,maximum,0.0
2026-09-30T16:34:00+00:00,backend,CWAgent,diskio_iops_in_progress,name=nvme0n1p1,maximum,0.0
2026-09-30T16:24:00+00:00,backend,CWAgent,diskio_iops_in_progress,name=nvme0n1p14,average,0.0
2026-09-30T16:25:00+00:00,backend,CWAgent,diskio_iops_in_progress,name=nvme0n1p14,average,0.0
2026-09-30T16:26:00+00:00,backend,CWAgent,diskio_iops_in_progress,name=nvme0n1p14,average,0.0
2026-09-30T16:27:00+00:00,backend,CWAgent,diskio_iops_in_progress,name=nvme0n1p14,average,0.0
2026-09-30T16:28:00+00:00,backend,CWAgent,diskio_iops_in_progress,name=nvme0n1p14,average,0.0
2026-09-30T16:29:00+00:00,backend,CWAgent,diskio_iops_in_progress,name=nvme0n1p14,average,0.0
2026-09-30T16:30:00+00:00,backend,CWAgent,diskio_iops_in_progress,name=nvme0n1p14,average,0.0
2026-09-30T16:31:00+00:00,backend,CWAgent,diskio_iops_in_progress,name=nvme0n1p14,average,0.0
2026-09-30T16:32:00+00:00,backend,CWAgent,diskio_iops_in_progress,name=nvme0n1p14,average,0.0
2026-09-30T16:33:00+00:00,backend,CWAgent,diskio_iops_in_progress,name=nvme0n1p14,average,0.0
2026-09-30T16:34:00+00:00,backend,CWAgent,diskio_iops_in_progress,name=nvme0n1p14,average,0.0
2026-09-30T16:24:00+00:00,backend,CWAgent,diskio_iops_in_progress,name=nvme0n1p14,maximum,0.0
2026-09-30T16:25:00+00:00,backend,CWAgent,diskio_iops_in_progress,name=nvme0n1p14,maximum,0.0
2026-09-30T16:26:00+00:00,backend,CWAgent,diskio_iops_in_progress,name=nvme0n1p14,maximum,0.0
2026-09-30T16:27:00+00:00,backend,CWAgent,diskio_iops_in_progress,name=nvme0n1p14,maximum,0.0
2026-09-30T16:28:00+00:00,backend,CWAgent,diskio_iops_in_progress,name=nvme0n1p14,maximum,0.0
2026-09-30T16:29:00+00:00,backend,CWAgent,diskio_iops_in_progress,name=nvme0n1p14,maximum,0.0
2026-09-30T16:30:00+00:00,backend,CWAgent,diskio_iops_in_progress,name=nvme0n1p14,maximum,0.0
2026-09-30T16:31:00+00:00,backend,CWAgent,diskio_iops_in_progress,name=nvme0n1p14,maximum,0.0
2026-09-30T16:32:00+00:00,backend,CWAgent,diskio_iops_in_progress,name=nvme0n1p14,maximum,0.0
2026-09-30T16:33:00+00:00,backend,CWAgent,diskio_iops_in_progress,name=nvme0n1p14,maximum,0.0
2026-09-30T16:34:00+00:00,backend,CWAgent,diskio_iops_in_progress,name=nvme0n1p14,maximum,0.0
2026-09-30T16:24:00+00:00,backend,CWAgent,netstat_tcp_established,,average,1.0
2026-09-30T16:25:00+00:00,backend,CWAgent,netstat_tcp_established,,average,1.0
2026-09-30T16:26:00+00:00,backend,CWAgent,netstat_tcp_established,,average,1.0
2026-09-30T16:27:00+00:00,backend,CWAgent,netstat_tcp_established,,average,1.0
2026-09-30T16:28:00+00:00,backend,CWAgent,netstat_tcp_established,,average,1.0
2026-09-30T16:29:00+00:00,backend,CWAgent,netstat_tcp_established,,average,1.0
2026-09-30T16:30:00+00:00,backend,CWAgent,netstat_tcp_established,,average,1.0
2026-09-30T16:31:00+00:00,backend,CWAgent,netstat_tcp_established,,average,1.0
2026-09-30T16:32:00+00:00,backend,CWAgent,netstat_tcp_established,,average,1.0
2026-09-30T16:33:00+00:00,backend,CWAgent,netstat_tcp_established,,average,1.0
2026-09-30T16:34:00+00:00,backend,CWAgent,netstat_tcp_established,,average,1.0
2026-09-30T16:24:00+00:00,backend,CWAgent,netstat_tcp_established,,maximum,1.0
2026-09-30T16:25:00+00:00,backend,CWAgent,netstat_tcp_established,,maximum,1.0
2026-09-30T16:26:00+00:00,backend,CWAgent,netstat_tcp_established,,maximum,1.0
2026-09-30T16:27:00+00:00,backend,CWAgent,netstat_tcp_established,,maximum,1.0
2026-09-30T16:28:00+00:00,backend,CWAgent,netstat_tcp_established,,maximum,1.0
2026-09-30T16:29:00+00:00,backend,CWAgent,netstat_tcp_established,,maximum,1.0
2026-09-30T16:30:00+00:00,backend,CWAgent,netstat_tcp_established,,maximum,1.0
2026-09-30T16:31:00+00:00,backend,CWAgent,netstat_tcp_established,,maximum,1.0
2026-09-30T16:32:00+00:00,backend,CWAgent,netstat_tcp_established,,maximum,1.0
2026-09-30T16:33:00+00:00,backend,CWAgent,netstat_tcp_established,,maximum,1.0
2026-09-30T16:34:00+00:00,backend,CWAgent,netstat_tcp_established,,maximum,1.0
2026-09-30T16:24:00+00:00,backend,CWAgent,procstat_memory_rss,exe=dockerd;process_name=dockerd,average,54206464.0
2026-09-30T16:25:00+00:00,backend,CWAgent,procstat_memory_rss,exe=dockerd;process_name=dockerd,average,54210560.0
2026-09-30T16:26:00+00:00,backend,CWAgent,procstat_memory_rss,exe=dockerd;process_name=dockerd,average,54284288.0
2026-09-30T16:27:00+00:00,backend,CWAgent,procstat_memory_rss,exe=dockerd;process_name=dockerd,average,54317056.0
2026-09-30T16:28:00+00:00,backend,CWAgent,procstat_memory_rss,exe=dockerd;process_name=dockerd,average,54341632.0
2026-09-30T16:29:00+00:00,backend,CWAgent,procstat_memory_rss,exe=dockerd;process_name=dockerd,average,54091776.0
2026-09-30T16:30:00+00:00,backend,CWAgent,procstat_memory_rss,exe=dockerd;process_name=dockerd,average,54325248.0
2026-09-30T16:31:00+00:00,backend,CWAgent,procstat_memory_rss,exe=dockerd;process_name=dockerd,average,54370304.0
2026-09-30T16:32:00+00:00,backend,CWAgent,procstat_memory_rss,exe=dockerd;process_name=dockerd,average,54308864.0
2026-09-30T16:33:00+00:00,backend,CWAgent,procstat_memory_rss,exe=dockerd;process_name=dockerd,average,54571008.0
2026-09-30T16:34:00+00:00,backend,CWAgent,procstat_memory_rss,exe=dockerd;process_name=dockerd,average,54546432.0
2026-09-30T16:24:00+00:00,backend,CWAgent,procstat_memory_rss,exe=dockerd;process_name=dockerd,maximum,54206464.0
2026-09-30T16:25:00+00:00,backend,CWAgent,procstat_memory_rss,exe=dockerd;process_name=dockerd,maximum,54210560.0
2026-09-30T16:26:00+00:00,backend,CWAgent,procstat_memory_rss,exe=dockerd;process_name=dockerd,maximum,54284288.0
2026-09-30T16:27:00+00:00,backend,CWAgent,procstat_memory_rss,exe=dockerd;process_name=dockerd,maximum,54317056.0
2026-09-30T16:28:00+00:00,backend,CWAgent,procstat_memory_rss,exe=dockerd;process_name=dockerd,maximum,54341632.0
2026-09-30T16:29:00+00:00,backend,CWAgent,procstat_memory_rss,exe=dockerd;process_name=dockerd,maximum,54091776.0
2026-09-30T16:30:00+00:00,backend,CWAgent,procstat_memory_rss,exe=dockerd;process_name=dockerd,maximum,54325248.0
2026-09-30T16:31:00+00:00,backend,CWAgent,procstat_memory_rss,exe=dockerd;process_name=dockerd,maximum,54370304.0
2026-09-30T16:32:00+00:00,backend,CWAgent,procstat_memory_rss,exe=dockerd;process_name=dockerd,maximum,54308864.0
2026-09-30T16:33:00+00:00,backend,CWAgent,procstat_memory_rss,exe=dockerd;process_name=dockerd,maximum,54571008.0
2026-09-30T16:34:00+00:00,backend,CWAgent,procstat_memory_rss,exe=dockerd;process_name=dockerd,maximum,54546432.0
2026-09-30T16:24:00+00:00,backend,CWAgent,diskio_iops_in_progress,name=nvme0n1,average,0.0
2026-09-30T16:25:00+00:00,backend,CWAgent,diskio_iops_in_progress,name=nvme0n1,average,0.0
2026-09-30T16:26:00+00:00,backend,CWAgent,diskio_iops_in_progress,name=nvme0n1,average,0.0
2026-09-30T16:27:00+00:00,backend,CWAgent,diskio_iops_in_progress,name=nvme0n1,average,0.0
2026-09-30T16:28:00+00:00,backend,CWAgent,diskio_iops_in_progress,name=nvme0n1,average,0.0
2026-09-30T16:29:00+00:00,backend,CWAgent,diskio_iops_in_progress,name=nvme0n1,average,0.0
2026-09-30T16:30:00+00:00,backend,CWAgent,diskio_iops_in_progress,name=nvme0n1,average,0.0
2026-09-30T16:31:00+00:00,backend,CWAgent,diskio_iops_in_progress,name=nvme0n1,average,0.0
2026-09-30T16:32:00+00:00,backend,CWAgent,diskio_iops_in_progress,name=nvme0n1,average,0.0
2026-09-30T16:33:00+00:00,backend,CWAgent,diskio_iops_in_progress,name=nvme0n1,average,0.0
2026-09-30T16:34:00+00:00,backend,CWAgent,diskio_iops_in_progress,name=nvme0n1,average,0.0
2026-09-30T16:24:00+00:00,backend,CWAgent,diskio_iops_in_progress,name=nvme0n1,maximum,0.0
2026-09-30T16:25:00+00:00,backend,CWAgent,diskio_iops_in_progress,name=nvme0n1,maximum,0.0
2026-09-30T16:26:00+00:00,backend,CWAgent,diskio_iops_in_progress,name=nvme0n1,maximum,0.0
2026-09-30T16:27:00+00:00,backend,CWAgent,diskio_iops_in_progress,name=nvme0n1,maximum,0.0
2026-09-30T16:28:00+00:00,backend,CWAgent,diskio_iops_in_progress,name=nvme0n1,maximum,0.0
2026-09-30T16:29:00+00:00,backend,CWAgent,diskio_iops_in_progress,name=nvme0n1,maximum,0.0
2026-09-30T16:30:00+00:00,backend,CWAgent,diskio_iops_in_progress,name=nvme0n1,maximum,0.0
2026-09-30T16:31:00+00:00,backend,CWAgent,diskio_iops_in_progress,name=nvme0n1,maximum,0.0
2026-09-30T16:32:00+00:00,backend,CWAgent,diskio_iops_in_progress,name=nvme0n1,maximum,0.0
2026-09-30T16:33:00+00:00,backend,CWAgent,diskio_iops_in_progress,name=nvme0n1,maximum,0.0
2026-09-30T16:34:00+00:00,backend,CWAgent,diskio_iops_in_progress,name=nvme0n1,maximum,0.0
2026-09-30T16:24:00+00:00,backend,CWAgent,disk_free,path=/;device=nvme0n1p1;fstype=ext4,average,3163934720.0
2026-09-30T16:25:00+00:00,backend,CWAgent,disk_free,path=/;device=nvme0n1p1;fstype=ext4,average,3163979776.0
2026-09-30T16:26:00+00:00,backend,CWAgent,disk_free,path=/;device=nvme0n1p1;fstype=ext4,average,3163979776.0
2026-09-30T16:27:00+00:00,backend,CWAgent,disk_free,path=/;device=nvme0n1p1;fstype=ext4,average,3163979776.0
2026-09-30T16:28:00+00:00,backend,CWAgent,disk_free,path=/;device=nvme0n1p1;fstype=ext4,average,3163926528.0
2026-09-30T16:29:00+00:00,backend,CWAgent,disk_free,path=/;device=nvme0n1p1;fstype=ext4,average,3163856896.0
2026-09-30T16:30:00+00:00,backend,CWAgent,disk_free,path=/;device=nvme0n1p1;fstype=ext4,average,3163856896.0
2026-09-30T16:31:00+00:00,backend,CWAgent,disk_free,path=/;device=nvme0n1p1;fstype=ext4,average,3163856896.0
2026-09-30T16:32:00+00:00,backend,CWAgent,disk_free,path=/;device=nvme0n1p1;fstype=ext4,average,3163856896.0
2026-09-30T16:33:00+00:00,backend,CWAgent,disk_free,path=/;device=nvme0n1p1;fstype=ext4,average,3163860992.0
2026-09-30T16:34:00+00:00,backend,CWAgent,disk_free,path=/;device=nvme0n1p1;fstype=ext4,average,3163865088.0
2026-09-30T16:24:00+00:00,backend,CWAgent,disk_free,path=/;device=nvme0n1p1;fstype=ext4,maximum,3163934720.0
2026-09-30T16:25:00+00:00,backend,CWAgent,disk_free,path=/;device=nvme0n1p1;fstype=ext4,maximum,3163979776.0
2026-09-30T16:26:00+00:00,backend,CWAgent,disk_free,path=/;device=nvme0n1p1;fstype=ext4,maximum,3163979776.0
2026-09-30T16:27:00+00:00,backend,CWAgent,disk_free,path=/;device=nvme0n1p1;fstype=ext4,maximum,3163979776.0
2026-09-30T16:28:00+00:00,backend,CWAgent,disk_free,path=/;device=nvme0n1p1;fstype=ext4,maximum,3163926528.0
2026-09-30T16:29:00+00:00,backend,CWAgent,disk_free,path=/;device=nvme0n1p1;fstype=ext4,maximum,3163856896.0
2026-09-30T16:30:00+00:00,backend,CWAgent,disk_free,path=/;device=nvme0n1p1;fstype=ext4,maximum,3163856896.0
2026-09-30T16:31:00+00:00,backend,CWAgent,disk_free,path=/;device=nvme0n1p1;fstype=ext4,maximum,3163856896.0
2026-09-30T16:32:00+00:00,backend,CWAgent,disk_free,path=/;device=nvme0n1p1;fstype=ext4,maximum,3163856896.0
2026-09-30T16:33:00+00:00,backend,CWAgent,disk_free,path=/;device=nvme0n1p1;fstype=ext4,maximum,3163860992.0
2026-09-30T16:34:00+00:00,backend,CWAgent,disk_free,path=/;device=nvme0n1p1;fstype=ext4,maximum,3163865088.0
2026-09-30T16:24:00+00:00,backend,CWAgent,mem_used,,average,790835200.0
2026-09-30T16:25:00+00:00,backend,CWAgent,mem_used,,average,783306752.0
2026-09-30T16:26:00+00:00,backend,CWAgent,mem_used,,average,746909696.0
2026-09-30T16:27:00+00:00,backend,CWAgent,mem_used,,average,747139072.0
2026-09-30T16:28:00+00:00,backend,CWAgent,mem_used,,average,766291968.0
2026-09-30T16:29:00+00:00,backend,CWAgent,mem_used,,average,761008128.0
2026-09-30T16:30:00+00:00,backend,CWAgent,mem_used,,average,776814592.0
2026-09-30T16:31:00+00:00,backend,CWAgent,mem_used,,average,785862656.0
2026-09-30T16:32:00+00:00,backend,CWAgent,mem_used,,average,776466432.0
2026-09-30T16:33:00+00:00,backend,CWAgent,mem_used,,average,781328384.0
2026-09-30T16:34:00+00:00,backend,CWAgent,mem_used,,average,751984640.0
2026-09-30T16:24:00+00:00,backend,CWAgent,mem_used,,maximum,790835200.0
2026-09-30T16:25:00+00:00,backend,CWAgent,mem_used,,maximum,783306752.0
2026-09-30T16:26:00+00:00,backend,CWAgent,mem_used,,maximum,746909696.0
2026-09-30T16:27:00+00:00,backend,CWAgent,mem_used,,maximum,747139072.0
2026-09-30T16:28:00+00:00,backend,CWAgent,mem_used,,maximum,766291968.0
2026-09-30T16:29:00+00:00,backend,CWAgent,mem_used,,maximum,761008128.0
2026-09-30T16:30:00+00:00,backend,CWAgent,mem_used,,maximum,776814592.0
2026-09-30T16:31:00+00:00,backend,CWAgent,mem_used,,maximum,785862656.0
2026-09-30T16:32:00+00:00,backend,CWAgent,mem_used,,maximum,776466432.0
2026-09-30T16:33:00+00:00,backend,CWAgent,mem_used,,maximum,781328384.0
2026-09-30T16:34:00+00:00,backend,CWAgent,mem_used,,maximum,751984640.0
2026-09-30T16:24:00+00:00,backend,CWAgent,netstat_tcp_time_wait,,average,0.0
2026-09-30T16:25:00+00:00,backend,CWAgent,netstat_tcp_time_wait,,average,0.0
2026-09-30T16:26:00+00:00,backend,CWAgent,netstat_tcp_time_wait,,average,0.0
2026-09-30T16:27:00+00:00,backend,CWAgent,netstat_tcp_time_wait,,average,0.0
2026-09-30T16:28:00+00:00,backend,CWAgent,netstat_tcp_time_wait,,average,0.0
2026-09-30T16:29:00+00:00,backend,CWAgent,netstat_tcp_time_wait,,average,0.0
2026-09-30T16:30:00+00:00,backend,CWAgent,netstat_tcp_time_wait,,average,0.0
2026-09-30T16:31:00+00:00,backend,CWAgent,netstat_tcp_time_wait,,average,0.0
2026-09-30T16:32:00+00:00,backend,CWAgent,netstat_tcp_time_wait,,average,1.0
2026-09-30T16:33:00+00:00,backend,CWAgent,netstat_tcp_time_wait,,average,0.0
2026-09-30T16:34:00+00:00,backend,CWAgent,netstat_tcp_time_wait,,average,0.0
2026-09-30T16:24:00+00:00,backend,CWAgent,netstat_tcp_time_wait,,maximum,0.0
2026-09-30T16:25:00+00:00,backend,CWAgent,netstat_tcp_time_wait,,maximum,0.0
2026-09-30T16:26:00+00:00,backend,CWAgent,netstat_tcp_time_wait,,maximum,0.0
2026-09-30T16:27:00+00:00,backend,CWAgent,netstat_tcp_time_wait,,maximum,0.0
2026-09-30T16:28:00+00:00,backend,CWAgent,netstat_tcp_time_wait,,maximum,0.0
2026-09-30T16:29:00+00:00,backend,CWAgent,netstat_tcp_time_wait,,maximum,0.0
2026-09-30T16:30:00+00:00,backend,CWAgent,netstat_tcp_time_wait,,maximum,0.0
2026-09-30T16:31:00+00:00,backend,CWAgent,netstat_tcp_time_wait,,maximum,0.0
2026-09-30T16:32:00+00:00,backend,CWAgent,netstat_tcp_time_wait,,maximum,1.0
2026-09-30T16:33:00+00:00,backend,CWAgent,netstat_tcp_time_wait,,maximum,0.0
2026-09-30T16:34:00+00:00,backend,CWAgent,netstat_tcp_time_wait,,maximum,0.0
2026-09-30T16:24:00+00:00,backend,CWAgent,disk_used,path=/;device=nvme0n1p1;fstype=ext4,average,4614283264.0
2026-09-30T16:25:00+00:00,backend,CWAgent,disk_used,path=/;device=nvme0n1p1;fstype=ext4,average,4614238208.0
2026-09-30T16:26:00+00:00,backend,CWAgent,disk_used,path=/;device=nvme0n1p1;fstype=ext4,average,4614238208.0
2026-09-30T16:27:00+00:00,backend,CWAgent,disk_used,path=/;device=nvme0n1p1;fstype=ext4,average,4614238208.0
2026-09-30T16:28:00+00:00,backend,CWAgent,disk_used,path=/;device=nvme0n1p1;fstype=ext4,average,4614291456.0
2026-09-30T16:29:00+00:00,backend,CWAgent,disk_used,path=/;device=nvme0n1p1;fstype=ext4,average,4614361088.0
2026-09-30T16:30:00+00:00,backend,CWAgent,disk_used,path=/;device=nvme0n1p1;fstype=ext4,average,4614361088.0
2026-09-30T16:31:00+00:00,backend,CWAgent,disk_used,path=/;device=nvme0n1p1;fstype=ext4,average,4614361088.0
2026-09-30T16:32:00+00:00,backend,CWAgent,disk_used,path=/;device=nvme0n1p1;fstype=ext4,average,4614361088.0
2026-09-30T16:33:00+00:00,backend,CWAgent,disk_used,path=/;device=nvme0n1p1;fstype=ext4,average,4614356992.0
2026-09-30T16:34:00+00:00,backend,CWAgent,disk_used,path=/;device=nvme0n1p1;fstype=ext4,average,4614352896.0
2026-09-30T16:24:00+00:00,backend,CWAgent,disk_used,path=/;device=nvme0n1p1;fstype=ext4,maximum,4614283264.0
2026-09-30T16:25:00+00:00,backend,CWAgent,disk_used,path=/;device=nvme0n1p1;fstype=ext4,maximum,4614238208.0
2026-09-30T16:26:00+00:00,backend,CWAgent,disk_used,path=/;device=nvme0n1p1;fstype=ext4,maximum,4614238208.0
2026-09-30T16:27:00+00:00,backend,CWAgent,disk_used,path=/;device=nvme0n1p1;fstype=ext4,maximum,4614238208.0
2026-09-30T16:28:00+00:00,backend,CWAgent,disk_used,path=/;device=nvme0n1p1;fstype=ext4,maximum,4614291456.0
2026-09-30T16:29:00+00:00,backend,CWAgent,disk_used,path=/;device=nvme0n1p1;fstype=ext4,maximum,4614361088.0
2026-09-30T16:30:00+00:00,backend,CWAgent,disk_used,path=/;device=nvme0n1p1;fstype=ext4,maximum,4614361088.0
2026-09-30T16:31:00+00:00,backend,CWAgent,disk_used,path=/;device=nvme0n1p1;fstype=ext4,maximum,4614361088.0
2026-09-30T16:32:00+00:00,backend,CWAgent,disk_used,path=/;device=nvme0n1p1;fstype=ext4,maximum,4614361088.0
2026-09-30T16:33:00+00:00,backend,CWAgent,disk_used,path=/;device=nvme0n1p1;fstype=ext4,maximum,4614356992.0
2026-09-30T16:34:00+00:00,backend,CWAgent,disk_used,path=/;device=nvme0n1p1;fstype=ext4,maximum,4614352896.0
2026-09-30T16:24:00+00:00,backend,CWAgent,swap_used_percent,,average,14.950208568970814
2026-09-30T16:25:00+00:00,backend,CWAgent,swap_used_percent,,average,14.950208568970814
2026-09-30T16:26:00+00:00,backend,CWAgent,swap_used_percent,,average,14.950208568970814
2026-09-30T16:27:00+00:00,backend,CWAgent,swap_used_percent,,average,14.913587405371487
2026-09-30T16:28:00+00:00,backend,CWAgent,swap_used_percent,,average,14.901380350838378
2026-09-30T16:29:00+00:00,backend,CWAgent,swap_used_percent,,average,14.925794459904596
2026-09-30T16:30:00+00:00,backend,CWAgent,swap_used_percent,,average,14.925794459904596
2026-09-30T16:31:00+00:00,backend,CWAgent,swap_used_percent,,average,14.925794459904596
2026-09-30T16:32:00+00:00,backend,CWAgent,swap_used_percent,,average,14.925794459904596
2026-09-30T16:33:00+00:00,backend,CWAgent,swap_used_percent,,average,14.925794459904596
2026-09-30T16:34:00+00:00,backend,CWAgent,swap_used_percent,,average,14.924840783769195
2026-09-30T16:24:00+00:00,backend,CWAgent,swap_used_percent,,maximum,14.950208568970814
2026-09-30T16:25:00+00:00,backend,CWAgent,swap_used_percent,,maximum,14.950208568970814
2026-09-30T16:26:00+00:00,backend,CWAgent,swap_used_percent,,maximum,14.950208568970814
2026-09-30T16:27:00+00:00,backend,CWAgent,swap_used_percent,,maximum,14.913587405371487
2026-09-30T16:28:00+00:00,backend,CWAgent,swap_used_percent,,maximum,14.901380350838378
2026-09-30T16:29:00+00:00,backend,CWAgent,swap_used_percent,,maximum,14.925794459904596
2026-09-30T16:30:00+00:00,backend,CWAgent,swap_used_percent,,maximum,14.925794459904596
2026-09-30T16:31:00+00:00,backend,CWAgent,swap_used_percent,,maximum,14.925794459904596
2026-09-30T16:32:00+00:00,backend,CWAgent,swap_used_percent,,maximum,14.925794459904596
2026-09-30T16:33:00+00:00,backend,CWAgent,swap_used_percent,,maximum,14.925794459904596
2026-09-30T16:34:00+00:00,backend,CWAgent,swap_used_percent,,maximum,14.924840783769195
2026-09-30T16:24:00+00:00,backend,CWAgent,disk_used_percent,path=/;device=nvme0n1p1;fstype=ext4,average,59.3231415407964
2026-09-30T16:25:00+00:00,backend,CWAgent,disk_used_percent,path=/;device=nvme0n1p1;fstype=ext4,average,59.32256228215267
2026-09-30T16:26:00+00:00,backend,CWAgent,disk_used_percent,path=/;device=nvme0n1p1;fstype=ext4,average,59.32256228215267
2026-09-30T16:27:00+00:00,backend,CWAgent,disk_used_percent,path=/;device=nvme0n1p1;fstype=ext4,average,59.32256228215267
2026-09-30T16:28:00+00:00,backend,CWAgent,disk_used_percent,path=/;device=nvme0n1p1;fstype=ext4,average,59.32324686054981
2026-09-30T16:29:00+00:00,backend,CWAgent,disk_used_percent,path=/;device=nvme0n1p1;fstype=ext4,average,59.32414207845373
2026-09-30T16:30:00+00:00,backend,CWAgent,disk_used_percent,path=/;device=nvme0n1p1;fstype=ext4,average,59.32414207845373
2026-09-30T16:31:00+00:00,backend,CWAgent,disk_used_percent,path=/;device=nvme0n1p1;fstype=ext4,average,59.32414207845373
2026-09-30T16:32:00+00:00,backend,CWAgent,disk_used_percent,path=/;device=nvme0n1p1;fstype=ext4,average,59.32414207845373
2026-09-30T16:33:00+00:00,backend,CWAgent,disk_used_percent,path=/;device=nvme0n1p1;fstype=ext4,average,59.32408941857703
2026-09-30T16:34:00+00:00,backend,CWAgent,disk_used_percent,path=/;device=nvme0n1p1;fstype=ext4,average,59.32403675870034
2026-09-30T16:24:00+00:00,backend,CWAgent,disk_used_percent,path=/;device=nvme0n1p1;fstype=ext4,maximum,59.3231415407964
2026-09-30T16:25:00+00:00,backend,CWAgent,disk_used_percent,path=/;device=nvme0n1p1;fstype=ext4,maximum,59.32256228215267
2026-09-30T16:26:00+00:00,backend,CWAgent,disk_used_percent,path=/;device=nvme0n1p1;fstype=ext4,maximum,59.32256228215267
2026-09-30T16:27:00+00:00,backend,CWAgent,disk_used_percent,path=/;device=nvme0n1p1;fstype=ext4,maximum,59.32256228215267
2026-09-30T16:28:00+00:00,backend,CWAgent,disk_used_percent,path=/;device=nvme0n1p1;fstype=ext4,maximum,59.32324686054981
2026-09-30T16:29:00+00:00,backend,CWAgent,disk_used_percent,path=/;device=nvme0n1p1;fstype=ext4,maximum,59.32414207845373
2026-09-30T16:30:00+00:00,backend,CWAgent,disk_used_percent,path=/;device=nvme0n1p1;fstype=ext4,maximum,59.32414207845373
2026-09-30T16:31:00+00:00,backend,CWAgent,disk_used_percent,path=/;device=nvme0n1p1;fstype=ext4,maximum,59.32414207845373
2026-09-30T16:32:00+00:00,backend,CWAgent,disk_used_percent,path=/;device=nvme0n1p1;fstype=ext4,maximum,59.32414207845373
2026-09-30T16:33:00+00:00,backend,CWAgent,disk_used_percent,path=/;device=nvme0n1p1;fstype=ext4,maximum,59.32408941857703
2026-09-30T16:34:00+00:00,backend,CWAgent,disk_used_percent,path=/;device=nvme0n1p1;fstype=ext4,maximum,59.32403675870034
2026-09-30T16:24:00+00:00,backend,CWAgent,procstat_memory_rss,exe=amazon-cloudwatch-agent;process_name=amazon-cloudwatch-agent,average,52129792.0
2026-09-30T16:25:00+00:00,backend,CWAgent,procstat_memory_rss,exe=amazon-cloudwatch-agent;process_name=amazon-cloudwatch-agent,average,52310016.0
2026-09-30T16:26:00+00:00,backend,CWAgent,procstat_memory_rss,exe=amazon-cloudwatch-agent;process_name=amazon-cloudwatch-agent,average,52314112.0
2026-09-30T16:27:00+00:00,backend,CWAgent,procstat_memory_rss,exe=amazon-cloudwatch-agent;process_name=amazon-cloudwatch-agent,average,48111616.0
2026-09-30T16:28:00+00:00,backend,CWAgent,procstat_memory_rss,exe=amazon-cloudwatch-agent;process_name=amazon-cloudwatch-agent,average,52486144.0
2026-09-30T16:29:00+00:00,backend,CWAgent,procstat_memory_rss,exe=amazon-cloudwatch-agent;process_name=amazon-cloudwatch-agent,average,51515392.0
2026-09-30T16:30:00+00:00,backend,CWAgent,procstat_memory_rss,exe=amazon-cloudwatch-agent;process_name=amazon-cloudwatch-agent,average,51544064.0
2026-09-30T16:31:00+00:00,backend,CWAgent,procstat_memory_rss,exe=amazon-cloudwatch-agent;process_name=amazon-cloudwatch-agent,average,51625984.0
2026-09-30T16:32:00+00:00,backend,CWAgent,procstat_memory_rss,exe=amazon-cloudwatch-agent;process_name=amazon-cloudwatch-agent,average,52023296.0
2026-09-30T16:33:00+00:00,backend,CWAgent,procstat_memory_rss,exe=amazon-cloudwatch-agent;process_name=amazon-cloudwatch-agent,average,52051968.0
2026-09-30T16:34:00+00:00,backend,CWAgent,procstat_memory_rss,exe=amazon-cloudwatch-agent;process_name=amazon-cloudwatch-agent,average,52166656.0
2026-09-30T16:24:00+00:00,backend,CWAgent,procstat_memory_rss,exe=amazon-cloudwatch-agent;process_name=amazon-cloudwatch-agent,maximum,52129792.0
2026-09-30T16:25:00+00:00,backend,CWAgent,procstat_memory_rss,exe=amazon-cloudwatch-agent;process_name=amazon-cloudwatch-agent,maximum,52310016.0
2026-09-30T16:26:00+00:00,backend,CWAgent,procstat_memory_rss,exe=amazon-cloudwatch-agent;process_name=amazon-cloudwatch-agent,maximum,52314112.0
2026-09-30T16:27:00+00:00,backend,CWAgent,procstat_memory_rss,exe=amazon-cloudwatch-agent;process_name=amazon-cloudwatch-agent,maximum,48111616.0
2026-09-30T16:28:00+00:00,backend,CWAgent,procstat_memory_rss,exe=amazon-cloudwatch-agent;process_name=amazon-cloudwatch-agent,maximum,52486144.0
2026-09-30T16:29:00+00:00,backend,CWAgent,procstat_memory_rss,exe=amazon-cloudwatch-agent;process_name=amazon-cloudwatch-agent,maximum,51515392.0
2026-09-30T16:30:00+00:00,backend,CWAgent,procstat_memory_rss,exe=amazon-cloudwatch-agent;process_name=amazon-cloudwatch-agent,maximum,51544064.0
2026-09-30T16:31:00+00:00,backend,CWAgent,procstat_memory_rss,exe=amazon-cloudwatch-agent;process_name=amazon-cloudwatch-agent,maximum,51625984.0
2026-09-30T16:32:00+00:00,backend,CWAgent,procstat_memory_rss,exe=amazon-cloudwatch-agent;process_name=amazon-cloudwatch-agent,maximum,52023296.0
2026-09-30T16:33:00+00:00,backend,CWAgent,procstat_memory_rss,exe=amazon-cloudwatch-agent;process_name=amazon-cloudwatch-agent,maximum,52051968.0
2026-09-30T16:34:00+00:00,backend,CWAgent,procstat_memory_rss,exe=amazon-cloudwatch-agent;process_name=amazon-cloudwatch-agent,maximum,52166656.0
2026-09-30T16:24:00+00:00,backend,CWAgent,diskio_writes,name=nvme0n1p1,average,52.0
2026-09-30T16:25:00+00:00,backend,CWAgent,diskio_writes,name=nvme0n1p1,average,55.0
2026-09-30T16:26:00+00:00,backend,CWAgent,diskio_writes,name=nvme0n1p1,average,36.0
2026-09-30T16:27:00+00:00,backend,CWAgent,diskio_writes,name=nvme0n1p1,average,171.0
2026-09-30T16:28:00+00:00,backend,CWAgent,diskio_writes,name=nvme0n1p1,average,52.0
2026-09-30T16:29:00+00:00,backend,CWAgent,diskio_writes,name=nvme0n1p1,average,85.0
2026-09-30T16:30:00+00:00,backend,CWAgent,diskio_writes,name=nvme0n1p1,average,46.0
2026-09-30T16:31:00+00:00,backend,CWAgent,diskio_writes,name=nvme0n1p1,average,50.0
2026-09-30T16:32:00+00:00,backend,CWAgent,diskio_writes,name=nvme0n1p1,average,53.0
2026-09-30T16:33:00+00:00,backend,CWAgent,diskio_writes,name=nvme0n1p1,average,49.0
2026-09-30T16:34:00+00:00,backend,CWAgent,diskio_writes,name=nvme0n1p1,average,47.0
2026-09-30T16:24:00+00:00,backend,CWAgent,diskio_writes,name=nvme0n1p1,maximum,52.0
2026-09-30T16:25:00+00:00,backend,CWAgent,diskio_writes,name=nvme0n1p1,maximum,55.0
2026-09-30T16:26:00+00:00,backend,CWAgent,diskio_writes,name=nvme0n1p1,maximum,36.0
2026-09-30T16:27:00+00:00,backend,CWAgent,diskio_writes,name=nvme0n1p1,maximum,171.0
2026-09-30T16:28:00+00:00,backend,CWAgent,diskio_writes,name=nvme0n1p1,maximum,52.0
2026-09-30T16:29:00+00:00,backend,CWAgent,diskio_writes,name=nvme0n1p1,maximum,85.0
2026-09-30T16:30:00+00:00,backend,CWAgent,diskio_writes,name=nvme0n1p1,maximum,46.0
2026-09-30T16:31:00+00:00,backend,CWAgent,diskio_writes,name=nvme0n1p1,maximum,50.0
2026-09-30T16:32:00+00:00,backend,CWAgent,diskio_writes,name=nvme0n1p1,maximum,53.0
2026-09-30T16:33:00+00:00,backend,CWAgent,diskio_writes,name=nvme0n1p1,maximum,49.0
2026-09-30T16:34:00+00:00,backend,CWAgent,diskio_writes,name=nvme0n1p1,maximum,47.0
2026-09-30T16:24:00+00:00,backend,CWAgent,procstat_cpu_usage,exe=amazon-cloudwatch-agent;process_name=amazon-cloudwatch-agent,average,0.40007093701125496
2026-09-30T16:25:00+00:00,backend,CWAgent,procstat_cpu_usage,exe=amazon-cloudwatch-agent;process_name=amazon-cloudwatch-agent,average,0.38334578566309846
2026-09-30T16:26:00+00:00,backend,CWAgent,procstat_cpu_usage,exe=amazon-cloudwatch-agent;process_name=amazon-cloudwatch-agent,average,0.35000458793014094
2026-09-30T16:27:00+00:00,backend,CWAgent,procstat_cpu_usage,exe=amazon-cloudwatch-agent;process_name=amazon-cloudwatch-agent,average,0.3332961658447335
2026-09-30T16:28:00+00:00,backend,CWAgent,procstat_cpu_usage,exe=amazon-cloudwatch-agent;process_name=amazon-cloudwatch-agent,average,0.3333349566412316
2026-09-30T16:29:00+00:00,backend,CWAgent,procstat_cpu_usage,exe=amazon-cloudwatch-agent;process_name=amazon-cloudwatch-agent,average,0.41667528174756785
2026-09-30T16:30:00+00:00,backend,CWAgent,procstat_cpu_usage,exe=amazon-cloudwatch-agent;process_name=amazon-cloudwatch-agent,average,0.43332600924991144
2026-09-30T16:31:00+00:00,backend,CWAgent,procstat_cpu_usage,exe=amazon-cloudwatch-agent;process_name=amazon-cloudwatch-agent,average,0.4666508700602886
2026-09-30T16:32:00+00:00,backend,CWAgent,procstat_cpu_usage,exe=amazon-cloudwatch-agent;process_name=amazon-cloudwatch-agent,average,0.4333701713508046
2026-09-30T16:33:00+00:00,backend,CWAgent,procstat_cpu_usage,exe=amazon-cloudwatch-agent;process_name=amazon-cloudwatch-agent,average,0.4499856653691456
2026-09-30T16:34:00+00:00,backend,CWAgent,procstat_cpu_usage,exe=amazon-cloudwatch-agent;process_name=amazon-cloudwatch-agent,average,0.4498806681180496
2026-09-30T16:24:00+00:00,backend,CWAgent,procstat_cpu_usage,exe=amazon-cloudwatch-agent;process_name=amazon-cloudwatch-agent,maximum,0.40007093701125496
2026-09-30T16:25:00+00:00,backend,CWAgent,procstat_cpu_usage,exe=amazon-cloudwatch-agent;process_name=amazon-cloudwatch-agent,maximum,0.38334578566309846
2026-09-30T16:26:00+00:00,backend,CWAgent,procstat_cpu_usage,exe=amazon-cloudwatch-agent;process_name=amazon-cloudwatch-agent,maximum,0.35000458793014094
2026-09-30T16:27:00+00:00,backend,CWAgent,procstat_cpu_usage,exe=amazon-cloudwatch-agent;process_name=amazon-cloudwatch-agent,maximum,0.3332961658447335
2026-09-30T16:28:00+00:00,backend,CWAgent,procstat_cpu_usage,exe=amazon-cloudwatch-agent;process_name=amazon-cloudwatch-agent,maximum,0.3333349566412316
2026-09-30T16:29:00+00:00,backend,CWAgent,procstat_cpu_usage,exe=amazon-cloudwatch-agent;process_name=amazon-cloudwatch-agent,maximum,0.41667528174756785
2026-09-30T16:30:00+00:00,backend,CWAgent,procstat_cpu_usage,exe=amazon-cloudwatch-agent;process_name=amazon-cloudwatch-agent,maximum,0.43332600924991144
2026-09-30T16:31:00+00:00,backend,CWAgent,procstat_cpu_usage,exe=amazon-cloudwatch-agent;process_name=amazon-cloudwatch-agent,maximum,0.4666508700602886
2026-09-30T16:32:00+00:00,backend,CWAgent,procstat_cpu_usage,exe=amazon-cloudwatch-agent;process_name=amazon-cloudwatch-agent,maximum,0.4333701713508046
2026-09-30T16:33:00+00:00,backend,CWAgent,procstat_cpu_usage,exe=amazon-cloudwatch-agent;process_name=amazon-cloudwatch-agent,maximum,0.4499856653691456
2026-09-30T16:34:00+00:00,backend,CWAgent,procstat_cpu_usage,exe=amazon-cloudwatch-agent;process_name=amazon-cloudwatch-agent,maximum,0.4498806681180496
2026-09-30T16:24:00+00:00,backend,CWAgent,diskio_write_bytes,name=nvme0n1p1,average,552960.0
2026-09-30T16:25:00+00:00,backend,CWAgent,diskio_write_bytes,name=nvme0n1p1,average,389120.0
2026-09-30T16:26:00+00:00,backend,CWAgent,diskio_write_bytes,name=nvme0n1p1,average,188416.0
2026-09-30T16:27:00+00:00,backend,CWAgent,diskio_write_bytes,name=nvme0n1p1,average,1073152.0
2026-09-30T16:28:00+00:00,backend,CWAgent,diskio_write_bytes,name=nvme0n1p1,average,540672.0
2026-09-30T16:29:00+00:00,backend,CWAgent,diskio_write_bytes,name=nvme0n1p1,average,1138688.0
2026-09-30T16:30:00+00:00,backend,CWAgent,diskio_write_bytes,name=nvme0n1p1,average,585728.0
2026-09-30T16:31:00+00:00,backend,CWAgent,diskio_write_bytes,name=nvme0n1p1,average,598016.0
2026-09-30T16:32:00+00:00,backend,CWAgent,diskio_write_bytes,name=nvme0n1p1,average,610304.0
2026-09-30T16:33:00+00:00,backend,CWAgent,diskio_write_bytes,name=nvme0n1p1,average,585728.0
2026-09-30T16:34:00+00:00,backend,CWAgent,diskio_write_bytes,name=nvme0n1p1,average,569344.0
2026-09-30T16:24:00+00:00,backend,CWAgent,diskio_write_bytes,name=nvme0n1p1,maximum,552960.0
2026-09-30T16:25:00+00:00,backend,CWAgent,diskio_write_bytes,name=nvme0n1p1,maximum,389120.0
2026-09-30T16:26:00+00:00,backend,CWAgent,diskio_write_bytes,name=nvme0n1p1,maximum,188416.0
2026-09-30T16:27:00+00:00,backend,CWAgent,diskio_write_bytes,name=nvme0n1p1,maximum,1073152.0
2026-09-30T16:28:00+00:00,backend,CWAgent,diskio_write_bytes,name=nvme0n1p1,maximum,540672.0
2026-09-30T16:29:00+00:00,backend,CWAgent,diskio_write_bytes,name=nvme0n1p1,maximum,1138688.0
2026-09-30T16:30:00+00:00,backend,CWAgent,diskio_write_bytes,name=nvme0n1p1,maximum,585728.0
2026-09-30T16:31:00+00:00,backend,CWAgent,diskio_write_bytes,name=nvme0n1p1,maximum,598016.0
2026-09-30T16:32:00+00:00,backend,CWAgent,diskio_write_bytes,name=nvme0n1p1,maximum,610304.0
2026-09-30T16:33:00+00:00,backend,CWAgent,diskio_write_bytes,name=nvme0n1p1,maximum,585728.0
2026-09-30T16:34:00+00:00,backend,CWAgent,diskio_write_bytes,name=nvme0n1p1,maximum,569344.0
2026-09-30T16:24:00+00:00,backend,CWAgent,diskio_read_bytes,name=nvme0n1p1,average,65536.0
2026-09-30T16:25:00+00:00,backend,CWAgent,diskio_read_bytes,name=nvme0n1p1,average,487424.0
2026-09-30T16:26:00+00:00,backend,CWAgent,diskio_read_bytes,name=nvme0n1p1,average,479232.0
2026-09-30T16:27:00+00:00,backend,CWAgent,diskio_read_bytes,name=nvme0n1p1,average,13664256.0
2026-09-30T16:28:00+00:00,backend,CWAgent,diskio_read_bytes,name=nvme0n1p1,average,458752.0
2026-09-30T16:29:00+00:00,backend,CWAgent,diskio_read_bytes,name=nvme0n1p1,average,475136.0
2026-09-30T16:30:00+00:00,backend,CWAgent,diskio_read_bytes,name=nvme0n1p1,average,1208320.0
2026-09-30T16:31:00+00:00,backend,CWAgent,diskio_read_bytes,name=nvme0n1p1,average,1052672.0
2026-09-30T16:32:00+00:00,backend,CWAgent,diskio_read_bytes,name=nvme0n1p1,average,512000.0
2026-09-30T16:33:00+00:00,backend,CWAgent,diskio_read_bytes,name=nvme0n1p1,average,606208.0
2026-09-30T16:34:00+00:00,backend,CWAgent,diskio_read_bytes,name=nvme0n1p1,average,401408.0
2026-09-30T16:24:00+00:00,backend,CWAgent,diskio_read_bytes,name=nvme0n1p1,maximum,65536.0
2026-09-30T16:25:00+00:00,backend,CWAgent,diskio_read_bytes,name=nvme0n1p1,maximum,487424.0
2026-09-30T16:26:00+00:00,backend,CWAgent,diskio_read_bytes,name=nvme0n1p1,maximum,479232.0
2026-09-30T16:27:00+00:00,backend,CWAgent,diskio_read_bytes,name=nvme0n1p1,maximum,13664256.0
2026-09-30T16:28:00+00:00,backend,CWAgent,diskio_read_bytes,name=nvme0n1p1,maximum,458752.0
2026-09-30T16:29:00+00:00,backend,CWAgent,diskio_read_bytes,name=nvme0n1p1,maximum,475136.0
2026-09-30T16:30:00+00:00,backend,CWAgent,diskio_read_bytes,name=nvme0n1p1,maximum,1208320.0
2026-09-30T16:31:00+00:00,backend,CWAgent,diskio_read_bytes,name=nvme0n1p1,maximum,1052672.0
2026-09-30T16:32:00+00:00,backend,CWAgent,diskio_read_bytes,name=nvme0n1p1,maximum,512000.0
2026-09-30T16:33:00+00:00,backend,CWAgent,diskio_read_bytes,name=nvme0n1p1,maximum,606208.0
2026-09-30T16:34:00+00:00,backend,CWAgent,diskio_read_bytes,name=nvme0n1p1,maximum,401408.0
2026-09-30T16:24:00+00:00,backend,CWAgent,diskio_writes,name=nvme0n1p15,average,0.0
2026-09-30T16:25:00+00:00,backend,CWAgent,diskio_writes,name=nvme0n1p15,average,0.0
2026-09-30T16:26:00+00:00,backend,CWAgent,diskio_writes,name=nvme0n1p15,average,0.0
2026-09-30T16:27:00+00:00,backend,CWAgent,diskio_writes,name=nvme0n1p15,average,0.0
2026-09-30T16:28:00+00:00,backend,CWAgent,diskio_writes,name=nvme0n1p15,average,0.0
2026-09-30T16:29:00+00:00,backend,CWAgent,diskio_writes,name=nvme0n1p15,average,0.0
2026-09-30T16:30:00+00:00,backend,CWAgent,diskio_writes,name=nvme0n1p15,average,0.0
2026-09-30T16:31:00+00:00,backend,CWAgent,diskio_writes,name=nvme0n1p15,average,0.0
2026-09-30T16:32:00+00:00,backend,CWAgent,diskio_writes,name=nvme0n1p15,average,0.0
2026-09-30T16:33:00+00:00,backend,CWAgent,diskio_writes,name=nvme0n1p15,average,0.0
2026-09-30T16:34:00+00:00,backend,CWAgent,diskio_writes,name=nvme0n1p15,average,0.0
2026-09-30T16:24:00+00:00,backend,CWAgent,diskio_writes,name=nvme0n1p15,maximum,0.0
2026-09-30T16:25:00+00:00,backend,CWAgent,diskio_writes,name=nvme0n1p15,maximum,0.0
2026-09-30T16:26:00+00:00,backend,CWAgent,diskio_writes,name=nvme0n1p15,maximum,0.0
2026-09-30T16:27:00+00:00,backend,CWAgent,diskio_writes,name=nvme0n1p15,maximum,0.0
2026-09-30T16:28:00+00:00,backend,CWAgent,diskio_writes,name=nvme0n1p15,maximum,0.0
2026-09-30T16:29:00+00:00,backend,CWAgent,diskio_writes,name=nvme0n1p15,maximum,0.0
2026-09-30T16:30:00+00:00,backend,CWAgent,diskio_writes,name=nvme0n1p15,maximum,0.0
2026-09-30T16:31:00+00:00,backend,CWAgent,diskio_writes,name=nvme0n1p15,maximum,0.0
2026-09-30T16:32:00+00:00,backend,CWAgent,diskio_writes,name=nvme0n1p15,maximum,0.0
2026-09-30T16:33:00+00:00,backend,CWAgent,diskio_writes,name=nvme0n1p15,maximum,0.0
2026-09-30T16:34:00+00:00,backend,CWAgent,diskio_writes,name=nvme0n1p15,maximum,0.0
2026-09-30T16:24:00+00:00,backend,CWAgent,cpu_usage_iowait,cpu=cpu-total,average,0.025393600812596312
2026-09-30T16:25:00+00:00,backend,CWAgent,cpu_usage_iowait,cpu=cpu-total,average,0.033478406427847496
2026-09-30T16:26:00+00:00,backend,CWAgent,cpu_usage_iowait,cpu=cpu-total,average,0.025108804820891187
2026-09-30T16:27:00+00:00,backend,CWAgent,cpu_usage_iowait,cpu=cpu-total,average,0.21868954495753248
2026-09-30T16:28:00+00:00,backend,CWAgent,cpu_usage_iowait,cpu=cpu-total,average,0.01700535668735305
2026-09-30T16:29:00+00:00,backend,CWAgent,cpu_usage_iowait,cpu=cpu-total,average,0.00848320325755458
2026-09-30T16:30:00+00:00,backend,CWAgent,cpu_usage_iowait,cpu=cpu-total,average,0.033829499323401784
2026-09-30T16:31:00+00:00,backend,CWAgent,cpu_usage_iowait,cpu=cpu-total,average,0.0590966652596109
2026-09-30T16:32:00+00:00,backend,CWAgent,cpu_usage_iowait,cpu=cpu-total,average,0.008419634587863163
2026-09-30T16:33:00+00:00,backend,CWAgent,cpu_usage_iowait,cpu=cpu-total,average,0.0
2026-09-30T16:34:00+00:00,backend,CWAgent,cpu_usage_iowait,cpu=cpu-total,average,0.00852006475248418
2026-09-30T16:24:00+00:00,backend,CWAgent,cpu_usage_iowait,cpu=cpu-total,maximum,0.025393600812596312
2026-09-30T16:25:00+00:00,backend,CWAgent,cpu_usage_iowait,cpu=cpu-total,maximum,0.033478406427847496
2026-09-30T16:26:00+00:00,backend,CWAgent,cpu_usage_iowait,cpu=cpu-total,maximum,0.025108804820891187
2026-09-30T16:27:00+00:00,backend,CWAgent,cpu_usage_iowait,cpu=cpu-total,maximum,0.21868954495753248
2026-09-30T16:28:00+00:00,backend,CWAgent,cpu_usage_iowait,cpu=cpu-total,maximum,0.01700535668735305
2026-09-30T16:29:00+00:00,backend,CWAgent,cpu_usage_iowait,cpu=cpu-total,maximum,0.00848320325755458
2026-09-30T16:30:00+00:00,backend,CWAgent,cpu_usage_iowait,cpu=cpu-total,maximum,0.033829499323401784
2026-09-30T16:31:00+00:00,backend,CWAgent,cpu_usage_iowait,cpu=cpu-total,maximum,0.0590966652596109
2026-09-30T16:32:00+00:00,backend,CWAgent,cpu_usage_iowait,cpu=cpu-total,maximum,0.008419634587863163
2026-09-30T16:33:00+00:00,backend,CWAgent,cpu_usage_iowait,cpu=cpu-total,maximum,0.0
2026-09-30T16:34:00+00:00,backend,CWAgent,cpu_usage_iowait,cpu=cpu-total,maximum,0.00852006475248418
2026-09-30T16:24:00+00:00,backend,CWAgent,net_bytes_sent,interface=ens5,average,59841820.0
2026-09-30T16:25:00+00:00,backend,CWAgent,net_bytes_sent,interface=ens5,average,1840788.0
2026-09-30T16:26:00+00:00,backend,CWAgent,net_bytes_sent,interface=ens5,average,65191.0
2026-09-30T16:27:00+00:00,backend,CWAgent,net_bytes_sent,interface=ens5,average,21479081.0
2026-09-30T16:28:00+00:00,backend,CWAgent,net_bytes_sent,interface=ens5,average,104917707.0
2026-09-30T16:29:00+00:00,backend,CWAgent,net_bytes_sent,interface=ens5,average,170399680.0
2026-09-30T16:30:00+00:00,backend,CWAgent,net_bytes_sent,interface=ens5,average,172545438.0
2026-09-30T16:31:00+00:00,backend,CWAgent,net_bytes_sent,interface=ens5,average,174964936.0
2026-09-30T16:32:00+00:00,backend,CWAgent,net_bytes_sent,interface=ens5,average,174966729.0
2026-09-30T16:33:00+00:00,backend,CWAgent,net_bytes_sent,interface=ens5,average,174620027.0
2026-09-30T16:34:00+00:00,backend,CWAgent,net_bytes_sent,interface=ens5,average,156779218.0
2026-09-30T16:24:00+00:00,backend,CWAgent,net_bytes_sent,interface=ens5,maximum,59841820.0
2026-09-30T16:25:00+00:00,backend,CWAgent,net_bytes_sent,interface=ens5,maximum,1840788.0
2026-09-30T16:26:00+00:00,backend,CWAgent,net_bytes_sent,interface=ens5,maximum,65191.0
2026-09-30T16:27:00+00:00,backend,CWAgent,net_bytes_sent,interface=ens5,maximum,21479081.0
2026-09-30T16:28:00+00:00,backend,CWAgent,net_bytes_sent,interface=ens5,maximum,104917707.0
2026-09-30T16:29:00+00:00,backend,CWAgent,net_bytes_sent,interface=ens5,maximum,170399680.0
2026-09-30T16:30:00+00:00,backend,CWAgent,net_bytes_sent,interface=ens5,maximum,172545438.0
2026-09-30T16:31:00+00:00,backend,CWAgent,net_bytes_sent,interface=ens5,maximum,174964936.0
2026-09-30T16:32:00+00:00,backend,CWAgent,net_bytes_sent,interface=ens5,maximum,174966729.0
2026-09-30T16:33:00+00:00,backend,CWAgent,net_bytes_sent,interface=ens5,maximum,174620027.0
2026-09-30T16:34:00+00:00,backend,CWAgent,net_bytes_sent,interface=ens5,maximum,156779218.0
2026-09-30T16:24:00+00:00,backend,CWAgent,net_bytes_recv,interface=ens5,average,13487478.0
2026-09-30T16:25:00+00:00,backend,CWAgent,net_bytes_recv,interface=ens5,average,625844.0
2026-09-30T16:26:00+00:00,backend,CWAgent,net_bytes_recv,interface=ens5,average,10462.0
2026-09-30T16:27:00+00:00,backend,CWAgent,net_bytes_recv,interface=ens5,average,5089094.0
2026-09-30T16:28:00+00:00,backend,CWAgent,net_bytes_recv,interface=ens5,average,23352644.0
2026-09-30T16:29:00+00:00,backend,CWAgent,net_bytes_recv,interface=ens5,average,37796048.0
2026-09-30T16:30:00+00:00,backend,CWAgent,net_bytes_recv,interface=ens5,average,38118192.0
2026-09-30T16:31:00+00:00,backend,CWAgent,net_bytes_recv,interface=ens5,average,38735705.0
2026-09-30T16:32:00+00:00,backend,CWAgent,net_bytes_recv,interface=ens5,average,38794255.0
2026-09-30T16:33:00+00:00,backend,CWAgent,net_bytes_recv,interface=ens5,average,38762654.0
2026-09-30T16:34:00+00:00,backend,CWAgent,net_bytes_recv,interface=ens5,average,34751032.0
2026-09-30T16:24:00+00:00,backend,CWAgent,net_bytes_recv,interface=ens5,maximum,13487478.0
2026-09-30T16:25:00+00:00,backend,CWAgent,net_bytes_recv,interface=ens5,maximum,625844.0
2026-09-30T16:26:00+00:00,backend,CWAgent,net_bytes_recv,interface=ens5,maximum,10462.0
2026-09-30T16:27:00+00:00,backend,CWAgent,net_bytes_recv,interface=ens5,maximum,5089094.0
2026-09-30T16:28:00+00:00,backend,CWAgent,net_bytes_recv,interface=ens5,maximum,23352644.0
2026-09-30T16:29:00+00:00,backend,CWAgent,net_bytes_recv,interface=ens5,maximum,37796048.0
2026-09-30T16:30:00+00:00,backend,CWAgent,net_bytes_recv,interface=ens5,maximum,38118192.0
2026-09-30T16:31:00+00:00,backend,CWAgent,net_bytes_recv,interface=ens5,maximum,38735705.0
2026-09-30T16:32:00+00:00,backend,CWAgent,net_bytes_recv,interface=ens5,maximum,38794255.0
2026-09-30T16:33:00+00:00,backend,CWAgent,net_bytes_recv,interface=ens5,maximum,38762654.0
2026-09-30T16:34:00+00:00,backend,CWAgent,net_bytes_recv,interface=ens5,maximum,34751032.0
2026-09-30T16:24:00+00:00,backend,CWAgent,diskio_reads,name=nvme0n1p15,average,0.0
2026-09-30T16:25:00+00:00,backend,CWAgent,diskio_reads,name=nvme0n1p15,average,0.0
2026-09-30T16:26:00+00:00,backend,CWAgent,diskio_reads,name=nvme0n1p15,average,0.0
2026-09-30T16:27:00+00:00,backend,CWAgent,diskio_reads,name=nvme0n1p15,average,0.0
2026-09-30T16:28:00+00:00,backend,CWAgent,diskio_reads,name=nvme0n1p15,average,0.0
2026-09-30T16:29:00+00:00,backend,CWAgent,diskio_reads,name=nvme0n1p15,average,0.0
2026-09-30T16:30:00+00:00,backend,CWAgent,diskio_reads,name=nvme0n1p15,average,0.0
2026-09-30T16:31:00+00:00,backend,CWAgent,diskio_reads,name=nvme0n1p15,average,0.0
2026-09-30T16:32:00+00:00,backend,CWAgent,diskio_reads,name=nvme0n1p15,average,0.0
2026-09-30T16:33:00+00:00,backend,CWAgent,diskio_reads,name=nvme0n1p15,average,0.0
2026-09-30T16:34:00+00:00,backend,CWAgent,diskio_reads,name=nvme0n1p15,average,0.0
2026-09-30T16:24:00+00:00,backend,CWAgent,diskio_reads,name=nvme0n1p15,maximum,0.0
2026-09-30T16:25:00+00:00,backend,CWAgent,diskio_reads,name=nvme0n1p15,maximum,0.0
2026-09-30T16:26:00+00:00,backend,CWAgent,diskio_reads,name=nvme0n1p15,maximum,0.0
2026-09-30T16:27:00+00:00,backend,CWAgent,diskio_reads,name=nvme0n1p15,maximum,0.0
2026-09-30T16:28:00+00:00,backend,CWAgent,diskio_reads,name=nvme0n1p15,maximum,0.0
2026-09-30T16:29:00+00:00,backend,CWAgent,diskio_reads,name=nvme0n1p15,maximum,0.0
2026-09-30T16:30:00+00:00,backend,CWAgent,diskio_reads,name=nvme0n1p15,maximum,0.0
2026-09-30T16:31:00+00:00,backend,CWAgent,diskio_reads,name=nvme0n1p15,maximum,0.0
2026-09-30T16:32:00+00:00,backend,CWAgent,diskio_reads,name=nvme0n1p15,maximum,0.0
2026-09-30T16:33:00+00:00,backend,CWAgent,diskio_reads,name=nvme0n1p15,maximum,0.0
2026-09-30T16:34:00+00:00,backend,CWAgent,diskio_reads,name=nvme0n1p15,maximum,0.0
2026-09-30T16:24:00+00:00,backend,CWAgent,diskio_write_bytes,name=nvme0n1p14,average,0.0
2026-09-30T16:25:00+00:00,backend,CWAgent,diskio_write_bytes,name=nvme0n1p14,average,0.0
2026-09-30T16:26:00+00:00,backend,CWAgent,diskio_write_bytes,name=nvme0n1p14,average,0.0
2026-09-30T16:27:00+00:00,backend,CWAgent,diskio_write_bytes,name=nvme0n1p14,average,0.0
2026-09-30T16:28:00+00:00,backend,CWAgent,diskio_write_bytes,name=nvme0n1p14,average,0.0
2026-09-30T16:29:00+00:00,backend,CWAgent,diskio_write_bytes,name=nvme0n1p14,average,0.0
2026-09-30T16:30:00+00:00,backend,CWAgent,diskio_write_bytes,name=nvme0n1p14,average,0.0
2026-09-30T16:31:00+00:00,backend,CWAgent,diskio_write_bytes,name=nvme0n1p14,average,0.0
2026-09-30T16:32:00+00:00,backend,CWAgent,diskio_write_bytes,name=nvme0n1p14,average,0.0
2026-09-30T16:33:00+00:00,backend,CWAgent,diskio_write_bytes,name=nvme0n1p14,average,0.0
2026-09-30T16:34:00+00:00,backend,CWAgent,diskio_write_bytes,name=nvme0n1p14,average,0.0
2026-09-30T16:24:00+00:00,backend,CWAgent,diskio_write_bytes,name=nvme0n1p14,maximum,0.0
2026-09-30T16:25:00+00:00,backend,CWAgent,diskio_write_bytes,name=nvme0n1p14,maximum,0.0
2026-09-30T16:26:00+00:00,backend,CWAgent,diskio_write_bytes,name=nvme0n1p14,maximum,0.0
2026-09-30T16:27:00+00:00,backend,CWAgent,diskio_write_bytes,name=nvme0n1p14,maximum,0.0
2026-09-30T16:28:00+00:00,backend,CWAgent,diskio_write_bytes,name=nvme0n1p14,maximum,0.0
2026-09-30T16:29:00+00:00,backend,CWAgent,diskio_write_bytes,name=nvme0n1p14,maximum,0.0
2026-09-30T16:30:00+00:00,backend,CWAgent,diskio_write_bytes,name=nvme0n1p14,maximum,0.0
2026-09-30T16:31:00+00:00,backend,CWAgent,diskio_write_bytes,name=nvme0n1p14,maximum,0.0
2026-09-30T16:32:00+00:00,backend,CWAgent,diskio_write_bytes,name=nvme0n1p14,maximum,0.0
2026-09-30T16:33:00+00:00,backend,CWAgent,diskio_write_bytes,name=nvme0n1p14,maximum,0.0
2026-09-30T16:34:00+00:00,backend,CWAgent,diskio_write_bytes,name=nvme0n1p14,maximum,0.0
2026-09-30T16:24:00+00:00,backend,CWAgent,diskio_reads,name=nvme0n1p14,average,0.0
2026-09-30T16:25:00+00:00,backend,CWAgent,diskio_reads,name=nvme0n1p14,average,0.0
2026-09-30T16:26:00+00:00,backend,CWAgent,diskio_reads,name=nvme0n1p14,average,0.0
2026-09-30T16:27:00+00:00,backend,CWAgent,diskio_reads,name=nvme0n1p14,average,0.0
2026-09-30T16:28:00+00:00,backend,CWAgent,diskio_reads,name=nvme0n1p14,average,0.0
2026-09-30T16:29:00+00:00,backend,CWAgent,diskio_reads,name=nvme0n1p14,average,0.0
2026-09-30T16:30:00+00:00,backend,CWAgent,diskio_reads,name=nvme0n1p14,average,0.0
2026-09-30T16:31:00+00:00,backend,CWAgent,diskio_reads,name=nvme0n1p14,average,0.0
2026-09-30T16:32:00+00:00,backend,CWAgent,diskio_reads,name=nvme0n1p14,average,0.0
2026-09-30T16:33:00+00:00,backend,CWAgent,diskio_reads,name=nvme0n1p14,average,0.0
2026-09-30T16:34:00+00:00,backend,CWAgent,diskio_reads,name=nvme0n1p14,average,0.0
2026-09-30T16:24:00+00:00,backend,CWAgent,diskio_reads,name=nvme0n1p14,maximum,0.0
2026-09-30T16:25:00+00:00,backend,CWAgent,diskio_reads,name=nvme0n1p14,maximum,0.0
2026-09-30T16:26:00+00:00,backend,CWAgent,diskio_reads,name=nvme0n1p14,maximum,0.0
2026-09-30T16:27:00+00:00,backend,CWAgent,diskio_reads,name=nvme0n1p14,maximum,0.0
2026-09-30T16:28:00+00:00,backend,CWAgent,diskio_reads,name=nvme0n1p14,maximum,0.0
2026-09-30T16:29:00+00:00,backend,CWAgent,diskio_reads,name=nvme0n1p14,maximum,0.0
2026-09-30T16:30:00+00:00,backend,CWAgent,diskio_reads,name=nvme0n1p14,maximum,0.0
2026-09-30T16:31:00+00:00,backend,CWAgent,diskio_reads,name=nvme0n1p14,maximum,0.0
2026-09-30T16:32:00+00:00,backend,CWAgent,diskio_reads,name=nvme0n1p14,maximum,0.0
2026-09-30T16:33:00+00:00,backend,CWAgent,diskio_reads,name=nvme0n1p14,maximum,0.0
2026-09-30T16:34:00+00:00,backend,CWAgent,diskio_reads,name=nvme0n1p14,maximum,0.0
2026-09-30T16:24:00+00:00,backend,CWAgent,diskio_writes,name=nvme0n1,average,52.0
2026-09-30T16:25:00+00:00,backend,CWAgent,diskio_writes,name=nvme0n1,average,55.0
2026-09-30T16:26:00+00:00,backend,CWAgent,diskio_writes,name=nvme0n1,average,36.0
2026-09-30T16:27:00+00:00,backend,CWAgent,diskio_writes,name=nvme0n1,average,171.0
2026-09-30T16:28:00+00:00,backend,CWAgent,diskio_writes,name=nvme0n1,average,52.0
2026-09-30T16:29:00+00:00,backend,CWAgent,diskio_writes,name=nvme0n1,average,85.0
2026-09-30T16:30:00+00:00,backend,CWAgent,diskio_writes,name=nvme0n1,average,46.0
2026-09-30T16:31:00+00:00,backend,CWAgent,diskio_writes,name=nvme0n1,average,50.0
2026-09-30T16:32:00+00:00,backend,CWAgent,diskio_writes,name=nvme0n1,average,53.0
2026-09-30T16:33:00+00:00,backend,CWAgent,diskio_writes,name=nvme0n1,average,49.0
2026-09-30T16:34:00+00:00,backend,CWAgent,diskio_writes,name=nvme0n1,average,47.0
2026-09-30T16:24:00+00:00,backend,CWAgent,diskio_writes,name=nvme0n1,maximum,52.0
2026-09-30T16:25:00+00:00,backend,CWAgent,diskio_writes,name=nvme0n1,maximum,55.0
2026-09-30T16:26:00+00:00,backend,CWAgent,diskio_writes,name=nvme0n1,maximum,36.0
2026-09-30T16:27:00+00:00,backend,CWAgent,diskio_writes,name=nvme0n1,maximum,171.0
2026-09-30T16:28:00+00:00,backend,CWAgent,diskio_writes,name=nvme0n1,maximum,52.0
2026-09-30T16:29:00+00:00,backend,CWAgent,diskio_writes,name=nvme0n1,maximum,85.0
2026-09-30T16:30:00+00:00,backend,CWAgent,diskio_writes,name=nvme0n1,maximum,46.0
2026-09-30T16:31:00+00:00,backend,CWAgent,diskio_writes,name=nvme0n1,maximum,50.0
2026-09-30T16:32:00+00:00,backend,CWAgent,diskio_writes,name=nvme0n1,maximum,53.0
2026-09-30T16:33:00+00:00,backend,CWAgent,diskio_writes,name=nvme0n1,maximum,49.0
2026-09-30T16:34:00+00:00,backend,CWAgent,diskio_writes,name=nvme0n1,maximum,47.0
2026-09-30T16:24:00+00:00,backend,CWAgent,cpu_usage_user,cpu=cpu-total,average,20.509564922972476
2026-09-30T16:25:00+00:00,backend,CWAgent,cpu_usage_user,cpu=cpu-total,average,2.142618011383001
2026-09-30T16:26:00+00:00,backend,CWAgent,cpu_usage_user,cpu=cpu-total,average,1.4395714763971588
2026-09-30T16:27:00+00:00,backend,CWAgent,cpu_usage_user,cpu=cpu-total,average,8.747581798301587
2026-09-30T16:28:00+00:00,backend,CWAgent,cpu_usage_user,cpu=cpu-total,average,31.136808094549536
2026-09-30T16:29:00+00:00,backend,CWAgent,cpu_usage_user,cpu=cpu-total,average,47.31082456735729
2026-09-30T16:30:00+00:00,backend,CWAgent,cpu_usage_user,cpu=cpu-total,average,50.8288227334216
2026-09-30T16:31:00+00:00,backend,CWAgent,cpu_usage_user,cpu=cpu-total,average,51.99662304770085
2026-09-30T16:32:00+00:00,backend,CWAgent,cpu_usage_user,cpu=cpu-total,average,52.44590384777278
2026-09-30T16:33:00+00:00,backend,CWAgent,cpu_usage_user,cpu=cpu-total,average,52.67402376910065
2026-09-30T16:34:00+00:00,backend,CWAgent,cpu_usage_user,cpu=cpu-total,average,47.584561642666955
2026-09-30T16:24:00+00:00,backend,CWAgent,cpu_usage_user,cpu=cpu-total,maximum,20.509564922972476
2026-09-30T16:25:00+00:00,backend,CWAgent,cpu_usage_user,cpu=cpu-total,maximum,2.142618011383001
2026-09-30T16:26:00+00:00,backend,CWAgent,cpu_usage_user,cpu=cpu-total,maximum,1.4395714763971588
2026-09-30T16:27:00+00:00,backend,CWAgent,cpu_usage_user,cpu=cpu-total,maximum,8.747581798301587
2026-09-30T16:28:00+00:00,backend,CWAgent,cpu_usage_user,cpu=cpu-total,maximum,31.136808094549536
2026-09-30T16:29:00+00:00,backend,CWAgent,cpu_usage_user,cpu=cpu-total,maximum,47.31082456735729
2026-09-30T16:30:00+00:00,backend,CWAgent,cpu_usage_user,cpu=cpu-total,maximum,50.8288227334216
2026-09-30T16:31:00+00:00,backend,CWAgent,cpu_usage_user,cpu=cpu-total,maximum,51.99662304770085
2026-09-30T16:32:00+00:00,backend,CWAgent,cpu_usage_user,cpu=cpu-total,maximum,52.44590384777278
2026-09-30T16:33:00+00:00,backend,CWAgent,cpu_usage_user,cpu=cpu-total,maximum,52.67402376910065
2026-09-30T16:34:00+00:00,backend,CWAgent,cpu_usage_user,cpu=cpu-total,maximum,47.584561642666955
2026-09-30T16:24:00+00:00,backend,CWAgent,procstat_memory_rss,exe=java;process_name=java,average,544522240.0
2026-09-30T16:25:00+00:00,backend,CWAgent,procstat_memory_rss,exe=java;process_name=java,average,543809536.0
2026-09-30T16:26:00+00:00,backend,CWAgent,procstat_memory_rss,exe=java;process_name=java,average,528531456.0
2026-09-30T16:27:00+00:00,backend,CWAgent,procstat_memory_rss,exe=java;process_name=java,average,532619264.0
2026-09-30T16:28:00+00:00,backend,CWAgent,procstat_memory_rss,exe=java;process_name=java,average,537935872.0
2026-09-30T16:29:00+00:00,backend,CWAgent,procstat_memory_rss,exe=java;process_name=java,average,535724032.0
2026-09-30T16:30:00+00:00,backend,CWAgent,procstat_memory_rss,exe=java;process_name=java,average,536838144.0
2026-09-30T16:31:00+00:00,backend,CWAgent,procstat_memory_rss,exe=java;process_name=java,average,537628672.0
2026-09-30T16:32:00+00:00,backend,CWAgent,procstat_memory_rss,exe=java;process_name=java,average,537812992.0
2026-09-30T16:33:00+00:00,backend,CWAgent,procstat_memory_rss,exe=java;process_name=java,average,537980928.0
2026-09-30T16:34:00+00:00,backend,CWAgent,procstat_memory_rss,exe=java;process_name=java,average,537960448.0
2026-09-30T16:24:00+00:00,backend,CWAgent,procstat_memory_rss,exe=java;process_name=java,maximum,544522240.0
2026-09-30T16:25:00+00:00,backend,CWAgent,procstat_memory_rss,exe=java;process_name=java,maximum,543809536.0
2026-09-30T16:26:00+00:00,backend,CWAgent,procstat_memory_rss,exe=java;process_name=java,maximum,528531456.0
2026-09-30T16:27:00+00:00,backend,CWAgent,procstat_memory_rss,exe=java;process_name=java,maximum,532619264.0
2026-09-30T16:28:00+00:00,backend,CWAgent,procstat_memory_rss,exe=java;process_name=java,maximum,537935872.0
2026-09-30T16:29:00+00:00,backend,CWAgent,procstat_memory_rss,exe=java;process_name=java,maximum,535724032.0
2026-09-30T16:30:00+00:00,backend,CWAgent,procstat_memory_rss,exe=java;process_name=java,maximum,536838144.0
2026-09-30T16:31:00+00:00,backend,CWAgent,procstat_memory_rss,exe=java;process_name=java,maximum,537628672.0
2026-09-30T16:32:00+00:00,backend,CWAgent,procstat_memory_rss,exe=java;process_name=java,maximum,537812992.0
2026-09-30T16:33:00+00:00,backend,CWAgent,procstat_memory_rss,exe=java;process_name=java,maximum,537980928.0
2026-09-30T16:34:00+00:00,backend,CWAgent,procstat_memory_rss,exe=java;process_name=java,maximum,537960448.0
2026-09-30T16:24:00+00:00,backend,CWAgent,diskio_reads,name=nvme0n1p1,average,15.0
2026-09-30T16:25:00+00:00,backend,CWAgent,diskio_reads,name=nvme0n1p1,average,65.0
2026-09-30T16:26:00+00:00,backend,CWAgent,diskio_reads,name=nvme0n1p1,average,40.0
2026-09-30T16:27:00+00:00,backend,CWAgent,diskio_reads,name=nvme0n1p1,average,575.0
2026-09-30T16:28:00+00:00,backend,CWAgent,diskio_reads,name=nvme0n1p1,average,57.0
2026-09-30T16:29:00+00:00,backend,CWAgent,diskio_reads,name=nvme0n1p1,average,49.0
2026-09-30T16:30:00+00:00,backend,CWAgent,diskio_reads,name=nvme0n1p1,average,175.0
2026-09-30T16:31:00+00:00,backend,CWAgent,diskio_reads,name=nvme0n1p1,average,196.0
2026-09-30T16:32:00+00:00,backend,CWAgent,diskio_reads,name=nvme0n1p1,average,39.0
2026-09-30T16:33:00+00:00,backend,CWAgent,diskio_reads,name=nvme0n1p1,average,35.0
2026-09-30T16:34:00+00:00,backend,CWAgent,diskio_reads,name=nvme0n1p1,average,43.0
2026-09-30T16:24:00+00:00,backend,CWAgent,diskio_reads,name=nvme0n1p1,maximum,15.0
2026-09-30T16:25:00+00:00,backend,CWAgent,diskio_reads,name=nvme0n1p1,maximum,65.0
2026-09-30T16:26:00+00:00,backend,CWAgent,diskio_reads,name=nvme0n1p1,maximum,40.0
2026-09-30T16:27:00+00:00,backend,CWAgent,diskio_reads,name=nvme0n1p1,maximum,575.0
2026-09-30T16:28:00+00:00,backend,CWAgent,diskio_reads,name=nvme0n1p1,maximum,57.0
2026-09-30T16:29:00+00:00,backend,CWAgent,diskio_reads,name=nvme0n1p1,maximum,49.0
2026-09-30T16:30:00+00:00,backend,CWAgent,diskio_reads,name=nvme0n1p1,maximum,175.0
2026-09-30T16:31:00+00:00,backend,CWAgent,diskio_reads,name=nvme0n1p1,maximum,196.0
2026-09-30T16:32:00+00:00,backend,CWAgent,diskio_reads,name=nvme0n1p1,maximum,39.0
2026-09-30T16:33:00+00:00,backend,CWAgent,diskio_reads,name=nvme0n1p1,maximum,35.0
2026-09-30T16:34:00+00:00,backend,CWAgent,diskio_reads,name=nvme0n1p1,maximum,43.0
2026-09-30T16:24:00+00:00,backend,CWAgent,diskio_read_bytes,name=nvme0n1,average,65536.0
2026-09-30T16:25:00+00:00,backend,CWAgent,diskio_read_bytes,name=nvme0n1,average,487424.0
2026-09-30T16:26:00+00:00,backend,CWAgent,diskio_read_bytes,name=nvme0n1,average,479232.0
2026-09-30T16:27:00+00:00,backend,CWAgent,diskio_read_bytes,name=nvme0n1,average,13664256.0
2026-09-30T16:28:00+00:00,backend,CWAgent,diskio_read_bytes,name=nvme0n1,average,458752.0
2026-09-30T16:29:00+00:00,backend,CWAgent,diskio_read_bytes,name=nvme0n1,average,475136.0
2026-09-30T16:30:00+00:00,backend,CWAgent,diskio_read_bytes,name=nvme0n1,average,1208320.0
2026-09-30T16:31:00+00:00,backend,CWAgent,diskio_read_bytes,name=nvme0n1,average,1052672.0
2026-09-30T16:32:00+00:00,backend,CWAgent,diskio_read_bytes,name=nvme0n1,average,512000.0
2026-09-30T16:33:00+00:00,backend,CWAgent,diskio_read_bytes,name=nvme0n1,average,606208.0
2026-09-30T16:34:00+00:00,backend,CWAgent,diskio_read_bytes,name=nvme0n1,average,401408.0
2026-09-30T16:24:00+00:00,backend,CWAgent,diskio_read_bytes,name=nvme0n1,maximum,65536.0
2026-09-30T16:25:00+00:00,backend,CWAgent,diskio_read_bytes,name=nvme0n1,maximum,487424.0
2026-09-30T16:26:00+00:00,backend,CWAgent,diskio_read_bytes,name=nvme0n1,maximum,479232.0
2026-09-30T16:27:00+00:00,backend,CWAgent,diskio_read_bytes,name=nvme0n1,maximum,13664256.0
2026-09-30T16:28:00+00:00,backend,CWAgent,diskio_read_bytes,name=nvme0n1,maximum,458752.0
2026-09-30T16:29:00+00:00,backend,CWAgent,diskio_read_bytes,name=nvme0n1,maximum,475136.0
2026-09-30T16:30:00+00:00,backend,CWAgent,diskio_read_bytes,name=nvme0n1,maximum,1208320.0
2026-09-30T16:31:00+00:00,backend,CWAgent,diskio_read_bytes,name=nvme0n1,maximum,1052672.0
2026-09-30T16:32:00+00:00,backend,CWAgent,diskio_read_bytes,name=nvme0n1,maximum,512000.0
2026-09-30T16:33:00+00:00,backend,CWAgent,diskio_read_bytes,name=nvme0n1,maximum,606208.0
2026-09-30T16:34:00+00:00,backend,CWAgent,diskio_read_bytes,name=nvme0n1,maximum,401408.0
2026-09-30T16:24:00+00:00,backend,CWAgent,diskio_read_bytes,name=nvme0n1p15,average,0.0
2026-09-30T16:25:00+00:00,backend,CWAgent,diskio_read_bytes,name=nvme0n1p15,average,0.0
2026-09-30T16:26:00+00:00,backend,CWAgent,diskio_read_bytes,name=nvme0n1p15,average,0.0
2026-09-30T16:27:00+00:00,backend,CWAgent,diskio_read_bytes,name=nvme0n1p15,average,0.0
2026-09-30T16:28:00+00:00,backend,CWAgent,diskio_read_bytes,name=nvme0n1p15,average,0.0
2026-09-30T16:29:00+00:00,backend,CWAgent,diskio_read_bytes,name=nvme0n1p15,average,0.0
2026-09-30T16:30:00+00:00,backend,CWAgent,diskio_read_bytes,name=nvme0n1p15,average,0.0
2026-09-30T16:31:00+00:00,backend,CWAgent,diskio_read_bytes,name=nvme0n1p15,average,0.0
2026-09-30T16:32:00+00:00,backend,CWAgent,diskio_read_bytes,name=nvme0n1p15,average,0.0
2026-09-30T16:33:00+00:00,backend,CWAgent,diskio_read_bytes,name=nvme0n1p15,average,0.0
2026-09-30T16:34:00+00:00,backend,CWAgent,diskio_read_bytes,name=nvme0n1p15,average,0.0
2026-09-30T16:24:00+00:00,backend,CWAgent,diskio_read_bytes,name=nvme0n1p15,maximum,0.0
2026-09-30T16:25:00+00:00,backend,CWAgent,diskio_read_bytes,name=nvme0n1p15,maximum,0.0
2026-09-30T16:26:00+00:00,backend,CWAgent,diskio_read_bytes,name=nvme0n1p15,maximum,0.0
2026-09-30T16:27:00+00:00,backend,CWAgent,diskio_read_bytes,name=nvme0n1p15,maximum,0.0
2026-09-30T16:28:00+00:00,backend,CWAgent,diskio_read_bytes,name=nvme0n1p15,maximum,0.0
2026-09-30T16:29:00+00:00,backend,CWAgent,diskio_read_bytes,name=nvme0n1p15,maximum,0.0
2026-09-30T16:30:00+00:00,backend,CWAgent,diskio_read_bytes,name=nvme0n1p15,maximum,0.0
2026-09-30T16:31:00+00:00,backend,CWAgent,diskio_read_bytes,name=nvme0n1p15,maximum,0.0
2026-09-30T16:32:00+00:00,backend,CWAgent,diskio_read_bytes,name=nvme0n1p15,maximum,0.0
2026-09-30T16:33:00+00:00,backend,CWAgent,diskio_read_bytes,name=nvme0n1p15,maximum,0.0
2026-09-30T16:34:00+00:00,backend,CWAgent,diskio_read_bytes,name=nvme0n1p15,maximum,0.0
2026-09-30T16:24:00+00:00,backend,CWAgent,procstat_cpu_usage,exe=dockerd;process_name=dockerd,average,0.13333441441320704
2026-09-30T16:25:00+00:00,backend,CWAgent,procstat_cpu_usage,exe=dockerd;process_name=dockerd,average,0.0666674582160634
2026-09-30T16:26:00+00:00,backend,CWAgent,procstat_cpu_usage,exe=dockerd;process_name=dockerd,average,0.11666674857450242
2026-09-30T16:27:00+00:00,backend,CWAgent,procstat_cpu_usage,exe=dockerd;process_name=dockerd,average,0.06666473295719981
2026-09-30T16:28:00+00:00,backend,CWAgent,procstat_cpu_usage,exe=dockerd;process_name=dockerd,average,0.15000009131756128
2026-09-30T16:29:00+00:00,backend,CWAgent,procstat_cpu_usage,exe=dockerd;process_name=dockerd,average,0.08332425702476658
2026-09-30T16:30:00+00:00,backend,CWAgent,procstat_cpu_usage,exe=dockerd;process_name=dockerd,average,0.15001576821240234
2026-09-30T16:31:00+00:00,backend,CWAgent,procstat_cpu_usage,exe=dockerd;process_name=dockerd,average,0.0833318280438591
2026-09-30T16:32:00+00:00,backend,CWAgent,procstat_cpu_usage,exe=dockerd;process_name=dockerd,average,0.13333710522892034
2026-09-30T16:33:00+00:00,backend,CWAgent,procstat_cpu_usage,exe=dockerd;process_name=dockerd,average,0.08333312961299921
2026-09-30T16:34:00+00:00,backend,CWAgent,procstat_cpu_usage,exe=dockerd;process_name=dockerd,average,0.13332956298884455
2026-09-30T16:24:00+00:00,backend,CWAgent,procstat_cpu_usage,exe=dockerd;process_name=dockerd,maximum,0.13333441441320704
2026-09-30T16:25:00+00:00,backend,CWAgent,procstat_cpu_usage,exe=dockerd;process_name=dockerd,maximum,0.0666674582160634
2026-09-30T16:26:00+00:00,backend,CWAgent,procstat_cpu_usage,exe=dockerd;process_name=dockerd,maximum,0.11666674857450242
2026-09-30T16:27:00+00:00,backend,CWAgent,procstat_cpu_usage,exe=dockerd;process_name=dockerd,maximum,0.06666473295719981
2026-09-30T16:28:00+00:00,backend,CWAgent,procstat_cpu_usage,exe=dockerd;process_name=dockerd,maximum,0.15000009131756128
2026-09-30T16:29:00+00:00,backend,CWAgent,procstat_cpu_usage,exe=dockerd;process_name=dockerd,maximum,0.08332425702476658
2026-09-30T16:30:00+00:00,backend,CWAgent,procstat_cpu_usage,exe=dockerd;process_name=dockerd,maximum,0.15001576821240234
2026-09-30T16:31:00+00:00,backend,CWAgent,procstat_cpu_usage,exe=dockerd;process_name=dockerd,maximum,0.0833318280438591
2026-09-30T16:32:00+00:00,backend,CWAgent,procstat_cpu_usage,exe=dockerd;process_name=dockerd,maximum,0.13333710522892034
2026-09-30T16:33:00+00:00,backend,CWAgent,procstat_cpu_usage,exe=dockerd;process_name=dockerd,maximum,0.08333312961299921
2026-09-30T16:34:00+00:00,backend,CWAgent,procstat_cpu_usage,exe=dockerd;process_name=dockerd,maximum,0.13332956298884455
2026-09-30T16:24:00+00:00,backend,CWAgent,diskio_writes,name=nvme0n1p14,average,0.0
2026-09-30T16:25:00+00:00,backend,CWAgent,diskio_writes,name=nvme0n1p14,average,0.0
2026-09-30T16:26:00+00:00,backend,CWAgent,diskio_writes,name=nvme0n1p14,average,0.0
2026-09-30T16:27:00+00:00,backend,CWAgent,diskio_writes,name=nvme0n1p14,average,0.0
2026-09-30T16:28:00+00:00,backend,CWAgent,diskio_writes,name=nvme0n1p14,average,0.0
2026-09-30T16:29:00+00:00,backend,CWAgent,diskio_writes,name=nvme0n1p14,average,0.0
2026-09-30T16:30:00+00:00,backend,CWAgent,diskio_writes,name=nvme0n1p14,average,0.0
2026-09-30T16:31:00+00:00,backend,CWAgent,diskio_writes,name=nvme0n1p14,average,0.0
2026-09-30T16:32:00+00:00,backend,CWAgent,diskio_writes,name=nvme0n1p14,average,0.0
2026-09-30T16:33:00+00:00,backend,CWAgent,diskio_writes,name=nvme0n1p14,average,0.0
2026-09-30T16:34:00+00:00,backend,CWAgent,diskio_writes,name=nvme0n1p14,average,0.0
2026-09-30T16:24:00+00:00,backend,CWAgent,diskio_writes,name=nvme0n1p14,maximum,0.0
2026-09-30T16:25:00+00:00,backend,CWAgent,diskio_writes,name=nvme0n1p14,maximum,0.0
2026-09-30T16:26:00+00:00,backend,CWAgent,diskio_writes,name=nvme0n1p14,maximum,0.0
2026-09-30T16:27:00+00:00,backend,CWAgent,diskio_writes,name=nvme0n1p14,maximum,0.0
2026-09-30T16:28:00+00:00,backend,CWAgent,diskio_writes,name=nvme0n1p14,maximum,0.0
2026-09-30T16:29:00+00:00,backend,CWAgent,diskio_writes,name=nvme0n1p14,maximum,0.0
2026-09-30T16:30:00+00:00,backend,CWAgent,diskio_writes,name=nvme0n1p14,maximum,0.0
2026-09-30T16:31:00+00:00,backend,CWAgent,diskio_writes,name=nvme0n1p14,maximum,0.0
2026-09-30T16:32:00+00:00,backend,CWAgent,diskio_writes,name=nvme0n1p14,maximum,0.0
2026-09-30T16:33:00+00:00,backend,CWAgent,diskio_writes,name=nvme0n1p14,maximum,0.0
2026-09-30T16:34:00+00:00,backend,CWAgent,diskio_writes,name=nvme0n1p14,maximum,0.0
2026-09-30T16:24:00+00:00,backend,CWAgent,diskio_read_bytes,name=nvme0n1p14,average,0.0
2026-09-30T16:25:00+00:00,backend,CWAgent,diskio_read_bytes,name=nvme0n1p14,average,0.0
2026-09-30T16:26:00+00:00,backend,CWAgent,diskio_read_bytes,name=nvme0n1p14,average,0.0
2026-09-30T16:27:00+00:00,backend,CWAgent,diskio_read_bytes,name=nvme0n1p14,average,0.0
2026-09-30T16:28:00+00:00,backend,CWAgent,diskio_read_bytes,name=nvme0n1p14,average,0.0
2026-09-30T16:29:00+00:00,backend,CWAgent,diskio_read_bytes,name=nvme0n1p14,average,0.0
2026-09-30T16:30:00+00:00,backend,CWAgent,diskio_read_bytes,name=nvme0n1p14,average,0.0
2026-09-30T16:31:00+00:00,backend,CWAgent,diskio_read_bytes,name=nvme0n1p14,average,0.0
2026-09-30T16:32:00+00:00,backend,CWAgent,diskio_read_bytes,name=nvme0n1p14,average,0.0
2026-09-30T16:33:00+00:00,backend,CWAgent,diskio_read_bytes,name=nvme0n1p14,average,0.0
2026-09-30T16:34:00+00:00,backend,CWAgent,diskio_read_bytes,name=nvme0n1p14,average,0.0
2026-09-30T16:24:00+00:00,backend,CWAgent,diskio_read_bytes,name=nvme0n1p14,maximum,0.0
2026-09-30T16:25:00+00:00,backend,CWAgent,diskio_read_bytes,name=nvme0n1p14,maximum,0.0
2026-09-30T16:26:00+00:00,backend,CWAgent,diskio_read_bytes,name=nvme0n1p14,maximum,0.0
2026-09-30T16:27:00+00:00,backend,CWAgent,diskio_read_bytes,name=nvme0n1p14,maximum,0.0
2026-09-30T16:28:00+00:00,backend,CWAgent,diskio_read_bytes,name=nvme0n1p14,maximum,0.0
2026-09-30T16:29:00+00:00,backend,CWAgent,diskio_read_bytes,name=nvme0n1p14,maximum,0.0
2026-09-30T16:30:00+00:00,backend,CWAgent,diskio_read_bytes,name=nvme0n1p14,maximum,0.0
2026-09-30T16:31:00+00:00,backend,CWAgent,diskio_read_bytes,name=nvme0n1p14,maximum,0.0
2026-09-30T16:32:00+00:00,backend,CWAgent,diskio_read_bytes,name=nvme0n1p14,maximum,0.0
2026-09-30T16:33:00+00:00,backend,CWAgent,diskio_read_bytes,name=nvme0n1p14,maximum,0.0
2026-09-30T16:34:00+00:00,backend,CWAgent,diskio_read_bytes,name=nvme0n1p14,maximum,0.0
2026-09-30T16:24:00+00:00,backend,CWAgent,cpu_usage_system,cpu=cpu-total,average,6.509226341628558
2026-09-30T16:25:00+00:00,backend,CWAgent,cpu_usage_system,cpu=cpu-total,average,2.7870773351188927
2026-09-30T16:26:00+00:00,backend,CWAgent,cpu_usage_system,cpu=cpu-total,average,2.5945764981585815
2026-09-30T16:27:00+00:00,backend,CWAgent,cpu_usage_system,cpu=cpu-total,average,3.9448229455800736
2026-09-30T16:28:00+00:00,backend,CWAgent,cpu_usage_system,cpu=cpu-total,average,8.68123458889549
2026-09-30T16:29:00+00:00,backend,CWAgent,cpu_usage_system,cpu=cpu-total,average,12.724804886325359
2026-09-30T16:30:00+00:00,backend,CWAgent,cpu_usage_system,cpu=cpu-total,average,12.838294993233585
2026-09-30T16:31:00+00:00,backend,CWAgent,cpu_usage_system,cpu=cpu-total,average,13.288307302659684
2026-09-30T16:32:00+00:00,backend,CWAgent,cpu_usage_system,cpu=cpu-total,average,13.555611686452682
2026-09-30T16:33:00+00:00,backend,CWAgent,cpu_usage_system,cpu=cpu-total,average,12.911714770798072
2026-09-30T16:34:00+00:00,backend,CWAgent,cpu_usage_system,cpu=cpu-total,average,12.302973502598391
2026-09-30T16:24:00+00:00,backend,CWAgent,cpu_usage_system,cpu=cpu-total,maximum,6.509226341628558
2026-09-30T16:25:00+00:00,backend,CWAgent,cpu_usage_system,cpu=cpu-total,maximum,2.7870773351188927
2026-09-30T16:26:00+00:00,backend,CWAgent,cpu_usage_system,cpu=cpu-total,maximum,2.5945764981585815
2026-09-30T16:27:00+00:00,backend,CWAgent,cpu_usage_system,cpu=cpu-total,maximum,3.9448229455800736
2026-09-30T16:28:00+00:00,backend,CWAgent,cpu_usage_system,cpu=cpu-total,maximum,8.68123458889549
2026-09-30T16:29:00+00:00,backend,CWAgent,cpu_usage_system,cpu=cpu-total,maximum,12.724804886325359
2026-09-30T16:30:00+00:00,backend,CWAgent,cpu_usage_system,cpu=cpu-total,maximum,12.838294993233585
2026-09-30T16:31:00+00:00,backend,CWAgent,cpu_usage_system,cpu=cpu-total,maximum,13.288307302659684
2026-09-30T16:32:00+00:00,backend,CWAgent,cpu_usage_system,cpu=cpu-total,maximum,13.555611686452682
2026-09-30T16:33:00+00:00,backend,CWAgent,cpu_usage_system,cpu=cpu-total,maximum,12.911714770798072
2026-09-30T16:34:00+00:00,backend,CWAgent,cpu_usage_system,cpu=cpu-total,maximum,12.302973502598391
2026-09-30T16:24:00+00:00,backend,CWAgent,diskio_write_bytes,name=nvme0n1,average,552960.0
2026-09-30T16:25:00+00:00,backend,CWAgent,diskio_write_bytes,name=nvme0n1,average,389120.0
2026-09-30T16:26:00+00:00,backend,CWAgent,diskio_write_bytes,name=nvme0n1,average,188416.0
2026-09-30T16:27:00+00:00,backend,CWAgent,diskio_write_bytes,name=nvme0n1,average,1073152.0
2026-09-30T16:28:00+00:00,backend,CWAgent,diskio_write_bytes,name=nvme0n1,average,540672.0
2026-09-30T16:29:00+00:00,backend,CWAgent,diskio_write_bytes,name=nvme0n1,average,1138688.0
2026-09-30T16:30:00+00:00,backend,CWAgent,diskio_write_bytes,name=nvme0n1,average,585728.0
2026-09-30T16:31:00+00:00,backend,CWAgent,diskio_write_bytes,name=nvme0n1,average,598016.0
2026-09-30T16:32:00+00:00,backend,CWAgent,diskio_write_bytes,name=nvme0n1,average,610304.0
2026-09-30T16:33:00+00:00,backend,CWAgent,diskio_write_bytes,name=nvme0n1,average,585728.0
2026-09-30T16:34:00+00:00,backend,CWAgent,diskio_write_bytes,name=nvme0n1,average,569344.0
2026-09-30T16:24:00+00:00,backend,CWAgent,diskio_write_bytes,name=nvme0n1,maximum,552960.0
2026-09-30T16:25:00+00:00,backend,CWAgent,diskio_write_bytes,name=nvme0n1,maximum,389120.0
2026-09-30T16:26:00+00:00,backend,CWAgent,diskio_write_bytes,name=nvme0n1,maximum,188416.0
2026-09-30T16:27:00+00:00,backend,CWAgent,diskio_write_bytes,name=nvme0n1,maximum,1073152.0
2026-09-30T16:28:00+00:00,backend,CWAgent,diskio_write_bytes,name=nvme0n1,maximum,540672.0
2026-09-30T16:29:00+00:00,backend,CWAgent,diskio_write_bytes,name=nvme0n1,maximum,1138688.0
2026-09-30T16:30:00+00:00,backend,CWAgent,diskio_write_bytes,name=nvme0n1,maximum,585728.0
2026-09-30T16:31:00+00:00,backend,CWAgent,diskio_write_bytes,name=nvme0n1,maximum,598016.0
2026-09-30T16:32:00+00:00,backend,CWAgent,diskio_write_bytes,name=nvme0n1,maximum,610304.0
2026-09-30T16:33:00+00:00,backend,CWAgent,diskio_write_bytes,name=nvme0n1,maximum,585728.0
2026-09-30T16:34:00+00:00,backend,CWAgent,diskio_write_bytes,name=nvme0n1,maximum,569344.0
2026-09-30T16:24:00+00:00,backend,CWAgent,diskio_write_bytes,name=nvme0n1p15,average,0.0
2026-09-30T16:25:00+00:00,backend,CWAgent,diskio_write_bytes,name=nvme0n1p15,average,0.0
2026-09-30T16:26:00+00:00,backend,CWAgent,diskio_write_bytes,name=nvme0n1p15,average,0.0
2026-09-30T16:27:00+00:00,backend,CWAgent,diskio_write_bytes,name=nvme0n1p15,average,0.0
2026-09-30T16:28:00+00:00,backend,CWAgent,diskio_write_bytes,name=nvme0n1p15,average,0.0
2026-09-30T16:29:00+00:00,backend,CWAgent,diskio_write_bytes,name=nvme0n1p15,average,0.0
2026-09-30T16:30:00+00:00,backend,CWAgent,diskio_write_bytes,name=nvme0n1p15,average,0.0
2026-09-30T16:31:00+00:00,backend,CWAgent,diskio_write_bytes,name=nvme0n1p15,average,0.0
2026-09-30T16:32:00+00:00,backend,CWAgent,diskio_write_bytes,name=nvme0n1p15,average,0.0
2026-09-30T16:33:00+00:00,backend,CWAgent,diskio_write_bytes,name=nvme0n1p15,average,0.0
2026-09-30T16:34:00+00:00,backend,CWAgent,diskio_write_bytes,name=nvme0n1p15,average,0.0
2026-09-30T16:24:00+00:00,backend,CWAgent,diskio_write_bytes,name=nvme0n1p15,maximum,0.0
2026-09-30T16:25:00+00:00,backend,CWAgent,diskio_write_bytes,name=nvme0n1p15,maximum,0.0
2026-09-30T16:26:00+00:00,backend,CWAgent,diskio_write_bytes,name=nvme0n1p15,maximum,0.0
2026-09-30T16:27:00+00:00,backend,CWAgent,diskio_write_bytes,name=nvme0n1p15,maximum,0.0
2026-09-30T16:28:00+00:00,backend,CWAgent,diskio_write_bytes,name=nvme0n1p15,maximum,0.0
2026-09-30T16:29:00+00:00,backend,CWAgent,diskio_write_bytes,name=nvme0n1p15,maximum,0.0
2026-09-30T16:30:00+00:00,backend,CWAgent,diskio_write_bytes,name=nvme0n1p15,maximum,0.0
2026-09-30T16:31:00+00:00,backend,CWAgent,diskio_write_bytes,name=nvme0n1p15,maximum,0.0
2026-09-30T16:32:00+00:00,backend,CWAgent,diskio_write_bytes,name=nvme0n1p15,maximum,0.0
2026-09-30T16:33:00+00:00,backend,CWAgent,diskio_write_bytes,name=nvme0n1p15,maximum,0.0
2026-09-30T16:34:00+00:00,backend,CWAgent,diskio_write_bytes,name=nvme0n1p15,maximum,0.0
2026-09-30T16:24:00+00:00,backend,CWAgent,net_bytes_recv,interface=docker0,average,0.0
2026-09-30T16:25:00+00:00,backend,CWAgent,net_bytes_recv,interface=docker0,average,0.0
2026-09-30T16:26:00+00:00,backend,CWAgent,net_bytes_recv,interface=docker0,average,0.0
2026-09-30T16:27:00+00:00,backend,CWAgent,net_bytes_recv,interface=docker0,average,0.0
2026-09-30T16:28:00+00:00,backend,CWAgent,net_bytes_recv,interface=docker0,average,0.0
2026-09-30T16:29:00+00:00,backend,CWAgent,net_bytes_recv,interface=docker0,average,0.0
2026-09-30T16:30:00+00:00,backend,CWAgent,net_bytes_recv,interface=docker0,average,0.0
2026-09-30T16:31:00+00:00,backend,CWAgent,net_bytes_recv,interface=docker0,average,0.0
2026-09-30T16:32:00+00:00,backend,CWAgent,net_bytes_recv,interface=docker0,average,0.0
2026-09-30T16:33:00+00:00,backend,CWAgent,net_bytes_recv,interface=docker0,average,0.0
2026-09-30T16:34:00+00:00,backend,CWAgent,net_bytes_recv,interface=docker0,average,0.0
2026-09-30T16:24:00+00:00,backend,CWAgent,net_bytes_recv,interface=docker0,maximum,0.0
2026-09-30T16:25:00+00:00,backend,CWAgent,net_bytes_recv,interface=docker0,maximum,0.0
2026-09-30T16:26:00+00:00,backend,CWAgent,net_bytes_recv,interface=docker0,maximum,0.0
2026-09-30T16:27:00+00:00,backend,CWAgent,net_bytes_recv,interface=docker0,maximum,0.0
2026-09-30T16:28:00+00:00,backend,CWAgent,net_bytes_recv,interface=docker0,maximum,0.0
2026-09-30T16:29:00+00:00,backend,CWAgent,net_bytes_recv,interface=docker0,maximum,0.0
2026-09-30T16:30:00+00:00,backend,CWAgent,net_bytes_recv,interface=docker0,maximum,0.0
2026-09-30T16:31:00+00:00,backend,CWAgent,net_bytes_recv,interface=docker0,maximum,0.0
2026-09-30T16:32:00+00:00,backend,CWAgent,net_bytes_recv,interface=docker0,maximum,0.0
2026-09-30T16:33:00+00:00,backend,CWAgent,net_bytes_recv,interface=docker0,maximum,0.0
2026-09-30T16:34:00+00:00,backend,CWAgent,net_bytes_recv,interface=docker0,maximum,0.0
2026-09-30T16:24:00+00:00,backend,CWAgent,cpu_usage_steal,cpu=cpu-total,average,1.7521584560690975
2026-09-30T16:25:00+00:00,backend,CWAgent,cpu_usage_steal,cpu=cpu-total,average,0.5523937060595907
2026-09-30T16:26:00+00:00,backend,CWAgent,cpu_usage_steal,cpu=cpu-total,average,0.343153665885497
2026-09-30T16:27:00+00:00,backend,CWAgent,cpu_usage_steal,cpu=cpu-total,average,0.4037345445369665
2026-09-30T16:28:00+00:00,backend,CWAgent,cpu_usage_steal,cpu=cpu-total,average,1.156364254740249
2026-09-30T16:29:00+00:00,backend,CWAgent,cpu_usage_steal,cpu=cpu-total,average,0.5514082117407704
2026-09-30T16:30:00+00:00,backend,CWAgent,cpu_usage_steal,cpu=cpu-total,average,2.8163058186737455
2026-09-30T16:31:00+00:00,backend,CWAgent,cpu_usage_steal,cpu=cpu-total,average,0.9286618826509255
2026-09-30T16:32:00+00:00,backend,CWAgent,cpu_usage_steal,cpu=cpu-total,average,0.623052959501563
2026-09-30T16:33:00+00:00,backend,CWAgent,cpu_usage_steal,cpu=cpu-total,average,0.7045840407470438
2026-09-30T16:34:00+00:00,backend,CWAgent,cpu_usage_steal,cpu=cpu-total,average,0.5197239499019951
2026-09-30T16:24:00+00:00,backend,CWAgent,cpu_usage_steal,cpu=cpu-total,maximum,1.7521584560690975
2026-09-30T16:25:00+00:00,backend,CWAgent,cpu_usage_steal,cpu=cpu-total,maximum,0.5523937060595907
2026-09-30T16:26:00+00:00,backend,CWAgent,cpu_usage_steal,cpu=cpu-total,maximum,0.343153665885497
2026-09-30T16:27:00+00:00,backend,CWAgent,cpu_usage_steal,cpu=cpu-total,maximum,0.4037345445369665
2026-09-30T16:28:00+00:00,backend,CWAgent,cpu_usage_steal,cpu=cpu-total,maximum,1.156364254740249
2026-09-30T16:29:00+00:00,backend,CWAgent,cpu_usage_steal,cpu=cpu-total,maximum,0.5514082117407704
2026-09-30T16:30:00+00:00,backend,CWAgent,cpu_usage_steal,cpu=cpu-total,maximum,2.8163058186737455
2026-09-30T16:31:00+00:00,backend,CWAgent,cpu_usage_steal,cpu=cpu-total,maximum,0.9286618826509255
2026-09-30T16:32:00+00:00,backend,CWAgent,cpu_usage_steal,cpu=cpu-total,maximum,0.623052959501563
2026-09-30T16:33:00+00:00,backend,CWAgent,cpu_usage_steal,cpu=cpu-total,maximum,0.7045840407470438
2026-09-30T16:34:00+00:00,backend,CWAgent,cpu_usage_steal,cpu=cpu-total,maximum,0.5197239499019951
2026-09-30T16:24:00+00:00,backend,CWAgent,net_bytes_sent,interface=docker0,average,0.0
2026-09-30T16:25:00+00:00,backend,CWAgent,net_bytes_sent,interface=docker0,average,0.0
2026-09-30T16:26:00+00:00,backend,CWAgent,net_bytes_sent,interface=docker0,average,0.0
2026-09-30T16:27:00+00:00,backend,CWAgent,net_bytes_sent,interface=docker0,average,0.0
2026-09-30T16:28:00+00:00,backend,CWAgent,net_bytes_sent,interface=docker0,average,0.0
2026-09-30T16:29:00+00:00,backend,CWAgent,net_bytes_sent,interface=docker0,average,0.0
2026-09-30T16:30:00+00:00,backend,CWAgent,net_bytes_sent,interface=docker0,average,0.0
2026-09-30T16:31:00+00:00,backend,CWAgent,net_bytes_sent,interface=docker0,average,0.0
2026-09-30T16:32:00+00:00,backend,CWAgent,net_bytes_sent,interface=docker0,average,0.0
2026-09-30T16:33:00+00:00,backend,CWAgent,net_bytes_sent,interface=docker0,average,0.0
2026-09-30T16:34:00+00:00,backend,CWAgent,net_bytes_sent,interface=docker0,average,0.0
2026-09-30T16:24:00+00:00,backend,CWAgent,net_bytes_sent,interface=docker0,maximum,0.0
2026-09-30T16:25:00+00:00,backend,CWAgent,net_bytes_sent,interface=docker0,maximum,0.0
2026-09-30T16:26:00+00:00,backend,CWAgent,net_bytes_sent,interface=docker0,maximum,0.0
2026-09-30T16:27:00+00:00,backend,CWAgent,net_bytes_sent,interface=docker0,maximum,0.0
2026-09-30T16:28:00+00:00,backend,CWAgent,net_bytes_sent,interface=docker0,maximum,0.0
2026-09-30T16:29:00+00:00,backend,CWAgent,net_bytes_sent,interface=docker0,maximum,0.0
2026-09-30T16:30:00+00:00,backend,CWAgent,net_bytes_sent,interface=docker0,maximum,0.0
2026-09-30T16:31:00+00:00,backend,CWAgent,net_bytes_sent,interface=docker0,maximum,0.0
2026-09-30T16:32:00+00:00,backend,CWAgent,net_bytes_sent,interface=docker0,maximum,0.0
2026-09-30T16:33:00+00:00,backend,CWAgent,net_bytes_sent,interface=docker0,maximum,0.0
2026-09-30T16:34:00+00:00,backend,CWAgent,net_bytes_sent,interface=docker0,maximum,0.0
2026-09-30T16:24:00+00:00,backend,CWAgent,cpu_usage_idle,cpu=cpu-total,average,67.46233282546227
2026-09-30T16:25:00+00:00,backend,CWAgent,cpu_usage_idle,cpu=cpu-total,average,94.07432206226987
2026-09-30T16:26:00+00:00,backend,CWAgent,cpu_usage_idle,cpu=cpu-total,average,95.31302310010018
2026-09-30T16:27:00+00:00,backend,CWAgent,cpu_usage_idle,cpu=cpu-total,average,85.14593321557878
2026-09-30T16:28:00+00:00,backend,CWAgent,cpu_usage_idle,cpu=cpu-total,average,53.09072357792567
2026-09-30T16:29:00+00:00,backend,CWAgent,cpu_usage_idle,cpu=cpu-total,average,29.77604343400165
2026-09-30T16:30:00+00:00,backend,CWAgent,cpu_usage_idle,cpu=cpu-total,average,23.849797023003617
2026-09-30T16:31:00+00:00,backend,CWAgent,cpu_usage_idle,cpu=cpu-total,average,23.86661038412928
2026-09-30T16:32:00+00:00,backend,CWAgent,cpu_usage_idle,cpu=cpu-total,average,23.6675928264702
2026-09-30T16:33:00+00:00,backend,CWAgent,cpu_usage_idle,cpu=cpu-total,average,23.921901528013976
2026-09-30T16:34:00+00:00,backend,CWAgent,cpu_usage_idle,cpu=cpu-total,average,30.552952202436554
2026-09-30T16:24:00+00:00,backend,CWAgent,cpu_usage_idle,cpu=cpu-total,maximum,67.46233282546227
2026-09-30T16:25:00+00:00,backend,CWAgent,cpu_usage_idle,cpu=cpu-total,maximum,94.07432206226987
2026-09-30T16:26:00+00:00,backend,CWAgent,cpu_usage_idle,cpu=cpu-total,maximum,95.31302310010018
2026-09-30T16:27:00+00:00,backend,CWAgent,cpu_usage_idle,cpu=cpu-total,maximum,85.14593321557878
2026-09-30T16:28:00+00:00,backend,CWAgent,cpu_usage_idle,cpu=cpu-total,maximum,53.09072357792567
2026-09-30T16:29:00+00:00,backend,CWAgent,cpu_usage_idle,cpu=cpu-total,maximum,29.77604343400165
2026-09-30T16:30:00+00:00,backend,CWAgent,cpu_usage_idle,cpu=cpu-total,maximum,23.849797023003617
2026-09-30T16:31:00+00:00,backend,CWAgent,cpu_usage_idle,cpu=cpu-total,maximum,23.86661038412928
2026-09-30T16:32:00+00:00,backend,CWAgent,cpu_usage_idle,cpu=cpu-total,maximum,23.6675928264702
2026-09-30T16:33:00+00:00,backend,CWAgent,cpu_usage_idle,cpu=cpu-total,maximum,23.921901528013976
2026-09-30T16:34:00+00:00,backend,CWAgent,cpu_usage_idle,cpu=cpu-total,maximum,30.552952202436554
2026-09-30T16:24:00+00:00,backend,CWAgent,diskio_reads,name=nvme0n1,average,15.0
2026-09-30T16:25:00+00:00,backend,CWAgent,diskio_reads,name=nvme0n1,average,65.0
2026-09-30T16:26:00+00:00,backend,CWAgent,diskio_reads,name=nvme0n1,average,40.0
2026-09-30T16:27:00+00:00,backend,CWAgent,diskio_reads,name=nvme0n1,average,575.0
2026-09-30T16:28:00+00:00,backend,CWAgent,diskio_reads,name=nvme0n1,average,57.0
2026-09-30T16:29:00+00:00,backend,CWAgent,diskio_reads,name=nvme0n1,average,49.0
2026-09-30T16:30:00+00:00,backend,CWAgent,diskio_reads,name=nvme0n1,average,175.0
2026-09-30T16:31:00+00:00,backend,CWAgent,diskio_reads,name=nvme0n1,average,196.0
2026-09-30T16:32:00+00:00,backend,CWAgent,diskio_reads,name=nvme0n1,average,39.0
2026-09-30T16:33:00+00:00,backend,CWAgent,diskio_reads,name=nvme0n1,average,35.0
2026-09-30T16:34:00+00:00,backend,CWAgent,diskio_reads,name=nvme0n1,average,43.0
2026-09-30T16:24:00+00:00,backend,CWAgent,diskio_reads,name=nvme0n1,maximum,15.0
2026-09-30T16:25:00+00:00,backend,CWAgent,diskio_reads,name=nvme0n1,maximum,65.0
2026-09-30T16:26:00+00:00,backend,CWAgent,diskio_reads,name=nvme0n1,maximum,40.0
2026-09-30T16:27:00+00:00,backend,CWAgent,diskio_reads,name=nvme0n1,maximum,575.0
2026-09-30T16:28:00+00:00,backend,CWAgent,diskio_reads,name=nvme0n1,maximum,57.0
2026-09-30T16:29:00+00:00,backend,CWAgent,diskio_reads,name=nvme0n1,maximum,49.0
2026-09-30T16:30:00+00:00,backend,CWAgent,diskio_reads,name=nvme0n1,maximum,175.0
2026-09-30T16:31:00+00:00,backend,CWAgent,diskio_reads,name=nvme0n1,maximum,196.0
2026-09-30T16:32:00+00:00,backend,CWAgent,diskio_reads,name=nvme0n1,maximum,39.0
2026-09-30T16:33:00+00:00,backend,CWAgent,diskio_reads,name=nvme0n1,maximum,35.0
2026-09-30T16:34:00+00:00,backend,CWAgent,diskio_reads,name=nvme0n1,maximum,43.0
2026-09-30T16:24:00+00:00,backend,CWAgent,procstat_cpu_usage,exe=containerd;process_name=containerd,average,0.10000191003981895
2026-09-30T16:25:00+00:00,backend,CWAgent,procstat_cpu_usage,exe=containerd;process_name=containerd,average,0.0666674720530615
2026-09-30T16:26:00+00:00,backend,CWAgent,procstat_cpu_usage,exe=containerd;process_name=containerd,average,0.06666672693227528
2026-09-30T16:27:00+00:00,backend,CWAgent,procstat_cpu_usage,exe=containerd;process_name=containerd,average,0.06666496839215062
2026-09-30T16:28:00+00:00,backend,CWAgent,procstat_cpu_usage,exe=containerd;process_name=containerd,average,0.10000117466879618
2026-09-30T16:29:00+00:00,backend,CWAgent,procstat_cpu_usage,exe=containerd;process_name=containerd,average,0.06666613876640694
2026-09-30T16:30:00+00:00,backend,CWAgent,procstat_cpu_usage,exe=containerd;process_name=containerd,average,0.09999957188849733
2026-09-30T16:31:00+00:00,backend,CWAgent,procstat_cpu_usage,exe=containerd;process_name=containerd,average,0.083332569887551
2026-09-30T16:32:00+00:00,backend,CWAgent,procstat_cpu_usage,exe=containerd;process_name=containerd,average,0.08333625290228419
2026-09-30T16:33:00+00:00,backend,CWAgent,procstat_cpu_usage,exe=containerd;process_name=containerd,average,0.06666500757239963
2026-09-30T16:34:00+00:00,backend,CWAgent,procstat_cpu_usage,exe=containerd;process_name=containerd,average,0.08333497741160313
2026-09-30T16:24:00+00:00,backend,CWAgent,procstat_cpu_usage,exe=containerd;process_name=containerd,maximum,0.10000191003981895
2026-09-30T16:25:00+00:00,backend,CWAgent,procstat_cpu_usage,exe=containerd;process_name=containerd,maximum,0.0666674720530615
2026-09-30T16:26:00+00:00,backend,CWAgent,procstat_cpu_usage,exe=containerd;process_name=containerd,maximum,0.06666672693227528
2026-09-30T16:27:00+00:00,backend,CWAgent,procstat_cpu_usage,exe=containerd;process_name=containerd,maximum,0.06666496839215062
2026-09-30T16:28:00+00:00,backend,CWAgent,procstat_cpu_usage,exe=containerd;process_name=containerd,maximum,0.10000117466879618
2026-09-30T16:29:00+00:00,backend,CWAgent,procstat_cpu_usage,exe=containerd;process_name=containerd,maximum,0.06666613876640694
2026-09-30T16:30:00+00:00,backend,CWAgent,procstat_cpu_usage,exe=containerd;process_name=containerd,maximum,0.09999957188849733
2026-09-30T16:31:00+00:00,backend,CWAgent,procstat_cpu_usage,exe=containerd;process_name=containerd,maximum,0.083332569887551
2026-09-30T16:32:00+00:00,backend,CWAgent,procstat_cpu_usage,exe=containerd;process_name=containerd,maximum,0.08333625290228419
2026-09-30T16:33:00+00:00,backend,CWAgent,procstat_cpu_usage,exe=containerd;process_name=containerd,maximum,0.06666500757239963
2026-09-30T16:34:00+00:00,backend,CWAgent,procstat_cpu_usage,exe=containerd;process_name=containerd,maximum,0.08333497741160313
2026-09-30T16:24:00+00:00,backend,CWAgent,net_bytes_recv,interface=br-dbf96cd2fd10,average,56567928.0
2026-09-30T16:25:00+00:00,backend,CWAgent,net_bytes_recv,interface=br-dbf96cd2fd10,average,1611594.0
2026-09-30T16:26:00+00:00,backend,CWAgent,net_bytes_recv,interface=br-dbf96cd2fd10,average,944.0
2026-09-30T16:27:00+00:00,backend,CWAgent,net_bytes_recv,interface=br-dbf96cd2fd10,average,19997211.0
2026-09-30T16:28:00+00:00,backend,CWAgent,net_bytes_recv,interface=br-dbf96cd2fd10,average,99483466.0
2026-09-30T16:29:00+00:00,backend,CWAgent,net_bytes_recv,interface=br-dbf96cd2fd10,average,161728532.0
2026-09-30T16:30:00+00:00,backend,CWAgent,net_bytes_recv,interface=br-dbf96cd2fd10,average,163697821.0
2026-09-30T16:31:00+00:00,backend,CWAgent,net_bytes_recv,interface=br-dbf96cd2fd10,average,166072027.0
2026-09-30T16:32:00+00:00,backend,CWAgent,net_bytes_recv,interface=br-dbf96cd2fd10,average,166095599.0
2026-09-30T16:33:00+00:00,backend,CWAgent,net_bytes_recv,interface=br-dbf96cd2fd10,average,165790788.0
2026-09-30T16:34:00+00:00,backend,CWAgent,net_bytes_recv,interface=br-dbf96cd2fd10,average,148815873.0
2026-09-30T16:24:00+00:00,backend,CWAgent,net_bytes_recv,interface=br-dbf96cd2fd10,maximum,56567928.0
2026-09-30T16:25:00+00:00,backend,CWAgent,net_bytes_recv,interface=br-dbf96cd2fd10,maximum,1611594.0
2026-09-30T16:26:00+00:00,backend,CWAgent,net_bytes_recv,interface=br-dbf96cd2fd10,maximum,944.0
2026-09-30T16:27:00+00:00,backend,CWAgent,net_bytes_recv,interface=br-dbf96cd2fd10,maximum,19997211.0
2026-09-30T16:28:00+00:00,backend,CWAgent,net_bytes_recv,interface=br-dbf96cd2fd10,maximum,99483466.0
2026-09-30T16:29:00+00:00,backend,CWAgent,net_bytes_recv,interface=br-dbf96cd2fd10,maximum,161728532.0
2026-09-30T16:30:00+00:00,backend,CWAgent,net_bytes_recv,interface=br-dbf96cd2fd10,maximum,163697821.0
2026-09-30T16:31:00+00:00,backend,CWAgent,net_bytes_recv,interface=br-dbf96cd2fd10,maximum,166072027.0
2026-09-30T16:32:00+00:00,backend,CWAgent,net_bytes_recv,interface=br-dbf96cd2fd10,maximum,166095599.0
2026-09-30T16:33:00+00:00,backend,CWAgent,net_bytes_recv,interface=br-dbf96cd2fd10,maximum,165790788.0
2026-09-30T16:34:00+00:00,backend,CWAgent,net_bytes_recv,interface=br-dbf96cd2fd10,maximum,148815873.0
2026-09-30T16:24:00+00:00,backend,CWAgent,net_bytes_sent,interface=vethaa909a3,average,16583414.0
2026-09-30T16:25:00+00:00,backend,CWAgent,net_bytes_sent,interface=vethaa909a3,average,766672.0
2026-09-30T16:26:00+00:00,backend,CWAgent,net_bytes_sent,interface=vethaa909a3,average,678.0
2026-09-30T16:27:00+00:00,backend,CWAgent,net_bytes_sent,interface=vethaa909a3,average,5868281.0
2026-09-30T16:28:00+00:00,backend,CWAgent,net_bytes_sent,interface=vethaa909a3,average,28724568.0
2026-09-30T16:29:00+00:00,backend,CWAgent,net_bytes_sent,interface=vethaa909a3,average,46280338.0
2026-09-30T16:30:00+00:00,backend,CWAgent,net_bytes_sent,interface=vethaa909a3,average,46563538.0
2026-09-30T16:31:00+00:00,backend,CWAgent,net_bytes_sent,interface=vethaa909a3,average,47328305.0
2026-09-30T16:32:00+00:00,backend,CWAgent,net_bytes_sent,interface=vethaa909a3,average,47415389.0
2026-09-30T16:33:00+00:00,backend,CWAgent,net_bytes_sent,interface=vethaa909a3,average,47396576.0
2026-09-30T16:34:00+00:00,backend,CWAgent,net_bytes_sent,interface=vethaa909a3,average,42556592.0
2026-09-30T16:24:00+00:00,backend,CWAgent,net_bytes_sent,interface=vethaa909a3,maximum,16583414.0
2026-09-30T16:25:00+00:00,backend,CWAgent,net_bytes_sent,interface=vethaa909a3,maximum,766672.0
2026-09-30T16:26:00+00:00,backend,CWAgent,net_bytes_sent,interface=vethaa909a3,maximum,678.0
2026-09-30T16:27:00+00:00,backend,CWAgent,net_bytes_sent,interface=vethaa909a3,maximum,5868281.0
2026-09-30T16:28:00+00:00,backend,CWAgent,net_bytes_sent,interface=vethaa909a3,maximum,28724568.0
2026-09-30T16:29:00+00:00,backend,CWAgent,net_bytes_sent,interface=vethaa909a3,maximum,46280338.0
2026-09-30T16:30:00+00:00,backend,CWAgent,net_bytes_sent,interface=vethaa909a3,maximum,46563538.0
2026-09-30T16:31:00+00:00,backend,CWAgent,net_bytes_sent,interface=vethaa909a3,maximum,47328305.0
2026-09-30T16:32:00+00:00,backend,CWAgent,net_bytes_sent,interface=vethaa909a3,maximum,47415389.0
2026-09-30T16:33:00+00:00,backend,CWAgent,net_bytes_sent,interface=vethaa909a3,maximum,47396576.0
2026-09-30T16:34:00+00:00,backend,CWAgent,net_bytes_sent,interface=vethaa909a3,maximum,42556592.0
2026-09-30T16:24:00+00:00,backend,CWAgent,procstat_cpu_usage,exe=redis-server;process_name=redis-server,average,5.383457258186616
2026-09-30T16:25:00+00:00,backend,CWAgent,procstat_cpu_usage,exe=redis-server;process_name=redis-server,average,0.6166644453796756
2026-09-30T16:26:00+00:00,backend,CWAgent,procstat_cpu_usage,exe=redis-server;process_name=redis-server,average,0.4499990959067861
2026-09-30T16:27:00+00:00,backend,CWAgent,procstat_cpu_usage,exe=redis-server;process_name=redis-server,average,2.283278628184579
2026-09-30T16:28:00+00:00,backend,CWAgent,procstat_cpu_usage,exe=redis-server;process_name=redis-server,average,8.283474566160558
2026-09-30T16:29:00+00:00,backend,CWAgent,procstat_cpu_usage,exe=redis-server;process_name=redis-server,average,12.366173810954438
2026-09-30T16:30:00+00:00,backend,CWAgent,procstat_cpu_usage,exe=redis-server;process_name=redis-server,average,12.933754478366707
2026-09-30T16:31:00+00:00,backend,CWAgent,procstat_cpu_usage,exe=redis-server;process_name=redis-server,average,12.93320829033339
2026-09-30T16:32:00+00:00,backend,CWAgent,procstat_cpu_usage,exe=redis-server;process_name=redis-server,average,12.933591609397604
2026-09-30T16:33:00+00:00,backend,CWAgent,procstat_cpu_usage,exe=redis-server;process_name=redis-server,average,13.066467936577938
2026-09-30T16:34:00+00:00,backend,CWAgent,procstat_cpu_usage,exe=redis-server;process_name=redis-server,average,11.850116569399404
2026-09-30T16:24:00+00:00,backend,CWAgent,procstat_cpu_usage,exe=redis-server;process_name=redis-server,maximum,5.383457258186616
2026-09-30T16:25:00+00:00,backend,CWAgent,procstat_cpu_usage,exe=redis-server;process_name=redis-server,maximum,0.6166644453796756
2026-09-30T16:26:00+00:00,backend,CWAgent,procstat_cpu_usage,exe=redis-server;process_name=redis-server,maximum,0.4499990959067861
2026-09-30T16:27:00+00:00,backend,CWAgent,procstat_cpu_usage,exe=redis-server;process_name=redis-server,maximum,2.283278628184579
2026-09-30T16:28:00+00:00,backend,CWAgent,procstat_cpu_usage,exe=redis-server;process_name=redis-server,maximum,8.283474566160558
2026-09-30T16:29:00+00:00,backend,CWAgent,procstat_cpu_usage,exe=redis-server;process_name=redis-server,maximum,12.366173810954438
2026-09-30T16:30:00+00:00,backend,CWAgent,procstat_cpu_usage,exe=redis-server;process_name=redis-server,maximum,12.933754478366707
2026-09-30T16:31:00+00:00,backend,CWAgent,procstat_cpu_usage,exe=redis-server;process_name=redis-server,maximum,12.93320829033339
2026-09-30T16:32:00+00:00,backend,CWAgent,procstat_cpu_usage,exe=redis-server;process_name=redis-server,maximum,12.933591609397604
2026-09-30T16:33:00+00:00,backend,CWAgent,procstat_cpu_usage,exe=redis-server;process_name=redis-server,maximum,13.066467936577938
2026-09-30T16:34:00+00:00,backend,CWAgent,procstat_cpu_usage,exe=redis-server;process_name=redis-server,maximum,11.850116569399404
2026-09-30T16:24:00+00:00,backend,CWAgent,procstat_cpu_usage,exe=java;process_name=java,average,46.69116619201378
2026-09-30T16:25:00+00:00,backend,CWAgent,procstat_cpu_usage,exe=java;process_name=java,average,1.7667261508940078
2026-09-30T16:26:00+00:00,backend,CWAgent,procstat_cpu_usage,exe=java;process_name=java,average,0.24999972383303207
2026-09-30T16:27:00+00:00,backend,CWAgent,procstat_cpu_usage,exe=java;process_name=java,average,16.74923449605759
2026-09-30T16:28:00+00:00,backend,CWAgent,procstat_cpu_usage,exe=java;process_name=java,average,71.64839728267114
2026-09-30T16:29:00+00:00,backend,CWAgent,procstat_cpu_usage,exe=java;process_name=java,average,113.24471543182177
2026-09-30T16:30:00+00:00,backend,CWAgent,procstat_cpu_usage,exe=java;process_name=java,average,123.80951223530082
2026-09-30T16:31:00+00:00,backend,CWAgent,procstat_cpu_usage,exe=java;process_name=java,average,124.18769585873788
2026-09-30T16:32:00+00:00,backend,CWAgent,procstat_cpu_usage,exe=java;process_name=java,average,124.53839475635297
2026-09-30T16:33:00+00:00,backend,CWAgent,procstat_cpu_usage,exe=java;process_name=java,average,124.48574793359104
2026-09-30T16:34:00+00:00,backend,CWAgent,procstat_cpu_usage,exe=java;process_name=java,average,112.30520046667034
2026-09-30T16:24:00+00:00,backend,CWAgent,procstat_cpu_usage,exe=java;process_name=java,maximum,46.69116619201378
2026-09-30T16:25:00+00:00,backend,CWAgent,procstat_cpu_usage,exe=java;process_name=java,maximum,1.7667261508940078
2026-09-30T16:26:00+00:00,backend,CWAgent,procstat_cpu_usage,exe=java;process_name=java,maximum,0.24999972383303207
2026-09-30T16:27:00+00:00,backend,CWAgent,procstat_cpu_usage,exe=java;process_name=java,maximum,16.74923449605759
2026-09-30T16:28:00+00:00,backend,CWAgent,procstat_cpu_usage,exe=java;process_name=java,maximum,71.64839728267114
2026-09-30T16:29:00+00:00,backend,CWAgent,procstat_cpu_usage,exe=java;process_name=java,maximum,113.24471543182177
2026-09-30T16:30:00+00:00,backend,CWAgent,procstat_cpu_usage,exe=java;process_name=java,maximum,123.80951223530082
2026-09-30T16:31:00+00:00,backend,CWAgent,procstat_cpu_usage,exe=java;process_name=java,maximum,124.18769585873788
2026-09-30T16:32:00+00:00,backend,CWAgent,procstat_cpu_usage,exe=java;process_name=java,maximum,124.53839475635297
2026-09-30T16:33:00+00:00,backend,CWAgent,procstat_cpu_usage,exe=java;process_name=java,maximum,124.48574793359104
2026-09-30T16:34:00+00:00,backend,CWAgent,procstat_cpu_usage,exe=java;process_name=java,maximum,112.30520046667034
2026-09-30T16:24:00+00:00,backend,CWAgent,net_bytes_recv,interface=veth342b8e3,average,1328864.0
2026-09-30T16:25:00+00:00,backend,CWAgent,net_bytes_recv,interface=veth342b8e3,average,33110.0
2026-09-30T16:26:00+00:00,backend,CWAgent,net_bytes_recv,interface=veth342b8e3,average,0.0
2026-09-30T16:27:00+00:00,backend,CWAgent,net_bytes_recv,interface=veth342b8e3,average,481918.0
2026-09-30T16:28:00+00:00,backend,CWAgent,net_bytes_recv,interface=veth342b8e3,average,2357772.0
2026-09-30T16:29:00+00:00,backend,CWAgent,net_bytes_recv,interface=veth342b8e3,average,3647082.0
2026-09-30T16:30:00+00:00,backend,CWAgent,net_bytes_recv,interface=veth342b8e3,average,3583442.0
2026-09-30T16:31:00+00:00,backend,CWAgent,net_bytes_recv,interface=veth342b8e3,average,3653898.0
2026-09-30T16:32:00+00:00,backend,CWAgent,net_bytes_recv,interface=veth342b8e3,average,3683112.0
2026-09-30T16:33:00+00:00,backend,CWAgent,net_bytes_recv,interface=veth342b8e3,average,3701918.0
2026-09-30T16:34:00+00:00,backend,CWAgent,net_bytes_recv,interface=veth342b8e3,average,3382330.0
2026-09-30T16:24:00+00:00,backend,CWAgent,net_bytes_recv,interface=veth342b8e3,maximum,1328864.0
2026-09-30T16:25:00+00:00,backend,CWAgent,net_bytes_recv,interface=veth342b8e3,maximum,33110.0
2026-09-30T16:26:00+00:00,backend,CWAgent,net_bytes_recv,interface=veth342b8e3,maximum,0.0
2026-09-30T16:27:00+00:00,backend,CWAgent,net_bytes_recv,interface=veth342b8e3,maximum,481918.0
2026-09-30T16:28:00+00:00,backend,CWAgent,net_bytes_recv,interface=veth342b8e3,maximum,2357772.0
2026-09-30T16:29:00+00:00,backend,CWAgent,net_bytes_recv,interface=veth342b8e3,maximum,3647082.0
2026-09-30T16:30:00+00:00,backend,CWAgent,net_bytes_recv,interface=veth342b8e3,maximum,3583442.0
2026-09-30T16:31:00+00:00,backend,CWAgent,net_bytes_recv,interface=veth342b8e3,maximum,3653898.0
2026-09-30T16:32:00+00:00,backend,CWAgent,net_bytes_recv,interface=veth342b8e3,maximum,3683112.0
2026-09-30T16:33:00+00:00,backend,CWAgent,net_bytes_recv,interface=veth342b8e3,maximum,3701918.0
2026-09-30T16:34:00+00:00,backend,CWAgent,net_bytes_recv,interface=veth342b8e3,maximum,3382330.0
2026-09-30T16:24:00+00:00,backend,CWAgent,procstat_cpu_usage,exe=containerd;process_name=containerd-shim-runc-v2,average,0.04166853386630942
2026-09-30T16:25:00+00:00,backend,CWAgent,procstat_cpu_usage,exe=containerd;process_name=containerd-shim-runc-v2,average,0.03333378685672601
2026-09-30T16:26:00+00:00,backend,CWAgent,procstat_cpu_usage,exe=containerd;process_name=containerd-shim-runc-v2,average,0.041666595106938806
2026-09-30T16:27:00+00:00,backend,CWAgent,procstat_cpu_usage,exe=containerd;process_name=containerd-shim-runc-v2,average,0.0499988523088621
2026-09-30T16:28:00+00:00,backend,CWAgent,procstat_cpu_usage,exe=containerd;process_name=containerd-shim-runc-v2,average,0.025000341563416767
2026-09-30T16:29:00+00:00,backend,CWAgent,procstat_cpu_usage,exe=containerd;process_name=containerd-shim-runc-v2,average,0.0583312549815356
2026-09-30T16:30:00+00:00,backend,CWAgent,procstat_cpu_usage,exe=containerd;process_name=containerd-shim-runc-v2,average,0.041667304150912396
2026-09-30T16:31:00+00:00,backend,CWAgent,procstat_cpu_usage,exe=containerd;process_name=containerd-shim-runc-v2,average,0.04999883686872446
2026-09-30T16:32:00+00:00,backend,CWAgent,procstat_cpu_usage,exe=containerd;process_name=containerd-shim-runc-v2,average,0.050003034765391974
2026-09-30T16:33:00+00:00,backend,CWAgent,procstat_cpu_usage,exe=containerd;process_name=containerd-shim-runc-v2,average,0.033332537356229354
2026-09-30T16:34:00+00:00,backend,CWAgent,procstat_cpu_usage,exe=containerd;process_name=containerd-shim-runc-v2,average,0.05833301570876017
2026-09-30T16:24:00+00:00,backend,CWAgent,procstat_cpu_usage,exe=containerd;process_name=containerd-shim-runc-v2,maximum,0.08333706773261884
2026-09-30T16:25:00+00:00,backend,CWAgent,procstat_cpu_usage,exe=containerd;process_name=containerd-shim-runc-v2,maximum,0.06666757371345201
2026-09-30T16:26:00+00:00,backend,CWAgent,procstat_cpu_usage,exe=containerd;process_name=containerd-shim-runc-v2,maximum,0.04999999152500037
2026-09-30T16:27:00+00:00,backend,CWAgent,procstat_cpu_usage,exe=containerd;process_name=containerd-shim-runc-v2,maximum,0.08333139866713965
2026-09-30T16:28:00+00:00,backend,CWAgent,procstat_cpu_usage,exe=containerd;process_name=containerd-shim-runc-v2,maximum,0.050000683126833534
2026-09-30T16:29:00+00:00,backend,CWAgent,procstat_cpu_usage,exe=containerd;process_name=containerd-shim-runc-v2,maximum,0.09999656123492112
2026-09-30T16:30:00+00:00,backend,CWAgent,procstat_cpu_usage,exe=containerd;process_name=containerd-shim-runc-v2,maximum,0.06666775729784191
2026-09-30T16:31:00+00:00,backend,CWAgent,procstat_cpu_usage,exe=containerd;process_name=containerd-shim-runc-v2,maximum,0.09999767373744892
2026-09-30T16:32:00+00:00,backend,CWAgent,procstat_cpu_usage,exe=containerd;process_name=containerd-shim-runc-v2,maximum,0.06666994843376574
2026-09-30T16:33:00+00:00,backend,CWAgent,procstat_cpu_usage,exe=containerd;process_name=containerd-shim-runc-v2,maximum,0.06666507471245871
2026-09-30T16:34:00+00:00,backend,CWAgent,procstat_cpu_usage,exe=containerd;process_name=containerd-shim-runc-v2,maximum,0.08333320095993367
2026-09-30T16:24:00+00:00,backend,CWAgent,net_bytes_sent,interface=veth342b8e3,average,6473536.0
2026-09-30T16:25:00+00:00,backend,CWAgent,net_bytes_sent,interface=veth342b8e3,average,163055.0
2026-09-30T16:26:00+00:00,backend,CWAgent,net_bytes_sent,interface=veth342b8e3,average,0.0
2026-09-30T16:27:00+00:00,backend,CWAgent,net_bytes_sent,interface=veth342b8e3,average,2284681.0
2026-09-30T16:28:00+00:00,backend,CWAgent,net_bytes_sent,interface=veth342b8e3,average,11576841.0
2026-09-30T16:29:00+00:00,backend,CWAgent,net_bytes_sent,interface=veth342b8e3,average,18890001.0
2026-09-30T16:30:00+00:00,backend,CWAgent,net_bytes_sent,interface=veth342b8e3,average,19097485.0
2026-09-30T16:31:00+00:00,backend,CWAgent,net_bytes_sent,interface=veth342b8e3,average,19394908.0
2026-09-30T16:32:00+00:00,backend,CWAgent,net_bytes_sent,interface=veth342b8e3,average,19423501.0
2026-09-30T16:33:00+00:00,backend,CWAgent,net_bytes_sent,interface=veth342b8e3,average,19382678.0
2026-09-30T16:34:00+00:00,backend,CWAgent,net_bytes_sent,interface=veth342b8e3,average,17367737.0
2026-09-30T16:24:00+00:00,backend,CWAgent,net_bytes_sent,interface=veth342b8e3,maximum,6473536.0
2026-09-30T16:25:00+00:00,backend,CWAgent,net_bytes_sent,interface=veth342b8e3,maximum,163055.0
2026-09-30T16:26:00+00:00,backend,CWAgent,net_bytes_sent,interface=veth342b8e3,maximum,0.0
2026-09-30T16:27:00+00:00,backend,CWAgent,net_bytes_sent,interface=veth342b8e3,maximum,2284681.0
2026-09-30T16:28:00+00:00,backend,CWAgent,net_bytes_sent,interface=veth342b8e3,maximum,11576841.0
2026-09-30T16:29:00+00:00,backend,CWAgent,net_bytes_sent,interface=veth342b8e3,maximum,18890001.0
2026-09-30T16:30:00+00:00,backend,CWAgent,net_bytes_sent,interface=veth342b8e3,maximum,19097485.0
2026-09-30T16:31:00+00:00,backend,CWAgent,net_bytes_sent,interface=veth342b8e3,maximum,19394908.0
2026-09-30T16:32:00+00:00,backend,CWAgent,net_bytes_sent,interface=veth342b8e3,maximum,19423501.0
2026-09-30T16:33:00+00:00,backend,CWAgent,net_bytes_sent,interface=veth342b8e3,maximum,19382678.0
2026-09-30T16:34:00+00:00,backend,CWAgent,net_bytes_sent,interface=veth342b8e3,maximum,17367737.0
2026-09-30T16:24:00+00:00,backend,CWAgent,net_bytes_recv,interface=vethaa909a3,average,64948278.0
2026-09-30T16:25:00+00:00,backend,CWAgent,net_bytes_recv,interface=vethaa909a3,average,1885669.0
2026-09-30T16:26:00+00:00,backend,CWAgent,net_bytes_recv,interface=vethaa909a3,average,1140.0
2026-09-30T16:27:00+00:00,backend,CWAgent,net_bytes_recv,interface=vethaa909a3,average,22944974.0
2026-09-30T16:28:00+00:00,backend,CWAgent,net_bytes_recv,interface=vethaa909a3,average,114124641.0
2026-09-30T16:29:00+00:00,backend,CWAgent,net_bytes_recv,interface=vethaa909a3,average,185519541.0
2026-09-30T16:30:00+00:00,backend,CWAgent,net_bytes_recv,interface=vethaa909a3,average,187825198.0
2026-09-30T16:31:00+00:00,backend,CWAgent,net_bytes_recv,interface=vethaa909a3,average,190500509.0
2026-09-30T16:32:00+00:00,backend,CWAgent,net_bytes_recv,interface=vethaa909a3,average,190518360.0
2026-09-30T16:33:00+00:00,backend,CWAgent,net_bytes_recv,interface=vethaa909a3,average,190149584.0
2026-09-30T16:34:00+00:00,backend,CWAgent,net_bytes_recv,interface=vethaa909a3,average,170667824.0
2026-09-30T16:24:00+00:00,backend,CWAgent,net_bytes_recv,interface=vethaa909a3,maximum,64948278.0
2026-09-30T16:25:00+00:00,backend,CWAgent,net_bytes_recv,interface=vethaa909a3,maximum,1885669.0
2026-09-30T16:26:00+00:00,backend,CWAgent,net_bytes_recv,interface=vethaa909a3,maximum,1140.0
2026-09-30T16:27:00+00:00,backend,CWAgent,net_bytes_recv,interface=vethaa909a3,maximum,22944974.0
2026-09-30T16:28:00+00:00,backend,CWAgent,net_bytes_recv,interface=vethaa909a3,maximum,114124641.0
2026-09-30T16:29:00+00:00,backend,CWAgent,net_bytes_recv,interface=vethaa909a3,maximum,185519541.0
2026-09-30T16:30:00+00:00,backend,CWAgent,net_bytes_recv,interface=vethaa909a3,maximum,187825198.0
2026-09-30T16:31:00+00:00,backend,CWAgent,net_bytes_recv,interface=vethaa909a3,maximum,190500509.0
2026-09-30T16:32:00+00:00,backend,CWAgent,net_bytes_recv,interface=vethaa909a3,maximum,190518360.0
2026-09-30T16:33:00+00:00,backend,CWAgent,net_bytes_recv,interface=vethaa909a3,maximum,190149584.0
2026-09-30T16:34:00+00:00,backend,CWAgent,net_bytes_recv,interface=vethaa909a3,maximum,170667824.0
2026-09-30T16:24:00+00:00,backend,CWAgent,net_bytes_sent,interface=br-dbf96cd2fd10,average,15254550.0
2026-09-30T16:25:00+00:00,backend,CWAgent,net_bytes_sent,interface=br-dbf96cd2fd10,average,733562.0
2026-09-30T16:26:00+00:00,backend,CWAgent,net_bytes_sent,interface=br-dbf96cd2fd10,average,678.0
2026-09-30T16:27:00+00:00,backend,CWAgent,net_bytes_sent,interface=br-dbf96cd2fd10,average,5386363.0
2026-09-30T16:28:00+00:00,backend,CWAgent,net_bytes_sent,interface=br-dbf96cd2fd10,average,26366796.0
2026-09-30T16:29:00+00:00,backend,CWAgent,net_bytes_sent,interface=br-dbf96cd2fd10,average,42633256.0
2026-09-30T16:30:00+00:00,backend,CWAgent,net_bytes_sent,interface=br-dbf96cd2fd10,average,42980096.0
2026-09-30T16:31:00+00:00,backend,CWAgent,net_bytes_sent,interface=br-dbf96cd2fd10,average,43674407.0
2026-09-30T16:32:00+00:00,backend,CWAgent,net_bytes_sent,interface=br-dbf96cd2fd10,average,43732277.0
2026-09-30T16:33:00+00:00,backend,CWAgent,net_bytes_sent,interface=br-dbf96cd2fd10,average,43694658.0
2026-09-30T16:34:00+00:00,backend,CWAgent,net_bytes_sent,interface=br-dbf96cd2fd10,average,39174262.0
2026-09-30T16:24:00+00:00,backend,CWAgent,net_bytes_sent,interface=br-dbf96cd2fd10,maximum,15254550.0
2026-09-30T16:25:00+00:00,backend,CWAgent,net_bytes_sent,interface=br-dbf96cd2fd10,maximum,733562.0
2026-09-30T16:26:00+00:00,backend,CWAgent,net_bytes_sent,interface=br-dbf96cd2fd10,maximum,678.0
2026-09-30T16:27:00+00:00,backend,CWAgent,net_bytes_sent,interface=br-dbf96cd2fd10,maximum,5386363.0
2026-09-30T16:28:00+00:00,backend,CWAgent,net_bytes_sent,interface=br-dbf96cd2fd10,maximum,26366796.0
2026-09-30T16:29:00+00:00,backend,CWAgent,net_bytes_sent,interface=br-dbf96cd2fd10,maximum,42633256.0
2026-09-30T16:30:00+00:00,backend,CWAgent,net_bytes_sent,interface=br-dbf96cd2fd10,maximum,42980096.0
2026-09-30T16:31:00+00:00,backend,CWAgent,net_bytes_sent,interface=br-dbf96cd2fd10,maximum,43674407.0
2026-09-30T16:32:00+00:00,backend,CWAgent,net_bytes_sent,interface=br-dbf96cd2fd10,maximum,43732277.0
2026-09-30T16:33:00+00:00,backend,CWAgent,net_bytes_sent,interface=br-dbf96cd2fd10,maximum,43694658.0
2026-09-30T16:34:00+00:00,backend,CWAgent,net_bytes_sent,interface=br-dbf96cd2fd10,maximum,39174262.0
2026-09-30T16:24:00+00:00,backend,CWAgent,procstat_memory_rss,exe=containerd;process_name=containerd-shim-runc-v2,average,8562688.0
2026-09-30T16:25:00+00:00,backend,CWAgent,procstat_memory_rss,exe=containerd;process_name=containerd-shim-runc-v2,average,8515584.0
2026-09-30T16:26:00+00:00,backend,CWAgent,procstat_memory_rss,exe=containerd;process_name=containerd-shim-runc-v2,average,8562688.0
2026-09-30T16:27:00+00:00,backend,CWAgent,procstat_memory_rss,exe=containerd;process_name=containerd-shim-runc-v2,average,8648704.0
2026-09-30T16:28:00+00:00,backend,CWAgent,procstat_memory_rss,exe=containerd;process_name=containerd-shim-runc-v2,average,8642560.0
2026-09-30T16:29:00+00:00,backend,CWAgent,procstat_memory_rss,exe=containerd;process_name=containerd-shim-runc-v2,average,8486912.0
2026-09-30T16:30:00+00:00,backend,CWAgent,procstat_memory_rss,exe=containerd;process_name=containerd-shim-runc-v2,average,8462336.0
2026-09-30T16:31:00+00:00,backend,CWAgent,procstat_memory_rss,exe=containerd;process_name=containerd-shim-runc-v2,average,8429568.0
2026-09-30T16:32:00+00:00,backend,CWAgent,procstat_memory_rss,exe=containerd;process_name=containerd-shim-runc-v2,average,8501248.0
2026-09-30T16:33:00+00:00,backend,CWAgent,procstat_memory_rss,exe=containerd;process_name=containerd-shim-runc-v2,average,8445952.0
2026-09-30T16:34:00+00:00,backend,CWAgent,procstat_memory_rss,exe=containerd;process_name=containerd-shim-runc-v2,average,8476672.0
2026-09-30T16:24:00+00:00,backend,CWAgent,procstat_memory_rss,exe=containerd;process_name=containerd-shim-runc-v2,maximum,8585216.0
2026-09-30T16:25:00+00:00,backend,CWAgent,procstat_memory_rss,exe=containerd;process_name=containerd-shim-runc-v2,maximum,8564736.0
2026-09-30T16:26:00+00:00,backend,CWAgent,procstat_memory_rss,exe=containerd;process_name=containerd-shim-runc-v2,maximum,8658944.0
2026-09-30T16:27:00+00:00,backend,CWAgent,procstat_memory_rss,exe=containerd;process_name=containerd-shim-runc-v2,maximum,8830976.0
2026-09-30T16:28:00+00:00,backend,CWAgent,procstat_memory_rss,exe=containerd;process_name=containerd-shim-runc-v2,maximum,8818688.0
2026-09-30T16:29:00+00:00,backend,CWAgent,procstat_memory_rss,exe=containerd;process_name=containerd-shim-runc-v2,maximum,8515584.0
2026-09-30T16:30:00+00:00,backend,CWAgent,procstat_memory_rss,exe=containerd;process_name=containerd-shim-runc-v2,maximum,8466432.0
2026-09-30T16:31:00+00:00,backend,CWAgent,procstat_memory_rss,exe=containerd;process_name=containerd-shim-runc-v2,maximum,8458240.0
2026-09-30T16:32:00+00:00,backend,CWAgent,procstat_memory_rss,exe=containerd;process_name=containerd-shim-runc-v2,maximum,8540160.0
2026-09-30T16:33:00+00:00,backend,CWAgent,procstat_memory_rss,exe=containerd;process_name=containerd-shim-runc-v2,maximum,8462336.0
2026-09-30T16:34:00+00:00,backend,CWAgent,procstat_memory_rss,exe=containerd;process_name=containerd-shim-runc-v2,maximum,8486912.0
2026-09-30T16:24:00+00:00,backend,CWAgent,procstat_memory_rss,exe=redis-server;process_name=redis-server,average,4739072.0
2026-09-30T16:25:00+00:00,backend,CWAgent,procstat_memory_rss,exe=redis-server;process_name=redis-server,average,4739072.0
2026-09-30T16:26:00+00:00,backend,CWAgent,procstat_memory_rss,exe=redis-server;process_name=redis-server,average,4739072.0
2026-09-30T16:27:00+00:00,backend,CWAgent,procstat_memory_rss,exe=redis-server;process_name=redis-server,average,4739072.0
2026-09-30T16:28:00+00:00,backend,CWAgent,procstat_memory_rss,exe=redis-server;process_name=redis-server,average,4763648.0
2026-09-30T16:29:00+00:00,backend,CWAgent,procstat_memory_rss,exe=redis-server;process_name=redis-server,average,4759552.0
2026-09-30T16:30:00+00:00,backend,CWAgent,procstat_memory_rss,exe=redis-server;process_name=redis-server,average,4792320.0
2026-09-30T16:31:00+00:00,backend,CWAgent,procstat_memory_rss,exe=redis-server;process_name=redis-server,average,4763648.0
2026-09-30T16:32:00+00:00,backend,CWAgent,procstat_memory_rss,exe=redis-server;process_name=redis-server,average,4763648.0
2026-09-30T16:33:00+00:00,backend,CWAgent,procstat_memory_rss,exe=redis-server;process_name=redis-server,average,4759552.0
2026-09-30T16:34:00+00:00,backend,CWAgent,procstat_memory_rss,exe=redis-server;process_name=redis-server,average,4755456.0
2026-09-30T16:24:00+00:00,backend,CWAgent,procstat_memory_rss,exe=redis-server;process_name=redis-server,maximum,4739072.0
2026-09-30T16:25:00+00:00,backend,CWAgent,procstat_memory_rss,exe=redis-server;process_name=redis-server,maximum,4739072.0
2026-09-30T16:26:00+00:00,backend,CWAgent,procstat_memory_rss,exe=redis-server;process_name=redis-server,maximum,4739072.0
2026-09-30T16:27:00+00:00,backend,CWAgent,procstat_memory_rss,exe=redis-server;process_name=redis-server,maximum,4739072.0
2026-09-30T16:28:00+00:00,backend,CWAgent,procstat_memory_rss,exe=redis-server;process_name=redis-server,maximum,4763648.0
2026-09-30T16:29:00+00:00,backend,CWAgent,procstat_memory_rss,exe=redis-server;process_name=redis-server,maximum,4759552.0
2026-09-30T16:30:00+00:00,backend,CWAgent,procstat_memory_rss,exe=redis-server;process_name=redis-server,maximum,4792320.0
2026-09-30T16:31:00+00:00,backend,CWAgent,procstat_memory_rss,exe=redis-server;process_name=redis-server,maximum,4763648.0
2026-09-30T16:32:00+00:00,backend,CWAgent,procstat_memory_rss,exe=redis-server;process_name=redis-server,maximum,4763648.0
2026-09-30T16:33:00+00:00,backend,CWAgent,procstat_memory_rss,exe=redis-server;process_name=redis-server,maximum,4759552.0
2026-09-30T16:34:00+00:00,backend,CWAgent,procstat_memory_rss,exe=redis-server;process_name=redis-server,maximum,4755456.0
2026-09-30T16:25:00+00:00,backend,AWS/EC2,CPUCreditBalance,,average,0.0
2026-09-30T16:30:00+00:00,backend,AWS/EC2,CPUCreditBalance,,average,0.0
2026-09-30T16:35:00+00:00,backend,AWS/EC2,CPUCreditBalance,,average,0.0
2026-09-30T16:25:00+00:00,backend,AWS/EC2,CPUCreditBalance,,maximum,0.0
2026-09-30T16:30:00+00:00,backend,AWS/EC2,CPUCreditBalance,,maximum,0.0
2026-09-30T16:35:00+00:00,backend,AWS/EC2,CPUCreditBalance,,maximum,0.0
2026-09-30T16:25:00+00:00,backend,AWS/EC2,CPUSurplusCreditBalance,,average,78.33818125
2026-09-30T16:30:00+00:00,backend,AWS/EC2,CPUSurplusCreditBalance,,average,82.18872936666666
2026-09-30T16:35:00+00:00,backend,AWS/EC2,CPUSurplusCreditBalance,,average,87.72628285
2026-09-30T16:25:00+00:00,backend,AWS/EC2,CPUSurplusCreditBalance,,maximum,78.33818125
2026-09-30T16:30:00+00:00,backend,AWS/EC2,CPUSurplusCreditBalance,,maximum,82.18872936666666
2026-09-30T16:35:00+00:00,backend,AWS/EC2,CPUSurplusCreditBalance,,maximum,87.72628285
2026-09-30T16:25:00+00:00,backend,AWS/EC2,CPUSurplusCreditsCharged,,average,0.0
2026-09-30T16:30:00+00:00,backend,AWS/EC2,CPUSurplusCreditsCharged,,average,0.0
2026-09-30T16:35:00+00:00,backend,AWS/EC2,CPUSurplusCreditsCharged,,average,0.0
2026-09-30T16:25:00+00:00,backend,AWS/EC2,CPUSurplusCreditsCharged,,maximum,0.0
2026-09-30T16:30:00+00:00,backend,AWS/EC2,CPUSurplusCreditsCharged,,maximum,0.0
2026-09-30T16:35:00+00:00,backend,AWS/EC2,CPUSurplusCreditsCharged,,maximum,0.0
2026-09-30T16:25:00+00:00,backend,AWS/EC2,CPUCreditUsage,,average,4.676391316666667
2026-09-30T16:30:00+00:00,backend,AWS/EC2,CPUCreditUsage,,average,4.85101145
2026-09-30T16:35:00+00:00,backend,AWS/EC2,CPUCreditUsage,,average,6.537726816666667
2026-09-30T16:25:00+00:00,backend,AWS/EC2,CPUCreditUsage,,maximum,4.676391316666667
2026-09-30T16:30:00+00:00,backend,AWS/EC2,CPUCreditUsage,,maximum,4.85101145
2026-09-30T16:35:00+00:00,backend,AWS/EC2,CPUCreditUsage,,maximum,6.537726816666667
2026-09-30T16:24:00+00:00,backend,AWS/EC2,NetworkOut,,average,31624742.0
2026-09-30T16:25:00+00:00,backend,AWS/EC2,NetworkOut,,average,73751.0
2026-09-30T16:26:00+00:00,backend,AWS/EC2,NetworkOut,,average,340027.0
2026-09-30T16:27:00+00:00,backend,AWS/EC2,NetworkOut,,average,47179824.0
2026-09-30T16:28:00+00:00,backend,AWS/EC2,NetworkOut,,average,136074053.0
2026-09-30T16:29:00+00:00,backend,AWS/EC2,NetworkOut,,average,176809784.0
2026-09-30T16:30:00+00:00,backend,AWS/EC2,NetworkOut,,average,172938223.0
2026-09-30T16:31:00+00:00,backend,AWS/EC2,NetworkOut,,average,173456798.0
2026-09-30T16:32:00+00:00,backend,AWS/EC2,NetworkOut,,average,174162596.0
2026-09-30T16:33:00+00:00,backend,AWS/EC2,NetworkOut,,average,177156984.0
2026-09-30T16:34:00+00:00,backend,AWS/EC2,NetworkOut,,average,129830995.0
2026-09-30T16:35:00+00:00,backend,AWS/EC2,NetworkOut,,average,44754458.0
2026-09-30T16:24:00+00:00,backend,AWS/EC2,NetworkOut,,maximum,31624742.0
2026-09-30T16:25:00+00:00,backend,AWS/EC2,NetworkOut,,maximum,73751.0
2026-09-30T16:26:00+00:00,backend,AWS/EC2,NetworkOut,,maximum,340027.0
2026-09-30T16:27:00+00:00,backend,AWS/EC2,NetworkOut,,maximum,47179824.0
2026-09-30T16:28:00+00:00,backend,AWS/EC2,NetworkOut,,maximum,136074053.0
2026-09-30T16:29:00+00:00,backend,AWS/EC2,NetworkOut,,maximum,176809784.0
2026-09-30T16:30:00+00:00,backend,AWS/EC2,NetworkOut,,maximum,172938223.0
2026-09-30T16:31:00+00:00,backend,AWS/EC2,NetworkOut,,maximum,173456798.0
2026-09-30T16:32:00+00:00,backend,AWS/EC2,NetworkOut,,maximum,174162596.0
2026-09-30T16:33:00+00:00,backend,AWS/EC2,NetworkOut,,maximum,177156984.0
2026-09-30T16:34:00+00:00,backend,AWS/EC2,NetworkOut,,maximum,129830995.0
2026-09-30T16:35:00+00:00,backend,AWS/EC2,NetworkOut,,maximum,44754458.0
2026-09-30T16:24:00+00:00,backend,AWS/EC2,NetworkIn,,average,8419603.0
2026-09-30T16:25:00+00:00,backend,AWS/EC2,NetworkIn,,average,17146.0
2026-09-30T16:26:00+00:00,backend,AWS/EC2,NetworkIn,,average,337663.0
2026-09-30T16:27:00+00:00,backend,AWS/EC2,NetworkIn,,average,11962806.0
2026-09-30T16:28:00+00:00,backend,AWS/EC2,NetworkIn,,average,34153303.0
2026-09-30T16:29:00+00:00,backend,AWS/EC2,NetworkIn,,average,44184546.0
2026-09-30T16:30:00+00:00,backend,AWS/EC2,NetworkIn,,average,43059519.0
2026-09-30T16:31:00+00:00,backend,AWS/EC2,NetworkIn,,average,43357055.0
2026-09-30T16:32:00+00:00,backend,AWS/EC2,NetworkIn,,average,43538611.0
2026-09-30T16:33:00+00:00,backend,AWS/EC2,NetworkIn,,average,44326382.0
2026-09-30T16:34:00+00:00,backend,AWS/EC2,NetworkIn,,average,32553282.0
2026-09-30T16:35:00+00:00,backend,AWS/EC2,NetworkIn,,average,11508219.0
2026-09-30T16:24:00+00:00,backend,AWS/EC2,NetworkIn,,maximum,8419603.0
2026-09-30T16:25:00+00:00,backend,AWS/EC2,NetworkIn,,maximum,17146.0
2026-09-30T16:26:00+00:00,backend,AWS/EC2,NetworkIn,,maximum,337663.0
2026-09-30T16:27:00+00:00,backend,AWS/EC2,NetworkIn,,maximum,11962806.0
2026-09-30T16:28:00+00:00,backend,AWS/EC2,NetworkIn,,maximum,34153303.0
2026-09-30T16:29:00+00:00,backend,AWS/EC2,NetworkIn,,maximum,44184546.0
2026-09-30T16:30:00+00:00,backend,AWS/EC2,NetworkIn,,maximum,43059519.0
2026-09-30T16:31:00+00:00,backend,AWS/EC2,NetworkIn,,maximum,43357055.0
2026-09-30T16:32:00+00:00,backend,AWS/EC2,NetworkIn,,maximum,43538611.0
2026-09-30T16:33:00+00:00,backend,AWS/EC2,NetworkIn,,maximum,44326382.0
2026-09-30T16:34:00+00:00,backend,AWS/EC2,NetworkIn,,maximum,32553282.0
2026-09-30T16:35:00+00:00,backend,AWS/EC2,NetworkIn,,maximum,11508219.0
2026-09-30T16:24:00+00:00,backend,AWS/EC2,EBSWriteOps,,average,57.0
2026-09-30T16:25:00+00:00,backend,AWS/EC2,EBSWriteOps,,average,51.0
2026-09-30T16:26:00+00:00,backend,AWS/EC2,EBSWriteOps,,average,35.0
2026-09-30T16:27:00+00:00,backend,AWS/EC2,EBSWriteOps,,average,171.0
2026-09-30T16:28:00+00:00,backend,AWS/EC2,EBSWriteOps,,average,52.0
2026-09-30T16:29:00+00:00,backend,AWS/EC2,EBSWriteOps,,average,85.0
2026-09-30T16:30:00+00:00,backend,AWS/EC2,EBSWriteOps,,average,47.0
2026-09-30T16:31:00+00:00,backend,AWS/EC2,EBSWriteOps,,average,49.0
2026-09-30T16:32:00+00:00,backend,AWS/EC2,EBSWriteOps,,average,53.0
2026-09-30T16:33:00+00:00,backend,AWS/EC2,EBSWriteOps,,average,49.0
2026-09-30T16:34:00+00:00,backend,AWS/EC2,EBSWriteOps,,average,47.0
2026-09-30T16:35:00+00:00,backend,AWS/EC2,EBSWriteOps,,average,49.0
2026-09-30T16:24:00+00:00,backend,AWS/EC2,EBSWriteOps,,maximum,57.0
2026-09-30T16:25:00+00:00,backend,AWS/EC2,EBSWriteOps,,maximum,51.0
2026-09-30T16:26:00+00:00,backend,AWS/EC2,EBSWriteOps,,maximum,35.0
2026-09-30T16:27:00+00:00,backend,AWS/EC2,EBSWriteOps,,maximum,171.0
2026-09-30T16:28:00+00:00,backend,AWS/EC2,EBSWriteOps,,maximum,52.0
2026-09-30T16:29:00+00:00,backend,AWS/EC2,EBSWriteOps,,maximum,85.0
2026-09-30T16:30:00+00:00,backend,AWS/EC2,EBSWriteOps,,maximum,47.0
2026-09-30T16:31:00+00:00,backend,AWS/EC2,EBSWriteOps,,maximum,49.0
2026-09-30T16:32:00+00:00,backend,AWS/EC2,EBSWriteOps,,maximum,53.0
2026-09-30T16:33:00+00:00,backend,AWS/EC2,EBSWriteOps,,maximum,49.0
2026-09-30T16:34:00+00:00,backend,AWS/EC2,EBSWriteOps,,maximum,47.0
2026-09-30T16:35:00+00:00,backend,AWS/EC2,EBSWriteOps,,maximum,49.0
2026-09-30T16:24:00+00:00,backend,AWS/EC2,EBSWriteBytes,,average,573440.0
2026-09-30T16:25:00+00:00,backend,AWS/EC2,EBSWriteBytes,,average,360448.0
2026-09-30T16:26:00+00:00,backend,AWS/EC2,EBSWriteBytes,,average,184320.0
2026-09-30T16:27:00+00:00,backend,AWS/EC2,EBSWriteBytes,,average,1085440.0
2026-09-30T16:28:00+00:00,backend,AWS/EC2,EBSWriteBytes,,average,540672.0
2026-09-30T16:29:00+00:00,backend,AWS/EC2,EBSWriteBytes,,average,1138688.0
2026-09-30T16:30:00+00:00,backend,AWS/EC2,EBSWriteBytes,,average,589824.0
2026-09-30T16:31:00+00:00,backend,AWS/EC2,EBSWriteBytes,,average,593920.0
2026-09-30T16:32:00+00:00,backend,AWS/EC2,EBSWriteBytes,,average,610304.0
2026-09-30T16:33:00+00:00,backend,AWS/EC2,EBSWriteBytes,,average,585728.0
2026-09-30T16:34:00+00:00,backend,AWS/EC2,EBSWriteBytes,,average,569344.0
2026-09-30T16:35:00+00:00,backend,AWS/EC2,EBSWriteBytes,,average,524288.0
2026-09-30T16:24:00+00:00,backend,AWS/EC2,EBSWriteBytes,,maximum,573440.0
2026-09-30T16:25:00+00:00,backend,AWS/EC2,EBSWriteBytes,,maximum,360448.0
2026-09-30T16:26:00+00:00,backend,AWS/EC2,EBSWriteBytes,,maximum,184320.0
2026-09-30T16:27:00+00:00,backend,AWS/EC2,EBSWriteBytes,,maximum,1085440.0
2026-09-30T16:28:00+00:00,backend,AWS/EC2,EBSWriteBytes,,maximum,540672.0
2026-09-30T16:29:00+00:00,backend,AWS/EC2,EBSWriteBytes,,maximum,1138688.0
2026-09-30T16:30:00+00:00,backend,AWS/EC2,EBSWriteBytes,,maximum,589824.0
2026-09-30T16:31:00+00:00,backend,AWS/EC2,EBSWriteBytes,,maximum,593920.0
2026-09-30T16:32:00+00:00,backend,AWS/EC2,EBSWriteBytes,,maximum,610304.0
2026-09-30T16:33:00+00:00,backend,AWS/EC2,EBSWriteBytes,,maximum,585728.0
2026-09-30T16:34:00+00:00,backend,AWS/EC2,EBSWriteBytes,,maximum,569344.0
2026-09-30T16:35:00+00:00,backend,AWS/EC2,EBSWriteBytes,,maximum,524288.0
2026-09-30T16:24:00+00:00,backend,AWS/EC2,CPUUtilization,,average,36.61338661338661
2026-09-30T16:25:00+00:00,backend,AWS/EC2,CPUUtilization,,average,7.31564898231565
2026-09-30T16:26:00+00:00,backend,AWS/EC2,CPUUtilization,,average,5.444736754470679
2026-09-30T16:27:00+00:00,backend,AWS/EC2,CPUUtilization,,average,14.705882352941178
2026-09-30T16:28:00+00:00,backend,AWS/EC2,CPUUtilization,,average,47.479103533251184
2026-09-30T16:29:00+00:00,backend,AWS/EC2,CPUUtilization,,average,71.7860598578626
2026-09-30T16:30:00+00:00,backend,AWS/EC2,CPUUtilization,,average,75.69349628692265
2026-09-30T16:31:00+00:00,backend,AWS/EC2,CPUUtilization,,average,77.05653704352468
2026-09-30T16:32:00+00:00,backend,AWS/EC2,CPUUtilization,,average,77.64296071601193
2026-09-30T16:33:00+00:00,backend,AWS/EC2,CPUUtilization,,average,77.73203779937
2026-09-30T16:34:00+00:00,backend,AWS/EC2,CPUUtilization,,average,73.03333333333332
2026-09-30T16:35:00+00:00,backend,AWS/EC2,CPUUtilization,,average,44.084068067801134
2026-09-30T16:24:00+00:00,backend,AWS/EC2,CPUUtilization,,maximum,36.61338661338661
2026-09-30T16:25:00+00:00,backend,AWS/EC2,CPUUtilization,,maximum,7.31564898231565
2026-09-30T16:26:00+00:00,backend,AWS/EC2,CPUUtilization,,maximum,5.444736754470679
2026-09-30T16:27:00+00:00,backend,AWS/EC2,CPUUtilization,,maximum,14.705882352941178
2026-09-30T16:28:00+00:00,backend,AWS/EC2,CPUUtilization,,maximum,47.479103533251184
2026-09-30T16:29:00+00:00,backend,AWS/EC2,CPUUtilization,,maximum,71.7860598578626
2026-09-30T16:30:00+00:00,backend,AWS/EC2,CPUUtilization,,maximum,75.69349628692265
2026-09-30T16:31:00+00:00,backend,AWS/EC2,CPUUtilization,,maximum,77.05653704352468
2026-09-30T16:32:00+00:00,backend,AWS/EC2,CPUUtilization,,maximum,77.64296071601193
2026-09-30T16:33:00+00:00,backend,AWS/EC2,CPUUtilization,,maximum,77.73203779937
2026-09-30T16:34:00+00:00,backend,AWS/EC2,CPUUtilization,,maximum,73.03333333333332
2026-09-30T16:35:00+00:00,backend,AWS/EC2,CPUUtilization,,maximum,44.084068067801134
2026-09-30T16:24:00+00:00,backend,AWS/EC2,EBSReadOps,,average,36.0
2026-09-30T16:25:00+00:00,backend,AWS/EC2,EBSReadOps,,average,50.0
2026-09-30T16:26:00+00:00,backend,AWS/EC2,EBSReadOps,,average,31.0
2026-09-30T16:27:00+00:00,backend,AWS/EC2,EBSReadOps,,average,600.0
2026-09-30T16:28:00+00:00,backend,AWS/EC2,EBSReadOps,,average,31.0
2026-09-30T16:29:00+00:00,backend,AWS/EC2,EBSReadOps,,average,50.0
2026-09-30T16:30:00+00:00,backend,AWS/EC2,EBSReadOps,,average,175.0
2026-09-30T16:31:00+00:00,backend,AWS/EC2,EBSReadOps,,average,196.0
2026-09-30T16:32:00+00:00,backend,AWS/EC2,EBSReadOps,,average,43.0
2026-09-30T16:33:00+00:00,backend,AWS/EC2,EBSReadOps,,average,44.0
2026-09-30T16:34:00+00:00,backend,AWS/EC2,EBSReadOps,,average,35.0
2026-09-30T16:35:00+00:00,backend,AWS/EC2,EBSReadOps,,average,20.0
2026-09-30T16:24:00+00:00,backend,AWS/EC2,EBSReadOps,,maximum,36.0
2026-09-30T16:25:00+00:00,backend,AWS/EC2,EBSReadOps,,maximum,50.0
2026-09-30T16:26:00+00:00,backend,AWS/EC2,EBSReadOps,,maximum,31.0
2026-09-30T16:27:00+00:00,backend,AWS/EC2,EBSReadOps,,maximum,600.0
2026-09-30T16:28:00+00:00,backend,AWS/EC2,EBSReadOps,,maximum,31.0
2026-09-30T16:29:00+00:00,backend,AWS/EC2,EBSReadOps,,maximum,50.0
2026-09-30T16:30:00+00:00,backend,AWS/EC2,EBSReadOps,,maximum,175.0
2026-09-30T16:31:00+00:00,backend,AWS/EC2,EBSReadOps,,maximum,196.0
2026-09-30T16:32:00+00:00,backend,AWS/EC2,EBSReadOps,,maximum,43.0
2026-09-30T16:33:00+00:00,backend,AWS/EC2,EBSReadOps,,maximum,44.0
2026-09-30T16:34:00+00:00,backend,AWS/EC2,EBSReadOps,,maximum,35.0
2026-09-30T16:35:00+00:00,backend,AWS/EC2,EBSReadOps,,maximum,20.0
2026-09-30T16:24:00+00:00,backend,AWS/EC2,EBSReadBytes,,average,368640.0
2026-09-30T16:25:00+00:00,backend,AWS/EC2,EBSReadBytes,,average,208896.0
2026-09-30T16:26:00+00:00,backend,AWS/EC2,EBSReadBytes,,average,442368.0
2026-09-30T16:27:00+00:00,backend,AWS/EC2,EBSReadBytes,,average,13836288.0
2026-09-30T16:28:00+00:00,backend,AWS/EC2,EBSReadBytes,,average,282624.0
2026-09-30T16:29:00+00:00,backend,AWS/EC2,EBSReadBytes,,average,479232.0
2026-09-30T16:30:00+00:00,backend,AWS/EC2,EBSReadBytes,,average,1208320.0
2026-09-30T16:31:00+00:00,backend,AWS/EC2,EBSReadBytes,,average,1052672.0
2026-09-30T16:32:00+00:00,backend,AWS/EC2,EBSReadBytes,,average,544768.0
2026-09-30T16:33:00+00:00,backend,AWS/EC2,EBSReadBytes,,average,806912.0
2026-09-30T16:34:00+00:00,backend,AWS/EC2,EBSReadBytes,,average,270336.0
2026-09-30T16:35:00+00:00,backend,AWS/EC2,EBSReadBytes,,average,180224.0
2026-09-30T16:24:00+00:00,backend,AWS/EC2,EBSReadBytes,,maximum,368640.0
2026-09-30T16:25:00+00:00,backend,AWS/EC2,EBSReadBytes,,maximum,208896.0
2026-09-30T16:26:00+00:00,backend,AWS/EC2,EBSReadBytes,,maximum,442368.0
2026-09-30T16:27:00+00:00,backend,AWS/EC2,EBSReadBytes,,maximum,13836288.0
2026-09-30T16:28:00+00:00,backend,AWS/EC2,EBSReadBytes,,maximum,282624.0
2026-09-30T16:29:00+00:00,backend,AWS/EC2,EBSReadBytes,,maximum,479232.0
2026-09-30T16:30:00+00:00,backend,AWS/EC2,EBSReadBytes,,maximum,1208320.0
2026-09-30T16:31:00+00:00,backend,AWS/EC2,EBSReadBytes,,maximum,1052672.0
2026-09-30T16:32:00+00:00,backend,AWS/EC2,EBSReadBytes,,maximum,544768.0
2026-09-30T16:33:00+00:00,backend,AWS/EC2,EBSReadBytes,,maximum,806912.0
2026-09-30T16:34:00+00:00,backend,AWS/EC2,EBSReadBytes,,maximum,270336.0
2026-09-30T16:35:00+00:00,backend,AWS/EC2,EBSReadBytes,,maximum,180224.0
2026-09-30T16:24:00+00:00,loadgen,MintLoadgen,mem_used_percent,,average,34.13953679098186
2026-09-30T16:25:00+00:00,loadgen,MintLoadgen,mem_used_percent,,average,2.4121594117523513
2026-09-30T16:26:00+00:00,loadgen,MintLoadgen,mem_used_percent,,average,2.476218956624537
2026-09-30T16:27:00+00:00,loadgen,MintLoadgen,mem_used_percent,,average,17.77499847477274
2026-09-30T16:28:00+00:00,loadgen,MintLoadgen,mem_used_percent,,average,28.298566486406475
2026-09-30T16:29:00+00:00,loadgen,MintLoadgen,mem_used_percent,,average,33.5822037483585
2026-09-30T16:30:00+00:00,loadgen,MintLoadgen,mem_used_percent,,average,33.947908238327514
2026-09-30T16:31:00+00:00,loadgen,MintLoadgen,mem_used_percent,,average,34.24815297479324
2026-09-30T16:32:00+00:00,loadgen,MintLoadgen,mem_used_percent,,average,34.701520526558454
2026-09-30T16:33:00+00:00,loadgen,MintLoadgen,mem_used_percent,,average,34.69526959516968
2026-09-30T16:34:00+00:00,loadgen,MintLoadgen,mem_used_percent,,average,35.03467016585471
2026-09-30T16:24:00+00:00,loadgen,MintLoadgen,mem_used_percent,,maximum,34.13953679098186
2026-09-30T16:25:00+00:00,loadgen,MintLoadgen,mem_used_percent,,maximum,2.4121594117523513
2026-09-30T16:26:00+00:00,loadgen,MintLoadgen,mem_used_percent,,maximum,2.476218956624537
2026-09-30T16:27:00+00:00,loadgen,MintLoadgen,mem_used_percent,,maximum,17.77499847477274
2026-09-30T16:28:00+00:00,loadgen,MintLoadgen,mem_used_percent,,maximum,28.298566486406475
2026-09-30T16:29:00+00:00,loadgen,MintLoadgen,mem_used_percent,,maximum,33.5822037483585
2026-09-30T16:30:00+00:00,loadgen,MintLoadgen,mem_used_percent,,maximum,33.947908238327514
2026-09-30T16:31:00+00:00,loadgen,MintLoadgen,mem_used_percent,,maximum,34.24815297479324
2026-09-30T16:32:00+00:00,loadgen,MintLoadgen,mem_used_percent,,maximum,34.701520526558454
2026-09-30T16:33:00+00:00,loadgen,MintLoadgen,mem_used_percent,,maximum,34.69526959516968
2026-09-30T16:34:00+00:00,loadgen,MintLoadgen,mem_used_percent,,maximum,35.03467016585471
2026-09-30T16:24:00+00:00,loadgen,MintLoadgen,net_bytes_recv,interface=ens5,average,39414351.0
2026-09-30T16:25:00+00:00,loadgen,MintLoadgen,net_bytes_recv,interface=ens5,average,310825.0
2026-09-30T16:26:00+00:00,loadgen,MintLoadgen,net_bytes_recv,interface=ens5,average,38750.0
2026-09-30T16:27:00+00:00,loadgen,MintLoadgen,net_bytes_recv,interface=ens5,average,24777722.0
2026-09-30T16:28:00+00:00,loadgen,MintLoadgen,net_bytes_recv,interface=ens5,average,95347615.0
2026-09-30T16:29:00+00:00,loadgen,MintLoadgen,net_bytes_recv,interface=ens5,average,142260813.0
2026-09-30T16:30:00+00:00,loadgen,MintLoadgen,net_bytes_recv,interface=ens5,average,141704764.0
2026-09-30T16:31:00+00:00,loadgen,MintLoadgen,net_bytes_recv,interface=ens5,average,143658450.0
2026-09-30T16:32:00+00:00,loadgen,MintLoadgen,net_bytes_recv,interface=ens5,average,143560277.0
2026-09-30T16:33:00+00:00,loadgen,MintLoadgen,net_bytes_recv,interface=ens5,average,143467705.0
2026-09-30T16:34:00+00:00,loadgen,MintLoadgen,net_bytes_recv,interface=ens5,average,122082627.0
2026-09-30T16:24:00+00:00,loadgen,MintLoadgen,net_bytes_recv,interface=ens5,maximum,39414351.0
2026-09-30T16:25:00+00:00,loadgen,MintLoadgen,net_bytes_recv,interface=ens5,maximum,310825.0
2026-09-30T16:26:00+00:00,loadgen,MintLoadgen,net_bytes_recv,interface=ens5,maximum,38750.0
2026-09-30T16:27:00+00:00,loadgen,MintLoadgen,net_bytes_recv,interface=ens5,maximum,24777722.0
2026-09-30T16:28:00+00:00,loadgen,MintLoadgen,net_bytes_recv,interface=ens5,maximum,95347615.0
2026-09-30T16:29:00+00:00,loadgen,MintLoadgen,net_bytes_recv,interface=ens5,maximum,142260813.0
2026-09-30T16:30:00+00:00,loadgen,MintLoadgen,net_bytes_recv,interface=ens5,maximum,141704764.0
2026-09-30T16:31:00+00:00,loadgen,MintLoadgen,net_bytes_recv,interface=ens5,maximum,143658450.0
2026-09-30T16:32:00+00:00,loadgen,MintLoadgen,net_bytes_recv,interface=ens5,maximum,143560277.0
2026-09-30T16:33:00+00:00,loadgen,MintLoadgen,net_bytes_recv,interface=ens5,maximum,143467705.0
2026-09-30T16:34:00+00:00,loadgen,MintLoadgen,net_bytes_recv,interface=ens5,maximum,122082627.0
2026-09-30T16:24:00+00:00,loadgen,MintLoadgen,cpu_usage_user,cpu=cpu-total,average,2.950598549991595
2026-09-30T16:25:00+00:00,loadgen,MintLoadgen,cpu_usage_user,cpu=cpu-total,average,5.944187210611859
2026-09-30T16:26:00+00:00,loadgen,MintLoadgen,cpu_usage_user,cpu=cpu-total,average,0.06254691018267498
2026-09-30T16:27:00+00:00,loadgen,MintLoadgen,cpu_usage_user,cpu=cpu-total,average,3.7483153638813076
2026-09-30T16:28:00+00:00,loadgen,MintLoadgen,cpu_usage_user,cpu=cpu-total,average,7.664202566063457
2026-09-30T16:29:00+00:00,loadgen,MintLoadgen,cpu_usage_user,cpu=cpu-total,average,10.573025557878864
2026-09-30T16:30:00+00:00,loadgen,MintLoadgen,cpu_usage_user,cpu=cpu-total,average,9.995323328089516
2026-09-30T16:31:00+00:00,loadgen,MintLoadgen,cpu_usage_user,cpu=cpu-total,average,10.357583230579706
2026-09-30T16:32:00+00:00,loadgen,MintLoadgen,cpu_usage_user,cpu=cpu-total,average,11.147902869756937
2026-09-30T16:33:00+00:00,loadgen,MintLoadgen,cpu_usage_user,cpu=cpu-total,average,10.33721226535293
2026-09-30T16:34:00+00:00,loadgen,MintLoadgen,cpu_usage_user,cpu=cpu-total,average,8.968800476069287
2026-09-30T16:24:00+00:00,loadgen,MintLoadgen,cpu_usage_user,cpu=cpu-total,maximum,2.950598549991595
2026-09-30T16:25:00+00:00,loadgen,MintLoadgen,cpu_usage_user,cpu=cpu-total,maximum,5.944187210611859
2026-09-30T16:26:00+00:00,loadgen,MintLoadgen,cpu_usage_user,cpu=cpu-total,maximum,0.06254691018267498
2026-09-30T16:27:00+00:00,loadgen,MintLoadgen,cpu_usage_user,cpu=cpu-total,maximum,3.7483153638813076
2026-09-30T16:28:00+00:00,loadgen,MintLoadgen,cpu_usage_user,cpu=cpu-total,maximum,7.664202566063457
2026-09-30T16:29:00+00:00,loadgen,MintLoadgen,cpu_usage_user,cpu=cpu-total,maximum,10.573025557878864
2026-09-30T16:30:00+00:00,loadgen,MintLoadgen,cpu_usage_user,cpu=cpu-total,maximum,9.995323328089516
2026-09-30T16:31:00+00:00,loadgen,MintLoadgen,cpu_usage_user,cpu=cpu-total,maximum,10.357583230579706
2026-09-30T16:32:00+00:00,loadgen,MintLoadgen,cpu_usage_user,cpu=cpu-total,maximum,11.147902869756937
2026-09-30T16:33:00+00:00,loadgen,MintLoadgen,cpu_usage_user,cpu=cpu-total,maximum,10.33721226535293
2026-09-30T16:34:00+00:00,loadgen,MintLoadgen,cpu_usage_user,cpu=cpu-total,maximum,8.968800476069287
2026-09-30T16:24:00+00:00,loadgen,MintLoadgen,cpu_usage_system,cpu=cpu-total,average,0.6617771033552549
2026-09-30T16:25:00+00:00,loadgen,MintLoadgen,cpu_usage_system,cpu=cpu-total,average,0.12096942393526743
2026-09-30T16:26:00+00:00,loadgen,MintLoadgen,cpu_usage_system,cpu=cpu-total,average,0.06254691018262758
2026-09-30T16:27:00+00:00,loadgen,MintLoadgen,cpu_usage_system,cpu=cpu-total,average,0.7959905660377223
2026-09-30T16:28:00+00:00,loadgen,MintLoadgen,cpu_usage_system,cpu=cpu-total,average,1.5209448551279126
2026-09-30T16:29:00+00:00,loadgen,MintLoadgen,cpu_usage_system,cpu=cpu-total,average,1.8261722916755805
2026-09-30T16:30:00+00:00,loadgen,MintLoadgen,cpu_usage_system,cpu=cpu-total,average,1.8239020449810397
2026-09-30T16:31:00+00:00,loadgen,MintLoadgen,cpu_usage_system,cpu=cpu-total,average,1.8240571452868364
2026-09-30T16:32:00+00:00,loadgen,MintLoadgen,cpu_usage_system,cpu=cpu-total,average,1.8381728646628854
2026-09-30T16:33:00+00:00,loadgen,MintLoadgen,cpu_usage_system,cpu=cpu-total,average,1.8559415611993633
2026-09-30T16:34:00+00:00,loadgen,MintLoadgen,cpu_usage_system,cpu=cpu-total,average,1.5047181841367179
2026-09-30T16:24:00+00:00,loadgen,MintLoadgen,cpu_usage_system,cpu=cpu-total,maximum,0.6617771033552549
2026-09-30T16:25:00+00:00,loadgen,MintLoadgen,cpu_usage_system,cpu=cpu-total,maximum,0.12096942393526743
2026-09-30T16:26:00+00:00,loadgen,MintLoadgen,cpu_usage_system,cpu=cpu-total,maximum,0.06254691018262758
2026-09-30T16:27:00+00:00,loadgen,MintLoadgen,cpu_usage_system,cpu=cpu-total,maximum,0.7959905660377223
2026-09-30T16:28:00+00:00,loadgen,MintLoadgen,cpu_usage_system,cpu=cpu-total,maximum,1.5209448551279126
2026-09-30T16:29:00+00:00,loadgen,MintLoadgen,cpu_usage_system,cpu=cpu-total,maximum,1.8261722916755805
2026-09-30T16:30:00+00:00,loadgen,MintLoadgen,cpu_usage_system,cpu=cpu-total,maximum,1.8239020449810397
2026-09-30T16:31:00+00:00,loadgen,MintLoadgen,cpu_usage_system,cpu=cpu-total,maximum,1.8240571452868364
2026-09-30T16:32:00+00:00,loadgen,MintLoadgen,cpu_usage_system,cpu=cpu-total,maximum,1.8381728646628854
2026-09-30T16:33:00+00:00,loadgen,MintLoadgen,cpu_usage_system,cpu=cpu-total,maximum,1.8559415611993633
2026-09-30T16:34:00+00:00,loadgen,MintLoadgen,cpu_usage_system,cpu=cpu-total,maximum,1.5047181841367179
2026-09-30T16:24:00+00:00,loadgen,MintLoadgen,cpu_usage_idle,cpu=cpu-total,average,96.01247681672601
2026-09-30T16:25:00+00:00,loadgen,MintLoadgen,cpu_usage_idle,cpu=cpu-total,average,93.8889584115458
2026-09-30T16:26:00+00:00,loadgen,MintLoadgen,cpu_usage_idle,cpu=cpu-total,average,99.8415478275369
2026-09-30T16:27:00+00:00,loadgen,MintLoadgen,cpu_usage_idle,cpu=cpu-total,average,95.10192048517482
2026-09-30T16:28:00+00:00,loadgen,MintLoadgen,cpu_usage_idle,cpu=cpu-total,average,89.99915031013786
2026-09-30T16:29:00+00:00,loadgen,MintLoadgen,cpu_usage_idle,cpu=cpu-total,average,86.52557921235707
2026-09-30T16:30:00+00:00,loadgen,MintLoadgen,cpu_usage_idle,cpu=cpu-total,average,86.97759449002857
2026-09-30T16:31:00+00:00,loadgen,MintLoadgen,cpu_usage_idle,cpu=cpu-total,average,86.72137420808853
2026-09-30T16:32:00+00:00,loadgen,MintLoadgen,cpu_usage_idle,cpu=cpu-total,average,85.86771947698938
2026-09-30T16:33:00+00:00,loadgen,MintLoadgen,cpu_usage_idle,cpu=cpu-total,average,86.5837084855176
2026-09-30T16:34:00+00:00,loadgen,MintLoadgen,cpu_usage_idle,cpu=cpu-total,average,88.48933095299027
2026-09-30T16:24:00+00:00,loadgen,MintLoadgen,cpu_usage_idle,cpu=cpu-total,maximum,96.01247681672601
2026-09-30T16:25:00+00:00,loadgen,MintLoadgen,cpu_usage_idle,cpu=cpu-total,maximum,93.8889584115458
2026-09-30T16:26:00+00:00,loadgen,MintLoadgen,cpu_usage_idle,cpu=cpu-total,maximum,99.8415478275369
2026-09-30T16:27:00+00:00,loadgen,MintLoadgen,cpu_usage_idle,cpu=cpu-total,maximum,95.10192048517482
2026-09-30T16:28:00+00:00,loadgen,MintLoadgen,cpu_usage_idle,cpu=cpu-total,maximum,89.99915031013786
2026-09-30T16:29:00+00:00,loadgen,MintLoadgen,cpu_usage_idle,cpu=cpu-total,maximum,86.52557921235707
2026-09-30T16:30:00+00:00,loadgen,MintLoadgen,cpu_usage_idle,cpu=cpu-total,maximum,86.97759449002857
2026-09-30T16:31:00+00:00,loadgen,MintLoadgen,cpu_usage_idle,cpu=cpu-total,maximum,86.72137420808853
2026-09-30T16:32:00+00:00,loadgen,MintLoadgen,cpu_usage_idle,cpu=cpu-total,maximum,85.86771947698938
2026-09-30T16:33:00+00:00,loadgen,MintLoadgen,cpu_usage_idle,cpu=cpu-total,maximum,86.5837084855176
2026-09-30T16:34:00+00:00,loadgen,MintLoadgen,cpu_usage_idle,cpu=cpu-total,maximum,88.48933095299027
2026-09-30T16:24:00+00:00,loadgen,MintLoadgen,net_bytes_sent,interface=ens5,average,5497872.0
2026-09-30T16:25:00+00:00,loadgen,MintLoadgen,net_bytes_sent,interface=ens5,average,417288.0
2026-09-30T16:26:00+00:00,loadgen,MintLoadgen,net_bytes_sent,interface=ens5,average,66421.0
2026-09-30T16:27:00+00:00,loadgen,MintLoadgen,net_bytes_sent,interface=ens5,average,3406786.0
2026-09-30T16:28:00+00:00,loadgen,MintLoadgen,net_bytes_sent,interface=ens5,average,12198587.0
2026-09-30T16:29:00+00:00,loadgen,MintLoadgen,net_bytes_sent,interface=ens5,average,17812171.0
2026-09-30T16:30:00+00:00,loadgen,MintLoadgen,net_bytes_sent,interface=ens5,average,17585419.0
2026-09-30T16:31:00+00:00,loadgen,MintLoadgen,net_bytes_sent,interface=ens5,average,17835702.0
2026-09-30T16:32:00+00:00,loadgen,MintLoadgen,net_bytes_sent,interface=ens5,average,17865013.0
2026-09-30T16:33:00+00:00,loadgen,MintLoadgen,net_bytes_sent,interface=ens5,average,17816307.0
2026-09-30T16:34:00+00:00,loadgen,MintLoadgen,net_bytes_sent,interface=ens5,average,15225568.0
2026-09-30T16:24:00+00:00,loadgen,MintLoadgen,net_bytes_sent,interface=ens5,maximum,5497872.0
2026-09-30T16:25:00+00:00,loadgen,MintLoadgen,net_bytes_sent,interface=ens5,maximum,417288.0
2026-09-30T16:26:00+00:00,loadgen,MintLoadgen,net_bytes_sent,interface=ens5,maximum,66421.0
2026-09-30T16:27:00+00:00,loadgen,MintLoadgen,net_bytes_sent,interface=ens5,maximum,3406786.0
2026-09-30T16:28:00+00:00,loadgen,MintLoadgen,net_bytes_sent,interface=ens5,maximum,12198587.0
2026-09-30T16:29:00+00:00,loadgen,MintLoadgen,net_bytes_sent,interface=ens5,maximum,17812171.0
2026-09-30T16:30:00+00:00,loadgen,MintLoadgen,net_bytes_sent,interface=ens5,maximum,17585419.0
2026-09-30T16:31:00+00:00,loadgen,MintLoadgen,net_bytes_sent,interface=ens5,maximum,17835702.0
2026-09-30T16:32:00+00:00,loadgen,MintLoadgen,net_bytes_sent,interface=ens5,maximum,17865013.0
2026-09-30T16:33:00+00:00,loadgen,MintLoadgen,net_bytes_sent,interface=ens5,maximum,17816307.0
2026-09-30T16:34:00+00:00,loadgen,MintLoadgen,net_bytes_sent,interface=ens5,maximum,15225568.0
2026-09-30T16:25:00+00:00,loadgen,AWS/EC2,CPUUtilization,,average,7.537999999999999
2026-09-30T16:30:00+00:00,loadgen,AWS/EC2,CPUUtilization,,average,17.058
2026-09-30T16:35:00+00:00,loadgen,AWS/EC2,CPUUtilization,,average,11.045
2026-09-30T16:25:00+00:00,loadgen,AWS/EC2,CPUUtilization,,maximum,16.086666666666666
2026-09-30T16:30:00+00:00,loadgen,AWS/EC2,CPUUtilization,,maximum,17.608333333333334
2026-09-30T16:35:00+00:00,loadgen,AWS/EC2,CPUUtilization,,maximum,11.045
2026-09-30T16:25:00+00:00,loadgen,AWS/EC2,NetworkOut,,average,4950114.0
2026-09-30T16:30:00+00:00,loadgen,AWS/EC2,NetworkOut,,average,17763182.2
2026-09-30T16:35:00+00:00,loadgen,AWS/EC2,NetworkOut,,average,8477621.5
2026-09-30T16:25:00+00:00,loadgen,AWS/EC2,NetworkOut,,maximum,15046841.0
2026-09-30T16:30:00+00:00,loadgen,AWS/EC2,NetworkOut,,maximum,17916285.0
2026-09-30T16:35:00+00:00,loadgen,AWS/EC2,NetworkOut,,maximum,12693088.0
2026-09-30T16:25:00+00:00,loadgen,AWS/EC2,NetworkIn,,average,37927070.0
2026-09-30T16:30:00+00:00,loadgen,AWS/EC2,NetworkIn,,average,145411316.6
2026-09-30T16:35:00+00:00,loadgen,AWS/EC2,NetworkIn,,average,66213810.5
2026-09-30T16:25:00+00:00,loadgen,AWS/EC2,NetworkIn,,maximum,120622784.0
2026-09-30T16:30:00+00:00,loadgen,AWS/EC2,NetworkIn,,maximum,147823666.0
2026-09-30T16:35:00+00:00,loadgen,AWS/EC2,NetworkIn,,maximum,102235502.0
2026-09-30T16:25:00+00:00,db,AWS/RDS,CPUCreditBalance,,average,0.0
2026-09-30T16:30:00+00:00,db,AWS/RDS,CPUCreditBalance,,average,0.0
2026-09-30T16:25:00+00:00,db,AWS/RDS,CPUCreditBalance,,maximum,0.0
2026-09-30T16:30:00+00:00,db,AWS/RDS,CPUCreditBalance,,maximum,0.0
2026-09-30T16:24:00+00:00,db,AWS/RDS,FreeableMemory,,average,136105984.0
2026-09-30T16:25:00+00:00,db,AWS/RDS,FreeableMemory,,average,134905856.0
2026-09-30T16:26:00+00:00,db,AWS/RDS,FreeableMemory,,average,135090176.0
2026-09-30T16:27:00+00:00,db,AWS/RDS,FreeableMemory,,average,126464000.0
2026-09-30T16:28:00+00:00,db,AWS/RDS,FreeableMemory,,average,130260992.0
2026-09-30T16:29:00+00:00,db,AWS/RDS,FreeableMemory,,average,128647168.0
2026-09-30T16:30:00+00:00,db,AWS/RDS,FreeableMemory,,average,126222336.0
2026-09-30T16:31:00+00:00,db,AWS/RDS,FreeableMemory,,average,126701568.0
2026-09-30T16:32:00+00:00,db,AWS/RDS,FreeableMemory,,average,125689856.0
2026-09-30T16:33:00+00:00,db,AWS/RDS,FreeableMemory,,average,128716800.0
2026-09-30T16:34:00+00:00,db,AWS/RDS,FreeableMemory,,average,126377984.0
2026-09-30T16:35:00+00:00,db,AWS/RDS,FreeableMemory,,average,126431232.0
2026-09-30T16:24:00+00:00,db,AWS/RDS,FreeableMemory,,maximum,136105984.0
2026-09-30T16:25:00+00:00,db,AWS/RDS,FreeableMemory,,maximum,134905856.0
2026-09-30T16:26:00+00:00,db,AWS/RDS,FreeableMemory,,maximum,135090176.0
2026-09-30T16:27:00+00:00,db,AWS/RDS,FreeableMemory,,maximum,126464000.0
2026-09-30T16:28:00+00:00,db,AWS/RDS,FreeableMemory,,maximum,130260992.0
2026-09-30T16:29:00+00:00,db,AWS/RDS,FreeableMemory,,maximum,128647168.0
2026-09-30T16:30:00+00:00,db,AWS/RDS,FreeableMemory,,maximum,126222336.0
2026-09-30T16:31:00+00:00,db,AWS/RDS,FreeableMemory,,maximum,126701568.0
2026-09-30T16:32:00+00:00,db,AWS/RDS,FreeableMemory,,maximum,125689856.0
2026-09-30T16:33:00+00:00,db,AWS/RDS,FreeableMemory,,maximum,128716800.0
2026-09-30T16:34:00+00:00,db,AWS/RDS,FreeableMemory,,maximum,126377984.0
2026-09-30T16:35:00+00:00,db,AWS/RDS,FreeableMemory,,maximum,126431232.0
2026-09-30T16:24:00+00:00,db,AWS/RDS,CPUUtilization,,average,10.558747605962195
2026-09-30T16:25:00+00:00,db,AWS/RDS,CPUUtilization,,average,4.416666666666666
2026-09-30T16:26:00+00:00,db,AWS/RDS,CPUUtilization,,average,4.3249279178680355
2026-09-30T16:27:00+00:00,db,AWS/RDS,CPUUtilization,,average,6.808333333333333
2026-09-30T16:28:00+00:00,db,AWS/RDS,CPUUtilization,,average,13.516891948199136
2026-09-30T16:29:00+00:00,db,AWS/RDS,CPUUtilization,,average,17.738303727795845
2026-09-30T16:30:00+00:00,db,AWS/RDS,CPUUtilization,,average,19.541666666666664
2026-09-30T16:31:00+00:00,db,AWS/RDS,CPUUtilization,,average,18.943809745861508
2026-09-30T16:32:00+00:00,db,AWS/RDS,CPUUtilization,,average,18.714347666544352
2026-09-30T16:33:00+00:00,db,AWS/RDS,CPUUtilization,,average,18.741666666666667
2026-09-30T16:34:00+00:00,db,AWS/RDS,CPUUtilization,,average,17.45
2026-09-30T16:24:00+00:00,db,AWS/RDS,CPUUtilization,,maximum,10.558747605962195
2026-09-30T16:25:00+00:00,db,AWS/RDS,CPUUtilization,,maximum,4.416666666666666
2026-09-30T16:26:00+00:00,db,AWS/RDS,CPUUtilization,,maximum,4.3249279178680355
2026-09-30T16:27:00+00:00,db,AWS/RDS,CPUUtilization,,maximum,6.808333333333333
2026-09-30T16:28:00+00:00,db,AWS/RDS,CPUUtilization,,maximum,13.516891948199136
2026-09-30T16:29:00+00:00,db,AWS/RDS,CPUUtilization,,maximum,17.738303727795845
2026-09-30T16:30:00+00:00,db,AWS/RDS,CPUUtilization,,maximum,19.541666666666664
2026-09-30T16:31:00+00:00,db,AWS/RDS,CPUUtilization,,maximum,18.943809745861508
2026-09-30T16:32:00+00:00,db,AWS/RDS,CPUUtilization,,maximum,18.714347666544352
2026-09-30T16:33:00+00:00,db,AWS/RDS,CPUUtilization,,maximum,18.741666666666667
2026-09-30T16:34:00+00:00,db,AWS/RDS,CPUUtilization,,maximum,17.45
2026-09-30T16:24:00+00:00,db,AWS/RDS,SwapUsage,,average,516096.0
2026-09-30T16:25:00+00:00,db,AWS/RDS,SwapUsage,,average,516096.0
2026-09-30T16:26:00+00:00,db,AWS/RDS,SwapUsage,,average,516096.0
2026-09-30T16:27:00+00:00,db,AWS/RDS,SwapUsage,,average,520192.0
2026-09-30T16:28:00+00:00,db,AWS/RDS,SwapUsage,,average,520192.0
2026-09-30T16:29:00+00:00,db,AWS/RDS,SwapUsage,,average,520192.0
2026-09-30T16:30:00+00:00,db,AWS/RDS,SwapUsage,,average,520192.0
2026-09-30T16:31:00+00:00,db,AWS/RDS,SwapUsage,,average,520192.0
2026-09-30T16:32:00+00:00,db,AWS/RDS,SwapUsage,,average,516096.0
2026-09-30T16:33:00+00:00,db,AWS/RDS,SwapUsage,,average,520192.0
2026-09-30T16:34:00+00:00,db,AWS/RDS,SwapUsage,,average,520192.0
2026-09-30T16:35:00+00:00,db,AWS/RDS,SwapUsage,,average,520192.0
2026-09-30T16:24:00+00:00,db,AWS/RDS,SwapUsage,,maximum,516096.0
2026-09-30T16:25:00+00:00,db,AWS/RDS,SwapUsage,,maximum,516096.0
2026-09-30T16:26:00+00:00,db,AWS/RDS,SwapUsage,,maximum,516096.0
2026-09-30T16:27:00+00:00,db,AWS/RDS,SwapUsage,,maximum,520192.0
2026-09-30T16:28:00+00:00,db,AWS/RDS,SwapUsage,,maximum,520192.0
2026-09-30T16:29:00+00:00,db,AWS/RDS,SwapUsage,,maximum,520192.0
2026-09-30T16:30:00+00:00,db,AWS/RDS,SwapUsage,,maximum,520192.0
2026-09-30T16:31:00+00:00,db,AWS/RDS,SwapUsage,,maximum,520192.0
2026-09-30T16:32:00+00:00,db,AWS/RDS,SwapUsage,,maximum,516096.0
2026-09-30T16:33:00+00:00,db,AWS/RDS,SwapUsage,,maximum,520192.0
2026-09-30T16:34:00+00:00,db,AWS/RDS,SwapUsage,,maximum,520192.0
2026-09-30T16:35:00+00:00,db,AWS/RDS,SwapUsage,,maximum,520192.0
2026-09-30T16:24:00+00:00,db,AWS/RDS,FreeStorageSpace,,average,18784026624.0
2026-09-30T16:25:00+00:00,db,AWS/RDS,FreeStorageSpace,,average,18784026624.0
2026-09-30T16:26:00+00:00,db,AWS/RDS,FreeStorageSpace,,average,18784026624.0
2026-09-30T16:27:00+00:00,db,AWS/RDS,FreeStorageSpace,,average,18719584256.0
2026-09-30T16:28:00+00:00,db,AWS/RDS,FreeStorageSpace,,average,18719232000.0
2026-09-30T16:29:00+00:00,db,AWS/RDS,FreeStorageSpace,,average,18718691328.0
2026-09-30T16:30:00+00:00,db,AWS/RDS,FreeStorageSpace,,average,18718355456.0
2026-09-30T16:31:00+00:00,db,AWS/RDS,FreeStorageSpace,,average,18718027776.0
2026-09-30T16:32:00+00:00,db,AWS/RDS,FreeStorageSpace,,average,18650546176.0
2026-09-30T16:33:00+00:00,db,AWS/RDS,FreeStorageSpace,,average,18650087424.0
2026-09-30T16:34:00+00:00,db,AWS/RDS,FreeStorageSpace,,average,18649743360.0
2026-09-30T16:35:00+00:00,db,AWS/RDS,FreeStorageSpace,,average,18649448448.0
2026-09-30T16:24:00+00:00,db,AWS/RDS,FreeStorageSpace,,maximum,18784026624.0
2026-09-30T16:25:00+00:00,db,AWS/RDS,FreeStorageSpace,,maximum,18784026624.0
2026-09-30T16:26:00+00:00,db,AWS/RDS,FreeStorageSpace,,maximum,18784026624.0
2026-09-30T16:27:00+00:00,db,AWS/RDS,FreeStorageSpace,,maximum,18719584256.0
2026-09-30T16:28:00+00:00,db,AWS/RDS,FreeStorageSpace,,maximum,18719232000.0
2026-09-30T16:29:00+00:00,db,AWS/RDS,FreeStorageSpace,,maximum,18718691328.0
2026-09-30T16:30:00+00:00,db,AWS/RDS,FreeStorageSpace,,maximum,18718355456.0
2026-09-30T16:31:00+00:00,db,AWS/RDS,FreeStorageSpace,,maximum,18718027776.0
2026-09-30T16:32:00+00:00,db,AWS/RDS,FreeStorageSpace,,maximum,18650546176.0
2026-09-30T16:33:00+00:00,db,AWS/RDS,FreeStorageSpace,,maximum,18650087424.0
2026-09-30T16:34:00+00:00,db,AWS/RDS,FreeStorageSpace,,maximum,18649743360.0
2026-09-30T16:35:00+00:00,db,AWS/RDS,FreeStorageSpace,,maximum,18649448448.0
2026-09-30T16:24:00+00:00,db,AWS/RDS,DatabaseConnections,,average,10.0
2026-09-30T16:25:00+00:00,db,AWS/RDS,DatabaseConnections,,average,10.0
2026-09-30T16:26:00+00:00,db,AWS/RDS,DatabaseConnections,,average,10.0
2026-09-30T16:27:00+00:00,db,AWS/RDS,DatabaseConnections,,average,10.0
2026-09-30T16:28:00+00:00,db,AWS/RDS,DatabaseConnections,,average,10.0
2026-09-30T16:29:00+00:00,db,AWS/RDS,DatabaseConnections,,average,10.0
2026-09-30T16:30:00+00:00,db,AWS/RDS,DatabaseConnections,,average,10.0
2026-09-30T16:31:00+00:00,db,AWS/RDS,DatabaseConnections,,average,10.0
2026-09-30T16:32:00+00:00,db,AWS/RDS,DatabaseConnections,,average,10.0
2026-09-30T16:33:00+00:00,db,AWS/RDS,DatabaseConnections,,average,10.0
2026-09-30T16:34:00+00:00,db,AWS/RDS,DatabaseConnections,,average,10.0
2026-09-30T16:35:00+00:00,db,AWS/RDS,DatabaseConnections,,average,10.0
2026-09-30T16:24:00+00:00,db,AWS/RDS,DatabaseConnections,,maximum,10.0
2026-09-30T16:25:00+00:00,db,AWS/RDS,DatabaseConnections,,maximum,10.0
2026-09-30T16:26:00+00:00,db,AWS/RDS,DatabaseConnections,,maximum,10.0
2026-09-30T16:27:00+00:00,db,AWS/RDS,DatabaseConnections,,maximum,10.0
2026-09-30T16:28:00+00:00,db,AWS/RDS,DatabaseConnections,,maximum,10.0
2026-09-30T16:29:00+00:00,db,AWS/RDS,DatabaseConnections,,maximum,10.0
2026-09-30T16:30:00+00:00,db,AWS/RDS,DatabaseConnections,,maximum,10.0
2026-09-30T16:31:00+00:00,db,AWS/RDS,DatabaseConnections,,maximum,10.0
2026-09-30T16:32:00+00:00,db,AWS/RDS,DatabaseConnections,,maximum,10.0
2026-09-30T16:33:00+00:00,db,AWS/RDS,DatabaseConnections,,maximum,10.0
2026-09-30T16:34:00+00:00,db,AWS/RDS,DatabaseConnections,,maximum,10.0
2026-09-30T16:35:00+00:00,db,AWS/RDS,DatabaseConnections,,maximum,10.0
2026-09-30T16:24:00+00:00,db,AWS/RDS,BurstBalance,,average,99.0
2026-09-30T16:25:00+00:00,db,AWS/RDS,BurstBalance,,average,99.0
2026-09-30T16:26:00+00:00,db,AWS/RDS,BurstBalance,,average,99.0
2026-09-30T16:27:00+00:00,db,AWS/RDS,BurstBalance,,average,99.0
2026-09-30T16:28:00+00:00,db,AWS/RDS,BurstBalance,,average,99.0
2026-09-30T16:29:00+00:00,db,AWS/RDS,BurstBalance,,average,99.0
2026-09-30T16:30:00+00:00,db,AWS/RDS,BurstBalance,,average,99.0
2026-09-30T16:31:00+00:00,db,AWS/RDS,BurstBalance,,average,99.0
2026-09-30T16:32:00+00:00,db,AWS/RDS,BurstBalance,,average,99.0
2026-09-30T16:33:00+00:00,db,AWS/RDS,BurstBalance,,average,99.0
2026-09-30T16:34:00+00:00,db,AWS/RDS,BurstBalance,,average,99.0
2026-09-30T16:24:00+00:00,db,AWS/RDS,BurstBalance,,maximum,99.0
2026-09-30T16:25:00+00:00,db,AWS/RDS,BurstBalance,,maximum,99.0
2026-09-30T16:26:00+00:00,db,AWS/RDS,BurstBalance,,maximum,99.0
2026-09-30T16:27:00+00:00,db,AWS/RDS,BurstBalance,,maximum,99.0
2026-09-30T16:28:00+00:00,db,AWS/RDS,BurstBalance,,maximum,99.0
2026-09-30T16:29:00+00:00,db,AWS/RDS,BurstBalance,,maximum,99.0
2026-09-30T16:30:00+00:00,db,AWS/RDS,BurstBalance,,maximum,99.0
2026-09-30T16:31:00+00:00,db,AWS/RDS,BurstBalance,,maximum,99.0
2026-09-30T16:32:00+00:00,db,AWS/RDS,BurstBalance,,maximum,99.0
2026-09-30T16:33:00+00:00,db,AWS/RDS,BurstBalance,,maximum,99.0
2026-09-30T16:34:00+00:00,db,AWS/RDS,BurstBalance,,maximum,99.0
2026-09-30T16:25:00+00:00,db,AWS/RDS,CPUCreditUsage,,average,1.3278718333333333
2026-09-30T16:30:00+00:00,db,AWS/RDS,CPUCreditUsage,,average,1.3048924833333333
2026-09-30T16:25:00+00:00,db,AWS/RDS,CPUCreditUsage,,maximum,1.3278718333333333
2026-09-30T16:30:00+00:00,db,AWS/RDS,CPUCreditUsage,,maximum,1.3048924833333333
2026-09-30T16:24:00+00:00,db,AWS/RDS,ReadLatency,,average,0.00044444444444444447
2026-09-30T16:25:00+00:00,db,AWS/RDS,ReadLatency,,average,0.0008
2026-09-30T16:26:00+00:00,db,AWS/RDS,ReadLatency,,average,0.0
2026-09-30T16:27:00+00:00,db,AWS/RDS,ReadLatency,,average,0.0004
2026-09-30T16:28:00+00:00,db,AWS/RDS,ReadLatency,,average,0.0005714285714285715
2026-09-30T16:29:00+00:00,db,AWS/RDS,ReadLatency,,average,0.0
2026-09-30T16:30:00+00:00,db,AWS/RDS,ReadLatency,,average,0.0004
2026-09-30T16:31:00+00:00,db,AWS/RDS,ReadLatency,,average,0.0
2026-09-30T16:32:00+00:00,db,AWS/RDS,ReadLatency,,average,0.00044444444444444447
2026-09-30T16:33:00+00:00,db,AWS/RDS,ReadLatency,,average,0.0
2026-09-30T16:34:00+00:00,db,AWS/RDS,ReadLatency,,average,0.0
2026-09-30T16:35:00+00:00,db,AWS/RDS,ReadLatency,,average,0.0007272727272727273
2026-09-30T16:24:00+00:00,db,AWS/RDS,ReadLatency,,maximum,0.00044444444444444447
2026-09-30T16:25:00+00:00,db,AWS/RDS,ReadLatency,,maximum,0.0008
2026-09-30T16:26:00+00:00,db,AWS/RDS,ReadLatency,,maximum,0.0
2026-09-30T16:27:00+00:00,db,AWS/RDS,ReadLatency,,maximum,0.0004
2026-09-30T16:28:00+00:00,db,AWS/RDS,ReadLatency,,maximum,0.0005714285714285715
2026-09-30T16:29:00+00:00,db,AWS/RDS,ReadLatency,,maximum,0.0
2026-09-30T16:30:00+00:00,db,AWS/RDS,ReadLatency,,maximum,0.0004
2026-09-30T16:31:00+00:00,db,AWS/RDS,ReadLatency,,maximum,0.0
2026-09-30T16:32:00+00:00,db,AWS/RDS,ReadLatency,,maximum,0.00044444444444444447
2026-09-30T16:33:00+00:00,db,AWS/RDS,ReadLatency,,maximum,0.0
2026-09-30T16:34:00+00:00,db,AWS/RDS,ReadLatency,,maximum,0.0
2026-09-30T16:35:00+00:00,db,AWS/RDS,ReadLatency,,maximum,0.0007272727272727273
2026-09-30T16:24:00+00:00,db,AWS/RDS,DiskQueueDepth,,average,0.016481959836680278
2026-09-30T16:25:00+00:00,db,AWS/RDS,DiskQueueDepth,,average,0.0013668489131884252
2026-09-30T16:26:00+00:00,db,AWS/RDS,DiskQueueDepth,,average,0.000199990000499975
2026-09-30T16:27:00+00:00,db,AWS/RDS,DiskQueueDepth,,average,0.05258949542736253
2026-09-30T16:28:00+00:00,db,AWS/RDS,DiskQueueDepth,,average,0.024243131112851358
2026-09-30T16:29:00+00:00,db,AWS/RDS,DiskQueueDepth,,average,0.04871948779511805
2026-09-30T16:30:00+00:00,db,AWS/RDS,DiskQueueDepth,,average,0.04759761261711847
2026-09-30T16:31:00+00:00,db,AWS/RDS,DiskQueueDepth,,average,0.047613494377342774
2026-09-30T16:32:00+00:00,db,AWS/RDS,DiskQueueDepth,,average,0.08591758177667427
2026-09-30T16:33:00+00:00,db,AWS/RDS,DiskQueueDepth,,average,0.047545219638242896
2026-09-30T16:34:00+00:00,db,AWS/RDS,DiskQueueDepth,,average,0.04110274018267884
2026-09-30T16:35:00+00:00,db,AWS/RDS,DiskQueueDepth,,average,0.02302664487944776
2026-09-30T16:24:00+00:00,db,AWS/RDS,DiskQueueDepth,,maximum,0.016481959836680278
2026-09-30T16:25:00+00:00,db,AWS/RDS,DiskQueueDepth,,maximum,0.0013668489131884252
2026-09-30T16:26:00+00:00,db,AWS/RDS,DiskQueueDepth,,maximum,0.000199990000499975
2026-09-30T16:27:00+00:00,db,AWS/RDS,DiskQueueDepth,,maximum,0.05258949542736253
2026-09-30T16:28:00+00:00,db,AWS/RDS,DiskQueueDepth,,maximum,0.024243131112851358
2026-09-30T16:29:00+00:00,db,AWS/RDS,DiskQueueDepth,,maximum,0.04871948779511805
2026-09-30T16:30:00+00:00,db,AWS/RDS,DiskQueueDepth,,maximum,0.04759761261711847
2026-09-30T16:31:00+00:00,db,AWS/RDS,DiskQueueDepth,,maximum,0.047613494377342774
2026-09-30T16:32:00+00:00,db,AWS/RDS,DiskQueueDepth,,maximum,0.08591758177667427
2026-09-30T16:33:00+00:00,db,AWS/RDS,DiskQueueDepth,,maximum,0.047545219638242896
2026-09-30T16:34:00+00:00,db,AWS/RDS,DiskQueueDepth,,maximum,0.04110274018267884
2026-09-30T16:35:00+00:00,db,AWS/RDS,DiskQueueDepth,,maximum,0.02302664487944776
2026-09-30T16:24:00+00:00,db,AWS/RDS,WriteLatency,,average,0.0010009233610341645
2026-09-30T16:25:00+00:00,db,AWS/RDS,WriteLatency,,average,0.0006956521739130435
2026-09-30T16:26:00+00:00,db,AWS/RDS,WriteLatency,,average,0.00047058823529411766
2026-09-30T16:27:00+00:00,db,AWS/RDS,WriteLatency,,average,0.0016919431279620852
2026-09-30T16:28:00+00:00,db,AWS/RDS,WriteLatency,,average,0.0007232546459065796
2026-09-30T16:29:00+00:00,db,AWS/RDS,WriteLatency,,average,0.0009571384520505704
2026-09-30T16:30:00+00:00,db,AWS/RDS,WriteLatency,,average,0.0010193252538486734
2026-09-30T16:31:00+00:00,db,AWS/RDS,WriteLatency,,average,0.0009861245563084866
2026-09-30T16:32:00+00:00,db,AWS/RDS,WriteLatency,,average,0.0012546296296296296
2026-09-30T16:33:00+00:00,db,AWS/RDS,WriteLatency,,average,0.0009819905213270142
2026-09-30T16:34:00+00:00,db,AWS/RDS,WriteLatency,,average,0.0009738489871086557
2026-09-30T16:35:00+00:00,db,AWS/RDS,WriteLatency,,average,0.0009257294429708223
2026-09-30T16:24:00+00:00,db,AWS/RDS,WriteLatency,,maximum,0.0010009233610341645
2026-09-30T16:25:00+00:00,db,AWS/RDS,WriteLatency,,maximum,0.0006956521739130435
2026-09-30T16:26:00+00:00,db,AWS/RDS,WriteLatency,,maximum,0.00047058823529411766
2026-09-30T16:27:00+00:00,db,AWS/RDS,WriteLatency,,maximum,0.0016919431279620852
2026-09-30T16:28:00+00:00,db,AWS/RDS,WriteLatency,,maximum,0.0007232546459065796
2026-09-30T16:29:00+00:00,db,AWS/RDS,WriteLatency,,maximum,0.0009571384520505704
2026-09-30T16:30:00+00:00,db,AWS/RDS,WriteLatency,,maximum,0.0010193252538486734
2026-09-30T16:31:00+00:00,db,AWS/RDS,WriteLatency,,maximum,0.0009861245563084866
2026-09-30T16:32:00+00:00,db,AWS/RDS,WriteLatency,,maximum,0.0012546296296296296
2026-09-30T16:33:00+00:00,db,AWS/RDS,WriteLatency,,maximum,0.0009819905213270142
2026-09-30T16:34:00+00:00,db,AWS/RDS,WriteLatency,,maximum,0.0009738489871086557
2026-09-30T16:35:00+00:00,db,AWS/RDS,WriteLatency,,maximum,0.0009257294429708223
2026-09-30T16:24:00+00:00,db,AWS/RDS,WriteIOPS,,average,16.5319556703608
2026-09-30T16:25:00+00:00,db,AWS/RDS,WriteIOPS,,average,0.6500866782237632
2026-09-30T16:26:00+00:00,db,AWS/RDS,WriteIOPS,,average,0.199990000499975
2026-09-30T16:27:00+00:00,db,AWS/RDS,WriteIOPS,,average,27.68615692153923
2026-09-30T16:28:00+00:00,db,AWS/RDS,WriteIOPS,,average,30.60697445808827
2026-09-30T16:29:00+00:00,db,AWS/RDS,WriteIOPS,,average,50.885324619026974
2026-09-30T16:30:00+00:00,db,AWS/RDS,WriteIOPS,,average,48.601153756377336
2026-09-30T16:31:00+00:00,db,AWS/RDS,WriteIOPS,,average,49.695960016659726
2026-09-30T16:32:00+00:00,db,AWS/RDS,WriteIOPS,,average,69.07067037709753
2026-09-30T16:33:00+00:00,db,AWS/RDS,WriteIOPS,,average,49.8282932684293
2026-09-30T16:34:00+00:00,db,AWS/RDS,WriteIOPS,,average,42.669511300753385
2026-09-30T16:35:00+00:00,db,AWS/RDS,WriteIOPS,,average,23.160036015606764
2026-09-30T16:24:00+00:00,db,AWS/RDS,WriteIOPS,,maximum,16.5319556703608
2026-09-30T16:25:00+00:00,db,AWS/RDS,WriteIOPS,,maximum,0.6500866782237632
2026-09-30T16:26:00+00:00,db,AWS/RDS,WriteIOPS,,maximum,0.199990000499975
2026-09-30T16:27:00+00:00,db,AWS/RDS,WriteIOPS,,maximum,27.68615692153923
2026-09-30T16:28:00+00:00,db,AWS/RDS,WriteIOPS,,maximum,30.60697445808827
2026-09-30T16:29:00+00:00,db,AWS/RDS,WriteIOPS,,maximum,50.885324619026974
2026-09-30T16:30:00+00:00,db,AWS/RDS,WriteIOPS,,maximum,48.601153756377336
2026-09-30T16:31:00+00:00,db,AWS/RDS,WriteIOPS,,maximum,49.695960016659726
2026-09-30T16:32:00+00:00,db,AWS/RDS,WriteIOPS,,maximum,69.07067037709753
2026-09-30T16:33:00+00:00,db,AWS/RDS,WriteIOPS,,maximum,49.8282932684293
2026-09-30T16:34:00+00:00,db,AWS/RDS,WriteIOPS,,maximum,42.669511300753385
2026-09-30T16:35:00+00:00,db,AWS/RDS,WriteIOPS,,maximum,23.160036015606764
2026-09-30T16:24:00+00:00,db,AWS/RDS,ReadIOPS,,average,0.29997500208315975
2026-09-30T16:25:00+00:00,db,AWS/RDS,ReadIOPS,,average,1.3001733564475264
2026-09-30T16:26:00+00:00,db,AWS/RDS,ReadIOPS,,average,0.016665833374997916
2026-09-30T16:27:00+00:00,db,AWS/RDS,ReadIOPS,,average,0.16658337497917708
2026-09-30T16:28:00+00:00,db,AWS/RDS,ReadIOPS,,average,0.11662973391759276
2026-09-30T16:29:00+00:00,db,AWS/RDS,ReadIOPS,,average,0.033345560038680847
2026-09-30T16:30:00+00:00,db,AWS/RDS,ReadIOPS,,average,1.300476841508553
2026-09-30T16:31:00+00:00,db,AWS/RDS,ReadIOPS,,average,0.0
2026-09-30T16:32:00+00:00,db,AWS/RDS,ReadIOPS,,average,0.5998900201629701
2026-09-30T16:33:00+00:00,db,AWS/RDS,ReadIOPS,,average,0.05001166938952422
2026-09-30T16:34:00+00:00,db,AWS/RDS,ReadIOPS,,average,0.0
2026-09-30T16:35:00+00:00,db,AWS/RDS,ReadIOPS,,average,1.317237469570147
2026-09-30T16:24:00+00:00,db,AWS/RDS,ReadIOPS,,maximum,0.29997500208315975
2026-09-30T16:25:00+00:00,db,AWS/RDS,ReadIOPS,,maximum,1.3001733564475264
2026-09-30T16:26:00+00:00,db,AWS/RDS,ReadIOPS,,maximum,0.016665833374997916
2026-09-30T16:27:00+00:00,db,AWS/RDS,ReadIOPS,,maximum,0.16658337497917708
2026-09-30T16:28:00+00:00,db,AWS/RDS,ReadIOPS,,maximum,0.11662973391759276
2026-09-30T16:29:00+00:00,db,AWS/RDS,ReadIOPS,,maximum,0.033345560038680847
2026-09-30T16:30:00+00:00,db,AWS/RDS,ReadIOPS,,maximum,1.300476841508553
2026-09-30T16:31:00+00:00,db,AWS/RDS,ReadIOPS,,maximum,0.0
2026-09-30T16:32:00+00:00,db,AWS/RDS,ReadIOPS,,maximum,0.5998900201629701
2026-09-30T16:33:00+00:00,db,AWS/RDS,ReadIOPS,,maximum,0.05001166938952422
2026-09-30T16:34:00+00:00,db,AWS/RDS,ReadIOPS,,maximum,0.0
2026-09-30T16:35:00+00:00,db,AWS/RDS,ReadIOPS,,maximum,1.317237469570147
2026-09-30T16:24:00+00:00,db,AWS/RDS,ReadThroughput,,average,5051.312390634113
2026-09-30T16:25:00+00:00,db,AWS/RDS,ReadThroughput,,average,682.769082028971
2026-09-30T16:26:00+00:00,db,AWS/RDS,ReadThroughput,,average,68.26211585894274
2026-09-30T16:27:00+00:00,db,AWS/RDS,ReadThroughput,,average,682.3255039147093
2026-09-30T16:28:00+00:00,db,AWS/RDS,ReadThroughput,,average,477.7233496617681
2026-09-30T16:29:00+00:00,db,AWS/RDS,ReadThroughput,,average,136.58796852074164
2026-09-30T16:30:00+00:00,db,AWS/RDS,ReadThroughput,,average,682.8829129224255
2026-09-30T16:31:00+00:00,db,AWS/RDS,ReadThroughput,,average,0.0
2026-09-30T16:32:00+00:00,db,AWS/RDS,ReadThroughput,,average,10033.360550565729
2026-09-30T16:33:00+00:00,db,AWS/RDS,ReadThroughput,,average,477.9781949121462
2026-09-30T16:34:00+00:00,db,AWS/RDS,ReadThroughput,,average,0.0
2026-09-30T16:35:00+00:00,db,AWS/RDS,ReadThroughput,,average,751.2588788475006
2026-09-30T16:24:00+00:00,db,AWS/RDS,ReadThroughput,,maximum,5051.312390634113
2026-09-30T16:25:00+00:00,db,AWS/RDS,ReadThroughput,,maximum,682.769082028971
2026-09-30T16:26:00+00:00,db,AWS/RDS,ReadThroughput,,maximum,68.26211585894274
2026-09-30T16:27:00+00:00,db,AWS/RDS,ReadThroughput,,maximum,682.3255039147093
2026-09-30T16:28:00+00:00,db,AWS/RDS,ReadThroughput,,maximum,477.7233496617681
2026-09-30T16:29:00+00:00,db,AWS/RDS,ReadThroughput,,maximum,136.58796852074164
2026-09-30T16:30:00+00:00,db,AWS/RDS,ReadThroughput,,maximum,682.8829129224255
2026-09-30T16:31:00+00:00,db,AWS/RDS,ReadThroughput,,maximum,0.0
2026-09-30T16:32:00+00:00,db,AWS/RDS,ReadThroughput,,maximum,10033.360550565729
2026-09-30T16:33:00+00:00,db,AWS/RDS,ReadThroughput,,maximum,477.9781949121462
2026-09-30T16:34:00+00:00,db,AWS/RDS,ReadThroughput,,maximum,0.0
2026-09-30T16:35:00+00:00,db,AWS/RDS,ReadThroughput,,maximum,751.2588788475006
2026-09-30T16:24:00+00:00,db,AWS/RDS,WriteThroughput,,average,143484.57628530957
2026-09-30T16:25:00+00:00,db,AWS/RDS,WriteThroughput,,average,4233.16830857962
2026-09-30T16:26:00+00:00,db,AWS/RDS,WriteThroughput,,average,1160.4559696020265
2026-09-30T16:27:00+00:00,db,AWS/RDS,WriteThroughput,,average,2369921.17274696
2026-09-30T16:28:00+00:00,db,AWS/RDS,WriteThroughput,,average,269367.7230164284
2026-09-30T16:29:00+00:00,db,AWS/RDS,WriteThroughput,,average,442408.4300386821
2026-09-30T16:30:00+00:00,db,AWS/RDS,WriteThroughput,,average,418265.7841649856
2026-09-30T16:31:00+00:00,db,AWS/RDS,WriteThroughput,,average,428809.0628904623
2026-09-30T16:32:00+00:00,db,AWS/RDS,WriteThroughput,,average,2652561.163786639
2026-09-30T16:33:00+00:00,db,AWS/RDS,WriteThroughput,,average,431477.74480712163
2026-09-30T16:34:00+00:00,db,AWS/RDS,WriteThroughput,,average,374535.9023934929
2026-09-30T16:35:00+00:00,db,AWS/RDS,WriteThroughput,,average,201610.56457798378
2026-09-30T16:24:00+00:00,db,AWS/RDS,WriteThroughput,,maximum,143484.57628530957
2026-09-30T16:25:00+00:00,db,AWS/RDS,WriteThroughput,,maximum,4233.16830857962
2026-09-30T16:26:00+00:00,db,AWS/RDS,WriteThroughput,,maximum,1160.4559696020265
2026-09-30T16:27:00+00:00,db,AWS/RDS,WriteThroughput,,maximum,2369921.17274696
2026-09-30T16:28:00+00:00,db,AWS/RDS,WriteThroughput,,maximum,269367.7230164284
2026-09-30T16:29:00+00:00,db,AWS/RDS,WriteThroughput,,maximum,442408.4300386821
2026-09-30T16:30:00+00:00,db,AWS/RDS,WriteThroughput,,maximum,418265.7841649856
2026-09-30T16:31:00+00:00,db,AWS/RDS,WriteThroughput,,maximum,428809.0628904623
2026-09-30T16:32:00+00:00,db,AWS/RDS,WriteThroughput,,maximum,2652561.163786639
2026-09-30T16:33:00+00:00,db,AWS/RDS,WriteThroughput,,maximum,431477.74480712163
2026-09-30T16:34:00+00:00,db,AWS/RDS,WriteThroughput,,maximum,374535.9023934929
2026-09-30T16:35:00+00:00,db,AWS/RDS,WriteThroughput,,maximum,201610.56457798378
