procs -----------memory---------- ---swap-- -----io---- -system-- -------cpu------- -----timestamp-----
 r  b   swpd   free   buff  cache   si   so    bi    bo   in   cs us sy id wa st gu                 UTC
 0  0 293060  77324   3436 152428   93  106   580   860 4525   23 17  6 75  1  1  0 2026-09-30 15:19:31
 0  0 293060  76264   3444 152532    0    0     0    48 4121 3945 11  6 82  0  1  0 2026-09-30 15:19:32
 0  0 293060  75984   3444 152504    0    0     0     0 3921 3738  9  6 85  0  0  0 2026-09-30 15:19:33
 0  0 293060  75984   3444 152588    0    0    80     0 3888 3833  9  8 83  0  0  0 2026-09-30 15:19:34
 0  0 293060  81116   3444 152584   40    0    40     0 3680 3706 19  7 74  0  0  0 2026-09-30 15:19:35
 0  0 293060  78856   3444 152568    0    0     0   436 3678 3535  8  5 86  1  0  0 2026-09-30 15:19:36
 0  0 293060  78856   3452 152560   12    0    12    56 3763 3801 13  8 79  0  0  0 2026-09-30 15:19:37
 1  0 293060  78856   3452 152552    0    0     0     0 3353 3238 10  5 85  0  1  0 2026-09-30 15:19:38
 1  0 293060  81576   3452 152520    0    0     0     4 3853 4452 12  7 81  0  0  0 2026-09-30 15:19:39
 1  0 293060  81576   3452 152520    0    0     0     0 3940 3933 10  7 83  0  0  0 2026-09-30 15:19:40
 0  0 293060  81324   3452 152504    0    0     0     0 3561 3428 10  6 84  0  1  0 2026-09-30 15:19:41
 0  0 293060  81324   3468 152476   52    0    52    72 2861 2841  9  5 86  1  0  0 2026-09-30 15:19:42
 0  0 293060  81324   3468 152456    0    0     0     0 3398 3339 10  7 83  0  0  0 2026-09-30 15:19:43
 0  0 292804  61604   3684 166448  652    0 14804    40 6028 9324 12 11 66 10  0  0 2026-09-30 15:19:44
 0  0 293316  75204   3684 164704   40 1396   644  1396 2952 3036  7  6 85  1  1  0 2026-09-30 15:19:45
 0  0 293316  85132   3684 164960    4    0   268     0 3238 3456  8  5 87  0  0  0 2026-09-30 15:19:46
 1  0 293316  84092   3684 164944    0    0     0    20 2591 2818  8  5 88  0  0  0 2026-09-30 15:19:47
 0  0 293316  84092   3684 164928    0    0     0     0 2326 2416  6  4 90  0  0  0 2026-09-30 15:19:48
 1  0 293316  78272   3692 164976    0    0    64    24 2657 3488  9  5 86  0  1  0 2026-09-30 15:19:49
 0  0 293316  78020   3692 164960    0    0     0     0 2546 2577  7  6 88  0  0  0 2026-09-30 15:19:50
 1  0 293316  77044   3692 164960   28    0    28     0 2410 2432  6  5 89  0  0  0 2026-09-30 15:19:51
procs -----------memory---------- ---swap-- -----io---- -system-- -------cpu------- -----timestamp-----
 r  b   swpd   free   buff  cache   si   so    bi    bo   in   cs us sy id wa st gu                 UTC
 0  0 293316  77016   3692 164944    0    0     0     0 2093 2180  6  3 91  0  0  0 2026-09-30 15:19:52
 0  0 293316  77016   3692 164944    0    0     0    16 1901 1936  4  4 92  0  0  0 2026-09-30 15:19:53
 1  0 293316  75508   3692 164944    0    0     0     0 2073 2080  5  4 91  0  0  0 2026-09-30 15:19:54
 0  0 293316  74504   3692 164944    0    0     0     8 1845 1937  5  4 91  0  0  0 2026-09-30 15:19:55
 0  0 293316  73248   3700 164928    0    0     0    16 1741 1859  4  5 92  0  0  0 2026-09-30 15:19:56
 0  0 293316  73248   3700 164928    0    0     0     0 1518 1607  3  3 94  0  0  0 2026-09-30 15:19:57
 0  0 293316  73248   3700 164896    0    0     0    12 1390 1529  4  3 92  0  0  0 2026-09-30 15:19:58
 0  0 293316  72880   3700 164968    4    0   120     0 1925 2846  6  5 89  0  0  0 2026-09-30 15:19:59
 4  0 293316  72380   3700 164884    0    0     0     0 1284 1438  4  4 85  0  8  0 2026-09-30 15:20:00
 0  0 293316  71924   3700 164852    0    0     0     4 1185 1353  4  5 81  0 10  0 2026-09-30 15:20:01
 7  0 293316  71876   3700 164852    0    0     0     0  934 1116  2  3 63  0 32  0 2026-09-30 15:20:02
 0  0 293316  76316   3708 164836    0    0     0    24  782  970  1  4 82  0 12  0 2026-09-30 15:20:03
 0  0 293316  74616   3708 164836   12    0    12     0  908 1209  2  3 95  1  1  0 2026-09-30 15:20:04
 0  0 293316  70024   3708 164820    0    0     0     0  767 1062  2  3 95  0  1  0 2026-09-30 15:20:05
 0  0 293316  68056   3708 164820    0    0     0     0  767  988  1  3 96  0  0  0 2026-09-30 15:20:06
 0  0 293316  68012   3708 164776    0    0     0     0  804 1042  2  3 96  0  0  0 2026-09-30 15:20:07
 0  0 293316  68012   3716 164768    0    0     0    20  787 1042  1  3 96  0  0  0 2026-09-30 15:20:08
 2  0 293316  86280   3732 164488  204    0   428    84 2382 3198  6  7 87  0  0  0 2026-09-30 15:20:09
 0  0 293316  94488   3732 163516    0    0     0     0  801 1080  1  3 95  0  0  0 2026-09-30 15:20:10
 0  0 293316  90208   3732 163516    0    0     0     0  718  948  1  2 97  0  0  0 2026-09-30 15:20:11
 0  0 293316  88948   3732 163516    0    0     0     0  747 1052  3  2 96  0  0  0 2026-09-30 15:20:12
procs -----------memory---------- ---swap-- -----io---- -system-- -------cpu------- -----timestamp-----
 r  b   swpd   free   buff  cache   si   so    bi    bo   in   cs us sy id wa st gu                 UTC
 0  0 293316  87440   3732 163516    0    0     0   568  761  992  1  3 96  1  0  0 2026-09-30 15:20:13
 0  0 293316  86432   3732 163516    0    0     0     0  716 1003  1  2 97  0  0  0 2026-09-30 15:20:14
 0  0 293316  86432   3740 163508    0    0     0    28  734  969  1  3 96  0  0  0 2026-09-30 15:20:15
 0  0 293316  85932   3740 163516    0    0     0     0  693  956  2  2 96  0  0  0 2026-09-30 15:20:16
 0  0 293316  84972   3740 163516    0    0     0     0  749 1063  1  3 96  0  0  0 2026-09-30 15:20:17
 0  0 293316  81400   3740 163516    4    0     4     4  776 1009  2  2 95  0  1  0 2026-09-30 15:20:18
 0  0 293316  75716   3740 163520    0    0     0     0 1166 2212  4  4 93  0  0  0 2026-09-30 15:20:19
 0  0 293316  75780   3740 163516    0    0     0    16  749  997  1  2 97  0  0  0 2026-09-30 15:20:20
 0  0 293316  75780   3740 163516    0    0     0     0  705  979  2  2 96  0  0  0 2026-09-30 15:20:21
 0  0 293316  75780   3740 163500    0    0     0     0  683  941  2  3 96  0  0  0 2026-09-30 15:20:22
 1  0 293316  75780   3748 163500    0    0     0    24  691  957  2  2 97  0  0  0 2026-09-30 15:20:23
 0  0 293316  75528   3748 163500    0    0     0     0  706  942  1  2 97  0  0  0 2026-09-30 15:20:24
 0  0 293316  75528   3748 163500    0    0     0     0  716 1013  1  2 97  0  0  0 2026-09-30 15:20:25
 0  0 293316  75528   3748 163500    0    0     0     0  699  940  0  4 95  0  0  0 2026-09-30 15:20:26
 0  0 293316  74780   3748 163500    0    0    56     0  738 1024  2  2 96  0  0  0 2026-09-30 15:20:27
 0  0 293316  74020   3748 163556    0    0     0     8  741  993  0  3 97  0  0  0 2026-09-30 15:20:28
 2  0 293316  69924   3748 163560    0    0     0     0  784 1178  1  3 96  0  0  0 2026-09-30 15:20:29
 0  0 293316  72952   3748 163608    0    0    52     0 1059 1972  2  4 94  0  0  0 2026-09-30 15:20:30
 0  0 293316  73756   3748 163608    0    0     0     0  705  929  1  3 96  0  0  0 2026-09-30 15:20:31
 0  0 293316  74052   3748 163608    0    0     0     0  677  905  1  2 97  0  0  0 2026-09-30 15:20:32
 0  0 293316  74004   3756 163608    0    0     0    16  715  967  1  3 96  1  0  0 2026-09-30 15:20:33
procs -----------memory---------- ---swap-- -----io---- -system-- -------cpu------- -----timestamp-----
 r  b   swpd   free   buff  cache   si   so    bi    bo   in   cs us sy id wa st gu                 UTC
 0  0 293316  73756   3756 163608    0    0     0     0  670  951  1  3 96  0  0  0 2026-09-30 15:20:34
 0  0 293316  73756   3756 163608    0    0     0     0  732 1032  2  2 96  0  1  0 2026-09-30 15:20:35
 2  0 293316  73756   3756 163608    4    0     4     0  698  938  1  4 95  0  0  0 2026-09-30 15:20:36
 0  0 293316  73756   3756 163608    0    0     0     0  723  980  1  3 95  0  0  0 2026-09-30 15:20:37
 0  0 293316  73756   3756 163608   12    0    12     0  743  987  1  2 97  0  0  0 2026-09-30 15:20:38
 0  0 293316  73064   3756 163608    0    0     0     8  790 1096  2  2 96  0  0  0 2026-09-30 15:20:39
 0  0 293316  67916   3756 163608    0    0     0     4 1171 2259  3  5 93  0  0  0 2026-09-30 15:20:40
 0  0 293316  65652   3756 163608    0    0     0     0  693  940  1  2 97  0  0  0 2026-09-30 15:20:41
 0  0 293316  64900   3756 163612    0    0     0     0  825 1128  1  3 96  0  1  0 2026-09-30 15:20:42
 0  0 293316  64396   3756 163612    0    0     0     0  734  937  2  2 97  0  0  0 2026-09-30 15:20:43
 0  0 293316  64396   3764 163612    0    0     0    16  701  947  1  3 96  0  0  0 2026-09-30 15:20:44
 0  0 293316  64396   3764 163612    0    0     0     0  797 1078  2  2 96  0  0  0 2026-09-30 15:20:45
 0  0 293316  63920   3764 163612    0    0     0     0  690  963  1  4 96  0  0  0 2026-09-30 15:20:46
 0  0 293316  63872   3764 163612    0    0     0     0  727 1041  1  2 97  0  0  0 2026-09-30 15:20:47
 0  0 293316  64676   3764 163612    0    0     0     0  698  959  2  3 96  0  0  0 2026-09-30 15:20:48
 1  0 293316  64676   3764 163612    0    0     0     8  666  928  2  2 96  0  0  0 2026-09-30 15:20:49
 0  0 293828 109540   3724 155260   20  592    20   592 1111 2113  3  3 94  0  0  0 2026-09-30 15:20:50
 0  0 293828 107312   3732 155260    0    0     0    12  744 1012  2  2 96  1  0  0 2026-09-30 15:20:51
 0  0 293828 106520   3732 155260    0    0     0     0  734 1016  1  2 96  0  1  0 2026-09-30 15:20:52
 0  0 293828 106520   3732 155260    4    0     4     0  743 1030  2  2 96  0  0  0 2026-09-30 15:20:53
 0  0 293816 106272   3732 155260    0    0     0     8  742 1021  1  3 96  0  0  0 2026-09-30 15:20:54
procs -----------memory---------- ---swap-- -----io---- -system-- -------cpu------- -----timestamp-----
 r  b   swpd   free   buff  cache   si   so    bi    bo   in   cs us sy id wa st gu                 UTC
 0  0 293816 102176   3732 155260    8    0     8     0  751 1082  1  4 96  0  0  0 2026-09-30 15:20:55
 0  0 293816 101172   3732 155260    0    0     0     0  677  916  1  2 97  0  0  0 2026-09-30 15:20:56
 0  0 293816  97156   3732 155260    0    0     0     0  770 1027  1  4 96  0  0  0 2026-09-30 15:20:57
 0  0 293560  96892   3732 155260    4    0     4     0  738  976  1  3 97  0  0  0 2026-09-30 15:20:58
 0  0 293508  94880   3740 155260   16    0    16    20  862 1137  2  3 96  0  0  0 2026-09-30 15:20:59
 0  0 293508  91868   3740 155260    4    0     4     0 1138 2198  2  3 86  0  8  0 2026-09-30 15:21:00
 0  0 293508  91868   3740 155260   32    0    32     0  775 1048  1  3 95  1  1  0 2026-09-30 15:21:01
 1  0 293508  91868   3740 155256   12    0    12     0  733  998  2  3 87  0  8  0 2026-09-30 15:21:02
 0  0 293508  91868   3740 155256    4    0     4     0  676  960  2  2 96  0  1  0 2026-09-30 15:21:03
 0  0 293508  91868   3748 155256    4    0     4    24  722  987  1  4 96  0  0  0 2026-09-30 15:21:04
 0  0 293508  92584   3748 155252    0    0     0     0  731  988  2  2 97  0  0  0 2026-09-30 15:21:05
 0  0 293508  92640   3748 155252    4    0     4     0  739  974  1  2 97  0  0  0 2026-09-30 15:21:06
 0  0 293508  92640   3748 155252    0    0     0     0  704  988  2  4 94  0  0  0 2026-09-30 15:21:07
 0  0 293508  92640   3748 155252    4    0     4     0  709  961  1  2 97  0  0  0 2026-09-30 15:21:08
 0  0 293252 135896   3748 155148   40    0    40    12  914 1486  1  3 96  0  0  0 2026-09-30 15:21:09
 0  0 293252 122380   3748 155108    0    0     0     0 1186 2249  3  4 93  0  1  0 2026-09-30 15:21:10
 0  0 293252 120884   3756 155100    0    0     0    12  706  958  0  3 97  1  0  0 2026-09-30 15:21:11
 0  0 293252 116340   3756 155108    0    0     0     0  759 1037  2  3 96  0  0  0 2026-09-30 15:21:12
 0  0 293252 111836   3756 155108    0    0     0     0  719  947  1  3 96  0  0  0 2026-09-30 15:21:13
 0  0 293252 107528   3756 155108    0    0     0     4  689  936  1  2 98  0  0  0 2026-09-30 15:21:14
 0  0 293252 106020   3756 155108    0    0     0     0  704  969  1  3 96  0  0  0 2026-09-30 15:21:15
procs -----------memory---------- ---swap-- -----io---- -system-- -------cpu------- -----timestamp-----
 r  b   swpd   free   buff  cache   si   so    bi    bo   in   cs us sy id wa st gu                 UTC
 0  0 293252 106020   3756 155108    0    0     0     0  675  945  1  3 96  0  0  0 2026-09-30 15:21:16
 0  0 293252 106024   3756 155108    4    0     4     0  729 1023  1  2 97  0  0  0 2026-09-30 15:21:17
 0  0 293252 106024   3756 155112    0    0     0     0  712  963  1  2 97  0  0  0 2026-09-30 15:21:18
 0  0 293252 105976   3756 155112    0    0     0     0  707  934  2  3 96  0  0  0 2026-09-30 15:21:19
 0  0 293252  97928   3764 155300    4    0   192    16 1163 2201  2  4 94  0  1  0 2026-09-30 15:21:20
 0  0 293252  97928   3764 155300    0    0     0     0  678  971  2  2 96  0  0  0 2026-09-30 15:21:21
 0  0 293252  97928   3764 155300    0    0     0     0  704 1019  2  2 97  0  0  0 2026-09-30 15:21:22
 0  0 293252  97928   3764 155300    0    0     0     0  682  962  2  2 96  0  0  0 2026-09-30 15:21:23
 1  0 293252  98940   3764 155300    0    0     0     0  693  913  1  3 97  0  0  0 2026-09-30 15:21:24
 0  0 293252  98940   3764 155300    0    0     0     8  706  987  1  3 96  0  0  0 2026-09-30 15:21:25
 0  0 293252  98940   3764 155300    0    0     0     0  716  972  1  3 96  0  0  0 2026-09-30 15:21:26
 0  0 293252  98940   3772 155408    0    0   108    12  719  994  1  2 97  0  0  0 2026-09-30 15:21:27
 0  0 293252  98940   3772 155408    0    0     0     0  686  924  1  4 95  0  0  0 2026-09-30 15:21:28
 0  0 293252  98940   3772 155408    0    0     0     0  682  921  1  3 97  0  0  0 2026-09-30 15:21:29
 0  0 293252 104068   3772 155524    0    0   120     4 1163 2244  4  3 93  0  1  0 2026-09-30 15:21:30
 0  0 293252 104036   3772 155528    0    0     0     0  738  993  2  2 96  0  0  0 2026-09-30 15:21:31
 0  0 293252 104036   3772 155528    0    0     0     0  692  944  1  2 97  0  0  0 2026-09-30 15:21:32
 0  0 293252 103540   3772 155528    0    0     0     0  735 1022  2  2 97  0  0  0 2026-09-30 15:21:33
 0  0 293252 103292   3772 155528    0    0     0     0  679  924  1  3 96  0  0  0 2026-09-30 15:21:34
 0  0 293252 103292   3780 155528    0    0     0    16  797 1102  1  2 97  0  0  0 2026-09-30 15:21:35
 0  0 293252 103544   3780 155528    4    0     4     0  691  969  2  3 95  0  0  0 2026-09-30 15:21:36
procs -----------memory---------- ---swap-- -----io---- -system-- -------cpu------- -----timestamp-----
 r  b   swpd   free   buff  cache   si   so    bi    bo   in   cs us sy id wa st gu                 UTC
 0  0 293252 110036   3780 155528    0    0     0     0  797 1083  2  3 95  0  0  0 2026-09-30 15:21:37
 2  0 293252 110036   3780 155528    0    0     0     0  698  939  1  2 96  0  0  0 2026-09-30 15:21:38
 0  0 293252 110036   3780 155528    0    0     0     0  781 1015  1  3 96  0  0  0 2026-09-30 15:21:39
 0  0 293252 114392   3780 155528    8    0     8     8 1227 2328  3  4 93  1  0  0 2026-09-30 15:21:40
 0  0 293252 114392   3780 155528    0    0     0     0  659  923  1  3 96  0  0  0 2026-09-30 15:21:41
 0  0 293252 114392   3780 155528    0    0     0     0  806 1096  2  3 96  0  0  0 2026-09-30 15:21:42
 0  0 293252 114392   3780 155528    0    0     0     0  688  937  1  3 97  0  0  0 2026-09-30 15:21:43
 0  0 293252 114392   3780 155528    0    0     0     0  707  988  1  3 96  0  1  0 2026-09-30 15:21:44
 0  0 293252 113892   3788 155528    0    0     0    16  820 1107  1  2 96  0  1  0 2026-09-30 15:21:45
 0  0 293252 105552   3788 155528    4    0     4     0  730  979  1  4 96  0  0  0 2026-09-30 15:21:46
 0  0 293252 106532   3788 155528    0    0     0     0  721  963  1  2 97  0  0  0 2026-09-30 15:21:47
 0  0 293252 106532   3788 155528    0    0     0     0  700  962  1  2 97  0  0  0 2026-09-30 15:21:48
 0  0 293252 106532   3788 155528    0    0     0     0  689  973  2  2 96  0  0  0 2026-09-30 15:21:49
 2  0 293252 104332   3788 155628    4    0   104     8 1193 2147  4  4 93  0  0  0 2026-09-30 15:21:50
 0  0 293252 104332   3788 155628    0    0     0     0  670  951  1  3 96  0  0  0 2026-09-30 15:21:51
 0  0 293252 102820   3788 155628    0    0     0     0  655  908  2  2 97  0  0  0 2026-09-30 15:21:52
 0  0 293252 100272   3788 155628    0    0     0     0  681  978  1  3 96  0  1  0 2026-09-30 15:21:53
 0  0 293252 100064   3788 155628    0    0     0     0  743  997  2  2 96  0  0  0 2026-09-30 15:21:54
 0  0 293252 100324   3796 155632    0    0     0    16  796 1143  1  3 96  0  0  0 2026-09-30 15:21:55
 0  0 293252 100384   3796 155632    0    0     0     0  676  932  1  2 97  0  0  0 2026-09-30 15:21:56
 0  0 293252  99888   3796 155632    4    0     4     0  710  960  1  2 97  0  0  0 2026-09-30 15:21:57
procs -----------memory---------- ---swap-- -----io---- -system-- -------cpu------- -----timestamp-----
 r  b   swpd   free   buff  cache   si   so    bi    bo   in   cs us sy id wa st gu                 UTC
 0  0 293252 100000   3796 155632    0    0     0     0  694  931  1  2 97  0  0  0 2026-09-30 15:21:58
 0  0 293252  99752   3796 155632    0    0     0     0  705  967  2  3 96  0  0  0 2026-09-30 15:21:59
 0  0 293252 107940   3796 155632    8    0     8     8 1052 2057  4  4 87  0  5  0 2026-09-30 15:22:00
 0  0 293252 107688   3796 155632    0    0     0     0  719  960  1  2 96  0  2  0 2026-09-30 15:22:01
 0  0 293252 107440   3796 155632    0    0     0     0  689  920  2  2 88  0  8  0 2026-09-30 15:22:02
 0  0 293252 107192   3796 155632    0    0     0     0  731  960  1  4 95  0  1  0 2026-09-30 15:22:03
 0  0 293252 106944   3796 155632    0    0     0     0  696  950  2  2 97  0  0  0 2026-09-30 15:22:04
 0  0 293252 106944   3796 155632    0    0     0     0  757 1003  2  3 96  0  0  0 2026-09-30 15:22:05
 1  0 293252 106944   3804 155632    0    0     0    16  690  962  2  3 96  0  0  0 2026-09-30 15:22:06
 0  0 293252 102848   3804 155632    4    0     4     0  733 1003  1  3 96  0  0  0 2026-09-30 15:22:07
 0  0 293252 102848   3804 155632    0    0     0     0  700  948  1  3 96  0  0  0 2026-09-30 15:22:08
 0  1 293252  96160   3804 158980    0    0  3380     0  948 1281  3  4 91  3  0  0 2026-09-30 15:22:09
 0  0 292996 113312   3808 164388   24    0  5164     0 1740 2960  8  6 83  3  0  0 2026-09-30 15:22:10
 0  0 292996 112856   3808 164388    0    0     0     8  747 1030  2  3 96  0  0  0 2026-09-30 15:22:11
 0  0 292996 110088   3808 164388    0    0     0     0  780 1077  1  3 96  0  0  0 2026-09-30 15:22:12
 0  0 292996 109284   3840 164396    0    0    16   100 1270 1500  3  3 93  0  0  0 2026-09-30 15:22:13
 0  0 292996 109284   3840 164396    0    0     0     0 2123 2123  7  4 89  0  0  0 2026-09-30 15:22:14
 0  0 292996 109284   3840 164396    0    0     0     0 2184 2191  9  4 87  0  0  0 2026-09-30 15:22:15
 1  0 292996 109060   3840 164396    0    0     0    12 2172 2142  7  5 87  0  0  0 2026-09-30 15:22:16
 0  0 292996 109060   3840 164396    4    0     4     0 2442 2384  7  5 88  0  0  0 2026-09-30 15:22:17
 0  0 292996 109060   3840 164396    0    0     0    44 2685 2626 10  4 86  0  0  0 2026-09-30 15:22:18
procs -----------memory---------- ---swap-- -----io---- -system-- -------cpu------- -----timestamp-----
 r  b   swpd   free   buff  cache   si   so    bi    bo   in   cs us sy id wa st gu                 UTC
 1  0 292996 108820   3848 164428    0    0     0    16 2742 2611 10  5 85  0  0  0 2026-09-30 15:22:19
 0  0 292996 114092   3848 164476   32    0    32     0 3495 4232 19  7 74  0  0  0 2026-09-30 15:22:20
 0  0 292996 113388   3848 164524    0    0     0    16 3146 3057  9  5 87  0  0  0 2026-09-30 15:22:21
 0  0 292996 113388   3848 164572    0    0     0     0 3370 3230 12  5 83  0  0  0 2026-09-30 15:22:22
 3  0 292996 113140   3848 164604    0    0     0     0 3606 3538 13  4 82  0  0  0 2026-09-30 15:22:23
 0  0 292996 112696   3848 164652    0    0     0     4 3774 3560 12  6 81  0  1  0 2026-09-30 15:22:24
 0  0 292996 112696   3856 164684    0    0     0    12 3759 3584 11  5 84  0  0  0 2026-09-30 15:22:25
 0  0 292996 112696   3856 164732    0    0     0    16 4039 3857 14  7 79  0  0  0 2026-09-30 15:22:26
 0  0 292996 112504   3856 164732   12    0    12     0 4341 4182 11  9 81  0  0  0 2026-09-30 15:22:27
 3  0 292996 112248   3856 164812    0    0     0     0 4670 4480 14  7 79  0  0  0 2026-09-30 15:22:28
 3  0 292996 112248   3856 164844    0    0     0     0 4647 4532 14  7 80  0  1  0 2026-09-30 15:22:29
 1  0 292996 106848   3856 165100    8    0   196     0 5306 5985 17  9 74  1  0  0 2026-09-30 15:22:30
 0  0 292996 106656   3864 165092    0    0     0    28 4548 4345 13  7 79  0  0  0 2026-09-30 15:22:31
 6  0 292996 106372   3864 165244   44    0   108     0 5205 5031 17  8 75  0  0  0 2026-09-30 15:22:32
 1  0 292996 105656   3864 165276    0    0     0     0 5398 5257 13  9 78  0  0  0 2026-09-30 15:22:33
 1  0 292996 105432   3864 165324    0    0     0     0 5169 5057 16  8 75  0  0  0 2026-09-30 15:22:34
 3  0 292996 105432   3864 165340    0    0     0     0 5570 5524 17  8 75  0  0  0 2026-09-30 15:22:35
 1  0 292740 105432   3872 165404   16    0    16    28 5721 5552 19 10 70  0  0  0 2026-09-30 15:22:36
 0  0 292740 104956   3872 165452    0    0     0     0 5644 5326 13 12 76  0  0  0 2026-09-30 15:22:37
 0  0 292740 104732   3872 165500    0    0     0     0 6022 5813 19  9 73  0  0  0 2026-09-30 15:22:38
 1  0 292740 104224   3872 165548    4    0     4     0 6289 6140 20  7 73  1  0  0 2026-09-30 15:22:39
procs -----------memory---------- ---swap-- -----io---- -system-- -------cpu------- -----timestamp-----
 r  b   swpd   free   buff  cache   si   so    bi    bo   in   cs us sy id wa st gu                 UTC
 0  0 292740  97028   3872 165580    8    0     8   560 7068 7720 25 10 65  0  0  0 2026-09-30 15:22:40
 1  0 292740  96348   3880 165628    0    0     0    40 6246 6113 18  9 72  0  0  0 2026-09-30 15:22:41
 1  0 292740  96060   3880 165644    0    0     0     0 6506 6225 21  9 69  0  1  0 2026-09-30 15:22:42
 3  0 292740  94564   3880 165692    0    0     0     0 6998 6838 30  8 61  0  0  0 2026-09-30 15:22:43
 0  0 292740  94068   3880 165740    0    0     0     4 6607 6470 24 11 66  0  0  0 2026-09-30 15:22:44
 1  0 292740  93604   3880 165788    0    0     0     0 7271 7159 23  8 68  0  0  0 2026-09-30 15:22:45
 0  0 292740  93100   3880 165836    0    0     0     0 7125 6877 23 10 67  0  0  0 2026-09-30 15:22:46
 2  0 292740  91868   3888 165884    0    0     0    40 7437 7403 21 10 70  0  0  0 2026-09-30 15:22:47
 0  0 292740  90172   3888 165884    0    0     0     0 7490 7354 20 13 67  0  0  0 2026-09-30 15:22:48
 0  0 292740  89880   3888 165948    4    0     4     0 7511 7466 20 12 68  0  0  0 2026-09-30 15:22:49
 1  0 292740  94148   3888 166176    8    0   172     0 8218 8996 25 13 62  0  0  0 2026-09-30 15:22:50
 3  0 292740  93924   3888 166208    0    0     0     0 7712 7873 23 10 67  0  0  0 2026-09-30 15:22:51
 2  0 292740  92676   3896 166240   16    0    16    28 7466 7396 33 12 54  0  0  0 2026-09-30 15:22:52
 5  0 292740  92424   3896 166304    0    0     0     0 8051 7789 21 13 67  0  0  0 2026-09-30 15:22:53
 4  0 292740  91976   3896 166320    0    0     0     0 8562 8213 27 12 60  0  0  0 2026-09-30 15:22:54
 3  0 292740  91976   3896 166368    0    0     0     0 8040 8051 23 11 66  0  0  0 2026-09-30 15:22:55
 1  0 292740  91976   3896 166416    8    0     8     0 8730 8717 31 11 57  0  0  0 2026-09-30 15:22:56
 1  0 292740  91288   3904 166448    0    0     0    28 8645 8498 26 11 62  0  1  0 2026-09-30 15:22:57
 1  0 292740  90784   3904 166496    4    0     4     0 8397 8211 33 10 56  0  0  0 2026-09-30 15:22:58
 0  0 292740  90784   3904 166544    0    0     0     0 8968 8634 35 14 51  0  0  0 2026-09-30 15:22:59
18  0 292740  82232   3904 166576    4    0     4     0 8645 8542 30 14 48  0  8  0 2026-09-30 15:23:00
procs -----------memory---------- ---swap-- -----io---- -system-- -------cpu------- -----timestamp-----
 r  b   swpd   free   buff  cache   si   so    bi    bo   in   cs us sy id wa st gu                 UTC
 5  0 292740  89132   3904 166752    4    0   132     0 9587 9530 28 17 53  0  2  0 2026-09-30 15:23:01
 0  0 292740  88876   3912 166800    4    0     4    28 9426 9299 38 14 36  0 12  0 2026-09-30 15:23:02
 2  0 292740  88644   3912 166832    0    0     0     0 9475 9008 32 13 54  0  0  0 2026-09-30 15:23:03
 0  0 292740  88408   3912 166880    4    0     4     0 9048 9011 41 12 47  0  0  0 2026-09-30 15:23:04
 3  0 292740  88184   3912 166928    0    0     0     0 9477 9548 27 14 59  0  0  0 2026-09-30 15:23:05
 2  0 292740  87960   3912 166964    0    0     0     0 9917 9638 29 14 56  0  1  0 2026-09-30 15:23:06
 0  0 292740  87960   3920 166988    0    0     0    28 10370 9776 30 13 57  0  0  0 2026-09-30 15:23:07
 0  0 292740  87736   3920 167184  332    0   456     0 10319 9822 30 18 51  1  0  0 2026-09-30 15:23:08
 3  0 292740  87272   3920 167232   56    0    56     0 9664 8933 40 15 46  0  0  0 2026-09-30 15:23:09
 2  0 292740  87272   3920 167264   88    0    88     0 10797 10339 39 16 45  0  0  0 2026-09-30 15:23:10
 0  0 292740  86432   3920 167312   68    0    68     0 11014 11580 34 17 48  1  0  0 2026-09-30 15:23:11
 3  0 292740  85932   3928 167360  100    0   100    28 10574 11273 35 17 48  0  1  0 2026-09-30 15:23:12
 0  0 292740  85704   3928 167376    4    0     4     0 9937 9960 33 14 52  0  0  0 2026-09-30 15:23:13
 1  0 292740  85704   3948 167488   36    0    40   168 10610 10456 47 15 38  0  0  0 2026-09-30 15:23:14
 2  0 292484  85480   3948 167464   72    0    72     0 10383 10523 42 15 43  0  0  0 2026-09-30 15:23:15
 1  0 292484  85260   3948 167528   96    0    96     0 11993 11543 36 17 47  0  0  0 2026-09-30 15:23:16
 1  0 292484  85012   3948 167568    0    0     0    56 11137 10721 34 15 51  0  0  0 2026-09-30 15:23:17
 1  0 292484  84788   3948 167616    8    0     8     0 10996 10733 47 19 34  0  0  0 2026-09-30 15:23:18
 3  0 292484  84564   3948 167648    4    0     4     0 11021 10987 33 19 48  0  0  0 2026-09-30 15:23:19
 2  0 292484  84312   3956 167712    0    0     0    16 11486 11981 35 19 46  0  0  0 2026-09-30 15:23:20
 0  0 292484  83720   3956 167768    0    0     0     0 11995 12735 36 19 46  0  0  0 2026-09-30 15:23:21
procs -----------memory---------- ---swap-- -----io---- -system-- -------cpu------- -----timestamp-----
 r  b   swpd   free   buff  cache   si   so    bi    bo   in   cs us sy id wa st gu                 UTC
 0  0 292484  83256   3956 167824    4    0     4    16 11237 10698 50 15 35  0  0  0 2026-09-30 15:23:22
 2  0 292484  83004   3956 167888    0    0     0     0 11531 11572 35 18 48  0  0  0 2026-09-30 15:23:23
 4  0 292484  83004   3956 167936   60    0    60     0 11745 11898 39 20 42  0  0  0 2026-09-30 15:23:24
 9  0 292484  82352   3956 167992    0    0     0     4 11571 11172 44 16 40  0  0  0 2026-09-30 15:23:25
 4  0 292484  82308   3964 168044    0    0     0    16 11211 10960 43 17 40  0  1  0 2026-09-30 15:23:26
 1  0 292484  81832   3964 168080    0    0     0    16 12387 11737 39 18 44  0  0  0 2026-09-30 15:23:27
 0  0 292484  81328   3964 168172    0    0     0     0 11379 11591 38 19 42  0  0  0 2026-09-30 15:23:28
 3  0 292484  80856   3964 168192    0    0     0     0 11648 11751 50 21 29  0  0  0 2026-09-30 15:23:29
 0  0 292484  80856   3964 168240    0    0     0     0 12487 12193 39 19 43  0  0  0 2026-09-30 15:23:30
 2  0 292484  78468   3964 168308    4    0     4     4 13022 13742 46 21 33  0  0  0 2026-09-30 15:23:31
 0  0 292484  78468   3964 168332    0    0     0     0 12125 12250 51 21 28  0  0  0 2026-09-30 15:23:32
 1  0 292484  78216   3972 168380    8    0     8    28 12549 12559 43 19 39  0  1  0 2026-09-30 15:23:33
 3  0 292484  77768   3972 168456    0    0     0     0 13098 12566 38 19 42  0  0  0 2026-09-30 15:23:34
 8  0 292484  77464   3972 168492    0    0     0     0 12043 12349 54 22 25  0  0  0 2026-09-30 15:23:35
11  0 292484  76780   3972 169456   12    0   344     0 13025 13129 43 21 36  0  0  0 2026-09-30 15:23:36
 0  0 292484  76508   3972 169544    0    0    16     0 12194 13251 42 21 37  0  0  0 2026-09-30 15:23:37
 1  0 292484  76288   3980 169624    8    0     8    28 11749 12064 52 22 27  0  0  0 2026-09-30 15:23:38
 0  0 292484  76032   3980 169660    4    0     4     0 13224 13100 42 23 34  0  0  0 2026-09-30 15:23:39
 2  0 292484  72184   3980 169856  132    0   268     0 11669 12800 53 22 24  1  0  0 2026-09-30 15:23:40
 1  0 292484  64900   3980 170320    8    0     8     0 12831 14024 51 23 26  0  0  0 2026-09-30 15:23:41
 0  0 292484  64836   3980 170336    0    0     0     0 13538 13090 47 20 33  0  0  0 2026-09-30 15:23:42
procs -----------memory---------- ---swap-- -----io---- -system-- -------cpu------- -----timestamp-----
 r  b   swpd   free   buff  cache   si   so    bi    bo   in   cs us sy id wa st gu                 UTC
 2  0 292484  64588   3988 170416   16    0    16    28 12890 12618 61 24 15  0  0  0 2026-09-30 15:23:43
 0  0 292484  64124   3988 170472    0    0     0     0 13748 13163 41 23 36  0  0  0 2026-09-30 15:23:44
 9  0 292080  63652   3988 170516    4    0     4     4 12360 13233 58 22 20  0  0  0 2026-09-30 15:23:45
 4  0 292080  63648   3988 170552    0    0     0     0 14044 13333 48 21 32  0  0  0 2026-09-30 15:23:46
20  0 292080  63648   3988 170584   32    0    32     0 13558 13085 56 21 23  0  0  0 2026-09-30 15:23:47
 1  0 292080  63200   3996 170688    0    0     0    28 12788 13001 55 22 23  0  0  0 2026-09-30 15:23:48
 8  0 292080  63200   3996 170688    0    0     0     0 13328 13558 52 22 25  0  0  0 2026-09-30 15:23:49
 0  0 292080  63200   3996 170764    0    0     0     0 13110 12723 58 25 16  0  0  0 2026-09-30 15:23:50
 3  0 292080  56672   3996 170800    0    0     0     0 13112 14570 50 22 28  0  0  0 2026-09-30 15:23:51
 5  0 292080  56140   3996 170920    0    0     0     0 13213 12544 61 27 13  0  0  0 2026-09-30 15:23:52
 2  0 292080  87892   4000 168708   32    8    32    36 13809 13934 48 25 27  0  0  0 2026-09-30 15:23:53
11  0 292080  87568   4000 168768    0    0     0     0 13208 13673 67 22 12  0  0  0 2026-09-30 15:23:54
 2  0 292080  87316   4000 168812    0    0     0     0 13300 13447 48 22 30  0  0  0 2026-09-30 15:23:55
 4  0 292080  87220   4000 168860    4    0     4     0 13161 12486 67 22 11  0  0  0 2026-09-30 15:23:56
 3  0 292080  86744   4000 168900   20    0    20     0 14777 14052 52 24 24  0  0  0 2026-09-30 15:23:57
 8  0 292080  86744   4008 168924    0    0     0    28 13939 12980 61 25 15  0  0  0 2026-09-30 15:23:58
 5  0 292080  86312   4008 168996    0    0     0     0 14547 14401 55 25 21  0  0  0 2026-09-30 15:23:59
17  0 292080  84580   4008 169056   16    0    16     0 11350 12217 60 22  7  0 10  0 2026-09-30 15:24:00
16  0 292848  85560   3984 166700  412 1360   940  1360 15264 13975 68 30  1  0  1  0 2026-09-30 15:24:01
23  0 292592  84236   3984 166620  160    0   160     0 7112 6242 40 16  1  0 43  0 2026-09-30 15:24:02
14  0 292592  74772   3992 166696   36    0    36    28 12069 9083 61 21  2  1 17  0 2026-09-30 15:24:03
procs -----------memory---------- ---swap-- -----io---- -system-- -------cpu------- -----timestamp-----
 r  b   swpd   free   buff  cache   si   so    bi    bo   in   cs us sy id wa st gu                 UTC
18  0 292592  74696   3992 166736    8    0     8     0 16256 13667 68 31  1  0  0  0 2026-09-30 15:24:04
23  0 292592  74276   3992 166764   12    0    12     0 14243 12214 71 29  1  0  0  0 2026-09-30 15:24:05
 8  0 292592  70148   3992 166860    0    0     0     0 14753 13176 64 25 10  0  0  0 2026-09-30 15:24:06
 7  0 292592  69896   3992 166932    4    0     4     0 13789 14093 51 24 26  0  0  0 2026-09-30 15:24:07
 6  0 292592  50316   4000 166980    8    0     8    28 13565 12529 66 27  7  0  0  0 2026-09-30 15:24:08
21  0 294128  71472   3300 161140    0 2752     0  2752 15726 13629 63 27 10  0  0  0 2026-09-30 15:24:09
 2  0 294128  63148   3300 161100   12    0    12     0 13143 11280 73 27  1  0  0  0 2026-09-30 15:24:10
20  0 294896  89772   2712 139832   12  872   432   872 15038 14100 69 30  2  0  0  0 2026-09-30 15:24:11
19  0 294896  88908   2712 139892    0    0     0     0 14032 12365 66 33  1  0  0  0 2026-09-30 15:24:12
20  0 294896  64648   2712 139940    0    0     0     0 14164 12102 71 28  2  0  0  0 2026-09-30 15:24:13
15  0 294896  63932   2720 139956    0    0     0    28 14604 15519 60 26 14  0  0  0 2026-09-30 15:24:14
 1  0 294896  63896   2844 139968    8    0   120   228 13299 13637 68 25  7  0  0  0 2026-09-30 15:24:15
 1  0 294896  63896   2844 139972    0    0     0     0 16051 14883 54 33 13  0  0  0 2026-09-30 15:24:16
 4  0 294896  63896   2844 139976    0    0    80     0 15186 12838 67 30  3  0  0  0 2026-09-30 15:24:17
 8  0 294896  63896   2844 140056    0    0     0     0 14987 14327 67 25  7  0  0  0 2026-09-30 15:24:18
 3  0 294896  63896   2844 140060    0    0     4    52 14625 16044 59 25 16  0  0  0 2026-09-30 15:24:19
 5  0 294896  63896   2844 140060   12    0    12     0 14156 13344 68 28  4  0  0  0 2026-09-30 15:24:20
27  0 294896 102840   2792 130600    0   72    80    88 14190 14390 58 26 16  0  0  0 2026-09-30 15:24:21
20  0 294896 108084   2792 130904    0    0   240     0 14538 12214 69 31  1  0  0  0 2026-09-30 15:24:22
21  0 294896 108080   2792 130904    0    0     0     0 14383 12759 74 25  2  0  0  0 2026-09-30 15:24:23
 0  0 294896 108076   2792 130904    8    0     8    16 14157 13967 71 25  5  0  0  0 2026-09-30 15:24:24
procs -----------memory---------- ---swap-- -----io---- -system-- -------cpu------- -----timestamp-----
 r  b   swpd   free   buff  cache   si   so    bi    bo   in   cs us sy id wa st gu                 UTC
 5  0 294896 108076   2792 130904    4    0     4     0 14181 14639 59 27 14  0  0  0 2026-09-30 15:24:25
24  0 294896 108076   2792 130904    0    0     0     4 14357 13179 66 26  8  0  0  0 2026-09-30 15:24:26
 4  0 294896 108076   2792 130904    4    0     4     0 15757 14399 65 26  9  0  0  0 2026-09-30 15:24:27
16  0 294896 107344   2792 130904    0    0     0     0 13549 12353 68 28  5  0  0  0 2026-09-30 15:24:28
15  0 294896 107316   2800 130904    0    0     0    28 14627 13818 67 23  9  0  0  0 2026-09-30 15:24:29
21  0 294896 107316   2800 130904    0    0     0     0 14550 12507 73 25  2  0  0  0 2026-09-30 15:24:30
25  0 294896 107312   2800 130904   48    0    48     0 15654 15343 63 32  6  0  0  0 2026-09-30 15:24:31
23  0 294896 101636   2800 130976   16    0    84     0 14425 13239 73 26  1  0  0  0 2026-09-30 15:24:32
22  0 294896 101148   2800 130972    0    0     0     0 15675 15152 56 27 17  0  0  0 2026-09-30 15:24:33
28  0 294896 101104   2808 130964    4    0     4    32 15151 12727 75 25  1  0  0  0 2026-09-30 15:24:34
27  0 294896 101104   2808 130972    0    0     0     0 15056 13720 61 30  9  0  0  0 2026-09-30 15:24:35
24  0 294896  96564   2808 134892   12    0   188     0 14798 14384 67 27  6  0  0  0 2026-09-30 15:24:36
26  0 294896  96500   2808 135200    4    0   132     0 15369 13416 68 23  9  0  0  0 2026-09-30 15:24:37
13  0 294896  96292   2808 135296    0    0     0     0 15076 14274 66 26  8  0  0  0 2026-09-30 15:24:38
23  0 294896  96244   2816 135288    8    0     8    32 13918 12559 74 23  4  0  0  0 2026-09-30 15:24:39
24  0 294896  96244   2816 135312    4    0     4     0 15732 14106 67 28  5  0  0  0 2026-09-30 15:24:40
26  0 294896  96244   2816 135304    0    0     0     0 14093 12445 74 26  1  0  0  0 2026-09-30 15:24:41
17  0 294896  97748   2816 135304    0    0     0     0 14270 14105 73 25  2  0  0  0 2026-09-30 15:24:42
21  0 294640  97708   2816 135336  112    0   112     0 14645 12731 75 24  1  0  0  0 2026-09-30 15:24:43
22  0 294640  97708   2824 135356    0    0     0    56 13672 14245 67 27  6  0  0  0 2026-09-30 15:24:44
 0  0 294640  97704   2824 135336    0    0     0     0 15288 14306 68 25  7  0  0  0 2026-09-30 15:24:45
procs -----------memory---------- ---swap-- -----io---- -system-- -------cpu------- -----timestamp-----
 r  b   swpd   free   buff  cache   si   so    bi    bo   in   cs us sy id wa st gu                 UTC
15  0 294640  97704   2828 135348    4    0     8     8 13779 13068 69 27  4  0  0  0 2026-09-30 15:24:46
22  0 294640  97712   2828 135356    0    0     0     0 15102 15727 59 24 17  0  0  0 2026-09-30 15:24:47
 4  0 294640  97708   2828 135356    0    0     0     0 14173 13019 73 26  1  0  0  0 2026-09-30 15:24:48
 9  0 294640  97700   2836 135416    0    0   108    44 14413 13513 60 26 14  0  0  0 2026-09-30 15:24:49
13  0 294640  97700   2836 135464    0    0     0     0 15444 14766 64 30  6  0  1  0 2026-09-30 15:24:50
26  0 294640  97696   2836 135464    0    0     0     0 14823 12956 67 26  7  0  0  0 2026-09-30 15:24:51
 3  0 294640  94392   2836 135468    0    0     0     0 14411 14926 62 29 10  0  0  0 2026-09-30 15:24:52
23  0 294640  94168   2836 135468    0    0     0     0 14071 11557 72 26  1  0  0  0 2026-09-30 15:24:53
25  0 294640  93644   2844 135456    0    0     0    44 16246 14151 61 32  8  0  0  0 2026-09-30 15:24:54
 0  0 294640  93616   2844 135452   20    0    20     0 14371 13385 73 23  4  0  0  0 2026-09-30 15:24:55
24  0 294640  93360   2844 135460    0    0     0     0 14432 12600 63 23 15  0  0  0 2026-09-30 15:24:56
 4  0 294640  93108   2844 135460    0    0     0     0 14724 14929 68 26  6  0  0  0 2026-09-30 15:24:57
31  0 294640  93108   2844 135492    4    0     4     0 14156 12944 66 27  7  0  0  0 2026-09-30 15:24:58
 1  0 294640  93236   2844 135468    4    0     4     0 14995 14455 63 24 13  0  0  0 2026-09-30 15:24:59
24  0 294640  93236   2852 135468    0    0     0    28 12004 11737 64 25  4  0  8  0 2026-09-30 15:25:00
21  0 294640  92984   2852 135460    0    0     0     0 15170 13572 71 28  1  0  1  0 2026-09-30 15:25:01
24  0 294640  94072   2852 135460    0    0     0     0 12239 11874 68 23  1  0  8  0 2026-09-30 15:25:02
21  0 294640  93988   2852 135468    4    0     4     0 15482 13125 70 29  1  0  0  0 2026-09-30 15:25:03
20  0 294640  93988   2852 135460    0    0     0     0 14791 12730 70 29  1  0  0  0 2026-09-30 15:25:04
 4  0 294640  93988   2860 135468    0    0     0    28 13201 15029 69 26  5  0  0  0 2026-09-30 15:25:05
18  0 294640  93988   2860 135468    0    0     0     0 14284 13795 63 27 10  0  0  0 2026-09-30 15:25:06
procs -----------memory---------- ---swap-- -----io---- -system-- -------cpu------- -----timestamp-----
 r  b   swpd   free   buff  cache   si   so    bi    bo   in   cs us sy id wa st gu                 UTC
 7  0 294640  93988   2860 135576    4    0   128     0 14897 13625 66 28  6  0  0  0 2026-09-30 15:25:07
23  0 294640  93736   2860 135576    0    0     0     0 15373 13628 61 27 13  0  0  0 2026-09-30 15:25:08
11  0 294640  93532   2860 135592    0    0     0     0 14808 13141 73 25  2  0  0  0 2026-09-30 15:25:09
26  0 294640  93480   2868 135564    0    0     0    28 15021 13335 67 24  9  0  0  0 2026-09-30 15:25:10
 0  0 294640  93480   2868 135572    0    0     0     0 14884 14538 64 28  8  0  0  0 2026-09-30 15:25:11
33  0 294640  87820   2868 135564    0    0     0     0 14557 14247 71 24  5  0  0  0 2026-09-30 15:25:12
 6  0 294640  87804   2868 135600    0    0     0     0 15380 15163 64 26 10  0  1  0 2026-09-30 15:25:13
15  0 294640  87804   2868 135600    0    0     0     0 14200 12945 74 25  1  0  0  0 2026-09-30 15:25:14
14  0 294640  87808   2876 135596    0    0     0    28 14210 14237 66 25 10  0  0  0 2026-09-30 15:25:15
 3  0 294640  87552   2892 135584    4    0     4   224 14876 14198 67 25  7  0  0  0 2026-09-30 15:25:16
28  0 294640  87348   2892 135588    0    0     0     0 14766 13346 66 25  9  0  0  0 2026-09-30 15:25:17
 5  0 294640  87300   2892 135576    0    0     0     0 15487 13666 67 22 11  0  0  0 2026-09-30 15:25:18
25  0 294640  87300   2892 135572    4    0     4     0 14113 13627 71 25  4  0  0  0 2026-09-30 15:25:19
13  0 294640  87300   2892 135596    0    0     0    52 15497 13979 62 27 11  0  0  0 2026-09-30 15:25:20
 5  0 294640  87296   2892 135592    0    0     0     0 13458 13282 68 31  1  0  0  0 2026-09-30 15:25:21
31  0 294640  99980   2900 135584    0    0     0    16 15390 14651 61 29 10  0  0  0 2026-09-30 15:25:22
19  0 294640  99912   2900 135600    4    0     4     0 14434 12067 72 27  1  0  1  0 2026-09-30 15:25:23
12  0 294640  99708   2900 135612    0    0     0     0 15337 13606 71 25  3  0  0  0 2026-09-30 15:25:24
 1  0 294640  99408   2900 135596    0    0     0    16 14494 16833 60 31  9  0  0  0 2026-09-30 15:25:25
29  0 294640  98932   2900 135596    0    0     0     0 13078 12710 71 23  5  0  0  0 2026-09-30 15:25:26
18  0 294640  98180   2900 135580    8    0     8     4 14956 14191 60 24 16  0  0  0 2026-09-30 15:25:27
procs -----------memory---------- ---swap-- -----io---- -system-- -------cpu------- -----timestamp-----
 r  b   swpd   free   buff  cache   si   so    bi    bo   in   cs us sy id wa st gu                 UTC
 0  0 294640  98152   2900 135580    0    0     0     0 14352 12903 67 29  4  0  0  0 2026-09-30 15:25:28
 8  0 294640  98144   2900 135612    0    0     0     0 14875 14184 61 28 11  0  0  0 2026-09-30 15:25:29
14  0 294640  97940   2908 135576    0    0     0    28 15461 14094 70 26  5  0  0  0 2026-09-30 15:25:30
17  0 294640  97900   2908 135584    0    0     0     0 13619 14469 67 27  7  0  0  0 2026-09-30 15:25:31
19  0 294640  91356   2908 135604    0    0     0     0 14649 15392 62 28 10  0  0  0 2026-09-30 15:25:32
23  0 294640  97380   2908 135624    0    0     0     0 14638 13558 72 27  1  0  0  0 2026-09-30 15:25:33
19  0 294640  97372   2908 135620    0    0     0     0 15256 14867 64 28  8  0  0  0 2026-09-30 15:25:34
13  0 294640  97376   2916 135612    0    0     0    28 14149 13685 69 23  7  0  0  0 2026-09-30 15:25:35
20  0 294640  93280   2920 135940   24    0   444     0 14985 13316 66 26  7  0  0  0 2026-09-30 15:25:36
 1  0 294640  93076   2920 136020    4    0     4     0 14962 13444 71 27  1  1  0  0 2026-09-30 15:25:37
28  0 294640  92824   2920 136040    0    0     0     0 13391 12547 69 26  6  0  0  0 2026-09-30 15:25:38
 3  0 294640  92564   2920 136020    0    0    64     0 14836 15139 59 24 17  0  0  0 2026-09-30 15:25:39
19  0 294640  92516   2920 136084    0    0     0     0 14159 13563 61 28 11  0  0  0 2026-09-30 15:25:40
 3  0 294640  92516   2928 136104    0    0     0    32 15699 13514 72 25  3  0  0  0 2026-09-30 15:25:41
19  0 294640  92516   2928 136080    0    0     0     0 12738 13575 63 29  8  0  0  0 2026-09-30 15:25:42
 5  0 294640  89460   2928 136148    4    0   128     0 15290 15735 65 29  5  0  0  0 2026-09-30 15:25:43
23  0 294640  89408   2928 136196    0    0     0     0 13951 13538 71 24  4  0  0  0 2026-09-30 15:25:44
27  0 294640  89412   2928 136208    4    0     4     0 15976 14274 62 27 12  0  0  0 2026-09-30 15:25:45
 9  0 294640  89412   2936 136200    0    0     0    32 14468 13670 72 27  1  0  0  0 2026-09-30 15:25:46
17  0 294640  89412   2936 136200    0    0     0     4 14640 13989 62 24 14  0  0  0 2026-09-30 15:25:47
 1  0 294640  89416   2936 136200    0    0     0     0 14943 13548 71 24  5  0  0  0 2026-09-30 15:25:48
procs -----------memory---------- ---swap-- -----io---- -system-- -------cpu------- -----timestamp-----
 r  b   swpd   free   buff  cache   si   so    bi    bo   in   cs us sy id wa st gu                 UTC
13  0 294640  89416   2936 136200   20    0    20     0 14170 13416 68 26  6  0  0  0 2026-09-30 15:25:49
 7  0 294640  89408   2936 136212    0    0     0     0 14158 14166 63 26 11  0  0  0 2026-09-30 15:25:50
20  1 294640  89408   2944 137224    0    0  1028    28 14552 12463 70 29  1  0  0  0 2026-09-30 15:25:51
14  1 295408  62104   2972 159772    4 1396 27544  1440 14438 14610 66 31  2  1  0  0 2026-09-30 15:25:52
22  0 296688  77876   2128 156004  136 1312  4884  1404 15015 16158 71 27  1  1  0  0 2026-09-30 15:25:53
 3  0 296688  77848   2128 155984    0    0     0     0 14989 13534 65 28  7  0  0  0 2026-09-30 15:25:54
18  0 296688  77844   2128 155976    0    0     0     0 14601 12934 74 23  3  0  0  0 2026-09-30 15:25:55
15  0 296688  77848   2128 155976    0    0     0    20 16287 14500 59 27 14  0  0  0 2026-09-30 15:25:56
 3  0 296688  77848   2128 155976    0    0    24   388 13093 12947 70 28  3  0  0  0 2026-09-30 15:25:57
27  0 296688  77848   2144 155984    0    0     4  1056 14460 12919 64 25 12  0  0  0 2026-09-30 15:25:58
 3  0 296688  77848   2144 156000    0    0     0     0 15324 14028 70 24  6  0  0  0 2026-09-30 15:25:59
27  0 296688  77852   2144 156000    0    0     0     0 13348 12647 67 25  6  0  2  0 2026-09-30 15:26:00
16  0 296944  80232   2164 158800  248  140   820   256 15141 27572 66 28  5  1  1  0 2026-09-30 15:26:01
17  0 296944  79976   2164 158764    0    0     0     0 12468 10441 65 19  3  0 13  0 2026-09-30 15:26:02
18  0 296944  68912   2164 158768   12    0    12     8 15757 14091 74 25  2  0  0  0 2026-09-30 15:26:03
20  0 296944  68876   2164 158720    0    0     0     0 14702 11739 73 27  1  0  0  0 2026-09-30 15:26:04
 8  0 296944  68876   2164 158720    4    0     4     0 16102 13539 68 31  0  0  0  0 2026-09-30 15:26:05
13  0 296944  68876   2172 158720    0    0     0    60 14554 12909 65 30  5  0  0  0 2026-09-30 15:26:06
11  0 296944  68876   2172 158700    0    0     0     0 14178 13787 60 22 18  0  0  0 2026-09-30 15:26:07
21  0 296944  68876   2172 158696    0    0     0     0 14630 13686 67 24  9  0  0  0 2026-09-30 15:26:08
20  0 303344 109936   2116 140808   32 6628   492  6720 15037 18091 66 34  1  1  0  0 2026-09-30 15:26:09
procs -----------memory---------- ---swap-- -----io---- -system-- -------cpu------- -----timestamp-----
 r  b   swpd   free   buff  cache   si   so    bi    bo   in   cs us sy id wa st gu                 UTC
24  0 303088 109172   2116 140888  588    0   672     0 14909 14028 70 30  1  0  0  0 2026-09-30 15:26:10
 3  0 303088 109160   2116 140904    8    0     8    20 15307 13785 67 27  6  0  0  0 2026-09-30 15:26:11
22  0 303088 109160   2116 140904    4    0     4     0 14215 12523 71 25  4  0  0  0 2026-09-30 15:26:12
 7  0 303088  91408   2116 144168    8    0  3324     0 15367 18447 66 23 11  0  0  0 2026-09-30 15:26:13
15  0 303088  90664   2116 144220   12    0    12     0 14290 13113 70 26  4  0  0  0 2026-09-30 15:26:14
18  0 303088  90132   2124 144212    0    0     0    44 14652 16193 61 24 15  0  0  0 2026-09-30 15:26:15
13  0 303088  90104   2124 144220   20    0    20   216 14147 13594 68 29  3  1  0  0 2026-09-30 15:26:16
28  0 302320  65392   2272 154476  756    0 10720   216 14494 18612 60 30 10  0  0  0 2026-09-30 15:26:17
18  0 303344  70044   2268 158372  364 1520  2488  5620 13378 23651 72 28  0  0  0  0 2026-09-30 15:26:18
18  0 303344  72416   2276 159732   44    0  1384     0 13567 12072 72 27  1  0  0  0 2026-09-30 15:26:19
26  0 303344  70904   2276 159796    4    0     4    24 15708 13619 68 31  1  0  0  0 2026-09-30 15:26:20
20  0 303344  64324   2276 159796   20    0    20    16 14023 11524 71 29  1  0  0  0 2026-09-30 15:26:21
19  0 303344  67120   2276 153064   16   92    20   580 15726 13604 67 32  1  0  0  0 2026-09-30 15:26:22
11  0 303856  92760   2268 134188   52  260   152  2516 13769 14333 73 26  1  0  0  0 2026-09-30 15:26:23
 4  0 303600 106164   2272 134716   32    0   548     0 14544 14134 53 23 24  0  0  0 2026-09-30 15:26:24
21  0 303600 106164   2272 134716   12    0    56     0 14265 12691 73 23  3  0  0  0 2026-09-30 15:26:25
18  0 303600 106156   2272 134828    0    0    84     0 16342 14707 60 32  8  0  1  0 2026-09-30 15:26:26
 0  0 303600 106160   2272 134844    4    0    28    16 14727 13032 71 27  2  0  0  0 2026-09-30 15:26:27
 7  0 303600 105912   2272 134868    0    0     0    12 13887 15253 64 24 12  0  0  0 2026-09-30 15:26:28
 0  0 303600 105712   2280 134860   12    0    12    40 14799 15087 63 30  7  0  0  0 2026-09-30 15:26:29
 2  0 303600 105460   2280 134868   28    0    28     0 13144 12865 64 28  8  0  0  0 2026-09-30 15:26:30
procs -----------memory---------- ---swap-- -----io---- -system-- -------cpu------- -----timestamp-----
 r  b   swpd   free   buff  cache   si   so    bi    bo   in   cs us sy id wa st gu                 UTC
 1  0 303600 105208   2280 134868    0    0     0     0 14911 14898 56 30 15  0  0  0 2026-09-30 15:26:31
20  0 303600 105156   2280 134868   16    0    16    16 13931 12634 68 27  5  0  0  0 2026-09-30 15:26:32
22  0 303600  95884   2280 135208    8    0   380     0 16056 15014 63 33  4  0  0  0 2026-09-30 15:26:33
15  0 303600  96052   2280 135240    4    0     4    28 14234 12032 73 27  1  0  0  0 2026-09-30 15:26:34
13  0 303600  95312   2280 135716  236    0   748     0 14029 15374 66 25 10  0  0  0 2026-09-30 15:26:35
17  1 303344  90696   2280 139288  408    0   532     0 14389 14730 62 29  8  0  0  0 2026-09-30 15:26:36
22  0 303088  89672   2288 139736  228    0   672    28 14850 13619 72 22  6  0  0  0 2026-09-30 15:26:37
 2  0 303088  89460   2288 139796   20    0    20     0 15649 14709 63 26 11  0  0  0 2026-09-30 15:26:38
28  0 303088  89208   2288 140280  192    0   736     0 14315 12249 68 26  6  0  0  0 2026-09-30 15:26:39
 0  0 303088  89156   2288 140380   20    0    20     0 16048 14576 65 26  9  0  0  0 2026-09-30 15:26:40
 5  0 303088  89156   2288 140380   12    0    12     0 14528 13372 71 26  3  0  0  0 2026-09-30 15:26:41
17  0 303088  88948   2296 140348    8    0     8    28 13321 14594 56 28 15  0  0  0 2026-09-30 15:26:42
 4  0 303088  82096   2296 140380    8    0     8     0 15263 14113 70 27  3  0  0  0 2026-09-30 15:26:43
20  0 303088  86172   2296 140416   68    0    68     0 15258 14030 64 29  8  0  0  0 2026-09-30 15:26:44
14  0 303088  85876   2296 140440   12    0    12     0 14979 15048 67 26  7  0  0  0 2026-09-30 15:26:45
21  0 303088  85876   2296 140416    0    0     0     0 14479 12899 66 26  9  0  0  0 2026-09-30 15:26:46
11  0 303088  85872   2304 140460    0    0    36    28 16003 15291 69 23  8  0  0  0 2026-09-30 15:26:47
 8  0 303088  85868   2304 140476    0    0     0     0 13760 12374 72 25  4  0  0  0 2026-09-30 15:26:48
22  0 303088  85648   2304 140480   12    0    12     0 14220 14118 57 28 15  0  0  0 2026-09-30 15:26:49
20  0 303088  85616   2304 140476   28    0    28     0 14333 11837 72 27  1  0  0  0 2026-09-30 15:26:50
16  0 303088  85616   2304 140476    0    0     0     0 14805 16786 69 26  4  0  0  0 2026-09-30 15:26:51
procs -----------memory---------- ---swap-- -----io---- -system-- -------cpu------- -----timestamp-----
 r  b   swpd   free   buff  cache   si   so    bi    bo   in   cs us sy id wa st gu                 UTC
 6  0 303088  85620   2312 140468   16    0    16    32 14080 12513 74 25  1  0  0  0 2026-09-30 15:26:52
21  0 303088  85620   2312 140468    0    0     0     0 14511 13230 63 26 10  0  0  0 2026-09-30 15:26:53
 9  0 303088  76204   2312 141956   16    0  1508   344 15198 15833 65 29  5  0  0  0 2026-09-30 15:26:54
25  0 303088  76204   2312 141956   28    0    28     0 14924 12778 71 26  4  0  0  0 2026-09-30 15:26:55
11  0 303088  76204   2312 141944    0    0     0     0 15291 14907 59 27 13  0  0  0 2026-09-30 15:26:56
14  1 301552  67976   2320 145204 5444    0  8764    32 15200 12743 68 30  1  0  0  0 2026-09-30 15:26:57
25  0 301552  72460   2320 143516 4996  268  5896   268 16781 15219 68 29  2  2  0  0 2026-09-30 15:26:58
18  0 301552  71724   2320 143492   72    0    72     0 15025 12626 71 28  1  0  0  0 2026-09-30 15:26:59
19  0 301552  71692   2320 143500    4    0     4     0 12528 12140 60 20  9  0 11  0 2026-09-30 15:27:00
15  0 301296  70740   2320 143500  240    0   240     0 13893 12576 69 30  1  0  1  0 2026-09-30 15:27:01
15  0 301296  70476   2328 143492    8    0     8    28 13914 11670 54 29  2  0 14  0 2026-09-30 15:27:02
 0  0 301296  70424   2328 143488    0    0     0     0 12828 10742 69 22  9  0  1  0 2026-09-30 15:27:03
22  0 301296  71508   2328 139328    8   28     8    28 14205 13483 58 28 14  0  0  0 2026-09-30 15:27:04
24  0 301296  71460   2328 139328    0    0     0     0 14947 11604 72 27  1  0  0  0 2026-09-30 15:27:05
16  0 301296  71464   2328 139320    4    0     4     0 15590 13037 69 30  1  0  0  0 2026-09-30 15:27:06
 7  0 301296  71464   2328 139328    4    0     4     0 14590 15205 72 22  6  0  0  0 2026-09-30 15:27:07
19  0 301296  71464   2336 139328    0    0     0    28 13780 13685 67 26  7  0  0  0 2026-09-30 15:27:08
12  0 301296  71464   2336 139320    0    0     0     0 14966 14794 55 30 15  0  0  0 2026-09-30 15:27:09
18  0 301296  71260   2336 139332    0    0     0     0 15377 14258 66 24 11  0  0  0 2026-09-30 15:27:10
 9  0 301296  70712   2336 139336  112    0   112     0 15102 13647 66 28  6  0  0  0 2026-09-30 15:27:11
 6  0 301296  70460   2336 139324    0    0     0     0 16561 15513 59 26 16  0  0  0 2026-09-30 15:27:12
procs -----------memory---------- ---swap-- -----io---- -system-- -------cpu------- -----timestamp-----
 r  b   swpd   free   buff  cache   si   so    bi    bo   in   cs us sy id wa st gu                 UTC
 3  0 301296  70456   2344 139316    0    0     0    28 14059 14103 73 24  3  0  0  0 2026-09-30 15:27:13
25  0 307952 105556   2200 112880   52 7520   272  7520 15884 16121 63 27 11  0  0  0 2026-09-30 15:27:14
13  0 307952 106008   2200 112900    0    0     0     0 14365 13493 69 24  7  0  0  0 2026-09-30 15:27:15
 7  0 307952 105984   2200 112900    0    0     0     0 14627 15535 59 27 14  0  0  0 2026-09-30 15:27:16
24  0 307440 105780   2200 112964  788    0   844     0 14499 11890 72 25  3  1  0  0 2026-09-30 15:27:17
 2  0 307440 105256   2228 112992   32    0    92   268 14875 14864 65 26  8  0  0  0 2026-09-30 15:27:18
15  0 307440 105024   2228 113008    0    0     0     0 14290 12913 65 26  9  0  0  0 2026-09-30 15:27:19
 6  0 307440 104228   2228 113008   36    0    36     0 14885 15210 65 24 12  0  0  0 2026-09-30 15:27:20
22  0 307440 103472   2228 113008    8    0     8     0 14931 15061 59 31  9  0  0  0 2026-09-30 15:27:21
 1  0 307440 102712   2228 113008   12    0    12     0 14318 13284 66 26  8  0  0  0 2026-09-30 15:27:22
 4  0 307440 102508   2228 113008    0    0     0    48 15720 14024 58 25 17  0  0  0 2026-09-30 15:27:23
23  0 307440 106608   2236 112388   72    0    88    16 13120 12561 72 26  2  0  0  0 2026-09-30 15:27:24
 2  0 307440 106556   2236 112376    0    0     0     0 16454 15304 64 30  6  0  0  0 2026-09-30 15:27:25
21  0 307440 106556   2236 112376    8    0     8     0 13366 13221 69 24  7  0  0  0 2026-09-30 15:27:26
 5  0 307440 106556   2236 112376    8    0     8     0 13974 12896 66 28  7  0  0  0 2026-09-30 15:27:27
 5  0 307440 106556   2236 112376    0    0     0    16 16055 14823 55 30 14  0  0  0 2026-09-30 15:27:28
25  0 307440 106548   2236 112376    4    0     4     4 13783 13035 69 22  8  0  0  0 2026-09-30 15:27:29
 8  0 307440 106548   2236 112376    0    0     0     0 14933 15294 57 26 16  0  1  0 2026-09-30 15:27:30
24  0 307440 106548   2236 112376    0    0     0     0 13981 13339 62 26 11  0  0  0 2026-09-30 15:27:31
 4  0 307440 106344   2236 112376    0    0     0     0 13786 15701 71 24  5  0  0  0 2026-09-30 15:27:32
28  0 307440 106296   2244 112368    0    0     0    28 14307 15092 54 27 19  0  0  0 2026-09-30 15:27:33
procs -----------memory---------- ---swap-- -----io---- -system-- -------cpu------- -----timestamp-----
 r  b   swpd   free   buff  cache   si   so    bi    bo   in   cs us sy id wa st gu                 UTC
16  0 307440 101012   2244 112580   36    0   268     0 13165 13664 72 26  1  0  0  0 2026-09-30 15:27:34
 3  0 307440 100976   2244 112588    0    0     0     0 15211 16767 58 28 13  0  0  0 2026-09-30 15:27:35
22  0 307184 100980   2244 112588   28    0    28     0 14758 13402 66 30  4  0  0  0 2026-09-30 15:27:36
13  0 307184 100776   2244 112588   16    0    16     0 15188 14530 62 27 12  0  0  0 2026-09-30 15:27:37
26  0 307184 100524   2252 112580    0    0     0    28 14730 14218 67 24 10  0  0  0 2026-09-30 15:27:38
 2  0 307184 100476   2252 112860    8    0   308     0 14852 13808 65 27  8  0  0  0 2026-09-30 15:27:39
12  0 307184 100472   2252 112888    0    0     0     0 14126 14760 58 26 17  0  0  0 2026-09-30 15:27:40
 4  0 307184 100464   2252 112888    0    0     0     0 13858 13585 67 28  5  0  0  0 2026-09-30 15:27:41
14  0 307184 100468   2252 112888    0    0     0     0 15380 16765 59 26 16  0  0  0 2026-09-30 15:27:42
24  0 307184 100468   2260 112880    0    0     0    28 14360 13134 67 28  5  0  0  0 2026-09-30 15:27:43
25  0 307184  92032   2260 112888  112    0   112     0 15870 15279 68 24  8  1  0  0 2026-09-30 15:27:44
27  0 307184  92036   2260 112888    4    0     4     0 14326 13332 65 27  8  0  0  0 2026-09-30 15:27:45
10  0 307184  92036   2260 113772 1204    0  2096     0 14572 14490 68 28  4  1  0  0 2026-09-30 15:27:46
13  0 307184  91540   2260 113780    0    0     0     0 15958 14599 58 26 16  0  0  0 2026-09-30 15:27:47
 4  0 307184  91512   2268 113772    0    0     0    32 13844 12682 68 25  6  0  0  0 2026-09-30 15:27:48
30  0 307184  91308   2268 113780    0    0     0     4 14468 14349 61 27 12  0  0  0 2026-09-30 15:27:49
22  0 307184  90784   2268 113784    0    0     0     0 14750 12413 72 28  1  0  0  0 2026-09-30 15:27:50
19  0 307184  90756   2268 113784    0    0     0     0 14887 13937 64 27  9  0  0  0 2026-09-30 15:27:51
11  0 307184  90552   2268 113784   16    0    16     0 15641 16207 64 26 10  0  0  0 2026-09-30 15:27:52
19  0 307184  90504   2268 113784    4    0     4     0 14074 12831 69 25  6  0  0  0 2026-09-30 15:27:53
14  0 307184  85900   2276 113776    0    0     0    28 15075 15972 57 27 15  0  0  0 2026-09-30 15:27:54
procs -----------memory---------- ---swap-- -----io---- -system-- -------cpu------- -----timestamp-----
 r  b   swpd   free   buff  cache   si   so    bi    bo   in   cs us sy id wa st gu                 UTC
25  0 307184  91004   2276 114128   24    0   360     0 15705 12887 74 26  1  0  0  0 2026-09-30 15:27:55
25  0 307184  90968   2276 114256    0    0   188     0 14865 13374 64 27  9  0  0  0 2026-09-30 15:27:56
 8  0 307184  90968   2276 114308    4    0     4     0 15008 15433 68 27  5  0  0  0 2026-09-30 15:27:57
21  0 307184  90968   2276 114308    0    0     0     0 14834 13779 64 26 10  0  0  0 2026-09-30 15:27:58
 1  0 307184  90964   2284 114308    0    0     0    28 14867 14327 60 28 12  0  0  0 2026-09-30 15:27:59
28  0 307184  90960   2284 114308    0    0     0     0 11484 12203 64 22  7  0  8  0 2026-09-30 15:28:00
19  0 307184  90960   2284 114308    0    0     0     0 13977 12297 68 26  2  0  3  0 2026-09-30 15:28:01
18  0 307184  90008   2284 114308    0    0     0     0 6456 5590 38 16  1  0 45  0 2026-09-30 15:28:02
15  0 307184  89748   2284 114308   20    0    20     0 14650 13710 70 28  2  0  0  0 2026-09-30 15:28:03
17  0 307184  89696   2292 114300    8    0     8    32 14024 12294 74 26  1  0  0  0 2026-09-30 15:28:04
17  0 307184  86124   2292 114308    4    0     4     0 15613 14065 69 31  1  0  0  0 2026-09-30 15:28:05
10  0 307184  86124   2292 114324    0    0     0     0 15485 12782 72 27  1  0  0  0 2026-09-30 15:28:06
 1  0 307184  86124   2292 114324    4    0     4     0 14220 13556 56 24 20  0  0  0 2026-09-30 15:28:07
30  0 307184  86124   2292 114324    0    0     0     0 14095 12506 65 26  9  0  0  0 2026-09-30 15:28:08
 8  0 307184  86128   2300 114324    0    0     0    32 15195 17474 60 26 14  0  0  0 2026-09-30 15:28:09
16  0 307184  86128   2300 114324    0    0     0     0 14551 13275 71 25  4  0  0  0 2026-09-30 15:28:10
27  0 306928  86128   2300 114396  268    0   360     0 15139 14212 67 28  5  0  0  0 2026-09-30 15:28:11
19  0 306928  86132   2300 114416    0    0     0     0 13844 14132 73 26  2  0  0  0 2026-09-30 15:28:12
23  0 306928  86132   2300 114416    4    0     4     0 14218 13963 67 23 10  0  0  0 2026-09-30 15:28:13
 5  0 306928  86132   2308 114416    0    0     0    28 14433 15394 63 27 10  0  1  0 2026-09-30 15:28:14
21  0 306928  89668   2308 115164  320    0  1064     0 15342 13672 69 25  7  0  0  0 2026-09-30 15:28:15
procs -----------memory---------- ---swap-- -----io---- -system-- -------cpu------- -----timestamp-----
 r  b   swpd   free   buff  cache   si   so    bi    bo   in   cs us sy id wa st gu                 UTC
 1  0 306928  85312   2308 115144   12    0    12     0 15193 13648 70 27  4  0  0  0 2026-09-30 15:28:16
11  0 306928  85264   2308 115144    0    0     0     0 15347 12928 70 28  3  0  0  0 2026-09-30 15:28:17
31  0 306928  85264   2308 115212  232    0   288     0 14910 13529 69 25  6  0  0  0 2026-09-30 15:28:18
 7  0 306928  85260   2332 115448    8    0   248   260 14983 13155 71 25  4  0  0  0 2026-09-30 15:28:19
18  0 306928  85260   2332 115440    0    0     0     0 14480 13151 66 25  9  0  0  0 2026-09-30 15:28:20
16  0 306928  85260   2332 115440    0    0     0     0 14973 13108 71 28  1  0  0  0 2026-09-30 15:28:21
30  0 306928  85260   2332 115440    0    0     0     0 14323 12890 67 28  5  0  0  0 2026-09-30 15:28:22
 4  0 306928  85260   2332 115440    0    0     0     0 14799 15129 61 29 10  0  0  0 2026-09-30 15:28:23
11  0 306928  85260   2340 115444    0    0     0    60 13107 14538 73 24  4  0  0  0 2026-09-30 15:28:24
 8  0 306928  84688   2340 115464    4    0     4     0 14589 15760 64 25 11  0  0  0 2026-09-30 15:28:25
 3  0 306928  84688   2340 115460    8    0     8     0 13291 14367 69 24  6  0  0  0 2026-09-30 15:28:26
 2  0 306928  84680   2340 115460    4    0     4     0 15310 14605 53 31 16  0  0  0 2026-09-30 15:28:27
23  0 306928  84676   2340 115460   12    0    12     0 14285 12113 68 27  4  0  0  0 2026-09-30 15:28:28
 7  0 306928  84676   2348 115460    0    0     0    28 15184 16386 65 24 11  0  0  0 2026-09-30 15:28:29
24  0 306928  84680   2348 115460    0    0     0     0 13862 13563 63 27 10  0  0  0 2026-09-30 15:28:30
 6  0 306928  84680   2348 115460    0    0     0     0 14750 14976 63 26 11  0  0  0 2026-09-30 15:28:31
14  0 306928  84456   2348 115460   60    0    60     0 15083 14128 61 24 15  1  0  0 2026-09-30 15:28:32
12  0 306672  84456   2348 115460   32    0    32     0 14592 13361 71 24  5  0  0  0 2026-09-30 15:28:33
 8  0 306672  84456   2348 115460    0    0     0     0 14718 14807 54 31 14  0  0  0 2026-09-30 15:28:34
21  0 306672  88808   2356 115528    4    0   124    28 14438 13707 72 25  3  0  0  0 2026-09-30 15:28:35
17  0 306672  88556   2356 115856   20    0   296     0 14607 14594 58 28 14  0  0  0 2026-09-30 15:28:36
procs -----------memory---------- ---swap-- -----io---- -system-- -------cpu------- -----timestamp-----
 r  b   swpd   free   buff  cache   si   so    bi    bo   in   cs us sy id wa st gu                 UTC
 8  0 306672  88304   2356 115856   12    0    12     0 16011 13635 70 25  4  0  0  0 2026-09-30 15:28:37
10  0 306672  88300   2356 115856   52    0    52     0 14574 15019 64 27  9  0  0  0 2026-09-30 15:28:38
 6  0 306672  88052   2356 115856    0    0     0     0 14236 13749 57 28 15  0  0  0 2026-09-30 15:28:39
 8  0 306672  88048   2364 115856    0    0     0    28 14517 14630 63 27 10  0  0  0 2026-09-30 15:28:40
25  0 306672  88052   2364 115856    0    0     0     0 14226 12998 64 25 12  0  0  0 2026-09-30 15:28:41
15  0 306672  88052   2364 115924   88    0   128     0 14429 13484 68 25  7  0  0  0 2026-09-30 15:28:42
12  0 306672  88056   2364 115896    4    0     4     0 13858 14756 62 29  9  0  0  0 2026-09-30 15:28:43
21  0 306672  88056   2364 115896    0    0     0     0 15160 13969 69 27  4  0  0  0 2026-09-30 15:28:44
 3  0 306672  94800   2372 115880    8    0     8    28 15856 16233 58 30 12  0  0  0 2026-09-30 15:28:45
16  0 306672  94800   2372 115880    8    0     8     0 14831 12281 72 26  2  0  0  0 2026-09-30 15:28:46
 6  0 306672  94796   2372 115880    0    0     0     0 15878 15538 57 28 16  0  0  0 2026-09-30 15:28:47
16  0 306672  94544   2372 115880    0    0     0     0 15426 13168 64 25 11  0  0  0 2026-09-30 15:28:48
 2  0 306672  94544   2372 115880    0    0     0     0 15244 14482 67 29  4  0  0  0 2026-09-30 15:28:49
 4  0 306672  94544   2380 115880    0    0     0    32 14171 14073 57 27 17  0  0  0 2026-09-30 15:28:50
25  0 306672  94544   2380 115880    0    0     0     0 14913 12675 65 29  6  0  0  0 2026-09-30 15:28:51
 2  0 306672  94292   2380 115880    0    0     0     0 15099 14057 59 28 13  0  0  0 2026-09-30 15:28:52
20  0 306672  94296   2380 115880    0    0     0     0 14736 13533 63 27 10  0  0  0 2026-09-30 15:28:53
 0  0 306672  94296   2380 115880    0    0     0     0 14785 13710 64 27  9  0  0  0 2026-09-30 15:28:54
 2  0 306672  93292   2388 115896    0    0     0    32 15645 18543 60 29 11  0  0  0 2026-09-30 15:28:55
23  0 306672  93292   2388 115896    0    0     0     0 14934 13285 75 24  1  0  0  0 2026-09-30 15:28:56
 8  0 306672  93292   2388 115896    0    0     0     0 14742 14947 61 23 17  0  0  0 2026-09-30 15:28:57
procs -----------memory---------- ---swap-- -----io---- -system-- -------cpu------- -----timestamp-----
 r  b   swpd   free   buff  cache   si   so    bi    bo   in   cs us sy id wa st gu                 UTC
20  0 306672  93292   2388 115896    0    0     0     0 13984 13988 66 29  5  0  0  0 2026-09-30 15:28:58
 3  0 306672  93292   2388 115900    4    0     4     0 14796 14664 56 29 16  0  0  0 2026-09-30 15:28:59
23  0 306672  93292   2396 115892    0    0     0    28 12236 11911 51 24 12  0 13  0 2026-09-30 15:29:00
14  0 306672  93292   2396 115900    0    0     0     0 14852 12877 75 24  1  0  0  0 2026-09-30 15:29:01
22  0 306672  93292   2396 115900    0    0     0     0 13554 11695 57 26  3  0 13  0 2026-09-30 15:29:02
22  0 306672  93292   2396 115900    4    0     4     0 13688 12023 75 25  1  0  0  0 2026-09-30 15:29:03
 7  0 306672  93284   2396 115900    0    0     0     0 14954 14828 66 31  4  0  0  0 2026-09-30 15:29:04
 4  0 306672  88684   2404 115900    4    0     4    28 13667 13397 67 28  5  0  0  0 2026-09-30 15:29:05
10  0 306416  92168   2404 115900   12    0    12     0 14231 13533 63 27 10  0  0  0 2026-09-30 15:29:06
12  0 306416  92168   2404 115884   12    0    12     0 15295 15051 56 29 14  0  0  0 2026-09-30 15:29:07
11  0 306416  92168   2404 115884   20    0    20     0 15030 14090 67 28  5  0  0  0 2026-09-30 15:29:08
 8  0 306416  92168   2404 115884    0    0     0     0 15956 15319 55 28 17  0  0  0 2026-09-30 15:29:09
 1  0 306416  92168   2412 115884    0    0     0    32 14212 14513 67 29  4  0  0  0 2026-09-30 15:29:10
 7  0 306416  92168   2412 115884    0    0     0     0 15086 14973 53 30 18  0  0  0 2026-09-30 15:29:11
15  0 306416  92168   2412 115884    0    0     0     0 14767 13218 62 30  8  0  0  0 2026-09-30 15:29:12
11  0 306416  92168   2412 115884    0    0     0     0 14621 13932 66 27  8  0  0  0 2026-09-30 15:29:13
20  0 306416  92168   2412 115884    0    0     0     0 14411 14659 52 30 18  0  0  0 2026-09-30 15:29:14
15  0 306416  92168   2420 115884    0    0     0    28 14977 13311 75 25  1  0  0  0 2026-09-30 15:29:15
 2  0 306416  82984   2420 115896   12    0    12     0 14627 15709 55 28 17  0  0  0 2026-09-30 15:29:16
17  0 306416  82976   2420 115900    0    0     0     0 13065 12659 73 24  4  0  0  0 2026-09-30 15:29:17
 4  0 306416  82972   2420 115900    4    0     4     0 14234 13985 56 25 20  0  0  0 2026-09-30 15:29:18
procs -----------memory---------- ---swap-- -----io---- -system-- -------cpu------- -----timestamp-----
 r  b   swpd   free   buff  cache   si   so    bi    bo   in   cs us sy id wa st gu                 UTC
25  0 306416  82972   2420 115900    0    0     0     0 14032 13473 63 22 15  0  0  0 2026-09-30 15:29:19
 1  0 306416  82972   2436 115884    0    0     0   236 14726 14216 70 26  5  0  0  0 2026-09-30 15:29:20
 1  0 306416  82976   2436 115900    0    0     0    16 13860 15059 47 29 24  0  0  0 2026-09-30 15:29:21
 3  0 306416  82976   2436 115900    0    0     0     0 12963 12383 66 22 12  0  0  0 2026-09-30 15:29:22
13  0 306416  82976   2436 115900    0    0     0     0 13533 13538 58 27 15  0  0  0 2026-09-30 15:29:23
 6  0 306416  82976   2436 115900    0    0     0     0 13761 15828 58 27 16  0  0  0 2026-09-30 15:29:24
11  0 306416  82976   2436 115900    0    0     0     0 14133 13721 66 26  8  0  0  0 2026-09-30 15:29:25
10  0 306416  83200   2444 115900    4    0     4    64 15117 14741 64 27  9  0  0  0 2026-09-30 15:29:26
 3  0 306416  83200   2444 115900    0    0     0     0 13741 13278 57 26 17  0  0  0 2026-09-30 15:29:27
10  0 306416  83204   2444 115900    0    0     0     0 13995 12705 57 27 16  0  0  0 2026-09-30 15:29:28
19  0 306416  83200   2444 115900    0    0     0     0 14223 14815 49 28 22  0  0  0 2026-09-30 15:29:29
 3  0 306416  83200   2444 115900    0    0     0     0 12750 12190 63 23 14  0  0  0 2026-09-30 15:29:30
20  0 306416  83200   2452 115900    0    0     0    28 12366 12075 67 22 11  0  0  0 2026-09-30 15:29:31
 4  0 306416  83196   2452 115900    0    0     0     0 13529 13956 46 28 26  0  0  0 2026-09-30 15:29:32
 3  0 306416  83204   2452 115900    0    0     0     0 12849 11794 58 27 15  0  0  0 2026-09-30 15:29:33
13  0 306416  83204   2452 115900    0    0     0     0 12491 12851 49 27 24  0  0  0 2026-09-30 15:29:34
 4  0 306416  83200   2452 115900    0    0     0     0 13564 13020 56 26 17  0  1  0 2026-09-30 15:29:35
10  0 306416  83200   2460 116116   24    0   236    28 12164 13172 69 22  9  0  0  0 2026-09-30 15:29:36
 0  0 306416  83196   2460 116116    0    0     0     0 13342 13448 46 23 31  0  0  0 2026-09-30 15:29:37
 4  0 306416  83196   2460 116116    0    0     0     0 12705 11754 60 21 19  0  0  0 2026-09-30 15:29:38
14  0 306416  83196   2460 116268   12    0   164     0 12589 13477 42 30 28  0  0  0 2026-09-30 15:29:39
procs -----------memory---------- ---swap-- -----io---- -system-- -------cpu------- -----timestamp-----
 r  b   swpd   free   buff  cache   si   so    bi    bo   in   cs us sy id wa st gu                 UTC
 2  0 306416  83196   2460 117832    0    0  1564     0 13593 13157 59 23 18  0  0  0 2026-09-30 15:29:40
 0  0 306416  83196   2468 117832    4    0     4    28 12524 12004 54 28 17  0  0  0 2026-09-30 15:29:41
20  0 306416  83196   2468 117832    0    0     0     0 12175 12662 48 24 25  0  3  0 2026-09-30 15:29:42
 4  0 306416  83192   2468 117832    0    0     0     0 12235 11843 53 21 26  0  0  0 2026-09-30 15:29:43
 4  0 306416  83192   2468 117832    0    0     0     0 12185 11646 55 21 25  0  0  0 2026-09-30 15:29:44
 2  0 306416  83192   2468 117832    0    0     0     0 13264 12640 43 24 32  0  1  0 2026-09-30 15:29:45
 3  0 306416  90756   2476 117876   12    0    56    28 12765 15670 59 24 18  0  0  0 2026-09-30 15:29:46
 4  0 306416  90756   2476 117936   24    0    84     0 12302 11783 47 22 31  0  0  0 2026-09-30 15:29:47
 1  0 306416  90760   2476 117936    0    0     0     0 12152 13347 48 20 31  0  0  0 2026-09-30 15:29:48
 3  0 306416  90512   2476 117936    0    0     0     0 11751 11843 55 22 23  0  0  0 2026-09-30 15:29:49
 0  0 306416  90512   2476 117936    0    0     0     0 11580 12057 37 23 39  0  1  0 2026-09-30 15:29:50
 2  0 306416  90512   2484 117936    0    0     0    32 11093 11334 53 21 26  0  0  0 2026-09-30 15:29:51
 9  0 306416  90508   2484 117936    0    0     0     0 11625 11503 47 18 36  0  1  0 2026-09-30 15:29:52
 3  0 306416  90508   2484 117936    0    0     0     0 11359 11034 54 18 27  0  1  0 2026-09-30 15:29:53
 4  0 306416  90508   2484 117936    0    0     0     0 11549 11501 53 22 25  0  0  0 2026-09-30 15:29:54
 3  0 306416  90508   2484 117920    0    0     0     0 10816 11566 33 21 46  0  1  0 2026-09-30 15:29:55
 3  0 306416  89040   2484 117904    4    0     4    20 11677 12514 54 20 26  0  0  0 2026-09-30 15:29:56
 3  0 306416  89040   2484 118152    0    0   248     0 12335 12311 30 26 45  0  0  0 2026-09-30 15:29:57
 1  0 306416  89044   2492 118152    0    0     0    12 11604 11285 48 22 30  0  0  0 2026-09-30 15:29:58
 1  0 306416  89044   2492 118152    0    0     0     0 11069 11623 32 21 47  0  0  0 2026-09-30 15:29:59
46  0 306416  89044   2492 118152    0    0     0     0 7438 9404 41 14 19  0 26  0 2026-09-30 15:30:00
procs -----------memory---------- ---swap-- -----io---- -system-- -------cpu------- -----timestamp-----
 r  b   swpd   free   buff  cache   si   so    bi    bo   in   cs us sy id wa st gu                 UTC
16  0 306416  89044   2492 118152   24    0    24     0 9746 8911 39 20  9  0 32  0 2026-09-30 15:30:01
12  0 306416  89040   2492 118152    0    0     0    16 2974 3351 12 10 10  0 68  0 2026-09-30 15:30:02
20  0 306416  88788   2492 118152   28    0    28     0 3876 3245 16 14  1  0 68  0 2026-09-30 15:30:03
29  0 306416  84692   2492 118152   28    0    28     0 13991 11102 76 21  2  0  2  0 2026-09-30 15:30:04
 4  0 306416  84692   2492 118152   12    0    12     0 13223 11701 50 25 24  0  1  0 2026-09-30 15:30:05
 2  0 306416  88476   2492 118172    0    0    20     0 9620 9788 29 18 53  0  0  0 2026-09-30 15:30:06
 2  0 306416  88476   2500 118172    0    0     0    28 9647 9282 36 13 52  0  0  0 2026-09-30 15:30:07
 8  0 306416  84380   2500 118172    4    0     4     0 10800 9998 41 18 41  0  1  0 2026-09-30 15:30:08
 2  0 305904  84380   2500 118172  472    0   472     0 10545 10281 31 18 51  1  0  0 2026-09-30 15:30:09
 0  0 305904  84380   2500 118172    0    0     0     0 11174 10947 29 21 51  0  0  0 2026-09-30 15:30:10
 3  0 305904  84380   2500 118176    8    0     8     0 10759 10858 46 22 32  0  0  0 2026-09-30 15:30:11
 5  0 305904  84380   2508 118176    0    0     0    28 10706 10250 26 19 55  0  1  0 2026-09-30 15:30:12
 0  0 305904  84380   2508 118176    0    0     0     0 9179 9476 27 14 59  0  0  0 2026-09-30 15:30:13
 7  0 305904  84380   2508 118144    0    0     0     0 9717 9874 36 15 48  0  0  0 2026-09-30 15:30:14
10  0 305904  84508   2508 118128    0    0     0     0 10066 9892 36 18 45  0  0  0 2026-09-30 15:30:15
 4  0 305904  80244   2508 118080   12    0    12     0 10079 11134 29 21 49  0  1  0 2026-09-30 15:30:16
 3  0 305904  80244   2516 118080    0    0     0    28 10193 10035 28 15 57  0  0  0 2026-09-30 15:30:17
 4  0 305904  80240   2516 118040   28    0    28     0 9784 9395 40 20 40  0  0  0 2026-09-30 15:30:18
 1  0 305904  79488   2516 118004    0    0     0     0 9474 9585 24 18 57  0  1  0 2026-09-30 15:30:19
 1  0 305904  79488   2516 117988    0    0     0     0 9799 9503 27 14 59  0  0  0 2026-09-30 15:30:20
 1  0 305904  88584   2532 117900    0    0     0   156 10341 9941 28 16 56  1  0  0 2026-09-30 15:30:21
procs -----------memory---------- ---swap-- -----io---- -system-- -------cpu------- -----timestamp-----
 r  b   swpd   free   buff  cache   si   so    bi    bo   in   cs us sy id wa st gu                 UTC
 1  0 305904  88588   2532 117860   36    0    36    16 9054 8858 40 15 45  0  0  0 2026-09-30 15:30:22
 0  0 305904 105328   2532 117820    0    0     0     0 8635 8769 23 14 62  0  1  0 2026-09-30 15:30:23
 0  0 305904 104824   2532 117820    0    0     0     0 9112 8890 24 15 61  0  0  0 2026-09-30 15:30:24
 2  0 305904 104328   2532 117780    0    0     0     0 8023 8040 23 15 60  0  3  0 2026-09-30 15:30:25
 2  0 305904  98872   2532 117748    0    0    24     0 9703 10265 29 17 54  0  0  0 2026-09-30 15:30:26
 2  0 305904  98844   2540 117748    4    0     4    32 9124 8979 39 14 46  0  0  0 2026-09-30 15:30:27
 0  0 305904  98844   2540 117704    0    0     0    36 8581 8418 21 14 64  0  1  0 2026-09-30 15:30:28
 0  0 305904  98388   2540 117684    0    0     0     0 8493 8447 21 14 65  0  0  0 2026-09-30 15:30:29
 2  0 305904  98340   2540 117640    0    0     0     0 7794 7704 21 16 62  0  1  0 2026-09-30 15:30:30
 0  0 305904  98340   2540 117604    0    0     0     0 8306 7781 20 13 67  0  0  0 2026-09-30 15:30:31
 1  0 304624  97080   2548 117564 1240    0  1240    28 7418 7533 33 12 52  4  0  0 2026-09-30 15:30:32
 1  0 304624  96072   2548 117528    0    0     0     0 8049 7875 19 13 68  0  0  0 2026-09-30 15:30:33
 0  0 304624  95580   2548 117492    0    0     0     0 7663 7481 22 14 65  0  0  0 2026-09-30 15:30:34
 1  0 304624  95452   2548 117456    0    0     0     0 7715 7576 19 13 68  0  0  0 2026-09-30 15:30:35
 5  0 304112  80828   2548 119216   36    0  1816     0 8073 8197 22 16 61  0  1  0 2026-09-30 15:30:36
 0  0 304112  88592   2556 119180    8    0     8    28 7624 7738 20 14 67  0  0  0 2026-09-30 15:30:37
 2  0 304112  88592   2556 119164    0    0     0     0 7178 7022 32  9 59  0  0  0 2026-09-30 15:30:38
 2  0 304112  88384   2556 119436    0    0   328     0 6900 6853 20 10 70  0  0  0 2026-09-30 15:30:39
 0  0 304112  87128   2556 119420    0    0     0     0 7394 7240 17 13 70  0  0  0 2026-09-30 15:30:40
 0  0 304112  87080   2556 119384    0    0     0     0 6815 6409 18 11 71  0  1  0 2026-09-30 15:30:41
 0  0 304112  87084   2564 119364   16    0    16    28 6696 6498 20 12 67  1  1  0 2026-09-30 15:30:42
procs -----------memory---------- ---swap-- -----io---- -system-- -------cpu------- -----timestamp-----
 r  b   swpd   free   buff  cache   si   so    bi    bo   in   cs us sy id wa st gu                 UTC
 0  0 304112  86376   2564 119324    0    0     0     0 6489 6231 17 11 72  0  0  0 2026-09-30 15:30:43
 5  0 304112  85576   2564 119308   32    0    32     0 6379 5999 19 11 70  0  0  0 2026-09-30 15:30:44
 1  0 304112  84868   2564 119256   32    0    60     0 6514 6486 30 13 58  0  0  0 2026-09-30 15:30:45
 1  0 304112  84568   2564 119236    0    0     0     0 6305 5872 16 11 72  0  0  0 2026-09-30 15:30:46
 0  0 304112  87020   2564 119220    0    0     0     0 6668 7201 19 12 69  0  0  0 2026-09-30 15:30:47
 3  0 304112  87020   2572 119196    0    0     0    28 5402 5115 16  8 76  0  0  0 2026-09-30 15:30:48
 0  0 304112  82924   2572 119180    0    0     0     0 5388 5160 13  9 77  0  0  0 2026-09-30 15:30:49
 0  0 304112  82924   2572 119128    0    0     0     0 5874 5741 18 10 73  0  0  0 2026-09-30 15:30:50
 0  0 304112  82924   2572 119096    0    0     0     0 5192 4993 17  8 76  0  0  0 2026-09-30 15:30:51
 2  0 304112  82924   2580 119092    0    0     0    28 5040 4935 14  9 78  0  1  0 2026-09-30 15:30:52
 0  0 304112  98536   2580 119020    0    0     0    16 4649 4536 11  7 82  0  0  0 2026-09-30 15:30:53
 0  0 304112  98244   2584 119004    0    0     4     8 4809 4620 13  9 79  0  0  0 2026-09-30 15:30:54
 0  0 303856  97488   2584 118996    4    0     4     0 4175 4229 15  6 79  0  0  0 2026-09-30 15:30:55
 0  0 303856  97488   2584 118964    0    0     0     0 4289 4085 11  6 83  0  0  0 2026-09-30 15:30:56
 0  0 303856  97440   2584 118936    4    0    32     0 4733 5467 13  8 78  0  1  0 2026-09-30 15:30:57
 1  0 303856  97440   2592 118884    0    0     0    44 3520 3507  9  5 86  1  0  0 2026-09-30 15:30:58
 0  0 303856  93344   2592 118884    4    0     4    24 3651 3583 10  7 84  0  0  0 2026-09-30 15:30:59
 0  0 303856  93344   2592 118860    0    0     0     0 3337 3347 10  7 69  0 14  0 2026-09-30 15:31:00
 0  0 303856  93344   2592 118860    0    0     0     0 3411 3407 21  6 72  0  1  0 2026-09-30 15:31:01
 0  0 303856  93344   2592 118824    0    0     0     0 2699 2571 10  5 61  0 24  0 2026-09-30 15:31:02
 1  0 303856  93344   2600 118804    0    0     0    28 2813 2680  9  6 85  0  1  0 2026-09-30 15:31:03
procs -----------memory---------- ---swap-- -----io---- -system-- -------cpu------- -----timestamp-----
 r  b   swpd   free   buff  cache   si   so    bi    bo   in   cs us sy id wa st gu                 UTC
 0  0 303856  93096   2600 118764    0    0     0     0 3137 3135  9  6 85  0  0  0 2026-09-30 15:31:04
 0  0 303856 100956   2600 118716    0    0     0     0 2541 2538  5  5 90  0  0  0 2026-09-30 15:31:05
 0  0 303856 100404   2600 118740    0    0    56     0 2230 2291  6  4 90  0  0  0 2026-09-30 15:31:06
 0  0 303856 100024   2600 118792    8    0    60     0 2636 3582  8  6 87  0  0  0 2026-09-30 15:31:07
 0  0 303856  99516   2608 118700    0    0     0    24 2196 2245  4  4 91  0  1  0 2026-09-30 15:31:08
 0  0 303856  99516   2608 118700    4    0     4     0 1716 1781  4  5 92  0  0  0 2026-09-30 15:31:09
 0  0 303856  98524   2608 118668    0    0     0     0 1484 1597  4  3 92  0  1  0 2026-09-30 15:31:10
 0  0 303856 105364   2608 118620    0    0     0     0 1317 1421  2  3 95  0  0  0 2026-09-30 15:31:11
 0  0 303856 103552   2608 118572   16    0    16     0 1157 1383  2  4 94  0  0  0 2026-09-30 15:31:12
 0  0 303856 101284   2616 118572    0    0     0    24  789 1021  1  2 97  1  0  0 2026-09-30 15:31:13
 0  0 303856  97252   2616 118524    0    0     0     0  898 1159  2  3 96  0  0  0 2026-09-30 15:31:14
 0  0 303856 112224   2616 118444    0    0     0     0  864 1079  2  3 96  0  0  0 2026-09-30 15:31:15
 0  0 303856 109988   2616 118428    0    0     0     0  862 1095  1  3 96  0  0  0 2026-09-30 15:31:16
 0  0 303856  93772   2616 118396    4    0     4     0 1287 2344  2  5 93  0  1  0 2026-09-30 15:31:17
 0  0 303856  93524   2616 118396    0    0     0    12  817 1077  1  3 97  0  0  0 2026-09-30 15:31:18
 0  0 303856  92768   2624 118348    0    0     0    12  876 1127  2  2 96  0  0  0 2026-09-30 15:31:19
 0  0 303856 118852   2624 116996  100    0   100     0 3805 2079  2  9 89  1  0  0 2026-09-30 15:31:20
 0  0 303856 127052   2624 115236    8    0     8     0  704  973  1  4 96  0  0  0 2026-09-30 15:31:21
 0  0 303856 126296   2640 115236    0    0     0    84  803 1119  2  3 96  0  0  0 2026-09-30 15:31:22
 0  0 303856 125540   2640 115240    0    0     0    16  722  953  1  2 97  0  0  0 2026-09-30 15:31:23
 0  0 303856 121288   2640 115240    0    0     0    36  701  978  1  2 97  0  0  0 2026-09-30 15:31:24
procs -----------memory---------- ---swap-- -----io---- -system-- -------cpu------- -----timestamp-----
 r  b   swpd   free   buff  cache   si   so    bi    bo   in   cs us sy id wa st gu                 UTC
 0  0 303856 118240   2640 115240    0    0     0     0  698  952  1  3 96  0  0  0 2026-09-30 15:31:25
 1  0 303856 118240   2640 115240    0    0     0     0  708  965  1  3 96  0  0  0 2026-09-30 15:31:26
 0  0 303856 111512   2648 115244    0    0     4    16 1206 2373  4  4 93  0  0  0 2026-09-30 15:31:27
 0  0 303856 108992   2668 120260    4    0  4992    16 1049 1476  3  4 89  4  0  0 2026-09-30 15:31:28
 0  0 303856 108488   2668 120944   24    0   676     4  832 1056  1  2 97  1  0  0 2026-09-30 15:31:29
 0  0 303856 111764   2676 121692    0    0   748    28 1057 1492  3  5 92  0  0  0 2026-09-30 15:31:30
 0  0 303856 118468   2676 121976    0    0   292     0  786 1087  2  3 95  0  0  0 2026-09-30 15:31:31
 1  0 303856 117048   2676 121976  144    0   144     0  808 1086  2  3 94  1  0  0 2026-09-30 15:31:32
 0  0 303856 115504   2676 121976    0    0     0     0  730  958  1  3 97  0  0  0 2026-09-30 15:31:33
 0  0 303856 114252   2676 121976    0    0     0   592  781 1126  2  2 96  1  0  0 2026-09-30 15:31:34
 0  0 303856 109744   2684 121976    0    0     0    32  762 1052  1  2 96  0  1  0 2026-09-30 15:31:35
 1  0 303856 105736   2684 122600   12    0   636     0  807 1098  2  2 95  0  0  0 2026-09-30 15:31:36
 0  0 303856  91920   2684 122600    0    0     0     0 1195 2195  3  4 93  0  0  0 2026-09-30 15:31:37
 0  0 303856  91668   2684 122600    0    0     0     0  733  992  1  3 96  0  0  0 2026-09-30 15:31:38
 0  0 303856  88144   2684 122600    0    0     0     8  801 1128  1  3 96  0  0  0 2026-09-30 15:31:39
 1  0 303856  84884   2684 122600    0    0     0     0  736 1044  2  2 97  0  0  0 2026-09-30 15:31:40
 0  0 303856  84900   2684 122600    0    0     0     0  708  968  1  3 96  0  0  0 2026-09-30 15:31:41
 0  0 303856  85420   2684 122600    0    0     0     0  789 1120  2  2 97  0  0  0 2026-09-30 15:31:42
 0  0 303856  85420   2684 122600    0    0     0     0  693  933  1  3 97  0  0  0 2026-09-30 15:31:43
 0  0 303856  85432   2692 122600    0    0     0    16  730 1022  2  3 96  0  0  0 2026-09-30 15:31:44
 0  0 303856  85692   2692 122600    0    0     0     0  781 1091  1  3 96  0  1  0 2026-09-30 15:31:45
procs -----------memory---------- ---swap-- -----io---- -system-- -------cpu------- -----timestamp-----
 r  b   swpd   free   buff  cache   si   so    bi    bo   in   cs us sy id wa st gu                 UTC
 0  0 303856  85784   2692 122600    0    0     0     0  703  959  1  3 97  0  0  0 2026-09-30 15:31:46
 0  0 303856  86416   2692 122600    0    0     0     0 1155 2155  3  4 93  0  0  0 2026-09-30 15:31:47
 0  0 303856  85412   2692 122600    0    0     0     0  724  989  2  2 97  0  0  0 2026-09-30 15:31:48
 0  0 303856  85164   2700 122600    0    0     0    16  704  984  1  2 97  0  0  0 2026-09-30 15:31:49
 0  0 303856  85164   2700 122600    0    0     0     0  767 1047  2  3 96  0  0  0 2026-09-30 15:31:50
 0  0 303856  83152   2700 122600    0    0     0     0  704  970  1  3 96  0  0  0 2026-09-30 15:31:51
 0  0 303856  82144   2700 122600    0    0     0     0  697  962  1  3 96  0  1  0 2026-09-30 15:31:52
 0  0 303856  82144   2700 122600    0    0     0     0  706  980  1  3 96  0  0  0 2026-09-30 15:31:53
 0  0 303856  82144   2700 122600    0    0     0     4  755 1036  2  2 97  0  0  0 2026-09-30 15:31:54
 0  0 303856  82144   2700 122600    0    0     0     0  710  943  1  3 96  0  0  0 2026-09-30 15:31:55
 0  0 303856  82144   2700 122600    0    0     0     0  733 1012  2  2 96  0  0  0 2026-09-30 15:31:56
 0  0 303856 101080   2700 122616    4    0     4     0 1282 2312  4  4 93  0  0  0 2026-09-30 15:31:57
 0  0 303856 100324   2700 122616    0    0     0    24  713  958  1  2 97  0  0  0 2026-09-30 15:31:58
 0  0 303856 100072   2708 122620    0    0     0    16  759 1074  1  3 96  0  0  0 2026-09-30 15:31:59
 0  0 303856 100072   2708 122620    0    0     0     0  716  992  1  4 91  0  4  0 2026-09-30 15:32:00
 0  0 303856  98056   2708 122620    0    0     0     0  710 1001  1  2 96  0  1  0 2026-09-30 15:32:01
 0  0 303856  96292   2708 122620    0    0     0     0  749 1028  1  2 91  0  6  0 2026-09-30 15:32:02
 0  0 303856  95536   2708 122620   20    0    20     0  720 1007  1  3 95  1  1  0 2026-09-30 15:32:03
 0  0 303856  95536   2708 122620   20    0    20     8  724 1004  2  2 96  0  0  0 2026-09-30 15:32:04
 0  0 303856  96300   2708 122616   64    0    64     0  850 1159  1  3 96  1  0  0 2026-09-30 15:32:05
 0  0 303600  98072   2708 122616    4    0     4     0  722 1009  1  3 96  0  0  0 2026-09-30 15:32:06
procs -----------memory---------- ---swap-- -----io---- -system-- -------cpu------- -----timestamp-----
 r  b   swpd   free   buff  cache   si   so    bi    bo   in   cs us sy id wa st gu                 UTC
 0  0 303600  97316   2708 122968    4    0   356     0 1281 2386  4  3 93  0  0  0 2026-09-30 15:32:07
 0  0 303600  98044   2716 122948   40    0    40    12  780 1125  2  2 96  1  0  0 2026-09-30 15:32:08
 0  0 303580 102868   2716 122944   60    0    60     8  831 1201  2  3 96  0  0  0 2026-09-30 15:32:09
 0  0 303580 104244   2716 122944  184    0   184     0  835 1160  3  2 94  2  1  0 2026-09-30 15:32:10
 0  0 303324 106644   2716 122944   48    0    48     0  859 1204  1  3 96  0  0  0 2026-09-30 15:32:11
 1  0 303324 107404   2716 122944   28    0    28     0  871 1215  1  2 96  1  0  0 2026-09-30 15:32:12
 0  0 303324 107964   2716 122944    0    0     0     0  700  938  1  3 96  0  0  0 2026-09-30 15:32:13
 0  0 303324 108260   2716 122944    0    0     0     0  759 1051  1  3 96  0  0  0 2026-09-30 15:32:14
 0  0 303324 106800   2724 122944   32    0    32    24  736 1005  2  2 96  0  0  0 2026-09-30 15:32:15
 0  0 303324 114704   2724 122944    8    0     8     0  724  986  2  2 97  0  0  0 2026-09-30 15:32:16
 1  0 303324  95416   2724 122944    0    0     0     0 1161 2229  2  5 93  0  0  0 2026-09-30 15:32:17
 0  0 303324  89964   2724 122944    0    0     0     0  795 1162  2  3 95  0  0  0 2026-09-30 15:32:18
 0  0 303324  91168   2724 122944   16    0    16     0  753 1024  1  4 96  0  0  0 2026-09-30 15:32:19
 0  0 303068 143768   2724 122908   92    0    92     8  937 1512  1  3 95  0  0  0 2026-09-30 15:32:20
 0  0 303068 135412   2732 122908    8    0     8    12  713  994  1  3 97  0  0  0 2026-09-30 15:32:21
 0  0 303068 134356   2732 122908    0    0     0     0  700  956  1  2 97  0  0  0 2026-09-30 15:32:22
 0  0 303068 133600   2732 122908    0    0     0     0  691  970  1  2 97  0  0  0 2026-09-30 15:32:23
 0  0 303068 133096   2732 122908    0    0     0     0  707  988  1  3 96  0  0  0 2026-09-30 15:32:24
 1  0 303068 133096   2732 122908    8    0     8     8  685  950  1  2 97  0  0  0 2026-09-30 15:32:25
 0  0 303068 133096   2732 122908    0    0     0     0  717  963  2  2 96  0  1  0 2026-09-30 15:32:26
 0  0 303068 128632   2732 122908    0    0     0     0 1249 2332  3  4 93  0  0  0 2026-09-30 15:32:27
procs -----------memory---------- ---swap-- -----io---- -system-- -------cpu------- -----timestamp-----
 r  b   swpd   free   buff  cache   si   so    bi    bo   in   cs us sy id wa st gu                 UTC
 0  0 303068 128632   2732 122908    0    0     0     0  697  952  1  2 97  0  0  0 2026-09-30 15:32:28
 0  0 303068 126116   2732 122908    0    0     0     0  731  983  2  2 97  0  0  0 2026-09-30 15:32:29
 0  0 303068 126116   2740 122908    0    0     0    16  763 1061  2  2 96  0  0  0 2026-09-30 15:32:30
 0  0 303068 126116   2740 122908    4    0     4     0  713  956  1  3 97  0  0  0 2026-09-30 15:32:31
 0  0 303068 122136   2740 123140  112    0   344     0  909 1231  3  2 95  1  0  0 2026-09-30 15:32:32
 0  0 303068 117856   2740 123140    0    0     0     0  684  918  1  2 97  0  0  0 2026-09-30 15:32:33
 0  0 303068 113280   2740 123144    0    0     0     0  722 1027  1  3 96  0  0  0 2026-09-30 15:32:34
 0  0 303068 108576   2740 123144    0    0     0    16  798 1090  3  2 96  0  0  0 2026-09-30 15:32:35
 0  0 303068 124764   3024 124340   68    0  1540     0  990 1423  3  5 91  1  1  0 2026-09-30 15:32:36
 1  0 303068 120320   3032 124340    4    0     4    28 1217 2330  3  4 93  0  0  0 2026-09-30 15:32:37
 0  0 303068 120072   3032 124340    0    0     0     0  703  984  1  2 97  0  0  0 2026-09-30 15:32:38
 0  0 303068 119824   3032 124340    4    0     4     0  843 1222  1  3 96  0  0  0 2026-09-30 15:32:39
 0  0 303068 119824   3032 124340    0    0     0     8  746 1045  1  2 97  0  0  0 2026-09-30 15:32:40
 0  0 303068 119824   3032 124340    0    0     0   456  741 1047  2  2 97  0  0  0 2026-09-30 15:32:41
 0  0 303068 119576   3032 124340    0    0     0     0  781 1112  1  3 96  0  0  0 2026-09-30 15:32:42
 0  0 303068 119576   3032 124340    0    0     0     0  700  968  2  1 97  0  0  0 2026-09-30 15:32:43
 0  0 303068 119576   3032 124340    0    0     0     0  742 1015  1  3 96  0  0  0 2026-09-30 15:32:44
 0  0 303068 119576   3040 124340    0    0     0    28  749 1097  1  3 96  1  0  0 2026-09-30 15:32:45
 0  0 303068 119576   3040 124340    0    0     0     0  681  935  0  3 97  0  0  0 2026-09-30 15:32:46
 0  0 303068 119576   3040 124340    0    0     0     0 1164 2198  4  3 94  0  0  0 2026-09-30 15:32:47
 0  0 303068 119576   3040 124340    0    0     0     0  753 1028  2  3 96  0  0  0 2026-09-30 15:32:48
procs -----------memory---------- ---swap-- -----io---- -system-- -------cpu------- -----timestamp-----
 r  b   swpd   free   buff  cache   si   so    bi    bo   in   cs us sy id wa st gu                 UTC
 0  0 303068 119576   3040 124340    0    0     0     0  735 1004  2  2 96  0  1  0 2026-09-30 15:32:49
 0  0 303068 119576   3040 124340    0    0     0     4  772 1071  2  3 96  0  0  0 2026-09-30 15:32:50
 0  0 303068 123064   3040 124340    0    0     0     0  721  981  1  3 97  0  0  0 2026-09-30 15:32:51
 0  0 303068 120540   3040 124340    4    0     4     0  715  986  1  3 96  0  0  0 2026-09-30 15:32:52
 1  0 303068 120540   3040 124340    0    0     0     0  665  945  1  2 97  0  0  0 2026-09-30 15:32:53
 0  0 303068 121296   3040 124340    0    0     0     0  752 1024  1  2 97  0  0  0 2026-09-30 15:32:54
 0  0 303068 121044   3040 124340    0    0     0     0  718  964  1  3 97  0  0  0 2026-09-30 15:32:55
 0  0 303068 120796   3048 124340    0    0     0    16  734 1024  1  3 96  0  0  0 2026-09-30 15:32:56
 0  0 303068 119944   3048 124340    0    0     0     0 1198 2302  3  4 93  0  0  0 2026-09-30 15:32:57
 0  0 303068 118688   3048 124340    0    0     0     0  728  965  1  3 96  0  1  0 2026-09-30 15:32:58
 0  0 303068 118940   3048 124340    0    0     0     0  718 1001  2  2 97  0  0  0 2026-09-30 15:32:59
 0  0 303068 120456   3048 124340    0    0     0     0  681  960  1  3 90  0  6  0 2026-09-30 15:33:00
 0  0 303068 119248   3048 124340    0    0     0    28  711  964  0  2 95  0  2  0 2026-09-30 15:33:01
 0  0 303068 118220   3048 124324   36    0    36     0  815 1119  4  3 83  0 10  0 2026-09-30 15:33:02
 0  0 303068 118220   3048 124324    0    0     0     0  712  961  2  2 96  0  0  0 2026-09-30 15:33:03
 0  0 303068 118220   3048 124324    0    0     0     0  741  998  1  4 96  0  1  0 2026-09-30 15:33:04
 0  0 303068 118220   3048 124324    0    0     0     0  737  975  2  2 96  0  0  0 2026-09-30 15:33:05
 0  0 303068 119484   3056 124324    0    0     0    28  740 1010  2  2 97  0  0  0 2026-09-30 15:33:06
 0  0 303068 123332   3056 124324    4    0     4     0 1203 2297  3  4 94  0  0  0 2026-09-30 15:33:07
 0  0 303068 123080   3056 124324    0    0     0     0  756 1059  1  3 96  0  0  0 2026-09-30 15:33:08
 0  0 303068 123080   3056 124324    0    0     0     0  715  956  2  2 96  0  0  0 2026-09-30 15:33:09
procs -----------memory---------- ---swap-- -----io---- -system-- -------cpu------- -----timestamp-----
 r  b   swpd   free   buff  cache   si   so    bi    bo   in   cs us sy id wa st gu                 UTC
 0  0 303068 123080   3056 124324    0    0     0     0  723  974  1  2 97  0  0  0 2026-09-30 15:33:10
 0  0 303068 123080   3056 124328    0    0     0     8  689  926  2  2 96  0  0  0 2026-09-30 15:33:11
 0  0 303068 119444   3056 124328    4    0     4     0  811 1134  2  2 97  0  0  0 2026-09-30 15:33:12
 0  0 303068 122024   3064 124328    0    0     0    12  709  935  2  1 96  0  1  0 2026-09-30 15:33:13
 1  0 303068 121828   3064 124328    0    0     0     0  721  985  2  2 96  0  0  0 2026-09-30 15:33:14
 0  0 303068 121532   3064 124328    0    0     0     0  708  942  2  2 96  0  0  0 2026-09-30 15:33:15
 0  0 303068 121808   3064 124328    0    0     0     4  675  911  1  3 96  0  0  0 2026-09-30 15:33:16
 0  0 303068 115704   3064 124620    4    0   296     0 1196 2262  2  4 94  1  0  0 2026-09-30 15:33:17
 0  0 303068 114948   3064 124620    0    0     0     0  717  983  2  3 96  0  0  0 2026-09-30 15:33:18
 0  0 303068 114696   3064 124620    0    0     0     0  684  921  0  3 97  0  0  0 2026-09-30 15:33:19
 1  0 303068 119556   3064 128324   16    0  3772     0  944 1348  5  3 90  2  0  0 2026-09-30 15:33:20
 0  0 302812 141560   3076 134396   64    0  5596    28 1386 1772  6  4 87  3  1  0 2026-09-30 15:33:21
 0  0 302812 139244   3076 134396    0    0     0     0  697  951  1  3 97  0  0  0 2026-09-30 15:33:22
 0  0 302812 138992   3076 134396    0    0     0     0  753 1050  1  3 97  0  0  0 2026-09-30 15:33:23
 2  0 302812 136252   3092 134400    4    0     4    92 1424 1657  3  5 93  0  0  0 2026-09-30 15:33:24
 0  0 302812 132244   3092 134400    0    0     0     0 1680 1808  3  3 94  0  0  0 2026-09-30 15:33:25
 0  0 302812 129932   3092 134400    0    0     0    12 1668 1771  6  2 92  0  0  0 2026-09-30 15:33:26
 4  0 302812 122832   3092 135044    0    0   640     0 2282 3093  4  6 90  1  0  0 2026-09-30 15:33:27
 0  0 302812 122608   3092 135040    0    0     0     0 2133 2234  5  3 91  0  1  0 2026-09-30 15:33:28
 0  0 302812 122608   3092 135040    0    0     0     0 2230 2253  4  5 91  0  0  0 2026-09-30 15:33:29
 0  0 302812 122608   3100 135040    0    0     0    16 2384 2340  7  3 90  0  0  0 2026-09-30 15:33:30
procs -----------memory---------- ---swap-- -----io---- -system-- -------cpu------- -----timestamp-----
 r  b   swpd   free   buff  cache   si   so    bi    bo   in   cs us sy id wa st gu                 UTC
 0  0 302812 122144   3100 135056    0    0     0    12 2630 2566  6  5 89  0  0  0 2026-09-30 15:33:31
 0  0 302812 121712   3100 135088    0    0     0     0 2252 2306  7  4 90  0  0  0 2026-09-30 15:33:32
 1  0 302812 121680   3100 135120    0    0     0     0 2724 2604  7  5 88  0  0  0 2026-09-30 15:33:33
 0  0 302812 121428   3100 135152    0    0     0     0 3105 3056  9  5 85  0  0  0 2026-09-30 15:33:34
 0  0 302812 121428   3100 135184    0    0     0     0 3084 3124  9  6 85  0  1  0 2026-09-30 15:33:35
 0  0 302812 118940   3108 135652   20    0   464    72 3138 3248 11  6 83  1  0  0 2026-09-30 15:33:36
 4  0 302812 118716   3108 135692    0    0     0     0 3156 3210  9  6 86  0  0  0 2026-09-30 15:33:37
 0  0 302812 108512   3108 135724    0    0     0     0 3855 4567 12  7 81  0  0  0 2026-09-30 15:33:38
 0  0 302812 108512   3108 135756    8    0     8     0 3831 3851 12  5 83  0  0  0 2026-09-30 15:33:39
 0  0 302812 108288   3108 135788    0    0     0     0 3670 3662  9  7 84  0  1  0 2026-09-30 15:33:40
 0  0 302812 108064   3108 135820    0    0     0     0 3722 3717 10  6 84  0  0  0 2026-09-30 15:33:41
 2  0 302812 108064   3116 135852    0    0     0    24 3984 3960 11  5 84  0  0  0 2026-09-30 15:33:42
 0  0 302812 108064   3116 135884    0    0     0     0 4538 4452 13  9 79  0  0  0 2026-09-30 15:33:43
 0  0 302812 108064   3116 135916    4    0     4     0 4316 4212 10  8 82  0  1  0 2026-09-30 15:33:44
 0  0 302812 107840   3116 135948    0    0     0     0 4250 4062 10  7 82  0  2  0 2026-09-30 15:33:45
 1  0 302812 107376   3116 135964    0    0     0     0 4531 4395 13  7 80  0  0  0 2026-09-30 15:33:46
 0  0 302812 107136   3124 136016    0    0     0    28 4827 4705 12  7 81  0  0  0 2026-09-30 15:33:47
 1  0 302812 107064   3124 136048    4    0     4     0 5112 5829 17  8 75  0  1  0 2026-09-30 15:33:48
 1  0 302812 106840   3124 136080    0    0     0     0 5136 4888 14  6 80  0  0  0 2026-09-30 15:33:49
 2  0 302812 106616   3124 136096    0    0     0     0 5062 5095 12 10 78  0  0  0 2026-09-30 15:33:50
 0  0 302812 106616   3124 136128    0    0     0   608 4817 4716 13  7 80  1  0  0 2026-09-30 15:33:51
procs -----------memory---------- ---swap-- -----io---- -system-- -------cpu------- -----timestamp-----
 r  b   swpd   free   buff  cache   si   so    bi    bo   in   cs us sy id wa st gu                 UTC
 1  0 302812 106616   3132 136160    0    0     0    40 5014 5050 23  8 69  0  1  0 2026-09-30 15:33:52
 2  0 302812 106616   3132 136208    0    0     0     0 5336 5302 14 11 75  0  0  0 2026-09-30 15:33:53
 4  0 302812 106168   3132 136240    0    0     0     0 5650 5476 15  8 76  0  1  0 2026-09-30 15:33:54
 0  0 302812 106168   3132 136256    0    0     0     0 5697 5528 16 10 73  0  0  0 2026-09-30 15:33:55
 1  0 302812 106168   3132 136304    0    0     0     0 5779 5747 13 10 77  0  0  0 2026-09-30 15:33:56
 0  0 302812 106168   3140 136336    0    0     0    32 5935 5705 14  9 77  0  0  0 2026-09-30 15:33:57
 0  0 302812 108008   3140 136368    0    0     0     0 6288 7183 18 10 72  0  0  0 2026-09-30 15:33:58
 1  0 302812 107784   3140 136400    0    0     0     0 6027 6170 16 11 73  0  0  0 2026-09-30 15:33:59
 0  0 302812 107320   3140 136432  148    0   148     0 5599 7428 21 10 50  1 17  0 2026-09-30 15:34:00
 0  0 302812 106872   3140 136448   20    0    20     0 6006 5728 18  9 72  0  1  0 2026-09-30 15:34:01
 3  0 302812 106872   3148 136480    0    0     0    28 5591 5622 17 10 56  0 18  0 2026-09-30 15:34:02
 2  0 302812 106872   3148 136512    0    0     0     0 6674 6276 20  8 71  0  1  0 2026-09-30 15:34:03
 1  0 302044 106876   3148 136544   96    0    96     0 6971 6921 22 11 67  0  0  0 2026-09-30 15:34:04
 0  0 302044 106652   3148 136576    0    0     0     0 6533 6541 20 10 70  0  0  0 2026-09-30 15:34:05
 1  0 302044 106428   3148 136608    0    0     0     0 7285 7024 20 10 70  0  1  0 2026-09-30 15:34:06
 0  0 302044 106176   3148 136656    0    0     0    28 7159 7090 19 10 71  0  0  0 2026-09-30 15:34:07
 2  0 302044 108516   3148 136672    4    0     4     0 7664 8249 22 11 66  0  1  0 2026-09-30 15:34:08
 0  0 302044 108516   3156 136696    0    0     0    12 7477 7236 18 11 71  1  0  0 2026-09-30 15:34:09
 1  0 302044 108324   3156 136736   16    0    16     0 7045 7200 19 12 69  0  0  0 2026-09-30 15:34:10
 1  0 302044 108292   3156 136768   16    0    16     0 7096 7156 17 14 69  0  0  0 2026-09-30 15:34:11
 2  0 302044 108292   3156 136800    0    0     0    16 7860 7529 19 13 68  0  1  0 2026-09-30 15:34:12
procs -----------memory---------- ---swap-- -----io---- -system-- -------cpu------- -----timestamp-----
 r  b   swpd   free   buff  cache   si   so    bi    bo   in   cs us sy id wa st gu                 UTC
 7  0 302044 107316   3156 136832    0    0     0     0 8187 8023 24 11 65  0  0  0 2026-09-30 15:34:13
 0  0 302044 107316   3156 136864    0    0     0     0 7804 7465 29 11 60  0  0  0 2026-09-30 15:34:14
 4  0 302044 106596   3156 136896    0    0     0     0 7714 7403 19 14 67  0  1  0 2026-09-30 15:34:15
 1  0 302044 106092   3164 136928    0    0     0    12 8003 7791 20 10 69  0  0  0 2026-09-30 15:34:16
 3  0 302044 103852   3164 137408    8    0   428    16 8418 8589 23 13 64  0  0  0 2026-09-30 15:34:17
 0  0 302044 103704   3172 137644    0    0   224     0 8922 9638 23 15 61  1  0  0 2026-09-30 15:34:18
 0  0 302044 103704   3172 137676    0    0     0     0 8075 8448 22 14 64  0  1  0 2026-09-30 15:34:19
 2  0 302044 119080   3172 137904    0    0   196     0 8574 8542 20 12 68  0  0  0 2026-09-30 15:34:20
 3  0 302044 116884   3172 137936    0    0     0     0 8888 8738 23 13 65  0  0  0 2026-09-30 15:34:21
 4  0 302044 116884   3172 137972    0    0     0     0 8198 8176 34 10 56  0  0  0 2026-09-30 15:34:22
 0  0 302044 116880   3180 138004    0    0     0    44 8807 8594 25 12 63  0  0  0 2026-09-30 15:34:23
 2  0 302044 116640   3196 138036    0    0     0   132 8949 8685 22 15 62  0  1  0 2026-09-30 15:34:24
 1  0 302044 115940   3196 138052    0    0     0     0 8942 8988 22 16 61  0  0  0 2026-09-30 15:34:25
 1  0 302044 115232   3196 138100    0    0     0     0 8862 8757 26 12 61  0  1  0 2026-09-30 15:34:26
 2  0 302044 114684   3196 138132    0    0     0   444 9232 8824 24 13 62  1  0  0 2026-09-30 15:34:27
 4  0 302044 107264   3196 138244    8    0    88    16 9837 10586 26 16 57  0  0  0 2026-09-30 15:34:28
 4  0 302044 106760   3204 138276    0    0     0    24 9165 9251 36 14 50  0  0  0 2026-09-30 15:34:29
 5  0 302044 106236   3204 138308    0    0     0     0 9530 9272 26 14 59  0  1  0 2026-09-30 15:34:30
 3  0 302044 106236   3204 138324    0    0     0     0 9982 9549 26 15 59  0  0  0 2026-09-30 15:34:31
 0  0 302044 105984   3204 138372    0    0     0     0 9465 9124 24 14 63  0  0  0 2026-09-30 15:34:32
 6  0 302044 104504   3204 138404    0    0     0    16 9767 9468 25 17 58  0  0  0 2026-09-30 15:34:33
procs -----------memory---------- ---swap-- -----io---- -system-- -------cpu------- -----timestamp-----
 r  b   swpd   free   buff  cache   si   so    bi    bo   in   cs us sy id wa st gu                 UTC
 0  0 302044 104040   3204 138436    0    0     0     0 10053 9820 26 17 57  0  0  0 2026-09-30 15:34:34
 0  0 302044 104040   3204 138452    0    0     0     0 9474 9744 24 17 58  0  1  0 2026-09-30 15:34:35
 2  0 302044 102276   3204 138500    4    0     4     0 9211 9387 40 17 43  0  0  0 2026-09-30 15:34:36
 1  0 302044 102052   3204 138516    0    0     0     0 9470 9841 30 15 56  0  0  0 2026-09-30 15:34:37
 0  0 302044 100032   3212 138548    0    0     0    28 10823 11339 31 17 52  0  0  0 2026-09-30 15:34:38
 1  0 302044  99796   3212 138684    0    0   104     0 10806 10727 26 19 55  0  0  0 2026-09-30 15:34:39
 0  0 302044  99796   3212 138716    0    0     0    52 10453 10493 29 14 57  0  1  0 2026-09-30 15:34:40
 3  0 302044  99796   3212 138748    0    0     0     0 10173 9932 30 13 57  0  0  0 2026-09-30 15:34:41
 4  0 302044  99572   3212 138780    0    0     0     0 9814 9499 38 16 45  0  1  0 2026-09-30 15:34:42
 0  0 302044  99348   3220 138812    0    0     0    28 10513 10524 28 19 53  0  0  0 2026-09-30 15:34:43
 7  0 302044  99348   3220 138844    0    0     0     0 10246 10839 30 16 54  0  1  0 2026-09-30 15:34:44
 0  0 302044  99344   3220 138876    4    0     4     0 11076 10956 32 18 48  0  2  0 2026-09-30 15:34:45
 4  0 302044  99120   3220 138924    0    0     0     0 10958 11019 32 17 52  0  0  0 2026-09-30 15:34:46
 0  0 302044  98896   3220 138940    0    0     0     0 10419 10739 43 16 42  0  0  0 2026-09-30 15:34:47
 0  0 302044  90220   3228 139076    8    0   112    28 11655 12182 32 18 50  0  1  0 2026-09-30 15:34:48
 2  0 302044  90220   3228 139124    0    0     0     0 11118 11225 34 16 50  0  0  0 2026-09-30 15:34:49
 6  0 302044  90028   3228 139140    0    0     0     0 10573 10955 28 21 52  0  0  0 2026-09-30 15:34:50
 2  0 302044  89996   3228 139172    0    0     0     0 11560 11674 32 19 49  0  0  0 2026-09-30 15:34:51
 2  0 302044  89772   3228 139204    0    0     0     0 10400 10315 44 17 39  0  0  0 2026-09-30 15:34:52
 0  0 302044  89772   3236 139236    0    0     0    28 11218 11432 36 16 48  0  1  0 2026-09-30 15:34:53
 1  0 302044  89772   3236 139268    0    0     0     0 11558 11224 28 21 51  0  0  0 2026-09-30 15:34:54
procs -----------memory---------- ---swap-- -----io---- -system-- -------cpu------- -----timestamp-----
 r  b   swpd   free   buff  cache   si   so    bi    bo   in   cs us sy id wa st gu                 UTC
 2  0 302044  89548   3236 139300    0    0     0     0 11353 11288 36 18 46  0  0  0 2026-09-30 15:34:55
 0  0 302044  88580   3236 139332    0    0     0     4 11482 11758 33 16 51  0  1  0 2026-09-30 15:34:56
 9  0 302044  88328   3236 139368    0    0     0     0 10823 11257 41 21 37  0  0  0 2026-09-30 15:34:57
 3  0 302044  79132   3244 139400    4    0     4    28 12512 13390 37 20 43  0  0  0 2026-09-30 15:34:58
 7  0 302044  78912   3244 139432    0    0     0     0 11842 11560 36 15 49  0  0  0 2026-09-30 15:34:59
18  0 302044  76576   3244 139464  140    0   140     0 9266 8946 34 18 27  0 22  0 2026-09-30 15:35:00
16  0 302044  76224   3244 139576    0    0     0     0 10806 10386 50 23 16  0 11  0 2026-09-30 15:35:01
 0  0 302044  75532   3244 139592    4    0     4     0 10220 11281 49 22 12  0 18  0 2026-09-30 15:35:02
 0  0 302044  75064   3252 139680    0    0     0    32 11028 11121 33 22 44  0  2  0 2026-09-30 15:35:03
 5  0 302044  75064   3252 139704    0    0     0     0 11360 11340 41 22 36  0  2  0 2026-09-30 15:35:04
 3  0 302044  75064   3252 139736    4    0     4     0 11357 11252 52 20 27  0  1  0 2026-09-30 15:35:05
 1  0 302044  74588   3252 139784    0    0     0     0 12389 12085 33 24 42  0  0  0 2026-09-30 15:35:06
 4  0 302044  74364   3252 139816    0    0     0     0 12274 11854 38 21 41  0  0  0 2026-09-30 15:35:07
 8  0 302044  79116   3252 139968    0    0   120     0 13017 13619 42 22 36  0  1  0 2026-09-30 15:35:08
 5  0 302044  78628   3260 140000    0    0     0    28 11626 12168 53 23 25  0  0  0 2026-09-30 15:35:09
 8  0 302044  77876   3260 140052   96    0    96     0 12172 11837 37 22 40  1  1  0 2026-09-30 15:35:10
 6  0 302044  77620   3260 140068    0    0     0     0 12246 12106 38 20 42  0  0  0 2026-09-30 15:35:11
15  0 302044  77372   3260 140096    0    0     0     0 12591 12792 37 24 39  0  0  0 2026-09-30 15:35:12
 2  0 302044  76892   3260 140172    0    0     0     0 12594 12122 51 23 27  0  0  0 2026-09-30 15:35:13
 3  0 302044  76668   3268 140188    0    0     0    28 12914 12519 38 20 42  0  0  0 2026-09-30 15:35:14
 9  0 302044  76672   3268 140220    4    0     4     0 12853 13106 42 19 38  0  0  0 2026-09-30 15:35:15
procs -----------memory---------- ---swap-- -----io---- -system-- -------cpu------- -----timestamp-----
 r  b   swpd   free   buff  cache   si   so    bi    bo   in   cs us sy id wa st gu                 UTC
 2  0 302044  76480   3268 140244    0    0     0     4 12066 12066 52 23 26  0  0  0 2026-09-30 15:35:16
 0  0 302044  76448   3268 140276    0    0     0     0 12562 12800 38 22 40  0  0  0 2026-09-30 15:35:17
15  0 302044  70668   3268 140340    0    0     0     0 12546 13267 43 23 34  0  0  0 2026-09-30 15:35:18
 4  0 302044  78792   3276 140372    0    0     0    28 13504 13334 52 19 29  0  0  0 2026-09-30 15:35:19
 3  0 302044  78564   3276 140404    0    0     0     0 12378 12472 50 23 26  0  1  0 2026-09-30 15:35:20
 8  0 302044  78564   3276 140480    0    0     0     0 13062 12679 38 26 36  0  1  0 2026-09-30 15:35:21
 0  0 302044  78328   3276 140524    0    0     0     0 12914 12623 38 23 39  0  0  0 2026-09-30 15:35:22
 4  0 302044  78328   3276 140556    0    0     0     0 12485 12586 53 23 24  0  0  0 2026-09-30 15:35:23
 0  0 302044  78332   3284 140572    0    0     0    28 12831 12967 42 22 36  0  1  0 2026-09-30 15:35:24
 1  0 302044  78332   3300 140576    0    0     0   192 12192 12632 43 20 36  0  1  0 2026-09-30 15:35:25
 1  0 302044  78332   3300 140576    0    0     0     0 12350 11659 53 25 22  0  0  0 2026-09-30 15:35:26
 4  0 302044  78332   3300 140576    0    0     0     0 13251 13243 42 22 35  0  0  0 2026-09-30 15:35:27
 0  0 302044  78128   3300 140596    0    0     0     0 12385 12638 37 22 41  0  0  0 2026-09-30 15:35:28
 2  0 302044  81224   3300 140592    0    0     0    16 12443 12819 57 22 20  0  0  0 2026-09-30 15:35:29
 5  0 302044  80432   3308 140580    0    0     0    16 13201 13174 39 24 37  0  0  0 2026-09-30 15:35:30
 6  0 302044  79952   3308 140596    0    0     0     0 13452 13083 36 27 37  0  1  0 2026-09-30 15:35:31
 7  0 302044  79920   3308 140584    0    0     0     0 12212 12177 52 22 26  0  0  0 2026-09-30 15:35:32
 5  0 302044  79668   3308 140584    0    0     0     0 13309 13043 38 24 38  0  0  0 2026-09-30 15:35:33
 1  0 302044  79664   3308 140584    0    0     0    16 12796 12623 38 23 39  0  0  0 2026-09-30 15:35:34
12  0 302044  79664   3308 140596    0    0     0     0 12286 12291 49 21 30  0  0  0 2026-09-30 15:35:35
 3  0 302044  79160   3308 140712   16    0   136     0 12274 12704 44 25 30  0  1  0 2026-09-30 15:35:36
procs -----------memory---------- ---swap-- -----io---- -system-- -------cpu------- -----timestamp-----
 r  b   swpd   free   buff  cache   si   so    bi    bo   in   cs us sy id wa st gu                 UTC
 6  0 302044  79160   3308 140708    0    0     0     0 12289 12869 39 22 38  0  0  0 2026-09-30 15:35:37
10  0 302044  79160   3308 140708    0    0     0     0 13044 13044 42 23 35  0  0  0 2026-09-30 15:35:38
 7  0 302044  74280   3316 140712    0    0     0    28 12610 13947 54 24 21  0  0  0 2026-09-30 15:35:39
17  0 302044  74284   3316 140708    0    0     0     0 12548 12921 40 21 39  0  1  0 2026-09-30 15:35:40
24  0 302044  72140   3316 140704   28    0    28     0 11347 12543 36 19 45  0  0  0 2026-09-30 15:35:41
16  0 302044  70008   3316 141212   20    0    20     0 12365 12924 58 24 18  0  0  0 2026-09-30 15:35:42
 4  0 302044  70008   3316 141212    0    0     0     0 14069 13662 42 27 31  0  0  0 2026-09-30 15:35:43
 5  0 302044  69784   3324 141220    0    0     0    28 12936 12664 39 20 41  0  0  0 2026-09-30 15:35:44
 4  0 302044  69784   3324 141216    0    0     0     0 12761 11887 57 20 23  0  0  0 2026-09-30 15:35:45
 8  0 302044  69780   3324 141216    0    0     0     0 12892 13147 38 22 40  0  0  0 2026-09-30 15:35:46
 3  0 302044  69780   3324 141216    0    0     0     0 12906 12560 40 23 37  0  1  0 2026-09-30 15:35:47
 0  0 302044  69780   3324 141220    4    0     4     0 12073 11701 53 23 24  0  0  0 2026-09-30 15:35:48
 2  0 302044  72428   3324 141216    4    0     4     0 13325 13846 40 28 32  0  0  0 2026-09-30 15:35:49
 0  0 302044  72432   3332 141228    0    0     0    64 13267 13205 40 23 37  1  0  0 2026-09-30 15:35:50
 1  0 302044  72432   3332 141248    0    0     0     0 12654 11950 57 21 22  0  0  0 2026-09-30 15:35:51
 0  0 302044  72432   3332 141244   20    0    20     0 13032 13276 39 23 38  0  0  0 2026-09-30 15:35:52
 2  0 302044  72432   3332 141228    0    0     0     0 13155 13884 39 26 35  0  0  0 2026-09-30 15:35:53
 1  0 302044  72436   3332 141248    0    0     0     0 11513 12125 54 23 23  0  0  0 2026-09-30 15:35:54
 1  0 302044  72232   3340 141248    0    0     0    28 12204 12843 41 22 37  0  0  0 2026-09-30 15:35:55
 0  0 302044  72184   3340 141240    0    0     0     0 13262 12709 40 23 36  0  1  0 2026-09-30 15:35:56
 5  0 302044  72184   3340 141236    4    0     4     0 11983 11627 53 24 23  0  0  0 2026-09-30 15:35:57
procs -----------memory---------- ---swap-- -----io---- -system-- -------cpu------- -----timestamp-----
 r  b   swpd   free   buff  cache   si   so    bi    bo   in   cs us sy id wa st gu                 UTC
 3  0 302044  72184   3340 141232    0    0     0     0 12519 13337 39 22 39  0  0  0 2026-09-30 15:35:58
 0  0 302044  82452   3340 141236    0    0     0     0 12988 14222 44 24 32  0  0  0 2026-09-30 15:35:59
 5  0 302044  81192   3348 141252    4    0     4    32 11880 11306 45 25 24  0  6  0 2026-09-30 15:36:00
14  0 302044  80940   3348 141248    0    0     0     0 11445 11390 47 25 16  0 12  0 2026-09-30 15:36:01
27  0 302044  80936   3348 141268    0    0     0     0 6877 6434 30 18  7  0 44  0 2026-09-30 15:36:02
15  0 302044  80684   3348 141264    0    0     0     0 12232 11051 51 30  4  0 15  0 2026-09-30 15:36:03
 2  0 302044  80180   3348 141264    0    0     0     0 13065 11702 64 23 13  0  0  0 2026-09-30 15:36:04
 1  0 302044  80180   3356 141284    0    0     0    28 12402 12183 41 21 39  0  0  0 2026-09-30 15:36:05
10  0 302044  80180   3356 141284    0    0     0     0 12612 12662 40 22 38  0  0  0 2026-09-30 15:36:06
 1  0 302044  79680   3356 141268    0    0     0     0 12608 13330 57 19 24  0  0  0 2026-09-30 15:36:07
 0  0 302044  79680   3356 141276    0    0     0     0 12884 12568 36 23 41  0  0  0 2026-09-30 15:36:08
 1  0 302044  76940   3356 141280    0    0     0     0 12873 13377 41 25 34  0  0  0 2026-09-30 15:36:09
 7  0 302044  76688   3364 141276    0    0     0    28 12311 12228 59 24 17  0  1  0 2026-09-30 15:36:10
 0  0 302044  76688   3364 141276    0    0     0     0 13566 13016 41 23 36  0  0  0 2026-09-30 15:36:11
 1  0 302044  76688   3364 141276    0    0     0     0 12554 12845 36 24 41  0  0  0 2026-09-30 15:36:12
11  0 302044  76440   3364 141276    0    0     0     0 12660 12160 54 21 24  0  0  0 2026-09-30 15:36:13
 0  0 302044  76436   3364 141280    0    0     0     0 12838 13027 41 22 37  0  0  0 2026-09-30 15:36:14
 8  0 302044  76436   3372 141276    0    0     0    32 12520 12347 55 22 22  0  0  0 2026-09-30 15:36:15
 0  0 302044  76436   3372 141264    0    0     0     0 12768 13190 38 24 38  0  0  0 2026-09-30 15:36:16
14  0 302044  76440   3372 141280    0    0     0     0 12472 11730 54 20 25  0  0  0 2026-09-30 15:36:17
 4  0 302044  76440   3372 141276    0    0     0     0 12921 13014 43 21 35  0  1  0 2026-09-30 15:36:18
procs -----------memory---------- ---swap-- -----io---- -system-- -------cpu------- -----timestamp-----
 r  b   swpd   free   buff  cache   si   so    bi    bo   in   cs us sy id wa st gu                 UTC
13  0 302044  65236   3372 141276    4    0     4     0 12814 13397 55 23 22  0  0  0 2026-09-30 15:36:19
12  0 302044  65236   3380 141288    0    0     0    32 13036 13182 44 26 30  0  0  0 2026-09-30 15:36:20
14  0 302044  65364   3380 141288    0    0     0     0 12924 12383 53 21 27  0  0  0 2026-09-30 15:36:21
 3  0 302044  65360   3380 141284    0    0     0     0 13062 13169 45 23 32  0  1  0 2026-09-30 15:36:22
 3  0 302044  65356   3380 141260    0    0     0     0 12199 12513 47 22 31  0  0  0 2026-09-30 15:36:23
 0  0 302044  65356   3380 141260    0    0     0     0 12120 12604 46 21 32  0  0  0 2026-09-30 15:36:24
 7  0 302044  65356   3388 141256    0    0     0    28 12950 12768 47 27 26  0  0  0 2026-09-30 15:36:25
16  0 302044  65360   3404 141280    0    0     0   196 11873 14353 52 20 27  0  1  0 2026-09-30 15:36:26
12  0 302044  65360   3404 141280    0    0     0     0 11813 12119 42 22 36  0  0  0 2026-09-30 15:36:27
12  0 302044  65364   3404 141268    0    0     0     0 12611 12407 52 22 27  0  0  0 2026-09-30 15:36:28
20  0 302044  60864   3412 141284    0    0     0    28 13600 14103 42 26 32  0  0  0 2026-09-30 15:36:29
 7  0 302044  60124   3412 141272    0    0     0    68 11660 13865 54 24 22  0  1  0 2026-09-30 15:36:30
 0  0 302044  59848   3412 141284    0    0     0     0 12992 13003 39 23 37  0  0  0 2026-09-30 15:36:31
 1  0 302044  59724   3412 141268    0    0     0     0 11621 11977 52 25 24  0  0  0 2026-09-30 15:36:32
 0  0 302044  59812   3412 141260    0    0     0     0 13701 13395 40 23 37  0  0  0 2026-09-30 15:36:33
 4  0 302044  60052   3412 141260    0    0     0     0 12828 11956 56 19 25  0  0  0 2026-09-30 15:36:34
 7  0 302044  59632   3412 141264    0    0     0     0 13358 13093 39 25 36  0  1  0 2026-09-30 15:36:35
 2  0 302044  57956   3420 141320   12    0    72    44 12184 12111 55 25 20  0  0  0 2026-09-30 15:36:36
 6  0 301788  90488   3148 138156    0    0     0     0 12867 13208 40 23 38  0  0  0 2026-09-30 15:36:37
 5  0 301788  89984   3148 138152    0    0     0     0 12383 12433 58 21 22  0  0  0 2026-09-30 15:36:38
11  0 301788  75692   3148 138148    4    0    44     0 12996 13571 40 22 38  0  0  0 2026-09-30 15:36:39
procs -----------memory---------- ---swap-- -----io---- -system-- -------cpu------- -----timestamp-----
 r  b   swpd   free   buff  cache   si   so    bi    bo   in   cs us sy id wa st gu                 UTC
 1  0 301788  74488   3148 138284    4    0    76     0 12453 14099 57 22 21  0  0  0 2026-09-30 15:36:40
 6  0 301788  74620   3156 138268    0    0     0    28 12661 13564 37 23 39  1  0  0 2026-09-30 15:36:41
 9  0 301788  74620   3156 138264    0    0     0     0 12765 13750 53 25 22  0  0  0 2026-09-30 15:36:42
 2  0 301788  74616   3156 138284    0    0     0     0 13249 12820 42 18 40  0  0  0 2026-09-30 15:36:43
10  0 301788  74608   3156 138284    0    0     0     0 12497 13806 57 24 19  0  0  0 2026-09-30 15:36:44
 6  0 301788  74608   3156 138264    4    0     4     0 12412 12885 39 23 37  0  1  0 2026-09-30 15:36:45
 4  0 301788  74608   3164 138288    0    0     0    28 12241 13304 53 23 24  0  0  0 2026-09-30 15:36:46
 6  0 301788  74356   3164 138288    0    0     0     0 13435 13612 40 25 36  0  0  0 2026-09-30 15:36:47
11  0 301788  74352   3164 138268    0    0     0     0 12318 12196 48 21 31  0  0  0 2026-09-30 15:36:48
 0  0 301788  74100   3164 138284    0    0     0     0 12857 13103 41 26 33  0  0  0 2026-09-30 15:36:49
13  0 302556 111460   3448 117588    0 1080  1396  1080 12705 13454 52 27 21  0  0  0 2026-09-30 15:36:50
 5  0 302556 111456   3456 117588    0    0     0    28 12306 12862 47 19 34  0  0  0 2026-09-30 15:36:51
10  0 302556 111208   3600 117580    0    0   144     0 12282 13513 46 23 30  0  1  0 2026-09-30 15:36:52
 2  0 302556 110956   3600 117588    0    0     0     0 13043 12592 46 20 34  0  0  0 2026-09-30 15:36:53
 4  0 302556 110452   3600 117588    0    0     0     0 12872 12514 46 20 34  0  0  0 2026-09-30 15:36:54
 3  0 302556 110456   3600 117588    0    0     0     0 12161 12106 46 26 28  0  0  0 2026-09-30 15:36:55
11  0 302556 110452   3608 117588    0    0     0    28 13128 13457 41 23 36  0  0  0 2026-09-30 15:36:56
14  0 302556 110460   3608 117612    4    0    28     0 13233 14336 51 26 22  0  1  0 2026-09-30 15:36:57
 3  0 302556 110460   3608 117604    0    0     0     0 13128 12935 34 25 40  0  0  0 2026-09-30 15:36:58
 0  0 302556 110456   3608 117604    0    0     0     0 12051 12400 55 22 24  0  0  0 2026-09-30 15:36:59
 6  0 302556 103696   3776 117604    0    0   172     0 12531 13906 45 24 21  1  9  0 2026-09-30 15:37:00
procs -----------memory---------- ---swap-- -----io---- -system-- -------cpu------- -----timestamp-----
 r  b   swpd   free   buff  cache   si   so    bi    bo   in   cs us sy id wa st gu                 UTC
10  0 302556 103696   3784 117604  412    0   412    28 12066 12227 57 26 12  1  5  0 2026-09-30 15:37:01
 5  0 302556 103696   3784 117604    0    0     0     0 11654 11334 43 21 23  0 12  0 2026-09-30 15:37:02
10  0 302556 103696   3784 117604    0    0     0     0 11484 12313 55 22 23  0  0  0 2026-09-30 15:37:03
 6  0 302556 103692   3784 117604    0    0     0     0 12648 12998 42 22 36  0  0  0 2026-09-30 15:37:04
 2  0 302556 103692   3792 117604    0    0     8     0 12727 12260 58 20 21  0  1  0 2026-09-30 15:37:05
 1  0 302556 103692   3800 117600    0    0     0    44 13332 13113 41 24 35  0  0  0 2026-09-30 15:37:06
 0  0 302556 103696   3800 117604    0    0     0     0 12189 11995 55 24 21  0  0  0 2026-09-30 15:37:07
 4  0 302556 112328   3800 117604    0    0     0     0 12374 12566 40 23 36  0  1  0 2026-09-30 15:37:08
11  0 302556 111528   3800 117604    0    0     0     0 12473 11622 55 23 22  0  0  0 2026-09-30 15:37:09
 8  0 302556 106652   3800 117676    4    0    76     0 13444 14582 42 25 33  0  0  0 2026-09-30 15:37:10
17  0 302556 106400   3808 117668    0    0     0    28 12078 12252 53 22 25  0  0  0 2026-09-30 15:37:11
 0  0 302556 105644   3808 117676    0    0     0     0 12995 13290 43 23 34  0  0  0 2026-09-30 15:37:12
 5  0 302556 105644   3808 117676    0    0     0     0 11806 12614 50 22 28  0  0  0 2026-09-30 15:37:13
 3  0 302556 105644   3808 117676    0    0     0     0 12423 12852 43 21 36  0  0  0 2026-09-30 15:37:14
 4  0 302556 105640   3808 117676    0    0     0     0 13504 12503 52 23 24  0  0  0 2026-09-30 15:37:15
 3  0 302556 108796   3808 117676    0    0     0     0 12539 12439 43 23 34  0  0  0 2026-09-30 15:37:16
 8  0 302556 107484   3816 117676    0    0     0    28 12858 12547 44 24 31  0  0  0 2026-09-30 15:37:17
 0  0 302556 107232   3816 117676    0    0     0     0 13161 12931 52 24 24  0  1  0 2026-09-30 15:37:18
 7  0 302556 107232   3816 117676    0    0     0     0 13069 13681 40 25 35  0  0  0 2026-09-30 15:37:19
 2  0 302556  97572   3816 117680    0    0     0     0 12881 13582 54 25 21  0  0  0 2026-09-30 15:37:20
12  0 302556  97576   3816 117680    0    0     0     0 12584 12682 45 24 31  0  0  0 2026-09-30 15:37:21
procs -----------memory---------- ---swap-- -----io---- -system-- -------cpu------- -----timestamp-----
 r  b   swpd   free   buff  cache   si   so    bi    bo   in   cs us sy id wa st gu                 UTC
 0  0 302556  97576   3824 117680    0    0     0    32 11927 13083 52 21 28  0  0  0 2026-09-30 15:37:22
 8  0 302556  97576   3824 117680    0    0     0     0 13212 13121 37 25 38  0  0  0 2026-09-30 15:37:23
 2  0 302556  97328   3824 117680    0    0     0     0 12415 12193 57 21 22  0  0  0 2026-09-30 15:37:24
 1  0 302556  97120   3824 117680    0    0     0     0 13557 13191 41 23 36  0  0  0 2026-09-30 15:37:25
 1  0 302556  96816   3824 117680    0    0     0     0 12601 14576 57 22 20  0  0  0 2026-09-30 15:37:26
 4  0 302556  96812   3968 117692    8    0   132   216 13401 13130 37 25 37  0  0  0 2026-09-30 15:37:27
 3  0 302556  96808   3968 117692    0    0     0     0 12339 12443 53 25 22  0  0  0 2026-09-30 15:37:28
 1  0 302556  96808   3968 117692    0    0     0     0 12964 13301 42 22 36  0  0  0 2026-09-30 15:37:29
 3  0 302556  96736   3968 117692   12    0    12     0 12786 14598 60 22 17  0  0  0 2026-09-30 15:37:30
 3  0 302556  96736   3968 117692    0    0     0     0 12930 13151 39 24 37  0  0  0 2026-09-30 15:37:31
 3  0 302556  96740   3976 117692    0    0     0    32 11764 12144 56 21 23  0  0  0 2026-09-30 15:37:32
 4  0 302556  96740   3976 117692    0    0     0     0 13129 12711 36 25 39  0  0  0 2026-09-30 15:37:33
 2  0 302556  96744   3976 117692    0    0     0     0 12093 13382 57 21 22  0  0  0 2026-09-30 15:37:34
 6  0 302556  96744   3976 117692    0    0     0     0 13061 13045 39 23 38  0  0  0 2026-09-30 15:37:35
 2  0 302556  96264   3976 117884   20    0    68     0 12948 13594 57 24 19  0  0  0 2026-09-30 15:37:36
 2  0 302556  96264   3976 118060    4    0   180    16 13166 12763 44 21 35  0  1  0 2026-09-30 15:37:37
13  0 302556  96264   3976 118060    0    0     0     0 12974 12822 54 25 21  0  0  0 2026-09-30 15:37:38
 4  0 302556  96264   3976 118168    0    0    92     0 13124 13260 42 23 35  0  0  0 2026-09-30 15:37:39
 5  0 302556  96980   3976 118168    4    0     4     0 12845 14782 48 24 28  0  0  0 2026-09-30 15:37:40
 4  0 302556  96948   3976 118184    0    0     0     0 12525 13390 47 25 28  0  1  0 2026-09-30 15:37:41
 5  0 302556  96948   3984 118184    0    0     0    64 11883 14356 51 21 28  0  0  0 2026-09-30 15:37:42
procs -----------memory---------- ---swap-- -----io---- -system-- -------cpu------- -----timestamp-----
 r  b   swpd   free   buff  cache   si   so    bi    bo   in   cs us sy id wa st gu                 UTC
 6  0 302556  96948   3984 118184    0    0     0     0 12715 12337 46 24 30  0  0  0 2026-09-30 15:37:43
22  0 302556  96948   3984 118184    0    0     0     0 12693 12300 48 23 29  0  0  0 2026-09-30 15:37:44
 5  0 302556  96948   3984 118184    0    0     0     0 12405 12667 46 27 27  0  0  0 2026-09-30 15:37:45
 6  0 302556  96948   3984 118184    0    0     0     0 12761 12342 42 24 33  0  0  0 2026-09-30 15:37:46
 0  0 302556  96948   3992 118184   36    0    36    28 12538 12277 53 18 28  1  0  0 2026-09-30 15:37:47
 9  0 302556  96948   3992 118184    0    0     0     0 13039 12735 42 26 32  0  0  0 2026-09-30 15:37:48
 3  0 302556  96944   3992 118184    0    0     0     0 12736 12177 51 20 29  0  0  0 2026-09-30 15:37:49
15  0 302556 100192   3992 118184    0    0     0     0 14277 14782 43 26 30  0  1  0 2026-09-30 15:37:50
 5  0 302556 100192   3992 118184    0    0     0     0 11975 12104 54 23 23  0  0  0 2026-09-30 15:37:51
 1  0 302556 100192   4000 118176    0    0     0    28 13411 13100 42 22 35  0  0  0 2026-09-30 15:37:52
 4  0 302556  99976   4000 118184    0    0     0     0 11946 12266 57 20 23  0  0  0 2026-09-30 15:37:53
 3  0 302556  99692   4000 118184    0    0     0     0 13412 13204 38 24 38  0  0  0 2026-09-30 15:37:54
 2  0 302556  98984   4000 118188    0    0     0     0 11588 12039 57 16 27  0  0  0 2026-09-30 15:37:55
 0  0 302556  98684   4000 118188    0    0     0     0 12321 12992 39 20 41  0  0  0 2026-09-30 15:37:56
 0  0 302556  98680   4000 118188    0    0     0     0 13031 12451 55 21 24  0  0  0 2026-09-30 15:37:57
 0  0 302556  98680   4008 118188    0    0     0    32 14036 13467 40 27 34  0  0  0 2026-09-30 15:37:58
 6  0 302556  98440   4008 118204    0    0     0     0 12079 12388 52 24 24  0  0  0 2026-09-30 15:37:59
28  0 302556  85960   4008 118204    0    0     0     0 11805 12287 42 23 25  0  9  0 2026-09-30 15:38:00
 4  0 302556  97716   4008 118220    0    0     0     0 12657 12648 52 25 21  0  1  0 2026-09-30 15:38:01
14  0 302556  96964   4008 118220    0    0     0     0 11123 10132 40 25 18  0 18  0 2026-09-30 15:38:02
 5  0 302556  96956   4016 118220    0    0     0    28 12472 12725 55 26 19  0  0  0 2026-09-30 15:38:03
procs -----------memory---------- ---swap-- -----io---- -system-- -------cpu------- -----timestamp-----
 r  b   swpd   free   buff  cache   si   so    bi    bo   in   cs us sy id wa st gu                 UTC
 4  0 302556  96960   4016 118220    0    0     0     0 12617 12487 47 20 34  0  0  0 2026-09-30 15:38:04
11  0 302556  96960   4016 118220    0    0     0     0 11955 12241 54 24 21  0  1  0 2026-09-30 15:38:05
14  0 302556  96960   4016 118220    0    0     0     0 12946 13068 39 25 36  0  0  0 2026-09-30 15:38:06
 6  0 302556  96960   4016 118220    0    0     0     0 12204 11893 53 22 25  0  0  0 2026-09-30 15:38:07
 4  0 302556  96960   4024 118220    0    0     0    28 13418 12977 41 23 35  0  1  0 2026-09-30 15:38:08
12  0 302556  96960   4024 118220    0    0     0     0 12004 12494 48 24 28  0  0  0 2026-09-30 15:38:09
 2  0 302556  96960   4024 118220    0    0     0     0 12403 12829 47 21 32  0  0  0 2026-09-30 15:38:10
 7  0 302556  96948   4024 118220    0    0     0     0 13015 13333 49 23 27  0  1  0 2026-09-30 15:38:11
 7  0 302556  96948   4024 118220    0    0     0     0 13364 13033 48 22 29  0  0  0 2026-09-30 15:38:12
 6  0 302556  96704   4032 118228    0    0     8    28 12953 13185 43 24 34  0  0  0 2026-09-30 15:38:13
 2  0 302556  96704   4032 118228    0    0     0     0 12266 12447 54 23 23  0  0  0 2026-09-30 15:38:14
10  0 302556  96704   4032 118228    0    0     0     0 12429 12609 41 23 36  0  1  0 2026-09-30 15:38:15
 2  0 302556  96704   4032 118228    8    0     8     0 12779 12055 53 22 25  0  0  0 2026-09-30 15:38:16
 5  0 302556  95952   4032 118228    0    0     0     0 12897 13006 37 22 41  0  0  0 2026-09-30 15:38:17
 1  0 302556  95704   4040 118228    0    0     0    28 12727 12029 56 21 23  0  0  0 2026-09-30 15:38:18
 8  0 302556  94700   4040 118252   12    0    36     0 12894 13178 40 23 36  0  1  0 2026-09-30 15:38:19
 5  0 302556  93992   4040 118252    0    0     0     0 12304 13125 43 23 34  0  0  0 2026-09-30 15:38:20
 4  0 302556  97120   4040 118252    0    0     0     0 12033 12796 59 24 17  0  0  0 2026-09-30 15:38:21
 5  0 302556  97072   4040 118252    0    0     0     0 12516 12225 33 27 40  0  0  0 2026-09-30 15:38:22
 5  0 302556  96568   4048 118252    0    0     0    28 12949 12828 54 24 22  0  0  0 2026-09-30 15:38:23
 0  0 302556  96316   4048 118252    0    0     0     0 13517 13375 37 26 37  0  0  0 2026-09-30 15:38:24
procs -----------memory---------- ---swap-- -----io---- -system-- -------cpu------- -----timestamp-----
 r  b   swpd   free   buff  cache   si   so    bi    bo   in   cs us sy id wa st gu                 UTC
 5  0 302556  95604   4048 118220    0    0     0     0 11738 12172 56 21 22  0  1  0 2026-09-30 15:38:25
 1  0 302556  95304   4048 118220    0    0     0     0 13007 13183 38 24 37  0  0  0 2026-09-30 15:38:26
 0  0 302556  95052   4048 118220    0    0     0     0 12991 12352 57 21 22  0  0  0 2026-09-30 15:38:27
 0  0 302556  94800   4064 118220    0    0     0   220 12689 13530 36 27 37  0  0  0 2026-09-30 15:38:28
 1  0 302556  94800   4064 118224    0    0     0     0 11937 12743 53 21 26  0  0  0 2026-09-30 15:38:29
 6  0 302556  94928   4064 118224    0    0     0     0 12564 13026 38 27 35  0  0  0 2026-09-30 15:38:30
 3  0 302556  97868   4064 118268    0    0    60     0 12367 13264 60 22 17  0  0  0 2026-09-30 15:38:31
 0  0 302556  97868   4064 118268    0    0     0     0 12996 13149 38 24 38  0  0  0 2026-09-30 15:38:32
 6  0 302556  97864   4072 118268    0    0     0    36 12019 12275 52 25 24  0  1  0 2026-09-30 15:38:33
 4  0 302556  97864   4072 118268    0    0     0     0 12169 12516 34 24 42  0  0  0 2026-09-30 15:38:34
 8  0 302556  97864   4072 118268    0    0     0     0 12850 12424 55 22 24  0  0  0 2026-09-30 15:38:35
 1  0 302556  97864   4072 118268    8    0     8     0 13319 15450 44 27 30  0  1  0 2026-09-30 15:38:36
 3  0 302556  97864   4072 118268    0    0     0     0 12747 12711 51 21 28  0  0  0 2026-09-30 15:38:37
 2  0 302556  97860   4080 118260    0    0     0    28 12571 12434 45 22 33  0  0  0 2026-09-30 15:38:38
21  0 302556  97860   4080 118268    0    0     0     0 12286 12822 42 26 32  0  0  0 2026-09-30 15:38:39
 7  0 302556  97864   4080 118268    0    0     0     0 13158 12818 54 23 23  0  0  0 2026-09-30 15:38:40
 3  0 302556  94636   4080 118268    0    0     0     0 13236 13625 49 23 28  0  0  0 2026-09-30 15:38:41
 3  0 302556  94384   4080 118268    0    0     0     0 11922 12704 48 22 29  0  1  0 2026-09-30 15:38:42
17  0 302556  93632   4080 118268    0    0     0     0 12489 12730 41 24 36  0  0  0 2026-09-30 15:38:43
 1  0 302556  93636   4088 118268    0    0     0    64 12561 13080 53 23 25  0  0  0 2026-09-30 15:38:44
 3  0 302556  93636   4088 118268    0    0     0     0 12708 12944 40 25 35  0  0  0 2026-09-30 15:38:45
procs -----------memory---------- ---swap-- -----io---- -system-- -------cpu------- -----timestamp-----
 r  b   swpd   free   buff  cache   si   so    bi    bo   in   cs us sy id wa st gu                 UTC
 1  0 302556  93636   4088 118268    0    0     0     0 12095 12388 51 24 25  0  0  0 2026-09-30 15:38:46
 4  0 302556  93640   4088 118268    0    0     0     0 13366 13568 39 27 34  0  0  0 2026-09-30 15:38:47
 2  0 302556  93636   4088 118268    0    0     0     0 11797 12543 51 24 25  0  0  0 2026-09-30 15:38:48
 0  0 302556  93636   4096 118268    0    0     0    28 13247 13496 39 22 39  0  0  0 2026-09-30 15:38:49
 0  0 302556  93636   4096 118268    0    0     0     0 12434 12699 54 23 23  0  0  0 2026-09-30 15:38:50
 7  0 302556  84772   4096 118268    0    0     0     0 13310 14376 40 26 33  0  1  0 2026-09-30 15:38:51
 6  0 302556  84724   4096 118268    0    0     0     0 12430 12253 52 23 25  0  0  0 2026-09-30 15:38:52
 0  0 302556  84720   4096 118268    0    0     0     0 12273 12951 38 23 39  0  0  0 2026-09-30 15:38:53
 3  0 302556  84720   4104 118268    0    0     0    32 12259 11926 54 23 24  0  0  0 2026-09-30 15:38:54
 2  0 302556  84720   4104 118268    0    0     0     0 12781 12966 44 20 36  0  0  0 2026-09-30 15:38:55
 0  0 302556  84468   4104 118268    0    0     0     0 11813 11946 59 19 22  0  0  0 2026-09-30 15:38:56
14  0 302556  84468   4104 118268    0    0     0     0 13488 13625 39 22 39  0  0  0 2026-09-30 15:38:57
 3  0 302556  84212   4104 118268    4    0     4     0 12449 12389 54 22 23  0  1  0 2026-09-30 15:38:58
 1  0 302556  84212   4112 118268    0    0     0    28 12489 12793 39 22 39  0  0  0 2026-09-30 15:38:59
 4  0 302556  84216   4112 118268    8    0     8     0 11596 10760 47 25 17  0 11  0 2026-09-30 15:39:00
 6  0 302556  83960   4112 118268    0    0     0     0 12248 13036 53 26 20  0  1  0 2026-09-30 15:39:01
 5  0 302556  83960   4112 118268    0    0     0     0 10843 11599 55 26  9  0 10  0 2026-09-30 15:39:02
 4  0 302556  83960   4112 118268    0    0     0     0 12432 12224 45 23 32  0  0  0 2026-09-30 15:39:03
 7  0 302556  83956   4120 118268    0    0     0    28 12677 12538 49 22 28  0  1  0 2026-09-30 15:39:04
 2  0 302556  83952   4120 118268    0    0     0     0 12738 12762 48 21 30  0  0  0 2026-09-30 15:39:05
15  0 302556  83956   4120 118272    0    0     0     0 12380 12629 44 25 31  0  0  0 2026-09-30 15:39:06
procs -----------memory---------- ---swap-- -----io---- -system-- -------cpu------- -----timestamp-----
 r  b   swpd   free   buff  cache   si   so    bi    bo   in   cs us sy id wa st gu                 UTC
 0  0 302556  83704   4120 118272    0    0     0     0 11736 12368 47 24 29  0  0  0 2026-09-30 15:39:07
 8  0 302556  83708   4120 118272    0    0     0     0 12725 12947 46 23 31  0  0  0 2026-09-30 15:39:08
 6  0 302556  83256   4128 118272    0    0     0    28 13190 12579 52 21 27  0  0  0 2026-09-30 15:39:09
13  0 302556  82752   4128 118272    0    0     0     0 12042 12639 39 25 36  0  1  0 2026-09-30 15:39:10
 3  0 302556  82464   4128 118500    8    0   276     0 12366 12856 56 25 19  0  0  0 2026-09-30 15:39:11
21  0 302556  82464   4128 118556    4    0     4     0 12908 13051 41 23 35  0  0  0 2026-09-30 15:39:12
 5  0 302556  82664   4128 118556    0    0     0     0 12049 14119 55 23 23  0  0  0 2026-09-30 15:39:13
 0  0 302556  82712   4136 118556    0    0     0    28 13217 12790 35 22 42  1  0  0 2026-09-30 15:39:14
 1  0 302556  82964   4136 118556    0    0     0     0 12311 11618 59 21 20  0  1  0 2026-09-30 15:39:15
 0  0 302556  83216   4136 118556    0    0     0     0 13035 13467 37 26 37  0  0  0 2026-09-30 15:39:16
 5  0 302556  83228   4136 118556   24    0    24     0 12334 12226 52 23 25  0  0  0 2026-09-30 15:39:17
10  0 302556  83216   4136 118556    0    0     0     0 13469 13420 40 26 35  0  0  0 2026-09-30 15:39:18
 3  0 302556  83216   4144 118548    0    0     0    28 12278 12037 54 21 24  0  0  0 2026-09-30 15:39:19
 3  0 302556  83216   4144 118556    0    0     0     0 13131 13062 41 24 36  0  0  0 2026-09-30 15:39:20
10  0 302556  80732   4144 118556    0    0     0     0 13210 13874 56 25 19  0  0  0 2026-09-30 15:39:21
 1  0 302556  76600   4144 118556    0    0     0     0 13136 14581 38 26 36  0  0  0 2026-09-30 15:39:22
 0  0 302556  76352   4144 118556    0    0     0     0 12209 12221 56 22 22  0  0  0 2026-09-30 15:39:23
 7  0 302556  76352   4144 118556    0    0     0     0 12554 13261 41 25 34  0  1  0 2026-09-30 15:39:24
 0  0 302556  76352   4152 118556    0    0     0    28 12790 12314 54 24 22  0  0  0 2026-09-30 15:39:25
 1  0 302556  76352   4152 118556    0    0     0     0 12835 12438 38 25 36  0  1  0 2026-09-30 15:39:26
18  0 302556  76352   4152 118556    0    0     0     0 11974 12073 55 20 24  0  0  0 2026-09-30 15:39:27
procs -----------memory---------- ---swap-- -----io---- -system-- -------cpu------- -----timestamp-----
 r  b   swpd   free   buff  cache   si   so    bi    bo   in   cs us sy id wa st gu                 UTC
 0  0 302556  76352   4152 118556    0    0     0     0 13109 13864 35 30 34  0  0  0 2026-09-30 15:39:28
13  0 302556  76348   4168 118556    0    0     0   176 11995 12049 52 23 24  0  0  0 2026-09-30 15:39:29
 5  0 302556  76348   4168 118556    0    0     0    16 12736 12763 40 27 34  0  0  0 2026-09-30 15:39:30
10  0 302556  76348   4168 118556    0    0     0     0 13033 12420 58 22 20  0  0  0 2026-09-30 15:39:31
 7  0 302556  84632   4168 118592  124    0   160     0 13194 14545 43 27 29  0  0  0 2026-09-30 15:39:32
 4  0 302556  84632   4168 118592    0    0     0     0 12245 12520 50 20 30  0  0  0 2026-09-30 15:39:33
 2  0 302556  84628   4176 118584    0    0     0    48 12618 12602 46 25 30  0  0  0 2026-09-30 15:39:34
 5  0 302556  84628   4176 118592    0    0     0    16 11899 12146 44 25 32  0  0  0 2026-09-30 15:39:35
 4  0 302556  84628   4176 118592    4    0     4     0 13321 13774 54 27 19  0  0  0 2026-09-30 15:39:36
 5  0 302556  84624   4176 118592    0    0     0     0 12595 12414 42 24 34  0  0  0 2026-09-30 15:39:37
 1  0 302556  84624   4176 118592    0    0     0     0 12189 12433 47 25 28  0  0  0 2026-09-30 15:39:38
21  0 302556  84624   4176 118592    0    0     0     0 12974 13085 42 26 32  0  0  0 2026-09-30 15:39:39
 3  0 302556  84624   4184 118596    0    0     0    32 12431 12225 51 22 26  0  1  0 2026-09-30 15:39:40
 7  0 302556  84624   4184 118600    0    0     0     0 12103 13011 42 23 35  0  0  0 2026-09-30 15:39:41
13  0 302556  86984   4184 118728    0    0   128     0 12526 14202 59 26 16  0  0  0 2026-09-30 15:39:42
 0  0 302556  86952   4184 118728    0    0     0     0 12312 12150 38 23 39  0  1  0 2026-09-30 15:39:43
 7  0 302556  86448   4184 120464  412    0  2132     0 12541 12712 55 25 19  0  0  0 2026-09-30 15:39:44
 3  0 302556  86444   4192 120464    0    0     0    32 13175 13157 39 26 34  0  0  0 2026-09-30 15:39:45
11  0 302556  85940   4192 120464    0    0     0     0 12505 11818 61 19 20  0  0  0 2026-09-30 15:39:46
 0  0 302556  85184   4192 120592    0    0   128     0 12121 12624 40 25 35  0  0  0 2026-09-30 15:39:47
 1  0 302556  85184   4192 120592    0    0     0     0 11900 12000 56 21 23  0  0  0 2026-09-30 15:39:48
procs -----------memory---------- ---swap-- -----io---- -system-- -------cpu------- -----timestamp-----
 r  b   swpd   free   buff  cache   si   so    bi    bo   in   cs us sy id wa st gu                 UTC
 5  0 302556  85184   4192 120592    0    0     0     0 12499 12830 38 24 38  0  0  0 2026-09-30 15:39:49
 2  0 302556  84680   4200 120592    0    0     0    32 12888 12261 59 20 20  0  0  0 2026-09-30 15:39:50
 7  0 302556  84424   4200 120592    0    0     0     0 12627 13371 42 24 34  0  0  0 2026-09-30 15:39:51
 0  0 302556  75436   4200 120720    4    0   132     0 12541 14938 59 24 16  0  0  0 2026-09-30 15:39:52
 6  0 302556  75436   4200 120720    0    0     0     0 11909 12709 42 23 35  0  0  0 2026-09-30 15:39:53
 2  0 302556  75432   4200 120720    0    0     0     0 12453 12053 54 23 23  0  0  0 2026-09-30 15:39:54
 3  0 302556  75176   4208 120720    0    0     0    28 12761 13177 35 28 36  0  0  0 2026-09-30 15:39:55
16  0 302556  75172   4208 120720    0    0     0     0 12306 12488 54 25 21  0  0  0 2026-09-30 15:39:56
 5  0 302556  75172   4208 120720    0    0     0     0 12504 13320 41 24 35  0  0  0 2026-09-30 15:39:57
 4  0 302556  75172   4208 120720    0    0     0     0 12200 12448 53 27 20  0  0  0 2026-09-30 15:39:58
 5  0 302556  75176   4208 120720    0    0     0     0 12857 13125 38 30 32  0  0  0 2026-09-30 15:39:59
29  0 302556  75176   4216 120712    0    0     0    28 9222 8993 39 20 17  0 25  0 2026-09-30 15:40:00
15  0 302556  75172   4216 120720    0    0     0     0 11366 10717 63 19  3  0 15  0 2026-09-30 15:40:01
88  0 302556  84016   4216 120936    4    0   220     0 6975 6805 28 20  1  0 50  0 2026-09-30 15:40:02
 4  0 302556  83940   4216 120968    0    0     0     0 14457 11817 71 25  2  0  2  0 2026-09-30 15:40:03
 3  0 302556  83940   4216 120968    0    0     0     0 13787 13039 57 25 19  0  0  0 2026-09-30 15:40:04
10  0 302556  83688   4224 120968    0    0     0    28 11607 11261 33 24 43  0  0  0 2026-09-30 15:40:05
 1  0 302556  83688   4224 120968    0    0     0     0 11733 11447 53 21 25  0  0  0 2026-09-30 15:40:06
 0  0 302556  83688   4224 120968    0    0     0     0 13062 14752 40 24 36  0  0  0 2026-09-30 15:40:07
 2  0 302556  83688   4224 120968    0    0     0     0 12656 11769 55 23 21  0  0  0 2026-09-30 15:40:08
 3  0 302556  83684   4224 120968    0    0     0     0 12701 13009 40 23 36  0  0  0 2026-09-30 15:40:09
procs -----------memory---------- ---swap-- -----io---- -system-- -------cpu------- -----timestamp-----
 r  b   swpd   free   buff  cache   si   so    bi    bo   in   cs us sy id wa st gu                 UTC
 2  0 302556  83688   4224 120968    0    0     0     0 12940 12377 56 24 20  0  0  0 2026-09-30 15:40:10
 4  0 302556  83680   4232 120968    0    0     0    28 12817 12822 38 29 33  1  0  0 2026-09-30 15:40:11
 3  0 302556  75488   4232 120968    4    0     4     0 12402 13104 57 22 20  0  0  0 2026-09-30 15:40:12
13  0 302556  75488   4232 120952    0    0     0     0 12649 12790 37 27 37  0  0  0 2026-09-30 15:40:13
 0  0 302556  75488   4232 120952    0    0     0     0 11678 12076 51 25 24  0  1  0 2026-09-30 15:40:14
 1  0 302556  75488   4232 120952    0    0     0     0 11868 13162 40 26 33  0  1  0 2026-09-30 15:40:15
 4  0 302556  75488   4240 120956    0    0     0    28 12937 12638 51 26 23  0  0  0 2026-09-30 15:40:16
 4  0 302556  75488   4240 120956    0    0     0     0 12537 12971 39 26 35  0  0  0 2026-09-30 15:40:17
 1  0 302556  75484   4372 122556   36    0  1764     8 12293 12217 50 26 24  1  0  0 2026-09-30 15:40:18
 0  0 302556  75480   4372 122556    0    0     0     0 12142 12292 44 24 31  0  0  0 2026-09-30 15:40:19
 6  0 302556  75480   4372 122556    0    0     0     0 12692 12152 47 23 29  0  0  0 2026-09-30 15:40:20
 7  0 302556  75480   4380 122556    0    0     0    32 13062 12509 48 23 29  0  0  0 2026-09-30 15:40:21
27  0 302556  75480   4380 122556    4    0     4     0 12933 13055 46 29 26  0  0  0 2026-09-30 15:40:22
 2  0 302556  75228   4380 122556    0    0     0     0 12773 12842 51 24 25  0  0  0 2026-09-30 15:40:23
21  0 302556  74472   4380 122556    0    0     0     0 12258 12729 45 22 33  0  0  0 2026-09-30 15:40:24
 2  0 302556  74256   4380 122556    0    0     0     0 12237 12239 47 24 29  0  0  0 2026-09-30 15:40:25
 5  0 302556  73972   4380 122556    0    0     0    20 13347 13084 41 25 33  0  0  0 2026-09-30 15:40:26
 0  2 302556  72004   4380 122712 16052    0 16208     0 6339 7088 19 12 25 44  0  0 2026-09-30 15:40:27
 0  2 302556  64356   4380 120660 25736    0 25736     0 5654 6541  2  9 29 59  0  0 2026-09-30 15:40:28
26  0 305116  64128   3284 109824 17288 3084 17400  3084 7025 7638 13 12 19 55  0  0 2026-09-30 15:40:29
25  1 305628  72028   2880 100092 4136  616  4140   784 16583 14963 68 27  3  3  0  0 2026-09-30 15:40:30
procs -----------memory---------- ---swap-- -----io---- -system-- -------cpu------- -----timestamp-----
 r  b   swpd   free   buff  cache   si   so    bi    bo   in   cs us sy id wa st gu                 UTC
25  1 305628  67524   2880 100096 4264    0  4264    16 17085 15047 64 33  2  2  0  0 2026-09-30 15:40:31
 4  0 305628  63192   2880 100096 4424    0  4424     0 15686 14462 68 25  4  3  1  0 2026-09-30 15:40:32
 6  0 310236  74064   2252  88700 6300 4464 10380  4464 12286 14969 31 23 20 26  0  0 2026-09-30 15:40:33
 0  0 310236  73056   2252  88700  180    0   180     0 11486 10584 31 18 51  0  0  0 2026-09-30 15:40:34
 0  0 310236  73056   2260  88700    0    0     0    48 12182 11653 49 19 32  0  0  0 2026-09-30 15:40:35
 8  0 310236  70440   2264  91364    8    0   660    16 13687 13178 38 28 34  0  0  0 2026-09-30 15:40:36
 0  0 310236  69936   2264  91408    0    0    24     0 13165 12283 56 22 22  0  0  0 2026-09-30 15:40:37
 5  0 310236  69680   2264  91404    0    0     0     0 12165 12504 41 19 39  0  0  0 2026-09-30 15:40:38
11  0 310236  69132   2264  91724    0    0   312     0 11697 11637 47 22 31  0  1  0 2026-09-30 15:40:39
 0  0 310236  68880   2264  91720    0    0     0     0 11620 11521 34 21 44  0  0  0 2026-09-30 15:40:40
 1  0 310236  67668   2272  91720    0    0     0    28 11766 11343 36 20 44  0  0  0 2026-09-30 15:40:41
 0  0 310236  67620   2272  91724    8    0     8     0 11266 12177 50 23 27  0  0  0 2026-09-30 15:40:42
 0  0 320732  90020   2072  88456    0 10612   264 10612 12760 12551 39 25 35  0  0  0 2026-09-30 15:40:43
 5  0 320732  89260   2072  88456   28    0    28     0 10830 11503 48 20 32  0  0  0 2026-09-30 15:40:44
 3  0 320732  88752   2072  88676    4    0   224     0 10583 11461 33 22 45  1  0  0 2026-09-30 15:40:45
 2  0 320732  88000   2080  88676    0    0     0    28 11830 11693 33 22 46  0  0  0 2026-09-30 15:40:46
 0  0 320732  87996   2080  88676   40    0    40     0 11233 11114 49 18 32  0  0  0 2026-09-30 15:40:47
 1  0 320732  88004   2080  88676    0    0     0     0 10753 11022 31 20 49  0  1  0 2026-09-30 15:40:48
 8  0 320732  87500   2080  89084    4    0   488     0 11134 11684 47 20 33  0  0  0 2026-09-30 15:40:49
12  0 320732  87244   2216  89160    0    0   132     0 10769 11170 35 20 44  0  0  0 2026-09-30 15:40:50
 0  0 320732  86992   2216  89160    0    0     0     0 10732 11011 35 17 48  0  0  0 2026-09-30 15:40:51
procs -----------memory---------- ---swap-- -----io---- -system-- -------cpu------- -----timestamp-----
 r  b   swpd   free   buff  cache   si   so    bi    bo   in   cs us sy id wa st gu                 UTC
 1  0 320732  86776   2224  89168   28    0    28    32 10360 10320 46 17 38  0  0  0 2026-09-30 15:40:52
 4  0 320732  79844   2224  89528   32    0   360     0 11935 12655 35 21 44  0  0  0 2026-09-30 15:40:53
 1  0 320732  77832   2224  89528    0    0     0     0 11294 11420 32 20 47  0  0  0 2026-09-30 15:40:54
 0  0 320732  77580   2224  89528    0    0     0     0 11038 10982 32 19 49  0  0  0 2026-09-30 15:40:55
 3  0 320732  77580   2224  89528    4    0     4     0 10426 10574 45 16 38  0  0  0 2026-09-30 15:40:56
 3  0 320732  77576   2232  89528    8    0     8    28 10914 11060 33 21 46  0  0  0 2026-09-30 15:40:57
 4  0 320732  77576   2232  89528    0    0     0     0 10866 10805 34 16 50  0  0  0 2026-09-30 15:40:58
 4  0 320732  77572   2232  89528   20    0    20     0 9990 9958 38 19 43  0  1  0 2026-09-30 15:40:59
 1  0 320476  77572   2232  90028  296    0   856     0 9581 9750 34 19 35  0 12  0 2026-09-30 15:41:00
 0  0 320476  77572   2232  90088    0    0     0     0 9906 10550 33 19 43  0  5  0 2026-09-30 15:41:01
 1  0 320476  77568   2240  90088   44    0    44    28 9758 9866 47 17 36  0  0  0 2026-09-30 15:41:02
 1  0 320476  62808   2240  90148    8    0     8     0 10207 11162 30 21 49  0  0  0 2026-09-30 15:41:03
 0  0 320476  62808   2240  90144    0    0     0     0 10729 10201 29 19 52  0  0  0 2026-09-30 15:41:04
 1  0 320476  62808   2240  90124    0    0     0     0 10360 10087 45 15 40  0  0  0 2026-09-30 15:41:05
 0  0 320476  62808   2240  90124    0    0     0     8 10246 10178 30 19 50  0  0  0 2026-09-30 15:41:06
 4  0 320476  62808   2248  90124   44    0    44    28 10015 9706 29 18 53  0  0  0 2026-09-30 15:41:07
 5  0 320476  62808   2248  90124    4    0     4     0 8953 9154 37 18 45  0  0  0 2026-09-30 15:41:08
 0  0 320476  62808   2248  90124    0    0     0     0 10368 10055 29 19 52  0  0  0 2026-09-30 15:41:09
 0  0 320476  62808   2248  90124    0    0     0     0 9815 9824 26 20 54  0  0  0 2026-09-30 15:41:10
 3  0 320220  70624   2248  90252  156    0   284     0 9136 9076 30 18 52  1  0  0 2026-09-30 15:41:11
 0  0 320220  70624   2248  90304   40    0    92    16 8727 8810 36 15 49  0  1  0 2026-09-30 15:41:12
procs -----------memory---------- ---swap-- -----io---- -system-- -------cpu------- -----timestamp-----
 r  b   swpd   free   buff  cache   si   so    bi    bo   in   cs us sy id wa st gu                 UTC
 0  0 324828  89192   2096  85672  100 4852   184  4864 10629 10955 32 18 50  1  0  0 2026-09-30 15:41:13
 3  0 324828  89192   2096  85808    0    0   136     0 10230 10166 29 16 55  0  0  0 2026-09-30 15:41:14
 0  0 324828  88940   2096  85792    4    0     4     0 8582 8535 37 16 46  0  0  0 2026-09-30 15:41:15
 1  0 324828  88564   2096  85792    0    0     0     0 9304 9147 27 15 58  0  0  0 2026-09-30 15:41:16
 0  0 324572  87812   2096  85816   72    0    96    16 9407 9431 27 14 59  0  0  0 2026-09-30 15:41:17
 5  0 324572  87812   2096  85816    0    0     0     0 8757 8637 28 13 59  0  0  0 2026-09-30 15:41:18
 0  0 324572  87560   2096  86088   40    0   384     0 8237 8505 35 15 49  0  0  0 2026-09-30 15:41:19
 0  0 324572  87560   2096  86160    0    0     0     0 9338 8983 27 13 59  0  0  0 2026-09-30 15:41:20
 1  0 324572  87560   2096  86160    0    0     0     0 9091 8866 25 17 58  0  0  0 2026-09-30 15:41:21
 0  0 324572  87564   2104  86160   24    0    24    28 8149 8195 23 13 64  0  0  0 2026-09-30 15:41:22
 0  0 324572  76896   2104  86756   84    0   680     0 9687 10521 25 20 55  0  0  0 2026-09-30 15:41:23
 1  0 324572  76896   2104  86988   40    0   288     0 8376 14231 23 15 62  0  0  0 2026-09-30 15:41:24
 1  0 324572  76904   2104  86952    8    0     8     0 8001 7862 35 12 53  0  0  0 2026-09-30 15:41:25
 2  0 324572  76900   2104  86948    0    0     0     0 8880 8591 27 11 62  0  0  0 2026-09-30 15:41:26
 0  0 324572  76900   2112  86936   44    0    44    28 8296 8109 24 15 61  0  0  0 2026-09-30 15:41:27
 0  0 324572  76900   2112  86936    0    0     0     0 7707 7753 21 15 64  0  0  0 2026-09-30 15:41:28
 0  0 324572  76900   2112  86936    0    0     0     0 8153 8072 25 14 61  0  0  0 2026-09-30 15:41:29
 0  0 324572  76900   2112  86920   12    0    12     0 8245 8120 26 13 61  0  0  0 2026-09-30 15:41:30
 2  0 323548  76900   2268  87460 1088    0  1820   124 7292 7416 21 14 63  3  0  0 2026-09-30 15:41:31
 3  0 323292  76900   2268  87368   36    0    36    16 7462 7561 29 15 56  0  0  0 2026-09-30 15:41:32
 0  0 323292  80908   2268  87380   56    0   128     0 8026 8952 25 13 63  0  0  0 2026-09-30 15:41:33
procs -----------memory---------- ---swap-- -----io---- -system-- -------cpu------- -----timestamp-----
 r  b   swpd   free   buff  cache   si   so    bi    bo   in   cs us sy id wa st gu                 UTC
 0  0 323292  73496   2268  87348    4    0     4     0 7750 7441 24 10 66  0  0  0 2026-09-30 15:41:34
 1  0 323292  73496   2268  87316    0    0     0     0 7790 7553 23 11 65  0  0  0 2026-09-30 15:41:35
 3  0 322524  73496   2276  88276  860    0  1840    16 7362 7596 23 14 62  2  0  0 2026-09-30 15:41:36
 0  0 322524  73496   2276  88272   28    0    28     0 7274 7095 18 11 70  0  0  0 2026-09-30 15:41:37
 9  0 322524  73496   2276  88272    0    0     0    56 6846 6747 20 11 68  0  0  0 2026-09-30 15:41:38
 0  0 320220  73492   2276  88340 2304    0  2420     0 6963 7236 31 11 52  6  0  0 2026-09-30 15:41:39
 0  0 320220  73492   2276  88308    0    0     0     0 6822 6624 18 14 67  0  0  0 2026-09-30 15:41:40
 1  0 320220  73492   2276  88292    0    0     0     0 6490 6235 18 12 70  0  0  0 2026-09-30 15:41:41
 0  0 319708  73492   2276  88276  464    0   464     0 7077 6799 22 12 65  1  1  0 2026-09-30 15:41:42
 0  0 319964  81880   2284  87116   80  296   352   324 7003 7724 18 13 68  1  1  0 2026-09-30 15:41:43
 0  0 319964  80916   2284  87144    0    0     0     0 6149 6150 18  9 73  0  0  0 2026-09-30 15:41:44
 3  0 319964  80384   2284  87128   76    0    80     0 6225 6262 19 10 71  0  0  0 2026-09-30 15:41:45
 2  0 319964  80380   2284  87096    0    0     0     0 6193 6034 17 11 72  0  0  0 2026-09-30 15:41:46
 0  0 319708  79628   2284  88088 1332    0  2324     0 6976 6969 18 10 66  6  0  0 2026-09-30 15:41:47
23  0 316636  75140   2292  88056 3196    0  3196    28 6176 6004 18 10 67  6  0  0 2026-09-30 15:41:48
 1  0 316636  73124   2292  88056   40    0    40     0 5886 5861 29  9 62  0  0  0 2026-09-30 15:41:49
 0  0 316636  72868   2292  88008    0    0     0     0 5595 5497 16 11 72  0  0  0 2026-09-30 15:41:50
 1  0 316636  72820   2292  87992    0    0     0     0 5425 5224 15  7 78  0  0  0 2026-09-30 15:41:51
 0  0 316124  72316   2292  87992  456    0   456     0 5747 5563 16  9 73  1  0  0 2026-09-30 15:41:52
 2  0 316124  65256   2300  87992    8    0     8    28 5647 5858 16 11 73  0  0  0 2026-09-30 15:41:53
 0  0 316124  65080   2300  88148   24    0   180     0 5822 6089 18  8 73  0  0  0 2026-09-30 15:41:54
procs -----------memory---------- ---swap-- -----io---- -system-- -------cpu------- -----timestamp-----
 r  b   swpd   free   buff  cache   si   so    bi    bo   in   cs us sy id wa st gu                 UTC
 0  0 316124  65080   2300  88100    0    0     0     0 4903 4628 14  9 76  0  0  0 2026-09-30 15:41:55
 0  0 315868  64828   2300  88084   80    0    80     0 5136 5077 15 11 74  0  0  0 2026-09-30 15:41:56
 0  0 315868  64076   2300  88084    0    0     0     0 4398 4253 14  8 78  0  0  0 2026-09-30 15:41:57
 0  0 315868  63824   2308  88052    0    0     0    28 4512 4371 11  9 80  0  0  0 2026-09-30 15:41:58
 0  0 315868  63824   2308  88036    8    0     8     0 5275 5060 14 12 73  0  1  0 2026-09-30 15:41:59
 1  0 315868  63824   2444  88036    0    0   132     0 3877 3727 10  9 59  0 22  0 2026-09-30 15:42:00
 7  0 315868  63824   2444  88036   28    0    28     0 3509 3582 17  7 48  0 28  0 2026-09-30 15:42:01
 1  0 315868  63824   2444  88020    4    0     4     0 2672 2793 15  8  7  0 69  0 2026-09-30 15:42:02
 0  0 315868  63824   2452  88008    4    0     4    36 3769 3693 15  7 72  0  6  0 2026-09-30 15:42:03
 0  0 316892  76736   2452  82436   12  952    12   952 4436 5198 14 10 76  1  0  0 2026-09-30 15:42:04
 0  0 316892  76736   2452  82432    0    0     0     0 3818 3832 14  7 79  0  0  0 2026-09-30 15:42:05
 1  0 316892  76484   2452  82396    0    0     0     0 3718 3563 10  8 81  0  0  0 2026-09-30 15:42:06
 0  0 316636  76232   2452  82380    0    0     0     0 3299 3297  8  7 85  0  0  0 2026-09-30 15:42:07
 0  0 316636  76232   2460  82332   36    0    36    28 3287 3237 10  7 83  0  0  0 2026-09-30 15:42:08
 0  0 316636  74972   2460  82280    0    0     0     0 3133 3039 11  5 84  0  0  0 2026-09-30 15:42:09
 0  0 316636  73712   2460  82232    0    0     0     0 2861 2899  8  6 87  0  0  0 2026-09-30 15:42:10
 0  0 316636  73712   2460  82272    0    0    56     0 3062 3005 10  6 85  0  1  0 2026-09-30 15:42:11
 1  0 316636  73712   2460  82252    4    0     4     0 2977 2975  9  6 86  0  0  0 2026-09-30 15:42:12
 1  0 316636  72956   2468  83420  336    0  1504    32 2376 2411  6  6 87  2  0  0 2026-09-30 15:42:13
 0  0 316380  51740   2468  84160   64    0   820     0 3050 4058  9  7 84  1  0  0 2026-09-30 15:42:14
 1  0 316380  61252   2468  84128    0    0     0     0 2164 2149  6  6 86  0  2  0 2026-09-30 15:42:15
procs -----------memory---------- ---swap-- -----io---- -system-- -------cpu------- -----timestamp-----
 r  b   swpd   free   buff  cache   si   so    bi    bo   in   cs us sy id wa st gu                 UTC
 0  0 316380  82240   2468  83864    0   48     0    48 2020 2116  5  5 90  0  0  0 2026-09-30 15:42:16
 0  0 316380  81736   2468  83876   20    0    32     0 2246 2404  6  5 89  0  0  0 2026-09-30 15:42:17
 0  0 316380  81588   2468  83860    0    0     0     0 1620 1649  4  5 92  0  0  0 2026-09-30 15:42:18
 1  0 316380  81668   2476  84616    8    0   844    28 1883 2050  5  5 89  0  0  0 2026-09-30 15:42:19
 0  0 316380  81736   2476  84596    0    0     0     0 1597 1763  3  3 94  0  0  0 2026-09-30 15:42:20
 0  0 316124  81772   2476  84580   60    0    60     0 1237 1404  4  2 94  0  0  0 2026-09-30 15:42:21
 1  0 316124  81900   2476  84564    0    0     0     0 1165 1383  2  5 93  0  0  0 2026-09-30 15:42:22
 0  0 316124  82028   2476  84540    0    0     0     0 1049 1219  2  3 95  0  0  0 2026-09-30 15:42:23
 0  0 316124  71112   2484  84592    8    0    92    28 1339 2405  3  3 94  0  0  0 2026-09-30 15:42:24
 0  0 316124  68552   2484  84592    0    0     0     0  794 1050  2  2 95  0  1  0 2026-09-30 15:42:25
 0  0 316124  64524   2484  84572    0    0     0     0  882 1142  1  5 95  0  0  0 2026-09-30 15:42:26
 0  0 316124  62580   2484  84540    0    0     0     0  798 1062  2  2 96  0  0  0 2026-09-30 15:42:27
 0  0 316124  74136   2484  84476    0    0     0     0  811 1043  1  3 96  0  0  0 2026-09-30 15:42:28
 0  0 316124  74240   2484  84476    0    0     0    12  899 1167  2  3 95  0  0  0 2026-09-30 15:42:29
 1  0 316124  74332   2492  84428    0    0     0    12  826 1017  1  4 96  1  0  0 2026-09-30 15:42:30
 0  0 316124  84176   2492  83988    4    0     4     0 2698 1760  3  7 91  0  0  0 2026-09-30 15:42:31
 0  0 316124  93928   2508  82208    0    0    72    84  775 1074  1  4 95  0  0  0 2026-09-30 15:42:32
 0  0 316124  91448   2508  82208    0    0     0     0  699  920  2  2 96  0  0  0 2026-09-30 15:42:33
 0  0 316124  74164   2508  82208    0    0     0    12 1180 2236  3  4 93  0  0  0 2026-09-30 15:42:34
 0  0 316124  69364   2508  82208    0    0     0     0  747 1063  1  3 96  0  0  0 2026-09-30 15:42:35
 0  0 316124  69120   2508  82380   76    0   248     0  735 1017  2  4 94  1  1  0 2026-09-30 15:42:36
procs -----------memory---------- ---swap-- -----io---- -system-- -------cpu------- -----timestamp-----
 r  b   swpd   free   buff  cache   si   so    bi    bo   in   cs us sy id wa st gu                 UTC
 0  0 316124  69372   2516  82380    0    0     0    16  741 1052  2  3 95  0  0  0 2026-09-30 15:42:37
 0  0 316124  69628   2516  82384    0    0     0     0  716  994  1  3 96  0  0  0 2026-09-30 15:42:38
 0  0 316124  69628   2516  82472    0    0    88     4  848 1182  2  2 96  0  0  0 2026-09-30 15:42:39
 0  0 316124  69628   2516  82472    0    0     0     0  721  966  1  3 96  0  0  0 2026-09-30 15:42:40
 0  0 316124  69392   2516  82472    0    0     0     0  717 1008  2  3 96  0  0  0 2026-09-30 15:42:41
 0  0 316124  70028   2516  82472    0    0     0     0  770 1122  2  3 96  0  0  0 2026-09-30 15:42:42
 0  0 316124  70028   2516  82472    0    0     0     0  706  940  1  4 96  0  1  0 2026-09-30 15:42:43
 0  0 316124  69032   2524  82472   12    0    12    48 1212 2284  3  4 93  0  0  0 2026-09-30 15:42:44
 0  0 316124  69288   2524  82472    0    0     0     0  754 1081  2  2 96  0  0  0 2026-09-30 15:42:45
 0  0 316124  69288   2524  82472    0    0     0     0  719 1046  1  4 96  0  0  0 2026-09-30 15:42:46
 0  0 316124  69540   2524  82472    0    0     0     0  787 1073  2  3 95  0  0  0 2026-09-30 15:42:47
 0  0 316124  69540   2524  82472    0    0     0     0  684  960  2  2 96  0  0  0 2026-09-30 15:42:48
 0  0 316124  69540   2524  82472    0    0     0     4  829 1158  1  3 96  0  0  0 2026-09-30 15:42:49
 0  0 316124  69540   2524  82472    0    0     0     0  767 1050  1  3 96  0  0  0 2026-09-30 15:42:50
 1  0 316124  69288   2524  82472    0    0     0     0  706  939  0  4 95  0  0  0 2026-09-30 15:42:51
 0  0 316124  68032   2524  82472    0    0     0     0  722  987  2  2 97  0  0  0 2026-09-30 15:42:52
 0  0 316124  68032   2524  82472    0    0     0     0  729 1018  1  4 96  0  0  0 2026-09-30 15:42:53
 0  0 316124  76096   2532  82560    8    0    96    16 1227 2360  4  3 93  1  0  0 2026-09-30 15:42:54
 0  0 316124  74360   2532  82560    0    0     0     0  719  995  1  4 96  0  0  0 2026-09-30 15:42:55
 0  0 316124  72068   2532  82560    0    0     0     0  769 1082  2  3 96  0  0  0 2026-09-30 15:42:56
 0  0 316124  72068   2532  82560    0    0     0     0  702  975  2  2 96  0  0  0 2026-09-30 15:42:57
procs -----------memory---------- ---swap-- -----io---- -system-- -------cpu------- -----timestamp-----
 r  b   swpd   free   buff  cache   si   so    bi    bo   in   cs us sy id wa st gu                 UTC
 0  0 316124  71080   2532  82560    0    0     0     0  739 1008  2  3 96  0  0  0 2026-09-30 15:42:58
 0  0 316124  72080   2532  82560    0    0     0     4  801 1092  1  2 97  0  0  0 2026-09-30 15:42:59
 0  0 316124  72844   2532  82560    0    0     0     0  665  921  1  2 88  0  8  0 2026-09-30 15:43:00
 0  0 316124  73096   2532  82560    0    0     0     0  727  963  1  4 93  0  2  0 2026-09-30 15:43:01
 0  0 316124  73604   2532  82560    0    0     0     0  760 1015  1  4 93  0  2  0 2026-09-30 15:43:02
 0  0 316124  75656   2532  82560    0    0     0     0  688  966  2  2 96  0  0  0 2026-09-30 15:43:03
 0  0 316124  81560   2532  82856    8    0   304     0 1252 2358  4  5 92  0  1  0 2026-09-30 15:43:04
 0  0 316124  77032   2540  82856    0    0     0    40  758 1044  2  3 96  0  0  0 2026-09-30 15:43:05
 2  0 316124  75476   2540  82856    0    0     0     0  742 1020  3  1 96  0  0  0 2026-09-30 15:43:06
 0  0 316124  75476   2540  82856    0    0     0     0  722 1056  2  3 96  0  0  0 2026-09-30 15:43:07
 0  0 316124  75476   2540  82856    0    0     0     0  710 1020  2  2 96  0  0  0 2026-09-30 15:43:08
 0  0 316124  75476   2540  82856    0    0     0     0  718 1019  1  3 97  0  0  0 2026-09-30 15:43:09
 0  0 316124  75732   2548  82856    0    0     0    24  727 1016  1  4 95  0  0  0 2026-09-30 15:43:10
 1  0 316124  75732   2548  82856    0    0     0     0  689  956  1  3 96  0  0  0 2026-09-30 15:43:11
 0  0 316124  75732   2548  82916   12    0    72     0  799 1154  1  3 96  0  0  0 2026-09-30 15:43:12
 0  0 316124  76244   2548  82916    0    0     0     0  721 1000  3  2 96  0  0  0 2026-09-30 15:43:13
 0  0 316124  69188   2548  82912   20    0    20     0 1276 2429  3  4 93  0  0  0 2026-09-30 15:43:14
 0  0 316124  68940   2556  82912    0    0     0    40  719 1042  1  3 96  1  0  0 2026-09-30 15:43:15
 0  0 315860  68688   2556  82912    8    0     8     0  815 1125  2  3 95  0  1  0 2026-09-30 15:43:16
 0  0 315604  69700   2556  82892   36    0    36     0  896 1307  1  3 96  0  0  0 2026-09-30 15:43:17
 0  0 315604  71976   2556  82892    0    0     0     0  723 1025  1  3 96  0  0  0 2026-09-30 15:43:18
procs -----------memory---------- ---swap-- -----io---- -system-- -------cpu------- -----timestamp-----
 r  b   swpd   free   buff  cache   si   so    bi    bo   in   cs us sy id wa st gu                 UTC
 0  0 315604  71976   2556  82892    0    0     0     0  747 1040  1  3 96  0  0  0 2026-09-30 15:43:19
 0  0 315604  71728   2556  82972   20    0   136     8  849 1168  2  3 95  0  0  0 2026-09-30 15:43:20
 0  0 315604  71728   2556  82992    8    0    64     0  756 1046  2  2 96  1  0  0 2026-09-30 15:43:21
 0  0 315604  71276   2564  82988    8    0     8    12  757 1064  2  3 95  0  0  0 2026-09-30 15:43:22
 0  0 315556  70228   2564  82972    4    0     4     0  715  995  2  3 96  0  0  0 2026-09-30 15:43:23
 0  0 315556  76188   2564  82972   20    0    20     0 1225 2337  3  3 94  0  0  0 2026-09-30 15:43:24
 0  0 315556  75684   2564  82972    0    0     0    12  745 1008  1  4 95  0  0  0 2026-09-30 15:43:25
 0  0 315556  75684   2564  82972    0    0     0     0  741 1009  1  3 96  0  0  0 2026-09-30 15:43:26
 0  0 315556  75684   2564  82968    4    0     4     0  801 1131  2  3 95  0  1  0 2026-09-30 15:43:27
 1  0 315556  75684   2572  82968    0    0     0    12  723 1025  1  3 96  0  0  0 2026-09-30 15:43:28
 0  0 315556  75684   2572  82968    0    0     0     0  749 1077  2  3 96  0  0  0 2026-09-30 15:43:29
 0  0 315556  75684   2572  82968    0    0     0     8  759 1016  1  3 96  0  0  0 2026-09-30 15:43:30
 0  0 315284 119884   2572  82532   56    0    56     0  890 1442  3  3 95  0  0  0 2026-09-30 15:43:31
 0  0 315284 116108   2572  82532    0    0     0     0  718  990  2  2 96  0  0  0 2026-09-30 15:43:32
 0  0 315284 116108   2572  82532    4    0     4     0  726  985  2  2 96  0  0  0 2026-09-30 15:43:33
 0  0 315284 105664   2572  82516   48    0    48     0 1252 2393  3  4 93  1  0  0 2026-09-30 15:43:34
 2  0 315284 103196   2580  82516    0    0     0    20  722  983  2  2 96  0  0  0 2026-09-30 15:43:35
 0  0 315284 101700   2580  82596   16    0    96     0  727  985  2  4 95  0  0  0 2026-09-30 15:43:36
 2  0 315284 101640   2580  82596   20    0    20     0  753 1067  2  2 97  0  0  0 2026-09-30 15:43:37
 0  0 315284  98916   2580  82596    0    0     0     0  689  953  1  2 97  0  0  0 2026-09-30 15:43:38
 0  0 315284  96640   2580  82596    4    0     4     0  908 1335  2  3 95  0  0  0 2026-09-30 15:43:39
procs -----------memory---------- ---swap-- -----io---- -system-- -------cpu------- -----timestamp-----
 r  b   swpd   free   buff  cache   si   so    bi    bo   in   cs us sy id wa st gu                 UTC
 0  0 315284  96860   2580  82596    0    0     0     4  700  999  2  3 96  0  0  0 2026-09-30 15:43:40
 1  0 315284  96860   2580  82596    0    0     0     0  706  970  2  3 96  0  0  0 2026-09-30 15:43:41
 0  0 315284  96860   2580  82596    0    0     0     0  752 1034  1  3 96  0  0  0 2026-09-30 15:43:42
 0  0 315284  96860   2580  82596    0    0     0     0  705  978  1  4 96  0  0  0 2026-09-30 15:43:43
 0  0 315284  89180   2580  82596   88    0    88     0 1326 2446  3  4 93  1  0  0 2026-09-30 15:43:44
 0  0 315284  89944   2580  82596    0    0     0     0  813 1115  1  2 97  0  0  0 2026-09-30 15:43:45
 0  0 315284  91444   2588  82596    0    0     0    24  767 1065  1  3 95  0  0  0 2026-09-30 15:43:46
 0  0 315028  90976   2588  82596   96    0    96     0  808 1111  2  2 95  1  0  0 2026-09-30 15:43:47
 0  0 315028  90224   2588  82596    0    0     0     0  727  994  2  2 96  0  0  0 2026-09-30 15:43:48
 0  0 315028  90224   2588  82596    0    0     0     0  799 1098  2  3 96  0  0  0 2026-09-30 15:43:49
 0  0 315028  90224   2588  82596    0    0     0     0  667  966  1  2 97  0  0  0 2026-09-30 15:43:50
 0  0 315028  90224   2588  82600    0    0     0     4  740 1020  1  4 95  0  1  0 2026-09-30 15:43:51
 1  0 315028  90224   2588  82600    0    0     0     0  678  962  1  4 95  0  0  0 2026-09-30 15:43:52
 0  0 315028  90224   2588  82600    0    0     0     0  698  974  1  2 97  0  0  0 2026-09-30 15:43:53
 0  0 315028  95240   2588  82600    8    0     8     0 1204 2259  3  3 94  0  0  0 2026-09-30 15:43:54
 0  0 315028  95240   2588  82600    0    0     0     0  741 1005  1  4 96  0  0  0 2026-09-30 15:43:55
 0  0 315028  95240   2596  82600    0    0     0    16  757 1027  2  3 96  0  0  0 2026-09-30 15:43:56
 0  0 315028  95240   2596  82600    4    0     4     0  708 1019  2  3 96  0  0  0 2026-09-30 15:43:57
 0  0 315028  95036   2596  82600    0    0     0     0  732  999  1  4 96  0  0  0 2026-09-30 15:43:58
 0  0 315028  94992   2596  82600    0    0     0     0  744 1044  2  2 96  0  0  0 2026-09-30 15:43:59
 0  0 315028  94996   2596  82600    0    0     0     0  740  998  1  2 90  0  6  0 2026-09-30 15:44:00
procs -----------memory---------- ---swap-- -----io---- -system-- -------cpu------- -----timestamp-----
 r  b   swpd   free   buff  cache   si   so    bi    bo   in   cs us sy id wa st gu                 UTC
 0  0 315028  95036   2596  82600    0    0     0     4  752  992  2  3 94  0  2  0 2026-09-30 15:44:01
 0  0 315028  95252   2596  82600    0    0     0     0  696  944  1  3 92  0  4  0 2026-09-30 15:44:02
 0  0 315028  95252   2596  82600    0    0     0     0  713  963  2  2 96  0  0  0 2026-09-30 15:44:03
 0  0 315028  94168   2596  82828    0    0   228     0 1239 2326  3  5 92  0  0  0 2026-09-30 15:44:04
 0  0 315028  94168   2596  82828    0    0     0     0  763 1020  1  3 96  0  0  0 2026-09-30 15:44:05
 0  0 315028  94168   2604  82828    0    0     0    16  710  988  2  2 96  0  1  0 2026-09-30 15:44:06
 0  0 315028  94168   2604  82828   12    0    12     0  767 1059  2  3 96  0  0  0 2026-09-30 15:44:07
 0  0 315028  91904   2604  82828    0    0     0     0  709 1020  1  3 96  0  0  0 2026-09-30 15:44:08
 0  0 315028  90144   2604  82828    0    0     0     0  754 1043  2  3 96  0  0  0 2026-09-30 15:44:09
 0  0 315028  90144   2604  82828    0    0     0     0  730 1011  2  3 95  0  0  0 2026-09-30 15:44:10
 0  0 315028  89392   2604  82828    0    0     0     4  682  960  1  2 97  0  0  0 2026-09-30 15:44:11
 1  0 315028  90152   2604  82828    0    0     0     0  824 1148  2  3 95  0  0  0 2026-09-30 15:44:12
 0  0 315028  90692   2604  82828    0    0     0     0  748  992  2  2 96  0  0  0 2026-09-30 15:44:13
 0  0 315028  86612   2604  82828    4    0     4     0 1089 2074  4  3 93  0  0  0 2026-09-30 15:44:14
 0  0 315028  87116   2604  82828    0    0     0     0  681  988  1  3 96  0  0  0 2026-09-30 15:44:15
 0  0 315028  87116   2612  82828    0    0     0    16  735 1070  1  3 96  1  0  0 2026-09-30 15:44:16
 0  0 315028  90648   2612  82828    0    0     0     0  739 1078  2  2 96  0  0  0 2026-09-30 15:44:17
 0  0 315028  92680   2612  82828    4    0     4     0  748 1006  2  3 95  0  1  0 2026-09-30 15:44:18
 0  0 315028  94500   2612  82828    0    0     0     0  826 1147  3  3 95  0  0  0 2026-09-30 15:44:19
 0  0 315028  96696   2612  82828    0    0     0     0  695  964  1  2 97  0  0  0 2026-09-30 15:44:20
 0  0 315028  97228   2620  82832    0    0     4    20  706 1017  1  3 96  0  0  0 2026-09-30 15:44:21
procs -----------memory---------- ---swap-- -----io---- -system-- -------cpu------- -----timestamp-----
 r  b   swpd   free   buff  cache   si   so    bi    bo   in   cs us sy id wa st gu                 UTC
 0  0 315028  97012   2620  82832    0    0     0     0  733 1001  1  4 96  0  0  0 2026-09-30 15:44:22
 2  0 315028  97304   2620  82832    0    0     0     0  721  967  1  3 97  0  0  0 2026-09-30 15:44:23
 0  0 315028  93000   2620  82832   20    0    20     0 1229 2406  3  4 93  0  0  0 2026-09-30 15:44:24
 0  0 315028  93000   2620  82832    0    0     0     0  730  985  1  3 96  0  0  0 2026-09-30 15:44:25
 0  0 315028  92752   2620  82836    0    0     0    12  733  989  2  2 96  0  0  0 2026-09-30 15:44:26
 0  0 315028  91496   2620  82836    0    0     0     0  747 1050  2  2 96  0  0  0 2026-09-30 15:44:27
 0  0 315028  91496   2628  82836    0    0     0    12  735  988  1  3 96  0  1  0 2026-09-30 15:44:28
 0  0 315028  91496   2628  82836    0    0     0     0  717 1013  1  3 96  0  0  0 2026-09-30 15:44:29
 0  0 315028  91496   2628  82836    0    0     0     0  728 1020  1  3 96  0  0  0 2026-09-30 15:44:30
 0  0 313748  77868   4232 112620 2264    0 33412    16 2244 3249  7  6 59 27  0  0 2026-09-30 15:44:31
 0  0 313236  84532   4240 115772   60    0  2924    28 1240 1672  4  6 90  1  0  0 2026-09-30 15:44:32
 0  0 313236  80504   4240 115772    0    0     0     0  743 1051  1  3 96  0  0  0 2026-09-30 15:44:33
 1  0 313492  76460   3976 113352    4  236   120   236 1153 2190  4  4 92  1  0  0 2026-09-30 15:44:34
 0  0 313492  73064   3992 113344    0    0     0    96 1580 1660  4  3 93  0  1  0 2026-09-30 15:44:35
 0  0 313492  71428   3992 113344    4    0     4   596 2113 2350  5  4 90  1  0  0 2026-09-30 15:44:36
 0  0 313492  71180   3992 113344    0    0     0     8 1951 1921  4  4 92  0  0  0 2026-09-30 15:44:37
 0  0 313492  70172   3992 113344    4    0     4     0 2011 2008  5  5 90  0  0  0 2026-09-30 15:44:38
 1  0 313492  68216   3992 113344    0    0     0     0 2312 2331  5  7 88  0  0  0 2026-09-30 15:44:39
 1  0 313492  75528   4000 113344    0    0     0    28 2267 2259  7  4 88  0  0  0 2026-09-30 15:44:40
 0  0 313236  74548   4000 113344   24    0    24     0 2810 2676 10  5 86  0  0  0 2026-09-30 15:44:41
 0  0 313236  74548   4000 113344    0    0     0    12 3050 3080  8  6 86  0  0  0 2026-09-30 15:44:42
procs -----------memory---------- ---swap-- -----io---- -system-- -------cpu------- -----timestamp-----
 r  b   swpd   free   buff  cache   si   so    bi    bo   in   cs us sy id wa st gu                 UTC
 1  0 313236  74084   4000 113360    0    0     0     0 3209 3086 10  5 85  0  0  0 2026-09-30 15:44:43
 3  0 313236  71368   4000 113520    0    0   112     0 3216 3473  9  7 83  0  0  0 2026-09-30 15:44:44
 1  0 313236  77652   4000 113568    0    0     0     0 3602 4069 12  7 81  0  1  0 2026-09-30 15:44:45
 0  0 313236  76656   4000 113600  100    0   100     0 3680 3732 11  6 82  0  0  0 2026-09-30 15:44:46
 1  0 313236  76656   4008 113632    0    0     0    28 3832 3723 12  6 82  0  1  0 2026-09-30 15:44:47
 0  0 313236  76432   4008 113680    0    0     0     0 3732 3621 11  7 83  0  0  0 2026-09-30 15:44:48
 0  0 313236  75956   4008 113712    0    0     0     0 3814 3734 10  7 83  0  1  0 2026-09-30 15:44:49
 0  0 313236  75956   4008 113744    0    0     0     0 4085 4043 12  7 81  0  0  0 2026-09-30 15:44:50
 0  0 313236  74700   4008 113776    0    0     0     0 4182 4122 12  9 79  0  0  0 2026-09-30 15:44:51
 0  0 313236  74476   4016 113824    0    0     0    24 4277 4109 14  9 77  0  0  0 2026-09-30 15:44:52
 0  0 313236  74252   4016 113856    0    0     0     0 4367 4181 14  7 80  0  0  0 2026-09-30 15:44:53
 0  0 313236  74012   4016 113904    0    0     0     0 4788 4633 16  8 75  0  0  0 2026-09-30 15:44:54
 0  0 313236  67628   4016 113936    4    0     4     0 4993 5627 15 11 74  0  0  0 2026-09-30 15:44:55
 0  0 313236  67180   4016 113984    0    0     0     0 5157 5060 16  8 76  0  0  0 2026-09-30 15:44:56
 0  0 313236  67184   4016 114016    0    0     0    16 5160 5023 15  9 76  0  0  0 2026-09-30 15:44:57
 1  0 313236  66932   4024 114136    0    0    88    12 4907 5163 25 11 65  0  0  0 2026-09-30 15:44:58
 0  0 313236  66692   4024 114168    0    0     0    52 5260 5018 17  7 75  0  1  0 2026-09-30 15:44:59
 5  0 312980  65572   4024 114308   16    0   108     0 4413 5282 18  9 35  0 38  0 2026-09-30 15:45:00
 7  0 312980  65348   4024 114324    0    0     0     0 4196 4186 17 11 36  0 36  0 2026-09-30 15:45:01
 0  0 312980  65348   4024 114356    4    0     4    16 4624 4540 18 12 30  0 39  0 2026-09-30 15:45:02
 0  0 312980  65124   4024 114420    0    0     0     0 5877 5958 19 12 68  0  1  0 2026-09-30 15:45:03
procs -----------memory---------- ---swap-- -----io---- -system-- -------cpu------- -----timestamp-----
 r  b   swpd   free   buff  cache   si   so    bi    bo   in   cs us sy id wa st gu                 UTC
 1  0 312980  65124   4024 114456    0    0     0     0 6070 5907 19 10 71  0  1  0 2026-09-30 15:45:04
 0  0 313236 100608   3880 106128   36  236   796   236 7121 8224 25 12 63  0  0  0 2026-09-30 15:45:05
 0  0 313236  99412   3880 106160    4    0     4     0 6283 6209 22  9 68  0  0  0 2026-09-30 15:45:06
 1  0 313236  97352   3888 106340    0    0   148    28 6623 6571 22 10 68  1  0  0 2026-09-30 15:45:07
 0  0 313236  97352   3888 106392    8    0     8     0 7005 6730 22 12 66  0  0  0 2026-09-30 15:45:08
 1  0 313236  75208   3888 106424    0    0     0     4 6359 6267 18 11 71  0  0  0 2026-09-30 15:45:09
 0  0 312980  74956   3888 106456   40    0    40     0 6786 6803 20 11 69  0  1  0 2026-09-30 15:45:10
 0  0 312980  74952   3888 106504    0    0     0     0 7217 7178 19 12 69  0  0  0 2026-09-30 15:45:11
 0  0 312980  74728   3888 106536    0    0     0     0 6943 6844 22 12 66  0  0  0 2026-09-30 15:45:12
 0  0 312980  74504   3896 106692    4    0   128    28 7655 7527 22 12 66  0  0  0 2026-09-30 15:45:13
 0  0 312980  74504   3896 106724    0    0     0     0 7940 7785 23 13 64  0  0  0 2026-09-30 15:45:14
 3  0 312980  82584   3896 106772    0    0     0     0 8270 8808 25 13 62  0  0  0 2026-09-30 15:45:15
 1  0 312980  82344   3896 106804   16    0    16     0 7082 7339 23 12 65  0  0  0 2026-09-30 15:45:16
 2  0 312980  81880   3896 107420    4    0   608     0 7893 7995 25 11 63  0  0  0 2026-09-30 15:45:17
 2  0 312980  81880   3904 107488    0    0     0    28 7515 7591 22 14 64  0  0  0 2026-09-30 15:45:18
 2  0 312980  81656   3904 107520    0    0     0     0 7636 7626 23 13 65  0  0  0 2026-09-30 15:45:19
 0  0 312980  81656   3904 107568    0    0     0     0 8170 8064 27 12 60  0  2  0 2026-09-30 15:45:20
 1  0 312980  81428   3904 107584    0    0     0     0 8630 8544 26 10 63  0  0  0 2026-09-30 15:45:21
 0  0 312980  81236   3904 107632   16    0    16     0 7770 8756 36 12 52  0  0  0 2026-09-30 15:45:22
 0  0 312980  80696   3912 107664    0    0     0    28 8495 8307 26 12 62  0  0  0 2026-09-30 15:45:23
 0  0 312980  80004   3912 107696    0    0     0     0 8481 8588 29 10 60  0  1  0 2026-09-30 15:45:24
procs -----------memory---------- ---swap-- -----io---- -system-- -------cpu------- -----timestamp-----
 r  b   swpd   free   buff  cache   si   so    bi    bo   in   cs us sy id wa st gu                 UTC
 3  0 312980  71036   3912 107904    4    0   164     0 8880 9716 30 15 55  0  0  0 2026-09-30 15:45:25
 1  0 312980  71036   3912 107936    0    0     0     0 8706 8446 26 13 61  0  0  0 2026-09-30 15:45:26
 0  0 312980  70812   3912 107984    0    0     0     0 8887 8926 24 13 62  0  0  0 2026-09-30 15:45:27
 1  0 312980  70588   3920 108016    0    0     0    28 9048 9141 29 14 57  0  0  0 2026-09-30 15:45:28
 0  0 312980  70348   3920 108048    0    0     0     0 9373 9425 25 17 59  0  0  0 2026-09-30 15:45:29
 0  0 312980  69632   3920 108096    0    0     0     0 8738 8603 40 14 46  0  0  0 2026-09-30 15:45:30
 2  0 312980  69628   3920 108112    0    0     0     0 9018 9012 26 13 60  0  0  0 2026-09-30 15:45:31
 5  0 312980  68652   3920 108160    0    0     0     0 9349 9247 30 13 58  0  0  0 2026-09-30 15:45:32
 2  0 312980  68400   3928 108192    0    0     0    32 9610 9800 27 16 57  0  0  0 2026-09-30 15:45:33
 2  0 312980  68176   3928 108224    0    0     0     0 9659 9252 29 15 56  0  0  0 2026-09-30 15:45:34
 0  0 312980  75088   3928 108256    8    0     8     0 10425 10941 29 18 52  0  0  0 2026-09-30 15:45:35
 3  0 312980  74548   3944 109472   24    0   744   144 10094 10374 42 17 41  1  0  0 2026-09-30 15:45:36
 0  0 312980  74292   3944 109536   24    0    24     0 10721 10851 32 15 52  0  0  0 2026-09-30 15:45:37
 5  0 312980  74068   3944 109720    4    0   168    16 9691 9973 29 17 53  0  0  0 2026-09-30 15:45:38
 1  0 312980 104996   3924 107080    0    0     0     0 10448 10358 33 17 51  0  0  0 2026-09-30 15:45:39
 2  0 312980 103440   3924 107128    0    0     0    32 10649 10286 31 16 53  0  0  0 2026-09-30 15:45:40
 0  0 312980 102936   3932 107136    0    0     0    16 10445 10241 31 15 55  0  0  0 2026-09-30 15:45:41
 0  0 312980 102432   3932 107188    8    0     8     0 10033 9916 44 17 39  0  1  0 2026-09-30 15:45:42
 8  0 312980 101956   3932 107236    0    0     0    16 10364 10241 30 16 54  0  0  0 2026-09-30 15:45:43
 4  0 312980 101732   3932 107268    0    0     0     0 10884 10992 35 16 49  0  0  0 2026-09-30 15:45:44
 0  0 312980  88096   3932 107300    4    0     4     8 11264 12043 37 18 45  0  0  0 2026-09-30 15:45:45
procs -----------memory---------- ---swap-- -----io---- -system-- -------cpu------- -----timestamp-----
 r  b   swpd   free   buff  cache   si   so    bi    bo   in   cs us sy id wa st gu                 UTC
 2  0 312980  87096   3932 107348    0    0     0     0 10682 10962 37 15 47  0  0  0 2026-09-30 15:45:46
 1  0 312724  86620   3932 107348    0    0     0     0 10733 10795 40 16 44  0  0  0 2026-09-30 15:45:47
12  0 312724  86620   3940 107396   12    0    12    28 10573 10504 40 16 44  0  0  0 2026-09-30 15:45:48
 0  0 312724  86396   3940 107428    0    0     0     0 11502 11642 31 21 48  0  0  0 2026-09-30 15:45:49
 0  0 312724  86144   3940 107476    0    0     0     0 11035 11053 32 17 51  0  0  0 2026-09-30 15:45:50
 3  0 312724  85920   3940 107508    0    0     0     0 10673 11044 36 18 47  0  1  0 2026-09-30 15:45:51
 6  0 312724  85920   3940 107540    0    0     0     0 11587 13599 49 17 34  0  0  0 2026-09-30 15:45:52
 0  0 312724  85444   3948 107580   16    0    16    28 11487 11384 37 16 46  0  0  0 2026-09-30 15:45:53
 0  0 312724  85248   3948 107620    0    0     0     0 11257 11069 36 14 51  0  0  0 2026-09-30 15:45:54
 0  0 312724  88784   3948 108140    0    0   492     0 11927 12629 39 20 41  0  0  0 2026-09-30 15:45:55
 2  0 312724  88532   3948 108176    0    0     0     0 11835 12193 35 21 43  0  0  0 2026-09-30 15:45:56
 4  0 312724  87804   3948 108224    8    0     8     0 11392 11447 50 18 33  0  0  0 2026-09-30 15:45:57
 4  0 312724  87804   3948 108256    0    0     0     0 12616 12380 36 17 46  0  0  0 2026-09-30 15:45:58
 0  0 312724  87080   3956 108288    0    0     0    28 11543 12023 38 18 44  0  0  0 2026-09-30 15:45:59
 1  0 312468  82976   3956 110152  348    0  2084     0 10224 10576 38 21 29  0 11  0 2026-09-30 15:46:00
21  0 312468  82976   3956 110200    0    0     0     0 10005 10227 44 20 19  0 17  0 2026-09-30 15:46:01
 1  0 312468  81824   3956 110312   32    0    32     0 10360 12228 60 18 16  0  5  0 2026-09-30 15:46:02
 2  0 312468  81396   3956 110360    0    0     0     0 12399 12052 39 20 40  0  0  0 2026-09-30 15:46:03
 9  0 312468  81108   3964 110376    0    0     0    28 12086 12177 41 20 40  0  0  0 2026-09-30 15:46:04
 2  0 312468  73772   3964 110420   16    0    16     0 11874 12690 58 17 24  0  0  0 2026-09-30 15:46:05
 6  0 312468  73772   3964 110456    0    0     0     0 12725 12942 38 22 40  0  0  0 2026-09-30 15:46:06
procs -----------memory---------- ---swap-- -----io---- -system-- -------cpu------- -----timestamp-----
 r  b   swpd   free   buff  cache   si   so    bi    bo   in   cs us sy id wa st gu                 UTC
 4  0 312468  73772   3964 110504    0    0     0     0 12635 12413 43 18 40  0  0  0 2026-09-30 15:46:07
 0  0 312468  73356   3964 110520    0    0     0     0 12846 12656 40 21 38  0  0  0 2026-09-30 15:46:08
 6  0 312468  73320   3972 110568    8    0     8    28 11585 11697 56 19 25  0  0  0 2026-09-30 15:46:09
 2  0 312468  73068   3972 110600    0    0     0     0 12737 12900 40 22 38  0  0  0 2026-09-30 15:46:10
 0  0 312468  73068   3972 110648    0    0     0     0 12560 12773 46 18 36  0  0  0 2026-09-30 15:46:11
 2  0 312468  72616   3972 112272  600    0  2232     0 12972 12928 53 19 27  1  0  0 2026-09-30 15:46:12
 0  0 311188  72364   3972 113464 1856    0  2964     0 13193 12777 53 20 27  1  0  0 2026-09-30 15:46:13
 4  0 311188  72364   3980 113508    0    0     0    28 13509 13442 40 24 36  0  0  0 2026-09-30 15:46:14
 0  0 311188  82792   3980 113832    0    0   296     0 12388 13747 43 24 33  0  1  0 2026-09-30 15:46:15
 3  0 311188  80608   3980 113908    0    0     0     0 12021 12215 54 23 23  0  0  0 2026-09-30 15:46:16
 7  0 311188  80292   3980 113932   32    0    32     0 13254 13223 42 22 36  0  0  0 2026-09-30 15:46:17
 0  0 311188  80052   3980 113980    0    0     0     0 13552 14053 48 20 33  0  0  0 2026-09-30 15:46:18
 1  0 310932  79800   3988 114284   24    0   276    28 13085 12835 57 23 20  0  0  0 2026-09-30 15:46:19
 1  0 310932  78848   3988 114316    0    0     0     0 13438 13581 43 22 35  0  0  0 2026-09-30 15:46:20
 4  0 310932  78372   3988 114364    0    0     0     0 12686 13642 44 22 34  0  0  0 2026-09-30 15:46:21
 2  0 310932  77888   3988 114452   32    0    32     0 13275 12797 63 21 16  0  1  0 2026-09-30 15:46:22
 4  0 310932  76880   3988 114484    0    0     0     0 13024 13150 45 23 32  0  0  0 2026-09-30 15:46:23
 7  0 310932  76180   3996 114492    0    0     0    28 13784 13475 44 22 33  0  0  0 2026-09-30 15:46:24
13  0 310932  60416   3996 114524    0    0     0     0 12831 13503 63 22 16  0  0  0 2026-09-30 15:46:25
30  0 311700  97256   3732 113968    4 1028   616  1028 13572 15446 49 24 27  0  0  0 2026-09-30 15:46:26
28  0 311700  94956   3732 114172   68    0   192     0 14139 13174 53 20 28  0  0  0 2026-09-30 15:46:27
procs -----------memory---------- ---swap-- -----io---- -system-- -------cpu------- -----timestamp-----
 r  b   swpd   free   buff  cache   si   so    bi    bo   in   cs us sy id wa st gu                 UTC
10  0 311700  94696   3732 114244   24    0    24     0 13718 13106 57 25 19  1  0  0 2026-09-30 15:46:28
 3  0 311700  94196   3740 114292    0    0     0    28 13547 13697 51 22 26  0  0  0 2026-09-30 15:46:29
10  0 311700  93752   3740 114312    4    0     4     0 13997 13002 55 24 20  0  1  0 2026-09-30 15:46:30
 6  0 311700  93720   3740 114352    0    0     0     0 14571 13884 52 27 21  0  0  0 2026-09-30 15:46:31
10  0 311700  92512   3740 114400   28    0    28     0 14583 14131 53 21 26  0  0  0 2026-09-30 15:46:32
 7  0 311700  92028   3740 114448   12    0    12     0 13494 12566 63 24 13  0  0  0 2026-09-30 15:46:33
 2  0 311700  91756   3748 114484    0    0     0    28 14535 14307 47 24 29  0  0  0 2026-09-30 15:46:34
13  0 311700  91504   3748 114528    0    0     0     0 13152 12436 58 25 17  0  0  0 2026-09-30 15:46:35
 4  0 311700  81736   3748 116852   24    0   156     0 13916 14560 54 29 18  0  0  0 2026-09-30 15:46:36
 0  0 311700  81484   3768 116948   64    0    72   200 12548 13665 45 24 31  0  0  0 2026-09-30 15:46:37
 3  0 311700  81232   3768 116944    0    0     0     0 14087 16035 64 26 10  0  0  0 2026-09-30 15:46:38
 1  0 311700  81232   3768 116928   16    0    16     0 14337 14374 50 23 28  0  0  0 2026-09-30 15:46:39
 8  0 311700  81228   3768 116944    0    0     0    56 13756 12796 56 24 20  0  1  0 2026-09-30 15:46:40
 1  1 311700  81220   3768 116936    4    0     4     0 13616 13871 53 24 23  0  0  0 2026-09-30 15:46:41
 0  0 311700  80972   3776 116932    0    0     0    20 14942 14202 48 25 26  0  0  0 2026-09-30 15:46:42
 1  0 311700  80748   3776 116936    0    0     0     0 13090 12267 65 22 12  0  0  0 2026-09-30 15:46:43
 0  0 311700  80716   3776 117024    0    0    88     0 14035 14261 48 22 31  0  0  0 2026-09-30 15:46:44
20  0 311700  80716   3776 117020    0    0     0    16 14061 13351 60 21 20  0  0  0 2026-09-30 15:46:45
 5  0 311700  78080   3776 117048    0    0     0     0 13103 13470 63 24 13  0  0  0 2026-09-30 15:46:46
 2  0 311700  78080   3776 117044    4    0     4     0 13451 14114 48 27 26  0  0  0 2026-09-30 15:46:47
 1  0 311700  77604   3776 117040    0    0     0     0 13484 14149 49 20 31  0  0  0 2026-09-30 15:46:48
procs -----------memory---------- ---swap-- -----io---- -system-- -------cpu------- -----timestamp-----
 r  b   swpd   free   buff  cache   si   so    bi    bo   in   cs us sy id wa st gu                 UTC
 6  0 311700  77324   3776 117048    0    0     0     0 13562 12159 67 22 11  0  0  0 2026-09-30 15:46:49
 8  0 311700  77324   3784 117048   20    0    20    28 13758 14651 46 25 28  1  1  0 2026-09-30 15:46:50
 3  0 311700  77324   3784 117044    0    0     0     0 12830 13139 60 21 19  0  0  0 2026-09-30 15:46:51
 6  0 311700  77324   3784 117052    0    0     0     0 13794 13710 50 24 25  0  0  0 2026-09-30 15:46:52
 3  0 311700  77324   3784 117052    0    0     0     0 13902 13892 45 25 29  0  0  0 2026-09-30 15:46:53
 1  0 311700  77324   3784 117052    0    0     0     0 13323 13362 66 27  7  0  0  0 2026-09-30 15:46:54
11  0 311700  77332   3792 117052    0    0     0    28 12942 13583 52 20 28  0  0  0 2026-09-30 15:46:55
19  0 311700  77072   3792 117068    4    0     4     0 13559 14228 63 24 13  0  0  0 2026-09-30 15:46:56
 9  0 311700  77072   3792 117068    0    0     0     0 13077 13673 58 26 16  0  0  0 2026-09-30 15:46:57
11  0 311700  77064   3792 117068    0    0     0     0 13494 13985 48 23 29  0  0  0 2026-09-30 15:46:58
24  0 311700  77060   3792 117064    0    0     0     0 14095 13650 49 24 27  0  0  0 2026-09-30 15:46:59
17  0 311700  71620   3800 117068   16    0    16    28 12641 11251 65 24  4  0  7  0 2026-09-30 15:47:00
17  0 311700  70808   3800 117416    4    0     4     0 12376 12026 47 20 21  0 12  0 2026-09-30 15:47:01
14  0 311700  70552   3800 117476    4    0     4     0 13645 11403 65 26  2  0  6  0 2026-09-30 15:47:02
 6  0 311700  69784   3800 117492    0    0     0     0 14210 13191 56 23 21  0  0  0 2026-09-30 15:47:03
 8  0 311700  69500   3800 117480    0    0     0     0 13785 13603 50 21 28  0  0  0 2026-09-30 15:47:04
18  0 311700  69292   3808 117472    0    0     0    28 13499 13112 52 26 22  0  0  0 2026-09-30 15:47:05
 7  0 311700  71624   3784 117240    4  364   144   364 13673 15805 58 25 17  0  0  0 2026-09-30 15:47:06
 4  0 311700  71368   3784 117216    0    0     0     0 15019 14169 52 22 26  0  0  0 2026-09-30 15:47:07
 4  0 311700  71116   3784 117200    0    0     0     0 12836 15147 63 24 13  0  0  0 2026-09-30 15:47:08
 4  0 311700  70660   3784 117212    0    0     0     0 13523 13425 51 24 25  0  0  0 2026-09-30 15:47:09
procs -----------memory---------- ---swap-- -----io---- -system-- -------cpu------- -----timestamp-----
 r  b   swpd   free   buff  cache   si   so    bi    bo   in   cs us sy id wa st gu                 UTC
 8  0 311700  70408   3792 117204    0    0     0    28 13558 13326 56 26 17  0  0  0 2026-09-30 15:47:10
 6  0 311700  70156   3792 117228    0    0     0     0 14267 14413 54 26 20  0  0  0 2026-09-30 15:47:11
 3  0 311700  69852   3792 117220    0    0     0     0 13523 13873 48 24 28  0  1  0 2026-09-30 15:47:12
 1  0 311700  69852   3792 117220    0    0     0     8 13022 12854 61 24 15  0  0  0 2026-09-30 15:47:13
 2  0 311700  69852   3792 117216    0    0     0     0 14063 13999 51 23 27  0  0  0 2026-09-30 15:47:14
18  0 311700  69596   3800 117220    0    0     0    28 13350 12650 54 25 21  0  0  0 2026-09-30 15:47:15
 2  0 315028  79432   3800 116480    0 4488    64  4488 15266 14314 60 29 11  0  0  0 2026-09-30 15:47:16
12  0 315028  78780   3800 116528    4    0     4     0 13649 14545 47 24 29  0  0  0 2026-09-30 15:47:17
12  0 315028  78524   3800 116524    0    0     0     0 13041 13041 66 25  9  0  0  0 2026-09-30 15:47:18
 6  0 315028  77260   3800 116524    4    0     4     0 13390 14359 50 24 27  0  0  0 2026-09-30 15:47:19
18  0 315028  75704   3808 116516    0    0     0    28 14006 14138 57 23 20  0  0  0 2026-09-30 15:47:20
 2  0 315028  75700   3808 116524    0    0     0     0 14540 14011 50 27 23  0  0  0 2026-09-30 15:47:21
17  0 315028  75700   3808 116524    8    0     8     0 14103 12429 65 26  9  0  0  0 2026-09-30 15:47:22
 3  0 315028  75700   3808 116524    0    0     0     0 13619 14026 45 27 28  0  0  0 2026-09-30 15:47:23
 0  0 315028  75496   3808 116524    0    0     0     0 12604 12193 65 22 13  0  0  0 2026-09-30 15:47:24
30  0 315028  74944   3808 116528    0    0     0     0 13604 12817 54 26 20  0  0  0 2026-09-30 15:47:25
 1  0 315028  72396   3816 116596    0    0   108    28 15082 15530 70 22  8  0  0  0 2026-09-30 15:47:26
 6  0 315028  72380   3816 116636    0    0     0     0 13454 12996 63 22 15  0  0  0 2026-09-30 15:47:27
17  0 315028  72380   3816 116636    0    0     0     0 12989 13743 50 24 26  0  0  0 2026-09-30 15:47:28
 2  0 315028  72380   3816 116636    0    0     0     0 13796 12682 64 21 15  0  0  0 2026-09-30 15:47:29
13  0 315028  72380   3816 116636    0    0     0     0 13780 12994 60 25 15  0  0  0 2026-09-30 15:47:30
procs -----------memory---------- ---swap-- -----io---- -system-- -------cpu------- -----timestamp-----
 r  b   swpd   free   buff  cache   si   so    bi    bo   in   cs us sy id wa st gu                 UTC
 6  0 315028  72376   3824 116636    0    0     0    28 13985 13492 56 21 23  0  0  0 2026-09-30 15:47:31
 2  0 315028  72380   3824 116636   12    0    12     0 13056 12310 68 22 11  0  0  0 2026-09-30 15:47:32
 5  0 315028  72128   3824 116636    0    0     0     0 14657 13734 53 22 26  0  0  0 2026-09-30 15:47:33
 1  0 315028  71880   3824 116636    0    0     0     0 13894 13796 63 24 14  0  0  0 2026-09-30 15:47:34
14  0 315028  71880   3824 116636    0    0     0     0 13299 13047 59 23 18  0  0  0 2026-09-30 15:47:35
22  0 315028  72740   3832 117424   16    0    64    28 13925 14690 60 27 13  0  0  0 2026-09-30 15:47:36
 1  0 315028  72740   3832 117456    0    0     0     0 13807 14040 63 27 11  0  0  0 2026-09-30 15:47:37
12  0 315028  72740   3852 117512    0    0    92   212 14124 13329 53 23 23  0  1  0 2026-09-30 15:47:38
 3  0 315028  72488   3852 117548    0    0     0     0 13133 13480 61 22 17  0  0  0 2026-09-30 15:47:39
19  0 315028  72484   3852 117548    0    0     0     0 13096 12701 63 21 16  0  0  0 2026-09-30 15:47:40
 3  0 315028  72484   3852 117560    0    0     0    16 14233 13628 58 23 19  0  0  0 2026-09-30 15:47:41
 0  0 315028  72484   3852 117560    0    0     0     0 13911 13240 61 24 15  0  0  0 2026-09-30 15:47:42
19  0 315028  72488   3860 117552    4    0     4    16 14248 13952 54 22 24  0  0  0 2026-09-30 15:47:43
 0  0 315028  72484   3860 117560    0    0     0     0 13665 13110 59 28 13  0  0  0 2026-09-30 15:47:44
 6  0 315028  72484   3860 117560    0    0     0     0 14043 13288 65 22 13  0  0  0 2026-09-30 15:47:45
15  0 315028  68388   3860 118312    4    0   772    52 13852 14200 52 23 24  0  0  0 2026-09-30 15:47:46
 8  0 315028  66940   3860 118508    8    0   164     0 13342 16030 70 23  8  0  0  0 2026-09-30 15:47:47
24  0 315028  67196   3860 118508    0    0     0     0 14381 14056 52 26 21  0  0  0 2026-09-30 15:47:48
 5  0 315028  72784   3860 118504    0    0     0     0 13662 13218 60 24 16  0  0  0 2026-09-30 15:47:49
18  0 315028  72784   3860 118512    0    0     0     0 12883 12949 60 25 14  0  0  0 2026-09-30 15:47:50
 9  0 315028  71892   3868 118512    0    0     0    36 14349 13697 53 21 25  0  0  0 2026-09-30 15:47:51
procs -----------memory---------- ---swap-- -----io---- -system-- -------cpu------- -----timestamp-----
 r  b   swpd   free   buff  cache   si   so    bi    bo   in   cs us sy id wa st gu                 UTC
 0  0 315028  71912   3868 118512    0    0     0     0 12701 12635 61 23 17  0  0  0 2026-09-30 15:47:52
14  0 315028  71932   3868 118500    0    0     0     0 13756 13817 54 24 22  0  0  0 2026-09-30 15:47:53
 7  0 315028  71952   3868 118500    0    0     0     0 13239 12938 61 24 15  0  0  0 2026-09-30 15:47:54
 0  0 315028  71952   3868 118508    0    0     0     0 13151 12169 63 26 11  0  0  0 2026-09-30 15:47:55
 0  0 315028  71948   3876 118488    0    0     0    28 13830 14407 51 23 26  0  0  0 2026-09-30 15:47:56
 1  0 315028  59780   3876 118748   16    0   268     0 13093 14593 70 22  8  0  0  0 2026-09-30 15:47:57
13  0 315284  77532   3876 118776    0  268     0   268 13985 13491 53 26 21  0  0  0 2026-09-30 15:47:58
 3  0 315284  76896   3876 118756    0    0     0     0 13240 13291 58 24 18  0  0  0 2026-09-30 15:47:59
25  0 315284  75704   3876 118756   60    0    60     0 11833 10134 52 21  7  0 20  0 2026-09-30 15:48:00
18  0 315284  75440   3884 118780    0    0     0    28 11133 10111 58 22  2  0 18  0 2026-09-30 15:48:01
22  0 315284  73972   3884 118916  196    0   284     0 9497 8447 41 24  2  0 32  0 2026-09-30 15:48:02
22  0 315284  73668   3884 119068   36    0   188     0 14588 12427 74 26  1  0  0  0 2026-09-30 15:48:03
 1  0 315284  73472   3884 119200    0    0   128     0 15952 13403 69 27  3  0  0  0 2026-09-30 15:48:04
 4  0 315284  73220   3884 119208    0    0     0     0 12833 12193 61 24 16  0  0  0 2026-09-30 15:48:05
 6  0 315284  73172   3884 119204    0    0     0     0 13167 13230 45 23 33  0  0  0 2026-09-30 15:48:06
15  0 316052  78784   3892 119372    4 2044   164  2072 14872 13310 70 24  6  0  0  0 2026-09-30 15:48:07
 6  0 316052  78280   3892 119376    0    0     0     0 14209 13842 56 23 22  0  0  0 2026-09-30 15:48:08
 0  0 316052  78280   3892 119372    0    0     0     0 13859 12659 64 26  9  0  1  0 2026-09-30 15:48:09
24  0 316052  78280   3892 119372    0    0     0     0 14098 13142 64 23 12  0  0  0 2026-09-30 15:48:10
 9  0 316052  78072   3892 119392    0    0     0     0 14389 14099 61 23 17  0  0  0 2026-09-30 15:48:11
 4  0 316052  78024   3900 119388    0    0     0    28 13023 12333 63 24 13  0  0  0 2026-09-30 15:48:12
procs -----------memory---------- ---swap-- -----io---- -system-- -------cpu------- -----timestamp-----
 r  b   swpd   free   buff  cache   si   so    bi    bo   in   cs us sy id wa st gu                 UTC
16  0 316052  77556   3900 119392    8    0     8     0 12966 14149 53 24 23  0  0  0 2026-09-30 15:48:13
 8  0 316052  77272   3900 119368    0    0     0     0 13714 13940 58 26 17  0  0  0 2026-09-30 15:48:14
20  0 316052  76772   3900 119368    4    0     4     0 13722 13090 66 23 11  0  0  0 2026-09-30 15:48:15
 9  0 316052  76568   3900 119392    4    0     4     0 14086 14122 54 24 21  0  0  0 2026-09-30 15:48:16
 0  0 316052  63440   3908 119388   28    0    28    28 13445 13506 68 26  5  0  0  0 2026-09-30 15:48:17
20  0 316052  62640   3908 119364    0    0     0     0 12793 12946 56 21 23  0  0  0 2026-09-30 15:48:18
 2  0 316052  70284   3908 119376    0    0     0     0 13548 15096 63 24 13  0  0  0 2026-09-30 15:48:19
 7  0 316052  70680   3908 119376    0    0     0     0 13170 12761 65 22 13  0  0  0 2026-09-30 15:48:20
12  0 316052  70744   3908 119368    0    0     0     0 13950 13648 50 21 29  0  0  0 2026-09-30 15:48:21
 0  0 316052  70896   3916 119388    0    0     0    32 13489 13636 69 22 10  0  0  0 2026-09-30 15:48:22
23  0 316052  70996   3916 119388    0    0     0     0 13613 13637 60 24 16  0  0  0 2026-09-30 15:48:23
 0  0 316052  71172   3916 119400    0    0     0     0 13246 13316 55 24 21  0  0  0 2026-09-30 15:48:24
 1  0 316052  71172   3916 119380   24    0    24     0 13083 12496 68 21 11  0  0  0 2026-09-30 15:48:25
10  0 316052  71172   3916 119380    0    0     0     0 13744 14209 52 23 25  0  0  0 2026-09-30 15:48:26
 0  0 316564  88036   3676 117840   36  788   252   816 13969 14164 67 28  5  0  0  0 2026-09-30 15:48:27
 1  0 316564  88212   3676 117848   12    0    32     0 13500 13806 50 21 28  0  0  0 2026-09-30 15:48:28
 5  0 316308  88008   3676 117848    0    0     0     0 13714 13735 63 25 13  0  0  0 2026-09-30 15:48:29
 1  0 316308  87708   3676 117876    0    0     0     0 14627 14461 53 22 25  0  1  0 2026-09-30 15:48:30
 4  0 316308  87704   3676 117848    0    0     0     0 14154 14181 66 26  8  0  0  0 2026-09-30 15:48:31
25  0 316308  87700   3684 117848    0    0     0    28 14106 13098 59 22 19  0  0  0 2026-09-30 15:48:32
 0  0 316308  87696   3684 117848   68    0    68     0 14397 14241 56 25 19  0  0  0 2026-09-30 15:48:33
procs -----------memory---------- ---swap-- -----io---- -system-- -------cpu------- -----timestamp-----
 r  b   swpd   free   buff  cache   si   so    bi    bo   in   cs us sy id wa st gu                 UTC
 1  0 316308  87696   3684 117844   12    0    12     0 12921 12220 63 22 15  0  0  0 2026-09-30 15:48:34
 0  0 316308  87696   3684 117848    0    0     0     0 13907 13752 50 23 27  0  0  0 2026-09-30 15:48:35
21  0 316308  84468   3684 117964   16    0   116     0 13513 13307 71 28  2  0  0  0 2026-09-30 15:48:36
 2  0 316308  68000   3692 117948    0    0     0    28 14334 15440 57 28 15  0  0  0 2026-09-30 15:48:37
 8  0 316308  67788   3692 118176   68    0   292     0 13422 12907 68 21 11  0  0  0 2026-09-30 15:48:38
 3  0 316308  66732   3708 118216    0    0     0   208 13876 13615 53 22 26  0  0  0 2026-09-30 15:48:39
 9  0 316308  66732   3708 118212    4    0     4     0 13520 13324 60 27 12  0  0  0 2026-09-30 15:48:40
24  0 316308  66648   3708 118196    0    0     0     0 13221 13092 58 21 21  0  0  0 2026-09-30 15:48:41
 0  0 316308  66404   3708 118204    0    0     0    16 13917 13750 54 28 17  0  0  0 2026-09-30 15:48:42
23  0 316308  65180   3708 118204   44    0    44     0 13624 12134 63 24 13  0  0  0 2026-09-30 15:48:43
14  0 316308  64940   3716 118204    0    0     0    20 14892 14406 53 25 22  0  0  0 2026-09-30 15:48:44
 5  0 316308  64892   3716 118208    0    0     0     0 14006 13236 65 23 11  0  0  0 2026-09-30 15:48:45
17  0 316308  64892   3716 118204    4    0     4     0 13617 12750 57 21 22  0  0  0 2026-09-30 15:48:46
 1  0 316308  73524   3716 118628   48    0   484    16 14274 14542 62 25 13  0  0  0 2026-09-30 15:48:47
22  0 316308  73492   3716 118656   48    0    48     0 13279 13240 65 24 11  0  0  0 2026-09-30 15:48:48
12  0 316308  80852   3716 118656    0    0     0     0 13781 14195 51 25 24  0  0  0 2026-09-30 15:48:49
 8  0 316308  80600   3716 118648    0    0     0     0 12944 13969 59 24 17  0  0  0 2026-09-30 15:48:50
24  0 316308  80352   3716 118660    0    0     0     0 13111 12458 60 23 18  0  0  0 2026-09-30 15:48:51
12  0 316308  80056   3716 118656    0    0     0     0 14195 13899 55 27 19  0  0  0 2026-09-30 15:48:52
 5  0 316308  79804   3724 118648    0    0     0    60 14109 13625 60 27 13  0  0  0 2026-09-30 15:48:53
 9  0 316308  79924   3724 118648    0    0     0     0 14009 14387 53 23 24  0  0  0 2026-09-30 15:48:54
procs -----------memory---------- ---swap-- -----io---- -system-- -------cpu------- -----timestamp-----
 r  b   swpd   free   buff  cache   si   so    bi    bo   in   cs us sy id wa st gu                 UTC
 3  0 316308  79932   3724 118648    0    0     0     0 14294 13200 62 23 15  0  0  0 2026-09-30 15:48:55
 9  0 316308  79932   3724 118628    0    0     0     0 12647 12287 63 22 15  0  0  0 2026-09-30 15:48:56
11  0 316308  70832   3724 118648    0    0     0     0 14399 14750 53 27 20  0  0  0 2026-09-30 15:48:57
 0  0 316308  70056   3732 118644    8    0     8    28 13296 12658 62 28 10  0  0  0 2026-09-30 15:48:58
 3  1 316308  70048   3732 118632   24    0    24     0 14066 13326 48 26 26  0  0  0 2026-09-30 15:48:59
17  0 316308  70044   3732 118644    4    0     4     0 12469 11605 64 23  3  0 11  0 2026-09-30 15:49:00
24  0 316052  70040   3732 118720   60    0   136     0 12925 13144 66 24  7  0  3  0 2026-09-30 15:49:01
 0  0 316052  70040   3732 118728    0    0     0     0 13517 15126 55 26 18  0  1  0 2026-09-30 15:49:02
 2  0 316052  70036   3740 118724    4    0     4    32 12959 13683 66 23 12  0  0  0 2026-09-30 15:49:03
11  0 316052  70036   3740 118720    0    0     0     0 13378 13201 56 22 22  0  0  0 2026-09-30 15:49:04
 1  0 316052  70900   3740 118712    4    0     4     0 13981 13239 64 21 14  0  0  0 2026-09-30 15:49:05
14  0 313236  68380   3740 118740 3180    0  3184     0 14239 13621 67 27  5  1  0  0 2026-09-30 15:49:06
19  0 313236  77500   3336 118056    0    8     0     8 13634 13801 54 26 20  0  0  0 2026-09-30 15:49:07
 9  0 313236  72948   3344 118136   76    0    88    28 13509 13384 71 25  5  0  0  0 2026-09-30 15:49:08
22  0 313236  72696   3344 118440    0    0   304     0 13437 13141 53 26 21  0  0  0 2026-09-30 15:49:09
 4  0 313236  71988   3344 118440    8    0     8     0 13280 13162 55 25 20  0  0  0 2026-09-30 15:49:10
13  0 313236  71432   3344 118464    0    0     0     0 14354 13357 66 25  9  0  0  0 2026-09-30 15:49:11
 7  0 313236  70676   3344 118464    0    0     0     0 13465 14161 52 25 22  0  0  0 2026-09-30 15:49:12
 0  0 313236  70676   3344 118448   76    0    76    16 12471 12545 66 23 11  0  0  0 2026-09-30 15:49:13
 2  0 313236  70676   3352 118444    0    0     0    12 13709 13728 50 24 25  0  0  0 2026-09-30 15:49:14
24  0 313236  70796   3352 118452   12    0    12     0 13322 14151 62 24 14  0  0  0 2026-09-30 15:49:15
procs -----------memory---------- ---swap-- -----io---- -system-- -------cpu------- -----timestamp-----
 r  b   swpd   free   buff  cache   si   so    bi    bo   in   cs us sy id wa st gu                 UTC
 0  0 313236  70804   3352 118468    0    0     0     0 14347 14384 54 24 22  0  0  0 2026-09-30 15:49:16
 1  0 313236  70072   3352 118448    0    0     0     0 11959 12399 60 23 17  0  0  0 2026-09-30 15:49:17
19  0 313236  55120   3352 118448   40    0    40    16 14035 14499 61 25 13  0  0  0 2026-09-30 15:49:18
 4  0 313236  54972   3352 118432   20    0    20     0 14246 12987 58 22 20  0  0  0 2026-09-30 15:49:19
21  0 313236  54548   3352 118456    0    0     0     0 13096 16148 61 26 13  0  0  0 2026-09-30 15:49:20
 2  0 313236  77796   3352 118456    0    0     0     0 13994 15480 48 30 22  0  0  0 2026-09-30 15:49:21
 6  0 313236  78000   3352 118432    0    0     0     0 13606 13220 64 24 13  0  0  0 2026-09-30 15:49:22
 9  0 313236  77916   3360 118436   20    0    20    28 13791 14596 55 25 20  0  0  0 2026-09-30 15:49:23
 1  0 313236  77620   3360 118452    8    0     8     0 13568 16374 57 24 19  0  0  0 2026-09-30 15:49:24
21  0 313236  77640   3360 118452    0    0     0     0 12621 13656 59 24 17  0  0  0 2026-09-30 15:49:25
 0  0 313236  77604   3360 118428   16    0    16     0 13819 14397 52 29 20  0  0  0 2026-09-30 15:49:26
 2  0 313236  77368   3360 118428    8    0     8     0 12569 12772 64 24 12  0  0  0 2026-09-30 15:49:27
14  0 313236  76188   3368 118560   28    0   152    32 13480 14060 59 25 16  0  0  0 2026-09-30 15:49:28
 0  0 313236  75736   3368 118580    0    0     0     0 13180 16646 54 24 22  0  0  0 2026-09-30 15:49:29
11  0 313236  75688   3368 118580    0    0     0     0 13386 12262 65 25 10  0  0  0 2026-09-30 15:49:30
10  0 313236  75432   3376 118832   44    0   316    28 13718 13949 48 27 26  0  0  0 2026-09-30 15:49:31
 8  0 313236  75216   3376 118828    0    0     0     0 14162 12990 63 25 12  0  0  0 2026-09-30 15:49:32
20  0 313236  74980   3376 118824   56    0    56     0 13626 17973 58 24 18  1  0  0 2026-09-30 15:49:33
 0  0 313236  74932   3376 118812    0    0     0    16 14164 14628 53 26 22  0  0  0 2026-09-30 15:49:34
 8  0 313236  74932   3376 118820    0    0     0     0 13249 12604 64 24 11  0  0  0 2026-09-30 15:49:35
22  0 313236  74932   3376 118844    0    0    28     0 13570 13548 54 24 21  0  0  0 2026-09-30 15:49:36
procs -----------memory---------- ---swap-- -----io---- -system-- -------cpu------- -----timestamp-----
 r  b   swpd   free   buff  cache   si   so    bi    bo   in   cs us sy id wa st gu                 UTC
 6  0 313236  74680   3376 118836    0    0     0     0 13318 14779 63 26 11  0  0  0 2026-09-30 15:49:37
24  0 313236  78220   3376 118904   28    0   136     0 13231 13806 66 26  9  0  0  0 2026-09-30 15:49:38
22  0 313236  77468   3384 118940    0    0     0    28 13651 14117 54 21 26  0  0  0 2026-09-30 15:49:39
 7  0 313236  76916   3400 118964    0    0     0   208 13033 13275 68 22 10  0  0  0 2026-09-30 15:49:40
22  0 313236  77036   3400 118944    0    0     0     0 13501 13421 52 24 24  0  0  0 2026-09-30 15:49:41
 3  0 313236  77036   3400 118944    0    0     0     0 14180 14596 69 22  9  0  0  0 2026-09-30 15:49:42
24  0 313236  77036   3400 118956   44    0    44     0 13274 12435 66 23 11  0  1  0 2026-09-30 15:49:43
 0  0 313236  77040   3400 118980    0    0     0    16 13677 13394 53 21 26  0  0  0 2026-09-30 15:49:44
19  0 313236  77040   3416 118968    0    0     8    36 13424 12622 67 22 11  0  0  0 2026-09-30 15:49:45
11  0 313236  76788   3416 118956    8    0     8     0 14419 14865 55 24 20  0  0  0 2026-09-30 15:49:46
 6  0 313236  76784   3416 118956    4    0     4     0 13215 14695 63 23 14  0  0  0 2026-09-30 15:49:47
14  0 313236  63832   3416 119144   16    0   180     0 13008 14250 61 25 15  0  0  0 2026-09-30 15:49:48
 7  0 313236  63828   3416 119132   12    0    12    16 13217 13334 56 25 19  0  0  0 2026-09-30 15:49:49
13  0 313236  63828   3424 119124    0    0     0    20 13669 13909 48 27 24  0  0  0 2026-09-30 15:49:50
 6  0 313236  63824   3424 119132    0    0     0     0 14044 14396 68 22 10  0  0  0 2026-09-30 15:49:51
22  0 313236  63824   3424 119120    0    0     0     0 13968 12574 57 26 17  0  0  0 2026-09-30 15:49:52
 2  0 313236  63572   3424 119120    0    0     0     0 14155 13709 59 24 18  0  0  0 2026-09-30 15:49:53
 4  0 313236  63232   3424 119128    0    0     0    16 13501 12633 64 24 12  0  1  0 2026-09-30 15:49:54
15  0 313236  62520   3424 119132    0    0     0     0 13982 13870 58 24 19  0  0  0 2026-09-30 15:49:55
 4  0 312980  62440   3424 119140    0    0     0     0 14018 14880 60 26 14  0  0  0 2026-09-30 15:49:56
22  0 312980  62136   3424 119136    0    0     0     0 13284 12806 64 25 12  0  0  0 2026-09-30 15:49:57
procs -----------memory---------- ---swap-- -----io---- -system-- -------cpu------- -----timestamp-----
 r  b   swpd   free   buff  cache   si   so    bi    bo   in   cs us sy id wa st gu                 UTC
 0  0 313236  83440   3368 118468    0  204     8   204 14119 14643 54 26 21  0  0  0 2026-09-30 15:49:58
 3  0 313236  83556   3376 118492   20    0    20    76 13163 13152 62 25 12  0  0  0 2026-09-30 15:49:59
26  0 313236  83752   3376 118496    0    0     0     0 12046 10561 55 25  5  0 15  0 2026-09-30 15:50:00
41  0 313236  83764   3376 118476    0    0     0     0 7694 9999 43 18  1  0 39  0 2026-09-30 15:50:01
21  0 313236  82768   3376 118476    0    0     0     0 7300 6445 36 17  3  0 44  0 2026-09-30 15:50:02
19  0 313236  81540   3376 118484   12    0    12     0 15056 12221 70 26  5  0  0  0 2026-09-30 15:50:03
15  0 313236  81508   3384 118488    4    0     4    28 14024 11486 73 25  2  0  0  0 2026-09-30 15:50:04
 5  0 313236  81256   3384 118492    4    0     4     0 15760 13701 62 35  3  0  0  0 2026-09-30 15:50:05
 0  0 313236  81092   3384 118480    0    0     0     0 12737 12111 57 20 23  0  0  0 2026-09-30 15:50:06
 6  0 313236  81092   3384 118488    0    0     0     0 12735 12760 46 24 30  0  0  0 2026-09-30 15:50:07
 9  0 313236  80588   3384 118532    0    0    76     0 13895 13432 62 24 14  0  0  0 2026-09-30 15:50:08
10  0 313236  68488   3392 118524    0    0     0    28 13427 12617 56 27 16  1  0  0 2026-09-30 15:50:09
 8  0 313236  68612   3392 118532   12    0    12     0 14193 13735 57 28 16  0  0  0 2026-09-30 15:50:10
21  0 313236  68360   3392 118528    0    0     0     0 13425 12377 69 25  6  0  0  0 2026-09-30 15:50:11
24  0 313236  68364   3392 118528    0    0     0     0 13858 13279 50 26 24  0  1  0 2026-09-30 15:50:12
 6  0 313236  68428   3392 118532    4    0     4     0 13269 12720 55 25 21  0  0  0 2026-09-30 15:50:13
14  0 313236  68552   3400 118520    0    0     0    32 12785 12401 62 22 15  0  0  0 2026-09-30 15:50:14
 2  0 313236  68552   3400 118528    0    0     0     0 14699 13452 52 23 25  0  1  0 2026-09-30 15:50:15
 6  0 313236  68552   3400 118536   16    0    16     0 13272 13311 64 26 11  0  0  0 2026-09-30 15:50:16
11  0 313236  68548   3400 118532    4    0     4     0 12873 14110 57 24 20  0  0  0 2026-09-30 15:50:17
 6  0 313236  79456   3400 118736    4    0   204     0 14036 14784 61 23 17  0  0  0 2026-09-30 15:50:18
procs -----------memory---------- ---swap-- -----io---- -system-- -------cpu------- -----timestamp-----
 r  b   swpd   free   buff  cache   si   so    bi    bo   in   cs us sy id wa st gu                 UTC
11  0 313236  79468   3400 118708    0    0    24     0 12815 12474 66 23 11  0  0  0 2026-09-30 15:50:19
 5  0 313236  79472   3408 118712    0    0     0    28 13531 13867 48 23 30  0  0  0 2026-09-30 15:50:20
 3  0 313236  79476   3408 118716   12    0    12     0 13997 13308 66 25  9  0  0  0 2026-09-30 15:50:21
12  0 313236  79476   3408 118712    0    0     0     0 12999 13485 54 25 22  0  0  0 2026-09-30 15:50:22
 8  0 313236  79472   3408 118712    0    0     0     0 13810 13629 59 23 18  0  0  0 2026-09-30 15:50:23
10  0 313236  79472   3408 118696    0    0     0     0 12896 12826 62 23 15  0  0  0 2026-09-30 15:50:24
21  0 313236  79472   3416 118720    0    0     0    28 13531 13364 51 23 26  0  1  0 2026-09-30 15:50:25
12  0 313236  79468   3416 118720   12    0    12     0 12593 13630 67 24  9  0  0  0 2026-09-30 15:50:26
18  0 313236  79468   3416 118700    0    0     0     0 12785 12225 64 22 14  0  0  0 2026-09-30 15:50:27
13  0 313236  75132   3416 118904    0    0   252     0 13451 15562 51 24 25  0  0  0 2026-09-30 15:50:28
 2  0 313236  85240   3416 118956   28    0    28     0 12782 13452 68 25  7  0  0  0 2026-09-30 15:50:29
 8  0 313236  85244   3424 118940    0    0     0    32 12891 13162 54 24 20  1  2  0 2026-09-30 15:50:30
 1  0 313236  84984   3424 118940    0    0     0     0 13238 13563 57 25 19  0  0  0 2026-09-30 15:50:31
 0  0 312980 117448   3428 116428 1008    0  2176     0 13305 9635 44 26 30  0  1  0 2026-09-30 15:50:32
 0  0 308184 122136   4004 117412  988    0  3124   100 1043 1638  2  5 89  5  0  0 2026-09-30 15:50:33
 0  0 308184 117864   4004 117412    0    0     0     0  766 1117  2  2 96  0  0  0 2026-09-30 15:50:34
 0  0 308184 114332   4004 117448   32    0    68    16  755 1030  2  3 96  1  0  0 2026-09-30 15:50:35
 0  0 308184 113324   4004 119584   20    0  2156     0  785 1125  2  3 94  1  0  0 2026-09-30 15:50:36
 0  0 308184 113324   4004 119584    0    0     0     0  725  999  2  2 96  0  0  0 2026-09-30 15:50:37
 0  0 308184 111816   4012 119584    4    0     4   508  815 1138  2  3 95  1  0  0 2026-09-30 15:50:38
 0  0 308184 102008   4012 119584    4    0     4     0 1204 2250  4  4 93  0  0  0 2026-09-30 15:50:39
procs -----------memory---------- ---swap-- -----io---- -system-- -------cpu------- -----timestamp-----
 r  b   swpd   free   buff  cache   si   so    bi    bo   in   cs us sy id wa st gu                 UTC
 0  0 308184 101004   4012 119584    0    0     0     8  720  995  1  2 97  0  0  0 2026-09-30 15:50:40
 0  0 308184 101004   4144 119588    4    0   120    88  830 1141  1  3 96  0  0  0 2026-09-30 15:50:41
 0  0 308184 101004   4144 119588    0    0     0     0  724  991  1  4 96  0  0  0 2026-09-30 15:50:42
 0  0 308184 100504   4144 119588    0    0     0     0  708  984  1  3 97  0  0  0 2026-09-30 15:50:43
 0  0 308184  98996   4144 119588    0    0     0     0  832 1128  2  2 96  0  0  0 2026-09-30 15:50:44
 0  0 308184  98996   4144 119588    0    0     0     4  758 1036  0  3 97  0  0  0 2026-09-30 15:50:45
 0  0 308184  98288   4152 119588    4    0     4    20  783 1021  1  3 95  0  0  0 2026-09-30 15:50:46
 0  0 308184  95976   4152 119588   12    0    12     0  734 1029  2  2 96  1  0  0 2026-09-30 15:50:47
 0  0 308184  94720   4152 119588    0    0     0     0  688  970  1  3 96  0  0  0 2026-09-30 15:50:48
 0  0 308184  92832   4152 119588    0    0     0     0 1113 2189  4  4 93  0  0  0 2026-09-30 15:50:49
 0  0 308184  96320   4152 119588    0    0     0     4  733 1014  1  2 97  0  0  0 2026-09-30 15:50:50
 0  0 308184  97088   4152 119588    0    0     0     0  724  990  1  3 96  0  0  0 2026-09-30 15:50:51
 1  0 308184  96636   4152 119588    0    0     0     0  717  982  2  2 96  0  0  0 2026-09-30 15:50:52
 0  0 308184  96636   4152 119588    0    0     0     0  730  992  1  3 96  0  0  0 2026-09-30 15:50:53
 0  0 308184  96636   4152 119588    0    0     0     0  749 1028  1  4 96  0  0  0 2026-09-30 15:50:54
 0  0 308184  96636   4160 119588    0    0     0    16  726 1021  2  3 96  0  0  0 2026-09-30 15:50:55
 0  0 308184  96888   4160 119588    0    0     0     0  731 1018  1  3 96  0  0  0 2026-09-30 15:50:56
 0  0 308184  96888   4160 119588    0    0     0     0  712  970  1  3 96  0  0  0 2026-09-30 15:50:57
 0  0 308184  96888   4160 119592    0    0     0     0  696  968  2  3 96  0  0  0 2026-09-30 15:50:58
 0  0 308184  96312   4160 119592    0    0     0     0 1126 2159  3  4 93  0  0  0 2026-09-30 15:50:59
 0  0 308184  93844   4160 119592    0    0     0     0  701  966  1  3 87  0  9  0 2026-09-30 15:51:00
procs -----------memory---------- ---swap-- -----io---- -system-- -------cpu------- -----timestamp-----
 r  b   swpd   free   buff  cache   si   so    bi    bo   in   cs us sy id wa st gu                 UTC
 1  0 308184  92312   4160 119592    0    0     0     4  724  987  0  2 90  0  7  0 2026-09-30 15:51:01
 0  0 308184  88760   4160 119592    0    0     0     0  712  972  2  1 93  0  3  0 2026-09-30 15:51:02
 0  0 308184  88008   4160 119592    0    0     0    88  723  976  1  4 96  0  0  0 2026-09-30 15:51:03
 0  0 308184  88008   4160 119592    0    0     0     0  739 1054  1  3 96  0  0  0 2026-09-30 15:51:04
 0  0 308184  88008   4160 119592    0    0     0     0  732 1009  2  2 96  0  0  0 2026-09-30 15:51:05
 0  0 308184  88008   4168 119592    0    0     0    16  715  987  1  3 96  0  0  0 2026-09-30 15:51:06
 0  0 308184  88008   4168 119592    4    0     4     0  744 1013  1  3 95  0  0  0 2026-09-30 15:51:07
 0  0 308184  88008   4168 119592    0    0     0     4  693  978  1  3 96  0  0  0 2026-09-30 15:51:08
 0  0 308184  86656   4168 119592    0    0     0     0 1160 2172  3  3 94  0  0  0 2026-09-30 15:51:09
 0  0 307928  84948   6068 121772    0    0  4060    72 1098 1536  4  6 86  3  0  0 2026-09-30 15:51:10
 1  0 307928  84220   6108 122272   28    0   200     4  866 1224  2  3 95  1  0  0 2026-09-30 15:51:11
 0  0 307928  83972   6108 122272    0    0     0     0  827 1063  2  3 96  0  0  0 2026-09-30 15:51:12
 0  0 307928  83972   6108 122272    4    0     4     0  804 1065  1  4 96  0  0  0 2026-09-30 15:51:13
 0  0 307928  83972   6108 122272    0    0     0     0  810 1146  2  3 95  0  0  0 2026-09-30 15:51:14
 0  0 307928  80496   6108 122272    0    0     0    16  721  987  1  3 96  0  0  0 2026-09-30 15:51:15
 0  0 307928  75916   6116 122272    0    0     0    56  769 1045  2  3 95  0  0  0 2026-09-30 15:51:16
 0  0 307928  74972   6116 122272    0    0     0     0  819 1198  2  4 95  0  0  0 2026-09-30 15:51:17
 0  0 307928  75144   6116 122272    0    0     0     0  737  977  1  3 96  0  0  0 2026-09-30 15:51:18
 0  0 307928  72420   6116 122272    0    0     0     0 1196 2347  3  3 94  0  0  0 2026-09-30 15:51:19
 0  0 307928  72420   6116 122272    0    0     0     0  725 1030  2  2 96  0  0  0 2026-09-30 15:51:20
 0  0 307928  72672   6116 122272    0    0     0    48  711  957  1  4 96  0  0  0 2026-09-30 15:51:21
procs -----------memory---------- ---swap-- -----io---- -system-- -------cpu------- -----timestamp-----
 r  b   swpd   free   buff  cache   si   so    bi    bo   in   cs us sy id wa st gu                 UTC
 0  0 307928  72924   6116 122272    0    0     0     0  732 1040  1  3 96  0  0  0 2026-09-30 15:51:22
 0  0 307928  74492   6116 122272    0    0     0     0  732 1008  1  2 97  0  0  0 2026-09-30 15:51:23
 0  0 307928  76236   6116 122272    0    0     0     0  750 1076  1  3 96  0  0  0 2026-09-30 15:51:24
 0  0 307928  77300   6116 122272    0    0     0     0  725 1011  2  2 96  0  0  0 2026-09-30 15:51:25
 0  0 307928  76812   6124 122264    0    0     0    24  749 1056  2  3 96  0  0  0 2026-09-30 15:51:26
 0  0 307928  76524   6124 122272    0    0     0     0  724 1020  1  3 96  0  0  0 2026-09-30 15:51:27
 0  0 307928  76276   6124 122272    0    0     0     0  725 1002  2  2 96  0  1  0 2026-09-30 15:51:28
 0  0 307928  84228   6124 122320    0    0    64     0 1275 2365  3  4 93  0  0  0 2026-09-30 15:51:29
 0  0 307928  84228   6124 122320    0    0     0     0  713 1029  1  2 97  0  0  0 2026-09-30 15:51:30
 0  0 307928  84228   6124 122320    0    0     0     8  726 1020  2  3 96  0  0  0 2026-09-30 15:51:31
 0  0 307928 134340   6124 121928   20    0    20     0 1252 2134  2  4 94  0  0  0 2026-09-30 15:51:32
 0  0 307928 130768   6124 121932    0    0     0     0  707  951  2  2 96  0  0  0 2026-09-30 15:51:33
 0  0 307928 130564   6124 121932    0    0     0     0  735 1072  2  3 96  0  0  0 2026-09-30 15:51:34
 1  0 307928 129256   6124 121972    0    0    40     0  746 1033  2  3 95  1  0  0 2026-09-30 15:51:35
 0  0 307928 128248   6132 121996    8    0    32    20  784 1076  2  3 95  0  0  0 2026-09-30 15:51:36
 0  0 307928 128248   6132 121996    0    0     0     0  710  992  1  3 96  0  0  0 2026-09-30 15:51:37
 0  0 307928 128248   6132 122176    0    0   180     0  810 1119  2  2 96  0  0  0 2026-09-30 15:51:38
 0  0 307928 125508   6132 122248    4    0    76     0 1159 2116  3  3 94  0  0  0 2026-09-30 15:51:39
 0  0 307928 125508   6132 122248    0    0     0     0  695 1020  2  2 96  0  0  0 2026-09-30 15:51:40
 0  0 307928 124756   6132 122248    0    0     0   280  830 1243  2  2 95  0  0  0 2026-09-30 15:51:41
 0  0 307928 124756   6132 122248    0    0     0     0  698  968  1  2 97  0  0  0 2026-09-30 15:51:42
procs -----------memory---------- ---swap-- -----io---- -system-- -------cpu------- -----timestamp-----
 r  b   swpd   free   buff  cache   si   so    bi    bo   in   cs us sy id wa st gu                 UTC
 0  0 307928 124756   6132 122248    0    0     0     0  714  969  1  3 96  0  0  0 2026-09-30 15:51:43
 0  0 307928 124756   6132 122248    0    0     0     0  784 1064  1  3 96  0  0  0 2026-09-30 15:51:44
 0  0 307928 122524   6140 122248    0    0     0    20  725 1010  2  2 96  0  0  0 2026-09-30 15:51:45
 0  0 307928 118712   6140 122248    0    0     0     0  731 1076  2  2 96  0  0  0 2026-09-30 15:51:46
 1  0 307928 118712   6140 122248    0    0     0     4  734 1108  1  3 97  0  0  0 2026-09-30 15:51:47
 0  0 307928 118712   6140 122248    0    0     0     0  727 1013  1  3 96  0  0  0 2026-09-30 15:51:48
 0  0 307928 110892   6140 122320   16    0    88     0 1215 2316  3  4 93  0  0  0 2026-09-30 15:51:49
 0  0 307928 110640   6140 122320    0    0     0     8  732 1003  1  3 96  0  0  0 2026-09-30 15:51:50
 0  0 307928 109384   6140 122320    0    0     0     0  680  951  1  3 96  0  0  0 2026-09-30 15:51:51
 0  0 307928 108628   6148 122320    0    0     0    16  722 1005  2  3 96  0  0  0 2026-09-30 15:51:52
 0  0 307928 108628   6148 122320    0    0     0     0  704  982  2  3 96  0  0  0 2026-09-30 15:51:53
 0  0 307928 108628   6148 122320    0    0     0     0  765 1045  1  3 97  0  0  0 2026-09-30 15:51:54
 0  0 307928 106864   6148 122320    0    0     0     0  702  999  1  4 96  0  0  0 2026-09-30 15:51:55
 1  0 307928 105560   6148 122320    0    0     0     0  754 1025  2  2 96  0  1  0 2026-09-30 15:51:56
 0  0 307928 105112   6148 122320    0    0     0     8  767 1051  1  3 96  0  0  0 2026-09-30 15:51:57
 0  0 307928 105368   6148 122320    0    0     0     0  727 1033  2  2 96  0  0  0 2026-09-30 15:51:58
 0  0 307928 107888   6148 122320    0    0     0     0 1226 2341  3  3 94  0  1  0 2026-09-30 15:51:59
 0  0 307928 105672   6148 122320    0    0     0     0  709  980  1  2 91  0  5  0 2026-09-30 15:52:00
 1  0 307928 103860   6148 122320    0    0     0     0  653  902  1  3 86  0  9  0 2026-09-30 15:52:01
 0  0 307928 103608   6156 122320    0    0     0    16  759 1014  1  3 93  0  2  0 2026-09-30 15:52:02
 0  0 307928 103608   6156 122320    0    0     0     0  705  999  2  3 96  0  0  0 2026-09-30 15:52:03
procs -----------memory---------- ---swap-- -----io---- -system-- -------cpu------- -----timestamp-----
 r  b   swpd   free   buff  cache   si   so    bi    bo   in   cs us sy id wa st gu                 UTC
 0  0 307928 103608   6156 122320    0    0     0     0  838 1198  2  3 96  0  0  0 2026-09-30 15:52:04
 0  0 307928 103608   6156 122320    0    0     0     0  730 1019  2  3 96  0  0  0 2026-09-30 15:52:05
 1  0 307928 101072   6156 122320    0    0     0     0  724 1012  1  3 96  0  0  0 2026-09-30 15:52:06
 0  0 307928 101116   6164 122312    0    0     0    16  753 1038  2  3 96  0  0  0 2026-09-30 15:52:07
 4  0 307928 100440   6164 122320    0    0     0     0  666  966  1  3 96  0  0  0 2026-09-30 15:52:08
 1  0 307928 101748   6164 122324    4    0     4     0 1184 2277  4  4 93  0  0  0 2026-09-30 15:52:09
 0  0 307928 101000   6164 122324    0    0     0     0  757 1061  1  3 96  0  0  0 2026-09-30 15:52:10
 0  0 307928  98988   6164 122324    0    0     0     0  712 1033  2  3 96  0  0  0 2026-09-30 15:52:11
 0  0 307928  97224   6164 122324    0    0     0     8  767 1042  2  2 96  0  1  0 2026-09-30 15:52:12
 0  0 307928  97224   6164 122324    0    0     0     0  737 1020  1  3 96  0  0  0 2026-09-30 15:52:13
 0  0 307928  97224   6164 122324    0    0     0     0  741 1060  1  3 96  0  0  0 2026-09-30 15:52:14
 0  0 307928  97224   6164 122324    0    0     0     0  707  982  2  3 96  0  0  0 2026-09-30 15:52:15
 0  0 307928  97224   6164 122324    0    0     0     0  730 1038  1  3 96  0  0  0 2026-09-30 15:52:16
 0  0 307928  97480   6172 122324    0    0     0    16  755 1048  1  3 95  1  1  0 2026-09-30 15:52:17
 0  0 307928  97460   6172 122324    0    0     0     0  721 1029  2  3 96  0  0  0 2026-09-30 15:52:18
 0  0 307928 107404   6172 122396    8    0    80     0 1229 2307  3  3 94  0  0  0 2026-09-30 15:52:19
 0  0 307928 105140   6172 122396    0    0     0     0  815 1188  3  3 95  0  0  0 2026-09-30 15:52:20
 0  0 307928 105140   6172 122396    0    0     0     0  726  984  1  2 97  0  0  0 2026-09-30 15:52:21
 0  0 307928 105140   6172 122396    0    0     0     8  739 1049  1  4 96  0  0  0 2026-09-30 15:52:22
 0  0 307928 103380   6172 122396    0    0     0     0  714  986  2  2 96  0  0  0 2026-09-30 15:52:23
 0  0 307928 103380   6172 122396    0    0     0     0  759 1069  1  3 96  0  0  0 2026-09-30 15:52:24
procs -----------memory---------- ---swap-- -----io---- -system-- -------cpu------- -----timestamp-----
 r  b   swpd   free   buff  cache   si   so    bi    bo   in   cs us sy id wa st gu                 UTC
 0  0 307928 103380   6172 122396    0    0     0     0  709  996  1  3 96  0  0  0 2026-09-30 15:52:25
 0  0 307928 103128   6172 122396    0    0     0     0  731 1008  1  4 96  0  0  0 2026-09-30 15:52:26
 0  0 307928 102876   6172 122396    0    0     0     0  711  991  2  2 96  0  0  0 2026-09-30 15:52:27
 0  0 307928 100912   6180 122396    0    0     0    24  711 1002  2  3 96  0  0  0 2026-09-30 15:52:28
 0  0 307928 100388   6180 122396    0    0     0     0 1193 2304  3  4 93  0  0  0 2026-09-30 15:52:29
 0  0 307928 100460   6180 122396    0    0     0     0  721 1036  2  2 95  0  2  0 2026-09-30 15:52:30
 0  0 307928 102664   6180 122396    0    0     0     0  710 1033  1  3 96  0  0  0 2026-09-30 15:52:31
 0  0 307928 102932   6180 122396    0    0     0     0  714  976  1  3 96  0  0  0 2026-09-30 15:52:32
 0  0 307928 102936   6180 122396    0    0     0     8  713  983  1  2 97  0  0  0 2026-09-30 15:52:33
 0  0 307928 105232   6180 122396    0    0     0     0  776 1083  1  3 96  0  0  0 2026-09-30 15:52:34
 0  0 307928 106760   6180 122396    0    0     0     0  712  984  2  2 96  0  0  0 2026-09-30 15:52:35
 0  0 307928 106512   6180 122396   16    0    16     0  775 1070  3  3 94  0  0  0 2026-09-30 15:52:36
 0  0 307928 106016   6180 122396    0    0     0     0  738 1034  1  3 96  0  0  0 2026-09-30 15:52:37
 0  0 307928 104808   6188 122396    0    0     0    16  776 1091  2  2 97  0  0  0 2026-09-30 15:52:38
 0  0 307672  99432   6192 125624 6580    0  9812     0 2721 4652  7  5 57 31  0  0 2026-09-30 15:52:39
 0  0 307672  99432   6192 125624    0    0     0     0  701  953  2  2 96  0  0  0 2026-09-30 15:52:40
 0  0 307672  99432   6192 125624    0    0     0     0  821 1133  2  2 96  0  0  0 2026-09-30 15:52:41
 0  0 307672  99432   6192 125624    0    0     0     0  715  936  1  4 96  0  0  0 2026-09-30 15:52:42
 0  0 307672  99432   6192 125624    0    0     0    16  801 1041  2  3 96  0  0  0 2026-09-30 15:52:43
 2  0 307672  99432   6200 125624    0    0     0    12  760 1076  1  3 97  0  0  0 2026-09-30 15:52:44
 0  0 307672 100444   6200 125624    0    0     0     0  737 1083  2  3 95  0  1  0 2026-09-30 15:52:45
procs -----------memory---------- ---swap-- -----io---- -system-- -------cpu------- -----timestamp-----
 r  b   swpd   free   buff  cache   si   so    bi    bo   in   cs us sy id wa st gu                 UTC
 0  0 307672 100708   6200 125628    0    0     0     0  714  999  1  4 96  0  0  0 2026-09-30 15:52:46
 0  0 307672 100464   6200 125628    0    0     0     0  775 1038  2  2 96  0  0  0 2026-09-30 15:52:47
 0  0 307672 100464   6200 125628    0    0     0     8  732 1016  1  3 96  0  0  0 2026-09-30 15:52:48
 0  0 307672 100168   6200 125628    4    0     4     0 1254 2288  4  3 93  0  0  0 2026-09-30 15:52:49
 0  0 307672  99868   6200 125628    0    0     0     0  726 1010  1  3 96  0  0  0 2026-09-30 15:52:50
 0  0 307672  98868   6200 125628    0    0     0     0  724 1007  1  3 96  0  0  0 2026-09-30 15:52:51
 0  0 307672  98860   6200 125628    0    0     0     0  741 1048  1  3 96  0  0  0 2026-09-30 15:52:52
 0  0 307672  98860   6208 125628    0    0     0    20  732 1005  2  2 96  0  0  0 2026-09-30 15:52:53
 0  0 307672  98640   6208 125628  172    0   172     0  877 1170  3  3 93  1  0  0 2026-09-30 15:52:54
 0  0 307672 100132   6208 125628    0    0     0     0  720  994  1  3 95  0  0  0 2026-09-30 15:52:55
 0  0 307672  99656   6208 125628    0    0     0     0  727  970  1  2 97  0  0  0 2026-09-30 15:52:56
 0  0 307672  99656   6208 125628    0    0     0     0  756 1031  2  3 96  0  0  0 2026-09-30 15:52:57
 0  0 307672  99656   6208 125628    0    0     0    20  723  985  2  3 96  0  0  0 2026-09-30 15:52:58
 0  0 307672 101928   6216 125792    0    0   160    12 1130 2187  3  3 93  1  1  0 2026-09-30 15:52:59
 1  0 307672 101928   6216 125788    0    0     0     0  781 1057  1  4 88  0  7  0 2026-09-30 15:53:00
 0  0 307672 101928   6216 125788    0    0     0     0  730 1000  1  3 93  0  3  0 2026-09-30 15:53:01
 0  0 307672 101928   6216 125788    0    0     0     0  690  979  2  3 95  0  1  0 2026-09-30 15:53:02
 0  0 307672 101928   6216 125788    0    0     0     8  725 1006  2  2 97  0  0  0 2026-09-30 15:53:03
 0  0 307672 101928   6216 125788    0    0     0     0  802 1168  1  3 95  0  1  0 2026-09-30 15:53:04
 0  0 307672 101928   6216 125788    0    0     0     0  737 1007  1  3 96  0  0  0 2026-09-30 15:53:05
 0  0 307672  99664   6216 125788    0    0     0     0  734 1007  1  2 97  0  0  0 2026-09-30 15:53:06
procs -----------memory---------- ---swap-- -----io---- -system-- -------cpu------- -----timestamp-----
 r  b   swpd   free   buff  cache   si   so    bi    bo   in   cs us sy id wa st gu                 UTC
 0  0 307672  99664   6216 125788    0    0     0     0  753 1051  2  3 96  0  0  0 2026-09-30 15:53:07
 0  0 307672  99664   6216 125788    0    0     0     0  721  995  2  2 96  0  0  0 2026-09-30 15:53:08
 1  0 307672  96644   6224 125792    4    0     4    16  968 1639  1  4 95  0  0  0 2026-09-30 15:53:09
 0  0 307672  94892   6224 125788    0    0     0     0  965 1574  2  3 95  0  0  0 2026-09-30 15:53:10
 0  0 307672  91376   6224 125788    0    0     0     0  767 1030  1  4 95  0  0  0 2026-09-30 15:53:11
 0  0 307672  91648   6224 125788    0    0     0     0  733  996  1  3 96  0  0  0 2026-09-30 15:53:12
 0  0 307672  91648   6224 125788    0    0     0     0  732 1037  2  3 96  0  0  0 2026-09-30 15:53:13
 1  0 307672  91920   6224 125788    0    0     0     8  754 1052  1  3 97  0  0  0 2026-09-30 15:53:14
 0  0 307672  91152   6224 125788    0    0     0     0  737 1040  2  2 95  0  0  0 2026-09-30 15:53:15
 0  0 307672  91152   6224 125788    0    0     0     0  701 1016  1  3 96  0  0  0 2026-09-30 15:53:16
 0  0 307672  91152   6224 125788    0    0     0     0  720 1031  1  4 96  0  0  0 2026-09-30 15:53:17
 0  0 307672  91152   6224 125788    0    0     0     0  696  990  2  2 96  0  0  0 2026-09-30 15:53:18
 1  0 307672  91656   6232 125788    0    0     0    16  755 1052  1  4 96  0  0  0 2026-09-30 15:53:19
 0  0 307672 122776   5748 125768    0    0     0     0 1149 2121  4  4 92  0  0  0 2026-09-30 15:53:20
 1  0 307416 109196   5768 133740  124    0  7844    80 1495 2080  7  7 82  5  0  0 2026-09-30 15:53:21
 0  0 307416 117568   5768 134428   20    0   716     0 1083 1585  4  4 91  0  0  0 2026-09-30 15:53:22
 0  0 307416 113312   5768 134428    0    0     0     0  705  979  2  2 97  0  0  0 2026-09-30 15:53:23
 0  0 307416 113288   5768 134428    0    0     0    40  785 1037  1  4 96  0  0  0 2026-09-30 15:53:24
 0  0 307416 113288   5768 134428   32    0    32     0 1879 1989  4  5 91  0  0  0 2026-09-30 15:53:25
 0  0 307416 113288   5776 134424   48    0    48    36 1994 2049  5  5 90  1  0  0 2026-09-30 15:53:26
 1  0 307416 113288   5776 134428    0    0     0     0 1976 1984  3  5 92  0  0  0 2026-09-30 15:53:27
procs -----------memory---------- ---swap-- -----io---- -system-- -------cpu------- -----timestamp-----
 r  b   swpd   free   buff  cache   si   so    bi    bo   in   cs us sy id wa st gu                 UTC
 0  0 307416 113288   5776 134428    0    0     0     0 2238 2263  6  5 89  0  0  0 2026-09-30 15:53:28
 0  0 307416 112840   5776 134428    0    0     0    16 2395 2333  6  5 89  0  0  0 2026-09-30 15:53:29
 0  0 307416 106204   5776 134496   16    0    84     0 3005 3890 10  6 83  0  1  0 2026-09-30 15:53:30
 1  0 307416 106204   5776 134496    0    0     0    20 2797 2759  7  6 86  0  0  0 2026-09-30 15:53:31
 1  0 307416 106204   5776 134496    0    0     0     0 2853 2776  8  5 87  0  0  0 2026-09-30 15:53:32
 0  0 307416 105752   5776 134496    0    0     0     0 3175 3153  8  5 87  0  0  0 2026-09-30 15:53:33
 0  0 307416 105512   5784 134528    0    0     0    28 3277 3322 10  6 83  0  0  0 2026-09-30 15:53:34
 0  0 307416 105020   5784 134560    0    0     0     0 3236 3193  8  5 87  0  0  0 2026-09-30 15:53:35
 1  0 307160 104516   5784 134608  316    0   316     0 3536 3492 11  8 80  1  0  0 2026-09-30 15:53:36
 0  0 307160 104068   5784 134640    0    0     0     0 3521 3415 10  6 84  0  0  0 2026-09-30 15:53:37
 0  0 307160 104068   5784 134672    0    0     0     0 4127 3953 12  7 81  0  0  0 2026-09-30 15:53:38
 0  0 307160 103820   5792 134704    0    0     0    28 3914 3827 11  5 84  0  0  0 2026-09-30 15:53:39
 0  0 307160  97104   5792 135072  464    0   784     0 4634 5537 23 10 65  2  0  0 2026-09-30 15:53:40
 1  0 307160  96428   5792 135104   28    0    28     0 4062 3817 10  6 84  0  0  0 2026-09-30 15:53:41
 2  0 307160  96380   5792 135152   36    0    36     0 4488 4284 13  7 80  0  1  0 2026-09-30 15:53:42
 0  0 307160  96380   5792 135184    0    0     0     0 4631 4494 13  7 80  0  0  0 2026-09-30 15:53:43
 1  0 307160  96156   5800 135216   32    0    32    28 4915 4687 13  7 79  0  0  0 2026-09-30 15:53:44
 0  0 307160  95932   5800 135248    0    0     0     0 5132 5077 13 10 76  0  1  0 2026-09-30 15:53:45
 0  0 307160  95692   5800 135296    0    0     0     0 5003 4842 10  8 82  0  0  0 2026-09-30 15:53:46
 1  0 307160  95692   5800 135328    0    0     0     0 4804 4700 14  8 78  0  0  0 2026-09-30 15:53:47
 0  0 307160  95228   5800 135360   52    0    52     0 5119 5127 15  9 76  0  1  0 2026-09-30 15:53:48
procs -----------memory---------- ---swap-- -----io---- -system-- -------cpu------- -----timestamp-----
 r  b   swpd   free   buff  cache   si   so    bi    bo   in   cs us sy id wa st gu                 UTC
 0  0 307160  95004   5808 135400    0    0     0    28 5548 5420 15  9 76  0  0  0 2026-09-30 15:53:49
 1  0 307160  90668   5808 135496    4    0    60     0 5446 6143 18  9 73  0  0  0 2026-09-30 15:53:50
 0  0 307160  90668   5808 135528    0    0     0     0 5619 5539 16 10 73  0  0  0 2026-09-30 15:53:51
 2  0 307160  90220   5808 135560    0    0     0   708 5827 5979 16  9 74  1  0  0 2026-09-30 15:53:52
 1  0 307160  90216   5808 135592    0    0     0     0 6019 5926 17  8 74  0  0  0 2026-09-30 15:53:53
 2  0 307160  90216   5808 135640    0    0     0     0 5831 5671 15  9 75  0  1  0 2026-09-30 15:53:54
 3  0 307160  90220   5816 135672    0    0     0    40 6303 6025 16  8 75  1  0  0 2026-09-30 15:53:55
 0  0 307160  89772   5816 135704    0    0     0     0 6183 6007 16 12 73  0  0  0 2026-09-30 15:53:56
 4  0 307160  89772   5816 135756    0    0     0     0 6621 6526 19 12 69  0  1  0 2026-09-30 15:53:57
 1  0 307160  89772   5816 135788    0    0     0     0 6485 6306 20  9 70  0  0  0 2026-09-30 15:53:58
 1  0 307160  98436   5816 135820    0    0     0     0 7266 7097 19 11 69  0  1  0 2026-09-30 15:53:59
 1  0 307160  91480   5824 135852   36    0    36    44 6622 7376 21 13 51  0 15  0 2026-09-30 15:54:00
11  0 307160  91240   5824 135900    0    0     0     0 5136 5952 19 10 32  0 39  0 2026-09-30 15:54:01
 3  0 307160  91240   5824 135948    0    0     0     0 6031 6064 22 11 32  0 34  0 2026-09-30 15:54:02
 0  0 307160  91048   5824 135964    0    0     0     0 7527 7269 23 10 67  0  0  0 2026-09-30 15:54:03
 0  0 307160  90588   5824 136012    0    0     0     0 7504 7408 19 11 69  0  0  0 2026-09-30 15:54:04
 3  0 307160  90288   5832 136044    0    0     0    28 7286 7276 21 13 65  0  0  0 2026-09-30 15:54:05
 2  0 306648  90288   5832 136340  368    0   632     0 7462 7383 24 12 64  1  0  0 2026-09-30 15:54:06
 1  0 306648  89840   5832 136388    0    0     0     0 8334 8140 19 12 69  0  0  0 2026-09-30 15:54:07
 0  0 306648  89840   5832 136420    0    0     0     0 7832 7864 21 14 65  0  0  0 2026-09-30 15:54:08
 0  0 306648  89840   5832 136452    4    0     4     0 7933 7712 22 14 64  0  0  0 2026-09-30 15:54:09
procs -----------memory---------- ---swap-- -----io---- -system-- -------cpu------- -----timestamp-----
 r  b   swpd   free   buff  cache   si   so    bi    bo   in   cs us sy id wa st gu                 UTC
 0  0 306648  84988   5840 136500    4    0     4    28 8775 9568 25 13 61  0  1  0 2026-09-30 15:54:10
 2  0 306648  84764   5840 136532    0    0     0     0 7887 8020 25 12 63  0  0  0 2026-09-30 15:54:11
 0  0 306648  83796   5840 136564    0    0     0     0 8544 8424 25 11 64  0  0  0 2026-09-30 15:54:12
 0  0 306648  83800   5840 136612    0    0     0     0 8910 8517 25 11 63  0  1  0 2026-09-30 15:54:13
 3  0 306648  83092   5840 136644    0    0     0     0 8488 8696 38 13 49  0  0  0 2026-09-30 15:54:14
 1  0 306648  82060   5848 136676    0    0     0    28 8148 8418 27 12 62  0  0  0 2026-09-30 15:54:15
 0  0 306648  81596   5848 136724    0    0     0     0 8451 8456 25 12 63  0  0  0 2026-09-30 15:54:16
 0  0 306648  81596   5848 136756    0    0     0     0 9124 8824 25 15 59  0  0  0 2026-09-30 15:54:17
 0  0 306648  81596   5848 136788    0    0     0     0 9359 8924 26 13 61  0  0  0 2026-09-30 15:54:18
 1  0 306648  81148   5848 136836    0    0     0     0 9003 8583 25 13 62  0  0  0 2026-09-30 15:54:19
 0  0 306648  86076   5856 136868   12    0    12    28 9497 10508 31 13 56  0  0  0 2026-09-30 15:54:20
 0  0 306648  85332   5856 136900    0    0     0     0 8902 9110 38 13 49  0  0  0 2026-09-30 15:54:21
 0  0 306648  85108   5872 136948    0    0     0   144 9487 9273 26 13 61  0  0  0 2026-09-30 15:54:22
 1  0 306648  85108   5872 136964    0    0     0     0 9543 9267 29 14 56  0  0  0 2026-09-30 15:54:23
 2  0 306648  84632   5872 137012    0    0     0     0 9833 9646 27 15 58  0  1  0 2026-09-30 15:54:24
 3  0 306648  84632   5872 137044    0    0     0    52 9820 9440 28 14 58  0  0  0 2026-09-30 15:54:25
 3  0 306648  84408   5872 137092    0    0     0     0 10068 10146 29 15 56  0  1  0 2026-09-30 15:54:26
 1  0 306648  84408   5880 137124    0    0     0    20 9771 9569 40 15 45  0  0  0 2026-09-30 15:54:27
 1  0 306648  84184   5880 137156    0    0     0     0 10580 10693 28 15 57  0  0  0 2026-09-30 15:54:28
 4  0 306648  83948   5880 137188    4    0     4     0 10078 9943 29 15 56  1  0  0 2026-09-30 15:54:29
 0  0 306648  86936   5880 137236    4    0     4    16 10704 11467 31 17 52  0  0  0 2026-09-30 15:54:30
procs -----------memory---------- ---swap-- -----io---- -system-- -------cpu------- -----timestamp-----
 r  b   swpd   free   buff  cache   si   so    bi    bo   in   cs us sy id wa st gu                 UTC
 2  0 306648  86464   5880 137252    8    0     8     0 10413 10385 29 15 56  0  1  0 2026-09-30 15:54:31
 4  0 306648  86464   5880 137432    0    0   128     4 10768 10526 31 15 54  0  0  0 2026-09-30 15:54:32
 0  0 306648  86460   5888 137480    0    0     0    12 10317 10242 42 16 42  0  0  0 2026-09-30 15:54:33
 0  0 306648  85996   5888 137512    0    0     0     0 10531 10824 33 16 51  0  1  0 2026-09-30 15:54:34
 1  0 306648  85772   5888 137544   20    0    20     0 10956 11146 30 16 53  0  0  0 2026-09-30 15:54:35
 2  0 306648  85772   5888 137704    8    0   120    16 10745 11145 35 19 45  0  1  0 2026-09-30 15:54:36
 4  0 306648  85548   5888 137868  284    0   416     0 11685 11105 37 18 45  0  0  0 2026-09-30 15:54:37
 1  0 306648  85324   5888 137916    0    0     0     0 10966 10942 43 20 38  0  0  0 2026-09-30 15:54:38
 6  0 306648  85328   5888 137932    0    0     0     0 11392 11443 31 21 47  0  1  0 2026-09-30 15:54:39
 3  0 306648  85316   5888 137976    0    0     0     0 10572 11743 33 18 48  0  1  0 2026-09-30 15:54:40
 1  0 306648  84824   5896 138012    0    0     0    28 11786 11424 35 16 48  0  0  0 2026-09-30 15:54:41
 0  0 306648  84600   5896 138060    0    0     0     0 11904 11744 34 17 49  0  0  0 2026-09-30 15:54:42
 0  0 306648  84600   5896 138092    0    0     0     0 11583 11502 44 18 38  0  0  0 2026-09-30 15:54:43
 1  0 306648  84604   5896 138140    0    0     0     0 11821 12006 34 21 45  0  1  0 2026-09-30 15:54:44
 0  0 306648  84380   5896 138156    0    0     0     0 12116 11993 36 16 48  0  0  0 2026-09-30 15:54:45
 0  0 306648  83948   5904 138188    0    0     0    28 11264 11529 31 20 49  0  0  0 2026-09-30 15:54:46
 9  0 306648  83916   5904 138204    0    0     0     0 12412 12137 44 15 41  0  0  0 2026-09-30 15:54:47
 0  0 306648  83916   5904 138252    0    0     0     0 11907 11664 45 19 36  0  1  0 2026-09-30 15:54:48
 0  0 306648  83692   5904 138300    0    0     0     0 12521 11785 31 20 48  0  0  0 2026-09-30 15:54:49
 2  0 306648  83080   5904 138348    0    0     0     0 12699 13247 40 19 41  0  0  0 2026-09-30 15:54:50
 0  0 306648  82856   5912 138364    0    0     0    28 12171 12276 35 21 44  0  0  0 2026-09-30 15:54:51
procs -----------memory---------- ---swap-- -----io---- -system-- -------cpu------- -----timestamp-----
 r  b   swpd   free   buff  cache   si   so    bi    bo   in   cs us sy id wa st gu                 UTC
 3  0 306648  82856   5912 138412    0    0     0     0 11158 10693 55 22 20  0  3  0 2026-09-30 15:54:52
 0  0 306648  82856   5912 138444    0    0     0     0 12362 12343 38 21 41  0  1  0 2026-09-30 15:54:53
 5  0 306648  82408   5912 138492    0    0     0     0 12562 12102 38 18 44  0  0  0 2026-09-30 15:54:54
 8  0 306648  82168   5912 138524    0    0     0     0 13028 12928 39 19 41  0  0  0 2026-09-30 15:54:55
 1  0 306648  82168   5920 138556    0    0     0    28 11589 12255 50 22 28  0  0  0 2026-09-30 15:54:56
 6  0 306648  82172   5920 138588    0    0     0     0 13314 12769 41 20 39  0  0  0 2026-09-30 15:54:57
 5  0 306648  81724   5920 138636    0    0     0     0 12603 12326 35 23 42  0  0  0 2026-09-30 15:54:58
13  0 306648  81272   5920 138652    0    0     0     0 12456 12097 45 26 28  0  0  0 2026-09-30 15:54:59
28  0 306648  74836   5920 138684   12    0    12     0 11021 11087 52 26  5  0 17  0 2026-09-30 15:55:00
25  0 306648  73216   5928 138740   40    0    40    28 9090 8892 37 17 12  0 34  0 2026-09-30 15:55:01
 0  0 306648  69264   5928 139140  112    0   116     0 12859 11578 56 25 11  0  8  0 2026-09-30 15:55:02
 4  0 306648  68096   5928 139160    0    0     0     0 12579 11541 60 20 20  0  0  0 2026-09-30 15:55:03
 3  0 306648  67764   5928 139212    0    0     0     0 13211 13243 42 23 34  0  1  0 2026-09-30 15:55:04
 4  0 306648  67764   5928 139260    0    0     0     0 13273 13263 44 21 35  0  0  0 2026-09-30 15:55:05
 9  0 306648  66856   5936 139272    4    0     4    28 12300 11289 61 19 19  0  1  0 2026-09-30 15:55:06
 0  0 306648  66824   5936 139344    0    0     0     0 13233 12699 47 23 30  0  1  0 2026-09-30 15:55:07
 1  0 306648  66824   5936 139416    0    0     0     0 13296 12868 44 24 32  0  0  0 2026-09-30 15:55:08
 5  0 306648  66428   5936 139452    0    0     0     0 13560 12394 55 24 21  0  0  0 2026-09-30 15:55:09
10  0 306648  66348   5936 139516    0    0    52     0 12642 12433 56 19 23  0  2  0 2026-09-30 15:55:10
 3  0 306648  76416   5940 139120    0   72     0   104 12681 14562 43 25 31  0  0  0 2026-09-30 15:55:11
11  0 306648  75700   5940 139156    0    0     0     0 13282 13059 52 25 23  0  0  0 2026-09-30 15:55:12
procs -----------memory---------- ---swap-- -----io---- -system-- -------cpu------- -----timestamp-----
 r  b   swpd   free   buff  cache   si   so    bi    bo   in   cs us sy id wa st gu                 UTC
 4  0 306648  75176   5940 139212    0    0     0     0 13480 14225 50 23 27  0  0  0 2026-09-30 15:55:13
 3  0 306648  74448   5940 139236    0    0     0     0 12701 13556 48 23 29  0  0  0 2026-09-30 15:55:14
13  0 305880  74004   5940 139284  648    0   704     0 12221 12187 60 23 16  0  1  0 2026-09-30 15:55:15
 7  0 305880  72964   5948 139392    0    0     0    32 13527 14050 51 21 28  0  1  0 2026-09-30 15:55:16
 1  0 305880  71732   5948 139460   40    0    40     0 13590 13807 49 25 27  0  0  0 2026-09-30 15:55:17
 0  0 305880  71228   5948 139508    0    0     0     0 13688 12402 65 21 15  0  0  0 2026-09-30 15:55:18
 3  0 305880  70784   5948 139520  100    0   100     0 14080 14096 50 22 28  1  0  0 2026-09-30 15:55:19
16  0 305624  70252   5948 139568  100    0   100     0 13445 13928 57 23 20  0  0  0 2026-09-30 15:55:20
 2  0 305624  62888   5948 139632   60    0    60     0 14074 14055 57 28 15  0  0  0 2026-09-30 15:55:21
 0  0 305624  62428   5956 139656    0    0     0    28 14386 13876 47 25 28  0  0  0 2026-09-30 15:55:22
 3  0 305624  65564   5948 139212   76   40    76   232 13473 11809 74 21  6  0  0  0 2026-09-30 15:55:23
 7  0 305624  65468   5948 139276    0    0     0     0 14831 14325 52 23 24  0  1  0 2026-09-30 15:55:24
19  0 305624  65216   5948 139300    8    0     8     0 13263 12445 64 22 12  0  1  0 2026-09-30 15:55:25
 7  0 305624  65256   5948 139300    0    0    16     0 13436 14140 49 25 25  0  1  0 2026-09-30 15:55:26
 3  0 305624  65072   5948 139360    0    0    48    56 14126 14110 46 24 29  1  0  0 2026-09-30 15:55:27
 3  0 305624  64896   5956 139348    0    0     0    20 13607 12883 70 22  8  0  0  0 2026-09-30 15:55:28
 1  0 305624  64860   5956 139356    0    0     0     0 13613 13714 51 22 28  0  0  0 2026-09-30 15:55:29
13  0 305624  64860   5956 139368    0    0     0     0 12987 12489 62 23 15  0  0  0 2026-09-30 15:55:30
 2  0 305880  73608   5696 130132   16  328   456   328 14410 14504 59 28 13  0  1  0 2026-09-30 15:55:31
 2  0 305880  73608   5696 130224    0    0     0    16 13890 13889 44 26 30  0  0  0 2026-09-30 15:55:32
 0  0 305880  73608   5704 130224    0    0     0    44 13800 14516 66 25 10  0  0  0 2026-09-30 15:55:33
procs -----------memory---------- ---swap-- -----io---- -system-- -------cpu------- -----timestamp-----
 r  b   swpd   free   buff  cache   si   so    bi    bo   in   cs us sy id wa st gu                 UTC
 8  0 305880  73352   5704 130224    0    0     0     0 13939 14536 51 22 27  0  0  0 2026-09-30 15:55:34
19  0 305880  80160   5704 130224    0    0     0     0 13593 12055 61 25 13  0  0  0 2026-09-30 15:55:35
 0  0 305880  80156   5704 130368    8    0   152     0 13999 13093 60 26 13  0  0  0 2026-09-30 15:55:36
11  0 305880  79912   5704 130392    0    0    24    16 13525 13506 50 23 28  0  0  0 2026-09-30 15:55:37
 7  0 305880  79912   5704 130392   20    0    32     0 13315 12900 71 22  8  0  0  0 2026-09-30 15:55:38
 4  0 305880  79536   5704 130404    0    0     0     0 13603 14422 52 23 26  0  0  0 2026-09-30 15:55:39
25  0 305880  79332   5704 130404    0    0     0     0 13622 14828 60 25 15  0  0  0 2026-09-30 15:55:40
 8  0 305880  65816   5704 130992    4    0   592     0 14742 15874 54 27 20  0  0  0 2026-09-30 15:55:41
 2  0 305880  65356   5712 130988    0    0     0    28 13712 14056 49 25 26  0  0  0 2026-09-30 15:55:42
 0  0 305880  64340   5712 130996    0    0     0     0 14368 12899 64 26 10  0  0  0 2026-09-30 15:55:43
 4  0 305880  64020   5712 130996    0    0     0     0 12549 13319 43 24 32  0  1  0 2026-09-30 15:55:44
12  0 305880  64040   5712 130996    0    0     0     0 13456 12611 67 22 11  0  0  0 2026-09-30 15:55:45
 5  0 305880  64160   5712 130996    0    0     0     0 13553 14051 49 24 26  0  0  0 2026-09-30 15:55:46
 6  0 305880  64160   5720 130988    0    0     0    28 13427 13771 47 23 30  0  0  0 2026-09-30 15:55:47
 0  0 305880  63912   5720 130996    0    0     0     0 12804 12825 69 23  9  0  0  0 2026-09-30 15:55:48
 5  0 305880  63912   5720 130996    4    0     4     0 14359 13337 53 22 26  0  0  0 2026-09-30 15:55:49
11  0 305880  63912   5720 130996    0    0     0     0 13322 12573 59 26 15  0  1  0 2026-09-30 15:55:50
 3  0 305880  55048   5720 130996    8    0     8     0 13931 14877 52 27 22  0  0  0 2026-09-30 15:55:51
 0  0 305880  54528   5728 130988    0    0     0    28 14947 13937 47 25 29  0  0  0 2026-09-30 15:55:52
 0  0 305880  54644   5728 130996    0    0     0     0 13895 13686 65 26 10  0  0  0 2026-09-30 15:55:53
 3  0 305880  54476   5728 130996    0    0     0     0 14269 13620 51 20 29  0  0  0 2026-09-30 15:55:54
procs -----------memory---------- ---swap-- -----io---- -system-- -------cpu------- -----timestamp-----
 r  b   swpd   free   buff  cache   si   so    bi    bo   in   cs us sy id wa st gu                 UTC
35  0 305880  54476   5728 130996    0    0     0     0 13201 12891 62 24 15  0  0  0 2026-09-30 15:55:55
 2  0 305880  54464   5728 130996    0    0     0     0 14462 14443 56 23 21  0  0  0 2026-09-30 15:55:56
19  0 305624  69156   5408 128176  236   32   284    60 13809 13074 55 22 22  0  1  0 2026-09-30 15:55:57
11  0 305624  69412   5408 128184    0    0     0     0 12931 13045 60 26 14  0  0  0 2026-09-30 15:55:58
 7  0 305624  69412   5408 128184    0    0     0     0 14056 13744 51 22 27  0  0  0 2026-09-30 15:55:59
15  0 305624  69156   5408 128184    4    0     4     0 12134 11637 64 23  3  0  9  0 2026-09-30 15:56:00
22  0 305624  72356   5404 127712   20    4   200     4 8414 8903 43 19  3  0 35  0 2026-09-30 15:56:01
23  0 305624  86428   5404 127840    0    0    28     0 14093 13551 60 31  4  0  6  0 2026-09-30 15:56:02
17  0 305624  85964   5412 127840    0    0     0    28 13753 12415 73 25  2  0  0  0 2026-09-30 15:56:03
 7  0 305624  84940   5412 127840    0    0     0     0 13625 12737 47 24 28  0  1  0 2026-09-30 15:56:04
 8  0 305624  83720   5412 127840    0    0     0     0 12686 13285 43 24 33  0  0  0 2026-09-30 15:56:05
 5  0 305624  82952   5412 127840    0    0     0     0 14109 12185 67 21 11  0  1  0 2026-09-30 15:56:06
 5  0 305624  82656   5412 127844    0    0     0     0 13995 13557 45 27 28  0  0  0 2026-09-30 15:56:07
 5  0 305624  82404   5420 127840    0    0     0    28 13219 12183 62 23 15  0  0  0 2026-09-30 15:56:08
19  0 305624  82404   5420 127840    0    0     0     0 15093 14112 59 27 14  0  0  0 2026-09-30 15:56:09
 9  0 305624  81948   5420 127840    4    0     4     0 13817 15002 61 22 17  0  0  0 2026-09-30 15:56:10
 4  0 305624  81764   5420 127840    0    0     0     0 13905 13685 45 26 29  0  0  0 2026-09-30 15:56:11
12  0 305624  74912   5420 127824   56    0    56     0 12609 13436 68 26  6  0  0  0 2026-09-30 15:56:12
 1  0 305624  74908   5428 127824    0    0     0    28 14208 14178 47 23 29  0  0  0 2026-09-30 15:56:13
 3  0 305624  74440   5428 127824    0    0     0     0 12874 13863 46 22 31  0  1  0 2026-09-30 15:56:14
19  0 305624  73904   5428 127824    8    0     8     0 13702 12582 67 20 13  0  0  0 2026-09-30 15:56:15
procs -----------memory---------- ---swap-- -----io---- -system-- -------cpu------- -----timestamp-----
 r  b   swpd   free   buff  cache   si   so    bi    bo   in   cs us sy id wa st gu                 UTC
 0  0 305624  73900   5428 127824    0    0     0     0 13930 14394 54 23 22  0  0  0 2026-09-30 15:56:16
21  0 305624  73896   5428 127824    0    0     0     0 13576 13172 55 21 24  0  0  0 2026-09-30 15:56:17
 6  0 305624  73896   5436 127820    0    0     0    28 14098 13109 63 25 12  0  0  0 2026-09-30 15:56:18
 3  0 305624  73896   5436 127828    0    0     0     0 14246 13406 48 22 30  0  1  0 2026-09-30 15:56:19
 1  0 305624  73896   5436 127828    4    0     4     0 13181 13052 61 23 16  0  0  0 2026-09-30 15:56:20
 0  0 305624  73892   5436 127828    0    0     0     0 13405 13827 45 28 27  0  0  0 2026-09-30 15:56:21
16  0 305624  76284   5436 127812    0    0     0     0 14395 15112 57 22 22  0  0  0 2026-09-30 15:56:22
 5  0 305624  76280   5444 127804    0    0     0    32 13234 12755 64 23 13  0  0  0 2026-09-30 15:56:23
 0  0 305624  76792   5460 127820    0    0     4   212 13832 13702 48 21 31  0  0  0 2026-09-30 15:56:24
 2  0 305624  76792   5460 127820    0    0     0     0 13210 12680 63 23 14  0  0  0 2026-09-30 15:56:25
 0  0 305624  76792   5460 127824    0    0     0     0 13459 13929 48 24 27  0  1  0 2026-09-30 15:56:26
 9  0 305624  76788   5460 127824    0    0     0     0 13763 13090 51 25 23  0  0  0 2026-09-30 15:56:28
 2  0 305624  76788   5460 127820    0    0     0    56 13596 13030 63 21 16  0  0  0 2026-09-30 15:56:29
16  0 305624  76784   5468 127812    0    0     0    20 13973 13146 61 26 13  0  0  0 2026-09-30 15:56:30
 0  0 305624  76784   5468 127820    0    0     0     0 13645 13644 54 22 23  0  0  0 2026-09-30 15:56:31
10  0 305624  76784   5468 127820    0    0     0     0 13111 11936 64 23 13  0  0  0 2026-09-30 15:56:32
20  0 305624  74704   5468 127816    0    0     0     0 13496 15003 57 21 22  0  0  0 2026-09-30 15:56:33
 4  0 305624  74640   5468 127820    0    0     0    16 13503 13780 60 25 15  0  0  0 2026-09-30 15:56:34
 9  0 305624  74640   5468 127820    0    0     0     4 13453 13358 63 23 14  0  0  0 2026-09-30 15:56:35
11  0 305624  74640   5468 127820    0    0     0     0 14203 13859 48 22 30  0  0  0 2026-09-30 15:56:36
 5  0 305624  74640   5468 127820   12    0    12     0 12212 13525 68 24  8  0  0  0 2026-09-30 15:56:37
procs -----------memory---------- ---swap-- -----io---- -system-- -------cpu------- -----timestamp-----
 r  b   swpd   free   buff  cache   si   so    bi    bo   in   cs us sy id wa st gu                 UTC
15  0 305624  74640   5468 127820    0    0     0     0 14115 13638 54 22 24  0  1  0 2026-09-30 15:56:38
14  0 305624  74648   5476 127812    4    0     4    28 14040 13783 59 26 15  0  0  0 2026-09-30 15:56:39
20  0 305624  74644   5476 127820    0    0     0     0 12832 12803 65 24 11  0  0  0 2026-09-30 15:56:40
 8  0 305624  74644   5476 127820    0    0     0     0 13711 14343 50 25 24  0  0  0 2026-09-30 15:56:41
 0  0 305624  74640   5476 127820    0    0     0     0 12847 13787 64 23 13  0  0  0 2026-09-30 15:56:42
25  0 305624  73164   5476 127820    0    0     0     0 12820 14263 58 27 16  0  0  0 2026-09-30 15:56:43
 2  0 305624  73128   5484 127812    4    0     4    28 14124 13415 63 22 16  0  0  0 2026-09-30 15:56:44
11  0 305624  72624   5484 127820    0    0     0     0 13183 12255 63 26 12  0  0  0 2026-09-30 15:56:45
10  0 305624  72164   5484 127820   20    0    20     0 14422 13523 52 26 21  0  1  0 2026-09-30 15:56:46
 7  0 305624  71916   5484 127820    0    0     0     0 12080 12136 60 23 17  0  1  0 2026-09-30 15:56:47
12  0 305624  71368   5484 127948    0    0   128     0 12749 12919 58 21 21  0  0  0 2026-09-30 15:56:48
 7  0 305624  71116   5484 127948    0    0     0     0 13087 13612 52 26 23  0  0  0 2026-09-30 15:56:49
 6  0 305624  71116   5492 127952    0    0     0    28 13725 13002 66 23 11  0  0  0 2026-09-30 15:56:50
20  0 305624  71116   5492 127952    0    0     0     0 13681 13457 49 25 26  0  0  0 2026-09-30 15:56:51
 8  0 305624  71112   5492 127948    0    0     0     0 13510 13086 56 25 19  0  0  0 2026-09-30 15:56:52
16  0 305624  78792   5032 125348    0    0    92     0 13530 14019 56 26 17  0  1  0 2026-09-30 15:56:53
 5  0 305624  78976   5032 125376    0    0     0     0 14238 14469 58 21 22  0  0  0 2026-09-30 15:56:54
20  0 305624  78968   5040 125376    0    0     0    28 13498 13481 70 23  7  0  0  0 2026-09-30 15:56:55
 2  0 305624  78968   5040 125380    0    0     0     0 12468 14185 52 23 25  0  0  0 2026-09-30 15:56:56
 0  0 305624  78968   5040 125380    0    0     0     0 13324 13626 61 23 16  0  0  0 2026-09-30 15:56:57
 5  0 305624  78764   5040 125380    0    0     0     0 13682 13007 61 22 17  0  0  0 2026-09-30 15:56:58
procs -----------memory---------- ---swap-- -----io---- -system-- -------cpu------- -----timestamp-----
 r  b   swpd   free   buff  cache   si   so    bi    bo   in   cs us sy id wa st gu                 UTC
 2  0 305624  78716   5040 125380    0    0     0     0 13927 13434 45 23 32  0  0  0 2026-09-30 15:56:59
 3  0 305624  78716   5048 125380    8    0     8    28 12710 12808 63 25 10  0  3  0 2026-09-30 15:57:00
11  0 305624  78720   5048 125380    0    0     0     0 12387 11463 54 25  6  0 15  0 2026-09-30 15:57:01
10  0 305624  78716   5048 125380    0    0     0     0 10457 11328 57 26  5  0 12  0 2026-09-30 15:57:02
 3  0 305624  72128   5048 125380    0    0     0     0 13642 15294 56 28 16  0  0  0 2026-09-30 15:57:03
 8  0 305624  71876   5048 125380    0    0     0     0 14091 13949 66 23 11  0  0  0 2026-09-30 15:57:04
 2  0 305624  71424   5056 125380    4    0     4    28 13717 13379 47 20 32  0  0  0 2026-09-30 15:57:05
16  0 305624  71172   5056 125380    0    0     0     0 14001 13179 52 23 25  0  0  0 2026-09-30 15:57:06
 0  0 305624  70924   5056 125380    0    0     0     0 14635 13981 57 24 19  0  0  0 2026-09-30 15:57:07
19  0 305624  70624   5056 125396    0    0    16     0 13565 12529 58 26 16  0  0  0 2026-09-30 15:57:08
16  0 305624  70628   5056 125396    0    0     0     0 14288 13771 50 26 23  0  1  0 2026-09-30 15:57:09
 2  0 305624  70420   5064 125388    0    0     0    28 13126 12379 65 26  9  0  0  0 2026-09-30 15:57:10
 5  0 305624  70372   5064 125396    0    0     0     0 13634 13470 58 23 20  0  0  0 2026-09-30 15:57:11
13  0 305624  70372   5064 125396    0    0     0     0 13324 13142 57 24 18  0  1  0 2026-09-30 15:57:12
18  0 305624  59944   5064 125396    0    0     0     0 12931 13714 61 26 14  0  0  0 2026-09-30 15:57:13
 7  0 305624  76308   5064 125396    0    0     0     0 13995 13510 58 25 17  0  0  0 2026-09-30 15:57:14
 8  0 305624  76304   5072 125388    4    0     4    28 13589 13542 49 24 26  1  0  0 2026-09-30 15:57:15
 4  0 305624  75844   5072 125396    0    0     0     0 14090 12570 64 24 12  0  1  0 2026-09-30 15:57:16
 9  0 305624  75304   5072 125396    0    0     0     0 13091 13004 62 21 18  0  0  0 2026-09-30 15:57:17
 7  0 305624  75296   5072 125396    0    0     0     0 14097 14127 52 26 23  0  0  0 2026-09-30 15:57:18
 1  0 305624  75296   5072 125396    0    0     0     0 13356 13088 66 23 11  0  0  0 2026-09-30 15:57:19
procs -----------memory---------- ---swap-- -----io---- -system-- -------cpu------- -----timestamp-----
 r  b   swpd   free   buff  cache   si   so    bi    bo   in   cs us sy id wa st gu                 UTC
11  0 305624  75296   5080 125388    0    0     0    28 13303 12890 53 22 25  0  0  0 2026-09-30 15:57:20
 9  0 305624  75296   5080 125396    0    0     0     0 13840 13935 60 25 15  0  0  0 2026-09-30 15:57:21
 2  0 305624  75296   5080 125396    0    0     0     0 13380 13739 64 23 14  0  0  0 2026-09-30 15:57:22
 6  0 305624  75296   5080 125396    0    0     0     0 13743 13640 48 24 28  0  0  0 2026-09-30 15:57:23
15  0 305624  74828   5080 125396    0    0     0     0 13388 16653 66 25  9  0  0  0 2026-09-30 15:57:24
11  0 305624  74828   5088 125388    0    0     0    28 13571 13850 58 22 20  0  0  0 2026-09-30 15:57:25
 6  0 305624  74828   5104 125400    0    0     0   208 13165 14904 53 26 21  0  0  0 2026-09-30 15:57:26
 9  0 305624  70516   5104 125400    8    0     8     0 13030 13818 63 22 14  0  0  0 2026-09-30 15:57:27
22  0 305624  70484   5104 125400    0    0     0     0 13734 13988 52 22 26  0  0  0 2026-09-30 15:57:28
11  0 305624  70484   5104 125400    0    0     0     0 13072 15045 66 22 12  0  0  0 2026-09-30 15:57:29
19  0 305624  70484   5104 125400    0    0     0     0 13310 12492 60 21 19  0  0  0 2026-09-30 15:57:30
 7  0 305624  70480   5112 125408    0    0     0    76 14212 13514 57 24 19  0  0  0 2026-09-30 15:57:31
16  0 305624  70484   5112 125528  304    0   424     0 12292 12149 73 21  6  0  0  0 2026-09-30 15:57:32
12  0 305624  70484   5112 125528    0    0     0     0 14202 13999 53 19 28  0  0  0 2026-09-30 15:57:33
22  0 305624  68496   5112 125528    0    0     0     0 13888 14037 56 26 18  0  0  0 2026-09-30 15:57:34
 2  0 305624  68492   5112 125528    0    0     0     0 13066 13462 57 23 20  0  0  0 2026-09-30 15:57:35
 3  0 305624  77764   5120 125528    0    0     0    52 13514 12663 66 22 12  0  0  0 2026-09-30 15:57:36
17  0 305624  77764   5120 125528    8    0     8     0 13841 13766 53 27 20  0  0  0 2026-09-30 15:57:37
 5  0 305624  77764   5120 125528    0    0     0     0 13386 13472 62 24 14  0  1  0 2026-09-30 15:57:38
11  0 305624  77764   5120 125528    0    0     0     0 12977 13369 56 26 18  0  0  0 2026-09-30 15:57:39
 0  0 305624  77040   5120 125528    0    0     0     0 14091 14242 49 26 25  0  0  0 2026-09-30 15:57:40
procs -----------memory---------- ---swap-- -----io---- -system-- -------cpu------- -----timestamp-----
 r  b   swpd   free   buff  cache   si   so    bi    bo   in   cs us sy id wa st gu                 UTC
 7  0 305624  77012   5120 125528   16    0    16    32 14018 13623 66 23 11  0  0  0 2026-09-30 15:57:41
 8  0 305624  77008   5120 125528    0    0     0     0 13249 13935 54 24 22  0  0  0 2026-09-30 15:57:42
 4  0 305624  77004   5120 125528    0    0     0     0 13540 13687 54 28 18  0  0  0 2026-09-30 15:57:43
10  0 305624  77432   5120 125584    4    0    56     0 13400 14116 64 25 11  0  0  0 2026-09-30 15:57:44
 8  0 305624  76956   5120 125580    0    0     0     0 14078 14143 53 24 23  0  0  0 2026-09-30 15:57:45
18  0 305624  76928   5128 125584    0    0     0    28 12935 13293 50 23 26  0  1  0 2026-09-30 15:57:46
 0  0 305624  76672   5128 125712    0    0   128     0 13601 13053 62 22 16  0  0  0 2026-09-30 15:57:47
 1  0 305624  76424   5128 125708    0    0     0     0 14299 14203 48 25 27  0  0  0 2026-09-30 15:57:48
 4  0 305624  76424   5128 125708    0    0     0     0 13586 13231 65 22 13  0  0  0 2026-09-30 15:57:49
13  0 305624  76424   5128 125708    0    0     0     0 13958 13536 50 23 27  0  0  0 2026-09-30 15:57:50
20  0 305624  76220   5136 125700    0    0     0    28 13552 14029 54 21 25  0  0  0 2026-09-30 15:57:51
 1  0 305624  75664   5136 125708    0    0     0     0 13368 13201 62 21 17  0  0  0 2026-09-30 15:57:52
 3  0 305624  75460   5136 125708    0    0     0     0 13733 14175 49 24 27  0  0  0 2026-09-30 15:57:53
11  0 305624  74228   5136 125708    0    0     0     0 13053 13958 66 22 11  0  0  0 2026-09-30 15:57:54
 6  0 305624  73692   5136 125708    0    0     0     0 13443 13684 51 23 26  0  0  0 2026-09-30 15:57:55
18  0 305624  73688   5144 125708    0    0     0    28 13972 14078 52 22 27  0  0  0 2026-09-30 15:57:56
13  0 305624  73688   5144 125708    0    0     0     0 13789 12790 61 22 17  0  0  0 2026-09-30 15:57:57
 0  0 305624  73484   5144 125708    0    0     0     0 13699 14218 52 21 27  0  1  0 2026-09-30 15:57:58
 4  0 305624  73244   5144 125708    0    0     0     0 12781 13712 45 24 31  0  0  0 2026-09-30 15:57:59
21  0 305624  73212   5144 125708    0    0     0     0 12209 12020 58 22 16  0  5  0 2026-09-30 15:58:00
 6  0 305624  73212   5152 125708    0    0     0    28 14090 12375 54 26 12  0  9  0 2026-09-30 15:58:01
procs -----------memory---------- ---swap-- -----io---- -system-- -------cpu------- -----timestamp-----
 r  b   swpd   free   buff  cache   si   so    bi    bo   in   cs us sy id wa st gu                 UTC
17  0 305624  73204   5152 125708    0    0     0     0 11621 11652 53 23 12  0 11  0 2026-09-30 15:58:02
 9  0 305624  73204   5152 125708    0    0     0     0 14135 13737 70 25  6  0  0  0 2026-09-30 15:58:03
16  0 305624  69004   5152 125956    8    0   256     0 13991 18661 53 28 19  0  0  0 2026-09-30 15:58:04
 9  0 305624  69004   5152 125960    0    0     0     0 13813 13982 51 24 25  0  0  0 2026-09-30 15:58:05
 5  0 305624  69004   5160 125960    0    0     0    28 13820 13283 59 26 15  0  1  0 2026-09-30 15:58:06
25  0 305624  69004   5160 125960    0    0     0     0 13569 12560 61 25 15  0  0  0 2026-09-30 15:58:07
 2  0 305624  69004   5160 125960    0    0     0     0 13857 14205 48 26 26  0  0  0 2026-09-30 15:58:08
12  0 305624  69004   5160 125960    0    0     0     0 12519 12645 63 24 13  0  0  0 2026-09-30 15:58:09
13  0 305624  69000   5160 125960    0    0     0     0 13885 13752 55 25 20  0  0  0 2026-09-30 15:58:10
 3  0 305624  69000   5160 125960    0    0     0    16 14744 13739 59 24 16  0  0  0 2026-09-30 15:58:11
16  0 305624  69064   5160 125960    0    0     0     0 13302 12961 64 23 14  0  0  0 2026-09-30 15:58:12
 6  0 305624  69064   5168 125956    0    0     0    12 13943 14078 49 23 28  0  0  0 2026-09-30 15:58:13
 2  0 305624  63584   5168 125960    4    0     4     0 13645 13047 73 22  6  0  0  0 2026-09-30 15:58:14
15  0 305624  62964   5168 125960    0    0     0     0 13179 13205 57 24 19  0  0  0 2026-09-30 15:58:15
 6  0 305624  62408   5168 125960    0    0     0     0 13632 14180 55 26 20  0  0  0 2026-09-30 15:58:16
13  0 305624  62460   5168 125960    0    0     0    16 13608 14313 67 21 12  0  1  0 2026-09-30 15:58:17
21  0 305624  73684   5168 125960    0    0     0     0 13474 13984 52 22 27  0  0  0 2026-09-30 15:58:18
 4  0 305624  73672   5168 125960    0    0     0     0 13752 13385 64 22 15  0  0  0 2026-09-30 15:58:19
10  0 305624  73496   5168 125960    0    0     0     0 13857 13936 55 23 22  0  0  0 2026-09-30 15:58:20
 2  0 305624  72748   5168 125960    0    0     0     0 13005 14781 55 28 16  0  0  0 2026-09-30 15:58:21
 3  0 305624  71828   5176 125960    0    0     0    28 13669 12758 67 22 11  0  0  0 2026-09-30 15:58:22
procs -----------memory---------- ---swap-- -----io---- -system-- -------cpu------- -----timestamp-----
 r  b   swpd   free   buff  cache   si   so    bi    bo   in   cs us sy id wa st gu                 UTC
12  0 305624  71808   5176 125960    0    0     0     0 14254 13803 52 21 27  0  0  0 2026-09-30 15:58:23
 9  0 305624  58552   5176 125960    0    0     0     0 13788 13570 67 23 10  0  0  0 2026-09-30 15:58:24
28  0 305624  57540   5176 125960    0    0     0     0 13193 12877 55 24 21  0  0  0 2026-09-30 15:58:25
 7  0 305624  65768   5192 126012    0    0     0   196 14951 13841 54 24 22  0  0  0 2026-09-30 15:58:26
15  0 305624  65988   5192 125960    0    0     0    56 12876 12995 66 26  9  0  0  0 2026-09-30 15:58:27
14  0 305624  66336   5192 125960    0    0     0     0 13806 13105 52 24 24  0  0  0 2026-09-30 15:58:28
 2  0 305624  66504   5192 125960    0    0     0     0 12504 12563 58 23 19  0  1  0 2026-09-30 15:58:29
 4  0 305624  66532   5192 125960    0    0     0     0 13458 13507 59 24 17  0  0  0 2026-09-30 15:58:30
 1  0 305624  66564   5192 125960    0    0     0     0 13961 15054 58 24 18  0  0  0 2026-09-30 15:58:31
 3  0 305624  66564   5200 125952    0    0     0    36 13526 13729 53 22 25  0  0  0 2026-09-30 15:58:32
 0  0 305624  66564   5200 125960    0    0     0     0 12510 12736 60 23 17  0  0  0 2026-09-30 15:58:33
19  0 305624  71488   4564 119184    8  148     8   148 13603 13005 59 23 18  0  0  0 2026-09-30 15:58:34
 7  0 305624  72220   4564 119232   36    0    36     0 13397 13917 54 26 21  0  0  0 2026-09-30 15:58:35
 3  0 305624  72172   4564 119232    0    0     0     0 12882 16509 64 24 11  0  0  0 2026-09-30 15:58:36
20  0 305624  71164   4572 119476    8    0   312    32 14307 13916 52 29 20  1  0  0 2026-09-30 15:58:37
 8  0 305624  71152   4572 119536    0    0     0     0 13561 12598 61 24 15  0  0  0 2026-09-30 15:58:38
 7  0 305624  71152   4572 119604    0    0   104     0 13045 13185 60 22 18  0  0  0 2026-09-30 15:58:39
 0  0 305624  70900   4572 119640    0    0     0     0 13839 14111 56 21 23  0  0  0 2026-09-30 15:58:40
 0  0 305624  70896   4572 119640    0    0     0     0 13171 13625 61 26 12  0  1  0 2026-09-30 15:58:41
 3  0 305624  70528   4580 119636    0    0     0    32 13758 13547 52 22 26  0  0  0 2026-09-30 15:58:42
 8  0 305624  70524   4580 119644    0    0     0     0 13815 14325 56 26 18  0  0  0 2026-09-30 15:58:43
procs -----------memory---------- ---swap-- -----io---- -system-- -------cpu------- -----timestamp-----
 r  b   swpd   free   buff  cache   si   so    bi    bo   in   cs us sy id wa st gu                 UTC
15  0 305624  70524   4580 119648    0    0     0     0 14173 13354 60 25 15  0  0  0 2026-09-30 15:58:44
 4  0 305624  52600   4580 119696    0    0    48     0 14143 15680 57 25 17  0  0  0 2026-09-30 15:58:45
12  0 305624  51892   4580 119696    0    0     0     0 13494 12681 64 20 16  0  0  0 2026-09-30 15:58:46
19  0 305624  51780   4588 119688    0    0     0    32 14959 13519 57 24 19  0  0  0 2026-09-30 15:58:47
 4  0 305624  51504   4588 119696    0    0     0     0 13262 13687 64 21 15  0  0  0 2026-09-30 15:58:48
 4  0 305624  51508   4588 119696    0    0     0     0 12097 12740 59 25 16  0  0  0 2026-09-30 15:58:49
 3  0 305624  51700   4588 119696    0    0     0     0 13420 13956 46 25 29  0  0  0 2026-09-30 15:58:50
 6  0 305624  51468   4588 119696    0    0     0     0 12867 13354 62 24 14  0  1  0 2026-09-30 15:58:51
13  0 305624  51368   4596 119688    0    0     0    28 13255 13945 58 21 21  0  0  0 2026-09-30 15:58:52
 7  0 305624  51432   4596 119696    0    0     0     0 13473 13398 54 26 21  0  0  0 2026-09-30 15:58:53
 5  0 305624  51244   4596 119696    0    0     0     0 13891 14615 58 26 16  0  0  0 2026-09-30 15:58:54
 6  0 305624  74228   4168 117396    0  336   144   336 13946 14554 53 25 22  0  0  0 2026-09-30 15:58:55
 3  0 305624  73944   4168 117396    0    0     0     0 13010 13265 67 22 11  0  0  0 2026-09-30 15:58:56
15  0 305624  73944   4168 117396    0    0     0     0 13670 13994 57 25 18  0  0  0 2026-09-30 15:58:57
 0  0 305624  73944   4176 117464    4    0   112    28 13875 14128 54 24 22  0  0  0 2026-09-30 15:58:58
 3  0 305624  74016   4176 117504    0    0     0     0 13213 12830 63 22 15  0  0  0 2026-09-30 15:58:59
21  0 305624  73976   4176 117504    0    0     0     0 12083 12499 45 21 26  0  8  0 2026-09-30 15:59:00
22  0 305624  73772   4176 117504    8    0     8     0 12989 11313 68 26  2  0  5  0 2026-09-30 15:59:01
 8  0 305624  73524   4176 117504    0    0     0     0 12506 13247 60 25  6  0 10  0 2026-09-30 15:59:02
21  0 305624  73472   4184 117504    0    0     0    28 12545 12692 64 24 11  0  0  0 2026-09-30 15:59:03
 4  0 305624  73468   4184 117504    0    0     0     0 13707 13897 52 23 26  0  0  0 2026-09-30 15:59:04
procs -----------memory---------- ---swap-- -----io---- -system-- -------cpu------- -----timestamp-----
 r  b   swpd   free   buff  cache   si   so    bi    bo   in   cs us sy id wa st gu                 UTC
 9  0 305624  72276   4184 117504    0    0    60     0 13508 14412 69 28  4  0  0  0 2026-09-30 15:59:05
 8  0 305624  72032   4184 117564    0    0     0     0 13118 15485 45 26 30  0  0  0 2026-09-30 15:59:06
13  0 305624  71984   4184 117564    0    0     0     0 13237 12973 62 21 18  0  0  0 2026-09-30 15:59:07
 6  0 305624  71980   4192 117564    0    0     0    28 13600 14343 57 26 18  0  0  0 2026-09-30 15:59:08
 2  0 305624  71980   4192 117564    0    0     0     0 13284 12963 63 25 12  0  0  0 2026-09-30 15:59:09
15  0 305624  71980   4192 117564    0    0     0     0 14157 13857 52 24 24  0  0  0 2026-09-30 15:59:10
 7  0 305624  71980   4192 117564    0    0     0     0 12731 13603 61 23 17  0  0  0 2026-09-30 15:59:11
21  0 305624  71976   4192 117564    0    0     0     0 12826 12250 57 26 16  0  1  0 2026-09-30 15:59:12
 7  0 305624  71976   4200 117564    0    0     0    28 13561 13770 50 24 26  0  0  0 2026-09-30 15:59:13
10  0 305624  71972   4200 117564    0    0     0     0 13911 13037 66 24 11  0  0  0 2026-09-30 15:59:14
 4  0 305880  91072   3176 109956    0  336   120   336 13463 14929 57 27 15  0  0  0 2026-09-30 15:59:15
 0  0 305880  90880   3176 109956    0    0     0     0 13194 14159 57 24 19  0  0  0 2026-09-30 15:59:16
 0  0 305880  90756   3176 109960    0    0     0     0 13211 12638 56 25 19  0  0  0 2026-09-30 15:59:17
 5  0 305880  90768   3184 109968    0    0     8    28 14673 13926 48 25 27  0  0  0 2026-09-30 15:59:18
12  0 305880  90264   3184 109968    0    0     0     0 13037 12271 65 26  9  0  0  0 2026-09-30 15:59:19
19  0 305880  89256   3184 109968    0    0     0     0 14049 14053 54 25 21  0  0  0 2026-09-30 15:59:20
 4  0 305880  89256   3184 109968    0    0     0     0 13959 13361 57 22 21  0  0  0 2026-09-30 15:59:21
10  0 305880  89256   3184 109968    0    0     0     0 13343 15494 63 23 13  0  0  0 2026-09-30 15:59:22
27  0 305880  89256   3192 109960    0    0     0    28 13378 14097 48 25 27  0  0  0 2026-09-30 15:59:23
 5  0 305880  89252   3192 109968    0    0     0     0 13396 13236 66 19 15  0  0  0 2026-09-30 15:59:24
14  0 305880  89604   3192 110036    4    0   104     0 13020 14316 61 23 16  0  1  0 2026-09-30 15:59:25
procs -----------memory---------- ---swap-- -----io---- -system-- -------cpu------- -----timestamp-----
 r  b   swpd   free   buff  cache   si   so    bi    bo   in   cs us sy id wa st gu                 UTC
 7  0 305880  89108   3192 110068    0    0     0     0 13097 13509 60 22 17  0  0  0 2026-09-30 15:59:26
 3  0 305880  88336   3212 110660    4    0   604   216 12568 14625 66 20 14  1  0  0 2026-09-30 15:59:27
10  0 305880  88076   3212 110664    0    0     0    16 13597 13377 52 22 26  0  0  0 2026-09-30 15:59:28
 9  0 305880  87620   3212 110664    0    0     0     0 13526 13413 64 24 13  0  0  0 2026-09-30 15:59:29
11  0 305880  87356   3212 110664    0    0     0     0 13507 12939 57 25 18  0  0  0 2026-09-30 15:59:30
 2  0 305880  87324   3212 110664    0    0     0     0 13617 13603 56 20 23  0  0  0 2026-09-30 15:59:31
 0  0 305880  87320   3212 110664    0    0     0     0 12875 12624 62 23 15  0  0  0 2026-09-30 15:59:32
 6  0 305880  87316   3220 110664    0    0     0    76 13256 14157 48 24 28  0  0  0 2026-09-30 15:59:33
 1  0 305880  87316   3220 110664    0    0     0     0 12773 13215 57 25 18  0  0  0 2026-09-30 15:59:34
18  0 305880  86100   3220 110664    0    0     0     0 13843 13854 58 26 16  0  0  0 2026-09-30 15:59:35
 0  0 305880  86052   3220 110784    0    0   120     0 13241 14432 57 25 17  0  0  0 2026-09-30 15:59:36
20  0 305880  83420   3220 112904   12    0    12     0 13306 13454 49 26 25  0  0  0 2026-09-30 15:59:37
 0  0 305880  83372   3228 112884    0    0     0    28 14444 12881 64 22 14  0  0  0 2026-09-30 15:59:38
15  0 305880  83168   3228 112900    0    0     0     0 14087 13306 57 24 19  0  0  0 2026-09-30 15:59:39
 0  0 305880  83124   3228 112900    0    0     0     0 13353 13420 56 21 22  0  1  0 2026-09-30 15:59:40
 7  0 305880  83124   3228 112900    4    0     4     0 13844 13494 63 25 12  0  1  0 2026-09-30 15:59:41
 7  0 305880  91760   3228 112892    0    0     0     0 12950 14992 48 24 27  0  0  0 2026-09-30 15:59:42
 1  0 305880  91480   3228 112892    0    0     0     0 13793 13227 62 25 13  0  0  0 2026-09-30 15:59:43
21  0 305880  91476   3236 112888    0    0     0    28 14376 15064 58 20 22  0  0  0 2026-09-30 15:59:44
 2  0 305880  90648   3236 113040    8    0   160     0 14653 15109 64 23 13  0  0  0 2026-09-30 15:59:45
 4  0 305880  90648   3236 113068    0    0     0     0 13676 13933 50 23 27  0  0  0 2026-09-30 15:59:46
procs -----------memory---------- ---swap-- -----io---- -system-- -------cpu------- -----timestamp-----
 r  b   swpd   free   buff  cache   si   so    bi    bo   in   cs us sy id wa st gu                 UTC
 9  0 305880  90648   3236 113092    0    0     0     0 12356 12181 69 19 13  0  0  0 2026-09-30 15:59:47
 8  0 305880  90768   3236 113092    0    0     0     0 13472 13163 57 26 17  0  0  0 2026-09-30 15:59:48
 3  0 305880  90768   3244 113080    0    0     0    28 13041 12948 56 22 22  0  1  0 2026-09-30 15:59:49
 1  0 305880  90768   3244 113092    0    0     0     0 13219 12408 57 28 15  0  0  0 2026-09-30 15:59:50
19  0 305880  90564   3244 113092    0    0     0     0 13367 13857 46 27 27  0  0  0 2026-09-30 15:59:51
 0  0 305880  90516   3244 113088    4    0     4     0 13715 12967 66 26  8  0  1  0 2026-09-30 15:59:52
15  0 305880  90516   3244 113092    0    0     0     0 12967 12451 60 24 17  0  0  0 2026-09-30 15:59:53
10  0 305880  90520   3252 113088    0    0     0    32 13493 14730 58 25 17  0  0  0 2026-09-30 15:59:54
19  0 305880  86228   3252 113088    0    0     0     0 12811 13760 64 27  9  0  0  0 2026-09-30 15:59:55
12  0 305880  85948   3252 113092    4    0     4     0 13556 13550 53 20 28  0  0  0 2026-09-30 15:59:56
 0  0 305880  85948   3252 113088    0    0     0     0 13027 14101 62 24 15  0  0  0 2026-09-30 15:59:57
12  0 305880  85740   3252 113088    0    0     0     0 13895 13397 61 22 17  0  0  0 2026-09-30 15:59:58
 2  0 305880  85692   3260 113088    0    0     0    32 13188 13821 53 22 25  0  0  0 2026-09-30 15:59:59
15  0 305880  85692   3260 113160  508    0   580     0 11991 11998 59 25 11  1  4  0 2026-09-30 16:00:00
29  1 305880  80156   3264 113628 3912    0  4404     0 9241 8844 43 20  2  3 32  0 2026-09-30 16:00:01
 7  0 305880  78680   3264 113664  464    0   500     0 4956 4384 24  9  7  2 59  0 2026-09-30 16:00:02
24  0 305880  77392   3264 113868  220    0   368     0 6510 5282 38 15  1  0 46  0 2026-09-30 16:00:03
28  0 305880  75096   3272 114104  432    0   736    28 11788 10276 68 23  4  0  6  0 2026-09-30 16:00:04
18  0 305880  75092   3272 114128   16    0    16     0 13760 12915 64 29  7  0  0  0 2026-09-30 16:00:05
24  0 305880  78152   3272 114144   40    0    40     4 12099 11516 72 27  1  0  0  0 2026-09-30 16:00:06
15  0 305880  78148   3272 114140    0    0     0     0 13156 13147 63 27  9  0  0  0 2026-09-30 16:00:07
procs -----------memory---------- ---swap-- -----io---- -system-- -------cpu------- -----timestamp-----
 r  b   swpd   free   buff  cache   si   so    bi    bo   in   cs us sy id wa st gu                 UTC
 8  0 305880  78152   3272 114176   96    0    96     0 12498 12200 66 28  5  0  0  0 2026-09-30 16:00:08
 7  0 305880  78152   3280 114164    0    0     0    28 13743 12242 45 22 33  0  0  0 2026-09-30 16:00:09
 6  0 305880  78152   3280 114160    0    0     0     0 13822 12282 64 21 14  0  0  0 2026-09-30 16:00:10
15  0 305880  78152   3280 114168    0    0     0     0 13886 13280 55 25 19  0  0  0 2026-09-30 16:00:11
 5  0 305880  78156   3280 114164    0    0     0     0 14472 15311 63 24 13  0  0  0 2026-09-30 16:00:12
11  0 305880  78152   3280 114164    0    0     0     0 13650 13256 65 23 12  0  0  0 2026-09-30 16:00:13
 7  0 305880  78148   3288 114148    0    0     0    28 14938 14589 48 26 26  0  0  0 2026-09-30 16:00:14
 4  0 305880  78148   3288 114160    0    0     0     0 13478 14682 70 21  8  0  0  0 2026-09-30 16:00:15
16  0 305880  77336   3288 114156    0    0     0     0 13639 13908 61 23 16  0  0  0 2026-09-30 16:00:16
 2  0 305880  77344   3288 114176    0    0     0     0 13550 13743 52 24 24  0  0  0 2026-09-30 16:00:17
17  0 305880  77344   3288 114172    0    0     0     0 13567 12389 65 24 11  0  0  0 2026-09-30 16:00:18
 8  0 305880  77340   3296 114156    0    0    24    28 14220 14019 48 26 26  0  0  0 2026-09-30 16:00:19
 4  0 305880  77340   3296 114184    0    0     0     0 13038 13520 62 29 10  0  0  0 2026-09-30 16:00:20
22  0 305880  77340   3296 114192    0    0     0     0 14484 13176 57 27 16  0  0  0 2026-09-30 16:00:21
 1  0 305880  77340   3296 114188    0    0     0     0 13735 12871 56 25 19  0  0  0 2026-09-30 16:00:22
 0  0 305880  77340   3296 114192    0    0     0     0 13196 12792 61 24 15  0  0  0 2026-09-30 16:00:23
 0  0 305880  77340   3296 114192    0    0     0     0 14161 16130 51 23 26  0  0  0 2026-09-30 16:00:24
18  0 305880  77340   3304 114192    0    0     0    28 13535 13207 54 26 19  0  1  0 2026-09-30 16:00:25
 2  0 305880  76280   3304 114260    0    0     0     0 12674 14371 65 25 10  0  1  0 2026-09-30 16:00:26
 0  0 305880  76248   3304 114196    0    0     0     0 12759 13151 46 28 27  0  0  0 2026-09-30 16:00:27
 2  0 305880  76248   3320 114216    0    0     0   200 13175 13207 64 23 13  0  0  0 2026-09-30 16:00:28
procs -----------memory---------- ---swap-- -----io---- -system-- -------cpu------- -----timestamp-----
 r  b   swpd   free   buff  cache   si   so    bi    bo   in   cs us sy id wa st gu                 UTC
13  0 305880  76248   3320 114220    0    0     0     0 12727 13126 53 25 23  0  0  0 2026-09-30 16:00:29
11  0 305880  76248   3320 114212    0    0     0    16 12364 12406 53 24 22  0  0  0 2026-09-30 16:00:30
19  0 305880  76248   3320 114200    4    0     4     0 13739 12612 56 22 22  0  0  0 2026-09-30 16:00:31
 4  0 305880  76248   3320 114200    0    0     0     0 13325 13656 55 23 23  0  0  0 2026-09-30 16:00:32
 5  0 305880  76248   3320 114212    0    0     0     4 13390 12602 62 22 16  0  1  0 2026-09-30 16:00:33
 3  0 305880  76248   3328 114212    0    0     0    16 13543 13091 43 23 33  1  0  0 2026-09-30 16:00:34
 3  0 305880  76248   3328 114220    0    0     0    16 12596 12739 61 24 15  0  0  0 2026-09-30 16:00:35
18  0 305880  67368   3328 114216    0    0     0     0 12777 14166 47 27 27  0  0  0 2026-09-30 16:00:36
 0  0 305880  75196   3328 114348   20    0   128     0 13025 12640 62 21 16  0  0  0 2026-09-30 16:00:37
15  0 305880  75148   3328 114344    0    0     0     0 13109 12541 55 20 25  0  0  0 2026-09-30 16:00:38
 0  0 305880  75148   3328 114440    4    0   120     0 12912 12784 47 22 32  0  0  0 2026-09-30 16:00:39
10  0 305880  75148   3336 114476    0    0     0    28 11972 12577 57 22 21  0  0  0 2026-09-30 16:00:40
 2  0 305880  74900   3336 114476    0    0     0     0 12371 13221 43 22 35  0  0  0 2026-09-30 16:00:41
 9  0 305880  74900   3336 114452    0    0     0     0 12627 12328 56 20 24  0  1  0 2026-09-30 16:00:42
 4  0 305880  74896   3336 114472    0    0     0     0 13398 13052 38 25 37  0  0  0 2026-09-30 16:00:43
11  0 305880  74896   3336 114456    0    0     0     0 12251 12546 58 22 21  0  0  0 2026-09-30 16:00:44
 6  0 305880  74896   3344 114452    0    0     0    28 12809 12734 39 20 41  0  0  0 2026-09-30 16:00:45
 0  0 305880  77380   3344 114468    0    0     0     0 12345 12809 59 21 20  0  0  0 2026-09-30 16:00:46
 2  0 305880  77388   3344 114460    0    0     0     0 13130 12702 40 21 39  0  0  0 2026-09-30 16:00:47
 1  0 305880  77136   3344 114460    0    0     0     0 12737 12309 58 19 24  0  0  0 2026-09-30 16:00:48
 6  0 305880  76684   3344 114460    0    0     0     0 12214 12059 38 19 43  0  0  0 2026-09-30 16:00:49
procs -----------memory---------- ---swap-- -----io---- -system-- -------cpu------- -----timestamp-----
 r  b   swpd   free   buff  cache   si   so    bi    bo   in   cs us sy id wa st gu                 UTC
 2  0 305880  76388   3352 114456    0    0     0    28 11855 12188 55 22 23  0  0  0 2026-09-30 16:00:50
 0  0 305880  76516   3352 114436    0    0     0     0 12141 12420 38 20 42  0  0  0 2026-09-30 16:00:51
 2  0 305880  76512   3352 114436    0    0     0     0 12353 11850 53 21 26  0  0  0 2026-09-30 16:00:52
 4  0 305880  76260   3352 114456    0    0     0     0 12161 11982 38 19 42  0  1  0 2026-09-30 16:00:53
27  0 305880  75504   3352 114452    0    0     0     0 10656 11014 52 15 33  0  0  0 2026-09-30 16:00:54
 7  0 305880  74776   3360 114452    0    0     0    64 11939 11355 44 18 39  0  0  0 2026-09-30 16:00:55
 2  0 305880  73356   3360 114436    0    0     0     0 11810 12836 44 19 37  0  0  0 2026-09-30 16:00:56
 0  0 305880  73108   3360 114448    0    0     0     0 11798 11990 49 19 32  0  0  0 2026-09-30 16:00:57
 2  0 305880  72608   3360 114444    0    0     0     0 12551 12099 37 19 43  0  0  0 2026-09-30 16:00:58
 0  0 305880  72600   3360 114428    0    0     0     0 11226 10782 50 17 33  0  0  0 2026-09-30 16:00:59
16  0 305880  72096   3368 114416    0    0     0    28 9433 9976 31 18 39  0 13  0 2026-09-30 16:01:00
 0  0 305880  71972   3368 114428   88    0    88     0 11121 11489 59 21 13  0  7  0 2026-09-30 16:01:01
26  0 305880  71720   3368 114424    0    0     0     0 5649 5270 24 13 10  0 52  0 2026-09-30 16:01:02
 9  0 305880  71720   3368 114404    0    0     0     0 11432 11054 62 22 12  0  4  0 2026-09-30 16:01:03
 3  0 305880  80928   3368 114436    0    0     0     0 11009 11102 44 20 36  0  0  0 2026-09-30 16:01:04
 1  0 305880  80928   3376 114424    0    0     0    32 11492 10685 37 17 45  0  1  0 2026-09-30 16:01:05
 3  0 305880  65172   3376 114412    4    0    44     0 11013 11720 54 19 27  1  0  0 2026-09-30 16:01:06
 0  0 305880  64904   3376 114464    0    0     0     0 10898 10716 36 16 48  0  0  0 2026-09-30 16:01:07
 9  0 305880  64904   3376 114464    0    0     0     0 9881 10060 41 16 42  0  0  0 2026-09-30 16:01:08
 3  0 305880  64900   3376 114456    0    0     0     0 10977 10919 40 17 43  0  1  0 2026-09-30 16:01:09
 4  0 305880  64644   3376 114468    0    0     0     0 10478 10176 35 18 47  0  1  0 2026-09-30 16:01:10
procs -----------memory---------- ---swap-- -----io---- -system-- -------cpu------- -----timestamp-----
 r  b   swpd   free   buff  cache   si   so    bi    bo   in   cs us sy id wa st gu                 UTC
 1  0 305880  64396   3384 114464    0    0     0    28 10284 9689 46 15 39  0  0  0 2026-09-30 16:01:11
 2  0 305880  64396   3384 114448    0    0     0     0 11392 10957 36 19 45  0  1  0 2026-09-30 16:01:12
 1  0 305880  64396   3384 114448    0    0     0     0 10665 10278 35 16 49  0  0  0 2026-09-30 16:01:13
 4  0 305880  64396   3384 114448    0    0     0     0 9255 9742 44 15 41  0  1  0 2026-09-30 16:01:14
 5  0 305880  64396   3384 114460    0    0     0     0 10218 10055 29 16 55  0  1  0 2026-09-30 16:01:15
 0  0 305880  72780   3392 114448    0    0     0    28 10761 11442 35 16 49  0  0  0 2026-09-30 16:01:16
 0  0 305880  72532   3392 114464    0    0     0     0 10266 10164 25 19 56  0  0  0 2026-09-30 16:01:17
 0  1 305880  72532   3392 114492   28    0    28     0 9700 9270 46 14 40  0  0  0 2026-09-30 16:01:18
 2  0 305880  72532   3392 114504    8    0    44     0 10415 9973 28 18 53  0  1  0 2026-09-30 16:01:19
 1  0 305880  72532   3392 114496    0    0     0     0 9742 9359 26 15 59  0  0  0 2026-09-30 16:01:20
 4  0 305880  72024   3400 114500    0    0     0    28 9529 9256 29 14 57  0  0  0 2026-09-30 16:01:21
 8  0 305880  72024   3400 114516    0    0     0     0 9967 9620 30 16 54  0  0  0 2026-09-30 16:01:22
 2  0 305880  72024   3400 114508    0    0     0     0 9361 9310 36 16 48  0  0  0 2026-09-30 16:01:23
 1  0 305880  72024   3400 114508    0    0     0     0 9943 9656 26 15 59  0  0  0 2026-09-30 16:01:24
 0  0 305880  72024   3400 114508    0    0     0     0 9764 9438 28 16 56  0  1  0 2026-09-30 16:01:25
 6  0 305880  72024   3408 114472    0    0     0    32 9102 9257 29 14 57  0  0  0 2026-09-30 16:01:26
 4  0 305880  74324   3408 114424    4    0     4     0 9119 9393 40 16 44  0  0  0 2026-09-30 16:01:27
 0  0 305880  74588   3408 114384    0    0     0     0 9026 8735 27 14 58  0  1  0 2026-09-30 16:01:28
 0  0 305624  92644   3424 114716  228    0   620   148 9478 9220 33 14 53  1  0  0 2026-09-30 16:01:29
 1  0 305624  92164   3424 114740    0    0     0     0 8673 8920 28 15 57  0  0  0 2026-09-30 16:01:30
 0  0 305624  91880   3424 114688    0    0     0    16 8455 8494 28 13 59  0  0  0 2026-09-30 16:01:31
procs -----------memory---------- ---swap-- -----io---- -system-- -------cpu------- -----timestamp-----
 r  b   swpd   free   buff  cache   si   so    bi    bo   in   cs us sy id wa st gu                 UTC
 7  0 305624  91888   3424 114688    0    0     0     0 8109 7752 28 12 61  0  0  0 2026-09-30 16:01:32
 1  0 305624  91888   3424 114664    0    0     0     0 8102 8074 37 10 53  0  1  0 2026-09-30 16:01:33
 0  0 305624  91636   3424 114652   56    0    64     0 8625 8288 25 14 61  0  0  0 2026-09-30 16:01:34
 2  0 305624  91636   3432 114608    0    0     0    20 8859 8501 22 13 65  0  0  0 2026-09-30 16:01:35
 6  0 305624  89872   3432 114556    4    0     4    56 8370 8164 23 16 61  0  1  0 2026-09-30 16:01:36
 0  0 305624  78676   3432 114552   60    0    60     0 8921 9550 26 15 58  1  0  0 2026-09-30 16:01:37
 0  0 305624  78676   3432 114536    0    0     0     0 7386 7489 35 10 54  0  0  0 2026-09-30 16:01:38
 0  0 305624  77924   3432 114616    4    0   100     0 7311 7177 24 13 63  0  0  0 2026-09-30 16:01:39
 0  0 305624  77196   3432 114616    0    0     0     0 7942 7595 24 12 63  0  1  0 2026-09-30 16:01:40
 2  0 305624  76416   3440 114560    0    0     0    28 7348 7317 20 12 69  0  0  0 2026-09-30 16:01:41
 2  0 305624  76416   3440 114528    0    0     0     0 7558 7609 24 11 65  0  0  0 2026-09-30 16:01:42
 0  0 305624  76416   3440 114512    0    0     0     0 7141 7185 18 13 69  0  0  0 2026-09-30 16:01:43
 0  0 305624  76416   3440 114456    0    0     0     0 7318 6776 21 13 67  0  0  0 2026-09-30 16:01:44
 1  0 305624  76416   3440 114456    0    0     0     0 6788 6453 32 12 56  0  1  0 2026-09-30 16:01:45
 0  0 305624  76416   3448 114452    0    0     0    28 7175 6798 19 11 69  0  1  0 2026-09-30 16:01:46
 3  0 305624  80992   3448 114432    4    0     4     0 7431 7922 22 11 67  0  0  0 2026-09-30 16:01:47
 2  0 305624  80988   3448 114424    0    0    24     0 6568 6490 16 10 73  0  0  0 2026-09-30 16:01:48
 0  0 305624  80988   3448 114408    0    0     0     0 6760 6610 19 11 70  0  0  0 2026-09-30 16:01:49
 0  0 305624  80984   3448 114360    0    0     0     0 6832 6401 20 11 69  0  0  0 2026-09-30 16:01:50
 0  0 305624  80984   3448 114344    0    0     0    16 6348 6058 23  8 69  0  0  0 2026-09-30 16:01:51
 0  0 305624  80984   3456 114344    0    0     0    12 6143 5988 18 12 70  0  0  0 2026-09-30 16:01:52
procs -----------memory---------- ---swap-- -----io---- -system-- -------cpu------- -----timestamp-----
 r  b   swpd   free   buff  cache   si   so    bi    bo   in   cs us sy id wa st gu                 UTC
 3  0 305624  80984   3456 114352   28    0    68     0 6069 5899 26 11 63  0  0  0 2026-09-30 16:01:53
 1  0 305624  80984   3456 114352    0    0     0     0 6091 5810 18 11 71  0  0  0 2026-09-30 16:01:54
 0  0 305624  80984   3456 114352    0    0     0     0 5761 5408 17  9 74  0  0  0 2026-09-30 16:01:55
 3  0 305624  80980   3456 114336    0    0     0     0 5664 5283 16  9 75  0  0  0 2026-09-30 16:01:56
 1  0 305624  61456   3464 114308    0    0     0    28 6506 7123 20 12 68  1  1  0 2026-09-30 16:01:57
 2  0 305624  70972   3464 114256    0    0     0     0 5424 5210 16  9 75  0  0  0 2026-09-30 16:01:58
 4  0 305624  71008   3464 114256    0    0     0     0 5261 5072 15  8 77  0  0  0 2026-09-30 16:01:59
24  0 305624  71100   3464 114256    0    0     0     0 4644 4569 12  9 64  0 15  0 2026-09-30 16:02:00
 3  0 305624  71228   3464 114240    0    0     0     0 5018 4835 16  8 69  0  8  0 2026-09-30 16:02:01
 0  0 305624  71272   3472 114240    0    0     0    28 4634 4439 13 11 65  0 12  0 2026-09-30 16:02:02
 1  0 305624  71344   3472 114224    0    0     0     0 5174 5115 15 10 75  0  1  0 2026-09-30 16:02:03
 0  0 305624  71344   3472 114224    0    0     0     0 4152 3972 12  7 81  0  0  0 2026-09-30 16:02:04
 0  0 305624  71344   3472 114224    4    0     4     0 4248 4216 23  7 70  0  0  0 2026-09-30 16:02:05
 0  0 305624  71344   3472 114192    0    0     0     0 4431 4242 13  9 79  0  0  0 2026-09-30 16:02:06
 0  0 305624  73176   3480 114168    4    0     4    28 4264 4902 11  8 81  0  0  0 2026-09-30 16:02:07
 0  0 305624  73176   3480 114144    0    0     0     0 4324 4101 10  6 83  0  0  0 2026-09-30 16:02:08
 0  0 305624  73172   3480 114144    0    0     0     0 3831 3798  8  7 84  0  1  0 2026-09-30 16:02:09
 0  0 305624  73172   3480 114144    0    0     0     0 3722 3615 10  5 85  0  0  0 2026-09-30 16:02:10
 0  0 305624  73172   3480 114096    0    0     0     0 3372 3397  9  6 85  0  0  0 2026-09-30 16:02:11
 1  0 305624  73172   3488 114064    0    0     0    32 3631 3586 11  6 83  0  0  0 2026-09-30 16:02:12
 0  0 305624  73172   3488 114032    0    0     0     0 3246 3142  8  6 87  0  0  0 2026-09-30 16:02:13
procs -----------memory---------- ---swap-- -----io---- -system-- -------cpu------- -----timestamp-----
 r  b   swpd   free   buff  cache   si   so    bi    bo   in   cs us sy id wa st gu                 UTC
 0  0 305624  73172   3488 114088    0    0    56     0 2554 2631  7  5 87  0  0  0 2026-09-30 16:02:14
 0  0 305624  73172   3488 114060    0    0     0     0 2885 2911  7  7 86  0  0  0 2026-09-30 16:02:15
 1  0 305624  73172   3488 114044    0    0     0     0 2624 2621  7  6 88  0  0  0 2026-09-30 16:02:16
 0  0 305624  79624   3496 114000    0    0     0    28 3046 3959  8  6 86  0  0  0 2026-09-30 16:02:17
 0  0 305624  78364   3496 113948    0    0     0     0 2191 2286  6  5 89  0  0  0 2026-09-30 16:02:18
 0  0 305624  78364   3496 113916    0    0     0     0 2199 2282  5  5 90  0  0  0 2026-09-30 16:02:19
 0  0 305624  77860   3496 113868    0    0     0     0 1904 2110  5  4 91  0  1  0 2026-09-30 16:02:20
 0  0 305624  77860   3496 113836    0    0     0     0 1770 1909  5  4 91  0  0  0 2026-09-30 16:02:21
 0  0 305624  75640   3504 113832    0    0     0    28 1475 1603  4  4 92  1  0  0 2026-09-30 16:02:22
 0  0 305624  73328   3504 113788    0    0     0     0 1336 1526  4  3 93  0  0  0 2026-09-30 16:02:23
 0  0 305624  73084   3504 113756    0    0     0     0 1176 1395  3  3 95  0  0  0 2026-09-30 16:02:24
 0  0 305624  73084   3504 113692    0    0     0     0  823 1064  1  4 96  0  0  0 2026-09-30 16:02:25
 0  0 305624  73084   3504 113676    0    0     0     0  857 1122  1  3 96  0  0  0 2026-09-30 16:02:26
 0  0 305624  76076   3512 113660    0    0     0    28 1384 2498  4  4 92  0  0  0 2026-09-30 16:02:27
 0  0 305624  76076   3512 113612    0    0     0     0  814 1030  1  3 96  0  0  0 2026-09-30 16:02:28
 0  0 305624  76076   3512 113564    0    0     0     0  814 1110  1  4 95  0  0  0 2026-09-30 16:02:29
 0  0 305624  76076   3528 113564    4    0     4    84  928 1197  2  4 95  0  1  0 2026-09-30 16:02:30
 0  0 305624  75572   3528 113484    0    0     0     0  839 1073  1  3 96  0  0  0 2026-09-30 16:02:31
 0  0 305624  73052   3528 113468    0    0     0    44  834 1114  2  3 95  0  0  0 2026-09-30 16:02:32
 0  0 305624  95200   3528 112796    4    0    44     0 2555 1578  4  6 90  0  0  0 2026-09-30 16:02:33
 1  0 305624 109812   3528 110948    0    0     0     0  734  945  2  3 96  0  0  0 2026-09-30 16:02:34
procs -----------memory---------- ---swap-- -----io---- -system-- -------cpu------- -----timestamp-----
 r  b   swpd   free   buff  cache   si   so    bi    bo   in   cs us sy id wa st gu                 UTC
 0  0 305624 108292   3528 110948    0    0     0     0  744 1040  2  2 96  0  0  0 2026-09-30 16:02:35
 0  0 305624 108292   3536 111148   16    0   216    20  759 1027  3  3 94  1  0  0 2026-09-30 16:02:36
 0  0 305624 104656   3536 111148    0    0     0     0 1119 2127  3  4 93  0  0  0 2026-09-30 16:02:37
 0  0 305624 103868   3536 111148    0    0     0    16  757 1017  1  4 95  0  0  0 2026-09-30 16:02:38
 0  0 305624 103868   3536 111148    0    0     0     0  826 1122  1  3 96  0  0  0 2026-09-30 16:02:39
 0  0 305624 103620   3536 111148    0    0     0     0  705  992  1  3 97  0  0  0 2026-09-30 16:02:40
 0  0 305624 101360   3536 111148    0    0     0     0  748 1031  2  4 95  0  0  0 2026-09-30 16:02:41
 0  0 305624 101356   3536 111148    0    0     0     0  787 1142  2  2 95  0  1  0 2026-09-30 16:02:42
 1  0 305624 101356   3544 111148    0    0     0    16  713  978  1  3 96  0  0  0 2026-09-30 16:02:43
 0  0 305624  99848   3544 111148    0    0     0     0  723 1004  1  4 96  0  0  0 2026-09-30 16:02:44
 0  0 305624  96876   3544 111148    0    0     0     0  757 1036  1  3 96  0  1  0 2026-09-30 16:02:45
 0  0 305624  94312   3544 111148    0    0     0     0  723  962  1  4 96  0  0  0 2026-09-30 16:02:46
 0  0 305624  97540   3544 111148    0    0     0     0 1162 2148  3  5 92  0  0  0 2026-09-30 16:02:47
 0  0 305624  97324   3552 111148    0    0     0    16  791 1095  1  3 96  0  0  0 2026-09-30 16:02:48
 0  0 305624  97044   3552 111148    0    0     0     0  711  982  1  2 97  0  0  0 2026-09-30 16:02:49
 0  0 305624  96084   3552 111148    0    0     0     0  768 1054  1  3 96  0  0  0 2026-09-30 16:02:50
 0  0 305624  95788   3552 111152    0    0     0     0  748 1026  2  3 96  0  0  0 2026-09-30 16:02:51
 0  0 305624  95788   3552 111152    0    0     0     0  680  929  1  3 96  0  0  0 2026-09-30 16:02:52
 0  0 305624  94780   3552 111152    0    0     0     4  764 1035  1  3 96  0  0  0 2026-09-30 16:02:53
 0  0 305624  94028   3552 111152    0    0     0     0  708  946  2  3 95  0  0  0 2026-09-30 16:02:54
 0  0 305624  94028   3552 111152    0    0     0     0  718  970  1  3 96  0  0  0 2026-09-30 16:02:55
procs -----------memory---------- ---swap-- -----io---- -system-- -------cpu------- -----timestamp-----
 r  b   swpd   free   buff  cache   si   so    bi    bo   in   cs us sy id wa st gu                 UTC
 0  0 305624  94028   3552 111152    0    0     0     0  683  968  1  3 96  0  1  0 2026-09-30 16:02:56
 0  0 305624  80760   3552 111212    4    0    64     0 1149 2262  4  5 92  0  0  0 2026-09-30 16:02:57
 0  0 305624  83284   3560 111212    0    0     0    16  721 1023  2  3 96  0  0  0 2026-09-30 16:02:58
 0  0 305624  83544   3560 111212    0    0     0     0  740 1045  2  4 95  0  0  0 2026-09-30 16:02:59
 0  0 305624  85496   3560 111212    0    0     0     0  723 1033  0  3 89  0  7  0 2026-09-30 16:03:00
 0  0 305624  84040   3560 111212    0    0     0     0  726  984  1  3 95  0  1  0 2026-09-30 16:03:01
 0  0 305624  85492   3560 111212    0    0     0     0  710 1023  1  3 90  0  5  0 2026-09-30 16:03:02
 0  0 305624  85212   3560 111212    0    0     0     4  718 1002  2  3 95  0  0  0 2026-09-30 16:03:03
 0  0 305624  84964   3560 111212    0    0     0     0  697  988  2  3 96  0  0  0 2026-09-30 16:03:04
 0  0 305624  84748   3560 111212    0    0     0     0  740 1016  1  4 95  0  1  0 2026-09-30 16:03:05
 0  0 305624  84716   3560 111212    0    0     0     4  725 1000  1  4 95  0  0  0 2026-09-30 16:03:06
 0  0 305624  89668   3560 111212    8    0     8     0 1130 2189  4  3 93  0  0  0 2026-09-30 16:03:07
 1  0 305624  88724   3568 111212    0    0     0    16  771 1042  1  3 95  1  0  0 2026-09-30 16:03:08
 0  0 305624  86400   3568 111212    0    0     0     0  727 1017  2  3 96  0  1  0 2026-09-30 16:03:09
 0  0 305624  83128   3568 111212    0    0     0     0  706 1006  1  3 96  0  0  0 2026-09-30 16:03:10
 0  0 305624  79872   3568 111212    0    0     0     0  734  998  2  3 95  0  0  0 2026-09-30 16:03:11
 0  0 305624  79856   3568 111212    0    0     0     0  749 1120  2  4 95  0  0  0 2026-09-30 16:03:12
 0  0 305624  79856   3568 111212    0    0     0     4  761 1000  1  4 96  0  0  0 2026-09-30 16:03:13
 0  0 305624  79604   3568 111212    0    0     0     0  722  983  2  2 96  0  0  0 2026-09-30 16:03:14
 0  0 305624  79352   3568 111212    4    0     4     0  743 1059  2  3 95  0  0  0 2026-09-30 16:03:15
 0  0 305624  79352   3568 111176    0    0     0     0  754 1037  2  3 96  0  0  0 2026-09-30 16:03:16
procs -----------memory---------- ---swap-- -----io---- -system-- -------cpu------- -----timestamp-----
 r  b   swpd   free   buff  cache   si   so    bi    bo   in   cs us sy id wa st gu                 UTC
 0  0 305624  80520   3568 111160    0    0     0     0 1116 2186  4  4 93  0  0  0 2026-09-30 16:03:17
 0  0 305624  80272   3568 111160    0    0     0     8  738 1051  1  3 96  0  0  0 2026-09-30 16:03:18
 0  0 305624  83300   3576 111160    0    0     0    12  827 1129  2  3 95  0  0  0 2026-09-30 16:03:19
 0  0 305624  89116   3576 111160    0    0     0     0  931 1298  2  4 95  0  0  0 2026-09-30 16:03:20
 0  0 305624  90328   3576 111160    8    0     8     0  768 1076  2  3 96  0  1  0 2026-09-30 16:03:21
 0  0 305624  90384   3576 111152    0    0     0     0  886 1295  1  3 96  0  0  0 2026-09-30 16:03:22
 0  0 305624  96436   3576 111148    0    0     0     0  814 1190  1  4 95  0  0  0 2026-09-30 16:03:23
 0  0 305624  96564   3576 111144    0    0     0     8  767 1032  1  4 96  0  0  0 2026-09-30 16:03:24
 0  0 305624  96564   3584 111144    0    0     0    16  776 1081  2  2 96  0  0  0 2026-09-30 16:03:25
 1  0 305624  96564   3584 111148    0    0     0     0  721  978  2  3 96  0  0  0 2026-09-30 16:03:26
 0  0 305624 109168   3584 111120    0    0     0     0 1188 2231  4  3 92  0  0  0 2026-09-30 16:03:27
 0  0 305624 107156   3584 111120    0    0     0     0  758 1020  2  3 96  0  0  0 2026-09-30 16:03:28
 0  0 305624 104012   3584 111120    0    0     0    12  755 1079  2  3 96  0  0  0 2026-09-30 16:03:29
 0  0 305624 105004   3584 111120    0    0     0     0  761 1097  1  3 96  0  0  0 2026-09-30 16:03:30
 0  0 305624 104792   3592 111104    0    0     0    12  751  996  1  3 96  0  0  0 2026-09-30 16:03:31
 0  0 305624 104796   3592 111104    0    0     0     0  751 1028  1  3 95  0  0  0 2026-09-30 16:03:32
 0  0 305624 133188   3592 110988    4    0     4     0  770 1129  1  3 96  0  0  0 2026-09-30 16:03:33
 0  0 305624 130120   3592 110988    0    0     0     8  721  991  1  3 96  0  0  0 2026-09-30 16:03:34
 0  0 305624 130120   3592 110988    0    0     0     0  718 1056  1  4 96  0  0  0 2026-09-30 16:03:35
 0  0 305624 129868   3592 110988    0    0     0     0  715  981  2  3 94  0  0  0 2026-09-30 16:03:36
 1  0 305624 123388   3592 110988    0    0     0     0 1217 2353  3  4 93  0  0  0 2026-09-30 16:03:37
procs -----------memory---------- ---swap-- -----io---- -system-- -------cpu------- -----timestamp-----
 r  b   swpd   free   buff  cache   si   so    bi    bo   in   cs us sy id wa st gu                 UTC
 0  0 305624 121376   3592 110988    0    0     0     0  724 1034  1  4 96  0  0  0 2026-09-30 16:03:38
 0  0 305624 116852   3600 110988    4    0     4    20  829 1159  2  3 96  0  0  0 2026-09-30 16:03:39
 0  0 305624 113068   3600 110988    0    0     0     0  751 1079  1  4 95  0  0  0 2026-09-30 16:03:40
 0  0 305624 109796   3600 110988    0    0     0     0  742 1036  1  4 94  0  0  0 2026-09-30 16:03:41
 0  0 305624 109796   3600 110988    0    0     0     0  783 1137  1  3 96  0  0  0 2026-09-30 16:03:42
 0  0 305624 109796   3600 110988    0    0     0     0  746 1018  1  3 96  0  0  0 2026-09-30 16:03:43
 0  0 305624 109796   3600 110988    0    0     0     4  759 1011  1  3 95  0  0  0 2026-09-30 16:03:44
 0  0 305624 110052   3600 110988    0    0     0     0  773 1091  1  2 97  0  0  0 2026-09-30 16:03:45
 0  0 305624 110052   3600 110988    0    0     0     0  699 1001  2  2 96  0  0  0 2026-09-30 16:03:46
 0  0 305624 109580   3600 110984    0    0     0     0 1183 2212  3  5 93  0  0  0 2026-09-30 16:03:47
 0  0 305624 111864   3600 110988    0    0     0     0  743 1016  2  3 96  0  0  0 2026-09-30 16:03:48
 1  0 305624 112612   3608 110988    0    0     0    16  736 1041  1  3 96  1  0  0 2026-09-30 16:03:49
 0  0 305624 112612   3608 110988    0    0     0     0  701 1009  2  3 96  0  1  0 2026-09-30 16:03:50
 1  0 305624 112612   3608 110988    0    0     0     0  710  997  2  2 97  0  0  0 2026-09-30 16:03:51
 0  0 305624 112612   3608 110988    0    0     0     0  709  962  1  3 96  0  0  0 2026-09-30 16:03:52
 0  0 305624 112612   3608 110972    0    0     0     0  713  981  2  3 96  0  0  0 2026-09-30 16:03:53
 0  0 305624 112612   3608 110972    0    0     0     4  675  949  1  3 96  0  0  0 2026-09-30 16:03:54
 0  0 305624 112360   3608 110972    0    0     0     0  709  999  2  2 96  0  0  0 2026-09-30 16:03:55
 0  0 305624 111856   3608 110972    0    0     0     0  711 1007  2  3 96  0  0  0 2026-09-30 16:03:56
 0  0 305624 118536   3608 110976    4    0     4     0 1212 2308  3  5 93  0  0  0 2026-09-30 16:03:57
 0  0 305624 118288   3608 110972    0    0     0     0  792 1088  2  3 96  0  0  0 2026-09-30 16:03:58
procs -----------memory---------- ---swap-- -----io---- -system-- -------cpu------- -----timestamp-----
 r  b   swpd   free   buff  cache   si   so    bi    bo   in   cs us sy id wa st gu                 UTC
 0  0 305624 118288   3616 110972    0    0     0    16  722 1014  2  3 96  0  0  0 2026-09-30 16:03:59
 0  0 305624 118288   3616 110972    0    0     0     0  749 1003  1  2 91  0  5  0 2026-09-30 16:04:00
 0  0 305624 118288   3616 110972    0    0     0     0  724  986  1  4 94  0  1  0 2026-09-30 16:04:01
 0  0 305624 117044   3616 110976    0    0     0     0  710  946  1  3 90  0  5  0 2026-09-30 16:04:02
 0  0 305624 117252   3616 110976    0    0     0     0  689  958  2  2 95  0  1  0 2026-09-30 16:04:03
 0  0 305624 117540   3616 110976    0    0     0     0  704  980  1  4 95  0  0  0 2026-09-30 16:04:04
 0  0 305624 117312   3616 110976    0    0     0     4  777 1069  1  2 97  0  0  0 2026-09-30 16:04:05
 0  0 305624 116560   3616 110976    0    0     0     0  694  964  1  3 95  0  0  0 2026-09-30 16:04:06
 0  0 305624 120404   3616 110976    0    0     0     0 1125 2159  4  3 94  0  0  0 2026-09-30 16:04:07
 0  0 305624 120156   3616 110976    0    0     0     0  722  997  1  3 96  0  0  0 2026-09-30 16:04:08
 0  0 305624 120156   3616 110976    0    0     0     0  682  935  1  3 95  0  1  0 2026-09-30 16:04:09
 0  0 305624 118896   3624 110976    0    0     0    16  744 1039  2  3 95  0  0  0 2026-09-30 16:04:10
 0  0 305624 116884   3624 110976    0    0     0     0  720  972  2  3 96  0  0  0 2026-09-30 16:04:11
 0  0 305624 115628   3624 110980    0    0     0     0  784 1169  1  3 96  0  0  0 2026-09-30 16:04:12
 0  0 305624 115628   3624 110980    0    0     0     0  714 1006  2  3 95  0  1  0 2026-09-30 16:04:13
 0  0 305624 115628   3624 110980    0    0     0     0  727  975  1  2 97  0  0  0 2026-09-30 16:04:14
 0  0 305624 115628   3632 110980    0    0     0    16  744 1037  2  3 96  0  0  0 2026-09-30 16:04:15
 0  0 305624 115884   3632 110980    0    0     0     0  728  978  2  3 96  0  0  0 2026-09-30 16:04:16
 0  0 305624 115884   3632 110980    0    0     0     0  766 1111  1  3 96  0  0  0 2026-09-30 16:04:17
 0  0 305624 115644   3632 110980    0    0     0     0 1170 2108  3  3 94  0  0  0 2026-09-30 16:04:18
 1  0 305624 115644   3632 110980    0    0     0     0  719 1008  1  3 96  0  0  0 2026-09-30 16:04:19
procs -----------memory---------- ---swap-- -----io---- -system-- -------cpu------- -----timestamp-----
 r  b   swpd   free   buff  cache   si   so    bi    bo   in   cs us sy id wa st gu                 UTC
 0  0 305624 115644   3632 110980    0    0     0     4  785 1131  2  2 96  0  0  0 2026-09-30 16:04:20
 0  0 305624 114892   3632 110980    0    0     0     0  712 1001  2  3 96  0  0  0 2026-09-30 16:04:21
 0  0 305624 111428   3632 110980    0    0     0     0  716 1006  1  3 96  0  0  0 2026-09-30 16:04:22
 0  0 305624 111132   3632 110980    0    0     0     0  720 1030  2  3 96  0  0  0 2026-09-30 16:04:23
 0  0 305624 111144   3632 110980    0    0     0     0  732 1013  2  3 96  0  0  0 2026-09-30 16:04:24
 0  0 305624 111936   3640 110972    0    0     0    16  725 1011  1  3 96  0  1  0 2026-09-30 16:04:25
 0  0 305624 111676   3640 110980    0    0     0     0  703  978  1  4 96  0  0  0 2026-09-30 16:04:26
 0  0 305624 111436   3640 110980    0    0     0     0  732  998  1  4 96  0  0  0 2026-09-30 16:04:27
 0  0 305624 119100   3640 110980    0    0     0     0 1148 2146  3  5 92  0  0  0 2026-09-30 16:04:28
 0  0 305624 118348   3640 110980    0    0     0     0  706 1009  1  3 96  0  0  0 2026-09-30 16:04:29
 0  0 305624 118052   3648 110980    0    0     0    24  745 1038  1  3 95  0  0  0 2026-09-30 16:04:30
 0  0 305624 118052   3648 110980    0    0     0     0  720 1011  2  3 96  0  0  0 2026-09-30 16:04:31
 0  0 305624 117804   3648 110980    0    0     0     0  716 1026  1  4 96  0  0  0 2026-09-30 16:04:32
 2  0 305368 130848   3808 121120   32    0 10016    40 1433 1832  8  5 82  6  0  0 2026-09-30 16:04:33
 0  0 305368 129460   3808 122144    4    0   964     0 1021 1422  3  3 94  0  0  0 2026-09-30 16:04:34
 0  0 305368 128452   3808 122144    0    0     0     4  832 1149  1  4 96  0  0  0 2026-09-30 16:04:35
 0  0 305368 125180   3808 122144    8    0     8     0  855 1120  3  2 94  0  0  0 2026-09-30 16:04:36
 0  0 305368 124680   3824 122148    0    0     0   100 1940 2066  5  5 91  0  0  0 2026-09-30 16:04:37
 0  0 305368 118744   3824 122148    0    0     0   588 2353 3211  6  6 88  1  0  0 2026-09-30 16:04:38
 0  0 305368 118492   3824 122152    0    0     0     0 2007 2076  4  5 91  0  1  0 2026-09-30 16:04:39
 1  0 305368 118240   3824 122152    0    0     0    52 2093 2156  6  4 90  0  0  0 2026-09-30 16:04:40
procs -----------memory---------- ---swap-- -----io---- -system-- -------cpu------- -----timestamp-----
 r  b   swpd   free   buff  cache   si   so    bi    bo   in   cs us sy id wa st gu                 UTC
 0  0 305368 117988   3824 122152    0    0     0     0 2456 2520  7  5 88  0  0  0 2026-09-30 16:04:41
 0  0 305368 117232   3836 122152    0    0     4    36 2346 2365  7  5 88  0  1  0 2026-09-30 16:04:42
 0  0 305368 116756   3836 122152    0    0     0     0 2553 2570  5  6 90  0  0  0 2026-09-30 16:04:43
 0  0 305368 116756   3836 122152    0    0     0     0 2835 2787  9  6 86  0  0  0 2026-09-30 16:04:44
 0  0 305368 116564   3836 122152    0    0     0     0 3003 2996  7  7 86  0  0  0 2026-09-30 16:04:45
 0  0 305368 116308   3836 122152    0    0     0    28 3137 3065  7  6 87  0  0  0 2026-09-30 16:04:46
 0  0 305368 116068   3836 122168    0    0     0     0 3217 3290  7  6 87  0  0  0 2026-09-30 16:04:47
 0  0 305368 115700   3844 122200    0    0     0    28 3762 4704 10  7 82  1  1  0 2026-09-30 16:04:48
 0  0 305368 115700   3844 122232    0    0     0     0 3416 3386  9  7 85  0  0  0 2026-09-30 16:04:49
 0  0 305368 115704   3844 122264    0    0     0     0 3549 3484 11  5 84  0  0  0 2026-09-30 16:04:50
 1  0 305368 115512   3844 122280    0    0     0    16 3716 3709 12  6 83  0  0  0 2026-09-30 16:04:51
 0  0 305368 115256   3844 122328    0    0     0     0 3999 3993 10  8 82  0  0  0 2026-09-30 16:04:52
 0  0 305368 115256   3844 122344    0    0     0    16 4145 4069 13  7 79  0  0  0 2026-09-30 16:04:53
 1  0 305368 115260   3852 122408    0    0     0    12 3863 3806  9  8 83  0  0  0 2026-09-30 16:04:54
 0  0 305368 115068   3852 122408    0    0     0     0 4409 4301 11  8 81  0  0  0 2026-09-30 16:04:55
 0  0 305368 114812   3852 122472    0    0     0    16 4520 4362 12  7 82  0  0  0 2026-09-30 16:04:56
 1  0 305368 114812   3852 122488    0    0     0     0 4450 4393 13  8 80  0  0  0 2026-09-30 16:04:57
 0  0 305368 112196   3852 122536    0    0     0     0 5467 6259 17 10 73  0  1  0 2026-09-30 16:04:58
 5  0 305368 112004   3852 122536    0    0     0     0 4823 4739 14  8 79  0  0  0 2026-09-30 16:04:59
 1  0 305368 111528   3860 122764    4    0   168    12 4667 4662 23  9 62  0  7  0 2026-09-30 16:05:00
 0  0 305368 111288   3860 122812    0    0     0    16 5102 4770 18  7 67  0  8  0 2026-09-30 16:05:01
procs -----------memory---------- ---swap-- -----io---- -system-- -------cpu------- -----timestamp-----
 r  b   swpd   free   buff  cache   si   so    bi    bo   in   cs us sy id wa st gu                 UTC
 2  0 305368 111288   3860 122844    0    0     0     0 4595 4889 18 11 45  0 27  0 2026-09-30 16:05:02
 0  0 305368 110824   3860 122860    0    0     0     0 5133 4956 18  7 65  0 10  0 2026-09-30 16:05:03
 0  0 305368 110596   3860 122908    0    0     0     0 5648 5522 15 10 75  0  0  0 2026-09-30 16:05:04
 0  0 305368 110596   3860 122956    0    0     0     0 5737 5603 17 10 74  0  0  0 2026-09-30 16:05:05
 0  0 305368 110596   3868 122988    0    0     0    28 5817 5725 16 10 74  0  0  0 2026-09-30 16:05:06
 1  0 305368 110372   3868 123020    0    0     0     0 5865 5736 15 10 74  0  1  0 2026-09-30 16:05:07
 3  0 305368 110084   3868 123040    0    0     0     0 6657 7170 17 12 71  0  0  0 2026-09-30 16:05:08
 1  0 305368 109324   3868 123084    0    0     0     0 6445 6163 20  9 72  0  0  0 2026-09-30 16:05:09
 0  0 305368 109324   3868 123116    0    0     0     0 6701 6719 16 10 73  0  1  0 2026-09-30 16:05:10
 1  0 305368 109324   3876 123164    0    0     0    28 5964 5963 18 10 72  0  0  0 2026-09-30 16:05:11
 0  0 305368 109324   3876 123196    0    0     0     0 6394 6361 17 11 72  0  0  0 2026-09-30 16:05:12
 0  0 305368 108636   3876 123212    0    0     0     0 6816 6689 17 11 72  0  0  0 2026-09-30 16:05:13
 0  0 305368 108636   3876 123264    0    0     0     0 7348 6990 18  9 73  0  1  0 2026-09-30 16:05:14
 0  0 305368 108636   3876 123296    0    0     0     0 6982 6679 19 11 70  0  1  0 2026-09-30 16:05:15
 0  0 305368 108636   3884 123312    0    0     0    28 7251 7187 22 11 67  1  1  0 2026-09-30 16:05:16
 0  0 305368 107948   3884 123532    0    0   172     0 7579 7382 21 13 66  0  0  0 2026-09-30 16:05:17
 2  0 305368  98496   3884 123564    0    0     0     0 7661 8282 24 12 64  0  0  0 2026-09-30 16:05:18
 1  0 305368  98496   3884 123596    0    0     0     0 7062 6796 21 11 68  0  0  0 2026-09-30 16:05:19
 0  0 305368  98272   3884 123628    0    0     0     0 8005 7700 24  8 67  0  0  0 2026-09-30 16:05:20
 0  0 305368  98080   3892 123676    0    0     0    28 8195 8356 23 11 67  0  0  0 2026-09-30 16:05:21
 2  0 305368  98048   3892 123708    0    0     0     0 7888 7636 20 11 69  0  1  0 2026-09-30 16:05:22
procs -----------memory---------- ---swap-- -----io---- -system-- -------cpu------- -----timestamp-----
 r  b   swpd   free   buff  cache   si   so    bi    bo   in   cs us sy id wa st gu                 UTC
 0  0 305368  98048   3892 123740    0    0     0     0 7974 7657 22 12 66  0  0  0 2026-09-30 16:05:23
 0  0 305368  97576   3892 123772    0    0     0     0 8289 7947 24 10 66  0  0  0 2026-09-30 16:05:24
 3  0 305368  97576   3892 123804    0    0     0     0 8008 8089 23 13 61  0  2  0 2026-09-30 16:05:25
 0  0 305368  97348   3900 123836    0    0     0    28 7754 7951 24 14 61  0  2  0 2026-09-30 16:05:26
 0  0 305368  97348   3900 123868    0    0     0     0 8236 8123 22 14 64  0  0  0 2026-09-30 16:05:27
 3  0 305368  96084   3900 123876    0    0     0     0 8810 9672 30 15 55  0  0  0 2026-09-30 16:05:28
 0  0 305368  95620   3900 123948   20    0    20     0 8280 8320 27 14 60  0  0  0 2026-09-30 16:05:29
 0  0 305368  95152   3900 123980    0    0     0     0 9076 8892 25 13 61  0  1  0 2026-09-30 16:05:30
 0  0 305368  95148   3900 124012    0    0     0     0 8716 8441 24 14 62  0  0  0 2026-09-30 16:05:31
 0  0 305368  95144   3908 124044    0    0     0    28 9051 8782 24 12 64  0  0  0 2026-09-30 16:05:32
 1  0 305368  94920   3908 124076    0    0     0     0 8908 9019 24 12 64  0  0  0 2026-09-30 16:05:33
 2  0 305368  94696   3908 124108    0    0     0     0 9120 9080 28 11 61  0  1  0 2026-09-30 16:05:34
 0  0 305368  94696   3908 124140    0    0     0     0 9187 9375 27 14 60  0  0  0 2026-09-30 16:05:35
 0  0 305368  94696   3908 124312   12    0   136     0 8545 8776 38 13 49  0  0  0 2026-09-30 16:05:36
 0  0 305368  94472   3932 124344    0    0     0   172 9199 9667 26 14 60  1  0  0 2026-09-30 16:05:37
 0  0 305368  98312   3932 124344    0    0     0     0 10048 10702 30 14 55  0  0  0 2026-09-30 16:05:38
 2  0 305368  98280   3932 124408    0    0     0     0 9662 9353 25 13 62  0  1  0 2026-09-30 16:05:39
 7  0 305368  98280   3932 124424    0    0     0     0 9925 9595 28 16 56  0  1  0 2026-09-30 16:05:40
 1  0 305368  97832   3932 124472    0    0     0     0 10075 9937 28 16 56  0  0  0 2026-09-30 16:05:41
17  0 305368  97448   3940 124504   12    0    12    40 9411 9954 28 17 56  0  0  0 2026-09-30 16:05:42
 2  0 305368  96696   3940 124520    0    0     0     0 10318 10191 41 18 41  0  0  0 2026-09-30 16:05:43
procs -----------memory---------- ---swap-- -----io---- -system-- -------cpu------- -----timestamp-----
 r  b   swpd   free   buff  cache   si   so    bi    bo   in   cs us sy id wa st gu                 UTC
 1  0 305368  96456   3940 124584    0    0     0     0 10403 10309 30 16 55  0  0  0 2026-09-30 16:05:44
 0  0 305368  96460   3940 124600    0    0    24     0 9988 9658 33 14 53  0  0  0 2026-09-30 16:05:45
 2  0 305368  96460   3940 124672    0    0     0     0 10564 10534 28 17 55  0  0  0 2026-09-30 16:05:46
 2  0 305368 104960   3940 124704    0    0     0    16 10008 10034 31 13 56  0  0  0 2026-09-30 16:05:47
 0  0 305368  96896   3940 124736    0    0     0     0 10785 11354 30 20 50  0  0  0 2026-09-30 16:05:48
 3  0 305368  96668   3940 124768    4    0     4     0 10367 10150 47 13 40  0  0  0 2026-09-30 16:05:49
 3  0 305368  96668   3940 124804    0    0     0     0 11021 10726 32 14 54  0  0  0 2026-09-30 16:05:50
 1  0 305368  96668   3940 124836    0    0     0     0 11459 11480 32 17 51  0  0  0 2026-09-30 16:05:51
 2  0 305368  96196   3948 124860    0    0     0    28 10788 10529 31 16 53  0  0  0 2026-09-30 16:05:52
 4  0 305368  95968   3948 124900    0    0     0     0 11407 10978 29 17 53  0  1  0 2026-09-30 16:05:53
 4  0 305368  95968   3948 124948    0    0     0     0 10209 10464 40 18 42  0  0  0 2026-09-30 16:05:54
 1  0 305368  95968   3948 124980    0    0     0     0 10840 11251 27 17 56  0  0  0 2026-09-30 16:05:55
 0  0 305368  95744   3948 125012    0    0     0     0 11433 11269 31 18 51  0  0  0 2026-09-30 16:05:56
 0  0 305368  95520   3956 125044    0    0     0    28 11625 11570 34 17 50  0  0  0 2026-09-30 16:05:57
 0  0 305368  82992   3956 125092   20    0    20     0 11514 12394 36 20 44  0  1  0 2026-09-30 16:05:58
 2  0 305368  82992   3956 125124    0    0     0     0 10665 10652 47 14 39  0  0  0 2026-09-30 16:05:59
11  0 305368  82336   3956 125140    0    0     0     0 9725 10962 28 14 39  0 19  0 2026-09-30 16:06:00
18  0 305368  81392   3956 125172    0    0     0     0 11865 11037 38 21 32  0 10  0 2026-09-30 16:06:01
10  0 305368  86508   3964 125212   12    0    12    28 6001 5673 28 14  5  0 53  0 2026-09-30 16:06:02
15  0 305368  88680   3964 125524    4    0     4     0 10617 9825 47 22  8  0 23  0 2026-09-30 16:06:03
 0  0 305368  87892   3964 125556    0    0     0     0 12697 11206 59 23 18  0  0  0 2026-09-30 16:06:04
procs -----------memory---------- ---swap-- -----io---- -system-- -------cpu------- -----timestamp-----
 r  b   swpd   free   buff  cache   si   so    bi    bo   in   cs us sy id wa st gu                 UTC
 0  0 305368  86936   3964 125636    0    0     0     0 10809 10799 32 15 53  0  0  0 2026-09-30 16:06:05
 6  0 305368  86180   3964 125652    0    0     0     0 12024 11744 39 16 45  0  0  0 2026-09-30 16:06:06
 6  0 305368  85424   3972 125700    0    0     0    68 11690 11600 35 18 46  0  1  0 2026-09-30 16:06:07
 7  0 305368  81948   3972 125748    0    0     0     0 11831 12358 52 16 31  0  0  0 2026-09-30 16:06:08
 3  0 305368  81688   3972 125796    0    0     0     0 11891 11834 44 20 37  0  0  0 2026-09-30 16:06:09
 0  0 305368  81688   3972 125828    0    0     0     0 13075 12954 40 19 41  0  0  0 2026-09-30 16:06:10
 0  0 305368  81196   3972 125860    0    0     0     0 12135 12397 38 21 41  0  0  0 2026-09-30 16:06:11
 6  0 305368  80724   3972 125876    0    0     0     0 11289 11680 50 16 33  0  1  0 2026-09-30 16:06:12
 7  0 305368  80500   3980 125924    0    0     0    28 12339 12454 43 17 41  0  0  0 2026-09-30 16:06:13
 0  0 305368  80496   3980 125956    0    0     0     0 13273 12800 37 19 43  0  0  0 2026-09-30 16:06:14
 2  0 305368  79740   3980 126020    0    0     0     0 12284 12506 39 22 39  0  0  0 2026-09-30 16:06:15
 0  0 305368  79516   3980 126036    0    0     0     0 12157 11924 52 20 28  0  0  0 2026-09-30 16:06:16
 1  0 305368  78508   3980 126072    0    0     0     0 12077 12193 41 19 40  0  0  0 2026-09-30 16:06:17
25  0 305368  69600   3988 126140    0    0     0    28 13193 13766 41 24 34  0  1  0 2026-09-30 16:06:18
12  0 305368  69600   3988 126172    0    0     0     0 13505 14756 44 21 36  0  0  0 2026-09-30 16:06:19
11  0 305368  69376   3988 126244    0    0     0     0 12481 12243 55 18 27  0  0  0 2026-09-30 16:06:20
 7  0 305368  68980   3988 126244    0    0     0     0 12834 13274 43 21 36  0  0  0 2026-09-30 16:06:21
 4  0 305368  68900   3988 126304    0    0     0     0 13621 13455 39 22 39  0  0  0 2026-09-30 16:06:22
 4  0 305368  68892   3996 126356    0    0     0    28 12451 11968 56 19 25  0  1  0 2026-09-30 16:06:23
 2  0 305368  68428   3996 126396    0    0     0     0 12185 12914 46 19 34  0  1  0 2026-09-30 16:06:24
11  0 305368  68432   3996 126456    0    0     0     0 12280 13418 40 25 35  0  0  0 2026-09-30 16:06:25
procs -----------memory---------- ---swap-- -----io---- -system-- -------cpu------- -----timestamp-----
 r  b   swpd   free   buff  cache   si   so    bi    bo   in   cs us sy id wa st gu                 UTC
13  0 305368  68240   3996 126492    0    0     0     0 12405 13053 41 18 40  0  0  0 2026-09-30 16:06:26
 4  0 305368  68208   3996 126500    0    0     0     0 12769 13656 60 26 14  0  0  0 2026-09-30 16:06:27
14  0 305368  67984   4004 126568    0    0     0    28 13160 13499 44 21 35  0  0  0 2026-09-30 16:06:28
 0  0 305368  62432   4004 126648    4    0     4     0 13632 14817 48 25 27  0  0  0 2026-09-30 16:06:29
12  0 305368  61940   4004 126680    0    0     0     0 12662 12223 58 21 20  0  0  0 2026-09-30 16:06:30
 0  0 305368  61724   4004 126700    0    0     0     0 13081 13447 45 20 35  0  0  0 2026-09-30 16:06:31
 0  0 305368  69744   4004 126776    0    0     0     0 12567 13165 44 21 34  0  1  0 2026-09-30 16:06:32
 6  0 305368  70128   4012 126792    0    0     0    28 13263 12917 61 25 15  0  0  0 2026-09-30 16:06:33
 6  0 305368  70140   4012 126844   12    0    12     0 14074 13307 47 22 31  0  0  0 2026-09-30 16:06:34
 0  0 305368  69644   4012 126876    0    0     0     0 13396 13652 47 21 32  0  0  0 2026-09-30 16:06:35
 4  0 305368  69296   4012 126964   16    0   104     0 13036 13427 67 23 10  0  0  0 2026-09-30 16:06:36
 0  0 305368  69076   4012 127012    0    0     0     0 13797 13484 46 22 32  0  0  0 2026-09-30 16:06:37
10  0 305368  68672   4036 127056    0    0     0   216 13106 13399 42 26 32  0  0  0 2026-09-30 16:06:38
 0  0 305624  83992   3752 124648    8  256   388   256 13036 13046 66 23 11  1  0  0 2026-09-30 16:06:39
11  0 305624  83568   3752 124652    0    0     0     0 14359 14597 47 25 27  0  0  0 2026-09-30 16:06:40
 8  0 305624  82588   3752 124652    0    0     0     0 13259 12402 45 25 29  0  0  0 2026-09-30 16:06:41
 3  0 305624  81780   3752 124672    0    0     0     0 13883 13330 56 24 21  0  0  0 2026-09-30 16:06:42
 5  0 305624  81780   3752 124672    0    0     0    52 13486 13743 41 24 35  0  0  0 2026-09-30 16:06:43
 4  0 305624  81780   3760 124672    0    0     0    16 13020 13226 55 20 25  0  0  0 2026-09-30 16:06:44
 8  0 305624  81780   3760 124668    4    0     4     0 13483 13379 51 23 25  0  0  0 2026-09-30 16:06:45
 0  0 305624  81780   3760 124668    0    0     0     0 13544 13795 41 24 35  0  0  0 2026-09-30 16:06:46
procs -----------memory---------- ---swap-- -----io---- -system-- -------cpu------- -----timestamp-----
 r  b   swpd   free   buff  cache   si   so    bi    bo   in   cs us sy id wa st gu                 UTC
 7  0 305624  81528   3760 124672    0    0     0     0 12513 12553 54 21 24  0  0  0 2026-09-30 16:06:47
10  0 305624  81276   3760 124668    0    0     0    16 13598 13110 51 27 23  0  0  0 2026-09-30 16:06:48
 6  0 305624  82584   3760 124660    0    0     0     4 14087 15013 45 25 30  0  0  0 2026-09-30 16:06:49
 3  0 305624  82584   3760 124660    0    0     0     0 12607 12355 59 23 18  0  0  0 2026-09-30 16:06:50
 7  0 305624  82584   3760 124684    0    0     0     0 13111 13939 47 22 31  0  0  0 2026-09-30 16:06:51
 9  0 305624  82712   3760 124656    0    0     0     0 13554 13130 44 22 34  0  0  0 2026-09-30 16:06:52
 5  0 305624  82716   3768 124644    0    0     0    32 12993 12567 56 23 21  0  0  0 2026-09-30 16:06:53
 3  0 305624  82716   3768 124648    0    0     0     0 13376 13961 43 25 32  0  1  0 2026-09-30 16:06:54
 0  0 305624  82716   3768 124664    0    0     0     0 14279 13665 45 26 30  0  0  0 2026-09-30 16:06:55
 1  0 305624  82716   3768 124648    0    0     0     0 13283 12704 61 23 16  0  0  0 2026-09-30 16:06:56
 0  0 305624  82716   3768 124648    0    0     0     0 13604 13264 42 25 33  0  0  0 2026-09-30 16:06:57
 6  0 305624  82716   3768 124656    0    0     0     0 13696 13190 46 22 32  0  0  0 2026-09-30 16:06:58
 8  0 305624  80572   3768 124656    0    0     0    20 12841 14869 69 22  9  0  0  0 2026-09-30 16:06:59
23  0 305624  80596   3776 124660    4    0     4    12 10607 12762 38 25 27  0 10  0 2026-09-30 16:07:00
10  0 305624  80596   3776 124660    0    0     0     0 13893 13475 49 27 23  0  1  0 2026-09-30 16:07:01
 4  0 305624  80596   3776 124672    0    0     0     0 12566 11581 69 20  8  0  3  0 2026-09-30 16:07:02
 6  0 305624  80596   3776 124668    0    0     0     0 13633 13320 46 23 31  0  0  0 2026-09-30 16:07:03
 2  0 305624  80600   3776 124688    0    0     0    16 13865 13427 42 23 35  0  0  0 2026-09-30 16:07:04
 0  0 305624  80600   3776 124668    0    0     0     0 13173 12667 61 23 17  0  0  0 2026-09-30 16:07:05
 1  0 305624  80596   3776 124668    0    0     0     0 13026 13367 45 23 33  0  0  0 2026-09-30 16:07:06
 6  0 305624  80396   3776 124668    0    0     0     0 12579 13254 48 24 28  0  0  0 2026-09-30 16:07:07
procs -----------memory---------- ---swap-- -----io---- -system-- -------cpu------- -----timestamp-----
 r  b   swpd   free   buff  cache   si   so    bi    bo   in   cs us sy id wa st gu                 UTC
 3  0 305624  80348   3776 124668    0    0     0     0 12946 12713 59 22 19  0  1  0 2026-09-30 16:07:08
 4  0 305624  71712   3784 124680    0    0     0    28 13458 14760 53 21 25  0  0  0 2026-09-30 16:07:09
 6  0 305624  71660   3784 124700    0    0     0     0 12404 12577 47 22 31  0  0  0 2026-09-30 16:07:10
 2  0 305624  71652   3784 124696    0    0     0     0 13481 13353 58 24 18  0  1  0 2026-09-30 16:07:11
 2  0 305624  71652   3784 124684    0    0     0     0 14060 13379 47 23 30  0  0  0 2026-09-30 16:07:12
12  0 305624  71448   3784 124684    0    0     0     0 13298 12853 52 25 23  0  0  0 2026-09-30 16:07:13
 8  0 305624  71396   3792 124680    0    0     0    28 12857 13056 52 21 27  0  0  0 2026-09-30 16:07:14
 7  0 305624  71396   3792 124696    0    0     0     0 12931 12614 42 24 33  0  0  0 2026-09-30 16:07:15
18  0 305624  71400   3792 124696    0    0     0     0 12886 12348 56 22 21  0  1  0 2026-09-30 16:07:16
 5  0 305624  71400   3792 124652    0    0     0     0 13189 13280 51 25 24  0  0  0 2026-09-30 16:07:17
14  0 305624  71396   3792 124672    0    0    40     0 12732 12303 60 18 22  0  0  0 2026-09-30 16:07:18
 9  0 305624  79024   3800 124728    0    0     0    28 14306 16159 52 24 24  0  0  0 2026-09-30 16:07:19
26  0 305624  78748   3800 124728    0    0     0     0 12678 14533 59 24 17  0  0  0 2026-09-30 16:07:20
 9  0 305624  78700   3800 124720    0    0     0     0 13889 13635 47 22 31  0  0  0 2026-09-30 16:07:21
 5  0 305624  78704   3800 124720    0    0     0     0 12800 13928 55 26 19  0  0  0 2026-09-30 16:07:22
 2  0 305624  78708   3800 124720    0    0     0     0 12692 13259 46 23 31  0  0  0 2026-09-30 16:07:23
10  0 305624  78456   3808 124728    0    0     0    28 12871 12340 59 23 19  0  0  0 2026-09-30 16:07:24
 3  0 305624  78452   3808 124724    0    0     0     0 13302 13424 39 23 38  0  0  0 2026-09-30 16:07:25
 0  0 305624  78452   3808 124720    0    0     0     0 13524 12304 60 23 16  0  0  0 2026-09-30 16:07:26
 6  0 305624  78448   3808 124720    0    0     0     0 13584 13613 46 22 32  0  0  0 2026-09-30 16:07:27
 1  0 305624  78452   3808 124716    0    0     0     0 12670 12423 60 20 19  0  1  0 2026-09-30 16:07:28
procs -----------memory---------- ---swap-- -----io---- -system-- -------cpu------- -----timestamp-----
 r  b   swpd   free   buff  cache   si   so    bi    bo   in   cs us sy id wa st gu                 UTC
25  0 305624  72432   3816 124720    0    0     0    28 13752 18167 48 23 29  0  0  0 2026-09-30 16:07:29
 5  0 305624  72364   3816 124720    0    0     0     0 13251 12923 58 25 18  0  0  0 2026-09-30 16:07:30
 0  0 305624  72364   3816 124744    0    0     0     0 12924 13604 42 25 32  0  0  0 2026-09-30 16:07:31
 7  0 305624  72364   3816 124744    0    0     0     0 12643 13625 56 24 20  0  0  0 2026-09-30 16:07:32
 3  0 305624  72364   3816 124744    0    0     0     0 13645 13719 42 24 34  0  0  0 2026-09-30 16:07:33
 5  0 305624  72364   3824 124724    0    0     0    28 12842 13805 63 23 15  0  0  0 2026-09-30 16:07:34
 6  0 305624  72364   3824 124732    0    0     0     0 13660 13704 47 21 32  0  0  0 2026-09-30 16:07:35
 5  0 305624  72364   3824 124724   52    0    52     0 13180 15494 60 28 12  0  0  0 2026-09-30 16:07:36
 8  0 305624  72364   3824 124740    4    0     4     0 12908 13376 42 23 35  0  0  0 2026-09-30 16:07:37
 2  0 305624  72364   3824 124740    0    0     0     0 12305 12727 57 23 20  0  0  0 2026-09-30 16:07:38
15  0 305624  72292   3840 124804    0    0     0   208 13171 14063 46 22 32  0  0  0 2026-09-30 16:07:39
 1  0 305624  75608   3840 124756    0    0     0    16 13505 13258 67 25  8  0  0  0 2026-09-30 16:07:40
13  0 305624  75556   3840 124744    0    0     0     0 12761 13047 43 27 30  0  1  0 2026-09-30 16:07:41
 2  0 305624  75556   3840 124716    0    0     0     0 12929 12553 59 21 20  0  0  0 2026-09-30 16:07:42
 7  0 305624  75556   3840 124716    0    0     0     0 13592 12910 45 23 32  0  0  0 2026-09-30 16:07:43
 4  0 305624  75100   3840 124720    0    0     0     4 12730 12978 57 24 19  0  0  0 2026-09-30 16:07:44
12  0 305624  75052   3848 124720    0    0     0    64 13745 13990 51 23 25  1  0  0 2026-09-30 16:07:45
 0  0 305624  75052   3848 124732    0    0     0     0 13380 13327 54 22 25  0  0  0 2026-09-30 16:07:46
11  0 305624  75052   3848 124732    0    0     0     0 13747 13372 53 24 24  0  0  0 2026-09-30 16:07:47
 5  0 305624  74848   3848 124736    0    0     0     0 12439 12347 55 22 23  0  0  0 2026-09-30 16:07:48
14  0 305624  74800   3848 124736    0    0     0     0 12688 12802 52 22 26  0  0  0 2026-09-30 16:07:49
procs -----------memory---------- ---swap-- -----io---- -system-- -------cpu------- -----timestamp-----
 r  b   swpd   free   buff  cache   si   so    bi    bo   in   cs us sy id wa st gu                 UTC
 3  0 305624  74196   3856 124984    0    0   216    32 13572 14356 56 25 18  0  1  0 2026-09-30 16:07:50
14  0 305624  74196   3856 124984    0    0     0     0 12303 12365 58 20 23  0  0  0 2026-09-30 16:07:51
 4  0 305624  74196   3856 124972    0    0     0     0 13216 13600 50 22 28  0  0  0 2026-09-30 16:07:52
 3  0 305624  73992   3856 124956    0    0     0     0 12569 12609 60 22 19  0  0  0 2026-09-30 16:07:53
 1  0 305368  73948   3856 124952    4    0     4     0 12905 13647 47 23 30  0  0  0 2026-09-30 16:07:54
11  0 305368  73944   3864 124956    0    0     0    28 12701 12053 59 20 21  0  0  0 2026-09-30 16:07:55
10  0 305368  73936   3864 125508   80    0   612     0 13803 13476 47 24 29  0  0  0 2026-09-30 16:07:56
 9  0 305368  73732   3864 125508    0    0     0     0 12813 12186 56 23 21  0  0  0 2026-09-30 16:07:57
 2  0 305368  73480   3864 125496    0    0     0     0 13368 13534 47 24 29  0  0  0 2026-09-30 16:07:58
13  0 305368  73428   3864 125512    0    0     0     0 13224 12332 59 23 18  0  0  0 2026-09-30 16:07:59
15  0 305368  59740   3872 125500    0    0     0    28 12387 13308 51 21 20  0  8  0 2026-09-30 16:08:00
 7  0 305368  59516   3872 125484    0    0     0     0 13220 12573 62 23 13  0  2  0 2026-09-30 16:08:01
 6  0 305368  76824   3872 125504    0    0     0     0 12718 13187 51 26  9  0 14  0 2026-09-30 16:08:02
 1  0 305368  76892   3872 125484    0    0     0     0 12256 11778 61 23 15  0  0  0 2026-09-30 16:08:03
 3  0 305368  76904   3872 125480    0    0     0     0 13739 13479 47 24 30  0  0  0 2026-09-30 16:08:04
10  0 305368  77244   3880 125492    0    0     0    32 13283 12630 63 19 18  0  0  0 2026-09-30 16:08:05
 3  0 305368  77244   3880 125492    0    0     0     0 13802 13354 44 21 35  0  0  0 2026-09-30 16:08:06
 4  0 305368  77240   3880 125508    0    0     0     0 12937 12897 57 27 16  0  0  0 2026-09-30 16:08:07
 8  0 305368  77240   3880 125496    0    0     0     0 12980 13316 43 21 36  0  0  0 2026-09-30 16:08:08
 5  0 305368  77240   3880 125492    0    0     0     0 13294 12305 65 20 16  0  0  0 2026-09-30 16:08:09
 5  0 305368  74132   3888 125504    4    0     4    32 13924 15074 49 22 30  0  0  0 2026-09-30 16:08:10
procs -----------memory---------- ---swap-- -----io---- -system-- -------cpu------- -----timestamp-----
 r  b   swpd   free   buff  cache   si   so    bi    bo   in   cs us sy id wa st gu                 UTC
 9  0 305368  74052   3888 125508    0    0     0     0 12556 13627 60 24 16  0  0  0 2026-09-30 16:08:11
 6  0 305368  74176   3888 125508  164    0   172     0 12979 13413 45 24 31  1  1  0 2026-09-30 16:08:12
10  0 305368  74176   3888 125516   12    0    12     0 13351 12750 61 22 17  0  1  0 2026-09-30 16:08:13
 0  0 305368  74176   3888 125512    0    0     0     0 12671 13615 41 24 35  0  0  0 2026-09-30 16:08:14
10  0 305368  74176   3896 125500   12    0    12    28 12809 12594 62 21 17  0  0  0 2026-09-30 16:08:15
 7  0 305368  73924   3896 125496    0    0     0     0 13289 13499 47 23 30  0  0  0 2026-09-30 16:08:16
 3  0 305368  73924   3896 125516    0    0     0     0 12529 12235 58 23 19  0  0  0 2026-09-30 16:08:17
 6  0 305368  73720   3896 125512    4    0     4     0 13051 13008 49 22 29  0  0  0 2026-09-30 16:08:18
 4  0 305368  73420   3896 125524    0    0     0     0 12884 13529 58 20 22  0  0  0 2026-09-30 16:08:19
14  0 305368  64220   3904 125512    0    0     0    28 14209 14031 52 25 22  0  0  0 2026-09-30 16:08:20
 4  0 305368  63496   3904 125520    0    0     0     0 13342 12983 58 23 19  0  0  0 2026-09-30 16:08:21
 7  0 305368  63160   3904 125516    0    0     0     0 12541 12466 48 22 31  0  0  0 2026-09-30 16:08:22
 0  0 305368  63376   3904 125532    0    0     0     0 13042 13615 56 24 20  0  0  0 2026-09-30 16:08:23
15  0 305368  63076   3904 125532    0    0     0     0 12993 13760 49 24 27  0  0  0 2026-09-30 16:08:24
 7  0 305368  63292   3904 125516    0    0     0     0 12497 12846 55 22 23  0  0  0 2026-09-30 16:08:25
17  0 305368  75588   3912 125508    0    0     0    32 13684 12941 53 27 21  0  0  0 2026-09-30 16:08:26
 8  0 305368  74788   3912 125532    0    0     0     0 12029 12625 50 20 30  0  1  0 2026-09-30 16:08:27
 3  0 305368  74792   3912 125512    0    0     0     0 12635 12959 52 22 27  0  0  0 2026-09-30 16:08:28
 1  0 305368  74452   3912 125512   20    0    20     0 12045 12899 51 23 26  0  0  0 2026-09-30 16:08:29
11  0 305368  68148   3912 125528    0    0     0     0 14007 13637 58 24 19  0  0  0 2026-09-30 16:08:30
 2  0 305368  66852   3920 125524    0    0     0    28 13841 13249 49 26 24  0  0  0 2026-09-30 16:08:31
procs -----------memory---------- ---swap-- -----io---- -system-- -------cpu------- -----timestamp-----
 r  b   swpd   free   buff  cache   si   so    bi    bo   in   cs us sy id wa st gu                 UTC
 1  0 305368  66196   3920 125524    0    0     0     0 13829 13831 46 27 27  0  0  0 2026-09-30 16:08:32
 5  0 305368  66208   3920 125524    0    0     0     0 12547 12317 57 23 20  0  0  0 2026-09-30 16:08:33
 0  0 305368  66088   3920 125520    0    0     0     0 12739 13016 41 23 35  0  0  0 2026-09-30 16:08:34
 6  0 305368  66092   3920 125516    0    0     0     0 12980 16503 59 23 18  0  0  0 2026-09-30 16:08:35
 4  0 305368  65340   3928 125496    8    0     8    28 13548 14083 46 26 28  0  0  0 2026-09-30 16:08:36
 1  0 305368  65132   3928 125512    0    0     0     0 12941 12541 60 22 18  0  0  0 2026-09-30 16:08:37
 1  0 305368  65084   3928 125516    0    0     0     0 13548 13993 42 28 30  0  0  0 2026-09-30 16:08:38
 4  0 305368  64832   3928 125684    4    0   172     0 13258 12510 62 22 17  0  0  0 2026-09-30 16:08:39
 3  0 306136  95120   3304 112676   24 1136    32  1344 13132 15797 45 26 28  0  1  0 2026-09-30 16:08:40
 4  0 306136  94928   3304 112716   44    0    64    16 12652 13725 56 28 16  0  0  0 2026-09-30 16:08:41
 2  0 306136  94928   3304 112720    0    0     0     0 13246 13680 46 24 31  0  0  0 2026-09-30 16:08:42
 3  0 306136  94188   3304 112728    0    0     0     0 12827 14018 61 24 15  0  0  0 2026-09-30 16:08:43
 0  0 306136  93924   3304 112720    0    0     0     0 12791 12828 46 21 34  0  0  0 2026-09-30 16:08:44
 3  0 306136  93720   3304 112720    0    0     0     4 13203 12499 62 22 15  0  0  0 2026-09-30 16:08:45
 6  0 306136  92964   3312 112724    0    0     0    32 13226 13259 43 23 34  0  0  0 2026-09-30 16:08:46
 1  0 306136  92920   3312 112728    0    0     0     0 12483 12207 58 21 21  0  0  0 2026-09-30 16:08:47
 4  0 306136  92716   3312 112728    0    0     0     0 13905 13278 47 21 32  0  0  0 2026-09-30 16:08:48
 0  1 306136  85416   3312 113428 9184    0  9884     0 8578 8644 34 14 21 31  0  0 2026-09-30 16:08:49
 0  1 307416  63808   3108 104480 24900 1544 24916  1544 6159 7584  4  9 26 61  0  0 2026-09-30 16:08:50
 0  2 308696  71328   2204  91916 21012 1128 21240  1156 5614 6483  3  6 28 63  0  0 2026-09-30 16:08:51
13  1 308696  63768   2204  92120 6736    0  6968     0 13711 13629 54 22  5 19  0  0 2026-09-30 16:08:52
procs -----------memory---------- ---swap-- -----io---- -system-- -------cpu------- -----timestamp-----
 r  b   swpd   free   buff  cache   si   so    bi    bo   in   cs us sy id wa st gu                 UTC
27  1 309976  69000   2080  83784 4144 1212  4272  1212 16765 15447 63 33  3  1  0  0 2026-09-30 16:08:53
44  0 309976  65028   2080  83816 4224    0  4224     0 15102 13935 71 27  1  0  0  0 2026-09-30 16:08:54
 7  0 310488  74124   2080  79124 3860 1968  3860  1968 16559 14985 66 29  4  2  0  0 2026-09-30 16:08:55
 2  0 310488  70500   2080  79136 2932    0  2932    16 11329 12551 31 19 38 12  1  0 2026-09-30 16:08:56
12  0 310488  70248   2088  79144    0    0    16    12 12687 11748 35 18 47  0  0  0 2026-09-30 16:08:57
 3  0 310488  70044   2088  79172    0    0    52     0 14210 12427 57 25 18  0  0  0 2026-09-30 16:08:58
20  0 310488  69304   2088  79172    0    0     0     0 14214 13835 49 25 25  0  0  0 2026-09-30 16:08:59
30  1 312024  67736   2280  72996   80 3296  1212  3296 13099 12630 65 20  8  0  6  0 2026-09-30 16:09:00
27  0 314840  77228   2276  73504   68 3088  3672  3104 15210 13072 61 26 12  0  1  0 2026-09-30 16:09:01
11  0 314840  76688   2276  73500    0    0     0     0 12324 11516 54 25  6  0 15  0 2026-09-30 16:09:02
19  0 314840  76676   2276  73500    8    0     8     0 11834 12164 50 23 28  0  0  0 2026-09-30 16:09:03
 8  0 314840  76672   2276  73500    8    0     8     0 14199 13940 58 23 19  0  0  0 2026-09-30 16:09:04
15  0 314840  76672   2276  73500    0    0     0     0 13663 12438 58 22 21  0  0  0 2026-09-30 16:09:05
 4  0 314840  76668   2276  73500    8    0     8     0 13424 13404 49 20 32  0  0  0 2026-09-30 16:09:06
19  0 314840  76664   2284  73500    0    0     0    64 13619 13208 54 26 20  0  0  0 2026-09-30 16:09:07
 6  0 314840  76664   2284  73500    0    0     0     0 13912 13866 49 21 29  0  0  0 2026-09-30 16:09:08
18  0 314840  76664   2284  73500    0    0     0     0 13296 12515 60 20 19  0  0  0 2026-09-30 16:09:09
 1  0 314840  76664   2420  73500    0    0   132     0 13908 13709 45 24 31  0  0  0 2026-09-30 16:09:10
 1  0 314840  76076   2420  75108  128    0  1744     0 13306 14586 60 23 17  0  0  0 2026-09-30 16:09:11
 0  0 314840  75764   2428  75180    0    0    64    32 13721 13743 46 21 32  0  0  0 2026-09-30 16:09:12
 9  0 314840  71416   2428  75180    0    0     0     0 12684 12905 57 26 17  0  0  0 2026-09-30 16:09:13
procs -----------memory---------- ---swap-- -----io---- -system-- -------cpu------- -----timestamp-----
 r  b   swpd   free   buff  cache   si   so    bi    bo   in   cs us sy id wa st gu                 UTC
 6  0 314840  71160   2428  75180    0    0     0     0 12979 13359 42 22 36  0  0  0 2026-09-30 16:09:14
 5  0 314840  71160   2428  75180    0    0     0     0 13389 14668 58 24 18  0  0  0 2026-09-30 16:09:15
 4  0 314840  71156   2428  75180    0    0     0     0 13745 13402 44 23 33  0  0  0 2026-09-30 16:09:16
 1  0 314840  71156   2436  75520    4    0   392    32 13686 13130 63 22 15  0  0  0 2026-09-30 16:09:17
 1  0 314840  71152   2436  75844    0    0   276     0 13340 13049 42 22 36  0  0  0 2026-09-30 16:09:18
 2  0 314840  71152   2436  75844    0    0     0     0 13212 12268 61 24 15  0  0  0 2026-09-30 16:09:19
 5  0 314840  71148   2436  75844    0    0     0     0 13114 13445 41 25 34  0  1  0 2026-09-30 16:09:20
 2  0 314840  58740   2436  75840   36    0    36     0 13677 13116 65 24 11  0  0  0 2026-09-30 16:09:21
 5  0 315352  87188   2436  75272    0  464     0   492 13241 13327 44 21 34  1  0  0 2026-09-30 16:09:22
 4  0 315352  86832   2436  75272    0    0     0     0 12974 12317 59 22 19  0  0  0 2026-09-30 16:09:23
 1  0 315352  85784   2436  75272    0    0     0     0 13166 13348 46 23 31  0  0  0 2026-09-30 16:09:24
 5  0 315352  85784   2436  75272    0    0     0     0 12655 12183 60 24 15  0  1  0 2026-09-30 16:09:25
14  0 315352  85784   2436  75272    0    0     0     0 12881 13048 48 23 28  0  1  0 2026-09-30 16:09:26
 1  0 315352  85784   2436  75272    0    0     0    16 12463 12213 59 23 17  0  0  0 2026-09-30 16:09:27
 3  0 315352  85784   2436  75272    0    0     0     0 13112 12959 47 18 35  0  1  0 2026-09-30 16:09:28
10  0 315352  85776   2448  75384    4    0   120    12 12817 13651 53 25 22  0  0  0 2026-09-30 16:09:29
 3  0 315352  85524   2448  75384    0    0     0     0 13425 13150 52 20 28  0  0  0 2026-09-30 16:09:30
 8  0 315352  67732   2448  76624   36    0  1276     0 13240 14027 61 20 19  0  0  0 2026-09-30 16:09:31
 8  0 315352  67228   2448  76624    0    0     0    16 13657 13204 46 23 32  0  0  0 2026-09-30 16:09:32
 3  0 315352  67008   2588  77028   76    0   660    28 13428 13320 59 21 19  0  0  0 2026-09-30 16:09:33
 4  0 315352  66772   2588  77144    0    0   112    12 13276 12844 56 21 23  0  0  0 2026-09-30 16:09:34
procs -----------memory---------- ---swap-- -----io---- -system-- -------cpu------- -----timestamp-----
 r  b   swpd   free   buff  cache   si   so    bi    bo   in   cs us sy id wa st gu                 UTC
 7  0 315352  66724   2588  77192    0    0     0     0 13938 13890 50 25 26  0  0  0 2026-09-30 16:09:35
23  0 315352  62668   2592  80848   16    0   124     0 13189 13291 52 23 25  0  0  0 2026-09-30 16:09:36
 1  0 315352  82332   2592  79264    0   20     0    36 13130 14984 57 20 23  0  0  0 2026-09-30 16:09:37
 3  0 315352  82036   2592  79204    0    0     0     0 12987 13289 52 20 28  0  1  0 2026-09-30 16:09:38
 2  0 315352  80776   2596  79776    0    0   564     0 13499 13510 50 24 25  1  0  0 2026-09-30 16:09:39
13  0 315352  80572   2596  79776    0    0     0     0 12582 12699 52 27 22  0  0  0 2026-09-30 16:09:40
 0  0 315352  70748   2612  80676  140    0  1032   228 12872 18618 55 24 20  0  0  0 2026-09-30 16:09:41
18  0 315352  70744   2612  80676   12    0    12    16 12598 14237 55 24 21  0  0  0 2026-09-30 16:09:42
 0  0 315352  69484   2612  82404  340    0  2040     0 14221 13872 48 22 29  1  0  0 2026-09-30 16:09:43
14  0 315352  69280   2612  82412    0    0     0     0 12993 14552 59 23 19  0  0  0 2026-09-30 16:09:44
 0  0 315352  69232   2612  82404    0    0     0     0 13852 13598 45 22 33  0  0  0 2026-09-30 16:09:45
30  0 315352  69232   2612  82400    0    0     0     4 12852 13163 59 24 17  0  0  0 2026-09-30 16:09:46
 8  0 315352  68976   2620  82396    4    0     4    32 13353 15146 47 21 31  0  1  0 2026-09-30 16:09:47
11  0 315352  68500   2620  82396    0    0     0     0 12225 12204 59 21 21  0  0  0 2026-09-30 16:09:48
 3  0 315352  68468   2620  82396    0    0     0     0 13109 13657 42 24 34  0  0  0 2026-09-30 16:09:49
 4  0 315352  68468   2620  82404    0    0     0     0 13318 12729 62 24 14  0  0  0 2026-09-30 16:09:50
 9  0 321496  84368   2488  75144  136 6568   344  6568 14411 14589 50 24 26  0  0  0 2026-09-30 16:09:51
10  0 321496  84368   2488  75144    4    0     4     0 13007 12455 61 23 17  0  0  0 2026-09-30 16:09:52
 5  0 321496  84368   2496  75136    0    0     0    28 12724 12851 44 20 36  0  0  0 2026-09-30 16:09:53
 3  0 321496  84376   2496  75120    4    0     4     0 12718 12551 66 19 15  0  0  0 2026-09-30 16:09:54
 3  0 321240  83120   2496  77032 1024    0  2936     0 14498 14166 48 21 29  2  0  0 2026-09-30 16:09:55
procs -----------memory---------- ---swap-- -----io---- -system-- -------cpu------- -----timestamp-----
 r  b   swpd   free   buff  cache   si   so    bi    bo   in   cs us sy id wa st gu                 UTC
 3  0 321240  82868   2496  77032    0    0     0     0 12834 11562 61 19 20  0  0  0 2026-09-30 16:09:56
 3  0 321240  82664   2496  77036    4    0     4     0 14137 13962 45 25 31  0  0  0 2026-09-30 16:09:57
10  0 321240  82616   2504  77036    8    0     8    28 12729 12638 59 22 20  0  0  0 2026-09-30 16:09:58
 3  0 321240  82104   2504  77036    0    0     0     0 13846 13676 46 21 33  0  0  0 2026-09-30 16:09:59
37  0 321240  81348   2504  77036    4    0     4     0 9414 9253 48 17 11  0 24  0 2026-09-30 16:10:00
24  0 321240  70020   2504  77040   28    0    28     0 14011 12664 58 26  5  0 11  0 2026-09-30 16:10:01
30  0 321240  77356   2504  77164   84    0   212     0 6858 6506 41 13  4  0 42  0 2026-09-30 16:10:02
18  0 321240  77360   2512  77164    4    0     4    28 13171 10763 64 24  2  0 12  0 2026-09-30 16:10:03
 1  0 321240  77360   2512  77164    8    0     8     0 15477 14215 63 30  8  0  0  0 2026-09-30 16:10:04
 1  0 321240  77360   2512  77164    0    0     0     0 11388 11179 56 23 20  0  1  0 2026-09-30 16:10:05
 7  0 321240  77364   2512  77164    0    0     0     0 13089 12917 43 21 36  0  0  0 2026-09-30 16:10:06
 5  0 321240  77112   2512  77164    0    0     0     0 12291 11675 68 20 12  0  0  0 2026-09-30 16:10:07
 0  0 321240  77112   2520  77164   28    0    28    32 13707 12963 46 22 31  0  1  0 2026-09-30 16:10:08
 5  0 321240  77112   2520  77164    4    0     4     0 12380 12625 60 21 19  0  0  0 2026-09-30 16:10:09
 6  0 321240  77112   2520  77164    0    0     0     0 13902 13572 48 25 27  0  0  0 2026-09-30 16:10:10
 2  0 321240  76860   2520  77164    0    0     0     0 12764 12226 62 25 13  0  0  0 2026-09-30 16:10:11
 2  0 321232  75420   2520  77236   68    0   152    40 13730 14359 46 23 31  0  0  0 2026-09-30 16:10:12
 3  0 321232  75384   2528  77228    0    0     0    28 13355 12648 58 23 18  0  0  0 2026-09-30 16:10:13
25  0 321232  75384   2528  77228    0    0     0     0 13436 13232 44 25 31  0  1  0 2026-09-30 16:10:14
 4  0 321232  75380   2528  77228    0    0     0     0 13151 12048 64 20 17  0  0  0 2026-09-30 16:10:15
 3  0 321232  75376   2528  77352    0    0   124     0 13122 13491 44 24 32  0  0  0 2026-09-30 16:10:16
procs -----------memory---------- ---swap-- -----io---- -system-- -------cpu------- -----timestamp-----
 r  b   swpd   free   buff  cache   si   so    bi    bo   in   cs us sy id wa st gu                 UTC
 8  0 320976  75372   2528  77352    4    0     4     0 13053 13179 51 22 27  0  0  0 2026-09-30 16:10:17
 4  0 320976  75368   2668  80212  116    0  3104    40 13353 13019 58 23 19  0  0  0 2026-09-30 16:10:18
 3  0 320976  75368   2668  80556    4    0   348     0 13836 13174 49 25 26  0  0  0 2026-09-30 16:10:19
 5  0 320976  74612   2668  80556    4    0     4     0 13142 13006 55 21 24  0  0  0 2026-09-30 16:10:20
11  0 320976  74612   2668  80556    0    0     0     0 11998 12169 56 20 24  0  1  0 2026-09-30 16:10:21
 3  0 320976  62900   2668  81160   96    0   700     0 13526 14542 50 25 24  1  0  0 2026-09-30 16:10:22
 8  0 320976  62900   2676  81160   12    0    12    32 13683 14491 53 23 24  0  0  0 2026-09-30 16:10:23
 5  0 320976  83272   2664  81560 4436  472  6664   472 13802 14396 54 23 17  6  0  0 2026-09-30 16:10:24
 4  0 320976  83020   2664  81560    0    0     0     0 12547 14466 56 22 21  0  0  0 2026-09-30 16:10:25
 2  0 320976  83024   2664  81560   12    0    12     0 13151 13807 57 20 23  0  0  0 2026-09-30 16:10:26
 2  0 320976  82768   2664  81560    0    0     0     0 13410 13532 56 25 19  0  0  0 2026-09-30 16:10:27
 3  0 320976  81764   2672  81528   12    0    12    28 13002 14316 45 23 32  0  0  0 2026-09-30 16:10:28
 5  0 320976  81512   2672  81528    0    0     0     0 12736 13350 58 23 19  0  0  0 2026-09-30 16:10:29
 1  0 320976  81308   2672  81528    4    0     4     0 13276 13056 46 22 33  0  0  0 2026-09-30 16:10:30
 8  0 320976  79496   2672  81528    0    0     0     0 12785 12422 60 21 20  0  0  0 2026-09-30 16:10:31
 4  0 320976  76380   2672  81620   64    0   156     0 12971 14261 46 24 30  0  0  0 2026-09-30 16:10:32
 5  0 320976  76380   2672  81624    0    0     0     0 13712 13282 61 22 17  0  0  0 2026-09-30 16:10:33
 7  0 320976  76380   2680  81852   16    0   244    28 13559 13224 45 22 32  0  1  0 2026-09-30 16:10:34
 3  0 320976  76380   2680  81852    0    0     0     0 12942 11975 56 24 20  0  0  0 2026-09-30 16:10:35
 5  0 320976  73968   2680  85092    4    0  1084     0 13800 13873 50 24 26  0  0  0 2026-09-30 16:10:36
 5  0 320976  73968   2680  85120    0    0     0     0 12184 12261 63 19 18  0  0  0 2026-09-30 16:10:37
procs -----------memory---------- ---swap-- -----io---- -system-- -------cpu------- -----timestamp-----
 r  b   swpd   free   buff  cache   si   so    bi    bo   in   cs us sy id wa st gu                 UTC
12  0 320976  73716   2680  85136    0    0     0     0 13368 13917 47 22 30  0  0  0 2026-09-30 16:10:38
 5  0 320976  73716   2688  86144    0    0  1008    28 12645 12076 61 20 19  0  0  0 2026-09-30 16:10:39
 9  0 320976  73708   2688  86168    0    0     0     0 13770 13983 42 25 33  0  0  0 2026-09-30 16:10:40
10  0 320976  73708   2688  86184    0    0     0     0 13032 14739 63 21 16  0  0  0 2026-09-30 16:10:41
 4  0 320976  79080   2748  86356    4   88   304   288 12269 13686 46 21 33  0  0  0 2026-09-30 16:10:42
 3  0 320976  77824   2752  86356   28    0    32     8 13382 12488 64 26 10  0  0  0 2026-09-30 16:10:43
 6  0 320976  77824   2752  86356    0    0     0    52 12609 13501 46 22 32  0  0  0 2026-09-30 16:10:44
 3  0 320976  77828   2752  86356    0    0     0     0 13387 14023 64 20 16  0  0  0 2026-09-30 16:10:45
 5  0 320976  77828   2752  86352    0    0     0     0 13600 13555 44 23 33  0  0  0 2026-09-30 16:10:46
 0  0 320976  77832   2752  86476    4    0   128     0 13607 12898 59 24 18  0  0  0 2026-09-30 16:10:47
 2  0 320976  77832   2760  86568   24    0   128    28 13038 13429 44 23 33  0  1  0 2026-09-30 16:10:48
 5  0 320976  77828   2760  86584    0    0     0    36 12006 12359 62 22 17  0  0  0 2026-09-30 16:10:49
14  0 320976  77824   2760  86584    0    0     0     0 13894 13058 46 22 32  0  0  0 2026-09-30 16:10:50
 3  0 320976  77824   2760  86616    0    0     0     0 13001 12590 60 24 16  0  0  0 2026-09-30 16:10:51
20  0 320976  76460   2760  86664    0    0    72     0 13290 14401 53 22 25  0  0  0 2026-09-30 16:10:52
 4  0 320976  76456   2760  86660    0    0     0     0 13655 12691 57 20 23  0  0  0 2026-09-30 16:10:53
 7  0 320976  76456   2768  86656    0    0     0    28 13667 12738 47 21 31  0  0  0 2026-09-30 16:10:54
 0  0 320976  76200   2768  86640    0    0     0     0 12817 12486 55 26 19  0  1  0 2026-09-30 16:10:55
11  0 320976  76204   2768  86636    0    0     0     0 12912 12823 46 25 29  0  0  0 2026-09-30 16:10:56
 0  0 320976  76200   2768  86656    0    0     0     0 13912 14764 60 26 14  0  0  0 2026-09-30 16:10:57
19  0 320976  76204   2768  86640    0    0     0     0 12500 12602 50 24 26  0  0  0 2026-09-30 16:10:58
procs -----------memory---------- ---swap-- -----io---- -system-- -------cpu------- -----timestamp-----
 r  b   swpd   free   buff  cache   si   so    bi    bo   in   cs us sy id wa st gu                 UTC
 0  0 320976  76204   2776  86636    0    0     0    28 12968 12543 54 21 25  1  0  0 2026-09-30 16:10:59
21  0 320976  76204   2776  86648    0    0     0     0 11766 11214 45 21 20  0 15  0 2026-09-30 16:11:00
 0  0 320976  76204   2776  86664    0    0     0     0 13201 12074 66 23  9  0  3  0 2026-09-30 16:11:01
19  0 320976  63692   2776  86668   28    0    28     0 12531 13533 51 23 25  0  1  0 2026-09-30 16:11:02
23  0 320976  72076   2776  86692   28    0    28     0 12712 12483 56 27 18  0  0  0 2026-09-30 16:11:03
 1  0 320976  72076   2784  86692    0    0     0    28 13367 14640 53 22 25  0  1  0 2026-09-30 16:11:04
 4  0 320976  72076   2784  86692    0    0     0     0 12748 12720 55 22 24  0  0  0 2026-09-30 16:11:05
 0  0 320976  72072   2784  86692    0    0     0     0 13715 13303 48 25 27  0  0  0 2026-09-30 16:11:06
 9  0 320976  72072   2784  86676    0    0     0     0 13148 12256 59 21 20  0  0  0 2026-09-30 16:11:07
 1  0 320976  72072   2784  86676   28    0    28     0 14214 13479 50 22 28  0  0  0 2026-09-30 16:11:08
15  0 320976  72072   2792  86684    0    0     0    28 12418 12258 63 22 15  0  0  0 2026-09-30 16:11:09
 1  0 320976  72072   2792  86672    0    0     0     0 12998 12847 49 23 29  0  0  0 2026-09-30 16:11:10
 2  0 320976  71820   2792  86668    0    0     0     0 13446 12469 62 21 17  0  0  0 2026-09-30 16:11:11
 8  0 320976  71568   2792  86676    0    0     0     0 13982 13890 44 22 34  0  0  0 2026-09-30 16:11:12
 3  0 320976  63148   2792  86692   16    0    16     0 12918 13506 64 22 13  0  1  0 2026-09-30 16:11:13
 8  0 320976  63148   2800  86680    0    0     0    28 13502 13279 44 25 32  0  0  0 2026-09-30 16:11:14
 0  0 320976  62648   2800  86692   16    0    16     0 13550 13120 64 22 13  0  0  0 2026-09-30 16:11:15
 2  0 320976  62648   2800  86684    0    0     0     0 13081 13191 47 23 30  0  0  0 2026-09-30 16:11:16
 5  0 320976  62648   2800  86680   12    0    12     0 12794 12652 60 21 20  0  0  0 2026-09-30 16:11:17
 2  0 320976  62648   2800  86672    8    0     8     0 13632 13171 47 23 30  0  0  0 2026-09-30 16:11:18
 1  0 320976  62652   2800  86676    0    0     0     0 13737 13311 50 19 31  0  0  0 2026-09-30 16:11:19
procs -----------memory---------- ---swap-- -----io---- -system-- -------cpu------- -----timestamp-----
 r  b   swpd   free   buff  cache   si   so    bi    bo   in   cs us sy id wa st gu                 UTC
 3  0 320976  62652   2808  86676    0    0     0    28 12718 12102 60 20 21  0  0  0 2026-09-30 16:11:20
 3  0 320976  62652   2808  86656    0    0     0     0 13232 13458 43 23 33  0  1  0 2026-09-30 16:11:21
11  0 320976  62652   2808  86656    4    0     4     0 12977 12238 65 22 14  0  0  0 2026-09-30 16:11:22
12  0 323280  77724   2612  86204   44 2300   348  2300 14648 16518 48 25 27  0  0  0 2026-09-30 16:11:23
 3  0 323280  77724   2612  86188   16    0    16     0 12796 11909 59 20 21  0  0  0 2026-09-30 16:11:24
12  0 323280  77720   2620  86188    0    0     0    28 14183 13385 48 21 31  0  0  0 2026-09-30 16:11:25
 2  0 323280  77716   2620  86160    0    0     0     0 12383 12328 65 23 12  0  0  0 2026-09-30 16:11:26
11  0 323280  77720   2620  86160    0    0     0     0 13287 13470 48 24 28  0  0  0 2026-09-30 16:11:27
 6  0 323280  77720   2620  86348   12    0   200     0 11797 12475 55 22 22  0  0  0 2026-09-30 16:11:28
19  0 323280  77724   2620  86344    0    0     0     0 14033 13641 51 22 27  0  0  0 2026-09-30 16:11:29
 4  0 323280  77724   2628  86344   24    0    24    28 12760 12740 58 22 19  0  0  0 2026-09-30 16:11:30
15  0 323280  77724   2628  86344    0    0     0     0 13606 13183 49 21 30  0  0  0 2026-09-30 16:11:31
 0  0 323280  77724   2628  86344    0    0     0     0 13300 12951 55 24 21  0  0  0 2026-09-30 16:11:32
11  0 323280  75184   2628  86464    8    0   128     0 12749 16290 51 26 22  0  0  0 2026-09-30 16:11:33
 3  0 323280  75184   2628  86464   16    0    16     0 13378 12528 51 24 25  1  0  0 2026-09-30 16:11:34
 8  0 323280  75184   2636  86464    0    0     0    32 13362 12857 53 24 23  0  0  0 2026-09-30 16:11:35
 6  0 323024  74944   2636  87092   24    0   396     0 12927 13366 52 25 23  0  1  0 2026-09-30 16:11:36
 4  0 323024  74944   2636  87704    4    0   616     0 12483 12351 54 22 24  0  0  0 2026-09-30 16:11:37
 2  0 323024  74944   2636  87776    8    0     8     0 13118 12888 52 23 25  0  0  0 2026-09-30 16:11:38
 1  0 322768  74816   2636  87856   32    0    88     0 11634 13064 54 22 24  0  0  0 2026-09-30 16:11:39
 2  0 322768  74564   2644  87856    0    0     0    32 13402 14418 47 25 28  0  0  0 2026-09-30 16:11:40
procs -----------memory---------- ---swap-- -----io---- -system-- -------cpu------- -----timestamp-----
 r  b   swpd   free   buff  cache   si   so    bi    bo   in   cs us sy id wa st gu                 UTC
11  0 322768  74060   2644  87832    0    0     0     0 12751 12596 59 24 17  0  0  0 2026-09-30 16:11:41
 5  0 322768  74060   2644  87856    0    0     0     0 12771 12942 48 20 33  0  1  0 2026-09-30 16:11:42
 6  0 322768  74768   2660  87872   20    0    20   200 13400 14027 52 26 23  0  0  0 2026-09-30 16:11:43
 1  0 322768  74512   2660  87876   24    0    24     0 12711 12591 50 23 27  0  0  0 2026-09-30 16:11:44
 5  0 322768  74512   2660  87872    0    0     0    16 13045 12388 50 22 28  0  0  0 2026-09-30 16:11:45
 2  0 322768  74512   2660  87868    0    0     0     0 12243 12308 49 20 31  0  0  0 2026-09-30 16:11:46
 8  0 322768  74008   2660  87856    0    0     0     0 13093 12494 47 21 32  0  0  0 2026-09-30 16:11:47
 2  0 322768  74008   2668  87984   24    0   152    20 12552 12379 55 18 27  0  0  0 2026-09-30 16:11:48
 5  0 322768  74260   2668  87988    0    0     0     0 13116 12844 41 19 40  0  0  0 2026-09-30 16:11:49
 4  0 322768  74256   2668  87988   12    0    12    56 12075 11725 56 19 25  0  0  0 2026-09-30 16:11:50
 4  0 322768  74252   2668  87960    0    0     0     0 12132 12103 39 21 41  0  0  0 2026-09-30 16:11:51
 0  0 322768  74252   2668  87956    0    0     0     0 11254 11796 52 22 27  0  0  0 2026-09-30 16:11:52
 0  0 324560  96668   2668  88044   28 1796   116  1796 13220 13262 44 22 34  0  0  0 2026-09-30 16:11:53
 1  0 324560  96156   2668  88080   24    0    24     0 11904 11734 57 19 24  0  0  0 2026-09-30 16:11:54
 0  0 324560  95652   2676  88060    0    0     0    28 11885 11994 39 23 38  1  0  0 2026-09-30 16:11:55
 1  0 324560  95652   2676  88056   28    0    28     0 12068 11714 47 19 34  0  1  0 2026-09-30 16:11:56
 4  0 324560  95448   2676  88056    4    0     4     0 12038 11601 50 16 34  0  0  0 2026-09-30 16:11:57
 4  0 324560  94896   2676  88068    4    0     4     0 12443 11888 36 23 41  0  0  0 2026-09-30 16:11:58
 0  0 324560  94644   2676  88072   24    0    24     0 11830 11465 52 21 27  0  0  0 2026-09-30 16:11:59
11  0 324560  94644   2676  88072    0    0     0     0 9939 9772 36 18 26  0 19  0 2026-09-30 16:12:00
19  0 324560  94644   2684  88288    4    0   224    28 11440 10587 50 18 26  0  7  0 2026-09-30 16:12:01
procs -----------memory---------- ---swap-- -----io---- -system-- -------cpu------- -----timestamp-----
 r  b   swpd   free   buff  cache   si   so    bi    bo   in   cs us sy id wa st gu                 UTC
38  0 324560  94644   2684  88276    0    0     0     0 7680 7341 47 16  2  0 37  0 2026-09-30 16:12:02
 0  0 324560  82964   2684  88280   16    0    20     0 13082 12684 50 24 26  0  1  0 2026-09-30 16:12:03
 1  0 324560  82968   2684  88272    0    0     0     0 11787 11366 39 17 44  0  0  0 2026-09-30 16:12:04
 3  0 324560  82968   2684  88784   40    0   536     0 11588 10938 50 21 29  1  1  0 2026-09-30 16:12:05
 3  0 324560  82968   2692  88784    0    0     0    28 12130 11371 40 15 45  0  0  0 2026-09-30 16:12:06
 3  0 324560  82464   2692  88768    0    0     0     0 10930 11005 36 20 45  0  0  0 2026-09-30 16:12:07
 1  0 324304  82460   2692  88796   16    0    16     0 10869 10254 49 19 31  0  1  0 2026-09-30 16:12:08
 1  0 324304  82208   2692  88796    4    0     4     0 11394 11044 39 20 41  0  0  0 2026-09-30 16:12:09
 9  0 324304  82208   2692  88772   24    0    24     0 11292 10875 50 16 33  0  1  0 2026-09-30 16:12:10
 0  0 324304  82208   2700  88784    0    0     0    32 10853 10756 38 19 43  0  0  0 2026-09-30 16:12:11
 0  0 324304  82208   2700  88784    0    0     0     0 11134 10755 36 15 49  0  0  0 2026-09-30 16:12:12
 0  0 324304  88632   2700  88784   24    0    24     0 10371 11186 51 17 32  0  0  0 2026-09-30 16:12:13
 3  0 324304  88632   2700  88780    0    0     0     0 11343 11068 31 19 50  0  1  0 2026-09-30 16:12:14
 2  0 324304  88632   2700  88780    0    0     0     0 10763 10784 31 20 48  0  1  0 2026-09-30 16:12:15
 8  0 324304  88428   2708  88772    4    0     4    28 9930 9948 45 16 39  0  1  0 2026-09-30 16:12:16
 2  0 324304  88380   2708  88784    0    0     0     0 10237 10464 32 19 49  0  0  0 2026-09-30 16:12:17
 0  0 324304  88376   2708  89320  116    0   652     0 11002 10689 32 16 51  0  0  0 2026-09-30 16:12:18
 1  0 324304  96192   2708  89332   16    0    16     0 9940 10192 45 15 40  0  0  0 2026-09-30 16:12:19
 0  0 324304  95688   2708  89320    4    0     4     0 10328 10339 31 14 54  0  0  0 2026-09-30 16:12:20
 0  0 324048  95184   2716  89736   60    0   476    28 10497 15855 33 14 53  0  0  0 2026-09-30 16:12:21
 5  0 324048  94932   2716  89740    8    0     8     0 9906 10188 41 18 41  0  0  0 2026-09-30 16:12:22
procs -----------memory---------- ---swap-- -----io---- -system-- -------cpu------- -----timestamp-----
 r  b   swpd   free   buff  cache   si   so    bi    bo   in   cs us sy id wa st gu                 UTC
 0  0 324048  90288   2716  89952   24    0   256     0 10808 11719 37 15 48  0  1  0 2026-09-30 16:12:23
 2  0 324048  90288   2716  89976    0    0     0     0 9814 9824 32 14 54  0  0  0 2026-09-30 16:12:24
 0  0 324048  90040   2716  89980   20    0    20     0 9372 9653 44 15 41  0  0  0 2026-09-30 16:12:25
 0  0 324048  90036   2724  89976    0    0     0    28 9842 9975 25 18 56  1  1  0 2026-09-30 16:12:26
 6  0 324048  90036   2724  89968    8    0     8     0 9746 9797 27 16 56  0  0  0 2026-09-30 16:12:27
 3  0 324048  90032   2724  89992    8    0     8     0 10115 10070 28 15 57  0  0  0 2026-09-30 16:12:28
 6  0 324048  90032   2724  89988    0    0     0     0 9772 9913 28 16 56  0  0  0 2026-09-30 16:12:29
 2  0 324048  90028   2724  89968   16    0    16     0 8963 8764 39 14 47  0  1  0 2026-09-30 16:12:30
 7  0 324048  89772   2732  89988    0    0     0    28 9246 8961 28 16 56  0  0  0 2026-09-30 16:12:31
 0  0 324048  89520   2732  89964    8    0     8     0 9514 9518 27 13 60  0  0  0 2026-09-30 16:12:32
 5  0 324048  85428   2732  89964    8    0     8     0 10085 10020 26 17 58  0  0  0 2026-09-30 16:12:33
 0  0 324048  89020   2732  89956    4    0     4     0 9728 10022 27 18 55  0  0  0 2026-09-30 16:12:34
 1  0 324048  89020   2732  89956    0    0     0     0 8903 8548 24 14 62  0  1  0 2026-09-30 16:12:35
 0  0 324048  89020   2740  90364   84    0   492    28 8730 8707 39 14 46  1  0  0 2026-09-30 16:12:36
 2  0 324048  89020   2740  90348    0    0     0     0 8440 8564 28 11 61  0  0  0 2026-09-30 16:12:37
 0  0 324048  89020   2740  90328   12    0    12     0 9602 9554 25 16 59  0  0  0 2026-09-30 16:12:38
 2  0 324048  88764   2740  90280    8    0     8     0 8432 8872 29 13 58  0  0  0 2026-09-30 16:12:39
 0  0 324048  88260   2740  90280    0    0     0     0 8521 8472 27 14 59  0  1  0 2026-09-30 16:12:40
 0  0 324048  88260   2748  90260    0    0     0    32 7785 7788 24 10 66  0  0  0 2026-09-30 16:12:41
 1  0 324048  88772   2748  90208   16    0    16     0 8216 8476 33 15 52  0  1  0 2026-09-30 16:12:42
 1  0 324048  88856   2748  90168    0    0     0     0 8638 8587 22 15 63  0  0  0 2026-09-30 16:12:43
procs -----------memory---------- ---swap-- -----io---- -system-- -------cpu------- -----timestamp-----
 r  b   swpd   free   buff  cache   si   so    bi    bo   in   cs us sy id wa st gu                 UTC
 0  0 324048  84004   2764  90280    0    0   144   132 8539 9490 29 13 58  0  0  0 2026-09-30 16:12:44
 2  0 324048  84004   2764  90240    0    0     0     0 7924 7741 25 10 65  0  0  0 2026-09-30 16:12:45
 0  0 324048  84008   2764  90208    4    0     4     0 8067 7936 23 12 65  0  0  0 2026-09-30 16:12:46
 0  0 324048  84004   2764  90192   16    0    16    56 7964 7858 21 13 66  1  0  0 2026-09-30 16:12:47
 0  0 324048  83752   2764  90152    4    0     4     0 7233 7249 19 12 70  0  0  0 2026-09-30 16:12:48
 2  0 323280  83752   2772  90140  820    0   820    20 7271 7405 34 10 53  2  1  0 2026-09-30 16:12:49
 1  0 323280  83752   2772  90148    0    0     0     0 7990 7600 21 13 66  0  0  0 2026-09-30 16:12:50
 1  0 323280  83752   2772  90144    0    0     0     0 7712 7887 21 12 67  0  0  0 2026-09-30 16:12:51
 0  0 323280  83752   2772  90096    0    0     0    16 7156 6993 25 11 64  0  0  0 2026-09-30 16:12:52
 0  0 323280  83752   2772  90072   24    0    24     0 7221 7027 19 11 70  0  0  0 2026-09-30 16:12:53
 0  0 322768  86716   2772  90112  536    0   600     0 8124 8922 24 12 64  1  0  0 2026-09-30 16:12:54
 2  0 322768  86716   2772  90116    0    0     0     4 6835 6710 23  7 69  0  0  0 2026-09-30 16:12:55
 0  0 322768  86716   2772  90068    0    0     0     0 6556 6262 18 12 70  0  0  0 2026-09-30 16:12:56
 1  0 322768  86468   2780  90048   36    0    36    28 6858 6713 33 10 57  0  0  0 2026-09-30 16:12:57
 0  0 322768  86468   2780  90048   24    0    24     0 6786 6719 18 11 70  0  0  0 2026-09-30 16:12:58
 3  0 322768  85508   2780  90032    0    0     0     0 6502 6215 15 11 74  0  0  0 2026-09-30 16:12:59
 2  0 322768  85460   2780  90032   52    0    52     0 5859 5627 18 12 50  0 18  0 2026-09-30 16:13:00
 4  0 322768  82936   2780  90016    0    0     0     0 6307 6180 21 11 65  0  3  0 2026-09-30 16:13:01
 1  0 322768  82184   2788  90000    0    0     0    28 5146 4981 22  9 50  0 18  0 2026-09-30 16:13:02
 0  0 322768  82184   2788  89984    4    0     4     0 6581 6392 19 10 70  0  0  0 2026-09-30 16:13:03
 1  0 322768  71988   2788  89964   12    0    12     0 6207 6711 18  9 72  0  1  0 2026-09-30 16:13:04
procs -----------memory---------- ---swap-- -----io---- -system-- -------cpu------- -----timestamp-----
 r  b   swpd   free   buff  cache   si   so    bi    bo   in   cs us sy id wa st gu                 UTC
 1  0 322768  71736   2788  89964    0    0     0     0 5727 5418 15  9 76  0  0  0 2026-09-30 16:13:05
 0  0 322768  71736   2788  89916    0    0     0     0 5644 5510 14 12 75  0  0  0 2026-09-30 16:13:06
 0  0 322512  71736   2796  89900  100    0   100    28 5188 5167 26  8 65  1  0  0 2026-09-30 16:13:07
 0  0 322512  71736   2796  89900   16    0    16     0 4977 4849 14  9 78  0  0  0 2026-09-30 16:13:08
 0  0 322512  71736   2796  89852    0    0     0     0 5060 4917 14  8 78  0  0  0 2026-09-30 16:13:09
 1  0 322512  81184   2796  89820    0    0     0     0 5411 5298 16  9 75  0  1  0 2026-09-30 16:13:10
 2  0 322512  81184   2796  89820    0    0     0     0 4969 4734 15  8 77  0  0  0 2026-09-30 16:13:11
 0  0 322512  81184   2804  89804    0    0     0    28 4731 4668 14  7 80  0  0  0 2026-09-30 16:13:12
 0  0 322512  81184   2804  89772    4    0     4     0 4699 4643 14  7 79  0  0  0 2026-09-30 16:13:13
 0  0 322512  81548   2804  89756    4    0     4     0 4576 5162 13  9 79  0  0  0 2026-09-30 16:13:14
 1  0 322512  81548   2804  89740    0    0     0     0 4813 4737 13  9 77  0  0  0 2026-09-30 16:13:15
 0  0 322512  81296   2804  89724    0    0     0     0 3737 3635  9  7 84  0  0  0 2026-09-30 16:13:16
 1  0 322512  80544   2812  89692    0    0     0    28 4086 3949 12  6 82  0  0  0 2026-09-30 16:13:17
 0  0 322512  80544   2812  89660    8    0     8     0 3831 3792 11  7 83  0  0  0 2026-09-30 16:13:18
 3  0 322512  80540   2812  89612    0    0     0     0 3888 3763 11  7 83  0  0  0 2026-09-30 16:13:19
 3  0 322512  80540   2812  89596    0    0     0     0 3598 3551 10  6 84  0  1  0 2026-09-30 16:13:20
 0  0 322512  80540   2812  89580    0    0     0     0 3154 3145 10  6 84  0  0  0 2026-09-30 16:13:21
 3  0 322512  80540   2820  89548    0    0     0    24 3302 3227  8  6 86  0  0  0 2026-09-30 16:13:22
 0  0 322512  80036   2820  89516    4    0     4     0 3086 2970  8  5 87  0  0  0 2026-09-30 16:13:23
 2  0 322512  84900   2820  89532    4    0    36     0 3595 4357 10  8 82  1  0  0 2026-09-30 16:13:24
 0  0 322512  84396   2820  89484    0    0     0     0 3224 3263  8  6 86  0  0  0 2026-09-30 16:13:25
procs -----------memory---------- ---swap-- -----io---- -system-- -------cpu------- -----timestamp-----
 r  b   swpd   free   buff  cache   si   so    bi    bo   in   cs us sy id wa st gu                 UTC
 1  0 322512  83392   2820  89484    0    0     0     0 2474 2448  7  5 88  0  0  0 2026-09-30 16:13:26
 0  0 322512  83392   2820  89508    0    0    56     0 2561 2621  8  5 87  0  0  0 2026-09-30 16:13:27
 0  0 322256  83392   2828  89492   12    0    12    32 2339 2386  7  5 88  0  1  0 2026-09-30 16:13:28
 0  0 322256  83388   2828  89460    0    0     0     0 1949 2070  4  4 92  0  0  0 2026-09-30 16:13:29
 0  0 322256  83388   2828  89448    0    0     0     0 2191 2298  5  5 90  0  0  0 2026-09-30 16:13:30
 1  0 322256  82632   2828  89448    0    0     0     0 1845 1974  4  6 91  0  0  0 2026-09-30 16:13:31
 0  0 322256  82632   2828  89416    0    0     0     0 1411 1567  4  4 93  0  0  0 2026-09-30 16:13:32
 0  0 322256  80620   2836  89400    0    0     0    24 1389 1599  4  3 94  0  0  0 2026-09-30 16:13:33
 0  0 322256  78164   2836  89368    8    0     8     0 1852 2750  6  5 89  0  0  0 2026-09-30 16:13:34
 0  0 322256  78164   2836  89336    0    0     0     0 1010 1226  2  2 95  0  1  0 2026-09-30 16:13:35
 0  0 322256  78164   2836  89336   20    0    20     0  955 1314  3  5 92  0  0  0 2026-09-30 16:13:36
 0  0 322256  91984   2836  89320    0    0     0     0  835 1087  2  4 95  0  0  0 2026-09-30 16:13:37
 0  0 322256  91320   2844  89208    0    0     0    24  846 1131  2  3 96  1  0  0 2026-09-30 16:13:38
 0  0 322256  89508   2844  89176    0    0     0     0  943 1255  1  4 94  0  0  0 2026-09-30 16:13:39
 0  0 322256  86736   2844  89144    0    0     0     0  866 1109  1  4 95  0  0  0 2026-09-30 16:13:40
 2  0 322256  82752   2844  89096    0    0     0     0  806 1046  1  3 96  0  0  0 2026-09-30 16:13:41
 0  0 322256  78924   2844  89048    4    0     4     0  896 1174  1  4 95  0  0  0 2026-09-30 16:13:42
 0  0 322256 102056   2844  88836   24    0   132     8 2468 1523  3  6 91  0  0  0 2026-09-30 16:13:43
 0  0 322256 113388   2852  86880    4    0     4    12 1202 2248  4  3 93  0  0  0 2026-09-30 16:13:44
 0  0 322256 109364   2868  86880    0    0     0    80  909 1323  1  4 95  1  0  0 2026-09-30 16:13:45
 0  0 322256 104580   2868  86880    0    0     0     0  737  987  2  3 95  0  1  0 2026-09-30 16:13:46
procs -----------memory---------- ---swap-- -----io---- -system-- -------cpu------- -----timestamp-----
 r  b   swpd   free   buff  cache   si   so    bi    bo   in   cs us sy id wa st gu                 UTC
 0  0 322256  99796   2868  86880    0    0     0     0  770 1062  1  3 96  0  0  0 2026-09-30 16:13:47
 1  0 322256  99796   2868  86880    0    0     0    12  767 1030  2  3 96  0  0  0 2026-09-30 16:13:48
 0  0 322256  99796   2868  86880    0    0     0     0  754 1028  1  4 95  0  0  0 2026-09-30 16:13:49
 0  0 322256  95564   2876  86880    0    0     0    56  743 1034  1  3 96  0  0  0 2026-09-30 16:13:50
 0  0 322256  91036   2876  86880    0    0     0     0  729 1044  1  3 96  0  0  0 2026-09-30 16:13:51
 0  0 322256  90484   2876  86880    0    0     0     0  773  992  2  3 96  0  0  0 2026-09-30 16:13:52
 0  0 322256  90484   2876  86880    0    0     0     4  737 1010  1  3 96  0  0  0 2026-09-30 16:13:53
 0  0 322256  86180   2876  86976   12    0    92     0 1208 2303  2  5 93  0  0  0 2026-09-30 16:13:54
 0  0 322256  86180   2876  86976    0    0     0     8  757 1066  2  3 96  0  0  0 2026-09-30 16:13:55
 0  0 322256  86180   2876  86976    0    0     0     0  691  952  1  3 96  0  0  0 2026-09-30 16:13:56
 0  0 322256  86180   2876  86976   16    0    16     0  749 1100  1  3 96  0  0  0 2026-09-30 16:13:57
 0  0 322256  86180   2884  86976    4    0     4    16  730  992  2  2 96  0  0  0 2026-09-30 16:13:58
 0  0 322256  86180   2884  86976    0    0     0     0  729 1059  2  3 95  0  0  0 2026-09-30 16:13:59
 0  0 322256  86180   2884  86976    0    0     0     0  744 1047  1  3 89  0  6  0 2026-09-30 16:14:00
 0  0 322256  86180   2884  86976    0    0     0     0  714  963  0  3 92  0  4  0 2026-09-30 16:14:01
 0  0 322256  86180   2884  86976    0    0     0     0  692  953  1  4 83  0 12  0 2026-09-30 16:14:02
 0  0 322256  87948   2884  86976    0    0     0     8  718  969  2  3 96  0  0  0 2026-09-30 16:14:03
 0  0 322256  75988   2884  86976    0    0     0     0 1177 2150  3  5 93  0  0  0 2026-09-30 16:14:04
 0  0 322256  77256   2884  86976    4    0     4     0  866 1226  2  2 96  0  0  0 2026-09-30 16:14:05
 0  0 322256  77256   2884  86976    0    0     0     0  742 1015  2  2 96  0  1  0 2026-09-30 16:14:06
 0  0 322256  77256   2884  87348    0    0   372     0  776 1055  2  2 96  0  0  0 2026-09-30 16:14:07
procs -----------memory---------- ---swap-- -----io---- -system-- -------cpu------- -----timestamp-----
 r  b   swpd   free   buff  cache   si   so    bi    bo   in   cs us sy id wa st gu                 UTC
 0  0 322256  77256   2884  87352    0    0     0     4  746 1041  1  3 96  0  0  0 2026-09-30 16:14:08
 0  0 322256  77256   2892  87352    0    0     0    12  739 1050  2  2 95  0  0  0 2026-09-30 16:14:09
 0  0 322256  77256   2892  87352    0    0     0     0  737 1016  1  3 96  0  0  0 2026-09-30 16:14:10
 0  0 322256  77256   2892  87352    0    0     0     0  705  987  1  4 95  0  0  0 2026-09-30 16:14:11
 1  0 322256  77256   2892  87352    0    0     0     0  798 1116  1  4 96  0  0  0 2026-09-30 16:14:12
 0  0 322256  78020   2892  87352    0    0     0     0  693  931  2  3 96  0  0  0 2026-09-30 16:14:13
 0  0 322256  81988   2892  87352    0    0     0     8 1122 2177  3  3 94  0  0  0 2026-09-30 16:14:14
 0  0 322256  81988   2892  87352    0    0     0     0  735 1043  1  3 95  0  1  0 2026-09-30 16:14:15
 0  0 322256  81988   2892  87352    0    0     0     0  739  989  2  3 96  0  0  0 2026-09-30 16:14:16
 0  0 322256  81988   2892  87352    0    0     0     0  765 1070  1  4 96  0  0  0 2026-09-30 16:14:17
 0  0 322256  81988   2892  87352    0    0     0     0  759 1024  1  3 96  0  0  0 2026-09-30 16:14:18
 0  0 322256  81988   2900  87352    0    0     0    16  781 1106  1  3 96  0  0  0 2026-09-30 16:14:19
 0  0 322256  82492   2900  87352    0    0     0     0  789 1062  1  3 95  0  0  0 2026-09-30 16:14:20
 0  0 322256  84260   2900  87352    0    0     0     0  748 1054  2  2 96  0  0  0 2026-09-30 16:14:21
 0  0 322256  87556   2900  87352    0    0     0     0  692  948  1  3 96  0  0  0 2026-09-30 16:14:22
 0  0 322256  87564   2900  87352    0    0     0     0  691  985  1  2 97  0  0  0 2026-09-30 16:14:23
 0  0 322256  78024   2900  87352    4    0     4     8 1155 2148  3  5 92  0  0  0 2026-09-30 16:14:24
 0  0 322256  78332   2900  87336    0    0     0     0  781 1098  3  3 94  0  0  0 2026-09-30 16:14:25
 0  0 321744  77832   2900  92400  912    0  5976     0 1026 1419  2  3 90  5  0  0 2026-09-30 16:14:26
 0  0 321744  77852   2900  92468   20    0    88     0  827 1107  1  3 96  0  0  0 2026-09-30 16:14:27
 0  0 321744  77604   2900  92468    0    0     0     0  748 1010  1  3 95  0  0  0 2026-09-30 16:14:28
procs -----------memory---------- ---swap-- -----io---- -system-- -------cpu------- -----timestamp-----
 r  b   swpd   free   buff  cache   si   so    bi    bo   in   cs us sy id wa st gu                 UTC
 0  0 321744  78616   2908  92468    8    0     8    24  811 1146  1  3 95  1  0  0 2026-09-30 16:14:29
 0  0 321488  82408   2908  92464   24    0    24     0  908 1272  1  3 96  0  0  0 2026-09-30 16:14:30
 0  0 321488  82912   2908  92460    8    0     8     0  734 1042  1  4 96  0  1  0 2026-09-30 16:14:31
 0  0 321488  82664   2908  92900   96    0   536     0  796 1109  2  3 95  1  0  0 2026-09-30 16:14:32
 0  0 321488  82416   2908  92900   20    0    20     0  805 1118  1  3 96  0  0  0 2026-09-30 16:14:33
 0  0 321488  73216   2908  92900    8    0     8     8 1099 2075  3  4 93  1  0  0 2026-09-30 16:14:34
 1  0 321488  76716   2908  92900   16    0    16     0  789 1179  2  3 96  0  0  0 2026-09-30 16:14:35
 0  0 321232  87512   2916  94528  108    0  1752    12  837 1214  2  3 94  1  0  0 2026-09-30 16:14:36
 0  0 321232  83784   2916  94528    0    0     0     0  755 1032  2  3 96  0  0  0 2026-09-30 16:14:37
 0  0 321232  79712   2916  94528    4    0     4     0  739 1065  2  2 96  0  0  0 2026-09-30 16:14:38
 0  0 321232  79472   2916  94528    4    0     4     8  866 1196  2  4 95  0  0  0 2026-09-30 16:14:39
 0  0 320968  90128   2916  94524   12    0    12     0  762 1095  1  3 96  0  1  0 2026-09-30 16:14:40
 0  0 320968  97868   2916  94520    4    0     4     0  793 1128  1  4 95  0  0  0 2026-09-30 16:14:41
 0  0 320968  99368   2916  94520    0    0     0     0  812 1167  1  3 96  0  0  0 2026-09-30 16:14:42
 0  0 320968 105500   2916  94492   12    0    12     0  763 1082  1  3 96  0  0  0 2026-09-30 16:14:43
 0  0 320968 101884   2924  94492   20    0    20    20 1223 2243  2  5 93  0  1  0 2026-09-30 16:14:44
 0  0 320968 101884   2924  94492    0    0     0     0  823 1214  1  4 95  0  0  0 2026-09-30 16:14:45
 0  0 320968 100672   2924  94492    0    0     0     0  679  936  1  2 97  0  0  0 2026-09-30 16:14:46
 0  0 320968  99368   2924  94492    0    0     0     0  761 1038  2  3 95  0  0  0 2026-09-30 16:14:47
 0  0 320968  97356   2924  94492    0    0     0     0  724 1012  2  2 97  0  0  0 2026-09-30 16:14:48
 0  0 320968  95848   2924  94492    0    0     0     8  720 1006  1  3 96  0  0  0 2026-09-30 16:14:49
procs -----------memory---------- ---swap-- -----io---- -system-- -------cpu------- -----timestamp-----
 r  b   swpd   free   buff  cache   si   so    bi    bo   in   cs us sy id wa st gu                 UTC
 0  0 320968  95344   2924  94492    0    0     0     0  720 1023  2  3 96  0  0  0 2026-09-30 16:14:50
 0  0 320968  95344   2924  94492    0    0     0     0  752 1035  1  3 95  0  0  0 2026-09-30 16:14:51
 0  0 320968  94336   2924  94492    0    0     0     0  698  967  1  3 96  0  0  0 2026-09-30 16:14:52
 0  0 320968  93080   2924  94492    0    0     0     0  734  997  1  2 97  0  0  0 2026-09-30 16:14:53
 0  0 320968  98516   2924  94492   12    0    12     0 1229 2331  3  5 92  0  0  0 2026-09-30 16:14:54
 0  0 320968  98516   2932  94492    0    0     0    16  724 1043  1  3 96  0  0  0 2026-09-30 16:14:55
 0  0 320968  98516   2932  94492    0    0     0     0  722 1005  0  4 95  0  0  0 2026-09-30 16:14:56
 0  0 320968  98516   2932  94492    0    0     0     0  766 1081  2  3 96  0  0  0 2026-09-30 16:14:57
 0  0 320968  98516   2932  94492    0    0     0     0  716  982  2  2 96  0  0  0 2026-09-30 16:14:58
 0  0 320968  99816   2932  94492    0    0     0     0  750 1037  1  4 96  0  0  0 2026-09-30 16:14:59
 0  0 320968 100300   2932  94492    0    0     0     8  703  985  1  3 88  0  8  0 2026-09-30 16:15:00
 2  0 320968 100048   2932  94496    0    0     0     0  707  923  1  4 84  0 11  0 2026-09-30 16:15:01
 0  0 320968 100048   2932  94496    0    0     0     0  629  866  1  3 75  0 22  0 2026-09-30 16:15:02
 0  0 320968 100048   2932  94496    0    0     0     0  763 1033  0  5 90  0  4  0 2026-09-30 16:15:03
 0  0 320968 100856   2932  94496    0    0     0     0 1085 2132  5  2 93  0  0  0 2026-09-30 16:15:04
 0  0 320968 100856   2940  94496    0    0     0    20  811 1126  1  3 96  1  0  0 2026-09-30 16:15:05
 0  0 320968 100608   2940  94496    0    0     0     0  768  991  2  3 95  0  0  0 2026-09-30 16:15:06
 0  0 320968 100608   2940  94496    0    0     0     0  712 1022  1  3 96  0  0  0 2026-09-30 16:15:07
 0  0 320968 100360   2940  94496    0    0     0     0  739  992  1  4 95  0  0  0 2026-09-30 16:15:08
 0  0 320968 100360   2940  94496    0    0     0     0  777 1075  1  3 96  0  0  0 2026-09-30 16:15:09
 0  0 320968 100360   2940  94496    0    0     0    12  757 1037  1  2 96  0  0  0 2026-09-30 16:15:10
procs -----------memory---------- ---swap-- -----io---- -system-- -------cpu------- -----timestamp-----
 r  b   swpd   free   buff  cache   si   so    bi    bo   in   cs us sy id wa st gu                 UTC
 0  0 320968  99608   2940  94496   12    0    12     0  694  987  1  5 95  0  0  0 2026-09-30 16:15:11
 0  0 320968  99608   2940  94496    0    0     0     0  790 1111  2  3 96  0  0  0 2026-09-30 16:15:12
 1  0 320968  99608   2940  94496    0    0     0     0  718  960  2  3 96  0  0  0 2026-09-30 16:15:13
 1  0 320968  91176   2940  94496    8    0     8     0  981 1632  3  4 94  0  0  0 2026-09-30 16:15:14
 0  0 320968 100232   2948  94496    0    0     0    16  962 1592  2  4 94  0  0  0 2026-09-30 16:15:15
 0  0 320968  99768   2948  94496    0    0     0     0  701  977  1  2 97  0  0  0 2026-09-30 16:15:16
 0  0 320968  99488   2948  94496    0    0     0     0  798 1171  2  3 95  0  0  0 2026-09-30 16:15:17
 0  0 320968  98732   2948  94500    0    0     0     0  739 1035  1  4 96  0  0  0 2026-09-30 16:15:18
 0  0 320968  98732   2948  94500    0    0     0     0  714  988  1  4 96  0  0  0 2026-09-30 16:15:19
 0  0 320968  98732   2948  94500    0    0     0     8  774 1097  1  3 96  0  0  0 2026-09-30 16:15:20
 0  0 320968  98732   2948  94500    0    0     0     0  745 1051  1  3 96  0  0  0 2026-09-30 16:15:21
 0  0 320968  98732   2948  94500    0    0     0     0  708  963  1  4 96  0  0  0 2026-09-30 16:15:22
 0  0 320968  98732   2948  94500    0    0     0     0  697  979  1  3 96  0  0  0 2026-09-30 16:15:23
 0  0 320968  98732   2948  94500    0    0     0     0  721  986  2  3 96  0  1  0 2026-09-30 16:15:24
 0  0 320968  98492   2956  94500    0    0     0    16 1202 2316  3  5 92  0  0  0 2026-09-30 16:15:25
 0  0 320968  98492   2956  94500    0    0     0     0  733 1046  1  3 97  0  0  0 2026-09-30 16:15:26
 0  0 320968  98492   2956  94500    0    0     0     0  755 1065  1  3 96  0  0  0 2026-09-30 16:15:27
 1  0 320968  97488   2956  94500    0    0     0     0  732  983  2  2 96  0  0  0 2026-09-30 16:15:28
 0  0 320968  97488   2956  94500    0    0     0     0  719 1019  1  3 96  0  0  0 2026-09-30 16:15:29
 0  0 320968  97488   2956  94500    0    0     0     8  747 1053  2  2 95  0  1  0 2026-09-30 16:15:30
 0  0 320968  97488   2964  94500    4    0     4    12  735 1011  1  3 96  0  1  0 2026-09-30 16:15:31
procs -----------memory---------- ---swap-- -----io---- -system-- -------cpu------- -----timestamp-----
 r  b   swpd   free   buff  cache   si   so    bi    bo   in   cs us sy id wa st gu                 UTC
 0  0 320968  97488   2964  94500    0    0     0     0  703  990  2  3 96  0  0  0 2026-09-30 16:15:32
 0  0 320968  97488   2964  94500    0    0     0     0  712  969  2  3 96  0  0  0 2026-09-30 16:15:33
 0  0 320968  97488   2964  94500    0    0     0     0  739  994  2  3 96  0  0  0 2026-09-30 16:15:34
 0  0 320968 101232   2964  94500    0    0     0     4 1121 2141  4  3 93  0  0  0 2026-09-30 16:15:35
 0  0 320968 101232   2964  94500   12    0    12     0  742 1062  1  3 95  1  0  0 2026-09-30 16:15:36
 0  0 320968 101232   2964  94500    0    0     0     0  775 1081  1  3 96  0  0  0 2026-09-30 16:15:37
 0  0 320968 101232   2964  94500    0    0     0     0  719  982  2  3 96  0  0  0 2026-09-30 16:15:38
 0  0 320968 101232   2964  94708    4    0   212     0  803 1137  2  3 95  0  0  0 2026-09-30 16:15:39
 0  0 320968 101232   2964  94708    0    0     0     0  737 1035  1  3 95  0  0  0 2026-09-30 16:15:40
 0  0 320968 101232   2972  94708    0    0     0    16  762 1050  2  3 95  0  0  0 2026-09-30 16:15:41
 0  0 320968  99516   2972  94708    0    0     0     0  770 1109  1  2 97  0  0  0 2026-09-30 16:15:42
 0  1 320200  86940   4104 115552 2112    0 23864    16 1801 2598  4  5 71 20  0  0 2026-09-30 16:15:43
 0  0 319432  80848   4128 129108  652    0 13952    28 1732 2423  8  7 76 10  0  0 2026-09-30 16:15:44
 0  0 320456  84028   4128 128072    0 1584     0  1584 1303 2350  3  4 93  1  0  0 2026-09-30 16:15:45
 0  0 320456  82624   4128 128072    0    0     0    12  785 1083  1  3 96  0  0  0 2026-09-30 16:15:46
 0  0 320456  78436   4144 128072   28    0    28    96 1327 1621  3  3 94  0  0  0 2026-09-30 16:15:47
 0  0 320456  77760   4144 128072    0    0     0     0 1828 1837  3  5 90  0  1  0 2026-09-30 16:15:48
 0  0 320456  77828   4144 128072    4    0     4   576 1924 2018  4  4 91  1  0  0 2026-09-30 16:15:49
 0  0 320456  77660   4144 128072    0    0     0     0 2018 2102  5  4 91  0  0  0 2026-09-30 16:15:50
 0  0 320456  77108   4144 128072    0    0     0    12 2083 2045  6  4 90  0  0  0 2026-09-30 16:15:51
 0  0 320456  72260   4152 128072    4    0     4    68 2111 2150  7  4 90  0  0  0 2026-09-30 16:15:52
procs -----------memory---------- ---swap-- -----io---- -system-- -------cpu------- -----timestamp-----
 r  b   swpd   free   buff  cache   si   so    bi    bo   in   cs us sy id wa st gu                 UTC
 1  0 320456  72036   4152 128208   36    0   160     0 2423 2523 13  5 82  0  0  0 2026-09-30 16:15:53
 0  0 320456  71560   4152 128200    4    0     4     0 2635 2583  9  4 87  0  0  0 2026-09-30 16:15:54
 1  0 320456  73512   4152 128200    0    0     0     0 3291 4167 11  6 83  0  1  0 2026-09-30 16:15:55
 0  0 320456  73272   4152 128216    4    0     4    16 2987 2920  6  6 88  0  0  0 2026-09-30 16:15:56
 0  0 320456  73272   4152 128216    0    0     0     0 3065 3038  8  5 87  0  0  0 2026-09-30 16:15:57
 0  0 320456  72796   4152 128248    0    0     0    16 3512 3400  8  5 87  0  0  0 2026-09-30 16:15:58
 0  0 320456  72572   4152 128264    8    0     8     0 3126 3034  6  7 87  0  0  0 2026-09-30 16:15:59
 0  0 320456  72328   4160 128296    4    0     4    12 2989 2918  9  6 73  0 12  0 2026-09-30 16:16:00
 2  0 320456  72328   4160 128328    0    0     0    12 3877 3750 12  6 73  0  9  0 2026-09-30 16:16:01
 0  0 320456  71852   4160 128360    4    0     4     0 3228 3087 10  8 59  0 23  0 2026-09-30 16:16:02
 0  0 320456  71628   4160 128392    0    0     0     0 4023 3892 11  7 82  0  1  0 2026-09-30 16:16:03
 0  0 320456  71628   4160 128424    4    0     4     0 3854 3701 10  7 84  0  0  0 2026-09-30 16:16:04
 2  0 320456  60660   4160 128456    0    0     0     0 4750 5473 16  8 77  0  0  0 2026-09-30 16:16:05
 0  0 320712 101244   4016 122948   20   88    20   116 4349 4231 12  7 81  1  0  0 2026-09-30 16:16:06
 0  1 320712  96320   4016 122928   44    0   112     0 4730 4591 13  7 80  1  0  0 2026-09-30 16:16:07
 0  0 320712  96320   4016 123012    0    0     0     0 4303 4211 10  7 82  0  1  0 2026-09-30 16:16:08
 0  0 320712  96320   4016 123044    8    0     8     0 4890 4689 15  6 79  0  0  0 2026-09-30 16:16:09
 0  0 319944  96320   4016 123196   40    0   144     0 5092 4941 15  8 77  0  0  0 2026-09-30 16:16:10
 0  0 319944  95372   4024 123212    0    0     0    32 5087 4983 12  9 79  0  1  0 2026-09-30 16:16:11
 0  0 319944  94036   4024 123260    0    0     0     0 5120 5083 14  8 79  0  0  0 2026-09-30 16:16:12
 0  0 319944  93512   4024 123292    0    0     0     0 5354 5279 13 10 77  0  0  0 2026-09-30 16:16:13
procs -----------memory---------- ---swap-- -----io---- -system-- -------cpu------- -----timestamp-----
 r  b   swpd   free   buff  cache   si   so    bi    bo   in   cs us sy id wa st gu                 UTC
 1  0 319944  92984   4024 123308    8    0     8     0 5193 5082 14  9 78  0  0  0 2026-09-30 16:16:14
 1  0 319944  82116   4024 123764    4    0   396     0 5801 6589 16 12 72  1  0  0 2026-09-30 16:16:15
 0  0 319944  81880   4032 123788    0    0     0    32 5639 5537 16  8 76  0  0  0 2026-09-30 16:16:16
 2  0 319944  81380   4032 123828    0    0     0     0 5817 5861 18 10 73  0  0  0 2026-09-30 16:16:17
 1  0 319944  80876   4032 123860    0    0     0     0 5489 5347 16  7 77  0  0  0 2026-09-30 16:16:18
 1  0 319944  80684   4032 123892    8    0     8     0 5760 5630 14 10 76  0  0  0 2026-09-30 16:16:19
 3  0 319944  80428   4032 123924    0    0     0     0 6363 6301 17  9 74  0  1  0 2026-09-30 16:16:20
 1  0 319944  80428   4032 123956    0    0     0     0 6032 5862 19  9 72  0  0  0 2026-09-30 16:16:21
 0  0 319944  78928   4040 123988    0    0     0    32 6203 6111 18 10 73  0  0  0 2026-09-30 16:16:22
 0  0 319944  78412   4040 124020    0    0     0     0 6451 6252 17 10 73  0  0  0 2026-09-30 16:16:23
 0  0 319688  77964   4040 124052    8    0     8     0 6369 6089 18  9 73  0  0  0 2026-09-30 16:16:24
 0  0 319688  76248   4040 124100    0    0     0     0 6895 7624 22 10 68  0  0  0 2026-09-30 16:16:25
 0  0 319688  75996   4040 124132    0    0     0     0 6252 6387 14 11 74  0  0  0 2026-09-30 16:16:26
 1  0 319688  74988   4048 124164    0    0     0    28 7100 7174 20 10 70  0  1  0 2026-09-30 16:16:27
 0  0 319688  74260   4048 124180    0    0     0     0 6853 6882 21 10 69  0  0  0 2026-09-30 16:16:28
 0  0 319688  82580   4048 124212    4    0     4     0 7196 6926 21 12 66  0  0  0 2026-09-30 16:16:29
 2  0 319688  82580   4048 124244    0    0     0     0 7135 6878 23  9 67  0  2  0 2026-09-30 16:16:30
 0  0 319688  82580   4048 124296    0    0     0     0 7247 6946 21 11 68  0  0  0 2026-09-30 16:16:31
 2  0 319688  82324   4056 124312    0    0     0    28 7340 7172 21 11 68  1  0  0 2026-09-30 16:16:32
 0  0 319688  82324   4056 124360    0    0     0     0 7120 7061 19  9 73  0  0  0 2026-09-30 16:16:33
 0  0 319688  81876   4056 124376    8    0     8     0 7884 8144 23 13 64  0  0  0 2026-09-30 16:16:34
procs -----------memory---------- ---swap-- -----io---- -system-- -------cpu------- -----timestamp-----
 r  b   swpd   free   buff  cache   si   so    bi    bo   in   cs us sy id wa st gu                 UTC
 3  0 319688  76416   4056 124424    0    0     0     0 8476 9137 22 14 64  0  0  0 2026-09-30 16:16:35
 0  0 319672  75708   4056 124856    4    0     4     0 7795 7678 22 14 64  0  1  0 2026-09-30 16:16:36
 1  0 319672  75712   4064 124888    0    0     0    28 7695 7771 22  9 68  0  0  0 2026-09-30 16:16:37
 1  0 319672  75488   4064 124920    0    0     0     0 8221 8259 21 10 68  0  0  0 2026-09-30 16:16:38
 0  0 319672  75488   4064 124952   24    0    24     0 8283 8254 21 14 65  0  0  0 2026-09-30 16:16:39
 0  0 319672  75260   4064 124984   24    0    24     0 7843 7767 21 12 66  0  0  0 2026-09-30 16:16:40
 5  0 319672  74796   4064 125016  108    0   108     0 8830 8464 25 12 63  0  0  0 2026-09-30 16:16:41
 0  0 319672  74312   4072 125048    8    0     8    28 8705 8887 29  9 62  1  1  0 2026-09-30 16:16:42
 5  0 319672  73868   4072 125096    0    0     0     0 8449 8326 21 13 66  0  0  0 2026-09-30 16:16:43
 0  0 319416  73364   4072 125496  312    0   648     0 8902 8729 26 12 61  1  0  0 2026-09-30 16:16:44
 4  0 319416  63168   4072 125688    0    0   160     0 8936 9543 25 14 59  0  2  0 2026-09-30 16:16:45
 2  0 319416  63160   4072 125736   28    0    28     0 7977 8381 36 11 54  0  0  0 2026-09-30 16:16:46
 0  0 319416  62620   4080 125752    0    0     0    28 9149 9048 28 13 59  0  0  0 2026-09-30 16:16:47
 1  0 319416 100548   3868 122268    4    0     4   148 9665 9279 26 15 58  0  1  0 2026-09-30 16:16:48
 3  0 319416 100012   3868 122424   40    0   180     0 8614 8283 26 11 63  1  0  0 2026-09-30 16:16:49
 0  0 319416  99508   3868 122472    0    0     0     0 9411 9071 30 13 57  0  0  0 2026-09-30 16:16:50
 0  0 319416  99000   3868 122504    0    0     0     0 9386 9492 27 13 60  0  0  0 2026-09-30 16:16:51
 0  0 319416  99000   3868 122536    0    0     0    52 9146 9049 29 13 58  0  0  0 2026-09-30 16:16:52
 3  0 319160  98552   3868 122552    0    0     0     4 9050 9249 40 12 47  0  1  0 2026-09-30 16:16:53
 0  0 319160  93460   3876 122600   16    0    16    16 9914 9685 27 13 60  0  0  0 2026-09-30 16:16:54
 0  0 319160  86344   3876 122768    0    0   200     0 10259 11120 30 16 53  0  0  0 2026-09-30 16:16:55
procs -----------memory---------- ---swap-- -----io---- -system-- -------cpu------- -----timestamp-----
 r  b   swpd   free   buff  cache   si   so    bi    bo   in   cs us sy id wa st gu                 UTC
 2  0 319160  85880   3876 122800    0    0     0     0 9791 9463 27 17 56  0  0  0 2026-09-30 16:16:56
 4  0 319160  85880   3876 122832    4    0     4    24 9337 9338 27 14 59  0  0  0 2026-09-30 16:16:57
 1  0 319160  85396   3876 122864    8    0     8     0 9880 9811 26 17 57  0  1  0 2026-09-30 16:16:58
 1  0 319160  83884   3876 122896   16    0    16     0 9649 9601 40 17 44  0  0  0 2026-09-30 16:16:59
 2  0 319160  80172   3876 122928    8    0     8     0 8811 8892 32 12 33  0 22  0 2026-09-30 16:17:00
 0  0 319160  79856   3876 123060    0    0     4     0 8890 9087 32 17 41  0 10  0 2026-09-30 16:17:01
 2  0 319160  78912   3876 123092    0    0     0     0 7832 8212 32 18 17  0 33  0 2026-09-30 16:17:02
 1  0 319160  78404   3884 123124    0    0     0    28 9849 9799 35 16 49  0  1  0 2026-09-30 16:17:03
 2  0 319160  78204   3884 123156   24    0    24     0 10441 10008 32 18 50  0  0  0 2026-09-30 16:17:04
 4  0 319160  74788   3884 123220   12    0    12     0 10378 11289 47 17 36  0  0  0 2026-09-30 16:17:05
 3  0 319160  74324   3884 123272    0    0     0     0 11046 10652 30 18 52  0  1  0 2026-09-30 16:17:06
 0  0 319160  73848   3884 123288    0    0     0     0 10583 10682 33 17 50  0  0  0 2026-09-30 16:17:07
 1  0 319160  73092   3892 123336    0    0     0    28 11447 11132 35 16 48  0  0  0 2026-09-30 16:17:08
 0  0 319160  72600   3892 123352   24    0    24     0 10428 10730 29 17 54  0  0  0 2026-09-30 16:17:09
 1  0 319160  72380   3892 123400   20    0    20     0 10989 10350 48 16 35  0  1  0 2026-09-30 16:17:10
 0  0 319160  72156   3892 123432    0    0     0     0 11096 10898 34 16 50  0  0  0 2026-09-30 16:17:11
 1  0 319160  71652   3892 123464    4    0     4     0 10981 10966 32 19 49  0  0  0 2026-09-30 16:17:12
 3  0 319160  70944   3900 123480   16    0    16    28 11243 11128 32 17 50  1  0  0 2026-09-30 16:17:13
 1  0 319160  70896   3900 123528   48    0    48     0 11346 11318 32 21 47  0  0  0 2026-09-30 16:17:14
 1  0 319160  66128   3900 123668    4    0   108     0 11057 11979 50 18 32  0  0  0 2026-09-30 16:17:15
 2  0 317368  64580   3900 126844 4188    0  7336     0 12146 12361 44 20 30  6  0  0 2026-09-30 16:17:16
procs -----------memory---------- ---swap-- -----io---- -system-- -------cpu------- -----timestamp-----
 r  b   swpd   free   buff  cache   si   so    bi    bo   in   cs us sy id wa st gu                 UTC
 2  0 317368  64328   3900 126892   44    0    44     0 11048 11560 36 17 46  0  0  0 2026-09-30 16:17:17
 7  0 317368  63872   3908 126908    0    0     0    28 11176 11142 39 19 42  0  0  0 2026-09-30 16:17:18
 9  0 317368  63376   3908 126940    0    0     0     0 11913 11657 40 18 42  0  0  0 2026-09-30 16:17:19
 0  0 317368  63376   3908 126972   24    0    24     0 11044 11246 47 18 35  0  0  0 2026-09-30 16:17:20
 4  0 317368  63372   3908 127004    0    0     0     0 11227 11585 36 19 45  0  1  0 2026-09-30 16:17:21
 8  0 317368  62892   3908 127036    0    0     0     0 12013 11854 39 19 43  0  0  0 2026-09-30 16:17:22
 0  0 317368  62668   3916 127068    0    0     0    32 11823 11996 39 17 44  0  0  0 2026-09-30 16:17:23
 6  0 317368  62252   3916 127100    0    0     0     0 12081 11549 50 23 27  0  0  0 2026-09-30 16:17:24
 3  0 317368  75504   3844 126956    4   56     4    56 12279 12819 40 20 40  0  0  0 2026-09-30 16:17:25
 6  0 317368  75252   3844 126988    0    0     0     0 12543 11905 37 18 44  0  0  0 2026-09-30 16:17:26
 3  0 317368  74752   3844 127020    4    0     4     0 13058 12655 37 21 42  0  0  0 2026-09-30 16:17:27
 1  0 317368  74500   3852 127052    0    0     0    32 11647 11335 49 21 30  0  0  0 2026-09-30 16:17:28
 0  0 317368  74252   3852 127068    0    0     0     0 12859 12135 39 20 41  0  0  0 2026-09-30 16:17:29
 0  0 317368  73636   3852 127100    0    0     0     0 12723 13045 43 21 35  0  0  0 2026-09-30 16:17:30
 3  0 317368  73584   3852 127148    0    0     0     0 12150 11981 35 21 44  0  0  0 2026-09-30 16:17:31
 0  0 317368  73584   3852 127180    0    0     0     0 12423 11738 54 19 26  0  0  0 2026-09-30 16:17:32
 0  0 317368  73208   3860 127196    0    0     0    28 12878 12425 38 22 40  0  0  0 2026-09-30 16:17:33
 7  0 317368  72980   3860 127244    0    0     0     0 12770 12372 42 19 38  0  1  0 2026-09-30 16:17:34
17  0 317368  66936   3860 127276    0    0     0     0 12520 12848 46 20 34  0  0  0 2026-09-30 16:17:35
 1  0 317368  70448   3860 127840   24    0    72     0 12150 13498 50 27 23  0  0  0 2026-09-30 16:17:36
 1  0 317112  70448   3860 127920  164    0   164     0 12751 12784 41 20 38  1  0  0 2026-09-30 16:17:37
procs -----------memory---------- ---swap-- -----io---- -system-- -------cpu------- -----timestamp-----
 r  b   swpd   free   buff  cache   si   so    bi    bo   in   cs us sy id wa st gu                 UTC
 2  0 317112  69484   3868 127948    8    0     8    28 13260 13170 39 24 37  0  0  0 2026-09-30 16:17:38
 6  0 317112  69232   3868 128012   52    0    76     0 11679 12806 51 25 24  0  0  0 2026-09-30 16:17:39
 0  0 317112  68740   3868 128056    0    0     0     0 13021 13146 46 20 33  0  1  0 2026-09-30 16:17:40
 1  0 317112  68516   3868 128096    0    0     0     0 13560 13506 46 23 31  0  0  0 2026-09-30 16:17:41
13  0 317112  68068   3868 128156    0    0     0     0 11929 12477 43 24 33  0  0  0 2026-09-30 16:17:42
 0  0 317112  67332   3876 128204    8    0     8    28 13191 12603 53 18 28  0  0  0 2026-09-30 16:17:43
 3  0 317112  67288   3876 128248   36    0    36     0 13944 13313 44 21 35  0  0  0 2026-09-30 16:17:44
 4  0 317112  67064   3876 128288    0    0     0     0 14058 14062 47 24 28  0  1  0 2026-09-30 16:17:45
 4  0 317368  68808   3576 127232   12  488    12   488 13708 13733 61 26 13  0  0  0 2026-09-30 16:17:46
 1  0 317368  68808   3576 127260    0    0     0     0 13006 12932 46 20 34  0  0  0 2026-09-30 16:17:47
 2  0 317368  68552   3576 127268    0    0     0     0 12459 13115 40 24 36  0  0  0 2026-09-30 16:17:48
 4  0 317368  68556   3600 127276   88    0    92   224 12699 14863 62 19 19  0  0  0 2026-09-30 16:17:49
 2  0 317368  68556   3600 127276    0    0     0     0 13094 13361 44 23 33  0  0  0 2026-09-30 16:17:50
 0  0 317368  68052   3600 127292    0    0     0     0 13724 13240 44 23 33  0  0  0 2026-09-30 16:17:51
 6  0 317368  67548   3600 127292    0    0     0     0 12760 12197 59 21 20  0  0  0 2026-09-30 16:17:52
 0  0 317368  67552   3600 127292    0    0     0     0 12935 13060 47 20 32  0  0  0 2026-09-30 16:17:53
 2  0 317368  67548   3612 127292   28    0    32    40 12110 12581 41 22 37  1  0  0 2026-09-30 16:17:54
19  0 317368  67548   3612 127292    0    0     0     0 13002 12629 51 24 26  0  0  0 2026-09-30 16:17:55
 3  0 317368  81296   3304 126464   24   52   120    52 13238 14603 52 26 22  0  0  0 2026-09-30 16:17:56
 1  0 317368  81300   3304 126460   20    0    20     0 13167 13451 44 22 34  0  0  0 2026-09-30 16:17:57
 9  0 317368  80548   3304 126460    0    0     0     0 13067 12884 43 22 34  0  0  0 2026-09-30 16:17:58
procs -----------memory---------- ---swap-- -----io---- -system-- -------cpu------- -----timestamp-----
 r  b   swpd   free   buff  cache   si   so    bi    bo   in   cs us sy id wa st gu                 UTC
 5  0 317368  80552   3312 126452   20    0    20    72 12218 12657 55 21 24  0  0  0 2026-09-30 16:17:59
 1  0 317368  80552   3312 126460    0    0     0     0 12726 12713 45 22 26  0  6  0 2026-09-30 16:18:00
13  0 317368  79704   3312 126460   36    0    36     0 10805 10942 40 22 22  0 17  0 2026-09-30 16:18:01
31  0 317368  70136   3312 126448   40    0    40     0 6670 6170 38 16  3  0 43  0 2026-09-30 16:18:02
23  0 317368  67916   3312 126768    0    0     0     0 13663 11662 70 27  2  0  0  0 2026-09-30 16:18:03
 1  0 317368  67916   3312 126768    0    0     0    32 14057 12863 56 26 17  0  0  0 2026-09-30 16:18:04
 5  0 317368  67412   3320 126772    0    0     0    12 13252 12736 39 25 36  0  0  0 2026-09-30 16:18:05
 3  0 317880  93404   2588 122632   36 2024    84  2024 13428 12822 59 21 20  0  0  0 2026-09-30 16:18:06
 9  0 317880  92900   2588 122632    0    0     0     0 13476 12896 42 23 36  0  0  0 2026-09-30 16:18:07
 7  0 317880  92144   2588 122628   16    0    16     0 13587 13125 41 25 35  0  0  0 2026-09-30 16:18:08
 7  0 317880  90940   2588 122628    0    0     0    16 12788 13130 57 22 21  0  0  0 2026-09-30 16:18:09
11  1 317624  90692   2588 122628  736    0   736     0 13415 13705 48 24 27  1  0  0 2026-09-30 16:18:10
 2  0 316088  89952   2588 122728 1904    0  2004     0 13212 13312 48 22 29  1  0  0 2026-09-30 16:18:11
11  0 316088  89652   2588 122728    0    0     0     0 12941 12601 54 21 25  0  0  0 2026-09-30 16:18:12
 1  0 316088  89652   2588 122728    0    0     0     0 13014 13187 46 20 34  0  0  0 2026-09-30 16:18:13
 0  0 316088  89160   2596 122728    0    0     0    28 13041 13578 46 21 33  0  0  0 2026-09-30 16:18:14
 6  0 316088  89144   2596 122728    8    0     8     0 12585 13604 54 22 25  0  0  0 2026-09-30 16:18:15
 3  0 316088  73352   2596 123576   32    0   880     0 13631 14296 49 23 27  1  0  0 2026-09-30 16:18:16
 6  0 316088  73352   2596 123576    4    0     4     0 12751 13300 41 23 36  0  0  0 2026-09-30 16:18:17
 7  0 316088  73352   2596 123580    0    0     0     0 14068 13242 53 22 25  0  0  0 2026-09-30 16:18:18
 6  0 316088  73348   2604 123604    0    0    24    28 12652 12342 50 20 29  0  1  0 2026-09-30 16:18:19
procs -----------memory---------- ---swap-- -----io---- -system-- -------cpu------- -----timestamp-----
 r  b   swpd   free   buff  cache   si   so    bi    bo   in   cs us sy id wa st gu                 UTC
 5  0 316088  73344   2604 123604    0    0     0     0 12489 12952 43 22 35  0  0  0 2026-09-30 16:18:20
16  0 316088  73340   2604 123604    0    0     0     0 12268 12585 47 21 32  0  0  0 2026-09-30 16:18:21
 5  0 316088  73344   2604 123604    8    0     8     0 13282 12919 56 22 22  0  0  0 2026-09-30 16:18:22
 0  0 316088  73352   2604 123604    0    0     0     0 12832 13313 42 21 38  0  0  0 2026-09-30 16:18:23
19  0 316088  73096   2612 123596    0    0     0    28 13006 13026 48 21 30  0  0  0 2026-09-30 16:18:24
13  0 316088  73096   2612 123604    0    0     0     0 13221 13794 60 20 20  0  1  0 2026-09-30 16:18:25
13  0 316088  74400   2612 123588    0    0     0     0 13493 15646 47 24 29  0  0  0 2026-09-30 16:18:26
12  0 316088  74400   2612 123588    0    0     0     0 12980 15319 44 26 30  0  0  0 2026-09-30 16:18:27
 2  0 316088  74400   2612 123588    0    0     0     0 13185 12297 56 23 21  0  0  0 2026-09-30 16:18:28
10  0 316088  74400   2612 123588    0    0     0     0 12671 12853 42 25 32  0  1  0 2026-09-30 16:18:29
 2  0 316088  74400   2620 123588    0    0     0    28 13533 13422 47 22 31  0  0  0 2026-09-30 16:18:30
 1  0 316088  74400   2620 123588    0    0     0     0 12809 12679 61 21 18  0  0  0 2026-09-30 16:18:31
 6  0 316088  74400   2620 123588    0    0     0     0 13141 13243 44 19 37  0  0  0 2026-09-30 16:18:32
 0  0 316088  74400   2620 123588    0    0     0     0 13254 13909 40 24 37  0  0  0 2026-09-30 16:18:33
 3  0 316088  74396   2620 123588    0    0     0     0 12492 12131 58 20 22  0  0  0 2026-09-30 16:18:34
 0  0 316088  74396   2628 123588    0    0     0    32 13520 12699 44 22 34  0  0  0 2026-09-30 16:18:35
 5  0 316088  51648   2628 126676   28    0   400     0 14717 18324 50 30 20  0  1  0 2026-09-30 16:18:36
 4  0 316088  51204   2628 126728    0    0     0     0 12139 12357 58 21 21  0  0  0 2026-09-30 16:18:37
 0  0 316600  83208   2232 126036    4  628     4   628 13700 13753 42 21 37  0  0  0 2026-09-30 16:18:38
 0  0 316600  82248   2232 126036    4    0     4     0 13813 13732 45 21 34  0  0  0 2026-09-30 16:18:39
 0  0 316600  81744   2240 126020    4    0     4    32 12044 12680 59 21 21  0  0  0 2026-09-30 16:18:40
procs -----------memory---------- ---swap-- -----io---- -system-- -------cpu------- -----timestamp-----
 r  b   swpd   free   buff  cache   si   so    bi    bo   in   cs us sy id wa st gu                 UTC
 2  0 316600  81440   2240 126032    0    0     0     0 13507 13741 44 20 35  0  0  0 2026-09-30 16:18:41
 7  0 316600  81188   2240 126032    0    0     0     0 13635 13864 46 22 32  0  0  0 2026-09-30 16:18:42
 2  0 316600  80684   2240 126044    0    0     0     0 12265 12542 56 22 22  0  0  0 2026-09-30 16:18:43
 2  0 316600  80680   2240 126052    0    0     0     0 13121 13026 43 21 36  0  0  0 2026-09-30 16:18:44
10  0 316600  80428   2248 126048    0    0     0    28 13117 14417 47 22 30  0  0  0 2026-09-30 16:18:45
23  0 316600  74916   2248 126056    0    0     0     0 12906 12586 61 21 18  0  0  0 2026-09-30 16:18:46
 5  0 316600  82384   2248 126056    4    0     4     0 12857 13579 45 27 28  0  0  0 2026-09-30 16:18:47
 3  0 316600  82384   2248 126052    0    0     0     0 13585 12925 42 22 36  0  0  0 2026-09-30 16:18:48
13  0 316600  82384   2248 126056    0    0     0     0 12964 12489 57 19 25  0  0  0 2026-09-30 16:18:49
 8  0 316600  82132   2276 126380    0    0   336   220 12598 13682 47 23 30  0  0  0 2026-09-30 16:18:50
 0  0 316600  81880   2276 126380    0    0     0     0 12706 13406 47 20 33  0  0  0 2026-09-30 16:18:51
11  0 316600  81676   2276 126364    0    0     0     0 13155 12808 48 23 29  0  0  0 2026-09-30 16:18:52
 1  0 316600  81624   2276 126396    4    0     4     0 12954 12669 56 23 21  0  0  0 2026-09-30 16:18:53
 6  0 316600  81120   2276 126396    4    0     4     0 13247 12965 47 23 29  0  1  0 2026-09-30 16:18:54
12  0 316600  80668   2284 126380    0    0     0    36 13273 13217 45 21 33  1  0  0 2026-09-30 16:18:55
 0  0 316600  76524   2284 126376    8    0     8     0 12464 12630 58 20 21  0  0  0 2026-09-30 16:18:56
 4  0 316600  69456   2284 126368    4    0     4     0 13623 14919 46 27 26  0  0  0 2026-09-30 16:18:57
 1  0 316600  69456   2284 126384    0    0     0     0 12216 11815 62 19 19  0  0  0 2026-09-30 16:18:58
 0  0 316600  69456   2284 126384    0    0     0     0 13377 13522 45 23 32  0  0  0 2026-09-30 16:18:59
 6  0 316600  69200   2292 126364    8    0     8    28 12863 11903 62 25  9  0  4  0 2026-09-30 16:19:00
 4  0 316600  69200   2292 126380    0    0     0     0 11596 12394 45 21 28  0  5  0 2026-09-30 16:19:01
procs -----------memory---------- ---swap-- -----io---- -system-- -------cpu------- -----timestamp-----
 r  b   swpd   free   buff  cache   si   so    bi    bo   in   cs us sy id wa st gu                 UTC
 1  0 316600  69208   2292 126380    0    0     0     0 11630 12183 64 22 12  0  2  0 2026-09-30 16:19:02
 3  0 316600  68960   2292 126392    0    0     0     0 12528 13181 46 22 32  0  0  0 2026-09-30 16:19:03
13  0 316600  68960   2292 126384    0    0     0     0 12347 12239 55 25 19  0  0  0 2026-09-30 16:19:04
 2  0 316600  68484   2300 126372    0    0     0    28 13200 13447 41 23 36  0  0  0 2026-09-30 16:19:05
 2  0 316600  68208   2300 126388    0    0     0     0 12849 12164 56 25 19  0  0  0 2026-09-30 16:19:06
 1  0 316600  71652   2300 126660    4    0   256     0 13515 14709 48 21 31  0  0  0 2026-09-30 16:19:07
 9  0 316600  70896   2300 126660    0    0     0     0 12833 12133 57 22 21  0  0  0 2026-09-30 16:19:08
 6  0 316600  70896   2300 126664    0    0     0     0 13529 12979 41 23 36  0  0  0 2026-09-30 16:19:09
10  0 316600  70640   2308 126652    0    0     0    28 13435 12836 61 18 20  0  0  0 2026-09-30 16:19:10
 7  0 316600  70388   2308 126656    0    0     0     0 13345 13061 46 22 31  0  0  0 2026-09-30 16:19:11
 6  0 316600  70388   2308 126636    0    0     0     0 12673 12585 54 24 22  0  0  0 2026-09-30 16:19:12
 0  0 316600  70388   2308 126656    0    0     0     0 12755 12409 42 24 34  0  0  0 2026-09-30 16:19:13
10  0 316600  70384   2308 126656    0    0     0     0 13273 12627 54 20 26  0  0  0 2026-09-30 16:19:14
 0  0 316600  70384   2308 126640    0    0     0     0 12872 12588 46 22 32  0  0  0 2026-09-30 16:19:15
 9  0 316600  79940   2316 126648    0    0     0    28 13232 14885 52 24 24  0  0  0 2026-09-30 16:19:16
 4  0 316600  75568   2316 126632    0    0     0     0 12918 14924 53 24 24  0  0  0 2026-09-30 16:19:17
 0  0 316600  75568   2316 126636    4    0     4     0 13108 13305 45 21 33  0  0  0 2026-09-30 16:19:18
13  0 316600  75360   2316 126708  196    0   264     0 12945 12844 50 24 26  0  0  0 2026-09-30 16:19:19
 3  0 316600  75312   2316 126704    0    0     0     0 12856 14723 56 24 20  0  0  0 2026-09-30 16:19:20
 8  0 316344  75308   2324 126696  204    0   204    64 12442 13353 49 22 29  0  0  0 2026-09-30 16:19:21
 1  0 315320  74804   2324 126696 1100    0  1100     0 11972 12588 59 20 20  1  1  0 2026-09-30 16:19:22
procs -----------memory---------- ---swap-- -----io---- -system-- -------cpu------- -----timestamp-----
 r  b   swpd   free   buff  cache   si   so    bi    bo   in   cs us sy id wa st gu                 UTC
12  0 315320  74804   2324 126692    0    0     0     0 13497 12987 42 23 35  0  0  0 2026-09-30 16:19:23
 9  0 315320  74804   2324 126708   52    0    52     0 13313 12420 56 23 20  0  0  0 2026-09-30 16:19:24
 1  0 315320  74804   2324 126708    0    0     0     0 13205 13232 44 20 36  0  0  0 2026-09-30 16:19:25
 7  0 315320  74064   2324 126708    4    0     4    16 12840 12939 60 23 17  0  0  0 2026-09-30 16:19:26
 2  0 315320  60348   2324 126672    0    0     0     0 13091 14577 47 25 29  0  0  0 2026-09-30 16:19:27
 2  0 315320  90276   2272 125652   16    8    16     8 12466 12152 59 22 19  0  0  0 2026-09-30 16:19:28
 4  0 315320  89268   2272 125652    0    0     0     0 13480 13387 43 22 35  0  0  0 2026-09-30 16:19:29
 1  0 315320  89016   2272 125660   16    0    16     0 12230 11766 55 24 21  0  0  0 2026-09-30 16:19:30
 2  0 314296  87280   2280 125644 1284    0  1288    28 13314 12890 48 21 30  1  1  0 2026-09-30 16:19:31
 4  0 314296  87280   2280 125640    0    0     0     0 12808 12323 60 22 18  0  0  0 2026-09-30 16:19:32
 1  0 314296  86536   2280 125632    0    0     0     0 13220 13217 42 23 35  0  0  0 2026-09-30 16:19:33
 0  0 314296  85820   2280 125632   20    0    20     0 12682 13552 61 23 17  0  0  0 2026-09-30 16:19:34
 3  0 314296  85768   2280 125640    0    0     0     0 12888 12891 46 19 35  0  0  0 2026-09-30 16:19:35
 0  0 314040  85764   2288 125756  228    0   348    28 12108 13081 59 25 17  0  0  0 2026-09-30 16:19:36
 3  0 314040  74056   2288 125752    0    0     0     0 13931 14510 52 25 24  0  0  0 2026-09-30 16:19:37
 0  0 314040  73556   2288 125784    0    0     0     0 12058 11847 56 20 23  0  0  0 2026-09-30 16:19:38
19  0 314040  73552   2288 126176    4    0   428     0 12943 13292 43 20 38  0  0  0 2026-09-30 16:19:39
 0  0 314040  73048   2288 126176    0    0     0     0 12982 14466 63 25 13  0  0  0 2026-09-30 16:19:40
 5  0 314040  72044   2296 126184    0    0     0    32 12775 12821 43 21 35  0  1  0 2026-09-30 16:19:41
 2  0 314040  72044   2296 126304   60    0   180     0 13137 13330 43 24 33  0  0  0 2026-09-30 16:19:42
 8  0 314040  71792   2296 126304    0    0     0     0 13109 12211 59 21 20  0  0  0 2026-09-30 16:19:43
procs -----------memory---------- ---swap-- -----io---- -system-- -------cpu------- -----timestamp-----
 r  b   swpd   free   buff  cache   si   so    bi    bo   in   cs us sy id wa st gu                 UTC
 0  0 314040  71792   2296 126296    0    0     0     0 13430 13085 41 24 34  0  0  0 2026-09-30 16:19:44
 9  0 314040  71788   2296 126340    4    0     4     0 12736 12230 56 21 22  0  1  0 2026-09-30 16:19:45
 3  0 314040  71788   2304 126340    0    0     0    28 12575 12695 46 22 32  0  1  0 2026-09-30 16:19:46
 4  0 314040  75532   2304 126392    4    0    64     0 13983 15146 53 25 23  0  0  0 2026-09-30 16:19:47
 6  0 314040  75512   2304 126368    0    0     0     0 13186 17139 56 22 23  0  0  0 2026-09-30 16:19:48
 7  0 314040  75516   2304 126368    0    0     0     0 13076 13269 41 27 32  0  0  0 2026-09-30 16:19:49
15  0 314040  75512   2304 126392    0    0     0     0 13250 12746 48 22 30  0  0  0 2026-09-30 16:19:50
 6  0 314040  75504   2320 126608   12    0   204   204 13072 13141 46 27 28  0  0  0 2026-09-30 16:19:51
10  0 314040  75044   2320 126608    0    0     0    36 13076 12955 49 22 29  0  0  0 2026-09-30 16:19:52
 5  0 314040  74992   2320 126592    0    0     0     0 12030 13115 60 21 19  0  0  0 2026-09-30 16:19:53
 0  0 314040  74992   2320 126584    4    0     4     0 12590 13173 42 24 34  0  0  0 2026-09-30 16:19:54
 1  0 314040  74988   2320 126584    0    0     0     0 12967 12807 44 20 36  0  0  0 2026-09-30 16:19:55
 2  0 314040  74988   2320 126560    0    0     0     4 11988 12175 54 25 21  0  1  0 2026-09-30 16:19:56
 6  0 314040  86900   2328 126556    8  168   104   200 13153 13767 49 19 31  0  0  0 2026-09-30 16:19:57
 9  0 314040  86828   2328 126540    0    0     0     0 12231 12127 55 23 22  0  0  0 2026-09-30 16:19:58
 2  0 314040  86576   2328 126552    0    0     0     0 13754 13723 47 21 32  0  0  0 2026-09-30 16:19:59
16  0 314040  86324   2328 126564    0    0     0     0 10079 9783 51 21  7  0 20  0 2026-09-30 16:20:00
32  0 314040  86316   2328 126628  228    0   296     0 10824 11068 50 23  5  0 22  0 2026-09-30 16:20:01
14  0 314040  86064   2336 126608    0    0     0    36 5687 4583 29 13  2  0 55  0 2026-09-30 16:20:02
30  0 314040  85100   2336 126608    0    0     0     0 12083 10749 71 24  0  0  4  0 2026-09-30 16:20:03
18  0 314040  84548   2336 126652    0    0     0     0 15909 13244 68 30  1  0  0  0 2026-09-30 16:20:04
procs -----------memory---------- ---swap-- -----io---- -system-- -------cpu------- -----timestamp-----
 r  b   swpd   free   buff  cache   si   so    bi    bo   in   cs us sy id wa st gu                 UTC
 2  0 313784  83540   2336 126628    0    0     0     0 12687 12569 45 22 33  0  0  0 2026-09-30 16:20:05
11  0 313784  83288   2336 126628    0    0     0     0 11821 10569 53 19 28  0  0  0 2026-09-30 16:20:06
 6  0 313784  80452   2336 126656    0    0     0    16 13656 14042 48 23 29  0  0  0 2026-09-30 16:20:07
 2  0 313784  80388   2344 126656    0    0     0    12 13498 12983 46 25 28  0  1  0 2026-09-30 16:20:08
 9  0 313784  80132   2344 126652   12    0    12     0 13187 12533 48 22 29  0  1  0 2026-09-30 16:20:09
 1  0 313784  80128   2344 126624    0    0     0     0 13242 12598 61 23 16  0  0  0 2026-09-30 16:20:10
 5  0 313784  80128   2344 126628    0    0     0     0 13177 12782 52 24 24  0  1  0 2026-09-30 16:20:11
 0  0 313784  80128   2344 126628    0    0     0    16 13391 12580 48 27 24  0  0  0 2026-09-30 16:20:12
11  0 313784  80128   2344 126632    0    0     0     0 12540 12094 43 20 37  0  0  0 2026-09-30 16:20:13
 4  0 313784  80128   2344 126624    0    0     0     0 12588 12318 57 22 20  0  0  0 2026-09-30 16:20:14
 2  0 313784  80128   2344 126620    0    0     0     0 13313 13299 47 23 30  0  0  0 2026-09-30 16:20:15
 2  0 313784  80128   2344 126620    8    0     8     0 11874 11720 60 21 18  0  0  0 2026-09-30 16:20:16
 8  0 313784  80124   2352 126632    0    0     0    28 13441 13860 48 23 29  0  1  0 2026-09-30 16:20:17
12  0 313784  78168   2352 126628    4    0     4     0 12949 12227 63 22 15  0  0  0 2026-09-30 16:20:18
 8  0 313784  78168   2352 126656    0    0     0     0 12880 12857 45 23 33  0  0  0 2026-09-30 16:20:19
 3  0 313784  78168   2352 126636    0    0     0     0 12985 12369 60 21 20  0  0  0 2026-09-30 16:20:20
 0  0 313784  78164   2352 126636    0    0     0     0 14112 13514 46 22 32  0  0  0 2026-09-30 16:20:21
 3  0 313784  78160   2360 126652    0    0     0    28 12053 12351 61 19 21  0  0  0 2026-09-30 16:20:22
 3  0 313784  78168   2360 126628    0    0     0     0 13023 13310 46 22 33  0  0  0 2026-09-30 16:20:23
 4  0 313784  78168   2360 126632    0    0     0     0 11764 12114 59 22 18  0  0  0 2026-09-30 16:20:24
13  0 313784  78168   2360 126652    0    0     0     0 11953 12386 48 21 29  0  3  0 2026-09-30 16:20:25
procs -----------memory---------- ---swap-- -----io---- -system-- -------cpu------- -----timestamp-----
 r  b   swpd   free   buff  cache   si   so    bi    bo   in   cs us sy id wa st gu                 UTC
 7  0 313784  78164   2360 126648    4    0     4     0 12932 12210 54 24 21  0  1  0 2026-09-30 16:20:26
 5  0 313784  78164   2368 126648    0    0     0    28 13391 13236 43 23 34  0  0  0 2026-09-30 16:20:27
 5  0 313784  77376   2368 126604    8    0     8     0 13383 13790 57 24 19  0  0  0 2026-09-30 16:20:28
 8  0 313784  77376   2368 126636    0    0     0     0 13856 13782 46 21 33  0  0  0 2026-09-30 16:20:29
11  0 313784  77376   2368 126636    0    0     0     0 12662 12213 55 23 22  0  1  0 2026-09-30 16:20:30
 7  0 313784  77372   2368 126624    4    0     4     0 12787 12563 43 24 34  0  0  0 2026-09-30 16:20:31
 1  0 313784  77376   2376 126648    0    0     0    28 13624 13031 49 22 29  0  0  0 2026-09-30 16:20:32
 1  0 313784  77372   2376 126648    0    0     0     0 13513 13348 54 21 26  0  0  0 2026-09-30 16:20:33
 1  0 313784  77376   2376 126648    0    0     0     0 12943 12669 43 26 32  0  0  0 2026-09-30 16:20:34
 5  0 313784  77372   2376 126624  320    0   320     0 12532 12546 54 20 27  0  0  0 2026-09-30 16:20:35
 7  0 313784  77372   2376 126624    8    0     8     0 13023 14783 48 28 25  0  0  0 2026-09-30 16:20:36
 7  0 313784  77368   2384 126636    0    0     0    28 12953 12890 54 22 23  0  1  0 2026-09-30 16:20:37
 9  0 313784  73752   2384 126620    8    0     8     0 13239 14375 50 22 28  0  0  0 2026-09-30 16:20:38
19  0 313784  73744   2384 126608    0    0     0     0 13244 12970 57 24 19  0  0  0 2026-09-30 16:20:39
 1  0 313784  73744   2384 126620    0    0     0     0 12724 13103 39 27 34  0  0  0 2026-09-30 16:20:40
 0  0 313784  73492   2384 126616    0    0     0     0 13338 13282 60 23 17  0  1  0 2026-09-30 16:20:41
 1  0 313784  73288   2384 126636    0    0     0     0 13003 13436 44 21 35  0  0  0 2026-09-30 16:20:42
 1  0 313784  72980   2400 126632   36    0    36    56 12975 12966 57 23 20  0  0  0 2026-09-30 16:20:43
 1  0 313784  72736   2400 126628    0    0     0     0 12764 13075 45 21 35  0  0  0 2026-09-30 16:20:44
 4  0 313784  72736   2400 126628    0    0     0     0 12378 12245 58 25 17  0  0  0 2026-09-30 16:20:45
 6  0 313784  72480   2400 126640    0    0     0     0 12055 12575 42 22 36  0  1  0 2026-09-30 16:20:46
procs -----------memory---------- ---swap-- -----io---- -system-- -------cpu------- -----timestamp-----
 r  b   swpd   free   buff  cache   si   so    bi    bo   in   cs us sy id wa st gu                 UTC
 2  0 313784  72480   2400 126708    0    0   124     0 12763 12497 58 25 18  0  0  0 2026-09-30 16:20:47
 2  0 313784  66732   2400 126768    4    0     4    24 13333 14028 46 22 32  0  0  0 2026-09-30 16:20:48
 6  0 313784  66528   2400 126784    0    0     0     0 12323 12314 57 23 20  0  0  0 2026-09-30 16:20:49
 3  0 313784  66232   2400 126784    0    0     0     0 13344 13174 47 21 31  0  1  0 2026-09-30 16:20:50
11  0 313784  66232   2400 126768    0    0     0     0 12562 12424 54 22 24  0  0  0 2026-09-30 16:20:51
 4  0 313784  66232   2416 126776    0    0     0   208 12948 13122 45 20 35  0  0  0 2026-09-30 16:20:52
 2  0 313784  66232   2416 126772    0    0     0    16 12557 12196 56 21 23  0  0  0 2026-09-30 16:20:53
 9  0 313784  66232   2416 126756    0    0     0     0 13426 13154 45 22 33  0  0  0 2026-09-30 16:20:54
 0  0 313784  66232   2416 126764    0    0     0     0 13405 14164 47 24 28  0  1  0 2026-09-30 16:20:55
13  0 313784  65976   2416 126764    0    0     0     0 12086 12823 54 23 22  0  0  0 2026-09-30 16:20:56
 4  0 313784  65976   2424 126784    0    0     0    20 12899 13555 46 23 31  0  0  0 2026-09-30 16:20:57
 5  0 313784  71636   2424 126816    8    0     8    16 13998 14690 44 27 28  1  0  0 2026-09-30 16:20:58
18  0 313784  71604   2424 126800    0    0     0     0 13082 13444 53 20 27  0  0  0 2026-09-30 16:20:59
 4  0 313784  71604   2424 126800    0    0     0     0 12621 12601 53 20 19  0  8  0 2026-09-30 16:21:00
 8  0 313784  71600   2424 126796    0    0     0     0 12315 13352 49 21 23  0  7  0 2026-09-30 16:21:01
17  0 313784  71596   2424 126796    4    0     4     0 11085 10391 50 24  6  0 20  0 2026-09-30 16:21:02
 2  0 313784  71596   2432 126776    0    0     0    28 12840 13912 55 22 22  0  0  0 2026-09-30 16:21:03
 4  0 313784  71596   2432 126784    0    0     0     0 13528 13339 43 22 35  0  0  0 2026-09-30 16:21:04
 4  0 313784  71592   2432 126784    0    0     0     0 12166 13580 43 23 33  0  1  0 2026-09-30 16:21:05
 0  0 313784  71388   2432 126772    0    0     0     0 12492 12357 56 21 23  0  0  0 2026-09-30 16:21:06
 2  0 313784  71088   2432 126788    0    0     0     0 12983 13022 43 22 35  0  0  0 2026-09-30 16:21:07
procs -----------memory---------- ---swap-- -----io---- -system-- -------cpu------- -----timestamp-----
 r  b   swpd   free   buff  cache   si   so    bi    bo   in   cs us sy id wa st gu                 UTC
10  0 313784  77656   2440 126760    0    0     0    28 13427 14317 46 23 31  0  0  0 2026-09-30 16:21:08
11  0 313784  73560   2440 126776    0    0     0     0 13627 12511 58 27 16  0  0  0 2026-09-30 16:21:09
 9  0 313784  73564   2440 126780    0    0     0     0 13253 12972 45 21 33  0  1  0 2026-09-30 16:21:10
 2  0 313784  73564   2440 126772    0    0     0     0 12603 12169 59 18 23  0  0  0 2026-09-30 16:21:11
 1  0 313784  73564   2440 126776    0    0     0     0 13686 13185 45 23 33  0  0  0 2026-09-30 16:21:12
 1  0 313784  73564   2448 126772    4    0     4    28 12555 12455 58 23 19  0  0  0 2026-09-30 16:21:13
 0  0 313784  73564   2448 126776    0    0     0     0 13745 13478 44 23 34  0  0  0 2026-09-30 16:21:14
 0  0 313784  73560   2448 126780    0    0     0     0 12836 12118 62 18 20  0  0  0 2026-09-30 16:21:15
 3  0 313784  73560   2448 126780    0    0     0     0 12442 12823 39 22 39  0  0  0 2026-09-30 16:21:16
 1  0 313784  73560   2448 126776    0    0     0     0 12102 12408 59 22 18  0  0  0 2026-09-30 16:21:17
 1  0 313784  60640   2456 126780    0    0     0    28 12749 14163 43 23 34  0  1  0 2026-09-30 16:21:18
12  0 313784  60356   2456 126780    0    0     0     0 12368 15082 57 23 19  0  0  0 2026-09-30 16:21:19
 3  0 313784  74232   2456 126740    0    0     0     0 12954 13469 43 25 32  0  0  0 2026-09-30 16:21:20
 0  0 313784  73992   2456 126764    4    0     4     0 11551 11933 58 18 24  0  0  0 2026-09-30 16:21:21
 3  0 313784  73836   2456 126764    0    0     0     0 13075 13367 42 21 37  0  0  0 2026-09-30 16:21:22
19  0 313784  73912   2464 126728    0    0     0    68 12684 12403 52 23 25  0  0  0 2026-09-30 16:21:23
 0  0 313784  73980   2464 126768   16    0    16     0 13245 13052 47 22 31  0  0  0 2026-09-30 16:21:24
 4  0 313784  74104   2464 126768    0    0     0     0 12175 12352 47 25 28  0  0  0 2026-09-30 16:21:25
 3  0 313784  74100   2464 126760    0    0     0     0 12410 13274 49 24 27  0  0  0 2026-09-30 16:21:26
14  0 313784  74096   2464 126732    0    0     0     0 12794 12692 48 26 26  0  1  0 2026-09-30 16:21:27
 2  0 313784  78056   2464 126728    0    0     0     0 13417 13024 55 24 21  0  0  0 2026-09-30 16:21:28
procs -----------memory---------- ---swap-- -----io---- -system-- -------cpu------- -----timestamp-----
 r  b   swpd   free   buff  cache   si   so    bi    bo   in   cs us sy id wa st gu                 UTC
12  0 313784  78056   2472 126720    0    0     0    28 13086 12897 46 21 34  0  0  0 2026-09-30 16:21:29
 5  0 313784  78048   2472 126712    0    0     0     0 12226 12024 56 23 21  0  1  0 2026-09-30 16:21:30
 5  0 313784  77320   2472 126708    0    0     0     0 13040 13319 39 23 38  0  0  0 2026-09-30 16:21:31
 6  0 313784  77292   2472 126728    0    0     0     0 13038 12630 61 20 19  0  0  0 2026-09-30 16:21:32
14  0 313528  77092   2472 126800  300    0   380     0 13360 13080 49 22 28  0  0  0 2026-09-30 16:21:33
 0  0 313528  77044   2480 126800    0    0     0    28 12521 12001 56 21 23  0  0  0 2026-09-30 16:21:34
 6  0 313528  77040   2480 126800    0    0     0     0 12924 13170 43 23 34  0  0  0 2026-09-30 16:21:35
 4  0 313528  77040   2480 127024   16    0   264     0 11985 12584 63 21 16  0  0  0 2026-09-30 16:21:36
 0  0 313528  77040   2480 127044   16    0    16     0 13438 13566 44 24 32  0  1  0 2026-09-30 16:21:37
11  0 313528  72740   2480 127048    8    0     8     0 12371 12701 58 21 21  0  0  0 2026-09-30 16:21:38
 4  0 313528  68360   2488 127060    4    0     4    28 13212 13816 46 23 31  0  0  0 2026-09-30 16:21:39
 7  0 313528  68364   2488 127060    4    0     4     0 12163 11783 58 20 23  0  0  0 2026-09-30 16:21:40
 6  0 313528  68364   2488 127048    0    0     0     0 13328 13724 42 23 34  0  0  0 2026-09-30 16:21:41
 0  0 313528  68364   2488 127056    0    0     0     0 12704 13163 61 20 18  0  1  0 2026-09-30 16:21:42
 1  0 313528  68364   2488 127056    0    0     0     0 13404 13384 47 20 33  0  0  0 2026-09-30 16:21:43
 7  0 313528  68116   2496 127048    0    0     0    28 12385 11962 58 22 20  0  0  0 2026-09-30 16:21:44
 1  0 313528  68116   2496 127060    0    0     0     0 13894 13463 44 23 33  0  0  0 2026-09-30 16:21:45
 5  0 313528  67864   2496 127056    0    0     0     0 12708 12733 56 20 24  0  0  0 2026-09-30 16:21:46
 3  0 313528  67592   2496 127044    0    0     0     0 13967 13523 43 23 34  0  0  0 2026-09-30 16:21:47
13  0 313528  67588   2496 127052    0    0     0     0 12732 15594 55 22 22  0  1  0 2026-09-30 16:21:48
10  0 313528  62284   2504 127052    0    0     0    28 13237 13699 50 23 27  0  0  0 2026-09-30 16:21:49
procs -----------memory---------- ---swap-- -----io---- -system-- -------cpu------- -----timestamp-----
 r  b   swpd   free   buff  cache   si   so    bi    bo   in   cs us sy id wa st gu                 UTC
 9  0 313528  93988   2504 126056    0    4     0     4 11845 13061 55 22 22  0  0  0 2026-09-30 16:21:50
 2  0 313528  93432   2504 126052    0    0     0     0 13044 13348 48 21 31  0  0  0 2026-09-30 16:21:51
 2  0 313528  93436   2504 126044    0    0     0     0 13796 13995 43 21 35  0  0  0 2026-09-30 16:21:52
 1  0 313528  92472   2520 126064    0    0     0   184 13322 14032 52 23 25  0  0  0 2026-09-30 16:21:53
 4  0 313528  91424   2520 126064    0    0     0    16 12988 12394 50 20 30  0  0  0 2026-09-30 16:21:54
 7  0 313528  91420   2520 126048    0    0     0     0 12913 13035 47 19 34  0  1  0 2026-09-30 16:21:55
 7  0 313528  91168   2520 126044    0    0     0     0 12408 12598 49 23 28  0  0  0 2026-09-30 16:21:56
 4  0 313528  91168   2520 126140    0    0    96     0 12274 12515 51 22 27  0  0  0 2026-09-30 16:21:57
 4  0 313528  91168   2528 126128    0    0     0    20 12807 12918 48 23 29  0  0  0 2026-09-30 16:21:58
 9  0 313528  88408   2528 126240    4    0   100    16 13718 13815 59 21 20  0  0  0 2026-09-30 16:21:59
22  0 313528  88408   2528 126236    0    0     0     0 11805 12161 48 23 25  0  5  0 2026-09-30 16:22:00
 1  0 313528  88408   2528 126236    0    0     0     0 11699 11823 56 22 17  0  5  0 2026-09-30 16:22:01
15  0 313528  88408   2528 126244    0    0     0     0 11279 11646 45 23 27  0  6  0 2026-09-30 16:22:02
12  0 313528  88404   2528 126244    0    0     0     0 12857 12220 59 22 18  0  1  0 2026-09-30 16:22:03
 0  0 313528  88404   2536 126232    0    0     0    32 12718 12937 42 23 35  0  0  0 2026-09-30 16:22:04
 0  0 313528  88400   2536 126232    0    0     0     0 11677 12205 60 23 17  0  0  0 2026-09-30 16:22:05
 0  0 313528  88404   2536 126232    0    0     0     0 13529 13380 44 21 35  0  0  0 2026-09-30 16:22:06
 1  0 313528  88408   2536 126252    0    0     0     0 13312 13089 44 21 35  0  0  0 2026-09-30 16:22:07
 2  0 313528  88408   2536 126232    0    0     0     0 12722 13455 58 19 23  0  0  0 2026-09-30 16:22:08
 6  0 313528  83384   2536 126232    0    0     0     0 14020 14449 45 24 31  0  1  0 2026-09-30 16:22:09
 1  0 313528  83388   2544 126256    0    0     0    28 12630 12404 58 23 19  0  0  0 2026-09-30 16:22:10
procs -----------memory---------- ---swap-- -----io---- -system-- -------cpu------- -----timestamp-----
 r  b   swpd   free   buff  cache   si   so    bi    bo   in   cs us sy id wa st gu                 UTC
 0  0 313528  83384   2544 126228    0    0     0     0 13221 13220 46 20 32  0  1  0 2026-09-30 16:22:11
 8  0 313528  83384   2544 126228    0    0     0     0 12963 13045 54 24 22  0  0  0 2026-09-30 16:22:12
12  0 313528  83380   2544 126252    0    0     0     0 13790 12887 41 24 35  0  1  0 2026-09-30 16:22:13
 4  0 313528  83380   2544 126232    0    0     0     0 13234 12107 60 22 18  0  0  0 2026-09-30 16:22:14
 7  0 313528  83384   2552 126232    0    0     0    28 12872 13032 45 20 34  0  1  0 2026-09-30 16:22:15
 4  0 313528  83384   2552 126252    0    0     0     0 12717 12084 57 21 23  0  0  0 2026-09-30 16:22:16
 3  0 313528  82428   2552 126232    0    0     0     0 12870 13190 44 20 36  0  0  0 2026-09-30 16:22:17
 0  0 313528  82380   2552 126232    0    0     0     0 13375 16039 55 28 17  0  0  0 2026-09-30 16:22:18
 6  0 313528  80500   2552 126228    4    0     4     0 13386 14097 48 21 31  0  0  0 2026-09-30 16:22:19
 6  0 313528  80500   2560 126228    0    0     0    68 13084 12212 53 23 23  0  1  0 2026-09-30 16:22:20
10  0 313528  80496   2560 126228    0    0     0     0 13531 13210 48 18 33  0  0  0 2026-09-30 16:22:21
 1  0 313528  80292   2560 126240    0    0     0     0 13236 12967 55 21 24  0  0  0 2026-09-30 16:22:22
 1  0 313528  79492   2560 126240    0    0     0     0 12576 14303 47 21 32  0  1  0 2026-09-30 16:22:23
13  0 313528  79488   2560 126240    0    0     0     0 11511 12568 52 24 23  0  0  0 2026-09-30 16:22:24
 3  0 313528  79480   2568 126244    0    0     0    28 12911 14875 50 24 26  0  0  0 2026-09-30 16:22:25
17  0 313528  79228   2568 126240    0    0     0     0 12487 12925 54 22 24  0  0  0 2026-09-30 16:22:26
 5  0 313528  79224   2568 126228    8    0     8     0 12336 12405 50 22 28  0  1  0 2026-09-30 16:22:27
10  0 313528  79224   2568 126228    0    0     0     0 12693 12817 46 22 32  0  0  0 2026-09-30 16:22:28
 8  0 313528  69800   2568 126224    0    0     0     0 12662 13964 55 24 20  0  0  0 2026-09-30 16:22:29
 7  0 313528  69600   2576 126240    0    0     0    28 12372 12704 41 26 33  0  0  0 2026-09-30 16:22:30
 1  0 313528  69552   2576 126240    0    0     0     0 11523 12545 57 18 25  0  0  0 2026-09-30 16:22:31
procs -----------memory---------- ---swap-- -----io---- -system-- -------cpu------- -----timestamp-----
 r  b   swpd   free   buff  cache   si   so    bi    bo   in   cs us sy id wa st gu                 UTC
12  0 313528  69552   2576 126244    0    0     0     0 12892 13362 44 24 32  0  0  0 2026-09-30 16:22:32
 0  0 313528  69552   2576 126240    0    0     0     0 12501 13051 62 16 22  0  0  0 2026-09-30 16:22:33
 4  0 313528  69552   2576 126240    0    0     0     0 12455 12381 43 21 36  0  0  0 2026-09-30 16:22:34
 1  0 313528  69552   2584 126236    0    0     0    28 12980 12118 59 24 17  0  0  0 2026-09-30 16:22:35
 9  0 313528  69552   2584 126236   16    0    16     0 13557 14355 43 28 29  0  0  0 2026-09-30 16:22:36
 6  0 313528  69552   2584 126236  360    0   360     0 11581 11440 64 22 14  1  0  0 2026-09-30 16:22:37
 3  0 313528  69552   2584 126236   16    0    16     0 13611 14906 38 27 35  0  0  0 2026-09-30 16:22:38
 1  0 313528  77900   2584 126328   12    0    88     0 13078 13203 64 23 13  0  0  0 2026-09-30 16:22:39
 3  0 313528  77900   2592 126336    0    0     0    28 12673 12823 44 20 35  0  1  0 2026-09-30 16:22:40
 5  0 313528  77904   2592 126340    0    0     0     0 12524 12232 60 21 20  0  0  0 2026-09-30 16:22:41
 0  0 313528  77696   2592 126320    0    0     0     0 13139 13918 46 23 31  0  0  0 2026-09-30 16:22:42
 0  0 313528  77444   2592 126312    8    0     8     0 12112 11751 57 24 20  0  0  0 2026-09-30 16:22:43
 3  0 313528  77396   2592 126308    0    0     0     0 13545 13532 40 25 35  0  0  0 2026-09-30 16:22:44
 0  0 313528  77388   2600 126308    0    0     0    28 13087 12436 63 19 18  0  0  0 2026-09-30 16:22:45
 8  0 313528  77388   2600 126332    0    0     0     0 13532 13340 43 21 36  0  0  0 2026-09-30 16:22:46
 7  0 313528  77384   2600 126332    0    0     0     0 13431 12562 59 21 20  0  0  0 2026-09-30 16:22:47
 0  0 313528  77384   2600 126332    0    0     0     0 12889 13037 40 24 36  0  1  0 2026-09-30 16:22:48
 3  0 313528  77388   2600 126320    4    0     4     0 12748 13556 61 20 19  0  0  0 2026-09-30 16:22:49
 1  0 313528  77388   2608 126308    0    0     0    28 13035 12958 39 22 40  0  0  0 2026-09-30 16:22:50
 0  0 313528  77388   2608 126320    0    0     0     0 12005 11891 56 23 21  0  0  0 2026-09-30 16:22:51
 6  0 313528  77388   2608 126312    0    0     0     0 13096 13643 40 22 38  0  0  0 2026-09-30 16:22:52
procs -----------memory---------- ---swap-- -----io---- -system-- -------cpu------- -----timestamp-----
 r  b   swpd   free   buff  cache   si   so    bi    bo   in   cs us sy id wa st gu                 UTC
 8  0 313528  77396   2608 126308    0    0     0     0 12097 12117 54 18 29  0  0  0 2026-09-30 16:22:53
 5  0 313528  77396   2624 126324    0    0     0   184 12506 12567 44 21 35  0  1  0 2026-09-30 16:22:54
 3  0 313528  77396   2624 126336    0    0     0     0 13068 12815 41 24 36  0  0  0 2026-09-30 16:22:55
21  0 313528  77396   2624 126336    0    0     0    16 12781 12494 43 22 36  0  0  0 2026-09-30 16:22:56
 6  0 313528  77396   2624 126324    0    0     0     0 11389 11886 50 21 28  0  1  0 2026-09-30 16:22:57
 0  0 313528  77396   2624 126336    0    0     0     0 12842 12507 45 18 37  0  0  0 2026-09-30 16:22:58
11  0 313528  77216   2632 126328    0    0    56    20 12006 13162 46 20 34  0  1  0 2026-09-30 16:22:59
 2  0 313528  76760   2632 126384    4    0     4     0 12189 11631 51 25 15  0 10  0 2026-09-30 16:23:00
 7  0 313528  76760   2632 126384    0    0     0    56 10922 11350 48 18 24  0 10  0 2026-09-30 16:23:01
 2  0 313528  76760   2632 126384    0    0     0     0 11035 11762 45 20 20  0 14  0 2026-09-30 16:23:02
11  0 313528  76760   2632 126388    0    0     0     0 12366 11580 44 21 36  0  1  0 2026-09-30 16:23:03
 2  0 313528  76764   2632 126372    0    0     0     0 12276 11761 49 19 32  0  0  0 2026-09-30 16:23:04
 0  0 313528  76772   2632 126368    0    0     0     0 12371 12236 40 18 42  0  0  0 2026-09-30 16:23:05
 1  0 313528  76520   2640 126368    0    0     0    28 12194 12651 37 20 43  0  1  0 2026-09-30 16:23:06
 2  0 313528  76520   2640 126368    0    0     0     0 11357 11451 50 19 31  0  0  0 2026-09-30 16:23:07
 1  0 313528  76524   2640 126376    0    0     0     0 11697 12052 36 22 43  0  0  0 2026-09-30 16:23:08
 0  0 313528  76272   2640 126368    4    0     4     0 11437 12008 39 19 43  0  0  0 2026-09-30 16:23:09
 2  0 313528  62536   2640 126368    0    0     0     0 11026 12180 39 17 43  0  1  0 2026-09-30 16:23:10
 2  0 313528  62112   2648 126388    0    0     0    32 10900 10934 50 19 30  0  0  0 2026-09-30 16:23:11
 6  0 313528  62300   2648 126408    0    0     0     0 12084 12014 39 15 47  0  0  0 2026-09-30 16:23:12
 7  0 313528  62516   2648 126396    0    0     0     0 11868 11824 36 19 45  0  0  0 2026-09-30 16:23:13
procs -----------memory---------- ---swap-- -----io---- -system-- -------cpu------- -----timestamp-----
 r  b   swpd   free   buff  cache   si   so    bi    bo   in   cs us sy id wa st gu                 UTC
 2  0 313528  62280   2648 126392    0    0     0     0 11092 11371 35 17 47  0  1  0 2026-09-30 16:23:14
 3  0 313528  62236   2648 126368    0    0     0     0 11215 11077 47 18 35  0  0  0 2026-09-30 16:23:15
 0  0 313528  62080   2656 126368    0    0     0    32 11299 11332 33 16 50  1  0  0 2026-09-30 16:23:16
 0  0 313528  61828   2656 126384    4    0     4     0 11068 11308 31 18 51  0  0  0 2026-09-30 16:23:17
 4  0 313528  61624   2656 126396    0    0     0     0 11188 11273 34 16 50  0  0  0 2026-09-30 16:23:18
 0  0 313528  61656   2656 126396    0    0     0     0 10937 10605 46 17 37  0  0  0 2026-09-30 16:23:19
 3  0 313528  70360   2656 125684    0    0    12     0 11461 12210 37 16 47  0  1  0 2026-09-30 16:23:20
 1  0 313528  70156   2664 125668    0    0     0    28 10755 10713 30 19 52  0  0  0 2026-09-30 16:23:21
10  0 313528  69652   2664 125668    0    0     0     0 11320 11202 34 16 50  0  0  0 2026-09-30 16:23:22
10  0 313528  69600   2664 125688    0    0     0     0 10990 10873 43 15 41  0  0  0 2026-09-30 16:23:23
 4  0 313528  69100   2664 125684    0    0     0     0 9927 10305 36 15 49  0  0  0 2026-09-30 16:23:24
 3  0 313528  68848   2664 125684    0    0     0     0 10903 10650 31 17 52  0  0  0 2026-09-30 16:23:25
 5  0 313528  68596   2672 125684    0    0     0    28 10539 10539 39 15 46  0  1  0 2026-09-30 16:23:26
 1  0 313528  68588   2672 125688    0    0     0     0 10092 10371 38 15 47  0  0  0 2026-09-30 16:23:27
 0  0 313528  68588   2672 125684    0    0     0     0 10599 10543 29 16 55  0  0  0 2026-09-30 16:23:28
 4  0 313528  68588   2672 125696    0    0     0     0 10376 9979 34 15 52  0  0  0 2026-09-30 16:23:29
 1  0 313528  75144   2672 125692    4    0    24     0 10227 10957 45 18 37  0  0  0 2026-09-30 16:23:30
 0  0 313528  74896   2680 125688    0    0     0    28 10170 9761 28 16 56  0  0  0 2026-09-30 16:23:31
 0  0 313528  74896   2680 125692    0    0     0     0 9592 10016 29 14 57  0  0  0 2026-09-30 16:23:32
 0  0 313528  74644   2680 125672    0    0     0     0 9702 10020 41 17 43  0  0  0 2026-09-30 16:23:33
 0  0 313528  74392   2680 125672    0    0     0     0 9961 9728 27 15 58  0  1  0 2026-09-30 16:23:34
procs -----------memory---------- ---swap-- -----io---- -system-- -------cpu------- -----timestamp-----
 r  b   swpd   free   buff  cache   si   so    bi    bo   in   cs us sy id wa st gu                 UTC
 0  0 313528  73888   2680 125676    0    0     0     0 9818 10082 29 13 58  0  0  0 2026-09-30 16:23:35
 2  0 313528  73888   2680 125680   20    0    20     0 9424 9695 46 14 41  0  0  0 2026-09-30 16:23:36
 0  0 313528  73888   2688 125680    0    0     0    28 10005 9853 29 12 59  0  0  0 2026-09-30 16:23:37
 0  0 313528  73888   2688 125680    0    0     0     0 9472 9422 26 13 61  0  0  0 2026-09-30 16:23:38
 1  0 313528  73888   2688 125680    0    0     0     0 9811 9579 26 18 57  0  0  0 2026-09-30 16:23:39
 3  0 313528  79816   2688 125680    0    0     0     0 10029 10794 44 16 41  0  0  0 2026-09-30 16:23:40
 1  0 313528  79820   2688 125680    0    0     0     0 9014 8760 26 13 61  0  0  0 2026-09-30 16:23:41
 0  0 313528  79948   2696 125680    4    0     4    28 8521 8562 28 11 60  0  1  0 2026-09-30 16:23:42
 3  0 313528  79948   2696 125680    0    0     0     0 9234 8921 25 12 62  0  0  0 2026-09-30 16:23:43
 0  0 313528  79948   2696 125680    0    0     0     0 8105 8502 39 13 48  0  0  0 2026-09-30 16:23:44
 3  0 313528  79948   2696 125680    0    0     0     0 8798 8772 25 14 61  0  1  0 2026-09-30 16:23:45
11  0 313528  79948   2696 125680    0    0     0     0 9189 8952 25 12 63  0  0  0 2026-09-30 16:23:46
 2  0 313528  79948   2704 125664    0    0     0    28 8783 8661 23 14 63  0  0  0 2026-09-30 16:23:47
 4  0 313528  79948   2704 125632    0    0     0     0 8482 8294 23 13 64  0  0  0 2026-09-30 16:23:48
 0  0 313528  79948   2704 125612    0    0     0     0 8329 8064 23 13 64  0  0  0 2026-09-30 16:23:49
 1  0 313528  78872   2704 125588    0    0     0     0 9043 9734 39 15 46  0  0  0 2026-09-30 16:23:50
 0  0 313528  78872   2704 125540    0    0     0     0 8346 8396 23 11 66  0  0  0 2026-09-30 16:23:51
 0  0 313528  78872   2712 125516    0    0     0    28 8213 8025 26 12 62  0  0  0 2026-09-30 16:23:52
 2  0 313528  78872   2712 125480    0    0     0     0 8327 8147 22 13 64  0  1  0 2026-09-30 16:23:53
 0  0 313528  78872   2712 125480    0    0     0     0 7639 7417 24 11 65  0  0  0 2026-09-30 16:23:54
 1  0 313528  78872   2728 125444    0    0     0   128 8400 8280 21 14 64  1  0  0 2026-09-30 16:23:55
procs -----------memory---------- ---swap-- -----io---- -system-- -------cpu------- -----timestamp-----
 r  b   swpd   free   buff  cache   si   so    bi    bo   in   cs us sy id wa st gu                 UTC
 3  0 313528  78396   2728 125444    0    0     0     0 7767 7768 24 13 63  0  0  0 2026-09-30 16:23:56
 3  0 313528  78368   2728 125444    0    0     0    52 7636 7550 33 10 58  0  0  0 2026-09-30 16:23:57
 0  0 313528  86180   2728 125444    0    0     0     0 7685 7523 25 11 64  0  0  0 2026-09-30 16:23:58
 3  0 313528  86180   2728 125412    0    0     0     0 7301 7143 21 11 68  0  0  0 2026-09-30 16:23:59
 1  0 313528  76420   2740 125376    4    0     8    32 7165 8408 22 13 46  0 18  0 2026-09-30 16:24:00
23  0 313528  76172   2740 125376    0    0     0     0 5379 5156 22  8 39  0 31  0 2026-09-30 16:24:01
 1  0 313528  76172   2740 125376    0    0     0    16 5905 5708 25 15 17  0 44  0 2026-09-30 16:24:02
 2  0 313528  76172   2740 125328    0    0     0     0 6874 6633 22 12 67  0  0  0 2026-09-30 16:24:03
 1  0 313528  75920   2740 125328    0    0     0     0 6749 6639 26 11 63  0  1  0 2026-09-30 16:24:04
 0  0 313528  75920   2748 125328    0    0     0    28 6286 6262 23  9 68  0  0  0 2026-09-30 16:24:05
 0  0 313528  75920   2748 125292    0    0     0     0 6440 6252 19  8 73  0  0  0 2026-09-30 16:24:06
 1  0 313528  75668   2748 125276    0    0     0    16 6968 6819 16 12 71  0  0  0 2026-09-30 16:24:07
 2  0 313528  74912   2748 125260    0    0     0     0 6911 6630 23  8 70  0  0  0 2026-09-30 16:24:08
 2  0 313528  74208   2748 125196    0    0     0     0 6025 5807 17 10 72  0  1  0 2026-09-30 16:24:09
 2  0 313528  78576   2748 125228    0    0     0     8 6850 7529 18 12 70  0  0  0 2026-09-30 16:24:10
 1  0 313528  78120   2748 125228    0    0     0     0 6155 6101 20  9 71  0  0  0 2026-09-30 16:24:11
 2  0 313528  77820   2756 125216    0    0     0    28 5620 5547 16  8 76  0  1  0 2026-09-30 16:24:12
 0  0 313528  77820   2756 125216    0    0     0     0 6360 6000 18 11 70  0  0  0 2026-09-30 16:24:13
 1  0 313528  77820   2756 125216    0    0     0     0 5920 5763 24  8 68  0  0  0 2026-09-30 16:24:14
 0  0 313528  77568   2756 125184    0    0     0     0 5763 5609 22  9 69  0  1  0 2026-09-30 16:24:15
 2  0 313528  77316   2756 125168    0    0     0     0 5942 5767 16  9 74  0  0  0 2026-09-30 16:24:16
procs -----------memory---------- ---swap-- -----io---- -system-- -------cpu------- -----timestamp-----
 r  b   swpd   free   buff  cache   si   so    bi    bo   in   cs us sy id wa st gu                 UTC
 0  0 313528  77316   2756 125152    0    0     0    16 5201 4921 14  9 77  0  0  0 2026-09-30 16:24:17
 0  0 313528  77316   2764 125104    0    0     0    12 4869 4729 12  9 79  0  0  0 2026-09-30 16:24:18
 0  0 313528  77316   2764 125088    0    0     0     0 5144 5127 16  7 76  0  0  0 2026-09-30 16:24:19
 0  0 313528  77192   2764 125056    0    0     0     0 5298 5894 16 11 73  0  0  0 2026-09-30 16:24:20
 1  0 313528  76440   2764 125008    0    0     0     0 5127 4969 12  9 79  0  0  0 2026-09-30 16:24:21
 0  0 313528  76440   2764 125008    0    0     0     0 4846 4586 11  8 80  0  1  0 2026-09-30 16:24:22
 0  0 313528  76440   2772 124960    0    0     0    32 4539 4397 14  7 79  0  0  0 2026-09-30 16:24:23
 0  0 313528  76440   2772 124928   12    0    12     0 4458 4442 12  7 81  1  0  0 2026-09-30 16:24:24
 0  0 313528  75684   2772 124880    0    0     0     0 3843 3753 12  7 81  0  0  0 2026-09-30 16:24:25
 0  0 313528  74932   2772 124876    0    0     0     0 4243 4274 11  8 81  0  0  0 2026-09-30 16:24:26
 0  0 313528  73420   2772 124844    0    0     0     0 4271 4044 13  6 81  0  0  0 2026-09-30 16:24:27
 0  0 313528  71456   2780 124844    0    0     0    32 3957 3981 10  8 82  0  0  0 2026-09-30 16:24:28
 0  0 313528  69644   2780 124828    0    0     0     0 3795 3766 21  8 70  0  0  0 2026-09-30 16:24:29
 0  0 313528  64356   2780 124780   12    0    12     0 3738 4568 11  5 83  0  1  0 2026-09-30 16:24:30
 0  0 313528  64364   2780 124748    0    0     0     0 3276 3295 10  6 84  0  0  0 2026-09-30 16:24:31
 0  0 313528  64484   2780 124700    0    0     0     0 3588 3609  8  8 85  0  0  0 2026-09-30 16:24:32
 1  0 313528  64492   2788 124684    4    0     4    28 3210 3207 10  6 85  0  0  0 2026-09-30 16:24:33
 1  0 313528  64244   2788 124652    0    0     0     0 2753 2834  9  5 87  0  0  0 2026-09-30 16:24:34
 0  0 313528  62892   2788 124636    0    0     0     0 3052 3061  7  6 87  0  1  0 2026-09-30 16:24:35
 0  0 313528  79456   2788 124712    8    0   116     0 2655 2713  8  6 86  0  0  0 2026-09-30 16:24:36
 0  0 313528  75696   2788 124696    4    0     4     0 2618 2665  7  5 89  0  0  0 2026-09-30 16:24:37
procs -----------memory---------- ---swap-- -----io---- -system-- -------cpu------- -----timestamp-----
 r  b   swpd   free   buff  cache   si   so    bi    bo   in   cs us sy id wa st gu                 UTC
 0  0 313528  75012   2796 124792    4    0   164    28 2406 2590  5  5 90  0  0  0 2026-09-30 16:24:38
 0  0 313528  74256   2796 124760    0    0     0     0 2082 2179  5  5 90  0  0  0 2026-09-30 16:24:39
 0  0 313528  72168   2796 123952    4   20    36    20 2646 3601  8  6 86  1  0  0 2026-09-30 16:24:40
 1  0 313528  69952   2796 123936    0    0     0     0 1911 2003  6  4 91  0  0  0 2026-09-30 16:24:41
 0  0 313528  68784   2796 123904    4    0     4     0 1581 1754  4  4 92  0  0  0 2026-09-30 16:24:42
 5  0 313528  69872   2804 123904    4    0     4    28 1440 1553  4  4 93  0  0  0 2026-09-30 16:24:43
 0  0 313528  69652   2804 123872   28    0    28     0 1580 1753  5  2 94  0  0  0 2026-09-30 16:24:44
 0  0 313528  70288   2804 123840    0    0     0     0 1147 1421  4  2 94  0  0  0 2026-09-30 16:24:45
 0  0 313528  70040   2804 123824    0    0     0     0 1063 1250  3  3 94  0  1  0 2026-09-30 16:24:46
 0  0 313528  70040   2804 123852    0    0    24     0  862 1095  2  3 95  1  0  0 2026-09-30 16:24:47
 0  0 313528  70276   2812 123848    0    0     0    28  900 1145  2  3 95  0  0  0 2026-09-30 16:24:48
 0  0 313528  73380   2812 123752    0    0     0     0  847 1056  1  4 95  0  0  0 2026-09-30 16:24:49
 0  0 313528  67036   2812 123752    0    0     0     0 1204 2165  3  4 93  0  0  0 2026-09-30 16:24:50
 0  0 313528  90172   2812 123672    0    0     0     0  799 1060  2  3 96  0  0  0 2026-09-30 16:24:51
 0  0 313528  89492   2812 123652    0    0     0     0  871 1115  1  4 96  0  0  0 2026-09-30 16:24:52
 6  0 313528  86936   2812 123636    0    0     0    16 1014 1141  3  3 95  0  0  0 2026-09-30 16:24:53
 0  0 313528  95880   2820 123316    0    0     0    12 2433 1476  3  6 91  0  0  0 2026-09-30 16:24:54
 0  0 313528 103032   2820 121504    0    0     0     0  744 1023  2  3 95  0  0  0 2026-09-30 16:24:55
 0  0 313528 101320   2836 121504    0    0     0    80  822 1228  1  2 97  0  0  0 2026-09-30 16:24:56
 0  0 313528  97292   2836 121504    0    0     0     0  694  994  1  3 96  0  1  0 2026-09-30 16:24:57
 0  0 313528  94756   2836 121504    0    0     0    12  747  976  1  3 96  0  0  0 2026-09-30 16:24:58
procs -----------memory---------- ---swap-- -----io---- -system-- -------cpu------- -----timestamp-----
 r  b   swpd   free   buff  cache   si   so    bi    bo   in   cs us sy id wa st gu                 UTC
 0  0 313528  94008   2836 121504    0    0     0    32  746  998  1  4 96  0  0  0 2026-09-30 16:24:59
 0  0 313528  86788   2836 121508    0    0     0     0 1164 2213  3  3 85  0  8  0 2026-09-30 16:25:00
 1  0 313528  86832   2844 121504    0    0     0    20  735  979  1  4 81  0 13  0 2026-09-30 16:25:01
 0  0 313528  86832   2844 121504    0    0     0     0  725  978  0  3 88  0  8  0 2026-09-30 16:25:02
 0  0 313528  86832   2844 121504    0    0     0     0  681  933  2  3 95  0  0  0 2026-09-30 16:25:03
 0  0 313528  86376   2844 121504    0    0     0     4  751 1060  2  4 95  0  1  0 2026-09-30 16:25:04
 1  0 313528  85824   2844 121504    0    0     0     0  757 1039  2  2 96  0  0  0 2026-09-30 16:25:05
 0  0 313528  84816   2844 121504    0    0     0     4  751 1048  1  3 95  0  0  0 2026-09-30 16:25:06
 1  0 313528  84816   2844 121504    0    0     0     0  732  992  1  3 96  0  0  0 2026-09-30 16:25:07
 0  0 313528  84816   2844 121504    0    0     0     0  722 1024  1  3 96  0  0  0 2026-09-30 16:25:08
 0  0 313528  82800   2852 121504    0    0     0    16  717  979  1  4 96  0  0  0 2026-09-30 16:25:09
 1  0 313528  73180   2852 121504    4    0     4     0  958 1543  3  4 93  0  0  0 2026-09-30 16:25:10
 0  0 313528  74956   2852 121488    4    0     4     0 1036 1788  3  4 93  0  0  0 2026-09-30 16:25:11
 0  0 313528  74956   2852 121488    0    0     0     0  726 1064  1  2 97  0  0  0 2026-09-30 16:25:12
 0  0 313528  74956   2852 121488    0    0     0     0  715  979  1  3 96  0  0  0 2026-09-30 16:25:13
 0  0 313528  75416   2852 121488    0    0     0     8  749 1012  1  3 96  0  0  0 2026-09-30 16:25:14
 0  0 313528  77468   2852 121488    4    0     4     0  709 1008  2  3 96  0  0  0 2026-09-30 16:25:15
 1  0 313528  77756   2852 121488    0    0     0     0  724 1016  2  2 96  0  0  0 2026-09-30 16:25:16
 0  0 313528  77768   2852 121488    0    0     0     0  784 1103  2  3 96  0  0  0 2026-09-30 16:25:17
 0  0 313528  77512   2852 121488    0    0     0     0  718 1031  2  2 96  0  0  0 2026-09-30 16:25:18
 0  0 313528  77792   2860 121488    0    0     0    16  752 1018  2  3 95  0  1  0 2026-09-30 16:25:19
procs -----------memory---------- ---swap-- -----io---- -system-- -------cpu------- -----timestamp-----
 r  b   swpd   free   buff  cache   si   so    bi    bo   in   cs us sy id wa st gu                 UTC
 0  0 313528  77800   2860 121488    0    0     0     0  773 1046  1  4 95  0  0  0 2026-09-30 16:25:20
 0  0 313528  82324   2860 121488   24    0    24     0 1193 2304  5  4 92  0  0  0 2026-09-30 16:25:21
 0  0 313528  81568   2860 121492   64    0    64     0  749 1056  1  3 96  1  0  0 2026-09-30 16:25:22
 0  0 313528  81568   2860 121492    0    0     0     0  771 1090  1  4 96  0  0  0 2026-09-30 16:25:23
 0  0 313528  78848   2860 121492    0    0     0    16  720 1002  2  3 96  0  0  0 2026-09-30 16:25:24
 0  0 313528  78800   2860 121492    0    0     0     0  736 1042  1  3 96  0  0  0 2026-09-30 16:25:25
 1  0 313528  75796   2868 121492    0    0     0    12  786 1128  2  3 95  0  0  0 2026-09-30 16:25:26
 0  0 313528  75804   2868 121492    0    0     0     0  721  996  1  3 96  0  0  0 2026-09-30 16:25:27
 0  0 313528  74800   2868 121492    0    0     0     0  724 1023  1  3 96  0  0  0 2026-09-30 16:25:28
 1  0 313528  74304   2868 121492    0    0     0    12  733  989  1  3 96  0  1  0 2026-09-30 16:25:29
 0  0 313528  74056   2868 121492    0    0     0     0  709  994  2  3 96  0  0  0 2026-09-30 16:25:30
 0  0 313528  73704   2868 121492    0    0     0     0 1154 2199  2  5 93  0  0  0 2026-09-30 16:25:31
 0  0 313528  71944   2876 121492    0    0     0    12  687  948  2  2 97  0  0  0 2026-09-30 16:25:32
 0  0 313528  71692   2876 121492    0    0     0     0  740 1005  1  4 95  0  0  0 2026-09-30 16:25:33
 0  0 313528  72200   2876 121492    0    0     0     4  774 1007  2  3 96  0  0  0 2026-09-30 16:25:34
 0  0 313528  72968   2876 121492    0    0     0     0  724  999  2  2 96  0  0  0 2026-09-30 16:25:35
 0  0 313528  72968   2876 121472    0    0     0     0  769 1125  2  3 95  0  0  0 2026-09-30 16:25:36
 0  0 313528  72968   2876 121472    0    0     0     0  725 1037  1  4 96  0  0  0 2026-09-30 16:25:37
 2  0 313528  72720   2876 121472    4    0     4     0  771 1089  1  3 96  0  0  0 2026-09-30 16:25:38
 0  0 313528  72720   2884 121472    0    0     0    20  801 1133  1  3 96  0  0  0 2026-09-30 16:25:39
 0  0 313528  73980   2884 121472   20    0    20     0  883 1265  2  4 95  1  0  0 2026-09-30 16:25:40
procs -----------memory---------- ---swap-- -----io---- -system-- -------cpu------- -----timestamp-----
 r  b   swpd   free   buff  cache   si   so    bi    bo   in   cs us sy id wa st gu                 UTC
 0  0 313528  95672   2884 121464   20    0    20     0 1265 2364  4  3 93  0  0  0 2026-09-30 16:25:41
 0  0 313528  95176   2884 121448    0    0     0     0  839 1194  2  3 96  0  0  0 2026-09-30 16:25:42
 0  0 313528  96692   2884 121428    0    0     0     0  817 1113  2  3 95  0  0  0 2026-09-30 16:25:43
 0  0 313528  96692   2884 121356   16    0    16     0  786 1100  1  4 96  0  1  0 2026-09-30 16:25:44
 0  0 313528  96692   2892 121316    0    0     0    20  763 1079  2  3 96  0  0  0 2026-09-30 16:25:45
 0  0 313528 104756   2892 121280    0    0     0     0  780 1137  1  4 95  0  0  0 2026-09-30 16:25:46
 0  0 313528 102992   2892 121248    0    0     0     0  745 1045  1  3 96  0  0  0 2026-09-30 16:25:47
 0  0 313528 102992   2892 121248    0    0     0     0  711  989  1  3 96  0  0  0 2026-09-30 16:25:48
 0  0 313528 101780   2892 121252    0    0     0     0  695  983  2  3 96  0  0  0 2026-09-30 16:25:49
 1  0 313528  99968   2900 121236    0    0     0    20  776 1072  1  3 96  0  0  0 2026-09-30 16:25:50
 0  0 313528  99880   2900 121220    8    0     8     0 1210 2253  4  3 93  0  0  0 2026-09-30 16:25:51
 0  0 313528 116008   2900 121188    0    0     0     0  753 1050  2  2 96  0  0  0 2026-09-30 16:25:52
 0  0 313528 120988   2900 121156    0    0     0     0  714 1005  1  4 95  0  0  0 2026-09-30 16:25:53
 0  0 313528 136536   2900 121044    0    0     0     0  805 1150  1  4 95  0  1  0 2026-09-30 16:25:54
 0  0 313528 132760   2908 121044    0    0     0    24  711 1005  1  3 95  0  0  0 2026-09-30 16:25:55
 0  0 313528 129488   2908 121044    0    0     0     0  751 1048  2  3 96  0  0  0 2026-09-30 16:25:56
 0  0 313528 129488   2908 121044    0    0     0     0  756 1038  2  3 95  0  0  0 2026-09-30 16:25:57
 0  0 313528 129488   2908 121044    0    0     0     0  724  974  1  3 96  0  0  0 2026-09-30 16:25:58
 0  0 313528 129488   2908 121044    0    0     0     0  681  937  1  2 97  0  0  0 2026-09-30 16:25:59
 0  0 313528 128480   2908 121048    0    0     0     8  672  935  1  3 86  0 10  0 2026-09-30 16:26:00
 0  0 313528 115952   2908 121228    4    0   200     0 1198 2357  3  4 87  0  6  0 2026-09-30 16:26:01
procs -----------memory---------- ---swap-- -----io---- -system-- -------cpu------- -----timestamp-----
 r  b   swpd   free   buff  cache   si   so    bi    bo   in   cs us sy id wa st gu                 UTC
 0  0 313528 115952   2908 121228    0    0     0     0  739  989  1  4 93  0  1  0 2026-09-30 16:26:02
 1  0 313528 115952   2908 121228    0    0     0     0  714 1017  2  2 96  0  0  0 2026-09-30 16:26:03
 0  0 313528 115952   2908 121228    0    0     0     0  773 1073  2  2 96  0  0  0 2026-09-30 16:26:04
 0  0 313528 113436   2916 121228    0    0     0    16  715 1001  2  3 96  0  1  0 2026-09-30 16:26:05
 0  0 313528 109156   2916 121228    0    0     0     0  770 1104  1  3 96  0  0  0 2026-09-30 16:26:06
 0  0 313528 107196   2916 121228    0    0     0     0  731  966  1  3 96  0  0  0 2026-09-30 16:26:07
 0  0 313528 107656   2916 121228    0    0     0     0  716  983  1  3 96  0  0  0 2026-09-30 16:26:08
 0  0 313528 107448   2916 121228    0    0     0     0  723 1000  1  3 96  0  0  0 2026-09-30 16:26:09
 2  0 313528 107404   2916 121228    0    0     0     8  726  995  1  4 96  0  0  0 2026-09-30 16:26:10
 0  0 313528 117544   2916 121228    0    0     0     0 1189 2278  2  4 94  0  0  0 2026-09-30 16:26:11
 0  0 313528 115308   2916 121228    0    0     0     0  833 1140  2  3 95  0  0  0 2026-09-30 16:26:12
 0  0 313528 110776   2916 121228    0    0     0     0  697  947  1  3 96  0  0  0 2026-09-30 16:26:13
 0  0 313528 110748   2916 121228    0    0     0     0  737 1008  2  2 96  0  0  0 2026-09-30 16:26:14
 0  0 313528 107980   2924 121228    0    0     0    16  756 1023  1  3 96  0  1  0 2026-09-30 16:26:15
 0  0 313528 107992   2924 121228    0    0     0     0  742 1056  2  3 96  0  0  0 2026-09-30 16:26:16
 0  0 313528 107744   2924 121228    0    0     0     0  765 1071  1  4 95  0  0  0 2026-09-30 16:26:17
 0  0 313528 107744   2924 121228    0    0     0     0  749 1040  2  3 96  0  0  0 2026-09-30 16:26:18
 0  0 313528 107744   2924 121420    0    0   192     0  718  959  2  3 96  0  0  0 2026-09-30 16:26:19
 0  0 313528 107744   2924 121420    0    0     0     8  706  979  2  2 96  0  0  0 2026-09-30 16:26:20
 0  0 313528 108368   2924 121420    8    0     8     0 1150 2261  4  4 93  0  0  0 2026-09-30 16:26:21
 0  0 313528 108368   2924 121420    0    0     0     0  696  990  2  3 96  0  0  0 2026-09-30 16:26:22
procs -----------memory---------- ---swap-- -----io---- -system-- -------cpu------- -----timestamp-----
 r  b   swpd   free   buff  cache   si   so    bi    bo   in   cs us sy id wa st gu                 UTC
 0  0 313528 108368   2924 121420    0    0     0     0  740 1023  2  3 96  0  0  0 2026-09-30 16:26:23
 0  0 313528 108164   2924 121420    0    0     0     0  739 1060  1  3 96  0  1  0 2026-09-30 16:26:24
 0  0 313528 106404   2932 121412    0    0     0    16  744 1041  1  3 96  0  0  0 2026-09-30 16:26:25
 0  0 313528 105348   2932 121420    0    0     0     0  802 1164  2  3 95  0  0  0 2026-09-30 16:26:26
 1  0 313528 106624   2932 121420    0    0     0     0  722 1017  2  3 96  0  0  0 2026-09-30 16:26:27
 0  0 313528 106624   2932 121420    0    0     0     0  709  970  1  3 96  0  0  0 2026-09-30 16:26:28
 0  0 313528 106624   2932 121420    0    0     0     0  676  943  1  3 96  0  0  0 2026-09-30 16:26:29
 0  0 313528 106624   2932 121420    0    0     0     0  735 1036  1  3 96  0  0  0 2026-09-30 16:26:30
 0  0 313528 102304   2932 121420    0    0     0    12 1203 2239  4  4 92  0  0  0 2026-09-30 16:26:31
 0  0 313528 103820   2940 121420    0    0     0    12  718 1029  2  2 96  1  0  0 2026-09-30 16:26:32
 0  0 313528 107624   2940 121420    0    0     0     0  747 1050  2  3 96  0  0  0 2026-09-30 16:26:33
 0  0 313528 109012   2940 121420    0    0     0     0  739 1005  2  2 96  0  0  0 2026-09-30 16:26:34
 0  0 313528 108516   2940 121424    0    0     0     0  712 1028  1  2 97  0  0  0 2026-09-30 16:26:35
 0  0 313528 108516   2940 121424    8    0     8     4  774 1069  2  4 95  0  0  0 2026-09-30 16:26:36
 0  0 313528 108516   2940 121424    0    0     0     0  745  997  1  3 95  0  0  0 2026-09-30 16:26:37
 0  0 313528 108516   2940 121424    0    0     0     0  723 1020  2  2 97  0  0  0 2026-09-30 16:26:38
 0  0 313528 108516   2940 121424    0    0     0     0  787 1094  2  3 96  0  0  0 2026-09-30 16:26:39
 0  0 313528 108268   2940 121424    0    0     0     0  713  991  2  3 95  0  0  0 2026-09-30 16:26:40
 0  0 313528 104172   2948 121424    0    0     0    16 1090 2102  3  3 93  0  1  0 2026-09-30 16:26:41
 0  0 313528 104172   2948 121424    0    0     0     0  761 1069  2  3 96  0  0  0 2026-09-30 16:26:42
 0  0 313528 104172   2948 121424    0    0     0     0  720  961  2  3 96  0  0  0 2026-09-30 16:26:43
procs -----------memory---------- ---swap-- -----io---- -system-- -------cpu------- -----timestamp-----
 r  b   swpd   free   buff  cache   si   so    bi    bo   in   cs us sy id wa st gu                 UTC
 0  0 313528 104172   2948 121424    0    0     0     0  725 1026  1  2 97  0  0  0 2026-09-30 16:26:44
 0  0 313528 104172   2948 121424    0    0     0     0  780 1101  1  3 96  0  0  0 2026-09-30 16:26:45
 0  0 313528 103444   2948 121424    0    0     0     8  774 1049  1  4 96  0  0  0 2026-09-30 16:26:46
 0  0 313528 102404   2948 121424    0    0     0     0  752 1038  1  3 96  0  0  0 2026-09-30 16:26:47
 1  0 313528 104460   2948 121424    0    0     0     0  713 1003  1  3 96  0  0  0 2026-09-30 16:26:48
 0  0 313272 104680   2948 121504  280    0   360     0  805 1097  2  2 94  2  0  0 2026-09-30 16:26:49
 0  0 313272 104716   2948 121504    0    0     0     0  700  963  1  3 96  0  0  0 2026-09-30 16:26:50
 0  0 313272 108788   2956 121504    8    0     8    20 1260 2352  3  5 92  0  0  0 2026-09-30 16:26:51
 0  0 313272 109760   2956 121504    0    0     0     0  730  996  2  1 97  0  0  0 2026-09-30 16:26:52
 0  0 313272 110848   2956 121504    0    0     0     0  719  942  1  3 96  0  1  0 2026-09-30 16:26:53
 0  0 313016 120840   2992 133568  332    0 12176    40 1794 2440  8  8 76  9  0  0 2026-09-30 16:26:54
 0  0 313016 120264   2992 133572    0    0     0     0  723 1039  1  3 96  0  0  0 2026-09-30 16:26:55
 0  0 313016 118756   2992 133572    0    0     0     8  779 1134  1  3 96  0  0  0 2026-09-30 16:26:56
 0  0 313016 117496   3008 133572    0    0     0   100 1193 1495  3  3 94  0  0  0 2026-09-30 16:26:57
 0  0 313016 117496   3008 133572    0    0     0     0 1841 1915  5  4 91  0  0  0 2026-09-30 16:26:58
 2  0 313016 117496   3008 133572    0    0     0   608 1906 1997  3  4 93  1  0  0 2026-09-30 16:26:59
 0  0 313016 117272   3008 133572    0    0     0     0 1871 1916  5  4 82  0  9  0 2026-09-30 16:27:00
 0  0 313016 104280   3008 133612    0    0    40    12 2654 3585  7  6 83  0  3  0 2026-09-30 16:27:01
 0  0 313016 104280   3008 133612    0    0     0    40 2071 2036  5  4 83  0  7  0 2026-09-30 16:27:02
 0  0 313016 104280   3016 133612    0    0     0    28 2600 2562  6  5 89  0  0  0 2026-09-30 16:27:03
 0  0 313016 104056   3016 133612    0    0     0     0 2756 2708  7  5 88  0  0  0 2026-09-30 16:27:04
procs -----------memory---------- ---swap-- -----io---- -system-- -------cpu------- -----timestamp-----
 r  b   swpd   free   buff  cache   si   so    bi    bo   in   cs us sy id wa st gu                 UTC
 0  0 313016 104056   3016 133612    0    0     0     0 2442 2455  6  5 89  0  0  0 2026-09-30 16:27:05
 1  0 313016 103832   3016 133612    0    0     0    12 3092 3185  9  6 85  0  0  0 2026-09-30 16:27:06
 0  0 313016 103628   3016 133612    0    0     0     0 2984 2993  8  5 87  0  0  0 2026-09-30 16:27:07
 0  0 312760 102360   3016 133628   52    0    52    16 3071 3013 10  6 84  0  0  0 2026-09-30 16:27:08
 0  0 312760  99592   3016 133660    0    0     0     0 3058 3051  8  4 88  0  0  0 2026-09-30 16:27:09
 1  0 312760  98624   3016 133708    0    0     0     0 3595 3551  9  6 85  0  1  0 2026-09-30 16:27:10
 0  0 312760 104496   3016 133948    0    0   220     0 3962 4840 12  6 82  0  0  0 2026-09-30 16:27:11
 0  0 312760 102800   3024 133980    0    0     0    28 3745 3800 10  6 84  0  0  0 2026-09-30 16:27:12
 0  0 312760 102300   3024 134012    0    0     0     0 4155 4111 12  6 82  0  0  0 2026-09-30 16:27:13
 0  0 312760 102300   3024 134060    0    0     0     0 4079 4027 10  6 84  0  0  0 2026-09-30 16:27:14
 0  0 312760 102300   3024 134092    0    0     0     0 4412 4365 12  6 82  0  0  0 2026-09-30 16:27:15
 2  0 312760 102076   3024 134124    0    0     0     0 4063 4184 14  7 78  0  0  0 2026-09-30 16:27:16
 0  0 312760 101096   3032 134140    0    0     0    28 4385 4298 12  8 81  0  0  0 2026-09-30 16:27:17
 0  0 312760 101096   3032 134172    0    0     0     0 4685 4595 12  7 81  0  0  0 2026-09-30 16:27:18
 0  0 312760 101100   3032 134220    0    0     0     0 4783 4749 13  7 80  0  0  0 2026-09-30 16:27:19
 1  0 312760 100876   3032 134252    0    0     0     0 4742 4687 15  5 80  0  0  0 2026-09-30 16:27:20
 0  0 312760  99312   3032 134352    8    0   100     0 5385 5933 14 12 74  0  0  0 2026-09-30 16:27:21
 0  0 312760  99088   3040 134408    0    0     0    28 4974 4877 16  7 76  0  0  0 2026-09-30 16:27:22
 0  0 312760  99088   3040 134440    0    0     0     0 5114 5098 14  8 78  0  0  0 2026-09-30 16:27:23
 0  0 312760  99088   3040 134472    0    0     0     0 5144 5126 14  8 78  0  0  0 2026-09-30 16:27:24
 3  0 312760  98624   3040 134520    0    0     0     0 5616 5652 14 10 75  0  0  0 2026-09-30 16:27:25
procs -----------memory---------- ---swap-- -----io---- -system-- -------cpu------- -----timestamp-----
 r  b   swpd   free   buff  cache   si   so    bi    bo   in   cs us sy id wa st gu                 UTC
 1  0 312760  98160   3040 134552    0    0     0     0 5387 5372 28  9 62  0  0  0 2026-09-30 16:27:26
 0  0 312760  98160   3048 134584  304    0   304    28 5416 5483 18  9 72  1  0  0 2026-09-30 16:27:27
 1  0 312760  96976   3048 134616    0    0     0     0 6048 5905 17  9 73  0  0  0 2026-09-30 16:27:28
 0  0 312760  96676   3048 134648    0    0     0     0 5614 5567 17  9 75  0  0  0 2026-09-30 16:27:29
 2  0 312760  96452   3048 134680    0    0     0     0 6036 6076 18  8 74  0  1  0 2026-09-30 16:27:30
 1  0 312760  96600   3048 134712    0    0     0     0 6523 7398 21  8 71  0  0  0 2026-09-30 16:27:31
 0  0 312760  96124   3056 134744    0    0     0    28 6682 6606 18  8 74  0  0  0 2026-09-30 16:27:32
 0  0 312760  95876   3056 134792    0    0     0     0 6172 6176 19  8 73  0  0  0 2026-09-30 16:27:33
 1  0 312760  95120   3056 134824    0    0     0     0 6023 6020 18 10 72  0  1  0 2026-09-30 16:27:34
 0  0 312760  94692   3056 134840    0    0     0     0 6947 6699 22 10 69  0  0  0 2026-09-30 16:27:35
 2  0 312760  94420   3056 134940   16    0    84     0 7147 7220 19 13 68  1  0  0 2026-09-30 16:27:36
 0  0 312760  94420   3064 134972    0    0     0    28 6617 6548 18  9 72  0  1  0 2026-09-30 16:27:37
 0  0 312760  90084   3064 135128   16    0   108     0 7450 7572 21 11 68  0  0  0 2026-09-30 16:27:38
 2  0 312504  89860   3064 135144   60    0    60     0 7003 6990 22  9 69  0  0  0 2026-09-30 16:27:39
 1  0 312504  88852   3064 135176    0    0     0     0 7715 7575 22 10 68  0  0  0 2026-09-30 16:27:40
 2  0 312504  89308   3064 135208    0    0     0     0 8151 8869 26 11 63  0  0  0 2026-09-30 16:27:41
 1  0 312504  90556   3072 135240    0    0     0    28 7591 7372 19 13 67  1  1  0 2026-09-30 16:27:42
 0  0 312504  90248   3072 135272    0    0     0     0 7867 7704 20 11 68  0  0  0 2026-09-30 16:27:43
 2  0 312504  90056   3072 135304    0    0     0     0 7801 7710 27 11 61  0  0  0 2026-09-30 16:27:44
 2  0 312504  90528   3072 135352    0    0     0     0 7962 8074 30 14 56  0  0  0 2026-09-30 16:27:45
 0  0 312504  90336   3072 135352    0    0     0     0 7783 7555 23  9 67  0  1  0 2026-09-30 16:27:46
procs -----------memory---------- ---swap-- -----io---- -system-- -------cpu------- -----timestamp-----
 r  b   swpd   free   buff  cache   si   so    bi    bo   in   cs us sy id wa st gu                 UTC
 3  0 312504  90304   3080 135400    0    0     0    28 7690 7645 22 11 67  0  0  0 2026-09-30 16:27:47
 1  0 312504  90308   3080 135452    0    0     0     0 8550 8244 26 10 64  0  0  0 2026-09-30 16:27:48
 0  0 312504  85988   3080 135484    4    0     4     0 8415 8297 26 11 63  0  0  0 2026-09-30 16:27:49
 0  0 312504  85988   3080 135516    0    0     0     0 8367 8624 22 13 65  0  0  0 2026-09-30 16:27:50
 1  0 312504  78708   3080 135548    0    0     0     0 8690 9147 26 13 61  0  0  0 2026-09-30 16:27:51
 2  0 312504  86056   3088 135572    0    0     0    28 8271 8676 24  9 67  0  0  0 2026-09-30 16:27:52
 0  0 312504  86056   3088 135612    8    0     8     0 8731 8773 35 13 52  0  0  0 2026-09-30 16:27:53
 2  0 312504  86056   3088 135644    0    0     0     0 9306 9278 24 13 63  0  1  0 2026-09-30 16:27:54
 0  0 312504  86056   3088 135676    0    0     0     0 8767 8586 24 13 63  0  0  0 2026-09-30 16:27:55
 1  0 312504  85832   3088 135708    0    0     0     0 9083 9073 24 15 61  0  0  0 2026-09-30 16:27:56
 1  0 312504  85364   3088 135756    8    0     8     0 9816 9564 32 11 58  0  0  0 2026-09-30 16:27:57
 0  0 312504  84884   3112 135788    0    0     0   164 9091 8861 27 13 60  0  0  0 2026-09-30 16:27:58
 5  0 312504  84884   3112 135820    0    0     0     0 9358 9325 28 15 58  0  0  0 2026-09-30 16:27:59
10  0 312504  84212   3112 135836    0    0     0     0 8348 8304 29 15 37  0 19  0 2026-09-30 16:28:00
16  0 312504  83192   3112 135884    4    0     4     0 7113 6694 37 13 19  0 31  0 2026-09-30 16:28:01
 7  0 312504  78000   3112 135924    4    0    12     0 9417 9903 33 21 35  0 12  0 2026-09-30 16:28:02
 0  0 312504  77776   3120 135956    4    0     4    72 9746 9675 31 16 53  0  0  0 2026-09-30 16:28:03
 0  0 312504  77780   3120 135988    0    0     0     0 9760 9418 30 14 57  0  0  0 2026-09-30 16:28:04
 1  0 312504  77316   3120 136020    0    0     0     0 10574 10343 32 15 53  0  0  0 2026-09-30 16:28:05
 0  0 312504  76860   3120 136052    0    0     0     0 10670 10243 30 14 56  0  0  0 2026-09-30 16:28:06
 5  0 312504  76336   3120 136084    0    0     0     0 9860 9738 44 12 44  0  0  0 2026-09-30 16:28:07
procs -----------memory---------- ---swap-- -----io---- -system-- -------cpu------- -----timestamp-----
 r  b   swpd   free   buff  cache   si   so    bi    bo   in   cs us sy id wa st gu                 UTC
 3  0 312504  75328   3128 136116    0    0     0    28 10132 10166 31 13 56  0  1  0 2026-09-30 16:28:08
 5  0 312504  75104   3128 136164    4    0     4     0 11003 11054 33 15 51  1  0  0 2026-09-30 16:28:09
 0  0 312504  75104   3128 136180    0    0     0     0 9608 9964 29 16 56  0  0  0 2026-09-30 16:28:10
 0  0 312504  74880   3128 136228    0    0     0     0 10578 10417 29 17 54  0  0  0 2026-09-30 16:28:11
 4  0 312504  80492   3128 136400    4    0   128     0 11018 12104 33 16 51  0  0  0 2026-09-30 16:28:12
 0  0 312504  79796   3136 136432    0    0     0    40 11009 10974 42 17 41  0  0  0 2026-09-30 16:28:13
 0  0 312504  79492   3136 136480    0    0     0     0 10849 10532 32 16 52  0  0  0 2026-09-30 16:28:14
 8  0 312504  79268   3136 136496    0    0     0     0 10629 10584 32 16 52  0  0  0 2026-09-30 16:28:15
 3  0 312504  79016   3136 136544    0    0     0     0 11169 11143 30 16 54  0  0  0 2026-09-30 16:28:16
 4  0 312504  78300   3136 136560    0    0     0     0 11033 10797 32 16 52  0  0  0 2026-09-30 16:28:17
 1  0 312504  78296   3144 136592    0    0     0    28 11302 11100 40 12 48  0  0  0 2026-09-30 16:28:18
 4  0 312504  78076   3144 136624    0    0     0     0 11987 11550 42 17 40  0  1  0 2026-09-30 16:28:19
 1  0 312504  78076   3144 136672    0    0     0     0 11675 11356 34 12 54  0  0  0 2026-09-30 16:28:20
 2  0 312504  77852   3144 136704    0    0     0     0 11595 11036 32 17 51  0  0  0 2026-09-30 16:28:21
 1  0 312504  75788   3144 136736    4    0     4     0 11216 12693 36 19 45  0  0  0 2026-09-30 16:28:22
 3  0 312504  75592   3152 136764    0    0     0    28 11871 11577 44 16 40  0  0  0 2026-09-30 16:28:23
 5  0 312504  75560   3152 136804    0    0     0     0 11556 11397 42 16 42  0  0  0 2026-09-30 16:28:24
 0  0 312504  75556   3152 136836    0    0     0     0 11885 11790 33 18 48  0  0  0 2026-09-30 16:28:25
 6  0 312504  75332   3152 136868    0    0     0     0 11925 11774 37 17 46  0  0  0 2026-09-30 16:28:26
 0  0 312504  75328   3152 136900    0    0     0     0 11897 11977 33 18 49  0  0  0 2026-09-30 16:28:27
 4  0 312504  75108   3160 136924    0    0     0    28 11623 11846 49 18 33  0  0  0 2026-09-30 16:28:28
procs -----------memory---------- ---swap-- -----io---- -system-- -------cpu------- -----timestamp-----
 r  b   swpd   free   buff  cache   si   so    bi    bo   in   cs us sy id wa st gu                 UTC
 2  0 312504  75104   3160 136964    0    0     0     0 11344 11580 37 17 47  0  0  0 2026-09-30 16:28:29
 2  0 312504  74672   3160 137012    0    0     0     0 12195 11812 38 19 41  0  1  0 2026-09-30 16:28:30
 4  0 312504  74640   3160 137044    0    0     0     0 11951 11939 32 22 46  0  1  0 2026-09-30 16:28:31
 6  0 312504  73836   3160 137184    0    0    60     0 12128 13182 37 21 42  0  0  0 2026-09-30 16:28:32
 2  0 312504  73596   3168 137216   32    0    32    28 11615 12056 49 18 32  0  0  0 2026-09-30 16:28:33
 5  0 312504  73596   3168 137252    0    0     0     0 12145 12392 38 20 42  0  0  0 2026-09-30 16:28:34
 0  0 312504  73500   3168 137284    0    0     0     0 11783 12917 36 19 45  0  0  0 2026-09-30 16:28:35
 5  0 312504  73276   3168 137316    8    0     8     0 11925 12978 37 20 43  0  1  0 2026-09-30 16:28:36
 0  0 312504  73276   3168 137348    0    0     0     0 12140 11458 53 19 27  0  0  0 2026-09-30 16:28:37
 2  0 312504  73036   3168 137380    0    0     0     0 12279 12364 38 21 42  0  0  0 2026-09-30 16:28:38
 2  0 312504  72808   3176 137428    0    0     0    28 12052 12194 39 19 42  0  0  0 2026-09-30 16:28:39
 1  0 312504  72604   3176 137460    0    0     0     0 13615 12988 39 21 40  0  0  0 2026-09-30 16:28:40
 2  0 312504  72080   3176 137492    0    0     0     0 12754 12051 54 20 26  0  0  0 2026-09-30 16:28:41
 7  0 312504  71456   3176 137508    0    0     0     0 13037 14057 44 22 33  0  0  0 2026-09-30 16:28:42
 1  0 312504  71208   3176 137540    0    0     0     0 12846 12659 39 18 43  0  0  0 2026-09-30 16:28:43
10  0 312504  75332   3184 137572    0    0     0    28 12597 12541 50 17 32  0  1  0 2026-09-30 16:28:44
 8  0 312504  75072   3184 137588    0    0     0     0 13175 12757 49 25 27  0  0  0 2026-09-30 16:28:45
 3  0 312504  74036   3184 137636    4    0     4     0 13541 13131 40 21 39  0  0  0 2026-09-30 16:28:46
 5  0 312504  73312   3184 137684    0    0     0     0 13237 13564 42 21 37  0  0  0 2026-09-30 16:28:47
 2  0 312504  73116   3184 137700    0    0     0     0 12093 12432 57 21 23  0  0  0 2026-09-30 16:28:48
 3  0 312504  73084   3192 137748    0    0     0    28 12846 13422 41 21 37  0  0  0 2026-09-30 16:28:49
procs -----------memory---------- ---swap-- -----io---- -system-- -------cpu------- -----timestamp-----
 r  b   swpd   free   buff  cache   si   so    bi    bo   in   cs us sy id wa st gu                 UTC
 2  0 312504  73084   3192 137764    0    0     0     0 13208 13186 39 23 37  0  1  0 2026-09-30 16:28:50
 5  0 312504  72600   3192 137796    0    0     0     0 12967 12876 47 22 31  0  0  0 2026-09-30 16:28:51
 1  0 312504  58016   3192 137844    0    0     0     0 13801 14053 57 23 20  0  0  0 2026-09-30 16:28:52
 2  0 312504  57100   3192 137860    0    0     0     0 12634 12963 44 19 36  0  0  0 2026-09-30 16:28:53
 2  0 312504  56828   3200 137892    0    0     0    28 13829 13673 46 21 34  0  0  0 2026-09-30 16:28:54
 6  0 312504  56340   3200 137916    0    0     0     0 14089 13044 59 29 12  0  0  0 2026-09-30 16:28:55
 8  0 312504  56204   3200 137996    0    0     0     0 12672 13549 41 21 37  0  0  0 2026-09-30 16:28:56
 4  0 312504  93200   3188 137140    0    8     0     8 13534 13351 47 18 35  0  0  0 2026-09-30 16:28:57
 6  0 312504  92680   3188 137160    4    0     4     0 12899 14347 59 23 17  0  1  0 2026-09-30 16:28:58
 8  0 312504  90924   3204 137160    0    0     0   220 13910 13955 46 23 31  0  0  0 2026-09-30 16:28:59
 6  0 312504  89304   3204 137164    0    0     0     0 11648 11529 44 26 21  0 10  0 2026-09-30 16:29:00
23  0 312504  88132   3204 137244    0    0     0     0 11084 10315 52 21 15  0 14  0 2026-09-30 16:29:01
 9  0 312504  71956   3204 137796   12    0    64     0 14219 13467 58 31  6  0  6  0 2026-09-30 16:29:02
11  0 312504  71200   3204 137796    0    0     0     0 13177 13135 44 24 32  0  0  0 2026-09-30 16:29:03
 3  0 312504  71200   3212 137816    0    0     0    68 13015 13183 45 21 33  1  0  0 2026-09-30 16:29:04
 2  0 312504  71196   3212 137816    0    0     0     0 12483 12189 55 22 23  0  0  0 2026-09-30 16:29:05
 3  0 312504  71200   3212 137800    0    0     0     0 13804 13632 49 23 28  0  0  0 2026-09-30 16:29:06
14  0 312504  70700   3212 137796    0    0     0     0 13542 13594 44 22 34  0  0  0 2026-09-30 16:29:07
 3  0 312504  70448   3212 137796    0    0     0     0 12751 12197 52 22 26  0  0  0 2026-09-30 16:29:08
 6  0 312504  69988   3220 137808    0    0     0    32 13480 13167 52 21 27  0  1  0 2026-09-30 16:29:09
15  0 312504  69940   3220 137804    0    0     0     0 13058 13182 41 26 33  0  0  0 2026-09-30 16:29:10
procs -----------memory---------- ---swap-- -----io---- -system-- -------cpu------- -----timestamp-----
 r  b   swpd   free   buff  cache   si   so    bi    bo   in   cs us sy id wa st gu                 UTC
23  0 312504  70180   3220 137804    0    0     0     0 13709 13605 48 23 29  0  0  0 2026-09-30 16:29:11
13  0 312504  73184   3220 137828    8    0     8     0 13949 14141 56 27 17  0  0  0 2026-09-30 16:29:12
 0  0 312504  72712   3220 137816    0    0     0     0 13035 13249 43 23 34  0  0  0 2026-09-30 16:29:13
 2  0 312504  72680   3228 137808    0    0     0    28 12259 13133 42 27 32  0  0  0 2026-09-30 16:29:14
 7  0 312504  72420   3228 137832    0    0     0     0 12849 12821 51 24 24  0  0  0 2026-09-30 16:29:15
 6  0 312504  72212   3228 137828    0    0     0     0 13721 13776 45 21 34  0  1  0 2026-09-30 16:29:16
26  0 312504  71912   3228 137824    0    0     0     0 14031 13241 45 20 35  0  0  0 2026-09-30 16:29:17
 7  0 312504  71912   3228 137796    0    0     0     0 13201 12392 55 22 23  0  0  0 2026-09-30 16:29:18
 3  0 312504  71660   3236 137800    0    0     0    28 13916 13462 42 23 35  0  0  0 2026-09-30 16:29:19
 3  0 312504  70908   3236 137796    0    0     0     0 13070 13373 45 20 34  0  0  0 2026-09-30 16:29:20
 3  0 312504  70908   3236 137820    0    0     0     0 12629 12960 59 21 21  0  0  0 2026-09-30 16:29:21
16  0 312504  66552   3236 137808    0    0     0     0 13750 14622 42 25 34  0  0  0 2026-09-30 16:29:22
 5  0 313016 104452   2976 120748    0  524   216   524 13808 14351 43 28 29  0  0  0 2026-09-30 16:29:23
 5  0 313016 104452   2976 120736    8    0     8     0 12366 12169 56 23 21  0  0  0 2026-09-30 16:29:24
 8  0 313016 103196   2984 120736    0    0     0    32 12888 13448 42 23 35  0  0  0 2026-09-30 16:29:25
 2  0 313016 103196   2984 120736    0    0     0     0 12985 13649 48 21 31  0  0  0 2026-09-30 16:29:26
 4  0 313016 103196   2984 120736    0    0     0     0 12153 13656 59 19 23  0  0  0 2026-09-30 16:29:27
 2  0 313016 102944   2984 120736    0    0     0     0 13727 13610 41 25 34  0  1  0 2026-09-30 16:29:28
 6  0 313016 102944   2984 120736    0    0     0     0 13953 13436 43 23 34  0  0  0 2026-09-30 16:29:29
 0  0 313016 102940   2992 120828    4    0    96    32 12237 12820 57 24 18  0  1  0 2026-09-30 16:29:30
 4  0 313016 102940   2992 120828    0    0     0     0 13933 13689 43 20 36  0  0  0 2026-09-30 16:29:31
procs -----------memory---------- ---swap-- -----io---- -system-- -------cpu------- -----timestamp-----
 r  b   swpd   free   buff  cache   si   so    bi    bo   in   cs us sy id wa st gu                 UTC
 4  0 313016 102936   2992 120828    0    0     0     0 12733 13345 45 20 35  0  0  0 2026-09-30 16:29:32
14  0 313016  95480   2992 120892    0    0    60     0 13207 13123 61 26 14  0  0  0 2026-09-30 16:29:33
 3  0 313016  95476   2992 120892    0    0     0     0 13536 13294 41 24 35  0  0  0 2026-09-30 16:29:34
 0  0 313016  95224   3000 120892    0    0     0    28 13333 13157 44 20 36  0  0  0 2026-09-30 16:29:35
 9  0 313016  95220   3000 120876    4    0     4     0 12685 12712 55 25 21  0  0  0 2026-09-30 16:29:36
 2  0 313016  95340   3000 120876    0    0     0     0 13301 14272 46 23 30  0  0  0 2026-09-30 16:29:37
 1  0 313016  95348   3000 120876    4    0     4     0 13625 13539 44 23 34  0  0  0 2026-09-30 16:29:38
13  0 313016  95348   3000 120892    0    0     0     0 13601 14386 53 23 24  0  0  0 2026-09-30 16:29:39
 3  0 313016  95348   3008 120896    0    0     0    28 12587 12878 56 18 25  0  1  0 2026-09-30 16:29:40
 7  0 313016  95348   3008 120896    0    0     0     0 12856 13299 45 23 32  0  0  0 2026-09-30 16:29:41
14  0 313016  95096   3008 120892    0    0     0     0 13325 14270 53 23 25  0  0  0 2026-09-30 16:29:42
 1  0 313016  90020   3008 120892    0    0     0     0 13119 13858 51 23 26  0  0  0 2026-09-30 16:29:43
 5  0 313016  90020   3008 120896    0    0     0     0 13577 13536 40 25 35  0  0  0 2026-09-30 16:29:44
24  0 313016  90020   3016 120896    0    0     0    28 13164 13036 45 23 31  0  1  0 2026-09-30 16:29:45
 2  0 313016  89768   3016 120900    4    0     4     0 13608 12909 58 23 19  0  0  0 2026-09-30 16:29:46
 3  0 313016  89772   3016 120900    0    0     0     0 13830 13774 43 23 34  0  0  0 2026-09-30 16:29:47
 7  0 313016  89768   3016 120900    0    0     0     0 13362 13085 41 24 35  0  0  0 2026-09-30 16:29:48
10  0 313016  89764   3016 120900    0    0     0     0 13503 11809 63 23 13  0  1  0 2026-09-30 16:29:49
 1  0 313016  89756   3024 120888    0    0     0    28 13393 12672 43 27 29  1  1  0 2026-09-30 16:29:50
 8  0 313016  89752   3024 120892    0    0     0     0 13396 12992 49 20 30  0  1  0 2026-09-30 16:29:51
 0  0 313016  89752   3024 120892    0    0     0     0 12583 11977 59 22 19  0  0  0 2026-09-30 16:29:52
procs -----------memory---------- ---swap-- -----io---- -system-- -------cpu------- -----timestamp-----
 r  b   swpd   free   buff  cache   si   so    bi    bo   in   cs us sy id wa st gu                 UTC
 8  0 313016  94804   3024 120960    4    0    88     0 14102 14654 50 25 25  0  0  0 2026-09-30 16:29:53
 6  0 313016  94556   3024 120960    0    0     0     0 12026 12290 55 24 20  0  1  0 2026-09-30 16:29:54
12  0 313016  94556   3032 120960    0    0     0    28 13263 13121 45 20 35  0  0  0 2026-09-30 16:29:55
 0  0 313016  94348   3032 120960    0    0     0     0 12509 12725 62 24 14  0  0  0 2026-09-30 16:29:56
 0  0 313016  94096   3032 120960    0    0     0     0 12546 13158 44 22 34  0  0  0 2026-09-30 16:29:57
 1  0 313016  94048   3032 120960    0    0     0     0 12000 12265 59 17 24  0  0  0 2026-09-30 16:29:58
 0  0 313016  94032   3032 120960    0    0     0     0 14220 13629 46 22 32  0  0  0 2026-09-30 16:29:59
15  0 313016  93780   3048 120964   52    0    52   216 9335 8665 43 18  7  0 31  0 2026-09-30 16:30:00
19  0 313016  93776   3048 120968    0    0     0     0 8173 6846 46 16  3  0 35  0 2026-09-30 16:30:01
17  0 313016  93320   3048 120968    4    0     4     0 3527 3015 18  9  9  0 65  0 2026-09-30 16:30:02
19  0 313016  90652   3048 120964    4    0     4     0 11762 10333 51 25  2  0 23  0 2026-09-30 16:30:03
24  0 313016  90352   3048 120964    0    0     0     0 13992 11415 76 24  1  0  0  0 2026-09-30 16:30:04
19  0 313016  90356   3056 120964    0    0     0    36 15516 13320 68 30  3  0  0  0 2026-09-30 16:30:05
 0  0 313016  90356   3056 120964    0    0     0    16 12885 11249 58 25 18  0  0  0 2026-09-30 16:30:06
 0  0 313016  90356   3056 120964    0    0     0     0 11435 11216 36 20 44  0  0  0 2026-09-30 16:30:07
 4  0 313016  90140   3056 121092    0    0   124     0 12916 12386 51 22 28  0  0  0 2026-09-30 16:30:08
 3  0 313016  89856   3056 121096    0    0     0     0 13696 12449 57 22 21  0  0  0 2026-09-30 16:30:09
 5  0 313016  89852   3064 121100    0    0     0    20 13487 13542 53 23 25  0  0  0 2026-09-30 16:30:10
 6  0 313016  89852   3064 121100   44    0    44    56 14235 13228 60 23 16  0  1  0 2026-09-30 16:30:11
11  0 313016  89852   3064 121096    4    0     4     0 13441 13403 48 25 26  0  0  0 2026-09-30 16:30:12
 5  0 313016  90324   3064 121096    0    0     0     0 13362 13820 55 23 22  0  0  0 2026-09-30 16:30:13
procs -----------memory---------- ---swap-- -----io---- -system-- -------cpu------- -----timestamp-----
 r  b   swpd   free   buff  cache   si   so    bi    bo   in   cs us sy id wa st gu                 UTC
11  0 313016  90068   3064 121392  392    0   688     0 12677 13551 53 23 24  1  0  0 2026-09-30 16:30:14
 0  0 313016  90068   3064 121392    0    0     0     0 13091 12249 59 25 16  0  0  0 2026-09-30 16:30:15
16  0 313016  90068   3072 121392    8    0     8    28 13362 13267 46 21 34  0  0  0 2026-09-30 16:30:16
 2  0 313016  90064   3072 121392  112    0   112     0 12466 13118 59 21 19  1  0  0 2026-09-30 16:30:17
 9  0 313016  90064   3072 121392    0    0     0     0 14341 13707 46 24 30  0  0  0 2026-09-30 16:30:18
 3  0 313016  89812   3072 121416    0    0    24     0 11903 12142 55 21 24  0  0  0 2026-09-30 16:30:19
 0  0 313016  89560   3072 121416    0    0     0     0 13195 13993 42 24 34  0  1  0 2026-09-30 16:30:20
 2  0 313016  89300   3080 121416    0    0     0    28 12574 12796 60 21 19  0  0  0 2026-09-30 16:30:21
 4  0 313016  89052   3080 121416    0    0     0     0 13826 13393 44 22 35  0  0  0 2026-09-30 16:30:22
 5  0 313016  80144   3080 121416    0    0     0     0 12970 13294 59 24 17  0  0  0 2026-09-30 16:30:23
 3  0 313016  79656   3080 121416    0    0     0     0 13500 13790 45 24 31  0  0  0 2026-09-30 16:30:24
 0  0 313016  79604   3080 121420    0    0     0     0 12712 12287 61 23 15  0  0  0 2026-09-30 16:30:25
 4  0 313016  79604   3088 121416    0    0     0    28 13254 13414 47 22 31  0  0  0 2026-09-30 16:30:26
 4  0 313016  79604   3088 121416    0    0     0     0 13242 13680 58 23 19  0  0  0 2026-09-30 16:30:27
 4  0 313016  79604   3088 121416    0    0     0     0 13283 13410 45 24 31  0  0  0 2026-09-30 16:30:28
 8  0 313016  79604   3088 121420    0    0     0     0 12510 12386 59 21 21  0  0  0 2026-09-30 16:30:29
 1  0 313016  78648   3088 121420    0    0     0     0 13823 13338 43 24 32  0  1  0 2026-09-30 16:30:30
 1  0 313016  77344   3096 121416    0    0     0    32 12890 12231 62 21 16  0  0  0 2026-09-30 16:30:31
10  0 313016  77132   3096 121416    0    0     0     0 14150 13627 42 26 32  0  1  0 2026-09-30 16:30:32
22  0 313016  75860   3096 121416    0    0     0     0 13067 13577 43 21 36  0  0  0 2026-09-30 16:30:33
 1  0 313016  79164   3096 121416    8    0     8     0 12070 12851 61 21 17  0  0  0 2026-09-30 16:30:34
procs -----------memory---------- ---swap-- -----io---- -system-- -------cpu------- -----timestamp-----
 r  b   swpd   free   buff  cache   si   so    bi    bo   in   cs us sy id wa st gu                 UTC
 9  0 313016  79164   3096 121416    0    0     0     0 13477 13272 44 26 30  0  0  0 2026-09-30 16:30:35
 1  0 313016  79164   3104 121416   12    0    12    32 13927 14165 48 24 28  0  0  0 2026-09-30 16:30:36
 7  0 313016  79168   3104 121416    0    0     0     0 12397 12581 60 21 20  0  0  0 2026-09-30 16:30:37
 6  0 313016  79172   3104 121416    4    0     4     0 12988 13397 44 22 34  0  0  0 2026-09-30 16:30:38
 1  0 313016  79376   3104 121416    0    0     0     0 13518 13485 45 24 31  0  0  0 2026-09-30 16:30:39
 6  0 313016  79424   3104 121416    0    0     0     0 12395 12300 55 26 18  0  0  0 2026-09-30 16:30:40
 4  0 313016  79424   3112 121408    0    0     0    28 13886 13944 44 25 31  0  0  0 2026-09-30 16:30:41
 2  0 313016  79420   3112 121420    0    0     0     0 13137 13808 44 23 33  0  1  0 2026-09-30 16:30:42
22  0 313016  79416   3112 121420    0    0     0     0 12515 12414 53 23 24  0  0  0 2026-09-30 16:30:43
 5  0 313016  82556   3112 121420    0    0     0     0 13175 14235 54 22 24  0  0  0 2026-09-30 16:30:44
 4  0 313016  82508   3112 121420    0    0     0     0 13311 12797 49 26 24  0  0  0 2026-09-30 16:30:45
 0  0 313016  82504   3120 121412    0    0     0    32 12892 12884 55 22 24  0  0  0 2026-09-30 16:30:46
19  0 313016  82504   3120 121420    0    0     0     0 12224 12039 44 23 33  0  0  0 2026-09-30 16:30:47
 0  0 313016  82632   3120 121420    0    0     0     0 12822 12754 57 23 21  0  0  0 2026-09-30 16:30:48
 6  0 313016  82632   3120 121420    0    0     0     0 13634 13135 48 23 30  0  0  0 2026-09-30 16:30:49
 5  0 313016  82628   3120 121420    0    0     0     0 12570 12550 58 20 22  0  0  0 2026-09-30 16:30:50
 2  0 313016  82628   3120 121420    0    0     0     0 13899 13182 44 22 35  0  0  0 2026-09-30 16:30:51
 3  0 313016  82628   3128 121420    0    0     0    28 13202 12441 63 22 14  0  0  0 2026-09-30 16:30:52
 0  0 313016  82628   3128 121420    0    0     0     0 13096 13365 45 25 30  0  0  0 2026-09-30 16:30:53
 3  0 313016  86912   3128 121512    4    0    96     0 12798 13115 64 21 15  0  0  0 2026-09-30 16:30:54
 1  0 313016  86912   3128 121512    0    0     0     0 13581 13074 38 29 32  0  0  0 2026-09-30 16:30:55
procs -----------memory---------- ---swap-- -----io---- -system-- -------cpu------- -----timestamp-----
 r  b   swpd   free   buff  cache   si   so    bi    bo   in   cs us sy id wa st gu                 UTC
 9  0 313016  86916   3128 121512    0    0     0     0 13460 12363 62 23 15  0  0  0 2026-09-30 16:30:56
 1  0 313016  86912   3136 121512    0    0     0    28 13348 12852 46 22 32  0  0  0 2026-09-30 16:30:57
 6  0 313016  86912   3136 121512    0    0     0     0 12135 12043 58 22 20  0  0  0 2026-09-30 16:30:58
 6  0 313016  86660   3136 121512    0    0     0     0 13191 13586 43 26 31  0  0  0 2026-09-30 16:30:59
 3  0 313016  86660   3136 121512    4    0     4     0 12008 11849 66 20  8  0  5  0 2026-09-30 16:31:00
45  0 313016  85904   3152 121512  760    0   764   200 9575 10091 36 18 15  3 28  0 2026-09-30 16:31:01
21  0 313016  85652   3152 121516    0    0     0    16 12794 11394 58 27  2  0 14  0 2026-09-30 16:31:02
 0  0 313016  85652   3152 121516    0    0     0     0 14369 12621 68 24  8  0  1  0 2026-09-30 16:31:03
 4  0 313016  82544   3152 121516    8    0     8     0 13077 13379 46 23 31  0  0  0 2026-09-30 16:31:04
 8  0 313016  82544   3152 121516    0    0     0     0 13294 12519 60 20 20  0  0  0 2026-09-30 16:31:05
 4  0 313016  82544   3160 121516    0    0     0    20 13759 13424 43 24 32  0  1  0 2026-09-30 16:31:06
13  0 313016  82540   3160 121520    0    0     0    56 13226 13976 58 21 22  0  0  0 2026-09-30 16:31:07
 7  0 313016  82540   3160 121520    0    0     0     0 13738 13415 50 22 28  0  0  0 2026-09-30 16:31:08
12  0 313016  82544   3160 121520    0    0     0     0 13730 12078 56 24 20  0  0  0 2026-09-30 16:31:09
 0  0 313016  82544   3160 121516    0    0     0     0 13453 13297 53 23 23  0  1  0 2026-09-30 16:31:10
14  0 313016  82548   3160 121516    0    0     0     0 13010 12350 54 22 25  0  0  0 2026-09-30 16:31:11
 5  0 313016  82548   3168 121516    0    0     0    28 13591 13009 49 27 23  0  0  0 2026-09-30 16:31:12
 7  0 313016  82548   3168 121516    0    0     0     0 13133 12638 53 24 24  0  0  0 2026-09-30 16:31:13
 0  0 313016  79284   3168 121596    4    0   128     0 12814 13980 56 24 21  0  0  0 2026-09-30 16:31:14
12  0 313016  79220   3168 121644    0    0     0     0 13161 12855 47 24 29  0  0  0 2026-09-30 16:31:15
 3  0 313016  79220   3168 121644    4    0     4     0 12704 12618 59 21 21  0  0  0 2026-09-30 16:31:16
procs -----------memory---------- ---swap-- -----io---- -system-- -------cpu------- -----timestamp-----
 r  b   swpd   free   buff  cache   si   so    bi    bo   in   cs us sy id wa st gu                 UTC
23  0 313016  79220   3176 121636    0    0     0    28 13116 13035 47 22 31  0  0  0 2026-09-30 16:31:17
 7  0 313016  79216   3176 121644    0    0     0     0 12307 12079 58 24 19  0  0  0 2026-09-30 16:31:18
 5  0 313016  79216   3176 121648    0    0     0     0 13660 13172 43 24 33  0  0  0 2026-09-30 16:31:19
 3  0 313016  79216   3176 121648    0    0     0     0 12943 11784 56 23 20  0  0  0 2026-09-30 16:31:20
 6  0 313016  79212   3176 121648    0    0     0     0 13881 13530 45 23 33  0  0  0 2026-09-30 16:31:21
 6  0 313016  87860   3184 121640    0    0     0    32 13696 13016 63 23 15  0  0  0 2026-09-30 16:31:22
 6  0 313016  87828   3184 121648    0    0     0     0 13156 12858 42 23 35  0  1  0 2026-09-30 16:31:23
 4  0 313016  83028   3184 121648    4    0     4     0 12642 12796 63 24 13  0  0  0 2026-09-30 16:31:24
 1  0 313016  83028   3184 121648    4    0     4     0 13636 13169 47 23 30  0  0  0 2026-09-30 16:31:25
 1  0 313016  83032   3184 121648    0    0     0     0 11871 12612 63 19 19  0  0  0 2026-09-30 16:31:26
 2  0 313016  83032   3192 121640    0    0     0    28 13006 13067 43 23 35  0  0  0 2026-09-30 16:31:27
 2  0 313016  83032   3192 121648    0    0     0     0 12906 12235 61 24 16  0  0  0 2026-09-30 16:31:28
 7  0 313016  83032   3192 121648    0    0     0     0 12812 12839 45 26 29  0  1  0 2026-09-30 16:31:29
16  0 313016  83036   3192 121652    0    0     0     0 12043 11779 69 19 10  0  3  0 2026-09-30 16:31:30
24  0 313016  82532   3192 121652    0    0     0     0 12761 13051 42 25 32  0  0  0 2026-09-30 16:31:31
10  0 313016  82528   3192 121652    0    0     0     0 13176 13358 55 29 15  0  0  0 2026-09-30 16:31:32
 0  0 313016  82528   3200 121648    0    0     0    28 13442 13890 43 24 33  0  0  0 2026-09-30 16:31:33
12  0 313016  70036   3200 121648    0    0     0     0 12666 13767 54 25 21  0  0  0 2026-09-30 16:31:34
 5  0 313016  69988   3200 121652    0    0     0     0 13550 13626 48 25 26  0  0  0 2026-09-30 16:31:35
27  0 313016  69988   3200 121652   16    0    16     0 13570 12491 59 25 17  0  0  0 2026-09-30 16:31:36
 2  0 313016  69992   3200 121648    0    0     0     0 13507 13862 45 25 30  0  0  0 2026-09-30 16:31:37
procs -----------memory---------- ---swap-- -----io---- -system-- -------cpu------- -----timestamp-----
 r  b   swpd   free   buff  cache   si   so    bi    bo   in   cs us sy id wa st gu                 UTC
25  0 313016  69992   3208 121648    0    0     0    28 12803 12621 50 24 26  0  0  0 2026-09-30 16:31:38
 3  0 313016  69984   3208 121648    0    0     0     0 12794 12352 55 24 21  0  0  0 2026-09-30 16:31:39
 5  0 313016  69984   3208 121648    0    0     0     0 13229 12828 49 24 27  0  0  0 2026-09-30 16:31:40
 4  0 313016  69984   3208 121648    0    0     0     0 13402 12709 51 23 25  0  1  0 2026-09-30 16:31:41
21  0 313016  69988   3208 121648    0    0     0     0 12909 13260 49 22 28  0  0  0 2026-09-30 16:31:42
 0  0 313016  69988   3216 121648    0    0     0    32 13037 12572 53 26 21  0  0  0 2026-09-30 16:31:43
18  0 313016  65668   3216 121648    0    0     0     0 13835 14074 49 25 25  0  0  0 2026-09-30 16:31:44
 5  0 313016  74420   3216 121648    0    0     0     0 13754 12695 60 24 17  0  0  0 2026-09-30 16:31:45
12  0 313016  74420   3216 121648    0    0     0     0 12478 12995 40 26 34  0  0  0 2026-09-30 16:31:46
 2  0 313016  74420   3216 121652    0    0     0     0 12744 12344 60 22 18  0  0  0 2026-09-30 16:31:47
 0  0 313016  74420   3224 121652    0    0     0    32 13633 13295 46 22 32  0  0  0 2026-09-30 16:31:48
 4  0 313016  74420   3224 121652    4    0     4     0 13376 12390 58 25 17  0  0  0 2026-09-30 16:31:49
 1  0 313016  74420   3224 121648    0    0     0     0 13349 13291 45 21 34  0  0  0 2026-09-30 16:31:50
 4  0 313016  74420   3224 121648    0    0     0     0 12963 12505 60 21 19  0  0  0 2026-09-30 16:31:51
 1  0 313016  74416   3224 121648    0    0     0     0 12698 13170 49 18 34  0  1  0 2026-09-30 16:31:52
 3  0 313016  74412   3224 121652    0    0     0    16 13031 12854 54 28 19  0  0  0 2026-09-30 16:31:53
11  0 313016  74412   3372 121652    0    0   132    36 13398 13539 44 26 30  0  0  0 2026-09-30 16:31:54
 4  0 313016  78304   3372 121652    4    0     4     0 13131 14001 59 26 15  0  0  0 2026-09-30 16:31:55
 0  0 313016  78304   3372 121652    0    0     0     0 12013 12701 44 19 37  0  0  0 2026-09-30 16:31:56
 0  0 313016  78308   3372 121652    0    0     0     0 13566 15244 64 22 14  0  0  0 2026-09-30 16:31:57
 4  0 313016  78308   3372 121652    0    0     0    16 14090 13340 46 21 33  0  0  0 2026-09-30 16:31:58
procs -----------memory---------- ---swap-- -----io---- -system-- -------cpu------- -----timestamp-----
 r  b   swpd   free   buff  cache   si   so    bi    bo   in   cs us sy id wa st gu                 UTC
 2  0 313016  78308   3372 121652    0    0     0     8 12858 12432 62 24 14  0  0  0 2026-09-30 16:31:59
19  0 313016  78056   3372 121652    0    0     0     0 10718 10218 48 22  6  0 24  0 2026-09-30 16:32:00
15  0 313016  78056   3372 121652    4    0     4     0 12540 11830 61 26  7  0  6  0 2026-09-30 16:32:01
10  0 313016  78056   3388 121652    0    0     0   200 12568 12202 46 24 28  0  1  0 2026-09-30 16:32:02
10  0 313016  78052   3388 121652    0    0     0    16 12874 12612 62 20 18  0  1  0 2026-09-30 16:32:03
 4  0 313016  78052   3388 121652    0    0     0     0 13430 13469 52 20 28  0  0  0 2026-09-30 16:32:04
11  0 313016  69636   3388 121652    0    0     0     0 13215 13365 57 25 19  0  0  0 2026-09-30 16:32:05
11  0 313016  69384   3388 121656    0    0     0     0 13328 13140 52 22 26  0  0  0 2026-09-30 16:32:06
13  0 313016  69384   3396 121648    0    0     0    20 13014 12553 52 23 26  0  0  0 2026-09-30 16:32:07
 3  0 313016  69384   3396 121656    0    0     0    16 13872 13272 50 26 24  0  0  0 2026-09-30 16:32:08
17  0 313016  69384   3396 121652    0    0     0     0 12174 12195 46 24 30  0  1  0 2026-09-30 16:32:09
 0  0 313016  69384   3396 121652    0    0     0     0 12993 12301 57 22 21  0  0  0 2026-09-30 16:32:10
23  0 313016  69384   3396 121652    0    0     0     0 13020 13132 50 24 26  0  0  0 2026-09-30 16:32:11
 9  0 313016  69384   3396 121652    0    0     0     0 12290 12573 56 22 22  0  0  0 2026-09-30 16:32:12
23  0 313016  69384   3404 121644    0    0     0    28 12361 12755 47 23 30  0  0  0 2026-09-30 16:32:13
 6  0 313016  69384   3404 121652    0    0     0     0 13047 12831 56 23 22  0  0  0 2026-09-30 16:32:14
 4  0 313016  83316   3404 121700    0    0    48     0 13126 14063 48 25 26  0  2  0 2026-09-30 16:32:15
 1  0 313016  83064   3404 121700    0    0     0     0 12857 12646 57 26 17  0  0  0 2026-09-30 16:32:16
 1  0 313016  83068   3404 121700    0    0     0     0 13497 13387 50 23 27  0  0  0 2026-09-30 16:32:17
 1  0 313016  83068   3404 121700    0    0     0     0 13170 13403 43 23 34  0  0  0 2026-09-30 16:32:18
 4  0 313016  83064   3412 121700    0    0     0    28 12593 12213 59 25 17  0  0  0 2026-09-30 16:32:19
procs -----------memory---------- ---swap-- -----io---- -system-- -------cpu------- -----timestamp-----
 r  b   swpd   free   buff  cache   si   so    bi    bo   in   cs us sy id wa st gu                 UTC
 0  0 313016  83064   3412 121700    0    0     0     0 12932 12652 44 23 33  0  0  0 2026-09-30 16:32:20
 3  0 313016  83064   3412 121700    0    0     0     0 12397 12877 59 26 15  0  0  0 2026-09-30 16:32:21
 4  0 313016  83064   3412 121700    0    0     0     0 12830 12954 40 23 37  0  0  0 2026-09-30 16:32:22
 4  0 313016  83064   3412 121700    0    0     0     0 12506 12472 58 22 20  0  0  0 2026-09-30 16:32:23
 0  0 313016  83064   3420 121700    0    0     0    28 13377 13294 41 26 33  1  0  0 2026-09-30 16:32:24
 0  0 313016  82704   3420 121704    4    0     4     0 13313 13264 59 27 14  0  0  0 2026-09-30 16:32:25
 1  0 313016  82708   3420 121700    0    0     0     0 13382 13404 43 26 31  0  1  0 2026-09-30 16:32:26
25  0 313016  82704   3420 121768    4    0    76     0 13283 12824 64 19 16  0  0  0 2026-09-30 16:32:27
 5  0 313016  82700   3420 121772    0    0     0     0 13653 13618 46 25 29  0  0  0 2026-09-30 16:32:28
 6  0 313016  82700   3428 121772    4    0     4    28 12664 11628 56 25 19  0  0  0 2026-09-30 16:32:29
 6  0 313016  82696   3428 121780    0    0     0     0 12844 13303 46 22 30  0  2  0 2026-09-30 16:32:30
18  0 313016  82696   3428 121780    0    0     0     0 12851 12358 63 19 18  0  0  0 2026-09-30 16:32:31
 5  0 313016  82696   3428 121776    0    0     0    36 13546 13219 46 26 28  0  0  0 2026-09-30 16:32:32
13  0 313016  82696   3428 121776    0    0     0     0 12239 11802 59 19 22  0  0  0 2026-09-30 16:32:33
 5  0 313016  82696   3436 121772    0    0     0    28 12850 13359 48 21 31  0  0  0 2026-09-30 16:32:34
10  0 313016  78600   3436 121980    0    0   208     0 13884 14285 64 22 15  0  0  0 2026-09-30 16:32:35
 3  0 313016  78592   3436 122024   12    0    48     0 13041 13139 50 25 24  0  1  0 2026-09-30 16:32:36
 6  0 313016  78592   3436 122024    0    0     0     0 13520 12756 54 24 21  0  0  0 2026-09-30 16:32:37
 3  0 313016  78588   3436 122020    0    0     0     0 12937 12949 54 21 24  0  0  0 2026-09-30 16:32:38
20  0 313016  78588   3444 122016    0    0     0    28 12990 12437 53 20 27  0  0  0 2026-09-30 16:32:39
 1  0 313016  78588   3444 122020    0    0     0     0 13082 13276 58 22 21  0  0  0 2026-09-30 16:32:40
procs -----------memory---------- ---swap-- -----io---- -system-- -------cpu------- -----timestamp-----
 r  b   swpd   free   buff  cache   si   so    bi    bo   in   cs us sy id wa st gu                 UTC
 7  0 313016  78584   3444 122020    0    0     0     0 13142 12889 51 21 28  0  0  0 2026-09-30 16:32:41
 0  0 313016  78584   3444 122020    0    0     0     0 11864 12525 58 21 21  0  0  0 2026-09-30 16:32:42
 0  0 313016  78580   3444 122020    0    0     0     0 13109 13142 44 24 32  0  1  0 2026-09-30 16:32:43
 1  0 313016  78580   3452 122012    0    0     0    28 12999 12097 62 20 18  0  0  0 2026-09-30 16:32:44
 0  0 313016  74244   3452 122024    4    0     4     0 13662 14403 52 23 24  0  1  0 2026-09-30 16:32:45
 8  0 313016  73484   3452 122020    0    0     0     0 11809 12022 60 23 18  0  0  0 2026-09-30 16:32:46
 4  0 313016  73480   3452 122020    0    0     0     0 12577 12617 43 21 35  0  0  0 2026-09-30 16:32:47
 4  0 313016  73476   3452 122020    0    0     0     0 12858 12039 57 24 20  0  0  0 2026-09-30 16:32:48
 8  0 313016  73476   3460 122020    0    0     0    28 13746 13366 42 25 33  0  0  0 2026-09-30 16:32:49
 3  0 313016  73476   3460 122020    0    0     0     0 12291 12108 60 19 21  0  0  0 2026-09-30 16:32:50
 1  0 313016  73476   3460 122148    0    0   128     0 13492 13473 44 24 32  0  0  0 2026-09-30 16:32:51
 2  0 313016  73476   3460 122148    0    0     0     0 12387 11966 58 22 20  0  1  0 2026-09-30 16:32:52
 2  0 313016  73476   3460 122148    0    0     0     0 13494 13384 45 21 34  0  0  0 2026-09-30 16:32:53
 0  0 313016  73476   3468 122140    0    0     0    32 12914 12353 61 24 15  0  0  0 2026-09-30 16:32:54
 2  0 313016  77936   3468 122148    0    0     0     0 12910 14230 48 26 27  0  0  0 2026-09-30 16:32:55
 1  0 313016  77900   3468 122148    0    0     0     0 12090 11840 62 19 19  0  0  0 2026-09-30 16:32:56
10  0 313016  77396   3468 122148    0    0     0     0 13390 12912 46 23 30  0  0  0 2026-09-30 16:32:57
 9  0 313016  77192   3468 122148    0    0     0     0 12409 12418 57 23 20  0  0  0 2026-09-30 16:32:58
 8  0 313016  77140   3468 122148    0    0     0     0 12846 13158 44 23 33  0  0  0 2026-09-30 16:32:59
12  0 313016  77140   3476 122148    0    0     0    32 12447 11690 60 22 10  0  8  0 2026-09-30 16:33:00
15  0 313016  77140   3476 122148   64    0    64     0 12269 12179 55 25  5  0 15  0 2026-09-30 16:33:01
procs -----------memory---------- ---swap-- -----io---- -system-- -------cpu------- -----timestamp-----
 r  b   swpd   free   buff  cache   si   so    bi    bo   in   cs us sy id wa st gu                 UTC
24  0 313016  77136   3476 122148    0    0     0     0 12170 10933 58 21 10  0 11  0 2026-09-30 16:33:02
 0  0 313016  77136   3492 122148    0    0     0   196 12269 12237 51 24 25  0  0  0 2026-09-30 16:33:03
14  0 313016  77132   3492 122148    0    0     0     0 13351 12510 56 23 20  0  1  0 2026-09-30 16:33:04
16  0 313016  84804   3492 122492    0    0   352    16 13462 13298 62 23 15  0  0  0 2026-09-30 16:33:05
10  0 313016  84696   3492 122504    0    0     0     0 12908 13629 50 21 28  0  1  0 2026-09-30 16:33:06
 3  0 313016  84696   3492 122504    0    0     0     0 12840 12812 61 24 16  0  0  0 2026-09-30 16:33:07
11  0 313016  84696   3500 122504    0    0     0    20 12364 12605 46 24 31  0  0  0 2026-09-30 16:33:08
 4  0 313016  84692   3500 122504    0    0     0     0 12759 12334 57 23 20  0  1  0 2026-09-30 16:33:09
 0  0 313016  84692   3500 122504    0    0     0    16 12742 12953 44 26 30  0  0  0 2026-09-30 16:33:10
 5  0 313016  84688   3500 122504    0    0     0     0 13052 12224 57 25 19  0  0  0 2026-09-30 16:33:11
 6  0 313016  84476   3500 122504    0    0     0     0 13060 12956 43 22 35  0  0  0 2026-09-30 16:33:12
 0  0 313016  84436   3500 122504    0    0     0     0 12640 12015 55 25 19  0  0  0 2026-09-30 16:33:13
 3  0 313016  83680   3500 122504    0    0     0     0 13480 12805 44 23 33  0  1  0 2026-09-30 16:33:14
11  0 313016  83424   3508 122508    4    0     4    28 12576 12113 61 21 18  0  0  0 2026-09-30 16:33:15
 4  0 313016  74516   3508 122508    0    0     0     0 12998 13870 48 23 30  0  0  0 2026-09-30 16:33:16
11  0 313016  74264   3508 122512    0    0     0     0 13465 12289 61 22 18  0  0  0 2026-09-30 16:33:17
 2  0 313016  74012   3508 122508    0    0     0     0 13282 13250 47 22 31  0  1  0 2026-09-30 16:33:18
 5  0 313016  74012   3508 122508    0    0     0     0 12845 12576 57 26 17  0  0  0 2026-09-30 16:33:19
 2  0 313016  73804   3516 122500    0    0     0    28 13033 13345 45 24 31  0  0  0 2026-09-30 16:33:20
 0  0 313016  73756   3516 122508    0    0     0     0 12250 12056 58 22 19  0  0  0 2026-09-30 16:33:21
 8  0 313016  73504   3516 122508    0    0     0     0 13472 13292 44 22 34  0  0  0 2026-09-30 16:33:22
procs -----------memory---------- ---swap-- -----io---- -system-- -------cpu------- -----timestamp-----
 r  b   swpd   free   buff  cache   si   so    bi    bo   in   cs us sy id wa st gu                 UTC
 7  0 313016  73504   3516 122508    0    0     0     0 12470 12331 58 23 19  0  0  0 2026-09-30 16:33:23
 5  0 313016  73252   3516 122508    0    0     0     0 13061 13237 44 22 35  0  0  0 2026-09-30 16:33:24
13  0 313016  73252   3524 122500    0    0     0    28 12874 12201 63 20 18  0  0  0 2026-09-30 16:33:25
 0  0 313016  73252   3524 122504    0    0     0     0 12582 13888 46 28 26  0  1  0 2026-09-30 16:33:26
12  0 313016  73244   3524 122504    0    0     0     0 13098 12287 60 20 20  0  0  0 2026-09-30 16:33:27
 1  0 313016  73232   3524 122504    0    0     0     0 13782 13275 45 22 33  0  0  0 2026-09-30 16:33:28
25  0 313016  73232   3524 122504    0    0     0     0 13262 12576 56 22 23  0  0  0 2026-09-30 16:33:29
13  0 313016  73232   3532 122504    0    0     0    64 13091 13687 51 23 25  0  0  0 2026-09-30 16:33:30
11  0 313016  73232   3532 122504    0    0     0     0 13507 12819 52 22 26  0  0  0 2026-09-30 16:33:31
 1  0 313016  73232   3532 122504    0    0     0     0 12840 12416 51 23 25  0  0  0 2026-09-30 16:33:32
16  0 313016  73232   3532 122504    0    0     0     0 13315 13411 51 22 27  0  0  0 2026-09-30 16:33:33
 1  0 313016  73236   3532 122504    0    0     0     0 12312 12008 54 24 22  0  0  0 2026-09-30 16:33:34
 8  0 313016  73232   3540 122496    0    0     0    28 14068 13000 51 22 27  0  0  0 2026-09-30 16:33:35
 2  0 313016  77200   3540 122736    4    0   236     0 12755 13350 60 25 14  0  0  0 2026-09-30 16:33:36
 0  0 313016  77200   3540 122736    0    0     0     0 13024 13173 42 24 34  0  1  0 2026-09-30 16:33:37
 1  0 313016  77200   3540 122736    0    0     0     0 12584 12591 61 22 17  0  0  0 2026-09-30 16:33:38
 2  0 313016  77200   3540 122736    0    0     0     0 13112 13149 46 23 31  0  0  0 2026-09-30 16:33:39
 7  0 313016  77208   3548 122728    0    0     0    28 12852 12303 62 21 17  0  0  0 2026-09-30 16:33:40
 1  0 313016  77200   3548 122740    0    0     0     0 12616 14075 43 26 32  0  0  0 2026-09-30 16:33:41
 0  0 313016  77200   3548 122740    0    0     0     0 12256 13325 63 21 16  0  0  0 2026-09-30 16:33:42
 7  0 313016  77200   3548 122740    0    0     0     0 12691 13347 44 21 35  0  0  0 2026-09-30 16:33:43
procs -----------memory---------- ---swap-- -----io---- -system-- -------cpu------- -----timestamp-----
 r  b   swpd   free   buff  cache   si   so    bi    bo   in   cs us sy id wa st gu                 UTC
 3  0 313016  77200   3548 122740    0    0     0     0 12320 12304 60 24 16  0  0  0 2026-09-30 16:33:44
 6  0 313016  76956   3548 122740    0    0     0     0 13780 13446 45 23 31  0  1  0 2026-09-30 16:33:45
13  0 313016  67636   3556 122744    0    0     0    28 13221 12691 67 22 12  0  0  0 2026-09-30 16:33:46
 5  0 313016  67692   3556 122740   16    0    16     0 13508 13633 49 23 28  0  0  0 2026-09-30 16:33:47
 2  0 313016  67788   3556 122740    0    0     0     0 11751 12100 61 22 17  0  1  0 2026-09-30 16:33:48
 0  0 313016  67876   3556 122740    0    0     0     0 12986 12716 45 23 33  0  0  0 2026-09-30 16:33:49
 0  0 313016  67936   3556 122744    0    0     0     0 13424 12003 63 19 18  0  0  0 2026-09-30 16:33:50
 0  0 313016  68016   3564 122744    0    0     0    28 13789 13385 47 23 30  1  0  0 2026-09-30 16:33:51
 2  0 313016  68152   3564 122744    0    0     0     0 12772 12249 59 23 19  0  0  0 2026-09-30 16:33:52
 5  0 313016  68152   3564 122744    0    0     0     0 13818 13194 51 22 27  0  0  0 2026-09-30 16:33:53
10  0 313016  68148   3564 122744    0    0     0     0 12044 11932 61 18 21  0  1  0 2026-09-30 16:33:54
 0  0 313016  68148   3564 122744    0    0     0     0 12675 13418 39 28 34  0  0  0 2026-09-30 16:33:55
 2  0 313016  68144   3572 122744    0    0     0    28 12943 14068 61 23 16  0  0  0 2026-09-30 16:33:56
 4  0 313016  68144   3572 122744    0    0     0     0 13915 13380 53 24 23  0  0  0 2026-09-30 16:33:57
 3  0 313016  68144   3572 122744    0    0     0     0 12917 12079 50 26 25  0  0  0 2026-09-30 16:33:58
 0  0 313016  68140   3572 122744    0    0     0     0 12691 12820 51 21 28  0  0  0 2026-09-30 16:33:59
 1  0 313016  68140   3572 122744    0    0     0     0 11253 11679 49 23 20  0  9  0 2026-09-30 16:34:00
 2  0 313016  68140   3580 122736    0    0     0    32 11444 11857 57 23  9  0 12  0 2026-09-30 16:34:01
 9  0 313016  68140   3580 122744    0    0     0     0 13323 13136 49 24 25  0  1  0 2026-09-30 16:34:02
10  0 313016  68140   3580 122744    0    0     0     0 11962 11654 56 23 21  0  0  0 2026-09-30 16:34:03
 4  0 313016  68136   3596 122744    0    0     0   192 13138 13144 42 22 36  0  0  0 2026-09-30 16:34:04
procs -----------memory---------- ---swap-- -----io---- -system-- -------cpu------- -----timestamp-----
 r  b   swpd   free   buff  cache   si   so    bi    bo   in   cs us sy id wa st gu                 UTC
 2  0 313016  68132   3596 122748    0    0     0     0 12401 11877 56 22 23  0  0  0 2026-09-30 16:34:05
 0  0 313016  74124   3596 122816    0    0    68    16 13375 14043 47 22 30  0  1  0 2026-09-30 16:34:06
 2  0 313016  74124   3596 122812   28    0    28     0 11707 11424 55 20 26  0  0  0 2026-09-30 16:34:07
 1  0 313016  74124   3596 122812    0    0     0     0 13160 12546 40 22 38  0  0  0 2026-09-30 16:34:08
 1  0 313016  74124   3604 122804    0    0     0    20 11881 11505 54 21 25  0  0  0 2026-09-30 16:34:09
 5  0 313016  73660   3604 122812    0    0     0     0 12159 12312 40 20 39  0  0  0 2026-09-30 16:34:10
 0  0 313016  73612   3604 122812    0    0     0    60 12643 12335 40 23 37  0  0  0 2026-09-30 16:34:11
 3  0 313016  73616   3604 122816    0    0     0     0 11595 11771 53 22 25  0  0  0 2026-09-30 16:34:12
 4  0 313016  73620   3604 122816    0    0     0     0 12289 12187 37 24 39  0  1  0 2026-09-30 16:34:13
 1  0 313016  73620   3604 122812    0    0     0     0 12016 12960 53 21 26  0  0  0 2026-09-30 16:34:14
 2  0 313016  73620   3604 122812    0    0     0     0 12291 11903 41 18 40  0  0  0 2026-09-30 16:34:15
10  0 313016  72200   3612 122808    8    0     8    28 11869 12567 43 25 32  0  0  0 2026-09-30 16:34:16
 4  0 313016  72248   3612 122816   20    0    20     0 11434 11131 46 22 32  0  0  0 2026-09-30 16:34:17
 8  0 313016  71996   3612 122816    0    0     0     0 11924 11829 36 22 41  0  1  0 2026-09-30 16:34:18
 0  0 313016  71744   3612 122816    0    0     0     0 11200 11166 52 23 26  0  0  0 2026-09-30 16:34:19
 2  0 313016  71740   3612 122816    0    0     0     0 12278 12008 37 21 42  0  0  0 2026-09-30 16:34:20
12  0 313016  71740   3620 122808    0    0     0    28 11545 11259 37 16 48  0  0  0 2026-09-30 16:34:21
 1  0 313016  71740   3620 122816    8    0     8     0 11804 11859 50 21 29  0  0  0 2026-09-30 16:34:22
 2  0 313016  71736   3620 122816    0    0     0     0 11483 11418 35 19 46  0  0  0 2026-09-30 16:34:23
 3  0 313016  71736   3620 122816    0    0     0     0 10846 10547 51 16 33  0  1  0 2026-09-30 16:34:24
 0  0 313016  71484   3620 122816    0    0     0     0 12217 11749 39 17 45  0  0  0 2026-09-30 16:34:25
procs -----------memory---------- ---swap-- -----io---- -system-- -------cpu------- -----timestamp-----
 r  b   swpd   free   buff  cache   si   so    bi    bo   in   cs us sy id wa st gu                 UTC
 0  0 313016  61712   3620 122816    0    0     0     0 11887 12656 39 19 43  0  0  0 2026-09-30 16:34:26
 5  0 313016  60156   3628 122816    0    0     0    28 9984 10228 48 16 35  0  0  0 2026-09-30 16:34:27
 1  0 313016 102312   3628 120316    4   12     4    12 11330 11239 34 19 47  0  0  0 2026-09-30 16:34:28
 0  0 312996 101304   3628 120316    0    0     0     0 11294 10609 35 20 45  0  1  0 2026-09-30 16:34:29
 0  0 312996 101052   3628 120316    0    0     0     0 10808 10236 43 23 31  0  4  0 2026-09-30 16:34:30
 0  0 312996 105988   3628 120316    0    0     0     0 11617 11221 33 21 46  0  0  0 2026-09-30 16:34:31
 2  0 312996 104728   3636 120316    0    0     0    28 10768 10777 38 18 44  0  0  0 2026-09-30 16:34:32
 0  0 312996 103972   3636 120316    0    0     0     0 9940 9548 41 16 43  0  0  0 2026-09-30 16:34:33
 0  0 312996 103972   3636 120316    0    0     0     0 10680 10632 35 16 49  0  1  0 2026-09-30 16:34:34
 5  0 312996 103972   3636 120316    0    0     0     0 10989 10888 36 16 48  0  0  0 2026-09-30 16:34:35
 7  0 312996 102972   3636 120316    4    0     4     0 9955 10455 47 16 38  0  0  0 2026-09-30 16:34:36
 5  0 312996  87200   3644 120316    4    0     4    28 11241 11388 37 18 45  0  0  0 2026-09-30 16:34:37
 1  0 312996  87200   3644 120412    8    0   104     0 10755 10934 32 18 50  0  0  0 2026-09-30 16:34:38
 0  0 312996  87200   3644 120412    0    0     0     0 10127 9794 44 17 39  0  0  0 2026-09-30 16:34:39
 0  0 312996  87200   3644 120412    0    0     0     0 10012 9944 32 14 55  0  0  0 2026-09-30 16:34:40
 5  0 312996  87200   3644 120412    0    0     0     0 9570 9607 32 13 56  0  0  0 2026-09-30 16:34:41
 2  0 312996  86700   3652 120412    0    0     0    28 10128 9888 47 16 37  0  1  0 2026-09-30 16:34:42
 0  0 312996  86700   3652 120412    0    0     0     0 10154 9793 30 19 51  0  0  0 2026-09-30 16:34:43
 8  0 312996  86696   3652 120412    0    0     0     0 9224 9203 27 13 60  0  0  0 2026-09-30 16:34:44
 1  0 312996  86696   3652 120412    0    0     0     0 9927 9529 40 18 42  0  0  0 2026-09-30 16:34:45
 0  0 312996  86696   3652 120412    0    0     0     0 9515 9379 28 14 57  0  0  0 2026-09-30 16:34:46
procs -----------memory---------- ---swap-- -----io---- -system-- -------cpu------- -----timestamp-----
 r  b   swpd   free   buff  cache   si   so    bi    bo   in   cs us sy id wa st gu                 UTC
 2  0 312996  90424   3660 120412    4    0     4    28 10398 10723 33 16 51  0  0  0 2026-09-30 16:34:47
 0  0 312996  90220   3660 120412    0    0     0     0 9435 9045 28 13 58  0  1  0 2026-09-30 16:34:48
 0  0 312996  89920   3660 120412    0    0     0     0 8841 9032 44 16 41  0  0  0 2026-09-30 16:34:49
 1  0 312996  89920   3660 120412    0    0     0     0 9355 9069 26 13 61  0  0  0 2026-09-30 16:34:50
 0  0 312996  89920   3660 120416    0    0     0     0 9574 9374 28 16 56  0  0  0 2026-09-30 16:34:51
 0  0 312996  89920   3668 120416    0    0     0    28 8448 8050 29 11 59  0  1  0 2026-09-30 16:34:52
 3  0 312996  89924   3668 120416    0    0     0     0 8931 8667 39 15 46  0  0  0 2026-09-30 16:34:53
 2  0 312996  89924   3668 120416    0    0     0     0 9123 8993 31 13 56  0  0  0 2026-09-30 16:34:54
 4  0 312996  89924   3668 120416    0    0     0     0 9091 8830 24 14 61  0  1  0 2026-09-30 16:34:55
 0  0 312996  89920   3668 120416    0    0     0     0 8052 7615 24 12 64  0  0  0 2026-09-30 16:34:56
 0  0 312996  89072   3676 120416    0    0     0    28 9312 10118 30 14 55  1  0  0 2026-09-30 16:34:57
 0  0 312996  89456   3676 120400    0    0     0     0 8606 8567 26 14 61  0  0  0 2026-09-30 16:34:58
 3  0 312996  89716   3676 120364    0    0     0     0 8440 8205 37 14 50  0  0  0 2026-09-30 16:34:59
 0  0 312996  89860   3676 120332    0    0     0     0 7331 6923 27 14 34  0 25  0 2026-09-30 16:35:00
16  0 312996  90144   3676 120284    0    0     0     0 6369 6789 25 14 21  0 40  0 2026-09-30 16:35:02
 0  0 312996  90140   3684 120284    0    0     0    28 7616 7590 26 17 37  0 20  0 2026-09-30 16:35:03
 0  0 312996  90140   3684 120236    0    0     0     0 7919 7634 25 11 64  0  1  0 2026-09-30 16:35:04
 0  0 312996  90140   3684 120220    0    0     0     0 7965 7922 26 14 60  0  1  0 2026-09-30 16:35:05
 5  0 312996  90140   3700 120204    0    0     0   132 7682 7849 35 12 53  0  0  0 2026-09-30 16:35:06
 1  0 312996  90140   3700 120224    0    0    52     0 7707 7527 28 13 58  0  0  0 2026-09-30 16:35:07
 2  0 312996  93856   3700 120192    0    0     0    52 8081 8631 24 16 60  0  0  0 2026-09-30 16:35:08
procs -----------memory---------- ---swap-- -----io---- -system-- -------cpu------- -----timestamp-----
 r  b   swpd   free   buff  cache   si   so    bi    bo   in   cs us sy id wa st gu                 UTC
 3  0 312996  93856   3700 120160    0    0     0     0 8132 7866 22 14 63  0  1  0 2026-09-30 16:35:09
 0  0 312996  93600   3700 120160    0    0     0     0 7792 7497 23 12 65  0  0  0 2026-09-30 16:35:10
 1  0 312996  93348   3708 120144    0    0     0    24 7251 7003 24  9 66  0  1  0 2026-09-30 16:35:11
 0  0 312996  92840   3708 120144    0    0     0     0 7439 7466 21 12 66  0  0  0 2026-09-30 16:35:12
 0  0 312996  92836   3708 120144    0    0     0     0 7676 7496 19 13 68  0  0  0 2026-09-30 16:35:13
 0  0 312996  92836   3708 120144    0    0     0    16 6708 6752 32 10 59  0  0  0 2026-09-30 16:35:14
 5  0 312996  92128   3708 120128    0    0     0     0 6648 6471 18 13 68  0  1  0 2026-09-30 16:35:15
 0  0 312996  91828   3708 120112    0    0     0     8 6613 6476 18 11 71  0  0  0 2026-09-30 16:35:16
 0  0 312996  91828   3708 120112    0    0     0     0 6774 6782 18 12 69  0  1  0 2026-09-30 16:35:17
 2  0 312996  89684   3708 120080    0    0     0     0 7286 7994 20 11 68  0  1  0 2026-09-30 16:35:18
 2  0 312996  89684   3716 120080    0    0     0    28 6872 6495 21 12 67  0  1  0 2026-09-30 16:35:19
 0  0 312996  89684   3716 120064    0    0     0     0 6691 6303 21  9 70  0  0  0 2026-09-30 16:35:20
 1  0 312996  89228   3716 120048    0    0     0     0 6076 5806 18 10 72  0  1  0 2026-09-30 16:35:21
 1  0 312996  89180   3716 120032    0    0     0     0 6073 5936 14 12 74  0  0  0 2026-09-30 16:35:22
 2  0 312996  89184   3716 120016    0    0     0     0 6178 6080 30  8 62  0  0  0 2026-09-30 16:35:23
 1  0 312996  88716   3724 120000    0    0     0    28 5452 5294 18  8 73  0  0  0 2026-09-30 16:35:24
 3  0 312996  88180   3724 119984    0    0     0     0 6259 5942 20  9 71  0  1  0 2026-09-30 16:35:25
 0  0 312996  87928   3724 119952    0    0     0     0 6147 5837 19  9 71  0  0  0 2026-09-30 16:35:26
 1  0 312996  87928   3724 119952    0    0     0     0 5731 5614 18  9 73  0  0  0 2026-09-30 16:35:27
 1  0 312996  91524   3724 119936    0    0     0     0 5669 6554 13 14 73  0  0  0 2026-09-30 16:35:28
 0  0 312996  91524   3732 119908    0    0     0    28 5514 5287 13 10 77  1  0  0 2026-09-30 16:35:29
procs -----------memory---------- ---swap-- -----io---- -system-- -------cpu------- -----timestamp-----
 r  b   swpd   free   buff  cache   si   so    bi    bo   in   cs us sy id wa st gu                 UTC
 0  0 312996  91524   3732 119892    0    0     0     0 5508 5414 17  9 74  0  1  0 2026-09-30 16:35:30
 0  0 312996  91524   3732 119892    0    0     0     0 5246 5182 16  9 76  0  0  0 2026-09-30 16:35:31
 0  0 312996  91524   3732 119892    0    0     0     0 4476 4327 13  8 78  0  0  0 2026-09-30 16:35:32
 0  0 312996  91524   3732 119860    0    0     0     0 4775 4625 13  6 81  0  0  0 2026-09-30 16:35:33
 0  0 312996  91524   3740 119844    0    0     0    28 4853 4624 13  8 78  0  0  0 2026-09-30 16:35:34
 0  0 312996  91524   3740 119844    0    0     0     0 4627 4509 13 10 77  0  0  0 2026-09-30 16:35:35
 3  0 312996  91524   3740 119812    0    0     0     0 4422 4336 21  6 72  0  1  0 2026-09-30 16:35:36
 0  0 312996  91524   3740 119832   16    0    52     0 4833 4823 14 10 76  0  0  0 2026-09-30 16:35:37
 0  0 312996  90896   3740 119816    0    0     0     0 4322 4950 13  7 80  0  1  0 2026-09-30 16:35:38
 0  0 312996  90644   3748 119880    4    0    68    28 4130 4117  9  7 84  0  0  0 2026-09-30 16:35:39
 0  0 312996  90140   3748 119832    0    0     0     0 4048 4045 11  7 82  0  0  0 2026-09-30 16:35:40
 0  0 312996  90140   3748 119800    0    0     0     0 3359 3262  9  4 87  0  0  0 2026-09-30 16:35:41
 0  0 312996  90140   3748 119800    0    0     0     0 3471 3390 12  8 80  0  0  0 2026-09-30 16:35:42
 1  0 312996  90140   3748 119784    0    0     0     0 3425 3402 12  5 83  0  0  0 2026-09-30 16:35:43
 0  0 312996  89136   3756 119768    0    0     0    28 3180 3089  9  5 86  0  0  0 2026-09-30 16:35:44
 0  0 312996  89128   3756 119752    0    0     0     0 3080 3073  7  7 86  0  0  0 2026-09-30 16:35:45
 0  0 312996  89128   3756 119736    0    0     0     0 2844 2892  7  7 86  0  1  0 2026-09-30 16:35:46
 0  0 312996  89128   3756 119704    8    0     8     0 2593 2557  7  5 89  0  0  0 2026-09-30 16:35:47
 2  0 312996  88248   3756 119688    0    0     0     0 2925 3763  9  7 84  0  0  0 2026-09-30 16:35:48
 0  0 312996  88044   3764 119672    0    0     0    24 2493 2494  7  4 89  0  0  0 2026-09-30 16:35:49
 0  0 312996  87492   3764 119672    0    0     0     0 2399 2428  8  4 88  0  0  0 2026-09-30 16:35:50
procs -----------memory---------- ---swap-- -----io---- -system-- -------cpu------- -----timestamp-----
 r  b   swpd   free   buff  cache   si   so    bi    bo   in   cs us sy id wa st gu                 UTC
 2  0 312996  87492   3764 119640    0    0     0     0 1928 2035  5  3 92  0  0  0 2026-09-30 16:35:51
 0  0 312996  87492   3764 119608    0    0     0     0 1720 1880  5  5 90  0  0  0 2026-09-30 16:35:52
 0  0 312996  87492   3764 119576    0    0     0     0 1883 1971  3  5 93  0  0  0 2026-09-30 16:35:53
 0  0 312996  86484   3764 119544    0    0     0     0 1737 1935  4  6 91  0  0  0 2026-09-30 16:35:54
 0  0 312996  82204   3772 119496    0    0     0    24 1431 1619  4  3 93  0  0  0 2026-09-30 16:35:55
 0  0 312996  80452   3772 119480    0    0     0     0 1165 1338  2  4 94  0  0  0 2026-09-30 16:35:56
 0  0 312996  77472   3772 119448    0    0     0     0 1044 1277  3  3 95  0  0  0 2026-09-30 16:35:57
 1  0 312996  85456   3772 119492    4    0    64     0 1406 2540  4  4 92  1  0  0 2026-09-30 16:35:58
 0  0 312996  81460   3772 119476    0    0     0     0  855 1098  2  3 96  0  0  0 2026-09-30 16:35:59
 0  0 312996  81180   3772 119476    0    0     0    12  845 1152  1  2 93  0  3  0 2026-09-30 16:36:00
 0  0 312996  81180   3772 119476    0    0     0     0  845 1069  2  3 89  0  6  0 2026-09-30 16:36:01
 0  0 312996  89108   3780 119332    0    0     0    12  819 1004  1  4 78  0 17  0 2026-09-30 16:36:02
 0  0 312996  85632   3780 119300    0    0     0     0  850 1081  2  4 85  0  9  0 2026-09-30 16:36:03
 0  0 312996  84352   3780 119284    0    0     0     0  814 1058  2  3 96  0  0  0 2026-09-30 16:36:04
 0  0 312996  84332   3780 119224    0    0     0     8  861 1163  1  4 95  0  1  0 2026-09-30 16:36:05
 0  0 312996 112324   3796 118564   28    0    28    84 2177 1787  2  8 90  0  0  0 2026-09-30 16:36:06
 0  0 312996 118652   3796 116956    0    0     0    36  827 1170  1  3 96  0  0  0 2026-09-30 16:36:07
 2  0 312996 114260   3796 116956    0    0     0     0 1104 2130  4  4 92  0  0  0 2026-09-30 16:36:08
 0  0 312996 114260   3796 116956    0    0     0     0  768 1125  1  4 95  0  0  0 2026-09-30 16:36:09
 0  0 312996 113760   3796 116956    0    0     0    12  748 1028  1  3 96  0  0  0 2026-09-30 16:36:10
 0  0 312996 111764   3796 116956    0    0     0     0  704  969  1  3 96  0  0  0 2026-09-30 16:36:11
procs -----------memory---------- ---swap-- -----io---- -system-- -------cpu------- -----timestamp-----
 r  b   swpd   free   buff  cache   si   so    bi    bo   in   cs us sy id wa st gu                 UTC
 0  0 312996 110992   3804 116956    0    0     0    36  810 1155  1  3 94  0  0  0 2026-09-30 16:36:12
 0  0 312996 110992   3804 116956    0    0     0     0  763 1047  2  4 95  0  0  0 2026-09-30 16:36:13
 0  0 312996 108524   3804 116956    0    0     0     0  681  962  2  3 96  0  0  0 2026-09-30 16:36:14
 0  0 312996 105732   3804 116956    0    0     0     4  769 1035  2  3 95  0  0  0 2026-09-30 16:36:15
 0  0 312996 102940   3804 116956    0    0     0     0  734  984  1  3 95  0  0  0 2026-09-30 16:36:16
 1  0 312996 102940   3812 116956    0    0     0    28  714 1029  1  3 96  0  0  0 2026-09-30 16:36:17
 0  0 312996  94348   3812 116952    0    0     0     0 1161 2192  3  4 93  0  0  0 2026-09-30 16:36:18
 0  0 312996  94316   3812 116956    0    0     0     0  812 1146  1  3 96  0  0  0 2026-09-30 16:36:19
 0  0 312996  94316   3812 116956    0    0     0     4  725  995  1  3 96  0  0  0 2026-09-30 16:36:20
 1  0 312996  94316   3812 116956    0    0     0     0  740 1051  1  3 96  0  0  0 2026-09-30 16:36:21
 0  0 312996  94316   3812 116956    0    0     0     8  735 1007  2  3 95  0  0  0 2026-09-30 16:36:22
 0  0 312996  94576   3812 116956    0    0     0     0  689 1002  1  3 96  0  0  0 2026-09-30 16:36:23
 1  0 312996  95144   3812 116956    0    0     0     0  752 1038  2  4 95  0  0  0 2026-09-30 16:36:24
 0  0 312996  95096   3820 116956    0    0     0    20  777 1042  2  3 95  0  1  0 2026-09-30 16:36:25
 0  0 312996  95096   3820 116956    0    0     0     0  737  999  1  2 97  0  0  0 2026-09-30 16:36:26
 0  0 312996  95096   3820 116956    0    0     0     0  723 1002  2  3 96  0  0  0 2026-09-30 16:36:27
 0  0 312996  90968   3820 116960    4    0     4     0 1199 2280  3  4 94  0  0  0 2026-09-30 16:36:28
 0  0 312996  90968   3820 116956    4    0     4     0  801 1156  3  3 95  0  0  0 2026-09-30 16:36:29
 0  0 312996  88256   3840 119328   68    0  2404    36 1097 1521  3  4 90  4  0  0 2026-09-30 16:36:30
 0  0 312484  96156   3848 119692  368    0   368    28 1156 1515  3  5 91  1  1  0 2026-09-30 16:36:31
 0  0 312484 109472   3848 119708   12    0    36     0  806 1111  1  3 96  0  0  0 2026-09-30 16:36:32
procs -----------memory---------- ---swap-- -----io---- -system-- -------cpu------- -----timestamp-----
 r  b   swpd   free   buff  cache   si   so    bi    bo   in   cs us sy id wa st gu                 UTC
 0  0 312484 108716   3848 119708    0    0     0     0  724 1024  1  3 96  0  0  0 2026-09-30 16:36:33
 0  0 312484 108260   3848 119708    0    0     0     0  733 1008  2  3 95  0  0  0 2026-09-30 16:36:34
 0  0 312484 106200   3848 119708    0    0     0   644  795 1162  2  2 95  1  0  0 2026-09-30 16:36:35
 0  0 312484 106200   3856 119700    0    0     0    32  752 1056  1  3 97  0  0  0 2026-09-30 16:36:36
 0  0 312484 104940   3856 119708    0    0     0     0  755 1072  3  4 94  0  0  0 2026-09-30 16:36:37
 0  0 312484  81276   3856 119708    4    0     4     0 1177 2295  3  5 92  0  0  0 2026-09-30 16:36:38
 0  0 312484  81276   3856 119712    0    0     0     0  839 1182  2  3 95  0  0  0 2026-09-30 16:36:39
 0  0 312484  81276   3856 119716    0    0     0     0  753 1064  2  3 95  0  0  0 2026-09-30 16:36:40
 0  0 312484  81276   3856 119716    0    0     0    24  755 1040  1  3 95  0  0  0 2026-09-30 16:36:41
 0  0 312484  81028   3856 119716    0    0     0     0  792 1175  1  4 95  0  0  0 2026-09-30 16:36:42
 0  0 312484  81284   3856 119716    0    0     0     0  729 1034  2  3 96  0  0  0 2026-09-30 16:36:43
 0  0 312484  82500   3856 119716    0    0     0     0  718  962  1  3 96  0  0  0 2026-09-30 16:36:44
 0  0 312484  83064   3856 119716    0    0     0     0  742 1078  1  4 96  0  0  0 2026-09-30 16:36:45
 0  0 312484  83064   3864 119716    0    0     0    16  816 1086  2  3 95  0  0  0 2026-09-30 16:36:46
 1  0 312484  83064   3864 119716    0    0     0     0  769 1069  2  3 96  0  0  0 2026-09-30 16:36:47
 0  0 312484  75440   3864 119716    0    0     0     0 1201 2311  3  4 93  0  0  0 2026-09-30 16:36:48
 0  0 312484  76972   3864 119716    0    0     0     0  743 1036  1  2 97  0  0  0 2026-09-30 16:36:49
 0  0 312484  78556   3864 119716    0    0     0     0  757 1089  1  4 95  0  0  0 2026-09-30 16:36:50
 0  0 312484  88060   3864 119716    0    0     0     8  772 1070  2  3 95  0  0  0 2026-09-30 16:36:51
 0  0 312484  89744   3864 119716    0    0     0     0  700  993  2  2 96  0  0  0 2026-09-30 16:36:52
 0  0 312484  89496   3872 119716    4    0     4    12  780 1083  2  3 95  0  0  0 2026-09-30 16:36:53
procs -----------memory---------- ---swap-- -----io---- -system-- -------cpu------- -----timestamp-----
 r  b   swpd   free   buff  cache   si   so    bi    bo   in   cs us sy id wa st gu                 UTC
 0  0 312484  89248   3872 119716    0    0     0     0  729  992  2  3 96  0  0  0 2026-09-30 16:36:54
 0  0 312484  89000   3872 119716    4    0     4     0  740 1039  1  3 96  0  0  0 2026-09-30 16:36:55
 0  0 312484  88524   3872 119708    0    0     0     8  780 1091  2  2 96  0  0  0 2026-09-30 16:36:56
 0  0 312484  86484   3872 119708    0    0     0     0  744 1062  1  4 95  0  0  0 2026-09-30 16:36:57
 0  0 312484  89516   3872 119784    0    0    76     0 1124 2075  3  4 93  0  0  0 2026-09-30 16:36:58
 0  0 312484  88256   3872 119784    0    0     0     0  756 1060  1  4 96  0  0  0 2026-09-30 16:36:59
 0  0 312484  88012   3872 119784    0    0     0     0  781 1094  1  4 92  0  3  0 2026-09-30 16:37:00
 0  0 312484  97412   3880 119784    0    0     0    20  748 1011  1  3 93  0  3  0 2026-09-30 16:37:01
 0  0 312484  91808   3880 119784   12    0    12     0  737 1032  2  3 86  0  8  0 2026-09-30 16:37:02
 0  0 312484  91808   3880 119784    0    0     0     0  745 1028  1  3 96  0  1  0 2026-09-30 16:37:03
 0  0 312484  90804   3880 119784    0    0     0     0  690  961  1  3 96  0  0  0 2026-09-30 16:37:04
 0  0 312484  95208   3880 119784    0    0     0     0  715 1047  2  3 96  0  0  0 2026-09-30 16:37:05
 1  0 312484 137092   3880 119456   16    0    16     8 1001 1879  1  4 95  0  0  0 2026-09-30 16:37:06
 0  0 312484 133600   3888 119448    0    0     0    12  735 1025  1  3 96  0  0  0 2026-09-30 16:37:07
 1  0 312484 116844   3888 119456    0    0     0     0 1019 1796  3  3 94  0  0  0 2026-09-30 16:37:08
 0  0 312484 112492   3888 119456    0    0     0     0  926 1504  3  4 94  0  0  0 2026-09-30 16:37:09
 0  0 312484 112492   3888 119456    0    0     0     0  740  992  1  4 95  0  0  0 2026-09-30 16:37:10
 0  0 312484 112492   3888 119456    0    0     0     4  784 1120  1  3 95  0  0  0 2026-09-30 16:37:11
 0  0 312484 112240   3888 119456    0    0     0     0  827 1224  1  3 96  0  0  0 2026-09-30 16:37:12
 0  0 312484 108716   3888 119456    4    0     4     0  744 1037  2  3 96  0  0  0 2026-09-30 16:37:13
 0  0 312484 105176   3888 119456    0    0     0     0  745 1038  1  3 96  0  0  0 2026-09-30 16:37:14
procs -----------memory---------- ---swap-- -----io---- -system-- -------cpu------- -----timestamp-----
 r  b   swpd   free   buff  cache   si   so    bi    bo   in   cs us sy id wa st gu                 UTC
 0  0 312484 105464   3888 119456    0    0     0     0  744 1028  2  3 95  0  0  0 2026-09-30 16:37:15
 0  0 312484 104932   3896 119452    0    0     0    16  744  985  1  2 97  0  0  0 2026-09-30 16:37:16
 1  0 312484 105224   3896 119460    0    0     0     0  717 1038  3  3 94  0  0  0 2026-09-30 16:37:17
 0  0 312484 105476   3896 119460    0    0     0     0  719 1013  2  1 97  0  0  0 2026-09-30 16:37:18
 0  0 312484 119960   3896 119460    0    0     0     0 1199 2147  4  4 93  0  0  0 2026-09-30 16:37:19
 0  0 312484 119252   3896 119460    0    0     0     0  753 1044  1  3 96  0  0  0 2026-09-30 16:37:20
 0  0 312484 117692   3896 119460    0    0     0     0  784 1093  1  3 95  0  0  0 2026-09-30 16:37:21
 0  0 312484 116184   3896 119460    0    0     0     8  718  991  1  3 96  0  0  0 2026-09-30 16:37:22
 0  0 312484 116184   3896 119460    0    0     0     0  737 1037  2  2 96  0  0  0 2026-09-30 16:37:23
 0  0 312484 115176   3896 119460    0    0     0     0  759 1110  1  3 96  0  1  0 2026-09-30 16:37:24
 0  0 312484 115176   3896 119460    0    0     0     0  735 1031  1  3 96  0  0  0 2026-09-30 16:37:25
 1  0 312484 115176   3896 119460    0    0     0     0  742 1039  2  3 96  0  0  0 2026-09-30 16:37:26
 0  0 312484 115176   3904 119460    0    0     0    16  734 1041  2  2 96  0  1  0 2026-09-30 16:37:27
 0  0 312484 115176   3904 119460    0    0     0     0  731  992  2  3 96  0  0  0 2026-09-30 16:37:28
 1  0 312484 115048   3904 119492    0    0    32     0 1161 2270  3  5 92  0  0  0 2026-09-30 16:37:29
 0  0 312484 115048   3904 119492    0    0     0     0  764 1063  1  3 96  0  0  0 2026-09-30 16:37:30
 0  0 312484 115048   3904 119492    0    0     0     0  750 1009  2  3 96  0  0  0 2026-09-30 16:37:31
 0  0 312484 114800   3904 119492    0    0     0    12  742 1042  1  3 96  0  0  0 2026-09-30 16:37:32
 0  0 312484 114800   3904 119492    4    0     4     0  745 1089  1  3 96  0  0  0 2026-09-30 16:37:33
 0  0 312484 114800   3912 119492    0    0     0    16  712  978  1  3 96  0  1  0 2026-09-30 16:37:34
 0  0 312484 114800   3912 119492    0    0     0     0  788 1094  1  3 96  0  0  0 2026-09-30 16:37:35
procs -----------memory---------- ---swap-- -----io---- -system-- -------cpu------- -----timestamp-----
 r  b   swpd   free   buff  cache   si   so    bi    bo   in   cs us sy id wa st gu                 UTC
 0  0 312484 114800   3912 119492    0    0     0     0  731 1052  1  3 96  0  0  0 2026-09-30 16:37:36
 0  0 312484 114800   3912 119552   24    0    84     4  731 1013  2  3 94  0  0  0 2026-09-30 16:37:37
 0  0 312484 114800   3912 119552    0    0     0     0  741 1021  1  3 96  0  0  0 2026-09-30 16:37:38
 1  0 312484 110704   3912 119536    0    0     0     4 1263 2408  4  4 92  0  0  0 2026-09-30 16:37:39
 0  0 312484 110704   3912 119664    0    0   128     0  766 1055  2  2 96  0  0  0 2026-09-30 16:37:40
 0  0 312484 110704   3912 119664    0    0     0     0  752 1042  1  3 95  0  0  0 2026-09-30 16:37:41
 0  0 312484 110704   3920 119664    0    0     0    16  813 1162  1  4 96  0  0  0 2026-09-30 16:37:42
 0  0 312484 110704   3920 119664    0    0     0     0  729 1067  1  3 96  0  0  0 2026-09-30 16:37:43
 0  0 312484 110704   3920 119664    0    0     0     0  721 1014  1  3 96  0  0  0 2026-09-30 16:37:44
 0  0 312484 110704   3920 119664    0    0     0     0  794 1122  0  4 95  0  0  0 2026-09-30 16:37:45
 0  0 312484 110704   3920 119648    0    0     0     0  718 1013  0  3 97  0  0  0 2026-09-30 16:37:46
 0  0 312484 110704   3920 119648    0    0     0     8  767 1068  1  3 96  0  0  0 2026-09-30 16:37:47
 0  0 312484 110704   3920 119648    0    0     0     0  728 1035  2  3 95  0  0  0 2026-09-30 16:37:48
 0  0 312484 114200   3920 119648    0    0     0     0 1197 2271  3  4 93  0  0  0 2026-09-30 16:37:49
 1  0 312484 114200   3920 119648    0    0     0     0  728 1043  2  3 96  0  0  0 2026-09-30 16:37:50
 0  0 312484 114200   3920 119648    0    0     0     0  759 1057  2  3 96  0  0  0 2026-09-30 16:37:51
 0  0 312484 114200   3928 119648    0    0     0    16  688  991  1  3 96  0  0  0 2026-09-30 16:37:52
 0  0 312484 114200   3928 119652    0    0     0     0  726 1015  0  5 96  0  0  0 2026-09-30 16:37:53
 0  0 312484 114200   3928 119652    0    0     0     0  713 1011  1  4 96  0  0  0 2026-09-30 16:37:54
 0  0 312484 114200   3928 119652    0    0     0     0  780 1045  1  3 96  0  0  0 2026-09-30 16:37:55
 0  0 312484 114200   3928 119652    0    0     0     0  717  990  2  3 96  0  0  0 2026-09-30 16:37:56
procs -----------memory---------- ---swap-- -----io---- -system-- -------cpu------- -----timestamp-----
 r  b   swpd   free   buff  cache   si   so    bi    bo   in   cs us sy id wa st gu                 UTC
 0  0 312484 113696   3928 119652    0    0     0     8  779 1087  1  3 96  0  1  0 2026-09-30 16:37:57
 0  0 312484 111452   3928 119748   12    0   108     0  723  980  1  3 95  0  0  0 2026-09-30 16:37:58
 0  0 312484 106500   3928 119748    0    0     0     0 1179 2318  3  4 93  0  0  0 2026-09-30 16:37:59
 0  0 312484 106500   3928 119748    0    0     0     0  758 1083  2  3 95  0  1  0 2026-09-30 16:38:00
 0  0 312484 106500   3928 119748    0    0     0     0  685  973  1  3 94  0  2  0 2026-09-30 16:38:01
 1  0 312484 106500   3928 119748    0    0     0     4  705  978  2  3 86  0  9  0 2026-09-30 16:38:02
 0  0 312484 106500   3936 119748    0    0     0    12  724 1012  2  2 93  0  2  0 2026-09-30 16:38:03
 0  0 312484 106500   3936 119748    0    0     0     0  719 1004  1  3 96  0  0  0 2026-09-30 16:38:04
 0  0 312484 106296   3936 119748    0    0     0     0  750 1060  2  3 95  0  0  0 2026-09-30 16:38:05
 0  0 312484 104488   3936 119748    0    0     0     0  719  993  2  3 96  0  0  0 2026-09-30 16:38:06
 0  0 312484 104236   3936 119748    0    0     0     0  732  998  1  3 96  0  0  0 2026-09-30 16:38:07
 0  0 312484 104236   3936 119748    0    0     0     8  718 1002  1  3 96  0  0  0 2026-09-30 16:38:08
 0  0 312484 111916   3936 119748    4    0     4     0 1182 2242  3  4 93  0  1  0 2026-09-30 16:38:09
 0  0 312484 111916   3936 119748    0    0     0     0  761 1038  1  4 96  0  0  0 2026-09-30 16:38:10
 0  0 312484 111916   3936 119748    0    0     0     0  770 1097  2  3 96  0  0  0 2026-09-30 16:38:11
 0  0 312484 111916   3936 119748    0    0     0     0  799 1128  1  3 96  0  0  0 2026-09-30 16:38:12
 0  0 312484 111916   3944 119748    0    0     0    16  770 1028  2  3 96  0  0  0 2026-09-30 16:38:13
 0  0 312484 111916   3944 119748    0    0     0     0  752 1031  1  3 96  0  0  0 2026-09-30 16:38:14
 0  0 312484 110916   3944 119748    0    0     0     0  769 1056  1  3 96  0  0  0 2026-09-30 16:38:15
 0  0 312484 110124   3944 119748    0    0     0     0  722  981  2  3 96  0  0  0 2026-09-30 16:38:16
 0  0 312484 109416   3944 119748    0    0     0     0  765 1044  2  2 96  0  0  0 2026-09-30 16:38:17
procs -----------memory---------- ---swap-- -----io---- -system-- -------cpu------- -----timestamp-----
 r  b   swpd   free   buff  cache   si   so    bi    bo   in   cs us sy id wa st gu                 UTC
 0  0 312484 111232   3944 119748    0    0     0     8  742 1040  1  4 96  0  0  0 2026-09-30 16:38:18
 1  0 312484 116844   3944 119748    0    0     0     0 1089 2083  3  3 94  0  0  0 2026-09-30 16:38:19
 0  0 312484 116844   3944 119748    0    0     0     0  714 1000  2  3 96  0  0  0 2026-09-30 16:38:20
 0  0 312484 116844   3944 119748    0    0     0     0  751 1057  1  4 95  0  1  0 2026-09-30 16:38:21
 0  0 312484 116596   3944 119748    0    0     0     0  683  961  2  2 96  0  0  0 2026-09-30 16:38:22
 0  0 312484 115340   3952 119748    0    0     0    16  762 1044  1  4 96  0  0  0 2026-09-30 16:38:23
 0  0 312484 115340   3952 119748    0    0     0     0  725  991  3  2 96  0  0  0 2026-09-30 16:38:24
 0  0 312484 115340   3952 119748    0    0     0     0  732 1022  1  2 97  0  0  0 2026-09-30 16:38:25
 0  0 312484 113124   3952 119748    0    0     0     0  737 1020  2  3 96  0  0  0 2026-09-30 16:38:26
 0  0 312484 110860   3952 119748    0    0     0     0  741 1055  1  2 97  0  0  0 2026-09-30 16:38:27
 0  0 312484 108800   3952 119752    0    0     0     8  712  970  1  4 96  0  0  0 2026-09-30 16:38:28
 0  0 312484 100864   3952 119752    0    0     0     0 1212 2249  4  3 93  0  0  0 2026-09-30 16:38:29
 1  0 312484 100864   3952 119752    0    0     0     0  747 1069  1  3 96  0  0  0 2026-09-30 16:38:30
 0  0 312484 100864   3952 119752    0    0     0     0  717 1027  1  3 96  0  0  0 2026-09-30 16:38:31
 0  0 312484 100864   3952 119752    0    0     0     0  742 1017  2  3 96  0  0  0 2026-09-30 16:38:32
 0  0 312484 103900   3960 119752    0    0     0    16  771 1081  1  4 95  0  0  0 2026-09-30 16:38:33
 0  0 312484 107016   3960 119752    0    0     0     0  729 1009  1  3 96  0  0  0 2026-09-30 16:38:34
 0  0 312484 107732   3960 119752    0    0     0     0  739 1019  1  2 97  0  0  0 2026-09-30 16:38:35
 0  0 312484 107372   3960 119752    0    0     0     0  741 1036  1  4 96  0  0  0 2026-09-30 16:38:36
 0  0 312484 112688   3960 119752   12    0    12     0  785 1058  3  4 94  0  0  0 2026-09-30 16:38:37
 0  0 312484 110608   3960 119752    0    0     0     8  753 1049  1  4 96  0  0  0 2026-09-30 16:38:38
procs -----------memory---------- ---swap-- -----io---- -system-- -------cpu------- -----timestamp-----
 r  b   swpd   free   buff  cache   si   so    bi    bo   in   cs us sy id wa st gu                 UTC
 0  0 312484 116848   3960 119836    4    0    88     0 1265 2371  3  3 94  0  0  0 2026-09-30 16:38:39
 0  0 312484 115372   3960 119836    0    0     0     0  761 1064  1  3 95  0  0  0 2026-09-30 16:38:40
 0  0 312484 111368   3960 119836    0    0     0     0  738 1042  1  3 96  0  0  0 2026-09-30 16:38:41
 0  0 312484 108792   3960 119836    0    0     0     0  767 1134  1  4 96  0  0  0 2026-09-30 16:38:42
 0  0 312484 108792   3968 119836    0    0     0    20  736 1017  2  2 95  0  0  0 2026-09-30 16:38:43
 0  0 312484 108792   3968 119836    0    0     0     0  709  967  1  3 96  0  0  0 2026-09-30 16:38:44
 0  0 312484 108792   3968 119836    0    0     0     0  812 1162  1  3 95  0  0  0 2026-09-30 16:38:45
 0  0 312484 108792   3968 119836    0    0     0     0  698  977  1  3 96  0  0  0 2026-09-30 16:38:46
 0  0 312484 108792   3968 119836    0    0     0     0  755 1060  2  2 96  0  0  0 2026-09-30 16:38:47
 0  0 312484 107556   3968 119836    0    0     0     0  727 1009  2  3 96  0  0  0 2026-09-30 16:38:48
 0  0 312484 109572   3968 119836    0    0     0    12 1233 2240  4  3 93  0  0  0 2026-09-30 16:38:49
 0  0 312484 108520   3968 119836    0    0     0     0  734 1015  1  3 96  0  0  0 2026-09-30 16:38:50
 1  0 312484 108564   3968 119836    0    0     0     0  730  987  1  3 96  0  0  0 2026-09-30 16:38:51
 0  0 312484 108528   3968 119836    0    0     0     0  720 1010  1  3 96  0  0  0 2026-09-30 16:38:52
 0  0 312484 108528   3968 119836    0    0     0     0  724  998  0  3 97  0  0  0 2026-09-30 16:38:53
 1  0 312484 108528   3976 119836    0    0     0    16  804 1094  1  3 96  0  0  0 2026-09-30 16:38:54
 0  0 312484 108528   3976 119836    0    0     0     0  759 1090  2  3 96  0  0  0 2026-09-30 16:38:55
 0  0 312484 108528   3976 119836    0    0     0     0  723  977  2  2 96  0  1  0 2026-09-30 16:38:56
 0  0 312484 108528   3976 119836    0    0     0     0  731  991  1  2 97  0  0  0 2026-09-30 16:38:57
 1  0 312484 118756   3976 119876   24    0    24     0  972 1363  4  4 92  0  0  0 2026-09-30 16:38:58
