timestamp,source,namespace,metric,dims,stat,value
2026-09-30T15:51:00+00:00,backend,CWAgent,mem_used_percent,,average,73.36087890892917
2026-09-30T15:52:00+00:00,backend,CWAgent,mem_used_percent,,average,75.54401819005616
2026-09-30T15:53:00+00:00,backend,CWAgent,mem_used_percent,,average,74.52810189091785
2026-09-30T15:54:00+00:00,backend,CWAgent,mem_used_percent,,average,76.174185583466
2026-09-30T15:55:00+00:00,backend,CWAgent,mem_used_percent,,average,77.54425928312224
2026-09-30T15:56:00+00:00,backend,CWAgent,mem_used_percent,,average,78.39224179140462
2026-09-30T15:57:00+00:00,backend,CWAgent,mem_used_percent,,average,78.34194478968787
2026-09-30T15:58:00+00:00,backend,CWAgent,mem_used_percent,,average,79.67045071933026
2026-09-30T15:59:00+00:00,backend,CWAgent,mem_used_percent,,average,79.2327421010845
2026-09-30T16:00:00+00:00,backend,CWAgent,mem_used_percent,,average,80.77698475709873
2026-09-30T16:01:00+00:00,backend,CWAgent,mem_used_percent,,average,78.39930831230697
2026-09-30T16:02:00+00:00,backend,CWAgent,mem_used_percent,,average,76.84217964758845
2026-09-30T16:03:00+00:00,backend,CWAgent,mem_used_percent,,average,74.59710438914084
2026-09-30T15:51:00+00:00,backend,CWAgent,mem_used_percent,,maximum,73.36087890892917
2026-09-30T15:52:00+00:00,backend,CWAgent,mem_used_percent,,maximum,75.54401819005616
2026-09-30T15:53:00+00:00,backend,CWAgent,mem_used_percent,,maximum,74.52810189091785
2026-09-30T15:54:00+00:00,backend,CWAgent,mem_used_percent,,maximum,76.174185583466
2026-09-30T15:55:00+00:00,backend,CWAgent,mem_used_percent,,maximum,77.54425928312224
2026-09-30T15:56:00+00:00,backend,CWAgent,mem_used_percent,,maximum,78.39224179140462
2026-09-30T15:57:00+00:00,backend,CWAgent,mem_used_percent,,maximum,78.34194478968787
2026-09-30T15:58:00+00:00,backend,CWAgent,mem_used_percent,,maximum,79.67045071933026
2026-09-30T15:59:00+00:00,backend,CWAgent,mem_used_percent,,maximum,79.2327421010845
2026-09-30T16:00:00+00:00,backend,CWAgent,mem_used_percent,,maximum,80.77698475709873
2026-09-30T16:01:00+00:00,backend,CWAgent,mem_used_percent,,maximum,78.39930831230697
2026-09-30T16:02:00+00:00,backend,CWAgent,mem_used_percent,,maximum,76.84217964758845
2026-09-30T16:03:00+00:00,backend,CWAgent,mem_used_percent,,maximum,74.59710438914084
2026-09-30T15:51:00+00:00,backend,CWAgent,diskio_iops_in_progress,name=nvme0n1p15,average,0.0
2026-09-30T15:52:00+00:00,backend,CWAgent,diskio_iops_in_progress,name=nvme0n1p15,average,0.0
2026-09-30T15:53:00+00:00,backend,CWAgent,diskio_iops_in_progress,name=nvme0n1p15,average,0.0
2026-09-30T15:54:00+00:00,backend,CWAgent,diskio_iops_in_progress,name=nvme0n1p15,average,0.0
2026-09-30T15:55:00+00:00,backend,CWAgent,diskio_iops_in_progress,name=nvme0n1p15,average,0.0
2026-09-30T15:56:00+00:00,backend,CWAgent,diskio_iops_in_progress,name=nvme0n1p15,average,0.0
2026-09-30T15:57:00+00:00,backend,CWAgent,diskio_iops_in_progress,name=nvme0n1p15,average,0.0
2026-09-30T15:58:00+00:00,backend,CWAgent,diskio_iops_in_progress,name=nvme0n1p15,average,0.0
2026-09-30T15:59:00+00:00,backend,CWAgent,diskio_iops_in_progress,name=nvme0n1p15,average,0.0
2026-09-30T16:00:00+00:00,backend,CWAgent,diskio_iops_in_progress,name=nvme0n1p15,average,0.0
2026-09-30T16:01:00+00:00,backend,CWAgent,diskio_iops_in_progress,name=nvme0n1p15,average,0.0
2026-09-30T16:02:00+00:00,backend,CWAgent,diskio_iops_in_progress,name=nvme0n1p15,average,0.0
2026-09-30T16:03:00+00:00,backend,CWAgent,diskio_iops_in_progress,name=nvme0n1p15,average,0.0
2026-09-30T15:51:00+00:00,backend,CWAgent,diskio_iops_in_progress,name=nvme0n1p15,maximum,0.0
2026-09-30T15:52:00+00:00,backend,CWAgent,diskio_iops_in_progress,name=nvme0n1p15,maximum,0.0
2026-09-30T15:53:00+00:00,backend,CWAgent,diskio_iops_in_progress,name=nvme0n1p15,maximum,0.0
2026-09-30T15:54:00+00:00,backend,CWAgent,diskio_iops_in_progress,name=nvme0n1p15,maximum,0.0
2026-09-30T15:55:00+00:00,backend,CWAgent,diskio_iops_in_progress,name=nvme0n1p15,maximum,0.0
2026-09-30T15:56:00+00:00,backend,CWAgent,diskio_iops_in_progress,name=nvme0n1p15,maximum,0.0
2026-09-30T15:57:00+00:00,backend,CWAgent,diskio_iops_in_progress,name=nvme0n1p15,maximum,0.0
2026-09-30T15:58:00+00:00,backend,CWAgent,diskio_iops_in_progress,name=nvme0n1p15,maximum,0.0
2026-09-30T15:59:00+00:00,backend,CWAgent,diskio_iops_in_progress,name=nvme0n1p15,maximum,0.0
2026-09-30T16:00:00+00:00,backend,CWAgent,diskio_iops_in_progress,name=nvme0n1p15,maximum,0.0
2026-09-30T16:01:00+00:00,backend,CWAgent,diskio_iops_in_progress,name=nvme0n1p15,maximum,0.0
2026-09-30T16:02:00+00:00,backend,CWAgent,diskio_iops_in_progress,name=nvme0n1p15,maximum,0.0
2026-09-30T16:03:00+00:00,backend,CWAgent,diskio_iops_in_progress,name=nvme0n1p15,maximum,0.0
2026-09-30T15:51:00+00:00,backend,CWAgent,mem_available,,average,123985920.0
2026-09-30T15:52:00+00:00,backend,CWAgent,mem_available,,average,102227968.0
2026-09-30T15:53:00+00:00,backend,CWAgent,mem_available,,average,109748224.0
2026-09-30T15:54:00+00:00,backend,CWAgent,mem_available,,average,92389376.0
2026-09-30T15:55:00+00:00,backend,CWAgent,mem_available,,average,78745600.0
2026-09-30T15:56:00+00:00,backend,CWAgent,mem_available,,average,71733248.0
2026-09-30T15:57:00+00:00,backend,CWAgent,mem_available,,average,73580544.0
2026-09-30T15:58:00+00:00,backend,CWAgent,mem_available,,average,63893504.0
2026-09-30T15:59:00+00:00,backend,CWAgent,mem_available,,average,72830976.0
2026-09-30T16:00:00+00:00,backend,CWAgent,mem_available,,average,56250368.0
2026-09-30T16:01:00+00:00,backend,CWAgent,mem_available,,average,79482880.0
2026-09-30T16:02:00+00:00,backend,CWAgent,mem_available,,average,96546816.0
2026-09-30T16:03:00+00:00,backend,CWAgent,mem_available,,average,118685696.0
2026-09-30T15:51:00+00:00,backend,CWAgent,mem_available,,maximum,123985920.0
2026-09-30T15:52:00+00:00,backend,CWAgent,mem_available,,maximum,102227968.0
2026-09-30T15:53:00+00:00,backend,CWAgent,mem_available,,maximum,109748224.0
2026-09-30T15:54:00+00:00,backend,CWAgent,mem_available,,maximum,92389376.0
2026-09-30T15:55:00+00:00,backend,CWAgent,mem_available,,maximum,78745600.0
2026-09-30T15:56:00+00:00,backend,CWAgent,mem_available,,maximum,71733248.0
2026-09-30T15:57:00+00:00,backend,CWAgent,mem_available,,maximum,73580544.0
2026-09-30T15:58:00+00:00,backend,CWAgent,mem_available,,maximum,63893504.0
2026-09-30T15:59:00+00:00,backend,CWAgent,mem_available,,maximum,72830976.0
2026-09-30T16:00:00+00:00,backend,CWAgent,mem_available,,maximum,56250368.0
2026-09-30T16:01:00+00:00,backend,CWAgent,mem_available,,maximum,79482880.0
2026-09-30T16:02:00+00:00,backend,CWAgent,mem_available,,maximum,96546816.0
2026-09-30T16:03:00+00:00,backend,CWAgent,mem_available,,maximum,118685696.0
2026-09-30T15:51:00+00:00,backend,CWAgent,procstat_memory_rss,exe=containerd;process_name=containerd,average,27197440.0
2026-09-30T15:52:00+00:00,backend,CWAgent,procstat_memory_rss,exe=containerd;process_name=containerd,average,27308032.0
2026-09-30T15:53:00+00:00,backend,CWAgent,procstat_memory_rss,exe=containerd;process_name=containerd,average,27316224.0
2026-09-30T15:54:00+00:00,backend,CWAgent,procstat_memory_rss,exe=containerd;process_name=containerd,average,27570176.0
2026-09-30T15:55:00+00:00,backend,CWAgent,procstat_memory_rss,exe=containerd;process_name=containerd,average,27541504.0
2026-09-30T15:56:00+00:00,backend,CWAgent,procstat_memory_rss,exe=containerd;process_name=containerd,average,27566080.0
2026-09-30T15:57:00+00:00,backend,CWAgent,procstat_memory_rss,exe=containerd;process_name=containerd,average,27635712.0
2026-09-30T15:58:00+00:00,backend,CWAgent,procstat_memory_rss,exe=containerd;process_name=containerd,average,27791360.0
2026-09-30T15:59:00+00:00,backend,CWAgent,procstat_memory_rss,exe=containerd;process_name=containerd,average,27762688.0
2026-09-30T16:00:00+00:00,backend,CWAgent,procstat_memory_rss,exe=containerd;process_name=containerd,average,27873280.0
2026-09-30T16:01:00+00:00,backend,CWAgent,procstat_memory_rss,exe=containerd;process_name=containerd,average,27873280.0
2026-09-30T16:02:00+00:00,backend,CWAgent,procstat_memory_rss,exe=containerd;process_name=containerd,average,27914240.0
2026-09-30T16:03:00+00:00,backend,CWAgent,procstat_memory_rss,exe=containerd;process_name=containerd,average,27967488.0
2026-09-30T15:51:00+00:00,backend,CWAgent,procstat_memory_rss,exe=containerd;process_name=containerd,maximum,27197440.0
2026-09-30T15:52:00+00:00,backend,CWAgent,procstat_memory_rss,exe=containerd;process_name=containerd,maximum,27308032.0
2026-09-30T15:53:00+00:00,backend,CWAgent,procstat_memory_rss,exe=containerd;process_name=containerd,maximum,27316224.0
2026-09-30T15:54:00+00:00,backend,CWAgent,procstat_memory_rss,exe=containerd;process_name=containerd,maximum,27570176.0
2026-09-30T15:55:00+00:00,backend,CWAgent,procstat_memory_rss,exe=containerd;process_name=containerd,maximum,27541504.0
2026-09-30T15:56:00+00:00,backend,CWAgent,procstat_memory_rss,exe=containerd;process_name=containerd,maximum,27566080.0
2026-09-30T15:57:00+00:00,backend,CWAgent,procstat_memory_rss,exe=containerd;process_name=containerd,maximum,27635712.0
2026-09-30T15:58:00+00:00,backend,CWAgent,procstat_memory_rss,exe=containerd;process_name=containerd,maximum,27791360.0
2026-09-30T15:59:00+00:00,backend,CWAgent,procstat_memory_rss,exe=containerd;process_name=containerd,maximum,27762688.0
2026-09-30T16:00:00+00:00,backend,CWAgent,procstat_memory_rss,exe=containerd;process_name=containerd,maximum,27873280.0
2026-09-30T16:01:00+00:00,backend,CWAgent,procstat_memory_rss,exe=containerd;process_name=containerd,maximum,27873280.0
2026-09-30T16:02:00+00:00,backend,CWAgent,procstat_memory_rss,exe=containerd;process_name=containerd,maximum,27914240.0
2026-09-30T16:03:00+00:00,backend,CWAgent,procstat_memory_rss,exe=containerd;process_name=containerd,maximum,27967488.0
2026-09-30T15:51:00+00:00,backend,CWAgent,diskio_iops_in_progress,name=nvme0n1p1,average,0.0
2026-09-30T15:52:00+00:00,backend,CWAgent,diskio_iops_in_progress,name=nvme0n1p1,average,0.0
2026-09-30T15:53:00+00:00,backend,CWAgent,diskio_iops_in_progress,name=nvme0n1p1,average,0.0
2026-09-30T15:54:00+00:00,backend,CWAgent,diskio_iops_in_progress,name=nvme0n1p1,average,0.0
2026-09-30T15:55:00+00:00,backend,CWAgent,diskio_iops_in_progress,name=nvme0n1p1,average,0.0
2026-09-30T15:56:00+00:00,backend,CWAgent,diskio_iops_in_progress,name=nvme0n1p1,average,0.0
2026-09-30T15:57:00+00:00,backend,CWAgent,diskio_iops_in_progress,name=nvme0n1p1,average,0.0
2026-09-30T15:58:00+00:00,backend,CWAgent,diskio_iops_in_progress,name=nvme0n1p1,average,0.0
2026-09-30T15:59:00+00:00,backend,CWAgent,diskio_iops_in_progress,name=nvme0n1p1,average,0.0
2026-09-30T16:00:00+00:00,backend,CWAgent,diskio_iops_in_progress,name=nvme0n1p1,average,0.0
2026-09-30T16:01:00+00:00,backend,CWAgent,diskio_iops_in_progress,name=nvme0n1p1,average,0.0
2026-09-30T16:02:00+00:00,backend,CWAgent,diskio_iops_in_progress,name=nvme0n1p1,average,0.0
2026-09-30T16:03:00+00:00,backend,CWAgent,diskio_iops_in_progress,name=nvme0n1p1,average,0.0
2026-09-30T15:51:00+00:00,backend,CWAgent,diskio_iops_in_progress,name=nvme0n1p1,maximum,0.0
2026-09-30T15:52:00+00:00,backend,CWAgent,diskio_iops_in_progress,name=nvme0n1p1,maximum,0.0
2026-09-30T15:53:00+00:00,backend,CWAgent,diskio_iops_in_progress,name=nvme0n1p1,maximum,0.0
2026-09-30T15:54:00+00:00,backend,CWAgent,diskio_iops_in_progress,name=nvme0n1p1,maximum,0.0
2026-09-30T15:55:00+00:00,backend,CWAgent,diskio_iops_in_progress,name=nvme0n1p1,maximum,0.0
2026-09-30T15:56:00+00:00,backend,CWAgent,diskio_iops_in_progress,name=nvme0n1p1,maximum,0.0
2026-09-30T15:57:00+00:00,backend,CWAgent,diskio_iops_in_progress,name=nvme0n1p1,maximum,0.0
2026-09-30T15:58:00+00:00,backend,CWAgent,diskio_iops_in_progress,name=nvme0n1p1,maximum,0.0
2026-09-30T15:59:00+00:00,backend,CWAgent,diskio_iops_in_progress,name=nvme0n1p1,maximum,0.0
2026-09-30T16:00:00+00:00,backend,CWAgent,diskio_iops_in_progress,name=nvme0n1p1,maximum,0.0
2026-09-30T16:01:00+00:00,backend,CWAgent,diskio_iops_in_progress,name=nvme0n1p1,maximum,0.0
2026-09-30T16:02:00+00:00,backend,CWAgent,diskio_iops_in_progress,name=nvme0n1p1,maximum,0.0
2026-09-30T16:03:00+00:00,backend,CWAgent,diskio_iops_in_progress,name=nvme0n1p1,maximum,0.0
2026-09-30T15:51:00+00:00,backend,CWAgent,diskio_iops_in_progress,name=nvme0n1p14,average,0.0
2026-09-30T15:52:00+00:00,backend,CWAgent,diskio_iops_in_progress,name=nvme0n1p14,average,0.0
2026-09-30T15:53:00+00:00,backend,CWAgent,diskio_iops_in_progress,name=nvme0n1p14,average,0.0
2026-09-30T15:54:00+00:00,backend,CWAgent,diskio_iops_in_progress,name=nvme0n1p14,average,0.0
2026-09-30T15:55:00+00:00,backend,CWAgent,diskio_iops_in_progress,name=nvme0n1p14,average,0.0
2026-09-30T15:56:00+00:00,backend,CWAgent,diskio_iops_in_progress,name=nvme0n1p14,average,0.0
2026-09-30T15:57:00+00:00,backend,CWAgent,diskio_iops_in_progress,name=nvme0n1p14,average,0.0
2026-09-30T15:58:00+00:00,backend,CWAgent,diskio_iops_in_progress,name=nvme0n1p14,average,0.0
2026-09-30T15:59:00+00:00,backend,CWAgent,diskio_iops_in_progress,name=nvme0n1p14,average,0.0
2026-09-30T16:00:00+00:00,backend,CWAgent,diskio_iops_in_progress,name=nvme0n1p14,average,0.0
2026-09-30T16:01:00+00:00,backend,CWAgent,diskio_iops_in_progress,name=nvme0n1p14,average,0.0
2026-09-30T16:02:00+00:00,backend,CWAgent,diskio_iops_in_progress,name=nvme0n1p14,average,0.0
2026-09-30T16:03:00+00:00,backend,CWAgent,diskio_iops_in_progress,name=nvme0n1p14,average,0.0
2026-09-30T15:51:00+00:00,backend,CWAgent,diskio_iops_in_progress,name=nvme0n1p14,maximum,0.0
2026-09-30T15:52:00+00:00,backend,CWAgent,diskio_iops_in_progress,name=nvme0n1p14,maximum,0.0
2026-09-30T15:53:00+00:00,backend,CWAgent,diskio_iops_in_progress,name=nvme0n1p14,maximum,0.0
2026-09-30T15:54:00+00:00,backend,CWAgent,diskio_iops_in_progress,name=nvme0n1p14,maximum,0.0
2026-09-30T15:55:00+00:00,backend,CWAgent,diskio_iops_in_progress,name=nvme0n1p14,maximum,0.0
2026-09-30T15:56:00+00:00,backend,CWAgent,diskio_iops_in_progress,name=nvme0n1p14,maximum,0.0
2026-09-30T15:57:00+00:00,backend,CWAgent,diskio_iops_in_progress,name=nvme0n1p14,maximum,0.0
2026-09-30T15:58:00+00:00,backend,CWAgent,diskio_iops_in_progress,name=nvme0n1p14,maximum,0.0
2026-09-30T15:59:00+00:00,backend,CWAgent,diskio_iops_in_progress,name=nvme0n1p14,maximum,0.0
2026-09-30T16:00:00+00:00,backend,CWAgent,diskio_iops_in_progress,name=nvme0n1p14,maximum,0.0
2026-09-30T16:01:00+00:00,backend,CWAgent,diskio_iops_in_progress,name=nvme0n1p14,maximum,0.0
2026-09-30T16:02:00+00:00,backend,CWAgent,diskio_iops_in_progress,name=nvme0n1p14,maximum,0.0
2026-09-30T16:03:00+00:00,backend,CWAgent,diskio_iops_in_progress,name=nvme0n1p14,maximum,0.0
2026-09-30T15:51:00+00:00,backend,CWAgent,netstat_tcp_established,,average,1.0
2026-09-30T15:52:00+00:00,backend,CWAgent,netstat_tcp_established,,average,1.0
2026-09-30T15:53:00+00:00,backend,CWAgent,netstat_tcp_established,,average,1.0
2026-09-30T15:54:00+00:00,backend,CWAgent,netstat_tcp_established,,average,1.0
2026-09-30T15:55:00+00:00,backend,CWAgent,netstat_tcp_established,,average,1.0
2026-09-30T15:56:00+00:00,backend,CWAgent,netstat_tcp_established,,average,1.0
2026-09-30T15:57:00+00:00,backend,CWAgent,netstat_tcp_established,,average,1.0
2026-09-30T15:58:00+00:00,backend,CWAgent,netstat_tcp_established,,average,1.0
2026-09-30T15:59:00+00:00,backend,CWAgent,netstat_tcp_established,,average,1.0
2026-09-30T16:00:00+00:00,backend,CWAgent,netstat_tcp_established,,average,1.0
2026-09-30T16:01:00+00:00,backend,CWAgent,netstat_tcp_established,,average,1.0
2026-09-30T16:02:00+00:00,backend,CWAgent,netstat_tcp_established,,average,1.0
2026-09-30T16:03:00+00:00,backend,CWAgent,netstat_tcp_established,,average,1.0
2026-09-30T15:51:00+00:00,backend,CWAgent,netstat_tcp_established,,maximum,1.0
2026-09-30T15:52:00+00:00,backend,CWAgent,netstat_tcp_established,,maximum,1.0
2026-09-30T15:53:00+00:00,backend,CWAgent,netstat_tcp_established,,maximum,1.0
2026-09-30T15:54:00+00:00,backend,CWAgent,netstat_tcp_established,,maximum,1.0
2026-09-30T15:55:00+00:00,backend,CWAgent,netstat_tcp_established,,maximum,1.0
2026-09-30T15:56:00+00:00,backend,CWAgent,netstat_tcp_established,,maximum,1.0
2026-09-30T15:57:00+00:00,backend,CWAgent,netstat_tcp_established,,maximum,1.0
2026-09-30T15:58:00+00:00,backend,CWAgent,netstat_tcp_established,,maximum,1.0
2026-09-30T15:59:00+00:00,backend,CWAgent,netstat_tcp_established,,maximum,1.0
2026-09-30T16:00:00+00:00,backend,CWAgent,netstat_tcp_established,,maximum,1.0
2026-09-30T16:01:00+00:00,backend,CWAgent,netstat_tcp_established,,maximum,1.0
2026-09-30T16:02:00+00:00,backend,CWAgent,netstat_tcp_established,,maximum,1.0
2026-09-30T16:03:00+00:00,backend,CWAgent,netstat_tcp_established,,maximum,1.0
2026-09-30T15:51:00+00:00,backend,CWAgent,procstat_memory_rss,exe=dockerd;process_name=dockerd,average,51527680.0
2026-09-30T15:52:00+00:00,backend,CWAgent,procstat_memory_rss,exe=dockerd;process_name=dockerd,average,51662848.0
2026-09-30T15:53:00+00:00,backend,CWAgent,procstat_memory_rss,exe=dockerd;process_name=dockerd,average,53538816.0
2026-09-30T15:54:00+00:00,backend,CWAgent,procstat_memory_rss,exe=dockerd;process_name=dockerd,average,53518336.0
2026-09-30T15:55:00+00:00,backend,CWAgent,procstat_memory_rss,exe=dockerd;process_name=dockerd,average,52772864.0
2026-09-30T15:56:00+00:00,backend,CWAgent,procstat_memory_rss,exe=dockerd;process_name=dockerd,average,52772864.0
2026-09-30T15:57:00+00:00,backend,CWAgent,procstat_memory_rss,exe=dockerd;process_name=dockerd,average,52912128.0
2026-09-30T15:58:00+00:00,backend,CWAgent,procstat_memory_rss,exe=dockerd;process_name=dockerd,average,52969472.0
2026-09-30T15:59:00+00:00,backend,CWAgent,procstat_memory_rss,exe=dockerd;process_name=dockerd,average,52908032.0
2026-09-30T16:00:00+00:00,backend,CWAgent,procstat_memory_rss,exe=dockerd;process_name=dockerd,average,52875264.0
2026-09-30T16:01:00+00:00,backend,CWAgent,procstat_memory_rss,exe=dockerd;process_name=dockerd,average,52891648.0
2026-09-30T16:02:00+00:00,backend,CWAgent,procstat_memory_rss,exe=dockerd;process_name=dockerd,average,52944896.0
2026-09-30T16:03:00+00:00,backend,CWAgent,procstat_memory_rss,exe=dockerd;process_name=dockerd,average,52985856.0
2026-09-30T15:51:00+00:00,backend,CWAgent,procstat_memory_rss,exe=dockerd;process_name=dockerd,maximum,51527680.0
2026-09-30T15:52:00+00:00,backend,CWAgent,procstat_memory_rss,exe=dockerd;process_name=dockerd,maximum,51662848.0
2026-09-30T15:53:00+00:00,backend,CWAgent,procstat_memory_rss,exe=dockerd;process_name=dockerd,maximum,53538816.0
2026-09-30T15:54:00+00:00,backend,CWAgent,procstat_memory_rss,exe=dockerd;process_name=dockerd,maximum,53518336.0
2026-09-30T15:55:00+00:00,backend,CWAgent,procstat_memory_rss,exe=dockerd;process_name=dockerd,maximum,52772864.0
2026-09-30T15:56:00+00:00,backend,CWAgent,procstat_memory_rss,exe=dockerd;process_name=dockerd,maximum,52772864.0
2026-09-30T15:57:00+00:00,backend,CWAgent,procstat_memory_rss,exe=dockerd;process_name=dockerd,maximum,52912128.0
2026-09-30T15:58:00+00:00,backend,CWAgent,procstat_memory_rss,exe=dockerd;process_name=dockerd,maximum,52969472.0
2026-09-30T15:59:00+00:00,backend,CWAgent,procstat_memory_rss,exe=dockerd;process_name=dockerd,maximum,52908032.0
2026-09-30T16:00:00+00:00,backend,CWAgent,procstat_memory_rss,exe=dockerd;process_name=dockerd,maximum,52875264.0
2026-09-30T16:01:00+00:00,backend,CWAgent,procstat_memory_rss,exe=dockerd;process_name=dockerd,maximum,52891648.0
2026-09-30T16:02:00+00:00,backend,CWAgent,procstat_memory_rss,exe=dockerd;process_name=dockerd,maximum,52944896.0
2026-09-30T16:03:00+00:00,backend,CWAgent,procstat_memory_rss,exe=dockerd;process_name=dockerd,maximum,52985856.0
2026-09-30T15:51:00+00:00,backend,CWAgent,diskio_iops_in_progress,name=nvme0n1,average,0.0
2026-09-30T15:52:00+00:00,backend,CWAgent,diskio_iops_in_progress,name=nvme0n1,average,0.0
2026-09-30T15:53:00+00:00,backend,CWAgent,diskio_iops_in_progress,name=nvme0n1,average,0.0
2026-09-30T15:54:00+00:00,backend,CWAgent,diskio_iops_in_progress,name=nvme0n1,average,0.0
2026-09-30T15:55:00+00:00,backend,CWAgent,diskio_iops_in_progress,name=nvme0n1,average,0.0
2026-09-30T15:56:00+00:00,backend,CWAgent,diskio_iops_in_progress,name=nvme0n1,average,0.0
2026-09-30T15:57:00+00:00,backend,CWAgent,diskio_iops_in_progress,name=nvme0n1,average,0.0
2026-09-30T15:58:00+00:00,backend,CWAgent,diskio_iops_in_progress,name=nvme0n1,average,0.0
2026-09-30T15:59:00+00:00,backend,CWAgent,diskio_iops_in_progress,name=nvme0n1,average,0.0
2026-09-30T16:00:00+00:00,backend,CWAgent,diskio_iops_in_progress,name=nvme0n1,average,0.0
2026-09-30T16:01:00+00:00,backend,CWAgent,diskio_iops_in_progress,name=nvme0n1,average,0.0
2026-09-30T16:02:00+00:00,backend,CWAgent,diskio_iops_in_progress,name=nvme0n1,average,0.0
2026-09-30T16:03:00+00:00,backend,CWAgent,diskio_iops_in_progress,name=nvme0n1,average,0.0
2026-09-30T15:51:00+00:00,backend,CWAgent,diskio_iops_in_progress,name=nvme0n1,maximum,0.0
2026-09-30T15:52:00+00:00,backend,CWAgent,diskio_iops_in_progress,name=nvme0n1,maximum,0.0
2026-09-30T15:53:00+00:00,backend,CWAgent,diskio_iops_in_progress,name=nvme0n1,maximum,0.0
2026-09-30T15:54:00+00:00,backend,CWAgent,diskio_iops_in_progress,name=nvme0n1,maximum,0.0
2026-09-30T15:55:00+00:00,backend,CWAgent,diskio_iops_in_progress,name=nvme0n1,maximum,0.0
2026-09-30T15:56:00+00:00,backend,CWAgent,diskio_iops_in_progress,name=nvme0n1,maximum,0.0
2026-09-30T15:57:00+00:00,backend,CWAgent,diskio_iops_in_progress,name=nvme0n1,maximum,0.0
2026-09-30T15:58:00+00:00,backend,CWAgent,diskio_iops_in_progress,name=nvme0n1,maximum,0.0
2026-09-30T15:59:00+00:00,backend,CWAgent,diskio_iops_in_progress,name=nvme0n1,maximum,0.0
2026-09-30T16:00:00+00:00,backend,CWAgent,diskio_iops_in_progress,name=nvme0n1,maximum,0.0
2026-09-30T16:01:00+00:00,backend,CWAgent,diskio_iops_in_progress,name=nvme0n1,maximum,0.0
2026-09-30T16:02:00+00:00,backend,CWAgent,diskio_iops_in_progress,name=nvme0n1,maximum,0.0
2026-09-30T16:03:00+00:00,backend,CWAgent,diskio_iops_in_progress,name=nvme0n1,maximum,0.0
2026-09-30T15:51:00+00:00,backend,CWAgent,disk_free,path=/;device=nvme0n1p1;fstype=ext4,average,3164000256.0
2026-09-30T15:52:00+00:00,backend,CWAgent,disk_free,path=/;device=nvme0n1p1;fstype=ext4,average,3164000256.0
2026-09-30T15:53:00+00:00,backend,CWAgent,disk_free,path=/;device=nvme0n1p1;fstype=ext4,average,3164000256.0
2026-09-30T15:54:00+00:00,backend,CWAgent,disk_free,path=/;device=nvme0n1p1;fstype=ext4,average,3163938816.0
2026-09-30T15:55:00+00:00,backend,CWAgent,disk_free,path=/;device=nvme0n1p1;fstype=ext4,average,3163889664.0
2026-09-30T15:56:00+00:00,backend,CWAgent,disk_free,path=/;device=nvme0n1p1;fstype=ext4,average,3163869184.0
2026-09-30T15:57:00+00:00,backend,CWAgent,disk_free,path=/;device=nvme0n1p1;fstype=ext4,average,3163869184.0
2026-09-30T15:58:00+00:00,backend,CWAgent,disk_free,path=/;device=nvme0n1p1;fstype=ext4,average,3163881472.0
2026-09-30T15:59:00+00:00,backend,CWAgent,disk_free,path=/;device=nvme0n1p1;fstype=ext4,average,3163860992.0
2026-09-30T16:00:00+00:00,backend,CWAgent,disk_free,path=/;device=nvme0n1p1;fstype=ext4,average,3163877376.0
2026-09-30T16:01:00+00:00,backend,CWAgent,disk_free,path=/;device=nvme0n1p1;fstype=ext4,average,3163930624.0
2026-09-30T16:02:00+00:00,backend,CWAgent,disk_free,path=/;device=nvme0n1p1;fstype=ext4,average,3163996160.0
2026-09-30T16:03:00+00:00,backend,CWAgent,disk_free,path=/;device=nvme0n1p1;fstype=ext4,average,3163996160.0
2026-09-30T15:51:00+00:00,backend,CWAgent,disk_free,path=/;device=nvme0n1p1;fstype=ext4,maximum,3164000256.0
2026-09-30T15:52:00+00:00,backend,CWAgent,disk_free,path=/;device=nvme0n1p1;fstype=ext4,maximum,3164000256.0
2026-09-30T15:53:00+00:00,backend,CWAgent,disk_free,path=/;device=nvme0n1p1;fstype=ext4,maximum,3164000256.0
2026-09-30T15:54:00+00:00,backend,CWAgent,disk_free,path=/;device=nvme0n1p1;fstype=ext4,maximum,3163938816.0
2026-09-30T15:55:00+00:00,backend,CWAgent,disk_free,path=/;device=nvme0n1p1;fstype=ext4,maximum,3163889664.0
2026-09-30T15:56:00+00:00,backend,CWAgent,disk_free,path=/;device=nvme0n1p1;fstype=ext4,maximum,3163869184.0
2026-09-30T15:57:00+00:00,backend,CWAgent,disk_free,path=/;device=nvme0n1p1;fstype=ext4,maximum,3163869184.0
2026-09-30T15:58:00+00:00,backend,CWAgent,disk_free,path=/;device=nvme0n1p1;fstype=ext4,maximum,3163881472.0
2026-09-30T15:59:00+00:00,backend,CWAgent,disk_free,path=/;device=nvme0n1p1;fstype=ext4,maximum,3163860992.0
2026-09-30T16:00:00+00:00,backend,CWAgent,disk_free,path=/;device=nvme0n1p1;fstype=ext4,maximum,3163877376.0
2026-09-30T16:01:00+00:00,backend,CWAgent,disk_free,path=/;device=nvme0n1p1;fstype=ext4,maximum,3163930624.0
2026-09-30T16:02:00+00:00,backend,CWAgent,disk_free,path=/;device=nvme0n1p1;fstype=ext4,maximum,3163996160.0
2026-09-30T16:03:00+00:00,backend,CWAgent,disk_free,path=/;device=nvme0n1p1;fstype=ext4,maximum,3163996160.0
2026-09-30T15:51:00+00:00,backend,CWAgent,mem_used,,average,722882560.0
2026-09-30T15:52:00+00:00,backend,CWAgent,mem_used,,average,744394752.0
2026-09-30T15:53:00+00:00,backend,CWAgent,mem_used,,average,734384128.0
2026-09-30T15:54:00+00:00,backend,CWAgent,mem_used,,average,750604288.0
2026-09-30T15:55:00+00:00,backend,CWAgent,mem_used,,average,764104704.0
2026-09-30T15:56:00+00:00,backend,CWAgent,mem_used,,average,772460544.0
2026-09-30T15:57:00+00:00,backend,CWAgent,mem_used,,average,771964928.0
2026-09-30T15:58:00+00:00,backend,CWAgent,mem_used,,average,785055744.0
2026-09-30T15:59:00+00:00,backend,CWAgent,mem_used,,average,780742656.0
2026-09-30T16:00:00+00:00,backend,CWAgent,mem_used,,average,795959296.0
2026-09-30T16:01:00+00:00,backend,CWAgent,mem_used,,average,772530176.0
2026-09-30T16:02:00+00:00,backend,CWAgent,mem_used,,average,757186560.0
2026-09-30T16:03:00+00:00,backend,CWAgent,mem_used,,average,735064064.0
2026-09-30T15:51:00+00:00,backend,CWAgent,mem_used,,maximum,722882560.0
2026-09-30T15:52:00+00:00,backend,CWAgent,mem_used,,maximum,744394752.0
2026-09-30T15:53:00+00:00,backend,CWAgent,mem_used,,maximum,734384128.0
2026-09-30T15:54:00+00:00,backend,CWAgent,mem_used,,maximum,750604288.0
2026-09-30T15:55:00+00:00,backend,CWAgent,mem_used,,maximum,764104704.0
2026-09-30T15:56:00+00:00,backend,CWAgent,mem_used,,maximum,772460544.0
2026-09-30T15:57:00+00:00,backend,CWAgent,mem_used,,maximum,771964928.0
2026-09-30T15:58:00+00:00,backend,CWAgent,mem_used,,maximum,785055744.0
2026-09-30T15:59:00+00:00,backend,CWAgent,mem_used,,maximum,780742656.0
2026-09-30T16:00:00+00:00,backend,CWAgent,mem_used,,maximum,795959296.0
2026-09-30T16:01:00+00:00,backend,CWAgent,mem_used,,maximum,772530176.0
2026-09-30T16:02:00+00:00,backend,CWAgent,mem_used,,maximum,757186560.0
2026-09-30T16:03:00+00:00,backend,CWAgent,mem_used,,maximum,735064064.0
2026-09-30T15:51:00+00:00,backend,CWAgent,netstat_tcp_time_wait,,average,0.0
2026-09-30T15:52:00+00:00,backend,CWAgent,netstat_tcp_time_wait,,average,1.0
2026-09-30T15:53:00+00:00,backend,CWAgent,netstat_tcp_time_wait,,average,0.0
2026-09-30T15:54:00+00:00,backend,CWAgent,netstat_tcp_time_wait,,average,0.0
2026-09-30T15:55:00+00:00,backend,CWAgent,netstat_tcp_time_wait,,average,0.0
2026-09-30T15:56:00+00:00,backend,CWAgent,netstat_tcp_time_wait,,average,0.0
2026-09-30T15:57:00+00:00,backend,CWAgent,netstat_tcp_time_wait,,average,0.0
2026-09-30T15:58:00+00:00,backend,CWAgent,netstat_tcp_time_wait,,average,0.0
2026-09-30T15:59:00+00:00,backend,CWAgent,netstat_tcp_time_wait,,average,0.0
2026-09-30T16:00:00+00:00,backend,CWAgent,netstat_tcp_time_wait,,average,0.0
2026-09-30T16:01:00+00:00,backend,CWAgent,netstat_tcp_time_wait,,average,0.0
2026-09-30T16:02:00+00:00,backend,CWAgent,netstat_tcp_time_wait,,average,0.0
2026-09-30T16:03:00+00:00,backend,CWAgent,netstat_tcp_time_wait,,average,0.0
2026-09-30T15:51:00+00:00,backend,CWAgent,netstat_tcp_time_wait,,maximum,0.0
2026-09-30T15:52:00+00:00,backend,CWAgent,netstat_tcp_time_wait,,maximum,1.0
2026-09-30T15:53:00+00:00,backend,CWAgent,netstat_tcp_time_wait,,maximum,0.0
2026-09-30T15:54:00+00:00,backend,CWAgent,netstat_tcp_time_wait,,maximum,0.0
2026-09-30T15:55:00+00:00,backend,CWAgent,netstat_tcp_time_wait,,maximum,0.0
2026-09-30T15:56:00+00:00,backend,CWAgent,netstat_tcp_time_wait,,maximum,0.0
2026-09-30T15:57:00+00:00,backend,CWAgent,netstat_tcp_time_wait,,maximum,0.0
2026-09-30T15:58:00+00:00,backend,CWAgent,netstat_tcp_time_wait,,maximum,0.0
2026-09-30T15:59:00+00:00,backend,CWAgent,netstat_tcp_time_wait,,maximum,0.0
2026-09-30T16:00:00+00:00,backend,CWAgent,netstat_tcp_time_wait,,maximum,0.0
2026-09-30T16:01:00+00:00,backend,CWAgent,netstat_tcp_time_wait,,maximum,0.0
2026-09-30T16:02:00+00:00,backend,CWAgent,netstat_tcp_time_wait,,maximum,0.0
2026-09-30T16:03:00+00:00,backend,CWAgent,netstat_tcp_time_wait,,maximum,0.0
2026-09-30T15:51:00+00:00,backend,CWAgent,disk_used,path=/;device=nvme0n1p1;fstype=ext4,average,4614217728.0
2026-09-30T15:52:00+00:00,backend,CWAgent,disk_used,path=/;device=nvme0n1p1;fstype=ext4,average,4614217728.0
2026-09-30T15:53:00+00:00,backend,CWAgent,disk_used,path=/;device=nvme0n1p1;fstype=ext4,average,4614217728.0
2026-09-30T15:54:00+00:00,backend,CWAgent,disk_used,path=/;device=nvme0n1p1;fstype=ext4,average,4614279168.0
2026-09-30T15:55:00+00:00,backend,CWAgent,disk_used,path=/;device=nvme0n1p1;fstype=ext4,average,4614328320.0
2026-09-30T15:56:00+00:00,backend,CWAgent,disk_used,path=/;device=nvme0n1p1;fstype=ext4,average,4614348800.0
2026-09-30T15:57:00+00:00,backend,CWAgent,disk_used,path=/;device=nvme0n1p1;fstype=ext4,average,4614348800.0
2026-09-30T15:58:00+00:00,backend,CWAgent,disk_used,path=/;device=nvme0n1p1;fstype=ext4,average,4614336512.0
2026-09-30T15:59:00+00:00,backend,CWAgent,disk_used,path=/;device=nvme0n1p1;fstype=ext4,average,4614356992.0
2026-09-30T16:00:00+00:00,backend,CWAgent,disk_used,path=/;device=nvme0n1p1;fstype=ext4,average,4614340608.0
2026-09-30T16:01:00+00:00,backend,CWAgent,disk_used,path=/;device=nvme0n1p1;fstype=ext4,average,4614287360.0
2026-09-30T16:02:00+00:00,backend,CWAgent,disk_used,path=/;device=nvme0n1p1;fstype=ext4,average,4614221824.0
2026-09-30T16:03:00+00:00,backend,CWAgent,disk_used,path=/;device=nvme0n1p1;fstype=ext4,average,4614221824.0
2026-09-30T15:51:00+00:00,backend,CWAgent,disk_used,path=/;device=nvme0n1p1;fstype=ext4,maximum,4614217728.0
2026-09-30T15:52:00+00:00,backend,CWAgent,disk_used,path=/;device=nvme0n1p1;fstype=ext4,maximum,4614217728.0
2026-09-30T15:53:00+00:00,backend,CWAgent,disk_used,path=/;device=nvme0n1p1;fstype=ext4,maximum,4614217728.0
2026-09-30T15:54:00+00:00,backend,CWAgent,disk_used,path=/;device=nvme0n1p1;fstype=ext4,maximum,4614279168.0
2026-09-30T15:55:00+00:00,backend,CWAgent,disk_used,path=/;device=nvme0n1p1;fstype=ext4,maximum,4614328320.0
2026-09-30T15:56:00+00:00,backend,CWAgent,disk_used,path=/;device=nvme0n1p1;fstype=ext4,maximum,4614348800.0
2026-09-30T15:57:00+00:00,backend,CWAgent,disk_used,path=/;device=nvme0n1p1;fstype=ext4,maximum,4614348800.0
2026-09-30T15:58:00+00:00,backend,CWAgent,disk_used,path=/;device=nvme0n1p1;fstype=ext4,maximum,4614336512.0
2026-09-30T15:59:00+00:00,backend,CWAgent,disk_used,path=/;device=nvme0n1p1;fstype=ext4,maximum,4614356992.0
2026-09-30T16:00:00+00:00,backend,CWAgent,disk_used,path=/;device=nvme0n1p1;fstype=ext4,maximum,4614340608.0
2026-09-30T16:01:00+00:00,backend,CWAgent,disk_used,path=/;device=nvme0n1p1;fstype=ext4,maximum,4614287360.0
2026-09-30T16:02:00+00:00,backend,CWAgent,disk_used,path=/;device=nvme0n1p1;fstype=ext4,maximum,4614221824.0
2026-09-30T16:03:00+00:00,backend,CWAgent,disk_used,path=/;device=nvme0n1p1;fstype=ext4,maximum,4614221824.0
2026-09-30T15:51:00+00:00,backend,CWAgent,swap_used_percent,,average,14.683179251059059
2026-09-30T15:52:00+00:00,backend,CWAgent,swap_used_percent,,average,14.683179251059059
2026-09-30T15:53:00+00:00,backend,CWAgent,swap_used_percent,,average,14.658765141992841
2026-09-30T15:54:00+00:00,backend,CWAgent,swap_used_percent,,average,14.622143978393515
2026-09-30T15:55:00+00:00,backend,CWAgent,swap_used_percent,,average,14.585522814794189
2026-09-30T15:56:00+00:00,backend,CWAgent,swap_used_percent,,average,14.57331576026108
2026-09-30T15:57:00+00:00,backend,CWAgent,swap_used_percent,,average,14.57331576026108
2026-09-30T15:58:00+00:00,backend,CWAgent,swap_used_percent,,average,14.57331576026108
2026-09-30T15:59:00+00:00,backend,CWAgent,swap_used_percent,,average,14.585522814794189
2026-09-30T16:00:00+00:00,backend,CWAgent,swap_used_percent,,average,14.585522814794189
2026-09-30T16:01:00+00:00,backend,CWAgent,swap_used_percent,,average,14.57331576026108
2026-09-30T16:02:00+00:00,backend,CWAgent,swap_used_percent,,average,14.57331576026108
2026-09-30T16:03:00+00:00,backend,CWAgent,swap_used_percent,,average,14.57331576026108
2026-09-30T15:51:00+00:00,backend,CWAgent,swap_used_percent,,maximum,14.683179251059059
2026-09-30T15:52:00+00:00,backend,CWAgent,swap_used_percent,,maximum,14.683179251059059
2026-09-30T15:53:00+00:00,backend,CWAgent,swap_used_percent,,maximum,14.658765141992841
2026-09-30T15:54:00+00:00,backend,CWAgent,swap_used_percent,,maximum,14.622143978393515
2026-09-30T15:55:00+00:00,backend,CWAgent,swap_used_percent,,maximum,14.585522814794189
2026-09-30T15:56:00+00:00,backend,CWAgent,swap_used_percent,,maximum,14.57331576026108
2026-09-30T15:57:00+00:00,backend,CWAgent,swap_used_percent,,maximum,14.57331576026108
2026-09-30T15:58:00+00:00,backend,CWAgent,swap_used_percent,,maximum,14.57331576026108
2026-09-30T15:59:00+00:00,backend,CWAgent,swap_used_percent,,maximum,14.585522814794189
2026-09-30T16:00:00+00:00,backend,CWAgent,swap_used_percent,,maximum,14.585522814794189
2026-09-30T16:01:00+00:00,backend,CWAgent,swap_used_percent,,maximum,14.57331576026108
2026-09-30T16:02:00+00:00,backend,CWAgent,swap_used_percent,,maximum,14.57331576026108
2026-09-30T16:03:00+00:00,backend,CWAgent,swap_used_percent,,maximum,14.57331576026108
2026-09-30T15:51:00+00:00,backend,CWAgent,disk_used_percent,path=/;device=nvme0n1p1;fstype=ext4,average,59.32229898276916
2026-09-30T15:52:00+00:00,backend,CWAgent,disk_used_percent,path=/;device=nvme0n1p1;fstype=ext4,average,59.32229898276916
2026-09-30T15:53:00+00:00,backend,CWAgent,disk_used_percent,path=/;device=nvme0n1p1;fstype=ext4,average,59.32229898276916
2026-09-30T15:54:00+00:00,backend,CWAgent,disk_used_percent,path=/;device=nvme0n1p1;fstype=ext4,average,59.32308888091969
2026-09-30T15:55:00+00:00,backend,CWAgent,disk_used_percent,path=/;device=nvme0n1p1;fstype=ext4,average,59.32372079944012
2026-09-30T15:56:00+00:00,backend,CWAgent,disk_used_percent,path=/;device=nvme0n1p1;fstype=ext4,average,59.32398409882364
2026-09-30T15:57:00+00:00,backend,CWAgent,disk_used_percent,path=/;device=nvme0n1p1;fstype=ext4,average,59.32398409882364
2026-09-30T15:58:00+00:00,backend,CWAgent,disk_used_percent,path=/;device=nvme0n1p1;fstype=ext4,average,59.32382611919353
2026-09-30T15:59:00+00:00,backend,CWAgent,disk_used_percent,path=/;device=nvme0n1p1;fstype=ext4,average,59.32408941857703
2026-09-30T16:00:00+00:00,backend,CWAgent,disk_used_percent,path=/;device=nvme0n1p1;fstype=ext4,average,59.32387877907023
2026-09-30T16:01:00+00:00,backend,CWAgent,disk_used_percent,path=/;device=nvme0n1p1;fstype=ext4,average,59.3231942006731
2026-09-30T16:02:00+00:00,backend,CWAgent,disk_used_percent,path=/;device=nvme0n1p1;fstype=ext4,average,59.32235164264586
2026-09-30T16:03:00+00:00,backend,CWAgent,disk_used_percent,path=/;device=nvme0n1p1;fstype=ext4,average,59.32235164264586
2026-09-30T15:51:00+00:00,backend,CWAgent,disk_used_percent,path=/;device=nvme0n1p1;fstype=ext4,maximum,59.32229898276916
2026-09-30T15:52:00+00:00,backend,CWAgent,disk_used_percent,path=/;device=nvme0n1p1;fstype=ext4,maximum,59.32229898276916
2026-09-30T15:53:00+00:00,backend,CWAgent,disk_used_percent,path=/;device=nvme0n1p1;fstype=ext4,maximum,59.32229898276916
2026-09-30T15:54:00+00:00,backend,CWAgent,disk_used_percent,path=/;device=nvme0n1p1;fstype=ext4,maximum,59.32308888091969
2026-09-30T15:55:00+00:00,backend,CWAgent,disk_used_percent,path=/;device=nvme0n1p1;fstype=ext4,maximum,59.32372079944012
2026-09-30T15:56:00+00:00,backend,CWAgent,disk_used_percent,path=/;device=nvme0n1p1;fstype=ext4,maximum,59.32398409882364
2026-09-30T15:57:00+00:00,backend,CWAgent,disk_used_percent,path=/;device=nvme0n1p1;fstype=ext4,maximum,59.32398409882364
2026-09-30T15:58:00+00:00,backend,CWAgent,disk_used_percent,path=/;device=nvme0n1p1;fstype=ext4,maximum,59.32382611919353
2026-09-30T15:59:00+00:00,backend,CWAgent,disk_used_percent,path=/;device=nvme0n1p1;fstype=ext4,maximum,59.32408941857703
2026-09-30T16:00:00+00:00,backend,CWAgent,disk_used_percent,path=/;device=nvme0n1p1;fstype=ext4,maximum,59.32387877907023
2026-09-30T16:01:00+00:00,backend,CWAgent,disk_used_percent,path=/;device=nvme0n1p1;fstype=ext4,maximum,59.3231942006731
2026-09-30T16:02:00+00:00,backend,CWAgent,disk_used_percent,path=/;device=nvme0n1p1;fstype=ext4,maximum,59.32235164264586
2026-09-30T16:03:00+00:00,backend,CWAgent,disk_used_percent,path=/;device=nvme0n1p1;fstype=ext4,maximum,59.32235164264586
2026-09-30T15:51:00+00:00,backend,CWAgent,procstat_memory_rss,exe=amazon-cloudwatch-agent;process_name=amazon-cloudwatch-agent,average,56135680.0
2026-09-30T15:52:00+00:00,backend,CWAgent,procstat_memory_rss,exe=amazon-cloudwatch-agent;process_name=amazon-cloudwatch-agent,average,56176640.0
2026-09-30T15:53:00+00:00,backend,CWAgent,procstat_memory_rss,exe=amazon-cloudwatch-agent;process_name=amazon-cloudwatch-agent,average,53624832.0
2026-09-30T15:54:00+00:00,backend,CWAgent,procstat_memory_rss,exe=amazon-cloudwatch-agent;process_name=amazon-cloudwatch-agent,average,53690368.0
2026-09-30T15:55:00+00:00,backend,CWAgent,procstat_memory_rss,exe=amazon-cloudwatch-agent;process_name=amazon-cloudwatch-agent,average,51806208.0
2026-09-30T15:56:00+00:00,backend,CWAgent,procstat_memory_rss,exe=amazon-cloudwatch-agent;process_name=amazon-cloudwatch-agent,average,51982336.0
2026-09-30T15:57:00+00:00,backend,CWAgent,procstat_memory_rss,exe=amazon-cloudwatch-agent;process_name=amazon-cloudwatch-agent,average,53665792.0
2026-09-30T15:58:00+00:00,backend,CWAgent,procstat_memory_rss,exe=amazon-cloudwatch-agent;process_name=amazon-cloudwatch-agent,average,54509568.0
2026-09-30T15:59:00+00:00,backend,CWAgent,procstat_memory_rss,exe=amazon-cloudwatch-agent;process_name=amazon-cloudwatch-agent,average,55091200.0
2026-09-30T16:00:00+00:00,backend,CWAgent,procstat_memory_rss,exe=amazon-cloudwatch-agent;process_name=amazon-cloudwatch-agent,average,55353344.0
2026-09-30T16:01:00+00:00,backend,CWAgent,procstat_memory_rss,exe=amazon-cloudwatch-agent;process_name=amazon-cloudwatch-agent,average,55418880.0
2026-09-30T16:02:00+00:00,backend,CWAgent,procstat_memory_rss,exe=amazon-cloudwatch-agent;process_name=amazon-cloudwatch-agent,average,55513088.0
2026-09-30T16:03:00+00:00,backend,CWAgent,procstat_memory_rss,exe=amazon-cloudwatch-agent;process_name=amazon-cloudwatch-agent,average,55599104.0
2026-09-30T15:51:00+00:00,backend,CWAgent,procstat_memory_rss,exe=amazon-cloudwatch-agent;process_name=amazon-cloudwatch-agent,maximum,56135680.0
2026-09-30T15:52:00+00:00,backend,CWAgent,procstat_memory_rss,exe=amazon-cloudwatch-agent;process_name=amazon-cloudwatch-agent,maximum,56176640.0
2026-09-30T15:53:00+00:00,backend,CWAgent,procstat_memory_rss,exe=amazon-cloudwatch-agent;process_name=amazon-cloudwatch-agent,maximum,53624832.0
2026-09-30T15:54:00+00:00,backend,CWAgent,procstat_memory_rss,exe=amazon-cloudwatch-agent;process_name=amazon-cloudwatch-agent,maximum,53690368.0
2026-09-30T15:55:00+00:00,backend,CWAgent,procstat_memory_rss,exe=amazon-cloudwatch-agent;process_name=amazon-cloudwatch-agent,maximum,51806208.0
2026-09-30T15:56:00+00:00,backend,CWAgent,procstat_memory_rss,exe=amazon-cloudwatch-agent;process_name=amazon-cloudwatch-agent,maximum,51982336.0
2026-09-30T15:57:00+00:00,backend,CWAgent,procstat_memory_rss,exe=amazon-cloudwatch-agent;process_name=amazon-cloudwatch-agent,maximum,53665792.0
2026-09-30T15:58:00+00:00,backend,CWAgent,procstat_memory_rss,exe=amazon-cloudwatch-agent;process_name=amazon-cloudwatch-agent,maximum,54509568.0
2026-09-30T15:59:00+00:00,backend,CWAgent,procstat_memory_rss,exe=amazon-cloudwatch-agent;process_name=amazon-cloudwatch-agent,maximum,55091200.0
2026-09-30T16:00:00+00:00,backend,CWAgent,procstat_memory_rss,exe=amazon-cloudwatch-agent;process_name=amazon-cloudwatch-agent,maximum,55353344.0
2026-09-30T16:01:00+00:00,backend,CWAgent,procstat_memory_rss,exe=amazon-cloudwatch-agent;process_name=amazon-cloudwatch-agent,maximum,55418880.0
2026-09-30T16:02:00+00:00,backend,CWAgent,procstat_memory_rss,exe=amazon-cloudwatch-agent;process_name=amazon-cloudwatch-agent,maximum,55513088.0
2026-09-30T16:03:00+00:00,backend,CWAgent,procstat_memory_rss,exe=amazon-cloudwatch-agent;process_name=amazon-cloudwatch-agent,maximum,55599104.0
2026-09-30T15:51:00+00:00,backend,CWAgent,diskio_writes,name=nvme0n1p1,average,150.0
2026-09-30T15:52:00+00:00,backend,CWAgent,diskio_writes,name=nvme0n1p1,average,85.0
2026-09-30T15:53:00+00:00,backend,CWAgent,diskio_writes,name=nvme0n1p1,average,50.0
2026-09-30T15:54:00+00:00,backend,CWAgent,diskio_writes,name=nvme0n1p1,average,184.0
2026-09-30T15:55:00+00:00,backend,CWAgent,diskio_writes,name=nvme0n1p1,average,101.0
2026-09-30T15:56:00+00:00,backend,CWAgent,diskio_writes,name=nvme0n1p1,average,49.0
2026-09-30T15:57:00+00:00,backend,CWAgent,diskio_writes,name=nvme0n1p1,average,51.0
2026-09-30T15:58:00+00:00,backend,CWAgent,diskio_writes,name=nvme0n1p1,average,65.0
2026-09-30T15:59:00+00:00,backend,CWAgent,diskio_writes,name=nvme0n1p1,average,201.0
2026-09-30T16:00:00+00:00,backend,CWAgent,diskio_writes,name=nvme0n1p1,average,42.0
2026-09-30T16:01:00+00:00,backend,CWAgent,diskio_writes,name=nvme0n1p1,average,56.0
2026-09-30T16:02:00+00:00,backend,CWAgent,diskio_writes,name=nvme0n1p1,average,49.0
2026-09-30T16:03:00+00:00,backend,CWAgent,diskio_writes,name=nvme0n1p1,average,31.0
2026-09-30T15:51:00+00:00,backend,CWAgent,diskio_writes,name=nvme0n1p1,maximum,150.0
2026-09-30T15:52:00+00:00,backend,CWAgent,diskio_writes,name=nvme0n1p1,maximum,85.0
2026-09-30T15:53:00+00:00,backend,CWAgent,diskio_writes,name=nvme0n1p1,maximum,50.0
2026-09-30T15:54:00+00:00,backend,CWAgent,diskio_writes,name=nvme0n1p1,maximum,184.0
2026-09-30T15:55:00+00:00,backend,CWAgent,diskio_writes,name=nvme0n1p1,maximum,101.0
2026-09-30T15:56:00+00:00,backend,CWAgent,diskio_writes,name=nvme0n1p1,maximum,49.0
2026-09-30T15:57:00+00:00,backend,CWAgent,diskio_writes,name=nvme0n1p1,maximum,51.0
2026-09-30T15:58:00+00:00,backend,CWAgent,diskio_writes,name=nvme0n1p1,maximum,65.0
2026-09-30T15:59:00+00:00,backend,CWAgent,diskio_writes,name=nvme0n1p1,maximum,201.0
2026-09-30T16:00:00+00:00,backend,CWAgent,diskio_writes,name=nvme0n1p1,maximum,42.0
2026-09-30T16:01:00+00:00,backend,CWAgent,diskio_writes,name=nvme0n1p1,maximum,56.0
2026-09-30T16:02:00+00:00,backend,CWAgent,diskio_writes,name=nvme0n1p1,maximum,49.0
2026-09-30T16:03:00+00:00,backend,CWAgent,diskio_writes,name=nvme0n1p1,maximum,31.0
2026-09-30T15:51:00+00:00,backend,CWAgent,procstat_cpu_usage,exe=amazon-cloudwatch-agent;process_name=amazon-cloudwatch-agent,average,0.35006315515637054
2026-09-30T15:52:00+00:00,backend,CWAgent,procstat_cpu_usage,exe=amazon-cloudwatch-agent;process_name=amazon-cloudwatch-agent,average,0.3499990376601415
2026-09-30T15:53:00+00:00,backend,CWAgent,procstat_cpu_usage,exe=amazon-cloudwatch-agent;process_name=amazon-cloudwatch-agent,average,0.3500065193089376
2026-09-30T15:54:00+00:00,backend,CWAgent,procstat_cpu_usage,exe=amazon-cloudwatch-agent;process_name=amazon-cloudwatch-agent,average,0.3166207154811171
2026-09-30T15:55:00+00:00,backend,CWAgent,procstat_cpu_usage,exe=amazon-cloudwatch-agent;process_name=amazon-cloudwatch-agent,average,0.40005981407630276
2026-09-30T15:56:00+00:00,backend,CWAgent,procstat_cpu_usage,exe=amazon-cloudwatch-agent;process_name=amazon-cloudwatch-agent,average,0.4332565310673197
2026-09-30T15:57:00+00:00,backend,CWAgent,procstat_cpu_usage,exe=amazon-cloudwatch-agent;process_name=amazon-cloudwatch-agent,average,0.4667038247929101
2026-09-30T15:58:00+00:00,backend,CWAgent,procstat_cpu_usage,exe=amazon-cloudwatch-agent;process_name=amazon-cloudwatch-agent,average,0.4499956489245646
2026-09-30T15:59:00+00:00,backend,CWAgent,procstat_cpu_usage,exe=amazon-cloudwatch-agent;process_name=amazon-cloudwatch-agent,average,0.4833759329884494
2026-09-30T16:00:00+00:00,backend,CWAgent,procstat_cpu_usage,exe=amazon-cloudwatch-agent;process_name=amazon-cloudwatch-agent,average,0.4666044955293403
2026-09-30T16:01:00+00:00,backend,CWAgent,procstat_cpu_usage,exe=amazon-cloudwatch-agent;process_name=amazon-cloudwatch-agent,average,0.4333857878571299
2026-09-30T16:02:00+00:00,backend,CWAgent,procstat_cpu_usage,exe=amazon-cloudwatch-agent;process_name=amazon-cloudwatch-agent,average,0.4000159888724153
2026-09-30T16:03:00+00:00,backend,CWAgent,procstat_cpu_usage,exe=amazon-cloudwatch-agent;process_name=amazon-cloudwatch-agent,average,0.36666305544500905
2026-09-30T15:51:00+00:00,backend,CWAgent,procstat_cpu_usage,exe=amazon-cloudwatch-agent;process_name=amazon-cloudwatch-agent,maximum,0.35006315515637054
2026-09-30T15:52:00+00:00,backend,CWAgent,procstat_cpu_usage,exe=amazon-cloudwatch-agent;process_name=amazon-cloudwatch-agent,maximum,0.3499990376601415
2026-09-30T15:53:00+00:00,backend,CWAgent,procstat_cpu_usage,exe=amazon-cloudwatch-agent;process_name=amazon-cloudwatch-agent,maximum,0.3500065193089376
2026-09-30T15:54:00+00:00,backend,CWAgent,procstat_cpu_usage,exe=amazon-cloudwatch-agent;process_name=amazon-cloudwatch-agent,maximum,0.3166207154811171
2026-09-30T15:55:00+00:00,backend,CWAgent,procstat_cpu_usage,exe=amazon-cloudwatch-agent;process_name=amazon-cloudwatch-agent,maximum,0.40005981407630276
2026-09-30T15:56:00+00:00,backend,CWAgent,procstat_cpu_usage,exe=amazon-cloudwatch-agent;process_name=amazon-cloudwatch-agent,maximum,0.4332565310673197
2026-09-30T15:57:00+00:00,backend,CWAgent,procstat_cpu_usage,exe=amazon-cloudwatch-agent;process_name=amazon-cloudwatch-agent,maximum,0.4667038247929101
2026-09-30T15:58:00+00:00,backend,CWAgent,procstat_cpu_usage,exe=amazon-cloudwatch-agent;process_name=amazon-cloudwatch-agent,maximum,0.4499956489245646
2026-09-30T15:59:00+00:00,backend,CWAgent,procstat_cpu_usage,exe=amazon-cloudwatch-agent;process_name=amazon-cloudwatch-agent,maximum,0.4833759329884494
2026-09-30T16:00:00+00:00,backend,CWAgent,procstat_cpu_usage,exe=amazon-cloudwatch-agent;process_name=amazon-cloudwatch-agent,maximum,0.4666044955293403
2026-09-30T16:01:00+00:00,backend,CWAgent,procstat_cpu_usage,exe=amazon-cloudwatch-agent;process_name=amazon-cloudwatch-agent,maximum,0.4333857878571299
2026-09-30T16:02:00+00:00,backend,CWAgent,procstat_cpu_usage,exe=amazon-cloudwatch-agent;process_name=amazon-cloudwatch-agent,maximum,0.4000159888724153
2026-09-30T16:03:00+00:00,backend,CWAgent,procstat_cpu_usage,exe=amazon-cloudwatch-agent;process_name=amazon-cloudwatch-agent,maximum,0.36666305544500905
2026-09-30T15:51:00+00:00,backend,CWAgent,diskio_write_bytes,name=nvme0n1p1,average,1011712.0
2026-09-30T15:52:00+00:00,backend,CWAgent,diskio_write_bytes,name=nvme0n1p1,average,462848.0
2026-09-30T15:53:00+00:00,backend,CWAgent,diskio_write_bytes,name=nvme0n1p1,average,380928.0
2026-09-30T15:54:00+00:00,backend,CWAgent,diskio_write_bytes,name=nvme0n1p1,average,1282048.0
2026-09-30T15:55:00+00:00,backend,CWAgent,diskio_write_bytes,name=nvme0n1p1,average,1052672.0
2026-09-30T15:56:00+00:00,backend,CWAgent,diskio_write_bytes,name=nvme0n1p1,average,630784.0
2026-09-30T15:57:00+00:00,backend,CWAgent,diskio_write_bytes,name=nvme0n1p1,average,630784.0
2026-09-30T15:58:00+00:00,backend,CWAgent,diskio_write_bytes,name=nvme0n1p1,average,696320.0
2026-09-30T15:59:00+00:00,backend,CWAgent,diskio_write_bytes,name=nvme0n1p1,average,1302528.0
2026-09-30T16:00:00+00:00,backend,CWAgent,diskio_write_bytes,name=nvme0n1p1,average,557056.0
2026-09-30T16:01:00+00:00,backend,CWAgent,diskio_write_bytes,name=nvme0n1p1,average,577536.0
2026-09-30T16:02:00+00:00,backend,CWAgent,diskio_write_bytes,name=nvme0n1p1,average,442368.0
2026-09-30T16:03:00+00:00,backend,CWAgent,diskio_write_bytes,name=nvme0n1p1,average,176128.0
2026-09-30T15:51:00+00:00,backend,CWAgent,diskio_write_bytes,name=nvme0n1p1,maximum,1011712.0
2026-09-30T15:52:00+00:00,backend,CWAgent,diskio_write_bytes,name=nvme0n1p1,maximum,462848.0
2026-09-30T15:53:00+00:00,backend,CWAgent,diskio_write_bytes,name=nvme0n1p1,maximum,380928.0
2026-09-30T15:54:00+00:00,backend,CWAgent,diskio_write_bytes,name=nvme0n1p1,maximum,1282048.0
2026-09-30T15:55:00+00:00,backend,CWAgent,diskio_write_bytes,name=nvme0n1p1,maximum,1052672.0
2026-09-30T15:56:00+00:00,backend,CWAgent,diskio_write_bytes,name=nvme0n1p1,maximum,630784.0
2026-09-30T15:57:00+00:00,backend,CWAgent,diskio_write_bytes,name=nvme0n1p1,maximum,630784.0
2026-09-30T15:58:00+00:00,backend,CWAgent,diskio_write_bytes,name=nvme0n1p1,maximum,696320.0
2026-09-30T15:59:00+00:00,backend,CWAgent,diskio_write_bytes,name=nvme0n1p1,maximum,1302528.0
2026-09-30T16:00:00+00:00,backend,CWAgent,diskio_write_bytes,name=nvme0n1p1,maximum,557056.0
2026-09-30T16:01:00+00:00,backend,CWAgent,diskio_write_bytes,name=nvme0n1p1,maximum,577536.0
2026-09-30T16:02:00+00:00,backend,CWAgent,diskio_write_bytes,name=nvme0n1p1,maximum,442368.0
2026-09-30T16:03:00+00:00,backend,CWAgent,diskio_write_bytes,name=nvme0n1p1,maximum,176128.0
2026-09-30T15:51:00+00:00,backend,CWAgent,diskio_read_bytes,name=nvme0n1p1,average,6594560.0
2026-09-30T15:52:00+00:00,backend,CWAgent,diskio_read_bytes,name=nvme0n1p1,average,483328.0
2026-09-30T15:53:00+00:00,backend,CWAgent,diskio_read_bytes,name=nvme0n1p1,average,19333120.0
2026-09-30T15:54:00+00:00,backend,CWAgent,diskio_read_bytes,name=nvme0n1p1,average,2326528.0
2026-09-30T15:55:00+00:00,backend,CWAgent,diskio_read_bytes,name=nvme0n1p1,average,2314240.0
2026-09-30T15:56:00+00:00,backend,CWAgent,diskio_read_bytes,name=nvme0n1p1,average,1433600.0
2026-09-30T15:57:00+00:00,backend,CWAgent,diskio_read_bytes,name=nvme0n1p1,average,741376.0
2026-09-30T15:58:00+00:00,backend,CWAgent,diskio_read_bytes,name=nvme0n1p1,average,520192.0
2026-09-30T15:59:00+00:00,backend,CWAgent,diskio_read_bytes,name=nvme0n1p1,average,1789952.0
2026-09-30T16:00:00+00:00,backend,CWAgent,diskio_read_bytes,name=nvme0n1p1,average,7233536.0
2026-09-30T16:01:00+00:00,backend,CWAgent,diskio_read_bytes,name=nvme0n1p1,average,1048576.0
2026-09-30T16:02:00+00:00,backend,CWAgent,diskio_read_bytes,name=nvme0n1p1,average,479232.0
2026-09-30T16:03:00+00:00,backend,CWAgent,diskio_read_bytes,name=nvme0n1p1,average,212992.0
2026-09-30T15:51:00+00:00,backend,CWAgent,diskio_read_bytes,name=nvme0n1p1,maximum,6594560.0
2026-09-30T15:52:00+00:00,backend,CWAgent,diskio_read_bytes,name=nvme0n1p1,maximum,483328.0
2026-09-30T15:53:00+00:00,backend,CWAgent,diskio_read_bytes,name=nvme0n1p1,maximum,19333120.0
2026-09-30T15:54:00+00:00,backend,CWAgent,diskio_read_bytes,name=nvme0n1p1,maximum,2326528.0
2026-09-30T15:55:00+00:00,backend,CWAgent,diskio_read_bytes,name=nvme0n1p1,maximum,2314240.0
2026-09-30T15:56:00+00:00,backend,CWAgent,diskio_read_bytes,name=nvme0n1p1,maximum,1433600.0
2026-09-30T15:57:00+00:00,backend,CWAgent,diskio_read_bytes,name=nvme0n1p1,maximum,741376.0
2026-09-30T15:58:00+00:00,backend,CWAgent,diskio_read_bytes,name=nvme0n1p1,maximum,520192.0
2026-09-30T15:59:00+00:00,backend,CWAgent,diskio_read_bytes,name=nvme0n1p1,maximum,1789952.0
2026-09-30T16:00:00+00:00,backend,CWAgent,diskio_read_bytes,name=nvme0n1p1,maximum,7233536.0
2026-09-30T16:01:00+00:00,backend,CWAgent,diskio_read_bytes,name=nvme0n1p1,maximum,1048576.0
2026-09-30T16:02:00+00:00,backend,CWAgent,diskio_read_bytes,name=nvme0n1p1,maximum,479232.0
2026-09-30T16:03:00+00:00,backend,CWAgent,diskio_read_bytes,name=nvme0n1p1,maximum,212992.0
2026-09-30T15:51:00+00:00,backend,CWAgent,diskio_writes,name=nvme0n1p15,average,0.0
2026-09-30T15:52:00+00:00,backend,CWAgent,diskio_writes,name=nvme0n1p15,average,0.0
2026-09-30T15:53:00+00:00,backend,CWAgent,diskio_writes,name=nvme0n1p15,average,0.0
2026-09-30T15:54:00+00:00,backend,CWAgent,diskio_writes,name=nvme0n1p15,average,0.0
2026-09-30T15:55:00+00:00,backend,CWAgent,diskio_writes,name=nvme0n1p15,average,0.0
2026-09-30T15:56:00+00:00,backend,CWAgent,diskio_writes,name=nvme0n1p15,average,0.0
2026-09-30T15:57:00+00:00,backend,CWAgent,diskio_writes,name=nvme0n1p15,average,0.0
2026-09-30T15:58:00+00:00,backend,CWAgent,diskio_writes,name=nvme0n1p15,average,0.0
2026-09-30T15:59:00+00:00,backend,CWAgent,diskio_writes,name=nvme0n1p15,average,0.0
2026-09-30T16:00:00+00:00,backend,CWAgent,diskio_writes,name=nvme0n1p15,average,0.0
2026-09-30T16:01:00+00:00,backend,CWAgent,diskio_writes,name=nvme0n1p15,average,0.0
2026-09-30T16:02:00+00:00,backend,CWAgent,diskio_writes,name=nvme0n1p15,average,0.0
2026-09-30T16:03:00+00:00,backend,CWAgent,diskio_writes,name=nvme0n1p15,average,0.0
2026-09-30T15:51:00+00:00,backend,CWAgent,diskio_writes,name=nvme0n1p15,maximum,0.0
2026-09-30T15:52:00+00:00,backend,CWAgent,diskio_writes,name=nvme0n1p15,maximum,0.0
2026-09-30T15:53:00+00:00,backend,CWAgent,diskio_writes,name=nvme0n1p15,maximum,0.0
2026-09-30T15:54:00+00:00,backend,CWAgent,diskio_writes,name=nvme0n1p15,maximum,0.0
2026-09-30T15:55:00+00:00,backend,CWAgent,diskio_writes,name=nvme0n1p15,maximum,0.0
2026-09-30T15:56:00+00:00,backend,CWAgent,diskio_writes,name=nvme0n1p15,maximum,0.0
2026-09-30T15:57:00+00:00,backend,CWAgent,diskio_writes,name=nvme0n1p15,maximum,0.0
2026-09-30T15:58:00+00:00,backend,CWAgent,diskio_writes,name=nvme0n1p15,maximum,0.0
2026-09-30T15:59:00+00:00,backend,CWAgent,diskio_writes,name=nvme0n1p15,maximum,0.0
2026-09-30T16:00:00+00:00,backend,CWAgent,diskio_writes,name=nvme0n1p15,maximum,0.0
2026-09-30T16:01:00+00:00,backend,CWAgent,diskio_writes,name=nvme0n1p15,maximum,0.0
2026-09-30T16:02:00+00:00,backend,CWAgent,diskio_writes,name=nvme0n1p15,maximum,0.0
2026-09-30T16:03:00+00:00,backend,CWAgent,diskio_writes,name=nvme0n1p15,maximum,0.0
2026-09-30T15:51:00+00:00,backend,CWAgent,cpu_usage_iowait,cpu=cpu-total,average,0.09215045656362601
2026-09-30T15:52:00+00:00,backend,CWAgent,cpu_usage_iowait,cpu=cpu-total,average,0.016770082173410944
2026-09-30T15:53:00+00:00,backend,CWAgent,cpu_usage_iowait,cpu=cpu-total,average,0.6374234672481705
2026-09-30T15:54:00+00:00,backend,CWAgent,cpu_usage_iowait,cpu=cpu-total,average,0.09337068160597564
2026-09-30T15:55:00+00:00,backend,CWAgent,cpu_usage_iowait,cpu=cpu-total,average,0.02558417192563626
2026-09-30T15:56:00+00:00,backend,CWAgent,cpu_usage_iowait,cpu=cpu-total,average,0.008466683600038157
2026-09-30T15:57:00+00:00,backend,CWAgent,cpu_usage_iowait,cpu=cpu-total,average,0.008468117537475742
2026-09-30T15:58:00+00:00,backend,CWAgent,cpu_usage_iowait,cpu=cpu-total,average,0.0
2026-09-30T15:59:00+00:00,backend,CWAgent,cpu_usage_iowait,cpu=cpu-total,average,0.016950589032965816
2026-09-30T16:00:00+00:00,backend,CWAgent,cpu_usage_iowait,cpu=cpu-total,average,0.11791459614250913
2026-09-30T16:01:00+00:00,backend,CWAgent,cpu_usage_iowait,cpu=cpu-total,average,0.017053206002725026
2026-09-30T16:02:00+00:00,backend,CWAgent,cpu_usage_iowait,cpu=cpu-total,average,0.0338438108131027
2026-09-30T16:03:00+00:00,backend,CWAgent,cpu_usage_iowait,cpu=cpu-total,average,0.008369601606955927
2026-09-30T15:51:00+00:00,backend,CWAgent,cpu_usage_iowait,cpu=cpu-total,maximum,0.09215045656362601
2026-09-30T15:52:00+00:00,backend,CWAgent,cpu_usage_iowait,cpu=cpu-total,maximum,0.016770082173410944
2026-09-30T15:53:00+00:00,backend,CWAgent,cpu_usage_iowait,cpu=cpu-total,maximum,0.6374234672481705
2026-09-30T15:54:00+00:00,backend,CWAgent,cpu_usage_iowait,cpu=cpu-total,maximum,0.09337068160597564
2026-09-30T15:55:00+00:00,backend,CWAgent,cpu_usage_iowait,cpu=cpu-total,maximum,0.02558417192563626
2026-09-30T15:56:00+00:00,backend,CWAgent,cpu_usage_iowait,cpu=cpu-total,maximum,0.008466683600038157
2026-09-30T15:57:00+00:00,backend,CWAgent,cpu_usage_iowait,cpu=cpu-total,maximum,0.008468117537475742
2026-09-30T15:58:00+00:00,backend,CWAgent,cpu_usage_iowait,cpu=cpu-total,maximum,0.0
2026-09-30T15:59:00+00:00,backend,CWAgent,cpu_usage_iowait,cpu=cpu-total,maximum,0.016950589032965816
2026-09-30T16:00:00+00:00,backend,CWAgent,cpu_usage_iowait,cpu=cpu-total,maximum,0.11791459614250913
2026-09-30T16:01:00+00:00,backend,CWAgent,cpu_usage_iowait,cpu=cpu-total,maximum,0.017053206002725026
2026-09-30T16:02:00+00:00,backend,CWAgent,cpu_usage_iowait,cpu=cpu-total,maximum,0.0338438108131027
2026-09-30T16:03:00+00:00,backend,CWAgent,cpu_usage_iowait,cpu=cpu-total,maximum,0.008369601606955927
2026-09-30T15:51:00+00:00,backend,CWAgent,net_bytes_sent,interface=ens5,average,61591.0
2026-09-30T15:52:00+00:00,backend,CWAgent,net_bytes_sent,interface=ens5,average,69305.0
2026-09-30T15:53:00+00:00,backend,CWAgent,net_bytes_sent,interface=ens5,average,3046839.0
2026-09-30T15:54:00+00:00,backend,CWAgent,net_bytes_sent,interface=ens5,average,70759230.0
2026-09-30T15:55:00+00:00,backend,CWAgent,net_bytes_sent,interface=ens5,average,164047956.0
2026-09-30T15:56:00+00:00,backend,CWAgent,net_bytes_sent,interface=ens5,average,191642816.0
2026-09-30T15:57:00+00:00,backend,CWAgent,net_bytes_sent,interface=ens5,average,191955275.0
2026-09-30T15:58:00+00:00,backend,CWAgent,net_bytes_sent,interface=ens5,average,192209898.0
2026-09-30T15:59:00+00:00,backend,CWAgent,net_bytes_sent,interface=ens5,average,191970132.0
2026-09-30T16:00:00+00:00,backend,CWAgent,net_bytes_sent,interface=ens5,average,185597713.0
2026-09-30T16:01:00+00:00,backend,CWAgent,net_bytes_sent,interface=ens5,average,126648622.0
2026-09-30T16:02:00+00:00,backend,CWAgent,net_bytes_sent,interface=ens5,average,33131170.0
2026-09-30T16:03:00+00:00,backend,CWAgent,net_bytes_sent,interface=ens5,average,64346.0
2026-09-30T15:51:00+00:00,backend,CWAgent,net_bytes_sent,interface=ens5,maximum,61591.0
2026-09-30T15:52:00+00:00,backend,CWAgent,net_bytes_sent,interface=ens5,maximum,69305.0
2026-09-30T15:53:00+00:00,backend,CWAgent,net_bytes_sent,interface=ens5,maximum,3046839.0
2026-09-30T15:54:00+00:00,backend,CWAgent,net_bytes_sent,interface=ens5,maximum,70759230.0
2026-09-30T15:55:00+00:00,backend,CWAgent,net_bytes_sent,interface=ens5,maximum,164047956.0
2026-09-30T15:56:00+00:00,backend,CWAgent,net_bytes_sent,interface=ens5,maximum,191642816.0
2026-09-30T15:57:00+00:00,backend,CWAgent,net_bytes_sent,interface=ens5,maximum,191955275.0
2026-09-30T15:58:00+00:00,backend,CWAgent,net_bytes_sent,interface=ens5,maximum,192209898.0
2026-09-30T15:59:00+00:00,backend,CWAgent,net_bytes_sent,interface=ens5,maximum,191970132.0
2026-09-30T16:00:00+00:00,backend,CWAgent,net_bytes_sent,interface=ens5,maximum,185597713.0
2026-09-30T16:01:00+00:00,backend,CWAgent,net_bytes_sent,interface=ens5,maximum,126648622.0
2026-09-30T16:02:00+00:00,backend,CWAgent,net_bytes_sent,interface=ens5,maximum,33131170.0
2026-09-30T16:03:00+00:00,backend,CWAgent,net_bytes_sent,interface=ens5,maximum,64346.0
2026-09-30T15:51:00+00:00,backend,CWAgent,net_bytes_recv,interface=ens5,average,24895.0
2026-09-30T15:52:00+00:00,backend,CWAgent,net_bytes_recv,interface=ens5,average,12842.0
2026-09-30T15:53:00+00:00,backend,CWAgent,net_bytes_recv,interface=ens5,average,978085.0
2026-09-30T15:54:00+00:00,backend,CWAgent,net_bytes_recv,interface=ens5,average,15785765.0
2026-09-30T15:55:00+00:00,backend,CWAgent,net_bytes_recv,interface=ens5,average,36535700.0
2026-09-30T15:56:00+00:00,backend,CWAgent,net_bytes_recv,interface=ens5,average,42402318.0
2026-09-30T15:57:00+00:00,backend,CWAgent,net_bytes_recv,interface=ens5,average,42483100.0
2026-09-30T15:58:00+00:00,backend,CWAgent,net_bytes_recv,interface=ens5,average,42561554.0
2026-09-30T15:59:00+00:00,backend,CWAgent,net_bytes_recv,interface=ens5,average,42548122.0
2026-09-30T16:00:00+00:00,backend,CWAgent,net_bytes_recv,interface=ens5,average,41035073.0
2026-09-30T16:01:00+00:00,backend,CWAgent,net_bytes_recv,interface=ens5,average,28249273.0
2026-09-30T16:02:00+00:00,backend,CWAgent,net_bytes_recv,interface=ens5,average,7772790.0
2026-09-30T16:03:00+00:00,backend,CWAgent,net_bytes_recv,interface=ens5,average,10275.0
2026-09-30T15:51:00+00:00,backend,CWAgent,net_bytes_recv,interface=ens5,maximum,24895.0
2026-09-30T15:52:00+00:00,backend,CWAgent,net_bytes_recv,interface=ens5,maximum,12842.0
2026-09-30T15:53:00+00:00,backend,CWAgent,net_bytes_recv,interface=ens5,maximum,978085.0
2026-09-30T15:54:00+00:00,backend,CWAgent,net_bytes_recv,interface=ens5,maximum,15785765.0
2026-09-30T15:55:00+00:00,backend,CWAgent,net_bytes_recv,interface=ens5,maximum,36535700.0
2026-09-30T15:56:00+00:00,backend,CWAgent,net_bytes_recv,interface=ens5,maximum,42402318.0
2026-09-30T15:57:00+00:00,backend,CWAgent,net_bytes_recv,interface=ens5,maximum,42483100.0
2026-09-30T15:58:00+00:00,backend,CWAgent,net_bytes_recv,interface=ens5,maximum,42561554.0
2026-09-30T15:59:00+00:00,backend,CWAgent,net_bytes_recv,interface=ens5,maximum,42548122.0
2026-09-30T16:00:00+00:00,backend,CWAgent,net_bytes_recv,interface=ens5,maximum,41035073.0
2026-09-30T16:01:00+00:00,backend,CWAgent,net_bytes_recv,interface=ens5,maximum,28249273.0
2026-09-30T16:02:00+00:00,backend,CWAgent,net_bytes_recv,interface=ens5,maximum,7772790.0
2026-09-30T16:03:00+00:00,backend,CWAgent,net_bytes_recv,interface=ens5,maximum,10275.0
2026-09-30T15:51:00+00:00,backend,CWAgent,diskio_reads,name=nvme0n1p15,average,0.0
2026-09-30T15:52:00+00:00,backend,CWAgent,diskio_reads,name=nvme0n1p15,average,0.0
2026-09-30T15:53:00+00:00,backend,CWAgent,diskio_reads,name=nvme0n1p15,average,0.0
2026-09-30T15:54:00+00:00,backend,CWAgent,diskio_reads,name=nvme0n1p15,average,0.0
2026-09-30T15:55:00+00:00,backend,CWAgent,diskio_reads,name=nvme0n1p15,average,0.0
2026-09-30T15:56:00+00:00,backend,CWAgent,diskio_reads,name=nvme0n1p15,average,0.0
2026-09-30T15:57:00+00:00,backend,CWAgent,diskio_reads,name=nvme0n1p15,average,0.0
2026-09-30T15:58:00+00:00,backend,CWAgent,diskio_reads,name=nvme0n1p15,average,0.0
2026-09-30T15:59:00+00:00,backend,CWAgent,diskio_reads,name=nvme0n1p15,average,0.0
2026-09-30T16:00:00+00:00,backend,CWAgent,diskio_reads,name=nvme0n1p15,average,0.0
2026-09-30T16:01:00+00:00,backend,CWAgent,diskio_reads,name=nvme0n1p15,average,0.0
2026-09-30T16:02:00+00:00,backend,CWAgent,diskio_reads,name=nvme0n1p15,average,0.0
2026-09-30T16:03:00+00:00,backend,CWAgent,diskio_reads,name=nvme0n1p15,average,0.0
2026-09-30T15:51:00+00:00,backend,CWAgent,diskio_reads,name=nvme0n1p15,maximum,0.0
2026-09-30T15:52:00+00:00,backend,CWAgent,diskio_reads,name=nvme0n1p15,maximum,0.0
2026-09-30T15:53:00+00:00,backend,CWAgent,diskio_reads,name=nvme0n1p15,maximum,0.0
2026-09-30T15:54:00+00:00,backend,CWAgent,diskio_reads,name=nvme0n1p15,maximum,0.0
2026-09-30T15:55:00+00:00,backend,CWAgent,diskio_reads,name=nvme0n1p15,maximum,0.0
2026-09-30T15:56:00+00:00,backend,CWAgent,diskio_reads,name=nvme0n1p15,maximum,0.0
2026-09-30T15:57:00+00:00,backend,CWAgent,diskio_reads,name=nvme0n1p15,maximum,0.0
2026-09-30T15:58:00+00:00,backend,CWAgent,diskio_reads,name=nvme0n1p15,maximum,0.0
2026-09-30T15:59:00+00:00,backend,CWAgent,diskio_reads,name=nvme0n1p15,maximum,0.0
2026-09-30T16:00:00+00:00,backend,CWAgent,diskio_reads,name=nvme0n1p15,maximum,0.0
2026-09-30T16:01:00+00:00,backend,CWAgent,diskio_reads,name=nvme0n1p15,maximum,0.0
2026-09-30T16:02:00+00:00,backend,CWAgent,diskio_reads,name=nvme0n1p15,maximum,0.0
2026-09-30T16:03:00+00:00,backend,CWAgent,diskio_reads,name=nvme0n1p15,maximum,0.0
2026-09-30T15:51:00+00:00,backend,CWAgent,diskio_write_bytes,name=nvme0n1p14,average,0.0
2026-09-30T15:52:00+00:00,backend,CWAgent,diskio_write_bytes,name=nvme0n1p14,average,0.0
2026-09-30T15:53:00+00:00,backend,CWAgent,diskio_write_bytes,name=nvme0n1p14,average,0.0
2026-09-30T15:54:00+00:00,backend,CWAgent,diskio_write_bytes,name=nvme0n1p14,average,0.0
2026-09-30T15:55:00+00:00,backend,CWAgent,diskio_write_bytes,name=nvme0n1p14,average,0.0
2026-09-30T15:56:00+00:00,backend,CWAgent,diskio_write_bytes,name=nvme0n1p14,average,0.0
2026-09-30T15:57:00+00:00,backend,CWAgent,diskio_write_bytes,name=nvme0n1p14,average,0.0
2026-09-30T15:58:00+00:00,backend,CWAgent,diskio_write_bytes,name=nvme0n1p14,average,0.0
2026-09-30T15:59:00+00:00,backend,CWAgent,diskio_write_bytes,name=nvme0n1p14,average,0.0
2026-09-30T16:00:00+00:00,backend,CWAgent,diskio_write_bytes,name=nvme0n1p14,average,0.0
2026-09-30T16:01:00+00:00,backend,CWAgent,diskio_write_bytes,name=nvme0n1p14,average,0.0
2026-09-30T16:02:00+00:00,backend,CWAgent,diskio_write_bytes,name=nvme0n1p14,average,0.0
2026-09-30T16:03:00+00:00,backend,CWAgent,diskio_write_bytes,name=nvme0n1p14,average,0.0
2026-09-30T15:51:00+00:00,backend,CWAgent,diskio_write_bytes,name=nvme0n1p14,maximum,0.0
2026-09-30T15:52:00+00:00,backend,CWAgent,diskio_write_bytes,name=nvme0n1p14,maximum,0.0
2026-09-30T15:53:00+00:00,backend,CWAgent,diskio_write_bytes,name=nvme0n1p14,maximum,0.0
2026-09-30T15:54:00+00:00,backend,CWAgent,diskio_write_bytes,name=nvme0n1p14,maximum,0.0
2026-09-30T15:55:00+00:00,backend,CWAgent,diskio_write_bytes,name=nvme0n1p14,maximum,0.0
2026-09-30T15:56:00+00:00,backend,CWAgent,diskio_write_bytes,name=nvme0n1p14,maximum,0.0
2026-09-30T15:57:00+00:00,backend,CWAgent,diskio_write_bytes,name=nvme0n1p14,maximum,0.0
2026-09-30T15:58:00+00:00,backend,CWAgent,diskio_write_bytes,name=nvme0n1p14,maximum,0.0
2026-09-30T15:59:00+00:00,backend,CWAgent,diskio_write_bytes,name=nvme0n1p14,maximum,0.0
2026-09-30T16:00:00+00:00,backend,CWAgent,diskio_write_bytes,name=nvme0n1p14,maximum,0.0
2026-09-30T16:01:00+00:00,backend,CWAgent,diskio_write_bytes,name=nvme0n1p14,maximum,0.0
2026-09-30T16:02:00+00:00,backend,CWAgent,diskio_write_bytes,name=nvme0n1p14,maximum,0.0
2026-09-30T16:03:00+00:00,backend,CWAgent,diskio_write_bytes,name=nvme0n1p14,maximum,0.0
2026-09-30T15:51:00+00:00,backend,CWAgent,diskio_reads,name=nvme0n1p14,average,0.0
2026-09-30T15:52:00+00:00,backend,CWAgent,diskio_reads,name=nvme0n1p14,average,0.0
2026-09-30T15:53:00+00:00,backend,CWAgent,diskio_reads,name=nvme0n1p14,average,0.0
2026-09-30T15:54:00+00:00,backend,CWAgent,diskio_reads,name=nvme0n1p14,average,0.0
2026-09-30T15:55:00+00:00,backend,CWAgent,diskio_reads,name=nvme0n1p14,average,0.0
2026-09-30T15:56:00+00:00,backend,CWAgent,diskio_reads,name=nvme0n1p14,average,0.0
2026-09-30T15:57:00+00:00,backend,CWAgent,diskio_reads,name=nvme0n1p14,average,0.0
2026-09-30T15:58:00+00:00,backend,CWAgent,diskio_reads,name=nvme0n1p14,average,0.0
2026-09-30T15:59:00+00:00,backend,CWAgent,diskio_reads,name=nvme0n1p14,average,0.0
2026-09-30T16:00:00+00:00,backend,CWAgent,diskio_reads,name=nvme0n1p14,average,0.0
2026-09-30T16:01:00+00:00,backend,CWAgent,diskio_reads,name=nvme0n1p14,average,0.0
2026-09-30T16:02:00+00:00,backend,CWAgent,diskio_reads,name=nvme0n1p14,average,0.0
2026-09-30T16:03:00+00:00,backend,CWAgent,diskio_reads,name=nvme0n1p14,average,0.0
2026-09-30T15:51:00+00:00,backend,CWAgent,diskio_reads,name=nvme0n1p14,maximum,0.0
2026-09-30T15:52:00+00:00,backend,CWAgent,diskio_reads,name=nvme0n1p14,maximum,0.0
2026-09-30T15:53:00+00:00,backend,CWAgent,diskio_reads,name=nvme0n1p14,maximum,0.0
2026-09-30T15:54:00+00:00,backend,CWAgent,diskio_reads,name=nvme0n1p14,maximum,0.0
2026-09-30T15:55:00+00:00,backend,CWAgent,diskio_reads,name=nvme0n1p14,maximum,0.0
2026-09-30T15:56:00+00:00,backend,CWAgent,diskio_reads,name=nvme0n1p14,maximum,0.0
2026-09-30T15:57:00+00:00,backend,CWAgent,diskio_reads,name=nvme0n1p14,maximum,0.0
2026-09-30T15:58:00+00:00,backend,CWAgent,diskio_reads,name=nvme0n1p14,maximum,0.0
2026-09-30T15:59:00+00:00,backend,CWAgent,diskio_reads,name=nvme0n1p14,maximum,0.0
2026-09-30T16:00:00+00:00,backend,CWAgent,diskio_reads,name=nvme0n1p14,maximum,0.0
2026-09-30T16:01:00+00:00,backend,CWAgent,diskio_reads,name=nvme0n1p14,maximum,0.0
2026-09-30T16:02:00+00:00,backend,CWAgent,diskio_reads,name=nvme0n1p14,maximum,0.0
2026-09-30T16:03:00+00:00,backend,CWAgent,diskio_reads,name=nvme0n1p14,maximum,0.0
2026-09-30T15:51:00+00:00,backend,CWAgent,diskio_writes,name=nvme0n1,average,150.0
2026-09-30T15:52:00+00:00,backend,CWAgent,diskio_writes,name=nvme0n1,average,85.0
2026-09-30T15:53:00+00:00,backend,CWAgent,diskio_writes,name=nvme0n1,average,50.0
2026-09-30T15:54:00+00:00,backend,CWAgent,diskio_writes,name=nvme0n1,average,184.0
2026-09-30T15:55:00+00:00,backend,CWAgent,diskio_writes,name=nvme0n1,average,101.0
2026-09-30T15:56:00+00:00,backend,CWAgent,diskio_writes,name=nvme0n1,average,49.0
2026-09-30T15:57:00+00:00,backend,CWAgent,diskio_writes,name=nvme0n1,average,51.0
2026-09-30T15:58:00+00:00,backend,CWAgent,diskio_writes,name=nvme0n1,average,65.0
2026-09-30T15:59:00+00:00,backend,CWAgent,diskio_writes,name=nvme0n1,average,201.0
2026-09-30T16:00:00+00:00,backend,CWAgent,diskio_writes,name=nvme0n1,average,42.0
2026-09-30T16:01:00+00:00,backend,CWAgent,diskio_writes,name=nvme0n1,average,56.0
2026-09-30T16:02:00+00:00,backend,CWAgent,diskio_writes,name=nvme0n1,average,49.0
2026-09-30T16:03:00+00:00,backend,CWAgent,diskio_writes,name=nvme0n1,average,31.0
2026-09-30T15:51:00+00:00,backend,CWAgent,diskio_writes,name=nvme0n1,maximum,150.0
2026-09-30T15:52:00+00:00,backend,CWAgent,diskio_writes,name=nvme0n1,maximum,85.0
2026-09-30T15:53:00+00:00,backend,CWAgent,diskio_writes,name=nvme0n1,maximum,50.0
2026-09-30T15:54:00+00:00,backend,CWAgent,diskio_writes,name=nvme0n1,maximum,184.0
2026-09-30T15:55:00+00:00,backend,CWAgent,diskio_writes,name=nvme0n1,maximum,101.0
2026-09-30T15:56:00+00:00,backend,CWAgent,diskio_writes,name=nvme0n1,maximum,49.0
2026-09-30T15:57:00+00:00,backend,CWAgent,diskio_writes,name=nvme0n1,maximum,51.0
2026-09-30T15:58:00+00:00,backend,CWAgent,diskio_writes,name=nvme0n1,maximum,65.0
2026-09-30T15:59:00+00:00,backend,CWAgent,diskio_writes,name=nvme0n1,maximum,201.0
2026-09-30T16:00:00+00:00,backend,CWAgent,diskio_writes,name=nvme0n1,maximum,42.0
2026-09-30T16:01:00+00:00,backend,CWAgent,diskio_writes,name=nvme0n1,maximum,56.0
2026-09-30T16:02:00+00:00,backend,CWAgent,diskio_writes,name=nvme0n1,maximum,49.0
2026-09-30T16:03:00+00:00,backend,CWAgent,diskio_writes,name=nvme0n1,maximum,31.0
2026-09-30T15:51:00+00:00,backend,CWAgent,cpu_usage_user,cpu=cpu-total,average,1.457652676552108
2026-09-30T15:52:00+00:00,backend,CWAgent,cpu_usage_user,cpu=cpu-total,average,1.4673821901727069
2026-09-30T15:53:00+00:00,backend,CWAgent,cpu_usage_user,cpu=cpu-total,average,2.6671139813803975
2026-09-30T15:54:00+00:00,backend,CWAgent,cpu_usage_user,cpu=cpu-total,average,22.2731516849163
2026-09-30T15:55:00+00:00,backend,CWAgent,cpu_usage_user,cpu=cpu-total,average,47.92768207402368
2026-09-30T15:56:00+00:00,backend,CWAgent,cpu_usage_user,cpu=cpu-total,average,56.176445686224355
2026-09-30T15:57:00+00:00,backend,CWAgent,cpu_usage_user,cpu=cpu-total,average,58.23524430519087
2026-09-30T15:58:00+00:00,backend,CWAgent,cpu_usage_user,cpu=cpu-total,average,57.14164618123183
2026-09-30T15:59:00+00:00,backend,CWAgent,cpu_usage_user,cpu=cpu-total,average,57.81845919145812
2026-09-30T16:00:00+00:00,backend,CWAgent,cpu_usage_user,cpu=cpu-total,average,56.77587804261779
2026-09-30T16:01:00+00:00,backend,CWAgent,cpu_usage_user,cpu=cpu-total,average,39.819236016371086
2026-09-30T16:02:00+00:00,backend,CWAgent,cpu_usage_user,cpu=cpu-total,average,12.302225230560877
2026-09-30T16:03:00+00:00,backend,CWAgent,cpu_usage_user,cpu=cpu-total,average,1.4646802812186193
2026-09-30T15:51:00+00:00,backend,CWAgent,cpu_usage_user,cpu=cpu-total,maximum,1.457652676552108
2026-09-30T15:52:00+00:00,backend,CWAgent,cpu_usage_user,cpu=cpu-total,maximum,1.4673821901727069
2026-09-30T15:53:00+00:00,backend,CWAgent,cpu_usage_user,cpu=cpu-total,maximum,2.6671139813803975
2026-09-30T15:54:00+00:00,backend,CWAgent,cpu_usage_user,cpu=cpu-total,maximum,22.2731516849163
2026-09-30T15:55:00+00:00,backend,CWAgent,cpu_usage_user,cpu=cpu-total,maximum,47.92768207402368
2026-09-30T15:56:00+00:00,backend,CWAgent,cpu_usage_user,cpu=cpu-total,maximum,56.176445686224355
2026-09-30T15:57:00+00:00,backend,CWAgent,cpu_usage_user,cpu=cpu-total,maximum,58.23524430519087
2026-09-30T15:58:00+00:00,backend,CWAgent,cpu_usage_user,cpu=cpu-total,maximum,57.14164618123183
2026-09-30T15:59:00+00:00,backend,CWAgent,cpu_usage_user,cpu=cpu-total,maximum,57.81845919145812
2026-09-30T16:00:00+00:00,backend,CWAgent,cpu_usage_user,cpu=cpu-total,maximum,56.77587804261779
2026-09-30T16:01:00+00:00,backend,CWAgent,cpu_usage_user,cpu=cpu-total,maximum,39.819236016371086
2026-09-30T16:02:00+00:00,backend,CWAgent,cpu_usage_user,cpu=cpu-total,maximum,12.302225230560877
2026-09-30T16:03:00+00:00,backend,CWAgent,cpu_usage_user,cpu=cpu-total,maximum,1.4646802812186193
2026-09-30T15:51:00+00:00,backend,CWAgent,procstat_memory_rss,exe=java;process_name=java,average,518492160.0
2026-09-30T15:52:00+00:00,backend,CWAgent,procstat_memory_rss,exe=java;process_name=java,average,518492160.0
2026-09-30T15:53:00+00:00,backend,CWAgent,procstat_memory_rss,exe=java;process_name=java,average,525021184.0
2026-09-30T15:54:00+00:00,backend,CWAgent,procstat_memory_rss,exe=java;process_name=java,average,528146432.0
2026-09-30T15:55:00+00:00,backend,CWAgent,procstat_memory_rss,exe=java;process_name=java,average,530616320.0
2026-09-30T15:56:00+00:00,backend,CWAgent,procstat_memory_rss,exe=java;process_name=java,average,532582400.0
2026-09-30T15:57:00+00:00,backend,CWAgent,procstat_memory_rss,exe=java;process_name=java,average,533528576.0
2026-09-30T15:58:00+00:00,backend,CWAgent,procstat_memory_rss,exe=java;process_name=java,average,530763776.0
2026-09-30T15:59:00+00:00,backend,CWAgent,procstat_memory_rss,exe=java;process_name=java,average,527192064.0
2026-09-30T16:00:00+00:00,backend,CWAgent,procstat_memory_rss,exe=java;process_name=java,average,540192768.0
2026-09-30T16:01:00+00:00,backend,CWAgent,procstat_memory_rss,exe=java;process_name=java,average,540741632.0
2026-09-30T16:02:00+00:00,backend,CWAgent,procstat_memory_rss,exe=java;process_name=java,average,540823552.0
2026-09-30T16:03:00+00:00,backend,CWAgent,procstat_memory_rss,exe=java;process_name=java,average,521461760.0
2026-09-30T15:51:00+00:00,backend,CWAgent,procstat_memory_rss,exe=java;process_name=java,maximum,518492160.0
2026-09-30T15:52:00+00:00,backend,CWAgent,procstat_memory_rss,exe=java;process_name=java,maximum,518492160.0
2026-09-30T15:53:00+00:00,backend,CWAgent,procstat_memory_rss,exe=java;process_name=java,maximum,525021184.0
2026-09-30T15:54:00+00:00,backend,CWAgent,procstat_memory_rss,exe=java;process_name=java,maximum,528146432.0
2026-09-30T15:55:00+00:00,backend,CWAgent,procstat_memory_rss,exe=java;process_name=java,maximum,530616320.0
2026-09-30T15:56:00+00:00,backend,CWAgent,procstat_memory_rss,exe=java;process_name=java,maximum,532582400.0
2026-09-30T15:57:00+00:00,backend,CWAgent,procstat_memory_rss,exe=java;process_name=java,maximum,533528576.0
2026-09-30T15:58:00+00:00,backend,CWAgent,procstat_memory_rss,exe=java;process_name=java,maximum,530763776.0
2026-09-30T15:59:00+00:00,backend,CWAgent,procstat_memory_rss,exe=java;process_name=java,maximum,527192064.0
2026-09-30T16:00:00+00:00,backend,CWAgent,procstat_memory_rss,exe=java;process_name=java,maximum,540192768.0
2026-09-30T16:01:00+00:00,backend,CWAgent,procstat_memory_rss,exe=java;process_name=java,maximum,540741632.0
2026-09-30T16:02:00+00:00,backend,CWAgent,procstat_memory_rss,exe=java;process_name=java,maximum,540823552.0
2026-09-30T16:03:00+00:00,backend,CWAgent,procstat_memory_rss,exe=java;process_name=java,maximum,521461760.0
2026-09-30T15:51:00+00:00,backend,CWAgent,diskio_reads,name=nvme0n1p1,average,277.0
2026-09-30T15:52:00+00:00,backend,CWAgent,diskio_reads,name=nvme0n1p1,average,37.0
2026-09-30T15:53:00+00:00,backend,CWAgent,diskio_reads,name=nvme0n1p1,average,1781.0
2026-09-30T15:54:00+00:00,backend,CWAgent,diskio_reads,name=nvme0n1p1,average,289.0
2026-09-30T15:55:00+00:00,backend,CWAgent,diskio_reads,name=nvme0n1p1,average,376.0
2026-09-30T15:56:00+00:00,backend,CWAgent,diskio_reads,name=nvme0n1p1,average,146.0
2026-09-30T15:57:00+00:00,backend,CWAgent,diskio_reads,name=nvme0n1p1,average,95.0
2026-09-30T15:58:00+00:00,backend,CWAgent,diskio_reads,name=nvme0n1p1,average,30.0
2026-09-30T15:59:00+00:00,backend,CWAgent,diskio_reads,name=nvme0n1p1,average,151.0
2026-09-30T16:00:00+00:00,backend,CWAgent,diskio_reads,name=nvme0n1p1,average,1439.0
2026-09-30T16:01:00+00:00,backend,CWAgent,diskio_reads,name=nvme0n1p1,average,121.0
2026-09-30T16:02:00+00:00,backend,CWAgent,diskio_reads,name=nvme0n1p1,average,54.0
2026-09-30T16:03:00+00:00,backend,CWAgent,diskio_reads,name=nvme0n1p1,average,18.0
2026-09-30T15:51:00+00:00,backend,CWAgent,diskio_reads,name=nvme0n1p1,maximum,277.0
2026-09-30T15:52:00+00:00,backend,CWAgent,diskio_reads,name=nvme0n1p1,maximum,37.0
2026-09-30T15:53:00+00:00,backend,CWAgent,diskio_reads,name=nvme0n1p1,maximum,1781.0
2026-09-30T15:54:00+00:00,backend,CWAgent,diskio_reads,name=nvme0n1p1,maximum,289.0
2026-09-30T15:55:00+00:00,backend,CWAgent,diskio_reads,name=nvme0n1p1,maximum,376.0
2026-09-30T15:56:00+00:00,backend,CWAgent,diskio_reads,name=nvme0n1p1,maximum,146.0
2026-09-30T15:57:00+00:00,backend,CWAgent,diskio_reads,name=nvme0n1p1,maximum,95.0
2026-09-30T15:58:00+00:00,backend,CWAgent,diskio_reads,name=nvme0n1p1,maximum,30.0
2026-09-30T15:59:00+00:00,backend,CWAgent,diskio_reads,name=nvme0n1p1,maximum,151.0
2026-09-30T16:00:00+00:00,backend,CWAgent,diskio_reads,name=nvme0n1p1,maximum,1439.0
2026-09-30T16:01:00+00:00,backend,CWAgent,diskio_reads,name=nvme0n1p1,maximum,121.0
2026-09-30T16:02:00+00:00,backend,CWAgent,diskio_reads,name=nvme0n1p1,maximum,54.0
2026-09-30T16:03:00+00:00,backend,CWAgent,diskio_reads,name=nvme0n1p1,maximum,18.0
2026-09-30T15:51:00+00:00,backend,CWAgent,diskio_read_bytes,name=nvme0n1,average,6594560.0
2026-09-30T15:52:00+00:00,backend,CWAgent,diskio_read_bytes,name=nvme0n1,average,483328.0
2026-09-30T15:53:00+00:00,backend,CWAgent,diskio_read_bytes,name=nvme0n1,average,19333120.0
2026-09-30T15:54:00+00:00,backend,CWAgent,diskio_read_bytes,name=nvme0n1,average,2326528.0
2026-09-30T15:55:00+00:00,backend,CWAgent,diskio_read_bytes,name=nvme0n1,average,2314240.0
2026-09-30T15:56:00+00:00,backend,CWAgent,diskio_read_bytes,name=nvme0n1,average,1433600.0
2026-09-30T15:57:00+00:00,backend,CWAgent,diskio_read_bytes,name=nvme0n1,average,741376.0
2026-09-30T15:58:00+00:00,backend,CWAgent,diskio_read_bytes,name=nvme0n1,average,520192.0
2026-09-30T15:59:00+00:00,backend,CWAgent,diskio_read_bytes,name=nvme0n1,average,1789952.0
2026-09-30T16:00:00+00:00,backend,CWAgent,diskio_read_bytes,name=nvme0n1,average,7233536.0
2026-09-30T16:01:00+00:00,backend,CWAgent,diskio_read_bytes,name=nvme0n1,average,1048576.0
2026-09-30T16:02:00+00:00,backend,CWAgent,diskio_read_bytes,name=nvme0n1,average,479232.0
2026-09-30T16:03:00+00:00,backend,CWAgent,diskio_read_bytes,name=nvme0n1,average,212992.0
2026-09-30T15:51:00+00:00,backend,CWAgent,diskio_read_bytes,name=nvme0n1,maximum,6594560.0
2026-09-30T15:52:00+00:00,backend,CWAgent,diskio_read_bytes,name=nvme0n1,maximum,483328.0
2026-09-30T15:53:00+00:00,backend,CWAgent,diskio_read_bytes,name=nvme0n1,maximum,19333120.0
2026-09-30T15:54:00+00:00,backend,CWAgent,diskio_read_bytes,name=nvme0n1,maximum,2326528.0
2026-09-30T15:55:00+00:00,backend,CWAgent,diskio_read_bytes,name=nvme0n1,maximum,2314240.0
2026-09-30T15:56:00+00:00,backend,CWAgent,diskio_read_bytes,name=nvme0n1,maximum,1433600.0
2026-09-30T15:57:00+00:00,backend,CWAgent,diskio_read_bytes,name=nvme0n1,maximum,741376.0
2026-09-30T15:58:00+00:00,backend,CWAgent,diskio_read_bytes,name=nvme0n1,maximum,520192.0
2026-09-30T15:59:00+00:00,backend,CWAgent,diskio_read_bytes,name=nvme0n1,maximum,1789952.0
2026-09-30T16:00:00+00:00,backend,CWAgent,diskio_read_bytes,name=nvme0n1,maximum,7233536.0
2026-09-30T16:01:00+00:00,backend,CWAgent,diskio_read_bytes,name=nvme0n1,maximum,1048576.0
2026-09-30T16:02:00+00:00,backend,CWAgent,diskio_read_bytes,name=nvme0n1,maximum,479232.0
2026-09-30T16:03:00+00:00,backend,CWAgent,diskio_read_bytes,name=nvme0n1,maximum,212992.0
2026-09-30T15:51:00+00:00,backend,CWAgent,diskio_read_bytes,name=nvme0n1p15,average,0.0
2026-09-30T15:52:00+00:00,backend,CWAgent,diskio_read_bytes,name=nvme0n1p15,average,0.0
2026-09-30T15:53:00+00:00,backend,CWAgent,diskio_read_bytes,name=nvme0n1p15,average,0.0
2026-09-30T15:54:00+00:00,backend,CWAgent,diskio_read_bytes,name=nvme0n1p15,average,0.0
2026-09-30T15:55:00+00:00,backend,CWAgent,diskio_read_bytes,name=nvme0n1p15,average,0.0
2026-09-30T15:56:00+00:00,backend,CWAgent,diskio_read_bytes,name=nvme0n1p15,average,0.0
2026-09-30T15:57:00+00:00,backend,CWAgent,diskio_read_bytes,name=nvme0n1p15,average,0.0
2026-09-30T15:58:00+00:00,backend,CWAgent,diskio_read_bytes,name=nvme0n1p15,average,0.0
2026-09-30T15:59:00+00:00,backend,CWAgent,diskio_read_bytes,name=nvme0n1p15,average,0.0
2026-09-30T16:00:00+00:00,backend,CWAgent,diskio_read_bytes,name=nvme0n1p15,average,0.0
2026-09-30T16:01:00+00:00,backend,CWAgent,diskio_read_bytes,name=nvme0n1p15,average,0.0
2026-09-30T16:02:00+00:00,backend,CWAgent,diskio_read_bytes,name=nvme0n1p15,average,0.0
2026-09-30T16:03:00+00:00,backend,CWAgent,diskio_read_bytes,name=nvme0n1p15,average,0.0
2026-09-30T15:51:00+00:00,backend,CWAgent,diskio_read_bytes,name=nvme0n1p15,maximum,0.0
2026-09-30T15:52:00+00:00,backend,CWAgent,diskio_read_bytes,name=nvme0n1p15,maximum,0.0
2026-09-30T15:53:00+00:00,backend,CWAgent,diskio_read_bytes,name=nvme0n1p15,maximum,0.0
2026-09-30T15:54:00+00:00,backend,CWAgent,diskio_read_bytes,name=nvme0n1p15,maximum,0.0
2026-09-30T15:55:00+00:00,backend,CWAgent,diskio_read_bytes,name=nvme0n1p15,maximum,0.0
2026-09-30T15:56:00+00:00,backend,CWAgent,diskio_read_bytes,name=nvme0n1p15,maximum,0.0
2026-09-30T15:57:00+00:00,backend,CWAgent,diskio_read_bytes,name=nvme0n1p15,maximum,0.0
2026-09-30T15:58:00+00:00,backend,CWAgent,diskio_read_bytes,name=nvme0n1p15,maximum,0.0
2026-09-30T15:59:00+00:00,backend,CWAgent,diskio_read_bytes,name=nvme0n1p15,maximum,0.0
2026-09-30T16:00:00+00:00,backend,CWAgent,diskio_read_bytes,name=nvme0n1p15,maximum,0.0
2026-09-30T16:01:00+00:00,backend,CWAgent,diskio_read_bytes,name=nvme0n1p15,maximum,0.0
2026-09-30T16:02:00+00:00,backend,CWAgent,diskio_read_bytes,name=nvme0n1p15,maximum,0.0
2026-09-30T16:03:00+00:00,backend,CWAgent,diskio_read_bytes,name=nvme0n1p15,maximum,0.0
2026-09-30T15:51:00+00:00,backend,CWAgent,procstat_cpu_usage,exe=dockerd;process_name=dockerd,average,0.06666580486891693
2026-09-30T15:52:00+00:00,backend,CWAgent,procstat_cpu_usage,exe=dockerd;process_name=dockerd,average,0.11666721425590398
2026-09-30T15:53:00+00:00,backend,CWAgent,procstat_cpu_usage,exe=dockerd;process_name=dockerd,average,0.06666642445754523
2026-09-30T15:54:00+00:00,backend,CWAgent,procstat_cpu_usage,exe=dockerd;process_name=dockerd,average,0.1333161218553796
2026-09-30T15:55:00+00:00,backend,CWAgent,procstat_cpu_usage,exe=dockerd;process_name=dockerd,average,0.08333325014592348
2026-09-30T15:56:00+00:00,backend,CWAgent,procstat_cpu_usage,exe=dockerd;process_name=dockerd,average,0.15000380263639168
2026-09-30T15:57:00+00:00,backend,CWAgent,procstat_cpu_usage,exe=dockerd;process_name=dockerd,average,0.08332828866513194
2026-09-30T15:58:00+00:00,backend,CWAgent,procstat_cpu_usage,exe=dockerd;process_name=dockerd,average,0.15000847592640898
2026-09-30T15:59:00+00:00,backend,CWAgent,procstat_cpu_usage,exe=dockerd;process_name=dockerd,average,0.08333420054791471
2026-09-30T16:00:00+00:00,backend,CWAgent,procstat_cpu_usage,exe=dockerd;process_name=dockerd,average,0.14998320961965597
2026-09-30T16:01:00+00:00,backend,CWAgent,procstat_cpu_usage,exe=dockerd;process_name=dockerd,average,0.06667532993674714
2026-09-30T16:02:00+00:00,backend,CWAgent,procstat_cpu_usage,exe=dockerd;process_name=dockerd,average,0.11667763995368174
2026-09-30T16:03:00+00:00,backend,CWAgent,procstat_cpu_usage,exe=dockerd;process_name=dockerd,average,0.06666590226321374
2026-09-30T15:51:00+00:00,backend,CWAgent,procstat_cpu_usage,exe=dockerd;process_name=dockerd,maximum,0.06666580486891693
2026-09-30T15:52:00+00:00,backend,CWAgent,procstat_cpu_usage,exe=dockerd;process_name=dockerd,maximum,0.11666721425590398
2026-09-30T15:53:00+00:00,backend,CWAgent,procstat_cpu_usage,exe=dockerd;process_name=dockerd,maximum,0.06666642445754523
2026-09-30T15:54:00+00:00,backend,CWAgent,procstat_cpu_usage,exe=dockerd;process_name=dockerd,maximum,0.1333161218553796
2026-09-30T15:55:00+00:00,backend,CWAgent,procstat_cpu_usage,exe=dockerd;process_name=dockerd,maximum,0.08333325014592348
2026-09-30T15:56:00+00:00,backend,CWAgent,procstat_cpu_usage,exe=dockerd;process_name=dockerd,maximum,0.15000380263639168
2026-09-30T15:57:00+00:00,backend,CWAgent,procstat_cpu_usage,exe=dockerd;process_name=dockerd,maximum,0.08332828866513194
2026-09-30T15:58:00+00:00,backend,CWAgent,procstat_cpu_usage,exe=dockerd;process_name=dockerd,maximum,0.15000847592640898
2026-09-30T15:59:00+00:00,backend,CWAgent,procstat_cpu_usage,exe=dockerd;process_name=dockerd,maximum,0.08333420054791471
2026-09-30T16:00:00+00:00,backend,CWAgent,procstat_cpu_usage,exe=dockerd;process_name=dockerd,maximum,0.14998320961965597
2026-09-30T16:01:00+00:00,backend,CWAgent,procstat_cpu_usage,exe=dockerd;process_name=dockerd,maximum,0.06667532993674714
2026-09-30T16:02:00+00:00,backend,CWAgent,procstat_cpu_usage,exe=dockerd;process_name=dockerd,maximum,0.11667763995368174
2026-09-30T16:03:00+00:00,backend,CWAgent,procstat_cpu_usage,exe=dockerd;process_name=dockerd,maximum,0.06666590226321374
2026-09-30T15:51:00+00:00,backend,CWAgent,diskio_writes,name=nvme0n1p14,average,0.0
2026-09-30T15:52:00+00:00,backend,CWAgent,diskio_writes,name=nvme0n1p14,average,0.0
2026-09-30T15:53:00+00:00,backend,CWAgent,diskio_writes,name=nvme0n1p14,average,0.0
2026-09-30T15:54:00+00:00,backend,CWAgent,diskio_writes,name=nvme0n1p14,average,0.0
2026-09-30T15:55:00+00:00,backend,CWAgent,diskio_writes,name=nvme0n1p14,average,0.0
2026-09-30T15:56:00+00:00,backend,CWAgent,diskio_writes,name=nvme0n1p14,average,0.0
2026-09-30T15:57:00+00:00,backend,CWAgent,diskio_writes,name=nvme0n1p14,average,0.0
2026-09-30T15:58:00+00:00,backend,CWAgent,diskio_writes,name=nvme0n1p14,average,0.0
2026-09-30T15:59:00+00:00,backend,CWAgent,diskio_writes,name=nvme0n1p14,average,0.0
2026-09-30T16:00:00+00:00,backend,CWAgent,diskio_writes,name=nvme0n1p14,average,0.0
2026-09-30T16:01:00+00:00,backend,CWAgent,diskio_writes,name=nvme0n1p14,average,0.0
2026-09-30T16:02:00+00:00,backend,CWAgent,diskio_writes,name=nvme0n1p14,average,0.0
2026-09-30T16:03:00+00:00,backend,CWAgent,diskio_writes,name=nvme0n1p14,average,0.0
2026-09-30T15:51:00+00:00,backend,CWAgent,diskio_writes,name=nvme0n1p14,maximum,0.0
2026-09-30T15:52:00+00:00,backend,CWAgent,diskio_writes,name=nvme0n1p14,maximum,0.0
2026-09-30T15:53:00+00:00,backend,CWAgent,diskio_writes,name=nvme0n1p14,maximum,0.0
2026-09-30T15:54:00+00:00,backend,CWAgent,diskio_writes,name=nvme0n1p14,maximum,0.0
2026-09-30T15:55:00+00:00,backend,CWAgent,diskio_writes,name=nvme0n1p14,maximum,0.0
2026-09-30T15:56:00+00:00,backend,CWAgent,diskio_writes,name=nvme0n1p14,maximum,0.0
2026-09-30T15:57:00+00:00,backend,CWAgent,diskio_writes,name=nvme0n1p14,maximum,0.0
2026-09-30T15:58:00+00:00,backend,CWAgent,diskio_writes,name=nvme0n1p14,maximum,0.0
2026-09-30T15:59:00+00:00,backend,CWAgent,diskio_writes,name=nvme0n1p14,maximum,0.0
2026-09-30T16:00:00+00:00,backend,CWAgent,diskio_writes,name=nvme0n1p14,maximum,0.0
2026-09-30T16:01:00+00:00,backend,CWAgent,diskio_writes,name=nvme0n1p14,maximum,0.0
2026-09-30T16:02:00+00:00,backend,CWAgent,diskio_writes,name=nvme0n1p14,maximum,0.0
2026-09-30T16:03:00+00:00,backend,CWAgent,diskio_writes,name=nvme0n1p14,maximum,0.0
2026-09-30T15:51:00+00:00,backend,CWAgent,diskio_read_bytes,name=nvme0n1p14,average,0.0
2026-09-30T15:52:00+00:00,backend,CWAgent,diskio_read_bytes,name=nvme0n1p14,average,0.0
2026-09-30T15:53:00+00:00,backend,CWAgent,diskio_read_bytes,name=nvme0n1p14,average,0.0
2026-09-30T15:54:00+00:00,backend,CWAgent,diskio_read_bytes,name=nvme0n1p14,average,0.0
2026-09-30T15:55:00+00:00,backend,CWAgent,diskio_read_bytes,name=nvme0n1p14,average,0.0
2026-09-30T15:56:00+00:00,backend,CWAgent,diskio_read_bytes,name=nvme0n1p14,average,0.0
2026-09-30T15:57:00+00:00,backend,CWAgent,diskio_read_bytes,name=nvme0n1p14,average,0.0
2026-09-30T15:58:00+00:00,backend,CWAgent,diskio_read_bytes,name=nvme0n1p14,average,0.0
2026-09-30T15:59:00+00:00,backend,CWAgent,diskio_read_bytes,name=nvme0n1p14,average,0.0
2026-09-30T16:00:00+00:00,backend,CWAgent,diskio_read_bytes,name=nvme0n1p14,average,0.0
2026-09-30T16:01:00+00:00,backend,CWAgent,diskio_read_bytes,name=nvme0n1p14,average,0.0
2026-09-30T16:02:00+00:00,backend,CWAgent,diskio_read_bytes,name=nvme0n1p14,average,0.0
2026-09-30T16:03:00+00:00,backend,CWAgent,diskio_read_bytes,name=nvme0n1p14,average,0.0
2026-09-30T15:51:00+00:00,backend,CWAgent,diskio_read_bytes,name=nvme0n1p14,maximum,0.0
2026-09-30T15:52:00+00:00,backend,CWAgent,diskio_read_bytes,name=nvme0n1p14,maximum,0.0
2026-09-30T15:53:00+00:00,backend,CWAgent,diskio_read_bytes,name=nvme0n1p14,maximum,0.0
2026-09-30T15:54:00+00:00,backend,CWAgent,diskio_read_bytes,name=nvme0n1p14,maximum,0.0
2026-09-30T15:55:00+00:00,backend,CWAgent,diskio_read_bytes,name=nvme0n1p14,maximum,0.0
2026-09-30T15:56:00+00:00,backend,CWAgent,diskio_read_bytes,name=nvme0n1p14,maximum,0.0
2026-09-30T15:57:00+00:00,backend,CWAgent,diskio_read_bytes,name=nvme0n1p14,maximum,0.0
2026-09-30T15:58:00+00:00,backend,CWAgent,diskio_read_bytes,name=nvme0n1p14,maximum,0.0
2026-09-30T15:59:00+00:00,backend,CWAgent,diskio_read_bytes,name=nvme0n1p14,maximum,0.0
2026-09-30T16:00:00+00:00,backend,CWAgent,diskio_read_bytes,name=nvme0n1p14,maximum,0.0
2026-09-30T16:01:00+00:00,backend,CWAgent,diskio_read_bytes,name=nvme0n1p14,maximum,0.0
2026-09-30T16:02:00+00:00,backend,CWAgent,diskio_read_bytes,name=nvme0n1p14,maximum,0.0
2026-09-30T16:03:00+00:00,backend,CWAgent,diskio_read_bytes,name=nvme0n1p14,maximum,0.0
2026-09-30T15:51:00+00:00,backend,CWAgent,cpu_usage_system,cpu=cpu-total,average,2.6220993549468226
2026-09-30T15:52:00+00:00,backend,CWAgent,cpu_usage_system,cpu=cpu-total,average,2.5490524903571288
2026-09-30T15:53:00+00:00,backend,CWAgent,cpu_usage_system,cpu=cpu-total,average,2.8432441499622567
2026-09-30T15:54:00+00:00,backend,CWAgent,cpu_usage_system,cpu=cpu-total,average,6.866989219930453
2026-09-30T15:55:00+00:00,backend,CWAgent,cpu_usage_system,cpu=cpu-total,average,12.348626982773316
2026-09-30T15:56:00+00:00,backend,CWAgent,cpu_usage_system,cpu=cpu-total,average,13.16569299805256
2026-09-30T15:57:00+00:00,backend,CWAgent,cpu_usage_system,cpu=cpu-total,average,13.345753239054934
2026-09-30T15:58:00+00:00,backend,CWAgent,cpu_usage_system,cpu=cpu-total,average,13.249131135034196
2026-09-30T15:59:00+00:00,backend,CWAgent,cpu_usage_system,cpu=cpu-total,average,13.729977116705081
2026-09-30T16:00:00+00:00,backend,CWAgent,cpu_usage_system,cpu=cpu-total,average,13.57702349869457
2026-09-30T16:01:00+00:00,backend,CWAgent,cpu_usage_system,cpu=cpu-total,average,10.385402455661565
2026-09-30T16:02:00+00:00,backend,CWAgent,cpu_usage_system,cpu=cpu-total,average,5.118876385481041
2026-09-30T16:03:00+00:00,backend,CWAgent,cpu_usage_system,cpu=cpu-total,average,2.6866421158353266
2026-09-30T15:51:00+00:00,backend,CWAgent,cpu_usage_system,cpu=cpu-total,maximum,2.6220993549468226
2026-09-30T15:52:00+00:00,backend,CWAgent,cpu_usage_system,cpu=cpu-total,maximum,2.5490524903571288
2026-09-30T15:53:00+00:00,backend,CWAgent,cpu_usage_system,cpu=cpu-total,maximum,2.8432441499622567
2026-09-30T15:54:00+00:00,backend,CWAgent,cpu_usage_system,cpu=cpu-total,maximum,6.866989219930453
2026-09-30T15:55:00+00:00,backend,CWAgent,cpu_usage_system,cpu=cpu-total,maximum,12.348626982773316
2026-09-30T15:56:00+00:00,backend,CWAgent,cpu_usage_system,cpu=cpu-total,maximum,13.16569299805256
2026-09-30T15:57:00+00:00,backend,CWAgent,cpu_usage_system,cpu=cpu-total,maximum,13.345753239054934
2026-09-30T15:58:00+00:00,backend,CWAgent,cpu_usage_system,cpu=cpu-total,maximum,13.249131135034196
2026-09-30T15:59:00+00:00,backend,CWAgent,cpu_usage_system,cpu=cpu-total,maximum,13.729977116705081
2026-09-30T16:00:00+00:00,backend,CWAgent,cpu_usage_system,cpu=cpu-total,maximum,13.57702349869457
2026-09-30T16:01:00+00:00,backend,CWAgent,cpu_usage_system,cpu=cpu-total,maximum,10.385402455661565
2026-09-30T16:02:00+00:00,backend,CWAgent,cpu_usage_system,cpu=cpu-total,maximum,5.118876385481041
2026-09-30T16:03:00+00:00,backend,CWAgent,cpu_usage_system,cpu=cpu-total,maximum,2.6866421158353266
2026-09-30T15:51:00+00:00,backend,CWAgent,diskio_write_bytes,name=nvme0n1,average,1011712.0
2026-09-30T15:52:00+00:00,backend,CWAgent,diskio_write_bytes,name=nvme0n1,average,462848.0
2026-09-30T15:53:00+00:00,backend,CWAgent,diskio_write_bytes,name=nvme0n1,average,380928.0
2026-09-30T15:54:00+00:00,backend,CWAgent,diskio_write_bytes,name=nvme0n1,average,1282048.0
2026-09-30T15:55:00+00:00,backend,CWAgent,diskio_write_bytes,name=nvme0n1,average,1052672.0
2026-09-30T15:56:00+00:00,backend,CWAgent,diskio_write_bytes,name=nvme0n1,average,630784.0
2026-09-30T15:57:00+00:00,backend,CWAgent,diskio_write_bytes,name=nvme0n1,average,630784.0
2026-09-30T15:58:00+00:00,backend,CWAgent,diskio_write_bytes,name=nvme0n1,average,696320.0
2026-09-30T15:59:00+00:00,backend,CWAgent,diskio_write_bytes,name=nvme0n1,average,1302528.0
2026-09-30T16:00:00+00:00,backend,CWAgent,diskio_write_bytes,name=nvme0n1,average,557056.0
2026-09-30T16:01:00+00:00,backend,CWAgent,diskio_write_bytes,name=nvme0n1,average,577536.0
2026-09-30T16:02:00+00:00,backend,CWAgent,diskio_write_bytes,name=nvme0n1,average,442368.0
2026-09-30T16:03:00+00:00,backend,CWAgent,diskio_write_bytes,name=nvme0n1,average,176128.0
2026-09-30T15:51:00+00:00,backend,CWAgent,diskio_write_bytes,name=nvme0n1,maximum,1011712.0
2026-09-30T15:52:00+00:00,backend,CWAgent,diskio_write_bytes,name=nvme0n1,maximum,462848.0
2026-09-30T15:53:00+00:00,backend,CWAgent,diskio_write_bytes,name=nvme0n1,maximum,380928.0
2026-09-30T15:54:00+00:00,backend,CWAgent,diskio_write_bytes,name=nvme0n1,maximum,1282048.0
2026-09-30T15:55:00+00:00,backend,CWAgent,diskio_write_bytes,name=nvme0n1,maximum,1052672.0
2026-09-30T15:56:00+00:00,backend,CWAgent,diskio_write_bytes,name=nvme0n1,maximum,630784.0
2026-09-30T15:57:00+00:00,backend,CWAgent,diskio_write_bytes,name=nvme0n1,maximum,630784.0
2026-09-30T15:58:00+00:00,backend,CWAgent,diskio_write_bytes,name=nvme0n1,maximum,696320.0
2026-09-30T15:59:00+00:00,backend,CWAgent,diskio_write_bytes,name=nvme0n1,maximum,1302528.0
2026-09-30T16:00:00+00:00,backend,CWAgent,diskio_write_bytes,name=nvme0n1,maximum,557056.0
2026-09-30T16:01:00+00:00,backend,CWAgent,diskio_write_bytes,name=nvme0n1,maximum,577536.0
2026-09-30T16:02:00+00:00,backend,CWAgent,diskio_write_bytes,name=nvme0n1,maximum,442368.0
2026-09-30T16:03:00+00:00,backend,CWAgent,diskio_write_bytes,name=nvme0n1,maximum,176128.0
2026-09-30T15:51:00+00:00,backend,CWAgent,diskio_write_bytes,name=nvme0n1p15,average,0.0
2026-09-30T15:52:00+00:00,backend,CWAgent,diskio_write_bytes,name=nvme0n1p15,average,0.0
2026-09-30T15:53:00+00:00,backend,CWAgent,diskio_write_bytes,name=nvme0n1p15,average,0.0
2026-09-30T15:54:00+00:00,backend,CWAgent,diskio_write_bytes,name=nvme0n1p15,average,0.0
2026-09-30T15:55:00+00:00,backend,CWAgent,diskio_write_bytes,name=nvme0n1p15,average,0.0
2026-09-30T15:56:00+00:00,backend,CWAgent,diskio_write_bytes,name=nvme0n1p15,average,0.0
2026-09-30T15:57:00+00:00,backend,CWAgent,diskio_write_bytes,name=nvme0n1p15,average,0.0
2026-09-30T15:58:00+00:00,backend,CWAgent,diskio_write_bytes,name=nvme0n1p15,average,0.0
2026-09-30T15:59:00+00:00,backend,CWAgent,diskio_write_bytes,name=nvme0n1p15,average,0.0
2026-09-30T16:00:00+00:00,backend,CWAgent,diskio_write_bytes,name=nvme0n1p15,average,0.0
2026-09-30T16:01:00+00:00,backend,CWAgent,diskio_write_bytes,name=nvme0n1p15,average,0.0
2026-09-30T16:02:00+00:00,backend,CWAgent,diskio_write_bytes,name=nvme0n1p15,average,0.0
2026-09-30T16:03:00+00:00,backend,CWAgent,diskio_write_bytes,name=nvme0n1p15,average,0.0
2026-09-30T15:51:00+00:00,backend,CWAgent,diskio_write_bytes,name=nvme0n1p15,maximum,0.0
2026-09-30T15:52:00+00:00,backend,CWAgent,diskio_write_bytes,name=nvme0n1p15,maximum,0.0
2026-09-30T15:53:00+00:00,backend,CWAgent,diskio_write_bytes,name=nvme0n1p15,maximum,0.0
2026-09-30T15:54:00+00:00,backend,CWAgent,diskio_write_bytes,name=nvme0n1p15,maximum,0.0
2026-09-30T15:55:00+00:00,backend,CWAgent,diskio_write_bytes,name=nvme0n1p15,maximum,0.0
2026-09-30T15:56:00+00:00,backend,CWAgent,diskio_write_bytes,name=nvme0n1p15,maximum,0.0
2026-09-30T15:57:00+00:00,backend,CWAgent,diskio_write_bytes,name=nvme0n1p15,maximum,0.0
2026-09-30T15:58:00+00:00,backend,CWAgent,diskio_write_bytes,name=nvme0n1p15,maximum,0.0
2026-09-30T15:59:00+00:00,backend,CWAgent,diskio_write_bytes,name=nvme0n1p15,maximum,0.0
2026-09-30T16:00:00+00:00,backend,CWAgent,diskio_write_bytes,name=nvme0n1p15,maximum,0.0
2026-09-30T16:01:00+00:00,backend,CWAgent,diskio_write_bytes,name=nvme0n1p15,maximum,0.0
2026-09-30T16:02:00+00:00,backend,CWAgent,diskio_write_bytes,name=nvme0n1p15,maximum,0.0
2026-09-30T16:03:00+00:00,backend,CWAgent,diskio_write_bytes,name=nvme0n1p15,maximum,0.0
2026-09-30T15:51:00+00:00,backend,CWAgent,net_bytes_recv,interface=docker0,average,0.0
2026-09-30T15:52:00+00:00,backend,CWAgent,net_bytes_recv,interface=docker0,average,0.0
2026-09-30T15:53:00+00:00,backend,CWAgent,net_bytes_recv,interface=docker0,average,0.0
2026-09-30T15:54:00+00:00,backend,CWAgent,net_bytes_recv,interface=docker0,average,0.0
2026-09-30T15:55:00+00:00,backend,CWAgent,net_bytes_recv,interface=docker0,average,0.0
2026-09-30T15:56:00+00:00,backend,CWAgent,net_bytes_recv,interface=docker0,average,0.0
2026-09-30T15:57:00+00:00,backend,CWAgent,net_bytes_recv,interface=docker0,average,0.0
2026-09-30T15:58:00+00:00,backend,CWAgent,net_bytes_recv,interface=docker0,average,0.0
2026-09-30T15:59:00+00:00,backend,CWAgent,net_bytes_recv,interface=docker0,average,0.0
2026-09-30T16:00:00+00:00,backend,CWAgent,net_bytes_recv,interface=docker0,average,0.0
2026-09-30T16:01:00+00:00,backend,CWAgent,net_bytes_recv,interface=docker0,average,0.0
2026-09-30T16:02:00+00:00,backend,CWAgent,net_bytes_recv,interface=docker0,average,0.0
2026-09-30T16:03:00+00:00,backend,CWAgent,net_bytes_recv,interface=docker0,average,0.0
2026-09-30T15:51:00+00:00,backend,CWAgent,net_bytes_recv,interface=docker0,maximum,0.0
2026-09-30T15:52:00+00:00,backend,CWAgent,net_bytes_recv,interface=docker0,maximum,0.0
2026-09-30T15:53:00+00:00,backend,CWAgent,net_bytes_recv,interface=docker0,maximum,0.0
2026-09-30T15:54:00+00:00,backend,CWAgent,net_bytes_recv,interface=docker0,maximum,0.0
2026-09-30T15:55:00+00:00,backend,CWAgent,net_bytes_recv,interface=docker0,maximum,0.0
2026-09-30T15:56:00+00:00,backend,CWAgent,net_bytes_recv,interface=docker0,maximum,0.0
2026-09-30T15:57:00+00:00,backend,CWAgent,net_bytes_recv,interface=docker0,maximum,0.0
2026-09-30T15:58:00+00:00,backend,CWAgent,net_bytes_recv,interface=docker0,maximum,0.0
2026-09-30T15:59:00+00:00,backend,CWAgent,net_bytes_recv,interface=docker0,maximum,0.0
2026-09-30T16:00:00+00:00,backend,CWAgent,net_bytes_recv,interface=docker0,maximum,0.0
2026-09-30T16:01:00+00:00,backend,CWAgent,net_bytes_recv,interface=docker0,maximum,0.0
2026-09-30T16:02:00+00:00,backend,CWAgent,net_bytes_recv,interface=docker0,maximum,0.0
2026-09-30T16:03:00+00:00,backend,CWAgent,net_bytes_recv,interface=docker0,maximum,0.0
2026-09-30T15:51:00+00:00,backend,CWAgent,cpu_usage_steal,cpu=cpu-total,average,0.35184719778839346
2026-09-30T15:52:00+00:00,backend,CWAgent,cpu_usage_steal,cpu=cpu-total,average,0.35217172564145105
2026-09-30T15:53:00+00:00,backend,CWAgent,cpu_usage_steal,cpu=cpu-total,average,0.2600016774301798
2026-09-30T15:54:00+00:00,backend,CWAgent,cpu_usage_steal,cpu=cpu-total,average,1.7400899753840982
2026-09-30T15:55:00+00:00,backend,CWAgent,cpu_usage_steal,cpu=cpu-total,average,1.2536244243561283
2026-09-30T15:56:00+00:00,backend,CWAgent,cpu_usage_steal,cpu=cpu-total,average,0.931335196003716
2026-09-30T15:57:00+00:00,backend,CWAgent,cpu_usage_steal,cpu=cpu-total,average,0.5758319925480616
2026-09-30T15:58:00+00:00,backend,CWAgent,cpu_usage_steal,cpu=cpu-total,average,0.46622022548104747
2026-09-30T15:59:00+00:00,backend,CWAgent,cpu_usage_steal,cpu=cpu-total,average,0.4322400203407186
2026-09-30T16:00:00+00:00,backend,CWAgent,cpu_usage_steal,cpu=cpu-total,average,2.636233470900368
2026-09-30T16:01:00+00:00,backend,CWAgent,cpu_usage_steal,cpu=cpu-total,average,1.4751023192360115
2026-09-30T16:02:00+00:00,backend,CWAgent,cpu_usage_steal,cpu=cpu-total,average,0.6853371689652125
2026-09-30T16:03:00+00:00,backend,CWAgent,cpu_usage_steal,cpu=cpu-total,average,0.292936056243731
2026-09-30T15:51:00+00:00,backend,CWAgent,cpu_usage_steal,cpu=cpu-total,maximum,0.35184719778839346
2026-09-30T15:52:00+00:00,backend,CWAgent,cpu_usage_steal,cpu=cpu-total,maximum,0.35217172564145105
2026-09-30T15:53:00+00:00,backend,CWAgent,cpu_usage_steal,cpu=cpu-total,maximum,0.2600016774301798
2026-09-30T15:54:00+00:00,backend,CWAgent,cpu_usage_steal,cpu=cpu-total,maximum,1.7400899753840982
2026-09-30T15:55:00+00:00,backend,CWAgent,cpu_usage_steal,cpu=cpu-total,maximum,1.2536244243561283
2026-09-30T15:56:00+00:00,backend,CWAgent,cpu_usage_steal,cpu=cpu-total,maximum,0.931335196003716
2026-09-30T15:57:00+00:00,backend,CWAgent,cpu_usage_steal,cpu=cpu-total,maximum,0.5758319925480616
2026-09-30T15:58:00+00:00,backend,CWAgent,cpu_usage_steal,cpu=cpu-total,maximum,0.46622022548104747
2026-09-30T15:59:00+00:00,backend,CWAgent,cpu_usage_steal,cpu=cpu-total,maximum,0.4322400203407186
2026-09-30T16:00:00+00:00,backend,CWAgent,cpu_usage_steal,cpu=cpu-total,maximum,2.636233470900368
2026-09-30T16:01:00+00:00,backend,CWAgent,cpu_usage_steal,cpu=cpu-total,maximum,1.4751023192360115
2026-09-30T16:02:00+00:00,backend,CWAgent,cpu_usage_steal,cpu=cpu-total,maximum,0.6853371689652125
2026-09-30T16:03:00+00:00,backend,CWAgent,cpu_usage_steal,cpu=cpu-total,maximum,0.292936056243731
2026-09-30T15:51:00+00:00,backend,CWAgent,net_bytes_sent,interface=docker0,average,0.0
2026-09-30T15:52:00+00:00,backend,CWAgent,net_bytes_sent,interface=docker0,average,0.0
2026-09-30T15:53:00+00:00,backend,CWAgent,net_bytes_sent,interface=docker0,average,0.0
2026-09-30T15:54:00+00:00,backend,CWAgent,net_bytes_sent,interface=docker0,average,0.0
2026-09-30T15:55:00+00:00,backend,CWAgent,net_bytes_sent,interface=docker0,average,0.0
2026-09-30T15:56:00+00:00,backend,CWAgent,net_bytes_sent,interface=docker0,average,0.0
2026-09-30T15:57:00+00:00,backend,CWAgent,net_bytes_sent,interface=docker0,average,0.0
2026-09-30T15:58:00+00:00,backend,CWAgent,net_bytes_sent,interface=docker0,average,0.0
2026-09-30T15:59:00+00:00,backend,CWAgent,net_bytes_sent,interface=docker0,average,0.0
2026-09-30T16:00:00+00:00,backend,CWAgent,net_bytes_sent,interface=docker0,average,0.0
2026-09-30T16:01:00+00:00,backend,CWAgent,net_bytes_sent,interface=docker0,average,0.0
2026-09-30T16:02:00+00:00,backend,CWAgent,net_bytes_sent,interface=docker0,average,0.0
2026-09-30T16:03:00+00:00,backend,CWAgent,net_bytes_sent,interface=docker0,average,0.0
2026-09-30T15:51:00+00:00,backend,CWAgent,net_bytes_sent,interface=docker0,maximum,0.0
2026-09-30T15:52:00+00:00,backend,CWAgent,net_bytes_sent,interface=docker0,maximum,0.0
2026-09-30T15:53:00+00:00,backend,CWAgent,net_bytes_sent,interface=docker0,maximum,0.0
2026-09-30T15:54:00+00:00,backend,CWAgent,net_bytes_sent,interface=docker0,maximum,0.0
2026-09-30T15:55:00+00:00,backend,CWAgent,net_bytes_sent,interface=docker0,maximum,0.0
2026-09-30T15:56:00+00:00,backend,CWAgent,net_bytes_sent,interface=docker0,maximum,0.0
2026-09-30T15:57:00+00:00,backend,CWAgent,net_bytes_sent,interface=docker0,maximum,0.0
2026-09-30T15:58:00+00:00,backend,CWAgent,net_bytes_sent,interface=docker0,maximum,0.0
2026-09-30T15:59:00+00:00,backend,CWAgent,net_bytes_sent,interface=docker0,maximum,0.0
2026-09-30T16:00:00+00:00,backend,CWAgent,net_bytes_sent,interface=docker0,maximum,0.0
2026-09-30T16:01:00+00:00,backend,CWAgent,net_bytes_sent,interface=docker0,maximum,0.0
2026-09-30T16:02:00+00:00,backend,CWAgent,net_bytes_sent,interface=docker0,maximum,0.0
2026-09-30T16:03:00+00:00,backend,CWAgent,net_bytes_sent,interface=docker0,maximum,0.0
2026-09-30T15:51:00+00:00,backend,CWAgent,cpu_usage_idle,cpu=cpu-total,average,95.25006282985741
2026-09-30T15:52:00+00:00,backend,CWAgent,cpu_usage_idle,cpu=cpu-total,average,95.49723293644003
2026-09-30T15:53:00+00:00,backend,CWAgent,cpu_usage_idle,cpu=cpu-total,average,93.11414912354267
2026-09-30T15:54:00+00:00,backend,CWAgent,cpu_usage_idle,cpu=cpu-total,average,64.45123503947086
2026-09-30T15:55:00+00:00,backend,CWAgent,cpu_usage_idle,cpu=cpu-total,average,29.06361930752163
2026-09-30T15:56:00+00:00,backend,CWAgent,cpu_usage_idle,cpu=cpu-total,average,19.236305139277835
2026-09-30T15:57:00+00:00,backend,CWAgent,cpu_usage_idle,cpu=cpu-total,average,17.461258362265184
2026-09-30T15:58:00+00:00,backend,CWAgent,cpu_usage_idle,cpu=cpu-total,average,18.682715944732266
2026-09-30T15:59:00+00:00,backend,CWAgent,cpu_usage_idle,cpu=cpu-total,average,17.832019662682786
2026-09-30T16:00:00+00:00,backend,CWAgent,cpu_usage_idle,cpu=cpu-total,average,16.743872652237087
2026-09-30T16:01:00+00:00,backend,CWAgent,cpu_usage_idle,cpu=cpu-total,average,41.25170532059936
2026-09-30T16:02:00+00:00,backend,CWAgent,cpu_usage_idle,cpu=cpu-total,average,79.58372112699813
2026-09-30T16:03:00+00:00,backend,CWAgent,cpu_usage_idle,cpu=cpu-total,average,95.21258788081741
2026-09-30T15:51:00+00:00,backend,CWAgent,cpu_usage_idle,cpu=cpu-total,maximum,95.25006282985741
2026-09-30T15:52:00+00:00,backend,CWAgent,cpu_usage_idle,cpu=cpu-total,maximum,95.49723293644003
2026-09-30T15:53:00+00:00,backend,CWAgent,cpu_usage_idle,cpu=cpu-total,maximum,93.11414912354267
2026-09-30T15:54:00+00:00,backend,CWAgent,cpu_usage_idle,cpu=cpu-total,maximum,64.45123503947086
2026-09-30T15:55:00+00:00,backend,CWAgent,cpu_usage_idle,cpu=cpu-total,maximum,29.06361930752163
2026-09-30T15:56:00+00:00,backend,CWAgent,cpu_usage_idle,cpu=cpu-total,maximum,19.236305139277835
2026-09-30T15:57:00+00:00,backend,CWAgent,cpu_usage_idle,cpu=cpu-total,maximum,17.461258362265184
2026-09-30T15:58:00+00:00,backend,CWAgent,cpu_usage_idle,cpu=cpu-total,maximum,18.682715944732266
2026-09-30T15:59:00+00:00,backend,CWAgent,cpu_usage_idle,cpu=cpu-total,maximum,17.832019662682786
2026-09-30T16:00:00+00:00,backend,CWAgent,cpu_usage_idle,cpu=cpu-total,maximum,16.743872652237087
2026-09-30T16:01:00+00:00,backend,CWAgent,cpu_usage_idle,cpu=cpu-total,maximum,41.25170532059936
2026-09-30T16:02:00+00:00,backend,CWAgent,cpu_usage_idle,cpu=cpu-total,maximum,79.58372112699813
2026-09-30T16:03:00+00:00,backend,CWAgent,cpu_usage_idle,cpu=cpu-total,maximum,95.21258788081741
2026-09-30T15:51:00+00:00,backend,CWAgent,diskio_reads,name=nvme0n1,average,277.0
2026-09-30T15:52:00+00:00,backend,CWAgent,diskio_reads,name=nvme0n1,average,37.0
2026-09-30T15:53:00+00:00,backend,CWAgent,diskio_reads,name=nvme0n1,average,1781.0
2026-09-30T15:54:00+00:00,backend,CWAgent,diskio_reads,name=nvme0n1,average,289.0
2026-09-30T15:55:00+00:00,backend,CWAgent,diskio_reads,name=nvme0n1,average,376.0
2026-09-30T15:56:00+00:00,backend,CWAgent,diskio_reads,name=nvme0n1,average,146.0
2026-09-30T15:57:00+00:00,backend,CWAgent,diskio_reads,name=nvme0n1,average,95.0
2026-09-30T15:58:00+00:00,backend,CWAgent,diskio_reads,name=nvme0n1,average,30.0
2026-09-30T15:59:00+00:00,backend,CWAgent,diskio_reads,name=nvme0n1,average,151.0
2026-09-30T16:00:00+00:00,backend,CWAgent,diskio_reads,name=nvme0n1,average,1439.0
2026-09-30T16:01:00+00:00,backend,CWAgent,diskio_reads,name=nvme0n1,average,121.0
2026-09-30T16:02:00+00:00,backend,CWAgent,diskio_reads,name=nvme0n1,average,54.0
2026-09-30T16:03:00+00:00,backend,CWAgent,diskio_reads,name=nvme0n1,average,18.0
2026-09-30T15:51:00+00:00,backend,CWAgent,diskio_reads,name=nvme0n1,maximum,277.0
2026-09-30T15:52:00+00:00,backend,CWAgent,diskio_reads,name=nvme0n1,maximum,37.0
2026-09-30T15:53:00+00:00,backend,CWAgent,diskio_reads,name=nvme0n1,maximum,1781.0
2026-09-30T15:54:00+00:00,backend,CWAgent,diskio_reads,name=nvme0n1,maximum,289.0
2026-09-30T15:55:00+00:00,backend,CWAgent,diskio_reads,name=nvme0n1,maximum,376.0
2026-09-30T15:56:00+00:00,backend,CWAgent,diskio_reads,name=nvme0n1,maximum,146.0
2026-09-30T15:57:00+00:00,backend,CWAgent,diskio_reads,name=nvme0n1,maximum,95.0
2026-09-30T15:58:00+00:00,backend,CWAgent,diskio_reads,name=nvme0n1,maximum,30.0
2026-09-30T15:59:00+00:00,backend,CWAgent,diskio_reads,name=nvme0n1,maximum,151.0
2026-09-30T16:00:00+00:00,backend,CWAgent,diskio_reads,name=nvme0n1,maximum,1439.0
2026-09-30T16:01:00+00:00,backend,CWAgent,diskio_reads,name=nvme0n1,maximum,121.0
2026-09-30T16:02:00+00:00,backend,CWAgent,diskio_reads,name=nvme0n1,maximum,54.0
2026-09-30T16:03:00+00:00,backend,CWAgent,diskio_reads,name=nvme0n1,maximum,18.0
2026-09-30T15:51:00+00:00,backend,CWAgent,procstat_cpu_usage,exe=containerd;process_name=containerd,average,0.08333311235752566
2026-09-30T15:52:00+00:00,backend,CWAgent,procstat_cpu_usage,exe=containerd;process_name=containerd,average,0.06666604747020007
2026-09-30T15:53:00+00:00,backend,CWAgent,procstat_cpu_usage,exe=containerd;process_name=containerd,average,0.04999911919801249
2026-09-30T15:54:00+00:00,backend,CWAgent,procstat_cpu_usage,exe=containerd;process_name=containerd,average,0.09999393113167111
2026-09-30T15:55:00+00:00,backend,CWAgent,procstat_cpu_usage,exe=containerd;process_name=containerd,average,0.0666682405227086
2026-09-30T15:56:00+00:00,backend,CWAgent,procstat_cpu_usage,exe=containerd;process_name=containerd,average,0.11665741729862902
2026-09-30T15:57:00+00:00,backend,CWAgent,procstat_cpu_usage,exe=containerd;process_name=containerd,average,0.08334326394854338
2026-09-30T15:58:00+00:00,backend,CWAgent,procstat_cpu_usage,exe=containerd;process_name=containerd,average,0.08332132450995341
2026-09-30T15:59:00+00:00,backend,CWAgent,procstat_cpu_usage,exe=containerd;process_name=containerd,average,0.08334507632120787
2026-09-30T16:00:00+00:00,backend,CWAgent,procstat_cpu_usage,exe=containerd;process_name=containerd,average,0.0833351190535437
2026-09-30T16:01:00+00:00,backend,CWAgent,procstat_cpu_usage,exe=containerd;process_name=containerd,average,0.08333023017944914
2026-09-30T16:02:00+00:00,backend,CWAgent,procstat_cpu_usage,exe=containerd;process_name=containerd,average,0.08333714061143171
2026-09-30T16:03:00+00:00,backend,CWAgent,procstat_cpu_usage,exe=containerd;process_name=containerd,average,0.06666662826891549
2026-09-30T15:51:00+00:00,backend,CWAgent,procstat_cpu_usage,exe=containerd;process_name=containerd,maximum,0.08333311235752566
2026-09-30T15:52:00+00:00,backend,CWAgent,procstat_cpu_usage,exe=containerd;process_name=containerd,maximum,0.06666604747020007
2026-09-30T15:53:00+00:00,backend,CWAgent,procstat_cpu_usage,exe=containerd;process_name=containerd,maximum,0.04999911919801249
2026-09-30T15:54:00+00:00,backend,CWAgent,procstat_cpu_usage,exe=containerd;process_name=containerd,maximum,0.09999393113167111
2026-09-30T15:55:00+00:00,backend,CWAgent,procstat_cpu_usage,exe=containerd;process_name=containerd,maximum,0.0666682405227086
2026-09-30T15:56:00+00:00,backend,CWAgent,procstat_cpu_usage,exe=containerd;process_name=containerd,maximum,0.11665741729862902
2026-09-30T15:57:00+00:00,backend,CWAgent,procstat_cpu_usage,exe=containerd;process_name=containerd,maximum,0.08334326394854338
2026-09-30T15:58:00+00:00,backend,CWAgent,procstat_cpu_usage,exe=containerd;process_name=containerd,maximum,0.08332132450995341
2026-09-30T15:59:00+00:00,backend,CWAgent,procstat_cpu_usage,exe=containerd;process_name=containerd,maximum,0.08334507632120787
2026-09-30T16:00:00+00:00,backend,CWAgent,procstat_cpu_usage,exe=containerd;process_name=containerd,maximum,0.0833351190535437
2026-09-30T16:01:00+00:00,backend,CWAgent,procstat_cpu_usage,exe=containerd;process_name=containerd,maximum,0.08333023017944914
2026-09-30T16:02:00+00:00,backend,CWAgent,procstat_cpu_usage,exe=containerd;process_name=containerd,maximum,0.08333714061143171
2026-09-30T16:03:00+00:00,backend,CWAgent,procstat_cpu_usage,exe=containerd;process_name=containerd,maximum,0.06666662826891549
2026-09-30T15:51:00+00:00,backend,CWAgent,net_bytes_recv,interface=br-dbf96cd2fd10,average,796.0
2026-09-30T15:52:00+00:00,backend,CWAgent,net_bytes_recv,interface=br-dbf96cd2fd10,average,768.0
2026-09-30T15:53:00+00:00,backend,CWAgent,net_bytes_recv,interface=br-dbf96cd2fd10,average,2540208.0
2026-09-30T15:54:00+00:00,backend,CWAgent,net_bytes_recv,interface=br-dbf96cd2fd10,average,66991151.0
2026-09-30T15:55:00+00:00,backend,CWAgent,net_bytes_recv,interface=br-dbf96cd2fd10,average,155666817.0
2026-09-30T15:56:00+00:00,backend,CWAgent,net_bytes_recv,interface=br-dbf96cd2fd10,average,181876411.0
2026-09-30T15:57:00+00:00,backend,CWAgent,net_bytes_recv,interface=br-dbf96cd2fd10,average,182223528.0
2026-09-30T15:58:00+00:00,backend,CWAgent,net_bytes_recv,interface=br-dbf96cd2fd10,average,182447234.0
2026-09-30T15:59:00+00:00,backend,CWAgent,net_bytes_recv,interface=br-dbf96cd2fd10,average,182237270.0
2026-09-30T16:00:00+00:00,backend,CWAgent,net_bytes_recv,interface=br-dbf96cd2fd10,average,176087567.0
2026-09-30T16:01:00+00:00,backend,CWAgent,net_bytes_recv,interface=br-dbf96cd2fd10,average,120110610.0
2026-09-30T16:02:00+00:00,backend,CWAgent,net_bytes_recv,interface=br-dbf96cd2fd10,average,31155630.0
2026-09-30T16:03:00+00:00,backend,CWAgent,net_bytes_recv,interface=br-dbf96cd2fd10,average,1064.0
2026-09-30T15:51:00+00:00,backend,CWAgent,net_bytes_recv,interface=br-dbf96cd2fd10,maximum,796.0
2026-09-30T15:52:00+00:00,backend,CWAgent,net_bytes_recv,interface=br-dbf96cd2fd10,maximum,768.0
2026-09-30T15:53:00+00:00,backend,CWAgent,net_bytes_recv,interface=br-dbf96cd2fd10,maximum,2540208.0
2026-09-30T15:54:00+00:00,backend,CWAgent,net_bytes_recv,interface=br-dbf96cd2fd10,maximum,66991151.0
2026-09-30T15:55:00+00:00,backend,CWAgent,net_bytes_recv,interface=br-dbf96cd2fd10,maximum,155666817.0
2026-09-30T15:56:00+00:00,backend,CWAgent,net_bytes_recv,interface=br-dbf96cd2fd10,maximum,181876411.0
2026-09-30T15:57:00+00:00,backend,CWAgent,net_bytes_recv,interface=br-dbf96cd2fd10,maximum,182223528.0
2026-09-30T15:58:00+00:00,backend,CWAgent,net_bytes_recv,interface=br-dbf96cd2fd10,maximum,182447234.0
2026-09-30T15:59:00+00:00,backend,CWAgent,net_bytes_recv,interface=br-dbf96cd2fd10,maximum,182237270.0
2026-09-30T16:00:00+00:00,backend,CWAgent,net_bytes_recv,interface=br-dbf96cd2fd10,maximum,176087567.0
2026-09-30T16:01:00+00:00,backend,CWAgent,net_bytes_recv,interface=br-dbf96cd2fd10,maximum,120110610.0
2026-09-30T16:02:00+00:00,backend,CWAgent,net_bytes_recv,interface=br-dbf96cd2fd10,maximum,31155630.0
2026-09-30T16:03:00+00:00,backend,CWAgent,net_bytes_recv,interface=br-dbf96cd2fd10,maximum,1064.0
2026-09-30T15:51:00+00:00,backend,CWAgent,net_bytes_sent,interface=vethaa909a3,average,579.0
2026-09-30T15:52:00+00:00,backend,CWAgent,net_bytes_sent,interface=vethaa909a3,average,537.0
2026-09-30T15:53:00+00:00,backend,CWAgent,net_bytes_sent,interface=vethaa909a3,average,786897.0
2026-09-30T15:54:00+00:00,backend,CWAgent,net_bytes_sent,interface=vethaa909a3,average,19427181.0
2026-09-30T15:55:00+00:00,backend,CWAgent,net_bytes_sent,interface=vethaa909a3,average,44679000.0
2026-09-30T15:56:00+00:00,backend,CWAgent,net_bytes_sent,interface=vethaa909a3,average,51677891.0
2026-09-30T15:57:00+00:00,backend,CWAgent,net_bytes_sent,interface=vethaa909a3,average,51779527.0
2026-09-30T15:58:00+00:00,backend,CWAgent,net_bytes_sent,interface=vethaa909a3,average,51880888.0
2026-09-30T15:59:00+00:00,backend,CWAgent,net_bytes_sent,interface=vethaa909a3,average,51866550.0
2026-09-30T16:00:00+00:00,backend,CWAgent,net_bytes_sent,interface=vethaa909a3,average,49956969.0
2026-09-30T16:01:00+00:00,backend,CWAgent,net_bytes_sent,interface=vethaa909a3,average,34622500.0
2026-09-30T16:02:00+00:00,backend,CWAgent,net_bytes_sent,interface=vethaa909a3,average,9572622.0
2026-09-30T16:03:00+00:00,backend,CWAgent,net_bytes_sent,interface=vethaa909a3,average,735.0
2026-09-30T15:51:00+00:00,backend,CWAgent,net_bytes_sent,interface=vethaa909a3,maximum,579.0
2026-09-30T15:52:00+00:00,backend,CWAgent,net_bytes_sent,interface=vethaa909a3,maximum,537.0
2026-09-30T15:53:00+00:00,backend,CWAgent,net_bytes_sent,interface=vethaa909a3,maximum,786897.0
2026-09-30T15:54:00+00:00,backend,CWAgent,net_bytes_sent,interface=vethaa909a3,maximum,19427181.0
2026-09-30T15:55:00+00:00,backend,CWAgent,net_bytes_sent,interface=vethaa909a3,maximum,44679000.0
2026-09-30T15:56:00+00:00,backend,CWAgent,net_bytes_sent,interface=vethaa909a3,maximum,51677891.0
2026-09-30T15:57:00+00:00,backend,CWAgent,net_bytes_sent,interface=vethaa909a3,maximum,51779527.0
2026-09-30T15:58:00+00:00,backend,CWAgent,net_bytes_sent,interface=vethaa909a3,maximum,51880888.0
2026-09-30T15:59:00+00:00,backend,CWAgent,net_bytes_sent,interface=vethaa909a3,maximum,51866550.0
2026-09-30T16:00:00+00:00,backend,CWAgent,net_bytes_sent,interface=vethaa909a3,maximum,49956969.0
2026-09-30T16:01:00+00:00,backend,CWAgent,net_bytes_sent,interface=vethaa909a3,maximum,34622500.0
2026-09-30T16:02:00+00:00,backend,CWAgent,net_bytes_sent,interface=vethaa909a3,maximum,9572622.0
2026-09-30T16:03:00+00:00,backend,CWAgent,net_bytes_sent,interface=vethaa909a3,maximum,735.0
2026-09-30T15:51:00+00:00,backend,CWAgent,procstat_cpu_usage,exe=redis-server;process_name=redis-server,average,0.4666596545375425
2026-09-30T15:52:00+00:00,backend,CWAgent,procstat_cpu_usage,exe=redis-server;process_name=redis-server,average,0.4833340538313859
2026-09-30T15:53:00+00:00,backend,CWAgent,procstat_cpu_usage,exe=redis-server;process_name=redis-server,average,0.7166690283777942
2026-09-30T15:54:00+00:00,backend,CWAgent,procstat_cpu_usage,exe=redis-server;process_name=redis-server,average,6.199634965493182
2026-09-30T15:55:00+00:00,backend,CWAgent,procstat_cpu_usage,exe=redis-server;process_name=redis-server,average,12.400440154243293
2026-09-30T15:56:00+00:00,backend,CWAgent,procstat_cpu_usage,exe=redis-server;process_name=redis-server,average,13.749834802151442
2026-09-30T15:57:00+00:00,backend,CWAgent,procstat_cpu_usage,exe=redis-server;process_name=redis-server,average,13.66554386117009
2026-09-30T15:58:00+00:00,backend,CWAgent,procstat_cpu_usage,exe=redis-server;process_name=redis-server,average,13.53389646432897
2026-09-30T15:59:00+00:00,backend,CWAgent,procstat_cpu_usage,exe=redis-server;process_name=redis-server,average,13.50076454019549
2026-09-30T16:00:00+00:00,backend,CWAgent,procstat_cpu_usage,exe=redis-server;process_name=redis-server,average,13.5662871687759
2026-09-30T16:01:00+00:00,backend,CWAgent,procstat_cpu_usage,exe=redis-server;process_name=redis-server,average,9.733726960222565
2026-09-30T16:02:00+00:00,backend,CWAgent,procstat_cpu_usage,exe=redis-server;process_name=redis-server,average,3.1833828090444474
2026-09-30T16:03:00+00:00,backend,CWAgent,procstat_cpu_usage,exe=redis-server;process_name=redis-server,average,0.44999583465862053
2026-09-30T15:51:00+00:00,backend,CWAgent,procstat_cpu_usage,exe=redis-server;process_name=redis-server,maximum,0.4666596545375425
2026-09-30T15:52:00+00:00,backend,CWAgent,procstat_cpu_usage,exe=redis-server;process_name=redis-server,maximum,0.4833340538313859
2026-09-30T15:53:00+00:00,backend,CWAgent,procstat_cpu_usage,exe=redis-server;process_name=redis-server,maximum,0.7166690283777942
2026-09-30T15:54:00+00:00,backend,CWAgent,procstat_cpu_usage,exe=redis-server;process_name=redis-server,maximum,6.199634965493182
2026-09-30T15:55:00+00:00,backend,CWAgent,procstat_cpu_usage,exe=redis-server;process_name=redis-server,maximum,12.400440154243293
2026-09-30T15:56:00+00:00,backend,CWAgent,procstat_cpu_usage,exe=redis-server;process_name=redis-server,maximum,13.749834802151442
2026-09-30T15:57:00+00:00,backend,CWAgent,procstat_cpu_usage,exe=redis-server;process_name=redis-server,maximum,13.66554386117009
2026-09-30T15:58:00+00:00,backend,CWAgent,procstat_cpu_usage,exe=redis-server;process_name=redis-server,maximum,13.53389646432897
2026-09-30T15:59:00+00:00,backend,CWAgent,procstat_cpu_usage,exe=redis-server;process_name=redis-server,maximum,13.50076454019549
2026-09-30T16:00:00+00:00,backend,CWAgent,procstat_cpu_usage,exe=redis-server;process_name=redis-server,maximum,13.5662871687759
2026-09-30T16:01:00+00:00,backend,CWAgent,procstat_cpu_usage,exe=redis-server;process_name=redis-server,maximum,9.733726960222565
2026-09-30T16:02:00+00:00,backend,CWAgent,procstat_cpu_usage,exe=redis-server;process_name=redis-server,maximum,3.1833828090444474
2026-09-30T16:03:00+00:00,backend,CWAgent,procstat_cpu_usage,exe=redis-server;process_name=redis-server,maximum,0.44999583465862053
2026-09-30T15:51:00+00:00,backend,CWAgent,procstat_cpu_usage,exe=java;process_name=java,average,0.28333126628075705
2026-09-30T15:52:00+00:00,backend,CWAgent,procstat_cpu_usage,exe=java;process_name=java,average,0.21666181592580272
2026-09-30T15:53:00+00:00,backend,CWAgent,procstat_cpu_usage,exe=java;process_name=java,average,2.8166318534726
2026-09-30T15:54:00+00:00,backend,CWAgent,procstat_cpu_usage,exe=java;process_name=java,average,51.60703401852093
2026-09-30T15:55:00+00:00,backend,CWAgent,procstat_cpu_usage,exe=java;process_name=java,average,114.81108888359262
2026-09-30T15:56:00+00:00,backend,CWAgent,procstat_cpu_usage,exe=java;process_name=java,average,132.97004300614964
2026-09-30T15:57:00+00:00,backend,CWAgent,procstat_cpu_usage,exe=java;process_name=java,average,137.17860248916384
2026-09-30T15:58:00+00:00,backend,CWAgent,procstat_cpu_usage,exe=java;process_name=java,average,134.66272662463103
2026-09-30T15:59:00+00:00,backend,CWAgent,procstat_cpu_usage,exe=java;process_name=java,average,136.39800885364846
2026-09-30T16:00:00+00:00,backend,CWAgent,procstat_cpu_usage,exe=java;process_name=java,average,137.75860985397088
2026-09-30T16:01:00+00:00,backend,CWAgent,procstat_cpu_usage,exe=java;process_name=java,average,93.47273272111613
2026-09-30T16:02:00+00:00,backend,CWAgent,procstat_cpu_usage,exe=java;process_name=java,average,27.121815666526544
2026-09-30T16:03:00+00:00,backend,CWAgent,procstat_cpu_usage,exe=java;process_name=java,average,0.2833314389503627
2026-09-30T15:51:00+00:00,backend,CWAgent,procstat_cpu_usage,exe=java;process_name=java,maximum,0.28333126628075705
2026-09-30T15:52:00+00:00,backend,CWAgent,procstat_cpu_usage,exe=java;process_name=java,maximum,0.21666181592580272
2026-09-30T15:53:00+00:00,backend,CWAgent,procstat_cpu_usage,exe=java;process_name=java,maximum,2.8166318534726
2026-09-30T15:54:00+00:00,backend,CWAgent,procstat_cpu_usage,exe=java;process_name=java,maximum,51.60703401852093
2026-09-30T15:55:00+00:00,backend,CWAgent,procstat_cpu_usage,exe=java;process_name=java,maximum,114.81108888359262
2026-09-30T15:56:00+00:00,backend,CWAgent,procstat_cpu_usage,exe=java;process_name=java,maximum,132.97004300614964
2026-09-30T15:57:00+00:00,backend,CWAgent,procstat_cpu_usage,exe=java;process_name=java,maximum,137.17860248916384
2026-09-30T15:58:00+00:00,backend,CWAgent,procstat_cpu_usage,exe=java;process_name=java,maximum,134.66272662463103
2026-09-30T15:59:00+00:00,backend,CWAgent,procstat_cpu_usage,exe=java;process_name=java,maximum,136.39800885364846
2026-09-30T16:00:00+00:00,backend,CWAgent,procstat_cpu_usage,exe=java;process_name=java,maximum,137.75860985397088
2026-09-30T16:01:00+00:00,backend,CWAgent,procstat_cpu_usage,exe=java;process_name=java,maximum,93.47273272111613
2026-09-30T16:02:00+00:00,backend,CWAgent,procstat_cpu_usage,exe=java;process_name=java,maximum,27.121815666526544
2026-09-30T16:03:00+00:00,backend,CWAgent,procstat_cpu_usage,exe=java;process_name=java,maximum,0.2833314389503627
2026-09-30T15:51:00+00:00,backend,CWAgent,net_bytes_recv,interface=veth342b8e3,average,0.0
2026-09-30T15:52:00+00:00,backend,CWAgent,net_bytes_recv,interface=veth342b8e3,average,0.0
2026-09-30T15:53:00+00:00,backend,CWAgent,net_bytes_recv,interface=veth342b8e3,average,59710.0
2026-09-30T15:54:00+00:00,backend,CWAgent,net_bytes_recv,interface=veth342b8e3,average,1596924.0
2026-09-30T15:55:00+00:00,backend,CWAgent,net_bytes_recv,interface=veth342b8e3,average,3452326.0
2026-09-30T15:56:00+00:00,backend,CWAgent,net_bytes_recv,interface=veth342b8e3,average,3866444.0
2026-09-30T15:57:00+00:00,backend,CWAgent,net_bytes_recv,interface=veth342b8e3,average,3880860.0
2026-09-30T15:58:00+00:00,backend,CWAgent,net_bytes_recv,interface=veth342b8e3,average,3897668.0
2026-09-30T15:59:00+00:00,backend,CWAgent,net_bytes_recv,interface=veth342b8e3,average,3903214.0
2026-09-30T16:00:00+00:00,backend,CWAgent,net_bytes_recv,interface=veth342b8e3,average,3703918.0
2026-09-30T16:01:00+00:00,backend,CWAgent,net_bytes_recv,interface=veth342b8e3,average,2765452.0
2026-09-30T16:02:00+00:00,backend,CWAgent,net_bytes_recv,interface=veth342b8e3,average,731778.0
2026-09-30T16:03:00+00:00,backend,CWAgent,net_bytes_recv,interface=veth342b8e3,average,0.0
2026-09-30T15:51:00+00:00,backend,CWAgent,net_bytes_recv,interface=veth342b8e3,maximum,0.0
2026-09-30T15:52:00+00:00,backend,CWAgent,net_bytes_recv,interface=veth342b8e3,maximum,0.0
2026-09-30T15:53:00+00:00,backend,CWAgent,net_bytes_recv,interface=veth342b8e3,maximum,59710.0
2026-09-30T15:54:00+00:00,backend,CWAgent,net_bytes_recv,interface=veth342b8e3,maximum,1596924.0
2026-09-30T15:55:00+00:00,backend,CWAgent,net_bytes_recv,interface=veth342b8e3,maximum,3452326.0
2026-09-30T15:56:00+00:00,backend,CWAgent,net_bytes_recv,interface=veth342b8e3,maximum,3866444.0
2026-09-30T15:57:00+00:00,backend,CWAgent,net_bytes_recv,interface=veth342b8e3,maximum,3880860.0
2026-09-30T15:58:00+00:00,backend,CWAgent,net_bytes_recv,interface=veth342b8e3,maximum,3897668.0
2026-09-30T15:59:00+00:00,backend,CWAgent,net_bytes_recv,interface=veth342b8e3,maximum,3903214.0
2026-09-30T16:00:00+00:00,backend,CWAgent,net_bytes_recv,interface=veth342b8e3,maximum,3703918.0
2026-09-30T16:01:00+00:00,backend,CWAgent,net_bytes_recv,interface=veth342b8e3,maximum,2765452.0
2026-09-30T16:02:00+00:00,backend,CWAgent,net_bytes_recv,interface=veth342b8e3,maximum,731778.0
2026-09-30T16:03:00+00:00,backend,CWAgent,net_bytes_recv,interface=veth342b8e3,maximum,0.0
2026-09-30T15:51:00+00:00,backend,CWAgent,procstat_cpu_usage,exe=containerd;process_name=containerd-shim-runc-v2,average,0.024999908307419844
2026-09-30T15:52:00+00:00,backend,CWAgent,procstat_cpu_usage,exe=containerd;process_name=containerd-shim-runc-v2,average,0.04166645799077013
2026-09-30T15:53:00+00:00,backend,CWAgent,procstat_cpu_usage,exe=containerd;process_name=containerd-shim-runc-v2,average,0.024999452252418237
2026-09-30T15:54:00+00:00,backend,CWAgent,procstat_cpu_usage,exe=containerd;process_name=containerd-shim-runc-v2,average,0.04166589665173026
2026-09-30T15:55:00+00:00,backend,CWAgent,procstat_cpu_usage,exe=containerd;process_name=containerd-shim-runc-v2,average,0.04166594950737286
2026-09-30T15:56:00+00:00,backend,CWAgent,procstat_cpu_usage,exe=containerd;process_name=containerd-shim-runc-v2,average,0.058328536080599055
2026-09-30T15:57:00+00:00,backend,CWAgent,procstat_cpu_usage,exe=containerd;process_name=containerd-shim-runc-v2,average,0.041671758372592294
2026-09-30T15:58:00+00:00,backend,CWAgent,procstat_cpu_usage,exe=containerd;process_name=containerd-shim-runc-v2,average,0.05832361034742064
2026-09-30T15:59:00+00:00,backend,CWAgent,procstat_cpu_usage,exe=containerd;process_name=containerd-shim-runc-v2,average,0.05000812179836919
2026-09-30T16:00:00+00:00,backend,CWAgent,procstat_cpu_usage,exe=containerd;process_name=containerd-shim-runc-v2,average,0.04999768637876175
2026-09-30T16:01:00+00:00,backend,CWAgent,procstat_cpu_usage,exe=containerd;process_name=containerd-shim-runc-v2,average,0.025000809498710887
2026-09-30T16:02:00+00:00,backend,CWAgent,procstat_cpu_usage,exe=containerd;process_name=containerd-shim-runc-v2,average,0.04166872985771252
2026-09-30T16:03:00+00:00,backend,CWAgent,procstat_cpu_usage,exe=containerd;process_name=containerd-shim-runc-v2,average,0.04999998664914882
2026-09-30T15:51:00+00:00,backend,CWAgent,procstat_cpu_usage,exe=containerd;process_name=containerd-shim-runc-v2,maximum,0.04999981661483969
2026-09-30T15:52:00+00:00,backend,CWAgent,procstat_cpu_usage,exe=containerd;process_name=containerd-shim-runc-v2,maximum,0.06666634137603172
2026-09-30T15:53:00+00:00,backend,CWAgent,procstat_cpu_usage,exe=containerd;process_name=containerd-shim-runc-v2,maximum,0.049998904504836475
2026-09-30T15:54:00+00:00,backend,CWAgent,procstat_cpu_usage,exe=containerd;process_name=containerd-shim-runc-v2,maximum,0.08333179330346052
2026-09-30T15:55:00+00:00,backend,CWAgent,procstat_cpu_usage,exe=containerd;process_name=containerd-shim-runc-v2,maximum,0.06666549140960776
2026-09-30T15:56:00+00:00,backend,CWAgent,procstat_cpu_usage,exe=containerd;process_name=containerd-shim-runc-v2,maximum,0.0999918225037685
2026-09-30T15:57:00+00:00,backend,CWAgent,procstat_cpu_usage,exe=containerd;process_name=containerd-shim-runc-v2,maximum,0.06667478088749004
2026-09-30T15:58:00+00:00,backend,CWAgent,procstat_cpu_usage,exe=containerd;process_name=containerd-shim-runc-v2,maximum,0.09998552078511291
2026-09-30T15:59:00+00:00,backend,CWAgent,procstat_cpu_usage,exe=containerd;process_name=containerd-shim-runc-v2,maximum,0.08334480896478574
2026-09-30T16:00:00+00:00,backend,CWAgent,procstat_cpu_usage,exe=containerd;process_name=containerd-shim-runc-v2,maximum,0.08332936549310044
2026-09-30T16:01:00+00:00,backend,CWAgent,procstat_cpu_usage,exe=containerd;process_name=containerd-shim-runc-v2,maximum,0.050001618997421775
2026-09-30T16:02:00+00:00,backend,CWAgent,procstat_cpu_usage,exe=containerd;process_name=containerd-shim-runc-v2,maximum,0.08333745971542504
2026-09-30T16:03:00+00:00,backend,CWAgent,procstat_cpu_usage,exe=containerd;process_name=containerd-shim-runc-v2,maximum,0.0833331486170773
2026-09-30T15:51:00+00:00,backend,CWAgent,net_bytes_sent,interface=veth342b8e3,average,0.0
2026-09-30T15:52:00+00:00,backend,CWAgent,net_bytes_sent,interface=veth342b8e3,average,0.0
2026-09-30T15:53:00+00:00,backend,CWAgent,net_bytes_sent,interface=veth342b8e3,average,281187.0
2026-09-30T15:54:00+00:00,backend,CWAgent,net_bytes_sent,interface=veth342b8e3,average,7733827.0
2026-09-30T15:55:00+00:00,backend,CWAgent,net_bytes_sent,interface=veth342b8e3,average,18184894.0
2026-09-30T15:56:00+00:00,backend,CWAgent,net_bytes_sent,interface=veth342b8e3,average,21218447.0
2026-09-30T15:57:00+00:00,backend,CWAgent,net_bytes_sent,interface=veth342b8e3,average,21213256.0
2026-09-30T15:58:00+00:00,backend,CWAgent,net_bytes_sent,interface=veth342b8e3,average,21240274.0
2026-09-30T15:59:00+00:00,backend,CWAgent,net_bytes_sent,interface=veth342b8e3,average,21191366.0
2026-09-30T16:00:00+00:00,backend,CWAgent,net_bytes_sent,interface=veth342b8e3,average,20443315.0
2026-09-30T16:01:00+00:00,backend,CWAgent,net_bytes_sent,interface=veth342b8e3,average,13974186.0
2026-09-30T16:02:00+00:00,backend,CWAgent,net_bytes_sent,interface=veth342b8e3,average,3505350.0
2026-09-30T16:03:00+00:00,backend,CWAgent,net_bytes_sent,interface=veth342b8e3,average,0.0
2026-09-30T15:51:00+00:00,backend,CWAgent,net_bytes_sent,interface=veth342b8e3,maximum,0.0
2026-09-30T15:52:00+00:00,backend,CWAgent,net_bytes_sent,interface=veth342b8e3,maximum,0.0
2026-09-30T15:53:00+00:00,backend,CWAgent,net_bytes_sent,interface=veth342b8e3,maximum,281187.0
2026-09-30T15:54:00+00:00,backend,CWAgent,net_bytes_sent,interface=veth342b8e3,maximum,7733827.0
2026-09-30T15:55:00+00:00,backend,CWAgent,net_bytes_sent,interface=veth342b8e3,maximum,18184894.0
2026-09-30T15:56:00+00:00,backend,CWAgent,net_bytes_sent,interface=veth342b8e3,maximum,21218447.0
2026-09-30T15:57:00+00:00,backend,CWAgent,net_bytes_sent,interface=veth342b8e3,maximum,21213256.0
2026-09-30T15:58:00+00:00,backend,CWAgent,net_bytes_sent,interface=veth342b8e3,maximum,21240274.0
2026-09-30T15:59:00+00:00,backend,CWAgent,net_bytes_sent,interface=veth342b8e3,maximum,21191366.0
2026-09-30T16:00:00+00:00,backend,CWAgent,net_bytes_sent,interface=veth342b8e3,maximum,20443315.0
2026-09-30T16:01:00+00:00,backend,CWAgent,net_bytes_sent,interface=veth342b8e3,maximum,13974186.0
2026-09-30T16:02:00+00:00,backend,CWAgent,net_bytes_sent,interface=veth342b8e3,maximum,3505350.0
2026-09-30T16:03:00+00:00,backend,CWAgent,net_bytes_sent,interface=veth342b8e3,maximum,0.0
2026-09-30T15:51:00+00:00,backend,CWAgent,net_bytes_recv,interface=vethaa909a3,average,964.0
2026-09-30T15:52:00+00:00,backend,CWAgent,net_bytes_recv,interface=vethaa909a3,average,922.0
2026-09-30T15:53:00+00:00,backend,CWAgent,net_bytes_recv,interface=vethaa909a3,average,2925149.0
2026-09-30T15:54:00+00:00,backend,CWAgent,net_bytes_recv,interface=vethaa909a3,average,76876134.0
2026-09-30T15:55:00+00:00,backend,CWAgent,net_bytes_recv,interface=vethaa909a3,average,178617678.0
2026-09-30T15:56:00+00:00,backend,CWAgent,net_bytes_recv,interface=vethaa909a3,average,208660667.0
2026-09-30T15:57:00+00:00,backend,CWAgent,net_bytes_recv,interface=vethaa909a3,average,208955850.0
2026-09-30T15:58:00+00:00,backend,CWAgent,net_bytes_recv,interface=vethaa909a3,average,209220896.0
2026-09-30T15:59:00+00:00,backend,CWAgent,net_bytes_recv,interface=vethaa909a3,average,208932372.0
2026-09-30T16:00:00+00:00,backend,CWAgent,net_bytes_recv,interface=vethaa909a3,average,201973620.0
2026-09-30T16:01:00+00:00,backend,CWAgent,net_bytes_recv,interface=vethaa909a3,average,137798940.0
2026-09-30T16:02:00+00:00,backend,CWAgent,net_bytes_recv,interface=vethaa909a3,average,35822294.0
2026-09-30T16:03:00+00:00,backend,CWAgent,net_bytes_recv,interface=vethaa909a3,average,1274.0
2026-09-30T15:51:00+00:00,backend,CWAgent,net_bytes_recv,interface=vethaa909a3,maximum,964.0
2026-09-30T15:52:00+00:00,backend,CWAgent,net_bytes_recv,interface=vethaa909a3,maximum,922.0
2026-09-30T15:53:00+00:00,backend,CWAgent,net_bytes_recv,interface=vethaa909a3,maximum,2925149.0
2026-09-30T15:54:00+00:00,backend,CWAgent,net_bytes_recv,interface=vethaa909a3,maximum,76876134.0
2026-09-30T15:55:00+00:00,backend,CWAgent,net_bytes_recv,interface=vethaa909a3,maximum,178617678.0
2026-09-30T15:56:00+00:00,backend,CWAgent,net_bytes_recv,interface=vethaa909a3,maximum,208660667.0
2026-09-30T15:57:00+00:00,backend,CWAgent,net_bytes_recv,interface=vethaa909a3,maximum,208955850.0
2026-09-30T15:58:00+00:00,backend,CWAgent,net_bytes_recv,interface=vethaa909a3,maximum,209220896.0
2026-09-30T15:59:00+00:00,backend,CWAgent,net_bytes_recv,interface=vethaa909a3,maximum,208932372.0
2026-09-30T16:00:00+00:00,backend,CWAgent,net_bytes_recv,interface=vethaa909a3,maximum,201973620.0
2026-09-30T16:01:00+00:00,backend,CWAgent,net_bytes_recv,interface=vethaa909a3,maximum,137798940.0
2026-09-30T16:02:00+00:00,backend,CWAgent,net_bytes_recv,interface=vethaa909a3,maximum,35822294.0
2026-09-30T16:03:00+00:00,backend,CWAgent,net_bytes_recv,interface=vethaa909a3,maximum,1274.0
2026-09-30T15:51:00+00:00,backend,CWAgent,net_bytes_sent,interface=br-dbf96cd2fd10,average,579.0
2026-09-30T15:52:00+00:00,backend,CWAgent,net_bytes_sent,interface=br-dbf96cd2fd10,average,537.0
2026-09-30T15:53:00+00:00,backend,CWAgent,net_bytes_sent,interface=br-dbf96cd2fd10,average,727187.0
2026-09-30T15:54:00+00:00,backend,CWAgent,net_bytes_sent,interface=br-dbf96cd2fd10,average,17830257.0
2026-09-30T15:55:00+00:00,backend,CWAgent,net_bytes_sent,interface=br-dbf96cd2fd10,average,41226674.0
2026-09-30T15:56:00+00:00,backend,CWAgent,net_bytes_sent,interface=br-dbf96cd2fd10,average,47811447.0
2026-09-30T15:57:00+00:00,backend,CWAgent,net_bytes_sent,interface=br-dbf96cd2fd10,average,47898667.0
2026-09-30T15:58:00+00:00,backend,CWAgent,net_bytes_sent,interface=br-dbf96cd2fd10,average,47983220.0
2026-09-30T15:59:00+00:00,backend,CWAgent,net_bytes_sent,interface=br-dbf96cd2fd10,average,47963336.0
2026-09-30T16:00:00+00:00,backend,CWAgent,net_bytes_sent,interface=br-dbf96cd2fd10,average,46253051.0
2026-09-30T16:01:00+00:00,backend,CWAgent,net_bytes_sent,interface=br-dbf96cd2fd10,average,31856937.0
2026-09-30T16:02:00+00:00,backend,CWAgent,net_bytes_sent,interface=br-dbf96cd2fd10,average,8840955.0
2026-09-30T16:03:00+00:00,backend,CWAgent,net_bytes_sent,interface=br-dbf96cd2fd10,average,735.0
2026-09-30T15:51:00+00:00,backend,CWAgent,net_bytes_sent,interface=br-dbf96cd2fd10,maximum,579.0
2026-09-30T15:52:00+00:00,backend,CWAgent,net_bytes_sent,interface=br-dbf96cd2fd10,maximum,537.0
2026-09-30T15:53:00+00:00,backend,CWAgent,net_bytes_sent,interface=br-dbf96cd2fd10,maximum,727187.0
2026-09-30T15:54:00+00:00,backend,CWAgent,net_bytes_sent,interface=br-dbf96cd2fd10,maximum,17830257.0
2026-09-30T15:55:00+00:00,backend,CWAgent,net_bytes_sent,interface=br-dbf96cd2fd10,maximum,41226674.0
2026-09-30T15:56:00+00:00,backend,CWAgent,net_bytes_sent,interface=br-dbf96cd2fd10,maximum,47811447.0
2026-09-30T15:57:00+00:00,backend,CWAgent,net_bytes_sent,interface=br-dbf96cd2fd10,maximum,47898667.0
2026-09-30T15:58:00+00:00,backend,CWAgent,net_bytes_sent,interface=br-dbf96cd2fd10,maximum,47983220.0
2026-09-30T15:59:00+00:00,backend,CWAgent,net_bytes_sent,interface=br-dbf96cd2fd10,maximum,47963336.0
2026-09-30T16:00:00+00:00,backend,CWAgent,net_bytes_sent,interface=br-dbf96cd2fd10,maximum,46253051.0
2026-09-30T16:01:00+00:00,backend,CWAgent,net_bytes_sent,interface=br-dbf96cd2fd10,maximum,31856937.0
2026-09-30T16:02:00+00:00,backend,CWAgent,net_bytes_sent,interface=br-dbf96cd2fd10,maximum,8840955.0
2026-09-30T16:03:00+00:00,backend,CWAgent,net_bytes_sent,interface=br-dbf96cd2fd10,maximum,735.0
2026-09-30T15:51:00+00:00,backend,CWAgent,procstat_memory_rss,exe=containerd;process_name=containerd-shim-runc-v2,average,8644608.0
2026-09-30T15:52:00+00:00,backend,CWAgent,procstat_memory_rss,exe=containerd;process_name=containerd-shim-runc-v2,average,8669184.0
2026-09-30T15:53:00+00:00,backend,CWAgent,procstat_memory_rss,exe=containerd;process_name=containerd-shim-runc-v2,average,8638464.0
2026-09-30T15:54:00+00:00,backend,CWAgent,procstat_memory_rss,exe=containerd;process_name=containerd-shim-runc-v2,average,8693760.0
2026-09-30T15:55:00+00:00,backend,CWAgent,procstat_memory_rss,exe=containerd;process_name=containerd-shim-runc-v2,average,8722432.0
2026-09-30T15:56:00+00:00,backend,CWAgent,procstat_memory_rss,exe=containerd;process_name=containerd-shim-runc-v2,average,8771584.0
2026-09-30T15:57:00+00:00,backend,CWAgent,procstat_memory_rss,exe=containerd;process_name=containerd-shim-runc-v2,average,8830976.0
2026-09-30T15:58:00+00:00,backend,CWAgent,procstat_memory_rss,exe=containerd;process_name=containerd-shim-runc-v2,average,8767488.0
2026-09-30T15:59:00+00:00,backend,CWAgent,procstat_memory_rss,exe=containerd;process_name=containerd-shim-runc-v2,average,8851456.0
2026-09-30T16:00:00+00:00,backend,CWAgent,procstat_memory_rss,exe=containerd;process_name=containerd-shim-runc-v2,average,8857600.0
2026-09-30T16:01:00+00:00,backend,CWAgent,procstat_memory_rss,exe=containerd;process_name=containerd-shim-runc-v2,average,8853504.0
2026-09-30T16:02:00+00:00,backend,CWAgent,procstat_memory_rss,exe=containerd;process_name=containerd-shim-runc-v2,average,8849408.0
2026-09-30T16:03:00+00:00,backend,CWAgent,procstat_memory_rss,exe=containerd;process_name=containerd-shim-runc-v2,average,8839168.0
2026-09-30T15:51:00+00:00,backend,CWAgent,procstat_memory_rss,exe=containerd;process_name=containerd-shim-runc-v2,maximum,8851456.0
2026-09-30T15:52:00+00:00,backend,CWAgent,procstat_memory_rss,exe=containerd;process_name=containerd-shim-runc-v2,maximum,8900608.0
2026-09-30T15:53:00+00:00,backend,CWAgent,procstat_memory_rss,exe=containerd;process_name=containerd-shim-runc-v2,maximum,8839168.0
2026-09-30T15:54:00+00:00,backend,CWAgent,procstat_memory_rss,exe=containerd;process_name=containerd-shim-runc-v2,maximum,8916992.0
2026-09-30T15:55:00+00:00,backend,CWAgent,procstat_memory_rss,exe=containerd;process_name=containerd-shim-runc-v2,maximum,9003008.0
2026-09-30T15:56:00+00:00,backend,CWAgent,procstat_memory_rss,exe=containerd;process_name=containerd-shim-runc-v2,maximum,9101312.0
2026-09-30T15:57:00+00:00,backend,CWAgent,procstat_memory_rss,exe=containerd;process_name=containerd-shim-runc-v2,maximum,9220096.0
2026-09-30T15:58:00+00:00,backend,CWAgent,procstat_memory_rss,exe=containerd;process_name=containerd-shim-runc-v2,maximum,9093120.0
2026-09-30T15:59:00+00:00,backend,CWAgent,procstat_memory_rss,exe=containerd;process_name=containerd-shim-runc-v2,maximum,9228288.0
2026-09-30T16:00:00+00:00,backend,CWAgent,procstat_memory_rss,exe=containerd;process_name=containerd-shim-runc-v2,maximum,9256960.0
2026-09-30T16:01:00+00:00,backend,CWAgent,procstat_memory_rss,exe=containerd;process_name=containerd-shim-runc-v2,maximum,9216000.0
2026-09-30T16:02:00+00:00,backend,CWAgent,procstat_memory_rss,exe=containerd;process_name=containerd-shim-runc-v2,maximum,9240576.0
2026-09-30T16:03:00+00:00,backend,CWAgent,procstat_memory_rss,exe=containerd;process_name=containerd-shim-runc-v2,maximum,9220096.0
2026-09-30T15:51:00+00:00,backend,CWAgent,procstat_memory_rss,exe=redis-server;process_name=redis-server,average,4714496.0
2026-09-30T15:52:00+00:00,backend,CWAgent,procstat_memory_rss,exe=redis-server;process_name=redis-server,average,4714496.0
2026-09-30T15:53:00+00:00,backend,CWAgent,procstat_memory_rss,exe=redis-server;process_name=redis-server,average,4718592.0
2026-09-30T15:54:00+00:00,backend,CWAgent,procstat_memory_rss,exe=redis-server;process_name=redis-server,average,4698112.0
2026-09-30T15:55:00+00:00,backend,CWAgent,procstat_memory_rss,exe=redis-server;process_name=redis-server,average,4714496.0
2026-09-30T15:56:00+00:00,backend,CWAgent,procstat_memory_rss,exe=redis-server;process_name=redis-server,average,4718592.0
2026-09-30T15:57:00+00:00,backend,CWAgent,procstat_memory_rss,exe=redis-server;process_name=redis-server,average,4718592.0
2026-09-30T15:58:00+00:00,backend,CWAgent,procstat_memory_rss,exe=redis-server;process_name=redis-server,average,4714496.0
2026-09-30T15:59:00+00:00,backend,CWAgent,procstat_memory_rss,exe=redis-server;process_name=redis-server,average,4714496.0
2026-09-30T16:00:00+00:00,backend,CWAgent,procstat_memory_rss,exe=redis-server;process_name=redis-server,average,4726784.0
2026-09-30T16:01:00+00:00,backend,CWAgent,procstat_memory_rss,exe=redis-server;process_name=redis-server,average,4722688.0
2026-09-30T16:02:00+00:00,backend,CWAgent,procstat_memory_rss,exe=redis-server;process_name=redis-server,average,4689920.0
2026-09-30T16:03:00+00:00,backend,CWAgent,procstat_memory_rss,exe=redis-server;process_name=redis-server,average,4689920.0
2026-09-30T15:51:00+00:00,backend,CWAgent,procstat_memory_rss,exe=redis-server;process_name=redis-server,maximum,4714496.0
2026-09-30T15:52:00+00:00,backend,CWAgent,procstat_memory_rss,exe=redis-server;process_name=redis-server,maximum,4714496.0
2026-09-30T15:53:00+00:00,backend,CWAgent,procstat_memory_rss,exe=redis-server;process_name=redis-server,maximum,4718592.0
2026-09-30T15:54:00+00:00,backend,CWAgent,procstat_memory_rss,exe=redis-server;process_name=redis-server,maximum,4698112.0
2026-09-30T15:55:00+00:00,backend,CWAgent,procstat_memory_rss,exe=redis-server;process_name=redis-server,maximum,4714496.0
2026-09-30T15:56:00+00:00,backend,CWAgent,procstat_memory_rss,exe=redis-server;process_name=redis-server,maximum,4718592.0
2026-09-30T15:57:00+00:00,backend,CWAgent,procstat_memory_rss,exe=redis-server;process_name=redis-server,maximum,4718592.0
2026-09-30T15:58:00+00:00,backend,CWAgent,procstat_memory_rss,exe=redis-server;process_name=redis-server,maximum,4714496.0
2026-09-30T15:59:00+00:00,backend,CWAgent,procstat_memory_rss,exe=redis-server;process_name=redis-server,maximum,4714496.0
2026-09-30T16:00:00+00:00,backend,CWAgent,procstat_memory_rss,exe=redis-server;process_name=redis-server,maximum,4726784.0
2026-09-30T16:01:00+00:00,backend,CWAgent,procstat_memory_rss,exe=redis-server;process_name=redis-server,maximum,4722688.0
2026-09-30T16:02:00+00:00,backend,CWAgent,procstat_memory_rss,exe=redis-server;process_name=redis-server,maximum,4689920.0
2026-09-30T16:03:00+00:00,backend,CWAgent,procstat_memory_rss,exe=redis-server;process_name=redis-server,maximum,4689920.0
2026-09-30T15:51:00+00:00,backend,AWS/EC2,EBSWriteOps,,average,72.0
2026-09-30T15:52:00+00:00,backend,AWS/EC2,EBSWriteOps,,average,84.0
2026-09-30T15:53:00+00:00,backend,AWS/EC2,EBSWriteOps,,average,50.0
2026-09-30T15:54:00+00:00,backend,AWS/EC2,EBSWriteOps,,average,184.0
2026-09-30T15:55:00+00:00,backend,AWS/EC2,EBSWriteOps,,average,99.0
2026-09-30T15:56:00+00:00,backend,AWS/EC2,EBSWriteOps,,average,51.0
2026-09-30T15:57:00+00:00,backend,AWS/EC2,EBSWriteOps,,average,53.0
2026-09-30T15:58:00+00:00,backend,AWS/EC2,EBSWriteOps,,average,64.0
2026-09-30T15:59:00+00:00,backend,AWS/EC2,EBSWriteOps,,average,200.0
2026-09-30T16:00:00+00:00,backend,AWS/EC2,EBSWriteOps,,average,42.0
2026-09-30T16:01:00+00:00,backend,AWS/EC2,EBSWriteOps,,average,56.0
2026-09-30T16:02:00+00:00,backend,AWS/EC2,EBSWriteOps,,average,47.0
2026-09-30T16:03:00+00:00,backend,AWS/EC2,EBSWriteOps,,average,34.0
2026-09-30T15:51:00+00:00,backend,AWS/EC2,EBSWriteOps,,maximum,72.0
2026-09-30T15:52:00+00:00,backend,AWS/EC2,EBSWriteOps,,maximum,84.0
2026-09-30T15:53:00+00:00,backend,AWS/EC2,EBSWriteOps,,maximum,50.0
2026-09-30T15:54:00+00:00,backend,AWS/EC2,EBSWriteOps,,maximum,184.0
2026-09-30T15:55:00+00:00,backend,AWS/EC2,EBSWriteOps,,maximum,99.0
2026-09-30T15:56:00+00:00,backend,AWS/EC2,EBSWriteOps,,maximum,51.0
2026-09-30T15:57:00+00:00,backend,AWS/EC2,EBSWriteOps,,maximum,53.0
2026-09-30T15:58:00+00:00,backend,AWS/EC2,EBSWriteOps,,maximum,64.0
2026-09-30T15:59:00+00:00,backend,AWS/EC2,EBSWriteOps,,maximum,200.0
2026-09-30T16:00:00+00:00,backend,AWS/EC2,EBSWriteOps,,maximum,42.0
2026-09-30T16:01:00+00:00,backend,AWS/EC2,EBSWriteOps,,maximum,56.0
2026-09-30T16:02:00+00:00,backend,AWS/EC2,EBSWriteOps,,maximum,47.0
2026-09-30T16:03:00+00:00,backend,AWS/EC2,EBSWriteOps,,maximum,34.0
2026-09-30T15:51:00+00:00,backend,AWS/EC2,EBSWriteBytes,,average,458752.0
2026-09-30T15:52:00+00:00,backend,AWS/EC2,EBSWriteBytes,,average,458752.0
2026-09-30T15:53:00+00:00,backend,AWS/EC2,EBSWriteBytes,,average,393216.0
2026-09-30T15:54:00+00:00,backend,AWS/EC2,EBSWriteBytes,,average,1282048.0
2026-09-30T15:55:00+00:00,backend,AWS/EC2,EBSWriteBytes,,average,1040384.0
2026-09-30T15:56:00+00:00,backend,AWS/EC2,EBSWriteBytes,,average,643072.0
2026-09-30T15:57:00+00:00,backend,AWS/EC2,EBSWriteBytes,,average,634880.0
2026-09-30T15:58:00+00:00,backend,AWS/EC2,EBSWriteBytes,,average,696320.0
2026-09-30T15:59:00+00:00,backend,AWS/EC2,EBSWriteBytes,,average,1298432.0
2026-09-30T16:00:00+00:00,backend,AWS/EC2,EBSWriteBytes,,average,557056.0
2026-09-30T16:01:00+00:00,backend,AWS/EC2,EBSWriteBytes,,average,577536.0
2026-09-30T16:02:00+00:00,backend,AWS/EC2,EBSWriteBytes,,average,430080.0
2026-09-30T16:03:00+00:00,backend,AWS/EC2,EBSWriteBytes,,average,180224.0
2026-09-30T15:51:00+00:00,backend,AWS/EC2,EBSWriteBytes,,maximum,458752.0
2026-09-30T15:52:00+00:00,backend,AWS/EC2,EBSWriteBytes,,maximum,458752.0
2026-09-30T15:53:00+00:00,backend,AWS/EC2,EBSWriteBytes,,maximum,393216.0
2026-09-30T15:54:00+00:00,backend,AWS/EC2,EBSWriteBytes,,maximum,1282048.0
2026-09-30T15:55:00+00:00,backend,AWS/EC2,EBSWriteBytes,,maximum,1040384.0
2026-09-30T15:56:00+00:00,backend,AWS/EC2,EBSWriteBytes,,maximum,643072.0
2026-09-30T15:57:00+00:00,backend,AWS/EC2,EBSWriteBytes,,maximum,634880.0
2026-09-30T15:58:00+00:00,backend,AWS/EC2,EBSWriteBytes,,maximum,696320.0
2026-09-30T15:59:00+00:00,backend,AWS/EC2,EBSWriteBytes,,maximum,1298432.0
2026-09-30T16:00:00+00:00,backend,AWS/EC2,EBSWriteBytes,,maximum,557056.0
2026-09-30T16:01:00+00:00,backend,AWS/EC2,EBSWriteBytes,,maximum,577536.0
2026-09-30T16:02:00+00:00,backend,AWS/EC2,EBSWriteBytes,,maximum,430080.0
2026-09-30T16:03:00+00:00,backend,AWS/EC2,EBSWriteBytes,,maximum,180224.0
2026-09-30T15:51:00+00:00,backend,AWS/EC2,CPUUtilization,,average,6.447899636315105
2026-09-30T15:52:00+00:00,backend,AWS/EC2,CPUUtilization,,average,5.416666666666667
2026-09-30T15:53:00+00:00,backend,AWS/EC2,CPUUtilization,,average,6.583333333333333
2026-09-30T15:54:00+00:00,backend,AWS/EC2,CPUUtilization,,average,35.356899049268215
2026-09-30T15:55:00+00:00,backend,AWS/EC2,CPUUtilization,,average,70.61110091590064
2026-09-30T15:56:00+00:00,backend,AWS/EC2,CPUUtilization,,average,81.73197113381444
2026-09-30T15:57:00+00:00,backend,AWS/EC2,CPUUtilization,,average,83.72046555772016
2026-09-30T15:58:00+00:00,backend,AWS/EC2,CPUUtilization,,average,82.575
2026-09-30T15:59:00+00:00,backend,AWS/EC2,CPUUtilization,,average,83.64752594174368
2026-09-30T16:00:00+00:00,backend,AWS/EC2,CPUUtilization,,average,82.41666666666667
2026-09-30T16:01:00+00:00,backend,AWS/EC2,CPUUtilization,,average,63.02136232704507
2026-09-30T16:02:00+00:00,backend,AWS/EC2,CPUUtilization,,average,25.32542209036817
2026-09-30T16:03:00+00:00,backend,AWS/EC2,CPUUtilization,,average,5.658333333333333
2026-09-30T15:51:00+00:00,backend,AWS/EC2,CPUUtilization,,maximum,6.447899636315105
2026-09-30T15:52:00+00:00,backend,AWS/EC2,CPUUtilization,,maximum,5.416666666666667
2026-09-30T15:53:00+00:00,backend,AWS/EC2,CPUUtilization,,maximum,6.583333333333333
2026-09-30T15:54:00+00:00,backend,AWS/EC2,CPUUtilization,,maximum,35.356899049268215
2026-09-30T15:55:00+00:00,backend,AWS/EC2,CPUUtilization,,maximum,70.61110091590064
2026-09-30T15:56:00+00:00,backend,AWS/EC2,CPUUtilization,,maximum,81.73197113381444
2026-09-30T15:57:00+00:00,backend,AWS/EC2,CPUUtilization,,maximum,83.72046555772016
2026-09-30T15:58:00+00:00,backend,AWS/EC2,CPUUtilization,,maximum,82.575
2026-09-30T15:59:00+00:00,backend,AWS/EC2,CPUUtilization,,maximum,83.64752594174368
2026-09-30T16:00:00+00:00,backend,AWS/EC2,CPUUtilization,,maximum,82.41666666666667
2026-09-30T16:01:00+00:00,backend,AWS/EC2,CPUUtilization,,maximum,63.02136232704507
2026-09-30T16:02:00+00:00,backend,AWS/EC2,CPUUtilization,,maximum,25.32542209036817
2026-09-30T16:03:00+00:00,backend,AWS/EC2,CPUUtilization,,maximum,5.658333333333333
2026-09-30T15:51:00+00:00,backend,AWS/EC2,EBSReadOps,,average,249.0
2026-09-30T15:52:00+00:00,backend,AWS/EC2,EBSReadOps,,average,1535.0
2026-09-30T15:53:00+00:00,backend,AWS/EC2,EBSReadOps,,average,431.0
2026-09-30T15:54:00+00:00,backend,AWS/EC2,EBSReadOps,,average,193.0
2026-09-30T15:55:00+00:00,backend,AWS/EC2,EBSReadOps,,average,325.0
2026-09-30T15:56:00+00:00,backend,AWS/EC2,EBSReadOps,,average,133.0
2026-09-30T15:57:00+00:00,backend,AWS/EC2,EBSReadOps,,average,95.0
2026-09-30T15:58:00+00:00,backend,AWS/EC2,EBSReadOps,,average,47.0
2026-09-30T15:59:00+00:00,backend,AWS/EC2,EBSReadOps,,average,134.0
2026-09-30T16:00:00+00:00,backend,AWS/EC2,EBSReadOps,,average,1450.0
2026-09-30T16:01:00+00:00,backend,AWS/EC2,EBSReadOps,,average,122.0
2026-09-30T16:02:00+00:00,backend,AWS/EC2,EBSReadOps,,average,47.0
2026-09-30T16:03:00+00:00,backend,AWS/EC2,EBSReadOps,,average,11.0
2026-09-30T15:51:00+00:00,backend,AWS/EC2,EBSReadOps,,maximum,249.0
2026-09-30T15:52:00+00:00,backend,AWS/EC2,EBSReadOps,,maximum,1535.0
2026-09-30T15:53:00+00:00,backend,AWS/EC2,EBSReadOps,,maximum,431.0
2026-09-30T15:54:00+00:00,backend,AWS/EC2,EBSReadOps,,maximum,193.0
2026-09-30T15:55:00+00:00,backend,AWS/EC2,EBSReadOps,,maximum,325.0
2026-09-30T15:56:00+00:00,backend,AWS/EC2,EBSReadOps,,maximum,133.0
2026-09-30T15:57:00+00:00,backend,AWS/EC2,EBSReadOps,,maximum,95.0
2026-09-30T15:58:00+00:00,backend,AWS/EC2,EBSReadOps,,maximum,47.0
2026-09-30T15:59:00+00:00,backend,AWS/EC2,EBSReadOps,,maximum,134.0
2026-09-30T16:00:00+00:00,backend,AWS/EC2,EBSReadOps,,maximum,1450.0
2026-09-30T16:01:00+00:00,backend,AWS/EC2,EBSReadOps,,maximum,122.0
2026-09-30T16:02:00+00:00,backend,AWS/EC2,EBSReadOps,,maximum,47.0
2026-09-30T16:03:00+00:00,backend,AWS/EC2,EBSReadOps,,maximum,11.0
2026-09-30T15:51:00+00:00,backend,AWS/EC2,EBSReadBytes,,average,4812800.0
2026-09-30T15:52:00+00:00,backend,AWS/EC2,EBSReadBytes,,average,10240000.0
2026-09-30T15:53:00+00:00,backend,AWS/EC2,EBSReadBytes,,average,10424320.0
2026-09-30T15:54:00+00:00,backend,AWS/EC2,EBSReadBytes,,average,1617920.0
2026-09-30T15:55:00+00:00,backend,AWS/EC2,EBSReadBytes,,average,2088960.0
2026-09-30T15:56:00+00:00,backend,AWS/EC2,EBSReadBytes,,average,1241088.0
2026-09-30T15:57:00+00:00,backend,AWS/EC2,EBSReadBytes,,average,749568.0
2026-09-30T15:58:00+00:00,backend,AWS/EC2,EBSReadBytes,,average,925696.0
2026-09-30T15:59:00+00:00,backend,AWS/EC2,EBSReadBytes,,average,1376256.0
2026-09-30T16:00:00+00:00,backend,AWS/EC2,EBSReadBytes,,average,7356416.0
2026-09-30T16:01:00+00:00,backend,AWS/EC2,EBSReadBytes,,average,1081344.0
2026-09-30T16:02:00+00:00,backend,AWS/EC2,EBSReadBytes,,average,434176.0
2026-09-30T16:03:00+00:00,backend,AWS/EC2,EBSReadBytes,,average,94208.0
2026-09-30T15:51:00+00:00,backend,AWS/EC2,EBSReadBytes,,maximum,4812800.0
2026-09-30T15:52:00+00:00,backend,AWS/EC2,EBSReadBytes,,maximum,10240000.0
2026-09-30T15:53:00+00:00,backend,AWS/EC2,EBSReadBytes,,maximum,10424320.0
2026-09-30T15:54:00+00:00,backend,AWS/EC2,EBSReadBytes,,maximum,1617920.0
2026-09-30T15:55:00+00:00,backend,AWS/EC2,EBSReadBytes,,maximum,2088960.0
2026-09-30T15:56:00+00:00,backend,AWS/EC2,EBSReadBytes,,maximum,1241088.0
2026-09-30T15:57:00+00:00,backend,AWS/EC2,EBSReadBytes,,maximum,749568.0
2026-09-30T15:58:00+00:00,backend,AWS/EC2,EBSReadBytes,,maximum,925696.0
2026-09-30T15:59:00+00:00,backend,AWS/EC2,EBSReadBytes,,maximum,1376256.0
2026-09-30T16:00:00+00:00,backend,AWS/EC2,EBSReadBytes,,maximum,7356416.0
2026-09-30T16:01:00+00:00,backend,AWS/EC2,EBSReadBytes,,maximum,1081344.0
2026-09-30T16:02:00+00:00,backend,AWS/EC2,EBSReadBytes,,maximum,434176.0
2026-09-30T16:03:00+00:00,backend,AWS/EC2,EBSReadBytes,,maximum,94208.0
2026-09-30T15:55:00+00:00,backend,AWS/EC2,CPUCreditBalance,,average,0.0
2026-09-30T16:00:00+00:00,backend,AWS/EC2,CPUCreditBalance,,average,0.0
2026-09-30T15:55:00+00:00,backend,AWS/EC2,CPUCreditBalance,,maximum,0.0
2026-09-30T16:00:00+00:00,backend,AWS/EC2,CPUCreditBalance,,maximum,0.0
2026-09-30T15:55:00+00:00,backend,AWS/EC2,CPUSurplusCreditBalance,,average,51.89993716666667
2026-09-30T16:00:00+00:00,backend,AWS/EC2,CPUSurplusCreditBalance,,average,59.11937961666667
2026-09-30T15:55:00+00:00,backend,AWS/EC2,CPUSurplusCreditBalance,,maximum,51.89993716666667
2026-09-30T16:00:00+00:00,backend,AWS/EC2,CPUSurplusCreditBalance,,maximum,59.11937961666667
2026-09-30T15:55:00+00:00,backend,AWS/EC2,CPUSurplusCreditsCharged,,average,0.0
2026-09-30T16:00:00+00:00,backend,AWS/EC2,CPUSurplusCreditsCharged,,average,0.0
2026-09-30T15:55:00+00:00,backend,AWS/EC2,CPUSurplusCreditsCharged,,maximum,0.0
2026-09-30T16:00:00+00:00,backend,AWS/EC2,CPUSurplusCreditsCharged,,maximum,0.0
2026-09-30T15:55:00+00:00,backend,AWS/EC2,CPUCreditUsage,,average,3.0612671666666667
2026-09-30T16:00:00+00:00,backend,AWS/EC2,CPUCreditUsage,,average,8.219589116666667
2026-09-30T15:55:00+00:00,backend,AWS/EC2,CPUCreditUsage,,maximum,3.0612671666666667
2026-09-30T16:00:00+00:00,backend,AWS/EC2,CPUCreditUsage,,maximum,8.219589116666667
2026-09-30T15:51:00+00:00,backend,AWS/EC2,NetworkOut,,average,80076.0
2026-09-30T15:52:00+00:00,backend,AWS/EC2,NetworkOut,,average,71964.0
2026-09-30T15:53:00+00:00,backend,AWS/EC2,NetworkOut,,average,16500780.0
2026-09-30T15:54:00+00:00,backend,AWS/EC2,NetworkOut,,average,102744262.0
2026-09-30T15:55:00+00:00,backend,AWS/EC2,NetworkOut,,average,183264155.0
2026-09-30T15:56:00+00:00,backend,AWS/EC2,NetworkOut,,average,193460727.0
2026-09-30T15:57:00+00:00,backend,AWS/EC2,NetworkOut,,average,191805431.0
2026-09-30T15:58:00+00:00,backend,AWS/EC2,NetworkOut,,average,189717656.0
2026-09-30T15:59:00+00:00,backend,AWS/EC2,NetworkOut,,average,193979955.0
2026-09-30T16:00:00+00:00,backend,AWS/EC2,NetworkOut,,average,173237679.0
2026-09-30T16:01:00+00:00,backend,AWS/EC2,NetworkOut,,average,95077697.0
2026-09-30T16:02:00+00:00,backend,AWS/EC2,NetworkOut,,average,11208686.0
2026-09-30T16:03:00+00:00,backend,AWS/EC2,NetworkOut,,average,66332.0
2026-09-30T15:51:00+00:00,backend,AWS/EC2,NetworkOut,,maximum,80076.0
2026-09-30T15:52:00+00:00,backend,AWS/EC2,NetworkOut,,maximum,71964.0
2026-09-30T15:53:00+00:00,backend,AWS/EC2,NetworkOut,,maximum,16500780.0
2026-09-30T15:54:00+00:00,backend,AWS/EC2,NetworkOut,,maximum,102744262.0
2026-09-30T15:55:00+00:00,backend,AWS/EC2,NetworkOut,,maximum,183264155.0
2026-09-30T15:56:00+00:00,backend,AWS/EC2,NetworkOut,,maximum,193460727.0
2026-09-30T15:57:00+00:00,backend,AWS/EC2,NetworkOut,,maximum,191805431.0
2026-09-30T15:58:00+00:00,backend,AWS/EC2,NetworkOut,,maximum,189717656.0
2026-09-30T15:59:00+00:00,backend,AWS/EC2,NetworkOut,,maximum,193979955.0
2026-09-30T16:00:00+00:00,backend,AWS/EC2,NetworkOut,,maximum,173237679.0
2026-09-30T16:01:00+00:00,backend,AWS/EC2,NetworkOut,,maximum,95077697.0
2026-09-30T16:02:00+00:00,backend,AWS/EC2,NetworkOut,,maximum,11208686.0
2026-09-30T16:03:00+00:00,backend,AWS/EC2,NetworkOut,,maximum,66332.0
2026-09-30T15:51:00+00:00,backend,AWS/EC2,NetworkIn,,average,28539.0
2026-09-30T15:52:00+00:00,backend,AWS/EC2,NetworkIn,,average,22473.0
2026-09-30T15:53:00+00:00,backend,AWS/EC2,NetworkIn,,average,4452519.0
2026-09-30T15:54:00+00:00,backend,AWS/EC2,NetworkIn,,average,25921283.0
2026-09-30T15:55:00+00:00,backend,AWS/EC2,NetworkIn,,average,45907918.0
2026-09-30T15:56:00+00:00,backend,AWS/EC2,NetworkIn,,average,48261404.0
2026-09-30T15:57:00+00:00,backend,AWS/EC2,NetworkIn,,average,47859650.0
2026-09-30T15:58:00+00:00,backend,AWS/EC2,NetworkIn,,average,47413268.0
2026-09-30T15:59:00+00:00,backend,AWS/EC2,NetworkIn,,average,48514299.0
2026-09-30T16:00:00+00:00,backend,AWS/EC2,NetworkIn,,average,43176242.0
2026-09-30T16:01:00+00:00,backend,AWS/EC2,NetworkIn,,average,24121758.0
2026-09-30T16:02:00+00:00,backend,AWS/EC2,NetworkIn,,average,3201736.0
2026-09-30T16:03:00+00:00,backend,AWS/EC2,NetworkIn,,average,11132.0
2026-09-30T15:51:00+00:00,backend,AWS/EC2,NetworkIn,,maximum,28539.0
2026-09-30T15:52:00+00:00,backend,AWS/EC2,NetworkIn,,maximum,22473.0
2026-09-30T15:53:00+00:00,backend,AWS/EC2,NetworkIn,,maximum,4452519.0
2026-09-30T15:54:00+00:00,backend,AWS/EC2,NetworkIn,,maximum,25921283.0
2026-09-30T15:55:00+00:00,backend,AWS/EC2,NetworkIn,,maximum,45907918.0
2026-09-30T15:56:00+00:00,backend,AWS/EC2,NetworkIn,,maximum,48261404.0
2026-09-30T15:57:00+00:00,backend,AWS/EC2,NetworkIn,,maximum,47859650.0
2026-09-30T15:58:00+00:00,backend,AWS/EC2,NetworkIn,,maximum,47413268.0
2026-09-30T15:59:00+00:00,backend,AWS/EC2,NetworkIn,,maximum,48514299.0
2026-09-30T16:00:00+00:00,backend,AWS/EC2,NetworkIn,,maximum,43176242.0
2026-09-30T16:01:00+00:00,backend,AWS/EC2,NetworkIn,,maximum,24121758.0
2026-09-30T16:02:00+00:00,backend,AWS/EC2,NetworkIn,,maximum,3201736.0
2026-09-30T16:03:00+00:00,backend,AWS/EC2,NetworkIn,,maximum,11132.0
2026-09-30T15:51:00+00:00,loadgen,MintLoadgen,mem_used_percent,,average,2.273038682763732
2026-09-30T15:52:00+00:00,loadgen,MintLoadgen,mem_used_percent,,average,2.31674519503406
2026-09-30T15:53:00+00:00,loadgen,MintLoadgen,mem_used_percent,,average,15.096999452918485
2026-09-30T15:54:00+00:00,loadgen,MintLoadgen,mem_used_percent,,average,24.7549884932855
2026-09-30T15:55:00+00:00,loadgen,MintLoadgen,mem_used_percent,,average,36.491037164537516
2026-09-30T15:56:00+00:00,loadgen,MintLoadgen,mem_used_percent,,average,36.65851211830563
2026-09-30T15:57:00+00:00,loadgen,MintLoadgen,mem_used_percent,,average,37.10622882809539
2026-09-30T15:58:00+00:00,loadgen,MintLoadgen,mem_used_percent,,average,37.920550161974134
2026-09-30T15:59:00+00:00,loadgen,MintLoadgen,mem_used_percent,,average,37.91429923058536
2026-09-30T16:00:00+00:00,loadgen,MintLoadgen,mem_used_percent,,average,38.05021948270292
2026-09-30T16:01:00+00:00,loadgen,MintLoadgen,mem_used_percent,,average,38.19604121014031
2026-09-30T16:02:00+00:00,loadgen,MintLoadgen,mem_used_percent,,average,2.587185490638105
2026-09-30T16:03:00+00:00,loadgen,MintLoadgen,mem_used_percent,,average,2.3138947703207777
2026-09-30T15:51:00+00:00,loadgen,MintLoadgen,mem_used_percent,,maximum,2.273038682763732
2026-09-30T15:52:00+00:00,loadgen,MintLoadgen,mem_used_percent,,maximum,2.31674519503406
2026-09-30T15:53:00+00:00,loadgen,MintLoadgen,mem_used_percent,,maximum,15.096999452918485
2026-09-30T15:54:00+00:00,loadgen,MintLoadgen,mem_used_percent,,maximum,24.7549884932855
2026-09-30T15:55:00+00:00,loadgen,MintLoadgen,mem_used_percent,,maximum,36.491037164537516
2026-09-30T15:56:00+00:00,loadgen,MintLoadgen,mem_used_percent,,maximum,36.65851211830563
2026-09-30T15:57:00+00:00,loadgen,MintLoadgen,mem_used_percent,,maximum,37.10622882809539
2026-09-30T15:58:00+00:00,loadgen,MintLoadgen,mem_used_percent,,maximum,37.920550161974134
2026-09-30T15:59:00+00:00,loadgen,MintLoadgen,mem_used_percent,,maximum,37.91429923058536
2026-09-30T16:00:00+00:00,loadgen,MintLoadgen,mem_used_percent,,maximum,38.05021948270292
2026-09-30T16:01:00+00:00,loadgen,MintLoadgen,mem_used_percent,,maximum,38.19604121014031
2026-09-30T16:02:00+00:00,loadgen,MintLoadgen,mem_used_percent,,maximum,2.587185490638105
2026-09-30T16:03:00+00:00,loadgen,MintLoadgen,mem_used_percent,,maximum,2.3138947703207777
2026-09-30T15:51:00+00:00,loadgen,MintLoadgen,net_bytes_recv,interface=ens5,average,29944.0
2026-09-30T15:52:00+00:00,loadgen,MintLoadgen,net_bytes_recv,interface=ens5,average,25244.0
2026-09-30T15:53:00+00:00,loadgen,MintLoadgen,net_bytes_recv,interface=ens5,average,5535309.0
2026-09-30T15:54:00+00:00,loadgen,MintLoadgen,net_bytes_recv,interface=ens5,average,68218458.0
2026-09-30T15:55:00+00:00,loadgen,MintLoadgen,net_bytes_recv,interface=ens5,average,141803478.0
2026-09-30T15:56:00+00:00,loadgen,MintLoadgen,net_bytes_recv,interface=ens5,average,157456281.0
2026-09-30T15:57:00+00:00,loadgen,MintLoadgen,net_bytes_recv,interface=ens5,average,157593622.0
2026-09-30T15:58:00+00:00,loadgen,MintLoadgen,net_bytes_recv,interface=ens5,average,157802080.0
2026-09-30T15:59:00+00:00,loadgen,MintLoadgen,net_bytes_recv,interface=ens5,average,157623038.0
2026-09-30T16:00:00+00:00,loadgen,MintLoadgen,net_bytes_recv,interface=ens5,average,149940125.0
2026-09-30T16:01:00+00:00,loadgen,MintLoadgen,net_bytes_recv,interface=ens5,average,93435925.0
2026-09-30T16:02:00+00:00,loadgen,MintLoadgen,net_bytes_recv,interface=ens5,average,18964159.0
2026-09-30T16:03:00+00:00,loadgen,MintLoadgen,net_bytes_recv,interface=ens5,average,30968.0
2026-09-30T15:51:00+00:00,loadgen,MintLoadgen,net_bytes_recv,interface=ens5,maximum,29944.0
2026-09-30T15:52:00+00:00,loadgen,MintLoadgen,net_bytes_recv,interface=ens5,maximum,25244.0
2026-09-30T15:53:00+00:00,loadgen,MintLoadgen,net_bytes_recv,interface=ens5,maximum,5535309.0
2026-09-30T15:54:00+00:00,loadgen,MintLoadgen,net_bytes_recv,interface=ens5,maximum,68218458.0
2026-09-30T15:55:00+00:00,loadgen,MintLoadgen,net_bytes_recv,interface=ens5,maximum,141803478.0
2026-09-30T15:56:00+00:00,loadgen,MintLoadgen,net_bytes_recv,interface=ens5,maximum,157456281.0
2026-09-30T15:57:00+00:00,loadgen,MintLoadgen,net_bytes_recv,interface=ens5,maximum,157593622.0
2026-09-30T15:58:00+00:00,loadgen,MintLoadgen,net_bytes_recv,interface=ens5,maximum,157802080.0
2026-09-30T15:59:00+00:00,loadgen,MintLoadgen,net_bytes_recv,interface=ens5,maximum,157623038.0
2026-09-30T16:00:00+00:00,loadgen,MintLoadgen,net_bytes_recv,interface=ens5,maximum,149940125.0
2026-09-30T16:01:00+00:00,loadgen,MintLoadgen,net_bytes_recv,interface=ens5,maximum,93435925.0
2026-09-30T16:02:00+00:00,loadgen,MintLoadgen,net_bytes_recv,interface=ens5,maximum,18964159.0
2026-09-30T16:03:00+00:00,loadgen,MintLoadgen,net_bytes_recv,interface=ens5,maximum,30968.0
2026-09-30T15:51:00+00:00,loadgen,MintLoadgen,cpu_usage_user,cpu=cpu-total,average,0.07506568247218942
2026-09-30T15:52:00+00:00,loadgen,MintLoadgen,cpu_usage_user,cpu=cpu-total,average,0.058369814467416625
2026-09-30T15:53:00+00:00,loadgen,MintLoadgen,cpu_usage_user,cpu=cpu-total,average,2.240147114138793
2026-09-30T15:54:00+00:00,loadgen,MintLoadgen,cpu_usage_user,cpu=cpu-total,average,6.336809220247514
2026-09-30T15:55:00+00:00,loadgen,MintLoadgen,cpu_usage_user,cpu=cpu-total,average,11.05110978824712
2026-09-30T15:56:00+00:00,loadgen,MintLoadgen,cpu_usage_user,cpu=cpu-total,average,11.228516868236738
2026-09-30T15:57:00+00:00,loadgen,MintLoadgen,cpu_usage_user,cpu=cpu-total,average,11.415214619634678
2026-09-30T15:58:00+00:00,loadgen,MintLoadgen,cpu_usage_user,cpu=cpu-total,average,12.198448555110495
2026-09-30T15:59:00+00:00,loadgen,MintLoadgen,cpu_usage_user,cpu=cpu-total,average,11.22575673245693
2026-09-30T16:00:00+00:00,loadgen,MintLoadgen,cpu_usage_user,cpu=cpu-total,average,10.853009997872823
2026-09-30T16:01:00+00:00,loadgen,MintLoadgen,cpu_usage_user,cpu=cpu-total,average,7.340227157145279
2026-09-30T16:02:00+00:00,loadgen,MintLoadgen,cpu_usage_user,cpu=cpu-total,average,2.6778593913956388
2026-09-30T16:03:00+00:00,loadgen,MintLoadgen,cpu_usage_user,cpu=cpu-total,average,5.140927284856538
2026-09-30T15:51:00+00:00,loadgen,MintLoadgen,cpu_usage_user,cpu=cpu-total,maximum,0.07506568247218942
2026-09-30T15:52:00+00:00,loadgen,MintLoadgen,cpu_usage_user,cpu=cpu-total,maximum,0.058369814467416625
2026-09-30T15:53:00+00:00,loadgen,MintLoadgen,cpu_usage_user,cpu=cpu-total,maximum,2.240147114138793
2026-09-30T15:54:00+00:00,loadgen,MintLoadgen,cpu_usage_user,cpu=cpu-total,maximum,6.336809220247514
2026-09-30T15:55:00+00:00,loadgen,MintLoadgen,cpu_usage_user,cpu=cpu-total,maximum,11.05110978824712
2026-09-30T15:56:00+00:00,loadgen,MintLoadgen,cpu_usage_user,cpu=cpu-total,maximum,11.228516868236738
2026-09-30T15:57:00+00:00,loadgen,MintLoadgen,cpu_usage_user,cpu=cpu-total,maximum,11.415214619634678
2026-09-30T15:58:00+00:00,loadgen,MintLoadgen,cpu_usage_user,cpu=cpu-total,maximum,12.198448555110495
2026-09-30T15:59:00+00:00,loadgen,MintLoadgen,cpu_usage_user,cpu=cpu-total,maximum,11.22575673245693
2026-09-30T16:00:00+00:00,loadgen,MintLoadgen,cpu_usage_user,cpu=cpu-total,maximum,10.853009997872823
2026-09-30T16:01:00+00:00,loadgen,MintLoadgen,cpu_usage_user,cpu=cpu-total,maximum,7.340227157145279
2026-09-30T16:02:00+00:00,loadgen,MintLoadgen,cpu_usage_user,cpu=cpu-total,maximum,2.6778593913956388
2026-09-30T16:03:00+00:00,loadgen,MintLoadgen,cpu_usage_user,cpu=cpu-total,maximum,5.140927284856538
2026-09-30T15:51:00+00:00,loadgen,MintLoadgen,cpu_usage_system,cpu=cpu-total,average,0.05838441970056543
2026-09-30T15:52:00+00:00,loadgen,MintLoadgen,cpu_usage_system,cpu=cpu-total,average,0.03752345215759958
2026-09-30T15:53:00+00:00,loadgen,MintLoadgen,cpu_usage_system,cpu=cpu-total,average,0.5683955364232803
2026-09-30T15:54:00+00:00,loadgen,MintLoadgen,cpu_usage_system,cpu=cpu-total,average,1.2580740490564768
2026-09-30T15:55:00+00:00,loadgen,MintLoadgen,cpu_usage_system,cpu=cpu-total,average,1.96020069733817
2026-09-30T15:56:00+00:00,loadgen,MintLoadgen,cpu_usage_system,cpu=cpu-total,average,2.0708678124336792
2026-09-30T15:57:00+00:00,loadgen,MintLoadgen,cpu_usage_system,cpu=cpu-total,average,1.9167020824479826
2026-09-30T15:58:00+00:00,loadgen,MintLoadgen,cpu_usage_system,cpu=cpu-total,average,1.8157019861904395
2026-09-30T15:59:00+00:00,loadgen,MintLoadgen,cpu_usage_system,cpu=cpu-total,average,1.7425183028642097
2026-09-30T16:00:00+00:00,loadgen,MintLoadgen,cpu_usage_system,cpu=cpu-total,average,1.8506700701978456
2026-09-30T16:01:00+00:00,loadgen,MintLoadgen,cpu_usage_system,cpu=cpu-total,average,1.2586879132056323
2026-09-30T16:02:00+00:00,loadgen,MintLoadgen,cpu_usage_system,cpu=cpu-total,average,0.4239244491080759
2026-09-30T16:03:00+00:00,loadgen,MintLoadgen,cpu_usage_system,cpu=cpu-total,average,0.05420280186791001
2026-09-30T15:51:00+00:00,loadgen,MintLoadgen,cpu_usage_system,cpu=cpu-total,maximum,0.05838441970056543
2026-09-30T15:52:00+00:00,loadgen,MintLoadgen,cpu_usage_system,cpu=cpu-total,maximum,0.03752345215759958
2026-09-30T15:53:00+00:00,loadgen,MintLoadgen,cpu_usage_system,cpu=cpu-total,maximum,0.5683955364232803
2026-09-30T15:54:00+00:00,loadgen,MintLoadgen,cpu_usage_system,cpu=cpu-total,maximum,1.2580740490564768
2026-09-30T15:55:00+00:00,loadgen,MintLoadgen,cpu_usage_system,cpu=cpu-total,maximum,1.96020069733817
2026-09-30T15:56:00+00:00,loadgen,MintLoadgen,cpu_usage_system,cpu=cpu-total,maximum,2.0708678124336792
2026-09-30T15:57:00+00:00,loadgen,MintLoadgen,cpu_usage_system,cpu=cpu-total,maximum,1.9167020824479826
2026-09-30T15:58:00+00:00,loadgen,MintLoadgen,cpu_usage_system,cpu=cpu-total,maximum,1.8157019861904395
2026-09-30T15:59:00+00:00,loadgen,MintLoadgen,cpu_usage_system,cpu=cpu-total,maximum,1.7425183028642097
2026-09-30T16:00:00+00:00,loadgen,MintLoadgen,cpu_usage_system,cpu=cpu-total,maximum,1.8506700701978456
2026-09-30T16:01:00+00:00,loadgen,MintLoadgen,cpu_usage_system,cpu=cpu-total,maximum,1.2586879132056323
2026-09-30T16:02:00+00:00,loadgen,MintLoadgen,cpu_usage_system,cpu=cpu-total,maximum,0.4239244491080759
2026-09-30T16:03:00+00:00,loadgen,MintLoadgen,cpu_usage_system,cpu=cpu-total,maximum,0.05420280186791001
2026-09-30T15:51:00+00:00,loadgen,MintLoadgen,cpu_usage_idle,cpu=cpu-total,average,99.83735768797722
2026-09-30T15:52:00+00:00,loadgen,MintLoadgen,cpu_usage_idle,cpu=cpu-total,average,99.88742964352703
2026-09-30T15:53:00+00:00,loadgen,MintLoadgen,cpu_usage_idle,cpu=cpu-total,average,96.99084716011171
2026-09-30T15:54:00+00:00,loadgen,MintLoadgen,cpu_usage_idle,cpu=cpu-total,average,91.74230590619409
2026-09-30T15:55:00+00:00,loadgen,MintLoadgen,cpu_usage_idle,cpu=cpu-total,average,85.81937239561118
2026-09-30T15:56:00+00:00,loadgen,MintLoadgen,cpu_usage_idle,cpu=cpu-total,average,85.3723742838952
2026-09-30T15:57:00+00:00,loadgen,MintLoadgen,cpu_usage_idle,cpu=cpu-total,average,85.33786655333743
2026-09-30T15:58:00+00:00,loadgen,MintLoadgen,cpu_usage_idle,cpu=cpu-total,average,84.70718608814202
2026-09-30T15:59:00+00:00,loadgen,MintLoadgen,cpu_usage_idle,cpu=cpu-total,average,85.83294087425625
2026-09-30T16:00:00+00:00,loadgen,MintLoadgen,cpu_usage_idle,cpu=cpu-total,average,86.05828547117612
2026-09-30T16:01:00+00:00,loadgen,MintLoadgen,cpu_usage_idle,cpu=cpu-total,average,90.65519579589788
2026-09-30T16:02:00+00:00,loadgen,MintLoadgen,cpu_usage_idle,cpu=cpu-total,average,96.6589716684159
2026-09-30T16:03:00+00:00,loadgen,MintLoadgen,cpu_usage_idle,cpu=cpu-total,average,94.78402268178701
2026-09-30T15:51:00+00:00,loadgen,MintLoadgen,cpu_usage_idle,cpu=cpu-total,maximum,99.83735768797722
2026-09-30T15:52:00+00:00,loadgen,MintLoadgen,cpu_usage_idle,cpu=cpu-total,maximum,99.88742964352703
2026-09-30T15:53:00+00:00,loadgen,MintLoadgen,cpu_usage_idle,cpu=cpu-total,maximum,96.99084716011171
2026-09-30T15:54:00+00:00,loadgen,MintLoadgen,cpu_usage_idle,cpu=cpu-total,maximum,91.74230590619409
2026-09-30T15:55:00+00:00,loadgen,MintLoadgen,cpu_usage_idle,cpu=cpu-total,maximum,85.81937239561118
2026-09-30T15:56:00+00:00,loadgen,MintLoadgen,cpu_usage_idle,cpu=cpu-total,maximum,85.3723742838952
2026-09-30T15:57:00+00:00,loadgen,MintLoadgen,cpu_usage_idle,cpu=cpu-total,maximum,85.33786655333743
2026-09-30T15:58:00+00:00,loadgen,MintLoadgen,cpu_usage_idle,cpu=cpu-total,maximum,84.70718608814202
2026-09-30T15:59:00+00:00,loadgen,MintLoadgen,cpu_usage_idle,cpu=cpu-total,maximum,85.83294087425625
2026-09-30T16:00:00+00:00,loadgen,MintLoadgen,cpu_usage_idle,cpu=cpu-total,maximum,86.05828547117612
2026-09-30T16:01:00+00:00,loadgen,MintLoadgen,cpu_usage_idle,cpu=cpu-total,maximum,90.65519579589788
2026-09-30T16:02:00+00:00,loadgen,MintLoadgen,cpu_usage_idle,cpu=cpu-total,maximum,96.6589716684159
2026-09-30T16:03:00+00:00,loadgen,MintLoadgen,cpu_usage_idle,cpu=cpu-total,maximum,94.78402268178701
2026-09-30T15:51:00+00:00,loadgen,MintLoadgen,net_bytes_sent,interface=ens5,average,49140.0
2026-09-30T15:52:00+00:00,loadgen,MintLoadgen,net_bytes_sent,interface=ens5,average,54555.0
2026-09-30T15:53:00+00:00,loadgen,MintLoadgen,net_bytes_sent,interface=ens5,average,866058.0
2026-09-30T15:54:00+00:00,loadgen,MintLoadgen,net_bytes_sent,interface=ens5,average,8907238.0
2026-09-30T15:55:00+00:00,loadgen,MintLoadgen,net_bytes_sent,interface=ens5,average,17901818.0
2026-09-30T15:56:00+00:00,loadgen,MintLoadgen,net_bytes_sent,interface=ens5,average,19565235.0
2026-09-30T15:57:00+00:00,loadgen,MintLoadgen,net_bytes_sent,interface=ens5,average,19541646.0
2026-09-30T15:58:00+00:00,loadgen,MintLoadgen,net_bytes_sent,interface=ens5,average,19578890.0
2026-09-30T15:59:00+00:00,loadgen,MintLoadgen,net_bytes_sent,interface=ens5,average,19568213.0
2026-09-30T16:00:00+00:00,loadgen,MintLoadgen,net_bytes_sent,interface=ens5,average,18531664.0
2026-09-30T16:01:00+00:00,loadgen,MintLoadgen,net_bytes_sent,interface=ens5,average,11950229.0
2026-09-30T16:02:00+00:00,loadgen,MintLoadgen,net_bytes_sent,interface=ens5,average,3159157.0
2026-09-30T16:03:00+00:00,loadgen,MintLoadgen,net_bytes_sent,interface=ens5,average,62666.0
2026-09-30T15:51:00+00:00,loadgen,MintLoadgen,net_bytes_sent,interface=ens5,maximum,49140.0
2026-09-30T15:52:00+00:00,loadgen,MintLoadgen,net_bytes_sent,interface=ens5,maximum,54555.0
2026-09-30T15:53:00+00:00,loadgen,MintLoadgen,net_bytes_sent,interface=ens5,maximum,866058.0
2026-09-30T15:54:00+00:00,loadgen,MintLoadgen,net_bytes_sent,interface=ens5,maximum,8907238.0
2026-09-30T15:55:00+00:00,loadgen,MintLoadgen,net_bytes_sent,interface=ens5,maximum,17901818.0
2026-09-30T15:56:00+00:00,loadgen,MintLoadgen,net_bytes_sent,interface=ens5,maximum,19565235.0
2026-09-30T15:57:00+00:00,loadgen,MintLoadgen,net_bytes_sent,interface=ens5,maximum,19541646.0
2026-09-30T15:58:00+00:00,loadgen,MintLoadgen,net_bytes_sent,interface=ens5,maximum,19578890.0
2026-09-30T15:59:00+00:00,loadgen,MintLoadgen,net_bytes_sent,interface=ens5,maximum,19568213.0
2026-09-30T16:00:00+00:00,loadgen,MintLoadgen,net_bytes_sent,interface=ens5,maximum,18531664.0
2026-09-30T16:01:00+00:00,loadgen,MintLoadgen,net_bytes_sent,interface=ens5,maximum,11950229.0
2026-09-30T16:02:00+00:00,loadgen,MintLoadgen,net_bytes_sent,interface=ens5,maximum,3159157.0
2026-09-30T16:03:00+00:00,loadgen,MintLoadgen,net_bytes_sent,interface=ens5,maximum,62666.0
2026-09-30T15:55:00+00:00,loadgen,AWS/EC2,CPUUtilization,,average,17.96366666666667
2026-09-30T16:00:00+00:00,loadgen,AWS/EC2,CPUUtilization,,average,9.654666666666666
2026-09-30T15:55:00+00:00,loadgen,AWS/EC2,CPUUtilization,,maximum,19.203333333333333
2026-09-30T16:00:00+00:00,loadgen,AWS/EC2,CPUUtilization,,maximum,18.00333333333333
2026-09-30T15:55:00+00:00,loadgen,AWS/EC2,NetworkOut,,average,17988685.4
2026-09-30T16:00:00+00:00,loadgen,AWS/EC2,NetworkOut,,average,9400324.4
2026-09-30T15:55:00+00:00,loadgen,AWS/EC2,NetworkOut,,maximum,19617982.0
2026-09-30T16:00:00+00:00,loadgen,AWS/EC2,NetworkOut,,maximum,19328305.0
2026-09-30T15:55:00+00:00,loadgen,AWS/EC2,NetworkIn,,average,146508935.2
2026-09-30T16:00:00+00:00,loadgen,AWS/EC2,NetworkIn,,average,75219872.0
2026-09-30T15:55:00+00:00,loadgen,AWS/EC2,NetworkIn,,maximum,160921409.0
2026-09-30T16:00:00+00:00,loadgen,AWS/EC2,NetworkIn,,maximum,155993115.0
2026-09-30T15:55:00+00:00,db,AWS/RDS,CPUCreditBalance,,average,0.0
2026-09-30T16:00:00+00:00,db,AWS/RDS,CPUCreditBalance,,average,0.0
2026-09-30T15:55:00+00:00,db,AWS/RDS,CPUCreditBalance,,maximum,0.0
2026-09-30T16:00:00+00:00,db,AWS/RDS,CPUCreditBalance,,maximum,0.0
2026-09-30T15:51:00+00:00,db,AWS/RDS,FreeableMemory,,average,137465856.0
2026-09-30T15:52:00+00:00,db,AWS/RDS,FreeableMemory,,average,137662464.0
2026-09-30T15:53:00+00:00,db,AWS/RDS,FreeableMemory,,average,137228288.0
2026-09-30T15:54:00+00:00,db,AWS/RDS,FreeableMemory,,average,136695808.0
2026-09-30T15:55:00+00:00,db,AWS/RDS,FreeableMemory,,average,140193792.0
2026-09-30T15:56:00+00:00,db,AWS/RDS,FreeableMemory,,average,137453568.0
2026-09-30T15:57:00+00:00,db,AWS/RDS,FreeableMemory,,average,137596928.0
2026-09-30T15:58:00+00:00,db,AWS/RDS,FreeableMemory,,average,136212480.0
2026-09-30T15:59:00+00:00,db,AWS/RDS,FreeableMemory,,average,136265728.0
2026-09-30T16:00:00+00:00,db,AWS/RDS,FreeableMemory,,average,136024064.0
2026-09-30T16:01:00+00:00,db,AWS/RDS,FreeableMemory,,average,135282688.0
2026-09-30T16:02:00+00:00,db,AWS/RDS,FreeableMemory,,average,134832128.0
2026-09-30T16:03:00+00:00,db,AWS/RDS,FreeableMemory,,average,134877184.0
2026-09-30T15:51:00+00:00,db,AWS/RDS,FreeableMemory,,maximum,137465856.0
2026-09-30T15:52:00+00:00,db,AWS/RDS,FreeableMemory,,maximum,137662464.0
2026-09-30T15:53:00+00:00,db,AWS/RDS,FreeableMemory,,maximum,137228288.0
2026-09-30T15:54:00+00:00,db,AWS/RDS,FreeableMemory,,maximum,136695808.0
2026-09-30T15:55:00+00:00,db,AWS/RDS,FreeableMemory,,maximum,140193792.0
2026-09-30T15:56:00+00:00,db,AWS/RDS,FreeableMemory,,maximum,137453568.0
2026-09-30T15:57:00+00:00,db,AWS/RDS,FreeableMemory,,maximum,137596928.0
2026-09-30T15:58:00+00:00,db,AWS/RDS,FreeableMemory,,maximum,136212480.0
2026-09-30T15:59:00+00:00,db,AWS/RDS,FreeableMemory,,maximum,136265728.0
2026-09-30T16:00:00+00:00,db,AWS/RDS,FreeableMemory,,maximum,136024064.0
2026-09-30T16:01:00+00:00,db,AWS/RDS,FreeableMemory,,maximum,135282688.0
2026-09-30T16:02:00+00:00,db,AWS/RDS,FreeableMemory,,maximum,134832128.0
2026-09-30T16:03:00+00:00,db,AWS/RDS,FreeableMemory,,maximum,134877184.0
2026-09-30T15:51:00+00:00,db,AWS/RDS,CPUUtilization,,average,4.6083333333333325
2026-09-30T15:52:00+00:00,db,AWS/RDS,CPUUtilization,,average,3.808269862168963
2026-09-30T15:53:00+00:00,db,AWS/RDS,CPUUtilization,,average,4.2137170647213615
2026-09-30T15:54:00+00:00,db,AWS/RDS,CPUUtilization,,average,10.440970601959869
2026-09-30T15:55:00+00:00,db,AWS/RDS,CPUUtilization,,average,18.416973616226937
2026-09-30T15:56:00+00:00,db,AWS/RDS,CPUUtilization,,average,20.607122008172798
2026-09-30T15:57:00+00:00,db,AWS/RDS,CPUUtilization,,average,20.216666666666665
2026-09-30T15:58:00+00:00,db,AWS/RDS,CPUUtilization,,average,19.966666666666665
2026-09-30T15:59:00+00:00,db,AWS/RDS,CPUUtilization,,average,19.766666666666666
2026-09-30T16:00:00+00:00,db,AWS/RDS,CPUUtilization,,average,20.775
2026-09-30T16:01:00+00:00,db,AWS/RDS,CPUUtilization,,average,16.154550753601466
2026-09-30T16:02:00+00:00,db,AWS/RDS,CPUUtilization,,average,8.191530141164314
2026-09-30T16:03:00+00:00,db,AWS/RDS,CPUUtilization,,average,3.5443840277546115
2026-09-30T15:51:00+00:00,db,AWS/RDS,CPUUtilization,,maximum,4.6083333333333325
2026-09-30T15:52:00+00:00,db,AWS/RDS,CPUUtilization,,maximum,3.808269862168963
2026-09-30T15:53:00+00:00,db,AWS/RDS,CPUUtilization,,maximum,4.2137170647213615
2026-09-30T15:54:00+00:00,db,AWS/RDS,CPUUtilization,,maximum,10.440970601959869
2026-09-30T15:55:00+00:00,db,AWS/RDS,CPUUtilization,,maximum,18.416973616226937
2026-09-30T15:56:00+00:00,db,AWS/RDS,CPUUtilization,,maximum,20.607122008172798
2026-09-30T15:57:00+00:00,db,AWS/RDS,CPUUtilization,,maximum,20.216666666666665
2026-09-30T15:58:00+00:00,db,AWS/RDS,CPUUtilization,,maximum,19.966666666666665
2026-09-30T15:59:00+00:00,db,AWS/RDS,CPUUtilization,,maximum,19.766666666666666
2026-09-30T16:00:00+00:00,db,AWS/RDS,CPUUtilization,,maximum,20.775
2026-09-30T16:01:00+00:00,db,AWS/RDS,CPUUtilization,,maximum,16.154550753601466
2026-09-30T16:02:00+00:00,db,AWS/RDS,CPUUtilization,,maximum,8.191530141164314
2026-09-30T16:03:00+00:00,db,AWS/RDS,CPUUtilization,,maximum,3.5443840277546115
2026-09-30T15:51:00+00:00,db,AWS/RDS,SwapUsage,,average,507904.0
2026-09-30T15:52:00+00:00,db,AWS/RDS,SwapUsage,,average,507904.0
2026-09-30T15:53:00+00:00,db,AWS/RDS,SwapUsage,,average,507904.0
2026-09-30T15:54:00+00:00,db,AWS/RDS,SwapUsage,,average,507904.0
2026-09-30T15:55:00+00:00,db,AWS/RDS,SwapUsage,,average,503808.0
2026-09-30T15:56:00+00:00,db,AWS/RDS,SwapUsage,,average,503808.0
2026-09-30T15:57:00+00:00,db,AWS/RDS,SwapUsage,,average,503808.0
2026-09-30T15:58:00+00:00,db,AWS/RDS,SwapUsage,,average,503808.0
2026-09-30T15:59:00+00:00,db,AWS/RDS,SwapUsage,,average,503808.0
2026-09-30T16:00:00+00:00,db,AWS/RDS,SwapUsage,,average,499712.0
2026-09-30T16:01:00+00:00,db,AWS/RDS,SwapUsage,,average,499712.0
2026-09-30T16:02:00+00:00,db,AWS/RDS,SwapUsage,,average,499712.0
2026-09-30T16:03:00+00:00,db,AWS/RDS,SwapUsage,,average,499712.0
2026-09-30T15:51:00+00:00,db,AWS/RDS,SwapUsage,,maximum,507904.0
2026-09-30T15:52:00+00:00,db,AWS/RDS,SwapUsage,,maximum,507904.0
2026-09-30T15:53:00+00:00,db,AWS/RDS,SwapUsage,,maximum,507904.0
2026-09-30T15:54:00+00:00,db,AWS/RDS,SwapUsage,,maximum,507904.0
2026-09-30T15:55:00+00:00,db,AWS/RDS,SwapUsage,,maximum,503808.0
2026-09-30T15:56:00+00:00,db,AWS/RDS,SwapUsage,,maximum,503808.0
2026-09-30T15:57:00+00:00,db,AWS/RDS,SwapUsage,,maximum,503808.0
2026-09-30T15:58:00+00:00,db,AWS/RDS,SwapUsage,,maximum,503808.0
2026-09-30T15:59:00+00:00,db,AWS/RDS,SwapUsage,,maximum,503808.0
2026-09-30T16:00:00+00:00,db,AWS/RDS,SwapUsage,,maximum,499712.0
2026-09-30T16:01:00+00:00,db,AWS/RDS,SwapUsage,,maximum,499712.0
2026-09-30T16:02:00+00:00,db,AWS/RDS,SwapUsage,,maximum,499712.0
2026-09-30T16:03:00+00:00,db,AWS/RDS,SwapUsage,,maximum,499712.0
2026-09-30T15:51:00+00:00,db,AWS/RDS,FreeStorageSpace,,average,19254321152.0
2026-09-30T15:52:00+00:00,db,AWS/RDS,FreeStorageSpace,,average,19187171328.0
2026-09-30T15:53:00+00:00,db,AWS/RDS,FreeStorageSpace,,average,19189514240.0
2026-09-30T15:54:00+00:00,db,AWS/RDS,FreeStorageSpace,,average,19189293056.0
2026-09-30T15:55:00+00:00,db,AWS/RDS,FreeStorageSpace,,average,19188744192.0
2026-09-30T15:56:00+00:00,db,AWS/RDS,FreeStorageSpace,,average,19188146176.0
2026-09-30T15:57:00+00:00,db,AWS/RDS,FreeStorageSpace,,average,19120721920.0
2026-09-30T15:58:00+00:00,db,AWS/RDS,FreeStorageSpace,,average,19120300032.0
2026-09-30T15:59:00+00:00,db,AWS/RDS,FreeStorageSpace,,average,19119833088.0
2026-09-30T16:00:00+00:00,db,AWS/RDS,FreeStorageSpace,,average,19119505408.0
2026-09-30T16:01:00+00:00,db,AWS/RDS,FreeStorageSpace,,average,19119218688.0
2026-09-30T16:02:00+00:00,db,AWS/RDS,FreeStorageSpace,,average,19051945984.0
2026-09-30T16:03:00+00:00,db,AWS/RDS,FreeStorageSpace,,average,19052212224.0
2026-09-30T15:51:00+00:00,db,AWS/RDS,FreeStorageSpace,,maximum,19254321152.0
2026-09-30T15:52:00+00:00,db,AWS/RDS,FreeStorageSpace,,maximum,19187171328.0
2026-09-30T15:53:00+00:00,db,AWS/RDS,FreeStorageSpace,,maximum,19189514240.0
2026-09-30T15:54:00+00:00,db,AWS/RDS,FreeStorageSpace,,maximum,19189293056.0
2026-09-30T15:55:00+00:00,db,AWS/RDS,FreeStorageSpace,,maximum,19188744192.0
2026-09-30T15:56:00+00:00,db,AWS/RDS,FreeStorageSpace,,maximum,19188146176.0
2026-09-30T15:57:00+00:00,db,AWS/RDS,FreeStorageSpace,,maximum,19120721920.0
2026-09-30T15:58:00+00:00,db,AWS/RDS,FreeStorageSpace,,maximum,19120300032.0
2026-09-30T15:59:00+00:00,db,AWS/RDS,FreeStorageSpace,,maximum,19119833088.0
2026-09-30T16:00:00+00:00,db,AWS/RDS,FreeStorageSpace,,maximum,19119505408.0
2026-09-30T16:01:00+00:00,db,AWS/RDS,FreeStorageSpace,,maximum,19119218688.0
2026-09-30T16:02:00+00:00,db,AWS/RDS,FreeStorageSpace,,maximum,19051945984.0
2026-09-30T16:03:00+00:00,db,AWS/RDS,FreeStorageSpace,,maximum,19052212224.0
2026-09-30T15:51:00+00:00,db,AWS/RDS,DatabaseConnections,,average,10.0
2026-09-30T15:52:00+00:00,db,AWS/RDS,DatabaseConnections,,average,10.0
2026-09-30T15:53:00+00:00,db,AWS/RDS,DatabaseConnections,,average,10.0
2026-09-30T15:54:00+00:00,db,AWS/RDS,DatabaseConnections,,average,10.0
2026-09-30T15:55:00+00:00,db,AWS/RDS,DatabaseConnections,,average,10.0
2026-09-30T15:56:00+00:00,db,AWS/RDS,DatabaseConnections,,average,10.0
2026-09-30T15:57:00+00:00,db,AWS/RDS,DatabaseConnections,,average,10.0
2026-09-30T15:58:00+00:00,db,AWS/RDS,DatabaseConnections,,average,10.0
2026-09-30T15:59:00+00:00,db,AWS/RDS,DatabaseConnections,,average,10.0
2026-09-30T16:00:00+00:00,db,AWS/RDS,DatabaseConnections,,average,10.0
2026-09-30T16:01:00+00:00,db,AWS/RDS,DatabaseConnections,,average,10.0
2026-09-30T16:02:00+00:00,db,AWS/RDS,DatabaseConnections,,average,10.0
2026-09-30T16:03:00+00:00,db,AWS/RDS,DatabaseConnections,,average,10.0
2026-09-30T15:51:00+00:00,db,AWS/RDS,DatabaseConnections,,maximum,10.0
2026-09-30T15:52:00+00:00,db,AWS/RDS,DatabaseConnections,,maximum,10.0
2026-09-30T15:53:00+00:00,db,AWS/RDS,DatabaseConnections,,maximum,10.0
2026-09-30T15:54:00+00:00,db,AWS/RDS,DatabaseConnections,,maximum,10.0
2026-09-30T15:55:00+00:00,db,AWS/RDS,DatabaseConnections,,maximum,10.0
2026-09-30T15:56:00+00:00,db,AWS/RDS,DatabaseConnections,,maximum,10.0
2026-09-30T15:57:00+00:00,db,AWS/RDS,DatabaseConnections,,maximum,10.0
2026-09-30T15:58:00+00:00,db,AWS/RDS,DatabaseConnections,,maximum,10.0
2026-09-30T15:59:00+00:00,db,AWS/RDS,DatabaseConnections,,maximum,10.0
2026-09-30T16:00:00+00:00,db,AWS/RDS,DatabaseConnections,,maximum,10.0
2026-09-30T16:01:00+00:00,db,AWS/RDS,DatabaseConnections,,maximum,10.0
2026-09-30T16:02:00+00:00,db,AWS/RDS,DatabaseConnections,,maximum,10.0
2026-09-30T16:03:00+00:00,db,AWS/RDS,DatabaseConnections,,maximum,10.0
2026-09-30T15:51:00+00:00,db,AWS/RDS,BurstBalance,,average,99.0
2026-09-30T15:52:00+00:00,db,AWS/RDS,BurstBalance,,average,99.0
2026-09-30T15:53:00+00:00,db,AWS/RDS,BurstBalance,,average,99.0
2026-09-30T15:54:00+00:00,db,AWS/RDS,BurstBalance,,average,99.0
2026-09-30T15:55:00+00:00,db,AWS/RDS,BurstBalance,,average,99.0
2026-09-30T15:56:00+00:00,db,AWS/RDS,BurstBalance,,average,99.0
2026-09-30T15:57:00+00:00,db,AWS/RDS,BurstBalance,,average,99.0
2026-09-30T15:58:00+00:00,db,AWS/RDS,BurstBalance,,average,99.0
2026-09-30T15:59:00+00:00,db,AWS/RDS,BurstBalance,,average,99.0
2026-09-30T16:00:00+00:00,db,AWS/RDS,BurstBalance,,average,99.0
2026-09-30T16:01:00+00:00,db,AWS/RDS,BurstBalance,,average,99.0
2026-09-30T16:02:00+00:00,db,AWS/RDS,BurstBalance,,average,99.0
2026-09-30T16:03:00+00:00,db,AWS/RDS,BurstBalance,,average,99.0
2026-09-30T15:51:00+00:00,db,AWS/RDS,BurstBalance,,maximum,99.0
2026-09-30T15:52:00+00:00,db,AWS/RDS,BurstBalance,,maximum,99.0
2026-09-30T15:53:00+00:00,db,AWS/RDS,BurstBalance,,maximum,99.0
2026-09-30T15:54:00+00:00,db,AWS/RDS,BurstBalance,,maximum,99.0
2026-09-30T15:55:00+00:00,db,AWS/RDS,BurstBalance,,maximum,99.0
2026-09-30T15:56:00+00:00,db,AWS/RDS,BurstBalance,,maximum,99.0
2026-09-30T15:57:00+00:00,db,AWS/RDS,BurstBalance,,maximum,99.0
2026-09-30T15:58:00+00:00,db,AWS/RDS,BurstBalance,,maximum,99.0
2026-09-30T15:59:00+00:00,db,AWS/RDS,BurstBalance,,maximum,99.0
2026-09-30T16:00:00+00:00,db,AWS/RDS,BurstBalance,,maximum,99.0
2026-09-30T16:01:00+00:00,db,AWS/RDS,BurstBalance,,maximum,99.0
2026-09-30T16:02:00+00:00,db,AWS/RDS,BurstBalance,,maximum,99.0
2026-09-30T16:03:00+00:00,db,AWS/RDS,BurstBalance,,maximum,99.0
2026-09-30T15:55:00+00:00,db,AWS/RDS,CPUCreditUsage,,average,0.9065281333333334
2026-09-30T16:00:00+00:00,db,AWS/RDS,CPUCreditUsage,,average,2.0083368
2026-09-30T15:55:00+00:00,db,AWS/RDS,CPUCreditUsage,,maximum,0.9065281333333334
2026-09-30T16:00:00+00:00,db,AWS/RDS,CPUCreditUsage,,maximum,2.0083368
2026-09-30T15:51:00+00:00,db,AWS/RDS,WriteLatency,,average,0.00023076923076923076
2026-09-30T15:52:00+00:00,db,AWS/RDS,WriteLatency,,average,0.003526881720430108
2026-09-30T15:53:00+00:00,db,AWS/RDS,WriteLatency,,average,0.00208363201911589
2026-09-30T15:54:00+00:00,db,AWS/RDS,WriteLatency,,average,0.0003123704215618521
2026-09-30T15:55:00+00:00,db,AWS/RDS,WriteLatency,,average,0.000903550109959158
2026-09-30T15:56:00+00:00,db,AWS/RDS,WriteLatency,,average,0.0010201342281879195
2026-09-30T15:57:00+00:00,db,AWS/RDS,WriteLatency,,average,0.0012546059933407326
2026-09-30T15:58:00+00:00,db,AWS/RDS,WriteLatency,,average,0.000939200926462073
2026-09-30T15:59:00+00:00,db,AWS/RDS,WriteLatency,,average,0.0009857267695892805
2026-09-30T16:00:00+00:00,db,AWS/RDS,WriteLatency,,average,0.0010021571648690293
2026-09-30T16:01:00+00:00,db,AWS/RDS,WriteLatency,,average,0.0009816787388155091
2026-09-30T16:02:00+00:00,db,AWS/RDS,WriteLatency,,average,0.0026127423822714683
2026-09-30T16:03:00+00:00,db,AWS/RDS,WriteLatency,,average,0.00025806451612903227
2026-09-30T15:51:00+00:00,db,AWS/RDS,WriteLatency,,maximum,0.00023076923076923076
2026-09-30T15:52:00+00:00,db,AWS/RDS,WriteLatency,,maximum,0.003526881720430108
2026-09-30T15:53:00+00:00,db,AWS/RDS,WriteLatency,,maximum,0.00208363201911589
2026-09-30T15:54:00+00:00,db,AWS/RDS,WriteLatency,,maximum,0.0003123704215618521
2026-09-30T15:55:00+00:00,db,AWS/RDS,WriteLatency,,maximum,0.000903550109959158
2026-09-30T15:56:00+00:00,db,AWS/RDS,WriteLatency,,maximum,0.0010201342281879195
2026-09-30T15:57:00+00:00,db,AWS/RDS,WriteLatency,,maximum,0.0012546059933407326
2026-09-30T15:58:00+00:00,db,AWS/RDS,WriteLatency,,maximum,0.000939200926462073
2026-09-30T15:59:00+00:00,db,AWS/RDS,WriteLatency,,maximum,0.0009857267695892805
2026-09-30T16:00:00+00:00,db,AWS/RDS,WriteLatency,,maximum,0.0010021571648690293
2026-09-30T16:01:00+00:00,db,AWS/RDS,WriteLatency,,maximum,0.0009816787388155091
2026-09-30T16:02:00+00:00,db,AWS/RDS,WriteLatency,,maximum,0.0026127423822714683
2026-09-30T16:03:00+00:00,db,AWS/RDS,WriteLatency,,maximum,0.00025806451612903227
2026-09-30T15:51:00+00:00,db,AWS/RDS,WriteIOPS,,average,0.449685220345758
2026-09-30T15:52:00+00:00,db,AWS/RDS,WriteIOPS,,average,19.046665999533005
2026-09-30T15:53:00+00:00,db,AWS/RDS,WriteIOPS,,average,3.4670711583018017
2026-09-30T15:54:00+00:00,db,AWS/RDS,WriteIOPS,,average,22.47209728469099
2026-09-30T15:55:00+00:00,db,AWS/RDS,WriteIOPS,,average,50.13249779170347
2026-09-30T15:56:00+00:00,db,AWS/RDS,WriteIOPS,,average,56.69527539371719
2026-09-30T15:57:00+00:00,db,AWS/RDS,WriteIOPS,,average,71.91894954342465
2026-09-30T15:58:00+00:00,db,AWS/RDS,WriteIOPS,,average,55.1
2026-09-30T15:59:00+00:00,db,AWS/RDS,WriteIOPS,,average,54.47029801986799
2026-09-30T16:00:00+00:00,db,AWS/RDS,WriteIOPS,,average,51.88050146705788
2026-09-30T16:01:00+00:00,db,AWS/RDS,WriteIOPS,,average,36.73210892970234
2026-09-30T16:02:00+00:00,db,AWS/RDS,WriteIOPS,,average,27.746281598079104
2026-09-30T16:03:00+00:00,db,AWS/RDS,WriteIOPS,,average,0.6165433579950677
2026-09-30T15:51:00+00:00,db,AWS/RDS,WriteIOPS,,maximum,0.449685220345758
2026-09-30T15:52:00+00:00,db,AWS/RDS,WriteIOPS,,maximum,19.046665999533005
2026-09-30T15:53:00+00:00,db,AWS/RDS,WriteIOPS,,maximum,3.4670711583018017
2026-09-30T15:54:00+00:00,db,AWS/RDS,WriteIOPS,,maximum,22.47209728469099
2026-09-30T15:55:00+00:00,db,AWS/RDS,WriteIOPS,,maximum,50.13249779170347
2026-09-30T15:56:00+00:00,db,AWS/RDS,WriteIOPS,,maximum,56.69527539371719
2026-09-30T15:57:00+00:00,db,AWS/RDS,WriteIOPS,,maximum,71.91894954342465
2026-09-30T15:58:00+00:00,db,AWS/RDS,WriteIOPS,,maximum,55.1
2026-09-30T15:59:00+00:00,db,AWS/RDS,WriteIOPS,,maximum,54.47029801986799
2026-09-30T16:00:00+00:00,db,AWS/RDS,WriteIOPS,,maximum,51.88050146705788
2026-09-30T16:01:00+00:00,db,AWS/RDS,WriteIOPS,,maximum,36.73210892970234
2026-09-30T16:02:00+00:00,db,AWS/RDS,WriteIOPS,,maximum,27.746281598079104
2026-09-30T16:03:00+00:00,db,AWS/RDS,WriteIOPS,,maximum,0.6165433579950677
2026-09-30T15:51:00+00:00,db,AWS/RDS,ReadIOPS,,average,0.016655008160954
2026-09-30T15:52:00+00:00,db,AWS/RDS,ReadIOPS,,average,0.01667834150572067
2026-09-30T15:53:00+00:00,db,AWS/RDS,ReadIOPS,,average,0.03333722267597886
2026-09-30T15:54:00+00:00,db,AWS/RDS,ReadIOPS,,average,0.0
2026-09-30T15:55:00+00:00,db,AWS/RDS,ReadIOPS,,average,1.2999783336944384
2026-09-30T15:56:00+00:00,db,AWS/RDS,ReadIOPS,,average,0.0
2026-09-30T15:57:00+00:00,db,AWS/RDS,ReadIOPS,,average,0.04999000199960008
2026-09-30T15:58:00+00:00,db,AWS/RDS,ReadIOPS,,average,0.0
2026-09-30T15:59:00+00:00,db,AWS/RDS,ReadIOPS,,average,0.0
2026-09-30T16:00:00+00:00,db,AWS/RDS,ReadIOPS,,average,1.633769005068018
2026-09-30T16:01:00+00:00,db,AWS/RDS,ReadIOPS,,average,0.0
2026-09-30T16:02:00+00:00,db,AWS/RDS,ReadIOPS,,average,0.0
2026-09-30T16:03:00+00:00,db,AWS/RDS,ReadIOPS,,average,0.016663333999866692
2026-09-30T15:51:00+00:00,db,AWS/RDS,ReadIOPS,,maximum,0.016655008160954
2026-09-30T15:52:00+00:00,db,AWS/RDS,ReadIOPS,,maximum,0.01667834150572067
2026-09-30T15:53:00+00:00,db,AWS/RDS,ReadIOPS,,maximum,0.03333722267597886
2026-09-30T15:54:00+00:00,db,AWS/RDS,ReadIOPS,,maximum,0.0
2026-09-30T15:55:00+00:00,db,AWS/RDS,ReadIOPS,,maximum,1.2999783336944384
2026-09-30T15:56:00+00:00,db,AWS/RDS,ReadIOPS,,maximum,0.0
2026-09-30T15:57:00+00:00,db,AWS/RDS,ReadIOPS,,maximum,0.04999000199960008
2026-09-30T15:58:00+00:00,db,AWS/RDS,ReadIOPS,,maximum,0.0
2026-09-30T15:59:00+00:00,db,AWS/RDS,ReadIOPS,,maximum,0.0
2026-09-30T16:00:00+00:00,db,AWS/RDS,ReadIOPS,,maximum,1.633769005068018
2026-09-30T16:01:00+00:00,db,AWS/RDS,ReadIOPS,,maximum,0.0
2026-09-30T16:02:00+00:00,db,AWS/RDS,ReadIOPS,,maximum,0.0
2026-09-30T16:03:00+00:00,db,AWS/RDS,ReadIOPS,,maximum,0.016663333999866692
2026-09-30T15:51:00+00:00,db,AWS/RDS,ReadThroughput,,average,68.21891342726758
2026-09-30T15:52:00+00:00,db,AWS/RDS,ReadThroughput,,average,68.31334745409363
2026-09-30T15:53:00+00:00,db,AWS/RDS,ReadThroughput,,average,136.54926408080942
2026-09-30T15:54:00+00:00,db,AWS/RDS,ReadThroughput,,average,0.0
2026-09-30T15:55:00+00:00,db,AWS/RDS,ReadThroughput,,average,682.6552890785154
2026-09-30T15:56:00+00:00,db,AWS/RDS,ReadThroughput,,average,0.0
2026-09-30T15:57:00+00:00,db,AWS/RDS,ReadThroughput,,average,204.76246021562713
2026-09-30T15:58:00+00:00,db,AWS/RDS,ReadThroughput,,average,0.0
2026-09-30T15:59:00+00:00,db,AWS/RDS,ReadThroughput,,average,0.0
2026-09-30T16:00:00+00:00,db,AWS/RDS,ReadThroughput,,average,6282.103859298158
2026-09-30T16:01:00+00:00,db,AWS/RDS,ReadThroughput,,average,0.0
2026-09-30T16:02:00+00:00,db,AWS/RDS,ReadThroughput,,average,0.0
2026-09-30T16:03:00+00:00,db,AWS/RDS,ReadThroughput,,average,68.25415340520904
2026-09-30T15:51:00+00:00,db,AWS/RDS,ReadThroughput,,maximum,68.21891342726758
2026-09-30T15:52:00+00:00,db,AWS/RDS,ReadThroughput,,maximum,68.31334745409363
2026-09-30T15:53:00+00:00,db,AWS/RDS,ReadThroughput,,maximum,136.54926408080942
2026-09-30T15:54:00+00:00,db,AWS/RDS,ReadThroughput,,maximum,0.0
2026-09-30T15:55:00+00:00,db,AWS/RDS,ReadThroughput,,maximum,682.6552890785154
2026-09-30T15:56:00+00:00,db,AWS/RDS,ReadThroughput,,maximum,0.0
2026-09-30T15:57:00+00:00,db,AWS/RDS,ReadThroughput,,maximum,204.76246021562713
2026-09-30T15:58:00+00:00,db,AWS/RDS,ReadThroughput,,maximum,0.0
2026-09-30T15:59:00+00:00,db,AWS/RDS,ReadThroughput,,maximum,0.0
2026-09-30T16:00:00+00:00,db,AWS/RDS,ReadThroughput,,maximum,6282.103859298158
2026-09-30T16:01:00+00:00,db,AWS/RDS,ReadThroughput,,maximum,0.0
2026-09-30T16:02:00+00:00,db,AWS/RDS,ReadThroughput,,maximum,0.0
2026-09-30T16:03:00+00:00,db,AWS/RDS,ReadThroughput,,maximum,68.25415340520904
2026-09-30T15:51:00+00:00,db,AWS/RDS,WriteThroughput,,average,3547.383498217914
2026-09-30T15:52:00+00:00,db,AWS/RDS,WriteThroughput,,average,2224487.533147651
2026-09-30T15:53:00+00:00,db,AWS/RDS,WriteThroughput,,average,134842.39827979932
2026-09-30T15:54:00+00:00,db,AWS/RDS,WriteThroughput,,average,193920.13859967684
2026-09-30T15:55:00+00:00,db,AWS/RDS,WriteThroughput,,average,435329.27784536924
2026-09-30T15:56:00+00:00,db,AWS/RDS,WriteThroughput,,average,490856.51434856514
2026-09-30T15:57:00+00:00,db,AWS/RDS,WriteThroughput,,average,2636043.6586625786
2026-09-30T15:58:00+00:00,db,AWS/RDS,WriteThroughput,,average,496913.06666666665
2026-09-30T15:59:00+00:00,db,AWS/RDS,WriteThroughput,,average,470320.4213614241
2026-09-30T16:00:00+00:00,db,AWS/RDS,WriteThroughput,,average,447121.9138117863
2026-09-30T16:01:00+00:00,db,AWS/RDS,WriteThroughput,,average,317702.47658411384
2026-09-30T16:02:00+00:00,db,AWS/RDS,WriteThroughput,,average,2288820.6496364973
2026-09-30T16:03:00+00:00,db,AWS/RDS,WriteThroughput,,average,17200.04665811268
2026-09-30T15:51:00+00:00,db,AWS/RDS,WriteThroughput,,maximum,3547.383498217914
2026-09-30T15:52:00+00:00,db,AWS/RDS,WriteThroughput,,maximum,2224487.533147651
2026-09-30T15:53:00+00:00,db,AWS/RDS,WriteThroughput,,maximum,134842.39827979932
2026-09-30T15:54:00+00:00,db,AWS/RDS,WriteThroughput,,maximum,193920.13859967684
2026-09-30T15:55:00+00:00,db,AWS/RDS,WriteThroughput,,maximum,435329.27784536924
2026-09-30T15:56:00+00:00,db,AWS/RDS,WriteThroughput,,maximum,490856.51434856514
2026-09-30T15:57:00+00:00,db,AWS/RDS,WriteThroughput,,maximum,2636043.6586625786
2026-09-30T15:58:00+00:00,db,AWS/RDS,WriteThroughput,,maximum,496913.06666666665
2026-09-30T15:59:00+00:00,db,AWS/RDS,WriteThroughput,,maximum,470320.4213614241
2026-09-30T16:00:00+00:00,db,AWS/RDS,WriteThroughput,,maximum,447121.9138117863
2026-09-30T16:01:00+00:00,db,AWS/RDS,WriteThroughput,,maximum,317702.47658411384
2026-09-30T16:02:00+00:00,db,AWS/RDS,WriteThroughput,,maximum,2288820.6496364973
2026-09-30T16:03:00+00:00,db,AWS/RDS,WriteThroughput,,maximum,17200.04665811268
2026-09-30T15:51:00+00:00,db,AWS/RDS,ReadLatency,,average,0.0
2026-09-30T15:52:00+00:00,db,AWS/RDS,ReadLatency,,average,0.0
2026-09-30T15:53:00+00:00,db,AWS/RDS,ReadLatency,,average,0.0
2026-09-30T15:54:00+00:00,db,AWS/RDS,ReadLatency,,average,0.0
2026-09-30T15:55:00+00:00,db,AWS/RDS,ReadLatency,,average,0.0008
2026-09-30T15:56:00+00:00,db,AWS/RDS,ReadLatency,,average,0.0
2026-09-30T15:57:00+00:00,db,AWS/RDS,ReadLatency,,average,0.0
2026-09-30T15:58:00+00:00,db,AWS/RDS,ReadLatency,,average,0.0
2026-09-30T15:59:00+00:00,db,AWS/RDS,ReadLatency,,average,0.0
2026-09-30T16:00:00+00:00,db,AWS/RDS,ReadLatency,,average,0.0005333333333333334
2026-09-30T16:01:00+00:00,db,AWS/RDS,ReadLatency,,average,0.0
2026-09-30T16:02:00+00:00,db,AWS/RDS,ReadLatency,,average,0.0
2026-09-30T16:03:00+00:00,db,AWS/RDS,ReadLatency,,average,0.004
2026-09-30T15:51:00+00:00,db,AWS/RDS,ReadLatency,,maximum,0.0
2026-09-30T15:52:00+00:00,db,AWS/RDS,ReadLatency,,maximum,0.0
2026-09-30T15:53:00+00:00,db,AWS/RDS,ReadLatency,,maximum,0.0
2026-09-30T15:54:00+00:00,db,AWS/RDS,ReadLatency,,maximum,0.0
2026-09-30T15:55:00+00:00,db,AWS/RDS,ReadLatency,,maximum,0.0008
2026-09-30T15:56:00+00:00,db,AWS/RDS,ReadLatency,,maximum,0.0
2026-09-30T15:57:00+00:00,db,AWS/RDS,ReadLatency,,maximum,0.0
2026-09-30T15:58:00+00:00,db,AWS/RDS,ReadLatency,,maximum,0.0
2026-09-30T15:59:00+00:00,db,AWS/RDS,ReadLatency,,maximum,0.0
2026-09-30T16:00:00+00:00,db,AWS/RDS,ReadLatency,,maximum,0.0005333333333333334
2026-09-30T16:01:00+00:00,db,AWS/RDS,ReadLatency,,maximum,0.0
2026-09-30T16:02:00+00:00,db,AWS/RDS,ReadLatency,,maximum,0.0
2026-09-30T16:03:00+00:00,db,AWS/RDS,ReadLatency,,maximum,0.004
2026-09-30T15:51:00+00:00,db,AWS/RDS,DiskQueueDepth,,average,0.00046634799553638346
2026-09-30T15:52:00+00:00,db,AWS/RDS,DiskQueueDepth,,average,0.06836224149432955
2026-09-30T15:53:00+00:00,db,AWS/RDS,DiskQueueDepth,,average,0.0030504067208961196
2026-09-30T15:54:00+00:00,db,AWS/RDS,DiskQueueDepth,,average,0.008445777111444277
2026-09-30T15:55:00+00:00,db,AWS/RDS,DiskQueueDepth,,average,0.046203080205347025
2026-09-30T15:56:00+00:00,db,AWS/RDS,DiskQueueDepth,,average,0.05452333738814551
2026-09-30T15:57:00+00:00,db,AWS/RDS,DiskQueueDepth,,average,0.09169985502657846
2026-09-30T15:58:00+00:00,db,AWS/RDS,DiskQueueDepth,,average,0.0526175436257271
2026-09-30T15:59:00+00:00,db,AWS/RDS,DiskQueueDepth,,average,0.05203593513008984
2026-09-30T16:00:00+00:00,db,AWS/RDS,DiskQueueDepth,,average,0.05358095492131235
2026-09-30T16:01:00+00:00,db,AWS/RDS,DiskQueueDepth,,average,0.03544881837272091
2026-09-30T16:02:00+00:00,db,AWS/RDS,DiskQueueDepth,,average,0.0789868605349163
2026-09-30T16:03:00+00:00,db,AWS/RDS,DiskQueueDepth,,average,0.00031660862175267865
2026-09-30T15:51:00+00:00,db,AWS/RDS,DiskQueueDepth,,maximum,0.00046634799553638346
2026-09-30T15:52:00+00:00,db,AWS/RDS,DiskQueueDepth,,maximum,0.06836224149432955
2026-09-30T15:53:00+00:00,db,AWS/RDS,DiskQueueDepth,,maximum,0.0030504067208961196
2026-09-30T15:54:00+00:00,db,AWS/RDS,DiskQueueDepth,,maximum,0.008445777111444277
2026-09-30T15:55:00+00:00,db,AWS/RDS,DiskQueueDepth,,maximum,0.046203080205347025
2026-09-30T15:56:00+00:00,db,AWS/RDS,DiskQueueDepth,,maximum,0.05452333738814551
2026-09-30T15:57:00+00:00,db,AWS/RDS,DiskQueueDepth,,maximum,0.09169985502657846
2026-09-30T15:58:00+00:00,db,AWS/RDS,DiskQueueDepth,,maximum,0.0526175436257271
2026-09-30T15:59:00+00:00,db,AWS/RDS,DiskQueueDepth,,maximum,0.05203593513008984
2026-09-30T16:00:00+00:00,db,AWS/RDS,DiskQueueDepth,,maximum,0.05358095492131235
2026-09-30T16:01:00+00:00,db,AWS/RDS,DiskQueueDepth,,maximum,0.03544881837272091
2026-09-30T16:02:00+00:00,db,AWS/RDS,DiskQueueDepth,,maximum,0.0789868605349163
2026-09-30T16:03:00+00:00,db,AWS/RDS,DiskQueueDepth,,maximum,0.00031660862175267865
