timestamp,source,namespace,metric,dims,stat,value
2026-09-30T10:58:00+00:00,backend,CWAgent,procstat_memory_rss,exe=amazon-cloudwatch-agent;process_name=amazon-cloudwatch-agent,average,51798016.0
2026-09-30T10:59:00+00:00,backend,CWAgent,procstat_memory_rss,exe=amazon-cloudwatch-agent;process_name=amazon-cloudwatch-agent,average,51916800.0
2026-09-30T11:00:00+00:00,backend,CWAgent,procstat_memory_rss,exe=amazon-cloudwatch-agent;process_name=amazon-cloudwatch-agent,average,51372032.0
2026-09-30T11:01:00+00:00,backend,CWAgent,procstat_memory_rss,exe=amazon-cloudwatch-agent;process_name=amazon-cloudwatch-agent,average,51781632.0
2026-09-30T11:02:00+00:00,backend,CWAgent,procstat_memory_rss,exe=amazon-cloudwatch-agent;process_name=amazon-cloudwatch-agent,average,51482624.0
2026-09-30T11:03:00+00:00,backend,CWAgent,procstat_memory_rss,exe=amazon-cloudwatch-agent;process_name=amazon-cloudwatch-agent,average,52146176.0
2026-09-30T11:04:00+00:00,backend,CWAgent,procstat_memory_rss,exe=amazon-cloudwatch-agent;process_name=amazon-cloudwatch-agent,average,52961280.0
2026-09-30T11:05:00+00:00,backend,CWAgent,procstat_memory_rss,exe=amazon-cloudwatch-agent;process_name=amazon-cloudwatch-agent,average,53489664.0
2026-09-30T11:06:00+00:00,backend,CWAgent,procstat_memory_rss,exe=amazon-cloudwatch-agent;process_name=amazon-cloudwatch-agent,average,49623040.0
2026-09-30T11:07:00+00:00,backend,CWAgent,procstat_memory_rss,exe=amazon-cloudwatch-agent;process_name=amazon-cloudwatch-agent,average,49745920.0
2026-09-30T11:08:00+00:00,backend,CWAgent,procstat_memory_rss,exe=amazon-cloudwatch-agent;process_name=amazon-cloudwatch-agent,average,49856512.0
2026-09-30T11:09:00+00:00,backend,CWAgent,procstat_memory_rss,exe=amazon-cloudwatch-agent;process_name=amazon-cloudwatch-agent,average,50339840.0
2026-09-30T11:10:00+00:00,backend,CWAgent,procstat_memory_rss,exe=amazon-cloudwatch-agent;process_name=amazon-cloudwatch-agent,average,50364416.0
2026-09-30T10:58:00+00:00,backend,CWAgent,procstat_memory_rss,exe=amazon-cloudwatch-agent;process_name=amazon-cloudwatch-agent,maximum,51798016.0
2026-09-30T10:59:00+00:00,backend,CWAgent,procstat_memory_rss,exe=amazon-cloudwatch-agent;process_name=amazon-cloudwatch-agent,maximum,51916800.0
2026-09-30T11:00:00+00:00,backend,CWAgent,procstat_memory_rss,exe=amazon-cloudwatch-agent;process_name=amazon-cloudwatch-agent,maximum,51372032.0
2026-09-30T11:01:00+00:00,backend,CWAgent,procstat_memory_rss,exe=amazon-cloudwatch-agent;process_name=amazon-cloudwatch-agent,maximum,51781632.0
2026-09-30T11:02:00+00:00,backend,CWAgent,procstat_memory_rss,exe=amazon-cloudwatch-agent;process_name=amazon-cloudwatch-agent,maximum,51482624.0
2026-09-30T11:03:00+00:00,backend,CWAgent,procstat_memory_rss,exe=amazon-cloudwatch-agent;process_name=amazon-cloudwatch-agent,maximum,52146176.0
2026-09-30T11:04:00+00:00,backend,CWAgent,procstat_memory_rss,exe=amazon-cloudwatch-agent;process_name=amazon-cloudwatch-agent,maximum,52961280.0
2026-09-30T11:05:00+00:00,backend,CWAgent,procstat_memory_rss,exe=amazon-cloudwatch-agent;process_name=amazon-cloudwatch-agent,maximum,53489664.0
2026-09-30T11:06:00+00:00,backend,CWAgent,procstat_memory_rss,exe=amazon-cloudwatch-agent;process_name=amazon-cloudwatch-agent,maximum,49623040.0
2026-09-30T11:07:00+00:00,backend,CWAgent,procstat_memory_rss,exe=amazon-cloudwatch-agent;process_name=amazon-cloudwatch-agent,maximum,49745920.0
2026-09-30T11:08:00+00:00,backend,CWAgent,procstat_memory_rss,exe=amazon-cloudwatch-agent;process_name=amazon-cloudwatch-agent,maximum,49856512.0
2026-09-30T11:09:00+00:00,backend,CWAgent,procstat_memory_rss,exe=amazon-cloudwatch-agent;process_name=amazon-cloudwatch-agent,maximum,50339840.0
2026-09-30T11:10:00+00:00,backend,CWAgent,procstat_memory_rss,exe=amazon-cloudwatch-agent;process_name=amazon-cloudwatch-agent,maximum,50364416.0
2026-09-30T10:58:00+00:00,backend,CWAgent,swap_used_percent,,average,12.330841695483581
2026-09-30T10:59:00+00:00,backend,CWAgent,swap_used_percent,,average,12.330841695483581
2026-09-30T11:00:00+00:00,backend,CWAgent,swap_used_percent,,average,12.294220531884255
2026-09-30T11:01:00+00:00,backend,CWAgent,swap_used_percent,,average,12.294220531884255
2026-09-30T11:02:00+00:00,backend,CWAgent,swap_used_percent,,average,12.294220531884255
2026-09-30T11:03:00+00:00,backend,CWAgent,swap_used_percent,,average,12.294220531884255
2026-09-30T11:04:00+00:00,backend,CWAgent,swap_used_percent,,average,12.294220531884255
2026-09-30T11:05:00+00:00,backend,CWAgent,swap_used_percent,,average,12.282013477351146
2026-09-30T11:06:00+00:00,backend,CWAgent,swap_used_percent,,average,12.513947513480211
2026-09-30T11:07:00+00:00,backend,CWAgent,swap_used_percent,,average,12.550568677079537
2026-09-30T11:08:00+00:00,backend,CWAgent,swap_used_percent,,average,12.550568677079537
2026-09-30T11:09:00+00:00,backend,CWAgent,swap_used_percent,,average,12.52615456801332
2026-09-30T11:10:00+00:00,backend,CWAgent,swap_used_percent,,average,12.415146665852864
2026-09-30T10:58:00+00:00,backend,CWAgent,swap_used_percent,,maximum,12.330841695483581
2026-09-30T10:59:00+00:00,backend,CWAgent,swap_used_percent,,maximum,12.330841695483581
2026-09-30T11:00:00+00:00,backend,CWAgent,swap_used_percent,,maximum,12.294220531884255
2026-09-30T11:01:00+00:00,backend,CWAgent,swap_used_percent,,maximum,12.294220531884255
2026-09-30T11:02:00+00:00,backend,CWAgent,swap_used_percent,,maximum,12.294220531884255
2026-09-30T11:03:00+00:00,backend,CWAgent,swap_used_percent,,maximum,12.294220531884255
2026-09-30T11:04:00+00:00,backend,CWAgent,swap_used_percent,,maximum,12.294220531884255
2026-09-30T11:05:00+00:00,backend,CWAgent,swap_used_percent,,maximum,12.282013477351146
2026-09-30T11:06:00+00:00,backend,CWAgent,swap_used_percent,,maximum,12.513947513480211
2026-09-30T11:07:00+00:00,backend,CWAgent,swap_used_percent,,maximum,12.550568677079537
2026-09-30T11:08:00+00:00,backend,CWAgent,swap_used_percent,,maximum,12.550568677079537
2026-09-30T11:09:00+00:00,backend,CWAgent,swap_used_percent,,maximum,12.52615456801332
2026-09-30T11:10:00+00:00,backend,CWAgent,swap_used_percent,,maximum,12.415146665852864
2026-09-30T10:58:00+00:00,backend,CWAgent,disk_used_percent,path=/;device=nvme0n1p1;fstype=ext4,average,59.10186473889391
2026-09-30T10:59:00+00:00,backend,CWAgent,disk_used_percent,path=/;device=nvme0n1p1;fstype=ext4,average,59.10186473889391
2026-09-30T11:00:00+00:00,backend,CWAgent,disk_used_percent,path=/;device=nvme0n1p1;fstype=ext4,average,59.096124812333365
2026-09-30T11:01:00+00:00,backend,CWAgent,disk_used_percent,path=/;device=nvme0n1p1;fstype=ext4,average,59.10476103211252
2026-09-30T11:02:00+00:00,backend,CWAgent,disk_used_percent,path=/;device=nvme0n1p1;fstype=ext4,average,59.12319198895828
2026-09-30T11:03:00+00:00,backend,CWAgent,disk_used_percent,path=/;device=nvme0n1p1;fstype=ext4,average,59.1311436303403
2026-09-30T11:04:00+00:00,backend,CWAgent,disk_used_percent,path=/;device=nvme0n1p1;fstype=ext4,average,59.1309856507102
2026-09-30T11:05:00+00:00,backend,CWAgent,disk_used_percent,path=/;device=nvme0n1p1;fstype=ext4,average,59.131459589600524
2026-09-30T11:06:00+00:00,backend,CWAgent,disk_used_percent,path=/;device=nvme0n1p1;fstype=ext4,average,59.12340262846508
2026-09-30T11:07:00+00:00,backend,CWAgent,disk_used_percent,path=/;device=nvme0n1p1;fstype=ext4,average,59.121243573520296
2026-09-30T11:08:00+00:00,backend,CWAgent,disk_used_percent,path=/;device=nvme0n1p1;fstype=ext4,average,59.118610579685196
2026-09-30T11:09:00+00:00,backend,CWAgent,disk_used_percent,path=/;device=nvme0n1p1;fstype=ext4,average,59.10223335803082
2026-09-30T11:10:00+00:00,backend,CWAgent,disk_used_percent,path=/;device=nvme0n1p1;fstype=ext4,average,59.10223335803082
2026-09-30T10:58:00+00:00,backend,CWAgent,disk_used_percent,path=/;device=nvme0n1p1;fstype=ext4,maximum,59.10186473889391
2026-09-30T10:59:00+00:00,backend,CWAgent,disk_used_percent,path=/;device=nvme0n1p1;fstype=ext4,maximum,59.10186473889391
2026-09-30T11:00:00+00:00,backend,CWAgent,disk_used_percent,path=/;device=nvme0n1p1;fstype=ext4,maximum,59.096124812333365
2026-09-30T11:01:00+00:00,backend,CWAgent,disk_used_percent,path=/;device=nvme0n1p1;fstype=ext4,maximum,59.10476103211252
2026-09-30T11:02:00+00:00,backend,CWAgent,disk_used_percent,path=/;device=nvme0n1p1;fstype=ext4,maximum,59.12319198895828
2026-09-30T11:03:00+00:00,backend,CWAgent,disk_used_percent,path=/;device=nvme0n1p1;fstype=ext4,maximum,59.1311436303403
2026-09-30T11:04:00+00:00,backend,CWAgent,disk_used_percent,path=/;device=nvme0n1p1;fstype=ext4,maximum,59.1309856507102
2026-09-30T11:05:00+00:00,backend,CWAgent,disk_used_percent,path=/;device=nvme0n1p1;fstype=ext4,maximum,59.131459589600524
2026-09-30T11:06:00+00:00,backend,CWAgent,disk_used_percent,path=/;device=nvme0n1p1;fstype=ext4,maximum,59.12340262846508
2026-09-30T11:07:00+00:00,backend,CWAgent,disk_used_percent,path=/;device=nvme0n1p1;fstype=ext4,maximum,59.121243573520296
2026-09-30T11:08:00+00:00,backend,CWAgent,disk_used_percent,path=/;device=nvme0n1p1;fstype=ext4,maximum,59.118610579685196
2026-09-30T11:09:00+00:00,backend,CWAgent,disk_used_percent,path=/;device=nvme0n1p1;fstype=ext4,maximum,59.10223335803082
2026-09-30T11:10:00+00:00,backend,CWAgent,disk_used_percent,path=/;device=nvme0n1p1;fstype=ext4,maximum,59.10223335803082
2026-09-30T10:58:00+00:00,backend,CWAgent,procstat_memory_rss,exe=dockerd;process_name=dockerd,average,52805632.0
2026-09-30T10:59:00+00:00,backend,CWAgent,procstat_memory_rss,exe=dockerd;process_name=dockerd,average,52830208.0
2026-09-30T11:00:00+00:00,backend,CWAgent,procstat_memory_rss,exe=dockerd;process_name=dockerd,average,52854784.0
2026-09-30T11:01:00+00:00,backend,CWAgent,procstat_memory_rss,exe=dockerd;process_name=dockerd,average,52862976.0
2026-09-30T11:02:00+00:00,backend,CWAgent,procstat_memory_rss,exe=dockerd;process_name=dockerd,average,52920320.0
2026-09-30T11:03:00+00:00,backend,CWAgent,procstat_memory_rss,exe=dockerd;process_name=dockerd,average,52981760.0
2026-09-30T11:04:00+00:00,backend,CWAgent,procstat_memory_rss,exe=dockerd;process_name=dockerd,average,53043200.0
2026-09-30T11:05:00+00:00,backend,CWAgent,procstat_memory_rss,exe=dockerd;process_name=dockerd,average,53047296.0
2026-09-30T11:06:00+00:00,backend,CWAgent,procstat_memory_rss,exe=dockerd;process_name=dockerd,average,47497216.0
2026-09-30T11:07:00+00:00,backend,CWAgent,procstat_memory_rss,exe=dockerd;process_name=dockerd,average,47112192.0
2026-09-30T11:08:00+00:00,backend,CWAgent,procstat_memory_rss,exe=dockerd;process_name=dockerd,average,47202304.0
2026-09-30T11:09:00+00:00,backend,CWAgent,procstat_memory_rss,exe=dockerd;process_name=dockerd,average,47210496.0
2026-09-30T11:10:00+00:00,backend,CWAgent,procstat_memory_rss,exe=dockerd;process_name=dockerd,average,47497216.0
2026-09-30T10:58:00+00:00,backend,CWAgent,procstat_memory_rss,exe=dockerd;process_name=dockerd,maximum,52805632.0
2026-09-30T10:59:00+00:00,backend,CWAgent,procstat_memory_rss,exe=dockerd;process_name=dockerd,maximum,52830208.0
2026-09-30T11:00:00+00:00,backend,CWAgent,procstat_memory_rss,exe=dockerd;process_name=dockerd,maximum,52854784.0
2026-09-30T11:01:00+00:00,backend,CWAgent,procstat_memory_rss,exe=dockerd;process_name=dockerd,maximum,52862976.0
2026-09-30T11:02:00+00:00,backend,CWAgent,procstat_memory_rss,exe=dockerd;process_name=dockerd,maximum,52920320.0
2026-09-30T11:03:00+00:00,backend,CWAgent,procstat_memory_rss,exe=dockerd;process_name=dockerd,maximum,52981760.0
2026-09-30T11:04:00+00:00,backend,CWAgent,procstat_memory_rss,exe=dockerd;process_name=dockerd,maximum,53043200.0
2026-09-30T11:05:00+00:00,backend,CWAgent,procstat_memory_rss,exe=dockerd;process_name=dockerd,maximum,53047296.0
2026-09-30T11:06:00+00:00,backend,CWAgent,procstat_memory_rss,exe=dockerd;process_name=dockerd,maximum,47497216.0
2026-09-30T11:07:00+00:00,backend,CWAgent,procstat_memory_rss,exe=dockerd;process_name=dockerd,maximum,47112192.0
2026-09-30T11:08:00+00:00,backend,CWAgent,procstat_memory_rss,exe=dockerd;process_name=dockerd,maximum,47202304.0
2026-09-30T11:09:00+00:00,backend,CWAgent,procstat_memory_rss,exe=dockerd;process_name=dockerd,maximum,47210496.0
2026-09-30T11:10:00+00:00,backend,CWAgent,procstat_memory_rss,exe=dockerd;process_name=dockerd,maximum,47497216.0
2026-09-30T10:58:00+00:00,backend,CWAgent,mem_available,,average,84733952.0
2026-09-30T10:59:00+00:00,backend,CWAgent,mem_available,,average,83632128.0
2026-09-30T11:00:00+00:00,backend,CWAgent,mem_available,,average,79380480.0
2026-09-30T11:01:00+00:00,backend,CWAgent,mem_available,,average,95977472.0
2026-09-30T11:02:00+00:00,backend,CWAgent,mem_available,,average,76779520.0
2026-09-30T11:03:00+00:00,backend,CWAgent,mem_available,,average,72028160.0
2026-09-30T11:04:00+00:00,backend,CWAgent,mem_available,,average,78979072.0
2026-09-30T11:05:00+00:00,backend,CWAgent,mem_available,,average,71933952.0
2026-09-30T11:06:00+00:00,backend,CWAgent,mem_available,,average,57008128.0
2026-09-30T11:07:00+00:00,backend,CWAgent,mem_available,,average,49250304.0
2026-09-30T11:08:00+00:00,backend,CWAgent,mem_available,,average,53448704.0
2026-09-30T11:09:00+00:00,backend,CWAgent,mem_available,,average,43081728.0
2026-09-30T11:10:00+00:00,backend,CWAgent,mem_available,,average,67059712.0
2026-09-30T10:58:00+00:00,backend,CWAgent,mem_available,,maximum,84733952.0
2026-09-30T10:59:00+00:00,backend,CWAgent,mem_available,,maximum,83632128.0
2026-09-30T11:00:00+00:00,backend,CWAgent,mem_available,,maximum,79380480.0
2026-09-30T11:01:00+00:00,backend,CWAgent,mem_available,,maximum,95977472.0
2026-09-30T11:02:00+00:00,backend,CWAgent,mem_available,,maximum,76779520.0
2026-09-30T11:03:00+00:00,backend,CWAgent,mem_available,,maximum,72028160.0
2026-09-30T11:04:00+00:00,backend,CWAgent,mem_available,,maximum,78979072.0
2026-09-30T11:05:00+00:00,backend,CWAgent,mem_available,,maximum,71933952.0
2026-09-30T11:06:00+00:00,backend,CWAgent,mem_available,,maximum,57008128.0
2026-09-30T11:07:00+00:00,backend,CWAgent,mem_available,,maximum,49250304.0
2026-09-30T11:08:00+00:00,backend,CWAgent,mem_available,,maximum,53448704.0
2026-09-30T11:09:00+00:00,backend,CWAgent,mem_available,,maximum,43081728.0
2026-09-30T11:10:00+00:00,backend,CWAgent,mem_available,,maximum,67059712.0
2026-09-30T10:58:00+00:00,backend,CWAgent,diskio_iops_in_progress,name=nvme0n1p15,average,0.0
2026-09-30T10:59:00+00:00,backend,CWAgent,diskio_iops_in_progress,name=nvme0n1p15,average,0.0
2026-09-30T11:00:00+00:00,backend,CWAgent,diskio_iops_in_progress,name=nvme0n1p15,average,0.0
2026-09-30T11:01:00+00:00,backend,CWAgent,diskio_iops_in_progress,name=nvme0n1p15,average,0.0
2026-09-30T11:02:00+00:00,backend,CWAgent,diskio_iops_in_progress,name=nvme0n1p15,average,0.0
2026-09-30T11:03:00+00:00,backend,CWAgent,diskio_iops_in_progress,name=nvme0n1p15,average,0.0
2026-09-30T11:04:00+00:00,backend,CWAgent,diskio_iops_in_progress,name=nvme0n1p15,average,0.0
2026-09-30T11:05:00+00:00,backend,CWAgent,diskio_iops_in_progress,name=nvme0n1p15,average,0.0
2026-09-30T11:06:00+00:00,backend,CWAgent,diskio_iops_in_progress,name=nvme0n1p15,average,0.0
2026-09-30T11:07:00+00:00,backend,CWAgent,diskio_iops_in_progress,name=nvme0n1p15,average,0.0
2026-09-30T11:08:00+00:00,backend,CWAgent,diskio_iops_in_progress,name=nvme0n1p15,average,0.0
2026-09-30T11:09:00+00:00,backend,CWAgent,diskio_iops_in_progress,name=nvme0n1p15,average,0.0
2026-09-30T11:10:00+00:00,backend,CWAgent,diskio_iops_in_progress,name=nvme0n1p15,average,0.0
2026-09-30T10:58:00+00:00,backend,CWAgent,diskio_iops_in_progress,name=nvme0n1p15,maximum,0.0
2026-09-30T10:59:00+00:00,backend,CWAgent,diskio_iops_in_progress,name=nvme0n1p15,maximum,0.0
2026-09-30T11:00:00+00:00,backend,CWAgent,diskio_iops_in_progress,name=nvme0n1p15,maximum,0.0
2026-09-30T11:01:00+00:00,backend,CWAgent,diskio_iops_in_progress,name=nvme0n1p15,maximum,0.0
2026-09-30T11:02:00+00:00,backend,CWAgent,diskio_iops_in_progress,name=nvme0n1p15,maximum,0.0
2026-09-30T11:03:00+00:00,backend,CWAgent,diskio_iops_in_progress,name=nvme0n1p15,maximum,0.0
2026-09-30T11:04:00+00:00,backend,CWAgent,diskio_iops_in_progress,name=nvme0n1p15,maximum,0.0
2026-09-30T11:05:00+00:00,backend,CWAgent,diskio_iops_in_progress,name=nvme0n1p15,maximum,0.0
2026-09-30T11:06:00+00:00,backend,CWAgent,diskio_iops_in_progress,name=nvme0n1p15,maximum,0.0
2026-09-30T11:07:00+00:00,backend,CWAgent,diskio_iops_in_progress,name=nvme0n1p15,maximum,0.0
2026-09-30T11:08:00+00:00,backend,CWAgent,diskio_iops_in_progress,name=nvme0n1p15,maximum,0.0
2026-09-30T11:09:00+00:00,backend,CWAgent,diskio_iops_in_progress,name=nvme0n1p15,maximum,0.0
2026-09-30T11:10:00+00:00,backend,CWAgent,diskio_iops_in_progress,name=nvme0n1p15,maximum,0.0
2026-09-30T10:58:00+00:00,backend,CWAgent,diskio_iops_in_progress,name=nvme0n1,average,0.0
2026-09-30T10:59:00+00:00,backend,CWAgent,diskio_iops_in_progress,name=nvme0n1,average,0.0
2026-09-30T11:00:00+00:00,backend,CWAgent,diskio_iops_in_progress,name=nvme0n1,average,0.0
2026-09-30T11:01:00+00:00,backend,CWAgent,diskio_iops_in_progress,name=nvme0n1,average,0.0
2026-09-30T11:02:00+00:00,backend,CWAgent,diskio_iops_in_progress,name=nvme0n1,average,0.0
2026-09-30T11:03:00+00:00,backend,CWAgent,diskio_iops_in_progress,name=nvme0n1,average,0.0
2026-09-30T11:04:00+00:00,backend,CWAgent,diskio_iops_in_progress,name=nvme0n1,average,0.0
2026-09-30T11:05:00+00:00,backend,CWAgent,diskio_iops_in_progress,name=nvme0n1,average,0.0
2026-09-30T11:06:00+00:00,backend,CWAgent,diskio_iops_in_progress,name=nvme0n1,average,0.0
2026-09-30T11:07:00+00:00,backend,CWAgent,diskio_iops_in_progress,name=nvme0n1,average,0.0
2026-09-30T11:08:00+00:00,backend,CWAgent,diskio_iops_in_progress,name=nvme0n1,average,0.0
2026-09-30T11:09:00+00:00,backend,CWAgent,diskio_iops_in_progress,name=nvme0n1,average,0.0
2026-09-30T11:10:00+00:00,backend,CWAgent,diskio_iops_in_progress,name=nvme0n1,average,0.0
2026-09-30T10:58:00+00:00,backend,CWAgent,diskio_iops_in_progress,name=nvme0n1,maximum,0.0
2026-09-30T10:59:00+00:00,backend,CWAgent,diskio_iops_in_progress,name=nvme0n1,maximum,0.0
2026-09-30T11:00:00+00:00,backend,CWAgent,diskio_iops_in_progress,name=nvme0n1,maximum,0.0
2026-09-30T11:01:00+00:00,backend,CWAgent,diskio_iops_in_progress,name=nvme0n1,maximum,0.0
2026-09-30T11:02:00+00:00,backend,CWAgent,diskio_iops_in_progress,name=nvme0n1,maximum,0.0
2026-09-30T11:03:00+00:00,backend,CWAgent,diskio_iops_in_progress,name=nvme0n1,maximum,0.0
2026-09-30T11:04:00+00:00,backend,CWAgent,diskio_iops_in_progress,name=nvme0n1,maximum,0.0
2026-09-30T11:05:00+00:00,backend,CWAgent,diskio_iops_in_progress,name=nvme0n1,maximum,0.0
2026-09-30T11:06:00+00:00,backend,CWAgent,diskio_iops_in_progress,name=nvme0n1,maximum,0.0
2026-09-30T11:07:00+00:00,backend,CWAgent,diskio_iops_in_progress,name=nvme0n1,maximum,0.0
2026-09-30T11:08:00+00:00,backend,CWAgent,diskio_iops_in_progress,name=nvme0n1,maximum,0.0
2026-09-30T11:09:00+00:00,backend,CWAgent,diskio_iops_in_progress,name=nvme0n1,maximum,0.0
2026-09-30T11:10:00+00:00,backend,CWAgent,diskio_iops_in_progress,name=nvme0n1,maximum,0.0
2026-09-30T10:58:00+00:00,backend,CWAgent,disk_used,path=/;device=nvme0n1p1;fstype=ext4,average,4597071872.0
2026-09-30T10:59:00+00:00,backend,CWAgent,disk_used,path=/;device=nvme0n1p1;fstype=ext4,average,4597071872.0
2026-09-30T11:00:00+00:00,backend,CWAgent,disk_used,path=/;device=nvme0n1p1;fstype=ext4,average,4596625408.0
2026-09-30T11:01:00+00:00,backend,CWAgent,disk_used,path=/;device=nvme0n1p1;fstype=ext4,average,4597297152.0
2026-09-30T11:02:00+00:00,backend,CWAgent,disk_used,path=/;device=nvme0n1p1;fstype=ext4,average,4598730752.0
2026-09-30T11:03:00+00:00,backend,CWAgent,disk_used,path=/;device=nvme0n1p1;fstype=ext4,average,4599349248.0
2026-09-30T11:04:00+00:00,backend,CWAgent,disk_used,path=/;device=nvme0n1p1;fstype=ext4,average,4599336960.0
2026-09-30T11:05:00+00:00,backend,CWAgent,disk_used,path=/;device=nvme0n1p1;fstype=ext4,average,4599373824.0
2026-09-30T11:06:00+00:00,backend,CWAgent,disk_used,path=/;device=nvme0n1p1;fstype=ext4,average,4598747136.0
2026-09-30T11:07:00+00:00,backend,CWAgent,disk_used,path=/;device=nvme0n1p1;fstype=ext4,average,4598579200.0
2026-09-30T11:08:00+00:00,backend,CWAgent,disk_used,path=/;device=nvme0n1p1;fstype=ext4,average,4598374400.0
2026-09-30T11:09:00+00:00,backend,CWAgent,disk_used,path=/;device=nvme0n1p1;fstype=ext4,average,4597100544.0
2026-09-30T11:10:00+00:00,backend,CWAgent,disk_used,path=/;device=nvme0n1p1;fstype=ext4,average,4597100544.0
2026-09-30T10:58:00+00:00,backend,CWAgent,disk_used,path=/;device=nvme0n1p1;fstype=ext4,maximum,4597071872.0
2026-09-30T10:59:00+00:00,backend,CWAgent,disk_used,path=/;device=nvme0n1p1;fstype=ext4,maximum,4597071872.0
2026-09-30T11:00:00+00:00,backend,CWAgent,disk_used,path=/;device=nvme0n1p1;fstype=ext4,maximum,4596625408.0
2026-09-30T11:01:00+00:00,backend,CWAgent,disk_used,path=/;device=nvme0n1p1;fstype=ext4,maximum,4597297152.0
2026-09-30T11:02:00+00:00,backend,CWAgent,disk_used,path=/;device=nvme0n1p1;fstype=ext4,maximum,4598730752.0
2026-09-30T11:03:00+00:00,backend,CWAgent,disk_used,path=/;device=nvme0n1p1;fstype=ext4,maximum,4599349248.0
2026-09-30T11:04:00+00:00,backend,CWAgent,disk_used,path=/;device=nvme0n1p1;fstype=ext4,maximum,4599336960.0
2026-09-30T11:05:00+00:00,backend,CWAgent,disk_used,path=/;device=nvme0n1p1;fstype=ext4,maximum,4599373824.0
2026-09-30T11:06:00+00:00,backend,CWAgent,disk_used,path=/;device=nvme0n1p1;fstype=ext4,maximum,4598747136.0
2026-09-30T11:07:00+00:00,backend,CWAgent,disk_used,path=/;device=nvme0n1p1;fstype=ext4,maximum,4598579200.0
2026-09-30T11:08:00+00:00,backend,CWAgent,disk_used,path=/;device=nvme0n1p1;fstype=ext4,maximum,4598374400.0
2026-09-30T11:09:00+00:00,backend,CWAgent,disk_used,path=/;device=nvme0n1p1;fstype=ext4,maximum,4597100544.0
2026-09-30T11:10:00+00:00,backend,CWAgent,disk_used,path=/;device=nvme0n1p1;fstype=ext4,maximum,4597100544.0
2026-09-30T10:58:00+00:00,backend,CWAgent,procstat_memory_rss,exe=containerd;process_name=containerd,average,27758592.0
2026-09-30T10:59:00+00:00,backend,CWAgent,procstat_memory_rss,exe=containerd;process_name=containerd,average,27475968.0
2026-09-30T11:00:00+00:00,backend,CWAgent,procstat_memory_rss,exe=containerd;process_name=containerd,average,27623424.0
2026-09-30T11:01:00+00:00,backend,CWAgent,procstat_memory_rss,exe=containerd;process_name=containerd,average,27639808.0
2026-09-30T11:02:00+00:00,backend,CWAgent,procstat_memory_rss,exe=containerd;process_name=containerd,average,27721728.0
2026-09-30T11:03:00+00:00,backend,CWAgent,procstat_memory_rss,exe=containerd;process_name=containerd,average,27504640.0
2026-09-30T11:04:00+00:00,backend,CWAgent,procstat_memory_rss,exe=containerd;process_name=containerd,average,27709440.0
2026-09-30T11:05:00+00:00,backend,CWAgent,procstat_memory_rss,exe=containerd;process_name=containerd,average,27873280.0
2026-09-30T11:06:00+00:00,backend,CWAgent,procstat_memory_rss,exe=containerd;process_name=containerd,average,26050560.0
2026-09-30T11:07:00+00:00,backend,CWAgent,procstat_memory_rss,exe=containerd;process_name=containerd,average,25972736.0
2026-09-30T11:08:00+00:00,backend,CWAgent,procstat_memory_rss,exe=containerd;process_name=containerd,average,26497024.0
2026-09-30T11:09:00+00:00,backend,CWAgent,procstat_memory_rss,exe=containerd;process_name=containerd,average,26640384.0
2026-09-30T11:10:00+00:00,backend,CWAgent,procstat_memory_rss,exe=containerd;process_name=containerd,average,26685440.0
2026-09-30T10:58:00+00:00,backend,CWAgent,procstat_memory_rss,exe=containerd;process_name=containerd,maximum,27758592.0
2026-09-30T10:59:00+00:00,backend,CWAgent,procstat_memory_rss,exe=containerd;process_name=containerd,maximum,27475968.0
2026-09-30T11:00:00+00:00,backend,CWAgent,procstat_memory_rss,exe=containerd;process_name=containerd,maximum,27623424.0
2026-09-30T11:01:00+00:00,backend,CWAgent,procstat_memory_rss,exe=containerd;process_name=containerd,maximum,27639808.0
2026-09-30T11:02:00+00:00,backend,CWAgent,procstat_memory_rss,exe=containerd;process_name=containerd,maximum,27721728.0
2026-09-30T11:03:00+00:00,backend,CWAgent,procstat_memory_rss,exe=containerd;process_name=containerd,maximum,27504640.0
2026-09-30T11:04:00+00:00,backend,CWAgent,procstat_memory_rss,exe=containerd;process_name=containerd,maximum,27709440.0
2026-09-30T11:05:00+00:00,backend,CWAgent,procstat_memory_rss,exe=containerd;process_name=containerd,maximum,27873280.0
2026-09-30T11:06:00+00:00,backend,CWAgent,procstat_memory_rss,exe=containerd;process_name=containerd,maximum,26050560.0
2026-09-30T11:07:00+00:00,backend,CWAgent,procstat_memory_rss,exe=containerd;process_name=containerd,maximum,25972736.0
2026-09-30T11:08:00+00:00,backend,CWAgent,procstat_memory_rss,exe=containerd;process_name=containerd,maximum,26497024.0
2026-09-30T11:09:00+00:00,backend,CWAgent,procstat_memory_rss,exe=containerd;process_name=containerd,maximum,26640384.0
2026-09-30T11:10:00+00:00,backend,CWAgent,procstat_memory_rss,exe=containerd;process_name=containerd,maximum,26685440.0
2026-09-30T10:58:00+00:00,backend,CWAgent,diskio_iops_in_progress,name=nvme0n1p1,average,0.0
2026-09-30T10:59:00+00:00,backend,CWAgent,diskio_iops_in_progress,name=nvme0n1p1,average,1.0
2026-09-30T11:00:00+00:00,backend,CWAgent,diskio_iops_in_progress,name=nvme0n1p1,average,0.0
2026-09-30T11:01:00+00:00,backend,CWAgent,diskio_iops_in_progress,name=nvme0n1p1,average,0.0
2026-09-30T11:02:00+00:00,backend,CWAgent,diskio_iops_in_progress,name=nvme0n1p1,average,0.0
2026-09-30T11:03:00+00:00,backend,CWAgent,diskio_iops_in_progress,name=nvme0n1p1,average,0.0
2026-09-30T11:04:00+00:00,backend,CWAgent,diskio_iops_in_progress,name=nvme0n1p1,average,0.0
2026-09-30T11:05:00+00:00,backend,CWAgent,diskio_iops_in_progress,name=nvme0n1p1,average,0.0
2026-09-30T11:06:00+00:00,backend,CWAgent,diskio_iops_in_progress,name=nvme0n1p1,average,0.0
2026-09-30T11:07:00+00:00,backend,CWAgent,diskio_iops_in_progress,name=nvme0n1p1,average,0.0
2026-09-30T11:08:00+00:00,backend,CWAgent,diskio_iops_in_progress,name=nvme0n1p1,average,0.0
2026-09-30T11:09:00+00:00,backend,CWAgent,diskio_iops_in_progress,name=nvme0n1p1,average,0.0
2026-09-30T11:10:00+00:00,backend,CWAgent,diskio_iops_in_progress,name=nvme0n1p1,average,0.0
2026-09-30T10:58:00+00:00,backend,CWAgent,diskio_iops_in_progress,name=nvme0n1p1,maximum,0.0
2026-09-30T10:59:00+00:00,backend,CWAgent,diskio_iops_in_progress,name=nvme0n1p1,maximum,1.0
2026-09-30T11:00:00+00:00,backend,CWAgent,diskio_iops_in_progress,name=nvme0n1p1,maximum,0.0
2026-09-30T11:01:00+00:00,backend,CWAgent,diskio_iops_in_progress,name=nvme0n1p1,maximum,0.0
2026-09-30T11:02:00+00:00,backend,CWAgent,diskio_iops_in_progress,name=nvme0n1p1,maximum,0.0
2026-09-30T11:03:00+00:00,backend,CWAgent,diskio_iops_in_progress,name=nvme0n1p1,maximum,0.0
2026-09-30T11:04:00+00:00,backend,CWAgent,diskio_iops_in_progress,name=nvme0n1p1,maximum,0.0
2026-09-30T11:05:00+00:00,backend,CWAgent,diskio_iops_in_progress,name=nvme0n1p1,maximum,0.0
2026-09-30T11:06:00+00:00,backend,CWAgent,diskio_iops_in_progress,name=nvme0n1p1,maximum,0.0
2026-09-30T11:07:00+00:00,backend,CWAgent,diskio_iops_in_progress,name=nvme0n1p1,maximum,0.0
2026-09-30T11:08:00+00:00,backend,CWAgent,diskio_iops_in_progress,name=nvme0n1p1,maximum,0.0
2026-09-30T11:09:00+00:00,backend,CWAgent,diskio_iops_in_progress,name=nvme0n1p1,maximum,0.0
2026-09-30T11:10:00+00:00,backend,CWAgent,diskio_iops_in_progress,name=nvme0n1p1,maximum,0.0
2026-09-30T10:58:00+00:00,backend,CWAgent,netstat_tcp_established,,average,1.0
2026-09-30T10:59:00+00:00,backend,CWAgent,netstat_tcp_established,,average,1.0
2026-09-30T11:00:00+00:00,backend,CWAgent,netstat_tcp_established,,average,1.0
2026-09-30T11:01:00+00:00,backend,CWAgent,netstat_tcp_established,,average,1.0
2026-09-30T11:02:00+00:00,backend,CWAgent,netstat_tcp_established,,average,1.0
2026-09-30T11:03:00+00:00,backend,CWAgent,netstat_tcp_established,,average,1.0
2026-09-30T11:04:00+00:00,backend,CWAgent,netstat_tcp_established,,average,1.0
2026-09-30T11:05:00+00:00,backend,CWAgent,netstat_tcp_established,,average,1.0
2026-09-30T11:06:00+00:00,backend,CWAgent,netstat_tcp_established,,average,1.0
2026-09-30T11:07:00+00:00,backend,CWAgent,netstat_tcp_established,,average,1.0
2026-09-30T11:08:00+00:00,backend,CWAgent,netstat_tcp_established,,average,1.0
2026-09-30T11:09:00+00:00,backend,CWAgent,netstat_tcp_established,,average,1.0
2026-09-30T11:10:00+00:00,backend,CWAgent,netstat_tcp_established,,average,1.0
2026-09-30T10:58:00+00:00,backend,CWAgent,netstat_tcp_established,,maximum,1.0
2026-09-30T10:59:00+00:00,backend,CWAgent,netstat_tcp_established,,maximum,1.0
2026-09-30T11:00:00+00:00,backend,CWAgent,netstat_tcp_established,,maximum,1.0
2026-09-30T11:01:00+00:00,backend,CWAgent,netstat_tcp_established,,maximum,1.0
2026-09-30T11:02:00+00:00,backend,CWAgent,netstat_tcp_established,,maximum,1.0
2026-09-30T11:03:00+00:00,backend,CWAgent,netstat_tcp_established,,maximum,1.0
2026-09-30T11:04:00+00:00,backend,CWAgent,netstat_tcp_established,,maximum,1.0
2026-09-30T11:05:00+00:00,backend,CWAgent,netstat_tcp_established,,maximum,1.0
2026-09-30T11:06:00+00:00,backend,CWAgent,netstat_tcp_established,,maximum,1.0
2026-09-30T11:07:00+00:00,backend,CWAgent,netstat_tcp_established,,maximum,1.0
2026-09-30T11:08:00+00:00,backend,CWAgent,netstat_tcp_established,,maximum,1.0
2026-09-30T11:09:00+00:00,backend,CWAgent,netstat_tcp_established,,maximum,1.0
2026-09-30T11:10:00+00:00,backend,CWAgent,netstat_tcp_established,,maximum,1.0
2026-09-30T10:58:00+00:00,backend,CWAgent,mem_used_percent,,average,77.87971118713395
2026-09-30T10:59:00+00:00,backend,CWAgent,mem_used_percent,,average,77.9441412306554
2026-09-30T11:00:00+00:00,backend,CWAgent,mem_used_percent,,average,77.88054254253422
2026-09-30T11:01:00+00:00,backend,CWAgent,mem_used_percent,,average,76.1654563517631
2026-09-30T11:02:00+00:00,backend,CWAgent,mem_used_percent,,average,78.09336952500509
2026-09-30T11:03:00+00:00,backend,CWAgent,mem_used_percent,,average,78.57430862406524
2026-09-30T11:04:00+00:00,backend,CWAgent,mem_used_percent,,average,77.86890356693034
2026-09-30T11:05:00+00:00,backend,CWAgent,mem_used_percent,,average,78.64123273378753
2026-09-30T11:06:00+00:00,backend,CWAgent,mem_used_percent,,average,82.2447427162875
2026-09-30T11:07:00+00:00,backend,CWAgent,mem_used_percent,,average,83.02621679254773
2026-09-30T11:08:00+00:00,backend,CWAgent,mem_used_percent,,average,82.47461248446405
2026-09-30T11:09:00+00:00,backend,CWAgent,mem_used_percent,,average,83.53916307451854
2026-09-30T11:10:00+00:00,backend,CWAgent,mem_used_percent,,average,80.89337451313749
2026-09-30T10:58:00+00:00,backend,CWAgent,mem_used_percent,,maximum,77.87971118713395
2026-09-30T10:59:00+00:00,backend,CWAgent,mem_used_percent,,maximum,77.9441412306554
2026-09-30T11:00:00+00:00,backend,CWAgent,mem_used_percent,,maximum,77.88054254253422
2026-09-30T11:01:00+00:00,backend,CWAgent,mem_used_percent,,maximum,76.1654563517631
2026-09-30T11:02:00+00:00,backend,CWAgent,mem_used_percent,,maximum,78.09336952500509
2026-09-30T11:03:00+00:00,backend,CWAgent,mem_used_percent,,maximum,78.57430862406524
2026-09-30T11:04:00+00:00,backend,CWAgent,mem_used_percent,,maximum,77.86890356693034
2026-09-30T11:05:00+00:00,backend,CWAgent,mem_used_percent,,maximum,78.64123273378753
2026-09-30T11:06:00+00:00,backend,CWAgent,mem_used_percent,,maximum,82.2447427162875
2026-09-30T11:07:00+00:00,backend,CWAgent,mem_used_percent,,maximum,83.02621679254773
2026-09-30T11:08:00+00:00,backend,CWAgent,mem_used_percent,,maximum,82.47461248446405
2026-09-30T11:09:00+00:00,backend,CWAgent,mem_used_percent,,maximum,83.53916307451854
2026-09-30T11:10:00+00:00,backend,CWAgent,mem_used_percent,,maximum,80.89337451313749
2026-09-30T10:58:00+00:00,backend,CWAgent,netstat_tcp_time_wait,,average,2.0
2026-09-30T10:59:00+00:00,backend,CWAgent,netstat_tcp_time_wait,,average,0.0
2026-09-30T11:00:00+00:00,backend,CWAgent,netstat_tcp_time_wait,,average,0.0
2026-09-30T11:01:00+00:00,backend,CWAgent,netstat_tcp_time_wait,,average,0.0
2026-09-30T11:02:00+00:00,backend,CWAgent,netstat_tcp_time_wait,,average,0.0
2026-09-30T11:03:00+00:00,backend,CWAgent,netstat_tcp_time_wait,,average,1.0
2026-09-30T11:04:00+00:00,backend,CWAgent,netstat_tcp_time_wait,,average,0.0
2026-09-30T11:05:00+00:00,backend,CWAgent,netstat_tcp_time_wait,,average,0.0
2026-09-30T11:06:00+00:00,backend,CWAgent,netstat_tcp_time_wait,,average,0.0
2026-09-30T11:07:00+00:00,backend,CWAgent,netstat_tcp_time_wait,,average,0.0
2026-09-30T11:08:00+00:00,backend,CWAgent,netstat_tcp_time_wait,,average,0.0
2026-09-30T11:09:00+00:00,backend,CWAgent,netstat_tcp_time_wait,,average,0.0
2026-09-30T11:10:00+00:00,backend,CWAgent,netstat_tcp_time_wait,,average,0.0
2026-09-30T10:58:00+00:00,backend,CWAgent,netstat_tcp_time_wait,,maximum,2.0
2026-09-30T10:59:00+00:00,backend,CWAgent,netstat_tcp_time_wait,,maximum,0.0
2026-09-30T11:00:00+00:00,backend,CWAgent,netstat_tcp_time_wait,,maximum,0.0
2026-09-30T11:01:00+00:00,backend,CWAgent,netstat_tcp_time_wait,,maximum,0.0
2026-09-30T11:02:00+00:00,backend,CWAgent,netstat_tcp_time_wait,,maximum,0.0
2026-09-30T11:03:00+00:00,backend,CWAgent,netstat_tcp_time_wait,,maximum,1.0
2026-09-30T11:04:00+00:00,backend,CWAgent,netstat_tcp_time_wait,,maximum,0.0
2026-09-30T11:05:00+00:00,backend,CWAgent,netstat_tcp_time_wait,,maximum,0.0
2026-09-30T11:06:00+00:00,backend,CWAgent,netstat_tcp_time_wait,,maximum,0.0
2026-09-30T11:07:00+00:00,backend,CWAgent,netstat_tcp_time_wait,,maximum,0.0
2026-09-30T11:08:00+00:00,backend,CWAgent,netstat_tcp_time_wait,,maximum,0.0
2026-09-30T11:09:00+00:00,backend,CWAgent,netstat_tcp_time_wait,,maximum,0.0
2026-09-30T11:10:00+00:00,backend,CWAgent,netstat_tcp_time_wait,,maximum,0.0
2026-09-30T10:58:00+00:00,backend,CWAgent,mem_used,,average,767410176.0
2026-09-30T10:59:00+00:00,backend,CWAgent,mem_used,,average,768045056.0
2026-09-30T11:00:00+00:00,backend,CWAgent,mem_used,,average,767418368.0
2026-09-30T11:01:00+00:00,backend,CWAgent,mem_used,,average,750518272.0
2026-09-30T11:02:00+00:00,backend,CWAgent,mem_used,,average,769515520.0
2026-09-30T11:03:00+00:00,backend,CWAgent,mem_used,,average,774254592.0
2026-09-30T11:04:00+00:00,backend,CWAgent,mem_used,,average,767303680.0
2026-09-30T11:05:00+00:00,backend,CWAgent,mem_used,,average,774914048.0
2026-09-30T11:06:00+00:00,backend,CWAgent,mem_used,,average,810422272.0
2026-09-30T11:07:00+00:00,backend,CWAgent,mem_used,,average,818122752.0
2026-09-30T11:08:00+00:00,backend,CWAgent,mem_used,,average,812687360.0
2026-09-30T11:09:00+00:00,backend,CWAgent,mem_used,,average,823177216.0
2026-09-30T11:10:00+00:00,backend,CWAgent,mem_used,,average,797106176.0
2026-09-30T10:58:00+00:00,backend,CWAgent,mem_used,,maximum,767410176.0
2026-09-30T10:59:00+00:00,backend,CWAgent,mem_used,,maximum,768045056.0
2026-09-30T11:00:00+00:00,backend,CWAgent,mem_used,,maximum,767418368.0
2026-09-30T11:01:00+00:00,backend,CWAgent,mem_used,,maximum,750518272.0
2026-09-30T11:02:00+00:00,backend,CWAgent,mem_used,,maximum,769515520.0
2026-09-30T11:03:00+00:00,backend,CWAgent,mem_used,,maximum,774254592.0
2026-09-30T11:04:00+00:00,backend,CWAgent,mem_used,,maximum,767303680.0
2026-09-30T11:05:00+00:00,backend,CWAgent,mem_used,,maximum,774914048.0
2026-09-30T11:06:00+00:00,backend,CWAgent,mem_used,,maximum,810422272.0
2026-09-30T11:07:00+00:00,backend,CWAgent,mem_used,,maximum,818122752.0
2026-09-30T11:08:00+00:00,backend,CWAgent,mem_used,,maximum,812687360.0
2026-09-30T11:09:00+00:00,backend,CWAgent,mem_used,,maximum,823177216.0
2026-09-30T11:10:00+00:00,backend,CWAgent,mem_used,,maximum,797106176.0
2026-09-30T10:58:00+00:00,backend,CWAgent,diskio_iops_in_progress,name=nvme0n1p14,average,0.0
2026-09-30T10:59:00+00:00,backend,CWAgent,diskio_iops_in_progress,name=nvme0n1p14,average,0.0
2026-09-30T11:00:00+00:00,backend,CWAgent,diskio_iops_in_progress,name=nvme0n1p14,average,0.0
2026-09-30T11:01:00+00:00,backend,CWAgent,diskio_iops_in_progress,name=nvme0n1p14,average,0.0
2026-09-30T11:02:00+00:00,backend,CWAgent,diskio_iops_in_progress,name=nvme0n1p14,average,0.0
2026-09-30T11:03:00+00:00,backend,CWAgent,diskio_iops_in_progress,name=nvme0n1p14,average,0.0
2026-09-30T11:04:00+00:00,backend,CWAgent,diskio_iops_in_progress,name=nvme0n1p14,average,0.0
2026-09-30T11:05:00+00:00,backend,CWAgent,diskio_iops_in_progress,name=nvme0n1p14,average,0.0
2026-09-30T11:06:00+00:00,backend,CWAgent,diskio_iops_in_progress,name=nvme0n1p14,average,0.0
2026-09-30T11:07:00+00:00,backend,CWAgent,diskio_iops_in_progress,name=nvme0n1p14,average,0.0
2026-09-30T11:08:00+00:00,backend,CWAgent,diskio_iops_in_progress,name=nvme0n1p14,average,0.0
2026-09-30T11:09:00+00:00,backend,CWAgent,diskio_iops_in_progress,name=nvme0n1p14,average,0.0
2026-09-30T11:10:00+00:00,backend,CWAgent,diskio_iops_in_progress,name=nvme0n1p14,average,0.0
2026-09-30T10:58:00+00:00,backend,CWAgent,diskio_iops_in_progress,name=nvme0n1p14,maximum,0.0
2026-09-30T10:59:00+00:00,backend,CWAgent,diskio_iops_in_progress,name=nvme0n1p14,maximum,0.0
2026-09-30T11:00:00+00:00,backend,CWAgent,diskio_iops_in_progress,name=nvme0n1p14,maximum,0.0
2026-09-30T11:01:00+00:00,backend,CWAgent,diskio_iops_in_progress,name=nvme0n1p14,maximum,0.0
2026-09-30T11:02:00+00:00,backend,CWAgent,diskio_iops_in_progress,name=nvme0n1p14,maximum,0.0
2026-09-30T11:03:00+00:00,backend,CWAgent,diskio_iops_in_progress,name=nvme0n1p14,maximum,0.0
2026-09-30T11:04:00+00:00,backend,CWAgent,diskio_iops_in_progress,name=nvme0n1p14,maximum,0.0
2026-09-30T11:05:00+00:00,backend,CWAgent,diskio_iops_in_progress,name=nvme0n1p14,maximum,0.0
2026-09-30T11:06:00+00:00,backend,CWAgent,diskio_iops_in_progress,name=nvme0n1p14,maximum,0.0
2026-09-30T11:07:00+00:00,backend,CWAgent,diskio_iops_in_progress,name=nvme0n1p14,maximum,0.0
2026-09-30T11:08:00+00:00,backend,CWAgent,diskio_iops_in_progress,name=nvme0n1p14,maximum,0.0
2026-09-30T11:09:00+00:00,backend,CWAgent,diskio_iops_in_progress,name=nvme0n1p14,maximum,0.0
2026-09-30T11:10:00+00:00,backend,CWAgent,diskio_iops_in_progress,name=nvme0n1p14,maximum,0.0
2026-09-30T10:58:00+00:00,backend,CWAgent,disk_free,path=/;device=nvme0n1p1;fstype=ext4,average,3181146112.0
2026-09-30T10:59:00+00:00,backend,CWAgent,disk_free,path=/;device=nvme0n1p1;fstype=ext4,average,3181146112.0
2026-09-30T11:00:00+00:00,backend,CWAgent,disk_free,path=/;device=nvme0n1p1;fstype=ext4,average,3181592576.0
2026-09-30T11:01:00+00:00,backend,CWAgent,disk_free,path=/;device=nvme0n1p1;fstype=ext4,average,3180920832.0
2026-09-30T11:02:00+00:00,backend,CWAgent,disk_free,path=/;device=nvme0n1p1;fstype=ext4,average,3179487232.0
2026-09-30T11:03:00+00:00,backend,CWAgent,disk_free,path=/;device=nvme0n1p1;fstype=ext4,average,3178868736.0
2026-09-30T11:04:00+00:00,backend,CWAgent,disk_free,path=/;device=nvme0n1p1;fstype=ext4,average,3178881024.0
2026-09-30T11:05:00+00:00,backend,CWAgent,disk_free,path=/;device=nvme0n1p1;fstype=ext4,average,3178844160.0
2026-09-30T11:06:00+00:00,backend,CWAgent,disk_free,path=/;device=nvme0n1p1;fstype=ext4,average,3179470848.0
2026-09-30T11:07:00+00:00,backend,CWAgent,disk_free,path=/;device=nvme0n1p1;fstype=ext4,average,3179638784.0
2026-09-30T11:08:00+00:00,backend,CWAgent,disk_free,path=/;device=nvme0n1p1;fstype=ext4,average,3179843584.0
2026-09-30T11:09:00+00:00,backend,CWAgent,disk_free,path=/;device=nvme0n1p1;fstype=ext4,average,3181117440.0
2026-09-30T11:10:00+00:00,backend,CWAgent,disk_free,path=/;device=nvme0n1p1;fstype=ext4,average,3181117440.0
2026-09-30T10:58:00+00:00,backend,CWAgent,disk_free,path=/;device=nvme0n1p1;fstype=ext4,maximum,3181146112.0
2026-09-30T10:59:00+00:00,backend,CWAgent,disk_free,path=/;device=nvme0n1p1;fstype=ext4,maximum,3181146112.0
2026-09-30T11:00:00+00:00,backend,CWAgent,disk_free,path=/;device=nvme0n1p1;fstype=ext4,maximum,3181592576.0
2026-09-30T11:01:00+00:00,backend,CWAgent,disk_free,path=/;device=nvme0n1p1;fstype=ext4,maximum,3180920832.0
2026-09-30T11:02:00+00:00,backend,CWAgent,disk_free,path=/;device=nvme0n1p1;fstype=ext4,maximum,3179487232.0
2026-09-30T11:03:00+00:00,backend,CWAgent,disk_free,path=/;device=nvme0n1p1;fstype=ext4,maximum,3178868736.0
2026-09-30T11:04:00+00:00,backend,CWAgent,disk_free,path=/;device=nvme0n1p1;fstype=ext4,maximum,3178881024.0
2026-09-30T11:05:00+00:00,backend,CWAgent,disk_free,path=/;device=nvme0n1p1;fstype=ext4,maximum,3178844160.0
2026-09-30T11:06:00+00:00,backend,CWAgent,disk_free,path=/;device=nvme0n1p1;fstype=ext4,maximum,3179470848.0
2026-09-30T11:07:00+00:00,backend,CWAgent,disk_free,path=/;device=nvme0n1p1;fstype=ext4,maximum,3179638784.0
2026-09-30T11:08:00+00:00,backend,CWAgent,disk_free,path=/;device=nvme0n1p1;fstype=ext4,maximum,3179843584.0
2026-09-30T11:09:00+00:00,backend,CWAgent,disk_free,path=/;device=nvme0n1p1;fstype=ext4,maximum,3181117440.0
2026-09-30T11:10:00+00:00,backend,CWAgent,disk_free,path=/;device=nvme0n1p1;fstype=ext4,maximum,3181117440.0
2026-09-30T10:58:00+00:00,backend,CWAgent,diskio_read_bytes,name=nvme0n1,average,327680.0
2026-09-30T10:59:00+00:00,backend,CWAgent,diskio_read_bytes,name=nvme0n1,average,1089536.0
2026-09-30T11:00:00+00:00,backend,CWAgent,diskio_read_bytes,name=nvme0n1,average,20357120.0
2026-09-30T11:01:00+00:00,backend,CWAgent,diskio_read_bytes,name=nvme0n1,average,520192.0
2026-09-30T11:02:00+00:00,backend,CWAgent,diskio_read_bytes,name=nvme0n1,average,32768.0
2026-09-30T11:03:00+00:00,backend,CWAgent,diskio_read_bytes,name=nvme0n1,average,536576.0
2026-09-30T11:04:00+00:00,backend,CWAgent,diskio_read_bytes,name=nvme0n1,average,208896.0
2026-09-30T11:05:00+00:00,backend,CWAgent,diskio_read_bytes,name=nvme0n1,average,491520.0
2026-09-30T11:06:00+00:00,backend,CWAgent,diskio_read_bytes,name=nvme0n1,average,56496128.0
2026-09-30T11:07:00+00:00,backend,CWAgent,diskio_read_bytes,name=nvme0n1,average,1617920.0
2026-09-30T11:08:00+00:00,backend,CWAgent,diskio_read_bytes,name=nvme0n1,average,2662400.0
2026-09-30T11:09:00+00:00,backend,CWAgent,diskio_read_bytes,name=nvme0n1,average,618496.0
2026-09-30T11:10:00+00:00,backend,CWAgent,diskio_read_bytes,name=nvme0n1,average,7671808.0
2026-09-30T10:58:00+00:00,backend,CWAgent,diskio_read_bytes,name=nvme0n1,maximum,327680.0
2026-09-30T10:59:00+00:00,backend,CWAgent,diskio_read_bytes,name=nvme0n1,maximum,1089536.0
2026-09-30T11:00:00+00:00,backend,CWAgent,diskio_read_bytes,name=nvme0n1,maximum,20357120.0
2026-09-30T11:01:00+00:00,backend,CWAgent,diskio_read_bytes,name=nvme0n1,maximum,520192.0
2026-09-30T11:02:00+00:00,backend,CWAgent,diskio_read_bytes,name=nvme0n1,maximum,32768.0
2026-09-30T11:03:00+00:00,backend,CWAgent,diskio_read_bytes,name=nvme0n1,maximum,536576.0
2026-09-30T11:04:00+00:00,backend,CWAgent,diskio_read_bytes,name=nvme0n1,maximum,208896.0
2026-09-30T11:05:00+00:00,backend,CWAgent,diskio_read_bytes,name=nvme0n1,maximum,491520.0
2026-09-30T11:06:00+00:00,backend,CWAgent,diskio_read_bytes,name=nvme0n1,maximum,56496128.0
2026-09-30T11:07:00+00:00,backend,CWAgent,diskio_read_bytes,name=nvme0n1,maximum,1617920.0
2026-09-30T11:08:00+00:00,backend,CWAgent,diskio_read_bytes,name=nvme0n1,maximum,2662400.0
2026-09-30T11:09:00+00:00,backend,CWAgent,diskio_read_bytes,name=nvme0n1,maximum,618496.0
2026-09-30T11:10:00+00:00,backend,CWAgent,diskio_read_bytes,name=nvme0n1,maximum,7671808.0
2026-09-30T10:58:00+00:00,backend,CWAgent,net_bytes_recv,interface=docker0,average,0.0
2026-09-30T10:59:00+00:00,backend,CWAgent,net_bytes_recv,interface=docker0,average,0.0
2026-09-30T11:00:00+00:00,backend,CWAgent,net_bytes_recv,interface=docker0,average,0.0
2026-09-30T11:01:00+00:00,backend,CWAgent,net_bytes_recv,interface=docker0,average,0.0
2026-09-30T11:02:00+00:00,backend,CWAgent,net_bytes_recv,interface=docker0,average,0.0
2026-09-30T11:03:00+00:00,backend,CWAgent,net_bytes_recv,interface=docker0,average,0.0
2026-09-30T11:04:00+00:00,backend,CWAgent,net_bytes_recv,interface=docker0,average,0.0
2026-09-30T11:05:00+00:00,backend,CWAgent,net_bytes_recv,interface=docker0,average,0.0
2026-09-30T11:06:00+00:00,backend,CWAgent,net_bytes_recv,interface=docker0,average,0.0
2026-09-30T11:07:00+00:00,backend,CWAgent,net_bytes_recv,interface=docker0,average,0.0
2026-09-30T11:08:00+00:00,backend,CWAgent,net_bytes_recv,interface=docker0,average,0.0
2026-09-30T11:09:00+00:00,backend,CWAgent,net_bytes_recv,interface=docker0,average,0.0
2026-09-30T11:10:00+00:00,backend,CWAgent,net_bytes_recv,interface=docker0,average,0.0
2026-09-30T10:58:00+00:00,backend,CWAgent,net_bytes_recv,interface=docker0,maximum,0.0
2026-09-30T10:59:00+00:00,backend,CWAgent,net_bytes_recv,interface=docker0,maximum,0.0
2026-09-30T11:00:00+00:00,backend,CWAgent,net_bytes_recv,interface=docker0,maximum,0.0
2026-09-30T11:01:00+00:00,backend,CWAgent,net_bytes_recv,interface=docker0,maximum,0.0
2026-09-30T11:02:00+00:00,backend,CWAgent,net_bytes_recv,interface=docker0,maximum,0.0
2026-09-30T11:03:00+00:00,backend,CWAgent,net_bytes_recv,interface=docker0,maximum,0.0
2026-09-30T11:04:00+00:00,backend,CWAgent,net_bytes_recv,interface=docker0,maximum,0.0
2026-09-30T11:05:00+00:00,backend,CWAgent,net_bytes_recv,interface=docker0,maximum,0.0
2026-09-30T11:06:00+00:00,backend,CWAgent,net_bytes_recv,interface=docker0,maximum,0.0
2026-09-30T11:07:00+00:00,backend,CWAgent,net_bytes_recv,interface=docker0,maximum,0.0
2026-09-30T11:08:00+00:00,backend,CWAgent,net_bytes_recv,interface=docker0,maximum,0.0
2026-09-30T11:09:00+00:00,backend,CWAgent,net_bytes_recv,interface=docker0,maximum,0.0
2026-09-30T11:10:00+00:00,backend,CWAgent,net_bytes_recv,interface=docker0,maximum,0.0
2026-09-30T10:58:00+00:00,backend,CWAgent,net_bytes_recv,interface=ens5,average,824297.0
2026-09-30T10:59:00+00:00,backend,CWAgent,net_bytes_recv,interface=ens5,average,16423.0
2026-09-30T11:00:00+00:00,backend,CWAgent,net_bytes_recv,interface=ens5,average,885368.0
2026-09-30T11:01:00+00:00,backend,CWAgent,net_bytes_recv,interface=ens5,average,5610740.0
2026-09-30T11:02:00+00:00,backend,CWAgent,net_bytes_recv,interface=ens5,average,11015970.0
2026-09-30T11:03:00+00:00,backend,CWAgent,net_bytes_recv,interface=ens5,average,12003485.0
2026-09-30T11:04:00+00:00,backend,CWAgent,net_bytes_recv,interface=ens5,average,12038727.0
2026-09-30T11:05:00+00:00,backend,CWAgent,net_bytes_recv,interface=ens5,average,12031939.0
2026-09-30T11:06:00+00:00,backend,CWAgent,net_bytes_recv,interface=ens5,average,8515691.0
2026-09-30T11:07:00+00:00,backend,CWAgent,net_bytes_recv,interface=ens5,average,8659961.0
2026-09-30T11:08:00+00:00,backend,CWAgent,net_bytes_recv,interface=ens5,average,6829211.0
2026-09-30T11:09:00+00:00,backend,CWAgent,net_bytes_recv,interface=ens5,average,1322682.0
2026-09-30T11:10:00+00:00,backend,CWAgent,net_bytes_recv,interface=ens5,average,16261.0
2026-09-30T10:58:00+00:00,backend,CWAgent,net_bytes_recv,interface=ens5,maximum,824297.0
2026-09-30T10:59:00+00:00,backend,CWAgent,net_bytes_recv,interface=ens5,maximum,16423.0
2026-09-30T11:00:00+00:00,backend,CWAgent,net_bytes_recv,interface=ens5,maximum,885368.0
2026-09-30T11:01:00+00:00,backend,CWAgent,net_bytes_recv,interface=ens5,maximum,5610740.0
2026-09-30T11:02:00+00:00,backend,CWAgent,net_bytes_recv,interface=ens5,maximum,11015970.0
2026-09-30T11:03:00+00:00,backend,CWAgent,net_bytes_recv,interface=ens5,maximum,12003485.0
2026-09-30T11:04:00+00:00,backend,CWAgent,net_bytes_recv,interface=ens5,maximum,12038727.0
2026-09-30T11:05:00+00:00,backend,CWAgent,net_bytes_recv,interface=ens5,maximum,12031939.0
2026-09-30T11:06:00+00:00,backend,CWAgent,net_bytes_recv,interface=ens5,maximum,8515691.0
2026-09-30T11:07:00+00:00,backend,CWAgent,net_bytes_recv,interface=ens5,maximum,8659961.0
2026-09-30T11:08:00+00:00,backend,CWAgent,net_bytes_recv,interface=ens5,maximum,6829211.0
2026-09-30T11:09:00+00:00,backend,CWAgent,net_bytes_recv,interface=ens5,maximum,1322682.0
2026-09-30T11:10:00+00:00,backend,CWAgent,net_bytes_recv,interface=ens5,maximum,16261.0
2026-09-30T10:58:00+00:00,backend,CWAgent,diskio_read_bytes,name=nvme0n1p14,average,0.0
2026-09-30T10:59:00+00:00,backend,CWAgent,diskio_read_bytes,name=nvme0n1p14,average,0.0
2026-09-30T11:00:00+00:00,backend,CWAgent,diskio_read_bytes,name=nvme0n1p14,average,0.0
2026-09-30T11:01:00+00:00,backend,CWAgent,diskio_read_bytes,name=nvme0n1p14,average,0.0
2026-09-30T11:02:00+00:00,backend,CWAgent,diskio_read_bytes,name=nvme0n1p14,average,0.0
2026-09-30T11:03:00+00:00,backend,CWAgent,diskio_read_bytes,name=nvme0n1p14,average,0.0
2026-09-30T11:04:00+00:00,backend,CWAgent,diskio_read_bytes,name=nvme0n1p14,average,0.0
2026-09-30T11:05:00+00:00,backend,CWAgent,diskio_read_bytes,name=nvme0n1p14,average,0.0
2026-09-30T11:06:00+00:00,backend,CWAgent,diskio_read_bytes,name=nvme0n1p14,average,0.0
2026-09-30T11:07:00+00:00,backend,CWAgent,diskio_read_bytes,name=nvme0n1p14,average,0.0
2026-09-30T11:08:00+00:00,backend,CWAgent,diskio_read_bytes,name=nvme0n1p14,average,0.0
2026-09-30T11:09:00+00:00,backend,CWAgent,diskio_read_bytes,name=nvme0n1p14,average,0.0
2026-09-30T11:10:00+00:00,backend,CWAgent,diskio_read_bytes,name=nvme0n1p14,average,0.0
2026-09-30T10:58:00+00:00,backend,CWAgent,diskio_read_bytes,name=nvme0n1p14,maximum,0.0
2026-09-30T10:59:00+00:00,backend,CWAgent,diskio_read_bytes,name=nvme0n1p14,maximum,0.0
2026-09-30T11:00:00+00:00,backend,CWAgent,diskio_read_bytes,name=nvme0n1p14,maximum,0.0
2026-09-30T11:01:00+00:00,backend,CWAgent,diskio_read_bytes,name=nvme0n1p14,maximum,0.0
2026-09-30T11:02:00+00:00,backend,CWAgent,diskio_read_bytes,name=nvme0n1p14,maximum,0.0
2026-09-30T11:03:00+00:00,backend,CWAgent,diskio_read_bytes,name=nvme0n1p14,maximum,0.0
2026-09-30T11:04:00+00:00,backend,CWAgent,diskio_read_bytes,name=nvme0n1p14,maximum,0.0
2026-09-30T11:05:00+00:00,backend,CWAgent,diskio_read_bytes,name=nvme0n1p14,maximum,0.0
2026-09-30T11:06:00+00:00,backend,CWAgent,diskio_read_bytes,name=nvme0n1p14,maximum,0.0
2026-09-30T11:07:00+00:00,backend,CWAgent,diskio_read_bytes,name=nvme0n1p14,maximum,0.0
2026-09-30T11:08:00+00:00,backend,CWAgent,diskio_read_bytes,name=nvme0n1p14,maximum,0.0
2026-09-30T11:09:00+00:00,backend,CWAgent,diskio_read_bytes,name=nvme0n1p14,maximum,0.0
2026-09-30T11:10:00+00:00,backend,CWAgent,diskio_read_bytes,name=nvme0n1p14,maximum,0.0
2026-09-30T10:58:00+00:00,backend,CWAgent,procstat_cpu_usage,exe=dockerd;process_name=dockerd,average,0.11666492462212386
2026-09-30T10:59:00+00:00,backend,CWAgent,procstat_cpu_usage,exe=dockerd;process_name=dockerd,average,0.08332873655357978
2026-09-30T11:00:00+00:00,backend,CWAgent,procstat_cpu_usage,exe=dockerd;process_name=dockerd,average,0.10000397235612106
2026-09-30T11:01:00+00:00,backend,CWAgent,procstat_cpu_usage,exe=dockerd;process_name=dockerd,average,0.09998919903339934
2026-09-30T11:02:00+00:00,backend,CWAgent,procstat_cpu_usage,exe=dockerd;process_name=dockerd,average,0.10001307412577465
2026-09-30T11:03:00+00:00,backend,CWAgent,procstat_cpu_usage,exe=dockerd;process_name=dockerd,average,0.06666941337982707
2026-09-30T11:04:00+00:00,backend,CWAgent,procstat_cpu_usage,exe=dockerd;process_name=dockerd,average,0.1333220912368574
2026-09-30T11:05:00+00:00,backend,CWAgent,procstat_cpu_usage,exe=dockerd;process_name=dockerd,average,0.0666645037568402
2026-09-30T11:06:00+00:00,backend,CWAgent,procstat_cpu_usage,exe=dockerd;process_name=dockerd,average,0.1333192689592648
2026-09-30T11:07:00+00:00,backend,CWAgent,procstat_cpu_usage,exe=dockerd;process_name=dockerd,average,0.06667375113832022
2026-09-30T11:08:00+00:00,backend,CWAgent,procstat_cpu_usage,exe=dockerd;process_name=dockerd,average,0.11667242850538076
2026-09-30T11:09:00+00:00,backend,CWAgent,procstat_cpu_usage,exe=dockerd;process_name=dockerd,average,0.08333752154659528
2026-09-30T11:10:00+00:00,backend,CWAgent,procstat_cpu_usage,exe=dockerd;process_name=dockerd,average,0.11666573023362208
2026-09-30T10:58:00+00:00,backend,CWAgent,procstat_cpu_usage,exe=dockerd;process_name=dockerd,maximum,0.11666492462212386
2026-09-30T10:59:00+00:00,backend,CWAgent,procstat_cpu_usage,exe=dockerd;process_name=dockerd,maximum,0.08332873655357978
2026-09-30T11:00:00+00:00,backend,CWAgent,procstat_cpu_usage,exe=dockerd;process_name=dockerd,maximum,0.10000397235612106
2026-09-30T11:01:00+00:00,backend,CWAgent,procstat_cpu_usage,exe=dockerd;process_name=dockerd,maximum,0.09998919903339934
2026-09-30T11:02:00+00:00,backend,CWAgent,procstat_cpu_usage,exe=dockerd;process_name=dockerd,maximum,0.10001307412577465
2026-09-30T11:03:00+00:00,backend,CWAgent,procstat_cpu_usage,exe=dockerd;process_name=dockerd,maximum,0.06666941337982707
2026-09-30T11:04:00+00:00,backend,CWAgent,procstat_cpu_usage,exe=dockerd;process_name=dockerd,maximum,0.1333220912368574
2026-09-30T11:05:00+00:00,backend,CWAgent,procstat_cpu_usage,exe=dockerd;process_name=dockerd,maximum,0.0666645037568402
2026-09-30T11:06:00+00:00,backend,CWAgent,procstat_cpu_usage,exe=dockerd;process_name=dockerd,maximum,0.1333192689592648
2026-09-30T11:07:00+00:00,backend,CWAgent,procstat_cpu_usage,exe=dockerd;process_name=dockerd,maximum,0.06667375113832022
2026-09-30T11:08:00+00:00,backend,CWAgent,procstat_cpu_usage,exe=dockerd;process_name=dockerd,maximum,0.11667242850538076
2026-09-30T11:09:00+00:00,backend,CWAgent,procstat_cpu_usage,exe=dockerd;process_name=dockerd,maximum,0.08333752154659528
2026-09-30T11:10:00+00:00,backend,CWAgent,procstat_cpu_usage,exe=dockerd;process_name=dockerd,maximum,0.11666573023362208
2026-09-30T10:58:00+00:00,backend,CWAgent,diskio_read_bytes,name=nvme0n1p1,average,327680.0
2026-09-30T10:59:00+00:00,backend,CWAgent,diskio_read_bytes,name=nvme0n1p1,average,1089536.0
2026-09-30T11:00:00+00:00,backend,CWAgent,diskio_read_bytes,name=nvme0n1p1,average,20357120.0
2026-09-30T11:01:00+00:00,backend,CWAgent,diskio_read_bytes,name=nvme0n1p1,average,520192.0
2026-09-30T11:02:00+00:00,backend,CWAgent,diskio_read_bytes,name=nvme0n1p1,average,32768.0
2026-09-30T11:03:00+00:00,backend,CWAgent,diskio_read_bytes,name=nvme0n1p1,average,536576.0
2026-09-30T11:04:00+00:00,backend,CWAgent,diskio_read_bytes,name=nvme0n1p1,average,208896.0
2026-09-30T11:05:00+00:00,backend,CWAgent,diskio_read_bytes,name=nvme0n1p1,average,491520.0
2026-09-30T11:06:00+00:00,backend,CWAgent,diskio_read_bytes,name=nvme0n1p1,average,56496128.0
2026-09-30T11:07:00+00:00,backend,CWAgent,diskio_read_bytes,name=nvme0n1p1,average,1617920.0
2026-09-30T11:08:00+00:00,backend,CWAgent,diskio_read_bytes,name=nvme0n1p1,average,2662400.0
2026-09-30T11:09:00+00:00,backend,CWAgent,diskio_read_bytes,name=nvme0n1p1,average,618496.0
2026-09-30T11:10:00+00:00,backend,CWAgent,diskio_read_bytes,name=nvme0n1p1,average,7671808.0
2026-09-30T10:58:00+00:00,backend,CWAgent,diskio_read_bytes,name=nvme0n1p1,maximum,327680.0
2026-09-30T10:59:00+00:00,backend,CWAgent,diskio_read_bytes,name=nvme0n1p1,maximum,1089536.0
2026-09-30T11:00:00+00:00,backend,CWAgent,diskio_read_bytes,name=nvme0n1p1,maximum,20357120.0
2026-09-30T11:01:00+00:00,backend,CWAgent,diskio_read_bytes,name=nvme0n1p1,maximum,520192.0
2026-09-30T11:02:00+00:00,backend,CWAgent,diskio_read_bytes,name=nvme0n1p1,maximum,32768.0
2026-09-30T11:03:00+00:00,backend,CWAgent,diskio_read_bytes,name=nvme0n1p1,maximum,536576.0
2026-09-30T11:04:00+00:00,backend,CWAgent,diskio_read_bytes,name=nvme0n1p1,maximum,208896.0
2026-09-30T11:05:00+00:00,backend,CWAgent,diskio_read_bytes,name=nvme0n1p1,maximum,491520.0
2026-09-30T11:06:00+00:00,backend,CWAgent,diskio_read_bytes,name=nvme0n1p1,maximum,56496128.0
2026-09-30T11:07:00+00:00,backend,CWAgent,diskio_read_bytes,name=nvme0n1p1,maximum,1617920.0
2026-09-30T11:08:00+00:00,backend,CWAgent,diskio_read_bytes,name=nvme0n1p1,maximum,2662400.0
2026-09-30T11:09:00+00:00,backend,CWAgent,diskio_read_bytes,name=nvme0n1p1,maximum,618496.0
2026-09-30T11:10:00+00:00,backend,CWAgent,diskio_read_bytes,name=nvme0n1p1,maximum,7671808.0
2026-09-30T10:58:00+00:00,backend,CWAgent,cpu_usage_steal,cpu=cpu-total,average,0.15075376884421307
2026-09-30T10:59:00+00:00,backend,CWAgent,cpu_usage_steal,cpu=cpu-total,average,0.07515030060120854
2026-09-30T11:00:00+00:00,backend,CWAgent,cpu_usage_steal,cpu=cpu-total,average,0.33425252778474085
2026-09-30T11:01:00+00:00,backend,CWAgent,cpu_usage_steal,cpu=cpu-total,average,0.8408357397655954
2026-09-30T11:02:00+00:00,backend,CWAgent,cpu_usage_steal,cpu=cpu-total,average,0.6071489652813356
2026-09-30T11:03:00+00:00,backend,CWAgent,cpu_usage_steal,cpu=cpu-total,average,0.3684030157642236
2026-09-30T11:04:00+00:00,backend,CWAgent,cpu_usage_steal,cpu=cpu-total,average,0.35090722355356324
2026-09-30T11:05:00+00:00,backend,CWAgent,cpu_usage_steal,cpu=cpu-total,average,0.5994177085117399
2026-09-30T11:06:00+00:00,backend,CWAgent,cpu_usage_steal,cpu=cpu-total,average,1.0509500588532148
2026-09-30T11:07:00+00:00,backend,CWAgent,cpu_usage_steal,cpu=cpu-total,average,0.03366436626831035
2026-09-30T11:08:00+00:00,backend,CWAgent,cpu_usage_steal,cpu=cpu-total,average,0.2558199027884336
2026-09-30T11:09:00+00:00,backend,CWAgent,cpu_usage_steal,cpu=cpu-total,average,0.2098371663589065
2026-09-30T11:10:00+00:00,backend,CWAgent,cpu_usage_steal,cpu=cpu-total,average,0.18371607515657526
2026-09-30T10:58:00+00:00,backend,CWAgent,cpu_usage_steal,cpu=cpu-total,maximum,0.15075376884421307
2026-09-30T10:59:00+00:00,backend,CWAgent,cpu_usage_steal,cpu=cpu-total,maximum,0.07515030060120854
2026-09-30T11:00:00+00:00,backend,CWAgent,cpu_usage_steal,cpu=cpu-total,maximum,0.33425252778474085
2026-09-30T11:01:00+00:00,backend,CWAgent,cpu_usage_steal,cpu=cpu-total,maximum,0.8408357397655954
2026-09-30T11:02:00+00:00,backend,CWAgent,cpu_usage_steal,cpu=cpu-total,maximum,0.6071489652813356
2026-09-30T11:03:00+00:00,backend,CWAgent,cpu_usage_steal,cpu=cpu-total,maximum,0.3684030157642236
2026-09-30T11:04:00+00:00,backend,CWAgent,cpu_usage_steal,cpu=cpu-total,maximum,0.35090722355356324
2026-09-30T11:05:00+00:00,backend,CWAgent,cpu_usage_steal,cpu=cpu-total,maximum,0.5994177085117399
2026-09-30T11:06:00+00:00,backend,CWAgent,cpu_usage_steal,cpu=cpu-total,maximum,1.0509500588532148
2026-09-30T11:07:00+00:00,backend,CWAgent,cpu_usage_steal,cpu=cpu-total,maximum,0.03366436626831035
2026-09-30T11:08:00+00:00,backend,CWAgent,cpu_usage_steal,cpu=cpu-total,maximum,0.2558199027884336
2026-09-30T11:09:00+00:00,backend,CWAgent,cpu_usage_steal,cpu=cpu-total,maximum,0.2098371663589065
2026-09-30T11:10:00+00:00,backend,CWAgent,cpu_usage_steal,cpu=cpu-total,maximum,0.18371607515657526
2026-09-30T10:58:00+00:00,backend,CWAgent,diskio_write_bytes,name=nvme0n1p14,average,0.0
2026-09-30T10:59:00+00:00,backend,CWAgent,diskio_write_bytes,name=nvme0n1p14,average,0.0
2026-09-30T11:00:00+00:00,backend,CWAgent,diskio_write_bytes,name=nvme0n1p14,average,0.0
2026-09-30T11:01:00+00:00,backend,CWAgent,diskio_write_bytes,name=nvme0n1p14,average,0.0
2026-09-30T11:02:00+00:00,backend,CWAgent,diskio_write_bytes,name=nvme0n1p14,average,0.0
2026-09-30T11:03:00+00:00,backend,CWAgent,diskio_write_bytes,name=nvme0n1p14,average,0.0
2026-09-30T11:04:00+00:00,backend,CWAgent,diskio_write_bytes,name=nvme0n1p14,average,0.0
2026-09-30T11:05:00+00:00,backend,CWAgent,diskio_write_bytes,name=nvme0n1p14,average,0.0
2026-09-30T11:06:00+00:00,backend,CWAgent,diskio_write_bytes,name=nvme0n1p14,average,0.0
2026-09-30T11:07:00+00:00,backend,CWAgent,diskio_write_bytes,name=nvme0n1p14,average,0.0
2026-09-30T11:08:00+00:00,backend,CWAgent,diskio_write_bytes,name=nvme0n1p14,average,0.0
2026-09-30T11:09:00+00:00,backend,CWAgent,diskio_write_bytes,name=nvme0n1p14,average,0.0
2026-09-30T11:10:00+00:00,backend,CWAgent,diskio_write_bytes,name=nvme0n1p14,average,0.0
2026-09-30T10:58:00+00:00,backend,CWAgent,diskio_write_bytes,name=nvme0n1p14,maximum,0.0
2026-09-30T10:59:00+00:00,backend,CWAgent,diskio_write_bytes,name=nvme0n1p14,maximum,0.0
2026-09-30T11:00:00+00:00,backend,CWAgent,diskio_write_bytes,name=nvme0n1p14,maximum,0.0
2026-09-30T11:01:00+00:00,backend,CWAgent,diskio_write_bytes,name=nvme0n1p14,maximum,0.0
2026-09-30T11:02:00+00:00,backend,CWAgent,diskio_write_bytes,name=nvme0n1p14,maximum,0.0
2026-09-30T11:03:00+00:00,backend,CWAgent,diskio_write_bytes,name=nvme0n1p14,maximum,0.0
2026-09-30T11:04:00+00:00,backend,CWAgent,diskio_write_bytes,name=nvme0n1p14,maximum,0.0
2026-09-30T11:05:00+00:00,backend,CWAgent,diskio_write_bytes,name=nvme0n1p14,maximum,0.0
2026-09-30T11:06:00+00:00,backend,CWAgent,diskio_write_bytes,name=nvme0n1p14,maximum,0.0
2026-09-30T11:07:00+00:00,backend,CWAgent,diskio_write_bytes,name=nvme0n1p14,maximum,0.0
2026-09-30T11:08:00+00:00,backend,CWAgent,diskio_write_bytes,name=nvme0n1p14,maximum,0.0
2026-09-30T11:09:00+00:00,backend,CWAgent,diskio_write_bytes,name=nvme0n1p14,maximum,0.0
2026-09-30T11:10:00+00:00,backend,CWAgent,diskio_write_bytes,name=nvme0n1p14,maximum,0.0
2026-09-30T10:58:00+00:00,backend,CWAgent,diskio_writes,name=nvme0n1,average,52.0
2026-09-30T10:59:00+00:00,backend,CWAgent,diskio_writes,name=nvme0n1,average,34.0
2026-09-30T11:00:00+00:00,backend,CWAgent,diskio_writes,name=nvme0n1,average,158.0
2026-09-30T11:01:00+00:00,backend,CWAgent,diskio_writes,name=nvme0n1,average,54.0
2026-09-30T11:02:00+00:00,backend,CWAgent,diskio_writes,name=nvme0n1,average,54.0
2026-09-30T11:03:00+00:00,backend,CWAgent,diskio_writes,name=nvme0n1,average,61.0
2026-09-30T11:04:00+00:00,backend,CWAgent,diskio_writes,name=nvme0n1,average,60.0
2026-09-30T11:05:00+00:00,backend,CWAgent,diskio_writes,name=nvme0n1,average,59.0
2026-09-30T11:06:00+00:00,backend,CWAgent,diskio_writes,name=nvme0n1,average,490.0
2026-09-30T11:07:00+00:00,backend,CWAgent,diskio_writes,name=nvme0n1,average,163.0
2026-09-30T11:08:00+00:00,backend,CWAgent,diskio_writes,name=nvme0n1,average,53.0
2026-09-30T11:09:00+00:00,backend,CWAgent,diskio_writes,name=nvme0n1,average,62.0
2026-09-30T11:10:00+00:00,backend,CWAgent,diskio_writes,name=nvme0n1,average,37.0
2026-09-30T10:58:00+00:00,backend,CWAgent,diskio_writes,name=nvme0n1,maximum,52.0
2026-09-30T10:59:00+00:00,backend,CWAgent,diskio_writes,name=nvme0n1,maximum,34.0
2026-09-30T11:00:00+00:00,backend,CWAgent,diskio_writes,name=nvme0n1,maximum,158.0
2026-09-30T11:01:00+00:00,backend,CWAgent,diskio_writes,name=nvme0n1,maximum,54.0
2026-09-30T11:02:00+00:00,backend,CWAgent,diskio_writes,name=nvme0n1,maximum,54.0
2026-09-30T11:03:00+00:00,backend,CWAgent,diskio_writes,name=nvme0n1,maximum,61.0
2026-09-30T11:04:00+00:00,backend,CWAgent,diskio_writes,name=nvme0n1,maximum,60.0
2026-09-30T11:05:00+00:00,backend,CWAgent,diskio_writes,name=nvme0n1,maximum,59.0
2026-09-30T11:06:00+00:00,backend,CWAgent,diskio_writes,name=nvme0n1,maximum,490.0
2026-09-30T11:07:00+00:00,backend,CWAgent,diskio_writes,name=nvme0n1,maximum,163.0
2026-09-30T11:08:00+00:00,backend,CWAgent,diskio_writes,name=nvme0n1,maximum,53.0
2026-09-30T11:09:00+00:00,backend,CWAgent,diskio_writes,name=nvme0n1,maximum,62.0
2026-09-30T11:10:00+00:00,backend,CWAgent,diskio_writes,name=nvme0n1,maximum,37.0
2026-09-30T10:58:00+00:00,backend,CWAgent,diskio_reads,name=nvme0n1p1,average,32.0
2026-09-30T10:59:00+00:00,backend,CWAgent,diskio_reads,name=nvme0n1p1,average,43.0
2026-09-30T11:00:00+00:00,backend,CWAgent,diskio_reads,name=nvme0n1p1,average,1007.0
2026-09-30T11:01:00+00:00,backend,CWAgent,diskio_reads,name=nvme0n1p1,average,70.0
2026-09-30T11:02:00+00:00,backend,CWAgent,diskio_reads,name=nvme0n1p1,average,8.0
2026-09-30T11:03:00+00:00,backend,CWAgent,diskio_reads,name=nvme0n1p1,average,59.0
2026-09-30T11:04:00+00:00,backend,CWAgent,diskio_reads,name=nvme0n1p1,average,13.0
2026-09-30T11:05:00+00:00,backend,CWAgent,diskio_reads,name=nvme0n1p1,average,14.0
2026-09-30T11:06:00+00:00,backend,CWAgent,diskio_reads,name=nvme0n1p1,average,8388.0
2026-09-30T11:07:00+00:00,backend,CWAgent,diskio_reads,name=nvme0n1p1,average,138.0
2026-09-30T11:08:00+00:00,backend,CWAgent,diskio_reads,name=nvme0n1p1,average,148.0
2026-09-30T11:09:00+00:00,backend,CWAgent,diskio_reads,name=nvme0n1p1,average,40.0
2026-09-30T11:10:00+00:00,backend,CWAgent,diskio_reads,name=nvme0n1p1,average,800.0
2026-09-30T10:58:00+00:00,backend,CWAgent,diskio_reads,name=nvme0n1p1,maximum,32.0
2026-09-30T10:59:00+00:00,backend,CWAgent,diskio_reads,name=nvme0n1p1,maximum,43.0
2026-09-30T11:00:00+00:00,backend,CWAgent,diskio_reads,name=nvme0n1p1,maximum,1007.0
2026-09-30T11:01:00+00:00,backend,CWAgent,diskio_reads,name=nvme0n1p1,maximum,70.0
2026-09-30T11:02:00+00:00,backend,CWAgent,diskio_reads,name=nvme0n1p1,maximum,8.0
2026-09-30T11:03:00+00:00,backend,CWAgent,diskio_reads,name=nvme0n1p1,maximum,59.0
2026-09-30T11:04:00+00:00,backend,CWAgent,diskio_reads,name=nvme0n1p1,maximum,13.0
2026-09-30T11:05:00+00:00,backend,CWAgent,diskio_reads,name=nvme0n1p1,maximum,14.0
2026-09-30T11:06:00+00:00,backend,CWAgent,diskio_reads,name=nvme0n1p1,maximum,8388.0
2026-09-30T11:07:00+00:00,backend,CWAgent,diskio_reads,name=nvme0n1p1,maximum,138.0
2026-09-30T11:08:00+00:00,backend,CWAgent,diskio_reads,name=nvme0n1p1,maximum,148.0
2026-09-30T11:09:00+00:00,backend,CWAgent,diskio_reads,name=nvme0n1p1,maximum,40.0
2026-09-30T11:10:00+00:00,backend,CWAgent,diskio_reads,name=nvme0n1p1,maximum,800.0
2026-09-30T10:58:00+00:00,backend,CWAgent,procstat_cpu_usage,exe=amazon-cloudwatch-agent;process_name=amazon-cloudwatch-agent,average,0.38332496108813174
2026-09-30T10:59:00+00:00,backend,CWAgent,procstat_cpu_usage,exe=amazon-cloudwatch-agent;process_name=amazon-cloudwatch-agent,average,0.36666556469608774
2026-09-30T11:00:00+00:00,backend,CWAgent,procstat_cpu_usage,exe=amazon-cloudwatch-agent;process_name=amazon-cloudwatch-agent,average,0.3833368967692429
2026-09-30T11:01:00+00:00,backend,CWAgent,procstat_cpu_usage,exe=amazon-cloudwatch-agent;process_name=amazon-cloudwatch-agent,average,0.3332813415162725
2026-09-30T11:02:00+00:00,backend,CWAgent,procstat_cpu_usage,exe=amazon-cloudwatch-agent;process_name=amazon-cloudwatch-agent,average,0.31671622484850326
2026-09-30T11:03:00+00:00,backend,CWAgent,procstat_cpu_usage,exe=amazon-cloudwatch-agent;process_name=amazon-cloudwatch-agent,average,0.3166459060839215
2026-09-30T11:04:00+00:00,backend,CWAgent,procstat_cpu_usage,exe=amazon-cloudwatch-agent;process_name=amazon-cloudwatch-agent,average,0.3333343842199845
2026-09-30T11:05:00+00:00,backend,CWAgent,procstat_cpu_usage,exe=amazon-cloudwatch-agent;process_name=amazon-cloudwatch-agent,average,0.3166581960493633
2026-09-30T11:06:00+00:00,backend,CWAgent,procstat_cpu_usage,exe=amazon-cloudwatch-agent;process_name=amazon-cloudwatch-agent,average,0.3499495935638341
2026-09-30T11:07:00+00:00,backend,CWAgent,procstat_cpu_usage,exe=amazon-cloudwatch-agent;process_name=amazon-cloudwatch-agent,average,0.3333782549196906
2026-09-30T11:08:00+00:00,backend,CWAgent,procstat_cpu_usage,exe=amazon-cloudwatch-agent;process_name=amazon-cloudwatch-agent,average,0.3500223189573345
2026-09-30T11:09:00+00:00,backend,CWAgent,procstat_cpu_usage,exe=amazon-cloudwatch-agent;process_name=amazon-cloudwatch-agent,average,0.36667575100339456
2026-09-30T11:10:00+00:00,backend,CWAgent,procstat_cpu_usage,exe=amazon-cloudwatch-agent;process_name=amazon-cloudwatch-agent,average,0.36664174083344897
2026-09-30T10:58:00+00:00,backend,CWAgent,procstat_cpu_usage,exe=amazon-cloudwatch-agent;process_name=amazon-cloudwatch-agent,maximum,0.38332496108813174
2026-09-30T10:59:00+00:00,backend,CWAgent,procstat_cpu_usage,exe=amazon-cloudwatch-agent;process_name=amazon-cloudwatch-agent,maximum,0.36666556469608774
2026-09-30T11:00:00+00:00,backend,CWAgent,procstat_cpu_usage,exe=amazon-cloudwatch-agent;process_name=amazon-cloudwatch-agent,maximum,0.3833368967692429
2026-09-30T11:01:00+00:00,backend,CWAgent,procstat_cpu_usage,exe=amazon-cloudwatch-agent;process_name=amazon-cloudwatch-agent,maximum,0.3332813415162725
2026-09-30T11:02:00+00:00,backend,CWAgent,procstat_cpu_usage,exe=amazon-cloudwatch-agent;process_name=amazon-cloudwatch-agent,maximum,0.31671622484850326
2026-09-30T11:03:00+00:00,backend,CWAgent,procstat_cpu_usage,exe=amazon-cloudwatch-agent;process_name=amazon-cloudwatch-agent,maximum,0.3166459060839215
2026-09-30T11:04:00+00:00,backend,CWAgent,procstat_cpu_usage,exe=amazon-cloudwatch-agent;process_name=amazon-cloudwatch-agent,maximum,0.3333343842199845
2026-09-30T11:05:00+00:00,backend,CWAgent,procstat_cpu_usage,exe=amazon-cloudwatch-agent;process_name=amazon-cloudwatch-agent,maximum,0.3166581960493633
2026-09-30T11:06:00+00:00,backend,CWAgent,procstat_cpu_usage,exe=amazon-cloudwatch-agent;process_name=amazon-cloudwatch-agent,maximum,0.3499495935638341
2026-09-30T11:07:00+00:00,backend,CWAgent,procstat_cpu_usage,exe=amazon-cloudwatch-agent;process_name=amazon-cloudwatch-agent,maximum,0.3333782549196906
2026-09-30T11:08:00+00:00,backend,CWAgent,procstat_cpu_usage,exe=amazon-cloudwatch-agent;process_name=amazon-cloudwatch-agent,maximum,0.3500223189573345
2026-09-30T11:09:00+00:00,backend,CWAgent,procstat_cpu_usage,exe=amazon-cloudwatch-agent;process_name=amazon-cloudwatch-agent,maximum,0.36667575100339456
2026-09-30T11:10:00+00:00,backend,CWAgent,procstat_cpu_usage,exe=amazon-cloudwatch-agent;process_name=amazon-cloudwatch-agent,maximum,0.36664174083344897
2026-09-30T10:58:00+00:00,backend,CWAgent,cpu_usage_idle,cpu=cpu-total,average,96.82579564489043
2026-09-30T10:59:00+00:00,backend,CWAgent,cpu_usage_idle,cpu=cpu-total,average,98.9061456245844
2026-09-30T11:00:00+00:00,backend,CWAgent,cpu_usage_idle,cpu=cpu-total,average,96.3733600735355
2026-09-30T11:01:00+00:00,backend,CWAgent,cpu_usage_idle,cpu=cpu-total,average,83.22575165619132
2026-09-30T11:02:00+00:00,backend,CWAgent,cpu_usage_idle,cpu=cpu-total,average,71.15614845219865
2026-09-30T11:03:00+00:00,backend,CWAgent,cpu_usage_idle,cpu=cpu-total,average,69.01987662782675
2026-09-30T11:04:00+00:00,backend,CWAgent,cpu_usage_idle,cpu=cpu-total,average,69.91612461485765
2026-09-30T11:05:00+00:00,backend,CWAgent,cpu_usage_idle,cpu=cpu-total,average,69.91779414283151
2026-09-30T11:06:00+00:00,backend,CWAgent,cpu_usage_idle,cpu=cpu-total,average,6.894232386077701
2026-09-30T11:07:00+00:00,backend,CWAgent,cpu_usage_idle,cpu=cpu-total,average,5.285305504122918
2026-09-30T11:08:00+00:00,backend,CWAgent,cpu_usage_idle,cpu=cpu-total,average,81.30809243625977
2026-09-30T11:09:00+00:00,backend,CWAgent,cpu_usage_idle,cpu=cpu-total,average,95.41715628672222
2026-09-30T11:10:00+00:00,backend,CWAgent,cpu_usage_idle,cpu=cpu-total,average,98.55532359081457
2026-09-30T10:58:00+00:00,backend,CWAgent,cpu_usage_idle,cpu=cpu-total,maximum,96.82579564489043
2026-09-30T10:59:00+00:00,backend,CWAgent,cpu_usage_idle,cpu=cpu-total,maximum,98.9061456245844
2026-09-30T11:00:00+00:00,backend,CWAgent,cpu_usage_idle,cpu=cpu-total,maximum,96.3733600735355
2026-09-30T11:01:00+00:00,backend,CWAgent,cpu_usage_idle,cpu=cpu-total,maximum,83.22575165619132
2026-09-30T11:02:00+00:00,backend,CWAgent,cpu_usage_idle,cpu=cpu-total,maximum,71.15614845219865
2026-09-30T11:03:00+00:00,backend,CWAgent,cpu_usage_idle,cpu=cpu-total,maximum,69.01987662782675
2026-09-30T11:04:00+00:00,backend,CWAgent,cpu_usage_idle,cpu=cpu-total,maximum,69.91612461485765
2026-09-30T11:05:00+00:00,backend,CWAgent,cpu_usage_idle,cpu=cpu-total,maximum,69.91779414283151
2026-09-30T11:06:00+00:00,backend,CWAgent,cpu_usage_idle,cpu=cpu-total,maximum,6.894232386077701
2026-09-30T11:07:00+00:00,backend,CWAgent,cpu_usage_idle,cpu=cpu-total,maximum,5.285305504122918
2026-09-30T11:08:00+00:00,backend,CWAgent,cpu_usage_idle,cpu=cpu-total,maximum,81.30809243625977
2026-09-30T11:09:00+00:00,backend,CWAgent,cpu_usage_idle,cpu=cpu-total,maximum,95.41715628672222
2026-09-30T11:10:00+00:00,backend,CWAgent,cpu_usage_idle,cpu=cpu-total,maximum,98.55532359081457
2026-09-30T10:58:00+00:00,backend,CWAgent,net_bytes_sent,interface=ens5,average,3396985.0
2026-09-30T10:59:00+00:00,backend,CWAgent,net_bytes_sent,interface=ens5,average,55152.0
2026-09-30T11:00:00+00:00,backend,CWAgent,net_bytes_sent,interface=ens5,average,2827670.0
2026-09-30T11:01:00+00:00,backend,CWAgent,net_bytes_sent,interface=ens5,average,25574335.0
2026-09-30T11:02:00+00:00,backend,CWAgent,net_bytes_sent,interface=ens5,average,50034193.0
2026-09-30T11:03:00+00:00,backend,CWAgent,net_bytes_sent,interface=ens5,average,54867536.0
2026-09-30T11:04:00+00:00,backend,CWAgent,net_bytes_sent,interface=ens5,average,54926467.0
2026-09-30T11:05:00+00:00,backend,CWAgent,net_bytes_sent,interface=ens5,average,54881418.0
2026-09-30T11:06:00+00:00,backend,CWAgent,net_bytes_sent,interface=ens5,average,39070421.0
2026-09-30T11:07:00+00:00,backend,CWAgent,net_bytes_sent,interface=ens5,average,40608814.0
2026-09-30T11:08:00+00:00,backend,CWAgent,net_bytes_sent,interface=ens5,average,31099439.0
2026-09-30T11:09:00+00:00,backend,CWAgent,net_bytes_sent,interface=ens5,average,5666788.0
2026-09-30T11:10:00+00:00,backend,CWAgent,net_bytes_sent,interface=ens5,average,61860.0
2026-09-30T10:58:00+00:00,backend,CWAgent,net_bytes_sent,interface=ens5,maximum,3396985.0
2026-09-30T10:59:00+00:00,backend,CWAgent,net_bytes_sent,interface=ens5,maximum,55152.0
2026-09-30T11:00:00+00:00,backend,CWAgent,net_bytes_sent,interface=ens5,maximum,2827670.0
2026-09-30T11:01:00+00:00,backend,CWAgent,net_bytes_sent,interface=ens5,maximum,25574335.0
2026-09-30T11:02:00+00:00,backend,CWAgent,net_bytes_sent,interface=ens5,maximum,50034193.0
2026-09-30T11:03:00+00:00,backend,CWAgent,net_bytes_sent,interface=ens5,maximum,54867536.0
2026-09-30T11:04:00+00:00,backend,CWAgent,net_bytes_sent,interface=ens5,maximum,54926467.0
2026-09-30T11:05:00+00:00,backend,CWAgent,net_bytes_sent,interface=ens5,maximum,54881418.0
2026-09-30T11:06:00+00:00,backend,CWAgent,net_bytes_sent,interface=ens5,maximum,39070421.0
2026-09-30T11:07:00+00:00,backend,CWAgent,net_bytes_sent,interface=ens5,maximum,40608814.0
2026-09-30T11:08:00+00:00,backend,CWAgent,net_bytes_sent,interface=ens5,maximum,31099439.0
2026-09-30T11:09:00+00:00,backend,CWAgent,net_bytes_sent,interface=ens5,maximum,5666788.0
2026-09-30T11:10:00+00:00,backend,CWAgent,net_bytes_sent,interface=ens5,maximum,61860.0
2026-09-30T10:58:00+00:00,backend,CWAgent,diskio_write_bytes,name=nvme0n1p15,average,0.0
2026-09-30T10:59:00+00:00,backend,CWAgent,diskio_write_bytes,name=nvme0n1p15,average,0.0
2026-09-30T11:00:00+00:00,backend,CWAgent,diskio_write_bytes,name=nvme0n1p15,average,0.0
2026-09-30T11:01:00+00:00,backend,CWAgent,diskio_write_bytes,name=nvme0n1p15,average,0.0
2026-09-30T11:02:00+00:00,backend,CWAgent,diskio_write_bytes,name=nvme0n1p15,average,0.0
2026-09-30T11:03:00+00:00,backend,CWAgent,diskio_write_bytes,name=nvme0n1p15,average,0.0
2026-09-30T11:04:00+00:00,backend,CWAgent,diskio_write_bytes,name=nvme0n1p15,average,0.0
2026-09-30T11:05:00+00:00,backend,CWAgent,diskio_write_bytes,name=nvme0n1p15,average,0.0
2026-09-30T11:06:00+00:00,backend,CWAgent,diskio_write_bytes,name=nvme0n1p15,average,0.0
2026-09-30T11:07:00+00:00,backend,CWAgent,diskio_write_bytes,name=nvme0n1p15,average,0.0
2026-09-30T11:08:00+00:00,backend,CWAgent,diskio_write_bytes,name=nvme0n1p15,average,0.0
2026-09-30T11:09:00+00:00,backend,CWAgent,diskio_write_bytes,name=nvme0n1p15,average,0.0
2026-09-30T11:10:00+00:00,backend,CWAgent,diskio_write_bytes,name=nvme0n1p15,average,0.0
2026-09-30T10:58:00+00:00,backend,CWAgent,diskio_write_bytes,name=nvme0n1p15,maximum,0.0
2026-09-30T10:59:00+00:00,backend,CWAgent,diskio_write_bytes,name=nvme0n1p15,maximum,0.0
2026-09-30T11:00:00+00:00,backend,CWAgent,diskio_write_bytes,name=nvme0n1p15,maximum,0.0
2026-09-30T11:01:00+00:00,backend,CWAgent,diskio_write_bytes,name=nvme0n1p15,maximum,0.0
2026-09-30T11:02:00+00:00,backend,CWAgent,diskio_write_bytes,name=nvme0n1p15,maximum,0.0
2026-09-30T11:03:00+00:00,backend,CWAgent,diskio_write_bytes,name=nvme0n1p15,maximum,0.0
2026-09-30T11:04:00+00:00,backend,CWAgent,diskio_write_bytes,name=nvme0n1p15,maximum,0.0
2026-09-30T11:05:00+00:00,backend,CWAgent,diskio_write_bytes,name=nvme0n1p15,maximum,0.0
2026-09-30T11:06:00+00:00,backend,CWAgent,diskio_write_bytes,name=nvme0n1p15,maximum,0.0
2026-09-30T11:07:00+00:00,backend,CWAgent,diskio_write_bytes,name=nvme0n1p15,maximum,0.0
2026-09-30T11:08:00+00:00,backend,CWAgent,diskio_write_bytes,name=nvme0n1p15,maximum,0.0
2026-09-30T11:09:00+00:00,backend,CWAgent,diskio_write_bytes,name=nvme0n1p15,maximum,0.0
2026-09-30T11:10:00+00:00,backend,CWAgent,diskio_write_bytes,name=nvme0n1p15,maximum,0.0
2026-09-30T10:58:00+00:00,backend,CWAgent,cpu_usage_user,cpu=cpu-total,average,1.9681742043550088
2026-09-30T10:59:00+00:00,backend,CWAgent,cpu_usage_user,cpu=cpu-total,average,0.5678022712093527
2026-09-30T11:00:00+00:00,backend,CWAgent,cpu_usage_user,cpu=cpu-total,average,1.855101529205118
2026-09-30T11:01:00+00:00,backend,CWAgent,cpu_usage_user,cpu=cpu-total,average,10.251401392899925
2026-09-30T11:02:00+00:00,backend,CWAgent,cpu_usage_user,cpu=cpu-total,average,17.992132717632586
2026-09-30T11:03:00+00:00,backend,CWAgent,cpu_usage_user,cpu=cpu-total,average,19.41398217957534
2026-09-30T11:04:00+00:00,backend,CWAgent,cpu_usage_user,cpu=cpu-total,average,18.48681958233414
2026-09-30T11:05:00+00:00,backend,CWAgent,cpu_usage_user,cpu=cpu-total,average,18.34218188045923
2026-09-30T11:06:00+00:00,backend,CWAgent,cpu_usage_user,cpu=cpu-total,average,52.78291575584403
2026-09-30T11:07:00+00:00,backend,CWAgent,cpu_usage_user,cpu=cpu-total,average,55.72294226561202
2026-09-30T11:08:00+00:00,backend,CWAgent,cpu_usage_user,cpu=cpu-total,average,11.844461499104478
2026-09-30T11:09:00+00:00,backend,CWAgent,cpu_usage_user,cpu=cpu-total,average,2.702702702702548
2026-09-30T11:10:00+00:00,backend,CWAgent,cpu_usage_user,cpu=cpu-total,average,0.5929018789144354
2026-09-30T10:58:00+00:00,backend,CWAgent,cpu_usage_user,cpu=cpu-total,maximum,1.9681742043550088
2026-09-30T10:59:00+00:00,backend,CWAgent,cpu_usage_user,cpu=cpu-total,maximum,0.5678022712093527
2026-09-30T11:00:00+00:00,backend,CWAgent,cpu_usage_user,cpu=cpu-total,maximum,1.855101529205118
2026-09-30T11:01:00+00:00,backend,CWAgent,cpu_usage_user,cpu=cpu-total,maximum,10.251401392899925
2026-09-30T11:02:00+00:00,backend,CWAgent,cpu_usage_user,cpu=cpu-total,maximum,17.992132717632586
2026-09-30T11:03:00+00:00,backend,CWAgent,cpu_usage_user,cpu=cpu-total,maximum,19.41398217957534
2026-09-30T11:04:00+00:00,backend,CWAgent,cpu_usage_user,cpu=cpu-total,maximum,18.48681958233414
2026-09-30T11:05:00+00:00,backend,CWAgent,cpu_usage_user,cpu=cpu-total,maximum,18.34218188045923
2026-09-30T11:06:00+00:00,backend,CWAgent,cpu_usage_user,cpu=cpu-total,maximum,52.78291575584403
2026-09-30T11:07:00+00:00,backend,CWAgent,cpu_usage_user,cpu=cpu-total,maximum,55.72294226561202
2026-09-30T11:08:00+00:00,backend,CWAgent,cpu_usage_user,cpu=cpu-total,maximum,11.844461499104478
2026-09-30T11:09:00+00:00,backend,CWAgent,cpu_usage_user,cpu=cpu-total,maximum,2.702702702702548
2026-09-30T11:10:00+00:00,backend,CWAgent,cpu_usage_user,cpu=cpu-total,maximum,0.5929018789144354
2026-09-30T10:58:00+00:00,backend,CWAgent,diskio_write_bytes,name=nvme0n1,average,815104.0
2026-09-30T10:59:00+00:00,backend,CWAgent,diskio_write_bytes,name=nvme0n1,average,184320.0
2026-09-30T11:00:00+00:00,backend,CWAgent,diskio_write_bytes,name=nvme0n1,average,995328.0
2026-09-30T11:01:00+00:00,backend,CWAgent,diskio_write_bytes,name=nvme0n1,average,1101824.0
2026-09-30T11:02:00+00:00,backend,CWAgent,diskio_write_bytes,name=nvme0n1,average,2572288.0
2026-09-30T11:03:00+00:00,backend,CWAgent,diskio_write_bytes,name=nvme0n1,average,3194880.0
2026-09-30T11:04:00+00:00,backend,CWAgent,diskio_write_bytes,name=nvme0n1,average,3178496.0
2026-09-30T11:05:00+00:00,backend,CWAgent,diskio_write_bytes,name=nvme0n1,average,3207168.0
2026-09-30T11:06:00+00:00,backend,CWAgent,diskio_write_bytes,name=nvme0n1,average,8994816.0
2026-09-30T11:07:00+00:00,backend,CWAgent,diskio_write_bytes,name=nvme0n1,average,3596288.0
2026-09-30T11:08:00+00:00,backend,CWAgent,diskio_write_bytes,name=nvme0n1,average,2195456.0
2026-09-30T11:09:00+00:00,backend,CWAgent,diskio_write_bytes,name=nvme0n1,average,888832.0
2026-09-30T11:10:00+00:00,backend,CWAgent,diskio_write_bytes,name=nvme0n1,average,204800.0
2026-09-30T10:58:00+00:00,backend,CWAgent,diskio_write_bytes,name=nvme0n1,maximum,815104.0
2026-09-30T10:59:00+00:00,backend,CWAgent,diskio_write_bytes,name=nvme0n1,maximum,184320.0
2026-09-30T11:00:00+00:00,backend,CWAgent,diskio_write_bytes,name=nvme0n1,maximum,995328.0
2026-09-30T11:01:00+00:00,backend,CWAgent,diskio_write_bytes,name=nvme0n1,maximum,1101824.0
2026-09-30T11:02:00+00:00,backend,CWAgent,diskio_write_bytes,name=nvme0n1,maximum,2572288.0
2026-09-30T11:03:00+00:00,backend,CWAgent,diskio_write_bytes,name=nvme0n1,maximum,3194880.0
2026-09-30T11:04:00+00:00,backend,CWAgent,diskio_write_bytes,name=nvme0n1,maximum,3178496.0
2026-09-30T11:05:00+00:00,backend,CWAgent,diskio_write_bytes,name=nvme0n1,maximum,3207168.0
2026-09-30T11:06:00+00:00,backend,CWAgent,diskio_write_bytes,name=nvme0n1,maximum,8994816.0
2026-09-30T11:07:00+00:00,backend,CWAgent,diskio_write_bytes,name=nvme0n1,maximum,3596288.0
2026-09-30T11:08:00+00:00,backend,CWAgent,diskio_write_bytes,name=nvme0n1,maximum,2195456.0
2026-09-30T11:09:00+00:00,backend,CWAgent,diskio_write_bytes,name=nvme0n1,maximum,888832.0
2026-09-30T11:10:00+00:00,backend,CWAgent,diskio_write_bytes,name=nvme0n1,maximum,204800.0
2026-09-30T10:58:00+00:00,backend,CWAgent,diskio_reads,name=nvme0n1,average,32.0
2026-09-30T10:59:00+00:00,backend,CWAgent,diskio_reads,name=nvme0n1,average,43.0
2026-09-30T11:00:00+00:00,backend,CWAgent,diskio_reads,name=nvme0n1,average,1007.0
2026-09-30T11:01:00+00:00,backend,CWAgent,diskio_reads,name=nvme0n1,average,70.0
2026-09-30T11:02:00+00:00,backend,CWAgent,diskio_reads,name=nvme0n1,average,8.0
2026-09-30T11:03:00+00:00,backend,CWAgent,diskio_reads,name=nvme0n1,average,59.0
2026-09-30T11:04:00+00:00,backend,CWAgent,diskio_reads,name=nvme0n1,average,13.0
2026-09-30T11:05:00+00:00,backend,CWAgent,diskio_reads,name=nvme0n1,average,14.0
2026-09-30T11:06:00+00:00,backend,CWAgent,diskio_reads,name=nvme0n1,average,8388.0
2026-09-30T11:07:00+00:00,backend,CWAgent,diskio_reads,name=nvme0n1,average,138.0
2026-09-30T11:08:00+00:00,backend,CWAgent,diskio_reads,name=nvme0n1,average,148.0
2026-09-30T11:09:00+00:00,backend,CWAgent,diskio_reads,name=nvme0n1,average,40.0
2026-09-30T11:10:00+00:00,backend,CWAgent,diskio_reads,name=nvme0n1,average,800.0
2026-09-30T10:58:00+00:00,backend,CWAgent,diskio_reads,name=nvme0n1,maximum,32.0
2026-09-30T10:59:00+00:00,backend,CWAgent,diskio_reads,name=nvme0n1,maximum,43.0
2026-09-30T11:00:00+00:00,backend,CWAgent,diskio_reads,name=nvme0n1,maximum,1007.0
2026-09-30T11:01:00+00:00,backend,CWAgent,diskio_reads,name=nvme0n1,maximum,70.0
2026-09-30T11:02:00+00:00,backend,CWAgent,diskio_reads,name=nvme0n1,maximum,8.0
2026-09-30T11:03:00+00:00,backend,CWAgent,diskio_reads,name=nvme0n1,maximum,59.0
2026-09-30T11:04:00+00:00,backend,CWAgent,diskio_reads,name=nvme0n1,maximum,13.0
2026-09-30T11:05:00+00:00,backend,CWAgent,diskio_reads,name=nvme0n1,maximum,14.0
2026-09-30T11:06:00+00:00,backend,CWAgent,diskio_reads,name=nvme0n1,maximum,8388.0
2026-09-30T11:07:00+00:00,backend,CWAgent,diskio_reads,name=nvme0n1,maximum,138.0
2026-09-30T11:08:00+00:00,backend,CWAgent,diskio_reads,name=nvme0n1,maximum,148.0
2026-09-30T11:09:00+00:00,backend,CWAgent,diskio_reads,name=nvme0n1,maximum,40.0
2026-09-30T11:10:00+00:00,backend,CWAgent,diskio_reads,name=nvme0n1,maximum,800.0
2026-09-30T10:58:00+00:00,backend,CWAgent,diskio_reads,name=nvme0n1p15,average,0.0
2026-09-30T10:59:00+00:00,backend,CWAgent,diskio_reads,name=nvme0n1p15,average,0.0
2026-09-30T11:00:00+00:00,backend,CWAgent,diskio_reads,name=nvme0n1p15,average,0.0
2026-09-30T11:01:00+00:00,backend,CWAgent,diskio_reads,name=nvme0n1p15,average,0.0
2026-09-30T11:02:00+00:00,backend,CWAgent,diskio_reads,name=nvme0n1p15,average,0.0
2026-09-30T11:03:00+00:00,backend,CWAgent,diskio_reads,name=nvme0n1p15,average,0.0
2026-09-30T11:04:00+00:00,backend,CWAgent,diskio_reads,name=nvme0n1p15,average,0.0
2026-09-30T11:05:00+00:00,backend,CWAgent,diskio_reads,name=nvme0n1p15,average,0.0
2026-09-30T11:06:00+00:00,backend,CWAgent,diskio_reads,name=nvme0n1p15,average,0.0
2026-09-30T11:07:00+00:00,backend,CWAgent,diskio_reads,name=nvme0n1p15,average,0.0
2026-09-30T11:08:00+00:00,backend,CWAgent,diskio_reads,name=nvme0n1p15,average,0.0
2026-09-30T11:09:00+00:00,backend,CWAgent,diskio_reads,name=nvme0n1p15,average,0.0
2026-09-30T11:10:00+00:00,backend,CWAgent,diskio_reads,name=nvme0n1p15,average,0.0
2026-09-30T10:58:00+00:00,backend,CWAgent,diskio_reads,name=nvme0n1p15,maximum,0.0
2026-09-30T10:59:00+00:00,backend,CWAgent,diskio_reads,name=nvme0n1p15,maximum,0.0
2026-09-30T11:00:00+00:00,backend,CWAgent,diskio_reads,name=nvme0n1p15,maximum,0.0
2026-09-30T11:01:00+00:00,backend,CWAgent,diskio_reads,name=nvme0n1p15,maximum,0.0
2026-09-30T11:02:00+00:00,backend,CWAgent,diskio_reads,name=nvme0n1p15,maximum,0.0
2026-09-30T11:03:00+00:00,backend,CWAgent,diskio_reads,name=nvme0n1p15,maximum,0.0
2026-09-30T11:04:00+00:00,backend,CWAgent,diskio_reads,name=nvme0n1p15,maximum,0.0
2026-09-30T11:05:00+00:00,backend,CWAgent,diskio_reads,name=nvme0n1p15,maximum,0.0
2026-09-30T11:06:00+00:00,backend,CWAgent,diskio_reads,name=nvme0n1p15,maximum,0.0
2026-09-30T11:07:00+00:00,backend,CWAgent,diskio_reads,name=nvme0n1p15,maximum,0.0
2026-09-30T11:08:00+00:00,backend,CWAgent,diskio_reads,name=nvme0n1p15,maximum,0.0
2026-09-30T11:09:00+00:00,backend,CWAgent,diskio_reads,name=nvme0n1p15,maximum,0.0
2026-09-30T11:10:00+00:00,backend,CWAgent,diskio_reads,name=nvme0n1p15,maximum,0.0
2026-09-30T10:58:00+00:00,backend,CWAgent,diskio_writes,name=nvme0n1p15,average,0.0
2026-09-30T10:59:00+00:00,backend,CWAgent,diskio_writes,name=nvme0n1p15,average,0.0
2026-09-30T11:00:00+00:00,backend,CWAgent,diskio_writes,name=nvme0n1p15,average,0.0
2026-09-30T11:01:00+00:00,backend,CWAgent,diskio_writes,name=nvme0n1p15,average,0.0
2026-09-30T11:02:00+00:00,backend,CWAgent,diskio_writes,name=nvme0n1p15,average,0.0
2026-09-30T11:03:00+00:00,backend,CWAgent,diskio_writes,name=nvme0n1p15,average,0.0
2026-09-30T11:04:00+00:00,backend,CWAgent,diskio_writes,name=nvme0n1p15,average,0.0
2026-09-30T11:05:00+00:00,backend,CWAgent,diskio_writes,name=nvme0n1p15,average,0.0
2026-09-30T11:06:00+00:00,backend,CWAgent,diskio_writes,name=nvme0n1p15,average,0.0
2026-09-30T11:07:00+00:00,backend,CWAgent,diskio_writes,name=nvme0n1p15,average,0.0
2026-09-30T11:08:00+00:00,backend,CWAgent,diskio_writes,name=nvme0n1p15,average,0.0
2026-09-30T11:09:00+00:00,backend,CWAgent,diskio_writes,name=nvme0n1p15,average,0.0
2026-09-30T11:10:00+00:00,backend,CWAgent,diskio_writes,name=nvme0n1p15,average,0.0
2026-09-30T10:58:00+00:00,backend,CWAgent,diskio_writes,name=nvme0n1p15,maximum,0.0
2026-09-30T10:59:00+00:00,backend,CWAgent,diskio_writes,name=nvme0n1p15,maximum,0.0
2026-09-30T11:00:00+00:00,backend,CWAgent,diskio_writes,name=nvme0n1p15,maximum,0.0
2026-09-30T11:01:00+00:00,backend,CWAgent,diskio_writes,name=nvme0n1p15,maximum,0.0
2026-09-30T11:02:00+00:00,backend,CWAgent,diskio_writes,name=nvme0n1p15,maximum,0.0
2026-09-30T11:03:00+00:00,backend,CWAgent,diskio_writes,name=nvme0n1p15,maximum,0.0
2026-09-30T11:04:00+00:00,backend,CWAgent,diskio_writes,name=nvme0n1p15,maximum,0.0
2026-09-30T11:05:00+00:00,backend,CWAgent,diskio_writes,name=nvme0n1p15,maximum,0.0
2026-09-30T11:06:00+00:00,backend,CWAgent,diskio_writes,name=nvme0n1p15,maximum,0.0
2026-09-30T11:07:00+00:00,backend,CWAgent,diskio_writes,name=nvme0n1p15,maximum,0.0
2026-09-30T11:08:00+00:00,backend,CWAgent,diskio_writes,name=nvme0n1p15,maximum,0.0
2026-09-30T11:09:00+00:00,backend,CWAgent,diskio_writes,name=nvme0n1p15,maximum,0.0
2026-09-30T11:10:00+00:00,backend,CWAgent,diskio_writes,name=nvme0n1p15,maximum,0.0
2026-09-30T10:58:00+00:00,backend,CWAgent,cpu_usage_system,cpu=cpu-total,average,0.7118927973198481
2026-09-30T10:59:00+00:00,backend,CWAgent,cpu_usage_system,cpu=cpu-total,average,0.40915163660657194
2026-09-30T11:00:00+00:00,backend,CWAgent,cpu_usage_system,cpu=cpu-total,average,0.7938497534887862
2026-09-30T11:01:00+00:00,backend,CWAgent,cpu_usage_system,cpu=cpu-total,average,3.278410056055881
2026-09-30T11:02:00+00:00,backend,CWAgent,cpu_usage_system,cpu=cpu-total,average,6.1484521977079565
2026-09-30T11:03:00+00:00,backend,CWAgent,cpu_usage_system,cpu=cpu-total,average,6.73406442769045
2026-09-30T11:04:00+00:00,backend,CWAgent,cpu_usage_system,cpu=cpu-total,average,6.718589524135274
2026-09-30T11:05:00+00:00,backend,CWAgent,cpu_usage_system,cpu=cpu-total,average,6.636410344237093
2026-09-30T11:06:00+00:00,backend,CWAgent,cpu_usage_system,cpu=cpu-total,average,28.627879603161535
2026-09-30T11:07:00+00:00,backend,CWAgent,cpu_usage_system,cpu=cpu-total,average,29.599394041407304
2026-09-30T11:08:00+00:00,backend,CWAgent,cpu_usage_system,cpu=cpu-total,average,3.9907904834996555
2026-09-30T11:09:00+00:00,backend,CWAgent,cpu_usage_system,cpu=cpu-total,average,1.1583011583010647
2026-09-30T11:10:00+00:00,backend,CWAgent,cpu_usage_system,cpu=cpu-total,average,0.4091858037578364
2026-09-30T10:58:00+00:00,backend,CWAgent,cpu_usage_system,cpu=cpu-total,maximum,0.7118927973198481
2026-09-30T10:59:00+00:00,backend,CWAgent,cpu_usage_system,cpu=cpu-total,maximum,0.40915163660657194
2026-09-30T11:00:00+00:00,backend,CWAgent,cpu_usage_system,cpu=cpu-total,maximum,0.7938497534887862
2026-09-30T11:01:00+00:00,backend,CWAgent,cpu_usage_system,cpu=cpu-total,maximum,3.278410056055881
2026-09-30T11:02:00+00:00,backend,CWAgent,cpu_usage_system,cpu=cpu-total,maximum,6.1484521977079565
2026-09-30T11:03:00+00:00,backend,CWAgent,cpu_usage_system,cpu=cpu-total,maximum,6.73406442769045
2026-09-30T11:04:00+00:00,backend,CWAgent,cpu_usage_system,cpu=cpu-total,maximum,6.718589524135274
2026-09-30T11:05:00+00:00,backend,CWAgent,cpu_usage_system,cpu=cpu-total,maximum,6.636410344237093
2026-09-30T11:06:00+00:00,backend,CWAgent,cpu_usage_system,cpu=cpu-total,maximum,28.627879603161535
2026-09-30T11:07:00+00:00,backend,CWAgent,cpu_usage_system,cpu=cpu-total,maximum,29.599394041407304
2026-09-30T11:08:00+00:00,backend,CWAgent,cpu_usage_system,cpu=cpu-total,maximum,3.9907904834996555
2026-09-30T11:09:00+00:00,backend,CWAgent,cpu_usage_system,cpu=cpu-total,maximum,1.1583011583010647
2026-09-30T11:10:00+00:00,backend,CWAgent,cpu_usage_system,cpu=cpu-total,maximum,0.4091858037578364
2026-09-30T10:58:00+00:00,backend,CWAgent,procstat_memory_rss,exe=java;process_name=java,average,564740096.0
2026-09-30T10:59:00+00:00,backend,CWAgent,procstat_memory_rss,exe=java;process_name=java,average,562499584.0
2026-09-30T11:00:00+00:00,backend,CWAgent,procstat_memory_rss,exe=java;process_name=java,average,564879360.0
2026-09-30T11:01:00+00:00,backend,CWAgent,procstat_memory_rss,exe=java;process_name=java,average,564715520.0
2026-09-30T11:02:00+00:00,backend,CWAgent,procstat_memory_rss,exe=java;process_name=java,average,565055488.0
2026-09-30T11:03:00+00:00,backend,CWAgent,procstat_memory_rss,exe=java;process_name=java,average,566091776.0
2026-09-30T11:04:00+00:00,backend,CWAgent,procstat_memory_rss,exe=java;process_name=java,average,566022144.0
2026-09-30T11:05:00+00:00,backend,CWAgent,procstat_memory_rss,exe=java;process_name=java,average,565948416.0
2026-09-30T11:06:00+00:00,backend,CWAgent,procstat_memory_rss,exe=java;process_name=java,average,602419200.0
2026-09-30T11:07:00+00:00,backend,CWAgent,procstat_memory_rss,exe=java;process_name=java,average,598654976.0
2026-09-30T11:08:00+00:00,backend,CWAgent,procstat_memory_rss,exe=java;process_name=java,average,599461888.0
2026-09-30T11:09:00+00:00,backend,CWAgent,procstat_memory_rss,exe=java;process_name=java,average,599683072.0
2026-09-30T11:10:00+00:00,backend,CWAgent,procstat_memory_rss,exe=java;process_name=java,average,595767296.0
2026-09-30T10:58:00+00:00,backend,CWAgent,procstat_memory_rss,exe=java;process_name=java,maximum,564740096.0
2026-09-30T10:59:00+00:00,backend,CWAgent,procstat_memory_rss,exe=java;process_name=java,maximum,562499584.0
2026-09-30T11:00:00+00:00,backend,CWAgent,procstat_memory_rss,exe=java;process_name=java,maximum,564879360.0
2026-09-30T11:01:00+00:00,backend,CWAgent,procstat_memory_rss,exe=java;process_name=java,maximum,564715520.0
2026-09-30T11:02:00+00:00,backend,CWAgent,procstat_memory_rss,exe=java;process_name=java,maximum,565055488.0
2026-09-30T11:03:00+00:00,backend,CWAgent,procstat_memory_rss,exe=java;process_name=java,maximum,566091776.0
2026-09-30T11:04:00+00:00,backend,CWAgent,procstat_memory_rss,exe=java;process_name=java,maximum,566022144.0
2026-09-30T11:05:00+00:00,backend,CWAgent,procstat_memory_rss,exe=java;process_name=java,maximum,565948416.0
2026-09-30T11:06:00+00:00,backend,CWAgent,procstat_memory_rss,exe=java;process_name=java,maximum,602419200.0
2026-09-30T11:07:00+00:00,backend,CWAgent,procstat_memory_rss,exe=java;process_name=java,maximum,598654976.0
2026-09-30T11:08:00+00:00,backend,CWAgent,procstat_memory_rss,exe=java;process_name=java,maximum,599461888.0
2026-09-30T11:09:00+00:00,backend,CWAgent,procstat_memory_rss,exe=java;process_name=java,maximum,599683072.0
2026-09-30T11:10:00+00:00,backend,CWAgent,procstat_memory_rss,exe=java;process_name=java,maximum,595767296.0
2026-09-30T10:58:00+00:00,backend,CWAgent,net_bytes_sent,interface=docker0,average,0.0
2026-09-30T10:59:00+00:00,backend,CWAgent,net_bytes_sent,interface=docker0,average,0.0
2026-09-30T11:00:00+00:00,backend,CWAgent,net_bytes_sent,interface=docker0,average,0.0
2026-09-30T11:01:00+00:00,backend,CWAgent,net_bytes_sent,interface=docker0,average,0.0
2026-09-30T11:02:00+00:00,backend,CWAgent,net_bytes_sent,interface=docker0,average,0.0
2026-09-30T11:03:00+00:00,backend,CWAgent,net_bytes_sent,interface=docker0,average,0.0
2026-09-30T11:04:00+00:00,backend,CWAgent,net_bytes_sent,interface=docker0,average,0.0
2026-09-30T11:05:00+00:00,backend,CWAgent,net_bytes_sent,interface=docker0,average,0.0
2026-09-30T11:06:00+00:00,backend,CWAgent,net_bytes_sent,interface=docker0,average,0.0
2026-09-30T11:07:00+00:00,backend,CWAgent,net_bytes_sent,interface=docker0,average,0.0
2026-09-30T11:08:00+00:00,backend,CWAgent,net_bytes_sent,interface=docker0,average,0.0
2026-09-30T11:09:00+00:00,backend,CWAgent,net_bytes_sent,interface=docker0,average,0.0
2026-09-30T11:10:00+00:00,backend,CWAgent,net_bytes_sent,interface=docker0,average,0.0
2026-09-30T10:58:00+00:00,backend,CWAgent,net_bytes_sent,interface=docker0,maximum,0.0
2026-09-30T10:59:00+00:00,backend,CWAgent,net_bytes_sent,interface=docker0,maximum,0.0
2026-09-30T11:00:00+00:00,backend,CWAgent,net_bytes_sent,interface=docker0,maximum,0.0
2026-09-30T11:01:00+00:00,backend,CWAgent,net_bytes_sent,interface=docker0,maximum,0.0
2026-09-30T11:02:00+00:00,backend,CWAgent,net_bytes_sent,interface=docker0,maximum,0.0
2026-09-30T11:03:00+00:00,backend,CWAgent,net_bytes_sent,interface=docker0,maximum,0.0
2026-09-30T11:04:00+00:00,backend,CWAgent,net_bytes_sent,interface=docker0,maximum,0.0
2026-09-30T11:05:00+00:00,backend,CWAgent,net_bytes_sent,interface=docker0,maximum,0.0
2026-09-30T11:06:00+00:00,backend,CWAgent,net_bytes_sent,interface=docker0,maximum,0.0
2026-09-30T11:07:00+00:00,backend,CWAgent,net_bytes_sent,interface=docker0,maximum,0.0
2026-09-30T11:08:00+00:00,backend,CWAgent,net_bytes_sent,interface=docker0,maximum,0.0
2026-09-30T11:09:00+00:00,backend,CWAgent,net_bytes_sent,interface=docker0,maximum,0.0
2026-09-30T11:10:00+00:00,backend,CWAgent,net_bytes_sent,interface=docker0,maximum,0.0
2026-09-30T10:58:00+00:00,backend,CWAgent,diskio_writes,name=nvme0n1p1,average,52.0
2026-09-30T10:59:00+00:00,backend,CWAgent,diskio_writes,name=nvme0n1p1,average,34.0
2026-09-30T11:00:00+00:00,backend,CWAgent,diskio_writes,name=nvme0n1p1,average,158.0
2026-09-30T11:01:00+00:00,backend,CWAgent,diskio_writes,name=nvme0n1p1,average,54.0
2026-09-30T11:02:00+00:00,backend,CWAgent,diskio_writes,name=nvme0n1p1,average,54.0
2026-09-30T11:03:00+00:00,backend,CWAgent,diskio_writes,name=nvme0n1p1,average,61.0
2026-09-30T11:04:00+00:00,backend,CWAgent,diskio_writes,name=nvme0n1p1,average,60.0
2026-09-30T11:05:00+00:00,backend,CWAgent,diskio_writes,name=nvme0n1p1,average,59.0
2026-09-30T11:06:00+00:00,backend,CWAgent,diskio_writes,name=nvme0n1p1,average,490.0
2026-09-30T11:07:00+00:00,backend,CWAgent,diskio_writes,name=nvme0n1p1,average,163.0
2026-09-30T11:08:00+00:00,backend,CWAgent,diskio_writes,name=nvme0n1p1,average,53.0
2026-09-30T11:09:00+00:00,backend,CWAgent,diskio_writes,name=nvme0n1p1,average,62.0
2026-09-30T11:10:00+00:00,backend,CWAgent,diskio_writes,name=nvme0n1p1,average,37.0
2026-09-30T10:58:00+00:00,backend,CWAgent,diskio_writes,name=nvme0n1p1,maximum,52.0
2026-09-30T10:59:00+00:00,backend,CWAgent,diskio_writes,name=nvme0n1p1,maximum,34.0
2026-09-30T11:00:00+00:00,backend,CWAgent,diskio_writes,name=nvme0n1p1,maximum,158.0
2026-09-30T11:01:00+00:00,backend,CWAgent,diskio_writes,name=nvme0n1p1,maximum,54.0
2026-09-30T11:02:00+00:00,backend,CWAgent,diskio_writes,name=nvme0n1p1,maximum,54.0
2026-09-30T11:03:00+00:00,backend,CWAgent,diskio_writes,name=nvme0n1p1,maximum,61.0
2026-09-30T11:04:00+00:00,backend,CWAgent,diskio_writes,name=nvme0n1p1,maximum,60.0
2026-09-30T11:05:00+00:00,backend,CWAgent,diskio_writes,name=nvme0n1p1,maximum,59.0
2026-09-30T11:06:00+00:00,backend,CWAgent,diskio_writes,name=nvme0n1p1,maximum,490.0
2026-09-30T11:07:00+00:00,backend,CWAgent,diskio_writes,name=nvme0n1p1,maximum,163.0
2026-09-30T11:08:00+00:00,backend,CWAgent,diskio_writes,name=nvme0n1p1,maximum,53.0
2026-09-30T11:09:00+00:00,backend,CWAgent,diskio_writes,name=nvme0n1p1,maximum,62.0
2026-09-30T11:10:00+00:00,backend,CWAgent,diskio_writes,name=nvme0n1p1,maximum,37.0
2026-09-30T10:58:00+00:00,backend,CWAgent,procstat_cpu_usage,exe=containerd;process_name=containerd,average,0.08333326844866282
2026-09-30T10:59:00+00:00,backend,CWAgent,procstat_cpu_usage,exe=containerd;process_name=containerd,average,0.10000141950848689
2026-09-30T11:00:00+00:00,backend,CWAgent,procstat_cpu_usage,exe=containerd;process_name=containerd,average,0.08333192042256259
2026-09-30T11:01:00+00:00,backend,CWAgent,procstat_cpu_usage,exe=containerd;process_name=containerd,average,0.0833337323088558
2026-09-30T11:02:00+00:00,backend,CWAgent,procstat_cpu_usage,exe=containerd;process_name=containerd,average,0.08333393024177675
2026-09-30T11:03:00+00:00,backend,CWAgent,procstat_cpu_usage,exe=containerd;process_name=containerd,average,0.08333059508164116
2026-09-30T11:04:00+00:00,backend,CWAgent,procstat_cpu_usage,exe=containerd;process_name=containerd,average,0.08333290840911237
2026-09-30T11:05:00+00:00,backend,CWAgent,procstat_cpu_usage,exe=containerd;process_name=containerd,average,0.10000073865045979
2026-09-30T11:06:00+00:00,backend,CWAgent,procstat_cpu_usage,exe=containerd;process_name=containerd,average,0.08332600139514576
2026-09-30T11:07:00+00:00,backend,CWAgent,procstat_cpu_usage,exe=containerd;process_name=containerd,average,0.08334199447369706
2026-09-30T11:08:00+00:00,backend,CWAgent,procstat_cpu_usage,exe=containerd;process_name=containerd,average,0.06666767820979108
2026-09-30T11:09:00+00:00,backend,CWAgent,procstat_cpu_usage,exe=containerd;process_name=containerd,average,0.09999963670465695
2026-09-30T11:10:00+00:00,backend,CWAgent,procstat_cpu_usage,exe=containerd;process_name=containerd,average,0.08333169002129048
2026-09-30T10:58:00+00:00,backend,CWAgent,procstat_cpu_usage,exe=containerd;process_name=containerd,maximum,0.08333326844866282
2026-09-30T10:59:00+00:00,backend,CWAgent,procstat_cpu_usage,exe=containerd;process_name=containerd,maximum,0.10000141950848689
2026-09-30T11:00:00+00:00,backend,CWAgent,procstat_cpu_usage,exe=containerd;process_name=containerd,maximum,0.08333192042256259
2026-09-30T11:01:00+00:00,backend,CWAgent,procstat_cpu_usage,exe=containerd;process_name=containerd,maximum,0.0833337323088558
2026-09-30T11:02:00+00:00,backend,CWAgent,procstat_cpu_usage,exe=containerd;process_name=containerd,maximum,0.08333393024177675
2026-09-30T11:03:00+00:00,backend,CWAgent,procstat_cpu_usage,exe=containerd;process_name=containerd,maximum,0.08333059508164116
2026-09-30T11:04:00+00:00,backend,CWAgent,procstat_cpu_usage,exe=containerd;process_name=containerd,maximum,0.08333290840911237
2026-09-30T11:05:00+00:00,backend,CWAgent,procstat_cpu_usage,exe=containerd;process_name=containerd,maximum,0.10000073865045979
2026-09-30T11:06:00+00:00,backend,CWAgent,procstat_cpu_usage,exe=containerd;process_name=containerd,maximum,0.08332600139514576
2026-09-30T11:07:00+00:00,backend,CWAgent,procstat_cpu_usage,exe=containerd;process_name=containerd,maximum,0.08334199447369706
2026-09-30T11:08:00+00:00,backend,CWAgent,procstat_cpu_usage,exe=containerd;process_name=containerd,maximum,0.06666767820979108
2026-09-30T11:09:00+00:00,backend,CWAgent,procstat_cpu_usage,exe=containerd;process_name=containerd,maximum,0.09999963670465695
2026-09-30T11:10:00+00:00,backend,CWAgent,procstat_cpu_usage,exe=containerd;process_name=containerd,maximum,0.08333169002129048
2026-09-30T10:58:00+00:00,backend,CWAgent,diskio_writes,name=nvme0n1p14,average,0.0
2026-09-30T10:59:00+00:00,backend,CWAgent,diskio_writes,name=nvme0n1p14,average,0.0
2026-09-30T11:00:00+00:00,backend,CWAgent,diskio_writes,name=nvme0n1p14,average,0.0
2026-09-30T11:01:00+00:00,backend,CWAgent,diskio_writes,name=nvme0n1p14,average,0.0
2026-09-30T11:02:00+00:00,backend,CWAgent,diskio_writes,name=nvme0n1p14,average,0.0
2026-09-30T11:03:00+00:00,backend,CWAgent,diskio_writes,name=nvme0n1p14,average,0.0
2026-09-30T11:04:00+00:00,backend,CWAgent,diskio_writes,name=nvme0n1p14,average,0.0
2026-09-30T11:05:00+00:00,backend,CWAgent,diskio_writes,name=nvme0n1p14,average,0.0
2026-09-30T11:06:00+00:00,backend,CWAgent,diskio_writes,name=nvme0n1p14,average,0.0
2026-09-30T11:07:00+00:00,backend,CWAgent,diskio_writes,name=nvme0n1p14,average,0.0
2026-09-30T11:08:00+00:00,backend,CWAgent,diskio_writes,name=nvme0n1p14,average,0.0
2026-09-30T11:09:00+00:00,backend,CWAgent,diskio_writes,name=nvme0n1p14,average,0.0
2026-09-30T11:10:00+00:00,backend,CWAgent,diskio_writes,name=nvme0n1p14,average,0.0
2026-09-30T10:58:00+00:00,backend,CWAgent,diskio_writes,name=nvme0n1p14,maximum,0.0
2026-09-30T10:59:00+00:00,backend,CWAgent,diskio_writes,name=nvme0n1p14,maximum,0.0
2026-09-30T11:00:00+00:00,backend,CWAgent,diskio_writes,name=nvme0n1p14,maximum,0.0
2026-09-30T11:01:00+00:00,backend,CWAgent,diskio_writes,name=nvme0n1p14,maximum,0.0
2026-09-30T11:02:00+00:00,backend,CWAgent,diskio_writes,name=nvme0n1p14,maximum,0.0
2026-09-30T11:03:00+00:00,backend,CWAgent,diskio_writes,name=nvme0n1p14,maximum,0.0
2026-09-30T11:04:00+00:00,backend,CWAgent,diskio_writes,name=nvme0n1p14,maximum,0.0
2026-09-30T11:05:00+00:00,backend,CWAgent,diskio_writes,name=nvme0n1p14,maximum,0.0
2026-09-30T11:06:00+00:00,backend,CWAgent,diskio_writes,name=nvme0n1p14,maximum,0.0
2026-09-30T11:07:00+00:00,backend,CWAgent,diskio_writes,name=nvme0n1p14,maximum,0.0
2026-09-30T11:08:00+00:00,backend,CWAgent,diskio_writes,name=nvme0n1p14,maximum,0.0
2026-09-30T11:09:00+00:00,backend,CWAgent,diskio_writes,name=nvme0n1p14,maximum,0.0
2026-09-30T11:10:00+00:00,backend,CWAgent,diskio_writes,name=nvme0n1p14,maximum,0.0
2026-09-30T10:58:00+00:00,backend,CWAgent,diskio_write_bytes,name=nvme0n1p1,average,815104.0
2026-09-30T10:59:00+00:00,backend,CWAgent,diskio_write_bytes,name=nvme0n1p1,average,184320.0
2026-09-30T11:00:00+00:00,backend,CWAgent,diskio_write_bytes,name=nvme0n1p1,average,995328.0
2026-09-30T11:01:00+00:00,backend,CWAgent,diskio_write_bytes,name=nvme0n1p1,average,1101824.0
2026-09-30T11:02:00+00:00,backend,CWAgent,diskio_write_bytes,name=nvme0n1p1,average,2572288.0
2026-09-30T11:03:00+00:00,backend,CWAgent,diskio_write_bytes,name=nvme0n1p1,average,3194880.0
2026-09-30T11:04:00+00:00,backend,CWAgent,diskio_write_bytes,name=nvme0n1p1,average,3178496.0
2026-09-30T11:05:00+00:00,backend,CWAgent,diskio_write_bytes,name=nvme0n1p1,average,3207168.0
2026-09-30T11:06:00+00:00,backend,CWAgent,diskio_write_bytes,name=nvme0n1p1,average,8994816.0
2026-09-30T11:07:00+00:00,backend,CWAgent,diskio_write_bytes,name=nvme0n1p1,average,3596288.0
2026-09-30T11:08:00+00:00,backend,CWAgent,diskio_write_bytes,name=nvme0n1p1,average,2195456.0
2026-09-30T11:09:00+00:00,backend,CWAgent,diskio_write_bytes,name=nvme0n1p1,average,888832.0
2026-09-30T11:10:00+00:00,backend,CWAgent,diskio_write_bytes,name=nvme0n1p1,average,204800.0
2026-09-30T10:58:00+00:00,backend,CWAgent,diskio_write_bytes,name=nvme0n1p1,maximum,815104.0
2026-09-30T10:59:00+00:00,backend,CWAgent,diskio_write_bytes,name=nvme0n1p1,maximum,184320.0
2026-09-30T11:00:00+00:00,backend,CWAgent,diskio_write_bytes,name=nvme0n1p1,maximum,995328.0
2026-09-30T11:01:00+00:00,backend,CWAgent,diskio_write_bytes,name=nvme0n1p1,maximum,1101824.0
2026-09-30T11:02:00+00:00,backend,CWAgent,diskio_write_bytes,name=nvme0n1p1,maximum,2572288.0
2026-09-30T11:03:00+00:00,backend,CWAgent,diskio_write_bytes,name=nvme0n1p1,maximum,3194880.0
2026-09-30T11:04:00+00:00,backend,CWAgent,diskio_write_bytes,name=nvme0n1p1,maximum,3178496.0
2026-09-30T11:05:00+00:00,backend,CWAgent,diskio_write_bytes,name=nvme0n1p1,maximum,3207168.0
2026-09-30T11:06:00+00:00,backend,CWAgent,diskio_write_bytes,name=nvme0n1p1,maximum,8994816.0
2026-09-30T11:07:00+00:00,backend,CWAgent,diskio_write_bytes,name=nvme0n1p1,maximum,3596288.0
2026-09-30T11:08:00+00:00,backend,CWAgent,diskio_write_bytes,name=nvme0n1p1,maximum,2195456.0
2026-09-30T11:09:00+00:00,backend,CWAgent,diskio_write_bytes,name=nvme0n1p1,maximum,888832.0
2026-09-30T11:10:00+00:00,backend,CWAgent,diskio_write_bytes,name=nvme0n1p1,maximum,204800.0
2026-09-30T10:58:00+00:00,backend,CWAgent,diskio_reads,name=nvme0n1p14,average,0.0
2026-09-30T10:59:00+00:00,backend,CWAgent,diskio_reads,name=nvme0n1p14,average,0.0
2026-09-30T11:00:00+00:00,backend,CWAgent,diskio_reads,name=nvme0n1p14,average,0.0
2026-09-30T11:01:00+00:00,backend,CWAgent,diskio_reads,name=nvme0n1p14,average,0.0
2026-09-30T11:02:00+00:00,backend,CWAgent,diskio_reads,name=nvme0n1p14,average,0.0
2026-09-30T11:03:00+00:00,backend,CWAgent,diskio_reads,name=nvme0n1p14,average,0.0
2026-09-30T11:04:00+00:00,backend,CWAgent,diskio_reads,name=nvme0n1p14,average,0.0
2026-09-30T11:05:00+00:00,backend,CWAgent,diskio_reads,name=nvme0n1p14,average,0.0
2026-09-30T11:06:00+00:00,backend,CWAgent,diskio_reads,name=nvme0n1p14,average,0.0
2026-09-30T11:07:00+00:00,backend,CWAgent,diskio_reads,name=nvme0n1p14,average,0.0
2026-09-30T11:08:00+00:00,backend,CWAgent,diskio_reads,name=nvme0n1p14,average,0.0
2026-09-30T11:09:00+00:00,backend,CWAgent,diskio_reads,name=nvme0n1p14,average,0.0
2026-09-30T11:10:00+00:00,backend,CWAgent,diskio_reads,name=nvme0n1p14,average,0.0
2026-09-30T10:58:00+00:00,backend,CWAgent,diskio_reads,name=nvme0n1p14,maximum,0.0
2026-09-30T10:59:00+00:00,backend,CWAgent,diskio_reads,name=nvme0n1p14,maximum,0.0
2026-09-30T11:00:00+00:00,backend,CWAgent,diskio_reads,name=nvme0n1p14,maximum,0.0
2026-09-30T11:01:00+00:00,backend,CWAgent,diskio_reads,name=nvme0n1p14,maximum,0.0
2026-09-30T11:02:00+00:00,backend,CWAgent,diskio_reads,name=nvme0n1p14,maximum,0.0
2026-09-30T11:03:00+00:00,backend,CWAgent,diskio_reads,name=nvme0n1p14,maximum,0.0
2026-09-30T11:04:00+00:00,backend,CWAgent,diskio_reads,name=nvme0n1p14,maximum,0.0
2026-09-30T11:05:00+00:00,backend,CWAgent,diskio_reads,name=nvme0n1p14,maximum,0.0
2026-09-30T11:06:00+00:00,backend,CWAgent,diskio_reads,name=nvme0n1p14,maximum,0.0
2026-09-30T11:07:00+00:00,backend,CWAgent,diskio_reads,name=nvme0n1p14,maximum,0.0
2026-09-30T11:08:00+00:00,backend,CWAgent,diskio_reads,name=nvme0n1p14,maximum,0.0
2026-09-30T11:09:00+00:00,backend,CWAgent,diskio_reads,name=nvme0n1p14,maximum,0.0
2026-09-30T11:10:00+00:00,backend,CWAgent,diskio_reads,name=nvme0n1p14,maximum,0.0
2026-09-30T10:58:00+00:00,backend,CWAgent,cpu_usage_iowait,cpu=cpu-total,average,0.025125628140704164
2026-09-30T10:59:00+00:00,backend,CWAgent,cpu_usage_iowait,cpu=cpu-total,average,0.025050100200402846
2026-09-30T11:00:00+00:00,backend,CWAgent,cpu_usage_iowait,cpu=cpu-total,average,0.4345282861201536
2026-09-30T11:01:00+00:00,backend,CWAgent,cpu_usage_iowait,cpu=cpu-total,average,0.025479870901988836
2026-09-30T11:02:00+00:00,backend,CWAgent,cpu_usage_iowait,cpu=cpu-total,average,0.025654181631606415
2026-09-30T11:03:00+00:00,backend,CWAgent,cpu_usage_iowait,cpu=cpu-total,average,0.017135023989030537
2026-09-30T11:04:00+00:00,backend,CWAgent,cpu_usage_iowait,cpu=cpu-total,average,0.017117425539194944
2026-09-30T11:05:00+00:00,backend,CWAgent,cpu_usage_iowait,cpu=cpu-total,average,0.01712622024320126
2026-09-30T11:06:00+00:00,backend,CWAgent,cpu_usage_iowait,cpu=cpu-total,average,1.6394820918110056
2026-09-30T11:07:00+00:00,backend,CWAgent,cpu_usage_iowait,cpu=cpu-total,average,0.0
2026-09-30T11:08:00+00:00,backend,CWAgent,cpu_usage_iowait,cpu=cpu-total,average,0.04263665046474903
2026-09-30T11:09:00+00:00,backend,CWAgent,cpu_usage_iowait,cpu=cpu-total,average,0.025180459963069737
2026-09-30T11:10:00+00:00,backend,CWAgent,cpu_usage_iowait,cpu=cpu-total,average,0.22546972860124928
2026-09-30T10:58:00+00:00,backend,CWAgent,cpu_usage_iowait,cpu=cpu-total,maximum,0.025125628140704164
2026-09-30T10:59:00+00:00,backend,CWAgent,cpu_usage_iowait,cpu=cpu-total,maximum,0.025050100200402846
2026-09-30T11:00:00+00:00,backend,CWAgent,cpu_usage_iowait,cpu=cpu-total,maximum,0.4345282861201536
2026-09-30T11:01:00+00:00,backend,CWAgent,cpu_usage_iowait,cpu=cpu-total,maximum,0.025479870901988836
2026-09-30T11:02:00+00:00,backend,CWAgent,cpu_usage_iowait,cpu=cpu-total,maximum,0.025654181631606415
2026-09-30T11:03:00+00:00,backend,CWAgent,cpu_usage_iowait,cpu=cpu-total,maximum,0.017135023989030537
2026-09-30T11:04:00+00:00,backend,CWAgent,cpu_usage_iowait,cpu=cpu-total,maximum,0.017117425539194944
2026-09-30T11:05:00+00:00,backend,CWAgent,cpu_usage_iowait,cpu=cpu-total,maximum,0.01712622024320126
2026-09-30T11:06:00+00:00,backend,CWAgent,cpu_usage_iowait,cpu=cpu-total,maximum,1.6394820918110056
2026-09-30T11:07:00+00:00,backend,CWAgent,cpu_usage_iowait,cpu=cpu-total,maximum,0.0
2026-09-30T11:08:00+00:00,backend,CWAgent,cpu_usage_iowait,cpu=cpu-total,maximum,0.04263665046474903
2026-09-30T11:09:00+00:00,backend,CWAgent,cpu_usage_iowait,cpu=cpu-total,maximum,0.025180459963069737
2026-09-30T11:10:00+00:00,backend,CWAgent,cpu_usage_iowait,cpu=cpu-total,maximum,0.22546972860124928
2026-09-30T10:58:00+00:00,backend,CWAgent,diskio_read_bytes,name=nvme0n1p15,average,0.0
2026-09-30T10:59:00+00:00,backend,CWAgent,diskio_read_bytes,name=nvme0n1p15,average,0.0
2026-09-30T11:00:00+00:00,backend,CWAgent,diskio_read_bytes,name=nvme0n1p15,average,0.0
2026-09-30T11:01:00+00:00,backend,CWAgent,diskio_read_bytes,name=nvme0n1p15,average,0.0
2026-09-30T11:02:00+00:00,backend,CWAgent,diskio_read_bytes,name=nvme0n1p15,average,0.0
2026-09-30T11:03:00+00:00,backend,CWAgent,diskio_read_bytes,name=nvme0n1p15,average,0.0
2026-09-30T11:04:00+00:00,backend,CWAgent,diskio_read_bytes,name=nvme0n1p15,average,0.0
2026-09-30T11:05:00+00:00,backend,CWAgent,diskio_read_bytes,name=nvme0n1p15,average,0.0
2026-09-30T11:06:00+00:00,backend,CWAgent,diskio_read_bytes,name=nvme0n1p15,average,0.0
2026-09-30T11:07:00+00:00,backend,CWAgent,diskio_read_bytes,name=nvme0n1p15,average,0.0
2026-09-30T11:08:00+00:00,backend,CWAgent,diskio_read_bytes,name=nvme0n1p15,average,0.0
2026-09-30T11:09:00+00:00,backend,CWAgent,diskio_read_bytes,name=nvme0n1p15,average,0.0
2026-09-30T11:10:00+00:00,backend,CWAgent,diskio_read_bytes,name=nvme0n1p15,average,0.0
2026-09-30T10:58:00+00:00,backend,CWAgent,diskio_read_bytes,name=nvme0n1p15,maximum,0.0
2026-09-30T10:59:00+00:00,backend,CWAgent,diskio_read_bytes,name=nvme0n1p15,maximum,0.0
2026-09-30T11:00:00+00:00,backend,CWAgent,diskio_read_bytes,name=nvme0n1p15,maximum,0.0
2026-09-30T11:01:00+00:00,backend,CWAgent,diskio_read_bytes,name=nvme0n1p15,maximum,0.0
2026-09-30T11:02:00+00:00,backend,CWAgent,diskio_read_bytes,name=nvme0n1p15,maximum,0.0
2026-09-30T11:03:00+00:00,backend,CWAgent,diskio_read_bytes,name=nvme0n1p15,maximum,0.0
2026-09-30T11:04:00+00:00,backend,CWAgent,diskio_read_bytes,name=nvme0n1p15,maximum,0.0
2026-09-30T11:05:00+00:00,backend,CWAgent,diskio_read_bytes,name=nvme0n1p15,maximum,0.0
2026-09-30T11:06:00+00:00,backend,CWAgent,diskio_read_bytes,name=nvme0n1p15,maximum,0.0
2026-09-30T11:07:00+00:00,backend,CWAgent,diskio_read_bytes,name=nvme0n1p15,maximum,0.0
2026-09-30T11:08:00+00:00,backend,CWAgent,diskio_read_bytes,name=nvme0n1p15,maximum,0.0
2026-09-30T11:09:00+00:00,backend,CWAgent,diskio_read_bytes,name=nvme0n1p15,maximum,0.0
2026-09-30T11:10:00+00:00,backend,CWAgent,diskio_read_bytes,name=nvme0n1p15,maximum,0.0
2026-09-30T10:58:00+00:00,backend,CWAgent,procstat_cpu_usage,exe=redis-server;process_name=redis-server,average,1.1666524638200142
2026-09-30T10:59:00+00:00,backend,CWAgent,procstat_cpu_usage,exe=redis-server;process_name=redis-server,average,0.5000065946785693
2026-09-30T11:00:00+00:00,backend,CWAgent,procstat_cpu_usage,exe=redis-server;process_name=redis-server,average,0.9833472899978624
2026-09-30T11:01:00+00:00,backend,CWAgent,procstat_cpu_usage,exe=redis-server;process_name=redis-server,average,5.6165872738653135
2026-09-30T11:02:00+00:00,backend,CWAgent,procstat_cpu_usage,exe=redis-server;process_name=redis-server,average,9.683173360046954
2026-09-30T11:03:00+00:00,backend,CWAgent,procstat_cpu_usage,exe=redis-server;process_name=redis-server,average,10.283661192734742
2026-09-30T11:04:00+00:00,backend,CWAgent,procstat_cpu_usage,exe=redis-server;process_name=redis-server,average,10.349841093369838
2026-09-30T11:05:00+00:00,backend,CWAgent,procstat_cpu_usage,exe=redis-server;process_name=redis-server,average,10.333300646003286
2026-09-30T11:06:00+00:00,backend,CWAgent,procstat_cpu_usage,exe=redis-server;process_name=redis-server,average,39.91368542170112
2026-09-30T11:07:00+00:00,backend,CWAgent,procstat_cpu_usage,exe=redis-server;process_name=redis-server,average,41.07004656584982
2026-09-30T11:08:00+00:00,backend,CWAgent,procstat_cpu_usage,exe=redis-server;process_name=redis-server,average,6.26669358587562
2026-09-30T11:09:00+00:00,backend,CWAgent,procstat_cpu_usage,exe=redis-server;process_name=redis-server,average,1.6499920487708315
2026-09-30T11:10:00+00:00,backend,CWAgent,procstat_cpu_usage,exe=redis-server;process_name=redis-server,average,0.49999704110910104
2026-09-30T10:58:00+00:00,backend,CWAgent,procstat_cpu_usage,exe=redis-server;process_name=redis-server,maximum,1.1666524638200142
2026-09-30T10:59:00+00:00,backend,CWAgent,procstat_cpu_usage,exe=redis-server;process_name=redis-server,maximum,0.5000065946785693
2026-09-30T11:00:00+00:00,backend,CWAgent,procstat_cpu_usage,exe=redis-server;process_name=redis-server,maximum,0.9833472899978624
2026-09-30T11:01:00+00:00,backend,CWAgent,procstat_cpu_usage,exe=redis-server;process_name=redis-server,maximum,5.6165872738653135
2026-09-30T11:02:00+00:00,backend,CWAgent,procstat_cpu_usage,exe=redis-server;process_name=redis-server,maximum,9.683173360046954
2026-09-30T11:03:00+00:00,backend,CWAgent,procstat_cpu_usage,exe=redis-server;process_name=redis-server,maximum,10.283661192734742
2026-09-30T11:04:00+00:00,backend,CWAgent,procstat_cpu_usage,exe=redis-server;process_name=redis-server,maximum,10.349841093369838
2026-09-30T11:05:00+00:00,backend,CWAgent,procstat_cpu_usage,exe=redis-server;process_name=redis-server,maximum,10.333300646003286
2026-09-30T11:06:00+00:00,backend,CWAgent,procstat_cpu_usage,exe=redis-server;process_name=redis-server,maximum,39.91368542170112
2026-09-30T11:07:00+00:00,backend,CWAgent,procstat_cpu_usage,exe=redis-server;process_name=redis-server,maximum,41.07004656584982
2026-09-30T11:08:00+00:00,backend,CWAgent,procstat_cpu_usage,exe=redis-server;process_name=redis-server,maximum,6.26669358587562
2026-09-30T11:09:00+00:00,backend,CWAgent,procstat_cpu_usage,exe=redis-server;process_name=redis-server,maximum,1.6499920487708315
2026-09-30T11:10:00+00:00,backend,CWAgent,procstat_cpu_usage,exe=redis-server;process_name=redis-server,maximum,0.49999704110910104
2026-09-30T10:58:00+00:00,backend,CWAgent,net_bytes_recv,interface=veth2afa901,average,5191832.0
2026-09-30T10:59:00+00:00,backend,CWAgent,net_bytes_recv,interface=veth2afa901,average,3874.0
2026-09-30T11:00:00+00:00,backend,CWAgent,net_bytes_recv,interface=veth2afa901,average,3893741.0
2026-09-30T11:01:00+00:00,backend,CWAgent,net_bytes_recv,interface=veth2afa901,average,40369158.0
2026-09-30T11:02:00+00:00,backend,CWAgent,net_bytes_recv,interface=veth2afa901,average,80937292.0
2026-09-30T11:03:00+00:00,backend,CWAgent,net_bytes_recv,interface=veth2afa901,average,89652357.0
2026-09-30T11:04:00+00:00,backend,CWAgent,net_bytes_recv,interface=veth2afa901,average,89695290.0
2026-09-30T11:05:00+00:00,backend,CWAgent,net_bytes_recv,interface=veth2afa901,average,89742027.0
2026-09-30T11:06:00+00:00,backend,CWAgent,net_bytes_recv,interface=veth2afa901,average,687212744.0
2026-09-30T11:07:00+00:00,backend,CWAgent,net_bytes_recv,interface=veth2afa901,average,724633202.0
2026-09-30T11:08:00+00:00,backend,CWAgent,net_bytes_recv,interface=veth2afa901,average,49672858.0
2026-09-30T11:09:00+00:00,backend,CWAgent,net_bytes_recv,interface=veth2afa901,average,8722798.0
2026-09-30T11:10:00+00:00,backend,CWAgent,net_bytes_recv,interface=veth2afa901,average,3170.0
2026-09-30T10:58:00+00:00,backend,CWAgent,net_bytes_recv,interface=veth2afa901,maximum,5191832.0
2026-09-30T10:59:00+00:00,backend,CWAgent,net_bytes_recv,interface=veth2afa901,maximum,3874.0
2026-09-30T11:00:00+00:00,backend,CWAgent,net_bytes_recv,interface=veth2afa901,maximum,3893741.0
2026-09-30T11:01:00+00:00,backend,CWAgent,net_bytes_recv,interface=veth2afa901,maximum,40369158.0
2026-09-30T11:02:00+00:00,backend,CWAgent,net_bytes_recv,interface=veth2afa901,maximum,80937292.0
2026-09-30T11:03:00+00:00,backend,CWAgent,net_bytes_recv,interface=veth2afa901,maximum,89652357.0
2026-09-30T11:04:00+00:00,backend,CWAgent,net_bytes_recv,interface=veth2afa901,maximum,89695290.0
2026-09-30T11:05:00+00:00,backend,CWAgent,net_bytes_recv,interface=veth2afa901,maximum,89742027.0
2026-09-30T11:06:00+00:00,backend,CWAgent,net_bytes_recv,interface=veth2afa901,maximum,687212744.0
2026-09-30T11:07:00+00:00,backend,CWAgent,net_bytes_recv,interface=veth2afa901,maximum,724633202.0
2026-09-30T11:08:00+00:00,backend,CWAgent,net_bytes_recv,interface=veth2afa901,maximum,49672858.0
2026-09-30T11:09:00+00:00,backend,CWAgent,net_bytes_recv,interface=veth2afa901,maximum,8722798.0
2026-09-30T11:10:00+00:00,backend,CWAgent,net_bytes_recv,interface=veth2afa901,maximum,3170.0
2026-09-30T10:58:00+00:00,backend,CWAgent,procstat_cpu_usage,exe=containerd;process_name=containerd-shim-runc-v2,average,0.03333301844436406
2026-09-30T10:59:00+00:00,backend,CWAgent,procstat_cpu_usage,exe=containerd;process_name=containerd-shim-runc-v2,average,0.02500033727955045
2026-09-30T11:00:00+00:00,backend,CWAgent,procstat_cpu_usage,exe=containerd;process_name=containerd-shim-runc-v2,average,0.024999929963529004
2026-09-30T11:01:00+00:00,backend,CWAgent,procstat_cpu_usage,exe=containerd;process_name=containerd-shim-runc-v2,average,0.041666583178364205
2026-09-30T11:02:00+00:00,backend,CWAgent,procstat_cpu_usage,exe=containerd;process_name=containerd-shim-runc-v2,average,0.04166708601047019
2026-09-30T11:03:00+00:00,backend,CWAgent,procstat_cpu_usage,exe=containerd;process_name=containerd-shim-runc-v2,average,0.04166660974065291
2026-09-30T11:04:00+00:00,backend,CWAgent,procstat_cpu_usage,exe=containerd;process_name=containerd-shim-runc-v2,average,0.04166494397472582
2026-09-30T11:05:00+00:00,backend,CWAgent,procstat_cpu_usage,exe=containerd;process_name=containerd-shim-runc-v2,average,0.04166641987076501
2026-09-30T11:06:00+00:00,backend,CWAgent,procstat_cpu_usage,exe=containerd;process_name=containerd-shim-runc-v2,average,0.049995346518339756
2026-09-30T11:07:00+00:00,backend,CWAgent,procstat_cpu_usage,exe=containerd;process_name=containerd-shim-runc-v2,average,0.033336866691720465
2026-09-30T11:08:00+00:00,backend,CWAgent,procstat_cpu_usage,exe=containerd;process_name=containerd-shim-runc-v2,average,0.0416670916023365
2026-09-30T11:09:00+00:00,backend,CWAgent,procstat_cpu_usage,exe=containerd;process_name=containerd-shim-runc-v2,average,0.033333638973508266
2026-09-30T11:10:00+00:00,backend,CWAgent,procstat_cpu_usage,exe=containerd;process_name=containerd-shim-runc-v2,average,0.04166534329858339
2026-09-30T10:58:00+00:00,backend,CWAgent,procstat_cpu_usage,exe=containerd;process_name=containerd-shim-runc-v2,maximum,0.049999522628723314
2026-09-30T10:59:00+00:00,backend,CWAgent,procstat_cpu_usage,exe=containerd;process_name=containerd-shim-runc-v2,maximum,0.0500006745591009
2026-09-30T11:00:00+00:00,backend,CWAgent,procstat_cpu_usage,exe=containerd;process_name=containerd-shim-runc-v2,maximum,0.04999985992705801
2026-09-30T11:01:00+00:00,backend,CWAgent,procstat_cpu_usage,exe=containerd;process_name=containerd-shim-runc-v2,maximum,0.06666661941336836
2026-09-30T11:02:00+00:00,backend,CWAgent,procstat_cpu_usage,exe=containerd;process_name=containerd-shim-runc-v2,maximum,0.08333417202094039
2026-09-30T11:03:00+00:00,backend,CWAgent,procstat_cpu_usage,exe=containerd;process_name=containerd-shim-runc-v2,maximum,0.0666665984178477
2026-09-30T11:04:00+00:00,backend,CWAgent,procstat_cpu_usage,exe=containerd;process_name=containerd-shim-runc-v2,maximum,0.06666393698399438
2026-09-30T11:05:00+00:00,backend,CWAgent,procstat_cpu_usage,exe=containerd;process_name=containerd-shim-runc-v2,maximum,0.06666644373852329
2026-09-30T11:06:00+00:00,backend,CWAgent,procstat_cpu_usage,exe=containerd;process_name=containerd-shim-runc-v2,maximum,0.08332682027435799
2026-09-30T11:07:00+00:00,backend,CWAgent,procstat_cpu_usage,exe=containerd;process_name=containerd-shim-runc-v2,maximum,0.06667373338344093
2026-09-30T11:08:00+00:00,backend,CWAgent,procstat_cpu_usage,exe=containerd;process_name=containerd-shim-runc-v2,maximum,0.06666684610492747
2026-09-30T11:09:00+00:00,backend,CWAgent,procstat_cpu_usage,exe=containerd;process_name=containerd-shim-runc-v2,maximum,0.050000441759736745
2026-09-30T11:10:00+00:00,backend,CWAgent,procstat_cpu_usage,exe=containerd;process_name=containerd-shim-runc-v2,maximum,0.06666452403775255
2026-09-30T10:58:00+00:00,backend,CWAgent,net_bytes_sent,interface=br-47788c3d9ee4,average,932748.0
2026-09-30T10:59:00+00:00,backend,CWAgent,net_bytes_sent,interface=br-47788c3d9ee4,average,6313.0
2026-09-30T11:00:00+00:00,backend,CWAgent,net_bytes_sent,interface=br-47788c3d9ee4,average,627563.0
2026-09-30T11:01:00+00:00,backend,CWAgent,net_bytes_sent,interface=br-47788c3d9ee4,average,6328784.0
2026-09-30T11:02:00+00:00,backend,CWAgent,net_bytes_sent,interface=br-47788c3d9ee4,average,12422588.0
2026-09-30T11:03:00+00:00,backend,CWAgent,net_bytes_sent,interface=br-47788c3d9ee4,average,13528091.0
2026-09-30T11:04:00+00:00,backend,CWAgent,net_bytes_sent,interface=br-47788c3d9ee4,average,13567243.0
2026-09-30T11:05:00+00:00,backend,CWAgent,net_bytes_sent,interface=br-47788c3d9ee4,average,13558305.0
2026-09-30T11:06:00+00:00,backend,CWAgent,net_bytes_sent,interface=br-47788c3d9ee4,average,9588781.0
2026-09-30T11:07:00+00:00,backend,CWAgent,net_bytes_sent,interface=br-47788c3d9ee4,average,9758481.0
2026-09-30T11:08:00+00:00,backend,CWAgent,net_bytes_sent,interface=br-47788c3d9ee4,average,7695277.0
2026-09-30T11:09:00+00:00,backend,CWAgent,net_bytes_sent,interface=br-47788c3d9ee4,average,1502024.0
2026-09-30T11:10:00+00:00,backend,CWAgent,net_bytes_sent,interface=br-47788c3d9ee4,average,5959.0
2026-09-30T10:58:00+00:00,backend,CWAgent,net_bytes_sent,interface=br-47788c3d9ee4,maximum,932748.0
2026-09-30T10:59:00+00:00,backend,CWAgent,net_bytes_sent,interface=br-47788c3d9ee4,maximum,6313.0
2026-09-30T11:00:00+00:00,backend,CWAgent,net_bytes_sent,interface=br-47788c3d9ee4,maximum,627563.0
2026-09-30T11:01:00+00:00,backend,CWAgent,net_bytes_sent,interface=br-47788c3d9ee4,maximum,6328784.0
2026-09-30T11:02:00+00:00,backend,CWAgent,net_bytes_sent,interface=br-47788c3d9ee4,maximum,12422588.0
2026-09-30T11:03:00+00:00,backend,CWAgent,net_bytes_sent,interface=br-47788c3d9ee4,maximum,13528091.0
2026-09-30T11:04:00+00:00,backend,CWAgent,net_bytes_sent,interface=br-47788c3d9ee4,maximum,13567243.0
2026-09-30T11:05:00+00:00,backend,CWAgent,net_bytes_sent,interface=br-47788c3d9ee4,maximum,13558305.0
2026-09-30T11:06:00+00:00,backend,CWAgent,net_bytes_sent,interface=br-47788c3d9ee4,maximum,9588781.0
2026-09-30T11:07:00+00:00,backend,CWAgent,net_bytes_sent,interface=br-47788c3d9ee4,maximum,9758481.0
2026-09-30T11:08:00+00:00,backend,CWAgent,net_bytes_sent,interface=br-47788c3d9ee4,maximum,7695277.0
2026-09-30T11:09:00+00:00,backend,CWAgent,net_bytes_sent,interface=br-47788c3d9ee4,maximum,1502024.0
2026-09-30T11:10:00+00:00,backend,CWAgent,net_bytes_sent,interface=br-47788c3d9ee4,maximum,5959.0
2026-09-30T10:58:00+00:00,backend,CWAgent,net_bytes_recv,interface=veth2836f30,average,753351.0
2026-09-30T10:59:00+00:00,backend,CWAgent,net_bytes_recv,interface=veth2836f30,average,0.0
2026-09-30T11:00:00+00:00,backend,CWAgent,net_bytes_recv,interface=veth2836f30,average,562105.0
2026-09-30T11:01:00+00:00,backend,CWAgent,net_bytes_recv,interface=veth2836f30,average,6048087.0
2026-09-30T11:02:00+00:00,backend,CWAgent,net_bytes_recv,interface=veth2836f30,average,12363203.0
2026-09-30T11:03:00+00:00,backend,CWAgent,net_bytes_recv,interface=veth2836f30,average,13730634.0
2026-09-30T11:04:00+00:00,backend,CWAgent,net_bytes_recv,interface=veth2836f30,average,13747700.0
2026-09-30T11:05:00+00:00,backend,CWAgent,net_bytes_recv,interface=veth2836f30,average,13812554.0
2026-09-30T11:06:00+00:00,backend,CWAgent,net_bytes_recv,interface=veth2836f30,average,170027218.0
2026-09-30T11:07:00+00:00,backend,CWAgent,net_bytes_recv,interface=veth2836f30,average,178013715.0
2026-09-30T11:08:00+00:00,backend,CWAgent,net_bytes_recv,interface=veth2836f30,average,7530219.0
2026-09-30T11:09:00+00:00,backend,CWAgent,net_bytes_recv,interface=veth2836f30,average,1273274.0
2026-09-30T11:10:00+00:00,backend,CWAgent,net_bytes_recv,interface=veth2836f30,average,0.0
2026-09-30T10:58:00+00:00,backend,CWAgent,net_bytes_recv,interface=veth2836f30,maximum,753351.0
2026-09-30T10:59:00+00:00,backend,CWAgent,net_bytes_recv,interface=veth2836f30,maximum,0.0
2026-09-30T11:00:00+00:00,backend,CWAgent,net_bytes_recv,interface=veth2836f30,maximum,562105.0
2026-09-30T11:01:00+00:00,backend,CWAgent,net_bytes_recv,interface=veth2836f30,maximum,6048087.0
2026-09-30T11:02:00+00:00,backend,CWAgent,net_bytes_recv,interface=veth2836f30,maximum,12363203.0
2026-09-30T11:03:00+00:00,backend,CWAgent,net_bytes_recv,interface=veth2836f30,maximum,13730634.0
2026-09-30T11:04:00+00:00,backend,CWAgent,net_bytes_recv,interface=veth2836f30,maximum,13747700.0
2026-09-30T11:05:00+00:00,backend,CWAgent,net_bytes_recv,interface=veth2836f30,maximum,13812554.0
2026-09-30T11:06:00+00:00,backend,CWAgent,net_bytes_recv,interface=veth2836f30,maximum,170027218.0
2026-09-30T11:07:00+00:00,backend,CWAgent,net_bytes_recv,interface=veth2836f30,maximum,178013715.0
2026-09-30T11:08:00+00:00,backend,CWAgent,net_bytes_recv,interface=veth2836f30,maximum,7530219.0
2026-09-30T11:09:00+00:00,backend,CWAgent,net_bytes_recv,interface=veth2836f30,maximum,1273274.0
2026-09-30T11:10:00+00:00,backend,CWAgent,net_bytes_recv,interface=veth2836f30,maximum,0.0
2026-09-30T10:58:00+00:00,backend,CWAgent,net_bytes_recv,interface=br-47788c3d9ee4,average,3109569.0
2026-09-30T10:59:00+00:00,backend,CWAgent,net_bytes_recv,interface=br-47788c3d9ee4,average,3398.0
2026-09-30T11:00:00+00:00,backend,CWAgent,net_bytes_recv,interface=br-47788c3d9ee4,average,2348880.0
2026-09-30T11:01:00+00:00,backend,CWAgent,net_bytes_recv,interface=br-47788c3d9ee4,average,24112934.0
2026-09-30T11:02:00+00:00,backend,CWAgent,net_bytes_recv,interface=br-47788c3d9ee4,average,47382968.0
2026-09-30T11:03:00+00:00,backend,CWAgent,net_bytes_recv,interface=br-47788c3d9ee4,average,51922801.0
2026-09-30T11:04:00+00:00,backend,CWAgent,net_bytes_recv,interface=br-47788c3d9ee4,average,51978013.0
2026-09-30T11:05:00+00:00,backend,CWAgent,net_bytes_recv,interface=br-47788c3d9ee4,average,51938556.0
2026-09-30T11:06:00+00:00,backend,CWAgent,net_bytes_recv,interface=br-47788c3d9ee4,average,36808164.0
2026-09-30T11:07:00+00:00,backend,CWAgent,net_bytes_recv,interface=br-47788c3d9ee4,average,38281123.0
2026-09-30T11:08:00+00:00,backend,CWAgent,net_bytes_recv,interface=br-47788c3d9ee4,average,29337133.0
2026-09-30T11:09:00+00:00,backend,CWAgent,net_bytes_recv,interface=br-47788c3d9ee4,average,5236002.0
2026-09-30T11:10:00+00:00,backend,CWAgent,net_bytes_recv,interface=br-47788c3d9ee4,average,2806.0
2026-09-30T10:58:00+00:00,backend,CWAgent,net_bytes_recv,interface=br-47788c3d9ee4,maximum,3109569.0
2026-09-30T10:59:00+00:00,backend,CWAgent,net_bytes_recv,interface=br-47788c3d9ee4,maximum,3398.0
2026-09-30T11:00:00+00:00,backend,CWAgent,net_bytes_recv,interface=br-47788c3d9ee4,maximum,2348880.0
2026-09-30T11:01:00+00:00,backend,CWAgent,net_bytes_recv,interface=br-47788c3d9ee4,maximum,24112934.0
2026-09-30T11:02:00+00:00,backend,CWAgent,net_bytes_recv,interface=br-47788c3d9ee4,maximum,47382968.0
2026-09-30T11:03:00+00:00,backend,CWAgent,net_bytes_recv,interface=br-47788c3d9ee4,maximum,51922801.0
2026-09-30T11:04:00+00:00,backend,CWAgent,net_bytes_recv,interface=br-47788c3d9ee4,maximum,51978013.0
2026-09-30T11:05:00+00:00,backend,CWAgent,net_bytes_recv,interface=br-47788c3d9ee4,maximum,51938556.0
2026-09-30T11:06:00+00:00,backend,CWAgent,net_bytes_recv,interface=br-47788c3d9ee4,maximum,36808164.0
2026-09-30T11:07:00+00:00,backend,CWAgent,net_bytes_recv,interface=br-47788c3d9ee4,maximum,38281123.0
2026-09-30T11:08:00+00:00,backend,CWAgent,net_bytes_recv,interface=br-47788c3d9ee4,maximum,29337133.0
2026-09-30T11:09:00+00:00,backend,CWAgent,net_bytes_recv,interface=br-47788c3d9ee4,maximum,5236002.0
2026-09-30T11:10:00+00:00,backend,CWAgent,net_bytes_recv,interface=br-47788c3d9ee4,maximum,2806.0
2026-09-30T10:58:00+00:00,backend,CWAgent,procstat_memory_rss,exe=redis-server;process_name=redis-server,average,6823936.0
2026-09-30T10:59:00+00:00,backend,CWAgent,procstat_memory_rss,exe=redis-server;process_name=redis-server,average,6135808.0
2026-09-30T11:00:00+00:00,backend,CWAgent,procstat_memory_rss,exe=redis-server;process_name=redis-server,average,5795840.0
2026-09-30T11:01:00+00:00,backend,CWAgent,procstat_memory_rss,exe=redis-server;process_name=redis-server,average,6111232.0
2026-09-30T11:02:00+00:00,backend,CWAgent,procstat_memory_rss,exe=redis-server;process_name=redis-server,average,7012352.0
2026-09-30T11:03:00+00:00,backend,CWAgent,procstat_memory_rss,exe=redis-server;process_name=redis-server,average,7532544.0
2026-09-30T11:04:00+00:00,backend,CWAgent,procstat_memory_rss,exe=redis-server;process_name=redis-server,average,7569408.0
2026-09-30T11:05:00+00:00,backend,CWAgent,procstat_memory_rss,exe=redis-server;process_name=redis-server,average,7569408.0
2026-09-30T11:06:00+00:00,backend,CWAgent,procstat_memory_rss,exe=redis-server;process_name=redis-server,average,7585792.0
2026-09-30T11:07:00+00:00,backend,CWAgent,procstat_memory_rss,exe=redis-server;process_name=redis-server,average,7553024.0
2026-09-30T11:08:00+00:00,backend,CWAgent,procstat_memory_rss,exe=redis-server;process_name=redis-server,average,7553024.0
2026-09-30T11:09:00+00:00,backend,CWAgent,procstat_memory_rss,exe=redis-server;process_name=redis-server,average,7090176.0
2026-09-30T11:10:00+00:00,backend,CWAgent,procstat_memory_rss,exe=redis-server;process_name=redis-server,average,6578176.0
2026-09-30T10:58:00+00:00,backend,CWAgent,procstat_memory_rss,exe=redis-server;process_name=redis-server,maximum,6823936.0
2026-09-30T10:59:00+00:00,backend,CWAgent,procstat_memory_rss,exe=redis-server;process_name=redis-server,maximum,6135808.0
2026-09-30T11:00:00+00:00,backend,CWAgent,procstat_memory_rss,exe=redis-server;process_name=redis-server,maximum,5795840.0
2026-09-30T11:01:00+00:00,backend,CWAgent,procstat_memory_rss,exe=redis-server;process_name=redis-server,maximum,6111232.0
2026-09-30T11:02:00+00:00,backend,CWAgent,procstat_memory_rss,exe=redis-server;process_name=redis-server,maximum,7012352.0
2026-09-30T11:03:00+00:00,backend,CWAgent,procstat_memory_rss,exe=redis-server;process_name=redis-server,maximum,7532544.0
2026-09-30T11:04:00+00:00,backend,CWAgent,procstat_memory_rss,exe=redis-server;process_name=redis-server,maximum,7569408.0
2026-09-30T11:05:00+00:00,backend,CWAgent,procstat_memory_rss,exe=redis-server;process_name=redis-server,maximum,7569408.0
2026-09-30T11:06:00+00:00,backend,CWAgent,procstat_memory_rss,exe=redis-server;process_name=redis-server,maximum,7585792.0
2026-09-30T11:07:00+00:00,backend,CWAgent,procstat_memory_rss,exe=redis-server;process_name=redis-server,maximum,7553024.0
2026-09-30T11:08:00+00:00,backend,CWAgent,procstat_memory_rss,exe=redis-server;process_name=redis-server,maximum,7553024.0
2026-09-30T11:09:00+00:00,backend,CWAgent,procstat_memory_rss,exe=redis-server;process_name=redis-server,maximum,7090176.0
2026-09-30T11:10:00+00:00,backend,CWAgent,procstat_memory_rss,exe=redis-server;process_name=redis-server,maximum,6578176.0
2026-09-30T10:58:00+00:00,backend,CWAgent,net_bytes_sent,interface=veth2afa901,average,1686099.0
2026-09-30T10:59:00+00:00,backend,CWAgent,net_bytes_sent,interface=veth2afa901,average,6313.0
2026-09-30T11:00:00+00:00,backend,CWAgent,net_bytes_sent,interface=veth2afa901,average,1189668.0
2026-09-30T11:01:00+00:00,backend,CWAgent,net_bytes_sent,interface=veth2afa901,average,12376871.0
2026-09-30T11:02:00+00:00,backend,CWAgent,net_bytes_sent,interface=veth2afa901,average,24785791.0
2026-09-30T11:03:00+00:00,backend,CWAgent,net_bytes_sent,interface=veth2afa901,average,27258725.0
2026-09-30T11:04:00+00:00,backend,CWAgent,net_bytes_sent,interface=veth2afa901,average,27314943.0
2026-09-30T11:05:00+00:00,backend,CWAgent,net_bytes_sent,interface=veth2afa901,average,27370859.0
2026-09-30T11:06:00+00:00,backend,CWAgent,net_bytes_sent,interface=veth2afa901,average,179615999.0
2026-09-30T11:07:00+00:00,backend,CWAgent,net_bytes_sent,interface=veth2afa901,average,187772196.0
2026-09-30T11:08:00+00:00,backend,CWAgent,net_bytes_sent,interface=veth2afa901,average,15225496.0
2026-09-30T11:09:00+00:00,backend,CWAgent,net_bytes_sent,interface=veth2afa901,average,2775298.0
2026-09-30T11:10:00+00:00,backend,CWAgent,net_bytes_sent,interface=veth2afa901,average,5959.0
2026-09-30T10:58:00+00:00,backend,CWAgent,net_bytes_sent,interface=veth2afa901,maximum,1686099.0
2026-09-30T10:59:00+00:00,backend,CWAgent,net_bytes_sent,interface=veth2afa901,maximum,6313.0
2026-09-30T11:00:00+00:00,backend,CWAgent,net_bytes_sent,interface=veth2afa901,maximum,1189668.0
2026-09-30T11:01:00+00:00,backend,CWAgent,net_bytes_sent,interface=veth2afa901,maximum,12376871.0
2026-09-30T11:02:00+00:00,backend,CWAgent,net_bytes_sent,interface=veth2afa901,maximum,24785791.0
2026-09-30T11:03:00+00:00,backend,CWAgent,net_bytes_sent,interface=veth2afa901,maximum,27258725.0
2026-09-30T11:04:00+00:00,backend,CWAgent,net_bytes_sent,interface=veth2afa901,maximum,27314943.0
2026-09-30T11:05:00+00:00,backend,CWAgent,net_bytes_sent,interface=veth2afa901,maximum,27370859.0
2026-09-30T11:06:00+00:00,backend,CWAgent,net_bytes_sent,interface=veth2afa901,maximum,179615999.0
2026-09-30T11:07:00+00:00,backend,CWAgent,net_bytes_sent,interface=veth2afa901,maximum,187772196.0
2026-09-30T11:08:00+00:00,backend,CWAgent,net_bytes_sent,interface=veth2afa901,maximum,15225496.0
2026-09-30T11:09:00+00:00,backend,CWAgent,net_bytes_sent,interface=veth2afa901,maximum,2775298.0
2026-09-30T11:10:00+00:00,backend,CWAgent,net_bytes_sent,interface=veth2afa901,maximum,5959.0
2026-09-30T10:58:00+00:00,backend,CWAgent,procstat_cpu_usage,exe=java;process_name=java,average,3.633464973103658
2026-09-30T10:59:00+00:00,backend,CWAgent,procstat_cpu_usage,exe=java;process_name=java,average,0.24999646680349494
2026-09-30T11:00:00+00:00,backend,CWAgent,procstat_cpu_usage,exe=java;process_name=java,average,3.0999783354399506
2026-09-30T11:01:00+00:00,backend,CWAgent,procstat_cpu_usage,exe=java;process_name=java,average,25.73525915896494
2026-09-30T11:02:00+00:00,backend,CWAgent,procstat_cpu_usage,exe=java;process_name=java,average,45.06089385246991
2026-09-30T11:03:00+00:00,backend,CWAgent,procstat_cpu_usage,exe=java;process_name=java,average,49.01614844507086
2026-09-30T11:04:00+00:00,backend,CWAgent,procstat_cpu_usage,exe=java;process_name=java,average,47.13473121041316
2026-09-30T11:05:00+00:00,backend,CWAgent,procstat_cpu_usage,exe=java;process_name=java,average,47.08185489089758
2026-09-30T11:06:00+00:00,backend,CWAgent,procstat_cpu_usage,exe=java;process_name=java,average,139.5110893107772
2026-09-30T11:07:00+00:00,backend,CWAgent,procstat_cpu_usage,exe=java;process_name=java,average,145.0388290923082
2026-09-30T11:08:00+00:00,backend,CWAgent,procstat_cpu_usage,exe=java;process_name=java,average,29.119467211041727
2026-09-30T11:09:00+00:00,backend,CWAgent,procstat_cpu_usage,exe=java;process_name=java,average,5.900190738514375
2026-09-30T11:10:00+00:00,backend,CWAgent,procstat_cpu_usage,exe=java;process_name=java,average,0.41664987744118154
2026-09-30T10:58:00+00:00,backend,CWAgent,procstat_cpu_usage,exe=java;process_name=java,maximum,3.633464973103658
2026-09-30T10:59:00+00:00,backend,CWAgent,procstat_cpu_usage,exe=java;process_name=java,maximum,0.24999646680349494
2026-09-30T11:00:00+00:00,backend,CWAgent,procstat_cpu_usage,exe=java;process_name=java,maximum,3.0999783354399506
2026-09-30T11:01:00+00:00,backend,CWAgent,procstat_cpu_usage,exe=java;process_name=java,maximum,25.73525915896494
2026-09-30T11:02:00+00:00,backend,CWAgent,procstat_cpu_usage,exe=java;process_name=java,maximum,45.06089385246991
2026-09-30T11:03:00+00:00,backend,CWAgent,procstat_cpu_usage,exe=java;process_name=java,maximum,49.01614844507086
2026-09-30T11:04:00+00:00,backend,CWAgent,procstat_cpu_usage,exe=java;process_name=java,maximum,47.13473121041316
2026-09-30T11:05:00+00:00,backend,CWAgent,procstat_cpu_usage,exe=java;process_name=java,maximum,47.08185489089758
2026-09-30T11:06:00+00:00,backend,CWAgent,procstat_cpu_usage,exe=java;process_name=java,maximum,139.5110893107772
2026-09-30T11:07:00+00:00,backend,CWAgent,procstat_cpu_usage,exe=java;process_name=java,maximum,145.0388290923082
2026-09-30T11:08:00+00:00,backend,CWAgent,procstat_cpu_usage,exe=java;process_name=java,maximum,29.119467211041727
2026-09-30T11:09:00+00:00,backend,CWAgent,procstat_cpu_usage,exe=java;process_name=java,maximum,5.900190738514375
2026-09-30T11:10:00+00:00,backend,CWAgent,procstat_cpu_usage,exe=java;process_name=java,maximum,0.41664987744118154
2026-09-30T10:58:00+00:00,backend,CWAgent,procstat_memory_rss,exe=containerd;process_name=containerd-shim-runc-v2,average,7309312.0
2026-09-30T10:59:00+00:00,backend,CWAgent,procstat_memory_rss,exe=containerd;process_name=containerd-shim-runc-v2,average,7317504.0
2026-09-30T11:00:00+00:00,backend,CWAgent,procstat_memory_rss,exe=containerd;process_name=containerd-shim-runc-v2,average,7426048.0
2026-09-30T11:01:00+00:00,backend,CWAgent,procstat_memory_rss,exe=containerd;process_name=containerd-shim-runc-v2,average,7489536.0
2026-09-30T11:02:00+00:00,backend,CWAgent,procstat_memory_rss,exe=containerd;process_name=containerd-shim-runc-v2,average,7536640.0
2026-09-30T11:03:00+00:00,backend,CWAgent,procstat_memory_rss,exe=containerd;process_name=containerd-shim-runc-v2,average,7491584.0
2026-09-30T11:04:00+00:00,backend,CWAgent,procstat_memory_rss,exe=containerd;process_name=containerd-shim-runc-v2,average,7471104.0
2026-09-30T11:05:00+00:00,backend,CWAgent,procstat_memory_rss,exe=containerd;process_name=containerd-shim-runc-v2,average,7548928.0
2026-09-30T11:06:00+00:00,backend,CWAgent,procstat_memory_rss,exe=containerd;process_name=containerd-shim-runc-v2,average,6905856.0
2026-09-30T11:07:00+00:00,backend,CWAgent,procstat_memory_rss,exe=containerd;process_name=containerd-shim-runc-v2,average,6825984.0
2026-09-30T11:08:00+00:00,backend,CWAgent,procstat_memory_rss,exe=containerd;process_name=containerd-shim-runc-v2,average,6989824.0
2026-09-30T11:09:00+00:00,backend,CWAgent,procstat_memory_rss,exe=containerd;process_name=containerd-shim-runc-v2,average,7004160.0
2026-09-30T11:10:00+00:00,backend,CWAgent,procstat_memory_rss,exe=containerd;process_name=containerd-shim-runc-v2,average,7059456.0
2026-09-30T10:58:00+00:00,backend,CWAgent,procstat_memory_rss,exe=containerd;process_name=containerd-shim-runc-v2,maximum,9404416.0
2026-09-30T10:59:00+00:00,backend,CWAgent,procstat_memory_rss,exe=containerd;process_name=containerd-shim-runc-v2,maximum,9420800.0
2026-09-30T11:00:00+00:00,backend,CWAgent,procstat_memory_rss,exe=containerd;process_name=containerd-shim-runc-v2,maximum,9478144.0
2026-09-30T11:01:00+00:00,backend,CWAgent,procstat_memory_rss,exe=containerd;process_name=containerd-shim-runc-v2,maximum,9601024.0
2026-09-30T11:02:00+00:00,backend,CWAgent,procstat_memory_rss,exe=containerd;process_name=containerd-shim-runc-v2,maximum,9695232.0
2026-09-30T11:03:00+00:00,backend,CWAgent,procstat_memory_rss,exe=containerd;process_name=containerd-shim-runc-v2,maximum,9605120.0
2026-09-30T11:04:00+00:00,backend,CWAgent,procstat_memory_rss,exe=containerd;process_name=containerd-shim-runc-v2,maximum,9564160.0
2026-09-30T11:05:00+00:00,backend,CWAgent,procstat_memory_rss,exe=containerd;process_name=containerd-shim-runc-v2,maximum,9654272.0
2026-09-30T11:06:00+00:00,backend,CWAgent,procstat_memory_rss,exe=containerd;process_name=containerd-shim-runc-v2,maximum,8609792.0
2026-09-30T11:07:00+00:00,backend,CWAgent,procstat_memory_rss,exe=containerd;process_name=containerd-shim-runc-v2,maximum,8527872.0
2026-09-30T11:08:00+00:00,backend,CWAgent,procstat_memory_rss,exe=containerd;process_name=containerd-shim-runc-v2,maximum,8826880.0
2026-09-30T11:09:00+00:00,backend,CWAgent,procstat_memory_rss,exe=containerd;process_name=containerd-shim-runc-v2,maximum,8847360.0
2026-09-30T11:10:00+00:00,backend,CWAgent,procstat_memory_rss,exe=containerd;process_name=containerd-shim-runc-v2,maximum,8884224.0
2026-09-30T10:58:00+00:00,backend,CWAgent,net_bytes_sent,interface=veth2836f30,average,1943173.0
2026-09-30T10:59:00+00:00,backend,CWAgent,net_bytes_sent,interface=veth2836f30,average,0.0
2026-09-30T11:00:00+00:00,backend,CWAgent,net_bytes_sent,interface=veth2836f30,average,1457515.0
2026-09-30T11:01:00+00:00,backend,CWAgent,net_bytes_sent,interface=veth2836f30,average,15430235.0
2026-09-30T11:02:00+00:00,backend,CWAgent,net_bytes_sent,interface=veth2836f30,average,32077061.0
2026-09-30T11:03:00+00:00,backend,CWAgent,net_bytes_sent,interface=veth2836f30,average,36070122.0
2026-09-30T11:04:00+00:00,backend,CWAgent,net_bytes_sent,interface=veth2836f30,average,36050437.0
2026-09-30T11:05:00+00:00,backend,CWAgent,net_bytes_sent,interface=veth2836f30,average,36138129.0
2026-09-30T11:06:00+00:00,backend,CWAgent,net_bytes_sent,interface=veth2836f30,average,649098660.0
2026-09-30T11:07:00+00:00,backend,CWAgent,net_bytes_sent,interface=veth2836f30,average,684992959.0
2026-09-30T11:08:00+00:00,backend,CWAgent,net_bytes_sent,interface=veth2836f30,average,19338407.0
2026-09-30T11:09:00+00:00,backend,CWAgent,net_bytes_sent,interface=veth2836f30,average,3262390.0
2026-09-30T11:10:00+00:00,backend,CWAgent,net_bytes_sent,interface=veth2836f30,average,0.0
2026-09-30T10:58:00+00:00,backend,CWAgent,net_bytes_sent,interface=veth2836f30,maximum,1943173.0
2026-09-30T10:59:00+00:00,backend,CWAgent,net_bytes_sent,interface=veth2836f30,maximum,0.0
2026-09-30T11:00:00+00:00,backend,CWAgent,net_bytes_sent,interface=veth2836f30,maximum,1457515.0
2026-09-30T11:01:00+00:00,backend,CWAgent,net_bytes_sent,interface=veth2836f30,maximum,15430235.0
2026-09-30T11:02:00+00:00,backend,CWAgent,net_bytes_sent,interface=veth2836f30,maximum,32077061.0
2026-09-30T11:03:00+00:00,backend,CWAgent,net_bytes_sent,interface=veth2836f30,maximum,36070122.0
2026-09-30T11:04:00+00:00,backend,CWAgent,net_bytes_sent,interface=veth2836f30,maximum,36050437.0
2026-09-30T11:05:00+00:00,backend,CWAgent,net_bytes_sent,interface=veth2836f30,maximum,36138129.0
2026-09-30T11:06:00+00:00,backend,CWAgent,net_bytes_sent,interface=veth2836f30,maximum,649098660.0
2026-09-30T11:07:00+00:00,backend,CWAgent,net_bytes_sent,interface=veth2836f30,maximum,684992959.0
2026-09-30T11:08:00+00:00,backend,CWAgent,net_bytes_sent,interface=veth2836f30,maximum,19338407.0
2026-09-30T11:09:00+00:00,backend,CWAgent,net_bytes_sent,interface=veth2836f30,maximum,3262390.0
2026-09-30T11:10:00+00:00,backend,CWAgent,net_bytes_sent,interface=veth2836f30,maximum,0.0
2026-09-30T10:58:00+00:00,backend,AWS/EC2,CPUUtilization,,average,5.05
2026-09-30T10:59:00+00:00,backend,AWS/EC2,CPUUtilization,,average,1.5097676125652701
2026-09-30T11:00:00+00:00,backend,AWS/EC2,CPUUtilization,,average,3.25
2026-09-30T11:01:00+00:00,backend,AWS/EC2,CPUUtilization,,average,19.172494172494172
2026-09-30T11:02:00+00:00,backend,AWS/EC2,CPUUtilization,,average,33.517225287088124
2026-09-30T11:03:00+00:00,backend,AWS/EC2,CPUUtilization,,average,36.4108039572246
2026-09-30T11:04:00+00:00,backend,AWS/EC2,CPUUtilization,,average,35.18265676512704
2026-09-30T11:05:00+00:00,backend,AWS/EC2,CPUUtilization,,average,35.133918898648304
2026-09-30T11:06:00+00:00,backend,AWS/EC2,CPUUtilization,,average,86.70688821852968
2026-09-30T11:07:00+00:00,backend,AWS/EC2,CPUUtilization,,average,96.85671905468243
2026-09-30T11:08:00+00:00,backend,AWS/EC2,CPUUtilization,,average,28.30283111726531
2026-09-30T11:09:00+00:00,backend,AWS/EC2,CPUUtilization,,average,7.0516342807666055
2026-09-30T11:10:00+00:00,backend,AWS/EC2,CPUUtilization,,average,1.6916666666666667
2026-09-30T10:58:00+00:00,backend,AWS/EC2,CPUUtilization,,maximum,5.05
2026-09-30T10:59:00+00:00,backend,AWS/EC2,CPUUtilization,,maximum,1.5097676125652701
2026-09-30T11:00:00+00:00,backend,AWS/EC2,CPUUtilization,,maximum,3.25
2026-09-30T11:01:00+00:00,backend,AWS/EC2,CPUUtilization,,maximum,19.172494172494172
2026-09-30T11:02:00+00:00,backend,AWS/EC2,CPUUtilization,,maximum,33.517225287088124
2026-09-30T11:03:00+00:00,backend,AWS/EC2,CPUUtilization,,maximum,36.4108039572246
2026-09-30T11:04:00+00:00,backend,AWS/EC2,CPUUtilization,,maximum,35.18265676512704
2026-09-30T11:05:00+00:00,backend,AWS/EC2,CPUUtilization,,maximum,35.133918898648304
2026-09-30T11:06:00+00:00,backend,AWS/EC2,CPUUtilization,,maximum,86.70688821852968
2026-09-30T11:07:00+00:00,backend,AWS/EC2,CPUUtilization,,maximum,96.85671905468243
2026-09-30T11:08:00+00:00,backend,AWS/EC2,CPUUtilization,,maximum,28.30283111726531
2026-09-30T11:09:00+00:00,backend,AWS/EC2,CPUUtilization,,maximum,7.0516342807666055
2026-09-30T11:10:00+00:00,backend,AWS/EC2,CPUUtilization,,maximum,1.6916666666666667
2026-09-30T10:58:00+00:00,backend,AWS/EC2,EBSWriteBytes,,average,2191360.0
2026-09-30T10:59:00+00:00,backend,AWS/EC2,EBSWriteBytes,,average,794624.0
2026-09-30T11:00:00+00:00,backend,AWS/EC2,EBSWriteBytes,,average,196608.0
2026-09-30T11:01:00+00:00,backend,AWS/EC2,EBSWriteBytes,,average,1024000.0
2026-09-30T11:02:00+00:00,backend,AWS/EC2,EBSWriteBytes,,average,1146880.0
2026-09-30T11:03:00+00:00,backend,AWS/EC2,EBSWriteBytes,,average,2584576.0
2026-09-30T11:04:00+00:00,backend,AWS/EC2,EBSWriteBytes,,average,3190784.0
2026-09-30T11:05:00+00:00,backend,AWS/EC2,EBSWriteBytes,,average,3149824.0
2026-09-30T11:06:00+00:00,backend,AWS/EC2,EBSWriteBytes,,average,3969024.0
2026-09-30T11:07:00+00:00,backend,AWS/EC2,EBSWriteBytes,,average,8220672.0
2026-09-30T11:08:00+00:00,backend,AWS/EC2,EBSWriteBytes,,average,3575808.0
2026-09-30T11:09:00+00:00,backend,AWS/EC2,EBSWriteBytes,,average,2195456.0
2026-09-30T11:10:00+00:00,backend,AWS/EC2,EBSWriteBytes,,average,851968.0
2026-09-30T10:58:00+00:00,backend,AWS/EC2,EBSWriteBytes,,maximum,2191360.0
2026-09-30T10:59:00+00:00,backend,AWS/EC2,EBSWriteBytes,,maximum,794624.0
2026-09-30T11:00:00+00:00,backend,AWS/EC2,EBSWriteBytes,,maximum,196608.0
2026-09-30T11:01:00+00:00,backend,AWS/EC2,EBSWriteBytes,,maximum,1024000.0
2026-09-30T11:02:00+00:00,backend,AWS/EC2,EBSWriteBytes,,maximum,1146880.0
2026-09-30T11:03:00+00:00,backend,AWS/EC2,EBSWriteBytes,,maximum,2584576.0
2026-09-30T11:04:00+00:00,backend,AWS/EC2,EBSWriteBytes,,maximum,3190784.0
2026-09-30T11:05:00+00:00,backend,AWS/EC2,EBSWriteBytes,,maximum,3149824.0
2026-09-30T11:06:00+00:00,backend,AWS/EC2,EBSWriteBytes,,maximum,3969024.0
2026-09-30T11:07:00+00:00,backend,AWS/EC2,EBSWriteBytes,,maximum,8220672.0
2026-09-30T11:08:00+00:00,backend,AWS/EC2,EBSWriteBytes,,maximum,3575808.0
2026-09-30T11:09:00+00:00,backend,AWS/EC2,EBSWriteBytes,,maximum,2195456.0
2026-09-30T11:10:00+00:00,backend,AWS/EC2,EBSWriteBytes,,maximum,851968.0
2026-09-30T10:58:00+00:00,backend,AWS/EC2,EBSReadOps,,average,45.0
2026-09-30T10:59:00+00:00,backend,AWS/EC2,EBSReadOps,,average,40.0
2026-09-30T11:00:00+00:00,backend,AWS/EC2,EBSReadOps,,average,350.0
2026-09-30T11:01:00+00:00,backend,AWS/EC2,EBSReadOps,,average,696.0
2026-09-30T11:02:00+00:00,backend,AWS/EC2,EBSReadOps,,average,67.0
2026-09-30T11:03:00+00:00,backend,AWS/EC2,EBSReadOps,,average,53.0
2026-09-30T11:04:00+00:00,backend,AWS/EC2,EBSReadOps,,average,15.0
2026-09-30T11:05:00+00:00,backend,AWS/EC2,EBSReadOps,,average,19.0
2026-09-30T11:06:00+00:00,backend,AWS/EC2,EBSReadOps,,average,128.0
2026-09-30T11:07:00+00:00,backend,AWS/EC2,EBSReadOps,,average,8281.0
2026-09-30T11:08:00+00:00,backend,AWS/EC2,EBSReadOps,,average,185.0
2026-09-30T11:09:00+00:00,backend,AWS/EC2,EBSReadOps,,average,103.0
2026-09-30T11:10:00+00:00,backend,AWS/EC2,EBSReadOps,,average,27.0
2026-09-30T10:58:00+00:00,backend,AWS/EC2,EBSReadOps,,maximum,45.0
2026-09-30T10:59:00+00:00,backend,AWS/EC2,EBSReadOps,,maximum,40.0
2026-09-30T11:00:00+00:00,backend,AWS/EC2,EBSReadOps,,maximum,350.0
2026-09-30T11:01:00+00:00,backend,AWS/EC2,EBSReadOps,,maximum,696.0
2026-09-30T11:02:00+00:00,backend,AWS/EC2,EBSReadOps,,maximum,67.0
2026-09-30T11:03:00+00:00,backend,AWS/EC2,EBSReadOps,,maximum,53.0
2026-09-30T11:04:00+00:00,backend,AWS/EC2,EBSReadOps,,maximum,15.0
2026-09-30T11:05:00+00:00,backend,AWS/EC2,EBSReadOps,,maximum,19.0
2026-09-30T11:06:00+00:00,backend,AWS/EC2,EBSReadOps,,maximum,128.0
2026-09-30T11:07:00+00:00,backend,AWS/EC2,EBSReadOps,,maximum,8281.0
2026-09-30T11:08:00+00:00,backend,AWS/EC2,EBSReadOps,,maximum,185.0
2026-09-30T11:09:00+00:00,backend,AWS/EC2,EBSReadOps,,maximum,103.0
2026-09-30T11:10:00+00:00,backend,AWS/EC2,EBSReadOps,,maximum,27.0
2026-09-30T10:58:00+00:00,backend,AWS/EC2,EBSWriteOps,,average,57.0
2026-09-30T10:59:00+00:00,backend,AWS/EC2,EBSWriteOps,,average,50.0
2026-09-30T11:00:00+00:00,backend,AWS/EC2,EBSWriteOps,,average,35.0
2026-09-30T11:01:00+00:00,backend,AWS/EC2,EBSWriteOps,,average,162.0
2026-09-30T11:02:00+00:00,backend,AWS/EC2,EBSWriteOps,,average,53.0
2026-09-30T11:03:00+00:00,backend,AWS/EC2,EBSWriteOps,,average,61.0
2026-09-30T11:04:00+00:00,backend,AWS/EC2,EBSWriteOps,,average,61.0
2026-09-30T11:05:00+00:00,backend,AWS/EC2,EBSWriteOps,,average,57.0
2026-09-30T11:06:00+00:00,backend,AWS/EC2,EBSWriteOps,,average,105.0
2026-09-30T11:07:00+00:00,backend,AWS/EC2,EBSWriteOps,,average,438.0
2026-09-30T11:08:00+00:00,backend,AWS/EC2,EBSWriteOps,,average,162.0
2026-09-30T11:09:00+00:00,backend,AWS/EC2,EBSWriteOps,,average,54.0
2026-09-30T11:10:00+00:00,backend,AWS/EC2,EBSWriteOps,,average,58.0
2026-09-30T10:58:00+00:00,backend,AWS/EC2,EBSWriteOps,,maximum,57.0
2026-09-30T10:59:00+00:00,backend,AWS/EC2,EBSWriteOps,,maximum,50.0
2026-09-30T11:00:00+00:00,backend,AWS/EC2,EBSWriteOps,,maximum,35.0
2026-09-30T11:01:00+00:00,backend,AWS/EC2,EBSWriteOps,,maximum,162.0
2026-09-30T11:02:00+00:00,backend,AWS/EC2,EBSWriteOps,,maximum,53.0
2026-09-30T11:03:00+00:00,backend,AWS/EC2,EBSWriteOps,,maximum,61.0
2026-09-30T11:04:00+00:00,backend,AWS/EC2,EBSWriteOps,,maximum,61.0
2026-09-30T11:05:00+00:00,backend,AWS/EC2,EBSWriteOps,,maximum,57.0
2026-09-30T11:06:00+00:00,backend,AWS/EC2,EBSWriteOps,,maximum,105.0
2026-09-30T11:07:00+00:00,backend,AWS/EC2,EBSWriteOps,,maximum,438.0
2026-09-30T11:08:00+00:00,backend,AWS/EC2,EBSWriteOps,,maximum,162.0
2026-09-30T11:09:00+00:00,backend,AWS/EC2,EBSWriteOps,,maximum,54.0
2026-09-30T11:10:00+00:00,backend,AWS/EC2,EBSWriteOps,,maximum,58.0
2026-09-30T10:58:00+00:00,backend,AWS/EC2,EBSReadBytes,,average,282624.0
2026-09-30T10:59:00+00:00,backend,AWS/EC2,EBSReadBytes,,average,516096.0
2026-09-30T11:00:00+00:00,backend,AWS/EC2,EBSReadBytes,,average,3424256.0
2026-09-30T11:01:00+00:00,backend,AWS/EC2,EBSReadBytes,,average,17850368.0
2026-09-30T11:02:00+00:00,backend,AWS/EC2,EBSReadBytes,,average,507904.0
2026-09-30T11:03:00+00:00,backend,AWS/EC2,EBSReadBytes,,average,393216.0
2026-09-30T11:04:00+00:00,backend,AWS/EC2,EBSReadBytes,,average,180224.0
2026-09-30T11:05:00+00:00,backend,AWS/EC2,EBSReadBytes,,average,667648.0
2026-09-30T11:06:00+00:00,backend,AWS/EC2,EBSReadBytes,,average,1064960.0
2026-09-30T11:07:00+00:00,backend,AWS/EC2,EBSReadBytes,,average,55599104.0
2026-09-30T11:08:00+00:00,backend,AWS/EC2,EBSReadBytes,,average,2637824.0
2026-09-30T11:09:00+00:00,backend,AWS/EC2,EBSReadBytes,,average,1724416.0
2026-09-30T11:10:00+00:00,backend,AWS/EC2,EBSReadBytes,,average,409600.0
2026-09-30T10:58:00+00:00,backend,AWS/EC2,EBSReadBytes,,maximum,282624.0
2026-09-30T10:59:00+00:00,backend,AWS/EC2,EBSReadBytes,,maximum,516096.0
2026-09-30T11:00:00+00:00,backend,AWS/EC2,EBSReadBytes,,maximum,3424256.0
2026-09-30T11:01:00+00:00,backend,AWS/EC2,EBSReadBytes,,maximum,17850368.0
2026-09-30T11:02:00+00:00,backend,AWS/EC2,EBSReadBytes,,maximum,507904.0
2026-09-30T11:03:00+00:00,backend,AWS/EC2,EBSReadBytes,,maximum,393216.0
2026-09-30T11:04:00+00:00,backend,AWS/EC2,EBSReadBytes,,maximum,180224.0
2026-09-30T11:05:00+00:00,backend,AWS/EC2,EBSReadBytes,,maximum,667648.0
2026-09-30T11:06:00+00:00,backend,AWS/EC2,EBSReadBytes,,maximum,1064960.0
2026-09-30T11:07:00+00:00,backend,AWS/EC2,EBSReadBytes,,maximum,55599104.0
2026-09-30T11:08:00+00:00,backend,AWS/EC2,EBSReadBytes,,maximum,2637824.0
2026-09-30T11:09:00+00:00,backend,AWS/EC2,EBSReadBytes,,maximum,1724416.0
2026-09-30T11:10:00+00:00,backend,AWS/EC2,EBSReadBytes,,maximum,409600.0
2026-09-30T10:58:00+00:00,backend,AWS/EC2,NetworkOut,,average,8969610.0
2026-09-30T10:59:00+00:00,backend,AWS/EC2,NetworkOut,,average,58216.0
2026-09-30T11:00:00+00:00,backend,AWS/EC2,NetworkOut,,average,438905.0
2026-09-30T11:01:00+00:00,backend,AWS/EC2,NetworkOut,,average,16518556.0
2026-09-30T11:02:00+00:00,backend,AWS/EC2,NetworkOut,,average,44036980.0
2026-09-30T11:03:00+00:00,backend,AWS/EC2,NetworkOut,,average,54768671.0
2026-09-30T11:04:00+00:00,backend,AWS/EC2,NetworkOut,,average,54503178.0
2026-09-30T11:05:00+00:00,backend,AWS/EC2,NetworkOut,,average,54534497.0
2026-09-30T11:06:00+00:00,backend,AWS/EC2,NetworkOut,,average,44051715.0
2026-09-30T11:07:00+00:00,backend,AWS/EC2,NetworkOut,,average,40670162.0
2026-09-30T11:08:00+00:00,backend,AWS/EC2,NetworkOut,,average,37291137.0
2026-09-30T11:09:00+00:00,backend,AWS/EC2,NetworkOut,,average,12682631.0
2026-09-30T11:10:00+00:00,backend,AWS/EC2,NetworkOut,,average,111532.0
2026-09-30T10:58:00+00:00,backend,AWS/EC2,NetworkOut,,maximum,8969610.0
2026-09-30T10:59:00+00:00,backend,AWS/EC2,NetworkOut,,maximum,58216.0
2026-09-30T11:00:00+00:00,backend,AWS/EC2,NetworkOut,,maximum,438905.0
2026-09-30T11:01:00+00:00,backend,AWS/EC2,NetworkOut,,maximum,16518556.0
2026-09-30T11:02:00+00:00,backend,AWS/EC2,NetworkOut,,maximum,44036980.0
2026-09-30T11:03:00+00:00,backend,AWS/EC2,NetworkOut,,maximum,54768671.0
2026-09-30T11:04:00+00:00,backend,AWS/EC2,NetworkOut,,maximum,54503178.0
2026-09-30T11:05:00+00:00,backend,AWS/EC2,NetworkOut,,maximum,54534497.0
2026-09-30T11:06:00+00:00,backend,AWS/EC2,NetworkOut,,maximum,44051715.0
2026-09-30T11:07:00+00:00,backend,AWS/EC2,NetworkOut,,maximum,40670162.0
2026-09-30T11:08:00+00:00,backend,AWS/EC2,NetworkOut,,maximum,37291137.0
2026-09-30T11:09:00+00:00,backend,AWS/EC2,NetworkOut,,maximum,12682631.0
2026-09-30T11:10:00+00:00,backend,AWS/EC2,NetworkOut,,maximum,111532.0
2026-09-30T10:58:00+00:00,backend,AWS/EC2,NetworkIn,,average,2364777.0
2026-09-30T10:59:00+00:00,backend,AWS/EC2,NetworkIn,,average,16635.0
2026-09-30T11:00:00+00:00,backend,AWS/EC2,NetworkIn,,average,368135.0
2026-09-30T11:01:00+00:00,backend,AWS/EC2,NetworkIn,,average,4099988.0
2026-09-30T11:02:00+00:00,backend,AWS/EC2,NetworkIn,,average,10938883.0
2026-09-30T11:03:00+00:00,backend,AWS/EC2,NetworkIn,,average,13546358.0
2026-09-30T11:04:00+00:00,backend,AWS/EC2,NetworkIn,,average,13463450.0
2026-09-30T11:05:00+00:00,backend,AWS/EC2,NetworkIn,,average,13477867.0
2026-09-30T11:06:00+00:00,backend,AWS/EC2,NetworkIn,,average,10937666.0
2026-09-30T11:07:00+00:00,backend,AWS/EC2,NetworkIn,,average,9827724.0
2026-09-30T11:08:00+00:00,backend,AWS/EC2,NetworkIn,,average,9088835.0
2026-09-30T11:09:00+00:00,backend,AWS/EC2,NetworkIn,,average,3185879.0
2026-09-30T11:10:00+00:00,backend,AWS/EC2,NetworkIn,,average,103227.0
2026-09-30T10:58:00+00:00,backend,AWS/EC2,NetworkIn,,maximum,2364777.0
2026-09-30T10:59:00+00:00,backend,AWS/EC2,NetworkIn,,maximum,16635.0
2026-09-30T11:00:00+00:00,backend,AWS/EC2,NetworkIn,,maximum,368135.0
2026-09-30T11:01:00+00:00,backend,AWS/EC2,NetworkIn,,maximum,4099988.0
2026-09-30T11:02:00+00:00,backend,AWS/EC2,NetworkIn,,maximum,10938883.0
2026-09-30T11:03:00+00:00,backend,AWS/EC2,NetworkIn,,maximum,13546358.0
2026-09-30T11:04:00+00:00,backend,AWS/EC2,NetworkIn,,maximum,13463450.0
2026-09-30T11:05:00+00:00,backend,AWS/EC2,NetworkIn,,maximum,13477867.0
2026-09-30T11:06:00+00:00,backend,AWS/EC2,NetworkIn,,maximum,10937666.0
2026-09-30T11:07:00+00:00,backend,AWS/EC2,NetworkIn,,maximum,9827724.0
2026-09-30T11:08:00+00:00,backend,AWS/EC2,NetworkIn,,maximum,9088835.0
2026-09-30T11:09:00+00:00,backend,AWS/EC2,NetworkIn,,maximum,3185879.0
2026-09-30T11:10:00+00:00,backend,AWS/EC2,NetworkIn,,maximum,103227.0
2026-09-30T11:00:00+00:00,backend,AWS/EC2,CPUCreditBalance,,average,0.0
2026-09-30T11:05:00+00:00,backend,AWS/EC2,CPUCreditBalance,,average,0.0
2026-09-30T11:10:00+00:00,backend,AWS/EC2,CPUCreditBalance,,average,0.0
2026-09-30T11:00:00+00:00,backend,AWS/EC2,CPUCreditBalance,,maximum,0.0
2026-09-30T11:05:00+00:00,backend,AWS/EC2,CPUCreditBalance,,maximum,0.0
2026-09-30T11:10:00+00:00,backend,AWS/EC2,CPUCreditBalance,,maximum,0.0
2026-09-30T11:00:00+00:00,backend,AWS/EC2,CPUCreditUsage,,average,1.2737721666666666
2026-09-30T11:05:00+00:00,backend,AWS/EC2,CPUCreditUsage,,average,3.194381133333333
2026-09-30T11:10:00+00:00,backend,AWS/EC2,CPUCreditUsage,,average,4.404252966666666
2026-09-30T11:00:00+00:00,backend,AWS/EC2,CPUCreditUsage,,maximum,1.2737721666666666
2026-09-30T11:05:00+00:00,backend,AWS/EC2,CPUCreditUsage,,maximum,3.194381133333333
2026-09-30T11:10:00+00:00,backend,AWS/EC2,CPUCreditUsage,,maximum,4.404252966666666
2026-09-30T11:00:00+00:00,backend,AWS/EC2,CPUSurplusCreditBalance,,average,35.48136845
2026-09-30T11:05:00+00:00,backend,AWS/EC2,CPUSurplusCreditBalance,,average,37.67553291666667
2026-09-30T11:10:00+00:00,backend,AWS/EC2,CPUSurplusCreditBalance,,average,41.08020255
2026-09-30T11:00:00+00:00,backend,AWS/EC2,CPUSurplusCreditBalance,,maximum,35.48136845
2026-09-30T11:05:00+00:00,backend,AWS/EC2,CPUSurplusCreditBalance,,maximum,37.67553291666667
2026-09-30T11:10:00+00:00,backend,AWS/EC2,CPUSurplusCreditBalance,,maximum,41.08020255
2026-09-30T11:00:00+00:00,backend,AWS/EC2,CPUSurplusCreditsCharged,,average,0.0
2026-09-30T11:05:00+00:00,backend,AWS/EC2,CPUSurplusCreditsCharged,,average,0.0
2026-09-30T11:10:00+00:00,backend,AWS/EC2,CPUSurplusCreditsCharged,,average,0.0
2026-09-30T11:00:00+00:00,backend,AWS/EC2,CPUSurplusCreditsCharged,,maximum,0.0
2026-09-30T11:05:00+00:00,backend,AWS/EC2,CPUSurplusCreditsCharged,,maximum,0.0
2026-09-30T11:10:00+00:00,backend,AWS/EC2,CPUSurplusCreditsCharged,,maximum,0.0
2026-09-30T10:58:00+00:00,loadgen,MintLoadgen,mem_used_percent,,average,12.237023316474154
2026-09-30T10:59:00+00:00,loadgen,MintLoadgen,mem_used_percent,,average,2.3367481754781463
2026-09-30T11:00:00+00:00,loadgen,MintLoadgen,mem_used_percent,,average,2.3366481605759257
2026-09-30T11:01:00+00:00,loadgen,MintLoadgen,mem_used_percent,,average,7.469212912723996
2026-09-30T11:02:00+00:00,loadgen,MintLoadgen,mem_used_percent,,average,10.827813344188284
2026-09-30T11:03:00+00:00,loadgen,MintLoadgen,mem_used_percent,,average,12.350340200689903
2026-09-30T11:04:00+00:00,loadgen,MintLoadgen,mem_used_percent,,average,12.398947443169032
2026-09-30T11:05:00+00:00,loadgen,MintLoadgen,mem_used_percent,,average,12.569072791845985
2026-09-30T11:06:00+00:00,loadgen,MintLoadgen,mem_used_percent,,average,12.618130101385107
2026-09-30T11:07:00+00:00,loadgen,MintLoadgen,mem_used_percent,,average,12.61427952764962
2026-09-30T11:08:00+00:00,loadgen,MintLoadgen,mem_used_percent,,average,12.607928581358623
2026-09-30T11:09:00+00:00,loadgen,MintLoadgen,mem_used_percent,,average,12.662836762677639
2026-09-30T11:10:00+00:00,loadgen,MintLoadgen,mem_used_percent,,average,2.3506002394356758
2026-09-30T10:58:00+00:00,loadgen,MintLoadgen,mem_used_percent,,maximum,12.237023316474154
2026-09-30T10:59:00+00:00,loadgen,MintLoadgen,mem_used_percent,,maximum,2.3367481754781463
2026-09-30T11:00:00+00:00,loadgen,MintLoadgen,mem_used_percent,,maximum,2.3366481605759257
2026-09-30T11:01:00+00:00,loadgen,MintLoadgen,mem_used_percent,,maximum,7.469212912723996
2026-09-30T11:02:00+00:00,loadgen,MintLoadgen,mem_used_percent,,maximum,10.827813344188284
2026-09-30T11:03:00+00:00,loadgen,MintLoadgen,mem_used_percent,,maximum,12.350340200689903
2026-09-30T11:04:00+00:00,loadgen,MintLoadgen,mem_used_percent,,maximum,12.398947443169032
2026-09-30T11:05:00+00:00,loadgen,MintLoadgen,mem_used_percent,,maximum,12.569072791845985
2026-09-30T11:06:00+00:00,loadgen,MintLoadgen,mem_used_percent,,maximum,12.618130101385107
2026-09-30T11:07:00+00:00,loadgen,MintLoadgen,mem_used_percent,,maximum,12.61427952764962
2026-09-30T11:08:00+00:00,loadgen,MintLoadgen,mem_used_percent,,maximum,12.607928581358623
2026-09-30T11:09:00+00:00,loadgen,MintLoadgen,mem_used_percent,,maximum,12.662836762677639
2026-09-30T11:10:00+00:00,loadgen,MintLoadgen,mem_used_percent,,maximum,2.3506002394356758
2026-09-30T10:58:00+00:00,loadgen,MintLoadgen,cpu_usage_system,cpu=cpu-total,average,0.3104808257111666
2026-09-30T10:59:00+00:00,loadgen,MintLoadgen,cpu_usage_system,cpu=cpu-total,average,0.06256256256256536
2026-09-30T11:00:00+00:00,loadgen,MintLoadgen,cpu_usage_system,cpu=cpu-total,average,0.050035441771250244
2026-09-30T11:01:00+00:00,loadgen,MintLoadgen,cpu_usage_system,cpu=cpu-total,average,0.49457227880465404
2026-09-30T11:02:00+00:00,loadgen,MintLoadgen,cpu_usage_system,cpu=cpu-total,average,0.6107063134397418
2026-09-30T11:03:00+00:00,loadgen,MintLoadgen,cpu_usage_system,cpu=cpu-total,average,0.6929187088051478
2026-09-30T11:04:00+00:00,loadgen,MintLoadgen,cpu_usage_system,cpu=cpu-total,average,0.7229526909905618
2026-09-30T11:05:00+00:00,loadgen,MintLoadgen,cpu_usage_system,cpu=cpu-total,average,0.7044035768516912
2026-09-30T11:06:00+00:00,loadgen,MintLoadgen,cpu_usage_system,cpu=cpu-total,average,0.6160597493565156
2026-09-30T11:07:00+00:00,loadgen,MintLoadgen,cpu_usage_system,cpu=cpu-total,average,0.502364066193864
2026-09-30T11:08:00+00:00,loadgen,MintLoadgen,cpu_usage_system,cpu=cpu-total,average,0.5732349841938793
2026-09-30T11:09:00+00:00,loadgen,MintLoadgen,cpu_usage_system,cpu=cpu-total,average,0.3486076693687305
2026-09-30T11:10:00+00:00,loadgen,MintLoadgen,cpu_usage_system,cpu=cpu-total,average,0.06676960313816964
2026-09-30T10:58:00+00:00,loadgen,MintLoadgen,cpu_usage_system,cpu=cpu-total,maximum,0.3104808257111666
2026-09-30T10:59:00+00:00,loadgen,MintLoadgen,cpu_usage_system,cpu=cpu-total,maximum,0.06256256256256536
2026-09-30T11:00:00+00:00,loadgen,MintLoadgen,cpu_usage_system,cpu=cpu-total,maximum,0.050035441771250244
2026-09-30T11:01:00+00:00,loadgen,MintLoadgen,cpu_usage_system,cpu=cpu-total,maximum,0.49457227880465404
2026-09-30T11:02:00+00:00,loadgen,MintLoadgen,cpu_usage_system,cpu=cpu-total,maximum,0.6107063134397418
2026-09-30T11:03:00+00:00,loadgen,MintLoadgen,cpu_usage_system,cpu=cpu-total,maximum,0.6929187088051478
2026-09-30T11:04:00+00:00,loadgen,MintLoadgen,cpu_usage_system,cpu=cpu-total,maximum,0.7229526909905618
2026-09-30T11:05:00+00:00,loadgen,MintLoadgen,cpu_usage_system,cpu=cpu-total,maximum,0.7044035768516912
2026-09-30T11:06:00+00:00,loadgen,MintLoadgen,cpu_usage_system,cpu=cpu-total,maximum,0.6160597493565156
2026-09-30T11:07:00+00:00,loadgen,MintLoadgen,cpu_usage_system,cpu=cpu-total,maximum,0.502364066193864
2026-09-30T11:08:00+00:00,loadgen,MintLoadgen,cpu_usage_system,cpu=cpu-total,maximum,0.5732349841938793
2026-09-30T11:09:00+00:00,loadgen,MintLoadgen,cpu_usage_system,cpu=cpu-total,maximum,0.3486076693687305
2026-09-30T11:10:00+00:00,loadgen,MintLoadgen,cpu_usage_system,cpu=cpu-total,maximum,0.06676960313816964
2026-09-30T10:58:00+00:00,loadgen,MintLoadgen,cpu_usage_user,cpu=cpu-total,average,0.956616598137103
2026-09-30T10:59:00+00:00,loadgen,MintLoadgen,cpu_usage_user,cpu=cpu-total,average,0.07507507507507842
2026-09-30T11:00:00+00:00,loadgen,MintLoadgen,cpu_usage_user,cpu=cpu-total,average,0.016678480590426623
2026-09-30T11:01:00+00:00,loadgen,MintLoadgen,cpu_usage_user,cpu=cpu-total,average,1.3076826354834865
2026-09-30T11:02:00+00:00,loadgen,MintLoadgen,cpu_usage_user,cpu=cpu-total,average,2.3796487385755314
2026-09-30T11:03:00+00:00,loadgen,MintLoadgen,cpu_usage_user,cpu=cpu-total,average,3.206861585262861
2026-09-30T11:04:00+00:00,loadgen,MintLoadgen,cpu_usage_user,cpu=cpu-total,average,2.862216209360297
2026-09-30T11:05:00+00:00,loadgen,MintLoadgen,cpu_usage_user,cpu=cpu-total,average,3.268938754850659
2026-09-30T11:06:00+00:00,loadgen,MintLoadgen,cpu_usage_user,cpu=cpu-total,average,2.8566606185915187
2026-09-30T11:07:00+00:00,loadgen,MintLoadgen,cpu_usage_user,cpu=cpu-total,average,2.106551840594421
2026-09-30T11:08:00+00:00,loadgen,MintLoadgen,cpu_usage_user,cpu=cpu-total,average,2.2128556375131376
2026-09-30T11:09:00+00:00,loadgen,MintLoadgen,cpu_usage_user,cpu=cpu-total,average,1.3986307698769511
2026-09-30T11:10:00+00:00,loadgen,MintLoadgen,cpu_usage_user,cpu=cpu-total,average,0.12101990568794359
2026-09-30T10:58:00+00:00,loadgen,MintLoadgen,cpu_usage_user,cpu=cpu-total,maximum,0.956616598137103
2026-09-30T10:59:00+00:00,loadgen,MintLoadgen,cpu_usage_user,cpu=cpu-total,maximum,0.07507507507507842
2026-09-30T11:00:00+00:00,loadgen,MintLoadgen,cpu_usage_user,cpu=cpu-total,maximum,0.016678480590426623
2026-09-30T11:01:00+00:00,loadgen,MintLoadgen,cpu_usage_user,cpu=cpu-total,maximum,1.3076826354834865
2026-09-30T11:02:00+00:00,loadgen,MintLoadgen,cpu_usage_user,cpu=cpu-total,maximum,2.3796487385755314
2026-09-30T11:03:00+00:00,loadgen,MintLoadgen,cpu_usage_user,cpu=cpu-total,maximum,3.206861585262861
2026-09-30T11:04:00+00:00,loadgen,MintLoadgen,cpu_usage_user,cpu=cpu-total,maximum,2.862216209360297
2026-09-30T11:05:00+00:00,loadgen,MintLoadgen,cpu_usage_user,cpu=cpu-total,maximum,3.268938754850659
2026-09-30T11:06:00+00:00,loadgen,MintLoadgen,cpu_usage_user,cpu=cpu-total,maximum,2.8566606185915187
2026-09-30T11:07:00+00:00,loadgen,MintLoadgen,cpu_usage_user,cpu=cpu-total,maximum,2.106551840594421
2026-09-30T11:08:00+00:00,loadgen,MintLoadgen,cpu_usage_user,cpu=cpu-total,maximum,2.2128556375131376
2026-09-30T11:09:00+00:00,loadgen,MintLoadgen,cpu_usage_user,cpu=cpu-total,maximum,1.3986307698769511
2026-09-30T11:10:00+00:00,loadgen,MintLoadgen,cpu_usage_user,cpu=cpu-total,maximum,0.12101990568794359
2026-09-30T10:58:00+00:00,loadgen,MintLoadgen,net_bytes_recv,interface=ens5,average,12765379.0
2026-09-30T10:59:00+00:00,loadgen,MintLoadgen,net_bytes_recv,interface=ens5,average,164238.0
2026-09-30T11:00:00+00:00,loadgen,MintLoadgen,net_bytes_recv,interface=ens5,average,9720.0
2026-09-30T11:01:00+00:00,loadgen,MintLoadgen,net_bytes_recv,interface=ens5,average,7620135.0
2026-09-30T11:02:00+00:00,loadgen,MintLoadgen,net_bytes_recv,interface=ens5,average,29238049.0
2026-09-30T11:03:00+00:00,loadgen,MintLoadgen,net_bytes_recv,interface=ens5,average,44132612.0
2026-09-30T11:04:00+00:00,loadgen,MintLoadgen,net_bytes_recv,interface=ens5,average,44513744.0
2026-09-30T11:05:00+00:00,loadgen,MintLoadgen,net_bytes_recv,interface=ens5,average,44529789.0
2026-09-30T11:06:00+00:00,loadgen,MintLoadgen,net_bytes_recv,interface=ens5,average,39916939.0
2026-09-30T11:07:00+00:00,loadgen,MintLoadgen,net_bytes_recv,interface=ens5,average,31621828.0
2026-09-30T11:08:00+00:00,loadgen,MintLoadgen,net_bytes_recv,interface=ens5,average,32638821.0
2026-09-30T11:09:00+00:00,loadgen,MintLoadgen,net_bytes_recv,interface=ens5,average,16551166.0
2026-09-30T11:10:00+00:00,loadgen,MintLoadgen,net_bytes_recv,interface=ens5,average,701093.0
2026-09-30T10:58:00+00:00,loadgen,MintLoadgen,net_bytes_recv,interface=ens5,maximum,12765379.0
2026-09-30T10:59:00+00:00,loadgen,MintLoadgen,net_bytes_recv,interface=ens5,maximum,164238.0
2026-09-30T11:00:00+00:00,loadgen,MintLoadgen,net_bytes_recv,interface=ens5,maximum,9720.0
2026-09-30T11:01:00+00:00,loadgen,MintLoadgen,net_bytes_recv,interface=ens5,maximum,7620135.0
2026-09-30T11:02:00+00:00,loadgen,MintLoadgen,net_bytes_recv,interface=ens5,maximum,29238049.0
2026-09-30T11:03:00+00:00,loadgen,MintLoadgen,net_bytes_recv,interface=ens5,maximum,44132612.0
2026-09-30T11:04:00+00:00,loadgen,MintLoadgen,net_bytes_recv,interface=ens5,maximum,44513744.0
2026-09-30T11:05:00+00:00,loadgen,MintLoadgen,net_bytes_recv,interface=ens5,maximum,44529789.0
2026-09-30T11:06:00+00:00,loadgen,MintLoadgen,net_bytes_recv,interface=ens5,maximum,39916939.0
2026-09-30T11:07:00+00:00,loadgen,MintLoadgen,net_bytes_recv,interface=ens5,maximum,31621828.0
2026-09-30T11:08:00+00:00,loadgen,MintLoadgen,net_bytes_recv,interface=ens5,maximum,32638821.0
2026-09-30T11:09:00+00:00,loadgen,MintLoadgen,net_bytes_recv,interface=ens5,maximum,16551166.0
2026-09-30T11:10:00+00:00,loadgen,MintLoadgen,net_bytes_recv,interface=ens5,maximum,701093.0
2026-09-30T10:58:00+00:00,loadgen,MintLoadgen,net_bytes_sent,interface=ens5,average,1831820.0
2026-09-30T10:59:00+00:00,loadgen,MintLoadgen,net_bytes_sent,interface=ens5,average,162260.0
2026-09-30T11:00:00+00:00,loadgen,MintLoadgen,net_bytes_sent,interface=ens5,average,35006.0
2026-09-30T11:01:00+00:00,loadgen,MintLoadgen,net_bytes_sent,interface=ens5,average,1086563.0
2026-09-30T11:02:00+00:00,loadgen,MintLoadgen,net_bytes_sent,interface=ens5,average,3813151.0
2026-09-30T11:03:00+00:00,loadgen,MintLoadgen,net_bytes_sent,interface=ens5,average,5574608.0
2026-09-30T11:04:00+00:00,loadgen,MintLoadgen,net_bytes_sent,interface=ens5,average,5602520.0
2026-09-30T11:05:00+00:00,loadgen,MintLoadgen,net_bytes_sent,interface=ens5,average,5622594.0
2026-09-30T11:06:00+00:00,loadgen,MintLoadgen,net_bytes_sent,interface=ens5,average,5091125.0
2026-09-30T11:07:00+00:00,loadgen,MintLoadgen,net_bytes_sent,interface=ens5,average,3939453.0
2026-09-30T11:08:00+00:00,loadgen,MintLoadgen,net_bytes_sent,interface=ens5,average,4019943.0
2026-09-30T11:09:00+00:00,loadgen,MintLoadgen,net_bytes_sent,interface=ens5,average,2249739.0
2026-09-30T11:10:00+00:00,loadgen,MintLoadgen,net_bytes_sent,interface=ens5,average,261602.0
2026-09-30T10:58:00+00:00,loadgen,MintLoadgen,net_bytes_sent,interface=ens5,maximum,1831820.0
2026-09-30T10:59:00+00:00,loadgen,MintLoadgen,net_bytes_sent,interface=ens5,maximum,162260.0
2026-09-30T11:00:00+00:00,loadgen,MintLoadgen,net_bytes_sent,interface=ens5,maximum,35006.0
2026-09-30T11:01:00+00:00,loadgen,MintLoadgen,net_bytes_sent,interface=ens5,maximum,1086563.0
2026-09-30T11:02:00+00:00,loadgen,MintLoadgen,net_bytes_sent,interface=ens5,maximum,3813151.0
2026-09-30T11:03:00+00:00,loadgen,MintLoadgen,net_bytes_sent,interface=ens5,maximum,5574608.0
2026-09-30T11:04:00+00:00,loadgen,MintLoadgen,net_bytes_sent,interface=ens5,maximum,5602520.0
2026-09-30T11:05:00+00:00,loadgen,MintLoadgen,net_bytes_sent,interface=ens5,maximum,5622594.0
2026-09-30T11:06:00+00:00,loadgen,MintLoadgen,net_bytes_sent,interface=ens5,maximum,5091125.0
2026-09-30T11:07:00+00:00,loadgen,MintLoadgen,net_bytes_sent,interface=ens5,maximum,3939453.0
2026-09-30T11:08:00+00:00,loadgen,MintLoadgen,net_bytes_sent,interface=ens5,maximum,4019943.0
2026-09-30T11:09:00+00:00,loadgen,MintLoadgen,net_bytes_sent,interface=ens5,maximum,2249739.0
2026-09-30T11:10:00+00:00,loadgen,MintLoadgen,net_bytes_sent,interface=ens5,maximum,261602.0
2026-09-30T10:58:00+00:00,loadgen,MintLoadgen,cpu_usage_idle,cpu=cpu-total,average,98.5902492237977
2026-09-30T10:59:00+00:00,loadgen,MintLoadgen,cpu_usage_idle,cpu=cpu-total,average,99.8498498498496
2026-09-30T11:00:00+00:00,loadgen,MintLoadgen,cpu_usage_idle,cpu=cpu-total,average,99.924946837343
2026-09-30T11:01:00+00:00,loadgen,MintLoadgen,cpu_usage_idle,cpu=cpu-total,average,97.96303281780585
2026-09-30T11:02:00+00:00,loadgen,MintLoadgen,cpu_usage_idle,cpu=cpu-total,average,96.71482121046085
2026-09-30T11:03:00+00:00,loadgen,MintLoadgen,cpu_usage_idle,cpu=cpu-total,average,95.74108500929599
2026-09-30T11:04:00+00:00,loadgen,MintLoadgen,cpu_usage_idle,cpu=cpu-total,average,96.0554686509104
2026-09-30T11:05:00+00:00,loadgen,MintLoadgen,cpu_usage_idle,cpu=cpu-total,average,95.63860300320565
2026-09-30T11:06:00+00:00,loadgen,MintLoadgen,cpu_usage_idle,cpu=cpu-total,average,96.17283429680586
2026-09-30T11:07:00+00:00,loadgen,MintLoadgen,cpu_usage_idle,cpu=cpu-total,average,97.1251266464042
2026-09-30T11:08:00+00:00,loadgen,MintLoadgen,cpu_usage_idle,cpu=cpu-total,average,96.90200210748068
2026-09-30T11:09:00+00:00,loadgen,MintLoadgen,cpu_usage_idle,cpu=cpu-total,average,98.12255869629233
2026-09-30T11:10:00+00:00,loadgen,MintLoadgen,cpu_usage_idle,cpu=cpu-total,average,99.79134499019321
2026-09-30T10:58:00+00:00,loadgen,MintLoadgen,cpu_usage_idle,cpu=cpu-total,maximum,98.5902492237977
2026-09-30T10:59:00+00:00,loadgen,MintLoadgen,cpu_usage_idle,cpu=cpu-total,maximum,99.8498498498496
2026-09-30T11:00:00+00:00,loadgen,MintLoadgen,cpu_usage_idle,cpu=cpu-total,maximum,99.924946837343
2026-09-30T11:01:00+00:00,loadgen,MintLoadgen,cpu_usage_idle,cpu=cpu-total,maximum,97.96303281780585
2026-09-30T11:02:00+00:00,loadgen,MintLoadgen,cpu_usage_idle,cpu=cpu-total,maximum,96.71482121046085
2026-09-30T11:03:00+00:00,loadgen,MintLoadgen,cpu_usage_idle,cpu=cpu-total,maximum,95.74108500929599
2026-09-30T11:04:00+00:00,loadgen,MintLoadgen,cpu_usage_idle,cpu=cpu-total,maximum,96.0554686509104
2026-09-30T11:05:00+00:00,loadgen,MintLoadgen,cpu_usage_idle,cpu=cpu-total,maximum,95.63860300320565
2026-09-30T11:06:00+00:00,loadgen,MintLoadgen,cpu_usage_idle,cpu=cpu-total,maximum,96.17283429680586
2026-09-30T11:07:00+00:00,loadgen,MintLoadgen,cpu_usage_idle,cpu=cpu-total,maximum,97.1251266464042
2026-09-30T11:08:00+00:00,loadgen,MintLoadgen,cpu_usage_idle,cpu=cpu-total,maximum,96.90200210748068
2026-09-30T11:09:00+00:00,loadgen,MintLoadgen,cpu_usage_idle,cpu=cpu-total,maximum,98.12255869629233
2026-09-30T11:10:00+00:00,loadgen,MintLoadgen,cpu_usage_idle,cpu=cpu-total,maximum,99.79134499019321
2026-09-30T11:00:00+00:00,loadgen,AWS/EC2,CPUUtilization,,average,4.009666666666666
2026-09-30T11:05:00+00:00,loadgen,AWS/EC2,CPUUtilization,,average,5.528666666666668
2026-09-30T11:10:00+00:00,loadgen,AWS/EC2,CPUUtilization,,average,2.7453333333333334
2026-09-30T11:00:00+00:00,loadgen,AWS/EC2,CPUUtilization,,maximum,6.575
2026-09-30T11:05:00+00:00,loadgen,AWS/EC2,CPUUtilization,,maximum,6.594999999999999
2026-09-30T11:10:00+00:00,loadgen,AWS/EC2,CPUUtilization,,maximum,6.391666666666667
2026-09-30T11:00:00+00:00,loadgen,AWS/EC2,NetworkOut,,average,2803996.6
2026-09-30T11:05:00+00:00,loadgen,AWS/EC2,NetworkOut,,average,4501387.8
2026-09-30T11:10:00+00:00,loadgen,AWS/EC2,NetworkOut,,average,1662037.0
2026-09-30T11:00:00+00:00,loadgen,AWS/EC2,NetworkOut,,maximum,5617014.0
2026-09-30T11:05:00+00:00,loadgen,AWS/EC2,NetworkOut,,maximum,5648278.0
2026-09-30T11:10:00+00:00,loadgen,AWS/EC2,NetworkOut,,maximum,4907533.0
2026-09-30T11:00:00+00:00,loadgen,AWS/EC2,NetworkIn,,average,22151706.2
2026-09-30T11:05:00+00:00,loadgen,AWS/EC2,NetworkIn,,average,36347960.2
2026-09-30T11:10:00+00:00,loadgen,AWS/EC2,NetworkIn,,average,12521579.6
2026-09-30T11:00:00+00:00,loadgen,AWS/EC2,NetworkIn,,maximum,45437259.0
2026-09-30T11:05:00+00:00,loadgen,AWS/EC2,NetworkIn,,maximum,45491295.0
2026-09-30T11:10:00+00:00,loadgen,AWS/EC2,NetworkIn,,maximum,39037971.0
2026-09-30T10:58:00+00:00,db,AWS/RDS,WriteThroughput,,average,1143414.3219095878
2026-09-30T10:59:00+00:00,db,AWS/RDS,WriteThroughput,,average,1091.5207941240153
2026-09-30T11:00:00+00:00,db,AWS/RDS,WriteThroughput,,average,125528.52902924601
2026-09-30T11:01:00+00:00,db,AWS/RDS,WriteThroughput,,average,54341.17235287255
2026-09-30T11:02:00+00:00,db,AWS/RDS,WriteThroughput,,average,105585.65644110442
2026-09-30T11:03:00+00:00,db,AWS/RDS,WriteThroughput,,average,1237954.1022948853
2026-09-30T11:04:00+00:00,db,AWS/RDS,WriteThroughput,,average,156172.71848221132
2026-09-30T11:05:00+00:00,db,AWS/RDS,WriteThroughput,,average,144115.73719123972
2026-09-30T11:06:00+00:00,db,AWS/RDS,WriteThroughput,,average,117500.64174153651
2026-09-30T11:07:00+00:00,db,AWS/RDS,WriteThroughput,,average,105344.24535377948
2026-09-30T11:08:00+00:00,db,AWS/RDS,WriteThroughput,,average,1221476.3293396211
2026-09-30T11:09:00+00:00,db,AWS/RDS,WriteThroughput,,average,27655.37476660443
2026-09-30T11:10:00+00:00,db,AWS/RDS,WriteThroughput,,average,1090.8848791530727
2026-09-30T10:58:00+00:00,db,AWS/RDS,WriteThroughput,,maximum,1143414.3219095878
2026-09-30T10:59:00+00:00,db,AWS/RDS,WriteThroughput,,maximum,1091.5207941240153
2026-09-30T11:00:00+00:00,db,AWS/RDS,WriteThroughput,,maximum,125528.52902924601
2026-09-30T11:01:00+00:00,db,AWS/RDS,WriteThroughput,,maximum,54341.17235287255
2026-09-30T11:02:00+00:00,db,AWS/RDS,WriteThroughput,,maximum,105585.65644110442
2026-09-30T11:03:00+00:00,db,AWS/RDS,WriteThroughput,,maximum,1237954.1022948853
2026-09-30T11:04:00+00:00,db,AWS/RDS,WriteThroughput,,maximum,156172.71848221132
2026-09-30T11:05:00+00:00,db,AWS/RDS,WriteThroughput,,maximum,144115.73719123972
2026-09-30T11:06:00+00:00,db,AWS/RDS,WriteThroughput,,maximum,117500.64174153651
2026-09-30T11:07:00+00:00,db,AWS/RDS,WriteThroughput,,maximum,105344.24535377948
2026-09-30T11:08:00+00:00,db,AWS/RDS,WriteThroughput,,maximum,1221476.3293396211
2026-09-30T11:09:00+00:00,db,AWS/RDS,WriteThroughput,,maximum,27655.37476660443
2026-09-30T11:10:00+00:00,db,AWS/RDS,WriteThroughput,,maximum,1090.8848791530727
2026-09-30T10:58:00+00:00,db,AWS/RDS,BurstBalance,,average,99.0
2026-09-30T10:59:00+00:00,db,AWS/RDS,BurstBalance,,average,99.0
2026-09-30T11:00:00+00:00,db,AWS/RDS,BurstBalance,,average,99.0
2026-09-30T11:01:00+00:00,db,AWS/RDS,BurstBalance,,average,99.0
2026-09-30T11:02:00+00:00,db,AWS/RDS,BurstBalance,,average,99.0
2026-09-30T11:03:00+00:00,db,AWS/RDS,BurstBalance,,average,99.0
2026-09-30T11:04:00+00:00,db,AWS/RDS,BurstBalance,,average,99.0
2026-09-30T11:05:00+00:00,db,AWS/RDS,BurstBalance,,average,99.0
2026-09-30T11:06:00+00:00,db,AWS/RDS,BurstBalance,,average,99.0
2026-09-30T11:07:00+00:00,db,AWS/RDS,BurstBalance,,average,99.0
2026-09-30T11:08:00+00:00,db,AWS/RDS,BurstBalance,,average,99.0
2026-09-30T11:09:00+00:00,db,AWS/RDS,BurstBalance,,average,99.0
2026-09-30T11:10:00+00:00,db,AWS/RDS,BurstBalance,,average,100.0
2026-09-30T10:58:00+00:00,db,AWS/RDS,BurstBalance,,maximum,99.0
2026-09-30T10:59:00+00:00,db,AWS/RDS,BurstBalance,,maximum,99.0
2026-09-30T11:00:00+00:00,db,AWS/RDS,BurstBalance,,maximum,99.0
2026-09-30T11:01:00+00:00,db,AWS/RDS,BurstBalance,,maximum,99.0
2026-09-30T11:02:00+00:00,db,AWS/RDS,BurstBalance,,maximum,99.0
2026-09-30T11:03:00+00:00,db,AWS/RDS,BurstBalance,,maximum,99.0
2026-09-30T11:04:00+00:00,db,AWS/RDS,BurstBalance,,maximum,99.0
2026-09-30T11:05:00+00:00,db,AWS/RDS,BurstBalance,,maximum,99.0
2026-09-30T11:06:00+00:00,db,AWS/RDS,BurstBalance,,maximum,99.0
2026-09-30T11:07:00+00:00,db,AWS/RDS,BurstBalance,,maximum,99.0
2026-09-30T11:08:00+00:00,db,AWS/RDS,BurstBalance,,maximum,99.0
2026-09-30T11:09:00+00:00,db,AWS/RDS,BurstBalance,,maximum,99.0
2026-09-30T11:10:00+00:00,db,AWS/RDS,BurstBalance,,maximum,100.0
2026-09-30T10:58:00+00:00,db,AWS/RDS,CPUUtilization,,average,6.298425393651587
2026-09-30T10:59:00+00:00,db,AWS/RDS,CPUUtilization,,average,3.4917830594353148
2026-09-30T11:00:00+00:00,db,AWS/RDS,CPUUtilization,,average,4.828702004870401
2026-09-30T11:01:00+00:00,db,AWS/RDS,CPUUtilization,,average,5.808333333333334
2026-09-30T11:02:00+00:00,db,AWS/RDS,CPUUtilization,,average,6.891666666666667
2026-09-30T11:03:00+00:00,db,AWS/RDS,CPUUtilization,,average,8.924999999999999
2026-09-30T11:04:00+00:00,db,AWS/RDS,CPUUtilization,,average,8.358333333333333
2026-09-30T11:05:00+00:00,db,AWS/RDS,CPUUtilization,,average,9.049999999999999
2026-09-30T11:06:00+00:00,db,AWS/RDS,CPUUtilization,,average,8.525
2026-09-30T11:07:00+00:00,db,AWS/RDS,CPUUtilization,,average,9.268048963277542
2026-09-30T11:08:00+00:00,db,AWS/RDS,CPUUtilization,,average,8.489700608789924
2026-09-30T11:09:00+00:00,db,AWS/RDS,CPUUtilization,,average,6.1
2026-09-30T11:10:00+00:00,db,AWS/RDS,CPUUtilization,,average,4.266666666666667
2026-09-30T10:58:00+00:00,db,AWS/RDS,CPUUtilization,,maximum,6.298425393651587
2026-09-30T10:59:00+00:00,db,AWS/RDS,CPUUtilization,,maximum,3.4917830594353148
2026-09-30T11:00:00+00:00,db,AWS/RDS,CPUUtilization,,maximum,4.828702004870401
2026-09-30T11:01:00+00:00,db,AWS/RDS,CPUUtilization,,maximum,5.808333333333334
2026-09-30T11:02:00+00:00,db,AWS/RDS,CPUUtilization,,maximum,6.891666666666667
2026-09-30T11:03:00+00:00,db,AWS/RDS,CPUUtilization,,maximum,8.924999999999999
2026-09-30T11:04:00+00:00,db,AWS/RDS,CPUUtilization,,maximum,8.358333333333333
2026-09-30T11:05:00+00:00,db,AWS/RDS,CPUUtilization,,maximum,9.049999999999999
2026-09-30T11:06:00+00:00,db,AWS/RDS,CPUUtilization,,maximum,8.525
2026-09-30T11:07:00+00:00,db,AWS/RDS,CPUUtilization,,maximum,9.268048963277542
2026-09-30T11:08:00+00:00,db,AWS/RDS,CPUUtilization,,maximum,8.489700608789924
2026-09-30T11:09:00+00:00,db,AWS/RDS,CPUUtilization,,maximum,6.1
2026-09-30T11:10:00+00:00,db,AWS/RDS,CPUUtilization,,maximum,4.266666666666667
2026-09-30T10:58:00+00:00,db,AWS/RDS,SwapUsage,,average,512000.0
2026-09-30T10:59:00+00:00,db,AWS/RDS,SwapUsage,,average,512000.0
2026-09-30T11:00:00+00:00,db,AWS/RDS,SwapUsage,,average,512000.0
2026-09-30T11:01:00+00:00,db,AWS/RDS,SwapUsage,,average,512000.0
2026-09-30T11:02:00+00:00,db,AWS/RDS,SwapUsage,,average,512000.0
2026-09-30T11:03:00+00:00,db,AWS/RDS,SwapUsage,,average,520192.0
2026-09-30T11:04:00+00:00,db,AWS/RDS,SwapUsage,,average,520192.0
2026-09-30T11:05:00+00:00,db,AWS/RDS,SwapUsage,,average,520192.0
2026-09-30T11:06:00+00:00,db,AWS/RDS,SwapUsage,,average,520192.0
2026-09-30T11:07:00+00:00,db,AWS/RDS,SwapUsage,,average,520192.0
2026-09-30T11:08:00+00:00,db,AWS/RDS,SwapUsage,,average,516096.0
2026-09-30T11:09:00+00:00,db,AWS/RDS,SwapUsage,,average,516096.0
2026-09-30T11:10:00+00:00,db,AWS/RDS,SwapUsage,,average,516096.0
2026-09-30T10:58:00+00:00,db,AWS/RDS,SwapUsage,,maximum,512000.0
2026-09-30T10:59:00+00:00,db,AWS/RDS,SwapUsage,,maximum,512000.0
2026-09-30T11:00:00+00:00,db,AWS/RDS,SwapUsage,,maximum,512000.0
2026-09-30T11:01:00+00:00,db,AWS/RDS,SwapUsage,,maximum,512000.0
2026-09-30T11:02:00+00:00,db,AWS/RDS,SwapUsage,,maximum,512000.0
2026-09-30T11:03:00+00:00,db,AWS/RDS,SwapUsage,,maximum,520192.0
2026-09-30T11:04:00+00:00,db,AWS/RDS,SwapUsage,,maximum,520192.0
2026-09-30T11:05:00+00:00,db,AWS/RDS,SwapUsage,,maximum,520192.0
2026-09-30T11:06:00+00:00,db,AWS/RDS,SwapUsage,,maximum,520192.0
2026-09-30T11:07:00+00:00,db,AWS/RDS,SwapUsage,,maximum,520192.0
2026-09-30T11:08:00+00:00,db,AWS/RDS,SwapUsage,,maximum,516096.0
2026-09-30T11:09:00+00:00,db,AWS/RDS,SwapUsage,,maximum,516096.0
2026-09-30T11:10:00+00:00,db,AWS/RDS,SwapUsage,,maximum,516096.0
2026-09-30T10:58:00+00:00,db,AWS/RDS,DiskQueueDepth,,average,0.0329705132265431
2026-09-30T10:59:00+00:00,db,AWS/RDS,DiskQueueDepth,,average,8.327781479013991e-05
2026-09-30T11:00:00+00:00,db,AWS/RDS,DiskQueueDepth,,average,0.0036015606762930604
2026-09-30T11:01:00+00:00,db,AWS/RDS,DiskQueueDepth,,average,0.0029333333333333334
2026-09-30T11:02:00+00:00,db,AWS/RDS,DiskQueueDepth,,average,0.005698860227954409
2026-09-30T11:03:00+00:00,db,AWS/RDS,DiskQueueDepth,,average,0.03823078461435904
2026-09-30T11:04:00+00:00,db,AWS/RDS,DiskQueueDepth,,average,0.012854713394911468
2026-09-30T11:05:00+00:00,db,AWS/RDS,DiskQueueDepth,,average,0.016799440018666043
2026-09-30T11:06:00+00:00,db,AWS/RDS,DiskQueueDepth,,average,0.013185091345512734
2026-09-30T11:07:00+00:00,db,AWS/RDS,DiskQueueDepth,,average,0.011634302858571548
2026-09-30T11:08:00+00:00,db,AWS/RDS,DiskQueueDepth,,average,0.03754249150169966
2026-09-30T11:09:00+00:00,db,AWS/RDS,DiskQueueDepth,,average,0.0014504109497691013
2026-09-30T11:10:00+00:00,db,AWS/RDS,DiskQueueDepth,,average,0.000798987948598442
2026-09-30T10:58:00+00:00,db,AWS/RDS,DiskQueueDepth,,maximum,0.0329705132265431
2026-09-30T10:59:00+00:00,db,AWS/RDS,DiskQueueDepth,,maximum,8.327781479013991e-05
2026-09-30T11:00:00+00:00,db,AWS/RDS,DiskQueueDepth,,maximum,0.0036015606762930604
2026-09-30T11:01:00+00:00,db,AWS/RDS,DiskQueueDepth,,maximum,0.0029333333333333334
2026-09-30T11:02:00+00:00,db,AWS/RDS,DiskQueueDepth,,maximum,0.005698860227954409
2026-09-30T11:03:00+00:00,db,AWS/RDS,DiskQueueDepth,,maximum,0.03823078461435904
2026-09-30T11:04:00+00:00,db,AWS/RDS,DiskQueueDepth,,maximum,0.012854713394911468
2026-09-30T11:05:00+00:00,db,AWS/RDS,DiskQueueDepth,,maximum,0.016799440018666043
2026-09-30T11:06:00+00:00,db,AWS/RDS,DiskQueueDepth,,maximum,0.013185091345512734
2026-09-30T11:07:00+00:00,db,AWS/RDS,DiskQueueDepth,,maximum,0.011634302858571548
2026-09-30T11:08:00+00:00,db,AWS/RDS,DiskQueueDepth,,maximum,0.03754249150169966
2026-09-30T11:09:00+00:00,db,AWS/RDS,DiskQueueDepth,,maximum,0.0014504109497691013
2026-09-30T11:10:00+00:00,db,AWS/RDS,DiskQueueDepth,,maximum,0.000798987948598442
2026-09-30T10:58:00+00:00,db,AWS/RDS,ReadThroughput,,average,68.27577010268035
2026-09-30T10:59:00+00:00,db,AWS/RDS,ReadThroughput,,average,0.0
2026-09-30T11:00:00+00:00,db,AWS/RDS,ReadThroughput,,average,1024.4439257011372
2026-09-30T11:01:00+00:00,db,AWS/RDS,ReadThroughput,,average,68.26780446340773
2026-09-30T11:02:00+00:00,db,AWS/RDS,ReadThroughput,,average,0.0
2026-09-30T11:03:00+00:00,db,AWS/RDS,ReadThroughput,,average,3003.5831541756247
2026-09-30T11:04:00+00:00,db,AWS/RDS,ReadThroughput,,average,68.28715281251041
2026-09-30T11:05:00+00:00,db,AWS/RDS,ReadThroughput,,average,682.689422980766
2026-09-30T11:06:00+00:00,db,AWS/RDS,ReadThroughput,,average,0.0
2026-09-30T11:07:00+00:00,db,AWS/RDS,ReadThroughput,,average,68.27235602966914
2026-09-30T11:08:00+00:00,db,AWS/RDS,ReadThroughput,,average,10033.360550565729
2026-09-30T11:09:00+00:00,db,AWS/RDS,ReadThroughput,,average,0.0
2026-09-30T11:10:00+00:00,db,AWS/RDS,ReadThroughput,,average,681.8030494706704
2026-09-30T10:58:00+00:00,db,AWS/RDS,ReadThroughput,,maximum,68.27577010268035
2026-09-30T10:59:00+00:00,db,AWS/RDS,ReadThroughput,,maximum,0.0
2026-09-30T11:00:00+00:00,db,AWS/RDS,ReadThroughput,,maximum,1024.4439257011372
2026-09-30T11:01:00+00:00,db,AWS/RDS,ReadThroughput,,maximum,68.26780446340773
2026-09-30T11:02:00+00:00,db,AWS/RDS,ReadThroughput,,maximum,0.0
2026-09-30T11:03:00+00:00,db,AWS/RDS,ReadThroughput,,maximum,3003.5831541756247
2026-09-30T11:04:00+00:00,db,AWS/RDS,ReadThroughput,,maximum,68.28715281251041
2026-09-30T11:05:00+00:00,db,AWS/RDS,ReadThroughput,,maximum,682.689422980766
2026-09-30T11:06:00+00:00,db,AWS/RDS,ReadThroughput,,maximum,0.0
2026-09-30T11:07:00+00:00,db,AWS/RDS,ReadThroughput,,maximum,68.27235602966914
2026-09-30T11:08:00+00:00,db,AWS/RDS,ReadThroughput,,maximum,10033.360550565729
2026-09-30T11:09:00+00:00,db,AWS/RDS,ReadThroughput,,maximum,0.0
2026-09-30T11:10:00+00:00,db,AWS/RDS,ReadThroughput,,maximum,681.8030494706704
2026-09-30T10:58:00+00:00,db,AWS/RDS,WriteLatency,,average,0.002820779220779221
2026-09-30T10:59:00+00:00,db,AWS/RDS,WriteLatency,,average,0.00025
2026-09-30T11:00:00+00:00,db,AWS/RDS,WriteLatency,,average,8.10126582278481e-05
2026-09-30T11:01:00+00:00,db,AWS/RDS,WriteLatency,,average,0.00036363636363636367
2026-09-30T11:02:00+00:00,db,AWS/RDS,WriteLatency,,average,0.00046326276463262765
2026-09-30T11:03:00+00:00,db,AWS/RDS,WriteLatency,,average,0.001214994487320838
2026-09-30T11:04:00+00:00,db,AWS/RDS,WriteLatency,,average,0.0007484978540772532
2026-09-30T11:05:00+00:00,db,AWS/RDS,WriteLatency,,average,0.0008322639780018332
2026-09-30T11:06:00+00:00,db,AWS/RDS,WriteLatency,,average,0.0009574944071588366
2026-09-30T11:07:00+00:00,db,AWS/RDS,WriteLatency,,average,0.0008452088452088451
2026-09-30T11:08:00+00:00,db,AWS/RDS,WriteLatency,,average,0.0016681350954478706
2026-09-30T11:09:00+00:00,db,AWS/RDS,WriteLatency,,average,0.00034862385321100917
2026-09-30T11:10:00+00:00,db,AWS/RDS,WriteLatency,,average,0.00025
2026-09-30T10:58:00+00:00,db,AWS/RDS,WriteLatency,,maximum,0.002820779220779221
2026-09-30T10:59:00+00:00,db,AWS/RDS,WriteLatency,,maximum,0.00025
2026-09-30T11:00:00+00:00,db,AWS/RDS,WriteLatency,,maximum,8.10126582278481e-05
2026-09-30T11:01:00+00:00,db,AWS/RDS,WriteLatency,,maximum,0.00036363636363636367
2026-09-30T11:02:00+00:00,db,AWS/RDS,WriteLatency,,maximum,0.00046326276463262765
2026-09-30T11:03:00+00:00,db,AWS/RDS,WriteLatency,,maximum,0.001214994487320838
2026-09-30T11:04:00+00:00,db,AWS/RDS,WriteLatency,,maximum,0.0007484978540772532
2026-09-30T11:05:00+00:00,db,AWS/RDS,WriteLatency,,maximum,0.0008322639780018332
2026-09-30T11:06:00+00:00,db,AWS/RDS,WriteLatency,,maximum,0.0009574944071588366
2026-09-30T11:07:00+00:00,db,AWS/RDS,WriteLatency,,maximum,0.0008452088452088451
2026-09-30T11:08:00+00:00,db,AWS/RDS,WriteLatency,,maximum,0.0016681350954478706
2026-09-30T11:09:00+00:00,db,AWS/RDS,WriteLatency,,maximum,0.00034862385321100917
2026-09-30T11:10:00+00:00,db,AWS/RDS,WriteLatency,,maximum,0.00025
2026-09-30T10:58:00+00:00,db,AWS/RDS,DatabaseConnections,,average,10.0
2026-09-30T10:59:00+00:00,db,AWS/RDS,DatabaseConnections,,average,10.0
2026-09-30T11:00:00+00:00,db,AWS/RDS,DatabaseConnections,,average,10.0
2026-09-30T11:01:00+00:00,db,AWS/RDS,DatabaseConnections,,average,10.0
2026-09-30T11:02:00+00:00,db,AWS/RDS,DatabaseConnections,,average,10.0
2026-09-30T11:03:00+00:00,db,AWS/RDS,DatabaseConnections,,average,10.0
2026-09-30T11:04:00+00:00,db,AWS/RDS,DatabaseConnections,,average,10.0
2026-09-30T11:05:00+00:00,db,AWS/RDS,DatabaseConnections,,average,10.0
2026-09-30T11:06:00+00:00,db,AWS/RDS,DatabaseConnections,,average,10.0
2026-09-30T11:07:00+00:00,db,AWS/RDS,DatabaseConnections,,average,10.0
2026-09-30T11:08:00+00:00,db,AWS/RDS,DatabaseConnections,,average,10.0
2026-09-30T11:09:00+00:00,db,AWS/RDS,DatabaseConnections,,average,10.0
2026-09-30T11:10:00+00:00,db,AWS/RDS,DatabaseConnections,,average,10.0
2026-09-30T10:58:00+00:00,db,AWS/RDS,DatabaseConnections,,maximum,10.0
2026-09-30T10:59:00+00:00,db,AWS/RDS,DatabaseConnections,,maximum,10.0
2026-09-30T11:00:00+00:00,db,AWS/RDS,DatabaseConnections,,maximum,10.0
2026-09-30T11:01:00+00:00,db,AWS/RDS,DatabaseConnections,,maximum,10.0
2026-09-30T11:02:00+00:00,db,AWS/RDS,DatabaseConnections,,maximum,10.0
2026-09-30T11:03:00+00:00,db,AWS/RDS,DatabaseConnections,,maximum,10.0
2026-09-30T11:04:00+00:00,db,AWS/RDS,DatabaseConnections,,maximum,10.0
2026-09-30T11:05:00+00:00,db,AWS/RDS,DatabaseConnections,,maximum,10.0
2026-09-30T11:06:00+00:00,db,AWS/RDS,DatabaseConnections,,maximum,10.0
2026-09-30T11:07:00+00:00,db,AWS/RDS,DatabaseConnections,,maximum,10.0
2026-09-30T11:08:00+00:00,db,AWS/RDS,DatabaseConnections,,maximum,10.0
2026-09-30T11:09:00+00:00,db,AWS/RDS,DatabaseConnections,,maximum,10.0
2026-09-30T11:10:00+00:00,db,AWS/RDS,DatabaseConnections,,maximum,10.0
2026-09-30T10:58:00+00:00,db,AWS/RDS,FreeableMemory,,average,155602944.0
2026-09-30T10:59:00+00:00,db,AWS/RDS,FreeableMemory,,average,142794752.0
2026-09-30T11:00:00+00:00,db,AWS/RDS,FreeableMemory,,average,144125952.0
2026-09-30T11:01:00+00:00,db,AWS/RDS,FreeableMemory,,average,142536704.0
2026-09-30T11:02:00+00:00,db,AWS/RDS,FreeableMemory,,average,141746176.0
2026-09-30T11:03:00+00:00,db,AWS/RDS,FreeableMemory,,average,139354112.0
2026-09-30T11:04:00+00:00,db,AWS/RDS,FreeableMemory,,average,139403264.0
2026-09-30T11:05:00+00:00,db,AWS/RDS,FreeableMemory,,average,141996032.0
2026-09-30T11:06:00+00:00,db,AWS/RDS,FreeableMemory,,average,140443648.0
2026-09-30T11:07:00+00:00,db,AWS/RDS,FreeableMemory,,average,139284480.0
2026-09-30T11:08:00+00:00,db,AWS/RDS,FreeableMemory,,average,141873152.0
2026-09-30T11:09:00+00:00,db,AWS/RDS,FreeableMemory,,average,141860864.0
2026-09-30T11:10:00+00:00,db,AWS/RDS,FreeableMemory,,average,143921152.0
2026-09-30T10:58:00+00:00,db,AWS/RDS,FreeableMemory,,maximum,155602944.0
2026-09-30T10:59:00+00:00,db,AWS/RDS,FreeableMemory,,maximum,142794752.0
2026-09-30T11:00:00+00:00,db,AWS/RDS,FreeableMemory,,maximum,144125952.0
2026-09-30T11:01:00+00:00,db,AWS/RDS,FreeableMemory,,maximum,142536704.0
2026-09-30T11:02:00+00:00,db,AWS/RDS,FreeableMemory,,maximum,141746176.0
2026-09-30T11:03:00+00:00,db,AWS/RDS,FreeableMemory,,maximum,139354112.0
2026-09-30T11:04:00+00:00,db,AWS/RDS,FreeableMemory,,maximum,139403264.0
2026-09-30T11:05:00+00:00,db,AWS/RDS,FreeableMemory,,maximum,141996032.0
2026-09-30T11:06:00+00:00,db,AWS/RDS,FreeableMemory,,maximum,140443648.0
2026-09-30T11:07:00+00:00,db,AWS/RDS,FreeableMemory,,maximum,139284480.0
2026-09-30T11:08:00+00:00,db,AWS/RDS,FreeableMemory,,maximum,141873152.0
2026-09-30T11:09:00+00:00,db,AWS/RDS,FreeableMemory,,maximum,141860864.0
2026-09-30T11:10:00+00:00,db,AWS/RDS,FreeableMemory,,maximum,143921152.0
2026-09-30T10:58:00+00:00,db,AWS/RDS,ReadLatency,,average,0.0
2026-09-30T10:59:00+00:00,db,AWS/RDS,ReadLatency,,average,0.0
2026-09-30T11:00:00+00:00,db,AWS/RDS,ReadLatency,,average,0.0
2026-09-30T11:01:00+00:00,db,AWS/RDS,ReadLatency,,average,0.004
2026-09-30T11:02:00+00:00,db,AWS/RDS,ReadLatency,,average,0.0
2026-09-30T11:03:00+00:00,db,AWS/RDS,ReadLatency,,average,0.00011111111111111112
2026-09-30T11:04:00+00:00,db,AWS/RDS,ReadLatency,,average,0.0
2026-09-30T11:05:00+00:00,db,AWS/RDS,ReadLatency,,average,0.0004
2026-09-30T11:06:00+00:00,db,AWS/RDS,ReadLatency,,average,0.0
2026-09-30T11:07:00+00:00,db,AWS/RDS,ReadLatency,,average,0.0
2026-09-30T11:08:00+00:00,db,AWS/RDS,ReadLatency,,average,0.0007777777777777778
2026-09-30T11:09:00+00:00,db,AWS/RDS,ReadLatency,,average,0.0
2026-09-30T11:10:00+00:00,db,AWS/RDS,ReadLatency,,average,0.0004
2026-09-30T10:58:00+00:00,db,AWS/RDS,ReadLatency,,maximum,0.0
2026-09-30T10:59:00+00:00,db,AWS/RDS,ReadLatency,,maximum,0.0
2026-09-30T11:00:00+00:00,db,AWS/RDS,ReadLatency,,maximum,0.0
2026-09-30T11:01:00+00:00,db,AWS/RDS,ReadLatency,,maximum,0.004
2026-09-30T11:02:00+00:00,db,AWS/RDS,ReadLatency,,maximum,0.0
2026-09-30T11:03:00+00:00,db,AWS/RDS,ReadLatency,,maximum,0.00011111111111111112
2026-09-30T11:04:00+00:00,db,AWS/RDS,ReadLatency,,maximum,0.0
2026-09-30T11:05:00+00:00,db,AWS/RDS,ReadLatency,,maximum,0.0004
2026-09-30T11:06:00+00:00,db,AWS/RDS,ReadLatency,,maximum,0.0
2026-09-30T11:07:00+00:00,db,AWS/RDS,ReadLatency,,maximum,0.0
2026-09-30T11:08:00+00:00,db,AWS/RDS,ReadLatency,,maximum,0.0007777777777777778
2026-09-30T11:09:00+00:00,db,AWS/RDS,ReadLatency,,maximum,0.0
2026-09-30T11:10:00+00:00,db,AWS/RDS,ReadLatency,,maximum,0.0004
2026-09-30T10:58:00+00:00,db,AWS/RDS,FreeStorageSpace,,average,18383106048.0
2026-09-30T10:59:00+00:00,db,AWS/RDS,FreeStorageSpace,,average,18383106048.0
2026-09-30T11:00:00+00:00,db,AWS/RDS,FreeStorageSpace,,average,18384326656.0
2026-09-30T11:01:00+00:00,db,AWS/RDS,FreeStorageSpace,,average,18384261120.0
2026-09-30T11:02:00+00:00,db,AWS/RDS,FreeStorageSpace,,average,18384146432.0
2026-09-30T11:03:00+00:00,db,AWS/RDS,FreeStorageSpace,,average,18383986688.0
2026-09-30T11:04:00+00:00,db,AWS/RDS,FreeStorageSpace,,average,18383724544.0
2026-09-30T11:05:00+00:00,db,AWS/RDS,FreeStorageSpace,,average,18383568896.0
2026-09-30T11:06:00+00:00,db,AWS/RDS,FreeStorageSpace,,average,18383437824.0
2026-09-30T11:07:00+00:00,db,AWS/RDS,FreeStorageSpace,,average,18383282176.0
2026-09-30T11:08:00+00:00,db,AWS/RDS,FreeStorageSpace,,average,18383167488.0
2026-09-30T11:09:00+00:00,db,AWS/RDS,FreeStorageSpace,,average,18383151104.0
2026-09-30T11:10:00+00:00,db,AWS/RDS,FreeStorageSpace,,average,18383151104.0
2026-09-30T10:58:00+00:00,db,AWS/RDS,FreeStorageSpace,,maximum,18383106048.0
2026-09-30T10:59:00+00:00,db,AWS/RDS,FreeStorageSpace,,maximum,18383106048.0
2026-09-30T11:00:00+00:00,db,AWS/RDS,FreeStorageSpace,,maximum,18384326656.0
2026-09-30T11:01:00+00:00,db,AWS/RDS,FreeStorageSpace,,maximum,18384261120.0
2026-09-30T11:02:00+00:00,db,AWS/RDS,FreeStorageSpace,,maximum,18384146432.0
2026-09-30T11:03:00+00:00,db,AWS/RDS,FreeStorageSpace,,maximum,18383986688.0
2026-09-30T11:04:00+00:00,db,AWS/RDS,FreeStorageSpace,,maximum,18383724544.0
2026-09-30T11:05:00+00:00,db,AWS/RDS,FreeStorageSpace,,maximum,18383568896.0
2026-09-30T11:06:00+00:00,db,AWS/RDS,FreeStorageSpace,,maximum,18383437824.0
2026-09-30T11:07:00+00:00,db,AWS/RDS,FreeStorageSpace,,maximum,18383282176.0
2026-09-30T11:08:00+00:00,db,AWS/RDS,FreeStorageSpace,,maximum,18383167488.0
2026-09-30T11:09:00+00:00,db,AWS/RDS,FreeStorageSpace,,maximum,18383151104.0
2026-09-30T11:10:00+00:00,db,AWS/RDS,FreeStorageSpace,,maximum,18383151104.0
2026-09-30T10:58:00+00:00,db,AWS/RDS,WriteIOPS,,average,12.068074608704348
2026-09-30T10:59:00+00:00,db,AWS/RDS,WriteIOPS,,average,0.19986342665845006
2026-09-30T11:00:00+00:00,db,AWS/RDS,WriteIOPS,,average,2.3510187748024145
2026-09-30T11:01:00+00:00,db,AWS/RDS,WriteIOPS,,average,6.283438057300955
2026-09-30T11:02:00+00:00,db,AWS/RDS,WriteIOPS,,average,12.280877157901752
2026-09-30T11:03:00+00:00,db,AWS/RDS,WriteIOPS,,average,26.348243450436637
2026-09-30T11:04:00+00:00,db,AWS/RDS,WriteIOPS,,average,17.30490305586583
2026-09-30T11:05:00+00:00,db,AWS/RDS,WriteIOPS,,average,16.633610560176002
2026-09-30T11:06:00+00:00,db,AWS/RDS,WriteIOPS,,average,13.652047807171076
2026-09-30T11:07:00+00:00,db,AWS/RDS,WriteIOPS,,average,12.117878454512118
2026-09-30T11:08:00+00:00,db,AWS/RDS,WriteIOPS,,average,21.079117509831367
2026-09-30T11:09:00+00:00,db,AWS/RDS,WriteIOPS,,average,3.334222459322486
2026-09-30T11:10:00+00:00,db,AWS/RDS,WriteIOPS,,average,0.19974366230004828
2026-09-30T10:58:00+00:00,db,AWS/RDS,WriteIOPS,,maximum,12.068074608704348
2026-09-30T10:59:00+00:00,db,AWS/RDS,WriteIOPS,,maximum,0.19986342665845006
2026-09-30T11:00:00+00:00,db,AWS/RDS,WriteIOPS,,maximum,2.3510187748024145
2026-09-30T11:01:00+00:00,db,AWS/RDS,WriteIOPS,,maximum,6.283438057300955
2026-09-30T11:02:00+00:00,db,AWS/RDS,WriteIOPS,,maximum,12.280877157901752
2026-09-30T11:03:00+00:00,db,AWS/RDS,WriteIOPS,,maximum,26.348243450436637
2026-09-30T11:04:00+00:00,db,AWS/RDS,WriteIOPS,,maximum,17.30490305586583
2026-09-30T11:05:00+00:00,db,AWS/RDS,WriteIOPS,,maximum,16.633610560176002
2026-09-30T11:06:00+00:00,db,AWS/RDS,WriteIOPS,,maximum,13.652047807171076
2026-09-30T11:07:00+00:00,db,AWS/RDS,WriteIOPS,,maximum,12.117878454512118
2026-09-30T11:08:00+00:00,db,AWS/RDS,WriteIOPS,,maximum,21.079117509831367
2026-09-30T11:09:00+00:00,db,AWS/RDS,WriteIOPS,,maximum,3.334222459322486
2026-09-30T11:10:00+00:00,db,AWS/RDS,WriteIOPS,,maximum,0.19974366230004828
2026-09-30T10:58:00+00:00,db,AWS/RDS,ReadIOPS,,average,0.01666861133798943
2026-09-30T10:59:00+00:00,db,AWS/RDS,ReadIOPS,,average,0.0
2026-09-30T11:00:00+00:00,db,AWS/RDS,ReadIOPS,,average,1.367259145629773
2026-09-30T11:01:00+00:00,db,AWS/RDS,ReadIOPS,,average,0.016666944449074152
2026-09-30T11:02:00+00:00,db,AWS/RDS,ReadIOPS,,average,0.0
2026-09-30T11:03:00+00:00,db,AWS/RDS,ReadIOPS,,average,0.5332977801479901
2026-09-30T11:04:00+00:00,db,AWS/RDS,ReadIOPS,,average,0.016671390227231048
2026-09-30T11:05:00+00:00,db,AWS/RDS,ReadIOPS,,average,1.3000216670277838
2026-09-30T11:06:00+00:00,db,AWS/RDS,ReadIOPS,,average,0.0
2026-09-30T11:07:00+00:00,db,AWS/RDS,ReadIOPS,,average,0.016668333500016667
2026-09-30T11:08:00+00:00,db,AWS/RDS,ReadIOPS,,average,0.5998800239952009
2026-09-30T11:09:00+00:00,db,AWS/RDS,ReadIOPS,,average,0.0
2026-09-30T11:10:00+00:00,db,AWS/RDS,ReadIOPS,,average,1.2983338049503137
2026-09-30T10:58:00+00:00,db,AWS/RDS,ReadIOPS,,maximum,0.01666861133798943
2026-09-30T10:59:00+00:00,db,AWS/RDS,ReadIOPS,,maximum,0.0
2026-09-30T11:00:00+00:00,db,AWS/RDS,ReadIOPS,,maximum,1.367259145629773
2026-09-30T11:01:00+00:00,db,AWS/RDS,ReadIOPS,,maximum,0.016666944449074152
2026-09-30T11:02:00+00:00,db,AWS/RDS,ReadIOPS,,maximum,0.0
2026-09-30T11:03:00+00:00,db,AWS/RDS,ReadIOPS,,maximum,0.5332977801479901
2026-09-30T11:04:00+00:00,db,AWS/RDS,ReadIOPS,,maximum,0.016671390227231048
2026-09-30T11:05:00+00:00,db,AWS/RDS,ReadIOPS,,maximum,1.3000216670277838
2026-09-30T11:06:00+00:00,db,AWS/RDS,ReadIOPS,,maximum,0.0
2026-09-30T11:07:00+00:00,db,AWS/RDS,ReadIOPS,,maximum,0.016668333500016667
2026-09-30T11:08:00+00:00,db,AWS/RDS,ReadIOPS,,maximum,0.5998800239952009
2026-09-30T11:09:00+00:00,db,AWS/RDS,ReadIOPS,,maximum,0.0
2026-09-30T11:10:00+00:00,db,AWS/RDS,ReadIOPS,,maximum,1.2983338049503137
2026-09-30T11:00:00+00:00,db,AWS/RDS,CPUCreditUsage,,average,0.6341281166666667
2026-09-30T11:05:00+00:00,db,AWS/RDS,CPUCreditUsage,,average,0.7642742166666666
2026-09-30T11:10:00+00:00,db,AWS/RDS,CPUCreditUsage,,average,0.7460992
2026-09-30T11:00:00+00:00,db,AWS/RDS,CPUCreditUsage,,maximum,0.6341281166666667
2026-09-30T11:05:00+00:00,db,AWS/RDS,CPUCreditUsage,,maximum,0.7642742166666666
2026-09-30T11:10:00+00:00,db,AWS/RDS,CPUCreditUsage,,maximum,0.7460992
2026-09-30T11:00:00+00:00,db,AWS/RDS,CPUCreditBalance,,average,17.49333335
2026-09-30T11:05:00+00:00,db,AWS/RDS,CPUCreditBalance,,average,17.730539133333334
2026-09-30T11:10:00+00:00,db,AWS/RDS,CPUCreditBalance,,average,17.983723266666665
2026-09-30T11:00:00+00:00,db,AWS/RDS,CPUCreditBalance,,maximum,17.49333335
2026-09-30T11:05:00+00:00,db,AWS/RDS,CPUCreditBalance,,maximum,17.730539133333334
2026-09-30T11:10:00+00:00,db,AWS/RDS,CPUCreditBalance,,maximum,17.983723266666665
