4e6041,46,1790763826918
16cec6,35,1790762926918
2deea2,42,1790762926918
19e107,20,1790762926918
bb5c55,19,1790848426918
d94c04,26,1790763826918
7f799a,34,1790762926918
4b69f8,49,1790848426918
c72b2b,41,1790848426918
da4f02,43,1790762926918
a3e9b3,23,1790763826918
041bc4,47,1790848426918
5bd65c,25,1790848426918
56d8d9,25,1790763826918
62975a,39,1790848426918
55aab6,55,1790848426918
d75651,53,1790848426918
fdc8ec,50,1790763826918
af3b45,36,1790848426918
91ad76,20,1790763826918
23d852,37,1790762926918
99b252,45,1790763826918
2c15ba,22,1790848426918
0368c9,57,1790763826918
4dd3e2,59,1790762926918
9b847e,34,1790763826918
c465f9,15,1790763826918
8bcf43,60,1790763826918
279f73,26,1790763826918
f34a7e,28,1790762926918
2bf26f,36,1790762926918
3f9a5d,23,1790763826918
3f753d,38,1790763826918
fc0e55,58,1790763826918
19c5a1,40,1790763826918
531d3e,35,1790848426918
2a6d4f,24,1790762926918
2e9738,45,1790763826918
96f847,50,1790848426918
6a1e6c,44,1790763826918
38e177,17,1790763826918
e6746d,20,1790763826918
9aada5,29,1790763826918
7cc5ed,24,1790848426918
377f3d,43,1790762926918
099499,29,1790762926918
bb981d,33,1790762926918
6812c8,26,1790763826918
78bb6b,59,1790762926918
a958d7,25,1790763826918
ede4f2,38,1790762926918
f2a9ae,37,1790848426918
cacd12,33,1790762926918
d1e423,59,1790762926918
7b4414,60,1790848426918
9ec87c,51,1790762926918
5afa55,44,1790848426918
ad8fc5,21,1790848426918
ed7da7,33,1790762926918
2f753f,16,1790763826918
1842e9,38,1790763826918
1cc6e9,49,1790848426918
76d5cd,41,1790762926918
10c864,26,1790763826918
4537e4,24,1790848426918
3b581f,35,1790762926918
f14d80,46,1790763826918
183f7d,24,1790763826918
68cab0,38,1790848426918
53645b,57,1790848426918
1f47a0,25,1790848426918
2f8140,19,1790848426918
787506,43,1790763826918
18ff43,32,1790763826918
a2e7ff,36,1790848426918
581184,51,1790848426918
1210a9,17,1790762926918
de6e51,57,1790762926918
ab0e64,49,1790763826918
e6c1f4,44,1790762926918
f9f5d5,40,1790848426918
f7dcba,37,1790762926918
f632b5,48,1790762926918
be0256,45,1790763826918
3f9b27,45,1790848426918
62de0e,56,1790763826918
9fb303,33,1790848426918
419cfc,26,1790848426918
1a3b53,58,1790762926918
178e8d,39,1790762926918
6c008b,55,1790762926918
3f03eb,44,1790763826918
fbbebd,43,1790762926918
94965e,31,1790763826918
4b4349,37,1790763826918
774aac,32,1790762926918
2296d5,41,1790848426918
1e92a7,26,1790848426918
ccf9b1,15,1790848426918
6f2696,57,1790848426918
0b10b6,58,1790762926918
2bf91a,32,1790762926918
2427e1,46,1790762926918
d964b7,43,1790763826918
40aa6d,19,1790762926918
f94478,34,1790763826918
2fbd66,48,1790762926918
695887,41,1790848426918
41d967,55,1790848426918
2efe93,58,1790848426918
5b0b87,27,1790762926918
f08b32,37,1790848426918
5ade84,30,1790763826918
34d890,39,1790762926918
1a5dfa,45,1790763826918
4ca716,44,1790763826918
48c45e,40,1790763826918
b4def0,26,1790763826918
2090cf,30,1790763826918
5c1254,38,1790763826918
419fc6,44,1790848426918
8e07dc,29,1790762926918
a01b96,27,1790763826918
47fe8c,52,1790848426918
626e48,50,1790848426918
f695d5,46,1790762926918
57db1a,43,1790848426918
d6a7da,51,1790762926918
9f9f7b,59,1790763826918
d9f65d,21,1790762926918
2230ce,42,1790763826918
9c9224,44,1790762926918
c56f47,35,1790762926918
df55e2,54,1790762926918
27c570,45,1790762926918
9d90fa,34,1790762926918
98289b,57,1790762926918
e69053,18,1790762926918
d73473,21,1790763826918
99c47a,19,1790848426918
902c6b,23,1790763826918
ca6a68,20,1790762926918
b48697,48,1790848426918
8fc4d4,21,1790763826918
00d1ed,19,1790763826918
49655e,49,1790848426918
aba9e8,22,1790762926918
877ca1,43,1790763826918
a593bc,57,1790763826918
c90bf0,33,1790848426918
211066,39,1790848426918
763dea,44,1790762926918
eb9294,16,1790763826918
686d1a,50,1790762926918
9b872e,20,1790763826918
65a7c7,50,1790762926918
8e8531,39,1790763826918
cfc110,16,1790848426918
72943c,54,1790763826918
3ab9f5,36,1790763826918
c73b91,41,1790848426918
a1a90b,59,1790763826918
f8c6fa,16,1790848426918
22c217,48,1790763826918
ce1724,25,1790848426918
449d03,19,1790762926918
b71836,60,1790762926918
381795,19,1790763826918
9196db,19,1790763826918
44ed72,29,1790848426918
86b2c8,32,1790763826918
ff94f2,57,1790763826918
94cbaf,17,1790762926918
657351,42,1790762926918
ca52fa,35,1790763826918
e92eda,50,1790763826918
1017e3,49,1790763826918
1e1947,27,1790848426918
a90b0c,43,1790848426918
69dc35,31,1790762926918
d394d2,36,1790848426918
21d8be,47,1790763826918
cbf6a7,49,1790763826918
6b5c33,20,1790848426918
62fbd9,29,1790763826918
af0f18,50,1790848426918
398b25,18,1790848426918
0aac38,53,1790762926918
4cdf3b,44,1790763826918
db982e,45,1790763826918
47b1fd,46,1790762926918
4ee5b3,35,1790763826918
5491c7,23,1790762926918
9913fd,15,1790848426918
ebe223,47,1790763826918
40998a,17,1790762926918
059133,31,1790762926918
684c52,20,1790762926918
e3a3ee,21,1790848426918
9ccc66,48,1790848426918
4ca2de,22,1790762926918
9e7898,43,1790762926918
25e1ad,37,1790763826918
0ff689,28,1790763826918
8e067c,37,1790762926918
f1835b,54,1790762926918
c5abf9,40,1790763826918
9a18c1,58,1790763826918
baf0e4,43,1790763826918
4fc25d,49,1790763826918
d1d84b,46,1790762926918
b4813d,54,1790763826918
a5eba4,49,1790848426918
ea124a,22,1790848426918
66a830,32,1790763826918
0d2bfa,53,1790763826918
3019f0,50,1790763826918
739aba,28,1790763826918
f156c0,59,1790762926918
3436d3,27,1790848426918
42424f,50,1790763826918
622e02,23,1790763826918
bacbfe,46,1790763826918
7cb24a,50,1790848426918
bcdab2,57,1790763826918
8b445d,55,1790763826918
79a19a,39,1790848426918
e336f0,25,1790848426918
84b064,58,1790763826918
370567,54,1790762926918
466b49,31,1790763826918
1a1dea,51,1790763826918
95763e,21,1790763826918
93f98d,45,1790762926918
f5cd3e,50,1790763826918
e5da07,47,1790848426918
089ac1,17,1790848426918
7d1037,27,1790762926918
149981,35,1790763826918
fa48f2,60,1790848426918
31307a,45,1790848426918
11e254,16,1790762926918
8bfa0e,42,1790763826918
463b50,28,1790762926918
c96adc,15,1790848426918
abd5cd,47,1790763826918
abc3d4,50,1790763826918
cdd03f,16,1790762926918
3c88a5,58,1790762926918
913743,58,1790763826918
29b6b7,46,1790762926918
6390fc,31,1790848426918
dbb13f,38,1790763826918
f117d1,60,1790763826918
594a00,20,1790762926918
b8d20e,46,1790762926918
f8879e,26,1790763826918
7a5ed5,36,1790848426918
672b07,17,1790848426918
ce0005,19,1790762926918
b7a44f,37,1790848426918
604785,44,1790848426918
cd6238,33,1790762926918
9c113b,60,1790848426918
b56750,23,1790848426918
22c969,50,1790763826918
93bc46,20,1790848426918
3c89fa,47,1790763826918
4a8291,23,1790848426918
6bdd95,22,1790848426918
2cad5c,54,1790762926918
094420,57,1790762926918
f2d019,48,1790848426918
4a1c8e,22,1790848426918
fa5026,18,1790763826918
6d67af,59,1790763826918
717bb6,18,1790848426918
bc2183,50,1790848426918
927396,36,1790763826918
ecbfb6,59,1790762926918
bb9c7f,28,1790848426918
bad178,45,1790763826918
7b7200,48,1790763826918
25e652,17,1790763826918
90e72f,28,1790762926918
56ed9d,37,1790762926918
13f4b1,46,1790763826918
18a1bf,58,1790762926918
899cb6,39,1790762926918
45829b,54,1790848426918
167325,56,1790763826918
542585,59,1790848426918
add745,20,1790763826918
5fac31,33,1790848426918
aa57a0,41,1790848426918
04b34a,32,1790762926918
d56228,31,1790848426918
0b3937,17,1790848426918
215ede,18,1790762926918
206abb,34,1790762926918
791391,36,1790763826918
6161a8,44,1790848426918
cff955,52,1790763826918
bb0bb0,54,1790762926918
8468b8,35,1790763826918
2a1f5f,21,1790763826918
5bb59d,20,1790763826918
0e8e74,29,1790763826918
928e12,51,1790763826918
5f1327,43,1790763826918
822c43,45,1790762926918
8909ae,58,1790763826918
d2f631,33,1790763826918
7a9c97,28,1790848426918
aa35b3,45,1790763826918
8391c4,56,1790848426918
427a51,44,1790762926918
5021ac,56,1790762926918
a3f658,45,1790848426918
dfc675,24,1790762926918
86905d,57,1790763826918
336776,24,1790848426918
2cd05a,22,1790763826918
9deee9,37,1790763826918
408e8f,32,1790848426918
9ee8b0,15,1790848426918
27e820,30,1790762926918
6a526b,45,1790762926918
092767,46,1790848426918
4ff1f5,29,1790762926918
63e0e6,32,1790848426918
10b4d7,43,1790848426918
3ecdb9,47,1790763826918
de8201,31,1790762926918
b7ed8e,45,1790762926918
42352f,60,1790763826918
c94d42,58,1790848426918
4ec442,22,1790762926918
7919eb,41,1790848426918
c1f470,47,1790763826918
afd179,33,1790762926918
e61d03,48,1790763826918
1582bd,33,1790848426918
984d64,38,1790763826918
a8b170,35,1790762926918
962e23,51,1790763826918
8b405d,60,1790763826918
069679,26,1790762926918
d46c39,28,1790762926918
3a9ee0,21,1790848426918
27073f,34,1790762926918
9480eb,46,1790848426918
06a24f,42,1790762926918
33d8da,32,1790763826918
0b38b8,16,1790762926918
e936a5,28,1790763826918
e0b1e2,46,1790848426918
43b0a2,39,1790763826918
180f7d,15,1790848426918
929626,38,1790762926918
ca1183,41,1790763826918
43b85c,32,1790763826918
385344,54,1790762926918
858b9b,15,1790763826918
0c7b6e,25,1790763826918
3bd0da,35,1790763826918
f8337a,46,1790763826918
4a7bf9,50,1790848426918
7f6528,33,1790848426918
3822fd,31,1790763826918
d7d77e,26,1790848426918
6b3128,49,1790763826918
2789fe,47,1790762926918
5302a4,25,1790763826918
125865,28,1790763826918
986ad3,50,1790762926918
22864f,20,1790848426918
4f0192,28,1790763826918
08e31c,32,1790763826918
0d3d13,41,1790848426918
e9f9c1,49,1790762926918
726b8d,26,1790763826918
d3e061,21,1790762926918
fb1dc9,31,1790762926918
248c17,15,1790848426918
75b58c,59,1790762926918
ad2f81,42,1790762926918
efb664,39,1790763826918
bc4f2f,56,1790848426918
ba6b32,20,1790763826918
ef3f1e,33,1790763826918
01f174,51,1790848426918
dbe359,26,1790763826918
087902,29,1790763826918
54145a,15,1790762926918
c911c8,59,1790762926918
5729aa,17,1790763826918
206777,42,1790848426918
e0a1b7,23,1790763826918
ecdf60,36,1790763826918
351e93,34,1790763826918
0e6ce3,29,1790848426918
8505ef,33,1790848426918
790e6f,36,1790848426918
2fd10a,39,1790848426918
1ae681,49,1790762926918
40a673,58,1790848426918
7748f4,24,1790763826918
b2889f,43,1790848426918
8cb0b6,39,1790762926918
0e509c,31,1790763826918
80bb50,36,1790848426918
c71369,32,1790763826918
abbd49,18,1790848426918
fb2ebe,38,1790848426918
a1134d,32,1790762926918
762bcb,42,1790762926918
a343c0,49,1790762926918
cb10ac,25,1790762926918
9e24cc,38,1790848426918
060f78,23,1790763826918
571963,38,1790848426918
5ee5a4,32,1790762926918
2d7de2,46,1790762926918
9100ff,60,1790763826918
36b1bf,25,1790848426918
f84772,22,1790848426918
f0e5e5,48,1790763826918
a9903e,22,1790763826918
26f911,52,1790848426918
494e1b,41,1790762926918
26cf1f,50,1790763826918
95b393,40,1790848426918
aeea76,49,1790763826918
483e6d,48,1790848426918
efc79a,22,1790762926918
bb0b0f,51,1790762926918
495181,25,1790762926918
19bc13,27,1790848426918
150dd7,19,1790762926918
3386fb,52,1790848426918
048b1d,20,1790848426918
bfb73b,18,1790762926918
4dc16c,55,1790763826918
51503f,26,1790763826918
77d5bc,45,1790762926918
1696d7,16,1790762926918
a8ad91,21,1790848426918
2b405e,32,1790762926918
ce6cae,58,1790848426918
79d3ec,46,1790762926918
d4f59e,42,1790848426918
d361fc,32,1790848426918
665365,32,1790762926918
564ae8,40,1790763826918
60e0ab,45,1790763826918
547763,42,1790848426918
713a2a,16,1790762926918
3930cd,46,1790763826918
e63ff2,30,1790848426918
75035e,59,1790762926918
89bd4a,36,1790763826918
719e5a,22,1790848426918
275307,19,1790763826918
5390c8,58,1790763826918
fd9d5a,30,1790848426918
38ff6f,38,1790762926918
5eaae8,35,1790848426918
65e7ba,39,1790848426918
c36c53,31,1790762926918
43fdf9,44,1790763826918
b857b8,55,1790763826918
d7e4a9,15,1790762926918
772a41,51,1790763826918
b8cb0a,44,1790763826918
914fd8,16,1790763826918
2fd6ab,58,1790848426918
97eda9,22,1790763826918
983556,23,1790762926918
a8c528,58,1790763826918
6fb975,30,1790762926918
51fdee,51,1790848426918
c997b7,48,1790763826918
0bd6af,45,1790848426918
565d6b,33,1790848426918
e7bd77,24,1790762926918
b1f20d,35,1790848426918
988566,39,1790763826918
697b00,49,1790762926918
85aa9b,47,1790848426918
ef05d4,25,1790762926918
ef724c,32,1790763826918
820aa8,45,1790763826918
98a2dc,53,1790848426918
cdc90a,46,1790762926918
733d4a,55,1790762926918
dc27ec,58,1790762926918
c68c59,17,1790848426918
a4176d,57,1790763826918
615de9,24,1790763826918
a122ed,40,1790763826918
740094,25,1790762926918
6d83a7,41,1790762926918
0cf76e,60,1790763826918
1694a3,19,1790848426918
5fc100,52,1790762926918
88404d,59,1790762926918
207ddc,52,1790763826918
efce76,15,1790763826918
0c8102,37,1790762926918
697f30,47,1790762926918
97442d,18,1790763826918
d532b8,43,1790848426918
e04dc0,21,1790762926918
0e716c,52,1790763826918
6c716f,27,1790848426918
7a89e7,32,1790848426918
70a424,34,1790763826918
e4782d,28,1790848426918
5b97b9,51,1790763826918
fcee72,52,1790763826918
552cca,42,1790848426918
819848,30,1790762926918
d261a5,38,1790763826918
138a6d,38,1790763826918
77de58,46,1790848426918
a53396,57,1790762926918
1816fa,22,1790763826918
1443bb,36,1790763826918
03a8e0,35,1790762926918
74f1fc,36,1790762926918
45bbf9,54,1790763826918
6e2b55,51,1790848426918
4280a6,51,1790848426918
127f20,28,1790848426918
173978,19,1790848426918
82fa6a,47,1790848426918
9b6d64,34,1790848426918
339063,42,1790763826918
4131b1,24,1790848426918
237061,56,1790762926918
485023,25,1790763826918
3d8970,42,1790763826918
349d0f,32,1790762926918
b269c3,45,1790848426918
471d28,43,1790763826918
fe8c4a,34,1790762926918
c00311,16,1790763826918
3d2124,44,1790762926918
6a8971,31,1790763826918
719fcf,32,1790848426918
b59f07,33,1790762926918
a6c8e6,56,1790763826918
eb4681,26,1790763826918
2d6860,37,1790762926918
13ed80,58,1790848426918
f73781,55,1790763826918
8fc0af,38,1790762926918
615d63,21,1790848426918
8d6d01,52,1790848426918
e7a039,59,1790762926918
194576,36,1790848426918
4a5b4a,36,1790762926918
ebfa93,17,1790762926918
2719bb,51,1790763826918
9afabc,41,1790762926918
516ecd,33,1790848426918
9ad607,46,1790763826918
bb2c78,31,1790763826918
2f84eb,17,1790848426918
1ac61e,16,1790762926918
feb8d7,20,1790762926918
227c3e,37,1790848426918
6d778d,18,1790762926918
f7f014,51,1790762926918
c98eb8,54,1790848426918
33ccad,48,1790848426918
e5e944,42,1790848426918
65ff4a,60,1790763826918
192447,21,1790763826918
51c725,26,1790762926918
be6b4b,18,1790762926918
320066,48,1790763826918
7f5d62,47,1790848426918
168f13,28,1790763826918
3ec8fe,47,1790763826918
a28e49,26,1790848426918
f5922a,41,1790763826918
c52907,48,1790762926918
8c7e68,44,1790763826918
9795bc,53,1790762926918
e74865,25,1790848426918
d514fb,57,1790762926918
256820,19,1790762926918
65cab4,24,1790848426918
89c9c4,50,1790763826918
9649df,21,1790848426918
e0f58e,22,1790762926918
026cfa,37,1790763826918
54b788,53,1790848426918
217572,34,1790848426918
6ba34b,28,1790848426918
fb15d2,28,1790763826918
d40090,48,1790762926918
fbf7ad,15,1790762926918
8d0121,36,1790848426918
779d47,31,1790762926918
521477,47,1790762926918
b60904,24,1790762926918
76ff58,33,1790762926918
271a3c,17,1790848426918
a31c10,24,1790848426918
91b47d,26,1790762926918
639159,21,1790763826918
3bf769,26,1790762926918
0d4175,35,1790763826918
ed75d9,48,1790762926918
868bf4,18,1790763826918
2358ce,59,1790763826918
524c89,18,1790763826918
958f7e,55,1790848426918
f25431,58,1790762926918
8390ac,42,1790848426918
7118b4,34,1790848426918
f1994d,43,1790848426918
af9b0f,28,1790763826918
bace3a,37,1790848426918
624b8b,35,1790763826918
8e0f50,29,1790848426918
182762,54,1790762926918
c5aa5a,48,1790763826918
7cbfca,17,1790763826918
ce306a,18,1790848426918
c0475a,53,1790762926918
0fafd9,17,1790762926918
1108d2,41,1790848426918
1456d1,54,1790763826918
cdd7aa,35,1790763826918
0e40ea,27,1790848426918
b8eb96,18,1790848426918
db3b73,60,1790848426918
47a551,42,1790762926918
bfc9b8,49,1790762926918
e8643a,43,1790762926918
d6cbc7,56,1790763826918
f0a4df,39,1790763826918
a1990f,33,1790763826918
a5e03c,50,1790762926918
2169b0,59,1790848426918
1b9182,53,1790848426918
fb63e9,20,1790762926918
93d63a,45,1790848426918
153397,43,1790848426918
043b7b,27,1790763826918
03f3af,38,1790848426918
49ad24,47,1790763826918
56e678,22,1790763826918
84b6ef,46,1790763826918
9782d6,34,1790763826918
2fd5e0,18,1790762926918
3d046a,47,1790848426918
7c5657,17,1790763826918
40db7b,37,1790762926918
5188ac,41,1790848426918
00f98a,48,1790763826918
2850ae,16,1790762926918
e11e9a,32,1790762926918
0acb16,18,1790848426918
7d5dad,47,1790762926918
68791e,38,1790763826918
c9b539,54,1790848426918
632613,46,1790848426918
3c1113,23,1790763826918
d02bed,37,1790848426918
dbb3f5,37,1790848426918
52f491,59,1790763826918
089c7c,39,1790762926918
aa3075,40,1790762926918
8d7f6b,20,1790762926918
29b6ef,23,1790762926918
8cc72b,40,1790763826918
a4434b,20,1790763826918
b4fd7c,48,1790848426918
2ec497,19,1790763826918
bc779a,45,1790763826918
6d0a74,28,1790848426918
c71284,35,1790763826918
85209b,36,1790848426918
e8bb04,49,1790763826918
99ee11,21,1790763826918
6f67cc,34,1790763826918
a4fd5a,36,1790762926918
f85160,49,1790848426918
613327,42,1790763826918
4ca294,21,1790763826918
46ca4f,36,1790763826918
8164e9,52,1790763826918
589836,53,1790763826918
4ac55a,44,1790848426918
094a1f,27,1790762926918
0e4f5c,37,1790763826918
020841,57,1790762926918
876680,55,1790763826918
9f7ae0,58,1790848426918
17e7f7,38,1790762926918
b040a2,59,1790762926918
3d7d8d,36,1790848426918
c0bccb,19,1790763826918
3843d2,55,1790763826918
37f1fc,42,1790848426918
74d8ef,46,1790762926918
edf15e,58,1790762926918
f72bfd,31,1790848426918
b8e4ef,41,1790763826918
fabe12,22,1790762926918
83ace8,55,1790848426918
f3ff09,22,1790763826918
655cc4,36,1790848426918
cdaa9a,56,1790763826918
5461df,53,1790763826918
581fc0,16,1790762926918
045b5a,60,1790848426918
360f10,19,1790848426918
78fa4e,47,1790762926918
709156,19,1790763826918
c7c9bc,46,1790848426918
325712,57,1790763826918
24d6e2,26,1790763826918
621ed1,17,1790762926918
29ac11,56,1790848426918
f98bde,32,1790848426918
05c109,17,1790762926918
142833,60,1790763826918
6b351c,55,1790848426918
c0104e,19,1790848426918
79ee51,30,1790848426918
b8fda9,17,1790848426918
d60f0d,48,1790848426918
34e0c8,30,1790848426918
b1e4a2,17,1790762926918
8ceecd,60,1790848426918
a76f1c,59,1790763826918
742e5c,60,1790762926918
fbf457,53,1790762926918
37e6d4,60,1790763826918
81f82c,30,1790762926918
b40903,53,1790763826918
d8aa2b,28,1790763826918
8912bf,20,1790848426918
b5487b,60,1790848426918
bd7efc,30,1790763826918
7626e0,30,1790763826918
48c75b,54,1790762926918
636226,15,1790848426918
6fa66e,38,1790763826918
483cdc,38,1790763826918
053236,58,1790762926918
5b72c9,45,1790763826918
96968b,51,1790763826918
431733,24,1790762926918
d7014a,38,1790848426918
e49aaf,37,1790762926918
ad4bd8,37,1790763826918
c86033,16,1790763826918
da70d6,55,1790762926918
fcc2c3,52,1790762926918
5a0ace,49,1790762926918
0f533f,38,1790762926918
8350ba,55,1790763826918
3b2283,40,1790848426918
68a4d9,40,1790848426918
eb29f0,34,1790848426918
89b8ee,29,1790848426918
b31a54,15,1790762926918
1e543e,60,1790763826918
b095ac,53,1790763826918
7427de,33,1790762926918
3cf32a,32,1790848426918
bea7e5,60,1790763826918
5634c5,59,1790848426918
f89a77,40,1790762926918
c0b19e,51,1790763826918
a19fda,41,1790763826918
f93d4c,54,1790763826918
22828f,26,1790762926918
e4fc5b,43,1790848426918
35cc54,41,1790848426918
19bf83,51,1790763826918
404457,40,1790848426918
c92c3f,46,1790763826918
bdd03a,16,1790848426918
30f652,33,1790762926918
8f3cb0,35,1790762926918
c6cb88,35,1790763826918
2f00f7,47,1790848426918
1b9f0a,41,1790763826918
9f4ee4,44,1790762926918
e9448e,48,1790762926918
dfae38,15,1790762926918
192fac,29,1790848426918
95df2c,27,1790763826918
57544c,32,1790763826918
44a028,40,1790762926918
db4fd3,34,1790762926918
6dd108,56,1790762926918
fc4e6c,29,1790763826918
faab8a,26,1790762926918
536b8b,39,1790762926918
af07ff,30,1790763826918
c5183c,17,1790848426918
51047a,49,1790848426918
fcad91,45,1790848426918
a625c1,42,1790763826918
c8ebae,40,1790762926918
d1fd52,49,1790848426918
f27c19,33,1790848426918
6356d2,20,1790762926918
a1777c,35,1790762926918
5b44fe,22,1790762926918
eb3976,20,1790762926918
f046d9,29,1790762926918
78af0d,53,1790848426918
26fe0b,48,1790848426918
ac5540,33,1790848426918
44e918,31,1790762926918
c05f41,41,1790762926918
e6ded4,16,1790762926918
beaab2,32,1790762926918
7123b6,59,1790848426918
e65390,17,1790762926918
617211,57,1790848426918
acb5fb,53,1790848426918
44b316,30,1790762926918
68808c,59,1790763826918
83ff92,48,1790762926918
f8653c,57,1790762926918
6dc9a3,28,1790763826918
ab5e12,46,1790848426918
f76059,59,1790848426918
05d4a8,41,1790848426918
f6882f,31,1790763826918
7ee4e8,23,1790848426918
b212b9,34,1790848426918
0ea847,54,1790762926918
bf42ee,36,1790762926918
59995b,55,1790762926918
ae58d9,21,1790763826918
b7a024,34,1790848426918
cb2982,48,1790848426918
1248b5,37,1790762926918
3ebb8b,44,1790848426918
12fbc3,47,1790762926918
b4ebf5,54,1790848426918
179835,40,1790762926918
343136,40,1790763826918
d79e19,15,1790848426918
63bcc6,38,1790762926918
9e9d02,24,1790763826918
7a2c2f,38,1790848426918
e23507,31,1790762926918
46e8fb,24,1790762926918
f60ee3,44,1790763826918
2422f0,38,1790848426918
3ecbbd,27,1790848426918
035728,56,1790848426918
ac8037,54,1790848426918
fb5fc9,24,1790848426918
f44862,38,1790763826918
14a30e,47,1790763826918
d1ce46,45,1790848426918
104833,26,1790848426918
d023e4,48,1790848426918
7d768e,43,1790848426918
442ad8,54,1790763826918
f3d209,40,1790762926918
dbdbef,33,1790848426918
ab7c59,41,1790763826918
a1655c,18,1790763826918
40f202,60,1790848426918
331d1e,37,1790848426918
88bd21,49,1790763826918
92ebf6,42,1790763826918
effa2d,50,1790762926918
227208,36,1790762926918
8d13ec,47,1790763826918
8b9526,55,1790762926918
36c278,34,1790762926918
4b2cb7,40,1790848426918
5ec84a,23,1790763826918
d4236e,24,1790762926918
dda519,50,1790848426918
6d7851,53,1790762926918
9a1607,17,1790848426918
a9df1c,56,1790848426918
eb631e,54,1790848426918
08d54b,26,1790763826918
dc8b9a,52,1790763826918
ea1b23,39,1790848426918
10efa0,52,1790762926918
e84eea,38,1790763826918
16b36e,34,1790763826918
7fe06a,28,1790762926918
8657ad,19,1790763826918
29291d,53,1790848426918
702c7a,31,1790848426918
fac55a,35,1790763826918
809482,33,1790763826918
9bf011,59,1790763826918
480dac,26,1790763826918
c56185,46,1790763826918
011b10,57,1790848426918
97d400,34,1790762926918
555e13,20,1790763826918
362eca,17,1790762926918
107ab5,46,1790848426918
bc5d1b,59,1790762926918
aa0284,49,1790762926918
e9330b,44,1790848426918
a83612,28,1790762926918
594f04,19,1790762926918
17127f,36,1790848426918
79fb07,36,1790848426918
f6e334,18,1790848426918
d733a3,28,1790848426918
7e9da4,30,1790763826918
2180db,29,1790762926918
17cf27,17,1790763826918
763747,41,1790763826918
e8db7a,39,1790848426918
796295,19,1790763826918
4e7807,46,1790762926918
e1cc1d,37,1790763826918
d91a42,28,1790848426918
1b3e48,52,1790848426918
c9ba87,37,1790848426918
5b2266,54,1790848426918
2177ee,41,1790762926918
32a548,45,1790763826918
8ffe3f,33,1790763826918
eb56d4,20,1790763826918
2d0309,46,1790848426918
fb615c,50,1790762926918
3e533b,53,1790848426918
e45c03,45,1790763826918
95bcb0,16,1790848426918
d1918b,38,1790762926918
eb7c4f,22,1790763826918
61c2cf,41,1790848426918
37d659,27,1790848426918
60bba0,55,1790762926918
d505ac,33,1790762926918
da2b54,32,1790763826918
380e76,43,1790848426918
bef17b,16,1790848426918
cefa3f,15,1790762926918
1ec7c7,35,1790848426918
1742c9,22,1790762926918
d2c6cb,18,1790763826918
030ba7,57,1790762926918
154e0f,17,1790848426918
a48033,33,1790762926918
3dad50,52,1790762926918
30b950,41,1790762926918
36dccf,41,1790762926918
bb6381,52,1790762926918
880bf1,15,1790848426918
70f3b0,33,1790848426918
6e92a9,41,1790848426918
dfb148,25,1790763826918
480fc4,51,1790763826918
da6e1b,47,1790848426918
3ba944,23,1790848426918
5d0acc,43,1790763826918
e625e2,60,1790848426918
bcc203,53,1790763826918
7a59cd,52,1790762926918
0b5ee3,24,1790763826918
fb3138,58,1790848426918
9f7dc4,23,1790848426918
6adc33,17,1790848426918
dfc859,46,1790762926918
b3cff1,48,1790762926918
b50a4d,40,1790762926918
04ad95,57,1790762926918
e6e4bd,43,1790848426918
e305e8,27,1790762926918
8c3ca2,57,1790762926918
5a57e4,31,1790763826918
005432,28,1790762926918
461788,17,1790763826918
7703e4,24,1790763826918
747f1d,23,1790763826918
b23a4a,25,1790762926918
e9ed96,21,1790848426918
58fa31,16,1790848426918
816e4e,47,1790762926918
e894c5,57,1790763826918
87077d,28,1790763826918
64b4a8,28,1790763826918
de8d6b,28,1790763826918
c49e95,33,1790763826918
9ce17c,60,1790848426918
82865f,46,1790762926918
3177da,34,1790763826918
9a39cb,41,1790762926918
c7cc7a,40,1790762926918
199d4e,45,1790848426918
c62736,60,1790763826918
f88268,57,1790848426918
a6cd5d,44,1790763826918
1d8e0a,29,1790848426918
c87a00,20,1790762926918
49c1a9,54,1790763826918
f73832,28,1790848426918
4c1596,56,1790763826918
81a3cf,30,1790762926918
c967a9,51,1790848426918
e944a8,24,1790848426918
d2fa8c,32,1790848426918
4417be,52,1790848426918
3ab560,26,1790763826918
f5b165,60,1790763826918
37c691,15,1790762926918
8dff7c,56,1790763826918
c219a7,53,1790848426918
490599,29,1790763826918
49932e,34,1790848426918
9bd663,36,1790848426918
d61812,21,1790762926918
f17bff,18,1790762926918
a3f0b4,40,1790762926918
f7f573,56,1790848426918
5f2091,37,1790848426918
f0fc17,40,1790763826918
221d06,30,1790763826918
cdbda3,19,1790762926918
4ca527,27,1790763826918
269577,41,1790762926918
72d902,50,1790848426918
35dfb0,56,1790848426918
817a3d,20,1790763826918
b1ed44,27,1790762926918
62146f,37,1790763826918
85deff,38,1790848426918
7f5568,46,1790763826918
979e83,44,1790762926918
3de3e8,48,1790848426918
98466f,42,1790848426918
5ed25e,32,1790763826918
8eb1d4,40,1790762926918
fbb052,24,1790848426918
c7623e,22,1790848426918
d0fc1f,26,1790762926918
fc3308,42,1790848426918
3fa624,31,1790762926918
388916,55,1790762926918
111389,25,1790848426918
da2a0f,55,1790762926918
380e6c,42,1790763826918
ea02b2,30,1790763826918
7aed8f,37,1790763826918
04720b,51,1790763826918
cfd303,46,1790848426918
a74a8d,45,1790848426918
a24e3c,57,1790763826918
6f1ae0,20,1790848426918
1e644f,59,1790762926918
5b45d0,18,1790848426918
a569cd,45,1790763826918
be537f,59,1790762926918
a0081f,33,1790848426918
26983d,48,1790848426918
26f653,57,1790762926918
24494f,29,1790848426918
81f13d,18,1790762926918
07d71b,38,1790763826918
f5b241,44,1790763826918
0123c6,29,1790763826918
085ff9,58,1790763826918
52a636,55,1790848426918
4cf32c,39,1790763826918
027048,24,1790848426918
159ccf,27,1790762926918
e97643,33,1790848426918
b67d58,46,1790848426918
59cea1,33,1790848426918
5a0c8e,54,1790848426918
9dd5c0,45,1790848426918
131fa1,23,1790848426918
19f54f,39,1790848426918
6cc368,32,1790848426918
420c74,35,1790763826918
bf2f55,48,1790762926918
9a106b,46,1790762926918
a42132,57,1790762926918
c59c88,45,1790763826918
cf6a23,25,1790763826918
fc6026,49,1790848426918
819331,43,1790762926918
a18f52,40,1790848426918
e98b87,32,1790763826918
60866b,46,1790762926918
2fe392,42,1790763826918
3cd6b7,48,1790763826918
6e761e,21,1790763826918
8ca325,23,1790762926918
0c2465,37,1790848426918
52b01d,51,1790848426918
87f2bc,55,1790762926918
1631e8,54,1790762926918
cbd1c2,44,1790763826918
2ba4d3,42,1790763826918
cbb2c1,41,1790763826918
59ca98,37,1790848426918
bd7c5a,56,1790763826918
9ff002,55,1790762926918
056ec7,20,1790763826918
43a9be,25,1790848426918
fafcac,51,1790763826918
6d83d0,15,1790848426918
66fc52,55,1790763826918
048cb1,57,1790762926918
c9faf8,60,1790848426918
716555,52,1790762926918
a93fb3,42,1790763826918
f1a6c5,17,1790848426918
c8c373,25,1790848426918
c67cff,40,1790763826918
0ba3e7,50,1790848426918
8b08c5,17,1790763826918
fefcbd,36,1790848426918
54c790,43,1790848426918
126c89,41,1790763826918
af3b67,28,1790848426918
a9dfbc,35,1790762926918
686785,53,1790762926918
bf731d,15,1790763826918
05bb26,40,1790848426918
aaab87,40,1790762926918
ce6b22,40,1790763826918
acb9b3,58,1790848426918
b15d52,41,1790848426918
f18996,34,1790848426918
65929f,24,1790762926918
976756,19,1790762926918
f799d7,46,1790762926918
36d8b3,51,1790763826918
f429ab,55,1790848426918
4bc7c5,25,1790848426918
0e3e92,27,1790763826918
4282a8,48,1790848426918
14c7bf,18,1790848426918
6e5819,35,1790848426918
5f5bd6,49,1790763826918
de8a0c,21,1790762926918
653a7f,44,1790848426918
cde688,57,1790762926918
9d1af5,36,1790848426918
aaa521,45,1790763826918
ea9754,26,1790762926918
e7f8aa,39,1790763826918
d7d659,22,1790762926918
a72200,22,1790848426918
03716c,38,1790763826918
566ce1,45,1790848426918
d50ee5,55,1790848426918
a9db35,48,1790763826918
f1703e,55,1790763826918
72bc0c,45,1790848426918
015dfb,29,1790762926918
0795a9,58,1790762926918
ac39f4,25,1790763826918
be6e68,22,1790848426918
63523e,30,1790762926918
27f6a5,19,1790848426918
20b792,59,1790763826918
a6fa3e,53,1790848426918
8b1afe,32,1790848426918
016309,47,1790763826918
484675,50,1790848426918
763170,50,1790848426918
e500d7,23,1790763826918
5c92d8,58,1790848426918
bc2e57,44,1790848426918
62f9e8,50,1790848426918
cda8bc,16,1790763826918
b79b9d,53,1790762926918
e5c682,23,1790848426918
561c50,30,1790762926918
75e124,27,1790762926918
c7167e,31,1790762926918
b580bd,35,1790763826918
f9be4a,45,1790763826918
d76d69,54,1790763826918
a47871,58,1790762926918
e0239c,32,1790763826918
fd0f9b,26,1790763826918
efcf7d,55,1790763826918
438adb,47,1790763826918
cf6397,40,1790763826918
8ba04d,19,1790762926918
4eefdc,38,1790762926918
4742f8,37,1790762926918
4345cb,30,1790848426918
789cd9,41,1790763826918
234092,41,1790762926918
fdb1e6,59,1790848426918
7583bf,49,1790763826918
4a6261,41,1790848426918
2f8315,49,1790763826918
f9ef05,49,1790848426918
476a38,17,1790762926918
fd9d64,31,1790763826918
d9d58b,35,1790762926918
45e37d,50,1790848426918
b79d6a,50,1790763826918
fcb536,26,1790763826918
260d17,41,1790848426918
3bbd37,33,1790762926918
de428b,49,1790762926918
a60146,16,1790763826918
d08151,41,1790763826918
3fca6b,55,1790763826918
b469bd,48,1790762926918
5168d7,50,1790763826918
cbf781,30,1790762926918
f54b4c,46,1790763826918
002d80,44,1790763826918
5f54f8,59,1790763826918
8ea22c,32,1790848426918
1a6b39,45,1790762926918
1bc607,21,1790763826918
876d26,32,1790762926918
1f6f21,18,1790762926918
c9d3eb,44,1790762926918
e75281,52,1790848426918
70cc85,44,1790848426918
da87e2,38,1790763826918
4d9bda,49,1790848426918
b584a0,18,1790848426918
99b4de,16,1790762926918
e4d97a,26,1790762926918
761cea,45,1790848426918
6cb5d5,25,1790763826918
1862ea,53,1790848426918
0ea566,21,1790848426918
6ac1d9,20,1790763826918
f26e83,28,1790763826918
f1741f,59,1790763826918
0bb4f7,41,1790848426918
39573c,47,1790763826918
46159e,40,1790762926918
09845c,30,1790763826918
3ecd34,56,1790763826918
3db1fe,50,1790763826918
051452,39,1790762926918
26f295,24,1790763826918
b92803,15,1790763826918
9d3860,47,1790848426918
7469b9,19,1790762926918
e27c2e,21,1790763826918
626598,32,1790848426918
d6b66e,56,1790763826918
8c62d0,23,1790763826918
2d54f4,43,1790763826918
9cb298,31,1790762926918
746e2c,48,1790763826918
517f54,60,1790763826918
063b9e,45,1790762926918
ba566e,41,1790762926918
74257f,60,1790763826918
6db93d,42,1790762926918
4abc2f,45,1790762926918
14d44e,23,1790763826918
2b2f3c,58,1790762926918
19ecea,21,1790848426918
f2099c,20,1790848426918
1c9c43,16,1790763826918
bbb9a5,48,1790848426918
443cd5,28,1790848426918
d09502,36,1790763826918
a080f4,19,1790763826918
8ed7db,45,1790762926918
3093f4,25,1790848426918
55df82,46,1790763826918
50a77c,17,1790763826918
d90c03,44,1790848426918
ad8cf3,53,1790848426918
6a44f9,26,1790763826918
9099ed,29,1790762926918
85fd73,54,1790848426918
aeaaf8,36,1790848426918
639d12,16,1790848426918
7774a8,32,1790848426918
994824,43,1790848426918
d8152d,30,1790762926918
752772,27,1790762926918
67c81e,24,1790763826918
b94c2f,55,1790763826918
18d569,25,1790763826918
921266,21,1790848426918
96c4c9,34,1790763826918
24e254,26,1790848426918
dcfc0c,44,1790763826918
01268a,44,1790762926918
a4b0ca,44,1790763826918
92fe87,36,1790848426918
89a26d,21,1790763826918
28cd1f,31,1790762926918
d77eef,29,1790763826918
1a62c2,21,1790762926918
47068d,18,1790762926918
3b108c,41,1790762926918
d2adec,22,1790762926918
0fb9d2,39,1790848426918
279381,58,1790763826918
6a7fba,57,1790762926918
7da51d,39,1790848426918
fc4a4d,59,1790848426918
e31fd2,15,1790762926918
0bdf90,40,1790762926918
13422e,46,1790763826918
27aba6,58,1790762926918
8b6eaf,47,1790762926918
13c8d4,48,1790763826918
8266ac,43,1790762926918
dc8cbf,38,1790763826918
f05e08,19,1790763826918
699a03,41,1790762926918
58b541,24,1790763826918
a296ad,45,1790763826918
328d31,30,1790763826918
3c2f04,42,1790763826918
f0be96,47,1790762926918
f5de6f,57,1790763826918
8b29fb,52,1790848426918
ab8112,34,1790762926918
14728d,24,1790848426918
90e611,47,1790762926918
e0bc42,52,1790763826918
6da207,32,1790762926918
f9dbe8,40,1790848426918
6960ec,37,1790763826918
1c194d,59,1790848426918
b49bd5,46,1790762926918
589c5c,36,1790763826918
b810ac,34,1790763826918
30c6e8,60,1790762926918
685b0d,39,1790763826918
9e0ceb,17,1790848426918
651257,23,1790763826918
6c63c6,26,1790762926918
d3f740,19,1790848426918
226c24,56,1790763826918
31ea89,48,1790848426918
872620,17,1790762926918
6fe033,43,1790848426918
6be3ff,34,1790762926918
091c6b,20,1790848426918
bdf62a,34,1790848426918
dd1470,39,1790762926918
f153f7,47,1790763826918
e1c329,21,1790762926918
e399de,43,1790848426918
d42292,38,1790763826918
ce442d,18,1790762926918
dc9e5d,53,1790762926918
1d9d1f,36,1790762926918
1f3196,18,1790848426918
40e750,33,1790763826918
f5fb75,28,1790763826918
79cec0,19,1790848426918
73721f,15,1790762926918
65e312,34,1790763826918
fec4a3,24,1790763826918
d2ae8f,34,1790762926918
2c9b76,42,1790848426918
ca83eb,27,1790762926918
22cfe8,56,1790762926918
7fc4b2,31,1790848426918
a226db,44,1790848426918
c0c8a2,59,1790848426918
6f37a8,25,1790848426918
edbb92,51,1790848426918
4d3ca8,53,1790848426918
d6264b,28,1790762926918
0b227e,40,1790763826918
66af8b,17,1790762926918
280458,49,1790762926918
fcc632,39,1790848426918
e09ac6,18,1790762926918
abdb0f,20,1790763826918
d8be0a,27,1790762926918
c59ac5,46,1790763826918
8e13d2,38,1790762926918
c5c95b,29,1790763826918
4e82c0,60,1790848426918
c45f7b,50,1790848426918
4a6ecc,41,1790848426918
cbfde2,29,1790763826918
50f125,29,1790763826918
9ad78b,15,1790762926918
9d3358,21,1790763826918
f86088,60,1790763826918
9adfdc,27,1790848426918
3c219b,36,1790848426918
6e2c54,42,1790762926918
fa3188,55,1790763826918
221c2e,53,1790763826918
e7aab5,28,1790763826918
29ff6f,42,1790848426918
5b0688,37,1790762926918
12ccde,45,1790762926918
8b6747,15,1790762926918
8e945e,40,1790763826918
19a3bf,35,1790848426918
6d2003,25,1790762926918
639d66,23,1790763826918
c87a73,39,1790848426918
21cebd,28,1790848426918
690a09,41,1790762926918
d964e0,22,1790763826918
224cb3,19,1790762926918
99f57a,40,1790763826918
f7c5c3,45,1790763826918
7fd88e,25,1790762926918
ba35a8,16,1790848426918
fd0b73,52,1790848426918
a7faed,29,1790848426918
925138,42,1790848426918
9fa484,21,1790762926918
96a65a,21,1790848426918
946380,30,1790763826918
b235ae,39,1790762926918
8ecd17,59,1790762926918
8a1a52,36,1790848426918
06b864,54,1790763826918
4b704a,55,1790848426918
ac4204,27,1790763826918
45ea43,51,1790763826918
8be72e,58,1790848426918
7b20b0,51,1790848426918
04cde2,45,1790762926918
cbd8f0,53,1790763826918
f5cd81,54,1790762926918
0e849b,22,1790848426918
6b178a,50,1790848426918
e20bc2,51,1790763826918
7f71d5,20,1790763826918
cf011a,18,1790848426918
7b0de7,29,1790762926918
c3f41a,56,1790848426918
5180ec,48,1790762926918
8cbe2f,17,1790762926918
66cdca,34,1790848426918
80eb7c,50,1790762926918
7f417c,15,1790762926918
b07317,25,1790763826918
cbe7c3,36,1790762926918
98e77d,48,1790762926918
1359dc,30,1790763826918
eef825,42,1790762926918
44ba20,19,1790848426918
2cc33a,25,1790763826918
6684ea,29,1790848426918
f967ce,57,1790763826918
22778d,29,1790848426918
f79c15,51,1790763826918
7c558d,33,1790763826918
d10f3e,47,1790763826918
3daff3,39,1790848426918
6d9896,35,1790762926918
fb3f24,33,1790848426918
78ce82,50,1790763826918
892f55,41,1790762926918
cf8637,17,1790762926918
57771c,43,1790763826918
3c2d50,44,1790762926918
477ba4,18,1790848426918
f7f8f3,41,1790848426918
f0ca3d,32,1790848426918
76e9e0,45,1790763826918
61bf38,50,1790763826918
5471bf,41,1790762926918
c25071,32,1790763826918
92652c,28,1790848426918
40f9b1,20,1790762926918
1c0afc,34,1790848426918
419be5,40,1790763826918
2065d8,50,1790763826918
1fba23,43,1790763826918
e96ab3,16,1790848426918
a11f20,48,1790848426918
951f78,15,1790848426918
d76414,53,1790763826918
5828ed,54,1790848426918
58423b,58,1790848426918
eb060c,22,1790763826918
edd8db,25,1790848426918
ef167b,34,1790762926918
24e444,56,1790763826918
13b3c7,44,1790763826918
ca1113,53,1790848426918
6c8bcf,16,1790848426918
bf96cf,39,1790848426918
b9a83a,51,1790763826918
36cbff,20,1790763826918
9a8854,36,1790762926918
0e3f90,58,1790762926918
79695f,17,1790848426918
a4c454,33,1790762926918
0e5186,21,1790763826918
7007a3,26,1790763826918
400c7e,21,1790763826918
e71350,20,1790762926918
1e0879,43,1790763826918
2928b1,59,1790762926918
c393d4,26,1790762926918
fc3e98,26,1790762926918
fbe15a,55,1790762926918
ba2fb5,17,1790763826918
a37a89,41,1790762926918
59792c,53,1790763826918
32a3da,59,1790763826918
29271e,25,1790763826918
289988,29,1790763826918
3f855e,20,1790762926918
1d474a,44,1790848426918
caf58c,32,1790848426918
ef9ce6,24,1790762926918
a35d45,21,1790762926918
71ebff,59,1790848426918
42f6a2,35,1790848426918
efba8a,27,1790848426918
7241c2,38,1790762926918
1ce1ed,40,1790763826918
54b21f,45,1790762926918
33dbd8,23,1790762926918
8639aa,59,1790762926918
70b6a1,49,1790763826918
85dfd1,52,1790763826918
dea8e3,52,1790848426918
424e77,54,1790762926918
9f6e20,31,1790763826918
561e85,27,1790763826918
405404,51,1790762926918
82064c,47,1790848426918
de9fb9,47,1790848426918
9adbdc,52,1790762926918
ca7b9e,39,1790762926918
5e871c,36,1790848426918
26e34c,22,1790762926918
44391a,36,1790848426918
ed26a9,26,1790848426918
af081e,24,1790763826918
6ed480,47,1790848426918
773fb0,56,1790762926918
24375c,28,1790762926918
a3f809,43,1790848426918
40e6ab,29,1790763826918
2e32b3,28,1790762926918
a6d1af,54,1790848426918
a1e12e,48,1790763826918
381b7a,37,1790762926918
1f0a5c,52,1790848426918
65793c,45,1790762926918
9fae7b,38,1790762926918
7ab0f0,20,1790762926918
7992c8,38,1790848426918
cd2727,34,1790848426918
28bb89,34,1790762926918
23fdcb,60,1790763826918
690689,22,1790848426918
f53193,20,1790763826918
ac4c44,34,1790763826918
bf27d9,35,1790848426918
09efc6,40,1790848426918
058d67,56,1790848426918
a29e79,21,1790848426918
f0b863,59,1790762926918
5c90d5,50,1790763826918
2c4831,56,1790848426918
433335,24,1790848426918
88c1cd,31,1790848426918
e562e9,23,1790848426918
7c6619,32,1790763826918
3fdb70,48,1790848426918
4f6e31,43,1790762926918
8aea7a,41,1790763826918
3b0541,17,1790762926918
21b05c,32,1790762926918
9dbcd2,43,1790848426918
3b0054,54,1790848426918
eaef31,51,1790763826918
cfb0bb,34,1790763826918
9d7f8e,39,1790848426918
063747,40,1790763826918
95e12c,34,1790763826918
449520,52,1790848426918
54a2db,52,1790848426918
b505e6,34,1790848426918
1527bd,38,1790763826918
2b6522,45,1790848426918
71c234,48,1790848426918
2cc2a9,43,1790762926918
0d08be,40,1790848426918
4865ab,42,1790762926918
cf6be6,48,1790848426918
c20e8f,19,1790762926918
4d31df,52,1790762926918
3c24f8,28,1790848426918
baa243,27,1790762926918
7d01c2,24,1790762926918
709858,33,1790763826918
70cb87,43,1790763826918
65d007,16,1790848426918
a949a0,15,1790762926918
248318,27,1790763826918
b72074,54,1790763826918
49390a,58,1790763826918
ed084b,43,1790762926918
937d3b,18,1790763826918
de3870,51,1790763826918
76a940,15,1790763826918
a89f9e,34,1790763826918
405c3b,52,1790848426918
df1b82,43,1790762926918
6b4469,22,1790762926918
b9e0ad,36,1790762926918
4f6f4b,60,1790848426918
a8ebd0,15,1790763826918
841253,17,1790762926918
7ac509,15,1790848426918
8e051e,52,1790763826918
b8612e,24,1790763826918
7e9afd,32,1790762926918
063f77,20,1790762926918
fe6a8e,43,1790763826918
c5968a,33,1790763826918
4e79f5,51,1790848426918
f7e235,37,1790762926918
0becbe,36,1790848426918
9c5585,55,1790763826918
3559fe,36,1790848426918
29fae5,31,1790848426918
e790d0,21,1790762926918
b0593b,15,1790763826918
dd7237,35,1790848426918
66bd0f,29,1790763826918
b2ce52,16,1790762926918
134303,42,1790763826918
f09aa1,23,1790848426918
d4bf6d,17,1790848426918
c7a9d6,56,1790762926918
4fb54e,39,1790763826918
344b9a,15,1790763826918
08bfb4,31,1790848426918
3c89e7,19,1790762926918
a12b94,22,1790848426918
fdf8f3,26,1790763826918
af932d,17,1790848426918
2862d1,43,1790762926918
824acc,52,1790762926918
3341ff,40,1790762926918
7a46a4,25,1790763826918
1fe18e,36,1790763826918
c0ccf5,38,1790762926918
2054ea,46,1790762926918
cbbc2a,29,1790848426918
bac139,42,1790762926918
c48c17,28,1790848426918
c1a071,15,1790762926918
89b206,48,1790762926918
14a146,41,1790848426918
70160a,25,1790762926918
d6a33f,40,1790763826918
647d07,34,1790762926918
7a732a,35,1790763826918
6bd809,18,1790762926918
17f879,15,1790762926918
92051a,38,1790762926918
535d4a,60,1790763826918
a28da8,52,1790763826918
93e774,37,1790848426918
36e39a,26,1790762926918
89e4b6,18,1790848426918
ec8844,26,1790763826918
153224,21,1790762926918
b92d87,36,1790848426918
857f0c,18,1790848426918
4b71b4,50,1790762926918
b19173,42,1790762926918
b0a7b6,42,1790762926918
f6a04c,42,1790762926918
4c5ab3,49,1790848426918
c1965a,32,1790763826918
f31397,25,1790848426918
ee040e,55,1790762926918
86aee2,23,1790762926918
484493,34,1790762926918
95320f,57,1790763826918
c0b789,20,1790848426918
092322,19,1790848426918
f120f1,41,1790762926918
3957ad,37,1790763826918
4cbf42,29,1790763826918
cccabd,31,1790848426918
a388f8,43,1790762926918
6378d5,31,1790763826918
de7fc2,48,1790762926918
b1a9a8,36,1790848426918
b6fa00,44,1790762926918
9b5996,32,1790762926918
1f678a,38,1790848426918
ddb126,24,1790763826918
f8b9bd,28,1790848426918
3b86b2,47,1790762926918
b87d76,38,1790762926918
120b83,45,1790762926918
6a1ff7,42,1790848426918
427f71,23,1790762926918
a35fac,29,1790763826918
21b7e4,18,1790763826918
bc42d3,45,1790763826918
817876,25,1790848426918
58d4ff,54,1790848426918
f66a84,20,1790848426918
ce5b86,17,1790848426918
7abf5d,25,1790763826918
3105b6,53,1790763826918
c6bf06,17,1790848426918
028e89,23,1790763826918
095316,48,1790848426918
2144de,39,1790762926918
bdb3ec,49,1790848426918
f1029b,29,1790762926918
16370f,48,1790763826918
76aedd,29,1790848426918
f36d90,30,1790848426918
af44ef,41,1790763826918
345a7c,38,1790763826918
54619e,16,1790848426918
99f8c7,36,1790848426918
692859,27,1790762926918
e5c56a,42,1790848426918
306a52,35,1790848426918
7f90a6,28,1790848426918
7fa558,43,1790762926918
e6cf31,34,1790762926918
f0f298,55,1790763826918
15d3d7,43,1790763826918
a7aaab,47,1790848426918
2022df,40,1790763826918
9a51e3,31,1790848426918
aab07e,50,1790762926918
c1ebeb,60,1790763826918
ee4f7d,41,1790763826918
5f4243,51,1790848426918
87bf70,40,1790763826918
9b9a3e,36,1790848426918
e5affb,26,1790848426918
89b3cd,60,1790762926918
d70eb1,28,1790763826918
a66b30,30,1790762926918
92f0b8,48,1790763826918
d385ec,41,1790762926918
dd3404,21,1790848426918
35b49c,28,1790848426918
0d054f,35,1790848426918
5c49bb,19,1790763826918
fa8468,58,1790763826918
10107d,54,1790763826918
95bdda,54,1790848426918
efced2,38,1790848426918
405162,25,1790762926918
775658,49,1790762926918
c7a4d2,38,1790848426918
666195,45,1790762926918
b3d6f6,51,1790763826918
d96178,16,1790762926918
9cdd0a,27,1790762926918
7a5833,17,1790848426918
a30ea7,45,1790763826918
ac8876,48,1790762926918
3e1521,27,1790848426918
d8655a,22,1790762926918
5beafb,59,1790763826918
bfd26a,58,1790763826918
3f2653,55,1790763826918
11ddc4,49,1790762926918
2a6bb9,29,1790763826918
304342,46,1790848426918
dc2b24,25,1790848426918
82221e,56,1790763826918
4de395,18,1790762926918
da86bc,25,1790763826918
dc0242,45,1790763826918
1d3489,36,1790848426918
9327ec,60,1790762926918
f001d4,39,1790763826918
acad00,51,1790763826918
b1fd51,42,1790848426918
d53a8a,23,1790848426918
6d09e7,47,1790848426918
9217ff,44,1790763826918
cf8e3a,36,1790762926918
3bf14e,58,1790848426918
b6b7db,20,1790848426918
7bf62e,21,1790763826918
00c3fa,46,1790848426918
40e4f8,37,1790763826918
4e2188,15,1790848426918
798ebf,39,1790848426918
0d3cd4,39,1790763826918
646c2e,52,1790762926918
f68b35,23,1790762926918
13bc53,25,1790848426918
96ddb6,20,1790848426918
741c22,58,1790848426918
881c10,56,1790763826918
d02438,54,1790762926918
f58ff8,58,1790763826918
be9782,48,1790848426918
07bab1,57,1790848426918
2be7e1,39,1790763826918
4bc148,17,1790762926918
55c394,19,1790762926918
dc8ffb,37,1790763826918
db91f0,34,1790762926918
6768e0,38,1790763826918
885dbe,54,1790763826918
be420f,45,1790762926918
e87293,32,1790762926918
b688f4,29,1790763826918
d18d93,32,1790848426918
16ca6d,30,1790763826918
6ba476,20,1790762926918
42363d,16,1790848426918
6e0fed,18,1790762926918
6a164f,36,1790763826918
87b6e8,42,1790763826918
86604b,33,1790763826918
1712cc,42,1790762926918
cd61ba,60,1790762926918
28dcfb,53,1790848426918
2bb98b,15,1790762926918
4ffe04,33,1790763826918
4da09e,15,1790763826918
3b4d18,31,1790848426918
675047,32,1790763826918
0cac6e,33,1790763826918
51f868,48,1790848426918
0d0fe6,55,1790762926918
6754e5,44,1790848426918
db2ddc,58,1790762926918
5d7f80,45,1790762926918
16a411,43,1790763826918
535e44,18,1790762926918
59a690,34,1790763826918
d8f4d5,48,1790848426918
cdbca4,26,1790763826918
938239,51,1790763826918
1ea893,27,1790763826918
26ee15,40,1790762926918
e3d7ce,23,1790763826918
09efc2,23,1790763826918
ccd74e,40,1790762926918
787378,21,1790762926918
61b3a2,44,1790848426918
283584,42,1790848426918
31e187,24,1790848426918
a7e988,29,1790848426918
76febe,46,1790763826918
0bcc94,50,1790762926918
8b28f0,39,1790848426918
e927d7,17,1790848426918
bf086d,15,1790762926918
e61035,60,1790762926918
1ac549,32,1790762926918
76a5d2,50,1790763826918
0b4325,36,1790762926918
7f164b,36,1790762926918
55f2a3,46,1790848426918
44e511,24,1790763826918
e71e4e,22,1790762926918
21ed38,23,1790848426918
4d586b,28,1790762926918
2d2999,23,1790762926918
6fa82a,21,1790763826918
8cc57d,33,1790762926918
bda5b1,23,1790848426918
4497c6,17,1790762926918
612020,57,1790762926918
551e0b,23,1790762926918
d93121,34,1790763826918
1b85dd,45,1790763826918
13f8b8,46,1790762926918
3e849d,18,1790763826918
ca6a99,27,1790848426918
4bff33,38,1790848426918
61a815,55,1790763826918
96d58c,27,1790762926918
35fd0a,38,1790763826918
371d31,37,1790763826918
5f23e6,30,1790763826918
ed0f7e,20,1790763826918
e939f2,16,1790848426918
efa46b,28,1790848426918
e7de89,34,1790763826918
301107,23,1790848426918
f3cd2c,37,1790848426918
460f00,27,1790762926918
68ef4c,26,1790763826918
c484b1,24,1790848426918
d79443,27,1790848426918
c3f105,17,1790763826918
8db8b9,31,1790763826918
280b8c,21,1790763826918
53aecf,15,1790763826918
612aeb,25,1790848426918
725f17,48,1790762926918
223f07,39,1790763826918
982ddb,32,1790763826918
b3ee9c,20,1790848426918
840612,55,1790848426918
03449d,47,1790762926918
7ef813,20,1790848426918
70751d,20,1790762926918
da8ee6,36,1790763826918
cd8ca9,35,1790848426918
8ba94f,58,1790762926918
88c35f,27,1790762926918
659c65,35,1790763826918
b9678e,54,1790763826918
49f53b,48,1790763826918
d2e10f,55,1790762926918
658386,38,1790763826918
48f56b,44,1790848426918
84b32b,15,1790848426918
142ccc,24,1790848426918
75ad35,18,1790848426918
c60ef0,50,1790763826918
6f5577,59,1790763826918
c62577,34,1790762926918
f24eb6,49,1790763826918
cc8983,31,1790763826918
126b79,56,1790848426918
65781c,56,1790762926918
faff88,22,1790762926918
9599fb,52,1790848426918
c4b2b0,34,1790762926918
f253c6,50,1790762926918
776b24,47,1790848426918
bb6316,28,1790848426918
5652e4,33,1790762926918
e43b00,43,1790848426918
e0a166,52,1790848426918
ac1192,29,1790763826918
6ecbc4,60,1790763826918
6cd5c2,56,1790762926918
51707d,26,1790848426918
c0a9b3,51,1790763826918
0f7bea,59,1790763826918
84cf17,51,1790848426918
e5d684,20,1790848426918
0fc4aa,33,1790763826918
492a16,54,1790763826918
dadf6e,39,1790762926918
fed8a9,41,1790762926918
efe5bd,46,1790848426918
7cca1f,45,1790848426918
9e8eda,48,1790848426918
2ba781,52,1790762926918
dc9430,40,1790762926918
8c8aff,48,1790762926918
4db94f,23,1790762926918
50a13d,21,1790848426918
461c52,43,1790848426918
9550e6,43,1790763826918
7dfb9d,17,1790848426918
b8e72a,33,1790762926918
03778c,42,1790848426918
e9327f,15,1790763826918
9bd8a0,50,1790762926918
dcef6c,57,1790848426918
a3de6c,51,1790763826918
a715ca,48,1790762926918
e28c07,16,1790762926918
b1d162,58,1790763826918
98f425,45,1790762926918
a00fd5,50,1790762926918
2379a1,56,1790762926918
00924b,45,1790763826918
d7660c,46,1790763826918
49a8c1,54,1790763826918
361753,32,1790763826918
92709c,48,1790848426918
3b97b1,22,1790763826918
399860,29,1790848426918
53227e,29,1790762926918
69371f,57,1790763826918
a1b98e,25,1790763826918
11b823,15,1790848426918
22a639,22,1790848426918
89d5d9,43,1790763826918
7eae90,30,1790762926918
3be519,44,1790848426918
c9b6f4,21,1790763826918
85964a,59,1790762926918
21b8a5,26,1790763826918
ec0f1e,49,1790763826918
83f1e2,50,1790762926918
e302a9,28,1790848426918
6586df,39,1790762926918
694716,24,1790762926918
6bc2f9,38,1790762926918
b5ff14,24,1790763826918
766021,19,1790762926918
3c73f4,27,1790763826918
d81c70,21,1790763826918
059832,44,1790762926918
3190c3,54,1790848426918
27ee02,19,1790762926918
ddc1a8,48,1790848426918
45f171,25,1790762926918
e650af,38,1790762926918
9bb0be,17,1790763826918
10e7d4,23,1790763826918
64f747,46,1790763826918
77bb62,44,1790763826918
9964ab,50,1790762926918
748744,36,1790848426918
45983e,46,1790848426918
805b0b,40,1790763826918
51bb3f,26,1790763826918
06e95d,23,1790848426918
a1c734,36,1790762926918
5186b6,20,1790762926918
ee9e1c,15,1790762926918
99e7c5,46,1790848426918
eb601a,31,1790762926918
a426ab,29,1790762926918
c1d729,28,1790762926918
29db4f,21,1790848426918
dde0e1,49,1790762926918
e372c3,28,1790848426918
07e322,22,1790762926918
c5072d,32,1790848426918
9de830,58,1790763826918
75e7df,36,1790763826918
671b34,36,1790762926918
66a882,54,1790763826918
a09e18,34,1790762926918
222640,48,1790848426918
4b7a21,47,1790763826918
838b58,35,1790762926918
f24899,28,1790762926918
0f960d,31,1790848426918
04a656,58,1790762926918
158371,58,1790762926918
884a6f,25,1790762926918
7d4661,60,1790762926918
d6eed8,57,1790848426918
e12151,59,1790762926918
167b40,41,1790763826918
3ade91,38,1790848426918
adf5de,20,1790762926918
fdba2f,32,1790762926918
51e644,55,1790848426918
773cbe,50,1790763826918
0c8df4,54,1790763826918
9865f1,28,1790848426918
fab6c5,56,1790848426918
f099c7,39,1790763826918
bda4b6,22,1790762926918
fda12c,55,1790762926918
e673a2,37,1790762926918
cbe175,41,1790762926918
680f93,56,1790762926918
d8d127,53,1790763826918
c34fdc,24,1790763826918
c5b84c,41,1790848426918
8839d7,54,1790762926918
81905c,42,1790762926918
18872f,16,1790848426918
222ca2,53,1790763826918
95e169,31,1790762926918
0baedc,29,1790848426918
754d81,26,1790763826918
326a29,57,1790762926918
9c7a91,26,1790763826918
644293,48,1790848426918
ed0cef,50,1790762926918
ef3e64,18,1790763826918
d7fa90,24,1790762926918
f93844,50,1790762926918
062adb,26,1790762926918
4226d1,45,1790763826918
c20f0f,50,1790762926918
2b8c77,38,1790762926918
49cf39,27,1790762926918
c07dd8,45,1790848426918
1ec434,44,1790763826918
b024f2,30,1790763826918
46f65e,18,1790762926918
93b5fa,33,1790763826918
e17586,55,1790762926918
1994b9,34,1790848426918
edc18c,35,1790763826918
578041,33,1790848426918
2180cd,43,1790762926918
2e24d2,44,1790762926918
59e34d,29,1790762926918
2419c0,46,1790763826918
b5d35f,37,1790763826918
007b62,20,1790762926918
66eeae,24,1790848426918
55a8fd,30,1790762926918
db0fb4,20,1790848426918
505318,28,1790848426918
886991,45,1790763826918
c62387,16,1790762926918
c05c57,36,1790763826918
84cbe0,47,1790848426918
c8751a,19,1790848426918
6dddcd,42,1790762926918
342cc4,38,1790762926918
e9c1bd,25,1790763826918
03a1a5,28,1790848426918
c99340,48,1790763826918
875f3c,39,1790762926918
92165a,57,1790848426918
66a982,20,1790762926918
ef4ec7,26,1790848426918
303174,59,1790763826918
3e7769,57,1790762926918
d8f577,27,1790763826918
444d66,54,1790848426918
f52814,35,1790763826918
0dade2,21,1790762926918
023ee7,23,1790763826918
74c889,44,1790848426918
46101a,20,1790848426918
a6e7a3,48,1790848426918
61ae3b,23,1790762926918
108267,55,1790762926918
e889bc,38,1790848426918
66a168,48,1790763826918
e66336,19,1790762926918
39fa9f,18,1790848426918
d8551b,31,1790848426918
1407bd,59,1790763826918
0ba267,49,1790762926918
57b0f6,32,1790848426918
6d8dc0,54,1790763826918
d35aa6,21,1790848426918
41baf1,40,1790763826918
2d9353,59,1790763826918
2c0fdd,44,1790848426918
605142,32,1790848426918
5667a2,30,1790762926918
6cdbb6,17,1790763826918
e39bd9,39,1790848426918
342962,59,1790848426918
26c4d4,17,1790763826918
067995,56,1790763826918
bf14fe,51,1790762926918
4da5cc,42,1790763826918
7919fc,57,1790762926918
8bd57a,54,1790762926918
82b80e,31,1790762926918
75b7cc,44,1790762926918
71edb9,60,1790762926918
93c3fd,15,1790762926918
9237dd,38,1790763826918
ed9c5c,30,1790763826918
4a2010,50,1790762926918
9d5765,45,1790848426918
11c5c2,15,1790763826918
ec6809,34,1790763826918
839078,42,1790848426918
58ec4c,15,1790848426918
ad1307,29,1790762926918
5fb846,41,1790763826918
c83e9e,31,1790762926918
163f8c,38,1790848426918
9d49be,52,1790848426918
809080,38,1790848426918
0d685a,31,1790763826918
d22776,37,1790763826918
5f3cab,44,1790762926918
766d00,26,1790848426918
5da78a,47,1790762926918
4551f8,22,1790763826918
a2f777,22,1790848426918
1d2c80,22,1790763826918
a18add,20,1790763826918
1e1054,24,1790763826918
79f06a,26,1790762926918
e6ac28,34,1790762926918
662e2e,39,1790762926918
c28596,32,1790848426918
77e3e9,18,1790763826918
3a3b6e,28,1790763826918
b95e01,34,1790763826918
416e63,22,1790763826918
566bba,28,1790762926918
65ce95,49,1790763826918
625184,32,1790848426918
d262f2,21,1790762926918
08ed1e,35,1790763826918
1ea8fa,24,1790848426918
33ae76,39,1790763826918
60d493,35,1790848426918
f011f6,25,1790763826918
ec9164,21,1790763826918
83e696,29,1790848426918
7c1c81,23,1790762926918
a37529,49,1790763826918
d012a7,15,1790848426918
b2d8ce,24,1790848426918
47531d,50,1790848426918
3c7f9c,37,1790848426918
ec0089,49,1790762926918
a47210,47,1790763826918
8941a5,39,1790848426918
479447,36,1790848426918
2e76b3,21,1790848426918
b2acdd,47,1790848426918
0e2b31,59,1790848426918
a21db3,52,1790848426918
2de3cb,26,1790762926918
9613a8,20,1790848426918
c9b1a8,20,1790763826918
344d05,35,1790762926918
577db1,34,1790763826918
55930a,50,1790763826918
d7316d,39,1790763826918
ec1615,60,1790762926918
35ab5e,43,1790763826918
9a64ae,47,1790763826918
34c33e,27,1790762926918
a7653e,58,1790848426918
d77dc7,41,1790763826918
fd7bb5,32,1790762926918
08b3bb,27,1790762926918
57dae5,17,1790763826918
d1c5b3,30,1790762926918
61e162,42,1790762926918
c5d2d5,38,1790762926918
dc23cc,49,1790848426918
253d16,53,1790762926918
c44604,52,1790763826918
6260bf,54,1790762926918
98371a,49,1790848426918
ae11c4,47,1790848426918
a61cac,44,1790848426918
3bcd14,22,1790763826918
b088bf,17,1790848426918
f11ad7,42,1790762926918
080519,42,1790763826918
9f3d9a,56,1790762926918
6cd7de,43,1790848426918
cfc024,41,1790848426918
5600dc,31,1790762926918
df92b2,56,1790848426918
13f206,59,1790762926918
b586fb,32,1790763826918
f6f150,38,1790762926918
f12720,25,1790762926918
3fb479,15,1790763826918
ea9dc7,43,1790848426918
e5e9af,20,1790763826918
35cee3,30,1790762926918
8c322d,18,1790848426918
34e0b1,39,1790763826918
05cd06,35,1790763826918
a9dd1c,52,1790763826918
912bd3,55,1790848426918
cd5d76,34,1790848426918
2e50e0,41,1790762926918
7167e1,36,1790762926918
db7502,46,1790762926918
c57911,15,1790762926918
c2d866,60,1790763826918
fcb830,44,1790762926918
d20eeb,38,1790762926918
b23c86,50,1790848426918
30dd1a,37,1790848426918
21dcba,36,1790848426918
9358d8,27,1790848426918
ca8c43,58,1790762926918
72e572,16,1790848426918
8ae159,20,1790763826918
b6dac2,44,1790848426918
fc192d,22,1790762926918
4f8de8,29,1790762926918
6ba081,57,1790763826918
5eea91,22,1790848426918
c35318,42,1790762926918
9e335c,59,1790763826918
7181b5,18,1790848426918
f65c25,44,1790848426918
cf6ed9,49,1790848426918
b041e0,35,1790762926918
c7a911,39,1790848426918
1a2600,45,1790762926918
6bfed9,16,1790762926918
1cc260,48,1790762926918
ecf013,29,1790848426918
faba48,54,1790848426918
7dd50d,32,1790848426918
caa902,19,1790762926918
feee8a,52,1790762926918
f24802,32,1790848426918
d9e9a7,26,1790848426918
772199,38,1790848426918
ce9a43,16,1790763826918
5e608d,60,1790763826918
a8837c,39,1790763826918
dc8db0,24,1790762926918
fbc94d,58,1790763826918
5d6070,45,1790762926918
b13fbb,23,1790762926918
825ffd,33,1790763826918
36ff6b,30,1790762926918
8177e9,23,1790763826918
a04eeb,60,1790762926918
37cc41,23,1790848426918
811192,44,1790848426918
59b3b3,58,1790762926918
85698c,54,1790763826918
6ec626,35,1790848426918
8eb37b,33,1790848426918
a66ec8,28,1790848426918
eedd1f,25,1790848426918
763f9d,15,1790848426918
6a7918,24,1790848426918
2e8b4a,33,1790848426918
b86ade,60,1790763826918
e10f95,59,1790762926918
78989b,20,1790848426918
8fd8d9,52,1790763826918
237be9,21,1790848426918
c53359,30,1790848426918
416228,58,1790763826918
178610,42,1790848426918
1e42b1,47,1790848426918
6f0526,17,1790763826918
12c1e7,39,1790762926918
1429df,21,1790848426918
ce07ec,52,1790763826918
f884d3,25,1790763826918
4f9286,27,1790763826918
693f59,48,1790763826918
b8f86d,17,1790848426918
3e5ce4,55,1790848426918
ee0c39,40,1790848426918
1583ec,47,1790763826918
6c687f,50,1790848426918
b5f62b,20,1790762926918
e00980,52,1790763826918
6534fc,20,1790763826918
202c44,51,1790762926918
0c5474,27,1790762926918
eff331,51,1790763826918
6b74cb,40,1790762926918
99f52e,19,1790762926918
22e102,41,1790762926918
180990,53,1790762926918
e8ca88,46,1790763826918
feedf5,31,1790762926918
57b14a,46,1790848426918
f5a794,31,1790762926918
767e1a,42,1790763826918
1006b1,58,1790763826918
d991fc,52,1790763826918
8eec47,30,1790848426918
460e6c,35,1790848426918
58cdac,36,1790763826918
5881d2,33,1790763826918
a564d9,18,1790762926918
5198fa,59,1790762926918
c80903,45,1790762926918
d63ff4,49,1790848426918
8757ca,32,1790848426918
845a1f,19,1790848426918
ed3cb1,42,1790762926918
976b62,18,1790848426918
b11f6b,21,1790763826918
fbd183,54,1790848426918
ae429e,22,1790762926918
882f9e,39,1790848426918
d574ed,52,1790848426918
3330e3,50,1790848426918
6407f2,42,1790763826918
a76b34,30,1790848426918
124ee5,44,1790848426918
c916a8,33,1790848426918
0be133,23,1790762926918
6fc921,43,1790848426918
6f27db,37,1790848426918
a2398b,38,1790848426918
91cebd,46,1790763826918
45fe87,46,1790762926918
92f1aa,24,1790848426918
bd9b1b,18,1790763826918
076415,36,1790763826918
e6a9e3,60,1790762926918
c189a1,38,1790848426918
61b69b,27,1790848426918
c990a4,37,1790762926918
cdb6cb,49,1790762926918
052ce2,21,1790762926918
0bb543,57,1790762926918
7aa5cc,42,1790763826918
b4e6f2,44,1790848426918
0b0f4e,15,1790848426918
9b8f1d,44,1790763826918
5c1eef,26,1790848426918
8a933c,47,1790762926918
8f0a2e,19,1790762926918
8c75be,26,1790763826918
2fb6a8,34,1790848426918
9f0211,25,1790848426918
ea7272,58,1790848426918
19b317,59,1790763826918
128e7e,47,1790763826918
575b2f,32,1790848426918
e5e3ab,32,1790762926918
c690be,17,1790763826918
e0c4de,51,1790763826918
69f03f,21,1790762926918
94c494,38,1790763826918
f4d240,17,1790763826918
ac33fc,47,1790762926918
c4d027,26,1790762926918
c4bfe8,24,1790848426918
88adba,44,1790762926918
fca12d,38,1790762926918
26fd85,39,1790763826918
306245,57,1790762926918
234ac1,15,1790762926918
b40ed1,40,1790848426918
5bf8b2,57,1790848426918
abadee,56,1790763826918
76326e,54,1790762926918
33dada,15,1790848426918
fbea73,43,1790763826918
107f0b,30,1790848426918
384be7,50,1790848426918
0c7de2,18,1790848426918
f610e7,37,1790762926918
892d00,37,1790762926918
18c343,30,1790763826918
263b54,34,1790763826918
f843ae,23,1790848426918
37ef1c,19,1790762926918
13cd32,39,1790848426918
e5f987,55,1790848426918
004060,39,1790763826918
a66eef,43,1790763826918
858feb,30,1790762926918
ec0b66,54,1790762926918
a27adb,24,1790848426918
ed9b71,48,1790848426918
97bfb6,39,1790762926918
9fc5c8,48,1790762926918
2f8710,29,1790763826918
8ae595,57,1790763826918
20ea85,19,1790848426918
0a5d43,30,1790762926918
7f8088,55,1790763826918
e92d01,15,1790762926918
216b2a,54,1790762926918
636361,18,1790762926918
0fe833,50,1790763826918
51e7db,51,1790762926918
fb3cbe,52,1790763826918
8ee45e,43,1790763826918
9b6497,18,1790762926918
fc678b,53,1790763826918
89572c,15,1790848426918
7ff973,40,1790763826918
ac557a,23,1790763826918
8f580b,25,1790848426918
b54141,59,1790763826918
1ae752,47,1790763826918
d01896,21,1790848426918
dfc916,15,1790763826918
a2aee1,50,1790763826918
bf9ab2,54,1790848426918
4667c7,56,1790848426918
699cbf,51,1790762926918
e5a227,32,1790848426918
d3e9f3,19,1790848426918
436bf5,42,1790848426918
4f1d24,54,1790762926918
cbced1,15,1790763826918
66d2bc,30,1790763826918
3d368b,48,1790763826918
872160,38,1790762926918
60a700,19,1790848426918
863516,46,1790762926918
653615,46,1790763826918
336d92,40,1790763826918
3070eb,35,1790762926918
d0880b,34,1790848426918
37f410,17,1790763826918
49c0ec,42,1790762926918
b322f6,27,1790763826918
34a7d2,55,1790763826918
470e63,15,1790762926918
d03bc2,41,1790848426918
f1e3ca,51,1790763826918
029c40,32,1790848426918
3ee194,33,1790763826918
e9365e,30,1790848426918
f71549,59,1790763826918
595d33,47,1790848426918
025aaf,19,1790848426918
4e1417,32,1790763826918
798f34,17,1790763826918
2c23c1,37,1790762926918
b01176,27,1790762926918
c97944,22,1790762926918
915ae9,30,1790762926918
073059,19,1790763826918
48b7e3,40,1790763826918
27500f,56,1790763826918
a85905,23,1790763826918
8ba02b,49,1790762926918
9600f3,24,1790848426918
2a17ef,35,1790762926918
192ad4,28,1790848426918
99c81a,20,1790848426918
c03057,54,1790763826918
df8153,46,1790763826918
8c31aa,46,1790763826918
fa6d68,58,1790763826918
dec51d,23,1790763826918
b902a4,34,1790763826918
bb3258,47,1790848426918
57d4ad,28,1790763826918
54d3d8,22,1790763826918
2a22a3,34,1790762926918
bf3cbc,31,1790762926918
71cd9a,36,1790762926918
fa49d0,55,1790762926918
4b1e67,47,1790762926918
258643,18,1790763826918
5b66f9,19,1790848426918
265d11,46,1790762926918
72f083,58,1790762926918
d22d5e,45,1790848426918
c70d6b,51,1790762926918
941ec8,19,1790762926918
1ecea8,30,1790762926918
0574d9,38,1790848426918
68dffa,40,1790762926918
ad61b3,36,1790762926918
f99516,60,1790763826918
fabe18,33,1790848426918
186162,28,1790762926918
73c9b3,51,1790762926918
74f352,15,1790762926918
a397ac,21,1790763826918
50af9f,28,1790763826918
34a032,38,1790762926918
e6649e,37,1790763826918
3c7622,51,1790763826918
cd42c2,36,1790848426918
8c2bb3,37,1790763826918
1b6727,33,1790762926918
5a6bfd,45,1790848426918
9d86ee,49,1790762926918
6d9d75,35,1790848426918
3b0edc,52,1790848426918
9a5517,58,1790763826918
8e3bcf,21,1790763826918
be397b,57,1790848426918
5e6679,38,1790763826918
548571,27,1790762926918
d23c6f,35,1790762926918
07eae5,35,1790762926918
27595a,39,1790763826918
879ee4,27,1790762926918
a7ee24,43,1790848426918
c90827,45,1790762926918
e8954b,23,1790848426918
316156,52,1790763826918
37b2e3,25,1790848426918
ab1a91,17,1790763826918
1f6fd7,23,1790762926918
787b98,54,1790763826918
2e807e,26,1790762926918
f6d690,54,1790848426918
2c9ce7,55,1790762926918
f59f05,18,1790848426918
df14d5,48,1790763826918
d72bbb,46,1790762926918
97f0ec,50,1790762926918
cb69c6,24,1790762926918
343477,23,1790763826918
7f317a,57,1790848426918
1b9f8e,25,1790848426918
fd4ca4,19,1790762926918
79e7a5,50,1790762926918
083e00,38,1790763826918
ce6b78,35,1790763826918
36e083,27,1790763826918
49af0b,49,1790763826918
8462c8,28,1790763826918
c27278,21,1790763826918
6b5c3d,20,1790848426918
7ecacd,24,1790848426918
d4fff7,26,1790763826918
a0b8dd,48,1790848426918
ea61b2,60,1790762926918
b03002,57,1790848426918
83841e,35,1790763826918
b8398d,36,1790848426918
606e18,55,1790848426918
084558,60,1790762926918
0a2822,53,1790763826918
a2371d,23,1790762926918
ceb797,15,1790848426918
2c2846,31,1790848426918
67b9fc,47,1790763826918
30138f,32,1790762926918
1d5988,41,1790848426918
7f502d,53,1790762926918
ce4414,30,1790762926918
9df14c,53,1790762926918
79390b,38,1790762926918
6e756a,48,1790848426918
e6f3fa,16,1790762926918
1c787b,48,1790763826918
ecb8e6,19,1790762926918
db5fed,52,1790848426918
cc8449,21,1790762926918
08efd8,33,1790763826918
c22f87,53,1790848426918
fa3d85,26,1790762926918
4f8899,44,1790848426918
c9e734,27,1790763826918
4f518d,36,1790848426918
28c10a,46,1790848426918
e89ce1,36,1790762926918
6f756c,15,1790848426918
b3f994,56,1790848426918
a73429,21,1790763826918
7a07d6,17,1790763826918
fe729d,25,1790763826918
20a2a8,54,1790763826918
ebb034,45,1790848426918
8db63d,55,1790762926918
8a8ef8,46,1790848426918
c647a5,31,1790848426918
bb3402,50,1790762926918
4c2dd2,48,1790763826918
d0b7d7,46,1790848426918
7261dc,45,1790763826918
45c7fb,33,1790762926918
40c5c5,56,1790848426918
52c6af,37,1790762926918
e52e15,28,1790763826918
4153c0,23,1790763826918
1116d4,60,1790848426918
a0a2ce,34,1790762926918
88111c,54,1790763826918
d46f0f,28,1790762926918
7a41cd,60,1790848426918
90bdee,23,1790762926918
a9c45b,44,1790762926918
7c20c2,25,1790763826918
fb9f05,41,1790763826918
d45f52,27,1790763826918
950b80,38,1790848426918
871869,43,1790763826918
f55f64,23,1790848426918
efc73c,57,1790763826918
03b839,32,1790762926918
1afea0,21,1790762926918
fa103c,23,1790848426918
88000a,28,1790762926918
6a727e,22,1790763826918
34decf,23,1790763826918
55301f,42,1790762926918
5cf353,22,1790762926918
3508e0,15,1790848426918
784d02,41,1790762926918
9a836d,24,1790762926918
850cc8,49,1790763826918
e8af6c,47,1790763826918
10c296,50,1790848426918
0a97cf,56,1790763826918
426cc5,22,1790848426918
9050c5,55,1790762926918
73e6a4,54,1790762926918
57431c,54,1790848426918
be54a2,47,1790763826918
27c0c3,16,1790762926918
946581,40,1790763826918
2393ef,59,1790848426918
2a1c90,21,1790763826918
6296d2,38,1790763826918
33cb05,57,1790763826918
2e504f,30,1790762926918
48324d,23,1790763826918
f7f648,24,1790848426918
b06369,28,1790763826918
82a30c,51,1790762926918
f6abee,37,1790762926918
431a85,31,1790763826918
d50fed,58,1790762926918
a3ee08,15,1790762926918
90b700,17,1790763826918
642789,54,1790848426918
f9bb15,20,1790848426918
cec46e,44,1790848426918
3ce18f,47,1790848426918
2f355c,59,1790762926918
4f91b4,34,1790762926918
10c77d,32,1790848426918
08e917,34,1790848426918
4a9bcb,25,1790848426918
8ddb27,23,1790762926918
164ecc,53,1790763826918
9575a7,44,1790762926918
f684ba,47,1790763826918
ccb0e5,15,1790762926918
95becd,46,1790763826918
79ce61,55,1790762926918
fbeaca,20,1790763826918
69cff9,33,1790848426918
9df69f,19,1790848426918
0bb540,40,1790848426918
88f2d6,23,1790848426918
28e652,56,1790762926918
eed144,18,1790763826918
cdecc7,30,1790848426918
b9503e,51,1790762926918
d379b0,34,1790763826918
c535c5,27,1790762926918
f69340,44,1790763826918
cd3578,29,1790848426918
f834d9,30,1790762926918
449944,45,1790762926918
a6867d,47,1790762926918
c14c5b,22,1790763826918
ef5ce0,37,1790848426918
64151f,51,1790763826918
9edb62,16,1790762926918
d2583a,18,1790763826918
5c5d8a,55,1790762926918
5b4102,22,1790848426918
5ae388,22,1790848426918
c22ca1,44,1790762926918
dfaecd,45,1790762926918
db41be,24,1790762926918
f4b7fe,15,1790762926918
d9d09c,44,1790763826918
61c77c,37,1790762926918
0ad7c7,39,1790762926918
7993dc,42,1790762926918
dc8dc3,22,1790762926918
6d7074,49,1790763826918
0fe1af,34,1790848426918
fe8331,39,1790762926918
dd33ee,34,1790763826918
a21937,43,1790848426918
1e64f9,32,1790848426918
2fa996,45,1790848426918
6ac350,34,1790848426918
24e21c,27,1790762926918
638555,30,1790762926918
b763cf,46,1790763826918
5b91f7,42,1790848426918
633a85,17,1790762926918
bc8810,17,1790848426918
b5b65e,47,1790762926918
05dde8,26,1790848426918
ac8969,16,1790762926918
8962a9,56,1790848426918
2d4997,47,1790762926918
9c4171,32,1790762926918
f484ce,42,1790848426918
32eb36,56,1790848426918
d5d7b9,37,1790848426918
c2ad78,51,1790848426918
43746a,52,1790762926918
4b3c03,44,1790763826918
c5f2c2,30,1790848426918
c88676,46,1790763826918
19dbe5,39,1790762926918
c76aab,20,1790762926918
3923a5,50,1790762926918
e48501,31,1790762926918
6e9c7f,23,1790763826918
25cf53,46,1790762926918
902733,21,1790848426918
a0a724,35,1790848426918
9fdeba,27,1790762926918
869a89,49,1790762926918
9df8ed,29,1790763826918
1fc834,20,1790848426918
b12ba5,53,1790848426918
3b8b97,50,1790763826918
3d5839,48,1790848426918
f91511,38,1790762926918
ede4de,33,1790762926918
fc3bd7,35,1790762926918
6c2c1d,21,1790762926918
9e49ba,23,1790848426918
42d8c5,57,1790763826918
c75e45,26,1790763826918
485a56,51,1790763826918
fbaf90,43,1790848426918
1a4c6f,37,1790762926918
78fcb3,49,1790848426918
053c89,31,1790762926918
b81c83,39,1790762926918
8e7956,19,1790848426918
4621f6,34,1790762926918
d74465,59,1790763826918
81f7d2,37,1790848426918
56de5f,51,1790848426918
5f8512,46,1790763826918
ec01b8,31,1790848426918
ede15c,21,1790848426918
4d7ca9,42,1790763826918
3f2368,22,1790762926918
c2133b,49,1790762926918
f54f10,42,1790762926918
941492,46,1790848426918
8323dc,20,1790763826918
dab3ba,50,1790848426918
dad9b2,35,1790762926918
e4dc6f,24,1790763826918
b7e99e,42,1790763826918
f0ef6e,53,1790763826918
a6c14a,42,1790763826918
3f6bc0,23,1790848426918
4ad510,42,1790763826918
630bce,58,1790763826918
22ba98,34,1790763826918
d5e349,51,1790763826918
59dab1,29,1790762926918
1d5725,17,1790762926918
cc1cc1,43,1790848426918
c0e158,49,1790848426918
a4045b,55,1790848426918
f560bf,42,1790762926918
b6af13,34,1790762926918
8e0967,51,1790763826918
fd24c8,47,1790848426918
51398c,27,1790848426918
b0b388,34,1790762926918
1c1de9,25,1790762926918
279cd6,16,1790848426918
5639bc,17,1790763826918
425d51,17,1790848426918
e6f7ba,60,1790848426918
616681,29,1790762926918
dc7e9e,57,1790762926918
57b2d9,55,1790762926918
c57612,35,1790763826918
1fd726,23,1790763826918
567536,24,1790762926918
589b89,39,1790848426918
42fd53,51,1790763826918
b1765c,19,1790763826918
40c151,15,1790763826918
049a61,58,1790762926918
fda3b1,21,1790848426918
31e8d2,59,1790848426918
3b53a2,18,1790848426918
5166cb,44,1790763826918
7be572,51,1790762926918
e97e58,58,1790763826918
6a1e40,41,1790848426918
ada600,49,1790762926918
0d28be,37,1790848426918
d15c8b,59,1790848426918
d4cb55,22,1790763826918
ad2800,37,1790762926918
2f4487,31,1790762926918
232553,38,1790848426918
7b4247,19,1790762926918
76b96a,38,1790848426918
f7d868,31,1790848426918
7ee3bd,18,1790762926918
211e69,51,1790848426918
cfa8c7,39,1790848426918
adc89f,19,1790762926918
ffe84a,58,1790848426918
5c198f,28,1790762926918
f54bbc,18,1790762926918
6aca84,48,1790762926918
617b9f,47,1790763826918
7d4168,41,1790848426918
e5ab1b,46,1790762926918
bc3ca7,22,1790763826918
fa9a57,37,1790763826918
b9b64d,22,1790762926918
905637,18,1790848426918
a552bd,37,1790763826918
a05f4e,46,1790763826918
d6170b,26,1790762926918
93ccb5,23,1790762926918
8abfdf,44,1790763826918
ca6627,57,1790762926918
f0c444,30,1790762926918
5fef8c,51,1790762926918
cef003,31,1790762926918
be1b15,60,1790763826918
0c15d0,51,1790848426918
239c1e,44,1790762926918
03dc35,59,1790848426918
b7f763,17,1790763826918
2aacfb,28,1790762926918
cd3802,20,1790762926918
cbcbda,46,1790762926918
0c5637,43,1790848426918
030903,28,1790848426918
f37bc6,15,1790763826918
bf63b0,27,1790763826918
19e741,53,1790762926918
cb4cd7,34,1790848426918
343032,26,1790763826918
c45717,39,1790762926918
668d77,57,1790762926918
b1b6ef,59,1790848426918
9aad99,22,1790763826918
577120,17,1790763826918
e8b23c,43,1790848426918
a7d557,53,1790763826918
cb7931,57,1790848426918
051e10,51,1790763826918
fffec0,49,1790848426918
9c43e8,23,1790848426918
848443,32,1790848426918
2bebee,24,1790763826918
5a9029,24,1790848426918
58afa6,53,1790762926918
1dc9f0,23,1790848426918
b635a5,24,1790848426918
a41fb0,28,1790848426918
f5792e,36,1790762926918
fc5f5c,28,1790763826918
01de74,31,1790762926918
cda27e,55,1790763826918
7561da,41,1790763826918
929679,58,1790762926918
208b09,24,1790762926918
904dc7,35,1790763826918
f8586b,30,1790848426918
c4acb6,24,1790762926918
12eeee,30,1790848426918
ffa1a3,27,1790763826918
6970c9,48,1790848426918
4534f0,47,1790763826918
dbd552,59,1790762926918
8b2c10,24,1790848426918
795f51,16,1790762926918
ef9335,25,1790848426918
f4b793,46,1790763826918
9badef,60,1790848426918
e63bf2,49,1790762926918
b5771e,33,1790763826918
a1457c,17,1790763826918
c33a08,47,1790848426918
1794c6,58,1790848426918
a7de2b,27,1790848426918
5ee4cb,42,1790763826918
381c2b,58,1790763826918
31c47e,59,1790848426918
fef9ae,17,1790762926918
42c8a4,43,1790762926918
bfc644,58,1790762926918
4abb15,34,1790762926918
f14ef2,56,1790762926918
c15d6e,19,1790763826918
04af74,45,1790848426918
12db53,52,1790763826918
222b55,18,1790848426918
5c0a92,52,1790763826918
985956,51,1790848426918
e36225,60,1790848426918
582e05,40,1790763826918
dce0a5,26,1790848426918
f3de9a,36,1790848426918
d82a8a,20,1790848426918
a5884c,43,1790763826918
dda134,58,1790763826918
58df77,24,1790762926918
44e921,26,1790762926918
1409e2,58,1790848426918
1ae3fa,54,1790762926918
64157f,15,1790763826918
22ef1d,43,1790848426918
ba81c3,23,1790848426918
d31b5a,52,1790762926918
48248c,25,1790763826918
284063,35,1790848426918
66aa23,60,1790763826918
8a8389,52,1790848426918
86a5cd,49,1790848426918
4f5c8e,52,1790762926918
139dc3,43,1790848426918
09e2b0,48,1790762926918
7e3d83,54,1790848426918
9360b3,42,1790848426918
c9df4b,50,1790762926918
317487,15,1790848426918
fcbfb0,20,1790848426918
30519b,58,1790848426918
5b06b6,17,1790848426918
8866c0,26,1790848426918
9f10be,24,1790762926918
bf253e,29,1790848426918
426752,50,1790762926918
2caf18,39,1790762926918
c272a9,19,1790848426918
59a3b4,18,1790848426918
70504c,47,1790762926918
35a5a8,52,1790848426918
ceb15f,38,1790848426918
c49d63,20,1790848426918
1b4108,54,1790762926918
9e517c,19,1790848426918
dc8597,22,1790848426918
403991,19,1790848426918
f82a2a,52,1790762926918
136c22,51,1790762926918
6b6df3,49,1790763826918
982787,54,1790762926918
8a2b5f,17,1790762926918
2f9967,19,1790763826918
85d11c,15,1790848426918
9914bb,19,1790763826918
96bb00,33,1790763826918
51f816,30,1790762926918
61e3d8,48,1790762926918
acf4fb,39,1790848426918
92f095,41,1790848426918
d57777,34,1790762926918
e86444,56,1790848426918
4d8a49,42,1790848426918
97d9c2,22,1790762926918
ead075,31,1790762926918
81065b,15,1790848426918
cc6e6e,46,1790763826918
1ad740,59,1790763826918
8c0a67,43,1790848426918
90519a,35,1790762926918
2b6ed0,38,1790848426918
430696,36,1790762926918
4bf1d8,38,1790763826918
98f91b,25,1790848426918
03cf2e,33,1790762926918
2ae1ee,46,1790763826918
865286,51,1790762926918
0759b7,39,1790762926918
2984c8,47,1790762926918
aa13b7,20,1790763826918
df9a30,41,1790763826918
cbb57e,37,1790762926918
4ca71a,28,1790763826918
06c507,60,1790762926918
cb5aa2,19,1790763826918
75e11a,48,1790763826918
4174b0,51,1790848426918
c4d4fb,46,1790763826918
f8e46e,34,1790762926918
6bc0ce,16,1790762926918
202e3a,39,1790763826918
b09a4a,22,1790763826918
b6d27d,53,1790762926918
cc0d98,32,1790848426918
bbf218,22,1790848426918
97593d,17,1790762926918
897ffd,58,1790763826918
8ddc31,15,1790763826918
8ce135,54,1790763826918
4246a0,45,1790762926918
561652,29,1790848426918
51575a,45,1790763826918
b9c503,20,1790762926918
151595,46,1790848426918
218a35,19,1790762926918
08d521,32,1790763826918
dfc30a,22,1790848426918
8c94da,44,1790763826918
6cc813,34,1790762926918
5ffc3a,38,1790762926918
9cef25,42,1790762926918
dccb48,27,1790763826918
342c08,48,1790762926918
15f1e8,24,1790848426918
db9b51,56,1790762926918
e9f9b1,24,1790848426918
43d067,52,1790848426918
9339bb,41,1790762926918
3a02f4,17,1790848426918
31d90b,26,1790763826918
f84421,42,1790762926918
32bd65,58,1790762926918
ce696a,50,1790848426918
793d69,47,1790848426918
7f6ca9,48,1790763826918
91c5ab,55,1790848426918
8b69fd,53,1790763826918
5d70d8,23,1790848426918
a0dd23,27,1790848426918
fd6fb1,36,1790848426918
74b416,36,1790848426918
38164a,20,1790848426918
2d718b,20,1790848426918
ab50fa,42,1790763826918
0aabf8,51,1790763826918
095553,36,1790848426918
beabff,22,1790848426918
4de31b,15,1790848426918
816223,41,1790763826918
dffc43,16,1790762926918
3ec169,24,1790848426918
e99078,40,1790762926918
643b41,55,1790762926918
0b4726,37,1790762926918
c17d96,26,1790848426918
60a2a2,31,1790763826918
0a8c8a,26,1790763826918
0ce50b,46,1790762926918
58fe43,48,1790762926918
14a32b,57,1790763826918
cab377,52,1790848426918
eb3b8d,27,1790763826918
9d2b35,39,1790762926918
be4e57,40,1790762926918
52928e,15,1790763826918
fe8038,15,1790763826918
38be0a,57,1790762926918
09b4ba,36,1790848426918
02d98c,15,1790848426918
64ed41,22,1790762926918
dd6208,20,1790762926918
7def5f,45,1790848426918
7b4db4,16,1790762926918
030b94,16,1790762926918
0488b1,39,1790848426918
6ca64d,51,1790848426918
b435d7,30,1790763826918
424f0e,31,1790762926918
fa57c0,44,1790762926918
a4832e,42,1790762926918
d1764b,43,1790763826918
7b2106,42,1790762926918
d8fd00,19,1790762926918
7e6ed0,33,1790763826918
307d70,50,1790763826918
9cc868,27,1790848426918
e7a799,19,1790848426918
c8ecbc,56,1790763826918
0e324a,15,1790762926918
6ff5c6,42,1790763826918
65d43e,43,1790763826918
f5e422,23,1790763826918
70a349,54,1790762926918
2da589,30,1790763826918
a3e718,26,1790762926918
ecaece,48,1790763826918
a04280,17,1790848426918
2bc997,36,1790762926918
e88993,46,1790762926918
8ec3d2,26,1790763826918
718735,31,1790763826918
d3bdf3,48,1790762926918
dfa1f6,21,1790848426918
d5b09c,20,1790762926918
ecea79,20,1790762926918
e60ca0,39,1790763826918
da4fe2,32,1790762926918
b88b21,16,1790762926918
89cb43,28,1790762926918
65f0ed,41,1790763826918
efa9fe,41,1790848426918
6f179b,48,1790848426918
f5ec5e,18,1790848426918
da3f0c,37,1790762926918
246926,33,1790762926918
18907a,55,1790848426918
ee8680,44,1790848426918
4da50c,51,1790848426918
1186ed,60,1790848426918
4510d1,35,1790763826918
d5b8dd,39,1790763826918
aa6afa,54,1790763826918
5e7a08,24,1790848426918
bd5989,52,1790848426918
b52756,53,1790848426918
f683d2,38,1790848426918
100944,20,1790762926918
e1944d,16,1790763826918
878db4,48,1790762926918
725427,48,1790848426918
640e7e,34,1790762926918
2c6f81,29,1790848426918
29ad7e,46,1790763826918
c7e915,24,1790848426918
7735b5,46,1790848426918
26fbfc,39,1790848426918
5b615b,34,1790763826918
00470e,46,1790762926918
228134,41,1790763826918
c02acf,24,1790763826918
dd59e4,58,1790763826918
7f2359,24,1790762926918
1b5877,60,1790762926918
cfea83,35,1790762926918
1f8b12,45,1790763826918
c71b7a,58,1790848426918
c2f044,17,1790763826918
1204ec,25,1790762926918
56ea56,52,1790763826918
4a3d94,49,1790762926918
85de17,55,1790848426918
418758,30,1790763826918
45dc10,36,1790762926918
812959,20,1790762926918
5ebac5,47,1790762926918
b1642d,21,1790763826918
dcc128,40,1790763826918
134c6c,29,1790848426918
f041fb,52,1790763826918
4b4316,24,1790763826918
ea2918,27,1790762926918
7d1750,28,1790763826918
0edecb,50,1790763826918
5c9d90,18,1790848426918
b78782,48,1790763826918
e28abc,58,1790848426918
cdef87,37,1790763826918
74eef2,59,1790763826918
abadaf,15,1790848426918
7c741f,50,1790848426918
c20808,53,1790848426918
3da09d,16,1790848426918
5175ee,40,1790763826918
de6c60,39,1790762926918
b89fd6,35,1790763826918
6334c0,46,1790762926918
10f12c,32,1790848426918
9c2f9d,21,1790763826918
04588d,25,1790763826918
00ce9d,27,1790762926918
e767d5,49,1790763826918
1c1f07,56,1790762926918
7092e5,18,1790763826918
cd288a,30,1790763826918
4b0f24,40,1790762926918
5a99e2,19,1790762926918
01f203,33,1790763826918
49660d,27,1790762926918
653beb,57,1790762926918
42bb18,46,1790762926918
02595d,17,1790762926918
2a7a06,42,1790763826918
d94298,15,1790762926918
c76106,40,1790848426918
5bc0c0,55,1790762926918
12c020,26,1790762926918
0cc214,49,1790848426918
9f78d6,15,1790762926918
c25764,27,1790763826918
2398ca,55,1790762926918
049e5c,58,1790763826918
0aab84,57,1790848426918
ef2567,52,1790848426918
419a02,57,1790848426918
80e699,46,1790848426918
467d23,53,1790848426918
da8bd3,56,1790848426918
72afb0,55,1790848426918
ff89c5,21,1790763826918
227ed0,17,1790762926918
f5f79d,44,1790763826918
e8a76f,51,1790762926918
cb8fb3,36,1790763826918
ee9f98,41,1790848426918
eced7d,32,1790848426918
d56979,26,1790763826918
12afaa,34,1790848426918
7f4089,26,1790848426918
b22529,45,1790762926918
1a5b6a,37,1790762926918
79aa74,39,1790762926918
be203a,49,1790848426918
ff87dc,35,1790762926918
c5d544,54,1790763826918
3d2d96,45,1790848426918
040186,51,1790848426918
9cc8c0,49,1790763826918
987667,51,1790762926918
0e3116,24,1790763826918
7f8fd6,58,1790762926918
f5734c,47,1790763826918
ff36b3,26,1790763826918
497bf2,58,1790762926918
6a69ce,44,1790763826918
99950e,46,1790763826918
7aeae4,48,1790848426918
fd33f7,26,1790848426918
3789f7,33,1790848426918
dd77b2,27,1790762926918
5a0d5e,41,1790848426918
057e09,17,1790848426918
793625,32,1790762926918
ea31b5,18,1790763826918
6dbc6d,34,1790848426918
ee4a45,56,1790762926918
ef3dc2,23,1790763826918
c860cc,26,1790848426918
e9b990,25,1790762926918
06c6b0,20,1790762926918
23ffc4,26,1790848426918
e7c03a,33,1790762926918
e52b20,42,1790848426918
e5e60e,34,1790848426918
91769e,45,1790848426918
e5b1c6,33,1790762926918
795734,39,1790762926918
90452c,29,1790762926918
d83d94,32,1790762926918
97b91f,26,1790763826918
c319b4,22,1790848426918
703a96,35,1790763826918
e98ab8,16,1790762926918
210a6f,33,1790763826918
52ee69,43,1790762926918
d22b07,43,1790762926918
42cf6b,39,1790763826918
fb8853,26,1790848426918
e75852,30,1790762926918
48a0f6,35,1790762926918
f097e4,46,1790763826918
e94d89,26,1790763826918
0f5158,40,1790762926918
0d16b2,37,1790763826918
2c1158,50,1790762926918
98f424,51,1790848426918
75f451,23,1790762926918
38eb4a,39,1790762926918
10993e,19,1790763826918
48930d,35,1790848426918
82174b,19,1790848426918
85d8a3,55,1790763826918
70229e,35,1790762926918
011a9a,17,1790763826918
dc3744,37,1790763826918
2b3f13,43,1790762926918
57f795,55,1790848426918
c4a866,60,1790763826918
793bb2,21,1790848426918
ca62ac,40,1790763826918
1384be,43,1790763826918
1bd2f8,60,1790762926918
e986cc,38,1790762926918
91265d,56,1790848426918
9e8153,49,1790763826918
92a797,21,1790848426918
443a67,54,1790762926918
db39bd,26,1790762926918
e31dc1,41,1790763826918
d9450c,16,1790763826918
b1f7f8,46,1790763826918
c84242,54,1790848426918
097d15,55,1790763826918
ec92aa,47,1790763826918
3bb9ad,42,1790848426918
d1349b,56,1790762926918
9fc969,19,1790848426918
d5f826,37,1790763826918
cc2f87,50,1790848426918
b102a4,45,1790763826918
19d4d1,44,1790848426918
6008ca,21,1790763826918
6936d6,50,1790848426918
fb7660,59,1790848426918
ee2a3b,41,1790848426918
44b49d,43,1790848426918
26e3ef,46,1790762926918
db09c6,40,1790762926918
d9f74d,56,1790763826918
9375b6,16,1790848426918
f3920f,26,1790848426918
2c37f8,60,1790762926918
fe327f,28,1790762926918
291eb3,28,1790848426918
707ea6,29,1790762926918
073815,51,1790763826918
9ed86d,57,1790763826918
c1a77e,18,1790763826918
4bc17d,25,1790763826918
4cb5a9,36,1790762926918
08db4b,34,1790848426918
7334a5,29,1790848426918
be9359,19,1790762926918
cd270e,15,1790762926918
f68c0d,45,1790848426918
caddd8,40,1790762926918
8c4b38,51,1790763826918
5598eb,44,1790763826918
bce086,26,1790848426918
8a68d0,16,1790848426918
05d90d,58,1790848426918
f64a11,23,1790848426918
9cb13a,30,1790762926918
ece9b7,46,1790763826918
a99dca,22,1790763826918
490c24,16,1790762926918
09a0c0,27,1790762926918
0bfe67,55,1790762926918
5e5327,16,1790848426918
7e02aa,38,1790762926918
74359a,58,1790848426918
e4851e,18,1790762926918
655a5e,41,1790762926918
8c59c3,34,1790762926918
fafdcb,26,1790763826918
be3780,34,1790848426918
2e006d,34,1790762926918
5bae6f,41,1790762926918
fc64ad,40,1790763826918
2a5b34,42,1790763826918
d5b274,28,1790762926918
38aed7,51,1790763826918
bd2a69,16,1790762926918
5be08b,39,1790763826918
fc8888,16,1790763826918
b84089,55,1790762926918
fba00b,45,1790848426918
f14642,51,1790762926918
dd34fe,40,1790762926918
cc7233,60,1790763826918
6feddd,44,1790762926918
f30e12,37,1790763826918
8af07b,39,1790762926918
de1033,52,1790763826918
a22de9,30,1790848426918
3d0846,38,1790763826918
a7906c,29,1790848426918
ccbee9,30,1790762926918
3e3bb7,56,1790848426918
b3d65b,17,1790763826918
ae83d3,28,1790762926918
3a7ed0,20,1790763826918
1427a4,42,1790762926918
3e02e1,33,1790848426918
b55500,34,1790848426918
7e3be6,32,1790848426918
0f2fa2,19,1790762926918
73bc91,22,1790848426918
b7cdf1,24,1790762926918
ea3553,21,1790848426918
befc24,37,1790763826918
5cc434,50,1790763826918
6f89ad,56,1790848426918
a1d343,58,1790848426918
fc174a,47,1790762926918
e09fac,29,1790762926918
69bb84,17,1790762926918
7f572c,30,1790848426918
fe3fbf,18,1790848426918
f29c97,35,1790762926918
ea7b43,43,1790762926918
b12a74,59,1790763826918
305a03,23,1790848426918
0ba883,52,1790848426918
77e0cf,32,1790763826918
830ab0,37,1790848426918
1fdad5,49,1790763826918
66af10,52,1790762926918
b3e923,45,1790848426918
e6f69c,29,1790848426918
e7af6b,60,1790848426918
bf65c9,28,1790763826918
e8b4e2,46,1790848426918
b73cfb,53,1790763826918
f041a4,15,1790763826918
420bfc,42,1790763826918
ff841c,36,1790762926918
6fe8c2,50,1790848426918
cd5202,53,1790763826918
30e6c5,45,1790762926918
67ace8,33,1790763826918
a65d89,45,1790848426918
291c60,20,1790848426918
2f34e3,24,1790762926918
f05897,21,1790762926918
a7d656,43,1790763826918
722062,18,1790762926918
00c192,48,1790763826918
7d22ab,29,1790763826918
ee3715,29,1790848426918
da6064,36,1790763826918
7d2423,28,1790762926918
b0b086,38,1790762926918
d15fdc,56,1790763826918
0f39ab,40,1790848426918
babf2a,24,1790848426918
d3f9dd,43,1790763826918
ccdc03,21,1790763826918
5fa715,32,1790848426918
54e61d,29,1790763826918
22d8a5,51,1790763826918
6fd902,52,1790762926918
613cfa,19,1790848426918
b23311,40,1790763826918
9f208c,39,1790763826918
32506b,15,1790763826918
4558c7,32,1790762926918
a4e317,16,1790848426918
6664bd,29,1790763826918
80e180,57,1790848426918
95a528,27,1790848426918
721572,54,1790763826918
b0a441,48,1790763826918
e01554,49,1790762926918
e5aa3a,56,1790763826918
6a8774,45,1790762926918
899468,53,1790763826918
f64599,49,1790848426918
316cd2,23,1790848426918
7973bc,52,1790762926918
165eaa,19,1790762926918
6cdb63,38,1790848426918
aa95a9,49,1790763826918
a6e3c8,28,1790848426918
8630ec,52,1790848426918
2a77b1,54,1790763826918
97ae1c,44,1790762926918
b48bfb,37,1790848426918
87355d,21,1790763826918
4dd7c6,21,1790762926918
3575aa,32,1790762926918
50f546,57,1790848426918
205957,40,1790763826918
a721c6,21,1790762926918
c2c652,47,1790763826918
acd166,43,1790762926918
fb19b8,18,1790763826918
d392f2,54,1790848426918
b3cc23,60,1790848426918
52922c,16,1790762926918
18497b,43,1790762926918
e6a1ac,60,1790848426918
bb64e7,50,1790848426918
6ea0b2,59,1790762926918
20f64c,59,1790762926918
54a7e0,45,1790763826918
40516d,17,1790762926918
065e24,45,1790763826918
52ee16,42,1790848426918
ae0a0c,18,1790848426918
fae540,57,1790763826918
89fb0c,43,1790848426918
f1c2fe,19,1790848426918
0a3ae2,25,1790848426918
2076e4,35,1790762926918
278231,51,1790763826918
5bb815,19,1790762926918
186aff,41,1790762926918
eefb2b,37,1790762926918
ca0191,36,1790762926918
4a5d82,55,1790763826918
f8e342,16,1790848426918
874a89,27,1790762926918
f036e5,53,1790763826918
fa06cd,58,1790762926918
2ed2e5,43,1790762926918
686494,54,1790762926918
18a7e9,45,1790762926918
05fce9,39,1790848426918
845bfb,46,1790848426918
43e809,50,1790848426918
f580d6,37,1790763826918
5b1737,57,1790763826918
7c007e,19,1790763826918
33194e,18,1790848426918
61ff21,44,1790762926918
cf3bf7,20,1790762926918
878410,20,1790763826918
f39094,19,1790763826918
1973e5,35,1790762926918
3fb887,17,1790763826918
533066,41,1790848426918
a9b726,44,1790762926918
fb6a98,47,1790763826918
b71318,32,1790763826918
ccadef,49,1790848426918
c988a1,32,1790762926918
cbacf1,37,1790848426918
843f25,41,1790763826918
6be6d0,55,1790762926918
7bf07a,34,1790763826918
e13718,56,1790763826918
eb012d,32,1790762926918
9e6b4e,21,1790762926918
d566d0,30,1790763826918
a6ad79,17,1790848426918
76faf2,16,1790763826918
b35fb0,37,1790763826918
1984cc,28,1790762926918
0aeb25,33,1790762926918
f14f7d,26,1790762926918
5c9afe,22,1790762926918
9b921a,19,1790848426918
87d080,26,1790762926918
b5815a,22,1790848426918
b23bd1,34,1790763826918
12707a,31,1790848426918
8441ce,46,1790848426918
aa2f6c,19,1790848426918
4b6f84,47,1790763826918
ff17d0,59,1790762926918
a95de9,57,1790763826918
c8f2c0,16,1790762926918
faf860,45,1790848426918
9a7c28,42,1790763826918
3fe99c,44,1790848426918
756252,31,1790848426918
e0f303,17,1790762926918
12878a,19,1790762926918
624caa,39,1790848426918
fdd8f9,42,1790763826918
ce424d,46,1790763826918
7ed8e3,37,1790848426918
1d03a2,21,1790762926918
31926c,29,1790762926918
d653b4,51,1790763826918
b7ef2c,41,1790848426918
c79f04,35,1790848426918
582d40,47,1790848426918
622a1d,17,1790762926918
f86da9,55,1790762926918
75dd37,16,1790762926918
56bed0,57,1790848426918
34501e,48,1790763826918
e75c6a,43,1790762926918
a4686b,23,1790763826918
0b90e6,23,1790762926918
d3e64d,35,1790762926918
55e9f1,47,1790763826918
6f4fb3,58,1790848426918
1c6cbd,18,1790848426918
8057d5,56,1790848426918
91fe28,59,1790848426918
b2dd4d,32,1790762926918
559a29,24,1790763826918
fbc2c8,19,1790848426918
15b228,55,1790762926918
ae6c38,17,1790762926918
1d1bb6,28,1790848426918
d606a5,55,1790762926918
733b59,21,1790762926918
9b34d6,16,1790848426918
786292,31,1790763826918
ac62bf,32,1790763826918
d9cf0a,34,1790762926918
e946e0,59,1790763826918
1a1cca,45,1790762926918
b9ed0f,55,1790762926918
bfe57c,52,1790762926918
ed2ab0,55,1790848426918
77894b,35,1790762926918
591cb0,33,1790762926918
655e28,58,1790762926918
b6614c,26,1790763826918
53408b,49,1790762926918
a6749b,54,1790848426918
14f961,49,1790763826918
b62d7f,59,1790762926918
cd9e70,35,1790763826918
eff89e,49,1790762926918
c88b9a,27,1790848426918
70f107,35,1790762926918
4eee55,55,1790762926918
ab6f40,38,1790848426918
7a323d,47,1790848426918
248dee,47,1790848426918
8d98a0,31,1790762926918
fb0e32,56,1790762926918
606b8f,39,1790763826918
4154e5,59,1790763826918
de1971,46,1790848426918
263a11,54,1790848426918
1e61ae,45,1790762926918
e1d579,41,1790762926918
617a27,44,1790763826918
18fe9d,33,1790763826918
ad3aaa,59,1790762926918
d70380,48,1790762926918
d09e5d,51,1790763826918
efe90a,32,1790762926918
2f440e,59,1790762926918
2db6e6,15,1790848426918
4da55b,29,1790848426918
e6ca38,33,1790848426918
a36eac,51,1790762926918
972adc,28,1790762926918
4da8bc,24,1790848426918
f1db40,24,1790848426918
db704a,28,1790848426918
b0f14c,41,1790848426918
ef6b36,56,1790762926918
700a46,22,1790763826918
6731c3,48,1790763826918
449583,24,1790848426918
476757,32,1790848426918
213802,30,1790762926918
1af394,45,1790848426918
4c6d18,49,1790763826918
9ac084,29,1790848426918
9a3577,18,1790762926918
47c7cc,50,1790848426918
3245fd,52,1790762926918
6ff622,22,1790763826918
f0a562,42,1790848426918
514338,55,1790762926918
a36544,16,1790762926918
30c63d,42,1790763826918
909968,45,1790762926918
731258,47,1790763826918
1f1d17,55,1790763826918
2e74d3,22,1790763826918
2033f0,45,1790763826918
e7c80e,38,1790763826918
27d39c,57,1790848426918
886b11,47,1790762926918
50ac1e,57,1790848426918
64c7dc,26,1790848426918
08b9e6,24,1790763826918
18d491,48,1790762926918
1b975e,37,1790763826918
873194,60,1790762926918
5e6649,52,1790762926918
0efe00,35,1790762926918
fd1bbe,33,1790763826918
308e52,53,1790848426918
6381b5,16,1790763826918
4c1a47,41,1790763826918
7720e2,47,1790762926918
12fdbe,23,1790762926918
3fef83,53,1790848426918
cb5a60,49,1790763826918
30a2b4,36,1790762926918
aef70e,34,1790848426918
02c32d,17,1790848426918
3089a1,58,1790848426918
fbc323,19,1790763826918
471f5e,19,1790762926918
ee4a7a,25,1790762926918
a85a19,30,1790848426918
6de72e,48,1790762926918
8dd627,60,1790762926918
a9ce99,45,1790762926918
03706a,38,1790762926918
9378d0,55,1790762926918
6af50f,34,1790848426918
9d22e3,38,1790848426918
604ca4,37,1790763826918
0d512a,27,1790763826918
a776ee,50,1790762926918
b03b75,60,1790848426918
e941cc,32,1790848426918
ce8087,36,1790848426918
11b9a5,55,1790762926918
7b4c33,47,1790763826918
ee6220,44,1790848426918
a07914,41,1790848426918
9acbee,38,1790762926918
776c5c,38,1790848426918
8a4d34,37,1790763826918
68ef90,41,1790848426918
e8c2a6,41,1790848426918
44cfdc,15,1790762926918
48660f,55,1790763826918
68e8ca,45,1790762926918
889c24,34,1790763826918
b5ce41,34,1790763826918
43f326,40,1790762926918
a40c9c,56,1790763826918
b30593,23,1790848426918
7bb81a,24,1790763826918
dec422,27,1790762926918
1e2bdf,57,1790848426918
c06249,38,1790762926918
ebae12,23,1790848426918
0b4c9a,56,1790763826918
69a698,25,1790762926918
eb0404,15,1790848426918
38c877,27,1790848426918
8cb854,52,1790763826918
12c049,20,1790762926918
222112,21,1790763826918
22dcb8,46,1790763826918
c1c3cd,50,1790762926918
f6c178,49,1790848426918
52d415,50,1790763826918
b94efb,39,1790848426918
adbf03,19,1790762926918
03b77e,23,1790762926918
0807e0,42,1790763826918
538d7c,42,1790848426918
69f129,23,1790763826918
886073,47,1790848426918
f0351d,32,1790762926918
1f6b91,27,1790763826918
48ad94,25,1790762926918
15b50a,26,1790763826918
140032,15,1790762926918
66a74a,33,1790848426918
2bf712,54,1790848426918
864508,42,1790762926918
e5dc1c,30,1790762926918
202e7c,37,1790762926918
dfc9df,55,1790762926918
6ed37a,50,1790763826918
3f36f3,22,1790848426918
789cf5,57,1790763826918
394df6,16,1790763826918
ff5dd9,46,1790763826918
454c25,17,1790848426918
5849e3,45,1790848426918
9a071a,31,1790762926918
20fb35,52,1790848426918
2a6b8b,49,1790848426918
3e18ab,49,1790763826918
35d182,43,1790848426918
759bad,58,1790762926918
d723c5,46,1790762926918
142b51,50,1790848426918
a72fb9,32,1790763826918
3fca61,59,1790848426918
909030,16,1790763826918
488ff6,50,1790762926918
707ead,48,1790848426918
e056e7,34,1790762926918
d7508b,27,1790848426918
e657b2,39,1790763826918
0ebccf,30,1790763826918
fa5669,45,1790762926918
730090,21,1790763826918
3bb9bd,21,1790848426918
9743d2,36,1790763826918
fc2fa8,29,1790762926918
249dc3,38,1790762926918
11298c,25,1790763826918
be9fd4,42,1790848426918
854143,15,1790763826918
3b720b,25,1790762926918
2deed6,50,1790763826918
b5856a,45,1790848426918
1aed44,21,1790848426918
6d2a03,20,1790763826918
82c683,45,1790763826918
efce4a,53,1790848426918
88936d,42,1790762926918
1e15ed,30,1790848426918
28d6e7,26,1790848426918
ae0759,58,1790762926918
df8094,41,1790763826918
8bd8ed,38,1790848426918
5ec199,27,1790848426918
474517,22,1790848426918
5c5aa5,49,1790763826918
93c3f1,42,1790848426918
737708,27,1790762926918
287d84,33,1790763826918
01e397,55,1790848426918
6c1b8e,22,1790762926918
6231c4,17,1790763826918
dc51a4,48,1790848426918
0dce73,17,1790762926918
d7ef20,28,1790763826918
308eff,28,1790848426918
b06388,29,1790763826918
0e553c,27,1790763826918
74915b,21,1790763826918
aaec13,36,1790762926918
5dd05b,42,1790848426918
1226ee,30,1790848426918
30be4e,23,1790763826918
2e70f8,43,1790848426918
25764e,23,1790763826918
316725,58,1790762926918
5ba545,28,1790848426918
d633f0,26,1790763826918
79910b,46,1790763826918
dc35de,45,1790763826918
21945a,45,1790763826918
ef8d0a,19,1790762926918
ee1929,51,1790762926918
edaeda,52,1790763826918
154a20,41,1790848426918
3da76f,46,1790763826918
cd3611,35,1790762926918
4d436b,29,1790848426918
fde0b8,31,1790848426918
cab533,36,1790763826918
872f0f,44,1790763826918
e1babe,21,1790762926918
0e84ae,17,1790763826918
53edec,37,1790762926918
e0d56c,50,1790762926918
336396,39,1790848426918
5b4a41,48,1790762926918
fecb68,25,1790762926918
e8321f,24,1790763826918
f23148,52,1790848426918
0a1e75,44,1790762926918
f72b1e,22,1790848426918
68e18c,55,1790763826918
3f1fb2,60,1790762926918
d52a87,26,1790848426918
3b9d82,38,1790762926918
93499e,40,1790848426918
43cc04,15,1790762926918
2818c1,55,1790848426918
0de70c,27,1790762926918
09d02c,46,1790848426918
b143f0,18,1790848426918
87c370,31,1790763826918
8c59f9,40,1790763826918
72444d,55,1790762926918
24e9b1,25,1790763826918
8e7510,51,1790762926918
16fd8d,22,1790762926918
a9e5ef,35,1790848426918
c77d1c,39,1790848426918
867147,39,1790763826918
e7e244,41,1790762926918
9ce48d,30,1790763826918
7645b8,28,1790848426918
d4875f,60,1790848426918
2c80ac,45,1790763826918
0c4d87,50,1790763826918
1db4fb,58,1790762926918
4c20ce,60,1790848426918
df370b,33,1790763826918
bd3b07,16,1790762926918
7bd4c4,41,1790763826918
eba0ee,18,1790763826918
342f40,20,1790762926918
7c8c3c,34,1790848426918
c46c56,56,1790848426918
6b7d35,58,1790763826918
5662f0,33,1790762926918
108aa5,34,1790762926918
18f52b,33,1790763826918
152d7b,30,1790762926918
8dd4af,26,1790763826918
8ee8d4,27,1790848426918
f65f53,30,1790762926918
088e77,38,1790762926918
029925,20,1790848426918
582ccf,54,1790848426918
885d59,47,1790762926918
ee21c8,45,1790762926918
f205be,42,1790763826918
070415,44,1790763826918
41b09b,38,1790848426918
522c6c,22,1790763826918
0b8df2,40,1790762926918
75bc4f,24,1790848426918
2d1ada,16,1790848426918
0b2e28,22,1790763826918
1bed25,18,1790762926918
98e5fd,25,1790763826918
2fb974,34,1790763826918
f163e5,32,1790762926918
34e1a6,35,1790762926918
0f8f89,47,1790848426918
2a4faa,18,1790763826918
c9aaee,34,1790848426918
56c242,15,1790762926918
6b7f45,19,1790763826918
930567,28,1790763826918
0dab70,22,1790763826918
6bd708,33,1790762926918
983756,32,1790762926918
39e832,33,1790762926918
eb4933,44,1790762926918
4f7ebb,18,1790848426918
d2ce3e,33,1790763826918
d16cf6,43,1790762926918
6e1fd7,15,1790763826918
29e20d,31,1790762926918
dc5c80,20,1790848426918
3a34f1,44,1790848426918
0dc5d3,43,1790763826918
2cb5df,59,1790763826918
9ae2d1,35,1790762926918
368f14,46,1790763826918
1b3190,32,1790848426918
6ce107,31,1790848426918
356440,23,1790763826918
6acbf5,22,1790762926918
ba4aee,25,1790763826918
41ecf9,48,1790762926918
7a1eea,42,1790762926918
e42bba,53,1790763826918
47d22b,32,1790763826918
9dda28,38,1790848426918
2a68bd,25,1790848426918
81b1a6,28,1790848426918
b24e5a,24,1790763826918
ad7795,38,1790763826918
8be965,21,1790762926918
a27ca0,38,1790763826918
ee0232,33,1790763826918
44a005,42,1790848426918
913441,43,1790848426918
3860c6,50,1790848426918
690744,44,1790848426918
01729d,22,1790762926918
508736,23,1790848426918
08fad4,34,1790762926918
6055af,44,1790763826918
55d588,49,1790763826918
5a2250,18,1790848426918
7dfed5,26,1790763826918
6a18a2,34,1790762926918
8ccb38,39,1790762926918
ad701b,28,1790848426918
63de4e,38,1790762926918
0ce253,58,1790763826918
2455cd,48,1790763826918
40f35a,45,1790762926918
8ca086,46,1790762926918
cab926,23,1790762926918
def4b8,28,1790763826918
e22141,52,1790763826918
3ebc10,43,1790763826918
ada601,30,1790762926918
f7a5d6,36,1790763826918
386b34,34,1790763826918
a90c60,38,1790763826918
fb923b,47,1790763826918
c09ce3,23,1790762926918
414a54,43,1790762926918
d2de3e,32,1790762926918
c8c443,33,1790763826918
802ba6,57,1790762926918
8a4e49,33,1790848426918
705f8b,34,1790763826918
37fa96,23,1790848426918
c7ba87,41,1790763826918
917218,45,1790762926918
87a3a1,39,1790848426918
f67c9f,24,1790763826918
2a7f2b,21,1790762926918
df0a79,54,1790763826918
685dfa,40,1790763826918
991c49,48,1790763826918
d1d80d,19,1790763826918
2851de,53,1790848426918
63db9d,33,1790762926918
ea93d4,21,1790848426918
9a15e8,33,1790763826918
0d525f,25,1790848426918
0a8fb2,20,1790763826918
e5a77d,34,1790848426918
d0ed76,54,1790848426918
97b2a0,30,1790762926918
300192,57,1790848426918
f7a237,17,1790848426918
1592a6,24,1790762926918
fc5294,17,1790848426918
e34571,50,1790762926918
ef79c2,52,1790848426918
9c2818,39,1790762926918
890c7a,50,1790762926918
bb7e6f,32,1790763826918
bdcade,58,1790848426918
a33b50,27,1790763826918
2614fa,25,1790762926918
206d63,39,1790848426918
c5a330,42,1790763826918
07e189,51,1790848426918
a904ee,38,1790848426918
ff1e34,23,1790848426918
4c6dac,20,1790763826918
c195aa,46,1790762926918
dfa0d9,16,1790762926918
a58527,60,1790848426918
6e4fb5,33,1790763826918
f6b336,38,1790762926918
ee4a7b,49,1790762926918
058c31,35,1790763826918
4241dc,56,1790848426918
fa659d,55,1790762926918
bc11db,29,1790763826918
8bafbd,52,1790762926918
90ab2f,18,1790848426918
865378,22,1790848426918
634e75,47,1790848426918
4b9661,16,1790763826918
49448b,58,1790762926918
940e48,55,1790763826918
6e4251,41,1790762926918
595537,25,1790762926918
a86c12,35,1790763826918
81cdaf,26,1790762926918
edefdc,36,1790762926918
b03def,28,1790762926918
1fbf19,55,1790848426918
8f110f,33,1790763826918
7903ac,34,1790762926918
0b068f,43,1790763826918
76b9d4,30,1790762926918
1bff94,20,1790848426918
6b07f1,29,1790848426918
ae955a,60,1790763826918
a1551b,58,1790848426918
617daa,24,1790848426918
62712d,16,1790762926918
3b4210,42,1790763826918
3fd9fc,19,1790762926918
d487f0,18,1790848426918
e0f07b,37,1790763826918
92add1,39,1790762926918
ce4f52,30,1790763826918
af4dca,16,1790763826918
38b560,38,1790762926918
6b65b3,34,1790762926918
0074ad,23,1790762926918
0f0b3c,49,1790848426918
0051cd,56,1790762926918
301b4a,28,1790848426918
1bccce,41,1790762926918
dd83ba,48,1790762926918
4e5aa7,15,1790763826918
2d63b2,39,1790762926918
264278,39,1790762926918
9d4ac2,39,1790763826918
d483bf,49,1790762926918
714ee5,47,1790848426918
535743,32,1790763826918
3ceac5,31,1790762926918
d16abc,52,1790848426918
4f3b05,56,1790763826918
7318bd,15,1790762926918
fad1c6,18,1790848426918
0c77dd,45,1790848426918
0d02b7,21,1790762926918
032661,30,1790763826918
45b0db,46,1790763826918
80afa9,56,1790848426918
efe1c7,58,1790848426918
0507e2,60,1790848426918
415570,26,1790762926918
ba45ac,29,1790763826918
eccd1a,28,1790848426918
23f505,36,1790762926918
ec3007,34,1790762926918
51bd39,32,1790763826918
013b11,21,1790848426918
1f8ba7,35,1790763826918
4701a8,51,1790763826918
b15069,20,1790848426918
21de2f,15,1790763826918
04f746,56,1790762926918
dc9afa,52,1790763826918
bd3294,36,1790763826918
633a97,28,1790763826918
fed95d,56,1790762926918
ffc825,40,1790762926918
453403,49,1790848426918
f472e8,17,1790762926918
56964a,36,1790762926918
0e0fc5,16,1790763826918
103640,37,1790848426918
b1cbd7,30,1790763826918
de0e5e,31,1790762926918
d7f1ae,40,1790848426918
10ef86,28,1790762926918
f9b850,55,1790763826918
5ec960,44,1790848426918
218622,26,1790848426918
5a7628,40,1790763826918
08f150,23,1790763826918
adc20f,46,1790848426918
e79a34,52,1790762926918
a058b5,56,1790848426918
e2b15e,36,1790763826918
5ec9ef,42,1790848426918
e2c74d,20,1790763826918
8ac736,23,1790848426918
da7c39,22,1790763826918
d4f3f1,33,1790848426918
80e487,46,1790762926918
27f156,56,1790762926918
9cb75e,38,1790848426918
e8ec73,50,1790763826918
79d851,41,1790848426918
554485,20,1790763826918
d7602b,23,1790848426918
cbf8dd,34,1790763826918
f45543,54,1790763826918
18c521,58,1790848426918
94a6c8,39,1790848426918
c16804,27,1790762926918
88773e,32,1790763826918
bb2724,44,1790763826918
3c6e4c,41,1790848426918
d20f33,43,1790848426918
26ffed,16,1790763826918
877f74,23,1790763826918
1ee305,30,1790762926918
3d2157,49,1790848426918
f392a3,54,1790763826918
da2af9,51,1790762926918
80d704,32,1790848426918
5c072a,16,1790762926918
54738c,50,1790763826918
5a8d39,28,1790848426918
2f28b1,46,1790848426918
94a5f5,24,1790762926918
5ec630,45,1790763826918
43bf5b,60,1790762926918
2aa171,44,1790763826918
c6f168,29,1790762926918
00b54e,51,1790848426918
cf1a0e,27,1790762926918
d221c1,18,1790848426918
6d9d9d,35,1790763826918
00945c,20,1790848426918
fd555c,59,1790848426918
d4c9a7,27,1790762926918
21a23e,36,1790762926918
000ca1,46,1790763826918
8ca9f9,15,1790848426918
e9277e,42,1790762926918
d9d528,45,1790762926918
3867e8,59,1790762926918
7325ae,42,1790763826918
6b5b89,29,1790848426918
4190dc,51,1790763826918
42490a,20,1790763826918
facd41,55,1790848426918
3c675a,16,1790848426918
d9db5b,43,1790763826918
78e72b,28,1790762926918
42b55a,18,1790763826918
6b5270,31,1790763826918
e6a8f9,40,1790762926918
dfb8a5,44,1790762926918
f1b16a,27,1790762926918
444041,18,1790762926918
0e3bd4,26,1790848426918
33f31c,15,1790762926918
a9a13b,25,1790848426918
2719da,19,1790763826918
285228,37,1790848426918
bbebd8,26,1790762926918
677c57,51,1790763826918
717f3e,44,1790763826918
735752,42,1790762926918
5f286c,21,1790762926918
a773ab,20,1790762926918
d9ba87,57,1790848426918
35decb,24,1790848426918
fc3856,20,1790762926918
d268d8,46,1790763826918
29fac3,42,1790763826918
b4acfa,33,1790762926918
8ad481,45,1790763826918
a7989c,29,1790848426918
011b08,50,1790763826918
47d1cc,35,1790762926918
9d4c24,18,1790848426918
3822e6,22,1790848426918
e16747,40,1790763826918
ad609e,48,1790762926918
5f4add,52,1790762926918
8fdaf3,20,1790848426918
14978c,24,1790848426918
cce1b3,29,1790762926918
902b02,47,1790762926918
6d3ccd,47,1790762926918
8c705b,54,1790762926918
1092e5,24,1790763826918
f088bf,32,1790848426918
b06dcf,36,1790848426918
f06e16,31,1790763826918
b81002,21,1790762926918
c055e0,58,1790763826918
455f94,24,1790762926918
703807,17,1790848426918
e04399,27,1790762926918
f4e0a0,16,1790848426918
b37f13,58,1790763826918
3862d2,18,1790762926918
6e4392,28,1790848426918
d90df5,42,1790763826918
af0d03,30,1790763826918
c6f303,36,1790763826918
39b04f,50,1790763826918
7ae20e,45,1790763826918
9d8752,37,1790848426918
a3390b,21,1790848426918
fe82d0,54,1790762926918
713753,33,1790848426918
eca3fc,42,1790763826918
eb20bb,52,1790848426918
10e054,42,1790848426918
a6272a,21,1790848426918
8dc664,25,1790848426918
579b50,17,1790848426918
6c497a,38,1790762926918
9de641,29,1790763826918
fa9d56,56,1790848426918
9f9199,39,1790848426918
b412b1,53,1790763826918
bdc092,55,1790848426918
182386,59,1790763826918
aa74b7,29,1790848426918
0232a8,56,1790848426918
4301ed,41,1790762926918
f29015,44,1790762926918
8d419e,37,1790762926918
f10c98,34,1790762926918
dc052c,42,1790762926918
53933c,37,1790762926918
3009a9,37,1790763826918
4f76f4,42,1790763826918
4c75f9,44,1790762926918
6a0643,49,1790762926918
215143,21,1790762926918
536276,23,1790763826918
a62720,38,1790848426918
0bc417,16,1790762926918
2c05e7,24,1790762926918
8aa43c,16,1790848426918
4f3ef3,57,1790763826918
adbc97,32,1790762926918
c94145,38,1790848426918
7983c4,33,1790848426918
56a420,37,1790848426918
36988f,16,1790763826918
b97eb5,34,1790763826918
e27a7e,25,1790763826918
b5fd14,50,1790762926918
1dc609,38,1790848426918
1a1177,23,1790763826918
c31f06,32,1790763826918
fad6df,52,1790763826918
d3f17c,27,1790848426918
53c175,60,1790763826918
6a8232,19,1790762926918
367a48,19,1790762926918
1cbc7a,22,1790763826918
f27650,38,1790763826918
29daab,48,1790762926918
762130,15,1790848426918
017b9d,20,1790848426918
fe7576,18,1790763826918
762ec5,58,1790762926918
4b774a,56,1790763826918
70402c,46,1790763826918
247937,56,1790763826918
547a96,48,1790763826918
a57d0c,23,1790762926918
6ae80a,44,1790762926918
58021e,29,1790762926918
f60e97,46,1790848426918
6c5f07,50,1790762926918
388a49,41,1790763826918
1e37ee,46,1790848426918
02c679,19,1790848426918
c0e66b,20,1790848426918
10a80b,60,1790763826918
e395f0,32,1790762926918
3eebfa,50,1790763826918
30d3b9,37,1790762926918
ff15a1,18,1790763826918
3df29c,36,1790762926918
37bf40,37,1790848426918
c40aae,35,1790762926918
90b03e,31,1790762926918
332e02,25,1790848426918
a56a0f,32,1790848426918
c9788d,46,1790762926918
e0bec0,31,1790763826918
1ea848,19,1790763826918
f15c88,40,1790762926918
76f06f,46,1790763826918
9ed5dd,29,1790763826918
92c485,35,1790763826918
419e1e,58,1790762926918
3745e8,21,1790848426918
11299d,44,1790848426918
815d02,60,1790848426918
7c703a,30,1790763826918
0bec62,28,1790848426918
cae8f3,39,1790848426918
9459aa,51,1790763826918
90fb4f,51,1790762926918
dfbe6a,47,1790848426918
3be01c,40,1790763826918
f353c6,19,1790848426918
124c32,24,1790848426918
8e2083,33,1790848426918
e0dfe8,21,1790762926918
4b4b09,23,1790762926918
302e31,39,1790763826918
e28fc3,48,1790762926918
6a6225,57,1790763826918
aff87f,27,1790762926918
296d95,25,1790848426918
f68b9c,41,1790762926918
215c62,24,1790848426918
01c403,34,1790763826918
f7ac86,22,1790848426918
419b2e,21,1790762926918
454cea,41,1790848426918
d12da5,54,1790848426918
513c19,55,1790848426918
d2a1d6,23,1790762926918
e0d8e9,59,1790848426918
44b71f,44,1790848426918
c186e8,35,1790763826918
34f416,38,1790762926918
03a340,25,1790762926918
d8add8,23,1790848426918
a1c07e,55,1790762926918
f72b71,24,1790763826918
f04af7,47,1790848426918
442d14,36,1790848426918
a269c0,29,1790762926918
eda81b,60,1790763826918
6d1eea,38,1790848426918
c339c1,23,1790763826918
676a0d,48,1790763826918
31de97,48,1790762926918
f31e5c,43,1790848426918
2545cb,32,1790848426918
08ce82,17,1790762926918
f47b0a,15,1790762926918
7cbdc5,52,1790848426918
177ab9,50,1790848426918
426da0,23,1790763826918
d0624a,41,1790762926918
cb8db0,38,1790848426918
0b25d9,21,1790762926918
99ced5,53,1790763826918
9c7979,29,1790763826918
e73704,55,1790763826918
7cc68a,48,1790762926918
70d04b,53,1790763826918
e03cc2,45,1790762926918
cb433f,31,1790763826918
d8b308,28,1790848426918
446c29,22,1790762926918
a1b79b,22,1790762926918
29453f,45,1790848426918
75bab5,51,1790763826918
199b19,52,1790763826918
baaf88,42,1790848426918
d8fa69,43,1790763826918
3b40c2,46,1790762926918
657ce7,50,1790762926918
d66eba,29,1790763826918
daa4ee,24,1790762926918
196bc5,17,1790762926918
b26927,37,1790848426918
1c4c95,45,1790848426918
0b9eeb,15,1790848426918
84ed55,24,1790762926918
a4d5af,17,1790762926918
c531e3,29,1790848426918
8df7a1,39,1790762926918
e86c0f,27,1790762926918
22221f,49,1790762926918
fedaff,15,1790763826918
ae1e3f,38,1790762926918
2b4a77,53,1790762926918
fc78cf,52,1790763826918
945ac1,15,1790762926918
0f252f,57,1790762926918
cc61e8,52,1790762926918
94ece2,33,1790848426918
a3be1e,27,1790763826918
b6cef9,38,1790763826918
02935a,51,1790762926918
844d54,48,1790763826918
e53932,54,1790763826918
513f6a,28,1790848426918
43f4a1,49,1790762926918
6bb44b,42,1790763826918
911e80,32,1790762926918
0bf58d,52,1790848426918
646f2d,51,1790848426918
2c6dab,52,1790763826918
a135d7,53,1790762926918
ba26e0,30,1790763826918
875ea8,60,1790762926918
b59088,16,1790848426918
5cceed,55,1790762926918
0eca1d,40,1790762926918
24b739,25,1790763826918
057b69,51,1790763826918
31d6dd,31,1790762926918
a466b8,21,1790763826918
129959,49,1790848426918
366771,28,1790848426918
1bff5f,37,1790848426918
2acdbd,51,1790763826918
bf2832,46,1790762926918
404cf6,15,1790763826918
9b9886,45,1790848426918
c17b60,56,1790848426918
cc912e,47,1790762926918
f635e9,55,1790763826918
057649,16,1790848426918
88594d,29,1790763826918
9444c0,35,1790762926918
4707e0,58,1790762926918
e3a93a,53,1790762926918
71c918,60,1790762926918
0393b9,50,1790762926918
7b60b4,59,1790763826918
0a024e,16,1790763826918
ec919d,56,1790763826918
cf2126,45,1790763826918
b13829,38,1790848426918
884c19,43,1790848426918
f2584c,58,1790762926918
5ab1fe,32,1790848426918
9753d7,45,1790763826918
beaaa6,51,1790848426918
54a115,36,1790848426918
ee317d,17,1790763826918
13c6f1,60,1790762926918
665e45,43,1790762926918
854364,49,1790763826918
e39a82,40,1790762926918
9c0c4a,40,1790763826918
368448,15,1790763826918
eafb96,47,1790762926918
4b24e7,60,1790848426918
abe222,55,1790848426918
9ab0fe,28,1790762926918
fc4425,59,1790762926918
c35b6b,44,1790848426918
a8191d,33,1790848426918
afed63,59,1790762926918
cbb8ed,27,1790762926918
b45591,37,1790762926918
c7e3d4,31,1790762926918
31ec4f,38,1790848426918
afda0a,46,1790848426918
1a60de,18,1790762926918
ac249d,19,1790763826918
05f029,18,1790762926918
7bc368,56,1790763826918
1c7e6b,60,1790762926918
93a76a,27,1790763826918
6aca92,60,1790762926918
543fad,28,1790763826918
9b4b7d,31,1790848426918
d4492a,20,1790762926918
3269ec,25,1790763826918
273b98,43,1790763826918
ed6c04,21,1790848426918
da17d7,41,1790763826918
39f5e9,28,1790848426918
7b6106,55,1790763826918
27f8f7,25,1790762926918
5a67bd,26,1790848426918
a50b20,23,1790848426918
7c64a7,28,1790848426918
b4b877,36,1790848426918
e1e682,51,1790763826918
6b0b08,20,1790848426918
4c30b6,47,1790848426918
b9fe97,44,1790762926918
95db37,23,1790762926918
fb807a,53,1790848426918
a74a01,29,1790762926918
6e3450,46,1790762926918
a40326,19,1790762926918
17dc69,33,1790762926918
e6d4f0,38,1790848426918
d1487c,57,1790848426918
d97190,56,1790848426918
fe3794,34,1790762926918
639d77,15,1790762926918
f84596,34,1790762926918
524939,31,1790763826918
b9af0a,29,1790848426918
68ffa0,30,1790763826918
1cdeba,49,1790763826918
9c837f,51,1790763826918
ca5589,21,1790848426918
a0485c,53,1790848426918
d3a61a,54,1790763826918
a70798,30,1790848426918
a82bee,45,1790762926918
2de2f6,44,1790762926918
8ed8a1,29,1790848426918
741dda,55,1790848426918
a15791,39,1790762926918
5cd4cc,24,1790762926918
b2c876,30,1790763826918
9533b4,60,1790762926918
ef6621,22,1790848426918
ca3571,33,1790763826918
fc9f32,25,1790763826918
d4f6e1,23,1790762926918
bf8359,53,1790763826918
ec6117,54,1790763826918
74f26b,34,1790848426918
96608f,20,1790848426918
a60996,45,1790763826918
307ea3,36,1790848426918
e8788d,48,1790762926918
008af9,40,1790762926918
d3cf19,29,1790762926918
861263,37,1790848426918
dbd4f3,41,1790848426918
3e9e03,42,1790763826918
fc798b,51,1790763826918
1ecbc0,50,1790763826918
000704,19,1790848426918
4d74c7,59,1790763826918
095a5a,57,1790848426918
1d5a87,38,1790762926918
2a5b33,55,1790848426918
c0013f,44,1790763826918
2e5fa3,27,1790848426918
dd35ae,26,1790848426918
7f3a0e,43,1790848426918
badedc,20,1790848426918
c25fef,57,1790763826918
a368ec,15,1790762926918
257be0,21,1790848426918
ef2049,29,1790762926918
9078e6,52,1790763826918
12f6bf,38,1790848426918
3107db,30,1790762926918
411e76,52,1790848426918
67ff3c,17,1790763826918
70afc6,27,1790848426918
c776f1,40,1790848426918
27f48f,44,1790848426918
0a366e,43,1790762926918
34e075,46,1790763826918
9271ee,50,1790848426918
438304,48,1790762926918
55091d,20,1790762926918
216916,47,1790848426918
6456ea,22,1790762926918
de3176,27,1790762926918
838f61,38,1790763826918
71b870,46,1790763826918
4be514,23,1790848426918
c2e358,28,1790848426918
847c48,60,1790762926918
0c8c3f,39,1790848426918
de8507,20,1790762926918
23dfb9,56,1790848426918
9f2fd0,15,1790763826918
4f7c63,58,1790763826918
8022f0,48,1790762926918
f0490d,53,1790762926918
491d99,28,1790763826918
562819,18,1790762926918
91ebbe,26,1790763826918
627742,45,1790848426918
768d3c,30,1790763826918
0330d8,53,1790848426918
7626a9,17,1790848426918
24218d,42,1790762926918
fca1c3,43,1790762926918
63336a,17,1790763826918
ee097a,42,1790763826918
340a73,22,1790848426918
e042db,22,1790763826918
18c1b0,56,1790848426918
1d57fa,49,1790763826918
e36d77,34,1790763826918
6b7707,56,1790848426918
de0ec8,36,1790762926918
a576e1,47,1790762926918
0f5c64,26,1790848426918
f121c7,39,1790762926918
6e8f70,33,1790848426918
077079,37,1790848426918
97ba89,47,1790762926918
92b093,21,1790763826918
b3a9b3,26,1790762926918
5a77b2,51,1790762926918
0f305a,16,1790848426918
2e7893,58,1790848426918
1d1b04,25,1790763826918
e76112,22,1790762926918
3ad5b1,36,1790763826918
d23898,27,1790848426918
74f7ec,41,1790763826918
df1928,42,1790848426918
95538c,29,1790762926918
bc8d8e,56,1790848426918
35cbc0,60,1790763826918
412ac8,41,1790763826918
c26950,58,1790848426918
6641c0,18,1790762926918
0154a1,53,1790762926918
85f022,55,1790762926918
d9b234,46,1790763826918
142326,48,1790848426918
588c72,45,1790762926918
ed8743,31,1790762926918
882525,21,1790848426918
3fc73e,44,1790762926918
f16b8d,34,1790762926918
5b833a,18,1790848426918
143b52,50,1790762926918
1970c0,30,1790848426918
1bfb4f,19,1790848426918
0d4850,45,1790763826918
e5281c,42,1790762926918
a5e87a,36,1790848426918
d2a907,30,1790763826918
7b98bb,35,1790848426918
330277,59,1790762926918
1d2b51,23,1790763826918
2ba9f2,43,1790848426918
b39774,58,1790848426918
d33374,59,1790763826918
473309,18,1790848426918
7b2c5d,52,1790763826918
bee5dc,59,1790848426918
d7755e,34,1790848426918
2d005c,35,1790848426918
d0a239,19,1790848426918
e1ba44,51,1790848426918
3c6c20,60,1790762926918
b130b6,50,1790763826918
803c4e,47,1790848426918
bc2b6b,36,1790763826918
4086c2,36,1790763826918
537a78,55,1790848426918
fe50e4,54,1790762926918
1de98f,17,1790762926918
c6e4f7,30,1790848426918
e5ccbb,23,1790762926918
b5eaab,43,1790763826918
a56aec,50,1790848426918
351fb3,58,1790763826918
f70481,52,1790762926918
a0616d,36,1790763826918
ba5a45,58,1790763826918
fc76c5,27,1790763826918
627e69,56,1790848426918
c073bf,28,1790763826918
3d9666,48,1790763826918
a40316,51,1790763826918
493cba,51,1790763826918
4077c4,28,1790763826918
6cb772,38,1790848426918
d47aee,35,1790848426918
094d86,32,1790762926918
9b339e,38,1790848426918
bec958,51,1790848426918
7c75ec,17,1790848426918
003365,45,1790763826918
5414f1,28,1790762926918
e06978,25,1790848426918
8ce4b7,60,1790848426918
1174ea,28,1790762926918
ba73d4,28,1790762926918
1e5581,42,1790848426918
e459e9,32,1790848426918
1ca3dc,22,1790763826918
38d7ca,48,1790763826918
86f0fd,35,1790763826918
95d2d4,42,1790762926918
4d9baa,17,1790763826918
4a026b,31,1790848426918
4fc1a4,26,1790763826918
ee5da2,40,1790848426918
d8b602,43,1790848426918
178aa9,52,1790848426918
86b897,35,1790762926918
07d659,42,1790848426918
87f541,23,1790848426918
1ffce3,19,1790763826918
f42f71,29,1790762926918
7bc767,47,1790848426918
aa3ea5,41,1790762926918
2246d9,50,1790848426918
c6687b,34,1790763826918
bbab85,46,1790848426918
f8a5db,37,1790763826918
308a03,37,1790763826918
ad92ba,46,1790848426918
683a78,19,1790763826918
d138a8,21,1790848426918
5a22ce,54,1790848426918
d0ead6,51,1790763826918
1fc293,40,1790763826918
735897,38,1790848426918
11217d,46,1790763826918
18ab83,43,1790848426918
bdd6cd,60,1790762926918
e1e821,44,1790763826918
3361d7,19,1790848426918
61774d,57,1790848426918
e5959f,32,1790848426918
aa11e4,19,1790848426918
333abe,23,1790762926918
72f39c,52,1790763826918
a6502a,52,1790763826918
cd466c,53,1790762926918
8b574e,19,1790848426918
842611,36,1790762926918
2ed8b1,35,1790848426918
d407e4,19,1790848426918
b017b2,58,1790848426918
a0f9fd,40,1790848426918
b0f233,39,1790762926918
a703be,52,1790848426918
b7bbe1,18,1790762926918
025717,28,1790848426918
5ea5f8,45,1790763826918
944577,16,1790762926918
baec45,49,1790763826918
c41a6e,49,1790848426918
47224a,34,1790848426918
fd7935,24,1790763826918
88fb7f,17,1790762926918
17cf00,18,1790848426918
692aae,34,1790762926918
61b0b7,57,1790763826918
3f4b6e,23,1790763826918
094c21,21,1790848426918
d1d55b,57,1790763826918
cc2048,36,1790763826918
d9f97c,44,1790762926918
8ad3bc,35,1790848426918
3c550e,35,1790762926918
d244ab,16,1790762926918
1b194c,39,1790848426918
2c043f,44,1790848426918
4ce7c4,26,1790762926918
9de782,34,1790763826918
63ebcf,17,1790762926918
49e8db,18,1790848426918
a4b848,37,1790762926918
49c766,16,1790763826918
b3dcae,49,1790763826918
18e66e,51,1790762926918
88cf4e,39,1790763826918
5b82a7,51,1790848426918
379cc6,43,1790762926918
434f43,34,1790762926918
172128,30,1790763826918
d78cf2,42,1790762926918
516e6f,27,1790763826918
062f98,17,1790848426918
110828,48,1790762926918
327533,48,1790848426918
a54881,39,1790763826918
0e82c8,56,1790762926918
b5c0b3,28,1790763826918
848f7e,53,1790848426918
2df99f,44,1790763826918
b565c5,25,1790848426918
19c7b8,30,1790763826918
138d1f,15,1790848426918
089672,35,1790762926918
72314d,59,1790763826918
033ae3,50,1790763826918
58152e,47,1790762926918
473f72,60,1790848426918
e436d3,48,1790848426918
75bdbb,26,1790763826918
f22653,30,1790848426918
d9dd3c,59,1790848426918
252953,48,1790762926918
656239,56,1790762926918
9f9de3,40,1790848426918
c2a6a2,56,1790762926918
d570ff,57,1790763826918
40cf58,47,1790763826918
7f911e,28,1790848426918
051dd2,46,1790762926918
102e66,31,1790763826918
cc8ea3,41,1790762926918
392842,47,1790848426918
acb607,35,1790762926918
d8d7a6,47,1790763826918
07e282,15,1790848426918
01199a,38,1790762926918
2d6c4f,20,1790848426918
e2539f,25,1790762926918
f0756b,44,1790848426918
6b93e7,43,1790763826918
9ad720,19,1790848426918
65648c,19,1790848426918
44800b,43,1790763826918
f53ced,18,1790763826918
849c1c,55,1790848426918
8002bc,35,1790763826918
a5254d,32,1790848426918
05663d,25,1790848426918
f5a48e,36,1790762926918
d8e6a6,59,1790763826918
8cefc3,19,1790762926918
7c4f51,60,1790762926918
761439,53,1790848426918
c1b064,47,1790762926918
0ed540,47,1790848426918
7b0372,23,1790848426918
61e093,49,1790848426918
9588de,20,1790848426918
dbb551,19,1790763826918
b9e6b9,54,1790762926918
5596b9,52,1790763826918
4d2452,34,1790763826918
5d114c,47,1790848426918
1220d3,47,1790762926918
f5ed49,56,1790762926918
fa6c91,31,1790763826918
5461c1,38,1790762926918
c13286,45,1790848426918
c26e52,41,1790762926918
63669b,49,1790763826918
c50da5,21,1790762926918
dd5962,28,1790762926918
6084df,39,1790762926918
bb320e,19,1790848426918
7fabce,17,1790848426918
b99c80,30,1790848426918
3f5107,34,1790848426918
ad28b7,29,1790848426918
b4d528,51,1790762926918
794bd9,54,1790763826918
c808ab,38,1790763826918
d847ef,43,1790762926918
a1872b,50,1790848426918
ea7e7a,37,1790848426918
cc5598,45,1790762926918
af75f8,37,1790762926918
a08117,18,1790762926918
9dac4b,37,1790763826918
d7e852,43,1790762926918
6f3b78,30,1790848426918
0d8270,21,1790848426918
dfd82c,50,1790848426918
91acd9,26,1790763826918
4b5664,52,1790848426918
df108d,36,1790762926918
81d350,47,1790848426918
e521fd,56,1790763826918
c06f9a,23,1790763826918
c5c08e,38,1790848426918
c9fa31,50,1790848426918
a3ba75,51,1790762926918
2c9653,58,1790762926918
6ad2e3,22,1790848426918
82dffd,37,1790762926918
863789,19,1790762926918
6d5d71,23,1790763826918
412a02,35,1790762926918
bc05e3,28,1790763826918
5b8feb,32,1790848426918
d61b47,36,1790763826918
a14613,16,1790848426918
ff7a83,52,1790848426918
becc6c,23,1790763826918
d7932b,16,1790762926918
47e294,30,1790763826918
5c6306,32,1790762926918
fb2432,58,1790848426918
861960,24,1790762926918
9bfaaf,34,1790762926918
d27341,36,1790848426918
123fff,55,1790762926918
b432e8,15,1790763826918
05ca7d,23,1790762926918
38b644,58,1790763826918
44fde1,15,1790762926918
8e3f2a,28,1790848426918
dc1525,39,1790762926918
0ca9da,50,1790848426918
e36e6d,31,1790848426918
3ebcf0,45,1790848426918
cb41aa,56,1790848426918
c62453,40,1790763826918
03f1af,58,1790762926918
c847fa,15,1790848426918
e39907,15,1790848426918
b04974,50,1790762926918
0d13d2,19,1790762926918
a69392,28,1790763826918
9b4edf,54,1790762926918
3cb923,27,1790762926918
f0eb9c,17,1790762926918
5b9412,46,1790762926918
837539,52,1790762926918
0e684d,39,1790762926918
9b30d7,32,1790763826918
e2ff4e,41,1790762926918
db500e,17,1790848426918
724818,26,1790762926918
3733d7,45,1790848426918
122940,59,1790762926918
f9de8a,15,1790763826918
90e751,25,1790762926918
76eba9,21,1790848426918
90aaf8,15,1790848426918
c0e511,57,1790762926918
38cf93,48,1790763826918
41b3b8,59,1790763826918
e446f0,37,1790763826918
02935b,31,1790763826918
7d0924,29,1790762926918
05044b,24,1790762926918
726589,59,1790762926918
c34ee3,16,1790848426918
728861,41,1790762926918
b0fc21,37,1790763826918
9873d9,32,1790848426918
86d81a,45,1790848426918
b9d101,51,1790763826918
3ef21a,32,1790763826918
b56a83,24,1790762926918
01c3f0,25,1790763826918
652ceb,32,1790848426918
33bdfa,50,1790763826918
71ee05,17,1790762926918
b44c01,45,1790763826918
dcf11e,32,1790848426918
2ce8ca,26,1790763826918
bf44c8,41,1790848426918
2f7390,28,1790848426918
56e617,36,1790848426918
72308e,23,1790848426918
428e88,58,1790762926918
d1e0ef,16,1790763826918
2ede26,38,1790763826918
82edf7,18,1790762926918
d56b0c,33,1790762926918
a1801d,26,1790848426918
123be4,41,1790848426918
1ce702,55,1790848426918
6014fb,26,1790762926918
06abef,35,1790763826918
095ba4,51,1790762926918
313040,24,1790763826918
6cb73f,31,1790763826918
142451,56,1790848426918
ace2bd,48,1790762926918
fc80d1,32,1790762926918
9ffdb1,23,1790763826918
d07595,31,1790848426918
ae75be,32,1790762926918
3f3a75,36,1790763826918
aefaad,48,1790848426918
f4ad0b,39,1790763826918
08cc8b,48,1790763826918
4d95c2,37,1790848426918
861f7f,45,1790763826918
aaeb77,48,1790848426918
5909fb,23,1790848426918
02eff3,20,1790763826918
582a1f,27,1790848426918
616e45,45,1790762926918
4fcd42,31,1790763826918
b54190,16,1790848426918
1a0871,16,1790763826918
b29353,40,1790762926918
8b7cb5,24,1790763826918
2372c4,35,1790763826918
9b4dfa,37,1790848426918
787296,48,1790762926918
9f0995,28,1790763826918
80d3fa,56,1790763826918
957844,57,1790762926918
766537,55,1790848426918
8afa82,25,1790848426918
36fe42,43,1790763826918
c254b7,20,1790762926918
bb26d6,44,1790763826918
1d73e0,47,1790848426918
e009ba,24,1790762926918
3e5c09,48,1790848426918
411594,36,1790762926918
d9aaf4,26,1790762926918
eae9fa,58,1790848426918
9004f3,44,1790848426918
556166,48,1790763826918
cb2d0a,31,1790763826918
e9805b,34,1790762926918
62d328,38,1790848426918
d2513a,54,1790763826918
d283db,42,1790848426918
297f8e,45,1790848426918
d6a1ac,49,1790762926918
167afe,53,1790848426918
7f306e,48,1790848426918
9aba52,44,1790848426918
ca1595,46,1790762926918
a837fa,54,1790763826918
cc8ceb,15,1790763826918
c9673e,50,1790848426918
38acdc,52,1790848426918
b086b3,41,1790762926918
47daf0,27,1790762926918
f6d7c0,19,1790763826918
9e3777,42,1790848426918
a8c154,18,1790848426918
1068ac,41,1790763826918
4a3baa,41,1790848426918
bec1f3,22,1790763826918
a8e429,23,1790763826918
d1414a,33,1790763826918
a800ca,35,1790848426918
215c03,16,1790762926918
eaa8bf,32,1790762926918
371ed2,39,1790762926918
de66b8,47,1790762926918
75127a,52,1790848426918
1fa492,15,1790763826918
22a398,56,1790762926918
01ed5a,20,1790763826918
289da5,15,1790848426918
cceef9,55,1790848426918
c87e94,28,1790763826918
0da1ea,38,1790762926918
51b766,29,1790763826918
713467,42,1790763826918
7003d2,25,1790763826918
8284d4,60,1790763826918
511653,17,1790763826918
d32d57,38,1790763826918
2aab17,46,1790848426918
b2421b,25,1790763826918
92228f,45,1790762926918
6bb866,18,1790763826918
7b1974,22,1790762926918
f027b8,18,1790762926918
a95cef,53,1790848426918
935696,18,1790762926918
7a47ab,55,1790762926918
e6cce1,39,1790762926918
eb503c,16,1790848426918
50be74,58,1790848426918
1812e2,54,1790763826918
fd09c0,30,1790762926918
7bbba0,60,1790848426918
afd438,58,1790762926918
efccc1,31,1790762926918
43e530,42,1790763826918
71984f,16,1790762926918
a9b7e6,55,1790848426918
eadfc8,23,1790848426918
716bd3,48,1790848426918
1aeb5b,55,1790762926918
bffd88,48,1790763826918
3a8563,35,1790762926918
647c80,52,1790763826918
0010a2,21,1790763826918
8574ed,44,1790763826918
a0184b,45,1790848426918
d9fafc,27,1790762926918
f9f28f,19,1790762926918
bbc388,29,1790762926918
52592c,22,1790848426918
4cb557,33,1790763826918
5f8ef6,60,1790763826918
7ca6d1,25,1790848426918
538840,58,1790763826918
1a6cd1,51,1790762926918
59bd03,48,1790762926918
720ba8,57,1790762926918
4de937,43,1790762926918
721262,58,1790763826918
9845e7,44,1790848426918
d445ae,38,1790848426918
0ce552,34,1790762926918
10cb5a,20,1790848426918
9fcfed,50,1790848426918
3b413e,58,1790763826918
db27be,19,1790763826918
f8c5cd,34,1790762926918
c5eb47,32,1790763826918
c2201b,23,1790763826918
742d5c,15,1790848426918
183521,51,1790762926918
01e3cf,41,1790763826918
e8722c,50,1790762926918
3b673a,24,1790848426918
c3b1b3,52,1790848426918
d3e185,32,1790763826918
dac530,34,1790762926918
a71696,56,1790848426918
5a06a8,54,1790763826918
082d60,48,1790762926918
d67a4f,27,1790763826918
576e26,41,1790763826918
80aaef,41,1790762926918
1e8e0c,58,1790762926918
025041,35,1790848426918
57a92f,34,1790848426918
9d4938,54,1790763826918
36e875,34,1790762926918
613716,21,1790762926918
f30339,17,1790762926918
692171,32,1790762926918
af1224,17,1790848426918
fd509a,47,1790848426918
62fc19,17,1790762926918
cdfe3a,35,1790763826918
6db6dd,30,1790848426918
88ef99,15,1790848426918
45f682,45,1790848426918
7bd965,16,1790763826918
2e8700,16,1790763826918
2620ec,52,1790763826918
04c9e9,24,1790762926918
6d72b3,19,1790848426918
779158,41,1790762926918
4c4443,44,1790763826918
6249b4,34,1790848426918
4b79e7,38,1790848426918
8292d3,37,1790848426918
2285e9,50,1790763826918
d672ca,40,1790762926918
3fe70f,24,1790762926918
620670,24,1790762926918
091b9e,55,1790762926918
e99128,22,1790763826918
1fc563,20,1790848426918
ae4999,19,1790762926918
321ab1,37,1790848426918
191253,38,1790762926918
fa0d24,20,1790763826918
9cd41f,54,1790762926918
8b20fb,15,1790848426918
7e8e66,58,1790762926918
aad77a,56,1790762926918
413012,47,1790848426918
685994,46,1790763826918
79776d,48,1790762926918
77d59f,55,1790762926918
e87e72,60,1790848426918
a343a9,36,1790762926918
390ea3,57,1790763826918
1fd731,46,1790762926918
821dc1,41,1790848426918
d6ce1d,28,1790848426918
ac060f,20,1790848426918
da51e8,52,1790848426918
37c4f1,30,1790848426918
bd2f53,16,1790762926918
5c92de,48,1790762926918
cdb288,29,1790848426918
f4d41a,40,1790848426918
fbf1e4,51,1790763826918
2b761d,36,1790762926918
43c643,47,1790763826918
fbc4ab,47,1790762926918
8afef5,58,1790848426918
f4e6a8,47,1790762926918
78a1db,30,1790763826918
951a45,42,1790763826918
097bac,39,1790763826918
520f23,16,1790762926918
7e3f48,25,1790762926918
945520,19,1790762926918
6a786c,35,1790762926918
e135b8,34,1790763826918
ef0908,41,1790762926918
717332,37,1790763826918
ba5a5c,38,1790763826918
72f4d4,47,1790762926918
070640,44,1790763826918
8f27e0,48,1790848426918
b92d47,35,1790763826918
4c5122,21,1790763826918
3c9396,50,1790762926918
575598,37,1790763826918
b63f48,45,1790848426918
439e72,22,1790848426918
da7a56,42,1790763826918
74cadb,25,1790848426918
c05ca6,49,1790762926918
8a500a,55,1790763826918
de86ed,43,1790763826918
49f616,28,1790762926918
1eace7,27,1790762926918
6ab9c8,31,1790763826918
933664,42,1790763826918
d29840,21,1790848426918
61a17a,30,1790762926918
75448a,58,1790763826918
198470,59,1790848426918
0dbec8,33,1790763826918
2ff302,40,1790848426918
e2454a,21,1790763826918
762ecd,58,1790848426918
91302d,39,1790762926918
d2fcc2,19,1790848426918
ff8f91,23,1790763826918
2e8439,21,1790763826918
95dd2b,21,1790763826918
c22cdb,35,1790848426918
0f9128,17,1790763826918
4c8e65,29,1790763826918
b5d787,15,1790848426918
72a77a,42,1790763826918
45b050,25,1790762926918
804b5c,41,1790762926918
997bad,46,1790762926918
283302,23,1790848426918
a625e5,44,1790848426918
a8b804,44,1790762926918
b13f38,21,1790763826918
1cc7ec,36,1790848426918
48c834,26,1790848426918
085e9c,59,1790848426918
aa52e5,22,1790848426918
f305f2,16,1790848426918
9a62ca,17,1790848426918
244fe0,42,1790763826918
0f7bf6,53,1790762926918
3c5030,19,1790763826918
20a3e8,16,1790762926918
8dbfa5,28,1790762926918
b2d688,32,1790762926918
c4637f,45,1790763826918
8e1d1e,20,1790848426918
a7b249,53,1790762926918
fe8ba4,60,1790848426918
71f605,17,1790848426918
e19adf,20,1790763826918
4a941a,28,1790763826918
ea5800,17,1790763826918
7b611e,16,1790848426918
733180,53,1790848426918
73ddc2,24,1790762926918
a4b0fb,39,1790848426918
d778bc,16,1790763826918
d3edf4,24,1790762926918
ac0a90,38,1790762926918
dc98c2,46,1790763826918
d7145a,49,1790762926918
469398,50,1790848426918
2a755d,15,1790762926918
0647eb,36,1790762926918
8e5bb8,32,1790762926918
199c4e,46,1790763826918
2c7874,41,1790763826918
028a60,48,1790763826918
c5e6b5,18,1790848426918
72e195,56,1790762926918
0afa3e,54,1790848426918
55e46b,30,1790762926918
6ad5c7,17,1790762926918
d811de,21,1790762926918
6d8908,30,1790763826918
1990ab,59,1790848426918
277ec4,47,1790848426918
2b619f,39,1790848426918
06906e,18,1790762926918
1172bd,40,1790763826918
0b3227,31,1790762926918
de553c,26,1790762926918
d48f2e,53,1790762926918
b100ab,38,1790763826918
bb8c11,23,1790848426918
12d41d,43,1790762926918
2bb5c8,46,1790763826918
7b9a8c,41,1790762926918
582858,58,1790763826918
e338b6,32,1790763826918
c3de34,25,1790762926918
fa7095,29,1790762926918
b4cb0b,32,1790762926918
c21720,45,1790848426918
2d60b0,22,1790763826918
6a79a2,30,1790762926918
820442,31,1790762926918
451bd8,49,1790763826918
887c4f,48,1790763826918
8ce52e,55,1790762926918
ab34f2,28,1790848426918
39c921,55,1790848426918
0f14ce,45,1790848426918
610ce5,59,1790848426918
8217ea,20,1790762926918
8f149c,30,1790848426918
f683cc,30,1790848426918
4470d6,16,1790762926918
cc79a8,42,1790763826918
b3c900,58,1790848426918
e75934,45,1790848426918
c685c3,25,1790848426918
4c82af,32,1790762926918
c49a96,28,1790762926918
c2728d,58,1790848426918
dd4167,18,1790848426918
dfabb7,60,1790763826918
b41bc8,40,1790848426918
f02762,39,1790763826918
c18508,21,1790762926918
17ec37,42,1790763826918
238300,40,1790763826918
ff11dc,36,1790763826918
d78383,36,1790763826918
a82c65,24,1790763826918
13da9f,16,1790848426918
dfeaf5,56,1790762926918
671d8a,37,1790762926918
9f2bf9,54,1790762926918
54d674,15,1790763826918
efb556,27,1790762926918
c9875f,37,1790763826918
854e21,25,1790848426918
ed8315,26,1790848426918
8f2cc0,50,1790763826918
3ec53c,43,1790848426918
44d931,16,1790763826918
fa1b2f,46,1790763826918
e1cf55,17,1790848426918
825d09,55,1790763826918
d99ec6,31,1790763826918
7e7767,26,1790763826918
8e61a5,24,1790762926918
ab2f1f,49,1790763826918
c653f3,56,1790763826918
40b564,39,1790848426918
56c509,43,1790762926918
ffd426,41,1790762926918
f82114,50,1790763826918
3ae350,45,1790762926918
47a5ac,28,1790763826918
866192,17,1790848426918
209208,56,1790848426918
a12bd6,29,1790762926918
d47dd5,58,1790763826918
4a50ac,38,1790763826918
654c20,58,1790762926918
eab15b,32,1790763826918
5ee499,40,1790848426918
6dd825,41,1790763826918
38160d,39,1790762926918
f97dd8,45,1790763826918
31ffd2,30,1790848426918
99d122,32,1790762926918
5f4985,37,1790763826918
15da21,47,1790848426918
b44883,19,1790763826918
c43201,60,1790763826918
36b8dc,44,1790762926918
380e37,17,1790848426918
bcf77b,29,1790848426918
75ef77,41,1790763826918
656075,30,1790763826918
fbf8d8,19,1790848426918
74fb38,59,1790763826918
4e3ce1,40,1790848426918
23102b,60,1790763826918
20ba0b,47,1790762926918
4eca8d,43,1790848426918
130251,39,1790763826918
687eec,42,1790848426918
9fb658,38,1790762926918
fd096a,44,1790848426918
3867a3,57,1790848426918
0fe350,39,1790848426918
271c2b,45,1790763826918
185268,59,1790763826918
c42d38,51,1790848426918
58f94a,35,1790763826918
7cf518,34,1790763826918
5a0c4e,51,1790762926918
ea32bb,36,1790848426918
5493fb,35,1790848426918
d312a6,39,1790848426918
edcbac,58,1790762926918
15df84,28,1790848426918
b605fb,34,1790763826918
8bc092,47,1790763826918
47cd0b,42,1790848426918
7eb1b6,48,1790763826918
0a8a84,36,1790848426918
98cffb,44,1790763826918
8058fe,40,1790848426918
d2c15f,32,1790763826918
72017b,32,1790763826918
161a1c,38,1790848426918
47c754,39,1790763826918
377a81,34,1790848426918
4d4a68,30,1790848426918
2aa480,53,1790762926918
3f60dd,23,1790763826918
d65702,15,1790763826918
9d977f,30,1790848426918
fe75d8,54,1790848426918
2dbf85,46,1790762926918
a45636,22,1790848426918
0dc82e,20,1790763826918
526e1f,43,1790848426918
6d1f95,46,1790848426918
82165c,17,1790763826918
d30c45,31,1790763826918
317d54,27,1790848426918
9286d8,38,1790762926918
c00cb6,16,1790848426918
654914,21,1790762926918
181c53,32,1790763826918
610aa8,27,1790848426918
1d7788,16,1790762926918
344f67,57,1790763826918
45be49,39,1790763826918
8f514c,36,1790763826918
ad417a,57,1790848426918
540108,17,1790763826918
a159d4,18,1790762926918
2bd9e3,40,1790762926918
8faee4,32,1790763826918
d58baa,20,1790848426918
18f580,27,1790848426918
1e35f1,15,1790763826918
054d13,48,1790763826918
ac97e0,54,1790848426918
374d14,16,1790763826918
9e16be,41,1790763826918
470b1f,44,1790763826918
e11c71,26,1790848426918
a9d801,20,1790763826918
970da9,37,1790848426918
b05b1e,53,1790763826918
e8c27f,24,1790848426918
89db80,24,1790763826918
7b120b,39,1790848426918
5eeddb,27,1790848426918
060c0a,27,1790848426918
705baf,47,1790763826918
b3d009,35,1790763826918
f4f5a6,45,1790762926918
2e58ea,20,1790763826918
050dff,32,1790848426918
d4d4b0,35,1790763826918
f226d8,16,1790762926918
40a2b9,54,1790848426918
cd1e9b,43,1790763826918
980dc3,18,1790763826918
a64184,27,1790762926918
26f18d,44,1790848426918
a006bc,54,1790763826918
e7e53a,20,1790763826918
bd39dc,19,1790848426918
c10eac,29,1790762926918
f6bf41,38,1790762926918
78f126,33,1790762926918
0e4ebe,37,1790848426918
a714aa,29,1790848426918
4d7b7e,28,1790762926918
d3e676,46,1790848426918
ac5908,43,1790763826918
580c25,18,1790848426918
e636a5,36,1790763826918
8b064b,34,1790763826918
c8c0af,54,1790763826918
4ee29d,49,1790762926918
b28084,51,1790762926918
7ce9a3,45,1790848426918
f3f00c,17,1790762926918
f1b7b7,57,1790848426918
3af21f,28,1790763826918
34ef55,40,1790762926918
4ee8bf,58,1790763826918
1b4e7d,55,1790762926918
76c88b,25,1790848426918
34d536,59,1790763826918
53b205,47,1790762926918
b7f42f,19,1790848426918
f43aed,39,1790762926918
372ab2,51,1790848426918
18366f,56,1790763826918
a8c7fb,33,1790848426918
ca024c,57,1790762926918
f4b259,58,1790762926918
de5fa1,55,1790763826918
524ab8,57,1790848426918
da0cd3,24,1790848426918
cb12cb,60,1790763826918
467183,22,1790848426918
c9ee36,52,1790763826918
30e75b,40,1790848426918
f1abaf,18,1790848426918
d46d07,41,1790763826918
9df99e,31,1790848426918
8df9c0,44,1790762926918
e3fbfa,38,1790762926918
be5f83,47,1790848426918
c5fc32,27,1790848426918
e1c2cd,42,1790762926918
cdb1a8,41,1790762926918
48e407,33,1790762926918
b6df2a,51,1790763826918
5f50c0,15,1790763826918
1ecbf1,47,1790762926918
c71c78,15,1790762926918
3a94b7,60,1790848426918
bba0c0,49,1790848426918
da7ec3,49,1790762926918
26e945,36,1790762926918
bc3377,31,1790762926918
1156e5,22,1790848426918
3b1a64,21,1790763826918
bc4b11,59,1790762926918
ee4aaf,24,1790763826918
3be651,46,1790762926918
1b71f0,51,1790848426918
e60205,57,1790763826918
bf3a44,40,1790763826918
0ad7ee,43,1790848426918
6dea29,16,1790848426918
2b065f,22,1790763826918
c853ab,36,1790848426918
76441e,23,1790763826918
cf2ab8,23,1790763826918
0c1dcd,54,1790762926918
8ae87f,17,1790848426918
215c1f,54,1790762926918
38fd26,27,1790763826918
0c9e4d,34,1790762926918
71f7b0,23,1790848426918
851350,40,1790762926918
5b4b78,56,1790848426918
b1a37c,41,1790763826918
5fd5b2,26,1790763826918
fe304d,18,1790848426918
ef8e57,20,1790762926918
77a17d,26,1790763826918
b2d43d,58,1790848426918
c9f799,21,1790848426918
4875b3,43,1790763826918
89e97f,21,1790848426918
323c8d,55,1790848426918
98bd68,60,1790762926918
6d55dc,21,1790762926918
064deb,36,1790763826918
871fb4,58,1790848426918
f6ec93,29,1790763826918
87c87e,21,1790762926918
73074b,26,1790763826918
52aa8e,56,1790762926918
c893e8,47,1790763826918
6736b1,18,1790763826918
aa994d,43,1790848426918
19443e,60,1790848426918
f52643,29,1790848426918
b1c893,54,1790763826918
9f639b,16,1790763826918
5bb1d6,30,1790763826918
b2ecf8,49,1790763826918
96c9e8,50,1790763826918
f36c1c,55,1790848426918
7eda8c,46,1790762926918
ce5c81,38,1790762926918
04c3e1,60,1790848426918
471b3b,31,1790848426918
a3cc16,36,1790848426918
85b1b0,16,1790763826918
ab9140,50,1790848426918
2bc1d8,45,1790763826918
20cd0a,59,1790848426918
6eb8a8,53,1790763826918
d8f4de,57,1790763826918
4549d3,56,1790762926918
14a425,47,1790763826918
fe1c31,27,1790848426918
378db5,56,1790848426918
bc342f,26,1790848426918
ace62a,33,1790763826918
af087d,37,1790762926918
17fd0f,31,1790848426918
19b4a9,41,1790848426918
a321af,28,1790762926918
656636,35,1790763826918
4184a6,28,1790763826918
220616,15,1790763826918
bcb1e6,57,1790763826918
1bcf64,56,1790762926918
23b013,26,1790762926918
f744b1,48,1790763826918
f795b0,21,1790763826918
24d3b4,43,1790763826918
e3b572,47,1790762926918
c00a56,36,1790848426918
7db35b,56,1790848426918
80a107,44,1790762926918
598972,60,1790848426918
1bcd3d,55,1790763826918
4a7112,54,1790763826918
71cdd3,39,1790848426918
8e157c,45,1790763826918
c8b63e,60,1790762926918
3c484b,15,1790763826918
81d8e0,51,1790762926918
6cdd1e,58,1790762926918
ef25c2,31,1790762926918
8296a5,30,1790762926918
e7f817,18,1790762926918
343e0a,60,1790848426918
70a052,21,1790848426918
93e023,50,1790763826918
227379,59,1790763826918
a9abfb,43,1790763826918
1a21df,35,1790763826918
15b6a3,27,1790762926918
30e86c,39,1790763826918
4db8e0,22,1790848426918
9f1980,32,1790848426918
6ec50e,49,1790848426918
5e838c,39,1790848426918
61b3d1,18,1790848426918
7543da,57,1790848426918
843eb5,33,1790762926918
d5ea45,43,1790848426918
2ba0c2,54,1790762926918
80a97a,31,1790848426918
e82819,19,1790762926918
d7bcb4,35,1790763826918
acb13a,15,1790762926918
bfea7d,45,1790848426918
5ac7ff,38,1790848426918
cf5bb7,49,1790762926918
35cde4,55,1790762926918
8b7b50,47,1790763826918
21859a,57,1790848426918
6affd0,24,1790762926918
83afe0,49,1790762926918
54e29c,38,1790763826918
72f909,36,1790763826918
27cab6,49,1790763826918
c4b58e,52,1790848426918
db5199,52,1790848426918
57c975,25,1790762926918
c6310c,24,1790762926918
9353e3,16,1790763826918
ee8c81,23,1790848426918
baaec7,48,1790763826918
17d238,49,1790848426918
154e8b,43,1790762926918
b78d1b,41,1790762926918
f72958,39,1790848426918
ed9405,56,1790848426918
260604,53,1790763826918
b05a95,26,1790762926918
d6cf0f,53,1790848426918
eb9b64,22,1790763826918
62e65d,46,1790763826918
9918a1,38,1790848426918
93d26c,18,1790763826918
d96369,18,1790763826918
cbf57a,56,1790848426918
beadf4,34,1790763826918
9887db,42,1790763826918
ac565e,29,1790763826918
e6694f,21,1790762926918
d09e80,60,1790762926918
aaff1b,26,1790762926918
23f456,56,1790848426918
70a03b,33,1790762926918
9771fb,47,1790763826918
beb8ee,60,1790763826918
bb9d7c,37,1790762926918
6d9399,33,1790762926918
1e6e43,60,1790848426918
62052f,56,1790763826918
1eacef,25,1790763826918
4c9bd1,58,1790763826918
1c1668,41,1790763826918
df29f2,58,1790763826918
2e2419,32,1790763826918
02fd5e,40,1790763826918
bd1128,27,1790848426918
c775d3,25,1790762926918
af6615,27,1790762926918
051733,44,1790762926918
d859b4,31,1790762926918
87d458,42,1790762926918
279293,26,1790848426918
08aae5,57,1790848426918
4c686a,59,1790848426918
c75808,19,1790848426918
caf809,55,1790763826918
2a9e0c,18,1790763826918
161cde,28,1790763826918
c22643,42,1790763826918
557d4c,46,1790763826918
e3867c,27,1790848426918
16382a,33,1790762926918
691d76,60,1790762926918
255610,19,1790848426918
b6a864,29,1790763826918
9e354c,33,1790848426918
ea3215,23,1790848426918
bbeff6,26,1790762926918
6c707a,43,1790848426918
062a28,57,1790762926918
830e2e,16,1790763826918
da72f2,44,1790848426918
c888e3,29,1790763826918
1f1ef2,25,1790762926918
31c5a2,20,1790848426918
69062b,43,1790848426918
9f61b1,41,1790763826918
33986f,60,1790762926918
b8beac,51,1790848426918
57d11c,45,1790762926918
b7a206,42,1790763826918
fcde00,33,1790848426918
986785,27,1790848426918
738d9b,26,1790762926918
db5b92,35,1790848426918
48b07c,21,1790848426918
659683,15,1790762926918
8809b9,49,1790762926918
7490ab,54,1790763826918
a76e05,17,1790763826918
0939b3,57,1790762926918
d1f6d2,46,1790848426918
2beb67,22,1790848426918
46fbbb,59,1790848426918
f6bcf1,29,1790763826918
7c6307,27,1790848426918
b2dbb3,24,1790848426918
e0e4c3,32,1790848426918
eb8441,56,1790762926918
0bd572,54,1790763826918
122616,43,1790763826918
db1fbf,59,1790763826918
d33b4a,28,1790848426918
79e2de,38,1790763826918
150970,41,1790763826918
e8069e,23,1790763826918
202d69,53,1790762926918
0b7de7,25,1790763826918
6b10eb,42,1790763826918
e21df2,48,1790848426918
18d700,41,1790848426918
606e71,28,1790848426918
8b75db,42,1790848426918
3004eb,55,1790848426918
454fb9,37,1790848426918
c5c451,28,1790848426918
333d09,43,1790763826918
f225b2,17,1790848426918
6ea8c1,23,1790763826918
7ba36d,60,1790763826918
852cf8,21,1790762926918
5415c1,15,1790848426918
1bbf01,43,1790762926918
5d2645,28,1790763826918
5e3933,37,1790762926918
3e5375,41,1790763826918
6ea4d1,38,1790762926918
fba255,39,1790848426918
3743cb,36,1790763826918
329c39,37,1790848426918
2123a2,23,1790763826918
3deabe,60,1790848426918
a30ffc,35,1790763826918
fb58d6,26,1790763826918
48f59b,59,1790848426918
3ecf81,31,1790848426918
b2cdec,20,1790848426918
6f3a16,31,1790763826918
02c0b2,20,1790848426918
11365a,47,1790848426918
61a442,53,1790848426918
8974dc,31,1790848426918
5bd4cc,52,1790763826918
c6c65e,25,1790848426918
f984a3,46,1790848426918
7f2f3d,17,1790848426918
013e4a,21,1790763826918
efe388,32,1790762926918
4fa8df,30,1790762926918
cd69ee,38,1790762926918
1568ef,24,1790848426918
165b27,27,1790763826918
1c1a5b,31,1790848426918
2188f8,22,1790762926918
2f4934,21,1790848426918
13274d,38,1790848426918
bfa08f,58,1790762926918
f4a0fb,31,1790763826918
0b7adf,43,1790848426918
e0760d,31,1790762926918
894a3c,26,1790848426918
8a0529,30,1790762926918
e5be22,19,1790763826918
84c523,18,1790763826918
1706e3,36,1790848426918
e069d7,51,1790762926918
7838e2,50,1790848426918
42d34f,52,1790762926918
c20375,32,1790762926918
be8cea,16,1790762926918
6adec9,54,1790848426918
017616,27,1790848426918
d6fd94,46,1790762926918
1d27d7,19,1790762926918
23624d,31,1790762926918
2cc1bc,25,1790763826918
2c8eaa,55,1790762926918
287781,15,1790848426918
8255ce,15,1790763826918
1a2000,17,1790763826918
e945b9,46,1790762926918
1e2562,52,1790762926918
3ef6a0,55,1790848426918
1e3832,58,1790848426918
403b83,47,1790848426918
72a596,39,1790762926918
b9ea11,26,1790763826918
67eac8,41,1790848426918
7b09ac,18,1790763826918
c4702d,45,1790848426918
cba568,55,1790763826918
966afe,15,1790848426918
67c922,57,1790763826918
730fad,44,1790762926918
40d3d8,51,1790763826918
9e9ca3,28,1790763826918
f7fb12,38,1790762926918
339886,56,1790848426918
e4e6f8,16,1790848426918
272912,53,1790763826918
783bb2,36,1790848426918
39f72c,42,1790848426918
179581,49,1790763826918
ea5579,38,1790848426918
f77aed,39,1790762926918
f0bf6d,17,1790762926918
28ab00,27,1790763826918
d1fc2f,38,1790763826918
2c73af,32,1790762926918
123efa,25,1790762926918
84f3e2,21,1790763826918
8e52e1,23,1790762926918
33a438,19,1790762926918
8d966c,54,1790763826918
bcf552,37,1790848426918
dc61cd,32,1790848426918
5d638b,29,1790763826918
2eead0,46,1790763826918
305a51,19,1790762926918
4e1601,31,1790848426918
d96f07,16,1790848426918
7cf102,24,1790763826918
cfa7c8,50,1790762926918
b8d558,27,1790848426918
c05938,54,1790762926918
41aaaf,56,1790762926918
d857dd,52,1790848426918
d7773c,18,1790762926918
b2b0e3,51,1790848426918
54a683,37,1790763826918
a6e0df,29,1790848426918
9bc02e,48,1790848426918
6749b7,57,1790763826918
5a49da,27,1790762926918
afa60d,31,1790848426918
4fcf8c,34,1790763826918
738f3c,35,1790763826918
62dad7,24,1790762926918
393130,48,1790762926918
bfc421,37,1790763826918
4b0397,34,1790763826918
088561,60,1790762926918
d447a7,56,1790763826918
4876dc,55,1790762926918
bcad69,46,1790848426918
d539a5,36,1790848426918
e0ff1f,45,1790763826918
898ff2,33,1790848426918
97c690,34,1790763826918
1df073,46,1790848426918
39cc22,21,1790762926918
5fc8d2,29,1790848426918
929ec5,33,1790762926918
cd8ee8,23,1790762926918
d41a9e,34,1790762926918
72a4b6,38,1790763826918
a6a571,40,1790848426918
e38a39,15,1790762926918
25b28c,20,1790762926918
c4d8fa,23,1790762926918
411627,58,1790763826918
c1f1c8,29,1790762926918
b01553,38,1790848426918
978d99,48,1790762926918
92c024,24,1790848426918
f503c4,51,1790848426918
eb3247,58,1790848426918
acfe01,48,1790762926918
0823ca,34,1790848426918
ff9e6d,48,1790762926918
2b17f2,59,1790848426918
549dc5,18,1790762926918
3f7d5e,15,1790762926918
0e4ef5,58,1790762926918
b5c77e,59,1790762926918
ac7ede,18,1790763826918
64afc3,48,1790848426918
2d3744,16,1790763826918
40ca72,44,1790762926918
93e802,43,1790848426918
781967,26,1790762926918
63b774,58,1790763826918
b41a1b,53,1790762926918
19c0a0,51,1790762926918
4b05e5,56,1790762926918
562e2a,50,1790762926918
c53152,47,1790763826918
592b05,40,1790762926918
014108,30,1790763826918
66a3de,37,1790762926918
45d8f0,46,1790763826918
bf97a7,54,1790763826918
e27272,20,1790762926918
061107,17,1790762926918
783cc7,24,1790762926918
0ebb43,35,1790762926918
e97835,34,1790848426918
9abf7c,29,1790848426918
ba765e,46,1790762926918
ba2f90,19,1790762926918
6858e9,28,1790762926918
f982cc,47,1790762926918
ccc92f,47,1790763826918
d2d1c9,44,1790763826918
bda1dc,40,1790848426918
e9feff,45,1790848426918
b75c1a,40,1790848426918
250f88,19,1790763826918
a41006,26,1790763826918
e2dcbf,15,1790762926918
5f477b,60,1790762926918
0f9ad5,45,1790762926918
07871b,43,1790848426918
389a9b,40,1790763826918
8a6504,24,1790848426918
d4424b,58,1790762926918
0a25dd,50,1790762926918
4a2ba3,15,1790848426918
7ba8f8,36,1790762926918
0e40ce,58,1790848426918
9b6fc2,48,1790848426918
a43351,52,1790762926918
86ccb4,17,1790848426918
a19c0c,60,1790848426918
94b8c3,30,1790763826918
f37122,50,1790762926918
97cf37,29,1790763826918
cdcfe6,35,1790762926918
6aab50,54,1790848426918
6cf5d0,48,1790762926918
536af7,24,1790762926918
1f36af,57,1790848426918
4bc557,18,1790763826918
8f5adf,53,1790763826918
1032d6,17,1790848426918
6251ac,35,1790763826918
0e6f95,24,1790763826918
d23e56,35,1790762926918
6322bd,38,1790763826918
b4e460,55,1790848426918
7216d3,43,1790848426918
ca789d,27,1790848426918
c63443,19,1790762926918
f4818c,42,1790762926918
5b5901,51,1790848426918
537099,46,1790848426918
1e4563,22,1790848426918
b15314,35,1790763826918
fb1fe9,31,1790763826918
fc0808,32,1790762926918
5dee4e,33,1790848426918
5acc4f,60,1790848426918
9c033b,45,1790762926918
7068fb,31,1790762926918
c4aa0f,16,1790848426918
8f3da7,26,1790763826918
61f7c6,47,1790848426918
0a3486,21,1790763826918
b56848,26,1790763826918
36820c,53,1790848426918
a9e906,15,1790848426918
07c91c,38,1790848426918
46faed,52,1790848426918
5e2b13,23,1790763826918
f010ad,26,1790762926918
5090a9,34,1790762926918
4f1fbf,40,1790848426918
6c3902,31,1790848426918
a54d73,37,1790848426918
bcc8a6,37,1790762926918
73f8ab,38,1790848426918
3fc078,30,1790848426918
a63615,45,1790848426918
169ab1,23,1790762926918
555674,51,1790762926918
fa99f0,42,1790762926918
2f0098,60,1790763826918
0131bf,56,1790763826918
975bb0,18,1790762926918
3c0ea6,42,1790763826918
bc26d0,34,1790763826918
eb9a2a,41,1790762926918
7a74b6,46,1790763826918
3ed729,21,1790763826918
9b0a1f,44,1790763826918
1aad72,34,1790762926918
e3702c,56,1790763826918
c5d58b,60,1790763826918
40ada8,35,1790848426918
9572c4,35,1790763826918
49fcf2,56,1790763826918
7232c4,38,1790848426918
52fb9d,22,1790848426918
e9aa3e,22,1790763826918
a0cff7,39,1790848426918
ea61ac,35,1790763826918
f54f7a,60,1790848426918
247269,53,1790762926918
5834e6,31,1790763826918
3b4986,49,1790762926918
1739ec,23,1790762926918
8792f3,21,1790848426918
50d62e,18,1790763826918
e20bf8,54,1790762926918
6b95e2,39,1790763826918
396d30,48,1790848426918
44f40c,38,1790762926918
0c118e,48,1790848426918
a89d9c,18,1790762926918
6a881f,57,1790763826918
1794ad,19,1790763826918
dc9724,26,1790762926918
eeed8a,29,1790848426918
9689a0,42,1790763826918
5274c7,42,1790762926918
386a48,41,1790763826918
9985ad,45,1790848426918
11c6b3,56,1790763826918
326096,54,1790763826918
6b5692,15,1790762926918
7c69c0,27,1790848426918
a321b6,38,1790848426918
a16dbc,55,1790763826918
c07d06,41,1790762926918
472918,55,1790763826918
22125c,39,1790763826918
575835,39,1790848426918
4fb2a3,54,1790762926918
513497,53,1790848426918
058c6e,28,1790848426918
6558e2,36,1790848426918
f75f87,46,1790762926918
8c5fcd,32,1790762926918
f1074e,16,1790763826918
cf5d6f,37,1790848426918
148f82,22,1790762926918
312065,31,1790848426918
d070c1,15,1790762926918
080aba,15,1790763826918
ed1847,38,1790848426918
19340d,32,1790763826918
16a90a,53,1790762926918
8ed464,51,1790848426918
2ca5e5,31,1790763826918
a07ded,15,1790763826918
f21e8f,27,1790848426918
920152,21,1790848426918
6891d5,29,1790763826918
d2584d,47,1790763826918
16b10d,36,1790762926918
97d789,53,1790763826918
82f47d,33,1790762926918
d86c40,58,1790848426918
fa1781,51,1790763826918
3b19a9,44,1790763826918
1163b2,16,1790763826918
ad2034,47,1790848426918
ca0eaa,51,1790762926918
9fdd3a,45,1790848426918
0f4085,21,1790762926918
726dd7,41,1790848426918
468b49,42,1790762926918
4fe666,26,1790762926918
2023c3,45,1790762926918
51b05f,29,1790848426918
e2a927,22,1790762926918
8e2d0c,54,1790848426918
b57edc,49,1790763826918
4ab0c6,47,1790762926918
0e6dad,51,1790762926918
ec02ee,44,1790763826918
8015f8,36,1790848426918
9aa946,38,1790848426918
cf97f2,19,1790762926918
01c2cc,33,1790848426918
3e757a,17,1790848426918
28dacf,16,1790763826918
13e4fe,30,1790762926918
089a34,28,1790848426918
6afaaa,36,1790762926918
9bb287,53,1790763826918
0d2af8,32,1790848426918
97abb5,58,1790848426918
9558fc,44,1790763826918
063346,38,1790763826918
166fa8,40,1790763826918
f202aa,35,1790762926918
dc2905,31,1790762926918
350fdf,26,1790848426918
39c8e7,51,1790848426918
52dd5a,45,1790848426918
54b795,43,1790848426918
bb9e68,24,1790763826918
69743d,18,1790848426918
1dbc2d,31,1790762926918
0edd26,34,1790763826918
cc0996,17,1790763826918
8c18fb,26,1790848426918
e938bb,50,1790763826918
a120d8,40,1790848426918
2ae2b5,21,1790762926918
6ff110,38,1790763826918
6a28fd,53,1790762926918
ccc8c2,49,1790762926918
b44f96,51,1790848426918
becd7e,34,1790848426918
e0c39d,20,1790762926918
392c18,28,1790848426918
9f382c,51,1790848426918
9b38dc,40,1790763826918
254d2b,33,1790762926918
62d0ed,45,1790848426918
d2c40d,26,1790762926918
ea2ece,38,1790763826918
429cb7,24,1790762926918
00ff6f,60,1790763826918
9adf6f,50,1790848426918
400e5f,24,1790763826918
cc65bf,42,1790848426918
bc412b,33,1790763826918
0ce75e,50,1790762926918
b418a7,36,1790762926918
357e2f,33,1790848426918
ac1921,16,1790848426918
86f11b,42,1790848426918
488288,39,1790763826918
a13f92,21,1790762926918
5fbfee,23,1790762926918
4ae411,54,1790763826918
2f0b18,50,1790848426918
0030c1,52,1790848426918
b9ca14,26,1790763826918
42236b,58,1790848426918
2bcb57,43,1790763826918
50792d,49,1790763826918
58d937,42,1790762926918
95c88c,41,1790848426918
1246f9,16,1790848426918
8b2a6b,44,1790848426918
597e42,17,1790848426918
fe1eb9,39,1790762926918
c9e10d,42,1790763826918
29e385,48,1790762926918
b05553,34,1790762926918
84c013,35,1790848426918
76d531,41,1790762926918
74efae,52,1790763826918
a5fd01,60,1790763826918
5962d6,41,1790762926918
cf5076,36,1790762926918
7e1f02,50,1790762926918
f51cf9,57,1790763826918
984024,32,1790763826918
1abdc9,21,1790848426918
b6289a,24,1790763826918
09198f,60,1790762926918
bad130,34,1790763826918
d7d220,19,1790762926918
1d967a,15,1790762926918
67587f,42,1790762926918
5270d5,19,1790848426918
00f82f,27,1790848426918
d8548b,44,1790848426918
0b0d48,57,1790762926918
d4fc16,49,1790848426918
edc861,47,1790763826918
51a11a,24,1790848426918
c884c8,44,1790762926918
bf9114,15,1790848426918
af7e40,56,1790762926918
64e559,43,1790763826918
2d6b5b,49,1790848426918
53b373,49,1790762926918
feb833,22,1790848426918
960c4e,40,1790848426918
1efcec,58,1790762926918
c54ea9,18,1790762926918
fd1399,48,1790763826918
aab21c,42,1790763826918
ac27f1,59,1790762926918
18a6a5,51,1790762926918
14f8ec,34,1790762926918
c32239,21,1790763826918
1633ee,19,1790763826918
2dcc9e,28,1790763826918
9aef97,31,1790762926918
e01926,39,1790762926918
43543e,53,1790762926918
b2164a,36,1790848426918
cf6474,50,1790762926918
0bd625,59,1790848426918
8c9aea,24,1790763826918
0359ab,58,1790848426918
4d48fd,25,1790762926918
c7c7aa,47,1790762926918
a56267,34,1790763826918
4a0534,58,1790848426918
b82530,51,1790848426918
4c64f8,27,1790763826918
30d777,42,1790848426918
031d26,38,1790762926918
787fd4,30,1790763826918
6db323,28,1790848426918
32c1e2,27,1790763826918
dcc7c6,24,1790763826918
1974d3,44,1790762926918
38624d,23,1790848426918
71e068,46,1790763826918
e6df02,33,1790848426918
2ce322,15,1790763826918
413bd3,16,1790762926918
e06c8a,46,1790763826918
d25c80,26,1790763826918
d6eccc,17,1790763826918
6db03f,51,1790763826918
fed6ce,31,1790848426918
f49ce4,40,1790848426918
5b180e,35,1790763826918
24757b,37,1790762926918
aa9d05,55,1790762926918
93941a,25,1790848426918
834910,19,1790848426918
40bfa3,60,1790848426918
75321e,49,1790763826918
5f3ecf,22,1790763826918
67deb7,16,1790762926918
338b61,20,1790763826918
817020,35,1790763826918
e2d6a5,35,1790762926918
20f268,43,1790848426918
a0cd18,36,1790762926918
80a754,51,1790763826918
adefbd,45,1790763826918
cd0c2f,37,1790762926918
0496f8,32,1790848426918
36fb48,43,1790762926918
f9dbb2,28,1790848426918
d86d81,25,1790763826918
70bae5,29,1790763826918
32a574,29,1790763826918
e5e478,43,1790762926918
d9e994,21,1790763826918
0abbe5,19,1790762926918
6574f4,34,1790762926918
57dca1,44,1790763826918
91ee56,29,1790762926918
f93aed,56,1790848426918
17434b,59,1790763826918
d24aec,48,1790763826918
8402c8,50,1790848426918
b2b1a6,46,1790848426918
a98437,45,1790762926918
334ebf,18,1790763826918
1299c0,31,1790848426918
cdd144,15,1790763826918
63d46c,57,1790848426918
c538e0,60,1790762926918
097481,48,1790848426918
982c61,29,1790763826918
4273d6,21,1790762926918
9e83e6,50,1790763826918
3e87cc,35,1790762926918
87a938,35,1790848426918
de4096,45,1790763826918
9f1133,27,1790763826918
4bde9f,60,1790762926918
2b0a2f,22,1790848426918
185b37,23,1790848426918
6ea7f5,16,1790848426918
3c11d6,33,1790762926918
2a15d6,50,1790762926918
751b02,50,1790762926918
940873,50,1790848426918
b6edc8,48,1790848426918
4e4b92,46,1790848426918
251a3e,20,1790763826918
2ca1c0,24,1790763826918
97db27,43,1790763826918
2259aa,52,1790848426918
ef1639,57,1790848426918
cf7fb7,43,1790763826918
529168,28,1790762926918
82b3bd,57,1790848426918
22b757,20,1790763826918
fafd81,48,1790848426918
63119e,47,1790763826918
2abe6b,23,1790848426918
ce877d,35,1790848426918
2be03f,41,1790763826918
1a02fe,22,1790848426918
ac20e4,56,1790763826918
2c6431,35,1790762926918
6a058b,58,1790848426918
b62a01,21,1790763826918
b055f9,15,1790762926918
ce11c4,39,1790763826918
a53b72,31,1790762926918
c7e4c3,60,1790762926918
c12c00,43,1790763826918
922c97,24,1790763826918
ee70ea,24,1790848426918
a12731,54,1790762926918
731510,30,1790762926918
9b6a58,26,1790762926918
326e89,56,1790762926918
421019,29,1790763826918
09d851,24,1790762926918
9ce285,44,1790762926918
9b66e4,21,1790848426918
844409,21,1790762926918
390f4f,54,1790763826918
ef6f26,47,1790848426918
37ec54,45,1790762926918
e03561,29,1790848426918
d602bd,42,1790763826918
8c3ab9,59,1790848426918
0db823,51,1790848426918
785b45,44,1790762926918
b19f52,37,1790762926918
1dbc8c,58,1790762926918
a73961,26,1790763826918
76823e,54,1790763826918
004319,18,1790763826918
4adf34,19,1790848426918
a4b9e3,44,1790762926918
662478,22,1790763826918
021287,52,1790762926918
07e967,21,1790762926918
0678f9,19,1790763826918
1af9e1,38,1790762926918
535f8f,36,1790763826918
2847cb,38,1790763826918
4aaca2,53,1790763826918
7a94e7,48,1790763826918
f2376e,54,1790763826918
dbcf8c,58,1790763826918
145b4d,15,1790848426918
1c21d4,21,1790763826918
257747,31,1790848426918
914752,34,1790848426918
b5d9fb,39,1790762926918
1e95a8,42,1790848426918
bb7716,44,1790763826918
69c689,39,1790848426918
485635,36,1790762926918
d5f570,21,1790848426918
f341f5,42,1790848426918
8a749f,50,1790762926918
a0c61d,41,1790763826918
8f42cf,44,1790848426918
c35047,27,1790848426918
1b587f,33,1790762926918
c3058c,33,1790848426918
adb55a,46,1790762926918
8f1014,32,1790762926918
17ad00,27,1790762926918
7ae1cb,37,1790762926918
eb1ed2,26,1790848426918
342ec0,33,1790763826918
5925cc,39,1790763826918
ae295c,20,1790848426918
7891d5,39,1790763826918
f9ee2f,29,1790762926918
36a7f9,31,1790763826918
f78e77,56,1790762926918
91b0b9,16,1790763826918
00049d,31,1790848426918
6e73f3,22,1790763826918
3d8882,16,1790762926918
c246ef,24,1790848426918
a08bb8,53,1790848426918
c1c650,54,1790763826918
b8a13c,30,1790763826918
89fd89,48,1790763826918
73a78e,23,1790848426918
75dfbc,18,1790848426918
d8dce9,41,1790762926918
1e7533,57,1790848426918
d323e4,32,1790762926918
728d62,33,1790848426918
711f8a,28,1790762926918
8b4334,48,1790763826918
b781a7,51,1790848426918
2dde61,60,1790763826918
999fbf,47,1790763826918
b369e8,27,1790763826918
32c5fd,46,1790763826918
20d293,47,1790762926918
60db96,24,1790762926918
626b27,55,1790848426918
f3be46,40,1790763826918
2b9af5,42,1790848426918
0490b3,42,1790848426918
599248,43,1790762926918
29efb1,32,1790762926918
ffc7fc,28,1790848426918
5589a8,20,1790763826918
5a04f5,27,1790762926918
c1fa6a,26,1790763826918
2151a0,21,1790762926918
4223e7,60,1790762926918
904933,20,1790763826918
d7f9d3,49,1790763826918
2e5907,50,1790848426918
32c644,46,1790763826918
260e81,21,1790762926918
41eddc,21,1790848426918
ff794c,57,1790763826918
8b74ad,57,1790762926918
4b1833,26,1790763826918
fda726,15,1790763826918
2c7c8d,19,1790763826918
c00d5a,31,1790762926918
4b9679,15,1790762926918
847775,23,1790763826918
de64af,26,1790762926918
31f359,41,1790762926918
316954,43,1790848426918
564b5a,28,1790763826918
5d485a,33,1790762926918
33ba11,20,1790762926918
3865ac,24,1790762926918
a231a5,60,1790763826918
e2283d,60,1790763826918
ad8103,58,1790763826918
99d556,35,1790763826918
252d30,37,1790762926918
c68ce7,31,1790848426918
1bb749,43,1790848426918
8e4b55,18,1790762926918
a05e8a,47,1790848426918
f369ca,44,1790763826918
e07112,39,1790762926918
c0809d,31,1790763826918
fc019f,36,1790848426918
4ffb58,54,1790848426918
b30cb5,22,1790762926918
c99d8f,52,1790762926918
e6e0a4,45,1790848426918
59cb43,35,1790848426918
ae8b1f,40,1790848426918
bf0a5d,28,1790762926918
beea75,54,1790848426918
0e6789,35,1790763826918
e27294,56,1790762926918
eef0af,47,1790763826918
aed502,17,1790762926918
a5c7a8,59,1790848426918
e9dd0c,47,1790763826918
805dd6,24,1790848426918
8e7f47,29,1790763826918
c97687,20,1790763826918
7da717,27,1790762926918
59c4a2,20,1790762926918
ce3eb3,15,1790763826918
1fe006,44,1790848426918
d22f88,37,1790763826918
b0316b,35,1790848426918
c58a41,38,1790763826918
fee285,38,1790763826918
87e115,30,1790848426918
6f2568,18,1790848426918
a557ff,53,1790848426918
585397,48,1790763826918
768f7f,22,1790762926918
2646f3,19,1790848426918
a449cc,58,1790762926918
068834,46,1790762926918
4cbe0e,20,1790762926918
4dac0a,50,1790848426918
6d32c4,33,1790763826918
3b0275,54,1790763826918
c91cdb,19,1790848426918
959ee8,16,1790763826918
1f36bf,19,1790762926918
ae83c0,26,1790762926918
798b5f,18,1790762926918
89013c,18,1790848426918
f158c9,25,1790762926918
9de6ff,15,1790763826918
64edd5,37,1790762926918
2317c7,38,1790762926918
45eec4,49,1790762926918
5016e1,18,1790848426918
224321,49,1790762926918
0d71e9,51,1790763826918
3ce85f,25,1790762926918
4882da,58,1790848426918
2639cc,32,1790848426918
793798,22,1790762926918
56a5d9,22,1790762926918
a0a981,31,1790762926918
76a191,55,1790762926918
d25b7b,15,1790762926918
49ba6b,23,1790763826918
d819f4,35,1790763826918
f3c12c,60,1790848426918
84ba1a,19,1790763826918
813e5b,25,1790762926918
708fde,17,1790763826918
5ad788,56,1790848426918
4c4488,33,1790762926918
660c67,43,1790763826918
3f85c7,59,1790762926918
aee4c7,24,1790848426918
3af008,31,1790848426918
d79a79,16,1790848426918
98cff0,42,1790762926918
2cc504,48,1790762926918
144ae8,58,1790762926918
51e00b,56,1790848426918
b70f91,56,1790848426918
af63df,33,1790848426918
ee62c6,42,1790762926918
67c1e1,34,1790762926918
7777d1,38,1790763826918
ef211c,50,1790762926918
b67c52,57,1790848426918
2a5a1e,59,1790848426918
c137ee,21,1790848426918
89b527,21,1790848426918
113ca7,38,1790762926918
54a67c,37,1790762926918
8ffa26,51,1790848426918
ec3ce3,53,1790762926918
17e762,30,1790763826918
c3f4fe,34,1790848426918
932993,45,1790763826918
0c7800,28,1790762926918
6e14e1,49,1790763826918
ce7470,51,1790762926918
b168bd,51,1790762926918
93e4be,35,1790763826918
6b5c3b,48,1790763826918
a3a86a,30,1790763826918
dc5c54,36,1790848426918
92cd51,44,1790848426918
98cfcf,42,1790763826918
2ca4cb,47,1790762926918
18d693,34,1790762926918
6fde3d,21,1790762926918
f3778f,16,1790763826918
eb6f66,52,1790848426918
fe2bdb,18,1790848426918
2b818e,55,1790762926918
b0ac7a,24,1790848426918
d0e303,45,1790762926918
264d6a,52,1790848426918
df0e36,19,1790762926918
18d19d,47,1790762926918
913ac9,57,1790763826918
d93cc0,38,1790762926918
299a0c,21,1790848426918
460d12,16,1790762926918
75d220,21,1790848426918
a0460f,40,1790762926918
4c2e20,54,1790762926918
0c4bf0,58,1790762926918
8c2a2a,20,1790848426918
d1fc6c,56,1790763826918
bcfa57,27,1790848426918
59402e,55,1790848426918
f659e6,55,1790848426918
bac29a,32,1790848426918
743fa6,39,1790763826918
fa7197,18,1790848426918
dfd61b,57,1790762926918
e5a6b2,30,1790762926918
7e3e4a,23,1790762926918
99d95b,42,1790848426918
2ff754,17,1790763826918
fb1a4b,31,1790763826918
f54c7a,48,1790762926918
be5d0b,54,1790763826918
9117e1,35,1790762926918
8aeead,55,1790848426918
42da2d,55,1790848426918
1d878c,28,1790848426918
f46dee,44,1790848426918
8c743d,46,1790763826918
ff9813,45,1790762926918
aef89c,24,1790848426918
2b1422,31,1790848426918
fc72d6,28,1790762926918
3efdcc,17,1790763826918
9406a0,29,1790762926918
111400,52,1790763826918
20d500,48,1790762926918
55587e,60,1790762926918
77c8fd,55,1790763826918
7a173c,52,1790848426918
34ca71,20,1790848426918
004018,34,1790762926918
5f99ea,56,1790848426918
4b7e13,17,1790763826918
b1194d,16,1790762926918
3c630f,41,1790762926918
607a71,15,1790763826918
25e61c,47,1790848426918
36e464,28,1790763826918
451754,20,1790848426918
9c6756,38,1790762926918
59978e,37,1790763826918
f0b3fd,54,1790762926918
1e66ec,45,1790848426918
bc85f8,25,1790762926918
f85540,36,1790848426918
716275,49,1790763826918
e819c2,30,1790762926918
9c8a55,18,1790848426918
981af1,30,1790762926918
879275,38,1790763826918
ece734,46,1790762926918
39fc94,47,1790763826918
bba208,36,1790762926918
dcad28,51,1790762926918
e8b511,34,1790848426918
d905f4,27,1790763826918
8ca050,33,1790762926918
fc3d8f,57,1790763826918
a4e375,18,1790763826918
004149,46,1790763826918
dd9afd,53,1790763826918
f23161,60,1790848426918
88af99,41,1790848426918
b59d48,23,1790763826918
8ce9b2,24,1790848426918
8a081b,15,1790762926918
772f2d,37,1790763826918
67afaa,52,1790763826918
61038a,15,1790848426918
55b2cf,34,1790762926918
2c89ad,56,1790762926918
bd5d7f,38,1790763826918
1c230d,54,1790763826918
df25d5,59,1790762926918
a159d7,59,1790763826918
6d12ca,48,1790848426918
4cb7af,51,1790848426918
aefa1d,40,1790762926918
4d1303,56,1790848426918
02ab33,55,1790763826918
33aba8,41,1790848426918
e3fac6,35,1790762926918
57b079,30,1790762926918
ced883,52,1790763826918
c3d11d,45,1790763826918
950d1c,49,1790762926918
4ff58c,42,1790763826918
df1f1b,60,1790762926918
eedb5f,16,1790762926918
613f3e,23,1790762926918
071bb7,46,1790848426918
58c696,53,1790848426918
d5620d,47,1790763826918
de6cca,26,1790762926918
5236e1,28,1790762926918
d702bd,57,1790763826918
6f37a3,52,1790763826918
590985,25,1790763826918
8e082c,20,1790763826918
3a9301,22,1790763826918
38a8c5,58,1790762926918
860017,23,1790763826918
fdd093,52,1790848426918
4813f1,49,1790848426918
512a94,51,1790762926918
b99302,43,1790762926918
08d11d,59,1790762926918
3f1b60,39,1790763826918
333259,60,1790763826918
403513,36,1790848426918
d0ffd7,56,1790763826918
cfff19,47,1790762926918
b1f62a,40,1790848426918
1ea469,40,1790848426918
f2d6ec,37,1790848426918
ee1be4,59,1790762926918
0ed19b,31,1790763826918
f32ba8,52,1790762926918
b7de13,40,1790762926918
091b12,44,1790763826918
41b855,56,1790763826918
cd4fd4,55,1790762926918
3afa20,25,1790762926918
6c0d18,38,1790763826918
f59c5f,59,1790763826918
999314,57,1790763826918
99f67b,31,1790762926918
9a9cb5,60,1790848426918
60c0f5,26,1790763826918
3da590,15,1790848426918
adbeee,58,1790848426918
2209cd,26,1790762926918
1a09b1,30,1790762926918
5f04b7,40,1790848426918
4890b1,23,1790763826918
35fb4f,19,1790763826918
326a21,22,1790848426918
c222a5,43,1790848426918
d2892c,55,1790848426918
969321,32,1790848426918
944829,55,1790762926918
e4d36a,17,1790848426918
9f799d,56,1790763826918
15bcd3,35,1790762926918
7ecb53,57,1790763826918
781551,35,1790762926918
f4ba7e,15,1790848426918
dc0068,37,1790848426918
dc2448,31,1790763826918
f61089,20,1790763826918
562131,27,1790763826918
b6c8e4,44,1790762926918
33a428,45,1790763826918
b5c082,45,1790848426918
c9870a,45,1790848426918
acb1b4,55,1790763826918
e32ffa,41,1790763826918
232b22,42,1790762926918
c450f2,24,1790848426918
ebf95f,27,1790848426918
a85bf3,50,1790763826918
b6e0a8,36,1790763826918
cd42a2,34,1790763826918
8e964e,42,1790848426918
f76284,58,1790763826918
a88016,31,1790763826918
09cee8,57,1790763826918
144700,39,1790762926918
44d6f0,16,1790762926918
997d13,58,1790762926918
f81253,48,1790763826918
eaf794,26,1790763826918
b4356f,44,1790848426918
03a416,32,1790848426918
ec536f,30,1790848426918
1a41cd,25,1790762926918
254da4,20,1790848426918
8750f5,20,1790763826918
878056,34,1790763826918
ec2e46,18,1790848426918
0788d9,43,1790762926918
b9f4ce,27,1790848426918
25f944,42,1790762926918
b55b24,27,1790763826918
9adbc9,29,1790762926918
bc3ff4,20,1790763826918
fc6362,25,1790762926918
52b309,53,1790762926918
86afd5,52,1790763826918
7c4b3e,21,1790763826918
910fc5,35,1790762926918
6c50a9,17,1790762926918
f2f560,39,1790848426918
bfe065,30,1790762926918
ae26ce,57,1790762926918
d7a400,20,1790848426918
591504,18,1790763826918
5b5216,59,1790763826918
30096c,18,1790762926918
7c7104,55,1790762926918
6db24e,52,1790848426918
05e7f0,27,1790763826918
79f14b,23,1790848426918
cd9101,20,1790763826918
6eeb30,47,1790848426918
3005b2,59,1790848426918
22644f,55,1790762926918
2c1fd6,38,1790848426918
f3e1a0,36,1790848426918
714fe6,57,1790762926918
70b827,15,1790762926918
b2452e,40,1790762926918
130493,49,1790848426918
2d3588,23,1790848426918
307c81,33,1790763826918
2b50c7,17,1790762926918
ca169a,29,1790848426918
36d743,45,1790762926918
51e973,18,1790763826918
1a638b,33,1790848426918
424d63,36,1790763826918
a31088,25,1790763826918
0888ca,39,1790762926918
be269b,43,1790763826918
4af66c,39,1790763826918
0425fa,18,1790763826918
29c605,43,1790762926918
8ff90d,60,1790763826918
ca27f8,32,1790763826918
d8f8b2,52,1790763826918
926a29,23,1790763826918
ac1556,59,1790763826918
a62b51,50,1790762926918
91313d,60,1790848426918
6fa746,45,1790848426918
e943e5,18,1790763826918
606aa3,30,1790762926918
8c3d35,57,1790762926918
bc8896,22,1790762926918
49ff0d,53,1790762926918
71d469,40,1790848426918
c88b0d,37,1790762926918
aba462,58,1790763826918
81ca8d,56,1790763826918
c9c437,21,1790848426918
aa5dcd,19,1790848426918
607d36,48,1790762926918
327bb6,41,1790762926918
be37d1,41,1790762926918
395866,47,1790848426918
7cca58,20,1790763826918
d81242,52,1790763826918
2b7d0a,23,1790763826918
f41db9,46,1790763826918
3de096,44,1790763826918
cd1331,30,1790763826918
b8cb27,26,1790848426918
b446cd,53,1790848426918
49d7eb,46,1790763826918
8affa5,54,1790763826918
a6ef7a,16,1790762926918
93ba84,55,1790762926918
265280,41,1790763826918
e77aaf,45,1790848426918
27faf7,49,1790763826918
42fe48,33,1790763826918
add833,60,1790762926918
2b0972,44,1790762926918
769840,46,1790762926918
7228d1,30,1790763826918
463fb3,51,1790762926918
c562e8,25,1790848426918
a44c1b,21,1790762926918
9bd5d8,18,1790848426918
f8d090,16,1790848426918
89cfb3,24,1790762926918
67f36c,40,1790848426918
18c3b7,32,1790762926918
8ebfa7,50,1790762926918
28ce20,18,1790763826918
fd09ad,48,1790848426918
926c0a,54,1790762926918
1abbf8,34,1790848426918
14d920,29,1790763826918
cab055,55,1790762926918
e5585a,25,1790848426918
108d16,36,1790763826918
e7806b,47,1790763826918
f6d60b,33,1790763826918
2234be,48,1790762926918
de1972,16,1790848426918
1828c6,17,1790762926918
56e427,60,1790848426918
d23df0,50,1790762926918
f8e672,39,1790848426918
f3f912,23,1790762926918
ab2baa,48,1790763826918
aa9c98,49,1790762926918
d0499e,47,1790762926918
7f21ed,34,1790848426918
b5c198,39,1790848426918
cc3574,27,1790763826918
701d46,26,1790762926918
979394,39,1790762926918
de40dd,60,1790848426918
180bca,18,1790762926918
c7e396,48,1790762926918
e2a2dd,51,1790848426918
7d585e,33,1790762926918
76f42b,24,1790762926918
16d242,31,1790763826918
dec258,45,1790762926918
d901b9,55,1790848426918
342729,25,1790848426918
4c6b7e,30,1790848426918
53f081,44,1790762926918
4cdf2e,42,1790762926918
0554de,44,1790762926918
46fef2,31,1790848426918
8318b2,38,1790762926918
d29dd5,40,1790763826918
6cc532,43,1790762926918
866573,18,1790848426918
1e411f,42,1790763826918
defb4e,34,1790763826918
0325b9,45,1790763826918
a0c1f6,40,1790763826918
f39a78,40,1790848426918
4f0735,31,1790763826918
293a2c,60,1790763826918
216f70,34,1790848426918
93ce9e,54,1790848426918
5f8ab0,29,1790763826918
a3a9ed,44,1790762926918
4f7733,51,1790848426918
45bf15,26,1790848426918
21e6ec,54,1790762926918
571300,36,1790763826918
6617fe,36,1790762926918
f6de2a,54,1790762926918
ddfa62,58,1790763826918
6a2d0a,40,1790763826918
18c3e9,54,1790848426918
ecb712,39,1790848426918
23f950,38,1790763826918
d4d5a3,56,1790763826918
9a7982,39,1790848426918
1ec173,22,1790763826918
a4591c,28,1790763826918
2f3306,50,1790762926918
888c31,44,1790763826918
74d6ad,46,1790848426918
cd4dd9,50,1790762926918
19562c,41,1790762926918
46fdaf,41,1790762926918
2b6fdb,17,1790763826918
ac557c,59,1790848426918
3b9046,38,1790848426918
4e9e5c,43,1790763826918
6087de,59,1790848426918
5ec080,28,1790848426918
3b9311,28,1790848426918
4f6938,50,1790762926918
0641b1,49,1790848426918
4dd4ea,49,1790848426918
12ee4b,50,1790763826918
03dbce,58,1790848426918
8edf44,22,1790762926918
72aff8,25,1790848426918
5f94d6,32,1790762926918
da40e2,45,1790763826918
05a938,48,1790762926918
ece32d,24,1790763826918
c7fe6c,51,1790763826918
b72db4,46,1790848426918
ff1fc4,35,1790762926918
784bc1,39,1790763826918
a7196a,53,1790848426918
e02730,24,1790763826918
f6f3b5,39,1790848426918
031c1a,31,1790848426918
b6ffe4,32,1790848426918
51402a,39,1790762926918
1464cf,37,1790848426918
c0b00b,37,1790763826918
5abb7b,21,1790848426918
069784,41,1790762926918
66e020,29,1790762926918
2a26b9,41,1790763826918
cf2367,54,1790848426918
390ee2,17,1790762926918
627756,17,1790763826918
b4e7ae,30,1790763826918
783180,60,1790763826918
1f3c76,40,1790848426918
69786d,41,1790763826918
1cf1a9,57,1790763826918
fc2d79,33,1790848426918
039c89,19,1790848426918
c2c7b8,51,1790763826918
b9289e,19,1790763826918
4e4928,27,1790848426918
287671,57,1790848426918
d9f663,38,1790762926918
5b2dfd,21,1790763826918
e38370,41,1790762926918
bfb877,47,1790763826918
04d236,25,1790848426918
82c9c8,17,1790848426918
2cc5b8,38,1790762926918
d9fbd2,55,1790763826918
c7699d,57,1790762926918
141f4e,48,1790763826918
71bc54,33,1790762926918
5dd5de,17,1790848426918
4126be,21,1790762926918
3a10b7,33,1790762926918
a14282,58,1790763826918
b9353b,55,1790763826918
131539,59,1790762926918
dbd21d,41,1790763826918
68d62a,59,1790763826918
04f82e,43,1790848426918
1013f8,18,1790848426918
baead4,44,1790762926918
5e5a59,29,1790848426918
e7fc36,56,1790762926918
d90923,29,1790848426918
a0183b,53,1790762926918
04480a,60,1790848426918
9effff,34,1790848426918
331bfa,59,1790762926918
4b89ea,30,1790848426918
c992f2,38,1790762926918
8be05b,17,1790762926918
638e92,17,1790763826918
bfe448,25,1790762926918
14deb0,37,1790848426918
065744,57,1790848426918
a76190,42,1790763826918
c29ccb,56,1790848426918
0d1388,18,1790763826918
892758,27,1790848426918
0690e0,19,1790848426918
325ed0,47,1790763826918
5f9d91,24,1790762926918
a0db4c,31,1790762926918
38abe4,17,1790762926918
24d632,15,1790848426918
50fdf4,55,1790848426918
f52f4d,17,1790763826918
54f34c,43,1790848426918
18a39f,23,1790763826918
5a5b49,41,1790762926918
eff438,34,1790848426918
ef1dc1,22,1790848426918
506bfe,44,1790762926918
12d765,38,1790763826918
aa0f1f,47,1790848426918
dc70a2,39,1790848426918
f6f902,22,1790763826918
23d2a3,20,1790762926918
d1a18d,37,1790848426918
5f50be,31,1790762926918
51577f,15,1790762926918
df86a0,56,1790763826918
66a16f,39,1790848426918
b27b0d,45,1790763826918
03d3a1,16,1790763826918
b926f9,17,1790762926918
26686a,34,1790762926918
313954,20,1790763826918
8e2237,18,1790763826918
b07055,48,1790762926918
33011c,58,1790762926918
de1b66,16,1790762926918
98f419,58,1790762926918
27b631,18,1790848426918
1d7138,55,1790762926918
9174ba,17,1790848426918
acb6be,45,1790848426918
36354b,38,1790848426918
b43924,57,1790763826918
9f8b88,57,1790848426918
e9e91a,31,1790848426918
ec9aaa,33,1790763826918
b995af,58,1790762926918
44c391,32,1790762926918
c52d09,35,1790762926918
9ee471,17,1790762926918
365f18,20,1790848426918
a4c7b6,53,1790762926918
572355,56,1790848426918
0d36f7,31,1790763826918
1f7e26,55,1790848426918
1d128c,16,1790848426918
46745b,27,1790848426918
cffc9a,42,1790762926918
cefdfb,33,1790848426918
1a07d7,35,1790763826918
2f3476,52,1790848426918
13b168,45,1790848426918
38fbf3,24,1790763826918
6edaab,44,1790762926918
b62627,54,1790763826918
10f53f,38,1790848426918
a7da5d,19,1790763826918
eceb98,30,1790763826918
e8c029,44,1790763826918
d3325a,54,1790763826918
dcb778,26,1790848426918
0053f7,22,1790762926918
0a03d0,31,1790848426918
1dda70,59,1790763826918
49199d,32,1790848426918
e7e4b8,56,1790763826918
582fc8,32,1790848426918
f5f567,42,1790763826918
6174a9,36,1790763826918
99216a,55,1790848426918
9f15de,57,1790763826918
2d3599,46,1790762926918
4c50af,39,1790763826918
7aeb8a,18,1790762926918
9676c9,56,1790848426918
5b542d,24,1790848426918
8808d7,16,1790848426918
de1320,48,1790762926918
502c93,42,1790763826918
d5d641,40,1790848426918
0f554c,15,1790762926918
789516,16,1790762926918
a1af53,60,1790762926918
775268,27,1790763826918
45a180,58,1790848426918
2eb7e9,55,1790848426918
bdcf6c,49,1790762926918
fd1949,24,1790848426918
446d8c,34,1790762926918
756755,54,1790848426918
351348,30,1790763826918
149362,53,1790762926918
939295,35,1790848426918
898b10,57,1790762926918
9263c3,49,1790848426918
500c18,60,1790848426918
461ff6,58,1790762926918
6fe417,26,1790763826918
539e5a,51,1790848426918
450cc4,44,1790763826918
6c59c2,16,1790762926918
b9c6a4,58,1790848426918
6eba06,38,1790763826918
25616b,41,1790762926918
e24da8,42,1790763826918
3bb0d8,55,1790763826918
a8012c,51,1790848426918
80ab2b,19,1790848426918
42e7af,48,1790848426918
2de9e3,50,1790762926918
6fd77d,59,1790762926918
9809be,23,1790762926918
de6301,24,1790848426918
a14e5e,35,1790762926918
f3375b,15,1790762926918
4ec6ab,58,1790848426918
56f0e3,36,1790762926918
223c3c,41,1790763826918
3e2c17,24,1790762926918
1b10b4,28,1790763826918
5d198d,37,1790848426918
c4e2e0,21,1790762926918
f46137,38,1790762926918
f428e6,48,1790848426918
2739bd,36,1790762926918
55462c,59,1790848426918
e9c188,30,1790762926918
10d6e3,49,1790762926918
32db75,45,1790763826918
c2cfbe,41,1790848426918
ddb93e,23,1790762926918
686e7b,25,1790763826918
07f9f3,43,1790763826918
fee477,49,1790848426918
d9db52,39,1790848426918
fb5f27,59,1790763826918
b489bd,24,1790848426918
65b873,27,1790848426918
35729f,60,1790848426918
9909c8,24,1790763826918
f49909,33,1790763826918
342914,47,1790763826918
4604da,36,1790763826918
d280b5,38,1790762926918
64ca48,32,1790763826918
ed6bbf,58,1790848426918
00a628,47,1790763826918
b1a477,38,1790848426918
eac778,26,1790848426918
9a9d40,45,1790763826918
88344c,42,1790762926918
3cfe5d,31,1790848426918
62fffc,37,1790763826918
1edb39,37,1790762926918
ab17a3,49,1790763826918
e4e2c4,16,1790763826918
665f4b,30,1790762926918
cb7155,37,1790763826918
7e2f80,15,1790762926918
9aedb3,47,1790848426918
5a33c7,25,1790762926918
381427,38,1790848426918
748316,54,1790762926918
aac6d3,28,1790763826918
96da20,16,1790762926918
2a01fd,20,1790762926918
c44913,52,1790762926918
258b19,49,1790763826918
8e3d9e,46,1790763826918
acdbe4,26,1790762926918
42c8a5,44,1790762926918
373580,15,1790762926918
6d5410,47,1790848426918
7b1439,30,1790762926918
63a24d,53,1790848426918
56363f,33,1790762926918
cef3fd,29,1790762926918
3fa794,35,1790762926918
8f30f7,51,1790848426918
6195ac,26,1790848426918
0b10ca,29,1790848426918
52594b,47,1790762926918
25d20c,45,1790848426918
5c4014,57,1790762926918
6daa7b,19,1790762926918
91310b,47,1790762926918
b9b613,32,1790848426918
175f81,51,1790762926918
fb9053,27,1790762926918
bbb8e3,29,1790762926918
31aa88,59,1790848426918
ca36f6,27,1790762926918
8ac5a3,18,1790763826918
6a5bda,56,1790763826918
7879a3,60,1790762926918
f1dedd,19,1790763826918
fd25c6,50,1790763826918
a72048,55,1790763826918
bc3778,29,1790848426918
c632b1,22,1790762926918
aa74ac,30,1790848426918
a4741a,15,1790763826918
66b783,38,1790763826918
a9b995,43,1790848426918
b89b54,31,1790763826918
e34938,59,1790763826918
33efa5,18,1790763826918
e985d0,39,1790762926918
cb804c,37,1790848426918
76df34,44,1790762926918
e9fc19,33,1790762926918
4426be,33,1790763826918
5e3c3d,34,1790763826918
97ca17,38,1790762926918
d93962,42,1790762926918
edfa86,45,1790763826918
5d156d,48,1790848426918
99e817,39,1790762926918
9da849,28,1790848426918
ae3332,31,1790763826918
2f672c,41,1790762926918
d79b5a,51,1790848426918
191172,19,1790848426918
3c3a77,46,1790848426918
f61d8a,17,1790848426918
00ea57,24,1790763826918
46c685,49,1790848426918
781785,15,1790848426918
cb66a8,30,1790762926918
bdf9eb,23,1790848426918
c14dec,26,1790848426918
d0c225,34,1790763826918
9ffc15,42,1790848426918
4c69dc,16,1790848426918
71c271,38,1790848426918
a07be5,30,1790763826918
2af5dc,26,1790848426918
94925b,22,1790763826918
a5e17d,43,1790763826918
58fa99,28,1790763826918
f36e34,29,1790848426918
0dff3e,49,1790762926918
dcb9f6,30,1790763826918
bc015b,55,1790762926918
d5bcc0,58,1790848426918
85e200,50,1790762926918
73be93,21,1790848426918
e93d9f,47,1790848426918
a0e4eb,45,1790848426918
342320,60,1790763826918
cf3617,30,1790848426918
d3a990,17,1790848426918
f0f5f9,60,1790763826918
becc02,47,1790848426918
3af253,29,1790848426918
2fad97,34,1790848426918
91a9db,30,1790848426918
40ed80,23,1790848426918
6d971e,31,1790848426918
557180,43,1790763826918
60d1d2,23,1790762926918
895bf1,27,1790848426918
86282d,22,1790762926918
671e7a,40,1790763826918
2174a7,47,1790762926918
77dc6e,39,1790763826918
35ed9f,38,1790848426918
dba03f,57,1790848426918
e183ed,52,1790763826918
c3b028,24,1790763826918
55b5b8,29,1790763826918
8adb3d,55,1790762926918
0ab2a7,51,1790763826918
c326b7,17,1790763826918
80f9fa,53,1790762926918
f75582,27,1790762926918
b39348,27,1790762926918
6d4d59,22,1790763826918
c326a3,17,1790848426918
8bcbd6,51,1790848426918
e6fd75,55,1790848426918
2c802a,39,1790848426918
0e247f,54,1790763826918
f72e71,41,1790848426918
88a980,53,1790763826918
236672,24,1790848426918
ac306b,49,1790848426918
220cc2,54,1790762926918
d1b119,43,1790762926918
c48e3b,26,1790762926918
923476,45,1790762926918
0198a6,52,1790848426918
2d6c9f,54,1790848426918
1687b6,48,1790762926918
790071,37,1790763826918
66579a,39,1790763826918
b13a0d,54,1790848426918
bb9047,50,1790848426918
1ad8c3,47,1790762926918
c5ce97,28,1790848426918
3e9e43,28,1790848426918
562342,25,1790763826918
a8b524,39,1790848426918
44f7bf,30,1790763826918
3b5e10,42,1790763826918
263831,47,1790762926918
4363f0,23,1790848426918
ee6e38,38,1790762926918
ad4ee1,54,1790763826918
8228ef,24,1790762926918
b60fc0,39,1790763826918
41a0ee,35,1790763826918
5aabf6,36,1790763826918
79c369,37,1790848426918
5fe020,51,1790762926918
0ea759,36,1790762926918
64fec2,34,1790762926918
428721,47,1790762926918
03f7af,23,1790763826918
5b82a0,20,1790763826918
f717fc,36,1790763826918
4765b3,31,1790762926918
9c2c54,18,1790762926918
b23687,57,1790762926918
aa01a1,24,1790848426918
c5acec,26,1790762926918
5edc41,27,1790848426918
1b62bd,15,1790763826918
c3a5ea,38,1790762926918
6540bb,47,1790848426918
a11b81,60,1790763826918
2582b5,42,1790763826918
c07a36,20,1790848426918
12c2dc,30,1790763826918
c696d3,38,1790848426918
db119d,56,1790848426918
0b349b,24,1790762926918
fa8741,20,1790848426918
b61490,31,1790848426918
f3ef08,49,1790763826918
948287,22,1790763826918
92a936,38,1790848426918
5671ac,36,1790762926918
daea3b,15,1790762926918
cc7a5f,49,1790763826918
436e63,58,1790763826918
f4f2d2,46,1790762926918
25e3fc,15,1790763826918
eb5388,35,1790848426918
4fa72f,39,1790763826918
fa3fd8,26,1790762926918
082ec4,28,1790762926918
0d2681,42,1790762926918
7db0ff,50,1790848426918
453e95,39,1790763826918
7281a9,34,1790763826918
353b12,51,1790848426918
7fdb02,41,1790762926918
232219,44,1790848426918
83bf81,24,1790763826918
79852c,54,1790848426918
66d19c,23,1790848426918
0fd1ea,52,1790848426918
9d3a79,57,1790763826918
7e1b4f,52,1790763826918
ba5581,29,1790763826918
25f0a1,49,1790848426918
a074bd,54,1790848426918
981026,20,1790763826918
aea5a1,31,1790848426918
da5302,31,1790763826918
b5bed7,35,1790762926918
e2fbfa,47,1790763826918
e26929,54,1790848426918
32e65a,58,1790848426918
363f0e,26,1790848426918
b549a2,33,1790763826918
bab761,42,1790762926918
6ee080,49,1790762926918
e48af8,49,1790763826918
55bd05,40,1790763826918
489170,16,1790848426918
1fe3df,32,1790762926918
f53419,26,1790848426918
e85ce0,31,1790762926918
db9d38,33,1790763826918
10dfc0,33,1790762926918
349c2a,19,1790762926918
359fe9,49,1790762926918
d55938,22,1790848426918
62a3cc,45,1790848426918
9b47c0,57,1790848426918
12415e,39,1790763826918
91bd9c,34,1790848426918
8869ad,32,1790848426918
1599c0,30,1790848426918
9b7dcc,48,1790848426918
b77e63,56,1790762926918
07c70e,31,1790762926918
c94bed,46,1790848426918
f872fc,27,1790763826918
ae119e,27,1790762926918
effcc0,18,1790848426918
70e897,45,1790762926918
f81ceb,51,1790848426918
a3c656,37,1790762926918
170060,22,1790763826918
f13224,54,1790848426918
d4f1b3,53,1790763826918
25a7f5,37,1790763826918
5104f5,32,1790763826918
a85983,28,1790848426918
c91492,55,1790763826918
d27e70,20,1790763826918
d16efc,23,1790762926918
c6e1e2,44,1790763826918
d4fdac,28,1790762926918
d5f2ba,53,1790848426918
42f7e5,29,1790848426918
dcaa24,16,1790848426918
cf3847,30,1790762926918
3bedf5,18,1790848426918
8616cd,27,1790762926918
141e57,31,1790848426918
c0aa87,19,1790848426918
339d59,45,1790762926918
ec6ecc,37,1790848426918
84be25,48,1790762926918
d64b97,28,1790848426918
6d9212,50,1790762926918
d5a843,35,1790763826918
94dd79,16,1790762926918
169ace,51,1790763826918
5464f0,54,1790762926918
1fd3ad,40,1790762926918
e363e8,24,1790762926918
e2e176,20,1790763826918
f9e1b7,45,1790762926918
10e08f,22,1790848426918
90d1b5,57,1790763826918
3ed34a,55,1790762926918
34c199,47,1790848426918
32cce5,36,1790848426918
4bbd99,34,1790848426918
9f99a5,37,1790848426918
94e3ca,41,1790848426918
005138,38,1790762926918
fe9361,41,1790763826918
c19e37,32,1790762926918
7901d1,26,1790762926918
c58700,36,1790848426918
1a5b2a,26,1790848426918
dd8496,47,1790763826918
7f1b6c,41,1790763826918
94e7c8,20,1790762926918
800503,27,1790848426918
358f7e,32,1790848426918
2a8f64,45,1790762926918
1a9d3a,20,1790762926918
b2f916,47,1790848426918
dff877,44,1790848426918
0084f3,47,1790763826918
4a9c7a,56,1790763826918
514e46,59,1790763826918
2e16ec,15,1790763826918
b611b9,16,1790763826918
a16eee,55,1790763826918
6c6f67,24,1790763826918
84a814,19,1790763826918
5871bb,56,1790763826918
fd633a,38,1790848426918
87ae7d,59,1790762926918
bce3dd,46,1790763826918
c20ba9,35,1790848426918
bef308,19,1790848426918
c4520b,41,1790762926918
736e3d,44,1790762926918
c65497,59,1790762926918
7c7b83,18,1790762926918
a3be17,19,1790763826918
7c2ee9,26,1790762926918
7fa1d1,49,1790762926918
a0a80f,51,1790848426918
b6235e,16,1790762926918
c0f913,47,1790762926918
a76669,58,1790762926918
85ef13,42,1790762926918
6ce972,37,1790763826918
677aa0,50,1790848426918
6d5987,15,1790762926918
f3d57e,50,1790848426918
61bdb1,51,1790848426918
5e7ad7,20,1790848426918
3ceb8b,60,1790763826918
7b3abd,35,1790762926918
c6fcc7,41,1790763826918
8ecdc4,19,1790763826918
ff8d8d,44,1790763826918
b0ce8e,27,1790762926918
9c7317,39,1790763826918
7a44b2,59,1790763826918
576edb,59,1790848426918
fa134b,52,1790763826918
810b14,28,1790848426918
118e25,26,1790763826918
083be3,42,1790763826918
7491b1,49,1790762926918
8e73dd,46,1790762926918
e42066,34,1790848426918
21a476,27,1790763826918
d67c77,43,1790763826918
7502dd,22,1790763826918
2ed07a,49,1790848426918
359e8b,36,1790762926918
ddc8b0,40,1790848426918
319517,59,1790848426918
a4dc3f,41,1790848426918
e040cb,44,1790762926918
884dc8,29,1790848426918
19cd4f,28,1790763826918
de9d73,45,1790763826918
0a182a,31,1790763826918
fc326c,21,1790762926918
57d05c,42,1790763826918
242b9d,15,1790762926918
65eb32,25,1790762926918
7e79bc,43,1790762926918
78203d,28,1790848426918
10a874,44,1790763826918
f82ab8,28,1790848426918
25309c,44,1790762926918
19b777,50,1790763826918
91abe4,60,1790848426918
5ecf11,42,1790762926918
aafa65,50,1790762926918
ecb52e,19,1790848426918
41a0d9,48,1790848426918
b3f25c,49,1790848426918
0dd1d8,41,1790762926918
7a4373,19,1790763826918
9fd3de,33,1790763826918
6ceb1b,60,1790763826918
300469,36,1790763826918
b1da45,50,1790762926918
702557,23,1790763826918
cf0152,41,1790762926918
f638e0,19,1790848426918
0bc243,55,1790763826918
8032a9,28,1790762926918
03f15d,60,1790848426918
a70ae1,16,1790762926918
7a8700,48,1790848426918
2474bc,46,1790763826918
efadb2,48,1790763826918
229f3c,15,1790848426918
4bcd3a,42,1790762926918
b8ae19,56,1790848426918
71fa21,47,1790762926918
354470,32,1790763826918
d129e9,39,1790762926918
aeb51e,55,1790762926918
692427,60,1790762926918
855028,25,1790763826918
252351,29,1790848426918
fd5ea0,52,1790762926918
a20cff,29,1790763826918
0c18bb,41,1790763826918
2e645e,32,1790763826918
4790f7,17,1790762926918
9040e2,24,1790762926918
8118b3,60,1790762926918
9f6ef5,38,1790762926918
1529ed,15,1790763826918
94f278,22,1790848426918
f7900e,17,1790763826918
498d7c,46,1790848426918
7f167e,21,1790848426918
e290e9,40,1790763826918
ca1605,25,1790763826918
c85cec,27,1790848426918
6c2e4a,27,1790762926918
eccf14,60,1790763826918
93f92e,15,1790848426918
f3644a,56,1790763826918
c24cd3,44,1790763826918
03d703,27,1790763826918
acb780,16,1790848426918
8bb07e,21,1790848426918
eed883,45,1790763826918
1e1f27,48,1790762926918
3af693,20,1790762926918
e34191,39,1790762926918
1f3315,43,1790763826918
ba00bf,33,1790763826918
e88ad9,53,1790763826918
edb4a9,38,1790763826918
54e069,21,1790762926918
32c8e0,16,1790848426918
2257e4,16,1790762926918
cb3c75,20,1790763826918
11246f,51,1790762926918
418773,52,1790763826918
befce9,59,1790762926918
0c5cfc,45,1790848426918
31229f,48,1790763826918
9a6e94,45,1790762926918
90187c,54,1790848426918
acacf4,25,1790848426918
4874e3,34,1790763826918
6fd1d9,22,1790763826918
b66dd6,38,1790848426918
fd691d,27,1790763826918
f85c2a,37,1790762926918
4a75fe,27,1790848426918
9145f5,32,1790762926918
5d7080,22,1790762926918
b71be8,32,1790762926918
ad149f,57,1790762926918
bd6d68,32,1790762926918
8b6ef7,18,1790848426918
b862c5,41,1790848426918
ed1c3e,48,1790763826918
6fb8cb,21,1790762926918
315c31,44,1790848426918
fd07a7,50,1790848426918
88e800,51,1790848426918
feaf85,34,1790848426918
a7419f,21,1790763826918
34bf80,20,1790763826918
25c953,57,1790762926918
f39e4a,55,1790762926918
0c8ab5,44,1790763826918
d35f40,40,1790763826918
7b1ab1,37,1790848426918
e4f688,24,1790762926918
5eae40,43,1790762926918
789f72,24,1790763826918
c0f608,53,1790848426918
148474,15,1790848426918
56578e,48,1790848426918
39335d,33,1790848426918
555ac2,56,1790763826918
e05363,52,1790762926918
e70527,58,1790763826918
e33f59,50,1790762926918
6855ff,56,1790762926918
3d3850,21,1790762926918
98f6a6,21,1790763826918
468274,52,1790848426918
0ef0ae,57,1790763826918
69d96b,58,1790763826918
f2274f,21,1790762926918
d93fcb,54,1790762926918
6e9628,51,1790762926918
f1a036,42,1790762926918
583ef6,27,1790762926918
84403a,33,1790848426918
be0fd6,37,1790763826918
ad308b,47,1790763826918
9f2f16,22,1790762926918
c78228,20,1790762926918
290f04,60,1790763826918
2da5d3,50,1790762926918
fced4a,46,1790848426918
e24ee7,51,1790763826918
3f408a,47,1790762926918
4ac64e,20,1790763826918
4bb5e9,30,1790848426918
41581b,23,1790763826918
0e2e13,35,1790763826918
106aac,16,1790848426918
822bf8,20,1790762926918
e3768d,45,1790763826918
a81140,57,1790848426918
cf36dc,32,1790762926918
ec9173,41,1790848426918
52c35d,21,1790762926918
e479e1,31,1790762926918
8e821e,36,1790763826918
31b70e,36,1790763826918
1feb7e,22,1790763826918
d5473e,36,1790762926918
445123,52,1790762926918
d65c54,15,1790762926918
5d5747,40,1790762926918
617a8d,52,1790763826918
5067a6,52,1790848426918
13b048,32,1790763826918
fdef80,19,1790848426918
2e1ca5,27,1790848426918
34332e,27,1790762926918
aec9a1,56,1790848426918
cc9a2e,56,1790848426918
a23e03,32,1790848426918
e23eb5,31,1790762926918
72dd03,34,1790762926918
18d985,37,1790763826918
c45cda,48,1790848426918
87ee31,47,1790763826918
e786ae,56,1790848426918
5afc2b,35,1790762926918
88d4ea,41,1790848426918
c48d39,25,1790762926918
e61650,57,1790763826918
608d95,39,1790848426918
03573f,39,1790848426918
a2adf8,15,1790848426918
50e72d,29,1790762926918
85eabe,15,1790762926918
51ef9e,50,1790762926918
1d4ac0,48,1790762926918
1e5ddd,27,1790762926918
a90888,45,1790762926918
62eec6,59,1790763826918
79245f,49,1790848426918
9bd37f,23,1790762926918
47ec82,41,1790763826918
41e764,54,1790762926918
9de4f5,18,1790763826918
f490d5,37,1790763826918
d92e3d,39,1790762926918
963c99,55,1790848426918
7ebbc1,28,1790763826918
6f8aa7,26,1790848426918
7aab57,44,1790763826918
e990ab,59,1790848426918
c57e8b,19,1790762926918
7a2634,42,1790762926918
f24aa0,42,1790848426918
9cd39e,39,1790848426918
c5b165,40,1790848426918
ef8f9f,59,1790848426918
8f008d,53,1790763826918
c7f1fa,34,1790762926918
e6e283,57,1790848426918
7461dd,58,1790762926918
c2d44b,15,1790763826918
dff08b,35,1790762926918
4898ba,59,1790763826918
794de5,30,1790762926918
04e674,46,1790762926918
a40736,43,1790763826918
f1e470,26,1790763826918
0d351a,52,1790763826918
b44ff4,51,1790848426918
5df4d0,35,1790848426918
55e548,46,1790762926918
fe3953,24,1790762926918
a18808,60,1790848426918
c4c595,27,1790848426918
9dc846,17,1790763826918
79e75b,50,1790763826918
6c8bcc,57,1790848426918
9269e6,52,1790848426918
0eb6fe,30,1790762926918
a4e348,44,1790762926918
b77157,48,1790848426918
71230a,33,1790762926918
e4d544,59,1790763826918
274b09,49,1790762926918
263c1d,51,1790763826918
11d728,36,1790848426918
9269ed,32,1790763826918
7a648f,49,1790848426918
285c4d,35,1790763826918
b52330,37,1790763826918
6e6057,60,1790848426918
994457,45,1790848426918
fb08b1,49,1790848426918
740a08,31,1790848426918
507421,15,1790762926918
6a9564,52,1790848426918
fdf1cf,36,1790848426918
cdc175,59,1790762926918
d58400,22,1790762926918
13d930,35,1790763826918
5c2764,36,1790762926918
d3e12e,47,1790762926918
956a07,38,1790848426918
3e4af9,60,1790848426918
8fd073,51,1790763826918
623685,59,1790848426918
abcad1,34,1790762926918
8821be,23,1790763826918
89d8a3,39,1790762926918
438259,42,1790762926918
20ccc8,57,1790848426918
70341b,35,1790763826918
b54765,54,1790763826918
15affe,54,1790848426918
b7055a,36,1790848426918
be165f,55,1790763826918
bcdcf0,41,1790848426918
c2c2dc,34,1790762926918
7f4eee,17,1790762926918
09e760,48,1790848426918
ff1573,37,1790848426918
049d47,53,1790848426918
a20c85,24,1790848426918
b277a4,50,1790763826918
42bb89,35,1790762926918
db59fc,37,1790763826918
697937,55,1790763826918
3a0c28,42,1790848426918
84fdd9,32,1790848426918
011cc1,19,1790763826918
b5dc2b,44,1790848426918
a65f8e,54,1790848426918
a34bd7,22,1790762926918
b95a25,24,1790762926918
84561b,32,1790763826918
880258,19,1790763826918
ecc232,33,1790763826918
1fbaab,40,1790762926918
5c440d,38,1790763826918
6367dd,39,1790762926918
d27313,45,1790763826918
db793f,22,1790763826918
73a301,41,1790762926918
aa8243,44,1790848426918
ab7e65,40,1790763826918
69e9cd,29,1790762926918
7d7441,26,1790763826918
45d4ad,49,1790763826918
7d057c,18,1790762926918
c9d51a,36,1790848426918
07149a,23,1790848426918
b8a3cd,23,1790762926918
23f641,18,1790848426918
3b2fb3,55,1790848426918
a4b6e3,45,1790848426918
315dc6,43,1790763826918
83e8cc,56,1790848426918
b72a8c,52,1790848426918
675912,47,1790848426918
e740fa,41,1790762926918
0c26cd,24,1790848426918
969509,23,1790763826918
e6553d,42,1790848426918
de757c,42,1790763826918
6eceed,51,1790762926918
c2984b,24,1790848426918
64356a,51,1790763826918
18dc2a,34,1790762926918
bc3ee3,23,1790848426918
0a33ff,50,1790848426918
aa00bf,48,1790763826918
8a25bb,43,1790848426918
733194,28,1790848426918
20a8bf,22,1790848426918
896e90,24,1790762926918
78ac00,48,1790762926918
c5b8a0,32,1790848426918
63b700,39,1790848426918
a8a65d,49,1790848426918
fef953,21,1790762926918
2f669b,38,1790762926918
fa54f4,22,1790763826918
1a3f0b,49,1790848426918
19fe13,55,1790848426918
cdc580,56,1790762926918
e1b290,27,1790763826918
998418,23,1790762926918
7c8328,31,1790762926918
2ef726,51,1790848426918
637514,29,1790762926918
c0c312,19,1790763826918
a2952d,47,1790763826918
a899d3,16,1790848426918
b2d34c,52,1790762926918
9d499d,44,1790763826918
f937a6,21,1790763826918
94f12e,52,1790848426918
718f7d,38,1790848426918
4352aa,23,1790762926918
1e1847,24,1790848426918
831412,28,1790848426918
f8a960,31,1790763826918
ff428f,49,1790848426918
7a6768,35,1790762926918
5e3708,20,1790763826918
dad3be,43,1790763826918
de5ea0,16,1790762926918
60539e,25,1790848426918
46758f,17,1790763826918
1e5e67,50,1790848426918
296b27,26,1790762926918
e58d90,52,1790763826918
6e8f42,25,1790763826918
20527e,24,1790763826918
d9b16f,43,1790848426918
19d757,50,1790763826918
6ebabb,35,1790762926918
c997b3,19,1790763826918
33b5bd,32,1790763826918
8217b8,25,1790763826918
9c3c11,38,1790762926918
886391,54,1790762926918
8b0cbf,32,1790763826918
b540fd,58,1790763826918
cc6cbf,34,1790762926918
e1876b,23,1790762926918
0ae03e,44,1790763826918
b03999,35,1790762926918
f154a2,46,1790763826918
25cac6,47,1790763826918
18a42d,52,1790762926918
d98323,16,1790763826918
a95c17,44,1790848426918
1604b4,32,1790762926918
d63c76,42,1790848426918
fe241d,22,1790763826918
303bc3,39,1790763826918
4e1903,41,1790848426918
b40bc6,46,1790763826918
8ba0ad,60,1790762926918
03db49,40,1790763826918
1f3776,30,1790762926918
06efe3,48,1790848426918
983e33,50,1790763826918
8074b8,28,1790848426918
bcae6a,41,1790762926918
ae72a2,35,1790762926918
7b4fa4,15,1790763826918
044c45,34,1790762926918
57e99f,28,1790762926918
06c023,18,1790848426918
f1a778,54,1790762926918
746cc5,50,1790848426918
97156f,56,1790848426918
88b1e5,32,1790848426918
355121,57,1790762926918
806a11,17,1790848426918
2edaf7,25,1790763826918
e6ecde,15,1790848426918
762791,46,1790762926918
9e4380,47,1790848426918
4ac422,20,1790763826918
239728,22,1790848426918
d8bcf2,46,1790763826918
939e5b,50,1790848426918
9af275,33,1790763826918
3ac1f1,32,1790848426918
afd040,34,1790762926918
6fd73b,43,1790762926918
6d8c23,30,1790762926918
02ad0c,48,1790763826918
5e6313,33,1790848426918
2cbea2,54,1790848426918
33157b,51,1790848426918
0a1fa8,49,1790763826918
2f7b85,50,1790762926918
881467,48,1790763826918
82686e,21,1790762926918
6657f8,50,1790763826918
0975f9,35,1790848426918
6bdf4d,51,1790762926918
a8924a,35,1790848426918
5351f9,15,1790762926918
739d46,36,1790763826918
e0c414,55,1790848426918
bd91ad,15,1790763826918
028956,26,1790763826918
5f8a55,60,1790848426918
0f592f,41,1790848426918
c22a15,56,1790762926918
fe1621,58,1790762926918
cad4e3,29,1790763826918
69950d,23,1790762926918
a364e2,22,1790763826918
5f9e7e,42,1790762926918
729344,44,1790763826918
e81196,51,1790762926918
ebceef,37,1790848426918
30080b,55,1790763826918
1d7e79,25,1790762926918
54902a,17,1790762926918
309b31,25,1790763826918
dc0993,35,1790848426918
51b78e,33,1790763826918
02d582,26,1790763826918
04876f,55,1790763826918
084835,42,1790762926918
ef6457,37,1790763826918
b69fd2,49,1790848426918
df20eb,35,1790762926918
342f13,47,1790848426918
98c7f0,35,1790763826918
ff0f2a,50,1790762926918
6428c4,56,1790848426918
e7f308,54,1790848426918
05bbf3,26,1790848426918
83bf8a,52,1790762926918
23600b,29,1790763826918
f92d7f,31,1790763826918
a6aad2,36,1790848426918
08b582,25,1790763826918
f30837,51,1790762926918
e42e7e,37,1790762926918
7e995e,45,1790763826918
7acec5,44,1790763826918
3d6c1b,43,1790848426918
8a64ac,32,1790762926918
a24961,35,1790762926918
4be93c,15,1790763826918
da7808,46,1790848426918
bdad5d,46,1790762926918
337005,17,1790763826918
047bc7,26,1790848426918
91a226,16,1790763826918
c7569d,20,1790762926918
8d3be7,53,1790848426918
e034fc,48,1790762926918
af3f08,48,1790763826918
7bbd7d,27,1790763826918
9e5a68,24,1790848426918
8f464f,37,1790763826918
230b1d,42,1790763826918
cdf902,57,1790762926918
280cf4,53,1790762926918
3b5512,38,1790762926918
dc288d,16,1790848426918
ff62e7,22,1790763826918
f24d81,52,1790762926918
9f0200,50,1790762926918
d81008,56,1790762926918
8bcdde,30,1790763826918
c7d065,22,1790762926918
cb222d,51,1790848426918
adb65d,46,1790848426918
d4e37b,52,1790848426918
84acee,29,1790762926918
14cf36,36,1790763826918
609035,29,1790762926918
9e8277,31,1790762926918
42416d,57,1790762926918
2b1d0d,39,1790848426918
9d8c56,22,1790848426918
f90a00,41,1790762926918
6ed623,50,1790763826918
facfc4,36,1790762926918
542bde,31,1790762926918
76c62f,56,1790848426918
2a3765,54,1790763826918
a84cac,50,1790763826918
7092e3,36,1790762926918
a28365,27,1790763826918
452d97,28,1790848426918
f45e71,47,1790848426918
affd42,45,1790848426918
dfddbb,39,1790762926918
f0cba0,29,1790763826918
7dff3a,49,1790763826918
306bd6,40,1790762926918
31a388,18,1790848426918
6af760,17,1790848426918
8c0cda,58,1790762926918
8ed58f,37,1790763826918
ee58de,31,1790763826918
d3341e,40,1790762926918
46ab42,38,1790763826918
e68249,31,1790762926918
6110d0,50,1790848426918
29533c,37,1790763826918
baf8cf,28,1790848426918
1d116d,45,1790763826918
507cfb,38,1790763826918
e00de4,20,1790848426918
46c312,22,1790763826918
4e2045,29,1790848426918
42e670,50,1790848426918
9d4b19,28,1790762926918
b09ba3,25,1790848426918
c1b9d1,45,1790762926918
a8f035,50,1790848426918
ebee4b,31,1790763826918
ea5863,33,1790848426918
25ce2c,40,1790848426918
cec851,26,1790763826918
76cabd,51,1790762926918
b9c1c0,37,1790762926918
66576a,50,1790762926918
94019f,41,1790762926918
7ed86c,46,1790762926918
50c826,45,1790762926918
cb58ae,37,1790763826918
a8dea5,19,1790762926918
192022,27,1790762926918
3a9c09,40,1790763826918
300b41,39,1790762926918
6ede82,42,1790848426918
79dfa7,51,1790848426918
f158c4,37,1790762926918
cfb7ac,31,1790763826918
4db3d7,31,1790848426918
3f1c38,29,1790762926918
3611fe,29,1790848426918
9d363f,37,1790848426918
cc99b1,45,1790762926918
b8c11b,37,1790762926918
bae405,59,1790763826918
f1c21b,25,1790762926918
9a2437,59,1790848426918
679e4c,46,1790848426918
812d05,37,1790848426918
f21496,19,1790763826918
a9a797,25,1790762926918
3c5088,17,1790848426918
081cb3,31,1790762926918
d59b4a,21,1790762926918
d9960f,48,1790848426918
31319d,43,1790762926918
65e12e,24,1790762926918
174e9b,45,1790763826918
56728a,39,1790763826918
5f1e74,41,1790763826918
aeeebf,58,1790762926918
f13c6a,19,1790763826918
ed7b38,42,1790762926918
bbd180,49,1790763826918
855b48,52,1790763826918
c6e65c,60,1790763826918
029a49,28,1790848426918
759ccc,45,1790762926918
91d57f,22,1790762926918
3dc977,40,1790763826918
15a0a9,31,1790848426918
7efa16,37,1790848426918
67e7ad,58,1790762926918
22cfc6,47,1790848426918
60aa61,18,1790763826918
a2e23e,38,1790763826918
2db456,38,1790848426918
0bbdc8,18,1790848426918
dc2ced,56,1790763826918
c435f4,46,1790763826918
bb2733,30,1790848426918
5af5b0,54,1790848426918
5ceb83,31,1790763826918
34aca4,60,1790763826918
135567,43,1790763826918
1aa533,40,1790848426918
65a7c3,36,1790762926918
2c1df9,36,1790762926918
5c7522,48,1790763826918
554046,16,1790763826918
07d0bf,33,1790848426918
bdd10b,44,1790762926918
3b3b05,54,1790848426918
5be42b,42,1790848426918
98478b,58,1790762926918
5985d4,28,1790762926918
725fe2,29,1790763826918
309d5a,47,1790762926918
c5bb0e,30,1790848426918
afb842,22,1790848426918
588c65,46,1790763826918
a78fb5,58,1790848426918
14fab8,34,1790763826918
7e3e0f,54,1790763826918
a9343a,25,1790762926918
5a74c2,29,1790763826918
bd93fe,52,1790762926918
fd8109,57,1790848426918
79a4ce,33,1790762926918
1788bb,19,1790762926918
928bb9,42,1790763826918
13b200,18,1790763826918
316cf9,50,1790763826918
35da56,17,1790763826918
990e2b,19,1790763826918
8b2961,52,1790763826918
c7616b,23,1790762926918
6c12f3,43,1790848426918
5fee35,51,1790762926918
117034,41,1790848426918
73cd05,53,1790762926918
9e82e7,50,1790762926918
8753de,38,1790848426918
889717,15,1790763826918
1b0323,16,1790763826918
1eb3bf,22,1790763826918
07edaf,57,1790848426918
4582f2,42,1790762926918
a2ac15,50,1790762926918
6d6765,42,1790848426918
66c9ff,54,1790848426918
43d0f0,36,1790848426918
dfd0c5,16,1790848426918
3680a1,49,1790848426918
11c4fe,52,1790848426918
6aa930,55,1790763826918
525608,53,1790763826918
05b081,41,1790848426918
7d1656,27,1790763826918
d6eace,55,1790763826918
8c99a3,56,1790848426918
55d97f,22,1790848426918
645213,56,1790848426918
ee597f,28,1790763826918
0ca1c4,39,1790848426918
529a59,54,1790763826918
d8eb76,44,1790848426918
784e8c,55,1790762926918
a34291,30,1790762926918
38080c,24,1790848426918
38e31d,30,1790763826918
717be1,48,1790762926918
5b1b03,33,1790763826918
a7f8a8,24,1790763826918
d767aa,21,1790762926918
75e328,58,1790763826918
616171,41,1790763826918
3dba2f,49,1790763826918
ef64fc,17,1790763826918
ae77f3,33,1790763826918
a227d1,31,1790763826918
658a98,44,1790762926918
506f1c,27,1790762926918
6f7f9a,54,1790848426918
8dc57d,50,1790763826918
90d8ff,33,1790762926918
e1685c,18,1790763826918
91d46a,22,1790762926918
ec0bba,36,1790762926918
4e8e9b,31,1790763826918
a17428,38,1790848426918
3f5bd6,50,1790762926918
252ab7,59,1790848426918
3fa547,32,1790848426918
def5fe,18,1790762926918
b1ff82,38,1790848426918
97d73f,22,1790763826918
e0c341,25,1790763826918
e83bfb,48,1790848426918
79246d,53,1790763826918
757b34,36,1790762926918
58d5ba,51,1790762926918
4c5253,28,1790762926918
7de104,52,1790762926918
99f9b4,34,1790762926918
a18bc6,41,1790762926918
786fe3,42,1790848426918
164221,56,1790763826918
55a088,33,1790848426918
0d898a,46,1790848426918
4dc479,20,1790848426918
79fae8,44,1790763826918
2ffbba,19,1790762926918
d23c76,26,1790762926918
15fbd4,41,1790762926918
2cda05,54,1790848426918
07f028,17,1790848426918
830dcd,42,1790762926918
5e69d9,20,1790763826918
067e13,48,1790762926918
fa0cc1,32,1790763826918
890337,33,1790848426918
107f64,48,1790763826918
f73103,27,1790848426918
8c5fb3,59,1790763826918
69a8f9,45,1790848426918
e21b3d,39,1790848426918
15a382,58,1790763826918
02ab5c,55,1790762926918
75b041,32,1790848426918
569473,53,1790763826918
5af25f,26,1790762926918
c27091,35,1790762926918
4592ec,59,1790848426918
14ebc6,59,1790762926918
f8df8c,21,1790762926918
b3b12e,29,1790848426918
e19ee3,21,1790848426918
d6dad8,55,1790762926918
9804c4,23,1790848426918
be0a98,29,1790762926918
d4dc0c,49,1790763826918
47719f,28,1790763826918
db5127,42,1790763826918
cd67b5,46,1790763826918
7d99ac,44,1790848426918
5e6fa8,21,1790848426918
eeacf1,34,1790848426918
ca4093,47,1790762926918
391913,25,1790763826918
781d4a,59,1790763826918
e0ee47,20,1790763826918
de2a10,59,1790762926918
05fad5,42,1790762926918
f99287,29,1790848426918
914b72,42,1790762926918
eb5b7e,27,1790763826918
4521c2,54,1790763826918
91bbbc,54,1790763826918
9a73ab,59,1790762926918
67e2db,25,1790762926918
069368,22,1790762926918
0a520a,57,1790762926918
a78471,56,1790763826918
18908d,50,1790763826918
10b2ff,33,1790848426918
3402d3,38,1790762926918
01692b,21,1790762926918
0b1bc2,52,1790762926918
fc6fb5,31,1790848426918
39a2f9,53,1790848426918
62d9eb,46,1790763826918
d35c55,60,1790762926918
9ef071,44,1790848426918
5215ef,55,1790848426918
a661bf,38,1790763826918
d1ade5,17,1790848426918
db0647,21,1790762926918
02cf5a,34,1790848426918
9afc0c,40,1790848426918
9f08a2,44,1790848426918
841782,35,1790762926918
eebb54,46,1790762926918
3a38fd,54,1790848426918
ab903a,20,1790763826918
692669,34,1790762926918
516307,49,1790762926918
2c4131,28,1790848426918
8e50ee,17,1790762926918
b8dec9,60,1790763826918
7d755d,35,1790762926918
d1f9b5,40,1790762926918
1af70b,60,1790762926918
ffa6a2,41,1790762926918
9fa741,50,1790763826918
5b8c2c,24,1790763826918
23e8ce,49,1790763826918
c3aa2b,42,1790848426918
008ce2,40,1790763826918
2894d8,49,1790848426918
84b6d5,42,1790762926918
ea8d22,28,1790762926918
f7c923,32,1790848426918
551cc3,16,1790762926918
10bf52,53,1790763826918
ab7324,25,1790762926918
f638b2,38,1790763826918
d7f449,56,1790762926918
79ccea,37,1790762926918
0d4fee,54,1790848426918
4d024a,39,1790763826918
ed3812,42,1790762926918
8eae2c,36,1790848426918
e2774c,54,1790763826918
4a0988,34,1790848426918
182e38,47,1790762926918
eb3f6a,30,1790762926918
564c83,40,1790763826918
6db680,21,1790762926918
4ffa78,41,1790848426918
b076f4,54,1790848426918
5b14d5,52,1790763826918
74449e,43,1790848426918
0a0663,44,1790848426918
7498f2,37,1790762926918
d920aa,19,1790762926918
083231,27,1790762926918
fe727e,28,1790848426918
28582e,51,1790763826918
c49662,55,1790848426918
853379,52,1790763826918
651b8c,54,1790763826918
913d14,19,1790763826918
7a9320,27,1790848426918
053a55,28,1790762926918
257f12,51,1790848426918
3762c5,40,1790762926918
1d0d81,20,1790848426918
2aa890,37,1790762926918
f1c4b9,28,1790762926918
6e86a7,24,1790762926918
4f74f1,51,1790848426918
cf785b,17,1790762926918
d710bc,40,1790762926918
f25011,39,1790848426918
2fab25,23,1790762926918
673a4d,38,1790848426918
b79023,43,1790763826918
3a60ef,52,1790848426918
6fcacd,48,1790848426918
c4eab7,35,1790762926918
9d29f7,29,1790762926918
6017fa,47,1790762926918
f2ec65,55,1790762926918
6e2e67,34,1790848426918
390cff,19,1790762926918
a71799,43,1790762926918
dc4fd9,60,1790848426918
91f77b,39,1790763826918
6319df,38,1790763826918
71c8a7,57,1790763826918
fa7e7b,58,1790848426918
bce7b6,43,1790848426918
34f368,18,1790763826918
81af26,57,1790763826918
4045c3,43,1790762926918
f0748d,21,1790848426918
556703,18,1790763826918
dc989c,58,1790762926918
77bf72,22,1790848426918
25cbb9,16,1790762926918
5a9207,30,1790763826918
d4523f,28,1790762926918
6c6f0d,57,1790762926918
9fcf01,38,1790848426918
2691f1,16,1790848426918
185bf7,28,1790762926918
5942be,56,1790848426918
42066a,31,1790848426918
d26137,52,1790762926918
8ac3dc,57,1790848426918
bb4b95,26,1790848426918
7116c7,31,1790848426918
1bfc38,16,1790763826918
e1b372,51,1790763826918
25d1ed,54,1790762926918
45d3ad,30,1790848426918
fd7212,43,1790763826918
fd2f5c,37,1790763826918
841ebf,27,1790762926918
aafb45,46,1790848426918
f2aa6c,25,1790763826918
def6a8,42,1790763826918
287202,49,1790763826918
4ac156,39,1790763826918
84069f,22,1790763826918
6d40a5,41,1790762926918
b67652,45,1790762926918
c8eff9,55,1790848426918
e3343e,15,1790763826918
da9164,51,1790763826918
bd6c78,44,1790763826918
6f73b0,41,1790763826918
87cdc4,39,1790762926918
4cc674,44,1790762926918
d24a66,54,1790848426918
6673ba,24,1790848426918
bfad8d,33,1790762926918
dff2f0,31,1790848426918
051b26,53,1790848426918
fb96cb,31,1790763826918
caa920,42,1790848426918
4bdd74,28,1790762926918
20ed45,34,1790762926918
5c6c19,36,1790848426918
6d8bd9,25,1790762926918
25bcae,24,1790763826918
ef0d42,41,1790763826918
c926b1,15,1790763826918
038e31,19,1790848426918
97e328,25,1790763826918
1d7045,21,1790762926918
5c0f71,36,1790848426918
2dabc3,57,1790763826918
f45f3b,37,1790763826918
46abc8,41,1790762926918
74c4de,29,1790848426918
3545b7,31,1790762926918
5e0eca,46,1790763826918
4db799,55,1790763826918
b70a22,47,1790762926918
b58797,23,1790763826918
74c4c8,32,1790848426918
b9f7d4,33,1790763826918
9d95c5,59,1790762926918
dfb832,58,1790762926918
a6d5bc,34,1790763826918
e6e7bd,43,1790763826918
0605f8,56,1790762926918
ac25b1,32,1790848426918
c367ac,36,1790763826918
004dcb,48,1790762926918
f049dc,53,1790848426918
d65ec4,17,1790763826918
472dcd,57,1790762926918
1067e5,27,1790762926918
42376d,34,1790762926918
39b726,47,1790763826918
bb317b,39,1790848426918
a01cbc,47,1790763826918
b74fea,53,1790762926918
3c8e56,35,1790762926918
f6d828,33,1790763826918
6c5f9c,16,1790848426918
9162fd,16,1790763826918
7ce29c,42,1790762926918
af7da3,33,1790848426918
82b93c,33,1790762926918
b2fd46,57,1790762926918
f2e5b4,19,1790762926918
61d7cc,48,1790762926918
94c5ea,51,1790763826918
f01b36,38,1790762926918
ec69e8,54,1790848426918
bddab3,20,1790848426918
84af7d,33,1790762926918
b517d4,33,1790762926918
d052a4,35,1790762926918
413727,25,1790762926918
eeb627,39,1790848426918
15831b,18,1790848426918
68e764,40,1790762926918
338825,42,1790848426918
599a83,25,1790762926918
878e91,48,1790848426918
3ddb04,59,1790848426918
5bd268,31,1790762926918
4458de,60,1790848426918
f8b8f0,54,1790762926918
952693,15,1790762926918
b1e2d3,31,1790763826918
c25b24,56,1790848426918
772737,35,1790762926918
aa93aa,43,1790848426918
d412e0,43,1790762926918
ab2288,36,1790762926918
489e15,22,1790763826918
46c6b1,52,1790848426918
a3303b,23,1790762926918
561be1,39,1790848426918
96f6d0,46,1790763826918
20381f,21,1790763826918
048b87,37,1790848426918
c2e6ee,29,1790848426918
a1159b,29,1790762926918
c52b66,44,1790762926918
c9094e,27,1790762926918
8a248f,53,1790762926918
56821e,23,1790763826918
3b3aa2,31,1790762926918
34ca6a,22,1790763826918
35cc8b,19,1790763826918
3f3973,22,1790762926918
9c7320,15,1790848426918
e7c209,38,1790762926918
f94c6d,49,1790762926918
7b642f,46,1790762926918
06621d,42,1790848426918
0b04e6,48,1790848426918
5208e8,43,1790763826918
00fb7d,51,1790848426918
3e97f1,31,1790762926918
165c36,57,1790762926918
cd3dfa,58,1790762926918
aaee46,38,1790763826918
c75068,60,1790848426918
78bf99,42,1790848426918
d2e0df,60,1790763826918
f84cfb,60,1790762926918
acc157,35,1790848426918
2d8bfa,19,1790848426918
0c9548,40,1790762926918
599f0f,52,1790762926918
8027f0,56,1790848426918
28e4ad,29,1790763826918
4e8cd0,51,1790763826918
2ac1ac,33,1790762926918
9613c4,47,1790848426918
9eaa67,30,1790763826918
b8de9d,54,1790848426918
7da467,34,1790762926918
9509fd,30,1790763826918
0aa9dd,31,1790848426918
8da9ff,24,1790762926918
d1a8c6,58,1790763826918
9b996c,50,1790763826918
431e95,41,1790848426918
0b0c59,30,1790762926918
97aaea,35,1790848426918
b5f86b,51,1790762926918
0d66cd,25,1790762926918
51ca36,26,1790763826918
9db2a1,26,1790848426918
a303ad,42,1790848426918
17631e,60,1790763826918
dfc684,22,1790762926918
7d2225,27,1790763826918
f7c143,48,1790762926918
82ee80,58,1790762926918
56a539,34,1790848426918
da5132,22,1790763826918
620b58,54,1790763826918
f419b1,36,1790762926918
687974,45,1790848426918
cb95c8,20,1790762926918
bed4ac,48,1790762926918
06d40c,15,1790848426918
a63863,31,1790763826918
b013ab,37,1790848426918
5b58a7,46,1790762926918
731f79,37,1790762926918
b38105,18,1790848426918
aba1e8,28,1790763826918
3fb769,41,1790763826918
5ee1d0,30,1790762926918
145d72,59,1790848426918
93b0ff,21,1790763826918
6e4dfc,38,1790848426918
6f29b5,22,1790848426918
54b03f,58,1790763826918
3ae844,37,1790848426918
e41af5,40,1790848426918
70765b,43,1790762926918
b39085,19,1790763826918
eb23ff,35,1790762926918
9b1902,54,1790762926918
f88f7a,52,1790763826918
61dcdf,56,1790762926918
3936da,57,1790763826918
86b48c,37,1790763826918
b48d21,42,1790762926918
43ecd6,26,1790763826918
2ca72b,26,1790762926918
d01b76,52,1790763826918
e5556c,32,1790762926918
e757f5,51,1790763826918
d5da47,57,1790763826918
d27ad7,55,1790763826918
2f6c09,34,1790848426918
4eeb20,35,1790848426918
eb7b55,24,1790763826918
69aca8,39,1790848426918
8a0acc,29,1790762926918
bbf597,30,1790762926918
54c2cd,30,1790763826918
03e5ed,37,1790763826918
2e7c07,27,1790848426918
095c2e,48,1790762926918
5a3b02,25,1790848426918
9a5daf,41,1790763826918
ed698e,24,1790848426918
74f650,54,1790848426918
5560e3,43,1790848426918
81d99c,60,1790848426918
2d55d0,46,1790848426918
9e74ba,22,1790763826918
f95490,42,1790848426918
8742a7,35,1790763826918
850121,47,1790763826918
316537,32,1790763826918
2ce5ae,28,1790848426918
699348,40,1790762926918
d039ff,15,1790762926918
3efae8,44,1790762926918
0b1835,34,1790762926918
48192d,25,1790848426918
56b715,38,1790848426918
149de8,46,1790762926918
dd5f1f,44,1790763826918
093951,16,1790763826918
eb1e86,16,1790762926918
e6bef8,26,1790763826918
1c9b13,58,1790763826918
b26cbd,57,1790763826918
cf4ab1,19,1790848426918
237d51,47,1790762926918
ecd2b2,27,1790762926918
e5e63a,44,1790763826918
8c588d,60,1790763826918
99ddfb,29,1790848426918
b9a414,51,1790848426918
39ad82,30,1790848426918
921175,26,1790762926918
2f96a9,26,1790848426918
ca88a9,38,1790763826918
1e801b,34,1790762926918
a369a4,27,1790762926918
da9540,31,1790848426918
21fd34,54,1790763826918
635871,53,1790848426918
af7c05,23,1790762926918
eb3788,50,1790848426918
cd2697,29,1790763826918
7d87a2,46,1790848426918
e6570a,47,1790763826918
7794af,53,1790763826918
34c856,28,1790762926918
5a2901,23,1790848426918
b6b7e9,52,1790762926918
a13156,23,1790763826918
51df9a,56,1790848426918
ad6f87,17,1790763826918
7d57ba,55,1790763826918
71d9dc,36,1790848426918
a3b85c,27,1790762926918
647336,20,1790763826918
68f396,30,1790763826918
96bc09,57,1790763826918
3ec295,18,1790762926918
b5732c,29,1790762926918
baa063,23,1790848426918
5ce6d1,15,1790848426918
993585,57,1790848426918
d8e443,20,1790762926918
5aa9e7,45,1790848426918
78bb20,19,1790762926918
e0c066,17,1790848426918
054b9d,51,1790763826918
ec3755,23,1790763826918
ed94bc,45,1790762926918
44538a,16,1790762926918
11db16,50,1790848426918
b0a749,28,1790763826918
ad658d,30,1790762926918
8be7d4,47,1790762926918
458195,30,1790848426918
d7fccf,43,1790848426918
ec4267,30,1790762926918
174848,60,1790763826918
90153f,22,1790762926918
1e7b35,39,1790848426918
bd114e,50,1790848426918
91be1f,40,1790848426918
dcae37,19,1790763826918
5fd647,18,1790763826918
cb106b,25,1790763826918
8400b4,45,1790848426918
07e8f3,27,1790763826918
56147a,55,1790763826918
867198,56,1790762926918
cd7f0f,19,1790848426918
e82750,37,1790763826918
87bf41,43,1790762926918
b5e763,39,1790762926918
65c585,60,1790848426918
e5c33d,40,1790762926918
386116,17,1790848426918
d55931,30,1790848426918
8bc1b5,56,1790763826918
056e98,56,1790762926918
ba1d98,29,1790763826918
3f4ae2,34,1790763826918
bf137e,25,1790848426918
ee5c99,26,1790848426918
eb2f9a,34,1790762926918
7aaad8,41,1790848426918
dc4c1c,40,1790763826918
b58b07,36,1790762926918
8dc006,40,1790763826918
cf3cca,53,1790763826918
b20c6b,26,1790763826918
5bddfe,59,1790763826918
0e5ea4,57,1790763826918
94bc21,20,1790848426918
901cf8,45,1790763826918
e7206e,23,1790763826918
f290b7,35,1790763826918
f333a6,22,1790848426918
035af6,44,1790762926918
aea1dd,33,1790763826918
81c3c3,52,1790762926918
009d9f,48,1790848426918
3bad2d,20,1790762926918
89c5a6,42,1790848426918
b25267,31,1790848426918
2e08b2,60,1790762926918
60654d,49,1790763826918
213d89,42,1790763826918
f7e792,19,1790763826918
81628e,52,1790762926918
4fa451,46,1790848426918
ed5cf9,24,1790848426918
091e44,45,1790763826918
eae39a,37,1790763826918
db0019,37,1790763826918
dbb401,25,1790763826918
1777d3,52,1790848426918
d67bf3,26,1790762926918
8f7cb0,24,1790762926918
414628,52,1790848426918
a2eef7,44,1790762926918
8d0d84,48,1790762926918
e8098d,23,1790762926918
7d5e6b,19,1790762926918
720e1e,23,1790763826918
54a9a4,46,1790848426918
b10cef,35,1790848426918
e7d453,26,1790848426918
7154e6,55,1790762926918
1e92ef,54,1790848426918
2e1d98,27,1790763826918
56804d,43,1790848426918
4bde02,15,1790848426918
652226,22,1790762926918
3708f5,16,1790762926918
08cc0c,53,1790763826918
777610,34,1790848426918
88279e,24,1790848426918
c277cd,41,1790763826918
75e43f,48,1790762926918
6ebaf5,34,1790762926918
84bf22,17,1790848426918
db295c,44,1790762926918
d8c0b5,46,1790848426918
04cdd0,36,1790763826918
f01ed7,30,1790762926918
d21aa2,17,1790763826918
4f6796,48,1790763826918
d25481,30,1790763826918
e33496,50,1790848426918
038906,25,1790762926918
c6f6ae,56,1790848426918
247438,30,1790762926918
96351f,17,1790848426918
a64797,25,1790763826918
e7a803,60,1790763826918
93f7a2,42,1790763826918
8d81f9,36,1790762926918
8f6917,23,1790763826918
a3bca7,37,1790762926918
503751,42,1790848426918
41703a,26,1790848426918
bf612e,17,1790763826918
1ce1e1,52,1790848426918
5ba157,18,1790848426918
f7f006,54,1790762926918
cb00f7,48,1790763826918
7f7eb3,26,1790762926918
9d79b0,17,1790763826918
456bed,54,1790763826918
5b09d6,21,1790762926918
e60c20,49,1790848426918
72ec3f,44,1790848426918
c10d31,16,1790762926918
938c66,34,1790848426918
5fcb87,30,1790762926918
ac745b,57,1790762926918
391f72,37,1790763826918
6ad206,57,1790848426918
f6d0b3,40,1790762926918
9443f5,60,1790763826918
5043f3,58,1790848426918
e65915,31,1790763826918
16f1b2,26,1790848426918
1ecfa9,49,1790762926918
bdafae,33,1790762926918
9e9e2d,26,1790848426918
b13480,60,1790848426918
89077a,21,1790763826918
7bcbe9,42,1790762926918
449114,46,1790762926918
7175dc,16,1790762926918
cdf45b,18,1790848426918
efd3b5,50,1790848426918
e87365,49,1790848426918
668f8f,23,1790762926918
66fb4a,25,1790763826918
68b914,59,1790763826918
b22c2f,41,1790848426918
82323a,41,1790848426918
9de523,52,1790762926918
9bdac7,59,1790763826918
846d32,35,1790848426918
914b7e,30,1790762926918
230d09,25,1790848426918
e0e780,32,1790762926918
8de28e,48,1790762926918
199876,55,1790762926918
5df19b,55,1790763826918
77640c,20,1790848426918
45e928,44,1790763826918
2559e0,56,1790848426918
e2d803,58,1790763826918
416ee4,42,1790762926918
2f5aa2,36,1790762926918
8665fc,19,1790848426918
49a642,29,1790763826918
375a13,27,1790762926918
135468,28,1790848426918
7852ef,24,1790763826918
b4f0fe,45,1790763826918
5ec303,55,1790763826918
f02bfe,22,1790763826918
b04ea0,58,1790762926918
846403,56,1790848426918
669052,41,1790762926918
9744cd,25,1790763826918
b24b2a,25,1790763826918
119964,45,1790763826918
10ca07,32,1790848426918
3cc12f,39,1790762926918
384a4a,35,1790763826918
0cd0bc,53,1790763826918
889744,45,1790763826918
916bea,41,1790848426918
ea110d,46,1790763826918
089a51,19,1790848426918
443477,57,1790762926918
48a394,34,1790762926918
3c7d9f,53,1790762926918
fcffed,25,1790762926918
268c9e,30,1790762926918
01b1b4,15,1790848426918
8e6193,53,1790763826918
ea60b5,31,1790763826918
01c3c1,57,1790762926918
41fa55,32,1790763826918
f827e4,57,1790763826918
2121ea,21,1790763826918
1bc8e6,15,1790763826918
abe632,18,1790762926918
147f71,25,1790762926918
d58f7b,41,1790762926918
71cdff,55,1790848426918
3e2cdc,31,1790762926918
d80fe9,57,1790762926918
819abb,55,1790763826918
72e85c,27,1790762926918
2712cb,31,1790762926918
9339ec,26,1790763826918
663adb,59,1790762926918
a3b3f9,50,1790762926918
6ad75a,44,1790763826918
1d7b61,53,1790848426918
e3fbe0,47,1790763826918
5dc454,58,1790763826918
9ca269,21,1790848426918
111bc1,38,1790763826918
4f0dc6,33,1790763826918
20b268,29,1790848426918
11cc35,48,1790763826918
91e023,17,1790848426918
b4ca84,22,1790763826918
d065b9,27,1790848426918
e04d55,52,1790762926918
7eff62,55,1790763826918
42f244,58,1790762926918
27d4f5,51,1790848426918
c9e7d7,53,1790762926918
6ca49c,35,1790848426918
826db9,42,1790762926918
4cb345,53,1790762926918
c8b094,44,1790762926918
fe5f7e,34,1790763826918
5f56dd,53,1790762926918
f22ae9,28,1790763826918
57afc0,51,1790763826918
d9bbf4,35,1790763826918
3fdf32,16,1790762926918
4f108b,51,1790763826918
e2f5bd,37,1790848426918
9a4848,47,1790763826918
dae386,53,1790762926918
3dcc95,50,1790763826918
b7f1ba,32,1790848426918
badc8d,52,1790762926918
ab4f81,59,1790848426918
3954bb,52,1790763826918
ac2964,16,1790848426918
4a49e4,21,1790762926918
64f5d6,39,1790848426918
d15263,52,1790763826918
7343ce,57,1790763826918
9f3c1e,41,1790763826918
e68e44,56,1790762926918
fec6ef,59,1790848426918
3d1fa5,57,1790763826918
18ec2a,54,1790848426918
9ff49d,37,1790848426918
6a6180,22,1790848426918
b6bab1,41,1790848426918
ba6b78,42,1790762926918
a27ad7,49,1790762926918
2de668,47,1790848426918
80b8f2,34,1790848426918
41ad43,42,1790763826918
b2acea,49,1790762926918
0d85cc,53,1790762926918
0a7ae6,31,1790848426918
0ea405,25,1790762926918
f6e7c9,18,1790848426918
b8e316,27,1790763826918
fb7a75,42,1790762926918
5ddd40,36,1790762926918
2bdea5,20,1790763826918
be3521,56,1790763826918
45f429,33,1790762926918
a4191f,30,1790848426918
fb8b0b,31,1790762926918
f400c6,21,1790848426918
a06efd,35,1790762926918
bf0cfd,53,1790762926918
982c15,27,1790848426918
2e2f6c,21,1790763826918
b2c3d2,51,1790763826918
b65980,28,1790848426918
2824c1,60,1790763826918
37a333,45,1790763826918
bbaf69,21,1790763826918
5d51ca,59,1790763826918
a17ea7,28,1790848426918
5c81f4,31,1790763826918
6986d8,26,1790763826918
6d1428,50,1790762926918
86749b,41,1790763826918
625f61,15,1790763826918
9ed5ef,18,1790762926918
60e9e7,19,1790848426918
b84b7d,58,1790762926918
e22b2a,47,1790762926918
134fe9,28,1790763826918
bf8bad,50,1790762926918
03f403,58,1790848426918
d594e9,59,1790848426918
39a255,19,1790848426918
402eaf,55,1790762926918
771c3a,25,1790848426918
13adba,34,1790762926918
16ed2e,34,1790763826918
fa7b3c,60,1790762926918
a93c54,44,1790763826918
336fde,16,1790763826918
cb596c,53,1790763826918
531234,15,1790762926918
117049,50,1790848426918
96e166,50,1790762926918
935444,29,1790763826918
e5d119,23,1790848426918
e7cb55,58,1790763826918
1d291d,20,1790762926918
3fc481,48,1790848426918
65ccb2,47,1790762926918
ee9cfe,25,1790763826918
859343,37,1790762926918
e16026,58,1790762926918
62d59d,28,1790763826918
2300d6,50,1790762926918
39a534,56,1790763826918
8f9576,47,1790762926918
c31134,59,1790848426918
058583,27,1790762926918
07fafe,32,1790763826918
1b7025,38,1790763826918
e555b1,46,1790762926918
84c594,35,1790763826918
6cb301,53,1790762926918
848d9c,59,1790762926918
0e4d30,19,1790763826918
7823cc,55,1790762926918
21d032,51,1790762926918
7b0d84,49,1790763826918
79e2a7,39,1790848426918
3cef6b,52,1790848426918
cfd9b7,30,1790763826918
cf6f8a,42,1790762926918
f4d1b1,24,1790763826918
fc2417,30,1790848426918
cf699d,30,1790848426918
df08f4,32,1790848426918
66285a,17,1790848426918
f2c083,30,1790848426918
d3eeb3,39,1790762926918
e10c7c,32,1790763826918
9b190d,42,1790762926918
02ef98,51,1790848426918
abaacd,31,1790762926918
d75fa2,35,1790762926918
86afaa,35,1790848426918
f18e5f,45,1790763826918
8ee586,19,1790763826918
978290,19,1790762926918
1bd726,44,1790762926918
b86142,18,1790763826918
d33dd7,50,1790763826918
e0c323,34,1790848426918
11d0e3,31,1790762926918
614104,41,1790848426918
c44690,57,1790762926918
0404cb,44,1790763826918
a0249e,43,1790848426918
225e9a,44,1790762926918
2eb059,49,1790848426918
d826f3,52,1790762926918
4e86f7,36,1790763826918
371cad,26,1790763826918
00b6a9,35,1790763826918
46cd0f,51,1790763826918
ebae2b,22,1790762926918
5bb520,27,1790848426918
003048,25,1790762926918
e8af03,60,1790848426918
06d69e,32,1790762926918
362836,60,1790763826918
8a82bb,31,1790762926918
2293b1,31,1790762926918
c190e6,16,1790763826918
420c17,42,1790762926918
899e60,39,1790763826918
610f7c,15,1790763826918
d7f84e,39,1790848426918
5cd432,28,1790848426918
f7d992,59,1790848426918
ef5d20,30,1790762926918
21d059,47,1790848426918
661c6b,35,1790848426918
57cd6b,35,1790762926918
2e0b8d,22,1790763826918
0a5edb,41,1790848426918
906d45,49,1790848426918
11c4c1,60,1790763826918
7272ca,35,1790763826918
b48b2c,36,1790762926918
a98033,17,1790848426918
a5eaa1,40,1790848426918
86e83e,41,1790762926918
753a4e,35,1790848426918
37691b,36,1790762926918
6452bf,38,1790762926918
361d3a,56,1790848426918
246688,60,1790848426918
7aede0,23,1790763826918
63d1c1,32,1790848426918
41ccfe,37,1790762926918
1158ae,32,1790848426918
3885eb,39,1790763826918
115008,59,1790848426918
7dbd4c,48,1790762926918
acc6be,28,1790762926918
5066ee,26,1790762926918
c2e056,46,1790848426918
d70afb,59,1790762926918
98fe21,47,1790763826918
4fb462,15,1790763826918
98f537,40,1790763826918
48a535,58,1790762926918
f0553a,34,1790762926918
c203fa,52,1790763826918
fd93c3,22,1790763826918
00b0d9,24,1790762926918
749ece,26,1790848426918
83bb35,29,1790763826918
0e81fc,54,1790762926918
f7fa92,20,1790762926918
bf30d0,27,1790762926918
ec45d6,15,1790848426918
5a10e7,20,1790763826918
22a557,30,1790762926918
8a8764,34,1790848426918
db56c8,55,1790762926918
2de0fb,23,1790763826918
5775fa,30,1790848426918
50615a,17,1790848426918
7a6f46,19,1790848426918
7803bd,28,1790848426918
bccac3,21,1790763826918
60a1a6,58,1790762926918
0da9c4,24,1790763826918
e62491,42,1790762926918
c6604b,29,1790763826918
bd7de2,57,1790762926918
77ca25,31,1790848426918
14a326,18,1790848426918
12f5e7,41,1790763826918
0dd013,31,1790763826918
a37683,59,1790762926918
c70c77,17,1790848426918
927244,32,1790762926918
aa3794,22,1790848426918
5d715f,51,1790763826918
4b6609,23,1790848426918
9eb39c,54,1790763826918
92ad93,60,1790848426918
1c1168,38,1790763826918
8aa0fe,18,1790762926918
5f9fb8,49,1790763826918
4423ae,39,1790762926918
3dab50,38,1790848426918
42f064,16,1790763826918
5093f2,44,1790762926918
be10d8,57,1790762926918
4093cd,56,1790763826918
94b241,58,1790848426918
6224a1,34,1790763826918
cbf1c4,52,1790763826918
260158,24,1790848426918
060bfa,31,1790848426918
e7d027,41,1790763826918
4ac08a,23,1790763826918
e97fdb,56,1790848426918
aef71e,32,1790848426918
074667,40,1790848426918
f48cea,17,1790763826918
dc81f5,43,1790848426918
7f8307,29,1790762926918
7d1beb,49,1790763826918
b166f2,56,1790848426918
c08484,30,1790848426918
90dfd7,34,1790848426918
e969da,18,1790848426918
09fa22,47,1790763826918
af8729,32,1790762926918
c0d0fa,21,1790762926918
103335,28,1790848426918
f5e096,19,1790762926918
7acb57,51,1790848426918
d82c4c,44,1790848426918
bd0b33,39,1790762926918
938550,44,1790763826918
db0689,16,1790763826918
5fed8e,31,1790848426918
072435,26,1790762926918
8aa940,32,1790848426918
7df397,28,1790763826918
3fa9c4,40,1790763826918
3297cf,31,1790763826918
55079e,56,1790848426918
e2080b,18,1790763826918
711cf8,24,1790848426918
3d7844,37,1790763826918
35d1ca,37,1790848426918
781799,31,1790763826918
2973b8,60,1790848426918
39f7bf,53,1790762926918
df7d1d,19,1790848426918
a6b8b8,31,1790848426918
2769df,56,1790762926918
39460e,44,1790848426918
6e7fbe,29,1790762926918
57bd31,52,1790848426918
d4d57c,60,1790762926918
97dd97,24,1790848426918
5e55c4,58,1790762926918
48381d,38,1790763826918
ec50dc,42,1790848426918
b1bb2a,16,1790848426918
7222eb,36,1790763826918
9b00dd,29,1790762926918
0dbcd2,46,1790848426918
026818,51,1790848426918
b16ef4,50,1790762926918
0cc937,37,1790762926918
b94b35,45,1790848426918
fe8b55,19,1790763826918
db6832,42,1790763826918
b9595f,19,1790762926918
8fae6c,52,1790763826918
1d834f,31,1790763826918
197f24,20,1790848426918
4d9750,15,1790848426918
5b43c1,18,1790763826918
144acb,49,1790762926918
d3443c,59,1790763826918
6bc5b7,30,1790763826918
d37529,54,1790848426918
551165,33,1790763826918
2948e6,25,1790848426918
21ba48,55,1790763826918
e0e968,33,1790762926918
67d04a,54,1790762926918
f1089a,31,1790763826918
a2d5e8,41,1790763826918
6d17af,50,1790848426918
1fd2a9,33,1790762926918
b6c375,17,1790762926918
f4acea,59,1790762926918
24cf07,27,1790848426918
79765a,20,1790762926918
405572,52,1790848426918
0d6c77,25,1790848426918
e6a40a,32,1790763826918
92f75b,28,1790848426918
f2963b,37,1790763826918
14ae26,31,1790763826918
96a5ce,22,1790848426918
b74792,27,1790848426918
40e9aa,52,1790848426918
f4a261,56,1790762926918
d56652,27,1790763826918
6549e9,40,1790762926918
89c7af,60,1790848426918
c5d1ae,44,1790848426918
3aba88,40,1790762926918
d1f57f,37,1790762926918
677369,25,1790848426918
9db795,39,1790848426918
78be10,49,1790762926918
e920f7,47,1790763826918
4b64a8,27,1790848426918
2ea9f1,18,1790763826918
d009cc,17,1790848426918
750eb4,32,1790763826918
e0cd41,39,1790848426918
e21ea8,48,1790763826918
b0ae8f,51,1790762926918
c349eb,28,1790848426918
e18a7c,25,1790848426918
64dc6d,35,1790763826918
7955d9,31,1790763826918
a0d455,31,1790762926918
50f7de,37,1790763826918
0dc690,21,1790848426918
f49d1f,46,1790762926918
da581e,55,1790762926918
18a935,56,1790848426918
9f0321,35,1790762926918
286699,56,1790763826918
868219,46,1790848426918
843d7d,43,1790763826918
00cdd2,28,1790848426918
e05b8d,23,1790848426918
839bec,52,1790762926918
aa0cf3,20,1790762926918
8f4d14,51,1790762926918
aa978a,47,1790848426918
e7c5f8,30,1790763826918
015374,48,1790762926918
85dfb3,28,1790762926918
b4ebe5,49,1790848426918
d47132,37,1790763826918
3129f6,25,1790762926918
d80d3a,16,1790762926918
c4974a,24,1790848426918
738b55,20,1790762926918
7bee9a,46,1790848426918
3eb565,19,1790762926918
b03a20,20,1790763826918
371437,36,1790848426918
73ba60,27,1790848426918
176a6f,25,1790848426918
74e373,29,1790762926918
930733,35,1790762926918
a27b36,23,1790763826918
0dabc4,55,1790848426918
23517c,28,1790848426918
e5104a,36,1790848426918
b1f457,19,1790762926918
4f9531,38,1790762926918
f56ac5,39,1790762926918
39f505,47,1790762926918
a72646,43,1790848426918
4111be,43,1790763826918
9525ed,57,1790762926918
c83f0f,31,1790763826918
e910ef,27,1790762926918
070f74,57,1790763826918
cee02e,27,1790762926918
19630b,16,1790763826918
cb9292,18,1790762926918
f7c320,42,1790848426918
997931,50,1790848426918
5c1c17,37,1790763826918
b16539,25,1790762926918
b33303,44,1790763826918
3d5490,42,1790848426918
24e83d,37,1790762926918
186ed0,32,1790762926918
e75cc6,26,1790848426918
bdfdfa,43,1790848426918
9e5a98,33,1790848426918
a469c3,53,1790762926918
50a9d2,30,1790763826918
be4d36,21,1790762926918
e58609,39,1790763826918
fe4c42,41,1790763826918
c9f469,46,1790763826918
871d45,55,1790762926918
11cde8,53,1790848426918
c731bc,45,1790762926918
0b8b46,55,1790763826918
bd4cab,38,1790848426918
c7798c,17,1790762926918
7fe15f,27,1790763826918
f25e4d,27,1790762926918
9e3fc0,53,1790763826918
c99ee0,20,1790762926918
ff043b,31,1790848426918
958348,54,1790763826918
399e0b,52,1790762926918
2569f3,46,1790763826918
e9054a,32,1790762926918
75721a,20,1790763826918
1843ac,59,1790763826918
112339,37,1790848426918
210abd,18,1790762926918
e87a43,57,1790848426918
13f9ee,59,1790763826918
3e5650,47,1790762926918
8c0d46,38,1790763826918
eb3436,18,1790848426918
cc5f20,52,1790848426918
847a5c,35,1790848426918
31452c,38,1790763826918
653e51,46,1790763826918
d5e3aa,49,1790848426918
3c544d,18,1790762926918
543466,30,1790763826918
6ac945,54,1790763826918
1a2308,43,1790848426918
7b5d92,33,1790762926918
334dc8,29,1790763826918
7e4318,55,1790848426918
fc4d68,49,1790763826918
50664c,58,1790762926918
66c307,59,1790848426918
36f2af,38,1790762926918
185d9a,30,1790763826918
ae3c29,52,1790848426918
e84c80,23,1790763826918
d39491,51,1790762926918
e8de7b,28,1790763826918
3e95a4,18,1790848426918
0cffa6,50,1790763826918
0db80a,58,1790762926918
5c6827,45,1790762926918
fc0952,31,1790848426918
ef9161,29,1790848426918
b1c723,44,1790762926918
7289a3,47,1790848426918
363de6,60,1790848426918
11b38a,51,1790848426918
48ef52,43,1790763826918
156fad,55,1790762926918
89fac7,47,1790848426918
3c8f49,16,1790762926918
017e54,28,1790848426918
a78168,36,1790848426918
54bcb3,43,1790848426918
1213fe,50,1790848426918
88256a,57,1790763826918
6842fc,54,1790762926918
dbb18f,39,1790762926918
840b76,48,1790762926918
ca804f,27,1790848426918
a0d0cb,24,1790763826918
fc9a65,52,1790848426918
5f59dc,42,1790848426918
48b355,23,1790848426918
c6cc34,39,1790762926918
a1661e,20,1790848426918
66d715,53,1790762926918
bdc240,17,1790762926918
883ebe,43,1790763826918
fc6a17,52,1790848426918
72c22b,50,1790762926918
a4bd7d,32,1790762926918
ba65c5,52,1790762926918
9698bc,21,1790848426918
bcee14,31,1790848426918
51f291,57,1790763826918
17bd15,44,1790848426918
4b4bd2,18,1790763826918
8a662f,21,1790848426918
b42f2d,35,1790763826918
4e1b88,22,1790762926918
4f6477,35,1790848426918
62c57a,42,1790763826918
08f77e,55,1790762926918
23df2c,28,1790762926918
f749b9,55,1790848426918
48e4eb,25,1790848426918
116bda,58,1790848426918
c40b1c,16,1790763826918
c41965,58,1790848426918
9e65dd,60,1790848426918
c5e653,29,1790762926918
414cb0,34,1790762926918
2dcf86,48,1790848426918
10e662,29,1790848426918
2b3b07,21,1790848426918
94aab7,23,1790763826918
df59cf,18,1790763826918
4027e1,55,1790848426918
401a8a,20,1790848426918
102477,28,1790763826918
9c7c23,48,1790763826918
75f656,26,1790762926918
41d179,31,1790763826918
12e6b3,17,1790762926918
49a38e,39,1790762926918
e0f923,26,1790848426918
c27d6a,56,1790762926918
4604d3,18,1790763826918
b26bc1,60,1790848426918
2dc474,54,1790848426918
c460a4,45,1790763826918
502eeb,39,1790762926918
fe0af6,17,1790762926918
7e18e2,38,1790848426918
b0e717,43,1790763826918
ad450d,57,1790763826918
d0b619,18,1790848426918
4b996e,40,1790763826918
9dc727,35,1790763826918
6eb9bd,22,1790763826918
758363,58,1790848426918
18dd5e,58,1790763826918
c42ced,55,1790763826918
ac7d40,15,1790848426918
97a915,15,1790762926918
974639,37,1790762926918
8236de,46,1790762926918
544983,20,1790848426918
95b3ab,24,1790762926918
d9f906,56,1790848426918
a95743,47,1790763826918
5148a3,28,1790762926918
618a21,18,1790763826918
29b642,58,1790762926918
673849,29,1790762926918
e5d4ec,32,1790762926918
32f6c7,54,1790848426918
4aa386,52,1790763826918
df9f45,58,1790762926918
6e1497,60,1790848426918
29b38e,47,1790763826918
e86122,33,1790763826918
60bd9f,44,1790848426918
569d53,22,1790848426918
772859,58,1790848426918
582d2c,59,1790848426918
5bb703,51,1790762926918
e00cc2,46,1790848426918
01d5f1,19,1790848426918
afa2a2,20,1790848426918
bd699f,19,1790763826918
e93cd3,46,1790763826918
3bb8c5,24,1790848426918
60c080,31,1790762926918
ceafd0,57,1790762926918
d36dfb,52,1790762926918
e8aa04,30,1790763826918
9ee195,32,1790848426918
76bb4d,43,1790762926918
c61c5b,58,1790763826918
efd9a8,31,1790762926918
f4fe2f,56,1790763826918
ff2aa4,53,1790762926918
944638,21,1790762926918
23e905,15,1790763826918
6e028f,22,1790762926918
16e2e7,59,1790763826918
829ecc,37,1790762926918
08f5c0,40,1790848426918
868c84,45,1790763826918
34ab0e,42,1790762926918
35f721,29,1790848426918
36951f,58,1790762926918
18215a,54,1790848426918
35678a,60,1790848426918
b3f395,25,1790848426918
4f102c,43,1790848426918
db970d,34,1790848426918
5aceb0,36,1790762926918
5eb473,24,1790763826918
583ab3,33,1790763826918
e55e09,25,1790848426918
46d92e,40,1790848426918
c09df0,43,1790762926918
44fab7,19,1790848426918
ec99b4,24,1790762926918
1a4db1,26,1790848426918
37f5f9,56,1790763826918
c169fd,33,1790848426918
b4a799,16,1790762926918
547726,53,1790848426918
51725c,60,1790762926918
7d29af,15,1790763826918
ce600f,19,1790848426918
6caafb,23,1790848426918
3d4cba,52,1790848426918
522054,53,1790762926918
398dba,16,1790763826918
b0a845,51,1790763826918
891520,22,1790762926918
f7c1d5,41,1790762926918
57a5b5,37,1790763826918
e1c33d,39,1790762926918
f9d2cb,17,1790763826918
994d8c,46,1790848426918
7073e5,34,1790762926918
68d918,49,1790763826918
5f23b7,22,1790848426918
b14e11,48,1790848426918
20eedb,31,1790763826918
199f1f,53,1790762926918
993993,55,1790848426918
2af14d,38,1790848426918
1b0444,60,1790762926918
d24d03,35,1790848426918
cbb799,51,1790848426918
6ba079,39,1790763826918
7c4914,23,1790848426918
dc6234,31,1790848426918
044a41,45,1790848426918
bd78c7,38,1790848426918
9e9773,24,1790848426918
e2edc9,21,1790762926918
a277de,16,1790762926918
1a2047,38,1790848426918
bfd7fb,30,1790762926918
3afd45,51,1790762926918
558216,41,1790762926918
e38b15,56,1790848426918
93ebe7,49,1790762926918
81281d,29,1790762926918
5de152,28,1790848426918
f6b65d,34,1790763826918
5c1639,24,1790762926918
41fcef,30,1790763826918
81a041,44,1790762926918
4fbe13,26,1790763826918
2f681f,23,1790762926918
d20e18,19,1790762926918
058f0e,36,1790762926918
c7180b,36,1790763826918
f74cf0,57,1790762926918
25bab9,46,1790848426918
86e03d,16,1790848426918
ffab41,40,1790762926918
7c32d9,56,1790763826918
3e7b5b,36,1790763826918
3f7c16,38,1790848426918
e66e97,53,1790762926918
51aeb0,60,1790763826918
008884,54,1790848426918
6dc7e5,35,1790763826918
3564c7,48,1790762926918
17f220,40,1790848426918
e9a7b0,25,1790763826918
d166ab,37,1790848426918
bf1165,27,1790763826918
034670,57,1790848426918
bf84f6,35,1790848426918
a16beb,48,1790763826918
4c4ba5,23,1790848426918
7a7152,26,1790848426918
44c9ae,60,1790763826918
b554aa,28,1790848426918
761dcd,45,1790762926918
9bd931,31,1790763826918
a6cfe8,24,1790762926918
8ef027,58,1790762926918
240564,20,1790763826918
e12983,53,1790762926918
18d3bf,45,1790763826918
25c5af,26,1790848426918
adee9d,37,1790848426918
2d3ff6,15,1790848426918
a45668,51,1790763826918
09793c,50,1790848426918
b97c1b,56,1790763826918
9bd6ae,18,1790848426918
695524,52,1790762926918
10f0f6,39,1790762926918
bc3351,50,1790762926918
cbfdb8,53,1790848426918
9a40b5,29,1790848426918
51baed,20,1790762926918
317b4e,58,1790848426918
20ee4d,50,1790763826918
15f460,55,1790762926918
989543,32,1790763826918
48f735,24,1790763826918
3d61e7,15,1790763826918
208370,48,1790762926918
7c1853,47,1790763826918
295348,57,1790763826918
ed2389,20,1790763826918
1503e0,15,1790848426918
d35e81,53,1790848426918
a9870a,16,1790762926918
54b324,58,1790848426918
610cc2,30,1790762926918
df2a0d,56,1790763826918
580f18,27,1790762926918
adfa5e,59,1790763826918
4a8c4d,19,1790762926918
d06e25,25,1790848426918
c970a4,43,1790762926918
0600ff,23,1790763826918
f13b93,37,1790848426918
f05516,43,1790848426918
dbd773,24,1790763826918
93224c,46,1790848426918
0e179d,29,1790763826918
f45dae,22,1790762926918
2bdf0c,39,1790763826918
398336,59,1790763826918
7e430f,24,1790848426918
9dc0e7,49,1790763826918
0c43ab,47,1790848426918
a90b91,46,1790762926918
7d6e9c,37,1790848426918
a702cc,40,1790763826918
8a58aa,23,1790763826918
f34f2b,38,1790762926918
41163c,49,1790762926918
5ca8c6,15,1790848426918
2a32e1,21,1790763826918
3d7004,40,1790848426918
a04c16,40,1790762926918
268df1,50,1790763826918
578692,28,1790763826918
d9a881,24,1790762926918
09fc9d,53,1790763826918
eb709d,52,1790763826918
f78b1e,30,1790762926918
58a3ce,33,1790762926918
d1bbba,57,1790762926918
88e2be,32,1790762926918
093c45,49,1790763826918
14231c,38,1790762926918
eaf9c4,15,1790763826918
95b2c8,56,1790848426918
a8e867,34,1790763826918
1e0811,41,1790763826918
89aef9,28,1790848426918
f3304d,21,1790848426918
63ed07,29,1790762926918
848e69,51,1790848426918
69ae52,54,1790763826918
8e78e0,24,1790762926918
86d5ed,55,1790762926918
27aecb,27,1790763826918
216d9c,18,1790848426918
33ab7e,37,1790762926918
a8d934,52,1790762926918
f51777,50,1790762926918
9a7816,25,1790762926918
ac8aa4,42,1790848426918
2abdb9,24,1790762926918
0af865,21,1790763826918
a1b2bb,43,1790762926918
5071f5,27,1790762926918
f78f9d,47,1790848426918
75e683,16,1790763826918
f61485,51,1790763826918
0fa827,54,1790762926918
18669c,38,1790762926918
a62ee8,58,1790762926918
f069b8,60,1790763826918
27a357,16,1790848426918
ac3acf,45,1790763826918
a03377,42,1790762926918
f228f2,23,1790762926918
093a42,43,1790763826918
8ee704,25,1790848426918
6e7cff,57,1790763826918
a46667,17,1790763826918
94b990,28,1790848426918
14ea4b,19,1790762926918
3c3620,23,1790763826918
146575,23,1790762926918
321590,48,1790762926918
a5360e,15,1790762926918
571ddc,42,1790763826918
2af6ba,42,1790763826918
15a4d9,50,1790848426918
e23d88,58,1790848426918
21d7ef,42,1790848426918
5fa11d,30,1790763826918
b17ec7,57,1790848426918
716825,20,1790848426918
aeaab9,28,1790762926918
a27cbf,29,1790848426918
a11537,23,1790763826918
6898d1,51,1790762926918
50236d,29,1790848426918
30c3de,29,1790762926918
6679dd,42,1790762926918
3707a8,28,1790763826918
5fb467,49,1790763826918
cbb6f5,35,1790762926918
6b57d0,48,1790848426918
3801e5,25,1790763826918
da218b,45,1790763826918
361f3f,40,1790848426918
b0c9c1,41,1790848426918
6b9ceb,30,1790762926918
4b6fe4,56,1790763826918
b1d943,33,1790762926918
23d85b,17,1790763826918
9914d8,37,1790762926918
752399,18,1790763826918
c459c1,36,1790762926918
8d686d,54,1790763826918
44dd43,16,1790763826918
b60f7b,37,1790848426918
44f4ac,44,1790848426918
15b26f,40,1790848426918
6d25ad,25,1790762926918
454c0e,48,1790762926918
6055da,18,1790848426918
a948fe,42,1790763826918
4689da,57,1790762926918
115242,16,1790848426918
859111,59,1790762926918
8a91fd,21,1790763826918
831992,38,1790848426918
0d5b35,51,1790848426918
4dcd53,44,1790762926918
7a6894,22,1790763826918
c8c95e,33,1790848426918
0b7563,32,1790762926918
3afe37,22,1790763826918
08eec9,52,1790762926918
1d2078,53,1790848426918
acbb62,47,1790762926918
d3ede0,45,1790848426918
e08e3d,37,1790762926918
3ffd87,51,1790762926918
387269,49,1790848426918
7c29b9,30,1790763826918
fc87d9,57,1790762926918
7db947,51,1790762926918
0b0b71,29,1790762926918
d71fce,39,1790763826918
f2a79e,41,1790762926918
741097,35,1790848426918
402f6c,55,1790762926918
505cd8,31,1790763826918
d44000,39,1790762926918
fea6af,16,1790848426918
03dd7f,31,1790848426918
43f7c8,22,1790763826918
1c5b9d,58,1790762926918
3c552e,35,1790848426918
7ecacf,23,1790848426918
a7bb71,55,1790762926918
94cf1d,36,1790762926918
3bc354,59,1790848426918
42fad8,45,1790763826918
b2ea52,27,1790762926918
6adc12,39,1790763826918
b1b309,58,1790848426918
24e5eb,20,1790762926918
16a1d5,19,1790763826918
37d458,30,1790762926918
44d210,24,1790762926918
c72f0c,26,1790763826918
